<?xml version="1.0" encoding="UTF-8"?>
<!-- Foundation -->
<window type="dialog" id="1129">
 <defaultcontrol always="true">9001</defaultcontrol>
    <controls>
                <control type="grouplist" id="9001">
                <height>560</height>
                <left>598</left>
                <top>296</top>
                <onleft>SetFocus(9305)</onleft>
                <onleft>Close</onleft>
                <onright>SetFocus(9305)</onright>
                <onright>Close</onright>
                <itemgap>0</itemgap>
                <scrolltime>0</scrolltime>
                <control type="button" id="3121">
                    <width>413</width>
                    <include>DefContextButtonGradient</include>
                    <label>בחר תצוגה 1</label>
                    <align>left</align>
                    <onclick>Container.SetViewMode(54)</onclick>
                    <onclick>Close</onclick>
                   
                </control>
                <control type="button" id="3123">
                    <width>413</width>
                    <include>DefContextButtonGradient</include>
                    <label>בחר תצוגה 2</label>
                    <align>left</align>
                    <onclick>Container.SetViewMode(511)</onclick>
                    <onclick>Close</onclick>
                   
                </control>
 
            </control>
    </controls>
</window>
