<?xml version="1.0" encoding="UTF-8"?>
<window type="dialog" id="6004">
	<defaultcontrol always="true">1256</defaultcontrol>
	<animation type="WindowOpen">
	<effect type="fade" start="500"/>
	<effect type="slide" start="0,0" end="0,1000" time="550" tween="sine" easing="inout"/>
	</animation>
	<animation type="WindowClose">
	<effect type="slide" start="0,1000" end="0,0" time="550" tween="sine" easing="inout"/>
	</animation>
	<controls>



<control type="group">
<posy>-1000</posy>
<control type="group">
<control type="image">
<posx>0</posx>
<posy>0</posy>
<width>1920</width>
<height>39</height>
<texture diffuse="special://skin/extras/glass.jpg" colordiffuse="gray">colors/white.png</texture>
</control>
<control type="image">
<posx>0</posx>
<posy>421</posy>
<width>1920</width>
<height>30</height>
<texture diffuse="special://skin/extras/glass.jpg" colordiffuse="gray">colors/white.png</texture>
</control>

<control type="image">
<posx>0</posx>
<posy>39</posy>
<width>28</width>
<height>380</height>
<texture diffuse="special://skin/extras/glass.jpg" colordiffuse="gray">colors/white.png</texture>
</control>
<control type="image">
<posx>1890</posx>
<posy>39</posy>
<width>30</width>
<height>380</height>
<texture diffuse="special://skin/extras/glass.jpg" colordiffuse="gray">colors/white.png</texture>
</control>
<control type="label">
<posx>0</posx>
<posy>420</posy>
<width>1920</width>
<height>35</height>
<align>center</align>
<textcolor>black</textcolor>
<shadowcolor>gray</shadowcolor>
<font>SmallStrong</font>
<label>$LOCALIZE[21001]</label>
</control>
<control type="label">
<posx>-948</posx>
<posy>210</posy>
<width>1920</width>
<height>35</height>
<align>center</align>
<textcolor>black</textcolor>
<shadowcolor>gray</shadowcolor>
<font>SmallStrong</font>
<angle>90</angle>
<label>$LOCALIZE[21001]</label>
</control>
<control type="label">
<posx>945</posx>
<posy>210</posy>
<width>1920</width>
<height>35</height>
<align>center</align>
<textcolor>black</textcolor>
<shadowcolor>gray</shadowcolor>
<font>SmallStrong</font>
<angle>90</angle>
<label>$LOCALIZE[21001]</label>
</control>
</control>

<control type="group">
<posx>30</posx>
<control type="group">
<include content="mediacenterproject">
<param name="mediacenterid" value="500"/>
<param name="buttonid" value="21"/>
<param name="sortby" value="dateadded"/>
<param name="sortorder" value="descending"/>
<param name="mediacentercontent" value="plugin://plugin.video.My.Music/?cat_level=%20&amp;count=0&amp;description=%20Music%20in%20categories%2024-7%20&amp;fanart=https%3a%2f%2fi.ytimg.com%2fvi%2fW7c9SfSdXRA%2fmaxresdefault.jpg&amp;iconimage=https%3a%2f%2fpbs.twimg.com%2fprofile_images%2f974265887384657921%2futXy1ElP_400x400.jpg&amp;index_depth=0&amp;lang=eng&amp;mode=5&amp;name=newmusic&amp;page&amp;selected_list=%20&amp;url=newmusic&quot"/>
</include>
</control>

<control type="group">
<posx>372</posx>
<include content="mediacenterproject">
<param name="mediacenterid" value="501"/>
<param name="buttonid" value="22"/>
<param name="sortby" value="dateadded"/>
<param name="sortorder" value="descending"/>	
<param name="mediacentercontent" value="plugin://plugin.video.My.Music/?cat_level=%20&amp;count=0&amp;description=%20Music%20in%20categories%2024-7%20&amp;fanart=https%3a%2f%2fi.ytimg.com%2fvi%2fW7c9SfSdXRA%2fmaxresdefault.jpg&amp;iconimage=https%3a%2f%2fpbs.twimg.com%2fprofile_images%2f974265887384657921%2futXy1ElP_400x400.jpg&amp;index_depth=0&amp;lang=eng&amp;mode=5&amp;name=radiomizrahi&amp;page&amp;selected_list=%20&amp;url=radiomizrahi&quot"/>
</include>
</control>

<control type="group">
<posx>744</posx>
<include content="mediacenterproject">
<param name="mediacenterid" value="502"/>
<param name="buttonid" value="23"/>
<param name="sortby" value="dateadded"/>
<param name="sortorder" value="descending"/>	
<param name="mediacentercontent" value="plugin://plugin.video.My.Music/?cat_level=%20&amp;count=0&amp;description=%20&amp;fanart&amp;iconimage&amp;index_depth=0&amp;lang=eng&amp;mode=5&amp;name=houseradio&amp;page&amp;selected_list=%20&amp;url=houseradio&quot"/>
</include>
</control>

<control type="group">
<posx>1116</posx>
<include content="mediacenterproject">
<param name="mediacenterid" value="503"/>
<param name="buttonid" value="24"/>
<param name="sortby" value="dateadded"/>
<param name="sortorder" value="descending"/>	
<param name="mediacentercontent" value="plugin://plugin.video.My.Music/?cat_level=%20&amp;count=0&amp;description=%20Music%20in%20categories%2024-7%20&amp;fanart=https%3a%2f%2fi.ytimg.com%2fvi%2fW7c9SfSdXRA%2fmaxresdefault.jpg&amp;iconimage=https%3a%2f%2fpbs.twimg.com%2fprofile_images%2f974265887384657921%2futXy1ElP_400x400.jpg&amp;index_depth=0&amp;lang=eng&amp;mode=5&amp;name=generalradio&amp;page&amp;selected_list=%20&amp;url=generalradio&quot"/>
</include>
</control>

<control type="group">
<posx>1488</posx>
<include content="mediacenterproject">
<param name="mediacenterid" value="504"/>
<param name="buttonid" value="25"/>
<param name="sortby" value="dateadded"/>
<param name="sortorder" value="descending"/>	
<param name="mediacentercontent" value="plugin://plugin.video.My.Music/?cat_level=%20&amp;count=0&amp;description=%20Music%20in%20categories%2024-7%20&amp;fanart=https%3a%2f%2fi.ytimg.com%2fvi%2fW7c9SfSdXRA%2fmaxresdefault.jpg&amp;iconimage=https%3a%2f%2fpbs.twimg.com%2fprofile_images%2f974265887384657921%2futXy1ElP_400x400.jpg&amp;index_depth=0&amp;lang=eng&amp;mode=5&amp;name=My%20Music&amp;page&amp;selected_list=%20&amp;url=My%20Music&quot"/>
</include>
</control>
</control>
</control>



<control type="grouplist" id="1256">
<posx>50</posx>
<posy>-1005</posy>
<width>1920</width>
<height>40</height>
<orientation>Horizontal</orientation>
<itemgap>130</itemgap>
<control type="button" id="21">
<posx>0</posx>
<posy>30</posy>
<width>250</width>
<height>50</height>
<texturefocus>-</texturefocus>
<texturenofocus>-</texturenofocus>
<textcolor>black</textcolor>
<focusedcolor>white</focusedcolor>
<label>רדיו דתיים</label>
<align>center</align>
<font>SmallStrong</font>
<onclick>Control.SetFocus(500)</onclick>
</control>
<control type="button" id="22">
<posx>0</posx>
<posy>30</posy>
<width>250</width>
<height>50</height>
<texturefocus>-</texturefocus>
<texturenofocus>-</texturenofocus>
<textcolor>black</textcolor>
<focusedcolor>white</focusedcolor>
<label>רדיו מזרח התיכון</label>
<align>center</align>
<font>SmallStrong</font>
<onclick>Control.SetFocus(501)</onclick>
</control>
<control type="button" id="23">
<posx>0</posx>
<posy>30</posy>
<width>250</width>
<height>50</height>
<texturefocus>-</texturefocus>
<texturenofocus>-</texturenofocus>
<textcolor>black</textcolor>
<focusedcolor>white</focusedcolor>
<label>רדיו דאנס</label>
<align>center</align>
<font>SmallStrong</font>
<onclick>Control.SetFocus(502)</onclick>
</control>
<control type="button" id="24">
<posx>0</posx>
<posy>30</posy>
<width>250</width>
<height>50</height>
<texturefocus>-</texturefocus>
<texturenofocus>-</texturenofocus>
<textcolor>black</textcolor>
<focusedcolor>white</focusedcolor>
<label>רדיו ישראלי</label>
<align>center</align>
<font>SmallStrong</font>
<onclick>Control.SetFocus(503)</onclick>
</control>
<control type="button" id="25">
<posx>0</posx>
<posy>30</posy>
<width>250</width>
<height>50</height>
<texturefocus>-</texturefocus>
<texturenofocus>-</texturenofocus>
<textcolor>black</textcolor>
<focusedcolor>white</focusedcolor>
<label>רדיו לועזי</label>
<align>center</align>
<font>SmallStrong</font>
<onclick>Control.SetFocus(504)</onclick>
</control>
</control>

</controls>
</window>
