<?xml version="1.0" encoding="UTF-8"?>
<window type="dialog" id="6007">
	<defaultcontrol always="true">1256</defaultcontrol>
	<animation type="WindowOpen">
	<effect type="fade" start="500"/>
	<effect type="slide" start="0,0" end="0,1000" time="550" tween="sine" easing="inout"/>
	</animation>
	<animation type="WindowClose">
	<effect type="slide" start="0,1000" end="0,0" time="550" tween="sine" easing="inout"/>
	</animation>
	<controls>



<control type="group">
<posy>-1000</posy>
<control type="group">
<control type="image">
<posx>0</posx>
<posy>0</posy>
<width>1920</width>
<height>39</height>
<texture diffuse="special://skin/extras/glass.jpg" colordiffuse="gray">colors/white.png</texture>
</control>
<control type="image">
<posx>0</posx>
<posy>421</posy>
<width>1920</width>
<height>30</height>
<texture diffuse="special://skin/extras/glass.jpg" colordiffuse="gray">colors/white.png</texture>
</control>

<control type="image">
<posx>0</posx>
<posy>39</posy>
<width>28</width>
<height>380</height>
<texture diffuse="special://skin/extras/glass.jpg" colordiffuse="gray">colors/white.png</texture>
</control>
<control type="image">
<posx>1890</posx>
<posy>39</posy>
<width>30</width>
<height>380</height>
<texture diffuse="special://skin/extras/glass.jpg" colordiffuse="gray">colors/white.png</texture>
</control>
<control type="label">
<posx>0</posx>
<posy>420</posy>
<width>1920</width>
<height>35</height>
<align>center</align>
<textcolor>black</textcolor>
<shadowcolor>gray</shadowcolor>
<font>SmallStrong</font>
<label>$LOCALIZE[21001]</label>
</control>
<control type="label">
<posx>-948</posx>
<posy>210</posy>
<width>1920</width>
<height>35</height>
<align>center</align>
<textcolor>black</textcolor>
<shadowcolor>gray</shadowcolor>
<font>SmallStrong</font>
<angle>90</angle>
<label>$LOCALIZE[21001]</label>
</control>
<control type="label">
<posx>945</posx>
<posy>210</posy>
<width>1920</width>
<height>35</height>
<align>center</align>
<textcolor>black</textcolor>
<shadowcolor>gray</shadowcolor>
<font>SmallStrong</font>
<angle>90</angle>
<label>$LOCALIZE[21001]</label>
</control>
</control>

<control type="group">
<posx>30</posx>
<control type="group">
<include content="mediacenterproject">
<param name="mediacenterid" value="500"/>
<param name="buttonid" value="21"/>
<param name="mediacentercontent" value="plugin://plugin.video.CHICCO/?cat_level=%20&amp;count=0&amp;description&amp;fanart=http%3a%2f%2fsf.co.ua%2f12%2f09%2fwallpaper-2230830.jpg&amp;iconimage=http%3a%2f%2fngarba.xyz%2fadds%2fyos%2f16.jpg&amp;index_depth=0&amp;lang=%20&amp;mode=18&amp;name=%5bB%5d%5bCOLOR%20burlywood%5d-%d7%90%d7%97%d7%a8%d7%95%d7%a0%d7%99%d7%9d%20%5b%2fCOLOR%5d%5b%2fB%5d%5bB%5d%5bCOLOR%20aqua%5d%d7%a1%d7%a8%d7%98%d7%99%d7%9d-%20%5b%2fCOLOR%5d%5b%2fB%5d&amp;page&amp;selected_list=%20&amp;url=movie&quot"/>
</include>
</control>

<control type="group">
<posx>372</posx>
<include content="mediacenterproject">
<param name="mediacenterid" value="501"/>
<param name="buttonid" value="22"/>
<param name="mediacentercontent" value="plugin://plugin.video.FlashTV/?cat_level=%20&amp;count=0&amp;description&amp;fanart=http%3a%2f%2fsf.co.ua%2f12%2f09%2fwallpaper-2230830.jpg&amp;iconimage=http%3a%2f%2fngarba.xyz%2fadds%2fyos%2f16.jpg&amp;index_depth=0&amp;lang=%20&amp;mode=18&amp;name=%5bB%5d%5bCOLOR%20burlywood%5d-%d7%90%d7%97%d7%a8%d7%95%d7%a0%d7%99%d7%9d%20%5b%2fCOLOR%5d%5b%2fB%5d%5bB%5d%5bCOLOR%20aqua%5d%d7%a1%d7%a8%d7%98%d7%99%d7%9d-%20%5b%2fCOLOR%5d%5b%2fB%5d&amp;page&amp;selected_list=%20&amp;url=movie&quot"/>
</include>
</control>

<control type="group">
<posx>744</posx>
<include content="mediacenterproject">
<param name="mediacenterid" value="502"/>
<param name="buttonid" value="23"/>
<param name="mediacentercontent" value="plugin://plugin.video.My.Music/?cat_level=%20&amp;count=0&amp;description&amp;fanart=http%3a%2f%2fsf.co.ua%2f12%2f09%2fwallpaper-2230830.jpg&amp;iconimage=http%3a%2f%2fngarba.xyz%2fadds%2fyos%2f16.jpg&amp;index_depth=0&amp;lang=%20&amp;mode=18&amp;name=%5bB%5d%5bCOLOR%20burlywood%5d-%d7%90%d7%97%d7%a8%d7%95%d7%a0%d7%99%d7%9d%20%5b%2fCOLOR%5d%5b%2fB%5d%5bB%5d%5bCOLOR%20aqua%5d%d7%a1%d7%a8%d7%98%d7%99%d7%9d-%20%5b%2fCOLOR%5d%5b%2fB%5d&amp;page&amp;selected_list=%20&amp;url=movie&quot"/>
</include>
</control>

<control type="group">
<posx>1116</posx>
<include content="mediacenterproject">
<param name="mediacenterid" value="503"/>
<param name="buttonid" value="24"/>
<param name="sortby" value="random"/>
<param name="sortorder" value="random"/>	
<param name="mediacentercontent" value="plugin://plugin.video.FlashTV/?cat_level=%20&amp;count=0&amp;description=%20&amp;fanart&amp;iconimage=https%3a%2f%2fkcat123.github.io%2fFTV%2fImages%2fMovies-IL.jpg&amp;index_depth=0&amp;lang=eng&amp;mode=5&amp;name=%d7%a1%d7%a8%d7%98%d7%99%d7%9d%20%d7%99%d7%a9%d7%a8%d7%90%d7%9c%d7%99%d7%9d&amp;page&amp;selected_list=%20&amp;url=%d7%a1%d7%a8%d7%98%d7%99%d7%9d%d7%a1%d7%a8%d7%98%d7%99%d7%9d%20%d7%99%d7%a9%d7%a8%d7%90%d7%9c%d7%99%d7%9d&quot"/>
</include>
</control>

<control type="group">
<posx>1488</posx>
<include content="mediacenterproject">
<param name="mediacenterid" value="504"/>
<param name="buttonid" value="25"/>
<param name="sortby" value="random"/>
<param name="sortorder" value="random"/>	
<param name="mediacentercontent" value="plugin://plugin.video.CHICCO/?cat_level=%20&amp;count=0&amp;description=%20&amp;fanart=https%3a%2f%2ffilmdaily.co%2fwp-content%2fuploads%2f2020%2f06%2f2021lede-1300x650.jpg&amp;iconimage=https%3a%2f%2ffilmdaily.co%2fwp-content%2fuploads%2f2020%2f06%2f2021lede-1300x650.jpg&amp;index_depth=0&amp;lang=eng&amp;mode=5&amp;name=2021&amp;page&amp;selected_list=%20&amp;url=%d7%a1%d7%a8%d7%98%d7%99%d7%9d%d7%a1%d7%a8%d7%98%d7%99%d7%9d%20%d7%9e%d7%97%d7%95%d7%9c%20%d7%a2%d7%9d%20%d7%aa%d7%a8%d7%92%d7%95%d7%9d%20%d7%9e%d7%95%d7%91%d7%a0%d7%942021&quot"/>
</include>
</control>
</control>
</control>



<control type="grouplist" id="1256">
<posx>50</posx>
<posy>-1005</posy>
<width>1920</width>
<height>40</height>
<orientation>Horizontal</orientation>
<itemgap>130</itemgap>
<control type="button" id="21">
<posx>0</posx>
<posy>30</posy>
<width>250</width>
<height>50</height>
<texturefocus>-</texturefocus>
<texturenofocus>-</texturenofocus>
<textcolor>black</textcolor>
<focusedcolor>white</focusedcolor>
<label>סרטים אחרונים צי'קו</label>
<align>center</align>
<font>SmallStrong</font>
<onclick>Control.SetFocus(500)</onclick>
</control>
<control type="button" id="22">
<posx>0</posx>
<posy>30</posy>
<width>250</width>
<height>50</height>
<texturefocus>-</texturefocus>
<texturenofocus>-</texturenofocus>
<textcolor>black</textcolor>
<focusedcolor>white</focusedcolor>
<label>סרטים אחרונים פלוס</label>
<align>center</align>
<font>SmallStrong</font>
<onclick>Control.SetFocus(501)</onclick>
</control>
<control type="button" id="23">
<posx>0</posx>
<posy>30</posy>
<width>250</width>
<height>50</height>
<texturefocus>-</texturefocus>
<texturenofocus>-</texturenofocus>
<textcolor>black</textcolor>
<focusedcolor>white</focusedcolor>
<label>גוסט סרטים אחרונים</label>
<align>center</align>
<font>SmallStrong</font>
<onclick>Control.SetFocus(502)</onclick>
</control>
<control type="button" id="24">
<posx>0</posx>
<posy>30</posy>
<width>250</width>
<height>50</height>
<texturefocus>-</texturefocus>
<texturenofocus>-</texturenofocus>
<textcolor>black</textcolor>
<focusedcolor>white</focusedcolor>
<label>ישראלים מה שחדש</label>
<align>center</align>
<font>SmallStrong</font>
<onclick>Control.SetFocus(503)</onclick>
</control>
<control type="button" id="25">
<posx>0</posx>
<posy>30</posy>
<width>250</width>
<height>50</height>
<texturefocus>-</texturefocus>
<texturenofocus>-</texturenofocus>
<textcolor>black</textcolor>
<focusedcolor>white</focusedcolor>
<label>הסרטים של השנה</label>
<align>center</align>
<font>SmallStrong</font>
<onclick>Control.SetFocus(504)</onclick>
</control>
</control>

</controls>
</window>
