<?xml version="1.0" encoding="UTF-8"?>
<fonts>
    <fontset id="default">
        <!--Roboto fontset-->
        <!--proportional font sizes for reference 6,8,9,10,11,12,14,18,24,30,36,48,60,72 -->
        <font>
            <name>veryLarge</name>
            <filename>roboto/black.ttf</filename>
            <size>96</size>
            <linespacing>0.8</linespacing>
        </font>
        <font>
            <name>veryLargeLight</name>
            <filename>roboto/light.ttf</filename>
            <size>96</size>
            <linespacing>0.8</linespacing>
        </font>
        <font>
            <name>large</name>
            <filename>roboto/regular.ttf</filename>
            <size>60</size>
            <linespacing>1.0</linespacing>
        </font>
        <font>
            <name>largeBlack</name>
            <filename>roboto/black.ttf</filename>
            <size>60</size>
            <linespacing>0.8</linespacing>
        </font>
        <font>
            <name>largeStrong</name>
            <filename>roboto/bold.ttf</filename>
            <size>60</size>
            <linespacing>0.8</linespacing>
        </font>
        <font>
            <name>largeLight</name>
            <filename>roboto/light.ttf</filename>
            <size>54</size>
            <linespacing>0.9</linespacing>
        </font>
        <font>
            <name>medium</name>
            <filename>roboto/regular.ttf</filename>
            <size>48</size>
            <linespacing>1.0</linespacing>
        </font>
        <font>
            <name>mediumStrong</name>
            <filename>roboto/bold.ttf</filename>
            <size>48</size>
            <linespacing>1</linespacing>
        </font>
        <font>
            <name>mediumLight</name>
            <filename>roboto/light.ttf</filename>
            <size>48</size>
            <linespacing>0.9</linespacing>
        </font>
        <font>
            <name>regular</name>
            <filename>roboto/regular.ttf</filename>
            <size>36</size>
            <linespacing>0.9</linespacing>
        </font>
        <font>
            <name>regularStrong</name>
            <filename>roboto/bold.ttf</filename>
            <size>36</size>
            <linespacing>0.9</linespacing>
        </font>
        <font>
            <name>regularLight</name>
            <filename>roboto/light.ttf</filename>
            <size>36</size>
            <linespacing>1.0</linespacing>
        </font>
        <font>
            <name>small</name>
            <filename>roboto/regular.ttf</filename>
            <size>30</size>
            <linespacing>0.9</linespacing>
        </font>
        <font>
            <name>smallStrong</name>
            <filename>roboto/bold.ttf</filename>
            <size>22</size>
            <linespacing>1.0</linespacing>
        </font>
        <font>
            <name>smallMedium</name>
            <filename>roboto/bold.ttf</filename>
            <size>24</size>
            <linespacing>1.0</linespacing>
        </font>
        <!--element specific-->
        <font>
            <name>textbox</name>
            <filename>roboto/medium.ttf</filename>
            <size>30</size>
            <linespacing>1.1</linespacing>
        </font>
        <font>
            <name>textboxExtraLeading</name>
            <filename>roboto/regular.ttf</filename>
            <size>30</size>
            <linespacing>1</linespacing>
        </font>
        <font>
            <name>pageTitle</name>
            <filename>roboto/condensedBold.ttf</filename>
            <size>48</size>
            <linespacing>1.0</linespacing>
        </font>
		<font>
            <name>sectionTitle</name>
            <filename>roboto_slab/bold.ttf</filename>
            <size>36</size>
            <linespacing>1.0</linespacing>
			<style>capitalize</style>
        </font>
        <font>
            <name>pageSubTitle</name>
            <filename>roboto/medium.ttf</filename>
            <size>30</size>
            <linespacing>1.0</linespacing>
        </font>
        <font>
            <name>dialogTitle</name>
            <filename>roboto_slab/bold.ttf</filename>
            <size>32</size>
            <linespacing>1.0</linespacing>
            <style>capitalize</style>
        </font>
		<font>
            <name>confirmTitle</name>
            <filename>roboto_slab/bold.ttf</filename>
            <size>34</size>
            <linespacing>1.0</linespacing>
            <style>capitalize</style>
        </font>
        <font>
            <name>largeTitle</name>
            <filename>roboto_slab/regular.ttf</filename>
            <size>60</size>
            <linespacing>0.8</linespacing>
        </font>
		<font>
            <name>largeTitle2</name>
            <filename>roboto_slab/regular.ttf</filename>
            <size>52</size>
            <linespacing>0.8</linespacing>
        </font>
		<font>
            <name>mediumTitle</name>
            <filename>roboto_slab/bold.ttf</filename>
            <size>44</size>
            <linespacing>0.8</linespacing>
        </font>
        <font>
            <name>itemTitle</name>
            <filename>roboto/bold.ttf</filename>
            <size>30</size>
            <linespacing>1.0</linespacing>
        </font>
        <font>
            <name>itemSubTitle</name>
            <filename>roboto/bold.ttf</filename>
            <size>24</size>
            <linespacing>1.0</linespacing>
        </font>
        <font>
            <name>playlistSubTitle</name>
            <filename>roboto/bold.ttf</filename>
            <size>24</size>
            <linespacing>1.0</linespacing>
        </font>
        <font>
            <name>itemSubTitleCondensed</name>
            <filename>roboto/condensedBold.ttf</filename>
            <size>26</size>
            <linespacing>0.8</linespacing>
        </font>
        <font>
            <name>menuTitle</name>
            <filename>roboto_slab/bold.ttf</filename>
            <size>30</size>
            <linespacing>1.0</linespacing>
        </font>
		<font>
            <name>menuTitle2</name>
            <filename>roboto_slab/bold.ttf</filename>
            <size>27</size>
            <linespacing>1.0</linespacing>
        </font>
		<font>
            <name>menuTitle3</name>
            <filename>roboto_slab/bold.ttf</filename>
            <size>38</size>
            <linespacing>0.85</linespacing>
        </font>
        <font>
            <name>buttonTitle</name>
            <filename>roboto/medium.ttf</filename>
            <size>28</size>
            <linespacing>1.0</linespacing>
        </font>
		<font>
            <name>buttonTitle2</name>
            <filename>roboto/black.ttf</filename>
            <size>22</size>
            <linespacing>1.0</linespacing>
        </font>
		<font>
            <name>settingsCategory</name>
            <filename>roboto_slab/bold.ttf</filename>
            <size>30</size>
            <linespacing>1.0</linespacing>
        </font>
        <font>
            <name>settingsCategoryTitle</name>
            <filename>roboto/black.ttf</filename>
            <size>22</size>
            <linespacing>1.0</linespacing>
        </font>
        <font>
            <name>thumbTitle</name>
            <filename>roboto/bold.ttf</filename>
            <size>23</size>
            <linespacing>1</linespacing>
        </font>
        <font>
            <name>symbol</name>
            <filename>symbol.ttf</filename>
            <size>20</size>
            <style/>
        </font>
        <font>
            <name>symbolSmall</name>
            <filename>symbol.ttf</filename>
            <size>14</size>
            <style/>
        </font>
        <font>
            <name>symbolLarge</name>
            <filename>symbol.ttf</filename>
            <size>28</size>
            <style/>
        </font>
        <font>
            <name>symbolVeryLarge</name>
            <filename>symbol.ttf</filename>
            <size>72</size>
            <style/>
        </font>
        <!-- Required for system -->
        <font>
            <name>font13</name>
            <filename>roboto/regular.ttf</filename>
            <size>30</size>
        </font>
    </fontset>

	<fontset id="heebo">
        <!--Hebrew fontset-->
        <font>
            <name>veryLarge</name>
            <filename>heebo/black.ttf</filename>
            <size>96</size>
            <linespacing>0.8</linespacing>
        </font>
        <font>
            <name>veryLargeLight</name>
            <filename>heebo/light.ttf</filename>
            <size>96</size>
            <linespacing>0.8</linespacing>
        </font>
        <font>
            <name>large</name>
            <filename>heebo/regular.ttf</filename>
            <size>60</size>
            <linespacing>1.0</linespacing>
        </font>
        <font>
            <name>largeBlack</name>
            <filename>heebo/black.ttf</filename>
            <size>60</size>
            <linespacing>0.8</linespacing>
        </font>
        <font>
            <name>largeStrong</name>
            <filename>heebo/bold.ttf</filename>
            <size>60</size>
            <linespacing>0.8</linespacing>
        </font>
        <font>
            <name>largeLight</name>
            <filename>heebo/light.ttf</filename>
            <size>54</size>
            <linespacing>0.9</linespacing>
        </font>
        <font>
            <name>medium</name>
            <filename>heebo/regular.ttf</filename>
            <size>48</size>
            <linespacing>1.0</linespacing>
        </font>
        <font>
            <name>mediumStrong</name>
            <filename>heebo/bold.ttf</filename>
            <size>48</size>
            <linespacing>1</linespacing>
        </font>
        <font>
            <name>mediumLight</name>
            <filename>heebo/light.ttf</filename>
            <size>48</size>
            <linespacing>0.9</linespacing>
        </font>
        <font>
            <name>regular</name>
            <filename>heebo/regular.ttf</filename>
            <size>36</size>
            <linespacing>0.9</linespacing>
        </font>
        <font>
            <name>regularStrong</name>
            <filename>heebo/bold.ttf</filename>
            <size>36</size>
            <linespacing>0.9</linespacing>
        </font>
        <font>
            <name>regularLight</name>
            <filename>heebo/light.ttf</filename>
            <size>36</size>
            <linespacing>1.0</linespacing>
        </font>
        <font>
            <name>small</name>
            <filename>heebo/regular.ttf</filename>
            <size>30</size>
            <linespacing>0.9</linespacing>
        </font>
        <font>
            <name>smallStrong</name>
            <filename>heebo/bold.ttf</filename>
            <size>22</size>
            <linespacing>1.0</linespacing>
        </font>
        <font>
            <name>smallMedium</name>
            <filename>heebo/bold.ttf</filename>
            <size>24</size>
            <linespacing>1.0</linespacing>
        </font>
        <!--element specific-->
        <font>
            <name>textbox</name>
            <filename>heebo/medium.ttf</filename>
            <size>30</size>
            <linespacing>1.1</linespacing>
        </font>
        <font>
            <name>textboxExtraLeading</name>
            <filename>heebo/regular.ttf</filename>
            <size>30</size>
            <linespacing>1</linespacing>
        </font>
        <font>
            <name>pageTitle</name>
            <filename>heebo/bold.ttf</filename>
            <size>48</size>
            <linespacing>1.0</linespacing>
        </font>
		<font>
            <name>sectionTitle</name>
            <filename>heebo/bold.ttf</filename>
            <size>36</size>
            <linespacing>1.0</linespacing>
			<style>capitalize</style>
        </font>
        <font>
            <name>pageSubTitle</name>
            <filename>heebo/medium.ttf</filename>
            <size>30</size>
            <linespacing>1.0</linespacing>
        </font>
        <font>
            <name>dialogTitle</name>
            <filename>heebo/bold.ttf</filename>
            <size>32</size>
            <linespacing>1.0</linespacing>
            <style>capitalize</style>
        </font>
		<font>
            <name>confirmTitle</name>
            <filename>heebo/bold.ttf</filename>
            <size>34</size>
            <linespacing>1.0</linespacing>
            <style>capitalize</style>
        </font>
        <font>
            <name>largeTitle</name>
            <filename>heebo/regular.ttf</filename>
            <size>60</size>
            <linespacing>0.8</linespacing>
        </font>
		<font>
            <name>largeTitle2</name>
            <filename>heebo/regular.ttf</filename>
            <size>52</size>
            <linespacing>0.8</linespacing>
        </font>
		<font>
            <name>mediumTitle</name>
            <filename>heebo/bold.ttf</filename>
            <size>44</size>
            <linespacing>0.8</linespacing>
        </font>
        <font>
            <name>itemTitle</name>
            <filename>heebo/bold.ttf</filename>
            <size>30</size>
            <linespacing>1.0</linespacing>
        </font>
        <font>
            <name>itemSubTitle</name>
            <filename>heebo/bold.ttf</filename>
            <size>24</size>
            <linespacing>1.0</linespacing>
        </font>
        <font>
            <name>playlistSubTitle</name>
            <filename>heebo/bold.ttf</filename>
            <size>24</size>
            <linespacing>1.0</linespacing>
        </font>
        <font>
            <name>itemSubTitleCondensed</name>
            <filename>heebo/bold.ttf</filename>
            <size>26</size>
            <linespacing>0.8</linespacing>
        </font>
        <font>
            <name>menuTitle</name>
            <filename>heebo/bold.ttf</filename>
            <size>30</size>
            <linespacing>1.0</linespacing>
        </font>
		<font>
            <name>menuTitle2</name>
            <filename>heebo/bold.ttf</filename>
            <size>27</size>
            <linespacing>1.0</linespacing>
        </font>
		<font>
            <name>menuTitle3</name>
            <filename>heebo/bold.ttf</filename>
            <size>38</size>
            <linespacing>0.85</linespacing>
        </font>
        <font>
            <name>buttonTitle</name>
            <filename>heebo/medium.ttf</filename>
            <size>28</size>
            <linespacing>1.0</linespacing>
        </font>
		<font>
            <name>buttonTitle2</name>
            <filename>heebo/black.ttf</filename>
            <size>22</size>
            <linespacing>1.0</linespacing>
        </font>
		<font>
            <name>settingsCategory</name>
            <filename>heebo/bold.ttf</filename>
            <size>30</size>
            <linespacing>1.0</linespacing>
        </font>
        <font>
            <name>settingsCategoryTitle</name>
            <filename>heebo/black.ttf</filename>
            <size>22</size>
            <linespacing>1.0</linespacing>
        </font>
        <font>
            <name>thumbTitle</name>
            <filename>heebo/bold.ttf</filename>
            <size>23</size>
            <linespacing>1</linespacing>
        </font>
        <font>
            <name>symbol</name>
            <filename>symbol.ttf</filename>
            <size>20</size>
            <style/>
        </font>
        <font>
            <name>symbolSmall</name>
            <filename>symbol.ttf</filename>
            <size>14</size>
            <style/>
        </font>
        <font>
            <name>symbolLarge</name>
            <filename>symbol.ttf</filename>
            <size>28</size>
            <style/>
        </font>
        <font>
            <name>symbolVeryLarge</name>
            <filename>symbol.ttf</filename>
            <size>72</size>
            <style/>
        </font>
        <!-- Required for system -->
        <font>
            <name>font13</name>
            <filename>heebo/regular.ttf</filename>
            <size>30</size>
        </font>
    </fontset>
	
	<fontset id="Noto CJK">
	    <!--Noto CJK fontset-->
	    <font>
	        <name>veryLarge</name>
	        <filename>notoCJK/black.ttf</filename>
	        <size>96</size>
	        <linespacing>0.8</linespacing>
	    </font>
	    <font>
	        <name>veryLargeLight</name>
	        <filename>notoCJK/light.ttf</filename>
	        <size>96</size>
	        <linespacing>0.8</linespacing>
	    </font>
	    <font>
	        <name>large</name>
	        <filename>notoCJK/regular.ttf</filename>
	        <size>60</size>
	        <linespacing>1.0</linespacing>
	    </font>
	    <font>
	        <name>largeBlack</name>
	        <filename>notoCJK/black.ttf</filename>
	        <size>60</size>
	        <linespacing>0.8</linespacing>
	    </font>
	    <font>
	        <name>largeStrong</name>
	        <filename>notoCJK/bold.ttf</filename>
	        <size>60</size>
	        <linespacing>0.8</linespacing>
	    </font>
	    <font>
	        <name>largeLight</name>
	        <filename>notoCJK/light.ttf</filename>
	        <size>54</size>
	        <linespacing>0.9</linespacing>
	    </font>
	    <font>
	        <name>medium</name>
	        <filename>notoCJK/regular.ttf</filename>
	        <size>48</size>
	        <linespacing>1.0</linespacing>
	    </font>
	    <font>
	        <name>mediumStrong</name>
	        <filename>notoCJK/bold.ttf</filename>
	        <size>48</size>
	        <linespacing>1</linespacing>
	    </font>
	    <font>
	        <name>mediumLight</name>
	        <filename>notoCJK/light.ttf</filename>
	        <size>48</size>
	        <linespacing>0.9</linespacing>
	    </font>
	    <font>
	        <name>regular</name>
	        <filename>notoCJK/regular.ttf</filename>
	        <size>36</size>
	        <linespacing>0.9</linespacing>
	    </font>
	    <font>
	        <name>regularStrong</name>
	        <filename>notoCJK/bold.ttf</filename>
	        <size>36</size>
	        <linespacing>0.9</linespacing>
	    </font>
	    <font>
	        <name>regularLight</name>
	        <filename>notoCJK/light.ttf</filename>
	        <size>36</size>
	        <linespacing>1.0</linespacing>
	    </font>
	    <font>
	        <name>small</name>
	        <filename>notoCJK/regular.ttf</filename>
	        <size>30</size>
	        <linespacing>0.9</linespacing>
	    </font>
	    <font>
	        <name>smallStrong</name>
	        <filename>notoCJK/bold.ttf</filename>
	        <size>22</size>
	        <linespacing>1.0</linespacing>
	    </font>
	    <font>
	        <name>smallMedium</name>
	        <filename>notoCJK/bold.ttf</filename>
	        <size>24</size>
	        <linespacing>1.0</linespacing>
	    </font>
	    <!--element specific-->
	    <font>
	        <name>textbox</name>
	        <filename>notoCJK/medium.ttf</filename>
	        <size>30</size>
	        <linespacing>1.1</linespacing>
	    </font>
	    <font>
	        <name>textboxExtraLeading</name>
	        <filename>notoCJK/regular.ttf</filename>
	        <size>30</size>
	        <linespacing>1</linespacing>
	    </font>
	    <font>
	        <name>pageTitle</name>
	        <filename>notoCJK/bold.ttf</filename>
	        <size>48</size>
	        <linespacing>1.0</linespacing>
	    </font>
		<font>
	        <name>sectionTitle</name>
	        <filename>notoCJK/bold.ttf</filename>
	        <size>36</size>
	        <linespacing>1.0</linespacing>
			<style>capitalize</style>
	    </font>
	    <font>
	        <name>pageSubTitle</name>
	        <filename>notoCJK/medium.ttf</filename>
	        <size>30</size>
	        <linespacing>1.0</linespacing>
	    </font>
	    <font>
	        <name>dialogTitle</name>
	        <filename>notoCJK/bold.ttf</filename>
	        <size>32</size>
	        <linespacing>1.0</linespacing>
	        <style>capitalize</style>
	    </font>
		<font>
	        <name>confirmTitle</name>
	        <filename>notoCJK/bold.ttf</filename>
	        <size>34</size>
	        <linespacing>1.0</linespacing>
	        <style>capitalize</style>
	    </font>
	    <font>
	        <name>largeTitle</name>
	        <filename>notoCJK/regular.ttf</filename>
	        <size>60</size>
	        <linespacing>0.8</linespacing>
	    </font>
		<font>
	        <name>largeTitle2</name>
	        <filename>notoCJK/regular.ttf</filename>
	        <size>52</size>
	        <linespacing>0.8</linespacing>
	    </font>
		<font>
	        <name>mediumTitle</name>
	        <filename>notoCJK/bold.ttf</filename>
	        <size>44</size>
	        <linespacing>0.8</linespacing>
	    </font>
	    <font>
	        <name>itemTitle</name>
	        <filename>notoCJK/bold.ttf</filename>
	        <size>30</size>
	        <linespacing>1.0</linespacing>
	    </font>
	    <font>
	        <name>itemSubTitle</name>
	        <filename>notoCJK/bold.ttf</filename>
	        <size>24</size>
	        <linespacing>1.0</linespacing>
	    </font>
	    <font>
	        <name>playlistSubTitle</name>
	        <filename>notoCJK/bold.ttf</filename>
	        <size>24</size>
	        <linespacing>1.0</linespacing>
	    </font>
	    <font>
	        <name>itemSubTitleCondensed</name>
	        <filename>notoCJK/bold.ttf</filename>
	        <size>26</size>
	        <linespacing>0.8</linespacing>
	    </font>
	    <font>
	        <name>menuTitle</name>
	        <filename>notoCJK/bold.ttf</filename>
	        <size>30</size>
	        <linespacing>1.0</linespacing>
	    </font>
		<font>
	        <name>menuTitle2</name>
	        <filename>notoCJK/bold.ttf</filename>
	        <size>27</size>
	        <linespacing>1.0</linespacing>
	    </font>
		<font>
	        <name>menuTitle3</name>
	        <filename>notoCJK/bold.ttf</filename>
	        <size>38</size>
	        <linespacing>0.85</linespacing>
	    </font>
	    <font>
	        <name>buttonTitle</name>
	        <filename>notoCJK/medium.ttf</filename>
	        <size>28</size>
	        <linespacing>1.0</linespacing>
	    </font>
		<font>
	        <name>buttonTitle2</name>
	        <filename>notoCJK/black.ttf</filename>
	        <size>22</size>
	        <linespacing>1.0</linespacing>
	    </font>
		<font>
	        <name>settingsCategory</name>
	        <filename>notoCJK/bold.ttf</filename>
	        <size>30</size>
	        <linespacing>1.0</linespacing>
	    </font>
	    <font>
	        <name>settingsCategoryTitle</name>
	        <filename>notoCJK/black.ttf</filename>
	        <size>22</size>
	        <linespacing>1.0</linespacing>
	    </font>
	    <font>
	        <name>thumbTitle</name>
	        <filename>notoCJK/bold.ttf</filename>
	        <size>23</size>
	        <linespacing>1</linespacing>
	    </font>
	    <font>
	        <name>symbol</name>
	        <filename>symbol.ttf</filename>
	        <size>20</size>
	        <style/>
	    </font>
	    <font>
	        <name>symbolSmall</name>
	        <filename>symbol.ttf</filename>
	        <size>14</size>
	        <style/>
	    </font>
	    <font>
	        <name>symbolLarge</name>
	        <filename>symbol.ttf</filename>
	        <size>28</size>
	        <style/>
	    </font>
	    <font>
	        <name>symbolVeryLarge</name>
	        <filename>symbol.ttf</filename>
	        <size>72</size>
	        <style/>
	    </font>
	    <!-- Required for system -->
	    <font>
	        <name>font13</name>
	        <filename>notoCJK/regular.ttf</filename>
	        <size>30</size>
	    </font>
	</fontset>
	
	<fontset id="arial">
        <!--Arial fontset-->
        <font>
            <name>veryLarge</name>
            <filename>arial.ttf</filename>
			<style>bold</style>
            <size>96</size>
            <linespacing>0.8</linespacing>
        </font>
        <font>
            <name>veryLargeLight</name>
            <filename>arial.ttf</filename>
            <size>96</size>
            <linespacing>0.8</linespacing>
        </font>
        <font>
            <name>large</name>
            <filename>arial.ttf</filename>
            <size>60</size>
            <linespacing>1.0</linespacing>
        </font>
        <font>
            <name>largeBlack</name>
			<filename>arial.ttf</filename>
			<style>bold</style>
            <size>60</size>
            <linespacing>0.8</linespacing>
        </font>
        <font>
            <name>largeStrong</name>
            <filename>arial.ttf</filename>
			<style>bold</style>
            <size>60</size>
            <linespacing>0.8</linespacing>
        </font>
        <font>
            <name>largeLight</name>
            <filename>arial.ttf</filename>
            <size>54</size>
            <linespacing>0.9</linespacing>
        </font>
        <font>
            <name>medium</name>
            <filename>arial.ttf</filename>
            <size>48</size>
            <linespacing>1.0</linespacing>
        </font>
        <font>
            <name>mediumStrong</name>
            <filename>arial.ttf</filename>
			<style>bold</style>
            <size>48</size>
            <linespacing>1</linespacing>
        </font>
        <font>
            <name>mediumLight</name>
            <filename>arial.ttf</filename>
            <size>48</size>
            <linespacing>0.9</linespacing>
        </font>
        <font>
            <name>regular</name>
            <filename>arial.ttf</filename>
            <size>36</size>
            <linespacing>0.9</linespacing>
        </font>
        <font>
            <name>regularStrong</name>
            <filename>arial.ttf</filename>
			<style>bold</style>
            <size>36</size>
            <linespacing>0.9</linespacing>
        </font>
        <font>
            <name>regularLight</name>
            <filename>arial.ttf</filename>
            <size>36</size>
            <linespacing>1.0</linespacing>
        </font>
        <font>
            <name>small</name>
            <filename>arial.ttf</filename>
            <size>30</size>
            <linespacing>0.9</linespacing>
        </font>
        <font>
            <name>smallStrong</name>
            <filename>arial.ttf</filename>
			<style>bold</style>
            <size>22</size>
            <linespacing>1.0</linespacing>
        </font>
        <font>
            <name>smallStrong-notbold</name>
            <filename>arial.ttf</filename>
            <size>22</size>
            <linespacing>1.0</linespacing>
        </font>
        <font>
            <name>smallMedium</name>
            <filename>arial.ttf</filename>
			<style>bold</style>
            <size>24</size>
            <linespacing>1.0</linespacing>
        </font>
        <!--element specific-->
        <font>
            <name>textbox</name>
            <filename>arial.ttf</filename>
            <size>30</size>
            <linespacing>1.1</linespacing>
        </font>
        <font>
            <name>textboxExtraLeading</name>
            <filename>arial.ttf</filename>
            <size>30</size>
            <linespacing>1</linespacing>
        </font>
        <font>
            <name>pageTitle</name>
            <filename>arial.ttf</filename>
			<style>bold</style>
            <size>48</size>
            <linespacing>1.0</linespacing>
        </font>
		<font>
            <name>sectionTitle</name>
            <filename>arial.ttf</filename>
			<style>bold</style>
            <size>36</size>
            <linespacing>1.0</linespacing>
			<style>capitalize</style>
        </font>
        <font>
            <name>pageSubTitle</name>
            <filename>arial.ttf</filename>
            <size>30</size>
            <linespacing>1.0</linespacing>
        </font>
        <font>
            <name>dialogTitle</name>
            <filename>arial.ttf</filename>
			<style>bold</style>
            <size>32</size>
            <linespacing>1.0</linespacing>
            <style>capitalize</style>
        </font>
		<font>
            <name>confirmTitle</name>
            <filename>arial.ttf</filename>
			<style>bold</style>
            <size>34</size>
            <linespacing>1.0</linespacing>
            <style>capitalize</style>
        </font>
        <font>
            <name>largeTitle</name>
            <filename>arial.ttf</filename>
            <size>60</size>
            <linespacing>0.8</linespacing>
        </font>
		<font>
            <name>largeTitle2</name>
            <filename>arial.ttf</filename>
            <size>52</size>
            <linespacing>0.8</linespacing>
        </font>
		<font>
            <name>mediumTitle</name>
            <filename>arial.ttf</filename>
			<style>bold</style>
            <size>44</size>
            <linespacing>0.8</linespacing>
        </font>
        <font>
            <name>itemTitle</name>
            <filename>arial.ttf</filename>
			<style>bold</style>
            <size>30</size>
            <linespacing>1.0</linespacing>
        </font>
        <font>
            <name>itemSubTitle</name>
            <filename>arial.ttf</filename>
			<style>bold</style>
            <size>24</size>
            <linespacing>1.0</linespacing>
        </font>
        <font>
            <name>playlistSubTitle</name>
            <filename>arial.ttf</filename>
			<style>bold</style>
            <size>24</size>
            <linespacing>1.0</linespacing>
        </font>
        <font>
            <name>itemSubTitleCondensed</name>
            <filename>arial.ttf</filename>
			<style>bold</style>
            <size>26</size>
            <linespacing>0.8</linespacing>
        </font>
        <font>
            <name>menuTitle</name>
            <filename>arial.ttf</filename>
			<style>bold</style>
            <size>30</size>
            <linespacing>1.0</linespacing>
        </font>
		<font>
            <name>menuTitle2</name>
            <filename>arial.ttf</filename>
			<style>bold</style>
            <size>27</size>
            <linespacing>1.0</linespacing>
        </font>
		<font>
            <name>menuTitle3</name>
            <filename>arial.ttf</filename>
			<style>bold</style>
            <size>38</size>
            <linespacing>0.85</linespacing>
        </font>
        <font>
            <name>buttonTitle</name>
            <filename>arial.ttf</filename>
            <size>28</size>
            <linespacing>1.0</linespacing>
        </font>
		<font>
            <name>buttonTitle2</name>
            <filename>arial.ttf</filename>
			<style>bold</style>
            <size>22</size>
            <linespacing>1.0</linespacing>
        </font>
		<font>
            <name>settingsCategory</name>
            <filename>arial.ttf</filename>
			<style>bold</style>
            <size>30</size>
            <linespacing>1.0</linespacing>
        </font>
        <font>
            <name>settingsCategoryTitle</name>
            <filename>arial.ttf</filename>
			<style>bold</style>
            <size>22</size>
            <linespacing>1.0</linespacing>
        </font>
        <font>
            <name>thumbTitle</name>
			<filename>arial.ttf</filename>
			<style>bold</style>
            <size>23</size>
            <linespacing>1</linespacing>
        </font>
        <font>
            <name>symbol</name>
            <filename>symbol.ttf</filename>
            <size>20</size>
            <style/>
        </font>
        <font>
            <name>symbolSmall</name>
            <filename>symbol.ttf</filename>
            <size>14</size>
            <style/>
        </font>
        <font>
            <name>symbolLarge</name>
            <filename>symbol.ttf</filename>
            <size>28</size>
            <style/>
        </font>
        <font>
            <name>symbolVeryLarge</name>
            <filename>symbol.ttf</filename>
            <size>72</size>
            <style/>
        </font>
        <!-- Required for system -->
        <font>
            <name>font13</name>
            <filename>arial.ttf</filename>
            <size>30</size>
        </font>
    </fontset>
</fonts>