<?xml version="1.0" encoding="UTF-8"?>
<window id="0">
	<defaultcontrol always="true">9000</defaultcontrol>
	<include>fadeInOut</include>
	<onload>RunScript(script.skinshortcuts,type=buildxml&amp;mainmenuID=9000&amp;group=mainmenu|mediacenter|mediacenterdubbed|mediacentericonmenu|buttomhomehiddenmenu)</onload>
	<onload condition="Skin.hassetting(stopVideoOnMenu) + !Player.HasAudio">PlayerControl(stop)</onload>
	<onunload>CancelAlarm(hidemenu,true)</onunload>
	<onload>Skin.SetBool(SkinHelper.EnableMusicArt)</onload>
	<onload>Skin.SetBool(SkinHelper.EnablePVRThumbs)</onload>
	<onload>Skin.SetBool(SkinHelper.EnableExtendedArt)</onload>
	<onload>Skin.SetBool(SkinHelper.EnableExtraFanart)</onload>
	<onload>Skin.SetBool(SkinHelper.EnableAnimatedPosters)</onload>
	<onload>SetProperty(SkinHelper.WidgetContainer,9201,Home)</onload>
	<controls>

	<control type="group">
	<animation condition="Player.HasAudio + !Player.HasVideo + !String.IsEmpty(MusicPlayer.Title) + Control.HasFocus(40004)" effect="slide" start="0,0" end="0,-40" time="550" tween="sine" easing="inout">Conditional</animation>
	<animation condition="Player.HasVideo + !Player.HasAudio + Control.HasFocus(40005)" effect="slide" start="0,0" end="0,-80" time="550" tween="sine" easing="inout">Conditional</animation>
	<animation condition="![Player.HasVideo | Player.HasAudio] + Control.HasFocus(9014)" effect="slide" start="0,0" end="0,-80" time="550" tween="sine" easing="inout">Conditional</animation>
	<include>mediacenterscreenhome</include>
	</control>

	</controls>
</window>
