<?xml version="1.0" encoding="UTF-8"?>
<includes>



<include name="mediacentermainweather">
	
<control type="group">
<include content="globalanimation">
<param name="animposx" value="-1000"/>
<param name="animposy" value="0"/>
<param name="time" value="1200"/>
</include>
<posx>2880</posx>
<posy>822</posy>
<width>650</width>
<height>250</height>
<itemgap>60</itemgap>
<orientation>horizontal</orientation>
<control type="group">
<control type="image">
<posx>0</posx>
<posy>12</posy>
<height>45</height>
<width>45</width>
<aspectratio>keep</aspectratio>
<texture>resource://resource.images.weathericons.default/$INFO[Weather.fanartcode,,.png]</texture>
</control>
</control>
<control type="group">
<control type="label">
<posx>-20</posx>
<posy>0</posy>
<width>850</width>
<align>right</align>
<height>70</height>
<font>font-16</font>
<scroll>truw</scroll>
<scrolltime>40</scrolltime>
<font>SmallStrong</font>
<label>$INFO[Weather.Temperature] / $INFO[Window(Weather).Property(Day0.HighTemp)]$INFO[System.TemperatureUnits] - $INFO[Window(Weather).Property(Day0.Outlook)]</label>
</control>
</control>
</control>
</include>


</includes>
