<?xml version="1.0" encoding="UTF-8"?>
<includes>

    <!-- HUBS -->

<include name="eminenceosdstyle">

<control type="group">
<posy>1000</posy>
<animation type="WindowOpen">
<effect type="slide" start="0,0" end="0,-1000" time="750" tween="sine" easing="inout"/>
</animation>
<animation type="WindowClose">
<effect type="slide" start="0,-1000" end="0,0" time="750" tween="sine" easing="inout"/>
</animation>
	<control type="group">
	<animation condition="control.hasfocus(9005)" effect="slide" start="0,0" end="0,-300" time="550" tween="sine" easing="inout">Conditional</animation>
	<control type="image">
	<posx>0</posx>
	<posy>1010</posy>
	<width>1920</width>
	<height>460</height>
	<texture colordiffuse="FF181818">colors/white.png</texture>
	</control>
	</control>
	

<control type="group">
<animation condition="control.hasfocus(9005)" effect="slide" start="0,0" end="0,-300" time="550" tween="sine" easing="inout">Conditional</animation>
<posx>0</posx>
<posy>140</posy>
<control type="progress">
<posx>0</posx>
<posy>850</posy>
<width>1920</width>
<height>21</height>
<texturebg border="1,1,1,1" colordiffuse="55FFFFFF">colors/white.png</texturebg>
<midtexture colordiffuse="burlywood">colors/white.png</midtexture>
<info>Player.ProgressCache</info>
</control>
<control type="progress">
<posx>0</posx>
<posy>850</posy>
<width>1920</width>
<height>21</height>
<texturebg colordiffuse="00FFFFFF">colors/white.png</texturebg>
<midtexture colordiffuse="highlight">colors/white.png</midtexture>
<info>Player.Progress</info>
</control>
<control type="slider" id="117">
		<posx>0</posx>
		<posy>850</posy>
		<width>1920</width>
		<height>21</height>
		<ondown>8001</ondown>
		<orientation>horizontal</orientation>
		<texturesliderbar colordiffuse="00FFFFFF">colors/white.png</texturesliderbar>
		<textureslidernib colordiffuse="FFFFFFFF">colors/white.png</textureslidernib>
		<textureslidernibfocus colordiffuse="90FFFFFF">colors/white.png</textureslidernibfocus>
		<action>seek</action>
		<controloffsetx></controloffsetx>
		<controloffsety></controloffsety>
		<pulseonselect></pulseonselect>
		<orientation>horizontal</orientation>
</control>

</control>





		<control type="grouplist" id="8001">
		<posx>580</posx>
		<posy>1025</posy>
		<width>800</width>
		<height>100</height>
		<align>center</align>
		<itemgap>20</itemgap>
		<onright>8002</onright>
		<onleft>setfocus(215)</onleft>
		<onup>SetFocus(9005)</onup>
		<orientation>horizontal</orientation>
        <control type="togglebutton" id="11">
            <description>Skip Back</description>
            <width>48</width>
            <height>48</height>
            <label></label>
            <font />
            <texturefocus colordiffuse="gray">special://skin/extras/eminenceosd/record.png</texturefocus>
            <texturenofocus colordiffuse="LineLabel">special://skin/extras/eminenceosd/record.png</texturenofocus>
            <usealttexture>PVR.IsRecordingPlayingChannel</usealttexture>
            <alttexturefocus colordiffuse="gray">special://skin/extras/eminenceosd/record-on.png</alttexturefocus>
            <alttexturenofocus colordiffuse="LineLabel">special://skin/extras/eminenceosd/record-on.png</alttexturenofocus>
            <onclick>PVR.ToggleRecordPlayingChannel</onclick>
            <enable>PVR.CanRecordPlayingChannel</enable>
            <visible>VideoPlayer.Content(LiveTV)</visible>
            <animation effect="fade" start="100" end="33" time="100" condition="!PVR.CanRecordPlayingChannel">Conditional</animation>
        </control>

        <control type="button" id="12">
            <description>Skip Back</description>
            <width>48</width>
            <height>48</height>
            <label></label>
            <font />
            <texturefocus colordiffuse="gray" flipx="true">special://skin/extras/eminenceosd/next.png</texturefocus>
            <texturenofocus colordiffuse="LineLabel" flipx="true">special://skin/extras/eminenceosd/next.png</texturenofocus>
            <onclick>PlayerControl(Previous)</onclick>
        </control>

        <control type="button" id="13">
            <description>Rewind</description>
            <width>48</width>
            <height>48</height>
            <label></label>
            <font />
            <texturefocus colordiffuse="gray" flipx="true">special://skin/extras/eminenceosd/ff.png</texturefocus>
            <texturenofocus colordiffuse="LineLabel" flipx="true">special://skin/extras/eminenceosd/ff.png</texturenofocus>
            <onclick>PlayerControl(Rewind)</onclick>
        </control>

        <control type="togglebutton" id="14">
            <description>Play/Pause</description>
            <width>48</width>
            <height>48</height>
            <label></label>
            <altlabel></altlabel>
            <font />
            <texturefocus colordiffuse="gray">special://skin/extras/eminenceosd/pause.png</texturefocus>
            <texturenofocus colordiffuse="LineLabel">special://skin/extras/eminenceosd/pause.png</texturenofocus>
            <usealttexture>Player.Paused | Player.Forwarding | Player.Rewinding</usealttexture>
            <alttexturefocus colordiffuse="gray">special://skin/extras/eminenceosd/play.png</alttexturefocus>
            <alttexturenofocus colordiffuse="LineLabel">special://skin/extras/eminenceosd/play.png</alttexturenofocus>
            <onclick>PlayerControl(Play)</onclick>
        </control>

        <control type="button" id="15">
            <description>Stop</description>
            <width>48</width>
            <height>48</height>
            <label></label>
            <font />
            <texturefocus colordiffuse="gray">special://skin/extras/eminenceosd/stop.png</texturefocus>
            <texturenofocus colordiffuse="white">special://skin/extras/eminenceosd/stop.png</texturenofocus>
            <onclick>PlayerControl(Stop)</onclick>
        </control>

        <control type="button" id="16">
            <description>Fast Forward</description>
            <width>48</width>
            <height>48</height>
            <label></label>
            <font />
            <texturefocus colordiffuse="gray">special://skin/extras/eminenceosd/ff.png</texturefocus>
            <texturenofocus colordiffuse="LineLabel">special://skin/extras/eminenceosd/ff.png</texturenofocus>
            <onclick>PlayerControl(Forward)</onclick>
        </control>

        <control type="button" id="17">
            <description>Next</description>
            <width>48</width>
            <height>48</height>
            <label></label>
            <font />
            <texturefocus colordiffuse="gray">special://skin/extras/eminenceosd/next.png</texturefocus>
            <texturenofocus colordiffuse="LineLabel">special://skin/extras/eminenceosd/next.png</texturenofocus>
            <onclick>PlayerControl(Next)</onclick>
        </control>
		</control>-->
		


<control type="grouplist" id="8002">
<onleft>8001</onleft>
<posx>1030</posx>
<posy>1020</posy>
<width>900</width>
<height>50</height>
<align>right</align>
<onup>9005</onup>
<orientation>horizontal</orientation>
<itemgap>5</itemgap>
<control type="button" id="221">
<posx>0</posx>
<posy>0</posy>
<width>auto</width>
<height>50</height>
<align>right</align>
<textcolor>white</textcolor>
<focusedcolor>gray</focusedcolor>
<texturefocus>-</texturefocus>
<texturenofocus>-</texturenofocus>
<label>חפש כתובית</label>
<onclick>ActivateWindow(subtitlesearch)</onclick>
</control>
<control type="button" id="222">
<visible>VideoPlayer.HasSubtitles + !VideoPlayer.SubtitlesEnabled</visible>
<posx>0</posx>
<posy>0</posy>
<width>auto</width>
<height>50</height>
<align>right</align>
<textcolor>white</textcolor>
<focusedcolor>gray</focusedcolor>
<texturefocus>-</texturefocus>
<texturenofocus>-</texturenofocus>
<label>הפעל כתובית</label>
<onclick>showsubtitles</onclick>
</control>
<control type="button" id="223">
<visible>VideoPlayer.HasSubtitles + VideoPlayer.SubtitlesEnabled</visible>
<posx>0</posx>
<posy>0</posy>
<width>auto</width>
<height>50</height>
<align>right</align>
<textcolor>white</textcolor>
<focusedcolor>gray</focusedcolor>
<texturefocus>-</texturefocus>
<texturenofocus>-</texturenofocus>
<label>בטל כתובית</label>
<onclick>showsubtitles</onclick>
</control>
</control>


<control type="grouplist" id="8003">
<onleft>8001</onleft>
<posx></posx>
<posy>1020</posy>
<width>900</width>
<height>50</height>
<align>left</align>
<onright>8001</onright>
<onup>9005</onup>
<orientation>horizontal</orientation>
<itemgap>5</itemgap>
<control type="button" id="212">
<posx>0</posx>
<posy>0</posy>
<width>auto</width>
<height>50</height>
<align>right</align>
<textcolor>white</textcolor>
<focusedcolor>gray</focusedcolor>
<texturefocus>-</texturefocus>
<texturenofocus>-</texturenofocus>
<label>אודיו</label>
<onclick>ActivateWindow(osdaudiosettings)</onclick>
</control>
<control type="button" id="213">
<posx>0</posx>
<posy>0</posy>
<width>auto</width>
<height>50</height>
<align>right</align>
<textcolor>white</textcolor>
<focusedcolor>gray</focusedcolor>
<texturefocus>-</texturefocus>
<texturenofocus>-</texturenofocus>
<label>וידאו</label>
<onclick>ActivateWindow(osdvideosettings)</onclick>
</control>
<control type="button" id="214">
<posx>0</posx>
<posy>0</posy>
<width>auto</width>
<height>50</height>
<align>right</align>
<textcolor>white</textcolor>
<focusedcolor>gray</focusedcolor>
<texturefocus>-</texturefocus>
<texturenofocus>-</texturenofocus>
<label>סימניות</label>
<onclick>ActivateWindow(videobookmarks)</onclick>
</control>
<control type="button" id="215">
<posx>0</posx>
<posy>0</posy>
<width>auto</width>
<height>50</height>
<align>right</align>
<textcolor>white</textcolor>
<focusedcolor>gray</focusedcolor>
<texturefocus>-</texturefocus>
<texturenofocus>-</texturenofocus>
<label>מידע נוסף</label>
<onclick>SetFocus(9005)</onclick>
</control>
</control>


<control type="group">
<posy>-30</posy>
<control type="button" id="9005">
<ondown>8001</ondown>
<onback>8001</onback>
<posx>0</posx>
<posy>0</posy>
<width>1</width>
<height>1</height>
<label></label>
</control>
<control type="group">
<visible>Control.hasfocus(9005)</visible>
<animation condition="control.hasfocus(9005)" effect="fade" start="0" end="100" time="550" delay="150">Conditional</animation>
<control type="label">

<posx>1900</posx>
<posy>750</posy>
<width>1400</width>
<height>100</height>
<align>right</align>
<font>largeLight</font>
<label>[B]$VAR[osdlabel][/B]</label>
</control>

<control type="textbox">
<autoscroll fade="3000" time="3000" repeat="3000" delay="5000"></autoscroll>
<posx>900</posx>
<posy>840</posy>
<width>1000</width>
<height>110</height>
<align>right</align>
<aligny>center</aligny>
<font>SmallStrong</font>
<label>$VAR[osdplot]</label>
</control>
<control type="label">
<posx>1900</posx>
<posy>930</posy>
<width>1400</width>
<height>100</height>
<align>right</align>
<label>$INFO[VideoPlayer.Genre]</label>
</control>
<control type="label">
<visible>String.IsEmpty(VideoPlayer.Genre)</visible>
<posx>1900</posx>
<posy>930</posy>
<width>1400</width>
<height>100</height>
<align>right</align>
<label>$VAR[osdinfoextra]</label>
</control>
<control type="image">
<posx>10</posx>
<posy>750</posy>
<width>180</width>
<height>250</height>
<texture fallback="special://skin/extras/fallbacks/videodefault.jpg">$VAR[osdimage]</texture>
</control>

<control type="group">
<posx>1000</posx>
<posy>155</posy>
<control type="label">
<posx>600</posx>
<posy>850</posy>
<width>200</width>
<height>50</height>
<align>center</align>
<font>SmallStrong</font>
<label>$INFO[System.Time]</label>
</control>
<control type="image">
<posx>750</posx>
<posy>860</posy>
<width>25</width>
<height>25</height>
<aspectratio>keep</aspectratio>
<texture>special://skin/extras/osd/time-8-512.png</texture>
</control>
<control type="label">
<posx>745</posx>
<posy>850</posy>
<width>200</width>
<height>50</height>
<align>center</align>
<font>SmallStrong</font>
<label>$INFO[Player.TimeRemaining]</label>
</control>
</control>

<control type="grouplist">
<posx>0</posx>
<posy>995</posy>
<width>800</width>
<height>200</height>
<align>left</align>
<orientation>horizontal</orientation>
<itemgap>5</itemgap>
<control type="image">
<posx>0</posx>
<posy>0</posy>
<width>70</width>
<height>70</height>
<aspectratio>keep</aspectratio>
<texture>special://skin/extras/eminence_osd_flags/resolution/$INFO[VideoPlayer.VideoResolution].png</texture>
</control>
<control type="image">
<posx>0</posx>
<posy>0</posy>
<width>70</width>
<height>70</height>
<aspectratio>keep</aspectratio>
<texture>special://skin/extras/eminence_osd_flags/channels/$INFO[VideoPlayer.AudioChannels].png</texture>
</control>
<control type="image">
<posx>0</posx>
<posy>0</posy>
<width>70</width>
<height>70</height>
<aspectratio>keep</aspectratio>
<texture>special://skin/extras/eminence_osd_flags/audio/$INFO[VideoPlayer.AudioCodec].png</texture>
</control>
<control type="image">
<posx>0</posx>
<posy>0</posy>
<width>70</width>
<height>70</height>
<aspectratio>keep</aspectratio>
<texture>special://skin/extras/eminence_osd_flags/source/$INFO[VideoPlayer.VideoCodec].png</texture>
</control>
</control>

<!--<control type="image">
<posx>1410</posx>
<posy>650</posy>
<width>480</width>
<height>250</height>
<texture>$VAR[osdlogo]</texture>
</control>-->
</control>
</control>



</control>

    </include>
</includes>