<?xml version="1.0" encoding="UTF-8"?>



<includes>

<include name="mediacenterextrasinfoosd">
<include>extrasinfoosd</include>
<include>extraosdimage</include>
<include>meidiacenterosdvolume</include>
<include>mediacenterosdrss</include>
<include>studionetworking</include>
</include>

<include name="extrasinfoosd">
<control type="group">
<posx>920</posx>
<posy>1790</posy>
<control type="textbox">
<autoscroll time="3000" fade="3000" repeat="4000" delay="8000"></autoscroll>
<posx>0</posx>
<posy>0</posy>
<width>1000</width>
<height>140</height>
<align>right</align>
<aligny>center</aligny>
<alignx>center</alignx>
<font>SmallStrong</font>
<label>$VAR[osdplot]</label>
</control>
</control>
</include>



<include name="extraosdimage">
<control type="group">
<posx>1688</posx>
<posy>1450</posy>
<control type="image">
<posx>-400</posx>
<posy>0</posy>
<width>630</width>
<height>320</height>
<texture>$VAR[osdimagefanart]</texture>
</control>
<control type="image">
<posx>0</posx>
<posy>0</posy>
<width>230</width>
<height>320</height>
<texture>$VAR[osdimageposter]</texture>
</control>
</control>
</include>


<include name="meidiacenterosdvolume">
<control type="group">
<posy>2060</posy>
<control type="progress">
<posx>120</posx>
<posy>0</posy>
<width>250</width>
<height>5</height>
<texturebg border="1,1,1,1" colordiffuse="ff3b3b3b">colors/white.png</texturebg>
<midtexture colordiffuse="highlight">colors/white.png</midtexture>
<info>Player.Volume</info>
</control>
<control type="slider" id="118">
		<posx>120</posx>
		<posy>-2</posy>
		<width>250</width>
		<height>10</height>
		<onup>8001</onup>
		<orientation>horizontal</orientation>
		<texturesliderbar colordiffuse="00FFFFFF">colors/white.png</texturesliderbar>
		<textureslidernib colordiffuse="FFFFFFFF">colors/white.png</textureslidernib>
		<textureslidernibfocus colordiffuse="90FFFFFF">colors/white.png</textureslidernibfocus>
		<action>volume</action>
		<controloffsetx></controloffsetx>
		<controloffsety></controloffsety>
		<pulseonselect></pulseonselect>
		<orientation>horizontal</orientation>
</control>
</control>

<control type="group">
<posy>2050</posy>
<control type="image">
<visible>!Integer.IsGreater(Player.Volume,0)</visible>
<posx>86</posx>
<posy>0</posy>
<width>25</width>
<height>25</height>
<texture>special://skin/extras/osd/mute.png</texture>
</control>
<control type="image">
<visible>Integer.IsGreater(Player.Volume,0) + !Integer.IsGreater(Player.Volume,25)</visible>
<posx>86</posx>
<posy>0</posy>
<width>25</width>
<height>25</height>
<texture>special://skin/extras/osd/volume0.png</texture>
</control>
<control type="image">
<visible>Integer.IsGreater(Player.Volume,25) + !Integer.IsGreater(Player.Volume,50)</visible>
<posx>86</posx>
<posy>0</posy>
<width>25</width>
<height>25</height>
<texture>special://skin/extras/osd/volume1.png</texture>
</control>
<control type="image">
<visible>Integer.IsGreater(Player.Volume,50) + !Integer.IsGreater(Player.Volume,75)</visible>
<posx>86</posx>
<posy>0</posy>
<width>25</width>
<height>25</height>
<texture>special://skin/extras/osd/volume2.png</texture>
</control>
<control type="image">
<visible>Integer.IsGreater(Player.Volume,75) + !Integer.IsGreater(Player.Volume,100)</visible>
<posx>86</posx>
<posy>0</posy>
<width>25</width>
<height>25</height>
<texture>special://skin/extras/osd/volume3.png</texture>
</control>
</control>
</include>

<include name="mediacenterosdrss">
<control type="group">
<posx>0</posx>
<posy>1929.5</posy>
<control type="image">
<posx>0</posx>
<posy>0</posy>
<width>400</width>
<height>40</height>
<bordertexture colordiffuse="20FFFFFF" border="2,0,2,0">colors/white.png</bordertexture>
<bordersize>0</bordersize>
<texture>special://skin/extras/osd/top_left.png</texture>
<colordiffuse>FF000000</colordiffuse>
</control>
<include>rssfeedosdplayer</include>
</control>
</include>

<include name="studionetworking">
<control type="group">

<posx>400</posx>
<posy>1929.5</posy>
<control type="image">
<posx>0</posx>
<posy>0</posy>
<width>400</width>
<height>40</height>
<bordertexture colordiffuse="20FFFFFF" border="2,0,2,0">colors/white.png</bordertexture>
<bordersize>0</bordersize>
<texture>special://skin/extras/osd/top_left.png</texture>
<colordiffuse>FF000000</colordiffuse>
</control>
<control type="label">
<posx>235</posx>
<posy>0</posy>
<width>600</width>
<height>40</height>
<font>SmallStrong</font>
<label>רשת משדרת:</label>
</control>
<control type="label">
<posx>230</posx>
<posy>0</posy>
<width>200</width>
<height>40</height>
<font>SmallStrong</font>
<align>right</align>
<label>$VAR[osdinfoextra]</label>
</control>
<control type="label">
<visible>String.IsEmpty(Window(home).Property(SkinHelper.Player.Studio)) + String.IsEmpty(VideoPlayer.Studio)</visible>
<posx>230</posx>
<posy>0</posy>
<width>200</width>
<height>40</height>
<font>SmallStrong</font>
<align>right</align>
<label>אין מידע רשת משדרת</label>
</control>


</control>

<control type="group">
<posx>800</posx>
<posy>1929.5</posy>
<control type="image">
<posx>0</posx>
<posy>0</posy>
<width>700</width>
<height>40</height>
<bordertexture colordiffuse="20FFFFFF" border="2,0,2,0">colors/white.png</bordertexture>
<bordersize>0</bordersize>
<texture>special://skin/extras/osd/top_left.png</texture>
<colordiffuse>FF000000</colordiffuse>
</control>
<control type="label">
<posx>90</posx>
<posy>0</posy>
<width>800</width>
<height>40</height>
<font>SmallStrong</font>
<align>left</align>
<label>$INFO[VideoPlayer.VideoResolution,איכות ] • $INFO[VideoPlayer.AudioCodec,קידוד ] • $INFO[VideoPlayer.AudioChannels,ערוצים ] • $INFO[VideoPlayer.VideoAspect,יחס ]</label>
</control>
</control>


<control type="group">

<posx>1485</posx>
<posy>1929.5</posy>
<control type="image">
<posx>0</posx>
<posy>0</posy>
<width>440</width>
<height>40</height>
<bordertexture colordiffuse="20FFFFFF" border="2,0,2,0">colors/white.png</bordertexture>
<bordersize>0</bordersize>
<texture>special://skin/extras/osd/top_left.png</texture>
<colordiffuse>FF000000</colordiffuse>
</control>
<control type="label">
<posx>20</posx>
<posy>0</posy>
<width>400</width>
<height>40</height>
<font>SmallStrong</font>
<align>center</align>
<label>$INFO[VideoPlayer.Genre]</label>
</control>
<control type="label">
<visible>String.IsEmpty(VideoPlayer.Genre)</visible>
<posx>20</posx>
<posy>0</posy>
<width>400</width>
<height>40</height>
<font>SmallStrong</font>
<align>center</align>
<label>אין מידע לסרט זה</label>
</control>
</control>


<control type="group">
<posx>5</posx>
<posy>1629.5</posy>
<control type="image">
<posx>0</posx>
<posy>0</posy>
<width>700</width>
<height>300</height>
<texture>$VAR[homeclearlogo]</texture>
<colordiffuse>90FFFFFF</colordiffuse>
</control>
</control>

</include>



</includes>
