<?xml version="1.0" encoding="UTF-8"?>
<includes>



<include name="globalanimation">
<definition>
<animation type="WindowOpen">
<effect type="slide" start="0,0" end="$PARAM[animposx],$PARAM[animposy]" time="$PARAM[time]" delay="$PARAM[delay]" tween="sine" easing="inout"/>
</animation>
<animation type="WindowClose">
<effect type="slide" start="$PARAM[animposx],$PARAM[animposy]" end="0,0" time="$PARAM[time]" delay="$PARAM[delay]" tween="sine" easing="inout"/>
</animation>
</definition>
</include>


</includes>
