<?xml version="1.0" encoding="UTF-8"?>



<includes>

<include name="mediacenterscreenhome">
<include>Media_Center_Home</include>
<include>loadingwidgetshome</include>
<include>submenu</include>
<include>mainmenu</include>
<include>mediacenterwidgetinfo</include>
<include>mediacentermainweather</include>
<include>sidemenu</include>
<include>mediacenterplayerhomeinfo</include>
<include>buildversion</include>
<include>rssfeedmainscreen</include>

<include>skinshortcuts-template-widget</include>
<include>skinshortcuts-template-widget1</include>
<include>skinshortcuts-template-widget2</include>
</include>



<include name="Media_Center_Home">

		<control type="multiimage">
		<visible>!Player.HasVideo</visible>
				<animation effect="fade" start="0" end="100" time="1000">WindowOpen</animation>
				
				<width>fsextra</width>
				<height>fullscreenHeight</height>
				<imagepath>$VAR[homeBackgroundLocation]</imagepath>
				<timeperimage>45000</timeperimage>
				<fadetime>200</fadetime>
				<pauseatend>10000</pauseatend>
				<randomize>true</randomize>
				<loop>yes</loop>
				<aspectratio>scale</aspectratio>
				<colordiffuse>99ffffff</colordiffuse>
			</control>
			
			<control type="group">
			<control type="VideoWindow">
			<posx>0</posx>
			<posy>0</posy>
			<width>1920</width>
			<height>1080</height>
			<aspectratio>stretch</aspectratio>
			</control>
			<control type="image">
			<visible>Player.HasVideo + Window.IsActive(home)</visible>
			<posx>0</posx>
			<posy>0</posy>
			<width>1920</width>
			<height>1080</height>
			<texture>colors/black.png</texture>
			<colordiffuse>87000000</colordiffuse>
			</control>
			</control>
			
			<control type="image">
			<description>sub menu bg</description>
			<include content="globalanimation">
			<param name="animposx" value="0"/>
			<param name="animposy" value="-1000"/>
			<param name="time" value="1200"/>
			</include>
			<posx>0</posx>
			<posy>1970</posy>
			<width>1920</width>
			<height>40</height>
			<texture>colors/black.png</texture>
			<colordiffuse>77000000</colordiffuse>
			</control>
			
			<control type="group">
			<posy>1840</posy>
			<include content="globalanimation">
			<param name="animposx" value="0"/>
			<param name="animposy" value="-1000"/>
			<param name="time" value="1200"/>
			</include>
			<control type="image">
			<description>top menu bg</description>
			<posx>0</posx>
			<posy>0</posy>
			<width>1920</width>
			<height>40</height>
			<texture>colors/white.png</texture>
			<colordiffuse>60848282</colordiffuse>
			</control>
			<control type="image">
			<description>top menu bg</description>
			<posx>0</posx>
			<posy>0</posy>
			<width>1920</width>
			<height>40</height>
			<texture>colors/white.png</texture>
			<colordiffuse>60848282</colordiffuse>
			</control>
			</control>
			
			<control type="image">
			<include content="globalanimation">
			<param name="animposx" value="0"/>
			<param name="animposy" value="-1000"/>
			<param name="time" value="1200"/>
			</include>
			<posx>0</posx>
			<posy>1820</posy>
			<width>1920</width>
			<height>220</height>
			<texture>$VAR[mainhomebar]</texture>
			</control>
			
			
			
		
</include>




<include name="mainmenu">
<control type="wraplist" id="9000">
<include content="globalanimation">
<param name="animposx" value="0"/>
<param name="animposy" value="-1000"/>
<param name="time" value="1200"/>
</include>
<posx>10</posx>
<posy>1850</posy>
<width>1920</width>
<height>250</height>
<focusposition>2</focusposition>
<onback>33456</onback>
<ondown>9001</ondown>
<onup condition="Control.IsVisible(9002)">9002</onup>
<onup condition="Control.IsVisible(9003)">9003</onup>
<onup condition="Control.IsVisible(9104)">9104</onup>
<orientation>Horizontal</orientation>
<scrolltime tween="cubic" easing="inout" time="850"></scrolltime>
<itemlayout width="400" height="containerheight">
<control type="label">
<posx>0</posx>
<posy>0</posy>
<width>350</width>
<height>containerheight</height>
<align>center</align>
<aligny>center</aligny>
<textcolor>white</textcolor>
<font>largeStrong</font>
<label>$INFO[ListItem.Label]</label>
</control>
<control type="image">
<posx>142</posx>
<posy>164</posy>
<width>65</width>
<height>65</height>
<texture>$INFO[ListItem.Thumb]</texture>
</control>
</itemlayout>
<focusedlayout width="400" height="containerheight">
<control type="label">
<visible>!Control.HasFocus(9000)</visible>
<posx>0</posx>
<posy>0</posy>
<width>350</width>
<height>containerheight</height>
<align>center</align>
<aligny>center</aligny>
<font>largeStrong</font>
<textcolor>white</textcolor>
<label>$INFO[ListItem.Label]</label>
</control>
<control type="label">
<visible>Control.HasFocus(9000)</visible>
<posx>0</posx>
<posy>0</posy>
<width>350</width>
<height>containerheight</height>
<align>center</align>
<aligny>center</aligny>
<font>largeStrong</font>
<textcolor>yellow</textcolor>
<label>$INFO[ListItem.Label]</label>
</control>
<control type="image">
<animation effect="rotatey" start="360" end="-360" time="450" delay="450" center="180">Focus</animation>
<posx>142</posx>
<posy>164</posy>
<width>65</width>
<height>65</height>
<texture>$INFO[ListItem.Thumb]</texture>
</control>
</focusedlayout>
<content><include>skinshortcuts-mainmenu</include></content>
</control>
</include>



<include name="submenu">
<control type="group">
<animation effect="fade" start="0" end="100" time="450">VisibleChange</animation>
			<include content="globalanimation">
			<param name="animposx" value="0"/>
			<param name="animposy" value="-1000"/>
			<param name="time" value="1200"/>
			</include>
<control type="wraplist" id="9001">
<posx>10</posx>
<posy>1920</posy>
<width>1920</width>
<height>250</height>
<focusposition>2</focusposition>
<onup>9000</onup>
<onback>33456</onback>
<orientation>Horizontal</orientation>
<scrolltime tween="sine" easing="inout" time="850"></scrolltime>
<itemlayout width="400" height="containerheight">
<control type="label">
<posx>0</posx>
<posy>0</posy>
<width>350</width>
<height>containerheight</height>
<align>center</align>
<aligny>center</aligny>
<textcolor>white</textcolor>
<font>SmallStrong</font>
<label>$INFO[ListItem.Label]</label>
</control>
</itemlayout>
<focusedlayout width="400" height="containerheight">
<control type="image">
<visible>Control.HasFocus(9001)</visible>
<posx>0</posx>
<posy>60</posy>
<width>350</width>
<height>30</height>
<texture colordiffuse="50185A9C">colors/white.png</texture>
</control>

<control type="label">
<visible>!Control.HasFocus(9001)</visible>
<posx>0</posx>
<posy>0</posy>
<width>350</width>
<height>containerheight</height>
<align>center</align>
<aligny>center</aligny>
<font>SmallStrong</font>
<textcolor>$INFO[Skin.String(submenufocusedcolor)]</textcolor>
<label>$INFO[ListItem.Label]</label>
</control>
<control type="label">
<visible>Control.HasFocus(9001)</visible>
<posx>0</posx>
<posy>0</posy>
<width>350</width>
<height>containerheight</height>
<align>center</align>
<aligny>center</aligny>
<font>SmallStrong</font>
<textcolor>yellow</textcolor>
<label>$INFO[ListItem.Label]</label>
</control>

</focusedlayout>
<content><include>skinshortcuts-submenu</include></content>
</control>
</control>
</include>


<include name="sidemenu">
<control type="grouplist" id="33456">
<include content="globalanimation">
<param name="animposx" value="1000"/>
<param name="animposy" value="0"/>
<param name="time" value="1200"/>
<param name="delay" value="150"/>
</include>
<onup condition="Control.IsVisible(9002)">9002</onup>
<ondown>9000</ondown>
<posx>-995</posx>
<posy>845</posy>
<width>800</width>
<height>100</height>
<onback>9000</onback>
<orientation>horizontal</orientation>
<itemgap>15</itemgap>
<control type="button" id="21">
<animation condition="Control.HasFocus(21)" effect="rotatey" start="0" end="-360" time="450" center="15">Conditional</animation>
<posx>0</posx>
<posy>0</posy>
<width>25</width>
<height>25</height>
<texturenofocus>special://skin/extras/icons/settings-17-xxl.png</texturenofocus>
<texturefocus colordiffuse="burlywood">special://skin/extras/icons/settings-17-xxl.png</texturefocus>
<onclick>ActivateWindow(settings)</onclick>
</control>
<control type="button" id="22">
<animation condition="Control.HasFocus(22)" effect="rotatey" start="0" end="-360" time="450" center="15">Conditional</animation>
<posx>0</posx>
<posy>0</posy>
<width>25</width>
<height>25</height>
<texturenofocus>special://skin/extras/icons/watch-xxl.png</texturenofocus>
<texturefocus colordiffuse="burlywood">special://skin/extras/icons/watch-xxl.png</texturefocus>
<onclick>-</onclick>
</control>
<control type="button" id="23">
<animation condition="Control.HasFocus(23)" effect="rotatey" start="0" end="-360" time="450" center="15">Conditional</animation>
<posx>0</posx>
<posy>0</posy>
<width>25</width>
<height>25</height>
<texturenofocus>special://skin/extras/icons/x-mark-3-xxl.png</texturenofocus>
<texturefocus colordiffuse="burlywood">special://skin/extras/icons/x-mark-3-xxl.png</texturefocus>
<onclick>ActivateWindow(10001,&quot;plugin://plugin.close.kodi/?description&amp;fanart=C%3a%5cUsers%5cneta%5cAppData%5cRoaming%5cKodi%5caddons%5cplugin.close.kodi%5cfanart.jpg&amp;iconimage=C%3a%5cUsers%5cneta%5cAppData%5cRoaming%5cKodi%5caddons%5cplugin.close.kodi%5cresources%5cart%5cforce.png&amp;mode=4&amp;name=Insta%20Kill%20(Warning%20Kills%20The%20MediaCenter%20Instantly)&amp;url=fclose&quot;,return)</onclick>
</control>
<control type="button" id="24">
<animation condition="Control.HasFocus(24)" effect="rotatey" start="0" end="-360" time="450" center="15">Conditional</animation>
<posx>0</posx>
<posy>0</posy>
<width>25</width>
<height>25</height>
<texturenofocus>special://skin/extras/telegram.png</texturenofocus>
<texturefocus colordiffuse="burlywood">special://skin/extras/telegram.png</texturefocus>
<onclick>RunAddon(plugin.video.telemedia)</onclick>
</control>
<control type="button" id="25">
<animation condition="Control.HasFocus(25)" effect="rotatey" start="0" end="-360" time="450" center="15">Conditional</animation>
<posx>0</posx>
<posy>0</posy>
<width>25</width>
<height>25</height>
<texturenofocus>special://skin/extras/icons/favourite.png</texturenofocus>
<texturefocus colordiffuse="burlywood">special://skin/extras/icons/favourite.png</texturefocus>
<onclick>ActivateWindow(favourites)</onclick>
</control>
<control type="button" id="26">
<animation condition="Control.HasFocus(26)" effect="rotatey" start="0" end="-360" time="450" center="15">Conditional</animation>
<posx>0</posx>
<posy>0</posy>
<width>25</width>
<height>25</height>
<texturefocus>special://skin/extras/icons/real_debrid.png</texturefocus>
<texturenofocus>special://skin/extras/icons/real_debrid.png</texturenofocus>
<onclick>RunPlugin(plugin://script.module.resolveurl/?mode=auth_rd,return)</onclick>
</control>
</control>
</include>


<include name="buildversion">
<control type="group">
<control type="label">
<include content="globalanimation">
<param name="animposx" value="1005"/>
<param name="animposy" value="0"/>
<param name="time" value="1200"/>
<param name="delay" value="150"/>
</include>
<posx>-1000</posx>
<posy>-5</posy>
<width>250</width>
<height>50</height>
<align>left</align>
<font>SmallStrong</font>
<label>$VAR[homelabel]</label>
</control>
<control type="label">
<include content="globalanimation">
<param name="animposx" value="0"/>
<param name="animposy" value="-1000"/>
<param name="time" value="1200"/>
<param name="delay" value="350"/>
</include>
<posx>680</posx>
<posy>1836</posy>
<width>600</width>
<height>40</height>
<align>center</align>
<font>SmallStrong</font>
<label>$INFO[Container(9000).ListItem.Property(widgetName)] $INFO[Container(9000).ListItem.Property(widgetName.widget1)] $INFO[Container(9000).ListItem.Property(widgetName.widget2)]</label>
</control>
</control>
</include>

<include name="loadingwidgetshome">
<control type="image">
<visible>!Integer.IsGreater(Container(9003).NumItems,0) + Container(9003).IsUpdating</visible>
<posx>850</posx>
<posy>300</posy>
<width>250</width>
<height>250</height>
<aspectratio>keep</aspectratio>
<texture>special://skin/extras/busy/cloe-ferrara-loader2-0.gif</texture>
</control>
</include>

	<include name="bglobal">
	<control type="image">
	<posx>0</posx>
	<posy>0</posy>
	<width>1920</width>
	<height>1080</height>
	<texture>$VAR[globalbackground]</texture>
	</control>
	<control type="label">
		<posx>0</posx>
		<posy>1020</posy>
		<width>1920</width>
		<height>50</height>
		<align>center</align>
		<label>$VAR[signaturemc]</label>
		</control>
	</include>
</includes>


