<?xml version="1.0" encoding="UTF-8"?>



<includes>



<include name="mediacenterplayerhomeinfo">
<include>mediacenterplayerinfo</include>
<include>playercontrol</include>
<include>playerlabelinfo</include>
<include>homescreenclearlogo</include>
</include>


<include name="mediacenterplayerinfo">
<control type="group">
<animation condition="$EXP[megawidgetfade]" effect="fade" start="100" end="0" time="250">Conditional</animation>
<include content="globalanimation">
<param name="animposx" value="0"/>
<param name="animposy" value="1090"/>
<param name="time" value="1200"/>
</include>
<visible>Player.HasVideo | Player.HasAudio</visible>
<posx>1275</posx>
<posy>-1070</posy>
<control type="progress">
<posx>0</posx>
<posy>0</posy>
<width>500</width>
<height>35</height>
<texturebg border="1,1,1,1" colordiffuse="ff3b3b3b">colors/white.png</texturebg>
<midtexture colordiffuse="burlywood">colors/white.png</midtexture>
<info>Player.ProgressCache</info>
</control>
<control type="progress">
<posx>0</posx>
<posy>0</posy>
<width>500</width>
<height>35</height>
<texturebg colordiffuse="00FFFFFF">colors/white.png</texturebg>
<midtexture colordiffuse="highlight">colors/white.png</midtexture>
<info>Player.Progress</info>
</control>
<control type="slider" id="4444">
<posx>0</posx>
<posy>0</posy>
<width>500</width>
<height>35</height>
		<texturesliderbar colordiffuse="00FFFFFF">colors/white.png</texturesliderbar>
		<textureslidernib colordiffuse="FFFFFFFF">colors/white.png</textureslidernib>
		<textureslidernibfocus colordiffuse="90FFFFFF">colors/white.png</textureslidernibfocus>
<orientation>horizontal</orientation>
<action>seek</action>
 </control>
</control>
</include>


<include name="playercontrol">
<control type="list" id="92848">
<animation condition="$EXP[megawidgetfade]" effect="fade" start="100" end="0" time="250">Conditional</animation>
<include content="globalanimation">
<param name="animposx" value="0"/>
<param name="animposy" value="1014"/>
<param name="time" value="1200"/>
</include>
<visible>Player.HasVideo | Player.HasAudio</visible>
<posx>1000</posx>
<posy>-1000</posy>
<width>500</width>
<height>50</height>
<onup>9002</onup>
<ondown condition="Control.IsVisible(9201)">9201</ondown>
<ondown condition="Control.IsVisible(9202)">9202</ondown>
<ondown condition="Control.IsVisible(9203)">9203</ondown>
<orientation>horizontal</orientation>
<itemlayout width="50" height="50">
<control type="image">
<posx>2</posx>
<posy>0</posy>
<width>50</width>
<height>50</height>
<texture>$INFO[ListItem.Thumb]</texture>
</control>

</itemlayout>
<focusedlayout  width="50" height="50">
<control type="image">
<visible>Control.HasFocus(92848)</visible>
<posx>0</posx>
<posy>0</posy>
<width>55</width>
<height>55</height>
<texture colordiffuse="65FFFFFF">colors/white.png</texture>
</control>
<control type="image">
<posx>2</posx>
<posy>0</posy>
<width>50</width>
<height>50</height>
<texture>$INFO[ListItem.Thumb]</texture>
</control>
<control type="image">
<visible>Control.HasFocus(92848)</visible>
<posx>2</posx>
<posy>0</posy>
<width>50</width>
<height>50</height>
<texture colordiffuse="burlywood">$INFO[ListItem.Thumb]</texture>
</control>
</focusedlayout>
<content>
<item>
<thumb>special://skin/extras/osd/previous.png</thumb>
<onclick>previous</onclick>
</item>
<item>
<thumb>special://skin/extras/osd/stop.png</thumb>
<onclick>stop</onclick>
</item>
<item>
<visible>!Player.Paused</visible>
<thumb>special://skin/extras/osd/pause.png</thumb>
<onclick>pause</onclick>
</item>
<item>
<visible>Player.Paused</visible>
<thumb>special://skin/extras/osd/play.png</thumb>
<onclick>play</onclick>
</item>
<item>
<visible>Player.Muted</visible>
<thumb>special://skin/extras/osd/mute.png</thumb>
<onclick>mute</onclick>
</item>
<item>
<visible>!Player.Muted</visible>
<thumb>special://skin/extras/osd/volume0.png</thumb>
<onclick>mute</onclick>
</item>
<item>
<thumb>special://skin/extras/osd/skipnext.png</thumb>
<onclick>next</onclick>
</item>
</content>
</control>
</include>


<include name="playerlabelinfo">
<control type="group">
<animation condition="$EXP[megawidgetfade]" effect="fade" start="100" end="0" time="250">Conditional</animation>
<include content="globalanimation">
<param name="animposx" value="-1100"/>
<param name="animposy" value="0"/>
<param name="time" value="800"/>
</include>
<posy>10</posy>
<control type="label">
<visible>String.IsEmpty(VideoPlayer.Episode) + String.IsEmpty(VideoPlayer.Season)</visible>
<posx>2880</posx>
<posy>55</posy>
<width>780</width>
<height>50</height>
<align>right</align>
<scroll>true</scroll>
<scrolltime>40</scrolltime>
<label>$INFO[VideoPlayer.Title] $INFO[VideoPlayer.Year]</label>
</control>
<control type="label">
<visible>String.IsEqual(VideoPlayer.Year,2021)</visible>
<visible>![String.IsEmpty(VideoPlayer.Episode) + String.IsEmpty(VideoPlayer.Season)]</visible>
<posx>2880</posx>
<posy>55</posy>
<width>780</width>
<height>50</height>
<align>right</align>
<scroll>true</scroll>
<scrolltime>40</scrolltime>
<label> $INFO[VideoPlayer.TvShowTitle] $INFO[VideoPlayer.Season] עונה $INFO[VideoPlayer.Episode] פרק [COLOR gray]סדרה חדשה[/COLOR]</label>
</control>
<control type="label">
<visible>!String.IsEqual(VideoPlayer.Year,2021)</visible>
<visible>![String.IsEmpty(VideoPlayer.Episode) + String.IsEmpty(VideoPlayer.Season)]</visible>
<posx>2880</posx>
<posy>55</posy>
<width>780</width>
<height>50</height>
<align>right</align>
<scroll>true</scroll>
<scrolltime>40</scrolltime>
<label>$INFO[VideoPlayer.TvShowTitle] $INFO[VideoPlayer.Season] עונה $INFO[VideoPlayer.Episode] פרק</label>
</control>
</control>
</include>



<include name="osdinfo">
<definition>
<control type="label">
<posx>0</posx>
<posy>0</posy>
<width>$PARAM[width]</width>
<height>35</height>
<align>center</align>
<font>SmallStrong</font>
<label>$PARAM[label1]</label>
<textcolor>highlight</textcolor>
</control>
<control type="label">
<posx>0</posx>
<posy>30</posy>
<width>$PARAM[width]</width>
<height>35</height>
<align>center</align>
<font>SmallStrong</font>
<label>$PARAM[label2]</label>
<textcolor>white</textcolor>
</control>
</definition>
</include>


<include name="globalplayervolume">
<control type="group">
<control type="image">
<visible>integer.isgreater(player.volume,0) + !integer.isgreater(player.volume,10)</visible>
<posx>0</posx>
<posy>0</posy>
<width>192</width>
<height>2</height>
<texture>colors/white.png</texture>
<colordiffuse>60FFFFFF</colordiffuse>
</control>
<control type="image">
<visible>integer.isgreater(player.volume,10) + !integer.isgreater(player.volume,20)</visible>
<posx>0</posx>
<posy>0</posy>
<width>384</width>
<height>2</height>
<texture>colors/white.png</texture>
<colordiffuse>60FFFFFF</colordiffuse>
</control>
<control type="image">
<visible>integer.isgreater(player.volume,20) + !integer.isgreater(player.volume,30)</visible>
<posx>0</posx>
<posy>0</posy>
<width>576</width>
<height>2</height>
<texture>colors/white.png</texture>
<colordiffuse>60FFFFFF</colordiffuse>
</control>
<control type="image">
<visible>integer.isgreater(player.volume,30) + !integer.isgreater(player.volume,40)</visible>
<posx>0</posx>
<posy>0</posy>
<width>768</width>
<height>2</height>
<texture>colors/white.png</texture>
<colordiffuse>60FFFFFF</colordiffuse>
</control>
<control type="image">
<visible>integer.isgreater(player.volume,40) + !integer.isgreater(player.volume,50)</visible>
<posx>0</posx>
<posy>0</posy>
<width>960</width>
<height>2</height>
<texture>colors/white.png</texture>
<colordiffuse>60FFFFFF</colordiffuse>
</control>
<control type="image">
<visible>integer.isgreater(player.volume,50) + !integer.isgreater(player.volume,60)</visible>
<posx>0</posx>
<posy>0</posy>
<width>1152</width>
<height>2</height>
<texture>colors/white.png</texture>
<colordiffuse>60FFFFFF</colordiffuse>
</control>
<control type="image">
<visible>integer.isgreater(player.volume,60) + !integer.isgreater(player.volume,70)</visible>
<posx>0</posx>
<posy>0</posy>
<width>1344</width>
<height>2</height>
<texture>colors/white.png</texture>
<colordiffuse>60FFFFFF</colordiffuse>
</control>
<control type="image">
<visible>integer.isgreater(player.volume,70) + !integer.isgreater(player.volume,80)</visible>
<posx>0</posx>
<posy>0</posy>
<width>1536</width>
<height>2</height>
<texture>colors/white.png</texture>
<colordiffuse>60FFFFFF</colordiffuse>
</control>
<control type="image">
<visible>integer.isgreater(player.volume,80) + !integer.isgreater(player.volume,90)</visible>
<posx>0</posx>
<posy>0</posy>
<width>1725</width>
<height>2</height>
<texture>colors/white.png</texture>
<colordiffuse>60FFFFFF</colordiffuse>
</control>
<control type="image">
<visible>integer.isgreater(player.volume,90) + !integer.isgreater(player.volume,100)</visible>
<posx>0</posx>
<posy>0</posy>
<width>1920</width>
<height>2</height>
<texture>colors/white.png</texture>
<colordiffuse>60FFFFFF</colordiffuse>
</control>
</control>
</include>

<include name="homescreenclearlogo">
<control type="image">
<posx>220</posx>
<posy>0</posy>
<width>150</width>
<height>40</height>
<texture>$VAR[homeclearlogo]</texture>
</control>
</include>

</includes>
