<?xml version="1.0" encoding="UTF-8"?>



<includes>

<include name="mediacenterwidgetinfo">
<control type="group">
<animation effect="fade" start="0" end="100" time="250">VisibleChange</animation>
<visible>![Control.IsVisible(9003) | Control.IsVisible(9104)]</visible>
<visible>Control.IsVisible(9002) + Integer.IsGreater(Container(9002).NumItems,0) + !Container(9002).IsUpdating</visible>
<include content="mediacenter_widgetinfo">
<param name="widgetid" value="9002"/>
</include>
</control>
<control type="group">
<animation effect="fade" start="0" end="100" time="250">VisibleChange</animation>
<visible>![Control.IsVisible(9002) | Control.IsVisible(9104)]</visible>
<visible>Control.IsVisible(9003) + Integer.IsGreater(Container(9003).NumItems,0)  + !Container(9003).IsUpdating</visible>
<include content="mediacenter_widgetinfo">
<param name="widgetid" value="9003"/>
</include>
</control>
<control type="group">
<visible>![Control.IsVisible(9002) | Control.IsVisible(9003]</visible>
<visible>Control.IsVisible(9104) + Integer.IsGreater(Container(9104).NumItems,0)  + !Container(9104).IsUpdating</visible>
<include content="mediacenter_widgetinfo">
<param name="widgetid" value="9104"/>
</include>
</control>
</include>


<include name="mediacenter_homewidget">
<animation condition="$EXP[mediatelesidemenu]" effect="slide" start="0,0" end="-120,0" time="550" tween="sine" easing="inout">Conditional</animation>
<animation condition="$EXP[megawidgetfade]" effect="slide" start="0,0" end="0,50" time="250" tween="sine" easing="inout">Conditional</animation>
<animation effect="fade" start="0" end="100" time="250">VisibleChange</animation>
<posx>160</posx>
<posy>420</posy>
<width>1595</width>
<height>500</height>
<ondown>9000</ondown>
<onback>9000</onback>
<onup condition="Player.HasVideo | Player.HasAudio">92848</onup>
<preloaditems>2</preloaditems>
<orientation>horizontal</orientation>
<focusposition>3</focusposition>
<scrolltime tween="back" easing="inout" time="850"></scrolltime>
<itemlayout width="228" height="250">
<control type="image">
<posx>0</posx>
<posy>10</posy>
<width>225</width>
<height>320</height>
<bordertexture diffuse="special://skin/extras/diffuse/poster_diffuse.png" colordiffuse="darkgray">colors/white.png</bordertexture>
<bordersize>6</bordersize>
<texture fallback="special://skin/extras/fallbacks/NoVideo.png" diffuse="special://skin/extras/diffuse/poster_diffuse.png">$VAR[widgetimage]</texture>
</control>
</itemlayout>
<focusedlayout width="228" height="250">
<control type="image">
<posx>0</posx>
<posy>10</posy>
<width>225</width>
<height>320</height>
<bordertexture diffuse="special://skin/extras/diffuse/poster_diffuse.png" colordiffuse="darkgray">colors/white.png</bordertexture>
<bordersize>6</bordersize>
<texture fallback="special://skin/extras/fallbacks/NoVideo.png" diffuse="special://skin/extras/diffuse/poster_diffuse.png">$VAR[widgetimage]</texture>
</control>
<control type="image">
<animation effect="fade" start="0" end="100" time="250">Focus</animation>
<visible>Control.HasFocus(9002)</visible>
<posx>0</posx>
<posy>340</posy>
<width>225</width>
<height>4</height>
<texture>colors/white.png</texture>
</control>
</focusedlayout>
</include>


<include name="widget_content_second">
<animation condition="$EXP[mediatelesidemenu]" effect="slide" start="0,0" end="-120,0" time="550" tween="sine" easing="inout">Conditional</animation>
<animation condition="$EXP[megawidgetfade]" effect="slide" start="0,0" end="0,50" time="250" tween="sine" easing="inout">Conditional</animation>
<animation effect="fade" start="0" end="100" time="250">VisibleChange</animation>
<posx>160</posx>
<posy>420</posy>
<width>1595</width>
<height>500</height>
<ondown>9000</ondown>
<onback>9000</onback>
<onup condition="Player.HasVideo | Player.HasAudio">92848</onup>
<preloaditems>2</preloaditems>
<orientation>horizontal</orientation>
<focusposition>3</focusposition>
<scrolltime tween="back" easing="inout" time="850"></scrolltime>
<itemlayout width="228" height="250">
<control type="image">
<posx>0</posx>
<posy>10</posy>
<width>225</width>
<height>320</height>
<bordertexture diffuse="special://skin/extras/diffuse/poster_diffuse.png" colordiffuse="darkgray">colors/white.png</bordertexture>
<bordersize>6</bordersize>
<texture fallback="special://skin/extras/fallbacks/NoVideo.png" diffuse="special://skin/extras/diffuse/poster_diffuse.png">$VAR[widgetimage]</texture>
</control>
</itemlayout>
<focusedlayout width="228" height="250">
<control type="image">
<posx>0</posx>
<posy>10</posy>
<width>225</width>
<height>320</height>
<bordertexture diffuse="special://skin/extras/diffuse/poster_diffuse.png" colordiffuse="darkgray">colors/white.png</bordertexture>
<bordersize>6</bordersize>
<texture fallback="special://skin/extras/fallbacks/NoVideo.png" diffuse="special://skin/extras/diffuse/poster_diffuse.png">$VAR[widgetimage]</texture>
</control>
<control type="image">
<animation effect="fade" start="0" end="100" time="250">Focus</animation>
<visible>Control.HasFocus(9003)</visible>
<posx>0</posx>
<posy>340</posy>
<width>225</width>
<height>4</height>
<texture>colors/white.png</texture>
</control>
</focusedlayout>
</include>

<include name="widget_content_theard">
<animation condition="$EXP[mediatelesidemenu]" effect="slide" start="0,0" end="-120,0" time="550" tween="sine" easing="inout">Conditional</animation>
<animation condition="$EXP[megawidgetfade]" effect="slide" start="0,0" end="0,50" time="250" tween="sine" easing="inout">Conditional</animation>
<animation effect="fade" start="0" end="100" time="250">VisibleChange</animation>
<posx>160</posx>
<posy>420</posy>
<width>1595</width>
<height>500</height>
<ondown>9000</ondown>
<onback>9000</onback>
<onup condition="Player.HasVideo | Player.HasAudio">92848</onup>
<preloaditems>2</preloaditems>
<orientation>horizontal</orientation>
<focusposition>3</focusposition>
<scrolltime tween="back" easing="inout" time="850"></scrolltime>
<itemlayout width="228" height="250">
<control type="image">
<posx>0</posx>
<posy>10</posy>
<width>225</width>
<height>320</height>
<bordertexture diffuse="special://skin/extras/diffuse/poster_diffuse.png" colordiffuse="darkgray">colors/white.png</bordertexture>
<bordersize>6</bordersize>
<texture fallback="special://skin/extras/fallbacks/NoVideo.png" diffuse="special://skin/extras/diffuse/poster_diffuse.png">$VAR[widgetimage]</texture>
</control>
</itemlayout>
<focusedlayout width="228" height="250">
<control type="image">
<posx>0</posx>
<posy>10</posy>
<width>225</width>
<height>320</height>
<bordertexture diffuse="special://skin/extras/diffuse/poster_diffuse.png" colordiffuse="darkgray">colors/white.png</bordertexture>
<bordersize>6</bordersize>
<texture fallback="special://skin/extras/fallbacks/NoVideo.png" diffuse="special://skin/extras/diffuse/poster_diffuse.png">$VAR[widgetimage]</texture>
</control>
<control type="image">
<animation effect="fade" start="0" end="100" time="250">Focus</animation>
<visible>Control.HasFocus(9104)</visible>
<posx>0</posx>
<posy>340</posy>
<width>225</width>
<height>4</height>
<texture>colors/white.png</texture>
</control>
</focusedlayout>
</include>

<include name="mediacenter_widgetinfo">
<definition>
<control type="group">
<animation condition="$EXP[megawidgetfade]" effect="fade" start="100" end="0" time="250">Conditional</animation>
<include content="globalanimation">
<param name="animposx" value="0"/>
<param name="animposy" value="1050"/>
<param name="time" value="1200"/>
</include>
<animation type="Focus" condition="Control.IsVisible($PARAM[widgetid]) + Window.IsActive(home)" effect="slide" start="0,0" end="0,550" time="750" tween="sine" easing="inout">Conditional</animation>
<animation effect="fade" start="0" end="100" time="350">VisibleChange</animation>
<posy>-1500</posy>
<control type="multiimage">
<animation condition="Control.HasFocus($PARAM[widgetid])" effect="rotatey" start="0" end="360" time="550" reversible="true" center="250">Conditional</animation>
<posx>160</posx>
<posy>0</posy>
<width>220</width>
<height>280</height>
<fadetime>350</fadetime>
<imagepath>$INFO[Container($PARAM[widgetid]).ListItem.Thumb]</imagepath>
</control>
<control type="label">
<posx>1740</posx>
<posy>0</posy>
<width>1200</width>
<height>140</height>
<align>right</align>
<aligny>center</aligny>
<font>mediumLight</font>
<scroll>true</scroll>
<scrolltime>40</scrolltime>
<label>$INFO[Container($PARAM[widgetid]).ListItem.Year,(,)] $INFO[Container($PARAM[widgetid]).ListItem.Label]</label>
</control>
<control type="textbox">
<autoscroll fade="3000" time="3000" repeat="4000" delay="8000">Control.IsVisible($PARAM[widgetid])</autoscroll>
<posx>540</posx>
<posy>120</posy>
<width>1200</width>
<height>115</height>
<align>right</align>
<aligny>center</aligny>
<font>SmallStrong</font>
<label>$INFO[Container($PARAM[widgetid]).ListItem.Plot]</label>
</control>
<control type="group">
<visible>!String.IsEmpty(Container($PARAM[widgetid]).ListItem.Genre)</visible>
<animation effect="fade" start="0" end="100" time="350">VisibleChange</animation>
<control type="image">
<posx>1710</posx>
<posy>250</posy>
<width>30</width>
<height>30</height>
<texture>special://skin/extras/icons/genre.png</texture>
</control>
<control type="label">
<posx>1700</posx>
<posy>245</posy>
<width>1200</width>
<height>40</height>
<align>right</align>
<font>SmallStrong</font>
<textcolor>gray</textcolor>
<label>[I]$INFO[Container($PARAM[widgetid]).ListItem.Genre][/I]</label>
</control>

<control type="label">
<posx>1920</posx>
<posy>700</posy>
<width>800</width>
<height>50</height>
<align>right</align>
<font>SmallStrong</font>
<label>עמודים $INFO[Container($PARAM[widgetid]).NumPages] / פריטים $INFO[Container($PARAM[widgetid]).NumItems] / בפריט $INFO[Container($PARAM[widgetid]).CurrentItem]</label>
</control>


<control type="group">
<visible>![Player.HasVideo | Player.HasAudio]</visible>
<control type="image">
<visible>!IsEmpty(Window(home).Property(SkinHelper.ListItem.Art.Clearlogo)</visible>
<animation effect="fade" start="0" end="100" time="450">VisibleChange</animation>
<posx>1480</posx>
<posy>-100</posy>
<width>250</width>
<height>120</height>
<texture>$INFO[Window(home).Property(SkinHelper.ListItem.Art.Clearlogo)]</texture>
</control>
<control type="image">
<visible>IsEmpty(Window(home).Property(SkinHelper.ListItem.Art.Clearlogo)</visible>
<animation effect="fade" start="0" end="100" time="450">VisibleChange</animation>
<posx>1480</posx>
<posy>-100</posy>
<width>250</width>
<height>120</height>
<texture>$INFO[Window(home).Property(SkinHelper.ListItem.Art.Clearart)]</texture>
</control>
<control type="image">
<animation effect="fade" start="0" end="100" time="450">VisibleChange</animation>
<posx>1480</posx>
<posy>-100</posy>
<width>250</width>
<height>120</height>
<texture>$VAR[mediacentercelarlogos]</texture>
</control>
</control>

</control>
</control>
</definition>
</include>

</includes>
