<?xml version="1.0" encoding="UTF-8"?>





<includes>


<include name="mediacenterproject">
<definition>
<control type="group">
<posx>-25</posx>
<posy>-100</posy>
<control type="image">
<posx>25</posx>
<posy>140</posy>
<width>320</width>
<height>380</height>
<texture>colors/black.png</texture>
<bordertexture diffuse="special://skin/extras/glass.jpg" colordiffuse="gray">colors/white.png</bordertexture>
<bordersize>5</bordersize>
</control>
<control type="list" id="$PARAM[mediacenterid]">
<animation condition="Control.HasFocus($PARAM[mediacenterid])" effect="fade" start="0" end="100" delay="200" time="650">Conditional</animation>
<animation condition="Control.HasFocus($PARAM[mediacenterid])" effect="rotatey" start="-360" end="360" time="550" center="200">Conditional</animation>
<autoscroll time="3500" fade="3500" repeat="4000" delay="8000">Control.HasFocus($PARAM[buttonid])</autoscroll>
<posx>30</posx>
<posy>148</posy>
<width>1920</width>
<height>368</height>
<onback>1256</onback>
<onclick>Action(info)</onclick>
<orientation>Vertical</orientation>
<focusposition>1</focusposition>
<scrolltime tween="sine" easing="inout">350</scrolltime>
<itemlayout width="220" height="45">
<control type="image">
<visible allowhiddenfocus="true">Control.HasFocus($PARAM[mediacenterid])</visible>
<posx>0</posx>
<posy>0</posy>
<width>310</width>
<height>35</height>
<texture colordiffuse="4a666666">colors/white.png</texture>
</control>
<control type="label">
<visible allowhiddenfocus="true">Control.HasFocus($PARAM[mediacenterid])</visible>
<posx>5</posx>
<posy>0</posy>
<width>310</width>
<height>35</height>
<align>left</align>
<font>SmallStrong</font>
<label>$INFO[ListItem.Label]</label>
</control>

</itemlayout>
<focusedlayout width="220" height="45">
<control type="image">
<visible allowhiddenfocus="true">Control.HasFocus($PARAM[mediacenterid])</visible>
<posx>0</posx>
<posy>0</posy>
<width>310</width>
<height>35</height>
<texture colordiffuse="4a666666">colors/white.png</texture>
</control>
<control type="image">
<visible>Control.HasFocus($PARAM[mediacenterid])</visible>
<posx>0</posx>
<posy>0</posy>
<width>310</width>
<height>35</height>
<texture colordiffuse="highlight">colors/white.png</texture>
</control>
<control type="label">
<visible allowhiddenfocus="true">Control.HasFocus($PARAM[mediacenterid])</visible>
<posx>5</posx>
<posy>0</posy>
<width>310</width>
<height>35</height>
<align>left</align>
<font>SmallStrong</font>
<label>$INFO[ListItem.Label]</label>
</control>
</focusedlayout>
<content sortby="dateadded" sortorder="descending">$PARAM[mediacentercontent]</content>
</control>


<control type="image">
<posx>346</posx>
<posy>140</posy>
<width>50</width>
<height>380</height>
<texture diffuse="special://skin/extras/glass.jpg" colordiffuse="gray">colors/white.png</texture>
</control>

<control type="image">
<animation effect="fade" start="0" end="100" time="250">VisibleChange</animation>
<visible>Control.HasFocus($PARAM[buttonid])</visible>
<posx>358</posx>
<posy>310</posy>
<width>25</width>
<height>25</height>
<texture>special://skin/extras/circles/circle-white.png</texture>
</control>

<control type="group">
<animation condition="Control.HasFocus($PARAM[mediacenterid])" effect="fade" start="100" end="0" time="550">Conditional</animation>
<animation condition="Control.HasFocus($PARAM[mediacenterid])" effect="rotatey" start="-360" end="360" time="550" center="200">Conditional</animation>
<control type="multiimage">

<posx>32</posx>
<posy>147</posy>
<width>307</width>
<height>366</height>
<fadetime>250</fadetime>
<imagepath>$INFO[Container($PARAM[mediacenterid]).ListItem.Thumb]</imagepath>
</control>

<control type="image">
<posx>32</posx>
<posy>455</posy>
<width>308</width>
<height>60</height>
<texture>colors/black.png</texture>
<colordiffuse>99000000</colordiffuse>
</control>
<control type="textbox">
<posx>35</posx>
<posy>450</posy>
<width>300</width>
<height>60</height>
<align>right</align>
<font>SmallStrong</font>
<label>$INFO[Container($PARAM[mediacenterid]).ListItem.Label] $INFO[Container($PARAM[mediacenterid]).ListItem.Year] $INFO[Container($PARAM[mediacenterid]).ListItem.Genre]</label>
</control>
</control>

</control>
</definition>
</include>


</includes>
