<?xml version="1.0" encoding="UTF-8"?>
<window>
    <defaultcontrol always="true">511</defaultcontrol>
    <onload condition="Skin.hassetting(stopVideoOnMenu) + !Player.HasAudio">PlayerControl(stop)</onload>
    <onload>Skin.SetString(recentitems,video)</onload>
	<menucontrol>9100</menucontrol>
    <include>fadeInOut</include>
	<views>511,54</views>
    <controls>
       
	      
			<include condition="!Skin.HasSetting(SkinHelper.View.Disabled.511)">addonposters</include>
			<include condition="!Skin.HasSetting(SkinHelper.View.Disabled.54)">movies_view1</include>
		
			<control type="group">
			<posy>-500</posy>
			<animation condition="ControlGroup(9100).HasFocus()" effect="slide" start="0,0" end="0,800" time="450" tween="sine" easing="inout">Conditional</animation>
			<control type="image">
			<posx>0</posx>
			<posy>0</posy>
			<width>400</width>
			<height>400</height>
			<bordertexture colordiffuse="85FFFFFF">colors/white.png</bordertexture>
			<bordersize>1</bordersize>
			<texture>special://skin/extras/main/main_menu.png</texture>
			</control>
			
			
		<control type="grouplist" id="9100">
		
		<posx>5</posx>
		<posy>10</posy>
		<width>390</width>
		<height>400</height>
		<ondown condition="Control.IsVisible(54)">54</ondown>
		<ondown condition="Control.IsVisible(511)">511</ondown>
		<onright condition="Control.IsVisible(54)">54</onright>
		<onright condition="Control.IsVisible(511)">511</onright>
		<onback>54</onback>
		<orientation>vertical</orientation>
		<itemgap>15</itemgap>
					<control type="button" id="4000">
					<height>40</height>
					<width>550</width>
					<focusedcolor>burlywood</focusedcolor>
					<texturefocus colordiffuse="gray">colors/white.png</texturefocus>
					<texturenofocus colordiffuse="44ffffff">colors/white.png</texturenofocus>
					<description>View As button</description>
					<label>$LOCALIZE[457]: $INFO[Container.Viewmode]</label>
					<onclick>RunScript(script.skin.helper.service,action=SETVIEW)</onclick>
					<include>view_settings_radiobutton</include>
					</control>
					<control type="button" id="3">
					<height>40</height>
					<width>550</width>
					<textcolor>white</textcolor>
					<focusedcolor>burlywood</focusedcolor>
					<texturefocus colordiffuse="gray">colors/white.png</texturefocus>
					<texturenofocus colordiffuse="44ffffff">colors/white.png</texturenofocus>
					</control>
					<control type="togglebutton" id="4">
					<textcolor>white</textcolor>
					<height>40</height>
					<width>550</width>
					<label>הגדר סדר עולה או יורד</label>
					<focusedcolor>burlywood</focusedcolor>
					<texturefocus colordiffuse="gray">colors/white.png</texturefocus>
					<texturenofocus colordiffuse="44ffffff">colors/white.png</texturenofocus>
					</control>
					<control type="button" id="19">
					<textcolor>white</textcolor>
					<height>40</height>
					<width>550</width>
					<label>חפש ברשימה</label>
					<focusedcolor>burlywood</focusedcolor>
					<texturefocus colordiffuse="gray">colors/white.png</texturefocus>
					<texturenofocus colordiffuse="44ffffff">colors/white.png</texturenofocus>
					</control>
					<control type="button" id="10">
					<textcolor>white</textcolor>
					<height>40</height>
					<width>550</width>
					<focusedcolor>burlywood</focusedcolor>
					<texturefocus colordiffuse="gray">colors/white.png</texturefocus>
					<texturenofocus colordiffuse="44ffffff">colors/white.png</texturenofocus>
					</control>
					<control type="button" id="12">
					<textcolor>white</textcolor>
					<height>40</height>
					<width>550</width>
					<label>כמות</label>
					<focusedcolor>burlywood</focusedcolor>
					<texturefocus colordiffuse="gray">colors/white.png</texturefocus>
					<texturenofocus colordiffuse="44ffffff">colors/white.png</texturenofocus>
					</control>
					<control type="button">
					<textcolor>white</textcolor>
					<height>40</height>
					<width>550</width>
					<label>$INFO[container.foldername]</label>
					<focusedcolor>burlywood</focusedcolor>
					<texturefocus colordiffuse="gray">colors/white.png</texturefocus>
					<texturenofocus colordiffuse="44ffffff">colors/white.png</texturenofocus>
					</control>
					</control>
		</control>
		
        <!--mini window-->
        <include>miniVideoPlayer</include>
        <!--hub menu-->
        <include>hubMenu</include>
        <!--loading indicator-->
        <include>loadingIndicator</include>
        <!--debugging-->
        <include>DebugGrid</include>
        <control type="label">
            <include>WindowID</include>
            <label>MyVideoNav.xml path: $INFO[container.folderpath] folder: $INFO[container.foldername] content: $INFO[container.content]</label>
        </control>
    </controls>
</window>
