<?xml version="1.0" encoding="UTF-8"?>
<includes>
    <include name="addonposters">
        <control type="group">
		<visible>Control.IsVisible(54)</visible>
		<control type="image">
		<posx>0</posx>
		<posy>105</posy>
		<width>1320</width>
		<height>1000</height>
		<texture>colors/black.png</texture>
		<colordiffuse>77000000</colordiffuse>
		</control>
		<control type="multiimage">
		<posx>1320</posx>
		<posy>105</posy>
		<width>600</width>
		<height>995</height>
		<fadetime>350</fadetime>
		<imagepath fallback="special://skin/extras/fallbacks/videodefault.jpg">$INFO[ListItem.Art(poster)]</imagepath>
		</control>
		        <control type="list" id="54">
				<posx>0</posx>
				<posy>105</posy>
				<width>1920</width>
				<height>1050</height>
				<onright>SendClick(19)</onright>
                <ondown>54</ondown>
                <onleft>9100</onleft>
				<focusposition>3</focusposition>
				<orientation>Vertical</orientation>
				<pagecontrol>60</pagecontrol>
				<scrolltime tween="cubic" easing="out">600</scrolltime>
				<itemlayout width="252" height="120">
				<control type="label">
				<posx>100</posx>
				<posy>40</posy>
				<width>1000</width>
				<align>left</align>
				<label>$INFO[ListItem.Label]</label>
				</control>
				<control type="image">
				<posx>0</posx>
				<posy>10</posy>
				<width>80</width>
				<height>100</height>
				<texture fallback="special://skin/extras/fallbacks/videodefault.jpg">$INFO[ListItem.Thumb]</texture>
				</control>
				</itemlayout>
				<focusedlayout width="222" height="250">
				<control type="image">
				<visible>Control.HasFocus(54)</visible>
				<posx>0</posx>
				<posy>0</posy>
				<width>1315</width>
				<height>250</height>
				<texture colordiffuse="ff34495e">colors/white.png</texture>
				</control>
				<control type="label">
				<posx>205</posx>
				<posy>5</posy>
				<width>980</width>
				<align>left</align>
				<font>pageTitle</font>
				<label>$INFO[ListItem.Label]</label>
				</control>
				<control type="textbox">
				<autoscroll time="3000" fade="3000" delay="8000" repeat="4000"></autoscroll>
				<posx>205</posx>
				<posy>100</posy>
				<width>980</width>
				<height>115</height>
				<align>left</align>
				<aligny>center</aligny>
				<alignx>center</alignx>
				<font>smallMedium</font>
				<label>$INFO[ListItem.Plot]</label>
				</control>
				<control type="label">
				<posx>205</posx>
				<posy>215</posy>
				<width>980</width>
				<align>left</align>
				<font>small</font>
				<textcolor>gray</textcolor>
				<label>[I][B]$INFO[ListItem.Genre][/I][/B]</label>
				</control>	
				<control type="label">
				<posx>205</posx>
				<posy>30</posy>
				<width>1200</width>
				<height>80</height>
				<align>left</align>
				<font>smallMedium</font>
				<label>$INFO[ListItem.Year]</label>
				</control>
				<control type="image">
				<posx>0</posx>
				<posy>0</posy>
				<width>200</width>
				<texture fallback="special://skin/extras/fallbacks/videodefault.jpg">$INFO[ListItem.Thumb]</texture>
				</control>

				</focusedlayout>
            </control>
			
			
			
			
        </control>
    </include>
	
	
	
	
</includes>