<shortcuts>
	<shortcut>
		<defaultID />
		<label>חפש סרט ב TMDB</label>
		<label2>פריטים מותאמים אישית</label2>
		<icon>DefaultShortcut.png</icon>
		<thumb />
		<action>ActivateWindow(videos,"plugin://plugin.video.themoviedb.helper/?info=search&amp;amp;tmdb_type=movie")</action>
		</shortcut>
	<shortcut>
		<defaultID />
		<label>חפש סדרה ב TMDB</label>
		<label2>פריטים מותאמים אישית</label2>
		<icon>DefaultShortcut.png</icon>
		<thumb />
		<action>ActivateWindow(videos,"plugin://plugin.video.themoviedb.helper/?info=search&amp;amp;tmdb_id=None&amp;amp;tmdb_type=tv")</action>
		</shortcut>
	<shortcut>
		<defaultID />
		<label>חפש סרט בטלמדיה</label>
		<label2>פריטים מותאמים אישית</label2>
		<icon>DefaultShortcut.png</icon>
		<thumb />
		<action>ActivateWindow(10025,"plugin://plugin.video.telemedia/?data=%20&amp;dates=%20&amp;description=Tmdb&amp;eng_name=%20&amp;episode=%20&amp;fanart=http%3a%2f%2fwww.videomotion.co.il%2fwp-content%2fuploads%2fwhatwedo-Pic-small.jpg&amp;fav_status=false&amp;groups_id=0&amp;heb_name=%20&amp;iconimage=special%3a%2f%2fhome%2faddons%2fplugin.video.telemedia%2ftele%2fMovies%2fmovie_search.png&amp;id=%20&amp;image_master&amp;isr=0&amp;last_id&amp;mode=14&amp;name=%d7%97%d7%a4%d7%a9%20%d7%a1%d7%a8%d7%98&amp;next_page=0&amp;original_title=%20&amp;season=%20&amp;show_original_year=%20&amp;tmdbid=%20&amp;url=http%3a%2f%2fapi.themoviedb.org%2f3%2fsearch%2fmovie%3fapi_key%3db370b60447737762ca38457bd77579b3%26query%3d%25s%26language%3dhe%26append_to_response%3dorigin_country%26page%3d1",return)</action>
		</shortcut>
	<shortcut>
		<defaultID />
		<label>חפש סדרה בטלמדיה</label>
		<label2>פריטים מותאמים אישית</label2>
		<icon>DefaultShortcut.png</icon>
		<thumb />
		<action>ActivateWindow(10025,"plugin://plugin.video.telemedia/?data=%20&amp;dates=%20&amp;description=TMDB&amp;eng_name=%20&amp;episode=%20&amp;fanart=http%3a%2f%2ff.frogi.co.il%2fnews%2f640x300%2f010170efc8f.jpg&amp;fav_status=false&amp;groups_id=0&amp;heb_name=%20&amp;iconimage=special%3a%2f%2fhome%2faddons%2fplugin.video.telemedia%2ftele%2fTv_Show%2fsearch.png&amp;id=%20&amp;image_master&amp;isr=0&amp;last_id&amp;mode=14&amp;name=%d7%97%d7%a4%d7%a9%20%d7%a1%d7%99%d7%93%d7%a8%d7%94&amp;next_page=0&amp;original_title=%20&amp;season=%20&amp;show_original_year=%20&amp;tmdbid=%20&amp;url=http%3a%2f%2fapi.themoviedb.org%2f3%2fsearch%2ftv%3fapi_key%3db370b60447737762ca38457bd77579b3%26query%3d%25s%26language%3dhe%26page%3d1",return)</action>
		</shortcut>
	<shortcut>
		<defaultID />
		<label>חפש סרט או פרק בטלמדיה</label>
		<label2>פריטים מותאמים אישית</label2>
		<icon>DefaultShortcut.png</icon>
		<thumb />
		<action>ActivateWindow(10025,"plugin://plugin.video.telemedia/?data=all&amp;dates=%20&amp;description=Search%20All&amp;eng_name=%20&amp;episode=%20&amp;fanart=https%3a%2f%2fwww.komando.com%2fwp-content%2fuploads%2f2017%2f12%2fcomputer-search.jpg&amp;fav_status=false&amp;groups_id=0&amp;heb_name=%20&amp;iconimage=https%3a%2f%2fsitechecker.pro%2fwp-content%2fuploads%2f2017%2f12%2fsearch-engines.png&amp;id=%20&amp;image_master&amp;isr=0&amp;last_id=0%24%24%240&amp;mode=6&amp;name=%5bCOLOR%20yellow%5d%d7%97%d7%99%d7%a4%d7%95%d7%a9%20%d7%9b%d7%9c%d7%9c%d7%99%5b%2fCOLOR%5d&amp;next_page=0&amp;original_title=%20&amp;season=%20&amp;show_original_year=%20&amp;tmdbid=%20&amp;url=%20",return)</action>
		</shortcut>
	<shortcut>
		<defaultID />
		<label>חפש תוכנית בעידן פלוס</label>
		<label2>פריטים מותאמים אישית</label2>
		<icon>DefaultShortcut.png</icon>
		<thumb />
		<action>ActivateWindow(10025,"plugin://plugin.video.idanplus/?iconimage=C%253A%255CUsers%255CNetag%255CAppData%255CRoaming%255CKodi%255Caddons%255Cplugin.video.idanplus%255Cicon.png&amp;mode=4&amp;module&amp;moredata&amp;name=%5bB%5d%d7%97%d7%99%d7%a4%d7%95%d7%a9%20%d7%aa%d7%9b%d7%a0%d7%99%d7%95%d7%aa%5b%2fB%5d&amp;url",return)</action>
		</shortcut>
	<shortcut>
		<defaultID />
		<label>חפש שיר</label>
		<label2>פריטים מותאמים אישית</label2>
		<icon>DefaultShortcut.png</icon>
		<thumb />
		<action>ActivateWindow(videos,"plugin://plugin.audio.soundcloud/search/?action=new")</action>
		</shortcut>
	<shortcut>
		<defaultID />
		<label>חפש שחקנ/ית</label>
		<label2>פריטים מותאמים אישית</label2>
		<icon>DefaultShortcut.png</icon>
		<thumb />
		<action>ActivateWindow(videos,plugin://plugin.video.themoviedb.helper/?info=search&amp;amp;tmdb_id=None&amp;amp;tmdb_type=person)</action>
		</shortcut>
	<shortcut>
		<defaultID />
		<label>חפש אוספים</label>
		<label2>פריטים מותאמים אישית</label2>
		<icon>DefaultShortcut.png</icon>
		<thumb />
		<action>ActivateWindow(videos,plugin://plugin.video.themoviedb.helper/?info=search&amp;amp;tmdb_type=collection)</action>
		</shortcut>
	<shortcut>
		<defaultID />
		<label>גלה: חיפוש מתקדם</label>
		<label2>פריטים מותאמים אישית</label2>
		<icon>DefaultShortcut.png</icon>
		<thumb>image://https%3a%2f%2fi.imgur.com%2fPEdc5Bh.png/</thumb>
		<action>ActivateWindow(Videos,"plugin://plugin.video.themoviedb.helper/?info=dir_discover&amp;tmdb_type=None&amp;reload=%24INFO%5BWindow%28Home%29.Property%28TMDbHelper.Widgets.Reload%29%5D&amp;widget=true",return)</action>
		</shortcut>
	</shortcuts>
