<shortcuts>
	<shortcut>
		<defaultID />
		<label>סרטים</label>
		<label2>פריטים מותאמים אישית</label2>
		<icon>DefaultShortcut.png</icon>
		<thumb>special://skin/media/DefaultAddonVideo.png</thumb>
		<action>ActivateWindow(Videos,"plugin://plugin.video.themoviedb.helper/?info=tmdb_v4_list&amp;tmdb_type=both&amp;list_name=%D7%A1%D7%A8%D7%98%D7%99%D7%9D+%D7%97%D7%93%D7%A9%D7%99%D7%9D&amp;list_id=8512446&amp;user_id=577263d8c3a368246c005c2b&amp;plugin_category=%D7%A1%D7%A8%D7%98%D7%99%D7%9D+%D7%97%D7%93%D7%A9%D7%99%D7%9D&amp;reload=%24INFO%5BWindow%28Home%29.Property%28TMDbHelper.Widgets.Reload%29%5D&amp;widget=true",return)</action>
		</shortcut>
	<shortcut>
		<defaultID />
		<label>סדרות</label>
		<label2>פריטים מותאמים אישית</label2>
		<icon>DefaultShortcut.png</icon>
		<thumb>special://skin/media/DefaultAddonPVRClient.png</thumb>
		<action>ActivateWindow(1121)</action>
		</shortcut>
	<shortcut>
		<defaultID />
		<label>ילדים</label>
		<label2>הרחבת וידאו</label2>
		<icon>DefaultShortcut.png</icon>
		<thumb>thumb</thumb>
		<action>ActivateWindow(Videos,"plugin://plugin.video.themoviedb.helper/?info=tmdb_v4_list&amp;tmdb_type=both&amp;list_name=%D7%A1%D7%A8%D7%98%D7%99%D7%9D+%D7%9C%D7%99%D7%9C%D7%93%D7%99%D7%9D&amp;list_id=8514218&amp;user_id=577263d8c3a368246c005c2b&amp;plugin_category=%D7%A1%D7%A8%D7%98%D7%99%D7%9D+%D7%9C%D7%99%D7%9C%D7%93%D7%99%D7%9D&amp;reload=%24INFO%5BWindow%28Home%29.Property%28TMDbHelper.Widgets.Reload%29%5D&amp;widget=true",return)</action>
		</shortcut>
	<shortcut>
		<defaultID />
		<label>הולמארק</label>
		<label2>פריטים מותאמים אישית</label2>
		<icon>DefaultShortcut.png</icon>
		<thumb />
		<action>noop</action>
		</shortcut>
	<shortcut>
		<defaultID />
		<label>ישראלי</label>
		<label2>פריטים מותאמים אישית</label2>
		<icon>DefaultShortcut.png</icon>
		<thumb>special://skin/media/DefaultAddonService.png</thumb>
		<action>Control.SetFocus(9001)</action>
		</shortcut>
	<shortcut>
		<defaultID />
		<label>טלויזיה</label>
		<label2>פריטים מותאמים אישית</label2>
		<icon>DefaultShortcut.png</icon>
		<thumb />
		<action>noop</action>
		</shortcut>
	<shortcut>
		<defaultID />
		<label>טל-סרטים</label>
		<label2>פריטים מותאמים אישית</label2>
		<icon>DefaultShortcut.png</icon>
		<thumb>special://skin/media/DefaultAddonVideo.png</thumb>
		<action>Control.SetFocus(9001)</action>
		</shortcut>
	<shortcut>
		<defaultID />
		<label>טל-סדרות</label>
		<label2>פריטים מותאמים אישית</label2>
		<icon>DefaultShortcut.png</icon>
		<thumb>special://skin/media/DefaultAddonPVRClient.png</thumb>
		<action>Control.SetFocus(9001)</action>
		</shortcut>
	<shortcut>
		<defaultID />
		<label>ערוצי רדיו</label>
		<label2>פריטים מותאמים אישית</label2>
		<icon>DefaultShortcut.png</icon>
		<thumb>special://skin/media/DefaultAddonArtistInfo.png</thumb>
		<action>Control.SetFocus(9001)</action>
		</shortcut>
	<shortcut>
		<defaultID />
		<label>עידן ויאודי</label>
		<label2>פריטים מותאמים אישית</label2>
		<icon>DefaultShortcut.png</icon>
		<thumb>special://skin/media/osd/fullscreen/buttons/channels.png</thumb>
		<action>ActivateWindow(Videos,"plugin://plugin.video.idanplus",return)</action>
		</shortcut>
	</shortcuts>
