<shortcuts>
	<shortcut>
		<defaultID>19019</defaultID>
		<label>ערוצי טלוויזיה</label>
		<label2>טלוויזיה חיה</label2>
		<icon>DefaultTVShows.png</icon>
		<thumb />
		<action>ActivateWindow(TVChannels)</action>
		</shortcut>
	<shortcut>
		<defaultID>19019</defaultID>
		<label>ערוצי רדיו</label>
		<label2>רדיו</label2>
		<icon>DefaultAudio.png</icon>
		<thumb />
		<action>ActivateWindow(RadioChannels)</action>
		</shortcut>
	<shortcut>
		<defaultID />
		<label>לוח שידורים מלא</label>
		<label2>פריטים מותאמים אישית</label2>
		<icon>DefaultShortcut.png</icon>
		<thumb />
		<action>ActivateWindow(TvGuide)</action>
		</shortcut>
	<shortcut>
		<defaultID>19040</defaultID>
		<label>תוכניות מתוזמנות</label>
		<label2>טלוויזיה חיה</label2>
		<icon>DefaultTVShows.png</icon>
		<thumb />
		<action>ActivateWindow(TVTimers)</action>
		</shortcut>
	<shortcut>
		<defaultID />
		<label>מועדפי עידן פלוס</label>
		<label2>הרחבת וידאו</label2>
		<icon>DefaultShortcut.png</icon>
		<thumb>image://C%3a%5cUsers%5cNetag%5cAppData%5cRoaming%5cKodi%5caddons%5cplugin.video.idanplus%5cicon.png/</thumb>
		<action>ActivateWindow(Videos,"plugin://plugin.video.idanplus/?name=%5BB%5D%D7%9E%D7%95%D7%A2%D7%93%D7%A4%D7%99+%D7%A2%D7%99%D7%93%D7%9F+%D7%A4%D7%9C%D7%95%D7%A1%5B%2FB%5D&amp;url=&amp;mode=10&amp;iconimage=C%253A%255CUsers%255CNetag%255CAppData%255CRoaming%255CKodi%255Caddons%255Cplugin.video.idanplus%255Cicon.png&amp;module=&amp;moredata=",return)</action>
		</shortcut>
	<shortcut>
		<defaultID />
		<label>V.O.D</label>
		<label2>הרחבת וידאו</label2>
		<icon>DefaultShortcut.png</icon>
		<thumb>image://C%3a%5cUsers%5cNetag%5cAppData%5cRoaming%5cKodi%5caddons%5cplugin.video.idanplus%5cicon.png/</thumb>
		<action>ActivateWindow(Videos,"plugin://plugin.video.idanplus/?name=%5BB%5DVOD%5B%2FB%5D&amp;url=&amp;mode=2&amp;iconimage=C%253A%255CUsers%255CNetag%255CAppData%255CRoaming%255CKodi%255Caddons%255Cplugin.video.idanplus%255Cicon.png&amp;module=&amp;moredata=",return)</action>
		</shortcut>
	<shortcut>
		<defaultID />
		<label>תוכניות רדיו</label>
		<label2>הרחבת וידאו</label2>
		<icon>DefaultShortcut.png</icon>
		<thumb>image://C%3a%5cUsers%5cNetag%5cAppData%5cRoaming%5cKodi%5caddons%5cplugin.video.idanplus%5cicon.png/</thumb>
		<action>ActivateWindow(Videos,"plugin://plugin.video.idanplus/?name=%5BB%5D%D7%AA%D7%9B%D7%A0%D7%99%D7%95%D7%AA+%D7%A8%D7%93%D7%99%D7%95%5B%2FB%5D&amp;url=&amp;mode=12&amp;iconimage=C%253A%255CUsers%255CNetag%255CAppData%255CRoaming%255CKodi%255Caddons%255Cplugin.video.idanplus%255Cicon.png&amp;module=&amp;moredata=",return)</action>
		</shortcut>
	<shortcut>
		<defaultID />
		<label>פודקאסטים</label>
		<label2>הרחבת וידאו</label2>
		<icon>DefaultShortcut.png</icon>
		<thumb>image://C%3a%5cUsers%5cNetag%5cAppData%5cRoaming%5cKodi%5caddons%5cplugin.video.idanplus%5cicon.png/</thumb>
		<action>ActivateWindow(Videos,"plugin://plugin.video.idanplus/?name=%5BB%5D%D7%A4%D7%95%D7%93%D7%A7%D7%90%D7%A1%D7%98%D7%99%D7%9D%5B%2FB%5D&amp;url=&amp;mode=13&amp;iconimage=C%253A%255CUsers%255CNetag%255CAppData%255CRoaming%255CKodi%255Caddons%255Cplugin.video.idanplus%255Cicon.png&amp;module=&amp;moredata=",return)</action>
		</shortcut>
	<shortcut>
		<defaultID />
		<label>מוזיקה</label>
		<label2>הרחבת וידאו</label2>
		<icon>DefaultShortcut.png</icon>
		<thumb>image://C%3a%5cUsers%5cNetag%5cAppData%5cRoaming%5cKodi%5caddons%5cplugin.video.idanplus%5cicon.png/</thumb>
		<action>ActivateWindow(Videos,"plugin://plugin.video.idanplus/?name=%5BB%5D%D7%9E%D7%95%D7%96%D7%99%D7%A7%D7%94%5B%2FB%5D&amp;url=&amp;mode=14&amp;iconimage=C%253A%255CUsers%255CNetag%255CAppData%255CRoaming%255CKodi%255Caddons%255Cplugin.video.idanplus%255Cicon.png&amp;module=&amp;moredata=",return)</action>
		</shortcut>
	</shortcuts>
