<shortcuts>
	<shortcut>
		<defaultID />
		<label>חפש סדרה</label>
		<label2>פריטים מותאמים אישית</label2>
		<icon>DefaultShortcut.png</icon>
		<thumb />
		<action>ActivateWindow(Videos,"plugin://plugin.video.themoviedb.helper/?info=search&amp;tmdb_id=None&amp;tmdb_type=tv&amp;reload=%24INFO%5BWindow%28Home%29.Property%28TMDbHelper.Widgets.Reload%29%5D&amp;widget=true",return)</action>
		</shortcut>
	<shortcut>
		<defaultID />
		<label>חפש פרק</label>
		<label2>פריטים מותאמים אישית</label2>
		<icon>DefaultShortcut.png</icon>
		<thumb />
		<action>ActivateWindow(Videos,"plugin://plugin.video.telemedia/?mode=6&amp;iconimage=https://sitechecker.pro/wp-content/uploads/2017/12/search-engines.png&amp;fanart=https://www.komando.com/wp-content/uploads/2017/12/computer-search.jpg&amp;description=Search+All&amp;url=+&amp;name=%5BCOLOR+yellow%5D%D7%97%D7%99%D7%A4%D7%95%D7%A9+%D7%9B%D7%9C%D7%9C%D7%99%5B%2FCOLOR%5D&amp;image_master=&amp;heb_name= &amp;last_id=0$$$0&amp;dates= &amp;data=all&amp;original_title= &amp;id= &amp;season= &amp;episode= &amp;tmdbid= &amp;eng_name= &amp;show_original_year= &amp;isr=0&amp;fav_status=false&amp;groups_id=0&amp;next_page=0",return)</action>
		</shortcut>
	<shortcut>
		<defaultID />
		<label>לוח שידורים</label>
		<label2>פריטים מותאמים אישית</label2>
		<icon>DefaultShortcut.png</icon>
		<thumb />
		<action>ActivateWindow(1318)</action>
		</shortcut>
	<shortcut>
		<defaultID />
		<label>משודר היום</label>
		<label2>הרחבת וידאו</label2>
		<icon>DefaultShortcut.png</icon>
		<thumb>thumb</thumb>
		<action>ActivateWindow(Videos,"plugin://plugin.video.themoviedb.helper/?info=trending_day&amp;tmdb_type=tv&amp;reload=%24INFO%5BWindow%28Home%29.Property%28TMDbHelper.Widgets.Reload%29%5D&amp;widget=true",return)</action>
		</shortcut>
	<shortcut>
		<defaultID />
		<label>סדרות חדשות</label>
		<label2>הרחבת וידאו</label2>
		<icon>DefaultShortcut.png</icon>
		<thumb>thumb</thumb>
		<action>ActivateWindow(Videos,"plugin://plugin.video.themoviedb.helper/?info=tmdb_v4_list&amp;tmdb_type=both&amp;list_name=%D7%A1%D7%93%D7%A8%D7%95%D7%AA+%D7%97%D7%93%D7%A9%D7%95%D7%AA&amp;list_id=8512447&amp;user_id=577263d8c3a368246c005c2b&amp;plugin_category=%D7%A1%D7%93%D7%A8%D7%95%D7%AA+%D7%97%D7%93%D7%A9%D7%95%D7%AA&amp;reload=%24INFO%5BWindow%28Home%29.Property%28TMDbHelper.Widgets.Reload%29%5D&amp;widget=true",return)</action>
		</shortcut>
	<shortcut>
		<defaultID />
		<label>סדרות של פעם</label>
		<label2>הרחבת וידאו</label2>
		<icon>DefaultShortcut.png</icon>
		<thumb>thumb</thumb>
		<action>ActivateWindow(Videos,"plugin://plugin.video.themoviedb.helper/?info=tmdb_v4_list&amp;tmdb_type=both&amp;list_name=%D7%A1%D7%93%D7%A8%D7%95%D7%AA+%D7%A9%D7%9C+%D7%A4%D7%A2%D7%9D&amp;list_id=8512450&amp;user_id=577263d8c3a368246c005c2b&amp;plugin_category=%D7%A1%D7%93%D7%A8%D7%95%D7%AA+%D7%A9%D7%9C+%D7%A4%D7%A2%D7%9D&amp;reload=%24INFO%5BWindow%28Home%29.Property%28TMDbHelper.Widgets.Reload%29%5D&amp;widget=true",return)</action>
		</shortcut>
	<shortcut>
		<defaultID />
		<label>סדרות ריאליטי</label>
		<label2>הרחבת וידאו</label2>
		<icon>DefaultShortcut.png</icon>
		<thumb>thumb</thumb>
		<action>ActivateWindow(Videos,"plugin://plugin.video.themoviedb.helper/?info=tmdb_v4_list&amp;tmdb_type=both&amp;list_name=%D7%A1%D7%93%D7%A8%D7%95%D7%AA+%D7%A8%D7%99%D7%90%D7%9C%D7%99%D7%98%D7%99&amp;list_id=8512449&amp;user_id=577263d8c3a368246c005c2b&amp;plugin_category=%D7%A1%D7%93%D7%A8%D7%95%D7%AA+%D7%A8%D7%99%D7%90%D7%9C%D7%99%D7%98%D7%99&amp;reload=%24INFO%5BWindow%28Home%29.Property%28TMDbHelper.Widgets.Reload%29%5D&amp;widget=true",return)</action>
		</shortcut>
	<shortcut>
		<defaultID />
		<label>סדרות כללי</label>
		<label2>הרחבת וידאו</label2>
		<icon>DefaultShortcut.png</icon>
		<thumb>thumb</thumb>
		<action>ActivateWindow(Videos,"plugin://plugin.video.themoviedb.helper/?info=tmdb_v4_list&amp;tmdb_type=both&amp;list_name=%D7%A1%D7%93%D7%A8%D7%95%D7%AA+%D7%9B%D7%9C%D7%9C%D7%99&amp;list_id=138440&amp;user_id=577263d8c3a368246c005c2b&amp;plugin_category=%D7%A1%D7%93%D7%A8%D7%95%D7%AA+%D7%9B%D7%9C%D7%9C%D7%99&amp;reload=%24INFO%5BWindow%28Home%29.Property%28TMDbHelper.Widgets.Reload%29%5D&amp;widget=true",return)</action>
		</shortcut>
	<shortcut>
		<defaultID />
		<label>סדרות ילדים</label>
		<label2>הרחבת וידאו</label2>
		<icon>DefaultShortcut.png</icon>
		<thumb>thumb</thumb>
		<action>ActivateWindow(Videos,"plugin://plugin.video.themoviedb.helper/?info=tmdb_v4_list&amp;tmdb_type=both&amp;list_name=%D7%A1%D7%93%D7%A8%D7%95%D7%AA+%D7%99%D7%9C%D7%93%D7%99%D7%9D&amp;list_id=8512870&amp;user_id=577263d8c3a368246c005c2b&amp;plugin_category=%D7%A1%D7%93%D7%A8%D7%95%D7%AA+%D7%99%D7%9C%D7%93%D7%99%D7%9D&amp;reload=%24INFO%5BWindow%28Home%29.Property%28TMDbHelper.Widgets.Reload%29%5D&amp;widget=true",return)</action>
		</shortcut>
	<shortcut>
		<defaultID />
		<label>מיני סדרות</label>
		<label2>הרחבת וידאו</label2>
		<icon>DefaultShortcut.png</icon>
		<thumb>thumb</thumb>
		<action>ActivateWindow(Videos,"plugin://plugin.video.themoviedb.helper/?info=tmdb_v4_list&amp;tmdb_type=both&amp;list_name=%D7%9E%D7%99%D7%A0%D7%99+%D7%A1%D7%93%D7%A8%D7%95%D7%AA&amp;list_id=8512454&amp;user_id=577263d8c3a368246c005c2b&amp;plugin_category=%D7%9E%D7%99%D7%A0%D7%99+%D7%A1%D7%93%D7%A8%D7%95%D7%AA&amp;reload=%24INFO%5BWindow%28Home%29.Property%28TMDbHelper.Widgets.Reload%29%5D&amp;widget=true",return)</action>
		</shortcut>
	<shortcut>
		<defaultID />
		<label>סדרות מרשתות שונות</label>
		<label2>הרחבת וידאו</label2>
		<icon>DefaultShortcut.png</icon>
		<thumb>thumb</thumb>
		<action>ActivateWindow(Videos,"plugin://plugin.video.telemedia/?mode=101&amp;iconimage=special://home/addons/plugin.video.telemedia/tele/Tv_Show/network.png&amp;fanart=https://images.pond5.com/tv-networks-logos-loop-footage-042898083_prevstill.jpeg&amp;description=TMDB&amp;url=tv_years%26page%3D1&amp;name=%D7%A1%D7%93%D7%A8%D7%95%D7%AA+%D7%9E%D7%A8%D7%A9%D7%AA%D7%95%D7%AA+%D7%A9%D7%95%D7%A0%D7%95%D7%AA&amp;image_master=&amp;heb_name= &amp;last_id=&amp;dates= &amp;data= &amp;original_title= &amp;id= &amp;season= &amp;episode= &amp;tmdbid= &amp;eng_name= &amp;show_original_year= &amp;isr=0&amp;fav_status=false&amp;groups_id=0&amp;next_page=0",return)</action>
		</shortcut>
	<shortcut>
		<defaultID />
		<label>סדרות טורקיות</label>
		<label2>הרחבת וידאו</label2>
		<icon>DefaultShortcut.png</icon>
		<thumb>thumb</thumb>
		<action>ActivateWindow(Videos,"plugin://plugin.video.telemedia/?mode=14&amp;iconimage=special://home/addons/plugin.video.telemedia/tele/Tv_Show/turkish.png&amp;fanart=http://coldshotproductions.net/flachannelbanner.png&amp;description=%D7%94%D7%95%D7%A1%D7%A4%D7%AA+%D7%A1%D7%93%D7%A8%D7%94+%D7%9E%D7%A7%D7%95%D7%9E%D7%99%D7%AA&amp;url=https%3A%2F%2Fapi.themoviedb.org%2F3%2Fdiscover%2Ftv%3Fapi_key%3Db370b60447737762ca38457bd77579b3%26language%3Dhe%26sort_by%3Dpopularity.desc%26include_null_first_air_dates%3Dfalse%26with_original_language%3Dtr%26page%3D1&amp;name=%D7%A1%D7%93%D7%A8%D7%95%D7%AA+%D7%91%D7%98%D7%95%D7%A8%D7%A7%D7%99%D7%AA&amp;image_master=&amp;heb_name= &amp;last_id=&amp;dates= &amp;data= &amp;original_title= &amp;id= &amp;season= &amp;episode= &amp;tmdbid= &amp;eng_name= &amp;show_original_year= &amp;isr=0&amp;fav_status=false&amp;groups_id=0&amp;next_page=0",return)</action>
		</shortcut>
	<shortcut>
		<defaultID />
		<label>ז'אנר</label>
		<label2>הרחבת וידאו</label2>
		<icon>DefaultShortcut.png</icon>
		<thumb>thumb</thumb>
		<action>ActivateWindow(Videos,"plugin://plugin.video.telemedia/?mode=18&amp;iconimage=special://home/addons/plugin.video.telemedia/tele/Tv_Show/genre.png&amp;fanart=https://consequenceofsound.net/wp-content/uploads/2019/11/CoS_2010sDecades-TVShows.jpg?quality=80&amp;description=TMDB&amp;url=http%3A%2F%2Fapi.themoviedb.org%2F3%2Fgenre%2Ftv%2Flist%3Fapi_key%3Db370b60447737762ca38457bd77579b3%26language%3Dhe%26page%3D1&amp;name=%D7%96%27%D7%90%D7%A0%D7%A8&amp;image_master=&amp;heb_name= &amp;last_id=&amp;dates= &amp;data= &amp;original_title= &amp;id= &amp;season= &amp;episode= &amp;tmdbid= &amp;eng_name= &amp;show_original_year= &amp;isr=0&amp;fav_status=false&amp;groups_id=0&amp;next_page=0",return)</action>
		</shortcut>
	</shortcuts>
