<shortcuts>
	<shortcut>
		<defaultID />
		<label>עולם הילדים</label>
		<label2>פריטים מותאמים אישית</label2>
		<icon>DefaultShortcut.png</icon>
		<thumb />
		<action>ActivateWindow(Videos,"plugin://plugin.video.kids_new",return)</action>
		</shortcut>
	<shortcut>
		<defaultID />
		<label>חפש סרט מדובב</label>
		<label2>פריטים מותאמים אישית</label2>
		<icon>DefaultShortcut.png</icon>
		<thumb />
		<action>ActivateWindow(Videos,"plugin://plugin.video.kids_new/?mode=49&amp;name=%D7%97%D7%A4%D7%A9&amp;url=www&amp;mode=49&amp;iconimage=https%3A%2F%2F4tup.files.wordpress.com%2F2010%2F06%2Fchild-movie-theatre-860.jpg&amp;fanart=https%3A%2F%2Fmedia.timeout.com%2Fimages%2F105586169%2Fimage.jpg&amp;description=%D7%97%D7%A4%D7%A9&amp;next_page=&amp;name=%D7%97%D7%A4%D7%A9&amp;url=www&amp;iconimage=https%3A%2F%2F4tup.files.wordpress.com%2F2010%2F06%2Fchild-movie-theatre-860.jpg&amp;fanart=https%3A%2F%2Fmedia.timeout.com%2Fimages%2F105586169%2Fimage.jpg&amp;description=%D7%97%D7%A4%D7%A9&amp;next_page=",return)</action>
		</shortcut>
	<shortcut>
		<defaultID>coloryellow-i-hgrllysrt-i-color</defaultID>
		<label>[COLOR yellow][I]הגרל לי סרט[/I][/COLOR]</label>
		<label2>מועדף</label2>
		<icon>DefaultFolder.png</icon>
		<thumb />
		<action>PlayMedia("plugin://plugin.video.kids_new/?mode=17&amp;name=%5BCOLOR+yellow%5D%5BI%5D%D7%94%D7%92%D7%A8%D7%9C+%D7%9C%D7%99+%D7%A1%D7%A8%D7%98%5B%2FI%5D%5B%2FCOLOR%5D&amp;url=www&amp;mode=17&amp;iconimage=https%3A%2F%2Fwww.mikmak.co.il%2Fmedia%2Fgallery%2F496%2F496562%2Fmain%2F496562_t649.jpg&amp;fanart=https%3A%2F%2Fmedia.timeout.com%2Fimages%2F105360571%2Fimage.jpg&amp;description=%D7%94%D7%92%D7%A8%D7%9C+%D7%9C%D7%99+%D7%A1%D7%A8%D7%98&amp;id=&amp;video_info=%7B%7D&amp;name=%5BCOLOR+yellow%5D%5BI%5D%D7%94%D7%92%D7%A8%D7%9C+%D7%9C%D7%99+%D7%A1%D7%A8%D7%98%5B%2FI%5D%5B%2FCOLOR%5D&amp;url=www&amp;iconimage=https%3A%2F%2Fwww.mikmak.co.il%2Fmedia%2Fgallery%2F496%2F496562%2Fmain%2F496562_t649.jpg&amp;fanart=https%3A%2F%2Fmedia.timeout.com%2Fimages%2F105360571%2Fimage.jpg&amp;description=%D7%94%D7%92%D7%A8%D7%9C+%D7%9C%D7%99+%D7%A1%D7%A8%D7%98&amp;id=")</action>
		</shortcut>
	<shortcut>
		<defaultID>coloryellow-i-dknsrtym-i-color</defaultID>
		<label>[COLOR yellow][I]עדכן סרטים[/I][/COLOR]</label>
		<label2>מועדף</label2>
		<icon>DefaultFolder.png</icon>
		<thumb />
		<action>PlayMedia("plugin://plugin.video.kids_new/?url=movie&amp;mode=6&amp;name=%5BCOLOR+yellow%5D%5BI%5D%D7%A2%D7%93%D7%9B%D7%9F+%D7%A1%D7%A8%D7%98%D7%99%D7%9D%5B%2FI%5D%5B%2FCOLOR%5D")</action>
		</shortcut>
	</shortcuts>
