<shortcuts>
	<shortcut>
		<defaultID />
		<label>חפש סרט</label>
		<label2>פריטים מותאמים אישית</label2>
		<icon>DefaultShortcut.png</icon>
		<thumb />
		<action>ActivateWindow(videos,"plugin://plugin.video.themoviedb.helper/?info=search&amp;amp;tmdb_id=None&amp;amp;tmdb_type=movie",return)</action>
		</shortcut>
	<shortcut>
		<defaultID />
		<label>סרטים חדשים</label>
		<label2>הרחבת וידאו</label2>
		<icon>DefaultShortcut.png</icon>
		<thumb>thumb</thumb>
		<action>ActivateWindow(Videos,"plugin://plugin.video.themoviedb.helper/?info=tmdb_v4_list&amp;tmdb_type=both&amp;list_name=%D7%A1%D7%A8%D7%98%D7%99%D7%9D+%D7%97%D7%93%D7%A9%D7%99%D7%9D&amp;list_id=8512446&amp;user_id=577263d8c3a368246c005c2b&amp;plugin_category=%D7%A1%D7%A8%D7%98%D7%99%D7%9D+%D7%97%D7%93%D7%A9%D7%99%D7%9D&amp;reload=%24INFO%5BWindow%28Home%29.Property%28TMDbHelper.Widgets.Reload%29%5D&amp;widget=true",return)</action>
		</shortcut>
	<shortcut>
		<defaultID />
		<label>סרטים כללי</label>
		<label2>הרחבת וידאו</label2>
		<icon>DefaultShortcut.png</icon>
		<thumb>thumb</thumb>
		<action>ActivateWindow(Videos,"plugin://plugin.video.themoviedb.helper/?info=tmdb_v4_list&amp;tmdb_type=both&amp;list_name=%D7%A1%D7%A8%D7%98%D7%99%D7%9D+%D7%9B%D7%9C%D7%9C%D7%99&amp;list_id=8508912&amp;user_id=577263d8c3a368246c005c2b&amp;plugin_category=%D7%A1%D7%A8%D7%98%D7%99%D7%9D+%D7%9B%D7%9C%D7%9C%D7%99&amp;reload=%24INFO%5BWindow%28Home%29.Property%28TMDbHelper.Widgets.Reload%29%5D&amp;widget=true",return)</action>
		</shortcut>
	<shortcut>
		<defaultID />
		<label>סרטים מכל הזמנים</label>
		<label2>הרחבת וידאו</label2>
		<icon>DefaultShortcut.png</icon>
		<thumb>thumb</thumb>
		<action>ActivateWindow(Videos,"plugin://plugin.video.themoviedb.helper/?info=tmdb_v4_list&amp;tmdb_type=both&amp;list_name=%D7%A1%D7%A8%D7%98%D7%99%D7%9D+%D7%9E%D7%9B%D7%9C+%D7%94%D7%96%D7%9E%D7%A0%D7%99%D7%9D&amp;list_id=18206&amp;user_id=577263d8c3a368246c005c2b&amp;plugin_category=%D7%A1%D7%A8%D7%98%D7%99%D7%9D+%D7%9E%D7%9B%D7%9C+%D7%94%D7%96%D7%9E%D7%A0%D7%99%D7%9D&amp;reload=%24INFO%5BWindow%28Home%29.Property%28TMDbHelper.Widgets.Reload%29%5D&amp;widget=true",return)</action>
		</shortcut>
	<shortcut>
		<defaultID />
		<label>סרטים מתעדכן</label>
		<label2>הרחבת וידאו</label2>
		<icon>DefaultShortcut.png</icon>
		<thumb>thumb</thumb>
		<action>ActivateWindow(Videos,"plugin://plugin.video.themoviedb.helper/?info=tmdb_v4_list&amp;tmdb_type=both&amp;list_name=%D7%A1%D7%A8%D7%98%D7%99%D7%9D+%D7%9E%D7%AA%D7%A2%D7%93%D7%9B%D7%9F&amp;list_id=15241&amp;user_id=577263d8c3a368246c005c2b&amp;plugin_category=%D7%A1%D7%A8%D7%98%D7%99%D7%9D+%D7%9E%D7%AA%D7%A2%D7%93%D7%9B%D7%9F&amp;reload=%24INFO%5BWindow%28Home%29.Property%28TMDbHelper.Widgets.Reload%29%5D&amp;widget=true",return)</action>
		</shortcut>
	<shortcut>
		<defaultID />
		<label>סרטים דוקומנטרים</label>
		<label2>הרחבת וידאו</label2>
		<icon>DefaultShortcut.png</icon>
		<thumb>thumb</thumb>
		<action>ActivateWindow(Videos,"plugin://plugin.video.themoviedb.helper/?info=tmdb_v4_list&amp;tmdb_type=both&amp;list_name=%D7%A1%D7%A8%D7%98%D7%99%D7%9D+%D7%93%D7%95%D7%A7%D7%95%D7%9E%D7%A0%D7%98%D7%A8%D7%99%D7%9D&amp;list_id=8512452&amp;user_id=577263d8c3a368246c005c2b&amp;plugin_category=%D7%A1%D7%A8%D7%98%D7%99%D7%9D+%D7%93%D7%95%D7%A7%D7%95%D7%9E%D7%A0%D7%98%D7%A8%D7%99%D7%9D&amp;reload=%24INFO%5BWindow%28Home%29.Property%28TMDbHelper.Widgets.Reload%29%5D&amp;widget=true",return)</action>
		</shortcut>
	<shortcut>
		<defaultID />
		<label>סרטים בקולנוע</label>
		<label2>הרחבת וידאו</label2>
		<icon>DefaultShortcut.png</icon>
		<thumb>thumb</thumb>
		<action>ActivateWindow(Videos,"plugin://plugin.video.telemedia/?mode=14&amp;iconimage=special://home/addons/plugin.video.telemedia/tele/Movies/cinema.png&amp;fanart=https://images.cdn1.stockunlimited.net/preview1300/cinema-background-with-movie-objects_1823387.jpg&amp;description=Tmdb&amp;url=http%3A%2F%2Fapi.themoviedb.org%2F3%2Fmovie%2Fnow_playing%3Fapi_key%3Db370b60447737762ca38457bd77579b3%26language%3Dhe%26page%3D1&amp;name=%D7%A1%D7%A8%D7%98%D7%99%D7%9D+%D7%91%D7%A7%D7%95%D7%9C%D7%A0%D7%95%D7%A2&amp;image_master=&amp;heb_name= &amp;last_id=&amp;dates= &amp;data= &amp;original_title= &amp;id= &amp;season= &amp;episode= &amp;tmdbid= &amp;eng_name= &amp;show_original_year= &amp;isr=0&amp;fav_status=false&amp;groups_id=0&amp;next_page=0",return)</action>
		</shortcut>
	<shortcut>
		<defaultID />
		<label>סרטים לפי אולפן</label>
		<label2>הרחבת וידאו</label2>
		<icon>DefaultShortcut.png</icon>
		<thumb>thumb</thumb>
		<action>ActivateWindow(Videos,"plugin://plugin.video.telemedia/?mode=112&amp;iconimage=https://trailerplayer.com/wp-content/uploads/2023/12/What-is-the-Studio-System-%E2%80%94-Hollywood-s-Studio-Era-Explained-Featured-1024x576.jpg&amp;fanart=https://trailerplayer.com/wp-content/uploads/2023/12/What-is-the-Studio-System-%E2%80%94-Hollywood-s-Studio-Era-Explained-Featured-1024x576.jpg&amp;description=Tmdb&amp;url=movie_years%26page%3D1&amp;name=%D7%A1%D7%A8%D7%98%D7%99%D7%9D+%D7%9C%D7%A4%D7%99+%D7%90%D7%95%D7%9C%D7%A4%D7%9F&amp;image_master=&amp;heb_name= &amp;last_id=&amp;dates= &amp;data= &amp;original_title= &amp;id= &amp;season= &amp;episode= &amp;tmdbid= &amp;eng_name= &amp;show_original_year= &amp;isr=0&amp;fav_status=false&amp;groups_id=0&amp;next_page=0",return)</action>
		</shortcut>
	<shortcut>
		<defaultID />
		<label>ז'אנר</label>
		<label2>הרחבת וידאו</label2>
		<icon>DefaultShortcut.png</icon>
		<thumb>thumb</thumb>
		<action>ActivateWindow(Videos,"plugin://plugin.video.themoviedb.helper/?info=genres&amp;tmdb_type=movie&amp;reload=%24INFO%5BWindow%28Home%29.Property%28TMDbHelper.Widgets.Reload%29%5D&amp;widget=true",return)</action>
		</shortcut>
	</shortcuts>
