<shortcuts>
	<shortcut>
		<defaultID />
		<label>ערוצי עידן גיבוי</label>
		<label2>פריטים מותאמים אישית</label2>
		<icon>DefaultShortcut.png</icon>
		<thumb />
		<action>ActivateWindow(Videos,"plugin://plugin.video.IdanIptv",return)</action>
		</shortcut>
	<shortcut>
		<defaultID>22020</defaultID>
		<label>לוח שידורים</label>
		<label2>טלוויזיה חיה</label2>
		<icon>DefaultTVShows.png</icon>
		<thumb />
		<action>ActivateWindow(TVGuide)</action>
		</shortcut>
	</shortcuts>
