<shortcuts>
	<shortcut>
		<defaultID />
		<label>בדיקה</label>
		<label2>פריטים מותאמים אישית</label2>
		<icon>DefaultShortcut.png</icon>
		<thumb />
		<action>ActivateWindow(1328)</action>
		</shortcut>
	<shortcut>
		<defaultID />
		<label>כאן 11 ויאודי</label>
		<label2>הרחבת וידאו</label2>
		<icon>DefaultShortcut.png</icon>
		<thumb>image://C%3a%5cUsers%5cNetag%5cAppData%5cRoaming%5cKodi%5caddons%5cplugin.video.idanplus%5cresources%5cimages%5ckan.jpg/</thumb>
		<action>ActivateWindow(Videos,"plugin://plugin.video.idanplus/?name=%5BB%5D%D7%9B%D7%9C+%D7%94%D7%AA%D7%95%D7%9B%D7%A0%D7%99%D7%95%D7%AA%5B%2FB%5D&amp;url=https%253A%252F%252Fwww.kan.org.il%252Flobby%252Fkan11&amp;mode=1&amp;iconimage=C%253A%255CUsers%255CNetag%255CAppData%255CRoaming%255CKodi%255Caddons%255Cplugin.video.idanplus%255Cresources%255Cimages%255Ckan.jpg&amp;module=kan&amp;moredata=%25D7%259B%25D7%2590%25D7%259F%2B11__4444",return)</action>
		</shortcut>
	<shortcut>
		<defaultID />
		<label>קשת 12 ויאודי</label>
		<label2>הרחבת וידאו</label2>
		<icon>DefaultShortcut.png</icon>
		<thumb>image://C%3a%5cUsers%5cNetag%5cAppData%5cRoaming%5cKodi%5caddons%5cplugin.video.idanplus%5cresources%5cimages%5cmako.png/</thumb>
		<action>ActivateWindow(Videos,"plugin://plugin.video.idanplus/?name=%5BB%5D%D7%9B%D7%9C+%D7%94%D7%AA%D7%9B%D7%A0%D7%99%D7%95%D7%AA%5B%2FB%5D&amp;url=https%253A%252F%252Fwww.mako.co.il%252Fmako-vod-index&amp;mode=1&amp;iconimage=C%253A%255CUsers%255CNetag%255CAppData%255CRoaming%255CKodi%255Caddons%255Cplugin.video.idanplus%255Cresources%255Cimages%255Cmako.png&amp;module=keshet&amp;moredata=",return)</action>
		</shortcut>
	<shortcut>
		<defaultID />
		<label>רשת 13 ויאודי</label>
		<label2>הרחבת וידאו</label2>
		<icon>DefaultShortcut.png</icon>
		<thumb>image://C%3a%5cUsers%5cNetag%5cAppData%5cRoaming%5cKodi%5caddons%5cplugin.video.idanplus%5cresources%5cimages%5c13.jpg/</thumb>
		<action>ActivateWindow(Videos,"plugin://plugin.video.idanplus/?name=%5BB%5D%D7%9B%D7%9C+%D7%94%D7%AA%D7%9B%D7%A0%D7%99%D7%95%D7%AA%5B%2FB%5D&amp;url=https%253A%252F%252F13tv.co.il%252Fallshows%252Fscreen%252F1170108%252F&amp;mode=0&amp;iconimage=C%253A%255CUsers%255CNetag%255CAppData%255CRoaming%255CKodi%255Caddons%255Cplugin.video.idanplus%255Cresources%255Cimages%255C13.jpg&amp;module=reshet&amp;moredata=",return)</action>
		</shortcut>
	<shortcut>
		<defaultID />
		<label>ערוץ 14 ויאודי</label>
		<label2>הרחבת וידאו</label2>
		<icon>DefaultShortcut.png</icon>
		<thumb>image://C%3a%5cUsers%5cNetag%5cAppData%5cRoaming%5cKodi%5caddons%5cplugin.video.idanplus%5cresources%5cimages%5c14tv.png/</thumb>
		<action>ActivateWindow(Videos,"plugin://plugin.video.idanplus/?name=%5BB%5D%D7%9B%D7%9C+%D7%94%D7%AA%D7%9B%D7%A0%D7%99%D7%95%D7%AA%5B%2FB%5D&amp;url=&amp;mode=0&amp;iconimage=C%253A%255CUsers%255CNetag%255CAppData%255CRoaming%255CKodi%255Caddons%255Cplugin.video.idanplus%255Cresources%255Cimages%255C14tv.png&amp;module=14tv&amp;moredata=",return)</action>
		</shortcut>
	<shortcut>
		<defaultID />
		<label>חינוכית 23 ויאודי</label>
		<label2>הרחבת וידאו</label2>
		<icon>DefaultShortcut.png</icon>
		<thumb>image://C%3a%5cUsers%5cNetag%5cAppData%5cRoaming%5cKodi%5caddons%5cplugin.video.idanplus%5cresources%5cimages%5c23tv.jpg/</thumb>
		<action>ActivateWindow(Videos,"plugin://plugin.video.idanplus/?name=%5BB%5D%D7%99%D7%9C%D7%93%D7%99%D7%9D+%D7%95%D7%A0%D7%95%D7%A2%D7%A8%5B%2FB%5D&amp;url=https%253A%252F%252Fwww.kankids.org.il%252Flobby-kids%252Fkids-teens%252F&amp;mode=1&amp;iconimage=C%253A%255CUsers%255CNetag%255CAppData%255CRoaming%255CKodi%255Caddons%255Cplugin.video.idanplus%255Cresources%255Cimages%255C23tv.jpg&amp;module=kan&amp;moredata=%25D7%259B%25D7%2590%25D7%259F%2B%25D7%2597%25D7%2599%25D7%25A0%25D7%2595%25D7%259B%25D7%2599%25D7%25AA%2B23__4453",return)</action>
		</shortcut>
	<shortcut>
		<defaultID />
		<label>ערוץ 24 ויאודי</label>
		<label2>הרחבת וידאו</label2>
		<icon>DefaultShortcut.png</icon>
		<thumb>image://C%3a%5cUsers%5cNetag%5cAppData%5cRoaming%5cKodi%5caddons%5cplugin.video.idanplus%5cresources%5cimages%5c24telad.png/</thumb>
		<action>ActivateWindow(Videos,"plugin://plugin.video.idanplus/?name=%5BB%5D%D7%A2%D7%A8%D7%95%D7%A5+24+%D7%94%D7%97%D7%93%D7%A9%5B%2FB%5D&amp;url=https%253A%252F%252Fwww.mako.co.il%252Fmako-vod-index%253Ffilter%253Dprovider%2526vcmId%253D3377c13070733210VgnVCM2000002a0c10acRCRD&amp;mode=1&amp;iconimage=C%253A%255CUsers%255CNetag%255CAppData%255CRoaming%255CKodi%255Caddons%255Cplugin.video.idanplus%255Cresources%255Cimages%255C24telad.png&amp;module=keshet&amp;moredata=",return)</action>
		</shortcut>
	<shortcut>
		<defaultID />
		<label>I24 ויאודי</label>
		<label2>הרחבת וידאו</label2>
		<icon>DefaultShortcut.png</icon>
		<thumb>image://C%3a%5cUsers%5cNetag%5cAppData%5cRoaming%5cKodi%5caddons%5cplugin.video.idanplus%5cresources%5cimages%5ci24news.png/</thumb>
		<action>ActivateWindow(Videos,"plugin://plugin.video.idanplus/?name=%5BB%5D%D7%A2%D7%91%D7%A8%D7%99%D7%AA%5B%2FB%5D&amp;url=action%253Dcatalog%2526language%253Dhe&amp;mode=-1&amp;iconimage=C%253A%255CUsers%255CNetag%255CAppData%255CRoaming%255CKodi%255Caddons%255Cplugin.video.idanplus%255Cresources%255Cimages%255Ci24news.png&amp;module=i24news&amp;moredata=",return)</action>
		</shortcut>
	<shortcut>
		<defaultID />
		<label>ספורט 5 ויאודי</label>
		<label2>הרחבת וידאו</label2>
		<icon>DefaultShortcut.png</icon>
		<thumb>image://C%3a%5cUsers%5cNetag%5cAppData%5cRoaming%5cKodi%5caddons%5cplugin.video.idanplus%5cresources%5cimages%5cSport5.png/</thumb>
		<action>ActivateWindow(Videos,"plugin://plugin.video.idanplus/?name=%5BB%5D%D7%9B%D7%9C+%D7%94%D7%AA%D7%9B%D7%A0%D7%99%D7%95%D7%AA%5B%2FB%5D&amp;url=&amp;mode=0&amp;iconimage=C%253A%255CUsers%255CNetag%255CAppData%255CRoaming%255CKodi%255Caddons%255Cplugin.video.idanplus%255Cresources%255Cimages%255CSport5.png&amp;module=sport5&amp;moredata=",return)</action>
		</shortcut>
	<shortcut>
		<defaultID>22020</defaultID>
		<label>לוח שידורים בטלויזיה</label>
		<label2>טלוויזיה חיה</label2>
		<icon>DefaultTVShows.png</icon>
		<thumb />
		<action>ActivateWindow(TVGuide)</action>
		</shortcut>
	<shortcut>
		<defaultID />
		<label>תחנות רדיו</label>
		<label2>הרחבת וידאו</label2>
		<icon>DefaultShortcut.png</icon>
		<thumb>image://C%3a%5cUsers%5cNetag%5cAppData%5cRoaming%5cKodi%5caddons%5cplugin.video.idanplus%5cicon.png/</thumb>
		<action>ActivateWindow(Videos,"plugin://plugin.video.idanplus/?name=%5BB%5D%D7%A8%D7%93%D7%99%D7%95%5B%2FB%5D&amp;url=&amp;mode=3&amp;iconimage=C%253A%255CUsers%255CNetag%255CAppData%255CRoaming%255CKodi%255Caddons%255Cplugin.video.idanplus%255Cicon.png&amp;module=&amp;moredata=",return)</action>
		</shortcut>
	<shortcut>
		<defaultID />
		<label>חפש מוזיקה</label>
		<label2>פריטים מותאמים אישית</label2>
		<icon>DefaultShortcut.png</icon>
		<thumb />
		<action>ActivateWindow(Music,"plugin://plugin.audio.soundcloud",return)</action>
		</shortcut>
	<shortcut>
		<defaultID />
		<label>ערוצי עידן גיבוי</label>
		<label2>פריטים מותאמים אישית</label2>
		<icon>DefaultShortcut.png</icon>
		<thumb />
		<action>ActivateWindow(Videos,"plugin://plugin.video.IdanIptv",return)</action>
		</shortcut>
	</shortcuts>
