<shortcuts>
	<shortcut>
		<defaultID />
		<label>חיפוש</label>
		<label2>הרחבת וידאו</label2>
		<icon>DefaultShortcut.png</icon>
		<thumb>image://special%3a%2f%2fhome%2faddons%2fplugin.video.youtube%2fresources%2fmedia%2fsearch.png/</thumb>
		<action>ActivateWindow(Videos,"plugin://plugin.video.youtube/kodion/search/list/?category_label=%D7%97%D7%99%D7%A4%D7%95%D7%A9",return)</action>
		</shortcut>
	<shortcut>
		<defaultID />
		<label>סרטונים קשורים</label>
		<label2>הרחבת וידאו</label2>
		<icon>DefaultShortcut.png</icon>
		<thumb>image://special%3a%2f%2fhome%2faddons%2fplugin.video.youtube%2fresources%2fmedia%2frelated_videos.png/</thumb>
		<action>ActivateWindow(Videos,"plugin://plugin.video.youtube/special/related_videos/?category_label=%D7%A1%D7%A8%D7%98%D7%95%D7%A0%D7%99%D7%9D+%D7%A7%D7%A9%D7%95%D7%A8%D7%99%D7%9D",return)</action>
		</shortcut>
	<shortcut>
		<defaultID />
		<label>שידור חי</label>
		<label2>הרחבת וידאו</label2>
		<icon>DefaultShortcut.png</icon>
		<thumb>image://special%3a%2f%2fhome%2faddons%2fplugin.video.youtube%2fresources%2fmedia%2flive.png/</thumb>
		<action>ActivateWindow(Videos,"plugin://plugin.video.youtube/special/live/?category_label=%D7%A9%D7%99%D7%93%D7%95%D7%A8+%D7%97%D7%99",return)</action>
		</shortcut>
	<shortcut>
		<defaultID />
		<label>היסטוריה</label>
		<label2>הרחבת וידאו</label2>
		<icon>DefaultShortcut.png</icon>
		<thumb>image://special%3a%2f%2fhome%2faddons%2fplugin.video.youtube%2fresources%2fmedia%2fhistory.png/</thumb>
		<action>ActivateWindow(Videos,"plugin://plugin.video.youtube/kodion/playback_history/list/?category_label=%D7%94%D7%99%D7%A1%D7%98%D7%95%D7%A8%D7%99%D7%94",return)</action>
		</shortcut>
	<shortcut>
		<defaultID />
		<label>[B]ההרשמות שלי[/B]</label>
		<label2>הרחבת וידאו</label2>
		<icon>DefaultShortcut.png</icon>
		<thumb>image://special%3a%2f%2fhome%2faddons%2fplugin.video.youtube%2fresources%2fmedia%2fnew_uploads.png/</thumb>
		<action>ActivateWindow(Videos,"plugin://plugin.video.youtube/special/my_subscriptions/?category_label=%D7%94%D7%94%D7%A8%D7%A9%D7%9E%D7%95%D7%AA+%D7%A9%D7%9C%D7%99",return)</action>
		</shortcut>
	<shortcut>
		<defaultID />
		<label>צפה בהמשך</label>
		<label2>הרחבת וידאו</label2>
		<icon>DefaultShortcut.png</icon>
		<thumb>image://special%3a%2f%2fhome%2faddons%2fplugin.video.youtube%2fresources%2fmedia%2fwatch_later.png/</thumb>
		<action>ActivateWindow(Videos,"plugin://plugin.video.youtube/kodion/watch_later/list/?category_label=%D7%A6%D7%A4%D7%94+%D7%91%D7%94%D7%9E%D7%A9%D7%9A",return)</action>
		</shortcut>
	<shortcut>
		<defaultID />
		<label>Trending</label>
		<label2>הרחבת וידאו</label2>
		<icon>DefaultShortcut.png</icon>
		<thumb>image://special%3a%2f%2fhome%2faddons%2fplugin.video.youtube%2fresources%2fmedia%2ftrending.png/</thumb>
		<action>ActivateWindow(Videos,"plugin://plugin.video.youtube/special/popular_right_now/?category_label=Trending",return)</action>
		</shortcut>
	<shortcut>
		<defaultID />
		<label>סרטונים שאהבתי</label>
		<label2>הרחבת וידאו</label2>
		<icon>DefaultShortcut.png</icon>
		<thumb>image://special%3a%2f%2fhome%2faddons%2fplugin.video.youtube%2fresources%2fmedia%2flikes.png/</thumb>
		<action>ActivateWindow(Videos,"plugin://plugin.video.youtube/channel/mine/playlist/LL/?category_label=%D7%A1%D7%A8%D7%98%D7%95%D7%A0%D7%99%D7%9D+%D7%A9%D7%90%D7%94%D7%91%D7%AA%D7%99",return)</action>
		</shortcut>
	<shortcut>
		<defaultID />
		<label>המיקום שלי</label>
		<label2>הרחבת וידאו</label2>
		<icon>DefaultShortcut.png</icon>
		<thumb>image://special%3a%2f%2fhome%2faddons%2fplugin.video.youtube%2fresources%2fmedia%2flocation.png/</thumb>
		<action>ActivateWindow(Videos,"plugin://plugin.video.youtube/location/mine/?category_label=My+Location",return)</action>
		</shortcut>
	</shortcuts>
