<?xml version="1.0" encoding="UTF-8"?>
<window>
    <defaultcontrol always="true">50</defaultcontrol>
	<views>50,51</views>
    <controls>
        <include>globalBackground</include>
		<!--mini window-->
		<include>miniVideoPlayer</include>
	<control type="image">
	   <posx>0</posx>
	   <posy>0</posy>
	   <width>1920</width>
	   <height>1080</height>
	   <texture>special://skin/extras/backgrounds/default.png</texture>
	   </control>
	   <include>pageHeader</include>    
        <control type="group" id="9999">
            <control type="group">
                <posx>col-9-begin</posx>
                <posy>row-7-begin</posy>
                <visible>String.IsEqual(container.folderpath,addons://)</visible>
                <!--animations-->
                <include>modalDialogInOutVertical</include>
                <!--Initial menu-->
                <control type="image">
                    <posx>0</posx>
                    <posy>0</posy>
                    <width>8-col</width>
                    <height>2-row</height>
                    <texture>colors/white.png</texture>
                    <colordiffuse>highlight</colordiffuse>
                    <aspectratio>stretch</aspectratio>
                </control>
                <!--title-->
                <control type="label">
                    <posx>24</posx>
                    <posy>0</posy>
                    <width>8-col-gutter</width>
                    <height>2-row</height>
                    <font>dialogTitle</font>
                    <label>$LOCALIZE[31113]</label>
                    <textcolor>textActive</textcolor>
                    <shadowcolor></shadowcolor>
                </control>
                <control type="panel" id="50">
                    <visible>String.IsEqual(container.folderpath,addons://)</visible>
                    <posx>0</posx>
                    <posy>73</posy>
                    <width>8-col</width>
                    <height>20-row</height>
                    <onleft>activateWindow(contextmenu)</onleft>
                    <ondown>50</ondown>
                    <onup>50</onup>
                    <itemgap>0</itemgap>
                    <itemlayout width="8-col" height="2-row">
                        <control type="image">
                            <posx>0</posx>
                            <posy>0</posy>
                            <width>8-col</width>
                            <height>2-row</height>
                            <texture>colors/black.png</texture>
                            <colordiffuse>overlay</colordiffuse>
                            <aspectratio>stretch</aspectratio>
                        </control>
                        <control type="image">
                            <posx>0</posx>
                            <posy>0</posy>
                            <width>1-col</width>
                            <height>2-row</height>
                            <aspectratio>stretch</aspectratio>
                            <texture>$INFO[listitem.icon]</texture>
                        </control>
                        <control type="label">
                            <posx>1-col-indent</posx>
                            <posy>-1</posy>
                            <width>6-col-gutter</width>
                            <height>2-row</height>
                            <aligny>center</aligny>
                            <font>buttonTitle</font>
                            <textcolor>textActive</textcolor>
                            <label>$INFO[ListItem.label]</label>
                        </control>
                    </itemlayout>
                    <focusedlayout width="8-col" height="2-row">
                        <control type="group">
                            <control type="image">
                                <posx>0</posx>
                                <posy>0</posy>
                                <width>1-col</width>
                                <height>2-row</height>
                                <aspectratio>stretch</aspectratio>
                                <texture>colors/white.png</texture>
                                <colordiffuse>highlight</colordiffuse>
                            </control>
                            <control type="image">
                                <posx>0</posx>
                                <posy>0</posy>
                                <width>1-col</width>
                                <height>2-row</height>
                                <aspectratio>stretch</aspectratio>
                                <texture>$INFO[listitem.icon]</texture>
                            </control>
                            <include>spinFocusIcon</include>
                        </control>
                        <control type="image">
                            <posx>1-col</posx>
                            <posy>0</posy>
                            <width>7-col</width>
                            <height>2-row</height>
                            <aspectratio>stretch</aspectratio>
                            <texture>colors/white.png</texture>
                        </control>
                        <control type="label">
                            <posx>0</posx>
                            <posy>0</posy>
                            <width>1-col</width>
                            <height>2-row</height>
                            <align>center</align>
                            <aligny>center</aligny>
                            <font>symbolLarge</font>
                            <textcolor>textActive</textcolor>
                            <label>$INFO[ListItem.label2]</label>
                            <shadowcolor></shadowcolor>
                        </control>
                        <control type="label">
                            <posx>1-col-indent</posx>
                            <posy>-1</posy>
                            <width>6-col-gutter</width>
                            <height>2-row</height>
                            <aligny>center</aligny>
                            <font>buttonTitle</font>
                            <textcolor>black</textcolor>
                            <label>$INFO[ListItem.label]</label>
                            <shadowcolor></shadowcolor>
                        </control>
                    </focusedlayout>
                </control>
            </control>
            <!--submenus-->
            <control type="group">
                <!--animations-->
                <animation type="visible">
                    <effect type="fade" start="0" end="100" time="300"/>
                    <effect type="slide" start="0,-200" end="0" tween="cubic" easing="out" time="400"/>
                </animation>
                <posx>col-4-begin</posx>
                <posy>row-4-begin</posy>
                <visible>!String.IsEqual(container.folderpath,addons://)</visible>
                <control type="image">
                    <posx>0</posx>
                    <posy>0</posy>
                    <width>18-col</width>
                    <height>71</height>
                    <texture>colors/white.png</texture>
                    <colordiffuse>highlight</colordiffuse>
                    <aspectratio>stretch</aspectratio>
                </control>
                <!--title-->
                <control type="label">
                    <posx>24</posx>
                    <posy>0</posy>
                    <width>17-col</width>
                    <height>2-row</height>
                    <font>dialogTitle</font>
                    <label>$INFO[container.foldername] $INFO[container.numitems,(,)] $INFO[System.Progressbar,,%]</label>
                    <textcolor>textActive</textcolor>
                    <shadowcolor></shadowcolor>
                </control>
                <!--dialog background-->
                <control type="image">
                    <posx>0</posx>
                    <posy>2-row</posy>
                    <width>18-col</width>
                    <height>19-row</height>
                    <texture>colors/black.png</texture>
                    <colordiffuse>overlay</colordiffuse>
                    <aspectratio>stretch</aspectratio>
                </control>
                <control type="image">
                    <posx>10-col</posx>
                    <posy>2-row</posy>
                    <width>8-col</width>
                    <height>19-row</height>
                    <texture>colors/black.png</texture>
                    <colordiffuse>overlay</colordiffuse>
                    <aspectratio>stretch</aspectratio>
                </control>
                <control type="panel" id="51">
                    <visible>!String.IsEqual(container.folderpath,addons://)</visible>
                    <posx>0</posx>
                    <posy>2-row</posy>
                    <width>10-col</width>
                    <height>19-row</height>
                    <onleft>activateWindow(contextmenu)</onleft>
                    <onright>60</onright>
                    <ondown>51</ondown>
                    <onup>51</onup>
                    <pagecontrol>60</pagecontrol>
                    <itemlayout width="10-col" height="2-row">
                        <control type="label">
                            <visible>ListItem.AddonBroken</visible>
                            <posx>0</posx>
                            <posy>0</posy>
                            <width>1-col</width>
                            <height>2-row</height>
                            <align>center</align>
                            <aligny>center</aligny>
                            <font>symbolLarge</font>
                            <textcolor>textActive</textcolor>
                            <label></label>
                            <shadowcolor></shadowcolor>
                        </control>
                        <control type="label">
                            <visible>ListItem.Property(Addon.HasUpdate)</visible>
                            <posx>0</posx>
                            <posy>0</posy>
                            <width>1-col</width>
                            <height>2-row</height>
                            <align>center</align>
                            <aligny>center</aligny>
                            <font>symbolLarge</font>
                            <textcolor>textActive</textcolor>
                            <label></label>
                            <shadowcolor></shadowcolor>
                        </control>
                        <control type="label">
                            <posx>1-col-indent</posx>
                            <posy>0</posy>
                            <width>9-col-gutter</width>
                            <height>2-row</height>
                            <aligny>center</aligny>
                            <font>itemTitle</font>
                            <textcolor>textActive</textcolor>
                            <shadowcolor></shadowcolor>
                            <label>$INFO[ListItem.Label]</label>
                        </control>
					    <control type="image">
						<posx>10</posx>
						<posy>15</posy>
						<width>50</width>
						<height>40</height>
						<texture>special://skin/extras/test/checkmark.png</texture>
						<visible>ListItem.Property(Addon.IsEnabled)</visible>
						</control>
                    </itemlayout>
                    <focusedlayout width="10-col" height="2-row">
                        <control type="group">
                            <include>spinFocusIcon</include>
                            <control type="image">
                                <posx>0</posx>
                                <posy>0</posy>
                                <width>1-col</width>
                                <height>1-col</height>
                                <aspectratio scalediffuse="false">stretch</aspectratio>
                                <texture border="0">colors/white.png</texture>
                                <colordiffuse>highlight</colordiffuse>
                            </control>
                            <control type="label">
                                <visible>ListItem.AddonBroken</visible>
                                <posx>0</posx>
                                <posy>0</posy>
                                <width>1-col</width>
                                <height>2-row</height>
                                <align>center</align>
                                <aligny>center</aligny>
                                <font>symbolLarge</font>
                                <textcolor>textActive</textcolor>
                                <label></label>
                                <shadowcolor></shadowcolor>
                            </control>
                            <control type="label">
                                <visible>ListItem.Property(Addon.HasUpdate)</visible>
                                <posx>0</posx>
                                <posy>0</posy>
                                <width>1-col</width>
                                <height>2-row</height>
                                <align>center</align>
                                <aligny>center</aligny>
                                <font>symbolLarge</font>
                                <textcolor>textActive</textcolor>
                                <label></label>
                                <shadowcolor></shadowcolor>
                            </control>
                        </control>
                        <control type="image">
						<animation effect="fade" start="100" end="35" time="0">Focus</animation>
                            <posx>1-col</posx>
                            <posy>0</posy>
                            <width>9-col-textbox</width>
                            <height>2-row</height>
                            <aspectratio>stretch</aspectratio>
                            <texture border="0">colors/white.png</texture>
                        </control>
                        <control type="label">
                            <posx>1-col-indent</posx>
                            <posy>0</posy>
                            <width>9-col-gutter</width>
                            <height>2-row</height>
                            <aligny>center</aligny>
                            <font>itemTitle</font>
                            <textcolor>white</textcolor>
                            <shadowcolor>black</shadowcolor>
                            <label>$INFO[ListItem.Label]</label>
                        </control>
					    <control type="image">
						<posx>10</posx>
						<posy>15</posy>
						<width>50</width>
						<height>40</height>
						<texture>special://skin/extras/test/checkmark.png</texture>
						<visible>ListItem.Property(Addon.IsEnabled)</visible>
						</control>
                    </focusedlayout>
                </control>
                <!--icon and description-->
                <control type="group">
                    <posx>10-col</posx>
                    <posy>1-row</posy>
                    <control type="image">
                        <posx>0</posx>
                        <posy>1-row</posy>
                        <width>8-col</width>
                        <height>19-row</height>
                        <fadetime>500</fadetime>
                        <aspectratio scalediffuse="false">scale</aspectratio>
                        <texture fallback="defaultAddon.png" border="0">$INFO[listitem.thumb]</texture>
                        <colordiffuse></colordiffuse>
                    </control>
                    <control type="image">
                        <visible>!String.IsEmpty(ListItem.AddonSummary)</visible>
                        <posx>0</posx>
                        <posy>577</posy>
                        <width>8-col</width>
                        <height>143</height>
                        <texture>colors/black.png</texture>
                        <aspectratio>stretch</aspectratio>
                        <colordiffuse>overlay</colordiffuse>
                    </control>
                    <control type="label">
                        <posx>24</posx>
                        <posy>612</posy>
                        <width>7-col</width>
                        <height>2-row</height>
                        <align>left</align>
                        <aligny>center</aligny>
                        <font>buttonTitle</font>
                        <textcolor>textActive</textcolor>
                        <wrapmultiline>true</wrapmultiline>
                        <label>$INFO[ListItem.AddonSummary]</label>
                    </control>
                </control>
            </control>
            <control type="group">
                <!--page scrollbar-->
                <control type="group" id="8000">
                    <visible>Control.IsVisible(60)</visible>
                    <animation effect="fade" start="100" end="0" time="100" condition="!controlgroup(8000).hasfocus">conditional</animation>
                    <control type="scrollbar" id="60">
                        <posx>1620</posx>
                        <posy>row-11-begin</posy>
                        <height>10-row</height>
                        <onleft>50</onleft>
                        <onback>50</onback>
                    </control>
                </control>
            </control>
        </control>
				<control type="group">
		<control type="label">
		<posx>750</posx>
		<posy>950</posy>
		<width>500</width>
		<height>100</height>
		<label>Powered By Ghost</label>
		</control>
		</control>
        <!--debugging-->
        <include>DebugGrid</include>
        <control type="label">
            <include>DialogID</include>
            <label>AddonBrowser.xml</label>
        </control>
    </controls>
</window>
