<?xml version="1.0" encoding="UTF-8"?>
<window type="dialog" id="6019">
	<defaultcontrol always="true">222</defaultcontrol>
	<controls>



<control type="button" id="222">
<onright>Dialog.Close(6019)</onright>
<onleft>Dialog.Close(6019)</onleft>
<onup>Dialog.Close(6019)</onup>
<posx>0</posx>
<posy>0</posy>
<width>1</width>
<height>1</height>
</control>



<control type="group">
<posy>-800</posy>
<animation type="WindowOpen">
<effect type="slide" start="0,0" end="0,800" time="550" tween="sine" easing="inout"/>
</animation>
<animation type="WindowClose">
<effect type="slide" start="0,800" end="0,0" time="550" tween="sine" easing="inout"/>
</animation>
<control type="image">
<posx>750</posx>
<posy>120</posy>
<width>420</width>
<height>250</height>
<bordertexture colordiffuse="burlywood">colors/white.png</bordertexture>
<bordersize>2</bordersize>
<texture colordiffuse="black">colors/white.png</texture>
</control>
<control type="list" id="3322">
<posx>760</posx>
<posy>140</posy>
<width>400</width>
<height>300</height>
<onclick>noop</onclick>
<itemlayout width="500" height="400">
<control type="textbox">
<autoscroll fade="3500" time="3500" repeat="4000"></autoscroll>
<posx>0</posx>
<posy>0</posy>
<width>400</width>
<height>200</height>
<align>center</align>
<label>$INFO[ListItem.Label]</label>
</control>
</itemlayout>
<focusedlayout width="500" height="400">
<control type="textbox">
<autoscroll fade="3500" time="3500" repeat="4000"></autoscroll>
<posx>0</posx>
<posy>0</posy>
<width>400</width>
<height>200</height>
<align>center</align>
<label>$INFO[ListItem.Label]</label>
</control>
</focusedlayout>
<content>plugin://plugin.video.telemedia/?data=0&amp;dates=%20&amp;description=ghostinfochannel%0afrom_plot&amp;eng_name=%20&amp;episode=%20&amp;fanart&amp;fav_status=false&amp;groups_id=0&amp;heb_name=%20&amp;iconimage&amp;id=%20&amp;image_master=%24%24%24&amp;isr=0&amp;last_id=0%24%24%240%24%24%240%24%24%240&amp;mode=2&amp;name=%5bCOLOR%20khaki%5dghostinfochannel%5b%2fCOLOR%5d&amp;original_title=ghostinfochannel&amp;season=%20&amp;show_original_year=%20&amp;tmdbid=%20&amp;url=-1001431877532&quot</content>
</control>
</control>

</controls>
</window>
