<?xml version="1.0" encoding="UTF-8"?>
<window type="dialog" id="6010">
	<defaultcontrol always="true">5000</defaultcontrol>
	<controls>



<control type="image">
<posx>0</posx>
<posy>0</posy>
<width>1920</width>
<height>1080</height>
<texture>special://skin/extras/background/loguploader-dialog-bg.png</texture>
</control>

<control type="group">
<posx>20</posx>
<posy>50</posy>
<animation condition="Control.HasFocus(501)" effect="slide" start="0,0" end="0,-1000" time="550" tween="sine" easing="inout">Conditional</animation>
<include content="extradebridmovies">
<param name="extrasmoviesid" value="500"/>
<param name="bigimageposx" value="-20"/>
<param name="animposx" value="1565"/>
<param name="animposy" value="575"/>
<param name="scrollbuttonid" value="Control.HasFocus(21)"/>
<param name="extramoviescontent" value="plugin://plugin.video.thecrew/?action=movies&amp;url=https%3a%2f%2fapi.trakt.tv%2fusers%2fme%2flists%2fonlynewmovies%2fitems&quot"/>
</include>
</control>


<control type="group">
<posx>380</posx>
<posy>50</posy>
<animation condition="Control.HasFocus(500)" effect="slide" start="0,0" end="0,-1000" time="550" tween="sine" easing="inout">Conditional</animation>
<include content="extradebridmovies">
<param name="extrasmoviesid" value="501"/>
<param name="bigimageposx" value="-380"/>
<param name="animposx" value="1205"/>
<param name="animposy" value="575"/>
<param name="scrollbuttonid" value="Control.HasFocus(22)"/>
<param name="extramoviescontent" value="plugin://plugin.video.thecrew/?action=movies&amp;url=https%3a%2f%2fapi.trakt.tv%2fusers%2fme%2flists%2fonlynewmovies%2fitems&quot"/>
</include>
</control>

<include>extramoviesbuttons</include>

</controls>
</window>
