<?xml version="1.0" encoding="UTF-8"?>
<window type="dialog" id="6002">
	<defaultcontrol always="true">1256</defaultcontrol>
	<controls>







<control type="group">
<control type="image">
<animation type="WindowOpen">
<effect type="slide" start="0,0" end="1040,0" time="550" tween="sine" easing="inout"/>
</animation>
<animation type="WindowClose">
<effect type="slide" start="-1040,0" end="0,0" time="550" tween="sine" easing="inout"/>
</animation>
<posx>-1020</posx>
<posy>530</posy>
<width>280</width>
<height>280</height>
<texture>colors/black.png</texture>
<bordertexture colordiffuse="gray">colors/white.png</bordertexture>
</control>
<control type="image">
<animation type="WindowOpen">
<effect type="slide" start="0,0" end="-1000,0" time="550" tween="sine" easing="inout"/>
</animation>
<animation type="WindowClose">
<effect type="slide" start="-1000,0" end="0,0" time="550" tween="sine" easing="inout"/>
</animation>
<posx>2620</posx>
<posy>530</posy>
<width>280</width>
<height>280</height>
<texture>colors/black.png</texture>
<bordertexture colordiffuse="gray">colors/white.png</bordertexture>
</control>
</control>


<include content="mediacentermusic">
<param name="newid" value="500"/>
<param name="itemid" value="21"/>
<param name="content" value="plugin://plugin.video.My.Music/?cat_level=%20&amp;count=0&amp;description=%20Music%20in%20categories%2024-7%20&amp;fanart=https%3a%2f%2fi.ytimg.com%2fvi%2fW7c9SfSdXRA%2fmaxresdefault.jpg&amp;iconimage=https%3a%2f%2fpbs.twimg.com%2fprofile_images%2f974265887384657921%2futXy1ElP_400x400.jpg&amp;index_depth=0&amp;lang=eng&amp;mode=5&amp;name=radiomizrahi&amp;page&amp;selected_list=%20&amp;url=radiomizrahi&quot"/>
</include>


<include content="mediacentermusic">
<param name="newid" value="501"/>
<param name="itemid" value="22"/>
<param name="content" value="plugin://plugin.video.My.Music/?cat_level=%20&amp;count=0&amp;description=%20Music%20in%20categories%2024-7%20&amp;fanart=https%3a%2f%2fi.ytimg.com%2fvi%2fW7c9SfSdXRA%2fmaxresdefault.jpg&amp;iconimage=https%3a%2f%2fpbs.twimg.com%2fprofile_images%2f974265887384657921%2futXy1ElP_400x400.jpg&amp;index_depth=0&amp;lang=eng&amp;mode=5&amp;name=newmusic&amp;page&amp;selected_list=%20&amp;url=newmusic&quot"/>
</include>

<include content="mediacentermusic">
<param name="newid" value="502"/>
<param name="itemid" value="23"/>
<param name="content" value="plugin://plugin.video.My.Music/?cat_level=%20&amp;count=0&amp;description=%20Music%20in%20categories%2024-7%20&amp;fanart=https%3a%2f%2fi.ytimg.com%2fvi%2fW7c9SfSdXRA%2fmaxresdefault.jpg&amp;iconimage=https%3a%2f%2fpbs.twimg.com%2fprofile_images%2f974265887384657921%2futXy1ElP_400x400.jpg&amp;index_depth=0&amp;lang=eng&amp;mode=5&amp;name=My%20Music&amp;page&amp;selected_list=%20&amp;url=My%20Music&quot"/>
</include>

<include content="mediacentermusic">
<param name="newid" value="503"/>
<param name="itemid" value="24"/>
<param name="content" value="plugin://plugin.video.My.Music/?cat_level=%20&amp;count=0&amp;description=%20&amp;fanart&amp;iconimage&amp;index_depth=0&amp;lang=eng&amp;mode=5&amp;name=houseradio&amp;page&amp;selected_list=%20&amp;url=houseradio&quot"/>
</include>


<include content="mediacentermusic">
<param name="newid" value="504"/>
<param name="itemid" value="25"/>
<param name="content" value="plugin://plugin.video.My.Music/?cat_level=%20&amp;count=0&amp;description=%20Music%20in%20categories%2024-7%20&amp;fanart=https%3a%2f%2fi.ytimg.com%2fvi%2fW7c9SfSdXRA%2fmaxresdefault.jpg&amp;iconimage=https%3a%2f%2fpbs.twimg.com%2fprofile_images%2f974265887384657921%2futXy1ElP_400x400.jpg&amp;index_depth=0&amp;lang=eng&amp;mode=5&amp;name=generalradio&amp;page&amp;selected_list=%20&amp;url=generalradio&quot"/>
</include>

<control type="wraplist" id="1256">
<animation type="WindowOpen">
<effect type="slide" start="0,0" end="0,-1000" time="550" tween="sine" easing="inout"/>
</animation>
<animation type="WindowClose">
<effect type="slide" start="0,-1000" end="0,0" time="550" tween="sine" easing="inout"/>
</animation>
<posx>700</posx>
<posy>1880</posy>
<width>500</width>
<height>500</height>
<orientation>Vertical</orientation>
<focusposition>1</focusposition>
<scrolltime tween="sine" easing="inout">350</scrolltime>
<itemlayout width="220" height="65">
<control type="label">
<posx>0</posx>
<posy>0</posy>
<width>500</width>
<height>50</height>
<align>center</align>
<label>$INFO[ListItem.Label]</label>
</control>
</itemlayout>
<focusedlayout width="220" height="65">
<control type="label">
<visible>!Control.HasFocus(1256)</visible>
<animation effect="zoom" center="auto" start="100,100" end="120,100" time="150">Focus</animation>
<posx>0</posx>
<posy>0</posy>
<width>500</width>
<height>50</height>
<align>center</align>
<label>$INFO[ListItem.Label]</label>
</control>
<control type="label">
<visible>Control.HasFocus(1256)</visible>
<animation effect="zoom" center="auto" start="100,100" end="120,100" time="150">Focus</animation>
<posx>0</posx>
<posy>0</posy>
<width>500</width>
<height>50</height>
<align>center</align>
<textcolor>highlight</textcolor>
<shadowcolor>black</shadowcolor>
<label>[B]$INFO[ListItem.Label][/B]</label>
</control>
</focusedlayout>
<content>
<item id="21">
<label>רדיו מזרחי</label>
<onclick>Control.SetFocus(500)</onclick>
</item>
<item id="22">
<label>רדיו חסידי</label>
<onclick>Control.SetFocus(501)</onclick>
</item>
<item id="23">
<label>רדיו טראנס</label>
<onclick>Control.SetFocus(502)</onclick>
</item>
<item id="24">
<label>רדיו דאנס</label>
<onclick>Control.SetFocus(503)</onclick>
</item>
<item id="25">
<label>רדיו כללי</label>
<onclick>Control.SetFocus(504)</onclick>
</item>
</content>
</control>

</controls>
</window>
