<?xml version="1.0" encoding="UTF-8"?>
<window type="dialog" id="6000">
	<defaultcontrol always="true">5</defaultcontrol>
	<controls>



	<include content="idanplus">
	<param name="baseid" value="5"/>
	<param name="idancontent" value="plugin://plugin.video.idanplus/?iconimage=C%253A%255CUsers%255Cneta%255CAppData%255CRoaming%255CKodi%255Caddons%255Cplugin.video.idanplus%255Cicon.png&amp;mode=1&amp;module&amp;moredata&amp;name=%5bB%5d%d7%98%d7%9c%d7%95%d7%99%d7%96%d7%99%d7%94%5b%2fB%5d&amp;url&quot"/>
	</include>

	<include content="globalclosebutton">
	<param name="labelname" value="סגור חלון עידן פלוס"/>
	</include>

	</controls>
</window>
