<?xml version="1.0" encoding="UTF-8"?>
<window type="dialog" id="6014">
	<defaultcontrol always="true">1256</defaultcontrol>
	<controls>







<control type="group">

<control type="wraplist" id="1256">
<posx>30</posx>
<posy>80</posy>
<width>1500</width>
<height>1000</height>
<onclick>Action(info)</onclick>
<preloaditems>2</preloaditems>
<focusposition>2</focusposition>
<scrolltime tween="sine" easing="inout">450</scrolltime>
<itemlayout width="380" height="220">
<control type="image">
<animation condition="Control.HasFocus(1256) | Control.HasFocus(500) | Window.IsActive(DialogVideoInfo.xml)" effect="zoom" center="auto" start="100,100" end="85,85" time="450">Conditional</animation>
<animation condition="Control.HasFocus(1256) | Control.HasFocus(500) | Window.IsActive(DialogVideoInfo.xml)" effect="fade" start="100" end="85" time="450">Conditional</animation>
<animation condition="Control.HasFocus(1256) | Control.HasFocus(500) | Window.IsActive(DialogVideoInfo.xml)" effect="rotatex" start="0" end="-10" time="450">Conditional</animation>
<posx>0</posx>
<posy>0</posy>
<width>350</width>
<height>220</height>
<texture background="true">$INFO[ListItem.Art(fanart)]</texture>
</control>
</itemlayout>
<focusedlayout width="380" height="220">
<control type="image">
<animation effect="zoom" center="auto" start="100,100" end="110,110" time="450">Focus</animation>
<animation condition="Window.IsActive(DialogVideoInfo.xml)" effect="slide" start="0,0" end="380,0" time="450" tween="sine" easing="inout">Conditional</animation>
<posx>0</posx>
<posy>0</posy>
<width>350</width>
<height>220</height>
<bordertexture colordiffuse="white">colors/white.png</bordertexture>
<bordersize>2</bordersize>
<texture background="true">$INFO[ListItem.Art(fanart)]</texture>
</control>
</focusedlayout>
<content sortby="random" sortorder="random">plugin://plugin.video.tempest/?action=movies&amp;url=https%3a%2f%2fapi.trakt.tv%2fusers%2fme%2flists%2fmovies1%2fitems&quot</content>
</control>
</control>







</controls>
</window>
