<?xml version="1.0" encoding="UTF-8"?>
<window type="dialog" id="6009">
	<defaultcontrol always="true">1256</defaultcontrol>
	<controls>



<control type="image">
<posx>1540</posx>
<posy>400</posy>
<width>380</width>
<height>355</height>
<bordertexture colordiffuse="gray">colors/white.png</bordertexture>
<bordersize>2</bordersize>
<texture colordiffuse="black">colors/white.png</texture>
</control>


<control type="image">
<posx>0</posx>
<posy>400</posy>
<width>380</width>
<height>355</height>
<bordertexture colordiffuse="gray">colors/white.png</bordertexture>
<bordersize>2</bordersize>
<texture colordiffuse="black">colors/white.png</texture>
</control>

<include content="radiostations">
<param name="radioid" value="500"/>
<param name="radioitemid" value="21"/>
<param name="radiocontent" value="plugin://plugin.audio.My.Music/?cat_level=%20&amp;count=0&amp;description=%20Music%20in%20categories%2024-7%20&amp;fanart=https%3a%2f%2fi.ytimg.com%2fvi%2fW7c9SfSdXRA%2fmaxresdefault.jpg&amp;iconimage=https%3a%2f%2fpbs.twimg.com%2fprofile_images%2f974265887384657921%2futXy1ElP_400x400.jpg&amp;index_depth=0&amp;lang=eng&amp;mode=5&amp;name=radiomizrahi&amp;page&amp;selected_list=%20&amp;url=radiomizrahi&quot"/>
</include>

<include content="radiostations">
<param name="radioid" value="501"/>
<param name="radioitemid" value="22"/>
<param name="radiocontent" value="plugin://plugin.audio.My.Music/?cat_level=%20&amp;count=0&amp;description=%20Music%20in%20categories%2024-7%20&amp;fanart=https%3a%2f%2fi.ytimg.com%2fvi%2fW7c9SfSdXRA%2fmaxresdefault.jpg&amp;iconimage=https%3a%2f%2fpbs.twimg.com%2fprofile_images%2f974265887384657921%2futXy1ElP_400x400.jpg&amp;index_depth=0&amp;lang=eng&amp;mode=5&amp;name=newmusic&amp;page&amp;selected_list=%20&amp;url=newmusic&quot"/>
</include>

<include content="radiostations">
<param name="radioid" value="502"/>
<param name="radioitemid" value="23"/>
<param name="radiocontent" value="plugin://plugin.audio.My.Music/?cat_level=%20&amp;count=0&amp;description=%20Music%20in%20categories%2024-7%20&amp;fanart=https%3a%2f%2fi.ytimg.com%2fvi%2fW7c9SfSdXRA%2fmaxresdefault.jpg&amp;iconimage=https%3a%2f%2fpbs.twimg.com%2fprofile_images%2f974265887384657921%2futXy1ElP_400x400.jpg&amp;index_depth=0&amp;lang=eng&amp;mode=5&amp;name=My%20Music&amp;page&amp;selected_list=%20&amp;url=My%20Music&quot"/>
</include>

<include content="radiostations">
<param name="radioid" value="503"/>
<param name="radioitemid" value="24"/>
<param name="radiocontent" value="plugin://plugin.audio.My.Music/?cat_level=%20&amp;count=0&amp;description=%20Music%20in%20categories%2024-7%20&amp;fanart=https%3a%2f%2fi.ytimg.com%2fvi%2fW7c9SfSdXRA%2fmaxresdefault.jpg&amp;iconimage=https%3a%2f%2fpbs.twimg.com%2fprofile_images%2f974265887384657921%2futXy1ElP_400x400.jpg&amp;index_depth=0&amp;lang=eng&amp;mode=5&amp;name=generalradio&amp;page&amp;selected_list=%20&amp;url=generalradio&quot"/>
</include>

<control type="wraplist" id="1256">
<posx>800</posx>
<posy>800</posy>
<width>1000</width>
<height>400</height>
<onback>4444</onback>
<focusposition>1</focusposition>
<onup condition="container(1256).hasfocus(21)">Control.SetFocus(500)</onup>
<onup condition="container(1256).hasfocus(22)">Control.SetFocus(501)</onup>
<onup condition="container(1256).hasfocus(23)">Control.SetFocus(502)</onup>
<onup condition="container(1256).hasfocus(24)">Control.SetFocus(503)</onup>
<orientaiton>horizontal</orientaiton>
<itemlayout width="250" height="110">
<control type="textbox">

<posx>0</posx>
<posy>0</posy>
<width>350</width>
<height>100</height>
<align>center</align>
<label>$INFO[ListItem.Label]</label>
</control>
</itemlayout>
<focusedlayout width="250" height="110">
<control type="textbox">
<visible>!control.hasfocus(1256)</visible>
<animation effect="zoom" start="100,100" end="180,100" center="auto" time="100">UnFocus</animation>
<posx>0</posx>
<posy>0</posy>
<width>350</width>
<height>100</height>
<align>center</align>
<textcolor>gray</textcolor>
<label>$INFO[ListItem.Label]</label>
</control>
<control type="textbox">
<animation effect="zoom" start="100,100" end="150,100" center="auto" time="100">Focus</animation>
<visible>control.hasfocus(1256)</visible>
<posx>0</posx>
<posy>0</posy>
<width>350</width>
<height>100</height>
<align>center</align>
<textcolor>deepskyblue</textcolor>
<label>[B]$INFO[ListItem.Label][/B]</label>
</control>
</focusedlayout>
<content>
<item id="21">
<label>רדיו מזרחי</label>
<onclick>Control.SetFocus(500)</onclick>
</item>
<item id="22">
<label>רדיו דתי</label>
<onclick>Control.SetFocus(501)</onclick>
</item>
<item id="23">
<label>רדיו לועזי</label>
<onclick>Control.SetFocus(502)</onclick>
</item>
<item id="24">
<label>רדיו עולם</label>
<onclick>Control.SetFocus(503)</onclick>
</item>
</content>
</control>

<control type="group">
<posy>450</posy>
<posx>50</posx>
<width>80</width>
<height>80</height>
<include content="globalclosebuttonsmall">
<param name="labelname" value="סגור את חלון הרדיו"/>
</include>
</control>

		<control type="group">
		<animation condition="Window.IsActive(6009)" effect="slide" start="0,0" end="0,-700" time="630" tween="sine" easing="inout">Conditional</animation>
		<include content="stopbutton">
		<param name="bposx" value="920"/>
		<param name="bposy" value="980"/>
		<param name="bvisible" value="Player.HasAudio"/>
		</include>
		</control>

</controls>
</window>
