<?xml version="1.0" encoding="UTF-8"?>
<window type="dialog" id="6015">
	<defaultcontrol always="true">1256</defaultcontrol>
	<controls>







<control type="group">
<posx>-50</posx>
<control type="image">
<posx>400</posx>
<posy>185</posy>
<width>1200</width>
<height>650</height>
<texture>special://skin/extras/background/basemain.png</texture>
</control>

<control type="textbox">
<posx>480</posx>
<posy>200</posy>
<width>700</width>
<height>140</height>
<align>right</align>
<textcolor>white</textcolor>
<shadowcolor>black</shadowcolor>
<label>[B]$INFO[Container(1256).ListItem.Label][/B]</label>
</control>



<control type="group">
<posx>-330</posx>
<posy>-400</posy>
<control type="textbox">
<posx>655</posx>
<posy>700</posy>
<width>800</width>
<height>200</height>
<align>right</align>
<font>mediumTitle</font>
<label>$INFO[Container(1256).ListItem.Duration((hh:mm:ss)]</label>
</control>

<control type="image">
<visible>!String.IsEmpty(Container(1256).ListItem.Duration)</visible>
<posx>1465</posx>
<posy>714</posy>
<width>45</width>
<height>45</height>
<texture colordiffuse="burlywood">special://skin/extras/test/time.png</texture>
</control>

<control type="image">
<visible>!String.IsEmpty(Container(1256).ListItem.Genre)</visible>
<posx>1465</posx>
<posy>775</posy>
<width>45</width>
<height>45</height>
<texture colordiffuse="burlywood">special://skin/extras/genre.png</texture>
</control>

<control type="label">
<posx>1460</posx>
<posy>695</posy>
<width>700</width>
<height>200</height>
<align>right</align>
<textcolor>gray</textcolor>
<scroll>true</scroll>
<label>[I]$INFO[Container(1256).ListItem.Genre][/I]</label>
</control>
</control>

<control type="textbox">
<autoscroll fade="3500" time="3500" repeat="4000"></autoscroll>
<posx>480</posx>
<posy>450</posy>
<width>700</width>
<height>140</height>
<align>right</align>
<textcolor>white</textcolor>
<shadowcolor>black</shadowcolor>
<font>smallMedium</font>
<label>$INFO[Container(1256).ListItem.Plot]</label>
</control>

<control type="list" id="1256">
<posx>1195</posx>
<posy>200</posy>
<width>380</width>
<height>620</height>
<preloaditems>2</preloaditems>
<focusposition>2</focusposition>
<orientation>horizontal</orientation>
<scrolltime tween="sine" easing="inout">450</scrolltime>
<itemlayout width="380" height="220">
<control type="multiimage">
<posx>0</posx>
<posy>0</posy>
<width>380</width>
<height>620</height>
<fadetime>450</fadetime>
<imagepath diffuse="special://skin/extras/diffuse/poster_diffuse.png" background="true">$INFO[ListItem.Art(poster)]</imagepath>
</control>
</itemlayout>
<focusedlayout width="380" height="220">
<control type="multiimage">
<posx>0</posx>
<posy>0</posy>
<width>380</width>
<height>620</height>
<fadetime>450</fadetime>
<imagepath diffuse="special://skin/extras/diffuse/poster_diffuse.png" background="true">$INFO[ListItem.Art(poster)]</imagepath>
</control>
</focusedlayout>
<content sortby="random" sortorder="random">plugin://plugin.video.thecrew/?action=movies&amp;url=https%3a%2f%2fapi.trakt.tv%2fusers%2fme%2flists%2fonlynewmovies%2fitems&quot</content>
</control>




			<control type="wraplist" id="250">
				<animation effect="fade" time="450">VisibleChange</animation>
				<animation type="WindowClose">
				<effect type="fade" start="100" end="0" time="250"/>
				</animation>
				<posx>370</posx>
				<posy>580</posy>
				<width>815</width>
				<height>400</height>
				<onleft>50</onleft>
				<onright>50</onright>
				<onup>61</onup>
				<ondown>9000</ondown>
				<focusposition>2</focusposition>
				<orientation>horizontal</orientation>
				<itemlayout width="150" height="220">
					<control type="image">
						<posx>5</posx>
						<posy>17</posy>
						<width>250</width>
						<height>220</height>
						<aspectratio>keep</aspectratio>
						<texture diffuse="special://skin/extras/diffuse/poster_diffuse.png" background="true" fallback="special://skin/extras/fallbacks/NoActor.png">$INFO[ListItem.Icon]</texture>
						<bordertexture colordiffuse="grey_a">white.png</bordertexture>
						<bordersize>3</bordersize>
					</control>
				</itemlayout>
				<focusedlayout width="150" height="220">
					<control type="image">
						<posx>5</posx>
						<posy>17</posy>
						<width>250</width>
						<height>220</height>
						<aspectratio>keep</aspectratio>
						<bordertexture colordiffuse="gray">colors/white.png</bordertexture>
						<bordersize>4</bordersize>
						<texture diffuse="special://skin/extras/diffuse/poster_diffuse.png" background="true" fallback="special://skin/extras/fallbacks/NoActor.png">$INFO[ListItem.Icon]</texture>
						<bordertexture colordiffuse="$VAR[main_color]">white.png</bordertexture>
						<bordersize>3</bordersize>
					</control>
					<control type="textbox">
					<posx>65</posx>
					<posy>170</posy>
					<width>130</width>
					<height>60</height>
					<align>center</align>
					<font>smallMedium</font>
					<textcolor>black</textcolor>
					<shadowcolor>white</shadowcolor>
					<label>$INFO[ListItem.Label]</label>
					</control>
				</focusedlayout>
				<content>plugin://script.skin.helper.service/?action=getcast&amp;movie=$INFO[Container(1256).ListItem.Title]</content>
			</control>

</control>

</controls>
</window>
