<?xml version="1.0" encoding="UTF-8"?>
<window type="dialog" id="6016">
	<defaultcontrol always="true">1256</defaultcontrol>
	<controls>







<control type="group">

<control type="wraplist" id="1256">
<posx>30</posx>
<posy>80</posy>
<width>1500</width>
<height>1000</height>
<onclick>Action(info)</onclick>
<preloaditems>2</preloaditems>
<focusposition>2</focusposition>
<scrolltime tween="sine" easing="inout">450</scrolltime>
<itemlayout width="380" height="220">
<control type="image">
<animation condition="Control.HasFocus(1256) | Control.HasFocus(500) | Window.IsActive(DialogVideoInfo.xml)" effect="zoom" center="auto" start="100,100" end="85,85" time="450">Conditional</animation>
<animation condition="Control.HasFocus(1256) | Control.HasFocus(500) | Window.IsActive(DialogVideoInfo.xml)" effect="fade" start="100" end="85" time="450">Conditional</animation>
<animation condition="Control.HasFocus(1256) | Control.HasFocus(500) | Window.IsActive(DialogVideoInfo.xml)" effect="rotatex" start="0" end="-10" time="450">Conditional</animation>
<posx>0</posx>
<posy>0</posy>
<width>355</width>
<height>220</height>
<texture fallback="special://skin/extras/fallbacks/videodefault.jpg" background="true">$INFO[ListItem.Art(fanart)]</texture>
</control>
</itemlayout>
<focusedlayout width="380" height="220">
<control type="group">
<animation effect="zoom" center="auto" start="100,100" end="110,110" time="450">Focus</animation>
<animation condition="Window.IsActive(DialogVideoInfo.xml)" effect="slide" start="0,0" end="395,0" time="450" tween="sine" easing="inout">Conditional</animation>
<control type="image">

<posx>0</posx>
<posy>0</posy>
<width>355</width>
<height>220</height>
<bordertexture colordiffuse="white">colors/white.png</bordertexture>
<bordersize>2</bordersize>
<texture fallback="special://skin/extras/fallbacks/videodefault.jpg" background="true">$INFO[ListItem.Art(fanart)]</texture>
</control>
<control type="image">
<posx>2</posx>
<posy>165</posy>
<width>350</width>
<height>60</height>
<texture>colors/black.png</texture>
<colordiffuse>77000000</colordiffuse>
</control>
<control type="textbox">
<posx>0</posx>
<posy>158</posy>
<width>350</width>
<height>70</height>
<align>right</align>
<font>itemSubTitle</font>
<label>$INFO[ListItem.Label]</label>
</control>
</control>
</focusedlayout>
<content sortby="dateadded" sortorder="descending">plugin://plugin.video.FlashTV/?cat_level=%20&amp;count=0&amp;description=%20&amp;fanart&amp;iconimage=https%3a%2f%2fwww.xtrafondos.com%2fwallpapers%2ftoy-story-4-personajes-poster-3326.jpg&amp;index_depth=0&amp;lang=eng&amp;mode=5&amp;name=%d7%a1%d7%a8%d7%98%d7%99%d7%9d%20%d7%9e%d7%93%d7%95%d7%91%d7%91%d7%99%d7%9d&amp;page&amp;selected_list=%20&amp;url=%d7%a1%d7%a8%d7%98%d7%99%d7%9d%d7%a1%d7%a8%d7%98%d7%99%d7%9d%20%d7%9e%d7%93%d7%95%d7%91%d7%91%d7%99%d7%9d&quot</content>
</control>
</control>


		<include content="miniVideoPlayer">
		<param name="minposx" value="445"/>
		<param name="miniposy" value="473"/>
		<param name="miniwidth" value="400"/>
		<param name="miniheight" value="300"/>
		<param name="windowvideposx" valeu="15"/>
		<param name="imageposx" value="-30"/>
		<param name="imageposy" value="25"/>
		<param name="imageheight" value="260"/>
		</include>

</controls>
</window>
