<?xml version="1.0" encoding="UTF-8"?>
<window type="dialog" id="6019">
	<defaultcontrol always="true">1256</defaultcontrol>
	<controls>


<control type="group">
<animation type="WindowOpen">
<effect type="fade" time="500"/>
<effect type="slide" start="0,0" end="1250,0" time="450" tween="sine" easing="inout"/>
</animation>
<animation type="WindowClose">
<effect type="fade" time="500"/>
<effect type="slide" start="1250,0" end="0,0" time="450" tween="sine" easing="inout"/>
</animation>
<posx>-1000</posx>
<posy>100</posy>
<control type="image">
<posx>0</posx>
<posy>0</posy>
<width>1400</width>
<height>260</height>
<bordertexture colordiffuse="$VAR[MainInfoTextBorder]">colors/white.png</bordertexture>
<bordersize>2</bordersize>
<texture colordiffuse="black">colors/white.png</texture>
</control>

					
					<control type="grouplist" id="1256">
					<posx>10</posx>
					<posy>10</posy>
					<width>1380</width>
					<height>500</height>
					<orientation>vertical</orientation>
					<itemgap>5	</itemgap>
				   <control type="button" id="6">
                    <width>1380</width>
					<height>40</height>
                    <label>הגדר שם מסך ראשי</label>
					<label2>$VAR[MainNameString]</label2>
					<texturefocus colordiffuse="highlight">colors/white.png</texturefocus>
					<texturenofocus colordiffuse="highlight">colors/white.png</texturenofocus>
					<textcolor>white</textcolor>
					<focusedcolor>burlywood</focusedcolor>
                    <onclick>Skin.SetString(MainNameString)</onclick>
                </control>
				<control type="button" id="7">
				<description>Icons nf color</description>
				<width>1380</width>
				<height>40</height>
				<label>הגדר צבע פוקוס תפריט ראשי</label>
				<texturefocus colordiffuse="highlight">colors/white.png</texturefocus>
				<texturenofocus colordiffuse="highlight">colors/white.png</texturenofocus>
				<textcolor>white</textcolor>
				<focusedcolor>burlywood</focusedcolor>
				<label2>$VAR[MainMenuFocusedColor]</label2>
				<onclick>RunScript(script.skin.helper.colorpicker,skinstring=MainMenuFocusedColor)</onclick>
				</control>
				<control type="button" id="8">
				<description>Icons nf color</description>
				<width>1380</width>
				<height>40</height>
				<label>הגדר צבע טקסט תפריט ראשי</label>
				<texturefocus colordiffuse="highlight">colors/white.png</texturefocus>
				<texturenofocus colordiffuse="highlight">colors/white.png</texturenofocus>
				<textcolor>white</textcolor>
				<focusedcolor>burlywood</focusedcolor>
				<label2>$VAR[MainMenuTextColor]</label2>
				<onclick>RunScript(script.skin.helper.colorpicker,skinstring=MainMenuTextColor)</onclick>
				</control>
				
				<control type="button" id="9">
				<description>Icons nf color</description>
				<width>1380</width>
				<height>40</height>
				<label>הגדר צבע גדר מידע עליון</label>
				<texturefocus colordiffuse="highlight">colors/white.png</texturefocus>
				<texturenofocus colordiffuse="highlight">colors/white.png</texturenofocus>
				<textcolor>white</textcolor>
				<focusedcolor>burlywood</focusedcolor>
				<label2>$VAR[MainInfoTextBorder]</label2>
				<onclick>RunScript(script.skin.helper.colorpicker,skinstring=MainInfoTextBorder)</onclick>
				</control>
				</control>

</control>
</controls>
</window>
