<?xml version="1.0" encoding="UTF-8"?>
<window type="dialog" id="6009">
	<defaultcontrol always="true">1256</defaultcontrol>
	<controls>

		<control type="button">
		<visible allowhiddenfocus="true">Player.HasAudio | Window.IsActive(6009)</visible>
		<animation condition="Player.HasAudio | Window.IsActive(6009)" effect="fade" start="100" end="0" time="0">Conditional</animation>
		<posx>630</posx>
		<posy>345</posy>
		<width>680</width>
		<height>355</height>
		<ondown>SetFocus(8001)</ondown>
		<textoffsety>80</textoffsety>
		<texturenofocus>colors/white.png</texturenofocus>
		<texturefocus colordiffuse="gray">colors/white.png</texturefocus>
		<align>center</align>
		<textcolor>black</textcolor>
		<focusedcolor>burlywood</focusedcolor>
		<label>לערוצי הרדיו</label>
		<onclick>Dialog.Close(6009)</onclick>
		</control>



<control type="image">
<animation type="WindowOpen">
<effect type="slide" start="0,0" end="-1000,0" time="450" tween="sine" easing="inout"/>
</animation>
<animation type="WindowClose">
<effect type="slide" start="-1000,0" end="0,0" time="450" tween="sine" easing="inout"/>
</animation>
<posx>2540</posx>
<posy>400</posy>
<width>380</width>
<height>355</height>
<bordertexture colordiffuse="gray">colors/white.png</bordertexture>
<bordersize>4</bordersize>
<texture colordiffuse="black">colors/white.png</texture>
</control>


<control type="image">
<animation type="WindowOpen">
<effect type="slide" start="0,0" end="1000,0" time="450" tween="sine" easing="inout"/>
</animation>
<animation type="WindowClose">
<effect type="slide" start="1000,0" end="0,0" time="450" tween="sine" easing="inout"/>
</animation>
<posx>-1000</posx>
<posy>400</posy>
<width>380</width>
<height>355</height>
<bordertexture colordiffuse="gray">colors/white.png</bordertexture>
<bordersize>4</bordersize>
<texture colordiffuse="black">colors/white.png</texture>
</control>

<include content="radiostations">
<param name="radioid" value="500"/>
<param name="radioitemid" value="21"/>
<param name="radiocontent" value="plugin://plugin.audio.My.Music/?cat_level=%20&amp;count=0&amp;description=%20Music%20in%20categories%2024-7%20&amp;fanart=https%3a%2f%2fi.ytimg.com%2fvi%2fW7c9SfSdXRA%2fmaxresdefault.jpg&amp;iconimage=https%3a%2f%2fpbs.twimg.com%2fprofile_images%2f974265887384657921%2futXy1ElP_400x400.jpg&amp;index_depth=0&amp;lang=eng&amp;mode=5&amp;name=radiomizrahi&amp;page&amp;selected_list=%20&amp;url=radiomizrahi&quot"/>
</include>

<include content="radiostations">
<param name="radioid" value="501"/>
<param name="radioitemid" value="22"/>
<param name="radiocontent" value="plugin://plugin.audio.My.Music/?cat_level=%20&amp;count=0&amp;description=%20Music%20in%20categories%2024-7%20&amp;fanart=https%3a%2f%2fi.ytimg.com%2fvi%2fW7c9SfSdXRA%2fmaxresdefault.jpg&amp;iconimage=https%3a%2f%2fpbs.twimg.com%2fprofile_images%2f974265887384657921%2futXy1ElP_400x400.jpg&amp;index_depth=0&amp;lang=eng&amp;mode=5&amp;name=newmusic&amp;page&amp;selected_list=%20&amp;url=newmusic&quot"/>
</include>

<include content="radiostations">
<param name="radioid" value="502"/>
<param name="radioitemid" value="23"/>
<param name="radiocontent" value="plugin://plugin.audio.My.Music/?cat_level=%20&amp;count=0&amp;description=%20Music%20in%20categories%2024-7%20&amp;fanart=https%3a%2f%2fi.ytimg.com%2fvi%2fW7c9SfSdXRA%2fmaxresdefault.jpg&amp;iconimage=https%3a%2f%2fpbs.twimg.com%2fprofile_images%2f974265887384657921%2futXy1ElP_400x400.jpg&amp;index_depth=0&amp;lang=eng&amp;mode=5&amp;name=My%20Music&amp;page&amp;selected_list=%20&amp;url=My%20Music&quot"/>
</include>

<include content="radiostations">
<param name="radioid" value="503"/>
<param name="radioitemid" value="24"/>
<param name="radiocontent" value="plugin://plugin.audio.My.Music/?cat_level=%20&amp;count=0&amp;description=%20Music%20in%20categories%2024-7%20&amp;fanart=https%3a%2f%2fi.ytimg.com%2fvi%2fW7c9SfSdXRA%2fmaxresdefault.jpg&amp;iconimage=https%3a%2f%2fpbs.twimg.com%2fprofile_images%2f974265887384657921%2futXy1ElP_400x400.jpg&amp;index_depth=0&amp;lang=eng&amp;mode=5&amp;name=generalradio&amp;page&amp;selected_list=%20&amp;url=generalradio&quot"/>
</include>

<control type="wraplist" id="1256">
<animation type="WindowOpen">
<effect type="slide" start="0,0" end="0,-1000" time="450" tween="sine" easing="inout"/>
</animation>
<animation type="WindowClose">
<effect type="slide" start="0,-1000" end="0,0" time="450" tween="sine" easing="inout"/>
</animation>
<posx>800</posx>
<posy>1800</posy>
<width>1000</width>
<height>400</height>
<onback>4444</onback>
<focusposition>1</focusposition>
<onup condition="container(1256).hasfocus(21)">Control.SetFocus(500)</onup>
<onup condition="container(1256).hasfocus(22)">Control.SetFocus(501)</onup>
<onup condition="container(1256).hasfocus(23)">Control.SetFocus(502)</onup>
<onup condition="container(1256).hasfocus(24)">Control.SetFocus(503)</onup>
<orientaiton>horizontal</orientaiton>
<itemlayout width="250" height="110">
<control type="textbox">
<posx>0</posx>
<posy>0</posy>
<width>350</width>
<height>100</height>
<align>center</align>
<shadowcolor>black</shadowcolor>
<label>$INFO[ListItem.Label]</label>
</control>
</itemlayout>
<focusedlayout width="250" height="110">
<control type="textbox">
<visible>!control.hasfocus(1256)</visible>
<animation effect="zoom" start="100,100" end="180,100" center="auto" time="100">UnFocus</animation>
<posx>0</posx>
<posy>0</posy>
<width>350</width>
<height>100</height>
<align>center</align>
<textcolor>highlight</textcolor>
<shadowcolor>black</shadowcolor>
<label>$INFO[ListItem.Label]</label>
</control>
<control type="textbox">
<animation effect="zoom" start="100,100" end="150,100" center="auto" time="100">Focus</animation>
<visible>control.hasfocus(1256)</visible>
<posx>0</posx>
<posy>0</posy>
<width>350</width>
<height>100</height>
<align>center</align>
<textcolor>deepskyblue</textcolor>
<shadowcolor>black</shadowcolor>
<label>[B]$INFO[ListItem.Label][/B]</label>
</control>
</focusedlayout>
<content>
<item id="21">
<label>רדיו מזרחי</label>
<onclick>Control.SetFocus(500)</onclick>
</item>
<item id="22">
<label>רדיו דתי</label>
<onclick>Control.SetFocus(501)</onclick>
</item>
<item id="23">
<label>רדיו לועזי</label>
<onclick>Control.SetFocus(502)</onclick>
</item>
<item id="24">
<label>רדיו עולם</label>
<onclick>Control.SetFocus(503)</onclick>
</item>
</content>
</control>


<control type="group">
<visible>Player.HasAudio</visible>
<animation type="WindowOpen">
<effect type="zoom" start="0,0" end="100,100" time="350" center="auto"/>
</animation>
<animation type="WindowClose">
<effect type="zoom" start="100,100" end="0,0" time="350" center="auto"/>
</animation>
<posy>240</posy>
<posx>-580</posx>
<control type="image">
<posx>1200</posx>
<posy>100</posy>
<width>700</width>
<height>450</height>
<bordertexture colordiffuse="gray">colors/white.png</bordertexture>
<bordersize>3</bordersize>
<texture>colors/black.png</texture>
</control>
<control type="image">
<posx>1205</posx>
<posy>103</posy>
<width>690</width>
<height>445</height>
<texture>special://skin/extras/test/flytingstars.gif</texture>
</control>
<control type="image">
<posx>1205</posx>
<posy>105</posy>
<width>690</width>
<height>355</height>
<texture>special://skin/extras/radioimage/music.gif</texture>
</control>

<control type="label">
<autoscroll fade="3500" time="3500" repeat="4000">Player.HasAudio</autoscroll>
<description>Conditions Label</description>
<posx>1415</posx>
<posy>295</posy>
<width>317</width>
<height>110</height>
<align>center</align>
<font>menuTitle3</font>
<scroll>true</scroll>
<shadowcolor>black</shadowcolor>
<label>$INFO[VideoPlayer.Title]</label>
<textcolor>white</textcolor>
</control>




		<control type="group">
		<control type="list" id="8001">
		<animation type="WindowOpen">
		<effect type="slide" start="0,0" end="0,-650" tween="cubic" easing="out" time="750"/>
		</animation>
		<animation type="WindowClose">
		<effect type="slide" start="0,-650" end="0,0" tween="cubic" easing="inout" time="750"/>
		</animation>
		<posy>1060</posy>
		<posx>1320</posx>
		<width>880</width>
		<height>200</height>
		<orientation>horizontal</orientation>
		<ondown>Control.SetFocus(1256)</ondown>
		<itemlayout width="95" height="175">
		<control type="image">
		<posx>15</posx>
		<posy>65</posy>
		<width>65</width>
		<height>65</height>
		<aspectratio>keep</aspectratio>
		<texture colordiffuse="white">$INFO[ListItem.Thumb]</texture>
		</control>
		</itemlayout>
		<focusedlayout width="95" height="175">
		<control type="image">
		<visible>!control.hasfocus(8001)</visible>
		<posx>15</posx>
		<posy>65</posy>
		<width>65</width>
		<height>65</height>
		<aspectratio>keep</aspectratio>
		<texture colordiffuse="white">$INFO[ListItem.Thumb]</texture>
		</control>
		<control type="image">
		<visible>control.hasfocus(8001)</visible>
		<animation effect="zoom" center="auto" start="100,100" end="115,115" time="50">Focus</animation>
		<posx>15</posx>
		<posy>65</posy>
		<width>65</width>
		<height>65</height>
		<aspectratio>keep</aspectratio>
		<texture colordiffuse="gray">$INFO[ListItem.Thumb]</texture>
	</control>

		</focusedlayout>
		<content>
		<item>
		<visible>!VideoPlayer.HasSubtitles</visible>
		<label>ווליום</label>
		<thumb>special://skin/extras/test/minimize.png</thumb>
		<onclick>Dialog.Close(6009)</onclick>
		</item>
		<item>
		<visible>!Player.Muted</visible>
		<label>ווליום</label>
		<thumb>special://skin/extras/osd/audio-add-xxl.png</thumb>
		<onclick>Mute</onclick>
		</item>
		<item>
		<visible>Player.Muted</visible>
		<label>ווליום</label>
		<thumb>special://skin/extras/osd/muteextra.png</thumb>
		<onclick>Mute</onclick>
		</item>
		<item>
		<thumb>special://skin/extras/osd/previous.png</thumb>
		<onclick>PlayerControl(previous)</onclick>
		<label>להתחלה</label>
		</item>
		<item>
		<visible>Player.Paused</visible>
		<thumb>special://skin/extras/osd/play.png</thumb>
		<onclick>play</onclick>
		<label>נגן</label>
		</item>
		<item>
		<visible>!Player.Paused</visible>
		<label>השהה</label>
		<thumb>special://skin/extras/osd/pause.png</thumb>
		<onclick>pause</onclick>
		<label>השהה</label>
		</item>
		<item>
		<thumb>special://skin/extras/osd/forward.png</thumb>
		<onclick>PlayerControl(forward)</onclick>
		<label>הרץ קדימה</label>
		</item>
		</content>
		</control>
		</control>	
</control>


						<control type="group">
						<visible>Player.HasAudio | Player.HasVideo</visible>
						<posx>5</posx>
						<posy>0</posy>
						<control type="label">
							<description>Volume Label</description>
							<posx>340</posx>
							<posy>0</posy>
							<width>188</width>
							<height>38</height>
							<label>$INFO[Control.GetLabel(10001)]</label>
							<font>font-16</font>
							<textcolor>white</textcolor>
							<align>right</align>
							<aligny>center</aligny>
						</control>
						<control type="image">
							<posx>30</posx>
							<posy>2</posy>
							<width>35</width>
							<height>35</height>
							<texture background="true">special://skin/extras/osd/mute.png</texture>
							<visible>!Integer.IsGreater(player.volume,1)</visible>
						</control>
						<control type="image">
							<posx>30</posx>
							<posy>2</posy>
							<width>35</width>
							<height>35</height>
							<texture background="true">special://skin/extras/osd/volume0.png</texture>
							<visible>Integer.IsGreater(player.volume,1) + !Integer.IsGreater(player.volume,20)</visible>
						</control>
						<control type="image">
							<posx>30</posx>
							<posy>2</posy>
							<width>35</width>
							<height>35</height>
							<texture background="true">special://skin/extras/osd/volume1.png</texture>
							<visible>Integer.IsGreater(player.volume,20) + !Integer.IsGreater(player.volume,50)</visible>
						</control>
						<control type="image">
							<posx>30</posx>
							<posy>2</posy>
							<width>35</width>
							<height>35</height>
							<texture background="true">special://skin/extras/osd/volume2.png</texture>
							<visible>Integer.IsGreater(player.volume,50) + !Integer.IsGreater(player.volume,95)</visible>
						</control>
						<control type="image">
							<posx>30</posx>
							<posy>2</posy>
							<width>35</width>
							<height>35</height>
							<texture background="true">special://skin/extras/osd/volume3.png</texture>
							<visible>Integer.IsGreater(player.volume,95)</visible>
						</control>

						<control type="progress" id="10001">
							<description>Progressbar for volume</description>
							<posx>75</posx>
							<posy>0</posy>
							<width>220</width>
							<height>38</height>
							<texturebg colordiffuse="gray" border="1,1,1,1">special://skin/extras/osd/2.png</texturebg>
							<midtexture colordiffuse="gray" border="1,0,1,0">special://skin/extras/osd/5.png</midtexture>
							<lefttexture>-</lefttexture>
							<righttexture>-</righttexture>
							<info>Player.Volume</info>
						</control>

						<control type="slider" id="889">
							<description>Volume Slider</description>
							<onback>8001</onback>
							<posx>75</posx>
							<posy>5</posy>
							<width>220</width>
							<height>28</height>
							<action>volume</action>
							<orientation>horizontal</orientation>
							<texturesliderbar border="1,0,1,0">special://skin/extras/osd/4.png</texturesliderbar>
							<textureslidernib colordiffuse="burlywood">special://skin/extras/osd/3.png</textureslidernib>
							<textureslidernibfocus colordiffuse="deepskyblue">special://skin/extras/osd/3.png</textureslidernibfocus>
						</control>
					</control>


</controls>
</window>
