<?xml version="1.0" encoding="UTF-8"?>
<window>
    <defaultcontrol always="true">8000</defaultcontrol>
    <controls>
        <include>globalBackground</include>
		<!--mini window-->

        <!--About this addon-->
        <control type="group">
            <posx>col-4-begin</posx>
            <posy>row-4-begin</posy>
            <!--animations-->
            <include>modalDialogInOutVertical</include>
            <control type="image">
                <posx>0</posx>
                <posy>0</posy>
                <width>18-col</width>
                <height>2-row</height>
                <texture>colors/white.png</texture>
                <colordiffuse>highlight</colordiffuse>
                <aspectratio>stretch</aspectratio>
            </control>
            <!--title-->
            <control type="label">
                <posx>24</posx>
                <posy>0</posy>
                <width>17-col</width>
                <height>2-row</height>
                <font>dialogTitle</font>
                <label>$INFO[ListItem.AddonType] $INFO[ListItem.AddonVersion] $INFO[ListItem.AddonName]</label>
                <textcolor>textActive</textcolor>
                <shadowcolor></shadowcolor>
            </control>
            <!--dialog background-->
            <control type="image">
                <posx>0</posx>
                <posy>2-row</posy>
                <width>18-col</width>
                <height>20-row</height>
                <texture>colors/black.png</texture>
                <colordiffuse>overlay</colordiffuse>
                <aspectratio>stretch</aspectratio>
            </control>
            <!--addon details-->
            <control type="image">
                <posx>0</posx>
                <posy>2-row</posy>
                <width>18-col</width>
                <height>8-row</height>
                <aspectratio aligny="center">scale</aspectratio>
                <texture fallback="colors/black.png">$INFO[ListItem.art(fanart)]</texture>
            </control>
            <!--screenshots-->
            <control type="panel" id="50">
                <posx>1-col</posx>
                <posy>87</posy>
                <width>16-col</width>
                <height>8-row</height>
                <onleft>50</onleft>
                <onright>50</onright>
                <ondown>8000</ondown>
                <orientation>horizontal</orientation>
                <scrolltime tween="cubic" easing="out">600</scrolltime>
                <itemlayout width="444" height="336">
                    <control type="image">
                        <posx>0</posx>
                        <posy>0</posy>
                        <width>6-col-gutter</width>
                        <height>4-col-gutter</height>
                        <aspectratio>scale</aspectratio>
                        <texture border="6">$INFO[Listitem.thumb]</texture>
                        <bordertexture border="6" colordiffuse="aa111111">colors/black.png</bordertexture>
                        <bordersize>6</bordersize>
                    </control>
                </itemlayout>
                <focusedlayout width="444" height="336">
                    <control type="group">
                        <include>focusThumb</include>
                        <control type="image">
                            <posx>0</posx>
                            <posy>0</posy>
                            <width>6-col-gutter</width>
                            <height>4-col-gutter</height>
                            <aspectratio>scale</aspectratio>
                            <texture>$INFO[Listitem.thumb]</texture>
                            <bordertexture border="6">colors/white.png</bordertexture>
                            <bordersize>6</bordersize>
                            <colordiffuse>ffffffff</colordiffuse>
                        </control>
                    </control>
                </focusedlayout>
            </control>

            <!--dialog controls-->
				<control type="group">
				<control type="grouplist" id="8000">		
					<posx>20</posx>
					<posy>440</posy>
					<align>left</align>
					<width>260</width>
					<height>320</height>
					<itemgap>0</itemgap>
					<orientation>vertical</orientation>
					<onup>9000</onup>
					<ondown>9000</ondown>
					<onleft>61</onleft>
					<onright>61</onright>
					<control type="button" id="6">
						<description>Enable</description>
						<width>260</width>
						<height>45</height>
						<label>24022</label>
					</control>
					<control type="button" id="7">
						<description>Disable</description>
						<width>260</width>
						<height>45</height>
						<label>24021</label>
					</control>
					<control type="button" id="8">
						<description>Update</description>
						<width>260</width>
						<height>45</height>
						<label>24069</label>
					</control>
					<control type="radiobutton" id="13">
						<description>auto-update</description>
						
						<texturefocus colordiffuse="white">colors/white.png</texturefocus>
						<width>260</width>
						<height>45</height>
						<label>21340</label>
					</control>
					<control type="button" id="9">
						<description>Settings</description>
						<width>260</width>
						<height>45</height>
						<label>5</label>
					</control>
					<control type="button" id="12">
						<description>Run</description>
						<width>260</width>
						<height>45</height>
						<label>518</label>
					</control>
				</control>
               
			   
			   
        </control>
		</control>
		<control type="group">
    	<include content="miniVideoPlayer">
		<param name="minposx" value="2470"/>
		<param name="miniposy" value="0"/>
		<param name="miniwidth" value="6-col"/>
		<param name="miniheight" value="243"/>
		<param name="windowvideposx" valeu="6"/>
		<param name="imageposx" value="-10"/>
		<param name="imageposy" value="0"/>
		<param name="imageheight" value="265"/>
		</include>
		</control>
        <!--buttons-->
		<include>pageHeader</include>    
        <!--debugging-->
        <include>DebugGrid</include>
        <control type="label">
            <include>DialogID</include>
            <label>DialogAddonInfo.xml</label>
        </control>
    </controls>
</window>
