<?xml version="1.0" encoding="UTF-8"?>
<window>
    <defaultcontrol always="true">4000</defaultcontrol>
    <animation type="windowClose">
        <effect type="fade" start="100" end="0" time="400" delay="200"/>
    </animation>
	<onload condition="Window.IsActive(6006)">Control.SetFocus(123)</onload>
	<onload condition="$EXP[windowwidgetinfo]">Control.SetFocus(4550)</onload>
	<onload condition="Window.IsActive(6015)">Control.SetFocus(81)</onload>
	<onload codnition="Window.IsActive(6010)">Control.SetFocus(4000)</onload>
    <controls>
	<control type="group">
	<visible>$EXP[windowwidgetinfofalse]</visible>
	<visible>!Window.IsActive(1181)</visible>
        <!--background-->
        <control type="image">
            <visible>!String.Contains(Container.folderpath,plugin) + !container.content(episodes)</visible>
            <posx>0</posx>
            <posy>0</posy>
            <include>dimensionsFullscreen</include>
            <texture>colors/black.png</texture>
            <colordiffuse>ffffffff</colordiffuse>
            <aspectratio>stretch</aspectratio>
        </control>
        <control type="image">
            <visible>String.Contains(Container.folderpath,plugin) | container.content(episodes)</visible>
            <posx>0</posx>
            <posy>0</posy>
            <include>dimensionsFullscreen</include>
            <texture>colors/black.png</texture>
            <colordiffuse>ddffffff</colordiffuse>
            <aspectratio>stretch</aspectratio>
        </control>
        <!--movie / tv show fanart-->
        <control type="group">
            <include condition="!String.Contains(Container.folderpath,plugin) + !container.content(episodes) + !container.content(musicvideos)">itemShowcase</include>
            <!--music video-->
            <control type="group">
                <visible>container.content(musicvideos)</visible>
                <posx>3-col</posx>
                <posy>2-row</posy>
                <control type="image">
                    <posx>0</posx>
                    <posy>0</posy>
                    <width>12-col</width>
                    <height>12-col</height>
                    <aspectratio align="center" aligny="top">stretch</aspectratio>
                    <texture fallback="DefaultAlbumCover.png">$INFO[Listitem.thumb]</texture>
                    <animation effect="rotateY" end="-7" center="auto,auto" time="500">windowOpen</animation>
                    <animation type="windowClose">
                        <effect type="rotateY" start="-7" end="0" center="auto,auto" time="500"/>
                        <effect type="slide" start="0" end="-1100" tween="cubic" easing="out" time="400"/>
                    </animation>
                </control>
                <control type="image">
                    <posx>0</posx>
                    <posy>12-col</posy>
                    <width>12-col</width>
                    <height>2-col</height>
                    <aspectratio align="center" aligny="top">scale</aspectratio>
                    <texture fallback="colors/black.png" diffuse="masks/thumbFader.png" flipy="true">$INFO[Listitem.thumb]</texture>
                    <animation type="windowOpen">
                        <effect type="rotateY" end="-7" center="auto,auto" time="500"/>
                    </animation>
                    <animation type="windowClose">
                        <effect type="rotateY" start="-7" end="0" center="auto,auto" time="500"/>
                        <effect type="slide" start="0" end="-1100" tween="cubic" easing="out" time="400"/>
                    </animation>
                </control>
            </control>
            <control type="image">
                <include>dimensionsFullscreen</include>
                <texture>vignette.png</texture>
                <colordiffuse>ffffffff</colordiffuse>
                <aspectratio>stretch</aspectratio>
            </control>
            <control type="image">
                <posx>col-1-begin</posx>
                <posy>886</posy>
                <width>5-col</width>
                <texture>$INFO[ListItem.Art(clearlogo)]</texture>
                <aspectratio align="left">keep</aspectratio>
            </control>
        </control>
        <!--content is movie, music video or tvshow (from XBMC Library)-->
        <control type="group">
            <visible>!String.Contains(Container.folderpath,plugin) + !container.content(episodes)</visible>
            <posx>1200</posx>
            <posy>0</posy>
            <animation type="Windowopen">
                <effect type="fade" start="0" end="100" time="300" delay="300"/>
                <effect type="slide" start="800" end="0" tween="cubic" easing="out" time="400" delay="300"/>
            </animation>
            <animation type="windowClose">
                <effect type="fade" start="100" end="0" time="350"/>
                <effect type="slide" start="0" end="900" tween="cubic" easing="out" time="400"/>
            </animation>
            <animation type="conditional" condition="control.hasfocus(8000)">
                <effect type="fade" start="0" end="100" time="300" delay="300"/>
                <effect type="slide" start="800" end="0" tween="cubic" easing="out" time="400" delay="300"/>
            </animation>
            <animation type="conditional" condition="!control.hasfocus(8000)">
                <effect type="fade" start="100" end="0" time="350"/>
                <effect type="slide" start="0" end="900" tween="cubic" easing="out" time="400"/>
            </animation>
            <!--overlay-->
            <control type="image">
                <posx>0</posx>
                <posy>0</posy>
                <width>10-col</width>
                <height>fullscreenHeight</height>
                <texture>colors/black.png</texture>
                <colordiffuse>cc111111</colordiffuse>
                <aspectratio>stretch</aspectratio>
            </control>
            <!--meta-->
            <control type="panel">
                <posx>12</posx>
                <posy>6-row</posy>
                <width>10-col</width>
                <height>6-row</height>
                <enable>false</enable>
                <itemlayout width="5-col" height="76">
                    <control type="label">
                        <posx>12</posx>
                        <posy>0</posy>
                        <width>4-col-gutter</width>
                        <font>itemSubTitle</font>
                        <textcolor>highlight</textcolor>
                        <label>[B]$INFO[ListItem.label][/B]</label>
                        <shadowcolor></shadowcolor>
                    </control>
                    <control type="label">
                        <posx>12</posx>
                        <posy>30</posy>
                        <width>4-col-gutter</width>
                        <font>itemSubTitle</font>
                        <textcolor>textActive</textcolor>
                        <label fallback="13205">[B]$INFO[ListItem.label2][/B]</label>
                        <shadowcolor></shadowcolor>
                    </control>
                </itemlayout>
                <focusedlayout width="5-col" height="76">
                </focusedlayout>
                <content>
                    <item>
                        <label>$LOCALIZE[562]</label>
                        <label2>$INFO[ListItem.year]</label2>
                        <thumb></thumb>
                    </item>
                    <item>
                        <label>$LOCALIZE[515]</label>
                        <label2>$INFO[ListItem.genre]</label2>
                        <thumb></thumb>
                    </item>
                    <item>
                        <label>$LOCALIZE[20339]</label>
                        <label2>$INFO[ListItem.director]</label2>
                        <thumb></thumb>
                    </item>
                    <item>
                        <label>$LOCALIZE[180]</label>
                        <label2>$INFO[ListItem.duration]</label2>
                        <thumb></thumb>
                    </item>
                </content>
            </control>
            <!--content-->
            <control type="group">
                <posx>24</posx>
                <posy>row-1-begin</posy>
                <control type="label">
                    <posx>0</posx>
                    <posy>-6</posy>
                    <width>7-col</width>
                    <align>left</align>
                    <height>115</height>
                    <aligny>center</aligny>
                    <font>largeTitle</font>
                    <textcolor>textActive</textcolor>
                    <label>$INFO[listitem.title]</label>
                    <wrapmultiline>true</wrapmultiline>
                </control>
                <!--synopsis-->
                <control type="textbox">
                    <posx>0</posx>
                    <posy>9-row</posy>
                    <font>textbox</font>
                    <width>660</width>
                    <align>left</align>
                    <textcolor>textActive</textcolor>
                    <height>388</height>
                    <label fallback="31205">$INFO[ListItem.plot]</label>
                    <autoscroll>false</autoscroll>
                    <shadowcolor></shadowcolor>
                    <pagecontrol>61</pagecontrol>
                </control>
                <control type="scrollbar" id="61">
                    <posx>12r</posx>
                    <posy>10-row</posy>
                    <height>8-row</height>
                    <ondown>8000</ondown>
                </control>
            </control>
            <!--dialog controls-->
            <control type="panel" id="8000">
                <posx>12</posx>
                <posy>23-row</posy>
                <width>10-col</width>
                <height>6-row</height>
                <itemgap>3</itemgap>
                <onup>61</onup>
                <onleft>999981</onleft>
                <orientation>vertical</orientation>
                <itemlayout width="5-col" height="2-row">
                    <control type="image">
                        <posx>0</posx>
                        <posy>0</posy>
                        <width>1-col-textbox</width>
                        <height>2-row</height>
                        <aspectratio>stretch</aspectratio>
                        <texture>colors/black.png</texture>
                        <colordiffuse>overlay</colordiffuse>
                    </control>
                    <control type="label">
                        <posx>0</posx>
                        <posy>0</posy>
                        <width>1-col</width>
                        <height>2-row</height>
                        <align>center</align>
                        <aligny>center</aligny>
                        <font>symbolLarge</font>
                        <textcolor>textActive</textcolor>
                        <label>$INFO[ListItem.label2]</label>
                        <shadowcolor></shadowcolor>
                    </control>
                    <control type="label">
                        <posx>1-col-indent</posx>
                        <posy>0</posy>
                        <width>4-col-gutter</width>
                        <height>2-row</height>
                        <aligny>center</aligny>
                        <font>buttonTitle</font>
                        <textcolor>textActive</textcolor>
                        <label>$INFO[ListItem.label]</label>
                        <shadowcolor></shadowcolor>
                    </control>
                </itemlayout>
                <focusedlayout width="5-col" height="2-row">
                    <control type="image">
                        <posx>0</posx>
                        <posy>0</posy>
                        <width>1-col</width>
                        <height>2-row</height>
                        <aspectratio>stretch</aspectratio>
                        <texture>colors/white.png</texture>
                        <colordiffuse>highlight</colordiffuse>
                        <include>spinFocusIcon</include>
                    </control>
                    <control type="image">
                        <posx>1-col</posx>
                        <posy>0</posy>
                        <width>3-col</width>
                        <height>2-row</height>
                        <aspectratio>stretch</aspectratio>
                        <texture>colors/white.png</texture>
                    </control>
                    <control type="label">
                        <posx>0</posx>
                        <posy>0</posy>
                        <width>1-col</width>
                        <height>2-row</height>
                        <align>center</align>
                        <aligny>center</aligny>
                        <font>symbolLarge</font>
                        <textcolor>textActive</textcolor>
                        <label>$INFO[ListItem.label2]</label>
                        <shadowcolor></shadowcolor>
                    </control>
                    <control type="label">
                        <posx>1-col-indent</posx>
                        <posy>0</posy>
                        <width>4-col-gutter</width>
                        <height>2-row</height>
                        <aligny>center</aligny>
                        <font>buttonTitle</font>
                        <textcolor>black</textcolor>
                        <label>$INFO[ListItem.label]</label>
                        <shadowcolor></shadowcolor>
                    </control>
                </focusedlayout>
                <content>
                    <item>
                        <label>208</label>
                        <label2></label2>
                        <thumb></thumb>
                        <onclick>sendclick(2003,8)</onclick>
                    </item>
                    <item>
                        <label>20410</label>
                        <label2></label2>
                        <thumb></thumb>
                        <onclick>SendClick(2003,11)</onclick>
                    </item>
                    <item>
                        <label>31076</label>
                        <label2></label2>
                        <thumb></thumb>
                        <onclick>SendClick(2003,6)</onclick>
                    </item>
                    <item>
                        <label>13511</label>
                        <label2></label2>
                        <thumb></thumb>
                        <onclick>SendClick(2003,10)</onclick>
                    </item>
                    <item>
                        <label>31169</label>
                        <label2></label2>
                        <thumb></thumb>
                        <onclick>SendClick(2003,7)</onclick>
                    </item>
                    <item>
                        <label>סגור חלון</label>
                        <label2></label2>
                        <thumb></thumb>
                        <onclick>Dialog.Close(all,true)</onclick>
                    </item>
                </content>
            </control>
        </control>

        <!--content is tvshow episode or content is from a plugin-->
        <control type="group">
            <visible>String.Contains(Container.folderpath,plugin) | container.content(episodes)</visible>
            <!--animations-->
            <include>modalDialogInOut</include>
            <!--thumbnail if available-->
            <control type="group">
                <posx>col-7-begin</posx>
                <posy>row-1-begin</posy>
                <control type="image">
                    <posx>0</posx>
                    <posy>0</posy>
                    <width>12-col</width>
                    <height>486</height>
                    <aspectratio scalediffuse="false" aligny="top">scale</aspectratio>
                    <texture fallback="colors/black.png">$INFO[Listitem.thumb]</texture>
                    <bordertexture colordiffuse="11ffffff">colors/white.png</bordertexture>
                    <bordersize>6</bordersize>
                </control>
            </control>
            <!--content-->
            <control type="group">
                <posx>col-7-begin</posx>
                <posy>row-15-begin</posy>
                <!--titles-->
                <control type="label">
                    <description>Episode title</description>
                    <posx>0</posx>
                    <posy>2-row</posy>
                    <width>12-col-gutter</width>
                    <height>2-row</height>
                    <align>left</align>
                    <aligny>center</aligny>
                    <font>largeTitle</font>
                    <textcolor>textActive</textcolor>
                    <shadowcolor></shadowcolor>
                    <label>$INFO[ListItem.Label]</label>
                    <wrapmultiline>true</wrapmultiline>
                </control>
                <control type="grouplist">
                    <posx>0</posx>
                    <posy>-20</posy>
                    <width>12-col</width>
                    <orientation>horizontal</orientation>
                    <control type="label">
                        <width>36</width>
                        <height>2-row</height>
                        <aligny>center</aligny>
                        <font>symbolLarge</font>
                        <textcolor>textActive</textcolor>
                        <label></label>
                    </control>
                    <control type="label">
                        <width>11-col</width>
                        <height>2-row</height>
                        <aligny>center</aligny>
                        <font>itemTitle</font>
                        <textcolor>textActive</textcolor>
                        <label fallback="13205">$INFO[listitem.duration]    [COLOR textboxInactive]$INFO[listitem.filename][/COLOR]</label>
                    </control>
                </control>
                <!--synopsis-->
                <control type="textbox">
                    <posx>0</posx>
                    <posy>5-row</posy>
                    <font>textbox</font>
                    <width>12-col</width>
                    <align>left</align>
                    <textcolor>textActive</textcolor>
                    <shadowcolor></shadowcolor>
                    <height>160</height>
                    <label fallback="31205">$INFO[ListItem.plot]</label>
                    <autoscroll>false</autoscroll>
                    <pagecontrol>62</pagecontrol>
                </control>
                <control type="scrollbar" id="62">
                    <posx>-36</posx>
                    <posy>186</posy>
                    <height>4-row</height>
                    <ondown>8000</ondown>
                </control>
                <!--dialog controls-->
                <control type="list" id="8000">
                    <posx>0</posx>
                    <posy>11-row</posy>
                    <width>12-col</width>
                    <height>2-row</height>
                    <onup>62</onup>
                    <orientation>horizontal</orientation>
                    <itemlayout width="6-col" height="2-row">
                        <control type="image">
                            <posx>0</posx>
                            <posy>0</posy>
                            <width>6-col</width>
                            <height>2-row</height>
                            <aspectratio>stretch</aspectratio>
                            <texture>colors/black.png</texture>
                        </control>
                        <control type="label">
                            <posx>0</posx>
                            <posy>0</posy>
                            <width>1-col</width>
                            <height>2-row</height>
                            <aligny>center</aligny>
                            <align>center</align>
                            <font>symbolLarge</font>
                            <textcolor>textActive</textcolor>
                            <label>$INFO[ListItem.label2]</label>
                            <shadowcolor></shadowcolor>
                        </control>
                        <control type="label">
                            <posx>1-col-indent</posx>
                            <posy>0</posy>
                            <width>6-col</width>
                            <height>2-row</height>
                            <aligny>center</aligny>
                            <font>buttonTitle</font>
                            <textcolor>textActive</textcolor>
                            <label>$INFO[ListItem.label]</label>
                            <shadowcolor></shadowcolor>
                        </control>
                    </itemlayout>
                    <focusedlayout width="6-col" height="2-row">
                        <control type="image">
                            <posx>0</posx>
                            <posy>0</posy>
                            <width>1-col-textbox</width>
                            <height>2-row</height>
                            <aspectratio>stretch</aspectratio>
                            <texture>colors/white.png</texture>
                            <colordiffuse>highlight</colordiffuse>
                            <include>spinFocusIcon</include>
                        </control>
                        <control type="image">
                            <posx>1-col</posx>
                            <posy>0</posy>
                            <width>5-col</width>
                            <height>2-row</height>
                            <aspectratio>stretch</aspectratio>
                            <texture>colors/white.png</texture>
                        </control>
                        <control type="label">
                            <posx>0</posx>
                            <posy>0</posy>
                            <width>1-col</width>
                            <height>2-row</height>
                            <aligny>center</aligny>
                            <align>center</align>
                            <font>symbolLarge</font>
                            <textcolor>textActive</textcolor>
                            <label>$INFO[ListItem.label2]</label>
                            <shadowcolor></shadowcolor>
                        </control>
                        <control type="label">
                            <posx>1-col-indent</posx>
                            <posy>0</posy>
                            <width>6-col</width>
                            <height>2-row</height>
                            <aligny>center</aligny>
                            <font>buttonTitle</font>
                            <textcolor>black</textcolor>
                            <label>$INFO[ListItem.label]</label>
                            <shadowcolor></shadowcolor>
                        </control>
                    </focusedlayout>
                    <content>
                        <item id="1">
                            <label>208</label>
                            <label2></label2>
                            <thumb></thumb>
                            <onclick>sendclick(2003,8)</onclick>
                        </item>
                        <item id="2">
                            <visible>!String.Contains(Container.folderpath,plugin)</visible>
                            <label>31076</label>
                            <label2></label2>
                            <thumb></thumb>
                            <onclick>SendClick(2003,6)</onclick>
                        </item>
                    </content>
                </control>
            </control>
        </control>
        <!--buttons-->
        <control type="group">
            <visible>false</visible>
            <control type="button" id="8">
                <description>Play</description>
            </control>
            <control type="button" id="6">
                <description>Refresh</description>
            </control>
            <control type="button" id="7">
                <description>Ratings</description>
            </control>
            <control type="button" id="10">
                <description>Choose Art</description>
            </control>
            <control type="button" id="11">
                <description>Trailer</description>
            </control>
        </control>
		
		

</control>

<control type="grouplist" id="4000">
<animation condition="Player.HasVideo" effect="slide" start="0,0" end="-100,0" time="100" tween="sine" easing="inout">Conditional</animation>
<visible>Window.IsActive(6006)</visible>
<posx>550</posx>
<posy>870</posy>
<width>2000</width>
<height>500</height>
<orientation>horizontal</orientation>
<itemgap>250</itemgap>
<control type="group">
<control type="button" id="123">
<onright>Control.SetFocus(124)</onright>
<animation type="Focus">
<effect type="slide" start="0,0" end="0,-40" time="650"/>
</animation>
<animation type="UמFocus">
<effect type="slide" start="0,-40" end="0,0" time="650"/>
</animation>
<posx>0</posx>
<posy>0</posy>
<width>180</width>
<height>270</height>
<onup>PlayerControl(stop)</onup>
<ondown>PlayerControl(stop)</ondown>
<textoffsety>40</textoffsety>
<textoffsetx>20</textoffsetx>
<aligny>30</aligny>
<texturefocus>special://skin/extras/kidsframes/wood-sign.png</texturefocus>
<texturenofocus>special://skin/extras/kidsframes/wood-sign.png</texturenofocus>
<textcolor>black</textcolor>
<focusedcolor>white</focusedcolor>
<font>font-20b</font>
<label>[B]טריילר[/B]</label>
<angle>20</angle>
<onclick>PlayMedia($INFO[ListItem.trailer],1)</onclick>
</control>
</control>
<control type="group">
<control type="button" id="124">
<onleft>Control.SetFocus(123)</onleft>
<onright>Control.SetFocus(125)</onright>
<animation type="Focus">
<effect type="slide" start="0,0" end="0,-40" time="650"/>
</animation>
<animation type="UמFocus">
<effect type="slide" start="0,-40" end="0,0" time="650"/>
</animation>
<posx>0</posx>
<posy>0</posy>
<width>180</width>
<height>270</height>
<onup>PlayerControl(stop)</onup>
<ondown>PlayerControl(stop)</ondown>
<textoffsety>40</textoffsety>
<textoffsetx>20</textoffsetx>
<aligny>30</aligny>
<texturefocus>special://skin/extras/kidsframes/wood-sign.png</texturefocus>
<texturenofocus>special://skin/extras/kidsframes/wood-sign.png</texturenofocus>
<textcolor>black</textcolor>
<focusedcolor>white</focusedcolor>
<font>font-20b</font>
<label>[B]נגן[/B]</label>
<angle>20</angle>
<onclick>SendClick(8)</onclick>
</control>
</control>
<control type="group">
<control type="button" id="125">
<onleft>Control.SetFocus(124)</onleft>
<onright condition="Player.HasVideo">Control.SetFocus(126)</onright>
<animation type="Focus">
<effect type="slide" start="0,0" end="0,-40" time="650"/>
</animation>
<animation type="UמFocus">
<effect type="slide" start="0,-40" end="0,0" time="650"/>
</animation>
<posx>0</posx>
<posy>0</posy>
<width>180</width>
<height>270</height>
<onup>PlayerControl(stop)</onup>
<ondown>PlayerControl(stop)</ondown>
<textoffsety>40</textoffsety>
<textoffsetx>20</textoffsetx>
<aligny>30</aligny>
<texturefocus>special://skin/extras/kidsframes/wood-sign.png</texturefocus>
<texturenofocus>special://skin/extras/kidsframes/wood-sign.png</texturenofocus>
<textcolor>black</textcolor>
<focusedcolor>white</focusedcolor>
<font>font-20b</font>
<label>[B]דירוג[/B]</label>
<angle>20</angle>
<onclick>SendClick(7)</onclick>
</control>
</control>
<control type="group">
<visible>Player.HasVideo</visible>
<control type="button" id="126">
<onleft>Control.SetFocus(125)</onleft>
<animation type="Focus">
<effect type="slide" start="0,0" end="0,-40" time="650"/>
</animation>
<animation type="UמFocus">
<effect type="slide" start="0,-40" end="0,0" time="650"/>
</animation>
<posx>0</posx>
<posy>0</posy>
<width>180</width>
<height>270</height>
<textoffsety>40</textoffsety>
<textoffsetx>20</textoffsetx>
<aligny>30</aligny>
<texturefocus>special://skin/extras/kidsframes/wood-sign.png</texturefocus>
<texturenofocus>special://skin/extras/kidsframes/wood-sign.png</texturenofocus>
<textcolor>black</textcolor>
<focusedcolor>white</focusedcolor>
<font>font-20b</font>
<label>[B]עצור[/B]</label>
<angle>20</angle>
<onclick>PlayerControl(stop)</onclick>
<onclick>Dialog.Close(movieinformation)</onclick>
</control>
</control>
</control>


<control type="grouplist" id="4000">
<animation type="WindowOpen">
<effect type="slide" start="0,0" end="1460,0" time="450" tween="sine" easing="inout"/>
</animation>
<posx>-1000</posx>
<posy>450</posy>
<posy>450</posy>
<width>500</width>
<height>150</height>
<orientation>horizontal</orientation>
<itemgap>2</itemgap>
<visible>$EXP[windowwidgetinfo]</visible>
<control type="button" id="4550">
<visible>$EXP[windowwidgetinfo]</visible>
<posx>0</posx>
<posy>0</posy>
<width>120</width>
<height>50</height>
<onback condition="!Player.HasVideo">1256</onback>
<align>center</align>
<label>נגן</label>
<textcolor>white</textcolor>
<onup>Dialog.Close(movieinformation)</onup>
<ondown>Dialog.Close(movieinformation)</ondown>
<focusedcolor>deepskyblue</focusedcolor>
<texturenofocus colordiffuse="black">colors/white.png</texturenofocus>
<texturefocus colordiffuse="black">colors/white.png</texturefocus>
<onclick>SendClick(8)</onclick>
</control>

<control type="button" id="4551">
<visible>$EXP[windowwidgetinfo]</visible>
<visible>!Player.HasVideo</visible>
<posx>0</posx>
<posy>0</posy>
<width>140</width>
<height>50</height>
<ondown>Dialog.Close(movieinformation)</ondown>
<onback condition="!Player.HasVideo">1256</onback>
<align>center</align>
<label>טריילר</label>
<textcolor>white</textcolor>
<focusedcolor>deepskyblue</focusedcolor>
<texturenofocus colordiffuse="black">colors/white.png</texturenofocus>
<texturefocus colordiffuse="black">colors/white.png</texturefocus>
<onclick>PlayMedia($INFO[ListItem.trailer],1)</onclick>
</control>


<control type="button" id="4552">
<visible>$EXP[windowwidgetinfo]</visible>
<posx>0</posx>
<posy>0</posy>
<width>120</width>
<height>50</height>
<ondown>Dialog.Close(movieinformation)</ondown>
<onback condition="!Player.HasVideo">1256</onback>
<align>center</align>
<label>חזרה</label>
<textcolor>white</textcolor>
<focusedcolor>deepskyblue</focusedcolor>
<texturenofocus colordiffuse="black">colors/white.png</texturenofocus>
<texturefocus colordiffuse="black">colors/white.png</texturefocus>
<onclick>Dialog.Close(movieinformation)</onclick>
</control>

<control type="button" id="4553">
<visible>$EXP[windowwidgetinfo] + Player.HasVideo</visible>
<posx>0</posx>
<posy>0</posy>
<width>120</width>
<height>50</height>
<onback condition="!Player.HasVideo">1256</onback>
<align>center</align>
<label>עצור</label>
<textcolor>white</textcolor>
<ondown>Dialog.Close(movieinformation)</ondown>
<focusedcolor>deepskyblue</focusedcolor>
<texturenofocus colordiffuse="black">colors/white.png</texturenofocus>
<texturefocus colordiffuse="black">colors/white.png</texturefocus>
<onclick>PlayerControl(stop)</onclick>
</control>
</control>


		<control type="grouplist" id="4000">
		<animation condition="Window.IsActive(6010)" effect="slide" start="0,0" end="0,-250" time="0">Conditional</animation>
		<visible>Window.IsActive(6015) | Window.IsActive(6010)</visible>
		<posx>0</posx>
		<posy>250</posy>
		<width>800</width>
		<height>800</height>
		<itemgap>40</itemgap>
		<control type="button" id="81">
		<posx>0</posx>
		<posy>0</posy>
		<width>350</width>
		<height>180</height>
		<align>center</align>
		<font>pageTitle</font>
		<textoffsetx></textoffsetx>
		<focusedcolor>burlywood</focusedcolor>
		<texturefocus border="10">special://skin/extras/background/basemain.png</texturefocus>
		<texturenofocus>special://skin/extras/background/basemain.png</texturenofocus>
		<label>נגן</label>
		<onclick>SendClick(8)</onclick>
		</control>
		<control type="button" id="82">
		<visible>!Player.HasVideo</visible>
		<posx>0</posx>
		<posy>0</posy>
		<width>350</width>
		<height>180</height>
		<align>center</align>
		<font>pageTitle</font>
		<ondown condition="Player.HasVideo">SetFocus(24)</ondown>
		<textoffsetx></textoffsetx>
		<focusedcolor>burlywood</focusedcolor>
		<texturefocus border="10">special://skin/extras/background/basemain.png</texturefocus>
		<texturenofocus>special://skin/extras/background/basemain.png</texturenofocus>
		<label>טריילר</label>
		<onclick>PlayMedia($INFO[ListItem.trailer],1)</onclick>
		</control>
		
		<control type="button" id="83">
		<visible>Player.HasVideo</visible>
		<posx>0</posx>
		<posy>0</posy>
		<width>350</width>
		<height>180</height>
		<align>center</align>
		<font>pageTitle</font>
		<ondown condition="Player.HasVideo">SetFocus(24)</ondown>
		<textoffsetx></textoffsetx>
		<focusedcolor>burlywood</focusedcolor>
		<texturefocus border="10">special://skin/extras/background/basemain.png</texturefocus>
		<texturenofocus>special://skin/extras/background/basemain.png</texturenofocus>
		<label>חזרה</label>
		<onclick>Dialog.Close(movieinformation)</onclick>
		</control>

		<control type="button" id="84">
		<visible>!Player.HasVideo</visible>
		<posx>0</posx>
		<posy>0</posy>
		<width>350</width>
		<height>180</height>
		<align>center</align>
		<font>pageTitle</font>
		<textoffsetx></textoffsetx>
		<focusedcolor>burlywood</focusedcolor>
		<texturefocus border="10">special://skin/extras/background/basemain.png</texturefocus>
		<texturenofocus>special://skin/extras/background/basemain.png</texturenofocus>
		<label>חזרה</label>
		<onclick>Dialog.Close(movieinformation)</onclick>
		</control>
		<control type="button" id="85">
		<visible>Player.HasVideo</visible>
		<posx>0</posx>
		<posy>0</posy>
		<width>350</width>
		<height>180</height>
		<align>center</align>
		<font>pageTitle</font>
		<textoffsetx></textoffsetx>
		<focusedcolor>burlywood</focusedcolor>
		<texturefocus border="10">special://skin/extras/background/basemain.png</texturefocus>
		<texturenofocus>special://skin/extras/background/basemain.png</texturenofocus>
		<label>עצור</label>
		<onclick>PlayerControl(stop)</onclick>
		</control>
		</control>

<control type="grouplist" id="4000">
<visible>Window.IsActive(1181)</visible>
<posx>1150</posx>
<posy>1040</posy>
<width>800</width>
<height>100</height>
<itemgap>20</itemgap>
<orientation>horizontal</orientation>
<control type="button" id="30">
<visible>!Player.HasVideo</visible>
<posx>0</posx>
<posy>0</posy>
<width>150</width>
<height>40</height>
<texturefocus colordiffuse="deeppink">colors/white.png</texturefocus>
<texturenofocus colordiffuse="deepskyblue">colors/white.png</texturenofocus>
<textcolor>white</textcolor>
<focusedcolor>white</focusedcolor>
<align>center</align>
<label>נגן</label>
<onclick>SendClick(8)</onclick>
</control>
<control type="button" id="31">
<visible>Player.HasVideo</visible>
<posx>0</posx>
<posy>0</posy>
<width>150</width>
<height>40</height>
<texturefocus colordiffuse="deeppink">colors/white.png</texturefocus>
<texturenofocus colordiffuse="deepskyblue">colors/white.png</texturenofocus>
<textcolor>white</textcolor>
<focusedcolor>white</focusedcolor>
<align>center</align>
<label>עצור</label>
<onclick>PlayerControl(stop)</onclick>
</control>
<control type="button" id="32">
<posx>0</posx>
<posy>0</posy>
<width>150</width>
<height>40</height>
<texturefocus colordiffuse="deeppink">colors/white.png</texturefocus>
<texturenofocus colordiffuse="deepskyblue">colors/white.png</texturenofocus>
<textcolor>white</textcolor>
<focusedcolor>white</focusedcolor>
<align>center</align>
<label>טריילר</label>
<onclick>PlayMedia($INFO[ListItem.trailer],1)</onclick>
</control>
<control type="button" id="33">
<posx>0</posx>
<posy>0</posy>
<width>150</width>
<height>40</height>
<texturefocus colordiffuse="deeppink">colors/white.png</texturefocus>
<texturenofocus colordiffuse="deepskyblue">colors/white.png</texturenofocus>
<textcolor>white</textcolor>
<focusedcolor>white</focusedcolor>
<align>center</align>
<label>חזרה</label>
<onclick>Dialog.Close(movieinformation)</onclick>
</control>
</control>


        <!--debugging-->
        <include>DebugGrid</include>
        <control type="label">
            <include>DialogID</include>
            <label>DialogVideoInfo.xml</label>
        </control>
    </controls>
</window>
