<?xml version="1.0" encoding="UTF-8"?>
<window id="0">
	<defaultcontrol always="true">9000</defaultcontrol>
	<include>fadeInOut</include>
	<onload>RunScript(script.skinshortcuts,type=buildxml&amp;mainmenuID=9000)</onload>
	<onload condition="Skin.hassetting(stopVideoOnMenu) + !Player.HasAudio">PlayerControl(stop)</onload>
	<!--<onload>AlarmClock(hidemenu,setfocus(9999),00:45,true)</onload>-->
	<onload>Skin.SetBool(SkinHelper.EnableMusicArt)</onload>
	<onload>Skin.SetBool(SkinHelper.EnableExtendedArt)</onload>
	<onload>Skin.SetBool(SkinHelper.EnableExtraFanart)</onload>
	<onload>Skin.SetBool(SkinHelper.EnableExtraPoster)</onload>
	<onload>Skin.SetBool(SkinHelper.EnableAnimatedPosters)</onload>
	<onunload>CancelAlarm(hidemenu,true)</onunload>
	<controls>
		
		<control type="group">
			<control type="multiimage">
				<animation effect="fade" start="0" end="100" time="1000">WindowOpen</animation>
				<include>dimensionsFullscreen</include>
				<imagepath>special://skin/extras/homeBackgrounds/GdQHZLs.jpg</imagepath>
				<timeperimage>45000</timeperimage>
				<fadetime>200</fadetime>
				<pauseatend>10000</pauseatend>
				<randomize>true</randomize>
				<loop>yes</loop>
				<aspectratio>scale</aspectratio>
				<colordiffuse>99ffffff</colordiffuse>
			</control>
			<control type="image">
				<animation effect="fade" start="0" end="100" time="1000">WindowOpen</animation>
				<width>45</width>
				<height>45</height>
				<texture>$VAR[logomainscreen]</texture>
			</control>
		</control>
		<control type="group">
		<animation condition="$EXP[yesgofade]" effect="slide" start="0,0" end="0,-200" time="550" tween="sine" easing="inout">Conditional</animation>
		<!--mini window-->
		<include>ghost_mini_video</include>
		<!--main menu-->
		<control type="list" id="9000">
		   	<include content="globalanimation">
			<param name="animposx" value="0"/>
			<param name="animposy" value="1450"/>
			<param name="time" value="650"/>
			</include>
			<posx>382</posx>
			<animation condition="string.isEqual(Container(9000).NumItems,1)" effect="slide" end="432,0" time="0">conditional</animation>
			<animation condition="string.isEqual(Container(9000).NumItems,2)" effect="slide" end="288,0" time="0">conditional</animation>
			<animation condition="string.isEqual(Container(9000).NumItems,3)" effect="slide" end="144,0" time="0">conditional</animation>			
			<posy>-1000</posy>
			<width>1152</width>
			<height>12-row</height>
			<ondown condition="!Integer.IsGreater(Container(50000).NumItems,0)">setfocus(9005)</ondown>
			<ondown condition="Integer.IsGreater(Container(50000).NumItems,0)">50000</ondown>
			<onup condition="Player.HasVideo">22234</onup>
			<orientation>horizontal</orientation>
			<itemlayout width="4-col" height="107">
				<control type="image">
					<posx>0</posx>
					<posy>0</posy>
					<width>4-col-textbox</width>
					<height>105</height>
					<texture>colors/black.png</texture>
					<colordiffuse>77000000</colordiffuse>
					<aspectratio>stretch</aspectratio>
				</control>
								<control type="image">
					<posx>0</posx>
					<posy>0</posy>
					<width>4-col-textbox</width>
					<height>105</height>
					<texture>colors/black.png</texture>
					<colordiffuse>77000000</colordiffuse>
					<aspectratio>stretch</aspectratio>
				</control>
				<control type="textbox">
					<posx>12</posx>
					<posy>0</posy>
					<width>252</width>
					<height>3-row</height>
					<font>dialogTitle</font>
					<wrapmultiline>true</wrapmultiline>
					<aligny>center</aligny>
					<align>center</align>
					<textcolor>textActive</textcolor>
					<shadowcolor></shadowcolor>
					<label>[CAPITALIZE]$INFO[ListItem.label][/CAPITALIZE]</label>
				</control>
			</itemlayout>
			<focusedlayout width="4-col" height="107">
					<control type="image">
					<posx>0</posx>
					<posy>0</posy>
					<width>4-col-textbox</width>
					<height>105</height>
					<texture>colors/black.png</texture>
					<colordiffuse>77000000</colordiffuse>
					<aspectratio>stretch</aspectratio>
				</control>
									<control type="image">
					<posx>0</posx>
					<posy>0</posy>
					<width>4-col-textbox</width>
					<height>105</height>
					<texture>colors/black.png</texture>
					<colordiffuse>77000000</colordiffuse>
					<aspectratio>stretch</aspectratio>
				</control>
				<control type="image">
				<visible>control.hasfocus(9000)</visible>
					<posx>0</posx>
					<posy>0</posy>
					<width>4-col-textbox</width>
					<height>105</height>
					<texture>colors/white.png</texture>
					<colordiffuse>highlight</colordiffuse>
					<aspectratio>stretch</aspectratio>
				</control>
				<control type="textbox">
					<posx>12</posx>
					<posy>0</posy>
					<width>252</width>
					<height>3-row</height>
					<font>dialogTitle</font>
					<wrapmultiline>true</wrapmultiline>
					<aligny>center</aligny>
					<align>center</align>
					<textcolor>textActive</textcolor>
					<shadowcolor></shadowcolor>
					<label>[CAPITALIZE]$INFO[ListItem.label][/CAPITALIZE]</label>
				</control>
			</focusedlayout>
			<content>
				<include>skinshortcuts-mainmenu</include>
			</content>
		</control>
		
		
		
		<control type="list" id="9005">
		   	<include content="globalanimation">
			<param name="animposx" value="0"/>
			<param name="animposy" value="-1000"/>
			<param name="time" value="650"/>
			</include>
		<posx>382</posx>
		<posy>1565</posy>
		<width>1156</width>
		<height>320</height>
		<ondown>setfocus(9001,1)</ondown>
		<animation condition="Integer.IsGreater(Container(50000).NumItems,0) + Control.IsVisible(50000)" effect="slide" start="0,0" end="0,230" time="150" tween="sine" easing="inout">Conditional</animation>
		<onup condition="!Integer.IsGreater(Container(50000).NumItems,0)">setfocus(9000)</onup>
		<onup condition="Integer.IsGreater(Container(50000).NumItems,0)">50000</onup>
			<orientation>horizontal</orientation>
			<itemlayout width="289" height="3-row">
				<control type="image">
					<posx>0</posx>
					<posy>0</posy>
					<width>285</width>
					<height>50</height>
					<texture>colors/black.png</texture>
					<colordiffuse>77000000</colordiffuse>
					<aspectratio>stretch</aspectratio>
				</control>
								<control type="image">
					<posx>0</posx>
					<posy>0</posy>
					<width>285</width>
					<height>50</height>
					<texture>colors/black.png</texture>
					<colordiffuse>77000000</colordiffuse>
					<aspectratio>stretch</aspectratio>
				</control>
				<control type="label">
					<posx>0</posx>
					<posy>0</posy>
					<width>285</width>
					<height>50</height>
					<font>dialogTitle</font>
					<wrapmultiline>true</wrapmultiline>
					<aligny>center</aligny>
					<align>center</align>
					<textcolor>textActive</textcolor>
					<shadowcolor></shadowcolor>
					<label>[CAPITALIZE]$INFO[ListItem.label][/CAPITALIZE]</label>
				</control>
			</itemlayout>
			<focusedlayout width="289" height="3-row">
							<control type="image">
					<posx>0</posx>
					<posy>0</posy>
					<width>285</width>
					<height>50</height>
					<texture>colors/black.png</texture>
					<colordiffuse>77000000</colordiffuse>
					<aspectratio>stretch</aspectratio>
				</control>
											<control type="image">
					<posx>0</posx>
					<posy>0</posy>
					<width>285</width>
					<height>50</height>
					<texture>colors/black.png</texture>
					<colordiffuse>77000000</colordiffuse>
					<aspectratio>stretch</aspectratio>
				</control>
				<control type="image">
				<visible>control.hasfocus(9005)</visible>
					<posx>0</posx>
					<posy>0</posy>
					<width>285</width>
					<height>50</height>
					<texture>colors/white.png</texture>
					<colordiffuse>highlight</colordiffuse>
					<aspectratio>stretch</aspectratio>
				</control>
				<control type="label">
					<posx>0</posx>
					<posy>0</posy>
					<width>285</width>
					<height>50</height>
					<font>dialogTitle</font>
					<wrapmultiline>true</wrapmultiline>
					<aligny>center</aligny>
					<align>center</align>
					<textcolor>textActive</textcolor>
					<shadowcolor></shadowcolor>
					<label>[CAPITALIZE]$INFO[ListItem.label][/CAPITALIZE]</label>
				</control>
			</focusedlayout>
			<content>
				<include>skinshortcuts-submenu</include>
			</content>
		</control>
		
		
		
		
		
		
		
		<!--power / settings-->
		<control type="group">
		<animation condition="$EXP[yesgofade] | Window.IsActive(6002)" effect="fade" delay="150" start="100" end="0" time="450">Conditional</animation>
			<posx>851</posx>
			<posy>row-26-begin</posy>
			<control type="panel" id="9001">
				<posx>0</posx>
				<posy>18</posy>
				<width>4-col</width>
				<height>1-col</height>
				<orientation>horizontal</orientation>
				<onup>9005</onup>
				<itemlayout width="1-col" height="1-col">
					<control type="label">
						<posx>0.5</posx>
						<posy>-1</posy>
						<width>1-col</width>
						<height>1-col</height>
						<font>symbolLarge</font>
						<align>center</align>
						<aligny>center</aligny>
						<textcolor>textActive</textcolor>
						<shadowcolor></shadowcolor>
						<label>$INFO[ListItem.label]</label>
					</control>
				</itemlayout>
				<focusedlayout width="1-col" height="1-col">
					<control type="image">
						<posx>0</posx>
						<posy>0</posy>
						<width>1-col</width>
						<height>1-col</height>
						<aspectratio>stretch</aspectratio>
						<texture diffuse="masks/circle.png">colors/white.png</texture>
						<colordiffuse>highlight</colordiffuse>
					</control>
					<control type="label">
						<posx>0.5</posx>
						<posy>-1</posy>
						<width>1-col</width>
						<height>1-col</height>
						<font>symbolLarge</font>
						<align>center</align>
						<aligny>center</aligny>
						<textcolor>textActive</textcolor>
						<shadowcolor></shadowcolor>
						<label>$INFO[ListItem.label]</label>
					</control>
				</focusedlayout>
				<content>
					<item>
						<label></label>
						<onclick>ActivateWindow(Settings)</onclick>
					</item>
					<item>
						<visible>control.hasfocus(9999)</visible>
						<label></label>
						<onclick>setfocus(9000,0)</onclick>
					</item>
					<item>
						<visible>!control.hasfocus(9999)</visible>
						<label></label>
						<onclick>ActivateWindow(6002)</onclick>
					</item>
					<item>
						<label></label>
						<onclick>ActivateWindow(shutdownmenu)</onclick>
					</item>
				</content>
			</control>
		</control>
		<include>skinshortcuts-template-widget</include>
		<control type="group">
			<visible>player.hasaudio</visible>
			<posx>col-1-begin</posx>
			<posy>300</posy>
			<control type="grouplist">
				<posx>0</posx>
				<posy>8</posy>
				<width>24-col</width>
				<align>center</align>
				<itemgap>18</itemgap>
				<orientation>horizontal</orientation>
				<control type="image">
					<visible>!player.paused + !System.Platform.Linux.RaspberryPi + !Skin.HasSetting(lowPowerMode)</visible>
					<posx>0</posx>
					<posy>0</posy>
					<width>1-col-gutter</width>
					<height>1-col-gutter</height>
					<texture>equaliser.gif</texture>
				</control>
				<control type="label">
					<visible>!player.paused + [System.Platform.Linux.RaspberryPi | Skin.HasSetting(lowPowerMode)]</visible>
					<posx>0</posx>
					<posy>0</posy>
					<width>1-col-gutter</width>
					<height>2-row</height>
					<align>center</align>
					<aligny>center</aligny>
					<font>symbolLarge</font>
					<textcolor>textActive</textcolor>
					<shadowcolor></shadowcolor>
					<label></label>
				</control>
				<control type="label">
					<visible>player.paused</visible>
					<posx>0</posx>
					<posy>0</posy>
					<width>1-col-gutter</width>
					<height>2-row</height>
					<align>center</align>
					<aligny>center</aligny>
					<font>symbolLarge</font>
					<textcolor>textActive</textcolor>
					<shadowcolor></shadowcolor>
					<label></label>
				</control>
				<control type="label">
					<description>Artist</description>
					<posx>0</posx>
					<posy>0</posy>
					<font>small</font>
					<width>auto</width>
					<height>2-row</height>
					<align>center</align>
					<aligny>center</aligny>
					<label>$INFO[MusicPlayer.TimeRemaining,, ][B]$INFO[musicplayer.Artist,, ][/B]$INFO[MusicPlayer.Title]</label>
					<scroll>true</scroll>
					<textcolor>textActive</textcolor>
					<wrapmultiline>false</wrapmultiline>
				</control>
			</control>
		</control>
		<control type="button" id="9999">
            <posx>-500</posx>
            <posy>0</posy>
            <width>1-col</width>
            <height>2-row</height>
			<onleft>setfocus(9000,0)</onleft>
			<onright>setfocus(9000,0)</onright>
			<onup>setfocus(9000,0)</onup>
			<ondown>setfocus(9000,0)</ondown>
			<onclick>setfocus(9000,0)</onclick>
        </control>
		
		
		<include>widgetsloading</include>
		<include>versionandmainname</include>
		<include>osdchooser</include>
		<include>mediacenterweather</include>
		<include content="widgetinfo">
		<param name="widgetid" value="50000"/>
		</include>
		</control>
		<!--debugging-->
		<include>DebugGrid</include>
		<control type="label">
			<include>WindowID</include>
			<label>Home.xml</label>
		</control>
	</controls>
</window>
