<?xml version="1.0" encoding="UTF-8"?>
<window id="0">
	<defaultcontrol always="true">9000</defaultcontrol>
	<include>fadeInOut</include>
	<onload>RunScript(script.skinshortcuts,type=buildxml&amp;mainmenuID=9001&amp;group=mainmenu|videosubmenu|musicsubmenu|picturessubmenu|gamesubmenu)</onload>
	<onload condition="Skin.hassetting(stopVideoOnMenu) + !Player.HasAudio">PlayerControl(stop)</onload>
	<onload condition="System.IdleTime(5) + ActivateWindow(home)">AlarmClock(focusmain,Control.SetFocus(9000),00:05,true)</onload>
	<onload>Skin.SetBool(SkinHelper.EnableExtendedArt)</onload>
	<onload>Skin.SetBool(SkinHelper.EnableExtraFanart)</onload>
	<onload>Skin.SetBool(SkinHelper.EnableExtraPoster)</onload>
	<onload>Skin.SetBool(SkinHelper.EnableAnimatedPosters)</onload>
	<onload>Skin.SetBool(SkinHelper.EnablePVRThumbs)</onload>
	<onload>SkinHelper.StudioLogos.Path</onload>
	<onload>SetProperty(SkinHelper.WidgetContainer,55,Home)</onload>
	<onunload>CancelAlarm(hidemenu,true)</onunload>
	<controls>
		<include>globalBackground</include>
		<control type="group">
			<control type="image">
			<posx>0</posx>
			<posy>0</posy>
			<width>1920</width>
			<height>1080</height>
			<texture>special://skin/extras/background/butterfly.jpg</texture>
			</control>
<include>infomainscreen</include>
			<control type="image">
				<include>dimensionsFullscreen</include>
				<texture>vignette.png</texture>
				<colordiffuse>ffffffff</colordiffuse>
				<aspectratio>stretch</aspectratio>
			</control>
		</control>
		<!--mini window-->
		<include>miniVideoPlayer</include>
		<!--main menu-->
		<control type="panel" id="9000">
		<animation condition="Window.IsActive(6009) + Player.HasAudio" effect="fade" start="100" end="0" time="150">Conditional</animation>
		<animation condition="Window.IsActive(6000) | Window.IsActive(6001)" effect="fade" start="100" end="0" time="150">Conditional</animation>
		<animation condition="Window.IsActive(6014)" effect="slide" start="0,0" end="420,0" time="450" tween="sine" easing="inout">Conditional</animation>
		<animation type="conditional" condition="control.hasfocus(9999)" reversible="true">
		<effect type="fade" start="100" end="0" time="500" delay="0"/>
		</animation>
			<posx>col-5-begin</posx>
			<animation condition="string.isEqual(Container(9000).NumItems,1)" effect="slide" end="432,0" time="0">conditional</animation>
			<animation condition="string.isEqual(Container(9000).NumItems,2)" effect="slide" end="288,0" time="0">conditional</animation>
			<animation condition="string.isEqual(Container(9000).NumItems,3)" effect="slide" end="144,0" time="0">conditional</animation>			
			<posy>380</posy>
			<width>18-col</width>
			<height>800</height>
			<onup>SetFocus(6333)</onup>
			<onleft condition="Player.HasAudio">Control.SetFocus(8001)</onleft>
			<onback>Control.SetFocus(21)</onback>
			<ondown>5335</ondown>
			<orientation>vertical</orientation>
			<itemlayout width="4-col" height="125">
				<control type="image">
				<posx>0</posx>
				<posy>0</posy>
				<width>302</width>
				<height>148</height>
				<texture border="40">special://skin/extras/common/roundedbutton-nofocus.png</texture>
				</control>
			
				<control type="textbox">
					<posx>25</posx>
					<posy>15</posy>
					<width>252</width>
					<height>3-row</height>
					<font>dialogTitle</font>
					<wrapmultiline>true</wrapmultiline>
					<aligny>center</aligny>
					<align>center</align>
					<textcolor>textActive</textcolor>
					<shadowcolor>black</shadowcolor>
					<label>[CAPITALIZE]$INFO[ListItem.label][/CAPITALIZE]</label>
				</control>

			</itemlayout>
			<focusedlayout width="4-col" height="125">
				<control type="image">
				<posx>0</posx>
				<posy>0</posy>
				<width>302</width>
				<height>148</height>
				<texture border="40">special://skin/extras/common/roundedbutton-nofocus.png</texture>
				</control>
			
					<control type="image">
					<posx>20</posx>
					<posy>20</posy>
					<width>260</width>
					<height>105</height>
                    <texture diffuse="special://skin/extras/test/poster_diffuse.png" border="0">colors/white.png</texture>
                    <colordiffuse>highlight</colordiffuse>
				</control>
				
				<control type="textbox">
					<posx>25</posx>
					<posy>15</posy>
					<width>252</width>
					<height>3-row</height>
					<font>dialogTitle</font>
					<wrapmultiline>true</wrapmultiline>
					<aligny>center</aligny>
					<align>center</align>
					<textcolor>textActive</textcolor>
					<shadowcolor>black</shadowcolor>
					<label>[CAPITALIZE]$INFO[ListItem.label][/CAPITALIZE]</label>
				</control>
				
			</focusedlayout>
			<content>
				<include>skinshortcuts-mainmenu</include>
			</content>
		</control>
		<!--power / settings-->

		
		
	<include>mainmenu</include>
	<include>radioextrasinfo</include>
	
		<!--Date / time and weather-->
		<control type="group">
		
		<animation condition="Control.HasFocus(9004)" effect="fade" start="100" end="0" time="150">Conditional</animation>
			<posx>90</posx>
			<posy>-60</posy>
			<animation type="conditional" condition="control.hasfocus(9999) + !player.hasaudio" reversible="true">
				<effect type="slide" start="0,0" end="0,538" time="200" delay="0"/>
			</animation>
			<animation type="conditional" condition="control.hasfocus(9999) + player.hasaudio" reversible="true">
				<effect type="slide" start="0,0" end="0,484" time="200" delay="0"/>
			</animation>
			<control type="label">
				<posx>0</posx>
				<posy>50</posy>
				<width>24-col</width>
				<height>2-row</height>
				<align>center</align>
				
				<textcolor>textActive</textcolor>
				<shadowcolor>44000000</shadowcolor>
				<label>$INFO[System.Time]</label>
			</control>
			<control type="label">
			<visible>![Player.HasVideo | Player.HasAudio]</visible>
				<visible>$EXP[hasWeather]</visible>
				<posx>775</posx>
				<posy>40</posy>
				<width>24-col</width>
				<height>2-row</height>
				<font>regular</font>
				<align>center</align>
				<textcolor>textActive</textcolor>
				<shadowcolor>44000000</shadowcolor>
				<label>$INFO[System.Date(DDD)] [B]$INFO[System.Date(dd)][/B] $INFO[System.Date(MMM)]</label>
			</control>
			<control type="label">
			<visible>![Player.HasVideo | Player.HasAudio]</visible>
				<visible>$EXP[hasWeather]</visible>
				<posx>330</posx>
				<posy>40</posy>
				<width>24-col</width>
				<height>2-row</height>
				<font>regular</font>
				<align>center</align>
				<textcolor>textActive</textcolor>
				<shadowcolor>44000000</shadowcolor>
				<label> [B]$INFO[weather.temperature][/B] [CAPITALIZE]$INFO[weather.conditions][/CAPITALIZE]</label>
			</control>
			<control type="label">
			<visible>![Player.HasVideo | Player.HasAudio]</visible>
				<visible>!$EXP[hasWeather]</visible>
				<posx>110</posx>
				<posy>40</posy>
				<width>24-col</width>
				<height>2-row</height>
				<font>regular</font>
				<align>center</align>
				<textcolor>textActive</textcolor>
				<shadowcolor>44000000</shadowcolor>
				<label>$INFO[System.Date(DDD)] [B]$INFO[System.Date(dd)][/B] $INFO[System.Date(MMM)]</label>
			</control>
		</control>
		<!--now playing music-->
		<control type="group">
			<visible>player.hasaudio</visible>
			<posx>col-1-begin</posx>
			<posy>row-24-begin</posy>
			<control type="grouplist">
			<animation condition="Window.IsActive(6009)" effect="slide" start="0,0" end="0,-650" time="550" tween="sine" easing="inout">Conditional</animation>
				<posx>0</posx>
				<posy>8</posy>
				<width>24-col</width>
				<align>center</align>
				<itemgap>18</itemgap>
				<orientation>horizontal</orientation>
				<control type="image">
					<visible>!player.paused + !System.Platform.Linux.RaspberryPi + !Skin.HasSetting(lowPowerMode)</visible>
					<posx>0</posx>
					<posy>0</posy>
					<width>1-col-gutter</width>
					<height>1-col-gutter</height>
					<texture>equaliser.gif</texture>
				</control>
				<control type="label">
					<visible>!player.paused + [System.Platform.Linux.RaspberryPi | Skin.HasSetting(lowPowerMode)]</visible>
					<posx>0</posx>
					<posy>0</posy>
					<width>1-col-gutter</width>
					<height>2-row</height>
					<align>center</align>
					<aligny>center</aligny>
					<font>symbolLarge</font>
					<textcolor>textActive</textcolor>
					<shadowcolor></shadowcolor>
					<label></label>
				</control>
				<control type="label">
					<visible>player.paused</visible>
					<posx>0</posx>
					<posy>0</posy>
					<width>1-col-gutter</width>
					<height>2-row</height>
					<align>center</align>
					<aligny>center</aligny>
					<font>symbolLarge</font>
					<textcolor>textActive</textcolor>
					<shadowcolor></shadowcolor>
					<label></label>
				</control>
				<control type="label">
					<description>Artist</description>
					<posx>0</posx>
					<posy>0</posy>
					<font>small</font>
					<width>auto</width>
					<height>2-row</height>
					<align>center</align>
					<aligny>center</aligny>
					<label>$INFO[MusicPlayer.TimeRemaining,, ][B]$INFO[musicplayer.Artist,, ][/B]$INFO[MusicPlayer.Title]</label>
					<scroll>true</scroll>
					<textcolor>textActive</textcolor>
					<wrapmultiline>false</wrapmultiline>
				</control>
			</control>
		</control>
		<control type="group">
			<control type="label">
			<visible>![Player.HasVideo | Player.HasAudio]</visible>
			<posx>70</posx>
			<posy>-5</posy>
			<width>450</width>
			<height>50</height>
			<label>Ghost Build Version 2.0</label>
			</control>
			<control type="button" id="6333">
			<animation condition="Control.HasFocus(6333)" effect="rotate" center="auto" start="360" end="-360" time="1550">Conditional</animation>
			<posx>15</posx>
			<posy>5</posy>
			<width>35</width>
			<height>35</height>
			<onback>9000</onback>
			<ondown>9000</ondown>
			<texturefocus colordiffuse="burlywood">special://skin/extras/screensaver/info.png</texturefocus>
			<texturenofocus>special://skin/extras/screensaver/info.png</texturenofocus>
			<onclick>ActivateWindow(6011)</onclick>
			</control>
			</control>
		<control type="button" id="3333">
		<animation condition="Window.IsActive(6014)" effect="slide" start="0,0" end="-420,0" time="450" tween="sine" easing="inout">Conditional</animation>
		<animation condition="Control.HasFocus(3333)" effect="rotate" center="auto" start="360" end="-360" time="1550">Conditional</animation>
		<posx>20</posx>
		<posy>1010</posy>
		<width>55</width>
		<height>55</height>
		<onup>9000</onup>
		<onright>SetFocus(5333)</onright>
		<texturefocus colordiffuse="burlywood">special://skin/extras/test/settings.png</texturefocus>
		<texturenofocus colordiffuse="white">special://skin/extras/test/settings.png</texturenofocus>
		<onclick>Control.SetFocus(21)</onclick>
		</control>
	<include>extrabuttonsmainscreen</include>
			

		<!--debugging-->
		<include>DebugGrid</include>
		<control type="label">
			<include>WindowID</include>
			<label>Home.xml</label>
		</control>
	</controls>
</window>
