<?xml version="1.0" encoding="UTF-8"?>
<window id="0">
	<defaultcontrol always="true">9000</defaultcontrol>
	<include>fadeInOut</include>
	<onload>RunScript(script.skinshortcuts,type=buildxml&amp;mainmenuID=9001&amp;group=mainmenu|videosubmenu|musicsubmenu|picturessubmenu|gamesubmenu)</onload>
	<onload condition="Skin.hassetting(stopVideoOnMenu) + !Player.HasAudio">PlayerControl(stop)</onload>
	<onload condition="System.IdleTime(5) + ActivateWindow(home)">AlarmClock(focusmain,Control.SetFocus(9000),00:05,true)</onload>
	<onload>Skin.SetBool(SkinHelper.EnableExtendedArt)</onload>
	<onload>Skin.SetBool(SkinHelper.EnableExtraFanart)</onload>
	<onload>Skin.SetBool(SkinHelper.EnableExtraPoster)</onload>
	<onload>Skin.SetBool(SkinHelper.EnableAnimatedPosters)</onload>
	<onload>Skin.SetBool(SkinHelper.EnablePVRThumbs)</onload>
	<onload>SkinHelper.StudioLogos.Path</onload>
	<onload>SetProperty(SkinHelper.WidgetContainer,54,Home)</onload>
	<onunload>CancelAlarm(hidemenu,true)</onunload>
	<controls>
		<include>globalBackground</include>
		<control type="group">
			<control type="multiimage">
			<posx>0</posx>
			<posy>0</posy>
			<width>1920</width>
			<height>1080</height>
			<imagepath>special://skin/extras/bgmain/bg4.jpg</imagepath>
			</control>
			<control type="image">
				<include>dimensionsFullscreen</include>
				<texture>vignette.png</texture>
				<colordiffuse>ffffffff</colordiffuse>
				<aspectratio>stretch</aspectratio>
			</control>
		</control>
		<!--mini window-->
		<control type="group">
		<visible>$EXP[windowwidgetinfofalse]</visible>
		<animation condition="$EXP[windowwidgetinfo]" effect="zoom" start="100,100" end="0,0" time="550" center="auto">Conditional</animation>
		<include content="miniVideoPlayer">
		<param name="minposx" value="col-20-begin"/>
		<param name="miniposy" value="52"/>
		<param name="miniwidth" value="6-col"/>
		<param name="miniheight" value="243"/>
		<param name="windowvideposx" valeu="6"/>
		<param name="imageposx" value="-10"/>
		<param name="imageposy" value="0"/>
		<param name="imageheight" value="265"/>
		</include>
		</control>
		<control type="group">
		<visible>$EXP[windowwidgetinfofalse]</visible>
		<include>progressbarvideo</include>
		</control>
		
		<!--main menu-->
		<control type="panel" id="9000">
		<animation condition="Window.IsActive(6009) + Player.HasAudio" effect="fade" start="100" end="0" time="150">Conditional</animation>
		<animation condition="Window.IsActive(6000) | Window.IsActive(6001)" effect="fade" start="100" end="0" time="150">Conditional</animation>
		<animation condition="$EXP[windowwidgetinfo] | Window.IsActive(1181)" effect="slide" start="0,0" end="455,0" time="450" tween="sine" easing="inout">Conditional</animation>
		<animation type="conditional" condition="control.hasfocus(9999)" reversible="true">
		<effect type="fade" start="100" end="0" time="500" delay="0"/>
		</animation>
			<posx>col-5-begin</posx>
			<animation condition="string.isEqual(Container(9000).NumItems,1)" effect="slide" end="432,0" time="0">conditional</animation>
			<animation condition="string.isEqual(Container(9000).NumItems,2)" effect="slide" end="288,0" time="0">conditional</animation>
			<animation condition="string.isEqual(Container(9000).NumItems,3)" effect="slide" end="144,0" time="0">conditional</animation>			
			<posy>380</posy>
			<width>18-col</width>
			<height>800</height>
			<onup condition="Player.HasAudio | Player.HasVideo">SetFocus(80011)</onup>
			<onleft condition="Player.HasAudio">Control.SetFocus(8001)</onleft>
			<onback>Control.SetFocus(221)</onback>
			<ondown>9856</ondown>
			<orientation>vertical</orientation>
			<itemlayout width="4-col" height="125">
				<control type="image">
				<posx>0</posx>
				<posy>0</posy>
				<width>302</width>
				<height>148</height>
				<texture border="40">special://skin/extras/common/roundedbutton-nofocus.png</texture>
				</control>
			
				<control type="textbox">
					<posx>25</posx>
					<posy>15</posy>
					<width>252</width>
					<height>3-row</height>
					<font>dialogTitle</font>
					<wrapmultiline>true</wrapmultiline>
					<aligny>center</aligny>
					<align>center</align>
					<textcolor>textActive</textcolor>
					<shadowcolor>black</shadowcolor>
					<label>[CAPITALIZE]$INFO[ListItem.label][/CAPITALIZE]</label>
				</control>

			</itemlayout>
			<focusedlayout width="4-col" height="125">
				<control type="image">
				<posx>0</posx>
				<posy>0</posy>
				<width>302</width>
				<height>148</height>
				<texture border="40">special://skin/extras/common/roundedbutton-nofocus.png</texture>
				</control>
			
					<control type="image">
					<posx>20</posx>
					<posy>20</posy>
					<width>260</width>
					<height>105</height>
                    <texture diffuse="special://skin/extras/test/poster_diffuse.png" colordiffuse="$VAR[MainMenuFocusedColor]" border="0">colors/white.png</texture>
				</control>
				
				<control type="textbox">
					<posx>25</posx>
					<posy>15</posy>
					<width>252</width>
					<height>3-row</height>
					<font>dialogTitle</font>
					<wrapmultiline>true</wrapmultiline>
					<aligny>center</aligny>
					<align>center</align>
					<textcolor>$VAR[MainMenuTextColor]</textcolor>
					<shadowcolor>black</shadowcolor>
					<label>[CAPITALIZE]$INFO[ListItem.label][/CAPITALIZE]</label>
				</control>
				
			</focusedlayout>
			<content>
				<include>skinshortcuts-mainmenu</include>
			</content>
		</control>
		<!--power / settings-->

		
		
	<include>mainmenu</include>
	<include>radioextrasinfo</include>
	<include>buttomenu</include>
	<include>mainmusicinfo</include>
	<include>musicextrainfo</include>
	<include>infomainscreen</include>
	<include>extrabuttonsmainscreen</include>
			

		<!--debugging-->
		<include>DebugGrid</include>
		<control type="label">
			<include>WindowID</include>
			<label>Home.xml</label>
		</control>
	</controls>
</window>
