<?xml version="1.0" encoding="UTF-8"?>
<window id="0">
	<defaultcontrol always="true">9000</defaultcontrol>
	<include>fadeInOut</include>
	<onload>RunScript(script.skinshortcuts,type=buildxml&amp;mainmenuID=9000)</onload>
	<onload condition="Skin.hassetting(stopVideoOnMenu) + !Player.HasAudio">PlayerControl(stop)</onload>
	<onload condition="System.IdleTime(5) + ActivateWindow(home)">AlarmClock(focusmain,Control.SetFocus(9000),00:05,true)</onload>
	<onload>Skin.SetBool(SkinHelper.EnableExtendedArt)</onload>
	<onload>Skin.SetBool(SkinHelper.EnableExtraFanart)</onload>
	<onload>Skin.SetBool(SkinHelper.EnableExtraPoster)</onload>
	<onload>Skin.SetBool(SkinHelper.EnableAnimatedPosters)</onload>
	<onload>Skin.SetBool(SkinHelper.EnablePVRThumbs)</onload>
	<onload>SkinHelper.StudioLogos.Path</onload>
	<onload>SetProperty(SkinHelper.WidgetContainer,54,Home)</onload>
	<onload>ClearProperty(widget,widget1)</onload>
	<onunload>CancelAlarm(hidemenu,true)</onunload>
	<controls>
		<include>globalBackground</include>
		<control type="group">
			<control type="multiimage">
			<posx>0</posx>
			<posy>0</posy>
			<width>1920</width>
			<height>1080</height>
			<imagepath>special://skin/extras/bgmain/bg4.jpg</imagepath>
			</control>
			<control type="image">
				<include>dimensionsFullscreen</include>
				<texture>vignette.png</texture>
				<colordiffuse>ffffffff</colordiffuse>
				<aspectratio>stretch</aspectratio>
			</control>
		</control>
		<!--mini window-->
		<control type="group">
		<visible>$EXP[windowwidgetinfofalse]</visible>
		<animation condition="$EXP[windowwidgetinfo]" effect="zoom" start="100,100" end="0,0" time="550" center="auto">Conditional</animation>
		<animation condition="Control.HasFocus(5331) | Control.HasFocus(5332) | Control.HasFocus(5333) | Control.HasFocus(5334) | Control.HasFocus(5335) | Control.HasFocus(5336) | Control.HasFocus(5337) | Control.HasFocus(5338)" effect="slide" start="0,0" end="-300,0" time="450" tween="sine" easing="inout">Conditional</animation>
		<include content="miniVideoPlayer">
		<param name="minposx" value="col-20-begin"/>
		<param name="miniposy" value="62"/>
		<param name="miniwidth" value="6-col"/>
		<param name="miniheight" value="243"/>
		<param name="windowvideposx" valeu="6"/>
		<param name="imageposx" value="-12"/>
		<param name="imageposy" value="-8"/>
		<param name="imageheight" value="265"/>
		</include>
		</control>
		<control type="group">
				<animation condition="Control.HasFocus(5331) | Control.HasFocus(5332) | Control.HasFocus(5333) | Control.HasFocus(5334) | Control.HasFocus(5335) | Control.HasFocus(5336) | Control.HasFocus(5337) | Control.HasFocus(5338)" effect="slide" start="0,0" end="-300,0" time="450" tween="sine" easing="inout">Conditional</animation>
		<posy>2</posy>
		<visible>$EXP[windowwidgetinfofalse]</visible>
		<include>progressbarvideo</include>
		</control>
		
		<!--main menu-->
		<control type="panel" id="9000">
		<animation condition="Window.IsActive(6009) + Player.HasAudio" effect="fade" start="100" end="0" time="150">Conditional</animation>
		<animation condition="Window.IsActive(6000) | Window.IsActive(6001)" effect="fade" start="100" end="0" time="150">Conditional</animation>
		<animation condition="$EXP[windowwidgetinfo] | Window.IsActive(1181)" effect="slide" start="0,0" end="455,0" time="450" tween="sine" easing="inout">Conditional</animation>
		<animation type="conditional" condition="control.hasfocus(9999)" reversible="true">
		<effect type="fade" start="100" end="0" time="500" delay="0"/>
		</animation>
			<posx>col-5-begin</posx>
			<animation condition="string.isEqual(Container(9000).NumItems,1)" effect="slide" end="432,0" time="0">conditional</animation>
			<animation condition="string.isEqual(Container(9000).NumItems,2)" effect="slide" end="288,0" time="0">conditional</animation>
			<animation condition="string.isEqual(Container(9000).NumItems,3)" effect="slide" end="144,0" time="0">conditional</animation>			
			<posy>380</posy>
			<width>18-col</width>
			<height>800</height>
			<onup condition="Player.HasVideo">SetFocus(80011)</onup>
			<onup condition="!Player.HasMedia">Control.SetFocus(60002)</onup>
			<onleft condition="Player.HasAudio">Control.SetFocus(8001)</onleft>
			
			<ondown>SetFocus(600008)</ondown>
			<onclick condition="Integer.IsGreater(Container(9001).NumItems,0)">Control.SetFocus(9001)</onclick>
			<orientation>vertical</orientation>
			<itemlayout width="4-col" height="125">
				<control type="image">
				<posx>0</posx>
				<posy>0</posy>
				<width>302</width>
				<height>148</height>
				<texture border="40">special://skin/extras/common/roundedbutton-nofocus.png</texture>
				</control>
			
				<control type="textbox">
					<posx>25</posx>
					<posy>15</posy>
					<width>252</width>
					<height>3-row</height>
					<font>dialogTitle</font>
					<wrapmultiline>true</wrapmultiline>
					<aligny>center</aligny>
					<align>center</align>
					<textcolor>textActive</textcolor>
					<shadowcolor>black</shadowcolor>
					<label>$INFO[ListItem.label]</label>
				</control>

			</itemlayout>
			<focusedlayout width="4-col" height="125">
				<control type="image">
				<posx>0</posx>
				<posy>0</posy>
				<width>302</width>
				<height>148</height>
				<texture border="40">special://skin/extras/common/roundedbutton-nofocus.png</texture>
				</control>
			
				<control type="image">
				<visible>Control.HasFocus(9000)</visible>
					<posx>20</posx>
					<posy>20</posy>
					<width>260</width>
					<height>105</height>
                    <texture diffuse="special://skin/extras/test/poster_diffuse.png" colordiffuse="$VAR[MainMenuFocusedColor]" border="0">colors/white.png</texture>
				</control>
				
				<control type="textbox">
					<posx>25</posx>
					<posy>15</posy>
					<width>252</width>
					<height>3-row</height>
					<font>dialogTitle</font>
					<wrapmultiline>true</wrapmultiline>
					<aligny>center</aligny>
					<align>center</align>
					<textcolor>$VAR[MainMenuTextColor]</textcolor>
					<shadowcolor>black</shadowcolor>
					<label>$INFO[ListItem.label]</label>
				</control>
				<control type="image">
				<animation condition="Integer.IsGreater(Container(9001).NumItems,0)" effect="fade" start="0" end="100" time="1150" pulse="true">Conditional</animation>
				<visible>Integer.IsGreater(Container(9001).NumItems,0)</visible>
				<posx>120</posx>
				<posy>120</posy>
				<width>50</width>
				<height>5</height>
				<texture>colors/white.png</texture>
				</control>
			</focusedlayout>
			<content>
				<include>skinshortcuts-mainmenu</include>
			</content>
		</control>
		<!--power / settings-->

		
		
		<control type="group">
		<animation condition="Window.IsActive(6009)" effect="slide" start="0,0" end="1000,0" time="500" tween="sine" easing="inout">Conditional</animation>
		<animation condition="Player.HasAudio" effect="slide" start="0,0" end="500,0" time="500" tween="sine" easing="inout">Conditional</animation>
		<animation condition="Player.HasAudio + Control.HasFocus(9001)" effect="slide" start="0,0" end="-500,0" time="450">Conditional</animation>
		<animation condition="Window.IsActive(1181) | Window.IsActive(6001) | Window.IsActive(1182) | Window.IsActive(1183) | Window.IsActive(6010) | Window.IsActive(6014)  | Window.IsActive(6016) | Window.IsActive(6017) | Window.IsActive(6022) | Window.IsActive(6023)" effect="slide" start="0,0" end="1000,0" time="500" tween="quanderic" easing="inout">Conditional</animation>
		<posx>0</posx>
		<control type="image">
		<posx>1520</posx>
		<posy>380</posy>
		<width>420</width>
		<height>400</height>
		<texture border="40">special://skin/extras/common/roundedbutton-nofocus.png</texture>
		</control>
		<control type="list" id="9001">
		<animation condition="Integer.IsGreater(Container(9001).NumItems,0) + !Integer.IsGreater(Container(9001).NumItems,3)" effect="slide" start="0,0" end="0,35" time="0">Conditional</animation>
		<animation condition="Integer.IsGreater(Container(9001).NumItems,0) + !Integer.IsGreater(Container(9001).NumItems,5)" effect="slide" start="0,0" end="0,30" time="0">Conditional</animation>
		<animation condition="Integer.IsGreater(Container(9001).NumItems,0) + !Integer.IsGreater(Container(9001).NumItems,4)" effect="slide" start="0,0" end="0,25" time="0">Conditional</animation>
			<posx>1530</posx>
			<posy>400</posy>
			<width>500</width>
			<height>345</height>
			<onback>9000</onback>
			<ondown>9001</ondown>
			<onup>9001</onup>
			<onleft>9000</onleft>
			<align>center</align>
			<orientation>vertical</orientation>
			<scrolltime tween="sine" easing="inout">350</scrolltime>
			<itemlayout width="500" height="60">
			
				<control type="label">
					<posx>10</posx>
					<posy>0</posy>
					<width>370</width>
					<height>60</height>
					<font>dialogTitle</font>
					<wrapmultiline>true</wrapmultiline>
					<align>center</align>
					<textcolor>$VAR[SubTextFocusedColor]</textcolor>
					<shadowcolor>black</shadowcolor>
					<label>[CAPITALIZE]$INFO[ListItem.label][/CAPITALIZE]</label>
				</control>

			</itemlayout>
			<focusedlayout width="500" height="60">
				<control type="image">
				<visible>Control.HasFocus(9001)</visible>
				<posx>10</posx>
				<posy>0</posy>
				<width>378</width>
				<height>66</height>
				<texture diffuse="special://skin/extras/diffuse/poster_diffuse.png" colordiffuse="$VAR[SubMenuFocusedColor]">colors/white.png</texture>
				</control>
			
				<control type="label">
					<posx>10</posx>
					<posy>0</posy>
					<width>370</width>
					<height>60</height>
					<font>dialogTitle</font>
					<wrapmultiline>true</wrapmultiline>
					<align>center</align>
					<textcolor>$VAR[SubTextFocusedColor]</textcolor>
					<shadowcolor>black</shadowcolor>
					<label>[CAPITALIZE]$INFO[ListItem.label][/CAPITALIZE]</label>
				</control>
				
			</focusedlayout>
			<content>
				<include>skinshortcuts-submenu</include>
			</content>
		</control>
		</control>
		
	<include>mainmenu</include>
	<include>radioextrasinfo</include>
	<include>buttomenu</include>
	<include>mainmusicinfo</include>
	<include>musicextrainfo</include>
	<include>infomainscreen</include>
	<include>extrabuttonsmainscreen</include>
	<include>skinshortcuts-template-widget</include>
	<include>skinshortcuts-template-widget1</include>
	<include>skinshortcuts-template-widget2</include>
	<include>mainscreeninfo</include>
	<include>arrowsfocusedwidgets</include>
	<include>mainsscreensearchengine</include>
			

		<!--debugging-->
		<include>DebugGrid</include>
		<control type="label">
			<include>WindowID</include>
			<label>Home.xml</label>
		</control>
	</controls>
</window>
