<?xml version="1.0" encoding="UTF-8"?>



<includes>


<include name="screensaver">

<control type="group">
<animation type="WindowOpen">
<effect type="slide" start="0,0" end="0,1500" time="750" tween="sine" easing="inout"/>
</animation>
<animation type="WindowClose">
<effect type="slide" start="0,1500" end="0,0" time="750" tween="sine" easing="inout"/>
</animation>
<posy>-1500</posy>
<posx>-100</posx>
<control type="group">
<posx>400</posx>
<posy>-20</posy>
<control type="image">
<posx>0</posx>
<posy>350</posy>
<width>450</width>
<height>50</height>
<bordertexture colordiffuse="deepskyblue">colors/white.png</bordertexture>
<bordersize>1</bordersize>
<texture>colors/white.png</texture>
</control>
<control type="image">
<posx>0</posx>
<posy>100</posy>
<width>450</width>
<height>250</height>
<bordertexture colordiffuse="deepskyblue">colors/white.png</bordertexture>
<bordersize>1</bordersize>
<texture>special://skin/extras/screensaver/screenshot000.png</texture>
</control>
<control type="label">
<posx>20</posx>
<posy>360</posy>
<width>400</width>
<height>30</height>
<align>center</align>
<textcolor>black</textcolor>
<label>[B]עיצוב לקטנטנים[/B]</label>
</control>
</control>

<control type="group">
<posx>840</posx>
<posy>-20</posy>
<control type="image">
<posx>0</posx>
<posy>350</posy>
<width>450</width>
<height>50</height>
<bordertexture colordiffuse="deepskyblue">colors/white.png</bordertexture>
<bordersize>1</bordersize>
<texture>colors/white.png</texture>
</control>
<control type="image">
<posx>0</posx>
<posy>100</posy>
<width>450</width>
<height>250</height>
<bordertexture colordiffuse="deepskyblue">colors/white.png</bordertexture>
<bordersize>1</bordersize>
<texture>special://skin/extras/screensaver/screenshot001.png</texture>
</control>
<control type="label">
<posx>20</posx>
<posy>360</posy>
<width>400</width>
<height>30</height>
<align>center</align>
<textcolor>black</textcolor>
<label>[B]עיצוב מתקדם[/B]</label>
</control>
</control>


<control type="group">
<posx>1280</posx>
<posy>-20</posy>
<control type="image">
<posx>0</posx>
<posy>350</posy>
<width>450</width>
<height>50</height>
<bordertexture colordiffuse="deepskyblue">colors/white.png</bordertexture>
<bordersize>1</bordersize>
<texture>colors/white.png</texture>
</control>
<control type="image">
<posx>0</posx>
<posy>100</posy>
<width>450</width>
<height>250</height>
<bordertexture colordiffuse="deepskyblue">colors/white.png</bordertexture>
<bordersize>1</bordersize>
<texture>special://skin/extras/screensaver/screenshot002.png</texture>
</control>
<control type="label">
<posx>20</posx>
<posy>360</posy>
<width>400</width>
<height>30</height>
<align>center</align>
<textcolor>black</textcolor>
<label>[B]עיצוב YES-GO[/B]</label>
</control>
</control>

<control type="image">
<posx>800</posx>
<posy>840</posy>
<width>550</width>
<height>150</height>
<texture>special://skin/extras/screensaver/designedbyghost.png</texture>
</control>

<control type="button" id="4444">
<posx>1530</posx>
<posy>810</posy>
<width>150</width>
<height>150</height>
<onback>1256</onback>
<texturenofocus colordiffuse="gray">special://skin/extras/test/closewindow.png</texturenofocus>
<texturefocus colordiffuse="deepskyblue">special://skin/extras/test/closewindow.png</texturefocus>
<shadowcolor>black</shadowcolor>
<label>צא משומר מסך</label>
<wrapmultiline>true</wrapmultiline>
<textoffsety>0</textoffsety>
<align>center</align>
<focusedcolor>white</focusedcolor>
<textoffsetx>$PARAM[posx]</textoffsetx>
<onclick>Dialog.Close(all,true)</onclick>
</control>

</control>
</include>



</includes>
