<?xml version="1.0" encoding="UTF-8"?>



<includes>


<include name="stopbutton">
<definition>
<control type="button">
<visible>$PARAM[bvisible]</visible>
<posx>$PARAM[bposx]</posx>
<posy>$PARAM[bposy]</posy>
<width>65</width>
<height>65</height>
<texturefocus colordiffuse="burlywood">special://skin/extras/osd/stop.png</texturefocus>
<texturenofocus colordiffuse="white">special://skin/extras/osd/stop.png</texturenofocus>
<onclick>PlayerControl(Stop)</onclick>
</control>
</definition>
</include>



<include name="videoosdbuttons">
<control type="grouplist" id="8001">
				<animation type="WindowOpen">
				<effect type="slide" start="0,0" end="0,-550" tween="cubic" easing="out" time="750"/>
				</animation>
				<animation type="WindowClose">
				<effect type="slide" start="0,-550" end="0,0" tween="cubic" easing="inout" time="750"/>
				</animation>
<posx>600</posx>
<posy>1500</posy>
<width>1500</width>
<height>250</height>
<itemgap>20</itemgap>
<ondown>1256</ondown>
<orientation>horizontal</orientation>
<control type="button" id="21">
<posx>0</posx>
<posy>0</posy>
<width>65</width>
<height>65</height>
<texturenofocus>special://skin/extras/main/menu.png</texturenofocus>
<texturefocus colordiffuse="orange">special://skin/extras/main/menu.png</texturefocus>
<onclick>Control.SetFocus(9202)</onclick>
</control>
<control type="button" id="22">
<visible>VideoPlayer.SubtitlesEnabled + !Stringcompare(VideoPlayer.SubtitlesLanguage,heb)</visible>
<posx>0</posx>
<posy>0</posy>
<width>65</width>
<height>65</height>
<texturenofocus>special://skin/extras/videoosdicons/search-11-xxl.png</texturenofocus>
<texturefocus colordiffuse="orange">special://skin/extras/videoosdicons/search-11-xxl.png</texturefocus>
<onclick>ActivateWindow(subtitlesearch)</onclick>
</control>
<control type="button" id="23">
<visible>VideoPlayer.HasSubtitles + VideoPlayer.SubtitlesEnabled</visible>
<posx>0</posx>
<posy>0</posy>
<width>65</width>
<height>65</height>
<label>הפעל כתובית</label>
<texturenofocus>special://skin/extras/osd/subs3.png</texturenofocus>
<texturefocus colordiffuse="orange">special://skin/extras/osd/subs3.png</texturefocus>
<onclick>ShowSubtitles</onclick>
</control>
<control type="button" id="24">
<visible>VideoPlayer.HasSubtitles + !VideoPlayer.SubtitlesEnabled</visible>
<posx>0</posx>
<posy>0</posy>
<width>65</width>
<height>65</height>
<texturenofocus>special://skin/extras/osd/subs3.png</texturenofocus>
<texturefocus colordiffuse="orange">special://skin/extras/osd/subs3.png</texturefocus>
<onclick>ShowSubtitles</onclick>
</control>
<control type="button" id="25">
<posx>0</posx>
<posy>0</posy>
<width>65</width>
<height>65</height>
<texturenofocus>special://skin/extras/osd/subs.png</texturenofocus>
<texturefocus colordiffuse="orange">special://skin/extras/osd/subs.png</texturefocus>
<onclick>RunScript(special://home/addons/script.subskeys/default.py,background)</onclick>
</control>
<control type="button" id="26">
<posx>0</posx>
<posy>0</posy>
<width>65</width>
<height>65</height>
<texturenofocus>special://skin/extras/osd/audio-add-xxl.png</texturenofocus>
<texturefocus colordiffuse="orange">special://skin/extras/osd/audio-add-xxl.png</texturefocus>
<onclick>Control.SetFocus(889)</onclick>
</control>
<control type="button" id="27">
<posx>0</posx>
<posy>0</posy>
<width>65</width>
<height>65</height>
<texturenofocus>special://skin/extras/osd/rewind.png</texturenofocus>
<texturefocus colordiffuse="orange">special://skin/extras/osd/rewind.png</texturefocus>
<onclick>PlayerControl(rewind)</onclick>
</control>
<control type="button" id="28">
<posx>0</posx>
<posy>0</posy>
<width>65</width>
<height>65</height>
<texturenofocus>special://skin/extras/osd/previous.png</texturenofocus>
<texturefocus colordiffuse="orange">special://skin/extras/osd/previous.png</texturefocus>
<onclick>PlayerControl(previous)</onclick>
</control>
<control type="button" id="29">
<posx>0</posx>
<posy>0</posy>
<width>65</width>
<height>65</height>
<texturenofocus>special://skin/extras/osd/stop.png</texturenofocus>
<texturefocus colordiffuse="orange">special://skin/extras/osd/stop.png</texturefocus>
<onclick>PlayerControl(Stop)</onclick>
<onclick>Dialog.Close(all,true)</onclick>
<onclick>ClearProperty(home)</onclick>
</control>
<control type="button" id="30">
<visible>Player.Paused</visible>
<posx>0</posx>
<posy>0</posy>
<width>65</width>
<height>65</height>
<texturenofocus>special://skin/extras/osd/play.png</texturenofocus>
<texturefocus colordiffuse="orange">special://skin/extras/osd/play.png</texturefocus>
<onclick>play</onclick>
</control>
<control type="button" id="31">
<visible>!Player.Paused</visible>
<posx>0</posx>
<posy>0</posy>
<width>65</width>
<height>65</height>
<texturenofocus>special://skin/extras/osd/pause.png</texturenofocus>
<texturefocus colordiffuse="orange">special://skin/extras/osd/pause.png</texturefocus>
<onclick>pause</onclick>
</control>
<control type="button" id="32">
<posx>0</posx>
<posy>0</posy>
<width>65</width>
<height>65</height>
<texturenofocus>special://skin/extras/osd/skipnext.png</texturenofocus>
<texturefocus colordiffuse="orange">special://skin/extras/osd/skipnext.png</texturefocus>
<onclick>PlayerControl(next)</onclick>
</control>
<control type="button" id="33">
<posx>0</posx>
<posy>0</posy>
<width>65</width>
<height>65</height>
<texturenofocus>special://skin/extras/osd/forward.png</texturenofocus>
<texturefocus colordiffuse="orange">special://skin/extras/osd/forward.png</texturefocus>
<onclick>PlayerControl(forward)</onclick>
</control>
</control>
</include>

<include name="mediainfobd">
<control type="group">
<visible>!String.IsEmpty(VideoPlayer.Title)</visible>
<animation condition="Window.IsActive(6001)" effect="slide" start="0,0" end="0,-400" time="750" tween="sine" easing="inout">Conditional</animation>
<control type="image">
<posx>0</posx>
<posy>1030</posy>
<width>1920</width>
<height>50</height>
<bordertexture colordiffuse="gray">colors/white.png</bordertexture>
<bordersize>2</bordersize>
<texture colordiffuse="black">colors/white.png</texture>
</control>
<control type="label">
<posx>0</posx>
<posy>1040</posy>
<width>1920</width>
<height>35</height>
<align>center</align>
<label>$INFO[VideoPlayer.Title] [B]מתנגן ברקע: [/B] </label>
</control>
</control>
</include>


<include name="telemoviespower">
		<control type="grouplist" id="1256">
		<animation type="WindowOpen">
		<effect type="slide" start="0,0" end="0,550" time="550" tween="sine" easing="inout"/>
		</animation>
		<animation type="WindowClose">
		<effect type="slide" start="0,550" end="0,0" time="550" tween="sine" easing="inout"/>
		</animation>
		<animation condition="Player.HasVideo" effect="slide" start="0,0" end="0,110" time="450" tween="sine" easing="inout">Conditional</animation>
		<posx>30</posx>
		<posy>-350</posy>
		<width>1850</width>
		<height>250</height>
		<orientation>horizontal</orientation>
		<itemgap>20</itemgap>
		<ondown>Dialog.Close(6002)</ondown>
		<control type="button" id="20">
		<posx>25</posx>
		<posy>20</posy>
		<width>250</width>
		<height>100</height>
		<label>חפש סרט</label>
		<align>center</align>
		<wrapmultiline>true</wrapmultiline>
		<textcolor>white</textcolor>
		<focusedcolor>white</focusedcolor>
		<texturenofocus>special://skin/extras/common/roundedbutton-nofocus.png</texturenofocus>
		<texturefocus colordiffuse="burlywood">special://skin/extras/common/roundedbutton-nofocus-red.png</texturefocus>
		<onclick>Dialog.Close(6002)</onclick>
		<onclick>ActivateWindow(10025,&quot;plugin://plugin.video.telemedia/?data=%20&amp;dates=%20&amp;description=Tmdb&amp;eng_name=%20&amp;episode=%20&amp;fanart=http%3a%2f%2fwww.videomotion.co.il%2fwp-content%2fuploads%2fwhatwedo-Pic-small.jpg&amp;fav_status=false&amp;groups_id=0&amp;heb_name=%20&amp;iconimage=special%3a%2f%2fhome%2faddons%2fplugin.video.telemedia%2ftele%2fMovies%2fmovie_search.png&amp;id=%20&amp;image_master&amp;isr=0&amp;last_id&amp;mode=14&amp;name=%d7%97%d7%a4%d7%a9%20%d7%a1%d7%a8%d7%98&amp;original_title=%20&amp;season=%20&amp;show_original_year=%20&amp;tmdbid=%20&amp;url=http%3a%2f%2fapi.themoviedb.org%2f3%2fsearch%2fmovie%3fapi_key%3d34142515d9d23817496eeb4ff1d223d0%26query%3d%25s%26language%3dhe%26append_to_response%3dorigin_country%26page%3d1&quot;,return)</onclick>
		</control>
		<control type="button" id="21">
		<posx>25</posx>
		<posy>20</posy>
		<width>250</width>
		<height>100</height>
		<align>center</align>
		<label>החדשים</label>
		<wrapmultiline>true</wrapmultiline>
		<textcolor>white</textcolor>
		<focusedcolor>white</focusedcolor>
		<texturenofocus>special://skin/extras/common/roundedbutton-nofocus.png</texturenofocus>
		<texturefocus colordiffuse="burlywood">special://skin/extras/common/roundedbutton-nofocus-red.png</texturefocus>
		<onclick>Dialog.Close(6002)</onclick>
		<onclick>ActivateWindow(10025,&quot;plugin://plugin.video.telemedia/?data=-1001328778704&amp;dates=%20&amp;description=%0afrom_plot&amp;eng_name=%20&amp;episode=%20&amp;fanart&amp;fav_status=false&amp;groups_id=0&amp;heb_name=%20&amp;iconimage&amp;id=%20&amp;image_master&amp;isr=0&amp;last_id&amp;mode=31&amp;name=%5bCOLOR%20khaki%5d%d7%92%d7%95%d7%a1%d7%98%20%d7%a1%d7%a8%d7%98%d7%99%d7%9d-%d7%a8%d7%90%d7%a9%d7%99-1%5b%2fCOLOR%5d&amp;original_title=%20&amp;season=%20&amp;show_original_year=%20&amp;tmdbid=%20&amp;url=-1001328778704&quot;,return)</onclick>
		</control>
		<control type="button" id="22">
		<posx>25</posx>
		<posy>20</posy>
		<width>250</width>
		<height>100</height>
		<label>מכרה סרטים 2</label>
		<align>center</align>
		<wrapmultiline>true</wrapmultiline>
		<textcolor>white</textcolor>
		<focusedcolor>white</focusedcolor>
		<texturenofocus>special://skin/extras/common/roundedbutton-nofocus.png</texturenofocus>
		<texturefocus colordiffuse="burlywood">special://skin/extras/common/roundedbutton-nofocus-red.png</texturefocus>
		<onclick>Dialog.Close(6002)</onclick>
		<onclick>ActivateWindow(10025,&quot;plugin://plugin.video.telemedia/?data=-1001225879972&amp;dates=%20&amp;description=%0afrom_plot&amp;eng_name=%20&amp;episode=%20&amp;fanart&amp;fav_status=false&amp;groups_id=0&amp;heb_name=%20&amp;iconimage&amp;id=%20&amp;image_master&amp;isr=0&amp;last_id&amp;mode=31&amp;name=%5bCOLOR%20khaki%5d%d7%92%d7%95%d7%a1%d7%98%20%d7%a1%d7%a8%d7%98%d7%99%d7%9d-%d7%a8%d7%90%d7%a9%d7%99-2%5b%2fCOLOR%5d&amp;original_title=%20&amp;season=%20&amp;show_original_year=%20&amp;tmdbid=%20&amp;url=-1001225879972&quot;,return)</onclick>
		</control>
		<control type="button" id="23">
		<posx>25</posx>
		<posy>20</posy>
		<width>250</width>
		<height>100</height>
		<label>מכרה סרטים 3</label>
		<align>center</align>
		<wrapmultiline>true</wrapmultiline>
		<textcolor>white</textcolor>
		<focusedcolor>white</focusedcolor>
		<texturenofocus>special://skin/extras/common/roundedbutton-nofocus.png</texturenofocus>
		<texturefocus colordiffuse="burlywood">special://skin/extras/common/roundedbutton-nofocus-red.png</texturefocus>
		<onclick>Dialog.Close(6002)</onclick>
		<onclick>ActivateWindow(10025,&quot;plugin://plugin.video.telemedia/?data=-1001479681116&amp;dates=%20&amp;description=%0afrom_plot&amp;eng_name=%20&amp;episode=%20&amp;fanart&amp;fav_status=false&amp;groups_id=0&amp;heb_name=%20&amp;iconimage&amp;id=%20&amp;image_master&amp;isr=0&amp;last_id&amp;mode=31&amp;name=%5bCOLOR%20khaki%5d%d7%92%d7%95%d7%a1%d7%98%20%d7%a1%d7%a8%d7%98%d7%99%d7%9d-%d7%a8%d7%90%d7%a9%d7%99-3%5b%2fCOLOR%5d&amp;original_title=%20&amp;season=%20&amp;show_original_year=%20&amp;tmdbid=%20&amp;url=-1001479681116&quot;,return)</onclick>
		</control>
		<control type="button" id="24">
		<posx>25</posx>
		<posy>20</posy>
		<width>250</width>
		<height>100</height>
		<label>מכרה סרטים 4</label>
		<align>center</align>
		<wrapmultiline>true</wrapmultiline>
		<textcolor>white</textcolor>
		<focusedcolor>white</focusedcolor>
		<texturenofocus>special://skin/extras/common/roundedbutton-nofocus.png</texturenofocus>
		<texturefocus colordiffuse="burlywood">special://skin/extras/common/roundedbutton-nofocus-red.png</texturefocus>
		<onclick>Dialog.Close(6002)</onclick>
		<onclick>ActivateWindow(10025,&quot;plugin://plugin.video.telemedia/?data=-1001194333743&amp;dates=%20&amp;description=%d7%92%0afrom_plot&amp;eng_name=%20&amp;episode=%20&amp;fanart&amp;fav_status=false&amp;groups_id=0&amp;heb_name=%20&amp;iconimage&amp;id=%20&amp;image_master&amp;isr=0&amp;last_id&amp;mode=31&amp;name=%5bCOLOR%20khaki%5d%d7%92%d7%95%d7%a1%d7%98-%d7%a1%d7%a8%d7%98%d7%99%d7%9d-%d7%99%d7%a1-%d7%92%d7%95-1%5b%2fCOLOR%5d&amp;original_title=%20&amp;season=%20&amp;show_original_year=%20&amp;tmdbid=%20&amp;url=-1001194333743&quot;,return)</onclick>
		</control>
		<control type="button" id="25">
		<posx>25</posx>
		<posy>20</posy>
		<width>250</width>
		<height>100</height>
		<label>מכרה סרטים 5</label>
		<align>center</align>
		<wrapmultiline>true</wrapmultiline>
		<textcolor>white</textcolor>
		<focusedcolor>white</focusedcolor>
		<texturenofocus>special://skin/extras/common/roundedbutton-nofocus.png</texturenofocus>
		<texturefocus colordiffuse="burlywood">special://skin/extras/common/roundedbutton-nofocus-red.png</texturefocus>
		<onclick>Dialog.Close(6002)</onclick>
		<onclick>ActivateWindow(10025,&quot;plugin://plugin.video.telemedia/?data=-1001434431506&amp;dates=%20&amp;description=%d7%92%0afrom_plot&amp;eng_name=%20&amp;episode=%20&amp;fanart&amp;fav_status=false&amp;groups_id=0&amp;heb_name=%20&amp;iconimage&amp;id=%20&amp;image_master&amp;isr=0&amp;last_id&amp;mode=31&amp;name=%5bCOLOR%20khaki%5d%d7%92%d7%95%d7%a1%d7%98-%d7%a1%d7%a8%d7%98%d7%99%d7%9d-%d7%99%d7%a1-%d7%92%d7%95-2%5b%2fCOLOR%5d&amp;original_title=%20&amp;season=%20&amp;show_original_year=%20&amp;tmdbid=%20&amp;url=-1001434431506&quot;,return)</onclick>
		</control>
		<control type="button" id="26">
		<posx>25</posx>
		<posy>20</posy>
		<width>250</width>
		<height>100</height>
		<label>מכרה סרטים 6</label>
		<align>center</align>
		<wrapmultiline>true</wrapmultiline>
		<textcolor>white</textcolor>
		<focusedcolor>white</focusedcolor>
		<texturenofocus>special://skin/extras/common/roundedbutton-nofocus.png</texturenofocus>
		<texturefocus colordiffuse="burlywood">special://skin/extras/common/roundedbutton-nofocus-red.png</texturefocus>
		<onclick>Dialog.Close(6002)</onclick>
		<onclick>ActivateWindow(10025,&quot;plugin://plugin.video.telemedia/?data=-1001248174719&amp;dates=%20&amp;description=%d7%92%0afrom_plot&amp;eng_name=%20&amp;episode=%20&amp;fanart&amp;fav_status=false&amp;groups_id=0&amp;heb_name=%20&amp;iconimage&amp;id=%20&amp;image_master&amp;isr=0&amp;last_id&amp;mode=31&amp;name=%5bCOLOR%20khaki%5d%d7%92%d7%95%d7%a1%d7%98-%d7%a1%d7%a8%d7%98%d7%99%d7%9d-%d7%99%d7%a1-%d7%92%d7%95-3%5b%2fCOLOR%5d&amp;original_title=%20&amp;season=%20&amp;show_original_year=%20&amp;tmdbid=%20&amp;url=-1001248174719&quot;,return)</onclick>
		</control>		
		<control type="button" id="27">
		<posx>25</posx>
		<posy>20</posy>
		<width>250</width>
		<height>100</height>
		<label>מכרה סרטים 7</label>
		<align>center</align>
		<wrapmultiline>true</wrapmultiline>
		<textcolor>white</textcolor>
		<focusedcolor>white</focusedcolor>
		<texturenofocus>special://skin/extras/common/roundedbutton-nofocus.png</texturenofocus>
		<texturefocus colordiffuse="burlywood">special://skin/extras/common/roundedbutton-nofocus-red.png</texturefocus>
		<onclick>Dialog.Close(6002)</onclick>
		<onclick>ActivateWindow(10025,&quot;plugin://plugin.video.telemedia/?data=-1001290594671&amp;dates=%20&amp;description=%d7%92%d7%95%d7%a1%d7%98-%d7%a1%d7%a8%d7%98%d7%99%d7%9d-%d7%99%d7%a1-%d7%92%d7%95-4%0afrom_plot&amp;eng_name=%20&amp;episode=%20&amp;fanart&amp;fav_status=false&amp;groups_id=0&amp;heb_name=%20&amp;iconimage&amp;id=%20&amp;image_master&amp;isr=0&amp;last_id&amp;mode=31&amp;name=%5bCOLOR%20khaki%5d%d7%92%d7%95%d7%a1%d7%98-%d7%a1%d7%a8%d7%98%d7%99%d7%9d-%d7%99%d7%a1-%d7%92%d7%95-4%5b%2fCOLOR%5d&amp;original_title=%20&amp;season=%20&amp;show_original_year=%20&amp;tmdbid=%20&amp;url=-1001290594671&quot;,return)</onclick>
		</control>	
		<control type="button" id="28">
		<posx>25</posx>
		<posy>20</posy>
		<width>250</width>
		<height>100</height>
		<label>מכרה סרטים 8</label>
		<align>center</align>
		<wrapmultiline>true</wrapmultiline>
		<textcolor>white</textcolor>
		<focusedcolor>white</focusedcolor>
		<texturenofocus>special://skin/extras/common/roundedbutton-nofocus.png</texturenofocus>
		<texturefocus colordiffuse="burlywood">special://skin/extras/common/roundedbutton-nofocus-red.png</texturefocus>
		<onclick>Dialog.Close(6002)</onclick>
		<onclick>ActivateWindow(10025,&quot;plugin://plugin.video.telemedia/?data=-1001328778704&amp;dates=%20&amp;description=%0afrom_plot&amp;eng_name=%20&amp;episode=%20&amp;fanart&amp;fav_status=false&amp;groups_id=0&amp;heb_name=%20&amp;iconimage&amp;id=%20&amp;image_master&amp;isr=0&amp;last_id&amp;mode=31&amp;name=%5bCOLOR%20khaki%5d%d7%92%d7%95%d7%a1%d7%98%20%d7%a1%d7%a8%d7%98%d7%99%d7%9d-%d7%a8%d7%90%d7%a9%d7%99-1%5b%2fCOLOR%5d&amp;original_title=%20&amp;season=%20&amp;show_original_year=%20&amp;tmdbid=%20&amp;url=-1001328778704&quot;,return)</onclick>
		</control>
		<control type="button" id="29">
		<posx>25</posx>
		<posy>20</posy>
		<width>250</width>
		<height>100</height>
		<label>מכרה סרטים 9</label>
		<align>center</align>
		<wrapmultiline>true</wrapmultiline>
		<textcolor>white</textcolor>
		<focusedcolor>white</focusedcolor>
		<texturenofocus>special://skin/extras/common/roundedbutton-nofocus.png</texturenofocus>
		<texturefocus colordiffuse="burlywood">special://skin/extras/common/roundedbutton-nofocus-red.png</texturefocus>
		<onclick>Dialog.Close(6002)</onclick>
		<onclick>ActivateWindow(10025,&quot;plugin://plugin.video.telemedia/?data=-1001225879972&amp;dates=%20&amp;description=%0afrom_plot&amp;eng_name=%20&amp;episode=%20&amp;fanart&amp;fav_status=false&amp;groups_id=0&amp;heb_name=%20&amp;iconimage&amp;id=%20&amp;image_master&amp;isr=0&amp;last_id&amp;mode=31&amp;name=%5bCOLOR%20khaki%5d%d7%92%d7%95%d7%a1%d7%98%20%d7%a1%d7%a8%d7%98%d7%99%d7%9d-%d7%a8%d7%90%d7%a9%d7%99-2%5b%2fCOLOR%5d&amp;original_title=%20&amp;season=%20&amp;show_original_year=%20&amp;tmdbid=%20&amp;url=-1001225879972&quot;,return)</onclick>
		</control>	
		<control type="button" id="30">
		<posx>25</posx>
		<posy>20</posy>
		<width>250</width>
		<height>100</height>
		<label>מכרה סרטים 10</label>
		<align>center</align>
		<wrapmultiline>true</wrapmultiline>
		<textcolor>white</textcolor>
		<focusedcolor>white</focusedcolor>
		<texturenofocus>special://skin/extras/common/roundedbutton-nofocus.png</texturenofocus>
		<texturefocus colordiffuse="burlywood">special://skin/extras/common/roundedbutton-nofocus-red.png</texturefocus>
		<onclick>Dialog.Close(6002)</onclick>
		<onclick>ActivateWindow(10025,&quot;plugin://plugin.video.telemedia/?data=-1001225879972&amp;dates=%20&amp;description=%0afrom_plot&amp;eng_name=%20&amp;episode=%20&amp;fanart&amp;fav_status=false&amp;groups_id=0&amp;heb_name=%20&amp;iconimage&amp;id=%20&amp;image_master&amp;isr=0&amp;last_id&amp;mode=31&amp;name=%5bCOLOR%20khaki%5d%d7%92%d7%95%d7%a1%d7%98%20%d7%a1%d7%a8%d7%98%d7%99%d7%9d-%d7%a8%d7%90%d7%a9%d7%99-2%5b%2fCOLOR%5d&amp;original_title=%20&amp;season=%20&amp;show_original_year=%20&amp;tmdbid=%20&amp;url=-1001225879972&quot;,return)</onclick>
		</control>
		<control type="button" id="31">
		<posx>25</posx>
		<posy>20</posy>
		<width>250</width>
		<height>100</height>
		<label>מכרה סרטים 11</label>
		<align>center</align>
		<wrapmultiline>true</wrapmultiline>
		<textcolor>white</textcolor>
		<focusedcolor>white</focusedcolor>
		<texturenofocus>special://skin/extras/common/roundedbutton-nofocus.png</texturenofocus>
		<texturefocus colordiffuse="burlywood">special://skin/extras/common/roundedbutton-nofocus-red.png</texturefocus>
		<onclick>Dialog.Close(6002)</onclick>
		<onclick>ActivateWindow(10025,&quot;plugin://plugin.video.telemedia/?data=-1001210724865&amp;dates=%20&amp;description=%0afrom_plot&amp;eng_name=%20&amp;episode=%20&amp;fanart&amp;fav_status=false&amp;groups_id=0&amp;heb_name=%20&amp;iconimage&amp;id=%20&amp;image_master&amp;isr=0&amp;last_id&amp;mode=31&amp;name=%5bCOLOR%20khaki%5d%d7%92%d7%95%d7%a1%d7%98%20%d7%a1%d7%a8%d7%98%d7%99%d7%9d%20%d7%99%d7%a9%d7%a0%d7%99%d7%9d%20%d7%95%d7%97%d7%93%d7%a9%d7%99%d7%9d%202%5b%2fCOLOR%5d&amp;original_title=%20&amp;season=%20&amp;show_original_year=%20&amp;tmdbid=%20&amp;url=-1001210724865&quot;,return)</onclick>
		</control>
		<control type="button" id="32">
		<posx>25</posx>
		<posy>20</posy>
		<width>250</width>
		<height>100</height>
		<label>מכרה סרטים 12</label>
		<align>center</align>
		<wrapmultiline>true</wrapmultiline>
		<textcolor>white</textcolor>
		<focusedcolor>white</focusedcolor>
		<texturenofocus>special://skin/extras/common/roundedbutton-nofocus.png</texturenofocus>
		<texturefocus colordiffuse="burlywood">special://skin/extras/common/roundedbutton-nofocus-red.png</texturefocus>
		<onclick>Dialog.Close(6002)</onclick>
		<onclick>ActivateWindow(10025,&quot;plugin://plugin.video.telemedia/?data=-1001227376145&amp;dates=%20&amp;description=%d7%92%d7%95%d7%a1%d7%98%20%d7%a1%d7%a8%d7%98%d7%99%d7%9d%20%d7%99%d7%a9%d7%a0%d7%99%d7%9d%20%d7%95%d7%97%d7%93%d7%a9%d7%99%d7%9d%203%0afrom_plot&amp;eng_name=%20&amp;episode=%20&amp;fanart&amp;fav_status=false&amp;groups_id=0&amp;heb_name=%20&amp;iconimage&amp;id=%20&amp;image_master&amp;isr=0&amp;last_id&amp;mode=31&amp;name=%5bCOLOR%20khaki%5d%d7%92%d7%95%d7%a1%d7%98%20%d7%a1%d7%a8%d7%98%d7%99%d7%9d%20%d7%99%d7%a9%d7%a0%d7%99%d7%9d%20%d7%95%d7%97%d7%93%d7%a9%d7%99%d7%9d%203%5b%2fCOLOR%5d&amp;original_title=%20&amp;season=%20&amp;show_original_year=%20&amp;tmdbid=%20&amp;url=-1001227376145&quot;,return)</onclick>
		</control>		
		<control type="button" id="33">
		<posx>25</posx>
		<posy>20</posy>
		<width>250</width>
		<height>100</height>
		<label>מכרה סרטים 13</label>
		<align>center</align>
		<wrapmultiline>true</wrapmultiline>
		<textcolor>white</textcolor>
		<focusedcolor>white</focusedcolor>
		<texturenofocus>special://skin/extras/common/roundedbutton-nofocus.png</texturenofocus>
		<texturefocus colordiffuse="burlywood">special://skin/extras/common/roundedbutton-nofocus-red.png</texturefocus>
		<onclick>Dialog.Close(6002)</onclick>
		<onclick>ActivateWindow(10025,&quot;plugin://plugin.video.telemedia/?data=-1001224686301&amp;dates=%20&amp;description=%0afrom_plot&amp;eng_name=%20&amp;episode=%20&amp;fanart&amp;fav_status=false&amp;groups_id=0&amp;heb_name=%20&amp;iconimage&amp;id=%20&amp;image_master&amp;isr=0&amp;last_id&amp;mode=31&amp;name=%5bCOLOR%20khaki%5d%d7%92%d7%95%d7%a1%d7%98%20%d7%a1%d7%a8%d7%98%d7%99%d7%9d%20%d7%99%d7%a9%d7%a0%d7%99%d7%9d%20%d7%95%d7%97%d7%93%d7%a9%d7%99%d7%9d%204%5b%2fCOLOR%5d&amp;original_title=%20&amp;season=%20&amp;show_original_year=%20&amp;tmdbid=%20&amp;url=-1001224686301&quot;,return)</onclick>
		</control>		
		<control type="button" id="34">
		<posx>25</posx>
		<posy>20</posy>
		<width>250</width>
		<height>100</height>
		<label>מכרה סרטים 13</label>
		<align>center</align>
		<wrapmultiline>true</wrapmultiline>
		<textcolor>white</textcolor>
		<focusedcolor>white</focusedcolor>
		<texturenofocus>special://skin/extras/common/roundedbutton-nofocus.png</texturenofocus>
		<texturefocus colordiffuse="burlywood">special://skin/extras/common/roundedbutton-nofocus-red.png</texturefocus>
		<onclick>Dialog.Close(6002)</onclick>
		<onclick>ActivateWindow(10025,&quot;plugin://plugin.video.telemedia/?data=-1001304123481&amp;dates=%20&amp;description=%f0%9f%87%ae%f0%9f%87%b1%d7%9e%d7%a7%d7%a1%d7%99%d7%a7%d7%95-%d7%99%d7%a9%d7%a8%d7%90%d7%9c%f0%9f%87%b2%f0%9f%87%bd%0a%0a%d7%a2%d7%a8%d7%95%d7%a5%20%d7%94%d7%a1%d7%97%d7%a8%20%e2%98%98%ef%b8%8f%d7%91%d7%a7%d7%a0%d7%90%d7%91%d7%99%d7%a1%e2%98%98%ef%b8%8f%20%d7%9e%d7%91%d7%99%d7%9f%20%d7%94%d7%95%d7%95%d7%aa%d7%99%d7%a7%d7%95%d7%aa%20%d7%91%d7%99%d7%a9%d7%a8%d7%90%d7%9c%20%d7%a2%d7%9d%20%d7%9e%d7%90%d7%95%d7%aa%20%d7%9c%d7%a7%d7%95%d7%97%d7%95%d7%aa%20%0a%d7%9e%d7%a8%d7%95%d7%a6%d7%99%d7%9d.%0a%0a%e2%99%bb%ef%b8%8f%d7%9e%d7%92%d7%95%d7%95%d7%9f%20%d7%a8%d7%97%d7%91%20%d7%a9%d7%9c%20%d7%96%d7%a0%d7%99%d7%9d%20%d7%95%d7%9e%d7%97%d7%99%d7%a8%d7%99%d7%9d%0a%f0%9f%a4%9d%d7%9c%d7%90%20%d7%90%d7%94%d7%91%d7%aa%d7%9d%20%d7%9c%d7%90%20%d7%a9%d7%99%d7%9c%d7%9e%d7%aa%d7%9d%0a%f0%9f%9b%b5%d7%9e%d7%a9%d7%9c%d7%95%d7%97%d7%99%d7%9d%20%d7%9e%d7%94%d7%99%d7%a8%d7%99%d7%9d%20%d7%a2%d7%93%2045%20%d7%93%d7%a7%d7%b3%0a%f0%9f%92%af%d7%94%d7%aa%d7%97%d7%99%d7%99%d7%91%d7%95%d7%aa%20%d7%9c%d7%a1%d7%97%d7%95%d7%a8%d7%94%20%d7%95%d7%9c%d7%aa%d7%9e%d7%95%d7%a0%d7%95%d7%aa%0a%0a%d7%a4%d7%a2%d7%99%d7%9c%d7%95%d7%aa%20%d7%9e%d7%a9%d7%a0%d7%aa%202017.%20%d7%9e%d7%94%d7%9e%d7%93%d7%95%d7%a8%d7%92%d7%99%d7%9d%20%d7%91%d7%9e%d7%a7%d7%95%d7%9e%d7%95%d7%aa%20%d7%94%d7%92%d7%91%d7%95%d7%94%d7%99%d7%9d%20%d7%91%d7%b4%d7%98%d7%9c%d7%92%d7%a8%d7%90%d7%a1%d7%b4.%0a%0a%d7%aa%d7%9e%d7%99%d7%93%20%f0%9f%93%a6%d7%91%d7%9e%d7%9c%d7%90%d7%99%20%3a%20%d7%92%d7%99%d7%93%d7%95%d7%9c%d7%99%20%d7%91%d7%99%d7%aa&amp;eng_name=%20&amp;episode=%20&amp;fanart=C%3a%2fUsers%2fneta%2fAppData%2fRoaming%2fKodi%2fuserdata%2faddon_data%2fplugin.video.telemedia%2flogo%2f-1001304123481_big.jpg&amp;fav_status=false&amp;groups_id=0&amp;heb_name=%20&amp;iconimage=C%3a%2fUsers%2fneta%2fAppData%2fRoaming%2fKodi%2fuserdata%2faddon_data%2fplugin.video.telemedia%2flogo%2f-1001304123481_small.jpg&amp;id=%20&amp;image_master&amp;isr=0&amp;last_id&amp;mode=31&amp;name=%5bCOLOR%20khaki%5d%d7%93%d7%91%20%d7%a1%d7%a8%d7%98%d7%99%d7%9d%20-%20%d7%a2%d7%a8%d7%95%d7%a5%20%d7%94%d7%a1%d7%a8%d7%98%d7%99%d7%9d%5b%2fCOLOR%5d&amp;original_title=%20&amp;season=%20&amp;show_original_year=%20&amp;tmdbid=%20&amp;url=-1001304123481&quot;,return)</onclick>
		</control>	
		<control type="button" id="35">
		<posx>25</posx>
		<posy>20</posy>
		<width>250</width>
		<height>100</height>
		<label>מכרה סרטים 14</label>
		<align>center</align>
		<wrapmultiline>true</wrapmultiline>
		<textcolor>white</textcolor>
		<focusedcolor>white</focusedcolor>
		<texturenofocus>special://skin/extras/common/roundedbutton-nofocus.png</texturenofocus>
		<texturefocus colordiffuse="burlywood">special://skin/extras/common/roundedbutton-nofocus-red.png</texturefocus>
		<onclick>Dialog.Close(6002)</onclick>
		<onclick>ActivateWindow(10025,&quot;plugin://plugin.video.telemedia/?data=-1001243201487&amp;dates=%20&amp;description=%f0%9f%93%bd%20%f0%9d%90%86%f0%9d%90%ab%f0%9d%90%9a%f0%9d%90%8c%f0%9d%90%a8%f0%9d%90%af%f0%9d%90%a2%f0%9d%90%9e%f0%9d%90%ac%20-%20%d7%a1%d7%a8%d7%98%d7%99%d7%9d%20%f0%9f%93%bd%0a%0a%f0%9f%94%bb%20%d7%a8%d7%9b%d7%91%d7%aa%20%d7%9c%d7%99%d7%9c%d7%94%20%d7%9c%d7%90%d7%99%d7%96%d7%9e%d7%99%d7%a8%20%2f%20One-Way%20to%20Tomorrow%0a%0a%f0%9f%97%93%20%d7%a9%d7%a0%d7%aa%20%d7%99%d7%a6%d7%99%d7%90%d7%94%3a%202020%20%0a%0a%f0%9f%94%ba%20%d7%96%27%d7%90%d7%a0%d7%a8%3a%20%d7%a7%d7%95%d7%9e%d7%93%d7%99%d7%94&amp;eng_name=%20&amp;episode=%20&amp;fanart=C%3a%2fUsers%2fneta%2fAppData%2fRoaming%2fKodi%2fuserdata%2faddon_data%2fplugin.video.telemedia%2flogo%2f-1001243201487_big.jpg&amp;fav_status=false&amp;groups_id=0&amp;heb_name=%20&amp;iconimage=C%3a%2fUsers%2fneta%2fAppData%2fRoaming%2fKodi%2fuserdata%2faddon_data%2fplugin.video.telemedia%2flogo%2f-1001243201487_small.jpg&amp;id=%20&amp;image_master&amp;isr=0&amp;last_id&amp;mode=31&amp;name=%5bCOLOR%20khaki%5d%d7%a1%d7%a8%d7%98%d7%99%d7%9d%202020%20%e2%80%a2%20Gramovies%20%e2%80%a2%20%d7%a2%d7%a8%d7%95%d7%a5%20%d7%94%d7%a1%d7%a8%d7%98%d7%99%d7%9d%5b%2fCOLOR%5d&amp;original_title=%20&amp;season=%20&amp;show_original_year=%20&amp;tmdbid=%20&amp;url=-1001243201487&quot;,return)</onclick>
		</control>	
		<control type="button" id="36">
		<posx>25</posx>
		<posy>20</posy>
		<width>250</width>
		<height>100</height>
		<label>מכרה סרטים 15</label>
		<align>center</align>
		<wrapmultiline>true</wrapmultiline>
		<textcolor>white</textcolor>
		<focusedcolor>white</focusedcolor>
		<texturenofocus>special://skin/extras/common/roundedbutton-nofocus.png</texturenofocus>
		<texturefocus colordiffuse="burlywood">special://skin/extras/common/roundedbutton-nofocus-red.png</texturefocus>
		<onclick>Dialog.Close(6002)</onclick>
		<onclick>ActivateWindow(10025,&quot;plugin://plugin.video.telemedia/?data=-1001416024163&amp;dates=%20&amp;description=https%3a%2f%2ft.me%2fkidsworldglobal%0afrom_plot&amp;eng_name=%20&amp;episode=%20&amp;fanart&amp;fav_status=false&amp;groups_id=0&amp;heb_name=%20&amp;iconimage&amp;id=%20&amp;image_master&amp;isr=0&amp;last_id&amp;mode=31&amp;name=%5bCOLOR%20khaki%5d%d7%9e%d7%9b%d7%a8%d7%94%20%d7%a1%d7%a8%d7%98%d7%99%d7%9d%5b%2fCOLOR%5d&amp;original_title=%20&amp;season=%20&amp;show_original_year=%20&amp;tmdbid=%20&amp;url=-1001416024163&quot;,return)</onclick>
		</control>
		<control type="button" id="37">
		<posx>25</posx>
		<posy>20</posy>
		<width>250</width>
		<height>100</height>
		<label>מכרה סרטים 16</label>
		<align>center</align>
		<wrapmultiline>true</wrapmultiline>
		<textcolor>white</textcolor>
		<focusedcolor>white</focusedcolor>
		<texturenofocus>special://skin/extras/common/roundedbutton-nofocus.png</texturenofocus>
		<texturefocus colordiffuse="burlywood">special://skin/extras/common/roundedbutton-nofocus-red.png</texturefocus>
		<onclick>Dialog.Close(6002)</onclick>
		<onclick>ActivateWindow(10025,&quot;plugin://plugin.video.telemedia/?data=-1001402919915&amp;dates=%20&amp;description=%0afrom_plot&amp;eng_name=%20&amp;episode=%20&amp;fanart&amp;fav_status=false&amp;groups_id=0&amp;heb_name=%20&amp;iconimage&amp;id=%20&amp;image_master&amp;isr=0&amp;last_id&amp;mode=31&amp;name=%5bCOLOR%20khaki%5d%d7%9e%d7%9b%d7%a8%d7%94%20%d7%a1%d7%a8%d7%98%d7%99%d7%9d%202%5b%2fCOLOR%5d&amp;original_title=%20&amp;season=%20&amp;show_original_year=%20&amp;tmdbid=%20&amp;url=-1001402919915&quot;,return)</onclick>
		</control>
		<control type="button" id="38">
		<posx>25</posx>
		<posy>20</posy>
		<width>250</width>
		<height>100</height>
		<label>מכרה סרטם 17</label>
		<align>center</align>
		<wrapmultiline>true</wrapmultiline>
		<textcolor>white</textcolor>
		<focusedcolor>white</focusedcolor>
		<texturenofocus>special://skin/extras/common/roundedbutton-nofocus.png</texturenofocus>
		<texturefocus colordiffuse="burlywood">special://skin/extras/common/roundedbutton-nofocus-red.png</texturefocus>
		<onclick>Dialog.Close(6002)</onclick>
		<onclick>ActivateWindow(10025,&quot;plugin://plugin.video.telemedia/?data=-1001332486310&amp;dates=%20&amp;description=%f0%9f%92%a2%20%d7%94%d7%a0%d7%a9%d7%a3%20-%202018%0a%0a%d7%a1%d7%a8%d7%98%20%d7%99%d7%a9%d7%a8%d7%90%d7%9c%d7%99%20%f0%9f%87%ae%f0%9f%87%b1%0a%0a%d7%aa%d7%a8%d7%92%d7%95%d7%9d%20%d7%9e%d7%95%d7%91%d7%a0%d7%94%20%f0%9f%92%ac%0a%0a%f0%9f%92%a0%20%d7%90%d7%99%d7%9b%d7%95%d7%aa%3a%20%0a720p%20%f0%9f%8c%9f%f0%9f%8c%9f%f0%9f%8c%9f%0afrom_plot&amp;eng_name=%20&amp;episode=%20&amp;fanart&amp;fav_status=false&amp;groups_id=0&amp;heb_name=%20&amp;iconimage&amp;id=%20&amp;image_master&amp;isr=0&amp;last_id&amp;mode=31&amp;name=%5bCOLOR%20khaki%5d%d7%9e%d7%9b%d7%a8%d7%94%20%d7%a1%d7%a8%d7%98%d7%99%d7%9d%203%5b%2fCOLOR%5d&amp;original_title=%20&amp;season=%20&amp;show_original_year=%20&amp;tmdbid=%20&amp;url=-1001332486310&quot;,return)</onclick>
		</control>
		<control type="button" id="39">
		<posx>25</posx>
		<posy>20</posy>
		<width>250</width>
		<height>100</height>
		<label>מכרה סרטים 18</label>
		<align>center</align>
		<wrapmultiline>true</wrapmultiline>
		<textcolor>white</textcolor>
		<focusedcolor>white</focusedcolor>
		<texturenofocus>special://skin/extras/common/roundedbutton-nofocus.png</texturenofocus>
		<texturefocus colordiffuse="burlywood">special://skin/extras/common/roundedbutton-nofocus-red.png</texturefocus>
		<onclick>Dialog.Close(6002)</onclick>
		<onclick>ActivateWindow(10025,&quot;plugin://plugin.video.telemedia/?data=-1001285814211&amp;dates=%20&amp;description=%0afrom_plot&amp;eng_name=%20&amp;episode=%20&amp;fanart&amp;fav_status=false&amp;groups_id=0&amp;heb_name=%20&amp;iconimage&amp;id=%20&amp;image_master&amp;isr=0&amp;last_id&amp;mode=31&amp;name=%5bCOLOR%20khaki%5d%d7%9e%d7%9b%d7%a8%d7%94%20%d7%a1%d7%a8%d7%98%d7%99%d7%9d%204%5b%2fCOLOR%5d&amp;original_title=%20&amp;season=%20&amp;show_original_year=%20&amp;tmdbid=%20&amp;url=-1001285814211&quot;,return)</onclick>
		</control>
		<control type="button" id="40">
		<posx>25</posx>
		<posy>20</posy>
		<width>250</width>
		<height>100</height>
		<label>מכרה סרטים 19</label>
		<align>center</align>
		<wrapmultiline>true</wrapmultiline>
		<textcolor>white</textcolor>
		<focusedcolor>white</focusedcolor>
		<texturenofocus>special://skin/extras/common/roundedbutton-nofocus.png</texturenofocus>
		<texturefocus colordiffuse="burlywood">special://skin/extras/common/roundedbutton-nofocus-red.png</texturefocus>
		<onclick>Dialog.Close(6002)</onclick>
		<onclick>ActivateWindow(10025,&quot;plugin://plugin.video.telemedia/?data=-1001492865648&amp;dates=%20&amp;description=%0afrom_plot&amp;eng_name=%20&amp;episode=%20&amp;fanart&amp;fav_status=false&amp;groups_id=0&amp;heb_name=%20&amp;iconimage&amp;id=%20&amp;image_master&amp;isr=0&amp;last_id&amp;mode=31&amp;name=%5bCOLOR%20khaki%5d%d7%9e%d7%9b%d7%a8%d7%94%20%d7%a1%d7%a8%d7%98%d7%99%d7%9d%205%5b%2fCOLOR%5d&amp;original_title=%20&amp;season=%20&amp;show_original_year=%20&amp;tmdbid=%20&amp;url=-1001492865648&quot;,return)</onclick>
		</control>
		<control type="button" id="41">
		<posx>25</posx>
		<posy>20</posy>
		<width>250</width>
		<height>100</height>
		<label>מכרה סרטים 20</label>
		<align>center</align>
		<wrapmultiline>true</wrapmultiline>
		<textcolor>white</textcolor>
		<focusedcolor>white</focusedcolor>
		<texturenofocus>special://skin/extras/common/roundedbutton-nofocus.png</texturenofocus>
		<texturefocus colordiffuse="burlywood">special://skin/extras/common/roundedbutton-nofocus-red.png</texturefocus>
		<onclick>Dialog.Close(6002)</onclick>
		<onclick>ActivateWindow(10025,&quot;plugin://plugin.video.telemedia/?data=-1001236025638&amp;dates=%20&amp;description=%0afrom_plot&amp;eng_name=%20&amp;episode=%20&amp;fanart&amp;fav_status=false&amp;groups_id=0&amp;heb_name=%20&amp;iconimage&amp;id=%20&amp;image_master&amp;isr=0&amp;last_id&amp;mode=31&amp;name=%5bCOLOR%20khaki%5d%d7%9e%d7%9b%d7%a8%d7%94%20%d7%a1%d7%a8%d7%98%d7%99%d7%9d%206%5b%2fCOLOR%5d&amp;original_title=%20&amp;season=%20&amp;show_original_year=%20&amp;tmdbid=%20&amp;url=-1001236025638&quot;,return)</onclick>
		</control>
		<control type="button" id="42">
		<posx>25</posx>
		<posy>20</posy>
		<width>250</width>
		<height>100</height>
		<label>מכרה סרטיפ 21</label>
		<align>center</align>
		<wrapmultiline>true</wrapmultiline>
		<textcolor>white</textcolor>
		<focusedcolor>white</focusedcolor>
		<texturenofocus>special://skin/extras/common/roundedbutton-nofocus.png</texturenofocus>
		<texturefocus colordiffuse="burlywood">special://skin/extras/common/roundedbutton-nofocus-red.png</texturefocus>
		<onclick>Dialog.Close(6002)</onclick>
		<onclick>ActivateWindow(10025,&quot;plugin://plugin.video.telemedia/?data=-1001361476936&amp;dates=%20&amp;description=%0afrom_plot&amp;eng_name=%20&amp;episode=%20&amp;fanart&amp;fav_status=false&amp;groups_id=0&amp;heb_name=%20&amp;iconimage&amp;id=%20&amp;image_master&amp;isr=0&amp;last_id&amp;mode=31&amp;name=%5bCOLOR%20khaki%5d%d7%9e%d7%9b%d7%a8%d7%94%20%d7%a1%d7%a8%d7%98%d7%99%d7%9d%207%5b%2fCOLOR%5d&amp;original_title=%20&amp;season=%20&amp;show_original_year=%20&amp;tmdbid=%20&amp;url=-1001361476936&quot;,return)</onclick>
		</control>
		<control type="button" id="43">
		<posx>25</posx>
		<posy>20</posy>
		<width>250</width>
		<height>100</height>
		<label>מכרה סרטיפ 21</label>
		<align>center</align>
		<wrapmultiline>true</wrapmultiline>
		<textcolor>white</textcolor>
		<focusedcolor>white</focusedcolor>
		<texturenofocus>special://skin/extras/common/roundedbutton-nofocus.png</texturenofocus>
		<texturefocus colordiffuse="burlywood">special://skin/extras/common/roundedbutton-nofocus-red.png</texturefocus>
		<onclick>Dialog.Close(6002)</onclick>
		<onclick>ActivateWindow(10025,&quot;plugin://plugin.video.telemedia/?data=-1001414565880&amp;dates=%20&amp;description=%0afrom_plot&amp;eng_name=%20&amp;episode=%20&amp;fanart&amp;fav_status=false&amp;groups_id=0&amp;heb_name=%20&amp;iconimage&amp;id=%20&amp;image_master&amp;isr=0&amp;last_id&amp;mode=31&amp;name=%5bCOLOR%20khaki%5d%d7%9e%d7%9b%d7%a8%d7%94%20%d7%a1%d7%a8%d7%98%d7%99%d7%9d%208%5b%2fCOLOR%5d&amp;original_title=%20&amp;season=%20&amp;show_original_year=%20&amp;tmdbid=%20&amp;url=-1001414565880&quot;,return)</onclick>
		</control>	
		<control type="button" id="44">
		<posx>25</posx>
		<posy>20</posy>
		<width>250</width>
		<height>100</height>
		<label>מכרה סרטים 22</label>
		<align>center</align>
		<wrapmultiline>true</wrapmultiline>
		<textcolor>white</textcolor>
		<focusedcolor>white</focusedcolor>
		<texturenofocus>special://skin/extras/common/roundedbutton-nofocus.png</texturenofocus>
		<texturefocus colordiffuse="burlywood">special://skin/extras/common/roundedbutton-nofocus-red.png</texturefocus>
		<onclick>Dialog.Close(6002)</onclick>
		<onclick>ActivateWindow(10025,&quot;plugin://plugin.video.telemedia/?data=-1001372976600&amp;dates=%20&amp;description=%22%d7%90%d7%9c%d7%99%d7%99%d7%96%d7%94%20%d7%a9%d7%9c%d7%96%d7%99%d7%a0%d7%92%d7%a8%3a%20%d7%91%d7%aa%20%d7%9e%d7%99%d7%9c%d7%a0%d7%99%d7%95%d7%9d%20%d7%9e%d7%91%d7%95%d7%92%d7%a8%d7%aa%22%20-%202018%0aIliza%20Shlesinger%3a%20Elder%20Millennial%0a%0a%d7%90%d7%99%d7%9b%d7%95%d7%aa%3a%201080p%20WEB-DL.%20%f0%9f%98%87%0a%d7%aa%d7%a8%d7%92%d7%95%d7%9d%20%d7%9e%d7%95%d7%91%d7%a0%d7%94.%20%f0%9f%92%ac%0a%d7%93%d7%99%d7%a8%d7%95%d7%92%20IMDb%20%d7%9c%d7%a1%d7%a8%d7%98%3a%207.2%20%e2%ad%90%ef%b8%8f%0a%d7%96%27%d7%90%d7%a0%d7%a8%3a%20%23%d7%a7%d7%95%d7%9e%d7%93%d7%99%d7%94%0a%0a%f0%9f%93%9d%d7%aa%d7%a7%d7%a6%d7%99%d7%a8%3a%0a%d7%94%d7%a7%d7%95%d7%9e%d7%99%d7%a7%d7%90%d7%99%d7%aa%20%d7%95%d7%94%d7%9e%d7%90%d7%95%d7%a8%d7%a1%d7%aa%20%d7%94%d7%98%d7%a8%d7%99%d7%99%d7%94%20%d7%90%d7%9c%d7%99%d7%99%d7%96%d7%94%20%d7%a9%d7%9c%d7%96%d7%99%d7%a0%d7%92%d7%a8%20%d7%9e%d7%aa%d7%90%d7%a8%d7%aa%20%d7%90%d7%99%d7%9a%20%d7%a0%d7%a8%d7%90%d7%99%d7%9d%20%d7%91%d7%90%d7%9e%d7%aa%20%d7%94%d7%97%d7%99%d7%99%d7%9d%20%d7%91%d7%92%d7%99%d7%9c%2035&amp;eng_name=%20&amp;episode=%20&amp;fanart&amp;fav_status=false&amp;groups_id=0&amp;heb_name=%20&amp;iconimage&amp;id=%20&amp;image_master&amp;isr=0&amp;last_id&amp;mode=31&amp;name=%5bCOLOR%20khaki%5d%d7%9e%d7%9b%d7%a8%d7%94%20%d7%a1%d7%a8%d7%98%d7%99%d7%9d%209%5b%2fCOLOR%5d&amp;original_title=%20&amp;season=%20&amp;show_original_year=%20&amp;tmdbid=%20&amp;url=-1001372976600&quot;,return)</onclick>
		</control>
		<control type="button" id="45">
		<posx>25</posx>
		<posy>20</posy>
		<width>250</width>
		<height>100</height>
		<label>מכרה סרטים 23</label>
		<align>center</align>
		<wrapmultiline>true</wrapmultiline>
		<textcolor>white</textcolor>
		<focusedcolor>white</focusedcolor>
		<texturenofocus>special://skin/extras/common/roundedbutton-nofocus.png</texturenofocus>
		<texturefocus colordiffuse="burlywood">special://skin/extras/common/roundedbutton-nofocus-red.png</texturefocus>
		<onclick>Dialog.Close(6002)</onclick>
		<onclick>ActivateWindow(10025,&quot;plugin://plugin.video.telemedia/?data=-1001385854135&amp;dates=%20&amp;description=%0afrom_plot&amp;eng_name=%20&amp;episode=%20&amp;fanart&amp;fav_status=false&amp;groups_id=0&amp;heb_name=%20&amp;iconimage&amp;id=%20&amp;image_master&amp;isr=0&amp;last_id&amp;mode=31&amp;name=%5bCOLOR%20khaki%5d%d7%9e%d7%9b%d7%a8%d7%94%20%d7%a1%d7%a8%d7%98%d7%99%d7%9d%2010%5b%2fCOLOR%5d&amp;original_title=%20&amp;season=%20&amp;show_original_year=%20&amp;tmdbid=%20&amp;url=-1001385854135&quot;,return)</onclick>
		</control>
		<control type="button" id="46">
		<posx>25</posx>
		<posy>20</posy>
		<width>250</width>
		<height>100</height>
		<label>מכרה סרטים 23</label>
		<align>center</align>
		<wrapmultiline>true</wrapmultiline>
		<textcolor>white</textcolor>
		<focusedcolor>white</focusedcolor>
		<texturenofocus>special://skin/extras/common/roundedbutton-nofocus.png</texturenofocus>
		<texturefocus colordiffuse="burlywood">special://skin/extras/common/roundedbutton-nofocus-red.png</texturefocus>
		<onclick>Dialog.Close(6002)</onclick>
		<onclick>ActivateWindow(10025,&quot;plugin://plugin.video.telemedia/?data=-1001497115791&amp;dates=%20&amp;description=%40he_media_bot%0afrom_plot&amp;eng_name=%20&amp;episode=%20&amp;fanart&amp;fav_status=false&amp;groups_id=0&amp;heb_name=%20&amp;iconimage&amp;id=%20&amp;image_master&amp;isr=0&amp;last_id&amp;mode=31&amp;name=%5bCOLOR%20khaki%5d%d7%9e%d7%9b%d7%a8%d7%94%20%d7%a1%d7%a8%d7%98%d7%99%d7%9d%2011%5b%2fCOLOR%5d&amp;original_title=%20&amp;season=%20&amp;show_original_year=%20&amp;tmdbid=%20&amp;url=-1001497115791&quot;,return)</onclick>
		</control>
		<control type="button" id="47">
		<posx>25</posx>
		<posy>20</posy>
		<width>250</width>
		<height>100</height>
		<label>מכרה סרטים 23</label>
		<align>center</align>
		<wrapmultiline>true</wrapmultiline>
		<textcolor>white</textcolor>
		<focusedcolor>white</focusedcolor>
		<texturenofocus>special://skin/extras/common/roundedbutton-nofocus.png</texturenofocus>
		<texturefocus colordiffuse="burlywood">special://skin/extras/common/roundedbutton-nofocus-red.png</texturefocus>
		<onclick>Dialog.Close(6002)</onclick>
		<onclick>ActivateWindow(10025,&quot;plugin://plugin.video.telemedia/?data=-1001461530805&amp;dates=%20&amp;description=%0afrom_plot&amp;eng_name=%20&amp;episode=%20&amp;fanart&amp;fav_status=false&amp;groups_id=0&amp;heb_name=%20&amp;iconimage&amp;id=%20&amp;image_master&amp;isr=0&amp;last_id&amp;mode=31&amp;name=%5bCOLOR%20khaki%5d%d7%9e%d7%9b%d7%a8%d7%94%20%d7%a1%d7%a8%d7%98%d7%99%d7%9d%2012%5b%2fCOLOR%5d&amp;original_title=%20&amp;season=%20&amp;show_original_year=%20&amp;tmdbid=%20&amp;url=-1001461530805&quot;,return)</onclick>
		</control>
		<control type="button" id="48">
		<posx>25</posx>
		<posy>20</posy>
		<width>250</width>
		<height>100</height>
		<label>מכרה סרטים 24</label>
		<align>center</align>
		<wrapmultiline>true</wrapmultiline>
		<textcolor>white</textcolor>
		<focusedcolor>white</focusedcolor>
		<texturenofocus>special://skin/extras/common/roundedbutton-nofocus.png</texturenofocus>
		<texturefocus colordiffuse="burlywood">special://skin/extras/common/roundedbutton-nofocus-red.png</texturefocus>
		<onclick>Dialog.Close(6002)</onclick>
		<onclick>ActivateWindow(10025,&quot;plugin://plugin.video.telemedia/?data=-1001266073501&amp;dates=%20&amp;description=%22%d7%99%d7%9d%20%d7%9b%d7%97%d7%95%d7%9c%20%d7%a2%d7%9e%d7%95%d7%a7%202%22%0a%0a%d7%91%d7%90%d7%99%d7%9b%d7%95%d7%aa%20BluRay%20720p%0afrom_plot&amp;eng_name=%20&amp;episode=%20&amp;fanart&amp;fav_status=false&amp;groups_id=0&amp;heb_name=%20&amp;iconimage&amp;id=%20&amp;image_master&amp;isr=0&amp;last_id&amp;mode=31&amp;name=%5bCOLOR%20khaki%5d%d7%9e%d7%9b%d7%a8%d7%94%20%d7%a1%d7%a8%d7%98%d7%99%d7%9d%2013%5b%2fCOLOR%5d&amp;original_title=%20&amp;season=%20&amp;show_original_year=%20&amp;tmdbid=%20&amp;url=-1001266073501&quot;,return)</onclick>
		</control>
		<control type="button" id="49">
		<posx>25</posx>
		<posy>20</posy>
		<width>250</width>
		<height>100</height>
		<label>מכרה סרטים 25</label>
		<align>center</align>
		<wrapmultiline>true</wrapmultiline>
		<textcolor>white</textcolor>
		<focusedcolor>white</focusedcolor>
		<texturenofocus>special://skin/extras/common/roundedbutton-nofocus.png</texturenofocus>
		<texturefocus colordiffuse="burlywood">special://skin/extras/common/roundedbutton-nofocus-red.png</texturefocus>
		<onclick>Dialog.Close(6002)</onclick>
		<onclick>ActivateWindow(10025,&quot;plugin://plugin.video.telemedia/?data=-1001199158193&amp;dates=%20&amp;description=%22%d7%94%d7%a8%d7%99%20%d7%90%d7%aa%20%d7%9e%d7%9b%d7%95%d7%a9%d7%a4%d7%aa%20%d7%9c%d7%99%22%0a%0a%d7%91%d7%90%d7%99%d7%9b%d7%95%d7%aa%20BluRay%20720p%0afrom_plot&amp;eng_name=%20&amp;episode=%20&amp;fanart&amp;fav_status=false&amp;groups_id=0&amp;heb_name=%20&amp;iconimage&amp;id=%20&amp;image_master&amp;isr=0&amp;last_id&amp;mode=31&amp;name=%5bCOLOR%20khaki%5d%d7%9e%d7%9b%d7%a8%d7%94%20%d7%a1%d7%a8%d7%98%d7%99%d7%9d%2014%5b%2fCOLOR%5d&amp;original_title=%20&amp;season=%20&amp;show_original_year=%20&amp;tmdbid=%20&amp;url=-1001199158193&quot;,return)</onclick>
		</control>
		<control type="button" id="50">
		<posx>25</posx>
		<posy>20</posy>
		<width>250</width>
		<height>100</height>
		<label>מכרה סרטים 25</label>
		<align>center</align>
		<wrapmultiline>true</wrapmultiline>
		<textcolor>white</textcolor>
		<focusedcolor>white</focusedcolor>
		<texturenofocus>special://skin/extras/common/roundedbutton-nofocus.png</texturenofocus>
		<texturefocus colordiffuse="burlywood">special://skin/extras/common/roundedbutton-nofocus-red.png</texturefocus>
		<onclick>Dialog.Close(6002)</onclick>
		<onclick>ActivateWindow(10025,&quot;plugin://plugin.video.telemedia/?data=-1001440357280&amp;dates=%20&amp;description=%22%d7%a1%d7%9c%d7%9e%d7%94%22%0a%0a%d7%91%d7%90%d7%99%d7%9b%d7%95%d7%aa%20BluRay%201080p%0afrom_plot&amp;eng_name=%20&amp;episode=%20&amp;fanart&amp;fav_status=false&amp;groups_id=0&amp;heb_name=%20&amp;iconimage&amp;id=%20&amp;image_master&amp;isr=0&amp;last_id&amp;mode=31&amp;name=%5bCOLOR%20khaki%5d%d7%9e%d7%9b%d7%a8%d7%94%20%d7%a1%d7%a8%d7%98%d7%99%d7%9d%2015%5b%2fCOLOR%5d&amp;original_title=%20&amp;season=%20&amp;show_original_year=%20&amp;tmdbid=%20&amp;url=-1001440357280&quot;,return)</onclick>
		</control>		
		<control type="button" id="51">
		<posx>25</posx>
		<posy>20</posy>
		<width>250</width>
		<height>100</height>
		<label>מכרה סרטיפ 26</label>
		<align>center</align>
		<wrapmultiline>true</wrapmultiline>
		<textcolor>white</textcolor>
		<focusedcolor>white</focusedcolor>
		<texturenofocus>special://skin/extras/common/roundedbutton-nofocus.png</texturenofocus>
		<texturefocus colordiffuse="burlywood">special://skin/extras/common/roundedbutton-nofocus-red.png</texturefocus>
		<onclick>Dialog.Close(6002)</onclick>
		<onclick>ActivateWindow(10025,&quot;plugin://plugin.video.telemedia/?data=-1001391880148&amp;dates=%20&amp;description=%d7%90%d7%a1%d7%a7%d7%99%d7%9e%d7%95%20%d7%9c%d7%99%d7%9e%d7%95%d7%9f%208%20-%20%d7%91%d7%9c%d7%95%d7%96%20%d7%9c%d7%a7%d7%99%d7%a5%20-%201988-%20%d7%a1%d7%a8%d7%98%20%d7%99%d7%a9%d7%a8%d7%90%d7%9c%d7%99%0afrom_plot&amp;eng_name=%20&amp;episode=%20&amp;fanart&amp;fav_status=false&amp;groups_id=0&amp;heb_name=%20&amp;iconimage&amp;id=%20&amp;image_master&amp;isr=0&amp;last_id&amp;mode=31&amp;name=%5bCOLOR%20khaki%5d%d7%9e%d7%9b%d7%a8%d7%94%20%d7%a1%d7%a8%d7%98%d7%99%d7%9d%2016%5b%2fCOLOR%5d&amp;original_title=%20&amp;season=%20&amp;show_original_year=%20&amp;tmdbid=%20&amp;url=-1001391880148&quot;,return)</onclick>
		</control>	
		<control type="button" id="52">
		<posx>25</posx>
		<posy>20</posy>
		<width>250</width>
		<height>100</height>
		<label>מכרה סרטים 27</label>
		<align>center</align>
		<wrapmultiline>true</wrapmultiline>
		<textcolor>white</textcolor>
		<focusedcolor>white</focusedcolor>
		<texturenofocus>special://skin/extras/common/roundedbutton-nofocus.png</texturenofocus>
		<texturefocus colordiffuse="burlywood">special://skin/extras/common/roundedbutton-nofocus-red.png</texturefocus>
		<onclick>Dialog.Close(6002)</onclick>
		<onclick>ActivateWindow(10025,&quot;plugin://plugin.video.telemedia/?data=-1001238308275&amp;dates=%20&amp;description=%0afrom_plot&amp;eng_name=%20&amp;episode=%20&amp;fanart&amp;fav_status=false&amp;groups_id=0&amp;heb_name=%20&amp;iconimage&amp;id=%20&amp;image_master&amp;isr=0&amp;last_id&amp;mode=31&amp;name=%5bCOLOR%20khaki%5d%d7%9e%d7%9b%d7%a8%d7%94%20%d7%a1%d7%a8%d7%98%d7%99%d7%9d%2017%5b%2fCOLOR%5d&amp;original_title=%20&amp;season=%20&amp;show_original_year=%20&amp;tmdbid=%20&amp;url=-1001238308275&quot;,return)</onclick>
		</control>			
		<control type="button" id="53">
		<posx>25</posx>
		<posy>20</posy>
		<width>250</width>
		<height>100</height>
		<label>מכרה סרטים 28</label>
		<align>center</align>
		<wrapmultiline>true</wrapmultiline>
		<textcolor>white</textcolor>
		<focusedcolor>white</focusedcolor>
		<texturenofocus>special://skin/extras/common/roundedbutton-nofocus.png</texturenofocus>
		<texturefocus colordiffuse="burlywood">special://skin/extras/common/roundedbutton-nofocus-red.png</texturefocus>
		<onclick>Dialog.Close(6002)</onclick>
		<onclick>ActivateWindow(10025,&quot;plugin://plugin.video.telemedia/?data=-1001427387282&amp;dates=%20&amp;description=%0afrom_plot&amp;eng_name=%20&amp;episode=%20&amp;fanart&amp;fav_status=false&amp;groups_id=0&amp;heb_name=%20&amp;iconimage&amp;id=%20&amp;image_master&amp;isr=0&amp;last_id&amp;mode=31&amp;name=%5bCOLOR%20khaki%5d%d7%9e%d7%9b%d7%a8%d7%94%20%d7%a1%d7%a8%d7%98%d7%99%d7%9d%2018%5b%2fCOLOR%5d&amp;original_title=%20&amp;season=%20&amp;show_original_year=%20&amp;tmdbid=%20&amp;url=-1001427387282&quot;,return)</onclick>
		</control>		
		<control type="button" id="54">
		<description>חננאל סרטים</description>
		<posx>25</posx>
		<posy>20</posy>
		<width>250</width>
		<height>100</height>
		<label>מכרה סרטים 29</label>
		<align>center</align>
		<wrapmultiline>true</wrapmultiline>
		<textcolor>white</textcolor>
		<focusedcolor>white</focusedcolor>
		<texturenofocus>special://skin/extras/common/roundedbutton-nofocus.png</texturenofocus>
		<texturefocus colordiffuse="burlywood">special://skin/extras/common/roundedbutton-nofocus-red.png</texturefocus>
		<onclick>Dialog.Close(6002)</onclick>
		<onclick>ActivateWindow(10025,&quot;plugin://plugin.video.telemedia/?data=-1001311322186&amp;dates=%20&amp;description=%d7%9c%d7%a2%d7%a8%d7%95%d7%a5%20%d7%94%d7%a1%d7%93%d7%a8%d7%95%d7%aa%e2%86%99%ef%b8%8f%0ahttps%3a%2f%2ft.me%2fjoinchat%2fAAAAAFY3PY-OT-iqTw1iZg%0afrom_plot&amp;eng_name=%20&amp;episode=%20&amp;fanart=C%3a%2fUsers%2fneta%2fAppData%2fRoaming%2fKodi%2fuserdata%2faddon_data%2fplugin.video.telemedia%2flogo%2f-1001311322186_big.jpg&amp;fav_status=false&amp;groups_id=0&amp;heb_name=%20&amp;iconimage=C%3a%2fUsers%2fneta%2fAppData%2fRoaming%2fKodi%2fuserdata%2faddon_data%2fplugin.video.telemedia%2flogo%2f-1001311322186_small.jpg&amp;id=%20&amp;image_master&amp;isr=0&amp;last_id&amp;mode=31&amp;name=%5bCOLOR%20khaki%5d%d7%97%d7%a0%d7%a0%d7%90%d7%9c%20%d7%a1%d7%a8%d7%98%d7%99%d7%9d%20-%20%d7%a2%d7%a8%d7%95%d7%a5%20%d7%94%d7%a1%d7%a8%d7%98%d7%99%d7%9d%5b%2fCOLOR%5d&amp;original_title=%20&amp;season=%20&amp;show_original_year=%20&amp;tmdbid=%20&amp;url=-1001311322186&quot;,return)</onclick>
		</control>	
		</control>
	</include>


<include name="infomainscreen">

<control type="group">
					<control type="image">
						<posx>1545</posx>
						<posy>0</posy>
						<width>380</width>
						<height>50</height>
						<texture colordiffuse="black" diffuse="glass.jpg" background="true" border="15,2,15,2">special://skin/extras/main/tab2.png</texture> 
						<bordertexture colordiffuse="$VAR[MainInfoTextBorder]" border="15,2,15,2">special://skin/extras/main/tab2_stroke.png</bordertexture>
						<bordersize>1,0,1,1</bordersize>
						<animation effect="fade" end="80" time="0" condition="true">Conditional</animation>
					</control>
		<control type="group">
		<visible>Player.HasAudio | Player.HasVideo</visible>
		<control type="list" id="80011">
		<posy>0</posy>
		<posx>1580</posx>
		<width>380</width>
		<height>200</height>
		<orientation>horizontal</orientation>
		<ondown>9000</ondown>
		<itemlayout width="45" height="145">
		<control type="image">
		<posx>0</posx>
		<posy>0</posy>
		<width>45</width>
		<height>45</height>
		<aspectratio>keep</aspectratio>
		<texture colordiffuse="white">$INFO[ListItem.Thumb]</texture>
		</control>
		</itemlayout>
		<focusedlayout width="45" height="145">
		<control type="image">
		<visible>!control.hasfocus(80011)</visible>
		<posx>0</posx>
		<posy>0</posy>
		<width>45</width>
		<height>45</height>
		<aspectratio>keep</aspectratio>
		<texture colordiffuse="white">$INFO[ListItem.Thumb]</texture>
		</control>
		<control type="image">
		<visible>control.hasfocus(80011)</visible>
		<animation effect="zoom" center="auto" start="100,100" end="115,115" time="50">Focus</animation>
		<posx>0</posx>
		<posy>0</posy>
		<width>45</width>
		<height>45</height>
		<aspectratio>keep</aspectratio>
		<texture colordiffuse="$VAR[MainMenuFocusedColor]">$INFO[ListItem.Thumb]</texture>
	</control>

		</focusedlayout>
		<content>
		<item>
		<visible>VideoPlayer.HasSubtitles + VideoPlayer.SubtitlesEnabled</visible>
		<label>בטל כתובית</label>
		<thumb>special://skin/extras/osd/subs3.png</thumb>
		<onclick>ShowSubtitles</onclick>
		</item>
		<item>
		<visible>VideoPlayer.HasSubtitles + !VideoPlayer.SubtitlesEnabled</visible>
		<label>הפעל כתובית</label>
		<thumb>special://skin/extras/osd/subs3.png</thumb>
		<onclick>ShowSubtitles</onclick>
		</item>
		<item>
		<thumb>special://skin/extras/osd/subs.png</thumb>
		<label>רקע כתובית</label>
        <onclick>RunScript(special://home/addons/script.subskeys/default.py,background)</onclick>
		</item>
		<item>
		<thumb>special://skin/extras/osd/rewind.png</thumb>
		<onclick>PlayerControl(rewind)</onclick>
		<label>הרץ אחורה</label>
		</item>
		<item>
		<thumb>special://skin/extras/osd/previous.png</thumb>
		<onclick>PlayerControl(previous)</onclick>
		<label>להתחלה</label>
		</item>
		<item>
		<label>עצור</label>
		<thumb>special://skin/extras/osd/stop.png</thumb>
		<onclick>PlayerControl(Stop)</onclick>
		<onclick>Dialog.Close(all,true)</onclick>
		<onclick>ClearProperty(home)</onclick>
		</item>
		<item>
		<visible>Player.Paused</visible>
		<thumb>special://skin/extras/osd/play.png</thumb>
		<onclick>play</onclick>
		<label>נגן</label>
		</item>
		<item>
		<visible>!Player.Paused</visible>
		<label>השהה</label>
		<thumb>special://skin/extras/osd/pause.png</thumb>
		<onclick>pause</onclick>
		<label>השהה</label>
		</item>
		<item>
		<thumb>special://skin/extras/osd/forward.png</thumb>
		<onclick>PlayerControl(forward)</onclick>
		<label>הרץ קדימה</label>
		</item>
		</content>
		</control>
		</control>
		
			<control type="label">
			<visible>![Player.HasVideo | Player.HasAudio]</visible>
				<visible>$EXP[hasWeather]</visible>
				<posx>860</posx>
				<posy>-15</posy>
				<width>24-col</width>
				<height>2-row</height>
				<font>regular</font>
				<align>center</align>
				<textcolor>textActive</textcolor>
				<shadowcolor>44000000</shadowcolor>
				<label> [B]$INFO[weather.temperature][/B] [CAPITALIZE]$INFO[weather.conditions][/CAPITALIZE]</label>
			</control>
</control>
<control type="group">
					<control type="image">
						<posx>1115</posx>
						<posy>0</posy>
						<width>450</width>
						<height>50</height>
						<texture colordiffuse="black" diffuse="glass.jpg" background="true" border="15,2,15,2">special://skin/extras/main/tab2.png</texture> 
						<bordertexture colordiffuse="$VAR[MainInfoTextBorder]" border="15,2,15,2">special://skin/extras/main/tab2_stroke.png</bordertexture>
						<bordersize>1,0,1,1</bordersize>
						<animation effect="fade" end="80" time="0" condition="true">Conditional</animation>
					</control>
					<control type="label">
					<posx>1130</posx>
					<posy>5</posy>
					<width>430</width>
					<height>30</height>
					<align>center</align>
					<font>smallMedium</font>
					<label>$INFO[VideoPlayer.Title]</label>
					</control>
					<control type="label">
					<visible>![Player.HasVideo | Player.HasAudio]</visible>
					<posx>1115</posx>
					<posy>5</posy>
					<width>450</width>
					<height>30</height>
					<align>center</align>
					<font>smallMedium</font>
					<label>$VAR[MainNameString,ברוך הבא: ]</label>
					</control>
</control>

<control type="group">
<animation condition="Window.IsActive(1180)" effect="slide" start="0,0" end="225,0" time="350" tween="sine" easing="inout">Conditional</animation>
					<control type="image">
						<posx>0</posx>
						<posy>0</posy>
						<width>380</width>
						<height>50</height>
						<texture colordiffuse="black" diffuse="glass.jpg" background="true" border="15,2,15,2" flipx="true">special://skin/extras/main/tab2.png</texture> 
						<bordertexture flipx="true" colordiffuse="$VAR[MainInfoTextBorder]" border="15,2,15,2">special://skin/extras/main/tab2_stroke.png</bordertexture>
						<bordersize>1,0,1,1</bordersize>
						<animation effect="fade" end="80" time="0" condition="true">Conditional</animation>
					</control>
<control type="grouplist">
<visible>Player.HasVideo</visible>
<posx>0</posx>
<posy>-10</posy>
<width>380</width>
<height>800</height>
<align>center</align>
<orientation>horizontal</orientation>
<itemgap>0</itemgap>
<control type="image">
<visible>!String.IsEmpty(VideoPlayer.VideoResolution)</visible>
<posx>0</posx>
<posy>0</posy>
<width>60</width>
<height>60</height>
<texture>special://skin/extras/flags/videoresolution/$INFO[VideoPlayer.VideoResolution].png</texture>
</control>
<control type="image">
<visible>!String.IsEmpty(VideoPlayer.AudioChannels)</visible>
<posx>0</posx>
<posy>0</posy>
<width>60</width>
<height>60</height>
<texture>special://skin/extras/flags/audiochannel/$INFO[VideoPlayer.AudioChannels].png</texture>
</control>
<control type="image">
<visible>!String.IsEmpty(VideoPlayer.AudioCodec)</visible>
<posx>0</posx>
<posy>0</posy>
<width>60</width>
<height>60</height>
<texture>special://skin/extras/flags/audiocodec/$INFO[VideoPlayer.AudioCodec].png</texture>
</control>
<control type="image">
<visible>!String.IsEmpty(VideoPlayer.VideoAspect)</visible>
<posx>0</posx>
<posy>0</posy>
<width>60</width>
<height>60</height>
<texture>special://skin/extras/flags/aspectratio/$INFO[VideoPlayer.VideoAspect].png</texture>
</control>
<control type="image">
<visible>!String.IsEmpty(VideoPlayer.VideoCodec)</visible>
<posx>0</posx>
<posy>0</posy>
<width>60</width>
<height>60</height>
<texture>special://skin/extras/flags/videocodec/$INFO[VideoPlayer.VideoCodec].png</texture>
</control>
</control>
</control>
				<control type="group">
					<control type="image">
						<posx>360</posx>
						<posy>0</posy>
						<width>450</width>
						<height>50</height>
						<texture colordiffuse="black" diffuse="glass.jpg" background="true" border="15,2,15,2" flipx="true">special://skin/extras/main/tab2.png</texture> 
						<bordertexture flipx="true" colordiffuse="$VAR[MainInfoTextBorder]" border="15,2,15,2">special://skin/extras/main/tab2_stroke.png</bordertexture>
						<bordersize>1,0,1,1</bordersize>
						<animation effect="fade" end="80" time="0" condition="true">Conditional</animation>
					</control>
					<control type="label">
					<visible>Player.HasAudio | Player.HasVideo</visible>
					<posx>360</posx>
					<posy>5</posy>
					<width>450</width>
					<height>30</height>
					<align>center</align>
					<font>smallMedium</font>
					<label>$INFO[Player.TimeRemaining(hh:mm:ss)] \ $INFO[Player.FinishTime] \ $INFO[Player.Time(hh:mm:ss)]</label>
					</control>
									
					
			<control type="label">
			<visible>![Player.HasVideo | Player.HasAudio]</visible>
			<posx>360</posx>
			<posy>-5</posy>
			<width>450</width>
			<height>50</height>
			<align>center</align>
			<font>smallMedium</font>
			<label>Ghost Build Version 3.0</label>
			</control>
</control>


<control type="group">
<animation condition="Window.IsActive(DialogBusy.xml)" start="0,0" end="0,-500" time="450" tween="sine" easing="inout">Conditional</animation>
					<control type="image">
						<posx>793</posx>
						<posy>0</posy>
						<width>340</width>
						<height>70</height>
						<texture colordiffuse="black" diffuse="glass.jpg" background="true" border="15,2,15,2" flipx="true">special://skin/extras/main/tab.png</texture> 
						<bordertexture flipx="true" colordiffuse="$VAR[MainInfoTextBorder]" border="15,2,15,2">special://skin/extras/main/tab_stroke.png</bordertexture>
						<bordersize>1,0,1,1</bordersize>
						<animation effect="fade" end="80" time="0" condition="true">Conditional</animation>
					</control>
					<control type="label">
					<visible>![Player.HasVideo]</visible>
					<posx>793</posx>
					<posy>-8</posy>
					<width>340</width>
					<height>80</height>
					<align>center</align>
					<font>smallMedium</font>
					<label>$INFO[System.Date][CR]$INFO[System.Time(hh:mm:ss)]</label>
					</control>
					
					
						<control type="group">
						<animation condition="![Player.HasVideo] " effect="slide" start="0,0" end="-770,0" time="250" tween="sine" easing="inout">Conditional</animation>
						<animation condition="Window.IsActive(6009)" effect="fade" start="100" end="0" time="0">Conditional</animation>
						<posx>778</posx>
						<posy>0</posy>
						<control type="label">
							<description>Volume Label</description>
							<posx>340</posx>
							<posy>0</posy>
							<width>188</width>
							<height>38</height>
							<label>$INFO[Control.GetLabel(10001)]</label>
							<font>font-16</font>
							<textcolor>white</textcolor>
							<align>right</align>
							<aligny>center</aligny>
						</control>
						<control type="image">
							<posx>30</posx>
							<posy>2</posy>
							<width>35</width>
							<height>35</height>
							<texture background="true">special://skin/extras/osd/mute.png</texture>
							<visible>!Integer.IsGreater(player.volume,1)</visible>
						</control>
						<control type="image">
							<posx>30</posx>
							<posy>2</posy>
							<width>35</width>
							<height>35</height>
							<texture background="true">special://skin/extras/osd/volume0.png</texture>
							<visible>Integer.IsGreater(player.volume,1) + !Integer.IsGreater(player.volume,20)</visible>
						</control>
						<control type="image">
							<posx>30</posx>
							<posy>2</posy>
							<width>35</width>
							<height>35</height>
							<texture background="true">special://skin/extras/osd/volume1.png</texture>
							<visible>Integer.IsGreater(player.volume,20) + !Integer.IsGreater(player.volume,50)</visible>
						</control>
						<control type="image">
							<posx>30</posx>
							<posy>2</posy>
							<width>35</width>
							<height>35</height>
							<texture background="true">special://skin/extras/osd/volume2.png</texture>
							<visible>Integer.IsGreater(player.volume,50) + !Integer.IsGreater(player.volume,95)</visible>
						</control>
						<control type="image">
							<posx>30</posx>
							<posy>2</posy>
							<width>35</width>
							<height>35</height>
							<texture background="true">special://skin/extras/osd/volume3.png</texture>
							<visible>Integer.IsGreater(player.volume,95)</visible>
						</control>

						<control type="progress" id="10001">
							<description>Progressbar for volume</description>
							<posx>75</posx>
							<posy>0</posy>
							<width>220</width>
							<height>38</height>
							<texturebg colordiffuse="gray" border="1,1,1,1">special://skin/extras/osd/2.png</texturebg>
							<midtexture colordiffuse="gray" border="1,0,1,0">special://skin/extras/osd/5.png</midtexture>
							<lefttexture>-</lefttexture>
							<righttexture>-</righttexture>
							<info>Player.Volume</info>
						</control>

						<control type="slider" id="889">
							<description>Volume Slider</description>
							<onback>8001</onback>
							<posx>75</posx>
							<posy>5</posy>
							<width>220</width>
							<height>28</height>
							<action>volume</action>
							<orientation>horizontal</orientation>
							<texturesliderbar border="1,0,1,0">special://skin/extras/osd/4.png</texturesliderbar>
							<textureslidernib colordiffuse="burlywood">special://skin/extras/osd/3.png</textureslidernib>
							<textureslidernibfocus colordiffuse="deepskyblue">special://skin/extras/osd/3.png</textureslidernibfocus>
						</control>
					</control>
</control>
</include>



<include name="extrabuttonsmainscreen">
<control type="grouplist" id="4365">
<animation condition="Control.HasFocus(5331) | Control.HasFocus(5332) | Control.HasFocus(5333) | Control.HasFocus(5334) | Control.HasFocus(5335) | Control.HasFocus(5336)" effect="slide" start="0,0" end="-500,0" time="750" tween="sine" easing="inout">Conditional</animation>
<animation condition="Window.IsActive(6014) | Window.IsActive(6022) | Window.IsActive(6023) | Window.IsActive(1181) | Window.IsActive(6001)" effect="slide" start="0,0" end="800,0" time="750" tween="sine" easing="inout">Conditional</animation>
<animation condition="Player.HasVideo" effect="slide" start="0,0" end="0,50" time="550" tween="sine" easing="inout">Conditional</animation>
<posx>2200</posx>
<posy>250</posy>
<width>850</width>
<height>750</height>
<onback>9001</onback>
<onleft>9001</onleft>
<orientation>vertical</orientation>
<itemgap>-70</itemgap>
		<control type="button" id="5331">
		<width>255</width>
		<height>180</height>
		<onback>9001</onback>
		<label>דוקו/טבע</label>
		<align>center</align>
		<aligny>top</aligny>
		<textoffsety>50</textoffsety>
		<textcolor>black</textcolor>
		<focusedcolor>white</focusedcolor>
		<texturefocus colordiffuse="deepskyblue">special://skin/extras/radioimage/buttonmain.png</texturefocus>
		<texturenofocus colordiffuse="white">special://skin/extras/radioimage/buttonmain.png</texturenofocus>
		<onclick>ActivateWindow(6023)</onclick>
		</control>
		<control type="button" id="5332">
		<width>255</width>
		<height>180</height>
		<onback>9001</onback>
		<label>[B]YES GO[CR]NEW[/B]</label>
		<align>center</align>
		<aligny>top</aligny>
		<textoffsety>40</textoffsety>
		<textcolor>deepskyblue</textcolor>
		<focusedcolor>white</focusedcolor>
		<shadowcolor>black</shadowcolor>
		<texturefocus colordiffuse="deepskyblue">special://skin/extras/radioimage/buttonmain.png</texturefocus>
		<texturenofocus colordiffuse="white">special://skin/extras/radioimage/buttonmain.png</texturenofocus>
		<onclick>ActivateWindow(1181)</onclick>
		</control>
		<control type="button" id="5333">
		<width>255</width>
		<height>180</height>
		<onback>9001</onback>
		<label>[B]YES GO[CR]OLD[/B]</label>
		<align>center</align>
		<aligny>top</aligny>
		<textoffsety>40</textoffsety>
		<textcolor>deepskyblue</textcolor>
		<focusedcolor>white</focusedcolor>
		<shadowcolor>black</shadowcolor>
		<texturefocus colordiffuse="deepskyblue">special://skin/extras/radioimage/buttonmain.png</texturefocus>
		<texturenofocus colordiffuse="white">special://skin/extras/radioimage/buttonmain.png</texturenofocus>
		<onclick>ActivateWindow(6001)</onclick>
		</control>
		<control type="button" id="5334">
		<width>255</width>
		<height>180</height>
		<onback>9001</onback>
		<label>סרטים 1</label>
		<align>center</align>
		<aligny>top</aligny>
		<textoffsety>50</textoffsety>
		<textcolor>black</textcolor>
		<focusedcolor>white</focusedcolor>
		<texturefocus colordiffuse="deepskyblue">special://skin/extras/radioimage/buttonmain.png</texturefocus>
		<texturenofocus colordiffuse="white">special://skin/extras/radioimage/buttonmain.png</texturenofocus>
		<onclick>ActivateWindow(6014)</onclick>
		</control>
		<control type="button" id="5335">
		<width>255</width>
		<height>180</height>
		<onback>9001</onback>
		<label>סרטים 2</label>
		<align>center</align>
		<aligny>top</aligny>
		<textcolor>black</textcolor>
		<focusedcolor>white</focusedcolor>
		<textoffsety>50</textoffsety>
		<texturefocus colordiffuse="deepskyblue">special://skin/extras/radioimage/buttonmain.png</texturefocus>
		<texturenofocus colordiffuse="white">special://skin/extras/radioimage/buttonmain.png</texturenofocus>
		<onclick>ActivateWindow(6022)</onclick>
		</control>
		<control type="button" id="5336">
		<width>255</width>
		<height>180</height>
		<onback>9001</onback>
		<label>סרטים 3</label>
		<align>center</align>
		<aligny>top</aligny>
		<textoffsety>50</textoffsety>
		<textcolor>black</textcolor>
		<focusedcolor>white</focusedcolor>
		<texturefocus colordiffuse="deepskyblue">special://skin/extras/radioimage/buttonmain.png</texturefocus>
		<texturenofocus colordiffuse="white">special://skin/extras/radioimage/buttonmain.png</texturenofocus>
		<onclick>ActivateWindow(6010)</onclick>
		</control>
		</control>
				
</include>



<include name="progressplayerpercent">
					<control type="group">
					<posy>-2</posy>
					<control type="image">
					<posx>72</posx>
					<posy>70</posy>
					<width>100</width>
					<height>3</height>
					<texture colordiffuse="deepskyblue">colors/white.png</texture>
					<visible>!String.IsEqual(ListItem.Overlay,overlaywatched.png) + Integer.IsGreater(ListItem.PercentPlayed,0) + !Integer.IsGreater(ListItem.PercentPlayed,20)</visible>
					</control>
					<control type="image">
					<posx>72</posx>
					<posy>70</posy>
					<width>300</width>
					<height>3</height>
					<texture colordiffuse="deepskyblue" diffuse="special://skin/extras/main/glass.jpg">colors/white.png</texture>
					<visible>!String.IsEqual(ListItem.Overlay,overlaywatched.png) + Integer.IsGreater(ListItem.PercentPlayed,21) + !Integer.IsGreater(ListItem.PercentPlayed,30)</visible>
					</control>
					<control type="image">
					<posx>72</posx>
					<posy>70</posy>
					<width>500</width>
					<height>3</height>
					<texture colordiffuse="deepskyblue" diffuse="special://skin/extras/main/glass.jpg">colors/white.png</texture>
					<visible>!String.IsEqual(ListItem.Overlay,overlaywatched.png) + Integer.IsGreater(ListItem.PercentPlayed,31) + !Integer.IsGreater(ListItem.PercentPlayed,40)</visible>
					</control>
					<control type="image">
					<posx>72</posx>
					<posy>70</posy>
					<width>700</width>
					<height>3</height>
					<texture colordiffuse="deepskyblue" diffuse="special://skin/extras/main/glass.jpg">colors/white.png</texture>
					<visible>!String.IsEqual(ListItem.Overlay,overlaywatched.png) + Integer.IsGreater(ListItem.PercentPlayed,41) + !Integer.IsGreater(ListItem.PercentPlayed,50)</visible>
					</control>
					<control type="image">
					<posx>72</posx>
					<posy>70</posy>
					<width>900</width>
					<height>3</height>
					<texture colordiffuse="deepskyblue" diffuse="special://skin/extras/main/glass.jpg">colors/white.png</texture>
					<visible >!String.IsEqual(ListItem.Overlay,overlaywatched.png) + Integer.IsGreater(ListItem.PercentPlayed,51) + !Integer.IsGreater(ListItem.PercentPlayed,60)</visible>
					</control>
					<control type="image">
					<posx>72</posx>
					<posy>70</posy>
					<width>1000</width>
					<height>3</height>
					<texture colordiffuse="deepskyblue" diffuse="special://skin/extras/main/glass.jpg">colors/white.png</texture>
					<visible>!String.IsEqual(ListItem.Overlay,overlaywatched.png) + Integer.IsGreater(ListItem.PercentPlayed,61) + !Integer.IsGreater(ListItem.PercentPlayed,70)</visible>
					</control>
					<control type="image">
					<posx>72</posx>
					<posy>70</posy>
					<width>1200</width>
					<height>3</height>
					<texture colordiffuse="deepskyblue" diffuse="special://skin/extras/main/glass.jpg">colors/white.png</texture>
					<visible>!String.IsEqual(ListItem.Overlay,overlaywatched.png) + Integer.IsGreater(ListItem.PercentPlayed,71) + !Integer.IsGreater(ListItem.PercentPlayed,80)</visible>
					</control>
					<control type="image">
					<posx>72</posx>
					<posy>70</posy>
					<width>1400</width>
					<height>3</height>
					<texture colordiffuse="deepskyblue" diffuse="special://skin/extras/main/glass.jpg">colors/white.png</texture>
					<visible>!String.IsEqual(ListItem.Overlay,overlaywatched.png) + Integer.IsGreater(ListItem.PercentPlayed,81) + !Integer.IsGreater(ListItem.PercentPlayed,90)</visible>
					</control>
					<control type="image">
					<posx>72</posx>
					<posy>70</posy>
					<width>1650</width>
					<height>3</height>
					<texture colordiffuse="deepskyblue" diffuse="special://skin/extras/main/glass.jpg">colors/white.png</texture>
					<visible>!String.IsEqual(ListItem.Overlay,overlaywatched.png) + Integer.IsGreater(ListItem.PercentPlayed,91)</visible>
					</control>
					</control>
					</include>


<include name="my_video_nav_video_title">
<control type="grouplist">
<visible>!String.IsEmpty(VideoPlayer.Title)</visible>
<visible>player.hasvideo + control.hasfocus(54)</visible>
<posx>168</posx>
<posy>140</posy>
<width>1920</width>
<height>100</height>
<align>left</align>
<orientation>horizontal</orientation>
<control type="button">
<posx>0</posx>
<posy>0</posy>
<width>auto</width>
<height>50</height>
<texturenofocus colordiffuse="highlight">colors/white.png</texturenofocus>
<texturefocus colordiffuse="highlight">colors/white.png</texturefocus>
<label>$INFO[VideoPlayer.Title]</label>
</control>
</control>
</include>

<include name="my_video_nav_video_trailer">
<control type="grouplist">
<animation effect="fade" time="450">VisibleChange</animation>
<visible>![Player.HasVideo | Player.HasAudio] + !String.IsEmpty(ListItem.trailer)</visible>
<posx>168</posx>
<posy>140</posy>
<width>1920</width>
<height>100</height>
<align>left</align>
<orientation>horizontal</orientation>
<control type="button">
<posx>0</posx>
<posy>0</posy>
<width>auto</width>
<height>50</height>
<texturenofocus colordiffuse="highlight">colors/white.png</texturenofocus>
<texturefocus colordiffuse="highlight">colors/white.png</texturefocus>
<label>לחיצה שמאלית להפעלת הטריילר</label>
</control>
</control>
</include>

</includes>
