<?xml version="1.0" encoding="UTF-8"?>


<includes>



<include name="mediacenternetflix">
<definition>


<control type="group">

<posy>$PARAM[posy]</posy>
<posx>$PARAM[posx]</posx>
<control type="wraplist" id="$PARAM[netflixid]">
<posx>0</posx>
<posy>0</posy>
<width>1920</width>
<height>500</height>
<ondown>$PARAM[ondown]</ondown>
<onup>$PARAM[onup]</onup>
<focusposition>0</focusposition>
<orientation>Horizontal</orientation>
<scrolltime tween="sine" easing="inout">350</scrolltime>
<preloaditems>2</preloaditems>
<itemlayout width="350" height="100">
<control type="image">
<posx>5</posx>
<posy>5</posy>
<width>340</width>
<height>200</height>
<texture fallback="$PARAM[fallback]">$INFO[ListItem.Art(fanart)]</texture>
</control>
</itemlayout>
<focusedlayout width="350" height="100">
<control type="image">
<visible>Control.HasFocus($PARAM[netflixid])</visible>
<posx>0</posx>
<posy>0</posy>
<width>350</width>
<height>210</height>
<bordertexture>colors/white.png</bordertexture>
<bordersize>6</bordersize>
<texture>colors/black.png</texture>
</control>
<control type="image">
<posx>5</posx>
<posy>5</posy>
<width>340</width>
<height>200</height>
<texture fallback="$PARAM[fallback]">$INFO[ListItem.Art(fanart)]</texture>
</control>
</focusedlayout>
<content sortby="$PARAM[sortby]" sortorder="$PARAM[sortorder]">$PARAM[netflixcontent]</content>
</control>
</control>




<control type="group">
<animation effect="fade" start="0" end="100" time="350">VisibleChange</animation>
<visible>Control.IsVisible($PARAM[netflixid]) + Control.HasFocus($PARAM[netflixid])</visible>
<control type="multiimage">
<posx>400</posx>
<posy>0</posy>
<width>1620</width>
<height>750</height>
<fadetime>250</fadetime>
<imagepath diffuse="special://skin/extras/overlay/right_corner.png">$INFO[Container($PARAM[netflixid]).ListItem.Art(fanart)]</imagepath>
</control>
<control type="label">
<posx>10</posx>
<posy>0</posy>
<width>650</width>
<height>50</height>
<align>left</align>
<font>mediumTitle</font>
<label>$INFO[Container($PARAM[netflixid]).ListItem.Label]</label>
</control>
<control type="textbox">
<autoscroll fade="3500" time="3500" delay="8000" repeat="4000"></autoscroll>
<posx>10</posx>
<posy>300</posy>
<width>550</width>
<height>110</height>
<align>left</align>
<font>SmallStrong</font>
<label>$INFO[Container($PARAM[netflixid]).ListItem.Plot]</label>
</control>


<control type="group">
<visible>!String.IsEmpty(Container($PARAM[netflixid]).ListItem.Genre)</visible>
<control type="image">
<posx>10</posx>
<posy>430</posy>
<width>35</width>
<height>35</height>
<texture colordiffuse="red">special://skin/extras/genre.png</texture>
</control>
<control type="label">
<posx>50</posx>
<posy>422</posy>
<width>550</width>
<height>50</height>
<align>left</align>
<font>SmallStrong</font>
<textcolor>gray</textcolor>
<label>[I]$INFO[Container($PARAM[netflixid]).ListItem.Genre][/I]</label>
</control>
</control>

<control type="group">
<posy>95</posy>
<posx>0</posx>
		<control type="image">
			<visible>!String.IsEmpty(Container($PARAM[netflixid]).ListItem.Art(clearart))</visible>
            <posx>0</posx>
            <posy>0</posy>
            <width>450</width>
			<height>120</height>
            <texture diffuse="special://skin/extras/overlay/right_corner.png">$INFO[Container($PARAM[netflixid]).ListItem.Art(clearart)]</texture>
            <colordiffuse>BBffffff</colordiffuse>
        </control>
		<control type="image">
			<visible>!String.IsEmpty(Container($PARAM[netflixid]).ListItem.Art(clearlogo)) + String.IsEmpty(Container($PARAM[netflixid]).ListItem.Art(clearart))</visible>
            <posx>0</posx>
            <posy>0</posy>
            <width>450</width>
			<height>120</height>
            <texture diffuse="special://skin/extras/overlay/right_corner.png">$INFO[Container($PARAM[netflixid]).ListItem.Art(clearlogo)]</texture>
            <colordiffuse>BBffffff</colordiffuse>
        </control>
		</control>



<control type="grouplist">
<posx>20</posx>
<posy>250</posy>
<width>1200</width>
<height>100</height>
<orientation>Horizontal</orientation>
<itemgap>10</itemgap>
<control type="group">
<visible>!String.IsEmpty(Container($PARAM[netflixid]).ListItem.Rating)</visible>
<width>40</width>
<include content="extrainfo">
<param name="width" value="40"/>
<param name="label1" value="$INFO[Container($PARAM[netflixid]).ListItem.Rating]"/>
</include>
</control>
<control type="group">
<visible>!String.IsEmpty(Container($PARAM[netflixid]).ListItem.Votes)</visible>
<width>115</width>
<param name="width" value="0"/>
<include content="extrainfo">
<param name="label1" value="$INFO[Container($PARAM[netflixid]).ListItem.Votes]"/>
</include>
</control>
<control type="group">
<visible>!String.IsEmpty(Container($PARAM[netflixid]).ListItem.Duration)</visible>
<width>135</width>
<param name="width" value="0"/>
<include content="extrainfo">
<param name="label1" value="$INFO[Container($PARAM[netflixid]).ListItem.Duration,(,)]"/>
</include>
</control>
</control>
</control>
</definition>
</include>


<include name="extrainfo">
<definition>
<animation effect="slide" start="0,0" end="0,-150" time="250" tween="sine" easing="inout">Hidden</animation>
<control type="label">
<posx>0</posx>
<posy>0</posy>
<width>$PARAM[width]</width>
<height>35</height>
<align>center</align>
<font>SmallStrong</font>
<label>$PARAM[label1]</label>
</control>
</definition>
</include>
 
</includes>
