<?xml version="1.0" encoding="UTF-8"?>


<includes>


<include name="mediacentermusic">
<definition>

<control type="group">
<visible>Container(1256).HasFocus($PARAM[itemid])</visible>
<animation condition="Integer.IsGreater(Container($PARAM[newid]).NumItems,0)" effect="fade" start="0" end="100" time="450">Conditional</animation>
<control type="list" id="$PARAM[newid]">
	     	<include content="globalanimation">
			<param name="animposx" value="-1000"/>
			<param name="animposy" value="0"/>
			<param name="time" value="550"/>
			</include>
<posx>2625</posx>
<posy>540</posy>
<width>500</width>
<height>270</height>
<onback>1256</onback>
<orientation>Vertical</orientation>
<focusposition>1</focusposition>
<scrolltime tween="sine" easing="inout">350</scrolltime>
<itemlayout width="220" height="45">
<control type="image">
<posx>0</posx>
<posy>0</posy>
<width>270</width>
<height>35</height>
<texture colordiffuse="4a666666">colors/white.png</texture>
</control>
<control type="label">
<posx>0</posx>
<posy>0</posy>
<width>270</width>
<height>35</height>
<align>right</align>
<font>SmallStrong</font>
<label>$INFO[ListItem.Label]</label>
</control>
</itemlayout>
<focusedlayout width="220" height="45">
<control type="image">
<posx>0</posx>
<posy>0</posy>
<width>270</width>
<height>35</height>
<texture colordiffuse="4a666666">colors/white.png</texture>
</control>
<control type="image">
<visible>Control.HasFocus($PARAM[newid])</visible>
<posx>0</posx>
<posy>0</posy>
<width>270</width>
<height>35</height>
<texture colordiffuse="highlight">colors/white.png</texture>
</control>
<control type="label">
<posx>0</posx>
<posy>0</posy>
<width>270</width>
<height>35</height>
<align>right</align>
<font>SmallStrong</font>
<label>$INFO[ListItem.Label]</label>
</control>
</focusedlayout>
<content sortby="dateadded" sortorder="descending">$PARAM[content]</content>
</control>

<control type="group">
	     	<include content="globalanimation">
			<param name="animposx" value="1070"/>
			<param name="animposy" value="0"/>
			<param name="time" value="550"/>
			</include>
<posx>-1035</posx>
<posy>545</posy>
<control type="multiimage">
<posx>0</posx>
<posy>0</posy>
<width>250</width>
<height>250</height>
<fadetime>350</fadetime>
<imagepath fallback="special://skin/extras/fallbacks/videodefault.jpg">$INFO[Container($PARAM[newid]).ListItem.Thumb]</imagepath>
</control>
</control>

</control>
</definition>
</include>


 
</includes>
