<?xml version="1.0" encoding="UTF-8"?>




<includes>





<include name="yesgodesing">
<param name="sortby" default="dateadded"/>
<param name="sortorder" default="descending"/>
<definition>
<control type="group">
<visible>Container(1256).HasFocus($PARAM[itemid])</visible>
<control type="grouplist" id="4000">
<visible>!Window.IsActive(DialogVideoInfo.xml)</visible>
<posx>300</posx>
<posy>2040</posy>
<width>800</width>
<height>100</height>
<itemgap>20</itemgap>
<orientation>horizontal</orientation>
<control type="button" id="30">
<visible>!Player.HasVideo</visible>
<posx>0</posx>
<posy>0</posy>
<width>150</width>
<height>40</height>
<texturefocus colordiffuse="deeppink">colors/white.png</texturefocus>
<texturenofocus colordiffuse="deepskyblue">colors/white.png</texturenofocus>
<textcolor>white</textcolor>
<focusedcolor>white</focusedcolor>
<align>center</align>
<label>נגן</label>
<onclick>PlayerControl(play)</onclick>
</control>
<control type="button" id="31">
<visible>Player.HasVideo</visible>
<posx>0</posx>
<posy>0</posy>
<width>150</width>
<height>40</height>
<texturefocus colordiffuse="deeppink">colors/white.png</texturefocus>
<texturenofocus colordiffuse="deepskyblue">colors/white.png</texturenofocus>
<textcolor>white</textcolor>
<focusedcolor>white</focusedcolor>
<align>center</align>
<label>עצור</label>
<onclick>PlayerControl(stop)</onclick>
</control>
<control type="button" id="32">
<posx>0</posx>
<posy>0</posy>
<width>150</width>
<height>40</height>
<texturefocus colordiffuse="deepskyblue">colors/white.png</texturefocus>
<texturenofocus colordiffuse="deepskyblue">colors/white.png</texturenofocus>
<textcolor>white</textcolor>
<focusedcolor>deeppink</focusedcolor>
<align>center</align>
<label>טריילר</label>
</control>
<control type="button" id="33">
<posx>0</posx>
<posy>0</posy>
<width>150</width>
<height>40</height>
<texturefocus colordiffuse="deepskyblue">colors/white.png</texturefocus>
<texturenofocus colordiffuse="deepskyblue">colors/white.png</texturenofocus>
<textcolor>white</textcolor>
<focusedcolor>deeppink</focusedcolor>
<align>center</align>
<label>חזרה</label>
</control>
</control>

<control type="wraplist" id="$PARAM[yesgoid]">
<posx>120</posx>
<posy>$PARAM[posy]</posy>
<posy>0</posy>
<width>1970</width>
<height>800</height>
<onback>1256</onback>
<onclick>Action(info)</onclick>
<preloaditems>2</preloaditems>
<focusposition>0</focusposition>
<orientation>horizontal</orientation>
<scrolltime tween="sine" easing="inout">450</scrolltime>
<itemlayout width="920" height="500">

<control type="group">
<posx>0</posx>
<control type="image">
<posx>5</posx>
<posy>5</posy>
<width>200</width>
<height>100</height>
<texture>$INFO[ListItem.Art(fanart)]</texture>
</control>
<control type="label">
<posx>40</posx>
<posy>21</posy>
<width>450</width>
<height>50</height>
<align>right</align>
<font>textbox</font>
<textcolor>gray</textcolor>
<label>$INFO[System.Time] - $INFO[ListItem.Duration]</label>
</control>	
<control type="label">
<posx>500</posx>
<posy>20</posy>
<width>350</width>
<height>50</height>
<align>right</align>
<font>textbox</font>
<textcolor>white</textcolor>
<label>[B]$INFO[ListItem.Label][/B]</label>
</control>
<control type="textbox">
<posx>50</posx>
<posy>115</posy>
<width>800</width>
<height>115</height>
<align>right</align>
<font>smallMedium</font>
<autoscroll time="3000" fade="3000" repeat="3000">Container($PARAM[yesgoid]).Column(0)</autoscroll>
<label>$INFO[ListItem.Plot]</label>
</control>
</control>
   <control type="image">
   <posx>-5</posx>
   <posy>0</posy>
   <width>2</width>
   <height>300</height>
   <texture colordiffuse="gray">colors/white.png</texture>
   </control>
</itemlayout>
<focusedlayout width="920" height="500">
<control type="group">
<posx>0</posx>
<control type="image">
<visible>!Control.HasFocus($PARAM[yesgoid])</visible>
<posx>5</posx>
<posy>5</posy>
<width>200</width>
<height>100</height>
<texture>$INFO[ListItem.Art(fanart)]</texture>
</control>
<control type="image">
<visible>Control.HasFocus($PARAM[yesgoid])</visible>
<posx>5</posx>
<posy>5</posy>
<width>200</width>
<height>100</height>
<bordertexture colordiffuse="gray">colors/white.png</bordertexture>
<bordersize>5</bordersize>
<texture>$INFO[ListItem.Art(fanart)]</texture>
</control>
<control type="label">
<posx>40</posx>
<posy>21</posy>
<width>450</width>
<height>50</height>
<align>right</align>
<font>textbox</font>
<textcolor>gray</textcolor>
<label>$INFO[System.Time] - $INFO[ListItem.Duration]</label>
</control>
<control type="label">
<posx>500</posx>
<posy>20</posy>
<width>350</width>
<height>50</height>
<align>right</align>
<textcolor>white</textcolor>
<font>textbox</font>
<label>[B]$INFO[ListItem.Label][/B]</label>
</control>
<control type="textbox">
<posx>50</posx>
<posy>115</posy>
<width>800</width>
<height>115</height>
<align>right</align>
<font>smallMedium</font>
<autoscroll time="3000" fade="3000" repeat="3000">Container($PARAM[yesgoid]).Column(0)</autoscroll>
<label>$INFO[ListItem.Plot]</label>
</control>
</control>
   <control type="image">
   <posx>-5</posx>
   <posy>0</posy>
   <width>2</width>
   <height>300</height>
   <texture colordiffuse="gray">colors/white.png</texture>
   </control>
</focusedlayout>
<content sortby="$PARAM[sortby]" sortorder="$PARAM[sortorder]">$PARAM[yesgocontent]</content>
</control>
</control>

</definition>
</include>
</includes>
