<?xml version="1.0" encoding="UTF-8"?>



<includes>


<include name="radioextrasinfo">


<control type="group">
<animation condition="!Window.IsActive(6009)" effect="zoom" start="100,100" end="50,50" time="350">Conditional</animation>
<visible>Player.HasAudio</visible>
<visible>!Window.IsActive(6009)</visible>
<posy>480</posy>
<posx>-580</posx>

		<control type="button" id="6654">
		<posx>1200</posx>
		<posy>105</posy>
		<width>700</width>
		<height>375</height>
		<ondown>SetFocus(8001)</ondown>
		<textoffsety>80</textoffsety>
		<texturenofocus>colors/white.png</texturenofocus>
		<texturefocus colordiffuse="gray">colors/white.png</texturefocus>
		<align>center</align>
		<textcolor>black</textcolor>
		<focusedcolor>burlywood</focusedcolor>
		<label>לערוצי הרדיו</label>
		<onclick>ActivateWindow(6009)</onclick>
		</control>

<control type="image">
<posx>1200</posx>
<posy>100</posy>
<width>700</width>
<height>450</height>
<bordertexture colordiffuse="gray">colors/white.png</bordertexture>
<bordersize>3</bordersize>
<texture>colors/black.png</texture>
</control>
<control type="image">
<posx>1230</posx>
<posy>105</posy>
<width>650</width>
<height>355</height>
<texture>special://skin/extras/radioimage/music.gif</texture>
</control>





<control type="label">
<autoscroll fade="3500" time="3500" repeat="4000">Player.HasAudio</autoscroll>
<description>Conditions Label</description>
<posx>1415</posx>
<posy>285</posy>
<width>317</width>
<height>110</height>
<align>center</align>
<font>font-18</font>
<scroll>true</scroll>
<shadowcolor>black</shadowcolor>
<label>$INFO[VideoPlayer.Title]</label>
<textcolor>white</textcolor>
</control>




		<control type="group">
		<control type="list" id="8001">
		<animation type="WindowOpen">
		<effect type="slide" start="0,0" end="0,-650" tween="cubic" easing="out" time="750"/>
		</animation>
		<animation type="WindowClose">
		<effect type="slide" start="0,-650" end="0,0" tween="cubic" easing="inout" time="750"/>
		</animation>
		<posy>1060</posy>
		<posx>1320</posx>
		<width>880</width>
		<height>200</height>
		<orientation>horizontal</orientation>
		<onup>SetFocus(6654)</onup>
		<onright>SetFocus(9000)</onright>
		<itemlayout width="95" height="175">
		<control type="image">
		<posx>15</posx>
		<posy>65</posy>
		<width>65</width>
		<height>65</height>
		<aspectratio>keep</aspectratio>
		<texture colordiffuse="white">$INFO[ListItem.Thumb]</texture>
		</control>
		</itemlayout>
		<focusedlayout width="95" height="175">
		<control type="image">
		<visible>!control.hasfocus(8001)</visible>
		<posx>15</posx>
		<posy>65</posy>
		<width>65</width>
		<height>65</height>
		<aspectratio>keep</aspectratio>
		<texture colordiffuse="white">$INFO[ListItem.Thumb]</texture>
		</control>
		<control type="image">
		<visible>control.hasfocus(8001)</visible>
		<animation effect="zoom" center="auto" start="100,100" end="115,115" time="50">Focus</animation>
		<posx>15</posx>
		<posy>65</posy>
		<width>65</width>
		<height>65</height>
		<aspectratio>keep</aspectratio>
		<texture colordiffuse="burlywood">$INFO[ListItem.Thumb]</texture>
	</control>

		</focusedlayout>
		<content>
		<item>
		<visible>!VideoPlayer.HasSubtitles</visible>
		<label>ווליום</label>
		<thumb>special://skin/extras/osd/audio-add-xxl.png</thumb>
		</item>
		<item>
		<visible>VideoPlayer.HasSubtitles + VideoPlayer.SubtitlesEnabled</visible>
		<label>בטל כתובית</label>
		<thumb>special://skin/extras/osd/subs3.png</thumb>
		<onclick>ShowSubtitles</onclick>
		</item>
		<item>
		<thumb>special://skin/extras/osd/previous.png</thumb>
		<onclick>PlayerControl(previous)</onclick>
		<label>להתחלה</label>
		</item>
		<item>
		<label>עצור</label>
		<thumb>special://skin/extras/osd/stop.png</thumb>
		<onclick>PlayerControl(Stop)</onclick>
		<onclick>Dialog.Close(all,true)</onclick>
		<onclick>ClearProperty(home)</onclick>
		</item>
		<item>
		<visible>Player.Paused</visible>
		<thumb>special://skin/extras/osd/play.png</thumb>
		<onclick>play</onclick>
		<label>נגן</label>
		</item>
		<item>
		<visible>!Player.Paused</visible>
		<label>השהה</label>
		<thumb>special://skin/extras/osd/pause.png</thumb>
		<onclick>pause</onclick>
		<label>השהה</label>
		</item>
		<item>
		<thumb>special://skin/extras/osd/forward.png</thumb>
		<onclick>PlayerControl(forward)</onclick>
		<label>הרץ קדימה</label>
		</item>
		</content>
		</control>
		</control>
		
		

		
		
</control>

</include>


</includes>
