<?xml version="1.0" encoding="UTF-8"?>



<includes>


<include name="extradebridmovies">
<definition>

<control type="group">
<control type="multiimage">
<animation condition="Window.IsActive(movieinformation)" effect="slide" start="0,0" end="350,0" tween="sine" easing="inout" time="350">Conditional</animation>
<animation condition="Control.HasFocus($PARAM[extrasmoviesid])" effect="slide" start="0,0" end="0,1000" time="850" tween="sine" easing="inout">Conditional</animation>
<posx>$PARAM[bigimageposx]</posx>
<posy>$PARAM[bigimageposy]</posy>
<width>1920</width>
<height>623</height>
<fadetime>450</fadetime>
<imagepath>$INFO[Container($PARAM[extrasmoviesid]).ListItem.Art(fanart)]</imagepath>
</control>

<control type="group">
<posy>$PARAM[textboxposy]</posy>
<control type="textbox">
<visible>Control.HasFocus($PARAM[extrasmoviesid])</visible>
<posx>$PARAM[textboxposx]</posx>
<posy>570</posy>
<width>800</width>
<height>200</height>
<align>right</align>
<font>mediumTitle</font>
<label>$INFO[Container($PARAM[extrasmoviesid]).ListItem.Label]</label>
</control>

<control type="group">
<posx>$PARAM[genredurationposx]</posx>
<control type="textbox">
<visible>Control.HasFocus($PARAM[extrasmoviesid])</visible>
<posx>655</posx>
<posy>700</posy>
<width>800</width>
<height>200</height>
<align>right</align>
<font>mediumTitle</font>
<label>$INFO[Container($PARAM[extrasmoviesid]).ListItem.Duration((hh:mm:ss)]</label>
</control>

<control type="image">
<visible>Control.HasFocus($PARAM[extrasmoviesid]) + !String.IsEmpty(Container($PARAM[extrasmoviesid]).ListItem.Duration)</visible>
<posx>1465</posx>
<posy>714</posy>
<width>45</width>
<height>45</height>
<texture colordiffuse="burlywood">special://skin/extras/test/time.png</texture>
</control>

<control type="image">
<visible>Control.HasFocus($PARAM[extrasmoviesid]) + !String.IsEmpty(Container($PARAM[extrasmoviesid]).ListItem.Genre)</visible>
<posx>1465</posx>
<posy>775</posy>
<width>45</width>
<height>45</height>
<texture colordiffuse="burlywood">special://skin/extras/genre.png</texture>
</control>

<control type="label">
<visible>Control.HasFocus($PARAM[extrasmoviesid])</visible>
<posx>1460</posx>
<posy>695</posy>
<width>1000</width>
<height>200</height>
<align>right</align>
<textcolor>gray</textcolor>
<label>[I]$INFO[Container($PARAM[extrasmoviesid]).ListItem.Genre][/I]</label>
</control>
</control>

<control type="textbox">
<visible>Control.HasFocus($PARAM[extrasmoviesid])</visible>
<autoscroll fade="2500" time="2500" repeat="4000"></autoscroll>
<posx>$PARAM[textboxposx]</posx>
<posy>850</posy>
<width>800</width>
<height>165</height>
<align>right</align>
<label>$INFO[Container($PARAM[extrasmoviesid]).ListItem.Plot]</label>
</control>

<control type="multiimage">
<animation condition="System.IdleTime(2)" effect="rotatex" start="-360" end="360" time="750" center="855">Conditional</animation>
<visible>Control.HasFocus($PARAM[extrasmoviesid])</visible>
<posx>$PARAM[posterposx]</posx>
<posy>580</posy>
<width>350</width>
<height>445</height>
<fadetime>350</fadetime>
<imagepath>$INFO[Container($PARAM[extrasmoviesid]).ListItem.Art(poster)]</imagepath>
</control>
</control>
</control>



<control type="group">
<animation condition="Control.HasFocus($PARAM[extrasmoviesid])" effect="slide" start="0,0" end="$PARAM[animposx],$PARAM[animposy]" time="650" tween="sine" easing="inout">Conditional</animation>	


<control type="image">
<animation condition="Control.HasFocus($PARAM[extrasmoviesid])" effect="rotatey" center="195" start="360" end="-360" time="650">Conditional</animation>
<posx>0</posx>
<posy>0</posy>
<width>335</width>
<height>450</height>
<bordertexture colordiffuse="white">colors/white.png</bordertexture>
<bordersize>2</bordersize>
<texture colordiffuse="black">colors/white.png</texture>
</control>




<control type="multiimage">
<animation condition="Control.HasFocus($PARAM[extrasmoviesid])" effect="rotatey" center="195" start="360" end="-360" time="650">Conditional</animation>
<animation condition="Control.HasFocus($PARAM[extrasmoviesid])" effect="fade" start="100" end="0" time="450">Conditional</animation>
<posx>5</posx>
<posy>5</posy>
<width>325</width>
<height>440</height>
<fadetime>350</fadetime>
<imagepath>$INFO[Container($PARAM[extrasmoviesid]).ListItem.Art(poster)]</imagepath>
</control>

<control type="group">
<animation condition="Control.HasFocus($PARAM[extrasmoviesid])" effect="rotatey" center="195" start="360" end="-360" time="650">Conditional</animation>
<control type="list" id="$PARAM[extrasmoviesid]">
<posx>0</posx>
<posy>0</posy>
<width>330</width>
<height>450</height>
<onback>5000</onback>
<onclick>Action(info)</onclick>
<orientation>vertical</orientation>
<autoscroll fade="4000" time="5000">$PARAM[scrollbuttonid]</autoscroll>
<scrolltime tween="sine" easing="inout">350</scrolltime>
<preloaditems>2</preloaditems>
<itemlayout width="330" height="60">
<control type="textbox">
<visible>control.hasfocus($PARAM[extrasmoviesid]) | Window.IsActive(movieinformation)</visible>
<posx>0</posx>
<posy>0</posy>
<width>330</width>
<height>120</height>
<align>right</align>
<font>settingsCategoryTitle</font>
<textcolor>white</textcolor>
<label>$INFO[ListItem.Label]</label>
</control>
<control type="image">
<visible>control.hasfocus($PARAM[extrasmoviesid]) | Window.IsActive(movieinformation)</visible>
<posx>0</posx>
<posy>0</posy>
<width>338</width>
<height>1</height>
<texture colordiffuse="white.png">colors/white.png</texture>
</control>
</itemlayout>
<focusedlayout width="330" height="60">
<control type="image">
<visible>control.hasfocus($PARAM[extrasmoviesid]) | Window.IsActive(movieinformation)</visible>
<posx>5</posx>
<posy>2</posy>
<width>330</width>
<height>55</height>
<texture diffuse="special://skin/extras/test/poster_diffuse.png" border="0">colors/white.png</texture>
<colordiffuse>highlight</colordiffuse>
</control>
<control type="textbox">
<visible>control.hasfocus($PARAM[extrasmoviesid] | Window.IsActive(movieinformation)</visible>
<posx>0</posx>
<posy>0</posy>
<width>330</width>
<height>120</height>
<align>right</align>
<font>settingsCategoryTitle</font>
<textcolor>white</textcolor>
<label>$INFO[ListItem.Label]</label>
</control>
<control type="image">
<visible>control.hasfocus($PARAM[extrasmoviesid]) | Window.IsActive(movieinformation)</visible>
<posx>0</posx>
<posy>0</posy>
<width>338</width>
<height>1</height>
<texture colordiffuse="white.png">colors/white.png</texture>
</control>
</focusedlayout>
<content sortby="dateadded" sortorder="descending">$PARAM[extramoviescontent]</content>
</control>
</control>


<control type="group">
<animation condition="Control.HasFocus($PARAM[extrasmoviesid])" effect="rotatey" center="195" start="360" end="-360" time="650">Conditional</animation>
<animation condition="Control.HasFocus($PARAM[extrasmoviesid])" effect="fade" start="100" end="0" time="450">Conditional</animation>
<control type="image">
<posx>4</posx>
<posy>380</posy>
<width>328</width>
<height>65</height>
<texture>colors/black.png</texture>
<colordiffuse>77000000</colordiffuse>
</control>
<control type="image">
<posx>4</posx>
<posy>380</posy>
<width>328</width>
<height>65</height>
<texture>colors/black.png</texture>
<colordiffuse>77000000</colordiffuse>
</control>
<control type="textbox">
<posx>0</posx>
<posy>380</posy>
<width>330</width>
<height>120</height>
<align>right</align>
<font>settingsCategoryTitle</font>
<textcolor>white</textcolor>
<label>$INFO[Container($PARAM[extrasmoviesid]).ListItem.Label]</label>
</control>
</control>
</control>
</definition>
</include>



<include name="extramoviesbuttons">
<control type="grouplist" id="5000">
<posx>110</posx>
<posy>5</posy>
<width>1920</width>
<height>50</height>
<ondown>SetFocus(5001)</ondown>
<orientation>horizontal</orientation>
<itemgap>210</itemgap>
<control type="button" id="21">
<animation condition="Control.HasFocus(501) | Control.HasFocus(502) | Control.HasFocus(503) | Control.HasFocus(504) | Control.HasFocus(505) | Control.HasFocus(506) | Control.HasFocus(507) | Control.HasFocus(508) | Control.HasFocus(509)" effect="slide" start="0,0" end="0,-1000" time="550" tween="sine" easing="inout">Conditional</animation>
<animation condition="Control.HasFocus(500)" effect="slide" start="0,0" end="1570,570" time="650" tween="sine" easing="inout">Conditional</animation>	
<posx>0</posx>
<posy>0</posy>
<width>150</width>
<height>35</height>
<font>settingsCategoryTitle</font>
<texturenofocus colordiffuse="highlight" diffuse="special://skin/extras/test/poster_diffuse.png" border="0">colors/white.png</texturenofocus>
<texturefocus colordiffuse="highlight" diffuse="special://skin/extras/test/poster_diffuse.png" border="0">colors/white.png</texturefocus>
<label>סרטים 1</label>
<textcolor>white</textcolor>
<focusedcolor>burlywood</focusedcolor>
<align>center</align>
<onclick>Control.SetFocus(500)</onclick>
</control>

<control type="button" id="22">
<animation condition="Control.HasFocus(500) | Control.HasFocus(502) | Control.HasFocus(503) | Control.HasFocus(504) | Control.HasFocus(505) | Control.HasFocus(506) | Control.HasFocus(507) | Control.HasFocus(508) | Control.HasFocus(509)" effect="slide" start="0,0" end="0,-1000" time="550" tween="sine" easing="inout">Conditional</animation>
<animation condition="Control.HasFocus(501)" effect="slide" start="0,0" end="1200,570" time="650" tween="sine" easing="inout">Conditional</animation>	
<posx>0</posx>
<posy>0</posy>
<width>150</width>
<height>35</height>
<font>settingsCategoryTitle</font>
<texturenofocus colordiffuse="highlight" diffuse="special://skin/extras/test/poster_diffuse.png" border="0">colors/white.png</texturenofocus>
<texturefocus colordiffuse="highlight" diffuse="special://skin/extras/test/poster_diffuse.png" border="0">colors/white.png</texturefocus>
<label>סרטים 2</label>
<textcolor>white</textcolor>
<focusedcolor>burlywood</focusedcolor>
<align>center</align>
<onclick>Control.SetFocus(501)</onclick>
</control>


<control type="button" id="23">
<animation condition="Control.HasFocus(500) | Control.HasFocus(501) | Control.HasFocus(503) | Control.HasFocus(504) | Control.HasFocus(505) | Control.HasFocus(506) | Control.HasFocus(507) | Control.HasFocus(508) | Control.HasFocus(509)" effect="slide" start="0,0" end="0,-1000" time="550" tween="sine" easing="inout">Conditional</animation>
<animation condition="Control.HasFocus(502)" effect="slide" start="0,0" end="850,570" time="650" tween="sine" easing="inout">Conditional</animation>	
<posx>0</posx>
<posy>0</posy>
<width>150</width>
<height>35</height>
<font>settingsCategoryTitle</font>
<texturenofocus colordiffuse="highlight" diffuse="special://skin/extras/test/poster_diffuse.png" border="0">colors/white.png</texturenofocus>
<texturefocus colordiffuse="highlight" diffuse="special://skin/extras/test/poster_diffuse.png" border="0">colors/white.png</texturefocus>
<label>סרטים 3</label>
<textcolor>white</textcolor>
<focusedcolor>burlywood</focusedcolor>
<align>center</align>
<onclick>Control.SetFocus(502)</onclick>
</control>

<control type="button" id="24">
<animation condition="Control.HasFocus(500) | Control.HasFocus(501) | Control.HasFocus(502) | Control.HasFocus(504) | Control.HasFocus(505) | Control.HasFocus(506) | Control.HasFocus(507) | Control.HasFocus(508) | Control.HasFocus(509)" effect="slide" start="0,0" end="0,-1000" time="550" tween="sine" easing="inout">Conditional</animation>
<animation condition="Control.HasFocus(503)" effect="slide" start="0,0" end="480,570" time="650" tween="sine" easing="inout">Conditional</animation>	
<posx>0</posx>
<posy>0</posy>
<width>150</width>
<height>35</height>
<font>settingsCategoryTitle</font>
<texturenofocus colordiffuse="highlight" diffuse="special://skin/extras/test/poster_diffuse.png" border="0">colors/white.png</texturenofocus>
<texturefocus colordiffuse="highlight" diffuse="special://skin/extras/test/poster_diffuse.png" border="0">colors/white.png</texturefocus>
<label>סרטים 4</label>
<textcolor>white</textcolor>
<focusedcolor>burlywood</focusedcolor>
<align>center</align>
<onclick>Control.SetFocus(503)</onclick>
</control>

<control type="button" id="25">
<animation condition="Control.HasFocus(500) | Control.HasFocus(501) | Control.HasFocus(502) | Control.HasFocus(503) | Control.HasFocus(505) | Control.HasFocus(506) | Control.HasFocus(507) | Control.HasFocus(508) | Control.HasFocus(509)" effect="slide" start="0,0" end="0,-1000" time="550" tween="sine" easing="inout">Conditional</animation>
<animation condition="Control.HasFocus(504)" effect="slide" start="0,0" end="130,570" time="650" tween="sine" easing="inout">Conditional</animation>	
<posx>0</posx>
<posy>0</posy>
<width>150</width>
<height>35</height>
<font>settingsCategoryTitle</font>
<texturenofocus colordiffuse="highlight" diffuse="special://skin/extras/test/poster_diffuse.png" border="0">colors/white.png</texturenofocus>
<texturefocus colordiffuse="highlight" diffuse="special://skin/extras/test/poster_diffuse.png" border="0">colors/white.png</texturefocus>
<label>סרטים 5</label>
<textcolor>white</textcolor>
<focusedcolor>burlywood</focusedcolor>
<align>center</align>
<onclick>Control.SetFocus(504)</onclick>
</control>
</control>







<control type="grouplist" id="5001">
<posx>110</posx>
<posy>575</posy>
<width>1920</width>
<height>50</height>
<onup>5000</onup>
<orientation>horizontal</orientation>
<itemgap>210</itemgap>
<control type="button" id="26">
<animation condition="Control.HasFocus(500) | Control.HasFocus(501) | Control.HasFocus(502) | Control.HasFocus(503) | Control.HasFocus(504) | Control.HasFocus(506) | Control.HasFocus(507) | Control.HasFocus(508) | Control.HasFocus(509)" effect="slide" start="0,0" end="0,-1000" time="550" tween="sine" easing="inout">Conditional</animation>
<animation condition="Control.HasFocus(505)" effect="slide" start="0,0" end="1570,0" time="650" tween="sine" easing="inout">Conditional</animation>	
<posx>0</posx>
<posy>0</posy>
<width>150</width>
<height>35</height>
<font>settingsCategoryTitle</font>
<texturenofocus colordiffuse="highlight" diffuse="special://skin/extras/test/poster_diffuse.png" border="0">colors/white.png</texturenofocus>
<texturefocus colordiffuse="highlight" diffuse="special://skin/extras/test/poster_diffuse.png" border="0">colors/white.png</texturefocus>
<label>סרטים 6</label>
<textcolor>white</textcolor>
<focusedcolor>burlywood</focusedcolor>
<align>center</align>
<onclick>Control.SetFocus(505)</onclick>
</control>


<control type="button" id="27">
<animation condition="Control.HasFocus(500) | Control.HasFocus(501) | Control.HasFocus(502) | Control.HasFocus(503) | Control.HasFocus(504) | Control.HasFocus(505) | Control.HasFocus(507) | Control.HasFocus(508) | Control.HasFocus(509)" effect="slide" start="0,0" end="0,-1000" time="550" tween="sine" easing="inout">Conditional</animation>
<animation condition="Control.HasFocus(506)" effect="slide" start="0,0" end="1205,0" time="650" tween="sine" easing="inout">Conditional</animation>	
<posx>0</posx>
<posy>0</posy>
<width>150</width>
<height>35</height>
<font>settingsCategoryTitle</font>
<texturenofocus colordiffuse="highlight" diffuse="special://skin/extras/test/poster_diffuse.png" border="0">colors/white.png</texturenofocus>
<texturefocus colordiffuse="highlight" diffuse="special://skin/extras/test/poster_diffuse.png" border="0">colors/white.png</texturefocus>
<label>סרטים 7</label>
<textcolor>white</textcolor>
<focusedcolor>burlywood</focusedcolor>
<align>center</align>
<onclick>Control.SetFocus(506)</onclick>
</control>


<control type="button" id="28">
<animation condition="Control.HasFocus(500) | Control.HasFocus(501) | Control.HasFocus(502) | Control.HasFocus(503) | Control.HasFocus(504) | Control.HasFocus(505) | Control.HasFocus(506) | Control.HasFocus(508) | Control.HasFocus(509)" effect="slide" start="0,0" end="0,-1000" time="550" tween="sine" easing="inout">Conditional</animation>
<animation condition="Control.HasFocus(507)" effect="slide" start="0,0" end="850,0" time="650" tween="sine" easing="inout">Conditional</animation>	
<posx>0</posx>
<posy>0</posy>
<width>150</width>
<height>35</height>
<font>settingsCategoryTitle</font>
<texturenofocus colordiffuse="highlight" diffuse="special://skin/extras/test/poster_diffuse.png" border="0">colors/white.png</texturenofocus>
<texturefocus colordiffuse="highlight" diffuse="special://skin/extras/test/poster_diffuse.png" border="0">colors/white.png</texturefocus>
<label>סרטים 8</label>
<textcolor>white</textcolor>
<focusedcolor>burlywood</focusedcolor>
<align>center</align>
<onclick>Control.SetFocus(507)</onclick>
</control>


<control type="button" id="29">
<animation condition="Control.HasFocus(500) | Control.HasFocus(501) | Control.HasFocus(502) | Control.HasFocus(503) | Control.HasFocus(504) | Control.HasFocus(505) | Control.HasFocus(506) | Control.HasFocus(507) | Control.HasFocus(509)" effect="slide" start="0,0" end="0,-1000" time="550" tween="sine" easing="inout">Conditional</animation>
<animation condition="Control.HasFocus(508)" effect="slide" start="0,0" end="495,0" time="650" tween="sine" easing="inout">Conditional</animation>	
<posx>0</posx>
<posy>0</posy>
<width>150</width>
<height>35</height>
<font>settingsCategoryTitle</font>
<texturenofocus colordiffuse="highlight" diffuse="special://skin/extras/test/poster_diffuse.png" border="0">colors/white.png</texturenofocus>
<texturefocus colordiffuse="highlight" diffuse="special://skin/extras/test/poster_diffuse.png" border="0">colors/white.png</texturefocus>
<label>סרטים 9</label>
<textcolor>white</textcolor>
<focusedcolor>burlywood</focusedcolor>
<align>center</align>
<onclick>Control.SetFocus(508)</onclick>
</control>

<control type="button" id="30">
<animation condition="Control.HasFocus(500) | Control.HasFocus(501) | Control.HasFocus(502) | Control.HasFocus(503) | Control.HasFocus(504) | Control.HasFocus(505) | Control.HasFocus(506) | Control.HasFocus(507) | Control.HasFocus(508)" effect="slide" start="0,0" end="0,-1000" time="550" tween="sine" easing="inout">Conditional</animation>
<animation condition="Control.HasFocus(509)" effect="slide" start="0,0" end="135,0" time="650" tween="sine" easing="inout">Conditional</animation>	
<posx>0</posx>
<posy>0</posy>
<width>150</width>
<height>35</height>
<font>settingsCategoryTitle</font>
<texturenofocus colordiffuse="highlight" diffuse="special://skin/extras/test/poster_diffuse.png" border="0">colors/white.png</texturenofocus>
<texturefocus colordiffuse="highlight" diffuse="special://skin/extras/test/poster_diffuse.png" border="0">colors/white.png</texturefocus>
<label>סרטים 10</label>
<textcolor>white</textcolor>
<focusedcolor>burlywood</focusedcolor>
<align>center</align>
<onclick>Control.SetFocus(509)</onclick>
</control>

</control>
</include>



</includes>
