<?xml version="1.0" encoding="UTF-8"?>



<includes>

<include name="globalclosebutton">
<definition>
<control type="button">
<posx>1620</posx>
<posy>40</posy>
<width>250</width>
<height>250</height>
<texturenofocus colordiffuse="burlywood">special://skin/extras/test/closewindow.png</texturenofocus>
<texturefocus colordiffuse="white">special://skin/extras/test/closewindow.png</texturefocus>
<shadowcolor>black</shadowcolor>
<label>$PARAM[labelname]</label>
<wrapmultiline>true</wrapmultiline>
<textoffsety>0</textoffsety>
<textoffsetx>$PARAM[posx]</textoffsetx>
<onclick>Dialog.Close(all,true)</onclick>
</control>
</definition>
</include>


</includes>
