<?xml version="1.0" encoding="UTF-8"?>



<includes>

<include name="extrasmoviesdesign">
<definition>
<control type="group">
<animation effect="fade" time="450">VisibleChange</animation>
<visible>Container(2164).HasFocus($PARAM[myitemnumber])</visible>
<control type="multiimage">
<posx>0</posx>
<posy>0</posy>
<width>1520</width>
<height>550</height>
<fadetime>350</fadetime>
<imagepath flipx="true" diffuse="special://skin/extras/overlay/right_corner.png">$INFO[Container($PARAM[idlist]).ListItem.Art(fanart)]</imagepath>
</control>
<control type="group">
<animation effect="fade" time="450">VisibleChange</animation>
<posx>50</posx>
<control type="label">
<posx>1840</posx>
<posy>0</posy>
<width>1000</width>
<height>50</height>
<align>right</align>
<font>mediumTitle</font>
<label>$INFO[Container($PARAM[idlist]).ListItem.Label]</label>
</control>
<control type="textbox">
<posx>1240</posx>
<posy>120</posy>
<width>600</width>
<height>150</height>
<align>right</align>
<autoscroll fade="2500" time="2500" repeat="4000"></autoscroll>
<label>$INFO[Container($PARAM[idlist]).ListItem.Plot]</label>
</control>
<control type="image">
<visible>!String.IsEmpty(Container($PARAM[idlist]).ListItem.Genre)</visible>
<posx>1795</posx>
<posy>300</posy>
<width>45</width>
<height>45</height>
<aspectratio>keep</aspectratio>
<texture colordiffuse="white">special://skin/extras/genre.png</texture>
</control>
<control type="label">
<posx>1765</posx>
<posy>302</posy>
<width>1200</width>
<height>40</height>
<align>right</align>
<textcolor>burlywood</textcolor>
<label>[I]$INFO[Container($PARAM[idlist]).ListItem.Genre][/I]</label>
</control>

<control type="label">
<animation condition="!Integer.IsGreater(Container($PARAM[idlist]).NumItems,0)" effect="fade" start="0" end="100" time="1100" pulse="true">Conditional</animation>
<visible>!Integer.IsGreater(Container($PARAM[idlist]).NumItems,0)</visible>
<posx>1200</posx>
<posy>200</posy>
<width>1000</width>
<height>50</height>
<align>right</align>
<font>font-30</font>
<label>טוען תוכן סבלנות.....</label>
</control>


<control type="multiimage">
<animation condition="String.Contains(Container($PARAM[idlist]).ListItem.Label,מדובב) | String.Contains(Container($PARAM[idlist]).ListItem.Plot,מדובב)" effect="slide" start="0,0" end="-540,0" tween="sine" easing="inout" time="150" fade="50">Conditional</animation>
<posx>2200</posx>
<posy>345</posy>
<width>180</width>
<height>100</height>
<fadetime>250</fadetime>
<imagepath>special://skin/extras/specialbuttons/newddubed.png</imagepath>
</control>

<control type="group">
<visible>Window.IsActive(6698)</visible>
<control type="multiimage">
<animation condition="String.Contains(Container($PARAM[idlist]).ListItem.Year,2020) + !String.Contains(Container($PARAM[idlist]).ListItem.Label,מדובב)" effect="slide" start="0,0" end="-680,0" tween="sine" easing="inout" time="150" fade="50">Conditional</animation>
<posx>2200</posx>
<posy>345</posy>
<width>120</width>
<height>100</height>
<fadetime>250</fadetime>
<imagepath>special://skin/extras/specialbuttons/new.png</imagepath>
</control>
<control type="multiimage">
<animation condition="String.Contains(Container($PARAM[idlist]).ListItem.Year,2020) + String.Contains(Container($PARAM[idlist]).ListItem.Label,מדובב)" effect="slide" start="0,0" end="-520,0" tween="sine" easing="inout" time="150" fade="50">Conditional</animation>
<posx>2200</posx>
<posy>340</posy>
<width>120</width>
<height>100</height>
<fadetime>250</fadetime>
<imagepath>special://skin/extras/specialbuttons/new.png</imagepath>
</control>
</control>
</control>

<control type="list" id="$PARAM[idlist]">
<posx>40</posx>
<posy>450</posy>
<width>1950</width>
<height>800</height>
<preloaditems>2</preloaditems>
<onback>2164</onback>
<ondown>2164</ondown>
<orientation>horizontal</orientation>
<scrolltime tween="sine" easing="out">350</scrolltime>
<itemlayout width="320" height="100">
<control type="image">
<posx>-390</posx>
<posy>-155</posy>
<width>1150</width>
<height>755</height>
<texture>special://skin/extras/specialbuttons/shadowposter.png</texture>
</control>
<control type="image">
<posx>0</posx>
<posy>0</posy>
<width>250</width>
<height>470</height>
<texture>$INFO[ListItem.Thumb]</texture>
</control>
<control type="image">
<posx>0</posx>
<posy>410</posy>
<width>250</width>
<height>60</height>
<texture>colors/black.png</texture>
<colordiffuse>77000000</colordiffuse>
</control>
<control type="label">
<posx>0</posx>
<posy>410</posy>
<width>250</width>
<height>50</height>
<align>right</align>
<font>smallMedium</font>
<label>$INFO[ListItem.Label][CR]$INFO[ListItem.Year]</label>
</control>
</itemlayout>
<focusedlayout width="320" height="100">
<control type="group">
<control type="image">
<posx>-390</posx>
<posy>-155</posy>
<width>1150</width>
<height>755</height>
<texture>special://skin/extras/specialbuttons/shadowposter.png</texture>
</control>
<animation effect="zoom" center="auto" start="100,100" end="105,105" fade="50" time="250">Focus</animation>
<control type="image">
<posx>0</posx>
<posy>0</posy>
<width>250</width>
<height>470</height>
<texture>$INFO[ListItem.Thumb]</texture>
</control>
<control type="image">
<posx>0</posx>
<posy>410</posy>
<width>250</width>
<height>60</height>
<texture>colors/black.png</texture>
<colordiffuse>77000000</colordiffuse>
</control>
<control type="label">
<posx>0</posx>
<posy>410</posy>
<width>250</width>
<height>50</height>
<align>right</align>
<font>smallMedium</font>
<label>$INFO[ListItem.Label][CR]$INFO[ListItem.Year]</label>
</control>
</control>
</focusedlayout>
<content sortby="$PARAM[contentdateadded]" sortorder="$PARAM[contentdescending]">$PARAM[supercontent]</content>
</control>
</control>
</definition>
</include>


</includes>
