<?xml version="1.0" encoding="UTF-8"?>



<includes>

<include name="windowwidgets">
<definition>



<control type="group">
<control type="wraplist" id="$PARAM[widgetid]">
<posx>15</posx>
<posy>80</posy>
<width>1500</width>
<height>1000</height>
<onclick>Action(info)</onclick>
<preloaditems>2</preloaditems>
<focusposition>2</focusposition>
<scrolltime tween="sine" easing="inout">450</scrolltime>
<itemlayout width="380" height="230">
<control type="image">
<animation condition="Control.HasFocus($PARAM[widgetid]) | Control.HasFocus(500) | Window.IsActive(DialogVideoInfo.xml)" effect="zoom" center="auto" start="100,100" end="85,85" time="450">Conditional</animation>
<animation condition="Control.HasFocus($PARAM[widgetid]) | Control.HasFocus(500) | Window.IsActive(DialogVideoInfo.xml)" effect="fade" start="100" end="85" time="450">Conditional</animation>
<animation condition="Control.HasFocus($PARAM[widgetid]) | Control.HasFocus(500) | Window.IsActive(DialogVideoInfo.xml)" effect="rotatex" start="0" end="-10" time="450">Conditional</animation>
<posx>0</posx>
<posy>0</posy>
<width>355</width>
<height>220</height>
<texture fallback="special://skin/extras/fallbacks/videodefault.jpg" background="true">$INFO[ListItem.Art(fanart)]</texture>
</control>
</itemlayout>
<focusedlayout width="380" height="230">
</focusedlayout>
<content sortby="dateadded" sortorder="descending">$PARAM[widgetcontent]</content>
</control>



<control type="group">
<visible>!Player.HasVideo</visible>
<animation effect="zoom" center="auto" start="100,100" end="110,110" time="450">Focus</animation>
<control type="image">
<posx>0</posx>
<posy>525</posy>
<width>850</width>
<height>250</height>
<texture colordiffuse="black">colors/white.png</texture>
</control>

<control type="multiimage">
<posx>485</posx>
<posy>540</posy>
<width>355</width>
<height>220</height>
<bordertexture colordiffuse="white">colors/white.png</bordertexture>
<bordersize>2</bordersize>
<fadetime>450</fadetime>
<imagepath fallback="special://skin/extras/fallbacks/videodefault.jpg" background="true">$INFO[Container($PARAM[widgetid]).ListItem.Art(fanart)]</imagepath>
</control>

<control type="image">
<posx>485</posx>
<posy>690</posy>
<width>355</width>
<height>70</height>
<texture>colors/black.png</texture>
<colordiffuse>77000000</colordiffuse>
</control>
<control type="textbox">
<posx>485</posx>
<posy>690</posy>
<width>350</width>
<height>60</height>
<align>right</align>
<font>itemSubTitle</font>
<label>$INFO[Container($PARAM[widgetid]).ListItem.Label]</label>
</control>
</control>


<control type="group">
<visible>Player.HasVideo</visible>
<posy>-300</posy>
<posx>0</posx>
<control type="image">
<posx>0</posx>
<posy>825</posy>
<width>850</width>
<height>250</height>
<texture colordiffuse="black">colors/white.png</texture>
</control>
<control type="group">
<animation condition="Window.IsActive(movieinformation)" effect="slide" start="0,0" end="0,-100" time="550" tween="sine" easing="inout">Conditional</animation>
<control type="image">
<posx>478</posx>
<posy>525</posy>
<width>370</width>
<height>250</height>
<texture colordiffuse="black">colors/white.png</texture>
</control>

<control type="multiimage">
<posx>485</posx>
<posy>540</posy>
<width>355</width>
<height>220</height>
<bordertexture colordiffuse="white">colors/white.png</bordertexture>
<bordersize>2</bordersize>
<fadetime>450</fadetime>
<imagepath fallback="special://skin/extras/fallbacks/videodefault.jpg" background="true">$INFO[Container($PARAM[widgetid]).ListItem.Art(fanart)]</imagepath>
</control>

<control type="image">
<posx>485</posx>
<posy>690</posy>
<width>355</width>
<height>70</height>
<texture>colors/black.png</texture>
<colordiffuse>77000000</colordiffuse>
</control>
<control type="textbox">
<posx>485</posx>
<posy>690</posy>
<width>350</width>
<height>60</height>
<align>right</align>
<font>itemSubTitle</font>
<label>$INFO[Container($PARAM[widgetid]).ListItem.Label]</label>
</control>
</control>
</control>


<control type="textbox">
<autoscroll fade="3000" time="3000" repeat="3000"></autoscroll>
<posx>20</posx>
<posy>530</posy>
<width>400</width>
<height>95</height>
<align>right</align>
<font>smallMedium</font>
<label>$INFO[Container($PARAM[widgetid]).ListItem.Year][CR][I]$INFO[Container($PARAM[widgetid]).ListItem.Genre][/I]</label>
</control>
<control type="textbox">
<autoscroll fade="3000" time="3000" repeat="3000"></autoscroll>
<posx>20</posx>
<posy>630</posy>
<width>400</width>
<height>120</height>
<align>right</align>
<font>smallMedium</font>
<textcolor>gray</textcolor>
<label>$INFO[Container($PARAM[widgetid]).ListItem.Plot]</label>
</control>
<control type="image">
<posx>20</posx>
<posy>530</posy>
<width>65</width>
<height>65</height>
<texture colordiffuse="gray">special://skin/extras/test/playbutton.png</texture>
</control>
</control>
</definition>
</include>



</includes>
