<?xml version="1.0" encoding="UTF-8"?>



<includes>

<include name="globalclosebutton">
<definition>
<control type="button">
<posx>1630</posx>
<posy>340</posy>
<width>280</width>
<height>250</height>
<texturenofocus colordiffuse="burlywood">special://skin/extras/test/closewindow.png</texturenofocus>
<texturefocus colordiffuse="white">special://skin/extras/test/closewindow.png</texturefocus>
<shadowcolor>black</shadowcolor>
<label>$PARAM[labelname]</label>
<wrapmultiline>true</wrapmultiline>
<textoffsety>0</textoffsety>
<align>center</align>
<textoffsetx>$PARAM[posx]</textoffsetx>
<onclick>Dialog.Close(all,true)</onclick>
</control>
</definition>
</include>



<include name="mainmenu">

		<control type="grouplist" id="9005">
		<animation condition="Window.IsActive(6001) | Window.IsActive(6000)" effect="fade" start="100" end="0" time="150">Conditional</animation>
		<posx>550</posx>
		<posy>280</posy>
		<width>1920</width>
		<height>250</height>
		<orientation>horizontal</orientation>
		<itemgap>120</itemgap>
		<control type="group">
		<control type="image">
		<posx>0</posx>
		<posy>0</posy>
		<width>150</width>
		<height>150</height>
		<texture border="40">special://skin/extras/common/roundedbutton-nofocus.png</texture>
		</control>
		<control type="button" id="21">
		<onright>SetFocus(22)</onright>
		<ondown>SetFocus(9000)</ondown>
		<posx>15</posx>
		<posy>20</posy>
		<width>120</width>
		<height>120</height>
		<wrapmultiline>true</wrapmultiline>
		<align>center</align>
		<label>עדכון[CR]ידני</label>
		<texturefocus colordiffuse="orange">special://skin/extras/common/roundedbutton-focus.png</texturefocus>
		<font>itemSubTitle</font>
		<onclick>ActivateWindow(10001,&quot;plugin://plugin.program.Ghost/?mode=viewbuild&amp;name=%20Pellucid%20Premium%20Ver%202&quot;,return)</onclick>
		</control>
		</control>
		
		
		<control type="group">
		<control type="image">
		<posx>0</posx>
		<posy>0</posy>
		<width>150</width>
		<height>150</height>
		<texture border="40">special://skin/extras/common/roundedbutton-nofocus.png</texture>
		</control>
		<control type="button" id="22">
		<onright>SetFocus(23)</onright>
		<onleft>SetFocus(21)</onleft>
		<ondown>SetFocus(9000)</ondown>
		<posx>25</posx>
		<posy>20</posy>
		<width>100</width>
		<height>100</height>
		<texturenofocus>special://skin/extras/arrows/available-updates-xxl.png</texturenofocus>
		<texturefocus colordiffuse="orange">special://skin/extras/arrows/available-updates-xxl.png</texturefocus>
		<onclick>XBMC.ReloadSkin()</onclick>
		</control>
		</control>
		
		<control type="group">
		<control type="image">
		<posx>0</posx>
		<posy>0</posy>
		<width>150</width>
		<height>150</height>
		<texture border="40">special://skin/extras/common/roundedbutton-nofocus.png</texture>
		</control>
		<control type="button" id="23">
		<onright>SetFocus(24)</onright>
		<onleft>SetFocus(22)</onleft>
		<ondown>SetFocus(9000)</ondown>
		<posx>25</posx>
		<posy>20</posy>
		<width>100</width>
		<height>100</height>
		<texturenofocus>special://skin/extras/arrows/power.png</texturenofocus>
		<texturefocus colordiffuse="orange">special://skin/extras/arrows/power.png</texturefocus>
		<onclick>ActivateWindow(10001,&quot;plugin://plugin.close.kodi/?description&amp;fanart=C%3a%5cUsers%5cneta%5cAppData%5cRoaming%5cKodi%5caddons%5cplugin.close.kodi%5cfanart.jpg&amp;iconimage=C%3a%5cUsers%5cneta%5cAppData%5cRoaming%5cKodi%5caddons%5cplugin.close.kodi%5cresources%5cart%5cforce.png&amp;mode=4&amp;name=Insta%20Kill%20(Warning%20Kills%20The%20MediaCenter%20Instantly)&amp;url=fclose&quot;,return)</onclick>
		</control>
		</control>
		
		<control type="group">
		<control type="image">
		<posx>0</posx>
		<posy>0</posy>
		<width>150</width>
		<height>150</height>
		<texture border="40">special://skin/extras/common/roundedbutton-nofocus.png</texture>
		</control>
		<control type="button" id="24">
		<onright>SetFocus(25)</onright>
		<onleft>SetFocus(23)</onleft>
		<ondown>SetFocus(9000)</ondown>
		<posx>25</posx>
		<posy>20</posy>
		<width>100</width>
		<height>100</height>
		<texturenofocus>special://skin/extras/arrows/favourite.png</texturenofocus>
		<texturefocus colordiffuse="orange">special://skin/extras/arrows/favourite.png</texturefocus>
		<onclick>ActivateWindow(Favourites)</onclick>
		</control>
		</control>
		
		
		<control type="group">
		<control type="image">
		<posx>0</posx>
		<posy>0</posy>
		<width>150</width>
		<height>150</height>
		<texture border="40">special://skin/extras/common/roundedbutton-nofocus.png</texture>
		</control>
		<control type="button" id="25">
		<onright>SetFocus(26)</onright>
		<onleft>SetFocus(24)</onleft>
		<ondown>SetFocus(9000)</ondown>
		<posx>25</posx>
		<posy>20</posy>
		<width>100</width>
		<height>100</height>
		<texturenofocus>special://skin/extras/arrows/search-15-xxl.png</texturenofocus>
		<texturefocus colordiffuse="orange">special://skin/extras/arrows/search-15-xxl.png</texturefocus>
		<onclick>ActivateWindow(10025,&quot;plugin://plugin.video.telemedia/?data=all&amp;dates=%20&amp;description=Search%20All&amp;eng_name=%20&amp;episode=%20&amp;fanart=https%3a%2f%2fcdn.ilovefreesoftware.com%2fwp-content%2fuploads%2f2019%2f06%2fSearch-Telegram-Channels.png&amp;fav_status=false&amp;heb_name=%20&amp;iconimage=https%3a%2f%2flh5.googleusercontent.com%2fproxy%2f-RGejAHqTw0SEl8o3_eK3abBTFCoR49bh780mJ-HX2kK_Qf0aeTzeKuN_WHmW5wOZzKEmlsHE684lxp8BNbejnLx-S4S7dJDeCea3ESPCPMrkUucyFXNH5F_4iktdqh7vKfE5QNGtMZF6QAwAGknYp6v8oeRQg&amp;id=%20&amp;image_master&amp;isr=0&amp;last_id=0%24%24%240&amp;mode=113&amp;name=%d7%97%d7%99%d7%a4%d7%95%d7%a9&amp;original_title=%20&amp;season=%20&amp;show_original_year=%20&amp;tmdbid=%20&amp;url=%20&quot;,return)</onclick>
		</control>
		</control>
		
		<control type="group">
		<control type="image">
		<posx>0</posx>
		<posy>0</posy>
		<width>150</width>
		<height>150</height>
		<texture border="40">special://skin/extras/common/roundedbutton-nofocus.png</texture>
		</control>
		<control type="button" id="26">
		<onright>SetFocus(27)</onright>
		<onleft>SetFocus(25)</onleft>
		<ondown>SetFocus(9000)</ondown>
		<posx>5</posx>
		<posy>20</posy>
		<width>135</width>
		<height>100</height>
		<align>center</align>
		<label>Real[CR]Debrid</label>
		<texturefocus colordiffuse="orange">special://skin/extras/common/roundedbutton-focus.png</texturefocus>
		<font>itemSubTitle</font>
		<onclick>RunPlugin(plugin://script.module.resolveurl/?mode=auth_rd,return)</onclick>
		</control>
		</control>
		
		<control type="group">
		<control type="image">
		<posx>0</posx>
		<posy>0</posy>
		<width>150</width>
		<height>150</height>
		<texture border="40">special://skin/extras/common/roundedbutton-nofocus.png</texture>
		</control>
		<control type="button" id="27">
		<onleft>SetFocus(26)</onleft>
		<ondown>SetFocus(9000)</ondown>
		<posx>5</posx>
		<posy>20</posy>
		<width>140</width>
		<height>100</height>
		<align>center</align>
		<label>טלמדיה</label>
		<texturefocus colordiffuse="orange">special://skin/extras/common/roundedbutton-focus.png</texturefocus>
		<font>itemSubTitle</font>
		<onclick>RunAddon(plugin.video.telemedia)</onclick>
		</control>
		</control>
		</control>



</include>


<include name="videoosdbuttons">

<control type="grouplist" id="8001">
				<animation type="WindowOpen">
				<effect type="slide" start="0,0" end="0,-550" tween="cubic" easing="out" time="750"/>
				</animation>
				<animation type="WindowClose">
				<effect type="slide" start="0,-550" end="0,0" tween="cubic" easing="inout" time="750"/>
				</animation>
<posx>600</posx>
<posy>1500</posy>
<width>1500</width>
<height>250</height>
<itemgap>20</itemgap>
<orientation>horizontal</orientation>
<control type="button" id="21">
<posx>0</posx>
<posy>0</posy>
<width>65</width>
<height>65</height>
<texturenofocus>special://skin/extras/main/menu.png</texturenofocus>
<texturefocus colordiffuse="orange">special://skin/extras/main/menu.png</texturefocus>
<onclick>Control.SetFocus(9202)</onclick>
</control>
<control type="button" id="22">
<visible>VideoPlayer.SubtitlesEnabled + !Stringcompare(VideoPlayer.SubtitlesLanguage,heb)</visible>
<posx>0</posx>
<posy>0</posy>
<width>65</width>
<height>65</height>
<texturenofocus>special://skin/extras/videoosdicons/search-11-xxl.png</texturenofocus>
<texturefocus colordiffuse="orange">special://skin/extras/videoosdicons/search-11-xxl.png</texturefocus>
<onclick>ActivateWindow(subtitlesearch)</onclick>
</control>
<control type="button" id="23">
<visible>VideoPlayer.HasSubtitles + VideoPlayer.SubtitlesEnabled</visible>
<posx>0</posx>
<posy>0</posy>
<width>65</width>
<height>65</height>
<texturenofocus>special://skin/extras/osd/subs3.png</texturenofocus>
<texturefocus colordiffuse="orange">special://skin/extras/osd/subs3.png</texturefocus>
<onclick>ShowSubtitles</onclick>
</control>
<control type="button" id="24">
<visible>VideoPlayer.HasSubtitles + !VideoPlayer.SubtitlesEnabled</visible>
<posx>0</posx>
<posy>0</posy>
<width>65</width>
<height>65</height>
<texturenofocus>special://skin/extras/osd/subs3.png</texturenofocus>
<texturefocus colordiffuse="orange">special://skin/extras/osd/subs3.png</texturefocus>
<onclick>ShowSubtitles</onclick>
</control>
<control type="button" id="25">
<posx>0</posx>
<posy>0</posy>
<width>65</width>
<height>65</height>
<texturenofocus>special://skin/extras/osd/subs.png</texturenofocus>
<texturefocus colordiffuse="orange">special://skin/extras/osd/subs.png</texturefocus>
<onclick>RunScript(special://home/addons/script.subskeys/default.py,background)</onclick>
</control>
<control type="button" id="26">
<posx>0</posx>
<posy>0</posy>
<width>65</width>
<height>65</height>
<texturenofocus>special://skin/extras/osd/audio-add-xxl.png</texturenofocus>
<texturefocus colordiffuse="orange">special://skin/extras/osd/audio-add-xxl.png</texturefocus>
<onclick>Control.SetFocus(889)</onclick>
</control>
<control type="button" id="27">
<posx>0</posx>
<posy>0</posy>
<width>65</width>
<height>65</height>
<texturenofocus>special://skin/extras/osd/rewind.png</texturenofocus>
<texturefocus colordiffuse="orange">special://skin/extras/osd/rewind.png</texturefocus>
<onclick>PlayerControl(rewind)</onclick>
</control>
<control type="button" id="28">
<posx>0</posx>
<posy>0</posy>
<width>65</width>
<height>65</height>
<texturenofocus>special://skin/extras/osd/previous.png</texturenofocus>
<texturefocus colordiffuse="orange">special://skin/extras/osd/previous.png</texturefocus>
<onclick>PlayerControl(previous)</onclick>
</control>
<control type="button" id="29">
<posx>0</posx>
<posy>0</posy>
<width>65</width>
<height>65</height>
<texturenofocus>special://skin/extras/osd/stop.png</texturenofocus>
<texturefocus colordiffuse="orange">special://skin/extras/osd/stop.png</texturefocus>
<onclick>PlayerControl(Stop)</onclick>
<onclick>Dialog.Close(all,true)</onclick>
<onclick>ClearProperty(home)</onclick>
</control>
<control type="button" id="30">
<visible>Player.Paused</visible>
<posx>0</posx>
<posy>0</posy>
<width>65</width>
<height>65</height>
<texturenofocus>special://skin/extras/osd/play.png</texturenofocus>
<texturefocus colordiffuse="orange">special://skin/extras/osd/play.png</texturefocus>
<onclick>play</onclick>
</control>
<control type="button" id="31">
<visible>!Player.Paused</visible>
<posx>0</posx>
<posy>0</posy>
<width>65</width>
<height>65</height>
<texturenofocus>special://skin/extras/osd/pause.png</texturenofocus>
<texturefocus colordiffuse="orange">special://skin/extras/osd/pause.png</texturefocus>
<onclick>pause</onclick>
</control>
<control type="button" id="32">
<posx>0</posx>
<posy>0</posy>
<width>65</width>
<height>65</height>
<texturenofocus>special://skin/extras/osd/skipnext.png</texturenofocus>
<texturefocus colordiffuse="orange">special://skin/extras/osd/skipnext.png</texturefocus>
<onclick>PlayerControl(next)</onclick>
</control>
<control type="button" id="33">
<posx>0</posx>
<posy>0</posy>
<width>65</width>
<height>65</height>
<texturenofocus>special://skin/extras/osd/forward.png</texturenofocus>
<texturefocus colordiffuse="orange">special://skin/extras/osd/forward.png</texturefocus>
<onclick>PlayerControl(forward)</onclick>
</control>
<control type="button" id="34">
<posx>0</posx>
<posy>0</posy>
<width>65</width>
<height>65</height>
<texturenofocus>special://skin/extras/arrows/arrow-204-128.png</texturenofocus>
<texturefocus colordiffuse="orange">special://skin/extras/arrows/arrow-204-128.png</texturefocus>
<onclick>Close</onclick>
</control>
</control>
</include>

<include name="mediainfobd">
<control type="group">
<visible>!String.IsEmpty(VideoPlayer.Title)</visible>
<animation condition="Window.IsActive(6001)" effect="slide" start="0,0" end="0,-400" time="750" tween="sine" easing="inout">Conditional</animation>
<control type="image">
<posx>0</posx>
<posy>1030</posy>
<width>1920</width>
<height>50</height>
<bordertexture colordiffuse="burlywood">colors/white.png</bordertexture>
<bordersize>2</bordersize>
<texture colordiffuse="black">colors/white.png</texture>
</control>
<control type="label">
<posx>0</posx>
<posy>1040</posy>
<width>1920</width>
<height>35</height>
<align>center</align>
<label>$INFO[VideoPlayer.Title] [B]מתנגן ברקע: [/B] </label>
</control>
</control>
</include>


<include name="telemoviespower">
		<control type="grouplist" id="1256">
		<animation type="WindowOpen">
		<effect type="slide" start="0,0" end="0,500" time="550" tween="sine" easing="inout"/>
		</animation>
		<posx>30</posx>
		<posy>-450</posy>
		<width>1850</width>
		<height>250</height>
		<orientation>horizontal</orientation>
		<itemgap>20</itemgap>
		<control type="button" id="21">
		<posx>25</posx>
		<posy>20</posy>
		<width>250</width>
		<height>100</height>
		<align>center</align>
		<label>מכרה סרטים 1</label>
		<wrapmultiline>true</wrapmultiline>
		<textcolor>white</textcolor>
		<focusedcolor>burlywood</focusedcolor>
		<texturenofocus>special://skin/extras/common/roundedbutton-nofocus.png</texturenofocus>
		<texturefocus colordiffuse="burlywood">special://skin/extras/common/roundedbutton-focus.png</texturefocus>
		<onclick>Dialog.Close(6002)</onclick>
		<onclick>ActivateWindow(10025,&quot;plugin://plugin.video.telemedia/?data=-1001328778704&amp;dates=%20&amp;description=%0afrom_plot&amp;eng_name=%20&amp;episode=%20&amp;fanart&amp;fav_status=false&amp;groups_id=0&amp;heb_name=%20&amp;iconimage&amp;id=%20&amp;image_master&amp;isr=0&amp;last_id&amp;mode=31&amp;name=%5bCOLOR%20khaki%5d%d7%92%d7%95%d7%a1%d7%98%20%d7%a1%d7%a8%d7%98%d7%99%d7%9d-%d7%a8%d7%90%d7%a9%d7%99-1%5b%2fCOLOR%5d&amp;original_title=%20&amp;season=%20&amp;show_original_year=%20&amp;tmdbid=%20&amp;url=-1001328778704&quot;,return)</onclick>
		</control>
		<control type="button" id="22">
		<posx>25</posx>
		<posy>20</posy>
		<width>250</width>
		<height>100</height>
		<label>מכרה סרטים 2</label>
		<align>center</align>
		<wrapmultiline>true</wrapmultiline>
		<textcolor>white</textcolor>
		<focusedcolor>burlywood</focusedcolor>
		<texturenofocus>special://skin/extras/common/roundedbutton-nofocus.png</texturenofocus>
		<texturefocus colordiffuse="burlywood">special://skin/extras/common/roundedbutton-focus.png</texturefocus>
		<onclick>Dialog.Close(6002)</onclick>
		<onclick>ActivateWindow(10025,&quot;plugin://plugin.video.telemedia/?data=-1001225879972&amp;dates=%20&amp;description=%0afrom_plot&amp;eng_name=%20&amp;episode=%20&amp;fanart&amp;fav_status=false&amp;groups_id=0&amp;heb_name=%20&amp;iconimage&amp;id=%20&amp;image_master&amp;isr=0&amp;last_id&amp;mode=31&amp;name=%5bCOLOR%20khaki%5d%d7%92%d7%95%d7%a1%d7%98%20%d7%a1%d7%a8%d7%98%d7%99%d7%9d-%d7%a8%d7%90%d7%a9%d7%99-2%5b%2fCOLOR%5d&amp;original_title=%20&amp;season=%20&amp;show_original_year=%20&amp;tmdbid=%20&amp;url=-1001225879972&quot;,return)</onclick>
		</control>
		<control type="button" id="23">
		<posx>25</posx>
		<posy>20</posy>
		<width>250</width>
		<height>100</height>
		<label>מכרה סרטים 3</label>
		<align>center</align>
		<wrapmultiline>true</wrapmultiline>
		<textcolor>white</textcolor>
		<focusedcolor>burlywood</focusedcolor>
		<texturenofocus>special://skin/extras/common/roundedbutton-nofocus.png</texturenofocus>
		<texturefocus colordiffuse="burlywood">special://skin/extras/common/roundedbutton-focus.png</texturefocus>
		<onclick>Dialog.Close(6002)</onclick>
		<onclick>ActivateWindow(10025,&quot;plugin://plugin.video.telemedia/?data=-1001479681116&amp;dates=%20&amp;description=%0afrom_plot&amp;eng_name=%20&amp;episode=%20&amp;fanart&amp;fav_status=false&amp;groups_id=0&amp;heb_name=%20&amp;iconimage&amp;id=%20&amp;image_master&amp;isr=0&amp;last_id&amp;mode=31&amp;name=%5bCOLOR%20khaki%5d%d7%92%d7%95%d7%a1%d7%98%20%d7%a1%d7%a8%d7%98%d7%99%d7%9d-%d7%a8%d7%90%d7%a9%d7%99-3%5b%2fCOLOR%5d&amp;original_title=%20&amp;season=%20&amp;show_original_year=%20&amp;tmdbid=%20&amp;url=-1001479681116&quot;,return)</onclick>
		</control>
		<control type="button" id="24">
		<posx>25</posx>
		<posy>20</posy>
		<width>250</width>
		<height>100</height>
		<label>מכרה סרטים 4</label>
		<align>center</align>
		<wrapmultiline>true</wrapmultiline>
		<textcolor>white</textcolor>
		<focusedcolor>burlywood</focusedcolor>
		<texturenofocus>special://skin/extras/common/roundedbutton-nofocus.png</texturenofocus>
		<texturefocus colordiffuse="burlywood">special://skin/extras/common/roundedbutton-focus.png</texturefocus>
		<onclick>Dialog.Close(6002)</onclick>
		<onclick>ActivateWindow(10025,&quot;plugin://plugin.video.telemedia/?data=-1001194333743&amp;dates=%20&amp;description=%d7%92%0afrom_plot&amp;eng_name=%20&amp;episode=%20&amp;fanart&amp;fav_status=false&amp;groups_id=0&amp;heb_name=%20&amp;iconimage&amp;id=%20&amp;image_master&amp;isr=0&amp;last_id&amp;mode=31&amp;name=%5bCOLOR%20khaki%5d%d7%92%d7%95%d7%a1%d7%98-%d7%a1%d7%a8%d7%98%d7%99%d7%9d-%d7%99%d7%a1-%d7%92%d7%95-1%5b%2fCOLOR%5d&amp;original_title=%20&amp;season=%20&amp;show_original_year=%20&amp;tmdbid=%20&amp;url=-1001194333743&quot;,return)</onclick>
		</control>
		<control type="button" id="25">
		<posx>25</posx>
		<posy>20</posy>
		<width>250</width>
		<height>100</height>
		<label>מכרה סרטים 5</label>
		<align>center</align>
		<wrapmultiline>true</wrapmultiline>
		<textcolor>white</textcolor>
		<focusedcolor>burlywood</focusedcolor>
		<texturenofocus>special://skin/extras/common/roundedbutton-nofocus.png</texturenofocus>
		<texturefocus colordiffuse="burlywood">special://skin/extras/common/roundedbutton-focus.png</texturefocus>
		<onclick>Dialog.Close(6002)</onclick>
		<onclick>ActivateWindow(10025,&quot;plugin://plugin.video.telemedia/?data=-1001434431506&amp;dates=%20&amp;description=%d7%92%0afrom_plot&amp;eng_name=%20&amp;episode=%20&amp;fanart&amp;fav_status=false&amp;groups_id=0&amp;heb_name=%20&amp;iconimage&amp;id=%20&amp;image_master&amp;isr=0&amp;last_id&amp;mode=31&amp;name=%5bCOLOR%20khaki%5d%d7%92%d7%95%d7%a1%d7%98-%d7%a1%d7%a8%d7%98%d7%99%d7%9d-%d7%99%d7%a1-%d7%92%d7%95-2%5b%2fCOLOR%5d&amp;original_title=%20&amp;season=%20&amp;show_original_year=%20&amp;tmdbid=%20&amp;url=-1001434431506&quot;,return)</onclick>
		</control>
		<control type="button" id="26">
		<posx>25</posx>
		<posy>20</posy>
		<width>250</width>
		<height>100</height>
		<label>מכרה סרטים 6</label>
		<align>center</align>
		<wrapmultiline>true</wrapmultiline>
		<textcolor>white</textcolor>
		<focusedcolor>burlywood</focusedcolor>
		<texturenofocus>special://skin/extras/common/roundedbutton-nofocus.png</texturenofocus>
		<texturefocus colordiffuse="burlywood">special://skin/extras/common/roundedbutton-focus.png</texturefocus>
		<onclick>Dialog.Close(6002)</onclick>
		<onclick>ActivateWindow(10025,&quot;plugin://plugin.video.telemedia/?data=-1001248174719&amp;dates=%20&amp;description=%d7%92%0afrom_plot&amp;eng_name=%20&amp;episode=%20&amp;fanart&amp;fav_status=false&amp;groups_id=0&amp;heb_name=%20&amp;iconimage&amp;id=%20&amp;image_master&amp;isr=0&amp;last_id&amp;mode=31&amp;name=%5bCOLOR%20khaki%5d%d7%92%d7%95%d7%a1%d7%98-%d7%a1%d7%a8%d7%98%d7%99%d7%9d-%d7%99%d7%a1-%d7%92%d7%95-3%5b%2fCOLOR%5d&amp;original_title=%20&amp;season=%20&amp;show_original_year=%20&amp;tmdbid=%20&amp;url=-1001248174719&quot;,return)</onclick>
		</control>		
		<control type="button" id="27">
		<posx>25</posx>
		<posy>20</posy>
		<width>250</width>
		<height>100</height>
		<label>מכרה סרטים 7</label>
		<align>center</align>
		<wrapmultiline>true</wrapmultiline>
		<textcolor>white</textcolor>
		<focusedcolor>burlywood</focusedcolor>
		<texturenofocus>special://skin/extras/common/roundedbutton-nofocus.png</texturenofocus>
		<texturefocus colordiffuse="burlywood">special://skin/extras/common/roundedbutton-focus.png</texturefocus>
		<onclick>Dialog.Close(6002)</onclick>
		<onclick>ActivateWindow(10025,&quot;plugin://plugin.video.telemedia/?data=-1001290594671&amp;dates=%20&amp;description=%d7%92%d7%95%d7%a1%d7%98-%d7%a1%d7%a8%d7%98%d7%99%d7%9d-%d7%99%d7%a1-%d7%92%d7%95-4%0afrom_plot&amp;eng_name=%20&amp;episode=%20&amp;fanart&amp;fav_status=false&amp;groups_id=0&amp;heb_name=%20&amp;iconimage&amp;id=%20&amp;image_master&amp;isr=0&amp;last_id&amp;mode=31&amp;name=%5bCOLOR%20khaki%5d%d7%92%d7%95%d7%a1%d7%98-%d7%a1%d7%a8%d7%98%d7%99%d7%9d-%d7%99%d7%a1-%d7%92%d7%95-4%5b%2fCOLOR%5d&amp;original_title=%20&amp;season=%20&amp;show_original_year=%20&amp;tmdbid=%20&amp;url=-1001290594671&quot;,return)</onclick>
		</control>	
		<control type="button" id="28">
		<posx>25</posx>
		<posy>20</posy>
		<width>250</width>
		<height>100</height>
		<label>מכרה סרטים 8</label>
		<align>center</align>
		<wrapmultiline>true</wrapmultiline>
		<textcolor>white</textcolor>
		<focusedcolor>burlywood</focusedcolor>
		<texturenofocus>special://skin/extras/common/roundedbutton-nofocus.png</texturenofocus>
		<texturefocus colordiffuse="burlywood">special://skin/extras/common/roundedbutton-focus.png</texturefocus>
		<onclick>Dialog.Close(6002)</onclick>
		<onclick>ActivateWindow(10025,&quot;plugin://plugin.video.telemedia/?data=-1001328778704&amp;dates=%20&amp;description=%0afrom_plot&amp;eng_name=%20&amp;episode=%20&amp;fanart&amp;fav_status=false&amp;groups_id=0&amp;heb_name=%20&amp;iconimage&amp;id=%20&amp;image_master&amp;isr=0&amp;last_id&amp;mode=31&amp;name=%5bCOLOR%20khaki%5d%d7%92%d7%95%d7%a1%d7%98%20%d7%a1%d7%a8%d7%98%d7%99%d7%9d-%d7%a8%d7%90%d7%a9%d7%99-1%5b%2fCOLOR%5d&amp;original_title=%20&amp;season=%20&amp;show_original_year=%20&amp;tmdbid=%20&amp;url=-1001328778704&quot;,return)</onclick>
		</control>
		<control type="button" id="29">
		<posx>25</posx>
		<posy>20</posy>
		<width>250</width>
		<height>100</height>
		<label>מכרה סרטים 9</label>
		<align>center</align>
		<wrapmultiline>true</wrapmultiline>
		<textcolor>white</textcolor>
		<focusedcolor>burlywood</focusedcolor>
		<texturenofocus>special://skin/extras/common/roundedbutton-nofocus.png</texturenofocus>
		<texturefocus colordiffuse="burlywood">special://skin/extras/common/roundedbutton-focus.png</texturefocus>
		<onclick>Dialog.Close(6002)</onclick>
		<onclick>ActivateWindow(10025,&quot;plugin://plugin.video.telemedia/?data=-1001225879972&amp;dates=%20&amp;description=%0afrom_plot&amp;eng_name=%20&amp;episode=%20&amp;fanart&amp;fav_status=false&amp;groups_id=0&amp;heb_name=%20&amp;iconimage&amp;id=%20&amp;image_master&amp;isr=0&amp;last_id&amp;mode=31&amp;name=%5bCOLOR%20khaki%5d%d7%92%d7%95%d7%a1%d7%98%20%d7%a1%d7%a8%d7%98%d7%99%d7%9d-%d7%a8%d7%90%d7%a9%d7%99-2%5b%2fCOLOR%5d&amp;original_title=%20&amp;season=%20&amp;show_original_year=%20&amp;tmdbid=%20&amp;url=-1001225879972&quot;,return)</onclick>
		</control>	
		<control type="button" id="30">
		<posx>25</posx>
		<posy>20</posy>
		<width>250</width>
		<height>100</height>
		<label>מכרה סרטים 10</label>
		<align>center</align>
		<wrapmultiline>true</wrapmultiline>
		<textcolor>white</textcolor>
		<focusedcolor>burlywood</focusedcolor>
		<texturenofocus>special://skin/extras/common/roundedbutton-nofocus.png</texturenofocus>
		<texturefocus colordiffuse="burlywood">special://skin/extras/common/roundedbutton-focus.png</texturefocus>
		<onclick>Dialog.Close(6002)</onclick>
		<onclick>ActivateWindow(10025,&quot;plugin://plugin.video.telemedia/?data=-1001225879972&amp;dates=%20&amp;description=%0afrom_plot&amp;eng_name=%20&amp;episode=%20&amp;fanart&amp;fav_status=false&amp;groups_id=0&amp;heb_name=%20&amp;iconimage&amp;id=%20&amp;image_master&amp;isr=0&amp;last_id&amp;mode=31&amp;name=%5bCOLOR%20khaki%5d%d7%92%d7%95%d7%a1%d7%98%20%d7%a1%d7%a8%d7%98%d7%99%d7%9d-%d7%a8%d7%90%d7%a9%d7%99-2%5b%2fCOLOR%5d&amp;original_title=%20&amp;season=%20&amp;show_original_year=%20&amp;tmdbid=%20&amp;url=-1001225879972&quot;,return)</onclick>
		</control>
		<control type="button" id="31">
		<posx>25</posx>
		<posy>20</posy>
		<width>250</width>
		<height>100</height>
		<label>מכרה סרטים 11</label>
		<align>center</align>
		<wrapmultiline>true</wrapmultiline>
		<textcolor>white</textcolor>
		<focusedcolor>burlywood</focusedcolor>
		<texturenofocus>special://skin/extras/common/roundedbutton-nofocus.png</texturenofocus>
		<texturefocus colordiffuse="burlywood">special://skin/extras/common/roundedbutton-focus.png</texturefocus>
		<onclick>Dialog.Close(6002)</onclick>
		<onclick>ActivateWindow(10025,&quot;plugin://plugin.video.telemedia/?data=-1001210724865&amp;dates=%20&amp;description=%0afrom_plot&amp;eng_name=%20&amp;episode=%20&amp;fanart&amp;fav_status=false&amp;groups_id=0&amp;heb_name=%20&amp;iconimage&amp;id=%20&amp;image_master&amp;isr=0&amp;last_id&amp;mode=31&amp;name=%5bCOLOR%20khaki%5d%d7%92%d7%95%d7%a1%d7%98%20%d7%a1%d7%a8%d7%98%d7%99%d7%9d%20%d7%99%d7%a9%d7%a0%d7%99%d7%9d%20%d7%95%d7%97%d7%93%d7%a9%d7%99%d7%9d%202%5b%2fCOLOR%5d&amp;original_title=%20&amp;season=%20&amp;show_original_year=%20&amp;tmdbid=%20&amp;url=-1001210724865&quot;,return)</onclick>
		</control>
		<control type="button" id="32">
		<posx>25</posx>
		<posy>20</posy>
		<width>250</width>
		<height>100</height>
		<label>מכרה סרטים 12</label>
		<align>center</align>
		<wrapmultiline>true</wrapmultiline>
		<textcolor>white</textcolor>
		<focusedcolor>burlywood</focusedcolor>
		<texturenofocus>special://skin/extras/common/roundedbutton-nofocus.png</texturenofocus>
		<texturefocus colordiffuse="burlywood">special://skin/extras/common/roundedbutton-focus.png</texturefocus>
		<onclick>Dialog.Close(6002)</onclick>
		<onclick>ActivateWindow(10025,&quot;plugin://plugin.video.telemedia/?data=-1001227376145&amp;dates=%20&amp;description=%d7%92%d7%95%d7%a1%d7%98%20%d7%a1%d7%a8%d7%98%d7%99%d7%9d%20%d7%99%d7%a9%d7%a0%d7%99%d7%9d%20%d7%95%d7%97%d7%93%d7%a9%d7%99%d7%9d%203%0afrom_plot&amp;eng_name=%20&amp;episode=%20&amp;fanart&amp;fav_status=false&amp;groups_id=0&amp;heb_name=%20&amp;iconimage&amp;id=%20&amp;image_master&amp;isr=0&amp;last_id&amp;mode=31&amp;name=%5bCOLOR%20khaki%5d%d7%92%d7%95%d7%a1%d7%98%20%d7%a1%d7%a8%d7%98%d7%99%d7%9d%20%d7%99%d7%a9%d7%a0%d7%99%d7%9d%20%d7%95%d7%97%d7%93%d7%a9%d7%99%d7%9d%203%5b%2fCOLOR%5d&amp;original_title=%20&amp;season=%20&amp;show_original_year=%20&amp;tmdbid=%20&amp;url=-1001227376145&quot;,return)</onclick>
		</control>		
		<control type="button" id="33">
		<posx>25</posx>
		<posy>20</posy>
		<width>250</width>
		<height>100</height>
		<label>מכרה סרטים 13</label>
		<align>center</align>
		<wrapmultiline>true</wrapmultiline>
		<textcolor>white</textcolor>
		<focusedcolor>burlywood</focusedcolor>
		<texturenofocus>special://skin/extras/common/roundedbutton-nofocus.png</texturenofocus>
		<texturefocus colordiffuse="burlywood">special://skin/extras/common/roundedbutton-focus.png</texturefocus>
		<onclick>Dialog.Close(6002)</onclick>
		<onclick>ActivateWindow(10025,&quot;plugin://plugin.video.telemedia/?data=-1001224686301&amp;dates=%20&amp;description=%0afrom_plot&amp;eng_name=%20&amp;episode=%20&amp;fanart&amp;fav_status=false&amp;groups_id=0&amp;heb_name=%20&amp;iconimage&amp;id=%20&amp;image_master&amp;isr=0&amp;last_id&amp;mode=31&amp;name=%5bCOLOR%20khaki%5d%d7%92%d7%95%d7%a1%d7%98%20%d7%a1%d7%a8%d7%98%d7%99%d7%9d%20%d7%99%d7%a9%d7%a0%d7%99%d7%9d%20%d7%95%d7%97%d7%93%d7%a9%d7%99%d7%9d%204%5b%2fCOLOR%5d&amp;original_title=%20&amp;season=%20&amp;show_original_year=%20&amp;tmdbid=%20&amp;url=-1001224686301&quot;,return)</onclick>
		</control>			
		</control>
	</include>





<include name="dubbedpowerkids">
		<control type="grouplist" id="1256">
		<animation type="WindowOpen">
		<effect type="slide" start="0,0" end="0,500" time="550" tween="sine" easing="inout"/>
		</animation>
		<posx>30</posx>
		<posy>-450</posy>
		<width>1850</width>
		<height>250</height>
		<orientation>horizontal</orientation>
		<itemgap>20</itemgap>
		<control type="button" id="21">
		<posx>25</posx>
		<posy>20</posy>
		<width>250</width>
		<height>100</height>
		<label>ילדים 1</label>
		<align>center</align>
		<wrapmultiline>true</wrapmultiline>
		<textcolor>white</textcolor>
		<focusedcolor>burlywood</focusedcolor>
		<texturenofocus>special://skin/extras/common/roundedbutton-nofocus.png</texturenofocus>
		<texturefocus colordiffuse="burlywood">special://skin/extras/common/roundedbutton-focus.png</texturefocus>
		<onclick>Dialog.Close(6003)</onclick>
		<onclick>ActivateWindow(10025,&quot;plugin://plugin.video.telemedia/?data=-1001406056035&amp;dates=%20&amp;description=%22%d7%90%d7%9c%d7%90%d7%93%d7%99%d7%9f%22%202019%0a%0a%d7%90%d7%99%d7%9b%d7%95%d7%aa%3a%201080p%20BluRay.%20%f0%9f%98%8d%0a%e2%9c%82%ef%b8%8f%20%d7%97%d7%9c%d7%a7%202%20-%20%d7%9e%d7%93%d7%95%d7%91%d7%91%20%d7%9c%d7%a2%d7%91%d7%a8%d7%99%d7%aa.%20%f0%9f%97%a3%0a%0a%e2%9a%a1%ef%b8%8f%20%40all_the_media%0afrom_plot&amp;eng_name=%20&amp;episode=%20&amp;fanart&amp;fav_status=false&amp;groups_id=0&amp;heb_name=%20&amp;iconimage&amp;id=%20&amp;image_master&amp;isr=0&amp;last_id&amp;mode=31&amp;name=%5bCOLOR%20lightblue%5d%d7%a7%d7%91%d7%95%d7%a6%d7%aa%20%d7%94%d7%91%d7%a7%d7%a9%d7%95%d7%aa%20%d7%99%d7%9c%d7%93%d7%99%d7%9d%5b%2fCOLOR%5d&amp;original_title=%20&amp;season=%20&amp;show_original_year=%20&amp;tmdbid=%20&amp;url=-1001406056035&quot;,return)</onclick>
		</control>
		<control type="button" id="22">
		<posx>25</posx>
		<posy>20</posy>
		<width>250</width>
		<height>100</height>
		<label>ילדים 2</label>
		<align>center</align>
		<wrapmultiline>true</wrapmultiline>
		<textcolor>white</textcolor>
		<focusedcolor>burlywood</focusedcolor>
		<texturenofocus>special://skin/extras/common/roundedbutton-nofocus.png</texturenofocus>
		<texturefocus colordiffuse="burlywood">special://skin/extras/common/roundedbutton-focus.png</texturefocus>
		<onclick>Dialog.Close(6003)</onclick>
		<onclick>ActivateWindow(10025,&quot;plugin://plugin.video.telemedia/?data=-1001169545715&amp;dates=%20&amp;description=%d7%a7%d7%91%d7%95%d7%a6%d7%aa%20%d7%94%d7%91%d7%a7%d7%a9%d7%95%d7%aa%20%d7%9c%d7%99%d7%9c%d7%93%d7%99%d7%9d%202%0afrom_plot&amp;eng_name=%20&amp;episode=%20&amp;fanart&amp;fav_status=false&amp;groups_id=0&amp;heb_name=%20&amp;iconimage&amp;id=%20&amp;image_master&amp;isr=0&amp;last_id&amp;mode=31&amp;name=%5bCOLOR%20khaki%5d%d7%a7%d7%91%d7%95%d7%a6%d7%aa%20%d7%94%d7%91%d7%a7%d7%a9%d7%95%d7%aa%20%d7%9c%d7%99%d7%9c%d7%93%d7%99%d7%9d%202%5b%2fCOLOR%5d&amp;original_title=%20&amp;season=%20&amp;show_original_year=%20&amp;tmdbid=%20&amp;url=-1001169545715&quot;,return)</onclick>
		</control>
		<control type="button" id="23">
		<posx>25</posx>
		<posy>20</posy>
		<width>250</width>
		<height>100</height>
		<label>ילדים 3</label>
		<align>center</align>
		<wrapmultiline>true</wrapmultiline>
		<textcolor>white</textcolor>
		<focusedcolor>burlywood</focusedcolor>
		<texturenofocus>special://skin/extras/common/roundedbutton-nofocus.png</texturenofocus>
		<texturefocus colordiffuse="burlywood">special://skin/extras/common/roundedbutton-focus.png</texturefocus>
		<onclick>Dialog.Close(6003)</onclick>
		<onclick>ActivateWindow(10025,&quot;plugin://plugin.video.telemedia/?data=-1001364848763&amp;dates=%20&amp;description=%0afrom_plot&amp;eng_name=%20&amp;episode=%20&amp;fanart&amp;fav_status=false&amp;groups_id=0&amp;heb_name=%20&amp;iconimage&amp;id=%20&amp;image_master&amp;isr=0&amp;last_id&amp;mode=31&amp;name=%5bCOLOR%20khaki%5d%d7%a7%d7%91%d7%95%d7%a6%d7%aa%20%d7%94%d7%91%d7%a7%d7%a9%d7%95%d7%aa%20%d7%9c%d7%99%d7%9c%d7%93%d7%99%d7%9d%203%5b%2fCOLOR%5d&amp;original_title=%20&amp;season=%20&amp;show_original_year=%20&amp;tmdbid=%20&amp;url=-1001364848763&quot;,return)</onclick>
		</control>
		<control type="button" id="24">
		<posx>25</posx>
		<posy>20</posy>
		<width>250</width>
		<height>100</height>
		<label>ילדים 4</label>
		<wrapmultiline>true</wrapmultiline>
		<textcolor>white</textcolor>
		<align>center</align>
		<focusedcolor>burlywood</focusedcolor>
		<texturenofocus>special://skin/extras/common/roundedbutton-nofocus.png</texturenofocus>
		<texturefocus colordiffuse="burlywood">special://skin/extras/common/roundedbutton-focus.png</texturefocus>
		<onclick>Dialog.Close(6003)</onclick>
		<onclick>ActivateWindow(10025,&quot;plugin://plugin.video.telemedia/?data=-1001428630061&amp;dates=%20&amp;description=%d7%a7%d7%91%d7%95%d7%a6%d7%aa%20%d7%94%d7%91%d7%a7%d7%a9%d7%95%d7%aa%20%d7%9c%d7%99%d7%9c%d7%93%d7%99%d7%9d%204%0afrom_plot&amp;eng_name=%20&amp;episode=%20&amp;fanart&amp;fav_status=false&amp;groups_id=0&amp;heb_name=%20&amp;iconimage&amp;id=%20&amp;image_master&amp;isr=0&amp;last_id&amp;mode=31&amp;name=%5bCOLOR%20khaki%5d%d7%a7%d7%91%d7%95%d7%a6%d7%aa%20%d7%94%d7%91%d7%a7%d7%a9%d7%95%d7%aa%20%d7%9c%d7%99%d7%9c%d7%93%d7%99%d7%9d%204%5b%2fCOLOR%5d&amp;original_title=%20&amp;season=%20&amp;show_original_year=%20&amp;tmdbid=%20&amp;url=-1001428630061&quot;,return)</onclick>
		</control>
		<control type="button" id="25">
		<posx>25</posx>
		<posy>20</posy>
		<width>250</width>
		<height>100</height>
		<label>ילדים 5</label>
		<align>center</align>
		<wrapmultiline>true</wrapmultiline>
		<textcolor>white</textcolor>
		<focusedcolor>burlywood</focusedcolor>
		<texturenofocus>special://skin/extras/common/roundedbutton-nofocus.png</texturenofocus>
		<texturefocus colordiffuse="burlywood">special://skin/extras/common/roundedbutton-focus.png</texturefocus>
		<onclick>Dialog.Close(6003)</onclick>
		<onclick>ActivateWindow(10025,&quot;plugin://plugin.video.telemedia/?data=-1001229507581&amp;dates=%20&amp;description=%0afrom_plot&amp;eng_name=%20&amp;episode=%20&amp;fanart&amp;fav_status=false&amp;groups_id=0&amp;heb_name=%20&amp;iconimage&amp;id=%20&amp;image_master&amp;isr=0&amp;last_id&amp;mode=31&amp;name=%5bCOLOR%20khaki%5d%d7%a7%d7%91%d7%95%d7%a6%d7%aa%20%d7%94%d7%91%d7%a7%d7%a9%d7%95%d7%aa%20%d7%9c%d7%99%d7%9c%d7%93%d7%99%d7%9d%205%5b%2fCOLOR%5d&amp;original_title=%20&amp;season=%20&amp;show_original_year=%20&amp;tmdbid=%20&amp;url=-1001229507581&quot;,return)</onclick>
		</control>
		<control type="button" id="26">
		<posx>25</posx>
		<posy>20</posy>
		<width>250</width>
		<height>100</height>
		<label>ילדים 6</label>
		<align>center</align>
		<wrapmultiline>true</wrapmultiline>
		<textcolor>white</textcolor>
		<focusedcolor>burlywood</focusedcolor>
		<texturenofocus>special://skin/extras/common/roundedbutton-nofocus.png</texturenofocus>
		<texturefocus colordiffuse="burlywood">special://skin/extras/common/roundedbutton-focus.png</texturefocus>
		<onclick>Dialog.Close(6003)</onclick>
		<onclick>ActivateWindow(10025,&quot;plugin://plugin.video.telemedia/?data=-1001331856284&amp;dates=%20&amp;description=%0afrom_plot&amp;eng_name=%20&amp;episode=%20&amp;fanart&amp;fav_status=false&amp;groups_id=0&amp;heb_name=%20&amp;iconimage&amp;id=%20&amp;image_master&amp;isr=0&amp;last_id&amp;mode=31&amp;name=%5bCOLOR%20khaki%5d%d7%a7%d7%91%d7%95%d7%a6%d7%aa%20%d7%94%d7%91%d7%a7%d7%a9%d7%95%d7%aa%20%d7%9c%d7%99%d7%9c%d7%93%d7%99%d7%9d%206%5b%2fCOLOR%5d&amp;original_title=%20&amp;season=%20&amp;show_original_year=%20&amp;tmdbid=%20&amp;url=-1001331856284&quot;,return)</onclick>
		</control>		
		<control type="button" id="27">
		<posx>25</posx>
		<posy>20</posy>
		<width>250</width>
		<height>100</height>
		<label>ילדים 7</label>
		<align>center</align>
		<wrapmultiline>true</wrapmultiline>
		<textcolor>white</textcolor>
		<focusedcolor>burlywood</focusedcolor>
		<texturenofocus>special://skin/extras/common/roundedbutton-nofocus.png</texturenofocus>
		<texturefocus colordiffuse="burlywood">special://skin/extras/common/roundedbutton-focus.png</texturefocus>
		<onclick>Dialog.Close(6003)</onclick>
		<onclick>ActivateWindow(10025,&quot;plugin://plugin.video.telemedia/?data=-1001370336218&amp;dates=%20&amp;description=%0afrom_plot&amp;eng_name=%20&amp;episode=%20&amp;fanart=C%3a%2fUsers%2fneta%2fAppData%2fRoaming%2fKodi%2fuserdata%2faddon_data%2fplugin.video.telemedia%2flogo%2f-1001370336218_big.jpg&amp;fav_status=false&amp;groups_id=0&amp;heb_name=%20&amp;iconimage=C%3a%2fUsers%2fneta%2fAppData%2fRoaming%2fKodi%2fuserdata%2faddon_data%2fplugin.video.telemedia%2flogo%2f-1001370336218_small.jpg&amp;id=%20&amp;image_master&amp;isr=0&amp;last_id&amp;mode=31&amp;name=%5bCOLOR%20khaki%5d%f0%9f%8e%ac%d7%a1%d7%a8%d7%98%d7%99%d7%9d%20%d7%9e%d7%93%d7%95%d7%91%d7%91%d7%99%d7%9d%20%d7%9e%d7%91%d7%99%d7%aa%20%d7%92%d7%95%d7%96%d7%9c%d7%9f%f0%9f%8e%ac%5b%2fCOLOR%5d&amp;original_title=%20&amp;season=%20&amp;show_original_year=%20&amp;tmdbid=%20&amp;url=-1001370336218&quot;,return)</onclick>
		</control>	
		<control type="button" id="28">
		<posx>25</posx>
		<posy>20</posy>
		<width>250</width>
		<height>100</height>
		<label>ילדים 8</label>
		<align>center</align>
		<wrapmultiline>true</wrapmultiline>
		<textcolor>white</textcolor>
		<focusedcolor>burlywood</focusedcolor>
		<texturenofocus>special://skin/extras/common/roundedbutton-nofocus.png</texturenofocus>
		<texturefocus colordiffuse="burlywood">special://skin/extras/common/roundedbutton-focus.png</texturefocus>
		<onclick>Dialog.Close(6003)</onclick>
		<onclick>ActivateWindow(10025,&quot;plugin://plugin.video.FlashTV/?cat_level=%20&amp;count=0&amp;description=%20&amp;fanart&amp;iconimage=https%3a%2f%2fwww.xtrafondos.com%2fwallpapers%2ftoy-story-4-personajes-poster-3326.jpg&amp;index_depth=0&amp;lang=eng&amp;mode=5&amp;name=%d7%a1%d7%a8%d7%98%d7%99%d7%9d%20%d7%9e%d7%93%d7%95%d7%91%d7%91%d7%99%d7%9d&amp;page&amp;selected_list=%20&amp;url=%d7%a1%d7%a8%d7%98%d7%99%d7%9d%d7%a1%d7%a8%d7%98%d7%99%d7%9d%20%d7%9e%d7%93%d7%95%d7%91%d7%91%d7%99%d7%9d&quot;,return)</onclick>
		</control>
		<control type="button" id="29">
		<posx>25</posx>
		<posy>20</posy>
		<width>250</width>
		<height>100</height>
		<label>ילדים 9</label>
		<align>center</align>
		<wrapmultiline>true</wrapmultiline>
		<textcolor>white</textcolor>
		<focusedcolor>burlywood</focusedcolor>
		<texturenofocus>special://skin/extras/common/roundedbutton-nofocus.png</texturenofocus>
		<texturefocus colordiffuse="burlywood">special://skin/extras/common/roundedbutton-focus.png</texturefocus>
		<onclick>Dialog.Close(6003)</onclick>
		<onclick>ActivateWindow(10025,&quot;plugin://plugin.video.CHICCO/?cat_level=%20&amp;count=0&amp;description=%20&amp;fanart=http%3a%2f%2fmoridim.me%2fimages%2flarge%2f9424.jpg&amp;iconimage=http%3a%2f%2fmoridim.me%2fimages%2flarge%2f9424.jpg&amp;index_depth=0&amp;lang=eng&amp;mode=5&amp;name=%d7%a1%d7%a8%d7%98%d7%99%d7%9d%20%d7%9e%d7%93%d7%95%d7%91%d7%91%d7%99%d7%9d&amp;page&amp;selected_list=%20&amp;url=%d7%a1%d7%a8%d7%98%d7%99%d7%9d%d7%a1%d7%a8%d7%98%d7%99%d7%9d%20%d7%9e%d7%93%d7%95%d7%91%d7%91%d7%99%d7%9d&quot;,return)</onclick>
		</control>	
		</control>
	</include>
</includes>
