<?xml version="1.0" encoding="UTF-8"?>



<includes>


<include name="radioextrasinfo">


<control type="group">
<animation condition="!Window.IsActive(6009)" effect="zoom" start="100,100" end="50,50" time="350">Conditional</animation>
<animation condition="Window.IsActive(6000) | Window.IsActive(6001) | Window.IsActive(6014) | Window.IsActive(6016) | Window.IsActive(6015)" effect="slide" start="0,0" end="-4500,0" time="850" tween="sine" easing="inout">Conditional</animation>
<visible>Player.HasAudio</visible>
<visible>![Window.IsActive(6009) | Window.IsActive(6014)]</visible>
<posy>480</posy>
<posx>-580</posx>


<control type="image">
<posx>1200</posx>
<posy>100</posy>
<width>700</width>
<height>450</height>
<bordertexture colordiffuse="gray">colors/white.png</bordertexture>
<bordersize>3</bordersize>
<texture>colors/black.png</texture>
</control>
<control type="image">
<posx>4250</posx>
<posy>100</posy>
<width>700</width>
<height>450</height>
<bordertexture colordiffuse="gray">colors/white.png</bordertexture>
<bordersize>3</bordersize>
<texture>colors/black.png</texture>
</control>
<control type="image">
<posx>1230</posx>
<posy>105</posy>
<width>650</width>
<height>355</height>
<texture>special://skin/extras/radioimage/music.gif</texture>
</control>

<control type="image">
<posx>4255</posx>
<posy>103</posy>
<width>690</width>
<height>445</height>
<texture>special://skin/extras/radioimage/flyingmusic.gif</texture>
</control>



<control type="label">
<animation condition="Player.HasAudio" effect="fade" start="100" end="70" time="1500" pulse="true">Conditional</animation>
<description>Conditions Label</description>
<posx>4300</posx>
<posy>295</posy>
<width>617</width>
<height>110</height>
<align>center</align>
<font>largeTitle</font>
<scroll>true</scroll>
<shadowcolor>black</shadowcolor>
<label>$INFO[VideoPlayer.Title]</label>
<textcolor>white</textcolor>
</control>




		<control type="group">
		<control type="list" id="8001">
		<animation type="WindowOpen">
		<effect type="slide" start="0,0" end="0,-650" tween="cubic" easing="out" time="750"/>
		</animation>
		<animation type="WindowClose">
		<effect type="slide" start="0,-650" end="0,0" tween="cubic" easing="inout" time="750"/>
		</animation>
		<posy>1060</posy>
		<posx>1260</posx>
		<width>880</width>
		<height>200</height>
		<orientation>horizontal</orientation>
		<onup>SetFocus(6654)</onup>
		<onright>SetFocus(9000)</onright>
		<itemlayout width="95" height="175">
		<control type="image">
		<posx>15</posx>
		<posy>65</posy>
		<width>65</width>
		<height>65</height>
		<aspectratio>keep</aspectratio>
		<texture colordiffuse="white">$INFO[ListItem.Thumb]</texture>
		</control>
		</itemlayout>
		<focusedlayout width="95" height="175">
		<control type="image">
		<visible>!control.hasfocus(8001)</visible>
		<posx>15</posx>
		<posy>65</posy>
		<width>65</width>
		<height>65</height>
		<aspectratio>keep</aspectratio>
		<texture colordiffuse="white">$INFO[ListItem.Thumb]</texture>
		</control>
		<control type="image">
		<visible>control.hasfocus(8001)</visible>
		<animation effect="zoom" center="auto" start="100,100" end="115,115" time="50">Focus</animation>
		<posx>15</posx>
		<posy>65</posy>
		<width>65</width>
		<height>65</height>
		<aspectratio>keep</aspectratio>
		<texture colordiffuse="gray">$INFO[ListItem.Thumb]</texture>
	</control>

		</focusedlayout>
		<content>
		<item>
		<label>הגדל</label>
		<thumb>special://skin/extras/test/maximize.png</thumb>
		<onclick>ActivateWindow(6009)</onclick>
		</item>
		<item>
		<visible>!Player.Muted</visible>
		<label>ווליום</label>
		<thumb>special://skin/extras/osd/audio-add-xxl.png</thumb>
		<onclick>Mute</onclick>
		</item>
		<item>
		<visible>Player.Muted</visible>
		<label>ווליום</label>
		<thumb>special://skin/extras/osd/muteextra.png</thumb>
		<onclick>Mute</onclick>
		</item>
		<item>
		<visible>VideoPlayer.HasSubtitles + VideoPlayer.SubtitlesEnabled</visible>
		<label>בטל כתובית</label>
		<thumb>special://skin/extras/osd/subs3.png</thumb>
		<onclick>ShowSubtitles</onclick>
		</item>
		<item>
		<thumb>special://skin/extras/osd/previous.png</thumb>
		<onclick>PlayerControl(previous)</onclick>
		<label>להתחלה</label>
		</item>
		<item>
		<label>עצור</label>
		<thumb>special://skin/extras/osd/stop.png</thumb>
		<onclick>PlayerControl(Stop)</onclick>
		<onclick>Control.SetFocus(9000)</onclick>
		</item>
		<item>
		<visible>Player.Paused</visible>
		<thumb>special://skin/extras/osd/play.png</thumb>
		<onclick>play</onclick>
		<label>נגן</label>
		</item>
		<item>
		<visible>!Player.Paused</visible>
		<label>השהה</label>
		<thumb>special://skin/extras/osd/pause.png</thumb>
		<onclick>pause</onclick>
		<label>השהה</label>
		</item>
		<item>
		<thumb>special://skin/extras/osd/forward.png</thumb>
		<onclick>PlayerControl(forward)</onclick>
		<label>הרץ קדימה</label>
		</item>
		</content>
		</control>
		</control>
		
		

		
		
</control>


						<control type="group">

						<visible>Player.HasAudio</visible>
						<posx>-70</posx>
						<posy>0</posy>
						<control type="progress" id="10001">
							<description>Progressbar for volume</description>
							<posx>75</posx>
							<posy>0</posy>
							<width>420</width>
							<height>638</height>
							<texturebg>-</texturebg>
							<midtexture>-</midtexture>
							<lefttexture>-</lefttexture>
							<righttexture>-</righttexture>
							<info>Player.Volume</info>
						</control>

						<control type="slider" id="889">
							<description>Volume Slider</description>
							<onback>8001</onback>
							<posx>75</posx>
							<posy>5</posy>
							<width>420</width>
							<height>628</height>
							<action>volume</action>
							<orientation>vertical</orientation>
							<texturesliderbar>-</texturesliderbar>
							<textureslidernib>-</textureslidernib>
							<textureslidernibfocus>-</textureslidernibfocus>
						</control>
					</control>

</include>


</includes>
