<?xml version="1.0" encoding="UTF-8"?>



<includes>
<include name="testdesign">
			<animation type="conditional" condition="control.hasfocus(9999)" reversible="true">
				<effect type="fade" start="100" end="0" time="500" delay="0"/>
			</animation>
<animation effect="fade" start="0" end="100" time="250">VisibleChange</animation>
<posx>382</posx>
<posy>565</posy>
<width>1150</width>
<height>800</height>
<onback>9000</onback>
<onup>9000</onup>
<ondown>9005</ondown>
<focusposition>1</focusposition>
<onup condition="Player.HasVideo | Player.HasAudio">SetFocus(80011)</onup>
<focusposition>0</focusposition>
<orientation>horizontal</orientation>
<scrolltime tween="sine" easing="inout">350</scrolltime>
<itemlayout width="386" height="220">
<control type="image">
<posx>0</posx>
<posy>0</posy>
<width>380</width>
<height>220</height>
<texture fallback="special://skin/extras/fallbacks/videodefault.jpg">$INFO[ListItem.Art(fanart)]</texture>
</control>
</itemlayout>
<focusedlayout width="386" height="220">
<control type="image">
<posx>0</posx>
<posy>0</posy>
<width>380</width>
<height>220</height>
<texture fallback="special://skin/extras/fallbacks/videodefault.jpg">$INFO[ListItem.Art(fanart)]</texture>
</control>
<control type="group">
<animation effect="fade" start="0" end="100" time="250">Focus</animation>
<visible>Control.HasFocus(50000)</visible>
<control type="image">
<posx>0</posx>
<posy>0</posy>
<width>380</width>
<height>220</height>
<texture>colors/black.png</texture>
<colordiffuse>77000000</colordiffuse>
</control>
<control type="image">
<posx>0</posx>
<posy>0</posy>
<width>380</width>
<height>220</height>
<texture>colors/black.png</texture>
<colordiffuse>77000000</colordiffuse>
</control>
<control type="label">
<posx>0</posx>
<posy>5</posy>
<width>380</width>
<height>50</height>
<align>center</align>
<scroll>true</scroll>
<scrollspeed>40</scrollspeed>
<label>$INFO[ListItem.Label][CR]$INFO[ListItem.Year]</label>
</control>
<control type="textbox">
<autoscroll fade="3000" time="3000" delay="6000" repeat="4000">Control.HasFocus(50000)</autoscroll>
<posx>0</posx>
<posy>105</posy>
<width>380</width>
<height>110</height>
<align>center</align>
<font>smallStrong</font>
<label>$INFO[ListItem.Plot]</label>
</control>
</control>
</focusedlayout>
</include>

<include name="widgetsloading">
<control type="label">
<animation condition="!Integer.IsGreater(Container(50000).NumItems,0)" effect="fade" start="0" end="100" time="1100" pulse="true">Conditional</animation>
<visible>!Integer.IsGreater(Container(50000).NumItems,0)</visible>
<posx>400</posx>
<posy>550</posy>
<width>1000</width>
<height>200</height>
<align>center</align>
<label>[B]טוען וידג'טים אנא המתן.....[/B]</label>
</control>
</include>

</includes>
