<?xml version="1.0" encoding="UTF-8"?>
<window>
    <defaultcontrol always="true">9999</defaultcontrol>
    <onload condition="Skin.hassetting(stopVideoOnMenu) + !Player.HasAudio">PlayerControl(stop)</onload>
    <onload>Skin.SetString(recentitems,video)</onload>
	<onload>Container.SetViewMode(54)</onload>
	<onload>Control.SetFocus(54)</onload>
    <include>fadeInOut</include>
	<views>54</views>
    <controls>
        <include>globalBackground</include>
        <!--page container group-->
        <control type="group">
            <!--shift page for certain modal dialogs-->
            <include>modalDialogContentShift</include>
            <!--Main content listing-->
            <control type="group" id="9999">
                <include>contentOpen</include>
                <!--source content-->
                <control type="group" id="9500">
                    <include>videofiles</include>
                    <include>movies</include>
					<include>addonposters</include>
                    <include>tvshows</include>
                    <include>seasons</include>
                    <include>episodes</include>
                    <include>musicvideos</include>
                </control>
            </control>
            <!--page scrollbar-->
            <control type="group" id="8000">
				<control type="group">
                	<visible>Control.IsVisible(60)</visible>
	                <animation effect="fade" start="100" end="0" time="100" condition="!controlgroup(8000).hasfocus">conditional</animation>
	                <control type="scrollbar" id="60">
	                    <posx>54r</posx>
	                    <posy>row-8-begin</posy>
	                    <height>17-row</height>
	                    <onleft>9999</onleft>
	                    <onback>9999</onback>
	                </control>
				</control>
				<control type="group">
	                <visible>Control.IsVisible(61)</visible>
	                <animation effect="fade" start="100" end="0" time="100" condition="!controlgroup(8000).hasfocus">conditional</animation>
	                <control type="scrollbar" id="61">
	                    <posx>54r</posx>
	                    <posy>row-8-begin</posy>
	                    <height>17-row</height>
	                    <onleft>9999</onleft>
	                    <onback>9999</onback>
	                </control>
	            </control>
				
            </control>
		
            <!--page header-->
            <control type="group">
		<include>pageHeader</include>    
         </control>
		<control type="group">
		
			<control type="label">
			<visible>!ControlGroup(9100).HasFocus</visible>
			<posx>1590</posx>
			<posy>10</posy>
			<width>300</width>
			<height>25</height>
			<align>center</align>
			<font>smallStrong</font>
			<label>$INFO[Container(54).CurrentItem] / $INFO[Container(54).CurrentPage] / $INFO[Container(54).NumItems]</label>
			</control>
		
		
		<control type="image">
		<visible>Player.HasVideo</visible>
		<posx>600</posx>
		<posy>0</posy>
		<width>500</width>
		<height>200</height>
		<texture>$INFO[Window(Home).Property(SkinHelper.Player.Art.Clearlogo)]</texture>
		</control>
		<control type="image">
		<visible>!Player.HasVideo</visible>
		<posx>600</posx>
		<posy>0</posy>
		<width>500</width>
		<height>200</height>
		<texture>$INFO[Window(Home).Property(SkinHelper.Player.Art.Clearlogo)]</texture>
		</control>
		</control>
        </control>
		
		  <control type="multiimage">
                <posx>1380</posx>
                <posy>200</posy>
                <width>540</width>
                <height>920</height>
				<fadetime>350</fadetime>
				<imagepath fallback="special://skin/extras/fallbacks/videodefault.jpg" background="true">$INFO[ListItem.Art(thumb)]</imagepath>
				</control>
				
					<control type="image">
					<animation condition="String.Contains(ListItem.Label,מדובב) | String.Contains(ListItem.Plot,מדובב) | String.Contains(ListItem.Label,hebdub) | String.Contains(ListItem.Plot,hebdub) + !Player.HasAudio" effect="slide" start="0,0" end="0,550" tween="back" easing="inout" time="550">Conditional</animation>
					<animation condition="Player.HasAudio" effect="slide" start="0,0" end="0,80" tween="back" easing="inout" time="550">Conditional</animation>
					<posx>650</posx>
					<posy>-700</posy>
					<width>600</width>
					<height>400</height>
					<texture>special://skin/extras/test/dubbedcheck.png</texture>
					</control>
          <!--  <control type="fadelabel" id="398045">
                <top>0</top>
                <width>1</width>
                <height>1</height>
                <info>Container(54).ListItem.Thumb</info>
				<info>Container(54).ListItem.Art(Poster)</info>
				<info>Container(54).ListItem.Art(clearlogo)</info>
				<info>Container(54).ListItem.Art(clearart)</info>
				<info>Container(54).ListItem.Art(tvshow.poster)</info>
				<info>Container(54).ListItem.Art(animatedposter)</info>
                <randomize>true</randomize>
                <pauseatend>5000</pauseatend>
                <scroll>false</scroll>
                <scrollout>false</scrollout>
                <resetonlabelchange>true</resetonlabelchange>
            </control>-->

				<control type="group">
				<animation condition="ControlGroup(9100).HasFocus" effect="slide" start="0,0" end="0,400" time="550" tween="sine" easing="inout">Conditional</animation>
				<posx>0</posx>
				<posy>-400</posy>
				<control type="grouplist" id="9100">
					<onleft>50</onleft>
					<onright>50</onright>
					<onup>9100</onup>
					<onback>54</onback>
					<align>center</align>
					<ondown>54</ondown>
					<itemgap>20</itemgap>
					<width>1920</width>
					<height>600</height>
					<usecontrolcoords>true</usecontrolcoords>
					<orientation>horizontal</orientation>
					<control type="button" id="4000">
						<description>View As button</description>
						<label>$LOCALIZE[457]: $INFO[Container.Viewmode]</label>
						<onclick>RunScript(script.skin.helper.service,action=SETVIEW)</onclick>
						<width>auto</width>
						<height>50</height>
						<align>left</align>
						<texturefocus colordiffuse="burlywood">colors/white.png</texturefocus>
						<texturenofocus colordiffuse="highlight">colors/white.png</texturenofocus>
					</control>
					<control type="button" id="498">
						<description>Show View Options</description>
						<label>14018</label>
						<width>auto</width>
						<height>50</height>
						<align>left</align>
						<texturefocus colordiffuse="burlywood">colors/white.png</texturefocus>
						<texturenofocus colordiffuse="highlight">colors/white.png</texturenofocus>
						<onclick>SetFocus(8000)</onclick>
					</control>
					<control type="button" id="3">
						<description>Sort by button</description>
						<label>103</label>
						<width>auto</width>
						<height>50</height>
						<align>left</align>
						<texturefocus colordiffuse="burlywood">colors/white.png</texturefocus>
						<texturenofocus colordiffuse="highlight">colors/white.png</texturenofocus>
					</control>
					<control type="togglebutton" id="4">
						<description>Sort asc</description>
						<align>center</align>
						<alttexturefocus colordiffuse="white">colors/white.png</alttexturefocus>
						<alttexturenofocus>-</alttexturenofocus>
						<disabledcolor>grey</disabledcolor>
						<label>$LOCALIZE[21429]: $LOCALIZE[584]</label>
						<altlabel>$LOCALIZE[21429]: $LOCALIZE[585]</altlabel>
						<width>auto</width>
						<height>50</height>
						<align>left</align>
						<texturefocus colordiffuse="burlywood">colors/white.png</texturefocus>
						<texturenofocus colordiffuse="highlight">colors/white.png</texturenofocus>
					</control>
					<control type="button" id="10">
						<description>Watched Toggle</description>
						<label>20367</label>
						<label2>$INFO[Container.NumItems]</label2>
						<width>auto</width>
						<height>50</height>
						<align>left</align>
						<texturefocus colordiffuse="burlywood">colors/white.png</texturefocus>
						<texturenofocus colordiffuse="highlight">colors/white.png</texturenofocus>
					</control>
					<control type="button" id="8">
						<description>Search</description>
						<label>137</label>
						<width>auto</width>
						<height>50</height>
						<align>left</align>
						<texturefocus colordiffuse="burlywood">colors/white.png</texturefocus>
						<texturenofocus colordiffuse="highlight">colors/white.png</texturenofocus>
					</control>
					<control type="button" id="19">
						<description>Filter</description>
						<label>587</label>
						<width>auto</width>
						<height>50</height>
						<align>left</align>
						<texturefocus colordiffuse="burlywood">colors/white.png</texturefocus>
						<texturenofocus colordiffuse="highlight">colors/white.png</texturenofocus>
						<visible>Container.CanFilter + !Container.CanFilterAdvanced</visible>
					</control>
					<control type="radiobutton" id="23">
						<description>Advanced Filter</description>
						<width>auto</width>
						<height>50</height>
						<align>left</align>
						<texturefocus colordiffuse="burlywood">colors/white.png</texturefocus>
						<texturenofocus colordiffuse="highlight">colors/white.png</texturenofocus>
						<label>587</label>
						<onclick>right</onclick>
						<onclick>Filter</onclick>
						<selected>Container.Filtered</selected>
						<visible>Container.CanFilterAdvanced</visible>
					</control>
					<control type="togglebutton" id="20">
						<description>Update Library</description>
						<label>653</label>
						<altlabel>13353</altlabel>
						<alttexturefocus colordiffuse="$VAR[main_color]">white.png</alttexturefocus>
						<alttexturenofocus>-</alttexturenofocus>
						<usealttexture>library.isscanningvideo</usealttexture>
						<width>auto</width>
						<height>50</height>
						<align>left</align>
						<texturefocus colordiffuse="burlywood">colors/white.png</texturefocus>
						<texturenofocus colordiffuse="highlight">colors/white.png</texturenofocus>
					</control>

					<control type="radiobutton" id="11">
						<description>Unlock Shares</description>
						<label>12333</label>
						<pulseonselect>no</pulseonselect>
						<onclick>Xbmc.MasterMode</onclick>
						<selected>System.IsMaster</selected>
						<width>auto</width>
						<height>50</height>
						<align>left</align>
						<texturefocus colordiffuse="burlywood">colors/white.png</texturefocus>
						<texturenofocus colordiffuse="highlight">colors/white.png</texturenofocus>
						<visible>System.HasLocks</visible>
					</control>

					<control type="button" id="611">
						<description>FullScreen</description>
						<label>244</label>
						<onclick>FullScreen</onclick>
						<width>auto</width>
						<height>50</height>
						<align>left</align>
						<texturefocus colordiffuse="burlywood">colors/white.png</texturefocus>
						<texturenofocus colordiffuse="highlight">colors/white.png</texturenofocus>
						<visible>Player.HasAudio | Player.HasVideo</visible>
					</control>
					<control type="button" id="22">
						<description>now playing</description>
						<label>13350</label>
						<onclick>ActivateWindow(videoplaylist)</onclick>
						<width>auto</width>
						<height>50</height>
						<align>left</align>
						<texturefocus colordiffuse="burlywood">colors/white.png</texturefocus>
						<texturenofocus colordiffuse="highlight">colors/white.png</texturenofocus>
						<visible>!String.IsEqual(Playlist.Length(video),0)</visible>
					</control>

				</control>
				</control>

		
        <!--mini window-->
		<control type="group">
		<animation condition="ControlGroup(9100).HasFocus" effect="slide" start="0,0" end="500,0" time="450" tween="sine" easing="inout">Conditional</animation>
    	<include content="miniVideoPlayer">
		<param name="minposx" value="col-20-begin"/>
		<param name="miniposy" value="0"/>
		<param name="miniwidth" value="6-col"/>
		<param name="miniheight" value="243"/>
		<param name="windowvideposx" valeu="6"/>
		<param name="imageposx" value="-10"/>
		<param name="imageposy" value="0"/>
		<param name="imageheight" value="265"/>
		</include>
		</control>
		<control type="group">
		<animation condition="ControlGroup(9100).HasFocus" effect="slide" start="0,0" end="500,0" time="450" tween="sine" easing="inout">Conditional</animation>
		<posy>-60</posy>
		<posx>5</posx>
		<include>progressbarvideo</include>
		</control>
		<include>my_video_nav_video_title</include>
		<include>my_video_nav_video_trailer</include>
        <!--hub menu-->
        <include>hubMenu</include>
        <!--loading indicator-->
        <include>loadingIndicator</include>
        <!--debugging-->
        <include>DebugGrid</include>
        <control type="label">
            <include>WindowID</include>
            <label>MyVideoNav.xml path: $INFO[container.folderpath] folder: $INFO[container.foldername] content: $INFO[container.content]</label>
        </control>
    </controls>
</window>
