<?xml version="1.0" encoding="UTF-8"?>
<window>
    <defaultcontrol always="true">9999</defaultcontrol>
    <onload condition="Skin.hassetting(stopVideoOnMenu) + !Player.HasAudio">PlayerControl(stop)</onload>
    <onload>Skin.SetString(recentitems,video)</onload>
	<onload>Container.SetViewMode(54)</onload>
    <include>fadeInOut</include>
	<views>50,51,52,53,54,55,58,59</views>
    <controls>
        <include>globalBackground</include>
        <!--page container group-->
        <control type="group">
            <!--shift page for certain modal dialogs-->
            <include>modalDialogContentShift</include>
            <!--Main content listing-->
            <control type="group" id="9999">
                <include>contentOpen</include>
                <!--source content-->
                <control type="group" id="9500">
                    <include>videofiles</include>
                    <include>movies</include>
					<include>addonposters</include>
                    <include>tvshows</include>
                    <include>seasons</include>
                    <include>episodes</include>
                    <include>musicvideos</include>
                </control>
            </control>
            <!--page scrollbar-->
            <control type="group" id="8000">
				<control type="group">
                	<visible>Control.IsVisible(60)</visible>
	                <animation effect="fade" start="100" end="0" time="100" condition="!controlgroup(8000).hasfocus">conditional</animation>
	                <control type="scrollbar" id="60">
	                    <posx>54r</posx>
	                    <posy>row-8-begin</posy>
	                    <height>17-row</height>
	                    <onleft>9999</onleft>
	                    <onback>9999</onback>
	                </control>
				</control>
				<control type="group">
	                <visible>Control.IsVisible(61)</visible>
	                <animation effect="fade" start="100" end="0" time="100" condition="!controlgroup(8000).hasfocus">conditional</animation>
	                <control type="scrollbar" id="61">
	                    <posx>54r</posx>
	                    <posy>row-8-begin</posy>
	                    <height>17-row</height>
	                    <onleft>9999</onleft>
	                    <onback>9999</onback>
	                </control>
	            </control>
            </control>
			
            <!--page header-->
            <control type="group">
		<include>pageHeader</include>    
         </control>
		<control type="group">
		<control type="label">
		<animation condition="Player.HasAudio" effect="slide" start="0,0" end="0,50" time="150" tween="sine" easing="inout">Conditional</animation>
		<visible>String.IsEmpty(Window(Home).Property(SkinHelper.Player.Art.Clearlogo) | Window(Home).Property(SkinHelper.Player.Art.Clearart)</visible>
		<posx>650</posx>
		<posy>50</posy>
		<width>500</width>
		<height>50</height>
		<align>center</align>
		<font>pageTitle</font>
		<label>$INFO[ListItem.Year]</label>
		</control>
		
			<control type="label">
			<posx>1590</posx>
			<posy>10</posy>
			<width>300</width>
			<height>25</height>
			<align>center</align>
			<font>smallStrong</font>
			<label>$INFO[Container(54).CurrentItem] / $INFO[Container(54).CurrentPage] / $INFO[Container(54).NumItems]</label>
			</control>
		
		<control type="label">
		<posx>170</posx>
		<posy>820</posy>
		<width>1920</width>
		<height>40</height>
		<align>left</align>
		<font>pageTitle</font>
		<label>[I]$INFO[ListItem.Genre][/I]</label>
		</control>
		<control type="textbox">
		<autoscroll time="3200" fade="4000" repeat="4000"></autoscroll>
		<posx>170</posx>
		<posy>915</posy>
		<width>1100</width>
		<height>165</height>
		<align>left</align>
		<font>small</font>
		<label>$INFO[ListItem.Plot]</label>
		</control>
		
		<control type="image">
		<visible>Player.HasVideo</visible>
		<posx>600</posx>
		<posy>0</posy>
		<width>500</width>
		<height>200</height>
		<texture>$INFO[Window(Home).Property(SkinHelper.Player.Art.Clearlogo)]</texture>
		</control>
		<control type="image">
		<visible>!Player.HasVideo</visible>
		<posx>600</posx>
		<posy>0</posy>
		<width>500</width>
		<height>200</height>
		<texture>$INFO[Window(Home).Property(SkinHelper.Player.Art.Clearlogo)]</texture>
		</control>
		</control>
        </control>
		
		        <control type="multiimage" id="9347">
                <left>1520</left>
                <top>800</top>
                <width>250</width>
                <height>280</height>
				<fadetime>750</fadetime>
               
            <imagepath background="true">$INFO[Control.GetLabel(398045)]</imagepath>
            </control>
            <control type="fadelabel" id="398045">
                <top>0</top>
                <width>1</width>
                <height>1</height>
                <info>Container(54).ListItem.Art(poster)</info>
				<info>Container(54).ListItem.Art(fanart)</info>
				<info>Container(54).ListItem.Art(clearlogo)</info>
                <randomize>true</randomize>
                <pauseatend>5000</pauseatend>
                <scroll>false</scroll>
                <scrollout>false</scrollout>
                <resetonlabelchange>true</resetonlabelchange>
            </control>
		
        <!--mini window-->
        <include>miniVideoPlayer</include>
        <!--hub menu-->
        <include>hubMenu</include>
        <!--loading indicator-->
        <include>loadingIndicator</include>
        <!--debugging-->
        <include>DebugGrid</include>
        <control type="label">
            <include>WindowID</include>
            <label>MyVideoNav.xml path: $INFO[container.folderpath] folder: $INFO[container.foldername] content: $INFO[container.content]</label>
        </control>
    </controls>
</window>
