<?xml version="1.0" encoding="UTF-8"?>
<window>
    <defaultcontrol always="true">10</defaultcontrol>
    <onload>Skin.Reset(DebugInfo)</onload>
    <onload>Skin.Reset(DebugGrid)</onload>
	<onload>AlarmClock(setfocus,Control.SetFocus(9000),00:01,true)</onload>
	<onload condition="String.IsEmpty(Skin.String(MainMenuTextColor))">Skin.SetString(MainMenuTextColor,white)</onload>
	<onload condition="String.IsEmpty(Skin.String(MainMenuFocusedColor))">Skin.SetString(MainMenuFocusedColor,burlywood)</onload>
	<onload condition="String.IsEmpty(Skin.String(MainInfoTextBorder))">Skin.SetString(MainInfoTextBorder,burlywood)</onload>
	<onload condition="String.IsEmpty(Skin.String(MainRadioTextBorder))">Skin.SetString(MainRadioTextBorder,gray)</onload>
	<onload condition="String.IsEmpty(Skin.String(MainNameString))">Skin.SetString(MainNameString,אין שם)</onload>
    <coordinates>
        <posx>15</posx>
        <posy>15</posy>
    </coordinates>
    <controls>
        <control type="button" id="10">
            <description>Startup Trigger</description>
            <onfocus>ReplaceWindow($INFO[System.StartupWindow])</onfocus>
            <texturenofocus></texturenofocus>
            <texturefocus></texturefocus>
        </control>
        <!--debugging-->
        <include>DebugGrid</include>
        <control type="label">
            <include>WindowID</include>
            <label>StartUp.xml</label>
        </control>
    </controls>
</window>
