<?xml version="1.0" encoding="UTF-8"?>

<window>
<defaultcontrol always="true">8001</defaultcontrol>
<onload>setfocus(8001)</onload>
<onload>Dialog.Clode(all,true)</onload>
<controls>

		<control type="group">
		<control type="image">
		<animation type="WindowOpen">
		<effect type="slide" start="0,0" end="0,-1640" tween="cubic" easing="out" time="50"/>
		</animation>
		<animation type="WindowClose">
		<effect type="slide" start="0,-1640" end="0,0" tween="cubic" easing="inout" time="50"/>
		</animation>
		<posx>0</posx>
		<posy>1640</posy>
		<width>1920</width>
		<height>1080</height>
		<texture>colors/black.png</texture>
		<colordiffuse>77000000</colordiffuse>
		</control>
		</control>

		<control type="group">
		<control type="list" id="8001">
		<animation type="WindowOpen">
		<effect type="slide" start="0,0" end="0,-650" tween="cubic" easing="out" time="750"/>
		</animation>
		<animation type="WindowClose">
		<effect type="slide" start="0,-650" end="0,0" tween="cubic" easing="inout" time="750"/>
		</animation>
		<posy>1610</posy>
		<posx>500</posx>
		<width>1000</width>
		<height>200</height>
		<orientation>horizontal</orientation>
		<onback>402</onback>
		<onup condition="!Stringcompare(VideoPlayer.SubtitlesLanguage,heb) + !String.IsEmpty(VideoPlayer.SubtitlesLanguage)">31</onup>
		<onup condition="!VideoPlayer.HasSubtitles">42</onup>
		<itemlayout width="80" height="80">

	<control type="image">
		<posx>15</posx>
		<posy>65</posy>
		<width>25</width>
		<height>25</height>
		<texture colordiffuse="white">$INFO[ListItem.Thumb]</texture>
		</control>
		</itemlayout>
		<focusedlayout width="80" height="80">
		<control type="image">
		<visible>!control.hasfocus(8001)</visible>
		<posx>15</posx>
		<posy>65</posy>
		<width>25</width>
		<height>25</height>
		<texture colordiffuse="white">$INFO[ListItem.Thumb]</texture>
		</control>
		<control type="image">
		<visible>control.hasfocus(8001)</visible>
		<posx>15</posx>
		<posy>65</posy>
		<width>25</width>
		<height>25</height>
		<texture colordiffuse="white">$INFO[ListItem.Thumb]</texture>
	</control>
	
		<control type="image">
		<visible>Control.HasFocus(8001)</visible>
		<posx>10</posx>
		<posy>60</posy>
		<width>35</width>
		<height>35</height>
		<texture border="2,2,2,2">special://skin/extras/netflix/round_border.png</texture>
		</control>
		</focusedlayout>
		<content>
		<item>
		<label>תפריט</label>
		<thumb>special://skin/extras/main/menu.png</thumb>
		<onclick>Control.SetFocus(9202)</onclick>
		</item>
		<item>
		<visible>VideoPlayer.SubtitlesEnabled + !Stringcompare(VideoPlayer.SubtitlesLanguage,heb)</visible>
		<label>חפש כתובית</label>
		<thumb>special://skin/extras/videoosdicons/search-11-xxl.png</thumb>
		<onclick>ActivateWindow(subtitlesearch)</onclick>
		</item>
		<item>
		<visible>VideoPlayer.HasSubtitles + VideoPlayer.SubtitlesEnabled</visible>
		<label>בטל כתובית</label>
		<thumb>special://skin/extras/osd/subs3.png</thumb>
		<onclick>ShowSubtitles</onclick>
		</item>
		<item>
		<visible>VideoPlayer.HasSubtitles + !VideoPlayer.SubtitlesEnabled</visible>
		<label>הפעל כתובית</label>
		<thumb>special://skin/extras/osd/subs3.png</thumb>
		<onclick>ShowSubtitles</onclick>
		</item>
		<item>
		<thumb>special://skin/extras/osd/subs.png</thumb>
		<label>רקע כתובית</label>
        <onclick>RunScript(special://home/addons/script.subskeys/default.py,background)</onclick>
		</item>
		<item>
		<thumb>special://skin/extras/osd/audio-add-xxl.png</thumb>
		<label>ווליום</label>
        <onclick>Control.SetFocus(889)</onclick>
		</item>
		<item>
		<thumb>special://skin/extras/osd/rewind.png</thumb>
		<onclick>PlayerControl(rewind)</onclick>
		<label>הרץ אחורה</label>
		</item>
		<item>
		<thumb>special://skin/extras/osd/previous.png</thumb>
		<onclick>PlayerControl(previous)</onclick>
		<label>להתחלה</label>
		</item>
		<item>
		<label>עצור</label>
		<thumb>special://skin/extras/osd/stop.png</thumb>
		<onclick>PlayerControl(Stop)</onclick>
		<onclick>Dialog.Close(all,true)</onclick>
		<onclick>ClearProperty(home)</onclick>
		</item>
		<item>
		<visible>Player.Paused</visible>
		<thumb>special://skin/extras/osd/play.png</thumb>
		<onclick>play</onclick>
		<label>נגן</label>
		</item>
		<item>
		<visible>!Player.Paused</visible>
		<label>השהה</label>
		<thumb>special://skin/extras/osd/pause.png</thumb>
		<onclick>pause</onclick>
		<label>השהה</label>
		</item>
		<item>
		<thumb>special://skin/extras/osd/skipnext.png</thumb>
		<onclick>PlayerControl(next)</onclick>
		<label>הבא</label>
		</item>
		<item>
		<thumb>special://skin/extras/osd/forward.png</thumb>
		<onclick>PlayerControl(forward)</onclick>
		<label>הרץ קדימה</label>
		</item>
		</content>
		</control>
		</control>


				<control type="group">
				<animation type="WindowOpen">
				<effect type="slide" start="0,0" end="0,-450" tween="cubic" easing="out" time="750"/>
				</animation>
				<animation type="WindowClose">
				<effect type="slide" start="0,-450" end="0,0" tween="cubic" easing="inout" time="750"/>
				</animation>
						<posx>0</posx>
						<posy>1510</posy>
						<control type="progress">
							<description>Progressbar Cache</description>
							<posx>0</posx>
							<posy>0</posy>
							<width>1920</width>
							<height>12</height>
							<info>Player.ProgressCache</info>
							<texturebg colordiffuse="gray" border="1,1,1,1">special://skin/extras/osd/2.png</texturebg>
							<midtexture colordiffuse="white" border="1,1,1,1">special://skin/extras/osd/5.png</midtexture>
						</control>
						<control type="progress">
							<description>Progressbar</description>
							<posx>0</posx>
							<posy>0</posy>
							<width>1920</width>
							<height>12</height>
							<texturebg diffuse="special://skin/extras/circle.png" colordiffuse="red" border="1,0,1,0">special://skin/extras/osd/4.png</texturebg>
							<midtexture diffuse="special://skin/extras/circle.png" colordiffuse="red" border="1,0,1,0">special://skin/extras/osd/5.png</midtexture>
							<lefttexture>-</lefttexture>
							<righttexture>-</righttexture>
							<info>Player.Progress</info>
						</control>

            <control type="slider" id="402">
                <posx>0</posx>
                <posy>2</posy>
                <width>1920</width>
                <height>10</height>
				<onback>8001</onback>
                <texturesliderbar diffuse="special://skin/extras/circles/circle-white.png" colordiffuse="00FFFFFF">colors/white.png</texturesliderbar>
                <textureslidernib diffuse="special://skin/extras/circles/circle-white.png" colordiffuse="deepskyblue">colors/white.png</textureslidernib>
				<textureslidernibfocus diffuse="special://skin/extras/circles/circle-white.png" colordiffuse="burlywood">colors/white.png</textureslidernibfocus>
                <orientation>horizontal</orientation>
				<action>seek</action>
            </control>
			</control>
			
			
			
		    <control type="group">
			<animation type="WindowOpen">
			<effect type="slide" start="0,0" end="0,-430" tween="cubic" easing="out" time="750"/>
			</animation>
			<animation type="WindowClose">
			<effect type="slide" start="0,-430" end="0,0" tween="cubic" easing="inout" time="750"/>
			</animation>
				<posx>1320</posx>
				<posy>1440</posy>
                <control type="image">
				<posx>120</posx>
				<posy>5</posy>
                    <width>38</width>
                    <height>38</height>
                    <aspectratio aligny="center">keep</aspectratio>
                    <colordiffuse>white</colordiffuse>
                    <texture>special://skin/extras/osdimages/clock.png</texture>
                </control>
                <control type="label">
					<posx>180</posx>
					<posy>4</posy>
                    <font>Small</font>
                    <textcolor>white</textcolor>
                    <label>$INFO[System.Time]</label>
                </control>
                <control type="image">
				<posx>320</posx>
				<posy>10</posy>
                    <width>38</width>
                    <height>38</height>
                    <aspectratio aligny="center">keep</aspectratio>
                    <colordiffuse>$VAR[OSDPanelWhite70]</colordiffuse>
                    <texture>special://skin/extras/osdimages/arrow.png</texture>
                    <visible>Player.HasVideo</visible>
                </control>
                <control type="image">
				<posx>430</posx>
				<posy>5</posy>
                    <width>38</width>
                    <height>38</height>
                    <aspectratio aligny="center">keep</aspectratio>
                    <colordiffuse>white</colordiffuse>
                    <texture>special://skin/extras/osdimages/finishtime.png</texture>
                    <visible>Player.HasVideo</visible>
                </control>
                <control type="label">
				<posx>500</posx>
				<posy>5</posy>
                    <font>Small</font>
                    <textcolor>white</textcolor>
                    <label>$INFO[Player.FinishTime]</label>
                    <visible>Player.HasVideo</visible>
                </control>

            </control>			
			
			
			
						<control type="group">
						<animation type="WindowOpen">
						<effect type="slide" start="0,0" end="0,-530" tween="cubic" easing="out" time="750"/>
						</animation>
						<animation type="WindowClose">
						<effect type="slide" start="0,-530" end="0,0" tween="cubic" easing="inout" time="750"/>
						</animation>
						<posx>0</posx>
						<posy>1550</posy>
						<control type="label">
							<description>Volume Label</description>
							<posx>240</posx>
							<posy>-5</posy>
							<width>188</width>
							<height>38</height>
							<label>$INFO[Control.GetLabel(10001)]</label>
							<font>font-16</font>
							<textcolor>white</textcolor>
							<align>right</align>
							<aligny>center</aligny>
						</control>
						<control type="image">
							<posx>0</posx>
							<posy>2</posy>
							<width>25</width>
							<height>25</height>
							<texture background="true">special://skin/extras/osd/mute.png</texture>
							<visible>!IntegerGreaterThan(player.volume,1)</visible>
						</control>
						<control type="image">
							<posx>0</posx>
							<posy>2</posy>
							<width>25</width>
							<height>25</height>
							<texture background="true">special://skin/extras/osd/volume0.png</texture>
							<visible>IntegerGreaterThan(player.volume,1) + !IntegerGreaterThan(player.volume,20)</visible>
						</control>
						<control type="image">
							<posx>0</posx>
							<posy>2</posy>
							<width>25</width>
							<height>26</height>
							<texture background="true">special://skin/extras/osd/volume1.png</texture>
							<visible>IntegerGreaterThan(player.volume,20) + !IntegerGreaterThan(player.volume,50)</visible>
						</control>
						<control type="image">
							<posx>0</posx>
							<posy>2</posy>
							<width>25</width>
							<height>25</height>
							<texture background="true">special://skin/extras/osd/volume2.png</texture>
							<visible>IntegerGreaterThan(player.volume,50) + !IntegerGreaterThan(player.volume,95)</visible>
						</control>
						<control type="image">
							<posx>0</posx>
							<posy>2</posy>
							<width>25</width>
							<height>25</height>
							<texture background="true">special://skin/extras/osd/volume3.png</texture>
							<visible>IntegerGreaterThan(player.volume,95)</visible>
						</control>

						<control type="progress" id="10001">
							<description>Progressbar for volume</description>
							<posx>50</posx>
							<posy>0</posy>
							<width>100</width>
							<height>28</height>
							<texturebg colordiffuse="white" border="1,1,1,1">special://skin/extras/osd/2.png</texturebg>
							<midtexture colordiffuse="white" border="1,0,1,0">special://skin/extras/osd/5.png</midtexture>
							<lefttexture>-</lefttexture>
							<righttexture>-</righttexture>
							<info>Player.Volume</info>
						</control>

						<control type="slider" id="889">
							<description>Volume Slider</description>
							<onback>8001</onback>
							<posx>50</posx>
							<posy>0</posy>
							<width>100</width>
							<height>28</height>
							<action>volume</action>
							<texturesliderbar border="1,0,1,0">special://skin/extras/osd/4.png</texturesliderbar>
							<textureslidernib>osd/3.png</textureslidernib>
							<textureslidernibfocus colordiffuse="red">special://skin/extras/sd/3.png</textureslidernibfocus>
						</control>
					</control>
					
					
							
					<control type="group">
					<animation type="WindowOpen">
					<effect type="slide" start="0,0" end="0,-1000" tween="cubic" easing="out" time="750"/>
					</animation>
					<animation type="WindowClose">
					<effect type="slide" start="0,-1100" end="0,0" tween="sine" easing="inout" time="750"/>
					</animation>
					<control type="label">
					<posx>1900</posx>
					<posy>1700</posy>
					<width>1220</width>
					<height>50</height>
					<align>right</align>
					<scroll>true</scroll>
					<font>font-21-recommnded</font>
					<label>$INFO[VideoPlayer.Title] $INFO[VideoPlayer.Year]</label>
					</control>
					<control type="textbox">
					<autoscroll fade="3500" time="3500" repeat="3000"></autoscroll>
					<posx>1100</posx>
					<posy>1795</posy>
					<width>800</width>
					<height>140</height>
					<align>right</align>
					<label>$INFO[VideoPlayer.Plot][CR][COLOR white]$INFO[VideoPlayer.VideoResolution,איכות: (,)][/COLOR] • $INFO[VideoPlayer.Duration, אורך הסרט: ] • $INFO[VideoPlayer.AudioChannels, ערוצי שמע: ][CR]$INFO[VideoPlayer.Season,עונה: ] • $INFO[VideoPlayer.Episode,פרק: ]</label>
					</control>
					
					
					
					<control type="image">
					<animation type="WindowOpen">
					<effect type="fade" start="0" end="100" time="450"/>
					</animation>
					<animation type="WindowClose">
					<effect type="fade" start="100" end="0" time="250"/>
					</animation>
					<visible>String.IsEmpty(Window(Home).Property(SkinHelper.Player.Art.Clearlogo)</visible>
					<posx>15</posx>
					<posy>1000</posy>
					<width>320</width>
					<height>120</height>
					<texture>$INFO[Player.Art(clearlogo)]</texture>
					</control>	
					
					<control type="image">
					<animation type="WindowOpen">
					<effect type="fade" start="0" end="100" time="450"/>
					</animation>
					<animation type="WindowClose">
					<effect type="fade" start="100" end="0" time="250"/>
					</animation>
					<visible>String.IsEmpty(Player.Art(clearlogo)</visible>
					<posx>15</posx>
					<posy>1000</posy>
					<width>320</width>
					<height>120</height>
					<texture>$INFO[Window(Home).Property(SkinHelper.Player.Art.Clearlogo)]</texture>
					</control>	

					<control type="image">
					<animation type="WindowOpen">
					<effect type="fade" start="0" end="100" time="450"/>
					</animation>
					<animation type="WindowClose">
					<effect type="fade" start="100" end="0" time="250"/>
					</animation>
					<visible>String.IsEmpty(Player.Art(clearlogo) + String.IsEmpty(Window(Home).Property(SkinHelper.Player.Art.Clearlogo)</visible>
					<posx>15</posx>
					<posy>1000</posy>
					<width>320</width>
					<height>120</height>
					<texture>$INFO[Window(Home).Property(SkinHelper.Player.Art.Clearart)]</texture>
					</control>	

					<control type="image">
					<animation type="WindowOpen">
					<effect type="fade" start="0" end="100" time="450"/>
					</animation>
					<animation type="WindowClose">
					<effect type="fade" start="100" end="0" time="450"/>
					</animation>
					<animation condition="System.IdleTime(5)" effect="rotatey" start="360" end="-360" center="1780" time="750" reversible="false">Conditional</animation>
					<posx>1665</posx>
					<posy>1300</posy>
					<width>230</width>
					<height>350</height>
					<texture>$INFO[Player.Art(poster)]</texture>
					</control>
					<control type="image">
					<animation type="WindowOpen">
					<effect type="fade" start="0" end="100" time="450"/>
					</animation>
					<animation type="WindowClose">
					<effect type="fade" start="100" end="0" time="250"/>
					</animation>
					<visible>String.IsEmpty(Player.Art(poster)</visible>
					<animation condition="System.IdleTime(5)" effect="rotatey" start="360" end="-360" center="1780" time="750" reversible="false">Conditional</animation>
					<posx>1665</posx>
					<posy>1300</posy>
					<width>230</width>
					<height>350</height>
					<texture>$INFO[Player.Art(thumb)]</texture>
					</control>
					</control>
					


		<control type="list" id="9202">
		<animation condition="Control.HasFocus(9202)" effect="slide" start="0,0" end="500,0" time="500" tween="sine" easing="inout">Conditional</animation>
		<posy>240</posy>
		<posx>-500</posx>
		<width>400</width>
		<height>840</height>
		<orientation>vertical</orientation>
		<onright>8001</onright>
		<onback>8001</onback>
		<itemlayout width="380" height="80">

		<control type="label">
		<posx>70</posx>
		<posy>5</posy>
		<width>200</width>
		<height>50</height>
		<align>left</align>
		<textcolor>white</textcolor>
		<font>Font-Header-Bold-Panel</font>
		<label>$INFO[ListItem.Label]</label>
		</control>
		<control type="image">
		<posx>10</posx>
		<posy>10</posy>
		<width>45</width>
		<height>45</height>
		<texture>$INFO[ListItem.Thumb]</texture>
		</control>
	</itemlayout>
		<focusedlayout width="380" height="80">
		<control type="image">
		<posx>5</posx>
		<posy>5</posy>
		<width>55</width>
		<height>55</height>
		<texture colordiffuse="6e444444" diffuse="circle.png">special://skin/extras/circles/circle-white.png</texture>
		</control>
		<control type="image">
		<posx>5</posx>
		<posy>5</posy>
		<width>55</width>
		<height>55</height>
		<texture colordiffuse="6e444444" diffuse="circle.png">special://skin/extras/circles/circle-white.png</texture>
		</control>
		<control type="label">
		<animation effect="slide" start="0,0" end="20,0" time="350" tween="sine" easing="inout">Focus</animation>
		<posx>70</posx>
		<posy>5</posy>
		<width>200</width>
		<height>50</height>
		<align>left</align>
		<textcolor>white</textcolor>
		<font>Font-Header-Bold-Panel</font>
		<label>[B]$INFO[ListItem.Label][/B]</label>
		</control>
		<control type="image">
		<posx>10</posx>
		<posy>10</posy>
		<width>45</width>
		<height>45</height>
		<texture>$INFO[ListItem.Thumb]</texture>
		</control>
		</focusedlayout>
	<content>
	<item>
	<thumb>special://skin/extras/videoosdicons/audio.png</thumb>
	<label>הגדרות וידאו</label>
	<onclick>ActivateWindow(osdvideosettings)</onclick>
	</item>
	<item>
	<thumb>special://skin/extras/videoosdicons/video-play-4-xxl.png</thumb>
	<label>הגדרת אודיו</label>
	<onclick>ActivateWindow(osdaudiosettings)</onclick>
	</item>
	<item>
	<thumb>special://skin/extras/videoosdicons/clock-4-xxl.png</thumb>
	<label>השהיית כתובית</label>
	<onclick>subtitledelay</onclick>
	</item>
	<item>
	<thumb>special://skin/extras/videoosdicons/mute-2-xxl.png</thumb>
	<visible>!Player.Muted</visible>
	<label>השתק</label>
	<onclick>mute</onclick>
	</item>
	<item>
	<thumb>special://skin/extras/osd/volume3.png</thumb>
	<visible>Player.Muted</visible>
	<label>בטל השתקה</label>
	<onclick>mute</onclick>
	</item>
	<item>
	<thumb>special://skin/extras/osd/subs3.png</thumb>
	<label>חפש כתובית</label>
	<onclick>ActivateWindow(subtitlesearch)</onclick>
	</item>
	<item>
	<thumb>special://skin/extras/videoosdicons/star-2-xxl.png</thumb>
	<label>מועדפים</label>
	<onclick>ActivateWindow(favourites)</onclick>
	</item>
	<item>
	<thumb>special://skin/extras/videoosdicons/bookmark-xxl.png</thumb>
	<label>סימניות</label>
	<onclick>ActivateWindow(videobookmarks)</onclick>
	</item>
	<item>
	<thumb>special://skin/extras/videoosdicons/media-skip-forward-xxl.png</thumb>
	<label>דלג 10 דקות</label>
	<onclick>Seek(600)</onclick>
	</item>
	<item>
	<thumb>special://skin/extras/osd/pause.png</thumb>
	<description>השהה נגן</description>
	<label>השהה נגן</label>
	<onclick>Skin.SetNumeric(SkinHelper.AutoCloseVideoOSD)</onclick>
	</item>
	</content>
	</control>		
			

			<control type="group">
			<animation condition="System.IdleTime(3)" effect="slide" start="0,0" end="0,-400" time="750" tween="sine" easing="inout">Conditional</animation>
			<control type="image">
				<posx>800</posx>
				<posy>0</posy>
				<width>290</width>
				<height>30</height>
				<texture colordiffuse="black" background="true" border="15,2,15,2">special://skin/extras/main/tab.png</texture>
				<bordertexture colordiffuse="white" border="15,2,15,2">special://skin/extras/main/tab_stroke.png</bordertexture>
				<bordersize>1,0,1,1</bordersize>
			</control> 
			<control type="label">
			<posx>800</posx>
			<posy>-12</posy>
			<width>290</width>
			<height>40</height>
			<align>center</align>
			<label>$INFO[Container(8001).ListItem.Label]</label>
			</control>
			</control>
		
</controls>
</window>