<?xml version="1.0" encoding="UTF-8"?>
<includes>
    <include name="videofiles">
        <!--fanart-->
        <control type="group">
            <visible>String.Contains(Container.folderpath,plugin) + !$EXP[isAddonMovieOrTVshow]</visible>
            <control type="image">
                <include>dimensionsFullscreen</include>
                <aspectratio scalediffuse="false">stretch</aspectratio>
                <texture fallback="colors/offblack.png" border="0">$INFO[Listitem.art(fanart)]</texture>
                <fadetime>500</fadetime>
                <colordiffuse>FF555555</colordiffuse>
            </control>
        </control>
	   <control type="image">
	   <posx>0</posx>
	   <posy>0</posy>
	   <width>1920</width>
	   <height>1080</height>
	   <texture>special://skin/extras/backgrounds/default.png</texture>
	   </control>
			<control type="panel" id="55">
            <visible>$EXP[isVideoList]</visible>
            <posx>col-1-begin</posx>
            <posy>row-5-begin</posy>
            <width>24-col</width>
            <height>600</height>
            <onleft>9000</onleft>
            <onright>61</onright>
            <ondown>55</ondown>
            <onup>55</onup>
			<onright>Control.SetFocus(9100)</onright>
            <pagecontrol>61</pagecontrol>
            <itemlayout width="24-col" height="2-row">
                <control type="image">
                    <posx>0</posx>
                    <posy>3</posy>
                    <width>66</width>
                    <height>66</height>
                    <aspectratio scalediffuse="false">stretch</aspectratio>
                    <texture diffuse="masks/circle.png" border="0">$INFO[Listitem.Thumb]</texture>
                </control>
                <control type="image">
                    <posx>1-col</posx>
                    <posy>0</posy>
                    <width>23-col</width>
                    <height>69</height>
                    <aspectratio>stretch</aspectratio>
                    <texture border="0">colors/black.png</texture>
                    <colordiffuse>textboxInactive</colordiffuse>
                </control>
                <control type="label">
                    <posx>1-col-indent</posx>
                    <posy>0</posy>
                    <width>22-col-gutter</width>
                    <height>2-row</height>
                    <aligny>center</aligny>
                    <font>itemTitle</font>
                    <textcolor>textActive</textcolor>
                    <shadowcolor></shadowcolor>
                    <label>$INFO[ListItem.Label]</label>
                </control>
                <control type="label">
                    <visible>!String.IsEmpty(ListItem.playcount)</visible>
                    <posx>23-col-gutter</posx>
                    <posy>0</posy>
                    <width>1-col</width>
                    <height>2-row</height>
                    <aligny>center</aligny>
                    <align>right</align>
                    <font>symbolLarge</font>
                    <textcolor>textActive</textcolor>
                    <shadowcolor></shadowcolor>
                    <label></label>
                </control>

            </itemlayout>
            <focusedlayout width="24-col" height="2-row">
                <control type="image">
                    <posx>0</posx>
                    <posy>3</posy>
                    <width>66</width>
                    <height>66</height>
                    <aspectratio scalediffuse="false">stretch</aspectratio>
                    <texture diffuse="masks/circle.png" border="0">$INFO[Listitem.Thumb]</texture>
                    <animation type="focus" loop="false" reversible="false">
                        <effect type="fade" time="500"/>
                        <effect type="rotatey" end="360" center="33" tween="back" easing="out" time="1000"/>
                    </animation>
                </control>
                <control type="image">
                    <posx>1-col</posx>
                    <posy>0</posy>
                    <width>23-col</width>
                    <height>2-row</height>
                    <aspectratio>stretch</aspectratio>
                    <texture border="0">colors/white.png</texture>
                    <colordiffuse>highlight</colordiffuse>
                </control>
                <control type="label">
                    <posx>1-col-indent</posx>
                    <posy>0</posy>
                    <width>22-col-gutter</width>
                    <height>2-row</height>
                    <aligny>center</aligny>
                    <font>itemTitle</font>
                    <textcolor>textActive</textcolor>
                    <shadowcolor></shadowcolor>
                    <label>$INFO[ListItem.Label]</label>
                </control>
                <control type="label">
                    <visible>!String.IsEmpty(ListItem.playcount)</visible>
                    <posx>23-col-gutter</posx>
                    <posy>0</posy>
                    <width>1-col</width>
                    <height>2-row</height>
                    <aligny>center</aligny>
                    <align>right</align>
                    <font>symbolLarge</font>
                    <textcolor>textActive</textcolor>
                    <shadowcolor></shadowcolor>
                    <label></label>
                </control>
            </focusedlayout>
        </control>
    </include>
</includes>
