<?xml version="1.0" encoding="UTF-8"?>
<includes>
    <include name="videofiles">
        <!--fanart-->
        <control type="group">
            <visible>String.Contains(Container.folderpath,plugin) + !$EXP[isAddonMovieOrTVshow]</visible>
            <control type="image">
                <include>dimensionsFullscreen</include>
                <aspectratio scalediffuse="false">stretch</aspectratio>
                <texture fallback="colors/offblack.png" border="0">$INFO[Listitem.art(fanart)]</texture>
                <fadetime>500</fadetime>
                <colordiffuse>FF555555</colordiffuse>
            </control>
        </control>
		
		       <control type="image">
	   <posx>0</posx>
	   <posy>0</posy>
	   <width>1920</width>
	   <height>1080</height>
	   <texture>special://skin/extras/backgrounds/default.png</texture>
	   </control>
	   
	   
	   
	 <!--       <control type="list" id="55">
			<visible>![Container.HasFolders]</visible>
            <posx>col-1-begin</posx>
            <posy>row-5-begin</posy>
            <width>24-col</width>
            <height>800</height>
            <ondown>55</ondown>
            <onup>55</onup>
			<orientation>vertical</orientation>
			<onleft condition="Player.HasVideo">PlayerControl(stop)</onleft>
			<onleft condition="!Player.HasVideo">PlayMedia($INFO[ListItem.trailer],1)</onleft>
			<onright>Control.SetFocus(9100)</onright>
            <pagecontrol>61</pagecontrol>
			<focusposition>3</focusposition>
			<scrolltime tween="sine" easing="inout">450</scrolltime>
            <itemlayout width="24-col" height="2-row">
                <control type="image">
                    <posx>0</posx>
                    <posy>3</posy>
                    <width>66</width>
                    <height>66</height>
                    <aspectratio scalediffuse="false">stretch</aspectratio>
                    <texture fallback="colors/black.png" diffuse="masks/circle.png" border="0">$INFO[Listitem.thumb]</texture>
                </control>
                <control type="image">
                    <posx>1-col</posx>
                    <posy>0</posy>
                    <width>23-col</width>
                    <height>69</height>
                    <aspectratio>stretch</aspectratio>
                    <texture border="0">colors/black.png</texture>
                    <colordiffuse>textboxInactive</colordiffuse>
                </control>
                <control type="label">
                    <posx>1-col-indent</posx>
                    <posy>0</posy>
                    <width>22-col-gutter</width>
                    <height>2-row</height>
                    <aligny>center</aligny>
                    <font>itemTitle</font>
                    <textcolor>textActive</textcolor>
                    <shadowcolor></shadowcolor>
                    <label>$INFO[ListItem.Label]</label>
                </control>
                <control type="label">
                    <visible>!String.IsEmpty(ListItem.playcount)</visible>
                    <posx>23-col-gutter</posx>
                    <posy>0</posy>
                    <width>1-col</width>
                    <height>2-row</height>
                    <aligny>center</aligny>
                    <align>right</align>
                    <font>symbolLarge</font>
                    <textcolor>textActive</textcolor>
                    <shadowcolor></shadowcolor>
                    <label></label>
                </control>
				<control type="label">
				<posx>1400</posx>
				<posy>15</posy>
				<width>250</width>
				<height>35</height>
				<align>right</align>
				<label>$INFO[ListItem.Duration]</label>
				</control>
				<control type="label">
						<posx>486</posx>
						<posy>12</posy>
						<width>250</width>
						<height>20</height>
						<align>center</align>
						<label>$INFO[ListItem.PercentPlayed]%</label>
						<visible>!String.IsEqual(ListItem.Overlay,overlaywatched.png) + Integer.IsGreater(ListItem.PercentPlayed,0) + !Integer.IsGreater(ListItem.PercentPlayed,99)</visible>
					</control>
				<include>progressplayerpercent</include>
            </itemlayout>
						
            <focusedlayout width="24-col" height="2-row">
                <control type="image">
                    <posx>0</posx>
                    <posy>3</posy>
                    <width>66</width>
                    <height>66</height>
                    <aspectratio scalediffuse="false">stretch</aspectratio>
                    <texture fallback="colors/white.png" diffuse="masks/circle.png" border="0">$INFO[Listitem.thumb]</texture>
                    <animation type="focus" loop="false" reversible="false">
                        <effect type="fade" time="500"/>
                        <effect type="rotatey" end="360" center="33" tween="back" easing="out" time="1000"/>
                    </animation>
                </control>
                <control type="image">
                    <posx>1-col</posx>
                    <posy>0</posy>
                    <width>23-col</width>
                    <height>2-row</height>
                    <aspectratio>stretch</aspectratio>
                    <texture border="0">colors/white.png</texture>
                    <colordiffuse>highlight</colordiffuse>
                </control>
                <control type="label">
                    <posx>1-col-indent</posx>
                    <posy>0</posy>
                    <width>22-col-gutter</width>
                    <height>2-row</height>
                    <aligny>center</aligny>
                    <font>itemTitle</font>
                    <textcolor>textActive</textcolor>
                    <shadowcolor></shadowcolor>
                    <label>$INFO[ListItem.Label]</label>
                </control>
                <control type="label">
                    <visible>!String.IsEmpty(ListItem.playcount)</visible>
                    <posx>23-col-gutter</posx>
                    <posy>0</posy>
                    <width>1-col</width>
                    <height>2-row</height>
                    <aligny>center</aligny>
                    <align>right</align>
                    <font>symbolLarge</font>
                    <textcolor>textActive</textcolor>
                    <shadowcolor></shadowcolor>
                    <label></label>
                </control>
				<control type="label">
				<posx>1400</posx>
				<posy>15</posy>
				<width>250</width>
				<height>35</height>
				<align>right</align>
				<label>$INFO[ListItem.Duration]</label>
				</control>
					<control type="label">
						<posx>486</posx>
						<posy>12</posy>
						<width>250</width>
						<height>20</height>
						<align>center</align>
						<label>$INFO[ListItem.PercentPlayed]%</label>
						<visible>!String.IsEqual(ListItem.Overlay,overlaywatched.png) + Integer.IsGreater(ListItem.PercentPlayed,0) + !Integer.IsGreater(ListItem.PercentPlayed,99)</visible>
					</control>
					
			<include>progressplayerpercent</include>
					
            </focusedlayout>
   
        </control>-->
	   
	   
        <control type="wraplist" id="54">
            <posx>0</posx>
            <posy>row-5-begin</posy>
            <width>1920</width>
            <height>920</height>
            <ondown>55</ondown>
            <onup>55</onup>
			<orientation>vertical</orientation>
			<onleft condition="Player.HasVideo">PlayerControl(stop)</onleft>
			<onleft condition="!Player.HasVideo">PlayMedia($INFO[ListItem.trailer],1)</onleft>
			<onright>Control.SetFocus(9100)</onright>
            <pagecontrol>61</pagecontrol>
			<focusposition>5</focusposition>
			<scrolltime tween="sine" easing="inout">450</scrolltime>
		
	           <itemlayout width="1500" height="70">
                <control type="image">
                    <posx>0</posx>
                    <posy>3</posy>
                    <width>66</width>
                    <height>66</height>
                    <aspectratio scalediffuse="false">stretch</aspectratio>
                    <texture fallback="special://skin/extras/fallbacks/videodefault.jpg">$INFO[Listitem.thumb]</texture>
                </control>
                <control type="image">
                    <posx>1-col</posx>
                    <posy>0</posy>
                    <width>1300</width>
                    <aspectratio>stretch</aspectratio>
                    <texture border="0">colors/black.png</texture>
                    <colordiffuse>textboxInactive</colordiffuse>
                </control>
                <control type="label">
                    <posx>1-col-indent</posx>
                    <posy>0</posy>
                    <width>22-col-gutter</width>
                    <height>2-row</height>
                    <aligny>center</aligny>
                    <font>itemTitle</font>
                    <textcolor>textActive</textcolor>
                    <shadowcolor></shadowcolor>
                    <label>$INFO[ListItem.Label]</label>
                </control>
                <control type="label">
                    <visible>!String.IsEmpty(ListItem.playcount)</visible>
                    <posx>23-col-gutter</posx>
                    <posy>0</posy>
                    <width>1-col</width>
                    <height>2-row</height>
                    <aligny>center</aligny>
                    <align>right</align>
                    <font>symbolLarge</font>
                    <textcolor>textActive</textcolor>
                    <shadowcolor></shadowcolor>
                    <label></label>
                </control>
				<!--	<control type="label">
						<posx>486</posx>
						<posy>12</posy>
						<width>250</width>
						<height>20</height>
						<align>center</align>
						<label>$INFO[ListItem.PercentPlayed]%</label>
						<visible>!String.IsEqual(ListItem.Overlay,overlaywatched.png) + Integer.IsGreater(ListItem.PercentPlayed,0) + !Integer.IsGreater(ListItem.PercentPlayed,99)</visible>
					</control>-->
            </itemlayout>
			
            <focusedlayout width="1500" height="264">
                <control type="image">
                    <posx>5</posx>
                    <posy>3</posy>
                    <width>200</width>
                    <height>260</height>
                    <aspectratio scalediffuse="false">stretch</aspectratio>
                    <texture fallback="special://skin/extras/fallbacks/videodefault.jpg">$INFO[Listitem.thumb]</texture>
                </control>

                <control type="image">
                    <posx>205</posx>
                    <posy>2</posy>
                    <width>1167</width>
					<bordertexture colordiffuse="gray">colors/white.png</bordertexture>
					<bordersize>2</bordersize>
                    <aspectratio>stretch</aspectratio>
                    <texture border="0">colors/white.png</texture>
                    <colordiffuse>highlight</colordiffuse>
                </control>
                <control type="label">
                    <posx>210</posx>
                    <posy>0</posy>
                    <width>1150</width>
                    <height>2-row</height>
                    <aligny>center</aligny>
                    <font>pageTitle</font>
                    <textcolor>textActive</textcolor>
                    <shadowcolor></shadowcolor>
                    <label>$INFO[ListItem.Label]</label>
                </control>
                <control type="label">
                    <visible>!String.IsEmpty(ListItem.playcount)</visible>
                    <posx>23-col-gutter</posx>
                    <posy>0</posy>
                    <width>1-col</width>
                    <height>2-row</height>
                    <aligny>center</aligny>
                    <align>right</align>
                    <font>symbolLarge</font>
                    <textcolor>textActive</textcolor>
                    <shadowcolor></shadowcolor>
                    <label></label>
                </control>
				<control type="label">
				<posx>120</posx>
				<posy>195</posy>
				<width>250</width>
				<height>35</height>
				<align>right</align>
				<label>$INFO[ListItem.Duration]</label>
				</control>
				<control type="textbox">
				<visible>String.IsEmpty(ListItem.Duration)</visible>
				<autoscroll time="2500" fade="2500" repeat="2500"></autoscroll>
				<posx>210</posx>
				<posy>75</posy>
				<width>1000</width>
				<height>145</height>
				<font>playlistSubTitle</font>
				<label>$INFO[ListItem.Plot]</label>
				<align>left</align>
				</control>
				<control type="textbox">
				<visible>!String.IsEmpty(ListItem.Duration)</visible>
				<autoscroll time="2500" fade="2500" repeat="2500"></autoscroll>
				<posx>210</posx>
				<posy>70</posy>
				<width>1000</width>
				<height>115</height>
				<font>playlistSubTitle</font>
				<label>$INFO[ListItem.Plot]</label>
				<align>left</align>
				</control>
				<control type="textbox">
				<visible>String.IsEmpty(ListItem.Plot)</visible>
				<autoscroll time="2500" fade="2500" repeat="2500"></autoscroll>
				<posx>210</posx>
				<posy>75</posy>
				<width>1000</width>
				<height>145</height>
				<font>playlistSubTitle</font>
				<label>ברוכים הבאים לקודי גוסט 18 לתוכן זה אין מידע זמין קיים. המערכת הותאמה למסך מגע כתפורים גדולים לנוחיות המשתמש כמובן עוד פיצ'רים חדשים יותאמו בהמשך צפייה מהנה</label>
				<align>left</align>
				</control>
				<control type="label">
				<posx>210</posx>
				<posy>230</posy>
				<width>1000</width>
				<height>30</height>
				<align>left</align>
				<font>itemSubTitleCondensed</font>
				<textcolor>gray</textcolor>
				<label>[I]$INFO[ListItem.Genre][/I]</label>
				</control>
				
				<control type="group">
				<visible>!String.IsEmpty(ListItem.Year)</visible>
				<control type="image">
				<posx>5</posx>
				<posy>225</posy>
				<width>200</width>
				<height>40</height>
				<texture>colors/black.png</texture>
				<colordiffuse>77000000</colordiffuse>
				</control>
				<control type="label">
				<posx>0</posx>
				<posy>225</posy>
				<width>200</width>
				<height>40</height>
				<align>center</align>
				<label>[B]$INFO[ListItem.Year][/B]</label>
				</control>
				</control>
					<!--	<control type="label">
						<posx>486</posx>
						<posy>12</posy>
						<width>250</width>
						<height>20</height>
						<align>center</align>
						<label>$INFO[ListItem.PercentPlayed]%</label>
						<visible>!String.IsEqual(ListItem.Overlay,overlaywatched.png) + Integer.IsGreater(ListItem.PercentPlayed,0) + !Integer.IsGreater(ListItem.PercentPlayed,99)</visible>
					</control>-->
					
			<include>progressplayerpercent</include>
					
            </focusedlayout>
        </control>
				
    </include>
</includes>
