<?xml version="1.0" encoding="UTF-8"?>
<includes>
    <include name="videofiles">
        <!--fanart-->
        <control type="group">
            <visible>String.Contains(Container.folderpath,plugin) + !$EXP[isAddonMovieOrTVshow]</visible>
            <control type="image">
                <include>dimensionsFullscreen</include>
                <aspectratio scalediffuse="false">stretch</aspectratio>
                <texture fallback="colors/offblack.png" border="0">$INFO[Listitem.art(fanart)]</texture>
                <fadetime>500</fadetime>
                <colordiffuse>FF555555</colordiffuse>
            </control>
        </control>
		
		       <control type="image">
	   <posx>0</posx>
	   <posy>0</posy>
	   <width>1920</width>
	   <height>1080</height>
	   <texture>special://skin/extras/backgrounds/default.png</texture>
	   </control>
	   
	   
	   
        <control type="panel" id="54">
            <posx>col-1-begin</posx>
            <posy>row-5-begin</posy>
            <width>24-col</width>
            <height>595</height>
            <ondown>55</ondown>
            <onup>55</onup>
			<onleft condition="Player.HasVideo">PlayerControl(stop)</onleft>
			<onleft condition="!Player.HasVideo">PlayMedia($INFO[ListItem.trailer],1)</onleft>
			<onright>Control.SetFocus(9100)</onright>
            <pagecontrol>61</pagecontrol>
            <itemlayout width="24-col" height="2-row">
                <control type="image">
                    <posx>0</posx>
                    <posy>3</posy>
                    <width>66</width>
                    <height>66</height>
                    <aspectratio scalediffuse="false">stretch</aspectratio>
                    <texture fallback="colors/black.png" diffuse="masks/circle.png" border="0">$INFO[Listitem.thumb]</texture>
                </control>
                <control type="image">
                    <posx>1-col</posx>
                    <posy>0</posy>
                    <width>23-col</width>
                    <height>69</height>
                    <aspectratio>stretch</aspectratio>
                    <texture border="0">colors/black.png</texture>
                    <colordiffuse>textboxInactive</colordiffuse>
                </control>
                <control type="label">
                    <posx>1-col-indent</posx>
                    <posy>0</posy>
                    <width>22-col-gutter</width>
                    <height>2-row</height>
                    <aligny>center</aligny>
                    <font>itemTitle</font>
                    <textcolor>textActive</textcolor>
                    <shadowcolor></shadowcolor>
                    <label>$INFO[ListItem.Label]</label>
                </control>
                <control type="label">
                    <visible>!String.IsEmpty(ListItem.playcount)</visible>
                    <posx>23-col-gutter</posx>
                    <posy>0</posy>
                    <width>1-col</width>
                    <height>2-row</height>
                    <aligny>center</aligny>
                    <align>right</align>
                    <font>symbolLarge</font>
                    <textcolor>textActive</textcolor>
                    <shadowcolor></shadowcolor>
                    <label></label>
                </control>
				<control type="label">
				<posx>1400</posx>
				<posy>15</posy>
				<width>250</width>
				<height>35</height>
				<align>right</align>
				<label>$INFO[ListItem.Duration]</label>
				</control>
            </itemlayout>
            <focusedlayout width="24-col" height="2-row">
                <control type="image">
                    <posx>0</posx>
                    <posy>3</posy>
                    <width>66</width>
                    <height>66</height>
                    <aspectratio scalediffuse="false">stretch</aspectratio>
                    <texture fallback="colors/white.png" diffuse="masks/circle.png" border="0">$INFO[Listitem.thumb]</texture>
                    <animation type="focus" loop="false" reversible="false">
                        <effect type="fade" time="500"/>
                        <effect type="rotatey" end="360" center="33" tween="back" easing="out" time="1000"/>
                    </animation>
                </control>
                <control type="image">
                    <posx>1-col</posx>
                    <posy>0</posy>
                    <width>23-col</width>
                    <height>2-row</height>
                    <aspectratio>stretch</aspectratio>
                    <texture border="0">colors/white.png</texture>
                    <colordiffuse>highlight</colordiffuse>
                </control>
                <control type="label">
                    <posx>1-col-indent</posx>
                    <posy>0</posy>
                    <width>22-col-gutter</width>
                    <height>2-row</height>
                    <aligny>center</aligny>
                    <font>itemTitle</font>
                    <textcolor>textActive</textcolor>
                    <shadowcolor></shadowcolor>
                    <label>$INFO[ListItem.Label]</label>
                </control>
                <control type="label">
                    <visible>!String.IsEmpty(ListItem.playcount)</visible>
                    <posx>23-col-gutter</posx>
                    <posy>0</posy>
                    <width>1-col</width>
                    <height>2-row</height>
                    <aligny>center</aligny>
                    <align>right</align>
                    <font>symbolLarge</font>
                    <textcolor>textActive</textcolor>
                    <shadowcolor></shadowcolor>
                    <label></label>
                </control>
				<control type="label">
				<posx>1400</posx>
				<posy>15</posy>
				<width>250</width>
				<height>35</height>
				<align>right</align>
				<label>$INFO[ListItem.Duration]</label>
				</control>
            </focusedlayout>
        </control>
		
		<control type="image">
		<animation condition="String.Contains(ListItem.Label,מדובב) | String.Contains(ListItem.Plot,מדובב) | String.Contains(ListItem.Label,hebdub) | String.Contains(ListItem.Plot,hebdub)" effect="slide" start="0,0" end="-500,0" tween="back" easing="inout" time="550">Conditional</animation>
		<posx>2000</posx>
		<posy>250</posy>
		<width>600</width>
		<height>400</height>
		<texture>special://skin/extras/test/dubbedcheck.png</texture>
		</control>
		
    </include>
</includes>
