<?xml version="1.0" encoding="UTF-8"?>
<!-- Foundation -->
<window id="6102" type="dialog">
    <defaultcontrol always="true">5</defaultcontrol>
<controls>




<control type="image">
<posx>0</posx>
<posy>0</posy>
<width>1920</width>
<height>1080</height>
<texture>black.png</texture>
</control>

<control type="label">
<animation condition="!Integer.IsGreater(Container(500).NumItems,0)" effect="fade" start="0" end="100" time="1100" pulse="true">Conditional</animation>
<visible>!Integer.IsGreater(Container(500).NumItems,0)</visible>
<posx>500</posx>
<posy>500</posy>
<width>500</width>
<label>טוען סרטים ריל דבריד.....</label>
</control>

<include content="moviebetflixdesign">
<param name="netflixstringid" value="500"/>
<param name="itemnumber" value="1"/>
<param name="sortby" value="random"/>
<param name="sortorder" value="random"/>
<param name="content" value="plugin://plugin.video.thecrew/?action=movies&amp;url=https%3a%2f%2fapi.trakt.tv%2fusers%2fme%2flists%2fmovies1%2fitems&quot"/>
</include>

<include content="moviebetflixdesign">
<param name="netflixstringid" value="501"/>
<param name="itemnumber" value="2"/>
<param name="sortby" value="random"/>
<param name="sortorder" value="random"/>
<param name="content" value="plugin://plugin.video.thecrew/?action=movies&amp;url=https%3a%2f%2fapi.trakt.tv%2fusers%2fme%2flists%2fmovies2%2fitems&quot"/>
</include>

<include content="moviebetflixdesign">
<param name="netflixstringid" value="502"/>
<param name="itemnumber" value="3"/>
<param name="sortby" value="random"/>
<param name="sortorder" value="random"/>
<param name="content" value="plugin://plugin.video.thecrew/?action=movies&amp;url=https%3a%2f%2fapi.trakt.tv%2fusers%2fme%2flists%2fmovies3_docu%2fitems&quot"/>
</include>

<include content="moviebetflixdesign">
<param name="netflixstringid" value="503"/>
<param name="itemnumber" value="4"/>
<param name="sortby" value="random"/>
<param name="sortorder" value="random"/>
<param name="content" value="plugin://plugin.video.thecrew/?action=movies&amp;url=https%3a%2f%2fapi.trakt.tv%2fusers%2fme%2flists%2fmovies4-western%2fitems&quot"/>
</include>

<control type="label">
<animation condition="!Control.HasFocus(5)" effect="slide" start="0,0" end="-1500,0" time="450" tween="sine" easing="inout">Conditional</animation>
<posx>60</posx>
<posy>200</posy>
<width>500</width>
<font>font30_title</font>
<label>[B]תפריט[/B]</label>
</control>

<control type="image">
<visible>Integer.IsGreater(Container(500).NumItems,0)</visible>
<posx>1870</posx>
<posy>228</posy>
<width>25</width>
<height>25</height>
<texture>special://skin/extras/arrows/ghost.gif</texture>
</control>

<control type="label">
<visible>Integer.IsGreater(Container(500).NumItems,0)</visible>
<posx>1810</posx>
<posy>218</posy>
<width>500</width>
<label>[B]סרט[/B]</label>
</control>


<control type="list" id="5">
<animation condition="Control.HasFocus(5)" effect="slide" start="0,0" end="500,0" time="450" tween="sine" easing="inout">Conditional</animation>
<posx>-500</posx>
<posy>250</posy>
<width>800</width>
<height>1000</height>
<onright condition="Container(5).HasFocus(1)">500</onright>
<onright condition="Container(5).HasFocus(2)">501</onright>
<onright condition="Container(5).HasFocus(3)">502</onright>
<onright condition="Container(5).HasFocus(4)">503</onright>
<onright condition="Container(5).HasFocus(5)">504</onright>
<onright condition="Container(5).HasFocus(6)">504</onright>
<onright condition="Container(5).HasFocus(7)">506</onright>
<onright condition="Container(5).HasFocus(8)">507</onright>
<onright condition="Container(5).HasFocus(9)">508</onright>
<onright condition="Container(5).HasFocus(10)">509</onright>
<onright condition="Container(5).HasFocus(11)">510</onright>
<orientation>vertical</orientation>
<itemlayout width="100" height="50">
<control type="image">
<posx>15</posx>
<posy>10</posy>
<width>200</width>
<height>40</height>
<bordertexture colordiffuse="gray">white.png</bordertexture>
<bordersize>1</bordersize>
<texture colordiffuse="black">white.png</texture>
</control>
<control type="label">
<posx>10</posx>
<posy>5</posy>
<width>200</width>
<height>50</height>
<align>center</align>
<label>$INFO[ListItem.Label]</label>
</control>
</itemlayout>
<focusedlayout width="100" height="50">
<control type="image">
<posx>15</posx>
<posy>10</posy>
<width>200</width>
<height>40</height>
<bordertexture colordiffuse="gray">white.png</bordertexture>
<bordersize>1</bordersize>
<texture colordiffuse="black">white.png</texture>
</control>
<control type="image">
<posx>0</posx>
<posy>5</posy>
<width>235</width>
<height>50</height>
<texture>special://skin/extras/common/roundedbutton-nofocus-red.png</texture>
</control>
<control type="label">
<posx>10</posx>
<posy>5</posy>
<width>200</width>
<height>50</height>
<align>center</align>
<label>$INFO[ListItem.Label]</label>
</control>
</focusedlayout>
<content>
<item id="1">
<label>סרטים 1</label>
<onclick>Control.SetFocus(500)</onclick>
</item>
<item id="2">
<label>סרטים 2</label>
<onclick>Control.SetFocus(501)</onclick>
</item>
<item id="3">
<label>סרטים 3</label>
<onclick>Control.SetFocus(502)</onclick>
</item>
<item id="4">
<label>סרטים 4</label>
<onclick>Control.SetFocus(503)</onclick>
</item>
<!--<item id="5">
<label>סרטים 5</label>
<onclick>Control.SetFocus(504)</onclick>
</item>
<item id="6">
<label>סרטים 6</label>
<onclick>Control.SetFocus(505)</onclick>
</item>
<item id="7">
<label>סרטים 7</label>
<onclick>Control.SetFocus(506)</onclick>
</item>
<item id="8">
<label>סרטים 8</label>
<onclick>Control.SetFocus(507)</onclick>
</item>
<item id="9">
<label>סרטים 9</label>
<onclick>Control.SetFocus(508)</onclick>
</item>
<item id="10">
<label>סרטים 10</label>
<onclick>Control.SetFocus(509)</onclick>
</item>
<item id="11">
<label>סרטים 11</label>
<onclick>Control.SetFocus(510)</onclick>
</item>-->
</content>
</control>

</controls>
</window>
