<?xml version="1.0" encoding="UTF-8"?>
<includes>
<include name="main_home">
			<!-- main background image -->
			
			<!-- end main backgroubd image -->
			<control type="group">
			<animation condition="Control.Hasfocus(9999)" effect="slide" start="0,0" end="0,-50" time="250" tween="cubic" easing="inout">Conditional</animation>
			<animation condition="Container(9001).Column(4)" effect="slide" start="0,0" end="0,120" time="250" tween="cubic" easing="inout">Conditional</animation>
			<posy>700</posy>
			<posx>835</posx>
			<animation effect="fade" time="450">VisibleChange</animation>
			<visible>Container(9001).Column(4) + Control.HasFocus(9001) | Control.HasFocus(9999)</visible>
            <control type="image">
                <posx>80</posx>
                <posy>-20</posy>
                <width>100</width>
                <height>100</height>
                <fadetime>350</fadetime>
                <aspectratio aligny="center" align="center">keep</aspectratio>
                <texture colordiffuse="white">$INFO[Weather.FanartCode,special://skin/extras/weather-icons/,.png]</texture>
            </control>
            <control type="textbox">
                <posx>20</posx>
                <posy>50</posy>
                <width>328</width>
                <align>left</align>
                <height>100</height>
                <font>Font-Header-Bold-Player</font>
                <textcolor>white</textcolor>
                <label>[B]$INFO[Weather.Temperature, טמפרטורה ][/B]</label>
            </control>
			</control>
			
			
						
						
			<control type="label">
			<animation condition="control.hasfocus(9999)" effect="fade" start="0" end="100" time="1100" pulse="true">Conditional</animation>
			<visible>control.hasfocus(9999)</visible>
			<posx>580</posx>
			<posy>730</posy>
			<width>1000</width>
			<height>300</height>
			<font>font-extra-big</font>
			<label>G.H.O.S.T</label>
			</control>
			
			<control type="group">
			<visible>Container(9001).Column(4) + Control.HasFocus(9001) | Control.HasFocus(9999)</visible>
			<posy>670</posy>
			<visible>!$EXP[windowfade]</visible>
			<posx>52</posx>
			<posy>0</posy>
			<control type="label">
			<posx>600</posx>
			<posy>225</posy>
			<width>600</width>
			<height>80</height>
			<align>center</align>
			<font>font-extra-time</font>
			<label>$INFO[System.Time]</label>
			</control>
			<control type="label">
			<posx>600</posx>
			<posy>345</posy>
			<width>600</width>
			<height>80</height>
			<align>center</align>
			<font>small</font>
			<label>$INFO[System.Date]</label>
			</control>
			</control>
			
		

			<!--<include>skinshortcuts-template-widget</include>-->

	

		
		
		
			<control type="group">
			<animation condition="Control.HasFocus(9001)" effect="slide" start="0,0" end="0,-540" time="150" tween="sine" easing="inout">Conditional</animation>
			<posx>530</posx>
			<posy>1255</posy>
								<control type="label">
						<posx>850</posx>
						<posy>35</posy>
						<width>500</width>
						<height>1-col</height>
						<textcolor>white</textcolor>
						<shadowcolor>black</shadowcolor>
						<align>left</align>
						<label colordiffuse="white">$INFO[Container(9001).ListItem.label]</label>
					</control>
			<control type="panel" id="9001">
				<posx>0</posx>
				<posy>18</posy>
				<width>800</width>
				<height>1-col</height>
				<orientation>horizontal</orientation>
				<onup>9000</onup>
				<onback>9000</onback>
				<itemlayout width="1-col" height="1-col">
					<control type="image">
					<posx>10</posx>
					<posy>15</posy>
					<width>45</width>
					<height>45</height>
					<texture>$INFO[ListITem.Thumb]</texture>
					</control>
				</itemlayout>
				<focusedlayout width="1-col" height="1-col">
					<control type="image">
						<posx>5</posx>
						<posy>12</posy>
						<width>55</width>
						<height>55</height>
						<aspectratio>stretch</aspectratio>
						<texture diffuse="special://skin/extras/circle.png">white.png</texture>
						<colordiffuse>gray</colordiffuse>
					</control>
					<control type="image">
					<posx>10</posx>
					<posy>15</posy>
					<width>45</width>
					<height>45</height>
					<texture>$INFO[ListITem.Thumb]</texture>
					</control>
				</focusedlayout>
				<content>
					<item>
					<label>הגדרות</label>
						<thumb>special://skin/extras/arrows/settings.png</thumb>
						<onclick>ActivateWindow(Settings)</onclick>
					</item>
					<item>
					<label>עדכון ריפו</label>
						<thumb>special://skin/extras/arrows/available-updates-xxl.png</thumb>
						<onclick>ActivateWindow(10025,&quot;plugin://plugin.video.telemedia/?data=%20&amp;dates=%20&amp;description=%d7%a8%d7%99%d7%a4%d7%95%20%d7%90%d7%99%d7%a9%d7%99&amp;eng_name=%20&amp;episode=%20&amp;fanart=https%3a%2f%2fencrypted-tbn0.gstatic.com%2fimages%3fq%3dtbn%253AANd9GcQIwWK-VueyRxXcVVKGdMuUeDDeiUIsEN-8G-Tl-ZGOsBfrxvGX&amp;fav_status=false&amp;heb_name=%20&amp;iconimage=https%3a%2f%2fencrypted-tbn0.gstatic.com%2fimages%3fq%3dtbn%253AANd9GcQIwWK-VueyRxXcVVKGdMuUeDDeiUIsEN-8G-Tl-ZGOsBfrxvGX&amp;id=%20&amp;image_master&amp;isr=0&amp;last_id&amp;mode=46&amp;name=%d7%a8%d7%99%d7%a4%d7%95%20%d7%90%d7%99%d7%a9%d7%99&amp;original_title=%20&amp;season=%20&amp;show_original_year=%20&amp;tmdbid=%20&amp;url=www&quot;,return)</onclick>
					</item>
					<item>
					<label>יציאה</label>
						<thumb>special://skin/extras/arrows/power.png</thumb>
						<onclick>ActivateWindow(10001,&quot;plugin://plugin.close.kodi/?description&amp;fanart=C%3a%5cUsers%5cneta%5cAppData%5cRoaming%5cKodi%5caddons%5cplugin.close.kodi%5cfanart.jpg&amp;iconimage=C%3a%5cUsers%5cneta%5cAppData%5cRoaming%5cKodi%5caddons%5cplugin.close.kodi%5cresources%5cart%5cforce.png&amp;mode=4&amp;name=Insta%20Kill%20(Warning%20Kills%20The%20MediaCenter%20Instantly)&amp;url=fclose&quot;,return)</onclick>
					</item>
					<item>
					<label>שומר מסך</label>
						<visible>control.hasfocus(9999)</visible>
						<thumb>special://skin/extras/arrows/arrowup.png</thumb>
						<onclick>setfocus(9000,0)</onclick>
					</item>
					<item>
					<label>שומר מסך</label>
						<visible>!control.hasfocus(9999)</visible>
						<thumb>special://skin/extras/arrows/arrowdown.png</thumb>
						<label></label>
						<onclick>setfocus(9999)</onclick>
					</item>

					<item>
					<label>טמפרטורה</label>
						<thumb>special://skin/extras/arrows/temperature-2-xxl.png</thumb>
						<onclick>Control.SetFocus(3221)</onclick>
					</item>
					<item>
					<label>מועדפים</label>
						<thumb>special://skin/extras/arrows/favourite.png</thumb>
						<onclick>ActivateWindow(Favourites)</onclick>
					</item>
					<item>
					<label>חיפוש</label>
						<thumb>special://skin/extras/arrows/search-15-xxl.png</thumb>
						<onclick>ActivateWindow(10025,&quot;plugin://plugin.video.telemedia/?data=all&amp;dates=%20&amp;description=Search%20All&amp;eng_name=%20&amp;episode=%20&amp;fanart=https%3a%2f%2fcdn.ilovefreesoftware.com%2fwp-content%2fuploads%2f2019%2f06%2fSearch-Telegram-Channels.png&amp;fav_status=false&amp;heb_name=%20&amp;iconimage=https%3a%2f%2flh5.googleusercontent.com%2fproxy%2f-RGejAHqTw0SEl8o3_eK3abBTFCoR49bh780mJ-HX2kK_Qf0aeTzeKuN_WHmW5wOZzKEmlsHE684lxp8BNbejnLx-S4S7dJDeCea3ESPCPMrkUucyFXNH5F_4iktdqh7vKfE5QNGtMZF6QAwAGknYp6v8oeRQg&amp;id=%20&amp;image_master&amp;isr=0&amp;last_id=0%24%24%240&amp;mode=113&amp;name=%d7%97%d7%99%d7%a4%d7%95%d7%a9&amp;original_title=%20&amp;season=%20&amp;show_original_year=%20&amp;tmdbid=%20&amp;url=%20&quot;,return)</onclick>
					</item>
					<item>
					<label>רענון לבילד</label>
						<thumb>special://skin/extras/test/sinchronize-xxl.png</thumb>
						<onclick>ReloadSkin()</onclick>
					</item>
					<item>
					<label>רענון תוכן מסך ראשי</label>
						<thumb>special://skin/extras/test/sinchronize-xxl.png</thumb>
						<onclick>PlayMedia(&quot;plugin://plugin.audio.My.Music/?url=www&amp;mode=99&amp;name=%5BCOLOR+pink%5D%5BI%5D%5BB%5D%5BCOLOR+burlywood%5D-%D7%A7%D7%90%D7%A9+%5B%2FCOLOR%5D%5B%2FB%5D%5BB%5D%5BCOLOR+aqua%5D%D7%A0%D7%99%D7%A7%D7%95%D7%99-+%5B%2FCOLOR%5D%5B%2FB%5D%5B%2FI%5D%5B%2FCOLOR%5D&quot;)</onclick>
						<onclick>ReloadSkin()</onclick>
					</item>
					<item>
					<label>רענון תוכן ריל דבריד</label>
					<thumb>special://skin/extras/test/sinchronize-xxl.png</thumb>
					<onclick>PlayMedia(&quot;plugin://plugin.video.shadow/?url=www&amp;mode=35&amp;name=ניקוי מטמון&quot;)</onclick>
					</item>
				</content>
			</control>
		</control>
		
		
		<control type="button" id="9999">
            <posx>-500</posx>
            <posy>0</posy>
            <width>1-col</width>
            <height>2-row</height>
			<onleft>setfocus(9000,0)</onleft>
			<onright>setfocus(9000,0)</onright>
			<onup>setfocus(9000,0)</onup>
			<ondown>setfocus(9000,0)</ondown>
			<onclick>setfocus(9000,0)</onclick>
			<onfocus>Dialog.Close(all,true)</onfocus>
        </control>
		
		

	<!--		<control type="group">
			<posx>-500</posx>
			<animation condition="control.hasfocus(9008)" effect="slide" start="0,0" end="500,0" time="250" tween="cubic" easing="out">Conditional</animation>
			<animation condition="Window.IsActive(DialogVideoInfo.xml)" effect="slide" start="0,0" end="-500,-0" time="150">Conditional</animation>
			<control type="list" id="9008">
			<animation type="conditional" condition="control.hasfocus(9999)" reversible="true">
				<effect type="fade" start="100" end="0" time="500" delay="0"/>
			</animation>
			<posx>-500</posx>

			<posy>row-12-begin</posy>
			<width>18-col</width>
			<height>12-row</height>
			<onback>9000</onback>
			<ondown>setfocus(9001,1)</ondown>
			<orientation>vertical</orientation>
			<ondown>9002</ondown>
			<itemlayout width="4-col" height="3-row">
				<control type="image">
					<posx>100</posx>
					<posy>0</posy>
					<width>4-col-textbox</width>
					<height>105</height>
					<texture>black.png</texture>
					<colordiffuse>77000000</colordiffuse>
					<aspectratio>stretch</aspectratio>
				</control>
				<control type="image">
				<posx>0</posx>
				<posy>0</posy>
				<width>100</width>
				<height>105</height>
				<texture colordiffuse="gray">colors/white.png</texture>
				</control>
				<control type="textbox">
					<posx>100</posx>
					<posy>0</posy>
					<width>252</width>
					<height>3-row</height>
					<font>dialogTitle</font>
					<wrapmultiline>true</wrapmultiline>
					<aligny>center</aligny>
					<align>center</align>
					<textcolor>textActive</textcolor>
					<shadowcolor></shadowcolor>
					<label>[CAPITALIZE]$INFO[ListItem.label][/CAPITALIZE]</label>
				</control>
			</itemlayout>
			<focusedlayout width="4-col" height="3-row">
				<control type="image">
					<posx>100</posx>
					<posy>0</posy>
					<width>4-col-textbox</width>
					<height>105</height>
					<texture>colors/white.png</texture>
					<colordiffuse>deepskyblue</colordiffuse>
					<aspectratio>stretch</aspectratio>
				</control>
				<control type="image">
				<animation effect="rotatey" center="45" start="0" end="360" time="550" tween="cubic">Focus</animation>
				<posx>0</posx>
				<posy>0</posy>
				<width>100</width>
				<height>105</height>
				<texture colordiffuse="gray">colors/white.png</texture>
				</control>
				<control type="textbox">
					<posx>100</posx>
					<posy>0</posy>
					<width>252</width>
					<height>3-row</height>
					<font>dialogTitle</font>
					<wrapmultiline>true</wrapmultiline>
					<aligny>center</aligny>
					<align>center</align>
					<textcolor>textActive</textcolor>
					<shadowcolor></shadowcolor>
					<label>[CAPITALIZE]$INFO[ListItem.label][/CAPITALIZE]</label>
				</control>
			</focusedlayout>
			<content>
				<include>skinshortcuts-submenu</include>
				
			</content>
		</control>
		</control>-->
		</include>
		

</includes>
