<?xml version="1.0" encoding="UTF-8"?>




<includes>
 


<include name="mainscreenallmovies">
<control type="group">
<posy>50</posy>
<include content="moviesmainscreen">
<param name="stringid" value="2165"/>
<param name="menuid" value="335"/>
<param name="moviesitemnumberfocus" value="1"/>
<param name="moviescontennt" value="plugin://plugin.video.telemedia/?data=-1001328778704&amp;dates=%20&amp;description=%0afrom_plot&amp;eng_name=%20&amp;episode=%20&amp;fanart&amp;fav_status=false&amp;groups_id=0&amp;heb_name=%20&amp;iconimage&amp;id=%20&amp;image_master&amp;isr=0&amp;last_id&amp;mode=31&amp;name=%5bCOLOR%20khaki%5d%d7%92%d7%95%d7%a1%d7%98%20%d7%a1%d7%a8%d7%98%d7%99%d7%9d-%d7%a8%d7%90%d7%a9%d7%99-1%5b%2fCOLOR%5d&amp;original_title=%20&amp;season=%20&amp;show_original_year=%20&amp;tmdbid=%20&amp;url=-1001328778704&quot"/>
</include>

<include content="moviesmainscreen">
<param name="stringid" value="2166"/>
<param name="menuid" value="335"/>
<param name="moviesitemnumberfocus" value="2"/>
<param name="moviescontennt" value="plugin://plugin.video.telemedia/?data=-1001225879972&amp;dates=%20&amp;description=%0afrom_plot&amp;eng_name=%20&amp;episode=%20&amp;fanart&amp;fav_status=false&amp;groups_id=0&amp;heb_name=%20&amp;iconimage&amp;id=%20&amp;image_master&amp;isr=0&amp;last_id&amp;mode=31&amp;name=%5bCOLOR%20khaki%5d%d7%92%d7%95%d7%a1%d7%98%20%d7%a1%d7%a8%d7%98%d7%99%d7%9d-%d7%a8%d7%90%d7%a9%d7%99-2%5b%2fCOLOR%5d&amp;original_title=%20&amp;season=%20&amp;show_original_year=%20&amp;tmdbid=%20&amp;url=-1001225879972&quot"/>
</include>

<include content="moviesmainscreen">
<param name="stringid" value="2167"/>
<param name="menuid" value="335"/>
<param name="moviesitemnumberfocus" value="3"/>
<param name="moviescontennt" value="plugin://plugin.video.telemedia/?data=-1001479681116&amp;dates=%20&amp;description=%0afrom_plot&amp;eng_name=%20&amp;episode=%20&amp;fanart&amp;fav_status=false&amp;groups_id=0&amp;heb_name=%20&amp;iconimage&amp;id=%20&amp;image_master&amp;isr=0&amp;last_id&amp;mode=31&amp;name=%5bCOLOR%20khaki%5d%d7%92%d7%95%d7%a1%d7%98%20%d7%a1%d7%a8%d7%98%d7%99%d7%9d-%d7%a8%d7%90%d7%a9%d7%99-3%5b%2fCOLOR%5d&amp;original_title=%20&amp;season=%20&amp;show_original_year=%20&amp;tmdbid=%20&amp;url=-1001479681116&quot"/>
</include>

<include content="moviesmainscreen">
<param name="stringid" value="2168"/>
<param name="menuid" value="335"/>
<param name="moviesitemnumberfocus" value="4"/>
<param name="moviescontennt" value="plugin://plugin.video.telemedia/?data=-1001290594671&amp;dates=%20&amp;description=%d7%92%d7%95%d7%a1%d7%98-%d7%a1%d7%a8%d7%98%d7%99%d7%9d-%d7%99%d7%a1-%d7%92%d7%95-4%0afrom_plot&amp;eng_name=%20&amp;episode=%20&amp;fanart&amp;fav_status=false&amp;groups_id=0&amp;heb_name=%20&amp;iconimage&amp;id=%20&amp;image_master&amp;isr=0&amp;last_id&amp;mode=31&amp;name=%5bCOLOR%20khaki%5d%d7%92%d7%95%d7%a1%d7%98-%d7%a1%d7%a8%d7%98%d7%99%d7%9d-%d7%99%d7%a1-%d7%92%d7%95-4%5b%2fCOLOR%5d&amp;original_title=%20&amp;season=%20&amp;show_original_year=%20&amp;tmdbid=%20&amp;url=-1001290594671&quot"/>
</include>

<include content="moviesmainscreen">
<param name="stringid" value="2169"/>
<param name="menuid" value="335"/>
<param name="moviesitemnumberfocus" value="5"/>
<param name="moviescontennt" value="plugin://plugin.video.telemedia/?data=-1001194333743&amp;dates=%20&amp;description=%d7%92%0afrom_plot&amp;eng_name=%20&amp;episode=%20&amp;fanart&amp;fav_status=false&amp;groups_id=0&amp;heb_name=%20&amp;iconimage&amp;id=%20&amp;image_master&amp;isr=0&amp;last_id&amp;mode=31&amp;name=%5bCOLOR%20khaki%5d%d7%92%d7%95%d7%a1%d7%98-%d7%a1%d7%a8%d7%98%d7%99%d7%9d-%d7%99%d7%a1-%d7%92%d7%95-1%5b%2fCOLOR%5d&amp;original_title=%20&amp;season=%20&amp;show_original_year=%20&amp;tmdbid=%20&amp;url=-1001194333743&quot"/>
</include>

<include content="moviesmainscreen">
<param name="stringid" value="2170"/>
<param name="menuid" value="335"/>
<param name="moviesitemnumberfocus" value="6"/>
<param name="moviescontennt" value="plugin://plugin.video.telemedia/?data=-1001434431506&amp;dates=%20&amp;description=%d7%92%0afrom_plot&amp;eng_name=%20&amp;episode=%20&amp;fanart&amp;fav_status=false&amp;groups_id=0&amp;heb_name=%20&amp;iconimage&amp;id=%20&amp;image_master&amp;isr=0&amp;last_id&amp;mode=31&amp;name=%5bCOLOR%20khaki%5d%d7%92%d7%95%d7%a1%d7%98-%d7%a1%d7%a8%d7%98%d7%99%d7%9d-%d7%99%d7%a1-%d7%92%d7%95-2%5b%2fCOLOR%5d&amp;original_title=%20&amp;season=%20&amp;show_original_year=%20&amp;tmdbid=%20&amp;url=-1001434431506&quot"/>
</include>

<include content="moviesmainscreen">
<param name="stringid" value="2171"/>
<param name="menuid" value="335"/>
<param name="moviesitemnumberfocus" value="7"/>
<param name="moviescontennt" value="plugin://plugin.video.telemedia/?data=-1001248174719&amp;dates=%20&amp;description=%d7%92%0afrom_plot&amp;eng_name=%20&amp;episode=%20&amp;fanart&amp;fav_status=false&amp;groups_id=0&amp;heb_name=%20&amp;iconimage&amp;id=%20&amp;image_master&amp;isr=0&amp;last_id&amp;mode=31&amp;name=%5bCOLOR%20khaki%5d%d7%92%d7%95%d7%a1%d7%98-%d7%a1%d7%a8%d7%98%d7%99%d7%9d-%d7%99%d7%a1-%d7%92%d7%95-3%5b%2fCOLOR%5d&amp;original_title=%20&amp;season=%20&amp;show_original_year=%20&amp;tmdbid=%20&amp;url=-1001248174719&quot"/>
</include>

</control>
</include>

<include name="moviesmainscreen">
<definition>
<control type="group">
<animation effect="fade" time="450">VisibleChange</animation>
<visible>Container(335).HasFocus($PARAM[moviesitemnumberfocus])</visible>
<control type="image">
<posx>0</posx>
<posy>0</posy>
<width>1920</width>
<height>330</height>
<texture>black.png</texture>
<colordiffuse>77000000</colordiffuse>
</control>
<control type="image">
<posx>0</posx>
<posy>330</posy>
<width>1920</width>
<height>1</height>
<texture colordiffuse="gray">white.png</texture>
</control>
<control type="list" id="$PARAM[stringid]">
<animation condition="!Control.HasFocus(335)" effect="slide" start="0,0" end="-200,0" time="350" tween="sine" easing="inout">Conditional</animation>
<posx>205</posx>
<posy>5</posy>
<width>1200</width>
<height>550</height>
<onback>335</onback>
<onleft>335</onleft>
<preloaditems>2</preloaditems>
<onup>Action(PageUp)</onup>
<ondown>Action(PageDown)</ondown>
<scrolltime tween="sine" easing="inout">350</scrolltime>
<orientation>horizontal</orientation>
<itemlayout width="230" height="40">
<control type="image">
<posx>0</posx>
<posy>0</posy>
<width>220</width>
<height>320</height>
<texture>$VAR[imageglobal]</texture>
</control>
</itemlayout>
<focusedlayout width="230" height="40">
<control type="image">
<visible>Control.HasFocus($PARAM[stringid])</visible>
<posx>0</posx>
<posy>0</posy>
<width>220</width>
<height>320</height>
<bordertexture colordiffuse="gray">white.png</bordertexture>
<bordersize>6</bordersize>
<texture>$VAR[imageglobal]</texture>
</control>
<control type="image">
<visible>!Control.HasFocus($PARAM[stringid])</visible>
<posx>0</posx>
<posy>0</posy>
<width>220</width>
<height>320</height>
<texture>$VAR[imageglobal]</texture>
</control>
</focusedlayout>
<content>$PARAM[moviescontennt]</content>
</control>
<control type="image">
<posx>1170</posx>
<posy>0</posy>
<width>780</width>
<height>330</height>
<texture>special://skin/extras/common/context_middle.png</texture>
</control>
<control type="label">
<posx>1915</posx>
<posy>-15</posy>
<width>750</width>
<height>120</height>
<align>right</align>
<scroll>true</scroll>
<scrollspeed>40</scrollspeed>
<font>font-21-newrecommnded</font>
<label>$INFO[Container($PARAM[stringid]).ListItem.Label]</label>
</control>
<control type="label">
<visible>String.IsEqual(Container($PARAM[stringid]).ListItem.Year,2020)</visible>
<animation condition="String.IsEqual(Container($PARAM[stringid]).ListItem.Year,2020)" effect="fade" start="0" end="100" time="1100" pulse="true">Conditional</animation>
<posx>1255</posx>
<posy>50</posy>
<width>500</width>
<height>50</height>
<font>font-21-newrecommnded</font>
<label>חדש</label>
</control>
<control type="label">
<visible>Integer.IsEqual(Container($PARAM[stringid]).ListItem.Rating,7) | Integer.IsEqual(Container($PARAM[stringid]).ListItem.Rating,7.1) | Integer.IsEqual(Container($PARAM[stringid]).ListItem.Rating,7.2) | Integer.IsEqual(Container($PARAM[stringid]).ListItem.Rating,7.3) | Integer.IsEqual(Container($PARAM[stringid]).ListItem.Rating,7.4) | Integer.IsEqual(Container($PARAM[stringid]).ListItem.Rating,7.5) | Integer.IsEqual(Container($PARAM[stringid]).ListItem.Rating,7.6) | Integer.IsEqual(Container($PARAM[stringid]).ListItem.Rating,7.7) | Integer.IsEqual(Container($PARAM[stringid]).ListItem.Rating,7.8) | Integer.IsEqual(Container($PARAM[stringid]).ListItem.Rating,7.9) | Integer.IsEqual(Container($PARAM[stringid]).ListItem.Rating,8) | Integer.IsEqual(Container($PARAM[stringid]).ListItem.Rating,8.1) | Integer.IsEqual(Container($PARAM[stringid]).ListItem.Rating,8.2) | Integer.IsEqual(Container($PARAM[stringid]).ListItem.Rating,8.3) | Integer.IsEqual(Container($PARAM[stringid]).ListItem.Rating,8.4) | Integer.IsEqual(Container($PARAM[stringid]).ListItem.Rating,8.5) | Integer.IsEqual(Container($PARAM[stringid]).ListItem.Rating,8.6) | Integer.IsEqual(Container($PARAM[stringid]).ListItem.Rating,8.7) | Integer.IsEqual(Container($PARAM[stringid]).ListItem.Rating,8.8) | Integer.IsEqual(Container($PARAM[stringid]).ListItem.Rating,8.9) | Integer.IsEqual(Container($PARAM[stringid]).ListItem.Rating,9) | Integer.IsEqual(Container($PARAM[stringid]).ListItem.Rating,9.1) | Integer.IsEqual(Container($PARAM[stringid]).ListItem.Rating,9.2) | Integer.IsEqual(Container($PARAM[stringid]).ListItem.Rating,9.3) | Integer.IsEqual(Container($PARAM[stringid]).ListItem.Rating,9.4) | Integer.IsEqual(Container($PARAM[stringid]).ListItem.Rating,9.5) | Integer.IsEqual(Container($PARAM[stringid]).ListItem.Rating,9.6) | Integer.IsEqual(Container($PARAM[stringid]).ListItem.Rating,9.7) | Integer.IsEqual(Container($PARAM[stringid]).ListItem.Rating,9.8) | Integer.IsEqual(Container($PARAM[stringid]).ListItem.Rating,9.9)</visible>
<posx>1225</posx>
<posy>30</posy>
<width>500</width>
<height>50</height>
<textcolor>yellow</textcolor>
<label>מומלץ לצפיה</label>
</control>

<control type="grouplist">
<posx>1120</posx>
<posy>50</posy>
<width>1920</width>
<height>400</height>
<orientation>vertical</orientation>
<itemgap>40</itemgap>
<control type="group">
<visible>!IsEmpty(Container($PARAM[stringid]).ListItem.Year)</visible>
<width>800</width>
<control type="label">
<posx>0</posx>
<posy>0</posy>
<height>40</height>
<align>right</align>
<label>[COLOR gray]$INFO[Container($PARAM[stringid]).ListItem.Year][/COLOR] [COLOR white] שנה: [/COLOR]</label>
</control>
</control>
<control type="label">
<visible>!IsEmpty(Container($PARAM[stringid]).ListItem.Genre)</visible>
<posx>0</posx>
<posy>0</posy>
<height>40</height>
<width>800</width>
<align>right</align>
<label>[COLOR gray]$INFO[Container($PARAM[stringid]).ListItem.Genre][/COLOR] [COLOR white] סגנון: [/COLOR]</label>
</control>
</control>
<control type="grouplist">
<posx>1120</posx>
<posy>130</posy>
<width>1920</width>
<height>400</height>
<orientation>vertical</orientation>
<itemgap>40</itemgap>
<control type="group">
<width>800</width>
<control type="label">
<visible>!IsEmpty(Container($PARAM[stringid]).ListItem.Rating)</visible>
<posx>0</posx>
<posy>0</posy>
<height>40</height>
<align>right</align>
<label>[COLOR gray]$INFO[Container($PARAM[stringid]).ListItem.Rating][/COLOR] [COLOR white] דירוג: [/COLOR]</label>
</control>
</control>
</control>
<control type="textbox">
<autoscroll fade="3000" time="3000" repeat="3000"></autoscroll>
<posx>1215</posx>
<posy>180</posy>
<width>700</width>
<height>145</height>
<align>right</align>
<label>$INFO[Container($PARAM[stringid]).ListItem.Plot]</label>
</control>
</control>
</definition>
</include>


<include name="mainmenumovies">
<control type="list" id="335">
<animation effect="fade" time="450">VisibleChange</animation>
<animation condition="!Control.HasFocus(335)" effect="slide" start="0,0" end="-500,0" time="350" tween="sine" easing="inout">Conditional</animation>
<posx>-10</posx>
<posy>60</posy>
<width>800</width>
<height>300</height>
<onback>9000</onback>
<onright condition="Container(335).HasFocus(1)">2165</onright>
<onright condition="Container(335).HasFocus(2)">2166</onright>
<onright condition="Container(335).HasFocus(3)">2167</onright>
<onright condition="Container(335).HasFocus(4)">2168</onright>
<onright condition="Container(335).HasFocus(5)">2169</onright>
<onright condition="Container(335).HasFocus(6)">2170</onright>
<onright condition="Container(335).HasFocus(7)">2171</onright>
<orientation>vertical</orientation>
<itemlayout width="100" height="50">
<control type="image">
<posx>15</posx>
<posy>10</posy>
<width>185</width>
<height>40</height>
<bordertexture colordiffuse="gray">white.png</bordertexture>
<bordersize>1</bordersize>
<texture colordiffuse="black">white.png</texture>
</control>
<control type="label">
<posx>5</posx>
<posy>5</posy>
<width>200</width>
<height>50</height>
<align>center</align>
<label>$INFO[ListItem.Label]</label>
</control>
</itemlayout>
<focusedlayout width="100" height="50">
<control type="image">
<posx>15</posx>
<posy>10</posy>
<width>185</width>
<height>40</height>
<bordertexture colordiffuse="gray">white.png</bordertexture>
<bordersize>1</bordersize>
<texture colordiffuse="black">white.png</texture>
</control>
<control type="image">
<posx>0</posx>
<posy>5</posy>
<width>215</width>
<height>50</height>
<texture>special://skin/extras/common/roundedbutton-nofocus-red.png</texture>
</control>
<control type="label">
<posx>5</posx>
<posy>8</posy>
<width>200</width>
<height>50</height>
<align>center</align>
<label>$INFO[ListItem.Label]</label>
</control>
</focusedlayout>
<content>
<item id="1">
<label>החדשים</label>
<onclick>Control.SetFocus(2165)</onclick>
</item>
<item id="2">
<label>סרטים 1</label>
<onclick>Control.SetFocus(2166)</onclick>
</item>
<item id="3">
<label>סרטים 2</label>
<onclick>Control.SetFocus(2167)</onclick>
</item>
<item id="4">
<label>סרטים 3</label>
<onclick>Control.SetFocus(2168)</onclick>
</item>
<item id="5">
<label>סרטים 4</label>
<onclick>Control.SetFocus(2169)</onclick>
</item>
<item id="6">
<label>סרטים 5</label>
<onclick>Control.SetFocus(2170)</onclick>
</item>
<item id="7">
<label>סרטים 6</label>
<onclick>Control.SetFocus(2171)</onclick>
</item>
</content>
</control>
</include>
</includes>
