<shortcuts>
	<shortcut>
		<label>19019</label>
		<label2>Live TV</label2>
		<defaultID>19019</defaultID>
		<icon />
		<thumb />
		<action>ActivateWindow(TVChannels)</action>
	</shortcut>
	<shortcut>
		<label>19183</label>
		<label2>Live TV</label2>
		<defaultID>19183</defaultID>
		<icon />
		<thumb />
		<action>ActivateWindow(radiochannels,return)</action>
	</shortcut>
	<shortcut>
		<label>22020</label>
		<label2>Live TV</label2>
		<defaultID>22020</defaultID>
		<icon />
		<thumb />
		<action>ActivateWindow(TVGuide)</action>
	</shortcut>
	<shortcut>
		<label>19163</label>
		<label2>Live TV</label2>
		<defaultID>19163</defaultID>
		<icon />
		<thumb />
		<action>ActivateWindow(TVRecordings)</action>
	</shortcut>
	<shortcut>
		<label>19040</label>
		<label2>Live TV</label2>
		<defaultID>19040</defaultID>
		<icon />
		<thumb />
		<action>ActivateWindow(TVTimers)</action>
	</shortcut>
	<shortcut>
		<label>137</label>
		<label2>Live TV</label2>
		<defaultID>137</defaultID>
		<icon />
		<thumb />
		<action>ActivateWindow(TVSearch)</action>
	</shortcut>
</shortcuts>
