<?xml version='1.0' encoding='UTF-8'?>
<shortcuts>
	<shortcut>
		<defaultID />
		<label>[COLOR red]צי'קו סדרות[/COLOR]</label>
		<label2>הרחבת וידאו</label2>
		<icon>DefaultShortcut.png</icon>
		<thumb>image://https%3a%2f%2f3.bp.blogspot.com%2f-ua674nSzp-w%2fWgyhVc-31FI%2fAAAAAAAAHh8%2fTxirlq_NgeIa_o_GL9DUYrIqFgzLaxmnQCLcBGAs%2fs1600%2f10%252Bgreat%252Btv%252Bshows%252Bwe%252Blost%252Bin%252B2017.jpeg/</thumb>
		<action>ActivateWindow(Videos,"plugin://plugin.video.CHICCO/?url=%D7%A1%D7%93%D7%A8%D7%95%D7%AA&amp;mode=5&amp;name=%D7%A1%D7%93%D7%A8%D7%95%D7%AA&amp;iconimage=https%3A%2F%2F3.bp.blogspot.com%2F-ua674nSzp-w%2FWgyhVc-31FI%2FAAAAAAAAHh8%2FTxirlq_NgeIa_o_GL9DUYrIqFgzLaxmnQCLcBGAs%2Fs1600%2F10%252Bgreat%252Btv%252Bshows%252Bwe%252Blost%252Bin%252B2017.jpeg&amp;fanart=https%3A%2F%2F3.bp.blogspot.com%2F-ua674nSzp-w%2FWgyhVc-31FI%2FAAAAAAAAHh8%2FTxirlq_NgeIa_o_GL9DUYrIqFgzLaxmnQCLcBGAs%2Fs1600%2F10%252Bgreat%252Btv%252Bshows%252Bwe%252Blost%252Bin%252B2017.jpeg&amp;description=%D7%A1%D7%93%D7%A8%D7%95%D7%AA+%D7%9E%D7%97%D7%95%D7%9C&amp;count=0&amp;page=&amp;cat_level= &amp;index_depth=0&amp;selected_list= &amp;lang=eng",return)</action>
	</shortcut>
	<shortcut>
		<defaultID />
		<label>[COLOR yellow]חפש סדרה[/COLOR]</label>
		<label2>הרחבת וידאו</label2>
		<icon>DefaultShortcut.png</icon>
		<thumb>image://C%3a%5cUsers%5cneta%5cAppData%5cRoaming%5cKodi%5caddons%5cplugin.video.mando%5cresources%5cartwork%2fsearch.png/</thumb>
		<action>ActivateWindow(Videos,"plugin://plugin.video.mando/?mode=5&amp;dates=+&amp;episode=+&amp;description=Search&amp;all_w=%7B%7D&amp;show_original_year=+&amp;fanart=https%3A%2F%2Fsearchengineland.com%2Ffigz%2Fwp-content%2Fseloads%2F2017%2F12%2Fcompare-seo-ss-1920-800x450.jpg&amp;heb_name=+&amp;iconimage=C%3A%5CUsers%5Cneta%5CAppData%5CRoaming%5CKodi%5Caddons%5Cplugin.video.mando%5Cresources%5Cartwork%2Fsearch.png&amp;original_title=+&amp;eng_name=+&amp;data=+&amp;url=www&amp;fav_status=false&amp;tmdbid=+&amp;season=+&amp;isr=0&amp;last_id=&amp;image_master=&amp;id=+&amp;name=%5BCOLOR+orange%5D%5BB%5D%D7%9E%D7%90%D7%A0%D7%93%D7%95+%5BCOLOR+aqua%5D+%D7%97%D7%99%D7%A4%D7%95%D7%A9+%5B%2FCOLOR%5D%5B%2FB%5D&amp;video_data=%7B%22rating%22%3A+%220%22%2C+%22episode%22%3A+0%2C+%22title%22%3A+%22%5BCOLOR+orange%5D%5BB%5D%5Cu05de%5Cu05d0%5Cu05e0%5Cu05d3%5Cu05d5+%5BCOLOR+aqua%5D+%5Cu05d7%5Cu05d9%5Cu05e4%5Cu05d5%5Cu05e9+%5B%2FCOLOR%5D%5B%2FB%5D%22%2C+%22season%22%3A+0%2C+%22TVshowtitle%22%3A+%22%22%2C+%22mediatype%22%3A+%22movie%22%2C+%22plot%22%3A+%22Search%22%2C+%22OriginalTitle%22%3A+%22+%22%2C+%22Tag%22%3A+%22None%22%7D",return)</action>
	</shortcut>
	<shortcut>
		<defaultID>13013</defaultID>
		<label>[COLOR burlywood]סדרות מסך ראשי[/COLOR]</label>
		<label2>פריטים מותאמים אישית</label2>
		<icon>Reboot.png</icon>
		<thumb />
		<action>Control.SetFocus(9202)</action>
	</shortcut>
	<shortcut>
		<defaultID>13013</defaultID>
		<label>סדרות לפי זא'נרים</label>
		<label2>פריטים מותאמים אישית</label2>
		<icon>Reboot.png</icon>
		<thumb />
		<action>Control.SetFocus(8823)</action>
	</shortcut>
	<shortcut>
		<defaultID>13013</defaultID>
		<label>פרקים אחרונים</label>
		<label2>פריטים מותאמים אישית</label2>
		<icon>Reboot.png</icon>
		<thumb />
		<action>Control.SetFocus(6608)</action>
	</shortcut>
	<shortcut>
		<defaultID>13013</defaultID>
		<label>[COLOR deeppink]סדרות ילדים[/COLOR]</label>
		<label2>פריטים מותאמים אישית</label2>
		<icon>Reboot.png</icon>
		<thumb />
		<action>Control.SetFocus(9314)</action>
	</shortcut>
	<shortcut>
		<defaultID>13013</defaultID>
		<label>סדרות TV</label>
		<label2>פריטים מותאמים אישית</label2>
		<icon>Reboot.png</icon>
		<thumb />
		<action>Control.SetFocus(9318)</action>
	</shortcut>
	<shortcut>
		<defaultID>13013</defaultID>
		<label>[COLOR deepskyblue]סדרות ישראלי[/COLOR]</label>
		<label2>פריטים מותאמים אישית</label2>
		<icon>Reboot.png</icon>
		<thumb />
		<action>Control.SetFocus(9313)</action>
	</shortcut>
	<shortcut>
		<defaultID>13013</defaultID>
		<label>[COLOR cyan]ויוה פלוס[/COLOR]</label>
		<label2>פריטים מותאמים אישית</label2>
		<icon>Reboot.png</icon>
		<thumb />
		<action>ActivateWindow(6806)</action>
	</shortcut>
</shortcuts>
