<?xml version='1.0' encoding='UTF-8'?>
<shortcuts>
	<shortcut>
		<defaultID />
		<label>סדרות ילדים</label>
		<label2>פריטים מותאמים אישית</label2>
		<icon>DefaultShortcut.png</icon>
		<thumb />
		<action>ActivateWindow(6415)</action>
	</shortcut>
	<shortcut>
		<defaultID>plugin.video.sdarot.tv/genre/38/0</defaultID>
		<label>עוד סדרות ילדים</label>
		<label2>הרחבת וידאו</label2>
		<icon>DefaultShortcut.png</icon>
		<thumb>image://C%3a%5cUsers%5cneta%5cAppData%5cRoaming%5cKodi%5caddons%5cplugin.video.sdarot.tv%5cfanart.jpg/</thumb>
		<action>ActivateWindow(Videos,"plugin://plugin.video.sdarot.tv/genre/38/0",return)</action>
	</shortcut>
	<shortcut>
		<defaultID>13013</defaultID>
		<label>[COLOR burlywood]סדרות מסך ראשי[/COLOR]</label>
		<label2>פריטים מותאמים אישית</label2>
		<icon>Reboot.png</icon>
		<thumb />
		<action>Control.SetFocus(9202)</action>
	</shortcut>
	<shortcut>
		<defaultID />
		<label>[COLOR yellow]חפש במאגר[/COLOR]</label>
		<label2>הרחבת וידאו</label2>
		<icon>DefaultShortcut.png</icon>
		<thumb>image://https%3a%2f%2flh5.googleusercontent.com%2fproxy%2f-RGejAHqTw0SEl8o3_eK3abBTFCoR49bh780mJ-HX2kK_Qf0aeTzeKuN_WHmW5wOZzKEmlsHE684lxp8BNbejnLx-S4S7dJDeCea3ESPCPMrkUucyFXNH5F_4iktdqh7vKfE5QNGtMZF6QAwAGknYp6v8oeRQg/</thumb>
		<action>ActivateWindow(Videos,"plugin://plugin.video.kids_new/?mode=11&amp;description=search&amp;url=search&amp;iconimage=https%3A%2F%2Flh5.googleusercontent.com%2Fproxy%2F-RGejAHqTw0SEl8o3_eK3abBTFCoR49bh780mJ-HX2kK_Qf0aeTzeKuN_WHmW5wOZzKEmlsHE684lxp8BNbejnLx-S4S7dJDeCea3ESPCPMrkUucyFXNH5F_4iktdqh7vKfE5QNGtMZF6QAwAGknYp6v8oeRQg&amp;fanart=https%3A%2F%2Fsearchengineland.com%2Ffigz%2Fwp-content%2Fseloads%2F2017%2F12%2Fcompare-seo-ss-1920-800x450.jpg&amp;mode=11&amp;name=%D7%97%D7%99%D7%A4%D7%95%D7%A9",return)</action>
	</shortcut>
</shortcuts>
