<?xml version='1.0' encoding='UTF-8'?>
<shortcuts>
	<shortcut>
		<defaultID />
		<label>החדשים</label>
		<label2>פריטים מותאמים אישית</label2>
		<icon>DefaultShortcut.png</icon>
		<thumb />
		<action>ActivateWindow(Videos,"plugin://plugin.video.telemedia/?mode=31&amp;name=[COLOR khaki]גוסט סרטים-ראשי-1[/COLOR]&amp;image_master=&amp;heb_name= &amp;last_id=&amp;dates= &amp;data=-1001328778704&amp;original_title= &amp;id= &amp;season= &amp;episode= &amp;tmdbid= &amp;eng_name= &amp;show_original_year= &amp;isr=0&amp;fanart=&amp;url=-1001328778704&amp;iconimage=&amp;description=%0Afrom_plot&amp;fav_status=false&amp;groups_id=0",return)</action>
	</shortcut>
	<shortcut>
		<defaultID />
		<label>סרטים ראשי 2</label>
		<label2>פריטים מותאמים אישית</label2>
		<icon>DefaultShortcut.png</icon>
		<thumb />
		<action>ActivateWindow(Videos,"plugin://plugin.video.telemedia/?mode=31&amp;name=[COLOR khaki]גוסט סרטים-ראשי-2[/COLOR]&amp;image_master=&amp;heb_name= &amp;last_id=&amp;dates= &amp;data=-1001225879972&amp;original_title= &amp;id= &amp;season= &amp;episode= &amp;tmdbid= &amp;eng_name= &amp;show_original_year= &amp;isr=0&amp;fanart=&amp;url=-1001225879972&amp;iconimage=&amp;description=%0Afrom_plot&amp;fav_status=false&amp;groups_id=0",return)</action>
	</shortcut>
	<shortcut>
		<defaultID />
		<label>סרטים ראשי 3</label>
		<label2>פריטים מותאמים אישית</label2>
		<icon>DefaultShortcut.png</icon>
		<thumb />
		<action>ActivateWindow(Videos,"plugin://plugin.video.telemedia/?mode=31&amp;name=[COLOR khaki]גוסט סרטים-ראשי-3[/COLOR]&amp;image_master=&amp;heb_name= &amp;last_id=&amp;dates= &amp;data=-1001479681116&amp;original_title= &amp;id= &amp;season= &amp;episode= &amp;tmdbid= &amp;eng_name= &amp;show_original_year= &amp;isr=0&amp;fanart=&amp;url=-1001479681116&amp;iconimage=&amp;description=%0Afrom_plot&amp;fav_status=false&amp;groups_id=0",return)</action>
	</shortcut>
	<shortcut>
		<defaultID />
		<label>סרטים יס-גו 1</label>
		<label2>פריטים מותאמים אישית</label2>
		<icon>DefaultShortcut.png</icon>
		<thumb />
		<action>ActivateWindow(Videos,"plugin://plugin.video.telemedia/?mode=31&amp;name=[COLOR khaki]גוסט-סרטים-יס-גו-1[/COLOR]&amp;image_master=&amp;heb_name= &amp;last_id=&amp;dates= &amp;data=-1001194333743&amp;original_title= &amp;id= &amp;season= &amp;episode= &amp;tmdbid= &amp;eng_name= &amp;show_original_year= &amp;isr=0&amp;fanart=&amp;url=-1001194333743&amp;iconimage=&amp;description=%D7%92%0Afrom_plot&amp;fav_status=false&amp;groups_id=0",return)</action>
	</shortcut>
	<shortcut>
		<defaultID />
		<label>סרטים יס-גו 2</label>
		<label2>פריטים מותאמים אישית</label2>
		<icon>DefaultShortcut.png</icon>
		<thumb />
		<action>ActivateWindow(Videos,"plugin://plugin.video.telemedia/?mode=31&amp;name=[COLOR khaki]גוסט-סרטים-יס-גו-2[/COLOR]&amp;image_master=&amp;heb_name= &amp;last_id=&amp;dates= &amp;data=-1001434431506&amp;original_title= &amp;id= &amp;season= &amp;episode= &amp;tmdbid= &amp;eng_name= &amp;show_original_year= &amp;isr=0&amp;fanart=&amp;url=-1001434431506&amp;iconimage=&amp;description=%D7%92%0Afrom_plot&amp;fav_status=false&amp;groups_id=0",return)</action>
	</shortcut>
	<shortcut>
		<defaultID />
		<label>סרטים יס-גו 3</label>
		<label2>פריטים מותאמים אישית</label2>
		<icon>DefaultShortcut.png</icon>
		<thumb />
		<action>ActivateWindow(Videos,"plugin://plugin.video.telemedia/?mode=31&amp;name=[COLOR khaki]גוסט-סרטים-יס-גו-3[/COLOR]&amp;image_master=&amp;heb_name= &amp;last_id=&amp;dates= &amp;data=-1001248174719&amp;original_title= &amp;id= &amp;season= &amp;episode= &amp;tmdbid= &amp;eng_name= &amp;show_original_year= &amp;isr=0&amp;fanart=&amp;url=-1001248174719&amp;iconimage=&amp;description=%D7%92%0Afrom_plot&amp;fav_status=false&amp;groups_id=0",return)</action>
	</shortcut>
	<shortcut>
		<defaultID />
		<label>סרטים יס-גו 4</label>
		<label2>פריטים מותאמים אישית</label2>
		<icon>DefaultShortcut.png</icon>
		<thumb />
		<action>ActivateWindow(Videos,"plugin://plugin.video.telemedia/?mode=31&amp;name=[COLOR khaki]גוסט-סרטים-יס-גו-4[/COLOR]&amp;image_master=&amp;heb_name= &amp;last_id=&amp;dates= &amp;data=-1001290594671&amp;original_title= &amp;id= &amp;season= &amp;episode= &amp;tmdbid= &amp;eng_name= &amp;show_original_year= &amp;isr=0&amp;fanart=&amp;url=-1001290594671&amp;iconimage=&amp;description=%D7%92%D7%95%D7%A1%D7%98-%D7%A1%D7%A8%D7%98%D7%99%D7%9D-%D7%99%D7%A1-%D7%92%D7%95-4%0Afrom_plot&amp;fav_status=false&amp;groups_id=0",return)</action>
	</shortcut>
	<shortcut>
		<defaultID />
		<label>סרטים ישנים וחדשים 1</label>
		<label2>פריטים מותאמים אישית</label2>
		<icon>DefaultShortcut.png</icon>
		<thumb />
		<action>ActivateWindow(Videos,"plugin://plugin.video.telemedia/?mode=31&amp;name=[COLOR khaki]גוסט סרטים ישנים וחדשים[/COLOR]&amp;image_master=&amp;heb_name= &amp;last_id=&amp;dates= &amp;data=-1001445837176&amp;original_title= &amp;id= &amp;season= &amp;episode= &amp;tmdbid= &amp;eng_name= &amp;show_original_year= &amp;isr=0&amp;fanart=&amp;url=-1001445837176&amp;iconimage=&amp;description=%0Afrom_plot&amp;fav_status=false&amp;groups_id=0",return)</action>
	</shortcut>
	<shortcut>
		<defaultID />
		<label>סרטים ישנים וחדשים 2</label>
		<label2>פריטים מותאמים אישית</label2>
		<icon>DefaultShortcut.png</icon>
		<thumb />
		<action>ActivateWindow(Videos,"plugin://plugin.video.telemedia/?mode=31&amp;name=[COLOR khaki]גוסט סרטים ישנים וחדשים 2[/COLOR]&amp;image_master=&amp;heb_name= &amp;last_id=&amp;dates= &amp;data=-1001210724865&amp;original_title= &amp;id= &amp;season= &amp;episode= &amp;tmdbid= &amp;eng_name= &amp;show_original_year= &amp;isr=0&amp;fanart=&amp;url=-1001210724865&amp;iconimage=&amp;description=%0Afrom_plot&amp;fav_status=false&amp;groups_id=0",return)</action>
	</shortcut>
	<shortcut>
		<defaultID />
		<label>סרטים ישנים וחדשים 3</label>
		<label2>פריטים מותאמים אישית</label2>
		<icon>DefaultShortcut.png</icon>
		<thumb />
		<action>ActivateWindow(Videos,"plugin://plugin.video.telemedia/?mode=31&amp;name=[COLOR khaki]גוסט סרטים ישנים וחדשים 3[/COLOR]&amp;image_master=&amp;heb_name= &amp;last_id=&amp;dates= &amp;data=-1001227376145&amp;original_title= &amp;id= &amp;season= &amp;episode= &amp;tmdbid= &amp;eng_name= &amp;show_original_year= &amp;isr=0&amp;fanart=&amp;url=-1001227376145&amp;iconimage=&amp;description=%D7%92%D7%95%D7%A1%D7%98+%D7%A1%D7%A8%D7%98%D7%99%D7%9D+%D7%99%D7%A9%D7%A0%D7%99%D7%9D+%D7%95%D7%97%D7%93%D7%A9%D7%99%D7%9D+3%0Afrom_plot&amp;fav_status=false&amp;groups_id=0",return)</action>
	</shortcut>
	<shortcut>
		<defaultID />
		<label>סרטים ישנים וחדשים 4</label>
		<label2>פריטים מותאמים אישית</label2>
		<icon>DefaultShortcut.png</icon>
		<thumb />
		<action>ActivateWindow(Videos,"plugin://plugin.video.telemedia/?mode=31&amp;name=[COLOR khaki]גוסט סרטים ישנים וחדשים 4[/COLOR]&amp;image_master=&amp;heb_name= &amp;last_id=&amp;dates= &amp;data=-1001224686301&amp;original_title= &amp;id= &amp;season= &amp;episode= &amp;tmdbid= &amp;eng_name= &amp;show_original_year= &amp;isr=0&amp;fanart=&amp;url=-1001224686301&amp;iconimage=&amp;description=%0Afrom_plot&amp;fav_status=false&amp;groups_id=0",return)</action>
	</shortcut>
	<shortcut>
		<defaultID />
		<label>דב ערוץ הסרטים</label>
		<label2>פריטים מותאמים אישית</label2>
		<icon>DefaultShortcut.png</icon>
		<thumb />
		<action>ActivateWindow(Videos,"plugin://plugin.video.telemedia/?mode=31&amp;name=[COLOR khaki]דב סרטים - ערוץ הסרטים[/COLOR]&amp;image_master=&amp;heb_name= &amp;last_id=&amp;dates= &amp;data=-1001304123481&amp;original_title= &amp;id= &amp;season= &amp;episode= &amp;tmdbid= &amp;eng_name= &amp;show_original_year= &amp;isr=0&amp;fanart=C%3A%2FUsers%2Fneta%2FAppData%2FRoaming%2FKodi%2Fuserdata%2Faddon_data%2Fplugin.video.telemedia%2Flogo%2F-1001304123481_big.jpg&amp;url=-1001304123481&amp;iconimage=C%3A%2FUsers%2Fneta%2FAppData%2FRoaming%2FKodi%2Fuserdata%2Faddon_data%2Fplugin.video.telemedia%2Flogo%2F-1001304123481_small.jpg&amp;description=%F0%9F%87%AE%F0%9F%87%B1%D7%9E%D7%A7%D7%A1%D7%99%D7%A7%D7%95-%D7%99%D7%A9%D7%A8%D7%90%D7%9C%F0%9F%87%B2%F0%9F%87%BD%0A%0A%D7%A2%D7%A8%D7%95%D7%A5+%D7%94%D7%A1%D7%97%D7%A8+%E2%98%98%EF%B8%8F%D7%91%D7%A7%D7%A0%D7%90%D7%91%D7%99%D7%A1%E2%98%98%EF%B8%8F+%D7%9E%D7%91%D7%99%D7%9F+%D7%94%D7%95%D7%95%D7%AA%D7%99%D7%A7%D7%95%D7%AA+%D7%91%D7%99%D7%A9%D7%A8%D7%90%D7%9C+%D7%A2%D7%9D+%D7%9E%D7%90%D7%95%D7%AA+%D7%9C%D7%A7%D7%95%D7%97%D7%95%D7%AA+%0A%D7%9E%D7%A8%D7%95%D7%A6%D7%99%D7%9D.%0A%0A%E2%99%BB%EF%B8%8F%D7%9E%D7%92%D7%95%D7%95%D7%9F+%D7%A8%D7%97%D7%91+%D7%A9%D7%9C+%D7%96%D7%A0%D7%99%D7%9D+%D7%95%D7%9E%D7%97%D7%99%D7%A8%D7%99%D7%9D%0A%F0%9F%A4%9D%D7%9C%D7%90+%D7%90%D7%94%D7%91%D7%AA%D7%9D+%D7%9C%D7%90+%D7%A9%D7%99%D7%9C%D7%9E%D7%AA%D7%9D%0A%F0%9F%9B%B5%D7%9E%D7%A9%D7%9C%D7%95%D7%97%D7%99%D7%9D+%D7%9E%D7%94%D7%99%D7%A8%D7%99%D7%9D+%D7%A2%D7%93+45+%D7%93%D7%A7%D7%B3%0A%F0%9F%92%AF%D7%94%D7%AA%D7%97%D7%99%D7%99%D7%91%D7%95%D7%AA+%D7%9C%D7%A1%D7%97%D7%95%D7%A8%D7%94+%D7%95%D7%9C%D7%AA%D7%9E%D7%95%D7%A0%D7%95%D7%AA%0A%0A%D7%A4%D7%A2%D7%99%D7%9C%D7%95%D7%AA+%D7%9E%D7%A9%D7%A0%D7%AA+2017.+%D7%9E%D7%94%D7%9E%D7%93%D7%95%D7%A8%D7%92%D7%99%D7%9D+%D7%91%D7%9E%D7%A7%D7%95%D7%9E%D7%95%D7%AA+%D7%94%D7%92%D7%91%D7%95%D7%94%D7%99%D7%9D+%D7%91%D7%B4%D7%98%D7%9C%D7%92%D7%A8%D7%90%D7%A1%D7%B4.%0A%0A%D7%AA%D7%9E%D7%99%D7%93+%F0%9F%93%A6%D7%91%D7%9E%D7%9C%D7%90%D7%99+%3A+%D7%92%D7%99%D7%93%D7%95%D7%9C%D7%99+%D7%91%D7%99%D7%AA&amp;fav_status=false&amp;groups_id=0",return)</action>
	</shortcut>
	<shortcut>
		<defaultID />
		<label>חננאל ערוץ הסרטים</label>
		<label2>פריטים מותאמים אישית</label2>
		<icon>DefaultShortcut.png</icon>
		<thumb />
		<action>ActivateWindow(Videos,"plugin://plugin.video.telemedia/?mode=31&amp;name=[COLOR khaki]חננאל סרטים - ערוץ הסרטים[/COLOR]&amp;image_master=&amp;heb_name= &amp;last_id=&amp;dates= &amp;data=-1001311322186&amp;original_title= &amp;id= &amp;season= &amp;episode= &amp;tmdbid= &amp;eng_name= &amp;show_original_year= &amp;isr=0&amp;fanart=C%3A%2FUsers%2Fneta%2FAppData%2FRoaming%2FKodi%2Fuserdata%2Faddon_data%2Fplugin.video.telemedia%2Flogo%2F-1001311322186_big.jpg&amp;url=-1001311322186&amp;iconimage=C%3A%2FUsers%2Fneta%2FAppData%2FRoaming%2FKodi%2Fuserdata%2Faddon_data%2Fplugin.video.telemedia%2Flogo%2F-1001311322186_small.jpg&amp;description=%D7%9C%D7%A2%D7%A8%D7%95%D7%A5+%D7%94%D7%A1%D7%93%D7%A8%D7%95%D7%AA%E2%86%99%EF%B8%8F%0Ahttps%3A%2F%2Ft.me%2Fjoinchat%2FAAAAAFY3PY-OT-iqTw1iZg%0Afrom_plot&amp;fav_status=false&amp;groups_id=0",return)</action>
	</shortcut>
	<shortcut>
		<defaultID />
		<label>נתי מדיה ערוץ הסרטים</label>
		<label2>פריטים מותאמים אישית</label2>
		<icon>DefaultShortcut.png</icon>
		<thumb />
		<action>ActivateWindow(Videos,"plugin://plugin.video.telemedia/?mode=31&amp;name=[COLOR khaki]נתי מדיה - סרטים 🎬 - 170K[/COLOR]&amp;image_master=&amp;heb_name= &amp;last_id=&amp;dates= &amp;data=-1001000750206&amp;original_title= &amp;id= &amp;season= &amp;episode= &amp;tmdbid= &amp;eng_name= &amp;show_original_year= &amp;isr=0&amp;fanart=C%3A%2FUsers%2Fneta%2FAppData%2FRoaming%2FKodi%2Fuserdata%2Faddon_data%2Fplugin.video.telemedia%2Flogo%2F-1001000750206_big.jpg&amp;url=-1001000750206&amp;iconimage=C%3A%2FUsers%2Fneta%2FAppData%2FRoaming%2FKodi%2Fuserdata%2Faddon_data%2Fplugin.video.telemedia%2Flogo%2F-1001000750206_small.jpg&amp;description=%F0%9F%8C%90+%D7%A2%D7%95%D7%93+%D7%9E%D7%91%D7%99%D7%AA+%22%D7%A0%D7%AA%D7%99+%D7%9E%D7%93%D7%99%D7%94%22+%F0%9F%8C%90%0A%0A%D7%A2%D7%A8%D7%95%D7%A5+%D7%94%D7%9E%D7%90%D7%92%D7%93+%D7%91%D7%AA%D7%95%D7%9B%D7%95+%D7%90%D7%AA+%D7%9B%D7%9C+%D7%94%D7%A7%D7%99%D7%A9%D7%95%D7%A8%D7%99%D7%9D+%D7%9C%D7%A2%D7%A8%D7%95%D7%A6%D7%99+%D7%94%D7%A1%D7%93%D7%A8%D7%95%D7%AA.+%F0%9F%94%97%0A%0A%E2%9C%85+%D7%93%D7%99%D7%A8%D7%95%D7%92+%D7%A1%D7%93%D7%A8%D7%95%D7%AA+%D7%A2%D7%9C+%D7%99%D7%93%D7%99+%D7%94%D7%9E%D7%A9%D7%AA%D7%9E%D7%A9%D7%99%D7%9D.%0A%E2%9C%85+%D7%97%D7%99%D7%A4%D7%95%D7%A9+%D7%91%D7%A7%D7%9C%D7%95%D7%AA+%D7%9C%D7%A4%D7%99+%D7%96%27%D7%90%D7%A0%D7%A8+%D7%9E%D7%A1%D7%95%D7%99%D7%99%D7%9D.%0A%0A%D7%9C%D7%94%D7%A6%D7%98%D7%A8%D7%A4%D7%95%D7%AA+%3E%3E%0Ahttp%3A%2F%2Ft.me%2Fjoinchat%2FAAAAAElMOzNyHHWh58k0Xw%0A%0A%D7%A9%D7%AA%D7%A4%D7%95+%E2%9D%A4%EF%B8%8F%0Afrom_plot&amp;fav_status=false&amp;groups_id=0",return)</action>
	</shortcut>
</shortcuts>
