<?xml version='1.0' encoding='UTF-8'?>
<shortcuts>
	<shortcut>
		<defaultID>31251</defaultID>
		<label>$SKIN[31251|skin.pellucid|Eject Disc]</label>
		<label2>פריט תפריט נפוץ</label2>
		<icon>DefaultAddon.png</icon>
		<thumb />
		<action>EjectTray()</action>
		<visible>System.HasMediaDVD</visible>
	</shortcut>
	<shortcut>
		<defaultID>31249</defaultID>
		<label>$SKIN[31249|skin.pellucid|Live TV]</label>
		<label2>פריט תפריט נפוץ</label2>
		<icon>DefaultAddon.png</icon>
		<thumb />
		<action>ActivateWindow(TVChannels)</action>
		<visible>PVR.HasTVChannels</visible>
	</shortcut>
	<shortcut>
		<defaultID>31250</defaultID>
		<label>$SKIN[31250|skin.pellucid|Radio]</label>
		<label2>פריט תפריט נפוץ</label2>
		<icon>DefaultAddon.png</icon>
		<thumb />
		<action>ActivateWindow(Radiochannels)</action>
		<visible>PVR.HasRadioChannels</visible>
	</shortcut>
	<shortcut>
		<defaultID>movies</defaultID>
		<label>342</label>
		<label2>פריט תפריט נפוץ</label2>
		<icon>DefaultAddon.png</icon>
		<thumb />
		<action>ActivateWindow(Videos,videodb://movies/titles/)</action>
		<visible>Library.HasContent(Movies)</visible>
	</shortcut>
	<shortcut>
		<defaultID>tvshows</defaultID>
		<label>20343</label>
		<label2>פריט תפריט נפוץ</label2>
		<icon>DefaultAddon.png</icon>
		<thumb />
		<action>ActivateWindow(Videos,videodb://tvshows/titles/)</action>
		<visible>Library.HasContent(TVshows)</visible>
	</shortcut>
	<shortcut>
		<defaultID>2</defaultID>
		<label>2</label>
		<label2>פריט תפריט נפוץ</label2>
		<icon>DefaultAddon.png</icon>
		<thumb />
		<action>ActivateWindow(Music,musicdb://albums/)</action>
		<visible>Library.HasContent(Music)</visible>
	</shortcut>
	<shortcut>
		<defaultID>31229</defaultID>
		<label>$SKIN[31229|skin.pellucid|Play Music]</label>
		<label2>פריט תפריט נפוץ</label2>
		<icon>DefaultAddon.png</icon>
		<thumb />
		<action>PlayerControl(Partymode(music))</action>
		<visible>Library.HasContent(Music)</visible>
	</shortcut>
	<shortcut>
		<defaultID />
		<label>ערוצי עידן פלוס רדיו ומוזיקה</label>
		<label2>פריטים מותאמים אישית</label2>
		<icon>DefaultShortcut.png</icon>
		<thumb />
		<action>ActivateWindow(6000)</action>
	</shortcut>
	<shortcut>
		<defaultID />
		<label>עידן פלוס וי.או.די</label>
		<label2>פריטים מותאמים אישית</label2>
		<icon>DefaultShortcut.png</icon>
		<thumb />
		<action>ActivateWindow(6013)</action>
	</shortcut>
	<shortcut>
		<defaultID />
		<label>סדרות טיוי</label>
		<label2>פריטים מותאמים אישית</label2>
		<icon>DefaultShortcut.png</icon>
		<thumb />
		<action>ActivateWindow(Videos,"plugin://plugin.video.sdarot.tv",return)</action>
	</shortcut>
	<shortcut>
		<defaultID />
		<label>סדרות חול</label>
		<label2>פריטים מותאמים אישית</label2>
		<icon>DefaultShortcut.png</icon>
		<thumb>special://home/addons/skin.pellucid/extras/circles/circle-blue.png</thumb>
		<action>ActivateWindow(6004)</action>
	</shortcut>
	<shortcut>
		<defaultID />
		<label>סרטים דבריד</label>
		<label2>פריטים מותאמים אישית</label2>
		<icon>DefaultShortcut.png</icon>
		<thumb />
		<action>ActivateWindow(6007)</action>
	</shortcut>
	<shortcut>
		<defaultID />
		<label>סרטים מדובבים לילדים</label>
		<label2>פריטים מותאמים אישית</label2>
		<icon>DefaultShortcut.png</icon>
		<thumb />
		<action>ActivateWindow(6003)</action>
	</shortcut>
	<shortcut>
		<defaultID />
		<label>סרטים ישראלים</label>
		<label2>פריטים מותאמים אישית</label2>
		<icon>DefaultShortcut.png</icon>
		<thumb />
		<action>ActivateWindow(6018)</action>
	</shortcut>
	<shortcut>
		<defaultID />
		<label>סרטים חול צפייה ישירה</label>
		<label2>פריטים מותאמים אישית</label2>
		<icon>DefaultShortcut.png</icon>
		<thumb />
		<action>ActivateWindow(6008)</action>
	</shortcut>
	<shortcut>
		<defaultID />
		<label>סדרות ילדים</label>
		<label2>פריטים מותאמים אישית</label2>
		<icon>DefaultShortcut.png</icon>
		<thumb />
		<action>PlayMedia("plugin://plugin.video.kids_new/?mode=16&amp;description=%D7%94%D7%92%D7%A8%D7%9C+%D7%9C%D7%99+%D7%A1%D7%93%D7%A8%D7%94&amp;url=www&amp;iconimage=https%3A%2F%2Fwww.amr-insights.eu%2Fwp-content%2Fuploads%2F2019%2F10%2Fdice-3095227_960_720.jpg&amp;fanart=https%3A%2F%2Fwww.amr-insights.eu%2Fwp-content%2Fuploads%2F2019%2F10%2Fdice-3095227_960_720.jpg&amp;video_info=%7B%7D&amp;mode=16&amp;id=&amp;name=%5BCOLOR+yellow%5D%5BI%5D%D7%94%D7%92%D7%A8%D7%9C+%D7%9C%D7%99+%D7%A1%D7%93%D7%A8%D7%94%5B%2FI%5D%5B%2FCOLOR%5D",return)</action>
	</shortcut>
	<shortcut>
		<defaultID />
		<label>סדרות ישראליות</label>
		<label2>פריטים מותאמים אישית</label2>
		<icon>DefaultShortcut.png</icon>
		<thumb />
		<action>ActivateWindow(6012)</action>
	</shortcut>
	<shortcut>
		<defaultID />
		<label>סרטים צפייה ישירה טלמדיה</label>
		<label2>פריטים מותאמים אישית</label2>
		<icon>DefaultShortcut.png</icon>
		<thumb />
		<action>ActivateWindow(6002)</action>
	</shortcut>
	<shortcut>
		<defaultID />
		<label>הגדרות</label>
		<label2>פריטים מותאמים אישית</label2>
		<icon>DefaultShortcut.png</icon>
		<thumb />
		<action>ActivateWindow(6001)</action>
	</shortcut>
</shortcuts>
