<?xml version='1.0' encoding='UTF-8'?>
<shortcuts>
	<shortcut>
		<defaultID />
		<label>חפש תוכנית</label>
		<label2>פריטים מותאמים אישית</label2>
		<icon>DefaultShortcut.png</icon>
		<thumb />
		<action>ActivateWindow(Videos,"plugin://plugin.video.idanplus/?moredata=&amp;name=%5BB%5D%D7%97%D7%99%D7%A4%D7%95%D7%A9+%D7%AA%D7%9B%D7%A0%D7%99%D7%95%D7%AA%5B%2FB%5D&amp;url=&amp;iconimage=C%253A%255CUsers%255Cneta%255CAppData%255CRoaming%255CKodi%255Caddons%255Cplugin.video.idanplus%255Cicon.png&amp;module=&amp;mode=4",return)</action>
	</shortcut>
	<shortcut>
		<defaultID />
		<label>מועדפים</label>
		<label2>פריטים מותאמים אישית</label2>
		<icon>DefaultShortcut.png</icon>
		<thumb />
		<action>ActivateWindow(Videos,"plugin://plugin.video.idanplus/?moredata=&amp;name=%5BB%5D%D7%9E%D7%95%D7%A2%D7%93%D7%A4%D7%99+%D7%A2%D7%99%D7%93%D7%9F+%D7%A4%D7%9C%D7%95%D7%A1%5B%2FB%5D&amp;url=&amp;iconimage=C%253A%255CUsers%255Cneta%255CAppData%255CRoaming%255CKodi%255Caddons%255Cplugin.video.idanplus%255Cicon.png&amp;module=&amp;mode=10",return)</action>
	</shortcut>
	<shortcut>
		<defaultID />
		<label>עידן ויאודי</label>
		<label2>פריטים מותאמים אישית</label2>
		<icon>DefaultShortcut.png</icon>
		<thumb />
		<action>ActivateWindow(Videos,"plugin://plugin.video.idanplus/?moredata=&amp;name=%5BB%5DVOD%5B%2FB%5D&amp;url=&amp;iconimage=C%253A%255CUsers%255Cneta%255CAppData%255CRoaming%255CKodi%255Caddons%255Cplugin.video.idanplus%255Cicon.png&amp;module=&amp;mode=2",return)</action>
	</shortcut>
	<shortcut>
		<defaultID />
		<label>החדשות</label>
		<label2>פריטים מותאמים אישית</label2>
		<icon>DefaultShortcut.png</icon>
		<thumb />
		<action>ActivateWindow(Videos,"plugin://plugin.video.idanplus/?moredata=&amp;name=%5BB%5D%D7%94%D7%97%D7%93%D7%A9%D7%95%D7%AA%5B%2FB%5D&amp;url=https%253A%252F%252Fwww.mako.co.il%252Fmako-vod-channel2-news&amp;iconimage=C%253A%255CUsers%255Cneta%255CAppData%255CRoaming%255CKodi%255Caddons%255Cplugin.video.idanplus%255Cresources%255Cimages%255Cnews.jpg&amp;module=keshet&amp;mode=2",return)</action>
	</shortcut>
	<shortcut>
		<defaultID />
		<label>פרקים אחרונים</label>
		<label2>פריטים מותאמים אישית</label2>
		<icon>DefaultShortcut.png</icon>
		<thumb />
		<action>ActivateWindow(Videos,"plugin://plugin.video.idanplus/?moredata=&amp;name=%5BB%5D%D7%A4%D7%A8%D7%A7%D7%99%D7%9D+%D7%90%D7%97%D7%A8%D7%95%D7%A0%D7%99%D7%9D%5B%2FB%5D&amp;url=582385&amp;iconimage=C%253A%255CUsers%255Cneta%255CAppData%255CRoaming%255CKodi%255Caddons%255Cplugin.video.idanplus%255Cresources%255Cimages%255C13.png&amp;module=reshet&amp;mode=6",return)</action>
	</shortcut>
</shortcuts>
