<?xml version='1.0' encoding='UTF-8'?>
<shortcuts>
	<shortcut>
		<defaultID>31251</defaultID>
		<label>$SKIN[31251|skin.pellucid|Eject Disc]</label>
		<label2>פריט תפריט נפוץ</label2>
		<icon>DefaultAddon.png</icon>
		<thumb />
		<action>EjectTray()</action>
		<visible>System.HasMediaDVD</visible>
	</shortcut>
	<shortcut>
		<defaultID>31249</defaultID>
		<label>$SKIN[31249|skin.pellucid|Live TV]</label>
		<label2>פריט תפריט נפוץ</label2>
		<icon>DefaultAddon.png</icon>
		<thumb />
		<action>ActivateWindow(TVChannels)</action>
		<visible>PVR.HasTVChannels</visible>
	</shortcut>
	<shortcut>
		<defaultID>31250</defaultID>
		<label>$SKIN[31250|skin.pellucid|Radio]</label>
		<label2>פריט תפריט נפוץ</label2>
		<icon>DefaultAddon.png</icon>
		<thumb />
		<action>ActivateWindow(Radiochannels)</action>
		<visible>PVR.HasRadioChannels</visible>
	</shortcut>
	<shortcut>
		<defaultID>movies</defaultID>
		<label>342</label>
		<label2>פריט תפריט נפוץ</label2>
		<icon>DefaultAddon.png</icon>
		<thumb />
		<action>ActivateWindow(Videos,videodb://movies/titles/)</action>
		<visible>Library.HasContent(Movies)</visible>
	</shortcut>
	<shortcut>
		<defaultID>tvshows</defaultID>
		<label>20343</label>
		<label2>פריט תפריט נפוץ</label2>
		<icon>DefaultAddon.png</icon>
		<thumb />
		<action>ActivateWindow(Videos,videodb://tvshows/titles/)</action>
		<visible>Library.HasContent(TVshows)</visible>
	</shortcut>
	<shortcut>
		<defaultID>2</defaultID>
		<label>2</label>
		<label2>פריט תפריט נפוץ</label2>
		<icon>DefaultAddon.png</icon>
		<thumb />
		<action>ActivateWindow(Music,musicdb://albums/)</action>
		<visible>Library.HasContent(Music)</visible>
	</shortcut>
	<shortcut>
		<defaultID>31229</defaultID>
		<label>$SKIN[31229|skin.pellucid|Play Music]</label>
		<label2>פריט תפריט נפוץ</label2>
		<icon>DefaultAddon.png</icon>
		<thumb />
		<action>PlayerControl(Partymode(music))</action>
		<visible>Library.HasContent(Music)</visible>
	</shortcut>
	<shortcut>
		<defaultID />
		<label>ערוצי עידן פלוס</label>
		<label2>פריטים מותאמים אישית</label2>
		<icon>DefaultShortcut.png</icon>
		<thumb />
		<action>ActivateWindow(6000)</action>
	</shortcut>
	<shortcut>
		<defaultID />
		<label>עידן פלוס וי.או.די</label>
		<label2>פריטים מותאמים אישית</label2>
		<icon>DefaultShortcut.png</icon>
		<thumb />
		<action>ActivateWindow(Videos,"plugin://plugin.video.idanplus/?moredata=&amp;name=%5BB%5DVOD%5B%2FB%5D&amp;url=&amp;iconimage=C%253A%255CUsers%255Cneta%255CAppData%255CRoaming%255CKodi%255Caddons%255Cplugin.video.idanplus%255Cicon.png&amp;module=&amp;mode=2",return)</action>
	</shortcut>
	<shortcut>
		<defaultID />
		<label>סדרות טיוי</label>
		<label2>פריטים מותאמים אישית</label2>
		<icon>DefaultShortcut.png</icon>
		<thumb />
		<action>ActivateWindow(Videos,"plugin://plugin.video.sdarot.tv",return)</action>
	</shortcut>
	<shortcut>
		<defaultID />
		<label>סדרות חול</label>
		<label2>פריטים מותאמים אישית</label2>
		<icon>DefaultShortcut.png</icon>
		<thumb />
		<action>ActivateWindow(6004)</action>
	</shortcut>
	<shortcut>
		<defaultID />
		<label>סרטים סגנון YES GO</label>
		<label2>פריטים מותאמים אישית</label2>
		<icon>DefaultShortcut.png</icon>
		<thumb />
		<action>ActivateWindow(6001)</action>
	</shortcut>
	<shortcut>
		<defaultID />
		<label>סרטים דבריד</label>
		<label2>פריטים מותאמים אישית</label2>
		<icon>DefaultShortcut.png</icon>
		<thumb />
		<action>ActivateWindow(6007)</action>
	</shortcut>
	<shortcut>
		<defaultID />
		<label>סרטים מדובבים לילדים</label>
		<label2>פריטים מותאמים אישית</label2>
		<icon>DefaultShortcut.png</icon>
		<thumb />
		<action>ActivateWindow(6003)</action>
	</shortcut>
	<shortcut>
		<defaultID />
		<label>סרטים ישראלים</label>
		<label2>פריטים מותאמים אישית</label2>
		<icon>DefaultShortcut.png</icon>
		<thumb />
		<action>ActivateWindow(Videos,"plugin://plugin.video.telemedia/?mode=31&amp;name=[COLOR khaki]נתי מדיה - סרטים ישראליים[/COLOR]&amp;image_master=&amp;heb_name= &amp;last_id=&amp;dates= &amp;data=-1001106800100&amp;original_title= &amp;id= &amp;season= &amp;episode= &amp;tmdbid= &amp;eng_name= &amp;show_original_year= &amp;isr=0&amp;fanart=C%3A%5CUsers%5Cneta%5CAppData%5CRoaming%5CKodi%5Cuserdata%5Caddon_data%5Cplugin.video.telemedia%5Clogo%5C-1001106800100_big.jpg&amp;url=-1001106800100&amp;iconimage=C%3A%5CUsers%5Cneta%5CAppData%5CRoaming%5CKodi%5Cuserdata%5Caddon_data%5Cplugin.video.telemedia%5Clogo%5C-1001106800100_small.jpg&amp;description=%D7%94%D7%9E%D7%A6%D7%91+%D7%9C%D7%90+%D7%9E%D7%90%D7%A4%D7%A9%D7%A8+%D7%9C%D7%A9%D7%91%D7%AA+%D7%A2%D7%9C+%D7%94%D7%A1%D7%9E%D7%99%D7%A0%D7%A8%D7%99%D7%95%D7%9F%0A%D7%94%D7%A7%D7%95%D7%A8%D7%95%D7%A0%D7%94+%D7%9C%D7%90+%D7%A0%D7%95%D7%AA%D7%A0%D7%AA+%D7%9C%D7%9B%D7%9D+%D7%9E%D7%A0%D7%95%D7%97+%0A%D7%AA%D7%A0%D7%95+%D7%9C%D7%9E%D7%A7%D7%A6%D7%95%D7%A2%D7%A0%D7%99%D7%9D+%D7%9C%D7%A2%D7%96%D7%95%D7%A8+%D7%9C%D7%9B%D7%9D+%D7%A2%D7%9D+%D7%A2%D7%91%D7%95%D7%93%D7%95%D7%AA+%D7%90%D7%A7%D7%93%D7%9E%D7%99%D7%95%D7%AA%21%0A%0A%D7%A2%D7%91%D7%95%D7%93%D7%94+%D7%90%D7%A7%D7%93%D7%9E%D7%99%D7%AA+%D7%91%D7%AA%D7%A9%D7%9C%D7%95%D7%9D+-+%D7%A8%D7%A7+%D7%90%D7%A6%D7%9C+%D7%94%D7%9E%D7%A7%D7%A6%D7%95%D7%A2%D7%A0%D7%99%D7%9D%21+%0A%0A%D7%9B%D7%99+%D7%90%D7%A6%D7%9C%D7%A0%D7%95+%D7%AA%D7%A7%D7%91%D7%9C%D7%95+%D7%A2%D7%91%D7%95%D7%93%D7%94+100%25+%D7%9E%D7%A7%D7%95%D7%A8%D7%99%D7%AA+%D7%A2%D7%9D+%D7%94%D7%AA%D7%97%D7%99%D7%99%D7%91%D7%95%D7%AA+%D7%9C%D7%90%D7%99%D7%9B%D7%95%D7%AA.+%E2%9C%85%0A%0A%F0%9F%91%88+%D7%9C%D7%A4%D7%A8%D7%98%D7%99%D7%9D+%D7%A0%D7%95%D7%A1%D7%A4%D7%99%D7%9D&amp;fav_status=false&amp;groups_id=0",return)</action>
	</shortcut>
	<shortcut>
		<defaultID />
		<label>סרטים כללי</label>
		<label2>פריטים מותאמים אישית</label2>
		<icon>DefaultShortcut.png</icon>
		<thumb />
		<action>ActivateWindow(6008)</action>
	</shortcut>
	<shortcut>
		<defaultID />
		<label>סדרות ילדים</label>
		<label2>פריטים מותאמים אישית</label2>
		<icon>DefaultShortcut.png</icon>
		<thumb />
		<action>ActivateWindow(6005)</action>
	</shortcut>
	<shortcut>
		<defaultID />
		<label>סדרות ישראליות</label>
		<label2>פריטים מותאמים אישית</label2>
		<icon>DefaultShortcut.png</icon>
		<thumb />
		<action>ActivateWindow(Videos,"plugin://plugin.video.telemedia/?mode=14&amp;name=סדרות ישראליות&amp;image_master=&amp;heb_name= &amp;last_id=&amp;dates= &amp;data= &amp;original_title= &amp;id= &amp;season= &amp;episode= &amp;tmdbid= &amp;eng_name= &amp;show_original_year= &amp;isr=0&amp;fanart=http%3A%2F%2Fcoldshotproductions.net%2Fflachannelbanner.png&amp;url=https%3A%2F%2Fapi.themoviedb.org%2F3%2Fdiscover%2Ftv%3Fapi_key%3D34142515d9d23817496eeb4ff1d223d0%26language%3Dhe%26sort_by%3Dpopularity.desc%26include_null_first_air_dates%3Dfalse%26with_original_language%3Dhe%26page%3D1&amp;iconimage=special%3A%2F%2Fhome%2Faddons%2Fplugin.video.telemedia%2Ftele%2FTv_Show%2Fisrael.png&amp;description=%D7%A1%D7%93%D7%A8%D7%95%D7%AA+%D7%99%D7%A9%D7%A8%D7%90%D7%9C%D7%99%D7%95%D7%AA&amp;fav_status=false&amp;groups_id=0",return)</action>
	</shortcut>
	<shortcut>
		<defaultID />
		<label>סרטים צפייה ישירה</label>
		<label2>פריטים מותאמים אישית</label2>
		<icon>DefaultShortcut.png</icon>
		<thumb />
		<action>ActivateWindow(6002)</action>
	</shortcut>
</shortcuts>
