<?xml version='1.0' encoding='UTF-8'?>
<shortcuts>
	<shortcut>
		<defaultID />
		<label>סרטים</label>
		<label2>פריטים מותאמים אישית</label2>
		<icon>DefaultShortcut.png</icon>
		<thumb />
		<action>ActivateWindow(Videos,"plugin://plugin.video.telemedia/?mode=10&amp;name=[COLOR blue]סרטים[/COLOR]&amp;image_master=&amp;heb_name= &amp;last_id=&amp;dates= &amp;data= &amp;original_title= &amp;id= &amp;season= &amp;episode= &amp;tmdbid= &amp;eng_name= &amp;show_original_year= &amp;isr=0&amp;fanart=https%3A%2F%2Fwww.ubackground.com%2F_ph%2F22%2F269562231.jpg&amp;url=+&amp;iconimage=special%3A%2F%2Fhome%2Faddons%2Fplugin.video.telemedia%2Ftele%2Fmovies.png&amp;description=Movies&amp;fav_status=false&amp;groups_id=0",return)</action>
	</shortcut>
	<shortcut>
		<defaultID />
		<label>סדרות</label>
		<label2>פריטים מותאמים אישית</label2>
		<icon>DefaultShortcut.png</icon>
		<thumb />
		<action>ActivateWindow(Videos,"plugin://plugin.video.telemedia/?mode=11&amp;name=[COLOR blue]סדרות[/COLOR]&amp;image_master=&amp;heb_name= &amp;last_id=&amp;dates= &amp;data= &amp;original_title= &amp;id= &amp;season= &amp;episode= &amp;tmdbid= &amp;eng_name= &amp;show_original_year= &amp;isr=0&amp;fanart=https%3A%2F%2Fstatic.highsnobiety.com%2Fthumbor%2FR8JPAdy4hlfFhZj9_YqCQfcNsZ0%3D%2Ffit-in%2F800x480%2Fsmart%2Fstatic.highsnobiety.com%2Fwp-content%2Fuploads%2F2019%2F02%2F28155224%2Fgame-of-thrones-season-8-posters-001.jpg&amp;url=+&amp;iconimage=special%3A%2F%2Fhome%2Faddons%2Fplugin.video.telemedia%2Ftele%2Ftvshows.png&amp;description=Tv+Shows&amp;fav_status=false&amp;groups_id=0",return)</action>
	</shortcut>
	<shortcut>
		<defaultID />
		<label>עולם הילדים</label>
		<label2>פריטים מותאמים אישית</label2>
		<icon>DefaultShortcut.png</icon>
		<thumb />
		<action>ActivateWindow(Videos,"plugin://plugin.video.telemedia/?mode=31&amp;name=[COLOR blue]עולם הילדים[/COLOR]&amp;image_master=&amp;heb_name= &amp;last_id=&amp;dates= &amp;data=-1001195519301&amp;original_title= &amp;id= &amp;season= &amp;episode= &amp;tmdbid= &amp;eng_name= &amp;show_original_year= &amp;isr=0&amp;fanart=https%3A%2F%2Finsidethemagic-119e2.kxcdn.com%2Fwp-content%2Fuploads%2F2018%2F08%2FExpo19_11x16_Poster_KeyArt_72dpi-1-792x400.jpg&amp;url=www&amp;iconimage=special%3A%2F%2Fhome%2Faddons%2Fplugin.video.telemedia%2Ftele%2Fkids.png&amp;description=%D7%A2%D7%95%D7%9C%D7%9D+%D7%94%D7%99%D7%9C%D7%93%D7%99%D7%9D&amp;fav_status=false&amp;groups_id=0",return)</action>
	</shortcut>
	<shortcut>
		<defaultID />
		<label>הקבוצות שלי</label>
		<label2>פריטים מותאמים אישית</label2>
		<icon>DefaultShortcut.png</icon>
		<thumb />
		<action>ActivateWindow(Videos,"plugin://plugin.video.telemedia/?mode=12&amp;name=[COLOR blue]הקבוצות שלי[/COLOR]&amp;image_master=&amp;heb_name= &amp;last_id=0$$$9223372036854775807&amp;dates= &amp;data= &amp;original_title= &amp;id= &amp;season= &amp;episode= &amp;tmdbid= &amp;eng_name= &amp;show_original_year= &amp;isr=0&amp;fanart=https%3A%2F%2Fwallup.net%2Fwp-content%2Fuploads%2F2016%2F10%2F12%2F137743-jumping-silhouette-group_of_people-cat-sea-reflection.jpg&amp;url=chatListMain&amp;iconimage=special%3A%2F%2Fhome%2Faddons%2Fplugin.video.telemedia%2Ftele%2Fmygroups.png&amp;description=My+Groups&amp;fav_status=false&amp;groups_id=0",return)</action>
	</shortcut>
	<shortcut>
		<defaultID />
		<label>קבוצות ארכיון</label>
		<label2>פריטים מותאמים אישית</label2>
		<icon>DefaultShortcut.png</icon>
		<thumb />
		<action>ActivateWindow(Videos,"plugin://plugin.video.telemedia/?mode=12&amp;name=[COLOR blue]קבוצות ארכיון[/COLOR]&amp;image_master=&amp;heb_name= &amp;last_id=0$$$9223372036854775807&amp;dates= &amp;data= &amp;original_title= &amp;id= &amp;season= &amp;episode= &amp;tmdbid= &amp;eng_name= &amp;show_original_year= &amp;isr=0&amp;fanart=https%3A%2F%2Fhdwallpaperim.com%2Fwp-content%2Fuploads%2F2017%2F08%2F23%2F471244-Brandon_Sanderson-Stormlight_Archives.jpg&amp;url=chatListArchive&amp;iconimage=special%3A%2F%2Fhome%2Faddons%2Fplugin.video.telemedia%2Ftele%2Farchive.png&amp;description=My+Groups&amp;fav_status=false&amp;groups_id=0",return)</action>
	</shortcut>
	<shortcut>
		<defaultID />
		<label>תקיות טלגרם</label>
		<label2>פריטים מותאמים אישית</label2>
		<icon>DefaultShortcut.png</icon>
		<thumb />
		<action>ActivateWindow(Videos,"plugin://plugin.video.telemedia/?mode=121&amp;name=[COLOR blue]תיקיות טלגרם[/COLOR]&amp;image_master=&amp;heb_name= &amp;last_id=&amp;dates= &amp;data= &amp;original_title= &amp;id= &amp;season= &amp;episode= &amp;tmdbid= &amp;eng_name= &amp;show_original_year= &amp;isr=0&amp;fanart=https%3A%2F%2Fcirasync.com%2Fwp-content%2Fuploads%2F2019%2F07%2FCreate-and-Share-PF-O365_featuredimage95-1-1080x630.png&amp;url=chatListArchive&amp;iconimage=special%3A%2F%2Fhome%2Faddons%2Fplugin.video.telemedia%2Ftele%2Ffolder.png&amp;description=My+Folders&amp;fav_status=false&amp;groups_id=0",return)</action>
	</shortcut>
</shortcuts>
