<?xml version='1.0' encoding='UTF-8'?>
<shortcuts>
	<shortcut>
		<defaultID />
		<label>[COLOR yellow]לוידג'ט מסך ראשי[/COLOR]</label>
		<label2>פריטים מותאמים אישית</label2>
		<icon>DefaultShortcut.png</icon>
		<thumb />
		<action>Control.SetFocus(50003)</action>
	</shortcut>
	<shortcut>
		<defaultID />
		<label>חפש</label>
		<label2>פריטים מותאמים אישית</label2>
		<icon>DefaultShortcut.png</icon>
		<thumb />
		<action>ActivateWindow(Videos,"plugin://plugin.video.tempest/?action=movieSearchnew",return)</action>
	</shortcut>
	<shortcut>
		<defaultID />
		<label>עיצוב פרימיום</label>
		<label2>פריטים מותאמים אישית</label2>
		<icon>DefaultShortcut.png</icon>
		<thumb />
		<action>SetFocus(600008)</action>
	</shortcut>
	<shortcut>
		<defaultID />
		<label>כללי</label>
		<label2>פריטים מותאמים אישית</label2>
		<icon>DefaultShortcut.png</icon>
		<thumb />
		<action>ActivateWindow(Videos,"plugin://plugin.video.tempest/?action=movies&amp;url=https%3A%2F%2Fapi.trakt.tv%2Fusers%2Fme%2Flists%2Fmoviesarchive%2Fitems",return)</action>
	</shortcut>
	<shortcut>
		<defaultID />
		<label>החדשים</label>
		<label2>פריטים מותאמים אישית</label2>
		<icon>DefaultShortcut.png</icon>
		<thumb />
		<action>ActivateWindow(Videos,"plugin://plugin.video.tempest/?action=movies&amp;url=https%3A%2F%2Fapi.trakt.tv%2Fusers%2Fme%2Flists%2Fonlynewmovies%2Fitems",return)</action>
	</shortcut>
	<shortcut>
		<defaultID />
		<label>אנימציה</label>
		<label2>פריטים מותאמים אישית</label2>
		<icon>DefaultShortcut.png</icon>
		<thumb />
		<action>ActivateWindow(Videos,"plugin://plugin.video.tempest/?action=movies&amp;url=https%3A%2F%2Fapi.trakt.tv%2Fusers%2Fme%2Flists%2Fanimationmovies%2Fitems",return)</action>
	</shortcut>
	<shortcut>
		<defaultID />
		<label>דבריד 1</label>
		<label2>פריטים מותאמים אישית</label2>
		<icon>DefaultShortcut.png</icon>
		<thumb />
		<action>ActivateWindow(Videos,"plugin://plugin.video.tempest/?action=movies&amp;url=https%3A%2F%2Fapi.trakt.tv%2Fusers%2Fme%2Flists%2Fmovies1%2Fitems",return)</action>
	</shortcut>
	<shortcut>
		<defaultID />
		<label>דבריד 2</label>
		<label2>פריטים מותאמים אישית</label2>
		<icon>DefaultShortcut.png</icon>
		<thumb />
		<action>ActivateWindow(Videos,"plugin://plugin.video.tempest/?action=movies&amp;url=https%3A%2F%2Fapi.trakt.tv%2Fusers%2Fme%2Flists%2Fmovies2%2Fitems",return)</action>
	</shortcut>
	<shortcut>
		<defaultID />
		<label>דבריד 3</label>
		<label2>פריטים מותאמים אישית</label2>
		<icon>DefaultShortcut.png</icon>
		<thumb />
		<action>ActivateWindow(Videos,"plugin://plugin.video.tempest/?action=movies&amp;url=https%3A%2F%2Fapi.trakt.tv%2Fusers%2Fme%2Flists%2Fmymovies1%2Fitems",return)</action>
	</shortcut>
	<shortcut>
		<defaultID />
		<label>דבריד 4</label>
		<label2>פריטים מותאמים אישית</label2>
		<icon>DefaultShortcut.png</icon>
		<thumb />
		<action>ActivateWindow(Videos,"plugin://plugin.video.tempest/?action=movies&amp;url=https%3A%2F%2Fapi.trakt.tv%2Fusers%2Fme%2Flists%2Fmymovies2%2Fitems",return)</action>
	</shortcut>
	<shortcut>
		<defaultID />
		<label>דבריד 5</label>
		<label2>פריטים מותאמים אישית</label2>
		<icon>DefaultShortcut.png</icon>
		<thumb />
		<action>ActivateWindow(Videos,"plugin://plugin.video.tempest/?action=movies&amp;url=https%3A%2F%2Fapi.trakt.tv%2Fusers%2Fme%2Flists%2Fmymovies3%2Fitems",return)</action>
	</shortcut>
	<shortcut>
		<defaultID />
		<label>דבריד 6</label>
		<label2>פריטים מותאמים אישית</label2>
		<icon>DefaultShortcut.png</icon>
		<thumb />
		<action>ActivateWindow(Videos,"plugin://plugin.video.tempest/?action=movies&amp;url=https%3A%2F%2Fapi.trakt.tv%2Fusers%2Fme%2Flists%2Fmymovies4%2Fitems",return)</action>
	</shortcut>
	<shortcut>
		<defaultID />
		<label>דבריד 7</label>
		<label2>פריטים מותאמים אישית</label2>
		<icon>DefaultShortcut.png</icon>
		<thumb />
		<action>ActivateWindow(Videos,"plugin://plugin.video.tempest/?action=movies&amp;url=https%3A%2F%2Fapi.trakt.tv%2Fusers%2Fme%2Flists%2Fmymovies5%2Fitems",return)</action>
	</shortcut>
	<shortcut>
		<defaultID />
		<label>אקסטרה</label>
		<label2>פריטים מותאמים אישית</label2>
		<icon>DefaultShortcut.png</icon>
		<thumb />
		<action>ActivateWindow(Videos,"plugin://plugin.video.tempest/?action=movies&amp;url=https%3A%2F%2Fapi.trakt.tv%2Fusers%2Fme%2Flists%2Fmoviesextrasplus%2Fitems",return)</action>
	</shortcut>
	<shortcut>
		<defaultID />
		<label>אקסטרה +</label>
		<label2>פריטים מותאמים אישית</label2>
		<icon>DefaultShortcut.png</icon>
		<thumb />
		<action>ActivateWindow(Videos,"plugin://plugin.video.tempest/?action=movies&amp;url=https%3A%2F%2Fapi.trakt.tv%2Fusers%2Fme%2Flists%2Fmoviesextrasplus2%2Fitems",return)</action>
	</shortcut>
	<shortcut>
		<defaultID />
		<label>דוקו/טבע</label>
		<label2>פריטים מותאמים אישית</label2>
		<icon>DefaultShortcut.png</icon>
		<thumb />
		<action>ActivateWindow(Videos,"plugin://plugin.video.tempest/?action=movies&amp;url=https%3A%2F%2Fapi.trakt.tv%2Fusers%2Fme%2Flists%2Fmoviesextrasplus3docu%2Fitems",return)</action>
	</shortcut>
	<shortcut>
		<defaultID />
		<label>משפחה</label>
		<label2>פריטים מותאמים אישית</label2>
		<icon>DefaultShortcut.png</icon>
		<thumb />
		<action>ActivateWindow(Videos,"plugin://plugin.video.tempest/?action=movies&amp;url=https%3A%2F%2Fapi.trakt.tv%2Fusers%2Fme%2Flists%2Fmoviesextrayesgofamily%2Fitems",return)</action>
	</shortcut>
	<shortcut>
		<defaultID />
		<label>רומנטי</label>
		<label2>פריטים מותאמים אישית</label2>
		<icon>DefaultShortcut.png</icon>
		<thumb />
		<action>ActivateWindow(Videos,"plugin://plugin.video.tempest/?action=movies&amp;url=https%3A%2F%2Fapi.trakt.tv%2Fusers%2Fme%2Flists%2Fmoviesextrayesgoromance%2Fitems",return)</action>
	</shortcut>
	<shortcut>
		<defaultID />
		<label>שנת 2019</label>
		<label2>פריטים מותאמים אישית</label2>
		<icon>DefaultShortcut.png</icon>
		<thumb />
		<action>ActivateWindow(Videos,"plugin://plugin.video.tempest/?action=movies&amp;url=https%3A%2F%2Fapi.trakt.tv%2Fusers%2Fme%2Flists%2Fmovies2019%2Fitems",return)</action>
	</shortcut>
	<shortcut>
		<defaultID />
		<label>שנת 2018</label>
		<label2>פריטים מותאמים אישית</label2>
		<icon>DefaultShortcut.png</icon>
		<thumb />
		<action>ActivateWindow(Videos,"plugin://plugin.video.tempest/?action=movies&amp;url=https%3A%2F%2Fapi.trakt.tv%2Fusers%2Fme%2Flists%2Fmovies2018%2Fitems",return)</action>
	</shortcut>
	<shortcut>
		<defaultID />
		<label>שנת 2017</label>
		<label2>פריטים מותאמים אישית</label2>
		<icon>DefaultShortcut.png</icon>
		<thumb />
		<action>ActivateWindow(Videos,"plugin://plugin.video.tempest/?action=movies&amp;url=https%3A%2F%2Fapi.trakt.tv%2Fusers%2Fme%2Flists%2Fmovies2017%2Fitems",return)</action>
	</shortcut>
	<shortcut>
		<defaultID />
		<label>שנת 2016</label>
		<label2>פריטים מותאמים אישית</label2>
		<icon>DefaultShortcut.png</icon>
		<thumb />
		<action>ActivateWindow(Videos,"plugin://plugin.video.tempest/?action=movies&amp;url=https%3A%2F%2Fapi.trakt.tv%2Fusers%2Fme%2Flists%2Fmovies2016%2Fitems",return)</action>
	</shortcut>
	<shortcut>
		<defaultID />
		<label>שנת 2015</label>
		<label2>פריטים מותאמים אישית</label2>
		<icon>DefaultShortcut.png</icon>
		<thumb />
		<action>ActivateWindow(Videos,"plugin://plugin.video.tempest/?action=movies&amp;url=https%3A%2F%2Fapi.trakt.tv%2Fusers%2Fme%2Flists%2Fmovies2015%2Fitems",return)</action>
	</shortcut>
	<shortcut>
		<defaultID />
		<label>שנת 2014</label>
		<label2>פריטים מותאמים אישית</label2>
		<icon>DefaultShortcut.png</icon>
		<thumb />
		<action>ActivateWindow(Videos,"plugin://plugin.video.tempest/?action=movies&amp;url=https%3A%2F%2Fapi.trakt.tv%2Fusers%2Fme%2Flists%2Fmovies2014%2Fitems",return)</action>
	</shortcut>
	<shortcut>
		<defaultID />
		<label>שנת 2013</label>
		<label2>פריטים מותאמים אישית</label2>
		<icon>DefaultShortcut.png</icon>
		<thumb />
		<action>ActivateWindow(Videos,"plugin://plugin.video.tempest/?action=movies&amp;url=https%3A%2F%2Fapi.trakt.tv%2Fusers%2Fme%2Flists%2Fmovies2013%2Fitems",return)</action>
	</shortcut>
	<shortcut>
		<defaultID />
		<label>שנת 2012</label>
		<label2>פריטים מותאמים אישית</label2>
		<icon>DefaultShortcut.png</icon>
		<thumb />
		<action>ActivateWindow(Videos,"plugin://plugin.video.tempest/?action=movies&amp;url=https%3A%2F%2Fapi.trakt.tv%2Fusers%2Fme%2Flists%2Fmovies2012%2Fitems",return)</action>
	</shortcut>
	<shortcut>
		<defaultID />
		<label>שנת 2011</label>
		<label2>פריטים מותאמים אישית</label2>
		<icon>DefaultShortcut.png</icon>
		<thumb />
		<action>ActivateWindow(Videos,"plugin://plugin.video.tempest/?action=movies&amp;url=https%3A%2F%2Fapi.trakt.tv%2Fusers%2Fme%2Flists%2Fmovies2011%2Fitems",return)</action>
	</shortcut>
</shortcuts>
