<?xml version='1.0' encoding='UTF-8'?>
<shortcuts>
	<shortcut>
		<defaultID />
		<label>סדרות</label>
		<label2>פריטים מותאמים אישית</label2>
		<icon>DefaultShortcut.png</icon>
		<thumb />
		<action>ActivateWindow(Videos,"plugin://plugin.video.FlashTV/?url=%D7%A1%D7%93%D7%A8%D7%95%D7%AA%D7%A1%D7%93%D7%A8%D7%95%D7%AA+%D7%99%D7%A9%D7%A8%D7%90%D7%9C%D7%99%D7%95%D7%AA&amp;mode=5&amp;name=%D7%A1%D7%93%D7%A8%D7%95%D7%AA+%D7%99%D7%A9%D7%A8%D7%90%D7%9C%D7%99%D7%95%D7%AA&amp;iconimage=https%3A%2F%2Fkcat123.github.io%2FFTV%2FImages%2FTV-Series-IL.jpg&amp;fanart=&amp;description=+&amp;count=0&amp;page=&amp;cat_level= &amp;index_depth=0&amp;selected_list= &amp;lang=eng",return)</action>
	</shortcut>
	<shortcut>
		<defaultID />
		<label>דוקומנטרי</label>
		<label2>פריטים מותאמים אישית</label2>
		<icon>DefaultShortcut.png</icon>
		<thumb />
		<action>ActivateWindow(Videos,"plugin://plugin.video.FlashTV/?url=%D7%A1%D7%93%D7%A8%D7%95%D7%AA%D7%A1%D7%93%D7%A8%D7%95%D7%AA+%D7%99%D7%A9%D7%A8%D7%90%D7%9C%D7%99%D7%95%D7%AA+%D7%93%D7%95%D7%A7%D7%95%D7%9E%D7%A0%D7%98%D7%A8%D7%99%D7%95%D7%AA&amp;mode=5&amp;name=%D7%A1%D7%93%D7%A8%D7%95%D7%AA+%D7%99%D7%A9%D7%A8%D7%90%D7%9C%D7%99%D7%95%D7%AA+%D7%93%D7%95%D7%A7%D7%95%D7%9E%D7%A0%D7%98%D7%A8%D7%99%D7%95%D7%AA&amp;iconimage=https%3A%2F%2Fkcat123.github.io%2FFTV%2FImages%2FDocumentary.TV-Shows-IL.jpg&amp;fanart=&amp;description=+&amp;count=0&amp;page=&amp;cat_level= &amp;index_depth=0&amp;selected_list= &amp;lang=eng",return)</action>
	</shortcut>
	<shortcut>
		<defaultID />
		<label>נוער</label>
		<label2>פריטים מותאמים אישית</label2>
		<icon>DefaultShortcut.png</icon>
		<thumb />
		<action>ActivateWindow(Videos,"plugin://plugin.video.FlashTV/?url=%D7%A1%D7%93%D7%A8%D7%95%D7%AA%D7%A1%D7%93%D7%A8%D7%95%D7%AA+%D7%99%D7%A9%D7%A8%D7%90%D7%9C%D7%99%D7%95%D7%AA+%D7%9C%D7%A0%D7%95%D7%A2%D7%A8&amp;mode=5&amp;name=%D7%A1%D7%93%D7%A8%D7%95%D7%AA+%D7%99%D7%A9%D7%A8%D7%90%D7%9C%D7%99%D7%95%D7%AA+%D7%9C%D7%A0%D7%95%D7%A2%D7%A8&amp;iconimage=https%3A%2F%2Fkcat123.github.io%2FFTV%2FImages%2FTV-Series-Young-IL.jpg&amp;fanart=&amp;description=+&amp;count=0&amp;page=&amp;cat_level= &amp;index_depth=0&amp;selected_list= &amp;lang=eng",return)</action>
	</shortcut>
	<shortcut>
		<defaultID />
		<label>הופעות</label>
		<label2>פריטים מותאמים אישית</label2>
		<icon>DefaultShortcut.png</icon>
		<thumb />
		<action>ActivateWindow(Videos,"plugin://plugin.video.FlashTV/?url=%D7%A9%D7%95%D7%A0%D7%95%D7%AA%D7%94%D7%95%D7%A4%D7%A2%D7%95%D7%AA&amp;mode=5&amp;name=%D7%94%D7%95%D7%A4%D7%A2%D7%95%D7%AA&amp;iconimage=https%3A%2F%2Fkcat123.github.io%2FFTV%2FImages%2FLive-Concerts.jpg&amp;fanart=&amp;description=+&amp;count=0&amp;page=&amp;cat_level= &amp;index_depth=0&amp;selected_list= &amp;lang=eng",return)</action>
	</shortcut>
	<shortcut>
		<defaultID />
		<label>פרקים אחרונים</label>
		<label2>פריטים מותאמים אישית</label2>
		<icon>DefaultShortcut.png</icon>
		<thumb />
		<action>ActivateWindow(Videos,"plugin://plugin.video.FlashTV/?url=tv&amp;mode=18&amp;name=%5BB%5D%5BCOLOR+burlywood%5D-%D7%90%D7%97%D7%A8%D7%95%D7%A0%D7%99%D7%9D+%5B%2FCOLOR%5D%5B%2FB%5D%5BB%5D%5BCOLOR+aqua%5D%D7%A4%D7%A8%D7%A7%D7%99%D7%9D-+%5B%2FCOLOR%5D%5B%2FB%5D&amp;iconimage=http%3A%2F%2Fngarba.xyz%2Fadds%2Fyos%2F24.jpg&amp;fanart=https%3A%2F%2Fimages.hdqwalls.com%2Fdownload%2Fassassins-creed-valhalla-female-eivor-axe-8k-bn-1920x1080.jpg&amp;description=&amp;count=0&amp;page=&amp;cat_level= &amp;index_depth=0&amp;selected_list= &amp;lang= ",return)</action>
	</shortcut>
</shortcuts>
