<?xml version='1.0' encoding='UTF-8'?>
<shortcuts>
	<shortcut>
		<defaultID />
		<label>סרן סרטים</label>
		<label2>פריטים מותאמים אישית</label2>
		<icon>DefaultShortcut.png</icon>
		<thumb />
		<action>ActivateWindow(Videos,"plugin://plugin.video.seren/?action=moviesHome&amp;from_widget=true",return)</action>
	</shortcut>
	<shortcut>
		<defaultID />
		<label>סרן סדרות</label>
		<label2>פריטים מותאמים אישית</label2>
		<icon>DefaultShortcut.png</icon>
		<thumb />
		<action>ActivateWindow(Videos,"plugin://plugin.video.seren/?action=showsHome&amp;from_widget=true",return)</action>
	</shortcut>
	<shortcut>
		<defaultID />
		<label>סרן חיפוש</label>
		<label2>פריטים מותאמים אישית</label2>
		<icon>DefaultShortcut.png</icon>
		<thumb />
		<action>ActivateWindow(Videos,"plugin://plugin.video.seren/?action=searchMenu&amp;from_widget=true",return)</action>
	</shortcut>
	<shortcut>
		<defaultID />
		<label>סרן הגדרות</label>
		<label2>פריטים מותאמים אישית</label2>
		<icon>DefaultShortcut.png</icon>
		<thumb />
		<action>ActivateWindow(Videos,"plugin://plugin.video.seren/?action=toolsMenu&amp;from_widget=true",return)</action>
	</shortcut>
</shortcuts>
