<?xml version='1.0' encoding='UTF-8'?>
<shortcuts>
	<shortcut>
		<defaultID>1037</defaultID>
		<label>מאגר סרטים</label>
		<label2>פריטים מותאמים אישית</label2>
		<icon>DefaultAddonVideo.png</icon>
		<thumb />
		<action>ActivateWindow(6804)</action>
	</shortcut>
	<shortcut>
		<defaultID>13013</defaultID>
		<label>עוד סרטים</label>
		<label2>פריטים מותאמים אישית</label2>
		<icon>Reboot.png</icon>
		<thumb />
		<action>ActivateWindow(6705)</action>
	</shortcut>
	<shortcut>
		<defaultID />
		<label>[COLOR burlywood]סרטים מסך ראשי[/COLOR]</label>
		<label2>פריטים מותאמים אישית</label2>
		<icon>DefaultShortcut.png</icon>
		<thumb />
		<action>Control.SetFocus(9202)</action>
	</shortcut>
</shortcuts>
