<?xml version='1.0' encoding='UTF-8'?>
<shortcuts>
	<shortcut>
		<defaultID />
		<label>[COLOR red]צי'קו סרטים אחרונים[/COLOR]</label>
		<label2>הרחבת וידאו</label2>
		<icon>DefaultShortcut.png</icon>
		<thumb>image://http%3a%2f%2fngarba.xyz%2fadds%2fyos%2f16.jpg/</thumb>
		<action>ActivateWindow(Videos,"plugin://plugin.video.CHICCO/?url=movie&amp;mode=18&amp;name=%5BB%5D%5BCOLOR+burlywood%5D-%D7%90%D7%97%D7%A8%D7%95%D7%A0%D7%99%D7%9D+%5B%2FCOLOR%5D%5B%2FB%5D%5BB%5D%5BCOLOR+aqua%5D%D7%A1%D7%A8%D7%98%D7%99%D7%9D-+%5B%2FCOLOR%5D%5B%2FB%5D&amp;iconimage=http%3A%2F%2Fngarba.xyz%2Fadds%2Fyos%2F16.jpg&amp;fanart=http%3A%2F%2Fsf.co.ua%2F12%2F09%2Fwallpaper-2230830.jpg&amp;description=&amp;count=0&amp;page=&amp;cat_level= &amp;index_depth=0&amp;selected_list= &amp;lang= ",return)</action>
	</shortcut>
	<shortcut>
		<defaultID>13013</defaultID>
		<label>מאגר הסרטים</label>
		<label2>פריטים מותאמים אישית</label2>
		<icon>Reboot.png</icon>
		<thumb />
		<action>ActivateWindow(6805)</action>
	</shortcut>
	<shortcut>
		<defaultID>13013</defaultID>
		<label>סרטים חדשים</label>
		<label2>פריטים מותאמים אישית</label2>
		<icon>Reboot.png</icon>
		<thumb />
		<action>ActivateWindow(6703)</action>
	</shortcut>
	<shortcut>
		<defaultID>31503</defaultID>
		<label>[COLOR burlywood]סרטים מסך ראשי[/COLOR]</label>
		<label2>פריטים מותאמים אישית</label2>
		<icon>DefaultShortcut.png</icon>
		<thumb />
		<action>Control.SetFocus(9202)</action>
	</shortcut>
	<shortcut>
		<defaultID>13013</defaultID>
		<label>סרטים 1</label>
		<label2>פריטים מותאמים אישית</label2>
		<icon>Reboot.png</icon>
		<thumb />
		<action>ActivateWindow(6708)</action>
	</shortcut>
	<shortcut>
		<defaultID>13013</defaultID>
		<label>סרטים 2</label>
		<label2>פריטים מותאמים אישית</label2>
		<icon>Reboot.png</icon>
		<thumb />
		<action>ActivateWindow(6709)</action>
	</shortcut>
	<shortcut>
		<defaultID>13013</defaultID>
		<label>סרטים 3</label>
		<label2>פריטים מותאמים אישית</label2>
		<icon>Reboot.png</icon>
		<thumb />
		<action>ActivateWindow(6710)</action>
	</shortcut>
	<shortcut>
		<defaultID>13013</defaultID>
		<label>סרטים 4</label>
		<label2>פריטים מותאמים אישית</label2>
		<icon>Reboot.png</icon>
		<thumb />
		<action>ActivateWindow(6103)</action>
	</shortcut>
	<shortcut>
		<defaultID>13013</defaultID>
		<label>סרטים 5</label>
		<label2>פריטים מותאמים אישית</label2>
		<icon>Reboot.png</icon>
		<thumb />
		<action>ActivateWindow(6104)</action>
	</shortcut>
	<shortcut>
		<defaultID>13013</defaultID>
		<label>סרטים 6</label>
		<label2>פריטים מותאמים אישית</label2>
		<icon>Reboot.png</icon>
		<thumb />
		<action>ActivateWindow(6105)</action>
	</shortcut>
	<shortcut>
		<defaultID>13013</defaultID>
		<label>סרטים ישראלים</label>
		<label2>פריטים מותאמים אישית</label2>
		<icon>Reboot.png</icon>
		<thumb />
		<action>ActivateWindow(6106)</action>
	</shortcut>
	<shortcut>
		<defaultID />
		<label>[COLOR yellow]חפש סרט[/COLOR]</label>
		<label2>הרחבת וידאו</label2>
		<icon>DefaultShortcut.png</icon>
		<thumb>image://C%3a%5cUsers%5cneta%5cAppData%5cRoaming%5cKodi%5caddons%5cplugin.video.mando%5cresources%5cartwork%2fsearch.png/</thumb>
		<action>ActivateWindow(Videos,"plugin://plugin.video.mando/?mode=5&amp;dates=+&amp;episode=+&amp;description=Search&amp;all_w=%7B%7D&amp;show_original_year=+&amp;fanart=https%3A%2F%2Fsearchengineland.com%2Ffigz%2Fwp-content%2Fseloads%2F2017%2F12%2Fcompare-seo-ss-1920-800x450.jpg&amp;heb_name=+&amp;iconimage=C%3A%5CUsers%5Cneta%5CAppData%5CRoaming%5CKodi%5Caddons%5Cplugin.video.mando%5Cresources%5Cartwork%2Fsearch.png&amp;original_title=+&amp;eng_name=+&amp;data=+&amp;url=www&amp;fav_status=false&amp;tmdbid=+&amp;season=+&amp;isr=0&amp;last_id=&amp;image_master=&amp;id=+&amp;name=%5BCOLOR+orange%5D%5BB%5D%D7%9E%D7%90%D7%A0%D7%93%D7%95+%5BCOLOR+aqua%5D+%D7%97%D7%99%D7%A4%D7%95%D7%A9+%5B%2FCOLOR%5D%5B%2FB%5D&amp;video_data=%7B%22rating%22%3A+%220%22%2C+%22episode%22%3A+0%2C+%22title%22%3A+%22%5BCOLOR+orange%5D%5BB%5D%5Cu05de%5Cu05d0%5Cu05e0%5Cu05d3%5Cu05d5+%5BCOLOR+aqua%5D+%5Cu05d7%5Cu05d9%5Cu05e4%5Cu05d5%5Cu05e9+%5B%2FCOLOR%5D%5B%2FB%5D%22%2C+%22season%22%3A+0%2C+%22TVshowtitle%22%3A+%22%22%2C+%22mediatype%22%3A+%22movie%22%2C+%22plot%22%3A+%22Search%22%2C+%22OriginalTitle%22%3A+%22+%22%2C+%22Tag%22%3A+%22None%22%7D",return)</action>
	</shortcut>
</shortcuts>
