<?xml version='1.0' encoding='UTF-8'?>
<shortcuts>
	<shortcut>
		<defaultID>13013</defaultID>
		<label>מאגר הסרטים</label>
		<label2>פריטים מותאמים אישית</label2>
		<icon>Reboot.png</icon>
		<thumb />
		<action>ActivateWindow(6805)</action>
	</shortcut>
	<shortcut>
		<defaultID>13013</defaultID>
		<label>סרטים חדשים</label>
		<label2>פריטים מותאמים אישית</label2>
		<icon>Reboot.png</icon>
		<thumb />
		<action>ActivateWindow(6703)</action>
	</shortcut>
	<shortcut>
		<defaultID>31503</defaultID>
		<label>[COLOR burlywood]סרטים מסך ראשי[/COLOR]</label>
		<label2>פריטים מותאמים אישית</label2>
		<icon>DefaultShortcut.png</icon>
		<thumb />
		<action>Control.SetFocus(9202)</action>
	</shortcut>
	<shortcut>
		<defaultID>13013</defaultID>
		<label>סרטים 1</label>
		<label2>פריטים מותאמים אישית</label2>
		<icon>Reboot.png</icon>
		<thumb />
		<action>ActivateWindow(6708)</action>
	</shortcut>
	<shortcut>
		<defaultID>13013</defaultID>
		<label>סרטים 2</label>
		<label2>פריטים מותאמים אישית</label2>
		<icon>Reboot.png</icon>
		<thumb />
		<action>ActivateWindow(6709)</action>
	</shortcut>
	<shortcut>
		<defaultID>13013</defaultID>
		<label>סרטים 3</label>
		<label2>פריטים מותאמים אישית</label2>
		<icon>Reboot.png</icon>
		<thumb />
		<action>ActivateWindow(6710)</action>
	</shortcut>
	<shortcut>
		<defaultID>13013</defaultID>
		<label>סרטים 4</label>
		<label2>פריטים מותאמים אישית</label2>
		<icon>Reboot.png</icon>
		<thumb />
		<action>ActivateWindow(6103)</action>
	</shortcut>
	<shortcut>
		<defaultID>13013</defaultID>
		<label>סרטים 5</label>
		<label2>פריטים מותאמים אישית</label2>
		<icon>Reboot.png</icon>
		<thumb />
		<action>ActivateWindow(6104)</action>
	</shortcut>
	<shortcut>
		<defaultID>13013</defaultID>
		<label>סרטים 6</label>
		<label2>פריטים מותאמים אישית</label2>
		<icon>Reboot.png</icon>
		<thumb />
		<action>ActivateWindow(6105)</action>
	</shortcut>
	<shortcut>
		<defaultID>13013</defaultID>
		<label>סרטים ישראלים</label>
		<label2>פריטים מותאמים אישית</label2>
		<icon>Reboot.png</icon>
		<thumb />
		<action>ActivateWindow(6106)</action>
	</shortcut>
</shortcuts>
