<?xml version='1.0' encoding='UTF-8'?>
<shortcuts>
	<shortcut>
		<defaultID>13013</defaultID>
		<label>ערוצי עידן פלוס</label>
		<label2>פריטים מותאמים אישית</label2>
		<icon>Reboot.png</icon>
		<thumb />
		<action>Control.SetFocus(9203)</action>
	</shortcut>
	<shortcut>
		<defaultID>13013</defaultID>
		<label>רשת פ.אחרונים</label>
		<label2>פריטים מותאמים אישית</label2>
		<icon>Reboot.png</icon>
		<thumb />
		<action>Control.SetFocus(6606)</action>
	</shortcut>
	<shortcut>
		<defaultID />
		<label>[COLOR burlywood]סדרות מסך ראשי[/COLOR]</label>
		<label2>פריטים מותאמים אישית</label2>
		<icon>DefaultShortcut.png</icon>
		<thumb />
		<action>Control.SetFocus(9202)</action>
	</shortcut>
	<shortcut>
		<defaultID>13013</defaultID>
		<label>קשת 12 ויאודי</label>
		<label2>פריטים מותאמים אישית</label2>
		<icon>Reboot.png</icon>
		<thumb />
		<action>Control.SetFocus(9316)</action>
	</shortcut>
	<shortcut>
		<defaultID>13013</defaultID>
		<label>רשת 13 ויאודי</label>
		<label2>פריטים מותאמים אישית</label2>
		<icon>Reboot.png</icon>
		<thumb />
		<action>Control.SetFocus(9315)</action>
	</shortcut>
	<shortcut>
		<defaultID>13013</defaultID>
		<label>כאן 11 ויאודי</label>
		<label2>פריטים מותאמים אישית</label2>
		<icon>Reboot.png</icon>
		<thumb />
		<action>Control.SetFocus(9317)</action>
	</shortcut>
	<shortcut>
		<defaultID>13013</defaultID>
		<label>[COLOR deepskyblue]לוח שידורים[/COLOR]</label>
		<label2>פריטים מותאמים אישית</label2>
		<icon>Reboot.png</icon>
		<thumb />
		<action>RunAddon(script.hebivueguide)</action>
	</shortcut>
	<shortcut>
		<defaultID />
		<label>[COLOR yellow]חפש תוכנית[/COLOR]</label>
		<label2>הרחבת וידאו</label2>
		<icon>DefaultShortcut.png</icon>
		<thumb>image://C%3a%5cUsers%5cneta%5cAppData%5cRoaming%5cKodi%5caddons%5cplugin.video.idanplus%5cicon.png/</thumb>
		<action>ActivateWindow(Videos,"plugin://plugin.video.idanplus/?moredata=&amp;name=%5BB%5D%D7%97%D7%99%D7%A4%D7%95%D7%A9+%D7%AA%D7%9B%D7%A0%D7%99%D7%95%D7%AA%5B%2FB%5D&amp;url=&amp;iconimage=C%253A%255CUsers%255Cneta%255CAppData%255CRoaming%255CKodi%255Caddons%255Cplugin.video.idanplus%255Cicon.png&amp;module=&amp;mode=4",return)</action>
	</shortcut>
</shortcuts>
