<favourites>
    <favourite name="כאן 11" thumb="https://diversityisrael.org.il/wp-content/uploads/kan-200x145.png">PlayMedia("plugin://plugin.video.playlistloader/?name=%D7%9B%D7%90%D7%9F+11&amp;url=https%3A%2F%2Fkan11w.media.kan.org.il%2Fhls%2Flive%2F2105694%2F2105694%2Fmaster.m3u8&amp;mode=3&amp;iconimage=https%3A%2F%2Fdiversityisrael.org.il%2Fwp-content%2Fuploads%2Fkan-200x145.png&amp;logos=&amp;cache=0&amp;uuid=0")</favourite>
    <favourite name="קשת 12" thumb="https://upload.wikimedia.org/wikipedia/commons/thumb/f/f0/Keshet12_2018.svg/1200px-Keshet12_2018.svg.png">PlayMedia("plugin://plugin.video.playlistloader/?name=%D7%A7%D7%A9%D7%AA+12&amp;url=https%3A%2F%2Fmako-streaming.akamaized.net%2Fstream%2Fhls%2Flive%2F2033791%2Fk12dvr%2Fprofile%2F2%2Fhdntl%3Dexp%3D1723136665~acl%3D%252f%2A~data%3Dhdntl~hmac%3D8a3ab6b5fad3adc07cc5d6a64483e2d56bc7a4510c727c0b68cb9e1dee4f83f0%2FprofileManifest.m3u8%3F_uid%3D78b173f8-eba6-4cd2-8e9b-04190d30ab58%26rK%3Da1%26_did%3Dd7b00fd6-098e-49dd-8a5f-87d35678d1cd&amp;mode=3&amp;iconimage=https%3A%2F%2Fupload.wikimedia.org%2Fwikipedia%2Fcommons%2Fthumb%2Ff%2Ff0%2FKeshet12_2018.svg%2F1200px-Keshet12_2018.svg.png&amp;logos=&amp;cache=0&amp;uuid=0")</favourite>
    <favourite name="רשת 13" thumb="https://upload.wikimedia.org/wikipedia/he/thumb/5/5a/Ch13logo.svg/1200px-Ch13logo.svg.png">PlayMedia("plugin://plugin.video.playlistloader/?name=%D7%A8%D7%A9%D7%AA+13&amp;url=http%3A%2F%2Fd198ztbnlup2iq.cloudfront.net%2Fout%2Fv1%2F2d9050c90fb94df8b78d1d98306a1a65%2Findex.m3u8&amp;mode=3&amp;iconimage=https%3A%2F%2Fupload.wikimedia.org%2Fwikipedia%2Fhe%2Fthumb%2F5%2F5a%2FCh13logo.svg%2F1200px-Ch13logo.svg.png&amp;logos=&amp;cache=0&amp;uuid=0")</favourite>
    <favourite name="ערוץ 14" thumb="https://www.now14.co.il/wp-content/uploads/2022/06/%D7%9C%D7%95%D7%92%D7%95-%D7%A9%D7%A7%D7%95%D7%A3-02-e1659629999469.png">PlayMedia("plugin://plugin.video.playlistloader/?name=%D7%A2%D7%A8%D7%95%D7%A5+14&amp;url=https%3A%2F%2Fch14-channel14-content.akamaized.net%2Fhls%2Flive%2F2104807%2FCH14_CHANNEL14%2F2%2FstreamPlaylist.m3u8&amp;mode=3&amp;iconimage=https%3A%2F%2Fwww.now14.co.il%2Fwp-content%2Fuploads%2F2022%2F06%2F%25D7%259C%25D7%2595%25D7%2592%25D7%2595-%25D7%25A9%25D7%25A7%25D7%2595%25D7%25A3-02-e1659629999469.png&amp;logos=&amp;cache=0&amp;uuid=0")</favourite>
    <favourite name="i24 hebrew" thumb="https://i.imgur.com/hnGgzEf.png">PlayMedia("plugin://plugin.video.playlistloader/?name=i24+hebrew&amp;url=https%3A%2F%2Fbcovlive-a.akamaihd.net%2F54b8e6b753e3409c91856201d1f08731%2Feu-central-1%2F5377161796001%2Fprofile_0%2Fchunklist.m3u8&amp;mode=3&amp;iconimage=https%3A%2F%2Fi.imgur.com%2FhnGgzEf.png&amp;logos=&amp;cache=0&amp;uuid=0")</favourite>
    <favourite name="Twilight" thumb="C:\Users\Netag\AppData\Roaming\Kodi\addons\plugin.video.twilight\resources\media\twilight_icon.png">RunAddon("plugin.video.twilight")</favourite>
    <favourite name="הרחבת טלמדיה" thumb="https://w7.pngwing.com/pngs/459/1006/png-transparent-telemedia-hd-logo.png">RunAddon("plugin.video.telemedia")</favourite>
    <favourite name="הרחבת מנדו" thumb="C:\Users\Netag\AppData\Roaming\Kodi\addons\plugin.video.mando\icon.png">RunAddon("plugin.video.mando")</favourite>
    <favourite name="TheMovieDb Helper" thumb="https://user-images.githubusercontent.com/62456796/177899206-f3f77d8c-833f-4968-aa31-fb360a600eb9.png">RunAddon("plugin.video.themoviedb.helper")</favourite>
    <favourite name="מלחמת הכוכבים: האקוליט" thumb="https://image.tmdb.org/t/p/w780/vgWg9kVfTrpBtZYOHSSscNpKjKJ.jpg">ActivateWindow(10025,"plugin://plugin.video.themoviedb.helper/?info=seasons&amp;tmdb_id=114479&amp;tmdb_type=tv",return)</favourite>
    <favourite name="מלחמת הכוכבים: צוות שלד" thumb="https://image.tmdb.org/t/p/w780/cQIqG3cKPYdW0jwE30q7RhulSPV.jpg">ActivateWindow(10025,"plugin://plugin.video.themoviedb.helper/?info=seasons&amp;tmdb_id=202879&amp;tmdb_type=tv",return)</favourite>
    <favourite name="לה פלמה" thumb="https://image.tmdb.org/t/p/w780/lnFqXgpG0vpstspzsC4bW70YgYw.jpg">ActivateWindow(10025,"plugin://plugin.video.themoviedb.helper/?info=seasons&amp;tmdb_id=242977&amp;tmdb_type=tv",return)</favourite>
    <favourite name="ריצ&apos;ר" thumb="https://image.tmdb.org/t/p/w780/7kR88uchsGKRwWEMagunkHjdMH9.jpg">ActivateWindow(10025,"plugin://plugin.video.themoviedb.helper/?info=seasons&amp;tmdb_id=108978&amp;tmdb_type=tv",return)</favourite>
    <favourite name="הרלן קובן: הנעדרים" thumb="https://image.tmdb.org/t/p/w780/ftEwAkzbS7CktShNl7Z54vAOTYn.jpg">ActivateWindow(10025,"plugin://plugin.video.themoviedb.helper/?info=seasons&amp;tmdb_id=244243&amp;tmdb_type=tv",return)</favourite>
    <favourite name="כראמל" thumb="https://image.tmdb.org/t/p/w780/fs7uxpYYD07ZoVsfAw521w7irBU.jpg">ActivateWindow(10025,"plugin://plugin.video.themoviedb.helper/?info=seasons&amp;tmdb_id=209760&amp;tmdb_type=tv",return)</favourite>

</favourites>
