<?xml version="1.0" encoding="UTF-8"?>
<!-- Foundation -->
<window id="1476" type="dialog">
    <defaultcontrol always="true">11</defaultcontrol>
    	<onload>ClearProperty(quicknavsetup,home)</onload>
	<onunload>ClearProperty(quicknavsetup,home)</onunload>	
    <controls>
    
        <control type="group">
            <visible>!Window.IsActive(DialogPVRGuideInfo.xml)</visible>
			<visible>!Window.IsActive(Textbox.xml)</visible>
            <animation effect="slide" start="-668" end="0" time="150" tween="quadratic">Visible</animation>
            <animation effect="slide" start="-668" end="0" time="150" tween="quadratic">WindowOpen</animation>
            <animation effect="slide" end="-668" start="0" time="150" tween="quadratic">Hidden</animation>
            <animation effect="slide" end="-668" start="0" time="150" tween="quadratic">WindowClose</animation>
            <control type="image">
                <left>-24</left>
                <top>-24</top>
                <bottom>-24</bottom>
                <width>605</width>
                <bordersize>24</bordersize>
                <bordertexture border="24">common/24-shadow.png</bordertexture>
                <texture border="5" colordiffuse="DialogBG">common/white.png</texture>
            </control>
			    <control type="image">
                <width>558</width>
                <height>109</height>
                <texture colordiffuse="red">common/white.png</texture>
            </control>
            <control type="label">
                <left>120</left>
                <top>10</top>  
                <width>328</width>
                <height>128</height>
              <label>ערוצי הנוקם</label>
			  <textcolor>white</textcolor>
			  <font>Font-ListInfo-Bold1</font>
            </control>
            <control type="label">
                <left>30</left>
                <top>pad</top>
                <width>400</width>
                <height>70</height>
                <align>left</align>
                <font>Font-WidgetInfoTitle</font>
                <label>$INFO[VideoPlayer.ChannelGroup]</label>
            </control>
            <control type="label">
                <left>200</left>
                <top>-10</top>
                <height>70</height>
                <width>400</width>
                <align>left</align>
                <font>Font-ListInfo-Bold</font>
				<textcolor>white</textcolor>
                <label>$INFO[Container(11).NumItems,,  $LOCALIZE[19019]]</label>
            </control>

            <control type="list" id="11">
                <left>0</left>
                <top>120</top>
                <height>980</height>
                <width>670</width>
                <onleft>PreviousChannelGroup</onleft>
                <onright>NextChannelGroup</onright>
                <orientation>vertical</orientation>
                <itemlayout height="120" width="670">
                    <control type="image">
                        <width>100%</width>
                        <height>100%</height>
                        <texture colordiffuse="0fffffff">common/selected.png</texture>
                        <aspectratio>scale</aspectratio>
                        <visible>ListItem.IsPlaying</visible>
                    </control>
                    <control type="image">
                        <left>22</left>
                        <top>12</top>  
                        <width>85</width>
                        <height>85</height>
                        <texture>$INFO[ListItem.Thumb]</texture>
                        <aspectratio>keep</aspectratio>
                    </control>
                    <control type="label">
                        <left>560</left>
                        <width>70</width>
                        <height>70</height>
                        <align>left</align>
<!-- Modification Label -->                        
                        <label>$INFO[ListItem.ChannelNumberLabel]</label>
                        <selectedcolor>ListLabel</selectedcolor>
                    </control>
                    <control type="label">
                        <left>138</left>
                        <top>50</top>
                        <width>400</width>
                        <height>18</height>
						 <align>right</align>
                        <reveal>true</reveal>
                        <label>$INFO[ListItem.Label]</label>
                    </control>
                    <control type="label">
                        <left>130</left>
                        <height>70</height>
                        <width>400</width>
                        <align>left</align>
                        <textcolor>ListLabel</textcolor>
                        <label>$INFO[ListItem.ChannelName]</label>
                        <selectedcolor>ListLabel</selectedcolor>
                    </control>
                </itemlayout>
                <focusedlayout height="120" width="670">
                    <control type="image">
                        <width>558</width>
                        <height>109</height>
                        <texture colordiffuse="$VAR[HighlightColor]">common/white.png</texture>
                    </control>
                    <control type="image">
                        <width>100%</width>
                        <height>100%</height>
                        <texture colordiffuse="1fffffff">common/selected.png</texture>
                        <aspectratio>scale</aspectratio>
                        <visible>ListItem.IsPlaying</visible>
                    </control>
                    <control type="image">
                        <left>22</left>
                        <top>12</top>  
                        <width>85</width>
                        <height>85</height>
                        <texture>$INFO[ListItem.Thumb]</texture>
                        <aspectratio>keep</aspectratio>
                    </control>
                    <control type="label">
                        <left>560</left>
                        <width>70</width>
                        <height>70</height>
                        <align>left</align>
<!-- Modification Label -->                        
                        <label>$INFO[ListItem.ChannelNumberLabel]</label>
                        <selectedcolor>Selected</selectedcolor>
                        <textcolor>Selected</textcolor>
                    </control>
                    <control type="label">
                        <left>138</left>
                        <top>50</top>
                       <width>400</width>
                        <height>18</height>
						 <align>right</align>
                        <reveal>true</reveal>
                        <label>$INFO[ListItem.Label]</label>
                    </control>
                    <control type="label">
                        <left>130</left>
                        <height>70</height>
                        <width>400</width>
                        <align>left</align>
                        <textcolor>Selected</textcolor>
                        <label>$INFO[ListItem.ChannelName]</label>
                        <selectedcolor>Selected</selectedcolor>
                    </control>
                </focusedlayout>
					<content>plugin://plugin.video.TheFirstAvenger/?cat_level=%20&amp;count=0&amp;description&amp;fanart=https%3a%2f%2fwww.planwallpaper.com%2fstatic%2fimages%2fHawaii-Beach-Wallpaper-HD.jpg&amp;iconimage=https%3a%2f%2fi.imgur.com%2fklS5n6b.png&amp;index_depth=0&amp;lang=%20&amp;mode=13&amp;name=%5bCOLOR%20aqua%5d%d7%a2%d7%a8%d7%95%d7%a6%d7%99%20%d7%a6%d7%a4%d7%99%d7%99%d7%94%5b%2fCOLOR%5d&amp;page&amp;selected_list=%20&amp;url=tv&quot</content>
			</control>
        </control>
    </controls>

</window>
