<?xml version="1.0" encoding="UTF-8"?>
<!-- Foundation -->
<window id="1143" type="dialog">

    <defaultcontrol always="true">10</defaultcontrol>
   	<onload>ClearProperty(quicknavsetup,home)</onload>
	<onunload>ClearProperty(quicknavsetup,home)</onunload>	
	<preloaditems>2</preloaditems>
	<controls>
    
        <control type="group">
            <visible>!Window.IsActive(DialogPVRGuideInfo.xml)</visible>
			<visible>!Window.IsActive(Textbox.xml)</visible>
			<visible>Control.HasFocus(10)</visible>
           <control type="image">
				<posx>-25</posx>
				<posy>60</posy>	
                <width>615</width>
				<height>945</height>
                <bordersize>3</bordersize>
                <bordertexture border="1" colordiffuse="gray">common/white.png</bordertexture>
                <texture border="1" colordiffuse="DialogBG">common/white.png</texture>
            </control>
	
            <control type="label">
                <left>30</left>
                <top>pad</top>
                <width>400</width>
                <height>70</height>
                <align>left</align>
                <font>Font-WidgetInfoTitle</font>
                <label>$INFO[VideoPlayer.ChannelGroup]</label>
            </control>



           <control type="list" id="10">
                <left>0</left>
                <top>80</top>
                <height>920</height>
                <width>670</width>
                <onleft>PreviousChannelGroup</onleft>
                <onright>NextChannelGroup</onright>
                <orientation>vertical</orientation>
				<onleft>SetFocus(15)</onleft>
				<onright>SetFocus(11)</onright>
                <itemlayout height="120" width="670">
                    <control type="image">
                        <width>100%</width>
                        <height>100%</height>
                        <texture colordiffuse="0fffffff">common/selected.png</texture>
                        <aspectratio>scale</aspectratio>
                        <visible>ListItem.IsPlaying</visible>
                    </control>
                    <control type="image">
                        <left>22</left>
                        <top>12</top>  
                        <width>85</width>
                        <height>85</height>
                        <texture>$INFO[ListItem.Thumb]</texture>
                        <aspectratio>keep</aspectratio>
                    </control>
                    <control type="label">
                        <left>560</left>
                        <width>70</width>
                        <height>70</height>
                        <align>left</align>
<!-- Modification Label -->                        
                        <label>$INFO[ListItem.ChannelNumberLabel]</label>
                        <selectedcolor>ListLabel</selectedcolor>
                    </control>
       <!--             <control type="label">
                        <left>138</left>
                        <top>50</top>
                        <width>400</width>
                        <height>18</height>
						 <align>right</align>
                        <reveal>true</reveal>
                        <label>$INFO[ListItem.Label]</label>
                    </control>-->
                    <control type="label">
                        <left>130</left>
                        <height>70</height>
                        <width>400</width>
                        <align>left</align>
                        <textcolor>ListLabel</textcolor>
                        <label>$INFO[ListItem.ChannelName]</label>
                        <selectedcolor>ListLabel</selectedcolor>
                    </control>
                    <control type="label">
                        <left>130</left>
                        <top>40</top>
                        <width>400</width>
                        <height>70</height>
                        <align>left</align>
                        <font>Font-ListInfo</font>
                        <textcolor>ListLabel</textcolor>
                        <label>$INFO[ListItem.Title]</label>
                        <selectedcolor>ListLabel</selectedcolor>
                    </control>
                </itemlayout>
                <focusedlayout height="120" width="670">
                    <control type="image">
                        <width>578</width>
                        <height>109</height>
                        <texture colordiffuse="$VAR[HighlightColor]">common/white.png</texture>
						<visible>Control.HasFocus(10)</visible>
                    </control>
                    <control type="image">
                        <width>100%</width>
                        <height>100%</height>
                        <texture colordiffuse="1fffffff">common/selected.png</texture>
                        <aspectratio>scale</aspectratio>
                        <visible>ListItem.IsPlaying</visible>
                    </control>
                    <control type="image">
                        <left>22</left>
                        <top>12</top>  
                        <width>85</width>
                        <height>85</height>
                        <texture>$INFO[ListItem.Thumb]</texture>
                        <aspectratio>keep</aspectratio>
                    </control>
                    <control type="label">
                        <left>560</left>
                        <width>70</width>
                        <height>70</height>
                        <align>left</align>
<!-- Modification Label -->                        
                        <label>$INFO[ListItem.ChannelNumberLabel]</label>
                        <selectedcolor>Selected</selectedcolor>
                        <textcolor>Selected</textcolor>
                    </control>
       <!--             <control type="label">
                        <left>138</left>
                        <top>50</top>
                       <width>400</width>
                        <height>18</height>
						 <align>right</align>
                        <reveal>true</reveal>
                        <label>$INFO[ListItem.Label]</label>
                    </control>-->
                    <control type="label">
                        <left>130</left>
                        <height>70</height>
                        <width>400</width>
                        <align>left</align>
                        <textcolor>Selected</textcolor>
                        <label>$INFO[ListItem.ChannelName]</label>
                        <selectedcolor>Selected</selectedcolor>
                    </control>
                    <control type="label">
                        <left>130</left>
                        <top>40</top>
                        <width>400</width>
                        <height>70</height>
                        <align>left</align>
                        <font>Font-ListInfo</font>
                        <textcolor>Selected</textcolor>
                        <label>$INFO[ListItem.Title]</label>
                        <selectedcolor>Selected</selectedcolor>
                    </control>
                </focusedlayout>
				<content>plugin://plugin.video.ember/?description=%d7%9b%d7%aa%d7%95%d7%91%d7%99%d7%95%d7%aa%20%d7%90%d7%97%d7%a8%d7%95%d7%a0%d7%95%d7%aa&amp;fanart=https%3a%2f%2fimages2.alphacoders.com%2f155%2f155240.jpg&amp;generes=%20&amp;iconimage=https%3a%2f%2fallsizewallpapers.files.wordpress.com%2f2012%2f07%2ffuturistic-city-wallpaper-2560x1600.jpg&amp;id=%20&amp;imdb=%20&amp;mode=2&amp;name=%d7%9b%d7%aa%d7%95%d7%91%d7%99%d7%95%d7%aa%20%d7%90%d7%97%d7%a8%d7%95%d7%a0%d7%95%d7%aa&amp;original_title=%20&amp;rating=%20&amp;season=%20&amp;url=www&amp;year=%20&quot</content>
			</control>
        </control>
		</controls>
		
		
    <defaultcontrol always="true">11</defaultcontrol>
    	<onload>ClearProperty(quicknavsetup,home)</onload>
	<onunload>ClearProperty(quicknavsetup,home)</onunload>	
	    <preloaditems>2</preloaditems>
    <controls>
    
        <control type="group">
            <visible>!Window.IsActive(DialogPVRGuideInfo.xml)</visible>
			<visible>!Window.IsActive(Textbox.xml)</visible>
			<visible>Control.HasFocus(11)</visible>
           <control type="image">
				<posx>-25</posx>
				<posy>60</posy>	
                <width>615</width>
				<height>945</height>
                <bordersize>3</bordersize>
                <bordertexture border="1" colordiffuse="gray">common/white.png</bordertexture>
                <texture border="1" colordiffuse="DialogBG">common/white.png</texture>
            </control>
	
            <control type="label">
                <left>30</left>
                <top>pad</top>
                <width>400</width>
                <height>70</height>
                <align>left</align>
                <font>Font-WidgetInfoTitle</font>
                <label>$INFO[VideoPlayer.ChannelGroup]</label>
            </control>



           <control type="list" id="11">
                <left>0</left>
                <top>80</top>
                <height>920</height>
                <width>670</width>
                <onleft>PreviousChannelGroup</onleft>
                <onright>NextChannelGroup</onright>
                <orientation>vertical</orientation>
				<onleft>SetFocus(10)</onleft>
				<onright>SetFocus(12)</onright>
                <itemlayout height="120" width="670">
                    <control type="image">
                        <width>100%</width>
                        <height>100%</height>
                        <texture colordiffuse="0fffffff">common/selected.png</texture>
                        <aspectratio>scale</aspectratio>
                        <visible>ListItem.IsPlaying</visible>
                    </control>
                    <control type="image">
                        <left>22</left>
                        <top>12</top>  
                        <width>85</width>
                        <height>85</height>
                        <texture>$INFO[ListItem.Thumb]</texture>
                        <aspectratio>keep</aspectratio>
                    </control>
                    <control type="label">
                        <left>560</left>
                        <width>70</width>
                        <height>70</height>
                        <align>left</align>
<!-- Modification Label -->                        
                        <label>$INFO[ListItem.ChannelNumberLabel]</label>
                        <selectedcolor>ListLabel</selectedcolor>
                    </control>
       <!--             <control type="label">
                        <left>138</left>
                        <top>50</top>
                        <width>400</width>
                        <height>18</height>
						 <align>right</align>
                        <reveal>true</reveal>
                        <label>$INFO[ListItem.Label]</label>
                    </control>-->
                    <control type="label">
                        <left>130</left>
                        <height>70</height>
                        <width>400</width>
                        <align>left</align>
                        <textcolor>ListLabel</textcolor>
                        <label>$INFO[ListItem.ChannelName]</label>
                        <selectedcolor>ListLabel</selectedcolor>
                    </control>
                    <control type="label">
                        <left>130</left>
                        <top>40</top>
                        <width>400</width>
                        <height>70</height>
                        <align>left</align>
                        <font>Font-ListInfo</font>
                        <textcolor>ListLabel</textcolor>
                        <label>$INFO[ListItem.Title]</label>
                        <selectedcolor>ListLabel</selectedcolor>
                    </control>
                </itemlayout>
                <focusedlayout height="120" width="670">
                    <control type="image">
                        <width>578</width>
                        <height>109</height>
                        <texture colordiffuse="$VAR[HighlightColor]">common/white.png</texture>
						<visible>Control.HasFocus(11)</visible>
                    </control>
                    <control type="image">
                        <width>100%</width>
                        <height>100%</height>
                        <texture colordiffuse="1fffffff">common/selected.png</texture>
                        <aspectratio>scale</aspectratio>
                        <visible>ListItem.IsPlaying</visible>
                    </control>
                    <control type="image">
                        <left>22</left>
                        <top>12</top>  
                        <width>85</width>
                        <height>85</height>
                        <texture>$INFO[ListItem.Thumb]</texture>
                        <aspectratio>keep</aspectratio>
                    </control>
                    <control type="label">
                        <left>560</left>
                        <width>70</width>
                        <height>70</height>
                        <align>left</align>
<!-- Modification Label -->                        
                        <label>$INFO[ListItem.ChannelNumberLabel]</label>
                        <selectedcolor>Selected</selectedcolor>
                        <textcolor>Selected</textcolor>
                    </control>
       <!--             <control type="label">
                        <left>138</left>
                        <top>50</top>
                       <width>400</width>
                        <height>18</height>
						 <align>right</align>
                        <reveal>true</reveal>
                        <label>$INFO[ListItem.Label]</label>
                    </control>-->
                    <control type="label">
                        <left>130</left>
                        <height>70</height>
                        <width>400</width>
                        <align>left</align>
                        <textcolor>Selected</textcolor>
                        <label>$INFO[ListItem.ChannelName]</label>
                        <selectedcolor>Selected</selectedcolor>
                    </control>
                    <control type="label">
                        <left>130</left>
                        <top>40</top>
                        <width>400</width>
                        <height>70</height>
                        <align>left</align>
                        <font>Font-ListInfo</font>
                        <textcolor>Selected</textcolor>
                        <label>$INFO[ListItem.Title]</label>
                        <selectedcolor>Selected</selectedcolor>
                    </control>
                </focusedlayout>
					<content>plugin://plugin.video.ember/?description=%5bCOLOR%20aqua%5d%5bI%5d%d7%a2%d7%9e%d7%95%d7%93%20%d7%94%d7%91%d7%90%5b%2fI%5d%5b%2fCOLOR%5d&amp;fanart=%20&amp;generes=%20&amp;iconimage=%20&amp;id=%20&amp;imdb=%20&amp;mode=2&amp;name=%5bCOLOR%20aqua%5d%5bI%5d%d7%a2%d7%9e%d7%95%d7%93%20%d7%94%d7%91%d7%90%5b%2fI%5d%5b%2fCOLOR%5d&amp;original_title=%20&amp;rating=%20&amp;season=%20&amp;url=https%3a%2f%2fwww.screwzira.com%2fBrowseFilms.aspx%3fResultsPerPage%3d100%26Page%3d2&amp;year=%20&quot</content>
			</control>
        </control>
		</controls>
		
		    <defaultcontrol always="true">12</defaultcontrol>
    	<onload>ClearProperty(quicknavsetup,home)</onload>
	<onunload>ClearProperty(quicknavsetup,home)</onunload>	
	    <preloaditems>2</preloaditems>
    <controls>
    
        <control type="group">
            <visible>!Window.IsActive(DialogPVRGuideInfo.xml)</visible>
			<visible>!Window.IsActive(Textbox.xml)</visible>
			<visible>Control.HasFocus(12)</visible>
           <control type="image">
				<posx>-25</posx>
				<posy>60</posy>	
                <width>615</width>
				<height>945</height>
                <bordersize>3</bordersize>
                <bordertexture border="1" colordiffuse="gray">common/white.png</bordertexture>
                <texture border="1" colordiffuse="DialogBG">common/white.png</texture>
            </control>
	
            <control type="label">
                <left>30</left>
                <top>pad</top>
                <width>400</width>
                <height>70</height>
                <align>left</align>
                <font>Font-WidgetInfoTitle</font>
                <label>$INFO[VideoPlayer.ChannelGroup]</label>
            </control>



           <control type="list" id="12">
                <left>0</left>
                <top>80</top>
                <height>920</height>
                <width>670</width>
                <onleft>PreviousChannelGroup</onleft>
                <onright>NextChannelGroup</onright>
                <orientation>vertical</orientation>
				<onleft>SetFocus(11)</onleft>
				<onright>SetFocus(13)</onright>
                <itemlayout height="120" width="670">
                    <control type="image">
                        <width>100%</width>
                        <height>100%</height>
                        <texture colordiffuse="0fffffff">common/selected.png</texture>
                        <aspectratio>scale</aspectratio>
                        <visible>ListItem.IsPlaying</visible>
                    </control>
                    <control type="image">
                        <left>22</left>
                        <top>12</top>  
                        <width>85</width>
                        <height>85</height>
                        <texture>$INFO[ListItem.Thumb]</texture>
                        <aspectratio>keep</aspectratio>
                    </control>
                    <control type="label">
                        <left>560</left>
                        <width>70</width>
                        <height>70</height>
                        <align>left</align>
<!-- Modification Label -->                        
                        <label>$INFO[ListItem.ChannelNumberLabel]</label>
                        <selectedcolor>ListLabel</selectedcolor>
                    </control>
       <!--             <control type="label">
                        <left>138</left>
                        <top>50</top>
                        <width>400</width>
                        <height>18</height>
						 <align>right</align>
                        <reveal>true</reveal>
                        <label>$INFO[ListItem.Label]</label>
                    </control>-->
                    <control type="label">
                        <left>130</left>
                        <height>70</height>
                        <width>400</width>
                        <align>left</align>
                        <textcolor>ListLabel</textcolor>
                        <label>$INFO[ListItem.ChannelName]</label>
                        <selectedcolor>ListLabel</selectedcolor>
                    </control>
                    <control type="label">
                        <left>130</left>
                        <top>40</top>
                        <width>400</width>
                        <height>70</height>
                        <align>left</align>
                        <font>Font-ListInfo</font>
                        <textcolor>ListLabel</textcolor>
                        <label>$INFO[ListItem.Title]</label>
                        <selectedcolor>ListLabel</selectedcolor>
                    </control>
                </itemlayout>
                <focusedlayout height="120" width="670">
                    <control type="image">
                        <width>578</width>
                        <height>109</height>
                        <texture colordiffuse="$VAR[HighlightColor]">common/white.png</texture>
						<visible>Control.HasFocus(12)</visible>
                    </control>
                    <control type="image">
                        <width>100%</width>
                        <height>100%</height>
                        <texture colordiffuse="1fffffff">common/selected.png</texture>
                        <aspectratio>scale</aspectratio>
                        <visible>ListItem.IsPlaying</visible>
                    </control>
                    <control type="image">
                        <left>22</left>
                        <top>12</top>  
                        <width>85</width>
                        <height>85</height>
                        <texture>$INFO[ListItem.Thumb]</texture>
                        <aspectratio>keep</aspectratio>
                    </control>
                    <control type="label">
                        <left>560</left>
                        <width>70</width>
                        <height>70</height>
                        <align>left</align>
<!-- Modification Label -->                        
                        <label>$INFO[ListItem.ChannelNumberLabel]</label>
                        <selectedcolor>Selected</selectedcolor>
                        <textcolor>Selected</textcolor>
                    </control>
       <!--             <control type="label">
                        <left>138</left>
                        <top>50</top>
                       <width>400</width>
                        <height>18</height>
						 <align>right</align>
                        <reveal>true</reveal>
                        <label>$INFO[ListItem.Label]</label>
                    </control>-->
                    <control type="label">
                        <left>130</left>
                        <height>70</height>
                        <width>400</width>
                        <align>left</align>
                        <textcolor>Selected</textcolor>
                        <label>$INFO[ListItem.ChannelName]</label>
                        <selectedcolor>Selected</selectedcolor>
                    </control>
                    <control type="label">
                        <left>130</left>
                        <top>40</top>
                        <width>400</width>
                        <height>70</height>
                        <align>left</align>
                        <font>Font-ListInfo</font>
                        <textcolor>Selected</textcolor>
                        <label>$INFO[ListItem.Title]</label>
                        <selectedcolor>Selected</selectedcolor>
                    </control>
                </focusedlayout>
					<content>plugin://plugin.video.ember/?description=%5bCOLOR%20aqua%5d%5bI%5d%d7%a2%d7%9e%d7%95%d7%93%20%d7%94%d7%91%d7%90%5b%2fI%5d%5b%2fCOLOR%5d&amp;fanart=%20&amp;generes=%20&amp;iconimage=%20&amp;id=%20&amp;imdb=%20&amp;mode=2&amp;name=%5bCOLOR%20aqua%5d%5bI%5d%d7%a2%d7%9e%d7%95%d7%93%20%d7%94%d7%91%d7%90%5b%2fI%5d%5b%2fCOLOR%5d&amp;original_title=%20&amp;rating=%20&amp;season=%20&amp;url=https%3a%2f%2fwww.screwzira.com%2fBrowseFilms.aspx%3fResultsPerPage%3d100%26Page%3d3&amp;year=%20&quot</content>
			</control>
        </control>
		</controls>

    <defaultcontrol always="true">13</defaultcontrol>
    	<onload>ClearProperty(quicknavsetup,home)</onload>
	<onunload>ClearProperty(quicknavsetup,home)</onunload>	
	    <preloaditems>2</preloaditems>
    <controls>
    
        <control type="group">
            <visible>!Window.IsActive(DialogPVRGuideInfo.xml)</visible>
			<visible>!Window.IsActive(Textbox.xml)</visible>
			<visible>Control.HasFocus(13)</visible>
           <control type="image">
				<posx>-25</posx>
				<posy>60</posy>	
                <width>615</width>
				<height>945</height>
                <bordersize>3</bordersize>
                <bordertexture border="1" colordiffuse="gray">common/white.png</bordertexture>
                <texture border="1" colordiffuse="DialogBG">common/white.png</texture>
            </control>
	
            <control type="label">
                <left>30</left>
                <top>pad</top>
                <width>400</width>
                <height>70</height>
                <align>left</align>
                <font>Font-WidgetInfoTitle</font>
                <label>$INFO[VideoPlayer.ChannelGroup]</label>
            </control>



           <control type="list" id="13">
                <left>0</left>
                <top>80</top>
                <height>920</height>
                <width>670</width>
                <onleft>PreviousChannelGroup</onleft>
                <onright>NextChannelGroup</onright>
                <orientation>vertical</orientation>
				<onleft>SetFocus(12)</onleft>
				<onright>SetFocus(14)</onright>
                <itemlayout height="120" width="670">
                    <control type="image">
                        <width>100%</width>
                        <height>100%</height>
                        <texture colordiffuse="0fffffff">common/selected.png</texture>
                        <aspectratio>scale</aspectratio>
                        <visible>ListItem.IsPlaying</visible>
                    </control>
                    <control type="image">
                        <left>22</left>
                        <top>12</top>  
                        <width>85</width>
                        <height>85</height>
                        <texture>$INFO[ListItem.Thumb]</texture>
                        <aspectratio>keep</aspectratio>
                    </control>
                    <control type="label">
                        <left>560</left>
                        <width>70</width>
                        <height>70</height>
                        <align>left</align>
<!-- Modification Label -->                        
                        <label>$INFO[ListItem.ChannelNumberLabel]</label>
                        <selectedcolor>ListLabel</selectedcolor>
                    </control>
       <!--             <control type="label">
                        <left>138</left>
                        <top>50</top>
                        <width>400</width>
                        <height>18</height>
						 <align>right</align>
                        <reveal>true</reveal>
                        <label>$INFO[ListItem.Label]</label>
                    </control>-->
                    <control type="label">
                        <left>130</left>
                        <height>70</height>
                        <width>400</width>
                        <align>left</align>
                        <textcolor>ListLabel</textcolor>
                        <label>$INFO[ListItem.ChannelName]</label>
                        <selectedcolor>ListLabel</selectedcolor>
                    </control>
                    <control type="label">
                        <left>130</left>
                        <top>40</top>
                        <width>400</width>
                        <height>70</height>
                        <align>left</align>
                        <font>Font-ListInfo</font>
                        <textcolor>ListLabel</textcolor>
                        <label>$INFO[ListItem.Title]</label>
                        <selectedcolor>ListLabel</selectedcolor>
                    </control>
                </itemlayout>
                <focusedlayout height="120" width="670">
                    <control type="image">
                        <width>578</width>
                        <height>109</height>
                        <texture colordiffuse="$VAR[HighlightColor]">common/white.png</texture>
						<visible>Control.HasFocus(13)</visible>
                    </control>
                    <control type="image">
                        <width>100%</width>
                        <height>100%</height>
                        <texture colordiffuse="1fffffff">common/selected.png</texture>
                        <aspectratio>scale</aspectratio>
                        <visible>ListItem.IsPlaying</visible>
                    </control>
                    <control type="image">
                        <left>22</left>
                        <top>12</top>  
                        <width>85</width>
                        <height>85</height>
                        <texture>$INFO[ListItem.Thumb]</texture>
                        <aspectratio>keep</aspectratio>
                    </control>
                    <control type="label">
                        <left>560</left>
                        <width>70</width>
                        <height>70</height>
                        <align>left</align>
<!-- Modification Label -->                        
                        <label>$INFO[ListItem.ChannelNumberLabel]</label>
                        <selectedcolor>Selected</selectedcolor>
                        <textcolor>Selected</textcolor>
                    </control>
       <!--             <control type="label">
                        <left>138</left>
                        <top>50</top>
                       <width>400</width>
                        <height>18</height>
						 <align>right</align>
                        <reveal>true</reveal>
                        <label>$INFO[ListItem.Label]</label>
                    </control>-->
                    <control type="label">
                        <left>130</left>
                        <height>70</height>
                        <width>400</width>
                        <align>left</align>
                        <textcolor>Selected</textcolor>
                        <label>$INFO[ListItem.ChannelName]</label>
                        <selectedcolor>Selected</selectedcolor>
                    </control>
                    <control type="label">
                        <left>130</left>
                        <top>40</top>
                        <width>400</width>
                        <height>70</height>
                        <align>left</align>
                        <font>Font-ListInfo</font>
                        <textcolor>Selected</textcolor>
                        <label>$INFO[ListItem.Title]</label>
                        <selectedcolor>Selected</selectedcolor>
                    </control>
                </focusedlayout>
					<content>plugin://plugin.video.ember/?description=%5bCOLOR%20aqua%5d%5bI%5d%d7%a2%d7%9e%d7%95%d7%93%20%d7%94%d7%91%d7%90%5b%2fI%5d%5b%2fCOLOR%5d&amp;fanart=%20&amp;generes=%20&amp;iconimage=%20&amp;id=%20&amp;imdb=%20&amp;mode=2&amp;name=%5bCOLOR%20aqua%5d%5bI%5d%d7%a2%d7%9e%d7%95%d7%93%20%d7%94%d7%91%d7%90%5b%2fI%5d%5b%2fCOLOR%5d&amp;original_title=%20&amp;rating=%20&amp;season=%20&amp;url=https%3a%2f%2fwww.screwzira.com%2fBrowseFilms.aspx%3fResultsPerPage%3d100%26Page%3d4&amp;year=%20&quot</content>
			</control>
        </control>
		</controls>
		
    <defaultcontrol always="true">14</defaultcontrol>
    	<onload>ClearProperty(quicknavsetup,home)</onload>
	<onunload>ClearProperty(quicknavsetup,home)</onunload>	
	    <preloaditems>2</preloaditems>
    <controls>
    
        <control type="group">
            <visible>!Window.IsActive(DialogPVRGuideInfo.xml)</visible>
			<visible>!Window.IsActive(Textbox.xml)</visible>
			<visible>Control.HasFocus(14)</visible>
           <control type="image">
				<posx>-25</posx>
				<posy>60</posy>	
                <width>615</width>
				<height>945</height>
                <bordersize>3</bordersize>
                <bordertexture border="1" colordiffuse="gray">common/white.png</bordertexture>
                <texture border="1" colordiffuse="DialogBG">common/white.png</texture>
            </control>


            <control type="list" id="14">
                <left>0</left>
                <top>80</top>
                <height>920</height>
                <width>670</width>
                <onleft>PreviousChannelGroup</onleft>
                <onright>NextChannelGroup</onright>
                <orientation>vertical</orientation>
				<onleft>SetFocus(13)</onleft>
				<onright>SetFocus(15)</onright>
                <itemlayout height="120" width="670">
                    <control type="image">
                        <width>100%</width>
                        <height>100%</height>
                        <texture colordiffuse="0fffffff">common/selected.png</texture>
                        <aspectratio>scale</aspectratio>
                        <visible>ListItem.IsPlaying</visible>
                    </control>
                    <control type="image">
                        <left>22</left>
                        <top>12</top>  
                        <width>85</width>
                        <height>85</height>
                        <texture>$INFO[ListItem.Thumb]</texture>
                        <aspectratio>keep</aspectratio>
                    </control>
                    <control type="label">
                        <left>560</left>
                        <width>70</width>
                        <height>70</height>
                        <align>left</align>
<!-- Modification Label -->                        
                        <label>$INFO[ListItem.ChannelNumberLabel]</label>
                        <selectedcolor>ListLabel</selectedcolor>
                    </control>
       <!--             <control type="label">
                        <left>138</left>
                        <top>50</top>
                        <width>400</width>
                        <height>18</height>
						 <align>right</align>
                        <reveal>true</reveal>
                        <label>$INFO[ListItem.Label]</label>
                    </control>-->
                    <control type="label">
                        <left>130</left>
                        <height>70</height>
                        <width>400</width>
                        <align>left</align>
                        <textcolor>ListLabel</textcolor>
                        <label>$INFO[ListItem.ChannelName]</label>
                        <selectedcolor>ListLabel</selectedcolor>
                    </control>
                    <control type="label">
                        <left>130</left>
                        <top>40</top>
                        <width>400</width>
                        <height>70</height>
                        <align>left</align>
                        <font>Font-ListInfo</font>
                        <textcolor>ListLabel</textcolor>
                        <label>$INFO[ListItem.Title]</label>
                        <selectedcolor>ListLabel</selectedcolor>
                    </control>
                </itemlayout>
                <focusedlayout height="120" width="670">
                    <control type="image">
                        <width>578</width>
                        <height>109</height>
                        <texture colordiffuse="$VAR[HighlightColor]">common/white.png</texture>
						<visible>Control.HasFocus(14)</visible>
                    </control>
                    <control type="image">
                        <width>100%</width>
                        <height>100%</height>
                        <texture colordiffuse="1fffffff">common/selected.png</texture>
                        <aspectratio>scale</aspectratio>
                        <visible>ListItem.IsPlaying</visible>
                    </control>
                    <control type="image">
                        <left>22</left>
                        <top>12</top>  
                        <width>85</width>
                        <height>85</height>
                        <texture>$INFO[ListItem.Thumb]</texture>
                        <aspectratio>keep</aspectratio>
                    </control>
                    <control type="label">
                        <left>560</left>
                        <width>70</width>
                        <height>70</height>
                        <align>left</align>
<!-- Modification Label -->                        
                        <label>$INFO[ListItem.ChannelNumberLabel]</label>
                        <selectedcolor>Selected</selectedcolor>
                        <textcolor>Selected</textcolor>
                    </control>
       <!--             <control type="label">
                        <left>138</left>
                        <top>50</top>
                       <width>400</width>
                        <height>18</height>
						 <align>right</align>
                        <reveal>true</reveal>
                        <label>$INFO[ListItem.Label]</label>
                    </control>-->
                    <control type="label">
                        <left>130</left>
                        <height>70</height>
                        <width>400</width>
                        <align>left</align>
                        <textcolor>Selected</textcolor>
                        <label>$INFO[ListItem.ChannelName]</label>
                        <selectedcolor>Selected</selectedcolor>
                    </control>
                    <control type="label">
                        <left>130</left>
                        <top>40</top>
                        <width>400</width>
                        <height>70</height>
                        <align>left</align>
                        <font>Font-ListInfo</font>
                        <textcolor>Selected</textcolor>
                        <label>$INFO[ListItem.Title]</label>
                        <selectedcolor>Selected</selectedcolor>
                    </control>
                </focusedlayout>
					<content>plugin://plugin.video.ember/?description=%5bCOLOR%20aqua%5d%5bI%5d%d7%a2%d7%9e%d7%95%d7%93%20%d7%94%d7%91%d7%90%5b%2fI%5d%5b%2fCOLOR%5d&amp;fanart=%20&amp;generes=%20&amp;iconimage=%20&amp;id=%20&amp;imdb=%20&amp;mode=2&amp;name=%5bCOLOR%20aqua%5d%5bI%5d%d7%a2%d7%9e%d7%95%d7%93%20%d7%94%d7%91%d7%90%5b%2fI%5d%5b%2fCOLOR%5d&amp;original_title=%20&amp;rating=%20&amp;season=%20&amp;url=https%3a%2f%2fwww.screwzira.com%2fBrowseFilms.aspx%3fResultsPerPage%3d100%26Page%3d5&amp;year=%20&quot</content>
			</control>
        </control>		
		</controls>

    <defaultcontrol always="true">15</defaultcontrol>
    	<onload>ClearProperty(quicknavsetup,home)</onload>
	<onunload>ClearProperty(quicknavsetup,home)</onunload>	
	    <preloaditems>2</preloaditems>
    <controls>
    
        <control type="group">
            <visible>!Window.IsActive(DialogPVRGuideInfo.xml)</visible>
			<visible>!Window.IsActive(Textbox.xml)</visible>
			<visible>Control.HasFocus(15)</visible>
           <control type="image">
				<posx>-25</posx>
				<posy>60</posy>	
                <width>615</width>
				<height>945</height>
                <bordersize>3</bordersize>
                <bordertexture border="1" colordiffuse="gray">common/white.png</bordertexture>
                <texture border="1" colordiffuse="DialogBG">common/white.png</texture>
            </control>
	<!--		    <control type="image">
				<posx>100</posx>
				<posy>60</posy>
                <width>1345</width>
                <height>109</height>
                <texture colordiffuse="red">common/white.png</texture>
            </control>-->
					
            <control type="list" id="15">
                <left>0</left>
                <top>80</top>
                <height>920</height>
                <width>670</width>
                <onleft>PreviousChannelGroup</onleft>
                <onright>NextChannelGroup</onright>
                <orientation>vertical</orientation>
				<onleft>SetFocus(14)</onleft>
				<onright>SetFocus(10)</onright>
                <itemlayout height="120" width="670">
                    <control type="image">
                        <width>100%</width>
                        <height>100%</height>
                        <texture colordiffuse="0fffffff">common/selected.png</texture>
                        <aspectratio>scale</aspectratio>
                        <visible>ListItem.IsPlaying</visible>
                    </control>
                    <control type="image">
                        <left>22</left>
                        <top>12</top>  
                        <width>85</width>
                        <height>85</height>
                        <texture>$INFO[ListItem.Thumb]</texture>
                        <aspectratio>keep</aspectratio>
                    </control>
                    <control type="label">
                        <left>560</left>
                        <width>70</width>
                        <height>70</height>
                        <align>left</align>
<!-- Modification Label -->                        
                        <label>$INFO[ListItem.ChannelNumberLabel]</label>
                        <selectedcolor>ListLabel</selectedcolor>
                    </control>
       <!--             <control type="label">
                        <left>138</left>
                        <top>50</top>
                        <width>400</width>
                        <height>18</height>
						 <align>right</align>
                        <reveal>true</reveal>
                        <label>$INFO[ListItem.Label]</label>
                    </control>-->
                    <control type="label">
                        <left>130</left>
                        <height>70</height>
                        <width>400</width>
                        <align>left</align>
                        <textcolor>ListLabel</textcolor>
                        <label>$INFO[ListItem.ChannelName]</label>
                        <selectedcolor>ListLabel</selectedcolor>
                    </control>
                    <control type="label">
                        <left>130</left>
                        <top>40</top>
                        <width>400</width>
                        <height>70</height>
                        <align>left</align>
                        <font>Font-ListInfo</font>
                        <textcolor>ListLabel</textcolor>
                        <label>$INFO[ListItem.Title]</label>
                        <selectedcolor>ListLabel</selectedcolor>
                    </control>
                </itemlayout>
                <focusedlayout height="120" width="670">
                    <control type="image">
                        <width>578</width>
                        <height>109</height>
                        <texture colordiffuse="$VAR[HighlightColor]">common/white.png</texture>
						<visible>Control.HasFocus(15)</visible>
                    </control>
                    <control type="image">
                        <width>100%</width>
                        <height>100%</height>
                        <texture colordiffuse="1fffffff">common/selected.png</texture>
                        <aspectratio>scale</aspectratio>
                        <visible>ListItem.IsPlaying</visible>
                    </control>
                    <control type="image">
                        <left>22</left>
                        <top>12</top>  
                        <width>85</width>
                        <height>85</height>
                        <texture>$INFO[ListItem.Thumb]</texture>
                        <aspectratio>keep</aspectratio>
                    </control>
                    <control type="label">
                        <left>560</left>
                        <width>70</width>
                        <height>70</height>
                        <align>left</align>
<!-- Modification Label -->                        
                        <label>$INFO[ListItem.ChannelNumberLabel]</label>
                        <selectedcolor>Selected</selectedcolor>
                        <textcolor>Selected</textcolor>
                    </control>
       <!--             <control type="label">
                        <left>138</left>
                        <top>50</top>
                       <width>400</width>
                        <height>18</height>
						 <align>right</align>
                        <reveal>true</reveal>
                        <label>$INFO[ListItem.Label]</label>
                    </control>-->
                    <control type="label">
                        <left>130</left>
                        <height>70</height>
                        <width>400</width>
                        <align>left</align>
                        <textcolor>Selected</textcolor>
                        <label>$INFO[ListItem.ChannelName]</label>
                        <selectedcolor>Selected</selectedcolor>
                    </control>
                    <control type="label">
                        <left>130</left>
                        <top>40</top>
                        <width>400</width>
                        <height>70</height>
                        <align>left</align>
                        <font>Font-ListInfo</font>
                        <textcolor>Selected</textcolor>
                        <label>$INFO[ListItem.Title]</label>
                        <selectedcolor>Selected</selectedcolor>
                    </control>
                </focusedlayout>
				<content>plugin://plugin.video.ember/?description=%5bCOLOR%20aqua%5d%5bI%5d%d7%a2%d7%9e%d7%95%d7%93%20%d7%94%d7%91%d7%90%5b%2fI%5d%5b%2fCOLOR%5d&amp;fanart=%20&amp;generes=%20&amp;iconimage=%20&amp;id=%20&amp;imdb=%20&amp;mode=2&amp;name=%5bCOLOR%20aqua%5d%5bI%5d%d7%a2%d7%9e%d7%95%d7%93%20%d7%94%d7%91%d7%90%5b%2fI%5d%5b%2fCOLOR%5d&amp;original_title=%20&amp;rating=%20&amp;season=%20&amp;url=https%3a%2f%2fwww.screwzira.com%2fBrowseFilms.aspx%3fResultsPerPage%3d100%26Page%3d6&amp;year=%20&quot</content>
			</control>
        </control>		
	
			<control type="group">
			<visible>!Player.HasVideo</visible>
			<control type="image">
			<posx>580</posx>
			<posy>60</posy>
			<height>945</height>
			<width>1340</width>
            <bordersize>3</bordersize>
            <bordertexture border="1" colordiffuse="gray">common/white.png</bordertexture>
            <texture border="5" colordiffuse="DialogBG">common/white.png</texture>
            </control>
			
<!--BACKGROUND LIST IMAGE-->	


			<control type="image">
			<visible>Control.HasFocus(10)</visible>
			<posx>585</posx>
			<posy>65</posy>
            <width>1330</width>
            <height>109</height>
            <texture colordiffuse="green">common/white.png</texture>
            </control>
			
		    <control type="image">
			<visible>Control.HasFocus(11)</visible>
			<posx>585</posx>
			<posy>65</posy>
            <width>1330</width>
            <height>109</height>
            <texture colordiffuse="red">common/white.png</texture>
            </control>
		
			<control type="image">
			<visible>Control.HasFocus(12)</visible>
			<posx>585</posx>
			<posy>65</posy>
            <width>1330</width>
            <height>109</height>
            <texture colordiffuse="orange">common/white.png</texture>
            </control>		
			
			<control type="image">
			<visible>Control.HasFocus(13)</visible>
			<posx>585</posx>
			<posy>65</posy>
            <width>1330</width>
            <height>109</height>
            <texture colordiffuse="green">common/white.png</texture>
            </control>
			
		    <control type="image">
			<visible>Control.HasFocus(14)</visible>
			<posx>585</posx>
			<posy>65</posy>
            <width>1330</width>
            <height>109</height>
            <texture colordiffuse="red">common/white.png</texture>
            </control>
		
			<control type="image">
			<visible>Control.HasFocus(15)</visible>
			<posx>585</posx>
			<posy>65</posy>
            <width>1330</width>
            <height>109</height>
            <texture colordiffuse="orange">common/white.png</texture>
            </control>
			
<!--END BACKGROUND LIST IMAGE-->				
			
<!--TEXT FOR ALL COONTAINERS-->	

			<control type="textbox">
			<visible>Control.HasFocus(10)</visible>
			<posx>600</posx>
			<posy>700</posy>
			<width>750</width>
			<height>280</height>
			<align>center</align>
			<autoscroll time="2000" delay="2000" repeat="2000"></autoscroll>
			<label>[B]$INFO[Container(10).ListItem.Plot][/B]</label>
			</control>

			<control type="textbox">
			<visible>Control.HasFocus(11)</visible>
			<posx>600</posx>
			<posy>700</posy>
			<width>750</width>
			<height>280</height>
			<align>center</align>
			<autoscroll time="2000" delay="2000" repeat="2000"></autoscroll>
			<label>[B]$INFO[Container(11).ListItem.Plot][/B]</label>
			</control>

			<control type="textbox">
			<visible>Control.HasFocus(12)</visible>
			<posx>600</posx>
			<posy>700</posy>
			<width>750</width>
			<height>280</height>
			<align>center</align>
			<autoscroll time="2000" delay="2000" repeat="2000"></autoscroll>
			<label>[B]$INFO[Container(12).ListItem.Plot][/B]</label>
			</control>

			<control type="textbox">
			<visible>Control.HasFocus(13)</visible>
			<posx>600</posx>
			<posy>700</posy>
			<width>750</width>
			<height>280</height>
			<align>center</align>
			<autoscroll time="2000" delay="2000" repeat="2000"></autoscroll>
			<label>[B]$INFO[Container(13).ListItem.Plot][/B]</label>
			</control>

			<control type="textbox">
			<visible>Control.HasFocus(14)</visible>
			<posx>600</posx>
			<posy>700</posy>
			<width>750</width>
			<height>280</height>
			<align>center</align>
			<autoscroll time="2000" delay="2000" repeat="2000"></autoscroll>
			<label>[B]$INFO[Container(14).ListItem.Plot][/B]</label>
			</control>
			
			<control type="textbox">
			<visible>Control.HasFocus(15)</visible>
			<posx>600</posx>
			<posy>700</posy>
			<width>750</width>
			<height>280</height>
			<align>center</align>
			<autoscroll time="2000" delay="2000" repeat="2000"></autoscroll>
			<label>[B]$INFO[Container(15).ListItem.Plot][/B]</label>
			</control>	

<!--END TEXT FOR ALL COONTAINERS-->


	<!--LABAL FOR ALL CONTAINERS-->	
			<control type="label">
			<visible>Control.HasFocus(10)</visible>
			<posx>820</posx>
			<posy>50</posy>
            <width>558</width>
            <height>128</height>
            <label>אמבר דף 1</label>
			<textcolor>white</textcolor>
			<font>Font-ListInfo-Bold1</font>
            </control>
			<control type="label">
			<visible>Control.HasFocus(11)</visible>
			<posx>820</posx>
			<posy>50</posy>
            <width>558</width>
            <height>128</height>
            <label>אמבר דף 2</label>
			<textcolor>white</textcolor>
			<font>Font-ListInfo-Bold1</font>
            </control>
			<control type="label">
			<visible>Control.HasFocus(12)</visible>
			<posx>820</posx>
			<posy>50</posy>
            <width>558</width>
            <height>128</height>
            <label>אמבא דף 3</label>
			<textcolor>white</textcolor>
			<font>Font-ListInfo-Bold1</font>    
			</control>
			<control type="label">
			<visible>Control.HasFocus(13)</visible>
			<posx>820</posx>
			<posy>50</posy>
            <width>558</width>
            <height>128</height>
            <label>אמבר דף 4</label>
			<textcolor>white</textcolor>
			<font>Font-ListInfo-Bold1</font>
            </control>
			<control type="label">
			<visible>Control.HasFocus(14)</visible>
			<posx>820</posx>
			<posy>50</posy>
            <width>558</width>
            <height>128</height>
            <label>אמבר דף 5</label>
			<textcolor>white</textcolor>
			<font>Font-ListInfo-Bold1</font>
            </control>
			<control type="label">
			<visible>Control.HasFocus(15)</visible>
			<posx>820</posx>
			<posy>50</posy>
            <width>558</width>
            <height>128</height>
            <label>אמבר דף 6</label>
			<textcolor>white</textcolor>
			<font>Font-ListInfo-Bold1</font>    
			</control>

	<!--END LABELS ALL CONTAINERS-->	

	<!--INFO-->
	       <control type="label">
            <left>30</left>
            <top>pad</top>
            <width>400</width>
            <height>70</height>
			<align>left</align>
			<font>Font-WidgetInfoTitle</font>
            <label>$INFO[VideoPlayer.ChannelGroup]</label>
            </control>
			
            <control type="label">
			<visible>Control.HasFocus(15)</visible>
			<posx>1180</posx>
			<posy>365</posy>
			<width>600</width>
			<height>50</height>
			<align>right</align>
            <font>Font-ListInfo-Bold</font>
			<textcolor>orange</textcolor>
            <label>$INFO[Container(15).NumItems]</label>
            </control>

			<control type="label">
			<visible>Control.HasFocus(15)</visible>
			<posx>1260</posx>
			<posy>220</posy>
			<width>600</width>
			<height>50</height>
			<align>right</align>
			<textcolor>orange</textcolor>
			 <font>Font-ListInfo-Bold</font>
			<label>[B]$INFO[Container(15).ListItem.Genre][/B]</label>
			</control>	
			
			<control type="label">
			<visible>Control.HasFocus(15)</visible>
			<posx>1260</posx>
			<posy>296</posy>
			<width>600</width>
			<height>50</height>
			<align>right</align>
			<font>Font-ListInfo-Bold</font>
			<textcolor>orange</textcolor>
			<label>[B]$INFO[Container(15).ListItem.Year][/B]</label>
			</control>	
			
			<control type="label">
			<visible>Control.HasFocus(15)</visible>
			<posx>1210</posx>
			<posy>432</posy>
			<width>600</width>
			<height>50</height>
			<align>right</align>
			<font>Font-ListInfo-Bold</font>
			<textcolor>orange</textcolor>
			<label>[B]$INFO[Container(15).ListItem.Votes][/B]</label>
			</control>	
			
			<control type="label">
			<visible>Control.HasFocus(15)</visible>
			<posx>1245</posx>
			<posy>502</posy>
			<width>600</width>
			<height>50</height>
			<align>right</align>
			<font>Font-ListInfo-Bold</font>
			<textcolor>orange</textcolor>
			<label>[B]$INFO[Container(15).ListItem.Rating][/B]</label>
			</control>	
			
		
            <control type="label">
			<visible>Control.HasFocus(14)</visible>
			<posx>1180</posx>
			<posy>365</posy>
			<width>600</width>
			<height>50</height>
			<align>right</align>
            <font>Font-ListInfo-Bold</font>
			<textcolor>orange</textcolor>
            <label>$INFO[Container(14).NumItems]</label>
            </control>

			<control type="label">
			<visible>Control.HasFocus(14)</visible>
			<posx>1260</posx>
			<posy>220</posy>
			<width>600</width>
			<height>50</height>
			<align>right</align>
			<textcolor>orange</textcolor>
			 <font>Font-ListInfo-Bold</font>
			<label>[B]$INFO[Container(14).ListItem.Genre][/B]</label>
			</control>	
			
			<control type="label">
			<visible>Control.HasFocus(14)</visible>
			<posx>1260</posx>
			<posy>296</posy>
			<width>600</width>
			<height>50</height>
			<align>right</align>
			<font>Font-ListInfo-Bold</font>
			<textcolor>orange</textcolor>
			<label>[B]$INFO[Container(14).ListItem.Year][/B]</label>
			</control>	
			
			<control type="label">
			<visible>Control.HasFocus(14)</visible>
			<posx>1210</posx>
			<posy>432</posy>
			<width>600</width>
			<height>50</height>
			<align>right</align>
			<font>Font-ListInfo-Bold</font>
			<textcolor>orange</textcolor>
			<label>[B]$INFO[Container(15).ListItem.Votes][/B]</label>
			</control>	
			
			<control type="label">
			<visible>Control.HasFocus(14)</visible>
			<posx>1245</posx>
			<posy>502</posy>
			<width>600</width>
			<height>50</height>
			<align>right</align>
			<font>Font-ListInfo-Bold</font>
			<textcolor>orange</textcolor>
			<label>[B]$INFO[Container(14).ListItem.Rating][/B]</label>
			</control>	


            <control type="label">
			<visible>Control.HasFocus(13)</visible>
			<posx>1180</posx>
			<posy>365</posy>
			<width>600</width>
			<height>50</height>
			<align>right</align>
            <font>Font-ListInfo-Bold</font>
			<textcolor>orange</textcolor>
            <label>$INFO[Container(13).NumItems]</label>
            </control>

			<control type="label">
			<visible>Control.HasFocus(13)</visible>
			<posx>1260</posx>
			<posy>220</posy>
			<width>600</width>
			<height>50</height>
			<align>right</align>
			<textcolor>orange</textcolor>
			 <font>Font-ListInfo-Bold</font>
			<label>[B]$INFO[Container(13).ListItem.Genre][/B]</label>
			</control>	
			
			<control type="label">
			<visible>Control.HasFocus(13)</visible>
			<posx>1260</posx>
			<posy>296</posy>
			<width>600</width>
			<height>50</height>
			<align>right</align>
			<font>Font-ListInfo-Bold</font>
			<textcolor>orange</textcolor>
			<label>[B]$INFO[Container(13).ListItem.Year][/B]</label>
			</control>	
			
			<control type="label">
			<visible>Control.HasFocus(13)</visible>
			<posx>1210</posx>
			<posy>432</posy>
			<width>600</width>
			<height>50</height>
			<align>right</align>
			<font>Font-ListInfo-Bold</font>
			<textcolor>orange</textcolor>
			<label>[B]$INFO[Container(13).ListItem.Votes][/B]</label>
			</control>	
			
			<control type="label">
			<visible>Control.HasFocus(13)</visible>
			<posx>1245</posx>
			<posy>502</posy>
			<width>600</width>
			<height>50</height>
			<align>right</align>
			<font>Font-ListInfo-Bold</font>
			<textcolor>orange</textcolor>
			<label>[B]$INFO[Container(13).ListItem.Rating][/B]</label>
			</control>		




            <control type="label">
			<visible>Control.HasFocus(12)</visible>
			<posx>1180</posx>
			<posy>365</posy>
			<width>600</width>
			<height>50</height>
			<align>right</align>
            <font>Font-ListInfo-Bold</font>
			<textcolor>orange</textcolor>
            <label>$INFO[Container(12).NumItems]</label>
            </control>

			<control type="label">
			<visible>Control.HasFocus(12)</visible>
			<posx>1260</posx>
			<posy>220</posy>
			<width>600</width>
			<height>50</height>
			<align>right</align>
			<textcolor>orange</textcolor>
			 <font>Font-ListInfo-Bold</font>
			<label>[B]$INFO[Container(12).ListItem.Genre][/B]</label>
			</control>	
			
			<control type="label">
			<visible>Control.HasFocus(12)</visible>
			<posx>1260</posx>
			<posy>296</posy>
			<width>600</width>
			<height>50</height>
			<align>right</align>
			<font>Font-ListInfo-Bold</font>
			<textcolor>orange</textcolor>
			<label>[B]$INFO[Container(12).ListItem.Year][/B]</label>
			</control>	
			
			<control type="label">
			<visible>Control.HasFocus(12)</visible>
			<posx>1210</posx>
			<posy>432</posy>
			<width>600</width>
			<height>50</height>
			<align>right</align>
			<font>Font-ListInfo-Bold</font>
			<textcolor>orange</textcolor>
			<label>[B]$INFO[Container(12).ListItem.Votes][/B]</label>
			</control>	
			
			<control type="label">
			<visible>Control.HasFocus(12)</visible>
			<posx>1245</posx>
			<posy>502</posy>
			<width>600</width>
			<height>50</height>
			<align>right</align>
			<font>Font-ListInfo-Bold</font>
			<textcolor>orange</textcolor>
			<label>[B]$INFO[Container(12).ListItem.Rating][/B]</label>
			</control>	


            <control type="label">
			<visible>Control.HasFocus(11)</visible>
			<posx>1180</posx>
			<posy>365</posy>
			<width>600</width>
			<height>50</height>
			<align>right</align>
            <font>Font-ListInfo-Bold</font>
			<textcolor>orange</textcolor>
            <label>$INFO[Container(11).NumItems]</label>
            </control>

			<control type="label">
			<visible>Control.HasFocus(11)</visible>
			<posx>1260</posx>
			<posy>220</posy>
			<width>600</width>
			<height>50</height>
			<align>right</align>
			<textcolor>orange</textcolor>
			 <font>Font-ListInfo-Bold</font>
			<label>[B]$INFO[Container(11).ListItem.Genre][/B]</label>
			</control>	
			
			<control type="label">
			<visible>Control.HasFocus(11)</visible>
			<posx>1260</posx>
			<posy>296</posy>
			<width>600</width>
			<height>50</height>
			<align>right</align>
			<font>Font-ListInfo-Bold</font>
			<textcolor>orange</textcolor>
			<label>[B]$INFO[Container(11).ListItem.Year][/B]</label>
			</control>	
			
			<control type="label">
			<visible>Control.HasFocus(11)</visible>
			<posx>1210</posx>
			<posy>432</posy>
			<width>600</width>
			<height>50</height>
			<align>right</align>
			<font>Font-ListInfo-Bold</font>
			<textcolor>orange</textcolor>
			<label>[B]$INFO[Container(11).ListItem.Votes][/B]</label>
			</control>	
			
			<control type="label">
			<visible>Control.HasFocus(11)</visible>
			<posx>1245</posx>
			<posy>502</posy>
			<width>600</width>
			<height>50</height>
			<align>right</align>
			<font>Font-ListInfo-Bold</font>
			<textcolor>orange</textcolor>
			<label>[B]$INFO[Container(11).ListItem.Rating][/B]</label>
			</control>		



            <control type="label">
			<visible>Control.HasFocus(10)</visible>
			<posx>1180</posx>
			<posy>365</posy>
			<width>600</width>
			<height>50</height>
			<align>right</align>
            <font>Font-ListInfo-Bold</font>
			<textcolor>orange</textcolor>
            <label>$INFO[Container(10).NumItems]</label>
            </control>

			<control type="label">
			<visible>Control.HasFocus(10)</visible>
			<posx>1260</posx>
			<posy>220</posy>
			<width>600</width>
			<height>50</height>
			<align>right</align>
			<textcolor>orange</textcolor>
			 <font>Font-ListInfo-Bold</font>
			<label>[B]$INFO[Container(10).ListItem.Genre][/B]</label>
			</control>	
			
			<control type="label">
			<visible>Control.HasFocus(10)</visible>
			<posx>1260</posx>
			<posy>296</posy>
			<width>600</width>
			<height>50</height>
			<align>right</align>
			<font>Font-ListInfo-Bold</font>
			<textcolor>orange</textcolor>
			<label>[B]$INFO[Container(10).ListItem.Year][/B]</label>
			</control>	
			
			<control type="label">
			<visible>Control.HasFocus(10)</visible>
			<posx>1210</posx>
			<posy>432</posy>
			<width>600</width>
			<height>50</height>
			<align>right</align>
			<font>Font-ListInfo-Bold</font>
			<textcolor>orange</textcolor>
			<label>[B]$INFO[Container(10).ListItem.Votes][/B]</label>
			</control>	
			
			<control type="label">
			<visible>Control.HasFocus(10)</visible>
			<posx>1245</posx>
			<posy>502</posy>
			<width>600</width>
			<height>50</height>
			<align>right</align>
			<font>Font-ListInfo-Bold</font>
			<textcolor>orange</textcolor>
			<label>[B]$INFO[Container(10).ListItem.Rating][/B]</label>
			</control>				
<!-- END INFO-->
			

<!--POSTERS FOR ALL CONTAINERS-->	
			<control type="image">
			<visible>Control.HasFocus(10)</visible>
			<posx>1358</posx>
			<posy>65</posy>
			<width>558</width>
			<height>935</height>
			<bordertexture background="true" colordiffuse="green">common/white.png</bordertexture>
			<bordersize>1</bordersize>
			<texture>$INFO[Container(10).ListItem.Art(poster)]</texture>
			</control>
			
			<control type="image">
			<visible>Control.HasFocus(11)</visible>
			<posx>1358</posx>
			<posy>65</posy>
			<width>558</width>
			<height>935</height>
			<bordertexture background="true" colordiffuse="green">common/white.png</bordertexture>
			<bordersize>1</bordersize>
			<texture>$INFO[Container(11).ListItem.Art(poster)]</texture>
			</control>
			
			<control type="image">
			<visible>Control.HasFocus(12)</visible>
			<posx>1358</posx>
			<posy>65</posy>
			<width>558</width>
			<height>935</height>
			<bordertexture background="true" colordiffuse="green">common/white.png</bordertexture>
			<bordersize>1</bordersize>
			<texture>$INFO[Container(12).ListItem.Art(poster)]</texture>
			</control>

			<control type="image">
			<visible>Control.HasFocus(13)</visible>
			<posx>1358</posx>
			<posy>65</posy>
			<width>558</width>
			<height>935</height>
			<bordertexture background="true" colordiffuse="green">common/white.png</bordertexture>
			<bordersize>1</bordersize>
			<texture>$INFO[Container(13).ListItem.Art(poster)]</texture>
			</control>

			<control type="image">
			<visible>Control.HasFocus(14)</visible>
			<posx>1358</posx>
			<posy>65</posy>
			<width>558</width>
			<height>935</height>
			<bordertexture background="true" colordiffuse="orange">common/white.png</bordertexture>
			<bordersize>1</bordersize>
			<texture>$INFO[Container(14).ListItem.Art(poster)]</texture>
			</control>	
			
			<control type="image">
			<visible>Control.HasFocus(15)</visible>
			<posx>1358</posx>
			<posy>65</posy>
			<width>558</width>
			<height>935</height>
			<bordertexture background="true" colordiffuse="red">common/white.png</bordertexture>
			<bordersize>1</bordersize>
			<texture>$INFO[Container(15).ListItem.Art(poster)]</texture>
			</control>
<!--END POSTERS FOR ALL CONTAINERS-->	


		<control type="label">
		<posx>1265</posx>
		<posy>220</posy>
		<width>100</width>
		<height>50</height>
		<label>סגנון:</label>
		</control>
		
		<control type="label">
		<posx>1275</posx>
		<posy>290</posy>
		<width>100</width>
		<height>50</height>
		<label>שנה:</label>
		</control>

		<control type="label">
		<posx>1200</posx>
		<posy>360</posy>
		<width>250</width>
		<height>50</height>
		<label>כמות תוכן:</label>
		</control>
		
		<control type="label">
		<posx>1230</posx>
		<posy>430</posy>
		<width>250</width>
		<height>50</height>
		<label>הצבעות:</label>
		</control>
		
		<control type="label">
		<posx>1265</posx>
		<posy>500</posy>
		<width>250</width>
		<height>50</height>
		<label>דירוג:</label>
		</control>
		
		<control type="textbox">
		<posx>0</posx>
		<posy>600</posy>
		<textcolor>cyan</textcolor>
		<align>center</align>
		<label>ניתן לעבור בין הוידגטים על ידי חץ ימני ושמאלי [CR] נא להמתין עד שהוידגטים יטענו במלואם</label>
		</control>
	</control>
    </controls>
</window>
