<?xml version="1.0" encoding="UTF-8"?>
<!-- Foundation -->
<window id="1039" type="dialog">

    <defaultcontrol always="true">30</defaultcontrol>
   	<onload>ClearProperty(quicknavsetup,home)</onload>
	<onunload>ClearProperty(quicknavsetup,home)</onunload>	
	<preloaditems>2</preloaditems>
	<controls>
    
        <control type="group">
            <visible>!Window.IsActive(DialogPVRGuideInfo.xml)</visible>
			<visible>!Window.IsActive(Textbox.xml)</visible>
			<visible>Control.HasFocus(30)</visible>
			<visible>!Player.HasVideo</visible>
	
            <control type="label">
                <left>30</left>
                <top>pad</top>
                <width>400</width>
                <height>70</height>
                <align>left</align>
                <font>Font-WidgetInfoTitle</font>
                <label>$INFO[VideoPlayer.ChannelGroup]</label>
            </control>
			
			<control type="textbox">
			<visible>Control.HasFocus(30)</visible>
			<posx>0</posx>
			<posy>240</posy>
			<width>980</width>
			<height>280</height>
			<align>right</align>
			<autoscroll time="5000" delay="2000" repeat="2000"></autoscroll>
			<label>[B]$INFO[Container(30).ListItem.Plot][/B]</label>
			</control>
			
			<control type="image">
			<visible>Control.HasFocus(30)</visible>
			<posx>1000</posx>
			<posy>235</posy>
			<height>280</height>
			<width>540</width>
			<bordertexture colordiffuse="black">common/white.png</bordertexture>
			<bordersize>1</bordersize>
			<texture>$INFO[Container(30).ListItem.Art(fanart)]</texture>
			</control>
			
			<control type="label">
			<visible>Control.HasFocus(30)</visible>
			<posx>620</posx>
			<posy>30</posy>
            <width>558</width>
            <height>128</height>
            <label>[B]אנימציה[/B]</label>
			<align>center</align>
			<textcolor>white</textcolor>
			<font>Font-ListInfo-Bold1</font>    
			</control>
			
			<control type="grouplist">
		<posx>10</posx>
		<posy>950</posy>
		<orientation>horizontal</orientation>
		<itemgap>320</itemgap>
		<control type="group">
		<control type="label">
			<label>[B]אנימציה[/B]</label>
			<font>Font-Bar</font>
			<textcolor>orange</textcolor>
			<width>170</width>
			<height>52</height>
			<align>right</align>
			<posx>285</posx>
			<posy>-10</posy>
			<align>center</align>
		</control>
		<control type="label">
			<label>[B]לא קיים[/B]</label>
			<visible>IsEmpty(Container(30).ListItem.Rating)</visible>
			<font>Font-Bar</font>
			<textcolor>cyan</textcolor>
			<width>150</width>
			<height>52</height>
			<align>right</align>
			<posx>120</posx>
			<posy>-10</posy>
			<align>center</align>
		</control>		
		<control type="label">
			<label>[B]$INFO[Container(30).ListItem.Rating][/B]</label>
			<font>font-20</font>
			<textcolor>yellow</textcolor>
			<width>110</width>
			<height>52</height>
			<posx>120</posx>
			<posy>-7</posy>
			<align>right</align>
		</control>
		</control>

		<control type="group">
		<control type="label">
			<label>[B]זמן הסרט:[/B]</label>
			<font>Font-Bar</font>
			<textcolor>orange</textcolor>
			<width>170</width>
			<height>52</height>
			<align>right</align>
			<posx>285</posx>
			<posy>-10</posy>
			<align>center</align>
		</control>
		<control type="label">
			<label>[B]לא קיים[/B]</label>
			<visible>IsEmpty(Container(30).ListItem.Duration)</visible>
			<font>Font-Bar</font>
			<textcolor>cyan</textcolor>
			<width>150</width>
			<height>52</height>
			<align>right</align>
			<posx>120</posx>
			<posy>-10</posy>
			<align>center</align>
		</control>		
		<control type="label">
			<label>[B]$INFO[Container(30).ListItem.Duration][/B]</label>
			<font>font-20</font>
			<textcolor>cyan</textcolor>
			<width>110</width>
			<height>52</height>
			<posx>120</posx>
			<posy>-7</posy>
			<align>right</align>
		</control>
		</control>

		
		
		<control type="group">
		<control type="label">
			<label>[B]כמות הצבעות:[/B]</label>
			<font>Font-Bar</font>
			<textcolor>orange</textcolor>
			<width>170</width>
			<height>52</height>
			<align>right</align>
			<posx>285</posx>
			<posy>-10</posy>
			<align>center</align>
		</control>
		<control type="label">
			<label>[B]לא קיים[/B]</label>
			<visible>IsEmpty(Container(30).ListItem.Votes)</visible>
			<font>Font-Bar</font>
			<textcolor>cyan</textcolor>
			<width>150</width>
			<height>52</height>
			<align>right</align>
			<posx>120</posx>
			<posy>-10</posy>
			<align>center</align>
		</control>		
		<control type="label">
			<label>[B]$INFO[Container(30).ListItem.Votes][/B]</label>
			<font>font-20</font>
			<textcolor>red</textcolor>
			<width>110</width>
			<height>52</height>
			<posx>120</posx>
			<posy>-7</posy>
			<align>right</align>
		</control>
		</control>
	

		<control type="group">
		<control type="label">
			<label>[B]איכות הסרט:[/B]</label>
			<font>Font-Bar</font>
			<textcolor>orange</textcolor>
			<width>170</width>
			<height>52</height>
			<align>right</align>
			<posx>285</posx>
			<posy>-10</posy>
			<align>center</align>
		</control>
		<control type="label">
			<label>[B]לא קיים[/B]</label>
			<visible>IsEmpty(Container(30).ListItem.VideoResolution)</visible>
			<font>Font-Bar</font>
			<textcolor>cyan</textcolor>
			<width>150</width>
			<height>52</height>
			<align>right</align>
			<posx>120</posx>
			<posy>-10</posy>
			<align>center</align>
		</control>
		<control type="label">
			<label>[B]$INFO[Container(30).ListItem.VideoResolution][/B]</label>
			<font>font-20</font>
			<textcolor>cyan</textcolor>
			<width>110</width>
			<height>52</height>
			<posx>120</posx>
			<posy>-7</posy>
			<align>right</align>
		</control>
		</control>
		

		<control type="group">
		<control type="label">
			<label>[B]שנת הסרט:[/B]</label>
			<font>Font-Bar</font>
			<textcolor>orange</textcolor>
			<width>170</width>
			<height>52</height>
			<align>right</align>
			<posx>285</posx>
			<posy>-10</posy>
			<align>center</align>
		</control>
		<control type="label">
			<label>[B]לא קיים[/B]</label>
			<visible>IsEmpty(Container(30).ListItem.Year)</visible>
			<font>Font-Bar</font>
			<textcolor>cyan</textcolor>
			<width>150</width>
			<height>52</height>
			<align>right</align>
			<posx>120</posx>
			<posy>-10</posy>
			<align>center</align>
		</control>
		<control type="label">
			<label>[B]$INFO[Container(30).ListItem.Year][/B]</label>
			<font>font-20</font>
			<textcolor>lime</textcolor>
			<width>110</width>
			<height>52</height>
			<posx>120</posx>
			<posy>-7</posy>
			<align>right</align>
		</control>
		</control>
	
		<control type="group">
		<control type="label">
			<label>[B]קידוד הסרט:[/B]</label>
			<font>Font-Bar</font>
			<textcolor>orange</textcolor>
			<width>170</width>
			<height>52</height>
			<align>right</align>
			<posx>285</posx>
			<posy>-10</posy>
			<align>center</align>
		</control>
		<control type="label">
			<label>[B]לא קיים[/B]</label>
			<visible>IsEmpty(Container(30).ListItem.VideoAspect)</visible>
			<font>Font-Bar</font>
			<textcolor>cyan</textcolor>
			<width>150</width>
			<height>52</height>
			<align>right</align>
			<posx>120</posx>
			<posy>-10</posy>
			<align>center</align>
		</control>
		<control type="label">
			<label>[B]$INFO[Container(30).ListItem.VideoAspect][/B]</label>
			<font>font-20</font>
			<textcolor>cyan</textcolor>
			<width>110</width>
			<height>52</height>
			<posx>120</posx>
			<posy>-7</posy>
			<align>right</align>
		</control>
		</control>
			</control>
			
			
	        <control type="label">
			<visible>Control.HasFocus(30)</visible>
			<posy>140</posy>
			<posx>400</posx>
            <width>1000</width>
            <height>50</height>
            <align>center</align>
			<font>Font-ListInfo-Bold</font>
            <textcolor>lime</textcolor>
			<scroll>true</scroll>
            <label>[B]$INFO[Container(30).ListItem.Label][/B]</label>
			</control>
			
			<control type="label">
			<visible>Control.HasFocus(30)</visible>
			<posy>140</posy>
			<posx>1600</posx>
			<width>300</width>
			<height>50</height>
			<align>center</align>
			<textcolor>orange</textcolor>
			 <font>Font-ListInfo-Bold</font>
			<label>[B]$INFO[Container(30).ListItem.Genre][/B]</label>
			<scroll>true</scroll>
			</control>
					
            <control type="label">
			<visible>Control.HasFocus(30)</visible>
			<posy>143</posy>
			<posx>95</posx>
			<width>600</width>
			<height>50</height>
			<align>right</align>
            <font>Font-ListInfo-Bold</font>
			<textcolor>yellow</textcolor>
            <label>$INFO[Container(30).NumItems]</label>
            </control>
			
		    <control type="label">
			<visible>Control.HasFocus(30)</visible>
			<posy>140</posy>
			<posx>250</posx>
			<width>600</width>
			<height>50</height>
			<align>right</align>
            <font>Font-ListInfo-Bold</font>
			<textcolor>orange</textcolor>
            <label>כמות תוכן: </label>
            </control>


<!--end empty info-->

           <control type="list" id="30">
                <left>-40</left>
                <top>620</top>
                <height>420</height>
                <width>1540</width>
                <onleft>PreviousChannelGroup</onleft>
                <onright>NextChannelGroup</onright>
                <orientation>horizontal</orientation>
				<onup>SetFocus(31)</onup>
				<ondown>SetFocus(35)</ondown>
                <itemlayout height="650" width="280">
                    <control type="image">
                        <width>100%</width>
                        <height>100%</height>
                        <texture colordiffuse="0fffffff">common/selected.png</texture>
                        <aspectratio>scale</aspectratio>
                        <visible>ListItem.IsPlaying</visible>
                    </control>
                    <control type="image">
                        <left>22</left>
                        <top>12</top>  
                        <width>300</width>
                        <height>300</height>
						<bordertexture colordiffuse="white">common/white.png</bordertexture>
						<bordersize>1</bordersize>	
                        <texture>$INFO[ListItem.Thumb]</texture>
                        <aspectratio>keep</aspectratio>
                    </control>
                    <control type="label">
                        <left>560</left>
                        <width>70</width>
                        <height>70</height>
                        <align>left</align>                 
                        <label>$INFO[ListItem.ChannelNumberLabel]</label>
                        <selectedcolor>ListLabel</selectedcolor>
                    </control>
                    <control type="label">
                        <left>130</left>
                        <height>70</height>
                        <width>400</width>
                        <align>left</align>
                        <textcolor>ListLabel</textcolor>
                        <label>$INFO[ListItem.ChannelName]</label>
                        <selectedcolor>ListLabel</selectedcolor>
                    </control>
                </itemlayout>
                <focusedlayout height="650" width="280">
                    <control type="image">
                        <width>100%</width>
                        <height>100%</height>
                        <texture colordiffuse="1fffffff">common/selected.png</texture>
                        <aspectratio>scale</aspectratio>
                        <visible>ListItem.IsPlaying</visible>
                    </control>
                    <control type="image">
                        <left>22</left>
                        <top>12</top>  
                        <width>300</width>
                        <height>300</height>
						<bordertexture colordiffuse="red">common/white.png</bordertexture>
						<bordersize>8</bordersize>		
                        <texture>$INFO[ListItem.Thumb]</texture>
                        <aspectratio>keep</aspectratio>
                    </control>
                    <control type="label">
                        <left>560</left>
                        <width>70</width>
                        <height>70</height>
                        <align>left</align>
<!-- Modification Label -->                        
                        <label>$INFO[ListItem.ChannelNumberLabel]</label>
                        <selectedcolor>Selected</selectedcolor>
                        <textcolor>Selected</textcolor>
                    </control>
       <!--             <control type="label">
                        <left>138</left>
                        <top>50</top>
                       <width>400</width>
                        <height>18</height>
						 <align>right</align>
                        <reveal>true</reveal>
                        <label>$INFO[ListItem.Label]</label>
                    </control>-->
                    <control type="label">
                        <left>130</left>
                        <height>70</height>
                        <width>400</width>
                        <align>left</align>
                        <textcolor>Selected</textcolor>
                        <label>$INFO[ListItem.ChannelName]</label>
                        <selectedcolor>Selected</selectedcolor>
                    </control>
                </focusedlayout>
				<content>plugin://plugin.video.TheFirstAvenger/?cat_level=%20&amp;count=0&amp;description=%d7%90%d7%a0%d7%99%d7%9e%d7%a6%d7%99%d7%94&amp;fanart=https%3a%2f%2fwww.planwallpaper.com%2fstatic%2fimages%2f2015-wallpaper_111525594_269.jpg&amp;iconimage=http%3a%2f%2fwww.hdiphone6wallpapers.net%2fiphone-6-backgrounds%2fiphone-6-wallpapers-1%2fiphone-6-wallpapers-hd-722bq7l7-1080x1920.jpg&amp;index_depth=0&amp;lang=eng&amp;mode=12&amp;name=%d7%90%d7%a0%d7%99%d7%9e%d7%a6%d7%99%d7%94&amp;page&amp;selected_list=%20&amp;url=www&quot</content>
			</control>
        </control>
</controls>






    <defaultcontrol always="true">31</defaultcontrol>
   	<onload>ClearProperty(quicknavsetup,home)</onload>
	<onunload>ClearProperty(quicknavsetup,home)</onunload>	
	<preloaditems>2</preloaditems>
	<controls>
    
        <control type="group">
            <visible>!Window.IsActive(DialogPVRGuideInfo.xml)</visible>
			<visible>!Window.IsActive(Textbox.xml)</visible>
			<visible>Control.HasFocus(31)</visible>
			<visible>!Player.HasVideo</visible>
	
            <control type="label">
                <left>30</left>
                <top>pad</top>
                <width>400</width>
                <height>70</height>
                <align>left</align>
                <font>Font-WidgetInfoTitle</font>
                <label>$INFO[VideoPlayer.ChannelGroup]</label>
            </control>
			
			<control type="textbox">
			<visible>Control.HasFocus(31)</visible>
			<posx>0</posx>
			<posy>240</posy>
			<width>980</width>
			<height>280</height>
			<align>right</align>
			<autoscroll time="5000" delay="2000" repeat="2000"></autoscroll>
			<label>[B]$INFO[Container(31).ListItem.Plot][/B]</label>
			</control>
			
			<control type="image">
			<visible>Control.HasFocus(31)</visible>
			<posx>1000</posx>
			<posy>235</posy>
			<height>280</height>
			<width>540</width>
			<bordertexture colordiffuse="black">common/white.png</bordertexture>
			<bordersize>1</bordersize>
			<texture>$INFO[Container(31).ListItem.Art(fanart)]</texture>
			</control>
			
			<control type="label">
			<visible>Control.HasFocus(31)</visible>
			<posx>620</posx>
			<posy>30</posy>
            <width>558</width>
            <height>128</height>
            <label>[B]אקשן[/B]</label>
			<align>center</align>
			<textcolor>white</textcolor>
			<font>Font-ListInfo-Bold1</font>    
			</control>
			
			<control type="grouplist">
		<posx>10</posx>
		<posy>950</posy>
		<orientation>horizontal</orientation>
		<itemgap>320</itemgap>
		<control type="group">
		<control type="label">
			<label>[B]דירוג סרטים:[/B]</label>
			<font>Font-Bar</font>
			<textcolor>orange</textcolor>
			<width>170</width>
			<height>52</height>
			<align>right</align>
			<posx>285</posx>
			<posy>-10</posy>
			<align>center</align>
		</control>
		<control type="label">
			<label>[B]לא קיים[/B]</label>
			<visible>IsEmpty(Container(31).ListItem.Rating)</visible>
			<font>Font-Bar</font>
			<textcolor>cyan</textcolor>
			<width>150</width>
			<height>52</height>
			<align>right</align>
			<posx>120</posx>
			<posy>-10</posy>
			<align>center</align>
		</control>		
		<control type="label">
			<label>[B]$INFO[Container(31).ListItem.Rating][/B]</label>
			<font>font-20</font>
			<textcolor>yellow</textcolor>
			<width>110</width>
			<height>52</height>
			<posx>120</posx>
			<posy>-7</posy>
			<align>right</align>
		</control>
		</control>

		<control type="group">
		<control type="label">
			<label>[B]זמן הסרט:[/B]</label>
			<font>Font-Bar</font>
			<textcolor>orange</textcolor>
			<width>170</width>
			<height>52</height>
			<align>right</align>
			<posx>285</posx>
			<posy>-10</posy>
			<align>center</align>
		</control>
		<control type="label">
			<label>[B]לא קיים[/B]</label>
			<visible>IsEmpty(Container(31).ListItem.Duration)</visible>
			<font>Font-Bar</font>
			<textcolor>cyan</textcolor>
			<width>150</width>
			<height>52</height>
			<align>right</align>
			<posx>120</posx>
			<posy>-10</posy>
			<align>center</align>
		</control>		
		<control type="label">
			<label>[B]$INFO[Container(31).ListItem.Duration][/B]</label>
			<font>font-20</font>
			<textcolor>cyan</textcolor>
			<width>110</width>
			<height>52</height>
			<posx>120</posx>
			<posy>-7</posy>
			<align>right</align>
		</control>
		</control>

		
		
		<control type="group">
		<control type="label">
			<label>[B]כמות הצבעות:[/B]</label>
			<font>Font-Bar</font>
			<textcolor>orange</textcolor>
			<width>170</width>
			<height>52</height>
			<align>right</align>
			<posx>285</posx>
			<posy>-10</posy>
			<align>center</align>
		</control>
		<control type="label">
			<label>[B]לא קיים[/B]</label>
			<visible>IsEmpty(Container(31).ListItem.Votes)</visible>
			<font>Font-Bar</font>
			<textcolor>cyan</textcolor>
			<width>150</width>
			<height>52</height>
			<align>right</align>
			<posx>120</posx>
			<posy>-10</posy>
			<align>center</align>
		</control>		
		<control type="label">
			<label>[B]$INFO[Container(31).ListItem.Votes][/B]</label>
			<font>font-20</font>
			<textcolor>red</textcolor>
			<width>110</width>
			<height>52</height>
			<posx>120</posx>
			<posy>-7</posy>
			<align>right</align>
		</control>
		</control>
	

		<control type="group">
		<control type="label">
			<label>[B]איכות הסרט:[/B]</label>
			<font>Font-Bar</font>
			<textcolor>orange</textcolor>
			<width>170</width>
			<height>52</height>
			<align>right</align>
			<posx>285</posx>
			<posy>-10</posy>
			<align>center</align>
		</control>
		<control type="label">
			<label>[B]לא קיים[/B]</label>
			<visible>IsEmpty(Container(31).ListItem.VideoResolution)</visible>
			<font>Font-Bar</font>
			<textcolor>cyan</textcolor>
			<width>150</width>
			<height>52</height>
			<align>right</align>
			<posx>120</posx>
			<posy>-10</posy>
			<align>center</align>
		</control>
		<control type="label">
			<label>[B]$INFO[Container(31).ListItem.VideoResolution][/B]</label>
			<font>font-20</font>
			<textcolor>cyan</textcolor>
			<width>110</width>
			<height>52</height>
			<posx>120</posx>
			<posy>-7</posy>
			<align>right</align>
		</control>
		</control>
		

		<control type="group">
		<control type="label">
			<label>[B]שנת הסרט:[/B]</label>
			<font>Font-Bar</font>
			<textcolor>orange</textcolor>
			<width>170</width>
			<height>52</height>
			<align>right</align>
			<posx>285</posx>
			<posy>-10</posy>
			<align>center</align>
		</control>
		<control type="label">
			<label>[B]לא קיים[/B]</label>
			<visible>IsEmpty(Container(31).ListItem.Year)</visible>
			<font>Font-Bar</font>
			<textcolor>cyan</textcolor>
			<width>150</width>
			<height>52</height>
			<align>right</align>
			<posx>120</posx>
			<posy>-10</posy>
			<align>center</align>
		</control>
		<control type="label">
			<label>[B]$INFO[Container(31).ListItem.Year][/B]</label>
			<font>font-20</font>
			<textcolor>lime</textcolor>
			<width>110</width>
			<height>52</height>
			<posx>120</posx>
			<posy>-7</posy>
			<align>right</align>
		</control>
		</control>
	
		<control type="group">
		<control type="label">
			<label>[B]קידוד הסרט:[/B]</label>
			<font>Font-Bar</font>
			<textcolor>orange</textcolor>
			<width>170</width>
			<height>52</height>
			<align>right</align>
			<posx>285</posx>
			<posy>-10</posy>
			<align>center</align>
		</control>
		<control type="label">
			<label>[B]לא קיים[/B]</label>
			<visible>IsEmpty(Container(31).ListItem.VideoAspect)</visible>
			<font>Font-Bar</font>
			<textcolor>cyan</textcolor>
			<width>150</width>
			<height>52</height>
			<align>right</align>
			<posx>120</posx>
			<posy>-10</posy>
			<align>center</align>
		</control>
		<control type="label">
			<label>[B]$INFO[Container(31).ListItem.VideoAspect][/B]</label>
			<font>font-20</font>
			<textcolor>cyan</textcolor>
			<width>110</width>
			<height>52</height>
			<posx>120</posx>
			<posy>-7</posy>
			<align>right</align>
		</control>
		</control>
			</control>
			
			
	        <control type="label">
			<visible>Control.HasFocus(31)</visible>
			<posy>140</posy>
			<posx>400</posx>
            <width>1000</width>
            <height>50</height>
            <align>center</align>
			<font>Font-ListInfo-Bold</font>
            <textcolor>lime</textcolor>
			<scroll>true</scroll>
            <label>[B]$INFO[Container(31).ListItem.Label][/B]</label>
			</control>
			
			<control type="label">
			<visible>Control.HasFocus(31)</visible>
			<posy>140</posy>
			<posx>1600</posx>
			<width>300</width>
			<height>50</height>
			<align>center</align>
			<textcolor>orange</textcolor>
			 <font>Font-ListInfo-Bold</font>
			<label>[B]$INFO[Container(31).ListItem.Genre][/B]</label>
			<scroll>true</scroll>
			</control>
					
            <control type="label">
			<visible>Control.HasFocus(31)</visible>
			<posy>143</posy>
			<posx>95</posx>
			<width>600</width>
			<height>50</height>
			<align>right</align>
            <font>Font-ListInfo-Bold</font>
			<textcolor>yellow</textcolor>
            <label>$INFO[Container(31).NumItems]</label>
            </control>
			
		    <control type="label">
			<visible>Control.HasFocus(31)</visible>
			<posy>140</posy>
			<posx>250</posx>
			<width>600</width>
			<height>50</height>
			<align>right</align>
            <font>Font-ListInfo-Bold</font>
			<textcolor>orange</textcolor>
            <label>כמות תוכן: </label>
            </control>


<!--end empty info-->

           <control type="list" id="31">
                <left>-40</left>
                <top>620</top>
                <height>420</height>
                <width>1540</width>
                <onleft>PreviousChannelGroup</onleft>
                <onright>NextChannelGroup</onright>
                <orientation>horizontal</orientation>
				<onup>SetFocus(32)</onup>
				<ondown>SetFocus(30)</ondown>
                <itemlayout height="650" width="280">
                    <control type="image">
                        <width>100%</width>
                        <height>100%</height>
                        <texture colordiffuse="0fffffff">common/selected.png</texture>
                        <aspectratio>scale</aspectratio>
                        <visible>ListItem.IsPlaying</visible>
                    </control>
                    <control type="image">
                        <left>22</left>
                        <top>12</top>  
                        <width>300</width>
                        <height>300</height>
						<bordertexture colordiffuse="white">common/white.png</bordertexture>
						<bordersize>1</bordersize>	
                        <texture>$INFO[ListItem.Thumb]</texture>
                        <aspectratio>keep</aspectratio>
                    </control>
                    <control type="label">
                        <left>560</left>
                        <width>70</width>
                        <height>70</height>
                        <align>left</align>                 
                        <label>$INFO[ListItem.ChannelNumberLabel]</label>
                        <selectedcolor>ListLabel</selectedcolor>
                    </control>
                    <control type="label">
                        <left>130</left>
                        <height>70</height>
                        <width>400</width>
                        <align>left</align>
                        <textcolor>ListLabel</textcolor>
                        <label>$INFO[ListItem.ChannelName]</label>
                        <selectedcolor>ListLabel</selectedcolor>
                    </control>
                </itemlayout>
                <focusedlayout height="650" width="280">
                    <control type="image">
                        <width>100%</width>
                        <height>100%</height>
                        <texture colordiffuse="1fffffff">common/selected.png</texture>
                        <aspectratio>scale</aspectratio>
                        <visible>ListItem.IsPlaying</visible>
                    </control>
                    <control type="image">
                        <left>22</left>
                        <top>12</top>  
                        <width>300</width>
                        <height>300</height>
						<bordertexture colordiffuse="red">common/white.png</bordertexture>
						<bordersize>8</bordersize>		
                        <texture>$INFO[ListItem.Thumb]</texture>
                        <aspectratio>keep</aspectratio>
                    </control>
                    <control type="label">
                        <left>560</left>
                        <width>70</width>
                        <height>70</height>
                        <align>left</align>
<!-- Modification Label -->                        
                        <label>$INFO[ListItem.ChannelNumberLabel]</label>
                        <selectedcolor>Selected</selectedcolor>
                        <textcolor>Selected</textcolor>
                    </control>
       <!--             <control type="label">
                        <left>138</left>
                        <top>50</top>
                       <width>400</width>
                        <height>18</height>
						 <align>right</align>
                        <reveal>true</reveal>
                        <label>$INFO[ListItem.Label]</label>
                    </control>-->
                    <control type="label">
                        <left>130</left>
                        <height>70</height>
                        <width>400</width>
                        <align>left</align>
                        <textcolor>Selected</textcolor>
                        <label>$INFO[ListItem.ChannelName]</label>
                        <selectedcolor>Selected</selectedcolor>
                    </control>
                </focusedlayout>
				<content>plugin://plugin.video.TheFirstAvenger/?cat_level=%20&amp;count=0&amp;description=%d7%90%d7%a7%d7%a9%d7%9f&amp;fanart=https%3a%2f%2fwww.planwallpaper.com%2fstatic%2fimages%2f2015-wallpaper_111525594_269.jpg&amp;iconimage=http%3a%2f%2fwww.hdiphone6wallpapers.net%2fiphone-6-backgrounds%2fiphone-6-wallpapers-1%2fiphone-6-wallpapers-hd-722bq7l7-1080x1920.jpg&amp;index_depth=0&amp;lang=eng&amp;mode=12&amp;name=%d7%90%d7%a7%d7%a9%d7%9f&amp;page&amp;selected_list=%20&amp;url=www&quot</content>
			</control>
        </control>
		</controls>
		
		
		
		
    <defaultcontrol always="true">32</defaultcontrol>
   	<onload>ClearProperty(quicknavsetup,home)</onload>
	<onunload>ClearProperty(quicknavsetup,home)</onunload>	
	<preloaditems>2</preloaditems>
	<controls>
    
        <control type="group">
            <visible>!Window.IsActive(DialogPVRGuideInfo.xml)</visible>
			<visible>!Window.IsActive(Textbox.xml)</visible>
			<visible>Control.HasFocus(32)</visible>
			<visible>!Player.HasVideo</visible>
	
            <control type="label">
                <left>30</left>
                <top>pad</top>
                <width>400</width>
                <height>70</height>
                <align>left</align>
                <font>Font-WidgetInfoTitle</font>
                <label>$INFO[VideoPlayer.ChannelGroup]</label>
            </control>
			
			<control type="textbox">
			<visible>Control.HasFocus(32)</visible>
			<posx>0</posx>
			<posy>240</posy>
			<width>980</width>
			<height>280</height>
			<align>right</align>
			<autoscroll time="5000" delay="2000" repeat="2000"></autoscroll>
			<label>[B]$INFO[Container(32).ListItem.Plot][/B]</label>
			</control>
			
			<control type="image">
			<visible>Control.HasFocus(32)</visible>
			<posx>1000</posx>
			<posy>235</posy>
			<height>280</height>
			<width>540</width>
			<bordertexture colordiffuse="black">common/white.png</bordertexture>
			<bordersize>1</bordersize>
			<texture>$INFO[Container(32).ListItem.Art(fanart)]</texture>
			</control>
			
			<control type="label">
			<visible>Control.HasFocus(32)</visible>
			<posx>620</posx>
			<posy>30</posy>
            <width>558</width>
            <height>128</height>
            <label>[B]דרמה[/B]</label>
			<align>center</align>
			<textcolor>white</textcolor>
			<font>Font-ListInfo-Bold1</font>    
			</control>
			
			<control type="grouplist">
		<posx>10</posx>
		<posy>950</posy>
		<orientation>horizontal</orientation>
		<itemgap>320</itemgap>
		<control type="group">
		<control type="label">
			<label>[B]דירוג סרטים:[/B]</label>
			<font>Font-Bar</font>
			<textcolor>orange</textcolor>
			<width>170</width>
			<height>52</height>
			<align>right</align>
			<posx>285</posx>
			<posy>-10</posy>
			<align>center</align>
		</control>
		<control type="label">
			<label>[B]לא קיים[/B]</label>
			<visible>IsEmpty(Container(32).ListItem.Rating)</visible>
			<font>Font-Bar</font>
			<textcolor>cyan</textcolor>
			<width>150</width>
			<height>52</height>
			<align>right</align>
			<posx>120</posx>
			<posy>-10</posy>
			<align>center</align>
		</control>		
		<control type="label">
			<label>[B]$INFO[Container(32).ListItem.Rating][/B]</label>
			<font>font-20</font>
			<textcolor>yellow</textcolor>
			<width>110</width>
			<height>52</height>
			<posx>120</posx>
			<posy>-7</posy>
			<align>right</align>
		</control>
		</control>

		<control type="group">
		<control type="label">
			<label>[B]זמן הסרט:[/B]</label>
			<font>Font-Bar</font>
			<textcolor>orange</textcolor>
			<width>170</width>
			<height>52</height>
			<align>right</align>
			<posx>285</posx>
			<posy>-10</posy>
			<align>center</align>
		</control>
		<control type="label">
			<label>[B]לא קיים[/B]</label>
			<visible>IsEmpty(Container(32).ListItem.Duration)</visible>
			<font>Font-Bar</font>
			<textcolor>cyan</textcolor>
			<width>150</width>
			<height>52</height>
			<align>right</align>
			<posx>120</posx>
			<posy>-10</posy>
			<align>center</align>
		</control>		
		<control type="label">
			<label>[B]$INFO[Container(32).ListItem.Duration][/B]</label>
			<font>font-20</font>
			<textcolor>cyan</textcolor>
			<width>110</width>
			<height>52</height>
			<posx>120</posx>
			<posy>-7</posy>
			<align>right</align>
		</control>
		</control>

		
		
		<control type="group">
		<control type="label">
			<label>[B]כמות הצבעות:[/B]</label>
			<font>Font-Bar</font>
			<textcolor>orange</textcolor>
			<width>170</width>
			<height>52</height>
			<align>right</align>
			<posx>285</posx>
			<posy>-10</posy>
			<align>center</align>
		</control>
		<control type="label">
			<label>[B]לא קיים[/B]</label>
			<visible>IsEmpty(Container(32).ListItem.Votes)</visible>
			<font>Font-Bar</font>
			<textcolor>cyan</textcolor>
			<width>150</width>
			<height>52</height>
			<align>right</align>
			<posx>120</posx>
			<posy>-10</posy>
			<align>center</align>
		</control>		
		<control type="label">
			<label>[B]$INFO[Container(32).ListItem.Votes][/B]</label>
			<font>font-20</font>
			<textcolor>red</textcolor>
			<width>110</width>
			<height>52</height>
			<posx>120</posx>
			<posy>-7</posy>
			<align>right</align>
		</control>
		</control>
	

		<control type="group">
		<control type="label">
			<label>[B]איכות הסרט:[/B]</label>
			<font>Font-Bar</font>
			<textcolor>orange</textcolor>
			<width>170</width>
			<height>52</height>
			<align>right</align>
			<posx>285</posx>
			<posy>-10</posy>
			<align>center</align>
		</control>
		<control type="label">
			<label>[B]לא קיים[/B]</label>
			<visible>IsEmpty(Container(32).ListItem.VideoResolution)</visible>
			<font>Font-Bar</font>
			<textcolor>cyan</textcolor>
			<width>150</width>
			<height>52</height>
			<align>right</align>
			<posx>120</posx>
			<posy>-10</posy>
			<align>center</align>
		</control>
		<control type="label">
			<label>[B]$INFO[Container(32).ListItem.VideoResolution][/B]</label>
			<font>font-20</font>
			<textcolor>cyan</textcolor>
			<width>110</width>
			<height>52</height>
			<posx>120</posx>
			<posy>-7</posy>
			<align>right</align>
		</control>
		</control>
		

		<control type="group">
		<control type="label">
			<label>[B]שנת הסרט:[/B]</label>
			<font>Font-Bar</font>
			<textcolor>orange</textcolor>
			<width>170</width>
			<height>52</height>
			<align>right</align>
			<posx>285</posx>
			<posy>-10</posy>
			<align>center</align>
		</control>
		<control type="label">
			<label>[B]לא קיים[/B]</label>
			<visible>IsEmpty(Container(32).ListItem.Year)</visible>
			<font>Font-Bar</font>
			<textcolor>cyan</textcolor>
			<width>150</width>
			<height>52</height>
			<align>right</align>
			<posx>120</posx>
			<posy>-10</posy>
			<align>center</align>
		</control>
		<control type="label">
			<label>[B]$INFO[Container(32).ListItem.Year][/B]</label>
			<font>font-20</font>
			<textcolor>lime</textcolor>
			<width>110</width>
			<height>52</height>
			<posx>120</posx>
			<posy>-7</posy>
			<align>right</align>
		</control>
		</control>
	
		<control type="group">
		<control type="label">
			<label>[B]קידוד הסרט:[/B]</label>
			<font>Font-Bar</font>
			<textcolor>orange</textcolor>
			<width>170</width>
			<height>52</height>
			<align>right</align>
			<posx>285</posx>
			<posy>-10</posy>
			<align>center</align>
		</control>
		<control type="label">
			<label>[B]לא קיים[/B]</label>
			<visible>IsEmpty(Container(32).ListItem.VideoAspect)</visible>
			<font>Font-Bar</font>
			<textcolor>cyan</textcolor>
			<width>150</width>
			<height>52</height>
			<align>right</align>
			<posx>120</posx>
			<posy>-10</posy>
			<align>center</align>
		</control>
		<control type="label">
			<label>[B]$INFO[Container(32).ListItem.VideoAspect][/B]</label>
			<font>font-20</font>
			<textcolor>cyan</textcolor>
			<width>110</width>
			<height>52</height>
			<posx>120</posx>
			<posy>-7</posy>
			<align>right</align>
		</control>
		</control>
			</control>
			
			
	        <control type="label">
			<visible>Control.HasFocus(32)</visible>
			<posy>140</posy>
			<posx>400</posx>
            <width>1000</width>
            <height>50</height>
            <align>center</align>
			<font>Font-ListInfo-Bold</font>
            <textcolor>lime</textcolor>
			<scroll>true</scroll>
            <label>[B]$INFO[Container(32).ListItem.Label][/B]</label>
			</control>
			
			<control type="label">
			<visible>Control.HasFocus(32)</visible>
			<posy>140</posy>
			<posx>1600</posx>
			<width>300</width>
			<height>50</height>
			<align>center</align>
			<textcolor>orange</textcolor>
			 <font>Font-ListInfo-Bold</font>
			<label>[B]$INFO[Container(32).ListItem.Genre][/B]</label>
			<scroll>true</scroll>
			</control>
					
            <control type="label">
			<visible>Control.HasFocus(32)</visible>
			<posy>143</posy>
			<posx>95</posx>
			<width>600</width>
			<height>50</height>
			<align>right</align>
            <font>Font-ListInfo-Bold</font>
			<textcolor>yellow</textcolor>
            <label>$INFO[Container(32).NumItems]</label>
            </control>
			
		    <control type="label">
			<visible>Control.HasFocus(32)</visible>
			<posy>140</posy>
			<posx>250</posx>
			<width>600</width>
			<height>50</height>
			<align>right</align>
            <font>Font-ListInfo-Bold</font>
			<textcolor>orange</textcolor>
            <label>כמות תוכן: </label>
            </control>


<!--end empty info-->

           <control type="list" id="32">
                <left>-40</left>
                <top>620</top>
                <height>420</height>
                <width>1540</width>
                <onleft>PreviousChannelGroup</onleft>
                <onright>NextChannelGroup</onright>
                <orientation>horizontal</orientation>
				<onup>SetFocus(33)</onup>
				<ondown>SetFocus(31)</ondown>
                <itemlayout height="650" width="280">
                    <control type="image">
                        <width>100%</width>
                        <height>100%</height>
                        <texture colordiffuse="0fffffff">common/selected.png</texture>
                        <aspectratio>scale</aspectratio>
                        <visible>ListItem.IsPlaying</visible>
                    </control>
                    <control type="image">
                        <left>22</left>
                        <top>12</top>  
                        <width>300</width>
                        <height>300</height>
						<bordertexture colordiffuse="white">common/white.png</bordertexture>
						<bordersize>1</bordersize>	
                        <texture>$INFO[ListItem.Thumb]</texture>
                        <aspectratio>keep</aspectratio>
                    </control>
                    <control type="label">
                        <left>560</left>
                        <width>70</width>
                        <height>70</height>
                        <align>left</align>                 
                        <label>$INFO[ListItem.ChannelNumberLabel]</label>
                        <selectedcolor>ListLabel</selectedcolor>
                    </control>
                    <control type="label">
                        <left>130</left>
                        <height>70</height>
                        <width>400</width>
                        <align>left</align>
                        <textcolor>ListLabel</textcolor>
                        <label>$INFO[ListItem.ChannelName]</label>
                        <selectedcolor>ListLabel</selectedcolor>
                    </control>
                </itemlayout>
                <focusedlayout height="650" width="280">
                    <control type="image">
                        <width>100%</width>
                        <height>100%</height>
                        <texture colordiffuse="1fffffff">common/selected.png</texture>
                        <aspectratio>scale</aspectratio>
                        <visible>ListItem.IsPlaying</visible>
                    </control>
                    <control type="image">
                        <left>22</left>
                        <top>12</top>  
                        <width>300</width>
                        <height>300</height>
						<bordertexture colordiffuse="red">common/white.png</bordertexture>
						<bordersize>8</bordersize>		
                        <texture>$INFO[ListItem.Thumb]</texture>
                        <aspectratio>keep</aspectratio>
                    </control>
                    <control type="label">
                        <left>560</left>
                        <width>70</width>
                        <height>70</height>
                        <align>left</align>
<!-- Modification Label -->                        
                        <label>$INFO[ListItem.ChannelNumberLabel]</label>
                        <selectedcolor>Selected</selectedcolor>
                        <textcolor>Selected</textcolor>
                    </control>
       <!--             <control type="label">
                        <left>138</left>
                        <top>50</top>
                       <width>400</width>
                        <height>18</height>
						 <align>right</align>
                        <reveal>true</reveal>
                        <label>$INFO[ListItem.Label]</label>
                    </control>-->
                    <control type="label">
                        <left>130</left>
                        <height>70</height>
                        <width>400</width>
                        <align>left</align>
                        <textcolor>Selected</textcolor>
                        <label>$INFO[ListItem.ChannelName]</label>
                        <selectedcolor>Selected</selectedcolor>
                    </control>
                </focusedlayout>
				<content>plugin://plugin.video.TheFirstAvenger/?cat_level=%20&amp;count=0&amp;description=%d7%93%d7%a8%d7%9e%d7%94&amp;fanart=https%3a%2f%2fwww.planwallpaper.com%2fstatic%2fimages%2f2015-wallpaper_111525594_269.jpg&amp;iconimage=http%3a%2f%2fwww.hdiphone6wallpapers.net%2fiphone-6-backgrounds%2fiphone-6-wallpapers-1%2fiphone-6-wallpapers-hd-722bq7l7-1080x1920.jpg&amp;index_depth=0&amp;lang=eng&amp;mode=12&amp;name=%d7%93%d7%a8%d7%9e%d7%94&amp;page&amp;selected_list=%20&amp;url=www&quot</content>
			</control>
        </control>		
		</controls>
		
		
		
		
		
     <defaultcontrol always="true">33</defaultcontrol>
   	<onload>ClearProperty(quicknavsetup,home)</onload>
	<onunload>ClearProperty(quicknavsetup,home)</onunload>	
	<preloaditems>2</preloaditems>
	<controls>
    
        <control type="group">
            <visible>!Window.IsActive(DialogPVRGuideInfo.xml)</visible>
			<visible>!Window.IsActive(Textbox.xml)</visible>
			<visible>Control.HasFocus(33)</visible>
			<visible>!Player.HasVideo</visible>
	
            <control type="label">
                <left>30</left>
                <top>pad</top>
                <width>400</width>
                <height>70</height>
                <align>left</align>
                <font>Font-WidgetInfoTitle</font>
                <label>$INFO[VideoPlayer.ChannelGroup]</label>
            </control>
			
			<control type="textbox">
			<visible>Control.HasFocus(33)</visible>
			<posx>0</posx>
			<posy>240</posy>
			<width>980</width>
			<height>280</height>
			<align>right</align>
			<autoscroll time="5000" delay="2000" repeat="2000"></autoscroll>
			<label>[B]$INFO[Container(33).ListItem.Plot][/B]</label>
			</control>
			
			<control type="image">
			<visible>Control.HasFocus(33)</visible>
			<posx>1000</posx>
			<posy>235</posy>
			<height>280</height>
			<width>540</width>
			<bordertexture colordiffuse="black">common/white.png</bordertexture>
			<bordersize>1</bordersize>
			<texture>$INFO[Container(33).ListItem.Art(fanart)]</texture>
			</control>
			
			<control type="label">
			<visible>Control.HasFocus(33)</visible>
			<posx>620</posx>
			<posy>30</posy>
            <width>558</width>
            <height>128</height>
            <label>[B]הרפתקאות[/B]</label>
			<align>center</align>
			<textcolor>white</textcolor>
			<font>Font-ListInfo-Bold1</font>    
			</control>
			
			<control type="grouplist">
		<posx>10</posx>
		<posy>950</posy>
		<orientation>horizontal</orientation>
		<itemgap>320</itemgap>
		<control type="group">
		<control type="label">
			<label>[B]דירוג סרטים:[/B]</label>
			<font>Font-Bar</font>
			<textcolor>orange</textcolor>
			<width>170</width>
			<height>52</height>
			<align>right</align>
			<posx>285</posx>
			<posy>-10</posy>
			<align>center</align>
		</control>
		<control type="label">
			<label>[B]לא קיים[/B]</label>
			<visible>IsEmpty(Container(33).ListItem.Rating)</visible>
			<font>Font-Bar</font>
			<textcolor>cyan</textcolor>
			<width>150</width>
			<height>52</height>
			<align>right</align>
			<posx>120</posx>
			<posy>-10</posy>
			<align>center</align>
		</control>		
		<control type="label">
			<label>[B]$INFO[Container(33).ListItem.Rating][/B]</label>
			<font>font-20</font>
			<textcolor>yellow</textcolor>
			<width>110</width>
			<height>52</height>
			<posx>120</posx>
			<posy>-7</posy>
			<align>right</align>
		</control>
		</control>

		<control type="group">
		<control type="label">
			<label>[B]זמן הסרט:[/B]</label>
			<font>Font-Bar</font>
			<textcolor>orange</textcolor>
			<width>170</width>
			<height>52</height>
			<align>right</align>
			<posx>285</posx>
			<posy>-10</posy>
			<align>center</align>
		</control>
		<control type="label">
			<label>[B]לא קיים[/B]</label>
			<visible>IsEmpty(Container(33).ListItem.Duration)</visible>
			<font>Font-Bar</font>
			<textcolor>cyan</textcolor>
			<width>150</width>
			<height>52</height>
			<align>right</align>
			<posx>120</posx>
			<posy>-10</posy>
			<align>center</align>
		</control>		
		<control type="label">
			<label>[B]$INFO[Container(33).ListItem.Duration][/B]</label>
			<font>font-20</font>
			<textcolor>cyan</textcolor>
			<width>110</width>
			<height>52</height>
			<posx>120</posx>
			<posy>-7</posy>
			<align>right</align>
		</control>
		</control>

		
		
		<control type="group">
		<control type="label">
			<label>[B]כמות הצבעות:[/B]</label>
			<font>Font-Bar</font>
			<textcolor>orange</textcolor>
			<width>170</width>
			<height>52</height>
			<align>right</align>
			<posx>285</posx>
			<posy>-10</posy>
			<align>center</align>
		</control>
		<control type="label">
			<label>[B]לא קיים[/B]</label>
			<visible>IsEmpty(Container(33).ListItem.Votes)</visible>
			<font>Font-Bar</font>
			<textcolor>cyan</textcolor>
			<width>150</width>
			<height>52</height>
			<align>right</align>
			<posx>120</posx>
			<posy>-10</posy>
			<align>center</align>
		</control>		
		<control type="label">
			<label>[B]$INFO[Container(33).ListItem.Votes][/B]</label>
			<font>font-20</font>
			<textcolor>red</textcolor>
			<width>110</width>
			<height>52</height>
			<posx>120</posx>
			<posy>-7</posy>
			<align>right</align>
		</control>
		</control>
	

		<control type="group">
		<control type="label">
			<label>[B]איכות הסרט:[/B]</label>
			<font>Font-Bar</font>
			<textcolor>orange</textcolor>
			<width>170</width>
			<height>52</height>
			<align>right</align>
			<posx>285</posx>
			<posy>-10</posy>
			<align>center</align>
		</control>
		<control type="label">
			<label>[B]לא קיים[/B]</label>
			<visible>IsEmpty(Container(33).ListItem.VideoResolution)</visible>
			<font>Font-Bar</font>
			<textcolor>cyan</textcolor>
			<width>150</width>
			<height>52</height>
			<align>right</align>
			<posx>120</posx>
			<posy>-10</posy>
			<align>center</align>
		</control>
		<control type="label">
			<label>[B]$INFO[Container(33).ListItem.VideoResolution][/B]</label>
			<font>font-20</font>
			<textcolor>cyan</textcolor>
			<width>110</width>
			<height>52</height>
			<posx>120</posx>
			<posy>-7</posy>
			<align>right</align>
		</control>
		</control>
		

		<control type="group">
		<control type="label">
			<label>[B]שנת הסרט:[/B]</label>
			<font>Font-Bar</font>
			<textcolor>orange</textcolor>
			<width>170</width>
			<height>52</height>
			<align>right</align>
			<posx>285</posx>
			<posy>-10</posy>
			<align>center</align>
		</control>
		<control type="label">
			<label>[B]לא קיים[/B]</label>
			<visible>IsEmpty(Container(33).ListItem.Year)</visible>
			<font>Font-Bar</font>
			<textcolor>cyan</textcolor>
			<width>150</width>
			<height>52</height>
			<align>right</align>
			<posx>120</posx>
			<posy>-10</posy>
			<align>center</align>
		</control>
		<control type="label">
			<label>[B]$INFO[Container(33).ListItem.Year][/B]</label>
			<font>font-20</font>
			<textcolor>lime</textcolor>
			<width>110</width>
			<height>52</height>
			<posx>120</posx>
			<posy>-7</posy>
			<align>right</align>
		</control>
		</control>
	
		<control type="group">
		<control type="label">
			<label>[B]קידוד הסרט:[/B]</label>
			<font>Font-Bar</font>
			<textcolor>orange</textcolor>
			<width>170</width>
			<height>52</height>
			<align>right</align>
			<posx>285</posx>
			<posy>-10</posy>
			<align>center</align>
		</control>
		<control type="label">
			<label>[B]לא קיים[/B]</label>
			<visible>IsEmpty(Container(33).ListItem.VideoAspect)</visible>
			<font>Font-Bar</font>
			<textcolor>cyan</textcolor>
			<width>150</width>
			<height>52</height>
			<align>right</align>
			<posx>120</posx>
			<posy>-10</posy>
			<align>center</align>
		</control>
		<control type="label">
			<label>[B]$INFO[Container(33).ListItem.VideoAspect][/B]</label>
			<font>font-20</font>
			<textcolor>cyan</textcolor>
			<width>110</width>
			<height>52</height>
			<posx>120</posx>
			<posy>-7</posy>
			<align>right</align>
		</control>
		</control>
			</control>
			
			
	        <control type="label">
			<visible>Control.HasFocus(33)</visible>
			<posy>140</posy>
			<posx>400</posx>
            <width>1000</width>
            <height>50</height>
            <align>center</align>
			<font>Font-ListInfo-Bold</font>
            <textcolor>lime</textcolor>
			<scroll>true</scroll>
            <label>[B]$INFO[Container(33).ListItem.Label][/B]</label>
			</control>
			
			<control type="label">
			<visible>Control.HasFocus(33)</visible>
			<posy>140</posy>
			<posx>1600</posx>
			<width>300</width>
			<height>50</height>
			<align>center</align>
			<textcolor>orange</textcolor>
			 <font>Font-ListInfo-Bold</font>
			<label>[B]$INFO[Container(33).ListItem.Genre][/B]</label>
			<scroll>true</scroll>
			</control>
					
            <control type="label">
			<visible>Control.HasFocus(33)</visible>
			<posy>143</posy>
			<posx>95</posx>
			<width>600</width>
			<height>50</height>
			<align>right</align>
            <font>Font-ListInfo-Bold</font>
			<textcolor>yellow</textcolor>
            <label>$INFO[Container(33).NumItems]</label>
            </control>
			
		    <control type="label">
			<visible>Control.HasFocus(33)</visible>
			<posy>140</posy>
			<posx>250</posx>
			<width>600</width>
			<height>50</height>
			<align>right</align>
            <font>Font-ListInfo-Bold</font>
			<textcolor>orange</textcolor>
            <label>כמות תוכן: </label>
            </control>


<!--end empty info-->

           <control type="list" id="33">
                <left>-40</left>
                <top>620</top>
                <height>420</height>
                <width>1540</width>
                <onleft>PreviousChannelGroup</onleft>
                <onright>NextChannelGroup</onright>
                <orientation>horizontal</orientation>
				<onup>SetFocus(34)</onup>
				<ondown>SetFocus(32)</ondown>
                <itemlayout height="650" width="280">
                    <control type="image">
                        <width>100%</width>
                        <height>100%</height>
                        <texture colordiffuse="0fffffff">common/selected.png</texture>
                        <aspectratio>scale</aspectratio>
                        <visible>ListItem.IsPlaying</visible>
                    </control>
                    <control type="image">
                        <left>22</left>
                        <top>12</top>  
                        <width>300</width>
                        <height>300</height>
						<bordertexture colordiffuse="white">common/white.png</bordertexture>
						<bordersize>1</bordersize>	
                        <texture>$INFO[ListItem.Thumb]</texture>
                        <aspectratio>keep</aspectratio>
                    </control>
                    <control type="label">
                        <left>560</left>
                        <width>70</width>
                        <height>70</height>
                        <align>left</align>                 
                        <label>$INFO[ListItem.ChannelNumberLabel]</label>
                        <selectedcolor>ListLabel</selectedcolor>
                    </control>
                    <control type="label">
                        <left>130</left>
                        <height>70</height>
                        <width>400</width>
                        <align>left</align>
                        <textcolor>ListLabel</textcolor>
                        <label>$INFO[ListItem.ChannelName]</label>
                        <selectedcolor>ListLabel</selectedcolor>
                    </control>
                </itemlayout>
                <focusedlayout height="650" width="280">
                    <control type="image">
                        <width>100%</width>
                        <height>100%</height>
                        <texture colordiffuse="1fffffff">common/selected.png</texture>
                        <aspectratio>scale</aspectratio>
                        <visible>ListItem.IsPlaying</visible>
                    </control>
                    <control type="image">
                        <left>22</left>
                        <top>12</top>  
                        <width>300</width>
                        <height>300</height>
						<bordertexture colordiffuse="red">common/white.png</bordertexture>
						<bordersize>8</bordersize>		
                        <texture>$INFO[ListItem.Thumb]</texture>
                        <aspectratio>keep</aspectratio>
                    </control>
                    <control type="label">
                        <left>560</left>
                        <width>70</width>
                        <height>70</height>
                        <align>left</align>
<!-- Modification Label -->                        
                        <label>$INFO[ListItem.ChannelNumberLabel]</label>
                        <selectedcolor>Selected</selectedcolor>
                        <textcolor>Selected</textcolor>
                    </control>
       <!--             <control type="label">
                        <left>138</left>
                        <top>50</top>
                       <width>400</width>
                        <height>18</height>
						 <align>right</align>
                        <reveal>true</reveal>
                        <label>$INFO[ListItem.Label]</label>
                    </control>-->
                    <control type="label">
                        <left>130</left>
                        <height>70</height>
                        <width>400</width>
                        <align>left</align>
                        <textcolor>Selected</textcolor>
                        <label>$INFO[ListItem.ChannelName]</label>
                        <selectedcolor>Selected</selectedcolor>
                    </control>
                </focusedlayout>
				<content>plugin://plugin.video.TheFirstAvenger/?cat_level=%20&amp;count=0&amp;description=%d7%94%d7%a8%d7%a4%d7%aa%d7%a7%d7%90%d7%95%d7%aa&amp;fanart=https%3a%2f%2fwww.planwallpaper.com%2fstatic%2fimages%2f2015-wallpaper_111525594_269.jpg&amp;iconimage=http%3a%2f%2fwww.hdiphone6wallpapers.net%2fiphone-6-backgrounds%2fiphone-6-wallpapers-1%2fiphone-6-wallpapers-hd-722bq7l7-1080x1920.jpg&amp;index_depth=0&amp;lang=eng&amp;mode=12&amp;name=%d7%94%d7%a8%d7%a4%d7%aa%d7%a7%d7%90%d7%95%d7%aa&amp;page&amp;selected_list=%20&amp;url=www&quot</content>
			</control>
        </control>
</controls>		
		


	


    <defaultcontrol always="true">34</defaultcontrol>
   	<onload>ClearProperty(quicknavsetup,home)</onload>
	<onunload>ClearProperty(quicknavsetup,home)</onunload>	
	<preloaditems>2</preloaditems>
	<controls>
    
        <control type="group">
            <visible>!Window.IsActive(DialogPVRGuideInfo.xml)</visible>
			<visible>!Window.IsActive(Textbox.xml)</visible>
			<visible>Control.HasFocus(34)</visible>
			<visible>!Player.HasVideo</visible>
	
            <control type="label">
                <left>30</left>
                <top>pad</top>
                <width>400</width>
                <height>70</height>
                <align>left</align>
                <font>Font-WidgetInfoTitle</font>
                <label>$INFO[VideoPlayer.ChannelGroup]</label>
            </control>
			
			<control type="textbox">
			<visible>Control.HasFocus(34)</visible>
			<posx>0</posx>
			<posy>240</posy>
			<width>980</width>
			<height>280</height>
			<align>right</align>
			<autoscroll time="5000" delay="2000" repeat="2000"></autoscroll>
			<label>[B]$INFO[Container(34).ListItem.Plot][/B]</label>
			</control>
			
			<control type="image">
			<visible>Control.HasFocus(34)</visible>
			<posx>1000</posx>
			<posy>235</posy>
			<height>280</height>
			<width>540</width>
			<bordertexture colordiffuse="black">common/white.png</bordertexture>
			<bordersize>1</bordersize>
			<texture>$INFO[Container(34).ListItem.Art(fanart)]</texture>
			</control>
			
			<control type="label">
			<visible>Control.HasFocus(34)</visible>
			<posx>620</posx>
			<posy>30</posy>
            <width>558</width>
            <height>128</height>
            <label>[B]מדע בדיוני[/B]</label>
			<align>center</align>
			<textcolor>white</textcolor>
			<font>Font-ListInfo-Bold1</font>    
			</control>
			
			<control type="grouplist">
		<posx>10</posx>
		<posy>950</posy>
		<orientation>horizontal</orientation>
		<itemgap>320</itemgap>
		<control type="group">
		<control type="label">
			<label>[B]דירוג סרטים:[/B]</label>
			<font>Font-Bar</font>
			<textcolor>orange</textcolor>
			<width>170</width>
			<height>52</height>
			<align>right</align>
			<posx>285</posx>
			<posy>-10</posy>
			<align>center</align>
		</control>
		<control type="label">
			<label>[B]לא קיים[/B]</label>
			<visible>IsEmpty(Container(34).ListItem.Rating)</visible>
			<font>Font-Bar</font>
			<textcolor>cyan</textcolor>
			<width>150</width>
			<height>52</height>
			<align>right</align>
			<posx>120</posx>
			<posy>-10</posy>
			<align>center</align>
		</control>		
		<control type="label">
			<label>[B]$INFO[Container(34).ListItem.Rating][/B]</label>
			<font>font-20</font>
			<textcolor>yellow</textcolor>
			<width>110</width>
			<height>52</height>
			<posx>120</posx>
			<posy>-7</posy>
			<align>right</align>
		</control>
		</control>

		<control type="group">
		<control type="label">
			<label>[B]זמן הסרט:[/B]</label>
			<font>Font-Bar</font>
			<textcolor>orange</textcolor>
			<width>170</width>
			<height>52</height>
			<align>right</align>
			<posx>285</posx>
			<posy>-10</posy>
			<align>center</align>
		</control>
		<control type="label">
			<label>[B]לא קיים[/B]</label>
			<visible>IsEmpty(Container(34).ListItem.Duration)</visible>
			<font>Font-Bar</font>
			<textcolor>cyan</textcolor>
			<width>150</width>
			<height>52</height>
			<align>right</align>
			<posx>120</posx>
			<posy>-10</posy>
			<align>center</align>
		</control>		
		<control type="label">
			<label>[B]$INFO[Container(34).ListItem.Duration][/B]</label>
			<font>font-20</font>
			<textcolor>cyan</textcolor>
			<width>110</width>
			<height>52</height>
			<posx>120</posx>
			<posy>-7</posy>
			<align>right</align>
		</control>
		</control>

		
		
		<control type="group">
		<control type="label">
			<label>[B]כמות הצבעות:[/B]</label>
			<font>Font-Bar</font>
			<textcolor>orange</textcolor>
			<width>170</width>
			<height>52</height>
			<align>right</align>
			<posx>285</posx>
			<posy>-10</posy>
			<align>center</align>
		</control>
		<control type="label">
			<label>[B]לא קיים[/B]</label>
			<visible>IsEmpty(Container(34).ListItem.Votes)</visible>
			<font>Font-Bar</font>
			<textcolor>cyan</textcolor>
			<width>150</width>
			<height>52</height>
			<align>right</align>
			<posx>120</posx>
			<posy>-10</posy>
			<align>center</align>
		</control>		
		<control type="label">
			<label>[B]$INFO[Container(34).ListItem.Votes][/B]</label>
			<font>font-20</font>
			<textcolor>red</textcolor>
			<width>110</width>
			<height>52</height>
			<posx>120</posx>
			<posy>-7</posy>
			<align>right</align>
		</control>
		</control>
	

		<control type="group">
		<control type="label">
			<label>[B]איכות הסרט:[/B]</label>
			<font>Font-Bar</font>
			<textcolor>orange</textcolor>
			<width>170</width>
			<height>52</height>
			<align>right</align>
			<posx>285</posx>
			<posy>-10</posy>
			<align>center</align>
		</control>
		<control type="label">
			<label>[B]לא קיים[/B]</label>
			<visible>IsEmpty(Container(34).ListItem.VideoResolution)</visible>
			<font>Font-Bar</font>
			<textcolor>cyan</textcolor>
			<width>150</width>
			<height>52</height>
			<align>right</align>
			<posx>120</posx>
			<posy>-10</posy>
			<align>center</align>
		</control>
		<control type="label">
			<label>[B]$INFO[Container(34).ListItem.VideoResolution][/B]</label>
			<font>font-20</font>
			<textcolor>cyan</textcolor>
			<width>110</width>
			<height>52</height>
			<posx>120</posx>
			<posy>-7</posy>
			<align>right</align>
		</control>
		</control>
		

		<control type="group">
		<control type="label">
			<label>[B]שנת הסרט:[/B]</label>
			<font>Font-Bar</font>
			<textcolor>orange</textcolor>
			<width>170</width>
			<height>52</height>
			<align>right</align>
			<posx>285</posx>
			<posy>-10</posy>
			<align>center</align>
		</control>
		<control type="label">
			<label>[B]לא קיים[/B]</label>
			<visible>IsEmpty(Container(34).ListItem.Year)</visible>
			<font>Font-Bar</font>
			<textcolor>cyan</textcolor>
			<width>150</width>
			<height>52</height>
			<align>right</align>
			<posx>120</posx>
			<posy>-10</posy>
			<align>center</align>
		</control>
		<control type="label">
			<label>[B]$INFO[Container(34).ListItem.Year][/B]</label>
			<font>font-20</font>
			<textcolor>lime</textcolor>
			<width>110</width>
			<height>52</height>
			<posx>120</posx>
			<posy>-7</posy>
			<align>right</align>
		</control>
		</control>
	
		<control type="group">
		<control type="label">
			<label>[B]קידוד הסרט:[/B]</label>
			<font>Font-Bar</font>
			<textcolor>orange</textcolor>
			<width>170</width>
			<height>52</height>
			<align>right</align>
			<posx>285</posx>
			<posy>-10</posy>
			<align>center</align>
		</control>
		<control type="label">
			<label>[B]לא קיים[/B]</label>
			<visible>IsEmpty(Container(34).ListItem.VideoAspect)</visible>
			<font>Font-Bar</font>
			<textcolor>cyan</textcolor>
			<width>150</width>
			<height>52</height>
			<align>right</align>
			<posx>120</posx>
			<posy>-10</posy>
			<align>center</align>
		</control>
		<control type="label">
			<label>[B]$INFO[Container(34).ListItem.VideoAspect][/B]</label>
			<font>font-20</font>
			<textcolor>cyan</textcolor>
			<width>110</width>
			<height>52</height>
			<posx>120</posx>
			<posy>-7</posy>
			<align>right</align>
		</control>
		</control>
			</control>
			
			
	        <control type="label">
			<visible>Control.HasFocus(34)</visible>
			<posy>140</posy>
			<posx>400</posx>
            <width>1000</width>
            <height>50</height>
            <align>center</align>
			<font>Font-ListInfo-Bold</font>
            <textcolor>lime</textcolor>
			<scroll>true</scroll>
            <label>[B]$INFO[Container(34).ListItem.Label][/B]</label>
			</control>
			
			<control type="label">
			<visible>Control.HasFocus(34)</visible>
			<posy>140</posy>
			<posx>1600</posx>
			<width>300</width>
			<height>50</height>
			<align>center</align>
			<textcolor>orange</textcolor>
			 <font>Font-ListInfo-Bold</font>
			<label>[B]$INFO[Container(34).ListItem.Genre][/B]</label>
			<scroll>true</scroll>
			</control>
					
            <control type="label">
			<visible>Control.HasFocus(34)</visible>
			<posy>143</posy>
			<posx>95</posx>
			<width>600</width>
			<height>50</height>
			<align>right</align>
            <font>Font-ListInfo-Bold</font>
			<textcolor>yellow</textcolor>
            <label>$INFO[Container(34).NumItems]</label>
            </control>
			
		    <control type="label">
			<visible>Control.HasFocus(34)</visible>
			<posy>140</posy>
			<posx>250</posx>
			<width>600</width>
			<height>50</height>
			<align>right</align>
            <font>Font-ListInfo-Bold</font>
			<textcolor>orange</textcolor>
            <label>כמות תוכן: </label>
            </control>


<!--end empty info-->

           <control type="list" id="34">
                <left>-40</left>
                <top>620</top>
                <height>420</height>
                <width>1540</width>
                <onleft>PreviousChannelGroup</onleft>
                <onright>NextChannelGroup</onright>
                <orientation>horizontal</orientation>
				<onup>SetFocus(35)</onup>
				<ondown>SetFocus(33)</ondown>
                <itemlayout height="650" width="280">
                    <control type="image">
                        <width>100%</width>
                        <height>100%</height>
                        <texture colordiffuse="0fffffff">common/selected.png</texture>
                        <aspectratio>scale</aspectratio>
                        <visible>ListItem.IsPlaying</visible>
                    </control>
                    <control type="image">
                        <left>22</left>
                        <top>12</top>  
                        <width>300</width>
                        <height>300</height>
						<bordertexture colordiffuse="white">common/white.png</bordertexture>
						<bordersize>1</bordersize>	
                        <texture>$INFO[ListItem.Thumb]</texture>
                        <aspectratio>keep</aspectratio>
                    </control>
                    <control type="label">
                        <left>560</left>
                        <width>70</width>
                        <height>70</height>
                        <align>left</align>                 
                        <label>$INFO[ListItem.ChannelNumberLabel]</label>
                        <selectedcolor>ListLabel</selectedcolor>
                    </control>
                    <control type="label">
                        <left>130</left>
                        <height>70</height>
                        <width>400</width>
                        <align>left</align>
                        <textcolor>ListLabel</textcolor>
                        <label>$INFO[ListItem.ChannelName]</label>
                        <selectedcolor>ListLabel</selectedcolor>
                    </control>
                </itemlayout>
                <focusedlayout height="650" width="280">
                    <control type="image">
                        <width>100%</width>
                        <height>100%</height>
                        <texture colordiffuse="1fffffff">common/selected.png</texture>
                        <aspectratio>scale</aspectratio>
                        <visible>ListItem.IsPlaying</visible>
                    </control>
                    <control type="image">
                        <left>22</left>
                        <top>12</top>  
                        <width>300</width>
                        <height>300</height>
						<bordertexture colordiffuse="red">common/white.png</bordertexture>
						<bordersize>8</bordersize>		
                        <texture>$INFO[ListItem.Thumb]</texture>
                        <aspectratio>keep</aspectratio>
                    </control>
                    <control type="label">
                        <left>560</left>
                        <width>70</width>
                        <height>70</height>
                        <align>left</align>
<!-- Modification Label -->                        
                        <label>$INFO[ListItem.ChannelNumberLabel]</label>
                        <selectedcolor>Selected</selectedcolor>
                        <textcolor>Selected</textcolor>
                    </control>
       <!--             <control type="label">
                        <left>138</left>
                        <top>50</top>
                       <width>400</width>
                        <height>18</height>
						 <align>right</align>
                        <reveal>true</reveal>
                        <label>$INFO[ListItem.Label]</label>
                    </control>-->
                    <control type="label">
                        <left>130</left>
                        <height>70</height>
                        <width>400</width>
                        <align>left</align>
                        <textcolor>Selected</textcolor>
                        <label>$INFO[ListItem.ChannelName]</label>
                        <selectedcolor>Selected</selectedcolor>
                    </control>
                </focusedlayout>
				<content>plugin://plugin.video.TheFirstAvenger/?cat_level=%20&amp;count=0&amp;description=%d7%9e%d7%93%d7%a2%20%d7%91%d7%93%d7%99%d7%95%d7%a0%d7%99&amp;fanart=https%3a%2f%2fwww.planwallpaper.com%2fstatic%2fimages%2f2015-wallpaper_111525594_269.jpg&amp;iconimage=http%3a%2f%2fwww.hdiphone6wallpapers.net%2fiphone-6-backgrounds%2fiphone-6-wallpapers-1%2fiphone-6-wallpapers-hd-722bq7l7-1080x1920.jpg&amp;index_depth=0&amp;lang=eng&amp;mode=12&amp;name=%d7%9e%d7%93%d7%a2%20%d7%91%d7%93%d7%99%d7%95%d7%a0%d7%99&amp;page&amp;selected_list=%20&amp;url=www&quot</content>
			</control>
        </control>	
			</controls>
			
			

    <defaultcontrol always="true">35</defaultcontrol>
   	<onload>ClearProperty(quicknavsetup,home)</onload>
	<onunload>ClearProperty(quicknavsetup,home)</onunload>	
	<preloaditems>2</preloaditems>
	<controls>
    
        <control type="group">
            <visible>!Window.IsActive(DialogPVRGuideInfo.xml)</visible>
			<visible>!Window.IsActive(Textbox.xml)</visible>
			<visible>Control.HasFocus(35)</visible>
			<visible>!Player.HasVideo</visible>
	
            <control type="label">
                <left>30</left>
                <top>pad</top>
                <width>400</width>
                <height>70</height>
                <align>left</align>
                <font>Font-WidgetInfoTitle</font>
                <label>$INFO[VideoPlayer.ChannelGroup]</label>
            </control>
			
			<control type="textbox">
			<visible>Control.HasFocus(35)</visible>
			<posx>0</posx>
			<posy>240</posy>
			<width>980</width>
			<height>280</height>
			<align>right</align>
			<autoscroll time="5000" delay="2000" repeat="2000"></autoscroll>
			<label>[B]$INFO[Container(35).ListItem.Plot][/B]</label>
			</control>
			
			<control type="image">
			<visible>Control.HasFocus(35)</visible>
			<posx>1000</posx>
			<posy>235</posy>
			<height>280</height>
			<width>540</width>
			<bordertexture colordiffuse="black">common/white.png</bordertexture>
			<bordersize>1</bordersize>
			<texture>$INFO[Container(35).ListItem.Art(fanart)]</texture>
			</control>
			
			<control type="label">
			<visible>Control.HasFocus(35)</visible>
			<posx>620</posx>
			<posy>30</posy>
            <width>558</width>
            <height>128</height>
            <label>[B]מותחן[/B]</label>
			<align>center</align>
			<textcolor>white</textcolor>
			<font>Font-ListInfo-Bold1</font>    
			</control>
			
			<control type="grouplist">
		<posx>10</posx>
		<posy>950</posy>
		<orientation>horizontal</orientation>
		<itemgap>320</itemgap>
		<control type="group">
		<control type="label">
			<label>[B]דירוג סרטים:[/B]</label>
			<font>Font-Bar</font>
			<textcolor>orange</textcolor>
			<width>170</width>
			<height>52</height>
			<align>right</align>
			<posx>285</posx>
			<posy>-10</posy>
			<align>center</align>
		</control>
		<control type="label">
			<label>[B]לא קיים[/B]</label>
			<visible>IsEmpty(Container(35).ListItem.Rating)</visible>
			<font>Font-Bar</font>
			<textcolor>cyan</textcolor>
			<width>150</width>
			<height>52</height>
			<align>right</align>
			<posx>120</posx>
			<posy>-10</posy>
			<align>center</align>
		</control>		
		<control type="label">
			<label>[B]$INFO[Container(35).ListItem.Rating][/B]</label>
			<font>font-20</font>
			<textcolor>yellow</textcolor>
			<width>110</width>
			<height>52</height>
			<posx>120</posx>
			<posy>-7</posy>
			<align>right</align>
		</control>
		</control>

		<control type="group">
		<control type="label">
			<label>[B]זמן הסרט:[/B]</label>
			<font>Font-Bar</font>
			<textcolor>orange</textcolor>
			<width>170</width>
			<height>52</height>
			<align>right</align>
			<posx>285</posx>
			<posy>-10</posy>
			<align>center</align>
		</control>
		<control type="label">
			<label>[B]לא קיים[/B]</label>
			<visible>IsEmpty(Container(35).ListItem.Duration)</visible>
			<font>Font-Bar</font>
			<textcolor>cyan</textcolor>
			<width>150</width>
			<height>52</height>
			<align>right</align>
			<posx>120</posx>
			<posy>-10</posy>
			<align>center</align>
		</control>		
		<control type="label">
			<label>[B]$INFO[Container(35).ListItem.Duration][/B]</label>
			<font>font-20</font>
			<textcolor>cyan</textcolor>
			<width>110</width>
			<height>52</height>
			<posx>120</posx>
			<posy>-7</posy>
			<align>right</align>
		</control>
		</control>

		
		
		<control type="group">
		<control type="label">
			<label>[B]כמות הצבעות:[/B]</label>
			<font>Font-Bar</font>
			<textcolor>orange</textcolor>
			<width>170</width>
			<height>52</height>
			<align>right</align>
			<posx>285</posx>
			<posy>-10</posy>
			<align>center</align>
		</control>
		<control type="label">
			<label>[B]לא קיים[/B]</label>
			<visible>IsEmpty(Container(35).ListItem.Votes)</visible>
			<font>Font-Bar</font>
			<textcolor>cyan</textcolor>
			<width>150</width>
			<height>52</height>
			<align>right</align>
			<posx>120</posx>
			<posy>-10</posy>
			<align>center</align>
		</control>		
		<control type="label">
			<label>[B]$INFO[Container(35).ListItem.Votes][/B]</label>
			<font>font-20</font>
			<textcolor>red</textcolor>
			<width>110</width>
			<height>52</height>
			<posx>120</posx>
			<posy>-7</posy>
			<align>right</align>
		</control>
		</control>
	

		<control type="group">
		<control type="label">
			<label>[B]איכות הסרט:[/B]</label>
			<font>Font-Bar</font>
			<textcolor>orange</textcolor>
			<width>170</width>
			<height>52</height>
			<align>right</align>
			<posx>285</posx>
			<posy>-10</posy>
			<align>center</align>
		</control>
		<control type="label">
			<label>[B]לא קיים[/B]</label>
			<visible>IsEmpty(Container(35).ListItem.VideoResolution)</visible>
			<font>Font-Bar</font>
			<textcolor>cyan</textcolor>
			<width>150</width>
			<height>52</height>
			<align>right</align>
			<posx>120</posx>
			<posy>-10</posy>
			<align>center</align>
		</control>
		<control type="label">
			<label>[B]$INFO[Container(35).ListItem.VideoResolution][/B]</label>
			<font>font-20</font>
			<textcolor>cyan</textcolor>
			<width>110</width>
			<height>52</height>
			<posx>120</posx>
			<posy>-7</posy>
			<align>right</align>
		</control>
		</control>
		

		<control type="group">
		<control type="label">
			<label>[B]שנת הסרט:[/B]</label>
			<font>Font-Bar</font>
			<textcolor>orange</textcolor>
			<width>170</width>
			<height>52</height>
			<align>right</align>
			<posx>285</posx>
			<posy>-10</posy>
			<align>center</align>
		</control>
		<control type="label">
			<label>[B]לא קיים[/B]</label>
			<visible>IsEmpty(Container(35).ListItem.Year)</visible>
			<font>Font-Bar</font>
			<textcolor>cyan</textcolor>
			<width>150</width>
			<height>52</height>
			<align>right</align>
			<posx>120</posx>
			<posy>-10</posy>
			<align>center</align>
		</control>
		<control type="label">
			<label>[B]$INFO[Container(35).ListItem.Year][/B]</label>
			<font>font-20</font>
			<textcolor>lime</textcolor>
			<width>110</width>
			<height>52</height>
			<posx>120</posx>
			<posy>-7</posy>
			<align>right</align>
		</control>
		</control>
	
		<control type="group">
		<control type="label">
			<label>[B]קידוד הסרט:[/B]</label>
			<font>Font-Bar</font>
			<textcolor>orange</textcolor>
			<width>170</width>
			<height>52</height>
			<align>right</align>
			<posx>285</posx>
			<posy>-10</posy>
			<align>center</align>
		</control>
		<control type="label">
			<label>[B]לא קיים[/B]</label>
			<visible>IsEmpty(Container(35).ListItem.VideoAspect)</visible>
			<font>Font-Bar</font>
			<textcolor>cyan</textcolor>
			<width>150</width>
			<height>52</height>
			<align>right</align>
			<posx>120</posx>
			<posy>-10</posy>
			<align>center</align>
		</control>
		<control type="label">
			<label>[B]$INFO[Container(35).ListItem.VideoAspect][/B]</label>
			<font>font-20</font>
			<textcolor>cyan</textcolor>
			<width>110</width>
			<height>52</height>
			<posx>120</posx>
			<posy>-7</posy>
			<align>right</align>
		</control>
		</control>
			</control>
			
			
	        <control type="label">
			<visible>Control.HasFocus(35)</visible>
			<posy>140</posy>
			<posx>400</posx>
            <width>1000</width>
            <height>50</height>
            <align>center</align>
			<font>Font-ListInfo-Bold</font>
            <textcolor>lime</textcolor>
			<scroll>true</scroll>
            <label>[B]$INFO[Container(35).ListItem.Label][/B]</label>
			</control>
			
			<control type="label">
			<visible>Control.HasFocus(35)</visible>
			<posy>140</posy>
			<posx>1600</posx>
			<width>300</width>
			<height>50</height>
			<align>center</align>
			<textcolor>orange</textcolor>
			 <font>Font-ListInfo-Bold</font>
			<label>[B]$INFO[Container(35).ListItem.Genre][/B]</label>
			<scroll>true</scroll>
			</control>
					
            <control type="label">
			<visible>Control.HasFocus(35)</visible>
			<posy>143</posy>
			<posx>95</posx>
			<width>600</width>
			<height>50</height>
			<align>right</align>
            <font>Font-ListInfo-Bold</font>
			<textcolor>yellow</textcolor>
            <label>$INFO[Container(35).NumItems]</label>
            </control>
			
		    <control type="label">
			<visible>Control.HasFocus(35)</visible>
			<posy>140</posy>
			<posx>250</posx>
			<width>600</width>
			<height>50</height>
			<align>right</align>
            <font>Font-ListInfo-Bold</font>
			<textcolor>orange</textcolor>
            <label>כמות תוכן: </label>
            </control>


<!--end empty info-->

           <control type="list" id="35">
                <left>-40</left>
                <top>620</top>
                <height>420</height>
                <width>1540</width>
                <onleft>PreviousChannelGroup</onleft>
                <onright>NextChannelGroup</onright>
                <orientation>horizontal</orientation>
				<onup>SetFocus(30)</onup>
				<ondown>SetFocus(34)</ondown>
                <itemlayout height="650" width="280">
                    <control type="image">
                        <width>100%</width>
                        <height>100%</height>
                        <texture colordiffuse="0fffffff">common/selected.png</texture>
                        <aspectratio>scale</aspectratio>
                        <visible>ListItem.IsPlaying</visible>
                    </control>
                    <control type="image">
                        <left>22</left>
                        <top>12</top>  
                        <width>300</width>
                        <height>300</height>
						<bordertexture colordiffuse="white">common/white.png</bordertexture>
						<bordersize>1</bordersize>	
                        <texture>$INFO[ListItem.Thumb]</texture>
                        <aspectratio>keep</aspectratio>
                    </control>
                    <control type="label">
                        <left>560</left>
                        <width>70</width>
                        <height>70</height>
                        <align>left</align>                 
                        <label>$INFO[ListItem.ChannelNumberLabel]</label>
                        <selectedcolor>ListLabel</selectedcolor>
                    </control>
                    <control type="label">
                        <left>130</left>
                        <height>70</height>
                        <width>400</width>
                        <align>left</align>
                        <textcolor>ListLabel</textcolor>
                        <label>$INFO[ListItem.ChannelName]</label>
                        <selectedcolor>ListLabel</selectedcolor>
                    </control>
                </itemlayout>
                <focusedlayout height="650" width="280">
                    <control type="image">
                        <width>100%</width>
                        <height>100%</height>
                        <texture colordiffuse="1fffffff">common/selected.png</texture>
                        <aspectratio>scale</aspectratio>
                        <visible>ListItem.IsPlaying</visible>
                    </control>
                    <control type="image">
                        <left>22</left>
                        <top>12</top>  
                        <width>300</width>
                        <height>300</height>
						<bordertexture colordiffuse="red">common/white.png</bordertexture>
						<bordersize>8</bordersize>		
                        <texture>$INFO[ListItem.Thumb]</texture>
                        <aspectratio>keep</aspectratio>
                    </control>
                    <control type="label">
                        <left>560</left>
                        <width>70</width>
                        <height>70</height>
                        <align>left</align>
<!-- Modification Label -->                        
                        <label>$INFO[ListItem.ChannelNumberLabel]</label>
                        <selectedcolor>Selected</selectedcolor>
                        <textcolor>Selected</textcolor>
                    </control>
       <!--             <control type="label">
                        <left>138</left>
                        <top>50</top>
                       <width>400</width>
                        <height>18</height>
						 <align>right</align>
                        <reveal>true</reveal>
                        <label>$INFO[ListItem.Label]</label>
                    </control>-->
                    <control type="label">
                        <left>130</left>
                        <height>70</height>
                        <width>400</width>
                        <align>left</align>
                        <textcolor>Selected</textcolor>
                        <label>$INFO[ListItem.ChannelName]</label>
                        <selectedcolor>Selected</selectedcolor>
                    </control>
                </focusedlayout>
				<content>plugin://plugin.video.TheFirstAvenger/?cat_level=%20&amp;count=0&amp;description=%d7%9e%d7%95%d7%aa%d7%97%d7%9f&amp;fanart=https%3a%2f%2fwww.planwallpaper.com%2fstatic%2fimages%2f2015-wallpaper_111525594_269.jpg&amp;iconimage=http%3a%2f%2fwww.hdiphone6wallpapers.net%2fiphone-6-backgrounds%2fiphone-6-wallpapers-1%2fiphone-6-wallpapers-hd-722bq7l7-1080x1920.jpg&amp;index_depth=0&amp;lang=eng&amp;mode=12&amp;name=%d7%9e%d7%95%d7%aa%d7%97%d7%9f&amp;page&amp;selected_list=%20&amp;url=www&quot</content>
			</control>
        </control>		
		
		
		<control type="group">
		<posx>300</posx>
		<posy>380</posy>
		<visible>!Player.HasVideo</visible>
		<visible>!Window.IsVisible(Textbox.xml)</visible>
		<visible>Integer.IsLess(Container(30).NumItems,5) | Integer.IsLess(Container(31).NumItems,5) | Integer.IsLess(Container(32).NumItems,5) | Integer.IsLess(Container(33).NumItems,5) | Integer.IsLess(Container(34).NumItems,5) | Integer.IsLess(Container(35).NumItems,5)</visible>
		<control type="image">
		<posx>200</posx>
		<posy>140</posy>
		<width>600</width>
		<height>100</height>
		<bordertexture background="false" colordiffuse="cyan">common/white.png</bordertexture>
		<bordersize>1</bordersize>
		<texture colordiffuse="CDFFFFFF" border="1">homewidgets/bgplot.png</texture>
		</control>
		<control type="textbox">
		<animation effect="zoom" center="auto" start="60" end="61" time="250" reversible="false" pulse="true" delay="400" repeat="1" condition="Control.HasFocus(31) | Control.HasFocus(32) | Control.HasFocus(33) | Control.HasFocus(34) | Control.HasFocus(35) | Integer.IsLess(Container(30).NumItems,5) | Integer.IsLess(Container(31).NumItems,5) | Integer.IsLess(Container(32).NumItems,5) | Integer.IsLess(Container(33).NumItems,5) | Integer.IsLess(Container(34).NumItems,5) | Integer.IsLess(Container(35).NumItems,5)">Conditional</animation>		
		<posx>0</posx>
		<posy>0</posy>
		<textcolor>white</textcolor>
		<align>center</align>
		<font>Font-Header-Plus-video</font>
		<width>1000</width>
		<align>right</align>
		<scroll>true</scroll>
		<label>[B]התוכן נטען... הטעינה תיקח מעט זמן מדובר בהמון תוכן אז סבלנות. המעבר בין הוידגטים עם חץ למעלה ולמטה[/B]</label>
		</control>
		</control>
		
<!--		<control type="textbox">
		<visible>!Player.HasVideo</visible>
		<posx>0</posx>
		<posy>45</posy>
		<textcolor>white</textcolor>
		<align>center</align>
		<font>Font-Header-Plus</font>
		<label>[B]יש לתת לוידגטים להטען במלואם. המעבר בין הוידגטים עם חצים למטה ולמעלה[/B]</label>
		</control>-->
    </controls>
</window>
