<?xml version="1.0" encoding="UTF-8"?>
<!-- Foundation -->
<window id="1259" type="dialog">
    <defaultcontrol always="true">13</defaultcontrol>
    	<onload>ClearProperty(quicknavsetup,home)</onload>
	<onunload>ClearProperty(quicknavsetup,home)</onunload>	
    <controls>
    
        <control type="group">
            <visible>!Window.IsActive(DialogPVRGuideInfo.xml)</visible>
			<visible>!Window.IsActive(Textbox.xml)</visible>
            <animation effect="slide" start="-668" end="1350" time="50" tween="quadratic">Visible</animation>
            <animation effect="slide" start="-668" end="1350" time="50" tween="quadratic">WindowOpen</animation>
            <animation effect="slide" end="-668" start="0" time="50" tween="quadratic">Hidden</animation>
            <animation effect="slide" end="-668" start="0" time="50" tween="quadratic">WindowClose</animation>
            <control type="image">
                <left>-24</left>
                <top>-24</top>
                <bottom>-24</bottom>
                <width>605</width>
                <bordersize>24</bordersize>
                <bordertexture border="24">common/24-shadow.png</bordertexture>
                <texture border="5" colordiffuse="DialogBG">common/white.png</texture>
            </control>
			    <control type="image">
                <width>558</width>
                <height>109</height>
                <texture colordiffuse="green">common/white.png</texture>
            </control>
			<control type="image">
				<left>center</left>
				<top>710</top>
				<width>558</width>
				<height>20</height>
				<bordersize>6</bordersize>
				<texture colordiffuse="lime">homewidgets/linebg.png</texture>
				<visible>!Container(13).IsUpdating</visible>
			</control>		
            <control type="label">
                <left>140</left>
                <top>10</top>  
                <width>328</width>
                <height>128</height>
              <label>סרטים 2016</label>
			  <textcolor>white</textcolor>
			  <font>Font-ListInfo-Bold1</font>
            </control>
            <control type="label">
                <left>30</left>
                <top>pad</top>
                <width>400</width>
                <height>70</height>
                <align>left</align>
                <font>Font-WidgetInfoTitle</font>
                <label>$INFO[VideoPlayer.ChannelGroup]</label>
            </control>
            <control type="label">
                <left>220</left>
                <top>-10</top>
                <height>70</height>
                <width>400</width>
                <align>left</align>
                <font>Font-ListInfo-Bold</font>
				<textcolor>white</textcolor>
                <label>$INFO[Container(13).NumItems,,  סרטים]</label>
            </control>
				<control type="textbox">
				<left>center</left>
				<top>780</top>
				<width>558</width>
				<height>280</height>
				<align>center</align>
				<autoscroll time="2000" delay="2000" repeat="2000"></autoscroll>
				<label>$INFO[Container(13).ListItem.Plot]</label>
			</control>	

			<control type="label">
			<left>100</left>
			<top>720</top>
			<width>400</width>
			<height>50</height>
			<align>center</align>
			<textcolor>orange</textcolor>
			<label>$INFO[Container(13).ListItem.Genre]</label>
			</control>

            <control type="list" id="13">
                <left>0</left>
                <top>120</top>
                <height>580</height>
                <width>670</width>
                <onleft>PreviousChannelGroup</onleft>
                <onright>NextChannelGroup</onright>
                <orientation>vertical</orientation>
				<onleft>14</onleft>
				<onright>15</onright>
                <itemlayout height="120" width="670">
                    <control type="image">
                        <width>100%</width>
                        <height>100%</height>
                        <texture colordiffuse="0fffffff">common/selected.png</texture>
                        <aspectratio>scale</aspectratio>
                        <visible>ListItem.IsPlaying</visible>
                    </control>
                    <control type="image">
                        <left>22</left>
                        <top>12</top>  
                        <width>85</width>
                        <height>85</height>
                        <texture>$INFO[ListItem.Thumb]</texture>
                        <aspectratio>keep</aspectratio>
                    </control>
                    <control type="label">
                        <left>560</left>
                        <width>70</width>
                        <height>70</height>
                        <align>left</align>
<!-- Modification Label -->                        
                        <label>$INFO[ListItem.ChannelNumberLabel]</label>
                        <selectedcolor>ListLabel</selectedcolor>
                    </control>
       <!--             <control type="label">
                        <left>138</left>
                        <top>50</top>
                        <width>400</width>
                        <height>18</height>
						 <align>right</align>
                        <reveal>true</reveal>
                        <label>$INFO[ListItem.Label]</label>
                    </control>-->
                    <control type="label">
                        <left>130</left>
                        <height>70</height>
                        <width>400</width>
                        <align>left</align>
                        <textcolor>ListLabel</textcolor>
                        <label>$INFO[ListItem.ChannelName]</label>
                        <selectedcolor>ListLabel</selectedcolor>
                    </control>
                    <control type="label">
                        <left>130</left>
                        <top>40</top>
                        <width>400</width>
                        <height>70</height>
                        <align>left</align>
                        <font>Font-ListInfo</font>
                        <textcolor>ListLabel</textcolor>
                        <label>$INFO[ListItem.Title]</label>
                        <selectedcolor>ListLabel</selectedcolor>
                    </control>
                </itemlayout>
                <focusedlayout height="120" width="670">
                    <control type="image">
                        <width>558</width>
                        <height>109</height>
                        <texture colordiffuse="$VAR[HighlightColor]">common/white.png</texture>
						<visible>Control.HasFocus(13)</visible>
                    </control>
                    <control type="image">
                        <width>100%</width>
                        <height>100%</height>
                        <texture colordiffuse="1fffffff">common/selected.png</texture>
                        <aspectratio>scale</aspectratio>
                        <visible>ListItem.IsPlaying</visible>
                    </control>
                    <control type="image">
                        <left>22</left>
                        <top>12</top>  
                        <width>85</width>
                        <height>85</height>
                        <texture>$INFO[ListItem.Thumb]</texture>
                        <aspectratio>keep</aspectratio>
                    </control>
                    <control type="label">
                        <left>560</left>
                        <width>70</width>
                        <height>70</height>
                        <align>left</align>
<!-- Modification Label -->                        
                        <label>$INFO[ListItem.ChannelNumberLabel]</label>
                        <selectedcolor>Selected</selectedcolor>
                        <textcolor>Selected</textcolor>
                    </control>
       <!--             <control type="label">
                        <left>138</left>
                        <top>50</top>
                       <width>400</width>
                        <height>18</height>
						 <align>right</align>
                        <reveal>true</reveal>
                        <label>$INFO[ListItem.Label]</label>
                    </control>-->
                    <control type="label">
                        <left>130</left>
                        <height>70</height>
                        <width>400</width>
                        <align>left</align>
                        <textcolor>Selected</textcolor>
                        <label>$INFO[ListItem.ChannelName]</label>
                        <selectedcolor>Selected</selectedcolor>
                    </control>
                    <control type="label">
                        <left>130</left>
                        <top>40</top>
                        <width>400</width>
                        <height>70</height>
                        <align>left</align>
                        <font>Font-ListInfo</font>
                        <textcolor>Selected</textcolor>
                        <label>$INFO[ListItem.Title]</label>
                        <selectedcolor>Selected</selectedcolor>
                    </control>
                </focusedlayout>
				<content>plugin://plugin.video.TheFirstAvenger/?cat_level=%20&amp;count=0&amp;description=%20&amp;fanart=https%3a%2f%2fstatic.newmobilelife.com%2fwp-content%2fuploads%2f2017%2f12%2fX-Men.jpg&amp;iconimage=https%3a%2f%2fopenload.co%2ff%2fQ561jZyfLKc%2f04.jpg&amp;index_depth=0&amp;lang=eng&amp;mode=5&amp;name=2016&amp;page&amp;selected_list=%20&amp;url=%d7%94%d7%a0%d7%95%d7%a7%d7%9d%20%d7%94%d7%a8%d7%90%d7%a9%d7%95%d7%9f%20%d7%a1%d7%a8%d7%98%d7%99%d7%9d%20%d7%91%d7%aa%d7%a8%d7%92%d7%95%d7%9d%20%d7%9e%d7%95%d7%91%d7%a0%d7%94%20%d7%a1%d7%a8%d7%98%d7%99%d7%9d%202014-20192016&quot</content>
			</control>
        </control>
		</controls>
		
    <defaultcontrol always="true">14</defaultcontrol>
    	<onload>ClearProperty(quicknavsetup,home)</onload>
	<onunload>ClearProperty(quicknavsetup,home)</onunload>	
    <controls>
    
        <control type="group">
            <visible>!Window.IsActive(DialogPVRGuideInfo.xml)</visible>
			<visible>!Window.IsActive(Textbox.xml)</visible>
            <animation effect="slide" start="-668" end="680" time="50" tween="quadratic">Visible</animation>
            <animation effect="slide" start="-668" end="680" time="50" tween="quadratic">WindowOpen</animation>
            <animation effect="slide" end="-668" start="0" time="50" tween="quadratic">Hidden</animation>
            <animation effect="slide" end="-668" start="0" time="50" tween="quadratic">WindowClose</animation>
            <control type="image">
                <left>-24</left>
                <top>-24</top>
                <bottom>-24</bottom>
                <width>605</width>
                <bordersize>24</bordersize>
                <bordertexture border="24">common/24-shadow.png</bordertexture>
                <texture border="5" colordiffuse="DialogBG">common/white.png</texture>
            </control>
			    <control type="image">
                <width>558</width>
                <height>109</height>
                <texture colordiffuse="orange">common/white.png</texture>
            </control>
			<control type="image">
				<left>center</left>
				<top>710</top>
				<width>558</width>
				<height>20</height>
				<bordersize>6</bordersize>
				<texture colordiffuse="lime">homewidgets/linebg.png</texture>
				<visible>!Container(14).IsUpdating</visible>
			</control>		
            <control type="label">
                <left>120</left>
                <top>10</top>  
                <width>328</width>
                <height>128</height>
              <label>סרטים 2015</label>
			  <textcolor>white</textcolor>
			  <font>Font-ListInfo-Bold1</font>
            </control>
            <control type="label">
                <left>30</left>
                <top>pad</top>
                <width>400</width>
                <height>70</height>
                <align>left</align>
                <font>Font-WidgetInfoTitle</font>
                <label>$INFO[VideoPlayer.ChannelGroup]</label>
            </control>
			            <control type="label">
                <left>220</left>
                <top>-10</top>
                <height>70</height>
                <width>400</width>
                <align>left</align>
                <font>Font-ListInfo-Bold</font>
				<textcolor>white</textcolor>
                <label>$INFO[Container(14).NumItems,,  סרטים]</label>
            </control>
				<control type="textbox">
				<left>center</left>
				<top>780</top>
				<width>558</width>
				<height>280</height>
				<align>center</align>
				<autoscroll time="2000" delay="2000" repeat="2000"></autoscroll>
				<label>$INFO[Container(14).ListItem.Plot]</label>
			</control>	

			<control type="label">
			<left>100</left>
			<top>720</top>
			<width>400</width>
			<height>50</height>
			<align>center</align>
			<textcolor>orange</textcolor>
			<label>$INFO[Container(14).ListItem.Genre]</label>
			</control>

            <control type="list" id="14">
                <left>0</left>
                <top>120</top>
                <height>580</height>
                <width>670</width>
                <onleft>PreviousChannelGroup</onleft>
                <onright>NextChannelGroup</onright>
                <orientation>vertical</orientation>
				<onleft>15</onleft>
				<onright>13</onright>
                <itemlayout height="120" width="670">
                    <control type="image">
                        <width>100%</width>
                        <height>100%</height>
                        <texture colordiffuse="0fffffff">common/selected.png</texture>
                        <aspectratio>scale</aspectratio>
                        <visible>ListItem.IsPlaying</visible>
                    </control>
                    <control type="image">
                        <left>22</left>
                        <top>12</top>  
                        <width>85</width>
                        <height>85</height>
                        <texture>$INFO[ListItem.Thumb]</texture>
                        <aspectratio>keep</aspectratio>
                    </control>
                    <control type="label">
                        <left>560</left>
                        <width>70</width>
                        <height>70</height>
                        <align>left</align>
<!-- Modification Label -->                        
                        <label>$INFO[ListItem.ChannelNumberLabel]</label>
                        <selectedcolor>ListLabel</selectedcolor>
                    </control>
       <!--             <control type="label">
                        <left>138</left>
                        <top>50</top>
                        <width>400</width>
                        <height>18</height>
						 <align>right</align>
                        <reveal>true</reveal>
                        <label>$INFO[ListItem.Label]</label>
                    </control>-->
                    <control type="label">
                        <left>130</left>
                        <height>70</height>
                        <width>400</width>
                        <align>left</align>
                        <textcolor>ListLabel</textcolor>
                        <label>$INFO[ListItem.ChannelName]</label>
                        <selectedcolor>ListLabel</selectedcolor>
                    </control>
                    <control type="label">
                        <left>130</left>
                        <top>40</top>
                        <width>400</width>
                        <height>70</height>
                        <align>left</align>
                        <font>Font-ListInfo</font>
                        <textcolor>ListLabel</textcolor>
                        <label>$INFO[ListItem.Title]</label>
                        <selectedcolor>ListLabel</selectedcolor>
                    </control>
                </itemlayout>
                <focusedlayout height="120" width="670">
                    <control type="image">
                        <width>558</width>
                        <height>109</height>
                        <texture colordiffuse="$VAR[HighlightColor]">common/white.png</texture>
						<visible>Control.HasFocus(14)</visible>
                    </control>
                    <control type="image">
                        <width>100%</width>
                        <height>100%</height>
                        <texture colordiffuse="1fffffff">common/selected.png</texture>
                        <aspectratio>scale</aspectratio>
                        <visible>ListItem.IsPlaying</visible>
                    </control>
                    <control type="image">
                        <left>22</left>
                        <top>12</top>  
                        <width>85</width>
                        <height>85</height>
                        <texture>$INFO[ListItem.Thumb]</texture>
                        <aspectratio>keep</aspectratio>
                    </control>
                    <control type="label">
                        <left>560</left>
                        <width>70</width>
                        <height>70</height>
                        <align>left</align>
<!-- Modification Label -->                        
                        <label>$INFO[ListItem.ChannelNumberLabel]</label>
                        <selectedcolor>Selected</selectedcolor>
                        <textcolor>Selected</textcolor>
                    </control>
       <!--             <control type="label">
                        <left>138</left>
                        <top>50</top>
                       <width>400</width>
                        <height>18</height>
						 <align>right</align>
                        <reveal>true</reveal>
                        <label>$INFO[ListItem.Label]</label>
                    </control>-->
                    <control type="label">
                        <left>130</left>
                        <height>70</height>
                        <width>400</width>
                        <align>left</align>
                        <textcolor>Selected</textcolor>
                        <label>$INFO[ListItem.ChannelName]</label>
                        <selectedcolor>Selected</selectedcolor>
                    </control>
                    <control type="label">
                        <left>130</left>
                        <top>40</top>
                        <width>400</width>
                        <height>70</height>
                        <align>left</align>
                        <font>Font-ListInfo</font>
                        <textcolor>Selected</textcolor>
                        <label>$INFO[ListItem.Title]</label>
                        <selectedcolor>Selected</selectedcolor>
                    </control>
                </focusedlayout>
				<content>plugin://plugin.video.TheFirstAvenger/?cat_level=%20&amp;count=0&amp;description=%20&amp;fanart=https%3a%2f%2ftallreviews.files.wordpress.com%2f2013%2f04%2fjoe.jpg&amp;iconimage=http%3a%2f%2fsouthernharmonyblog.com%2fwp-content%2fuploads%2f2015%2f02%2fUntitled-1.jpg&amp;index_depth=0&amp;lang=eng&amp;mode=5&amp;name=2015&amp;page&amp;selected_list=%20&amp;url=%d7%94%d7%a0%d7%95%d7%a7%d7%9d%20%d7%94%d7%a8%d7%90%d7%a9%d7%95%d7%9f%20%d7%a1%d7%a8%d7%98%d7%99%d7%9d%20%d7%91%d7%aa%d7%a8%d7%92%d7%95%d7%9d%20%d7%9e%d7%95%d7%91%d7%a0%d7%94%20%d7%a1%d7%a8%d7%98%d7%99%d7%9d%202014-20192015&quot</content>
			</control>
        </control>		
		</controls>

    <defaultcontrol always="true">15</defaultcontrol>
    	<onload>ClearProperty(quicknavsetup,home)</onload>
	<onunload>ClearProperty(quicknavsetup,home)</onunload>	
    <controls>
    
        <control type="group">
            <visible>!Window.IsActive(DialogPVRGuideInfo.xml)</visible>
			<visible>!Window.IsActive(Textbox.xml)</visible>
            <animation effect="slide" start="-668" end="10" time="50" tween="quadratic">Visible</animation>
            <animation effect="slide" start="-668" end="10" time="50" tween="quadratic">WindowOpen</animation>
            <animation effect="slide" end="-668" start="0" time="50" tween="quadratic">Hidden</animation>
            <animation effect="slide" end="-668" start="0" time="50" tween="quadratic">WindowClose</animation>
            <control type="image">
                <left>-24</left>
                <top>-24</top>
                <bottom>-24</bottom>
                <width>605</width>
                <bordersize>24</bordersize>
                <bordertexture border="24">common/24-shadow.png</bordertexture>
                <texture border="5" colordiffuse="DialogBG">common/white.png</texture>
            </control>
			    <control type="image">
                <width>558</width>
                <height>109</height>
                <texture colordiffuse="red">common/white.png</texture>
            </control>
			<control type="image">
				<left>center</left>
				<top>710</top>
				<width>558</width>
				<height>20</height>
				<bordersize>6</bordersize>
				<texture colordiffuse="lime">homewidgets/linebg.png</texture>
				<visible>!Container(15).IsUpdating</visible>
			</control>		
            <control type="label">
                <left>100</left>
                <top>10</top>  
                <width>358</width>
                <height>128</height>
              <label>סרטים 2014</label>
			  <textcolor>white</textcolor>
			  <font>Font-ListInfo-Bold1</font>
            </control>
            <control type="label">
                <left>30</left>
                <top>pad</top>
                <width>400</width>
                <height>70</height>
                <align>left</align>
                <font>Font-WidgetInfoTitle</font>
                <label>$INFO[VideoPlayer.ChannelGroup]</label>
            </control>
			            <control type="label">
                <left>220</left>
                <top>-10</top>
                <height>70</height>
                <width>400</width>
                <align>left</align>
                <font>Font-ListInfo-Bold</font>
				<textcolor>white</textcolor>
                <label>$INFO[Container(15).NumItems,,  סרטים]</label>
            </control>
				<control type="textbox">
				<left>center</left>
				<top>780</top>
				<width>558</width>
				<height>280</height>
				<align>center</align>
				<autoscroll time="2000" delay="2000" repeat="2000"></autoscroll>
				<label>$INFO[Container(15).ListItem.Plot]</label>
			</control>	

			<control type="label">
			<left>100</left>
			<top>720</top>
			<width>400</width>
			<height>50</height>
			<align>center</align>
			<textcolor>orange</textcolor>
			<label>$INFO[Container(15).ListItem.Genre]</label>
			</control>	

            <control type="list" id="15">
                <left>0</left>
                <top>120</top>
                <height>580</height>
                <width>670</width>
                <onleft>PreviousChannelGroup</onleft>
                <onright>NextChannelGroup</onright>
                <orientation>vertical</orientation>
				<onleft>11</onleft>
				<onright>14</onright>
                <itemlayout height="120" width="670">
                    <control type="image">
                        <width>100%</width>
                        <height>100%</height>
                        <texture colordiffuse="0fffffff">common/selected.png</texture>
                        <aspectratio>scale</aspectratio>
                        <visible>ListItem.IsPlaying</visible>
                    </control>
                    <control type="image">
                        <left>22</left>
                        <top>12</top>  
                        <width>85</width>
                        <height>85</height>
                        <texture>$INFO[ListItem.Thumb]</texture>
                        <aspectratio>keep</aspectratio>
                    </control>
                    <control type="label">
                        <left>560</left>
                        <width>70</width>
                        <height>70</height>
                        <align>left</align>
<!-- Modification Label -->                        
                        <label>$INFO[ListItem.ChannelNumberLabel]</label>
                        <selectedcolor>ListLabel</selectedcolor>
                    </control>
       <!--             <control type="label">
                        <left>138</left>
                        <top>50</top>
                        <width>400</width>
                        <height>18</height>
						 <align>right</align>
                        <reveal>true</reveal>
                        <label>$INFO[ListItem.Label]</label>
                    </control>-->
                    <control type="label">
                        <left>130</left>
                        <height>70</height>
                        <width>400</width>
                        <align>left</align>
                        <textcolor>ListLabel</textcolor>
                        <label>$INFO[ListItem.ChannelName]</label>
                        <selectedcolor>ListLabel</selectedcolor>
                    </control>
                    <control type="label">
                        <left>130</left>
                        <top>40</top>
                        <width>400</width>
                        <height>70</height>
                        <align>left</align>
                        <font>Font-ListInfo</font>
                        <textcolor>ListLabel</textcolor>
                        <label>$INFO[ListItem.Title]</label>
                        <selectedcolor>ListLabel</selectedcolor>
                    </control>
                </itemlayout>
                <focusedlayout height="120" width="670">
                    <control type="image">
                        <width>558</width>
                        <height>109</height>
                        <texture colordiffuse="$VAR[HighlightColor]">common/white.png</texture>
						<visible>Control.HasFocus(15)</visible>
                    </control>
                    <control type="image">
                        <width>100%</width>
                        <height>100%</height>
                        <texture colordiffuse="1fffffff">common/selected.png</texture>
                        <aspectratio>scale</aspectratio>
                        <visible>ListItem.IsPlaying</visible>
                    </control>
                    <control type="image">
                        <left>22</left>
                        <top>12</top>  
                        <width>85</width>
                        <height>85</height>
                        <texture>$INFO[ListItem.Thumb]</texture>
                        <aspectratio>keep</aspectratio>
                    </control>
                    <control type="label">
                        <left>560</left>
                        <width>70</width>
                        <height>70</height>
                        <align>left</align>
<!-- Modification Label -->                        
                        <label>$INFO[ListItem.ChannelNumberLabel]</label>
                        <selectedcolor>Selected</selectedcolor>
                        <textcolor>Selected</textcolor>
                    </control>
       <!--             <control type="label">
                        <left>138</left>
                        <top>50</top>
                       <width>400</width>
                        <height>18</height>
						 <align>right</align>
                        <reveal>true</reveal>
                        <label>$INFO[ListItem.Label]</label>
                    </control>-->
                    <control type="label">
                        <left>130</left>
                        <height>70</height>
                        <width>400</width>
                        <align>left</align>
                        <textcolor>Selected</textcolor>
                        <label>$INFO[ListItem.ChannelName]</label>
                        <selectedcolor>Selected</selectedcolor>
                    </control>
                    <control type="label">
                        <left>130</left>
                        <top>40</top>
                        <width>400</width>
                        <height>70</height>
                        <align>left</align>
                        <font>Font-ListInfo</font>
                        <textcolor>Selected</textcolor>
                        <label>$INFO[ListItem.Title]</label>
                        <selectedcolor>Selected</selectedcolor>
                    </control>
                </focusedlayout>
				<content>plugin://plugin.video.TheFirstAvenger/?cat_level=%20&amp;count=0&amp;description=%20&amp;fanart=http%3a%2f%2fwww.fantastic-library.com%2fwp-content%2fuploads%2f2014%2f06%2fDracula-Untold-01.jpg&amp;iconimage=http%3a%2f%2fwww.fisheye.co.il%2fwp-content%2fuploads%2f2012%2f05%2fninja.jpg&amp;index_depth=0&amp;lang=eng&amp;mode=5&amp;name=2014&amp;page&amp;selected_list=%20&amp;url=%d7%94%d7%a0%d7%95%d7%a7%d7%9d%20%d7%94%d7%a8%d7%90%d7%a9%d7%95%d7%9f%20%d7%a1%d7%a8%d7%98%d7%99%d7%9d%20%d7%91%d7%aa%d7%a8%d7%92%d7%95%d7%9d%20%d7%9e%d7%95%d7%91%d7%a0%d7%94%20%d7%a1%d7%a8%d7%98%d7%99%d7%9d%202014-20192014&quot</content>
			</control>
        </control>		
		
    </controls>
</window>
