<?xml version="1.0" encoding="UTF-8"?>
<!-- Foundation -->
<window id="1369" type="dialog">

    <defaultcontrol always="true">30</defaultcontrol>
   	<onload>ClearProperty(quicknavsetup,home)</onload>
	<onunload>ClearProperty(quicknavsetup,home)</onunload>	
	<preloaditems>2</preloaditems>
	<controls>
    
        <control type="group">
            <visible>!Window.IsActive(DialogPVRGuideInfo.xml)</visible>
			<visible>!Window.IsActive(Textbox.xml)</visible>
			<visible>Control.HasFocus(30)</visible>
			<visible>!Player.HasVideo</visible>
	
            <control type="label">
                <left>30</left>
                <top>pad</top>
                <width>400</width>
                <height>70</height>
                <align>left</align>
                <font>Font-WidgetInfoTitle</font>
                <label>$INFO[VideoPlayer.ChannelGroup]</label>
            </control>
			
			<control type="textbox">
			<visible>Control.HasFocus(30)</visible>
			<posx>0</posx>
			<posy>240</posy>
			<width>980</width>
			<height>280</height>
			<align>right</align>
			<autoscroll time="5000" delay="2000" repeat="2000"></autoscroll>
			<label>[B]$INFO[Container(30).ListItem.Plot][/B]</label>
			</control>
			
			<control type="image">
			<visible>Control.HasFocus(30)</visible>
			<posx>1000</posx>
			<posy>235</posy>
			<height>280</height>
			<width>540</width>
			<bordertexture colordiffuse="black">common/white.png</bordertexture>
			<bordersize>1</bordersize>
			<texture>$INFO[Container(30).ListItem.Art(fanart)]</texture>
			</control>
			
			<control type="label">
			<visible>Control.HasFocus(30)</visible>
			<posx>420</posx>
			<posy>30</posy>
            <width>758</width>
            <height>128</height>
            <label>[B]הכלה מאינסטנבול עונה 1[/B]</label>
			<align>center</align>
			<textcolor>white</textcolor>
			<font>Font-ListInfo-Bold1</font>    
			</control>
			
			<control type="grouplist">
		<posx>10</posx>
		<posy>950</posy>
		<orientation>horizontal</orientation>
		<itemgap>320</itemgap>
		<control type="group">
		<control type="label">
			<label>[B]דירוג סרטים:[/B]</label>
			<font>Font-Bar</font>
			<textcolor>orange</textcolor>
			<width>170</width>
			<height>52</height>
			<align>right</align>
			<posx>285</posx>
			<posy>-10</posy>
			<align>center</align>
		</control>
		<control type="label">
			<label>[B]לא קיים[/B]</label>
			<visible>IsEmpty(Container(30).ListItem.Rating)</visible>
			<font>Font-Bar</font>
			<textcolor>cyan</textcolor>
			<width>150</width>
			<height>52</height>
			<align>right</align>
			<posx>120</posx>
			<posy>-10</posy>
			<align>center</align>
		</control>		
		<control type="label">
			<label>[B]$INFO[Container(30).ListItem.Rating][/B]</label>
			<font>font-20</font>
			<textcolor>yellow</textcolor>
			<width>110</width>
			<height>52</height>
			<posx>120</posx>
			<posy>-7</posy>
			<align>right</align>
		</control>
		</control>

		<control type="group">
		<control type="label">
			<label>[B]זמן הסרט:[/B]</label>
			<font>Font-Bar</font>
			<textcolor>orange</textcolor>
			<width>170</width>
			<height>52</height>
			<align>right</align>
			<posx>285</posx>
			<posy>-10</posy>
			<align>center</align>
		</control>
		<control type="label">
			<label>[B]לא קיים[/B]</label>
			<visible>IsEmpty(Container(30).ListItem.Duration)</visible>
			<font>Font-Bar</font>
			<textcolor>cyan</textcolor>
			<width>150</width>
			<height>52</height>
			<align>right</align>
			<posx>120</posx>
			<posy>-10</posy>
			<align>center</align>
		</control>		
		<control type="label">
			<label>[B]$INFO[Container(30).ListItem.Duration][/B]</label>
			<font>font-20</font>
			<textcolor>cyan</textcolor>
			<width>110</width>
			<height>52</height>
			<posx>120</posx>
			<posy>-7</posy>
			<align>right</align>
		</control>
		</control>

		
		
		<control type="group">
		<control type="label">
			<label>[B]כמות הצבעות:[/B]</label>
			<font>Font-Bar</font>
			<textcolor>orange</textcolor>
			<width>170</width>
			<height>52</height>
			<align>right</align>
			<posx>285</posx>
			<posy>-10</posy>
			<align>center</align>
		</control>
		<control type="label">
			<label>[B]לא קיים[/B]</label>
			<visible>IsEmpty(Container(30).ListItem.Votes)</visible>
			<font>Font-Bar</font>
			<textcolor>cyan</textcolor>
			<width>150</width>
			<height>52</height>
			<align>right</align>
			<posx>120</posx>
			<posy>-10</posy>
			<align>center</align>
		</control>		
		<control type="label">
			<label>[B]$INFO[Container(30).ListItem.Votes][/B]</label>
			<font>font-20</font>
			<textcolor>red</textcolor>
			<width>110</width>
			<height>52</height>
			<posx>120</posx>
			<posy>-7</posy>
			<align>right</align>
		</control>
		</control>
	

		<control type="group">
		<control type="label">
			<label>[B]איכות הסרט:[/B]</label>
			<font>Font-Bar</font>
			<textcolor>orange</textcolor>
			<width>170</width>
			<height>52</height>
			<align>right</align>
			<posx>285</posx>
			<posy>-10</posy>
			<align>center</align>
		</control>
		<control type="label">
			<label>[B]לא קיים[/B]</label>
			<visible>IsEmpty(Container(30).ListItem.VideoResolution)</visible>
			<font>Font-Bar</font>
			<textcolor>cyan</textcolor>
			<width>150</width>
			<height>52</height>
			<align>right</align>
			<posx>120</posx>
			<posy>-10</posy>
			<align>center</align>
		</control>
		<control type="label">
			<label>[B]$INFO[Container(30).ListItem.VideoResolution][/B]</label>
			<font>font-20</font>
			<textcolor>cyan</textcolor>
			<width>110</width>
			<height>52</height>
			<posx>120</posx>
			<posy>-7</posy>
			<align>right</align>
		</control>
		</control>
		

		<control type="group">
		<control type="label">
			<label>[B]שנת הסרט:[/B]</label>
			<font>Font-Bar</font>
			<textcolor>orange</textcolor>
			<width>170</width>
			<height>52</height>
			<align>right</align>
			<posx>285</posx>
			<posy>-10</posy>
			<align>center</align>
		</control>
		<control type="label">
			<label>[B]לא קיים[/B]</label>
			<visible>IsEmpty(Container(30).ListItem.Year)</visible>
			<font>Font-Bar</font>
			<textcolor>cyan</textcolor>
			<width>150</width>
			<height>52</height>
			<align>right</align>
			<posx>120</posx>
			<posy>-10</posy>
			<align>center</align>
		</control>
		<control type="label">
			<label>[B]$INFO[Container(30).ListItem.Year][/B]</label>
			<font>font-20</font>
			<textcolor>lime</textcolor>
			<width>110</width>
			<height>52</height>
			<posx>120</posx>
			<posy>-7</posy>
			<align>right</align>
		</control>
		</control>
	
		<control type="group">
		<control type="label">
			<label>[B]קידוד הסרט:[/B]</label>
			<font>Font-Bar</font>
			<textcolor>orange</textcolor>
			<width>170</width>
			<height>52</height>
			<align>right</align>
			<posx>285</posx>
			<posy>-10</posy>
			<align>center</align>
		</control>
		<control type="label">
			<label>[B]לא קיים[/B]</label>
			<visible>IsEmpty(Container(30).ListItem.VideoAspect)</visible>
			<font>Font-Bar</font>
			<textcolor>cyan</textcolor>
			<width>150</width>
			<height>52</height>
			<align>right</align>
			<posx>120</posx>
			<posy>-10</posy>
			<align>center</align>
		</control>
		<control type="label">
			<label>[B]$INFO[Container(30).ListItem.VideoAspect][/B]</label>
			<font>font-20</font>
			<textcolor>cyan</textcolor>
			<width>110</width>
			<height>52</height>
			<posx>120</posx>
			<posy>-7</posy>
			<align>right</align>
		</control>
		</control>
			</control>
			
			
	        <control type="label">
			<visible>Control.HasFocus(30)</visible>
			<posy>140</posy>
			<posx>400</posx>
            <width>1000</width>
            <height>50</height>
            <align>center</align>
			<font>Font-ListInfo-Bold</font>
            <textcolor>lime</textcolor>
			<scroll>true</scroll>
            <label>[B]$INFO[Container(30).ListItem.Label][/B]</label>
			</control>
			
			<control type="label">
			<visible>Control.HasFocus(30)</visible>
			<posy>140</posy>
			<posx>1600</posx>
			<width>300</width>
			<height>50</height>
			<align>center</align>
			<textcolor>orange</textcolor>
			 <font>Font-ListInfo-Bold</font>
			<label>[B]$INFO[Container(30).ListItem.Genre][/B]</label>
			<scroll>true</scroll>
			</control>
					
            <control type="label">
			<visible>Control.HasFocus(30)</visible>
			<posy>143</posy>
			<posx>95</posx>
			<width>600</width>
			<height>50</height>
			<align>right</align>
            <font>Font-ListInfo-Bold</font>
			<textcolor>yellow</textcolor>
            <label>$INFO[Container(30).NumItems]</label>
            </control>
			
		    <control type="label">
			<visible>Control.HasFocus(30)</visible>
			<posy>140</posy>
			<posx>250</posx>
			<width>600</width>
			<height>50</height>
			<align>right</align>
            <font>Font-ListInfo-Bold</font>
			<textcolor>orange</textcolor>
            <label>כמות תוכן: </label>
            </control>


<!--end empty info-->

           <control type="list" id="30">
                <left>-40</left>
                <top>620</top>
                <height>420</height>
                <width>1540</width>
                <onleft>PreviousChannelGroup</onleft>
                <onright>NextChannelGroup</onright>
                <orientation>horizontal</orientation>
				<onup>SetFocus(31)</onup>
				<ondown>SetFocus(35)</ondown>
                <itemlayout height="650" width="280">
                    <control type="image">
                        <width>100%</width>
                        <height>100%</height>
                        <texture colordiffuse="0fffffff">common/selected.png</texture>
                        <aspectratio>scale</aspectratio>
                        <visible>ListItem.IsPlaying</visible>
                    </control>
                    <control type="image">
                        <left>22</left>
                        <top>12</top>  
                        <width>300</width>
                        <height>300</height>
						<bordertexture colordiffuse="white">common/white.png</bordertexture>
						<bordersize>1</bordersize>	
                        <texture>$INFO[ListItem.Thumb]</texture>
                        <aspectratio>keep</aspectratio>
                    </control>
                    <control type="label">
                        <left>560</left>
                        <width>70</width>
                        <height>70</height>
                        <align>left</align>                 
                        <label>$INFO[ListItem.ChannelNumberLabel]</label>
                        <selectedcolor>ListLabel</selectedcolor>
                    </control>
                    <control type="label">
                        <left>130</left>
                        <height>70</height>
                        <width>400</width>
                        <align>left</align>
                        <textcolor>ListLabel</textcolor>
                        <label>$INFO[ListItem.ChannelName]</label>
                        <selectedcolor>ListLabel</selectedcolor>
                    </control>
                </itemlayout>
                <focusedlayout height="650" width="280">
                    <control type="image">
                        <width>100%</width>
                        <height>100%</height>
                        <texture colordiffuse="1fffffff">common/selected.png</texture>
                        <aspectratio>scale</aspectratio>
                        <visible>ListItem.IsPlaying</visible>
                    </control>
                    <control type="image">
                        <left>22</left>
                        <top>12</top>  
                        <width>300</width>
                        <height>300</height>
						<bordertexture colordiffuse="red">common/white.png</bordertexture>
						<bordersize>8</bordersize>		
                        <texture>$INFO[ListItem.Thumb]</texture>
                        <aspectratio>keep</aspectratio>
                    </control>
                    <control type="label">
                        <left>560</left>
                        <width>70</width>
                        <height>70</height>
                        <align>left</align>
<!-- Modification Label -->                        
                        <label>$INFO[ListItem.ChannelNumberLabel]</label>
                        <selectedcolor>Selected</selectedcolor>
                        <textcolor>Selected</textcolor>
                    </control>
       <!--             <control type="label">
                        <left>138</left>
                        <top>50</top>
                       <width>400</width>
                        <height>18</height>
						 <align>right</align>
                        <reveal>true</reveal>
                        <label>$INFO[ListItem.Label]</label>
                    </control>-->
                    <control type="label">
                        <left>130</left>
                        <height>70</height>
                        <width>400</width>
                        <align>left</align>
                        <textcolor>Selected</textcolor>
                        <label>$INFO[ListItem.ChannelName]</label>
                        <selectedcolor>Selected</selectedcolor>
                    </control>
                </focusedlayout>
				<content>plugin://plugin.video.chanandmusic/?cat_level=%20&amp;count=0&amp;description=%20&amp;fanart=http%3a%2f%2fimage.tmdb.org%2ft%2fp%2foriginal%2f%2fq1LEspH128leadSdwz5xCmhiPrP.jpg&amp;iconimage=http%3a%2f%2fimage.tmdb.org%2ft%2fp%2foriginal%2f%2fdbo1x2RNajuc5md0D8ZUowXIbIF.jpg&amp;index_depth=0&amp;lang=eng&amp;mode=5&amp;name=%5bB%5d%5bCOLOR%20burlywood%5d%d7%94%d7%9b%d7%9c%d7%94%20%d7%9e%d7%90%d7%99%d7%a1%d7%98%d7%a0%d7%91%d7%95%d7%9c%20%d7%a2%d7%95%d7%a0%d7%94%201%20%5b%2fCOLOR%5d%5b%2fB%5d&amp;page&amp;selected_list=%20&amp;url=%5bB%5d%5bCOLOR%20%20%20aqua%5d%20%d7%a1%d7%93%d7%a8%d7%95%d7%aa%20%5b%2fCOLOR%5d%5b%2fB%5d%5bB%5d%5bCOLOR%20%20%20aqua%5d%20%d7%97%d7%9c%d7%95%d7%9d%20%d7%98%d7%95%d7%a8%d7%a7%d7%99%20%20%20%5b%2fCOLOR%5d%5b%2fB%5d%5bB%5d%5bCOLOR%20burlywood%5d%d7%94%d7%9b%d7%9c%d7%94%20%d7%9e%d7%90%d7%99%d7%a1%d7%98%d7%a0%d7%91%d7%95%d7%9c%20%20%5b%2fCOLOR%5d%5b%2fB%5d%5bB%5d%5bCOLOR%20burlywood%5d%d7%94%d7%9b%d7%9c%d7%94%20%d7%9e%d7%90%d7%99%d7%a1%d7%98%d7%a0%d7%91%d7%95%d7%9c%20%d7%a2%d7%95%d7%a0%d7%94%201%20%5b%2fCOLOR%5d%5b%2fB%5d&quot</content>
			</control>
        </control>
</controls>






    <defaultcontrol always="true">31</defaultcontrol>
   	<onload>ClearProperty(quicknavsetup,home)</onload>
	<onunload>ClearProperty(quicknavsetup,home)</onunload>	
	<preloaditems>2</preloaditems>
	<controls>
    
        <control type="group">
            <visible>!Window.IsActive(DialogPVRGuideInfo.xml)</visible>
			<visible>!Window.IsActive(Textbox.xml)</visible>
			<visible>Control.HasFocus(31)</visible>
			<visible>!Player.HasVideo</visible>
	
            <control type="label">
                <left>30</left>
                <top>pad</top>
                <width>400</width>
                <height>70</height>
                <align>left</align>
                <font>Font-WidgetInfoTitle</font>
                <label>$INFO[VideoPlayer.ChannelGroup]</label>
            </control>
			
			<control type="textbox">
			<visible>Control.HasFocus(31)</visible>
			<posx>0</posx>
			<posy>240</posy>
			<width>980</width>
			<height>280</height>
			<align>right</align>
			<autoscroll time="5000" delay="2000" repeat="2000"></autoscroll>
			<label>[B]$INFO[Container(31).ListItem.Plot][/B]</label>
			</control>
			
			<control type="image">
			<visible>Control.HasFocus(31)</visible>
			<posx>1000</posx>
			<posy>235</posy>
			<height>280</height>
			<width>540</width>
			<bordertexture colordiffuse="black">common/white.png</bordertexture>
			<bordersize>1</bordersize>
			<texture>$INFO[Container(31).ListItem.Art(fanart)]</texture>
			</control>
			
			<control type="label">
			<visible>Control.HasFocus(31)</visible>
			<posx>420</posx>
			<posy>30</posy>
            <width>758</width>
            <height>128</height>
            <label>[B]הכלה מאינסטנבול עונה 2[/B]</label>
			<align>center</align>
			<textcolor>white</textcolor>
			<font>Font-ListInfo-Bold1</font>    
			</control>
			
			<control type="grouplist">
		<posx>10</posx>
		<posy>950</posy>
		<orientation>horizontal</orientation>
		<itemgap>320</itemgap>
		<control type="group">
		<control type="label">
			<label>[B]דירוג סרטים:[/B]</label>
			<font>Font-Bar</font>
			<textcolor>orange</textcolor>
			<width>170</width>
			<height>52</height>
			<align>right</align>
			<posx>285</posx>
			<posy>-10</posy>
			<align>center</align>
		</control>
		<control type="label">
			<label>[B]לא קיים[/B]</label>
			<visible>IsEmpty(Container(31).ListItem.Rating)</visible>
			<font>Font-Bar</font>
			<textcolor>cyan</textcolor>
			<width>150</width>
			<height>52</height>
			<align>right</align>
			<posx>120</posx>
			<posy>-10</posy>
			<align>center</align>
		</control>		
		<control type="label">
			<label>[B]$INFO[Container(31).ListItem.Rating][/B]</label>
			<font>font-20</font>
			<textcolor>yellow</textcolor>
			<width>110</width>
			<height>52</height>
			<posx>120</posx>
			<posy>-7</posy>
			<align>right</align>
		</control>
		</control>

		<control type="group">
		<control type="label">
			<label>[B]זמן הסרט:[/B]</label>
			<font>Font-Bar</font>
			<textcolor>orange</textcolor>
			<width>170</width>
			<height>52</height>
			<align>right</align>
			<posx>285</posx>
			<posy>-10</posy>
			<align>center</align>
		</control>
		<control type="label">
			<label>[B]לא קיים[/B]</label>
			<visible>IsEmpty(Container(31).ListItem.Duration)</visible>
			<font>Font-Bar</font>
			<textcolor>cyan</textcolor>
			<width>150</width>
			<height>52</height>
			<align>right</align>
			<posx>120</posx>
			<posy>-10</posy>
			<align>center</align>
		</control>		
		<control type="label">
			<label>[B]$INFO[Container(31).ListItem.Duration][/B]</label>
			<font>font-20</font>
			<textcolor>cyan</textcolor>
			<width>110</width>
			<height>52</height>
			<posx>120</posx>
			<posy>-7</posy>
			<align>right</align>
		</control>
		</control>

		
		
		<control type="group">
		<control type="label">
			<label>[B]כמות הצבעות:[/B]</label>
			<font>Font-Bar</font>
			<textcolor>orange</textcolor>
			<width>170</width>
			<height>52</height>
			<align>right</align>
			<posx>285</posx>
			<posy>-10</posy>
			<align>center</align>
		</control>
		<control type="label">
			<label>[B]לא קיים[/B]</label>
			<visible>IsEmpty(Container(31).ListItem.Votes)</visible>
			<font>Font-Bar</font>
			<textcolor>cyan</textcolor>
			<width>150</width>
			<height>52</height>
			<align>right</align>
			<posx>120</posx>
			<posy>-10</posy>
			<align>center</align>
		</control>		
		<control type="label">
			<label>[B]$INFO[Container(31).ListItem.Votes][/B]</label>
			<font>font-20</font>
			<textcolor>red</textcolor>
			<width>110</width>
			<height>52</height>
			<posx>120</posx>
			<posy>-7</posy>
			<align>right</align>
		</control>
		</control>
	

		<control type="group">
		<control type="label">
			<label>[B]איכות הסרט:[/B]</label>
			<font>Font-Bar</font>
			<textcolor>orange</textcolor>
			<width>170</width>
			<height>52</height>
			<align>right</align>
			<posx>285</posx>
			<posy>-10</posy>
			<align>center</align>
		</control>
		<control type="label">
			<label>[B]לא קיים[/B]</label>
			<visible>IsEmpty(Container(31).ListItem.VideoResolution)</visible>
			<font>Font-Bar</font>
			<textcolor>cyan</textcolor>
			<width>150</width>
			<height>52</height>
			<align>right</align>
			<posx>120</posx>
			<posy>-10</posy>
			<align>center</align>
		</control>
		<control type="label">
			<label>[B]$INFO[Container(31).ListItem.VideoResolution][/B]</label>
			<font>font-20</font>
			<textcolor>cyan</textcolor>
			<width>110</width>
			<height>52</height>
			<posx>120</posx>
			<posy>-7</posy>
			<align>right</align>
		</control>
		</control>
		

		<control type="group">
		<control type="label">
			<label>[B]שנת הסרט:[/B]</label>
			<font>Font-Bar</font>
			<textcolor>orange</textcolor>
			<width>170</width>
			<height>52</height>
			<align>right</align>
			<posx>285</posx>
			<posy>-10</posy>
			<align>center</align>
		</control>
		<control type="label">
			<label>[B]לא קיים[/B]</label>
			<visible>IsEmpty(Container(31).ListItem.Year)</visible>
			<font>Font-Bar</font>
			<textcolor>cyan</textcolor>
			<width>150</width>
			<height>52</height>
			<align>right</align>
			<posx>120</posx>
			<posy>-10</posy>
			<align>center</align>
		</control>
		<control type="label">
			<label>[B]$INFO[Container(31).ListItem.Year][/B]</label>
			<font>font-20</font>
			<textcolor>lime</textcolor>
			<width>110</width>
			<height>52</height>
			<posx>120</posx>
			<posy>-7</posy>
			<align>right</align>
		</control>
		</control>
	
		<control type="group">
		<control type="label">
			<label>[B]קידוד הסרט:[/B]</label>
			<font>Font-Bar</font>
			<textcolor>orange</textcolor>
			<width>170</width>
			<height>52</height>
			<align>right</align>
			<posx>285</posx>
			<posy>-10</posy>
			<align>center</align>
		</control>
		<control type="label">
			<label>[B]לא קיים[/B]</label>
			<visible>IsEmpty(Container(31).ListItem.VideoAspect)</visible>
			<font>Font-Bar</font>
			<textcolor>cyan</textcolor>
			<width>150</width>
			<height>52</height>
			<align>right</align>
			<posx>120</posx>
			<posy>-10</posy>
			<align>center</align>
		</control>
		<control type="label">
			<label>[B]$INFO[Container(31).ListItem.VideoAspect][/B]</label>
			<font>font-20</font>
			<textcolor>cyan</textcolor>
			<width>110</width>
			<height>52</height>
			<posx>120</posx>
			<posy>-7</posy>
			<align>right</align>
		</control>
		</control>
			</control>
			
			
	        <control type="label">
			<visible>Control.HasFocus(31)</visible>
			<posy>140</posy>
			<posx>400</posx>
            <width>1000</width>
            <height>50</height>
            <align>center</align>
			<font>Font-ListInfo-Bold</font>
            <textcolor>lime</textcolor>
			<scroll>true</scroll>
            <label>[B]$INFO[Container(31).ListItem.Label][/B]</label>
			</control>
			
			<control type="label">
			<visible>Control.HasFocus(31)</visible>
			<posy>140</posy>
			<posx>1600</posx>
			<width>300</width>
			<height>50</height>
			<align>center</align>
			<textcolor>orange</textcolor>
			 <font>Font-ListInfo-Bold</font>
			<label>[B]$INFO[Container(31).ListItem.Genre][/B]</label>
			<scroll>true</scroll>
			</control>
					
            <control type="label">
			<visible>Control.HasFocus(31)</visible>
			<posy>143</posy>
			<posx>95</posx>
			<width>600</width>
			<height>50</height>
			<align>right</align>
            <font>Font-ListInfo-Bold</font>
			<textcolor>yellow</textcolor>
            <label>$INFO[Container(31).NumItems]</label>
            </control>
			
		    <control type="label">
			<visible>Control.HasFocus(31)</visible>
			<posy>140</posy>
			<posx>250</posx>
			<width>600</width>
			<height>50</height>
			<align>right</align>
            <font>Font-ListInfo-Bold</font>
			<textcolor>orange</textcolor>
            <label>כמות תוכן: </label>
            </control>


<!--end empty info-->

           <control type="list" id="31">
                <left>-40</left>
                <top>620</top>
                <height>420</height>
                <width>1540</width>
                <onleft>PreviousChannelGroup</onleft>
                <onright>NextChannelGroup</onright>
                <orientation>horizontal</orientation>
				<onup>SetFocus(32)</onup>
				<ondown>SetFocus(30)</ondown>
                <itemlayout height="650" width="280">
                    <control type="image">
                        <width>100%</width>
                        <height>100%</height>
                        <texture colordiffuse="0fffffff">common/selected.png</texture>
                        <aspectratio>scale</aspectratio>
                        <visible>ListItem.IsPlaying</visible>
                    </control>
                    <control type="image">
                        <left>22</left>
                        <top>12</top>  
                        <width>300</width>
                        <height>300</height>
						<bordertexture colordiffuse="white">common/white.png</bordertexture>
						<bordersize>1</bordersize>	
                        <texture>$INFO[ListItem.Thumb]</texture>
                        <aspectratio>keep</aspectratio>
                    </control>
                    <control type="label">
                        <left>560</left>
                        <width>70</width>
                        <height>70</height>
                        <align>left</align>                 
                        <label>$INFO[ListItem.ChannelNumberLabel]</label>
                        <selectedcolor>ListLabel</selectedcolor>
                    </control>
                    <control type="label">
                        <left>130</left>
                        <height>70</height>
                        <width>400</width>
                        <align>left</align>
                        <textcolor>ListLabel</textcolor>
                        <label>$INFO[ListItem.ChannelName]</label>
                        <selectedcolor>ListLabel</selectedcolor>
                    </control>
                </itemlayout>
                <focusedlayout height="650" width="280">
                    <control type="image">
                        <width>100%</width>
                        <height>100%</height>
                        <texture colordiffuse="1fffffff">common/selected.png</texture>
                        <aspectratio>scale</aspectratio>
                        <visible>ListItem.IsPlaying</visible>
                    </control>
                    <control type="image">
                        <left>22</left>
                        <top>12</top>  
                        <width>300</width>
                        <height>300</height>
						<bordertexture colordiffuse="red">common/white.png</bordertexture>
						<bordersize>8</bordersize>		
                        <texture>$INFO[ListItem.Thumb]</texture>
                        <aspectratio>keep</aspectratio>
                    </control>
                    <control type="label">
                        <left>560</left>
                        <width>70</width>
                        <height>70</height>
                        <align>left</align>
<!-- Modification Label -->                        
                        <label>$INFO[ListItem.ChannelNumberLabel]</label>
                        <selectedcolor>Selected</selectedcolor>
                        <textcolor>Selected</textcolor>
                    </control>
       <!--             <control type="label">
                        <left>138</left>
                        <top>50</top>
                       <width>400</width>
                        <height>18</height>
						 <align>right</align>
                        <reveal>true</reveal>
                        <label>$INFO[ListItem.Label]</label>
                    </control>-->
                    <control type="label">
                        <left>130</left>
                        <height>70</height>
                        <width>400</width>
                        <align>left</align>
                        <textcolor>Selected</textcolor>
                        <label>$INFO[ListItem.ChannelName]</label>
                        <selectedcolor>Selected</selectedcolor>
                    </control>
                </focusedlayout>
				<content>plugin://plugin.video.chanandmusic/?cat_level=%20&amp;count=0&amp;description=%20%d7%a2%d7%95%d7%a0%d7%95%d7%aa%202%20%203&amp;fanart=https%3a%2f%2fm.media-amazon.com%2fimages%2fM%2fMV5BOTllYTc5MDktNjMzNy00YzllLTgxZWYtYzhiZTAzYjdjNzk3XkEyXkFqcGdeQXVyNzE5MjgzNDY%40._V1_UY268_CR13%2c0%2c182%2c268_AL_.jpg&amp;iconimage=http%3a%2f%2fimage.tmdb.org%2ft%2fp%2foriginal%2f%2fdbo1x2RNajuc5md0D8ZUowXIbIF.jpg&amp;index_depth=0&amp;lang=eng&amp;mode=5&amp;name=%5bB%5d%5bCOLOR%20burlywood%5d%d7%94%d7%9b%d7%9c%d7%94%20%d7%9e%d7%90%d7%99%d7%a1%d7%98%d7%a0%d7%91%d7%95%d7%9c%20%d7%a2%d7%95%d7%a0%d7%94%202.3%20%5b%2fCOLOR%5d%5b%2fB%5d&amp;page&amp;selected_list=%20&amp;url=%5bB%5d%5bCOLOR%20%20%20aqua%5d%20%d7%a1%d7%93%d7%a8%d7%95%d7%aa%20%5b%2fCOLOR%5d%5b%2fB%5d%5bB%5d%5bCOLOR%20%20%20aqua%5d%20%d7%97%d7%9c%d7%95%d7%9d%20%d7%98%d7%95%d7%a8%d7%a7%d7%99%20%20%20%5b%2fCOLOR%5d%5b%2fB%5d%5bB%5d%5bCOLOR%20burlywood%5d%d7%94%d7%9b%d7%9c%d7%94%20%d7%9e%d7%90%d7%99%d7%a1%d7%98%d7%a0%d7%91%d7%95%d7%9c%20%20%5b%2fCOLOR%5d%5b%2fB%5d%5bB%5d%5bCOLOR%20burlywood%5d%d7%94%d7%9b%d7%9c%d7%94%20%d7%9e%d7%90%d7%99%d7%a1%d7%98%d7%a0%d7%91%d7%95%d7%9c%20%d7%a2%d7%95%d7%a0%d7%94%202.3%20%5b%2fCOLOR%5d%5b%2fB%5d&quot</content>
			</control>
        </control>
		</controls>
		
		
		
		

    <defaultcontrol always="true">32</defaultcontrol>
   	<onload>ClearProperty(quicknavsetup,home)</onload>
	<onunload>ClearProperty(quicknavsetup,home)</onunload>	
	<preloaditems>2</preloaditems>
	<controls>
    
        <control type="group">
            <visible>!Window.IsActive(DialogPVRGuideInfo.xml)</visible>
			<visible>!Window.IsActive(Textbox.xml)</visible>
			<visible>Control.HasFocus(32)</visible>
			<visible>!Player.HasVideo</visible>
	
            <control type="label">
                <left>30</left>
                <top>pad</top>
                <width>400</width>
                <height>70</height>
                <align>left</align>
                <font>Font-WidgetInfoTitle</font>
                <label>$INFO[VideoPlayer.ChannelGroup]</label>
            </control>
			
			<control type="textbox">
			<visible>Control.HasFocus(32)</visible>
			<posx>0</posx>
			<posy>240</posy>
			<width>980</width>
			<height>280</height>
			<align>right</align>
			<autoscroll time="5000" delay="2000" repeat="2000"></autoscroll>
			<label>[B]$INFO[Container(32).ListItem.Plot][/B]</label>
			</control>
			
			<control type="image">
			<visible>Control.HasFocus(32)</visible>
			<posx>1000</posx>
			<posy>235</posy>
			<height>280</height>
			<width>540</width>
			<bordertexture colordiffuse="black">common/white.png</bordertexture>
			<bordersize>1</bordersize>
			<texture>$INFO[Container(32).ListItem.Art(fanart)]</texture>
			</control>
			
			<control type="label">
			<visible>Control.HasFocus(32)</visible>
			<posx>620</posx>
			<posy>30</posy>
            <width>558</width>
            <height>128</height>
            <label>[B]אמא[/B]</label>
			<align>center</align>
			<textcolor>white</textcolor>
			<font>Font-ListInfo-Bold1</font>    
			</control>
			
			<control type="grouplist">
		<posx>10</posx>
		<posy>950</posy>
		<orientation>horizontal</orientation>
		<itemgap>320</itemgap>
		<control type="group">
		<control type="label">
			<label>[B]דירוג סרטים:[/B]</label>
			<font>Font-Bar</font>
			<textcolor>orange</textcolor>
			<width>170</width>
			<height>52</height>
			<align>right</align>
			<posx>285</posx>
			<posy>-10</posy>
			<align>center</align>
		</control>
		<control type="label">
			<label>[B]לא קיים[/B]</label>
			<visible>IsEmpty(Container(32).ListItem.Rating)</visible>
			<font>Font-Bar</font>
			<textcolor>cyan</textcolor>
			<width>150</width>
			<height>52</height>
			<align>right</align>
			<posx>120</posx>
			<posy>-10</posy>
			<align>center</align>
		</control>		
		<control type="label">
			<label>[B]$INFO[Container(32).ListItem.Rating][/B]</label>
			<font>font-20</font>
			<textcolor>yellow</textcolor>
			<width>110</width>
			<height>52</height>
			<posx>120</posx>
			<posy>-7</posy>
			<align>right</align>
		</control>
		</control>

		<control type="group">
		<control type="label">
			<label>[B]זמן הסרט:[/B]</label>
			<font>Font-Bar</font>
			<textcolor>orange</textcolor>
			<width>170</width>
			<height>52</height>
			<align>right</align>
			<posx>285</posx>
			<posy>-10</posy>
			<align>center</align>
		</control>
		<control type="label">
			<label>[B]לא קיים[/B]</label>
			<visible>IsEmpty(Container(32).ListItem.Duration)</visible>
			<font>Font-Bar</font>
			<textcolor>cyan</textcolor>
			<width>150</width>
			<height>52</height>
			<align>right</align>
			<posx>120</posx>
			<posy>-10</posy>
			<align>center</align>
		</control>		
		<control type="label">
			<label>[B]$INFO[Container(32).ListItem.Duration][/B]</label>
			<font>font-20</font>
			<textcolor>cyan</textcolor>
			<width>110</width>
			<height>52</height>
			<posx>120</posx>
			<posy>-7</posy>
			<align>right</align>
		</control>
		</control>

		
		
		<control type="group">
		<control type="label">
			<label>[B]כמות הצבעות:[/B]</label>
			<font>Font-Bar</font>
			<textcolor>orange</textcolor>
			<width>170</width>
			<height>52</height>
			<align>right</align>
			<posx>285</posx>
			<posy>-10</posy>
			<align>center</align>
		</control>
		<control type="label">
			<label>[B]לא קיים[/B]</label>
			<visible>IsEmpty(Container(32).ListItem.Votes)</visible>
			<font>Font-Bar</font>
			<textcolor>cyan</textcolor>
			<width>150</width>
			<height>52</height>
			<align>right</align>
			<posx>120</posx>
			<posy>-10</posy>
			<align>center</align>
		</control>		
		<control type="label">
			<label>[B]$INFO[Container(32).ListItem.Votes][/B]</label>
			<font>font-20</font>
			<textcolor>red</textcolor>
			<width>110</width>
			<height>52</height>
			<posx>120</posx>
			<posy>-7</posy>
			<align>right</align>
		</control>
		</control>
	

		<control type="group">
		<control type="label">
			<label>[B]איכות הסרט:[/B]</label>
			<font>Font-Bar</font>
			<textcolor>orange</textcolor>
			<width>170</width>
			<height>52</height>
			<align>right</align>
			<posx>285</posx>
			<posy>-10</posy>
			<align>center</align>
		</control>
		<control type="label">
			<label>[B]לא קיים[/B]</label>
			<visible>IsEmpty(Container(32).ListItem.VideoResolution)</visible>
			<font>Font-Bar</font>
			<textcolor>cyan</textcolor>
			<width>150</width>
			<height>52</height>
			<align>right</align>
			<posx>120</posx>
			<posy>-10</posy>
			<align>center</align>
		</control>
		<control type="label">
			<label>[B]$INFO[Container(32).ListItem.VideoResolution][/B]</label>
			<font>font-20</font>
			<textcolor>cyan</textcolor>
			<width>110</width>
			<height>52</height>
			<posx>120</posx>
			<posy>-7</posy>
			<align>right</align>
		</control>
		</control>
		

		<control type="group">
		<control type="label">
			<label>[B]שנת הסרט:[/B]</label>
			<font>Font-Bar</font>
			<textcolor>orange</textcolor>
			<width>170</width>
			<height>52</height>
			<align>right</align>
			<posx>285</posx>
			<posy>-10</posy>
			<align>center</align>
		</control>
		<control type="label">
			<label>[B]לא קיים[/B]</label>
			<visible>IsEmpty(Container(32).ListItem.Year)</visible>
			<font>Font-Bar</font>
			<textcolor>cyan</textcolor>
			<width>150</width>
			<height>52</height>
			<align>right</align>
			<posx>120</posx>
			<posy>-10</posy>
			<align>center</align>
		</control>
		<control type="label">
			<label>[B]$INFO[Container(32).ListItem.Year][/B]</label>
			<font>font-20</font>
			<textcolor>lime</textcolor>
			<width>110</width>
			<height>52</height>
			<posx>120</posx>
			<posy>-7</posy>
			<align>right</align>
		</control>
		</control>
	
		<control type="group">
		<control type="label">
			<label>[B]קידוד הסרט:[/B]</label>
			<font>Font-Bar</font>
			<textcolor>orange</textcolor>
			<width>170</width>
			<height>52</height>
			<align>right</align>
			<posx>285</posx>
			<posy>-10</posy>
			<align>center</align>
		</control>
		<control type="label">
			<label>[B]לא קיים[/B]</label>
			<visible>IsEmpty(Container(32).ListItem.VideoAspect)</visible>
			<font>Font-Bar</font>
			<textcolor>cyan</textcolor>
			<width>150</width>
			<height>52</height>
			<align>right</align>
			<posx>120</posx>
			<posy>-10</posy>
			<align>center</align>
		</control>
		<control type="label">
			<label>[B]$INFO[Container(32).ListItem.VideoAspect][/B]</label>
			<font>font-20</font>
			<textcolor>cyan</textcolor>
			<width>110</width>
			<height>52</height>
			<posx>120</posx>
			<posy>-7</posy>
			<align>right</align>
		</control>
		</control>
			</control>
			
			
	        <control type="label">
			<visible>Control.HasFocus(32)</visible>
			<posy>140</posy>
			<posx>400</posx>
            <width>1000</width>
            <height>50</height>
            <align>center</align>
			<font>Font-ListInfo-Bold</font>
            <textcolor>lime</textcolor>
			<scroll>true</scroll>
            <label>[B]$INFO[Container(32).ListItem.Label][/B]</label>
			</control>
			
			<control type="label">
			<visible>Control.HasFocus(32)</visible>
			<posy>140</posy>
			<posx>1600</posx>
			<width>300</width>
			<height>50</height>
			<align>center</align>
			<textcolor>orange</textcolor>
			 <font>Font-ListInfo-Bold</font>
			<label>[B]$INFO[Container(32).ListItem.Genre][/B]</label>
			<scroll>true</scroll>
			</control>
					
            <control type="label">
			<visible>Control.HasFocus(32)</visible>
			<posy>143</posy>
			<posx>95</posx>
			<width>600</width>
			<height>50</height>
			<align>right</align>
            <font>Font-ListInfo-Bold</font>
			<textcolor>yellow</textcolor>
            <label>$INFO[Container(32).NumItems]</label>
            </control>
			
		    <control type="label">
			<visible>Control.HasFocus(32)</visible>
			<posy>140</posy>
			<posx>250</posx>
			<width>600</width>
			<height>50</height>
			<align>right</align>
            <font>Font-ListInfo-Bold</font>
			<textcolor>orange</textcolor>
            <label>כמות תוכן: </label>
            </control>


<!--end empty info-->

           <control type="list" id="32">
                <left>-40</left>
                <top>620</top>
                <height>420</height>
                <width>1540</width>
                <onleft>PreviousChannelGroup</onleft>
                <onright>NextChannelGroup</onright>
                <orientation>horizontal</orientation>
				<onup>SetFocus(33)</onup>
				<ondown>SetFocus(31)</ondown>
                <itemlayout height="650" width="280">
                    <control type="image">
                        <width>100%</width>
                        <height>100%</height>
                        <texture colordiffuse="0fffffff">common/selected.png</texture>
                        <aspectratio>scale</aspectratio>
                        <visible>ListItem.IsPlaying</visible>
                    </control>
                    <control type="image">
                        <left>22</left>
                        <top>12</top>  
                        <width>300</width>
                        <height>300</height>
						<bordertexture colordiffuse="white">common/white.png</bordertexture>
						<bordersize>1</bordersize>	
                        <texture>$INFO[ListItem.Thumb]</texture>
                        <aspectratio>keep</aspectratio>
                    </control>
                    <control type="label">
                        <left>560</left>
                        <width>70</width>
                        <height>70</height>
                        <align>left</align>                 
                        <label>$INFO[ListItem.ChannelNumberLabel]</label>
                        <selectedcolor>ListLabel</selectedcolor>
                    </control>
                    <control type="label">
                        <left>130</left>
                        <height>70</height>
                        <width>400</width>
                        <align>left</align>
                        <textcolor>ListLabel</textcolor>
                        <label>$INFO[ListItem.ChannelName]</label>
                        <selectedcolor>ListLabel</selectedcolor>
                    </control>
                </itemlayout>
                <focusedlayout height="650" width="280">
                    <control type="image">
                        <width>100%</width>
                        <height>100%</height>
                        <texture colordiffuse="1fffffff">common/selected.png</texture>
                        <aspectratio>scale</aspectratio>
                        <visible>ListItem.IsPlaying</visible>
                    </control>
                    <control type="image">
                        <left>22</left>
                        <top>12</top>  
                        <width>300</width>
                        <height>300</height>
						<bordertexture colordiffuse="red">common/white.png</bordertexture>
						<bordersize>8</bordersize>		
                        <texture>$INFO[ListItem.Thumb]</texture>
                        <aspectratio>keep</aspectratio>
                    </control>
                    <control type="label">
                        <left>560</left>
                        <width>70</width>
                        <height>70</height>
                        <align>left</align>
<!-- Modification Label -->                        
                        <label>$INFO[ListItem.ChannelNumberLabel]</label>
                        <selectedcolor>Selected</selectedcolor>
                        <textcolor>Selected</textcolor>
                    </control>
       <!--             <control type="label">
                        <left>138</left>
                        <top>50</top>
                       <width>400</width>
                        <height>18</height>
						 <align>right</align>
                        <reveal>true</reveal>
                        <label>$INFO[ListItem.Label]</label>
                    </control>-->
                    <control type="label">
                        <left>130</left>
                        <height>70</height>
                        <width>400</width>
                        <align>left</align>
                        <textcolor>Selected</textcolor>
                        <label>$INFO[ListItem.ChannelName]</label>
                        <selectedcolor>Selected</selectedcolor>
                    </control>
                </focusedlayout>
				<content>plugin://plugin.video.chanandmusic/?cat_level=%20&amp;count=0&amp;description=%d7%94%d7%a1%d7%93%d7%a8%d7%94%20ANNE%2c%20%d7%94%d7%a1%d7%aa%d7%92%d7%9c%d7%95%d7%aa%20%d7%94%d7%a1%d7%93%d7%a8%d7%94%20%d7%94%d7%99%d7%a4%d7%90%d7%a0%d7%99%d7%aa%2c%20%d7%9e%d7%a1%d7%a4%d7%a8%d7%aa%20%d7%90%d7%aa%20%d7%a1%d7%99%d7%a4%d7%95%d7%a8%d7%94%20%d7%a9%d7%9c%20%d7%9e%d7%9c%d7%a7%20%d7%91%d7%aa%20%d7%94%20-7.%d7%94%d7%aa%d7%a2%d7%9c%d7%9e%d7%94%20%d7%9e%d7%90%d7%9e%d7%95%20%d7%95%d7%a0%d7%a2%d7%a9%d7%aa%d7%94%20%d7%9c%d7%94%20%d7%a2%d7%95%d7%95%d7%9c%2c%20%d7%95%d7%94%d7%a4%d7%9b%d7%94%20%d7%9c%d7%90%d7%9d%20%2f%20%d7%91%d7%aa%20%d7%a2%d7%9d%20%d7%94%d7%9e%d7%95%d7%a8%d7%94%20%d7%96%d7%99%d7%a0%d7%a4&amp;fanart=https%3a%2f%2fm.media-amazon.com%2fimages%2fM%2fMV5BNWRkMzdiYjgtOTA0Yi00NjZiLWFjZjMtYThlMTE5MWEwYWU4XkEyXkFqcGdeQXVyODY1MDkwOQ%40%40._V1_UY268_CR2%2c0%2c182%2c268_AL_.jpg&amp;iconimage=http%3a%2f%2fimage.tmdb.org%2ft%2fp%2foriginal%2f%2fdUai7llrsiY8ogt0ys3eHda4u58.jpg&amp;index_depth=0&amp;lang=eng&amp;mode=5&amp;name=%5bB%5d%5bCOLOR%20burlywood%5d%d7%90%d7%9e%d7%90(Anna)%20%5b%2fCOLOR%5d%5b%2fB%5d&amp;page&amp;selected_list=%20&amp;url=%5bB%5d%5bCOLOR%20%20%20aqua%5d%20%d7%a1%d7%93%d7%a8%d7%95%d7%aa%20%5b%2fCOLOR%5d%5b%2fB%5d%5bB%5d%5bCOLOR%20%20%20aqua%5d%20%d7%97%d7%9c%d7%95%d7%9d%20%d7%98%d7%95%d7%a8%d7%a7%d7%99%20%20%20%5b%2fCOLOR%5d%5b%2fB%5d%5bB%5d%5bCOLOR%20burlywood%5d%d7%90%d7%9e%d7%90(Anna)%20%5b%2fCOLOR%5d%5b%2fB%5d&quot</content>
			</control>
        </control>		
		</controls>
		
		
		
		
		
		
     <defaultcontrol always="true">33</defaultcontrol>
   	<onload>ClearProperty(quicknavsetup,home)</onload>
	<onunload>ClearProperty(quicknavsetup,home)</onunload>	
	<preloaditems>2</preloaditems>
	<controls>
    
        <control type="group">
            <visible>!Window.IsActive(DialogPVRGuideInfo.xml)</visible>
			<visible>!Window.IsActive(Textbox.xml)</visible>
			<visible>Control.HasFocus(33)</visible>
			<visible>!Player.HasVideo</visible>
	
            <control type="label">
                <left>30</left>
                <top>pad</top>
                <width>400</width>
                <height>70</height>
                <align>left</align>
                <font>Font-WidgetInfoTitle</font>
                <label>$INFO[VideoPlayer.ChannelGroup]</label>
            </control>
			
			<control type="textbox">
			<visible>Control.HasFocus(33)</visible>
			<posx>0</posx>
			<posy>240</posy>
			<width>980</width>
			<height>280</height>
			<align>right</align>
			<autoscroll time="5000" delay="2000" repeat="2000"></autoscroll>
			<label>[B]$INFO[Container(33).ListItem.Plot][/B]</label>
			</control>
			
			<control type="image">
			<visible>Control.HasFocus(33)</visible>
			<posx>1000</posx>
			<posy>235</posy>
			<height>280</height>
			<width>540</width>
			<bordertexture colordiffuse="black">common/white.png</bordertexture>
			<bordersize>1</bordersize>
			<texture>$INFO[Container(33).ListItem.Art(fanart)]</texture>
			</control>
			
			<control type="label">
			<visible>Control.HasFocus(33)</visible>
			<posx>620</posx>
			<posy>30</posy>
            <width>558</width>
            <height>128</height>
            <label>[B]אשה[/B]</label>
			<align>center</align>
			<textcolor>white</textcolor>
			<font>Font-ListInfo-Bold1</font>    
			</control>
			
			<control type="grouplist">
		<posx>10</posx>
		<posy>950</posy>
		<orientation>horizontal</orientation>
		<itemgap>320</itemgap>
		<control type="group">
		<control type="label">
			<label>[B]דירוג סרטים:[/B]</label>
			<font>Font-Bar</font>
			<textcolor>orange</textcolor>
			<width>170</width>
			<height>52</height>
			<align>right</align>
			<posx>285</posx>
			<posy>-10</posy>
			<align>center</align>
		</control>
		<control type="label">
			<label>[B]לא קיים[/B]</label>
			<visible>IsEmpty(Container(33).ListItem.Rating)</visible>
			<font>Font-Bar</font>
			<textcolor>cyan</textcolor>
			<width>150</width>
			<height>52</height>
			<align>right</align>
			<posx>120</posx>
			<posy>-10</posy>
			<align>center</align>
		</control>		
		<control type="label">
			<label>[B]$INFO[Container(33).ListItem.Rating][/B]</label>
			<font>font-20</font>
			<textcolor>yellow</textcolor>
			<width>110</width>
			<height>52</height>
			<posx>120</posx>
			<posy>-7</posy>
			<align>right</align>
		</control>
		</control>

		<control type="group">
		<control type="label">
			<label>[B]זמן הסרט:[/B]</label>
			<font>Font-Bar</font>
			<textcolor>orange</textcolor>
			<width>170</width>
			<height>52</height>
			<align>right</align>
			<posx>285</posx>
			<posy>-10</posy>
			<align>center</align>
		</control>
		<control type="label">
			<label>[B]לא קיים[/B]</label>
			<visible>IsEmpty(Container(33).ListItem.Duration)</visible>
			<font>Font-Bar</font>
			<textcolor>cyan</textcolor>
			<width>150</width>
			<height>52</height>
			<align>right</align>
			<posx>120</posx>
			<posy>-10</posy>
			<align>center</align>
		</control>		
		<control type="label">
			<label>[B]$INFO[Container(33).ListItem.Duration][/B]</label>
			<font>font-20</font>
			<textcolor>cyan</textcolor>
			<width>110</width>
			<height>52</height>
			<posx>120</posx>
			<posy>-7</posy>
			<align>right</align>
		</control>
		</control>

		
		
		<control type="group">
		<control type="label">
			<label>[B]כמות הצבעות:[/B]</label>
			<font>Font-Bar</font>
			<textcolor>orange</textcolor>
			<width>170</width>
			<height>52</height>
			<align>right</align>
			<posx>285</posx>
			<posy>-10</posy>
			<align>center</align>
		</control>
		<control type="label">
			<label>[B]לא קיים[/B]</label>
			<visible>IsEmpty(Container(33).ListItem.Votes)</visible>
			<font>Font-Bar</font>
			<textcolor>cyan</textcolor>
			<width>150</width>
			<height>52</height>
			<align>right</align>
			<posx>120</posx>
			<posy>-10</posy>
			<align>center</align>
		</control>		
		<control type="label">
			<label>[B]$INFO[Container(33).ListItem.Votes][/B]</label>
			<font>font-20</font>
			<textcolor>red</textcolor>
			<width>110</width>
			<height>52</height>
			<posx>120</posx>
			<posy>-7</posy>
			<align>right</align>
		</control>
		</control>
	

		<control type="group">
		<control type="label">
			<label>[B]איכות הסרט:[/B]</label>
			<font>Font-Bar</font>
			<textcolor>orange</textcolor>
			<width>170</width>
			<height>52</height>
			<align>right</align>
			<posx>285</posx>
			<posy>-10</posy>
			<align>center</align>
		</control>
		<control type="label">
			<label>[B]לא קיים[/B]</label>
			<visible>IsEmpty(Container(33).ListItem.VideoResolution)</visible>
			<font>Font-Bar</font>
			<textcolor>cyan</textcolor>
			<width>150</width>
			<height>52</height>
			<align>right</align>
			<posx>120</posx>
			<posy>-10</posy>
			<align>center</align>
		</control>
		<control type="label">
			<label>[B]$INFO[Container(33).ListItem.VideoResolution][/B]</label>
			<font>font-20</font>
			<textcolor>cyan</textcolor>
			<width>110</width>
			<height>52</height>
			<posx>120</posx>
			<posy>-7</posy>
			<align>right</align>
		</control>
		</control>
		

		<control type="group">
		<control type="label">
			<label>[B]שנת הסרט:[/B]</label>
			<font>Font-Bar</font>
			<textcolor>orange</textcolor>
			<width>170</width>
			<height>52</height>
			<align>right</align>
			<posx>285</posx>
			<posy>-10</posy>
			<align>center</align>
		</control>
		<control type="label">
			<label>[B]לא קיים[/B]</label>
			<visible>IsEmpty(Container(33).ListItem.Year)</visible>
			<font>Font-Bar</font>
			<textcolor>cyan</textcolor>
			<width>150</width>
			<height>52</height>
			<align>right</align>
			<posx>120</posx>
			<posy>-10</posy>
			<align>center</align>
		</control>
		<control type="label">
			<label>[B]$INFO[Container(33).ListItem.Year][/B]</label>
			<font>font-20</font>
			<textcolor>lime</textcolor>
			<width>110</width>
			<height>52</height>
			<posx>120</posx>
			<posy>-7</posy>
			<align>right</align>
		</control>
		</control>
	
		<control type="group">
		<control type="label">
			<label>[B]קידוד הסרט:[/B]</label>
			<font>Font-Bar</font>
			<textcolor>orange</textcolor>
			<width>170</width>
			<height>52</height>
			<align>right</align>
			<posx>285</posx>
			<posy>-10</posy>
			<align>center</align>
		</control>
		<control type="label">
			<label>[B]לא קיים[/B]</label>
			<visible>IsEmpty(Container(33).ListItem.VideoAspect)</visible>
			<font>Font-Bar</font>
			<textcolor>cyan</textcolor>
			<width>150</width>
			<height>52</height>
			<align>right</align>
			<posx>120</posx>
			<posy>-10</posy>
			<align>center</align>
		</control>
		<control type="label">
			<label>[B]$INFO[Container(33).ListItem.VideoAspect][/B]</label>
			<font>font-20</font>
			<textcolor>cyan</textcolor>
			<width>110</width>
			<height>52</height>
			<posx>120</posx>
			<posy>-7</posy>
			<align>right</align>
		</control>
		</control>
			</control>
			
			
	        <control type="label">
			<visible>Control.HasFocus(33)</visible>
			<posy>140</posy>
			<posx>400</posx>
            <width>1000</width>
            <height>50</height>
            <align>center</align>
			<font>Font-ListInfo-Bold</font>
            <textcolor>lime</textcolor>
			<scroll>true</scroll>
            <label>[B]$INFO[Container(33).ListItem.Label][/B]</label>
			</control>
			
			<control type="label">
			<visible>Control.HasFocus(33)</visible>
			<posy>140</posy>
			<posx>1600</posx>
			<width>300</width>
			<height>50</height>
			<align>center</align>
			<textcolor>orange</textcolor>
			 <font>Font-ListInfo-Bold</font>
			<label>[B]$INFO[Container(33).ListItem.Genre][/B]</label>
			<scroll>true</scroll>
			</control>
					
            <control type="label">
			<visible>Control.HasFocus(33)</visible>
			<posy>143</posy>
			<posx>95</posx>
			<width>600</width>
			<height>50</height>
			<align>right</align>
            <font>Font-ListInfo-Bold</font>
			<textcolor>yellow</textcolor>
            <label>$INFO[Container(33).NumItems]</label>
            </control>
			
		    <control type="label">
			<visible>Control.HasFocus(33)</visible>
			<posy>140</posy>
			<posx>250</posx>
			<width>600</width>
			<height>50</height>
			<align>right</align>
            <font>Font-ListInfo-Bold</font>
			<textcolor>orange</textcolor>
            <label>כמות תוכן: </label>
            </control>


<!--end empty info-->

           <control type="list" id="33">
                <left>-40</left>
                <top>620</top>
                <height>420</height>
                <width>1540</width>
                <onleft>PreviousChannelGroup</onleft>
                <onright>NextChannelGroup</onright>
                <orientation>horizontal</orientation>
				<onup>SetFocus(34)</onup>
				<ondown>SetFocus(32)</ondown>
                <itemlayout height="650" width="280">
                    <control type="image">
                        <width>100%</width>
                        <height>100%</height>
                        <texture colordiffuse="0fffffff">common/selected.png</texture>
                        <aspectratio>scale</aspectratio>
                        <visible>ListItem.IsPlaying</visible>
                    </control>
                    <control type="image">
                        <left>22</left>
                        <top>12</top>  
                        <width>300</width>
                        <height>300</height>
						<bordertexture colordiffuse="white">common/white.png</bordertexture>
						<bordersize>1</bordersize>	
                        <texture>$INFO[ListItem.Thumb]</texture>
                        <aspectratio>keep</aspectratio>
                    </control>
                    <control type="label">
                        <left>560</left>
                        <width>70</width>
                        <height>70</height>
                        <align>left</align>                 
                        <label>$INFO[ListItem.ChannelNumberLabel]</label>
                        <selectedcolor>ListLabel</selectedcolor>
                    </control>
                    <control type="label">
                        <left>130</left>
                        <height>70</height>
                        <width>400</width>
                        <align>left</align>
                        <textcolor>ListLabel</textcolor>
                        <label>$INFO[ListItem.ChannelName]</label>
                        <selectedcolor>ListLabel</selectedcolor>
                    </control>
                </itemlayout>
                <focusedlayout height="650" width="280">
                    <control type="image">
                        <width>100%</width>
                        <height>100%</height>
                        <texture colordiffuse="1fffffff">common/selected.png</texture>
                        <aspectratio>scale</aspectratio>
                        <visible>ListItem.IsPlaying</visible>
                    </control>
                    <control type="image">
                        <left>22</left>
                        <top>12</top>  
                        <width>300</width>
                        <height>300</height>
						<bordertexture colordiffuse="red">common/white.png</bordertexture>
						<bordersize>8</bordersize>		
                        <texture>$INFO[ListItem.Thumb]</texture>
                        <aspectratio>keep</aspectratio>
                    </control>
                    <control type="label">
                        <left>560</left>
                        <width>70</width>
                        <height>70</height>
                        <align>left</align>
<!-- Modification Label -->                        
                        <label>$INFO[ListItem.ChannelNumberLabel]</label>
                        <selectedcolor>Selected</selectedcolor>
                        <textcolor>Selected</textcolor>
                    </control>
       <!--             <control type="label">
                        <left>138</left>
                        <top>50</top>
                       <width>400</width>
                        <height>18</height>
						 <align>right</align>
                        <reveal>true</reveal>
                        <label>$INFO[ListItem.Label]</label>
                    </control>-->
                    <control type="label">
                        <left>130</left>
                        <height>70</height>
                        <width>400</width>
                        <align>left</align>
                        <textcolor>Selected</textcolor>
                        <label>$INFO[ListItem.ChannelName]</label>
                        <selectedcolor>Selected</selectedcolor>
                    </control>
                </focusedlayout>
				<content>plugin://plugin.video.chanandmusic/?cat_level=%20&amp;count=0&amp;description=%20&amp;fanart=http%3a%2f%2fimage.tmdb.org%2ft%2fp%2foriginal%2f%2f3erbQWGOecwuKBzDKlbWVMJyiTe.jpg&amp;iconimage=http%3a%2f%2fimage.tmdb.org%2ft%2fp%2foriginal%2f%2f6zfJPMwqsA5Roi5JCN7MZQRbykW.jpg&amp;index_depth=0&amp;lang=eng&amp;mode=5&amp;name=%5bB%5d%5bCOLOR%20burlywood%5d%d7%90%d7%99%d7%a9%d7%94%20%5b%2fCOLOR%5d%5b%2fB%5d&amp;page&amp;selected_list=%20&amp;url=%5bB%5d%5bCOLOR%20%20%20aqua%5d%20%d7%a1%d7%93%d7%a8%d7%95%d7%aa%20%5b%2fCOLOR%5d%5b%2fB%5d%5bB%5d%5bCOLOR%20%20%20aqua%5d%20%d7%97%d7%9c%d7%95%d7%9d%20%d7%98%d7%95%d7%a8%d7%a7%d7%99%20%20%20%5b%2fCOLOR%5d%5b%2fB%5d%5bB%5d%5bCOLOR%20burlywood%5d%d7%90%d7%99%d7%a9%d7%94%20%5b%2fCOLOR%5d%5b%2fB%5d&quot</content>
			</control>
        </control>
</controls>		
		


	




    <defaultcontrol always="true">34</defaultcontrol>
   	<onload>ClearProperty(quicknavsetup,home)</onload>
	<onunload>ClearProperty(quicknavsetup,home)</onunload>	
	<preloaditems>2</preloaditems>
	<controls>
    
        <control type="group">
            <visible>!Window.IsActive(DialogPVRGuideInfo.xml)</visible>
			<visible>!Window.IsActive(Textbox.xml)</visible>
			<visible>Control.HasFocus(34)</visible>
			<visible>!Player.HasVideo</visible>
	
            <control type="label">
                <left>30</left>
                <top>pad</top>
                <width>400</width>
                <height>70</height>
                <align>left</align>
                <font>Font-WidgetInfoTitle</font>
                <label>$INFO[VideoPlayer.ChannelGroup]</label>
            </control>
			
			<control type="textbox">
			<visible>Control.HasFocus(34)</visible>
			<posx>0</posx>
			<posy>240</posy>
			<width>980</width>
			<height>280</height>
			<align>right</align>
			<autoscroll time="5000" delay="2000" repeat="2000"></autoscroll>
			<label>[B]$INFO[Container(34).ListItem.Plot][/B]</label>
			</control>
			
			<control type="image">
			<visible>Control.HasFocus(34)</visible>
			<posx>1000</posx>
			<posy>235</posy>
			<height>280</height>
			<width>540</width>
			<bordertexture colordiffuse="black">common/white.png</bordertexture>
			<bordersize>1</bordersize>
			<texture>$INFO[Container(34).ListItem.Art(fanart)]</texture>
			</control>
			
			<control type="label">
			<visible>Control.HasFocus(34)</visible>
			<posx>620</posx>
			<posy>30</posy>
            <width>558</width>
            <height>128</height>
            <label>[B]ביתי[/B]</label>
			<align>center</align>
			<textcolor>white</textcolor>
			<font>Font-ListInfo-Bold1</font>    
			</control>
			
			<control type="grouplist">
		<posx>10</posx>
		<posy>950</posy>
		<orientation>horizontal</orientation>
		<itemgap>320</itemgap>
		<control type="group">
		<control type="label">
			<label>[B]דירוג סרטים:[/B]</label>
			<font>Font-Bar</font>
			<textcolor>orange</textcolor>
			<width>170</width>
			<height>52</height>
			<align>right</align>
			<posx>285</posx>
			<posy>-10</posy>
			<align>center</align>
		</control>
		<control type="label">
			<label>[B]לא קיים[/B]</label>
			<visible>IsEmpty(Container(34).ListItem.Rating)</visible>
			<font>Font-Bar</font>
			<textcolor>cyan</textcolor>
			<width>150</width>
			<height>52</height>
			<align>right</align>
			<posx>120</posx>
			<posy>-10</posy>
			<align>center</align>
		</control>		
		<control type="label">
			<label>[B]$INFO[Container(34).ListItem.Rating][/B]</label>
			<font>font-20</font>
			<textcolor>yellow</textcolor>
			<width>110</width>
			<height>52</height>
			<posx>120</posx>
			<posy>-7</posy>
			<align>right</align>
		</control>
		</control>

		<control type="group">
		<control type="label">
			<label>[B]זמן הסרט:[/B]</label>
			<font>Font-Bar</font>
			<textcolor>orange</textcolor>
			<width>170</width>
			<height>52</height>
			<align>right</align>
			<posx>285</posx>
			<posy>-10</posy>
			<align>center</align>
		</control>
		<control type="label">
			<label>[B]לא קיים[/B]</label>
			<visible>IsEmpty(Container(34).ListItem.Duration)</visible>
			<font>Font-Bar</font>
			<textcolor>cyan</textcolor>
			<width>150</width>
			<height>52</height>
			<align>right</align>
			<posx>120</posx>
			<posy>-10</posy>
			<align>center</align>
		</control>		
		<control type="label">
			<label>[B]$INFO[Container(34).ListItem.Duration][/B]</label>
			<font>font-20</font>
			<textcolor>cyan</textcolor>
			<width>110</width>
			<height>52</height>
			<posx>120</posx>
			<posy>-7</posy>
			<align>right</align>
		</control>
		</control>

		
		
		<control type="group">
		<control type="label">
			<label>[B]כמות הצבעות:[/B]</label>
			<font>Font-Bar</font>
			<textcolor>orange</textcolor>
			<width>170</width>
			<height>52</height>
			<align>right</align>
			<posx>285</posx>
			<posy>-10</posy>
			<align>center</align>
		</control>
		<control type="label">
			<label>[B]לא קיים[/B]</label>
			<visible>IsEmpty(Container(34).ListItem.Votes)</visible>
			<font>Font-Bar</font>
			<textcolor>cyan</textcolor>
			<width>150</width>
			<height>52</height>
			<align>right</align>
			<posx>120</posx>
			<posy>-10</posy>
			<align>center</align>
		</control>		
		<control type="label">
			<label>[B]$INFO[Container(34).ListItem.Votes][/B]</label>
			<font>font-20</font>
			<textcolor>red</textcolor>
			<width>110</width>
			<height>52</height>
			<posx>120</posx>
			<posy>-7</posy>
			<align>right</align>
		</control>
		</control>
	

		<control type="group">
		<control type="label">
			<label>[B]איכות הסרט:[/B]</label>
			<font>Font-Bar</font>
			<textcolor>orange</textcolor>
			<width>170</width>
			<height>52</height>
			<align>right</align>
			<posx>285</posx>
			<posy>-10</posy>
			<align>center</align>
		</control>
		<control type="label">
			<label>[B]לא קיים[/B]</label>
			<visible>IsEmpty(Container(34).ListItem.VideoResolution)</visible>
			<font>Font-Bar</font>
			<textcolor>cyan</textcolor>
			<width>150</width>
			<height>52</height>
			<align>right</align>
			<posx>120</posx>
			<posy>-10</posy>
			<align>center</align>
		</control>
		<control type="label">
			<label>[B]$INFO[Container(34).ListItem.VideoResolution][/B]</label>
			<font>font-20</font>
			<textcolor>cyan</textcolor>
			<width>110</width>
			<height>52</height>
			<posx>120</posx>
			<posy>-7</posy>
			<align>right</align>
		</control>
		</control>
		

		<control type="group">
		<control type="label">
			<label>[B]שנת הסרט:[/B]</label>
			<font>Font-Bar</font>
			<textcolor>orange</textcolor>
			<width>170</width>
			<height>52</height>
			<align>right</align>
			<posx>285</posx>
			<posy>-10</posy>
			<align>center</align>
		</control>
		<control type="label">
			<label>[B]לא קיים[/B]</label>
			<visible>IsEmpty(Container(34).ListItem.Year)</visible>
			<font>Font-Bar</font>
			<textcolor>cyan</textcolor>
			<width>150</width>
			<height>52</height>
			<align>right</align>
			<posx>120</posx>
			<posy>-10</posy>
			<align>center</align>
		</control>
		<control type="label">
			<label>[B]$INFO[Container(34).ListItem.Year][/B]</label>
			<font>font-20</font>
			<textcolor>lime</textcolor>
			<width>110</width>
			<height>52</height>
			<posx>120</posx>
			<posy>-7</posy>
			<align>right</align>
		</control>
		</control>
	
		<control type="group">
		<control type="label">
			<label>[B]קידוד הסרט:[/B]</label>
			<font>Font-Bar</font>
			<textcolor>orange</textcolor>
			<width>170</width>
			<height>52</height>
			<align>right</align>
			<posx>285</posx>
			<posy>-10</posy>
			<align>center</align>
		</control>
		<control type="label">
			<label>[B]לא קיים[/B]</label>
			<visible>IsEmpty(Container(34).ListItem.VideoAspect)</visible>
			<font>Font-Bar</font>
			<textcolor>cyan</textcolor>
			<width>150</width>
			<height>52</height>
			<align>right</align>
			<posx>120</posx>
			<posy>-10</posy>
			<align>center</align>
		</control>
		<control type="label">
			<label>[B]$INFO[Container(34).ListItem.VideoAspect][/B]</label>
			<font>font-20</font>
			<textcolor>cyan</textcolor>
			<width>110</width>
			<height>52</height>
			<posx>120</posx>
			<posy>-7</posy>
			<align>right</align>
		</control>
		</control>
			</control>
			
			
	        <control type="label">
			<visible>Control.HasFocus(34)</visible>
			<posy>140</posy>
			<posx>400</posx>
            <width>1000</width>
            <height>50</height>
            <align>center</align>
			<font>Font-ListInfo-Bold</font>
            <textcolor>lime</textcolor>
			<scroll>true</scroll>
            <label>[B]$INFO[Container(34).ListItem.Label][/B]</label>
			</control>
			
			<control type="label">
			<visible>Control.HasFocus(34)</visible>
			<posy>140</posy>
			<posx>1600</posx>
			<width>300</width>
			<height>50</height>
			<align>center</align>
			<textcolor>orange</textcolor>
			 <font>Font-ListInfo-Bold</font>
			<label>[B]$INFO[Container(34).ListItem.Genre][/B]</label>
			<scroll>true</scroll>
			</control>
					
            <control type="label">
			<visible>Control.HasFocus(34)</visible>
			<posy>143</posy>
			<posx>95</posx>
			<width>600</width>
			<height>50</height>
			<align>right</align>
            <font>Font-ListInfo-Bold</font>
			<textcolor>yellow</textcolor>
            <label>$INFO[Container(34).NumItems]</label>
            </control>
			
		    <control type="label">
			<visible>Control.HasFocus(34)</visible>
			<posy>140</posy>
			<posx>250</posx>
			<width>600</width>
			<height>50</height>
			<align>right</align>
            <font>Font-ListInfo-Bold</font>
			<textcolor>orange</textcolor>
            <label>כמות תוכן: </label>
            </control>


<!--end empty info-->

           <control type="list" id="34">
                <left>-40</left>
                <top>620</top>
                <height>420</height>
                <width>1540</width>
                <onleft>PreviousChannelGroup</onleft>
                <onright>NextChannelGroup</onright>
                <orientation>horizontal</orientation>
				<onup>SetFocus(35)</onup>
				<ondown>SetFocus(33)</ondown>
                <itemlayout height="650" width="380">
                    <control type="image">
                        <width>100%</width>
                        <height>100%</height>
                        <texture colordiffuse="0fffffff">common/selected.png</texture>
                        <aspectratio>scale</aspectratio>
                        <visible>ListItem.IsPlaying</visible>
                    </control>
                    <control type="image">
                        <left>22</left>
                        <top>12</top>  
                        <width>300</width>
                        <height>300</height>
						<bordertexture colordiffuse="white">common/white.png</bordertexture>
						<bordersize>1</bordersize>	
                        <texture>$INFO[ListItem.Thumb]</texture>
                        <aspectratio>keep</aspectratio>
                    </control>
                    <control type="label">
                        <left>560</left>
                        <width>70</width>
                        <height>70</height>
                        <align>left</align>                 
                        <label>$INFO[ListItem.ChannelNumberLabel]</label>
                        <selectedcolor>ListLabel</selectedcolor>
                    </control>
                    <control type="label">
                        <left>130</left>
                        <height>70</height>
                        <width>400</width>
                        <align>left</align>
                        <textcolor>ListLabel</textcolor>
                        <label>$INFO[ListItem.ChannelName]</label>
                        <selectedcolor>ListLabel</selectedcolor>
                    </control>
                </itemlayout>
                <focusedlayout height="650" width="380">
                    <control type="image">
                        <width>100%</width>
                        <height>100%</height>
                        <texture colordiffuse="1fffffff">common/selected.png</texture>
                        <aspectratio>scale</aspectratio>
                        <visible>ListItem.IsPlaying</visible>
                    </control>
                    <control type="image">
                        <left>22</left>
                        <top>12</top>  
                        <width>300</width>
                        <height>300</height>
						<bordertexture colordiffuse="red">common/white.png</bordertexture>
						<bordersize>8</bordersize>		
                        <texture>$INFO[ListItem.Thumb]</texture>
                        <aspectratio>keep</aspectratio>
                    </control>
                    <control type="label">
                        <left>560</left>
                        <width>70</width>
                        <height>70</height>
                        <align>left</align>
<!-- Modification Label -->                        
                        <label>$INFO[ListItem.ChannelNumberLabel]</label>
                        <selectedcolor>Selected</selectedcolor>
                        <textcolor>Selected</textcolor>
                    </control>
       <!--             <control type="label">
                        <left>138</left>
                        <top>50</top>
                       <width>400</width>
                        <height>18</height>
						 <align>right</align>
                        <reveal>true</reveal>
                        <label>$INFO[ListItem.Label]</label>
                    </control>-->
                    <control type="label">
                        <left>130</left>
                        <height>70</height>
                        <width>400</width>
                        <align>left</align>
                        <textcolor>Selected</textcolor>
                        <label>$INFO[ListItem.ChannelName]</label>
                        <selectedcolor>Selected</selectedcolor>
                    </control>
                </focusedlayout>
				<content>plugin://plugin.video.chanandmusic/?cat_level=%20&amp;count=0&amp;description=%d7%91%d7%9c%d7%a2%d7%93%d7%99%20%d7%9c%d7%90%d7%9c%d7%99%20%d7%a1%d7%a8%d7%98%d7%99%d7%9d%20%d7%95%d7%9c%d7%93%d7%a8%d7%a7%d7%95%d7%9f&amp;fanart=https%3a%2f%2fi0.wp.com%2fwelovebudapest.com%2fen%2fwp-content%2fuploads%2fsites%2f3%2f2015%2f01%2fe18af3a3b250e86c13bae7124b2a15bb.png%3fresize%3d1920%252C1080%26ssl%3d1&amp;iconimage=https%3a%2f%2ffindicons.com%2ffiles%2ficons%2f2838%2fflat_round_world_flag_icon_set%2f512%2fturkey.png&amp;index_depth=0&amp;lang=eng&amp;mode=5&amp;name=%5bB%5d%5bCOLOR%20burlywood%5d%d7%91%d7%99%d7%aa%d7%99%20%5b%2fCOLOR%5d%5b%2fB%5d&amp;page&amp;selected_list=%20&amp;url=%5bB%5d%5bCOLOR%20%20%20aqua%5d%20%d7%a1%d7%93%d7%a8%d7%95%d7%aa%20%5b%2fCOLOR%5d%5b%2fB%5d%5bB%5d%5bCOLOR%20%20%20aqua%5d%20%d7%97%d7%9c%d7%95%d7%9d%20%d7%98%d7%95%d7%a8%d7%a7%d7%99%20%20%20%5b%2fCOLOR%5d%5b%2fB%5d%5bB%5d%5bCOLOR%20burlywood%5d%d7%91%d7%99%d7%aa%d7%99%20%5b%2fCOLOR%5d%5b%2fB%5d&quot</content>
			</control>
        </control>	
			</controls>
			
			


    <defaultcontrol always="true">35</defaultcontrol>
   	<onload>ClearProperty(quicknavsetup,home)</onload>
	<onunload>ClearProperty(quicknavsetup,home)</onunload>	
	<preloaditems>2</preloaditems>
	<controls>
    
        <control type="group">
            <visible>!Window.IsActive(DialogPVRGuideInfo.xml)</visible>
			<visible>!Window.IsActive(Textbox.xml)</visible>
			<visible>Control.HasFocus(35)</visible>
			<visible>!Player.HasVideo</visible>
	
            <control type="label">
                <left>30</left>
                <top>pad</top>
                <width>400</width>
                <height>70</height>
                <align>left</align>
                <font>Font-WidgetInfoTitle</font>
                <label>$INFO[VideoPlayer.ChannelGroup]</label>
            </control>
			
			<control type="textbox">
			<visible>Control.HasFocus(35)</visible>
			<posx>0</posx>
			<posy>240</posy>
			<width>980</width>
			<height>280</height>
			<align>right</align>
			<autoscroll time="5000" delay="2000" repeat="2000"></autoscroll>
			<label>[B]$INFO[Container(35).ListItem.Plot][/B]</label>
			</control>
			
			<control type="image">
			<visible>Control.HasFocus(35)</visible>
			<posx>1000</posx>
			<posy>235</posy>
			<height>280</height>
			<width>540</width>
			<bordertexture colordiffuse="black">common/white.png</bordertexture>
			<bordersize>1</bordersize>
			<texture>$INFO[Container(35).ListItem.Art(fanart)]</texture>
			</control>
			
			<control type="label">
			<visible>Control.HasFocus(35)</visible>
			<posx>620</posx>
			<posy>30</posy>
            <width>558</width>
            <height>128</height>
            <label>[B]מריאם עונה 1[/B]</label>
			<align>center</align>
			<textcolor>white</textcolor>
			<font>Font-ListInfo-Bold1</font>    
			</control>
			
			<control type="grouplist">
		<posx>10</posx>
		<posy>950</posy>
		<orientation>horizontal</orientation>
		<itemgap>320</itemgap>
		<control type="group">
		<control type="label">
			<label>[B]דירוג סרטים:[/B]</label>
			<font>Font-Bar</font>
			<textcolor>orange</textcolor>
			<width>170</width>
			<height>52</height>
			<align>right</align>
			<posx>285</posx>
			<posy>-10</posy>
			<align>center</align>
		</control>
		<control type="label">
			<label>[B]לא קיים[/B]</label>
			<visible>IsEmpty(Container(35).ListItem.Rating)</visible>
			<font>Font-Bar</font>
			<textcolor>cyan</textcolor>
			<width>150</width>
			<height>52</height>
			<align>right</align>
			<posx>120</posx>
			<posy>-10</posy>
			<align>center</align>
		</control>		
		<control type="label">
			<label>[B]$INFO[Container(35).ListItem.Rating][/B]</label>
			<font>font-20</font>
			<textcolor>yellow</textcolor>
			<width>110</width>
			<height>52</height>
			<posx>120</posx>
			<posy>-7</posy>
			<align>right</align>
		</control>
		</control>

		<control type="group">
		<control type="label">
			<label>[B]זמן הסרט:[/B]</label>
			<font>Font-Bar</font>
			<textcolor>orange</textcolor>
			<width>170</width>
			<height>52</height>
			<align>right</align>
			<posx>285</posx>
			<posy>-10</posy>
			<align>center</align>
		</control>
		<control type="label">
			<label>[B]לא קיים[/B]</label>
			<visible>IsEmpty(Container(35).ListItem.Duration)</visible>
			<font>Font-Bar</font>
			<textcolor>cyan</textcolor>
			<width>150</width>
			<height>52</height>
			<align>right</align>
			<posx>120</posx>
			<posy>-10</posy>
			<align>center</align>
		</control>		
		<control type="label">
			<label>[B]$INFO[Container(35).ListItem.Duration][/B]</label>
			<font>font-20</font>
			<textcolor>cyan</textcolor>
			<width>110</width>
			<height>52</height>
			<posx>120</posx>
			<posy>-7</posy>
			<align>right</align>
		</control>
		</control>

		
		
		<control type="group">
		<control type="label">
			<label>[B]כמות הצבעות:[/B]</label>
			<font>Font-Bar</font>
			<textcolor>orange</textcolor>
			<width>170</width>
			<height>52</height>
			<align>right</align>
			<posx>285</posx>
			<posy>-10</posy>
			<align>center</align>
		</control>
		<control type="label">
			<label>[B]לא קיים[/B]</label>
			<visible>IsEmpty(Container(35).ListItem.Votes)</visible>
			<font>Font-Bar</font>
			<textcolor>cyan</textcolor>
			<width>150</width>
			<height>52</height>
			<align>right</align>
			<posx>120</posx>
			<posy>-10</posy>
			<align>center</align>
		</control>		
		<control type="label">
			<label>[B]$INFO[Container(35).ListItem.Votes][/B]</label>
			<font>font-20</font>
			<textcolor>red</textcolor>
			<width>110</width>
			<height>52</height>
			<posx>120</posx>
			<posy>-7</posy>
			<align>right</align>
		</control>
		</control>
	

		<control type="group">
		<control type="label">
			<label>[B]איכות הסרט:[/B]</label>
			<font>Font-Bar</font>
			<textcolor>orange</textcolor>
			<width>170</width>
			<height>52</height>
			<align>right</align>
			<posx>285</posx>
			<posy>-10</posy>
			<align>center</align>
		</control>
		<control type="label">
			<label>[B]לא קיים[/B]</label>
			<visible>IsEmpty(Container(35).ListItem.VideoResolution)</visible>
			<font>Font-Bar</font>
			<textcolor>cyan</textcolor>
			<width>150</width>
			<height>52</height>
			<align>right</align>
			<posx>120</posx>
			<posy>-10</posy>
			<align>center</align>
		</control>
		<control type="label">
			<label>[B]$INFO[Container(35).ListItem.VideoResolution][/B]</label>
			<font>font-20</font>
			<textcolor>cyan</textcolor>
			<width>110</width>
			<height>52</height>
			<posx>120</posx>
			<posy>-7</posy>
			<align>right</align>
		</control>
		</control>
		

		<control type="group">
		<control type="label">
			<label>[B]שנת הסרט:[/B]</label>
			<font>Font-Bar</font>
			<textcolor>orange</textcolor>
			<width>170</width>
			<height>52</height>
			<align>right</align>
			<posx>285</posx>
			<posy>-10</posy>
			<align>center</align>
		</control>
		<control type="label">
			<label>[B]לא קיים[/B]</label>
			<visible>IsEmpty(Container(35).ListItem.Year)</visible>
			<font>Font-Bar</font>
			<textcolor>cyan</textcolor>
			<width>150</width>
			<height>52</height>
			<align>right</align>
			<posx>120</posx>
			<posy>-10</posy>
			<align>center</align>
		</control>
		<control type="label">
			<label>[B]$INFO[Container(35).ListItem.Year][/B]</label>
			<font>font-20</font>
			<textcolor>lime</textcolor>
			<width>110</width>
			<height>52</height>
			<posx>120</posx>
			<posy>-7</posy>
			<align>right</align>
		</control>
		</control>
	
		<control type="group">
		<control type="label">
			<label>[B]קידוד הסרט:[/B]</label>
			<font>Font-Bar</font>
			<textcolor>orange</textcolor>
			<width>170</width>
			<height>52</height>
			<align>right</align>
			<posx>285</posx>
			<posy>-10</posy>
			<align>center</align>
		</control>
		<control type="label">
			<label>[B]לא קיים[/B]</label>
			<visible>IsEmpty(Container(35).ListItem.VideoAspect)</visible>
			<font>Font-Bar</font>
			<textcolor>cyan</textcolor>
			<width>150</width>
			<height>52</height>
			<align>right</align>
			<posx>120</posx>
			<posy>-10</posy>
			<align>center</align>
		</control>
		<control type="label">
			<label>[B]$INFO[Container(35).ListItem.VideoAspect][/B]</label>
			<font>font-20</font>
			<textcolor>cyan</textcolor>
			<width>110</width>
			<height>52</height>
			<posx>120</posx>
			<posy>-7</posy>
			<align>right</align>
		</control>
		</control>
			</control>
			
			
	        <control type="label">
			<visible>Control.HasFocus(35)</visible>
			<posy>140</posy>
			<posx>400</posx>
            <width>1000</width>
            <height>50</height>
            <align>center</align>
			<font>Font-ListInfo-Bold</font>
            <textcolor>lime</textcolor>
			<scroll>true</scroll>
            <label>[B]$INFO[Container(35).ListItem.Label][/B]</label>
			</control>
			
			<control type="label">
			<visible>Control.HasFocus(35)</visible>
			<posy>140</posy>
			<posx>1600</posx>
			<width>300</width>
			<height>50</height>
			<align>center</align>
			<textcolor>orange</textcolor>
			 <font>Font-ListInfo-Bold</font>
			<label>[B]$INFO[Container(35).ListItem.Genre][/B]</label>
			<scroll>true</scroll>
			</control>
					
            <control type="label">
			<visible>Control.HasFocus(35)</visible>
			<posy>143</posy>
			<posx>95</posx>
			<width>600</width>
			<height>50</height>
			<align>right</align>
            <font>Font-ListInfo-Bold</font>
			<textcolor>yellow</textcolor>
            <label>$INFO[Container(35).NumItems]</label>
            </control>
			
		    <control type="label">
			<visible>Control.HasFocus(35)</visible>
			<posy>140</posy>
			<posx>250</posx>
			<width>600</width>
			<height>50</height>
			<align>right</align>
            <font>Font-ListInfo-Bold</font>
			<textcolor>orange</textcolor>
            <label>כמות תוכן: </label>
            </control>


<!--end empty info-->

           <control type="list" id="35">
                <left>-40</left>
                <top>620</top>
                <height>420</height>
                <width>1540</width>
                <onleft>PreviousChannelGroup</onleft>
                <onright>NextChannelGroup</onright>
                <orientation>horizontal</orientation>
				<onup>SetFocus(30)</onup>
				<ondown>SetFocus(34)</ondown>
                <itemlayout height="650" width="280">
                    <control type="image">
                        <width>100%</width>
                        <height>100%</height>
                        <texture colordiffuse="0fffffff">common/selected.png</texture>
                        <aspectratio>scale</aspectratio>
                        <visible>ListItem.IsPlaying</visible>
                    </control>
                    <control type="image">
                        <left>22</left>
                        <top>12</top>  
                        <width>300</width>
                        <height>300</height>
						<bordertexture colordiffuse="white">common/white.png</bordertexture>
						<bordersize>1</bordersize>	
                        <texture>$INFO[ListItem.Thumb]</texture>
                        <aspectratio>keep</aspectratio>
                    </control>
                    <control type="label">
                        <left>560</left>
                        <width>70</width>
                        <height>70</height>
                        <align>left</align>                 
                        <label>$INFO[ListItem.ChannelNumberLabel]</label>
                        <selectedcolor>ListLabel</selectedcolor>
                    </control>
                    <control type="label">
                        <left>130</left>
                        <height>70</height>
                        <width>400</width>
                        <align>left</align>
                        <textcolor>ListLabel</textcolor>
                        <label>$INFO[ListItem.ChannelName]</label>
                        <selectedcolor>ListLabel</selectedcolor>
                    </control>
                </itemlayout>
                <focusedlayout height="650" width="280">
                    <control type="image">
                        <width>100%</width>
                        <height>100%</height>
                        <texture colordiffuse="1fffffff">common/selected.png</texture>
                        <aspectratio>scale</aspectratio>
                        <visible>ListItem.IsPlaying</visible>
                    </control>
                    <control type="image">
                        <left>22</left>
                        <top>12</top>  
                        <width>300</width>
                        <height>300</height>
						<bordertexture colordiffuse="red">common/white.png</bordertexture>
						<bordersize>8</bordersize>		
                        <texture>$INFO[ListItem.Thumb]</texture>
                        <aspectratio>keep</aspectratio>
                    </control>
                    <control type="label">
                        <left>560</left>
                        <width>70</width>
                        <height>70</height>
                        <align>left</align>
<!-- Modification Label -->                        
                        <label>$INFO[ListItem.ChannelNumberLabel]</label>
                        <selectedcolor>Selected</selectedcolor>
                        <textcolor>Selected</textcolor>
                    </control>
       <!--             <control type="label">
                        <left>138</left>
                        <top>50</top>
                       <width>400</width>
                        <height>18</height>
						 <align>right</align>
                        <reveal>true</reveal>
                        <label>$INFO[ListItem.Label]</label>
                    </control>-->
                    <control type="label">
                        <left>130</left>
                        <height>70</height>
                        <width>400</width>
                        <align>left</align>
                        <textcolor>Selected</textcolor>
                        <label>$INFO[ListItem.ChannelName]</label>
                        <selectedcolor>Selected</selectedcolor>
                    </control>
                </focusedlayout>
				<content>plugin://plugin.video.chanandmusic/?cat_level=%20&amp;count=0&amp;description=%d7%9e%d7%a8%d7%99%d7%90%d7%9d%20%d7%95%d7%90%d7%95%d7%a7%d7%98%d7%90%d7%99%20%d7%94%d7%9d%20%d7%96%d7%95%d7%92%20%d7%a6%d7%a2%d7%99%d7%a8%2c%20%d7%a9%d7%a2%d7%95%d7%9e%d7%93%20%d7%9c%d7%94%d7%99%d7%a0%d7%a9%d7%90.%20%d7%9c%d7%99%d7%9c%d7%94%20%d7%92%d7%a9%d7%95%d7%9d%20%d7%90%d7%97%d7%93%2c%20%d7%91%d7%a2%d7%95%d7%93%d7%9d%20%d7%a0%d7%95%d7%a1%d7%a2%d7%99%d7%9d%20%d7%94%d7%91%d7%99%d7%aa%d7%94%2c%20%d7%90%d7%95%d7%a7%d7%98%d7%90%d7%99%20%d7%a4%d7%95%d7%92%d7%a2%20%d7%91%d7%9e%d7%a9%d7%94%d7%95.%20%d7%94%d7%95%d7%90%20%d7%99%d7%95%d7%a6%d7%90%20%d7%9e%d7%94%d7%a8%d7%9b%d7%91%20%d7%9b%d7%93%d7%99%20%d7%9c%d7%91%d7%93%d7%95%d7%a7%20%d7%91%d7%9e%d7%94%20%d7%a4%d7%92%d7%a2%20%d7%95%d7%a8%d7%95%d7%90%d7%94%20%d7%90%d7%99%d7%a9%d7%94%20%d7%9e%d7%95%d7%98%d7%9c%d7%aa%20%d7%91%d7%a6%d7%93%20%d7%94%d7%93%d7%a8%d7%9a.%20%d7%90%d7%95%d7%a7%d7%98%d7%90%d7%99%2c%20%d7%a9%d7%a2%d7%95%d7%9e%d7%93%20%d7%9c%d7%94%d7%a4%d7%95%d7%9a%20%d7%9c%d7%aa%d7%95%d7%91%d7%a2%2c%20%d7%97%d7%95%d7%a9%d7%a9%20%d7%9e%d7%94%d7%94%d7%a9%d7%9c%d7%9b%d7%95%d7%aa%20%d7%a9%d7%9c%20%d7%94%d7%aa%d7%90%d7%95%d7%a0%d7%94%2c%20%d7%95%d7%97%d7%95%d7%96%d7%a8%20%d7%91%d7%9e%d7%94%d7%99%d7%a8%d7%94%20%d7%9c%d7%a8%d7%9b%d7%91.%20%d7%94%d7%95%d7%90%20%d7%9e%d7%a1%d7%aa%d7%99%d7%a8%20%d7%9e%d7%9e%d7%a8%d7%99%d7%90%d7%9d%20%d7%90%d7%aa%20%d7%94%d7%90%d7%9e%d7%aa%20%d7%95%d7%90%d7%95%d7%9e%d7%a8%20%d7%9c%d7%94%20%d7%a9%d7%a1%d7%9a%20%d7%94%d7%9b%d7%9c%20%d7%a4%d7%92%d7%a2%d7%95%20%d7%91%d7%97%d7%91%d7%99%d7%aa%2c%20%d7%95%d7%94%d7%a9%d7%a0%d7%99%d7%99%d7%9d%20%d7%a2%d7%95%d7%96%d7%91%d7%99%d7%9d%20%d7%90%d7%aa%20%d7%94%d7%9e%d7%a7%d7%95%d7%9d.&amp;fanart=http%3a%2f%2fimage.tmdb.org%2ft%2fp%2foriginal%2f%2fdilAdE7I6d2lyehXm75NQURF17f.jpg&amp;iconimage=http%3a%2f%2fimage.tmdb.org%2ft%2fp%2foriginal%2f%2fijzCBDGQWeM9SYW8kwbPspKzHcP.jpg&amp;index_depth=0&amp;lang=eng&amp;mode=5&amp;name=%d7%9e%d7%a8%d7%99%d7%90%d7%9d%20%d7%a2%d7%95%d7%a0%d7%94%201&amp;page&amp;selected_list=%20&amp;url=%5bB%5d%5bCOLOR%20%20%20aqua%5d%20%d7%a1%d7%93%d7%a8%d7%95%d7%aa%20%5b%2fCOLOR%5d%5b%2fB%5d%5bB%5d%5bCOLOR%20%20%20aqua%5d%20%d7%97%d7%9c%d7%95%d7%9d%20%d7%98%d7%95%d7%a8%d7%a7%d7%99%20%20%20%5b%2fCOLOR%5d%5b%2fB%5d%5bB%5d%5bCOLOR%20burlywood%5d%d7%9e%d7%a8%d7%99%d7%90%d7%9d%20%5b%2fCOLOR%5d%5b%2fB%5d%d7%9e%d7%a8%d7%99%d7%90%d7%9d%20%d7%a2%d7%95%d7%a0%d7%94%201&quot</content>
			</control>
        </control>		
		
		


	
<!--		<control type="textbox">
		<visible>!Player.HasVideo</visible>
		<posx>0</posx>
		<posy>45</posy>
		<textcolor>white</textcolor>
		<align>center</align>
		<font>Font-Header-Plus</font>
		<label>[B]יש לתת לוידגטים להטען במלואם. המעבר בין הוידגטים עם חצים למטה ולמעלה[/B]</label>
		</control>-->
    </controls>
</window>
