<?xml version="1.0" encoding="UTF-8"?>
<!-- Foundation -->
<includes>
	<include name="Viewtype_Ghost">
		<control type="group">
			<visible>Control.IsVisible(515)</visible>
			<visible>!Window.IsVisible(DialogVideoInfo.xml) + !Window.IsVisible(DialogAlbumInfo.xml)</visible>




		<control type="image">
			<top>-150</top>
			<width>1450</width>
			<height>1280</height>
			<timeperimage>5000</timeperimage>
			<randomize>true</randomize>
			<fadetime>650</fadetime>
			<texture>$INFO[Container(515).ListItem.Art(thumb)]</texture>
			<aspectratio>strech</aspectratio>
		</control>
			<!--fixed Cd Art Spin!-->		
			<control type="group">
				<posx>480</posx>
				<posy>650</posy>
				<width>230</width>
				<height>230</height>
				<animation condition="!Container(515).IsUpdating + Control.HasFocus(515) + Control.IsVisible(515)" effect="slide" start="-280,0" end="720,0" delay="1200" time="1800" repeat="10" tween="quadratic">Conditional</animation>
				<animation effect="rotate" center="auto" start="0" end="-10800" time="500000" reversible="false" pulse="true" delay="400" condition="True">Conditional</animation>
				<animation effect="fade" start="100" end="0" time="0"></animation>
				<!--<animation type="Visible" reversible="False">
					<effect type="rotate" center="auto" start="0" end="-10800" time="500000" pulse="true" delay="400"/>
					 <effect type="slide" start="0,200" end="0,0" time="400"/> 
				</animation> -->
			<control type="image">
				<texture background="false" fallback="" diffuse="thumbs/sets/cdart-mask.png">$INFO[Container(515).ListItem.Art(fanart)]</texture>
				<visible>!Container(515).IsUpdating + Control.HasFocus(515)</visible>
			</control>
			<control type="image">
				<texture background="true">thumbs/sets/cdarttop.png</texture>
				<visible>!IsEmpty(Container(515).ListItem.Art(fanart)) + Control.IsVisible(515) + !Control.IsUpdating(515)</visible>
			</control>
			</control>
	<!-- Fixed CdArt Spin-->

		
		<control type="image">
			<visible>!Container(515).IsUpdating + Control.HasFocus(515) + Control.IsVisible(515)</visible>
			<top>0</top>
			<left>1425</left>
			<height>1100</height>
			<width>520</width>
			<bordertexture border="5" colordiffuse="gray">common/white.png</bordertexture>
			<bordersize>1</bordersize>
			<texture background="true">main/main_menu.png</texture>
		</control>
		

		<control type="image">
			<visible>!Container(515).IsUpdating + Control.HasFocus(515) + Control.IsVisible(515)</visible>
			<top>780</top>
			<left>0</left>
			<height>300</height>
			<width>1425</width>
			<bordertexture border="5" colordiffuse="gray">common/white.png</bordertexture>
			<bordersize>2</bordersize>
			<texture background="true">main/main_menu.png</texture>
		</control>
		
		<control type="textbox" id="70">
			<visible>!Container(515).IsUpdating + Control.HasFocus(515)</visible>
			<label>[B]$VAR[Label_Plot][/B]</label>
			<left>20</left>
			<top>790</top>
			<width>1150</width>
			<height>240</height>
		<!--<label>$INFO[Container(515).ListItem.Plot</label>-->
			<font>Font-Sublabel</font>
			<align>justify</align>
			<autoscroll time="3000" delay="4000" repeat="5000"></autoscroll>
		</control>
	
		<control type="label">
		<top>1030</top>
		<left>0</left>
		<width>1200</width>
		<height>50</height>
		<align>center</align>
		<textcolor>orange</textcolor>
		<scroll>true</scroll>
		<label>[B]$INFO[Container(515).ListItem.Label][/B]</label>
		</control>
<!--buttons created by ghost-->
		<control type="grouplist">
		<posx>-720</posx>
		<posy>723</posy>
		<width>920</width>
		<height>120</height>
			<itemgap>110</itemgap>
			<orientation>horizontal</orientation>
	<animation condition="!Container(515).IsUpdating + Control.HasFocus(515) + !Player.HasVideo" effect="slide" start="-250,0" end="720,0" delay="350" time="400" repeat="10" tween="quadratic">Conditional</animation>
	
		<control type="group">
			<visible>!IsEmpty(ListItem.Rating)</visible>
		<control type="image">						
			<description>flags image</description>
			<width>110</width>
			<height>58</height>
			<posx>0</posx>
			<posy>0</posy>
			<texture background="true" colordiffuse="gray">flag1.png</texture>
		</control>
		<control type="label">
			<label>דירוג</label>
			<font>font-14</font>
			<textcolor>white</textcolor>
			<width>110</width>
			<height>52</height>
			<posx>0</posx>
			<posy>15</posy>
			<align>center</align>
		</control>
		<control type="label">
			<label>$INFO[Container(515).ListItem.Rating]</label>
			<font>font-20</font>
			<textcolor>white</textcolor>
			<width>110</width>
			<height>52</height>
			<posx>0</posx>
			<posy>-10</posy>
			<align>center</align>
		</control>
		</control>
		<control type="group">
			<visible>!IsEmpty(ListItem.Year)</visible>
		<control type="image">						
			<description>flags image</description>
			<width>110</width>
			<height>58</height>
			<posx>0</posx>
			<posy>0</posy>
			<texture background="true" colordiffuse="gray">flag1.png</texture>
		</control>
		<control type="label">
			<label>שנה</label>
			<font>font-14</font>
			<textcolor>white</textcolor>
			<width>110</width>
			<height>52</height>
			<posx>0</posx>
			<posy>15</posy>
			<align>center</align>
		</control>
		<control type="label">
			<label>$INFO[Container(515).ListItem.Year]</label>
			<font>font-20</font>
			<textcolor>white</textcolor>
			<width>110</width>
			<height>52</height>
			<posx>0</posx>
			<posy>-10</posy>
			<align>center</align>
		</control>
		</control>
		<control type="group">
			<visible>!IsEmpty(ListItem.VideoResolution)</visible>
		<control type="image">						
			<description>flags image</description>
			<width>110</width>
			<height>58</height>
			<posx>0</posx>
			<posy>0</posy>
			<texture background="true" colordiffuse="gray">flag1.png</texture>
		</control>
		<control type="label">
			<label>איכות</label>
			<font>font-14</font>
			<textcolor>white</textcolor>
			<width>110</width>
			<height>52</height>
			<posx>0</posx>
			<posy>15</posy>
			<align>center</align>
		</control>
		<control type="label">
			<label>$INFO[Container(515).ListItem.VideoResolution]</label>
			<font>font-20</font>
			<textcolor>white</textcolor>
			<width>110</width>
			<height>52</height>
			<posx>0</posx>
			<posy>-10</posy>
			<align>center</align>
		</control>
		</control>
		<control type="group">
			<visible>!IsEmpty(ListItem.VideoAspect)</visible>
		<control type="image">						
			<description>flags image</description>
			<width>110</width>
			<height>58</height>
			<posx>0</posx>
			<posy>0</posy>
			<texture background="true" colordiffuse="gray">flag1.png</texture>
		</control>
		<control type="label">
			<label>שמע</label>
			<font>font-14</font>
			<textcolor>white</textcolor>
			<width>110</width>
			<height>52</height>
			<posx>0</posx>
			<posy>15</posy>
			<align>center</align>
		</control>
		<control type="label">
			<label>$INFO[Container(515).ListItem.VideoAspect]</label>
			<font>font-20</font>
			<textcolor>white</textcolor>
			<width>110</width>
			<height>52</height>
			<posx>0</posx>
			<posy>-10</posy>
			<align>center</align>
		</control>
		</control>
		<control type="group">
			<visible>!IsEmpty(ListItem.VideoCodec)</visible>
		<control type="image">						
			<description>flags image</description>
			<width>110</width>
			<height>58</height>
			<posx>0</posx>
			<posy>0</posy>
			<texture background="true" colordiffuse="gray">flag1.png</texture>
		</control>
		<control type="label">
			<label>קידוד</label>
			<font>font-14</font>
			<textcolor>white</textcolor>
			<width>110</width>
			<height>52</height>
			<posx>0</posx>
			<posy>15</posy>
			<align>center</align>
		</control>
		<control type="label">
			<label>$INFO[Container(515).ListItem.VideoCodec]</label>
			<font>font-20</font>
			<textcolor>white</textcolor>
			<width>110</width>
			<height>52</height>
			<posx>0</posx>
			<posy>-10</posy>
			<align>center</align>
		</control>
		</control>
		</control>
					<control type="image">
			<visible>!Container(515).IsUpdating + Control.HasFocus(515)</visible>
			<top>780</top>
			<left>1200</left>
			<height>300</height>
			<width>225</width>
			<bordertexture border="5" colordiffuse="gray">common/white.png</bordertexture>
			<bordersize>1</bordersize>
			<texture>$VAR[Image_Thumbpro]</texture>
			<aspectratio>strech</aspectratio>
		</control>
			<control type="list" id="515">
			
			<top>0</top>
			<left>1300</left>
			<height>1000</height>
			<width>100%</width>
			
			<itemlayout width="540" height="95">
				
		
			<control type="label">
				<top>0</top>
				<left>150</left>
				<height>50</height>
				<width>450</width>
				<font>Font-Sublabelpro</font>
				<textcolor>white</textcolor>
				<align>right</align>
				<label>$INFO[ListItem.Label]</label>
			</control>
				
			<control type="image">
				<top>0</top>
				<left>125</left>
				<width>500</width>
				<height>1</height>
				<texture background="true" colordiffuse="gray">common/white.png</texture>
			</control>	
				
			<control type="label">
				<top>70</top>
				<left>150</left>
				<height>20</height>
				<width>450</width>
				<align>right</align>
				<font>Font-LineLabel</font>
				<label>[B]$INFO[ListItem.Genre,, ]$INFO[ListItem.Year,, ][/B]</label>
			</control>
				</itemlayout>
				<focusedlayout width="540" height="95">
			<control type="image">
			<top>3</top>
			<left>125</left>
			<width>495</width>
			<height>90</height>
			<texture background="true" colordiffuse="gray">common/white.png</texture>
			</control>
			<control type="label">
				<top>0</top>
				<left>150</left>
				<height>50</height>
				<width>450</width>
				<font>Font-Sublabelpro</font>
				<textcolor>white</textcolor>
				<align>right</align>
				<label>$INFO[ListItem.Label]</label>
			</control>
			<control type="image">
				<top>0</top>
				<left>125</left>
				<width>500</width>
				<height>1</height>
				<texture background="true" colordiffuse="gray">common/white.png</texture>
			</control>	
				<control type="label">
					<top>70</top>
					<left>150</left>
					<height>20</height>
					<width>450</width>
					<align>right</align>
					<font>Font-LineLabel</font>
					<label>[B]$INFO[ListItem.Genre,, ]$INFO[ListItem.Year,, ][/B]</label>
					</control>
				</focusedlayout>

			</control>	

	</control>
	</include>
</includes>