<?xml version="1.0" encoding="UTF-8"?>
<!-- Foundation -->
<includes>
	<include name="Viewtype_Netflix">
		<control type="group">
		<preloaditems>2</preloaditems>
				<include>Animation_Common</include>
				<visible>Control.IsVisible(515)</visible>	
				<visible>!Window.IsVisible(Textbox.xml)</visible>
				<visible>!Window.IsVisible(DialogVideoInfo.xml) + !Window.IsVisible(DialogAlbumInfo.xml)</visible>
				<left>side</left>
				<right>side</right>			
		<!--	<control type="image">
				<visible>!Player.HasVideo</visible>
				<right>150</right>
				<top>525</top>
				<width>387</width>
				<height>110</height>
				<aspectratio align="left" aligny="center">keep</aspectratio>
				<texture>$VAR[ClearLogoTop]</texture>
			</control>

					
	<!--			<control type="image">
				<visible>!Player.HasVideo</visible>
				<posx>1065</posx>
				<posy>670</posy>
				<height>350</height>
				<width>820</width>
				<bordertexture background="true" colordiffuse="gray">common/white.png</bordertexture>
				<bordersize>0</bordersize>
                <texture colordiffuse="$VAR[HomeBar_Color]">common/white.png</texture>
				</control>-->
				
				<control type="textbox" id="70">
				<label>[B]$VAR[Label_Plot][/B]</label>
				<right>705</right>
				<top>720</top>
				<width>580</width>
				<height>280</height>
				<textcolor>white</textcolor>
				<shadowcolor>gray</shadowcolor>
				<font>Font-Sublabel</font>
				<aligy>justify</aligy>
				<autoscroll time="5000" delay="8000" repeat="5000"></autoscroll>
				</control>
				
							
				<control type="group">
				<posx>930</posx>
				<posy>390</posy>
				<hieght>800</hieght>
				<width>800</width>
				<control type="label">
				<posx>150</posx>
				<posy>50</posy>
				<height>40</height>
				<width>400</width>
				<font>Font-ListInfo-Bold12</font>
				<textcolor>white</textcolor>
				<label>סגנון:</label>
				</control>
				<control type="label">
				<posx>140</posx>
				<posy>60</posy>
				<height>20</height>
				<width>450</width>
				<align>right</align>
				<textcolor>cyan</textcolor>
				<align>right</align>
				<font>Font-ListInfo-Bold12</font>
				<label>$INFO[ListItem.Genre]</label>
				<scroll>true</scroll>
				</control>
				</control>
				
				<control type="group">
				<posx>945</posx>
				<posy>460</posy>
				<hieght>800</hieght>
				<width>800</width>
				<control type="label">
				<posx>150</posx>
				<posy>50</posy>
				<height>40</height>
				<width>400</width>
				<font>Font-ListInfo-Bold12</font>
				<textcolor>white</textcolor>
				<label>שנה:</label>
				</control>
				<control type="label">
				<posx>140</posx>
				<posy>60</posy>
				<height>20</height>
				<width>490</width>
				<align>right</align>
				<textcolor>cyan</textcolor>
				<align>right</align>
				<font>Font-ListInfo-Bold12</font>
				<label>$INFO[ListItem.Year]</label>
				<scroll>true</scroll>
				</control>
				</control>
				
				<control type="group">

				<posx>820</posx>
				<posy>530</posy>
				<hieght>800</hieght>
				<width>800</width>
				<control type="label">
				<posx>150</posx>
				<posy>50</posy>
				<height>40</height>
				<width>400</width>
				<font>Font-ListInfo-Bold12</font>
				<textcolor>white</textcolor>
				<label>איכות הסרט:</label>
				</control>
				<control type="label">
				<visible>IsEmpty(ListItem.VideoResolution)</visible>
				<posx>20</posx>
				<posy>50</posy>
				<height>40</height>
				<width>400</width>
				<font>Font-ListInfo-Bold12</font>
				<textcolor>cyan</textcolor>
				<label>לא קיים</label>
				</control>
				
				<control type="label">
				<posx>140</posx>
				<posy>60</posy>
				<height>20</height>
				<width>490</width>
				<align>right</align>
				<textcolor>cyan</textcolor>
				<align>right</align>
				<font>Font-ListInfo-Bold12</font>
				<label>$INFO[ListItem.VideoResolution]</label>
				<scroll>true</scroll>
				</control>
				</control>

				<control type="group">
				<posx>820</posx>
				<posy>600</posy>
				<hieght>800</hieght>
				<width>800</width>
				<control type="label">
				<posx>150</posx>
				<posy>50</posy>
				<height>40</height>
				<width>400</width>
				<font>Font-ListInfo-Bold12</font>
				<textcolor>white</textcolor>
				<label>קידוד הסרט:</label>
				</control>
				
				<control type="label">
				<visible>IsEmpty(ListItem.VideoCodec)</visible>
				<posx>20</posx>
				<posy>50</posy>
				<height>40</height>
				<width>400</width>
				<font>Font-ListInfo-Bold12</font>
				<textcolor>cyan</textcolor>
				<label>לא קיים</label>
				</control>
				
				<control type="label">
				<posx>140</posx>
				<posy>60</posy>
				<height>20</height>
				<width>490</width>
				<align>right</align>
				<textcolor>cyan</textcolor>
				<align>right</align>
				<font>Font-ListInfo-Bold12</font>
				<label>$INFO[ListItem.VideoCodec]</label>
				<scroll>true</scroll>
				</control>
				</control>

				<control type="image">
				<description>middle big image cover</description>
				<top>420</top>
				<left>585</left>
				<width>600</width>
				<height>600</height>
				<texture colordiffuse="$VAR[PanelColour]">common/white.png</texture>
				</control>

				<control type="image">
				<description>left big image cover</description>
				<top>20</top>
				<left>-10</left>
				<width>580</width>
				<height>1000</height>
				<texture colordiffuse="$VAR[PanelColour]">common/white.png</texture>
				</control>
				 
				<control type="image">
				<description>right big image cover</description>
				<top>20</top>
				<right>-10</right>
				<width>690</width>
				<height>1000</height>
				<texture colordiffuse="$VAR[PanelColour]">common/white.png</texture>
				</control> 
				<control type="image">
				<description>big Landscape</description>
				<top>25</top>
				<right>-5</right>
				<width>680</width>
				<height>990</height>
				<bordertexture background="false" colordiffuse="gray">common/white.png</bordertexture>
				<bordersize>0</bordersize>
				<texture background="false">$INFO[ListItem.Art(poster)]</texture>
				<aspectratio align="200" aligny="400" scalediffuse="true">scale</aspectratio>
				</control>
				
				<control type="image">
				<description>small Landscape</description>
				<top>65</top>
				<right>685</right>
				<width>620</width>
				<height>280</height>
				<bordertexture background="false" colordiffuse="gray">common/white.png</bordertexture>
				<bordersize>0</bordersize>
				<texture background="false">$INFO[ListItem.Art(fanart)]</texture>
				<aspectratio align="200" aligny="400" scalediffuse="true">scale</aspectratio>
				</control>

				<control type="image">
				<description>small background above small poster</description>
				<posx>570</posx>
				<posy>20</posy>
				<width>629</width>
				<height>40</height>
				<texture colordiffuse="$VAR[PanelColour]">common/white.png</texture>
				</control>
				
			<control type="group">
			<width>600</width>
			<height>40</height>
			<posx>830</posx>
			<posy>20</posy>
							
				<control type="label">
				<posx>0</posx>
				<posy>0</posy>
				<width>400</width>
				<height>40</height>
				<textcolor>white</textcolor>
				<label>כמות התוכן: </label>
				</control>
				
				<control type="label">
				<posx>0</posx>
				<posy>4</posy>
				<width>100</width>
				<height>40</height>
				<textcolor>orange</textcolor>
				<align>right</align>
				<label>$INFO[Container(515).NumItems]</label>
				</control>
				</control>
				
			<!--fixed Cd Art Spin!-->		
<!--				<control type="group">
				<visible>!Player.HasVideo</visible>
				<posx>1080</posx>
				<posy>280</posy>
				<width>180</width>
				<height>180</height>
				<visible>true</visible>
				<animation effect="rotate" center="auto" start="0" end="-10800" time="500000" reversible="false" pulse="true" delay="400" condition="True">Conditional</animation>
				<!--<animation type="Visible" reversible="False">
				<effect type="rotate" center="auto" start="0" end="-10800" time="500000" pulse="true" delay="400"/>
				 <effect type="slide" start="0,200" end="0,0" time="400"/> 
				</animation>
				<control type="image">
				<aspectratio>stretch</aspectratio>
				<texture background="false" fallback="" diffuse="thumbs/sets/cdart-mask.png">$INFO[ListItem.Art(poster)]</texture>
				<visible>!IsEmpty(ListItem.Art(poster))</visible>
				</control>
				<control type="image">
				<texture background="true">thumbs/sets/cdarttop.png</texture>
				<visible>!IsEmpty(Container(515).ListItem.Art(poster)) + Control.IsVisible(515) + !Control.IsUpdating(515)</visible>
				</control>
				</control>-->
			<!-- Fixed CdArt Spin-->	
			
			
			
			               <!-- LANGUAGE -->
                <control type="grouplist">
                    <visible>true</visible>
                    <usecontrolcoords>true</usecontrolcoords>
                    <itemgap>pad</itemgap>
                    <orientation>horizontal</orientation>
                    <align>center</align>
                    <right>-1100</right>
                    <top>1030</top>
                    <height>800</height>                  
                    <control type="image">
                        <width>32</width>
                        <height>32</height>
                        <aspectratio>keep</aspectratio>
                        <texture colordiffuse="ListLabel">indicator/audio.png</texture>
                        <visible>!String.IsEmpty(ListItem.Property(AudioLanguage.1))</visible>
                    </control>
                    <control type="image">
                        <width>32</width>
                        <height>32</height>
                        <aspectratio>keep</aspectratio>
                        <texture>$INFO[ListItem.Property(AudioLanguage.1),lang/,.png]</texture>
                        <visible>!String.IsEmpty(ListItem.Property(AudioLanguage.1))</visible>
                    </control>
                    <control type="image">
                        <width>32</width>
                        <height>32</height>
                        <aspectratio>keep</aspectratio>
                        <texture>$INFO[ListItem.Property(AudioLanguage.2),lang/,.png]</texture>
                        <visible>!String.IsEmpty(ListItem.Property(AudioLanguage.2))</visible>
                    </control>
                    <control type="image">
                        <width>32</width>
                        <height>32</height>
                        <aspectratio>keep</aspectratio>
                        <texture>$INFO[ListItem.Property(AudioLanguage.3),lang/,.png]</texture>
                        <visible>!String.IsEmpty(ListItem.Property(AudioLanguage.3))</visible>
                    </control>
                    <control type="image">
                        <width>32</width>
                        <height>32</height>
                        <aspectratio>keep</aspectratio>
                        <texture>$INFO[ListItem.Property(AudioLanguage.4),lang/,.png]</texture>
                        <visible>!String.IsEmpty(ListItem.Property(AudioLanguage.4))</visible>
                    </control>
                    <control type="image">
                        <width>32</width>
                        <height>32</height>
                        <aspectratio>keep</aspectratio>
                        <texture>$INFO[ListItem.Property(AudioLanguage.5),lang/,.png]</texture>
                        <visible>!String.IsEmpty(ListItem.Property(AudioLanguage.5))</visible>
                    </control>
                    <control type="image">
                        <width>58</width>
                        <height>32</height>
                        <aspectratio>keep</aspectratio>
                        <texture colordiffuse="ListLabel">indicator/subtitles.png</texture>
                        <visible>!String.IsEmpty(ListItem.Property(SubtitleLanguage.1))</visible>
                    </control>                  
                    <control type="image">
                        <width>32</width>
                        <height>32</height>
                        <aspectratio>keep</aspectratio>
                        <texture fallback="lang">$INFO[ListItem.Property(SubtitleLanguage.1),lang/,.png]</texture>
                        <visible>!String.IsEmpty(ListItem.Property(SubtitleLanguage.1))</visible>
                    </control>
                    <control type="image">
                        <width>32</width>
                        <height>32</height>
                        <aspectratio>keep</aspectratio>
                        <texture>$INFO[ListItem.Property(SubtitleLanguage.2),lang/,.png]</texture>
                        <visible>!String.IsEmpty(ListItem.Property(SubtitleLanguage.2))</visible>
                    </control>
                    <control type="image">
                        <width>32</width>
                        <height>32</height>
                        <aspectratio>keep</aspectratio>
                        <texture>$INFO[ListItem.Property(SubtitleLanguage.3),lang/,.png]</texture>
                        <visible>!String.IsEmpty(ListItem.Property(SubtitleLanguage.3))</visible>
                    </control>
                    <control type="image">
                        <width>32</width>
                        <height>32</height>
                        <aspectratio>keep</aspectratio>
                        <texture>$INFO[ListItem.Property(SubtitleLanguage.4),lang/,.png]</texture>
                        <visible>!String.IsEmpty(ListItem.Property(SubtitleLanguage.5))</visible>
                    </control>
                    <control type="image">
                        <width>32</width>
                        <height>32</height>
                        <aspectratio>keep</aspectratio>
                        <texture>$INFO[ListItem.Property(SubtitleLanguage.5),lang/,.png]</texture>
                        <visible>!String.IsEmpty(ListItem.Property(SubtitleLanguage.5))</visible>
                    </control>
                </control> 
			
			
		<!--END FOCUSED IMAGES ON BUTTONS-->				
				
				<control type="grouplist" id="8000">
				<posx>650</posx>
				<posy>350</posy>
				<height>200</height>
				<width>800</width>
				<itemgap>110</itemgap>
				<orientation>vertical</orientation>
				<ondown>11112</ondown>
				<control type="group">
				<control type="button" id="11111">
				<description>trailer button</description>
				<posx>0</posx>
				<posy>0</posy>
				<width>65</width>
				<height>65</height>
				<align>center</align>
				<align>center</align>
				<textoffsetx>0</textoffsetx>
				<texturenofocus colordiffuse="white" border="5">buttons/play.png</texturenofocus>
                <texturefocus colordiffuse="$VAR[HighlightColor]" border="5">buttons/play.png</texturefocus>
				<onclick condition="!Player.HasVideo">SetProperty(trailer_trailerwillplaying,true,home)</onclick>
				<onclick condition="!Player.HasVideo + !String.IsEmpty(Window(home).Property(trailer_avail))">PlayMedia($INFO[listitem.path]$INFO[ListItem.FolderName,,-trailer.mp4],1)</onclick> <!-- ,need to check, escinfo could be need if other than win?? or emby ?? action=searchyoutube,title=$INFO[ListItem.Title,, *your languaage*], $INFO[ListItem.System.Language] -->
				<onclick condition="!Player.HasVideo + [!String.IsEmpty(ListItem.Trailer) + String.IsEmpty(Window(home).Property(trailer_avail))]">PlayMedia($INFO[ListItem.Trailer],1)</onclick> <!-- based on scraping, check local movietitle (year)-trailer.filexet, if not exist play http, -->
				<onclick condition="!Player.HasVideo + [[String.IsEmpty(Window(home).Property(trailer_avail)) + String.IsEmpty(ListItem.Trailer)] | ListItem.IsCollection | String.Contains(ListItem.Path,http)]">RunScript(script.skin.helper.service,action=playtraileryoutube,mode=windowed,title=$INFO[ListItem.Title],local=true)</onclick>
				<ondown>515</ondown>
				<onleft>515</onleft>
				<onleft condition="Player.HasVideo">Stop</onleft>
				<onup>515</onup>
				<onright>11112</onright>
				<visible>!Player.HasVideo | Player.HasVideo</visible>
				</control>
		   
				<control type="button" id="11112">
			<!--Extended Info Button-->
				<posx>200</posx>
				<posy>0</posy>
				<width>65</width>
				<height>65</height>
				<align>center</align>
                <texturenofocus colordiffuse="white" border="5">buttons/extendedinfo.png</texturenofocus>
                <texturefocus colordiffuse="$VAR[HighlightColor]" border="5">buttons/extendedinfo.png</texturefocus> 
				<onleft>11111</onleft>
				<onup>515</onup>
				<ondown>515</ondown>
				<onright>11113</onright>
                <onclick condition="!System.HasAddon(script.extendedinfo)">RunPlugin(plugin://script.extendedinfo)</onclick>
				<onclick condition="System.HasAddon(script.extendedinfo) + String.IsEqual(Window(Home).Property(contenttype),movies)">RunScript(script.extendedinfo,info=extendedinfo,dbid=$INFO[ListItem.DBID],name=$INFO[ListItem.Title])</onclick>
                <onclick condition="System.HasAddon(script.extendedinfo) + String.IsEqual(Window(Home).Property(contenttype),tvshows)">RunScript(script.extendedinfo,info=extendedtvinfo,dbid=$INFO[ListItem.DBID],name=$INFO[ListItem.TvShowTitle])</onclick>
                <onclick condition="System.HasAddon(script.extendedinfo) + String.IsEqual(Window(Home).Property(contenttype),seasons)">RunScript(script.extendedinfo,info=seasoninfo,tvshow=$INFO[ListItem.TvShowTitle],season=$INFO[ListItem.Season],silent=True)</onclick>
                <onclick condition="System.HasAddon(script.extendedinfo) + String.IsEqual(Window(Home).Property(contenttype),episodes)">RunScript(script.extendedinfo,info=extendedepisodeinfo,dbid=$INFO[ListItem.DBID],tvshow=$INFO[ListItem.TvShowTitle],season=$INFO[ListItem.Season],episode=$INFO[ListItem.Episode],silent=True)</onclick>
				<visible>!Player.HasVideo | Player.HasVideo</visible>			
				</control>		

                
			<!--	<control type="button" id="11113">
				<posx>1650</posx>
				<posy>200</posy>
				<width>285</width>
				<height>50</height>
				<align>center</align>
				<textoffsetx>0</textoffsetx>
                <font>Font-Sublabel</font>
				<textcolor>white</textcolor>
				<focusedcolor>orange</focusedcolor>
				<onleft>11112</onleft>
				<onup>515</onup>	
				<ondown>515</ondown>
				<onright>11114</onright>
                <width>290</width>
				<height>40</height>
                <label>$LOCALIZE[38018]: $INFO[ListItem.UserRating]</label>
				<visible>String.IsEmpty(Window.Property(AdditionalInfo))</visible>
				<visible>!Player.HasVideo | Player.HasVideo</visible>
				</control>	-->			
			
			
			    <control type="button" id="11113">
				<!--Youtube Videos-->
				<posx>400</posx>
				<posy>0</posy>
				<width>65</width>
				<height>65</height>
				<align>center</align>
                <texturenofocus colordiffuse="white" border="5">buttons/trailer.png</texturenofocus>
                <texturefocus colordiffuse="$VAR[HighlightColor]" border="5">buttons/trailer.png</texturefocus>
				<onclick condition="System.HasAddon(plugin.video.youtube)">RunScript(script.skin.helper.service,action=searchyoutube,title=$INFO[ListItem.Title] Trailer,header=$INFO[ListItem.Title,, YouTube Trailers])</onclick>	<!-- RunScript(script.skin.helper.service,action=searchyoutube,title=$INFO[ListItem.Title,, *your language*] -->
                <onclick condition="!System.HasAddon(plugin.video.youtube)">ActivateWindow(Videos,plugin://plugin.video.youtube)</onclick>
                <visible>String.IsEqual(Window(Home).Property(contenttype),movies) | String.IsEqual(Window(Home).Property(contenttype),tvshows)| String.IsEqual(Window(Home).Property(contenttype),seasons)</visible>
				<visible>String.IsEmpty(Window.Property(AdditionalInfo))</visible>
				<onup>515</onup>
				<ondown>515</ondown>
				<onleft>11112</onleft>
				<onright>11111</onright>
				<visible>!Player.HasVideo | Player.HasVideo</visible>
				</control>
				</control>
				</control>
		   
		   
				<control type="group">
                <posx>575</posx>
				<posy>40</posy>
                <visible>Player.HasVideo</visible>
                <control type="videowindow">
				<aspectratio scalediffuse="false" align="left" aligny="top">keep</aspectratio>
                <width>1320</width>
                <height>1450</height>
                </control>
				</control>
 	
				<control type="list" id="515">
				<onleft>60</onleft>
				<onleft condition="Player.HasVideo">Stop</onleft>
				<onright>11111</onright>
				<onleft>0</onleft>
				<pagecontrol>60</pagecontrol>
				<ondown condition="Player.HasVideo">Stop</ondown>
			<!--	<visible>[Container.Content(movies) | Container.Content(sets)]| Container.Content(tvshows) | Container.Content(seasons) | Container.Content(episodes)</visible> -->
				<ondown condition="!Skin.HasSetting(showscrollbars) + Skin.HasSetting(AlphabetScrollbar)">6015</ondown>
				<ondown condition="Skin.HasSetting(showscrollbars)">60</ondown>	
				<top>30</top>
				<left>-5</left>
				<height>980</height>
				<width>1000</width>
				<onup condition="!Skin.HasSetting(global.kioskmode)">9000</onup>
				<onback condition="Skin.HasSetting(backoption) + !String.IsEqual(Window(home).Property(HubReturn),Home)">ActivateWindow($INFO[Window(home).Property(HubReturn)])</onback>
				<preloaditems>2</preloaditems>
				<pagecontrol>60</pagecontrol>
				<height>390</height>
				<scrolltime tween="cubic" easing="out">500</scrolltime>
				<orientation>vertical</orientation>
				<focusposition>1</focusposition>
				<viewtype label="$LOCALIZE[31200]">list</viewtype>
				<visible>[Container.Content(movies) + [String.IsEqual(Skin.String(Skin.ForcedView.movies),$LOCALIZE[31200]) | String.IsEmpty(Skin.String(Skin.ForcedView.movies)) ]] | [Container.Content(sets) + [String.IsEqual(Skin.String(Skin.ForcedView.sets),$LOCALIZE[31200]) | String.IsEmpty(Skin.String(Skin.ForcedView.sets)) ]] | [Container.Content(tvshows) + [String.IsEqual(Skin.String(Skin.ForcedView.tvshows),$LOCALIZE[31200]) | String.IsEmpty(Skin.String(Skin.ForcedView.tvshows)) ]] | [Container.Content(seasons) + [String.IsEqual(Skin.String(Skin.ForcedView.seasons),$LOCALIZE[31200]) | String.IsEmpty(Skin.String(Skin.ForcedView.seasons)) ]] | [Container.Content(episodes) + [String.IsEqual(Skin.String(Skin.ForcedView.episodes),$LOCALIZE[31200]) | String.IsEmpty(Skin.String(Skin.ForcedView.episodes)) ]]</visible>
				<scrolltime tween="quadratic">400</scrolltime>
			

				<itemlayout width="580" height="55">
				<control type="label">
				<top>15</top>
				<left>0</left>
				<height>80</height>
				<width>525</width>
				<textcolor>white</textcolor>
				<align>left</align>
				<label>$INFO[ListItem.Label]</label>
				</control>
							

		<!--		<control type="label">
				<top>40</top>
				<left>280</left>
				<height>30</height>
				<width>800</width>
				<font>Font-Sublabel</font>
				<align>right</align>
				<label>[COLOR white]$INFO[ListItem.Year][/COLOR]</label>
				</control>-->
					
			
				<control type="group">
			    <control type="image">
			    <left>530</left>
		        <top>40</top>
			    <width>32</width>
			    <height>32</height>
				<texture colordiffuse="$VAR[Indicators_SecondaryColor]">$VAR[Image_Indicator_Back]</texture>
				</control>	
			    <control type="image">
			    <left>530</left>
		        <top>40</top>
			    <width>32</width>
			    <height>32</height>
				<texture colordiffuse="$VAR[Indicators_PrimaryColor]">$VAR[Image_Indicator]</texture>
				</control>		
			    </control>
				</itemlayout>
				
				
				<focusedlayout width="580" height="55">
	
		        <control type="image">    
				<posx>0</posx>
				<posy>35</posy>
				<width>575</width>
                <height>40</height>
                <texture colordiffuse="$VAR[HighlightColor]">common/white.png</texture>
                </control>
				<control type="label">
				<top>15</top>
				<left>0</left>
				<height>80</height>
				<width>525</width>
				<textcolor>cyan</textcolor>
				<align>left</align>
				<scrolltime time="1800" delay="600">true</scrolltime>
				<label>$INFO[ListItem.Label]</label>
				</control>
		
				<control type="group">
				<control type="image">
				<left>530</left>
				<top>40</top>
				<width>32</width>
		        <height>32</height>
			    <texture colordiffuse="$VAR[Indicators_SecondaryColor]">$VAR[Image_Indicator_Back]</texture>
			    </control>	
		
				<control type="image">
			    <left>530</left>
		        <top>40</top>
		        <width>32</width>
		        <height>32</height>
			    <texture colordiffuse="$VAR[Indicators_PrimaryColor]">$VAR[Image_Indicator]</texture>
				</control>		
			    </control>
				</focusedlayout>
			</control>	
			
				<control type="scrollbar" id="60">
				<visible>Skin.HasSetting(showscrollbars)</visible>
				<ondown condition="Skin.HasSetting(AlphabetScrollbar)">6015</ondown>
				<onback>50</onback>
				<left>70</left>
				<width>1780</width>
				<bottom>160</bottom>
				<orientation>horizontal</orientation>
				<height>8</height>
				<onup>50</onup>
				<ondown condition="!Skin.HasSetting(global.kioskmode)">9000</ondown>
				<animation effect="fade" start="100" end="33" time="400" condition="!Control.HasFocus(60) + !Container.Scrolling">Conditional</animation>
				</control>	
		
				<control type="group" id="99999">	

				<control type="image">
				<left>-5</left>
				<bottom>5</bottom>
				<width>width</width>
				<height>58</height>
				<animation effect="fade" start="100" end="80" time="50" condition="Control.HasFocus(6015)">Conditional</animation>
				<texture colordiffuse="DialogBG">scroll/sbl_backround.png</texture>
				<visible>Control.HasFocus(6015) + Skin.HasSetting(AlphabetScrollbar)</visible>
				</control>		
				<control type="panel" id="6015">
				<onup>50</onup>
				<ondown condition="!String.IsEqual(Window(home).Property(HubReturn),Home)">ActivateWindow($INFO[Window(home).Property(HubReturn)])</ondown>
				<bottom>5</bottom>
				<left>0</left>
				<height>50</height>
				<width>1880</width>
				<visible>Skin.HasSetting(AlphabetScrollbar)</visible>
				<animation effect="fade" start="100" end="0" time="50" condition="!Control.HasFocus(6015)">Conditional</animation>

				<itemlayout height="41" width="40">

				<control type="image">
				<texture colordiffuse="LineLabel">scroll/1/$INFO[ListItem.Label].png</texture>
				<animation effect="fade" start="100" end="20" time="0" condition="!String.IsEmpty(ListItem.Property(NotAvailable))">Conditional</animation>
				</control>

				<control type="image">
				<texture colordiffuse="white">scroll/1/$INFO[ListItem.Label].png</texture>
				<animation effect="fade" start="100" end="0" time="0" condition="true">Conditional</animation>
				<visible>String.IsEqual(ListItem.Label,Container.ListItem.SortLetter)</visible>
				</control>
				</itemlayout>
				<focusedlayout height="41" width="40">
				<control type="image">
				<texture colordiffuse="$VAR[HighlightColor]">scroll/1/$INFO[ListItem.Label].png</texture>
				<animation effect="fade" start="100" end="0" time="0" condition="!String.IsEmpty(ListItem.Property(NotAvailable))">Conditional</animation>
				</control>
				</focusedlayout>
				<include condition="Skin.HasSetting(AlphabetScrollbar)">AlphabetAction</include>
				</control>

            <!--vertical Scollbar-->
				<control type="scrollbar" id="60">
				<visible>Control.IsVisible(515) + Integer.IsGreater(Container.Numitems,0)</visible>
				<left>-15</left>
				<bottom>60</bottom>
				<height>1000</height>
				<width>5</width>
				<onup>515</onup>
				<onright>515</onright>
				<ondown>6000</ondown>
				<onleft>60</onleft>
				<orientation>vertical</orientation>	
				<animation effect="fade" start="0" end="100" time="500" condition="Control.HasFocus(60)">Conditional</animation>
				<animation effect="fade" start="100" end="0" time="500" condition="!Control.HasFocus(60)">Conditional</animation>
				</control>
				
			</control>
	</control>
	</include>
</includes>