{
    "access_manager": {
        "current_user": 0,
        "developers": {},
        "last_origin": "plugin.video.youtube",
        "users": {
            "0": {
                "access_token": "",
                "id": "dcbede1948db4f2da6f7f45c66c07c36",
                "last_key_hash": "d41d8cd98f00b204e9800998ecf8427e",
                "name": "Default",
                "refresh_token": "",
                "token_expires": 1732429205.193302,
                "watch_history": "HL",
                "watch_later": "WL"
            }
        }
    }
}