{
    "access_manager": {
        "current_user": 0,
        "developers": {},
        "last_origin": "plugin.video.youtube",
        "users": {
            "0": {
                "access_token": "",
                "id": "cdfc363f8e79405f958eb2f4ef7ec770",
                "last_key_hash": "1488dd56696984a46252df4bc4695fb0",
                "name": "Default",
                "refresh_token": "",
                "token_expires": 1733659334.5934741,
                "watch_history": "HL",
                "watch_later": "WL"
            }
        }
    }
}