{
    "name"              : "telemediaadvancedsearch",
    "plugin"            : "plugin.video.telemedia",
    "priority"          : 100,
    "assert"            : {
                            "play_movie":       ["title", "year"],
                            "play_episode":     ["showname", "season", "episode"],
                            "search_movie":     ["title"],
                            "search_episode":   ["showname"]
                          },
    "play_movie"        : [
                            "plugin://plugin.video.telemedia/?mode=6&iconimage=https://sitechecker.pro/wp-content/uploads/2017/12/search-engines.png&fanart=https://www.komando.com/wp-content/uploads/2017/12/computer-search.jpg&description=Search+All&url=+&name=[COLOR yellow]חיפוש כללי[/COLOR]&image_master=&heb_name= &last_id=0$$$0&dates= &data=all&original_title= &id= &season= &episode= &tmdbid= &eng_name= &show_original_year= &isr=0&fav_status=false&groups_id=0",
                            {"keyboard": "{title}"},
                            {"title": "(?i)^(\\[.*\\])?.*{title}.*(\\[.*\\])?$", "year": "{year}"}
                          ],
    "play_episode"      : [
                            "plugin://plugin.video.telemedia/?mode=6&iconimage=https://sitechecker.pro/wp-content/uploads/2017/12/search-engines.png&fanart=https://www.komando.com/wp-content/uploads/2017/12/computer-search.jpg&description=Search+All&url=+&name=[COLOR yellow]חיפוש כללי[/COLOR]&image_master=&heb_name= &last_id=0$$$0&dates= &data=all&original_title= &id= &season= &episode= &tmdbid= &eng_name= &show_original_year= &isr=0&fav_status=false&groups_id=0",
                            {"keyboard": "{showname}"},
                            {"title": "(?i)^(\\[.*\\])?{showname}(\\[.*\\])?$"},
                            {"return": "true", "season": "^{season}$", "episode": "^{episode}$"},
                            {"season": "^{season}$"},
                            {"season": "^{season}$", "episode": "^{episode}$"}
                          ],
    "search_movie"      : [
                            "plugin://plugin.video.telemedia/?mode=6&iconimage=https://sitechecker.pro/wp-content/uploads/2017/12/search-engines.png&fanart=https://www.komando.com/wp-content/uploads/2017/12/computer-search.jpg&description=Search+All&url=+&name=[COLOR yellow]חיפוש כללי[/COLOR]&image_master=&heb_name= &last_id=0$$$0&dates= &data=all&original_title= &id= &season= &episode= &tmdbid= &eng_name= &show_original_year= &isr=0&fav_status=false&groups_id=0",
                            {"keyboard": "{title}"}
                          ],
    "search_episode"    : [
                            "plugin://plugin.video.telemedia/?mode=6&iconimage=https://sitechecker.pro/wp-content/uploads/2017/12/search-engines.png&fanart=https://www.komando.com/wp-content/uploads/2017/12/computer-search.jpg&description=Search+All&url=+&name=[COLOR yellow]חיפוש כללי[/COLOR]&image_master=&heb_name= &last_id=0$$$0&dates= &data=all&original_title= &id= &season= &episode= &tmdbid= &eng_name= &show_original_year= &isr=0&fav_status=false&groups_id=0",
                            {"keyboard": "{showname}"}
                          ]
}