{
    "name"              : "chicco",
    "plugin"            : "plugin.video.CHICCO",
    "priority"          : 100,
    "assert"            : {
                            "play_movie":       ["title", "year"],
                            "play_episode":     ["showname", "season", "episode"],
                            "search_movie":     ["title"],
                            "search_episode":   ["showname"]
                          },
    "play_movie"        : [
                            "plugin://plugin.video.CHICCO/?url=movie&mode=6&name=%5BB%5D%5BCOLOR+aqua%5D%D7%97%D7%99%D7%A4%D7%95%D7%A9%5B%2FCOLOR%5D%5B%2FB%5D&iconimage=http%3A%2F%2Fngarba.xyz%2Fadds%2Fyos%2F8.jpg&fanart=http%3A%2F%2Fb2acpa.com%2F~bairdcpa%2Fimages%2FTerminator.jpg&description=&count=0&page=&cat_level= &index_depth=0&selected_list= &lang= ",
                            {"keyboard": "{title}"},
                            {"title": "(?i)^(\\[.*\\])?.*{title}.*(\\[.*\\])?$", "year": "{year}"}
                          ],
    "play_episode"      : [
                            "plugin://plugin.video.CHICCO/?url=movie&mode=6&name=%5BB%5D%5BCOLOR+aqua%5D%D7%97%D7%99%D7%A4%D7%95%D7%A9%5B%2FCOLOR%5D%5B%2FB%5D&iconimage=http%3A%2F%2Fngarba.xyz%2Fadds%2Fyos%2F8.jpg&fanart=http%3A%2F%2Fb2acpa.com%2F~bairdcpa%2Fimages%2FTerminator.jpg&description=&count=0&page=&cat_level= &index_depth=0&selected_list= &lang= ",
                            {"keyboard": "{showname}"},
                            {"title": "(?i)^(\\[.*\\])?{showname}(\\[.*\\])?$"},
                            {"return": "true", "season": "^{season}$", "episode": "^{episode}$"},
                            {"season": "^{season}$"},
                            {"season": "^{season}$", "episode": "^{episode}$"}
                          ],
    "search_movie"      : [
                            "plugin://plugin.video.CHICCO/?url=movie&mode=6&name=%5BB%5D%5BCOLOR+aqua%5D%D7%97%D7%99%D7%A4%D7%95%D7%A9%5B%2FCOLOR%5D%5B%2FB%5D&iconimage=http%3A%2F%2Fngarba.xyz%2Fadds%2Fyos%2F8.jpg&fanart=http%3A%2F%2Fb2acpa.com%2F~bairdcpa%2Fimages%2FTerminator.jpg&description=&count=0&page=&cat_level= &index_depth=0&selected_list= &lang= ",
                            {"keyboard": "{title}"}
                          ],
    "search_episode"    : [
                            "plugin://plugin.video.CHICCO/?url=movie&mode=6&name=%5BB%5D%5BCOLOR+aqua%5D%D7%97%D7%99%D7%A4%D7%95%D7%A9%5B%2FCOLOR%5D%5B%2FB%5D&iconimage=http%3A%2F%2Fngarba.xyz%2Fadds%2Fyos%2F8.jpg&fanart=http%3A%2F%2Fb2acpa.com%2F~bairdcpa%2Fimages%2FTerminator.jpg&description=&count=0&page=&cat_level= &index_depth=0&selected_list= &lang= ",
                            {"keyboard": "{showname}"}
                          ]
}