{
    "name"              : "serviceil",
    "plugin"            : "plugin.video.Serviceil.2",
    "priority"          : 100,
    "assert"            : {
                            "play_movie":       ["title", "year"],
                            "play_episode":     ["showname", "season", "episode"],
                            "search_movie":     ["title"],
                            "search_episode":   ["showname"]
                          },
    "play_movie"        : [
                            "plugin://plugin.video.Serviceil.2/?mode=14&iconimage=C%3A%5CUsers%5Cneta%5CAppData%5CRoaming%5CKodi%5Caddons%5Cplugin.video.Serviceil.2%5Cresources%5Cartwork%2Fsearch_m.png&fanart=http%3A%2F%2Fwww.videomotion.co.il%2Fwp-content%2Fuploads%2Fwhatwedo-Pic-small.jpg&description=Tmdb&url=http%3A%2F%2Fapi.themoviedb.org%2F3%2Fsearch%2Fmovie%3Fapi_key%3D34142515d9d23817496eeb4ff1d223d0%26query%3D%25s%26language%3Dhe%26append_to_response%3Dorigin_country%26page%3D1&name=%5BCOLOR+aqua%5D%D7%97%D7%99%D7%A4%D7%95%D7%A9+%D7%A1%D7%A8%D7%98%5B%2FCOLOR%5D&image_master=&heb_name=+&last_id=&dates=+&data=+&original_title=+&id=+&season=+&episode=+&tmdbid=+&eng_name=+&show_original_year=+&isr=0&fav_status=false&all_w=%7B%7D&search_db=&iconimage=C%3A%5CUsers%5Cneta%5CAppData%5CRoaming%5CKodi%5Caddons%5Cplugin.video.Serviceil.2%5Cresources%5Cartwork%2Fsearch_m.png&fanart=http%3A%2F%2Fwww.videomotion.co.il%2Fwp-content%2Fuploads%2Fwhatwedo-Pic-small.jpg&description=Tmdb&url=http%3A%2F%2Fapi.themoviedb.org%2F3%2Fsearch%2Fmovie%3Fapi_key%3D34142515d9d23817496eeb4ff1d223d0%26query%3D%25s%26language%3Dhe%26append_to_response%3Dorigin_country%26page%3D1&name=%5BCOLOR+aqua%5D%D7%97%D7%99%D7%A4%D7%95%D7%A9+%D7%A1%D7%A8%D7%98%5B%2FCOLOR%5D&image_master=&heb_name=+&last_id=&dates=+&data=+&original_title=+&id=+&season=+&episode=+&tmdbid=+&eng_name=+&show_original_year=+&fav_status=false&all_w=%7B%7D&search_db=&video_data=%7B%22title%22%3A+%22%5BCOLOR+aqua%5D%5Cu05d7%5Cu05d9%5Cu05e4%5Cu05d5%5Cu05e9+%5Cu05e1%5Cu05e8%5Cu05d8%5B%2FCOLOR%5D%22%2C+%22mediatype%22%3A+%22movie%22%2C+%22TVshowtitle%22%3A+%22%22%2C+%22season%22%3A+0%2C+%22episode%22%3A+0%2C+%22OriginalTitle%22%3A+%22+%22%2C+%22rating%22%3A+%220%22%2C+%22plot%22%3A+%22Tmdb%22%2C+%22Tag%22%3A+%222%22%2C+%22id%22%3A+%22+%22%7D&video_data=%7B%22title%22%3A+%22%5BCOLOR+aqua%5D%5Cu05d7%5Cu05d9%5Cu05e4%5Cu05d5%5Cu05e9+%5Cu05e1%5Cu05e8%5Cu05d8%5B%2FCOLOR%5D%22%2C+%22mediatype%22%3A+%22movie%22%2C+%22TVshowtitle%22%3A+%22%22%2C+%22season%22%3A+0%2C+%22episode%22%3A+0%2C+%22OriginalTitle%22%3A+%22+%22%2C+%22rating%22%3A+%220%22%2C+%22plot%22%3A+%22Tmdb%22%2C+%22Tag%22%3A+%222%22%2C+%22id%22%3A+%22+%22%7D",
                            {"keyboard": "{title}"},
                            {"label": "(?i)^(\\[.*\\])?.*{title}.*(\\[.*\\])?$", "dialog": "true"},
                            {"dialog": "true"}
                          ],
    "play_episode"      : [
                            "plugin://plugin.video.Serviceil.2/?mode=14&iconimage=C%3A%5CUsers%5Cneta%5CAppData%5CRoaming%5CKodi%5Caddons%5Cplugin.video.Serviceil.2%5Cresources%5Cartwork%2Fsearch_m.png&fanart=http%3A%2F%2Fwww.videomotion.co.il%2Fwp-content%2Fuploads%2Fwhatwedo-Pic-small.jpg&description=Tmdb&url=http%3A%2F%2Fapi.themoviedb.org%2F3%2Fsearch%2Fmovie%3Fapi_key%3D34142515d9d23817496eeb4ff1d223d0%26query%3D%25s%26language%3Dhe%26append_to_response%3Dorigin_country%26page%3D1&name=%5BCOLOR+aqua%5D%D7%97%D7%99%D7%A4%D7%95%D7%A9+%D7%A1%D7%A8%D7%98%5B%2FCOLOR%5D&image_master=&heb_name=+&last_id=&dates=+&data=+&original_title=+&id=+&season=+&episode=+&tmdbid=+&eng_name=+&show_original_year=+&isr=0&fav_status=false&all_w=%7B%7D&search_db=&iconimage=C%3A%5CUsers%5Cneta%5CAppData%5CRoaming%5CKodi%5Caddons%5Cplugin.video.Serviceil.2%5Cresources%5Cartwork%2Fsearch_m.png&fanart=http%3A%2F%2Fwww.videomotion.co.il%2Fwp-content%2Fuploads%2Fwhatwedo-Pic-small.jpg&description=Tmdb&url=http%3A%2F%2Fapi.themoviedb.org%2F3%2Fsearch%2Fmovie%3Fapi_key%3D34142515d9d23817496eeb4ff1d223d0%26query%3D%25s%26language%3Dhe%26append_to_response%3Dorigin_country%26page%3D1&name=%5BCOLOR+aqua%5D%D7%97%D7%99%D7%A4%D7%95%D7%A9+%D7%A1%D7%A8%D7%98%5B%2FCOLOR%5D&image_master=&heb_name=+&last_id=&dates=+&data=+&original_title=+&id=+&season=+&episode=+&tmdbid=+&eng_name=+&show_original_year=+&fav_status=false&all_w=%7B%7D&search_db=&video_data=%7B%22title%22%3A+%22%5BCOLOR+aqua%5D%5Cu05d7%5Cu05d9%5Cu05e4%5Cu05d5%5Cu05e9+%5Cu05e1%5Cu05e8%5Cu05d8%5B%2FCOLOR%5D%22%2C+%22mediatype%22%3A+%22movie%22%2C+%22TVshowtitle%22%3A+%22%22%2C+%22season%22%3A+0%2C+%22episode%22%3A+0%2C+%22OriginalTitle%22%3A+%22+%22%2C+%22rating%22%3A+%220%22%2C+%22plot%22%3A+%22Tmdb%22%2C+%22Tag%22%3A+%222%22%2C+%22id%22%3A+%22+%22%7D&video_data=%7B%22title%22%3A+%22%5BCOLOR+aqua%5D%5Cu05d7%5Cu05d9%5Cu05e4%5Cu05d5%5Cu05e9+%5Cu05e1%5Cu05e8%5Cu05d8%5B%2FCOLOR%5D%22%2C+%22mediatype%22%3A+%22movie%22%2C+%22TVshowtitle%22%3A+%22%22%2C+%22season%22%3A+0%2C+%22episode%22%3A+0%2C+%22OriginalTitle%22%3A+%22+%22%2C+%22rating%22%3A+%220%22%2C+%22plot%22%3A+%22Tmdb%22%2C+%22Tag%22%3A+%222%22%2C+%22id%22%3A+%22+%22%7D",
                            {"keyboard": "{showname}"},
                            {"label": "(?i)^(\\[.*\\])?{showname}(\\[.*\\])?$"},
                            {"return": "true", "season": "^{season}$", "episode": "^{episode}$"},
                            {"season": "^{season}$"},
                            {"return": "true", "season": "^{season}$", "episode": "^{episode}$"},
                            {"dialog": "true"}
                          ],
    "search_movie"      : [
                            "plugin://plugin.video.Serviceil.2/?mode=14&iconimage=C%3A%5CUsers%5Cneta%5CAppData%5CRoaming%5CKodi%5Caddons%5Cplugin.video.Serviceil.2%5Cresources%5Cartwork%2Fsearch_m.png&fanart=http%3A%2F%2Fwww.videomotion.co.il%2Fwp-content%2Fuploads%2Fwhatwedo-Pic-small.jpg&description=Tmdb&url=http%3A%2F%2Fapi.themoviedb.org%2F3%2Fsearch%2Fmovie%3Fapi_key%3D34142515d9d23817496eeb4ff1d223d0%26query%3D%25s%26language%3Dhe%26append_to_response%3Dorigin_country%26page%3D1&name=%5BCOLOR+aqua%5D%D7%97%D7%99%D7%A4%D7%95%D7%A9+%D7%A1%D7%A8%D7%98%5B%2FCOLOR%5D&image_master=&heb_name=+&last_id=&dates=+&data=+&original_title=+&id=+&season=+&episode=+&tmdbid=+&eng_name=+&show_original_year=+&isr=0&fav_status=false&all_w=%7B%7D&search_db=&iconimage=C%3A%5CUsers%5Cneta%5CAppData%5CRoaming%5CKodi%5Caddons%5Cplugin.video.Serviceil.2%5Cresources%5Cartwork%2Fsearch_m.png&fanart=http%3A%2F%2Fwww.videomotion.co.il%2Fwp-content%2Fuploads%2Fwhatwedo-Pic-small.jpg&description=Tmdb&url=http%3A%2F%2Fapi.themoviedb.org%2F3%2Fsearch%2Fmovie%3Fapi_key%3D34142515d9d23817496eeb4ff1d223d0%26query%3D%25s%26language%3Dhe%26append_to_response%3Dorigin_country%26page%3D1&name=%5BCOLOR+aqua%5D%D7%97%D7%99%D7%A4%D7%95%D7%A9+%D7%A1%D7%A8%D7%98%5B%2FCOLOR%5D&image_master=&heb_name=+&last_id=&dates=+&data=+&original_title=+&id=+&season=+&episode=+&tmdbid=+&eng_name=+&show_original_year=+&fav_status=false&all_w=%7B%7D&search_db=&video_data=%7B%22title%22%3A+%22%5BCOLOR+aqua%5D%5Cu05d7%5Cu05d9%5Cu05e4%5Cu05d5%5Cu05e9+%5Cu05e1%5Cu05e8%5Cu05d8%5B%2FCOLOR%5D%22%2C+%22mediatype%22%3A+%22movie%22%2C+%22TVshowtitle%22%3A+%22%22%2C+%22season%22%3A+0%2C+%22episode%22%3A+0%2C+%22OriginalTitle%22%3A+%22+%22%2C+%22rating%22%3A+%220%22%2C+%22plot%22%3A+%22Tmdb%22%2C+%22Tag%22%3A+%222%22%2C+%22id%22%3A+%22+%22%7D&video_data=%7B%22title%22%3A+%22%5BCOLOR+aqua%5D%5Cu05d7%5Cu05d9%5Cu05e4%5Cu05d5%5Cu05e9+%5Cu05e1%5Cu05e8%5Cu05d8%5B%2FCOLOR%5D%22%2C+%22mediatype%22%3A+%22movie%22%2C+%22TVshowtitle%22%3A+%22%22%2C+%22season%22%3A+0%2C+%22episode%22%3A+0%2C+%22OriginalTitle%22%3A+%22+%22%2C+%22rating%22%3A+%220%22%2C+%22plot%22%3A+%22Tmdb%22%2C+%22Tag%22%3A+%222%22%2C+%22id%22%3A+%22+%22%7D",
                            {"keyboard": "{title}"}
                          ],
    "search_episode"    : [
                            "plugin://plugin.video.Serviceil.2/?mode=14&iconimage=C%3A%5CUsers%5Cneta%5CAppData%5CRoaming%5CKodi%5Caddons%5Cplugin.video.Serviceil.2%5Cresources%5Cartwork%2Fsearch_m.png&fanart=http%3A%2F%2Fwww.videomotion.co.il%2Fwp-content%2Fuploads%2Fwhatwedo-Pic-small.jpg&description=Tmdb&url=http%3A%2F%2Fapi.themoviedb.org%2F3%2Fsearch%2Fmovie%3Fapi_key%3D34142515d9d23817496eeb4ff1d223d0%26query%3D%25s%26language%3Dhe%26append_to_response%3Dorigin_country%26page%3D1&name=%5BCOLOR+aqua%5D%D7%97%D7%99%D7%A4%D7%95%D7%A9+%D7%A1%D7%A8%D7%98%5B%2FCOLOR%5D&image_master=&heb_name=+&last_id=&dates=+&data=+&original_title=+&id=+&season=+&episode=+&tmdbid=+&eng_name=+&show_original_year=+&isr=0&fav_status=false&all_w=%7B%7D&search_db=&iconimage=C%3A%5CUsers%5Cneta%5CAppData%5CRoaming%5CKodi%5Caddons%5Cplugin.video.Serviceil.2%5Cresources%5Cartwork%2Fsearch_m.png&fanart=http%3A%2F%2Fwww.videomotion.co.il%2Fwp-content%2Fuploads%2Fwhatwedo-Pic-small.jpg&description=Tmdb&url=http%3A%2F%2Fapi.themoviedb.org%2F3%2Fsearch%2Fmovie%3Fapi_key%3D34142515d9d23817496eeb4ff1d223d0%26query%3D%25s%26language%3Dhe%26append_to_response%3Dorigin_country%26page%3D1&name=%5BCOLOR+aqua%5D%D7%97%D7%99%D7%A4%D7%95%D7%A9+%D7%A1%D7%A8%D7%98%5B%2FCOLOR%5D&image_master=&heb_name=+&last_id=&dates=+&data=+&original_title=+&id=+&season=+&episode=+&tmdbid=+&eng_name=+&show_original_year=+&fav_status=false&all_w=%7B%7D&search_db=&video_data=%7B%22title%22%3A+%22%5BCOLOR+aqua%5D%5Cu05d7%5Cu05d9%5Cu05e4%5Cu05d5%5Cu05e9+%5Cu05e1%5Cu05e8%5Cu05d8%5B%2FCOLOR%5D%22%2C+%22mediatype%22%3A+%22movie%22%2C+%22TVshowtitle%22%3A+%22%22%2C+%22season%22%3A+0%2C+%22episode%22%3A+0%2C+%22OriginalTitle%22%3A+%22+%22%2C+%22rating%22%3A+%220%22%2C+%22plot%22%3A+%22Tmdb%22%2C+%22Tag%22%3A+%222%22%2C+%22id%22%3A+%22+%22%7D&video_data=%7B%22title%22%3A+%22%5BCOLOR+aqua%5D%5Cu05d7%5Cu05d9%5Cu05e4%5Cu05d5%5Cu05e9+%5Cu05e1%5Cu05e8%5Cu05d8%5B%2FCOLOR%5D%22%2C+%22mediatype%22%3A+%22movie%22%2C+%22TVshowtitle%22%3A+%22%22%2C+%22season%22%3A+0%2C+%22episode%22%3A+0%2C+%22OriginalTitle%22%3A+%22+%22%2C+%22rating%22%3A+%220%22%2C+%22plot%22%3A+%22Tmdb%22%2C+%22Tag%22%3A+%222%22%2C+%22id%22%3A+%22+%22%7D",
                            {"keyboard": "{showname}"}
                          ]
}