{
    "name"              : "חיפוש סרטים מדובבים",
    "plugin"            : "plugin.video.kids_new",
    "priority"          : 100,
    "assert"            : {
                            "play_movie":       ["title", "year"],
                            "play_episode":     ["showname", "season", "episode"],
                            "search_movie":     ["title"],
                            "search_episode":   ["showname"]
                          },
    "play_movie"        : [
                            "plugin://plugin.video.kids_new/?mode=49&name=%D7%97%D7%A4%D7%A9&url=www&mode=49&iconimage=https%3A%2F%2F4tup.files.wordpress.com%2F2010%2F06%2Fchild-movie-theatre-860.jpg&fanart=https%3A%2F%2Fmedia.timeout.com%2Fimages%2F105586169%2Fimage.jpg&description=%D7%97%D7%A4%D7%A9&next_page=&name=%D7%97%D7%A4%D7%A9&url=www&iconimage=https%3A%2F%2F4tup.files.wordpress.com%2F2010%2F06%2Fchild-movie-theatre-860.jpg&fanart=https%3A%2F%2Fmedia.timeout.com%2Fimages%2F105586169%2Fimage.jpg&description=%D7%97%D7%A4%D7%A9&next_page=",
                            {"keyboard": "{title}"},
                            {"title": "(?i)^(\\[.*\\])?.*{title}.*(\\[.*\\])?$", "year": "{year}"}
                          ],
    "play_episode"      : [
                            "plugin://plugin.video.kids_new/?mode=49&name=%D7%97%D7%A4%D7%A9&url=www&mode=49&iconimage=https%3A%2F%2F4tup.files.wordpress.com%2F2010%2F06%2Fchild-movie-theatre-860.jpg&fanart=https%3A%2F%2Fmedia.timeout.com%2Fimages%2F105586169%2Fimage.jpg&description=%D7%97%D7%A4%D7%A9&next_page=&name=%D7%97%D7%A4%D7%A9&url=www&iconimage=https%3A%2F%2F4tup.files.wordpress.com%2F2010%2F06%2Fchild-movie-theatre-860.jpg&fanart=https%3A%2F%2Fmedia.timeout.com%2Fimages%2F105586169%2Fimage.jpg&description=%D7%97%D7%A4%D7%A9&next_page=",
                            {"keyboard": "{showname}"},
                            {"title": "(?i)^(\\[.*\\])?{showname}(\\[.*\\])?$"},
                            {"return": "true", "season": "^{season}$", "episode": "^{episode}$"},
                            {"season": "^{season}$"},
                            {"season": "^{season}$", "episode": "^{episode}$"}
                          ],
    "search_movie"      : [
                            "plugin://plugin.video.kids_new/?mode=49&name=%D7%97%D7%A4%D7%A9&url=www&mode=49&iconimage=https%3A%2F%2F4tup.files.wordpress.com%2F2010%2F06%2Fchild-movie-theatre-860.jpg&fanart=https%3A%2F%2Fmedia.timeout.com%2Fimages%2F105586169%2Fimage.jpg&description=%D7%97%D7%A4%D7%A9&next_page=&name=%D7%97%D7%A4%D7%A9&url=www&iconimage=https%3A%2F%2F4tup.files.wordpress.com%2F2010%2F06%2Fchild-movie-theatre-860.jpg&fanart=https%3A%2F%2Fmedia.timeout.com%2Fimages%2F105586169%2Fimage.jpg&description=%D7%97%D7%A4%D7%A9&next_page=",
                            {"keyboard": "{title}"}
                          ],
    "search_episode"    : [
                            "plugin://plugin.video.kids_new/?mode=49&name=%D7%97%D7%A4%D7%A9&url=www&mode=49&iconimage=https%3A%2F%2F4tup.files.wordpress.com%2F2010%2F06%2Fchild-movie-theatre-860.jpg&fanart=https%3A%2F%2Fmedia.timeout.com%2Fimages%2F105586169%2Fimage.jpg&description=%D7%97%D7%A4%D7%A9&next_page=&name=%D7%97%D7%A4%D7%A9&url=www&iconimage=https%3A%2F%2F4tup.files.wordpress.com%2F2010%2F06%2Fchild-movie-theatre-860.jpg&fanart=https%3A%2F%2Fmedia.timeout.com%2Fimages%2F105586169%2Fimage.jpg&description=%D7%97%D7%A4%D7%A9&next_page=",
                            {"keyboard": "{showname}"}
                          ]
}