{
    "name": "Telemedia",
    "plugin": "plugin.video.telemedia",
    "priority": 100,
    "provider": "telemedia",
    "is_resolvable": "true",
    "assert": {
        "play_movie": [
            "title",
            "year"
        ],
        "play_episode": [
            "showname",
            "season",
            "episode"
        ],
        "search_movie": [
            "title"
        ],
        "search_episode": [
            "showname"
        ]
    },
    "play_movie": [
        "plugin://plugin.video.telemedia/?_=search&query={title_url}",
        {
            "label": "(?i).*{title}.*"
        }
    ],
    "play_episode": [
        "plugin://plugin.video.telemedia/directory/search/search/add/",
        {
            "keyboard": "Select"
        },
        {
            "keyboard": "{showname}"
        },
        {
            "title": "(?i)^(\\[.*\\])?{showname}(\\[.*\\])?$"
        },
        {
            "return": "true",
            "season": "{season}",
            "episode": "{episode}"
        },
        {
            "season": "{season}"
        },
        {
            "season": "{season}",
            "episode": "{episode}"
        }
    ],
    "search_movie": [
        "plugin://plugin.video.telemedia/search/",
        {
            "keyboard": "Select"
        },
        {
            "keyboard": "{title}"
        }
    ],
    "search_episode": [
        "plugin://plugin.video.telemedia/directory/search/search/add/",
        {
            "keyboard": "Select"
        },
        {
            "keyboard": "{showname}"
        }
    ],
    "disabled": "true"
}