<?xml version="1.0" encoding="UTF-8"?>
<!-- Foundation -->
<window id="6760" type="dialog">
    <defaultcontrol always="true">5</defaultcontrol>
<controls>


<control type="group">
<animation effect="fade" time="450">VisibleChange</animation>
<control type="image">
<posx>0</posx>
<posy>0</posy>
<width>1920</width>
<height>1080</height>
<texture colordiffuse="black">black.png</texture>
</control>




<control type="label">
<animation condition="!Integer.IsGreater(Container(5).NumItems,0)" effect="fade" start="0" end="100" time="1100" pulse="true">Conditional</animation>
<visible>!Integer.IsGreater(Container(5).NumItems,0)</visible>
<posx>1050</posx>
<posy>230</posy>
<width>800</width>
<height>100</height>
<font>font-21-power</font>
<label>טוען תוכן...</label>
</control>

<control type="label">
<posx>150</posx>
<posy>30</posy>
<width>800</width>
<height>100</height>
<font>font-21-power</font>
<label>המלצות סרטים</label>
</control>

<control type="label">
<posx>850</posx>
<posy>60</posy>
<width>800</width>
<font>font-21-recommnded</font>
<align>center</align>
<label>$INFO[Container(5).ListItem.Label]</label>
</control>

<control type="image">
<posx>40</posx>
<posy>160</posy>
<width>600</width>
<height>60</height>
<texture colordiffuse="deepskyblue">white.png</texture>
</control>

<control type="image">
<posx>40</posx>
<posy>400</posy>
<width>600</width>
<height>60</height>
<texture colordiffuse="deepskyblue">white.png</texture>
</control>
<control type="image">
<posx>40</posx>
<posy>565</posy>
<width>600</width>
<height>60</height>
<texture colordiffuse="deepskyblue">white.png</texture>
</control>
</control>

<control type="image">
<posx>1670</posx>
<posy>800</posy>
<width>60</width>
<height>50</height>
<texture>special://skin/extras/arrows/arrow-142-512.png</texture>
<aspectratio>keep</aspectratio>
</control>

<control type="image">
<posx>1670</posx>
<posy>1030</posy>
<width>80</width>
<height>50</height>
<texture>special://skin/extras/arrows/arrow-204-512.png</texture>
<aspectratio>keep</aspectratio>
</control>

<control type="label">
<posx>285</posx>
<posy>155</posy>
<width>200</width>
<height>100</height>
<label>[B]תקציר[/B]</label>
<font>font-32</font>
<textcolor>white</textcolor>
<shadowcolor>black</shadowcolor>
</control>

<control type="textbox">
<posx>200</posx>
<posy>885</posy>
<width>1000</width>
<height>175</height>
<align>right</align>
<autoscroll delay="2550" time="4000" repeat="4000"></autoscroll>
<label>$INFO[Container(5).ListItem.Plot]</label>
</control>

<control type="label">
<posx>240</posx>
<posy>395</posy>
<width>400</width>
<height>100</height>
<label>[B]מידע נוסף[/B]</label>
<font>font-32</font>
<textcolor>white</textcolor>
<shadowcolor>black</shadowcolor>
</control>

<control type="multiimage">
<posx>850</posx>
<posy>150</posy>
<width>800</width>
<height>480</height>
<fadetime>450</fadetime>
<imagepath>$INFO[Container(5).ListItem.Art(fanart)]</imagepath>
</control>



<control type="multiimage">
<posx>1250</posx>
<posy>870</posy>
<width>220</width>
<height>200</height>
<fadetime>450</fadetime>
<imagepath>$INFO[Container(5).ListItem.Art(poster)]</imagepath>
</control>



<control type="label">
<animation type="WindowOpen">
<effect type="slide" start="-500,0" end="1065,0" time="850" fade="5050" tween="cubic" easing="inout"/>
</animation>
<animation type="WindowClose">
<effect type="slide" start="1065,0" end="-500,0" time="450" tween="cubic" easing="inout"/>
</animation>
<posx>-415</posx>
<posy>465</posy>
<width>520</width>
<height>40</height>
<align>right</align>
<label>[I][COLOR gray]$INFO[Container(5).ListItem.Genre][/I][/COLOR]  סגנון: </label>
</control>

<control type="label">
<animation type="WindowOpen">
<effect type="slide" start="-500,0" end="920,0" time="850" fade="5050" tween="cubic" easing="inout"/>
</animation>
<animation type="WindowClose">
<effect type="slide" start="920,0" end="-500,0" time="450" tween="cubic" easing="inout"/>
</animation>
<posx>-500</posx>
<posy>510</posy>
<width>600</width>
<height>40</height>
<label>[I][COLOR gray]$INFO[Container(5).ListItem.Year][/COLOR][/I]  שנת יציאה:  </label>
</control>

<control type="textbox">
<animation type="WindowOpen">
<effect type="slide" start="-500,0" end="1030,0" time="450" tween="cubic" easing="inout"/>
</animation>
<animation type="WindowClose">
<effect type="slide" start="1030,0" end="-500,0" time="450" tween="cubic" easing="inout"/>
</animation>
<posx>-800</posx>
<posy>240</posy>
<width>400</width>
<height>140</height>
<align>right</align>
<label>$INFO[Container(5).ListItem.Plot]</label>
<textcolor>white</textcolor>
<autoscroll fade="2550" time="2550" repeat="4000"></autoscroll>
</control>


<!--המלצות סרטים-->
<include content="globalmissingibnfo">
<param name="stringlabel" value="Jones"/>
<param name="imagepath" value="https://m.media-amazon.com/images/M/MV5BMTAxYzMyOTMtYmM0Mi00ZmQ4LTk4YzUtNDk2MmFhZjhlMWY4XkEyXkFqcGdeQXVyOTc5MDI5NjE@._V1_.jpg"/>
<param name="reocommndedlabel" value="מיסטר ג'ונס"/>
<param name="globalgenre" value="#דרמה #רומנטיקה"/>
<param name="globalyear" value="1993"/>
<param name="globalplot" value="שישה ימים לאחר המתקפה היפנית בפרל הארבור, נכנסת קליפורניה להיסטריה, בעקבות שמועות כי צוללת יפנית עושה דרכה אל חופיה המערביים של ארצות הברית. קפטן בחיל האוויר, אזרח מופרע בעל השקפות לאומניות קיצוניות ועוד חברים יוצאים להציל את האומה מפני האיום הצהוב"/>
</include>

<include content="globalmissingibnfo">
<param name="stringlabel" value="Billy"/>
<param name="imagepath" value="https://www.kinolorber.com/media_cache/images/full/product_2789.jpg"/>
<param name="reocommndedlabel" value="בילי שני כובעים"/>
<param name="globalgenre" value="#מערבון #רומנטיקה"/>
<param name="globalyear" value="1974"/>
<param name="globalplot" value="במהלך שוד שהופך למרחץ דמים, נהרג אחד השודדים, אחד נמלט והשלישי - אינדיאני מעורב בשם  בילי שני כובעים  - נתפס על ידי השריף שמתכנן להביאו אל עמוד התליה. חברו שהצליח לברוח, דינס, חוזר לשחררו מהכלא, אך במהלך המנוסה, נורה דינס ונפצע קשה. בילי לא נוטש את דינס, והשניים נמלטים בעור שיניהם."/>
</include>

<include content="globalmissingibnfo">
<param name="stringlabel" value="Kogitsune"/>
<param name="imagepath" value="https://iv1.lisimg.com/image/7216774/640full-kogitsune-heren-poster.jpg"/>
<param name="reocommndedlabel" value="השועלה הקטנה"/>
<param name="globalgenre" value="#דרמה #ילדים #בעלי_חיים #שועלים "/>
<param name="globalyear" value="2006"/>
<param name="globalplot" value="סרט יפני שמספר את סיפורו של טיקי שבדרכו חזרה מבית הספר מוצא בצד הדרך גורת שועלים ולוקח אותה לביתו. השועלה מתגלה כעיוורת, חירשת ואילמת (או לפחות שקטה מאוד) וטיקי קורא לה הלן - על שמה של הלן קלר העיוורת-חירשת-אילמת המוכרת ביותר בעולם. אמו של טיקי היא צלמת המטיילת בעולם וטיקי מרגיש נטוש ומזדהה עם השועלה שננטשה. על אף שהלן השועלה אינה רואה או שומעת היא פותחת בפני טיקי ובפנינו דלת להבנה שהיא הרבה מעבר לכל מה שניתן לראות ולהבין בחיי היום יום."/>
</include>

<include content="globalmissingibnfo">
<param name="stringlabel" value="Spector"/>
<param name="imagepath" value="https://upload.wikimedia.org/wikipedia/en/d/d5/Phil_Spector_%28film%29_-_poster.jpg"/>
<param name="reocommndedlabel" value="פיל ספקטור"/>
<param name="globalgenre" value="#דרמה #פשע #בתי_משפט #רוק"/>
<param name="globalyear" value="2013"/>
<param name="globalplot" value="ספקטור הוא אחד האישים השנויים ביותר במחלוקת בעולם המוזיקה במאה ה-20. הוא ידוע בהישגיו המוזיקליים - בטכניקת חומת הסאונד שפיתח, בעבודותיו פורצות הדרך עם טינה טרנר, הביטלס, לאונרד כהן ואחרים, ובלהיטים הגדולים שחיבר - אך גם כאחד הטיפוסים המטורפים והאלימים בתעשייה הלא לגמרי שפויה של עסקי הבידור. בשנת 2003 נמצאה גופתה של חשפנית בביתו של ספקטור. בעוד הוא טוען שהבחורה התאבדה, הרשויות החליטו להעמידו לדין על רצח, בעיקר על סמך אהבתו של האיש לאקדחים."/>
</include>

<include content="globalmissingibnfo">
<param name="stringlabel" value="Americans"/>
<param name="imagepath" value="https://dvdcover.com/wp-content/uploads/My_Fellow_Americans_1996_FS_R1-front-www.GetCovers.net_-950x605.jpg"/>
<param name="reocommndedlabel" value="נשיאים בצרות"/>
<param name="globalgenre" value="קומדיה"/>
<param name="globalyear" value="1996"/>
<param name="globalplot" value="ג'ק למון וג'יימס גארנר בתפקיד נשיאי ארה ב לשעבר - קריימר הדמוקרטי ודאגלס הרפובליקני. כשניים שהתמודדו זה מול זה בשתי מערכות בחירות סוערות, הם נותרו אויבים מרים וכל מפגש אקראי ביניהם מלא בעקיצות הדדיות. כאשר נודע להם על שחיתויות בממשל הנוכחי בראשות הנשיא המכהן, ויליאם הייני (דן אקרויד), הוא מפליל אותם ומנסה להתנקש בחייהם כדי למנוע את פרסום הענין. קריימר ודאגלס מבינים שעליהם לאחד כוחות מול האויב המשותף ועוברים יחד סדרת הרפתקאות משעשעות בדרך לטיהור שמם וחשיפת השחיתות."/>
</include>

<include content="globalmissingibnfo">
<param name="stringlabel" value="זוג יונים"/>
<param name="imagepath" value="https://in.bmscdn.com/content-buzz/2020/05/thelovebirdsreview1200x630.jpg"/>
<param name="reocommndedlabel" value="זוג יונים"/>
<param name="globalgenre" value="קומדיה.אקשן.פשע"/>
<param name="globalyear" value="2020"/>
<param name="globalplot" value="בני זוג על סף פרידה נקלעים לעלילת רצח. עכשיו הם חייבים למצוא את הרוצח ולטהר את שמם."/>
</include>

<include content="globalmissingibnfo">
<param name="stringlabel" value="quattro"/>
<param name="imagepath" value="https://pbs.twimg.com/media/DcdnrBuU0AAb7Ng.jpg"/>
<param name="reocommndedlabel" value="ארבע פעמים"/>
<param name="globalgenre" value="#סרט_איטלקי"/>
<param name="globalyear" value="2004"/>
<param name="globalplot" value="רועה צאן זקן עושה את ימיו האחרונים עם עדר עיזים, תחת שמי קלאבריה שבדרום איטליה. הוא חש את החולי פושט בגופו וניזון מהאבק אותו הוא אוסף מרצפתה של הכנסייה, אותו הוא שותה עם כוס מים מדי יום, מתוך אמונה שזה מה שירפא אותו. כשהזקן ימות, יעבור היוצר מיכלאנג'לו פראמארטינו לעקוב אחר העדר המיותם, ואחר גדי שנולד עם מותו של הרועה. או אז הוא ישוט אל עבר ההפשטה המטאפיזית בדמותם של עץ והפחם המופק מגזעו."/>
</include>

<include content="globalmissingibnfo">
<param name="stringlabel" value="ripoux"/>
<param name="imagepath" value="https://c8.alamy.com/comp/KK6T5H/die-bestechlichen-2-gauner-gegen-gauner-aka-my-new-partner-2-aka-ripoux-KK6T5H.jpg"/>
<param name="reocommndedlabel" value="השוטר מגנב פטור"/>
<param name="globalgenre" value="קומדיה #פשע #סאטירה #סרט_צרפתי"/>
<param name="globalyear" value="1984"/>
<param name="globalplot" value="דרך עיניהם של שניים - שוטר וותיק שסרח ובן זוגו החדש והצעיר שמאמין שביכולתו לשנות את העולם - מציג הסרט בהומור רב את השחיתות במסדרונות המשטרה ואת הקשר שבין עולם הפשע לאוכפי החוק.
רנה (פיליפ נוארה) הוא שוטר מושחת שסוגר עניינים בשטח על ידי קבלת שוחד, מתנות ומשקאות חינם מהאנשים שהוא אמור להכניס לכלא. כאשר בן זוגו פורש, מצוותים אליו את פרנסואה (תיירי לרמיט), בוגר בית ספר לשוטרים עם גישה צדקנית. רנה מסדר לפרנסואה פגישה עם בחורה ו שוכח  לציין שמדובר בזונה - כדי שיהיה לו משהו להשתמש בו במקרה שבן זוגו ירצה לחשוף את עסקיו עם העולם התחתון. שני הפרטנרים הופכים בסופו של דבר לחברים, מוציאים אחד את השני ממצבים קשים ומנסים לצבור מספיק כסף כדי לממש את חלום חייו של רנה: להקים בית קפה קטן ליד מסלולי הסוסים."/>
</include>

<include content="globalmissingibnfo">
<param name="stringlabel" value="Arms"/>
<param name="imagepath" value="https://theretroset.com/wp-content/uploads/2013/12/Kaye_Header-678x381.jpg"/>
<param name="reocommndedlabel" value="אל הנשק"/>
<param name="globalgenre" value="#קומדיה #מוזיקלי #רפואה_ומחלות #צבא"/>
<param name="globalyear" value="1944"/>
<param name="globalplot" value="קיי מגלם את דמותו של בחור היפוכונדר, שמתחיל לעבוד כנער מעלית במרפאה על מנת להיות קרוב לתחביבים שלו – רופאים, תרופות ומחלות. הוא מתאהב בבחורה שמתאהבת בחברו הטוב, ובינתיים אחת אחרת מנסה לשדל אותו לנישואין. כשמחליטים לגייס אותו לצבא, כל צוות הרופאים נושם לרווחה, אבל הסקרובול הרומנטי ממשיך גם כשהם במדים."/>
</include>

<include content="globalmissingibnfo">
<param name="stringlabel" value="Brooklyn"/>
<param name="imagepath" value="https://m.media-amazon.com/images/M/MV5BNzJmYjQzYjAtNTdiNy00MGU3LTg1NzAtZWI2YmEyZWFhZGM2XkEyXkFqcGdeQXVyNjA2ODA0Nzc@._V1_.jpg"/>
<param name="reocommndedlabel" value="הנער מברוקלין"/>
<param name="globalgenre" value="#קומדיה #מוזיקלי #ספורט #איגרוף"/>
<param name="globalyear" value="1946"/>
<param name="globalplot" value="בארלי סאליבן, חלבן ביישן, פוגע בטעות בספיד מקפארן השתוי, מתאגרף מקצועי שנהג לפלרטט עם אחותו של בארלי. העיתונים מחליטים לפרסם את האירוע וצלם עיתונות אחד אף מצליח לצלם את בארלי כשהוא מפיל שוב את ספיד. סוכנו המושחת של ספיד מחליט להפוך את בארלי למתאגרף, אך בארלי אינו מודע לכך שכל יריביו התבקשו לתת לו לנצח והוא מאמין שהוא באמת מתאגרף ענק"/>
</include>

<include content="globalmissingibnfo">
<param name="stringlabel" value="Versus"/>
<param name="imagepath" value="https://boredanddangerousblog.files.wordpress.com/2016/05/joe-1.jpg"/>
<param name="reocommndedlabel" value="ג'ו נגד הוולקנו"/>
<param name="globalgenre" value="#קומדיה #רומנטיקה"/>
<param name="globalyear" value="1990"/>
<param name="globalplot" value="במקום העבודה הנורא ביותר עלי אדמות, בית חרושת למוצרים רקטאליים המתנהל כמחנה עבודה בזוי במיוחד שההנהלה מדכאת כל אנושיות בו, עובד ג'ו בנקס המסכן. יום אחד הוא מתבשר כי הוא חולה במחלה סופנית חשוכת מרפא. ג'ו מחליט לעשות משהו דרסטי לקראת מותו ומקבל את הצעתו של מיליארדר לנצל את שארית חייו ולצאת למסע עינוגים שבסופו יצטרך לקפוץ לתוך הר געש על אי באוקיינוס השקט. ג'ו עולה על הסיפון, יוצא לדרך ופוגש את מג ראיין בשלושה תפקידים שונים, ומתאהב כמובן."/>
</include>

<include content="globalmissingibnfo">
<param name="stringlabel" value="Delicatesse"/>
<param name="imagepath" value="https://2.bp.blogspot.com/-Dpn0xblA09g/T5PcXPbNBTI/AAAAAAAABCE/dZFS-ANm2j0/w1200-h630-p-k-no-nu/delicacymontage.jpg"/>
<param name="reocommndedlabel" value="העדינות"/>
<param name="globalgenre" value="#דרמה #רומנטיקה #קומדיה #סרט_צרפתי"/>
<param name="globalyear" value="2011"/>
<param name="globalplot" value="דרמה מלנכולית הופכת לקומדיה רומנטית מקסימה, עם אודרי טוטו בתפקיד אלמנה צעירה.
השמחה הייתה גדולה כשנטלי נישאה לבחיר ליבה, בדיוק כפי שהיגון היה גדול כשהוא נהרג בתאונה והותיר אותה לבד. במשך שלוש שנים היא מצטנפת באבלה, עובדת ביעילות במשרד בלי לתת לאף אחד לחדור את שריונה. זה כולל גם את הבוס שמנסה להתחיל איתה ללא הועיל. ואז יום אחד, כאילו שקופידון ירה לה חץ ישר ללב, היא ניגשת לעובד השוודי החדש – טיפוס גמלוני ומבולבל - ודופקת לו נשיקה ארוכה על הפה. מרגע זה מתחיל ואלס סנטימנטלי של זוג לא צפוי שיעורר תמיהה ואגרסיביות במקום עבודתם המשותף."/>
</include>

<include content="globalmissingibnfo">
<param name="stringlabel" value="Quelque"/>
<param name="imagepath" value="https://i.ytimg.com/vi/FMaS5EGhp2M/hqdefault.jpg"/>
<param name="reocommndedlabel" value="דרכון לאלג'יר"/>
<param name="globalgenre" value="#סרט_צרפתי #סרט_אלגיראי"/>
<param name="globalyear" value="2013"/>
<param name="globalplot" value="דרמה קומית מחממת לב העוסקת בצורך של האדם לטעת שורשים רגשיים בעברו ובמקום מגוריו.
פאריד הוא סטודנט צרפתי בן 28 העומד למסד את היחסים עם חברתו, עורכת הדין. אלא שפתאום עליו לעזוב את צרפת ולנסוע לאלג'יר, משם הגיעה משפחתו, על פי בקשת אביו, כדי למנוע את הריסת בית האב שם. אף שמשפחתו אלג'יראית, פאריד מעולם לא ביקר באלג'יר, והכל במדינה הזו חדש לו.
הוא פוגש את בני משפחתו שם ועד מהרה מגלה שמשימתו לא תהיה קלה, בגלל הבירוקרטיה הסבוכה במדינה הזו. שהותו שם מתארכת, הוא נשבע בקסמם של כמה טיפוסים צבעוניים שהישירות והכנות שלהם חודרים לליבו. בין האנשים שהוא פוגש באלג'יר גם בן דודו, בחור משעשע ותחמן שחולם על הרגע בו יצליח בגדול בצרפת."/>
</include>

<include content="globalmissingibnfo">
<param name="stringlabel" value="פינוקיו"/>
<param name="imagepath" value="https://m.media-amazon.com/images/M/MV5BOTZmM2E0OTItM2I5MC00MzRjLWI4M2EtNDAxYjU1MTQwZjE1XkEyXkFqcGdeQXVyMTQxNzMzNDI@._V1_SY1000_CR0,0,666,1000_AL_.jpg"/>
<param name="reocommndedlabel" value="פינוקיו"/>
<param name="globalgenre" value="קומדיה, פנטזיה, משפחה"/>
<param name="globalyear" value="2020"/>
<param name="globalplot" value="רוברטו בניני, זוכה פעמיים פרס האקדמיה, מביא אל המסכים את גירסתו ל , גרסה אשר כתב, ביים ואשר בה גם כיכב. ילד-העץ פינוקיו, אשר נוצר ע י ג'פטו (קרלו גויפר), מתאווה להיות ילד בשר-ודם. סקרנותו הרבה מערבת אותו בכל מיני הרפתקאות, אשר בכללם גם פגישה עם הפייה הכחולה (ניקולטה בראצ'י)."/>
</include>

<include content="globalmissingibnfo">
<param name="stringlabel" value="הפשע האחרון"/>
<param name="imagepath" value="https://m.media-amazon.com/images/M/MV5BOTAzMjhiOWQtZDkzMy00NmNiLWE1ZTEtYTJmNDIzMzhmZGQyXkEyXkFqcGdeQXVyMTkxNjUyNQ@@._V1_SY1000_CR0,0,675,1000_AL_.jpg"/>
<param name="reocommndedlabel" value="הפשע האחרון"/>
<param name="globalgenre" value="פעולה, פשע, מותחן"/>
<param name="globalyear" value="2020"/>
<param name="globalplot" value="מותחן פעולה על פי רומן גרפי מאת ריק רמנדר וגרג טוצ'יני. הממשלה מתכוונת להפעיל אות מיוחד שינטרל פשיעה ומעשי טרור. שודד בנקים חובר לחבורת פושעים כדי לבצע שוד-ענק אחרון ולהיכנס לדפי ההיסטוריה."/>
</include>

<include content="globalmissingibnfo">
<param name="stringlabel" value="לאחר מעשה"/>
<param name="imagepath" value="https://m.media-amazon.com/images/M/MV5BNjBlNGNjOWUtOWE3NC00OTU3LTk2ZmQtZTIyYjc0NDgwMjM1XkEyXkFqcGdeQXVyMTMxODk2OTU@._V1_SY1000_CR0,0,675,1000_AL_.jpg"/>
<param name="reocommndedlabel" value="לאחר מעשה"/>
<param name="globalgenre" value="דרמה"/>
<param name="globalyear" value="2020"/>
<param name="globalplot" value="צעיר שנידון למאסר עולם נזכר באנשים, בנסיבות ובשיטה שסללו את דרכו לפשע שביצע."/>
</include>

<include content="globalmissingibnfo">
<param name="stringlabel" value="Gabbeh"/>
<param name="imagepath" value="https://radar.squat.net/sites/default/files/Gabbehgabbeh_0.jpg"/>
<param name="reocommndedlabel" value="גאבה"/>
<param name="globalgenre" value="דרמה"/>
<param name="globalyear" value="1996"/>
<param name="globalplot" value="גאבה הוא שטיח רקום וצבעוני המספר את חייהם של בני שבטים נודדים באיראן, ודרכו מספרת כל רוקמת את סיפור חייה. השטיח רקום בצבעים עזים, וכמוהו הסרט שמבוים כאגדת עם. זוג אנשים מבוגרים מכבסים בנהר את הגאבה שלהם, שעליה רקום סוס שרוכב עליו זוג צעיר, אישה בשמלה כחולה וגבר בבגדים אדומים. תוך כדי כיבוס השטיח מספרת האישה המבוגרת, הלבושה אף היא באדום, על צעירה בשם גאבה שנאסר עליה להיפגש עם אהוב לבה עד שדודה יתחתן. אך מאהבה נוכח לאורך הסרט כשהוא רוכב לא הרחק."/>
</include>

<include content="globalmissingibnfo">
<param name="stringlabel" value="Sparrows"/>
<param name="imagepath" value="https://i.ytimg.com/vi/IEzIDOEE8mc/hqdefault.jpg"/>
<param name="reocommndedlabel" value="שירת הדרורים"/>
<param name="globalgenre" value="דרמה"/>
<param name="globalyear" value="2008"/>
<param name="globalplot" value="בפאתיה המדבריים של טהרן, הרחק מלבו של הכרך, מתפרנס קארים בחוות יענים. קארים נמצא בבעיה - מכשיר השמיעה של בתו נפגע קשות ממש לפני בחינה חשובה, ובמקביל, יען נמלטה מהחווה בלי שהצליח לפקח על לכידתה. הוא מוצא עצמו מפוטר מעבודתו ונוסע לטהראן כדי לתקן את המכשיר. בעיר הגדולה נפקחות לו העיניים. הוא מגלה הזדמנויות שונות ומשונות לעשות כסף טוב, ומוצא עבודה טובה כנהג אופנוע-טקסי. קארים מתחיל, לראשונה, לראות את העולם הרחב מעבר לאופק הצר של חייו במדבר הנידח..."/>
</include>

<include content="globalmissingibnfo">
<param name="stringlabel" value="Separation"/>
<param name="imagepath" value="https://m.media-amazon.com/images/M/MV5BNzZlMTg1YTAtYjVjNi00MmNhLTgwYzUtOWFkMzQwODQ3MjNkXkEyXkFqcGdeQXVyNjkxOTM4ODY@._V1_.jpg"/>
<param name="reocommndedlabel" value="פרידה"/>
<param name="globalgenre" value="דרמה"/>
<param name="globalyear" value="2011"/>
<param name="globalplot" value="כשסימין עוזבת את נאדר בתקווה לעבור לארץ אחרת, בה תוכל, לטענתה, לתת לבתם חיים טובים יותר, שוכר נאדר אישה צעירה ודתיה לטפל באביו החולה. מה שנאדר אינו יודע, זה שהעובדת החדשה שלו עובדת ללא רשות בעלה, ושהיא בהיריון בחודש רביעי. תקרית מצערת המתרחשת יום אחד במהלך עבודת המטפלת, משאירה את נאדר ברשת סבוכה של שקרים ועימותים ומאלצת אותו לצאת למסע בנבכי הבירוקרטיה המשפטית והאמת הפנימית שלו."/>
</include>

<include content="globalmissingibnfo">
<param name="stringlabel" value="passe"/>
<param name="imagepath" value="https://jordanandeddie.files.wordpress.com/2014/07/past-post.jpg"/>
<param name="reocommndedlabel" value="העבר"/>
<param name="globalgenre" value="דרמה"/>
<param name="globalyear" value="2013"/>
<param name="globalplot" value="אחמד חוזר מטהרן לפריז כדי לסגור סופית את הגירושים מאשתו. בבית, שהיה פעם שלו, מחכים לו כעת אישה שעדיין כועסת ועדיין אוהבת, שתי בנות, גבר חדש שתפס את מיטתו, ילד פגיע, ואישה נוספת - שאולי קשורה לסיפור ואולי לא - השוכבת מחוסרת הכרה בבית חולים."/>
</include>

<include content="globalmissingibnfo">
<param name="stringlabel" value="הבריחה"/>
<param name="imagepath" value="https://fanart.tv/fanart/movies/28981/moviethumb/escape-to-athena-5d6c342255624.jpg"/>
<param name="reocommndedlabel" value="הבריחה לאתונה"/>
<param name="globalgenre" value="פעולה, קומדיה, הרפתקאות"/>
<param name="globalyear" value="1979"/>
<param name="globalplot" value="רוג'ר מור, טלי סוואלאס והבריטי המוערך דייויד ניבן מככבים באקשן מלחמת העולם השנייה, המתרחש במחנה שבויים גרמני על אי יווני. קבוצת אסירית מתכננת לא סתם להימלט מהשבי, אלא לקחת איתם אוצר הטמון במנזר על פסגת אחד ההרים באי. עוד תמצאו כאן את אליוט גולד, את הכוכבת האיטלקיה המופלאה קלאודיה קרדינלה ואת בן זוגה של שר – סוני בונו."/>
</include>

<include content="globalmissingibnfo">
<param name="stringlabel" value="Simon"/>
<param name="imagepath" value="https://encrypted-tbn0.gstatic.com/images?q=tbn%3AANd9GcTTCwd3-GuDP28T05Yk1XrTU7o-fwU6SDiWPogUkXwrhiG_qpJC&usqp=CAU"/>
<param name="reocommndedlabel" value="סימון והאלונים"/>
<param name="globalgenre" value="דרמה"/>
<param name="globalyear" value="2011"/>
<param name="globalplot" value="הסרט שנבחר לייצג את שוודיה באוסקר 2012, אפוס היסטורי מרהיב שביימה ליסה הולין ומבוסס על הרומן המופתי של אחת מהסופרות השוודיות הנקראות ביותר, מריאנה פרדריקסון.
זהו סיפורן של שתי משפחות וגורלן המשותף בשוודיה של שנות הארבעים ושנות החמישים. סימון לארסון, בנם המאומץ של זוג פועלים, קצת מתקשה להתמודד עם החינוך הגברי של אביו. גם בבית הספר המיוחס בעיר, אליו הוא מתקבל, הוא מתקשה למצוא את מקומו. חברו היחיד במקום הוא איזק, בנם של זוג יהודים אמידים, פליטים מגרמניה.
כאשר הנאצים פולשים לשבדיה מחליטה אמו של סימון להזמין את איזק להתארח בביתם. וכך, בעוד סימון מתרחק מהוריו ומגלה חיבה לנושאים הקרובים לאביו של איזק, עובר איזק תהליך הפוך ומוצא דמות אב דווקא באביו של סימון.
."/>
</include>

<include content="globalmissingibnfo">
<param name="stringlabel" value="Day"/>
<param name="imagepath" value="https://i.ytimg.com/vi/7ghwGOuuNy0/hqdefault.jpg"/>
<param name="reocommndedlabel" value="יום יבוא / כל יום עכשיו"/>
<param name="globalgenre" value="דרמה"/>
<param name="globalyear" value="2012"/>
<param name="globalplot" value="סיפורו האמיתי של מרקו, נער בעל תסמונת דאון שננטש על ידי אמו ומוצא בית חם אצל הזוג רודי ופול, שמאמצים אותו לחיקם. אך המסגרת המשפחתית החדשה והלא שגרתית עומדת בסכנה במערכת המשפטית השמרנית וההומופובית של ארהב בשנות ה-70, ועליהם להיאבק כדי לשמור על מרקו. זוכה פרס הסרט הטוב ופרס השחקן הטוב בפסטיבל סיאטל ופרס הקהל בפסטיבל שיקגו.
עם אלן קאמינג, גארט דילהאנט, גרג הנרי, ג'יימי אן אולמן, כריס מולקי ודון פרנקלין. ביים: טראוויס פיין."/>
</include>

<include content="globalmissingibnfo">
<param name="stringlabel" value="Life"/>
<param name="imagepath" value="https://downtownfrederick.org/wp-content/uploads/cache/images/event_weinberg-fdfs-a-life-less-ordinary/event_weinberg-fdfs-a-life-less-ordinary-3124166979.png"/>
<param name="reocommndedlabel" value="חיים לא רגילים"/>
<param name="globalgenre" value="דרמה"/>
<param name="globalyear" value="1997"/>
<param name="globalplot" value="כשבשמים מתקבלת החלטה להפגיש בין שני אנשים, כנראה שהדבר חייב לקרות. לכן יורדים שני מלאכים לארץ, לבני התמותה, ומתחילים לארגן מחדש את חייהם של רוברט וסלין. רוברט הוא שרת בחברת ענק, מפסידן עלוב שחולם על רבי מכר של  שהוא יכתוב. סלין היא בתו חדת הלשון והיפה של מנהל החברה, הרחוקה שנות אור מרוברט. אך ההשגחה העליונה מביאה את רוברט לחטוף את סלין, ויחדיו להתגלגל ולהסתבך למסע ארוך ומפתיע. דרישות כופר, שוד בנק ומסתרי הלב האנושי מלווים את השניים במסע הקסום אחרי עצמם."/>
</include>


<!--המלצות סרטים-->
<control type="scrollbar" id="35">
                <left>1540</left>
                <top>870</top>
                <width>4</width>
                <height>220</height>
                <subtype>text</subtype>
                <visible>true</visible>
                <texturesliderbackground>special://skin/extras/views/gradient_seperator.png</texturesliderbackground>
                <texturesliderbar colordiffuse="burlywood">special://skin/extras/views/gradient_seperator.png</texturesliderbar>
                <texturesliderbarfocus colordiffuse="FF12B2E7">special://skin/extras/views/gradient_seperator.png</texturesliderbarfocus>
                <orientation>vertical</orientation>
                <showonepage>true</showonepage>
                <onup>201</onup>
                <ondown>201</ondown>
                <onleft>201</onleft>
                <onright>Control.SetFocus(5)</onright>
            </control>
	
  <control type="group">
  <animation effect="fade" time="450">VisibleChange</animation>
  <posx>255</posx>
  <posy>575</posy>
  	<control type="label">
	 <animation effect="fade" time="450">VisibleChange</animation>
	<visible>Integer.IsEqual(Container(5).ListItem.Rating,3) | Integer.IsEqual(Container(5).ListItem.Rating,3.1) | Integer.IsEqual(Container(5).ListItem.Rating,3.2) | Integer.IsEqual(Container(5).ListItem.Rating,3.3) | Integer.IsEqual(Container(5).ListItem.Rating,3.4) | Integer.IsEqual(Container(5).ListItem.Rating,3.5) | Integer.IsEqual(Container(5).ListItem.Rating,3.6) | Integer.IsEqual(Container(5).ListItem.Rating,3.7) | Integer.IsEqual(Container(5).ListItem.Rating,3.8) | Integer.IsEqual(Container(5).ListItem.Rating,3.9)</visible>
	<posx>0</posx>
	<posy>0</posy>
	<width>200</width>
	<height>30</height>
	<textcolor>white</textcolor>
	<font>Font-Header-Bold-label</font>
	<label>[B]אהבו 30%[/B]</label>
	</control>
	<control type="label">
	 <animation effect="fade" time="450">VisibleChange</animation>
	<visible>Integer.IsEqual(Container(5).ListItem.Rating,4) | Integer.IsEqual(Container(5).ListItem.Rating,4.1) | Integer.IsEqual(Container(5).ListItem.Rating,4.2) | Integer.IsEqual(Container(5).ListItem.Rating,4.3) | Integer.IsEqual(Container(5).ListItem.Rating,4.4) | Integer.IsEqual(Container(5).ListItem.Rating,4.5) | Integer.IsEqual(Container(5).ListItem.Rating,4.6) | Integer.IsEqual(Container(5).ListItem.Rating,4.7) | Integer.IsEqual(Container(5).ListItem.Rating,4.8) | Integer.IsEqual(Container(5).ListItem.Rating,4.9)</visible>
	<posx>0</posx>
	<posy>0</posy>
	<width>200</width>
	<height>30</height>
	<textcolor>white</textcolor>
	<font>Font-Header-Bold-label</font>
	<label>[B]אהבו 40%[/B]</label>
	</control>
	<control type="label">
	 <animation effect="fade" time="450">VisibleChange</animation>
	<visible>Integer.IsEqual(Container(5).ListItem.Rating,5) | Integer.IsEqual(Container(5).ListItem.Rating,5.1) | Integer.IsEqual(Container(5).ListItem.Rating,5.2) | Integer.IsEqual(Container(5).ListItem.Rating,5.3) | Integer.IsEqual(Container(5).ListItem.Rating,5.4) | Integer.IsEqual(Container(5).ListItem.Rating,5.5) | Integer.IsEqual(Container(5).ListItem.Rating,5.6) | Integer.IsEqual(Container(5).ListItem.Rating,5.7) | Integer.IsEqual(Container(5).ListItem.Rating,5.8) | Integer.IsEqual(Container(5).ListItem.Rating,5.9)</visible>
	<posx>0</posx>
	<posy>0</posy>
	<width>200</width>
	<height>30</height>
	<textcolor>white</textcolor>
	<font>Font-Header-Bold-label</font>
	<label>[B]אהבו 50%[/B]</label>
	</control>
	<control type="label">
	 <animation effect="fade" time="450">VisibleChange</animation>
	<visible>Integer.IsEqual(Container(5).ListItem.Rating,6) | Integer.IsEqual(Container(5).ListItem.Rating,6.1) | Integer.IsEqual(Container(5).ListItem.Rating,6.2) | Integer.IsEqual(Container(5).ListItem.Rating,6.3) | Integer.IsEqual(Container(5).ListItem.Rating,6.4) | Integer.IsEqual(Container(5).ListItem.Rating,6.5) | Integer.IsEqual(Container(5).ListItem.Rating,6.6) | Integer.IsEqual(Container(5).ListItem.Rating,6.7) | Integer.IsEqual(Container(5).ListItem.Rating,6.8) | Integer.IsEqual(Container(5).ListItem.Rating,6.9)</visible>
	<posx>0</posx>
	<posy>0</posy>
	<width>200</width>
	<height>30</height>
	<textcolor>white</textcolor>
	<font>Font-Header-Bold-label</font>
	<label>[B]אהבו 60%[/B]</label>
	</control>
	<control type="label">
	 <animation effect="fade" time="450">VisibleChange</animation>
	<visible>Integer.IsEqual(Container(5).ListItem.Rating,7) | Integer.IsEqual(Container(5).ListItem.Rating,7.1) | Integer.IsEqual(Container(5).ListItem.Rating,7.2) | Integer.IsEqual(Container(5).ListItem.Rating,7.3) | Integer.IsEqual(Container(5).ListItem.Rating,7.4) | Integer.IsEqual(Container(5).ListItem.Rating,7.5) | Integer.IsEqual(Container(5).ListItem.Rating,7.6) | Integer.IsEqual(Container(5).ListItem.Rating,7.7) | Integer.IsEqual(Container(5).ListItem.Rating,7.8) | Integer.IsEqual(Container(5).ListItem.Rating,7.9)</visible>
	<posx>0</posx>
	<posy>0</posy>
	<width>200</width>
	<height>30</height>
	<textcolor>white</textcolor>
	<font>Font-Header-Bold-label</font>
	<label>[B]אהבו 70%[/B]</label>
	</control>
	<control type="label">
	<animation effect="fade" time="450">VisibleChange</animation>
	<visible>Integer.IsEqual(Container(5).ListItem.Rating,8) | Integer.IsEqual(Container(5).ListItem.Rating,8.1) | Integer.IsEqual(Container(5).ListItem.Rating,8.2) | Integer.IsEqual(Container(5).ListItem.Rating,8.3) | Integer.IsEqual(Container(5).ListItem.Rating,8.4) | Integer.IsEqual(Container(5).ListItem.Rating,8.5) | Integer.IsEqual(Container(5).ListItem.Rating,8.6) | Integer.IsEqual(Container(5).ListItem.Rating,8.7) | Integer.IsEqual(Container(5).ListItem.Rating,8.8) | Integer.IsEqual(Container(5).ListItem.Rating,8.9)</visible>
	<posx>0</posx>
	<posy>0</posy>
	<width>200</width>
	<height>30</height>
	<textcolor>white</textcolor>
	<font>Font-Header-Bold-label</font>
	<label>[B]אהבו 80%[/B]</label>
	</control>
	<control type="label">
	 <animation effect="fade" time="450">VisibleChange</animation>
	<visible>Integer.IsEqual(Container(5).ListItem.Rating,9) | Integer.IsEqual(Container(5).ListItem.Rating,9.1) | Integer.IsEqual(Container(5).ListItem.Rating,9.2) | Integer.IsEqual(Container(5).ListItem.Rating,9.3) | Integer.IsEqual(Container(5).ListItem.Rating,9.4) | Integer.IsEqual(Container(5).ListItem.Rating,9.5) | Integer.IsEqual(Container(5).ListItem.Rating,9.6) | Integer.IsEqual(Container(5).ListItem.Rating,9.7) | Integer.IsEqual(Container(5).ListItem.Rating,9.8) | Integer.IsEqual(Container(5).ListItem.Rating,9.9)</visible>
	<posx>0</posx>
	<posy>0</posy>
	<width>200</width>
	<height>30</height>
	<textcolor>white</textcolor>
	<font>Font-Header-Bold-label</font>
	<label>[B]אהבו 90%[/B]</label>
	</control>
	</control>

	<control type="image">
	<posx>1000</posx>
	<posy>650</posy>
	<width>500</width>
	<height>50</height>
	<aspectratio>keep</aspectratio>
	<texture fallback="special://skin/extras/flags/stars/7.3.png">special://skin/extras/flags/stars/$INFO[Container(5).ListItem.Rating].png</texture>
	</control>
	
<control type="fixedlist" id="5">
<posx>1565</posx>
<posy>870</posy>
<width>1400</width>
<height>150</height>
<onback>2164</onback>
<onleft>35</onleft>
<onright>Dialog.Close(6760)</onright>
<onright>ActivateWindow(10025,&quot;plugin://plugin.video.telemedia/?data=-1001309863123&amp;dates=%20&amp;description=%0afrom_plot&amp;eng_name=%20&amp;episode=%20&amp;fanart&amp;fav_status=false&amp;heb_name=%20&amp;iconimage&amp;id=%20&amp;image_master&amp;isr=0&amp;last_id&amp;mode=31&amp;name=%5bCOLOR%20khaki%5d%d7%a7%d7%91%d7%95%d7%a6%d7%aa%20%d7%94%d7%94%d7%9e%d7%9c%d7%a6%d7%95%d7%aa%20%d7%94%d7%99%d7%95%d7%9e%d7%99%d7%aa%5b%2fCOLOR%5d&amp;original_title=%20&amp;season=%20&amp;show_original_year=%20&amp;tmdbid=%20&amp;url=-1001309863123&quot;,return)</onright>
<pagecontrol>35</pagecontrol>
<orientation>vertival</orientation>
<scrolltime tween="sine" easing="inout">450</scrolltime>
<itemlayout width="350" height="35">
<control type="label">
<posx>5</posx>
<posy>0</posy>
<width>265</width>
<height>40</height>
<textcolor>white</textcolor>
<align>center</align>
<label>$INFO[ListItem.Label]</label>
</control>
</itemlayout>
<focusedlayout width="350" height="35">
<control type="label">
<visible>!control.hasfocus(5)</visible>
<posx>5</posx>
<posy>0</posy>
<width>265</width>
<height>40</height>
<align>center</align>	
<label>$INFO[ListItem.Label]</label>
</control>
<control type="label">
<visible>control.hasfocus(5)</visible>
<posx>5</posx>
<posy>0</posy>
<width>250</width>
<height>40</height>
<textcolor>deepskyblue</textcolor>
<align>center</align>	
<label>$INFO[ListItem.Label]</label>
</control>

</focusedlayout>
<content>plugin://plugin.video.telemedia/?data=-1001309863123&amp;dates=%20&amp;description=%0afrom_plot&amp;eng_name=%20&amp;episode=%20&amp;fanart&amp;fav_status=false&amp;heb_name=%20&amp;iconimage&amp;id=%20&amp;image_master&amp;isr=0&amp;last_id&amp;mode=31&amp;name=%5bCOLOR%20khaki%5d%d7%a7%d7%91%d7%95%d7%a6%d7%aa%20%d7%94%d7%94%d7%9e%d7%9c%d7%a6%d7%95%d7%aa%20%d7%94%d7%99%d7%95%d7%9e%d7%99%d7%aa%5b%2fCOLOR%5d&amp;original_title=%20&amp;season=%20&amp;show_original_year=%20&amp;tmdbid=%20&amp;url=-1001309863123&quot</content>
</control>


</controls>
</window>
