<?xml version="1.0" encoding="UTF-8"?>
<!-- Foundation -->
<window id="6806" type="dialog">
    <defaultcontrol always="true">2164</defaultcontrol>
    	<onload>ClearProperty(quicknavsetup,home)</onload>
	<onunload>ClearProperty(quicknavsetup,home)</onunload>	

<controls>
<control type="multiimage">
<posx>0</posx>
<posy>0</posy>
<width>1920</width>
<height>1080</height>
<fadetime>550</fadetime>
<timeperimage>45000</timeperimage>
<imagepath>special://skin/extras/moviesbg/</imagepath>
</control>

<control type="label">
<posx>40</posx>
<posy>-15</posy>
<width>1920</width>
<height>200</height>
<font>font-extra-big</font>
<textcolor>white</textcolor>
<shadowcolor>black</shadowcolor>
<label>ברוכים הבאים לעולם הסרטים</label>
</control>

			<control type="image">
			<posx>1215</posx>
			<posy>200</posy>
			<width>720</width>
			<height>220</height>
			<texture border="40" colordiffuse="$INFO[Window(home).Property(ImageColor)]">special://skin/extras/common/roundedbutton-nofocus.png</texture>
			</control>

			<control type="group">
			<posy>0</posy>
			<posx>680</posx>
			<posy>0</posy>
			<control type="label">
			<posx>600</posx>
			<posy>225</posy>
			<width>600</width>
			<height>80</height>
			<align>center</align>
			<font>font-extra-time</font>
			<label>$INFO[System.Time]</label>
			</control>
			<control type="label">
			<posx>600</posx>
			<posy>345</posy>
			<width>600</width>
			<height>80</height>
			<align>center</align>
			<font>small</font>
			<label>$INFO[System.Date]</label>
			</control>
			</control>

<control type="group">
<animation type="WindowOpen">
<effect type="slide" start="0,0" end="280,0" time="250" tween="cubic" easing="out"/>
</animation>

<include content="latestmovies">
<param name="stringid" value="2"/>
<param name="stringcompare" value="2"/>
<param name="buttonid" value="518"/>
<param name="buttonclick" value="ActivateWindow(10025,&quot;plugin://plugin.video.CHICCO/?cat_level=%20&amp;count=0&amp;description=%20&amp;fanart=https%3a%2f%2fimages.globes.co.il%2fimages%2fNewGlobes%2ffeeder%2f2015%2fe01_84-800.jpg&amp;iconimage=https%3a%2f%2f3.bp.blogspot.com%2f-z29rcD8VCJ8%2fWkZiAaWhIMI%2fAAAAAAAAHlg%2f8MnJ16d_cVgkQmtryEDiiZFuk9LVVsBjQCLcBGAs%2fs1600%2fPhoto%252B29-12-2017%25252C%252B13%252B10%252B34_mini.jpg&amp;index_depth=0&amp;lang=eng&amp;mode=5&amp;name=%d7%a1%d7%a8%d7%98%d7%99%d7%9d%20%d7%9e%d7%97%d7%95%d7%9c%20%d7%a2%d7%9d%20%d7%aa%d7%a8%d7%92%d7%95%d7%9d%20%d7%9e%d7%95%d7%91%d7%a0%d7%94&amp;page&amp;selected_list=%20&amp;url=%d7%a1%d7%a8%d7%98%d7%99%d7%9d%d7%a1%d7%a8%d7%98%d7%99%d7%9d%20%d7%9e%d7%97%d7%95%d7%9c%20%d7%a2%d7%9d%20%d7%aa%d7%a8%d7%92%d7%95%d7%9d%20%d7%9e%d7%95%d7%91%d7%a0%d7%94&quot;,return)"/>
<param name="labelname" value="צי'קו סרטים אחרונים"/>
<param name="sortbyorder" value="dateadded"/>
<param name="sortbydescending" value="descending"/>
<param name="content" value="plugin://plugin.video.CHICCO/?cat_level=%20&amp;count=0&amp;description&amp;fanart=http%3a%2f%2fsf.co.ua%2f12%2f09%2fwallpaper-2230830.jpg&amp;iconimage=http%3a%2f%2fngarba.xyz%2fadds%2fyos%2f16.jpg&amp;index_depth=0&amp;lang=%20&amp;mode=18&amp;name=%5bB%5d%5bCOLOR%20burlywood%5d-%d7%90%d7%97%d7%a8%d7%95%d7%a0%d7%99%d7%9d%20%5b%2fCOLOR%5d%5b%2fB%5d%5bB%5d%5bCOLOR%20aqua%5d%d7%a1%d7%a8%d7%98%d7%99%d7%9d-%20%5b%2fCOLOR%5d%5b%2fB%5d&amp;page&amp;selected_list=%20&amp;url=movie&quot"/>
</include>

<include content="latestmovies">
<param name="stringid" value="3"/>
<param name="stringcompare" value="3"/>
<param name="buttonid" value="519"/>
<param name="buttonclick" value="ActivateWindow(10025,&quot;plugin://plugin.video.FlashTV/?cat_level=%20&amp;count=0&amp;description=%20&amp;fanart&amp;iconimage=https%3a%2f%2fi.imgur.com%2fYZ5lAQV.png&amp;index_depth=0&amp;lang=eng&amp;mode=5&amp;name=%d7%a1%d7%a8%d7%98%d7%99%d7%9d-HD&amp;page&amp;selected_list=%20&amp;url=%d7%a1%d7%a8%d7%98%d7%99%d7%9d%d7%a1%d7%a8%d7%98%d7%99%d7%9d-HD&quot;,return)"/>
<param name="labelname" value="סרטים אחרונים"/>
<param name="sortbyorder" value="dateadded"/>
<param name="sortbydescending" value="descending"/>
<param name="content" value="plugin://plugin.video.FlashTV/?cat_level=%20&amp;count=0&amp;description&amp;fanart=http%3a%2f%2fsf.co.ua%2f12%2f09%2fwallpaper-2230830.jpg&amp;iconimage=http%3a%2f%2fngarba.xyz%2fadds%2fyos%2f16.jpg&amp;index_depth=0&amp;lang=%20&amp;mode=18&amp;name=%5bB%5d%5bCOLOR%20burlywood%5d-%d7%90%d7%97%d7%a8%d7%95%d7%a0%d7%99%d7%9d%20%5b%2fCOLOR%5d%5b%2fB%5d%5bB%5d%5bCOLOR%20aqua%5d%d7%a1%d7%a8%d7%98%d7%99%d7%9d-%20%5b%2fCOLOR%5d%5b%2fB%5d&amp;page&amp;selected_list=%20&amp;url=movie&quot"/>
</include>


<include content="latestmovies">
<param name="stringid" value="4"/>
<param name="stringcompare" value="4"/>
<param name="buttonid" value="520"/>
<param name="buttonclick" value="ActivateWindow(10025,&quot;plugin://plugin.video.mando/?all_w=%7b%7d&amp;data=%20&amp;dates=%20&amp;description=newmovies&amp;eng_name=%20&amp;episode=%20&amp;fanart=%20&amp;fav_status=false&amp;heb_name=%20&amp;iconimage=%20&amp;id=%20&amp;image_master&amp;isr=0&amp;last_id&amp;mode=117&amp;name=newmovies&amp;original_title=%20&amp;season=%20&amp;show_original_year=%20&amp;tmdbid=%20&amp;url=moshep155%24%24%24%24%24%24%24%24%24%24%24newmovies%5e%5e%5e%5e%5e%5e%5e%5emovie&amp;video_data=%7b%22rating%22%3a%20%220%22%2c%20%22episode%22%3a%200%2c%20%22title%22%3a%20%22newmovies%22%2c%20%22season%22%3a%200%2c%20%22TVshowtitle%22%3a%20%22%22%2c%20%22mediatype%22%3a%20%22movie%22%2c%20%22plot%22%3a%20%22newmovies%22%2c%20%22OriginalTitle%22%3a%20%22%20%22%2c%20%22Tag%22%3a%20%22116%22%7d&quot;,return)"/>
<param name="labelname" value="גוסט סרטים אחרונים"/>
<param name="sortbyorder" value="dateadded"/>
<param name="sortbydescending" value="descending"/>
<param name="content" value="plugin://plugin.video.mando/?all_w=%7b%7d&amp;data=%20&amp;dates=%20&amp;description=newmovies&amp;eng_name=%20&amp;episode=%20&amp;fanart=%20&amp;fav_status=false&amp;heb_name=%20&amp;iconimage=%20&amp;id=%20&amp;image_master&amp;isr=0&amp;last_id&amp;mode=117&amp;name=newmovies&amp;original_title=%20&amp;season=%20&amp;show_original_year=%20&amp;tmdbid=%20&amp;url=moshep155%24%24%24%24%24%24%24%24%24%24%24newmovies%5e%5e%5e%5e%5e%5e%5e%5emovie&amp;video_data=%7b%22rating%22%3a%20%220%22%2c%20%22episode%22%3a%200%2c%20%22title%22%3a%20%22newmovies%22%2c%20%22season%22%3a%200%2c%20%22TVshowtitle%22%3a%20%22%22%2c%20%22mediatype%22%3a%20%22movie%22%2c%20%22plot%22%3a%20%22newmovies%22%2c%20%22OriginalTitle%22%3a%20%22%20%22%2c%20%22Tag%22%3a%20%22116%22%7d&quot"/>
</include>

<include content="latestmovies">
<param name="stringid" value="5"/>
<param name="stringcompare" value="5"/>
<param name="buttonid" value="521"/>
<param name="buttonclick" value="ActivateWindow(10025,&quot;plugin://plugin.video.telemedia/?data=-1001304123481&amp;dates=%20&amp;description=%f0%9f%87%ae%f0%9f%87%b1%d7%9e%d7%a7%d7%a1%d7%99%d7%a7%d7%95-%d7%99%d7%a9%d7%a8%d7%90%d7%9c%f0%9f%87%b2%f0%9f%87%bd%0a%0a%d7%a2%d7%a8%d7%95%d7%a5%20%d7%94%d7%a1%d7%97%d7%a8%20%e2%98%98%ef%b8%8f%d7%91%d7%a7%d7%a0%d7%90%d7%91%d7%99%d7%a1%e2%98%98%ef%b8%8f%20%d7%9e%d7%91%d7%99%d7%9f%20%d7%94%d7%95%d7%95%d7%aa%d7%99%d7%a7%d7%95%d7%aa%20%d7%91%d7%99%d7%a9%d7%a8%d7%90%d7%9c%20%d7%a2%d7%9d%20%d7%9e%d7%90%d7%95%d7%aa%20%d7%9c%d7%a7%d7%95%d7%97%d7%95%d7%aa%20%0a%d7%9e%d7%a8%d7%95%d7%a6%d7%99%d7%9d.%0a%0a%e2%99%bb%ef%b8%8f%d7%9e%d7%92%d7%95%d7%95%d7%9f%20%d7%a8%d7%97%d7%91%20%d7%a9%d7%9c%20%d7%96%d7%a0%d7%99%d7%9d%20%d7%95%d7%9e%d7%97%d7%99%d7%a8%d7%99%d7%9d%0a%f0%9f%a4%9d%d7%9c%d7%90%20%d7%90%d7%94%d7%91%d7%aa%d7%9d%20%d7%9c%d7%90%20%d7%a9%d7%99%d7%9c%d7%9e%d7%aa%d7%9d%0a%f0%9f%9b%b5%d7%9e%d7%a9%d7%9c%d7%95%d7%97%d7%99%d7%9d%20%d7%9e%d7%94%d7%99%d7%a8%d7%99%d7%9d%20%d7%a2%d7%93%2045%20%d7%93%d7%a7%d7%b3%0a%f0%9f%92%af%d7%94%d7%aa%d7%97%d7%99%d7%99%d7%91%d7%95%d7%aa%20%d7%9c%d7%a1%d7%97%d7%95%d7%a8%d7%94%20%d7%95%d7%9c%d7%aa%d7%9e%d7%95%d7%a0%d7%95%d7%aa%0a%0a%d7%a4%d7%a2%d7%99%d7%9c%d7%95%d7%aa%20%d7%9e%d7%a9%d7%a0%d7%aa%202017.%20%d7%9e%d7%94%d7%9e%d7%93%d7%95%d7%a8%d7%92%d7%99%d7%9d%20%d7%91%d7%9e%d7%a7%d7%95%d7%9e%d7%95%d7%aa%20%d7%94%d7%92%d7%91%d7%95%d7%94%d7%99%d7%9d%20%d7%91%d7%b4%d7%98%d7%9c%d7%92%d7%a8%d7%90%d7%a1%d7%b4.%0a%0a%d7%aa%d7%9e%d7%99%d7%93%20%f0%9f%93%a6%d7%91%d7%9e%d7%9c%d7%90%d7%99%20%3a%20%d7%92%d7%99%d7%93%d7%95%d7%9c%d7%99%20%d7%91%d7%99%d7%aa&amp;eng_name=%20&amp;episode=%20&amp;fanart=C%3a%2fUsers%2fneta%2fAppData%2fRoaming%2fKodi%2fuserdata%2faddon_data%2fplugin.video.telemedia%2flogo%2f-1001304123481_big.jpg&amp;fav_status=false&amp;heb_name=%20&amp;iconimage=C%3a%2fUsers%2fneta%2fAppData%2fRoaming%2fKodi%2fuserdata%2faddon_data%2fplugin.video.telemedia%2flogo%2f-1001304123481_small.jpg&amp;id=%20&amp;image_master&amp;isr=0&amp;last_id&amp;mode=31&amp;name=%5bCOLOR%20khaki%5d%d7%93%d7%91%20%d7%a1%d7%a8%d7%98%d7%99%d7%9d%20-%20%d7%a2%d7%a8%d7%95%d7%a5%20%d7%94%d7%a1%d7%a8%d7%98%d7%99%d7%9d%5b%2fCOLOR%5d&amp;original_title=%20&amp;season=%20&amp;show_original_year=%20&amp;tmdbid=%20&amp;url=-1001304123481&quot;,return)"/>
<param name="labelname" value="דב סרטים - ערוץ הסרטים"/>
<param name="content" value="plugin://plugin.video.telemedia/?data=-1001304123481&amp;dates=%20&amp;description=%f0%9f%87%ae%f0%9f%87%b1%d7%9e%d7%a7%d7%a1%d7%99%d7%a7%d7%95-%d7%99%d7%a9%d7%a8%d7%90%d7%9c%f0%9f%87%b2%f0%9f%87%bd%0a%0a%d7%a2%d7%a8%d7%95%d7%a5%20%d7%94%d7%a1%d7%97%d7%a8%20%e2%98%98%ef%b8%8f%d7%91%d7%a7%d7%a0%d7%90%d7%91%d7%99%d7%a1%e2%98%98%ef%b8%8f%20%d7%9e%d7%91%d7%99%d7%9f%20%d7%94%d7%95%d7%95%d7%aa%d7%99%d7%a7%d7%95%d7%aa%20%d7%91%d7%99%d7%a9%d7%a8%d7%90%d7%9c%20%d7%a2%d7%9d%20%d7%9e%d7%90%d7%95%d7%aa%20%d7%9c%d7%a7%d7%95%d7%97%d7%95%d7%aa%20%0a%d7%9e%d7%a8%d7%95%d7%a6%d7%99%d7%9d.%0a%0a%e2%99%bb%ef%b8%8f%d7%9e%d7%92%d7%95%d7%95%d7%9f%20%d7%a8%d7%97%d7%91%20%d7%a9%d7%9c%20%d7%96%d7%a0%d7%99%d7%9d%20%d7%95%d7%9e%d7%97%d7%99%d7%a8%d7%99%d7%9d%0a%f0%9f%a4%9d%d7%9c%d7%90%20%d7%90%d7%94%d7%91%d7%aa%d7%9d%20%d7%9c%d7%90%20%d7%a9%d7%99%d7%9c%d7%9e%d7%aa%d7%9d%0a%f0%9f%9b%b5%d7%9e%d7%a9%d7%9c%d7%95%d7%97%d7%99%d7%9d%20%d7%9e%d7%94%d7%99%d7%a8%d7%99%d7%9d%20%d7%a2%d7%93%2045%20%d7%93%d7%a7%d7%b3%0a%f0%9f%92%af%d7%94%d7%aa%d7%97%d7%99%d7%99%d7%91%d7%95%d7%aa%20%d7%9c%d7%a1%d7%97%d7%95%d7%a8%d7%94%20%d7%95%d7%9c%d7%aa%d7%9e%d7%95%d7%a0%d7%95%d7%aa%0a%0a%d7%a4%d7%a2%d7%99%d7%9c%d7%95%d7%aa%20%d7%9e%d7%a9%d7%a0%d7%aa%202017.%20%d7%9e%d7%94%d7%9e%d7%93%d7%95%d7%a8%d7%92%d7%99%d7%9d%20%d7%91%d7%9e%d7%a7%d7%95%d7%9e%d7%95%d7%aa%20%d7%94%d7%92%d7%91%d7%95%d7%94%d7%99%d7%9d%20%d7%91%d7%b4%d7%98%d7%9c%d7%92%d7%a8%d7%90%d7%a1%d7%b4.%0a%0a%d7%aa%d7%9e%d7%99%d7%93%20%f0%9f%93%a6%d7%91%d7%9e%d7%9c%d7%90%d7%99%20%3a%20%d7%92%d7%99%d7%93%d7%95%d7%9c%d7%99%20%d7%91%d7%99%d7%aa&amp;eng_name=%20&amp;episode=%20&amp;fanart=C%3a%2fUsers%2fneta%2fAppData%2fRoaming%2fKodi%2fuserdata%2faddon_data%2fplugin.video.telemedia%2flogo%2f-1001304123481_big.jpg&amp;fav_status=false&amp;heb_name=%20&amp;iconimage=C%3a%2fUsers%2fneta%2fAppData%2fRoaming%2fKodi%2fuserdata%2faddon_data%2fplugin.video.telemedia%2flogo%2f-1001304123481_small.jpg&amp;id=%20&amp;image_master&amp;isr=0&amp;last_id&amp;mode=31&amp;name=%5bCOLOR%20khaki%5d%d7%93%d7%91%20%d7%a1%d7%a8%d7%98%d7%99%d7%9d%20-%20%d7%a2%d7%a8%d7%95%d7%a5%20%d7%94%d7%a1%d7%a8%d7%98%d7%99%d7%9d%5b%2fCOLOR%5d&amp;original_title=%20&amp;season=%20&amp;show_original_year=%20&amp;tmdbid=%20&amp;url=-1001304123481&quot"/>
</include>


<include content="latestmovies">
<param name="stringid" value="6"/>
<param name="stringcompare" value="6"/>
<param name="buttonid" value="522"/>
<param name="buttonclick" value="ActivateWindow(10025,&quot;plugin://plugin.video.telemedia/?data=-1001000750206&amp;dates=%20&amp;description=%f0%9f%8c%90%20%d7%a2%d7%95%d7%93%20%d7%9e%d7%91%d7%99%d7%aa%20%22%d7%a0%d7%aa%d7%99%20%d7%9e%d7%93%d7%99%d7%94%22%20%f0%9f%8c%90%0a%0a%d7%a2%d7%a8%d7%95%d7%a5%20%d7%94%d7%9e%d7%90%d7%92%d7%93%20%d7%91%d7%aa%d7%95%d7%9b%d7%95%20%d7%90%d7%aa%20%d7%9b%d7%9c%20%d7%94%d7%a7%d7%99%d7%a9%d7%95%d7%a8%d7%99%d7%9d%20%d7%9c%d7%a2%d7%a8%d7%95%d7%a6%d7%99%20%d7%94%d7%a1%d7%93%d7%a8%d7%95%d7%aa.%20%f0%9f%94%97%0a%0a%e2%9c%85%20%d7%93%d7%99%d7%a8%d7%95%d7%92%20%d7%a1%d7%93%d7%a8%d7%95%d7%aa%20%d7%a2%d7%9c%20%d7%99%d7%93%d7%99%20%d7%94%d7%9e%d7%a9%d7%aa%d7%9e%d7%a9%d7%99%d7%9d.%0a%e2%9c%85%20%d7%97%d7%99%d7%a4%d7%95%d7%a9%20%d7%91%d7%a7%d7%9c%d7%95%d7%aa%20%d7%9c%d7%a4%d7%99%20%d7%96%27%d7%90%d7%a0%d7%a8%20%d7%9e%d7%a1%d7%95%d7%99%d7%99%d7%9d.%0a%0a%d7%9c%d7%94%d7%a6%d7%98%d7%a8%d7%a4%d7%95%d7%aa%20%3e%3e%0ahttp%3a%2f%2ft.me%2fjoinchat%2fAAAAAElMOzNyHHWh58k0Xw%0a%0a%d7%a9%d7%aa%d7%a4%d7%95%20%e2%9d%a4%ef%b8%8f%0afrom_plot&amp;eng_name=%20&amp;episode=%20&amp;fanart=C%3a%2fUsers%2fneta%2fAppData%2fRoaming%2fKodi%2fuserdata%2faddon_data%2fplugin.video.telemedia%2flogo%2f-1001000750206_big.jpg&amp;fav_status=false&amp;heb_name=%20&amp;iconimage=C%3a%2fUsers%2fneta%2fAppData%2fRoaming%2fKodi%2fuserdata%2faddon_data%2fplugin.video.telemedia%2flogo%2f-1001000750206_small.jpg&amp;id=%20&amp;image_master&amp;isr=0&amp;last_id&amp;mode=31&amp;name=%5bCOLOR%20khaki%5d%d7%a0%d7%aa%d7%99%20%d7%9e%d7%93%d7%99%d7%94%20-%20%d7%a1%d7%a8%d7%98%d7%99%d7%9d%20%f0%9f%8e%ac%20-%20170K%5b%2fCOLOR%5d&amp;original_title=%20&amp;season=%20&amp;show_original_year=%20&amp;tmdbid=%20&amp;url=-1001000750206&quot;,return)"/>
<param name="labelname" value="נתי מדיה ערוץ הסרטים"/>
<param name="content" value="plugin://plugin.video.telemedia/?data=-1001000750206&amp;dates=%20&amp;description=%f0%9f%8c%90%20%d7%a2%d7%95%d7%93%20%d7%9e%d7%91%d7%99%d7%aa%20%22%d7%a0%d7%aa%d7%99%20%d7%9e%d7%93%d7%99%d7%94%22%20%f0%9f%8c%90%0a%0a%d7%a2%d7%a8%d7%95%d7%a5%20%d7%94%d7%9e%d7%90%d7%92%d7%93%20%d7%91%d7%aa%d7%95%d7%9b%d7%95%20%d7%90%d7%aa%20%d7%9b%d7%9c%20%d7%94%d7%a7%d7%99%d7%a9%d7%95%d7%a8%d7%99%d7%9d%20%d7%9c%d7%a2%d7%a8%d7%95%d7%a6%d7%99%20%d7%94%d7%a1%d7%93%d7%a8%d7%95%d7%aa.%20%f0%9f%94%97%0a%0a%e2%9c%85%20%d7%93%d7%99%d7%a8%d7%95%d7%92%20%d7%a1%d7%93%d7%a8%d7%95%d7%aa%20%d7%a2%d7%9c%20%d7%99%d7%93%d7%99%20%d7%94%d7%9e%d7%a9%d7%aa%d7%9e%d7%a9%d7%99%d7%9d.%0a%e2%9c%85%20%d7%97%d7%99%d7%a4%d7%95%d7%a9%20%d7%91%d7%a7%d7%9c%d7%95%d7%aa%20%d7%9c%d7%a4%d7%99%20%d7%96%27%d7%90%d7%a0%d7%a8%20%d7%9e%d7%a1%d7%95%d7%99%d7%99%d7%9d.%0a%0a%d7%9c%d7%94%d7%a6%d7%98%d7%a8%d7%a4%d7%95%d7%aa%20%3e%3e%0ahttp%3a%2f%2ft.me%2fjoinchat%2fAAAAAElMOzNyHHWh58k0Xw%0a%0a%d7%a9%d7%aa%d7%a4%d7%95%20%e2%9d%a4%ef%b8%8f%0afrom_plot&amp;eng_name=%20&amp;episode=%20&amp;fanart=C%3a%2fUsers%2fneta%2fAppData%2fRoaming%2fKodi%2fuserdata%2faddon_data%2fplugin.video.telemedia%2flogo%2f-1001000750206_big.jpg&amp;fav_status=false&amp;heb_name=%20&amp;iconimage=C%3a%2fUsers%2fneta%2fAppData%2fRoaming%2fKodi%2fuserdata%2faddon_data%2fplugin.video.telemedia%2flogo%2f-1001000750206_small.jpg&amp;id=%20&amp;image_master&amp;isr=0&amp;last_id&amp;mode=31&amp;name=%5bCOLOR%20khaki%5d%d7%a0%d7%aa%d7%99%20%d7%9e%d7%93%d7%99%d7%94%20-%20%d7%a1%d7%a8%d7%98%d7%99%d7%9d%20%f0%9f%8e%ac%20-%20170K%5b%2fCOLOR%5d&amp;original_title=%20&amp;season=%20&amp;show_original_year=%20&amp;tmdbid=%20&amp;url=-1001000750206&quot"/>
</include>


<include content="latestmovies">
<param name="stringid" value="7"/>
<param name="stringcompare" value="7"/>
<param name="buttonid" value="523"/>
<param name="buttonclick" value="ActivateWindow(10025,&quot;plugin://plugin.video.telemedia/?data=-1001311322186&amp;dates=%20&amp;description=%d7%9c%d7%a2%d7%a8%d7%95%d7%a5%20%d7%94%d7%a1%d7%93%d7%a8%d7%95%d7%aa%e2%86%99%ef%b8%8f%0ahttps%3a%2f%2ft.me%2fjoinchat%2fAAAAAFY3PY-OT-iqTw1iZg%0afrom_plot&amp;eng_name=%20&amp;episode=%20&amp;fanart=C%3a%2fUsers%2fneta%2fAppData%2fRoaming%2fKodi%2fuserdata%2faddon_data%2fplugin.video.telemedia%2flogo%2f-1001311322186_big.jpg&amp;fav_status=false&amp;heb_name=%20&amp;iconimage=C%3a%2fUsers%2fneta%2fAppData%2fRoaming%2fKodi%2fuserdata%2faddon_data%2fplugin.video.telemedia%2flogo%2f-1001311322186_small.jpg&amp;id=%20&amp;image_master&amp;isr=0&amp;last_id&amp;mode=31&amp;name=%5bCOLOR%20khaki%5d%d7%97%d7%a0%d7%a0%d7%90%d7%9c%20%d7%a1%d7%a8%d7%98%d7%99%d7%9d%20-%20%d7%a2%d7%a8%d7%95%d7%a5%20%d7%94%d7%a1%d7%a8%d7%98%d7%99%d7%9d%5b%2fCOLOR%5d&amp;original_title=%20&amp;season=%20&amp;show_original_year=%20&amp;tmdbid=%20&amp;url=-1001311322186&quot;,return)"/>
<param name="labelname" value="חננאל ערוץ הסרטים"/>
<param name="content" value="plugin://plugin.video.telemedia/?data=-1001311322186&amp;dates=%20&amp;description=%d7%9c%d7%a2%d7%a8%d7%95%d7%a5%20%d7%94%d7%a1%d7%93%d7%a8%d7%95%d7%aa%e2%86%99%ef%b8%8f%0ahttps%3a%2f%2ft.me%2fjoinchat%2fAAAAAFY3PY-OT-iqTw1iZg%0afrom_plot&amp;eng_name=%20&amp;episode=%20&amp;fanart=C%3a%2fUsers%2fneta%2fAppData%2fRoaming%2fKodi%2fuserdata%2faddon_data%2fplugin.video.telemedia%2flogo%2f-1001311322186_big.jpg&amp;fav_status=false&amp;heb_name=%20&amp;iconimage=C%3a%2fUsers%2fneta%2fAppData%2fRoaming%2fKodi%2fuserdata%2faddon_data%2fplugin.video.telemedia%2flogo%2f-1001311322186_small.jpg&amp;id=%20&amp;image_master&amp;isr=0&amp;last_id&amp;mode=31&amp;name=%5bCOLOR%20khaki%5d%d7%97%d7%a0%d7%a0%d7%90%d7%9c%20%d7%a1%d7%a8%d7%98%d7%99%d7%9d%20-%20%d7%a2%d7%a8%d7%95%d7%a5%20%d7%94%d7%a1%d7%a8%d7%98%d7%99%d7%9d%5b%2fCOLOR%5d&amp;original_title=%20&amp;season=%20&amp;show_original_year=%20&amp;tmdbid=%20&amp;url=-1001311322186&quot"/>
</include>

<description>סרטים 1</description>
<include content="latestmovies">
<param name="stringid" value="8"/>
<param name="stringcompare" value="8"/>
<param name="buttonid" value="524"/>
<param name="buttonclick" value="ActivateWindow(10502,&quot;plugin://plugin.audio.My.Music/?cat_level=%20&amp;count=0&amp;description=%5bB%5d%5bCOLOR%20burlywood%5d%20%d7%a9.%d7%a7%20%5b%2fCOLOR%5d%5b%2fB%5d&amp;fanart=https%3a%2f%2ffunender.com%2fwp-content%2fuploads%2f2017%2f11%2fTop-10-Box-Office-Weekend-Movies-Report-October-27-29-2017.jpg&amp;iconimage=http%3a%2f%2fngarba.xyz%2fadds%2fyos%2fphoto10.jpg&amp;index_depth=0&amp;lang=eng&amp;mode=5&amp;name=%d7%a1%d7%a8%d7%98%d7%99%d7%9d%201&amp;page&amp;selected_list=%20&amp;url=%d7%a1%d7%a8%d7%98%d7%99%d7%9d%d7%a1%d7%a8%d7%98%d7%99%d7%9d%201&quot;,return)"/>
<param name="labelname" value="גוסט סרטים אחרונים"/>
<param name="sortbyorder" value="dateadded"/>
<param name="sortbydescending" value="descending"/>
<param name="content" value="plugin://plugin.audio.My.Music/?cat_level=%20&amp;count=0&amp;description=%5bB%5d%5bCOLOR%20burlywood%5d%20%d7%a9.%d7%a7%20%5b%2fCOLOR%5d%5b%2fB%5d&amp;fanart=https%3a%2f%2ffunender.com%2fwp-content%2fuploads%2f2017%2f11%2fTop-10-Box-Office-Weekend-Movies-Report-October-27-29-2017.jpg&amp;iconimage=http%3a%2f%2fngarba.xyz%2fadds%2fyos%2fphoto10.jpg&amp;index_depth=0&amp;lang=eng&amp;mode=5&amp;name=%d7%a1%d7%a8%d7%98%d7%99%d7%9d%201&amp;page&amp;selected_list=%20&amp;url=%d7%a1%d7%a8%d7%98%d7%99%d7%9d%d7%a1%d7%a8%d7%98%d7%99%d7%9d%201&quot"/>
</include>

<include content="latestmovies">
<param name="stringid" value="10"/>
<param name="stringcompare" value="10"/>
<param name="buttonid" value="526"/>
<param name="buttonclick" value="ActivateWindow(10025,&quot;plugin://plugin.video.telemedia/?data=-1001292942479&amp;dates=%20&amp;description=%e2%9d%a4%ef%b8%8f%20%d7%91%d7%9c%d7%a2%d7%93%d7%99%20%d7%9c%d7%a7%d7%91%d7%95%d7%a6%d7%aa%20%22%20%d7%9b%d7%9c%20%d7%a1%d7%a8%d7%98%20%22%20%e2%9d%a4%ef%b8%8f%0a%0a%d7%a9%d7%9d%20%d7%94%d7%a1%d7%a8%d7%98%20%3a%20%d7%90%d7%99%d7%98%d7%9c%d7%99%d7%94%20%d7%94%d7%a7%d7%98%d7%a0%d7%94%20(2018)%0a%0a%d7%90%d7%99%d7%9b%d7%95%d7%aa%20%3a%20WEBDL%201080p%20%f0%9f%98%8d%0a%0a%d7%aa%d7%a8%d7%92%d7%95%d7%9d%20%d7%9e%d7%95%d7%91%d7%a0%d7%94%20%f0%9f%92%ad%0a%0a%d7%96%27%d7%90%d7%a0%d7%a8%20%3a%20%d7%93%d7%a8%d7%9e%d7%94.%d7%a8%d7%95%d7%9e%d7%9f.%d7%a7%d7%95%d7%9e%d7%93%d7%99%d7%94%0a%0a%d7%97%d7%99%d7%99%d7%91%20%d7%a0%d7%92%d7%9f%20%d7%aa%d7%95%d7%9e%d7%9a%20%f0%9f%8e%a5%0a%0a%d7%aa%d7%a7%d7%a6%d7%99%d7%a8%20%3a%20%f0%9f%93%8b%0a%d7%a0%d7%99%d7%a7%d7%99%20%d7%97%d7%99%d7%99%d7%91%d7%aa%20%d7%9c%d7%97%d7%96%d7%95%d7%a8%20%d7%9c%d7%a2%d7%99%d7%a8%20%d7%94%d7%95%d7%9c%d7%93%d7%aa%d7%94&amp;eng_name=%20&amp;episode=%20&amp;fanart=C%3a%2fUsers%2fneta%2fAppData%2fRoaming%2fKodi%2fuserdata%2faddon_data%2fplugin.video.telemedia%2flogo%2f-1001292942479_big.jpg&amp;fav_status=false&amp;heb_name=%20&amp;iconimage=C%3a%2fUsers%2fneta%2fAppData%2fRoaming%2fKodi%2fuserdata%2faddon_data%2fplugin.video.telemedia%2flogo%2f-1001292942479_small.jpg&amp;id=%20&amp;image_master&amp;isr=0&amp;last_id&amp;mode=31&amp;name=%5bCOLOR%20khaki%5d%d7%9b%d7%9c%20%d7%a1%d7%a8%d7%98%20-%20%d7%a2%d7%a8%d7%95%d7%a5%20%d7%94%d7%a1%d7%a8%d7%98%d7%99%d7%9d%20%f0%9f%8e%ac%5b%2fCOLOR%5d&amp;original_title=%20&amp;season=%20&amp;show_original_year=%20&amp;tmdbid=%20&amp;url=-1001292942479&quot;,return)"/>
<param name="labelname" value="כל סרט ערוץ הסרטים"/>
<param name="content" value="plugin://plugin.video.telemedia/?data=-1001292942479&amp;dates=%20&amp;description=%e2%9d%a4%ef%b8%8f%20%d7%91%d7%9c%d7%a2%d7%93%d7%99%20%d7%9c%d7%a7%d7%91%d7%95%d7%a6%d7%aa%20%22%20%d7%9b%d7%9c%20%d7%a1%d7%a8%d7%98%20%22%20%e2%9d%a4%ef%b8%8f%0a%0a%d7%a9%d7%9d%20%d7%94%d7%a1%d7%a8%d7%98%20%3a%20%d7%90%d7%99%d7%98%d7%9c%d7%99%d7%94%20%d7%94%d7%a7%d7%98%d7%a0%d7%94%20(2018)%0a%0a%d7%90%d7%99%d7%9b%d7%95%d7%aa%20%3a%20WEBDL%201080p%20%f0%9f%98%8d%0a%0a%d7%aa%d7%a8%d7%92%d7%95%d7%9d%20%d7%9e%d7%95%d7%91%d7%a0%d7%94%20%f0%9f%92%ad%0a%0a%d7%96%27%d7%90%d7%a0%d7%a8%20%3a%20%d7%93%d7%a8%d7%9e%d7%94.%d7%a8%d7%95%d7%9e%d7%9f.%d7%a7%d7%95%d7%9e%d7%93%d7%99%d7%94%0a%0a%d7%97%d7%99%d7%99%d7%91%20%d7%a0%d7%92%d7%9f%20%d7%aa%d7%95%d7%9e%d7%9a%20%f0%9f%8e%a5%0a%0a%d7%aa%d7%a7%d7%a6%d7%99%d7%a8%20%3a%20%f0%9f%93%8b%0a%d7%a0%d7%99%d7%a7%d7%99%20%d7%97%d7%99%d7%99%d7%91%d7%aa%20%d7%9c%d7%97%d7%96%d7%95%d7%a8%20%d7%9c%d7%a2%d7%99%d7%a8%20%d7%94%d7%95%d7%9c%d7%93%d7%aa%d7%94&amp;eng_name=%20&amp;episode=%20&amp;fanart=C%3a%2fUsers%2fneta%2fAppData%2fRoaming%2fKodi%2fuserdata%2faddon_data%2fplugin.video.telemedia%2flogo%2f-1001292942479_big.jpg&amp;fav_status=false&amp;heb_name=%20&amp;iconimage=C%3a%2fUsers%2fneta%2fAppData%2fRoaming%2fKodi%2fuserdata%2faddon_data%2fplugin.video.telemedia%2flogo%2f-1001292942479_small.jpg&amp;id=%20&amp;image_master&amp;isr=0&amp;last_id&amp;mode=31&amp;name=%5bCOLOR%20khaki%5d%d7%9b%d7%9c%20%d7%a1%d7%a8%d7%98%20-%20%d7%a2%d7%a8%d7%95%d7%a5%20%d7%94%d7%a1%d7%a8%d7%98%d7%99%d7%9d%20%f0%9f%8e%ac%5b%2fCOLOR%5d&amp;original_title=%20&amp;season=%20&amp;show_original_year=%20&amp;tmdbid=%20&amp;url=-1001292942479&quot"/>
</include>

<include content="latestmovies">
<param name="stringid" value="11"/>
<param name="stringcompare" value="11"/>
<param name="buttonid" value="527"/>
<param name="buttonclick" value="ActivateWindow(10025,&quot;plugin://plugin.video.telemedia/?data=-1001297415316&amp;dates=%20&amp;description=%d7%99%d7%94%d7%95%d7%93%d7%94%20%d7%a9%d7%9e%d7%a2%d7%94%20%d7%91%d7%a9%d7%9d%20%d7%94%d7%92%d7%90%d7%95%d7%9c%d7%94%20%20%20Yehuda%20Shama%20BeShem%20HaGeula%0a%0ahttps%3a%2f%2fyoutu.be%2ff8Slim0jaaA%0a%0a%22%d7%95%d7%9b%d7%91%d7%a8%20%d7%a9%d7%a0%d7%99%d7%9d%20%d7%a2%d7%9d%20%d7%9c%d7%95%d7%97%d7%9d%20%d7%91%d7%9b%d7%9c%20%d7%9b%d7%95%d7%97%d7%95%20%d7%a2%d7%9c%20%d7%94%d7%a6%d7%93%d7%a7%20%d7%a0%d7%99%d7%a6%d7%91%20%d7%91%d7%97%d7%99%d7%9c%d7%95%d7%aa%d7%99%d7%95%2c%20%d7%a0%d7%95%d7%a6%d7%a8%20%d7%9c%d7%90%d7%9c%d7%95%d7%a7%d7%99%d7%95%20%d7%90%d7%9e%d7%95%d7%a0%d7%99%d7%9d%20%d7%90%d7%91%d7%a0%d7%99%d7%9d%20%d7%90%d7%91%d7%95%d7%93%d7%95%d7%aa%20%d7%a9%d7%a4%d7%99%d7%9c%d7%a1%d7%95%20%d7%9c%d7%a0%d7%95%20%d7%93%d7%a8%d7%9a%20%d7%95%d7%90%d7%99%d7%a4%d7%94%20%d7%90%d7%a0%d7%95%20%d7%91%d7%90%d7%a0%d7%95%20%d7%9b%d7%a9%d7%a9%d7%a2%d7%a8%d7%99%20%d7%a9%d7%9e%d7%99%d7%99%d7%9d%20%d7%a0%d7%a4%d7%aa%d7%97%d7%95%20%d7%9b%d7%a9%d7%94%d7%90%d7%a8%d7%a5%20%d7%a9%d7%9e%d7%a2%d7%94%20%d7%90%d7%96%20%d7%9e%d7%9c%d7%90%20%d7%9c%d7%a9%d7%95%d7%a0%d7%95%d7%aa%20%d7%99%d7%a6%d7%99%d7%a2%20%d7%a8%d7%91%20%d7%a9%d7%9c%20%d7%9e%d7%aa%d7%97%d7%a8%d7%99%d7%9d%20%d7%99%d7%9b%d7%95%d7%9c%d7%a0%d7%95%20%d7%91%d7%a7%d7%9c%d7%95%d7%aa%20%d7%9c%d7%95%d7%9e%d7%a8%20%d7%9e%d7%99%d7%9c%d7%94%20%d7%98%d7%95%d7%91%d7%94%20%d7%9c%d7%aa%d7%aa%20%d7%97%d7%99%d7%95%d7%9a%20%d7%91%d7%a4%d7%94%20%d7%a8%d7%97%d7%91%20%d7%9c%d7%92%d7%a0%d7%95%d7%91%20%d7%90%d7%aa%20%d7%94%d7%94%d7%a6%d7%92%d7%94%20%d7%99%d7%93%d7%a2%d7%a0%d7%95%20%d7%a9%d7%94%d7%9b%d7%99%20%d7%a0%d7%9b%d7%95%d7%9f%20%d7%91%d7%a2%d7%95%d7%a6%d7%9d%20%d7%94%d7%90%d7%9e%d7%95%d7%a0%d7%94%20%d7%9c%d7%a9%d7%99%d7%a8%20%d7%90%d7%aa%20%d7%94%d7%94%d7%9e%d7%a0%d7%95%d7%9f%20%d7%94%d7%96%d7%94%20%d7%91%d7%a9%d7%9d%20%d7%94%d7%92%d7%90%d7%95%d7%9c%d7%94%20%d7%9c%d7%99%d7%a8%d7%99%d7%93%d7%95%d7%aa%20%d7%a9%d7%a2%d7%a8%d7%99%d7%9d%20%d7%90%d7%99%d7%9f%20%d7%90%d7%95%d7%9e%d7%93%d7%9f%20%d7%95%d7%a2%d7%a8%d7%9a%20%d7%9c%d7%99%d7%9e%d7%99%20%d7%92%d7%a2%d7%92%d7%95%d7%a2%d7%99%d7%9d%20%d7%9b%d7%9c%20%d7%a8%d7%92%d7%a9%d7%95%d7%aa%d7%99%d7%99%20%d7%a0%d7%a8%d7%a2%d7%93%d7%99%d7%9d%20%d7%9e%d7%9b%d7%93%d7%99%20%d7%9c%d7%a2%d7%a6%d7%95%d7%9d%20%d7%a2%d7%99%d7%a0%d7%99%d7%99%20%d7%95%d7%9c%d7%a4%d7%a7%d7%95%d7%97%20%d7%95%d7%99%d7%a9%20%d7%9c%d7%90%d7%9f%20%d7%9c%d7%91%d7%a8%d7%95%d7%97%20%d7%9e%d7%97%d7%95%d7%a5%20%d7%9c%d7%a9%d7%a2%d7%a8%20%d7%99%d7%a9%d7%a0%d7%9d%20%d7%94%d7%a8%d7%99%d7%9d%20%d7%9c%d7%94%d7%a4%d7%a8%d7%99%d7%93%20%d7%9e%d7%94%d7%9c%d7%91%20%d7%9c%d7%94%d7%a1%d7%99%d7%a8%20%d7%9e%d7%97%d7%99%d7%a6%d7%95%d7%aa%20%d7%9c%d7%a9%d7%99%d7%a8%20%d7%aa%d7%a4%d7%99%d7%9c%d7%94%20%d7%9c%d7%90%d7%9c%d7%95%d7%a7%d7%99%d7%9d%22.%20%0a%d7%9e%d7%99%d7%9c%d7%99%d7%9d%20%d7%95%d7%9c%d7%97%d7%9f%3a%20%d7%99%d7%94%d7%95%d7%93%d7%94%20%d7%a9%d7%9e%d7%a2%d7%94.%20%0a%0a%0a%0a%0a%d7%99%d7%94%d7%95%d7%93%d7%94%20%d7%a9%d7%9e%d7%a2%d7%94%20.%d7%9c%d7%94%d7%96%d7%9e%d7%a0%d7%95%d7%aa%20%d7%9c%d7%90%d7%99%d7%a8%d7%95%d7%a2%d7%99%d7%9d%20%d7%95%d7%9e%d7%95%d7%a4%d7%a2%d7%99%d7%9d%3a%200547284313%20%20%20avshidrix%40gmail.com.%20Bookings%20&amp;eng_name=%20&amp;episode=%20&amp;fanart=C%3a%2fUsers%2fneta%2fAppData%2fRoaming%2fKodi%2fuserdata%2faddon_data%2fplugin.video.telemedia%2flogo%2f-1001297415316_big.jpg&amp;fav_status=false&amp;heb_name=%20&amp;iconimage=C%3a%2fUsers%2fneta%2fAppData%2fRoaming%2fKodi%2fuserdata%2faddon_data%2fplugin.video.telemedia%2flogo%2f-1001297415316_small.jpg&amp;id=%20&amp;image_master&amp;isr=0&amp;last_id&amp;mode=31&amp;name=%5bCOLOR%20khaki%5d%f0%9f%87%b9%f0%9f%87%b7%d7%a2%d7%a8%d7%95%d7%a5%20%d7%94%d7%a1%d7%a8%d7%98%d7%99%d7%9d%20%d7%94%d7%98%d7%95%d7%a8%d7%a7%d7%99%20%f0%9f%87%b9%f0%9f%87%b7%5b%2fCOLOR%5d&amp;original_title=%20&amp;season=%20&amp;show_original_year=%20&amp;tmdbid=%20&amp;url=-1001297415316&quot;,return)"/>
<param name="labelname" value="סרטים טורקיים"/>
<param name="content" value="plugin://plugin.video.telemedia/?data=-1001297415316&amp;dates=%20&amp;description=%d7%99%d7%94%d7%95%d7%93%d7%94%20%d7%a9%d7%9e%d7%a2%d7%94%20%d7%91%d7%a9%d7%9d%20%d7%94%d7%92%d7%90%d7%95%d7%9c%d7%94%20%20%20Yehuda%20Shama%20BeShem%20HaGeula%0a%0ahttps%3a%2f%2fyoutu.be%2ff8Slim0jaaA%0a%0a%22%d7%95%d7%9b%d7%91%d7%a8%20%d7%a9%d7%a0%d7%99%d7%9d%20%d7%a2%d7%9d%20%d7%9c%d7%95%d7%97%d7%9d%20%d7%91%d7%9b%d7%9c%20%d7%9b%d7%95%d7%97%d7%95%20%d7%a2%d7%9c%20%d7%94%d7%a6%d7%93%d7%a7%20%d7%a0%d7%99%d7%a6%d7%91%20%d7%91%d7%97%d7%99%d7%9c%d7%95%d7%aa%d7%99%d7%95%2c%20%d7%a0%d7%95%d7%a6%d7%a8%20%d7%9c%d7%90%d7%9c%d7%95%d7%a7%d7%99%d7%95%20%d7%90%d7%9e%d7%95%d7%a0%d7%99%d7%9d%20%d7%90%d7%91%d7%a0%d7%99%d7%9d%20%d7%90%d7%91%d7%95%d7%93%d7%95%d7%aa%20%d7%a9%d7%a4%d7%99%d7%9c%d7%a1%d7%95%20%d7%9c%d7%a0%d7%95%20%d7%93%d7%a8%d7%9a%20%d7%95%d7%90%d7%99%d7%a4%d7%94%20%d7%90%d7%a0%d7%95%20%d7%91%d7%90%d7%a0%d7%95%20%d7%9b%d7%a9%d7%a9%d7%a2%d7%a8%d7%99%20%d7%a9%d7%9e%d7%99%d7%99%d7%9d%20%d7%a0%d7%a4%d7%aa%d7%97%d7%95%20%d7%9b%d7%a9%d7%94%d7%90%d7%a8%d7%a5%20%d7%a9%d7%9e%d7%a2%d7%94%20%d7%90%d7%96%20%d7%9e%d7%9c%d7%90%20%d7%9c%d7%a9%d7%95%d7%a0%d7%95%d7%aa%20%d7%99%d7%a6%d7%99%d7%a2%20%d7%a8%d7%91%20%d7%a9%d7%9c%20%d7%9e%d7%aa%d7%97%d7%a8%d7%99%d7%9d%20%d7%99%d7%9b%d7%95%d7%9c%d7%a0%d7%95%20%d7%91%d7%a7%d7%9c%d7%95%d7%aa%20%d7%9c%d7%95%d7%9e%d7%a8%20%d7%9e%d7%99%d7%9c%d7%94%20%d7%98%d7%95%d7%91%d7%94%20%d7%9c%d7%aa%d7%aa%20%d7%97%d7%99%d7%95%d7%9a%20%d7%91%d7%a4%d7%94%20%d7%a8%d7%97%d7%91%20%d7%9c%d7%92%d7%a0%d7%95%d7%91%20%d7%90%d7%aa%20%d7%94%d7%94%d7%a6%d7%92%d7%94%20%d7%99%d7%93%d7%a2%d7%a0%d7%95%20%d7%a9%d7%94%d7%9b%d7%99%20%d7%a0%d7%9b%d7%95%d7%9f%20%d7%91%d7%a2%d7%95%d7%a6%d7%9d%20%d7%94%d7%90%d7%9e%d7%95%d7%a0%d7%94%20%d7%9c%d7%a9%d7%99%d7%a8%20%d7%90%d7%aa%20%d7%94%d7%94%d7%9e%d7%a0%d7%95%d7%9f%20%d7%94%d7%96%d7%94%20%d7%91%d7%a9%d7%9d%20%d7%94%d7%92%d7%90%d7%95%d7%9c%d7%94%20%d7%9c%d7%99%d7%a8%d7%99%d7%93%d7%95%d7%aa%20%d7%a9%d7%a2%d7%a8%d7%99%d7%9d%20%d7%90%d7%99%d7%9f%20%d7%90%d7%95%d7%9e%d7%93%d7%9f%20%d7%95%d7%a2%d7%a8%d7%9a%20%d7%9c%d7%99%d7%9e%d7%99%20%d7%92%d7%a2%d7%92%d7%95%d7%a2%d7%99%d7%9d%20%d7%9b%d7%9c%20%d7%a8%d7%92%d7%a9%d7%95%d7%aa%d7%99%d7%99%20%d7%a0%d7%a8%d7%a2%d7%93%d7%99%d7%9d%20%d7%9e%d7%9b%d7%93%d7%99%20%d7%9c%d7%a2%d7%a6%d7%95%d7%9d%20%d7%a2%d7%99%d7%a0%d7%99%d7%99%20%d7%95%d7%9c%d7%a4%d7%a7%d7%95%d7%97%20%d7%95%d7%99%d7%a9%20%d7%9c%d7%90%d7%9f%20%d7%9c%d7%91%d7%a8%d7%95%d7%97%20%d7%9e%d7%97%d7%95%d7%a5%20%d7%9c%d7%a9%d7%a2%d7%a8%20%d7%99%d7%a9%d7%a0%d7%9d%20%d7%94%d7%a8%d7%99%d7%9d%20%d7%9c%d7%94%d7%a4%d7%a8%d7%99%d7%93%20%d7%9e%d7%94%d7%9c%d7%91%20%d7%9c%d7%94%d7%a1%d7%99%d7%a8%20%d7%9e%d7%97%d7%99%d7%a6%d7%95%d7%aa%20%d7%9c%d7%a9%d7%99%d7%a8%20%d7%aa%d7%a4%d7%99%d7%9c%d7%94%20%d7%9c%d7%90%d7%9c%d7%95%d7%a7%d7%99%d7%9d%22.%20%0a%d7%9e%d7%99%d7%9c%d7%99%d7%9d%20%d7%95%d7%9c%d7%97%d7%9f%3a%20%d7%99%d7%94%d7%95%d7%93%d7%94%20%d7%a9%d7%9e%d7%a2%d7%94.%20%0a%0a%0a%0a%0a%d7%99%d7%94%d7%95%d7%93%d7%94%20%d7%a9%d7%9e%d7%a2%d7%94%20.%d7%9c%d7%94%d7%96%d7%9e%d7%a0%d7%95%d7%aa%20%d7%9c%d7%90%d7%99%d7%a8%d7%95%d7%a2%d7%99%d7%9d%20%d7%95%d7%9e%d7%95%d7%a4%d7%a2%d7%99%d7%9d%3a%200547284313%20%20%20avshidrix%40gmail.com.%20Bookings%20&amp;eng_name=%20&amp;episode=%20&amp;fanart=C%3a%2fUsers%2fneta%2fAppData%2fRoaming%2fKodi%2fuserdata%2faddon_data%2fplugin.video.telemedia%2flogo%2f-1001297415316_big.jpg&amp;fav_status=false&amp;heb_name=%20&amp;iconimage=C%3a%2fUsers%2fneta%2fAppData%2fRoaming%2fKodi%2fuserdata%2faddon_data%2fplugin.video.telemedia%2flogo%2f-1001297415316_small.jpg&amp;id=%20&amp;image_master&amp;isr=0&amp;last_id&amp;mode=31&amp;name=%5bCOLOR%20khaki%5d%f0%9f%87%b9%f0%9f%87%b7%d7%a2%d7%a8%d7%95%d7%a5%20%d7%94%d7%a1%d7%a8%d7%98%d7%99%d7%9d%20%d7%94%d7%98%d7%95%d7%a8%d7%a7%d7%99%20%f0%9f%87%b9%f0%9f%87%b7%5b%2fCOLOR%5d&amp;original_title=%20&amp;season=%20&amp;show_original_year=%20&amp;tmdbid=%20&amp;url=-1001297415316&quot"/>
</include>

<include content="latestmovies">
<param name="stringid" value="12"/>
<param name="stringcompare" value="12"/>
<param name="buttonid" value="528"/>
<param name="buttonclick" value="ActivateWindow(10025,&quot;plugin://plugin.video.telemedia/?data=-1001075658842&amp;dates=%20&amp;description=%d7%9c%d7%95%d7%9c%d7%95%20%d7%a1%d7%a8%d7%98%d7%99%d7%9d%20-%20%40LuluSratim1%0afrom_plot&amp;eng_name=%20&amp;episode=%20&amp;fanart=C%3a%2fUsers%2fneta%2fAppData%2fRoaming%2fKodi%2fuserdata%2faddon_data%2fplugin.video.telemedia%2flogo%2f-1001075658842_big.jpg&amp;fav_status=false&amp;heb_name=%20&amp;iconimage=C%3a%2fUsers%2fneta%2fAppData%2fRoaming%2fKodi%2fuserdata%2faddon_data%2fplugin.video.telemedia%2flogo%2f-1001075658842_small.jpg&amp;id=%20&amp;image_master&amp;isr=0&amp;last_id&amp;mode=31&amp;name=%5bCOLOR%20khaki%5d%d7%9c%d7%95%d7%9c%d7%95%20%d7%a1%d7%a8%d7%98%d7%99%d7%9d%20%7e%20%d7%a1%d7%a8%d7%98%d7%99%d7%9d%5b%2fCOLOR%5d&amp;original_title=%20&amp;season=%20&amp;show_original_year=%20&amp;tmdbid=%20&amp;url=-1001075658842&quot;,return)"/>
<param name="labelname" value="לולו סרטים"/>
<param name="content" value="plugin://plugin.video.telemedia/?data=-1001075658842&amp;dates=%20&amp;description=%d7%9c%d7%95%d7%9c%d7%95%20%d7%a1%d7%a8%d7%98%d7%99%d7%9d%20-%20%40LuluSratim1%0afrom_plot&amp;eng_name=%20&amp;episode=%20&amp;fanart=C%3a%2fUsers%2fneta%2fAppData%2fRoaming%2fKodi%2fuserdata%2faddon_data%2fplugin.video.telemedia%2flogo%2f-1001075658842_big.jpg&amp;fav_status=false&amp;heb_name=%20&amp;iconimage=C%3a%2fUsers%2fneta%2fAppData%2fRoaming%2fKodi%2fuserdata%2faddon_data%2fplugin.video.telemedia%2flogo%2f-1001075658842_small.jpg&amp;id=%20&amp;image_master&amp;isr=0&amp;last_id&amp;mode=31&amp;name=%5bCOLOR%20khaki%5d%d7%9c%d7%95%d7%9c%d7%95%20%d7%a1%d7%a8%d7%98%d7%99%d7%9d%20%7e%20%d7%a1%d7%a8%d7%98%d7%99%d7%9d%5b%2fCOLOR%5d&amp;original_title=%20&amp;season=%20&amp;show_original_year=%20&amp;tmdbid=%20&amp;url=-1001075658842&quot"/>
</include>

<include content="latestmovies">
<param name="stringid" value="13"/>
<param name="stringcompare" value="13"/>
<param name="buttonid" value="529"/>
<param name="buttonclick" value="ActivateWindow(10025,&quot;plugin://plugin.video.telemedia/?data=0&amp;dates=%20&amp;description=%d7%91%d7%a8%d7%95%d7%9b%d7%99%d7%9d%20%d7%94%d7%91%d7%90%d7%99%d7%9d%20%d7%9cBeHigh.%20%f0%9f%a4%a9%0a%0a%d7%90%d7%a0%d7%95%20%d7%a9%d7%9e%d7%97%d7%99%d7%9d%20%d7%9c%d7%94%d7%a6%d7%99%d7%92%20%d7%91%d7%a4%d7%a0%d7%99%d7%9b%d7%9d%20%d7%90%d7%aa%20%d7%a2%d7%a8%d7%95%d7%a5%20%d7%a7%d7%a0%d7%99%d7%95%d7%aa%20%d7%94%d7%90%d7%95%d7%9f-%d7%9c%d7%99%d7%99%d7%9f%20%d7%a9%d7%9c%20BeHigh%20%f0%9f%92%af%0a%0a%d7%96%d7%94%d7%95%20%d7%a2%d7%a8%d7%95%d7%a5%20%d7%94%d7%9e%d7%aa%d7%a2%d7%a1%d7%a7%20%d7%a8%d7%a7%20%d7%91%d7%92%d7%99%d7%93%d7%95%d7%9c%d7%99%20%d7%91%d7%95%d7%98%d7%99%d7%a7!%0a%d7%a2%d7%9d%20%d7%9e%d7%95%d7%a0%d7%99%d7%98%d7%99%d7%9f%20%d7%a9%d7%9c%20%d7%9c%d7%9e%d7%a2%d7%9c%d7%94%20%d7%9e6%20%d7%a9%d7%a0%d7%99%d7%9d!%0a%d7%9e%d7%a1%d7%a4%d7%a7%d7%99%d7%9d%20%d7%90%d7%aa%20%d7%94%d7%a1%d7%97%d7%95%d7%a8%d7%94%20%d7%94%d7%98%d7%95%d7%91%d7%94%20%d7%95%d7%94%d7%90%d7%99%d7%9b%d7%95%d7%aa%d7%99%d7%aa%20%d7%91%d7%99%d7%95%d7%aa%d7%a8.%20%f0%9f%91%a8%e2%80%8d%f0%9f%94%ac%0a%d7%9e%d7%a9%d7%9c%d7%95%d7%97%d7%99%d7%9d%20%d7%9c%d7%9b%d7%9c%20%d7%94%d7%90%d7%a8%d7%a5%20%f0%9f%8f%8d%0a%d7%a0%d7%a1%d7%95%20%d7%90%d7%95%d7%aa%d7%a0%d7%95%20%d7%9c%d7%90%20%d7%aa%d7%aa%d7%97%d7%a8%d7%98%d7%95.%20%f0%9f%98%8e%0a%0a%d7%9c%d7%94%d7%96%d7%9e%d7%a0%d7%94%20%d7%9e%d7%94%d7%99%d7%a8%d7%94%3a%20%40Be1High%0a%0a%d7%9c%d7%a2%d7%a8%d7%95%d7%a5%20%d7%94%d7%91%d7%95%d7%98%d7%99%d7%a7%3a%0ahttps%3a%2f%2ft.me%2fjoinchat%2fAAAAAE2--dBRZ_7KvN0low%0a%d7%a6%d7%95%d7%95%d7%aa%20BeHigh%20%f0%9f%92%9a%0a%0a%d7%9c%d7%a4%d7%a8%d7%a1%d7%95%d7%9d%20%d7%9e%d7%a7%d7%a6%d7%95%d7%a2%d7%99%20%d7%91%d7%98%d7%9c%d7%92%d7%a8%d7%9d%2c%20%d7%9c%d7%97%d7%a5%20%d7%9b%d7%90%d7%9f.%20%f0%9f%91%a8%f0%9f%8f%bb%e2%80%8d%f0%9f%92%bb%0afrom_plot&amp;eng_name=%20&amp;episode=%20&amp;fanart=C%3a%5cUsers%5cneta%5cAppData%5cRoaming%5cKodi%5cuserdata%5caddon_data%5cplugin.video.telemedia%5clogo%5c-1001149173421_big.jpg&amp;fav_status=false&amp;heb_name=%20&amp;iconimage=C%3a%5cUsers%5cneta%5cAppData%5cRoaming%5cKodi%5cuserdata%5caddon_data%5cplugin.video.telemedia%5clogo%5c-1001149173421_small.jpg&amp;id=%20&amp;image_master=C%3a%5cUsers%5cneta%5cAppData%5cRoaming%5cKodi%5cuserdata%5caddon_data%5cplugin.video.telemedia%5clogo%5c-1001149173421_small.jpg%24%24%24C%3a%5cUsers%5cneta%5cAppData%5cRoaming%5cKodi%5cuserdata%5caddon_data%5cplugin.video.telemedia%5clogo%5c-1001149173421_big.jpg&amp;isr=0&amp;last_id=0%24%24%240%24%24%240%24%24%240&amp;mode=2&amp;name=%5bCOLOR%20khaki%5d%d7%a6%d7%a4%d7%99%d7%99%d7%94%20%d7%99%d7%a9%d7%99%d7%a8%d7%94%20-%20%d7%a1%d7%a8%d7%98%d7%99%d7%9d%5b%2fCOLOR%5d&amp;original_title=%d7%a6%d7%a4%d7%99%d7%99%d7%94%20%d7%99%d7%a9%d7%99%d7%a8%d7%94%20-%20%d7%a1%d7%a8%d7%98%d7%99%d7%9d&amp;season=%20&amp;show_original_year=%20&amp;tmdbid=%20&amp;url=-1001149173421&quot;,return)"/>
<param name="labelname" value="נתי צפייה ישירה"/>
<param name="content" value="plugin://plugin.video.telemedia/?data=0&amp;dates=%20&amp;description=%d7%91%d7%a8%d7%95%d7%9b%d7%99%d7%9d%20%d7%94%d7%91%d7%90%d7%99%d7%9d%20%d7%9cBeHigh.%20%f0%9f%a4%a9%0a%0a%d7%90%d7%a0%d7%95%20%d7%a9%d7%9e%d7%97%d7%99%d7%9d%20%d7%9c%d7%94%d7%a6%d7%99%d7%92%20%d7%91%d7%a4%d7%a0%d7%99%d7%9b%d7%9d%20%d7%90%d7%aa%20%d7%a2%d7%a8%d7%95%d7%a5%20%d7%a7%d7%a0%d7%99%d7%95%d7%aa%20%d7%94%d7%90%d7%95%d7%9f-%d7%9c%d7%99%d7%99%d7%9f%20%d7%a9%d7%9c%20BeHigh%20%f0%9f%92%af%0a%0a%d7%96%d7%94%d7%95%20%d7%a2%d7%a8%d7%95%d7%a5%20%d7%94%d7%9e%d7%aa%d7%a2%d7%a1%d7%a7%20%d7%a8%d7%a7%20%d7%91%d7%92%d7%99%d7%93%d7%95%d7%9c%d7%99%20%d7%91%d7%95%d7%98%d7%99%d7%a7!%0a%d7%a2%d7%9d%20%d7%9e%d7%95%d7%a0%d7%99%d7%98%d7%99%d7%9f%20%d7%a9%d7%9c%20%d7%9c%d7%9e%d7%a2%d7%9c%d7%94%20%d7%9e6%20%d7%a9%d7%a0%d7%99%d7%9d!%0a%d7%9e%d7%a1%d7%a4%d7%a7%d7%99%d7%9d%20%d7%90%d7%aa%20%d7%94%d7%a1%d7%97%d7%95%d7%a8%d7%94%20%d7%94%d7%98%d7%95%d7%91%d7%94%20%d7%95%d7%94%d7%90%d7%99%d7%9b%d7%95%d7%aa%d7%99%d7%aa%20%d7%91%d7%99%d7%95%d7%aa%d7%a8.%20%f0%9f%91%a8%e2%80%8d%f0%9f%94%ac%0a%d7%9e%d7%a9%d7%9c%d7%95%d7%97%d7%99%d7%9d%20%d7%9c%d7%9b%d7%9c%20%d7%94%d7%90%d7%a8%d7%a5%20%f0%9f%8f%8d%0a%d7%a0%d7%a1%d7%95%20%d7%90%d7%95%d7%aa%d7%a0%d7%95%20%d7%9c%d7%90%20%d7%aa%d7%aa%d7%97%d7%a8%d7%98%d7%95.%20%f0%9f%98%8e%0a%0a%d7%9c%d7%94%d7%96%d7%9e%d7%a0%d7%94%20%d7%9e%d7%94%d7%99%d7%a8%d7%94%3a%20%40Be1High%0a%0a%d7%9c%d7%a2%d7%a8%d7%95%d7%a5%20%d7%94%d7%91%d7%95%d7%98%d7%99%d7%a7%3a%0ahttps%3a%2f%2ft.me%2fjoinchat%2fAAAAAE2--dBRZ_7KvN0low%0a%d7%a6%d7%95%d7%95%d7%aa%20BeHigh%20%f0%9f%92%9a%0a%0a%d7%9c%d7%a4%d7%a8%d7%a1%d7%95%d7%9d%20%d7%9e%d7%a7%d7%a6%d7%95%d7%a2%d7%99%20%d7%91%d7%98%d7%9c%d7%92%d7%a8%d7%9d%2c%20%d7%9c%d7%97%d7%a5%20%d7%9b%d7%90%d7%9f.%20%f0%9f%91%a8%f0%9f%8f%bb%e2%80%8d%f0%9f%92%bb%0afrom_plot&amp;eng_name=%20&amp;episode=%20&amp;fanart=C%3a%5cUsers%5cneta%5cAppData%5cRoaming%5cKodi%5cuserdata%5caddon_data%5cplugin.video.telemedia%5clogo%5c-1001149173421_big.jpg&amp;fav_status=false&amp;heb_name=%20&amp;iconimage=C%3a%5cUsers%5cneta%5cAppData%5cRoaming%5cKodi%5cuserdata%5caddon_data%5cplugin.video.telemedia%5clogo%5c-1001149173421_small.jpg&amp;id=%20&amp;image_master=C%3a%5cUsers%5cneta%5cAppData%5cRoaming%5cKodi%5cuserdata%5caddon_data%5cplugin.video.telemedia%5clogo%5c-1001149173421_small.jpg%24%24%24C%3a%5cUsers%5cneta%5cAppData%5cRoaming%5cKodi%5cuserdata%5caddon_data%5cplugin.video.telemedia%5clogo%5c-1001149173421_big.jpg&amp;isr=0&amp;last_id=0%24%24%240%24%24%240%24%24%240&amp;mode=2&amp;name=%5bCOLOR%20khaki%5d%d7%a6%d7%a4%d7%99%d7%99%d7%94%20%d7%99%d7%a9%d7%99%d7%a8%d7%94%20-%20%d7%a1%d7%a8%d7%98%d7%99%d7%9d%5b%2fCOLOR%5d&amp;original_title=%d7%a6%d7%a4%d7%99%d7%99%d7%94%20%d7%99%d7%a9%d7%99%d7%a8%d7%94%20-%20%d7%a1%d7%a8%d7%98%d7%99%d7%9d&amp;season=%20&amp;show_original_year=%20&amp;tmdbid=%20&amp;url=-1001149173421&quot"/>
</include>

<include content="latestmovies">
<param name="stringid" value="15"/>
<param name="stringcompare" value="15"/>
<param name="buttonid" value="531"/>
<param name="buttonclick" value="ActivateWindow(10025,&quot;plugin://plugin.video.telemedia/?data=-1001393180164&amp;dates=%20&amp;description=%d7%9e%d7%a9%d7%99%d7%9b%d7%94%20%d7%92%d7%95%d7%a8%d7%9c%d7%99%d7%aa%202002%20%d7%aa%d7%a8%d7%92%d7%95%d7%9d%20%d7%9e%d7%95%d7%91%d7%a0%d7%94%20%d7%90%d7%99%d7%99%d7%9c%20%d7%a1%d7%a8%d7%98%d7%99%d7%9d%20%d7%97%d7%93%d7%a9%d7%99%d7%9d%20%d7%95%d7%99%d7%a9%d7%a0%d7%99%d7%9d%20%d7%90%d7%99%d7%9b%d7%95%d7%aa%20DVDRip%0afrom_plot&amp;eng_name=%20&amp;episode=%20&amp;fanart=C%3a%2fUsers%2fneta%2fAppData%2fRoaming%2fKodi%2fuserdata%2faddon_data%2fplugin.video.telemedia%2flogo%2f-1001393180164_big.jpg&amp;fav_status=false&amp;heb_name=%20&amp;iconimage=C%3a%2fUsers%2fneta%2fAppData%2fRoaming%2fKodi%2fuserdata%2faddon_data%2fplugin.video.telemedia%2flogo%2f-1001393180164_small.jpg&amp;id=%20&amp;image_master&amp;isr=0&amp;last_id&amp;mode=31&amp;name=%5bCOLOR%20khaki%5d%d7%90%d7%99%d7%99%d7%9c%20%d7%a1%d7%a8%d7%98%d7%99%d7%9d%20%d7%97%d7%93%d7%a9%d7%99%d7%9d%20%d7%95%d7%99%d7%a9%d7%a0%d7%99%d7%9d%5b%2fCOLOR%5d&amp;original_title=%20&amp;season=%20&amp;show_original_year=%20&amp;tmdbid=%20&amp;url=-1001393180164&quot;,return)"/>
<param name="labelname" value="אייל סרטים"/>
<param name="content" value="plugin://plugin.video.telemedia/?data=-1001393180164&amp;dates=%20&amp;description=%d7%9e%d7%a9%d7%99%d7%9b%d7%94%20%d7%92%d7%95%d7%a8%d7%9c%d7%99%d7%aa%202002%20%d7%aa%d7%a8%d7%92%d7%95%d7%9d%20%d7%9e%d7%95%d7%91%d7%a0%d7%94%20%d7%90%d7%99%d7%99%d7%9c%20%d7%a1%d7%a8%d7%98%d7%99%d7%9d%20%d7%97%d7%93%d7%a9%d7%99%d7%9d%20%d7%95%d7%99%d7%a9%d7%a0%d7%99%d7%9d%20%d7%90%d7%99%d7%9b%d7%95%d7%aa%20DVDRip%0afrom_plot&amp;eng_name=%20&amp;episode=%20&amp;fanart=C%3a%2fUsers%2fneta%2fAppData%2fRoaming%2fKodi%2fuserdata%2faddon_data%2fplugin.video.telemedia%2flogo%2f-1001393180164_big.jpg&amp;fav_status=false&amp;heb_name=%20&amp;iconimage=C%3a%2fUsers%2fneta%2fAppData%2fRoaming%2fKodi%2fuserdata%2faddon_data%2fplugin.video.telemedia%2flogo%2f-1001393180164_small.jpg&amp;id=%20&amp;image_master&amp;isr=0&amp;last_id&amp;mode=31&amp;name=%5bCOLOR%20khaki%5d%d7%90%d7%99%d7%99%d7%9c%20%d7%a1%d7%a8%d7%98%d7%99%d7%9d%20%d7%97%d7%93%d7%a9%d7%99%d7%9d%20%d7%95%d7%99%d7%a9%d7%a0%d7%99%d7%9d%5b%2fCOLOR%5d&amp;original_title=%20&amp;season=%20&amp;show_original_year=%20&amp;tmdbid=%20&amp;url=-1001393180164&quot"/>
</include>

<include content="latestmovies">
<param name="stringid" value="16"/>
<param name="stringcompare" value="16"/>
<param name="buttonid" value="532"/>
<param name="buttonclick" value="ActivateWindow(10025,&quot;plugin://plugin.video.telemedia/?data=0&amp;dates=%20&amp;description=Behind%20the%20trees%20(2019)%20%d7%9e%d7%90%d7%97%d7%95%d7%a8%d7%99%20%d7%94%d7%a2%d7%a6%d7%99%d7%9d%0a%0a%d7%a6%d7%a4%d7%99%d7%99%d7%94%20%d7%99%d7%a9%d7%99%d7%a8%d7%94%20%e2%80%94%e2%80%94%e2%80%94%e2%80%94%e2%80%94%e2%80%94%e2%80%94%20%d7%aa%d7%a8%d7%92%d7%95%d7%9d%20%d7%9e%d7%95%d7%91%d7%a0%d7%94%0a%0a%d7%9c%d7%a7%d7%91%d7%95%d7%a6%d7%aa%20%d7%a2%d7%95%d7%9c%d7%9d%20%d7%94%d7%a1%d7%a8%d7%98%d7%99%d7%9d-%20https%3a%2f%2ft.me%2fmoviespot23%0a%0a%d7%9c%d7%a7%d7%91%d7%95%d7%a6%d7%aa%20%d7%a9%d7%99%d7%a8%d7%95%d7%aa%20%d7%9c%d7%a7%d7%95%d7%97%d7%95%d7%aa-%20t.me%2fsratimosdarot23%0a%0a%d7%9c%d7%a2%d7%a8%d7%95%d7%a5%20%d7%9e%d7%a8%d7%9b%d7%96%d7%99-%20https%3a%2f%2ft.me%2farootzsratim%0afrom_plot&amp;eng_name=%20&amp;episode=%20&amp;fanart=C%3a%5cUsers%5cneta%5cAppData%5cRoaming%5cKodi%5cuserdata%5caddon_data%5cplugin.video.telemedia%5clogo%5c-1001153742262_big.jpg&amp;fav_status=false&amp;heb_name=%20&amp;iconimage=C%3a%5cUsers%5cneta%5cAppData%5cRoaming%5cKodi%5cuserdata%5caddon_data%5cplugin.video.telemedia%5clogo%5c-1001153742262_small.jpg&amp;id=%20&amp;image_master=C%3a%5cUsers%5cneta%5cAppData%5cRoaming%5cKodi%5cuserdata%5caddon_data%5cplugin.video.telemedia%5clogo%5c-1001153742262_small.jpg%24%24%24C%3a%5cUsers%5cneta%5cAppData%5cRoaming%5cKodi%5cuserdata%5caddon_data%5cplugin.video.telemedia%5clogo%5c-1001153742262_big.jpg&amp;isr=0&amp;last_id=0%24%24%240%24%24%240%24%24%240&amp;mode=2&amp;name=%5bCOLOR%20khaki%5d%d7%a2%d7%95%d7%9c%d7%9d%20%d7%94%d7%a1%d7%a8%d7%98%d7%99%d7%9d%20%7b%d7%a6%d7%a4%d7%99%d7%99%d7%94%20%d7%99%d7%a9%d7%99%d7%a8%d7%94%7d%20%f0%9f%8e%a5%5b%2fCOLOR%5d&amp;original_title=%d7%a2%d7%95%d7%9c%d7%9d%20%d7%94%d7%a1%d7%a8%d7%98%d7%99%d7%9d%20%7b%d7%a6%d7%a4%d7%99%d7%99%d7%94%20%d7%99%d7%a9%d7%99%d7%a8%d7%94%7d%20%f0%9f%8e%a5&amp;season=%20&amp;show_original_year=%20&amp;tmdbid=%20&amp;url=-1001153742262&quot;,return)"/>
<param name="labelname" value="עולם הסרטים"/>
<param name="content" value="plugin://plugin.video.telemedia/?data=0&amp;dates=%20&amp;description=Behind%20the%20trees%20(2019)%20%d7%9e%d7%90%d7%97%d7%95%d7%a8%d7%99%20%d7%94%d7%a2%d7%a6%d7%99%d7%9d%0a%0a%d7%a6%d7%a4%d7%99%d7%99%d7%94%20%d7%99%d7%a9%d7%99%d7%a8%d7%94%20%e2%80%94%e2%80%94%e2%80%94%e2%80%94%e2%80%94%e2%80%94%e2%80%94%20%d7%aa%d7%a8%d7%92%d7%95%d7%9d%20%d7%9e%d7%95%d7%91%d7%a0%d7%94%0a%0a%d7%9c%d7%a7%d7%91%d7%95%d7%a6%d7%aa%20%d7%a2%d7%95%d7%9c%d7%9d%20%d7%94%d7%a1%d7%a8%d7%98%d7%99%d7%9d-%20https%3a%2f%2ft.me%2fmoviespot23%0a%0a%d7%9c%d7%a7%d7%91%d7%95%d7%a6%d7%aa%20%d7%a9%d7%99%d7%a8%d7%95%d7%aa%20%d7%9c%d7%a7%d7%95%d7%97%d7%95%d7%aa-%20t.me%2fsratimosdarot23%0a%0a%d7%9c%d7%a2%d7%a8%d7%95%d7%a5%20%d7%9e%d7%a8%d7%9b%d7%96%d7%99-%20https%3a%2f%2ft.me%2farootzsratim%0afrom_plot&amp;eng_name=%20&amp;episode=%20&amp;fanart=C%3a%5cUsers%5cneta%5cAppData%5cRoaming%5cKodi%5cuserdata%5caddon_data%5cplugin.video.telemedia%5clogo%5c-1001153742262_big.jpg&amp;fav_status=false&amp;heb_name=%20&amp;iconimage=C%3a%5cUsers%5cneta%5cAppData%5cRoaming%5cKodi%5cuserdata%5caddon_data%5cplugin.video.telemedia%5clogo%5c-1001153742262_small.jpg&amp;id=%20&amp;image_master=C%3a%5cUsers%5cneta%5cAppData%5cRoaming%5cKodi%5cuserdata%5caddon_data%5cplugin.video.telemedia%5clogo%5c-1001153742262_small.jpg%24%24%24C%3a%5cUsers%5cneta%5cAppData%5cRoaming%5cKodi%5cuserdata%5caddon_data%5cplugin.video.telemedia%5clogo%5c-1001153742262_big.jpg&amp;isr=0&amp;last_id=0%24%24%240%24%24%240%24%24%240&amp;mode=2&amp;name=%5bCOLOR%20khaki%5d%d7%a2%d7%95%d7%9c%d7%9d%20%d7%94%d7%a1%d7%a8%d7%98%d7%99%d7%9d%20%7b%d7%a6%d7%a4%d7%99%d7%99%d7%94%20%d7%99%d7%a9%d7%99%d7%a8%d7%94%7d%20%f0%9f%8e%a5%5b%2fCOLOR%5d&amp;original_title=%d7%a2%d7%95%d7%9c%d7%9d%20%d7%94%d7%a1%d7%a8%d7%98%d7%99%d7%9d%20%7b%d7%a6%d7%a4%d7%99%d7%99%d7%94%20%d7%99%d7%a9%d7%99%d7%a8%d7%94%7d%20%f0%9f%8e%a5&amp;season=%20&amp;show_original_year=%20&amp;tmdbid=%20&amp;url=-1001153742262&quot"/>
</include>

<control type="grouplist" id="2164">
<posx>660</posx>
<posy>375</posy>
<width>500</width>
<height>700</height>
<orientation>vertical</orientation>
<itemgap>25</itemgap>
<control type="button" id="18">
<posx>0</posx>
<posy>0</posy>
<width>280</width>
<height>40</height>
<texturefocus border="4,4,4,4">special://skin/extras/views/default_button_fo.png</texturefocus>
<label>צי'קו סרטים אחרונים</label>
<onclick>setfocus(2)</onclick>
<onleft>2</onleft>
<onfocus>Skin.SetString(Section,2)</onfocus>
</control>
<control type="button" id="19">
<posx>0</posx>
<posy>0</posy>
<width>280</width>
<height>40</height>
<texturefocus border="4,4,4,4">special://skin/extras/views/default_button_fo.png</texturefocus>
<label>סרטים אחרונים</label>
<onclick>setfocus(3)</onclick>
<onleft>3</onleft>
<onfocus>Skin.SetString(Section,3)</onfocus>
</control>
<control type="button" id="20">
<posx>0</posx>
<posy>0</posy>
<width>280</width>
<height>40</height>
<texturefocus border="4,4,4,4">special://skin/extras/views/default_button_fo.png</texturefocus>
<label>גוסט סרטים אחרונים</label>
<onclick>setfocus(4)</onclick>
<onleft>4</onleft>
<onfocus>Skin.SetString(Section,4)</onfocus>
</control>
<control type="button" id="21">
<posx>0</posx>
<posy>0</posy>
<width>280</width>
<height>40</height>
<texturefocus border="4,4,4,4">special://skin/extras/views/default_button_fo.png</texturefocus>
<label>דב סרטים - ערוץ הסרטים</label>
<onclick>setfocus(5)</onclick>
<onleft>5</onleft>
<onfocus>Skin.SetString(Section,5)</onfocus>
</control>
<control type="button" id="22">
<posx>0</posx>
<posy>0</posy>
<width>280</width>
<height>40</height>
<textoffsetx>25</textoffsetx>
<texturefocus border="4,4,4,4">special://skin/extras/views/default_button_fo.png</texturefocus>
<label>נתי מדיה ערוץ הסרטים</label>
<onleft>6</onleft>
<onclick>setfocus(6)</onclick>
<onfocus>Skin.SetString(Section,6)</onfocus>
</control>
<control type="button" id="23">
<posx>0</posx>
<posy>0</posy>
<width>280</width>
<height>40</height>
<texturefocus border="4,4,4,4">special://skin/extras/views/default_button_fo.png</texturefocus>
<label>חננאל ערוץ הסרטים</label>
<onleft>7</onleft>
<onclick>setfocus(7)</onclick>
<onfocus>Skin.SetString(Section,7)</onfocus>
</control>
<control type="button" id="24">
<posx>0</posx>
<posy>0</posy>
<width>280</width>
<height>40</height>
<texturefocus border="4,4,4,4">special://skin/extras/views/default_button_fo.png</texturefocus>
<label>גוסט סרטים אחרונים</label>
<onleft>8</onleft>
<onclick>setfocus(8)</onclick>
<onfocus>Skin.SetString(Section,8)</onfocus>
</control>
<control type="button" id="26">
<posx>0</posx>
<posy>0</posy>
<width>280</width>
<height>40</height>
<texturefocus border="4,4,4,4">special://skin/extras/views/default_button_fo.png</texturefocus>
<label>כל סרט ערוץ הסרטים</label>
<onleft>10</onleft>
<onclick>setfocus(10)</onclick>
<onfocus>Skin.SetString(Section,10)</onfocus>
</control>
<control type="button" id="27">
<posx>0</posx>
<posy>0</posy>
<width>280</width>
<height>40</height>
<texturefocus border="4,4,4,4">special://skin/extras/views/default_button_fo.png</texturefocus>
<label>סרטים טורקיים</label>
<onleft>11</onleft>
<onclick>setfocus(11)</onclick>
<onfocus>Skin.SetString(Section,11)</onfocus>
</control>
<control type="button" id="28">
<posx>0</posx>
<posy>0</posy>
<width>280</width>
<height>40</height>
<texturefocus border="4,4,4,4">special://skin/extras/views/default_button_fo.png</texturefocus>
<label>לולו סרטים</label>
<onleft>12</onleft>
<onclick>setfocus(12)</onclick>
<onfocus>Skin.SetString(Section,12)</onfocus>
</control>
<control type="button" id="29">
<posx>0</posx>
<posy>0</posy>
<width>280</width>
<height>40</height>
<texturefocus border="4,4,4,4">special://skin/extras/views/default_button_fo.png</texturefocus>
<label>נתי צפייה ישירה</label>
<onleft>13</onleft>
<onclick>setfocus(13)</onclick>
<onfocus>Skin.SetString(Section,13)</onfocus>
</control>
<!--<control type="button" id="30">
<posx>0</posx>
<posy>0</posy>
<width>280</width>
<height>40</height>
<texturefocus border="4,4,4,4">special://skin/extras/views/default_button_fo.png</texturefocus>
<label>סרטים בשפות שונות</label>
<onleft>14</onleft>
<onclick>setfocus(14)</onclick>
<onfocus>Skin.SetString(Section,14)</onfocus>
</control>-->
<control type="button" id="31">
<posx>0</posx>
<posy>0</posy>
<width>280</width>
<height>40</height>
<texturefocus border="4,4,4,4">special://skin/extras/views/default_button_fo.png</texturefocus>
<label>אייל סרטים</label>
<onleft>15</onleft>
<onclick>setfocus(15)</onclick>
<onfocus>Skin.SetString(Section,15)</onfocus>
</control>
<control type="button" id="32">
<posx>0</posx>
<posy>0</posy>
<width>280</width>
<height>40</height>
<texturefocus border="4,4,4,4">special://skin/extras/views/default_button_fo.png</texturefocus>
<label>עולם הסרטים</label>
<onleft>16</onleft>
<onclick>setfocus(16)</onclick>
<onfocus>Skin.SetString(Section,16)</onfocus>
</control>
</control>
</control>

<control type="image">
<posx>938</posx>
<posy>320</posy>
<width>283</width>
<height>40</height>
<texture diffuse="special://skin/extras/diffuse/fanart_diffuse.png" colordiffuse="gray">special://skin/extras/diffuse/fanart_diffuse.png</texture>
</control>
<control type="label">
<posx>1000</posx>
<posy>320</posy>
<width>250</width>
<height>200</height>
<textcolor>white</textcolor>
<shadowcolor>black</shadowcolor>
<label>[B]תפריט ראשי[/B]</label>
</control>

</controls>
</window>
