<?xml version="1.0" encoding="UTF-8"?>
<!-- kids -->
<window id="6700" type="dialog">
    <defaultcontrol always="true">194</defaultcontrol>
    	<onload>ClearProperty(quicknavsetup,home)</onload>
	<onunload>ClearProperty(quicknavsetup,home)</onunload>	

  <controls>

<control type="image">
<posx>0</posx>
<posy>0</posy>
<width>1920</width>
<height>1080</height>
<texture>special://skin/extras/specialbuttons/background.jpg</texture>
</control>





<include content="extrasmovies">
<param name="compareextrasid" value="4"/>
<param name="idlist" value="4"/>
<param name="buttonid" value="194"/>
<param name="supercontent" value="plugin://plugin.video.telemedia/?data=-1001361476936&amp;dates=%20&amp;description=%0afrom_plot&amp;eng_name=%20&amp;episode=%20&amp;fanart&amp;fav_status=false&amp;heb_name=%20&amp;iconimage&amp;id=%20&amp;image_master&amp;isr=0&amp;last_id&amp;mode=31&amp;name=%5bCOLOR%20khaki%5d%d7%9e%d7%9b%d7%a8%d7%94%20%d7%a1%d7%a8%d7%98%d7%99%d7%9d%207%5b%2fCOLOR%5d&amp;original_title=%20&amp;season=%20&amp;show_original_year=%20&amp;tmdbid=%20&amp;url=-1001361476936&quot"/>
</include>


<include content="extrasmovies">
<param name="compareextrasid" value="5"/>
<param name="idlist" value="5"/>
<param name="buttonid" value="195"/>
<param name="supercontent" value="plugin://plugin.video.telemedia/?data=-1001414565880&amp;dates=%20&amp;description=%0afrom_plot&amp;eng_name=%20&amp;episode=%20&amp;fanart&amp;fav_status=false&amp;heb_name=%20&amp;iconimage&amp;id=%20&amp;image_master&amp;isr=0&amp;last_id&amp;mode=31&amp;name=%5bCOLOR%20khaki%5d%d7%9e%d7%9b%d7%a8%d7%94%20%d7%a1%d7%a8%d7%98%d7%99%d7%9d%208%5b%2fCOLOR%5d&amp;original_title=%20&amp;season=%20&amp;show_original_year=%20&amp;tmdbid=%20&amp;url=-1001414565880&quot"/>
</include>

<include content="extrasmovies">
<param name="compareextrasid" value="6"/>
<param name="idlist" value="6"/>
<param name="buttonid" value="196"/>
<param name="supercontent" value="plugin://plugin.video.telemedia/?data=-1001372976600&amp;dates=%20&amp;description=%22%d7%90%d7%9c%d7%99%d7%99%d7%96%d7%94%20%d7%a9%d7%9c%d7%96%d7%99%d7%a0%d7%92%d7%a8%3a%20%d7%91%d7%aa%20%d7%9e%d7%99%d7%9c%d7%a0%d7%99%d7%95%d7%9d%20%d7%9e%d7%91%d7%95%d7%92%d7%a8%d7%aa%22%20-%202018%0aIliza%20Shlesinger%3a%20Elder%20Millennial%0a%0a%d7%90%d7%99%d7%9b%d7%95%d7%aa%3a%201080p%20WEB-DL.%20%f0%9f%98%87%0a%d7%aa%d7%a8%d7%92%d7%95%d7%9d%20%d7%9e%d7%95%d7%91%d7%a0%d7%94.%20%f0%9f%92%ac%0a%d7%93%d7%99%d7%a8%d7%95%d7%92%20IMDb%20%d7%9c%d7%a1%d7%a8%d7%98%3a%207.2%20%e2%ad%90%ef%b8%8f%0a%d7%96%27%d7%90%d7%a0%d7%a8%3a%20%23%d7%a7%d7%95%d7%9e%d7%93%d7%99%d7%94%0a%0a%f0%9f%93%9d%d7%aa%d7%a7%d7%a6%d7%99%d7%a8%3a%0a%d7%94%d7%a7%d7%95%d7%9e%d7%99%d7%a7%d7%90%d7%99%d7%aa%20%d7%95%d7%94%d7%9e%d7%90%d7%95%d7%a8%d7%a1%d7%aa%20%d7%94%d7%98%d7%a8%d7%99%d7%99%d7%94%20%d7%90%d7%9c%d7%99%d7%99%d7%96%d7%94%20%d7%a9%d7%9c%d7%96%d7%99%d7%a0%d7%92%d7%a8%20%d7%9e%d7%aa%d7%90%d7%a8%d7%aa%20%d7%90%d7%99%d7%9a%20%d7%a0%d7%a8%d7%90%d7%99%d7%9d%20%d7%91%d7%90%d7%9e%d7%aa%20%d7%94%d7%97%d7%99%d7%99%d7%9d%20%d7%91%d7%92%d7%99%d7%9c%2035&amp;eng_name=%20&amp;episode=%20&amp;fanart&amp;fav_status=false&amp;heb_name=%20&amp;iconimage&amp;id=%20&amp;image_master&amp;isr=0&amp;last_id&amp;mode=31&amp;name=%5bCOLOR%20khaki%5d%d7%9e%d7%9b%d7%a8%d7%94%20%d7%a1%d7%a8%d7%98%d7%99%d7%9d%209%5b%2fCOLOR%5d&amp;original_title=%20&amp;season=%20&amp;show_original_year=%20&amp;tmdbid=%20&amp;url=-1001372976600&quot"/>
</include>

<include content="extrasmovies">
<param name="compareextrasid" value="7"/>
<param name="idlist" value="7"/>
<param name="buttonid" value="197"/>
<param name="supercontent" value="plugin://plugin.video.telemedia/?data=-1001385854135&amp;dates=%20&amp;description=%0afrom_plot&amp;eng_name=%20&amp;episode=%20&amp;fanart&amp;fav_status=false&amp;heb_name=%20&amp;iconimage&amp;id=%20&amp;image_master&amp;isr=0&amp;last_id&amp;mode=31&amp;name=%5bCOLOR%20khaki%5d%d7%9e%d7%9b%d7%a8%d7%94%20%d7%a1%d7%a8%d7%98%d7%99%d7%9d%2010%5b%2fCOLOR%5d&amp;original_title=%20&amp;season=%20&amp;show_original_year=%20&amp;tmdbid=%20&amp;url=-1001385854135&quot"/>
</include>

<include content="extrasmovies">
<param name="compareextrasid" value="8"/>
<param name="idlist" value="8"/>
<param name="buttonid" value="198"/>
<param name="supercontent" value="plugin://plugin.video.telemedia/?data=-1001497115791&amp;dates=%20&amp;description=%40he_media_bot%0afrom_plot&amp;eng_name=%20&amp;episode=%20&amp;fanart&amp;fav_status=false&amp;heb_name=%20&amp;iconimage&amp;id=%20&amp;image_master&amp;isr=0&amp;last_id&amp;mode=31&amp;name=%5bCOLOR%20khaki%5d%d7%9e%d7%9b%d7%a8%d7%94%20%d7%a1%d7%a8%d7%98%d7%99%d7%9d%2011%5b%2fCOLOR%5d&amp;original_title=%20&amp;season=%20&amp;show_original_year=%20&amp;tmdbid=%20&amp;url=-1001497115791&quot"/>
</include>


<include content="extrasmovies">
<param name="compareextrasid" value="9"/>
<param name="idlist" value="9"/>
<param name="buttonid" value="199"/>
<param name="supercontent" value="plugin://plugin.video.telemedia/?data=-1001461530805&amp;dates=%20&amp;description=%0afrom_plot&amp;eng_name=%20&amp;episode=%20&amp;fanart&amp;fav_status=false&amp;heb_name=%20&amp;iconimage&amp;id=%20&amp;image_master&amp;isr=0&amp;last_id&amp;mode=31&amp;name=%5bCOLOR%20khaki%5d%d7%9e%d7%9b%d7%a8%d7%94%20%d7%a1%d7%a8%d7%98%d7%99%d7%9d%2012%5b%2fCOLOR%5d&amp;original_title=%20&amp;season=%20&amp;show_original_year=%20&amp;tmdbid=%20&amp;url=-1001461530805&quot"/>
</include>

					<control type="grouplist" id="2164">
					<posx>-40</posx>
					<posy>890</posy>
					<width>2100</width>
					<height>300</height>
					<itemgap>-85</itemgap>
					<orientation>horizontal</orientation>
					<control type="button" id="194">
					<animation effect="zoom" center="auto" start="100,100" end="110,110" time="250">Focus</animation>
					<posx>-50</posx>
					<posy>890</posy>
					<texturefocus>special://skin/extras/specialbuttons/movies7.png</texturefocus>
					<texturenofocus>special://skin/extras/specialbuttons/movies7.png</texturenofocus>
					<width>409</width>
					<height>256</height>
					<onup>4</onup>
					<onfocus>Skin.SetString(Section,4)</onfocus>
				</control>	
					<control type="button" id="195">
					<animation effect="zoom" center="auto" start="100,100" end="110,110" time="250">Focus</animation>
					<posx>0</posx>
					<posy>0</posy>
					<texturefocus>special://skin/extras/specialbuttons/movies8.png</texturefocus>
					<texturenofocus>special://skin/extras/specialbuttons/movies8.png</texturenofocus>
					<width>409</width>
					<height>256</height>
					<onup>5</onup>
					<onfocus>Skin.SetString(Section,5)</onfocus>
				</control>				
					<control type="button" id="196">
					<animation effect="zoom" center="auto" start="100,100" end="110,110" time="250">Focus</animation>
					<posx>0</posx>
					<posy>0</posy>
					<texturefocus>special://skin/extras/specialbuttons/movies9.png</texturefocus>
					<texturenofocus>special://skin/extras/specialbuttons/movies9.png</texturenofocus>
					<width>409</width>
					<height>256</height>
					<onup>6</onup>
					<onfocus>Skin.SetString(Section,6)</onfocus>
				</control>	
					<control type="button" id="197">
					<animation effect="zoom" center="auto" start="100,100" end="110,110" time="250">Focus</animation>
					<posx>0</posx>
					<posy>0</posy>
					<texturefocus>special://skin/extras/specialbuttons/moives10.png</texturefocus>
					<texturenofocus>special://skin/extras/specialbuttons/moives10.png</texturenofocus>
					<width>409</width>
					<height>256</height>
					<onup>7</onup>
					<onfocus>Skin.SetString(Section,7)</onfocus>
				</control>		
				<control type="button" id="198">
					<animation effect="zoom" center="auto" start="100,100" end="110,110" time="250">Focus</animation>
					<posx>0</posx>
					<posy>0</posy>
					<texturefocus>special://skin/extras/specialbuttons/movies11.png</texturefocus>
					<texturenofocus>special://skin/extras/specialbuttons/movies11.png</texturenofocus>
					<width>409</width>
					<height>256</height>
					<onup>8</onup>
					<onfocus>Skin.SetString(Section,8)</onfocus>
				</control>	
				<control type="button" id="199">
					<animation effect="zoom" center="auto" start="100,100" end="110,110" time="250">Focus</animation>
					<posx>0</posx>
					<posy>0</posy>
					<texturefocus>special://skin/extras/specialbuttons/movies12.png</texturefocus>
					<texturenofocus>special://skin/extras/specialbuttons/movies12.png</texturenofocus>
					<width>409</width>
					<height>256</height>
					<onup>9</onup>
					<onfocus>Skin.SetString(Section,9)</onfocus>
				</control>	
				</control>				
		
   </controls>
</window>
