<?xml version="1.0" encoding="UTF-8"?>
<!-- Foundation -->
<window id="6669" type="dialog">
    <defaultcontrol always="true">2164</defaultcontrol>
    	<onload>ClearProperty(quicknavsetup,home)</onload>
		<onload>Dialog.Close(6671)</onload>
		<onload>Dialog.Close(6675)</onload>
		<onunload>ClearProperty(quicknavsetup,home)</onunload>

<controls>

<control type="image">
<posx>0</posx>
<posy>0</posy>
<width>1920</width>
<height>1080</height>
<texture>black.png</texture>
</control>

<!--מכרה סרטים 18-->
<include content="extramovieswidgets">
<param name="widgetposx" value="255" />
<param name="widgetposy" value="535" />
<param name="focusposx" value="255" />
<param name="focusposy" value="550" />
<param name="stringid" value="4" />
<param name="compareid" value="4" />
<param name="stringondown" value="5" />
<param name="infoidfocus" value="Control.IsVisible(4) | Control.HasFocus(4)" />
<param name="infoidnofocus" value="!Control.HasFocus(5)" />
<param name="content" value="plugin://plugin.video.telemedia/?data=-1001399388846&amp;dates=%20&amp;description=%22%d7%a7%d7%97%20%d7%90%d7%95%d7%aa%d7%99%20%d7%94%d7%91%d7%99%d7%aa%d7%94%20%d7%94%d7%9c%d7%99%d7%9c%d7%94%22%20-%202011%0aTake%20Me%20Home%20Tonight%0a%0a%d7%90%d7%99%d7%9b%d7%95%d7%aa%3a%20720p%20BluRay.%20%f0%9f%98%8d%0a%d7%aa%d7%a8%d7%92%d7%95%d7%9d%20%d7%9e%d7%95%d7%91%d7%a0%d7%94.%20%f0%9f%92%ac%0a%d7%93%d7%99%d7%a8%d7%95%d7%92%20IMDb%20%d7%9c%d7%a1%d7%a8%d7%98%3a%206.3%20%e2%ad%90%ef%b8%8f%0a%d7%96%27%d7%90%d7%a0%d7%a8%3a%20%23%d7%93%d7%a8%d7%9e%d7%94%20%23%d7%a8%d7%95%d7%9e%d7%a0%d7%98%d7%99%d7%a7%d7%94%20%23%d7%a7%d7%95%d7%9e%d7%93%d7%99%d7%94%0a%0a%f0%9f%93%9d%20%d7%aa%d7%a7%d7%a6%d7%99%d7%a8%3a%0a%d7%a1%d7%a8%d7%98%20%d7%a7%d7%95%d7%9e%d7%93%d7%99%d7%94%20%d7%a2%d7%9c%20%d7%a9%d7%a0%d7%95%d7%aa%20%d7%94-80%20%d7%95%d7%9e%d7%aa%d7%a8%d7%97%d7%a9%20%d7%91%201988.%20%d7%94%d7%a1%d7%a8%d7%98%20%d7%a2%d7%95%d7%a7%d7%91%20%d7%90%d7%97%d7%a8%20%d7%9e%d7%a2%d7%a9%d7%99%d7%94%d7%9d%20%d7%a9%d7%9c%20%d7%91%d7%95%d7%92%d7%a8%20%d7%a7%d7%95%d7%9c%d7%92%27%20%d7%98%d7%a8%d7%99%20%d7%91%d7%a9%d7%9d%20%d7%9e%d7%90%d7%98%20%d7%a4%d7%a8%d7%a0%d7%a7%d7%9c%d7%99%d7%9f%20(%d7%98%d7%95%d7%a4%d7%a8%20%d7%92%d7%a8%d7%99%d7%99%d7%a1%2c%20%22%d7%9e%d7%95%d7%a4%d7%a2%20%d7%a9%d7%a0%d7%95%d7%aa%20%d7%9470%22)&amp;eng_name=%20&amp;episode=%20&amp;fanart&amp;fav_status=false&amp;heb_name=%20&amp;iconimage&amp;id=%20&amp;image_master&amp;isr=0&amp;last_id&amp;mode=31&amp;name=%5bCOLOR%20khaki%5d%d7%a1%d7%a8%d7%98%d7%99%d7%9d%20%d7%a8%d7%95%d7%9e%d7%a0%d7%98%d7%99%d7%99%d7%9d%20%d7%9e%d7%a9%d7%a4%d7%97%d7%94%20%d7%93%d7%a8%d7%9e%d7%94%5b%2fCOLOR%5d&amp;original_title=%20&amp;season=%20&amp;show_original_year=%20&amp;tmdbid=%20&amp;url=-1001399388846&quot" />
</include>

<!--סרטים קומדיה-->
<include content="extramovieswidgets">
<param name="widgetposx" value="255" />
<param name="widgetposy" value="825" />
<param name="focusposx" value="255" />
<param name="focusposy" value="840" />
<param name="stringid" value="5" />
<param name="compareid" value="4" />
<param name="stringonup" value="4" />
<param name="infoidfocus" value="Control.HasFocus(5)" />
<param name="infoidnofocus" value="!Control.HasFocus(4)" />
<param name="content" value="plugin://plugin.video.telemedia/?data=-1001227376145&amp;dates=%20&amp;description=%22%d7%a7%d7%97%20%d7%90%d7%95%d7%aa%d7%99%20%d7%94%d7%91%d7%99%d7%aa%d7%94%20%d7%94%d7%9c%d7%99%d7%9c%d7%94%22%20-%202011%0aTake%20Me%20Home%20Tonight%0a%0a%d7%90%d7%99%d7%9b%d7%95%d7%aa%3a%20720p%20BluRay.%20%f0%9f%98%8d%0a%d7%aa%d7%a8%d7%92%d7%95%d7%9d%20%d7%9e%d7%95%d7%91%d7%a0%d7%94.%20%f0%9f%92%ac%0a%d7%93%d7%99%d7%a8%d7%95%d7%92%20IMDb%20%d7%9c%d7%a1%d7%a8%d7%98%3a%206.3%20%e2%ad%90%ef%b8%8f%0a%d7%96%27%d7%90%d7%a0%d7%a8%3a%20%23%d7%93%d7%a8%d7%9e%d7%94%20%23%d7%a8%d7%95%d7%9e%d7%a0%d7%98%d7%99%d7%a7%d7%94%20%23%d7%a7%d7%95%d7%9e%d7%93%d7%99%d7%94%0a%0a%f0%9f%93%9d%20%d7%aa%d7%a7%d7%a6%d7%99%d7%a8%3a%0a%d7%a1%d7%a8%d7%98%20%d7%a7%d7%95%d7%9e%d7%93%d7%99%d7%94%20%d7%a2%d7%9c%20%d7%a9%d7%a0%d7%95%d7%aa%20%d7%94-80%20%d7%95%d7%9e%d7%aa%d7%a8%d7%97%d7%a9%20%d7%91%201988.%20%d7%94%d7%a1%d7%a8%d7%98%20%d7%a2%d7%95%d7%a7%d7%91%20%d7%90%d7%97%d7%a8%20%d7%9e%d7%a2%d7%a9%d7%99%d7%94%d7%9d%20%d7%a9%d7%9c%20%d7%91%d7%95%d7%92%d7%a8%20%d7%a7%d7%95%d7%9c%d7%92%27%20%d7%98%d7%a8%d7%99%20%d7%91%d7%a9%d7%9d%20%d7%9e%d7%90%d7%98%20%d7%a4%d7%a8%d7%a0%d7%a7%d7%9c%d7%99%d7%9f%20(%d7%98%d7%95%d7%a4%d7%a8%20%d7%92%d7%a8%d7%99%d7%99%d7%a1%2c%20%22%d7%9e%d7%95%d7%a4%d7%a2%20%d7%a9%d7%a0%d7%95%d7%aa%20%d7%9470%22)&amp;eng_name=%20&amp;episode=%20&amp;fanart&amp;fav_status=false&amp;heb_name=%20&amp;iconimage&amp;id=%20&amp;image_master&amp;isr=0&amp;last_id&amp;mode=31&amp;name=%5bCOLOR%20khaki%5d%d7%a2%d7%a8%d7%95%d7%a5%20%d7%94%d7%a7%d7%95%d7%9e%d7%93%d7%99%d7%94%5b%2fCOLOR%5d&amp;original_title=%20&amp;season=%20&amp;show_original_year=%20&amp;tmdbid=%20&amp;url=-1001227376145&quot" />
</include>



<!--סרטים רןמנטיים-->
<include content="extramovieswidgets">
<param name="widgetposx" value="255" />
<param name="widgetposy" value="535" />
<param name="focusposx" value="255" />
<param name="focusposy" value="550" />
<param name="stringid" value="6" />
<param name="compareid" value="5" />
<param name="stringondown" value="7" />
<param name="infoidfocus" value="Control.IsVisible(6) | Control.HasFocus(6)" />
<param name="infoidnofocus" value="!Control.HasFocus(7)" />
<param name="content" value="plugin://plugin.video.telemedia/?data=-1001186756060&amp;dates=%20&amp;description=%22%d7%91%d7%97%d7%95%d7%a8%d7%99%d7%9d%20%d7%a8%d7%a2%d7%99%d7%9d%201%e2%83%a3%22%20-%201995%0aBad%20Boys%0a%0a%d7%90%d7%99%d7%9b%d7%95%d7%aa%3a%201080p.%20%f0%9f%98%87%0a%d7%aa%d7%a8%d7%92%d7%95%d7%9d%20%d7%9e%d7%95%d7%91%d7%a0%d7%94.%20%f0%9f%92%ac%0a%d7%93%d7%99%d7%a8%d7%95%d7%92%20IMDb%20%d7%9c%d7%a1%d7%a8%d7%98%3a%206.9%20%e2%ad%90%ef%b8%8f%0a%d7%96%27%d7%90%d7%a0%d7%a8%3a%20%23%d7%a4%d7%a2%d7%95%d7%9c%d7%94%20%23%d7%a7%d7%95%d7%9e%d7%93%d7%99%d7%94%20%23%d7%a4%d7%a9%d7%a2%0a%0a%f0%9f%93%9d%20%d7%aa%d7%a7%d7%a6%d7%99%d7%a8%3a%0a%d7%9e%d7%a8%d7%a7%d7%95%d7%a1%20%d7%94%d7%95%d7%90%20%d7%90%d7%99%d7%a9%20%d7%9e%d7%a9%d7%a4%d7%97%d7%94&amp;eng_name=%20&amp;episode=%20&amp;fanart&amp;fav_status=false&amp;heb_name=%20&amp;iconimage&amp;id=%20&amp;image_master&amp;isr=0&amp;last_id&amp;mode=31&amp;name=%5bCOLOR%20khaki%5d%d7%a2%d7%95%d7%9c%d7%9d%20%d7%94%d7%a4%d7%a2%d7%95%d7%9c%d7%94%20%d7%95%d7%94%d7%90%d7%a7%d7%a9%d7%9f%5b%2fCOLOR%5d&amp;original_title=%20&amp;season=%20&amp;show_original_year=%20&amp;tmdbid=%20&amp;url=-1001186756060&quot" />
</include>

<!--מדע בדיוני-->
<include content="extramovieswidgets">
<param name="widgetposx" value="255" />
<param name="widgetposy" value="825" />
<param name="focusposx" value="255" />
<param name="focusposy" value="840" />
<param name="stringid" value="7" />
<param name="compareid" value="5" />
<param name="stringonup" value="6" />
<param name="infoidfocus" value="Control.HasFocus(7)" />
<param name="infoidnofocus" value="!Control.HasFocus(6)" />
<param name="content" value="plugin://plugin.video.telemedia/?data=-1001224686301&amp;dates=%20&amp;description=%0afrom_plot&amp;eng_name=%20&amp;episode=%20&amp;fanart&amp;fav_status=false&amp;heb_name=%20&amp;iconimage&amp;id=%20&amp;image_master&amp;isr=0&amp;last_id&amp;mode=31&amp;name=%5bCOLOR%20khaki%5d%d7%a2%d7%a8%d7%95%d7%a5%20%d7%a1%d7%a8%d7%98%d7%99%20%d7%9e%d7%93%d7%a2%20%d7%91%d7%93%d7%99%d7%95%d7%a0%d7%99%5b%2fCOLOR%5d&amp;original_title=%20&amp;season=%20&amp;show_original_year=%20&amp;tmdbid=%20&amp;url=-1001224686301&quot" />
</include>


<!--movies 13-->
<include content="extramovieswidgets">
<param name="widgetposx" value="255" />
<param name="widgetposy" value="535" />
<param name="focusposx" value="255" />
<param name="focusposy" value="550" />
<param name="stringid" value="8" />
<param name="compareid" value="6" />
<param name="stringondown" value="9" />
<param name="infoidfocus" value="Control.IsVisible(8) | Control.HasFocus(8)" />
<param name="infoidnofocus" value="!Control.HasFocus(9)" />
<param name="content" value="plugin://plugin.video.telemedia/?data=-1001402382061&amp;dates=%20&amp;description=%d7%92%27%d7%95%d7%9e%d7%a0%d7%92%27%d7%99%20%3a%20%d7%94%d7%a9%d7%9c%d7%91%20%d7%94%d7%91%d7%90%20%0a%d7%90%d7%99%d7%9b%d7%95%d7%aa%20%3a%20%d7%92%d7%a8%d7%95%d7%a2%d7%94%20%f0%9f%a4%ae%0a%e2%81%a6%e2%81%a6%d7%aa%d7%a8%d7%92%d7%95%d7%9d%20%d7%9e%d7%95%d7%91%d7%a0%d7%94%20%0a%40oriyatv%0afrom_plot&amp;eng_name=%20&amp;episode=%20&amp;fanart=C%3a%2fUsers%2fneta%2fAppData%2fRoaming%2fKodi%2fuserdata%2faddon_data%2fplugin.video.telemedia%2flogo%2f-1001402382061_big.jpg&amp;fav_status=false&amp;heb_name=%20&amp;iconimage=C%3a%2fUsers%2fneta%2fAppData%2fRoaming%2fKodi%2fuserdata%2faddon_data%2fplugin.video.telemedia%2flogo%2f-1001402382061_small.jpg&amp;id=%20&amp;image_master&amp;isr=0&amp;last_id&amp;mode=31&amp;name=%5bCOLOR%20khaki%5d%d7%9e%d7%90%d7%92%d7%a8%20%d7%a1%d7%a8%d7%98%d7%99%d7%9d%20%d7%9e%d7%9b%d7%9c%20%d7%94%d7%96%d7%9e%d7%a0%d7%99%d7%9d%5b%2fCOLOR%5d&amp;original_title=%20&amp;season=%20&amp;show_original_year=%20&amp;tmdbid=%20&amp;url=-1001402382061&quot" />
</include>

<!--movies 14-->
<include content="extramovieswidgets">
<param name="widgetposx" value="255" />
<param name="widgetposy" value="825" />
<param name="focusposx" value="255" />
<param name="focusposy" value="840" />
<param name="stringid" value="9" />
<param name="compareid" value="6" />
<param name="stringonup" value="8" />
<param name="infoidfocus" value="Control.HasFocus(9)" />
<param name="infoidnofocus" value="!Control.HasFocus(8)" />
<param name="content" value="plugin://plugin.video.telemedia/?data=-1001196610819&amp;dates=%20&amp;description=%f0%9f%8e%ac%20%d7%93%d7%91%20%d7%a1%d7%a8%d7%98%d7%99%d7%9d%20%f0%9f%8e%ac%0a%0a%f0%9f%93%8d%20%d7%9e%d7%a6%d7%91%20%d7%98%d7%99%d7%a1%d7%94%20%2f%20Airplane%20Mode%20%f0%9f%93%8d%c2%a0%0a%0a%d7%aa%d7%a8%d7%92%d7%95%d7%9d%20%d7%9e%d7%95%d7%91%d7%a0%d7%94%20%e2%9c%a1%0a%0a%d7%90%d7%99%d7%9b%d7%95%d7%aa%3a%201080p%20WEB-DL%0a%0a%d7%96%27%d7%90%d7%a0%d7%a8%3a%20%23%d7%a7%d7%95%d7%9e%d7%93%d7%99%d7%94%20%23%d7%a8%d7%95%d7%9e%d7%a0%d7%98%d7%99%d7%a7%d7%94%20%0a%0a%f0%9f%93%86%20%d7%a9%d7%99%d7%93%d7%95%d7%a8%3a%202020%0a%0a%f0%9f%93%9d%d7%aa%d7%a7%d7%a6%d7%99%d7%a8%3a%0a%d7%90%d7%a0%d7%94%20%d7%90%d7%95%d7%a9%d7%99%d7%99%d7%aa%20%d7%a8%d7%a9%d7%aa%20%d7%9e%d7%93%d7%91%d7%a8%d7%aa%20%d7%91%d7%a0%d7%99%d7%99%d7%93%20%d7%aa%d7%95%d7%9a%20%d7%9b%d7%93%d7%99%20%d7%a0%d7%94%d7%99%d7%92%d7%94%20%d7%95%d7%a2%d7%95%d7%a9%d7%94%20%d7%aa%d7%90%d7%95%d7%a0%d7%94.%20%d7%9b%d7%a2%d7%95%d7%a0%d7%a9%20%d7%94%d7%99%d7%90%20%d7%a0%d7%a9%d7%9c%d7%97%d7%aa%20%d7%9c%d7%97%d7%95%d7%95%d7%94%20%d7%a9%d7%9c%20%d7%a1%d7%91%d7%90%20%d7%94%d7%a0%d7%a8%d7%92%d7%9f%20%d7%95%d7%a0%d7%90%d7%9c%d7%a6%d7%aa%20%d7%9c%d7%a2%d7%91%d7%95%d7%a8%20%d7%92%d7%9e%d7%99%d7%9c%d7%94%20%d7%9e%d7%9e%d7%a1%d7%9b%d7%99%d7%9d.%0a%0a%0a%f0%9f%93%a5%d7%94%d7%95%d7%a2%d7%9c%d7%94%20%d7%a2%22%d7%99%20%d7%a6%d7%95%d7%95%d7%aa%20%d7%94%d7%9e%d7%a2%d7%9c%d7%99%d7%9d%20%d7%94%d7%aa%d7%95%d7%aa%d7%97%d7%99%d7%9d%e2%9d%a4%ef%b8%8f%0a%0a%d7%9c%d7%94%d7%a6%d7%98%d7%a8%d7%a4%d7%95%d7%aa%20%d7%9c%d7%a7%d7%91%d7%95%d7%a6%d7%94%20%e2%86%99%ef%b8%8f%20%e2%86%99%ef%b8%8f%20%e2%86%99%ef%b8%8f%0ahttp%3a%2f%2ft.me%2fJoinDovMovies_Channel%0afrom_plot&amp;eng_name=%20&amp;episode=%20&amp;fanart=C%3a%2fUsers%2fneta%2fAppData%2fRoaming%2fKodi%2fuserdata%2faddon_data%2fplugin.video.telemedia%2flogo%2f-1001196610819_big.jpg&amp;fav_status=false&amp;heb_name=%20&amp;iconimage=C%3a%2fUsers%2fneta%2fAppData%2fRoaming%2fKodi%2fuserdata%2faddon_data%2fplugin.video.telemedia%2flogo%2f-1001196610819_small.jpg&amp;id=%20&amp;image_master&amp;isr=0&amp;last_id&amp;mode=31&amp;name=%5bCOLOR%20khaki%5d%d7%a1%d7%a8%d7%98%d7%99%d7%9d%20%d7%91%d7%90%d7%99%d7%9b%d7%95%d7%aa%20%d7%92%d7%91%d7%95%d7%94%d7%94%5b%2fCOLOR%5d&amp;original_title=%20&amp;season=%20&amp;show_original_year=%20&amp;tmdbid=%20&amp;url=-1001196610819&quot" />
</include>


		<control type="grouplist" id="2164">
			<posx>10</posx>
			<top>450</top>
			<width>1900</width>
			<height>726</height>
			<itemgap>35</itemgap>
			<onup>2164</onup>
			<ondown>2164</ondown>
			<orientation>vertical</orientation>

			<!-- General -->
					<control type="button" id="94">
					<label>רומנטי,קומדיה</label>
					<texturefocus colordiffuse="white" border="8,8,8,8">special://skin/extras/views/default_button_fo.png</texturefocus>
					<width>209</width>
					<height>56</height>
					<align>center</align>
					<font>Font-Header-Bold-addline</font>
					<textcolor>FF999999</textcolor>
					<focusedcolor>FFFFFFFF</focusedcolor>
					<textoffsetx>5</textoffsetx>
					<radioposx>5</radioposx>
					<radiowidth>32</radiowidth>
					<radioheight>32</radioheight>
					<onup>4</onup>
					<onright>4</onright>
					<onclick>setfocus(4)</onclick>
					<onfocus>Skin.SetString(Section,4)</onfocus>
				</control>
			<control type="button" id="95">
					<label>אקשן,מדע בדיוני</label>
					<texturefocus colordiffuse="white" border="8,8,8,8">special://skin/extras/views/default_button_fo.png</texturefocus>
					<width>209</width>
					<height>56</height>
					<align>center</align>
					<font>Font-Header-Bold-addline</font>
					<textcolor>FF999999</textcolor>
					<focusedcolor>FFFFFFFF</focusedcolor>
					<textoffsetx>5</textoffsetx>
					<radioposx>5</radioposx>
					<radiowidth>32</radiowidth>
					<radioheight>32</radioheight>
					<onup>5</onup>
					<onright>6</onright>
					<onclick>setfocus(6)</onclick>
					<onfocus>Skin.SetString(Section,5)</onfocus>
				</control>
				<control type="button" id="96">
					<label>כללי</label>
					<texturefocus colordiffuse="white" border="8,8,8,8">special://skin/extras/views/default_button_fo.png</texturefocus>
					<width>209</width>
					<height>56</height>
					<align>center</align>
					<font>Font-Header-Bold-addline</font>
					<textcolor>FF999999</textcolor>
					<focusedcolor>FFFFFFFF</focusedcolor>
					<textoffsetx>5</textoffsetx>
					<radioposx>5</radioposx>
					<radiowidth>32</radiowidth>
					<radioheight>32</radioheight>
					<onup>5</onup>
					<onright>8</onright>
					<onclick>setfocus(8)</onclick>
					<onfocus>Skin.SetString(Section,6)</onfocus>
				</control>
		</control>

</controls>
</window>
