<?xml version="1.0" encoding="UTF-8"?>
<!-- Foundation -->
<window id="6572" type="dialog">
    <defaultcontrol always="true">2164</defaultcontrol>
    	<onload>ClearProperty(quicknavsetup,home)</onload>
		<onload>Dialog.Close(6671)</onload>
		<onload>Dialog.Close(6675)</onload>
		<onunload>ClearProperty(quicknavsetup,home)</onunload>

<controls>

<control type="group">
<animation type="WindowOpen">
<effect type="slide" start="-1000,0" end="0,0" time="250" delay="150" twen="sine" easing="inout"/>
</animation>
<animation type="WindowClose">
<effect type="slide" start="0,0" end="-2200,0" time="250" delay="150" twen="sine" easing="inout"/>
</animation>
<include content="widgetpower">
<param name="widtetid" value="4"/>
<param name="widgetidcompare" value="4"/>
<param name="widgetcontent" value="plugin://plugin.video.idanplus/?iconimage=https%253A%252F%252Fmedia.reshet.tv%252Fimage%252Fupload%252Ft_app_16x9%252Cq_auto%252Cf_auto%252Fv1586778670%252FSuperTankerMobile_d3reat.jpg&amp;mode=2&amp;module=reshet&amp;moredata&amp;name=%5bCOLOR%20burlywood%5d%5bB%5d%d7%a6%d7%97%d7%95%d7%a7%20%d7%9e%d7%94%d7%9e%d7%a6%d7%91%20%d7%a2%d7%95%d7%a0%d7%94%201%20%d7%a4%d7%a8%d7%a7%d7%99%d7%9d%20%d7%9e%d7%9c%d7%90%d7%99%d7%9d%5b%2fB%5d%5b%2fCOLOR%5d&amp;url=https%253A%252F%252F13tv.co.il%252Fentertainment%252Ftzhok-mehamatzav%252Fseason-01%252Fepisodes%252F&quot"/>
</include>
</control>


<control type="group">
<animation type="WindowOpen">
<effect type="slide" start="-1000,0" end="0,0" time="250" delay="150" twen="sine" easing="inout"/>
</animation>
<animation type="WindowClose">
<effect type="slide" start="0,0" end="-2200,0" time="250" delay="150" twen="sine" easing="inout"/>
</animation>
<include content="widgetpower">
<param name="widtetid" value="5"/>
<param name="widgetidcompare" value="5"/>
<param name="widgetcontent" value="plugin://plugin.video.idanplus/?iconimage=https%253A%252F%252Fkanweb.blob.core.windows.net%252Fdownload%252Fpictures%252F2019%252F12%252F31%252Fimgid%253D26108_A.jpeg&amp;mode=2&amp;module=kan&amp;moredata=kan%257C%257C%257C%25D7%259B%25D7%2590%25D7%259F%2b11&amp;name=%5bCOLOR%20orange%5d%5bB%5d%d7%a7%d7%95%d7%a4%d7%94%20%d7%a8%d7%90%d7%a9%d7%99%d7%aa%5b%2fB%5d%5b%2fCOLOR%5d&amp;url=1292&quot"/>
</include>
</control>

<control type="group">
<animation type="WindowOpen">
<effect type="slide" start="-1000,0" end="0,0" time="250" delay="150" twen="sine" easing="inout"/>
</animation>
<animation type="WindowClose">
<effect type="slide" start="0,0" end="-2200,0" time="250" delay="150" twen="sine" easing="inout"/>
</animation>
<include content="widgetpower">
<param name="widtetid" value="6"/>
<param name="widgetidcompare" value="6"/>
<param name="widgetcontent" value="plugin://plugin.video.idanplus/?iconimage=https%253A%252F%252Fmedia.reshet.tv%252Fimage%252Fupload%252Ft_app_16x9%252Cq_auto%252Cf_auto%252Fv1589226327%252Fkobi_and_lital_ep05_full.sub_.2_f1jdkz.jpg&amp;mode=1&amp;module=reshet&amp;moredata&amp;name=%5bCOLOR%20orange%5d%5bB%5d%d7%a7%d7%95%d7%91%d7%99%20%d7%95%d7%9c%d7%99%d7%98%d7%9c%20%d7%94%d7%97%d7%99%d7%99%d7%9d%20%d7%a2%d7%a6%d7%9e%d7%9d%5b%2fB%5d%5b%2fCOLOR%5d&amp;url=https%253A%252F%252F13tv.co.il%252Fentertainment%252Fkobi-and-lital%252F&quot"/>
</include>
</control>

<control type="group">
<animation type="WindowOpen">
<effect type="slide" start="-1000,0" end="0,0" time="250" delay="150" twen="sine" easing="inout"/>
</animation>
<animation type="WindowClose">
<effect type="slide" start="0,0" end="-2200,0" time="250" delay="150" twen="sine" easing="inout"/>
</animation>
<include content="widgetpower">
<param name="widtetid" value="7"/>
<param name="widgetidcompare" value="7"/>
<param name="widgetcontent" value="plugin://plugin.video.idanplus/?iconimage=https%253A%252F%252Fkanweb.blob.core.windows.net%252Fdownload%252Fpictures%252F2020%252F3%252F26%252Fimgid%253D30939_A.jpeg&amp;mode=2&amp;module=kan&amp;moredata=kan%257C%257C%257C%25D7%259B%25D7%2590%25D7%259F%2b11&amp;name=%5bCOLOR%20orange%5d%5bB%5d%d7%94%d7%9c%d7%99%d7%9c%d7%94%20%d7%a2%d7%9d%20%d7%9c%d7%95%d7%a1%d7%99%20%d7%95%d7%92%d7%95%d7%a8%d7%99%5b%2fB%5d%5b%2fCOLOR%5d&amp;url=1597&quot"/>
</include>
</control>

<control type="group">
<animation type="WindowOpen">
<effect type="slide" start="-1000,0" end="0,0" time="250" delay="150" twen="sine" easing="inout"/>
</animation>
<animation type="WindowClose">
<effect type="slide" start="0,0" end="-2200,0" time="250" delay="150" twen="sine" easing="inout"/>
</animation>
<include content="widgetpower">
<param name="widtetid" value="8"/>
<param name="widgetidcompare" value="8"/>
<param name="widgetcontent" value="plugin://plugin.video.idanplus/?iconimage=https%253A%252F%252Fkanweb.blob.core.windows.net%252Fdownload%252Fpictures%252F2020%252F4%252F6%252Fimgid%253D31573_A.jpeg&amp;mode=2&amp;module=kan&amp;moredata=kan%257C%257C%257C%25D7%259B%25D7%2590%25D7%259F%2b11&amp;name=%5bCOLOR%20orange%5d%5bB%5d%d7%a9%d7%98%d7%95%d7%a7%d7%94%d7%95%d7%9c%d7%9d%5b%2fB%5d%5b%2fCOLOR%5d&amp;url=1271&quot"/>
</include>
</control>

<control type="group">
<animation type="WindowOpen">
<effect type="slide" start="-1000,0" end="0,0" time="250" delay="150" twen="sine" easing="inout"/>
</animation>
<animation type="WindowClose">
<effect type="slide" start="0,0" end="-2200,0" time="250" delay="150" twen="sine" easing="inout"/>
</animation>
<include content="widgetpower">
<param name="widtetid" value="9"/>
<param name="widgetidcompare" value="9"/>
<param name="widgetcontent" value="plugin://plugin.video.idanplus/?iconimage=https%253A%252F%252Fkanweb.blob.core.windows.net%252Fdownload%252Fpictures%252F2020%252F5%252F25%252Fimgid%253D33994_A.jpeg&amp;mode=2&amp;module=kan&amp;moredata=kan%257C%257C%257C%25D7%259B%25D7%2590%25D7%259F%2b11&amp;name=%5bCOLOR%20orange%5d%5bB%5d%d7%a2%d7%93%20%d7%9b%d7%90%d7%9f!%5b%2fB%5d%5b%2fCOLOR%5d&amp;url=41&quot"/>
</include>
</control>

		<control type="grouplist" id="2164">
		<scrolltime tween="sine" easing="out">450</scrolltime>
			<animation type="WindowOpen">
			<effect type="slide" start="1000,0" end="0,0" tween="cubic" easing="out" time="350"/>
			</animation>
			<animation type="WindowClose">
			<effect type="slide" start="0,0" end="1000,0" tween="cubic" easing="inout" time="350"/>
			</animation>
			<posx>1665</posx>
			<top>400</top>
			<width>1900</width>
			<height>300</height>
			<itemgap>15</itemgap>
			<onup>2164</onup>
			<ondown>2164</ondown>
			<onright>Dialog.Close(6572)</onright>
			<onright>ActivateWindow(6680)</onright>
			<onback>Dialog.Close(6572)</onback>
			<onback>ActivateWindow(6680)</onback>
			<orientation>vertical</orientation>

			<!-- General -->
					<control type="button" id="94">
					<label>[B]צחוק מהמצב[/B]</label>
					<texturefocus colordiffuse="red">white.png</texturefocus>
					 <texturenofocus colordiffuse="77000000">black.png</texturenofocus>
					<width>255</width>
					<height>60</height>
					<align>center</align>
					<textcolor>white</textcolor>
					<focusedcolor>white</focusedcolor>
					<textoffsetx>45</textoffsetx>
					<radioposx>5</radioposx>
					<radiowidth>32</radiowidth>
					<radioheight>32</radioheight>
					<onleft>4</onleft>
					<onclick>setfocus(4)</onclick>
					<onfocus>Skin.SetString(Section,4)</onfocus>
				</control>
					<control type="button" id="95">
					<label>[B]קופה ראשית[/B]</label>
					<texturefocus colordiffuse="red">white.png</texturefocus>
					 <texturenofocus colordiffuse="77000000">black.png</texturenofocus>
					<width>255</width>
					<height>60</height>
					<align>center</align>
					<textcolor>white</textcolor>
					<focusedcolor>white</focusedcolor>
					<textoffsetx>45</textoffsetx>
					<radioposx>5</radioposx>
					<radiowidth>32</radiowidth>
					<radioheight>32</radioheight>
					<onleft>5</onleft>
					<onclick>setfocus(5)</onclick>
					<onfocus>Skin.SetString(Section,5)</onfocus>
				</control>
				<control type="button" id="96">
					<label>[B]קובי וליטל החיים עצמם[/B]</label>
					<texturefocus colordiffuse="red">white.png</texturefocus>
					 <texturenofocus colordiffuse="77000000">black.png</texturenofocus>
					<width>255</width>
					<height>60</height>
					<align>center</align>
					<textcolor>white</textcolor>
					<focusedcolor>white</focusedcolor>
					<textoffsetx>45</textoffsetx>
					<radioposx>5</radioposx>
					<radiowidth>32</radiowidth>
					<radioheight>32</radioheight>
					<onleft>6</onleft>
					<onclick>setfocus(6)</onclick>
					<onfocus>Skin.SetString(Section,6)</onfocus>
				</control>
				<control type="button" id="97">
					<label>[B]הלילה עם לוסי וגורי[/B]</label>
					<texturefocus colordiffuse="red">white.png</texturefocus>
					 <texturenofocus colordiffuse="77000000">black.png</texturenofocus>
					<width>255</width>
					<height>60</height>
					<align>center</align>
					<textcolor>white</textcolor>
					<focusedcolor>white</focusedcolor>
					<textoffsetx>45</textoffsetx>
					<radioposx>5</radioposx>
					<radiowidth>32</radiowidth>
					<radioheight>32</radioheight>
					<onleft>7</onleft>
					<onclick>setfocus(7)</onclick>
					<onfocus>Skin.SetString(Section,7)</onfocus>
				</control>
				<control type="button" id="98">
					<label>[B]שטוקהולם[/B]</label>
					<texturefocus colordiffuse="red">white.png</texturefocus>
					 <texturenofocus colordiffuse="77000000">black.png</texturenofocus>
					<width>255</width>
					<height>60</height>
					<align>center</align>
					<textcolor>white</textcolor>
					<focusedcolor>white</focusedcolor>
					<textoffsetx>45</textoffsetx>
					<radioposx>5</radioposx>
					<radiowidth>32</radiowidth>
					<radioheight>32</radioheight>
					<onleft>8</onleft>
					<onclick>setfocus(8)</onclick>
					<onfocus>Skin.SetString(Section,8)</onfocus>
				</control>
				<control type="button" id="99">
					<label>[B]עד כאן[/B]</label>
					<texturefocus colordiffuse="red">white.png</texturefocus>
					 <texturenofocus colordiffuse="77000000">black.png</texturenofocus>
					<width>255</width>
					<height>60</height>
					<align>center</align>
					<textcolor>white</textcolor>
					<focusedcolor>white</focusedcolor>
					<textoffsetx>45</textoffsetx>
					<radioposx>5</radioposx>
					<radiowidth>32</radiowidth>
					<radioheight>32</radioheight>
					<onleft>9</onleft>
					<onclick>setfocus(9)</onclick>
					<onfocus>Skin.SetString(Section,9)</onfocus>
				</control>
		</control>
<include>ghostglobalnews</include>
</controls>
</window>
