<?xml version="1.0" encoding="UTF-8"?>
<!-- Foundation -->
<window id="6810" type="dialog">
    <defaultcontrol always="true">5</defaultcontrol>


<controls>

<!--סדרות ילדים-->
<!--kidsseriastvshows-->
<control type="image">
<posx>0</posx>
<posy>0</posy>
<width>fsw</width>
<height>fsh</height>
<texture>special://skin/extras/specialbuttons/background.jpg</texture>
</control>

<control type="multiimage">
<posx>0</posx>
<posy>0</posy>
<width>fsw</width>
<height>fsh</height>
<fadetime>350</fadetime>
<imagepath>$INFO[Container(5).ListItem.Art(fanart)]</imagepath>
</control>

<control type="image">
<posx>-100</posx>
<posy>300</posy>
<width>2200</width>
<height>580</height>
<texture>special://skin/extras/common/context_middle.png</texture>
</control>

<control type="image">
<posx>-100</posx>
<posy>50</posy>
<width>2200</width>
<height>250</height>
<texture>special://skin/extras/common/context_middle.png</texture>
</control>

<control type="image">
<posx>-100</posx>
<posy>0</posy>
<width>2200</width>
<height>50</height>
<texture>special://skin/extras/common/context_middle.png</texture>
</control>

<control type="group">
<control type="textbox">
<posx>15</posx>
<posy>300</posy>
<width>550</width>
<height>140</height>
<align>center</align>
<font>font-21-newrecommnded</font>
<label>$INFO[Container(5).ListItem.Label]</label>
</control>

<control type="label">
<posx>200</posx>
<posy>420</posy>
<width>250</width>
<height>40</height>
<textcolor>burlywood</textcolor>
<label>[B]תקציר סדרה:[/B]</label>
</control>

</control>

<control type="label">
<posx>1505</posx>
<posy>700</posy>
<width>250</width>
<height>40</height>
<align>right</align>
<label>[COLOR cyan]$INFO[Container(5).NumItems][/COLOR] [COLOR white]כמות סדרות:[/COLOR]</label>
</control>

<control type="image">
<visible>!Integer.IsGreater(Container(5).NumItems,0)</visible>
<posx>800</posx>
<posy>500</posy>
<width>120</width>
<height>120</height>
<texture>special://skin/extras/specialbuttons/loading.gif</texture>
</control>


<control type="multiimage">
<centerleft>90%</centerleft>
<posy>330</posy>
<width>350</width>
<height>520</height>
<fadetime>350</fadetime>
<imagepath>$INFO[Container(5).ListItem.Thumb]</imagepath>
</control>

<control type="textbox">
<posx>0</posx>
<posy>470</posy>
<width>500</width>
<height>320</height>
<align>right</align>
<autoscroll fade="2550" time="3000" repeat="4000"></autoscroll>
<label>$INFO[Container(5).ListItem.Plot]</label>
</control>


<include content="basetvshowcontent">
<param name="basetvshowid" value="5"/>
<param name="basetvshowcontnet" value="plugin://plugin.audio.My.Music/?cat_level=%20&amp;count=0&amp;description=%5bB%5d%5bCOLOR%20burlywood%5d%d7%94%d7%93%d7%a8%d7%a7%d7%95%d7%9f%20%5b%2fCOLOR%5d%5b%2fB%5d%5bB%5d%5bCOLOR%20aqua%5d%20%d7%99%d7%9c%d7%93%d7%99%5b%2fCOLOR%5d%5b%2fB%5d%20%d7%94%d7%a8%d7%97%d7%91%d7%94%20%d7%a0%d7%95%d7%a1%d7%a4%d7%aa%20%d7%9e%d7%91%d7%99%d7%aa%20%d7%93%d7%a8%d7%92%d7%95%d7%9f%20%d7%94%d7%a2%d7%95%d7%a1%d7%a7%d7%aa%20%d7%91%d7%a2%d7%99%d7%a7%d7%a8%20%d7%91%d7%aa%d7%95%d7%9b%d7%9f%20%d7%9c%d7%99%d7%9c%d7%93%d7%99%d7%9d&amp;fanart=http%3a%2f%2fgetwallpapers.com%2fwallpaper%2ffull%2f8%2f4%2f8%2f917833-widescreen-homestuck-wallpaper-kids-1920x1080-ipad.jpg&amp;iconimage=http%3a%2f%2fngarba.xyz%2fadds%2fyos%2f13.jpg&amp;index_depth=0&amp;lang=eng&amp;mode=5&amp;name=%d7%a1%d7%93%d7%a8%d7%95%d7%aa%20%d7%9e%d7%93%d7%95%d7%91%d7%91%d7%95%d7%aa%20%d7%9c%d7%99%d7%9c%d7%93%d7%99%d7%9d&amp;page&amp;selected_list=%20&amp;url=%d7%99%d7%9c%d7%93%d7%99%d7%9d%d7%a1%d7%93%d7%a8%d7%95%d7%aa%20%d7%9e%d7%93%d7%95%d7%91%d7%91%d7%95%d7%aa%20%d7%9c%d7%99%d7%9c%d7%93%d7%99%d7%9d&quot"/>
</include>





<include content="sessionone">
<param name="seesionone" value="508"/>
<param name="labelname" value="גליץ' טק מדובב"/>
<param name="network" value="[COLOR red](UNKNOWN)[/COLOR]"/>
<param name="baseepisodidcontent" value="plugin://plugin.video.mando/?all_w=%7b%7d&amp;data=2020&amp;dates=%20&amp;description=%5bCOLOR%20aqua%5d%20%d7%a9%d7%95%d7%93%d7%a8%20%d7%91%d7%aa%d7%90%d7%a8%d7%99%d7%9a%2021-02-2020%5b%2fCOLOR%5d%0aGame-world%20monsters%20are%20wreaking%20real-world%20havoc.%20Here%20comes%20tech%20support!&amp;eng_name=%20&amp;episode=%20&amp;fanart=https%3a%2f%2fimage.tmdb.org%2ft%2fp%2foriginal%2f%2fojyovqp6R40pSVUL0Ct17Jf0b6a.jpg&amp;fav_status=false&amp;heb_name=%d7%92%d7%9c%d7%99%d7%a5%27%20%d7%98%d7%a7&amp;iconimage=https%3a%2f%2fimage.tmdb.org%2ft%2fp%2foriginal%2f%2fc4sjmIkgnDGaTDbIXhfRNXXdtbZ.jpg&amp;id=98494&amp;image_master&amp;isr=0&amp;last_id&amp;mode=19&amp;name=%5bCOLOR%20white%5d%d7%a2%d7%95%d7%a0%d7%94%201%5b%2fCOLOR%5d&amp;original_title=Glitch%20Techs&amp;season=1&amp;show_original_year=2020&amp;tmdbid=343279&amp;url=https%3a%2f%2fapi.themoviedb.org%2f3%2ftv%2f98494%3fapi_key%3d34142515d9d23817496eeb4ff1d223d0%26language%3den%26append_to_response%3dexternal_ids&amp;video_data=%7b%22rating%22%3a%20%220%22%2c%20%22episode%22%3a%200%2c%20%22title%22%3a%20%22%5bCOLOR%20white%5d%5cu05e2%5cu05d5%5cu05e0%5cu05d4%201%5b%2fCOLOR%5d%22%2c%20%22season%22%3a%200%2c%20%22TVshowtitle%22%3a%20%22%22%2c%20%22mediatype%22%3a%20%22movie%22%2c%20%22plot%22%3a%20%22%5bCOLOR%20aqua%5d%20%5cu05e9%5cu05d5%5cu05d3%5cu05e8%20%5cu05d1%5cu05ea%5cu05d0%5cu05e8%5cu05d9%5cu05da%2021-02-2020%5b%2fCOLOR%5d%5cnGame-world%20monsters%20are%20wreaking%20real-world%20havoc.%20Here%20comes%20tech%20support!%22%2c%20%22OriginalTitle%22%3a%20%22Glitch%20Techs%22%2c%20%22Tag%22%3a%20%2216%22%2c%20%22year%22%3a%20%222020%22%7d&quot"/>
</include>
<include content="sessiontwo">
<param name="sessiontwo" value="507"/>
<param name="labelname" value="גליץ' טק מדובב"/>
<param name="network" value="[COLOR red](UNKNOWN)[/COLOR]"/>
<param name="baseepisodidcontent" value="plugin://plugin.video.mando/?all_w=%7b%7d&amp;data=2020&amp;dates=%20&amp;description=%5bCOLOR%20aqua%5d%20%d7%a9%d7%95%d7%93%d7%a8%20%d7%91%d7%aa%d7%90%d7%a8%d7%99%d7%9a%2017-08-2020%5b%2fCOLOR%5d%0aGame-world%20monsters%20are%20wreaking%20real-world%20havoc.%20Here%20comes%20tech%20support!&amp;eng_name=%20&amp;episode=%20&amp;fanart=https%3a%2f%2fimage.tmdb.org%2ft%2fp%2foriginal%2f%2fojyovqp6R40pSVUL0Ct17Jf0b6a.jpg&amp;fav_status=false&amp;heb_name=%d7%92%d7%9c%d7%99%d7%a5%27%20%d7%98%d7%a7&amp;iconimage=https%3a%2f%2fimage.tmdb.org%2ft%2fp%2foriginal%2f%2fcpsbuUG7suWR7DANB5UWajLbeI.jpg&amp;id=98494&amp;image_master&amp;isr=0&amp;last_id&amp;mode=19&amp;name=%5bCOLOR%20white%5d%d7%a2%d7%95%d7%a0%d7%94%202%5b%2fCOLOR%5d&amp;original_title=Glitch%20Techs&amp;season=2&amp;show_original_year=2020&amp;tmdbid=343279&amp;url=https%3a%2f%2fapi.themoviedb.org%2f3%2ftv%2f98494%3fapi_key%3d34142515d9d23817496eeb4ff1d223d0%26language%3den%26append_to_response%3dexternal_ids&amp;video_data=%7b%22rating%22%3a%20%220%22%2c%20%22episode%22%3a%200%2c%20%22title%22%3a%20%22%5bCOLOR%20white%5d%5cu05e2%5cu05d5%5cu05e0%5cu05d4%202%5b%2fCOLOR%5d%22%2c%20%22season%22%3a%200%2c%20%22TVshowtitle%22%3a%20%22%22%2c%20%22mediatype%22%3a%20%22movie%22%2c%20%22plot%22%3a%20%22%5bCOLOR%20aqua%5d%20%5cu05e9%5cu05d5%5cu05d3%5cu05e8%20%5cu05d1%5cu05ea%5cu05d0%5cu05e8%5cu05d9%5cu05da%2017-08-2020%5b%2fCOLOR%5d%5cnGame-world%20monsters%20are%20wreaking%20real-world%20havoc.%20Here%20comes%20tech%20support!%22%2c%20%22OriginalTitle%22%3a%20%22Glitch%20Techs%22%2c%20%22Tag%22%3a%20%2216%22%2c%20%22year%22%3a%20%222020%22%7d&quot"/>
</include>

<include content="sessionone">
<param name="seesionone" value="509"/>
<param name="labelname" value="זה פוני מדובב"/>
<param name="network" value="[COLOR red](UNKNOWN)[/COLOR]"/>
<param name="baseepisodidcontent" value="plugin://plugin.video.mando/?all_w=%7b%7d&amp;data=2020&amp;dates=%20&amp;description=%5bCOLOR%20aqua%5d%20%d7%a9%d7%95%d7%93%d7%a8%20%d7%91%d7%aa%d7%90%d7%a8%d7%99%d7%9a%2018-01-2020%5b%2fCOLOR%5d%0aA%20normal%20girl%e2%80%99s%20life%20is%20made%20extraordinary%20by%20her%20best%20friend%20%e2%80%93%20an%20unpredictable%2c%20outrageous%2c%20and%20hilarious%20talking%20pony.%20No%20matter%20the%20complications%20he%20causes%2c%20Annie%20knows%20that%20everything%20is%20better%20when%20Pony%20is%20around.&amp;eng_name=%20&amp;episode=%20&amp;fanart=https%3a%2f%2fimage.tmdb.org%2ft%2fp%2foriginal%2f%2f9HdOAnMSfXxzqKT8GyelesuofVf.jpg&amp;fav_status=false&amp;heb_name=It%27s%20Pony&amp;iconimage=https%3a%2f%2fimage.tmdb.org%2ft%2fp%2foriginal%2f%2ffKbrywNuKgobP7pMDzjhvsTLfJU.jpg&amp;id=98240&amp;image_master&amp;isr=0&amp;last_id&amp;mode=19&amp;name=%5bCOLOR%20white%5d%d7%a2%d7%95%d7%a0%d7%94%201%5b%2fCOLOR%5d&amp;original_title=It%27s%20Pony&amp;season=1&amp;show_original_year=2020&amp;tmdbid=None&amp;url=https%3a%2f%2fapi.themoviedb.org%2f3%2ftv%2f98240%3fapi_key%3d34142515d9d23817496eeb4ff1d223d0%26language%3den%26append_to_response%3dexternal_ids&amp;video_data=%7b%22rating%22%3a%20%220%22%2c%20%22episode%22%3a%200%2c%20%22title%22%3a%20%22%5bCOLOR%20white%5d%5cu05e2%5cu05d5%5cu05e0%5cu05d4%201%5b%2fCOLOR%5d%22%2c%20%22season%22%3a%200%2c%20%22TVshowtitle%22%3a%20%22%22%2c%20%22mediatype%22%3a%20%22movie%22%2c%20%22plot%22%3a%20%22%5bCOLOR%20aqua%5d%20%5cu05e9%5cu05d5%5cu05d3%5cu05e8%20%5cu05d1%5cu05ea%5cu05d0%5cu05e8%5cu05d9%5cu05da%2018-01-2020%5b%2fCOLOR%5d%5cnA%20normal%20girl%5cu2019s%20life%20is%20made%20extraordinary%20by%20her%20best%20friend%20%5cu2013%20an%20unpredictable%2c%20outrageous%2c%20and%20hilarious%20talking%20pony.%20No%20matter%20the%20complications%20he%20causes%2c%20Annie%20knows%20that%20everything%20is%20better%20when%20Pony%20is%20around.%22%2c%20%22OriginalTitle%22%3a%20%22It%27s%20Pony%22%2c%20%22Tag%22%3a%20%2216%22%2c%20%22year%22%3a%20%222020%22%7d&quot"/>
</include>

<include content="sessionone">
<param name="seesionone" value="510"/>
<param name="labelname" value="בית הינשוף מדובב"/>
<param name="network" value="[COLOR red](UNKNOWN)[/COLOR]"/>
<param name="baseepisodidcontent" value="plugin://plugin.video.mando/?all_w=%7b%7d&amp;data=2020&amp;dates=%20&amp;description=%5bCOLOR%20aqua%5d%20%d7%a9%d7%95%d7%93%d7%a8%20%d7%91%d7%aa%d7%90%d7%a8%d7%99%d7%9a%2010-01-2020%5b%2fCOLOR%5d%0aAn%20animated%20fantasy-comedy%20series%20that%20follows%20Luz%2c%20a%20self-assured%20teenage%20girl%20who%20accidentally%20stumbles%20upon%20a%20portal%20to%20a%20magical%20world%20where%20she%20befriends%20a%20rebellious%20witch%2c%20Eda%2c%20and%20an%20adorably%20tiny%20warrior%2c%20King.%20Despite%20not%20having%20magical%20abilities%2c%20Luz%20pursues%20her%20dream%20of%20becoming%20a%20witch%20by%20serving%20as%20Eda%27s%20apprentice%20at%20the%20Owl%20House%20and%20ultimately%20finds%20a%20new%20family%20in%20an%20unlikely%20setting.&amp;eng_name=%20&amp;episode=%20&amp;fanart=https%3a%2f%2fimage.tmdb.org%2ft%2fp%2foriginal%2f%2fnJjGz058NybzHEDMjj9K5FoV5qd.jpg&amp;fav_status=false&amp;heb_name=The%20Owl%20House&amp;iconimage=https%3a%2f%2fimage.tmdb.org%2ft%2fp%2foriginal%2f%2fcZLxKTslrf9gzRomVy8BhaYjg7n.jpg&amp;id=92685&amp;image_master&amp;isr=0&amp;last_id&amp;mode=19&amp;name=%5bCOLOR%20white%5d%d7%a2%d7%95%d7%a0%d7%94%201%5b%2fCOLOR%5d&amp;original_title=The%20Owl%20House&amp;season=1&amp;show_original_year=2020&amp;tmdbid=349578&amp;url=https%3a%2f%2fapi.themoviedb.org%2f3%2ftv%2f92685%3fapi_key%3d34142515d9d23817496eeb4ff1d223d0%26language%3den%26append_to_response%3dexternal_ids&amp;video_data=%7b%22rating%22%3a%20%220%22%2c%20%22episode%22%3a%200%2c%20%22title%22%3a%20%22%5bCOLOR%20white%5d%5cu05e2%5cu05d5%5cu05e0%5cu05d4%201%5b%2fCOLOR%5d%22%2c%20%22season%22%3a%200%2c%20%22TVshowtitle%22%3a%20%22%22%2c%20%22mediatype%22%3a%20%22movie%22%2c%20%22plot%22%3a%20%22%5bCOLOR%20aqua%5d%20%5cu05e9%5cu05d5%5cu05d3%5cu05e8%20%5cu05d1%5cu05ea%5cu05d0%5cu05e8%5cu05d9%5cu05da%2010-01-2020%5b%2fCOLOR%5d%5cnAn%20animated%20fantasy-comedy%20series%20that%20follows%20Luz%2c%20a%20self-assured%20teenage%20girl%20who%20accidentally%20stumbles%20upon%20a%20portal%20to%20a%20magical%20world%20where%20she%20befriends%20a%20rebellious%20witch%2c%20Eda%2c%20and%20an%20adorably%20tiny%20warrior%2c%20King.%20Despite%20not%20having%20magical%20abilities%2c%20Luz%20pursues%20her%20dream%20of%20becoming%20a%20witch%20by%20serving%20as%20Eda%27s%20apprentice%20at%20the%20Owl%20House%20and%20ultimately%20finds%20a%20new%20family%20in%20an%20unlikely%20setting.%22%2c%20%22OriginalTitle%22%3a%20%22The%20Owl%20House%22%2c%20%22Tag%22%3a%20%2216%22%2c%20%22year%22%3a%20%222020%22%7d&quot"/>
</include>

<include content="sessionone">
<param name="seesionone" value="511"/>
<param name="labelname" value="חתולת קשת פרפר וחד קרן"/>
<param name="network" value="[COLOR red](UNKNOWN)[/COLOR]"/>
<param name="baseepisodidcontent" value="plugin://plugin.video.mando/?all_w=%7b%7d&amp;data=2019&amp;dates=%20&amp;description=%5bCOLOR%20aqua%5d%20%d7%a9%d7%95%d7%93%d7%a8%20%d7%91%d7%aa%d7%90%d7%a8%d7%99%d7%9a%2027-01-2019%5b%2fCOLOR%5d%0aWhen%20a%20spirited%20kitten%20acquires%20magical%20powers%2c%20it%20transforms%20her%20into%20a%20part%20rainbow%2c%20part%20butterfly%20and%20part%20unicorn%20hybrid%2c%20and%20she%20goes%20on%20adventures%20with%20her%20best%20friends%2c%20a%20book-smart%20owl%20and%20a%20yeti%2c%20across%20a%20magical%20world%2c%20called%20Mythlandia.&amp;eng_name=%20&amp;episode=%20&amp;fanart=https%3a%2f%2fimage.tmdb.org%2ft%2fp%2foriginal%2f%2foA0xecgvf22f4oqTDEU8JcqmXm9.jpg&amp;fav_status=false&amp;heb_name=Rainbow%20Butterfly%20Unicorn%20Kitty&amp;iconimage=https%3a%2f%2fimage.tmdb.org%2ft%2fp%2foriginal%2f%2f73Llhe2PoJVwuTN7vvINeNvEvYc.jpg&amp;id=86463&amp;image_master&amp;isr=0&amp;last_id&amp;mode=19&amp;name=%5bCOLOR%20white%5d%d7%a2%d7%95%d7%a0%d7%94%201%5b%2fCOLOR%5d&amp;original_title=Rainbow%20Butterfly%20Unicorn%20Kitty&amp;season=1&amp;show_original_year=2019&amp;tmdbid=358768&amp;url=https%3a%2f%2fapi.themoviedb.org%2f3%2ftv%2f86463%3fapi_key%3d34142515d9d23817496eeb4ff1d223d0%26language%3den%26append_to_response%3dexternal_ids&amp;video_data=%7b%22rating%22%3a%20%220%22%2c%20%22episode%22%3a%200%2c%20%22title%22%3a%20%22%5bCOLOR%20white%5d%5cu05e2%5cu05d5%5cu05e0%5cu05d4%201%5b%2fCOLOR%5d%22%2c%20%22season%22%3a%200%2c%20%22TVshowtitle%22%3a%20%22%22%2c%20%22mediatype%22%3a%20%22movie%22%2c%20%22plot%22%3a%20%22%5bCOLOR%20aqua%5d%20%5cu05e9%5cu05d5%5cu05d3%5cu05e8%20%5cu05d1%5cu05ea%5cu05d0%5cu05e8%5cu05d9%5cu05da%2027-01-2019%5b%2fCOLOR%5d%5cnWhen%20a%20spirited%20kitten%20acquires%20magical%20powers%2c%20it%20transforms%20her%20into%20a%20part%20rainbow%2c%20part%20butterfly%20and%20part%20unicorn%20hybrid%2c%20and%20she%20goes%20on%20adventures%20with%20her%20best%20friends%2c%20a%20book-smart%20owl%20and%20a%20yeti%2c%20across%20a%20magical%20world%2c%20called%20Mythlandia.%22%2c%20%22OriginalTitle%22%3a%20%22Rainbow%20Butterfly%20Unicorn%20Kitty%22%2c%20%22Tag%22%3a%20%2216%22%2c%20%22year%22%3a%20%222019%22%7d&quot"/>
</include>

<include content="sessionone">
<param name="seesionone" value="512"/>
<param name="labelname" value="פרוט נינג'ה מדובב"/>
<param name="network" value="[COLOR red](UNKNOWN)[/COLOR]"/>
<param name="baseepisodidcontent" value="plugin://plugin.video.mando/?all_w=%7b%7d&amp;data=2017&amp;dates=%20&amp;description=%5bCOLOR%20aqua%5d%20%d7%a9%d7%95%d7%93%d7%a8%20%d7%91%d7%aa%d7%90%d7%a8%d7%99%d7%9a%2005-05-2017%5b%2fCOLOR%5d%0aFrom%20humble%20beginnings%20rise%20four%20Fruit%20Ninjas%20to%20rediscover%20the%20long%20lost%20art%20of%20Juice%20Jitsu.%20Their%20mission%20%e2%80%93%20to%20unlock%20hidden%20powers%20through%20the%20slicing%20of%20fruit%20and%20to%20protect%20their%20neighbours%20from%20bizarre%20villains%20they%20never%20knew%20existed!%0a%0aRunning%20a%20juice%20stand%20as%20a%20front%20for%20the%20messiest%20secret%20service%20in%20the%20world%2c%20our%20ninjas%20grow%20to%20learn%20that%20it%20is%20what%20makes%20you%20unique%20(and%20even%20a%20little%20bit%20weird)%20that%20ultimately%20makes%20you%20strong.&amp;eng_name=%20&amp;episode=%20&amp;fanart=https%3a%2f%2fimage.tmdb.org%2ft%2fp%2foriginal%2f%20&amp;fav_status=false&amp;heb_name=Fruit%20Ninja%20Frenzy%20Force&amp;iconimage=https%3a%2f%2fimage.tmdb.org%2ft%2fp%2foriginal%2f%2f8KHHusw22y0z67mmWtnvWYGDdyi.jpg&amp;id=77331&amp;image_master&amp;isr=0&amp;last_id&amp;mode=19&amp;name=%5bCOLOR%20white%5d%d7%a2%d7%95%d7%a0%d7%94%201%5b%2fCOLOR%5d&amp;original_title=Fruit%20Ninja%20Frenzy%20Force&amp;season=1&amp;show_original_year=2017&amp;tmdbid=None&amp;url=https%3a%2f%2fapi.themoviedb.org%2f3%2ftv%2f77331%3fapi_key%3d34142515d9d23817496eeb4ff1d223d0%26language%3den%26append_to_response%3dexternal_ids&amp;video_data=%7b%22rating%22%3a%20%220%22%2c%20%22episode%22%3a%200%2c%20%22title%22%3a%20%22%5bCOLOR%20white%5d%5cu05e2%5cu05d5%5cu05e0%5cu05d4%201%5b%2fCOLOR%5d%22%2c%20%22season%22%3a%200%2c%20%22TVshowtitle%22%3a%20%22%22%2c%20%22mediatype%22%3a%20%22movie%22%2c%20%22plot%22%3a%20%22%5bCOLOR%20aqua%5d%20%5cu05e9%5cu05d5%5cu05d3%5cu05e8%20%5cu05d1%5cu05ea%5cu05d0%5cu05e8%5cu05d9%5cu05da%2005-05-2017%5b%2fCOLOR%5d%5cnFrom%20humble%20beginnings%20rise%20four%20Fruit%20Ninjas%20to%20rediscover%20the%20long%20lost%20art%20of%20Juice%20Jitsu.%20Their%20mission%20%5cu2013%20to%20unlock%20hidden%20powers%20through%20the%20slicing%20of%20fruit%20and%20to%20protect%20their%20neighbours%20from%20bizarre%20villains%20they%20never%20knew%20existed!%5cn%5cnRunning%20a%20juice%20stand%20as%20a%20front%20for%20the%20messiest%20secret%20service%20in%20the%20world%2c%20our%20ninjas%20grow%20to%20learn%20that%20it%20is%20what%20makes%20you%20unique%20(and%20even%20a%20little%20bit%20weird)%20that%20ultimately%20makes%20you%20strong.%22%2c%20%22OriginalTitle%22%3a%20%22Fruit%20Ninja%20Frenzy%20Force%22%2c%20%22Tag%22%3a%20%2216%22%2c%20%22year%22%3a%20%222017%22%7d&quot"/>
</include>

<include content="sessionone">
<param name="seesionone" value="513"/>
<param name="labelname" value="הקאסה גרנדה מדובב"/>
<param name="network" value="[COLOR red](UNKNOWN)[/COLOR]"/>
<param name="baseepisodidcontent" value="plugin://plugin.video.mando/?all_w=%7b%7d&amp;data=2019&amp;dates=%20&amp;description=%5bCOLOR%20aqua%5d%20%d7%a9%d7%95%d7%93%d7%a8%20%d7%91%d7%aa%d7%90%d7%a8%d7%99%d7%9a%2014-10-2019%5b%2fCOLOR%5d%0aRonnie%20Anne%20Santiago%20and%20her%20brother%20Bobby%20move%20away%20from%20Royal%20Woods%20to%20be%20with%20their%20extended%20Casagrande%20family.%20Ronnie%20Anne%20will%20meet%20new%20friends%2c%20express%20more%20about%20her%20relatives%20and%20explore%20the%20endless%20possibilities%20in%20the%20city.%20Bobby%20will%20help%20Grandpa%20Hector%20run%20the%20corner%20store%20as%20he%20discovers%20familiarities%20with%20the%20city%27s%20quirky%20neighbors.&amp;eng_name=%20&amp;episode=%20&amp;fanart=https%3a%2f%2fimage.tmdb.org%2ft%2fp%2foriginal%2f%2f8Nl0mYdmLlzFbHR9i9mvoDL6GVh.jpg&amp;fav_status=false&amp;heb_name=%d7%94%d7%a7%d7%90%d7%a1%d7%94-%d7%92%d7%a8%d7%a0%d7%93%d7%94&amp;iconimage=https%3a%2f%2fimage.tmdb.org%2ft%2fp%2foriginal%2f%2fr4bxPUwIENsYbIWtWbGnsKu4HiV.jpg&amp;id=93260&amp;image_master&amp;isr=0&amp;last_id&amp;mode=19&amp;name=%5bCOLOR%20white%5d%d7%a2%d7%95%d7%a0%d7%94%201%5b%2fCOLOR%5d&amp;original_title=The%20Casagrandes&amp;season=1&amp;show_original_year=2019&amp;tmdbid=344898&amp;url=https%3a%2f%2fapi.themoviedb.org%2f3%2ftv%2f93260%3fapi_key%3d34142515d9d23817496eeb4ff1d223d0%26language%3den%26append_to_response%3dexternal_ids&amp;video_data=%7b%22rating%22%3a%20%220%22%2c%20%22episode%22%3a%200%2c%20%22title%22%3a%20%22%5bCOLOR%20white%5d%5cu05e2%5cu05d5%5cu05e0%5cu05d4%201%5b%2fCOLOR%5d%22%2c%20%22season%22%3a%200%2c%20%22TVshowtitle%22%3a%20%22%22%2c%20%22mediatype%22%3a%20%22movie%22%2c%20%22plot%22%3a%20%22%5bCOLOR%20aqua%5d%20%5cu05e9%5cu05d5%5cu05d3%5cu05e8%20%5cu05d1%5cu05ea%5cu05d0%5cu05e8%5cu05d9%5cu05da%2014-10-2019%5b%2fCOLOR%5d%5cnRonnie%20Anne%20Santiago%20and%20her%20brother%20Bobby%20move%20away%20from%20Royal%20Woods%20to%20be%20with%20their%20extended%20Casagrande%20family.%20Ronnie%20Anne%20will%20meet%20new%20friends%2c%20express%20more%20about%20her%20relatives%20and%20explore%20the%20endless%20possibilities%20in%20the%20city.%20Bobby%20will%20help%20Grandpa%20Hector%20run%20the%20corner%20store%20as%20he%20discovers%20familiarities%20with%20the%20city%27s%20quirky%20neighbors.%22%2c%20%22OriginalTitle%22%3a%20%22The%20Casagrandes%22%2c%20%22Tag%22%3a%20%2216%22%2c%20%22year%22%3a%20%222019%22%7d&quot"/>
</include>

<include content="sessionone">
<param name="seesionone" value="514"/>
<param name="labelname" value="ילד ילדה כלב חתולה עכבר וגבינה"/>
<param name="network" value="[COLOR red](UNKNOWN)[/COLOR]"/>
<param name="baseepisodidcontent" value="plugin://plugin.video.mando/?all_w=%7b%7d&amp;data=2019&amp;dates=%20&amp;description=%5bCOLOR%20aqua%5d%20%d7%a9%d7%95%d7%93%d7%a8%20%d7%91%d7%aa%d7%90%d7%a8%d7%99%d7%9a%2031-10-2019%5b%2fCOLOR%5d%0aThe%20adventures%20of%20an%20average%20family%3b%20a%20boy%2c%20a%20girl%2c%20a%20dog%2c%20a%20cat%2c%20a%20mouse%20and%20..err%2c%20a%20piece%20of%20cheese.%20What%20could%20possibly%20go%20wrong%3f&amp;eng_name=%20&amp;episode=%20&amp;fanart=https%3a%2f%2fimage.tmdb.org%2ft%2fp%2foriginal%2f%20&amp;fav_status=false&amp;heb_name=Boy%20Girl%20Dog%20Cat%20Mouse%20Cheese&amp;iconimage=https%3a%2f%2fimage.tmdb.org%2ft%2fp%2foriginal%2f%2f5HAO4Jz3RZOCQAOpneJxVrBCVfm.jpg&amp;id=101313&amp;image_master&amp;isr=0&amp;last_id&amp;mode=19&amp;name=%5bCOLOR%20white%5d%d7%a2%d7%95%d7%a0%d7%94%201%5b%2fCOLOR%5d&amp;original_title=Boy%20Girl%20Dog%20Cat%20Mouse%20Cheese&amp;season=1&amp;show_original_year=2019&amp;tmdbid=None&amp;url=https%3a%2f%2fapi.themoviedb.org%2f3%2ftv%2f101313%3fapi_key%3d34142515d9d23817496eeb4ff1d223d0%26language%3den%26append_to_response%3dexternal_ids&amp;video_data=%7b%22rating%22%3a%20%220%22%2c%20%22episode%22%3a%200%2c%20%22title%22%3a%20%22%5bCOLOR%20white%5d%5cu05e2%5cu05d5%5cu05e0%5cu05d4%201%5b%2fCOLOR%5d%22%2c%20%22season%22%3a%200%2c%20%22TVshowtitle%22%3a%20%22%22%2c%20%22mediatype%22%3a%20%22movie%22%2c%20%22plot%22%3a%20%22%5bCOLOR%20aqua%5d%20%5cu05e9%5cu05d5%5cu05d3%5cu05e8%20%5cu05d1%5cu05ea%5cu05d0%5cu05e8%5cu05d9%5cu05da%2031-10-2019%5b%2fCOLOR%5d%5cnThe%20adventures%20of%20an%20average%20family%3b%20a%20boy%2c%20a%20girl%2c%20a%20dog%2c%20a%20cat%2c%20a%20mouse%20and%20..err%2c%20a%20piece%20of%20cheese.%20What%20could%20possibly%20go%20wrong%3f%22%2c%20%22OriginalTitle%22%3a%20%22Boy%20Girl%20Dog%20Cat%20Mouse%20Cheese%22%2c%20%22Tag%22%3a%20%2216%22%2c%20%22year%22%3a%20%222019%22%7d&quot"/>
</include>

<include content="sessionone">
<param name="seesionone" value="515"/>
<param name="labelname" value="אמפיביה מדובב"/>
<param name="network" value="[COLOR red](UNKNOWN)[/COLOR]"/>
<param name="baseepisodidcontent" value="plugin://plugin.video.mando/?all_w=%7b%7d&amp;data=2019&amp;dates=%20&amp;description=%5bCOLOR%20aqua%5d%20%d7%a9%d7%95%d7%93%d7%a8%20%d7%91%d7%aa%d7%90%d7%a8%d7%99%d7%9a%2017-06-2019%5b%2fCOLOR%5d%0aThe%20adventures%20of%2013-year-old%2c%20self-centered%20Anne%20Boonchuy%20who%20is%20magically%20transported%20to%20the%20fictitious%20world%20of%20Amphibia%2c%20a%20rural%20marshland%20full%20of%20frog-people.%20With%20the%20help%20of%20an%20excitable%20young%20frog%20named%20Sprig%2c%20Anne%20will%20transform%20into%20a%20hero%20and%20discover%20the%20first%20true%20friendship%20of%20her%20life.&amp;eng_name=%20&amp;episode=%20&amp;fanart=https%3a%2f%2fimage.tmdb.org%2ft%2fp%2foriginal%2f%2fjSTglzkXYPMOI6sNdXGqGM02AP2.jpg&amp;fav_status=false&amp;heb_name=Amphibia&amp;iconimage=https%3a%2f%2fimage.tmdb.org%2ft%2fp%2foriginal%2f%2fzYhdu8J58U3dfGpguEY2EiNMcG3.jpg&amp;id=85349&amp;image_master&amp;isr=0&amp;last_id&amp;mode=19&amp;name=%5bCOLOR%20white%5d%d7%a2%d7%95%d7%a0%d7%94%201%5b%2fCOLOR%5d&amp;original_title=Amphibia&amp;season=1&amp;show_original_year=2019&amp;tmdbid=350984&amp;url=https%3a%2f%2fapi.themoviedb.org%2f3%2ftv%2f85349%3fapi_key%3d34142515d9d23817496eeb4ff1d223d0%26language%3den%26append_to_response%3dexternal_ids&amp;video_data=%7b%22rating%22%3a%20%220%22%2c%20%22episode%22%3a%200%2c%20%22title%22%3a%20%22%5bCOLOR%20white%5d%5cu05e2%5cu05d5%5cu05e0%5cu05d4%201%5b%2fCOLOR%5d%22%2c%20%22season%22%3a%200%2c%20%22TVshowtitle%22%3a%20%22%22%2c%20%22mediatype%22%3a%20%22movie%22%2c%20%22plot%22%3a%20%22%5bCOLOR%20aqua%5d%20%5cu05e9%5cu05d5%5cu05d3%5cu05e8%20%5cu05d1%5cu05ea%5cu05d0%5cu05e8%5cu05d9%5cu05da%2017-06-2019%5b%2fCOLOR%5d%5cnThe%20adventures%20of%2013-year-old%2c%20self-centered%20Anne%20Boonchuy%20who%20is%20magically%20transported%20to%20the%20fictitious%20world%20of%20Amphibia%2c%20a%20rural%20marshland%20full%20of%20frog-people.%20With%20the%20help%20of%20an%20excitable%20young%20frog%20named%20Sprig%2c%20Anne%20will%20transform%20into%20a%20hero%20and%20discover%20the%20first%20true%20friendship%20of%20her%20life.%22%2c%20%22OriginalTitle%22%3a%20%22Amphibia%22%2c%20%22Tag%22%3a%20%2216%22%2c%20%22year%22%3a%20%222019%22%7d&quot"/>
</include>

<include content="sessionone">
<param name="seesionone" value="516"/>
<param name="labelname" value="מטלות מוזרות מדובב"/>
<param name="network" value="[COLOR red](UNKNOWN)[/COLOR]"/>
<param name="baseepisodidcontent" value="plugin://plugin.video.mando/?all_w=%7b%7d&amp;data=2019&amp;dates=%20&amp;description=%5bCOLOR%20aqua%5d%20%d7%a9%d7%95%d7%93%d7%a8%20%d7%91%d7%aa%d7%90%d7%a8%d7%99%d7%9a%2031-10-2019%5b%2fCOLOR%5d%0aThe%20show%20centers%20around%20two%20teenage%20warrior-heroes%20and%20a%20spirited%20ghost%20girl%20who%20master%20the%20skills%20they%20need%20to%20replace%20an%20ageing%20monster-slayer%20by%20doing%20his%20supernatural%20chores.&amp;eng_name=%20&amp;episode=%20&amp;fanart=https%3a%2f%2fimage.tmdb.org%2ft%2fp%2foriginal%2f%2fbFvv7EH4nOhMTlFqYvdldLfGt4e.jpg&amp;fav_status=false&amp;heb_name=The%20Strange%20Chores&amp;iconimage=https%3a%2f%2fimage.tmdb.org%2ft%2fp%2foriginal%2f%2fqO9HKdZrn2AYbhYN71uobhleymd.jpg&amp;id=95393&amp;image_master&amp;isr=0&amp;last_id&amp;mode=19&amp;name=%5bCOLOR%20white%5d%d7%a2%d7%95%d7%a0%d7%94%201%5b%2fCOLOR%5d&amp;original_title=The%20Strange%20Chores&amp;season=1&amp;show_original_year=2019&amp;tmdbid=None&amp;url=https%3a%2f%2fapi.themoviedb.org%2f3%2ftv%2f95393%3fapi_key%3d34142515d9d23817496eeb4ff1d223d0%26language%3den%26append_to_response%3dexternal_ids&amp;video_data=%7b%22rating%22%3a%20%220%22%2c%20%22episode%22%3a%200%2c%20%22title%22%3a%20%22%5bCOLOR%20white%5d%5cu05e2%5cu05d5%5cu05e0%5cu05d4%201%5b%2fCOLOR%5d%22%2c%20%22season%22%3a%200%2c%20%22TVshowtitle%22%3a%20%22%22%2c%20%22mediatype%22%3a%20%22movie%22%2c%20%22plot%22%3a%20%22%5bCOLOR%20aqua%5d%20%5cu05e9%5cu05d5%5cu05d3%5cu05e8%20%5cu05d1%5cu05ea%5cu05d0%5cu05e8%5cu05d9%5cu05da%2031-10-2019%5b%2fCOLOR%5d%5cnThe%20show%20centers%20around%20two%20teenage%20warrior-heroes%20and%20a%20spirited%20ghost%20girl%20who%20master%20the%20skills%20they%20need%20to%20replace%20an%20ageing%20monster-slayer%20by%20doing%20his%20supernatural%20chores.%22%2c%20%22OriginalTitle%22%3a%20%22The%20Strange%20Chores%22%2c%20%22Tag%22%3a%20%2216%22%2c%20%22year%22%3a%20%222019%22%7d&quot"/>
</include>

<include content="sessionone">
<param name="seesionone" value="517"/>
<param name="labelname" value="הרעשנים מדובב"/>
<param name="network" value="[COLOR red](UNKNOWN)[/COLOR]"/>
<param name="baseepisodidcontent" value="plugin://plugin.video.sdarot.tv/season/2354/2/%D7%94%D7%A8%D7%A2%D7%A9%D7%A0%D7%99%D7%9D+%2A%D7%9E%D7%93%D7%95%D7%91%D7%91%2A/The+Loud+House&quot"/>
</include>
<include content="sessiontwo">
<param name="sessiontwo" value="518"/>
<param name="labelname" value="הרעשנים מדובב"/>
<param name="network" value="[COLOR red](UNKNOWN)[/COLOR]"/>
<param name="baseepisodidcontent" value="plugin://plugin.video.sdarot.tv/season/2354/3/%D7%94%D7%A8%D7%A2%D7%A9%D7%A0%D7%99%D7%9D+%2A%D7%9E%D7%93%D7%95%D7%91%D7%91%2A/The+Loud+House&quot"/>
</include>
<include content="sessionthree">
<param name="sessionthree" value="519"/>
<param name="labelname" value="הרעשנים מדובב"/>
<param name="network" value="[COLOR red](NETFLIX)[/COLOR]"/>
<param name="baseepisodidcontent" value="plugin://plugin.video.sdarot.tv/season/2354/4/%D7%94%D7%A8%D7%A2%D7%A9%D7%A0%D7%99%D7%9D+%2A%D7%9E%D7%93%D7%95%D7%91%D7%91%2A/The+Loud+House&quot"/>
</include>

<include content="sessionone">
<param name="seesionone" value="520"/>
<param name="labelname" value="האוונגרס צוות גיבורי העל האיחוד מדובב"/>
<param name="network" value="[COLOR red](UNKNOWN)[/COLOR]"/>
<param name="baseepisodidcontent" value="plugin://plugin.video.mando/?all_w=%7b%7d&amp;data=2016&amp;dates=%20&amp;description=%5bCOLOR%20aqua%5d%20%d7%a9%d7%95%d7%93%d7%a8%20%d7%91%d7%aa%d7%90%d7%a8%d7%99%d7%9a%2013-03-2016%5b%2fCOLOR%5d%0aThe%20further%20adventures%20of%20the%20Marvel%20Universe%27s%20mightiest%20general%20membership%20superhero%20team.%20With%20an%20all-star%20roster%20consisting%20of%20Iron%20Man%2c%20Captain%20America%2c%20Thor%2c%20Hulk%2c%20Hawkeye%2c%20Falcon%20and%2c%20occasionally--when%20she%20feels%20like%20it%20and%20only%20when%20she%20feels%20like%20it--Black%20Widow%2c%20the%20Avengers%20are%20a%20team%20in%20the%20truest%20sense.%20The%20Avengers%20save%20the%20world%20from%20the%20biggest%20threats%20imaginable--threats%20no%20single%20super%20hero%20could%20withstand.&amp;eng_name=%20&amp;episode=%20&amp;fanart=https%3a%2f%2fimage.tmdb.org%2ft%2fp%2foriginal%2f%2fmGHdzDAyMbLaHdNN1Q9H4BgPrP3.jpg&amp;fav_status=false&amp;heb_name=%d7%94%d7%90%d7%95%d7%95%d7%a0%d7%92%27%d7%a8%d7%a1%3a%20%d7%a6%d7%95%d7%95%d7%aa%20%d7%92%d7%99%d7%91%d7%95%d7%a8%d7%99%20%d7%94%d7%a2%d7%9c&amp;iconimage=https%3a%2f%2fimage.tmdb.org%2ft%2fp%2foriginal%2f%2ftfwczYRkDmhHjpd5Pmzog8ZsWJD.jpg&amp;id=59427&amp;image_master&amp;isr=0&amp;last_id&amp;mode=19&amp;name=%5bCOLOR%20white%5d%d7%a2%d7%95%d7%a0%d7%94%203%5b%2fCOLOR%5d&amp;original_title=Marvel%27s%20Avengers%20Assemble&amp;season=3&amp;show_original_year=2013&amp;tmdbid=264030&amp;url=https%3a%2f%2fapi.themoviedb.org%2f3%2ftv%2f59427%3fapi_key%3d34142515d9d23817496eeb4ff1d223d0%26language%3den%26append_to_response%3dexternal_ids&amp;video_data=%7b%22rating%22%3a%20%220%22%2c%20%22episode%22%3a%200%2c%20%22title%22%3a%20%22%5bCOLOR%20white%5d%5cu05e2%5cu05d5%5cu05e0%5cu05d4%203%5b%2fCOLOR%5d%22%2c%20%22season%22%3a%200%2c%20%22TVshowtitle%22%3a%20%22%22%2c%20%22mediatype%22%3a%20%22movie%22%2c%20%22plot%22%3a%20%22%5bCOLOR%20aqua%5d%20%5cu05e9%5cu05d5%5cu05d3%5cu05e8%20%5cu05d1%5cu05ea%5cu05d0%5cu05e8%5cu05d9%5cu05da%2013-03-2016%5b%2fCOLOR%5d%5cnThe%20further%20adventures%20of%20the%20Marvel%20Universe%27s%20mightiest%20general%20membership%20superhero%20team.%20With%20an%20all-star%20roster%20consisting%20of%20Iron%20Man%2c%20Captain%20America%2c%20Thor%2c%20Hulk%2c%20Hawkeye%2c%20Falcon%20and%2c%20occasionally--when%20she%20feels%20like%20it%20and%20only%20when%20she%20feels%20like%20it--Black%20Widow%2c%20the%20Avengers%20are%20a%20team%20in%20the%20truest%20sense.%20The%20Avengers%20save%20the%20world%20from%20the%20biggest%20threats%20imaginable--threats%20no%20single%20super%20hero%20could%20withstand.%22%2c%20%22OriginalTitle%22%3a%20%22Marvel%27s%20Avengers%20Assemble%22%2c%20%22Tag%22%3a%20%2216%22%2c%20%22year%22%3a%20%222016%22%7d&quot"/>
</include>
<include content="sessiontwo">
<param name="sessiontwo" value="521"/>
<param name="labelname" value="האוונגרס צוות גיבורי העל האיחוד מדובב"/>
<param name="network" value="[COLOR red](UNKNOWN)[/COLOR]"/>
<param name="baseepisodidcontent" value="plugin://plugin.video.mando/?all_w=%7b%7d&amp;data=2017&amp;dates=%20&amp;description=%5bCOLOR%20aqua%5d%20%d7%a9%d7%95%d7%93%d7%a8%20%d7%91%d7%aa%d7%90%d7%a8%d7%99%d7%9a%2017-06-2017%5b%2fCOLOR%5d%0aThe%20further%20adventures%20of%20the%20Marvel%20Universe%27s%20mightiest%20general%20membership%20superhero%20team.%20With%20an%20all-star%20roster%20consisting%20of%20Iron%20Man%2c%20Captain%20America%2c%20Thor%2c%20Hulk%2c%20Hawkeye%2c%20Falcon%20and%2c%20occasionally--when%20she%20feels%20like%20it%20and%20only%20when%20she%20feels%20like%20it--Black%20Widow%2c%20the%20Avengers%20are%20a%20team%20in%20the%20truest%20sense.%20The%20Avengers%20save%20the%20world%20from%20the%20biggest%20threats%20imaginable--threats%20no%20single%20super%20hero%20could%20withstand.&amp;eng_name=%20&amp;episode=%20&amp;fanart=https%3a%2f%2fimage.tmdb.org%2ft%2fp%2foriginal%2f%2fmGHdzDAyMbLaHdNN1Q9H4BgPrP3.jpg&amp;fav_status=false&amp;heb_name=%d7%94%d7%90%d7%95%d7%95%d7%a0%d7%92%27%d7%a8%d7%a1%3a%20%d7%a6%d7%95%d7%95%d7%aa%20%d7%92%d7%99%d7%91%d7%95%d7%a8%d7%99%20%d7%94%d7%a2%d7%9c&amp;iconimage=https%3a%2f%2fimage.tmdb.org%2ft%2fp%2foriginal%2f%2fk8Nv5b6WQUlyR6U6DLr2E5hpJ4b.jpg&amp;id=59427&amp;image_master&amp;isr=0&amp;last_id&amp;mode=19&amp;name=%5bCOLOR%20white%5d%d7%a2%d7%95%d7%a0%d7%94%204%5b%2fCOLOR%5d&amp;original_title=Marvel%27s%20Avengers%20Assemble&amp;season=4&amp;show_original_year=2013&amp;tmdbid=264030&amp;url=https%3a%2f%2fapi.themoviedb.org%2f3%2ftv%2f59427%3fapi_key%3d34142515d9d23817496eeb4ff1d223d0%26language%3den%26append_to_response%3dexternal_ids&amp;video_data=%7b%22rating%22%3a%20%220%22%2c%20%22episode%22%3a%200%2c%20%22title%22%3a%20%22%5bCOLOR%20white%5d%5cu05e2%5cu05d5%5cu05e0%5cu05d4%204%5b%2fCOLOR%5d%22%2c%20%22season%22%3a%200%2c%20%22TVshowtitle%22%3a%20%22%22%2c%20%22mediatype%22%3a%20%22movie%22%2c%20%22plot%22%3a%20%22%5bCOLOR%20aqua%5d%20%5cu05e9%5cu05d5%5cu05d3%5cu05e8%20%5cu05d1%5cu05ea%5cu05d0%5cu05e8%5cu05d9%5cu05da%2017-06-2017%5b%2fCOLOR%5d%5cnThe%20further%20adventures%20of%20the%20Marvel%20Universe%27s%20mightiest%20general%20membership%20superhero%20team.%20With%20an%20all-star%20roster%20consisting%20of%20Iron%20Man%2c%20Captain%20America%2c%20Thor%2c%20Hulk%2c%20Hawkeye%2c%20Falcon%20and%2c%20occasionally--when%20she%20feels%20like%20it%20and%20only%20when%20she%20feels%20like%20it--Black%20Widow%2c%20the%20Avengers%20are%20a%20team%20in%20the%20truest%20sense.%20The%20Avengers%20save%20the%20world%20from%20the%20biggest%20threats%20imaginable--threats%20no%20single%20super%20hero%20could%20withstand.%22%2c%20%22OriginalTitle%22%3a%20%22Marvel%27s%20Avengers%20Assemble%22%2c%20%22Tag%22%3a%20%2216%22%2c%20%22year%22%3a%20%222017%22%7d&quot"/>
</include>
<include content="sessionthree">
<param name="sessionthree" value="522"/>
<param name="labelname" value="האוונגרס צוות גיבורי העל האיחוד מדובב"/>
<param name="network" value="[COLOR red](NETFLIX)[/COLOR]"/>
<param name="baseepisodidcontent" value="plugin://plugin.video.mando/?all_w=%7b%7d&amp;data=2018&amp;dates=%20&amp;description=%5bCOLOR%20aqua%5d%20%d7%a9%d7%95%d7%93%d7%a8%20%d7%91%d7%aa%d7%90%d7%a8%d7%99%d7%9a%2023-09-2018%5b%2fCOLOR%5d%0aThe%20further%20adventures%20of%20the%20Marvel%20Universe%27s%20mightiest%20general%20membership%20superhero%20team.%20With%20an%20all-star%20roster%20consisting%20of%20Iron%20Man%2c%20Captain%20America%2c%20Thor%2c%20Hulk%2c%20Hawkeye%2c%20Falcon%20and%2c%20occasionally--when%20she%20feels%20like%20it%20and%20only%20when%20she%20feels%20like%20it--Black%20Widow%2c%20the%20Avengers%20are%20a%20team%20in%20the%20truest%20sense.%20The%20Avengers%20save%20the%20world%20from%20the%20biggest%20threats%20imaginable--threats%20no%20single%20super%20hero%20could%20withstand.&amp;eng_name=%20&amp;episode=%20&amp;fanart=https%3a%2f%2fimage.tmdb.org%2ft%2fp%2foriginal%2f%2fmGHdzDAyMbLaHdNN1Q9H4BgPrP3.jpg&amp;fav_status=false&amp;heb_name=%d7%94%d7%90%d7%95%d7%95%d7%a0%d7%92%27%d7%a8%d7%a1%3a%20%d7%a6%d7%95%d7%95%d7%aa%20%d7%92%d7%99%d7%91%d7%95%d7%a8%d7%99%20%d7%94%d7%a2%d7%9c&amp;iconimage=https%3a%2f%2fimage.tmdb.org%2ft%2fp%2foriginal%2f%2frw9kT0ogOPmVbSlyxUFOp0jxspA.jpg&amp;id=59427&amp;image_master&amp;isr=0&amp;last_id&amp;mode=19&amp;name=%5bCOLOR%20white%5d%d7%a2%d7%95%d7%a0%d7%94%205%5b%2fCOLOR%5d&amp;original_title=Marvel%27s%20Avengers%20Assemble&amp;season=5&amp;show_original_year=2013&amp;tmdbid=264030&amp;url=https%3a%2f%2fapi.themoviedb.org%2f3%2ftv%2f59427%3fapi_key%3d34142515d9d23817496eeb4ff1d223d0%26language%3den%26append_to_response%3dexternal_ids&amp;video_data=%7b%22rating%22%3a%20%220%22%2c%20%22episode%22%3a%200%2c%20%22title%22%3a%20%22%5bCOLOR%20white%5d%5cu05e2%5cu05d5%5cu05e0%5cu05d4%205%5b%2fCOLOR%5d%22%2c%20%22season%22%3a%200%2c%20%22TVshowtitle%22%3a%20%22%22%2c%20%22mediatype%22%3a%20%22movie%22%2c%20%22plot%22%3a%20%22%5bCOLOR%20aqua%5d%20%5cu05e9%5cu05d5%5cu05d3%5cu05e8%20%5cu05d1%5cu05ea%5cu05d0%5cu05e8%5cu05d9%5cu05da%2023-09-2018%5b%2fCOLOR%5d%5cnThe%20further%20adventures%20of%20the%20Marvel%20Universe%27s%20mightiest%20general%20membership%20superhero%20team.%20With%20an%20all-star%20roster%20consisting%20of%20Iron%20Man%2c%20Captain%20America%2c%20Thor%2c%20Hulk%2c%20Hawkeye%2c%20Falcon%20and%2c%20occasionally--when%20she%20feels%20like%20it%20and%20only%20when%20she%20feels%20like%20it--Black%20Widow%2c%20the%20Avengers%20are%20a%20team%20in%20the%20truest%20sense.%20The%20Avengers%20save%20the%20world%20from%20the%20biggest%20threats%20imaginable--threats%20no%20single%20super%20hero%20could%20withstand.%22%2c%20%22OriginalTitle%22%3a%20%22Marvel%27s%20Avengers%20Assemble%22%2c%20%22Tag%22%3a%20%2216%22%2c%20%22year%22%3a%20%222018%22%7d&quot"/>
</include>

<include content="sessionone">
<param name="seesionone" value="523"/>
<param name="labelname" value="אנצנטימלס"/>
<param name="network" value="[COLOR red](UNKNOWN)[/COLOR]"/>
<param name="baseepisodidcontent" value="plugin://plugin.video.mando/?all_w=%7b%7d&amp;data=2018&amp;dates=%20&amp;description=%5bCOLOR%20aqua%5d%20%d7%a9%d7%95%d7%93%d7%a8%20%d7%91%d7%aa%d7%90%d7%a8%d7%99%d7%9a%2020-07-2018%5b%2fCOLOR%5d%0aEnchantimals%20are%20a%20group%20of%20lovable%20girls%20who%20have%20a%20special%20bond%20with%20their%20animal%20friends%2c%20and%20even%20share%20some%20of%20the%20same%20characteristics.%20Together%2c%20they%20live%20in%20a%20fantastical%20world%20where%20fun%20and%20adventure%20are%20right%20around%20every%20corner!%20%20A%20world%20where%20friendship%20makes%20anything%20possible.&amp;eng_name=%20&amp;episode=%20&amp;fanart=https%3a%2f%2fimage.tmdb.org%2ft%2fp%2foriginal%2f%20&amp;fav_status=false&amp;heb_name=Enchantimals%3a%20Tales%20From%20Everwilde&amp;iconimage=https%3a%2f%2fimage.tmdb.org%2ft%2fp%2foriginal%2f%2f9OdiUGsLdlNC1feocj4AdDalKxK.jpg&amp;id=100435&amp;image_master&amp;isr=0&amp;last_id&amp;mode=19&amp;name=%5bCOLOR%20white%5d%d7%a2%d7%95%d7%a0%d7%94%201%5b%2fCOLOR%5d&amp;original_title=Enchantimals%3a%20Tales%20From%20Everwilde&amp;season=1&amp;show_original_year=2018&amp;tmdbid=None&amp;url=https%3a%2f%2fapi.themoviedb.org%2f3%2ftv%2f100435%3fapi_key%3d34142515d9d23817496eeb4ff1d223d0%26language%3den%26append_to_response%3dexternal_ids&amp;video_data=%7b%22rating%22%3a%20%220%22%2c%20%22episode%22%3a%200%2c%20%22title%22%3a%20%22%5bCOLOR%20white%5d%5cu05e2%5cu05d5%5cu05e0%5cu05d4%201%5b%2fCOLOR%5d%22%2c%20%22season%22%3a%200%2c%20%22TVshowtitle%22%3a%20%22%22%2c%20%22mediatype%22%3a%20%22movie%22%2c%20%22plot%22%3a%20%22%5bCOLOR%20aqua%5d%20%5cu05e9%5cu05d5%5cu05d3%5cu05e8%20%5cu05d1%5cu05ea%5cu05d0%5cu05e8%5cu05d9%5cu05da%2020-07-2018%5b%2fCOLOR%5d%5cnEnchantimals%20are%20a%20group%20of%20lovable%20girls%20who%20have%20a%20special%20bond%20with%20their%20animal%20friends%2c%20and%20even%20share%20some%20of%20the%20same%20characteristics.%20Together%2c%20they%20live%20in%20a%20fantastical%20world%20where%20fun%20and%20adventure%20are%20right%20around%20every%20corner!%20%20A%20world%20where%20friendship%20makes%20anything%20possible.%22%2c%20%22OriginalTitle%22%3a%20%22Enchantimals%3a%20Tales%20From%20Everwilde%22%2c%20%22Tag%22%3a%20%2216%22%2c%20%22year%22%3a%20%222018%22%7d&quot"/>
</include>

<include content="sessionone">
<param name="seesionone" value="524"/>
<param name="labelname" value="פאוור ריינגרס ביסט מורפרס מדובב"/>
<param name="network" value="[COLOR red](UNKNOWN)[/COLOR]"/>
<param name="baseepisodidcontent" value="plugin://plugin.video.sdarot.tv/season/5334/1/%D7%A4%D7%90%D7%95%D7%95%D7%A8+%D7%A8%D7%99%D7%99%D7%A0%D7%92%27%D7%A8%D7%A1+-+%D7%91%D7%99%D7%A1%D7%98+%D7%9E%D7%95%D7%A8%D7%A4%D7%A8%D7%A1+%2A%D7%9E%D7%93%D7%95%D7%91%D7%91%2A/Power+Rangers+Beast+Morphers&quot"/>
</include>

<include content="sessionone">
<param name="seesionone" value="525"/>
<param name="labelname" value="מכשפים סיפורי ארקדיה מדובב"/>
<param name="network" value="[COLOR red](UNKNOWN)[/COLOR]"/>
<param name="baseepisodidcontent" value="plugin://plugin.video.sdarot.tv/season/5696/1/%D7%9E%D7%9B%D7%A9%D7%A4%D7%99%D7%9D%3A+%D7%A1%D7%99%D7%A4%D7%95%D7%A8%D7%99+%D7%90%D7%A8%D7%A7%D7%93%D7%99%D7%94+%2A%D7%9E%D7%93%D7%95%D7%91%D7%91%2A/Wizards%3A+Tales+Of+Arcadia&quot"/>
</include>

<include content="sessionone">
<param name="seesionone" value="526"/>
<param name="labelname" value="בית הרפתקאות עם טיפ ואו מדובב"/>
<param name="network" value="[COLOR red](UNKNOWN)[/COLOR]"/>
<param name="baseepisodidcontent" value="plugin://plugin.video.mando/?all_w=%7b%7d&amp;data=2017&amp;dates=%20&amp;description=%5bCOLOR%20aqua%5d%20%d7%a9%d7%95%d7%93%d7%a8%20%d7%91%d7%aa%d7%90%d7%a8%d7%99%d7%9a%2026-01-2017%5b%2fCOLOR%5d%0aPicking%20up%20where%20the%202015%20film%20left%20off%2c%20this%20coming-of-age%20buddy%20comedy%20follows%20fearless%20Tip%20and%20overenthusiastic%20Oh%2c%20as%20they%20navigate%20the%20crazily%20combined%20human%20and%20alien%20culture%20they%20live%20in%2c%20finding%20adventure%20everywhere%20they%20go.&amp;eng_name=%20&amp;episode=%20&amp;fanart=https%3a%2f%2fimage.tmdb.org%2ft%2fp%2foriginal%2f%2fnb0YKoliBN1GhaLlAWOY8Aepz0D.jpg&amp;fav_status=false&amp;heb_name=%d7%91%d7%99%d7%aa%20-%20%d7%94%d7%a8%d7%a4%d7%aa%d7%a7%d7%90%d7%95%d7%aa%20%d7%a2%d7%9d%20%d7%98%d7%99%d7%a4%20%d7%95%d7%90%d7%95&amp;iconimage=https%3a%2f%2fimage.tmdb.org%2ft%2fp%2foriginal%2f%2faqNNYsqntcLqIbxH2401tGYnASm.jpg&amp;id=67242&amp;image_master&amp;isr=0&amp;last_id&amp;mode=19&amp;name=%5bCOLOR%20white%5d%d7%a2%d7%95%d7%a0%d7%94%202%5b%2fCOLOR%5d&amp;original_title=Home%3a%20Adventures%20with%20Tip%20%26%20Oh&amp;season=2&amp;show_original_year=2016&amp;tmdbid=314461&amp;url=https%3a%2f%2fapi.themoviedb.org%2f3%2ftv%2f67242%3fapi_key%3d34142515d9d23817496eeb4ff1d223d0%26language%3den%26append_to_response%3dexternal_ids&amp;video_data=%7b%22rating%22%3a%20%220%22%2c%20%22episode%22%3a%200%2c%20%22title%22%3a%20%22%5bCOLOR%20white%5d%5cu05e2%5cu05d5%5cu05e0%5cu05d4%202%5b%2fCOLOR%5d%22%2c%20%22season%22%3a%200%2c%20%22TVshowtitle%22%3a%20%22%22%2c%20%22mediatype%22%3a%20%22movie%22%2c%20%22plot%22%3a%20%22%5bCOLOR%20aqua%5d%20%5cu05e9%5cu05d5%5cu05d3%5cu05e8%20%5cu05d1%5cu05ea%5cu05d0%5cu05e8%5cu05d9%5cu05da%2026-01-2017%5b%2fCOLOR%5d%5cnPicking%20up%20where%20the%202015%20film%20left%20off%2c%20this%20coming-of-age%20buddy%20comedy%20follows%20fearless%20Tip%20and%20overenthusiastic%20Oh%2c%20as%20they%20navigate%20the%20crazily%20combined%20human%20and%20alien%20culture%20they%20live%20in%2c%20finding%20adventure%20everywhere%20they%20go.%22%2c%20%22OriginalTitle%22%3a%20%22Home%3a%20Adventures%20with%20Tip%20%26%20Oh%22%2c%20%22Tag%22%3a%20%2216%22%2c%20%22year%22%3a%20%222017%22%7d&quot"/>
</include>
<include content="sessiontwo">
<param name="sessiontwo" value="527"/>
<param name="labelname" value="בית הרפתקאות עם טיפ ואו מדובב"/>
<param name="network" value="[COLOR red](UNKNOWN)[/COLOR]"/>
<param name="baseepisodidcontent" value="plugin://plugin.video.mando/?all_w=%7b%7d&amp;data=2017&amp;dates=%20&amp;description=%5bCOLOR%20aqua%5d%20%d7%a9%d7%95%d7%93%d7%a8%20%d7%91%d7%aa%d7%90%d7%a8%d7%99%d7%9a%2010-08-2017%5b%2fCOLOR%5d%0aPicking%20up%20where%20the%202015%20film%20left%20off%2c%20this%20coming-of-age%20buddy%20comedy%20follows%20fearless%20Tip%20and%20overenthusiastic%20Oh%2c%20as%20they%20navigate%20the%20crazily%20combined%20human%20and%20alien%20culture%20they%20live%20in%2c%20finding%20adventure%20everywhere%20they%20go.&amp;eng_name=%20&amp;episode=%20&amp;fanart=https%3a%2f%2fimage.tmdb.org%2ft%2fp%2foriginal%2f%2fnb0YKoliBN1GhaLlAWOY8Aepz0D.jpg&amp;fav_status=false&amp;heb_name=%d7%91%d7%99%d7%aa%20-%20%d7%94%d7%a8%d7%a4%d7%aa%d7%a7%d7%90%d7%95%d7%aa%20%d7%a2%d7%9d%20%d7%98%d7%99%d7%a4%20%d7%95%d7%90%d7%95&amp;iconimage=https%3a%2f%2fimage.tmdb.org%2ft%2fp%2foriginal%2f%2fvE5wSMOMTf3bi5k9dEl6dOQ9n8b.jpg&amp;id=67242&amp;image_master&amp;isr=0&amp;last_id&amp;mode=19&amp;name=%5bCOLOR%20white%5d%d7%a2%d7%95%d7%a0%d7%94%203%5b%2fCOLOR%5d&amp;original_title=Home%3a%20Adventures%20with%20Tip%20%26%20Oh&amp;season=3&amp;show_original_year=2016&amp;tmdbid=314461&amp;url=https%3a%2f%2fapi.themoviedb.org%2f3%2ftv%2f67242%3fapi_key%3d34142515d9d23817496eeb4ff1d223d0%26language%3den%26append_to_response%3dexternal_ids&amp;video_data=%7b%22rating%22%3a%20%220%22%2c%20%22episode%22%3a%200%2c%20%22title%22%3a%20%22%5bCOLOR%20white%5d%5cu05e2%5cu05d5%5cu05e0%5cu05d4%203%5b%2fCOLOR%5d%22%2c%20%22season%22%3a%200%2c%20%22TVshowtitle%22%3a%20%22%22%2c%20%22mediatype%22%3a%20%22movie%22%2c%20%22plot%22%3a%20%22%5bCOLOR%20aqua%5d%20%5cu05e9%5cu05d5%5cu05d3%5cu05e8%20%5cu05d1%5cu05ea%5cu05d0%5cu05e8%5cu05d9%5cu05da%2010-08-2017%5b%2fCOLOR%5d%5cnPicking%20up%20where%20the%202015%20film%20left%20off%2c%20this%20coming-of-age%20buddy%20comedy%20follows%20fearless%20Tip%20and%20overenthusiastic%20Oh%2c%20as%20they%20navigate%20the%20crazily%20combined%20human%20and%20alien%20culture%20they%20live%20in%2c%20finding%20adventure%20everywhere%20they%20go.%22%2c%20%22OriginalTitle%22%3a%20%22Home%3a%20Adventures%20with%20Tip%20%26%20Oh%22%2c%20%22Tag%22%3a%20%2216%22%2c%20%22year%22%3a%20%222017%22%7d&quot"/>
</include>
<include content="sessionthree">
<param name="sessionthree" value="528"/>
<param name="labelname" value="בית הרפתקאות עם טיפ ואו מדובב"/>
<param name="network" value="[COLOR red](UNKNOWN)[/COLOR]"/>
<param name="baseepisodidcontent" value="plugin://plugin.video.mando/?all_w=%7b%7d&amp;data=2018&amp;dates=%20&amp;description=%5bCOLOR%20aqua%5d%20%d7%a9%d7%95%d7%93%d7%a8%20%d7%91%d7%aa%d7%90%d7%a8%d7%99%d7%9a%2019-07-2018%5b%2fCOLOR%5d%0aPicking%20up%20where%20the%202015%20film%20left%20off%2c%20this%20coming-of-age%20buddy%20comedy%20follows%20fearless%20Tip%20and%20overenthusiastic%20Oh%2c%20as%20they%20navigate%20the%20crazily%20combined%20human%20and%20alien%20culture%20they%20live%20in%2c%20finding%20adventure%20everywhere%20they%20go.&amp;eng_name=%20&amp;episode=%20&amp;fanart=https%3a%2f%2fimage.tmdb.org%2ft%2fp%2foriginal%2f%2fnb0YKoliBN1GhaLlAWOY8Aepz0D.jpg&amp;fav_status=false&amp;heb_name=%d7%91%d7%99%d7%aa%20-%20%d7%94%d7%a8%d7%a4%d7%aa%d7%a7%d7%90%d7%95%d7%aa%20%d7%a2%d7%9d%20%d7%98%d7%99%d7%a4%20%d7%95%d7%90%d7%95&amp;iconimage=https%3a%2f%2fimage.tmdb.org%2ft%2fp%2foriginal%2f%2fqm7ZMvd6jPHbIwu0h1tkBwUxnd0.jpg&amp;id=67242&amp;image_master&amp;isr=0&amp;last_id&amp;mode=19&amp;name=%5bCOLOR%20white%5d%d7%a2%d7%95%d7%a0%d7%94%204%5b%2fCOLOR%5d&amp;original_title=Home%3a%20Adventures%20with%20Tip%20%26%20Oh&amp;season=4&amp;show_original_year=2016&amp;tmdbid=314461&amp;url=https%3a%2f%2fapi.themoviedb.org%2f3%2ftv%2f67242%3fapi_key%3d34142515d9d23817496eeb4ff1d223d0%26language%3den%26append_to_response%3dexternal_ids&amp;video_data=%7b%22rating%22%3a%20%220%22%2c%20%22episode%22%3a%200%2c%20%22title%22%3a%20%22%5bCOLOR%20white%5d%5cu05e2%5cu05d5%5cu05e0%5cu05d4%204%5b%2fCOLOR%5d%22%2c%20%22season%22%3a%200%2c%20%22TVshowtitle%22%3a%20%22%22%2c%20%22mediatype%22%3a%20%22movie%22%2c%20%22plot%22%3a%20%22%5bCOLOR%20aqua%5d%20%5cu05e9%5cu05d5%5cu05d3%5cu05e8%20%5cu05d1%5cu05ea%5cu05d0%5cu05e8%5cu05d9%5cu05da%2019-07-2018%5b%2fCOLOR%5d%5cnPicking%20up%20where%20the%202015%20film%20left%20off%2c%20this%20coming-of-age%20buddy%20comedy%20follows%20fearless%20Tip%20and%20overenthusiastic%20Oh%2c%20as%20they%20navigate%20the%20crazily%20combined%20human%20and%20alien%20culture%20they%20live%20in%2c%20finding%20adventure%20everywhere%20they%20go.%22%2c%20%22OriginalTitle%22%3a%20%22Home%3a%20Adventures%20with%20Tip%20%26%20Oh%22%2c%20%22Tag%22%3a%20%2216%22%2c%20%22year%22%3a%20%222018%22%7d&quot"/>
</include>

<include content="sessionone">
<param name="seesionone" value="529"/>
<param name="labelname" value="הארווי ביקס מדובב"/>
<param name="network" value="[COLOR red](UNKNOWN)[/COLOR]"/>
<param name="baseepisodidcontent" value="plugin://plugin.video.mando/?all_w=%7b%7d&amp;data=2015&amp;dates=%20&amp;description=%5bCOLOR%20aqua%5d%20%d7%a9%d7%95%d7%93%d7%a8%20%d7%91%d7%aa%d7%90%d7%a8%d7%99%d7%9a%2029-03-2015%5b%2fCOLOR%5d%0aA%20mild-mannered%20young%20bird%20and%20his%20best%20friends%2c%20a%20pair%20of%20rambunctious%20siblings%20called%20Fee%20and%20Foo%2c%20seek%20adventure%20and%20mischief%20in%20the%20magical%20forest%20that%20they%20call%20home.&amp;eng_name=%20&amp;episode=%20&amp;fanart=https%3a%2f%2fimage.tmdb.org%2ft%2fp%2foriginal%2f%2f9os24XFJf1LRpYvfIVMaEJFGiEQ.jpg&amp;fav_status=false&amp;heb_name=Harvey%20Beaks&amp;iconimage=https%3a%2f%2fimage.tmdb.org%2ft%2fp%2foriginal%2f%2f8ZyogSmk6UFKz6Cz3VOo93QRuB4.jpg&amp;id=62487&amp;image_master&amp;isr=0&amp;last_id&amp;mode=19&amp;name=%5bCOLOR%20white%5d%d7%a2%d7%95%d7%a0%d7%94%201%5b%2fCOLOR%5d&amp;original_title=Harvey%20Beaks&amp;season=1&amp;show_original_year=2015&amp;tmdbid=293115&amp;url=https%3a%2f%2fapi.themoviedb.org%2f3%2ftv%2f62487%3fapi_key%3d34142515d9d23817496eeb4ff1d223d0%26language%3den%26append_to_response%3dexternal_ids&amp;video_data=%7b%22rating%22%3a%20%220%22%2c%20%22episode%22%3a%200%2c%20%22title%22%3a%20%22%5bCOLOR%20white%5d%5cu05e2%5cu05d5%5cu05e0%5cu05d4%201%5b%2fCOLOR%5d%22%2c%20%22season%22%3a%200%2c%20%22TVshowtitle%22%3a%20%22%22%2c%20%22mediatype%22%3a%20%22movie%22%2c%20%22plot%22%3a%20%22%5bCOLOR%20aqua%5d%20%5cu05e9%5cu05d5%5cu05d3%5cu05e8%20%5cu05d1%5cu05ea%5cu05d0%5cu05e8%5cu05d9%5cu05da%2029-03-2015%5b%2fCOLOR%5d%5cnA%20mild-mannered%20young%20bird%20and%20his%20best%20friends%2c%20a%20pair%20of%20rambunctious%20siblings%20called%20Fee%20and%20Foo%2c%20seek%20adventure%20and%20mischief%20in%20the%20magical%20forest%20that%20they%20call%20home.%22%2c%20%22OriginalTitle%22%3a%20%22Harvey%20Beaks%22%2c%20%22Tag%22%3a%20%2216%22%2c%20%22year%22%3a%20%222015%22%7d&quot"/>
</include>
<include content="sessiontwo">
<param name="sessiontwo" value="530"/>
<param name="labelname" value="הארווי ביקס מדובב"/>
<param name="network" value="[COLOR red](UNKNOWN)[/COLOR]"/>
<param name="baseepisodidcontent" value="plugin://plugin.video.mando/?all_w=%7b%7d&amp;data=2016&amp;dates=%20&amp;description=%5bCOLOR%20aqua%5d%20%d7%a9%d7%95%d7%93%d7%a8%20%d7%91%d7%aa%d7%90%d7%a8%d7%99%d7%9a%2013-06-2016%5b%2fCOLOR%5d%0aA%20mild-mannered%20young%20bird%20and%20his%20best%20friends%2c%20a%20pair%20of%20rambunctious%20siblings%20called%20Fee%20and%20Foo%2c%20seek%20adventure%20and%20mischief%20in%20the%20magical%20forest%20that%20they%20call%20home.&amp;eng_name=%20&amp;episode=%20&amp;fanart=https%3a%2f%2fimage.tmdb.org%2ft%2fp%2foriginal%2f%2f9os24XFJf1LRpYvfIVMaEJFGiEQ.jpg&amp;fav_status=false&amp;heb_name=Harvey%20Beaks&amp;iconimage=https%3a%2f%2fimage.tmdb.org%2ft%2fp%2foriginal%2f%2f8ZyogSmk6UFKz6Cz3VOo93QRuB4.jpg&amp;id=62487&amp;image_master&amp;isr=0&amp;last_id&amp;mode=19&amp;name=%5bCOLOR%20white%5d%d7%a2%d7%95%d7%a0%d7%94%202%5b%2fCOLOR%5d&amp;original_title=Harvey%20Beaks&amp;season=2&amp;show_original_year=2015&amp;tmdbid=293115&amp;url=https%3a%2f%2fapi.themoviedb.org%2f3%2ftv%2f62487%3fapi_key%3d34142515d9d23817496eeb4ff1d223d0%26language%3den%26append_to_response%3dexternal_ids&amp;video_data=%7b%22rating%22%3a%20%220%22%2c%20%22episode%22%3a%200%2c%20%22title%22%3a%20%22%5bCOLOR%20white%5d%5cu05e2%5cu05d5%5cu05e0%5cu05d4%202%5b%2fCOLOR%5d%22%2c%20%22season%22%3a%200%2c%20%22TVshowtitle%22%3a%20%22%22%2c%20%22mediatype%22%3a%20%22movie%22%2c%20%22plot%22%3a%20%22%5bCOLOR%20aqua%5d%20%5cu05e9%5cu05d5%5cu05d3%5cu05e8%20%5cu05d1%5cu05ea%5cu05d0%5cu05e8%5cu05d9%5cu05da%2013-06-2016%5b%2fCOLOR%5d%5cnA%20mild-mannered%20young%20bird%20and%20his%20best%20friends%2c%20a%20pair%20of%20rambunctious%20siblings%20called%20Fee%20and%20Foo%2c%20seek%20adventure%20and%20mischief%20in%20the%20magical%20forest%20that%20they%20call%20home.%22%2c%20%22OriginalTitle%22%3a%20%22Harvey%20Beaks%22%2c%20%22Tag%22%3a%20%2216%22%2c%20%22year%22%3a%20%222016%22%7d&quot"/>
</include>

<include content="sessionone">
<param name="seesionone" value="531"/>
<param name="labelname" value="גיבורי התנך הגדולים מדובב"/>
<param name="network" value="[COLOR red](UNKNOWN)[/COLOR]"/>
<param name="baseepisodidcontent" value="plugin://plugin.video.FlashTV/?cat_level=%20&amp;count=0&amp;description=%d7%92%d7%99%d7%91%d7%95%d7%a8%d7%99%20%d7%94%d7%aa%d7%a0%27%d7%9a%20%d7%94%d7%92%d7%93%d7%95%d7%9c%d7%99%d7%9d%20(%d7%91%d7%90%d7%a0%d7%92%d7%9c%d7%99%d7%aa%3a%20Greatest%20Heroes%20and%20Legends%20of%20the%20Bible)%20%d7%94%d7%99%d7%90%20%d7%a1%d7%93%d7%a8%d7%aa%20%d7%94%d7%a0%d7%a4%d7%a9%d7%94%20%d7%90%d7%9e%d7%a8%d7%99%d7%a7%d7%90%d7%99%d7%aa%20%d7%94%d7%9e%d7%91%d7%95%d7%a1%d7%a1%d7%aa%20%d7%a2%d7%9c%20%d7%a1%d7%99%d7%a4%d7%95%d7%a8%d7%99%20%d7%94%d7%aa%d7%a0%27%d7%9a%20%d7%95%d7%94%d7%91%d7%a8%d7%99%d7%aa%20%d7%94%d7%97%d7%93%d7%a9%d7%94%2c%20%d7%90%d7%a9%d7%a8%20%d7%91%d7%95%d7%99%d7%9e%d7%94%20%d7%95%d7%94%d7%95%d7%a4%d7%a7%d7%94%20%d7%a2%d7%9c%20%d7%99%d7%93%d7%99%20%d7%95%d7%95%d7%99%d7%9c%d7%99%d7%90%d7%9d%20%d7%a8%27.%20%d7%a7%d7%95%d7%91%d7%90%d7%9c%d7%a6%27%d7%95%d7%a7%20%d7%92%27%d7%95%d7%a0%d7%99%d7%95%d7%a8%2c%20%d7%94%d7%99%d7%93%d7%95%d7%a2%20%d7%91%d7%94%d7%a4%d7%a7%d7%aa%20%d7%a1%d7%a8%d7%98%d7%99%20%d7%94%d7%a0%d7%a4%d7%a9%d7%94%20%d7%a8%d7%91%d7%99%d7%9d.%20%d7%94%d7%a1%d7%93%d7%a8%d7%94%20%d7%a2%d7%95%d7%a7%d7%91%d7%aa%20%d7%90%d7%97%d7%a8%20%d7%9e%d7%a1%d7%a4%d7%a8%20%d7%a1%d7%99%d7%a4%d7%95%d7%a8%d7%99%d7%9d%20%d7%a0%d7%95%d7%93%d7%93%20%d7%91%d7%a9%d7%9d%20%d7%a9%d7%9e%d7%a2%d7%95%d7%9f%20(%d7%9e%d7%93%d7%95%d7%91%d7%91%20%d7%a2%d7%9c%20%d7%99%d7%93%d7%99%20%d7%a6%27%d7%a8%d7%9c%d7%98%d7%95%d7%9f%20%d7%94%d7%a1%d7%98%d7%95%d7%9f%20%d7%91%d7%9e%d7%a7%d7%95%d7%a8%2c%20%d7%95%d7%a2%d7%9c%20%d7%99%d7%93%d7%99%20%d7%9c%d7%99%d7%a8%d7%95%d7%9f%20%d7%9c%d7%91%20%d7%91%d7%a2%d7%91%d7%a8%d7%99%d7%aa)%2c%20%d7%90%d7%a9%d7%a8%20%d7%91%d7%9b%d7%9c%20%d7%a4%d7%a8%d7%a7%20%d7%9e%d7%a1%d7%a4%d7%a8%20%d7%9c%d7%a6%d7%95%d7%a4%d7%99%d7%9d%20%d7%a1%d7%99%d7%a4%d7%95%d7%a8%20%d7%97%d7%93%d7%a9%20%d7%9e%d7%94%d7%aa%d7%a0%27%d7%9a%20%d7%95%d7%9e%d7%94%d7%91%d7%a8%d7%99%d7%aa%20%d7%94%d7%97%d7%93%d7%a9%d7%94.%20&amp;fanart&amp;iconimage=https%3a%2f%2fimage.tmdb.org%2ft%2fp%2foriginal%2fkOQutpHyN1tbAW0Yz6ocGYXFmQV.jpg&amp;index_depth=0&amp;lang=eng&amp;mode=5&amp;name=%d7%92%d7%99%d7%91%d7%95%d7%a8%d7%99%20%d7%94%d7%aa%d7%a0%27%d7%9a%20%d7%94%d7%92%d7%93%d7%95%d7%9c%d7%99%d7%9d%20-%20%d7%9b%d7%9c%20%d7%94%d7%a4%d7%a8%d7%a7%d7%99%d7%9d%20-%20%d7%9e%d7%93%d7%95%d7%91%d7%91&amp;page&amp;selected_list=%20&amp;url=%d7%a1%d7%93%d7%a8%d7%95%d7%aa%d7%a1%d7%93%d7%a8%d7%95%d7%aa%20%d7%99%d7%a9%d7%a8%d7%90%d7%9c%d7%99%d7%95%d7%aa%d7%92%d7%99%d7%91%d7%95%d7%a8%d7%99%20%d7%94%d7%aa%d7%a0%2527%d7%9a%20%d7%94%d7%92%d7%93%d7%95%d7%9c%d7%99%d7%9d%20-%20%d7%9b%d7%9c%20%d7%94%d7%a4%d7%a8%d7%a7%d7%99%d7%9d%20-%20%d7%9e%d7%93%d7%95%d7%91%d7%91&quot"/>
</include>

<include content="sessionone">
<param name="seesionone" value="532"/>
<param name="labelname" value="דנוור הדינוזאור האחרון"/>
<param name="network" value="[COLOR red](UNKNOWN)[/COLOR]"/>
<param name="baseepisodidcontent" value="plugin://plugin.video.sdarot.tv/season/5639/1/%D7%93%D7%A0%D7%95%D7%95%D7%A8+%D7%94%D7%93%D7%99%D7%A0%D7%95%D7%96%D7%90%D7%95%D7%A8+%D7%94%D7%90%D7%97%D7%A8%D7%95%D7%9F+2020+%2A%D7%9E%D7%93%D7%95%D7%91%D7%91%2A/Denver+the+Last+Dinosaur&quot"/>
</include>

<include content="sessionone">
<param name="seesionone" value="533"/>
<param name="labelname" value="סיידי ספארקס מדובב"/>
<param name="network" value="[COLOR red](UNKNOWN)[/COLOR]"/>
<param name="baseepisodidcontent" value="plugin://plugin.video.sdarot.tv/season/4996/1/%D7%A1%D7%99%D7%99%D7%93%D7%99+%D7%A1%D7%A4%D7%90%D7%A8%D7%A7%D7%A1+%2A%D7%9E%D7%93%D7%95%D7%91%D7%91%2A/Sadie+Sparks&quot"/>
</include>

<include content="sessionone">
<param name="seesionone" value="534"/>
<param name="labelname" value="שלושה בהסוואה סיפורי ארקדיה מדובב"/>
<param name="network" value="[COLOR red](NETFLIX)[/COLOR]"/>
<param name="baseepisodidcontent" value="plugin://plugin.video.sdarot.tv/season/4291/1/%D7%A9%D7%9C%D7%95%D7%A9%D7%94+%D7%91%D7%94%D7%A1%D7%95%D7%95%D7%90%D7%94%3A+%D7%A1%D7%99%D7%A4%D7%95%D7%A8%D7%99+%D7%90%D7%A8%D7%A7%D7%93%D7%99%D7%94+%2A%D7%9E%D7%93%D7%95%D7%91%D7%91%2A/3Below%3A+Tales+of+Arcadia&quot"/>
</include>
<include content="sessiontwo">
<param name="sessiontwo" value="535"/>
<param name="labelname" value="שלושה בהסוואה סיפורי ארקדיה מדובב"/>
<param name="network" value="[COLOR red](NETFLIX)[/COLOR]"/>
<param name="baseepisodidcontent" value="plugin://plugin.video.sdarot.tv/season/4291/2/%D7%A9%D7%9C%D7%95%D7%A9%D7%94+%D7%91%D7%94%D7%A1%D7%95%D7%95%D7%90%D7%94%3A+%D7%A1%D7%99%D7%A4%D7%95%D7%A8%D7%99+%D7%90%D7%A8%D7%A7%D7%93%D7%99%D7%94+%2A%D7%9E%D7%93%D7%95%D7%91%D7%91%2A/3Below%3A+Tales+of+Arcadia&quot"/>
</include>


<include content="sessionone">
<param name="seesionone" value="536"/>
<param name="labelname" value="האקדמיה של סקיילנדרס מדובב"/>
<param name="network" value="[COLOR red](NETFLIX)[/COLOR]"/>
<param name="baseepisodidcontent" value="plugin://plugin.video.sdarot.tv/season/3229/1/%D7%94%D7%90%D7%A7%D7%93%D7%9E%D7%99%D7%94+%D7%A9%D7%9C+%D7%A1%D7%A7%D7%99%D7%99%D7%9C%D7%A0%D7%93%D7%A8%D7%A1+-+%D7%9E%D7%93%D7%95%D7%91%D7%91/Skylanders+Academy&quot"/>
</include>
<include content="sessiontwo">
<param name="sessiontwo" value="537"/>
<param name="labelname" value="האקדמיה של סקיילנדרס מדובב"/>
<param name="network" value="[COLOR red](NETFLIX)[/COLOR]"/>
<param name="baseepisodidcontent" value="plugin://plugin.video.sdarot.tv/season/3229/2/%D7%94%D7%90%D7%A7%D7%93%D7%9E%D7%99%D7%94+%D7%A9%D7%9C+%D7%A1%D7%A7%D7%99%D7%99%D7%9C%D7%A0%D7%93%D7%A8%D7%A1+-+%D7%9E%D7%93%D7%95%D7%91%D7%91/Skylanders+Academy&quot"/>
</include>
<include content="sessionthree">
<param name="sessionthree" value="538"/>
<param name="labelname" value="האקדמיה של סקיילנדרס מדובב"/>
<param name="network" value="[COLOR red](NETFLIX)[/COLOR]"/>
<param name="baseepisodidcontent" value="plugin://plugin.video.sdarot.tv/season/3229/3/%D7%94%D7%90%D7%A7%D7%93%D7%9E%D7%99%D7%94+%D7%A9%D7%9C+%D7%A1%D7%A7%D7%99%D7%99%D7%9C%D7%A0%D7%93%D7%A8%D7%A1+-+%D7%9E%D7%93%D7%95%D7%91%D7%91/Skylanders+Academy&quot"/>
</include>

<include content="sessionone">
<param name="seesionone" value="539"/>
<param name="labelname" value="ציידי הטרולים מדובב"/>
<param name="network" value="[COLOR red](NETFLIX)[/COLOR]"/>
<param name="baseepisodidcontent" value="plugin://plugin.video.sdarot.tv/season/2758/1/%D7%A6%D7%99%D7%99%D7%93%D7%99+%D7%94%D7%98%D7%A8%D7%95%D7%9C%D7%99%D7%9D++%2A%D7%9E%D7%93%D7%95%D7%91%D7%91%2A/Trollhunters&quot"/>
</include>
<include content="sessiontwo">
<param name="sessiontwo" value="540"/>
<param name="labelname" value="ציידי הטרולים מדובב"/>
<param name="network" value="[COLOR red](NETFLIX)[/COLOR]"/>
<param name="baseepisodidcontent" value="plugin://plugin.video.sdarot.tv/season/2758/2/%D7%A6%D7%99%D7%99%D7%93%D7%99+%D7%94%D7%98%D7%A8%D7%95%D7%9C%D7%99%D7%9D++%2A%D7%9E%D7%93%D7%95%D7%91%D7%91%2A/Trollhunters&quot"/>
</include>
<include content="sessionthree">
<param name="sessionthree" value="541"/>
<param name="labelname" value="ציידי הטרולים מדובב"/>
<param name="network" value="[COLOR red](NETFLIX)[/COLOR]"/>
<param name="baseepisodidcontent" value="plugin://plugin.video.sdarot.tv/season/2758/3/%D7%A6%D7%99%D7%99%D7%93%D7%99+%D7%94%D7%98%D7%A8%D7%95%D7%9C%D7%99%D7%9D++%2A%D7%9E%D7%93%D7%95%D7%91%D7%91%2A/Trollhunters&quot"/>
</include>

<include content="sessionone">
<param name="seesionone" value="542"/>
<param name="labelname" value="עמק המומינים מדובב"/>
<param name="network" value="[COLOR red](UNKNOWN)[/COLOR]"/>
<param name="baseepisodidcontent" value="plugin://plugin.video.mando/?all_w=%7b%7d&amp;data=2019&amp;dates=%20&amp;description=%5bCOLOR%20aqua%5d%20%d7%a9%d7%95%d7%93%d7%a8%20%d7%91%d7%aa%d7%90%d7%a8%d7%99%d7%9a%2025-02-2019%5b%2fCOLOR%5d%0aFollow%20the%20life%20and%20adventures%20of%20curious%2c%20kind%20and%20idealistic%20Moomintroll.%20A%20typical%20hero%20in%20a%20coming-of-age%20story%2c%20Moomintroll%20tries%20to%20tackle%20the%20puzzle%20of%20growing%20up%20to%20his%20true%2c%20individualistic%20self%20while%20remaining%20a%20beloved%20part%20of%20the%20family.&amp;eng_name=%20&amp;episode=%20&amp;fanart=https%3a%2f%2fimage.tmdb.org%2ft%2fp%2foriginal%2f%2fiJxuH2IoUNtgeh1fWSafB41jZKG.jpg&amp;fav_status=false&amp;heb_name=Muumilaakso&amp;iconimage=https%3a%2f%2fimage.tmdb.org%2ft%2fp%2foriginal%2f%2foMxexJGs4N7O5WaP3LoLiAtPKDj.jpg&amp;id=70617&amp;image_master&amp;isr=0&amp;last_id&amp;mode=19&amp;name=%5bCOLOR%20white%5d%d7%a2%d7%95%d7%a0%d7%94%201%5b%2fCOLOR%5d&amp;original_title=Moominvalley&amp;season=1&amp;show_original_year=2019&amp;tmdbid=354483&amp;url=https%3a%2f%2fapi.themoviedb.org%2f3%2ftv%2f70617%3fapi_key%3d34142515d9d23817496eeb4ff1d223d0%26language%3den%26append_to_response%3dexternal_ids&amp;video_data=%7b%22rating%22%3a%20%220%22%2c%20%22episode%22%3a%200%2c%20%22title%22%3a%20%22%5bCOLOR%20white%5d%5cu05e2%5cu05d5%5cu05e0%5cu05d4%201%5b%2fCOLOR%5d%22%2c%20%22season%22%3a%200%2c%20%22TVshowtitle%22%3a%20%22%22%2c%20%22mediatype%22%3a%20%22movie%22%2c%20%22plot%22%3a%20%22%5bCOLOR%20aqua%5d%20%5cu05e9%5cu05d5%5cu05d3%5cu05e8%20%5cu05d1%5cu05ea%5cu05d0%5cu05e8%5cu05d9%5cu05da%2025-02-2019%5b%2fCOLOR%5d%5cnFollow%20the%20life%20and%20adventures%20of%20curious%2c%20kind%20and%20idealistic%20Moomintroll.%20A%20typical%20hero%20in%20a%20coming-of-age%20story%2c%20Moomintroll%20tries%20to%20tackle%20the%20puzzle%20of%20growing%20up%20to%20his%20true%2c%20individualistic%20self%20while%20remaining%20a%20beloved%20part%20of%20the%20family.%22%2c%20%22OriginalTitle%22%3a%20%22Moominvalley%22%2c%20%22Tag%22%3a%20%2216%22%2c%20%22year%22%3a%20%222019%22%7d&quot"/>
</include>
<include content="sessiontwo">
<param name="sessiontwo" value="543"/>
<param name="labelname" value="עמק המומינים מדובב"/>
<param name="network" value="[COLOR red](UNKNOWN)[/COLOR]"/>
<param name="baseepisodidcontent" value="plugin://plugin.video.mando/?all_w=%7b%7d&amp;data=2019&amp;dates=%20&amp;description=%5bCOLOR%20aqua%5d%20%d7%a9%d7%95%d7%93%d7%a8%20%d7%91%d7%aa%d7%90%d7%a8%d7%99%d7%9a%2021-12-2019%5b%2fCOLOR%5d%0aFollow%20the%20life%20and%20adventures%20of%20curious%2c%20kind%20and%20idealistic%20Moomintroll.%20A%20typical%20hero%20in%20a%20coming-of-age%20story%2c%20Moomintroll%20tries%20to%20tackle%20the%20puzzle%20of%20growing%20up%20to%20his%20true%2c%20individualistic%20self%20while%20remaining%20a%20beloved%20part%20of%20the%20family.&amp;eng_name=%20&amp;episode=%20&amp;fanart=https%3a%2f%2fimage.tmdb.org%2ft%2fp%2foriginal%2f%2fiJxuH2IoUNtgeh1fWSafB41jZKG.jpg&amp;fav_status=false&amp;heb_name=Muumilaakso&amp;iconimage=https%3a%2f%2fimage.tmdb.org%2ft%2fp%2foriginal%2f%2fo5bRtFi4aSsuaHfWD6uUjzcxbjn.jpg&amp;id=70617&amp;image_master&amp;isr=0&amp;last_id&amp;mode=19&amp;name=%5bCOLOR%20white%5d%d7%a2%d7%95%d7%a0%d7%94%202%5b%2fCOLOR%5d&amp;original_title=Moominvalley&amp;season=2&amp;show_original_year=2019&amp;tmdbid=354483&amp;url=https%3a%2f%2fapi.themoviedb.org%2f3%2ftv%2f70617%3fapi_key%3d34142515d9d23817496eeb4ff1d223d0%26language%3den%26append_to_response%3dexternal_ids&amp;video_data=%7b%22rating%22%3a%20%220%22%2c%20%22episode%22%3a%200%2c%20%22title%22%3a%20%22%5bCOLOR%20white%5d%5cu05e2%5cu05d5%5cu05e0%5cu05d4%202%5b%2fCOLOR%5d%22%2c%20%22season%22%3a%200%2c%20%22TVshowtitle%22%3a%20%22%22%2c%20%22mediatype%22%3a%20%22movie%22%2c%20%22plot%22%3a%20%22%5bCOLOR%20aqua%5d%20%5cu05e9%5cu05d5%5cu05d3%5cu05e8%20%5cu05d1%5cu05ea%5cu05d0%5cu05e8%5cu05d9%5cu05da%2021-12-2019%5b%2fCOLOR%5d%5cnFollow%20the%20life%20and%20adventures%20of%20curious%2c%20kind%20and%20idealistic%20Moomintroll.%20A%20typical%20hero%20in%20a%20coming-of-age%20story%2c%20Moomintroll%20tries%20to%20tackle%20the%20puzzle%20of%20growing%20up%20to%20his%20true%2c%20individualistic%20self%20while%20remaining%20a%20beloved%20part%20of%20the%20family.%22%2c%20%22OriginalTitle%22%3a%20%22Moominvalley%22%2c%20%22Tag%22%3a%20%2216%22%2c%20%22year%22%3a%20%222019%22%7d&quot"/>
</include>


<!--
<include content="sessionone">
<param name="seesionone" value="508"/>
<param name="labelname" value="גליץ' טק מדובב"/>
<param name="network" value="[COLOR red](UNKNOWN)[/COLOR]"/>
<param name="baseepisodidcontent" value=""/>
</include>

<include content="sessiontwo">
<param name="sessiontwo" value="509"/>
<param name="labelname" value="הבית של רייבן"/>
<param name="network" value="[COLOR red](UNKNOWN)[/COLOR]"/>
<param name="baseepisodidcontent" value=""/>
</include>

<include content="sessionthree">
<param name="sessionthree" value="510"/>
<param name="labelname" value="הבית של רייבן"/>
<param name="network" value="[COLOR red](NETFLIX)[/COLOR]"/>
<param name="baseepisodidcontent" value=""/>
</include>
-->


</controls>
</window>
