<?xml version="1.0" encoding="UTF-8"?>
<!-- Foundation -->
<window id="6740" type="dialog">
    <defaultcontrol always="true">5</defaultcontrol>
    	<onload>ClearProperty(quicknavsetup,home)</onload>
		<onload>Dialog.Close(6671)</onload>
		<onload>Dialog.Close(6675)</onload>
		<onunload>ClearProperty(quicknavsetup,home)</onunload>

<controls>


			<control type="group">
			<animation type="WindowOpen">
			<effect type="slide" start="1000,0" end="-100,0" tween="cubic" easing="out" time="350"/>
			</animation>
			<animation type="WindowClose">
			<effect type="slide" start="0,0" end="1000,0" tween="cubic" easing="inout" time="350"/>
			</animation>
		
			<control type="list" id="5">
			<onleft>Dialog.Close(6740)</onleft>
			<onback>Dialog.Close(6740)</onback>
			<onback>ActivateWindow(6686)</onback>
			<onright>Dialog.Close(6740)</onright>
			<onright>ActivateWindow(6686)</onright>
			<posx>1650</posx>
			<posy>715</posy>
			<width>18-col</width>
			<height>365</height>
			<ondown>5</ondown>
			<onup>5</onup>
			<orientation>vertical</orientation>
			<onleft>Dialog.Close(6680)</onleft>
			<onback>Dialog.Close(6680)</onback>
			<scrolltime tweeb="cubic" easing="inout">450</scrolltime>
			<itemlayout width="4-col" height="115">
				<control type="image">
					<posx>105</posx>
					<posy>20</posy>
					<width>4-col-textbox</width>
					<height>105</height>
					<texture>black.png</texture>
					<colordiffuse>77000000</colordiffuse>
					<aspectratio>stretch</aspectratio>
				</control>
			<control type="image">
					<posx>0</posx>
					<posy>20</posy>
					<width>100</width>
					<height>105</height>
					<texture>black.png</texture>
					<colordiffuse>77000000</colordiffuse>
					<aspectratio>stretch</aspectratio>
				</control>
				
				<control type="multiimage">
					<posx>0</posx>
					<posy>20</posy>
					<width>100</width>
					<height>105</height>
					<imagepath>$INFO[ListITem.Thumb]</imagepath>
				</control>
				
				<control type="label">
					<posx>120</posx>
					<posy>0</posy>
					<width>252</width>
					<height>3-row</height>
					<wrapmultiline>true</wrapmultiline>
					<aligny>center</aligny>
					<align>center</align>
					<textcolor>white</textcolor>
					<shadowcolor></shadowcolor>
					<label>[B][CAPITALIZE]$INFO[ListItem.label][/CAPITALIZE][/B]</label>
				</control>
				<control type="label">
					<posx>120</posx>
					<posy>30</posy>
					<width>252</width>
					<height>3-row</height>
					<wrapmultiline>true</wrapmultiline>
					<aligny>center</aligny>
					<align>center</align>
					<font>font-16</font>
					<textcolor>white</textcolor>
					<shadowcolor></shadowcolor>
					<label>[CAPITALIZE]$INFO[ListItem.label2][/CAPITALIZE]</label>
				</control>
			</itemlayout>
			<focusedlayout width="4-col" height="115">
				<control type="image">
					<posx>105</posx>
					<posy>20</posy>
					<width>4-col-textbox</width>
					<height>105</height>
					<texture>white.png</texture>
					<colordiffuse>red</colordiffuse>
					<aspectratio>stretch</aspectratio>
				</control>
			<control type="image">
					<posx>0</posx>
					<posy>20</posy>
					<width>100</width>
					<height>105</height>
					<texture>black.png</texture>
					<colordiffuse>77000000</colordiffuse>
					<aspectratio>stretch</aspectratio>
				</control>
				<control type="multiimage">
				<animation effect="rotatey" center="45" start="-360" end="360" time="550" reversible="true">Focus</animation>
					<posx>0</posx>
					<posy>20</posy>
					<width>100</width>
					<height>105</height>
					<imagepath>$INFO[ListITem.Thumb]</imagepath>
				</control>
				<control type="label">
					<posx>120</posx>
					<posy>0</posy>
					<width>252</width>
					<height>3-row</height>
					<wrapmultiline>true</wrapmultiline>
					<aligny>center</aligny>
					<align>center</align>
					<textcolor>white</textcolor>
					<shadowcolor></shadowcolor>
					<label>[B][CAPITALIZE]$INFO[ListItem.label][/CAPITALIZE][/B]</label>
				</control>
				<control type="label">
					<posx>120</posx>
					<posy>30</posy>
					<width>252</width>
					<height>3-row</height>
					<wrapmultiline>true</wrapmultiline>
					<aligny>center</aligny>
					<align>center</align>
					<font>font-16</font>
					<textcolor>white</textcolor>
					<shadowcolor></shadowcolor>
					<label>[CAPITALIZE]$INFO[ListItem.label2][/CAPITALIZE]</label>
				</control>
			</focusedlayout>
			<content>
			<item>
			<label>סרטים</label>
			<label2>לתפריט הסרטים</label2>
			<thumb>https://seeklogo.com/images/M/movie-time-cinema-logo-8B5BE91828-seeklogo.com.png</thumb>
			<onclick>Dialog.Close(6740)</onclick>
			<onclick>ActivateWindow(10025,&quot;plugin://plugin.video.telemedia/?data=%20&amp;dates=%20&amp;description=Movies&amp;eng_name=%20&amp;episode=%20&amp;fanart=https%3a%2f%2fimage.tmdb.org%2ft%2fp%2fw500_and_h282_face%2fjOzrELAzFxtMx2I4uDGHOotdfsS.jpg&amp;fav_status=false&amp;heb_name=%20&amp;iconimage=https%3a%2f%2fseeklogo.com%2fimages%2fM%2fmovie-time-cinema-logo-8B5BE91828-seeklogo.com.png&amp;id=%20&amp;image_master&amp;isr=0&amp;last_id&amp;mode=10&amp;name=%d7%a1%d7%a8%d7%98%d7%99%d7%9d&amp;original_title=%20&amp;season=%20&amp;show_original_year=%20&amp;tmdbid=%20&amp;url=%20&quot;,return)</onclick>
			</item>
			<item>
			<label>סדרות</label>
			<label2>לתפריט הסדרות</label2>
			<thumb>https://i.pinimg.com/originals/2e/00/76/2e00766ced490a713170272edbb51c3b.png</thumb>
			<onclick>Dialog.Close(6740)</onclick>
			<onclick>ActivateWindow(10025,&quot;plugin://plugin.video.telemedia/?data=%20&amp;dates=%20&amp;description=Tv%20Shows&amp;eng_name=%20&amp;episode=%20&amp;fanart=https%3a%2f%2fwww.fanthatracks.com%2fwp-content%2fuploads%2f2019%2f08%2fthemandalorian_disneyplus_SM_poster_cover.jpg&amp;fav_status=false&amp;heb_name=%20&amp;iconimage=https%3a%2f%2fi.pinimg.com%2foriginals%2f2e%2f00%2f76%2f2e00766ced490a713170272edbb51c3b.png&amp;id=%20&amp;image_master&amp;isr=0&amp;last_id&amp;mode=11&amp;name=%d7%a1%d7%93%d7%a8%d7%95%d7%aa&amp;original_title=%20&amp;season=%20&amp;show_original_year=%20&amp;tmdbid=%20&amp;url=%20&quot;,return)</onclick>
			</item>
			<item>
			<label>עולם הילדים</label>
			<label2>עולם הילדים של גוסט</label2>
			<thumb>https://thelight.com.au/assets/uploads/2018/02/15517160600_8f5cdf7816_o.png</thumb>
			<onclick>Dialog.Close(6740)</onclick>
			<onclick>ActivateWindow(10025,&quot;plugin://plugin.video.telemedia/?data=-1001195519301&amp;dates=%20&amp;description=%d7%a2%d7%95%d7%9c%d7%9d%20%d7%94%d7%99%d7%9c%d7%93%d7%99%d7%9d&amp;eng_name=%20&amp;episode=%20&amp;fanart=https%3a%2f%2finsidethemagic-119e2.kxcdn.com%2fwp-content%2fuploads%2f2018%2f08%2fExpo19_11x16_Poster_KeyArt_72dpi-1-792x400.jpg&amp;fav_status=false&amp;heb_name=%20&amp;iconimage=https%3a%2f%2fthelight.com.au%2fassets%2fuploads%2f2018%2f02%2f15517160600_8f5cdf7816_o.png&amp;id=%20&amp;image_master&amp;isr=0&amp;last_id&amp;mode=31&amp;name=%d7%a2%d7%95%d7%9c%d7%9d%20%d7%94%d7%99%d7%9c%d7%93%d7%99%d7%9d&amp;original_title=%20&amp;season=%20&amp;show_original_year=%20&amp;tmdbid=%20&amp;url=www&quot;,return)</onclick>
			</item>
			<item>
			<label>הקבוצות שלי</label>
			<label2>קבוצות טלמדיה</label2>
			<thumb>https://live-timely-3b83c23740.time.ly/wp-content/uploads/2015/11/community-icon.png</thumb>
			<onclick>Dialog.Close(6740)</onclick>
			<onclick>ActivateWindow(10025,&quot;plugin://plugin.video.telemedia/?data=%20&amp;dates=%20&amp;description=My%20Groups&amp;eng_name=%20&amp;episode=%20&amp;fanart=https%3a%2f%2fbuytelegrammember24.com%2fwp-content%2fuploads%2f2019%2f01%2fScreen-Shot-2019-01-14-at-9.45.41-AM.png&amp;fav_status=false&amp;heb_name=%20&amp;iconimage=https%3a%2f%2flive-timely-3b83c23740.time.ly%2fwp-content%2fuploads%2f2015%2f11%2fcommunity-icon.png&amp;id=%20&amp;image_master&amp;isr=0&amp;last_id=0%24%24%249223372036854775807&amp;mode=12&amp;name=%d7%94%d7%a7%d7%91%d7%95%d7%a6%d7%95%d7%aa%20%d7%a9%d7%9c%d7%99&amp;original_title=%20&amp;season=%20&amp;show_original_year=%20&amp;tmdbid=%20&amp;url=%20&quot;,return)</onclick>
			</item>
			<item>
			<label>חיפוש</label>
			<label2>חיפוש כללי בטלמדיה</label2>
			<thumb>https://lh5.googleusercontent.com/proxy/-RGejAHqTw0SEl8o3_eK3abBTFCoR49bh780mJ-HX2kK_Qf0aeTzeKuN_WHmW5wOZzKEmlsHE684lxp8BNbejnLx-S4S7dJDeCea3ESPCPMrkUucyFXNH5F_4iktdqh7vKfE5QNGtMZF6QAwAGknYp6v8oeRQg</thumb>
			<onclick>Dialog.Close(6740)</onclick>
			<onclick>ActivateWindow(10025,&quot;plugin://plugin.video.telemedia/?data=all&amp;dates=%20&amp;description=Search%20All&amp;eng_name=%20&amp;episode=%20&amp;fanart=https%3a%2f%2fcdn.ilovefreesoftware.com%2fwp-content%2fuploads%2f2019%2f06%2fSearch-Telegram-Channels.png&amp;fav_status=false&amp;heb_name=%20&amp;iconimage=https%3a%2f%2flh5.googleusercontent.com%2fproxy%2f-RGejAHqTw0SEl8o3_eK3abBTFCoR49bh780mJ-HX2kK_Qf0aeTzeKuN_WHmW5wOZzKEmlsHE684lxp8BNbejnLx-S4S7dJDeCea3ESPCPMrkUucyFXNH5F_4iktdqh7vKfE5QNGtMZF6QAwAGknYp6v8oeRQg&amp;id=%20&amp;image_master&amp;isr=0&amp;last_id=0%24%24%240&amp;mode=113&amp;name=%d7%97%d7%99%d7%a4%d7%95%d7%a9&amp;original_title=%20&amp;season=%20&amp;show_original_year=%20&amp;tmdbid=%20&amp;url=%20&quot;,return)</onclick>
			</item>
			<item>
			<label>קבוצות מידע</label>
			<label2>קבוצות מידע מלא</label2>
			<thumb>https://pngimage.net/wp-content/uploads/2018/05/asociacion-png-1.png</thumb>
			<onclick>Dialog.Close(6740)</onclick>
			<onclick>ActivateWindow(10025,&quot;plugin://plugin.video.telemedia/?data=%20&amp;dates=%20&amp;description=%d7%a7%d7%91%d7%95%d7%a6%d7%95%d7%aa%20%d7%9e%d7%99%d7%93%d7%a2%20%d7%9e%d7%9c%d7%90%20%d7%a0%d7%91%d7%97%d7%a8%d7%95%d7%aa&amp;eng_name=%20&amp;episode=%20&amp;fanart=https%3a%2f%2fcdn.pixabay.com%2fphoto%2f2015%2f04%2f23%2f22%2f00%2ftree-736885__340.jpg&amp;fav_status=false&amp;heb_name=%20&amp;iconimage=https%3a%2f%2fpngimage.net%2fwp-content%2fuploads%2f2018%2f05%2fasociacion-png-1.png&amp;id=%20&amp;image_master&amp;isr=0&amp;last_id&amp;mode=33&amp;name=%d7%a7%d7%91%d7%95%d7%a6%d7%95%d7%aa%20%d7%9e%d7%99%d7%93%d7%a2%20%d7%9e%d7%9c%d7%90%20%d7%a0%d7%91%d7%97%d7%a8%d7%95%d7%aa&amp;original_title=%20&amp;season=%20&amp;show_original_year=%20&amp;tmdbid=%20&amp;url=www&quot;,return)</onclick>
			</item>
			<item>
			<label>ריפו</label>
			<label2>עדכון לבילד</label2>
			<thumb>https://encrypted-tbn0.gstatic.com/images?q=tbn%3AANd9GcQIwWK-VueyRxXcVVKGdMuUeDDeiUIsEN-8G-Tl-ZGOsBfrxvGX</thumb>
			<onclick>Dialog.Close(6740)</onclick>
			<onclick>ActivateWindow(10025,&quot;plugin://plugin.video.telemedia/?data=%20&amp;dates=%20&amp;description=%d7%a8%d7%99%d7%a4%d7%95%20%d7%90%d7%99%d7%a9%d7%99&amp;eng_name=%20&amp;episode=%20&amp;fanart=https%3a%2f%2fencrypted-tbn0.gstatic.com%2fimages%3fq%3dtbn%253AANd9GcQIwWK-VueyRxXcVVKGdMuUeDDeiUIsEN-8G-Tl-ZGOsBfrxvGX&amp;fav_status=false&amp;heb_name=%20&amp;iconimage=https%3a%2f%2fencrypted-tbn0.gstatic.com%2fimages%3fq%3dtbn%253AANd9GcQIwWK-VueyRxXcVVKGdMuUeDDeiUIsEN-8G-Tl-ZGOsBfrxvGX&amp;id=%20&amp;image_master&amp;isr=0&amp;last_id&amp;mode=46&amp;name=%d7%a8%d7%99%d7%a4%d7%95%20%d7%90%d7%99%d7%a9%d7%99&amp;original_title=%20&amp;season=%20&amp;show_original_year=%20&amp;tmdbid=%20&amp;url=www&quot;,return)</onclick>
			</item>
			</content>
			</control>
			</control>
			

</controls>
</window>
