<?xml version="1.0" encoding="UTF-8"?>
<!-- Foundation -->
<window id="6861" type="dialog">
    <defaultcontrol always="true">35</defaultcontrol>
	
<controls>



<include content="yesgomoviesnotrailer">
<description>RD 1</description>
<param name="stringid" value="5"/>
<param name="itemidnumber" value="1"/>
<param name="sortbycontent" value="random"/>
<param name="sortordercontent" value="random"/>
<param name="yesgocontent" value="plugin://plugin.video.shadow/?all_w=%7b%7d&amp;data=%20&amp;dates=%20&amp;description=netflixmovies&amp;eng_name=%20&amp;episode=%20&amp;fanart=%20&amp;fav_status=false&amp;heb_name=%20&amp;iconimage=%20&amp;id=%20&amp;image_master&amp;isr=0&amp;last_id&amp;mode=117&amp;name=netflixmovies&amp;original_title=%20&amp;season=%20&amp;show_original_year=%20&amp;tmdbid=%20&amp;url=moshep15%24%24%24%24%24%24%24%24%24%24%24netflixmovies%5e%5e%5e%5e%5e%5e%5e%5emovie&amp;video_data=%7b%22rating%22%3a%20%220%22%2c%20%22episode%22%3a%200%2c%20%22title%22%3a%20%22netflixmovies%22%2c%20%22season%22%3a%200%2c%20%22TVshowtitle%22%3a%20%22%22%2c%20%22mediatype%22%3a%20%22movie%22%2c%20%22plot%22%3a%20%22netflixmovies%22%2c%20%22OriginalTitle%22%3a%20%22%20%22%2c%20%22Tag%22%3a%20%22116%22%7d&quot"/>
</include>

<description>RD 2</description>
<include content="yesgomoviesnotrailer">
<param name="stringid" value="6"/>
<param name="itemidnumber" value="2"/>
<param name="sortbycontent" value="random"/>
<param name="sortordercontent" value="random"/>
<param name="yesgocontent" value="plugin://plugin.video.shadow/?all_w=%7b%7d&amp;data=%20&amp;dates=%20&amp;description=netflixmovies2&amp;eng_name=%20&amp;episode=%20&amp;fanart=%20&amp;fav_status=false&amp;heb_name=%20&amp;iconimage=%20&amp;id=%20&amp;image_master&amp;isr=0&amp;last_id&amp;mode=117&amp;name=netflixmovies2&amp;original_title=%20&amp;season=%20&amp;show_original_year=%20&amp;tmdbid=%20&amp;url=moshep15%24%24%24%24%24%24%24%24%24%24%24netflixmovies2%5e%5e%5e%5e%5e%5e%5e%5emovie&amp;video_data=%7b%22rating%22%3a%20%220%22%2c%20%22episode%22%3a%200%2c%20%22title%22%3a%20%22netflixmovies2%22%2c%20%22season%22%3a%200%2c%20%22TVshowtitle%22%3a%20%22%22%2c%20%22mediatype%22%3a%20%22movie%22%2c%20%22plot%22%3a%20%22netflixmovies2%22%2c%20%22OriginalTitle%22%3a%20%22%20%22%2c%20%22Tag%22%3a%20%22116%22%7d&quot"/>
</include>

<description>RD 3</description>
<include content="yesgomoviesnotrailer">
<param name="stringid" value="7"/>
<param name="itemidnumber" value="3"/>
<param name="sortbycontent" value="random"/>
<param name="sortordercontent" value="random"/>
<param name="yesgocontent" value="plugin://plugin.video.shadow/?all_w=%7b%7d&amp;data=%20&amp;dates=%20&amp;description=netflixmovies3&amp;eng_name=%20&amp;episode=%20&amp;fanart=%20&amp;fav_status=false&amp;heb_name=%20&amp;iconimage=%20&amp;id=%20&amp;image_master&amp;isr=0&amp;last_id&amp;mode=117&amp;name=netflixmovies3&amp;original_title=%20&amp;season=%20&amp;show_original_year=%20&amp;tmdbid=%20&amp;url=moshep15%24%24%24%24%24%24%24%24%24%24%24netflixmovies3%5e%5e%5e%5e%5e%5e%5e%5emovie&amp;video_data=%7b%22rating%22%3a%20%220%22%2c%20%22episode%22%3a%200%2c%20%22title%22%3a%20%22netflixmovies3%22%2c%20%22season%22%3a%200%2c%20%22TVshowtitle%22%3a%20%22%22%2c%20%22mediatype%22%3a%20%22movie%22%2c%20%22plot%22%3a%20%22netflixmovies3%22%2c%20%22OriginalTitle%22%3a%20%22%20%22%2c%20%22Tag%22%3a%20%22116%22%7d&quot"/>
</include>

<description>RD 4</description>
<include content="yesgomoviesnotrailer">
<param name="stringid" value="8"/>
<param name="itemidnumber" value="4"/>
<param name="sortbycontent" value="random"/>
<param name="sortordercontent" value="random"/>
<param name="yesgocontent" value="plugin://plugin.video.shadow/?all_w=%7b%7d&amp;data=%20&amp;dates=%20&amp;description=netflixmovies4&amp;eng_name=%20&amp;episode=%20&amp;fanart=%20&amp;fav_status=false&amp;heb_name=%20&amp;iconimage=%20&amp;id=%20&amp;image_master&amp;isr=0&amp;last_id&amp;mode=117&amp;name=netflixmovies4&amp;original_title=%20&amp;season=%20&amp;show_original_year=%20&amp;tmdbid=%20&amp;url=moshep15%24%24%24%24%24%24%24%24%24%24%24netflixmovies4%5e%5e%5e%5e%5e%5e%5e%5emovie&amp;video_data=%7b%22rating%22%3a%20%220%22%2c%20%22episode%22%3a%200%2c%20%22title%22%3a%20%22netflixmovies4%22%2c%20%22season%22%3a%200%2c%20%22TVshowtitle%22%3a%20%22%22%2c%20%22mediatype%22%3a%20%22movie%22%2c%20%22plot%22%3a%20%22netflixmovies4%22%2c%20%22OriginalTitle%22%3a%20%22%20%22%2c%20%22Tag%22%3a%20%22116%22%7d&quot"/>
</include>

<description>RD 5</description>
<include content="yesgomoviesnotrailer">
<param name="stringid" value="9"/>
<param name="itemidnumber" value="5"/>
<param name="sortbycontent" value="random"/>
<param name="sortordercontent" value="random"/>
<param name="yesgocontent" value="plugin://plugin.video.shadow/?all_w=%7b%7d&amp;data=%20&amp;dates=%20&amp;description=netflixmovies5&amp;eng_name=%20&amp;episode=%20&amp;fanart=%20&amp;fav_status=false&amp;heb_name=%20&amp;iconimage=%20&amp;id=%20&amp;image_master&amp;isr=0&amp;last_id&amp;mode=117&amp;name=netflixmovies5&amp;original_title=%20&amp;season=%20&amp;show_original_year=%20&amp;tmdbid=%20&amp;url=moshep15%24%24%24%24%24%24%24%24%24%24%24netflixmovies5%5e%5e%5e%5e%5e%5e%5e%5emovie&amp;video_data=%7b%22rating%22%3a%20%220%22%2c%20%22episode%22%3a%200%2c%20%22title%22%3a%20%22netflixmovies5%22%2c%20%22season%22%3a%200%2c%20%22TVshowtitle%22%3a%20%22%22%2c%20%22mediatype%22%3a%20%22movie%22%2c%20%22plot%22%3a%20%22netflixmovies5%22%2c%20%22OriginalTitle%22%3a%20%22%20%22%2c%20%22Tag%22%3a%20%22116%22%7d&quot"/>
</include>

<description>RD 6</description>
<include content="yesgomoviesnotrailer">
<param name="stringid" value="10"/>
<param name="itemidnumber" value="6"/>
<param name="sortbycontent" value="random"/>
<param name="sortordercontent" value="random"/>
<param name="yesgocontent" value="plugin://plugin.video.shadow/?all_w=%7b%7d&amp;data=%20&amp;dates=%20&amp;description=netflixmovies6&amp;eng_name=%20&amp;episode=%20&amp;fanart=%20&amp;fav_status=false&amp;heb_name=%20&amp;iconimage=%20&amp;id=%20&amp;image_master&amp;isr=0&amp;last_id&amp;mode=117&amp;name=netflixmovies6&amp;original_title=%20&amp;season=%20&amp;show_original_year=%20&amp;tmdbid=%20&amp;url=moshep15%24%24%24%24%24%24%24%24%24%24%24netflixmovies6%5e%5e%5e%5e%5e%5e%5e%5emovie&amp;video_data=%7b%22rating%22%3a%20%220%22%2c%20%22episode%22%3a%200%2c%20%22title%22%3a%20%22netflixmovies6%22%2c%20%22season%22%3a%200%2c%20%22TVshowtitle%22%3a%20%22%22%2c%20%22mediatype%22%3a%20%22movie%22%2c%20%22plot%22%3a%20%22netflixmovies6%22%2c%20%22OriginalTitle%22%3a%20%22%20%22%2c%20%22Tag%22%3a%20%22116%22%7d&quot"/>
</include>

<description>RD 7</description>
<include content="yesgomoviesnotrailer">
<param name="stringid" value="11"/>
<param name="itemidnumber" value="7"/>
<param name="sortbycontent" value="random"/>
<param name="sortordercontent" value="random"/>
<param name="yesgocontent" value="plugin://plugin.video.shadow/?all_w=%7b%7d&amp;data=%20&amp;dates=%20&amp;description=netflixmovies7&amp;eng_name=%20&amp;episode=%20&amp;fanart=%20&amp;fav_status=false&amp;heb_name=%20&amp;iconimage=%20&amp;id=%20&amp;image_master&amp;isr=0&amp;last_id&amp;mode=117&amp;name=netflixmovies7&amp;original_title=%20&amp;season=%20&amp;show_original_year=%20&amp;tmdbid=%20&amp;url=moshep15%24%24%24%24%24%24%24%24%24%24%24netflixmovies7%5e%5e%5e%5e%5e%5e%5e%5emovie&amp;video_data=%7b%22rating%22%3a%20%220%22%2c%20%22episode%22%3a%200%2c%20%22title%22%3a%20%22netflixmovies7%22%2c%20%22season%22%3a%200%2c%20%22TVshowtitle%22%3a%20%22%22%2c%20%22mediatype%22%3a%20%22movie%22%2c%20%22plot%22%3a%20%22netflixmovies7%22%2c%20%22OriginalTitle%22%3a%20%22%20%22%2c%20%22Tag%22%3a%20%22116%22%7d&quot"/>
</include>

<description>RD 8</description>
<include content="yesgomoviesnotrailer">
<param name="stringid" value="12"/>
<param name="itemidnumber" value="8"/>
<param name="sortbycontent" value="random"/>
<param name="sortordercontent" value="random"/>
<param name="yesgocontent" value="plugin://plugin.video.shadow/?all_w=%7b%7d&amp;data=%20&amp;dates=%20&amp;description=netflixmovies8&amp;eng_name=%20&amp;episode=%20&amp;fanart=%20&amp;fav_status=false&amp;heb_name=%20&amp;iconimage=%20&amp;id=%20&amp;image_master&amp;isr=0&amp;last_id&amp;mode=117&amp;name=netflixmovies8&amp;original_title=%20&amp;season=%20&amp;show_original_year=%20&amp;tmdbid=%20&amp;url=moshep15%24%24%24%24%24%24%24%24%24%24%24netflixmovies8%5e%5e%5e%5e%5e%5e%5e%5emovie&amp;video_data=%7b%22rating%22%3a%20%220%22%2c%20%22episode%22%3a%200%2c%20%22title%22%3a%20%22netflixmovies8%22%2c%20%22season%22%3a%200%2c%20%22TVshowtitle%22%3a%20%22%22%2c%20%22mediatype%22%3a%20%22movie%22%2c%20%22plot%22%3a%20%22netflixmovies8%22%2c%20%22OriginalTitle%22%3a%20%22%20%22%2c%20%22Tag%22%3a%20%22116%22%7d&quot"/>
</include>


<control type="group">
<control type="multiimage">
<posx>1635</posx>
<posy>870</posy>
<width>280</width>
<height>150</height>
<imagepath>special://skin/extras/test/C7KDiR8.png</imagepath>
</control>
</control>
<control type="list" id="35">
<posx>1600</posx>
<posy>800</posy>
<width>550</width>
<height>650</height>
<onright condition="Container(35).HasFocus(1)">Control.SetFocus(5)</onright>
<onright condition="Container(35).HasFocus(2)">Control.SetFocus(6)</onright>
<onright condition="Container(35).HasFocus(3)">Control.SetFocus(7)</onright>
<onright condition="Container(35).HasFocus(4)">Control.SetFocus(8)</onright>
<onright condition="Container(35).HasFocus(5)">Control.SetFocus(9)</onright>
<onright condition="Container(35).HasFocus(6)">Control.SetFocus(10)</onright>
<onright condition="Container(35).HasFocus(7)">Control.SetFocus(11)</onright>
<onright condition="Container(35).HasFocus(8)">Control.SetFocus(12)</onright>
<onleft condition="Container(35).HasFocus(1)">Control.SetFocus(5)</onleft>
<onleft condition="Container(35).HasFocus(2)">Control.SetFocus(6)</onleft>
<onleft condition="Container(35).HasFocus(3)">Control.SetFocus(7)</onleft>
<onleft condition="Container(35).HasFocus(4)">Control.SetFocus(8)</onleft>
<onleft condition="Container(35).HasFocus(5)">Control.SetFocus(9)</onleft>
<onleft condition="Container(35).HasFocus(6)">Control.SetFocus(10)</onleft>
<onleft condition="Container(35).HasFocus(7)">Control.SetFocus(11)</onleft>
<onleft condition="Container(35).HasFocus(8)">Control.SetFocus(12)</onleft>
<onback>Dialog.Close(6837)</onback>
<orientation>vertical</orientation>
<scrolltime tween="sine" easing="inout">350</scrolltime>
<itemlayout width="150" height="340">
<control type="label">
<posx>180</posx>
<posy>120</posy>
<width>200</width>
<height>40</height>
<align>center</align>
<textcolor>white</textcolor>
<label>$INFO[ListItem.Label]</label>
</control>
<control type="label">
<posx>145</posx>
<posy>190</posy>
<width>200</width>
<height>40</height>
<align>center</align>
<textcolor>white</textcolor>
<label>$INFO[ListItem.Label2]</label>
</control>
</itemlayout>
<focusedlayout width="150" height="340">
<control type="label">
<animation condition="Control.HasFocus(35)" effect="fade" start="0" end="100" time="1100" pulse="true">Conditional</animation>
<posx>180</posx>
<posy>120</posy>
<width>150</width>
<height>40</height>
<align>center</align>
<textcolor>white</textcolor>
<label>[B]$INFO[ListItem.Label][/B]</label>
</control>
<control type="label">
<visible>!control.hasfocus(35)</visible>
<posx>145</posx>
<posy>190</posy>
<width>200</width>
<height>40</height>
<align>center</align>
<textcolor>white</textcolor>
<label>$INFO[ListItem.Label2]</label>
</control>
<control type="label">
<visible>control.hasfocus(35)</visible>
<posx>145</posx>
<posy>190</posy>
<width>200</width>
<height>40</height>
<align>center</align>
<textcolor>yellow</textcolor>
<label>$INFO[ListItem.Label2]</label>
</control>
</focusedlayout>
<content>
<item id="1">
<label>-1-</label>
<label2>yes1-RD</label2>
<onclick>Control.SetFocus(5)</onclick>

</item>
<item id="2">
<label>-2-</label>
<label2>yes2-RD</label2>
<onclick>Control.SetFocus(6)</onclick>
</item>

<item id="3">
<label>-3-</label>
<label2>yes3-RD</label2>
<onclick>Control.SetFocus(7)</onclick>
</item>

<item id="4">
<label>-4-</label>
<label2>אנימציה</label2>
<onclick>Control.SetFocus(8)</onclick>
</item>

<item id="5">
<label>-5-</label>
<label2>דוקומנטרי</label2>
<onclick>Control.SetFocus(9)</onclick>
</item>

<item id="6">
<label>-6-</label>
<label2>רומנטיקה</label2>
<onclick>Control.SetFocus(10)</onclick>
</item>

<item id="7">
<label>-7-</label>
<label2>שפות זרות</label2>
<onclick>Control.SetFocus(11)</onclick>
</item>

<item id="8">
<label>-8-</label>
<label2>החדשים</label2>
<onclick>Control.SetFocus(12)</onclick>
</item>

</content>
</control>

</controls>
</window>
