<?xml version="1.0" encoding="UTF-8"?>
<!-- Foundation -->
<window id="6839" type="dialog">
    <defaultcontrol always="true">5</defaultcontrol>
	<animation type="WindowOpen">
	<effect type="slide" start="0,-400" end="0,0" time="450" tween="sine" easing="inout"/>
	</animation>
		<animation type="WindowClose">
	<effect type="slide" start="0,0" end="0,-500" time="250" tween="sine" easing="inout"/>
	</animation>
<controls>

			<control type="multiimage">
			<posx>0</posx>
			<posy>0</posy>
			<width>1920</width>
			<height>1080</height>
			<imagepath background="true">special://skin/extras/specialbuttons/background.jpg</imagepath>
			<aspectratio aligny="top">scale</aspectratio>
			<timeperimage>80000</timeperimage>
			<randomize>true</randomize>
			<fadetime>650</fadetime>
		</control>
<control type="group">
<control type="image">
<posx>750</posx>
<posy>265</posy>
<width>400</width>
<height>150</height>
<texture>black.png</texture>
<colordiffuse>77000000</colordiffuse>
</control>
<control type="label">
<visible>[Control.IsVisible(5)) | Control.HasFocus(5)]</visible>
<animation effect="fade" time="550">VisibleChange</animation>
<posx>770</posx>
<posy>265</posy>
<width>370</width>
<height>150</height>
<font>font-20b</font>
<align>center</align>
<textcolor>yellow</textcolor>
<label>$INFO[Container(5).ListItem.Label]</label>
</control>
<control type="label">
<visible>[Control.HasFocus(6)]</visible>
<visible>[!Control.HasFocus(5) | Control.HasFocus(7)]</visible>
<animation effect="fade" time="550">VisibleChange</animation>
<posx>770</posx>
<posy>265</posy>
<width>370</width>
<height>150</height>
<font>font-20b</font>
<align>center</align>
<textcolor>yellow</textcolor>
<label>$INFO[Container(6).ListItem.Label]</label>
</control>
<control type="label">
<visible>[Control.HasFocus(7]</visible>
<visible>[!Control.HasFocus(5) | Control.HasFocus(6)]</visible>
<animation effect="fade" time="550">VisibleChange</animation>
<posx>770</posx>
<posy>265</posy>
<width>370</width>
<height>150</height>
<font>font-20b</font>
<align>center</align>
<textcolor>yellow</textcolor>
<label>$INFO[Container(7).ListItem.Label]</label>
</control>
<control type="textbox">
<animation effect="fade" time="550">VisibleChange</animation>
<visible>Container(5).Column(0) | Container(5).Column(1) | Container(5).Column(2) | Container(5).Column(3) | Container(5).Column(4)</visible>
<posx>770</posx>
<posy>300</posy>
<width>370</width>
<height>150</height>
<font>font-20b</font>
<align>center</align>
<label>יש ללחוץ חץ תחתון לרדת לרשימה השמאלית התחתונה</label>
</control>
<control type="textbox">
<animation effect="fade" time="550">VisibleChange</animation>
<visible>Container(5).Column(5) | Container(5).Column(6) | Container(5).Column(7)</visible>
<posx>770</posx>
<posy>300</posy>
<width>370</width>
<height>150</height>
<font>font-20b</font>
<align>center</align>
<label>יש ללחוץ חץ תחתון לרדת לרשימה הימנית התחתונה</label>
</control>
<control type="list" id="5">
<posx>-10</posx>
<posy>-10</posy>
<width>1920</width>
<height>300</height>
<ondown condition="Container(5).Column(0) | Container(5).Column(1) | Container(5).Column(2) | Container(5).Column(3) | Container(5).Column(4)">6</ondown>
<ondown condition="Container(5).Column(5) | Container(5).Column(6) | Container(5).Column(7)">7</ondown>
<orientation>horizontal</orientation>
<itemlayout width="220" height="100">
			<control type="image">
			<posx>2</posx>
			<posy>0</posy>
			<width>250</width>
			<height>250</height>
			<texture border="40" colordiffuse="$INFO[Window(home).Property(ImageColor)]">special://skin/extras/common/roundedbutton-nofocus.png</texture>
			</control>
<control type="image">
<posx>27</posx>
<posy>25</posy>
<width>200</width>
<height>200</height>
<texture fallback="special://skin/extras/sport.jpg">$INFO[ListItem.Thumb]</texture>
</control>
</itemlayout>
<focusedlayout width="220" height="100">
			<control type="image">
			<visible>control.hasfocus(5)</visible>
			<posx>0</posx>
			<posy>0</posy>
			<width>245</width>
			<height>245</height>
			<texture border="40" colordiffuse="$INFO[Window(home).Property(ImageColor)]">special://skin/extras/common/roundedbutton-focus.png</texture>
			</control>
			<control type="image">
			<visible>control.hasfocus(5)</visible>
			<posx>0</posx>
			<posy>0</posy>
			<width>245</width>
			<height>245</height>
			<texture border="40" colordiffuse="$INFO[Window(home).Property(ImageColor)]">special://skin/extras/common/roundedbutton-focus.png</texture>
			</control>
			<control type="image">
			<posx>2</posx>
			<posy>0</posy>
			<width>250</width>
			<height>250</height>
			<texture border="40" colordiffuse="$INFO[Window(home).Property(ImageColor)]">special://skin/extras/common/roundedbutton-nofocus.png</texture>
			</control>
<control type="image">
<animation effect="zoom" center="auto" start="95,95" end="100,100" time="350">Focus</animation>
<posx>27</posx>
<posy>25</posy>
<width>200</width>
<height>200</height>
<texture fallback="special://skin/extras/sport.jpg">$INFO[ListItem.Thumb]</texture>
</control>
</focusedlayout>
<content>plugin://plugin.video.ghost/?description=No%20information%20available&amp;fanart=http%3a%2f%2fmyatom.one%2fGhost-Addon%2fghostxmls%2fxmls1%2ffanart%2fufcccc22.png&amp;iconimage=http%3a%2f%2fmyatom.one%2fGhost-Addon%2fghostxmls%2fxmls1%2ffanart%2fmma_PNG52.png&amp;mode=get_list&amp;name=%5bCOLOR%20FFffffffff%5d%5bCOLORwhite%5d-----UFC%20Fight%20Night-----%5b%2fCOLOR%5d%5b%2fCOLOR%5d&amp;url=http%3a%2f%2fmyatom.one%2fGhost-Addon%2fghostxmls%2fxmls1%2fUFC%2fufcfnight.xml&quot</content>
</control>
</control>




<control type="group">
<control type="list" id="6">
<posx>-10</posx>
<posy>240</posy>
<width>680</width>
<height>300</height>
<onup>5</onup>
<onright>7</onright>
<orientation>horizontal</orientation>
<itemlayout width="220" height="100">
			<control type="image">
			<posx>2</posx>
			<posy>0</posy>
			<width>250</width>
			<height>250</height>
			<texture border="40" colordiffuse="$INFO[Window(home).Property(ImageColor)]">special://skin/extras/common/roundedbutton-nofocus.png</texture>
			</control>
<control type="multiimage">
<posx>27</posx>
<posy>25</posy>
<width>200</width>
<height>200</height>
<aspectratio>keep</aspectratio>
<imagepath fallback="special://skin/extras/sport.jpg">$INFO[ListItem.Thumb]</imagepath>
</control>
</itemlayout>
<focusedlayout width="220" height="100">
			<control type="image">
			<visible>control.hasfocus(6)</visible>
			<posx>0</posx>
			<posy>0</posy>
			<width>245</width>
			<height>245</height>
			<texture border="40" colordiffuse="$INFO[Window(home).Property(ImageColor)]">special://skin/extras/common/roundedbutton-focus.png</texture>
			</control>
			<control type="image">
			<visible>control.hasfocus(6)</visible>
			<posx>0</posx>
			<posy>0</posy>
			<width>245</width>
			<height>245</height>
			<texture border="40" colordiffuse="$INFO[Window(home).Property(ImageColor)]">special://skin/extras/common/roundedbutton-focus.png</texture>
			</control>
			<control type="image">
			<posx>2</posx>
			<posy>0</posy>
			<width>250</width>
			<height>250</height>
			<texture border="40" colordiffuse="$INFO[Window(home).Property(ImageColor)]">special://skin/extras/common/roundedbutton-nofocus.png</texture>
			</control>
<control type="multiimage">
<animation effect="zoom" center="auto" start="95,95" end="100,100" time="350">Focus</animation>
<posx>27</posx>
<posy>25</posy>
<width>200</width>
<height>200</height>
<aspectratio>keep</aspectratio>
<imagepath fallback="special://skin/extras/sport.jpg">$INFO[ListItem.Thumb]</imagepath>
</control>
</focusedlayout>
<content>plugin://plugin.video.ghost/?description=No%20information%20available&amp;fanart=http%3a%2f%2fmyatom.one%2fGhost-Addon%2fghostxmls%2fxmls1%2ffanart%2fufcccc22.png&amp;iconimage=http%3a%2f%2fmyatom.one%2fGhost-Addon%2fghostxmls%2fxmls1%2ffanart%2fmma_PNG52.png&amp;mode=get_list&amp;name=%5bCOLOR%20FFffffffff%5d%5bCOLORwhite%5d-----Bellator-----%5b%2fCOLOR%5d%5b%2fCOLOR%5d&amp;url=http%3a%2f%2fmyatom.one%2fGhost-Addon%2fghostxmls%2fxmls1%2fUFC%2fbellator.xml&quot</content>
</control>
</control>




<control type="group">
<control type="list" id="7">
<posx>1230</posx>
<posy>240</posy>
<width>680</width>
<height>300</height>
<onup>5</onup>
<onleft>6</onleft>
<orientation>horizontal</orientation>
<itemlayout width="220" height="100">
			<control type="image">
			<posx>2</posx>
			<posy>0</posy>
			<width>250</width>
			<height>250</height>
			<texture border="40" colordiffuse="$INFO[Window(home).Property(ImageColor)]">special://skin/extras/common/roundedbutton-nofocus.png</texture>
			</control>
<control type="multiimage">
<posx>27</posx>
<posy>25</posy>
<width>200</width>
<height>200</height>
<aspectratio>keep</aspectratio>
<imagepath fallback="special://skin/extras/sport.jpg">$INFO[ListItem.Thumb]</imagepath>
</control>
</itemlayout>
<focusedlayout width="220" height="100">
			<control type="image">
			<visible>control.hasfocus(7)</visible>
			<posx>0</posx>
			<posy>0</posy>
			<width>245</width>
			<height>245</height>
			<texture border="40" colordiffuse="$INFO[Window(home).Property(ImageColor)]">special://skin/extras/common/roundedbutton-focus.png</texture>
			</control>
			<control type="image">
			<visible>control.hasfocus(7)</visible>
			<posx>0</posx>
			<posy>0</posy>
			<width>245</width>
			<height>245</height>
			<texture border="40" colordiffuse="$INFO[Window(home).Property(ImageColor)]">special://skin/extras/common/roundedbutton-focus.png</texture>
			</control>
			<control type="image">
			<posx>2</posx>
			<posy>0</posy>
			<width>250</width>
			<height>250</height>
			<texture border="40" colordiffuse="$INFO[Window(home).Property(ImageColor)]">special://skin/extras/common/roundedbutton-nofocus.png</texture>
			</control>
<control type="multiimage">
<animation effect="zoom" center="auto" start="95,95" end="100,100" time="350">Focus</animation>
<posx>27</posx>
<posy>25</posy>
<width>200</width>
<height>200</height>
<aspectratio>keep</aspectratio>
<imagepath fallback="special://skin/extras/sport.jpg">$INFO[ListItem.Thumb]</imagepath>
</control>
</focusedlayout>
<content>plugin://plugin.video.ghost/?description=No%20information%20available&amp;fanart=http%3a%2f%2fmyatom.one%2fGhost-Addon%2fghostxmls%2fxmls1%2ffanart%2fufcccc22.png&amp;iconimage=http%3a%2f%2fmyatom.one%2fGhost-Addon%2fghostxmls%2fxmls1%2ffanart%2fmma_PNG52.png&amp;mode=get_list&amp;name=%5bCOLOR%20FFffffffff%5d%5bCOLORwhite%5d-----ONE%20Championship-----%5b%2fCOLOR%5d%5b%2fCOLOR%5d&amp;url=http%3a%2f%2fmyatom.one%2fGhost-Addon%2fghostxmls%2fxmls1%2fUFC%2fonechampion.xml&quot</content>
</control>
</control>

</controls>
</window>
