<?xml version="1.0" encoding="UTF-8"?>
<!-- Foundation -->
<window id="6768" type="dialog">
    <defaultcontrol always="true">2164</defaultcontrol>

<controls>


<control type="group">
<animation type="WindowOpen">
<effect type="slide" start="0,0" end="0,-800" time="250" tween="sine" easing="inout"/>
</animation>
<animation type="WindowOpen">
<effect type="slide" start="-800,0" end="0,0" time="250" tween="sine" easing="inout"/>
</animation>
<control type="image">
<posx>0</posx>
<posy>1485</posy>
<width>1920</width>
<height>400</height>
<bordertexture colordiffuse="grey_a">white.png</bordertexture>
<bordersize>4</bordersize>
<texture colordiffuse="black">white.png</texture>
</control>
</control>

<include content="seriascontent">
<param name="stringid" value="784"/>
<param name="stringcompare" value="784"/>
<param name="sessionnumber" value="1"/>
<param name="posy" value="1000"/>
<param name="labelname" value="הליך תקשורתי / Trial by Media"/>
<param name="genrename" value="דוקומנטרי"/>
<param name="yearname" value="2020"/>
<param name="onup" value="2164"/>
<param name="fanartid" value="https://static.sdarot.life/series/5460.jpg"/>
<param name="textplot" value="סדרה תיעודית הבוחנת את המשפטים הדרמטיים ביותר בכל הזמנים, בדגש על האופן שבו כלי התקשורת השפיעו על פסקי הדין."/>
<param name="episodedcontent" value="plugin://plugin.video.sdarot.tv/season/5460/1/%D7%94%D7%9C%D7%99%D7%9A+%D7%AA%D7%A7%D7%A9%D7%95%D7%A8%D7%AA%D7%99/Trial+by+Media&quot"/>
</include>

<include content="seriascontent">
<param name="stringid" value="785"/>
<param name="stringcompare" value="785"/>
<param name="sessionnumber" value="1"/>
<param name="posy" value="1000"/>
<param name="labelname" value="קרב הפרחים הגדול"/>
<param name="genrename" value="דוקומנטרי"/>
<param name="yearname" value="2020"/>
<param name="onup" value="2164"/>
<param name="fanartid" value="https://i.ytimg.com/vi/P6ZxASdQkVU/maxresdefault.jpg"/>
<param name="textplot" value="עשרה זוגות של שוזרי פרחים, פסלים ומעצבי גנים מנסים ליצור את פסלי הגינה הגדולים והנועזים ביותר כדי לזכות בתחרות פרחונית."/>
<param name="episodedcontent" value="plugin://plugin.video.mando/?all_w=%7b%7d&amp;data=2020&amp;dates=%20&amp;description=%5bCOLOR%20aqua%5d%20%d7%a9%d7%95%d7%93%d7%a8%20%d7%91%d7%aa%d7%90%d7%a8%d7%99%d7%9a%2018-05-2020%5b%2fCOLOR%5d%0aTen%20pairs%20of%20florists%2c%20sculptors%20and%20garden%20designers%20face%20off%20in%20a%20friendly%20floral%20fight%20to%20see%20who%20can%20build%20the%20biggest%2c%20boldest%20garden%20sculptures.&amp;eng_name=%20&amp;episode=%20&amp;fanart=https%3a%2f%2fimage.tmdb.org%2ft%2fp%2foriginal%2f%2fmeQv766GQsSwuRgyyjSukRtxEz2.jpg&amp;fav_status=false&amp;heb_name=%d7%a7%d7%a8%d7%91%20%d7%94%d7%a4%d7%a8%d7%97%d7%99%d7%9d%20%d7%94%d7%92%d7%93%d7%95%d7%9c&amp;iconimage=https%3a%2f%2fimage.tmdb.org%2ft%2fp%2foriginal%2f%2f2ZOi6NYiYECJmpAqIXanzMEiYPH.jpg&amp;id=103035&amp;image_master&amp;isr=0&amp;last_id&amp;mode=19&amp;name=%5bCOLOR%20white%5d%d7%a2%d7%95%d7%a0%d7%94%201%5b%2fCOLOR%5d&amp;original_title=The%20Big%20Flower%20Fight&amp;season=1&amp;show_original_year=2020&amp;tmdbid=381653&amp;url=https%3a%2f%2fapi.themoviedb.org%2f3%2ftv%2f103035%3fapi_key%3d34142515d9d23817496eeb4ff1d223d0%26language%3den%26append_to_response%3dexternal_ids&amp;video_data=%7b%22rating%22%3a%20%220%22%2c%20%22episode%22%3a%200%2c%20%22title%22%3a%20%22%5bCOLOR%20white%5d%5cu05e2%5cu05d5%5cu05e0%5cu05d4%201%5b%2fCOLOR%5d%22%2c%20%22season%22%3a%200%2c%20%22TVshowtitle%22%3a%20%22%22%2c%20%22mediatype%22%3a%20%22movie%22%2c%20%22plot%22%3a%20%22%5bCOLOR%20aqua%5d%20%5cu05e9%5cu05d5%5cu05d3%5cu05e8%20%5cu05d1%5cu05ea%5cu05d0%5cu05e8%5cu05d9%5cu05da%2018-05-2020%5b%2fCOLOR%5d%5cnTen%20pairs%20of%20florists%2c%20sculptors%20and%20garden%20designers%20face%20off%20in%20a%20friendly%20floral%20fight%20to%20see%20who%20can%20build%20the%20biggest%2c%20boldest%20garden%20sculptures.%22%2c%20%22OriginalTitle%22%3a%20%22The%20Big%20Flower%20Fight%22%2c%20%22Tag%22%3a%20%2216%22%2c%20%22year%22%3a%20%222020%22%7d&quot"/>
</include>

<include content="seriascontent">
<param name="stringid" value="786"/>
<param name="stringcompare" value="786"/>
<param name="sessionnumber" value="1"/>
<param name="posy" value="1000"/>
<param name="labelname" value="מבוא להיסטוריה"/>
<param name="genrename" value="דוקומנטרי"/>
<param name="yearname" value="2020"/>
<param name="onup" value="2164"/>
<param name="fanartid" value="https://occ-0-1068-1723.1.nflxso.net/dnm/api/v6/6AYY37jfdO6hpXcMjf9Yu5cnmO0/AAAABfWbCgmj7yJyZR-xFcCyjas9HbJ1TxezdX1BM3weMxtciaI-ByNgjEg6F34vKgaNoMuIvMU3NqvK1O-3xW0MDKtxoEde.jpg"/>
<param name="textplot" value="שיעורי היסטוריה קצרים על פריצות דרך מדעיות, על תנועות חברתיות ועל תגליות ששינו את העולם, בעזרת שילוב מיוחד של אינפוגרפיקה וצילומי ארכיון"/>
<param name="episodedcontent" value="plugin://plugin.video.mando/?all_w=%7b%7d&amp;data=2020&amp;dates=%20&amp;description=%5bCOLOR%20aqua%5d%20%d7%a9%d7%95%d7%93%d7%a8%20%d7%91%d7%aa%d7%90%d7%a8%d7%99%d7%9a%2022-05-2020%5b%2fCOLOR%5d%0aInfographics%20and%20archival%20footage%20deliver%20bite-size%20history%20lessons%20on%20scientific%20breakthroughs%2c%20social%20movements%20and%20world-changing%20discoveries.&amp;eng_name=%20&amp;episode=%20&amp;fanart=https%3a%2f%2fimage.tmdb.org%2ft%2fp%2foriginal%2f%2fp1tJWAOrs1bcp4ZmUR0MwVjZwdh.jpg&amp;fav_status=false&amp;heb_name=%d7%9e%d7%91%d7%95%d7%90%20%d7%9c%d7%94%d7%99%d7%a1%d7%98%d7%95%d7%a8%d7%99%d7%94&amp;iconimage=https%3a%2f%2fimage.tmdb.org%2ft%2fp%2foriginal%2f%2f4jwUhBWsO1FSSMnrdM2iWJXzPfe.jpg&amp;id=102905&amp;image_master&amp;isr=0&amp;last_id&amp;mode=19&amp;name=%5bCOLOR%20white%5d%d7%a2%d7%95%d7%a0%d7%94%201%5b%2fCOLOR%5d&amp;original_title=History%20101&amp;season=1&amp;show_original_year=2020&amp;tmdbid=381080&amp;url=https%3a%2f%2fapi.themoviedb.org%2f3%2ftv%2f102905%3fapi_key%3d34142515d9d23817496eeb4ff1d223d0%26language%3den%26append_to_response%3dexternal_ids&amp;video_data=%7b%22rating%22%3a%20%220%22%2c%20%22episode%22%3a%200%2c%20%22title%22%3a%20%22%5bCOLOR%20white%5d%5cu05e2%5cu05d5%5cu05e0%5cu05d4%201%5b%2fCOLOR%5d%22%2c%20%22season%22%3a%200%2c%20%22TVshowtitle%22%3a%20%22%22%2c%20%22mediatype%22%3a%20%22movie%22%2c%20%22plot%22%3a%20%22%5bCOLOR%20aqua%5d%20%5cu05e9%5cu05d5%5cu05d3%5cu05e8%20%5cu05d1%5cu05ea%5cu05d0%5cu05e8%5cu05d9%5cu05da%2022-05-2020%5b%2fCOLOR%5d%5cnInfographics%20and%20archival%20footage%20deliver%20bite-size%20history%20lessons%20on%20scientific%20breakthroughs%2c%20social%20movements%20and%20world-changing%20discoveries.%22%2c%20%22OriginalTitle%22%3a%20%22History%20101%22%2c%20%22Tag%22%3a%20%2216%22%2c%20%22year%22%3a%20%222020%22%7d&quot"/>
</include>

<include content="seriascontent">
<param name="stringid" value="787"/>
<param name="stringcompare" value="787"/>
<param name="sessionnumber" value="1"/>
<param name="posy" value="1000"/>
<param name="labelname" value="המסלול הבוער / Floor is Lava"/>
<param name="genrename" value="משפחה מתח ריאליטי"/>
<param name="yearname" value="2020"/>
<param name="onup" value="2164"/>
<param name="fanartid" value="https://static.sdarot.life/series/5548.jpg"/>
<param name="textplot" value="קבוצות שונות מנסות לעבור בשלום חדרים שמוצפים לָבה, וכל האמצעים כשרים: קפיצה מכיסאות, היאחזות בווילונות ואפילו היתלות בנברשות. כן, באמת."/>
<param name="episodedcontent" value="plugin://plugin.video.sdarot.tv/season/5548/1/%D7%94%D7%9E%D7%A1%D7%9C%D7%95%D7%9C+%D7%94%D7%91%D7%95%D7%A2%D7%A8/Floor+is+Lava&quot"/>
</include>

<include content="seriascontent">
<param name="stringid" value="788"/>
<param name="stringcompare" value="788"/>
<param name="sessionnumber" value="1"/>
<param name="posy" value="1000"/>
<param name="labelname" value="בית / Home"/>
<param name="genrename" value="דוקומנטרי"/>
<param name="yearname" value="2020"/>
<param name="onup" value="2164"/>
<param name="fanartid" value="https://static.sdarot.life/series/5398.jpg"/>
<param name="textplot" value="סדרה תיעודית בת תשעה פרקים, שמתיימרת לספק מבט רענן אל כמה מהבתים החדשניים ביותר בעולם."/>
<param name="episodedcontent" value="plugin://plugin.video.sdarot.tv/season/5398/1/%D7%91%D7%99%D7%AA/Home&quot"/>
</include>


<include content="seriascontent">
<param name="stringid" value="789"/>
<param name="stringcompare" value="789"/>
<param name="sessionnumber" value="1"/>
<param name="posy" value="1000"/>
<param name="labelname" value="הילדים האבודים של אטלנטה"/>
<param name="genrename" value="HBO דוקומנטרי"/>
<param name="yearname" value="2020"/>
<param name="onup" value="2164"/>
<param name="fanartid" value="https://static.sdarot.life/series/5431.jpg"/>
<param name="textplot" value="הסדרה הדוקומנטרית חושפת בחמישה חלקים את סיפור החטיפה והרצח של לפחות 30 ילדים וצעירים אפרו-אמריקאים באטלנטה, בין השנים 1979-1981. 40 שנה מאוחר יותר, התיק נפתח מחדש, והסדרה מציגה את הסיפור האמיתי של הטרגדיה המזעזעת."/>
<param name="episodedcontent" value="plugin://plugin.video.sdarot.tv/season/5431/1/%D7%94%D7%99%D7%9C%D7%93%D7%99%D7%9D+%D7%94%D7%90%D7%91%D7%95%D7%93%D7%99%D7%9D+%D7%A9%D7%9C+%D7%90%D7%98%D7%9C%D7%A0%D7%98%D7%94/Atlanta%27s+Missing+and+Murdered%3A+The+Lost+Children&quot"/>
</include>



		<control type="grouplist" id="2164">
		<posx>20</posx>
		<posy>700</posy>
		<width>700</width>
		<height>375</height>
		<itemgap>10</itemgap>
		<onback>Dialog.Close(6768)</onback>
		<onback>ActivateWindow(6788)</onback>
		<orientation>vertical</orientation>
		<include content="buttonid">
		<param name="buttonnumber" value="490"/>
		<param name="buttonname" value="הליך תקשורתי"/>
		<param name="buttonssetfocus" value="784"/>
		</include>
		<include content="buttonid">
		<param name="buttonnumber" value="491"/>
		<param name="buttonname" value="קרב הפרחים הגדול"/>
		<param name="buttonssetfocus" value="785"/>
		</include>
		<include content="buttonid">
		<param name="buttonnumber" value="492"/>
		<param name="buttonname" value="מבוא להיסטוריה"/>
		<param name="buttonssetfocus" value="786"/>
		</include>
		<include content="buttonid">
		<param name="buttonnumber" value="493"/>
		<param name="buttonname" value="המסלול הבוער / Floor is Lava"/>
		<param name="buttonssetfocus" value="787"/>
		</include>
		<include content="buttonid">
		<param name="buttonnumber" value="494"/>
		<param name="buttonname" value="בית / Home"/>
		<param name="buttonssetfocus" value="788"/>
		</include>
		<include content="buttonid">
		<param name="buttonnumber" value="495"/>
		<param name="buttonname" value="הילדים האבודים של אטלנטה"/>
		<param name="buttonssetfocus" value="789"/>
		</include>
		</control>



</controls>
</window>
