<?xml version="1.0" encoding="UTF-8"?>
<!-- Foundation -->
<window id="4021" type="dialog">
    <defaultcontrol always="true">5</defaultcontrol>


<controls>




<control type="group">
<description>base background episods and tvshows</description>
<control type="image">
<posx>-150</posx>
<posy>0</posy>
<width>2400</width>
<height>65</height>
<texture>special://skin/extras/common/context_middle.png</texture>
</control>
<control type="image">
<posx>-150</posx>
<posy>65</posy>
<width>2400</width>
<height>300</height>
<texture>special://skin/extras/common/context_middle.png</texture>
</control>
<control type="image">
<posx>-150</posx>
<posy>365</posy>
<width>2400</width>
<height>500</height>
<texture>special://skin/extras/common/context_middle.png</texture>
</control>
</control>

<control type="group">
<description>tvshowinfo</description>
<control type="multiimage">
<posx>1600</posx>
<posy>380</posy>
<width>315</width>
<height>470</height>
<fadetime>350</fadetime>
<imagepath>$INFO[Container(5).ListItem.Thumb]</imagepath>
</control>
<control type="label">
<posx>0</posx>
<posy>400</posy>
<width>800</width>
<height>50</height>
<align>center</align>
<font>font-21-newrecommnded</font>
<label>$INFO[Container(5).ListItem.Label]</label>
</control>
<control type="textbox">
<posx>770</posx>
<posy>710</posy>
<width>800</width>
<height min="50" max="135">135</height>
<align>right</align>
<autoscroll fade="2550" time="3000" repeat="4000"></autoscroll>
<label>$INFO[Container(5).ListItem.Plot]</label>
</control>
</control>


<include content="designnewepissod">
<param name="stringid" value="5"/>
<param name="content" value="plugin://plugin.video.mando/?all_w=%7b%7d&amp;data=%20&amp;dates=%20&amp;description=TMDB&amp;eng_name=%20&amp;episode=%20&amp;fanart=https%3a%2f%2fimage.businessinsider.com%2f5d5ea69fcd97841fea3d3b36%3fwidth%3d1100%26format%3djpeg%26auto%3dwebp&amp;fav_status=false&amp;heb_name=%20&amp;iconimage=C%3a%5cUsers%5cneta%5cAppData%5cRoaming%5cKodi%5caddons%5cplugin.video.mando%5cresources%5cartwork_shinobi%2fpopular.png&amp;id=%20&amp;image_master&amp;isr=0&amp;last_id&amp;mode=14&amp;name=%5bCOLOR%20orange%5d%5bB%5d%d7%9e%d7%90%d7%a0%d7%93%d7%95%20%5bCOLOR%20aqua%5d%20%d7%a4%d7%95%d7%a4%d7%95%d7%9c%d7%a8%d7%99%20%5b%2fCOLOR%5d%5b%2fB%5d&amp;original_title=%20&amp;season=%20&amp;show_original_year=%20&amp;tmdbid=%20&amp;url=http%3a%2f%2fapi.themoviedb.org%2f3%2ftv%2fpopular%3fapi_key%3d34142515d9d23817496eeb4ff1d223d0%26language%3dhe%26page%3d1&amp;video_data=%7b%22rating%22%3a%20%220%22%2c%20%22episode%22%3a%200%2c%20%22title%22%3a%20%22%5bCOLOR%20orange%5d%5bB%5d%5cu05de%5cu05d0%5cu05e0%5cu05d3%5cu05d5%20%5bCOLOR%20aqua%5d%20%5cu05e4%5cu05d5%5cu05e4%5cu05d5%5cu05dc%5cu05e8%5cu05d9%20%5b%2fCOLOR%5d%5b%2fB%5d%22%2c%20%22season%22%3a%200%2c%20%22TVshowtitle%22%3a%20%22%22%2c%20%22mediatype%22%3a%20%22movie%22%2c%20%22plot%22%3a%20%22TMDB%22%2c%20%22OriginalTitle%22%3a%20%22%20%22%2c%20%22Tag%22%3a%20%223%22%7d&quot"/>
</include>


<include content="sessiononenew">
<param name="sessiononeidnew" value="100"/>
<param name="tvshowlabelname" value="דרגון בול זי"/>
<param name="networkname" value="NETFLIX"/>
<param name="textcolornetwork" value="red"/>
<param name="sessiononecontentnew" value="plugin://plugin.video.mando/?all_w=%7b%7d&amp;data=1995&amp;dates=%20&amp;description=%5bCOLOR%20aqua%5d%20%d7%a9%d7%95%d7%93%d7%a8%20%d7%91%d7%aa%d7%90%d7%a8%d7%99%d7%9a%2001-02-1995%5b%2fCOLOR%5d%0aFive%20years%20have%20passed%20since%20the%20fight%20with%20Piccolo%20Jr.%2c%20and%20Goku%20now%20has%20a%20son%2c%20Gohan.%20The%20peace%20is%20interrupted%20when%20an%20alien%20named%20Raditz%20arrives%20on%20Earth%20in%20a%20spacecraft%20and%20tracks%20down%20Goku%2c%20revealing%20to%20him%20that%20that%20they%20are%20members%20of%20a%20near-extinct%20warrior%20race%20called%20the%20Saiyans.&amp;eng_name=%20&amp;episode=%20&amp;fanart=https%3a%2f%2fimage.tmdb.org%2ft%2fp%2foriginal%2f%2fv7J7q0yMAPbocBgiv39hpAMEcRf.jpg&amp;fav_status=false&amp;heb_name=%d7%93%d7%a8%d7%92%d7%95%d7%9f%20%d7%91%d7%95%d7%9c%20%d7%96%d7%99&amp;iconimage=https%3a%2f%2fimage.tmdb.org%2ft%2fp%2foriginal%2f%2fng5ikoqe4vU7gS5l42EB35rMEIX.jpg&amp;id=12971&amp;image_master&amp;isr=0&amp;last_id&amp;mode=19&amp;name=%5bCOLOR%20white%5d%d7%a2%d7%95%d7%a0%d7%94%209%5b%2fCOLOR%5d&amp;original_title=Dragon%20Ball%20Z&amp;season=9&amp;show_original_year=1989&amp;tmdbid=81472&amp;url=https%3a%2f%2fapi.themoviedb.org%2f3%2ftv%2f12971%3fapi_key%3d34142515d9d23817496eeb4ff1d223d0%26language%3den%26append_to_response%3dexternal_ids&amp;video_data=%7b%22rating%22%3a%20%220%22%2c%20%22episode%22%3a%200%2c%20%22title%22%3a%20%22%5bCOLOR%20white%5d%5cu05e2%5cu05d5%5cu05e0%5cu05d4%209%5b%2fCOLOR%5d%22%2c%20%22season%22%3a%200%2c%20%22TVshowtitle%22%3a%20%22%22%2c%20%22mediatype%22%3a%20%22movie%22%2c%20%22plot%22%3a%20%22%5bCOLOR%20aqua%5d%20%5cu05e9%5cu05d5%5cu05d3%5cu05e8%20%5cu05d1%5cu05ea%5cu05d0%5cu05e8%5cu05d9%5cu05da%2001-02-1995%5b%2fCOLOR%5d%5cnFive%20years%20have%20passed%20since%20the%20fight%20with%20Piccolo%20Jr.%2c%20and%20Goku%20now%20has%20a%20son%2c%20Gohan.%20The%20peace%20is%20interrupted%20when%20an%20alien%20named%20Raditz%20arrives%20on%20Earth%20in%20a%20spacecraft%20and%20tracks%20down%20Goku%2c%20revealing%20to%20him%20that%20that%20they%20are%20members%20of%20a%20near-extinct%20warrior%20race%20called%20the%20Saiyans.%22%2c%20%22OriginalTitle%22%3a%20%22Dragon%20Ball%20Z%22%2c%20%22Tag%22%3a%20%2216%22%2c%20%22year%22%3a%20%221995%22%7d&quot"/>
</include>

<include content="sessiontwonew">
<param name="sessiontwoidnew" value="101"/>
<param name="tvshowlabelname" value="דרגון בול זי"/>
<param name="networkname" value="NETFLIX"/>
<param name="textcolornetwork" value="red"/>
<param name="sessiontwocontentnew" value="plugin://plugin.video.mando/?all_w=%7b%7d&amp;data=1995&amp;dates=%20&amp;description=%5bCOLOR%20aqua%5d%20%d7%a9%d7%95%d7%93%d7%a8%20%d7%91%d7%aa%d7%90%d7%a8%d7%99%d7%9a%2001-02-1995%5b%2fCOLOR%5d%0aFive%20years%20have%20passed%20since%20the%20fight%20with%20Piccolo%20Jr.%2c%20and%20Goku%20now%20has%20a%20son%2c%20Gohan.%20The%20peace%20is%20interrupted%20when%20an%20alien%20named%20Raditz%20arrives%20on%20Earth%20in%20a%20spacecraft%20and%20tracks%20down%20Goku%2c%20revealing%20to%20him%20that%20that%20they%20are%20members%20of%20a%20near-extinct%20warrior%20race%20called%20the%20Saiyans.&amp;eng_name=%20&amp;episode=%20&amp;fanart=https%3a%2f%2fimage.tmdb.org%2ft%2fp%2foriginal%2f%2fv7J7q0yMAPbocBgiv39hpAMEcRf.jpg&amp;fav_status=false&amp;heb_name=%d7%93%d7%a8%d7%92%d7%95%d7%9f%20%d7%91%d7%95%d7%9c%20%d7%96%d7%99&amp;iconimage=https%3a%2f%2fimage.tmdb.org%2ft%2fp%2foriginal%2f%2fng5ikoqe4vU7gS5l42EB35rMEIX.jpg&amp;id=12971&amp;image_master&amp;isr=0&amp;last_id&amp;mode=19&amp;name=%5bCOLOR%20white%5d%d7%a2%d7%95%d7%a0%d7%94%209%5b%2fCOLOR%5d&amp;original_title=Dragon%20Ball%20Z&amp;season=9&amp;show_original_year=1989&amp;tmdbid=81472&amp;url=https%3a%2f%2fapi.themoviedb.org%2f3%2ftv%2f12971%3fapi_key%3d34142515d9d23817496eeb4ff1d223d0%26language%3den%26append_to_response%3dexternal_ids&amp;video_data=%7b%22rating%22%3a%20%220%22%2c%20%22episode%22%3a%200%2c%20%22title%22%3a%20%22%5bCOLOR%20white%5d%5cu05e2%5cu05d5%5cu05e0%5cu05d4%209%5b%2fCOLOR%5d%22%2c%20%22season%22%3a%200%2c%20%22TVshowtitle%22%3a%20%22%22%2c%20%22mediatype%22%3a%20%22movie%22%2c%20%22plot%22%3a%20%22%5bCOLOR%20aqua%5d%20%5cu05e9%5cu05d5%5cu05d3%5cu05e8%20%5cu05d1%5cu05ea%5cu05d0%5cu05e8%5cu05d9%5cu05da%2001-02-1995%5b%2fCOLOR%5d%5cnFive%20years%20have%20passed%20since%20the%20fight%20with%20Piccolo%20Jr.%2c%20and%20Goku%20now%20has%20a%20son%2c%20Gohan.%20The%20peace%20is%20interrupted%20when%20an%20alien%20named%20Raditz%20arrives%20on%20Earth%20in%20a%20spacecraft%20and%20tracks%20down%20Goku%2c%20revealing%20to%20him%20that%20that%20they%20are%20members%20of%20a%20near-extinct%20warrior%20race%20called%20the%20Saiyans.%22%2c%20%22OriginalTitle%22%3a%20%22Dragon%20Ball%20Z%22%2c%20%22Tag%22%3a%20%2216%22%2c%20%22year%22%3a%20%221995%22%7d&quot"/>
</include>

</controls>
</window>
