<?xml version="1.0" encoding="UTF-8"?>
<!-- Foundation -->
<window id="6846" type="dialog">
    <defaultcontrol always="true">5</defaultcontrol>


<controls>

<!--wwe arena-->
<control type="multiimage">
<posx>0</posx>
<posy>0</posy>
<width>1920</width>
<height>1080</height>
<fadetime>450</fadetime>
<imagepath>https://wallpapercave.com/wp/wp4973570.jpg</imagepath>
</control>
<control type="group">
<posy>-100</posy>
<control type="image">
<posx>400</posx>
<posy>200</posy>
<width>1000</width>
<height>900</height>
<texture border="40">special://skin/extras/common/roundedbutton-nofocus.png</texture>
</control>

<control type="image">
<posx>400</posx>
<posy>100</posy>
<width>1000</width>
<height>100</height>
<texture border="40">special://skin/extras/common/roundedbutton-nofocus.png</texture>
</control>

<control type="image">
<visible>!Integer.IsGreater(Container(5).NumItems,0)</visible>
<posx>800</posx>
<posy>550</posy>
<width>120</width>
<height>120</height>
<aspectratio>keep</aspectratio>
<texture>special://skin/extras/specialbuttons/loading.gif</texture>
</control>

<control type="label">
<posx>600</posx>
<posy>110</posy>
<width>1000</width>
<height>50</height>
<font>font-21-recommnded</font>
<label>פרקים סדרות לילדים בלבד</label>
</control>

<control type="group">
<control type="list" id="5">
<posx>410</posx>
<posy>230</posy>
<width>1500</width>
<height>850</height>
<onright>Dialog.Close(6846)</onright>
<onright>ActivateWindow(10025,&quot;plugin://plugin.video.telemedia/?data=0&amp;dates=%20&amp;description=%d7%92%0afrom_plot&amp;eng_name=%20&amp;episode=%20&amp;fanart&amp;fav_status=false&amp;heb_name=%20&amp;iconimage&amp;id=%20&amp;image_master=%24%24%24&amp;isr=0&amp;last_id=0%24%24%240%24%24%240%24%24%240&amp;mode=2&amp;name=%5bCOLOR%20khaki%5d%d7%a4%d7%a8%d7%a7%d7%99%d7%9d%20%d7%a1%d7%93%d7%a8%d7%95%d7%aa%20%d7%99%d7%9c%d7%93%d7%99%d7%9d%5b%2fCOLOR%5d&amp;original_title=%d7%a4%d7%a8%d7%a7%d7%99%d7%9d%20%d7%a1%d7%93%d7%a8%d7%95%d7%aa%20%d7%99%d7%9c%d7%93%d7%99%d7%9d&amp;season=%20&amp;show_original_year=%20&amp;tmdbid=%20&amp;url=-1001432275130&quot;,return)</onright>
<onleft>Dialog.Close(6846)</onleft>
<onleft>ActivateWindow(10025,&quot;plugin://plugin.video.telemedia/?data=0&amp;dates=%20&amp;description=%d7%92%0afrom_plot&amp;eng_name=%20&amp;episode=%20&amp;fanart&amp;fav_status=false&amp;heb_name=%20&amp;iconimage&amp;id=%20&amp;image_master=%24%24%24&amp;isr=0&amp;last_id=0%24%24%240%24%24%240%24%24%240&amp;mode=2&amp;name=%5bCOLOR%20khaki%5d%d7%a4%d7%a8%d7%a7%d7%99%d7%9d%20%d7%a1%d7%93%d7%a8%d7%95%d7%aa%20%d7%99%d7%9c%d7%93%d7%99%d7%9d%5b%2fCOLOR%5d&amp;original_title=%d7%a4%d7%a8%d7%a7%d7%99%d7%9d%20%d7%a1%d7%93%d7%a8%d7%95%d7%aa%20%d7%99%d7%9c%d7%93%d7%99%d7%9d&amp;season=%20&amp;show_original_year=%20&amp;tmdbid=%20&amp;url=-1001432275130&quot;,return)</onleft>
<orientation>vertical</orientation>
<scrolltime tween="sine" easing="inout">550</scrolltime>
<itemlayout width="120" height="170">
<control type="image">
<posx>0</posx>
<posy>0</posy>
<width>980</width>
<height>150</height>
<texture border="40">special://skin/extras/common/roundedbutton-nofocus.png</texture>
</control>
<control type="multiimage">
<posx>20</posx>
<posy>25</posy>
<width>100</width>
<height>100</height>
<imagepath>$INFO[ListItem.Thumb]</imagepath>
</control>
<control type="label">
<posx>0</posx>
<posy>40</posy>
<width>950</width>
<height>85</height>
<align>right</align>
<label>$INFO[ListItem.Label]</label>
</control>
</itemlayout>
<focusedlayout width="120" height="170">
<control type="image">
<posx>0</posx>
<posy>0</posy>
<width>980</width>
<height>150</height>
<texture colordiffuse="deepskyblue" border="40">special://skin/extras/common/roundedbutton-focus.png</texture>
</control>
<control type="image">
<posx>0</posx>
<posy>0</posy>
<width>980</width>
<height>150</height>
<texture border="40">special://skin/extras/common/roundedbutton-nofocus.png</texture>
</control>
<control type="multiimage">
<posx>20</posx>
<posy>25</posy>
<width>100</width>
<height>100</height>
<imagepath>$INFO[ListItem.Thumb]</imagepath>
</control>
<control type="label">
<visible>!Control.HasFocus(5)</visible>
<posx>0</posx>
<posy>40</posy>
<width>950</width>
<height>85</height>
<align>right</align>
<label>$INFO[ListItem.Label]</label>
</control>
<control type="label">
<visible>Control.HasFocus(5)</visible>
<posx>0</posx>
<posy>40</posy>
<width>950</width>
<height>85</height>
<align>right</align>
<label>[B]$INFO[ListItem.Label][/B]</label>
</control>
</focusedlayout>
<content>plugin://plugin.video.telemedia/?data=0&amp;dates=%20&amp;description=%d7%92%0afrom_plot&amp;eng_name=%20&amp;episode=%20&amp;fanart&amp;fav_status=false&amp;heb_name=%20&amp;iconimage&amp;id=%20&amp;image_master=%24%24%24&amp;isr=0&amp;last_id=0%24%24%240%24%24%240%24%24%240&amp;mode=2&amp;name=%5bCOLOR%20khaki%5d%d7%a4%d7%a8%d7%a7%d7%99%d7%9d%20%d7%a1%d7%93%d7%a8%d7%95%d7%aa%20%d7%99%d7%9c%d7%93%d7%99%d7%9d%5b%2fCOLOR%5d&amp;original_title=%d7%a4%d7%a8%d7%a7%d7%99%d7%9d%20%d7%a1%d7%93%d7%a8%d7%95%d7%aa%20%d7%99%d7%9c%d7%93%d7%99%d7%9d&amp;season=%20&amp;show_original_year=%20&amp;tmdbid=%20&amp;url=-1001432275130&quot</content>
</control>
</control>
</control>
</controls>
</window>
