<?xml version="1.0" encoding="UTF-8"?>
<!-- Foundation -->
<window id="4012" type="dialog">
    <defaultcontrol always="true">35</defaultcontrol>


<controls>





<control type="group">
<control type="multiimage">
<posx>0</posx>
<posy>0</posy>
<width>fsw</width>
<height>fsh</height>
<imagepath>https://images3.alphacoders.com/900/900379.jpg</imagepath>
</control>

<control type="image">
<posx>0</posx>
<posy>300</posy>
<width>fsw</width>
<height>500</height>
<texture>black.png</texture>
</control>
</control>







<include content="missedinfokidsserias">
<param name="imagepath" value="https://static.sdarot.life/series/5656.jpg"/>
<param name="containernumber" value="800"/>
<param name="contentid" value="500"/>
<param name="genre" value="אנימציה נטפליקס"/>
<param name="year" value="2020"/>
<param name="plot" value="לזואי בת ה-8 יש כוח מיוחד: כשהיא נתקלת בנבל מרושע היא הופכת לקרן אור כוכב – גיבורת-על קטנה אבל גדולה מהחיים, שמסוגלת להציל את המצב, בכל מצב!
"/>
<param name="content" value="plugin://plugin.video.sdarot.tv/season/5656/1/%D7%A7%D7%A8%D7%9F+%D7%90%D7%95%D7%A8+%D7%9B%D7%95%D7%9B%D7%91/StarBeam&quot"/>
</include>

<include content="missedinfokidsserias">
<param name="imagepath" value="https://static.sdarot.life/series/5634.jpg"/>
<param name="containernumber" value="801"/>
<param name="contentid" value="501"/>
<param name="genre" value="אנימציה הרפתקאות מדע בדיוני משפחה"/>
<param name="year" value="2018"/>
<param name="plot" value="במשך שנים, חיו רובוטים ובני אדם זה לצד זה בעולם העתידני של העיר סיליקון סיטי. אך יש כאלו המבקשים להפר את האיזון. בתלמיד תיכון רובוט, אקי לייט, נמצא קוד תכנות שיכול לשנות אותו לגיבור רב-עוצמה, מגה-מן!
"/>
<param name="content" value="plugin://plugin.video.sdarot.tv/season/5634/1/%D7%9E%D7%92%D7%94-%D7%9E%D7%9F+%D7%91%D7%A2%D7%95%D7%A6%D7%9E%D7%94+%D7%9E%D7%9C%D7%90%D7%94+%2A%D7%9E%D7%93%D7%95%D7%91%D7%91%2A/Mega+Man%3A+Fully+Charged&quot"/>
</include>

<control type="list" id="35">
<posx>0</posx>
<posy>320</posy>
<width>800</width>
<height>600</height>
<orientation>vertical</orientation>
<itemlayout width="120" height="40">
<control type="label">
<posx>0</posx>
<posy>0</posy>
<width>800</width>
<align>left</align>
<label>$INFO[ListItem.Label]</label>
</control>
</itemlayout>
<focusedlayout width="120" height="40">
<control type="label">
<visible>!Control.HasFocus(35)</visible>
<posx>0</posx>
<posy>0</posy>
<width>800</width>
<align>left</align>
<label>$INFO[ListItem.Label]</label>
</control>
<control type="label">
<visible>Control.HasFocus(35)</visible>
<posx>0</posx>
<posy>0</posy>
<width>800</width>
<align>left</align>
<textcolor>yellow</textcolor>
<label>[B]$INFO[ListItem.Label][/B]</label>
</control>
</focusedlayout>
<content>
<item id="800">
<label>קרן אור כוכב</label>
<onclick>control.setfocus(500)</onclick>
</item>
<item id="801">
<label>מגה-מן בעוצמה מלאה</label>
<onclick>control.setfocus(501)</onclick>
</item>
</content>
</control>

</controls>
</window>
