<?xml version="1.0" encoding="UTF-8"?>
<!-- Foundation -->
<window id="6727" type="dialog">
    <defaultcontrol always="true">5</defaultcontrol>
    	<onload>ClearProperty(quicknavsetup,home)</onload>
	<onunload>ClearProperty(quicknavsetup,home)</onunload>	
<controls>


<control type="group">
<animation effect="fade" time="450">VisibleChange</animation>
<control type="image">
<posx>0</posx>
<posy>0</posy>
<width>1920</width>
<height>1080</height>
<texture colordiffuse="black">black.png</texture>
</control>





<control type="label">
<posx>150</posx>
<posy>30</posy>
<width>800</width>
<height>100</height>
<font>font-21-power</font>
<label>הופעות חיות</label>
</control>

<control type="label">
<animation condition="!Integer.IsGreater(Container(5).NumItems,0)" effect="fade" start="0" end="100" time="1100" pulse="true">Conditional</animation>
<visible>!Integer.IsGreater(Container(5).NumItems,0)</visible>
<posx>1000</posx>
<posy>400</posy>
<width>800</width>
<height>100</height>
<font>font-21-power</font>
<label>טוען תוכן....</label>
</control>

<control type="image">
<posx>40</posx>
<posy>160</posy>
<width>600</width>
<height>60</height>
<texture colordiffuse="deepskyblue">white.png</texture>
</control>

<control type="image">
<posx>40</posx>
<posy>400</posy>
<width>600</width>
<height>60</height>
<texture colordiffuse="deepskyblue">white.png</texture>
</control>
<control type="image">
<posx>40</posx>
<posy>565</posy>
<width>600</width>
<height>60</height>
<texture colordiffuse="deepskyblue">white.png</texture>
</control>
</control>

<control type="image">
<posx>1670</posx>
<posy>800</posy>
<width>60</width>
<height>50</height>
<texture>special://skin/extras/arrows/arrow-142-512.png</texture>
<aspectratio>keep</aspectratio>
</control>

<control type="image">
<posx>1670</posx>
<posy>1030</posy>
<width>80</width>
<height>50</height>
<texture>special://skin/extras/arrows/arrow-204-512.png</texture>
<aspectratio>keep</aspectratio>
</control>

<control type="label">
<posx>285</posx>
<posy>155</posy>
<width>200</width>
<height>100</height>
<label>[B]תקציר[/B]</label>
<font>font-32</font>
<textcolor>white</textcolor>
</control>

<control type="textbox">
<posx>200</posx>
<posy>885</posy>
<width>1000</width>
<height>175</height>
<align>right</align>
<autoscroll delay="2550" time="4000" repeat="4000"></autoscroll>
<label>$INFO[Container(5).ListItem.Plot]</label>
</control>

<control type="label">
<posx>240</posx>
<posy>395</posy>
<width>400</width>
<height>100</height>
<label>[B]מידע נוסף[/B]</label>
<font>font-32</font>
</control>

<control type="multiimage">
<posx>850</posx>
<posy>150</posy>
<width>800</width>
<height>480</height>
<fadetime>450</fadetime>
<imagepath>$INFO[Container(5).ListItem.Art(thumb)]</imagepath>
</control>

<control type="multiimage">
<posx>1250</posx>
<posy>870</posy>
<width>220</width>
<height>200</height>
<fadetime>450</fadetime>
<imagepath>$INFO[Container(5).ListItem.Art(poster)]</imagepath>
</control>

<control type="label">
<animation type="WindowOpen">
<effect type="slide" start="-500,0" end="1070,0" time="850" fade="5050" tween="cubic" easing="inout"/>
</animation>
<animation type="WindowClose">
<effect type="slide" start="1070,0" end="-500,0" time="450" tween="cubic" easing="inout"/>
</animation>
<posx>-500</posx>
<posy>465</posy>
<width>480</width>
<height>40</height>
<label>סגנון:</label>
</control>

<control type="label">
<animation type="WindowOpen">
<effect type="slide" start="-500,0" end="1065,0" time="850" fade="5050" tween="cubic" easing="inout"/>
</animation>
<animation type="WindowClose">
<effect type="slide" start="1065,0" end="-500,0" time="450" tween="cubic" easing="inout"/>
</animation>
<posx>-500</posx>
<posy>465</posy>
<width>520</width>
<height>40</height>
<align>right</align>
<label>[I][COLOR gray]$INFO[Container(5).ListItem.Genre][/I][/COLOR]</label>
</control>

<control type="label">
<animation type="WindowOpen">
<effect type="slide" start="-500,0" end="920,0" time="850" fade="5050" tween="cubic" easing="inout"/>
</animation>
<animation type="WindowClose">
<effect type="slide" start="920,0" end="-500,0" time="450" tween="cubic" easing="inout"/>
</animation>
<posx>-500</posx>
<posy>510</posy>
<width>600</width>
<height>40</height>
<label>[I][COLOR gray]$INFO[Container(5).ListItem.Year][/COLOR][/I]  שנת יציאה:  </label>
</control>

<control type="textbox">
<animation type="WindowOpen">
<effect type="slide" start="-500,0" end="1030,0" time="450" tween="cubic" easing="inout"/>
</animation>
<animation type="WindowClose">
<effect type="slide" start="1030,0" end="-500,0" time="450" tween="cubic" easing="inout"/>
</animation>
<posx>-800</posx>
<posy>240</posy>
<width>400</width>
<height>140</height>
<align>right</align>
<label>$INFO[Container(5).ListItem.Plot]</label>
<textcolor>white</textcolor>
<autoscroll fade="2550" time="2550" repeat="4000"></autoscroll>
</control>

<control type="scrollbar" id="35">
                <left>1540</left>
                <top>870</top>
                <width>4</width>
                <height>220</height>
                <subtype>text</subtype>
                <visible>true</visible>
                <texturesliderbackground>special://skin/extras/views/gradient_seperator.png</texturesliderbackground>
                <texturesliderbar colordiffuse="burlywood">special://skin/extras/views/gradient_seperator.png</texturesliderbar>
                <texturesliderbarfocus colordiffuse="FF12B2E7">special://skin/extras/views/gradient_seperator.png</texturesliderbarfocus>
                <orientation>vertical</orientation>
                <showonepage>true</showonepage>
                <onup>201</onup>
                <ondown>201</ondown>
                <onleft>201</onleft>
                <onright>Control.SetFocus(5)</onright>
            </control>
	
  <control type="group">
  <animation effect="fade" time="450">VisibleChange</animation>
  <posx>255</posx>
  <posy>575</posy>
  	<control type="label">
	 <animation effect="fade" time="450">VisibleChange</animation>
	<visible>Integer.IsEqual(Container(5).ListItem.Rating,3) | Integer.IsEqual(Container(5).ListItem.Rating,3.1) | Integer.IsEqual(Container(5).ListItem.Rating,3.2) | Integer.IsEqual(Container(5).ListItem.Rating,3.3) | Integer.IsEqual(Container(5).ListItem.Rating,3.4) | Integer.IsEqual(Container(5).ListItem.Rating,3.5) | Integer.IsEqual(Container(5).ListItem.Rating,3.6) | Integer.IsEqual(Container(5).ListItem.Rating,3.7) | Integer.IsEqual(Container(5).ListItem.Rating,3.8) | Integer.IsEqual(Container(5).ListItem.Rating,3.9)</visible>
	<posx>0</posx>
	<posy>0</posy>
	<width>200</width>
	<height>30</height>
	<textcolor>white</textcolor>
	<font>Font-Header-Bold-label</font>
	<label>[B]אהבו 30%[/B]</label>
	</control>
	<control type="label">
	 <animation effect="fade" time="450">VisibleChange</animation>
	<visible>Integer.IsEqual(Container(5).ListItem.Rating,4) | Integer.IsEqual(Container(5).ListItem.Rating,4.1) | Integer.IsEqual(Container(5).ListItem.Rating,4.2) | Integer.IsEqual(Container(5).ListItem.Rating,4.3) | Integer.IsEqual(Container(5).ListItem.Rating,4.4) | Integer.IsEqual(Container(5).ListItem.Rating,4.5) | Integer.IsEqual(Container(5).ListItem.Rating,4.6) | Integer.IsEqual(Container(5).ListItem.Rating,4.7) | Integer.IsEqual(Container(5).ListItem.Rating,4.8) | Integer.IsEqual(Container(5).ListItem.Rating,4.9)</visible>
	<posx>0</posx>
	<posy>0</posy>
	<width>200</width>
	<height>30</height>
	<textcolor>white</textcolor>
	<font>Font-Header-Bold-label</font>
	<label>[B]אהבו 40%[/B]</label>
	</control>
	<control type="label">
	 <animation effect="fade" time="450">VisibleChange</animation>
	<visible>Integer.IsEqual(Container(5).ListItem.Rating,5) | Integer.IsEqual(Container(5).ListItem.Rating,5.1) | Integer.IsEqual(Container(5).ListItem.Rating,5.2) | Integer.IsEqual(Container(5).ListItem.Rating,5.3) | Integer.IsEqual(Container(5).ListItem.Rating,5.4) | Integer.IsEqual(Container(5).ListItem.Rating,5.5) | Integer.IsEqual(Container(5).ListItem.Rating,5.6) | Integer.IsEqual(Container(5).ListItem.Rating,5.7) | Integer.IsEqual(Container(5).ListItem.Rating,5.8) | Integer.IsEqual(Container(5).ListItem.Rating,5.9)</visible>
	<posx>0</posx>
	<posy>0</posy>
	<width>200</width>
	<height>30</height>
	<textcolor>white</textcolor>
	<font>Font-Header-Bold-label</font>
	<label>[B]אהבו 50%[/B]</label>
	</control>
	<control type="label">
	 <animation effect="fade" time="450">VisibleChange</animation>
	<visible>Integer.IsEqual(Container(5).ListItem.Rating,6) | Integer.IsEqual(Container(5).ListItem.Rating,6.1) | Integer.IsEqual(Container(5).ListItem.Rating,6.2) | Integer.IsEqual(Container(5).ListItem.Rating,6.3) | Integer.IsEqual(Container(5).ListItem.Rating,6.4) | Integer.IsEqual(Container(5).ListItem.Rating,6.5) | Integer.IsEqual(Container(5).ListItem.Rating,6.6) | Integer.IsEqual(Container(5).ListItem.Rating,6.7) | Integer.IsEqual(Container(5).ListItem.Rating,6.8) | Integer.IsEqual(Container(5).ListItem.Rating,6.9)</visible>
	<posx>0</posx>
	<posy>0</posy>
	<width>200</width>
	<height>30</height>
	<textcolor>white</textcolor>
	<font>Font-Header-Bold-label</font>
	<label>[B]אהבו 60%[/B]</label>
	</control>
	<control type="label">
	 <animation effect="fade" time="450">VisibleChange</animation>
	<visible>Integer.IsEqual(Container(5).ListItem.Rating,7) | Integer.IsEqual(Container(5).ListItem.Rating,7.1) | Integer.IsEqual(Container(5).ListItem.Rating,7.2) | Integer.IsEqual(Container(5).ListItem.Rating,7.3) | Integer.IsEqual(Container(5).ListItem.Rating,7.4) | Integer.IsEqual(Container(5).ListItem.Rating,7.5) | Integer.IsEqual(Container(5).ListItem.Rating,7.6) | Integer.IsEqual(Container(5).ListItem.Rating,7.7) | Integer.IsEqual(Container(5).ListItem.Rating,7.8) | Integer.IsEqual(Container(5).ListItem.Rating,7.9)</visible>
	<posx>0</posx>
	<posy>0</posy>
	<width>200</width>
	<height>30</height>
	<textcolor>white</textcolor>
	<font>Font-Header-Bold-label</font>
	<label>[B]אהבו 70%[/B]</label>
	</control>
	<control type="label">
	<animation effect="fade" time="450">VisibleChange</animation>
	<visible>Integer.IsEqual(Container(5).ListItem.Rating,8) | Integer.IsEqual(Container(5).ListItem.Rating,8.1) | Integer.IsEqual(Container(5).ListItem.Rating,8.2) | Integer.IsEqual(Container(5).ListItem.Rating,8.3) | Integer.IsEqual(Container(5).ListItem.Rating,8.4) | Integer.IsEqual(Container(5).ListItem.Rating,8.5) | Integer.IsEqual(Container(5).ListItem.Rating,8.6) | Integer.IsEqual(Container(5).ListItem.Rating,8.7) | Integer.IsEqual(Container(5).ListItem.Rating,8.8) | Integer.IsEqual(Container(5).ListItem.Rating,8.9)</visible>
	<posx>0</posx>
	<posy>0</posy>
	<width>200</width>
	<height>30</height>
	<textcolor>white</textcolor>
	<font>Font-Header-Bold-label</font>
	<label>[B]אהבו 80%[/B]</label>
	</control>
	<control type="label">
	 <animation effect="fade" time="450">VisibleChange</animation>
	<visible>Integer.IsEqual(Container(5).ListItem.Rating,9) | Integer.IsEqual(Container(5).ListItem.Rating,9.1) | Integer.IsEqual(Container(5).ListItem.Rating,9.2) | Integer.IsEqual(Container(5).ListItem.Rating,9.3) | Integer.IsEqual(Container(5).ListItem.Rating,9.4) | Integer.IsEqual(Container(5).ListItem.Rating,9.5) | Integer.IsEqual(Container(5).ListItem.Rating,9.6) | Integer.IsEqual(Container(5).ListItem.Rating,9.7) | Integer.IsEqual(Container(5).ListItem.Rating,9.8) | Integer.IsEqual(Container(5).ListItem.Rating,9.9)</visible>
	<posx>0</posx>
	<posy>0</posy>
	<width>200</width>
	<height>30</height>
	<textcolor>white</textcolor>
	<font>Font-Header-Bold-label</font>
	<label>[B]אהבו 90%[/B]</label>
	</control>
	</control>

	
<control type="fixedlist" id="5">
<posx>1565</posx>
<posy>870</posy>
<width>1400</width>
<height>150</height>
<onback>2164</onback>
<onleft>35</onleft>
<pagecontrol>35</pagecontrol>
<orientation>vertival</orientation>
<scrolltime tween="sine" easing="inout">450</scrolltime>
<itemlayout width="350" height="35">
<control type="label">
<posx>5</posx>
<posy>0</posy>
<width>265</width>
<height>40</height>
<textcolor>white</textcolor>
<align>center</align>
<label>$INFO[ListItem.Label]</label>
</control>
</itemlayout>
<focusedlayout width="350" height="35">
<control type="label">
<visible>!control.hasfocus(5)</visible>
<posx>5</posx>
<posy>0</posy>
<width>265</width>
<height>40</height>
<align>center</align>	
<label>$INFO[ListItem.Label]</label>
</control>
<control type="label">
<visible>control.hasfocus(5)</visible>
<posx>5</posx>
<posy>0</posy>
<width>250</width>
<height>40</height>
<textcolor>deepskyblue</textcolor>
<align>center</align>	
<label>$INFO[ListItem.Label]</label>
</control>

</focusedlayout>
<content sortby="dateadded" sortorder="descending">plugin://plugin.video.FlashTV/?cat_level=%20&amp;count=0&amp;description=%20&amp;fanart&amp;iconimage=https%3a%2f%2fi.imgur.com%2fNKkuU3G.jpg&amp;index_depth=0&amp;lang=eng&amp;mode=5&amp;name=%d7%94%d7%95%d7%a4%d7%a2%d7%95%d7%aa&amp;page&amp;selected_list=%20&amp;url=%d7%a9%d7%95%d7%a0%d7%95%d7%aa%d7%94%d7%95%d7%a4%d7%a2%d7%95%d7%aa&quot</content>
</control>
</controls>
</window>
