<?xml version="1.0" encoding="UTF-8"?>
<!-- RD -->
<window id="6712" type="dialog">
    <defaultcontrol always="true">194</defaultcontrol>
    	<onload>ClearProperty(quicknavsetup,home)</onload>
	<onunload>ClearProperty(quicknavsetup,home)</onunload>	

  <controls>

<control type="image">
<posx>0</posx>
<posy>0</posy>
<width>1920</width>
<height>1080</height>
<texture>special://skin/extras/specialbuttons/background.jpg</texture>
</control>





<include content="extrasmovies">
<param name="compareextrasid" value="4"/>
<param name="idlist" value="4"/>
<param name="buttonid" value="194"/>
<param name="contentdateadded" value="dateadded" />
<param name="contentdescending" value="descending" />
<param name="supercontent" value="plugin://plugin.video.mando/?all_w=%7b%7d&amp;data=%20&amp;dates=%20&amp;description=advanger&amp;eng_name=%20&amp;episode=%20&amp;fanart=%20&amp;fav_status=false&amp;heb_name=%20&amp;iconimage=%20&amp;id=%20&amp;image_master&amp;isr=0&amp;last_id&amp;mode=117&amp;name=advanger&amp;original_title=%20&amp;season=%20&amp;show_original_year=%20&amp;tmdbid=%20&amp;url=moshep155%24%24%24%24%24%24%24%24%24%24%24advanger%5e%5e%5e%5e%5e%5e%5e%5emovie&amp;video_data=%7b%22rating%22%3a%20%220%22%2c%20%22episode%22%3a%200%2c%20%22title%22%3a%20%22advanger%22%2c%20%22season%22%3a%200%2c%20%22TVshowtitle%22%3a%20%22%22%2c%20%22mediatype%22%3a%20%22movie%22%2c%20%22poster%22%3a%20%22%20%22%2c%20%22plot%22%3a%20%22advanger%22%2c%20%22OriginalTitle%22%3a%20%22%20%22%2c%20%22Tag%22%3a%20%22116%22%2c%20%22tvshow%22%3a%20%22%22%7d&quot"/>
</include>


<include content="extrasmovies">
<param name="compareextrasid" value="5"/>
<param name="idlist" value="5"/>
<param name="buttonid" value="195"/>
<param name="contentdateadded" value="dateadded" />
<param name="contentdescending" value="descending" />
<param name="supercontent" value="plugin://plugin.video.mando/?all_w=%7b%7d&amp;data=%20&amp;dates=%20&amp;description=thriller&amp;eng_name=%20&amp;episode=%20&amp;fanart=%20&amp;fav_status=false&amp;heb_name=%20&amp;iconimage=%20&amp;id=%20&amp;image_master&amp;isr=0&amp;last_id&amp;mode=117&amp;name=thriller&amp;original_title=%20&amp;season=%20&amp;show_original_year=%20&amp;tmdbid=%20&amp;url=moshep155%24%24%24%24%24%24%24%24%24%24%24thriller%5e%5e%5e%5e%5e%5e%5e%5emovie&amp;video_data=%7b%22rating%22%3a%20%220%22%2c%20%22episode%22%3a%200%2c%20%22title%22%3a%20%22thriller%22%2c%20%22season%22%3a%200%2c%20%22TVshowtitle%22%3a%20%22%22%2c%20%22mediatype%22%3a%20%22movie%22%2c%20%22poster%22%3a%20%22%20%22%2c%20%22plot%22%3a%20%22thriller%22%2c%20%22OriginalTitle%22%3a%20%22%20%22%2c%20%22Tag%22%3a%20%22116%22%2c%20%22tvshow%22%3a%20%22%22%7d&quot"/>
</include>

<include content="extrasmovies">
<param name="compareextrasid" value="6"/>
<param name="idlist" value="6"/>
<param name="buttonid" value="196"/>
<param name="contentdateadded" value="dateadded" />
<param name="contentdescending" value="descending" />
<param name="supercontent" value="plugin://plugin.video.mando/?all_w=%7b%7d&amp;data=%20&amp;dates=%20&amp;description=ci-fi&amp;eng_name=%20&amp;episode=%20&amp;fanart=%20&amp;fav_status=false&amp;heb_name=%20&amp;iconimage=%20&amp;id=%20&amp;image_master&amp;isr=0&amp;last_id&amp;mode=117&amp;name=ci-fi&amp;original_title=%20&amp;season=%20&amp;show_original_year=%20&amp;tmdbid=%20&amp;url=moshep155%24%24%24%24%24%24%24%24%24%24%24ci-fi%5e%5e%5e%5e%5e%5e%5e%5emovie&amp;video_data=%7b%22rating%22%3a%20%220%22%2c%20%22episode%22%3a%200%2c%20%22title%22%3a%20%22ci-fi%22%2c%20%22season%22%3a%200%2c%20%22TVshowtitle%22%3a%20%22%22%2c%20%22mediatype%22%3a%20%22movie%22%2c%20%22poster%22%3a%20%22%20%22%2c%20%22plot%22%3a%20%22ci-fi%22%2c%20%22OriginalTitle%22%3a%20%22%20%22%2c%20%22Tag%22%3a%20%22116%22%2c%20%22tvshow%22%3a%20%22%22%7d&quot"/>
</include>

<include content="extrasmovies">
<param name="compareextrasid" value="7"/>
<param name="idlist" value="7"/>
<param name="buttonid" value="197"/>
<param name="contentdateadded" value="dateadded" />
<param name="contentdescending" value="descending" />
<param name="supercontent" value="plugin://plugin.video.mando/?all_w=%7b%7d&amp;data=%20&amp;dates=%20&amp;description=war&amp;eng_name=%20&amp;episode=%20&amp;fanart=%20&amp;fav_status=false&amp;heb_name=%20&amp;iconimage=%20&amp;id=%20&amp;image_master&amp;isr=0&amp;last_id&amp;mode=117&amp;name=war&amp;original_title=%20&amp;season=%20&amp;show_original_year=%20&amp;tmdbid=%20&amp;url=moshep155%24%24%24%24%24%24%24%24%24%24%24war%5e%5e%5e%5e%5e%5e%5e%5emovie&amp;video_data=%7b%22rating%22%3a%20%220%22%2c%20%22episode%22%3a%200%2c%20%22title%22%3a%20%22war%22%2c%20%22season%22%3a%200%2c%20%22TVshowtitle%22%3a%20%22%22%2c%20%22mediatype%22%3a%20%22movie%22%2c%20%22poster%22%3a%20%22%20%22%2c%20%22plot%22%3a%20%22war%22%2c%20%22OriginalTitle%22%3a%20%22%20%22%2c%20%22Tag%22%3a%20%22116%22%2c%20%22tvshow%22%3a%20%22%22%7d&quot"/>
</include>

<include content="extrasmovies">
<param name="compareextrasid" value="8"/>
<param name="idlist" value="8"/>
<param name="buttonid" value="198"/>
<param name="contentdateadded" value="dateadded" />
<param name="contentdescending" value="descending" />
<param name="supercontent" value="plugin://plugin.video.mando/?all_w=%7b%7d&amp;data=%20&amp;dates=%20&amp;description=crime&amp;eng_name=%20&amp;episode=%20&amp;fanart=%20&amp;fav_status=false&amp;heb_name=%20&amp;iconimage=%20&amp;id=%20&amp;image_master&amp;isr=0&amp;last_id&amp;mode=117&amp;name=crime&amp;original_title=%20&amp;season=%20&amp;show_original_year=%20&amp;tmdbid=%20&amp;url=moshep155%24%24%24%24%24%24%24%24%24%24%24crime%5e%5e%5e%5e%5e%5e%5e%5emovie&amp;video_data=%7b%22rating%22%3a%20%220%22%2c%20%22episode%22%3a%200%2c%20%22title%22%3a%20%22crime%22%2c%20%22season%22%3a%200%2c%20%22TVshowtitle%22%3a%20%22%22%2c%20%22mediatype%22%3a%20%22movie%22%2c%20%22poster%22%3a%20%22%20%22%2c%20%22plot%22%3a%20%22crime%22%2c%20%22OriginalTitle%22%3a%20%22%20%22%2c%20%22Tag%22%3a%20%22116%22%2c%20%22tvshow%22%3a%20%22%22%7d&quot"/>
</include>


<include content="extrasmovies">
<param name="compareextrasid" value="9"/>
<param name="idlist" value="9"/>
<param name="buttonid" value="199"/>
<param name="contentdateadded" value="dateadded" />
<param name="contentdescending" value="descending" />
<param name="supercontent" value="plugin://plugin.video.mando/?all_w=%7b%7d&amp;data=%20&amp;dates=%20&amp;description=mystery&amp;eng_name=%20&amp;episode=%20&amp;fanart=%20&amp;fav_status=false&amp;heb_name=%20&amp;iconimage=%20&amp;id=%20&amp;image_master&amp;isr=0&amp;last_id&amp;mode=117&amp;name=mystery&amp;original_title=%20&amp;season=%20&amp;show_original_year=%20&amp;tmdbid=%20&amp;url=moshep155%24%24%24%24%24%24%24%24%24%24%24mystery%5e%5e%5e%5e%5e%5e%5e%5emovie&amp;video_data=%7b%22rating%22%3a%20%220%22%2c%20%22episode%22%3a%200%2c%20%22title%22%3a%20%22mystery%22%2c%20%22season%22%3a%200%2c%20%22TVshowtitle%22%3a%20%22%22%2c%20%22mediatype%22%3a%20%22movie%22%2c%20%22poster%22%3a%20%22%20%22%2c%20%22plot%22%3a%20%22mystery%22%2c%20%22OriginalTitle%22%3a%20%22%20%22%2c%20%22Tag%22%3a%20%22116%22%2c%20%22tvshow%22%3a%20%22%22%7d&quot"/>
</include>


					<control type="grouplist" id="2164">
					<posx>-65</posx>
					<posy>890</posy>
					<width>2100</width>
					<height>300</height>
					<itemgap>-75</itemgap>
					<orientation>horizontal</orientation>
					<control type="button" id="194">
					<animation effect="zoom" center="auto" start="100,100" end="110,110" time="250">Focus</animation>
					<posx>-50</posx>
					<posy>890</posy>
					<texturefocus>special://skin/extras/specialbuttons/advanger.png</texturefocus>
					<texturenofocus>special://skin/extras/specialbuttons/advanger.png</texturenofocus>
					<width>409</width>
					<height>256</height>
					<onup>4</onup>
					<onfocus>Skin.SetString(Section,4)</onfocus>
				</control>	
					<control type="button" id="195">
					<animation effect="zoom" center="auto" start="100,100" end="110,110" time="250">Focus</animation>
					<posx>0</posx>
					<posy>0</posy>
					<texturefocus>special://skin/extras/specialbuttons/thriller.png</texturefocus>
					<texturenofocus>special://skin/extras/specialbuttons/thriller.png</texturenofocus>
					<width>409</width>
					<height>256</height>
					<onup>5</onup>
					<onfocus>Skin.SetString(Section,5)</onfocus>
				</control>				
					<control type="button" id="196">
					<animation effect="zoom" center="auto" start="100,100" end="110,110" time="250">Focus</animation>
					<posx>0</posx>
					<posy>0</posy>
					<texturefocus>special://skin/extras/specialbuttons/cifi.png</texturefocus>
					<texturenofocus>special://skin/extras/specialbuttons/cifi.png</texturenofocus>
					<width>409</width>
					<height>256</height>
					<onup>6</onup>
					<onfocus>Skin.SetString(Section,6)</onfocus>
				</control>	
					<control type="button" id="197">
					<animation effect="zoom" center="auto" start="100,100" end="110,110" time="250">Focus</animation>
					<posx>0</posx>
					<posy>0</posy>
					<texturefocus>special://skin/extras/specialbuttons/war.png</texturefocus>
					<texturenofocus>special://skin/extras/specialbuttons/war.png</texturenofocus>
					<width>409</width>
					<height>256</height>
					<onup>7</onup>
					<onfocus>Skin.SetString(Section,7)</onfocus>
				</control>		
				<control type="button" id="198">
					<animation effect="zoom" center="auto" start="100,100" end="110,110" time="250">Focus</animation>
					<posx>0</posx>
					<posy>0</posy>
					<texturefocus>special://skin/extras/specialbuttons/crime.png</texturefocus>
					<texturenofocus>special://skin/extras/specialbuttons/crime.png</texturenofocus>
					<width>409</width>
					<height>256</height>
					<onup>8</onup>
					<onfocus>Skin.SetString(Section,8)</onfocus>
				</control>	
				<control type="button" id="199">
					<animation effect="zoom" center="auto" start="100,100" end="110,110" time="250">Focus</animation>
					<posx>0</posx>
					<posy>0</posy>
					<texturefocus>special://skin/extras/specialbuttons/mystery.png</texturefocus>
					<texturenofocus>special://skin/extras/specialbuttons/mystery.png</texturenofocus>
					<width>409</width>
					<height>256</height>
					<onup>9</onup>
					<onfocus>Skin.SetString(Section,9)</onfocus>
				</control>	
				</control>				
		
   </controls>
</window>
