<?xml version="1.0" encoding="UTF-8"?>
<!-- Foundation -->
<window id="6818" type="dialog">
    <defaultcontrol always="true">2164</defaultcontrol>
    	<onload>ClearProperty(quicknavsetup,home)</onload>
	<onunload>ClearProperty(quicknavsetup,home)</onunload>	

<controls>
<control type="multiimage">
<posx>0</posx>
<posy>0</posy>
<width>1920</width>
<height>1080</height>
<fadetime>550</fadetime>
<timeperimage>45000</timeperimage>
<imagepath>special://skin/extras/kidmovies/</imagepath>
</control>

<control type="label">
<posx>40</posx>
<posy>-15</posy>
<width>1920</width>
<height>200</height>
<font>font-extra-big</font>
<textcolor>white</textcolor>
<shadowcolor>black</shadowcolor>
<label>ברוכים הבאים לעולם הילדים</label>
</control>

			<control type="image">
			<posx>1215</posx>
			<posy>200</posy>
			<width>720</width>
			<height>220</height>
			<texture border="40" colordiffuse="$INFO[Window(home).Property(ImageColor)]">special://skin/extras/common/roundedbutton-nofocus.png</texture>
			</control>

			<control type="group">
			<posy>0</posy>
			<posx>680</posx>
			<posy>0</posy>
			<control type="label">
			<posx>600</posx>
			<posy>225</posy>
			<width>600</width>
			<height>80</height>
			<align>center</align>
			<font>font-extra-time</font>
			<label>$INFO[System.Time]</label>
			</control>
			<control type="label">
			<posx>600</posx>
			<posy>345</posy>
			<width>600</width>
			<height>80</height>
			<align>center</align>
			<font>small</font>
			<label>$INFO[System.Date]</label>
			</control>
			</control>


<control type="group">
<animation type="WindowOpen">
<effect type="slide" start="0,0" end="280,0" time="250" tween="cubic" easing="out"/>
</animation>

<include content="kidslatestmovies">
<param name="stringid" value="2"/>
<param name="stringcompare" value="2"/>
<param name="buttonid" value="518"/>
<param name="dialogcloseid" value="6806"/>
<param name="buttonclick" value="ActivateWindow(10025,&quot;plugin://plugin.video.telemedia/?data=-1001195519301&amp;dates=%20&amp;description=%d7%a2%d7%95%d7%9c%d7%9d%20%d7%94%d7%99%d7%9c%d7%93%d7%99%d7%9d&amp;eng_name=%20&amp;episode=%20&amp;fanart=https%3a%2f%2finsidethemagic-119e2.kxcdn.com%2fwp-content%2fuploads%2f2018%2f08%2fExpo19_11x16_Poster_KeyArt_72dpi-1-792x400.jpg&amp;fav_status=false&amp;heb_name=%20&amp;iconimage=https%3a%2f%2fthelight.com.au%2fassets%2fuploads%2f2018%2f02%2f15517160600_8f5cdf7816_o.png&amp;id=%20&amp;image_master&amp;isr=0&amp;last_id&amp;mode=31&amp;name=%d7%a2%d7%95%d7%9c%d7%9d%20%d7%94%d7%99%d7%9c%d7%93%d7%99%d7%9d&amp;original_title=%20&amp;season=%20&amp;show_original_year=%20&amp;tmdbid=%20&amp;url=www&quot;,return)"/>
<param name="labelname" value="גוסט עולם הילדים"/>
<param name="content" value="plugin://plugin.video.telemedia/?data=-1001195519301&amp;dates=%20&amp;description=%22%d7%a4%d7%95%20%d7%94%d7%93%d7%95%d7%91%3a%20%d7%94%d7%a1%d7%99%d7%a4%d7%95%d7%a8%20%d7%a9%d7%9c%20%d7%a4%d7%99%d7%9c-%d7%a0%d7%a4%d7%99%d7%9c%22%20-%202005%0aPooh%27s%20Heffalump%20Movie%20%0a%0a%d7%90%d7%99%d7%9b%d7%95%d7%aa%3a%201080p%20WEB-DL.%20%f0%9f%98%8d%0a%d7%aa%d7%a8%d7%92%d7%95%d7%9d%20%d7%9e%d7%95%d7%91%d7%a0%d7%94.%20%f0%9f%92%ac%0a%d7%93%d7%99%d7%a8%d7%95%d7%92%20IMDb%20%d7%9c%d7%a1%d7%a8%d7%98%3a%206.4.%20%e2%ad%90%ef%b8%8f%0a%d7%96%27%d7%90%d7%a0%d7%a8%3a%20%23%d7%90%d7%a0%d7%99%d7%9e%d7%a6%d7%99%d7%94%20%23%d7%a7%d7%95%d7%9e%d7%93%d7%99%d7%94%20%23%d7%9e%d7%a9%d7%a4%d7%97%d7%94%20%0a%0a%f0%9f%93%9d%d7%aa%d7%a7%d7%a6%d7%99%d7%a8%3a%0a%d7%9b%d7%a9%d7%a2%d7%a7%d7%91%d7%95%d7%aa%20%d7%a2%d7%a0%d7%a7%d7%99%d7%95%d7%aa%20%d7%95%d7%9e%d7%a1%d7%aa%d7%95%d7%a8%d7%99%d7%95%d7%aa%20%d7%9e%d7%95%d7%a4%d7%99%d7%a2%d7%95%d7%aa%20%d7%91%d7%99%d7%a2%d7%a8&amp;eng_name=%20&amp;episode=%20&amp;fanart=C%3a%2fUsers%2fneta%2fAppData%2fRoaming%2fKodi%2fuserdata%2faddon_data%2fplugin.video.telemedia%2flogo%2f-1001195519301_big.jpg&amp;fav_status=false&amp;heb_name=%20&amp;iconimage=C%3a%2fUsers%2fneta%2fAppData%2fRoaming%2fKodi%2fuserdata%2faddon_data%2fplugin.video.telemedia%2flogo%2f-1001195519301_small.jpg&amp;id=%20&amp;image_master&amp;isr=0&amp;last_id&amp;mode=31&amp;name=%5bCOLOR%20khaki%5d%d7%a2%d7%95%d7%9c%d7%9d%20%d7%94%d7%99%d7%9c%d7%93%d7%99%d7%9d%20%d7%9e%d7%93%d7%95%d7%91%d7%91%20%d7%95%d7%aa%d7%a8%d7%92%d7%95%d7%9d%20%d7%9e%d7%95%d7%91%d7%a0%d7%94%5b%2fCOLOR%5d&amp;original_title=%20&amp;season=%20&amp;show_original_year=%20&amp;tmdbid=%20&amp;url=-1001195519301&quot"/>
</include>

<include content="kidslatestmovies">
<param name="stringid" value="3"/>
<param name="stringcompare" value="3"/>
<param name="buttonid" value="519"/>
<param name="buttonclick" value="ActivateWindow(10025,&quot;plugin://plugin.video.FlashTV/?cat_level=%20&amp;count=0&amp;description=%20&amp;fanart&amp;iconimage=https%3a%2f%2fwww.xtrafondos.com%2fwallpapers%2ftoy-story-4-personajes-poster-3326.jpg&amp;index_depth=0&amp;lang=eng&amp;mode=5&amp;name=%d7%a1%d7%a8%d7%98%d7%99%d7%9d%20%d7%9e%d7%93%d7%95%d7%91%d7%91%d7%99%d7%9d&amp;page&amp;selected_list=%20&amp;url=%d7%a1%d7%a8%d7%98%d7%99%d7%9d%d7%a1%d7%a8%d7%98%d7%99%d7%9d%20%d7%9e%d7%93%d7%95%d7%91%d7%91%d7%99%d7%9d&quot;,return)"/>
<param name="labelname" value="גוסט מדובבים 2"/>
<param name="sortbyorder" value="dateadded"/>
<param name="sortbydescending" value="descending"/>
<param name="content" value="plugin://plugin.video.FlashTV/?cat_level=%20&amp;count=0&amp;description=%20&amp;fanart&amp;iconimage=https%3a%2f%2fwww.xtrafondos.com%2fwallpapers%2ftoy-story-4-personajes-poster-3326.jpg&amp;index_depth=0&amp;lang=eng&amp;mode=5&amp;name=%d7%a1%d7%a8%d7%98%d7%99%d7%9d%20%d7%9e%d7%93%d7%95%d7%91%d7%91%d7%99%d7%9d&amp;page&amp;selected_list=%20&amp;url=%d7%a1%d7%a8%d7%98%d7%99%d7%9d%d7%a1%d7%a8%d7%98%d7%99%d7%9d%20%d7%9e%d7%93%d7%95%d7%91%d7%91%d7%99%d7%9d&quot"/>
</include>


<include content="kidslatestmovies">
<param name="stringid" value="4"/>
<param name="stringcompare" value="4"/>
<param name="buttonid" value="520"/>
<param name="buttonclick" value="ActivateWindow(10025,&quot;plugin://plugin.video.CHICCO/?cat_level=%20&amp;count=0&amp;description=%20&amp;fanart=http%3a%2f%2fmoridim.me%2fimages%2flarge%2f9424.jpg&amp;iconimage=http%3a%2f%2fmoridim.me%2fimages%2flarge%2f9424.jpg&amp;index_depth=0&amp;lang=eng&amp;mode=5&amp;name=%d7%a1%d7%a8%d7%98%d7%99%d7%9d%20%d7%9e%d7%93%d7%95%d7%91%d7%91%d7%99%d7%9d&amp;page&amp;selected_list=%20&amp;url=%d7%a1%d7%a8%d7%98%d7%99%d7%9d%d7%a1%d7%a8%d7%98%d7%99%d7%9d%20%d7%9e%d7%93%d7%95%d7%91%d7%91%d7%99%d7%9d&quot;,return)"/>
<param name="labelname" value="צי'קו סרטים מדובבים"/>
<param name="sortbyorder" value="dateadded"/>
<param name="sortbydescending" value="descending"/>
<param name="content" value="plugin://plugin.video.CHICCO/?cat_level=%20&amp;count=0&amp;description=%20&amp;fanart=http%3a%2f%2fmoridim.me%2fimages%2flarge%2f9424.jpg&amp;iconimage=http%3a%2f%2fmoridim.me%2fimages%2flarge%2f9424.jpg&amp;index_depth=0&amp;lang=eng&amp;mode=5&amp;name=%d7%a1%d7%a8%d7%98%d7%99%d7%9d%20%d7%9e%d7%93%d7%95%d7%91%d7%91%d7%99%d7%9d&amp;page&amp;selected_list=%20&amp;url=%d7%a1%d7%a8%d7%98%d7%99%d7%9d%d7%a1%d7%a8%d7%98%d7%99%d7%9d%20%d7%9e%d7%93%d7%95%d7%91%d7%91%d7%99%d7%9d&quot"/>
</include>

<include content="kidslatestmovies">
<param name="stringid" value="5"/>
<param name="stringcompare" value="5"/>
<param name="buttonid" value="521"/>
<param name="buttonclick" value="ActivateWindow(10025,&quot;plugin://plugin.video.telemedia/?data=-1001201872067&amp;dates=%20&amp;description=%0afrom_plot&amp;eng_name=%20&amp;episode=%20&amp;fanart=C%3a%2fUsers%2fneta%2fAppData%2fRoaming%2fKodi%2fuserdata%2faddon_data%2fplugin.video.telemedia%2flogo%2f-1001201872067_big.jpg&amp;fav_status=false&amp;heb_name=%20&amp;iconimage=C%3a%2fUsers%2fneta%2fAppData%2fRoaming%2fKodi%2fuserdata%2faddon_data%2fplugin.video.telemedia%2flogo%2f-1001201872067_small.jpg&amp;id=%20&amp;image_master&amp;isr=0&amp;last_id&amp;mode=31&amp;name=%5bCOLOR%20khaki%5d%d7%a0%d7%aa%d7%99%20%d7%9e%d7%93%d7%99%d7%94%20-%20%d7%a1%d7%a8%d7%98%d7%99%d7%9d%20%d7%9e%d7%93%d7%95%d7%91%d7%91%d7%99%d7%9d%5b%2fCOLOR%5d&amp;original_title=%20&amp;season=%20&amp;show_original_year=%20&amp;tmdbid=%20&amp;url=-1001201872067&quot;,return)"/>
<param name="labelname" value="נתי מדיה מדובבים"/>
<param name="content" value="plugin://plugin.video.telemedia/?data=-1001201872067&amp;dates=%20&amp;description=%0afrom_plot&amp;eng_name=%20&amp;episode=%20&amp;fanart=C%3a%2fUsers%2fneta%2fAppData%2fRoaming%2fKodi%2fuserdata%2faddon_data%2fplugin.video.telemedia%2flogo%2f-1001201872067_big.jpg&amp;fav_status=false&amp;heb_name=%20&amp;iconimage=C%3a%2fUsers%2fneta%2fAppData%2fRoaming%2fKodi%2fuserdata%2faddon_data%2fplugin.video.telemedia%2flogo%2f-1001201872067_small.jpg&amp;id=%20&amp;image_master&amp;isr=0&amp;last_id&amp;mode=31&amp;name=%5bCOLOR%20khaki%5d%d7%a0%d7%aa%d7%99%20%d7%9e%d7%93%d7%99%d7%94%20-%20%d7%a1%d7%a8%d7%98%d7%99%d7%9d%20%d7%9e%d7%93%d7%95%d7%91%d7%91%d7%99%d7%9d%5b%2fCOLOR%5d&amp;original_title=%20&amp;season=%20&amp;show_original_year=%20&amp;tmdbid=%20&amp;url=-1001201872067&quot"/>
</include>


<include content="kidslatestmovies">
<param name="stringid" value="6"/>
<param name="stringcompare" value="6"/>
<param name="buttonid" value="522"/>
<param name="buttonclick" value="ActivateWindow(10025,&quot;plugin://plugin.video.telemedia/?data=-1001429725639&amp;dates=%20&amp;description=%0afrom_plot&amp;eng_name=%20&amp;episode=%20&amp;fanart=C%3a%2fUsers%2fneta%2fAppData%2fRoaming%2fKodi%2fuserdata%2faddon_data%2fplugin.video.telemedia%2flogo%2f-1001429725639_big.jpg&amp;fav_status=false&amp;heb_name=%20&amp;iconimage=C%3a%2fUsers%2fneta%2fAppData%2fRoaming%2fKodi%2fuserdata%2faddon_data%2fplugin.video.telemedia%2flogo%2f-1001429725639_small.jpg&amp;id=%20&amp;image_master&amp;isr=0&amp;last_id&amp;mode=31&amp;name=%5bCOLOR%20khaki%5d%d7%a1%d7%a8%d7%98%d7%99%d7%9d%20%d7%9c%d7%99%d7%9c%d7%93%d7%99%d7%9d%20%d7%91%d7%a2%d7%91%d7%a8%d7%99%d7%aa%5b%2fCOLOR%5d&amp;original_title=%20&amp;season=%20&amp;show_original_year=%20&amp;tmdbid=%20&amp;url=-1001429725639&quot;,return)"/>
<param name="labelname" value="סרטים לילדים בעברית"/>
<param name="content" value="plugin://plugin.video.telemedia/?data=-1001429725639&amp;dates=%20&amp;description=%0afrom_plot&amp;eng_name=%20&amp;episode=%20&amp;fanart=C%3a%2fUsers%2fneta%2fAppData%2fRoaming%2fKodi%2fuserdata%2faddon_data%2fplugin.video.telemedia%2flogo%2f-1001429725639_big.jpg&amp;fav_status=false&amp;heb_name=%20&amp;iconimage=C%3a%2fUsers%2fneta%2fAppData%2fRoaming%2fKodi%2fuserdata%2faddon_data%2fplugin.video.telemedia%2flogo%2f-1001429725639_small.jpg&amp;id=%20&amp;image_master&amp;isr=0&amp;last_id&amp;mode=31&amp;name=%5bCOLOR%20khaki%5d%d7%a1%d7%a8%d7%98%d7%99%d7%9d%20%d7%9c%d7%99%d7%9c%d7%93%d7%99%d7%9d%20%d7%91%d7%a2%d7%91%d7%a8%d7%99%d7%aa%5b%2fCOLOR%5d&amp;original_title=%20&amp;season=%20&amp;show_original_year=%20&amp;tmdbid=%20&amp;url=-1001429725639&quot"/>
</include>

<include content="kidslatestmovies">
<param name="stringid" value="8"/>
<param name="stringcompare" value="8"/>
<param name="buttonid" value="524"/>
<param name="buttonclick" value="ActivateWindow(10025,&quot;plugin://plugin.video.telemedia/?data=-1001370336218&amp;dates=%20&amp;description=%0afrom_plot&amp;eng_name=%20&amp;episode=%20&amp;fanart=C%3a%2fUsers%2fneta%2fAppData%2fRoaming%2fKodi%2fuserdata%2faddon_data%2fplugin.video.telemedia%2flogo%2f-1001370336218_big.jpg&amp;fav_status=false&amp;heb_name=%20&amp;iconimage=C%3a%2fUsers%2fneta%2fAppData%2fRoaming%2fKodi%2fuserdata%2faddon_data%2fplugin.video.telemedia%2flogo%2f-1001370336218_small.jpg&amp;id=%20&amp;image_master&amp;isr=0&amp;last_id&amp;mode=31&amp;name=%5bCOLOR%20khaki%5d%f0%9f%8e%ac%d7%a1%d7%a8%d7%98%d7%99%d7%9d%20%d7%9e%d7%93%d7%95%d7%91%d7%91%d7%99%d7%9d%20%d7%9e%d7%91%d7%99%d7%aa%20%d7%92%d7%95%d7%96%d7%9c%d7%9f%f0%9f%8e%ac%5b%2fCOLOR%5d&amp;original_title=%20&amp;season=%20&amp;show_original_year=%20&amp;tmdbid=%20&amp;url=-1001370336218&quot;,return)"/>
<param name="labelname" value="מדובבים מבית גוזלן"/>
<param name="content" value="plugin://plugin.video.telemedia/?data=-1001370336218&amp;dates=%20&amp;description=%0afrom_plot&amp;eng_name=%20&amp;episode=%20&amp;fanart=C%3a%2fUsers%2fneta%2fAppData%2fRoaming%2fKodi%2fuserdata%2faddon_data%2fplugin.video.telemedia%2flogo%2f-1001370336218_big.jpg&amp;fav_status=false&amp;heb_name=%20&amp;iconimage=C%3a%2fUsers%2fneta%2fAppData%2fRoaming%2fKodi%2fuserdata%2faddon_data%2fplugin.video.telemedia%2flogo%2f-1001370336218_small.jpg&amp;id=%20&amp;image_master&amp;isr=0&amp;last_id&amp;mode=31&amp;name=%5bCOLOR%20khaki%5d%f0%9f%8e%ac%d7%a1%d7%a8%d7%98%d7%99%d7%9d%20%d7%9e%d7%93%d7%95%d7%91%d7%91%d7%99%d7%9d%20%d7%9e%d7%91%d7%99%d7%aa%20%d7%92%d7%95%d7%96%d7%9c%d7%9f%f0%9f%8e%ac%5b%2fCOLOR%5d&amp;original_title=%20&amp;season=%20&amp;show_original_year=%20&amp;tmdbid=%20&amp;url=-1001370336218&quot"/>
</include>

<include content="kidslatestmovies">
<param name="stringid" value="9"/>
<param name="stringcompare" value="9"/>
<param name="buttonid" value="525"/>
<param name="buttonclick" value="ActivateWindow(10025,&quot;plugin://plugin.video.telemedia/?data=-1001299208715&amp;dates=%20&amp;description=%0afrom_plot&amp;eng_name=%20&amp;episode=%20&amp;fanart=C%3a%2fUsers%2fneta%2fAppData%2fRoaming%2fKodi%2fuserdata%2faddon_data%2fplugin.video.telemedia%2flogo%2f-1001299208715_big.jpg&amp;fav_status=false&amp;heb_name=%20&amp;iconimage=C%3a%2fUsers%2fneta%2fAppData%2fRoaming%2fKodi%2fuserdata%2faddon_data%2fplugin.video.telemedia%2flogo%2f-1001299208715_small.jpg&amp;id=%20&amp;image_master&amp;isr=0&amp;last_id&amp;mode=31&amp;name=%5bCOLOR%20khaki%5d%22%20%d7%9b%d7%9c%20%d7%a1%d7%a8%d7%98%20%22%20%d7%a1%d7%a8%d7%98%d7%99%d7%9d%20%d7%9e%d7%93%d7%95%d7%91%d7%91%d7%99%d7%9d%5b%2fCOLOR%5d&amp;original_title=%20&amp;season=%20&amp;show_original_year=%20&amp;tmdbid=%20&amp;url=-1001299208715&quot;,return)"/>
<param name="labelname" value="כל סרט מדובבים"/>
<param name="content" value="plugin://plugin.video.telemedia/?data=-1001299208715&amp;dates=%20&amp;description=%0afrom_plot&amp;eng_name=%20&amp;episode=%20&amp;fanart=C%3a%2fUsers%2fneta%2fAppData%2fRoaming%2fKodi%2fuserdata%2faddon_data%2fplugin.video.telemedia%2flogo%2f-1001299208715_big.jpg&amp;fav_status=false&amp;heb_name=%20&amp;iconimage=C%3a%2fUsers%2fneta%2fAppData%2fRoaming%2fKodi%2fuserdata%2faddon_data%2fplugin.video.telemedia%2flogo%2f-1001299208715_small.jpg&amp;id=%20&amp;image_master&amp;isr=0&amp;last_id&amp;mode=31&amp;name=%5bCOLOR%20khaki%5d%22%20%d7%9b%d7%9c%20%d7%a1%d7%a8%d7%98%20%22%20%d7%a1%d7%a8%d7%98%d7%99%d7%9d%20%d7%9e%d7%93%d7%95%d7%91%d7%91%d7%99%d7%9d%5b%2fCOLOR%5d&amp;original_title=%20&amp;season=%20&amp;show_original_year=%20&amp;tmdbid=%20&amp;url=-1001299208715&quot"/>
</include>

<include content="kidslatestmovies">
<param name="stringid" value="10"/>
<param name="stringcompare" value="10"/>
<param name="buttonid" value="526"/>
<param name="buttonclick" value="ActivateWindow(10025,&quot;plugin://plugin.video.telemedia/?data=-1001422512809&amp;dates=%20&amp;description=%d7%a9%d7%9d%20%d7%94%d7%a1%d7%a8%d7%98%20%3a%20%d7%a7%d7%93%d7%99%d7%9e%d7%94%20(2020)%0a%0a%d7%90%d7%99%d7%9b%d7%95%d7%aa%20%3a%20BluRay%20720p%20%f0%9f%98%8d%0a%0a%d7%9e%d7%93%d7%95%d7%91%d7%91%20%d7%9c%d7%a2%d7%91%d7%a8%d7%99%d7%aa%20%f0%9f%87%ae%f0%9f%87%b1%0a%0a%d7%96%27%d7%90%d7%a0%d7%a8%20%3a%20%d7%90%d7%a0%d7%99%d7%9e%d7%a6%d7%99%d7%94.%d7%a7%d7%95%d7%9e%d7%93%d7%99%d7%94.%20%d7%9e%d7%a9%d7%a4%d7%97%d7%94%20.%d7%94%d7%a8%d7%a4%d7%aa%d7%a7%d7%90%d7%94.%d7%a4%d7%a0%d7%98%d7%96%d7%99%d7%94%20%0a%0a%d7%97%d7%99%d7%99%d7%91%20%d7%a0%d7%92%d7%9f%20%d7%aa%d7%95%d7%9e%d7%9a%20%f0%9f%8e%a5%0a%0a%d7%aa%d7%a7%d7%a6%d7%99%d7%a8%20%3a%20%f0%9f%93%8b%0a%d7%90%d7%99%d7%90%d7%9f%20%d7%94%d7%95%d7%90%20%d7%91%d7%9f%20%d7%9c%d7%9e%d7%a9%d7%a4%d7%97%d7%aa%20%d7%90%d7%9c%d7%a4%d7%99%d7%9d&amp;eng_name=%20&amp;episode=%20&amp;fanart=C%3a%2fUsers%2fneta%2fAppData%2fRoaming%2fKodi%2fuserdata%2faddon_data%2fplugin.video.telemedia%2flogo%2f-1001422512809_big.jpg&amp;fav_status=false&amp;heb_name=%20&amp;iconimage=C%3a%2fUsers%2fneta%2fAppData%2fRoaming%2fKodi%2fuserdata%2faddon_data%2fplugin.video.telemedia%2flogo%2f-1001422512809_small.jpg&amp;id=%20&amp;image_master&amp;isr=0&amp;last_id&amp;mode=31&amp;name=%5bCOLOR%20khaki%5d%d7%97%d7%99%d7%99%d7%9d%20%d7%a1%d7%a8%d7%98%d7%99%d7%9d%20%d7%9e%d7%a6%d7%95%d7%99%d7%a8%d7%99%d7%9d%20%d7%95%d7%9e%d7%93%d7%95%d7%91%d7%91%d7%99%d7%9d%5b%2fCOLOR%5d&amp;original_title=%20&amp;season=%20&amp;show_original_year=%20&amp;tmdbid=%20&amp;url=-1001422512809&quot;,return)"/>
<param name="labelname" value="חיים סרטים מצוירים ומדובבים"/>
<param name="content" value="plugin://plugin.video.telemedia/?data=-1001422512809&amp;dates=%20&amp;description=%d7%a9%d7%9d%20%d7%94%d7%a1%d7%a8%d7%98%20%3a%20%d7%a7%d7%93%d7%99%d7%9e%d7%94%20(2020)%0a%0a%d7%90%d7%99%d7%9b%d7%95%d7%aa%20%3a%20BluRay%20720p%20%f0%9f%98%8d%0a%0a%d7%9e%d7%93%d7%95%d7%91%d7%91%20%d7%9c%d7%a2%d7%91%d7%a8%d7%99%d7%aa%20%f0%9f%87%ae%f0%9f%87%b1%0a%0a%d7%96%27%d7%90%d7%a0%d7%a8%20%3a%20%d7%90%d7%a0%d7%99%d7%9e%d7%a6%d7%99%d7%94.%d7%a7%d7%95%d7%9e%d7%93%d7%99%d7%94.%20%d7%9e%d7%a9%d7%a4%d7%97%d7%94%20.%d7%94%d7%a8%d7%a4%d7%aa%d7%a7%d7%90%d7%94.%d7%a4%d7%a0%d7%98%d7%96%d7%99%d7%94%20%0a%0a%d7%97%d7%99%d7%99%d7%91%20%d7%a0%d7%92%d7%9f%20%d7%aa%d7%95%d7%9e%d7%9a%20%f0%9f%8e%a5%0a%0a%d7%aa%d7%a7%d7%a6%d7%99%d7%a8%20%3a%20%f0%9f%93%8b%0a%d7%90%d7%99%d7%90%d7%9f%20%d7%94%d7%95%d7%90%20%d7%91%d7%9f%20%d7%9c%d7%9e%d7%a9%d7%a4%d7%97%d7%aa%20%d7%90%d7%9c%d7%a4%d7%99%d7%9d&amp;eng_name=%20&amp;episode=%20&amp;fanart=C%3a%2fUsers%2fneta%2fAppData%2fRoaming%2fKodi%2fuserdata%2faddon_data%2fplugin.video.telemedia%2flogo%2f-1001422512809_big.jpg&amp;fav_status=false&amp;heb_name=%20&amp;iconimage=C%3a%2fUsers%2fneta%2fAppData%2fRoaming%2fKodi%2fuserdata%2faddon_data%2fplugin.video.telemedia%2flogo%2f-1001422512809_small.jpg&amp;id=%20&amp;image_master&amp;isr=0&amp;last_id&amp;mode=31&amp;name=%5bCOLOR%20khaki%5d%d7%97%d7%99%d7%99%d7%9d%20%d7%a1%d7%a8%d7%98%d7%99%d7%9d%20%d7%9e%d7%a6%d7%95%d7%99%d7%a8%d7%99%d7%9d%20%d7%95%d7%9e%d7%93%d7%95%d7%91%d7%91%d7%99%d7%9d%5b%2fCOLOR%5d&amp;original_title=%20&amp;season=%20&amp;show_original_year=%20&amp;tmdbid=%20&amp;url=-1001422512809&quot"/>
</include>


<include content="kidslatestmovies">
<param name="stringid" value="12"/>
<param name="stringcompare" value="12"/>
<param name="buttonid" value="528"/>
<param name="buttonclick" value="ActivateWindow(10025,&quot;plugin://plugin.video.telemedia/?data=-1001247460404&amp;dates=%20&amp;description=%d7%91%d7%a2%d7%96%d7%a8%d7%aa%20%d7%94%d7%90%d7%99%d7%a0%d7%98%d7%a8%d7%a0%d7%98%20%f0%9f%a4%b2%0afrom_plot&amp;eng_name=%20&amp;episode=%20&amp;fanart=C%3a%2fUsers%2fneta%2fAppData%2fRoaming%2fKodi%2fuserdata%2faddon_data%2fplugin.video.telemedia%2flogo%2f-1001247460404_big.jpg&amp;fav_status=false&amp;heb_name=%20&amp;iconimage=C%3a%2fUsers%2fneta%2fAppData%2fRoaming%2fKodi%2fuserdata%2faddon_data%2fplugin.video.telemedia%2flogo%2f-1001247460404_small.jpg&amp;id=%20&amp;image_master&amp;isr=0&amp;last_id&amp;mode=31&amp;name=%5bCOLOR%20lightblue%5ddisney%20plus%20group%20-%20%d7%93%d7%99%d7%a1%d7%a0%d7%99%5b%2fCOLOR%5d&amp;original_title=%20&amp;season=%20&amp;show_original_year=%20&amp;tmdbid=%20&amp;url=-1001247460404&quot;,return)"/>
<param name="labelname" value="דיסני פלוס"/>
<param name="content" value="plugin://plugin.video.telemedia/?data=-1001247460404&amp;dates=%20&amp;description=%d7%91%d7%a2%d7%96%d7%a8%d7%aa%20%d7%94%d7%90%d7%99%d7%a0%d7%98%d7%a8%d7%a0%d7%98%20%f0%9f%a4%b2%0afrom_plot&amp;eng_name=%20&amp;episode=%20&amp;fanart=C%3a%2fUsers%2fneta%2fAppData%2fRoaming%2fKodi%2fuserdata%2faddon_data%2fplugin.video.telemedia%2flogo%2f-1001247460404_big.jpg&amp;fav_status=false&amp;heb_name=%20&amp;iconimage=C%3a%2fUsers%2fneta%2fAppData%2fRoaming%2fKodi%2fuserdata%2faddon_data%2fplugin.video.telemedia%2flogo%2f-1001247460404_small.jpg&amp;id=%20&amp;image_master&amp;isr=0&amp;last_id&amp;mode=31&amp;name=%5bCOLOR%20lightblue%5ddisney%20plus%20group%20-%20%d7%93%d7%99%d7%a1%d7%a0%d7%99%5b%2fCOLOR%5d&amp;original_title=%20&amp;season=%20&amp;show_original_year=%20&amp;tmdbid=%20&amp;url=-1001247460404&quot"/>
</include>

<include content="kidslatestmovies">
<param name="stringid" value="13"/>
<param name="stringcompare" value="13"/>
<param name="buttonid" value="529"/>
<param name="buttonclick" value="ActivateWindow(10025,&quot;plugin://plugin.video.telemedia/?data=-1001330082722&amp;dates=%20&amp;description=%d7%aa%d7%a7%d7%a6%d7%99%d7%a8%3a%0a%0a%d7%90%d7%95%d7%9c%d7%a4%d7%a0%d7%99%20%d7%93%d7%99%d7%a1%d7%a0%d7%99%20%d7%95%d7%94%d7%91%d7%9e%d7%90%d7%99%20%d7%98%d7%99%d7%9d%20%d7%91%d7%a8%d7%98%d7%95%d7%9f%20%d7%9e%d7%a6%d7%99%d7%92%d7%99%d7%9d%20%d7%90%d7%aa%20%d7%93%d7%9e%d7%91%d7%95&amp;eng_name=%20&amp;episode=%20&amp;fanart=C%3a%2fUsers%2fneta%2fAppData%2fRoaming%2fKodi%2fuserdata%2faddon_data%2fplugin.video.telemedia%2flogo%2f-1001330082722_big.jpg&amp;fav_status=false&amp;heb_name=%20&amp;iconimage=C%3a%2fUsers%2fneta%2fAppData%2fRoaming%2fKodi%2fuserdata%2faddon_data%2fplugin.video.telemedia%2flogo%2f-1001330082722_small.jpg&amp;id=%20&amp;image_master&amp;isr=0&amp;last_id&amp;mode=31&amp;name=%5bCOLOR%20khaki%5d%d7%a1%d7%a8%d7%98%d7%99%d7%9d%20%d7%9e%d7%93%d7%95%d7%91%d7%91%d7%99%d7%9d%20%d7%9e%d7%91%d7%99%d7%aa%20%d7%93%d7%99%d7%a1%d7%a0%d7%99%20-%20%d7%91%d7%a7%d7%a8%d7%95%d7%91%5b%2fCOLOR%5d&amp;original_title=%20&amp;season=%20&amp;show_original_year=%20&amp;tmdbid=%20&amp;url=-1001330082722&quot;,return)"/>
<param name="labelname" value="דיסני פלוס רק מדובבים"/>
<param name="content" value="plugin://plugin.video.telemedia/?data=-1001330082722&amp;dates=%20&amp;description=%d7%aa%d7%a7%d7%a6%d7%99%d7%a8%3a%0a%0a%d7%90%d7%95%d7%9c%d7%a4%d7%a0%d7%99%20%d7%93%d7%99%d7%a1%d7%a0%d7%99%20%d7%95%d7%94%d7%91%d7%9e%d7%90%d7%99%20%d7%98%d7%99%d7%9d%20%d7%91%d7%a8%d7%98%d7%95%d7%9f%20%d7%9e%d7%a6%d7%99%d7%92%d7%99%d7%9d%20%d7%90%d7%aa%20%d7%93%d7%9e%d7%91%d7%95&amp;eng_name=%20&amp;episode=%20&amp;fanart=C%3a%2fUsers%2fneta%2fAppData%2fRoaming%2fKodi%2fuserdata%2faddon_data%2fplugin.video.telemedia%2flogo%2f-1001330082722_big.jpg&amp;fav_status=false&amp;heb_name=%20&amp;iconimage=C%3a%2fUsers%2fneta%2fAppData%2fRoaming%2fKodi%2fuserdata%2faddon_data%2fplugin.video.telemedia%2flogo%2f-1001330082722_small.jpg&amp;id=%20&amp;image_master&amp;isr=0&amp;last_id&amp;mode=31&amp;name=%5bCOLOR%20khaki%5d%d7%a1%d7%a8%d7%98%d7%99%d7%9d%20%d7%9e%d7%93%d7%95%d7%91%d7%91%d7%99%d7%9d%20%d7%9e%d7%91%d7%99%d7%aa%20%d7%93%d7%99%d7%a1%d7%a0%d7%99%20-%20%d7%91%d7%a7%d7%a8%d7%95%d7%91%5b%2fCOLOR%5d&amp;original_title=%20&amp;season=%20&amp;show_original_year=%20&amp;tmdbid=%20&amp;url=-1001330082722&quot"/>
</include>

<control type="grouplist" id="2164">
<posx>660</posx>
<posy>375</posy>
<width>500</width>
<height>700</height>
<orientation>vertical</orientation>
<itemgap>25</itemgap>
<control type="button" id="18">
<posx>0</posx>
<posy>0</posy>
<width>280</width>
<height>40</height>
<texturefocus border="4,4,4,4">special://skin/extras/views/default_button_fo.png</texturefocus>
<label>גוסט עולם הילדים</label>
<onclick>setfocus(2)</onclick>
<onleft>2</onleft>
<onfocus>Skin.SetString(Section,2)</onfocus>
</control>
<control type="button" id="19">
<posx>0</posx>
<posy>0</posy>
<width>280</width>
<height>40</height>
<texturefocus border="4,4,4,4">special://skin/extras/views/default_button_fo.png</texturefocus>
<label>גוסט מדובבים 2</label>
<onclick>setfocus(3)</onclick>
<onleft>3</onleft>
<onfocus>Skin.SetString(Section,3)</onfocus>
</control>
<control type="button" id="20">
<posx>0</posx>
<posy>0</posy>
<width>280</width>
<height>40</height>
<texturefocus border="4,4,4,4">special://skin/extras/views/default_button_fo.png</texturefocus>
<label>צי'קו סרטים מדובבים</label>
<onclick>setfocus(4)</onclick>
<onleft>4</onleft>
<onfocus>Skin.SetString(Section,4)</onfocus>
</control>
<control type="button" id="21">
<posx>0</posx>
<posy>0</posy>
<width>280</width>
<height>40</height>
<texturefocus border="4,4,4,4">special://skin/extras/views/default_button_fo.png</texturefocus>
<label>נתי מדיה מדובבים</label>
<onclick>setfocus(5)</onclick>
<onleft>5</onleft>
<onfocus>Skin.SetString(Section,5)</onfocus>
</control>
<control type="button" id="22">
<posx>0</posx>
<posy>0</posy>
<width>280</width>
<height>40</height>
<textoffsetx>25</textoffsetx>
<texturefocus border="4,4,4,4">special://skin/extras/views/default_button_fo.png</texturefocus>
<label>סרטים לילדים בעברית</label>
<onleft>6</onleft>
<onclick>setfocus(6)</onclick>
<onfocus>Skin.SetString(Section,6)</onfocus>
</control>
<control type="button" id="24">
<posx>0</posx>
<posy>0</posy>
<width>280</width>
<height>40</height>
<texturefocus border="4,4,4,4">special://skin/extras/views/default_button_fo.png</texturefocus>
<label>מדובבים מבית גוזלן</label>
<onleft>8</onleft>
<onclick>setfocus(8)</onclick>
<onfocus>Skin.SetString(Section,8)</onfocus>
</control>
<control type="button" id="25">
<posx>0</posx>
<posy>0</posy>
<width>280</width>
<height>40</height>
<texturefocus border="4,4,4,4">special://skin/extras/views/default_button_fo.png</texturefocus>
<label>כל סרט מדובבים</label>
<onleft>9</onleft>
<onclick>setfocus(9)</onclick>
<onfocus>Skin.SetString(Section,9)</onfocus>
</control>
<control type="button" id="26">
<posx>0</posx>
<posy>0</posy>
<width>280</width>
<height>40</height>
<texturefocus border="4,4,4,4">special://skin/extras/views/default_button_fo.png</texturefocus>
<label>חיים סרטים מצוירים ומדובבים</label>
<onleft>10</onleft>
<onclick>setfocus(10)</onclick>
<onfocus>Skin.SetString(Section,10)</onfocus>
</control>
<control type="button" id="28">
<posx>0</posx>
<posy>0</posy>
<width>280</width>
<height>40</height>
<texturefocus border="4,4,4,4">special://skin/extras/views/default_button_fo.png</texturefocus>
<label>דיסני פלוס</label>
<onleft>12</onleft>
<onclick>setfocus(12)</onclick>
<onfocus>Skin.SetString(Section,12)</onfocus>
</control>
<control type="button" id="29">
<posx>0</posx>
<posy>0</posy>
<width>280</width>
<height>40</height>
<texturefocus border="4,4,4,4">special://skin/extras/views/default_button_fo.png</texturefocus>
<label>דיסני פלוס רק מדובבים</label>
<onleft>13</onleft>
<onclick>setfocus(13)</onclick>
<onfocus>Skin.SetString(Section,13)</onfocus>
</control>
</control>


</control>

<control type="image">
<posx>938</posx>
<posy>320</posy>
<width>283</width>
<height>40</height>
<texture diffuse="special://skin/extras/diffuse/fanart_diffuse.png" colordiffuse="gray">special://skin/extras/diffuse/fanart_diffuse.png</texture>
</control>
<control type="label">
<posx>1000</posx>
<posy>320</posy>
<width>250</width>
<height>200</height>
<textcolor>white</textcolor>
<shadowcolor>black</shadowcolor>
<label>[B]תפריט ראשי[/B]</label>
</control>
</controls>
</window>
