<?xml version="1.0" encoding="UTF-8"?>
<!-- Foundation -->
<window id="4004" type="dialog">
    <defaultcontrol always="true">5</defaultcontrol>

<controls>

<control type="image">
<posx>0</posx>
<posy>0</posy>
<width>1920</width>
<height>1080</height>
<texture>special://skin/extras/specialbuttons/background.jpg</texture>
</control>

<control type="image">
<animation type="WindowOpen">
<effect type="slide" start="0,0" end="800,0" time="250" tween="sine" easing="inout"/>
</animation>
<posx>-800</posx>
<posy>0</posy>
<width>260</width>
<height>1200</height>
<texture colordiffuse="white">black.png</texture>
</control>


<control type="image">
<animation condition="IsEmpty(Container(5).ListItem.Plot)" effect="slide" start="0,0" end="-1100,0" time="250" tween="quanderic" easing="out">Conditional</animation>
<posx>200</posx>
<posy>395</posy>
<width>1400</width>
<height>200</height>
<texture colordiffuse="white">black.png</texture>
</control>

<include content="idanplusextranew">
<param name="orientationstylelist" value="wraplist"/>
<param name="orientationstyle" value="vertical"/>
<param name="focusposition" value="2"/>
<param name="keshetonright" value="String.Contains(Container(5).ListItem.Label,קשת)"/>
<param name="keshetonfocus" value="Control.SetFocus(6)"/>
<param name="reshetonright" value="String.Contains(Container(5).ListItem.Label,רשת)"/>
<param name="reshetonfocus" value="Control.SetFocus(7)"/>
<param name="id" value="5"/>
<param name="posx" value="0"/>
<param name="posy" value="0"/>
<param name="width" value="500"/>
<param name="height" value="1100"/>
<param name="itemfocuslayoutwidth" value="120"/>
<param name="itemfocuslayoutheight" value="200"/>
<param name="thumbwidth" value="250"/>
<param name="thumbheight" value="180"/>
<param name="basecontent" value="plugin://plugin.video.idanplus/?iconimage=C%253A%255CUsers%255Cneta%255CAppData%255CRoaming%255CKodi%255Caddons%255Cplugin.video.idanplus%255Cicon.png&amp;mode=1&amp;module&amp;moredata&amp;name=%5bB%5d%d7%98%d7%9c%d7%95%d7%99%d7%96%d7%99%d7%94%5b%2fB%5d&amp;url&quot"/>

</include>


<include content="idanchannelnamecontent">
<param name="orientationstylelist" value="wraplist"/>
<param name="orientationstyle" value="horizontal"/>
<param name="focusposition" value="0"/>
<param name="id" value="6"/>
<param name="onback" value="5"/>
<param name="onup" value="5"/>
<param name="posx" value="-800"/>
<param name="posy" value="600"/>
<param name="width" value="1340"/>
<param name="height" value="1100"/>
<param name="itemfocuslayoutwidth" value="260"/>
<param name="itemfocuslayoutheight" value="200"/>
<param name="thumbwidth" value="250"/>
<param name="thumbheight" value="180"/>
<param name="containerid" value="5"/>
<param name="labelname" value="קשת 12"/>
<param name="basecontent" value="plugin://plugin.video.idanplus/?iconimage=C%253A%255CUsers%255Cneta%255CAppData%255CRoaming%255CKodi%255Caddons%255Cplugin.video.idanplus%255Cresources%255Cimages%255Cvod.jpg&amp;mode=1&amp;module=keshet&amp;moredata&amp;name=%5bB%5d%d7%aa%d7%9b%d7%a0%d7%99%d7%95%d7%aa%20MakoTV%5b%2fB%5d&amp;url=http%253A%252F%252Fwww.mako.co.il%252Fmako-vod-index&quot"/>
</include>

<include content="idanchannelnamecontent">
<param name="orientationstylelist" value="wraplist"/>
<param name="orientationstyle" value="horizontal"/>
<param name="focusposition" value="0"/>
<param name="id" value="7"/>
<param name="onback" value="5"/>
<param name="onup" value="5"/>
<param name="posx" value="-800"/>
<param name="posy" value="600"/>
<param name="width" value="1340"/>
<param name="height" value="1100"/>
<param name="itemfocuslayoutwidth" value="260"/>
<param name="itemfocuslayoutheight" value="200"/>
<param name="thumbwidth" value="250"/>
<param name="thumbheight" value="180"/>
<param name="containerid" value="5"/>
<param name="labelname" value="רשת 13"/>
<param name="basecontent" value="plugin://plugin.video.idanplus/?iconimage=C%253A%255CUsers%255Cneta%255CAppData%255CRoaming%255CKodi%255Caddons%255Cplugin.video.idanplus%255Cresources%255Cimages%255C13.png&amp;mode=0&amp;module=reshet&amp;moredata&amp;name=%5bB%5d%d7%9b%d7%9c%20%d7%94%d7%aa%d7%9b%d7%a0%d7%99%d7%95%d7%aa%5b%2fB%5d&amp;url&quot"/>
</include>


<!--קשת-->
<include content="epissodedidanplus">
<param name="visibleid" value="![Control.HasFocus(5) | Control.HasFocus(7) | Control.HasFocus(501)]"/>
<param name="idanplusshowsid" value="6"/>
<param name="idanplusshowlabel" value="גלית ואילנית"/>
<param name="epissodlistid" value="500"/>
<param name="onup" value="6"/>
<param name="episiodcontent" value="plugin://plugin.video.idanplus/?iconimage=https%253A%252F%252Fimg.mako.co.il%252F2018%252F05%252F29%252Fi-pic-plus-logo.png&amp;mode=3&amp;module=keshet&amp;moredata&amp;name=%5bCOLOR%20burlywood%5d%5bB%5d%d7%a2%d7%95%d7%a0%d7%94%203%5b%2fB%5d%5b%2fCOLOR%5d&amp;url=http%253A%252F%252Fwww.mako.co.il%252Fmako-vod-keshet%252Fgalit_and_ilanit-s3&quot"/>
</include>
<!--קשת-->


<!--רשת-->
<include content="epissodedidanplus">
<param name="visibleid" value="![Control.HasFocus(5) | Control.HasFocus(6) | Control.HasFocus(500)]"/>
<param name="idanplusshowsid" value="7"/>
<param name="idanplusshowlabel" value="קובי"/>
<param name="epissodlistid" value="501"/>
<param name="onup" value="7"/>
<param name="episiodcontent" value="plugin://plugin.video.idanplus/?iconimage=https%253A%252F%252Fmedia.reshet.tv%252Fimage%252Fupload%252Ft_app_16x9%252Cq_auto%252Cf_auto%252Fv1584470448%252Fkoby_lital_ymvky9.jpg&amp;mode=2&amp;module=reshet&amp;moredata&amp;name=%5bCOLOR%20burlywood%5d%5bB%5d%d7%a4%d7%a8%d7%a7%d7%99%d7%9d%20%d7%9e%d7%9c%d7%90%d7%99%d7%9d%5b%2fB%5d%5b%2fCOLOR%5d&amp;url=https%253A%252F%252F13tv.co.il%252Fentertainment%252Fkobi-and-lital%252Fseason-01%252Fepisodes%252F&quot"/>
</include>
<!--רשת-->


</controls>
</window>
