<?xml version="1.0" encoding="UTF-8"?>
<!-- Foundation -->
<window id="6571" type="dialog">
    <defaultcontrol always="true">2164</defaultcontrol>
    	<onload>ClearProperty(quicknavsetup,home)</onload>
		<onload>Dialog.Close(6671)</onload>
		<onload>Dialog.Close(6675)</onload>
		<onunload>ClearProperty(quicknavsetup,home)</onunload>

<controls>

<control type="group">
<animation type="WindowOpen">
<effect type="slide" start="-1000,0" end="0,0" time="250" delay="150" twen="sine" easing="inout"/>
</animation>
<animation type="WindowClose">
<effect type="slide" start="0,0" end="-2200,0" time="250" delay="150" twen="sine" easing="inout"/>
</animation>
<include content="widgetpower">
<param name="widtetid" value="4"/>
<param name="widgetidcompare" value="4"/>
<param name="widgetcontent" value="plugin://plugin.video.idanplus/?iconimage=https%253A%252F%252Fmedia.reshet.tv%252Fimage%252Fupload%252Ft_app_16x9%252Cq_auto%252Cf_auto%252Fv1587679200%252Fmovila_ambush_zqwe1t.jpg&amp;mode=2&amp;module=reshet&amp;moredata&amp;name=%5bCOLOR%20burlywood%5d%5bB%5d%d7%9b%d7%9c%20%d7%94%d7%9e%d7%aa%d7%99%d7%97%d7%95%d7%aa%5b%2fB%5d%5b%2fCOLOR%5d&amp;url=https%253A%252F%252F13tv.co.il%252Fentertainment%252Fambush%252Fseason-02%252Fclips%252F&quot"/>
</include>
</control>


<control type="group">
<animation type="WindowOpen">
<effect type="slide" start="-1000,0" end="0,0" time="250" delay="150" twen="sine" easing="inout"/>
</animation>
<animation type="WindowClose">
<effect type="slide" start="0,0" end="-2200,0" time="250" delay="150" twen="sine" easing="inout"/>
</animation>
<include content="widgetpower">
<param name="widtetid" value="5"/>
<param name="widgetidcompare" value="5"/>
<param name="widgetcontent" value="plugin://plugin.video.idanplus/?iconimage=https%253A%252F%252Fimg.mako.co.il%252F2020%252F01%252F07%252FERETZ-2020-I.jpg&amp;mode=3&amp;module=keshet&amp;moredata&amp;name=%5bCOLOR%20burlywood%5d%5bB%5d%d7%a2%d7%95%d7%a0%d7%94%2017%5b%2fB%5d%5b%2fCOLOR%5d&amp;url=http%253A%252F%252Fwww.mako.co.il%252Fmako-vod-keshet%252Feretz_nehederet-s17&quot"/>
</include>
</control>

<control type="group">
<animation type="WindowOpen">
<effect type="slide" start="-1000,0" end="0,0" time="250" delay="150" twen="sine" easing="inout"/>
</animation>
<animation type="WindowClose">
<effect type="slide" start="0,0" end="-2200,0" time="250" delay="150" twen="sine" easing="inout"/>
</animation>
<include content="widgetpower">
<param name="widtetid" value="6"/>
<param name="widgetidcompare" value="6"/>
<param name="widgetcontent" value="plugin://plugin.video.idanplus/?iconimage=https%253A%252F%252Fimg.mako.co.il%252F2019%252F03%252F10%252Fkarin-9-1-2-3.jpg&amp;mode=3&amp;module=keshet&amp;moredata&amp;name=%5bCOLOR%20burlywood%5d%5bB%5d%d7%a2%d7%95%d7%a0%d7%94%203%5b%2fB%5d%5b%2fCOLOR%5d&amp;url=http%253A%252F%252Fwww.mako.co.il%252Fmako-vod-keshet%252Fwedding-at-first-sight-s3&quot"/>
</include>
</control>

<control type="group">
<animation type="WindowOpen">
<effect type="slide" start="-1000,0" end="0,0" time="250" delay="150" twen="sine" easing="inout"/>
</animation>
<animation type="WindowClose">
<effect type="slide" start="0,0" end="-2200,0" time="250" delay="150" twen="sine" easing="inout"/>
</animation>
<include content="widgetpower">
<param name="widtetid" value="7"/>
<param name="widgetidcompare" value="7"/>
<param name="widgetcontent" value="plugin://plugin.video.idanplus/?iconimage=https%253A%252F%252Fmedia.reshet.tv%252Fimage%252Fupload%252Ft_app_16x9%252Cq_auto%252Cf_auto%252Fv1587039853%252FSuperTankerMobile_tlkf6b.jpg&amp;mode=2&amp;module=reshet&amp;moredata&amp;name=%5bCOLOR%20burlywood%5d%5bB%5d%d7%a4%d7%a8%d7%a7%d7%99%d7%9d%20%d7%9e%d7%9c%d7%90%d7%99%d7%9d%5b%2fB%5d%5b%2fCOLOR%5d&amp;url=https%253A%252F%252F13tv.co.il%252Fmood%252Fsurvivor%252Fseason-04-vip%252Fepisodes%252F&quot"/>
</include>
</control>

<control type="group">
<animation type="WindowOpen">
<effect type="slide" start="-1000,0" end="0,0" time="250" delay="150" twen="sine" easing="inout"/>
</animation>
<animation type="WindowClose">
<effect type="slide" start="0,0" end="-2200,0" time="250" delay="150" twen="sine" easing="inout"/>
</animation>
<include content="widgetpower">
<param name="widtetid" value="8"/>
<param name="widgetidcompare" value="8"/>
<param name="widgetcontent" value="plugin://plugin.video.idanplus/?iconimage=https%253A%252F%252Fkanweb.blob.core.windows.net%252Fdownload%252Fpictures%252F2020%252F3%252F26%252Fimgid%253D30844_A.jpeg&amp;mode=2&amp;module=kan&amp;moredata=kan%257C%257C%257C%25D7%259B%25D7%2590%25D7%259F%2b11&amp;name=%5bCOLOR%20orange%5d%5bB%5d%d7%96%d7%94%d7%95%20%d7%96%d7%94%202020%5b%2fB%5d%5b%2fCOLOR%5d&amp;url=1595&quot"/>
</include>
</control>

<control type="group">
<animation type="WindowOpen">
<effect type="slide" start="-1000,0" end="0,0" time="250" delay="150" twen="sine" easing="inout"/>
</animation>
<animation type="WindowClose">
<effect type="slide" start="0,0" end="-2200,0" time="250" delay="150" twen="sine" easing="inout"/>
</animation>
<include content="widgetpower">
<param name="widtetid" value="9"/>
<param name="widgetidcompare" value="9"/>
<param name="widgetcontent" value="plugin://plugin.video.idanplus/?iconimage=https%253A%252F%252Fkanweb.blob.core.windows.net%252Fdownload%252Fpictures%252F2019%252F7%252F23%252Fimgid%253D17121_A.jpeg&amp;mode=2&amp;module=kan&amp;moredata=kan%257C%257C%257C&amp;name=%5bCOLOR%20orange%5d%5bB%5d%d7%94%d7%a4%d7%9c%d7%a0%d7%98%d7%95%d7%a0%d7%99%d7%9d%5b%2fB%5d%5b%2fCOLOR%5d&amp;url=1315&quot"/>
</include>
</control>

<control type="group">
<animation type="WindowOpen">
<effect type="slide" start="-1000,0" end="0,0" time="250" delay="150" twen="sine" easing="inout"/>
</animation>
<animation type="WindowClose">
<effect type="slide" start="0,0" end="-2200,0" time="250" delay="150" twen="sine" easing="inout"/>
</animation>
<include content="widgetpower">
<param name="widtetid" value="10"/>
<param name="widgetidcompare" value="10"/>
<param name="widgetcontent" value="plugin://plugin.video.idanplus/?iconimage=https%253A%252F%252Fimg.mako.co.il%252F2017%252F11%252F02%252Fi-pic-plus-logo.jpg&amp;mode=3&amp;module=keshet&amp;moredata&amp;name=%5bCOLOR%20burlywood%5d%5bB%5d%d7%a2%d7%95%d7%a0%d7%94%206%5b%2fB%5d%5b%2fCOLOR%5d&amp;url=http%253A%252F%252Fwww.mako.co.il%252Fmako-vod-keshet%252Fsabri-maranan-s6&quot"/>
</include>
</control>

<control type="group">
<animation type="WindowOpen">
<effect type="slide" start="-1000,0" end="0,0" time="250" delay="150" twen="sine" easing="inout"/>
</animation>
<animation type="WindowClose">
<effect type="slide" start="0,0" end="-2200,0" time="250" delay="150" twen="sine" easing="inout"/>
</animation>
<include content="widgetpower">
<param name="widtetid" value="11"/>
<param name="widgetidcompare" value="11"/>
<param name="widgetcontent" value="plugin://plugin.video.idanplus/?iconimage=https%253A%252F%252Fimg.mako.co.il%252F2020%252F04%252F02%252FI.jpg&amp;mode=3&amp;module=keshet&amp;moredata&amp;name=%5bCOLOR%20burlywood%5d%5bB%5d%d7%a2%d7%95%d7%a0%d7%94%201%5b%2fB%5d%5b%2fCOLOR%5d&amp;url=http%253A%252F%252Fwww.mako.co.il%252Fmako-vod-keshet%252Fisrael_cooks_together-s1&quot"/>
</include>
</control>

<control type="group">
<animation type="WindowOpen">
<effect type="slide" start="-1000,0" end="0,0" time="250" delay="150" twen="sine" easing="inout"/>
</animation>
<animation type="WindowClose">
<effect type="slide" start="0,0" end="-2200,0" time="250" delay="150" twen="sine" easing="inout"/>
</animation>
<include content="widgetpower">
<param name="widtetid" value="12"/>
<param name="widgetidcompare" value="12"/>
<param name="widgetcontent" value="plugin://plugin.video.idanplus/?iconimage=https%253A%252F%252Fimg.mako.co.il%252F2020%252F04%252F30%252FI_624X383_Missing_File.jpg&amp;mode=3&amp;module=keshet&amp;moredata&amp;name=%5bCOLOR%20burlywood%5d%5bB%5d%d7%a2%d7%95%d7%a0%d7%94%201%5b%2fB%5d%5b%2fCOLOR%5d&amp;url=http%253A%252F%252Fwww.mako.co.il%252Fmako-vod-keshet%252Fmissing_persons_case-s1&quot"/>
</include>
</control>

<control type="group">
<animation type="WindowOpen">
<effect type="slide" start="-1000,0" end="0,0" time="250" delay="150" twen="sine" easing="inout"/>
</animation>
<animation type="WindowClose">
<effect type="slide" start="0,0" end="-2200,0" time="250" delay="150" twen="sine" easing="inout"/>
</animation>
<include content="widgetpower">
<param name="widtetid" value="13"/>
<param name="widgetidcompare" value="13"/>
<param name="widgetcontent" value="plugin://plugin.video.idanplus/?iconimage=https%253A%252F%252Fimg.mako.co.il%252F2019%252F12%252F18%252FI_624X383_New_UVda.jpg&amp;mode=3&amp;module=keshet&amp;moredata&amp;name=%5bCOLOR%20burlywood%5d%5bB%5d2020%5b%2fB%5d%5b%2fCOLOR%5d&amp;url=http%253A%252F%252Fwww.mako.co.il%252Fmako-vod-keshet%252Fuvda-2020&quot"/>
</include>
</control>


		<control type="grouplist" id="2164">
		<onright>Dialog.Close(6571)</onright>
		<onright>ActivateWindow(6680)</onright>
		<onback>Dialog.Close(6571)</onback>
		<onback>ActivateWindow(6680)</onback>
		<scrolltime tween="sine" easing="out">450</scrolltime>
			<animation type="WindowOpen">
			<effect type="slide" start="1000,0" end="0,0" tween="cubic" easing="out" time="350"/>
			</animation>
			<animation type="WindowClose">
			<effect type="slide" start="0,0" end="1000,0" tween="cubic" easing="inout" time="350"/>
			</animation>
			<posx>1665</posx>
			<top>400</top>
			<width>1900</width>
			<height>300</height>
			<itemgap>15</itemgap>
			<onup>2164</onup>
			<ondown>2164</ondown>
			<orientation>vertical</orientation>

			<!-- General -->
					<control type="button" id="94">
					<label>[B]אמבוש[/B]</label>
					<texturefocus colordiffuse="red">white.png</texturefocus>
					 <texturenofocus colordiffuse="77000000">black.png</texturenofocus>
					<width>255</width>
					<height>60</height>
					<align>center</align>
					<textcolor>white</textcolor>
					<focusedcolor>white</focusedcolor>
					<textoffsetx>45</textoffsetx>
					<radioposx>5</radioposx>
					<radiowidth>32</radiowidth>
					<radioheight>32</radioheight>
					<onleft>4</onleft>
					<onclick>setfocus(4)</onclick>
					<onfocus>Skin.SetString(Section,4)</onfocus>
				</control>
					<control type="button" id="95">
					<label>[B]ארץ נהדרת[/B]</label>
					<texturefocus colordiffuse="red">white.png</texturefocus>
					 <texturenofocus colordiffuse="77000000">black.png</texturenofocus>
					<width>255</width>
					<height>60</height>
					<align>center</align>
					<textcolor>white</textcolor>
					<focusedcolor>white</focusedcolor>
					<textoffsetx>45</textoffsetx>
					<radioposx>5</radioposx>
					<radiowidth>32</radiowidth>
					<radioheight>32</radioheight>
					<onleft>5</onleft>
					<onclick>setfocus(5)</onclick>
					<onfocus>Skin.SetString(Section,5)</onfocus>
				</control>
				<control type="button" id="96">
					<label>[B]חתונה ממבט ראשון[/B]</label>
					<texturefocus colordiffuse="red">white.png</texturefocus>
					 <texturenofocus colordiffuse="77000000">black.png</texturenofocus>
					<width>255</width>
					<height>60</height>
					<align>center</align>
					<textcolor>white</textcolor>
					<focusedcolor>white</focusedcolor>
					<textoffsetx>-50</textoffsetx>
					<radioposx>0</radioposx>
					<radiowidth>32</radiowidth>
					<radioheight>32</radioheight>
					<onleft>6</onleft>
					<onclick>setfocus(6)</onclick>
					<onfocus>Skin.SetString(Section,6)</onfocus>
				</control>
				<control type="button" id="97">
					<label>[B]הישרדות[/B]</label>
					<texturefocus colordiffuse="red">white.png</texturefocus>
					 <texturenofocus colordiffuse="77000000">black.png</texturenofocus>
					<width>255</width>
					<height>60</height>
					<align>center</align>
					<textcolor>white</textcolor>
					<focusedcolor>white</focusedcolor>
					<textoffsetx>-50</textoffsetx>
					<radioposx>0</radioposx>
					<radiowidth>32</radiowidth>
					<radioheight>32</radioheight>
					<onleft>7</onleft>
					<onclick>setfocus(7)</onclick>
					<onfocus>Skin.SetString(Section,7)</onfocus>
				</control>
				<control type="button" id="98">
					<label>[B]זהו זה 2020[/B]</label>
					<texturefocus colordiffuse="red">white.png</texturefocus>
					 <texturenofocus colordiffuse="77000000">black.png</texturenofocus>
					<width>255</width>
					<height>60</height>
					<align>center</align>
					<textcolor>white</textcolor>
					<focusedcolor>white</focusedcolor>
					<textoffsetx>-50</textoffsetx>
					<radioposx>0</radioposx>
					<radiowidth>32</radiowidth>
					<radioheight>32</radioheight>
					<onleft>8</onleft>
					<onclick>setfocus(8)</onclick>
					<onfocus>Skin.SetString(Section,8)</onfocus>
				</control>
				<control type="button" id="99">
					<label>[B]הפלנטונים[/B]</label>
					<texturefocus colordiffuse="red">white.png</texturefocus>
					 <texturenofocus colordiffuse="77000000">black.png</texturenofocus>
					<width>255</width>
					<height>60</height>
					<align>center</align>
					<textcolor>white</textcolor>
					<focusedcolor>white</focusedcolor>
					<textoffsetx>-50</textoffsetx>
					<radioposx>0</radioposx>
					<radiowidth>32</radiowidth>
					<radioheight>32</radioheight>
					<onleft>9</onleft>
					<onclick>setfocus(9)</onclick>
					<onfocus>Skin.SetString(Section,9)</onfocus>
				</control>
				<control type="button" id="100">
					<label>[B]סברי מרנן[/B]</label>
					<texturefocus colordiffuse="red">white.png</texturefocus>
					 <texturenofocus colordiffuse="77000000">black.png</texturenofocus>
					<width>255</width>
					<height>60</height>
					<align>center</align>
					<textcolor>white</textcolor>
					<focusedcolor>white</focusedcolor>
					<textoffsetx>-50</textoffsetx>
					<radioposx>0</radioposx>
					<radiowidth>32</radiowidth>
					<radioheight>32</radioheight>
					<onleft>10</onleft>
					<onclick>setfocus(10)</onclick>
					<onfocus>Skin.SetString(Section,10)</onfocus>
				</control>
				<control type="button" id="101">
					<label>[B]ישראל מבשלת יחד[/B]</label>
					<texturefocus colordiffuse="red">white.png</texturefocus>
					 <texturenofocus colordiffuse="77000000">black.png</texturenofocus>
					<width>255</width>
					<height>60</height>
					<align>center</align>
					<textcolor>white</textcolor>
					<focusedcolor>white</focusedcolor>
					<textoffsetx>-50</textoffsetx>
					<radioposx>0</radioposx>
					<radiowidth>32</radiowidth>
					<radioheight>32</radioheight>
					<onleft>11</onleft>
					<onclick>setfocus(11)</onclick>
					<onfocus>Skin.SetString(Section,11)</onfocus>
				</control>
				<control type="button" id="102">
					<label>[B]תיק נעדר[/B]</label>
					<texturefocus colordiffuse="red">white.png</texturefocus>
					 <texturenofocus colordiffuse="77000000">black.png</texturenofocus>
					<width>255</width>
					<height>60</height>
					<align>center</align>
					<textcolor>white</textcolor>
					<focusedcolor>white</focusedcolor>
					<textoffsetx>-50</textoffsetx>
					<radioposx>0</radioposx>
					<radiowidth>32</radiowidth>
					<radioheight>32</radioheight>
					<onleft>12</onleft>
					<onclick>setfocus(12)</onclick>
					<onfocus>Skin.SetString(Section,12)</onfocus>
				</control>
				<control type="button" id="103">
					<label>[B]עובדה 2020[/B]</label>
					<texturefocus colordiffuse="red">white.png</texturefocus>
					 <texturenofocus colordiffuse="77000000">black.png</texturenofocus>
					<width>255</width>
					<height>60</height>
					<align>center</align>
					<textcolor>white</textcolor>
					<focusedcolor>white</focusedcolor>
					<textoffsetx>-50</textoffsetx>
					<radioposx>0</radioposx>
					<radiowidth>32</radiowidth>
					<radioheight>32</radioheight>
					<onleft>13</onleft>
					<onclick>setfocus(13)</onclick>
					<onfocus>Skin.SetString(Section,13)</onfocus>
				</control>
		</control>
<include>ghostglobalnews</include>
</controls>
</window>
