<?xml version="1.0" encoding="UTF-8"?>
<!-- Foundation -->
<window id="6670" type="dialog">
    <defaultcontrol always="true">2164</defaultcontrol>
    	<onload>ClearProperty(quicknavsetup,home)</onload>
		<onload>Dialog.Close(6671)</onload>
		<onload>Dialog.Close(6675)</onload>
		<onunload>ClearProperty(quicknavsetup,home)</onunload>

<controls>
<control type="image">
<posx>0</posx>
<posy>0</posy>
<width>1920</width>
<height>1080</height>
<texture>black.png</texture>
</control>


<!--movies 1-->
<include content="extramovieswidgets">
<param name="widgetposx" value="255" />
<param name="widgetposy" value="535" />
<param name="focusposx" value="255" />
<param name="focusposy" value="550" />
<param name="stringid" value="4" />
<param name="compareid" value="4" />
<param name="stringondown" value="5" />
<param name="infoidfocus" value="Control.IsVisible(4) | Control.HasFocus(4)" />
<param name="infoidnofocus" value="!Control.HasFocus(5)" />
<param name="content" value="plugin://plugin.video.telemedia/?data=-1001416024163&amp;dates=%20&amp;description=https%3a%2f%2ft.me%2fkidsworldglobal%0afrom_plot&amp;eng_name=%20&amp;episode=%20&amp;fanart&amp;fav_status=false&amp;heb_name=%20&amp;iconimage&amp;id=%20&amp;image_master&amp;isr=0&amp;last_id&amp;mode=31&amp;name=%5bCOLOR%20khaki%5d%d7%9e%d7%9b%d7%a8%d7%94%20%d7%a1%d7%a8%d7%98%d7%99%d7%9d%5b%2fCOLOR%5d&amp;original_title=%20&amp;season=%20&amp;show_original_year=%20&amp;tmdbid=%20&amp;url=-1001416024163&quot" />
</include>

<include content="extramovieswidgets">
<param name="widgetposx" value="255" />
<param name="widgetposy" value="825" />
<param name="focusposx" value="255" />
<param name="focusposy" value="840" />
<param name="stringid" value="5" />
<param name="compareid" value="4" />
<param name="stringonup" value="4" />
<param name="infoidfocus" value="Control.HasFocus(5)" />
<param name="infoidnofocus" value="!Control.HasFocus(4)" />
<param name="content" value="plugin://plugin.video.telemedia/?data=-1001402919915&amp;dates=%20&amp;description=%0afrom_plot&amp;eng_name=%20&amp;episode=%20&amp;fanart&amp;fav_status=false&amp;heb_name=%20&amp;iconimage&amp;id=%20&amp;image_master&amp;isr=0&amp;last_id&amp;mode=31&amp;name=%5bCOLOR%20khaki%5d%d7%9e%d7%9b%d7%a8%d7%94%20%d7%a1%d7%a8%d7%98%d7%99%d7%9d%202%5b%2fCOLOR%5d&amp;original_title=%20&amp;season=%20&amp;show_original_year=%20&amp;tmdbid=%20&amp;url=-1001402919915&quot" />
</include>



<!--movies 2-->
<include content="extramovieswidgets">
<param name="widgetposx" value="255" />
<param name="widgetposy" value="535" />
<param name="focusposx" value="255" />
<param name="focusposy" value="550" />
<param name="stringid" value="6" />
<param name="compareid" value="5" />
<param name="stringondown" value="7" />
<param name="infoidfocus" value="Control.IsVisible(6) | Control.HasFocus(6)" />
<param name="infoidnofocus" value="!Control.HasFocus(7)" />
<param name="content" value="plugin://plugin.video.telemedia/?data=-1001332486310&amp;dates=%20&amp;description=%f0%9f%92%a2%20%d7%94%d7%a0%d7%a9%d7%a3%20-%202018%0a%0a%d7%a1%d7%a8%d7%98%20%d7%99%d7%a9%d7%a8%d7%90%d7%9c%d7%99%20%f0%9f%87%ae%f0%9f%87%b1%0a%0a%d7%aa%d7%a8%d7%92%d7%95%d7%9d%20%d7%9e%d7%95%d7%91%d7%a0%d7%94%20%f0%9f%92%ac%0a%0a%f0%9f%92%a0%20%d7%90%d7%99%d7%9b%d7%95%d7%aa%3a%20%0a720p%20%f0%9f%8c%9f%f0%9f%8c%9f%f0%9f%8c%9f%0afrom_plot&amp;eng_name=%20&amp;episode=%20&amp;fanart&amp;fav_status=false&amp;heb_name=%20&amp;iconimage&amp;id=%20&amp;image_master&amp;isr=0&amp;last_id&amp;mode=31&amp;name=%5bCOLOR%20khaki%5d%d7%9e%d7%9b%d7%a8%d7%94%20%d7%a1%d7%a8%d7%98%d7%99%d7%9d%203%5b%2fCOLOR%5d&amp;original_title=%20&amp;season=%20&amp;show_original_year=%20&amp;tmdbid=%20&amp;url=-1001332486310&quot" />
</include>

<include content="extramovieswidgets">
<param name="widgetposx" value="255" />
<param name="widgetposy" value="825" />
<param name="focusposx" value="255" />
<param name="focusposy" value="840" />
<param name="stringid" value="7" />
<param name="compareid" value="5" />
<param name="stringonup" value="6" />
<param name="infoidfocus" value="Control.HasFocus(7)" />
<param name="infoidnofocus" value="!Control.HasFocus(6)" />
<param name="content" value="plugin://plugin.video.telemedia/?data=-1001285814211&amp;dates=%20&amp;description=%0afrom_plot&amp;eng_name=%20&amp;episode=%20&amp;fanart&amp;fav_status=false&amp;heb_name=%20&amp;iconimage&amp;id=%20&amp;image_master&amp;isr=0&amp;last_id&amp;mode=31&amp;name=%5bCOLOR%20khaki%5d%d7%9e%d7%9b%d7%a8%d7%94%20%d7%a1%d7%a8%d7%98%d7%99%d7%9d%204%5b%2fCOLOR%5d&amp;original_title=%20&amp;season=%20&amp;show_original_year=%20&amp;tmdbid=%20&amp;url=-1001285814211&quot" />
</include>


<!--movies 2-->
<include content="extramovieswidgets">
<param name="widgetposx" value="255" />
<param name="widgetposy" value="535" />
<param name="focusposx" value="255" />
<param name="focusposy" value="550" />
<param name="stringid" value="8" />
<param name="compareid" value="6" />
<param name="stringondown" value="9" />
<param name="infoidfocus" value="Control.IsVisible(8) | Control.HasFocus(8)" />
<param name="infoidnofocus" value="!Control.HasFocus(9)" />
<param name="content" value="plugin://plugin.video.telemedia/?data=-1001492865648&amp;dates=%20&amp;description=%0afrom_plot&amp;eng_name=%20&amp;episode=%20&amp;fanart&amp;fav_status=false&amp;heb_name=%20&amp;iconimage&amp;id=%20&amp;image_master&amp;isr=0&amp;last_id&amp;mode=31&amp;name=%5bCOLOR%20khaki%5d%d7%9e%d7%9b%d7%a8%d7%94%20%d7%a1%d7%a8%d7%98%d7%99%d7%9d%205%5b%2fCOLOR%5d&amp;original_title=%20&amp;season=%20&amp;show_original_year=%20&amp;tmdbid=%20&amp;url=-1001492865648&quot" />
</include>

<include content="extramovieswidgets">
<param name="widgetposx" value="255" />
<param name="widgetposy" value="825" />
<param name="focusposx" value="255" />
<param name="focusposy" value="840" />
<param name="stringid" value="9" />
<param name="compareid" value="6" />
<param name="stringonup" value="8" />
<param name="infoidfocus" value="Control.HasFocus(9)" />
<param name="infoidnofocus" value="!Control.HasFocus(8)" />
<param name="content" value="plugin://plugin.video.telemedia/?data=-1001236025638&amp;dates=%20&amp;description=%0afrom_plot&amp;eng_name=%20&amp;episode=%20&amp;fanart&amp;fav_status=false&amp;heb_name=%20&amp;iconimage&amp;id=%20&amp;image_master&amp;isr=0&amp;last_id&amp;mode=31&amp;name=%5bCOLOR%20khaki%5d%d7%9e%d7%9b%d7%a8%d7%94%20%d7%a1%d7%a8%d7%98%d7%99%d7%9d%206%5b%2fCOLOR%5d&amp;original_title=%20&amp;season=%20&amp;show_original_year=%20&amp;tmdbid=%20&amp;url=-1001236025638&quot" />
</include>


		<control type="grouplist" id="2164">
			<posx>10</posx>
			<top>450</top>
			<width>1900</width>
			<height>726</height>
			<itemgap>35</itemgap>
			<onup>2164</onup>
			<ondown>2164</ondown>
			<orientation>vertical</orientation>

			<!-- General -->
					<control type="button" id="94">
					<label>סרטים 1</label>
					<texturefocus colordiffuse="white" border="8,8,8,8">special://skin/extras/views/default_button_fo.png</texturefocus>
					<width>209</width>
					<height>56</height>
					<align>center</align>
					<font>Font-Header-Bold-addline</font>
					<textcolor>FF999999</textcolor>
					<focusedcolor>FFFFFFFF</focusedcolor>
					<textoffsetx>5</textoffsetx>
					<radioposx>5</radioposx>
					<radiowidth>32</radiowidth>
					<radioheight>32</radioheight>
					<onup>4</onup>
					<onright>4</onright>
					<onclick>setfocus(4)</onclick>
					<onfocus>Skin.SetString(Section,4)</onfocus>
				</control>
			<control type="button" id="95">
					<label>סרטים 2</label>
					<texturefocus colordiffuse="white" border="8,8,8,8">special://skin/extras/views/default_button_fo.png</texturefocus>
					<width>209</width>
					<height>56</height>
					<align>center</align>
					<font>Font-Header-Bold-addline</font>
					<textcolor>FF999999</textcolor>
					<focusedcolor>FFFFFFFF</focusedcolor>
					<textoffsetx>5</textoffsetx>
					<radioposx>5</radioposx>
					<radiowidth>32</radiowidth>
					<radioheight>32</radioheight>
					<onup>5</onup>
					<onright>6</onright>
					<onclick>setfocus(6)</onclick>
					<onfocus>Skin.SetString(Section,5)</onfocus>
				</control>
				<control type="button" id="96">
					<label>סרטים 3</label>
					<texturefocus colordiffuse="white" border="8,8,8,8">special://skin/extras/views/default_button_fo.png</texturefocus>
					<width>209</width>
					<height>56</height>
					<align>center</align>
					<font>Font-Header-Bold-addline</font>
					<textcolor>FF999999</textcolor>
					<focusedcolor>FFFFFFFF</focusedcolor>
					<textoffsetx>5</textoffsetx>
					<radioposx>5</radioposx>
					<radiowidth>32</radiowidth>
					<radioheight>32</radioheight>
					<onup>5</onup>
					<onright>8</onright>
					<onclick>setfocus(8)</onclick>
					<onfocus>Skin.SetString(Section,6)</onfocus>
				</control>
		</control>

</controls>
</window>
