<?xml version="1.0" encoding="UTF-8"?>
<!-- Foundation -->
<window id="4000" type="dialog">
    <defaultcontrol always="true">5</defaultcontrol>


<controls>


<control type="group">
<control type="image">
<posx>0</posx>
<posy>200</posy>
<width>1920</width>
<height>500</height>
<bordertexture colordiffuse="white">white.png</bordertexture>
<bordersize>2</bordersize>
<texture colordiffuse="black">white.png</texture>
</control>
<control type="multiimage">
<animation effect="fade" time="450">VisibleChange</animation>
<posx>1590</posx>
<posy>215</posy>
<width>320</width>
<height>470</height>
<fadetime>450</fadetime>
<imagepath>$INFO[Container(5).ListItem.Thumb]</imagepath>
</control>
<control type="label">
<animation effect="fade" time="450">VisibleChange</animation>
<posx>1565</posx>
<posy>200</posy>
<width>1200</width>
<height>50</height>
<align>right</align>
<font>font-21-recommnded</font>
<label>$INFO[Container(5).ListItem.Label]</label>
</control>
<control type="label">
<visible>Integer.IsGreater(Container(5).NumItems,0)</visible>
<animation effect="fade" time="450">VisibleChange</animation>
<posx>1565</posx>
<posy>280</posy>
<width>1200</width>
<height>50</height>
<align>right</align>
<label>[COLOR yellow]$INFO[Container(5).NumItems][/COLOR] [COLOR white]כמות הסדרות:[/COLOR]</label>
</control>
<control type="label">
<visible>!IsEmpty(Container(5).ListItem.Rating)</visible>
<animation effect="fade" time="450">VisibleChange</animation>
<posx>1565</posx>
<posy>400</posy>
<width>1200</width>
<height>50</height>
<align>right</align>
<label>דירוג:</label>
</control>
<control type="image">
<visible>!IsEmpty(Container(5).ListItem.Rating)</visible>
<posx>1365</posx>
<posy>362</posy>
<width>120</width>
<height>120</height>
<aspectratio>keep</aspectratio>
<texture>special://skin/extras/flags/stars/$INFO[Container(5).ListItem.Rating].png</texture>
</control>
<control type="textbox">
<animation effect="fade" time="450">VisibleChange</animation>
<posx>640</posx>
<posy>550</posy>
<width>920</width>
<height>150</height>
<align>right</align>
<label>$INFO[Container(5).ListItem.Plot]</label>
</control>
<control type="list" id="5">
<posx>10</posx>
<posy>200</posy>
<width>500</width>
<height>500</height>
<onclick>Control.SetFocus(4452)</onclick>
<orientation>vertical</orientation>
<itemlayout width="120" height="40">
<control type="label">
<posx>0</posx>
<posy>0</posy>
<width>500</width>
<height>40</height>
<label>$INFO[ListItem.Label]</label>
</control>
</itemlayout>
<focusedlayout width="120" height="40">
<control type="image">
<visible>Control.HasFocus(5)</visible>
<posx>0</posx>
<posy>0</posy>
<width>250</width>
<height>35</height>
<bordertexture colordiffuse="white">white.png</bordertexture>
<bordersize>1</bordersize>
<texture colordiffuse="gray">white.png</texture>
</control>
<control type="label">
<posx>0</posx>
<posy>0</posy>
<width>500</width>
<height>40</height>
<textcolor>yellow</textcolor>
<label>$INFO[ListItem.Label]</label>
</control>
</focusedlayout>
<content>plugin://plugin.video.mando/?all_w=%7b%7d&amp;data=%20&amp;dates=%20&amp;description=cififantasytvshows&amp;eng_name=%20&amp;episode=%20&amp;fanart=%20&amp;fav_status=false&amp;heb_name=%20&amp;iconimage=%20&amp;id=%20&amp;image_master&amp;isr=0&amp;last_id&amp;mode=117&amp;name=cififantasytvshows&amp;original_title=%20&amp;season=%20&amp;show_original_year=%20&amp;tmdbid=%20&amp;url=moshep155%24%24%24%24%24%24%24%24%24%24%24cififantasytvshows-acf4e3d5-f208-45cc-bdd0-ea5918e6f5c6%5e%5e%5e%5e%5e%5e%5e%5etv&amp;video_data=%7b%22rating%22%3a%20%220%22%2c%20%22episode%22%3a%200%2c%20%22title%22%3a%20%22cififantasytvshows%22%2c%20%22season%22%3a%200%2c%20%22TVshowtitle%22%3a%20%22%22%2c%20%22mediatype%22%3a%20%22movie%22%2c%20%22plot%22%3a%20%22cififantasytvshows%22%2c%20%22OriginalTitle%22%3a%20%22%20%22%2c%20%22Tag%22%3a%20%22116%22%7d&quot</content>
</control>
</control>

<include content="basetvshowsource">
<param name="labelname" value="הסודות"/>
<param name="sesseionnumber" value="1"/>
<param name="visibleid" value="!Control.HasFocus(791)"/>
<param name="epiisodeid" value="790"/>
<param name="onfocus" value="790"/>
<param name="episodposy" value="700"/>
<param name="episodbgposy" value="700"/>
<param name="ondown" value="791"/>
<param name="onup" value="5"/>
<param name="episodescontent" value="plugin://plugin.video.mando/?all_w=%7b%7d&amp;data=2020&amp;dates=%20&amp;description=%5bCOLOR%20aqua%5d%20%d7%a9%d7%95%d7%93%d7%a8%20%d7%91%d7%aa%d7%90%d7%a8%d7%99%d7%9a%2010-06-2020%5b%2fCOLOR%5d%0aWhen%20their%20mother%20mysteriously%20vanishes%20shortly%20after%20they%20all%20arrive%20in%20her%20hometown%2c%20teen%20twins%20discover%20secrets%20behind%20the%20village%e2%80%99s%20tranquil%20facade.&amp;eng_name=%20&amp;episode=%20&amp;fanart=https%3a%2f%2fimage.tmdb.org%2ft%2fp%2foriginal%2f%2fi44x9ChDGKM1leIY78j4rMS2rcn.jpg&amp;fav_status=false&amp;heb_name=%d7%94%d7%a1%d7%95%d7%93%d7%95%d7%aa%20%d7%a9%d7%9c%20%d7%a7%d7%95%d7%a8%d7%95%d7%9f&amp;iconimage=https%3a%2f%2fimage.tmdb.org%2ft%2fp%2foriginal%2f%2fvmNpI4C0LDfWGiSYWyKLVkCSaOi.jpg&amp;id=103849&amp;image_master&amp;isr=0&amp;last_id&amp;mode=19&amp;name=%5bCOLOR%20white%5d%d7%a2%d7%95%d7%a0%d7%94%201%5b%2fCOLOR%5d&amp;original_title=Curon&amp;season=1&amp;show_original_year=2020&amp;tmdbid=361739&amp;url=https%3a%2f%2fapi.themoviedb.org%2f3%2ftv%2f103849%3fapi_key%3d34142515d9d23817496eeb4ff1d223d0%26language%3den%26append_to_response%3dexternal_ids&amp;video_data=%7b%22rating%22%3a%20%220%22%2c%20%22episode%22%3a%200%2c%20%22title%22%3a%20%22%5bCOLOR%20white%5d%5cu05e2%5cu05d5%5cu05e0%5cu05d4%201%5b%2fCOLOR%5d%22%2c%20%22season%22%3a%200%2c%20%22TVshowtitle%22%3a%20%22%22%2c%20%22mediatype%22%3a%20%22movie%22%2c%20%22plot%22%3a%20%22%5bCOLOR%20aqua%5d%20%5cu05e9%5cu05d5%5cu05d3%5cu05e8%20%5cu05d1%5cu05ea%5cu05d0%5cu05e8%5cu05d9%5cu05da%2010-06-2020%5b%2fCOLOR%5d%5cnWhen%20their%20mother%20mysteriously%20vanishes%20shortly%20after%20they%20all%20arrive%20in%20her%20hometown%2c%20teen%20twins%20discover%20secrets%20behind%20the%20village%5cu2019s%20tranquil%20facade.%22%2c%20%22OriginalTitle%22%3a%20%22Curon%22%2c%20%22Tag%22%3a%20%2216%22%2c%20%22year%22%3a%20%222020%22%7d&quot"/>
</include>

<include content="basetvshowsource">
<param name="labelname" value="הסודות"/>
<param name="sesseionnumber" value="2"/>
<param name="visibleid" value="Control.HasFocus(791)"/>
<param name="epiisodeid" value="791"/>
<param name="onfocus" value="791"/>
<param name="episodposy" value="750"/>
<param name="episodbgposy" value="750"/>
<param name="onup" value="790"/>
<param name="episodescontent" value="plugin://plugin.video.mando/?all_w=%7b%7d&amp;data=2020&amp;dates=%20&amp;description=%5bCOLOR%20aqua%5d%20%d7%a9%d7%95%d7%93%d7%a8%20%d7%91%d7%aa%d7%90%d7%a8%d7%99%d7%9a%2010-06-2020%5b%2fCOLOR%5d%0aWhen%20their%20mother%20mysteriously%20vanishes%20shortly%20after%20they%20all%20arrive%20in%20her%20hometown%2c%20teen%20twins%20discover%20secrets%20behind%20the%20village%e2%80%99s%20tranquil%20facade.&amp;eng_name=%20&amp;episode=%20&amp;fanart=https%3a%2f%2fimage.tmdb.org%2ft%2fp%2foriginal%2f%2fi44x9ChDGKM1leIY78j4rMS2rcn.jpg&amp;fav_status=false&amp;heb_name=%d7%94%d7%a1%d7%95%d7%93%d7%95%d7%aa%20%d7%a9%d7%9c%20%d7%a7%d7%95%d7%a8%d7%95%d7%9f&amp;iconimage=https%3a%2f%2fimage.tmdb.org%2ft%2fp%2foriginal%2f%2fvmNpI4C0LDfWGiSYWyKLVkCSaOi.jpg&amp;id=103849&amp;image_master&amp;isr=0&amp;last_id&amp;mode=19&amp;name=%5bCOLOR%20white%5d%d7%a2%d7%95%d7%a0%d7%94%201%5b%2fCOLOR%5d&amp;original_title=Curon&amp;season=1&amp;show_original_year=2020&amp;tmdbid=361739&amp;url=https%3a%2f%2fapi.themoviedb.org%2f3%2ftv%2f103849%3fapi_key%3d34142515d9d23817496eeb4ff1d223d0%26language%3den%26append_to_response%3dexternal_ids&amp;video_data=%7b%22rating%22%3a%20%220%22%2c%20%22episode%22%3a%200%2c%20%22title%22%3a%20%22%5bCOLOR%20white%5d%5cu05e2%5cu05d5%5cu05e0%5cu05d4%201%5b%2fCOLOR%5d%22%2c%20%22season%22%3a%200%2c%20%22TVshowtitle%22%3a%20%22%22%2c%20%22mediatype%22%3a%20%22movie%22%2c%20%22plot%22%3a%20%22%5bCOLOR%20aqua%5d%20%5cu05e9%5cu05d5%5cu05d3%5cu05e8%20%5cu05d1%5cu05ea%5cu05d0%5cu05e8%5cu05d9%5cu05da%2010-06-2020%5b%2fCOLOR%5d%5cnWhen%20their%20mother%20mysteriously%20vanishes%20shortly%20after%20they%20all%20arrive%20in%20her%20hometown%2c%20teen%20twins%20discover%20secrets%20behind%20the%20village%5cu2019s%20tranquil%20facade.%22%2c%20%22OriginalTitle%22%3a%20%22Curon%22%2c%20%22Tag%22%3a%20%2216%22%2c%20%22year%22%3a%20%222020%22%7d&quot"/>
</include>

<include content="basetvshowsource">
<param name="labelname" value="מולדת"/>
<param name="sesseionnumber" value="1"/>
<param name="epiisodeid" value="792"/>
<param name="onfocus" value="792"/>
<param name="episodposy" value="700"/>
<param name="episodbgposy" value="700"/>
<param name="onup" value="5"/>
<param name="episodescontent" value="plugin://plugin.video.mando/?all_w=%7b%7d&amp;data=2020&amp;dates=%20&amp;description=%5bCOLOR%20aqua%5d%20%d7%a9%d7%95%d7%93%d7%a8%20%d7%91%d7%aa%d7%90%d7%a8%d7%99%d7%9a%2018-03-2020%5b%2fCOLOR%5d%0aSet%20in%20an%20alternate%20America%20where%20witches%20ended%20their%20persecution%20over%20300%20years%20ago%20by%20cutting%20a%20deal%20with%20the%20government%20to%20fight%20for%20their%20country%2c%20the%20series%20follows%20three%20young%20women%20from%20basic%20training%20in%20combat%20magic%20into%20early%20deployment.&amp;eng_name=%20&amp;episode=%20&amp;fanart=https%3a%2f%2fimage.tmdb.org%2ft%2fp%2foriginal%2f%2f9CPU66ypbKnWHZLtG6F72gKzgO9.jpg&amp;fav_status=false&amp;heb_name=%d7%9e%d7%95%d7%9c%d7%93%d7%aa%3a%20%d7%a4%d7%95%d7%a8%d7%98%20%d7%a1%d7%90%d7%9c%d7%9d&amp;iconimage=https%3a%2f%2fimage.tmdb.org%2ft%2fp%2foriginal%2f%2foAaKknXzLevn7RSkHPXQQ1twnEM.jpg&amp;id=91977&amp;image_master&amp;isr=0&amp;last_id&amp;mode=19&amp;name=%5bCOLOR%20white%5d%d7%a2%d7%95%d7%a0%d7%94%201%5b%2fCOLOR%5d&amp;original_title=Motherland%3a%20Fort%20Salem&amp;season=1&amp;show_original_year=2020&amp;tmdbid=364047&amp;url=https%3a%2f%2fapi.themoviedb.org%2f3%2ftv%2f91977%3fapi_key%3d34142515d9d23817496eeb4ff1d223d0%26language%3den%26append_to_response%3dexternal_ids&amp;video_data=%7b%22rating%22%3a%20%220%22%2c%20%22episode%22%3a%200%2c%20%22title%22%3a%20%22%5bCOLOR%20white%5d%5cu05e2%5cu05d5%5cu05e0%5cu05d4%201%5b%2fCOLOR%5d%22%2c%20%22season%22%3a%200%2c%20%22TVshowtitle%22%3a%20%22%22%2c%20%22mediatype%22%3a%20%22movie%22%2c%20%22plot%22%3a%20%22%5bCOLOR%20aqua%5d%20%5cu05e9%5cu05d5%5cu05d3%5cu05e8%20%5cu05d1%5cu05ea%5cu05d0%5cu05e8%5cu05d9%5cu05da%2018-03-2020%5b%2fCOLOR%5d%5cnSet%20in%20an%20alternate%20America%20where%20witches%20ended%20their%20persecution%20over%20300%20years%20ago%20by%20cutting%20a%20deal%20with%20the%20government%20to%20fight%20for%20their%20country%2c%20the%20series%20follows%20three%20young%20women%20from%20basic%20training%20in%20combat%20magic%20into%20early%20deployment.%22%2c%20%22OriginalTitle%22%3a%20%22Motherland%3a%20Fort%20Salem%22%2c%20%22Tag%22%3a%20%2216%22%2c%20%22year%22%3a%20%222020%22%7d&quot"/>
</include>
</controls>
</window>
