<?xml version="1.0" encoding="UTF-8"?>
<!-- Foundation -->
<window id="6741" type="dialog">
    <defaultcontrol always="true">5</defaultcontrol>
    	<onload>ClearProperty(quicknavsetup,home)</onload>
		<onload>Dialog.Close(6671)</onload>
		<onload>Dialog.Close(6675)</onload>
		<onunload>ClearProperty(quicknavsetup,home)</onunload>

<controls>


			<control type="group">
			<animation type="WindowOpen">
			<effect type="slide" start="1000,0" end="-100,0" tween="cubic" easing="out" time="350"/>
			</animation>
			<animation type="WindowClose">
			<effect type="slide" start="0,0" end="1000,0" tween="cubic" easing="inout" time="350"/>
			</animation>
		
			<control type="label">
			<posx>1800</posx>
			<posy>705</posy>
			<width>350</width>
			<height>40</height>
			<label>תפריט סדרות טיוי</label>
			</control>
			<control type="list" id="5">
			<onleft>Dialog.Close(6741)</onleft>
			<onback>Dialog.Close(6741)</onback>
			<onback>ActivateWindow(6686)</onback>
			<onright>Dialog.Close(6741)</onright>
			<onright>ActivateWindow(6686)</onright>
			<posx>1650</posx>
			<posy>715</posy>
			<width>18-col</width>
			<height>365</height>
			<ondown>5</ondown>
			<onup>5</onup>
			<orientation>vertical</orientation>
			<onleft>Dialog.Close(6680)</onleft>
			<onback>Dialog.Close(6680)</onback>
			<scrolltime tweeb="cubic" easing="inout">450</scrolltime>
			<itemlayout width="4-col" height="115">
				<control type="image">
					<posx>105</posx>
					<posy>20</posy>
					<width>4-col-textbox</width>
					<height>105</height>
					<texture>black.png</texture>
					<colordiffuse>77000000</colordiffuse>
					<aspectratio>stretch</aspectratio>
				</control>
			<control type="image">
					<posx>0</posx>
					<posy>20</posy>
					<width>100</width>
					<height>105</height>
					<texture>black.png</texture>
					<colordiffuse>77000000</colordiffuse>
					<aspectratio>stretch</aspectratio>
				</control>
				
				<control type="multiimage">
					<posx>0</posx>
					<posy>20</posy>
					<width>100</width>
					<height>105</height>
					<imagepath>$INFO[ListITem.Thumb]</imagepath>
				</control>
				
				<control type="label">
					<posx>120</posx>
					<posy>0</posy>
					<width>252</width>
					<height>3-row</height>
					<wrapmultiline>true</wrapmultiline>
					<aligny>center</aligny>
					<align>center</align>
					<textcolor>white</textcolor>
					<shadowcolor></shadowcolor>
					<label>[B][CAPITALIZE]$INFO[ListItem.label][/CAPITALIZE][/B]</label>
				</control>
				<control type="label">
					<posx>120</posx>
					<posy>30</posy>
					<width>252</width>
					<height>3-row</height>
					<wrapmultiline>true</wrapmultiline>
					<aligny>center</aligny>
					<align>center</align>
					<font>font-16</font>
					<textcolor>white</textcolor>
					<shadowcolor></shadowcolor>
					<label>[CAPITALIZE]$INFO[ListItem.label2][/CAPITALIZE]</label>
				</control>
			</itemlayout>
			<focusedlayout width="4-col" height="115">
				<control type="image">
					<posx>105</posx>
					<posy>20</posy>
					<width>4-col-textbox</width>
					<height>105</height>
					<texture>white.png</texture>
					<colordiffuse>red</colordiffuse>
					<aspectratio>stretch</aspectratio>
				</control>
			<control type="image">
					<posx>0</posx>
					<posy>20</posy>
					<width>100</width>
					<height>105</height>
					<texture>black.png</texture>
					<colordiffuse>77000000</colordiffuse>
					<aspectratio>stretch</aspectratio>
				</control>
				<control type="multiimage">
				<animation effect="rotatey" center="45" start="-360" end="360" time="550" reversible="true">Focus</animation>
					<posx>0</posx>
					<posy>20</posy>
					<width>100</width>
					<height>105</height>
					<imagepath>$INFO[ListITem.Thumb]</imagepath>
				</control>
				<control type="label">
					<posx>120</posx>
					<posy>0</posy>
					<width>252</width>
					<height>3-row</height>
					<wrapmultiline>true</wrapmultiline>
					<aligny>center</aligny>
					<align>center</align>
					<textcolor>white</textcolor>
					<shadowcolor></shadowcolor>
					<label>[B][CAPITALIZE]$INFO[ListItem.label][/CAPITALIZE][/B]</label>
				</control>
				<control type="label">
					<posx>120</posx>
					<posy>30</posy>
					<width>252</width>
					<height>3-row</height>
					<wrapmultiline>true</wrapmultiline>
					<aligny>center</aligny>
					<align>center</align>
					<font>font-16</font>
					<textcolor>white</textcolor>
					<shadowcolor></shadowcolor>
					<label>[CAPITALIZE]$INFO[ListItem.label2][/CAPITALIZE]</label>
				</control>
			</focusedlayout>
			<content>
			<item>
			<label>ניקוי מטמון</label>
			<label2>ניקוי מטמון סדרות טיוי</label2>
			<thumb>https://lh3.googleusercontent.com/YgzM0F5eW9FFjDKUDVziRASUn1nIhmpemyhqd0KaAsLnO5enE6VvAM0JMkcFU_7HQq8</thumb>
			<onclick>Dialog.Close(6741)</onclick>
			<onclick>ActivateWindow(10025,&quot;plugin://plugin.video.sdarot.tv/clean&quot;,return)</onclick>
			</item>
			<item>
			<label>כניסה להרחבה</label>
			<label2>כניסה להרחבת סדרות טיוי</label2>
			<thumb>https://encrypted-tbn0.gstatic.com/images?q=tbn%3AANd9GcRW1ke_ImIOA2meCU_5ti_vOUKzx33rVbuxoDq05bhdF2pUz4vF&usqp=CAU</thumb>
			<onclick>Dialog.Close(6741)</onclick>
			<onclick>RunAddon(plugin.video.sdarot.tv)</onclick>
			</item>
			<item>
			<label>הכל א-ת</label>
			<label2>כל הסדרות מ א-ת</label2>
			<thumb>https://lh3.googleusercontent.com/proxy/r2ueqx13caRqc4mZhuNnVCGqL7xH8SwqShFXBu_brv6wb7vk5SOlh8TGy_dpN7Fx0Q3QewrJy1gSmpk8lOOT2L0sL5WsACPvTlny6Kjf_oslsykbkXrWwqleMiJcGk8ekw9z</thumb>
			<onclick>Dialog.Close(6741)</onclick>
			<onclick>ActivateWindow(10025,&quot;plugin://plugin.video.sdarot.tv/index/heb/0&quot;,return)</onclick>
			</item>
			<item>
			<label>מועדפים</label>
			<label2>המועדפים שלי</label2>
			<thumb>https://upload.wikimedia.org/wikipedia/commons/thumb/9/99/Star_icon_stylized.svg/1200px-Star_icon_stylized.svg.png</thumb>
			<onclick>Dialog.Close(6741)</onclick>
			<onclick>ActivateWindow(10025,&quot;plugin://plugin.video.sdarot.tv/favourites&quot;,return)</onclick>
			</item>
			<item>
			<label>סדרות מעקב</label>
			<label2>סדרות המעקב שלי</label2>
			<thumb>https://thelight.com.au/assets/uploads/2018/02/15517160600_8f5cdf7816_o.png</thumb>
			<onclick>Dialog.Close(6741)</onclick>
			<onclick>ActivateWindow(10025,&quot;plugin://plugin.video.sdarot.tv/tracking_list&quot;,return)</onclick>
			</item>
			<item>
			<label>חיפוש</label>
			<label2>חיפוש סדרה בסדרות טיוי</label2>
			<thumb>https://lh3.googleusercontent.com/proxy/Z-BZ6GeOkOONB7h9kuvGoBqtgHW36Jxfx3h-HU8f45_dWXOUPpIMjEvv8_zWTN5T83brU-SjejsYZ6QbXWgx9LvdJiESIpDASQFNU9BqjH2sBTdIjHYTo4sVVG0keHRwZ_GvOYq_mdqvH0HoaJN7QUzPhZT1GLSl4TVLmfAffUA-og</thumb>
			<onclick>Dialog.Close(6741)</onclick>
			<onclick>ActivateWindow(10025,&quot;plugin://plugin.video.sdarot.tv/search/0&quot;,return)</onclick>
			</item>
			</content>
			</control>
			</control>
			

</controls>
</window>
