<?xml version="1.0" encoding="UTF-8"?>
<!-- Foundation -->
<window id="6831" type="dialog">
    <defaultcontrol always="true">135</defaultcontrol>

<controls>
<!--גוסט סרטים ישנים וחדשים-->


<include content="ghostlatestmoviesoldnew">
<param name="stringid" value="255"/>
<param name="itemnumber" value="1"/>
<param name="sortby" value="random"/>
<param name="sortorder" value="random"/>
<param name="content" value="plugin://plugin.video.telemedia/?data=-1001445837176&amp;dates=%20&amp;description=%0afrom_plot&amp;eng_name=%20&amp;episode=%20&amp;fanart&amp;fav_status=false&amp;heb_name=%20&amp;iconimage&amp;id=%20&amp;image_master&amp;isr=0&amp;last_id&amp;mode=31&amp;name=%5bCOLOR%20khaki%5d%d7%92%d7%95%d7%a1%d7%98%20%d7%a1%d7%a8%d7%98%d7%99%d7%9d%20%d7%99%d7%a9%d7%a0%d7%99%d7%9d%20%d7%95%d7%97%d7%93%d7%a9%d7%99%d7%9d%5b%2fCOLOR%5d&amp;original_title=%20&amp;season=%20&amp;show_original_year=%20&amp;tmdbid=%20&amp;url=-1001445837176&quot"/>
</include>

<include content="ghostlatestmoviesoldnew">
<param name="stringid" value="256"/>
<param name="itemnumber" value="2"/>
<param name="sortby" value="random"/>
<param name="sortorder" value="random"/>
<param name="content" value="plugin://plugin.video.telemedia/?data=-1001210724865&amp;dates=%20&amp;description=%0afrom_plot&amp;eng_name=%20&amp;episode=%20&amp;fanart&amp;fav_status=false&amp;heb_name=%20&amp;iconimage&amp;id=%20&amp;image_master&amp;isr=0&amp;last_id&amp;mode=31&amp;name=%5bCOLOR%20khaki%5d%d7%92%d7%95%d7%a1%d7%98%20%d7%a1%d7%a8%d7%98%d7%99%d7%9d%20%d7%99%d7%a9%d7%a0%d7%99%d7%9d%20%d7%95%d7%97%d7%93%d7%a9%d7%99%d7%9d%202%5b%2fCOLOR%5d&amp;original_title=%20&amp;season=%20&amp;show_original_year=%20&amp;tmdbid=%20&amp;url=-1001210724865&quot"/>
</include>

<include content="ghostlatestmoviesoldnew">
<param name="stringid" value="257"/>
<param name="itemnumber" value="3"/>
<param name="sortby" value="random"/>
<param name="sortorder" value="random"/>
<param name="content" value="plugin://plugin.video.telemedia/?data=-1001227376145&amp;dates=%20&amp;description=%d7%92%d7%95%d7%a1%d7%98%20%d7%a1%d7%a8%d7%98%d7%99%d7%9d%20%d7%99%d7%a9%d7%a0%d7%99%d7%9d%20%d7%95%d7%97%d7%93%d7%a9%d7%99%d7%9d%203%0afrom_plot&amp;eng_name=%20&amp;episode=%20&amp;fanart&amp;fav_status=false&amp;heb_name=%20&amp;iconimage&amp;id=%20&amp;image_master&amp;isr=0&amp;last_id&amp;mode=31&amp;name=%5bCOLOR%20khaki%5d%d7%92%d7%95%d7%a1%d7%98%20%d7%a1%d7%a8%d7%98%d7%99%d7%9d%20%d7%99%d7%a9%d7%a0%d7%99%d7%9d%20%d7%95%d7%97%d7%93%d7%a9%d7%99%d7%9d%203%5b%2fCOLOR%5d&amp;original_title=%20&amp;season=%20&amp;show_original_year=%20&amp;tmdbid=%20&amp;url=-1001227376145&quot"/>
</include>

<include content="ghostlatestmoviesoldnew">
<param name="stringid" value="258"/>
<param name="itemnumber" value="4"/>
<param name="sortby" value="random"/>
<param name="sortorder" value="random"/>
<param name="content" value="plugin://plugin.video.telemedia/?data=-1001224686301&amp;dates=%20&amp;description=%0afrom_plot&amp;eng_name=%20&amp;episode=%20&amp;fanart&amp;fav_status=false&amp;heb_name=%20&amp;iconimage&amp;id=%20&amp;image_master&amp;isr=0&amp;last_id&amp;mode=31&amp;name=%5bCOLOR%20khaki%5d%d7%92%d7%95%d7%a1%d7%98%20%d7%a1%d7%a8%d7%98%d7%99%d7%9d%20%d7%99%d7%a9%d7%a0%d7%99%d7%9d%20%d7%95%d7%97%d7%93%d7%a9%d7%99%d7%9d%204%5b%2fCOLOR%5d&amp;original_title=%20&amp;season=%20&amp;show_original_year=%20&amp;tmdbid=%20&amp;url=-1001224686301&quot"/>
</include>


<control type="group">
<control type="image">
<posx>5</posx>
<posy>5</posy>
<width>160</width>
<height>260</height>
<texture>black.png</texture>
</control>
<control type="image">
<posx>60</posx>
<posy>10</posy>
<width>55</width>
<height>35</height>
<texture>special://skin/extras/arrows/arrow-142-512.png</texture>
</control>
<control type="image">
<posx>60</posx>
<posy>220</posy>
<width>55</width>
<height>35</height>
<texture flipy="true">special://skin/extras/arrows/arrow-142-512.png</texture>
</control>

<control type="list" id="135">
<posx>30</posx>
<posy>100</posy>
<width>500</width>
<height>200</height>
<onright condition="Container(135).HasFocus(1)">255</onright>
<onright condition="Container(135).HasFocus(2)">256</onright>
<onright condition="Container(135).HasFocus(3)">257</onright>
<onright condition="Container(135).HasFocus(4)">258</onright>
<onback>9000</onback>
<orientation>vertical</orientation>
<itemlayout width="220" height="240">
<control type="label">
<posx>0</posx>
<posy>0</posy>
<width>500</width>
<height>40</height>
<label>$INFO[ListItem.Label]</label>
</control>
</itemlayout>
<focusedlayout width="220" height="240">
<control type="label">
<visible>!control.hasfocus(135)</visible>
<posx>0</posx>
<posy>0</posy>
<width>500</width>
<height>40</height>
<label>$INFO[ListItem.Label]</label>
</control>
<control type="label">
<animation effect="fade" start="0" end="100" pulse="true" time="1100">Focus</animation>
<visible>control.hasfocus(135)</visible>
<posx>0</posx>
<posy>0</posy>
<width>500</width>
<height>40</height>
<textcolor>yellow</textcolor>
<label>[B]$INFO[ListItem.Label][/B]</label>
</control>
</focusedlayout>
<content>
<item id="1">
<label>סרטים 1</label>
<onclick>control.setfocus(255)</onclick>
</item>
<item id="2">
<label>סרטים 2</label>
<onclick>control.setfocus(256)</onclick>
</item>
<item id="3">
<label>סרטים 3</label>
<onclick>control.setfocus(257)</onclick>
</item>
<item id="4">
<label>סרטים 4</label>
<onclick>control.setfocus(258)</onclick>
</item>
</content>
</control>
</control>
	
</controls>
</window>
