<?xml version="1.0" encoding="UTF-8"?>
<!-- Foundation -->
<window id="6853" type="dialog">
    <defaultcontrol always="true">35</defaultcontrol>


<controls>

<control type="group">
<animation type="WindowOpen">
<effect type="slide" start="0,0" end="0,-1000" time="350" tween="sine" easing="inout"/>
</animation>
<posy>1730</posy>
<control type="image">
<posx>0</posx>
<posy>0</posy>
<width>1920</width>
<height>350</height>
<texture>black.png</texture>
<colordiffuse>77000000</colordiffuse>
</control>
<control type="image">
<posx>350</posx>
<posy>0</posy>
<width>1000</width>
<height>350</height>
<texture>black.png</texture>
</control>
<control type="image">
<posx>1740</posx>
<posy>0</posy>
<width>220</width>
<height>450</height>
<texture>black.png</texture>
</control>
<control type="group">
<posy>140</posy>
<control type="image">
<posx>1350</posx>
<posy>0</posy>
<width>65</width>
<height>65</height>
<aspectratio>keep</aspectratio>
<texture colordiffuse="deepskyblue">special://skin/extras/arrows/arrow-25-xxl.png</texture>
</control>
<control type="image">
<posx>280</posx>
<posy>0</posy>
<width>65</width>
<height>65</height>
<aspectratio>keep</aspectratio>
<texture flipx="true" colordiffuse="deepskyblue">special://skin/extras/arrows/arrow-25-xxl.png</texture>
</control>
</control>
<control type="image">
<posx>1820</posx>
<posy>0</posy>
<width>65</width>
<height>65</height>
<aspectratio>keep</aspectratio>
<texture colordiffuse="deepskyblue">special://skin/extras/arrows/arrowup.png</texture>
</control>
<control type="image">
<posx>1820</posx>
<posy>300</posy>
<width>65</width>
<height>65</height>
<aspectratio>keep</aspectratio>
<texture colordiffuse="deepskyblue">special://skin/extras/arrows/arrowdown.png</texture>
</control>
</control>

<control type="image">
<posx>1770</posx>
<posy>820</posy>
<width>150</width>
<height>40</height>
<texture>special://skin/extras/test/Ghost.jpg</texture>
</control>

<control type="group">
<posy>50</posy>
<include content="newtvshows">
<param name="baseid" value="5"/>
<param name="listid" value="35"/>
<param name="listidfocus" value="1"/>
<param name="basecontent" value="plugin://plugin.audio.My.Music/?cat_level=%20&amp;count=0&amp;description=%20&amp;fanart&amp;iconimage&amp;index_depth=0&amp;lang=eng&amp;mode=5&amp;name=tvshows&amp;page&amp;selected_list=%20&amp;url=%d7%a1%d7%93%d7%a8%d7%95%d7%aatvshows&quot"/>
</include>

<include content="newtvshows">
<param name="baseid" value="6"/>
<param name="listid" value="35"/>
<param name="listidfocus" value="2"/>
<param name="basecontent" value="plugin://plugin.audio.My.Music/?cat_level=%20&amp;count=0&amp;description=%20&amp;fanart&amp;iconimage&amp;index_depth=0&amp;lang=eng&amp;mode=5&amp;name=tvshows1&amp;page&amp;selected_list=%20&amp;url=%d7%a1%d7%93%d7%a8%d7%95%d7%aatvshows1&quot"/>
</include>

<include content="baseepisods">
<param name="baseid" value="5"/>
<param name="labelname" value="מפה לפה"/>
<param name="baseeipisod" value="500"/>
<param name="networkname" value="NETFLIX"/>
<param name="networkcolor" value="red"/>
<param name="notvisible" value="![control.hasfocus(6) | Container(35).HasFocus(2)]"/>
<param name="baseepisodcontent" value="plugin://plugin.video.mando/?all_w=%7b%7d&amp;data=2020&amp;dates=%20&amp;description=%5bCOLOR%20aqua%5d%20%d7%a9%d7%95%d7%93%d7%a8%20%d7%91%d7%aa%d7%90%d7%a8%d7%99%d7%9a%2017-07-2020%5b%2fCOLOR%5d%0aAt%20a%20high%20school%20in%20a%20rural%2c%20isolated%20ranching%20community%2c%20families%20panic%20when%20teens%20contract%20a%20mysterious%20%22kissing%20disease%22%20that%20quickly%20spreads.&amp;eng_name=%20&amp;episode=%20&amp;fanart=https%3a%2f%2fimage.tmdb.org%2ft%2fp%2foriginal%2f%2fwftQqLZ1QfoUkodR9TxFlch2ji3.jpg&amp;fav_status=false&amp;heb_name=%d7%9e%d7%a4%d7%94%20%d7%9c%d7%a4%d7%94&amp;iconimage=https%3a%2f%2fimage.tmdb.org%2ft%2fp%2foriginal%2f%2fhYMEaqVQUwD1mvrzaR8neAJlqGo.jpg&amp;id=105213&amp;image_master&amp;isr=0&amp;last_id&amp;mode=19&amp;name=%5bCOLOR%20white%5d%d7%a2%d7%95%d7%a0%d7%94%201%5b%2fCOLOR%5d&amp;original_title=Kissing%20Game&amp;season=1&amp;show_original_year=2020&amp;tmdbid=383414&amp;url=https%3a%2f%2fapi.themoviedb.org%2f3%2ftv%2f105213%3fapi_key%3d34142515d9d23817496eeb4ff1d223d0%26language%3den%26append_to_response%3dexternal_ids&amp;video_data=%7b%22rating%22%3a%20%220%22%2c%20%22episode%22%3a%200%2c%20%22title%22%3a%20%22%5bCOLOR%20white%5d%5cu05e2%5cu05d5%5cu05e0%5cu05d4%201%5b%2fCOLOR%5d%22%2c%20%22season%22%3a%200%2c%20%22TVshowtitle%22%3a%20%22%22%2c%20%22mediatype%22%3a%20%22movie%22%2c%20%22plot%22%3a%20%22%5bCOLOR%20aqua%5d%20%5cu05e9%5cu05d5%5cu05d3%5cu05e8%20%5cu05d1%5cu05ea%5cu05d0%5cu05e8%5cu05d9%5cu05da%2017-07-2020%5b%2fCOLOR%5d%5cnAt%20a%20high%20school%20in%20a%20rural%2c%20isolated%20ranching%20community%2c%20families%20panic%20when%20teens%20contract%20a%20mysterious%20%5c%22kissing%20disease%5c%22%20that%20quickly%20spreads.%22%2c%20%22OriginalTitle%22%3a%20%22Kissing%20Game%22%2c%20%22Tag%22%3a%20%2216%22%2c%20%22year%22%3a%20%222020%22%7d&quot"/>
</include>

<include content="baseepisods">
<param name="baseid" value="5"/>
<param name="labelname" value="חליפוּת"/>
<param name="baseeipisod" value="501"/>
<param name="networkname" value="NETFLIX"/>
<param name="networkcolor" value="red"/>
<param name="notvisible" value="![control.hasfocus(6) | Container(35).HasFocus(2)]"/>
<param name="baseepisodcontent" value="plugin://plugin.video.mando/?all_w=%7b%7d&amp;data=2020&amp;dates=%20&amp;description=%5bCOLOR%20aqua%5d%20%d7%a9%d7%95%d7%93%d7%a8%20%d7%91%d7%aa%d7%90%d7%a8%d7%99%d7%9a%2012-01-2020%5b%2fCOLOR%5d%0aNational%20Security%20agent%20Fatima%20receives%20a%20tip%20that%20a%20terrorist%20attack%20against%20Sweden%20is%20in%20the%20planning%20stage.%20Meanwhile%20Sulle%2c%20a%20teenage%20girl%20in%20Stockholm%2c%20gets%20interested%20in%20her%20student%20assistent%20who%20opens%20doors%20to%20a%20new%20and%20fascinating%20world%20-%20the%20true%20path.%20%20Kalifat%20is%20a%20thriller%20about%20the%20intermingled%20fates%20of%20five%20young%20women%20who%20get%20caught%20up%20in%20the%20seducing%20and%20destroying%20force%20of%20religious%20fundamentalism.&amp;eng_name=%20&amp;episode=%20&amp;fanart=https%3a%2f%2fimage.tmdb.org%2ft%2fp%2foriginal%2f%2fmbmFTrslrhK5UPWSF04sc5XmOhA.jpg&amp;fav_status=false&amp;heb_name=%d7%97%27%d7%9c%d7%99%d7%a4%d7%95%d7%aa&amp;iconimage=https%3a%2f%2fimage.tmdb.org%2ft%2fp%2foriginal%2f%2feMcVINEReBrhGrMvphcIt8iU0WE.jpg&amp;id=92891&amp;image_master&amp;isr=0&amp;last_id&amp;mode=19&amp;name=%5bCOLOR%20white%5d%d7%a2%d7%95%d7%a0%d7%94%201%5b%2fCOLOR%5d&amp;original_title=Caliphate&amp;season=1&amp;show_original_year=2020&amp;tmdbid=375032&amp;url=https%3a%2f%2fapi.themoviedb.org%2f3%2ftv%2f92891%3fapi_key%3d34142515d9d23817496eeb4ff1d223d0%26language%3den%26append_to_response%3dexternal_ids&amp;video_data=%7b%22rating%22%3a%20%220%22%2c%20%22episode%22%3a%200%2c%20%22title%22%3a%20%22%5bCOLOR%20white%5d%5cu05e2%5cu05d5%5cu05e0%5cu05d4%201%5b%2fCOLOR%5d%22%2c%20%22season%22%3a%200%2c%20%22TVshowtitle%22%3a%20%22%22%2c%20%22mediatype%22%3a%20%22movie%22%2c%20%22plot%22%3a%20%22%5bCOLOR%20aqua%5d%20%5cu05e9%5cu05d5%5cu05d3%5cu05e8%20%5cu05d1%5cu05ea%5cu05d0%5cu05e8%5cu05d9%5cu05da%2012-01-2020%5b%2fCOLOR%5d%5cnNational%20Security%20agent%20Fatima%20receives%20a%20tip%20that%20a%20terrorist%20attack%20against%20Sweden%20is%20in%20the%20planning%20stage.%20Meanwhile%20Sulle%2c%20a%20teenage%20girl%20in%20Stockholm%2c%20gets%20interested%20in%20her%20student%20assistent%20who%20opens%20doors%20to%20a%20new%20and%20fascinating%20world%20-%20the%20true%20path.%20%20Kalifat%20is%20a%20thriller%20about%20the%20intermingled%20fates%20of%20five%20young%20women%20who%20get%20caught%20up%20in%20the%20seducing%20and%20destroying%20force%20of%20religious%20fundamentalism.%22%2c%20%22OriginalTitle%22%3a%20%22Caliphate%22%2c%20%22Tag%22%3a%20%2216%22%2c%20%22year%22%3a%20%222020%22%7d&quot"/>
</include>

<include content="baseepisods">
<param name="baseid" value="5"/>
<param name="labelname" value="מכתב למלך"/>
<param name="baseeipisod" value="502"/>
<param name="networkname" value="NETFLIX"/>
<param name="networkcolor" value="red"/>
<param name="notvisible" value="![control.hasfocus(6) | Container(35).HasFocus(2)]"/>
<param name="baseepisodcontent" value="plugin://plugin.video.mando/?all_w=%7b%7d&amp;data=2020&amp;dates=%20&amp;description=%5bCOLOR%20aqua%5d%20%d7%a9%d7%95%d7%93%d7%a8%20%d7%91%d7%aa%d7%90%d7%a8%d7%99%d7%9a%2020-03-2020%5b%2fCOLOR%5d%0aA%20young%20boy%20holds%20the%20fate%20of%20the%20kingdom%20in%20his%20hands%20when%20he%20embarks%20on%20a%20quest%20to%20deliver%20a%20secret%20message%20in%20this%20sweeping%20fantasy%20series.&amp;eng_name=%20&amp;episode=%20&amp;fanart=https%3a%2f%2fimage.tmdb.org%2ft%2fp%2foriginal%2f%2fwRqxtYHf3f2b340bWsNGMpitOqI.jpg&amp;fav_status=false&amp;heb_name=%ef%bb%bf%d7%9e%d7%9b%d7%aa%d7%91%20%d7%9c%d7%9e%d7%9c%d7%9a&amp;iconimage=https%3a%2f%2fimage.tmdb.org%2ft%2fp%2foriginal%2f%2fhPMwWHLMZbtd3MgUTm4ac2Plyiv.jpg&amp;id=99356&amp;image_master&amp;isr=0&amp;last_id&amp;mode=19&amp;name=%5bCOLOR%20white%5d%d7%a2%d7%95%d7%a0%d7%94%201%5b%2fCOLOR%5d&amp;original_title=The%20Letter%20for%20the%20King&amp;season=1&amp;show_original_year=2020&amp;tmdbid=373452&amp;url=https%3a%2f%2fapi.themoviedb.org%2f3%2ftv%2f99356%3fapi_key%3d34142515d9d23817496eeb4ff1d223d0%26language%3den%26append_to_response%3dexternal_ids&amp;video_data=%7b%22rating%22%3a%20%220%22%2c%20%22episode%22%3a%200%2c%20%22title%22%3a%20%22%5bCOLOR%20white%5d%5cu05e2%5cu05d5%5cu05e0%5cu05d4%201%5b%2fCOLOR%5d%22%2c%20%22season%22%3a%200%2c%20%22TVshowtitle%22%3a%20%22%22%2c%20%22mediatype%22%3a%20%22movie%22%2c%20%22plot%22%3a%20%22%5bCOLOR%20aqua%5d%20%5cu05e9%5cu05d5%5cu05d3%5cu05e8%20%5cu05d1%5cu05ea%5cu05d0%5cu05e8%5cu05d9%5cu05da%2020-03-2020%5b%2fCOLOR%5d%5cnA%20young%20boy%20holds%20the%20fate%20of%20the%20kingdom%20in%20his%20hands%20when%20he%20embarks%20on%20a%20quest%20to%20deliver%20a%20secret%20message%20in%20this%20sweeping%20fantasy%20series.%22%2c%20%22OriginalTitle%22%3a%20%22The%20Letter%20for%20the%20King%22%2c%20%22Tag%22%3a%20%2216%22%2c%20%22year%22%3a%20%222020%22%7d&quot"/>
</include>

<include content="baseepisods">
<param name="baseid" value="5"/>
<param name="labelname" value="שלטון המאפיה"/>
<param name="baseeipisod" value="503"/>
<param name="networkname" value="NETFLIX"/>
<param name="networkcolor" value="red"/>
<param name="notvisible" value="![control.hasfocus(6) | Container(35).HasFocus(2)]"/>
<param name="baseepisodcontent" value="plugin://plugin.video.mando/?all_w=%7b%7d&amp;data=2020&amp;dates=%20&amp;description=%5bCOLOR%20aqua%5d%20%d7%a9%d7%95%d7%93%d7%a8%20%d7%91%d7%aa%d7%90%d7%a8%d7%99%d7%9a%2022-07-2020%5b%2fCOLOR%5d%0aNew%20York%20City%20in%20the%201970s%20was%20ruled%20with%20a%20bloody%20fist%20by%20five%20mafia%20families%2c%20until%20a%20group%20of%20federal%20agents%20tried%20the%20unthinkable%3a%20taking%20them%20down.&amp;eng_name=%20&amp;episode=%20&amp;fanart=https%3a%2f%2fimage.tmdb.org%2ft%2fp%2foriginal%2f%2f2fLr6ndbfh5IYF0LLnRlFhb1PYV.jpg&amp;fav_status=false&amp;heb_name=%d7%a2%d7%99%d7%a8%20%d7%a9%d7%9c%20%d7%a4%d7%97%d7%93%3a%20%d7%a0%d7%99%d7%95%20%d7%99%d7%95%d7%a8%d7%a7%20%d7%a0%d7%92%d7%93%20%d7%94%d7%9e%d7%90%d7%a4%d7%99%d7%94&amp;iconimage=https%3a%2f%2fimage.tmdb.org%2ft%2fp%2foriginal%2f%2fjQntaJvCakqbGJs8ihahXV8xk9f.jpg&amp;id=105489&amp;image_master&amp;isr=0&amp;last_id&amp;mode=19&amp;name=%5bCOLOR%20white%5d%d7%a2%d7%95%d7%a0%d7%94%201%5b%2fCOLOR%5d&amp;original_title=Fear%20City%3a%20New%20York%20vs%20The%20Mafia&amp;season=1&amp;show_original_year=2020&amp;tmdbid=384510&amp;url=https%3a%2f%2fapi.themoviedb.org%2f3%2ftv%2f105489%3fapi_key%3d34142515d9d23817496eeb4ff1d223d0%26language%3den%26append_to_response%3dexternal_ids&amp;video_data=%7b%22rating%22%3a%20%220%22%2c%20%22episode%22%3a%200%2c%20%22title%22%3a%20%22%5bCOLOR%20white%5d%5cu05e2%5cu05d5%5cu05e0%5cu05d4%201%5b%2fCOLOR%5d%22%2c%20%22season%22%3a%200%2c%20%22TVshowtitle%22%3a%20%22%22%2c%20%22mediatype%22%3a%20%22movie%22%2c%20%22plot%22%3a%20%22%5bCOLOR%20aqua%5d%20%5cu05e9%5cu05d5%5cu05d3%5cu05e8%20%5cu05d1%5cu05ea%5cu05d0%5cu05e8%5cu05d9%5cu05da%2022-07-2020%5b%2fCOLOR%5d%5cnNew%20York%20City%20in%20the%201970s%20was%20ruled%20with%20a%20bloody%20fist%20by%20five%20mafia%20families%2c%20until%20a%20group%20of%20federal%20agents%20tried%20the%20unthinkable%3a%20taking%20them%20down.%22%2c%20%22OriginalTitle%22%3a%20%22Fear%20City%3a%20New%20York%20vs%20The%20Mafia%22%2c%20%22Tag%22%3a%20%2216%22%2c%20%22year%22%3a%20%222020%22%7d&quot"/>
</include>

<include content="baseepisods">
<param name="baseid" value="5"/>
<param name="labelname" value="הטינה: בראשית"/>
<param name="baseeipisod" value="504"/>
<param name="networkname" value="NETFLIX"/>
<param name="networkcolor" value="red"/>
<param name="notvisible" value="![control.hasfocus(6) | Container(35).HasFocus(2)]"/>
<param name="baseepisodcontent" value="plugin://plugin.video.shadow/?all_w=%7b%7d&amp;data=2020&amp;dates=%20&amp;description=%5bCOLOR%20aqua%5d%20Aired%20At%2003-07-2020%5b%2fCOLOR%5d%0aA%20paranormal%20researcher%20searches%20obsessively%20for%20a%20cursed%20home%20where%20something%20terrible%20happened%20to%20a%20mother%20and%20her%20child%20long%20ago.&amp;eng_name=%20&amp;episode=%20&amp;fanart=https%3a%2f%2fimage.tmdb.org%2ft%2fp%2foriginal%2f%2fjfF7ZuJbWXB5NVDEfKj1TqvnrIE.jpg&amp;fav_status=false&amp;heb_name=%d7%94%d7%98%d7%99%d7%a0%d7%94%3a%20%d7%91%d7%a8%d7%90%d7%a9%d7%99%d7%aa&amp;iconimage=https%3a%2f%2fimage.tmdb.org%2ft%2fp%2foriginal%2f%2f16scxXRoR2fKa7M9cwcIqBNBXow.jpg&amp;id=103445&amp;image_master&amp;isr=0&amp;last_id&amp;mode=19&amp;name=%5bCOLOR%20white%5dSeason%201%5b%2fCOLOR%5d&amp;original_title=Ju-On%3a%20Origins&amp;season=1&amp;show_original_year=2020&amp;tmdbid=382252&amp;url=https%3a%2f%2fapi.themoviedb.org%2f3%2ftv%2f103445%3fapi_key%3d34142515d9d23817496eeb4ff1d223d0%26language%3den%26append_to_response%3dexternal_ids&amp;video_data=%7b%22rating%22%3a%20%220%22%2c%20%22episode%22%3a%200%2c%20%22title%22%3a%20%22%5bCOLOR%20white%5dSeason%201%5b%2fCOLOR%5d%22%2c%20%22season%22%3a%200%2c%20%22TVshowtitle%22%3a%20%22%22%2c%20%22mediatype%22%3a%20%22movie%22%2c%20%22plot%22%3a%20%22%5bCOLOR%20aqua%5d%20Aired%20At%2003-07-2020%5b%2fCOLOR%5d%5cnA%20paranormal%20researcher%20searches%20obsessively%20for%20a%20cursed%20home%20where%20something%20terrible%20happened%20to%20a%20mother%20and%20her%20child%20long%20ago.%22%2c%20%22OriginalTitle%22%3a%20%22Ju-On%3a%20Origins%22%2c%20%22Tag%22%3a%20%2216%22%2c%20%22year%22%3a%20%222020%22%7d&quot"/>
</include>

<include content="baseepisods">
<param name="baseid" value="5"/>
<param name="labelname" value="המשחק האנגלי"/>
<param name="baseeipisod" value="505"/>
<param name="networkname" value="NETFLIX"/>
<param name="networkcolor" value="red"/>
<param name="notvisible" value="![control.hasfocus(6) | Container(35).HasFocus(2)]"/>
<param name="baseepisodcontent" value="plugin://plugin.video.mando/?all_w=%7b%7d&amp;data=2020&amp;dates=%20&amp;description=%5bCOLOR%20aqua%5d%20%d7%a9%d7%95%d7%93%d7%a8%20%d7%91%d7%aa%d7%90%d7%a8%d7%99%d7%9a%2020-03-2020%5b%2fCOLOR%5d%0aTwo%2019th-century%20footballers%20on%20opposite%20sides%20of%20a%20class%20divide%20navigate%20professional%20and%20personal%20turmoil%20to%20change%20the%20game%20%e2%80%94%20and%20England%20%e2%80%94%20forever.&amp;eng_name=%20&amp;episode=%20&amp;fanart=https%3a%2f%2fimage.tmdb.org%2ft%2fp%2foriginal%2f%2fgVj2cKqtI27Z37woGRm7847V8WJ.jpg&amp;fav_status=false&amp;heb_name=%d7%94%d7%9e%d7%a9%d7%97%d7%a7%20%d7%94%d7%90%d7%a0%d7%92%d7%9c%d7%99&amp;iconimage=https%3a%2f%2fimage.tmdb.org%2ft%2fp%2foriginal%2f%2fi12l5KX3c1q0UmMJ6CfNHy9yrqP.jpg&amp;id=100052&amp;image_master&amp;isr=0&amp;last_id&amp;mode=19&amp;name=%5bCOLOR%20white%5d%d7%a2%d7%95%d7%a0%d7%94%201%5b%2fCOLOR%5d&amp;original_title=The%20English%20Game&amp;season=1&amp;show_original_year=2020&amp;tmdbid=378014&amp;url=https%3a%2f%2fapi.themoviedb.org%2f3%2ftv%2f100052%3fapi_key%3d34142515d9d23817496eeb4ff1d223d0%26language%3den%26append_to_response%3dexternal_ids&amp;video_data=%7b%22rating%22%3a%20%220%22%2c%20%22episode%22%3a%200%2c%20%22title%22%3a%20%22%5bCOLOR%20white%5d%5cu05e2%5cu05d5%5cu05e0%5cu05d4%201%5b%2fCOLOR%5d%22%2c%20%22season%22%3a%200%2c%20%22TVshowtitle%22%3a%20%22%22%2c%20%22mediatype%22%3a%20%22movie%22%2c%20%22plot%22%3a%20%22%5bCOLOR%20aqua%5d%20%5cu05e9%5cu05d5%5cu05d3%5cu05e8%20%5cu05d1%5cu05ea%5cu05d0%5cu05e8%5cu05d9%5cu05da%2020-03-2020%5b%2fCOLOR%5d%5cnTwo%2019th-century%20footballers%20on%20opposite%20sides%20of%20a%20class%20divide%20navigate%20professional%20and%20personal%20turmoil%20to%20change%20the%20game%20%5cu2014%20and%20England%20%5cu2014%20forever.%22%2c%20%22OriginalTitle%22%3a%20%22The%20English%20Game%22%2c%20%22Tag%22%3a%20%2216%22%2c%20%22year%22%3a%20%222020%22%7d&quot"/>
</include>

<include content="baseepisods">
<param name="baseid" value="5"/>
<param name="labelname" value="תוססים"/>
<param name="baseeipisod" value="506"/>
<param name="networkname" value="NETFLIX"/>
<param name="networkcolor" value="red"/>
<param name="notvisible" value="![control.hasfocus(6) | Container(35).HasFocus(2)]"/>
<param name="baseepisodcontent" value="plugin://plugin.video.mando/?all_w=%7b%7d&amp;data=2020&amp;dates=%20&amp;description=%5bCOLOR%20aqua%5d%20%d7%a9%d7%95%d7%93%d7%a8%20%d7%91%d7%aa%d7%90%d7%a8%d7%99%d7%9a%2010-04-2020%5b%2fCOLOR%5d%0aTwo%20rival%20brothers%20must%20work%20together%20to%20keep%20their%20brewery%20in%20business%2c%20but%20shenanigans%20keep%20foaming%20up%20their%20company%20with%20chaos.&amp;eng_name=%20&amp;episode=%20&amp;fanart=https%3a%2f%2fimage.tmdb.org%2ft%2fp%2foriginal%2f%2fxFKGnTjWOJBLIFlVg71lWORx8Qn.jpg&amp;fav_status=false&amp;heb_name=%d7%aa%d7%95%d7%a1%d7%a1%d7%99%d7%9d&amp;iconimage=https%3a%2f%2fimage.tmdb.org%2ft%2fp%2foriginal%2f%2fkJ7dyj7iF7zMaSWxtlIqQrl2BZj.jpg&amp;id=101531&amp;image_master&amp;isr=0&amp;last_id&amp;mode=19&amp;name=%5bCOLOR%20white%5d%d7%a2%d7%95%d7%a0%d7%94%201%5b%2fCOLOR%5d&amp;original_title=Brews%20Brothers&amp;season=1&amp;show_original_year=2020&amp;tmdbid=378024&amp;url=https%3a%2f%2fapi.themoviedb.org%2f3%2ftv%2f101531%3fapi_key%3d34142515d9d23817496eeb4ff1d223d0%26language%3den%26append_to_response%3dexternal_ids&amp;video_data=%7b%22rating%22%3a%20%220%22%2c%20%22episode%22%3a%200%2c%20%22title%22%3a%20%22%5bCOLOR%20white%5d%5cu05e2%5cu05d5%5cu05e0%5cu05d4%201%5b%2fCOLOR%5d%22%2c%20%22season%22%3a%200%2c%20%22TVshowtitle%22%3a%20%22%22%2c%20%22mediatype%22%3a%20%22movie%22%2c%20%22plot%22%3a%20%22%5bCOLOR%20aqua%5d%20%5cu05e9%5cu05d5%5cu05d3%5cu05e8%20%5cu05d1%5cu05ea%5cu05d0%5cu05e8%5cu05d9%5cu05da%2010-04-2020%5b%2fCOLOR%5d%5cnTwo%20rival%20brothers%20must%20work%20together%20to%20keep%20their%20brewery%20in%20business%2c%20but%20shenanigans%20keep%20foaming%20up%20their%20company%20with%20chaos.%22%2c%20%22OriginalTitle%22%3a%20%22Brews%20Brothers%22%2c%20%22Tag%22%3a%20%2216%22%2c%20%22year%22%3a%20%222020%22%7d&quot"/>
</include>

<include content="baseepisods">
<param name="baseid" value="5"/>
<param name="labelname" value="החיפוש"/>
<param name="baseeipisod" value="507"/>
<param name="networkname" value="NETFLIX"/>
<param name="networkcolor" value="red"/>
<param name="notvisible" value="![control.hasfocus(6) | Container(35).HasFocus(2)]"/>
<param name="baseepisodcontent" value="plugin://plugin.video.mando/?all_w=%7b%7d&amp;data=2020&amp;dates=%20&amp;description=%5bCOLOR%20aqua%5d%20%d7%a9%d7%95%d7%93%d7%a8%20%d7%91%d7%aa%d7%90%d7%a8%d7%99%d7%9a%2012-06-2020%5b%2fCOLOR%5d%0aWhen%20a%20girl%20vanishes%20from%20a%20suburb%20near%20Mexico%20City%2c%20the%20personal%20goals%20of%20some%20involved%20in%20the%20case%20muddy%20the%20search.%20Based%20on%20a%20true%20story.&amp;eng_name=%20&amp;episode=%20&amp;fanart=https%3a%2f%2fimage.tmdb.org%2ft%2fp%2foriginal%2f%2fgdDzcLwFo7hCZperXRoHAPeSYm1.jpg&amp;fav_status=false&amp;heb_name=%d7%9e%d7%a7%d7%95%d7%9d%20%d7%94%d7%99%d7%9e%d7%a6%d7%90%d7%94&amp;iconimage=https%3a%2f%2fimage.tmdb.org%2ft%2fp%2foriginal%2f%2fak2WSyjcX8CJIvQrRFV80ykOu3E.jpg&amp;id=18712&amp;image_master&amp;isr=0&amp;last_id&amp;mode=19&amp;name=%5bCOLOR%20white%5d%d7%a2%d7%95%d7%a0%d7%94%201%5b%2fCOLOR%5d&amp;original_title=The%20Search&amp;season=1&amp;show_original_year=2020&amp;tmdbid=383322&amp;url=https%3a%2f%2fapi.themoviedb.org%2f3%2ftv%2f18712%3fapi_key%3d34142515d9d23817496eeb4ff1d223d0%26language%3den%26append_to_response%3dexternal_ids&amp;video_data=%7b%22rating%22%3a%20%220%22%2c%20%22episode%22%3a%200%2c%20%22title%22%3a%20%22%5bCOLOR%20white%5d%5cu05e2%5cu05d5%5cu05e0%5cu05d4%201%5b%2fCOLOR%5d%22%2c%20%22season%22%3a%200%2c%20%22TVshowtitle%22%3a%20%22%22%2c%20%22mediatype%22%3a%20%22movie%22%2c%20%22plot%22%3a%20%22%5bCOLOR%20aqua%5d%20%5cu05e9%5cu05d5%5cu05d3%5cu05e8%20%5cu05d1%5cu05ea%5cu05d0%5cu05e8%5cu05d9%5cu05da%2012-06-2020%5b%2fCOLOR%5d%5cnWhen%20a%20girl%20vanishes%20from%20a%20suburb%20near%20Mexico%20City%2c%20the%20personal%20goals%20of%20some%20involved%20in%20the%20case%20muddy%20the%20search.%20Based%20on%20a%20true%20story.%22%2c%20%22OriginalTitle%22%3a%20%22The%20Search%22%2c%20%22Tag%22%3a%20%2216%22%2c%20%22year%22%3a%20%222020%22%7d&quot"/>
</include>

<include content="baseepisods">
<param name="baseid" value="5"/>
<param name="labelname" value="אוכל רחוב"/>
<param name="baseeipisod" value="508"/>
<param name="networkname" value="NETFLIX"/>
<param name="networkcolor" value="red"/>
<param name="notvisible" value="![control.hasfocus(6) | Container(35).HasFocus(2)]"/>
<param name="baseepisodcontent" value="plugin://plugin.video.mando/?all_w=%7b%7d&amp;data=2020&amp;dates=%20&amp;description=%5bCOLOR%20aqua%5d%20%d7%a9%d7%95%d7%93%d7%a8%20%d7%91%d7%aa%d7%90%d7%a8%d7%99%d7%9a%2021-07-2020%5b%2fCOLOR%5d%0aIn%20this%20vibrant%20docuseries%2c%20Latin%20American%20chefs%20tell%20their%20stories%20and%20bring%20a%20taste%20of%20tradition%20and%20innovation%20to%20their%20delicious%20offerings.&amp;eng_name=%20&amp;episode=%20&amp;fanart=https%3a%2f%2fimage.tmdb.org%2ft%2fp%2foriginal%2f%2ff4KX1GocYhfOX9XG8bFpgcxDGAv.jpg&amp;fav_status=false&amp;heb_name=%d7%90%d7%95%d7%9b%d7%9c%20%d7%a8%d7%97%d7%95%d7%91%3a%20%d7%90%d7%9e%d7%a8%d7%99%d7%a7%d7%94%20%d7%94%d7%9c%d7%98%d7%99%d7%a0%d7%99%d7%aa&amp;iconimage=https%3a%2f%2fimage.tmdb.org%2ft%2fp%2foriginal%2f%2fzuM2AUIlFn4S2TfZ0oKKEIwcNGT.jpg&amp;id=105488&amp;image_master&amp;isr=0&amp;last_id&amp;mode=19&amp;name=%5bCOLOR%20white%5d%d7%a2%d7%95%d7%a0%d7%94%201%5b%2fCOLOR%5d&amp;original_title=Street%20Food%3a%20Latin%20America&amp;season=1&amp;show_original_year=2020&amp;tmdbid=384509&amp;url=https%3a%2f%2fapi.themoviedb.org%2f3%2ftv%2f105488%3fapi_key%3d34142515d9d23817496eeb4ff1d223d0%26language%3den%26append_to_response%3dexternal_ids&amp;video_data=%7b%22rating%22%3a%20%220%22%2c%20%22episode%22%3a%200%2c%20%22title%22%3a%20%22%5bCOLOR%20white%5d%5cu05e2%5cu05d5%5cu05e0%5cu05d4%201%5b%2fCOLOR%5d%22%2c%20%22season%22%3a%200%2c%20%22TVshowtitle%22%3a%20%22%22%2c%20%22mediatype%22%3a%20%22movie%22%2c%20%22plot%22%3a%20%22%5bCOLOR%20aqua%5d%20%5cu05e9%5cu05d5%5cu05d3%5cu05e8%20%5cu05d1%5cu05ea%5cu05d0%5cu05e8%5cu05d9%5cu05da%2021-07-2020%5b%2fCOLOR%5d%5cnIn%20this%20vibrant%20docuseries%2c%20Latin%20American%20chefs%20tell%20their%20stories%20and%20bring%20a%20taste%20of%20tradition%20and%20innovation%20to%20their%20delicious%20offerings.%22%2c%20%22OriginalTitle%22%3a%20%22Street%20Food%3a%20Latin%20America%22%2c%20%22Tag%22%3a%20%2216%22%2c%20%22year%22%3a%20%222020%22%7d&quot"/>
</include>
<include content="baseepisods">
<param name="baseid" value="5"/>
<param name="labelname" value="מסע אגדי"/>
<param name="baseeipisod" value="509"/>
<param name="networkname" value="NETFLIX"/>
<param name="networkcolor" value="red"/>
<param name="notvisible" value="![control.hasfocus(6) | Container(35).HasFocus(2)]"/>
<param name="baseepisodcontent" value="plugin://plugin.video.mando/?all_w=%7b%7d&amp;data=2020&amp;dates=%20&amp;description=%5bCOLOR%20aqua%5d%20%d7%a9%d7%95%d7%93%d7%a8%20%d7%91%d7%aa%d7%90%d7%a8%d7%99%d7%9a%2007-02-2020%5b%2fCOLOR%5d%0aMeet%20the%20team%20behind%20the%20biggest%20multiplayer%20video%20game%20of%20all%20time.%20But%20in%20a%20workplace%20focused%20on%20building%20worlds%2c%20molding%20heroes%2c%20and%20creating%20legends%2c%20the%20most%20hard-fought%20battles%20don%e2%80%99t%20occur%20in%20the%20game%e2%80%94they%20happen%20in%20the%20office.&amp;eng_name=%20&amp;episode=%20&amp;fanart=https%3a%2f%2fimage.tmdb.org%2ft%2fp%2foriginal%2f%2f3rTC68FlKeFsTZ3P0oC3S727Xqd.jpg&amp;fav_status=false&amp;heb_name=%d7%94%d7%9e%d7%a1%d7%a2%20%d7%94%d7%9e%d7%99%d7%aa%d7%95%d7%9c%d7%95%d7%92%d7%99&amp;iconimage=https%3a%2f%2fimage.tmdb.org%2ft%2fp%2foriginal%2f%2flEPXDqTntfWGWoU4E0xtxhFn2Wj.jpg&amp;id=94951&amp;image_master&amp;isr=0&amp;last_id&amp;mode=19&amp;name=%5bCOLOR%20white%5d%d7%a2%d7%95%d7%a0%d7%94%201%5b%2fCOLOR%5d&amp;original_title=Mythic%20Quest%3a%20Raven%27s%20Banquet&amp;season=1&amp;show_original_year=2020&amp;tmdbid=362829&amp;url=https%3a%2f%2fapi.themoviedb.org%2f3%2ftv%2f94951%3fapi_key%3d34142515d9d23817496eeb4ff1d223d0%26language%3den%26append_to_response%3dexternal_ids&amp;video_data=%7b%22rating%22%3a%20%220%22%2c%20%22episode%22%3a%200%2c%20%22title%22%3a%20%22%5bCOLOR%20white%5d%5cu05e2%5cu05d5%5cu05e0%5cu05d4%201%5b%2fCOLOR%5d%22%2c%20%22season%22%3a%200%2c%20%22TVshowtitle%22%3a%20%22%22%2c%20%22mediatype%22%3a%20%22movie%22%2c%20%22plot%22%3a%20%22%5bCOLOR%20aqua%5d%20%5cu05e9%5cu05d5%5cu05d3%5cu05e8%20%5cu05d1%5cu05ea%5cu05d0%5cu05e8%5cu05d9%5cu05da%2007-02-2020%5b%2fCOLOR%5d%5cnMeet%20the%20team%20behind%20the%20biggest%20multiplayer%20video%20game%20of%20all%20time.%20But%20in%20a%20workplace%20focused%20on%20building%20worlds%2c%20molding%20heroes%2c%20and%20creating%20legends%2c%20the%20most%20hard-fought%20battles%20don%5cu2019t%20occur%20in%20the%20game%5cu2014they%20happen%20in%20the%20office.%22%2c%20%22OriginalTitle%22%3a%20%22Mythic%20Quest%3a%20Raven%27s%20Banquet%22%2c%20%22Tag%22%3a%20%2216%22%2c%20%22year%22%3a%20%222020%22%7d&quot"/>
</include>

<include content="baseepisods">
<param name="baseid" value="5"/>
<param name="labelname" value="החבר הכי טוב"/>
<param name="baseeipisod" value="510"/>
<param name="networkname" value="NETFLIX"/>
<param name="networkcolor" value="red"/>
<param name="notvisible" value="![control.hasfocus(6) | Container(35).HasFocus(2)]"/>
<param name="baseepisodcontent" value="plugin://plugin.video.mando/?all_w=%7b%7d&amp;data=2020&amp;dates=%20&amp;description=%5bCOLOR%20aqua%5d%20%d7%a9%d7%95%d7%93%d7%a8%20%d7%91%d7%aa%d7%90%d7%a8%d7%99%d7%9a%2013-01-2020%5b%2fCOLOR%5d%0aNoah%2c%20an%2011-year-old%20boy%20with%20social%20anxiety%20disorder%2c%20has%20to%20start%20middle%20school%2c%20he%20turns%20to%20a%20mutt%20named%20Dude%2c%20a%20sarcastic%20emotional%20support%20dog%20who%20might%20need%20Noah%20as%20much%20as%20Noah%20needs%20him.&amp;eng_name=%20&amp;episode=%20&amp;fanart=https%3a%2f%2fimage.tmdb.org%2ft%2fp%2foriginal%2f%2f5TLHx5TcGqIAd6MPCtpOWYawcYk.jpg&amp;fav_status=false&amp;heb_name=The%20Healing%20Powers%20of%20Dude&amp;iconimage=https%3a%2f%2fimage.tmdb.org%2ft%2fp%2foriginal%2f%2foM3TaNKBnq8O8cDcuhrDUtY6pDk.jpg&amp;id=97441&amp;image_master&amp;isr=0&amp;last_id&amp;mode=19&amp;name=%5bCOLOR%20white%5d%d7%a2%d7%95%d7%a0%d7%94%201%5b%2fCOLOR%5d&amp;original_title=The%20Healing%20Powers%20of%20Dude&amp;season=1&amp;show_original_year=2020&amp;tmdbid=374360&amp;url=https%3a%2f%2fapi.themoviedb.org%2f3%2ftv%2f97441%3fapi_key%3d34142515d9d23817496eeb4ff1d223d0%26language%3den%26append_to_response%3dexternal_ids&amp;video_data=%7b%22rating%22%3a%20%220%22%2c%20%22episode%22%3a%200%2c%20%22title%22%3a%20%22%5bCOLOR%20white%5d%5cu05e2%5cu05d5%5cu05e0%5cu05d4%201%5b%2fCOLOR%5d%22%2c%20%22season%22%3a%200%2c%20%22TVshowtitle%22%3a%20%22%22%2c%20%22mediatype%22%3a%20%22movie%22%2c%20%22plot%22%3a%20%22%5bCOLOR%20aqua%5d%20%5cu05e9%5cu05d5%5cu05d3%5cu05e8%20%5cu05d1%5cu05ea%5cu05d0%5cu05e8%5cu05d9%5cu05da%2013-01-2020%5b%2fCOLOR%5d%5cnNoah%2c%20an%2011-year-old%20boy%20with%20social%20anxiety%20disorder%2c%20has%20to%20start%20middle%20school%2c%20he%20turns%20to%20a%20mutt%20named%20Dude%2c%20a%20sarcastic%20emotional%20support%20dog%20who%20might%20need%20Noah%20as%20much%20as%20Noah%20needs%20him.%22%2c%20%22OriginalTitle%22%3a%20%22The%20Healing%20Powers%20of%20Dude%22%2c%20%22Tag%22%3a%20%2216%22%2c%20%22year%22%3a%20%222020%22%7d&quot"/>
</include>

<include content="baseepisods">
<param name="baseid" value="5"/>
<param name="labelname" value="בלגרביה"/>
<param name="baseeipisod" value="540"/>
<param name="networkname" value="NETFLIX"/>
<param name="networkcolor" value="red"/>
<param name="notvisible" value="![control.hasfocus(6) | Container(35).HasFocus(2)]"/>
<param name="baseepisodcontent" value="plugin://plugin.video.mando/?all_w=%7b%7d&amp;data=2020&amp;dates=%20&amp;description=%5bCOLOR%20aqua%5d%20%d7%a9%d7%95%d7%93%d7%a8%20%d7%91%d7%aa%d7%90%d7%a8%d7%99%d7%9a%2015-03-2020%5b%2fCOLOR%5d%0aA%20tale%20of%20secrets%20and%20scandals%20set%20in%201840s%20London.%20When%20the%20Trenchards%20accept%20an%20invitation%20to%20the%20now%20legendary%20ball%20hosted%20by%20the%20Duchess%20of%20Richmond%20on%20the%20fateful%20evening%20of%20the%20Battle%20of%20Waterloo%2c%20it%20sets%20in%20motion%20a%20series%20of%20events%20that%20will%20have%20consequences%20for%20decades%20to%20come%20as%20secrets%20unravel%20behind%20the%20porticoed%20doors%20of%20London%e2%80%99s%20grandest%20postcode.&amp;eng_name=%20&amp;episode=%20&amp;fanart=https%3a%2f%2fimage.tmdb.org%2ft%2fp%2foriginal%2f%2fdtYQazSTX5VEA2gVymGOS0oL2Ik.jpg&amp;fav_status=false&amp;heb_name=%d7%91%d7%9c%d7%92%d7%a8%d7%91%d7%99%d7%94&amp;iconimage=https%3a%2f%2fimage.tmdb.org%2ft%2fp%2foriginal%2f%2f3lFhwdA0A2ZVBkcL2MqYozSgbFa.jpg&amp;id=85862&amp;image_master&amp;isr=0&amp;last_id&amp;mode=19&amp;name=%5bCOLOR%20white%5d%d7%a2%d7%95%d7%a0%d7%94%201%5b%2fCOLOR%5d&amp;original_title=Belgravia&amp;season=1&amp;show_original_year=2020&amp;tmdbid=362204&amp;url=https%3a%2f%2fapi.themoviedb.org%2f3%2ftv%2f85862%3fapi_key%3d34142515d9d23817496eeb4ff1d223d0%26language%3den%26append_to_response%3dexternal_ids&amp;video_data=%7b%22rating%22%3a%20%220%22%2c%20%22episode%22%3a%200%2c%20%22title%22%3a%20%22%5bCOLOR%20white%5d%5cu05e2%5cu05d5%5cu05e0%5cu05d4%201%5b%2fCOLOR%5d%22%2c%20%22season%22%3a%200%2c%20%22TVshowtitle%22%3a%20%22%22%2c%20%22mediatype%22%3a%20%22movie%22%2c%20%22plot%22%3a%20%22%5bCOLOR%20aqua%5d%20%5cu05e9%5cu05d5%5cu05d3%5cu05e8%20%5cu05d1%5cu05ea%5cu05d0%5cu05e8%5cu05d9%5cu05da%2015-03-2020%5b%2fCOLOR%5d%5cnA%20tale%20of%20secrets%20and%20scandals%20set%20in%201840s%20London.%20When%20the%20Trenchards%20accept%20an%20invitation%20to%20the%20now%20legendary%20ball%20hosted%20by%20the%20Duchess%20of%20Richmond%20on%20the%20fateful%20evening%20of%20the%20Battle%20of%20Waterloo%2c%20it%20sets%20in%20motion%20a%20series%20of%20events%20that%20will%20have%20consequences%20for%20decades%20to%20come%20as%20secrets%20unravel%20behind%20the%20porticoed%20doors%20of%20London%5cu2019s%20grandest%20postcode.%22%2c%20%22OriginalTitle%22%3a%20%22Belgravia%22%2c%20%22Tag%22%3a%20%2216%22%2c%20%22year%22%3a%20%222020%22%7d&quot"/>
</include>

<include content="baseepisods">
<param name="baseid" value="5"/>
<param name="labelname" value="סוד חוות העבמים"/>
<param name="baseeipisod" value="511"/>
<param name="networkname" value="NETFLIX"/>
<param name="networkcolor" value="red"/>
<param name="notvisible" value="![control.hasfocus(6) | Container(35).HasFocus(2)]"/>
<param name="baseepisodcontent" value="plugin://plugin.video.mando/?all_w=%7b%7d&amp;data=2020&amp;dates=%20&amp;description=%5bCOLOR%20aqua%5d%20%d7%a9%d7%95%d7%93%d7%a8%20%d7%91%d7%aa%d7%90%d7%a8%d7%99%d7%9a%2031-03-2020%5b%2fCOLOR%5d%0aA%20scientific%20look%20at%20the%20mystery%20ranch&amp;eng_name=%20&amp;episode=%20&amp;fanart=https%3a%2f%2fimage.tmdb.org%2ft%2fp%2foriginal%2f%2ffsoRmVZzmc5ROpArz6ekBOmFYDG.jpg&amp;fav_status=false&amp;heb_name=The%20Secret%20of%20Skinwalker%20Ranch&amp;iconimage=https%3a%2f%2fimage.tmdb.org%2ft%2fp%2foriginal%2f%2fuG5qIdxLuvzSXV6x60j2y2Mfsl2.jpg&amp;id=101359&amp;image_master&amp;isr=0&amp;last_id&amp;mode=19&amp;name=%5bCOLOR%20white%5d%d7%a2%d7%95%d7%a0%d7%94%201%5b%2fCOLOR%5d&amp;original_title=The%20Secret%20of%20Skinwalker%20Ranch&amp;season=1&amp;show_original_year=2020&amp;tmdbid=378178&amp;url=https%3a%2f%2fapi.themoviedb.org%2f3%2ftv%2f101359%3fapi_key%3d34142515d9d23817496eeb4ff1d223d0%26language%3den%26append_to_response%3dexternal_ids&amp;video_data=%7b%22rating%22%3a%20%220%22%2c%20%22episode%22%3a%200%2c%20%22title%22%3a%20%22%5bCOLOR%20white%5d%5cu05e2%5cu05d5%5cu05e0%5cu05d4%201%5b%2fCOLOR%5d%22%2c%20%22season%22%3a%200%2c%20%22TVshowtitle%22%3a%20%22%22%2c%20%22mediatype%22%3a%20%22movie%22%2c%20%22plot%22%3a%20%22%5bCOLOR%20aqua%5d%20%5cu05e9%5cu05d5%5cu05d3%5cu05e8%20%5cu05d1%5cu05ea%5cu05d0%5cu05e8%5cu05d9%5cu05da%2031-03-2020%5b%2fCOLOR%5d%5cnA%20scientific%20look%20at%20the%20mystery%20ranch%22%2c%20%22OriginalTitle%22%3a%20%22The%20Secret%20of%20Skinwalker%20Ranch%22%2c%20%22Tag%22%3a%20%2216%22%2c%20%22year%22%3a%20%222020%22%7d&quot"/>
</include>

<include content="baseepisods">
<param name="baseid" value="5"/>
<param name="labelname" value="הוליווד"/>
<param name="baseeipisod" value="541"/>
<param name="networkname" value="NETFLIX"/>
<param name="networkcolor" value="red"/>
<param name="notvisible" value="![control.hasfocus(6) | Container(35).HasFocus(2)]"/>
<param name="baseepisodcontent" value="plugin://plugin.video.mando/?all_w=%7b%7d&amp;data=2020&amp;dates=%20&amp;description=%5bCOLOR%20aqua%5d%20%d7%a9%d7%95%d7%93%d7%a8%20%d7%91%d7%aa%d7%90%d7%a8%d7%99%d7%9a%2001-05-2020%5b%2fCOLOR%5d%0aA%20group%20of%20aspiring%20actors%20and%20filmmakers%20in%20post-World%20War%20II%20Hollywood%20try%20to%20make%20it%20big%20%e2%80%94%20no%20matter%20the%20cost.&amp;eng_name=%20&amp;episode=%20&amp;fanart=https%3a%2f%2fimage.tmdb.org%2ft%2fp%2foriginal%2f%2f5QEzscZSI9CXCb7NAU9GsFM1n7X.jpg&amp;fav_status=false&amp;heb_name=%d7%94%d7%95%d7%9c%d7%99%d7%95%d7%95%d7%93&amp;iconimage=https%3a%2f%2fimage.tmdb.org%2ft%2fp%2foriginal%2f%2f8AvVBcuCpESqdQicuX7s4WOGo1V.jpg&amp;id=87050&amp;image_master&amp;isr=0&amp;last_id&amp;mode=19&amp;name=%5bCOLOR%20white%5d%d7%a2%d7%95%d7%a0%d7%94%201%5b%2fCOLOR%5d&amp;original_title=Hollywood&amp;season=1&amp;show_original_year=2020&amp;tmdbid=375503&amp;url=https%3a%2f%2fapi.themoviedb.org%2f3%2ftv%2f87050%3fapi_key%3d34142515d9d23817496eeb4ff1d223d0%26language%3den%26append_to_response%3dexternal_ids&amp;video_data=%7b%22rating%22%3a%20%220%22%2c%20%22episode%22%3a%200%2c%20%22title%22%3a%20%22%5bCOLOR%20white%5d%5cu05e2%5cu05d5%5cu05e0%5cu05d4%201%5b%2fCOLOR%5d%22%2c%20%22season%22%3a%200%2c%20%22TVshowtitle%22%3a%20%22%22%2c%20%22mediatype%22%3a%20%22movie%22%2c%20%22plot%22%3a%20%22%5bCOLOR%20aqua%5d%20%5cu05e9%5cu05d5%5cu05d3%5cu05e8%20%5cu05d1%5cu05ea%5cu05d0%5cu05e8%5cu05d9%5cu05da%2001-05-2020%5b%2fCOLOR%5d%5cnA%20group%20of%20aspiring%20actors%20and%20filmmakers%20in%20post-World%20War%20II%20Hollywood%20try%20to%20make%20it%20big%20%5cu2014%20no%20matter%20the%20cost.%22%2c%20%22OriginalTitle%22%3a%20%22Hollywood%22%2c%20%22Tag%22%3a%20%2216%22%2c%20%22year%22%3a%20%222020%22%7d&quot"/>
</include>

<include content="baseepisods">
<param name="baseid" value="5"/>
<param name="labelname" value="הנשיא"/>
<param name="baseeipisod" value="542"/>
<param name="networkname" value="NETFLIX"/>
<param name="networkcolor" value="red"/>
<param name="notvisible" value="![control.hasfocus(6) | Container(35).HasFocus(2)]"/>
<param name="baseepisodcontent" value="plugin://plugin.video.mando/?all_w=%7b%7d&amp;data=2020&amp;dates=%20&amp;description=%5bCOLOR%20aqua%5d%20%d7%a9%d7%95%d7%93%d7%a8%20%d7%91%d7%aa%d7%90%d7%a8%d7%99%d7%9a%2005-06-2020%5b%2fCOLOR%5d%0aThe%20head%20of%20a%20small%20Chilean%20football%20club%20becomes%20a%20key%20player%20in%20the%202015%20FIFA%20corruption%20scandal.&amp;eng_name=%20&amp;episode=%20&amp;fanart=https%3a%2f%2fimage.tmdb.org%2ft%2fp%2foriginal%2f%2f81w1zfORrbUqqtm7vGos67EvBxu.jpg&amp;fav_status=false&amp;heb_name=%d7%94%d7%a0%d7%a9%d7%99%d7%90&amp;iconimage=https%3a%2f%2fimage.tmdb.org%2ft%2fp%2foriginal%2f%2fpPxCSeNaglRrKTRi3XxQCNn8vTY.jpg&amp;id=101881&amp;image_master&amp;isr=0&amp;last_id&amp;mode=19&amp;name=%5bCOLOR%20white%5d%d7%a2%d7%95%d7%a0%d7%94%201%5b%2fCOLOR%5d&amp;original_title=El%20Presidente&amp;season=1&amp;show_original_year=2020&amp;tmdbid=377409&amp;url=https%3a%2f%2fapi.themoviedb.org%2f3%2ftv%2f101881%3fapi_key%3d34142515d9d23817496eeb4ff1d223d0%26language%3den%26append_to_response%3dexternal_ids&amp;video_data=%7b%22rating%22%3a%20%220%22%2c%20%22episode%22%3a%200%2c%20%22title%22%3a%20%22%5bCOLOR%20white%5d%5cu05e2%5cu05d5%5cu05e0%5cu05d4%201%5b%2fCOLOR%5d%22%2c%20%22season%22%3a%200%2c%20%22TVshowtitle%22%3a%20%22%22%2c%20%22mediatype%22%3a%20%22movie%22%2c%20%22plot%22%3a%20%22%5bCOLOR%20aqua%5d%20%5cu05e9%5cu05d5%5cu05d3%5cu05e8%20%5cu05d1%5cu05ea%5cu05d0%5cu05e8%5cu05d9%5cu05da%2005-06-2020%5b%2fCOLOR%5d%5cnThe%20head%20of%20a%20small%20Chilean%20football%20club%20becomes%20a%20key%20player%20in%20the%202015%20FIFA%20corruption%20scandal.%22%2c%20%22OriginalTitle%22%3a%20%22El%20Presidente%22%2c%20%22Tag%22%3a%20%2216%22%2c%20%22year%22%3a%20%222020%22%7d&quot"/>
</include>

<include content="baseepisods">
<param name="baseid" value="5"/>
<param name="labelname" value="הקנוניה נגד אמריקה"/>
<param name="baseeipisod" value="543"/>
<param name="networkname" value="NETFLIX"/>
<param name="networkcolor" value="red"/>
<param name="notvisible" value="![control.hasfocus(6) | Container(35).HasFocus(2)]"/>
<param name="baseepisodcontent" value="plugin://plugin.video.mando/?all_w=%7b%7d&amp;data=2020&amp;dates=%20&amp;description=%5bCOLOR%20aqua%5d%20%d7%a9%d7%95%d7%93%d7%a8%20%d7%91%d7%aa%d7%90%d7%a8%d7%99%d7%9a%2016-03-2020%5b%2fCOLOR%5d%0aAn%20alternate%20American%20history%20told%20through%20the%20eyes%20of%20a%20working-class%20Jewish%20family%20in%20New%20Jersey%2c%20as%20they%20watch%20the%20political%20rise%20of%20Charles%20Lindbergh%2c%20an%20aviator-hero%20and%20xenophobic%20populist%2c%20who%20becomes%20president%20and%20turns%20the%20nation%20toward%20fascism.&amp;eng_name=%20&amp;episode=%20&amp;fanart=https%3a%2f%2fimage.tmdb.org%2ft%2fp%2foriginal%2f%2fokkxwAgl2DVUfpTc5sqT26A4g7O.jpg&amp;fav_status=false&amp;heb_name=%d7%94%d7%a7%d7%a0%d7%95%d7%a0%d7%99%d7%94%20%d7%a0%d7%92%d7%93%20%d7%90%d7%9e%d7%a8%d7%99%d7%a7%d7%94&amp;iconimage=https%3a%2f%2fimage.tmdb.org%2ft%2fp%2foriginal%2f%2frC5GUHvKxlk3WPyCh4mQ5q6HDxG.jpg&amp;id=83870&amp;image_master&amp;isr=0&amp;last_id&amp;mode=19&amp;name=%5bCOLOR%20white%5d%d7%a2%d7%95%d7%a0%d7%94%201%5b%2fCOLOR%5d&amp;original_title=The%20Plot%20Against%20America&amp;season=1&amp;show_original_year=2020&amp;tmdbid=367559&amp;url=https%3a%2f%2fapi.themoviedb.org%2f3%2ftv%2f83870%3fapi_key%3d34142515d9d23817496eeb4ff1d223d0%26language%3den%26append_to_response%3dexternal_ids&amp;video_data=%7b%22rating%22%3a%20%220%22%2c%20%22episode%22%3a%200%2c%20%22title%22%3a%20%22%5bCOLOR%20white%5d%5cu05e2%5cu05d5%5cu05e0%5cu05d4%201%5b%2fCOLOR%5d%22%2c%20%22season%22%3a%200%2c%20%22TVshowtitle%22%3a%20%22%22%2c%20%22mediatype%22%3a%20%22movie%22%2c%20%22plot%22%3a%20%22%5bCOLOR%20aqua%5d%20%5cu05e9%5cu05d5%5cu05d3%5cu05e8%20%5cu05d1%5cu05ea%5cu05d0%5cu05e8%5cu05d9%5cu05da%2016-03-2020%5b%2fCOLOR%5d%5cnAn%20alternate%20American%20history%20told%20through%20the%20eyes%20of%20a%20working-class%20Jewish%20family%20in%20New%20Jersey%2c%20as%20they%20watch%20the%20political%20rise%20of%20Charles%20Lindbergh%2c%20an%20aviator-hero%20and%20xenophobic%20populist%2c%20who%20becomes%20president%20and%20turns%20the%20nation%20toward%20fascism.%22%2c%20%22OriginalTitle%22%3a%20%22The%20Plot%20Against%20America%22%2c%20%22Tag%22%3a%20%2216%22%2c%20%22year%22%3a%20%222020%22%7d&quot"/>
</include>


<!--tvshow1-->
<include content="baseepisods">
<param name="baseid" value="6"/>
<param name="labelname" value="אהבה על הרצף"/>
<param name="baseeipisod" value="800"/>
<param name="networkname" value="Unknown"/>
<param name="networkcolor" value="red"/>
<param name="notvisible" value="![control.hasfocus(5) | Container(35).HasFocus(1)]"/>
<param name="baseepisodcontent" value="plugin://plugin.video.mando/?all_w=%7b%7d&amp;data=2019&amp;dates=%20&amp;description=%5bCOLOR%20aqua%5d%20%d7%a9%d7%95%d7%93%d7%a8%20%d7%91%d7%aa%d7%90%d7%a8%d7%99%d7%9a%2019-11-2019%5b%2fCOLOR%5d%0aSeven%20singles%20take%20their%20first%20steps%20into%20the%20world%20of%20dating%3b%20this%20uplifting%20four-part%20documentary%20follows%20young%20adults%20on%20the%20autism%20spectrum%20as%20they%20explore%20the%20unpredictable%20world%20of%20love%20and%20relationships.&amp;eng_name=%20&amp;episode=%20&amp;fanart=https%3a%2f%2fimage.tmdb.org%2ft%2fp%2foriginal%2f%2f4ZQBTq0WghXYgsJO6vKtKNw5aBU.jpg&amp;fav_status=false&amp;heb_name=%d7%90%d7%94%d7%91%d7%94%20%d7%a2%d7%9c%20%d7%94%d7%a8%d7%a6%d7%a3&amp;iconimage=https%3a%2f%2fimage.tmdb.org%2ft%2fp%2foriginal%2f%2fzMsuBnjsKDMUrAZ0Ey6Ux3bVtn7.jpg&amp;id=95730&amp;image_master&amp;isr=0&amp;last_id&amp;mode=19&amp;name=%5bCOLOR%20white%5d%d7%a2%d7%95%d7%a0%d7%94%201%5b%2fCOLOR%5d&amp;original_title=Love%20on%20the%20Spectrum&amp;season=1&amp;show_original_year=2019&amp;tmdbid=372611&amp;url=https%3a%2f%2fapi.themoviedb.org%2f3%2ftv%2f95730%3fapi_key%3d34142515d9d23817496eeb4ff1d223d0%26language%3den%26append_to_response%3dexternal_ids&amp;video_data=%7b%22rating%22%3a%20%220%22%2c%20%22episode%22%3a%200%2c%20%22title%22%3a%20%22%5bCOLOR%20white%5d%5cu05e2%5cu05d5%5cu05e0%5cu05d4%201%5b%2fCOLOR%5d%22%2c%20%22season%22%3a%200%2c%20%22TVshowtitle%22%3a%20%22%22%2c%20%22mediatype%22%3a%20%22movie%22%2c%20%22plot%22%3a%20%22%5bCOLOR%20aqua%5d%20%5cu05e9%5cu05d5%5cu05d3%5cu05e8%20%5cu05d1%5cu05ea%5cu05d0%5cu05e8%5cu05d9%5cu05da%2019-11-2019%5b%2fCOLOR%5d%5cnSeven%20singles%20take%20their%20first%20steps%20into%20the%20world%20of%20dating%3b%20this%20uplifting%20four-part%20documentary%20follows%20young%20adults%20on%20the%20autism%20spectrum%20as%20they%20explore%20the%20unpredictable%20world%20of%20love%20and%20relationships.%22%2c%20%22OriginalTitle%22%3a%20%22Love%20on%20the%20Spectrum%22%2c%20%22Tag%22%3a%20%2216%22%2c%20%22year%22%3a%20%222019%22%7d&quot"/>
</include>
<include content="baseepisods">
<param name="baseid" value="6"/>
<param name="labelname" value="מניפסט"/>
<param name="baseeipisod" value="801"/>
<param name="networkname" value="Unknown"/>
<param name="networkcolor" value="red"/>
<param name="notvisible" value="![control.hasfocus(5) | Container(35).HasFocus(1)]"/>
<param name="baseepisodcontent" value="plugin://plugin.video.mando/?all_w=%7b%7d&amp;data=2020&amp;dates=%20&amp;description=%5bCOLOR%20aqua%5d%20%d7%a9%d7%95%d7%93%d7%a8%20%d7%91%d7%aa%d7%90%d7%a8%d7%99%d7%9a%2006-01-2020%5b%2fCOLOR%5d%0aAfter%20landing%20from%20a%20turbulent%20but%20routine%20flight%2c%20the%20crew%20and%20passengers%20of%20Montego%20Air%20Flight%20828%20discover%20five%20years%20have%20passed%20in%20what%20seemed%20like%20a%20few%20hours.%20As%20their%20new%20realities%20become%20clear%2c%20a%20deeper%20mystery%20unfolds%20and%20some%20of%20the%20returned%20passengers%20soon%20realize%20they%20may%20be%20meant%20for%20something%20greater%20than%20they%20ever%20thought%20possible.&amp;eng_name=%20&amp;episode=%20&amp;fanart=https%3a%2f%2fimage.tmdb.org%2ft%2fp%2foriginal%2f%2f3ib0uov9Qq9JtTIEGL39irTa3vZ.jpg&amp;fav_status=false&amp;heb_name=%d7%9e%d7%a0%d7%99%d7%a4%d7%a1%d7%98&amp;iconimage=https%3a%2f%2fimage.tmdb.org%2ft%2fp%2foriginal%2f%2f1xeiUxShzNn8TNdMqy3Hvo9o2R.jpg&amp;id=79696&amp;image_master&amp;isr=0&amp;last_id&amp;mode=19&amp;name=%5bCOLOR%20white%5d%d7%a2%d7%95%d7%a0%d7%94%202%5b%2fCOLOR%5d&amp;original_title=Manifest&amp;season=2&amp;show_original_year=2018&amp;tmdbid=349271&amp;url=https%3a%2f%2fapi.themoviedb.org%2f3%2ftv%2f79696%3fapi_key%3d34142515d9d23817496eeb4ff1d223d0%26language%3den%26append_to_response%3dexternal_ids&amp;video_data=%7b%22rating%22%3a%20%220%22%2c%20%22episode%22%3a%200%2c%20%22title%22%3a%20%22%5bCOLOR%20white%5d%5cu05e2%5cu05d5%5cu05e0%5cu05d4%202%5b%2fCOLOR%5d%22%2c%20%22season%22%3a%200%2c%20%22TVshowtitle%22%3a%20%22%22%2c%20%22mediatype%22%3a%20%22movie%22%2c%20%22plot%22%3a%20%22%5bCOLOR%20aqua%5d%20%5cu05e9%5cu05d5%5cu05d3%5cu05e8%20%5cu05d1%5cu05ea%5cu05d0%5cu05e8%5cu05d9%5cu05da%2006-01-2020%5b%2fCOLOR%5d%5cnAfter%20landing%20from%20a%20turbulent%20but%20routine%20flight%2c%20the%20crew%20and%20passengers%20of%20Montego%20Air%20Flight%20828%20discover%20five%20years%20have%20passed%20in%20what%20seemed%20like%20a%20few%20hours.%20As%20their%20new%20realities%20become%20clear%2c%20a%20deeper%20mystery%20unfolds%20and%20some%20of%20the%20returned%20passengers%20soon%20realize%20they%20may%20be%20meant%20for%20something%20greater%20than%20they%20ever%20thought%20possible.%22%2c%20%22OriginalTitle%22%3a%20%22Manifest%22%2c%20%22Tag%22%3a%20%2216%22%2c%20%22year%22%3a%20%222020%22%7d&quot"/>
</include>
<include content="baseepisods">
<param name="baseid" value="6"/>
<param name="labelname" value="המועדון"/>
<param name="baseeipisod" value="802"/>
<param name="networkname" value="NETFLIX"/>
<param name="networkcolor" value="red"/>
<param name="notvisible" value="![control.hasfocus(5) | Container(35).HasFocus(1)]"/>
<param name="baseepisodcontent" value="plugin://plugin.video.mando/?all_w=%7b%7d&amp;data=2019&amp;dates=%20&amp;description=%5bCOLOR%20aqua%5d%20%d7%a9%d7%95%d7%93%d7%a8%20%d7%91%d7%aa%d7%90%d7%a8%d7%99%d7%9a%2015-11-2019%5b%2fCOLOR%5d%0aDealing%20with%20the%20pressure%20of%20his%20father%20and%20his%20need%20to%20be%20someone%2c%20Pablo%20decides%20to%20start%20a%20new%20shady%2c%20tricky%20business%20that%20will%20lead%20him%20to%20some%20happy%20but%20tragic%20experiences.&amp;eng_name=%20&amp;episode=%20&amp;fanart=https%3a%2f%2fimage.tmdb.org%2ft%2fp%2foriginal%2f%2fnSewRKBe2cfk0Kq9qwWBzowewLK.jpg&amp;fav_status=false&amp;heb_name=El%20Club&amp;iconimage=https%3a%2f%2fimage.tmdb.org%2ft%2fp%2foriginal%2f%2fcvOmssogn57mMmvl4snvqmKyFdt.jpg&amp;id=95467&amp;image_master&amp;isr=0&amp;last_id&amp;mode=19&amp;name=%5bCOLOR%20white%5d%d7%a2%d7%95%d7%a0%d7%94%201%5b%2fCOLOR%5d&amp;original_title=The%20Club&amp;season=1&amp;show_original_year=2019&amp;tmdbid=371822&amp;url=https%3a%2f%2fapi.themoviedb.org%2f3%2ftv%2f95467%3fapi_key%3d34142515d9d23817496eeb4ff1d223d0%26language%3den%26append_to_response%3dexternal_ids&amp;video_data=%7b%22rating%22%3a%20%220%22%2c%20%22episode%22%3a%200%2c%20%22title%22%3a%20%22%5bCOLOR%20white%5d%5cu05e2%5cu05d5%5cu05e0%5cu05d4%201%5b%2fCOLOR%5d%22%2c%20%22season%22%3a%200%2c%20%22TVshowtitle%22%3a%20%22%22%2c%20%22mediatype%22%3a%20%22movie%22%2c%20%22plot%22%3a%20%22%5bCOLOR%20aqua%5d%20%5cu05e9%5cu05d5%5cu05d3%5cu05e8%20%5cu05d1%5cu05ea%5cu05d0%5cu05e8%5cu05d9%5cu05da%2015-11-2019%5b%2fCOLOR%5d%5cnDealing%20with%20the%20pressure%20of%20his%20father%20and%20his%20need%20to%20be%20someone%2c%20Pablo%20decides%20to%20start%20a%20new%20shady%2c%20tricky%20business%20that%20will%20lead%20him%20to%20some%20happy%20but%20tragic%20experiences.%22%2c%20%22OriginalTitle%22%3a%20%22The%20Club%22%2c%20%22Tag%22%3a%20%2216%22%2c%20%22year%22%3a%20%222019%22%7d&quot"/>
</include>
<include content="baseepisods">
<param name="baseid" value="6"/>
<param name="labelname" value="פתאום אבא"/>
<param name="baseeipisod" value="803"/>
<param name="networkname" value="NETFLIX"/>
<param name="networkcolor" value="red"/>
<param name="notvisible" value="![control.hasfocus(5) | Container(35).HasFocus(1)]"/>
<param name="baseepisodcontent" value="plugin://plugin.video.mando/?all_w=%7b%7d&amp;data=2019&amp;dates=%20&amp;description=%5bCOLOR%20aqua%5d%20%d7%a9%d7%95%d7%93%d7%a8%20%d7%91%d7%aa%d7%90%d7%a8%d7%99%d7%9a%2028-10-2019%5b%2fCOLOR%5d%0aThe%20life%20of%20a%20single%2c%20carefree%20man%20suddenly%20changes%20when%20he%20has%20to%20take%20care%20of%20three%20nieces.&amp;eng_name=%20&amp;episode=%20&amp;fanart=https%3a%2f%2fimage.tmdb.org%2ft%2fp%2foriginal%2f%2fr7EHEyfOX875NNFWYhLUHltoDQ8.jpg&amp;fav_status=false&amp;heb_name=Soltero%20con%20hijas&amp;iconimage=https%3a%2f%2fimage.tmdb.org%2ft%2fp%2foriginal%2f%2fk6OK41OFAE8gzj6TvAeq0gmKhVw.jpg&amp;id=95160&amp;image_master&amp;isr=0&amp;last_id&amp;mode=19&amp;name=%5bCOLOR%20white%5d%d7%a2%d7%95%d7%a0%d7%94%201%5b%2fCOLOR%5d&amp;original_title=Soltero%20con%20hijas&amp;season=1&amp;show_original_year=2019&amp;tmdbid=371337&amp;url=https%3a%2f%2fapi.themoviedb.org%2f3%2ftv%2f95160%3fapi_key%3d34142515d9d23817496eeb4ff1d223d0%26language%3den%26append_to_response%3dexternal_ids&amp;video_data=%7b%22rating%22%3a%20%220%22%2c%20%22episode%22%3a%200%2c%20%22title%22%3a%20%22%5bCOLOR%20white%5d%5cu05e2%5cu05d5%5cu05e0%5cu05d4%201%5b%2fCOLOR%5d%22%2c%20%22season%22%3a%200%2c%20%22TVshowtitle%22%3a%20%22%22%2c%20%22mediatype%22%3a%20%22movie%22%2c%20%22plot%22%3a%20%22%5bCOLOR%20aqua%5d%20%5cu05e9%5cu05d5%5cu05d3%5cu05e8%20%5cu05d1%5cu05ea%5cu05d0%5cu05e8%5cu05d9%5cu05da%2028-10-2019%5b%2fCOLOR%5d%5cnThe%20life%20of%20a%20single%2c%20carefree%20man%20suddenly%20changes%20when%20he%20has%20to%20take%20care%20of%20three%20nieces.%22%2c%20%22OriginalTitle%22%3a%20%22Soltero%20con%20hijas%22%2c%20%22Tag%22%3a%20%2216%22%2c%20%22year%22%3a%20%222019%22%7d&quot"/>
</include>
</control>


<control type="group">
<control type="multiimage">
<posx>1635</posx>
<posy>850</posy>
<width>280</width>
<height>150</height>
<imagepath>https://i.imgur.com/C7KDiR8.png</imagepath>
</control>
</control>
<control type="list" id="35">
<posx>1600</posx>
<posy>800</posy>
<width>550</width>
<height>650</height>
<onright condition="Container(35).HasFocus(1)">Control.SetFocus(5)</onright>
<onright condition="Container(35).HasFocus(2)">Control.SetFocus(6)</onright>
<onleft condition="Container(35).HasFocus(1)">Control.SetFocus(5)</onleft>
<onleft condition="Container(35).HasFocus(2)">Control.SetFocus(6)</onleft>
<orientation>vertical</orientation>
<itemlayout width="150" height="340">
<control type="label">
<posx>180</posx>
<posy>100</posy>
<width>200</width>
<height>40</height>
<align>center</align>
<textcolor>white</textcolor>
<label>$INFO[ListItem.Label]</label>
</control>
<control type="label">
<posx>120</posx>
<posy>150</posy>
<width>200</width>
<height>40</height>
<align>center</align>
<textcolor>white</textcolor>
<label>$INFO[ListItem.Label2]</label>
</control>
</itemlayout>
<focusedlayout width="150" height="340">
<control type="label">
<animation condition="Control.HasFocus(35)" effect="fade" start="0" end="100" time="1100">Conditional</animation>
<posx>180</posx>
<posy>100</posy>
<width>150</width>
<height>40</height>
<align>center</align>
<textcolor>white</textcolor>
<label>[B]$INFO[ListItem.Label][/B]</label>
</control>
<control type="label">
<visible>!control.hasfocus(35)</visible>
<posx>120</posx>
<posy>150</posy>
<width>200</width>
<height>40</height>
<align>center</align>
<textcolor>white</textcolor>
<label>$INFO[ListItem.Label2]</label>
</control>
<control type="label">

<visible>control.hasfocus(35)</visible>
<posx>120</posx>
<posy>150</posy>
<width>200</width>
<height>40</height>
<align>center</align>
<textcolor>cyan</textcolor>
<label>$INFO[ListItem.Label2]</label>
</control>
</focusedlayout>
<content>
<item id="1">
<label>-1-</label>
<label2>סדרות</label2>
<onclick>Control.SetFocus(5)</onclick>
</item>

<item id="2">
<label>-2-</label>
<label2>סדרות</label2>
<onclick>Control.SetFocus(6)</onclick>
</item>
</content>
</control>

</controls>
</window>
