<?xml version="1.0" encoding="UTF-8"?>
<!-- Foundation -->
<window id="6862" type="dialog">
    <defaultcontrol always="true">35</defaultcontrol>


<controls>

<control type="group">
<animation type="WindowOpen">
<effect type="slide" start="0,0" end="0,-1000" time="350" tween="sine" easing="inout"/>
</animation>
<posy>1730</posy>
<control type="image">
<posx>0</posx>
<posy>0</posy>
<width>1920</width>
<height>350</height>
<texture>black.png</texture>
<colordiffuse>77000000</colordiffuse>
</control>
<control type="image">
<posx>350</posx>
<posy>0</posy>
<width>1000</width>
<height>350</height>
<texture>black.png</texture>
</control>
<control type="image">
<posx>1740</posx>
<posy>0</posy>
<width>220</width>
<height>450</height>
<texture>black.png</texture>
</control>
<control type="group">
<posy>140</posy>
<control type="image">
<posx>1350</posx>
<posy>0</posy>
<width>65</width>
<height>65</height>
<aspectratio>keep</aspectratio>
<texture colordiffuse="deepskyblue">special://skin/extras/arrows/arrow-25-xxl.png</texture>
</control>
<control type="image">
<posx>280</posx>
<posy>0</posy>
<width>65</width>
<height>65</height>
<aspectratio>keep</aspectratio>
<texture flipx="true" colordiffuse="deepskyblue">special://skin/extras/arrows/arrow-25-xxl.png</texture>
</control>
</control>
<control type="image">
<posx>1820</posx>
<posy>0</posy>
<width>65</width>
<height>65</height>
<aspectratio>keep</aspectratio>
<texture colordiffuse="deepskyblue">special://skin/extras/arrows/arrowup.png</texture>
</control>
<control type="image">
<posx>1820</posx>
<posy>300</posy>
<width>65</width>
<height>65</height>
<aspectratio>keep</aspectratio>
<texture colordiffuse="deepskyblue">special://skin/extras/arrows/arrowdown.png</texture>
</control>
</control>

<control type="image">
<posx>1770</posx>
<posy>820</posy>
<width>150</width>
<height>40</height>
<texture>special://skin/extras/test/Ghost.jpg</texture>
</control>

<control type="group">
<posy>50</posy>
<include content="newtvshows">
<param name="baseid" value="5"/>
<param name="listid" value="35"/>
<param name="listidfocus" value="1"/>
<param name="basecontent" value="plugin://plugin.audio.My.Music/?cat_level=%20&amp;count=0&amp;description=%20&amp;fanart&amp;iconimage&amp;index_depth=0&amp;lang=eng&amp;mode=5&amp;name=tvshowyesgo-horror&amp;page&amp;selected_list=%20&amp;url=%d7%a1%d7%93%d7%a8%d7%95%d7%aatvshow-yesgotvshowyesgo-horror&quot"/>
</include>


<include content="baseepisods">
<param name="baseid" value="5"/>
<param name="labelname" value="אימת המתים המהלכים"/>
<param name="baseeipisod" value="500"/>
<param name="networkname" value="אימה"/>
<param name="networkcolor" value="green"/>
<param name="notvisible" value="![control.hasfocus(6) | Container(35).HasFocus(2)]"/>
<param name="baseepisodcontent" value="plugin://plugin.video.mando/?all_w=%7b%7d&amp;data=2019&amp;dates=%20&amp;description=%5bCOLOR%20aqua%5d%20%d7%a9%d7%95%d7%93%d7%a8%20%d7%91%d7%aa%d7%90%d7%a8%d7%99%d7%9a%2002-06-2019%5b%2fCOLOR%5d%0aWhat%20did%20the%20world%20look%20like%20as%20it%20was%20transforming%20into%20the%20horrifying%20apocalypse%20depicted%20in%20%22The%20Walking%20Dead%22%3f%20This%20spin-off%20set%20in%20Los%20Angeles%2c%20following%20new%20characters%20as%20they%20face%20the%20beginning%20of%20the%20end%20of%20the%20world%2c%20will%20answer%20that%20question.&amp;eng_name=%20&amp;episode=%20&amp;fanart=https%3a%2f%2fimage.tmdb.org%2ft%2fp%2foriginal%2f%2f7r4FieFH6Eh6S55hi8c9LOiFENg.jpg&amp;fav_status=false&amp;heb_name=%d7%90%d7%99%d7%9e%d7%aa%20%d7%94%d7%9e%d7%aa%d7%99%d7%9d%20%d7%94%d7%9e%d7%94%d7%9c%d7%9b%d7%99%d7%9d&amp;iconimage=https%3a%2f%2fimage.tmdb.org%2ft%2fp%2foriginal%2f%2flZMb3R3e5vqukPbeDMeyYGf2ZNG.jpg&amp;id=62286&amp;image_master&amp;isr=0&amp;last_id&amp;mode=19&amp;name=%5bCOLOR%20white%5d%d7%a2%d7%95%d7%a0%d7%94%205%5b%2fCOLOR%5d&amp;original_title=Fear%20the%20Walking%20Dead&amp;season=5&amp;show_original_year=2015&amp;tmdbid=290853&amp;url=https%3a%2f%2fapi.themoviedb.org%2f3%2ftv%2f62286%3fapi_key%3d34142515d9d23817496eeb4ff1d223d0%26language%3den%26append_to_response%3dexternal_ids&amp;video_data=%7b%22rating%22%3a%20%220%22%2c%20%22episode%22%3a%200%2c%20%22title%22%3a%20%22%5bCOLOR%20white%5d%5cu05e2%5cu05d5%5cu05e0%5cu05d4%205%5b%2fCOLOR%5d%22%2c%20%22season%22%3a%200%2c%20%22TVshowtitle%22%3a%20%22%22%2c%20%22mediatype%22%3a%20%22movie%22%2c%20%22plot%22%3a%20%22%5bCOLOR%20aqua%5d%20%5cu05e9%5cu05d5%5cu05d3%5cu05e8%20%5cu05d1%5cu05ea%5cu05d0%5cu05e8%5cu05d9%5cu05da%2002-06-2019%5b%2fCOLOR%5d%5cnWhat%20did%20the%20world%20look%20like%20as%20it%20was%20transforming%20into%20the%20horrifying%20apocalypse%20depicted%20in%20%5c%22The%20Walking%20Dead%5c%22%3f%20This%20spin-off%20set%20in%20Los%20Angeles%2c%20following%20new%20characters%20as%20they%20face%20the%20beginning%20of%20the%20end%20of%20the%20world%2c%20will%20answer%20that%20question.%22%2c%20%22OriginalTitle%22%3a%20%22Fear%20the%20Walking%20Dead%22%2c%20%22Tag%22%3a%20%2216%22%2c%20%22year%22%3a%20%222019%22%7d&quot"/>
</include>


<include content="baseepisods">
<param name="baseid" value="5"/>
<param name="labelname" value="Walking Dead"/>
<param name="baseeipisod" value="501"/>
<param name="networkname" value="אימה"/>
<param name="networkcolor" value="green"/>
<param name="notvisible" value="![control.hasfocus(6) | Container(35).HasFocus(2)]"/>
<param name="baseepisodcontent" value="plugin://plugin.video.mando/?all_w=%7b%7d&amp;data=2019&amp;dates=%20&amp;description=%5bCOLOR%20aqua%5d%20%d7%a9%d7%95%d7%93%d7%a8%20%d7%91%d7%aa%d7%90%d7%a8%d7%99%d7%9a%2006-10-2019%5b%2fCOLOR%5d%0aSheriff%27s%20deputy%20Rick%20Grimes%20awakens%20from%20a%20coma%20to%20find%20a%20post-apocalyptic%20world%20dominated%20by%20flesh-eating%20zombies.%20He%20sets%20out%20to%20find%20his%20family%20and%20encounters%20many%20other%20survivors%20along%20the%20way.&amp;eng_name=%20&amp;episode=%20&amp;fanart=https%3a%2f%2fimage.tmdb.org%2ft%2fp%2foriginal%2f%2fwXXaPMgrv96NkH8KD1TMdS2d7iq.jpg&amp;fav_status=false&amp;heb_name=%d7%94%d7%9e%d7%aa%d7%99%d7%9d%20%d7%94%d7%9e%d7%94%d7%9c%d7%9b%d7%99%d7%9d&amp;iconimage=https%3a%2f%2fimage.tmdb.org%2ft%2fp%2foriginal%2f%2fq3rlhCrawPHssE5kY7GeI2hN0GB.jpg&amp;id=1402&amp;image_master&amp;isr=0&amp;last_id&amp;mode=19&amp;name=%5bCOLOR%20white%5d%d7%a2%d7%95%d7%a0%d7%94%2010%5b%2fCOLOR%5d&amp;original_title=The%20Walking%20Dead&amp;season=10&amp;show_original_year=2010&amp;tmdbid=153021&amp;url=https%3a%2f%2fapi.themoviedb.org%2f3%2ftv%2f1402%3fapi_key%3d34142515d9d23817496eeb4ff1d223d0%26language%3den%26append_to_response%3dexternal_ids&amp;video_data=%7b%22rating%22%3a%20%220%22%2c%20%22episode%22%3a%200%2c%20%22title%22%3a%20%22%5bCOLOR%20white%5d%5cu05e2%5cu05d5%5cu05e0%5cu05d4%2010%5b%2fCOLOR%5d%22%2c%20%22season%22%3a%200%2c%20%22TVshowtitle%22%3a%20%22%22%2c%20%22mediatype%22%3a%20%22movie%22%2c%20%22plot%22%3a%20%22%5bCOLOR%20aqua%5d%20%5cu05e9%5cu05d5%5cu05d3%5cu05e8%20%5cu05d1%5cu05ea%5cu05d0%5cu05e8%5cu05d9%5cu05da%2006-10-2019%5b%2fCOLOR%5d%5cnSheriff%27s%20deputy%20Rick%20Grimes%20awakens%20from%20a%20coma%20to%20find%20a%20post-apocalyptic%20world%20dominated%20by%20flesh-eating%20zombies.%20He%20sets%20out%20to%20find%20his%20family%20and%20encounters%20many%20other%20survivors%20along%20the%20way.%22%2c%20%22OriginalTitle%22%3a%20%22The%20Walking%20Dead%22%2c%20%22Tag%22%3a%20%2216%22%2c%20%22year%22%3a%20%222019%22%7d&quot"/>
</include>

<include content="baseepisods">
<param name="baseid" value="5"/>
<param name="labelname" value="קל כנוצה"/>
<param name="baseeipisod" value="502"/>
<param name="networkname" value="UNKNOWN"/>
<param name="networkcolor" value="green"/>
<param name="notvisible" value="![control.hasfocus(6) | Container(35).HasFocus(2)]"/>
<param name="baseepisodcontent" value="plugin://plugin.video.mando/?all_w=%7b%7d&amp;data=2018&amp;dates=%20&amp;description=%5bCOLOR%20aqua%5d%20%d7%a9%d7%95%d7%93%d7%a8%20%d7%91%d7%aa%d7%90%d7%a8%d7%99%d7%9a%2012-10-2018%5b%2fCOLOR%5d%0aFive%20teen%20girls%20deal%20with%20the%20supernatural%20fallout%20stemming%20from%20an%20innocent%20game%20of%20%e2%80%9cLight%20as%20a%20Feather%2c%20Stiff%20as%20a%20Board.%e2%80%9d%20When%20the%20girls%20start%20dying%20off%20in%20the%20exact%20way%20that%20was%20predicted%2c%20the%20survivors%20must%20figure%20out%20why%20they%e2%80%99re%20being%20targeted%20%e2%80%94%20and%20whether%20the%20evil%20force%20hunting%20them%20down%20is%20one%20of%20their%20own.&amp;eng_name=%20&amp;episode=%20&amp;fanart=https%3a%2f%2fimage.tmdb.org%2ft%2fp%2foriginal%2f%2f59UYt2nD7EJNpcgK1KD74jKJ1xy.jpg&amp;fav_status=false&amp;heb_name=Light%20as%20a%20Feather&amp;iconimage=https%3a%2f%2fimage.tmdb.org%2ft%2fp%2foriginal%2f%2fzYFTltK8JBwYMHdAk2FxOym0avj.jpg&amp;id=81829&amp;image_master&amp;isr=0&amp;last_id&amp;mode=19&amp;name=%5bCOLOR%20white%5d%d7%a2%d7%95%d7%a0%d7%94%201%5b%2fCOLOR%5d&amp;original_title=Light%20as%20a%20Feather&amp;season=1&amp;show_original_year=2018&amp;tmdbid=347708&amp;url=https%3a%2f%2fapi.themoviedb.org%2f3%2ftv%2f81829%3fapi_key%3d34142515d9d23817496eeb4ff1d223d0%26language%3den%26append_to_response%3dexternal_ids&amp;video_data=%7b%22rating%22%3a%20%220%22%2c%20%22episode%22%3a%200%2c%20%22title%22%3a%20%22%5bCOLOR%20white%5d%5cu05e2%5cu05d5%5cu05e0%5cu05d4%201%5b%2fCOLOR%5d%22%2c%20%22season%22%3a%200%2c%20%22TVshowtitle%22%3a%20%22%22%2c%20%22mediatype%22%3a%20%22movie%22%2c%20%22plot%22%3a%20%22%5bCOLOR%20aqua%5d%20%5cu05e9%5cu05d5%5cu05d3%5cu05e8%20%5cu05d1%5cu05ea%5cu05d0%5cu05e8%5cu05d9%5cu05da%2012-10-2018%5b%2fCOLOR%5d%5cnFive%20teen%20girls%20deal%20with%20the%20supernatural%20fallout%20stemming%20from%20an%20innocent%20game%20of%20%5cu201cLight%20as%20a%20Feather%2c%20Stiff%20as%20a%20Board.%5cu201d%20When%20the%20girls%20start%20dying%20off%20in%20the%20exact%20way%20that%20was%20predicted%2c%20the%20survivors%20must%20figure%20out%20why%20they%5cu2019re%20being%20targeted%20%5cu2014%20and%20whether%20the%20evil%20force%20hunting%20them%20down%20is%20one%20of%20their%20own.%22%2c%20%22OriginalTitle%22%3a%20%22Light%20as%20a%20Feather%22%2c%20%22Tag%22%3a%20%2216%22%2c%20%22year%22%3a%20%222018%22%7d&quot"/>
</include>


<!--tvshow1-->
<!--<include content="baseepisods">
<param name="baseid" value="6"/>
<param name="labelname" value="אהבה על הרצף"/>
<param name="baseeipisod" value="800"/>
<param name="networkname" value="Unknown"/>
<param name="networkcolor" value="red"/>
<param name="notvisible" value="![control.hasfocus(5) | Container(35).HasFocus(1)]"/>
<param name="baseepisodcontent" value="plugin://plugin.video.mando/?all_w=%7b%7d&amp;data=2019&amp;dates=%20&amp;description=%5bCOLOR%20aqua%5d%20%d7%a9%d7%95%d7%93%d7%a8%20%d7%91%d7%aa%d7%90%d7%a8%d7%99%d7%9a%2019-11-2019%5b%2fCOLOR%5d%0aSeven%20singles%20take%20their%20first%20steps%20into%20the%20world%20of%20dating%3b%20this%20uplifting%20four-part%20documentary%20follows%20young%20adults%20on%20the%20autism%20spectrum%20as%20they%20explore%20the%20unpredictable%20world%20of%20love%20and%20relationships.&amp;eng_name=%20&amp;episode=%20&amp;fanart=https%3a%2f%2fimage.tmdb.org%2ft%2fp%2foriginal%2f%2f4ZQBTq0WghXYgsJO6vKtKNw5aBU.jpg&amp;fav_status=false&amp;heb_name=%d7%90%d7%94%d7%91%d7%94%20%d7%a2%d7%9c%20%d7%94%d7%a8%d7%a6%d7%a3&amp;iconimage=https%3a%2f%2fimage.tmdb.org%2ft%2fp%2foriginal%2f%2fzMsuBnjsKDMUrAZ0Ey6Ux3bVtn7.jpg&amp;id=95730&amp;image_master&amp;isr=0&amp;last_id&amp;mode=19&amp;name=%5bCOLOR%20white%5d%d7%a2%d7%95%d7%a0%d7%94%201%5b%2fCOLOR%5d&amp;original_title=Love%20on%20the%20Spectrum&amp;season=1&amp;show_original_year=2019&amp;tmdbid=372611&amp;url=https%3a%2f%2fapi.themoviedb.org%2f3%2ftv%2f95730%3fapi_key%3d34142515d9d23817496eeb4ff1d223d0%26language%3den%26append_to_response%3dexternal_ids&amp;video_data=%7b%22rating%22%3a%20%220%22%2c%20%22episode%22%3a%200%2c%20%22title%22%3a%20%22%5bCOLOR%20white%5d%5cu05e2%5cu05d5%5cu05e0%5cu05d4%201%5b%2fCOLOR%5d%22%2c%20%22season%22%3a%200%2c%20%22TVshowtitle%22%3a%20%22%22%2c%20%22mediatype%22%3a%20%22movie%22%2c%20%22plot%22%3a%20%22%5bCOLOR%20aqua%5d%20%5cu05e9%5cu05d5%5cu05d3%5cu05e8%20%5cu05d1%5cu05ea%5cu05d0%5cu05e8%5cu05d9%5cu05da%2019-11-2019%5b%2fCOLOR%5d%5cnSeven%20singles%20take%20their%20first%20steps%20into%20the%20world%20of%20dating%3b%20this%20uplifting%20four-part%20documentary%20follows%20young%20adults%20on%20the%20autism%20spectrum%20as%20they%20explore%20the%20unpredictable%20world%20of%20love%20and%20relationships.%22%2c%20%22OriginalTitle%22%3a%20%22Love%20on%20the%20Spectrum%22%2c%20%22Tag%22%3a%20%2216%22%2c%20%22year%22%3a%20%222019%22%7d&quot"/>
</include>-->
</control>


<control type="group">
<control type="multiimage">
<posx>1635</posx>
<posy>850</posy>
<width>280</width>
<height>150</height>
<imagepath>https://i.imgur.com/C7KDiR8.png</imagepath>
</control>
</control>
<control type="list" id="35">
<posx>1600</posx>
<posy>800</posy>
<width>550</width>
<height>650</height>
<onright condition="Container(35).HasFocus(1)">Control.SetFocus(5)</onright>
<onright condition="Container(35).HasFocus(2)">Control.SetFocus(6)</onright>
<onleft condition="Container(35).HasFocus(1)">Control.SetFocus(5)</onleft>
<onleft condition="Container(35).HasFocus(2)">Control.SetFocus(6)</onleft>
<orientation>vertical</orientation>
<itemlayout width="150" height="340">
<control type="label">
<posx>180</posx>
<posy>100</posy>
<width>200</width>
<height>40</height>
<align>center</align>
<textcolor>white</textcolor>
<label>$INFO[ListItem.Label]</label>
</control>
<control type="label">
<posx>145</posx>
<posy>170</posy>
<width>200</width>
<height>40</height>
<align>center</align>
<textcolor>white</textcolor>
<label>$INFO[ListItem.Label2]</label>
</control>
</itemlayout>
<focusedlayout width="150" height="340">
<control type="label">
<animation condition="Control.HasFocus(35)" effect="fade" start="0" end="100" time="1100">Conditional</animation>
<posx>180</posx>
<posy>100</posy>
<width>150</width>
<height>40</height>
<align>center</align>
<textcolor>white</textcolor>
<label>[B]$INFO[ListItem.Label][/B]</label>
</control>
<control type="label">
<visible>!control.hasfocus(35)</visible>
<posx>145</posx>
<posy>170</posy>
<width>200</width>
<height>40</height>
<align>center</align>
<textcolor>white</textcolor>
<label>$INFO[ListItem.Label2]</label>
</control>
<control type="label">

<visible>control.hasfocus(35)</visible>
<posx>145</posx>
<posy>170</posy>
<width>200</width>
<height>40</height>
<align>center</align>
<textcolor>cyan</textcolor>
<label>$INFO[ListItem.Label2]</label>
</control>
</focusedlayout>
<content>
<item id="1">
<label>-1-</label>
<label2>אימה</label2>
<onclick>Control.SetFocus(5)</onclick>
</item>

<!--<item id="2">
<label>-2-</label>
<label2>סדרות דוקו</label2>
<onclick>Control.SetFocus(6)</onclick>
</item>-->
</content>
</control>

</controls>
</window>
