<?xml version="1.0" encoding="UTF-8"?>
<!-- Foundation -->
<window id="6680" type="dialog">
    <defaultcontrol always="true">5</defaultcontrol>
    	<onload>ClearProperty(quicknavsetup,home)</onload>
		<onload>Dialog.Close(6671)</onload>
		<onload>Dialog.Close(6675)</onload>
		<onunload>ClearProperty(quicknavsetup,home)</onunload>

<controls>

			<control type="group">
			<control type="list" id="5">
			<animation type="WindowOpen">
			<effect type="slide" start="1000,0" end="0,0" tween="cubic" easing="out" time="350"/>
			</animation>
			<animation type="WindowClose">
			<effect type="slide" start="0,0" end="1000,0" tween="cubic" easing="inout" time="350"/>
			</animation>
			<posx>1650</posx>
			<posy>385</posy>
			<width>18-col</width>
			<height>365</height>
			<ondown>5</ondown>
			<onup>5</onup>
			<orientation>vertical</orientation>
			<onleft>Dialog.Close(6680)</onleft>
			<onback>Dialog.Close(6680)</onback>
			<scrolltime tweeb="cubic" easing="inout">450</scrolltime>
			<itemlayout width="4-col" height="115">
				<control type="image">
					<posx>0</posx>
					<posy>20</posy>
					<width>4-col-textbox</width>
					<height>105</height>
					<texture>special://skin/extras/common/context_middle.png</texture>
				</control>
				<control type="label">
					<posx>20</posx>
					<posy>0</posy>
					<width>252</width>
					<height>3-row</height>
					<wrapmultiline>true</wrapmultiline>
					<aligny>center</aligny>
					<align>center</align>
					<textcolor>white</textcolor>
					<shadowcolor>black</shadowcolor>
					<label>[B][CAPITALIZE]$INFO[ListItem.label][/CAPITALIZE][/B]</label>
				</control>
				<control type="label">
					<posx>20</posx>
					<posy>30</posy>
					<width>252</width>
					<height>3-row</height>
					<wrapmultiline>true</wrapmultiline>
					<aligny>center</aligny>
					<align>center</align>
					<font>font-16</font>
					<textcolor>yellow</textcolor>
					<shadowcolor></shadowcolor>
					<label>[CAPITALIZE]$INFO[ListItem.label2][/CAPITALIZE]</label>
				</control>
			</itemlayout>
			<focusedlayout width="4-col" height="115">
			<control type="image">
					<posx>0</posx>
					<posy>20</posy>
					<width>4-col-textbox</width>
					<height>105</height>
					<texture>special://skin/extras/common/context_middle.png</texture>
				</control>
				<control type="image">
					<posx>15</posx>
					<posy>22</posy>
					<width>255</width>
					<height>100</height>
					<texture>white.png</texture>
					<colordiffuse>gray</colordiffuse>
					<aspectratio>stretch</aspectratio>
				</control>
				<control type="label">
					<posx>20</posx>
					<posy>0</posy>
					<width>252</width>
					<height>3-row</height>
					<wrapmultiline>true</wrapmultiline>
					<aligny>center</aligny>
					<align>center</align>
					<textcolor>white</textcolor>
					<shadowcolor>black</shadowcolor>
					<label>[B][CAPITALIZE]$INFO[ListItem.label][/CAPITALIZE][/B]</label>
				</control>
				<control type="label">
					<posx>20</posx>
					<posy>30</posy>
					<width>252</width>
					<height>3-row</height>
					<wrapmultiline>true</wrapmultiline>
					<aligny>center</aligny>
					<align>center</align>
					<font>font-16</font>
					<textcolor>white</textcolor>
					<shadowcolor>black</shadowcolor>
					<label>[CAPITALIZE]$INFO[ListItem.label2][/CAPITALIZE]</label>
				</control>
			</focusedlayout>
			<content>
			<item>
				<label>עידן פלוס</label>
				<label2>ערוצים</label2>
				<onclick>Dialog.Close(6680)</onclick>
				<onclick>ActivateWindow(6671)</onclick>
				</item>
			<item>
				<label>עידן פלוס</label>
				<label2>לוח שידורים</label2>
				<onclick>Dialog.Close(6680)</onclick>
				<onclick>RunAddon(script.hebivueguide)</onclick>
				</item>
			<item>
				<label>עידן ויאודי</label>
				<label2>וידג'טים תוכניות</label2>
				<onclick>Dialog.Close(6680)</onclick>
				<onclick>ActivateWindow(6571)</onclick>
				</item>
			<item>
				<label>עידן ויאודי</label>
				<label2>וידג'טים בידור</label2>
				<onclick>Dialog.Close(6680)</onclick>
				<onclick>ActivateWindow(6572)</onclick>
			</item>
			<item>
				<label>עידן ויאודי</label>
				<label2>עידן אוכל וטיולים</label2>
				<onclick>Dialog.Close(6680)</onclick>
				<onclick>ActivateWindow(6574)</onclick>
			</item>
			<item>
				<label>עידן ויאודי</label>
				<label2>כל החדשות</label2>
				<onclick>Dialog.Close(6680)</onclick>
				<onclick>ActivateWindow(6573)</onclick>
			</item>
			<item>
				<label>פרקים אחרונים</label>
				<label2>רשת 13</label2>
				<onclick>Dialog.Close(6680)</onclick>
				<onclick>ActivateWindow(6678)</onclick>
				</item>
			<item>
				<label>עידן ויאודי</label>
				<label2>תוכניות</label2>
				<onclick>Dialog.Close(6680)</onclick>
				<onclick>ActivateWindow(10025,&quot;plugin://plugin.video.idanplus/?iconimage=C%253A%255CUsers%255Cneta%255CAppData%255CRoaming%255CKodi%255Caddons%255Cplugin.video.idanplus%255Cicon.png&amp;mode=2&amp;module&amp;moredata&amp;name=%5bB%5dVOD%5b%2fB%5d&amp;url&quot;,return)</onclick>
				</item>
			<item>
				<label>עידן ויאודי</label>
				<label2>הכל מהכל , הופעות</label2>
				<onclick>Dialog.Close(6680)</onclick>
				<onclick>ActivateWindow(6575)</onclick>
			</item>
			<item>
				<label>עידן פלוס</label>
				<label2>ערוצי רדיו</label2>
				<onclick>Dialog.Close(6680)</onclick>
				<onclick>ActivateWindow(6690)</onclick>
				</item>
			</content>
		</control>
		</control>

</controls>
</window>
