<?xml version="1.0" encoding="UTF-8"?>
<!-- Foundation -->
<window id="6691" type="dialog">
    <defaultcontrol always="true">5</defaultcontrol>
<controls>

			<control type="group">
			<control type="list" id="5">
			<animation type="WindowOpen">
			<effect type="slide" start="-1500,0" end="1880,0" tween="cubic" easing="out" time="350"/>
			</animation>
			<animation type="WindowClose">
			<effect type="slide" start="1880,0" end="0,0" tween="cubic" easing="inout" time="350"/>
			</animation>
			<posx>-1880</posx>
			<posy>385</posy>
			<width>1152</width>
			<height>365</height>
			<ondown>9012</ondown>
			<onup>9012</onup>
			<orientation>vertical</orientation>
			<onright>Dialog.Close(6691)</onright>
			<onback>Dialog.Close(6691)</onback>
			<scrolltime tweeb="cubic" easing="inout">450</scrolltime>
			<itemlayout width="4-col" height="115">
				<control type="image">
					<posx>0</posx>
					<posy>20</posy>
					<width>4-col-textbox</width>
					<height>105</height>
					<texture>special://skin/extras/common/context_middle.png</texture>
				</control>
				<control type="label">
					<posx>20</posx>
					<posy>0</posy>
					<width>252</width>
					<height>3-row</height>
					<wrapmultiline>true</wrapmultiline>
					<aligny>center</aligny>
					<align>center</align>
					<textcolor>white</textcolor>
					<shadowcolor></shadowcolor>
					<label>[B][CAPITALIZE]$INFO[ListItem.label][/CAPITALIZE][/B]</label>
				</control>
				<control type="label">
					<posx>20</posx>
					<posy>45</posy>
					<width>252</width>
					<height>3-row</height>
					<wrapmultiline>true</wrapmultiline>
					<aligny>center</aligny>
					<align>center</align>
					<font>font-16</font>
					<textcolor>white</textcolor>
					<shadowcolor></shadowcolor>
					<label>[CAPITALIZE]$INFO[ListItem.label2][/CAPITALIZE]</label>
				</control>
			</itemlayout>
			<focusedlayout width="4-col" height="115">
					<control type="image">
					<posx>0</posx>
					<posy>20</posy>
					<width>4-col-textbox</width>
					<height>105</height>
					<texture>special://skin/extras/common/context_middle.png</texture>
				</control>
				<control type="image">
				<visible>Control.HasFocus(5)</visible>
					<posx>15</posx>
					<posy>20</posy>
					<width>255</width>
					<height>105</height>
					<texture>white.png</texture>
					<colordiffuse>gray</colordiffuse>
					<aspectratio>stretch</aspectratio>
				</control>
				<control type="label">
					<posx>20</posx>
					<posy>0</posy>
					<width>252</width>
					<height>3-row</height>
					<wrapmultiline>true</wrapmultiline>
					<aligny>center</aligny>
					<align>center</align>
					<textcolor>white</textcolor>
					<shadowcolor>black</shadowcolor>
					<label>[B][CAPITALIZE]$INFO[ListItem.label][/CAPITALIZE][/B]</label>
				</control>
				<control type="label">
					<posx>20</posx>
					<posy>45</posy>
					<width>252</width>
					<height>3-row</height>
					<wrapmultiline>true</wrapmultiline>
					<aligny>center</aligny>
					<align>center</align>
					<font>font-16</font>
					<textcolor>yellow</textcolor>
					<shadowcolor></shadowcolor>
					<label>[CAPITALIZE]$INFO[ListItem.label2][/CAPITALIZE]</label>
				</control>
			</focusedlayout>
			<content>
			<item>
				<thumb>special://skin/extras/specialbuttons/rddesign.png</thumb>
				<label>RD סרטים</label>
				<label2>RD V.O.D 1</label2>
				<onclick>Dialog.Close(6691)</onclick>
				<onclick>ActivateWindow(6675)</onclick>
				</item>
				<item>
				<thumb>special://skin/extras/specialbuttons/rddesign.png</thumb>
				<label>RD סרטים</label>
				<label2>RD V.O.D 2</label2>
				<onclick>Dialog.Close(6691)</onclick>
				<onclick>ActivateWindow(6692)</onclick>
				</item>
				<item>
				<thumb>special://skin/extras/specialbuttons/rddesign.png</thumb>
				<label>RD סרטים</label>
				<label2>RD V.O.D 3</label2>
				<onclick>Dialog.Close(6691)</onclick>
				<onclick>ActivateWindow(6693)</onclick>
				</item>
				<item>
				<thumb>special://skin/extras/specialbuttons/rddesign.png</thumb>
				<label>RD סרטים</label>
				<label2>RD V.O.D 4</label2>
				<onclick>Dialog.Close(6691)</onclick>
				<onclick>ActivateWindow(6694)</onclick>
				</item>
				<item>
				<thumb>special://skin/extras/specialbuttons/rddesign.png</thumb>
				<label>RD סרטים</label>
				<label2>RD V.O.D 5</label2>
				<onclick>Dialog.Close(6691)</onclick>
				<onclick>ActivateWindow(6695)</onclick>
				</item>
				<item>
				<thumb>special://skin/extras/specialbuttons/rddesign.png</thumb>
				<label>RD סרטים</label>
				<label2>RD V.O.D 6</label2>
				<onclick>Dialog.Close(6691)</onclick>
				<onclick>ActivateWindow(6696)</onclick>
				</item>
				<item>
				<thumb>special://skin/extras/specialbuttons/advanceddesingn-min.png</thumb>
				<label>RD סרטים</label>
				<label2>לפי זא'נרים</label2>
				<onclick>Dialog.Close(6691)</onclick>
				<onclick>ActivateWindow(6697)</onclick>
				</item>
				<item>
				<thumb>special://skin/extras/specialbuttons/advanceddesingn-min.png</thumb>
				<label>RD סרטים</label>
				<label2>לפי זא'נרים</label2>
				<onclick>Dialog.Close(6691)</onclick>
				<onclick>ActivateWindow(6712)</onclick>
				</item>
			</content>
		</control>
		</control>

</controls>
</window>
