<?xml version="1.0" encoding="UTF-8"?>
<!-- Foundation -->
<window id="6854" type="dialog">
    <defaultcontrol always="true">35</defaultcontrol>


<controls>

<control type="group">
<animation type="WindowOpen">
<effect type="slide" start="0,0" end="0,-1000" time="350" tween="sine" easing="inout"/>
</animation>
<posy>1730</posy>
<control type="image">
<posx>0</posx>
<posy>0</posy>
<width>1920</width>
<height>350</height>
<texture>black.png</texture>
<colordiffuse>77000000</colordiffuse>
</control>
<control type="image">
<posx>350</posx>
<posy>0</posy>
<width>1000</width>
<height>350</height>
<texture>black.png</texture>
</control>
<control type="image">
<posx>1740</posx>
<posy>0</posy>
<width>220</width>
<height>450</height>
<texture>black.png</texture>
</control>
<control type="group">
<posy>140</posy>
<control type="image">
<posx>1350</posx>
<posy>0</posy>
<width>65</width>
<height>65</height>
<aspectratio>keep</aspectratio>
<texture colordiffuse="deepskyblue">special://skin/extras/arrows/arrow-25-xxl.png</texture>
</control>
<control type="image">
<posx>280</posx>
<posy>0</posy>
<width>65</width>
<height>65</height>
<aspectratio>keep</aspectratio>
<texture flipx="true" colordiffuse="deepskyblue">special://skin/extras/arrows/arrow-25-xxl.png</texture>
</control>
</control>
<control type="image">
<posx>1820</posx>
<posy>0</posy>
<width>65</width>
<height>65</height>
<aspectratio>keep</aspectratio>
<texture colordiffuse="deepskyblue">special://skin/extras/arrows/arrowup.png</texture>
</control>
<control type="image">
<posx>1820</posx>
<posy>300</posy>
<width>65</width>
<height>65</height>
<aspectratio>keep</aspectratio>
<texture colordiffuse="deepskyblue">special://skin/extras/arrows/arrowdown.png</texture>
</control>
</control>

<control type="image">
<posx>1770</posx>
<posy>820</posy>
<width>150</width>
<height>40</height>
<texture>special://skin/extras/test/Ghost.jpg</texture>
</control>

<control type="group">
<posy>50</posy>
<include content="newtvshows">
<param name="baseid" value="5"/>
<param name="listid" value="35"/>
<param name="listidfocus" value="1"/>
<param name="basecontent" value="plugin://plugin.audio.My.Music/?cat_level=%20&amp;count=0&amp;description=%20&amp;fanart&amp;iconimage&amp;index_depth=0&amp;lang=eng&amp;mode=5&amp;name=tvshowyesgo-reality&amp;page&amp;selected_list=%20&amp;url=%d7%a1%d7%93%d7%a8%d7%95%d7%aatvshow-yesgotvshowyesgo-reality&quot"/>
</include>

<!--<include content="newtvshows">
<param name="baseid" value="6"/>
<param name="listid" value="35"/>
<param name="listidfocus" value="2"/>
<param name="basecontent" value="plugin://plugin.audio.My.Music/?cat_level=%20&amp;count=0&amp;description=%20&amp;fanart&amp;iconimage&amp;index_depth=0&amp;lang=eng&amp;mode=5&amp;name=tvshows1&amp;page&amp;selected_list=%20&amp;url=tvshows1&quot"/>
</include>-->

<include content="baseepisods">
<param name="baseid" value="5"/>
<param name="labelname" value="מאה בני אדם"/>
<param name="baseeipisod" value="500"/>
<param name="networkname" value="NETFLIX"/>
<param name="networkcolor" value="red"/>
<param name="notvisible" value="![control.hasfocus(6) | Container(35).HasFocus(2)]"/>
<param name="baseepisodcontent" value="plugin://plugin.video.shadow/?all_w=%7b%7d&amp;data=2020&amp;dates=%20&amp;description=%5bCOLOR%20aqua%5d%20Aired%20At%2013-03-2020%5b%2fCOLOR%5d%0aOne%20hundred%20hardy%20souls%20from%20diverse%20backgrounds%20participate%20in%20playful%20experiments%20exploring%20age%2c%20sex%2c%20happiness%20and%20other%20aspects%20of%20being%20human.&amp;eng_name=%20&amp;episode=%20&amp;fanart=https%3a%2f%2fimage.tmdb.org%2ft%2fp%2foriginal%2f%2fyZchL8hEZgpRB0uotYrErbBtXbr.jpg&amp;fav_status=false&amp;heb_name=100%20%d7%91%d7%a0%d7%99%20%d7%90%d7%93%d7%9d%3a%20%d7%94%d7%aa%d7%a9%d7%95%d7%91%d7%94%20%d7%9c%d7%9b%d7%9c%20%d7%94%d7%a9%d7%90%d7%9c%d7%95%d7%aa&amp;iconimage=https%3a%2f%2fimage.tmdb.org%2ft%2fp%2foriginal%2f%2fykN9uhnGdtjvx9Lk8bYvdprNQsC.jpg&amp;id=100429&amp;image_master&amp;isr=0&amp;last_id&amp;mode=19&amp;name=%5bCOLOR%20white%5dSeason%201%5b%2fCOLOR%5d&amp;original_title=100%20Humans%3a%20Life%27s%20Questions.%20Answered.&amp;season=1&amp;show_original_year=2020&amp;tmdbid=None&amp;url=https%3a%2f%2fapi.themoviedb.org%2f3%2ftv%2f100429%3fapi_key%3d34142515d9d23817496eeb4ff1d223d0%26language%3den%26append_to_response%3dexternal_ids&amp;video_data=%7b%22rating%22%3a%20%220%22%2c%20%22episode%22%3a%200%2c%20%22title%22%3a%20%22%5bCOLOR%20white%5dSeason%201%5b%2fCOLOR%5d%22%2c%20%22season%22%3a%200%2c%20%22TVshowtitle%22%3a%20%22%22%2c%20%22mediatype%22%3a%20%22movie%22%2c%20%22plot%22%3a%20%22%5bCOLOR%20aqua%5d%20Aired%20At%2013-03-2020%5b%2fCOLOR%5d%5cnOne%20hundred%20hardy%20souls%20from%20diverse%20backgrounds%20participate%20in%20playful%20experiments%20exploring%20age%2c%20sex%2c%20happiness%20and%20other%20aspects%20of%20being%20human.%22%2c%20%22OriginalTitle%22%3a%20%22100%20Humans%3a%20Life%27s%20Questions.%20Answered.%22%2c%20%22Tag%22%3a%20%2216%22%2c%20%22year%22%3a%20%222020%22%7d&quot"/>
</include>

<include content="baseepisods">
<param name="baseid" value="5"/>
<param name="labelname" value="בית"/>
<param name="baseeipisod" value="501"/>
<param name="networkname" value="NETFLIX"/>
<param name="networkcolor" value="red"/>
<param name="notvisible" value="![control.hasfocus(6) | Container(35).HasFocus(2)]"/>
<param name="baseepisodcontent" value="plugin://plugin.video.sdarot.tv/season/5398/1/%D7%91%D7%99%D7%AA/Home&quot"/>
</include>

<include content="baseepisods">
<param name="baseid" value="5"/>
<param name="labelname" value="מכת סוכר"/>
<param name="baseeipisod" value="502"/>
<param name="networkname" value="NETFLIX"/>
<param name="networkcolor" value="red"/>
<param name="notvisible" value="![control.hasfocus(6) | Container(35).HasFocus(2)]"/>
<param name="baseepisodcontent" value="plugin://plugin.video.mando/?all_w=%7b%7d&amp;data=2018&amp;dates=%20&amp;description=%5bCOLOR%20aqua%5d%20%d7%a9%d7%95%d7%93%d7%a8%20%d7%91%d7%aa%d7%90%d7%a8%d7%99%d7%9a%2013-07-2018%5b%2fCOLOR%5d%0aA%20relentlessly%20fast-paced%20baking%20competition%20that%20challenges%20brilliant%20bakers%20to%20create%20sweet%20treats%20that%20look%20and%20taste%20amazing%20%e2%80%93%20all%20against%20the%20clock.%20Who%20will%20race%20to%20the%20finish%20and%20win%20%2410%2c000%3f&amp;eng_name=%20&amp;episode=%20&amp;fanart=https%3a%2f%2fimage.tmdb.org%2ft%2fp%2foriginal%2f%2f6Vr2dQ5liZ10pPgJ1C3oJ5Kx0N7.jpg&amp;fav_status=false&amp;heb_name=%d7%9e%d7%9b%d7%aa%20%d7%a1%d7%95%d7%9b%d7%a8&amp;iconimage=https%3a%2f%2fimage.tmdb.org%2ft%2fp%2foriginal%2f%2fymL4S6c0nnm91zC1kgUDMTMD27E.jpg&amp;id=80341&amp;image_master&amp;isr=0&amp;last_id&amp;mode=19&amp;name=%5bCOLOR%20white%5d%d7%a2%d7%95%d7%a0%d7%94%201%5b%2fCOLOR%5d&amp;original_title=Sugar%20Rush&amp;season=1&amp;show_original_year=2018&amp;tmdbid=349909&amp;url=https%3a%2f%2fapi.themoviedb.org%2f3%2ftv%2f80341%3fapi_key%3d34142515d9d23817496eeb4ff1d223d0%26language%3den%26append_to_response%3dexternal_ids&amp;video_data=%7b%22rating%22%3a%20%220%22%2c%20%22episode%22%3a%200%2c%20%22title%22%3a%20%22%5bCOLOR%20white%5d%5cu05e2%5cu05d5%5cu05e0%5cu05d4%201%5b%2fCOLOR%5d%22%2c%20%22season%22%3a%200%2c%20%22TVshowtitle%22%3a%20%22%22%2c%20%22mediatype%22%3a%20%22movie%22%2c%20%22plot%22%3a%20%22%5bCOLOR%20aqua%5d%20%5cu05e9%5cu05d5%5cu05d3%5cu05e8%20%5cu05d1%5cu05ea%5cu05d0%5cu05e8%5cu05d9%5cu05da%2013-07-2018%5b%2fCOLOR%5d%5cnA%20relentlessly%20fast-paced%20baking%20competition%20that%20challenges%20brilliant%20bakers%20to%20create%20sweet%20treats%20that%20look%20and%20taste%20amazing%20%5cu2013%20all%20against%20the%20clock.%20Who%20will%20race%20to%20the%20finish%20and%20win%20%2410%2c000%3f%22%2c%20%22OriginalTitle%22%3a%20%22Sugar%20Rush%22%2c%20%22Tag%22%3a%20%2216%22%2c%20%22year%22%3a%20%222018%22%7d&quot"/>
</include>

<include content="baseepisods">
<param name="baseid" value="5"/>
<param name="labelname" value="הפוליטיקה של האוכל"/>
<param name="baseeipisod" value="503"/>
<param name="networkname" value="IL"/>
<param name="networkcolor" value="red"/>
<param name="notvisible" value="![control.hasfocus(6) | Container(35).HasFocus(2)]"/>
<param name="baseepisodcontent" value="plugin://plugin.video.sdarot.tv/season/5330/1/%D7%94%D7%A4%D7%95%D7%9C%D7%99%D7%98%D7%99%D7%A7%D7%94+%D7%A9%D7%9C+%D7%94%D7%90%D7%95%D7%9B%D7%9C/Hapolitica+Shel+Haocel&quot"/>
</include>

<include content="baseepisods">
<param name="baseid" value="5"/>
<param name="labelname" value="ברירה לא טבעית"/>
<param name="baseeipisod" value="504"/>
<param name="networkname" value="NETFLIX"/>
<param name="networkcolor" value="red"/>
<param name="notvisible" value="![control.hasfocus(6) | Container(35).HasFocus(2)]"/>
<param name="baseepisodcontent" value="plugin://plugin.video.mando/?all_w=%7b%7d&amp;data=2019&amp;dates=%20&amp;description=%5bCOLOR%20aqua%5d%20%d7%a9%d7%95%d7%93%d7%a8%20%d7%91%d7%aa%d7%90%d7%a8%d7%99%d7%9a%2018-10-2019%5b%2fCOLOR%5d%0aDNA%2c%20the%20very%20essence%20of%20life%2c%20can%20now%20be%20altered.%20Not%20only%20by%20Harvard%20geneticists%20and%20multi-billion%20dollar%20corporations%2c%20but%20also%20by%20renegade%20biohackers%20working%20out%20of%20their%20garages.&amp;eng_name=%20&amp;episode=%20&amp;fanart=https%3a%2f%2fimage.tmdb.org%2ft%2fp%2foriginal%2f%2fgsTePch8cKsQlb2GSsvcN2q0PKT.jpg&amp;fav_status=false&amp;heb_name=%d7%91%d7%a8%d7%99%d7%a8%d7%94%20%d7%9c%d7%90-%d7%98%d7%91%d7%a2%d7%99%d7%aa&amp;iconimage=https%3a%2f%2fimage.tmdb.org%2ft%2fp%2foriginal%2f%2feDSJbPwRWP961WzWmUuthcKV3B1.jpg&amp;id=94647&amp;image_master&amp;isr=0&amp;last_id&amp;mode=19&amp;name=%5bCOLOR%20white%5d%d7%a2%d7%95%d7%a0%d7%94%201%5b%2fCOLOR%5d&amp;original_title=Unnatural%20Selection&amp;season=1&amp;show_original_year=2019&amp;tmdbid=370467&amp;url=https%3a%2f%2fapi.themoviedb.org%2f3%2ftv%2f94647%3fapi_key%3d34142515d9d23817496eeb4ff1d223d0%26language%3den%26append_to_response%3dexternal_ids&amp;video_data=%7b%22rating%22%3a%20%220%22%2c%20%22episode%22%3a%200%2c%20%22title%22%3a%20%22%5bCOLOR%20white%5d%5cu05e2%5cu05d5%5cu05e0%5cu05d4%201%5b%2fCOLOR%5d%22%2c%20%22season%22%3a%200%2c%20%22TVshowtitle%22%3a%20%22%22%2c%20%22mediatype%22%3a%20%22movie%22%2c%20%22plot%22%3a%20%22%5bCOLOR%20aqua%5d%20%5cu05e9%5cu05d5%5cu05d3%5cu05e8%20%5cu05d1%5cu05ea%5cu05d0%5cu05e8%5cu05d9%5cu05da%2018-10-2019%5b%2fCOLOR%5d%5cnDNA%2c%20the%20very%20essence%20of%20life%2c%20can%20now%20be%20altered.%20Not%20only%20by%20Harvard%20geneticists%20and%20multi-billion%20dollar%20corporations%2c%20but%20also%20by%20renegade%20biohackers%20working%20out%20of%20their%20garages.%22%2c%20%22OriginalTitle%22%3a%20%22Unnatural%20Selection%22%2c%20%22Tag%22%3a%20%2216%22%2c%20%22year%22%3a%20%222019%22%7d&quot"/>
</include>

<include content="baseepisods">
<param name="baseid" value="5"/>
<param name="labelname" value="ברוני הסמים"/>
<param name="baseeipisod" value="504"/>
<param name="networkname" value="NETFLIX"/>
<param name="networkcolor" value="red"/>
<param name="notvisible" value="![control.hasfocus(6) | Container(35).HasFocus(2)]"/>
<param name="baseepisodcontent" value="plugin://plugin.video.mando/?all_w=%7b%7d&amp;data=2018&amp;dates=%20&amp;description=%5bCOLOR%20aqua%5d%20%d7%a9%d7%95%d7%93%d7%a8%20%d7%91%d7%aa%d7%90%d7%a8%d7%99%d7%9a%2010-07-2018%5b%2fCOLOR%5d%0aWitness%20the%20stories%20of%20history%27s%20most%20notorious%20kingpins%2c%20their%20terrifying%20enforcers%2c%20and%20the%20men%20and%20women%20who%27ve%20sworn%20to%20bring%20them%20down.&amp;eng_name=%20&amp;episode=%20&amp;fanart=https%3a%2f%2fimage.tmdb.org%2ft%2fp%2foriginal%2f%2flcCcseKQScOAojEMVRxoE24y0Hu.jpg&amp;fav_status=false&amp;heb_name=%d7%91%d7%a8%d7%95%d7%a0%d7%99%20%d7%94%d7%a1%d7%9e%d7%99%d7%9d&amp;iconimage=https%3a%2f%2fimage.tmdb.org%2ft%2fp%2foriginal%2f%2fy9DRw8MgbtU6eMVig3cQv5AaYPU.jpg&amp;id=76498&amp;image_master&amp;isr=0&amp;last_id&amp;mode=19&amp;name=%5bCOLOR%20white%5d%d7%a2%d7%95%d7%a0%d7%94%202%5b%2fCOLOR%5d&amp;original_title=Drug%20Lords&amp;season=2&amp;show_original_year=2018&amp;tmdbid=341456&amp;url=https%3a%2f%2fapi.themoviedb.org%2f3%2ftv%2f76498%3fapi_key%3d34142515d9d23817496eeb4ff1d223d0%26language%3den%26append_to_response%3dexternal_ids&amp;video_data=%7b%22rating%22%3a%20%220%22%2c%20%22episode%22%3a%200%2c%20%22title%22%3a%20%22%5bCOLOR%20white%5d%5cu05e2%5cu05d5%5cu05e0%5cu05d4%202%5b%2fCOLOR%5d%22%2c%20%22season%22%3a%200%2c%20%22TVshowtitle%22%3a%20%22%22%2c%20%22mediatype%22%3a%20%22movie%22%2c%20%22plot%22%3a%20%22%5bCOLOR%20aqua%5d%20%5cu05e9%5cu05d5%5cu05d3%5cu05e8%20%5cu05d1%5cu05ea%5cu05d0%5cu05e8%5cu05d9%5cu05da%2010-07-2018%5b%2fCOLOR%5d%5cnWitness%20the%20stories%20of%20history%27s%20most%20notorious%20kingpins%2c%20their%20terrifying%20enforcers%2c%20and%20the%20men%20and%20women%20who%27ve%20sworn%20to%20bring%20them%20down.%22%2c%20%22OriginalTitle%22%3a%20%22Drug%20Lords%22%2c%20%22Tag%22%3a%20%2216%22%2c%20%22year%22%3a%20%222018%22%7d&quot"/>
</include>

<include content="baseepisods">
<param name="baseid" value="5"/>
<param name="labelname" value="לעודד"/>
<param name="baseeipisod" value="505"/>
<param name="networkname" value="NETFLIX"/>
<param name="networkcolor" value="red"/>
<param name="notvisible" value="![control.hasfocus(6) | Container(35).HasFocus(2)]"/>
<param name="baseepisodcontent" value="plugin://plugin.video.mando/?all_w=%7b%7d&amp;data=2020&amp;dates=%20&amp;description=%5bCOLOR%20aqua%5d%20%d7%a9%d7%95%d7%93%d7%a8%20%d7%91%d7%aa%d7%90%d7%a8%d7%99%d7%9a%2008-01-2020%5b%2fCOLOR%5d%0aThe%20stakes%20on%20the%20mat%20are%20high%2c%20but%20for%20these%20cheerleaders%2c%20the%20only%20thing%20more%20brutal%20than%20their%20workouts%20and%20more%20exceptional%20than%20their%20performances%20are%20the%20stories%20of%20adversity%20and%20triumph%20behind%20the%20athletes%20themselves.&amp;eng_name=%20&amp;episode=%20&amp;fanart=https%3a%2f%2fimage.tmdb.org%2ft%2fp%2foriginal%2f%2fwsvgLbPxXg7E86rrhFRuAGHJFAW.jpg&amp;fav_status=false&amp;heb_name=Cheer&amp;iconimage=https%3a%2f%2fimage.tmdb.org%2ft%2fp%2foriginal%2f%2f4QVDoqNaBZRYOy5HFHBxkPnuGEN.jpg&amp;id=97401&amp;image_master&amp;isr=0&amp;last_id&amp;mode=19&amp;name=%5bCOLOR%20white%5d%d7%a2%d7%95%d7%a0%d7%94%201%5b%2fCOLOR%5d&amp;original_title=Cheer&amp;season=1&amp;show_original_year=2020&amp;tmdbid=374441&amp;url=https%3a%2f%2fapi.themoviedb.org%2f3%2ftv%2f97401%3fapi_key%3d34142515d9d23817496eeb4ff1d223d0%26language%3den%26append_to_response%3dexternal_ids&amp;video_data=%7b%22rating%22%3a%20%220%22%2c%20%22episode%22%3a%200%2c%20%22title%22%3a%20%22%5bCOLOR%20white%5d%5cu05e2%5cu05d5%5cu05e0%5cu05d4%201%5b%2fCOLOR%5d%22%2c%20%22season%22%3a%200%2c%20%22TVshowtitle%22%3a%20%22%22%2c%20%22mediatype%22%3a%20%22movie%22%2c%20%22plot%22%3a%20%22%5bCOLOR%20aqua%5d%20%5cu05e9%5cu05d5%5cu05d3%5cu05e8%20%5cu05d1%5cu05ea%5cu05d0%5cu05e8%5cu05d9%5cu05da%2008-01-2020%5b%2fCOLOR%5d%5cnThe%20stakes%20on%20the%20mat%20are%20high%2c%20but%20for%20these%20cheerleaders%2c%20the%20only%20thing%20more%20brutal%20than%20their%20workouts%20and%20more%20exceptional%20than%20their%20performances%20are%20the%20stories%20of%20adversity%20and%20triumph%20behind%20the%20athletes%20themselves.%22%2c%20%22OriginalTitle%22%3a%20%22Cheer%22%2c%20%22Tag%22%3a%20%2216%22%2c%20%22year%22%3a%20%222020%22%7d&quot"/>
</include>

<include content="baseepisods">
<param name="baseid" value="5"/>
<param name="labelname" value="חתונה מהחלומות"/>
<param name="baseeipisod" value="506"/>
<param name="networkname" value="NETFLIX"/>
<param name="networkcolor" value="red"/>
<param name="notvisible" value="![control.hasfocus(6) | Container(35).HasFocus(2)]"/>
<param name="baseepisodcontent" value="plugin://plugin.video.mando/?all_w=%7b%7d&amp;data=2020&amp;dates=%20&amp;description=%5bCOLOR%20aqua%5d%20%d7%a9%d7%95%d7%93%d7%a8%20%d7%91%d7%aa%d7%90%d7%a8%d7%99%d7%9a%2001-07-2020%5b%2fCOLOR%5d%0aIn%20this%20reality%20show%2c%20couples%20overcome%20obstacles%20to%20celebrate%20their%20love%20in%20surprise%20dream%20weddings%20designed%20by%20three%20experts%20in%20less%20than%20a%20week.&amp;eng_name=%20&amp;episode=%20&amp;fanart=https%3a%2f%2fimage.tmdb.org%2ft%2fp%2foriginal%2f%2fsa7psYyNSPaiLSobQK3bGdhS6ia.jpg&amp;fav_status=false&amp;heb_name=%d7%97%d7%aa%d7%95%d7%a0%d7%94%20%d7%9e%d7%94%d7%97%d7%9c%d7%95%d7%9e%d7%95%d7%aa&amp;iconimage=https%3a%2f%2fimage.tmdb.org%2ft%2fp%2foriginal%2f%2f5xNtHWWxt3vGSrfbPLdhSxmhMOp.jpg&amp;id=105203&amp;image_master&amp;isr=0&amp;last_id&amp;mode=19&amp;name=%5bCOLOR%20white%5d%d7%a2%d7%95%d7%a0%d7%94%201%5b%2fCOLOR%5d&amp;original_title=Say%20I%20Do&amp;season=1&amp;show_original_year=2020&amp;tmdbid=384126&amp;url=https%3a%2f%2fapi.themoviedb.org%2f3%2ftv%2f105203%3fapi_key%3d34142515d9d23817496eeb4ff1d223d0%26language%3den%26append_to_response%3dexternal_ids&amp;video_data=%7b%22rating%22%3a%20%220%22%2c%20%22episode%22%3a%200%2c%20%22title%22%3a%20%22%5bCOLOR%20white%5d%5cu05e2%5cu05d5%5cu05e0%5cu05d4%201%5b%2fCOLOR%5d%22%2c%20%22season%22%3a%200%2c%20%22TVshowtitle%22%3a%20%22%22%2c%20%22mediatype%22%3a%20%22movie%22%2c%20%22plot%22%3a%20%22%5bCOLOR%20aqua%5d%20%5cu05e9%5cu05d5%5cu05d3%5cu05e8%20%5cu05d1%5cu05ea%5cu05d0%5cu05e8%5cu05d9%5cu05da%2001-07-2020%5b%2fCOLOR%5d%5cnIn%20this%20reality%20show%2c%20couples%20overcome%20obstacles%20to%20celebrate%20their%20love%20in%20surprise%20dream%20weddings%20designed%20by%20three%20experts%20in%20less%20than%20a%20week.%22%2c%20%22OriginalTitle%22%3a%20%22Say%20I%20Do%22%2c%20%22Tag%22%3a%20%2216%22%2c%20%22year%22%3a%20%222020%22%7d&quot"/>
</include>

<include content="baseepisods">
<param name="baseid" value="5"/>
<param name="labelname" value="אנחנו כאן"/>
<param name="baseeipisod" value="507"/>
<param name="networkname" value="NETFLIX"/>
<param name="networkcolor" value="red"/>
<param name="notvisible" value="![control.hasfocus(6) | Container(35).HasFocus(2)]"/>
<param name="baseepisodcontent" value="plugin://plugin.video.mando/?all_w=%7b%7d&amp;data=2020&amp;dates=%20&amp;description=%5bCOLOR%20aqua%5d%20%d7%a9%d7%95%d7%93%d7%a8%20%d7%91%d7%aa%d7%90%d7%a8%d7%99%d7%9a%2023-04-2020%5b%2fCOLOR%5d%0aSmall-town%20residents%20from%20across%20America%20are%20recruited%20and%20trained%20to%20participate%20in%20a%20one-night-only%20drag%20show.%20In%20each%20episode%2c%20former%20RuPaul%e2%80%99s%20Drag%20Race%20contestants%20Bob%20the%20Drag%20Queen%2c%20Eureka%20O%e2%80%99Hara%20and%20Shangela%20Laquifa%20Wadley%20will%20help%20prepare%20their%20%e2%80%9cdrag%20daughters%e2%80%9d%20by%20teaching%20them%20how%20to%20step%20outside%20of%20their%20comfort%20zones.&amp;eng_name=%20&amp;episode=%20&amp;fanart=https%3a%2f%2fimage.tmdb.org%2ft%2fp%2foriginal%2f%2fAl48jffeU2tH9CaXYyzgpOw4u9p.jpg&amp;fav_status=false&amp;heb_name=We%27re%20Here&amp;iconimage=https%3a%2f%2fimage.tmdb.org%2ft%2fp%2foriginal%2f%2fucJ7qgoRvyKCROas2Ax0XSqXSqu.jpg&amp;id=95791&amp;image_master&amp;isr=0&amp;last_id&amp;mode=19&amp;name=%5bCOLOR%20white%5d%d7%a2%d7%95%d7%a0%d7%94%201%5b%2fCOLOR%5d&amp;original_title=We%27re%20Here&amp;season=1&amp;show_original_year=2020&amp;tmdbid=371893&amp;url=https%3a%2f%2fapi.themoviedb.org%2f3%2ftv%2f95791%3fapi_key%3d34142515d9d23817496eeb4ff1d223d0%26language%3den%26append_to_response%3dexternal_ids&amp;video_data=%7b%22rating%22%3a%20%220%22%2c%20%22episode%22%3a%200%2c%20%22title%22%3a%20%22%5bCOLOR%20white%5d%5cu05e2%5cu05d5%5cu05e0%5cu05d4%201%5b%2fCOLOR%5d%22%2c%20%22season%22%3a%200%2c%20%22TVshowtitle%22%3a%20%22%22%2c%20%22mediatype%22%3a%20%22movie%22%2c%20%22plot%22%3a%20%22%5bCOLOR%20aqua%5d%20%5cu05e9%5cu05d5%5cu05d3%5cu05e8%20%5cu05d1%5cu05ea%5cu05d0%5cu05e8%5cu05d9%5cu05da%2023-04-2020%5b%2fCOLOR%5d%5cnSmall-town%20residents%20from%20across%20America%20are%20recruited%20and%20trained%20to%20participate%20in%20a%20one-night-only%20drag%20show.%20In%20each%20episode%2c%20former%20RuPaul%5cu2019s%20Drag%20Race%20contestants%20Bob%20the%20Drag%20Queen%2c%20Eureka%20O%5cu2019Hara%20and%20Shangela%20Laquifa%20Wadley%20will%20help%20prepare%20their%20%5cu201cdrag%20daughters%5cu201d%20by%20teaching%20them%20how%20to%20step%20outside%20of%20their%20comfort%20zones.%22%2c%20%22OriginalTitle%22%3a%20%22We%27re%20Here%22%2c%20%22Tag%22%3a%20%2216%22%2c%20%22year%22%3a%20%222020%22%7d&quot"/>
</include>

<include content="baseepisods">
<param name="baseid" value="5"/>
<param name="labelname" value="האהבה היא עיוורת"/>
<param name="baseeipisod" value="508"/>
<param name="networkname" value="NETFLIX"/>
<param name="networkcolor" value="red"/>
<param name="notvisible" value="![control.hasfocus(6) | Container(35).HasFocus(2)]"/>
<param name="baseepisodcontent" value="plugin://plugin.video.mando/?all_w=%7b%7d&amp;data=2020&amp;dates=%20&amp;description=%5bCOLOR%20aqua%5d%20%d7%a9%d7%95%d7%93%d7%a8%20%d7%91%d7%aa%d7%90%d7%a8%d7%99%d7%9a%2013-02-2020%5b%2fCOLOR%5d%0aA%20group%20of%20singles%20chat%20up%20others%20through%20the%20safety%20of%20their%20private%20pod%20walls%20and%20attempt%20to%20make%20meaningful%20connections%20before%20laying%20their%20eyes%20on%20their%20potential%20partners%20for%20the%20first%20time.&amp;eng_name=%20&amp;episode=%20&amp;fanart=https%3a%2f%2fimage.tmdb.org%2ft%2fp%2foriginal%2f%2f5sZyCtojLzqYAsz0qH9QMllu55I.jpg&amp;fav_status=false&amp;heb_name=Love%20is%20Blind&amp;iconimage=https%3a%2f%2fimage.tmdb.org%2ft%2fp%2foriginal%2f%2fSGh68I6B03CuU6ViwGPaP55Tqx.jpg&amp;id=99353&amp;image_master&amp;isr=0&amp;last_id&amp;mode=19&amp;name=%5bCOLOR%20white%5d%d7%a2%d7%95%d7%a0%d7%94%201%5b%2fCOLOR%5d&amp;original_title=Love%20is%20Blind&amp;season=1&amp;show_original_year=2020&amp;tmdbid=376459&amp;url=https%3a%2f%2fapi.themoviedb.org%2f3%2ftv%2f99353%3fapi_key%3d34142515d9d23817496eeb4ff1d223d0%26language%3den%26append_to_response%3dexternal_ids&amp;video_data=%7b%22rating%22%3a%20%220%22%2c%20%22episode%22%3a%200%2c%20%22title%22%3a%20%22%5bCOLOR%20white%5d%5cu05e2%5cu05d5%5cu05e0%5cu05d4%201%5b%2fCOLOR%5d%22%2c%20%22season%22%3a%200%2c%20%22TVshowtitle%22%3a%20%22%22%2c%20%22mediatype%22%3a%20%22movie%22%2c%20%22plot%22%3a%20%22%5bCOLOR%20aqua%5d%20%5cu05e9%5cu05d5%5cu05d3%5cu05e8%20%5cu05d1%5cu05ea%5cu05d0%5cu05e8%5cu05d9%5cu05da%2013-02-2020%5b%2fCOLOR%5d%5cnA%20group%20of%20singles%20chat%20up%20others%20through%20the%20safety%20of%20their%20private%20pod%20walls%20and%20attempt%20to%20make%20meaningful%20connections%20before%20laying%20their%20eyes%20on%20their%20potential%20partners%20for%20the%20first%20time.%22%2c%20%22OriginalTitle%22%3a%20%22Love%20is%20Blind%22%2c%20%22Tag%22%3a%20%2216%22%2c%20%22year%22%3a%20%222020%22%7d&quot"/>
</include>

<include content="baseepisods">
<param name="baseid" value="5"/>
<param name="labelname" value="יוצרים את החיתוך"/>
<param name="baseeipisod" value="509"/>
<param name="networkname" value="NETFLIX"/>
<param name="networkcolor" value="red"/>
<param name="notvisible" value="![control.hasfocus(6) | Container(35).HasFocus(2)]"/>
<param name="baseepisodcontent" value="plugin://plugin.video.mando/?all_w=%7b%7d&amp;data=2020&amp;dates=%20&amp;description=%5bCOLOR%20aqua%5d%20%d7%a9%d7%95%d7%93%d7%a8%20%d7%91%d7%aa%d7%90%d7%a8%d7%99%d7%9a%2027-03-2020%5b%2fCOLOR%5d%0aHeidi%20Klum%20and%20Tim%20Gunn%20host%2012%20designers%20who%20face%20challenges%20and%20assignments%20that%20will%20test%20their%20design%20skills%20and%20their%20abilities%20to%20run%20all%20aspects%20of%20a%20business.&amp;eng_name=%20&amp;episode=%20&amp;fanart=https%3a%2f%2fimage.tmdb.org%2ft%2fp%2foriginal%2f%2ftPQ6OuMnZvs0wOvVJXjG48B15Qe.jpg&amp;fav_status=false&amp;heb_name=%d7%97%d7%99%d7%aa%d7%95%d7%9a%20%d7%9e%d7%93%d7%95%d7%99%d7%99%d7%a7&amp;iconimage=https%3a%2f%2fimage.tmdb.org%2ft%2fp%2foriginal%2f%2fu76V00LQUfmDEUvAK5zZpLKbpal.jpg&amp;id=101046&amp;image_master&amp;isr=0&amp;last_id&amp;mode=19&amp;name=%5bCOLOR%20white%5d%d7%a2%d7%95%d7%a0%d7%94%201%5b%2fCOLOR%5d&amp;original_title=Making%20the%20Cut&amp;season=1&amp;show_original_year=2020&amp;tmdbid=369626&amp;url=https%3a%2f%2fapi.themoviedb.org%2f3%2ftv%2f101046%3fapi_key%3d34142515d9d23817496eeb4ff1d223d0%26language%3den%26append_to_response%3dexternal_ids&amp;video_data=%7b%22rating%22%3a%20%220%22%2c%20%22episode%22%3a%200%2c%20%22title%22%3a%20%22%5bCOLOR%20white%5d%5cu05e2%5cu05d5%5cu05e0%5cu05d4%201%5b%2fCOLOR%5d%22%2c%20%22season%22%3a%200%2c%20%22TVshowtitle%22%3a%20%22%22%2c%20%22mediatype%22%3a%20%22movie%22%2c%20%22plot%22%3a%20%22%5bCOLOR%20aqua%5d%20%5cu05e9%5cu05d5%5cu05d3%5cu05e8%20%5cu05d1%5cu05ea%5cu05d0%5cu05e8%5cu05d9%5cu05da%2027-03-2020%5b%2fCOLOR%5d%5cnHeidi%20Klum%20and%20Tim%20Gunn%20host%2012%20designers%20who%20face%20challenges%20and%20assignments%20that%20will%20test%20their%20design%20skills%20and%20their%20abilities%20to%20run%20all%20aspects%20of%20a%20business.%22%2c%20%22OriginalTitle%22%3a%20%22Making%20the%20Cut%22%2c%20%22Tag%22%3a%20%2216%22%2c%20%22year%22%3a%20%222020%22%7d&quot"/>
</include>

<include content="baseepisods">
<param name="baseid" value="5"/>
<param name="labelname" value="המסלול הבוער"/>
<param name="baseeipisod" value="510"/>
<param name="networkname" value="NETFLIX"/>
<param name="networkcolor" value="red"/>
<param name="notvisible" value="![control.hasfocus(6) | Container(35).HasFocus(2)]"/>
<param name="baseepisodcontent" value="plugin://plugin.video.mando/?all_w=%7b%7d&amp;data=2020&amp;dates=%20&amp;description=%5bCOLOR%20aqua%5d%20%d7%a9%d7%95%d7%93%d7%a8%20%d7%91%d7%aa%d7%90%d7%a8%d7%99%d7%9a%2019-06-2020%5b%2fCOLOR%5d%0aTeams%20compete%20to%20navigate%20rooms%20flooded%20with%20lava%20by%20leaping%20from%20chairs%2c%20hanging%20from%20curtains%20and%20swinging%20from%20chandeliers.&amp;eng_name=%20&amp;episode=%20&amp;fanart=https%3a%2f%2fimage.tmdb.org%2ft%2fp%2foriginal%2f%2f5yMtF9rG7ENthXFpmegi4c9bpNs.jpg&amp;fav_status=false&amp;heb_name=%d7%94%d7%9e%d7%a1%d7%9c%d7%95%d7%9c%20%d7%94%d7%91%d7%95%d7%a2%d7%a8&amp;iconimage=https%3a%2f%2fimage.tmdb.org%2ft%2fp%2foriginal%2f%2f1vXTHdFisjps1S7bTVFR43tymeT.jpg&amp;id=104999&amp;image_master&amp;isr=0&amp;last_id&amp;mode=19&amp;name=%5bCOLOR%20white%5d%d7%a2%d7%95%d7%a0%d7%94%201%5b%2fCOLOR%5d&amp;original_title=Floor%20is%20Lava&amp;season=1&amp;show_original_year=2020&amp;tmdbid=383101&amp;url=https%3a%2f%2fapi.themoviedb.org%2f3%2ftv%2f104999%3fapi_key%3d34142515d9d23817496eeb4ff1d223d0%26language%3den%26append_to_response%3dexternal_ids&amp;video_data=%7b%22rating%22%3a%20%220%22%2c%20%22episode%22%3a%200%2c%20%22title%22%3a%20%22%5bCOLOR%20white%5d%5cu05e2%5cu05d5%5cu05e0%5cu05d4%201%5b%2fCOLOR%5d%22%2c%20%22season%22%3a%200%2c%20%22TVshowtitle%22%3a%20%22%22%2c%20%22mediatype%22%3a%20%22movie%22%2c%20%22plot%22%3a%20%22%5bCOLOR%20aqua%5d%20%5cu05e9%5cu05d5%5cu05d3%5cu05e8%20%5cu05d1%5cu05ea%5cu05d0%5cu05e8%5cu05d9%5cu05da%2019-06-2020%5b%2fCOLOR%5d%5cnTeams%20compete%20to%20navigate%20rooms%20flooded%20with%20lava%20by%20leaping%20from%20chairs%2c%20hanging%20from%20curtains%20and%20swinging%20from%20chandeliers.%22%2c%20%22OriginalTitle%22%3a%20%22Floor%20is%20Lava%22%2c%20%22Tag%22%3a%20%2216%22%2c%20%22year%22%3a%20%222020%22%7d&quot"/>
</include>

<include content="baseepisods">
<param name="baseid" value="5"/>
<param name="labelname" value="דייטים"/>
<param name="baseeipisod" value="511"/>
<param name="networkname" value="NETFLIX"/>
<param name="networkcolor" value="red"/>
<param name="notvisible" value="![control.hasfocus(6) | Container(35).HasFocus(2)]"/>
<param name="baseepisodcontent" value="plugin://plugin.video.mando/?all_w=%7b%7d&amp;data=2020&amp;dates=%20&amp;description=%5bCOLOR%20aqua%5d%20%d7%a9%d7%95%d7%93%d7%a8%20%d7%91%d7%aa%d7%90%d7%a8%d7%99%d7%9a%2012-06-2020%5b%2fCOLOR%5d%0aIn%20each%20episode%20of%20flirtations%20and%20fails%2c%20one%20real-life%20single%20navigates%20five%20blind%20dates.%20The%20mission%3a%20Find%20one%20match%20worthy%20of%20a%20second%20date.&amp;eng_name=%20&amp;episode=%20&amp;fanart=https%3a%2f%2fimage.tmdb.org%2ft%2fp%2foriginal%2f%2f7o1w9s43hXdxr9AJAftGapSA4jy.jpg&amp;fav_status=false&amp;heb_name=%d7%93%d7%99%d7%99%d7%98%d7%99%d7%9d&amp;iconimage=https%3a%2f%2fimage.tmdb.org%2ft%2fp%2foriginal%2f%2f8Bylu6ne7GRLzdfKEDwWJNfZugP.jpg&amp;id=86807&amp;image_master&amp;isr=0&amp;last_id&amp;mode=19&amp;name=%5bCOLOR%20white%5d%d7%a2%d7%95%d7%a0%d7%94%202%5b%2fCOLOR%5d&amp;original_title=Dating%20Around&amp;season=2&amp;show_original_year=2019&amp;tmdbid=359217&amp;url=https%3a%2f%2fapi.themoviedb.org%2f3%2ftv%2f86807%3fapi_key%3d34142515d9d23817496eeb4ff1d223d0%26language%3den%26append_to_response%3dexternal_ids&amp;video_data=%7b%22rating%22%3a%20%220%22%2c%20%22episode%22%3a%200%2c%20%22title%22%3a%20%22%5bCOLOR%20white%5d%5cu05e2%5cu05d5%5cu05e0%5cu05d4%202%5b%2fCOLOR%5d%22%2c%20%22season%22%3a%200%2c%20%22TVshowtitle%22%3a%20%22%22%2c%20%22mediatype%22%3a%20%22movie%22%2c%20%22plot%22%3a%20%22%5bCOLOR%20aqua%5d%20%5cu05e9%5cu05d5%5cu05d3%5cu05e8%20%5cu05d1%5cu05ea%5cu05d0%5cu05e8%5cu05d9%5cu05da%2012-06-2020%5b%2fCOLOR%5d%5cnIn%20each%20episode%20of%20flirtations%20and%20fails%2c%20one%20real-life%20single%20navigates%20five%20blind%20dates.%20The%20mission%3a%20Find%20one%20match%20worthy%20of%20a%20second%20date.%22%2c%20%22OriginalTitle%22%3a%20%22Dating%20Around%22%2c%20%22Tag%22%3a%20%2216%22%2c%20%22year%22%3a%20%222020%22%7d&quot"/>
</include>

<include content="baseepisods">
<param name="baseid" value="5"/>
<param name="labelname" value="נישואים במבחן"/>
<param name="baseeipisod" value="512"/>
<param name="networkname" value="NETFLIX"/>
<param name="networkcolor" value="red"/>
<param name="notvisible" value="![control.hasfocus(6) | Container(35).HasFocus(2)]"/>
<param name="baseepisodcontent" value="plugin://plugin.video.mando/?all_w=%7b%7d&amp;data=2019&amp;dates=%20&amp;description=%5bCOLOR%20aqua%5d%20%d7%a9%d7%95%d7%93%d7%a8%20%d7%91%d7%aa%d7%90%d7%a8%d7%99%d7%9a%2012-07-2019%5b%2fCOLOR%5d%0aAn%20engaged%20couple%20travels%20the%20world%20for%20a%20year%20to%20explore%20marriage%20customs%20in%20diverse%20cultures.%20Will%20the%20journey%20bring%20them%20closer%20or%20tear%20them%20apart%3f&amp;eng_name=%20&amp;episode=%20&amp;fanart=https%3a%2f%2fimage.tmdb.org%2ft%2fp%2foriginal%2f%2fcvcxf9jqUfxqFQjp0aEScEbisRG.jpg&amp;fav_status=false&amp;heb_name=Extreme%20Engagement&amp;iconimage=https%3a%2f%2fimage.tmdb.org%2ft%2fp%2foriginal%2f%2fklLVZImNNnWtG9FXMIe7K6vS1SJ.jpg&amp;id=91047&amp;image_master&amp;isr=0&amp;last_id&amp;mode=19&amp;name=%5bCOLOR%20white%5d%d7%a2%d7%95%d7%a0%d7%94%201%5b%2fCOLOR%5d&amp;original_title=Extreme%20Engagement&amp;season=1&amp;show_original_year=2019&amp;tmdbid=366662&amp;url=https%3a%2f%2fapi.themoviedb.org%2f3%2ftv%2f91047%3fapi_key%3d34142515d9d23817496eeb4ff1d223d0%26language%3den%26append_to_response%3dexternal_ids&amp;video_data=%7b%22rating%22%3a%20%220%22%2c%20%22episode%22%3a%200%2c%20%22title%22%3a%20%22%5bCOLOR%20white%5d%5cu05e2%5cu05d5%5cu05e0%5cu05d4%201%5b%2fCOLOR%5d%22%2c%20%22season%22%3a%200%2c%20%22TVshowtitle%22%3a%20%22%22%2c%20%22mediatype%22%3a%20%22movie%22%2c%20%22plot%22%3a%20%22%5bCOLOR%20aqua%5d%20%5cu05e9%5cu05d5%5cu05d3%5cu05e8%20%5cu05d1%5cu05ea%5cu05d0%5cu05e8%5cu05d9%5cu05da%2012-07-2019%5b%2fCOLOR%5d%5cnAn%20engaged%20couple%20travels%20the%20world%20for%20a%20year%20to%20explore%20marriage%20customs%20in%20diverse%20cultures.%20Will%20the%20journey%20bring%20them%20closer%20or%20tear%20them%20apart%3f%22%2c%20%22OriginalTitle%22%3a%20%22Extreme%20Engagement%22%2c%20%22Tag%22%3a%20%2216%22%2c%20%22year%22%3a%20%222019%22%7d&quot"/>
</include>

<include content="baseepisods">
<param name="baseid" value="5"/>
<param name="labelname" value="המלשן האחרון"/>
<param name="baseeipisod" value="513"/>
<param name="networkname" value="NETFLIX"/>
<param name="networkcolor" value="red"/>
<param name="notvisible" value="![control.hasfocus(6) | Container(35).HasFocus(2)]"/>
<param name="baseepisodcontent" value="plugin://plugin.video.mando/?all_w=%7b%7d&amp;data=2020&amp;dates=%20&amp;description=%5bCOLOR%20aqua%5d%20%d7%a9%d7%95%d7%93%d7%a8%20%d7%91%d7%aa%d7%90%d7%a8%d7%99%d7%9a%2015-05-2020%5b%2fCOLOR%5d%0aIn%201985%2c%20American%20DEA%20agent%20Enrique%20%e2%80%9cKiki%e2%80%9d%20Camarena%20was%20kidnapped%2c%20tortured%2c%20and%20murdered%20by%20Mexico%e2%80%99s%20most%20notorious%20drug%20lords.%20Thirty-five%20years%20later%2c%20three%20former%20cartel%20insiders%20share%20unprecedented%20details.%20This%20is%20the%20story%20of%20Camarena%2c%20the%20drug%20cartel%20he%20infiltrated%2c%20and%20the%20narc%20who%20risked%20everything%20to%20discover%20the%20truth.&amp;eng_name=%20&amp;episode=%20&amp;fanart=https%3a%2f%2fimage.tmdb.org%2ft%2fp%2foriginal%2f%2fg3XyLdqSLjaz8rVQ8umk6QpkP4V.jpg&amp;fav_status=false&amp;heb_name=%d7%94%d7%a1%d7%95%d7%9b%d7%9f%20%d7%94%d7%90%d7%97%d7%a8%d7%95%d7%9f&amp;iconimage=https%3a%2f%2fimage.tmdb.org%2ft%2fp%2foriginal%2f%2fmTn876NfDhQHp5M5wf1sdte5SoR.jpg&amp;id=102831&amp;image_master&amp;isr=0&amp;last_id&amp;mode=19&amp;name=%5bCOLOR%20white%5d%d7%a2%d7%95%d7%a0%d7%94%201%5b%2fCOLOR%5d&amp;original_title=The%20Last%20Narc&amp;season=1&amp;show_original_year=2020&amp;tmdbid=381270&amp;url=https%3a%2f%2fapi.themoviedb.org%2f3%2ftv%2f102831%3fapi_key%3d34142515d9d23817496eeb4ff1d223d0%26language%3den%26append_to_response%3dexternal_ids&amp;video_data=%7b%22rating%22%3a%20%220%22%2c%20%22episode%22%3a%200%2c%20%22title%22%3a%20%22%5bCOLOR%20white%5d%5cu05e2%5cu05d5%5cu05e0%5cu05d4%201%5b%2fCOLOR%5d%22%2c%20%22season%22%3a%200%2c%20%22TVshowtitle%22%3a%20%22%22%2c%20%22mediatype%22%3a%20%22movie%22%2c%20%22plot%22%3a%20%22%5bCOLOR%20aqua%5d%20%5cu05e9%5cu05d5%5cu05d3%5cu05e8%20%5cu05d1%5cu05ea%5cu05d0%5cu05e8%5cu05d9%5cu05da%2015-05-2020%5b%2fCOLOR%5d%5cnIn%201985%2c%20American%20DEA%20agent%20Enrique%20%5cu201cKiki%5cu201d%20Camarena%20was%20kidnapped%2c%20tortured%2c%20and%20murdered%20by%20Mexico%5cu2019s%20most%20notorious%20drug%20lords.%20Thirty-five%20years%20later%2c%20three%20former%20cartel%20insiders%20share%20unprecedented%20details.%20This%20is%20the%20story%20of%20Camarena%2c%20the%20drug%20cartel%20he%20infiltrated%2c%20and%20the%20narc%20who%20risked%20everything%20to%20discover%20the%20truth.%22%2c%20%22OriginalTitle%22%3a%20%22The%20Last%20Narc%22%2c%20%22Tag%22%3a%20%2216%22%2c%20%22year%22%3a%20%222020%22%7d&quot"/>
</include>

<include content="baseepisods">
<param name="baseid" value="5"/>
<param name="labelname" value="מחוברים עולם של נתונים"/>
<param name="baseeipisod" value="515"/>
<param name="networkname" value="NETFLIX"/>
<param name="networkcolor" value="red"/>
<param name="notvisible" value="![control.hasfocus(6) | Container(35).HasFocus(2)]"/>
<param name="baseepisodcontent" value="plugin://plugin.video.mando/?all_w=%7b%7d&amp;data=2020&amp;dates=%20&amp;description=%5bCOLOR%20aqua%5d%20%d7%a9%d7%95%d7%93%d7%a8%20%d7%91%d7%aa%d7%90%d7%a8%d7%99%d7%9a%2002-08-2020%5b%2fCOLOR%5d%0aScience%20journalist%20Latif%20Nasser%20investigates%20the%20surprising%20and%20intricate%20ways%20in%20which%20we%20are%20connected%20to%20each%20other%2c%20the%20world%20and%20the%20universe.&amp;eng_name=%20&amp;episode=%20&amp;fanart=https%3a%2f%2fimage.tmdb.org%2ft%2fp%2foriginal%2f%2fwbS5gQCwfl5Psa8PEyVNH89tBWY.jpg&amp;fav_status=false&amp;heb_name=%d7%9e%d7%97%d7%95%d7%91%d7%a8%d7%99%d7%9d%3a%20%d7%a2%d7%95%d7%9c%d7%9d%20%d7%a9%d7%9c%20%d7%a0%d7%aa%d7%95%d7%a0%d7%99%d7%9d&amp;iconimage=https%3a%2f%2fimage.tmdb.org%2ft%2fp%2foriginal%2f%2fu1xTMUr9aCplVLi67zsJ0DOpbz0.jpg&amp;id=106525&amp;image_master&amp;isr=0&amp;last_id&amp;mode=19&amp;name=%5bCOLOR%20white%5d%d7%a2%d7%95%d7%a0%d7%94%201%5b%2fCOLOR%5d&amp;original_title=Connected&amp;season=1&amp;show_original_year=2020&amp;tmdbid=385705&amp;url=https%3a%2f%2fapi.themoviedb.org%2f3%2ftv%2f106525%3fapi_key%3d34142515d9d23817496eeb4ff1d223d0%26language%3den%26append_to_response%3dexternal_ids&amp;video_data=%7b%22rating%22%3a%20%220%22%2c%20%22episode%22%3a%200%2c%20%22title%22%3a%20%22%5bCOLOR%20white%5d%5cu05e2%5cu05d5%5cu05e0%5cu05d4%201%5b%2fCOLOR%5d%22%2c%20%22season%22%3a%200%2c%20%22TVshowtitle%22%3a%20%22%22%2c%20%22mediatype%22%3a%20%22movie%22%2c%20%22plot%22%3a%20%22%5bCOLOR%20aqua%5d%20%5cu05e9%5cu05d5%5cu05d3%5cu05e8%20%5cu05d1%5cu05ea%5cu05d0%5cu05e8%5cu05d9%5cu05da%2002-08-2020%5b%2fCOLOR%5d%5cnScience%20journalist%20Latif%20Nasser%20investigates%20the%20surprising%20and%20intricate%20ways%20in%20which%20we%20are%20connected%20to%20each%20other%2c%20the%20world%20and%20the%20universe.%22%2c%20%22OriginalTitle%22%3a%20%22Connected%22%2c%20%22Tag%22%3a%20%2216%22%2c%20%22year%22%3a%20%222020%22%7d&quot"/>
</include>

<include content="baseepisods">
<param name="baseid" value="5"/>
<param name="labelname" value="עדות זועקת"/>
<param name="baseeipisod" value="516"/>
<param name="networkname" value="NETFLIX"/>
<param name="networkcolor" value="red"/>
<param name="notvisible" value="![control.hasfocus(6) | Container(35).HasFocus(2)]"/>
<param name="baseepisodcontent" value="plugin://plugin.video.shadow/?all_w=%7b%7d&amp;data=2020&amp;dates=%20&amp;description=%5bCOLOR%20aqua%5d%20Aired%20At%2005-07-2020%5b%2fCOLOR%5d%0aA%20five-part%20documentary%20series%20examining%20the%20gripping%20story%20of%20high%20school%20football%20star%20Greg%20Kelley%20who%20was%20convicted%20of%20sexual%20assault%20of%20a%20four-year-old%20boy%2c%20and%20sentenced%20to%2025%20years%20in%20prison%20with%20no%20possibility%20for%20parole.%20But%20a%20groundswell%20of%20support%20emerged%20for%20Kelley%2c%20calling%20into%20question%20the%20investigation%2c%20the%20prosecution%27s%20tactics%20and%20ultimately%2c%20the%20validity%20of%20the%20conviction.&amp;eng_name=%20&amp;episode=%20&amp;fanart=https%3a%2f%2fimage.tmdb.org%2ft%2fp%2foriginal%2f%2f14A89enGTWJrLBPNC25Zvb6JCTX.jpg&amp;fav_status=false&amp;heb_name=Outcry&amp;iconimage=https%3a%2f%2fimage.tmdb.org%2ft%2fp%2foriginal%2f%2fd3ReaxwpkwkROl1BaK4rUeXqOyP.jpg&amp;id=103050&amp;image_master&amp;isr=0&amp;last_id&amp;mode=19&amp;name=%5bCOLOR%20white%5dSeason%201%5b%2fCOLOR%5d&amp;original_title=Outcry&amp;season=1&amp;show_original_year=2020&amp;tmdbid=383603&amp;url=https%3a%2f%2fapi.themoviedb.org%2f3%2ftv%2f103050%3fapi_key%3d34142515d9d23817496eeb4ff1d223d0%26language%3den%26append_to_response%3dexternal_ids&amp;video_data=%7b%22rating%22%3a%20%220%22%2c%20%22episode%22%3a%200%2c%20%22title%22%3a%20%22%5bCOLOR%20white%5dSeason%201%5b%2fCOLOR%5d%22%2c%20%22season%22%3a%200%2c%20%22TVshowtitle%22%3a%20%22%22%2c%20%22mediatype%22%3a%20%22movie%22%2c%20%22plot%22%3a%20%22%5bCOLOR%20aqua%5d%20Aired%20At%2005-07-2020%5b%2fCOLOR%5d%5cnA%20five-part%20documentary%20series%20examining%20the%20gripping%20story%20of%20high%20school%20football%20star%20Greg%20Kelley%20who%20was%20convicted%20of%20sexual%20assault%20of%20a%20four-year-old%20boy%2c%20and%20sentenced%20to%2025%20years%20in%20prison%20with%20no%20possibility%20for%20parole.%20But%20a%20groundswell%20of%20support%20emerged%20for%20Kelley%2c%20calling%20into%20question%20the%20investigation%2c%20the%20prosecution%27s%20tactics%20and%20ultimately%2c%20the%20validity%20of%20the%20conviction.%22%2c%20%22OriginalTitle%22%3a%20%22Outcry%22%2c%20%22Tag%22%3a%20%2216%22%2c%20%22year%22%3a%20%222020%22%7d&quot"/>
</include>

<include content="baseepisods">
<param name="baseid" value="5"/>
<param name="labelname" value="לא בריא"/>
<param name="baseeipisod" value="517"/>
<param name="networkname" value="NETFLIX"/>
<param name="networkcolor" value="red"/>
<param name="notvisible" value="![control.hasfocus(6) | Container(35).HasFocus(2)]"/>
<param name="baseepisodcontent" value="plugin://plugin.video.mando/?all_w=%7b%7d&amp;data=2020&amp;dates=%20&amp;description=%5bCOLOR%20aqua%5d%20%d7%a9%d7%95%d7%93%d7%a8%20%d7%91%d7%aa%d7%90%d7%a8%d7%99%d7%9a%2012-08-2020%5b%2fCOLOR%5d%0aThis%20docuseries%20takes%20a%20deep%20dive%20into%20the%20lucrative%20wellness%20industry%2c%20which%20touts%20health%20and%20healing.%20But%20do%20the%20products%20live%20up%20to%20the%20promises%3f&amp;eng_name=%20&amp;episode=%20&amp;fanart=https%3a%2f%2fimage.tmdb.org%2ft%2fp%2foriginal%2f%2ffhIUJF2MpFoFXLCEErOIEuucqRi.jpg&amp;fav_status=false&amp;heb_name=(%d7%9c%d7%90)%20%d7%91%d7%a8%d7%99%d7%90&amp;iconimage=https%3a%2f%2fimage.tmdb.org%2ft%2fp%2foriginal%2f%2fbC1CSudFJCvDm679fRtqdVHlDc3.jpg&amp;id=106530&amp;image_master&amp;isr=0&amp;last_id&amp;mode=19&amp;name=%5bCOLOR%20white%5d%d7%a2%d7%95%d7%a0%d7%94%201%5b%2fCOLOR%5d&amp;original_title=(Un)Well&amp;season=1&amp;show_original_year=2020&amp;tmdbid=385803&amp;url=https%3a%2f%2fapi.themoviedb.org%2f3%2ftv%2f106530%3fapi_key%3d34142515d9d23817496eeb4ff1d223d0%26language%3den%26append_to_response%3dexternal_ids&amp;video_data=%7b%22rating%22%3a%20%220%22%2c%20%22episode%22%3a%200%2c%20%22title%22%3a%20%22%5bCOLOR%20white%5d%5cu05e2%5cu05d5%5cu05e0%5cu05d4%201%5b%2fCOLOR%5d%22%2c%20%22season%22%3a%200%2c%20%22TVshowtitle%22%3a%20%22%22%2c%20%22mediatype%22%3a%20%22movie%22%2c%20%22plot%22%3a%20%22%5bCOLOR%20aqua%5d%20%5cu05e9%5cu05d5%5cu05d3%5cu05e8%20%5cu05d1%5cu05ea%5cu05d0%5cu05e8%5cu05d9%5cu05da%2012-08-2020%5b%2fCOLOR%5d%5cnThis%20docuseries%20takes%20a%20deep%20dive%20into%20the%20lucrative%20wellness%20industry%2c%20which%20touts%20health%20and%20healing.%20But%20do%20the%20products%20live%20up%20to%20the%20promises%3f%22%2c%20%22OriginalTitle%22%3a%20%22(Un)Well%22%2c%20%22Tag%22%3a%20%2216%22%2c%20%22year%22%3a%20%222020%22%7d&quot"/>
</include>

<include content="baseepisods">
<param name="baseid" value="5"/>
<param name="labelname" value="עדות זועקת"/>
<param name="baseeipisod" value="518"/>
<param name="networkname" value="NETFLIX"/>
<param name="networkcolor" value="red"/>
<param name="notvisible" value="![control.hasfocus(6) | Container(35).HasFocus(2)]"/>
<param name="baseepisodcontent" value="plugin://plugin.video.shadow/?all_w=%7b%7d&amp;data=2020&amp;dates=%20&amp;description=%5bCOLOR%20aqua%5d%20Aired%20At%2005-07-2020%5b%2fCOLOR%5d%0aA%20five-part%20documentary%20series%20examining%20the%20gripping%20story%20of%20high%20school%20football%20star%20Greg%20Kelley%20who%20was%20convicted%20of%20sexual%20assault%20of%20a%20four-year-old%20boy%2c%20and%20sentenced%20to%2025%20years%20in%20prison%20with%20no%20possibility%20for%20parole.%20But%20a%20groundswell%20of%20support%20emerged%20for%20Kelley%2c%20calling%20into%20question%20the%20investigation%2c%20the%20prosecution%27s%20tactics%20and%20ultimately%2c%20the%20validity%20of%20the%20conviction.&amp;eng_name=%20&amp;episode=%20&amp;fanart=https%3a%2f%2fimage.tmdb.org%2ft%2fp%2foriginal%2f%2f14A89enGTWJrLBPNC25Zvb6JCTX.jpg&amp;fav_status=false&amp;heb_name=Outcry&amp;iconimage=https%3a%2f%2fimage.tmdb.org%2ft%2fp%2foriginal%2f%2fd3ReaxwpkwkROl1BaK4rUeXqOyP.jpg&amp;id=103050&amp;image_master&amp;isr=0&amp;last_id&amp;mode=19&amp;name=%5bCOLOR%20white%5dSeason%201%5b%2fCOLOR%5d&amp;original_title=Outcry&amp;season=1&amp;show_original_year=2020&amp;tmdbid=383603&amp;url=https%3a%2f%2fapi.themoviedb.org%2f3%2ftv%2f103050%3fapi_key%3d34142515d9d23817496eeb4ff1d223d0%26language%3den%26append_to_response%3dexternal_ids&amp;video_data=%7b%22rating%22%3a%20%220%22%2c%20%22episode%22%3a%200%2c%20%22title%22%3a%20%22%5bCOLOR%20white%5dSeason%201%5b%2fCOLOR%5d%22%2c%20%22season%22%3a%200%2c%20%22TVshowtitle%22%3a%20%22%22%2c%20%22mediatype%22%3a%20%22movie%22%2c%20%22plot%22%3a%20%22%5bCOLOR%20aqua%5d%20Aired%20At%2005-07-2020%5b%2fCOLOR%5d%5cnA%20five-part%20documentary%20series%20examining%20the%20gripping%20story%20of%20high%20school%20football%20star%20Greg%20Kelley%20who%20was%20convicted%20of%20sexual%20assault%20of%20a%20four-year-old%20boy%2c%20and%20sentenced%20to%2025%20years%20in%20prison%20with%20no%20possibility%20for%20parole.%20But%20a%20groundswell%20of%20support%20emerged%20for%20Kelley%2c%20calling%20into%20question%20the%20investigation%2c%20the%20prosecution%27s%20tactics%20and%20ultimately%2c%20the%20validity%20of%20the%20conviction.%22%2c%20%22OriginalTitle%22%3a%20%22Outcry%22%2c%20%22Tag%22%3a%20%2216%22%2c%20%22year%22%3a%20%222020%22%7d&quot"/>
</include>

<!--tvshow1-->
<!--<include content="baseepisods">
<param name="baseid" value="6"/>
<param name="labelname" value="אהבה על הרצף"/>
<param name="baseeipisod" value="800"/>
<param name="networkname" value="Unknown"/>
<param name="networkcolor" value="red"/>
<param name="notvisible" value="![control.hasfocus(5) | Container(35).HasFocus(1)]"/>
<param name="baseepisodcontent" value="plugin://plugin.video.mando/?all_w=%7b%7d&amp;data=2019&amp;dates=%20&amp;description=%5bCOLOR%20aqua%5d%20%d7%a9%d7%95%d7%93%d7%a8%20%d7%91%d7%aa%d7%90%d7%a8%d7%99%d7%9a%2019-11-2019%5b%2fCOLOR%5d%0aSeven%20singles%20take%20their%20first%20steps%20into%20the%20world%20of%20dating%3b%20this%20uplifting%20four-part%20documentary%20follows%20young%20adults%20on%20the%20autism%20spectrum%20as%20they%20explore%20the%20unpredictable%20world%20of%20love%20and%20relationships.&amp;eng_name=%20&amp;episode=%20&amp;fanart=https%3a%2f%2fimage.tmdb.org%2ft%2fp%2foriginal%2f%2f4ZQBTq0WghXYgsJO6vKtKNw5aBU.jpg&amp;fav_status=false&amp;heb_name=%d7%90%d7%94%d7%91%d7%94%20%d7%a2%d7%9c%20%d7%94%d7%a8%d7%a6%d7%a3&amp;iconimage=https%3a%2f%2fimage.tmdb.org%2ft%2fp%2foriginal%2f%2fzMsuBnjsKDMUrAZ0Ey6Ux3bVtn7.jpg&amp;id=95730&amp;image_master&amp;isr=0&amp;last_id&amp;mode=19&amp;name=%5bCOLOR%20white%5d%d7%a2%d7%95%d7%a0%d7%94%201%5b%2fCOLOR%5d&amp;original_title=Love%20on%20the%20Spectrum&amp;season=1&amp;show_original_year=2019&amp;tmdbid=372611&amp;url=https%3a%2f%2fapi.themoviedb.org%2f3%2ftv%2f95730%3fapi_key%3d34142515d9d23817496eeb4ff1d223d0%26language%3den%26append_to_response%3dexternal_ids&amp;video_data=%7b%22rating%22%3a%20%220%22%2c%20%22episode%22%3a%200%2c%20%22title%22%3a%20%22%5bCOLOR%20white%5d%5cu05e2%5cu05d5%5cu05e0%5cu05d4%201%5b%2fCOLOR%5d%22%2c%20%22season%22%3a%200%2c%20%22TVshowtitle%22%3a%20%22%22%2c%20%22mediatype%22%3a%20%22movie%22%2c%20%22plot%22%3a%20%22%5bCOLOR%20aqua%5d%20%5cu05e9%5cu05d5%5cu05d3%5cu05e8%20%5cu05d1%5cu05ea%5cu05d0%5cu05e8%5cu05d9%5cu05da%2019-11-2019%5b%2fCOLOR%5d%5cnSeven%20singles%20take%20their%20first%20steps%20into%20the%20world%20of%20dating%3b%20this%20uplifting%20four-part%20documentary%20follows%20young%20adults%20on%20the%20autism%20spectrum%20as%20they%20explore%20the%20unpredictable%20world%20of%20love%20and%20relationships.%22%2c%20%22OriginalTitle%22%3a%20%22Love%20on%20the%20Spectrum%22%2c%20%22Tag%22%3a%20%2216%22%2c%20%22year%22%3a%20%222019%22%7d&quot"/>
</include>-->
</control>


<control type="group">
<control type="multiimage">
<posx>1635</posx>
<posy>850</posy>
<width>280</width>
<height>150</height>
<imagepath>https://i.imgur.com/C7KDiR8.png</imagepath>
</control>
</control>
<control type="list" id="35">
<posx>1600</posx>
<posy>800</posy>
<width>550</width>
<height>650</height>
<onright condition="Container(35).HasFocus(1)">Control.SetFocus(5)</onright>
<onright condition="Container(35).HasFocus(2)">Control.SetFocus(6)</onright>
<onleft condition="Container(35).HasFocus(1)">Control.SetFocus(5)</onleft>
<onleft condition="Container(35).HasFocus(2)">Control.SetFocus(6)</onleft>
<orientation>vertical</orientation>
<itemlayout width="150" height="340">
<control type="label">
<posx>180</posx>
<posy>100</posy>
<width>200</width>
<height>40</height>
<align>center</align>
<textcolor>white</textcolor>
<label>$INFO[ListItem.Label]</label>
</control>
<control type="label">
<posx>145</posx>
<posy>170</posy>
<width>200</width>
<height>40</height>
<align>center</align>
<textcolor>white</textcolor>
<label>$INFO[ListItem.Label2]</label>
</control>
</itemlayout>
<focusedlayout width="150" height="340">
<control type="label">
<animation condition="Control.HasFocus(35)" effect="fade" start="0" end="100" time="1100">Conditional</animation>
<posx>180</posx>
<posy>100</posy>
<width>150</width>
<height>40</height>
<align>center</align>
<textcolor>white</textcolor>
<label>[B]$INFO[ListItem.Label][/B]</label>
</control>
<control type="label">
<visible>!control.hasfocus(35)</visible>
<posx>145</posx>
<posy>170</posy>
<width>200</width>
<height>40</height>
<align>center</align>
<textcolor>white</textcolor>
<label>$INFO[ListItem.Label2]</label>
</control>
<control type="label">

<visible>control.hasfocus(35)</visible>
<posx>145</posx>
<posy>170</posy>
<width>200</width>
<height>40</height>
<align>center</align>
<textcolor>cyan</textcolor>
<label>$INFO[ListItem.Label2]</label>
</control>
</focusedlayout>
<content>
<item id="1">
<label>-1-</label>
<label2>סדרות דוקו</label2>
<onclick>Control.SetFocus(5)</onclick>
</item>

<!--<item id="2">
<label>-2-</label>
<label2>סדרות דוקו</label2>
<onclick>Control.SetFocus(6)</onclick>
</item>-->
</content>
</control>

</controls>
</window>
