<?xml version="1.0" encoding="UTF-8"?>
<!-- Foundation -->
<window id="6766" type="dialog">
    <defaultcontrol always="true">2164</defaultcontrol>

<controls>


<control type="group">
<animation type="WindowOpen">
<effect type="slide" start="0,0" end="0,-800" time="250" tween="sine" easing="inout"/>
</animation>
<animation type="WindowOpen">
<effect type="slide" start="-800,0" end="0,0" time="250" tween="sine" easing="inout"/>
</animation>
<control type="image">
<posx>0</posx>
<posy>1485</posy>
<width>1920</width>
<height>400</height>
<bordertexture colordiffuse="grey_a">white.png</bordertexture>
<bordersize>4</bordersize>
<texture colordiffuse="black">white.png</texture>
</control>
</control>

<include content="seriascontent">
<param name="stringid" value="791"/>
<param name="stringcompare" value="791"/>
<param name="sessionnumber" value="1"/>
<param name="posy" value="1000"/>
<param name="labelname" value="סיפורים מופלאים"/>
<param name="genrename" value="הרפתקאות"/>
<param name="yearname" value="2020"/>
<param name="actioninfoid" value="791"/>
<param name="onup" value="2164"/>
<param name="fanartid" value="https://static.sdarot.life/series/5271.jpg"/>
<param name="textplot" value="דמויות שגרתיות לחלוטין נקלעות לעולמות של פלא, אפשרויות ודימיון."/>
<param name="episodedcontent" value="plugin://plugin.video.telemedia/?data=2020&amp;dates=%20&amp;description=%5bCOLOR%20aqua%5d%20%d7%a9%d7%95%d7%93%d7%a8%20%d7%91%d7%aa%d7%90%d7%a8%d7%99%d7%9a%2006-03-2020%5b%2fCOLOR%5d%0a%d7%93%d7%9e%d7%95%d7%99%d7%95%d7%aa%20%d7%a9%d7%92%d7%a8%d7%aa%d7%99%d7%95%d7%aa%20%d7%9c%d7%97%d7%9c%d7%95%d7%98%d7%99%d7%9f%20%d7%a0%d7%a7%d7%9c%d7%a2%d7%95%d7%aa%20%d7%9c%d7%a2%d7%95%d7%9c%d7%9e%d7%95%d7%aa%20%d7%a9%d7%9c%20%d7%a4%d7%9c%d7%90%2c%20%d7%90%d7%a4%d7%a9%d7%a8%d7%95%d7%99%d7%95%d7%aa%20%d7%95%d7%93%d7%99%d7%9e%d7%99%d7%95%d7%9f.&amp;eng_name=%20&amp;episode=%20&amp;fanart=https%3a%2f%2fimage.tmdb.org%2ft%2fp%2foriginal%2f%2ffQ472YLMphoaSFtcaFmf4rwIdDM.jpg&amp;fav_status=false&amp;heb_name=%d7%a1%d7%99%d7%a4%d7%95%d7%a8%d7%99%d7%9d%20%d7%9e%d7%95%d7%a4%d7%9c%d7%90%d7%99%d7%9d&amp;iconimage=https%3a%2f%2fimage.tmdb.org%2ft%2fp%2foriginal%2f%2fevcvXE6BP8fT8UoWsyiTBvxqyrL.jpg&amp;id=98178&amp;image_master&amp;isr=0&amp;last_id&amp;mode=19&amp;name=%5bCOLOR%20white%5d%20%d7%a2%d7%95%d7%a0%d7%94%201%5b%2fCOLOR%5d&amp;original_title=Amazing%20Stories&amp;season=1&amp;show_original_year=2020&amp;tmdbid=368120&amp;url=https%3a%2f%2fapi.themoviedb.org%2f3%2ftv%2f98178%3fapi_key%3d34142515d9d23817496eeb4ff1d223d0%26language%3dhe%2cen%26append_to_response%3dexternal_ids&quot"/>
</include>

<include content="seriascontent">
<param name="stringid" value="792"/>
<param name="stringcompare" value="792"/>
<param name="sessionnumber" value="1"/>
<param name="posy" value="1000"/>
<param name="labelname" value="המפתחות של משפחת לוק"/>
<param name="genrename" value="אימה דרמה פנטזיה"/>
<param name="yearname" value="2020"/>
<param name="actioninfoid" value="792"/>
<param name="onup" value="2164"/>
<param name="fanartid" value="https://static.sdarot.life/series/5222.jpg"/>
<param name="textplot" value="המפתחות של משפחת לוק  סובבת סביב  שלושה אחים שאחרי הרצח המבעית של אביהם עוברים לבית האב במסצ'וסטס רק כדי למצוא בבית מפתחות קסומים המעניקים להם מערך עצום של כוחות ויכולות. אך שד ערמומי חושק גם הוא את המפתחות ולא יבחל באמצעים כדי להשיג אותם."/>
<param name="episodedcontent" value="plugin://plugin.video.telemedia/?%20Key&amp;data=2020&amp;dates=%20&amp;description=%5bCOLOR%20aqua%5d%20%d7%a9%d7%95%d7%93%d7%a8%20%d7%91%d7%aa%d7%90%d7%a8%d7%99%d7%9a%2007-02-2020%5b%2fCOLOR%5d%0a%22%d7%94%d7%9e%d7%a4%d7%aa%d7%97%d7%95%d7%aa%20%d7%a9%d7%9c%20%d7%9e%d7%a9%d7%a4%d7%97%d7%aa%20%d7%9c%d7%95%d7%a7%22%20%d7%a1%d7%95%d7%91%d7%91%d7%aa%20%d7%a1%d7%91%d7%99%d7%91%20%22%d7%a9%d7%9c%d7%95%d7%a9%d7%94%20%d7%90%d7%97%d7%99%d7%9d%20%d7%a9%d7%90%d7%97%d7%a8%d7%99%20%d7%94%d7%a8%d7%a6%d7%97%20%d7%94%d7%9e%d7%91%d7%a2%d7%99%d7%aa%20%d7%a9%d7%9c%20%d7%90%d7%91%d7%99%d7%94%d7%9d%20%d7%a2%d7%95%d7%91%d7%a8%d7%99%d7%9d%20%d7%9c%d7%91%d7%99%d7%aa%20%d7%94%d7%90%d7%91%20%d7%91%d7%9e%d7%a1%d7%a6%27%d7%95%d7%a1%d7%98%d7%a1%20%d7%a8%d7%a7%20%d7%9b%d7%93%d7%99%20%d7%9c%d7%9e%d7%a6%d7%95%d7%90%20%d7%91%d7%91%d7%99%d7%aa%20%d7%9e%d7%a4%d7%aa%d7%97%d7%95%d7%aa%20%d7%a7%d7%a1%d7%95%d7%9e%d7%99%d7%9d%20%d7%94%d7%9e%d7%a2%d7%a0%d7%99%d7%a7%d7%99%d7%9d%20%d7%9c%d7%94%d7%9d%20%d7%9e%d7%a2%d7%a8%d7%9a%20%d7%a2%d7%a6%d7%95%d7%9d%20%d7%a9%d7%9c%20%d7%9b%d7%95%d7%97%d7%95%d7%aa%20%d7%95%d7%99%d7%9b%d7%95%d7%9c%d7%95%d7%aa.%20%d7%90%d7%9a%20%d7%a9%d7%93%20%d7%a2%d7%a8%d7%9e%d7%95%d7%9e%d7%99%20%d7%97%d7%95%d7%a9%d7%a7%20%d7%92%d7%9d%20%d7%94%d7%95%d7%90%20%d7%90%d7%aa%20%d7%94%d7%9e%d7%a4%d7%aa%d7%97%d7%95%d7%aa%20%d7%95%d7%9c%d7%90%20%d7%99%d7%91%d7%97%d7%9c%20%d7%91%d7%90%d7%9e%d7%a6%d7%a2%d7%99%d7%9d%20%d7%9b%d7%93%d7%99%20%d7%9c%d7%94%d7%a9%d7%99%d7%92%20%d7%90%d7%95%d7%aa%d7%9d.&amp;eng_name=%20&amp;episode=%20&amp;fanart=https%3a%2f%2fimage.tmdb.org%2ft%2fp%2foriginal%2f%2f1OTITGQ8yqerNEiwnHqpA7pD8Aq.jpg&amp;fav_status=false&amp;heb_name=%d7%94%d7%9e%d7%a4%d7%aa%d7%97%d7%95%d7%aa%20%d7%a9%d7%9c%20%d7%9e%d7%a9%d7%a4%d7%97%d7%aa%20%d7%9c%d7%95%d7%a7&amp;iconimage=https%3a%2f%2fimage.tmdb.org%2ft%2fp%2foriginal%2f%2flKhF0QX724VS2QqBzSZ4KJif3Ny.jpg&amp;id=86423&amp;image_master&amp;isr=0&amp;last_id&amp;mode=19&amp;name=%5bCOLOR%20white%5d%20%d7%a2%d7%95%d7%a0%d7%94%201%5b%2fCOLOR%5d&amp;original_title=Locke%20&amp;season=1&amp;show_original_year=2020&amp;tmdbid=361594&amp;url=https%3a%2f%2fapi.themoviedb.org%2f3%2ftv%2f86423%3fapi_key%3d34142515d9d23817496eeb4ff1d223d0%26language%3dhe%2cen%26append_to_response%3dexternal_ids&quot"/>
</include>

<include content="seriascontent">
<param name="stringid" value="793"/>
<param name="stringcompare" value="793"/>
<param name="sessionnumber" value="1"/>
<param name="posy" value="1000"/>
<param name="labelname" value="ירח שחור"/>
<param name="genrename" value="דרמה נטפליקס פנטזיה רומנטיקה"/>
<param name="yearname" value="2020"/>
<param name="actioninfoid" value="793"/>
<param name="onup" value="2164"/>
<param name="fanartid" value="https://static.sdarot.life/series/5208.jpg"/>
<param name="textplot" value="באיטליה של המאה ה-17, נערה צעירה נאלצת להשלים עם גורלה כנצר למשפחה של מכשפות – ולחפש מסתור מפני אלה שרודפים אותה. ביניהם – אביו של החבר שלה."/>
<param name="episodedcontent" value="plugin://plugin.video.telemedia/?data=2020&amp;dates=%20&amp;description=%5bCOLOR%20aqua%5d%20%d7%a9%d7%95%d7%93%d7%a8%20%d7%91%d7%aa%d7%90%d7%a8%d7%99%d7%9a%2031-01-2020%5b%2fCOLOR%5d%0a%d7%91%d7%90%d7%99%d7%98%d7%9c%d7%99%d7%94%20%d7%a9%d7%9c%20%d7%94%d7%9e%d7%90%d7%94%20%d7%94-17%2c%20%d7%a0%d7%a2%d7%a8%d7%94%20%d7%a6%d7%a2%d7%99%d7%a8%d7%94%20%d7%a0%d7%90%d7%9c%d7%a6%d7%aa%20%d7%9c%d7%94%d7%a9%d7%9c%d7%99%d7%9d%20%d7%a2%d7%9d%20%d7%92%d7%95%d7%a8%d7%9c%d7%94%20%d7%9b%d7%a0%d7%a6%d7%a8%20%d7%9c%d7%9e%d7%a9%d7%a4%d7%97%d7%94%20%d7%a9%d7%9c%20%d7%9e%d7%9b%d7%a9%d7%a4%d7%95%d7%aa%20%e2%80%93%20%d7%95%d7%9c%d7%97%d7%a4%d7%a9%20%d7%9e%d7%a1%d7%aa%d7%95%d7%a8%20%d7%9e%d7%a4%d7%a0%d7%99%20%d7%90%d7%9c%d7%94%20%d7%a9%d7%a8%d7%95%d7%93%d7%a4%d7%99%d7%9d%20%d7%90%d7%95%d7%aa%d7%94.%20%d7%91%d7%99%d7%a0%d7%99%d7%94%d7%9d%20%e2%80%93%20%d7%90%d7%91%d7%99%d7%95%20%d7%a9%d7%9c%20%d7%94%d7%97%d7%91%d7%a8%20%d7%a9%d7%9c%d7%94.&amp;eng_name=%20&amp;episode=%20&amp;fanart=https%3a%2f%2fimage.tmdb.org%2ft%2fp%2foriginal%2f%2fn8jUeY2fkzRzwvz1AxiCe67JzjF.jpg&amp;fav_status=false&amp;heb_name=%d7%99%d7%a8%d7%97%20%d7%a9%d7%97%d7%95%d7%a8&amp;iconimage=https%3a%2f%2fimage.tmdb.org%2ft%2fp%2foriginal%2f%2fi2MFeH9oAc24WZg7WFhhlfUgcot.jpg&amp;id=96346&amp;image_master&amp;isr=0&amp;last_id&amp;mode=19&amp;name=%5bCOLOR%20white%5d%20%d7%a2%d7%95%d7%a0%d7%94%201%5b%2fCOLOR%5d&amp;original_title=Luna%20Nera&amp;season=1&amp;show_original_year=2020&amp;tmdbid=347394&amp;url=https%3a%2f%2fapi.themoviedb.org%2f3%2ftv%2f96346%3fapi_key%3d34142515d9d23817496eeb4ff1d223d0%26language%3dhe%2cen%26append_to_response%3dexternal_ids&quot"/>
</include>

<include content="seriascontent">
<param name="stringid" value="794"/>
<param name="stringcompare" value="794"/>
<param name="sessionnumber" value="1"/>
<param name="posy" value="1000"/>
<param name="labelname" value="משפחת אוקטובר"/>
<param name="genrename" value="אימה דרמה מדע בדיוני"/>
<param name="yearname" value="2020"/>
<param name="actioninfoid" value="794"/>
<param name="onup" value="2164"/>
<param name="fanartid" value="https://static.sdarot.life/series/5184.jpg"/>
<param name="textplot" value="באיטליה של המאה ה-17, נערה צעירה נאלצת להשלים עם גורלה כנצר למשפחה של מכשפות – ולחפש מסתור מפני אלה שרודפים אותה. ביניהם – אביו של החבר שלה."/>
<param name="episodedcontent" value="plugin://plugin.video.telemedia/?data=2020&amp;dates=%20&amp;description=%5bCOLOR%20aqua%5d%20%d7%a9%d7%95%d7%93%d7%a8%20%d7%91%d7%aa%d7%90%d7%a8%d7%99%d7%9a%2023-01-2020%5b%2fCOLOR%5d%0a%d7%94%d7%93%d7%a8%d7%9e%d7%94%20%d7%94%d7%9e%d7%a9%d7%a4%d7%97%d7%aa%d7%99%d7%aa%20%d7%9e%d7%a7%d7%91%d7%9c%20%d7%9e%d7%99%d7%9e%d7%93%d7%99%d7%9d%20%d7%9e%d7%a4%d7%9c%d7%a6%d7%aa%d7%99%d7%99%d7%9d%20%d7%9b%d7%a9%d7%a4%d7%a8%d7%93%20%d7%95%d7%93%d7%95%d7%9c%d7%95%d7%a8%d7%99%d7%a1%20%d7%99%d7%95%d7%a6%d7%90%d7%99%d7%9d%20%d7%9c%d7%a6%d7%99%d7%93%20%d7%a2%d7%9c%20%d7%98%d7%91%d7%a2%d7%99%2c%20%d7%95%d7%94%d7%aa%d7%90%d7%95%d7%9e%d7%99%d7%9d%20%d7%95%d7%99%d7%95%20%d7%95%d7%92%27%d7%a3%20%d7%9e%d7%a1%d7%aa%d7%99%d7%a8%d7%99%d7%9d%20%d7%a1%d7%95%d7%93%d7%95%d7%aa%20%d7%90%d7%a4%d7%9c%d7%99%d7%9d%20%d7%9e%d7%a9%d7%9c%d7%94%d7%9d&amp;eng_name=%20&amp;episode=%20&amp;fanart=https%3a%2f%2fimage.tmdb.org%2ft%2fp%2foriginal%2f%2f7bqEpKaxb9T3hpBLaZR32zt3a2c.jpg&amp;fav_status=false&amp;heb_name=%d7%9e%d7%a9%d7%a4%d7%97%d7%aa%20%d7%90%d7%95%d7%a7%d7%98%d7%95%d7%91%d7%a8&amp;iconimage=https%3a%2f%2fimage.tmdb.org%2ft%2fp%2foriginal%2f%2fmc6wrMVSmJu8OvryCNqAHOMtxzg.jpg&amp;id=93826&amp;image_master&amp;isr=0&amp;last_id&amp;mode=19&amp;name=%5bCOLOR%20white%5d%20%d7%a2%d7%95%d7%a0%d7%94%201%5b%2fCOLOR%5d&amp;original_title=October%20Faction&amp;season=1&amp;show_original_year=2020&amp;tmdbid=354315&amp;url=https%3a%2f%2fapi.themoviedb.org%2f3%2ftv%2f93826%3fapi_key%3d34142515d9d23817496eeb4ff1d223d0%26language%3dhe%2cen%26append_to_response%3dexternal_ids&quot"/>
</include>


		<control type="grouplist" id="2164">
		<posx>20</posx>
		<posy>700</posy>
		<width>700</width>
		<height>365</height>
		<itemgap>10</itemgap>
		<onback>Dialog.Close(6766)</onback>
		<onback>ActivateWindow(6782)</onback>
		<orientation>vertical</orientation>
		<include content="buttonid">
		<param name="buttonnumber" value="496"/>
		<param name="buttonname" value="סיפורים מופלאים"/>
		<param name="buttonssetfocus" value="791"/>
		</include>
		<include content="buttonid">
		<param name="buttonnumber" value="497"/>
		<param name="buttonname" value="המפתחות של משפחת לוק"/>
		<param name="buttonssetfocus" value="792"/>
		</include>
		<include content="buttonid">
		<param name="buttonnumber" value="498"/>
		<param name="buttonname" value="ירח שחור"/>
		<param name="buttonssetfocus" value="793"/>
		</include>
		<include content="buttonid">
		<param name="buttonnumber" value="499"/>
		<param name="buttonname" value="משפחת אוקטובר"/>
		<param name="buttonssetfocus" value="794"/>
		</include>
		</control>



</controls>
</window>
