<?xml version="1.0" encoding="UTF-8"?>
<!-- Foundation -->
<window id="6804" type="dialog">
    <defaultcontrol always="true">5</defaultcontrol>
	<animation type="WindowOpen">
	<effect type="slide" start="0,-400" end="0,0" time="450" tween="sine" easing="inout"/>
	</animation>
		<animation type="WindowClose">
	<effect type="slide" start="0,0" end="0,-500" time="250" tween="sine" easing="inout"/>
	</animation>
<controls>
			<control type="multiimage">
			<posx>0</posx>
			<posy>0</posy>
			<width>1920</width>
			<height>1080</height>
			<imagepath background="true">special://skin/extras/specialbuttons/background.jpg</imagepath>
			<aspectratio aligny="top">scale</aspectratio>
			<timeperimage>80000</timeperimage>
			<randomize>true</randomize>
			<fadetime>650</fadetime>
		</control>

<control type="group">
<control type="image">
<posx>750</posx>
<posy>265</posy>
<width>400</width>
<height>150</height>
<texture>black.png</texture>
<colordiffuse>77000000</colordiffuse>
</control>
<control type="label">
<visible>[Control.IsVisible(5)) | Control.HasFocus(5)]</visible>
<animation effect="fade" time="550">VisibleChange</animation>
<posx>770</posx>
<posy>265</posy>
<width>370</width>
<height>150</height>
<font>font-20b</font>
<align>center</align>
<textcolor>yellow</textcolor>
<label>$INFO[Container(5).ListItem.Label]</label>
</control>
<control type="label">
<visible>[Control.HasFocus(6)]</visible>
<visible>[!Control.HasFocus(5) | Control.HasFocus(7)]</visible>
<animation effect="fade" time="550">VisibleChange</animation>
<posx>770</posx>
<posy>265</posy>
<width>370</width>
<height>150</height>
<font>font-20b</font>
<align>center</align>
<textcolor>yellow</textcolor>
<label>$INFO[Container(6).ListItem.Label]</label>
</control>
<control type="label">
<visible>[Control.HasFocus(7]</visible>
<visible>[!Control.HasFocus(5) | Control.HasFocus(6)]</visible>
<animation effect="fade" time="550">VisibleChange</animation>
<posx>770</posx>
<posy>265</posy>
<width>370</width>
<height>150</height>
<font>font-20b</font>
<align>center</align>
<textcolor>yellow</textcolor>
<label>$INFO[Container(7).ListItem.Label]</label>
</control>
<control type="textbox">
<animation effect="fade" time="550">VisibleChange</animation>
<visible>Container(5).Column(0) | Container(5).Column(1) | Container(5).Column(2) | Container(5).Column(3) | Container(5).Column(4)</visible>
<posx>770</posx>
<posy>320</posy>
<width>370</width>
<height>150</height>
<font>font-20b</font>
<align>center</align>
<label>יש ללחוץ חץ תחתון לרדת לרשימה השמאלית התחתונה</label>
</control>
<control type="textbox">
<animation effect="fade" time="550">VisibleChange</animation>
<visible>Container(5).Column(5) | Container(5).Column(6) | Container(5).Column(7)</visible>
<posx>770</posx>
<posy>320</posy>
<width>370</width>
<height>150</height>
<font>font-20b</font>
<align>center</align>
<label>יש ללחוץ חץ תחתון לרדת לרשימה הימנית התחתונה</label>
</control>
<control type="list" id="5">
<posx>-10</posx>
<posy>-10</posy>
<width>1920</width>
<height>300</height>
<ondown condition="Container(5).Column(0) | Container(5).Column(1) | Container(5).Column(2) | Container(5).Column(3) | Container(5).Column(4)">6</ondown>
<ondown condition="Container(5).Column(5) | Container(5).Column(6) | Container(5).Column(7)">7</ondown>
<orientation>horizontal</orientation>
<itemlayout width="220" height="100">
			<control type="image">
			<posx>2</posx>
			<posy>0</posy>
			<width>250</width>
			<height>250</height>
			<texture border="40" colordiffuse="$INFO[Window(home).Property(ImageColor)]">special://skin/extras/common/roundedbutton-nofocus.png</texture>
			</control>
<control type="image">
<posx>27</posx>
<posy>25</posy>
<width>200</width>
<height>200</height>
<texture fallback="special://skin/extras/sport.jpg">$INFO[ListItem.Thumb]</texture>
</control>
</itemlayout>
<focusedlayout width="220" height="100">
			<control type="image">
			<visible>control.hasfocus(5)</visible>
			<posx>0</posx>
			<posy>0</posy>
			<width>245</width>
			<height>245</height>
			<texture border="40" colordiffuse="$INFO[Window(home).Property(ImageColor)]">special://skin/extras/common/roundedbutton-focus.png</texture>
			</control>
			<control type="image">
			<visible>control.hasfocus(5)</visible>
			<posx>0</posx>
			<posy>0</posy>
			<width>245</width>
			<height>245</height>
			<texture border="40" colordiffuse="$INFO[Window(home).Property(ImageColor)]">special://skin/extras/common/roundedbutton-focus.png</texture>
			</control>
			<control type="image">
			<posx>2</posx>
			<posy>0</posy>
			<width>250</width>
			<height>250</height>
			<texture border="40" colordiffuse="$INFO[Window(home).Property(ImageColor)]">special://skin/extras/common/roundedbutton-nofocus.png</texture>
			</control>
<control type="image">
<animation effect="zoom" center="auto" start="95,95" end="100,100" time="350">Focus</animation>
<posx>27</posx>
<posy>25</posy>
<width>200</width>
<height>200</height>
<texture fallback="special://skin/extras/sport.jpg">$INFO[ListItem.Thumb]</texture>
</control>
</focusedlayout>
<content>plugin://script.module.tt/list_channels/5</content>
</control>
</control>




<control type="group">
<control type="list" id="6">
<posx>-10</posx>
<posy>240</posy>
<width>680</width>
<height>300</height>
<onup>5</onup>
<onright>7</onright>
<orientation>horizontal</orientation>
<itemlayout width="220" height="100">
			<control type="image">
			<posx>2</posx>
			<posy>0</posy>
			<width>250</width>
			<height>250</height>
			<texture border="40" colordiffuse="$INFO[Window(home).Property(ImageColor)]">special://skin/extras/common/roundedbutton-nofocus.png</texture>
			</control>
<control type="multiimage">
<posx>27</posx>
<posy>25</posy>
<width>200</width>
<height>200</height>
<aspectratio>keep</aspectratio>
<imagepath fallback="special://skin/extras/sport.jpg">$INFO[ListItem.Thumb]</imagepath>
</control>
</itemlayout>
<focusedlayout width="220" height="100">
			<control type="image">
			<visible>control.hasfocus(6)</visible>
			<posx>0</posx>
			<posy>0</posy>
			<width>245</width>
			<height>245</height>
			<texture border="40" colordiffuse="$INFO[Window(home).Property(ImageColor)]">special://skin/extras/common/roundedbutton-focus.png</texture>
			</control>
			<control type="image">
			<visible>control.hasfocus(6)</visible>
			<posx>0</posx>
			<posy>0</posy>
			<width>245</width>
			<height>245</height>
			<texture border="40" colordiffuse="$INFO[Window(home).Property(ImageColor)]">special://skin/extras/common/roundedbutton-focus.png</texture>
			</control>
			<control type="image">
			<posx>2</posx>
			<posy>0</posy>
			<width>250</width>
			<height>250</height>
			<texture border="40" colordiffuse="$INFO[Window(home).Property(ImageColor)]">special://skin/extras/common/roundedbutton-nofocus.png</texture>
			</control>
<control type="multiimage">
<animation effect="zoom" center="auto" start="95,95" end="100,100" time="350">Focus</animation>
<posx>27</posx>
<posy>25</posy>
<width>200</width>
<height>200</height>
<aspectratio>keep</aspectratio>
<imagepath fallback="special://skin/extras/sport.jpg">$INFO[ListItem.Thumb]</imagepath>
</control>
</focusedlayout>
<content>
<item>
<thumb>https://image.freepik.com/free-vector/soccer-logo-sport-logo-football-logo_7085-195.jpg</thumb>
<label>ESPN USA CH6</label>
<onclick>PlayMedia(&quot;plugin://script.crew.sports/?url=http%3A%2F%2Fcdn1.hdstreams.club%2Flive%2Fch6%2Findex.m3u8%7CReferer%3Dhttp%3A%2F%2Fhdstreams.club%2Fpage%2Fch6.php&amp;mode=3&amp;name=%5BCOLOR+orchid%5D%2A%5B%2FCOLOR%5D+%5BB%5D%5BCOLOR+white%5D+Soccer+%E2%80%94+Norwich+Vs+Manchester+United+ESPN+USA+CH6+EN%5B%2FCOLOR%5D%5B%2FB%5D+%5BCOLOR+orchid%5D%2A%5B%2FCOLOR%5D&amp;iconimage=C%3A%5CUsers%5Cneta%5CAppData%5CRoaming%5CKodi%5Caddons%5Cscript.crew.sports%5Cresources%2Fart%5Clive.png&amp;fanart=C%3A%5CUsers%5Cneta%5CAppData%5CRoaming%5CKodi%5Caddons%5Cscript.crew.sports%5Cresources%2Fart%5Cwall.jpg&amp;description=&amp;trailer=&amp;choice=&quot;)</onclick>
</item>
<item>
<thumb>https://image.freepik.com/free-vector/soccer-logo-sport-logo-football-logo_7085-195.jpg</thumb>
<label>ESPN USA CH6</label>
<onclick>PlayMedia(&quot;plugin://script.crew.sports/?url=http%3A%2F%2Fcdn1.hdstreams.club%2Flive%2Fch10%2Findex.m3u8%7CReferer%3Dhttp%3A%2F%2Fhdstreams.club%2Fpage%2Fch10.php&amp;mode=3&amp;name=%5BCOLOR+orchid%5D%2A%5B%2FCOLOR%5D+%5BB%5D%5BCOLOR+white%5D+Soccer+%E2%80%94+Cagliari+Vs+Torino+Premier+Sports+1+CH10+EN%5B%2FCOLOR%5D%5B%2FB%5D+%5BCOLOR+orchid%5D%2A%5B%2FCOLOR%5D&amp;iconimage=C%3A%5CUsers%5Cneta%5CAppData%5CRoaming%5CKodi%5Caddons%5Cscript.crew.sports%5Cresources%2Fart%5Clive.png&amp;fanart=C%3A%5CUsers%5Cneta%5CAppData%5CRoaming%5CKodi%5Caddons%5Cscript.crew.sports%5Cresources%2Fart%5Cwall.jpg&amp;description=&amp;trailer=&amp;choice=&quot;)</onclick>
</item>
<item>
<thumb>https://image.freepik.com/free-vector/soccer-logo-sport-logo-football-logo_7085-195.jpg</thumb>
<label>Sports 1 CH10</label>
<onclick>PlayMedia(&quot;plugin://script.crew.sports/?url=https%3A%2F%2Fwww.livedoomovies.com%2F03_skynetsporthd_720p%2Fchunklist.m3u8%7CUser-Agent%3DMozilla%2F5.0+%28Windows+NT+6.1%3B+Win64%3B+x64%29+AppleWebKit%2F537.36+%28KHTML%2C+like+Gecko%29+Chrome%2F76.0.3809.132+Safari%2F537.36%26Referer%3Dhttp%3A%2F%2Fsports24.club%2Ftv%2Fv%3Fid%3Dskynethd&amp;mode=3&amp;name=%5BCOLOR+orchid%5D%2A%5B%2FCOLOR%5D+%5BB%5D%5BCOLOR+white%5DPlay+Stream%5B%2FCOLOR%5D%5B%2FB%5D+%5BCOLOR+orchid%5D%2A%5B%2FCOLOR%5D&amp;iconimage=C%3A%5CUsers%5Cneta%5CAppData%5CRoaming%5CKodi%5Caddons%5Cscript.crew.sports%5Cresources%2Fart%5Clive.png&amp;fanart=C%3A%5CUsers%5Cneta%5CAppData%5CRoaming%5CKodi%5Caddons%5Cscript.crew.sports%5Cresources%2Fart%5Cwall.jpg&amp;description=&amp;trailer=&amp;choice=&quot;)</onclick>
</item>
<item>
<thumb>https://image.freepik.com/free-vector/soccer-logo-sport-logo-football-logo_7085-195.jpg</thumb>
<label>aLigaTV CH4</label>
<onclick>PlayMedia(&quot;plugin://script.crew.sports/?url=http%3A%2F%2Fcdn1.hdstreams.club%2Flive%2Fch4%2Findex.m3u8%7CReferer%3Dhttp%3A%2F%2Fhdstreams.club%2Fpage%2Fch4.php&amp;mode=3&amp;name=%5BCOLOR+orchid%5D%2A%5B%2FCOLOR%5D+%5BB%5D%5BCOLOR+white%5D+Soccer+%E2%80%94+Osasuna+Vs+Leganes+LaLigaTV+CH4+EN%5B%2FCOLOR%5D%5B%2FB%5D+%5BCOLOR+orchid%5D%2A%5B%2FCOLOR%5D&amp;iconimage=C%3A%5CUsers%5Cneta%5CAppData%5CRoaming%5CKodi%5Caddons%5Cscript.crew.sports%5Cresources%2Fart%5Clive.png&amp;fanart=C%3A%5CUsers%5Cneta%5CAppData%5CRoaming%5CKodi%5Caddons%5Cscript.crew.sports%5Cresources%2Fart%5Cwall.jpg&amp;description=&amp;trailer=&amp;choice=&quot;)</onclick>
</item>
</content>
</control>
</control>




<control type="group">
<control type="list" id="7">
<posx>1230</posx>
<posy>240</posy>
<width>680</width>
<height>300</height>
<onup>5</onup>
<onleft>6</onleft>
<orientation>horizontal</orientation>
<itemlayout width="220" height="100">
			<control type="image">
			<posx>2</posx>
			<posy>0</posy>
			<width>250</width>
			<height>250</height>
			<texture border="40" colordiffuse="$INFO[Window(home).Property(ImageColor)]">special://skin/extras/common/roundedbutton-nofocus.png</texture>
			</control>
<control type="multiimage">
<posx>27</posx>
<posy>25</posy>
<width>200</width>
<height>200</height>
<aspectratio>keep</aspectratio>
<imagepath fallback="special://skin/extras/sport.jpg">$INFO[ListItem.Thumb]</imagepath>
</control>
</itemlayout>
<focusedlayout width="220" height="100">
			<control type="image">
			<visible>control.hasfocus(7)</visible>
			<posx>0</posx>
			<posy>0</posy>
			<width>245</width>
			<height>245</height>
			<texture border="40" colordiffuse="$INFO[Window(home).Property(ImageColor)]">special://skin/extras/common/roundedbutton-focus.png</texture>
			</control>
			<control type="image">
			<visible>control.hasfocus(7)</visible>
			<posx>0</posx>
			<posy>0</posy>
			<width>245</width>
			<height>245</height>
			<texture border="40" colordiffuse="$INFO[Window(home).Property(ImageColor)]">special://skin/extras/common/roundedbutton-focus.png</texture>
			</control>
			<control type="image">
			<posx>2</posx>
			<posy>0</posy>
			<width>250</width>
			<height>250</height>
			<texture border="40" colordiffuse="$INFO[Window(home).Property(ImageColor)]">special://skin/extras/common/roundedbutton-nofocus.png</texture>
			</control>
<control type="multiimage">
<animation effect="zoom" center="auto" start="95,95" end="100,100" time="350">Focus</animation>
<posx>27</posx>
<posy>25</posy>
<width>200</width>
<height>200</height>
<aspectratio>keep</aspectratio>
<imagepath fallback="special://skin/extras/sport.jpg">$INFO[ListItem.Thumb]</imagepath>
</control>
</focusedlayout>
<content>
<item>
<thumb>https://image.freepik.com/free-vector/soccer-logo-sport-logo-football-logo_7085-195.jpg</thumb>
<label>Sports 1 CH10</label>
<onclick>PlayMedia(&quot;plugin://script.crew.sports/?url=http%3A%2F%2Fcdn1.hdstreams.club%2Flive%2Fch10%2Findex.m3u8%7CReferer%3Dhttp%3A%2F%2Fhdstreams.club%2Fpage%2Fch10.php&amp;mode=3&amp;name=%5BCOLOR+orchid%5D%2A%5B%2FCOLOR%5D+%5BB%5D%5BCOLOR+white%5D+Soccer+%E2%80%94+Lazio+Vs+Fiorentina+Premier+Sports+1+CH10+EN%5B%2FCOLOR%5D%5B%2FB%5D+%5BCOLOR+orchid%5D%2A%5B%2FCOLOR%5D&amp;iconimage=C%3A%5CUsers%5Cneta%5CAppData%5CRoaming%5CKodi%5Caddons%5Cscript.crew.sports%5Cresources%2Fart%5Clive.png&amp;fanart=C%3A%5CUsers%5Cneta%5CAppData%5CRoaming%5CKodi%5Caddons%5Cscript.crew.sports%5Cresources%2Fart%5Cwall.jpg&amp;description=&amp;trailer=&amp;choice=&quot;)</onclick>
</item>
<item>
<thumb>https://image.freepik.com/free-vector/soccer-logo-sport-logo-football-logo_7085-195.jpg</thumb>
<label>LaLigaTV CH4</label>
<onclick>PlayMedia(&quot;plugin://script.crew.sports/?url=http%3A%2F%2Fcdn1.hdstreams.club%2Flive%2Fch4%2Findex.m3u8%7CReferer%3Dhttp%3A%2F%2Fhdstreams.club%2Fpage%2Fch4.php&amp;mode=3&amp;name=%5BCOLOR+orchid%5D%2A%5B%2FCOLOR%5D+%5BB%5D%5BCOLOR+white%5D+Soccer+%E2%80%94+Atletico+Madrid+Vs+Alaves+LaLigaTV+CH4+EN%5B%2FCOLOR%5D%5B%2FB%5D+%5BCOLOR+orchid%5D%2A%5B%2FCOLOR%5D&amp;iconimage=C%3A%5CUsers%5Cneta%5CAppData%5CRoaming%5CKodi%5Caddons%5Cscript.crew.sports%5Cresources%2Fart%5Clive.png&amp;fanart=C%3A%5CUsers%5Cneta%5CAppData%5CRoaming%5CKodi%5Caddons%5Cscript.crew.sports%5Cresources%2Fart%5Cwall.jpg&amp;description=&amp;trailer=&amp;choice=&quot;)</onclick>
</item>
<item>
<thumb>https://image.freepik.com/free-vector/soccer-logo-sport-logo-football-logo_7085-195.jpg</thumb>
<label>Sky Sports Football CH3</label>
<onclick>PlayMedia(&quot;plugin://script.crew.sports/?url=http%3A%2F%2Fcdn1.hdstreams.club%2Flive%2Fch3%2Findex.m3u8%7CReferer%3Dhttp%3A%2F%2Fhdstreams.club%2Fpage%2Fch3.php&amp;mode=3&amp;name=%5BCOLOR+orchid%5D%2A%5B%2FCOLOR%5D+%5BB%5D%5BCOLOR+white%5D+Soccer+%E2%80%94+Bristol+City+Vs+Sheffield+Wed+Sky+Sports+Football+CH3+EN%5B%2FCOLOR%5D%5B%2FB%5D+%5BCOLOR+orchid%5D%2A%5B%2FCOLOR%5D&amp;iconimage=C%3A%5CUsers%5Cneta%5CAppData%5CRoaming%5CKodi%5Caddons%5Cscript.crew.sports%5Cresources%2Fart%5Clive.png&amp;fanart=C%3A%5CUsers%5Cneta%5CAppData%5CRoaming%5CKodi%5Caddons%5Cscript.crew.sports%5Cresources%2Fart%5Cwall.jpg&amp;description=&amp;trailer=&amp;choice=&quot;)</onclick>
</item>
<item>
<thumb>https://image.freepik.com/free-vector/soccer-logo-sport-logo-football-logo_7085-195.jpg</thumb>
<label>BT Sport 1 CH10</label>
<onclick>PlayMedia(&quot;plugin://script.crew.sports/?url=http%3A%2F%2Fcdn1.hdstreams.club%2Flive%2Fch10%2Findex.m3u8%7CReferer%3Dhttp%3A%2F%2Fhdstreams.club%2Fpage%2Fch10.php&amp;mode=3&amp;name=%5BCOLOR+orchid%5D%2A%5B%2FCOLOR%5D+%5BB%5D%5BCOLOR+white%5D+Soccer+%E2%80%94+Sheffield+United+Vs+Arsenal+BT+Sport+1+CH10+EN%5B%2FCOLOR%5D%5B%2FB%5D+%5BCOLOR+orchid%5D%2A%5B%2FCOLOR%5D&amp;iconimage=C%3A%5CUsers%5Cneta%5CAppData%5CRoaming%5CKodi%5Caddons%5Cscript.crew.sports%5Cresources%2Fart%5Clive.png&amp;fanart=C%3A%5CUsers%5Cneta%5CAppData%5CRoaming%5CKodi%5Caddons%5Cscript.crew.sports%5Cresources%2Fart%5Cwall.jpg&amp;description=&amp;trailer=&amp;choice=&quot;)</onclick>
</item>
<item>
<thumb>https://image.freepik.com/free-vector/soccer-logo-sport-logo-football-logo_7085-195.jpg</thumb>
<label>LaLigaTV CH4</label>
<onclick>PlayMedia(&quot;plugin://script.crew.sports/?url=http%3A%2F%2Fcdn1.hdstreams.club%2Flive%2Fch4%2Findex.m3u8%7CReferer%3Dhttp%3A%2F%2Fhdstreams.club%2Fpage%2Fch4.php&amp;mode=3&amp;name=%5BCOLOR+orchid%5D%2A%5B%2FCOLOR%5D+%5BB%5D%5BCOLOR+white%5D+Soccer+%E2%80%94+Levante+Vs+Betis+LaLigaTV+CH4+EN%5B%2FCOLOR%5D%5B%2FB%5D+%5BCOLOR+orchid%5D%2A%5B%2FCOLOR%5D&amp;iconimage=C%3A%5CUsers%5Cneta%5CAppData%5CRoaming%5CKodi%5Caddons%5Cscript.crew.sports%5Cresources%2Fart%5Clive.png&amp;fanart=C%3A%5CUsers%5Cneta%5CAppData%5CRoaming%5CKodi%5Caddons%5Cscript.crew.sports%5Cresources%2Fart%5Cwall.jpg&amp;description=&amp;trailer=&amp;choice=&quot;)</onclick>
</item>

</content>
</control>
</control>

</controls>
</window>
