<?xml version="1.0" encoding="UTF-8"?>
<!-- Foundation -->
<window id="6574" type="dialog">
    <defaultcontrol always="true">2164</defaultcontrol>
    	<onload>ClearProperty(quicknavsetup,home)</onload>
		<onload>Dialog.Close(6671)</onload>
		<onload>Dialog.Close(6675)</onload>
		<onunload>ClearProperty(quicknavsetup,home)</onunload>

<controls>


<control type="group">
<animation type="WindowOpen">
<effect type="slide" start="-1000,0" end="0,0" time="250" delay="150" twen="sine" easing="inout"/>
</animation>
<animation type="WindowClose">
<effect type="slide" start="0,0" end="-2200,0" time="250" delay="150" twen="sine" easing="inout"/>
</animation>
<include content="widgetpower">
<param name="widtetid" value="3"/>
<param name="widgetidcompare" value="3"/>
<param name="widgetcontent" value="plugin://plugin.video.idanplus/?iconimage=https%253A%252F%252Fimg.mako.co.il%252F2018%252F10%252F11%252Fi-pic-plus-logo-new.jpg&amp;mode=3&amp;module=keshet&amp;moredata&amp;name=%5bCOLOR%20burlywood%5d%5bB%5d%d7%a2%d7%95%d7%a0%d7%94%202%5b%2fB%5d%5b%2fCOLOR%5d&amp;url=http%253A%252F%252Fwww.mako.co.il%252Fmako-vod-keshet%252Fmkr_israel-s2&quot"/>
</include>
</control>


<control type="group">
<animation type="WindowOpen">
<effect type="slide" start="-1000,0" end="0,0" time="250" delay="150" twen="sine" easing="inout"/>
</animation>
<animation type="WindowClose">
<effect type="slide" start="0,0" end="-2200,0" time="250" delay="150" twen="sine" easing="inout"/>
</animation>
<include content="widgetpower">
<param name="widtetid" value="4"/>
<param name="widgetidcompare" value="4"/>
<param name="widgetcontent" value="plugin://plugin.video.idanplus/?iconimage=https%253A%252F%252Fmedia.reshet.tv%252Fimage%252Fupload%252Ft_app_16x9%252Cq_auto%252Cf_auto%252Fv1574931011%252F2019hm_piwzyy.jpg&amp;mode=2&amp;module=reshet&amp;moredata&amp;name=%5bCOLOR%20burlywood%5d%5bB%5d%d7%a4%d7%a8%d7%a7%d7%99%d7%9d%20%d7%a0%d7%95%d7%a1%d7%a4%d7%99%d7%9d%5b%2fB%5d%5b%2fCOLOR%5d&amp;url=https%253A%252F%252F13tv.co.il%252Fyummies%252Fsweet-secrets%252Fseason-05%252Fepisodes%252F&quot"/>
</include>
</control>


<control type="group">
<animation type="WindowOpen">
<effect type="slide" start="-1000,0" end="0,0" time="250" delay="150" twen="sine" easing="inout"/>
</animation>
<animation type="WindowClose">
<effect type="slide" start="0,0" end="-2200,0" time="250" delay="150" twen="sine" easing="inout"/>
</animation>
<include content="widgetpower">
<param name="widtetid" value="5"/>
<param name="widgetidcompare" value="5"/>
<param name="widgetcontent" value="plugin://plugin.video.idanplus/?iconimage=https%253A%252F%252Fmedia.reshet.tv%252Fimage%252Fupload%252Ft_app_16x9%252Cq_auto%252Cf_auto%252Fv1583934582%252FSupertankerMobile_d4rnua.jpg&amp;mode=2&amp;module=reshet&amp;moredata&amp;name=%5bCOLOR%20burlywood%5d%5bB%5d%d7%a4%d7%a8%d7%a7%d7%99%d7%9d%20%d7%9e%d7%9c%d7%90%d7%99%d7%9d%5b%2fB%5d%5b%2fCOLOR%5d&amp;url=https%253A%252F%252F13tv.co.il%252Fyummies%252Fhot-cold-simple%252Fseason-01%252Fepisodes%252F&quot"/>
</include>
</control>

<control type="group">
<animation type="WindowOpen">
<effect type="slide" start="-1000,0" end="0,0" time="250" delay="150" twen="sine" easing="inout"/>
</animation>
<animation type="WindowClose">
<effect type="slide" start="0,0" end="-2200,0" time="250" delay="150" twen="sine" easing="inout"/>
</animation>
<include content="widgetpower">
<param name="widtetid" value="6"/>
<param name="widgetidcompare" value="6"/>
<param name="widgetcontent" value="plugin://plugin.video.idanplus/?iconimage=https%253A%252F%252Fmedia.reshet.tv%252Fimage%252Fupload%252Ft_app_16x9%252Cq_auto%252Cf_auto%252Fv1583841800%252FDanon_main_pic_wabfld.jpg&amp;mode=2&amp;module=reshet&amp;moredata&amp;name=%5bCOLOR%20burlywood%5d%5bB%5d%d7%a4%d7%a8%d7%a7%d7%99%d7%9d%20%d7%9e%d7%9c%d7%90%d7%99%d7%9d%5b%2fB%5d%5b%2fCOLOR%5d&amp;url=https%253A%252F%252F13tv.co.il%252Fyummies%252Fdanon-school%252Fseason-01%252Fepisodes%252F&quot"/>
</include>
</control>

<control type="group">
<animation type="WindowOpen">
<effect type="slide" start="-1000,0" end="0,0" time="250" delay="150" twen="sine" easing="inout"/>
</animation>
<animation type="WindowClose">
<effect type="slide" start="0,0" end="-2200,0" time="250" delay="150" twen="sine" easing="inout"/>
</animation>
<include content="widgetpower">
<param name="widtetid" value="7"/>
<param name="widgetidcompare" value="7"/>
<param name="widgetcontent" value="plugin://plugin.video.idanplus/?iconimage=https%253A%252F%252Fmedia.reshet.tv%252Fimage%252Fupload%252Ft_app_16x9%252Cq_auto%252Cf_auto%252Fv1583849881%252FTaim_Leariah_main_pic_tbt1kf.jpg&amp;mode=2&amp;module=reshet&amp;moredata&amp;name=%5bCOLOR%20burlywood%5d%5bB%5d%d7%a4%d7%a8%d7%a7%d7%99%d7%9d%20%d7%9e%d7%9c%d7%90%d7%99%d7%9d%5b%2fB%5d%5b%2fCOLOR%5d&amp;url=https%253A%252F%252F13tv.co.il%252Fyummies%252Fdelicious-to-host%252Fseason-01%252Fepisodes%252F&quot"/>
</include>
</control>

<control type="group">
<animation type="WindowOpen">
<effect type="slide" start="-1000,0" end="0,0" time="250" delay="150" twen="sine" easing="inout"/>
</animation>
<animation type="WindowClose">
<effect type="slide" start="0,0" end="-2200,0" time="250" delay="150" twen="sine" easing="inout"/>
</animation>
<include content="widgetpower">
<param name="widtetid" value="8"/>
<param name="widgetidcompare" value="8"/>
<param name="widgetcontent" value="plugin://plugin.video.idanplus/?iconimage=https%253A%252F%252Fmedia.reshet.tv%252Fimage%252Fupload%252Ft_app_16x9%252Cq_auto%252Cf_auto%252Fv1583850038%252FMa_yesh_lechol_main_pic_pnywck.jpg&amp;mode=2&amp;module=reshet&amp;moredata&amp;name=%5bCOLOR%20burlywood%5d%5bB%5d%d7%a4%d7%a8%d7%a7%d7%99%d7%9d%20%d7%9e%d7%9c%d7%90%d7%99%d7%9d%5b%2fB%5d%5b%2fCOLOR%5d&amp;url=https%253A%252F%252F13tv.co.il%252Fyummies%252Fma-yesh-leechol%252Fseason-01%252Fepisodes%252F&quot"/>
</include>
</control>

<control type="group">
<animation type="WindowOpen">
<effect type="slide" start="-1000,0" end="0,0" time="250" delay="150" twen="sine" easing="inout"/>
</animation>
<animation type="WindowClose">
<effect type="slide" start="0,0" end="-2200,0" time="250" delay="150" twen="sine" easing="inout"/>
</animation>
<include content="widgetpower">
<param name="widtetid" value="9"/>
<param name="widgetidcompare" value="9"/>
<param name="widgetcontent" value="plugin://plugin.video.idanplus/?iconimage=https%253A%252F%252Fimg.mako.co.il%252F2020%252F04%252F02%252FI.jpg&amp;mode=3&amp;module=keshet&amp;moredata&amp;name=%5bCOLOR%20burlywood%5d%5bB%5d%d7%a2%d7%95%d7%a0%d7%94%201%5b%2fB%5d%5b%2fCOLOR%5d&amp;url=http%253A%252F%252Fwww.mako.co.il%252Fmako-vod-keshet%252Fisrael_cooks_together-s1&quot"/>
</include>
</control>

		<control type="grouplist" id="2164">
		<scrolltime tween="sine" easing="out">450</scrolltime>
			<animation type="WindowOpen">
			<effect type="slide" start="1000,0" end="0,0" tween="cubic" easing="out" time="350"/>
			</animation>
			<animation type="WindowClose">
			<effect type="slide" start="0,0" end="1000,0" tween="cubic" easing="inout" time="350"/>
			</animation>
			<posx>1655</posx>
			<top>400</top>
			<width>1900</width>
			<height>300</height>
			<itemgap>15</itemgap>
			<onup>2164</onup>
			<ondown>2164</ondown>
			<onright>Dialog.Close(6574)</onright>
			<onright>ActivateWindow(6680)</onright>
			<onback>Dialog.Close(6574)</onback>
			<onback>ActivateWindow(6680)</onback>
			<orientation>vertical</orientation>

			<!-- General -->
					<control type="button" id="93">
					<label>[B]המטבח המנצח MKR[/B]</label>
					<texturefocus colordiffuse="red">white.png</texturefocus>
					 <texturenofocus colordiffuse="77000000">black.png</texturenofocus>
					<width>280</width>
					<height>60</height>
					<align>center</align>
					<textcolor>white</textcolor>
					<focusedcolor>white</focusedcolor>
					<textoffsetx>-25</textoffsetx>
					<radioposx>-20</radioposx>
					<radiowidth>152</radiowidth>
					<radioheight>32</radioheight>
					<onleft>3</onleft>
					<onclick>setfocus(3)</onclick>
					<onfocus>Skin.SetString(Section,3)</onfocus>
				</control>
					<control type="button" id="94">
					<label>[B]סודות מתוקים[/B]</label>
					<texturefocus colordiffuse="red">white.png</texturefocus>
					 <texturenofocus colordiffuse="77000000">black.png</texturenofocus>
					<width>280</width>
					<height>60</height>
					<align>center</align>
					<textcolor>white</textcolor>
					<focusedcolor>white</focusedcolor>
					<textoffsetx>-25</textoffsetx>
					<radioposx>-20</radioposx>
					<radiowidth>152</radiowidth>
					<radioheight>32</radioheight>
					<onleft>4</onleft>
					<onclick>setfocus(4)</onclick>
					<onfocus>Skin.SetString(Section,4)</onfocus>
				</control>
					<control type="button" id="95">
					<label>[B]חם קר פשוט[/B]</label>
					<texturefocus colordiffuse="red">white.png</texturefocus>
					 <texturenofocus colordiffuse="77000000">black.png</texturenofocus>
					<width>280</width>
					<height>60</height>
					<align>center</align>
					<textcolor>white</textcolor>
					<focusedcolor>white</focusedcolor>
					<textoffsetx>-25</textoffsetx>
					<radioposx>-20</radioposx>
					<radiowidth>152</radiowidth>
					<radioheight>32</radioheight>
					<onleft>5</onleft>
					<onclick>setfocus(5)</onclick>
					<onfocus>Skin.SetString(Section,5)</onfocus>
				</control>
				<control type="button" id="96">
					<label>[B]דנון עושה לכם בית ספר[/B]</label>
					<texturefocus colordiffuse="red">white.png</texturefocus>
					 <texturenofocus colordiffuse="77000000">black.png</texturenofocus>
					<width>280</width>
					<height>60</height>
					<align>center</align>
					<textcolor>white</textcolor>
					<focusedcolor>white</focusedcolor>
					<textoffsetx>-25</textoffsetx>
					<radioposx>-20</radioposx>
					<radiowidth>152</radiowidth>
					<radioheight>32</radioheight>
					<onleft>6</onleft>
					<onclick>setfocus(6)</onclick>
					<scroll>auto</scroll>
					<onfocus>Skin.SetString(Section,6)</onfocus>
				</control>
				<control type="button" id="97">
					<label>[B]טעים לארח[/B]</label>
					<texturefocus colordiffuse="red">white.png</texturefocus>
					 <texturenofocus colordiffuse="77000000">black.png</texturenofocus>
					<width>280</width>
					<height>60</height>
					<align>center</align>
					<textcolor>white</textcolor>
					<focusedcolor>white</focusedcolor>
					<textoffsetx>-25</textoffsetx>
					<radioposx>-20</radioposx>
					<radiowidth>152</radiowidth>
					<radioheight>32</radioheight>
					<onleft>7</onleft>
					<onclick>setfocus(7)</onclick>
					<onfocus>Skin.SetString(Section,7)</onfocus>
				</control>
				<control type="button" id="98">
					<label>[B]מה יש לאכול[/B]</label>
					<texturefocus colordiffuse="red">white.png</texturefocus>
					 <texturenofocus colordiffuse="77000000">black.png</texturenofocus>
					<width>280</width>
					<height>60</height>
					<align>center</align>
					<textcolor>white</textcolor>
					<focusedcolor>white</focusedcolor>
					<textoffsetx>-25</textoffsetx>
					<radioposx>-20</radioposx>
					<radiowidth>152</radiowidth>
					<radioheight>32</radioheight>
					<onleft>8</onleft>
					<onclick>setfocus(8)</onclick>
					<onfocus>Skin.SetString(Section,8)</onfocus>
				</control>
				<control type="button" id="99">
					<label>[B]ישראל מבשלת יחד[/B]</label>
					<texturefocus colordiffuse="red">white.png</texturefocus>
					 <texturenofocus colordiffuse="77000000">black.png</texturenofocus>
					<width>280</width>
					<height>60</height>
					<align>center</align>
					<textcolor>white</textcolor>
					<focusedcolor>white</focusedcolor>
					<textoffsetx>-25</textoffsetx>
					<radioposx>-20</radioposx>
					<radiowidth>152</radiowidth>
					<radioheight>32</radioheight>
					<onleft>9</onleft>
					<onclick>setfocus(9)</onclick>
					<onfocus>Skin.SetString(Section,9)</onfocus>
				</control>
		</control>
<include>ghostglobalnews</include>
</controls>
</window>
