<?xml version="1.0" encoding="UTF-8"?>
<!-- Foundation -->
<window id="6860" type="dialog">
    <defaultcontrol always="true">35</defaultcontrol>


<controls>

<control type="group">
<animation type="WindowOpen">
<effect type="slide" start="0,0" end="0,-1000" time="350" tween="sine" easing="inout"/>
</animation>
<posy>1730</posy>
<control type="image">
<posx>0</posx>
<posy>0</posy>
<width>1920</width>
<height>350</height>
<texture>black.png</texture>
<colordiffuse>77000000</colordiffuse>
</control>
<control type="image">
<posx>350</posx>
<posy>0</posy>
<width>1000</width>
<height>350</height>
<texture>black.png</texture>
</control>
<control type="image">
<posx>1740</posx>
<posy>0</posy>
<width>220</width>
<height>450</height>
<texture>black.png</texture>
</control>
<control type="group">
<posy>140</posy>
<control type="image">
<posx>1350</posx>
<posy>0</posy>
<width>65</width>
<height>65</height>
<aspectratio>keep</aspectratio>
<texture colordiffuse="deepskyblue">special://skin/extras/arrows/arrow-25-xxl.png</texture>
</control>
<control type="image">
<posx>280</posx>
<posy>0</posy>
<width>65</width>
<height>65</height>
<aspectratio>keep</aspectratio>
<texture flipx="true" colordiffuse="deepskyblue">special://skin/extras/arrows/arrow-25-xxl.png</texture>
</control>
</control>
<control type="image">
<posx>1820</posx>
<posy>0</posy>
<width>65</width>
<height>65</height>
<aspectratio>keep</aspectratio>
<texture colordiffuse="deepskyblue">special://skin/extras/arrows/arrowup.png</texture>
</control>
<control type="image">
<posx>1820</posx>
<posy>300</posy>
<width>65</width>
<height>65</height>
<aspectratio>keep</aspectratio>
<texture colordiffuse="deepskyblue">special://skin/extras/arrows/arrowdown.png</texture>
</control>
</control>

<control type="image">
<posx>1770</posx>
<posy>820</posy>
<width>150</width>
<height>40</height>
<texture>special://skin/extras/test/Ghost.jpg</texture>
</control>

<control type="group">
<posy>50</posy>
<include content="newtvshows">
<param name="baseid" value="5"/>
<param name="listid" value="35"/>
<param name="listidfocus" value="1"/>
<param name="basecontent" value="plugin://plugin.audio.My.Music/?cat_level=%20&amp;count=0&amp;description=%20&amp;fanart&amp;iconimage&amp;index_depth=0&amp;lang=eng&amp;mode=5&amp;name=tvshowyesgo-israeli&amp;page&amp;selected_list=%20&amp;url=%d7%a1%d7%93%d7%a8%d7%95%d7%aatvshow-yesgotvshowyesgo-israeli&quot"/>
</include>

<include content="baseepisods">
<param name="baseid" value="5"/>
<param name="labelname" value="זהו זה"/>
<param name="baseeipisod" value="500"/>
<param name="networkname" value="טבע"/>
<param name="networkcolor" value="green"/>
<param name="notvisible" value="![control.hasfocus(6) | Container(35).HasFocus(2)]"/>
<param name="baseepisodcontent" value="plugin://plugin.video.sdarot.tv/season/5315/2/%D7%96%D7%94%D7%95+%D7%96%D7%94+2020/Zehu+Ze&quot"/>
</include>

<include content="baseepisods">
<param name="baseid" value="5"/>
<param name="labelname" value="מנאייכ"/>
<param name="baseeipisod" value="501"/>
<param name="networkname" value="IL"/>
<param name="networkcolor" value="gray"/>
<param name="notvisible" value="![control.hasfocus(6) | Container(35).HasFocus(2)]"/>
<param name="baseepisodcontent" value="plugin://plugin.video.mando/?all_w=%7b%7d&amp;data=2020&amp;dates=%20&amp;description=%5bCOLOR%20aqua%5d%20%d7%a9%d7%95%d7%93%d7%a8%20%d7%91%d7%aa%d7%90%d7%a8%d7%99%d7%9a%2002-08-2020%5b%2fCOLOR%5d%0a&amp;eng_name=%20&amp;episode=%20&amp;fanart=https%3a%2f%2fimage.tmdb.org%2ft%2fp%2foriginal%2f%20&amp;fav_status=false&amp;heb_name=%d7%9e%d7%a0%d7%90%d7%99%d7%99%d7%9b&amp;iconimage=https%3a%2f%2fimage.tmdb.org%2ft%2fp%2foriginal%2f%20&amp;id=107013&amp;image_master&amp;isr=0&amp;last_id&amp;mode=19&amp;name=%5bCOLOR%20white%5d%d7%a2%d7%95%d7%a0%d7%94%201%5b%2fCOLOR%5d&amp;original_title=%d7%9e%d7%a0%d7%90%d7%99%d7%99%d7%9b&amp;season=1&amp;show_original_year=2020&amp;tmdbid=None&amp;url=https%3a%2f%2fapi.themoviedb.org%2f3%2ftv%2f107013%3fapi_key%3d34142515d9d23817496eeb4ff1d223d0%26language%3den%26append_to_response%3dexternal_ids&amp;video_data=%7b%22rating%22%3a%20%220%22%2c%20%22episode%22%3a%200%2c%20%22title%22%3a%20%22%5bCOLOR%20white%5d%5cu05e2%5cu05d5%5cu05e0%5cu05d4%201%5b%2fCOLOR%5d%22%2c%20%22season%22%3a%200%2c%20%22TVshowtitle%22%3a%20%22%22%2c%20%22mediatype%22%3a%20%22movie%22%2c%20%22plot%22%3a%20%22%5bCOLOR%20aqua%5d%20%5cu05e9%5cu05d5%5cu05d3%5cu05e8%20%5cu05d1%5cu05ea%5cu05d0%5cu05e8%5cu05d9%5cu05da%2002-08-2020%5b%2fCOLOR%5d%5cn%22%2c%20%22OriginalTitle%22%3a%20%22%5cu05de%5cu05e0%5cu05d0%5cu05d9%5cu05d9%5cu05db%22%2c%20%22Tag%22%3a%20%2216%22%2c%20%22year%22%3a%20%222020%22%7d&quot"/>
</include>

<include content="baseepisods">
<param name="baseid" value="5"/>
<param name="labelname" value="הדבר הגדול המיוחד"/>
<param name="baseeipisod" value="502"/>
<param name="networkname" value="IL"/>
<param name="networkcolor" value="gray"/>
<param name="notvisible" value="![control.hasfocus(6) | Container(35).HasFocus(2)]"/>
<param name="baseepisodcontent" value="plugin://plugin.video.sdarot.tv/season/5274/1/%D7%94%D7%93%D7%91%D7%A8+%D7%94%D7%92%D7%93%D7%95%D7%9C+%D7%94%D7%9E%D7%99%D7%95%D7%97%D7%93/Hadavar+Hagadol+Hameyuhad&quot"/>
</include>

<include content="baseepisods">
<param name="baseid" value="5"/>
<param name="labelname" value="סקין טוק"/>
<param name="baseeipisod" value="503"/>
<param name="networkname" value="IL"/>
<param name="networkcolor" value="gray"/>
<param name="notvisible" value="![control.hasfocus(6) | Container(35).HasFocus(2)]"/>
<param name="baseepisodcontent" value="plugin://plugin.video.sdarot.tv/season/5287/1/%D7%A1%D7%A7%D7%99%D7%9F+%D7%98%D7%95%D7%A7/Skin+Talk&quot"/>
</include>

<include content="baseepisods">
<param name="baseid" value="5"/>
<param name="labelname" value="משפחה בהנפקה"/>
<param name="baseeipisod" value="504"/>
<param name="networkname" value="IL"/>
<param name="networkcolor" value="gray"/>
<param name="notvisible" value="![control.hasfocus(6) | Container(35).HasFocus(2)]"/>
<param name="baseepisodcontent" value="plugin://plugin.video.mando/?all_w=%7b%7d&amp;data=2020&amp;dates=%20&amp;description=%5bCOLOR%20aqua%5d%20%d7%a9%d7%95%d7%93%d7%a8%20%d7%91%d7%aa%d7%90%d7%a8%d7%99%d7%9a%2022-03-2020%5b%2fCOLOR%5d%0a&amp;eng_name=%20&amp;episode=%20&amp;fanart=https%3a%2f%2fimage.tmdb.org%2ft%2fp%2foriginal%2f%2fwDozvJ37jiY1uyh5BLQJmr7Jgrd.jpg&amp;fav_status=false&amp;heb_name=%d7%9e%d7%a9%d7%a4%d7%97%d7%94%20%d7%91%d7%94%d7%a0%d7%a4%d7%a7%d7%94&amp;iconimage=https%3a%2f%2fimage.tmdb.org%2ft%2fp%2foriginal%2f%2fcdquGONo4Xi2q1bLhu1JrUDzpBz.jpg&amp;id=100982&amp;image_master&amp;isr=0&amp;last_id&amp;mode=19&amp;name=%5bCOLOR%20white%5d%d7%a2%d7%95%d7%a0%d7%94%201%5b%2fCOLOR%5d&amp;original_title=%d7%9e%d7%a9%d7%a4%d7%97%d7%94%20%d7%91%d7%94%d7%a0%d7%a4%d7%a7%d7%94&amp;season=1&amp;show_original_year=2020&amp;tmdbid=366641&amp;url=https%3a%2f%2fapi.themoviedb.org%2f3%2ftv%2f100982%3fapi_key%3d34142515d9d23817496eeb4ff1d223d0%26language%3den%26append_to_response%3dexternal_ids&amp;video_data=%7b%22rating%22%3a%20%220%22%2c%20%22episode%22%3a%200%2c%20%22title%22%3a%20%22%5bCOLOR%20white%5d%5cu05e2%5cu05d5%5cu05e0%5cu05d4%201%5b%2fCOLOR%5d%22%2c%20%22season%22%3a%200%2c%20%22TVshowtitle%22%3a%20%22%22%2c%20%22mediatype%22%3a%20%22movie%22%2c%20%22plot%22%3a%20%22%5bCOLOR%20aqua%5d%20%5cu05e9%5cu05d5%5cu05d3%5cu05e8%20%5cu05d1%5cu05ea%5cu05d0%5cu05e8%5cu05d9%5cu05da%2022-03-2020%5b%2fCOLOR%5d%5cn%22%2c%20%22OriginalTitle%22%3a%20%22%5cu05de%5cu05e9%5cu05e4%5cu05d7%5cu05d4%20%5cu05d1%5cu05d4%5cu05e0%5cu05e4%5cu05e7%5cu05d4%22%2c%20%22Tag%22%3a%20%2216%22%2c%20%22year%22%3a%20%222020%22%7d&quot"/>
</include>

<include content="baseepisods">
<param name="baseid" value="5"/>
<param name="labelname" value="ספיידרז"/>
<param name="baseeipisod" value="505"/>
<param name="networkname" value="IL"/>
<param name="networkcolor" value="gray"/>
<param name="notvisible" value="![control.hasfocus(6) | Container(35).HasFocus(2)]"/>
<param name="baseepisodcontent" value="plugin://plugin.video.mando/?all_w=%7b%7d&amp;data=2020&amp;dates=%20&amp;description=%5bCOLOR%20aqua%5d%20%d7%a9%d7%95%d7%93%d7%a8%20%d7%91%d7%aa%d7%90%d7%a8%d7%99%d7%9a%2015-03-2020%5b%2fCOLOR%5d%0aWhile%20spending%20a%20summer-long%20family%20vacation%20by%20the%20lake%2c%20siblings%20Tommy%2c%20Nikki%2c%20and%20Daniel%20Fisher%20discover%20that%20their%20seemingly%20boring%20parents%20are%20actually%20daring%20undercover%20spies%2c%20who%20are%20chasing%20a%20devious%20villain%20aiming%20to%20dry%20up%20the%20country%27s%20water%20supply.%20When%20the%20siblings%20realize%20their%20parents%27%20mission%20is%20in%20jeopardy%2c%20they%20form%20a%20secret%20task%20force%20called%20THE%20SPYDERS%20in%20order%20to%20help%20them%20out.%20Tommy%2c%2012%2c%20a%20cute%2c%20irresistible%20goofball%3b%20Nikki%2c%2015%2c%20a%20well-meaning%20but%20impetuous%20leader%2c%20and%20Daniel%2c%2016%2c%20a%20sedentary%2c%20anxiety-ridden%20computer%20nerd%2c%20use%20their%20brains%2c%20charm%2c%20audacity%20and%20unbridled%20enthusiasm%20to%20outwit%20and%20outsmart%20the%20villain%2c%20who%20has%20so%20far%20eluded%20their%20parents.%20Will%20the%20untrained%2c%20blundering%20Spyders%20succeed%20where%20mom%20and%20dad%20failed%3f&amp;eng_name=%20&amp;episode=%20&amp;fanart=https%3a%2f%2fimage.tmdb.org%2ft%2fp%2foriginal%2f%2foF9lzUHOgsBztvr64C6Ea4ICnyw.jpg&amp;fav_status=false&amp;heb_name=%d7%a1%d7%a4%d7%99%d7%99%d7%93%d7%a8%d7%96&amp;iconimage=https%3a%2f%2fimage.tmdb.org%2ft%2fp%2foriginal%2f%2f3OuT9otVjZv9Svi4pGHTiqYkO15.jpg&amp;id=100809&amp;image_master&amp;isr=0&amp;last_id&amp;mode=19&amp;name=%5bCOLOR%20white%5d%d7%a2%d7%95%d7%a0%d7%94%201%5b%2fCOLOR%5d&amp;original_title=Spyders&amp;season=1&amp;show_original_year=2020&amp;tmdbid=None&amp;url=https%3a%2f%2fapi.themoviedb.org%2f3%2ftv%2f100809%3fapi_key%3d34142515d9d23817496eeb4ff1d223d0%26language%3den%26append_to_response%3dexternal_ids&amp;video_data=%7b%22rating%22%3a%20%220%22%2c%20%22episode%22%3a%200%2c%20%22title%22%3a%20%22%5bCOLOR%20white%5d%5cu05e2%5cu05d5%5cu05e0%5cu05d4%201%5b%2fCOLOR%5d%22%2c%20%22season%22%3a%200%2c%20%22TVshowtitle%22%3a%20%22%22%2c%20%22mediatype%22%3a%20%22movie%22%2c%20%22plot%22%3a%20%22%5bCOLOR%20aqua%5d%20%5cu05e9%5cu05d5%5cu05d3%5cu05e8%20%5cu05d1%5cu05ea%5cu05d0%5cu05e8%5cu05d9%5cu05da%2015-03-2020%5b%2fCOLOR%5d%5cnWhile%20spending%20a%20summer-long%20family%20vacation%20by%20the%20lake%2c%20siblings%20Tommy%2c%20Nikki%2c%20and%20Daniel%20Fisher%20discover%20that%20their%20seemingly%20boring%20parents%20are%20actually%20daring%20undercover%20spies%2c%20who%20are%20chasing%20a%20devious%20villain%20aiming%20to%20dry%20up%20the%20country%27s%20water%20supply.%20When%20the%20siblings%20realize%20their%20parents%27%20mission%20is%20in%20jeopardy%2c%20they%20form%20a%20secret%20task%20force%20called%20THE%20SPYDERS%20in%20order%20to%20help%20them%20out.%20Tommy%2c%2012%2c%20a%20cute%2c%20irresistible%20goofball%3b%20Nikki%2c%2015%2c%20a%20well-meaning%20but%20impetuous%20leader%2c%20and%20Daniel%2c%2016%2c%20a%20sedentary%2c%20anxiety-ridden%20computer%20nerd%2c%20use%20their%20brains%2c%20charm%2c%20audacity%20and%20unbridled%20enthusiasm%20to%20outwit%20and%20outsmart%20the%20villain%2c%20who%20has%20so%20far%20eluded%20their%20parents.%20Will%20the%20untrained%2c%20blundering%20Spyders%20succeed%20where%20mom%20and%20dad%20failed%3f%22%2c%20%22OriginalTitle%22%3a%20%22Spyders%22%2c%20%22Tag%22%3a%20%2216%22%2c%20%22year%22%3a%20%222020%22%7d&quot"/>
</include>

<include content="baseepisods">
<param name="baseid" value="5"/>
<param name="labelname" value="קומדי סטור"/>
<param name="baseeipisod" value="506"/>
<param name="networkname" value="IL"/>
<param name="networkcolor" value="gray"/>
<param name="notvisible" value="![control.hasfocus(6) | Container(35).HasFocus(2)]"/>
<param name="baseepisodcontent" value="plugin://plugin.video.sdarot.tv/season/5326/1/%D7%A7%D7%95%D7%9E%D7%93%D7%99+%D7%A1%D7%98%D7%95%D7%A8+2020/Comedy+Store+2020&quot"/>
</include>

<include content="baseepisods">
<param name="baseid" value="5"/>
<param name="labelname" value="אדוני המאמנת"/>
<param name="baseeipisod" value="507"/>
<param name="networkname" value="IL"/>
<param name="networkcolor" value="gray"/>
<param name="notvisible" value="![control.hasfocus(6) | Container(35).HasFocus(2)]"/>
<param name="baseepisodcontent" value="plugin://plugin.video.sdarot.tv/season/4017/1/%D7%90%D7%93%D7%95%D7%A0%D7%99+%D7%94%D7%9E%D7%90%D7%9E%D7%A0%D7%AA/Adoni+Hameamenet&quot"/>
</include>

<include content="baseepisods">
<param name="baseid" value="5"/>
<param name="labelname" value="שמיים בצבע אדום"/>
<param name="baseeipisod" value="508"/>
<param name="networkname" value="IL"/>
<param name="networkcolor" value="gray"/>
<param name="notvisible" value="![control.hasfocus(6) | Container(35).HasFocus(2)]"/>
<param name="baseepisodcontent" value="plugin://plugin.video.sdarot.tv/season/5657/1/%D7%A9%D7%9E%D7%99%D7%99%D7%9D+%D7%91%D7%A6%D7%91%D7%A2+%D7%90%D7%93%D7%95%D7%9D/Shamaim+Betseva+Adom&quot"/>
</include>

<include content="baseepisods">
<param name="baseid" value="5"/>
<param name="labelname" value="תעשה לי סאב"/>
<param name="baseeipisod" value="509"/>
<param name="networkname" value="IL"/>
<param name="networkcolor" value="gray"/>
<param name="notvisible" value="![control.hasfocus(6) | Container(35).HasFocus(2)]"/>
<param name="baseepisodcontent" value="plugin://plugin.video.sdarot.tv/season/4331/1/%D7%AA%D7%A2%D7%A9%D7%94+%D7%9C%D7%99+%D7%A1%D7%90%D7%91/Tase+Li+Sab&quot"/>
</include>

<include content="baseepisods">
<param name="baseid" value="5"/>
<param name="labelname" value="רילוקיישן"/>
<param name="baseeipisod" value="510"/>
<param name="networkname" value="IL"/>
<param name="networkcolor" value="gray"/>
<param name="notvisible" value="![control.hasfocus(6) | Container(35).HasFocus(2)]"/>
<param name="baseepisodcontent" value="plugin://plugin.video.sdarot.tv/season/4604/1/%D7%A8%D7%99%D7%9C%D7%95%D7%A7%D7%99%D7%99%D7%A9%D7%9F/Relocation&quot"/>
</include>

<include content="baseepisods">
<param name="baseid" value="5"/>
<param name="labelname" value="קיבוצניקים"/>
<param name="baseeipisod" value="511"/>
<param name="networkname" value="IL"/>
<param name="networkcolor" value="gray"/>
<param name="notvisible" value="![control.hasfocus(6) | Container(35).HasFocus(2)]"/>
<param name="baseepisodcontent" value="plugin://plugin.video.mando/?all_w=%7b%7d&amp;data=2020&amp;dates=%20&amp;description=%5bCOLOR%20aqua%5d%20%d7%a9%d7%95%d7%93%d7%a8%20%d7%91%d7%aa%d7%90%d7%a8%d7%99%d7%9a%2012-01-2020%5b%2fCOLOR%5d%0a&amp;eng_name=%20&amp;episode=%20&amp;fanart=https%3a%2f%2fimage.tmdb.org%2ft%2fp%2foriginal%2f%2f2v5KMMr1j1IyeQPBWRJxjgpKk9S.jpg&amp;fav_status=false&amp;heb_name=%d7%a7%d7%99%d7%91%d7%95%d7%a6%d7%a0%d7%99%d7%a7%d7%99%d7%9d&amp;iconimage=https%3a%2f%2fimage.tmdb.org%2ft%2fp%2foriginal%2f%2f8o3HmYlXNtKxJKT2a8ANdkYzOat.jpg&amp;id=98804&amp;image_master&amp;isr=0&amp;last_id&amp;mode=19&amp;name=%5bCOLOR%20white%5d%d7%a2%d7%95%d7%a0%d7%94%201%5b%2fCOLOR%5d&amp;original_title=%d7%a7%d7%99%d7%91%d7%95%d7%a6%d7%a0%d7%99%d7%a7%d7%99%d7%9d&amp;season=1&amp;show_original_year=2020&amp;tmdbid=374979&amp;url=https%3a%2f%2fapi.themoviedb.org%2f3%2ftv%2f98804%3fapi_key%3d34142515d9d23817496eeb4ff1d223d0%26language%3den%26append_to_response%3dexternal_ids&amp;video_data=%7b%22rating%22%3a%20%220%22%2c%20%22episode%22%3a%200%2c%20%22title%22%3a%20%22%5bCOLOR%20white%5d%5cu05e2%5cu05d5%5cu05e0%5cu05d4%201%5b%2fCOLOR%5d%22%2c%20%22season%22%3a%200%2c%20%22TVshowtitle%22%3a%20%22%22%2c%20%22mediatype%22%3a%20%22movie%22%2c%20%22plot%22%3a%20%22%5bCOLOR%20aqua%5d%20%5cu05e9%5cu05d5%5cu05d3%5cu05e8%20%5cu05d1%5cu05ea%5cu05d0%5cu05e8%5cu05d9%5cu05da%2012-01-2020%5b%2fCOLOR%5d%5cn%22%2c%20%22OriginalTitle%22%3a%20%22%5cu05e7%5cu05d9%5cu05d1%5cu05d5%5cu05e6%5cu05e0%5cu05d9%5cu05e7%5cu05d9%5cu05dd%22%2c%20%22Tag%22%3a%20%2216%22%2c%20%22year%22%3a%20%222020%22%7d&quot"/>
</include>

<include content="baseepisods">
<param name="baseid" value="5"/>
<param name="labelname" value="פלמח"/>
<param name="baseeipisod" value="512"/>
<param name="networkname" value="IL"/>
<param name="networkcolor" value="gray"/>
<param name="notvisible" value="![control.hasfocus(6) | Container(35).HasFocus(2)]"/>
<param name="baseepisodcontent" value="plugin://plugin.video.mando/?all_w=%7b%7d&amp;data=2020&amp;dates=%20&amp;description=%5bCOLOR%20aqua%5d%20%d7%a9%d7%95%d7%93%d7%a8%20%d7%91%d7%aa%d7%90%d7%a8%d7%99%d7%9a%2005-04-2020%5b%2fCOLOR%5d%0aAn%20adventure%20series%20set%20in%201946%2c%20two%20pivotal%20years%20before%20the%20State%20of%20Israel%20was%20founded.%20A%20seemingly%20innocent%20training%20farm%20secretly%20functions%20as%20a%20Strike%20Forces%20(Palmach)%20training%20base%20and%20recruitment%20center%20for%20exceptional%20teens%2c%20as%20well%20as%20a%20home-base%20for%20illegal%20immigration%20missions%20and%20special%20ops%20against%20the%20British%20mandate.%20The%20show%27s%20heroes%20are%20brother%20and%20sister%20Emile%20and%20Elinore%20%e2%80%93%20fresh%20off%20the%20boat%20illegal%20immigrants.%20The%20native%20Israelis%20initially%20mock%20them%20for%20their%20otherness%2c%20but%20soon%20realize%20they%e2%80%99re%20better%20off%20sticking%20together%20if%20they%20want%20to%20survive%20through%20the%20exhausting%20training%2c%20the%20imminent%20dangers%20and%20the%20surprising%20secret%20that%20comes%20to%20light%3a%20proof%20that%20it%20is%20them%20who%20can%20salvage%20the%20budding%20State.&amp;eng_name=%20&amp;episode=%20&amp;fanart=https%3a%2f%2fimage.tmdb.org%2ft%2fp%2foriginal%2f%2fhMlNPNz51EWnFVtV8OPn5km6uPg.jpg&amp;fav_status=false&amp;heb_name=%d7%a4%d7%9c%d7%9e%22%d7%97&amp;iconimage=https%3a%2f%2fimage.tmdb.org%2ft%2fp%2foriginal%2f%2f85eSdwMN8OEnIAN4rwyau4Tj3Ei.jpg&amp;id=101552&amp;image_master&amp;isr=0&amp;last_id&amp;mode=19&amp;name=%5bCOLOR%20white%5d%d7%a2%d7%95%d7%a0%d7%94%201%5b%2fCOLOR%5d&amp;original_title=Rising&amp;season=1&amp;show_original_year=2020&amp;tmdbid=379618&amp;url=https%3a%2f%2fapi.themoviedb.org%2f3%2ftv%2f101552%3fapi_key%3d34142515d9d23817496eeb4ff1d223d0%26language%3den%26append_to_response%3dexternal_ids&amp;video_data=%7b%22rating%22%3a%20%220%22%2c%20%22episode%22%3a%200%2c%20%22title%22%3a%20%22%5bCOLOR%20white%5d%5cu05e2%5cu05d5%5cu05e0%5cu05d4%201%5b%2fCOLOR%5d%22%2c%20%22season%22%3a%200%2c%20%22TVshowtitle%22%3a%20%22%22%2c%20%22mediatype%22%3a%20%22movie%22%2c%20%22plot%22%3a%20%22%5bCOLOR%20aqua%5d%20%5cu05e9%5cu05d5%5cu05d3%5cu05e8%20%5cu05d1%5cu05ea%5cu05d0%5cu05e8%5cu05d9%5cu05da%2005-04-2020%5b%2fCOLOR%5d%5cnAn%20adventure%20series%20set%20in%201946%2c%20two%20pivotal%20years%20before%20the%20State%20of%20Israel%20was%20founded.%20A%20seemingly%20innocent%20training%20farm%20secretly%20functions%20as%20a%20Strike%20Forces%20(Palmach)%20training%20base%20and%20recruitment%20center%20for%20exceptional%20teens%2c%20as%20well%20as%20a%20home-base%20for%20illegal%20immigration%20missions%20and%20special%20ops%20against%20the%20British%20mandate.%20The%20show%27s%20heroes%20are%20brother%20and%20sister%20Emile%20and%20Elinore%20%5cu2013%20fresh%20off%20the%20boat%20illegal%20immigrants.%20The%20native%20Israelis%20initially%20mock%20them%20for%20their%20otherness%2c%20but%20soon%20realize%20they%5cu2019re%20better%20off%20sticking%20together%20if%20they%20want%20to%20survive%20through%20the%20exhausting%20training%2c%20the%20imminent%20dangers%20and%20the%20surprising%20secret%20that%20comes%20to%20light%3a%20proof%20that%20it%20is%20them%20who%20can%20salvage%20the%20budding%20State.%22%2c%20%22OriginalTitle%22%3a%20%22Rising%22%2c%20%22Tag%22%3a%20%2216%22%2c%20%22year%22%3a%20%222020%22%7d&quot"/>
</include>

<include content="baseepisods">
<param name="baseid" value="5"/>
<param name="labelname" value="הנספח"/>
<param name="baseeipisod" value="513"/>
<param name="networkname" value="IL"/>
<param name="networkcolor" value="gray"/>
<param name="notvisible" value="![control.hasfocus(6) | Container(35).HasFocus(2)]"/>
<param name="baseepisodcontent" value="plugin://plugin.video.sdarot.tv/season/5076/1/%D7%94%D7%A0%D7%A1%D7%A4%D7%97/Hanisfach&quot"/>
</include>

<include content="baseepisods">
<param name="baseid" value="5"/>
<param name="labelname" value="הנוכלות"/>
<param name="baseeipisod" value="514"/>
<param name="networkname" value="IL"/>
<param name="networkcolor" value="gray"/>
<param name="notvisible" value="![control.hasfocus(6) | Container(35).HasFocus(2)]"/>
<param name="baseepisodcontent" value="plugin://plugin.video.mando/?all_w=%7b%7d&amp;data=2019&amp;dates=%20&amp;description=%5bCOLOR%20aqua%5d%20%d7%a9%d7%95%d7%93%d7%a8%20%d7%91%d7%aa%d7%90%d7%a8%d7%99%d7%9a%2016-11-2019%5b%2fCOLOR%5d%0a&amp;eng_name=%20&amp;episode=%20&amp;fanart=https%3a%2f%2fimage.tmdb.org%2ft%2fp%2foriginal%2f%2fyXNyJaZM0uevQPbcb1Yc69UY2Gv.jpg&amp;fav_status=false&amp;heb_name=%d7%94%d7%a0%d7%95%d7%9b%d7%9c%d7%95%d7%aa&amp;iconimage=https%3a%2f%2fimage.tmdb.org%2ft%2fp%2foriginal%2f%2faYtnV3Z4zzcUs94LJlxXbOeNclq.jpg&amp;id=100111&amp;image_master&amp;isr=0&amp;last_id&amp;mode=19&amp;name=%5bCOLOR%20white%5d%d7%a2%d7%95%d7%a0%d7%94%201%5b%2fCOLOR%5d&amp;original_title=%d7%94%d7%a0%d7%95%d7%9b%d7%9c%d7%95%d7%aa&amp;season=1&amp;show_original_year=2019&amp;tmdbid=None&amp;url=https%3a%2f%2fapi.themoviedb.org%2f3%2ftv%2f100111%3fapi_key%3d34142515d9d23817496eeb4ff1d223d0%26language%3den%26append_to_response%3dexternal_ids&amp;video_data=%7b%22rating%22%3a%20%220%22%2c%20%22episode%22%3a%200%2c%20%22title%22%3a%20%22%5bCOLOR%20white%5d%5cu05e2%5cu05d5%5cu05e0%5cu05d4%201%5b%2fCOLOR%5d%22%2c%20%22season%22%3a%200%2c%20%22TVshowtitle%22%3a%20%22%22%2c%20%22mediatype%22%3a%20%22movie%22%2c%20%22plot%22%3a%20%22%5bCOLOR%20aqua%5d%20%5cu05e9%5cu05d5%5cu05d3%5cu05e8%20%5cu05d1%5cu05ea%5cu05d0%5cu05e8%5cu05d9%5cu05da%2016-11-2019%5b%2fCOLOR%5d%5cn%22%2c%20%22OriginalTitle%22%3a%20%22%5cu05d4%5cu05e0%5cu05d5%5cu05db%5cu05dc%5cu05d5%5cu05ea%22%2c%20%22Tag%22%3a%20%2216%22%2c%20%22year%22%3a%20%222019%22%7d&quot"/>
</include>

<include content="baseepisods">
<param name="baseid" value="5"/>
<param name="labelname" value="המתקשרים"/>
<param name="baseeipisod" value="515"/>
<param name="networkname" value="IL"/>
<param name="networkcolor" value="gray"/>
<param name="notvisible" value="![control.hasfocus(6) | Container(35).HasFocus(2)]"/>
<param name="baseepisodcontent" value="plugin://plugin.video.sdarot.tv/season/4375/1/%D7%94%D7%9E%D7%AA%D7%A7%D7%A9%D7%A8%D7%99%D7%9D/Hametaksherim&quot"/>
</include>

<include content="baseepisods">
<param name="baseid" value="5"/>
<param name="labelname" value="התחנה"/>
<param name="baseeipisod" value="516"/>
<param name="networkname" value="IL"/>
<param name="networkcolor" value="gray"/>
<param name="notvisible" value="![control.hasfocus(6) | Container(35).HasFocus(2)]"/>
<param name="baseepisodcontent" value="plugin://plugin.video.mando/?all_w=%7b%7d&amp;data=2020&amp;dates=%20&amp;description=%5bCOLOR%20aqua%5d%20%d7%a9%d7%95%d7%93%d7%a8%20%d7%91%d7%aa%d7%90%d7%a8%d7%99%d7%9a%2007-06-2020%5b%2fCOLOR%5d%0a&amp;eng_name=%20&amp;episode=%20&amp;fanart=https%3a%2f%2fimage.tmdb.org%2ft%2fp%2foriginal%2f%20&amp;fav_status=false&amp;heb_name=%d7%94%d7%aa%d7%97%d7%a0%d7%94&amp;iconimage=https%3a%2f%2fimage.tmdb.org%2ft%2fp%2foriginal%2f%2fuUVNX2fVa3mh8qfoSGL64rNSiWA.jpg&amp;id=103032&amp;image_master&amp;isr=0&amp;last_id&amp;mode=19&amp;name=%5bCOLOR%20white%5d%d7%a2%d7%95%d7%a0%d7%94%203%5b%2fCOLOR%5d&amp;original_title=%d7%94%d7%aa%d7%97%d7%a0%d7%94&amp;season=3&amp;show_original_year=2019&amp;tmdbid=None&amp;url=https%3a%2f%2fapi.themoviedb.org%2f3%2ftv%2f103032%3fapi_key%3d34142515d9d23817496eeb4ff1d223d0%26language%3den%26append_to_response%3dexternal_ids&amp;video_data=%7b%22rating%22%3a%20%220%22%2c%20%22episode%22%3a%200%2c%20%22title%22%3a%20%22%5bCOLOR%20white%5d%5cu05e2%5cu05d5%5cu05e0%5cu05d4%203%5b%2fCOLOR%5d%22%2c%20%22season%22%3a%200%2c%20%22TVshowtitle%22%3a%20%22%22%2c%20%22mediatype%22%3a%20%22movie%22%2c%20%22plot%22%3a%20%22%5bCOLOR%20aqua%5d%20%5cu05e9%5cu05d5%5cu05d3%5cu05e8%20%5cu05d1%5cu05ea%5cu05d0%5cu05e8%5cu05d9%5cu05da%2007-06-2020%5b%2fCOLOR%5d%5cn%22%2c%20%22OriginalTitle%22%3a%20%22%5cu05d4%5cu05ea%5cu05d7%5cu05e0%5cu05d4%22%2c%20%22Tag%22%3a%20%2216%22%2c%20%22year%22%3a%20%222020%22%7d&quot"/>
</include>

<include content="baseepisods">
<param name="baseid" value="5"/>
<param name="labelname" value="גלעדי ימכור אותך"/>
<param name="baseeipisod" value="517"/>
<param name="networkname" value="IL"/>
<param name="networkcolor" value="gray"/>
<param name="notvisible" value="![control.hasfocus(6) | Container(35).HasFocus(2)]"/>
<param name="baseepisodcontent" value="plugin://plugin.video.sdarot.tv/season/5689/1/%D7%92%D7%9C%D7%A2%D7%93%D7%99+%D7%99%D7%9E%D7%9B%D7%95%D7%A8+%D7%90%D7%95%D7%AA%D7%9A/Giladi+Imkor+Otha&quot"/>
</include>

<include content="baseepisods">
<param name="baseid" value="5"/>
<param name="labelname" value="תאגד"/>
<param name="baseeipisod" value="518"/>
<param name="networkname" value="IL"/>
<param name="networkcolor" value="gray"/>
<param name="notvisible" value="![control.hasfocus(6) | Container(35).HasFocus(2)]"/>
<param name="baseepisodcontent" value="plugin://plugin.video.mando/?all_w=%7b%7d&amp;data=2020&amp;dates=%20&amp;description=%5bCOLOR%20aqua%5d%20%d7%a9%d7%95%d7%93%d7%a8%20%d7%91%d7%aa%d7%90%d7%a8%d7%99%d7%9a%2015-06-2020%5b%2fCOLOR%5d%0aCharlie%20Golf%20One%20(TAAGAD%20in%20Hebrew)%20is%20a%20fast-paced%20action%20comedy%20drama%20series%20that%20follows%20the%20extraordinary%20and%20unusual%20events%20in%20the%20lives%20of%20medical%20soldiers%20serving%20in%20a%20remote%20military%20base%20of%20an%20elite%20infantry%20unit.%20The%20series%20will%20have%20you%20laughing%20one%20moment%20and%20put%20you%20at%20the%20edge%20of%20your%20seat%20in%20the%20next.&amp;eng_name=%20&amp;episode=%20&amp;fanart=https%3a%2f%2fimage.tmdb.org%2ft%2fp%2foriginal%2f%2fsYvOlyldt9LBjxunkHofqZoKGJv.jpg&amp;fav_status=false&amp;heb_name=%d7%aa%d7%90%d7%92%27%27%d7%93&amp;iconimage=https%3a%2f%2fimage.tmdb.org%2ft%2fp%2foriginal%2f%2f48KJEz7MrZ6uIjYaGmMTkD6kwDJ.jpg&amp;id=68371&amp;image_master&amp;isr=0&amp;last_id&amp;mode=19&amp;name=%5bCOLOR%20white%5d%d7%a2%d7%95%d7%a0%d7%94%202%5b%2fCOLOR%5d&amp;original_title=Charlie%20Golf%20One&amp;season=2&amp;show_original_year=2016&amp;tmdbid=316913&amp;url=https%3a%2f%2fapi.themoviedb.org%2f3%2ftv%2f68371%3fapi_key%3d34142515d9d23817496eeb4ff1d223d0%26language%3den%26append_to_response%3dexternal_ids&amp;video_data=%7b%22rating%22%3a%20%220%22%2c%20%22episode%22%3a%200%2c%20%22title%22%3a%20%22%5bCOLOR%20white%5d%5cu05e2%5cu05d5%5cu05e0%5cu05d4%202%5b%2fCOLOR%5d%22%2c%20%22season%22%3a%200%2c%20%22TVshowtitle%22%3a%20%22%22%2c%20%22mediatype%22%3a%20%22movie%22%2c%20%22plot%22%3a%20%22%5bCOLOR%20aqua%5d%20%5cu05e9%5cu05d5%5cu05d3%5cu05e8%20%5cu05d1%5cu05ea%5cu05d0%5cu05e8%5cu05d9%5cu05da%2015-06-2020%5b%2fCOLOR%5d%5cnCharlie%20Golf%20One%20(TAAGAD%20in%20Hebrew)%20is%20a%20fast-paced%20action%20comedy%20drama%20series%20that%20follows%20the%20extraordinary%20and%20unusual%20events%20in%20the%20lives%20of%20medical%20soldiers%20serving%20in%20a%20remote%20military%20base%20of%20an%20elite%20infantry%20unit.%20The%20series%20will%20have%20you%20laughing%20one%20moment%20and%20put%20you%20at%20the%20edge%20of%20your%20seat%20in%20the%20next.%22%2c%20%22OriginalTitle%22%3a%20%22Charlie%20Golf%20One%22%2c%20%22Tag%22%3a%20%2216%22%2c%20%22year%22%3a%20%222020%22%7d&quot"/>
</include>

<include content="baseepisods">
<param name="baseid" value="5"/>
<param name="labelname" value="בן זיני מחשב מסלול מחדש"/>
<param name="baseeipisod" value="519"/>
<param name="networkname" value="IL"/>
<param name="networkcolor" value="gray"/>
<param name="notvisible" value="![control.hasfocus(6) | Container(35).HasFocus(2)]"/>
<param name="baseepisodcontent" value="plugin://plugin.video.sdarot.tv/season/5700/1/%D7%91%D7%9F+%D7%96%D7%99%D7%A0%D7%99+-+%D7%9E%D7%97%D7%A9%D7%91+%D7%9E%D7%A1%D7%9C%D7%95%D7%9C+%D7%9E%D7%97%D7%93%D7%A9/ben+zini+Mehashev+Maslul+Mehadash&quot"/>
</include>

<include content="baseepisods">
<param name="baseid" value="5"/>
<param name="labelname" value="במרחק מאה מטר"/>
<param name="baseeipisod" value="520"/>
<param name="networkname" value="Unknown"/>
<param name="networkcolor" value="red"/>
<param name="notvisible" value="![control.hasfocus(6) | Container(35).HasFocus(2)]"/>
<param name="baseepisodcontent" value="plugin://plugin.video.FlashTV/?cat_level=%20&amp;count=0&amp;description=%20%d7%a1%d7%93%d7%a8%d7%aa%20%d7%a1%d7%a8%d7%98%d7%99%d7%9d%20%d7%97%d7%93%d7%a9%d7%94%20%d7%a9%d7%9c%20HOT%20%d7%94%d7%9e%d7%95%d7%a8%d7%9b%d7%91%d7%aa%20%d7%9e%2013%20%d7%99%d7%a6%d7%99%d7%a8%d7%95%d7%aa%20%d7%a7%d7%a6%d7%a8%d7%95%d7%aa%20%d7%91%d7%a0%d7%95%d7%a9%d7%90%20%d7%94%d7%a9%d7%a4%d7%a2%d7%aa%20%d7%94%d7%aa%d7%a4%d7%a8%d7%a6%d7%95%d7%aa%20%d7%94%d7%a7%d7%95%d7%a8%d7%95%d7%a0%d7%94%20%d7%94%d7%a2%d7%95%d7%9c%d7%9e%d7%99%d7%aa.%20%d7%91%d7%9e%d7%94%d7%9c%d7%9a%20%d7%aa%d7%a7%d7%95%d7%a4%d7%aa%20%d7%94%d7%a1%d7%92%d7%a8%20%d7%94%d7%9e%d7%98%d7%9c%d7%98%d7%9c%d7%aa%20%d7%92%d7%95%d7%99%d7%a1%d7%95%20%d7%9b%d7%9e%d7%94%20%d7%9e%d7%94%d7%99%d7%95%d7%a6%d7%a8%d7%99%d7%9d%20%d7%94%d7%91%d7%95%d7%9c%d7%98%d7%99%d7%9d%20%d7%91%d7%99%d7%a9%d7%a8%d7%90%d7%9c%20%d7%91%d7%9b%d7%93%d7%99%20%d7%9c%d7%91%d7%a8%d7%95%d7%90%20%d7%9e%d7%92%d7%95%d7%95%d7%9f%20%d7%a1%d7%99%d7%a4%d7%95%d7%a8%d7%99%d7%9d%20%d7%9e%d7%99%d7%95%d7%97%d7%93%d7%99%d7%9d%2c%20%d7%9e%d7%a8%d7%92%d7%a9%d7%99%d7%9d%20%d7%95%d7%97%d7%93%20%d7%a4%d7%a2%d7%9e%d7%99%d7%99%d7%9d%20%d7%91%d7%a0%d7%95%d7%a9%d7%90%20%d7%94%d7%9e%d7%a6%d7%99%d7%90%d7%95%d7%aa%20%d7%90%d7%95%d7%aa%d7%94%20%d7%94%d7%9d%20%d7%97%d7%95%d7%95%d7%99%d7%9d%20%d7%91%d7%96%d7%9e%d7%9f%20%d7%90%d7%9e%d7%aa%20%d7%95%d7%9b%d7%a9%d7%94%d7%a2%d7%aa%d7%99%d7%93%20%d7%90%d7%99%d7%a0%d7%95%20%d7%99%d7%93%d7%95%d7%a2.%20%d7%91%d7%aa%d7%a7%d7%95%d7%a4%d7%94%20%d7%91%d7%94%20%d7%94%d7%95%d7%a4%d7%a1%d7%a7%d7%95%20%d7%9b%d7%9c%20%d7%94%d7%a4%d7%a7%d7%95%d7%aa%20%d7%94%d7%98%d7%9c%d7%95%d7%95%d7%99%d7%96%d7%99%d7%94%20%d7%91%d7%90%d7%a8%d7%a5%20%d7%95%d7%91%d7%a2%d7%95%d7%9c%d7%9d%2c%20%d7%9e%d7%a6%d7%90%d7%95%20%d7%94%d7%99%d7%95%d7%a6%d7%a8%d7%99%d7%9d%20%d7%a4%d7%aa%d7%a8%d7%95%d7%a0%d7%95%d7%aa%20%d7%99%d7%a6%d7%99%d7%a8%d7%aa%d7%99%d7%99%d7%9d%20%d7%95%d7%94%d7%a8%d7%99%d7%9e%d7%95%20%d7%94%d7%a4%d7%a7%d7%94%20%d7%9b%d7%9e%d7%a2%d7%98%20%d7%a2%d7%a6%d7%9e%d7%90%d7%99%d7%aa%20%d7%91%d7%94%d7%aa%d7%90%d7%9d%20%d7%9c%d7%94%d7%a0%d7%97%d7%99%d7%95%d7%aa%20%d7%94%d7%9e%d7%90%d7%aa%d7%92%d7%a8%d7%95%d7%aa.%20%d7%91%d7%94%d7%a9%d7%aa%d7%aa%d7%a4%d7%95%d7%aa%20%d7%9e%d7%99%d7%98%d7%91%20%d7%94%d7%9b%d7%95%d7%9b%d7%91%d7%99%d7%9d%3a%20%d7%a0%d7%99%d7%a0%d7%98%20%d7%98%d7%99%d7%99%d7%91%2c%20%d7%a9%d7%9c%d7%95%d7%9d%20%d7%9e%d7%99%d7%9b%d7%90%d7%9c%d7%a9%d7%95%d7%99%d7%9c%d7%99%2c%20%d7%90%d7%95%d7%a8%d7%a0%d7%94%20%d7%91%d7%a0%d7%90%d7%99%2c%20%d7%aa%d7%95%d7%9e%d7%a8%20%d7%a7%d7%90%d7%a4%d7%95%d7%9f%2c%20%d7%a0%d7%99%d7%91%20%d7%a1%d7%95%d7%9c%d7%98%d7%9f%2c%20%d7%93%d7%90%d7%a0%d7%94%20%d7%90%d7%99%d7%91%d7%92%d7%99%2c%20%d7%a8%d7%95%d7%a2%d7%99%20%d7%a0%d7%99%d7%a7%2c%20%d7%96%d7%95%d7%9b%d7%aa%20%d7%94%d7%90%d7%97%20%d7%94%d7%92%d7%93%d7%95%d7%9c%20%d7%aa%d7%a7%d7%95%d7%94%20%d7%92%d7%93%d7%a2%d7%95%d7%9f%20%d7%95%d7%a2%d7%95%d7%93.%20&amp;fanart&amp;iconimage=https%3a%2f%2fi.imgur.com%2fPW4pA3y.png&amp;index_depth=0&amp;lang=eng&amp;mode=5&amp;name=%d7%91%d7%9e%d7%a8%d7%97%d7%a7%20100%20%d7%9e%d7%98%d7%a8&amp;page&amp;selected_list=%20&amp;url=%d7%a1%d7%93%d7%a8%d7%95%d7%aa%d7%a1%d7%93%d7%a8%d7%95%d7%aa%20%d7%99%d7%a9%d7%a8%d7%90%d7%9c%d7%99%d7%95%d7%aa%d7%91%d7%9e%d7%a8%d7%97%d7%a7%20100%20%d7%9e%d7%98%d7%a8&quot"/>
</include>

<include content="baseepisods">
<param name="baseid" value="5"/>
<param name="labelname" value="מחנה אבא"/>
<param name="baseeipisod" value="520"/>
<param name="networkname" value="Unknown"/>
<param name="networkcolor" value="red"/>
<param name="notvisible" value="![control.hasfocus(6) | Container(35).HasFocus(2)]"/>
<param name="baseepisodcontent" value="plugin://plugin.video.sdarot.tv/season/5685/1/%D7%9E%D7%97%D7%A0%D7%94+%D7%90%D7%91%D7%90/Machane+Aba&quot"/>
</include>

<include content="baseepisods">
<param name="baseid" value="5"/>
<param name="labelname" value="מתחילים מאפס"/>
<param name="baseeipisod" value="521"/>
<param name="networkname" value="Unknown"/>
<param name="networkcolor" value="red"/>
<param name="notvisible" value="![control.hasfocus(6) | Container(35).HasFocus(2)]"/>
<param name="baseepisodcontent" value="plugin://plugin.video.sdarot.tv/season/5682/1/%D7%9E%D7%AA%D7%97%D7%99%D7%9C%D7%99%D7%9D+%D7%9E%D7%90%D7%A4%D7%A1/Mathilim+MeEfes&quot"/>
</include>

<include content="baseepisods">
<param name="baseid" value="5"/>
<param name="labelname" value="מזרח תיכון מרכז"/>
<param name="baseeipisod" value="522"/>
<param name="networkname" value="Unknown"/>
<param name="networkcolor" value="red"/>
<param name="notvisible" value="![control.hasfocus(6) | Container(35).HasFocus(2)]"/>
<param name="baseepisodcontent" value="plugin://plugin.video.sdarot.tv/season/5677/1/%D7%9E%D7%96%D7%A8%D7%97+%D7%AA%D7%99%D7%9B%D7%95%D7%9F+%D7%9E%D7%A8%D7%9B%D7%96/Mizrach+Tichon+Mercaz&quot"/>
</include>

<include content="baseepisods">
<param name="baseid" value="5"/>
<param name="labelname" value="הביוטריות"/>
<param name="baseeipisod" value="523"/>
<param name="networkname" value="Unknown"/>
<param name="networkcolor" value="red"/>
<param name="notvisible" value="![control.hasfocus(6) | Container(35).HasFocus(2)]"/>
<param name="baseepisodcontent" value="plugin://plugin.video.sdarot.tv/season/5582/1/%D7%94%D7%91%D7%99%D7%95%D7%98%D7%A8%D7%99%D7%95%D7%AA/Habuteriot&quot"/>
</include>

<include content="baseepisods">
<param name="baseid" value="5"/>
<param name="labelname" value="ביום שהאדמה רעדה"/>
<param name="baseeipisod" value="524"/>
<param name="networkname" value="Unknown"/>
<param name="networkcolor" value="red"/>
<param name="actioninfo" value="524"/>
<param name="notvisible" value="![control.hasfocus(6) | Container(35).HasFocus(2)]"/>
<param name="baseepisodcontent" value="plugin://plugin.video.mando/?all_w=%7b%7d&amp;data=2019&amp;dates=%20&amp;description=%5bCOLOR%20aqua%5d%20%d7%a9%d7%95%d7%93%d7%a8%20%d7%91%d7%aa%d7%90%d7%a8%d7%99%d7%9a%2023-10-2019%5b%2fCOLOR%5d%0aAn%20earthquake%20in%20the%20north%20uncovers%20a%20large%20hole%20in%20a%20nature%20reserve.%20Inside%20the%20hole%2c%20three%20human%20skeletons%20are%20found.%20The%20plot%20thickens%20when%20DNA%20tests%20reveal%20that%20the%20DNA%20belongs%20to%20three%20living%20people...&amp;eng_name=%20&amp;episode=%20&amp;fanart=https%3a%2f%2fimage.tmdb.org%2ft%2fp%2foriginal%2f%2fxcs9tfQot0IHrORgEPdKUk20WEb.jpg&amp;fav_status=false&amp;heb_name=%d7%91%d7%99%d7%95%d7%9d%20%d7%a9%d7%94%d7%90%d7%93%d7%9e%d7%94%20%d7%a8%d7%a2%d7%93%d7%94&amp;iconimage=https%3a%2f%2fimage.tmdb.org%2ft%2fp%2foriginal%2f%2f7b0VuE9oHoUmaBEWNsQVnrsezbQ.jpg&amp;id=95050&amp;image_master&amp;isr=0&amp;last_id&amp;mode=19&amp;name=%5bCOLOR%20white%5d%d7%a2%d7%95%d7%a0%d7%94%201%5b%2fCOLOR%5d&amp;original_title=The%20Day%20the%20Earth%20Shook&amp;season=1&amp;show_original_year=2019&amp;tmdbid=371260&amp;url=https%3a%2f%2fapi.themoviedb.org%2f3%2ftv%2f95050%3fapi_key%3d34142515d9d23817496eeb4ff1d223d0%26language%3den%26append_to_response%3dexternal_ids&amp;video_data=%7b%22rating%22%3a%20%220%22%2c%20%22episode%22%3a%200%2c%20%22title%22%3a%20%22%5bCOLOR%20white%5d%5cu05e2%5cu05d5%5cu05e0%5cu05d4%201%5b%2fCOLOR%5d%22%2c%20%22season%22%3a%200%2c%20%22TVshowtitle%22%3a%20%22%22%2c%20%22mediatype%22%3a%20%22movie%22%2c%20%22plot%22%3a%20%22%5bCOLOR%20aqua%5d%20%5cu05e9%5cu05d5%5cu05d3%5cu05e8%20%5cu05d1%5cu05ea%5cu05d0%5cu05e8%5cu05d9%5cu05da%2023-10-2019%5b%2fCOLOR%5d%5cnAn%20earthquake%20in%20the%20north%20uncovers%20a%20large%20hole%20in%20a%20nature%20reserve.%20Inside%20the%20hole%2c%20three%20human%20skeletons%20are%20found.%20The%20plot%20thickens%20when%20DNA%20tests%20reveal%20that%20the%20DNA%20belongs%20to%20three%20living%20people...%22%2c%20%22OriginalTitle%22%3a%20%22The%20Day%20the%20Earth%20Shook%22%2c%20%22Tag%22%3a%20%2216%22%2c%20%22year%22%3a%20%222019%22%7d&quot"/>
</include>


<!--tvshow-->
<!--
<include content="baseepisods">
<param name="baseid" value="5"/>
<param name="labelname" value=""/>
<param name="baseeipisod" value="800"/>
<param name="networkname" value="Unknown"/>
<param name="networkcolor" value="red"/>
<param name="notvisible" value="![control.hasfocus(6) | Container(35).HasFocus(2)]"/>
<param name="baseepisodcontent" value=""/>
</include>
-->

<!--tvshow1-->
<!--
<include content="baseepisods">
<param name="baseid" value="6"/>
<param name="labelname" value=""/>
<param name="baseeipisod" value="800"/>
<param name="networkname" value="Unknown"/>
<param name="networkcolor" value="red"/>
<param name="notvisible" value="![control.hasfocus(5) | Container(35).HasFocus(1)]"/>
<param name="baseepisodcontent" value=""/>
</include>
-->
</control>


<control type="group">
<control type="multiimage">
<posx>1635</posx>
<posy>850</posy>
<width>280</width>
<height>150</height>
<imagepath>https://i.imgur.com/C7KDiR8.png</imagepath>
</control>
</control>
<control type="list" id="35">
<posx>1600</posx>
<posy>800</posy>
<width>550</width>
<height>650</height>
<onright condition="Container(35).HasFocus(1)">Control.SetFocus(5)</onright>
<onright condition="Container(35).HasFocus(2)">Control.SetFocus(6)</onright>
<onleft condition="Container(35).HasFocus(1)">Control.SetFocus(5)</onleft>
<onleft condition="Container(35).HasFocus(2)">Control.SetFocus(6)</onleft>
<orientation>vertical</orientation>
<itemlayout width="150" height="340">
<control type="label">
<posx>180</posx>
<posy>100</posy>
<width>200</width>
<height>40</height>
<align>center</align>
<textcolor>white</textcolor>
<label>$INFO[ListItem.Label]</label>
</control>
<control type="label">
<posx>145</posx>
<posy>170</posy>
<width>200</width>
<height>40</height>
<align>center</align>
<textcolor>white</textcolor>
<label>$INFO[ListItem.Label2]</label>
</control>
</itemlayout>
<focusedlayout width="150" height="340">
<control type="label">
<animation condition="Control.HasFocus(35)" effect="fade" start="0" end="100" time="1100">Conditional</animation>
<posx>180</posx>
<posy>100</posy>
<width>150</width>
<height>40</height>
<align>center</align>
<textcolor>white</textcolor>
<label>[B]$INFO[ListItem.Label][/B]</label>
</control>
<control type="label">
<visible>!control.hasfocus(35)</visible>
<posx>145</posx>
<posy>170</posy>
<width>200</width>
<height>40</height>
<align>center</align>
<textcolor>white</textcolor>
<label>$INFO[ListItem.Label2]</label>
</control>
<control type="label">

<visible>control.hasfocus(35)</visible>
<posx>145</posx>
<posy>170</posy>
<width>200</width>
<height>40</height>
<align>center</align>
<textcolor>cyan</textcolor>
<label>$INFO[ListItem.Label2]</label>
</control>
</focusedlayout>
<content>
<item id="1">
<label>-1-</label>
<label2>ישראלי</label2>
<onclick>Control.SetFocus(5)</onclick>
</item>

<!--<item id="2">
<label>-2-</label>
<label2>סדרות דוקו</label2>
<onclick>Control.SetFocus(6)</onclick>
</item>-->
</content>
</control>

</controls>
</window>
