<?xml version="1.0" encoding="UTF-8"?>
<!-- Foundation -->
<window id="4008" type="dialog">
    <defaultcontrol always="true">5</defaultcontrol>

<controls>



<control type="group">
<description>base background</description>
<control type="image">
<posx>0</posx>
<posy>0</posy>
<width>1920</width>
<height>1080</height>
<texture colordiffuse="black">white.png</texture>
</control>
<control type="image">
<posx>100</posx>
<posy>100</posy>
<width>600</width>
<height>80</height>
<texture colordiffuse="deepskyblue">white.png</texture>
</control>
<control type="image">
<posx>100</posx>
<posy>400</posy>
<width>600</width>
<height>80</height>
<texture colordiffuse="deepskyblue">white.png</texture>
</control>
<control type="image">
<posx>100</posx>
<posy>700</posy>
<width>600</width>
<height>80</height>
<texture colordiffuse="deepskyblue">white.png</texture>
</control>
</control>


<include content="yesgonewdesign">
<param name="yesgobaseid" value="5"/>
<param name="basecontent" value="plugin://plugin.video.telemedia/?data=-1001460058505&amp;dates=%20&amp;description=%d7%a2%d7%95%d7%9c%d7%9d%20%d7%94%d7%a1%d7%a8%d7%98%d7%99%d7%9d&amp;eng_name=%20&amp;episode=%20&amp;fanart=https%3a%2f%2fthumbs.dreamstime.com%2fb%2fhollywood-sign-postcard-california-illustration-vintage-hollywood-cinema-logo-design-movie-hollywood-sign-postcard-california-171714267.jpg&amp;fav_status=false&amp;heb_name=%20&amp;iconimage=https%3a%2f%2fus.123rf.com%2f450wm%2fjagcz%2fjagcz1606%2fjagcz160600157%2f58409514-retro-film-production-accessories-still-life-concept-of-filmmaking-smoke-effect-on-background.jpg%3fver%3d6&amp;id=%20&amp;image_master&amp;isr=0&amp;last_id&amp;mode=31&amp;name=%d7%a1%d7%a8%d7%98%d7%99%d7%9d&amp;original_title=%20&amp;season=%20&amp;show_original_year=%20&amp;tmdbid=%20&amp;url=www&quot"/>
</include>

<include content="missedyesgocontent">
<param name="baseid" value="5"/>
<param name="labelname" value="Topaz"/>
<param name="basefanart" value="https://2.bp.blogspot.com/-vJF1raoosm0/XBucpA2IuzI/AAAAAAABV-Y/g7WlNZiUK9gM2YJzAyoo8OOC4BYXqE7EgCLcBGAs/s1600/Hancock-Will-Smith-600x300.jpg"/>
<param name="genreid" value="דרמה"/>
<param name="textplot" value="השבוע לפני 44 שנה, הגיע במאי סרטי המתח הנחשב עם אשתו לביקור בן 5 ימים בישראל. עם הגעתו לנמל התעופה לוד, התקבל על ידי קהל מעריצים ואנשי קולנוע. מהדורת 'יומני כרמל' ליוותה את הארוע, והקפידה על הפסקול המתבקש"/>
</include>



</controls>
</window>
