<?xml version="1.0" encoding="UTF-8"?>
<!-- Foundation -->
<window id="6920" type="dialog">
    <defaultcontrol always="true">135</defaultcontrol>

<controls>
<!--ילדים מדובבים-->



<!--flash dubbe-->
<include content="ghostlatestmoviesoldnew">
<param name="stringid" value="256"/>
<param name="itemnumber" value="1"/>
<param name="sortby" value="random"/>
<param name="content" value="plugin://plugin.video.FlashTV/?cat_level=%20&amp;count=0&amp;description=%20&amp;fanart&amp;iconimage=https%3a%2f%2fwww.xtrafondos.com%2fwallpapers%2ftoy-story-4-personajes-poster-3326.jpg&amp;index_depth=0&amp;lang=eng&amp;mode=5&amp;name=%d7%a1%d7%a8%d7%98%d7%99%d7%9d%20%d7%9e%d7%93%d7%95%d7%91%d7%91%d7%99%d7%9d&amp;page&amp;selected_list=%20&amp;url=%d7%a1%d7%a8%d7%98%d7%99%d7%9d%d7%a1%d7%a8%d7%98%d7%99%d7%9d%20%d7%9e%d7%93%d7%95%d7%91%d7%91%d7%99%d7%9d&quot"/>
</include>

<!--chicco dubbed-->
<include content="ghostlatestmoviesoldnew">
<param name="stringid" value="257"/>
<param name="itemnumber" value="2"/>
<param name="sortby" value="random"/>
<param name="content" value="plugin://plugin.video.CHICCO/?cat_level=%20&amp;count=0&amp;description=%20&amp;fanart=http%3a%2f%2fmoridim.me%2fimages%2flarge%2f9424.jpg&amp;iconimage=http%3a%2f%2fmoridim.me%2fimages%2flarge%2f9424.jpg&amp;index_depth=0&amp;lang=eng&amp;mode=5&amp;name=%d7%a1%d7%a8%d7%98%d7%99%d7%9d%20%d7%9e%d7%93%d7%95%d7%91%d7%91%d7%99%d7%9d&amp;page&amp;selected_list=%20&amp;url=%d7%a1%d7%a8%d7%98%d7%99%d7%9d%d7%a1%d7%a8%d7%98%d7%99%d7%9d%20%d7%9e%d7%93%d7%95%d7%91%d7%91%d7%99%d7%9d&quot"/>
</include>

<!--ghost dubbed-->
<include content="ghostlatestmoviesoldnew">
<param name="stringid" value="255"/>
<param name="itemnumber" value="3"/>
<param name="sortby" value="dateadded"/>
<param name="sortorder" value="descending"/>
<param name="content" value="plugin://plugin.audio.My.Music/?cat_level=%20&amp;count=0&amp;description=%20%5bCOLOR%20coral%5d%d7%9e%d7%93%d7%95%d7%91%d7%91%20%5b%2fCOLOR%5d&amp;fanart=https%3a%2f%2fsm.ign.com%2fign_il%2fscreenshot%2fdefault%2fhttyd-thumb-1528386082323_8mym.jpg&amp;iconimage=http%3a%2f%2fngarba.xyz%2fadds%2fyos%2fphoto7.jpg&amp;index_depth=0&amp;lang=eng&amp;mode=5&amp;name=%d7%a1%d7%a8%d7%98%d7%99%d7%9d%20%d7%9e%d7%93%d7%95%d7%91%d7%91%d7%99%d7%9d&amp;page&amp;selected_list=%20&amp;url=%d7%99%d7%9c%d7%93%d7%99%d7%9d%d7%a1%d7%a8%d7%98%d7%99%d7%9d%20%d7%9e%d7%93%d7%95%d7%91%d7%91%d7%99%d7%9d&quot"/>
</include>

<!--קבוצת הבקשות לילדים-->
<include content="ghostlatestmoviesoldnew">
<param name="stringid" value="258"/>
<param name="itemnumber" value="4"/>
<param name="sortby" value="random"/>
<param name="content" value="plugin://plugin.video.telemedia/?data=-1001406056035&amp;dates=%20&amp;description=%22%d7%90%d7%9c%d7%90%d7%93%d7%99%d7%9f%22%202019%0a%0a%d7%90%d7%99%d7%9b%d7%95%d7%aa%3a%201080p%20BluRay.%20%f0%9f%98%8d%0a%e2%9c%82%ef%b8%8f%20%d7%97%d7%9c%d7%a7%202%20-%20%d7%9e%d7%93%d7%95%d7%91%d7%91%20%d7%9c%d7%a2%d7%91%d7%a8%d7%99%d7%aa.%20%f0%9f%97%a3%0a%0a%e2%9a%a1%ef%b8%8f%20%40all_the_media%0afrom_plot&amp;eng_name=%20&amp;episode=%20&amp;fanart&amp;fav_status=false&amp;heb_name=%20&amp;iconimage&amp;id=%20&amp;image_master&amp;isr=0&amp;last_id&amp;mode=31&amp;name=%5bCOLOR%20lightblue%5d%d7%a7%d7%91%d7%95%d7%a6%d7%aa%20%d7%94%d7%91%d7%a7%d7%a9%d7%95%d7%aa%20%d7%99%d7%9c%d7%93%d7%99%d7%9d%5b%2fCOLOR%5d&amp;original_title=%20&amp;season=%20&amp;show_original_year=%20&amp;tmdbid=%20&amp;url=-1001406056035&quot"/>
</include>

<!--קבוצת הבקשות לילדים 2-->
<include content="ghostlatestmoviesoldnew">
<param name="stringid" value="259"/>
<param name="itemnumber" value="5"/>
<param name="sortby" value="random"/>
<param name="content" value="plugin://plugin.video.telemedia/?data=-1001169545715&amp;dates=%20&amp;description=%d7%a7%d7%91%d7%95%d7%a6%d7%aa%20%d7%94%d7%91%d7%a7%d7%a9%d7%95%d7%aa%20%d7%9c%d7%99%d7%9c%d7%93%d7%99%d7%9d%202%0afrom_plot&amp;eng_name=%20&amp;episode=%20&amp;fanart&amp;fav_status=false&amp;heb_name=%20&amp;iconimage&amp;id=%20&amp;image_master&amp;isr=0&amp;last_id&amp;mode=31&amp;name=%5bCOLOR%20khaki%5d%d7%a7%d7%91%d7%95%d7%a6%d7%aa%20%d7%94%d7%91%d7%a7%d7%a9%d7%95%d7%aa%20%d7%9c%d7%99%d7%9c%d7%93%d7%99%d7%9d%202%5b%2fCOLOR%5d&amp;original_title=%20&amp;season=%20&amp;show_original_year=%20&amp;tmdbid=%20&amp;url=-1001169545715&quot"/>
</include>

<!--קבוצת הבקשות לילדים 3-->
<include content="ghostlatestmoviesoldnew">
<param name="stringid" value="260"/>
<param name="itemnumber" value="6"/>
<param name="sortby" value="random"/>
<param name="content" value="plugin://plugin.video.telemedia/?data=-1001364848763&amp;dates=%20&amp;description=%0afrom_plot&amp;eng_name=%20&amp;episode=%20&amp;fanart&amp;fav_status=false&amp;heb_name=%20&amp;iconimage&amp;id=%20&amp;image_master&amp;isr=0&amp;last_id&amp;mode=31&amp;name=%5bCOLOR%20khaki%5d%d7%a7%d7%91%d7%95%d7%a6%d7%aa%20%d7%94%d7%91%d7%a7%d7%a9%d7%95%d7%aa%20%d7%9c%d7%99%d7%9c%d7%93%d7%99%d7%9d%203%5b%2fCOLOR%5d&amp;original_title=%20&amp;season=%20&amp;show_original_year=%20&amp;tmdbid=%20&amp;url=-1001364848763&quot"/>
</include>

<!--קבוצת הבקשות לילדים 4-->
<include content="ghostlatestmoviesoldnew">
<param name="stringid" value="261"/>
<param name="itemnumber" value="7"/>
<param name="sortby" value="random"/>
<param name="content" value="plugin://plugin.video.telemedia/?data=-1001428630061&amp;dates=%20&amp;description=%d7%a7%d7%91%d7%95%d7%a6%d7%aa%20%d7%94%d7%91%d7%a7%d7%a9%d7%95%d7%aa%20%d7%9c%d7%99%d7%9c%d7%93%d7%99%d7%9d%204%0afrom_plot&amp;eng_name=%20&amp;episode=%20&amp;fanart&amp;fav_status=false&amp;heb_name=%20&amp;iconimage&amp;id=%20&amp;image_master&amp;isr=0&amp;last_id&amp;mode=31&amp;name=%5bCOLOR%20khaki%5d%d7%a7%d7%91%d7%95%d7%a6%d7%aa%20%d7%94%d7%91%d7%a7%d7%a9%d7%95%d7%aa%20%d7%9c%d7%99%d7%9c%d7%93%d7%99%d7%9d%204%5b%2fCOLOR%5d&amp;original_title=%20&amp;season=%20&amp;show_original_year=%20&amp;tmdbid=%20&amp;url=-1001428630061&quot"/>
</include>

<!--קבוצת הבקשות לילדים 5-->
<include content="ghostlatestmoviesoldnew">
<param name="stringid" value="262"/>
<param name="itemnumber" value="8"/>
<param name="sortby" value="random"/>
<param name="content" value="plugin://plugin.video.telemedia/?data=-1001229507581&amp;dates=%20&amp;description=%0afrom_plot&amp;eng_name=%20&amp;episode=%20&amp;fanart&amp;fav_status=false&amp;heb_name=%20&amp;iconimage&amp;id=%20&amp;image_master&amp;isr=0&amp;last_id&amp;mode=31&amp;name=%5bCOLOR%20khaki%5d%d7%a7%d7%91%d7%95%d7%a6%d7%aa%20%d7%94%d7%91%d7%a7%d7%a9%d7%95%d7%aa%20%d7%9c%d7%99%d7%9c%d7%93%d7%99%d7%9d%205%5b%2fCOLOR%5d&amp;original_title=%20&amp;season=%20&amp;show_original_year=%20&amp;tmdbid=%20&amp;url=-1001229507581&quot"/>
</include>

<!--קבוצת הבקשות לילדים 6-->
<include content="ghostlatestmoviesoldnew">
<param name="stringid" value="263"/>
<param name="itemnumber" value="9"/>
<param name="sortby" value="random"/>
<param name="content" value="plugin://plugin.video.telemedia/?data=-1001331856284&amp;dates=%20&amp;description=%0afrom_plot&amp;eng_name=%20&amp;episode=%20&amp;fanart&amp;fav_status=false&amp;heb_name=%20&amp;iconimage&amp;id=%20&amp;image_master&amp;isr=0&amp;last_id&amp;mode=31&amp;name=%5bCOLOR%20khaki%5d%d7%a7%d7%91%d7%95%d7%a6%d7%aa%20%d7%94%d7%91%d7%a7%d7%a9%d7%95%d7%aa%20%d7%9c%d7%99%d7%9c%d7%93%d7%99%d7%9d%206%5b%2fCOLOR%5d&amp;original_title=%20&amp;season=%20&amp;show_original_year=%20&amp;tmdbid=%20&amp;url=-1001331856284&quot"/>
</include>

<control type="group">
<control type="image">
<posx>5</posx>
<posy>5</posy>
<width>160</width>
<height>260</height>
<texture>black.png</texture>
</control>
<control type="image">
<posx>60</posx>
<posy>10</posy>
<width>55</width>
<height>35</height>
<texture>special://skin/extras/arrows/arrow-142-512.png</texture>
</control>
<control type="image">
<posx>60</posx>
<posy>220</posy>
<width>55</width>
<height>35</height>
<texture flipy="true">special://skin/extras/arrows/arrow-142-512.png</texture>
</control>

<control type="list" id="135">
<posx>30</posx>
<posy>100</posy>
<width>500</width>
<height>200</height>
<onright condition="Container(135).HasFocus(1)">256</onright>
<onright condition="Container(135).HasFocus(2)">257</onright>
<onright condition="Container(135).HasFocus(3)">255</onright>
<onright condition="Container(135).HasFocus(4)">258</onright>
<onright condition="Container(135).HasFocus(5)">259</onright>
<onright condition="Container(135).HasFocus(6)">260</onright>
<onright condition="Container(135).HasFocus(7)">261</onright>
<onright condition="Container(135).HasFocus(8)">262</onright>
<onright condition="Container(135).HasFocus(9)">263</onright>
<onback>9000</onback>
<orientation>vertical</orientation>
<itemlayout width="220" height="240">
<control type="label">
<posx>0</posx>
<posy>0</posy>
<width>500</width>
<height>40</height>
<label>$INFO[ListItem.Label]</label>
</control>
</itemlayout>
<focusedlayout width="220" height="240">
<control type="label">
<visible>!control.hasfocus(135)</visible>
<posx>0</posx>
<posy>0</posy>
<width>500</width>
<height>40</height>
<label>$INFO[ListItem.Label]</label>
</control>
<control type="label">
<animation effect="fade" start="0" end="100" pulse="true" time="1100">Focus</animation>
<visible>control.hasfocus(135)</visible>
<posx>0</posx>
<posy>0</posy>
<width>500</width>
<height>40</height>
<textcolor>yellow</textcolor>
<label>[B]$INFO[ListItem.Label][/B]</label>
</control>
</focusedlayout>
<content>
<item id="1">
<label>ילדים 1</label>
<onclick>control.setfocus(255)</onclick>
</item>
<item id="2">
<label>ילדים 2</label>
<onclick>control.setfocus(256)</onclick>
</item>
<item id="3">
<label>ילדים 3</label>
<onclick>control.setfocus(257)</onclick>
</item>
<item id="4">
<label>ילדים 4</label>
<onclick>control.setfocus(258)</onclick>
</item>
<item id="5">
<label>ילדים 5</label>
<onclick>control.setfocus(259)</onclick>
</item>
<item id="6">
<label>ילדים 6</label>
<onclick>control.setfocus(260)</onclick>
</item>
<item id="7">
<label>ילדים 7</label>
<onclick>control.setfocus(261)</onclick>
</item>
<item id="8">
<label>ילדים 8</label>
<onclick>control.setfocus(262)</onclick>
</item>
<item id="9">
<label>ילדים 9</label>
<onclick>control.setfocus(263)</onclick>
</item>
</content>
</control>
</control>
	
</controls>
</window>
