<?xml version="1.0" encoding="UTF-8"?>
<!-- Foundation -->
<window id="6686" type="dialog">
    <defaultcontrol always="true">5</defaultcontrol>
    	<onload>ClearProperty(quicknavsetup,home)</onload>
		<onload>Dialog.Close(6671)</onload>
		<onload>Dialog.Close(6675)</onload>
		<onunload>ClearProperty(quicknavsetup,home)</onunload>

<controls>

			<control type="group">
			<control type="list" id="5">
			<animation type="WindowOpen">
			<effect type="slide" start="1000,0" end="0,0" tween="cubic" easing="out" time="350"/>
			</animation>
			<animation type="WindowClose">
			<effect type="slide" start="0,0" end="1000,0" tween="cubic" easing="inout" time="350"/>
			</animation>
			<posx>1650</posx>
			<posy>705</posy>
			<width>18-col</width>
			<height>365</height>
			<ondown>5</ondown>
			<onup>5</onup>
			<orientation>vertical</orientation>
			<onleft>Dialog.Close(6686)</onleft>
			<onback>Dialog.Close(6686)</onback>
			<scrolltime tweeb="cubic" easing="inout">450</scrolltime>
			<itemlayout width="4-col" height="115">
				<control type="image">
					<posx>0</posx>
					<posy>20</posy>
					<width>4-col-textbox</width>
					<height>105</height>
					<texture>special://skin/extras/common/context_middle.png</texture>
				</control>
				<control type="label">
					<posx>20</posx>
					<posy>0</posy>
					<width>252</width>
					<height>3-row</height>
					<wrapmultiline>true</wrapmultiline>
					<aligny>center</aligny>
					<align>center</align>
					<textcolor>white</textcolor>
					<shadowcolor></shadowcolor>
					<label>[B][CAPITALIZE]$INFO[ListItem.label][/CAPITALIZE][/B]</label>
				</control>
				<control type="label">
					<posx>20</posx>
					<posy>30</posy>
					<width>252</width>
					<height>3-row</height>
					<wrapmultiline>true</wrapmultiline>
					<aligny>center</aligny>
					<align>center</align>
					<font>font-16</font>
					<textcolor>white</textcolor>
					<shadowcolor></shadowcolor>
					<label>[CAPITALIZE]$INFO[ListItem.label2][/CAPITALIZE]</label>
				</control>
			</itemlayout>
			<focusedlayout width="4-col" height="115">
			<control type="image">
					<posx>0</posx>
					<posy>20</posy>
					<width>4-col-textbox</width>
					<height>105</height>
					<texture>special://skin/extras/common/context_middle.png</texture>
				</control>
				<control type="image">
					<posx>15</posx>
					<posy>22</posy>
					<width>255</width>
					<height>100</height>
					<texture>white.png</texture>
					<colordiffuse>deepskyblue</colordiffuse>
					<aspectratio>stretch</aspectratio>
				</control>
				<control type="label">
					<posx>20</posx>
					<posy>0</posy>
					<width>252</width>
					<height>3-row</height>
					<wrapmultiline>true</wrapmultiline>
					<aligny>center</aligny>
					<align>center</align>
					<textcolor>white</textcolor>
					<shadowcolor>black</shadowcolor>
					<label>[B][CAPITALIZE]$INFO[ListItem.label][/CAPITALIZE][/B]</label>
				</control>
				<control type="label">
					<posx>20</posx>
					<posy>30</posy>
					<width>252</width>
					<height>3-row</height>
					<wrapmultiline>true</wrapmultiline>
					<aligny>center</aligny>
					<align>center</align>
					<font>font-16</font>
					<textcolor>yellow</textcolor>
					<shadowcolor></shadowcolor>
					<label>[CAPITALIZE]$INFO[ListItem.label2][/CAPITALIZE]</label>
				</control>
			</focusedlayout>
			<content>
			<item>
				<label>כניסה לכל ההרחבות</label>
				<label2>כניסה להרחבות וידאו</label2>
				<onclick>Dialog.Close(6686)</onclick>
				<onclick>ActivateWindow(10040,&quot;addons://user/xbmc.addon.video&quot;,return)</onclick>
				</item>
			<item>
				<label>הרחבת טלמדיה</label>
				<label2>תפריט טלמדיה</label2>
				<onclick>Dialog.Close(6686)</onclick>
				<onclick>ActivateWindow(6740)</onclick>
				</item>
			<item>
				<label>הרחבת סדרות טיוי</label>
				<label2>תפריט סדרות טיוי</label2>
				<onclick>Dialog.Close(6686)</onclick>
				<onclick>ActivateWindow(6741)</onclick>
				</item>
			<item>
				<label>הרחבת מנדו</label>
				<label2>תפריט מנדו</label2>
				<onclick>Dialog.Close(6686)</onclick>
				<onclick>ActivateWindow(6742)</onclick>
				</item>
			<item>
				<label>הרחבת עידן פלוס</label>
				<label2>תפריט עידן פלוס</label2>
				<onclick>Dialog.Close(6686)</onclick>
				<onclick>ActivateWindow(6743)</onclick>
			</item>
			</content>
		</control>
		</control>

</controls>
</window>
