<?xml version="1.0" encoding="UTF-8"?>
<!-- Foundation -->
<window id="4018" type="dialog">
    <defaultcontrol always="true">5</defaultcontrol>


<controls>

<include content="idanplusextended">
<param name="stringid" value="5"/>
<param name="notvisible" value="![control.hasfocus(6) | control.hasfocus(7) | control.hasfocus(255) | control.hasfocus(256) | control.hasfocus(456)]"/>
<param name="labelcontains" value="String.Contains(Container(5).ListItem.Label,קשת) | String.Contains(Container(5).ListItem.Label,רשת)"/>
<param name="chancontent" value="plugin://plugin.video.idanplus/?iconimage=C%253A%255CUsers%255Cneta%255CAppData%255CRoaming%255CKodi%255Caddons%255Cplugin.video.idanplus%255Cicon.png&amp;mode=1&amp;module&amp;moredata&amp;name=%5bB%5d%d7%98%d7%9c%d7%95%d7%99%d7%96%d7%99%d7%94%5b%2fB%5d&amp;url&quot;,"/>
</include>

<include content="idantvshows">
<param name="idantvshowid" value="6"/>
<param name="labelname" value="קשת"/>
<param name="idantvshowcontent" value="plugin://plugin.video.idanplus/?iconimage=C%253A%255CUsers%255Cneta%255CAppData%255CRoaming%255CKodi%255Caddons%255Cplugin.video.idanplus%255Cresources%255Cimages%255Cvod.jpg&amp;mode=1&amp;module=keshet&amp;moredata&amp;name=%5bB%5d%d7%aa%d7%9b%d7%a0%d7%99%d7%95%d7%aa%20MakoTV%5b%2fB%5d&amp;url=http%253A%252F%252Fwww.mako.co.il%252Fmako-vod-index&quot"/>
</include>

<include content="idantvshows">
<param name="idantvshowid" value="7"/>
<param name="labelname" value="רשת"/>
<param name="idantvshowcontent" value="plugin://plugin.video.idanplus/?iconimage=C%253A%255CUsers%255Cneta%255CAppData%255CRoaming%255CKodi%255Caddons%255Cplugin.video.idanplus%255Cresources%255Cimages%255C13.png&amp;mode=0&amp;module=reshet&amp;moredata&amp;name=%5bB%5d%d7%9b%d7%9c%20%d7%94%d7%aa%d7%9b%d7%a0%d7%99%d7%95%d7%aa%5b%2fB%5d&amp;url&quot"/>
</include>

<!--קשת-->
<include content="idanchanepissodes">
<param name="idanplusepisodesid" value="255"/>
<param name="chanidnumber" value="6"/>
<param name="onback" value="6"/>
<param name="onup" value="6"/>
<param name="chanlabelname" value="החדשות"/>
<param name="ifnotonfocusvisible" value="![Control.HasFocus(5) | Control.HasFocus(7) | Control.HasFocus(456)]"/>
<param name="idanepisodescontent" value="plugin://plugin.video.idanplus/?iconimage=https%253A%252F%252Fimg.mako.co.il%252F2019%252F01%252F17%252Fhadashot-collage-hd_b.jpg&amp;mode=3&amp;module=keshet&amp;moredata&amp;name=%5bCOLOR%20burlywood%5d%5bB%5d%d7%94%d7%9e%d7%94%d7%93%d7%95%d7%a8%d7%94%20%d7%94%d7%9e%d7%a8%d7%9b%d7%96%d7%99%d7%aa%5b%2fB%5d%5b%2fCOLOR%5d&amp;url=http%253A%252F%252Fwww.mako.co.il%252Fmako-vod-channel2-news%252Fmain-newscast&quot"/>
</include>

<include content="idanchanepissodes">
<param name="idanplusepisodesid" value="256"/>
<param name="chanidnumber" value="6"/>
<param name="onback" value="6"/>
<param name="onup" value="6"/>
<param name="chanlabelname" value="גלית ואילנית"/>
<param name="ifnotonfocusvisible" value="![Control.HasFocus(5) | Control.HasFocus(7) | Control.HasFocus(456)]"/>
<param name="idanepisodescontent" value="plugin://plugin.video.idanplus/?iconimage=https%253A%252F%252Fimg.mako.co.il%252F2018%252F05%252F29%252Fi-pic-plus-logo.png&amp;mode=3&amp;module=keshet&amp;moredata&amp;name=%5bCOLOR%20burlywood%5d%5bB%5d%d7%a2%d7%95%d7%a0%d7%94%203%5b%2fB%5d%5b%2fCOLOR%5d&amp;url=http%253A%252F%252Fwww.mako.co.il%252Fmako-vod-keshet%252Fgalit_and_ilanit-s3&quot"/>
</include>
<!--קשת-->

<!--רשת-->
<include content="idanchanepissodes">
<param name="idanplusepisodesid" value="456"/>
<param name="chanidnumber" value="7"/>
<param name="onback" value="7"/>
<param name="onup" value="7"/>
<param name="chanlabelname" value="שי בשידור"/>
<param name="ifnotonfocusvisible" value="![Control.HasFocus(5) | Control.HasFocus(6) | Control.HasFocus(255) | Control.HasFocus(256)]"/>
<param name="idanepisodescontent" value="plugin://plugin.video.idanplus/?iconimage=https%253A%252F%252Fmedia.reshet.tv%252Fimage%252Fupload%252Ft_app_16x9%252Cq_auto%252Cf_auto%252Fv1590444236%252FSupertanker_ShayBeshidur_Homep_rtenjf.jpg&amp;mode=2&amp;module=reshet&amp;moredata&amp;name=%5bCOLOR%20burlywood%5d%5bB%5d%d7%a4%d7%a8%d7%a7%d7%99%d7%9d%20%d7%9e%d7%9c%d7%90%d7%99%d7%9d%5b%2fB%5d%5b%2fCOLOR%5d&amp;url=https%253A%252F%252F13tv.co.il%252Fentertainment%252Fshai-beshidur%252Fseason-07%252Fepisodes%252F&quot"/>
</include>
<!--רשת-->

<include content="buttonexit">
<param name="buttonidnumber" value="22"/>
<param name="dialogclose" value="Dialog.Close(4018)"/>
</include>
</controls>
</window>
