<?xml version="1.0" encoding="UTF-8"?>
<!-- Foundation -->
<window id="6726" type="dialog">
    <defaultcontrol always="true">2164</defaultcontrol>
<controls>


<control type="image">
<posx>0</posx>
<posy>0</posy>
<width>1920</width>
<height>1080</height>
<texture colordiffuse="black">white.png</texture>
</control>

<include content="thirddesignmovies">
<param name="compareextrasid" value="4"/>
<param name="id" value="4"/>
<param name="onup" value="94"/>
<param name="content" value="plugin://plugin.video.telemedia/?data=-1001402567607&amp;dates=%20&amp;description=%0afrom_plot&amp;eng_name=%20&amp;episode=%20&amp;fanart&amp;fav_status=false&amp;heb_name=%20&amp;iconimage&amp;id=%20&amp;image_master&amp;isr=0&amp;last_id&amp;mode=31&amp;name=%5bCOLOR%20khaki%5d%d7%a2%d7%a8%d7%95%d7%a5%20%d7%a1%d7%a8%d7%98%d7%99%20%d7%98%d7%91%d7%a2%20%d7%95%d7%93%d7%95%d7%a7%d7%95%5b%2fCOLOR%5d&amp;original_title=%20&amp;season=%20&amp;show_original_year=%20&amp;tmdbid=%20&amp;url=-1001402567607&quot"/>
</include>

<include content="thirddesignmovies">
<param name="compareextrasid" value="5"/>
<param name="id" value="5"/>
<param name="onup" value="95"/>
<param name="contentdateadded" value="dateadded" />
<param name="contentdescending" value="descending" />
<param name="content" value="plugin://plugin.video.FlashTV/?cat_level=%20&amp;count=0&amp;description=%20&amp;fanart&amp;iconimage=https%3a%2f%2fi.imgur.com%2fBTwzSoW.png&amp;index_depth=0&amp;lang=eng&amp;mode=5&amp;name=%d7%93%d7%95%d7%a7%d7%95%d7%9e%d7%a0%d7%98%d7%a8%d7%99&amp;page&amp;selected_list=%20&amp;url=%d7%a9%d7%95%d7%a0%d7%95%d7%aa%d7%93%d7%95%d7%a7%d7%95%d7%9e%d7%a0%d7%98%d7%a8%d7%99&quot"/>
</include>

<include content="thirddesignmovies">
<param name="compareextrasid" value="6"/>
<param name="id" value="6"/>
<param name="onup" value="96"/>
<param name="contentdateadded" value="dateadded" />
<param name="contentdescending" value="descending" />
<param name="content" value="plugin://plugin.video.mando/?all_w=%7b%7d&amp;data=%20&amp;dates=%20&amp;description=naturemovies&amp;eng_name=%20&amp;episode=%20&amp;fanart=%20&amp;fav_status=false&amp;heb_name=%20&amp;iconimage=%20&amp;id=%20&amp;image_master&amp;isr=0&amp;last_id&amp;mode=117&amp;name=naturemovies&amp;original_title=%20&amp;season=%20&amp;show_original_year=%20&amp;tmdbid=%20&amp;url=moshep155%24%24%24%24%24%24%24%24%24%24%24naturemovies%5e%5e%5e%5e%5e%5e%5e%5emovie&amp;video_data=%7b%22rating%22%3a%20%220%22%2c%20%22episode%22%3a%200%2c%20%22title%22%3a%20%22naturemovies%22%2c%20%22season%22%3a%200%2c%20%22TVshowtitle%22%3a%20%22%22%2c%20%22mediatype%22%3a%20%22movie%22%2c%20%22plot%22%3a%20%22naturemovies%22%2c%20%22OriginalTitle%22%3a%20%22%20%22%2c%20%22Tag%22%3a%20%22116%22%7d&quot"/>
</include>		

	
		
				<control type="grouplist" id="2164">
				<posx>25</posx>
				<posy>230</posy>
				<width>600</width>
				<height>100</height>
				<itemgap>0</itemgap>
				<orientation>horizontal</orientation>
					<control type="button" id="94">
					<label>טבע ודוקו 1</label>
					<texturefocus colordiffuse="white" border="8,8,8,8">special://skin/extras/views/default_button_fo.png</texturefocus>
					<width>209</width>
					<height>56</height>
					<align>center</align>
					<font>Font-Header-Bold-addline</font>
					<textcolor>FF999999</textcolor>
					<focusedcolor>FFFFFFFF</focusedcolor>
					<textoffsetx>5</textoffsetx>
					<radioposx>5</radioposx>
					<radiowidth>32</radiowidth>
					<radioheight>32</radioheight>
					<ondown>4</ondown>
					<onclick>setfocus(4)</onclick>
					<onfocus>Skin.SetString(Section,4)</onfocus>
				</control>
					<control type="button" id="95">
					<label>טבע ודוקו 2</label>
					<texturefocus colordiffuse="white" border="8,8,8,8">special://skin/extras/views/default_button_fo.png</texturefocus>
					<width>209</width>
					<height>56</height>
					<align>center</align>
					<font>Font-Header-Bold-addline</font>
					<textcolor>FF999999</textcolor>
					<focusedcolor>FFFFFFFF</focusedcolor>
					<textoffsetx>5</textoffsetx>
					<radioposx>5</radioposx>
					<radiowidth>32</radiowidth>
					<radioheight>32</radioheight>
					<ondown>5</ondown>
					<onclick>setfocus(5)</onclick>
					<onfocus>Skin.SetString(Section,5)</onfocus>
				</control>
					<control type="button" id="96">
					<label>טבע ודוקו 3</label>
					<texturefocus colordiffuse="white" border="8,8,8,8">special://skin/extras/views/default_button_fo.png</texturefocus>
					<width>209</width>
					<height>56</height>
					<align>center</align>
					<font>Font-Header-Bold-addline</font>
					<textcolor>FF999999</textcolor>
					<focusedcolor>FFFFFFFF</focusedcolor>
					<textoffsetx>5</textoffsetx>
					<radioposx>5</radioposx>
					<radiowidth>32</radiowidth>
					<radioheight>32</radioheight>
					<ondown>6</ondown>
					<onclick>setfocus(6)</onclick>
					<onfocus>Skin.SetString(Section,6)</onfocus>
				</control>
				</control>


</controls>
</window>
