<?xml version="1.0" encoding="UTF-8"?>
<!-- Foundation -->
<window id="6792" type="dialog">
    <defaultcontrol always="true">2164</defaultcontrol>

<controls>


<control type="group">
<animation type="WindowOpen">
<effect type="slide" start="0,0" end="0,-800" time="250" tween="sine" easing="inout"/>
</animation>
<animation type="WindowOpen">
<effect type="slide" start="-800,0" end="0,0" time="250" tween="sine" easing="inout"/>
</animation>
<control type="image">
<posx>0</posx>
<posy>1485</posy>
<width>1920</width>
<height>400</height>
<bordertexture colordiffuse="grey_a">white.png</bordertexture>
<bordersize>4</bordersize>
<texture colordiffuse="black">white.png</texture>
</control>
</control>

<!--שמישהו יאכיל את פיל-->
<include content="seriascontent">
<param name="stringid" value="788"/>
<param name="stringcompare" value="788"/>
<param name="sessionnumber" value="1"/>
<param name="posy" value="950"/>
<param name="labelname" value="שמישהו יאכיל את פיל"/>
<param name="genrename" value="אוכל"/>
<param name="yearname" value="2018"/>
<param name="ondown" value="789"/>
<param name="onup" value="2164"/>
<param name="visibleid" value="!Control.HasFocus(789)"/>
<param name="fanartid" value="https://static.sdarot.life/series/5365.jpg"/>
<param name="textplot" value="פיל רוזנטל, היוצר של 'כולם אוהבים את ריימונד', מטייל ברחבי העולם וטועם מהתרבות ומהמאכלים המקומיים בבנגקוק, בליסבון, במקסיקו סיטי ועוד."/>
<param name="episodedcontent" value="plugin://plugin.video.sdarot.tv/season/5365/1/%D7%A9%D7%9E%D7%99%D7%A9%D7%94%D7%95+%D7%99%D7%90%D7%9B%D7%99%D7%9C+%D7%90%D7%AA+%D7%A4%D7%99%D7%9C/somebody+feed+phil&quot"/>
</include>

<include content="seriascontent">
<param name="stringid" value="789"/>
<param name="stringcompare" value="788"/>
<param name="sessionnumber" value="2"/>
<param name="posy" value="1000"/>
<param name="onup" value="788"/>
<param name="yearname" value="2019"/>
<param name="visibleid" value="Control.HasFocus(789)"/>
<param name="episodedcontent" value="plugin://plugin.video.sdarot.tv/season/5365/2/%D7%A9%D7%9E%D7%99%D7%A9%D7%94%D7%95+%D7%99%D7%90%D7%9B%D7%99%D7%9C+%D7%90%D7%AA+%D7%A4%D7%99%D7%9C/somebody+feed+phil&quot"/>
</include>
<!--שמישהו יאכיל את פיל-->


<include content="seriascontent">
<param name="stringid" value="790"/>
<param name="stringcompare" value="790"/>
<param name="sessionnumber" value="1"/>
<param name="posy" value="1000"/>
<param name="labelname" value="ישראל מבשלת יחד"/>
<param name="genrename" value="אוכל ישראלי"/>
<param name="yearname" value="2020"/>
<param name="onup" value="2164"/>
<param name="fanartid" value="https://static.sdarot.life/series/5311.jpg"/>
<param name="textplot" value="השפים המובילים בישראל מגיעים לבשל איתכם ארוחת צהריים."/>
<param name="episodedcontent" value="plugin://plugin.video.sdarot.tv/season/5311/1/%D7%99%D7%A9%D7%A8%D7%90%D7%9C+%D7%9E%D7%91%D7%A9%D7%9C%D7%AA+%D7%99%D7%97%D7%93/Israel+Mevashelet+Yahad&quot"/>
</include>

<include content="seriascontent">
<param name="stringid" value="791"/>
<param name="stringcompare" value="791"/>
<param name="sessionnumber" value="1"/>
<param name="posy" value="1000"/>
<param name="labelname" value="ארוחת ארבע"/>
<param name="genrename" value="אוכל ישראלי"/>
<param name="yearname" value="2020"/>
<param name="onup" value="2164"/>
<param name="fanartid" value="https://static.sdarot.life/series/5401.png"/>
<param name="textplot" value="השף ברק יחזקאלי מארח שף אורח, המביא עמו שלושה סיפורים אישיים הקשורים למנות בחייו. דרך הזיכרונות, הם ישרטטו פרופיל אישי ומקצועי. את המנה האחרונה ברק יכין בהשראת האורח."/>
<param name="episodedcontent" value="plugin://plugin.video.sdarot.tv/season/5401/1/%D7%90%D7%A8%D7%95%D7%97%D7%AA+%D7%90%D7%A8%D7%91%D7%A2/Aruchat+Arba&quot"/>
</include>


		<control type="grouplist" id="2164">
		<posx>20</posx>
		<posy>700</posy>
		<width>700</width>
		<height>365</height>
		<itemgap>10</itemgap>
		<onback>Dialog.Close(6792)</onback>
		<onback>ActivateWindow(6791)</onback>
		<orientation>vertical</orientation>
		<include content="buttonid">
		<param name="buttonnumber" value="495"/>
		<param name="buttonname" value="שמישהו יאכיל את פיל"/>
		<param name="buttonssetfocus" value="788"/>
		</include>
		<include content="buttonid">
		<param name="buttonnumber" value="496"/>
		<param name="buttonname" value="ישראל מבשלת יחד"/>
		<param name="buttonssetfocus" value="790"/>
		</include>
		<include content="buttonid">
		<param name="buttonnumber" value="497"/>
		<param name="buttonname" value="ארוחת ארבע"/>
		<param name="buttonssetfocus" value="791"/>
		</include>
		</control>



</controls>
</window>
