<?xml version="1.0" encoding="UTF-8"?>
<!-- Foundation -->
<window id="6829" type="dialog">
    <defaultcontrol always="true">5</defaultcontrol>

<animation type="WindowOpen">
<effect type="slide" start="0,0" end="0,800" time="350" tween="sine" easing="inout"/>
</animation>

<controls>


		<control type="list" id="5">
		<visible>!IsEmpty(Container(5).ListItem.Thumb)</visible>
			<posx>-20</posx>
			<posy>-850</posy>
			<width>1920</width>
			<height>800</height>
			<ondown>Dialog.Close(6829)</ondown>
			<ondown>Control.SetFocus(9000)</ondown>
			<orientation>horizontal</orientation>
			<itemlayout width="350" height="250">
				<control type="image">
				<animation effect="zoom" start="100,100" end="50,100" time="100">UnFocus</animation>
					<posx>0</posx>
					<posy>0</posy>
					<width>380</width>
					<height>220</height>
					<texture>special://skin/extras/specialbuttons/buttonbg.png</texture>
				</control>
							<control type="label">
			<posx>65</posx>
			<posy>95</posy>
			<width>250</width>
			<height>40</height>
			<align>center</align>
			<font>font-21-newrecommnded</font>
			<label>$INFO[ListItem.Label]</label>
			</control>
			</itemlayout>
			<focusedlayout width="350" height="250">

			<control type="image">
			<animation effect="slide" start="0,0" end="0,95" time="150">Focus</animation>
			<posx>25</posx>
			<posy>72</posy>
			<width>320</width>
			<height>195</height>
			<texture border="40">special://skin/extras/common/roundedbutton-nofocus.png</texture>
			</control>
			<control type="multiimage">
			<animation effect="slide" start="0,0" end="0,85" time="150">Focus</animation>
			<posx>46</posx>
			<posy>103</posy>
			<width>275</width>
			<height>150</height>
			<imagepath diffuse="special://skin/extras/difuse/panel.png">$INFO[ListItem.Thumb]</imagepath>
			</control>
			
			<control type="image">
			
					<posx>0</posx>
					<posy>0</posy>
					<width>380</width>
					<height>220</height>
					<texture>special://skin/extras/specialbuttons/buttonbg.png</texture>	
				</control>
				
			<control type="label">
			<posx>65</posx>
			<posy>95</posy>
			<width>250</width>
			<height>40</height>
			<align>center</align>
			<font>font-21-newrecommnded</font>
			<label>$INFO[ListItem.Label]</label>
			</control>
			</focusedlayout>
			<content>
			<item>
			<label>אנימציה</label>
			<thumb>https://www.pixelstalk.net/wp-content/uploads/2016/10/Wallpaper-movies-animated-monsters-monters-computer-comedy.jpg</thumb>
			<onclick>Dialog.Close(6829)</onclick>
			<onclick>ActivateWindow(10025,&quot;plugin://plugin.video.sdarot.tv/genre/7/0&quot;,return)</onclick>
			</item>	
			<item>
			<label>ילדים</label>
			<thumb>https://www.todaysparent.com/wp-content/uploads/2018/07/best-kids-tv-shows-on-netflix-Canada-super-why-1024x576-1553016260.jpg</thumb>
			<onclick>Dialog.Close(6829)</onclick>
			<onclick>ActivateWindow(10025,&quot;plugin://plugin.video.sdarot.tv/genre/38/0&quot;,return)</onclick>
			</item>
			<item>
			<label>אנימה</label>
			<thumb>https://www.cartoonbrew.com/wp-content/uploads/Toei.Animation-e1332198197315.jpg</thumb>
			<onclick>Dialog.Close(6829)</onclick>
			<onclick>ActivateWindow(10025,&quot;plugin://plugin.video.sdarot.tv/genre/18/0&quot;,return)</onclick>
			</item>
			<item>
			<label>דוקומנטרי</label>
			<thumb>https://image.slidesharecdn.com/documentarygenres-140623042430-phpapp02/95/documentary-genres-1-638.jpg</thumb>
			<onclick>Dialog.Close(6829)</onclick>
			<onclick>ActivateWindow(10025,&quot;plugin://plugin.video.sdarot.tv/genre/9/0&quot;,return)</onclick>
			</item>	
			<item>
			<label>אוכל</label>
			<thumb>https://images6.alphacoders.com/518/thumb-350-518780.jpg</thumb>
			<onclick>Dialog.Close(6829)</onclick>
			<onclick>ActivateWindow(10025,&quot;plugin://plugin.video.sdarot.tv/genre/33/0&quot;,return)</onclick>
			</item>
			<item>
			<label>הרפתקאות</label>
			<thumb>https://c4.wallpaperflare.com/wallpaper/251/610/431/the-film-figure-art-indiana-jones-wallpaper-preview.jpg</thumb>
			<onclick>Dialog.Close(6829)</onclick>
			<onclick>ActivateWindow(10025,&quot;plugin://plugin.video.sdarot.tv/genre/6/0&quot;,return)</onclick>
			</item>
			<item>
			<label>פעולה</label>
			<thumb>https://images4.alphacoders.com/706/706978.jpg</thumb>
			<onclick>Dialog.Close(6829)</onclick>
			<onclick>ActivateWindow(10025,&quot;plugin://plugin.video.sdarot.tv/genre/3/0&quot;,return)</onclick>
			</item>	
			<item>
			<label>דרמה</label>
			<thumb>https://www.pixelstalk.net/wp-content/uploads/2016/05/Supernatural-1080p-Wallpaper.jpg</thumb>
			<onclick>Dialog.Close(6829)</onclick>
			<onclick>ActivateWindow(10025,&quot;plugin://plugin.video.sdarot.tv/genre/2/0&quot;,return)</onclick>
			</item>
			<item>
			<label>רומנטיקה</label>
			<thumb>https://wallpaperhook.com/wp-content/uploads/2019/10/The-Office-TV-Show-Wallpapers-32-WallpaperHook.com_.jpg</thumb>
			<onclick>Dialog.Close(6829)</onclick>
			<onclick>ActivateWindow(10025,&quot;plugin://plugin.video.sdarot.tv/genre/15/0&quot;,return)</onclick>
			</item>
			<item>
			<label>מדע בדיוני</label>
			<thumb>https://i.pinimg.com/originals/f1/b6/5d/f1b65ddca6264b52192482c638900b80.jpg</thumb>
			<onclick>Dialog.Close(6829)</onclick>
			<onclick>ActivateWindow(10025,&quot;plugin://plugin.video.sdarot.tv/genre/5/0&quot;,return)</onclick>
			</item>
			<item>
			<label>קומדיה</label>
			<thumb>https://i.pinimg.com/originals/81/69/43/81694357cf97d4f94da8619feda7cf82.jpg</thumb>
			<onclick>Dialog.Close(6829)</onclick>
			<onclick>ActivateWindow(10025,&quot;plugin://plugin.video.sdarot.tv/genre/1/0&quot;,return)</onclick>
			</item>
			<item>
			<label>מתח</label>
			<thumb>https://miro.medium.com/max/3840/1*WjnD5NkV278jKkbTX4UkQg.jpeg</thumb>
			<onclick>Dialog.Close(6829)</onclick>
			<onclick>ActivateWindow(10025,&quot;plugin://plugin.video.sdarot.tv/genre/4/0&quot;,return)</onclick>
			</item>
			<item>
			<label>משפחה</label>
			<thumb>https://i.pinimg.com/originals/62/92/6a/62926afdb227ce167da01b1a296a733a.jpg</thumb>
			<onclick>Dialog.Close(6829)</onclick>
			<onclick>ActivateWindow(10025,&quot;plugin://plugin.video.sdarot.tv/genre/10/0&quot;,return)</onclick>
			</item>
			<item>
			<label>מסתורין</label>
			<thumb>https://media.glamour.com/photos/5ef2657e2cc0e95781b03d03/master/pass/MCDKNOU_LG002.jpg</thumb>
			<onclick>Dialog.Close(6829)</onclick>
			<onclick>ActivateWindow(10025,&quot;plugin://plugin.video.sdarot.tv/genre/14/0&quot;,return)</onclick>
			</item>
			<item>
			<label>ישראלי</label>
			<thumb>https://images.haarets.co.il/image/fetch/https://www.haaretz.co.il/polopoly_fs/1.8724767!/image/854184005.jpg</thumb>
			<onclick>Dialog.Close(6829)</onclick>
			<onclick>ActivateWindow(10025,&quot;plugin://plugin.video.sdarot.tv/genre/20/0&quot;,return)</onclick>
			</item>
			<item>
			<label>שעשועון</label>
			<thumb>https://is3-ssl.mzstatic.com/image/thumb/Purple62/v4/74/6d/c6/746dc66e-247e-4834-bf16-a5cd533b763f/source/256x256bb.jpg</thumb>
			<onclick>Dialog.Close(6829)</onclick>
			<onclick>ActivateWindow(10025,&quot;plugin://plugin.video.sdarot.tv/genre/27/0&quot;,return)</onclick>
			</item>
			<item>
			<label>טלנובלה</label>
			<thumb>https://res.cloudinary.com/atzuma/image/upload/c_thumb,g_face:center,h_450,q_70,w_800/v1526842965/atzuma/ozbzntv7uyhqmpgv2hpg.jpg</thumb>
			<onclick>Dialog.Close(6829)</onclick>
			<onclick>ActivateWindow(10025,&quot;plugin://plugin.video.sdarot.tv/genre/13/0&quot;,return)</onclick>
			</item>
			<item>
			<label>טלנובלות ברזילאיות</label>
			<thumb>https://img.wcdn.co.il/f_auto,w_300,t_54/2/9/4/0/2940883-46.png</thumb>
			<onclick>Dialog.Close(6829)</onclick>
			<onclick>ActivateWindow(10025,&quot;plugin://plugin.video.sdarot.tv/genre/54/0&quot;,return)</onclick>
			</item>
			<item>
			<label>טלנובלות טורקיות</label>
			<thumb>https://www.yes.co.il/SiteCollectionImages/2019/content/TurkishSeries/7._137120_Turkish_drama_mobile_298X4082.jpg</thumb>
			<onclick>Dialog.Close(6829)</onclick>
			<onclick>ActivateWindow(10025,&quot;plugin://plugin.video.sdarot.tv/genre/50/0&quot;,return)</onclick>
			</item>
			<item>
			<label>טלנובלות ספרדיות</label>
			<thumb>https://www.2all.co.il/web/Sites/iangelei/73753_(7).jpg</thumb>
			<onclick>Dialog.Close(6829)</onclick>
			<onclick>ActivateWindow(10025,&quot;plugin://plugin.video.sdarot.tv/genre/52/0&quot;,return)</onclick>
			</item>
			<item>
			<label>טלנובלות קוריאניות</label>
			<thumb>https://cdn.playbuzz.com/cdn//f86d758b-3c56-46f2-bac3-bdf63ca39636/051c7ab1-4cc8-4e67-8e6c-42f5440d7ebf.jpg</thumb>
			<onclick>Dialog.Close(6829)</onclick>
			<onclick>ActivateWindow(10025,&quot;plugin://plugin.video.sdarot.tv/genre/51/0&quot;,return)</onclick>
			</item>
			<item>
			<label>HBO</label>
			<thumb>https://www.wallpaperup.com/uploads/wallpapers/2014/09/15/443426/0a65a70eea050bbd217392935b2d8709-700.jpg</thumb>
			<onclick>Dialog.Close(6829)</onclick>
			<onclick>ActivateWindow(10025,&quot;plugin://plugin.video.sdarot.tv/genre/53/0&quot;,return)</onclick>
			</item>
			<item>
			<label>אמזון</label>
			<thumb>https://wallpapercave.com/wp/wp4682694.jpg</thumb>
			<onclick>Dialog.Close(6829)</onclick>
			<onclick>ActivateWindow(10025,&quot;plugin://plugin.video.sdarot.tv/genre/49/0&quot;,return)</onclick>
			</item>
			<item>
			<label>דיסני</label>
			<thumb>https://www.gadgety.co.il/wp-content/themes/main/thumbs/2018/11/Disney-plus-logo.jpg</thumb>
			<onclick>Dialog.Close(6829)</onclick>
			<onclick>ActivateWindow(10025,&quot;plugin://plugin.video.sdarot.tv/genre/55/0&quot;,return)</onclick>
			</item>
			</content>
			</control>

</controls>
</window>
