<?xml version="1.0" encoding="UTF-8"?>
<!-- Foundation -->
<window id="6689" type="dialog">
    <defaultcontrol always="true">5</defaultcontrol>
    	<onload>ClearProperty(quicknavsetup,home)</onload>
		<onload>Dialog.Close(6671)</onload>
		<onload>Dialog.Close(6675)</onload>
		<onunload>ClearProperty(quicknavsetup,home)</onunload>

<controls>
			<control type="list" id="5">
			<animation type="WindowOpen">
			<effect type="slide" start="-1500,0" end="1500,0" tween="cubic" easing="out" time="350"/>
			</animation>
			<animation type="WindowClose">
			<effect type="slide" start="1500,0" end="0,0" tween="cubic" easing="inout" time="350"/>
			</animation>
			<posx>-1500</posx>
			<posy>360</posy>
			<width>18-col</width>
			<height>365</height>
			<ondown>9012</ondown>
			<onup>9012</onup>
			<focusposition>0</focusposition>
			<scrolltime tweeb="cubic" easing="inout">450</scrolltime>
			<orientation>vertical</orientation>
			<onright>Dialog.Close(6689)</onright>
			<onback>Dialog.Close(6689)</onback>
			<itemlayout width="4-col" height="115">
				<control type="image">
					<posx>0</posx>
					<posy>40</posy>
					<width>4-col-textbox</width>
					<height>105</height>
					<texture>special://skin/extras/common/context_middle.png</texture>
				</control>
				<control type="label">
					<posx>0</posx>
					<posy>0</posy>
					<width>282</width>
					<height>3-row</height>
					<wrapmultiline>true</wrapmultiline>
					<aligny>center</aligny>
					<align>center</align>
					<textcolor>white</textcolor>
					<shadowcolor>black</shadowcolor>
					<label>[B][CAPITALIZE]$INFO[ListItem.label][/CAPITALIZE][/B]</label>
				</control>
				<control type="textbox">
					<posx>0</posx>
					<posy>50</posy>
					<width>282</width>
					<height>3-row</height>
					<wrapmultiline>true</wrapmultiline>
					<aligny>center</aligny>
					<align>center</align>
					<font>font-16</font>
					<textcolor>white</textcolor>
					<shadowcolor>yellow</shadowcolor>
					<label>[CAPITALIZE]$INFO[ListItem.label2][/CAPITALIZE]</label>
				</control>
			</itemlayout>
			<focusedlayout width="4-col" height="115">
			<control type="image">
					<posx>0</posx>
					<posy>20</posy>
					<width>4-col-textbox</width>
					<height>105</height>
					<texture>special://skin/extras/common/context_middle.png</texture>
				</control>
				<control type="image">
					<posx>15</posx>
					<posy>22</posy>
					<width>255</width>
					<height>100</height>
					<texture>white.png</texture>
					<colordiffuse>purple</colordiffuse>
					<aspectratio>stretch</aspectratio>
				</control>
				<control type="textbox">
					<posx>0</posx>
					<posy>0</posy>
					<width>282</width>
					<height>3-row</height>
					<wrapmultiline>true</wrapmultiline>
					<aligny>center</aligny>
					<align>center</align>
					<textcolor>white</textcolor>
					<shadowcolor></shadowcolor>
					<label>[B][CAPITALIZE]$INFO[ListItem.label][/CAPITALIZE][/B]</label>
				</control>
				<control type="textbox">
					<posx>0</posx>
					<posy>50</posy>
					<width>282</width>
					<height>3-row</height>
					<wrapmultiline>true</wrapmultiline>
					<aligny>center</aligny>
					<align>center</align>
					<font>font-16</font>
					<textcolor>white</textcolor>
					<shadowcolor></shadowcolor>
					<label>[CAPITALIZE]$INFO[ListItem.label2][/CAPITALIZE]</label>
				</control>
			</focusedlayout>
			<content>
			<item>
				<label>סדרות טיוי</label>
				<label2>הרחבת סדרות טיוי</label2>
				<onclick>Dialog.Close(6689)</onclick>
				<onclick>ActivateWindow(10025,&quot;plugin://plugin.video.sdarot.tv/&quot;,return)</onclick>
				</item>
				<item>
				<label>סדרות חדשות</label>
				<label2>סדרות חדשות מכל הרשתות</label2>
				<onclick>Dialog.Close(6689)</onclick>
				<onclick>ActivateWindow(10025,&quot;plugin://plugin.video.telemedia/?data=%20&amp;dates=%20&amp;description=%d7%a1%d7%93%d7%a8%d7%95%d7%aa%20%d7%97%d7%93%d7%a9%d7%95%d7%aa&amp;eng_name=%20&amp;episode=%20&amp;fanart=https%3a%2f%2fcdn3.vectorstock.com%2fi%2f1000x1000%2f88%2f32%2fnew-episode-rubber-stamp-vector-12438832.jpg&amp;fav_status=false&amp;heb_name=%20&amp;iconimage=https%3a%2f%2flh5.ggpht.com%2fcr6L4oleXlecZQBbM1EfxtGggxpRK0Q1cQ8JBtLjJdeUrqDnXAeBHU30trRRnMUFfSo%3dw300&amp;id=%20&amp;image_master&amp;isr=0&amp;last_id&amp;mode=14&amp;name=%d7%a1%d7%93%d7%a8%d7%95%d7%aa%20%d7%97%d7%93%d7%a9%d7%95%d7%aa&amp;original_title=%20&amp;season=%20&amp;show_original_year=%20&amp;tmdbid=%20&amp;url=https%3a%2f%2fapi.themoviedb.org%2f3%2fdiscover%2ftv%3fapi_key%3d34142515d9d23817496eeb4ff1d223d0%26language%3d%25s-US%26sort_by%3dpopularity.desc%26first_air_date_year%3d2020%26timezone%3dAmerica%252FNew_York%26include_null_first_air_ates%3dfalse%26language%3dhe%26page%3d1&quot;,return)</onclick>
				</item>
				<item>
				<label>סדרות ישראליות</label>
				<label2>סדרות חדשות מכל הרשתות</label2>
				<onclick>Dialog.Close(6689)</onclick>
				<onclick>ActivateWindow(10025,&quot;plugin://plugin.video.telemedia/?data=%20&amp;dates=%20&amp;description=%d7%a1%d7%93%d7%a8%d7%95%d7%aa%20%d7%99%d7%a9%d7%a8%d7%90%d7%9c%d7%99%d7%95%d7%aa&amp;eng_name=%20&amp;episode=%20&amp;fanart=http%3a%2f%2fcoldshotproductions.net%2fflachannelbanner.png&amp;fav_status=false&amp;heb_name=%20&amp;iconimage=http%3a%2f%2foakhillcapital.com%2fwp-content%2fuploads%2f2015%2f08%2fLocalTV.jpg&amp;id=%20&amp;image_master&amp;isr=0&amp;last_id&amp;mode=14&amp;name=%d7%a1%d7%93%d7%a8%d7%95%d7%aa%20%d7%99%d7%a9%d7%a8%d7%90%d7%9c%d7%99%d7%95%d7%aa&amp;original_title=%20&amp;season=%20&amp;show_original_year=%20&amp;tmdbid=%20&amp;url=https%3a%2f%2fapi.themoviedb.org%2f3%2fdiscover%2ftv%3fapi_key%3d34142515d9d23817496eeb4ff1d223d0%26language%3dhe%26sort_by%3dpopularity.desc%26include_null_first_air_dates%3dfalse%26with_original_language%3dhe%26page%3d1&quot;,return)</onclick>
				</item>
				<item>
				<label>סדרות מקומיות שלי</label>
				<label2>רשימת הסדרות שלי</label2>
				<onclick>Dialog.Close(6689)</onclick>
				<onclick>ActivateWindow(10025,&quot;plugin://plugin.video.telemedia/?data=%20&amp;dates=%20&amp;description=%d7%a1%d7%93%d7%a8%d7%95%d7%aa%20%d7%9e%d7%a7%d7%95%d7%9e%d7%99%d7%95%d7%aa%20%d7%a9%d7%9c%d7%99&amp;eng_name=%20&amp;episode=%20&amp;fanart=http%3a%2f%2fcoldshotproductions.net%2fflachannelbanner.png&amp;fav_status=false&amp;heb_name=%20&amp;iconimage=http%3a%2f%2foakhillcapital.com%2fwp-content%2fuploads%2f2015%2f08%2fLocalTV.jpg&amp;id=%20&amp;image_master&amp;isr=0&amp;last_id&amp;mode=28&amp;name=%d7%a1%d7%93%d7%a8%d7%95%d7%aa%20%d7%9e%d7%a7%d7%95%d7%9e%d7%99%d7%95%d7%aa%20%d7%a9%d7%9c%d7%99&amp;original_title=%20&amp;season=%20&amp;show_original_year=%20&amp;tmdbid=%20&amp;url=www&quot;,return)</onclick>
				</item>
				<item>
				<label>סדרות טורקיות</label>
				<label2>כל הסדרות הטורקיות</label2>
				<onclick>Dialog.Close(6689)</onclick>
				<onclick>ActivateWindow(10025,&quot;plugin://plugin.video.telemedia/?data=%20&amp;dates=%20&amp;description=%d7%94%d7%95%d7%a1%d7%a4%d7%aa%20%d7%a1%d7%93%d7%a8%d7%94%20%d7%9e%d7%a7%d7%95%d7%9e%d7%99%d7%aa&amp;eng_name=%20&amp;episode=%20&amp;fanart=http%3a%2f%2fcoldshotproductions.net%2fflachannelbanner.png&amp;fav_status=false&amp;heb_name=%20&amp;iconimage=http%3a%2f%2foakhillcapital.com%2fwp-content%2fuploads%2f2015%2f08%2fLocalTV.jpg&amp;id=%20&amp;image_master&amp;isr=0&amp;last_id&amp;mode=14&amp;name=%d7%a1%d7%93%d7%a8%d7%95%d7%aa%20%d7%91%d7%98%d7%95%d7%a8%d7%a7%d7%99%d7%aa&amp;original_title=%20&amp;season=%20&amp;show_original_year=%20&amp;tmdbid=%20&amp;url=https%3a%2f%2fapi.themoviedb.org%2f3%2fdiscover%2ftv%3fapi_key%3d34142515d9d23817496eeb4ff1d223d0%26language%3dhe%26sort_by%3dpopularity.desc%26include_null_first_air_dates%3dfalse%26with_original_language%3dtr%26page%3d1&quot;,return)</onclick>
				</item>
				<item>
				<label>סדרות טבע</label>
				<label2>סדרות טבע ודוקומנטרי</label2>
				<onclick>Dialog.Close(6689)</onclick>
				<onclick>ActivateWindow(6723)</onclick>
				</item>
				<item>
				<label>סדרות</label>
				<label2>HBO</label2>
				<onclick>Dialog.Close(6689)</onclick>
				<onclick>ActivateWindow(10025,&quot;plugin://plugin.video.sdarot.tv/genre/53/0&quot;,return)</onclick>
				</item>
				<item>
				<label>סדרות</label>
				<label2>אמזון פריים</label2>
				<onclick>Dialog.Close(6689)</onclick>
				<onclick>ActivateWindow(10025,&quot;plugin://plugin.video.sdarot.tv/genre/49/0&quot;,return)</onclick>
				</item>
				<item>
				<label>סדרות</label>
				<label2>[COLOR red]NETFLIX[/COLOR]</label2>
				<onclick>Dialog.Close(6689)</onclick>
				<onclick>ActivateWindow(10025,&quot;plugin://plugin.video.sdarot.tv/genre/47/0&quot;,return)</onclick>
				</item>
			</content>
		</control>

</controls>
</window>
