<?xml version="1.0" encoding="UTF-8"?>
<!-- Foundation -->
<window id="6802" type="dialog">
    <defaultcontrol always="true">5</defaultcontrol>
	<animation type="WindowOpen">
	<effect type="slide" start="0,-400" end="0,0" time="450" tween="sine" easing="inout"/>
	</animation>
		<animation type="WindowClose">
	<effect type="slide" start="0,0" end="0,-500" time="250" tween="sine" easing="inout"/>
	</animation>
<controls>
			<control type="multiimage">
			<posx>0</posx>
			<posy>0</posy>
			<width>1920</width>
			<height>1080</height>
			<imagepath background="true">special://skin/extras/specialbuttons/background.jpg</imagepath>
			<aspectratio aligny="top">scale</aspectratio>
			<timeperimage>80000</timeperimage>
			<randomize>true</randomize>
			<fadetime>650</fadetime>
		</control>

<control type="group">
<control type="image">
<posx>750</posx>
<posy>265</posy>
<width>400</width>
<height>150</height>
<texture>black.png</texture>
<colordiffuse>77000000</colordiffuse>
</control>
<control type="label">
<visible>[Control.IsVisible(5)) | Control.HasFocus(5)]</visible>
<animation effect="fade" time="550">VisibleChange</animation>
<posx>770</posx>
<posy>265</posy>
<width>370</width>
<height>150</height>
<font>font-20b</font>
<align>center</align>
<textcolor>yellow</textcolor>
<label>$INFO[Container(5).ListItem.Label]</label>
</control>
<control type="label">
<visible>[Control.HasFocus(6)]</visible>
<visible>[!Control.HasFocus(5) | Control.HasFocus(7)]</visible>
<animation effect="fade" time="550">VisibleChange</animation>
<posx>770</posx>
<posy>265</posy>
<width>370</width>
<height>150</height>
<font>font-20b</font>
<align>center</align>
<textcolor>yellow</textcolor>
<label>$INFO[Container(6).ListItem.Label]</label>
</control>
<control type="label">
<visible>[Control.HasFocus(7]</visible>
<visible>[!Control.HasFocus(5) | Control.HasFocus(6)]</visible>
<animation effect="fade" time="550">VisibleChange</animation>
<posx>770</posx>
<posy>265</posy>
<width>370</width>
<height>150</height>
<font>font-20b</font>
<align>center</align>
<textcolor>yellow</textcolor>
<label>$INFO[Container(7).ListItem.Label]</label>
</control>
<control type="textbox">
<animation effect="fade" time="550">VisibleChange</animation>
<visible>Container(5).Column(0) | Container(5).Column(1) | Container(5).Column(2) | Container(5).Column(3) | Container(5).Column(4)</visible>
<posx>770</posx>
<posy>300</posy>
<width>370</width>
<height>150</height>
<font>font-20b</font>
<align>center</align>
<label>יש ללחוץ חץ תחתון לרדת לרשימה השמאלית התחתונה</label>
</control>
<control type="textbox">
<animation effect="fade" time="550">VisibleChange</animation>
<visible>Container(5).Column(5) | Container(5).Column(6) | Container(5).Column(7)</visible>
<posx>770</posx>
<posy>300</posy>
<width>370</width>
<height>150</height>
<font>font-20b</font>
<align>center</align>
<label>יש ללחוץ חץ תחתון לרדת לרשימה הימנית התחתונה</label>
</control>
<control type="list" id="5">
<posx>-10</posx>
<posy>-10</posy>
<width>1920</width>
<height>300</height>
<ondown condition="Container(5).Column(0) | Container(5).Column(1) | Container(5).Column(2) | Container(5).Column(3) | Container(5).Column(4)">6</ondown>
<ondown condition="Container(5).Column(5) | Container(5).Column(6) | Container(5).Column(7)">7</ondown>
<orientation>horizontal</orientation>
<itemlayout width="220" height="100">
			<control type="image">
			<posx>2</posx>
			<posy>0</posy>
			<width>250</width>
			<height>250</height>
			<texture border="40" colordiffuse="$INFO[Window(home).Property(ImageColor)]">special://skin/extras/common/roundedbutton-nofocus.png</texture>
			</control>
<control type="image">
<posx>27</posx>
<posy>25</posy>
<width>200</width>
<height>200</height>
<texture fallback="special://skin/extras/sport.jpg">$INFO[ListItem.Thumb]</texture>
</control>
</itemlayout>
<focusedlayout width="220" height="100">
			<control type="image">
			<visible>control.hasfocus(5)</visible>
			<posx>0</posx>
			<posy>0</posy>
			<width>245</width>
			<height>245</height>
			<texture border="40" colordiffuse="$INFO[Window(home).Property(ImageColor)]">special://skin/extras/common/roundedbutton-focus.png</texture>
			</control>
			<control type="image">
			<visible>control.hasfocus(5)</visible>
			<posx>0</posx>
			<posy>0</posy>
			<width>245</width>
			<height>245</height>
			<texture border="40" colordiffuse="$INFO[Window(home).Property(ImageColor)]">special://skin/extras/common/roundedbutton-focus.png</texture>
			</control>
			<control type="image">
			<posx>2</posx>
			<posy>0</posy>
			<width>250</width>
			<height>250</height>
			<texture border="40" colordiffuse="$INFO[Window(home).Property(ImageColor)]">special://skin/extras/common/roundedbutton-nofocus.png</texture>
			</control>
<control type="image">
<animation effect="zoom" center="auto" start="95,95" end="100,100" time="350">Focus</animation>
<posx>27</posx>
<posy>25</posy>
<width>200</width>
<height>200</height>
<texture fallback="special://skin/extras/sport.jpg">$INFO[ListItem.Thumb]</texture>
</control>
</focusedlayout>
<content>plugin://plugin.video.temptv/?action=sports&quot</content>
</control>
</control>




<control type="group">
<control type="list" id="6">
<posx>-10</posx>
<posy>240</posy>
<width>680</width>
<height>300</height>
<onup>5</onup>
<onright>7</onright>
<orientation>horizontal</orientation>
<itemlayout width="220" height="100">
			<control type="image">
			<posx>2</posx>
			<posy>0</posy>
			<width>250</width>
			<height>250</height>
			<texture border="40" colordiffuse="$INFO[Window(home).Property(ImageColor)]">special://skin/extras/common/roundedbutton-nofocus.png</texture>
			</control>
<control type="multiimage">
<posx>27</posx>
<posy>25</posy>
<width>200</width>
<height>200</height>
<aspectratio>keep</aspectratio>
<imagepath fallback="special://skin/extras/sport.jpg">$INFO[ListItem.Thumb]</imagepath>
</control>
</itemlayout>
<focusedlayout width="220" height="100">
			<control type="image">
			<visible>control.hasfocus(6)</visible>
			<posx>0</posx>
			<posy>0</posy>
			<width>245</width>
			<height>245</height>
			<texture border="40" colordiffuse="$INFO[Window(home).Property(ImageColor)]">special://skin/extras/common/roundedbutton-focus.png</texture>
			</control>
			<control type="image">
			<visible>control.hasfocus(6)</visible>
			<posx>0</posx>
			<posy>0</posy>
			<width>245</width>
			<height>245</height>
			<texture border="40" colordiffuse="$INFO[Window(home).Property(ImageColor)]">special://skin/extras/common/roundedbutton-focus.png</texture>
			</control>
			<control type="image">
			<posx>2</posx>
			<posy>0</posy>
			<width>250</width>
			<height>250</height>
			<texture border="40" colordiffuse="$INFO[Window(home).Property(ImageColor)]">special://skin/extras/common/roundedbutton-nofocus.png</texture>
			</control>
<control type="multiimage">
<animation effect="zoom" center="auto" start="95,95" end="100,100" time="350">Focus</animation>
<posx>27</posx>
<posy>25</posy>
<width>200</width>
<height>200</height>
<aspectratio>keep</aspectratio>
<imagepath fallback="special://skin/extras/sport.jpg">$INFO[ListItem.Thumb]</imagepath>
</control>
</focusedlayout>
<content>
<item>
<thumb>https://www.aznews.tv/wp-content/uploads/2020/03/tokyo_olimpia_2020.jpg</thumb>
<label>Olympic Channel</label>
<onclick>PlayMedia(&quot;plugin://script.crew.sports/?url=http%3A%2F%2Fott-live.olympicchannel.com%2Fout%2Fu%2FOC3_1.m3u8%7CUser-Agent%3DMozilla%2F5.0+%28Windows+NT+6.1%3B+Win64%3B+x64%29+AppleWebKit%2F537.36+%28KHTML%2C+like+Gecko%29+Chrome%2F76.0.3809.132+Safari%2F537.36%26Referer%3Dhttp%3A%2F%2Fsports24.club%2Ftv%2Fv%3Fid%3Dolc3&amp;mode=3&amp;name=%5BCOLOR+orchid%5D%2A%5B%2FCOLOR%5D+%5BB%5D%5BCOLOR+white%5DPlay+Stream%5B%2FCOLOR%5D%5B%2FB%5D+%5BCOLOR+orchid%5D%2A%5B%2FCOLOR%5D&amp;iconimage=C%3A%5CUsers%5Cneta%5CAppData%5CRoaming%5CKodi%5Caddons%5Cscript.crew.sports%5Cresources%2Fart%5Clive.png&amp;fanart=C%3A%5CUsers%5Cneta%5CAppData%5CRoaming%5CKodi%5Caddons%5Cscript.crew.sports%5Cresources%2Fart%5Cwall.jpg&amp;description=&amp;trailer=&amp;choice=&quot;)</onclick>
</item>
<item>
<thumb>https://www.aznews.tv/wp-content/uploads/2020/03/tokyo_olimpia_2020.jpg</thumb>
<label>Olympic Channel</label>
<onclick>PlayMedia(&quot;plugin://script.crew.sports/?url=http%3A%2F%2Fott-live.olympicchannel.com%2Fout%2Fu%2FOC2_1.m3u8%7CUser-Agent%3DMozilla%2F5.0+%28Windows+NT+6.1%3B+Win64%3B+x64%29+AppleWebKit%2F537.36+%28KHTML%2C+like+Gecko%29+Chrome%2F76.0.3809.132+Safari%2F537.36%26Referer%3Dhttp%3A%2F%2Fsports24.club%2Ftv%2Fv%3Fid%3Dolc2&amp;mode=3&amp;name=%5BCOLOR+orchid%5D%2A%5B%2FCOLOR%5D+%5BB%5D%5BCOLOR+white%5DPlay+Stream%5B%2FCOLOR%5D%5B%2FB%5D+%5BCOLOR+orchid%5D%2A%5B%2FCOLOR%5D&amp;iconimage=C%3A%5CUsers%5Cneta%5CAppData%5CRoaming%5CKodi%5Caddons%5Cscript.crew.sports%5Cresources%2Fart%5Clive.png&amp;fanart=C%3A%5CUsers%5Cneta%5CAppData%5CRoaming%5CKodi%5Caddons%5Cscript.crew.sports%5Cresources%2Fart%5Cwall.jpg&amp;description=&amp;trailer=&amp;choice=&quot;)</onclick>
</item>
<item>
<thumb>http://tvtap.net/tvtap1/images/channel_imgs/270717102912arena1.jpeg</thumb>
<label>Sky Sports Arena</label>
<onclick>PlayMedia(&quot;plugin://script.module.tt/play/411/play.pvr&quot;)</onclick>
</item>
<item>
<thumb>http://tvtap.net/tvtap1/images/channel_imgs/210818123014prem1.jpg</thumb>
<label>Premier Sports</label>
<onclick>PlayMedia(&quot;plugin://script.module.tt/play/170/play.pvr&quot;)</onclick>
</item>
<item>
<thumb>http://tvtap.net/tvtap1/images/channel_imgs/160116015231espn.png</thumb>
<label>ESPN</label>
<onclick>PlayMedia(&quot;plugin://script.module.tt/play/101/play.pvr&quot;)</onclick>
</item>
</content>
</control>
</control>




<control type="group">
<control type="list" id="7">
<posx>1230</posx>
<posy>240</posy>
<width>680</width>
<height>300</height>
<onup>5</onup>
<onleft>6</onleft>
<orientation>horizontal</orientation>
<itemlayout width="220" height="100">
			<control type="image">
			<posx>2</posx>
			<posy>0</posy>
			<width>250</width>
			<height>250</height>
			<texture border="40" colordiffuse="$INFO[Window(home).Property(ImageColor)]">special://skin/extras/common/roundedbutton-nofocus.png</texture>
			</control>
<control type="multiimage">
<posx>27</posx>
<posy>25</posy>
<width>200</width>
<height>200</height>
<aspectratio>keep</aspectratio>
<imagepath fallback="special://skin/extras/sport.jpg">$INFO[ListItem.Thumb]</imagepath>
</control>
</itemlayout>
<focusedlayout width="220" height="100">
			<control type="image">
			<visible>control.hasfocus(7)</visible>
			<posx>0</posx>
			<posy>0</posy>
			<width>245</width>
			<height>245</height>
			<texture border="40" colordiffuse="$INFO[Window(home).Property(ImageColor)]">special://skin/extras/common/roundedbutton-focus.png</texture>
			</control>
			<control type="image">
			<visible>control.hasfocus(7)</visible>
			<posx>0</posx>
			<posy>0</posy>
			<width>245</width>
			<height>245</height>
			<texture border="40" colordiffuse="$INFO[Window(home).Property(ImageColor)]">special://skin/extras/common/roundedbutton-focus.png</texture>
			</control>
			<control type="image">
			<posx>2</posx>
			<posy>0</posy>
			<width>250</width>
			<height>250</height>
			<texture border="40" colordiffuse="$INFO[Window(home).Property(ImageColor)]">special://skin/extras/common/roundedbutton-nofocus.png</texture>
			</control>
<control type="multiimage">
<animation effect="zoom" center="auto" start="95,95" end="100,100" time="350">Focus</animation>
<posx>27</posx>
<posy>25</posy>
<width>200</width>
<height>200</height>
<aspectratio>keep</aspectratio>
<imagepath fallback="special://skin/extras/sport.jpg">$INFO[ListItem.Thumb]</imagepath>
</control>
</focusedlayout>
<content>
<item>
<thumb>http://tvtap.net/tvtap1/images/channel_imgs/190116045256fox2.jpg</thumb>
<label>Fox Sports 2</label>
<onclick>PlayMedia(&quot;plugin://script.module.tt/play/121/play.pvr&quot;)</onclick>
</item>
<item>
<thumb>http://tvtap.net/tvtap1/images/channel_imgs/250918041732tenn.png</thumb>
<label>Super tennis</label>
<onclick>PlayMedia(&quot;plugin://script.module.tt/play/799/play.pvr&quot;)</onclick>
</item>
<item>
<thumb>http://tvtap.net/tvtap1/images/channel_imgs/170218032043ar1.jpg</thumb>
<label>Arena Sport 1</label>
<onclick>PlayMedia(&quot;plugin://script.module.tt/play/33/play.pvr&quot;)</onclick>
</item>

</content>
</control>
</control>

</controls>
</window>
