<?xml version="1.0" encoding="UTF-8"?>
<!-- Foundation -->
<window id="6942" type="dialog">
    <defaultcontrol always="true">5</defaultcontrol>

<controls>

<include content="idanplusextended">
<param name="stringid" value="5"/>
<param name="chancontent" value="plugin://plugin.video.idanplus/?iconimage=C%253A%255CUsers%255Cneta%255CAppData%255CRoaming%255CKodi%255Caddons%255Cplugin.video.idanplus%255Cicon.png&amp;mode=1&amp;module&amp;moredata&amp;name=%5bB%5d%d7%98%d7%9c%d7%95%d7%99%d7%96%d7%99%d7%94%5b%2fB%5d&amp;url&quot;,"/>
</include>


<control type="button" id="22">
<posx>800</posx>
<posy>680</posy>
<width>600</width>
<height>50</height>
<texturenofocus>special://skin/extras/common/context_middle.png</texturenofocus>
<label>לחץ חץ עליון בשלט לתוכניות עידן פלוס</label>
<onfocus>Dialog.Close(6942)</onfocus>
<onfocus>ActivateWindow(6943)</onfocus>
</control>


</controls>
</window>
