<?xml version="1.0" encoding="UTF-8"?>
<!-- Foundation -->
<window id="4023" type="dialog">
    <defaultcontrol always="true">135</defaultcontrol>

<controls>


<control type="image">
<posx>0</posx>
<posy>5</posy>
<width>180</width>
<height>320</height>
<texture>black.png</texture>
</control>


<control type="list" id="135">
<posx>15</posx>
<posy>15</posy>
<width>150</width>
<height>800</height>
<onright condition="Container(135).HasFocus(1)">500</onright>
<onright condition="Container(135).HasFocus(2)">501</onright>
<animation effect="fade" time="450">VisibleChange</animation>
<orientation>vertical</orientation>
<itemlayout width="40" height="50">
<control type="label">
<posx>0</posx>
<posy>0</posy>
<width>150</width>
<height>40</height>
<align>center</align>
<label>$INFO[listitem.Label]</label>
</control>
</itemlayout>
<focusedlayout width="40" height="50">
<control type="label">
<visible>!control.hasfocus(135)</visible>
<posx>0</posx>
<posy>0</posy>
<width>150</width>
<height>40</height>
<align>center</align>
<label>$INFO[listitem.Label]</label>
</control>
<control type="label">
<visible>control.hasfocus(135)</visible>
<posx>0</posx>
<posy>0</posy>
<width>150</width>
<height>40</height>
<align>center</align>
<textcolor>burlywood</textcolor>
<label>[B]$INFO[listitem.Label][/B]</label>
</control>
</focusedlayout>
<content>
<item id="1">
<label>סרטים 1</label>
<onclick>Control.SetFocus(500)</onclick>
</item>
<item id="2">
<label>סרטים 2</label>
<onclick>-</onclick>
</item>
</content>
</control>


<include content="moviescontent">
<param name="movieslistid" value="500"/>
<param name="containernumber" value="135"/>
<param name="containeritem" value="1"/>
<param name="moviescontentlist" value="plugin://plugin.video.thecrew/?action=movieWidget&quot"/>
</include>

<include content="moviescontent">
<param name="movieslistid" value="501"/>
<param name="containernumber" value="135"/>
<param name="containeritem" value="2"/>
<param name="moviescontentlist" value="plugin://plugin.video.thecrew/?action=movies&amp;url=popular&quot"/>
</include>


</controls>
</window>
