<?xml version="1.0" encoding="UTF-8"?>
<!-- Foundation -->
<window id="4014" type="dialog">
    <defaultcontrol always="true">35</defaultcontrol>


<controls>


<include content="mainsecreenmovietime">
<param name="stringid" value="5"/>
<param name="itemnumber" value="1"/>
<param name="sortby" value="random"/>
<param name="content" value="plugin://plugin.video.telemedia/?data=-1001416024163&amp;dates=%20&amp;description=https%3a%2f%2ft.me%2fkidsworldglobal%0afrom_plot&amp;eng_name=%20&amp;episode=%20&amp;fanart&amp;fav_status=false&amp;heb_name=%20&amp;iconimage&amp;id=%20&amp;image_master&amp;isr=0&amp;last_id&amp;mode=31&amp;name=%5bCOLOR%20khaki%5d%d7%9e%d7%9b%d7%a8%d7%94%20%d7%a1%d7%a8%d7%98%d7%99%d7%9d%5b%2fCOLOR%5d&amp;original_title=%20&amp;season=%20&amp;show_original_year=%20&amp;tmdbid=%20&amp;url=-1001416024163&quot"/>
</include>

<include content="mainsecreenmovietime">
<param name="stringid" value="6"/>
<param name="itemnumber" value="2"/>
<param name="sortby" value="random"/>
<param name="content" value="plugin://plugin.video.telemedia/?data=-1001402919915&amp;dates=%20&amp;description=%0afrom_plot&amp;eng_name=%20&amp;episode=%20&amp;fanart&amp;fav_status=false&amp;heb_name=%20&amp;iconimage&amp;id=%20&amp;image_master&amp;isr=0&amp;last_id&amp;mode=31&amp;name=%5bCOLOR%20khaki%5d%d7%9e%d7%9b%d7%a8%d7%94%20%d7%a1%d7%a8%d7%98%d7%99%d7%9d%202%5b%2fCOLOR%5d&amp;original_title=%20&amp;season=%20&amp;show_original_year=%20&amp;tmdbid=%20&amp;url=-1001402919915&quot"/>
</include>


<control type="list" id="35">
<posx>0</posx>
<posy>0</posy>
<width>500</width>
<height>500</height>
<onright condition="Container(35).HasFocus(1)">5</onright>
<onright condition="Container(35).HasFocus(2)">6</onright>
<orientation>vertical</orientation>
<itemlayout width="220" height="40">
<control type="label">
<posx>0</posx>
<posy>0</posy>
<width>500</width>
<height>40</height>
<label>$INFO[ListItem.Label]</label>
</control>
</itemlayout>
<focusedlayout width="220" height="40">
<control type="label">
<visible>!control.hasfocus(35)</visible>
<posx>0</posx>
<posy>0</posy>
<width>500</width>
<height>40</height>
<label>$INFO[ListItem.Label]</label>
</control>
<control type="label">
<visible>control.hasfocus(35)</visible>
<posx>0</posx>
<posy>0</posy>
<width>500</width>
<height>40</height>
<textcolor>yellow</textcolor>
<label>$INFO[ListItem.Label]</label>
</control>
</focusedlayout>
<content>
<item id="1">
<label>סרטים 1</label>
<onclick>control.setfocus(5)</onclick>
</item>
<item id="2">
<label>סרטים 2</label>
<onclick>control.setfocus(6)</onclick>
</item>
</content>
</control>

</controls>
</window>
