<?xml version="1.0" encoding="UTF-8"?>
<!-- Foundation -->
<window id="6852" type="dialog">
    <defaultcontrol always="true">5</defaultcontrol>
    	<onload>ClearProperty(quicknavsetup,home)</onload>
		<onload>Dialog.Close(6671)</onload>
		<onload>Dialog.Close(6675)</onload>
		<onunload>ClearProperty(quicknavsetup,home)</onunload>

<controls>

			<control type="group">
			<control type="list" id="5">
			<animation type="WindowOpen">
			<effect type="slide" start="1000,0" end="0,0" tween="cubic" easing="out" time="350"/>
			</animation>
			<animation type="WindowClose">
			<effect type="slide" start="0,0" end="1000,0" tween="cubic" easing="inout" time="350"/>
			</animation>
			<posx>1650</posx>
			<posy>705</posy>
			<width>18-col</width>
			<height>365</height>
			<ondown>5</ondown>
			<onup>5</onup>
			<orientation>vertical</orientation>
			<onleft>Dialog.Close(6852)</onleft>
			<onback>Dialog.Close(6852)</onback>
			<scrolltime tweeb="cubic" easing="inout">450</scrolltime>
			<itemlayout width="4-col" height="115">
				<control type="image">
					<posx>0</posx>
					<posy>20</posy>
					<width>4-col-textbox</width>
					<height>105</height>
					<texture>special://skin/extras/common/context_middle.png</texture>
				</control>
				<control type="label">
					<posx>20</posx>
					<posy>0</posy>
					<width>252</width>
					<height>3-row</height>
					<wrapmultiline>true</wrapmultiline>
					<aligny>center</aligny>
					<align>center</align>
					<textcolor>cyan</textcolor>
					<shadowcolor>black</shadowcolor>
					<label>[B][CAPITALIZE]$INFO[ListItem.label][/CAPITALIZE][/B]</label>
				</control>
				<control type="label">
					<posx>20</posx>
					<posy>40</posy>
					<width>252</width>
					<height>3-row</height>
					<wrapmultiline>true</wrapmultiline>
					<aligny>center</aligny>
					<align>center</align>
					<font>font-16</font>
					<textcolor>yellow</textcolor>
					<shadowcolor></shadowcolor>
					<label>[CAPITALIZE]$INFO[ListItem.label2][/CAPITALIZE]</label>
				</control>
			</itemlayout>
			<focusedlayout width="4-col" height="115">
			<control type="image">
					<posx>0</posx>
					<posy>20</posy>
					<width>4-col-textbox</width>
					<height>105</height>
					<texture>special://skin/extras/common/context_middle.png</texture>
				</control>
				<control type="image">
					<posx>15</posx>
					<posy>22</posy>
					<width>255</width>
					<height>100</height>
					<texture>white.png</texture>
					<colordiffuse>purple</colordiffuse>
					<aspectratio>stretch</aspectratio>
				</control>
				<control type="label">
					<posx>20</posx>
					<posy>0</posy>
					<width>252</width>
					<height>3-row</height>
					<wrapmultiline>true</wrapmultiline>
					<aligny>center</aligny>
					<align>center</align>
					<textcolor>cyan</textcolor>
					<shadowcolor>black</shadowcolor>
					<label>[B][CAPITALIZE]$INFO[ListItem.label][/CAPITALIZE][/B]</label>
				</control>
				<control type="label">
					<posx>20</posx>
					<posy>40</posy>
					<width>252</width>
					<height>3-row</height>
					<wrapmultiline>true</wrapmultiline>
					<aligny>center</aligny>
					<align>center</align>
					<font>font-16</font>
					<textcolor>white</textcolor>
					<shadowcolor>black</shadowcolor>
					<label>[CAPITALIZE]$INFO[ListItem.label2][/CAPITALIZE]</label>
				</control>
			</focusedlayout>
			<content>
			<item>
				<label>סדרות - יס גו</label>
				<label2>כל מה שחדש</label2>
				<onclick>Dialog.Close(6852)</onclick>
				<onclick>ActivateWindow(6853)</onclick>
				</item>
			<item>
				<label>סדרות - יס גו</label>
				<label2>ישראלי</label2>
				<onclick>Dialog.Close(6852)</onclick>
				<onclick>ActivateWindow(6860)</onclick>
				</item>
			<item>
				<label>סדרות - יס גו</label>
				<label2>דוקו</label2>
				<onclick>Dialog.Close(6852)</onclick>
				<onclick>ActivateWindow(6854)</onclick>
				</item>
			<item>
				<label>סדרות - יס גו</label>
				<label2>קומדיה</label2>
				<onclick>Dialog.Close(6852)</onclick>
				<onclick>ActivateWindow(6855)</onclick>
				</item>
			<item>
				<label>סדרות - יס גו</label>
				<label2>דרמה</label2>
				<onclick>Dialog.Close(6852)</onclick>
				<onclick>ActivateWindow(6857)</onclick>
				</item>
			<item>
				<label>סדרות - יס גו</label>
				<label2>משפחה</label2>
				<onclick>Dialog.Close(6852)</onclick>
				<onclick>ActivateWindow(6864)</onclick>
				</item>
			<item>
				<label>סדרות - יס גו</label>
				<label2>פשע</label2>
				<onclick>Dialog.Close(6852)</onclick>
				<onclick>ActivateWindow(6863)</onclick>
				</item>
			<item>
				<label>סדרות - יס גו</label>
				<label2>פעולה</label2>
				<onclick>Dialog.Close(6852)</onclick>
				<onclick>ActivateWindow(6858)</onclick>
				</item>
			<item>
				<label>סדרות - יס גו</label>
				<label2>מדע - בדיוני</label2>
				<onclick>Dialog.Close(6852)</onclick>
				<onclick>ActivateWindow(6856)</onclick>
				</item>
			<item>
				<label>סדרות - יס גו</label>
				<label2>אימה</label2>
				<onclick>Dialog.Close(6852)</onclick>
				<onclick>ActivateWindow(6862)</onclick>
				</item>
			<item>
				<label>סדרות - יס גו</label>
				<label2>טבע</label2>
				<onclick>Dialog.Close(6852)</onclick>
				<onclick>ActivateWindow(6859)</onclick>
				</item>
			</content>
		</control>
		</control>

</controls>
</window>
