<?xml version="1.0" encoding="UTF-8"?>
<!-- Foundation -->
<window id="6856" type="dialog">
    <defaultcontrol always="true">35</defaultcontrol>


<controls>

<control type="group">
<animation type="WindowOpen">
<effect type="slide" start="0,0" end="0,-1000" time="350" tween="sine" easing="inout"/>
</animation>
<posy>1730</posy>
<control type="image">
<posx>0</posx>
<posy>0</posy>
<width>1920</width>
<height>350</height>
<texture>black.png</texture>
<colordiffuse>77000000</colordiffuse>
</control>
<control type="image">
<posx>350</posx>
<posy>0</posy>
<width>1000</width>
<height>350</height>
<texture>black.png</texture>
</control>
<control type="image">
<posx>1740</posx>
<posy>0</posy>
<width>220</width>
<height>450</height>
<texture>black.png</texture>
</control>
<control type="group">
<posy>140</posy>
<control type="image">
<posx>1350</posx>
<posy>0</posy>
<width>65</width>
<height>65</height>
<aspectratio>keep</aspectratio>
<texture colordiffuse="deepskyblue">special://skin/extras/arrows/arrow-25-xxl.png</texture>
</control>
<control type="image">
<posx>280</posx>
<posy>0</posy>
<width>65</width>
<height>65</height>
<aspectratio>keep</aspectratio>
<texture flipx="true" colordiffuse="deepskyblue">special://skin/extras/arrows/arrow-25-xxl.png</texture>
</control>
</control>
<control type="image">
<posx>1820</posx>
<posy>0</posy>
<width>65</width>
<height>65</height>
<aspectratio>keep</aspectratio>
<texture colordiffuse="deepskyblue">special://skin/extras/arrows/arrowup.png</texture>
</control>
<control type="image">
<posx>1820</posx>
<posy>300</posy>
<width>65</width>
<height>65</height>
<aspectratio>keep</aspectratio>
<texture colordiffuse="deepskyblue">special://skin/extras/arrows/arrowdown.png</texture>
</control>
</control>

<control type="image">
<posx>1770</posx>
<posy>820</posy>
<width>150</width>
<height>40</height>
<texture>special://skin/extras/test/Ghost.jpg</texture>
</control>

<control type="group">
<posy>50</posy>
<include content="newtvshows">
<param name="baseid" value="5"/>
<param name="listid" value="35"/>
<param name="listidfocus" value="1"/>
<param name="basecontent" value="plugin://plugin.audio.My.Music/?cat_level=%20&amp;count=0&amp;description=%20&amp;fanart&amp;iconimage&amp;index_depth=0&amp;lang=eng&amp;mode=5&amp;name=tvshowyesgo-cifi&amp;page&amp;selected_list=%20&amp;url=%d7%a1%d7%93%d7%a8%d7%95%d7%aatvshow-yesgotvshowyesgo-cifi&quot"/>
</include>

<!--<include content="newtvshows">
<param name="baseid" value="6"/>
<param name="listid" value="35"/>
<param name="listidfocus" value="2"/>
<param name="basecontent" value="plugin://plugin.audio.My.Music/?cat_level=%20&amp;count=0&amp;description=%20&amp;fanart&amp;iconimage&amp;index_depth=0&amp;lang=eng&amp;mode=5&amp;name=tvshows1&amp;page&amp;selected_list=%20&amp;url=tvshows1&quot"/>
</include>-->

<include content="baseepisods">
<param name="baseid" value="5"/>
<param name="labelname" value="סוכני שילד"/>
<param name="baseeipisod" value="500"/>
<param name="networkname" value="ABC"/>
<param name="networkcolor" value="gray"/>
<param name="notvisible" value="![control.hasfocus(6) | Container(35).HasFocus(2)]"/>
<param name="baseepisodcontent" value="plugin://plugin.video.mando/?all_w=%7b%7d&amp;data=2020&amp;dates=%20&amp;description=%5bCOLOR%20aqua%5d%20%d7%a9%d7%95%d7%93%d7%a8%20%d7%91%d7%aa%d7%90%d7%a8%d7%99%d7%9a%2027-05-2020%5b%2fCOLOR%5d%0aAgent%20Phil%20Coulson%20of%20S.H.I.E.L.D.%20(Strategic%20Homeland%20Intervention%2c%20Enforcement%20and%20Logistics%20Division)%20puts%20together%20a%20team%20of%20agents%20to%20investigate%20the%20new%2c%20the%20strange%20and%20the%20unknown%20around%20the%20globe%2c%20protecting%20the%20ordinary%20from%20the%20extraordinary.&amp;eng_name=%20&amp;episode=%20&amp;fanart=https%3a%2f%2fimage.tmdb.org%2ft%2fp%2foriginal%2f%2fmUCV0W6TaAk8UWA5yAmqCywC63F.jpg&amp;fav_status=false&amp;heb_name=%d7%a1%d7%95%d7%9b%d7%a0%d7%99%20%d7%a9.%d7%99.%d7%9c.%d7%93&amp;iconimage=https%3a%2f%2fimage.tmdb.org%2ft%2fp%2foriginal%2f%2fzu5HCP84rcBJJhoIQAafMXMeU2p.jpg&amp;id=1403&amp;image_master&amp;isr=0&amp;last_id&amp;mode=19&amp;name=%5bCOLOR%20white%5d%d7%a2%d7%95%d7%a0%d7%94%207%5b%2fCOLOR%5d&amp;original_title=Marvel%27s%20Agents%20of%20S.H.I.E.L.D.&amp;season=7&amp;show_original_year=2013&amp;tmdbid=263365&amp;url=https%3a%2f%2fapi.themoviedb.org%2f3%2ftv%2f1403%3fapi_key%3d34142515d9d23817496eeb4ff1d223d0%26language%3den%26append_to_response%3dexternal_ids&amp;video_data=%7b%22rating%22%3a%20%220%22%2c%20%22episode%22%3a%200%2c%20%22title%22%3a%20%22%5bCOLOR%20white%5d%5cu05e2%5cu05d5%5cu05e0%5cu05d4%207%5b%2fCOLOR%5d%22%2c%20%22season%22%3a%200%2c%20%22TVshowtitle%22%3a%20%22%22%2c%20%22mediatype%22%3a%20%22movie%22%2c%20%22plot%22%3a%20%22%5bCOLOR%20aqua%5d%20%5cu05e9%5cu05d5%5cu05d3%5cu05e8%20%5cu05d1%5cu05ea%5cu05d0%5cu05e8%5cu05d9%5cu05da%2027-05-2020%5b%2fCOLOR%5d%5cnAgent%20Phil%20Coulson%20of%20S.H.I.E.L.D.%20(Strategic%20Homeland%20Intervention%2c%20Enforcement%20and%20Logistics%20Division)%20puts%20together%20a%20team%20of%20agents%20to%20investigate%20the%20new%2c%20the%20strange%20and%20the%20unknown%20around%20the%20globe%2c%20protecting%20the%20ordinary%20from%20the%20extraordinary.%22%2c%20%22OriginalTitle%22%3a%20%22Marvel%27s%20Agents%20of%20S.H.I.E.L.D.%22%2c%20%22Tag%22%3a%20%2216%22%2c%20%22year%22%3a%20%222020%22%7d&quot"/>
</include>



<include content="baseepisods">
<param name="baseid" value="5"/>
<param name="labelname" value="אפלוד"/>
<param name="baseeipisod" value="501"/>
<param name="networkname" value="UNKNOWN"/>
<param name="networkcolor" value="gray"/>
<param name="notvisible" value="![control.hasfocus(6) | Container(35).HasFocus(2)]"/>
<param name="baseepisodcontent" value="plugin://plugin.video.mando/?all_w=%7b%7d&amp;data=2020&amp;dates=%20&amp;description=%5bCOLOR%20aqua%5d%20%d7%a9%d7%95%d7%93%d7%a8%20%d7%91%d7%aa%d7%90%d7%a8%d7%99%d7%9a%2001-05-2020%5b%2fCOLOR%5d%0aIn%202033%2c%20people%20who%20are%20near%20death%20can%20be%20%e2%80%9cuploaded%e2%80%9d%20into%20virtual%20reality%20hotels%20run%20by%206%20tech%20firms.%20Cash-strapped%20Nora%20lives%20in%20Brooklyn%20and%20works%20customer%20service%20for%20the%20luxurious%20%e2%80%9cLakeview%e2%80%9d%20digital%20afterlife.%20When%20L.A.%20party-boy%2fcoder%20Nathan%e2%80%99s%20self-driving%20car%20crashes%2c%20his%20high-maintenance%20girlfriend%20uploads%20him%20permanently%20into%20Nora%e2%80%99s%20VR%20world.&amp;eng_name=%20&amp;episode=%20&amp;fanart=https%3a%2f%2fimage.tmdb.org%2ft%2fp%2foriginal%2f%2f2fhnFgwbpqzhNsx5m9x7JEUQ2qv.jpg&amp;fav_status=false&amp;heb_name=%d7%90%d7%a4%d7%9c%d7%95%d7%93&amp;iconimage=https%3a%2f%2fimage.tmdb.org%2ft%2fp%2foriginal%2f%2f6SIDIB59JYsQ8EfUgM0IaFfwXtS.jpg&amp;id=86248&amp;image_master&amp;isr=0&amp;last_id&amp;mode=19&amp;name=%5bCOLOR%20white%5d%d7%a2%d7%95%d7%a0%d7%94%201%5b%2fCOLOR%5d&amp;original_title=Upload&amp;season=1&amp;show_original_year=2020&amp;tmdbid=368211&amp;url=https%3a%2f%2fapi.themoviedb.org%2f3%2ftv%2f86248%3fapi_key%3d34142515d9d23817496eeb4ff1d223d0%26language%3den%26append_to_response%3dexternal_ids&amp;video_data=%7b%22rating%22%3a%20%220%22%2c%20%22episode%22%3a%200%2c%20%22title%22%3a%20%22%5bCOLOR%20white%5d%5cu05e2%5cu05d5%5cu05e0%5cu05d4%201%5b%2fCOLOR%5d%22%2c%20%22season%22%3a%200%2c%20%22TVshowtitle%22%3a%20%22%22%2c%20%22mediatype%22%3a%20%22movie%22%2c%20%22plot%22%3a%20%22%5bCOLOR%20aqua%5d%20%5cu05e9%5cu05d5%5cu05d3%5cu05e8%20%5cu05d1%5cu05ea%5cu05d0%5cu05e8%5cu05d9%5cu05da%2001-05-2020%5b%2fCOLOR%5d%5cnIn%202033%2c%20people%20who%20are%20near%20death%20can%20be%20%5cu201cuploaded%5cu201d%20into%20virtual%20reality%20hotels%20run%20by%206%20tech%20firms.%20Cash-strapped%20Nora%20lives%20in%20Brooklyn%20and%20works%20customer%20service%20for%20the%20luxurious%20%5cu201cLakeview%5cu201d%20digital%20afterlife.%20When%20L.A.%20party-boy%2fcoder%20Nathan%5cu2019s%20self-driving%20car%20crashes%2c%20his%20high-maintenance%20girlfriend%20uploads%20him%20permanently%20into%20Nora%5cu2019s%20VR%20world.%22%2c%20%22OriginalTitle%22%3a%20%22Upload%22%2c%20%22Tag%22%3a%20%2216%22%2c%20%22year%22%3a%20%222020%22%7d&quot"/>
</include>

<include content="baseepisods">
<param name="baseid" value="5"/>
<param name="labelname" value="סטארגירל"/>
<param name="baseeipisod" value="502"/>
<param name="networkname" value="UNKNOWN"/>
<param name="networkcolor" value="gray"/>
<param name="notvisible" value="![control.hasfocus(6) | Container(35).HasFocus(2)]"/>
<param name="baseepisodcontent" value="plugin://plugin.video.mando/?all_w=%7b%7d&amp;data=2020&amp;dates=%20&amp;description=%5bCOLOR%20aqua%5d%20%d7%a9%d7%95%d7%93%d7%a8%20%d7%91%d7%aa%d7%90%d7%a8%d7%99%d7%9a%2018-05-2020%5b%2fCOLOR%5d%0aCourtney%20Whitmore%2c%20a%20smart%2c%20athletic%20and%20above%20all%20else%20kind%20girl%2c%20discovers%20her%20step-father%20has%20a%20secret%3a%20he%20used%20to%20be%20the%20sidekick%20to%20a%20superhero.%20%22Borrowing%22%20the%20long-lost%20hero%e2%80%99s%20cosmic%20staff%2c%20she%20becomes%20the%20unlikely%20inspiration%20for%20an%20entirely%20new%20generation%20of%20superheroes.&amp;eng_name=%20&amp;episode=%20&amp;fanart=https%3a%2f%2fimage.tmdb.org%2ft%2fp%2foriginal%2f%2fb5lKppEquuQWm6fTjGcu2g8FJgs.jpg&amp;fav_status=false&amp;heb_name=%d7%a1%d7%98%d7%90%d7%a8%d7%92%d7%99%d7%a8%d7%9c&amp;iconimage=https%3a%2f%2fimage.tmdb.org%2ft%2fp%2foriginal%2f%2fnPXo3mGt51wDeZt5YbT3evMqDiH.jpg&amp;id=80986&amp;image_master&amp;isr=0&amp;last_id&amp;mode=19&amp;name=%5bCOLOR%20white%5d%d7%a2%d7%95%d7%a0%d7%94%201%5b%2fCOLOR%5d&amp;original_title=Stargirl&amp;season=1&amp;show_original_year=2020&amp;tmdbid=361868&amp;url=https%3a%2f%2fapi.themoviedb.org%2f3%2ftv%2f80986%3fapi_key%3d34142515d9d23817496eeb4ff1d223d0%26language%3den%26append_to_response%3dexternal_ids&amp;video_data=%7b%22rating%22%3a%20%220%22%2c%20%22episode%22%3a%200%2c%20%22title%22%3a%20%22%5bCOLOR%20white%5d%5cu05e2%5cu05d5%5cu05e0%5cu05d4%201%5b%2fCOLOR%5d%22%2c%20%22season%22%3a%200%2c%20%22TVshowtitle%22%3a%20%22%22%2c%20%22mediatype%22%3a%20%22movie%22%2c%20%22plot%22%3a%20%22%5bCOLOR%20aqua%5d%20%5cu05e9%5cu05d5%5cu05d3%5cu05e8%20%5cu05d1%5cu05ea%5cu05d0%5cu05e8%5cu05d9%5cu05da%2018-05-2020%5b%2fCOLOR%5d%5cnCourtney%20Whitmore%2c%20a%20smart%2c%20athletic%20and%20above%20all%20else%20kind%20girl%2c%20discovers%20her%20step-father%20has%20a%20secret%3a%20he%20used%20to%20be%20the%20sidekick%20to%20a%20superhero.%20%5c%22Borrowing%5c%22%20the%20long-lost%20hero%5cu2019s%20cosmic%20staff%2c%20she%20becomes%20the%20unlikely%20inspiration%20for%20an%20entirely%20new%20generation%20of%20superheroes.%22%2c%20%22OriginalTitle%22%3a%20%22Stargirl%22%2c%20%22Tag%22%3a%20%2216%22%2c%20%22year%22%3a%20%222020%22%7d&quot"/>
</include>

<include content="baseepisods">
<param name="baseid" value="5"/>
<param name="labelname" value="רכבת הקרח"/>
<param name="baseeipisod" value="503"/>
<param name="networkname" value="UNKNOWN"/>
<param name="networkcolor" value="gray"/>
<param name="notvisible" value="![control.hasfocus(6) | Container(35).HasFocus(2)]"/>
<param name="baseepisodcontent" value="plugin://plugin.video.mando/?all_w=%7b%7d&amp;data=2020&amp;dates=%20&amp;description=%5bCOLOR%20aqua%5d%20%d7%a9%d7%95%d7%93%d7%a8%20%d7%91%d7%aa%d7%90%d7%a8%d7%99%d7%9a%2017-05-2020%5b%2fCOLOR%5d%0aSet%20more%20than%20seven%20years%20after%20the%20world%20has%20become%20a%20frozen%20wasteland%2c%20the%20remnants%20of%20humanity%20inhabit%20a%20gigantic%2c%20perpetually-moving%20train%20that%20circles%20the%20globe%20as%20class%20warfare%2c%20social%20injustice%20and%20the%20politics%20of%20survival%20play%20out.&amp;eng_name=%20&amp;episode=%20&amp;fanart=https%3a%2f%2fimage.tmdb.org%2ft%2fp%2foriginal%2f%2fdJBKKbrQIqcQ9EUbdM48dM8mso6.jpg&amp;fav_status=false&amp;heb_name=%d7%a8%d7%9b%d7%91%d7%aa%20%d7%94%d7%a7%d7%a8%d7%97&amp;iconimage=https%3a%2f%2fimage.tmdb.org%2ft%2fp%2foriginal%2f%2fn6UNHZoiYj81abwmG38HbNjflDx.jpg&amp;id=79680&amp;image_master&amp;isr=0&amp;last_id&amp;mode=19&amp;name=%5bCOLOR%20white%5d%d7%a2%d7%95%d7%a0%d7%94%201%5b%2fCOLOR%5d&amp;original_title=Snowpiercer&amp;season=1&amp;show_original_year=2020&amp;tmdbid=364928&amp;url=https%3a%2f%2fapi.themoviedb.org%2f3%2ftv%2f79680%3fapi_key%3d34142515d9d23817496eeb4ff1d223d0%26language%3den%26append_to_response%3dexternal_ids&amp;video_data=%7b%22rating%22%3a%20%220%22%2c%20%22episode%22%3a%200%2c%20%22title%22%3a%20%22%5bCOLOR%20white%5d%5cu05e2%5cu05d5%5cu05e0%5cu05d4%201%5b%2fCOLOR%5d%22%2c%20%22season%22%3a%200%2c%20%22TVshowtitle%22%3a%20%22%22%2c%20%22mediatype%22%3a%20%22movie%22%2c%20%22plot%22%3a%20%22%5bCOLOR%20aqua%5d%20%5cu05e9%5cu05d5%5cu05d3%5cu05e8%20%5cu05d1%5cu05ea%5cu05d0%5cu05e8%5cu05d9%5cu05da%2017-05-2020%5b%2fCOLOR%5d%5cnSet%20more%20than%20seven%20years%20after%20the%20world%20has%20become%20a%20frozen%20wasteland%2c%20the%20remnants%20of%20humanity%20inhabit%20a%20gigantic%2c%20perpetually-moving%20train%20that%20circles%20the%20globe%20as%20class%20warfare%2c%20social%20injustice%20and%20the%20politics%20of%20survival%20play%20out.%22%2c%20%22OriginalTitle%22%3a%20%22Snowpiercer%22%2c%20%22Tag%22%3a%20%2216%22%2c%20%22year%22%3a%20%222020%22%7d&quot"/>
</include>

<include content="baseepisods">
<param name="baseid" value="5"/>
<param name="labelname" value="אלכס ריידר"/>
<param name="baseeipisod" value="504"/>
<param name="networkname" value="UNKNOWN"/>
<param name="networkcolor" value="gray"/>
<param name="notvisible" value="![control.hasfocus(6) | Container(35).HasFocus(2)]"/>
<param name="baseepisodcontent" value="plugin://plugin.video.mando/?all_w=%7b%7d&amp;data=2020&amp;dates=%20&amp;description=%5bCOLOR%20aqua%5d%20%d7%a9%d7%95%d7%93%d7%a8%20%d7%91%d7%aa%d7%90%d7%a8%d7%99%d7%9a%2004-06-2020%5b%2fCOLOR%5d%0aEverything%20changes%20when%20Alex%20Rider%20learns%20that%20his%20uncle%20Ian%20has%20actually%20been%20killed%20in%20the%20line%20of%20duty%20as%20a%20British%20spy.%20The%20normal%20teen%20is%20approached%20by%20the%20head%20of%20The%20Department%20and%20pressured%20to%20help%20investigate%20his%20uncle%27s%20death.%20Alex%20reluctantly%20assumes%20a%20new%20identity%20and%20goes%20undercover%20in%20a%20remote%20boarding%20school%20called%20Point%20Blanc.&amp;eng_name=%20&amp;episode=%20&amp;fanart=https%3a%2f%2fimage.tmdb.org%2ft%2fp%2foriginal%2f%2fqAaOTF6zEujZDY5Qn7671Wjtnk4.jpg&amp;fav_status=false&amp;heb_name=%d7%90%d7%9c%d7%9b%d7%a1%20%d7%a8%d7%99%d7%99%d7%93%d7%a8&amp;iconimage=https%3a%2f%2fimage.tmdb.org%2ft%2fp%2foriginal%2f%2fqbAHCrjg0YctmzSuEGrHlSm74u3.jpg&amp;id=99799&amp;image_master&amp;isr=0&amp;last_id&amp;mode=19&amp;name=%5bCOLOR%20white%5d%d7%a2%d7%95%d7%a0%d7%94%201%5b%2fCOLOR%5d&amp;original_title=Alex%20Rider&amp;season=1&amp;show_original_year=2020&amp;tmdbid=370312&amp;url=https%3a%2f%2fapi.themoviedb.org%2f3%2ftv%2f99799%3fapi_key%3d34142515d9d23817496eeb4ff1d223d0%26language%3den%26append_to_response%3dexternal_ids&amp;video_data=%7b%22rating%22%3a%20%220%22%2c%20%22episode%22%3a%200%2c%20%22title%22%3a%20%22%5bCOLOR%20white%5d%5cu05e2%5cu05d5%5cu05e0%5cu05d4%201%5b%2fCOLOR%5d%22%2c%20%22season%22%3a%200%2c%20%22TVshowtitle%22%3a%20%22%22%2c%20%22mediatype%22%3a%20%22movie%22%2c%20%22plot%22%3a%20%22%5bCOLOR%20aqua%5d%20%5cu05e9%5cu05d5%5cu05d3%5cu05e8%20%5cu05d1%5cu05ea%5cu05d0%5cu05e8%5cu05d9%5cu05da%2004-06-2020%5b%2fCOLOR%5d%5cnEverything%20changes%20when%20Alex%20Rider%20learns%20that%20his%20uncle%20Ian%20has%20actually%20been%20killed%20in%20the%20line%20of%20duty%20as%20a%20British%20spy.%20The%20normal%20teen%20is%20approached%20by%20the%20head%20of%20The%20Department%20and%20pressured%20to%20help%20investigate%20his%20uncle%27s%20death.%20Alex%20reluctantly%20assumes%20a%20new%20identity%20and%20goes%20undercover%20in%20a%20remote%20boarding%20school%20called%20Point%20Blanc.%22%2c%20%22OriginalTitle%22%3a%20%22Alex%20Rider%22%2c%20%22Tag%22%3a%20%2216%22%2c%20%22year%22%3a%20%222020%22%7d&quot"/>
</include>

<include content="baseepisods">
<param name="baseid" value="5"/>
<param name="labelname" value="מסע בין כוכבים: פיקארד"/>
<param name="baseeipisod" value="505"/>
<param name="networkname" value="UNKNOWN"/>
<param name="networkcolor" value="gray"/>
<param name="notvisible" value="![control.hasfocus(6) | Container(35).HasFocus(2)]"/>
<param name="baseepisodcontent" value="plugin://plugin.video.mando/?all_w=%7b%7d&amp;data=2020&amp;dates=%20&amp;description=%5bCOLOR%20aqua%5d%20%d7%a9%d7%95%d7%93%d7%a8%20%d7%91%d7%aa%d7%90%d7%a8%d7%99%d7%9a%2022-01-2020%5b%2fCOLOR%5d%0aSet%20twenty%20years%20after%20the%20events%20of%20Star%20Trek%20Nemesis%2c%20we%20follow%20the%20now-retired%20Admiral%20Picard%20into%20the%20next%20chapter%20of%20his%20life.&amp;eng_name=%20&amp;episode=%20&amp;fanart=https%3a%2f%2fimage.tmdb.org%2ft%2fp%2foriginal%2f%2fmK286PAkhgLJqk5cO0BCmFLkNE7.jpg&amp;fav_status=false&amp;heb_name=%d7%9e%d7%a1%d7%a2%20%d7%91%d7%99%d7%9f%20%d7%9b%d7%95%d7%9b%d7%91%d7%99%d7%9d%3a%20%d7%a4%d7%99%d7%a7%d7%90%d7%a8%d7%93&amp;iconimage=https%3a%2f%2fimage.tmdb.org%2ft%2fp%2foriginal%2f%2fsdijbulvQJxv3mz5T6YsIphtgnu.jpg&amp;id=85949&amp;image_master&amp;isr=0&amp;last_id&amp;mode=19&amp;name=%5bCOLOR%20white%5d%d7%a2%d7%95%d7%a0%d7%94%201%5b%2fCOLOR%5d&amp;original_title=Star%20Trek%3a%20Picard&amp;season=1&amp;show_original_year=2020&amp;tmdbid=364093&amp;url=https%3a%2f%2fapi.themoviedb.org%2f3%2ftv%2f85949%3fapi_key%3d34142515d9d23817496eeb4ff1d223d0%26language%3den%26append_to_response%3dexternal_ids&amp;video_data=%7b%22rating%22%3a%20%220%22%2c%20%22episode%22%3a%200%2c%20%22title%22%3a%20%22%5bCOLOR%20white%5d%5cu05e2%5cu05d5%5cu05e0%5cu05d4%201%5b%2fCOLOR%5d%22%2c%20%22season%22%3a%200%2c%20%22TVshowtitle%22%3a%20%22%22%2c%20%22mediatype%22%3a%20%22movie%22%2c%20%22plot%22%3a%20%22%5bCOLOR%20aqua%5d%20%5cu05e9%5cu05d5%5cu05d3%5cu05e8%20%5cu05d1%5cu05ea%5cu05d0%5cu05e8%5cu05d9%5cu05da%2022-01-2020%5b%2fCOLOR%5d%5cnSet%20twenty%20years%20after%20the%20events%20of%20Star%20Trek%20Nemesis%2c%20we%20follow%20the%20now-retired%20Admiral%20Picard%20into%20the%20next%20chapter%20of%20his%20life.%22%2c%20%22OriginalTitle%22%3a%20%22Star%20Trek%3a%20Picard%22%2c%20%22Tag%22%3a%20%2216%22%2c%20%22year%22%3a%20%222020%22%7d&quot"/>
</include>

<include content="baseepisods">
<param name="baseid" value="5"/>
<param name="labelname" value="סיפורים מופלאים"/>
<param name="baseeipisod" value="506"/>
<param name="networkname" value="UNKNOWN"/>
<param name="networkcolor" value="gray"/>
<param name="notvisible" value="![control.hasfocus(6) | Container(35).HasFocus(2)]"/>
<param name="baseepisodcontent" value="plugin://plugin.video.mando/?all_w=%7b%7d&amp;data=2020&amp;dates=%20&amp;description=%5bCOLOR%20aqua%5d%20%d7%a9%d7%95%d7%93%d7%a8%20%d7%91%d7%aa%d7%90%d7%a8%d7%99%d7%9a%2006-03-2020%5b%2fCOLOR%5d%0aEach%20episode%20transports%20the%20audience%20to%20worlds%20of%20wonder%20through%20the%20lens%20of%20today%e2%80%99s%20most%20imaginative%20filmmakers%2c%20directors%20and%20writers.%20A%20reimagining%20of%20the%20original%20anthology%20series%20by%20Steven%20Spielberg.&amp;eng_name=%20&amp;episode=%20&amp;fanart=https%3a%2f%2fimage.tmdb.org%2ft%2fp%2foriginal%2f%2ffQ472YLMphoaSFtcaFmf4rwIdDM.jpg&amp;fav_status=false&amp;heb_name=%d7%a1%d7%99%d7%a4%d7%95%d7%a8%d7%99%d7%9d%20%d7%9e%d7%95%d7%a4%d7%9c%d7%90%d7%99%d7%9d&amp;iconimage=https%3a%2f%2fimage.tmdb.org%2ft%2fp%2foriginal%2f%2fevcvXE6BP8fT8UoWsyiTBvxqyrL.jpg&amp;id=98178&amp;image_master&amp;isr=0&amp;last_id&amp;mode=19&amp;name=%5bCOLOR%20white%5d%d7%a2%d7%95%d7%a0%d7%94%201%5b%2fCOLOR%5d&amp;original_title=Amazing%20Stories&amp;season=1&amp;show_original_year=2020&amp;tmdbid=368120&amp;url=https%3a%2f%2fapi.themoviedb.org%2f3%2ftv%2f98178%3fapi_key%3d34142515d9d23817496eeb4ff1d223d0%26language%3den%26append_to_response%3dexternal_ids&amp;video_data=%7b%22rating%22%3a%20%220%22%2c%20%22episode%22%3a%200%2c%20%22title%22%3a%20%22%5bCOLOR%20white%5d%5cu05e2%5cu05d5%5cu05e0%5cu05d4%201%5b%2fCOLOR%5d%22%2c%20%22season%22%3a%200%2c%20%22TVshowtitle%22%3a%20%22%22%2c%20%22mediatype%22%3a%20%22movie%22%2c%20%22plot%22%3a%20%22%5bCOLOR%20aqua%5d%20%5cu05e9%5cu05d5%5cu05d3%5cu05e8%20%5cu05d1%5cu05ea%5cu05d0%5cu05e8%5cu05d9%5cu05da%2006-03-2020%5b%2fCOLOR%5d%5cnEach%20episode%20transports%20the%20audience%20to%20worlds%20of%20wonder%20through%20the%20lens%20of%20today%5cu2019s%20most%20imaginative%20filmmakers%2c%20directors%20and%20writers.%20A%20reimagining%20of%20the%20original%20anthology%20series%20by%20Steven%20Spielberg.%22%2c%20%22OriginalTitle%22%3a%20%22Amazing%20Stories%22%2c%20%22Tag%22%3a%20%2216%22%2c%20%22year%22%3a%20%222020%22%7d&quot"/>
</include>

<include content="baseepisods">
<param name="baseid" value="5"/>
<param name="labelname" value="אקדמיית המטרייה"/>
<param name="baseeipisod" value="507"/>
<param name="networkname" value="UNKNOWN"/>
<param name="networkcolor" value="gray"/>
<param name="notvisible" value="![control.hasfocus(6) | Container(35).HasFocus(2)]"/>
<param name="baseepisodcontent" value="plugin://plugin.video.mando/?all_w=%7b%7d&amp;data=2020&amp;dates=%20&amp;description=%5bCOLOR%20aqua%5d%20%d7%a9%d7%95%d7%93%d7%a8%20%d7%91%d7%aa%d7%90%d7%a8%d7%99%d7%9a%2031-07-2020%5b%2fCOLOR%5d%0aA%20dysfunctional%20family%20of%20superheroes%20comes%20together%20to%20solve%20the%20mystery%20of%20their%20father%27s%20death%2c%20the%20threat%20of%20the%20apocalypse%20and%20more.&amp;eng_name=%20&amp;episode=%20&amp;fanart=https%3a%2f%2fimage.tmdb.org%2ft%2fp%2foriginal%2f%2fqJxzjUjCpTPvDHldNnlbRC4OqEh.jpg&amp;fav_status=false&amp;heb_name=%d7%90%d7%a7%d7%93%d7%9e%d7%99%d7%99%d7%aa%20%d7%94%d7%9e%d7%98%d7%a8%d7%99%d7%99%d7%94&amp;iconimage=https%3a%2f%2fimage.tmdb.org%2ft%2fp%2foriginal%2f%2f2aD0iZJelrJ6CguuzgZRKCvponZ.jpg&amp;id=75006&amp;image_master&amp;isr=0&amp;last_id&amp;mode=19&amp;name=%5bCOLOR%20white%5d%d7%a2%d7%95%d7%a0%d7%94%202%5b%2fCOLOR%5d&amp;original_title=The%20Umbrella%20Academy&amp;season=2&amp;show_original_year=2019&amp;tmdbid=353764&amp;url=https%3a%2f%2fapi.themoviedb.org%2f3%2ftv%2f75006%3fapi_key%3d34142515d9d23817496eeb4ff1d223d0%26language%3den%26append_to_response%3dexternal_ids&amp;video_data=%7b%22rating%22%3a%20%220%22%2c%20%22episode%22%3a%200%2c%20%22title%22%3a%20%22%5bCOLOR%20white%5d%5cu05e2%5cu05d5%5cu05e0%5cu05d4%202%5b%2fCOLOR%5d%22%2c%20%22season%22%3a%200%2c%20%22TVshowtitle%22%3a%20%22%22%2c%20%22mediatype%22%3a%20%22movie%22%2c%20%22plot%22%3a%20%22%5bCOLOR%20aqua%5d%20%5cu05e9%5cu05d5%5cu05d3%5cu05e8%20%5cu05d1%5cu05ea%5cu05d0%5cu05e8%5cu05d9%5cu05da%2031-07-2020%5b%2fCOLOR%5d%5cnA%20dysfunctional%20family%20of%20superheroes%20comes%20together%20to%20solve%20the%20mystery%20of%20their%20father%27s%20death%2c%20the%20threat%20of%20the%20apocalypse%20and%20more.%22%2c%20%22OriginalTitle%22%3a%20%22The%20Umbrella%20Academy%22%2c%20%22Tag%22%3a%20%2216%22%2c%20%22year%22%3a%20%222020%22%7d&quot"/>
</include>

<include content="baseepisods">
<param name="baseid" value="5"/>
<param name="labelname" value="מולדת פורט סאלם"/>
<param name="baseeipisod" value="508"/>
<param name="networkname" value="UNKNOWN"/>
<param name="networkcolor" value="gray"/>
<param name="notvisible" value="![control.hasfocus(6) | Container(35).HasFocus(2)]"/>
<param name="baseepisodcontent" value="plugin://plugin.video.mando/?all_w=%7b%7d&amp;data=2020&amp;dates=%20&amp;description=%5bCOLOR%20aqua%5d%20%d7%a9%d7%95%d7%93%d7%a8%20%d7%91%d7%aa%d7%90%d7%a8%d7%99%d7%9a%2018-03-2020%5b%2fCOLOR%5d%0aSet%20in%20an%20alternate%20America%20where%20witches%20ended%20their%20persecution%20over%20300%20years%20ago%20by%20cutting%20a%20deal%20with%20the%20government%20to%20fight%20for%20their%20country%2c%20the%20series%20follows%20three%20young%20women%20from%20basic%20training%20in%20combat%20magic%20into%20early%20deployment.&amp;eng_name=%20&amp;episode=%20&amp;fanart=https%3a%2f%2fimage.tmdb.org%2ft%2fp%2foriginal%2f%2f9CPU66ypbKnWHZLtG6F72gKzgO9.jpg&amp;fav_status=false&amp;heb_name=%d7%9e%d7%95%d7%9c%d7%93%d7%aa%3a%20%d7%a4%d7%95%d7%a8%d7%98%20%d7%a1%d7%90%d7%9c%d7%9d&amp;iconimage=https%3a%2f%2fimage.tmdb.org%2ft%2fp%2foriginal%2f%2foAaKknXzLevn7RSkHPXQQ1twnEM.jpg&amp;id=91977&amp;image_master&amp;isr=0&amp;last_id&amp;mode=19&amp;name=%5bCOLOR%20white%5d%d7%a2%d7%95%d7%a0%d7%94%201%5b%2fCOLOR%5d&amp;original_title=Motherland%3a%20Fort%20Salem&amp;season=1&amp;show_original_year=2020&amp;tmdbid=364047&amp;url=https%3a%2f%2fapi.themoviedb.org%2f3%2ftv%2f91977%3fapi_key%3d34142515d9d23817496eeb4ff1d223d0%26language%3den%26append_to_response%3dexternal_ids&amp;video_data=%7b%22rating%22%3a%20%220%22%2c%20%22episode%22%3a%200%2c%20%22title%22%3a%20%22%5bCOLOR%20white%5d%5cu05e2%5cu05d5%5cu05e0%5cu05d4%201%5b%2fCOLOR%5d%22%2c%20%22season%22%3a%200%2c%20%22TVshowtitle%22%3a%20%22%22%2c%20%22mediatype%22%3a%20%22movie%22%2c%20%22plot%22%3a%20%22%5bCOLOR%20aqua%5d%20%5cu05e9%5cu05d5%5cu05d3%5cu05e8%20%5cu05d1%5cu05ea%5cu05d0%5cu05e8%5cu05d9%5cu05da%2018-03-2020%5b%2fCOLOR%5d%5cnSet%20in%20an%20alternate%20America%20where%20witches%20ended%20their%20persecution%20over%20300%20years%20ago%20by%20cutting%20a%20deal%20with%20the%20government%20to%20fight%20for%20their%20country%2c%20the%20series%20follows%20three%20young%20women%20from%20basic%20training%20in%20combat%20magic%20into%20early%20deployment.%22%2c%20%22OriginalTitle%22%3a%20%22Motherland%3a%20Fort%20Salem%22%2c%20%22Tag%22%3a%20%2216%22%2c%20%22year%22%3a%20%222020%22%7d&quot"/>
</include>

<include content="baseepisods">
<param name="baseid" value="5"/>
<param name="labelname" value="ראגנארוק"/>
<param name="baseeipisod" value="509"/>
<param name="networkname" value="UNKNOWN"/>
<param name="networkcolor" value="gray"/>
<param name="notvisible" value="![control.hasfocus(6) | Container(35).HasFocus(2)]"/>
<param name="baseepisodcontent" value="plugin://plugin.video.mando/?all_w=%7b%7d&amp;data=2020&amp;dates=%20&amp;description=%5bCOLOR%20aqua%5d%20%d7%a9%d7%95%d7%93%d7%a8%20%d7%91%d7%aa%d7%90%d7%a8%d7%99%d7%9a%2031-01-2020%5b%2fCOLOR%5d%0aA%20small%20Norwegian%20town%20experiencing%20warm%20winters%20and%20violent%20downpours%20seems%20to%20be%20headed%20for%20another%20Ragnar%c3%b6k%20--%20unless%20someone%20intervenes%20in%20time.&amp;eng_name=%20&amp;episode=%20&amp;fanart=https%3a%2f%2fimage.tmdb.org%2ft%2fp%2foriginal%2f%2fwu444tM9YBllq9UcBv5TeidO3j3.jpg&amp;fav_status=false&amp;heb_name=%d7%a8%d7%90%d7%92%d7%a0%d7%90%d7%a8%d7%95%d7%a7&amp;iconimage=https%3a%2f%2fimage.tmdb.org%2ft%2fp%2foriginal%2f%2f3mBZwTEuN2CejVTeZqVfy2Kx5dY.jpg&amp;id=91557&amp;image_master&amp;isr=0&amp;last_id&amp;mode=19&amp;name=%5bCOLOR%20white%5d%d7%a2%d7%95%d7%a0%d7%94%201%5b%2fCOLOR%5d&amp;original_title=Ragnarok&amp;season=1&amp;show_original_year=2020&amp;tmdbid=364874&amp;url=https%3a%2f%2fapi.themoviedb.org%2f3%2ftv%2f91557%3fapi_key%3d34142515d9d23817496eeb4ff1d223d0%26language%3den%26append_to_response%3dexternal_ids&amp;video_data=%7b%22rating%22%3a%20%220%22%2c%20%22episode%22%3a%200%2c%20%22title%22%3a%20%22%5bCOLOR%20white%5d%5cu05e2%5cu05d5%5cu05e0%5cu05d4%201%5b%2fCOLOR%5d%22%2c%20%22season%22%3a%200%2c%20%22TVshowtitle%22%3a%20%22%22%2c%20%22mediatype%22%3a%20%22movie%22%2c%20%22plot%22%3a%20%22%5bCOLOR%20aqua%5d%20%5cu05e9%5cu05d5%5cu05d3%5cu05e8%20%5cu05d1%5cu05ea%5cu05d0%5cu05e8%5cu05d9%5cu05da%2031-01-2020%5b%2fCOLOR%5d%5cnA%20small%20Norwegian%20town%20experiencing%20warm%20winters%20and%20violent%20downpours%20seems%20to%20be%20headed%20for%20another%20Ragnar%5cu00f6k%20--%20unless%20someone%20intervenes%20in%20time.%22%2c%20%22OriginalTitle%22%3a%20%22Ragnarok%22%2c%20%22Tag%22%3a%20%2216%22%2c%20%22year%22%3a%20%222020%22%7d&quot"/>
</include>

<include content="baseepisods">
<param name="baseid" value="5"/>
<param name="labelname" value="אל תוך הלילה"/>
<param name="baseeipisod" value="510"/>
<param name="networkname" value="UNKNOWN"/>
<param name="networkcolor" value="gray"/>
<param name="notvisible" value="![control.hasfocus(6) | Container(35).HasFocus(2)]"/>
<param name="baseepisodcontent" value="plugin://plugin.video.mando/?all_w=%7b%7d&amp;data=2020&amp;dates=%20&amp;description=%5bCOLOR%20aqua%5d%20%d7%a9%d7%95%d7%93%d7%a8%20%d7%91%d7%aa%d7%90%d7%a8%d7%99%d7%9a%2001-05-2020%5b%2fCOLOR%5d%0aWhen%20the%20sun%20suddenly%20starts%20killing%20everything%20in%20its%20path%2c%20passengers%20on%20an%20overnight%20flight%20from%20Brussels%20attempt%20to%20survive%20by%20any%20means%20necessary.&amp;eng_name=%20&amp;episode=%20&amp;fanart=https%3a%2f%2fimage.tmdb.org%2ft%2fp%2foriginal%2f%2fk3GsEGH9lMmnbuTW0DjJ4wn9c2h.jpg&amp;fav_status=false&amp;heb_name=Into%20the%20Night&amp;iconimage=https%3a%2f%2fimage.tmdb.org%2ft%2fp%2foriginal%2f%2fc4RWyfVRfIPPq8ugVoxk5GtsPdm.jpg&amp;id=93811&amp;image_master&amp;isr=0&amp;last_id&amp;mode=19&amp;name=%5bCOLOR%20white%5d%d7%a2%d7%95%d7%a0%d7%94%201%5b%2fCOLOR%5d&amp;original_title=Into%20the%20Night&amp;season=1&amp;show_original_year=2020&amp;tmdbid=369076&amp;url=https%3a%2f%2fapi.themoviedb.org%2f3%2ftv%2f93811%3fapi_key%3d34142515d9d23817496eeb4ff1d223d0%26language%3den%26append_to_response%3dexternal_ids&amp;video_data=%7b%22rating%22%3a%20%220%22%2c%20%22episode%22%3a%200%2c%20%22title%22%3a%20%22%5bCOLOR%20white%5d%5cu05e2%5cu05d5%5cu05e0%5cu05d4%201%5b%2fCOLOR%5d%22%2c%20%22season%22%3a%200%2c%20%22TVshowtitle%22%3a%20%22%22%2c%20%22mediatype%22%3a%20%22movie%22%2c%20%22plot%22%3a%20%22%5bCOLOR%20aqua%5d%20%5cu05e9%5cu05d5%5cu05d3%5cu05e8%20%5cu05d1%5cu05ea%5cu05d0%5cu05e8%5cu05d9%5cu05da%2001-05-2020%5b%2fCOLOR%5d%5cnWhen%20the%20sun%20suddenly%20starts%20killing%20everything%20in%20its%20path%2c%20passengers%20on%20an%20overnight%20flight%20from%20Brussels%20attempt%20to%20survive%20by%20any%20means%20necessary.%22%2c%20%22OriginalTitle%22%3a%20%22Into%20the%20Night%22%2c%20%22Tag%22%3a%20%2216%22%2c%20%22year%22%3a%20%222020%22%7d&quot"/>
</include>

<include content="baseepisods">
<param name="baseid" value="5"/>
<param name="labelname" value="עין פקוחה"/>
<param name="baseeipisod" value="511"/>
<param name="networkname" value="UNKNOWN"/>
<param name="networkcolor" value="gray"/>
<param name="notvisible" value="![control.hasfocus(6) | Container(35).HasFocus(2)]"/>
<param name="baseepisodcontent" value="plugin://plugin.video.mando/?all_w=%7b%7d&amp;data=2020&amp;dates=%20&amp;description=%5bCOLOR%20aqua%5d%20%d7%a9%d7%95%d7%93%d7%a8%20%d7%91%d7%aa%d7%90%d7%a8%d7%99%d7%9a%2029-01-2020%5b%2fCOLOR%5d%0aIn%20a%20city%20where%20citizens%20are%20monitored%2024%2f7%2c%20a%20tech%20employee%20must%20outsmart%20her%20surveillance%20drone%20in%20order%20to%20investigate%20a%20murder.&amp;eng_name=%20&amp;episode=%20&amp;fanart=https%3a%2f%2fimage.tmdb.org%2ft%2fp%2foriginal%2f%2f9Dou3FsBZbUHRMgHq3CLUF7IEdu.jpg&amp;fav_status=false&amp;heb_name=%d7%a2%d7%99%d7%9f%20%d7%a4%d7%a7%d7%95%d7%97%d7%94&amp;iconimage=https%3a%2f%2fimage.tmdb.org%2ft%2fp%2foriginal%2f%2fkWcmiKCRUavLdLo45tevSPiG2Zw.jpg&amp;id=98510&amp;image_master&amp;isr=0&amp;last_id&amp;mode=19&amp;name=%5bCOLOR%20white%5d%d7%a2%d7%95%d7%a0%d7%94%201%5b%2fCOLOR%5d&amp;original_title=Omniscient&amp;season=1&amp;show_original_year=2020&amp;tmdbid=355816&amp;url=https%3a%2f%2fapi.themoviedb.org%2f3%2ftv%2f98510%3fapi_key%3d34142515d9d23817496eeb4ff1d223d0%26language%3den%26append_to_response%3dexternal_ids&amp;video_data=%7b%22rating%22%3a%20%220%22%2c%20%22episode%22%3a%200%2c%20%22title%22%3a%20%22%5bCOLOR%20white%5d%5cu05e2%5cu05d5%5cu05e0%5cu05d4%201%5b%2fCOLOR%5d%22%2c%20%22season%22%3a%200%2c%20%22TVshowtitle%22%3a%20%22%22%2c%20%22mediatype%22%3a%20%22movie%22%2c%20%22plot%22%3a%20%22%5bCOLOR%20aqua%5d%20%5cu05e9%5cu05d5%5cu05d3%5cu05e8%20%5cu05d1%5cu05ea%5cu05d0%5cu05e8%5cu05d9%5cu05da%2029-01-2020%5b%2fCOLOR%5d%5cnIn%20a%20city%20where%20citizens%20are%20monitored%2024%2f7%2c%20a%20tech%20employee%20must%20outsmart%20her%20surveillance%20drone%20in%20order%20to%20investigate%20a%20murder.%22%2c%20%22OriginalTitle%22%3a%20%22Omniscient%22%2c%20%22Tag%22%3a%20%2216%22%2c%20%22year%22%3a%20%222020%22%7d&quot"/>
</include>

<include content="baseepisods">
<param name="baseid" value="5"/>
<param name="labelname" value="משפחת אוקטובר"/>
<param name="baseeipisod" value="512"/>
<param name="networkname" value="UNKNOWN"/>
<param name="networkcolor" value="gray"/>
<param name="notvisible" value="![control.hasfocus(6) | Container(35).HasFocus(2)]"/>
<param name="baseepisodcontent" value="plugin://plugin.video.mando/?all_w=%7b%7d&amp;data=2020&amp;dates=%20&amp;description=%5bCOLOR%20aqua%5d%20%d7%a9%d7%95%d7%93%d7%a8%20%d7%91%d7%aa%d7%90%d7%a8%d7%99%d7%9a%2023-01-2020%5b%2fCOLOR%5d%0aMonster%20hunters%20Fred%20and%20Deloris%20Allen%20tangle%20with%20evil%20...%20and%20family%20drama%20with%20their%20teenage%20twins.%20From%20the%20comics%20by%20Steve%20Niles%20and%20Damien%20Worm.&amp;eng_name=%20&amp;episode=%20&amp;fanart=https%3a%2f%2fimage.tmdb.org%2ft%2fp%2foriginal%2f%2ftfeF3jvHx5S7kYTIAcS9SVIjbiv.jpg&amp;fav_status=false&amp;heb_name=%d7%9e%d7%a9%d7%a4%d7%97%d7%aa%20%d7%90%d7%95%d7%a7%d7%98%d7%95%d7%91%d7%a8&amp;iconimage=https%3a%2f%2fimage.tmdb.org%2ft%2fp%2foriginal%2f%2fmc6wrMVSmJu8OvryCNqAHOMtxzg.jpg&amp;id=93826&amp;image_master&amp;isr=0&amp;last_id&amp;mode=19&amp;name=%5bCOLOR%20white%5d%d7%a2%d7%95%d7%a0%d7%94%201%5b%2fCOLOR%5d&amp;original_title=October%20Faction&amp;season=1&amp;show_original_year=2020&amp;tmdbid=354315&amp;url=https%3a%2f%2fapi.themoviedb.org%2f3%2ftv%2f93826%3fapi_key%3d34142515d9d23817496eeb4ff1d223d0%26language%3den%26append_to_response%3dexternal_ids&amp;video_data=%7b%22rating%22%3a%20%220%22%2c%20%22episode%22%3a%200%2c%20%22title%22%3a%20%22%5bCOLOR%20white%5d%5cu05e2%5cu05d5%5cu05e0%5cu05d4%201%5b%2fCOLOR%5d%22%2c%20%22season%22%3a%200%2c%20%22TVshowtitle%22%3a%20%22%22%2c%20%22mediatype%22%3a%20%22movie%22%2c%20%22plot%22%3a%20%22%5bCOLOR%20aqua%5d%20%5cu05e9%5cu05d5%5cu05d3%5cu05e8%20%5cu05d1%5cu05ea%5cu05d0%5cu05e8%5cu05d9%5cu05da%2023-01-2020%5b%2fCOLOR%5d%5cnMonster%20hunters%20Fred%20and%20Deloris%20Allen%20tangle%20with%20evil%20...%20and%20family%20drama%20with%20their%20teenage%20twins.%20From%20the%20comics%20by%20Steve%20Niles%20and%20Damien%20Worm.%22%2c%20%22OriginalTitle%22%3a%20%22October%20Faction%22%2c%20%22Tag%22%3a%20%2216%22%2c%20%22year%22%3a%20%222020%22%7d&quot"/>
</include>

<include content="baseepisods">
<param name="baseid" value="5"/>
<param name="labelname" value="המפתחות של משפחת לוק"/>
<param name="baseeipisod" value="513"/>
<param name="networkname" value="UNKNOWN"/>
<param name="networkcolor" value="gray"/>
<param name="notvisible" value="![control.hasfocus(6) | Container(35).HasFocus(2)]"/>
<param name="baseepisodcontent" value="plugin://plugin.video.mando/?all_w=%7b%7d&amp;data=2020&amp;dates=%20&amp;description=%5bCOLOR%20aqua%5d%20%d7%a9%d7%95%d7%93%d7%a8%20%d7%91%d7%aa%d7%90%d7%a8%d7%99%d7%9a%2007-02-2020%5b%2fCOLOR%5d%0aThree%20siblings%20who%20move%20into%20their%20ancestral%20estate%20after%20their%20father%27s%20gruesome%20murder%20discover%20their%20new%20home%27s%20magical%20keys%2c%20which%20must%20be%20used%20in%20their%20stand%20against%20an%20evil%20creature%20who%20wants%20the%20keys%20and%20their%20powers.&amp;eng_name=%20&amp;episode=%20&amp;fanart=https%3a%2f%2fimage.tmdb.org%2ft%2fp%2foriginal%2f%2f1OTITGQ8yqerNEiwnHqpA7pD8Aq.jpg&amp;fav_status=false&amp;heb_name=%d7%94%d7%9e%d7%a4%d7%aa%d7%97%d7%95%d7%aa%20%d7%a9%d7%9c%20%d7%9e%d7%a9%d7%a4%d7%97%d7%aa%20%d7%9c%d7%95%d7%a7&amp;iconimage=https%3a%2f%2fimage.tmdb.org%2ft%2fp%2foriginal%2f%2flKhF0QX724VS2QqBzSZ4KJif3Ny.jpg&amp;id=86423&amp;image_master&amp;isr=0&amp;last_id&amp;mode=19&amp;name=%5bCOLOR%20white%5d%d7%a2%d7%95%d7%a0%d7%94%201%5b%2fCOLOR%5d&amp;original_title=Locke%20%26%20Key&amp;season=1&amp;show_original_year=2020&amp;tmdbid=361594&amp;url=https%3a%2f%2fapi.themoviedb.org%2f3%2ftv%2f86423%3fapi_key%3d34142515d9d23817496eeb4ff1d223d0%26language%3den%26append_to_response%3dexternal_ids&amp;video_data=%7b%22rating%22%3a%20%220%22%2c%20%22episode%22%3a%200%2c%20%22title%22%3a%20%22%5bCOLOR%20white%5d%5cu05e2%5cu05d5%5cu05e0%5cu05d4%201%5b%2fCOLOR%5d%22%2c%20%22season%22%3a%200%2c%20%22TVshowtitle%22%3a%20%22%22%2c%20%22mediatype%22%3a%20%22movie%22%2c%20%22plot%22%3a%20%22%5bCOLOR%20aqua%5d%20%5cu05e9%5cu05d5%5cu05d3%5cu05e8%20%5cu05d1%5cu05ea%5cu05d0%5cu05e8%5cu05d9%5cu05da%2007-02-2020%5b%2fCOLOR%5d%5cnThree%20siblings%20who%20move%20into%20their%20ancestral%20estate%20after%20their%20father%27s%20gruesome%20murder%20discover%20their%20new%20home%27s%20magical%20keys%2c%20which%20must%20be%20used%20in%20their%20stand%20against%20an%20evil%20creature%20who%20wants%20the%20keys%20and%20their%20powers.%22%2c%20%22OriginalTitle%22%3a%20%22Locke%20%26%20Key%22%2c%20%22Tag%22%3a%20%2216%22%2c%20%22year%22%3a%20%222020%22%7d&quot"/>
</include>

<include content="baseepisods">
<param name="baseid" value="5"/>
<param name="labelname" value="אם לא היינו נפגשים"/>
<param name="baseeipisod" value="514"/>
<param name="networkname" value="UNKNOWN"/>
<param name="networkcolor" value="gray"/>
<param name="notvisible" value="![control.hasfocus(6) | Container(35).HasFocus(2)]"/>
<param name="baseepisodcontent" value="plugin://plugin.video.mando/?all_w=%7b%7d&amp;data=2018&amp;dates=%20&amp;description=%5bCOLOR%20aqua%5d%20%d7%a9%d7%95%d7%93%d7%a8%20%d7%91%d7%aa%d7%90%d7%a8%d7%99%d7%9a%2015-10-2018%5b%2fCOLOR%5d%0aEduard%2c%20a%20husband%20and%20father%20who%20loses%20his%20family%20in%20a%20tragic%20accident%2c%20travels%20to%20parallel%20universes%20to%20seek%20a%20better%20fate%20for%20his%20beloved%20wife.&amp;eng_name=%20&amp;episode=%20&amp;fanart=https%3a%2f%2fimage.tmdb.org%2ft%2fp%2foriginal%2f%2fxn1Xg1r7ub567mGHzM01fCgp5MF.jpg&amp;fav_status=false&amp;heb_name=%d7%90%d7%9d%20%d7%9c%d7%90%20%d7%94%d7%99%d7%99%d7%a0%d7%95%20%d7%a0%d7%a4%d7%92%d7%a9%d7%99%d7%9d&amp;iconimage=https%3a%2f%2fimage.tmdb.org%2ft%2fp%2foriginal%2f%2fw6zj5IJpoeCQTZG9zx39vbAh7wJ.jpg&amp;id=87611&amp;image_master&amp;isr=0&amp;last_id&amp;mode=19&amp;name=%5bCOLOR%20white%5d%d7%a2%d7%95%d7%a0%d7%94%201%5b%2fCOLOR%5d&amp;original_title=If%20I%20Hadn%27t%20Met%20You&amp;season=1&amp;show_original_year=2018&amp;tmdbid=353867&amp;url=https%3a%2f%2fapi.themoviedb.org%2f3%2ftv%2f87611%3fapi_key%3d34142515d9d23817496eeb4ff1d223d0%26language%3den%26append_to_response%3dexternal_ids&amp;video_data=%7b%22rating%22%3a%20%220%22%2c%20%22episode%22%3a%200%2c%20%22title%22%3a%20%22%5bCOLOR%20white%5d%5cu05e2%5cu05d5%5cu05e0%5cu05d4%201%5b%2fCOLOR%5d%22%2c%20%22season%22%3a%200%2c%20%22TVshowtitle%22%3a%20%22%22%2c%20%22mediatype%22%3a%20%22movie%22%2c%20%22plot%22%3a%20%22%5bCOLOR%20aqua%5d%20%5cu05e9%5cu05d5%5cu05d3%5cu05e8%20%5cu05d1%5cu05ea%5cu05d0%5cu05e8%5cu05d9%5cu05da%2015-10-2018%5b%2fCOLOR%5d%5cnEduard%2c%20a%20husband%20and%20father%20who%20loses%20his%20family%20in%20a%20tragic%20accident%2c%20travels%20to%20parallel%20universes%20to%20seek%20a%20better%20fate%20for%20his%20beloved%20wife.%22%2c%20%22OriginalTitle%22%3a%20%22If%20I%20Hadn%27t%20Met%20You%22%2c%20%22Tag%22%3a%20%2216%22%2c%20%22year%22%3a%20%222018%22%7d&quot"/>
</include>

<include content="baseepisods">
<param name="baseid" value="5"/>
<param name="labelname" value="אקדמיית המטרייה"/>
<param name="baseeipisod" value="515"/>
<param name="networkname" value="UNKNOWN"/>
<param name="networkcolor" value="gray"/>
<param name="notvisible" value="![control.hasfocus(6) | Container(35).HasFocus(2)]"/>
<param name="baseepisodcontent" value="plugin://plugin.video.mando/?all_w=%7b%7d&amp;data=2020&amp;dates=%20&amp;description=%5bCOLOR%20aqua%5d%20%d7%a9%d7%95%d7%93%d7%a8%20%d7%91%d7%aa%d7%90%d7%a8%d7%99%d7%9a%2031-07-2020%5b%2fCOLOR%5d%0aA%20dysfunctional%20family%20of%20superheroes%20comes%20together%20to%20solve%20the%20mystery%20of%20their%20father%27s%20death%2c%20the%20threat%20of%20the%20apocalypse%20and%20more.&amp;eng_name=%20&amp;episode=%20&amp;fanart=https%3a%2f%2fimage.tmdb.org%2ft%2fp%2foriginal%2f%2fqJxzjUjCpTPvDHldNnlbRC4OqEh.jpg&amp;fav_status=false&amp;heb_name=%d7%90%d7%a7%d7%93%d7%9e%d7%99%d7%99%d7%aa%20%d7%94%d7%9e%d7%98%d7%a8%d7%99%d7%99%d7%94&amp;iconimage=https%3a%2f%2fimage.tmdb.org%2ft%2fp%2foriginal%2f%2f2aD0iZJelrJ6CguuzgZRKCvponZ.jpg&amp;id=75006&amp;image_master&amp;isr=0&amp;last_id&amp;mode=19&amp;name=%5bCOLOR%20white%5d%d7%a2%d7%95%d7%a0%d7%94%202%5b%2fCOLOR%5d&amp;original_title=The%20Umbrella%20Academy&amp;season=2&amp;show_original_year=2019&amp;tmdbid=353764&amp;url=https%3a%2f%2fapi.themoviedb.org%2f3%2ftv%2f75006%3fapi_key%3d34142515d9d23817496eeb4ff1d223d0%26language%3den%26append_to_response%3dexternal_ids&amp;video_data=%7b%22rating%22%3a%20%220%22%2c%20%22episode%22%3a%200%2c%20%22title%22%3a%20%22%5bCOLOR%20white%5d%5cu05e2%5cu05d5%5cu05e0%5cu05d4%202%5b%2fCOLOR%5d%22%2c%20%22season%22%3a%200%2c%20%22TVshowtitle%22%3a%20%22%22%2c%20%22mediatype%22%3a%20%22movie%22%2c%20%22plot%22%3a%20%22%5bCOLOR%20aqua%5d%20%5cu05e9%5cu05d5%5cu05d3%5cu05e8%20%5cu05d1%5cu05ea%5cu05d0%5cu05e8%5cu05d9%5cu05da%2031-07-2020%5b%2fCOLOR%5d%5cnA%20dysfunctional%20family%20of%20superheroes%20comes%20together%20to%20solve%20the%20mystery%20of%20their%20father%27s%20death%2c%20the%20threat%20of%20the%20apocalypse%20and%20more.%22%2c%20%22OriginalTitle%22%3a%20%22The%20Umbrella%20Academy%22%2c%20%22Tag%22%3a%20%2216%22%2c%20%22year%22%3a%20%222020%22%7d&quot"/>
</include>

<include content="baseepisods">
<param name="baseid" value="5"/>
<param name="labelname" value="אפלוד"/>
<param name="baseeipisod" value="516"/>
<param name="networkname" value="UNKNOWN"/>
<param name="networkcolor" value="gray"/>
<param name="notvisible" value="![control.hasfocus(6) | Container(35).HasFocus(2)]"/>
<param name="baseepisodcontent" value="plugin://plugin.video.mando/?all_w=%7b%7d&amp;data=2020&amp;dates=%20&amp;description=%5bCOLOR%20aqua%5d%20%d7%a9%d7%95%d7%93%d7%a8%20%d7%91%d7%aa%d7%90%d7%a8%d7%99%d7%9a%2001-05-2020%5b%2fCOLOR%5d%0aIn%202033%2c%20people%20who%20are%20near%20death%20can%20be%20%e2%80%9cuploaded%e2%80%9d%20into%20virtual%20reality%20hotels%20run%20by%206%20tech%20firms.%20Cash-strapped%20Nora%20lives%20in%20Brooklyn%20and%20works%20customer%20service%20for%20the%20luxurious%20%e2%80%9cLakeview%e2%80%9d%20digital%20afterlife.%20When%20L.A.%20party-boy%2fcoder%20Nathan%e2%80%99s%20self-driving%20car%20crashes%2c%20his%20high-maintenance%20girlfriend%20uploads%20him%20permanently%20into%20Nora%e2%80%99s%20VR%20world.&amp;eng_name=%20&amp;episode=%20&amp;fanart=https%3a%2f%2fimage.tmdb.org%2ft%2fp%2foriginal%2f%2f2fhnFgwbpqzhNsx5m9x7JEUQ2qv.jpg&amp;fav_status=false&amp;heb_name=%d7%90%d7%a4%d7%9c%d7%95%d7%93&amp;iconimage=https%3a%2f%2fimage.tmdb.org%2ft%2fp%2foriginal%2f%2f6SIDIB59JYsQ8EfUgM0IaFfwXtS.jpg&amp;id=86248&amp;image_master&amp;isr=0&amp;last_id&amp;mode=19&amp;name=%5bCOLOR%20white%5d%d7%a2%d7%95%d7%a0%d7%94%201%5b%2fCOLOR%5d&amp;original_title=Upload&amp;season=1&amp;show_original_year=2020&amp;tmdbid=368211&amp;url=https%3a%2f%2fapi.themoviedb.org%2f3%2ftv%2f86248%3fapi_key%3d34142515d9d23817496eeb4ff1d223d0%26language%3den%26append_to_response%3dexternal_ids&amp;video_data=%7b%22rating%22%3a%20%220%22%2c%20%22episode%22%3a%200%2c%20%22title%22%3a%20%22%5bCOLOR%20white%5d%5cu05e2%5cu05d5%5cu05e0%5cu05d4%201%5b%2fCOLOR%5d%22%2c%20%22season%22%3a%200%2c%20%22TVshowtitle%22%3a%20%22%22%2c%20%22mediatype%22%3a%20%22movie%22%2c%20%22plot%22%3a%20%22%5bCOLOR%20aqua%5d%20%5cu05e9%5cu05d5%5cu05d3%5cu05e8%20%5cu05d1%5cu05ea%5cu05d0%5cu05e8%5cu05d9%5cu05da%2001-05-2020%5b%2fCOLOR%5d%5cnIn%202033%2c%20people%20who%20are%20near%20death%20can%20be%20%5cu201cuploaded%5cu201d%20into%20virtual%20reality%20hotels%20run%20by%206%20tech%20firms.%20Cash-strapped%20Nora%20lives%20in%20Brooklyn%20and%20works%20customer%20service%20for%20the%20luxurious%20%5cu201cLakeview%5cu201d%20digital%20afterlife.%20When%20L.A.%20party-boy%2fcoder%20Nathan%5cu2019s%20self-driving%20car%20crashes%2c%20his%20high-maintenance%20girlfriend%20uploads%20him%20permanently%20into%20Nora%5cu2019s%20VR%20world.%22%2c%20%22OriginalTitle%22%3a%20%22Upload%22%2c%20%22Tag%22%3a%20%2216%22%2c%20%22year%22%3a%20%222020%22%7d&quot"/>
</include>

<include content="baseepisods">
<param name="baseid" value="5"/>
<param name="labelname" value="ארץ לאבקראפט"/>
<param name="baseeipisod" value="517"/>
<param name="networkname" value="UNKNOWN"/>
<param name="networkcolor" value="gray"/>
<param name="notvisible" value="![control.hasfocus(6) | Container(35).HasFocus(2)]"/>
<param name="baseepisodcontent" value="plugin://plugin.video.mando/?all_w=%7b%7d&amp;data=2020&amp;dates=%20&amp;description=%5bCOLOR%20aqua%5d%20%d7%a9%d7%95%d7%93%d7%a8%20%d7%91%d7%aa%d7%90%d7%a8%d7%99%d7%9a%2016-08-2020%5b%2fCOLOR%5d%0aThe%20anthology%20horror%20series%20follows%2025-year-old%20Atticus%20Black%2c%20who%20joins%20up%20with%20his%20friend%20Letitia%20and%20his%20Uncle%20George%20to%20embark%20on%20a%20road%20trip%20across%201950s%20Jim%20Crow%20America%20to%20find%20his%20missing%20father.%20They%20must%20survive%20and%20overcome%20both%20the%20racist%20terrors%20of%20white%20America%20and%20the%20malevolent%20spirits%20that%20could%20be%20ripped%20from%20a%20Lovecraft%20paperback.&amp;eng_name=%20&amp;episode=%20&amp;fanart=https%3a%2f%2fimage.tmdb.org%2ft%2fp%2foriginal%2f%2fcpZeRsIRcOXXHAotqOuTgNdothK.jpg&amp;fav_status=false&amp;heb_name=%d7%90%d7%a8%d7%a5%20%d7%9c%d7%90%d7%91%d7%a7%d7%a8%d7%90%d7%a4%d7%98&amp;iconimage=https%3a%2f%2fimage.tmdb.org%2ft%2fp%2foriginal%2f%2f8ptPi5yy5C3cyQ0xQ2YCGn3T9Nk.jpg&amp;id=82816&amp;image_master&amp;isr=0&amp;last_id&amp;mode=19&amp;name=%5bCOLOR%20white%5d%d7%a2%d7%95%d7%a0%d7%94%201%5b%2fCOLOR%5d&amp;original_title=Lovecraft%20Country&amp;season=1&amp;show_original_year=2020&amp;tmdbid=357864&amp;url=https%3a%2f%2fapi.themoviedb.org%2f3%2ftv%2f82816%3fapi_key%3d34142515d9d23817496eeb4ff1d223d0%26language%3den%26append_to_response%3dexternal_ids&amp;video_data=%7b%22rating%22%3a%20%220%22%2c%20%22episode%22%3a%200%2c%20%22title%22%3a%20%22%5bCOLOR%20white%5d%5cu05e2%5cu05d5%5cu05e0%5cu05d4%201%5b%2fCOLOR%5d%22%2c%20%22season%22%3a%200%2c%20%22TVshowtitle%22%3a%20%22%22%2c%20%22mediatype%22%3a%20%22movie%22%2c%20%22plot%22%3a%20%22%5bCOLOR%20aqua%5d%20%5cu05e9%5cu05d5%5cu05d3%5cu05e8%20%5cu05d1%5cu05ea%5cu05d0%5cu05e8%5cu05d9%5cu05da%2016-08-2020%5b%2fCOLOR%5d%5cnThe%20anthology%20horror%20series%20follows%2025-year-old%20Atticus%20Black%2c%20who%20joins%20up%20with%20his%20friend%20Letitia%20and%20his%20Uncle%20George%20to%20embark%20on%20a%20road%20trip%20across%201950s%20Jim%20Crow%20America%20to%20find%20his%20missing%20father.%20They%20must%20survive%20and%20overcome%20both%20the%20racist%20terrors%20of%20white%20America%20and%20the%20malevolent%20spirits%20that%20could%20be%20ripped%20from%20a%20Lovecraft%20paperback.%22%2c%20%22OriginalTitle%22%3a%20%22Lovecraft%20Country%22%2c%20%22Tag%22%3a%20%2216%22%2c%20%22year%22%3a%20%222020%22%7d&quot"/>
</include>

<include content="baseepisods">
<param name="baseid" value="5"/>
<param name="labelname" value="יורשי הלילה"/>
<param name="baseeipisod" value="518"/>
<param name="networkname" value="UNKNOWN"/>
<param name="networkcolor" value="gray"/>
<param name="notvisible" value="![control.hasfocus(6) | Container(35).HasFocus(2)]"/>
<param name="baseepisodcontent" value="plugin://plugin.video.mando/?all_w=%7b%7d&amp;data=2020&amp;dates=%20&amp;description=%5bCOLOR%20aqua%5d%20%d7%a9%d7%95%d7%93%d7%a8%20%d7%91%d7%aa%d7%90%d7%a8%d7%99%d7%9a%2011-01-2020%5b%2fCOLOR%5d%0a1889%3a%20the%20five%20remaining%20vampire%20clans%20in%20Europe%20are%20training%20to%20survive.%20In%20their%20midst%20is%2014-year-old%20Alisa%20who%20has%20the%20power%20to%20choose%20between%20eternal%20life%20as%20a%20vampire%20or%20for%20all%20vampires%20to%20live%20as%20humans.&amp;eng_name=%20&amp;episode=%20&amp;fanart=https%3a%2f%2fimage.tmdb.org%2ft%2fp%2foriginal%2f%2f7cBRwe7eK812mhhWso4QBgnSg5y.jpg&amp;fav_status=false&amp;heb_name=Nattens%20arvinger&amp;iconimage=https%3a%2f%2fimage.tmdb.org%2ft%2fp%2foriginal%2f%2fmkD3oTxYfsOYThtTM6o5HQom1Ar.jpg&amp;id=93842&amp;image_master&amp;isr=0&amp;last_id&amp;mode=19&amp;name=%5bCOLOR%20white%5d%d7%a2%d7%95%d7%a0%d7%94%201%5b%2fCOLOR%5d&amp;original_title=Heirs%20of%20the%20Night&amp;season=1&amp;show_original_year=2020&amp;tmdbid=371446&amp;url=https%3a%2f%2fapi.themoviedb.org%2f3%2ftv%2f93842%3fapi_key%3d34142515d9d23817496eeb4ff1d223d0%26language%3den%26append_to_response%3dexternal_ids&amp;video_data=%7b%22rating%22%3a%20%220%22%2c%20%22episode%22%3a%200%2c%20%22title%22%3a%20%22%5bCOLOR%20white%5d%5cu05e2%5cu05d5%5cu05e0%5cu05d4%201%5b%2fCOLOR%5d%22%2c%20%22season%22%3a%200%2c%20%22TVshowtitle%22%3a%20%22%22%2c%20%22mediatype%22%3a%20%22movie%22%2c%20%22plot%22%3a%20%22%5bCOLOR%20aqua%5d%20%5cu05e9%5cu05d5%5cu05d3%5cu05e8%20%5cu05d1%5cu05ea%5cu05d0%5cu05e8%5cu05d9%5cu05da%2011-01-2020%5b%2fCOLOR%5d%5cn1889%3a%20the%20five%20remaining%20vampire%20clans%20in%20Europe%20are%20training%20to%20survive.%20In%20their%20midst%20is%2014-year-old%20Alisa%20who%20has%20the%20power%20to%20choose%20between%20eternal%20life%20as%20a%20vampire%20or%20for%20all%20vampires%20to%20live%20as%20humans.%22%2c%20%22OriginalTitle%22%3a%20%22Heirs%20of%20the%20Night%22%2c%20%22Tag%22%3a%20%2216%22%2c%20%22year%22%3a%20%222020%22%7d&quot"/>
</include>

<!--
<include content="baseepisods">
<param name="baseid" value="5"/>
<param name="labelname" value="סוכני שילד"/>
<param name="baseeipisod" value="500"/>
<param name="networkname" value="UNKNOWN"/>
<param name="networkcolor" value="gray"/>
<param name="notvisible" value="![control.hasfocus(6) | Container(35).HasFocus(2)]"/>
<param name="baseepisodcontent" value=""/>
</include>
-->


<!--tvshow1-->
<!--<include content="baseepisods">
<param name="baseid" value="6"/>
<param name="labelname" value="אהבה על הרצף"/>
<param name="baseeipisod" value="800"/>
<param name="networkname" value="Unknown"/>
<param name="networkcolor" value="red"/>
<param name="notvisible" value="![control.hasfocus(5) | Container(35).HasFocus(1)]"/>
<param name="baseepisodcontent" value="plugin://plugin.video.mando/?all_w=%7b%7d&amp;data=2019&amp;dates=%20&amp;description=%5bCOLOR%20aqua%5d%20%d7%a9%d7%95%d7%93%d7%a8%20%d7%91%d7%aa%d7%90%d7%a8%d7%99%d7%9a%2019-11-2019%5b%2fCOLOR%5d%0aSeven%20singles%20take%20their%20first%20steps%20into%20the%20world%20of%20dating%3b%20this%20uplifting%20four-part%20documentary%20follows%20young%20adults%20on%20the%20autism%20spectrum%20as%20they%20explore%20the%20unpredictable%20world%20of%20love%20and%20relationships.&amp;eng_name=%20&amp;episode=%20&amp;fanart=https%3a%2f%2fimage.tmdb.org%2ft%2fp%2foriginal%2f%2f4ZQBTq0WghXYgsJO6vKtKNw5aBU.jpg&amp;fav_status=false&amp;heb_name=%d7%90%d7%94%d7%91%d7%94%20%d7%a2%d7%9c%20%d7%94%d7%a8%d7%a6%d7%a3&amp;iconimage=https%3a%2f%2fimage.tmdb.org%2ft%2fp%2foriginal%2f%2fzMsuBnjsKDMUrAZ0Ey6Ux3bVtn7.jpg&amp;id=95730&amp;image_master&amp;isr=0&amp;last_id&amp;mode=19&amp;name=%5bCOLOR%20white%5d%d7%a2%d7%95%d7%a0%d7%94%201%5b%2fCOLOR%5d&amp;original_title=Love%20on%20the%20Spectrum&amp;season=1&amp;show_original_year=2019&amp;tmdbid=372611&amp;url=https%3a%2f%2fapi.themoviedb.org%2f3%2ftv%2f95730%3fapi_key%3d34142515d9d23817496eeb4ff1d223d0%26language%3den%26append_to_response%3dexternal_ids&amp;video_data=%7b%22rating%22%3a%20%220%22%2c%20%22episode%22%3a%200%2c%20%22title%22%3a%20%22%5bCOLOR%20white%5d%5cu05e2%5cu05d5%5cu05e0%5cu05d4%201%5b%2fCOLOR%5d%22%2c%20%22season%22%3a%200%2c%20%22TVshowtitle%22%3a%20%22%22%2c%20%22mediatype%22%3a%20%22movie%22%2c%20%22plot%22%3a%20%22%5bCOLOR%20aqua%5d%20%5cu05e9%5cu05d5%5cu05d3%5cu05e8%20%5cu05d1%5cu05ea%5cu05d0%5cu05e8%5cu05d9%5cu05da%2019-11-2019%5b%2fCOLOR%5d%5cnSeven%20singles%20take%20their%20first%20steps%20into%20the%20world%20of%20dating%3b%20this%20uplifting%20four-part%20documentary%20follows%20young%20adults%20on%20the%20autism%20spectrum%20as%20they%20explore%20the%20unpredictable%20world%20of%20love%20and%20relationships.%22%2c%20%22OriginalTitle%22%3a%20%22Love%20on%20the%20Spectrum%22%2c%20%22Tag%22%3a%20%2216%22%2c%20%22year%22%3a%20%222019%22%7d&quot"/>
</include>-->
</control>


<control type="group">
<control type="multiimage">
<posx>1635</posx>
<posy>850</posy>
<width>280</width>
<height>150</height>
<imagepath>https://i.imgur.com/C7KDiR8.png</imagepath>
</control>
</control>
<control type="list" id="35">
<posx>1600</posx>
<posy>800</posy>
<width>550</width>
<height>650</height>
<onright condition="Container(35).HasFocus(1)">Control.SetFocus(5)</onright>
<onright condition="Container(35).HasFocus(2)">Control.SetFocus(6)</onright>
<onleft condition="Container(35).HasFocus(1)">Control.SetFocus(5)</onleft>
<onleft condition="Container(35).HasFocus(2)">Control.SetFocus(6)</onleft>
<orientation>vertical</orientation>
<itemlayout width="150" height="340">
<control type="label">
<posx>180</posx>
<posy>100</posy>
<width>200</width>
<height>40</height>
<align>center</align>
<textcolor>white</textcolor>
<label>$INFO[ListItem.Label]</label>
</control>
<control type="label">
<posx>145</posx>
<posy>170</posy>
<width>200</width>
<height>40</height>
<align>center</align>
<textcolor>white</textcolor>
<label>$INFO[ListItem.Label2]</label>
</control>
</itemlayout>
<focusedlayout width="150" height="340">
<control type="label">
<animation condition="Control.HasFocus(35)" effect="fade" start="0" end="100" time="1100">Conditional</animation>
<posx>180</posx>
<posy>100</posy>
<width>150</width>
<height>40</height>
<align>center</align>
<textcolor>white</textcolor>
<label>[B]$INFO[ListItem.Label][/B]</label>
</control>
<control type="label">
<visible>!control.hasfocus(35)</visible>
<posx>145</posx>
<posy>170</posy>
<width>200</width>
<height>40</height>
<align>center</align>
<textcolor>white</textcolor>
<label>$INFO[ListItem.Label2]</label>
</control>
<control type="label">

<visible>control.hasfocus(35)</visible>
<posx>145</posx>
<posy>170</posy>
<width>200</width>
<height>40</height>
<align>center</align>
<textcolor>cyan</textcolor>
<label>$INFO[ListItem.Label2]</label>
</control>
</focusedlayout>
<content>
<item id="1">
<label>-1-</label>
<label2>יס-גו-מ.בדיוני</label2>
<onclick>Control.SetFocus(5)</onclick>
</item>

<!--<item id="2">
<label>-2-</label>
<label2>סדרות דוקו</label2>
<onclick>Control.SetFocus(6)</onclick>
</item>-->
</content>
</control>

</controls>
</window>
