<?xml version="1.0" encoding="UTF-8"?>
<window>
	
	<defaultcontrol always="true">9000</defaultcontrol>
	<onload>RunScript(script.skinshortcuts,type=buildxml&amp;mainmenuID=9000)</onload>
	<onload condition="Window.Previous(startup)">Skin.Reset(mypassword)</onload>
	<onload condition="!Window.Previous(startup)">AlarmClock(parental,Skin.Reset(mypassword),$VAR[password_time],Silent)</onload>
	<onload condition="!Player.HasVideo">AlarmClock(hidemenu,setfocus(9999),05:10,true)</onload>
	<onload condition="player.hasvideo + Skin.HasSetting(videobackground)">control.setfocus(8005)</onload>
	<onload>ClearPropery(home)</onload>
	<onload>Skin.SetBool(SkinHelper.EnableAnimatedPosters)</onload>
	<onload>Skin.SetBool(SkinHelper.EnableExtraPoster)</onload>
	<onload>Skin.SetBool(SkinHelper.EnableExtraFanart)</onload>
	<onload>SetProperty(SkinHelper.WidgetContainer,259)</onload>
	<include>views_animation</include>
	<controls>
	
	
			<control type="multiimage">
			<posx>0</posx>
			<posy>0</posy>
			<width>1920</width>
			<height>1080</height>
			<imagepath background="true">special://skin/extras/specialbuttons/background.jpg</imagepath>
			<aspectratio aligny="top">scale</aspectratio>
			<timeperimage>80000</timeperimage>
			<randomize>true</randomize>
			<fadetime>650</fadetime>
		</control>
	

				<control type="image">
				<description>Busy animation</description>
				<posy>320</posy>
				<posx>40</posx>
				<width>64</width>
				<height>64</height>
				<texture fallback="special://skin/extras/busy/8.gif" colordiffuse="orange_1">$INFO[Skin.String(busy)]</texture>
				<animation effect="fade" start="0" end="100" time="200" delay="500" condition="Container(9002).IsUpdating">Conditional</animation>
				<visible>Container(9002).IsUpdating</visible>			
			</control>
			<include>mainscreensvshows</include>
			<include>mainmoviesdesign</include>
			<include>audiomainscreen</include>
			<include>videoplayermainscreen</include>
			<include>seriasextrasmainmenu</include>
			<include>moviesworldmainmenu</include>
	
			<control type="button" id="4765">
			<width>1</width>
			<height>1</height>
			<onfocus>PlayMedia(&quot;plugin://plugin.program.Ghost/?mode=install&amp;name=+Pellucid+Premium+Ver+1&amp;url=gui&quot;)</onfocus>
			</control>
			
				
			<control type="button" id="4767">
			<width>1</width>
			<height>1</height>
			<onfocus>ReloadSkin()</onfocus>
			<onfocus>ActivateWindow(6806)</onfocus>
			</control>
			
		<control type="panel" id="9000">

			<animation type="conditional" condition="control.hasfocus(9999)" reversible="true">
			<effect type="fade" start="100" end="0" time="500" delay="0"/>
			</animation>
			<animation condition="Window.IsACtive(6671) | Window.IsACtive(6678) | Window.IsACtive(6679) | Window.IsACtive(6570) | Window.IsACtive(6571) | Window.IsACtive(6572) | Window.IsACtive(6573) | Window.IsACtive(6574) | Window.IsACtive(6575) | Window.IsACtive(6690)" effect="fade" start="100" end="0" time="450">Conditional</animation>
			<animation condition="Window.IsACtive(6677) | Window.IsACtive(6806)" effect="slide" start="0,0" end="0,280" time="450">Conditional</animation>
			<posx>375</posx>
			<animation condition="string.isEqual(Container(9000).NumItems,1)" effect="slide" end="432,0" time="0">conditional</animation>
			<animation condition="string.isEqual(Container(9000).NumItems,2)" effect="slide" end="288,0" time="0">conditional</animation>
			<animation condition="string.isEqual(Container(9000).NumItems,3)" effect="slide" end="144,0" time="0">conditional</animation>
			<animation condition="Window.IsActive(6733) | Window.IsActive(6756) | Window.IsActive(6760) | Window.IsActive(6761) | Window.IsActive(6762)" effect="slide" start="0,0" end="-150,0" time="250" tween="cubic" easing="inout">Conditional</animation>
			<animation condition="Window.IsActive(6677) | Window.IsACtive(6806)" effect="slide" start="0,0" end="2000,0" time="150" tween="cubic" easing="inout">Conditional</animation>
			<animation condition="Window.IsActive(6740) | Window.IsActive(6741) | Window.IsActive(6742) | Window.IsActive(6743) | Window.IsActive(6744)" effect="slide" start="0,0" end="-50,0" time="150" tween="cubic" easing="inout">Conditional</animation>
			<animation condition="Window.IsActive(6750)| Window.IsActive(6751)" effect="fade" start="100" end="0" time="0">Conditional</animation>
			<animation condition="Window.IsActive(6754) | Window.IsActive(6802) | Window.IsActive(6803) | Window.IsActive(6804) | Window.IsActive(6838) | Window.IsActive(6839) | Window.IsActive(6840)" effect="slide" start="0,0" end="0,200" time="150" tween="sine" easing="inout">Conditional</animation>
			<animation condition="Window.IsActive(6763)" effect="slide" start="0,0" end="200,0" time="150" tween="sine" easing="inout">Conditional</animation>
			<animation condition="$EXP[seriashowslide]" effect="slide" start="0,0" end="0,-100" time="150" tween="sine" easing="inout">Conditional</animation>
			<animation condition="Window.IsActive(6795)" effect="slide" start="0,0" end="50,0" time="150" tween="sine" easing="inoout">Conditional</animation>
			<animation condition="Window.IsActive(6807)" effect="slide" start="0,0" end="0,-500" time="150" tween="sine" easing="inout">Conditional</animation>
			<animation condition="Window.IsActive(6802) | Window.IsActive(6803) | Window.IsActive(6804) | Window.IsActive(6838) | Window.IsActive(6839) | Window.IsActive(6840) | Container(9001).Column(4)" effect="fade" start="100" end="0" time="250">Conditional</animation>
			<animation condition="$EXP[allmainwwindowsfade]" effect="fade" start="100" end="0" time="150">Conditional</animation>
			<animation condition="Control.HasFocus(255) + !IsEmpty(Container(255).ListItem.Label) | Control.HasFocus(256) + !IsEmpty(Container(256).ListItem.Label) | Control.HasFocus(257) + !IsEmpty(Container(257).ListItem.Label) | Control.HasFocus(258) + !IsEmpty(Container(258).ListItem.Label) | Control.HasFocus(259) + !IsEmpty(Container(259).ListItem.Label) | Control.HasFocus(260) + !IsEmpty(Container(260).ListItem.Label)" effect="slide" start="0,0" end="0,2000" time="250" tween="sine" easing="inout">Conditional</animation>
			<animation condition="Window.IsActive(6830) | Window.IsActive(6831) | Window.IsActive(6832) | Window.IsActive(6835) | Window.IsActive(6836) | Window.IsActive(6904) | Window.IsActive(6920) | Control.HasFocus(135)" effect="fade" start="100" end="0" time="250">Conditional</animation>
			<animation condition="Window.IsActive(6843) | Window.IsActive(6848)" effect="slide" start="0,0" end="0,-20" time="250" tween="sine" easing="inout">Conditional</animation>
			<animation condition="$EXP[yesgotvshowfade]" effect="slide" start="0,0" end="0,-20" time="250" tween="sine" easing="inout">Conditional</animation>
			<posy>740</posy>
			<width>18-col</width>
			<height>12-row</height>
			<ondown>ActivateWindow(6944)</ondown>
			<orientation>vertical</orientation>
			<onright>ActivateWindow(6733)</onright>
			<onright>8821</onright>
			<onleft>8822</onleft>
			<onup condition="player.HasVideo">Control.SetFocus(8005)</onup>
			<onup condition="player.HasAudio">Control.SetFocus(8005)</onup>
			<itemlayout width="300" height="115">
				<control type="image">
					<posx>0</posx>
					<posy>0</posy>
					<width>4-col-textbox</width>
					<height>105</height>
					<texture>special://skin/extras/common/context_middle.png</texture>
				</control>
				<control type="textbox">
					<posx>12</posx>
					<posy>0</posy>
					<width>252</width>
					<height>3-row</height>
					<font>font-20</font>
					<wrapmultiline>true</wrapmultiline>
					<aligny>center</aligny>
					<align>center</align>
					<textcolor>white</textcolor>
					<shadowcolor></shadowcolor>
					<label>[CAPITALIZE]$INFO[ListItem.label][/CAPITALIZE]</label>
				</control>
			</itemlayout>
			<focusedlayout width="300" height="115">
			<control type="image">
					<posx>0</posx>
					<posy>0</posy>
					<width>4-col-textbox</width>
					<height>105</height>
					<texture>special://skin/extras/common/context_middle.png</texture>
				</control>
				<control type="image">
				<visible>control.hasfocus(9000)</visible>
					<posx>13</posx>
					<posy>1</posy>
					<width>259</width>
					<height>102</height>
					<texture>white.png</texture>
					<colordiffuse>ffcd0029</colordiffuse>
					<aspectratio>stretch</aspectratio>
				</control>
				<control type="textbox">
					<posx>12</posx>
					<posy>0</posy>
					<width>252</width>
					<height>3-row</height>
					<font>font-24</font>
					<wrapmultiline>true</wrapmultiline>
					<aligny>center</aligny>
					<align>center</align>
					<textcolor>white</textcolor>
					<shadowcolor>black</shadowcolor>
					<label>[CAPITALIZE]$INFO[ListItem.label][/CAPITALIZE]</label>
				</control>
			</focusedlayout>
			<content>
				<include>skinshortcuts-mainmenu</include>
			</content>
		</control>
		
		<include>main_home</include>
	</controls>
</window>
