<?xml version="1.0" encoding="UTF-8"?>

<includes>


<include name="seriasextrasmainmenu">
			<control type="group">
			<animation condition="Window.IsActive(6722) | Window.IsActive(6794) | Window.IsActive(6686) | Window.IsActive(6740) | Window.IsActive(6741) | Window.IsActive(6742) | Window.IsActive(6743) | Window.IsActive(6680) | Window.IsActive(6671) | Window.IsActive(6571) | Window.IsActive(6572) | Window.IsActive(6573) | Window.IsActive(6574) | Window.IsActive(6575) | Window.IsActive(6678) | Window.IsActive(6680) | Window.IsActive(6690) | Window.IsActive(6755) | Window.IsActive(6774) | Window.IsActive(6754) | Window.IsActive(6756) | Window.IsActive(6750) | Window.IsActive(6751) | Window.IsActive(6758) | Window.IsActive(6683) | Window.IsActive(6683) | Window.IsActive(6838) | Window.IsActive(6802) | Window.IsActive(6803) | Window.IsActive(6804) | Window.IsActive(6681) | Window.IsActive(6839) | Window.IsActive(6840) | Window.IsActive(6852) | Window.IsActive(6900)" effect="slide" start="0,0" end="500,0" time="150" tween="sine" easing="inout">Conditional</animation>
			<animation condition="$EXP[allmainwwindowsfade]" effect="fade" start="100" end="0" time="150">Conditional</animation>
			<animation condition="Window.IsActive(6830)" effect="slide" start="0,0" end="100,0" time="250" tween="sine" easing="inout">Conditional</animation>
			<animation condition="Window.IsActive(6843) | Window.IsActive(6848)" effect="slide" start="0,0" end="0,-20" time="250" tween="sine" easing="inout">Conditional</animation>
			<animation condition="$EXP[yesgotvshowfade]" effect="slide" start="0,0" end="0,-20" time="250" tween="sine" easing="inout">Conditional</animation>
			<control type="list" id="8821">

			<posx>1635</posx>
			<posy>705</posy>
			<width>18-col</width>
			<height>375</height>
			<ondown>9012</ondown>
			<onup>9012</onup>
			<onleft>9000</onleft>
			<orientation>vertical</orientation>
			<scrolltime tweeb="cubic" easing="inout">450</scrolltime>
			<itemlayout width="4-col" height="115">
				<control type="image">
					<posx>0</posx>
					<posy>35</posy>
					<width>4-col-textbox</width>
					<height>105</height>
					<texture>special://skin/extras/common/context_middle.png</texture>
				</control>
				<control type="label">
					<posx>15</posx>
					<posy>0</posy>
					<width>252</width>
					<height>3-row</height>
					<wrapmultiline>true</wrapmultiline>
					<aligny>center</aligny>
					<align>center</align>
					<textcolor>white</textcolor>
					<shadowcolor></shadowcolor>
					<label>[B][CAPITALIZE]$INFO[ListItem.label][/CAPITALIZE][/B]</label>
				</control>
				<control type="textbox">
					<posx>35</posx>
					<posy>55</posy>
					<width>222</width>
					<height>3-row</height>
					<wrapmultiline>true</wrapmultiline>
					<aligny>center</aligny>
					<align>center</align>
					<font>font-16</font>
					<textcolor>white</textcolor>
					<shadowcolor></shadowcolor>
					<label>[CAPITALIZE]$INFO[ListItem.label2][/CAPITALIZE]</label>
				</control>
			</itemlayout>
			<focusedlayout width="4-col" height="115">
			<control type="image">
					<posx>0</posx>
					<posy>35</posy>
					<width>4-col-textbox</width>
					<height>105</height>
					<texture>special://skin/extras/common/context_middle.png</texture>
				</control>
				<control type="image">
				<visible>Control.HasFocus(8821)</visible>
					<posx>15</posx>
					<posy>35</posy>
					<width>255</width>
					<height>105</height>
					<texture>white.png</texture>
					<colordiffuse>purple</colordiffuse>
					<aspectratio>stretch</aspectratio>
				</control>
				<control type="label">
					<posx>15</posx>
					<posy>0</posy>
					<width>252</width>
					<height>3-row</height>
					<wrapmultiline>true</wrapmultiline>
					<aligny>center</aligny>
					<align>center</align>
					<textcolor>white</textcolor>
					<shadowcolor>black</shadowcolor>
					<label>[B][CAPITALIZE]$INFO[ListItem.label][/CAPITALIZE][/B]</label>
				</control>
				<control type="textbox">
					<posx>35</posx>
					<posy>55</posy>
					<width>222</width>
					<height>100</height>
					<wrapmultiline>true</wrapmultiline>
					<aligny>center</aligny>
					<align>center</align>
					<font>font-16</font>
					<textcolor>yellow</textcolor>
					<shadowcolor></shadowcolor>
					<label>[CAPITALIZE]$INFO[ListItem.label2][/CAPITALIZE]</label>
				</control>
			</focusedlayout>
			<content>
			<item>
				<label>עולם הסדרות</label>
				<label2>[COLOR deepskyblue]עולם הפרקים האחרונים[/COLOR]</label2>
				<onclick>ActivateWindow(6677)</onclick>
				</item>
		<!--	<item>
				<label>עולם הסדרות</label>
				<label2>[COLOR deepskyblue]כתוביות אחרונות לסדרות[/COLOR]</label2>
				<onclick>ActivateWindow(6825)</onclick>
				</item>-->
			<item>
				<label>עולם הסדרות</label>
				<label2>[COLOR deepskyblue]סדרות לפי ז'אנרים[/COLOR]</label2>
				<onclick>ActivateWindow(6829)</onclick>
				</item>
				<item>
				<label>סדרות</label>
				<label2>[COLOR deepskyblue]YES-GO DESIGN[/COLOR]</label2>
				<onclick>ActivateWindow(6852)</onclick>
				</item>
				<item>
				<label>סדרות</label>
				<label2>[COLOR cyan]עיצוב חדשני[/COLOR]</label2>
				<onclick>ActivateWindow(6900)</onclick>
				</item>
			</content>
		</control>
		</control>
		</include>


<include name="moviesworldmainmenu">
			<control type="group">
			<animation condition="Window.IsActive(6722) | Window.IsActive(6794) | Window.IsActive(6795) | Window.IsActive(6684) | Window.IsActive(6689) | Window.IsActive(6671) | Window.IsActive(6571) | Window.IsActive(6572) | Window.IsActive(6573) | Window.IsActive(6574) | Window.IsActive(6575) | Window.IsActive(6678) | Window.IsActive(6690) | Window.IsActive(6774) | Window.IsActive(6754) | Window.IsActive(6756) | Window.IsActive(6750) | Window.IsActive(6751) | Window.IsActive(6758) | Window.IsActive(6802) | Window.IsActive(6803) | Window.IsActive(6838) | Window.IsActive(6804) | Window.IsActive(6834) | Window.IsActive(6839) | Window.IsActive(6840) | Window.IsActive(6844)" effect="slide" start="0,0" end="-500,0" time="150" tween="sine" easing="inout">Conditional</animation>
			<animation condition="Window.IsActive(6710) | Window.IsActive(6670) | Window.IsActive(6672) | Window.IsActive(6673) | Window.IsActive(6674) | Window.IsActive(6669) | Window.IsActive(6691) | Window.IsActive(6711) | Window.IsActive(6699) | Window.IsActive(6700) | Window.IsActive(6701) | Window.IsActive(6714) | Window.IsActive(6713) | Window.IsActive(6715) | Window.IsActive(6716) | Window.IsActive(6717) | Window.IsActive(6718) | Window.IsActive(6719) | Window.IsActive(6682) | Window.IsActive(6727) | Window.IsActive(6746)" effect="slide" start="0,0" end="-500,0" time="150" tween="sine" easing="inout">Conditional</animation>
			<animation condition="$EXP[allmainwwindowsfade]" effect="fade" start="100" end="0" time="150">Conditional</animation>
						<animation condition="Window.IsActive(6830)" effect="slide" start="0,0" end="-120,0" time="250" tween="sine" easing="inout">Conditional</animation>
						<animation condition="Window.IsActive(6843) | Window.IsActive(6848)" effect="slide" start="0,0" end="0,-20" time="250" tween="sine" easing="inout">Conditional</animation>
						<animation condition="$EXP[yesgotvshowfade]" effect="slide" start="0,0" end="0,-20" time="250" tween="sine" easing="inout">Conditional</animation>
			<control type="list" id="8822">
			<posx>0</posx>
			<posy>720</posy>
			<width>18-col</width>
			<height>365</height>
			<ondown>9012</ondown>
			<onup>9012</onup>
			<onright>9000</onright>
			<orientation>vertical</orientation>
			<scrolltime tweeb="cubic" easing="inout">450</scrolltime>
			<itemlayout width="4-col" height="115">
				<control type="image">
					<posx>0</posx>
					<posy>20</posy>
					<width>4-col-textbox</width>
					<height>105</height>
					<texture>special://skin/extras/common/context_middle.png</texture>
				</control>
				<control type="textbox">
					<posx>20</posx>
					<posy>0</posy>
					<width>252</width>
					<height>3-row</height>
					<wrapmultiline>true</wrapmultiline>
					<aligny>center</aligny>
					<align>center</align>
					<textcolor>white</textcolor>
					<shadowcolor></shadowcolor>
					<label>[B][CAPITALIZE]$INFO[ListItem.label][/CAPITALIZE][/B]</label>
				</control>
				<control type="textbox">
					<posx>10</posx>
					<posy>40</posy>
					<width>262</width>
					<height>3-row</height>
					<wrapmultiline>true</wrapmultiline>
					<aligny>center</aligny>
					<align>center</align>
					<font>font-16</font>
					<textcolor>yellow</textcolor>
					<shadowcolor>black</shadowcolor>
					<label>[CAPITALIZE]$INFO[ListItem.label2][/CAPITALIZE]</label>
				</control>
			</itemlayout>
			<focusedlayout width="4-col" height="115">
					<control type="image">
					<posx>0</posx>
					<posy>20</posy>
					<width>4-col-textbox</width>
					<height>105</height>
					<texture>special://skin/extras/common/context_middle.png</texture>
				</control>
				<control type="image">
				<visible>Control.HasFocus(8822)</visible>
					<posx>15</posx>
					<posy>20</posy>
					<width>255</width>
					<height>105</height>
					<texture>white.png</texture>
					<colordiffuse>purple</colordiffuse>
					<aspectratio>stretch</aspectratio>
				</control>
				<control type="textbox">
					<posx>20</posx>
					<posy>0</posy>
					<width>252</width>
					<height>3-row</height>
					<wrapmultiline>true</wrapmultiline>
					<aligny>center</aligny>
					<align>center</align>
					<textcolor>white</textcolor>
					<shadowcolor>black</shadowcolor>
					<label>[B][CAPITALIZE]$INFO[ListItem.label][/CAPITALIZE][/B]</label>
				</control>
				<control type="textbox">
					<posx>10</posx>
					<posy>40</posy>
					<width>262</width>
					<height>3-row</height>
					<wrapmultiline>true</wrapmultiline>
					<aligny>center</aligny>
					<align>center</align>
					<font>font-16</font>
					<textcolor>yellow</textcolor>
					<shadowcolor>black</shadowcolor>
					<label>[CAPITALIZE]$INFO[ListItem.label2][/CAPITALIZE]</label>
				</control>
			</focusedlayout>
			<content>
		<!--	<item>
			<label>עולם הסרטים</label>
				<label2>[COLOR deepskyblue]עולם הסרטים והמדיה[/COLOR]</label2>
				<onclick>Dialog.Close(6806)</onclick>
				<onclick>ActivateWindow(6806)</onclick>
				</item>-->
			<item>
				<label>סרטים</label>
				<shadowcolor>black</shadowcolor>
				<label2>[B][COLOR deepskyblue]תפריט סרטים ישנים וחדשים[/COLOR][/B]</label2>
				<onclick>Dialog.Close(6681)</onclick>
				<onclick>ActivateWindow(6831)</onclick>
				</item>
			<item>
				<label>סרטים</label>
				<label2>[COLOR deepskyblue]YES GO DESIGN[/COLOR]</label2>
				<onclick>Dialog.Close(6681)</onclick>
				<onclick>ActivateWindow(6850)</onclick>
				</item>
			<item>
				<label>סרטים אחרונים</label>
				<label2>[COLOR deepskyblue]YES GO DESIGN[/COLOR]</label2>
				<onclick>Dialog.Close(6681)</onclick>
				<onclick>ActivateWindow(6851)</onclick>
				</item>
			<item>
				<label>RD סרטים</label>
				<label2>[COLOR deepskyblue]YES GO DESIGN[/COLOR]</label2>
				<onclick>Dialog.Close(6681)</onclick>
				<onclick>ActivateWindow(6861)</onclick>
				</item>
			<item>
				<label>מכרה סרטים</label>
				<label2>[COLOR deepskyblue]סרטים 1-18[/COLOR]</label2>
				<onclick>Dialog.Close(6681)</onclick>
				<onclick>ActivateWindow(6904)</onclick>
				</item>
		<!--	<item>
				<label>המלצות סרטים</label>
				<label2>[COLOR deepskyblue]המלצות סרטי חול[/COLOR]</label2>
				<onclick>Dialog.Close(6781)</onclick>
				<onclick>ActivateWindow(6760)</onclick>
				</item>-->
			<item>
				<label>המלצות סרטים</label>
				<label2>[COLOR deepskyblue]סרטי טבע ודוקו[/COLOR]</label2>
				<onclick>Dialog.Close(6781)</onclick>
				<onclick>ActivateWindow(6761)</onclick>
				</item>
		<!--	<item>
				<label>סרטים</label>
				<label2>[COLOR deepskyblue]המלצות סרטים ישראלי[/COLOR]</label2>
				<onclick>Dialog.Close(6781)</onclick>
				<onclick>ActivateWindow(6762)</onclick>
				</item>-->
	<!--		<item>
				<label>סרטים</label>
				<label2>[CR][COLOR red]נטפליקס עיצוב חדשני[/COLOR]</label2>
				<onclick>Dialog.Close(6681)</onclick>
				<onclick>ActivateWindow(6833)</onclick>
				</item>-->
			<item>
				<label>סרטים</label>
				<label2>סגנון נטפליקס</label2>
				<onclick>Dialog.Close(6681)</onclick>
				<onclick>ActivateWindow(6710)</onclick>
				</item>
			<item>
				<label>סרטים</label>
				<label2>עיצוב מתקדם</label2>
				<onclick>Dialog.Close(6681)</onclick>
				<onclick>ActivateWindow(6711)</onclick>
				</item>
			<item>
				<label>סרטים</label>
				<label2>עיצוב חדשני</label2>
				<onclick>Dialog.Close(6681)</onclick>
				<onclick>ActivateWindow(6714)</onclick>
				</item>
		<!--	<item>
				<label>סרטים</label>
				<label2>RD סרטים</label2>
				<onclick>Dialog.Close(6681)</onclick>
				<onclick>ActivateWindow(6691)</onclick>
				</item>-->
		<!--	<item>
				<label>סרטים</label>
				<label2>סרטים ישראלים</label2>
				<onclick>Dialog.Close(6681)</onclick>
				<onclick>ActivateWindow(6676)</onclick>
				</item>-->
		<!--	<item>
				<label>סרטים</label>
				<label2>סרטים דוקומנטרים</label2>
				<onclick>Dialog.Close(6681)</onclick>
				<onclick>ActivateWindow(6726)</onclick>
				</item>-->
			</content>
		</control>
		</control>
		</include>

</includes>
