<?xml version="1.0" encoding="UTF-8"?>

<includes>



<include name="newepisodesdesign">
<definition>
<control type="group">
<animation effect="fade" time="450">VisibleChange</animation>
<visible>StringCompare(Skin.String(Section),$PARAM[bgstringcompare])</visible>
<control type="multiimage">
<posx>0</posx>
<posy>0</posy>
<width>1920</width>
<height>1080</height>
<fadetime>350</fadetime>
<imagepath>$PARAM[fanartid]</imagepath>
</control>
<control type="image">
<posx>0</posx>
<posy>300</posy>
<width>1920</width>
<height>500</height>
<bordertexture colordiffuse="gray">white.png</bordertexture>
<bordersize>2</bordersize>
<texture colordiffuse="black">white.png</texture>
</control>
</control>

<control type="group">
<posy>300</posy>
<visible>StringCompare(Skin.String(Section),$PARAM[stringcompare])</visible>
<control type="image">
<visible>Integer.IsGreater(Container($PARAM[epissodesmonnt]).NumItems,0)</visible>
<posx>0</posx>
<posy>$PARAM[epissodedbgposy]</posy>
<width>1920</width>
<height>50</height>
<bordertexture colordiffuse="gray">white.png</bordertexture>
<bordersize>2</bordersize>
<texture colordiffuse="black">white.png</texture>
</control>
<control type="multiimage">
<posx>1600</posx>
<posy>20</posy>
<width>300</width>
<height>450</height>
<fadetime>250</fadetime>
<imagepath>$PARAM[posterid]</imagepath>
</control>
<control type="textbox">
<posx>550</posx>
<posy>300</posy>
<width>1000</width>
<height>165</height>
<align>right</align>
<autoscroll fade="2550" time="4550" repeat="4000"></autoscroll>
<label>$PARAM[plotid]</label>
</control>
<control type="label">
<posx>1550</posx>
<posy>0</posy>
<width>1150</width>
<height>50</height>
<align>right</align>
<font>font-21-power</font>
<label>$PARAM[labelname]</label>
</control>
<posy>-50</posy>
<control type="label">
<posx>1550</posx>
<posy>125</posy>
<width>800</width>
<height>50</height>
<align>right</align>
<label>[COLOR gray][I]$PARAM[genreid][/COLOR][/I] סגנון:  </label>
</control>
<control type="label">
<posx>1550</posx>
<posy>165</posy>
<width>800</width>
<height>50</height>
<align>right</align>
<label>[COLOR gray][I]$PARAM[yearid][/COLOR][/I] שנה:  </label>
</control>
<control type="label">
<posx>1550</posx>
<posy>205</posy>
<width>800</width>
<height>50</height>
<align>right</align>
<label>[COLOR gray][I]$INFO[Container($PARAM[stringid]).NumItems][/COLOR][/I] כמות הפרקים  </label>
</control>
<control type="label">
<visible>$PARAM[visibleid]</visible>
<posx>1545</posx>
<posy>245</posy>
<width>800</width>
<height>50</height>
<align>right</align>
<label>[COLOR yellow]$PARAM[seesionumber][/COLOR] עונה: </label>
</control>
<control type="label">
<animation condition="!Integer.IsGreater(Container$PARAM[stringid].NumItems,0)" effect="fade" start="0" end="100" time="1100" pulse="true">Conditioanl</animation>
<visible>!Integer.IsGreater(Container($PARAM[stringid]).NumItems,0)</visible>
<posx>400</posx>
<posy>200</posy>
<width>1000</width>
<height>100</height>
<font>font-21-power</font>
<label>טוען תוכן נא להמתין......</label>
</control>
<control type="list" id="$PARAM[stringid]">
<posx>10</posx>
<posy>$PARAM[epissodesposy]</posy>
<width>1920</width>
<height>50</height>
<onback>2164</onback>
<ondown>$PARAM[ondown]</ondown>
<onup>$PARAM[onup]</onup>
<orientation>horizontal</orientation>
<onclick condition="Control.HasFocus($PARAM[actioninfo])">Action(info)</onclick>
<itemlayout width="150" height="45">
<control type="label">
<posx>0</posx>
<posy>5</posy>
<width>150</width>
<height>40</height>
<align>center</align>
<textcolor>white</textcolor>
<label>$INFO[ListItem.Label]</label>
</control>
</itemlayout>
<focusedlayout width="150" height="45">
<control type="image">
<visible>Control.HasFocus($PARAM[stringid])</visible>
<posx>0</posx>
<posy>10</posy>
<width>150</width>
<height>37</height>
<texture colordiffuse="gray">white.png</texture>
</control>
<control type="label">
<posx>0</posx>
<posy>5</posy>
<width>150</width>
<height>40</height>
<align>center</align>
<textcolor>yellow</textcolor>
<label>[B]$INFO[ListItem.Label][/B]</label>
</control>
<control type="image">
<visible>Control.HasFocus($PARAM[stringid])</visible>
<posx>0</posx>
<posy>10</posy>
<width>150</width>
<height>40</height>
<texture>special://skin/extras/views/default_button_fo.png</texture>
</control>
</focusedlayout>
<content>$PARAM[epissodescontents]</content>
</control>
</control>
</definition>
</include>


</includes>
