<?xml version="1.0" encoding="UTF-8"?>
<includes>
 
 

<include name="extramovieswidgets">
<definition>
<control type="group">
<animation effect="fade" time="650">VisibleChange</animation>
<visible>StringCompare(Skin.String(Section),$PARAM[compareid])</visible>
	<control type="image">
	<posx>235</posx>
	<posy>20</posy>
	<width>2</width>
	<height>1100</height>
	<texture colordiffuse="gray">special://skin/extras/views/gradient_seperator.png</texture>
	</control>
	
	<control type="image">
	<posx>-20</posx>
	<posy>-40</posy>
	<width>250</width>
	<height>140</height>
	<texture colordiffuse="red">special://skin/extras/netflix.png</texture>
	</control>
	
	<control type="group">
	<posx>1750</posx>
	<animation condition="!Integer.IsGreater(Container($PARAM[stringid]).NumItems,0)" effect="fade" start="0" end="100" time="1100" pulse="true">Conditional</animation>
	<visible>!Integer.IsGreater(Container($PARAM[stringid]).NumItems,0)</visible>
	<control type="image">
	<posx>0</posx>
	<posy>-40</posy>
	<width>180</width>
	<height>120</height>
	<texture colordiffuse="red">special://skin/extras/netflix.png</texture>
	</control>
	<control type="label">
	<posx>50</posx>
	<posy>50</posy>
	<width>400</width>
	<height>40</height>
	<label>טוען...</label>
	</control>
	</control>
	
	<control type="group">
	<animation effect="fade" time="350">VisibleChange</animation>
	<visible>$PARAM[infoidfocus]</visible>
	<visible>$PARAM[infoidnofocus]</visible>
<control type="multiimage">
<posx>600</posx>
<posy>0</posy>
<width>1300</width>
<height>600</height>
<fadetime>650</fadetime>
<imagepath diffuse="special://skin/extras/overlay/right_corner.png">$INFO[Container($PARAM[stringid]).Listitem.Art(fanart)]</imagepath>
</control>

<control type="image">
<posx>1400</posx>
<posy>700</posy>
<width>500</width>
<height>250</height>
<texture>$PARAM[logo]</texture>
</control>
<control type="image">
<animation effect="fade" time="450">VisibleChange</animation>
<posx>625</posx>
<posy>87</posy>
<width>120</width>
<height>60</height>
<texture>special://skin/extras/kids/dubbed.png</texture>
<visible>String.Contains(Container($PARAM[stringid]).ListItem.Label,מדובב) | String.Contains(Container($PARAM[stringid]).ListItem.Plot,מדובב) | String.Contains(Container($PARAM[stringid]).ListItem.Label,HebDub) | String.Contains(Container($PARAM[stringid]).ListItem.Plot,HebDub)</visible>
</control>
<control type="image">
<animation effect="fade" time="450">VisibleChange</animation>
<animation condition="!String.Contains(Container($PARAM[stringid]).ListItem.Label,מדובב) + !String.Contains(Container($PARAM[stringid]).ListItem.Plot,מדובב)" effect="slide" start="0,0" end="-50,0" time="250" tween="back" easing="inout">Conditional</animation>
<posx>755</posx>
<posy>95</posy>
<width>45</width>
<height>45</height>
<visible>String.IsEqual(Container($PARAM[stringid]).ListItem.Year,2020)</visible>
<texture>special://skin/extras/new-badge-3-512.png</texture>
</control>
<control type="label">
<animation effect="fade" time="650">VisibleChange</animation>
<posx>255</posx>
<posy>-10</posy>
<width>800</width>
<height>80</height>
<align>left</align>
<textcolor>white</textcolor>
<font>font-21-power</font>
<label>$INFO[Container($PARAM[stringid]).ListItem.Label]</label>
</control>

<control type="textbox">
<animation effect="fade" time="650">VisibleChange</animation>
<posx>0</posx>
<posy>620</posy>
<width>1000</width>
<height>230</height>
<align>right</align>
<textcolor>white</textcolor>
<font>small-bold-next-page</font>
<autoscroll time="2500" fade="2500"></autoscroll>
<label>$PARAM[freetext]</label>
</control>

<control type="textbox">
<posx>255</posx>
<posy>155</posy>
<width>650</width>
<height>225</height>
<label>$INFO[Container($PARAM[stringid]).ListItem.Plot]</label>
<textcolor>white</textcolor>
<align>left</align>
<font>small</font>
<autoscroll time="2500" fade="3000" repeat="4000"></autoscroll>
</control>
<control type="image" id="10">
<posx>410</posx>
<posy>-840</posy>
<description>Yes button</description>
<width>200</width>
<texture fallback="special://skin/extras/flags/stars/0.0.png" colordiffuse="FFFF0000">$INFO[Container($PARAM[stringid]).ListItem.Rating,special://skin/extras/flags/stars/,.png]</texture>
<aspectratio>keep</aspectratio>
</control>
<control type="label">
<posx>325</posx>
<posy>400</posy>
<width>800</width>
<height>40</height>
<align>left</align>
<textcolor>gray</textcolor>
<font>small</font>
<label>[I]$INFO[Container($PARAM[stringid]).ListItem.Genre][/I]</label>
</control>
<control type="image">
<visible>!String.IsEmpty(Container($PARAM[stringid]).ListItem.Genre)</visible>
<posx>255</posx>
<posy>400</posy>
<width>45</width>
<height>45</height>
<texture colordiffuse="red">special://skin/extras/genre.png</texture>
</control>
</control>
<control type="fixedlist" id="$PARAM[stringid]">
<posx>$PARAM[widgetposx]</posx>
<posy>$PARAM[widgetposy]</posy>
<ondown>$PARAM[stringondown]</ondown>
<onup>$PARAM[stringonup]</onup>
<width>1750</width>
<height>550</height>
<onback>2164</onback>
<scrolltime effect="cubic" easing="out">450</scrolltime>
<orientation>horizontal</orientation>
		<itemlayout height="525" width="430">
			<control type="group">

				<top>30</top>
				<animation effect="fade" time="0" delay="800">Visible</animation>
				<control type="group">
					<control type="image">
						<texture background="true">$INFO[ListItem.Art(fanart)]</texture>
						<left>0</left>
						<top>-10</top>
						<width>420</width>
						<height>220</height>
					</control>

										<control type="image">
										<posx>0</posx>
										<posy>140</posy>
										<width>420</width>
										<height>70</height>
										<texture>black.png</texture>
										<colordiffuse>77000000</colordiffuse>
										</control>
										<control type="label">
										<posx>75</posx>
										<posy>135</posy>
										<width>340</width>
										<height>40</height>
										<align>right</align>
										<font>font-20</font>
										<label>$INFO[ListItem.Label][CR]$INFO[ListItem.Year , (,)]</label>
										</control>
				</control>
				</control>
		</itemlayout>
		<focusedlayout height="525" width="430">
			<control type="group">
				<top>30</top>
				<animation effect="fade" time="0" delay="800">Visible</animation>
				<control type="group">
					<control type="image">
						<animation effect="rotatey" center="auto" start="0" end="360" delay="3500" time="450" pulse="true" reversible="true">Focus</animation>
						<texture background="true">$INFO[ListItem.Art(fanart)]</texture>
						<left>0</left>
						<top>-10</top>
						<width>420</width>
						<height>220</height>
					</control>

								    	<control type="image">
										<posx>0</posx>
										<posy>140</posy>
										<width>420</width>
										<height>70</height>
										<texture>black.png</texture>
										<colordiffuse>77000000</colordiffuse>
										</control>
										<control type="label">
										<posx>75</posx>
										<posy>135</posy>
										<width>340</width>
										<height>40</height>
										<align>right</align>
										<font>font-20</font>
										<label>$INFO[ListItem.Label][CR]$INFO[ListItem.Year , (,)]</label>
										</control>
				</control>
			</control>
		</focusedlayout>
<content sortby="$PARAM[contentdateadded]" sortorder="$PARAM[contentdescending]">$PARAM[content]</content>
</control>

<control type="image">
<posx>$PARAM[focusposx]</posx>
<posy>$PARAM[focusposy]</posy>
<visible>Control.HasFocus($PARAM[stringid])</visible>
<width>420</width>
<height>230</height>
<texture border="8,8,8,8">special://skin/extras/views/default_button_fo.png</texture>
</control>

  <control type="group">
	<visible>$PARAM[infoidfocus]</visible>
	<visible>$PARAM[infoidnofocus]</visible>
  <posx>255</posx>
  <posy>100</posy>
  	<control type="label">
	<visible>Integer.IsEqual(Container($PARAM[stringid]).ListItem.Rating,3) | Integer.IsEqual(Container($PARAM[stringid]).ListItem.Rating,3.1) | Integer.IsEqual(Container($PARAM[stringid]).ListItem.Rating,3.2) | Integer.IsEqual(Container($PARAM[stringid]).ListItem.Rating,3.3) | Integer.IsEqual(Container($PARAM[stringid]).ListItem.Rating,3.4) | Integer.IsEqual(Container($PARAM[stringid]).ListItem.Rating,3.5) | Integer.IsEqual(Container($PARAM[stringid]).ListItem.Rating,3.6) | Integer.IsEqual(Container($PARAM[stringid]).ListItem.Rating,3.7) | Integer.IsEqual(Container($PARAM[stringid]).ListItem.Rating,3.8) | Integer.IsEqual(Container($PARAM[stringid]).ListItem.Rating,3.9)</visible>
	<posx>0</posx>
	<posy>0</posy>
	<width>200</width>
	<height>30</height>
	<textcolor>green</textcolor>
	<font>Font-Header-Bold-label</font>
	<label>[B]אהבו 30%[/B]</label>
	</control>
	<control type="label">
	<visible>Integer.IsEqual(Container($PARAM[stringid]).ListItem.Rating,4) | Integer.IsEqual(Container($PARAM[stringid]).ListItem.Rating,4.1) | Integer.IsEqual(Container($PARAM[stringid]).ListItem.Rating,4.2) | Integer.IsEqual(Container($PARAM[stringid]).ListItem.Rating,4.3) | Integer.IsEqual(Container($PARAM[stringid]).ListItem.Rating,4.4) | Integer.IsEqual(Container($PARAM[stringid]).ListItem.Rating,4.5) | Integer.IsEqual(Container($PARAM[stringid]).ListItem.Rating,4.6) | Integer.IsEqual(Container($PARAM[stringid]).ListItem.Rating,4.7) | Integer.IsEqual(Container($PARAM[stringid]).ListItem.Rating,4.8) | Integer.IsEqual(Container($PARAM[stringid]).ListItem.Rating,4.9)</visible>
	<posx>0</posx>
	<posy>0</posy>
	<width>200</width>
	<height>30</height>
	<textcolor>green</textcolor>
	<font>Font-Header-Bold-label</font>
	<label>[B]אהבו 40%[/B]</label>
	</control>
	<control type="label">
	<visible>Integer.IsEqual(Container($PARAM[stringid]).ListItem.Rating,5) | Integer.IsEqual(Container($PARAM[stringid]).ListItem.Rating,5.1) | Integer.IsEqual(Container($PARAM[stringid]).ListItem.Rating,5.2) | Integer.IsEqual(Container($PARAM[stringid]).ListItem.Rating,5.3) | Integer.IsEqual(Container($PARAM[stringid]).ListItem.Rating,5.4) | Integer.IsEqual(Container($PARAM[stringid]).ListItem.Rating,5.5) | Integer.IsEqual(Container($PARAM[stringid]).ListItem.Rating,5.6) | Integer.IsEqual(Container($PARAM[stringid]).ListItem.Rating,5.7) | Integer.IsEqual(Container($PARAM[stringid]).ListItem.Rating,5.8) | Integer.IsEqual(Container($PARAM[stringid]).ListItem.Rating,5.9)</visible>
	<posx>0</posx>
	<posy>0</posy>
	<width>200</width>
	<height>30</height>
	<textcolor>green</textcolor>
	<font>Font-Header-Bold-label</font>
	<label>[B]אהבו 50%[/B]</label>
	</control>
	<control type="label">
	<visible>Integer.IsEqual(Container($PARAM[stringid]).ListItem.Rating,6) | Integer.IsEqual(Container($PARAM[stringid]).ListItem.Rating,6.1) | Integer.IsEqual(Container($PARAM[stringid]).ListItem.Rating,6.2) | Integer.IsEqual(Container($PARAM[stringid]).ListItem.Rating,6.3) | Integer.IsEqual(Container($PARAM[stringid]).ListItem.Rating,6.4) | Integer.IsEqual(Container($PARAM[stringid]).ListItem.Rating,6.5) | Integer.IsEqual(Container($PARAM[stringid]).ListItem.Rating,6.6) | Integer.IsEqual(Container($PARAM[stringid]).ListItem.Rating,6.7) | Integer.IsEqual(Container($PARAM[stringid]).ListItem.Rating,6.8) | Integer.IsEqual(Container($PARAM[stringid]).ListItem.Rating,6.9)</visible>
	<posx>0</posx>
	<posy>0</posy>
	<width>200</width>
	<height>30</height>
	<textcolor>green</textcolor>
	<font>Font-Header-Bold-label</font>
	<label>[B]אהבו 60%[/B]</label>
	</control>
	<control type="label">
	<visible>Integer.IsEqual(Container($PARAM[stringid]).ListItem.Rating,7) | Integer.IsEqual(Container($PARAM[stringid]).ListItem.Rating,7.1) | Integer.IsEqual(Container($PARAM[stringid]).ListItem.Rating,7.2) | Integer.IsEqual(Container($PARAM[stringid]).ListItem.Rating,7.3) | Integer.IsEqual(Container($PARAM[stringid]).ListItem.Rating,7.4) | Integer.IsEqual(Container($PARAM[stringid]).ListItem.Rating,7.5) | Integer.IsEqual(Container($PARAM[stringid]).ListItem.Rating,7.6) | Integer.IsEqual(Container($PARAM[stringid]).ListItem.Rating,7.7) | Integer.IsEqual(Container($PARAM[stringid]).ListItem.Rating,7.8) | Integer.IsEqual(Container($PARAM[stringid]).ListItem.Rating,7.9)</visible>
	<posx>0</posx>
	<posy>0</posy>
	<width>200</width>
	<height>30</height>
	<textcolor>green</textcolor>
	<font>Font-Header-Bold-label</font>
	<label>[B]אהבו 70%[/B]</label>
	</control>
		<control type="label">
	<visible>Integer.IsEqual(Container($PARAM[stringid]).ListItem.Rating,8) | Integer.IsEqual(Container($PARAM[stringid]).ListItem.Rating,8.1) | Integer.IsEqual(Container($PARAM[stringid]).ListItem.Rating,8.2) | Integer.IsEqual(Container($PARAM[stringid]).ListItem.Rating,8.3) | Integer.IsEqual(Container($PARAM[stringid]).ListItem.Rating,8.4) | Integer.IsEqual(Container($PARAM[stringid]).ListItem.Rating,8.5) | Integer.IsEqual(Container($PARAM[stringid]).ListItem.Rating,8.6) | Integer.IsEqual(Container($PARAM[stringid]).ListItem.Rating,8.7) | Integer.IsEqual(Container($PARAM[stringid]).ListItem.Rating,8.8) | Integer.IsEqual(Container($PARAM[stringid]).ListItem.Rating,8.9)</visible>
	<posx>0</posx>
	<posy>0</posy>
	<width>200</width>
	<height>30</height>
	<textcolor>green</textcolor>
	<font>Font-Header-Bold-label</font>
	<label>[B]אהבו 80%[/B]</label>
	</control>
	<control type="label">
	<visible>Integer.IsEqual(Container($PARAM[stringid]).ListItem.Rating,9) | Integer.IsEqual(Container($PARAM[stringid]).ListItem.Rating,9.1) | Integer.IsEqual(Container($PARAM[stringid]).ListItem.Rating,9.2) | Integer.IsEqual(Container($PARAM[stringid]).ListItem.Rating,9.3) | Integer.IsEqual(Container($PARAM[stringid]).ListItem.Rating,9.4) | Integer.IsEqual(Container($PARAM[stringid]).ListItem.Rating,9.5) | Integer.IsEqual(Container($PARAM[stringid]).ListItem.Rating,9.6) | Integer.IsEqual(Container($PARAM[stringid]).ListItem.Rating,9.7) | Integer.IsEqual(Container($PARAM[stringid]).ListItem.Rating,9.8) | Integer.IsEqual(Container($PARAM[stringid]).ListItem.Rating,9.9)</visible>
	<posx>0</posx>
	<posy>0</posy>
	<width>200</width>
	<height>30</height>
	<textcolor>green</textcolor>
	<font>Font-Header-Bold-label</font>
	<label>[B]אהבו 90%[/B]</label>
	</control>
	</control>
</control>
</definition>
</include>


<include name="widgetpower">
<definition>
<control type="group">
<animation effect="fade" time="450">VisibleChange</animation>
<visible>StringCompare(Skin.String(Section),$PARAM[widgetidcompare])</visible>
<posx>0</posx>
<control type="image">
<posx>0</posx>
<posy>0</posy>
<width>250</width>
<height>1200</height>
<texture>black.png</texture>
</control>

<control type="image">
<animation condition="IsEmpty(Container($PARAM[widtetid]).ListItem.Plot)" effect="slide" start="0,0" end="-2000,0" delay="150" time="250" tween="cubic" easing="inout">Conditional</animation>
<posx>250</posx>
<posy>350</posy>
<width>1200</width>
<height>180</height>
<texture>black.png</texture>
</control>

<control type="group">
<control type="textbox">
<autoscroll delay="2500" time="2500" repeat="4000"></autoscroll>
<animation condition="IsEmpty(Container($PARAM[widtetid]).ListItem.Plot)" effect="slide" start="0,0" end="-2000,0" fade="150" time="850" tween="cubic" easing="inout">Conditional</animation>
<posx>500</posx>
<posy>355</posy>
<width>950</width>
<height>170</height>
<align>right</align>
<font>small</font>
<label>$INFO[Container($PARAM[widtetid]).ListItem.Label][CR]$INFO[Container($PARAM[widtetid]).ListItem.Plot]</label>
</control>


<control type="wraplist" id="$PARAM[widtetid]">
<scrolltime tween="cubio" easing="out">350</scrolltime>
<posx>0</posx>
<posy>0</posy>
<width>400</width>
<height>1100</height>
<onback>2164</onback>
<onright>2164</onright>
<focusposition>2</focusposition>
<itemlayout width="300" height="180">
<control type="image">
<posx>0</posx>
<posy>0</posy>
<width>240</width>
<height>150</height>
<texture>$INFO[ListItem.Thumb]</texture>
</control>
</itemlayout>
<focusedlayout width="300" height="180">
<control type="image">
<posx>0</posx>
<posy>0</posy>
<width>240</width>
<height>150</height>
<texture>$INFO[ListItem.Thumb]</texture>
</control>
</focusedlayout>
<content>$PARAM[widgetcontent]</content>
</control>
<control type="image">
<visible>Control.HasFocus($PARAM[widtetid])</visible>
<posx>0</posx>
<posy>355</posy>
<width>240</width>
<height>160</height>
<texture colordiffuse="deepskyblue" border="8,8,8,8">special://skin/extras/views/default_button_fo.png</texture>
</control>
</control>
</control>
</definition>
</include>


<include name="extrasmovies">
<definition>
<control type="group">
<animation effect="fade" time="450">VisibleChange</animation>
<visible>StringCompare(Skin.String(Section),$PARAM[compareextrasid])</visible>
<control type="multiimage">
<posx>0</posx>
<posy>0</posy>
<width>1520</width>
<height>550</height>
<fadetime>350</fadetime>
<imagepath flipx="true" diffuse="special://skin/extras/overlay/right_corner.png">$INFO[Container($PARAM[idlist]).ListItem.Art(fanart)]</imagepath>
</control>
<control type="group">
<animation effect="fade" time="450">VisibleChange</animation>
<posx>50</posx>
<control type="label">
<posx>1840</posx>
<posy>0</posy>
<width>1000</width>
<height>50</height>
<align>right</align>
<font>font-21-power</font>
<label>$INFO[Container($PARAM[idlist]).ListItem.Label]</label>
</control>
<control type="textbox">
<posx>1240</posx>
<posy>120</posy>
<width>600</width>
<height>150</height>
<align>right</align>
<autoscroll fade="2500" time="2500" repeat="4000"></autoscroll>
<label>$INFO[Container($PARAM[idlist]).ListItem.Plot]</label>
</control>
<control type="image">
<visible>!IsEmpty(Container($PARAM[idlist]).ListItem.Genre)</visible>
<posx>1795</posx>
<posy>300</posy>
<width>45</width>
<height>45</height>
<aspectratio>keep</aspectratio>
<texture colordiffuse="white">special://skin/extras/genre.png</texture>
</control>
<control type="label">
<posx>1765</posx>
<posy>302</posy>
<width>1200</width>
<height>40</height>
<align>right</align>
<textcolor>burlywood</textcolor>
<label>[I]$INFO[Container($PARAM[idlist]).ListItem.Genre][/I]</label>
</control>

<control type="label">
<animation condition="!Integer.IsGreater(Container($PARAM[idlist]).NumItems,0)" effect="fade" start="0" end="100" time="1100" pulse="true">Conditional</animation>
<visible>!Integer.IsGreater(Container($PARAM[idlist]).NumItems,0)</visible>
<posx>1200</posx>
<posy>200</posy>
<width>1000</width>
<height>50</height>
<align>right</align>
<font>font-21-power</font>
<label>טוען תוכן סבלנות.....</label>
</control>


<control type="multiimage">
<animation condition="String.Contains(Container($PARAM[idlist]).ListItem.Label,מדובב) | String.Contains(Container($PARAM[idlist]).ListItem.Plot,מדובב)" effect="slide" start="0,0" end="-540,0" tween="sine" easing="inout" time="150" fade="50">Conditional</animation>
<posx>2200</posx>
<posy>345</posy>
<width>180</width>
<height>100</height>
<fadetime>250</fadetime>
<imagepath>special://skin/extras/specialbuttons/newddubed.png</imagepath>
</control>

<control type="group">
<visible>Window.IsActive(6698)</visible>
<control type="multiimage">
<animation condition="String.Contains(Container($PARAM[idlist]).ListItem.Year,2020) + !String.Contains(Container($PARAM[idlist]).ListItem.Label,מדובב)" effect="slide" start="0,0" end="-680,0" tween="sine" easing="inout" time="150" fade="50">Conditional</animation>
<posx>2200</posx>
<posy>345</posy>
<width>120</width>
<height>100</height>
<fadetime>250</fadetime>
<imagepath>special://skin/extras/specialbuttons/new.png</imagepath>
</control>
<control type="multiimage">
<animation condition="String.Contains(Container($PARAM[idlist]).ListItem.Year,2020) + String.Contains(Container($PARAM[idlist]).ListItem.Label,מדובב)" effect="slide" start="0,0" end="-520,0" tween="sine" easing="inout" time="150" fade="50">Conditional</animation>
<posx>2200</posx>
<posy>340</posy>
<width>120</width>
<height>100</height>
<fadetime>250</fadetime>
<imagepath>special://skin/extras/specialbuttons/new.png</imagepath>
</control>
</control>
</control>

<control type="list" id="$PARAM[idlist]">
<posx>40</posx>
<posy>450</posy>
<width>1950</width>
<height>800</height>
<preloaditems>2</preloaditems>
<onback>$PARAM[buttonid]</onback>
<ondown>$PARAM[buttonid]</ondown>
<orientation>horizontal</orientation>
<scrolltime tween="sine" easing="out">350</scrolltime>
<itemlayout width="320" height="100">
<control type="image">
<posx>-390</posx>
<posy>-155</posy>
<width>1150</width>
<height>755</height>
<texture>special://skin/extras/specialbuttons/shadowposter.png</texture>
</control>
<control type="image">
<posx>0</posx>
<posy>0</posy>
<width>250</width>
<height>470</height>
<texture>$INFO[ListItem.Art(poster)]</texture>
</control>
<control type="image">
<posx>0</posx>
<posy>410</posy>
<width>250</width>
<height>60</height>
<texture>black.png</texture>
<colordiffuse>77000000</colordiffuse>
</control>
<control type="label">
<posx>0</posx>
<posy>400</posy>
<width>250</width>
<height>50</height>
<align>right</align>
<label>$INFO[ListItem.Label][CR]$INFO[ListItem.Year]</label>
</control>
</itemlayout>
<focusedlayout width="320" height="100">
<control type="group">
<control type="image">
<posx>-390</posx>
<posy>-155</posy>
<width>1150</width>
<height>755</height>
<texture>special://skin/extras/specialbuttons/shadowposter.png</texture>
</control>
<animation effect="zoom" center="auto" start="100,100" end="105,105" fade="50" time="250">Focus</animation>

<control type="image">
<posx>0</posx>
<posy>0</posy>
<width>250</width>
<height>470</height>
<texture>$INFO[ListItem.Art(poster)]</texture>
</control>
<control type="image">
<posx>0</posx>
<posy>410</posy>
<width>250</width>
<height>60</height>
<texture>black.png</texture>
<colordiffuse>77000000</colordiffuse>
</control>
<control type="label">
<posx>0</posx>
<posy>400</posy>
<width>250</width>
<height>50</height>
<align>right</align>
<label>$INFO[ListItem.Label][CR]$INFO[ListItem.Year]</label>
</control>
</control>
</focusedlayout>
<content sortby="$PARAM[contentdateadded]" sortorder="$PARAM[contentdescending]">$PARAM[supercontent]</content>
</control>
</control>
</definition>
</include>


<include name="thirddesignmovies">
<definition>
<control type="group">
<control type="label">
<animation condition="!Integer.IsGreater(Container($PARAM[id]).NumItems,0)" effect="fade" start="0" end="100" time="1110" pulse="true">Conditional</animation>
<visible>!Integer.IsGreater(Container($PARAM[id]).NumItems,0)</visible>
<posx>100</posx>
<posy>50</posy>
<width>1920</width>
<aling>center</aling>
<font>font-21-power</font>
<label>טוען תוכן יש להמתין בסבלנות עד סוף הטעינה....</label>
</control>

<animation effect="fade" time="450">VisibleChange</animation>
<visible>StringCompare(Skin.String(Section),$PARAM[compareextrasid])</visible>

				<control type="multiimage">
				<animation condition="Window.IsActive(DialogVideoInfo.xml)" effect="fade" start="100" end="0" time="150">Conditional</animation>
				<description>Fanart</description>
				<posx>0</posx>
				<posy>0</posy>
				<width>1920</width>
				<height>1080</height>
				<aspectratio>scale</aspectratio>
				<imagepath background="true">$INFO[Container($PARAM[id]).ListItem.Art(fanart)]</imagepath>
				<timeperimage>5000</timeperimage>
				<randomize>true</randomize>
				<fadetime>650</fadetime>
				<animation effect="fade" start="100" end="70" time="300" condition="true">Conditional</animation>
				<visible>!Player.HasVideo</visible>
			</control>

				<control type="image">
				<left>0</left>
				<top>400</top>
				<width>1920</width>
				<height>680</height>
				<texture background="true">views\showcase_floor.png</texture>
			</control>
			<control type="group">
			<animation condition="Window.IsActive(DialogVideoInfo.xml)" effect="slide" tween="cubic" easing="inout" start="0,0" end="0,1400" time="850">Conditional</animation>
					<control type="image">
					<description>background image</description>
					<left>0</left>
					<top>200</top>
					<width>1920</width>
					<height>380</height>
					<texture border="40" colordiffuse="$INFO[Window(home).Property(ImageColor)]">special://skin/extras/common/roundedbutton-nofocus.png</texture>
				</control>
				<control type="group">
				<posy>280</posy>
				<control type="label">
					<posx>1880</posx>
					<posy>-70</posy>
					<width>1400</width>
					<height>100</height>
					<font>font-21-power</font>
					<textcolor>white</textcolor>
					<align>right</align>
					<label>$INFO[Container($PARAM[id]).ListItem.Label]</label>
					<wrapmultiline>false</wrapmultiline>	
				</control>

				<control type="label">
					<description>Plot Title</description>
					<posx>1880</posx>
					<posy>45</posy>
					<width>1000</width>
					<height>40</height>
					<align>right</align>
					<textcolor>gray</textcolor>
					<label>$INFO[Container($PARAM[id]).ListItem.Genre][CR]$INFO[Container($PARAM[id]).ListItem.Year]</label>
				</control>
				<control type="textbox">
					<description>Plot Title</description>
					<posx>880</posx>
					<posy>120</posy>
					<width>1000</width>
					<height>150</height>
					
					<align>right</align>
					<textcolor>white</textcolor>
					<label>$INFO[Container($PARAM[id]).ListItem.Plot]</label>
					<autoscroll time="2500" fade="2500" repeat="4000">Control.HasFocus($PARAM[id])</autoscroll>
				</control>
				</control>
				<control type="multiimage">
				<description>Fanart</description>
				<posx>30</posx>
				<posy>300</posy>
				<width>600</width>
				<height>250</height>
				<aspectratio>scale</aspectratio>
				<imagepath background="true">$INFO[Container($PARAM[id]).ListItem.Art(fanart)]</imagepath>
				<timeperimage>5000</timeperimage>
				<randomize>true</randomize>
				<fadetime>650</fadetime>
				<animation effect="fade" start="100" end="70" time="300" condition="true">Conditional</animation>
				<visible>!Player.HasVideo</visible>
			</control>
			<control type="label">
			<visible>String.Contains(Container($PARAM[id]).ListItem.Label,HebDub) | String.Contains(Container($PARAM[id]).ListItem.Plot,HebDub) | String.Contains(Container($PARAM[id]).ListItem.Plot,מדובב) | String.Contains(Container($PARAM[id]).ListItem.Label,מדובב)</visible>
			<posx>550</posx>
			<posy>300</posy>
			<width>100</width>
			<height>40</height>
			<textcolor>white</textcolor>
			<shadowcolor>black</shadowcolor>
			<label>מדובב</label>
			</control>
			
	</control>
		 <control type="wraplist" id="$PARAM[id]">
		<left>0</left>
		<top>540</top>
		<width>1910</width>
		<height>525</height>
		<onleft>53</onleft>
		<onright>53</onright>
		<onup>$PARAM[onup]</onup>
		<ondown>72</ondown>
		<onback>2164</onback>
		<pagecontrol>72</pagecontrol>
		<scrolltime tween="sine" easing="out">450</scrolltime>
		<focusposition>0</focusposition>
		<orientation>horizontal</orientation>
		<preloaditems>2</preloaditems>
		<itemlayout height="525" width="294">
			<control type="group">

				<top>30</top>
				<animation effect="fade" time="0" delay="800">Visible</animation>
				<control type="group">
					<control type="image">
						<texture background="true">thumbs/boxes/back_sets.png</texture>
						<left>-55</left>
						<top>-20</top>
						<width>380</width>
						<height>469</height>
						<bordersize>20</bordersize>
					</control>
					<control type="image">
						<texture background="true" fallback="DefaultVideo.png">$INFO[ListItem.Thumb]</texture>
						<left>0</left>
						<top>-10</top>
						<width>300</width>
						<height>424</height>
						<align>center</align>
						<aspectratio scalediffuse="false">scale</aspectratio>
						<bordertexture border="20">thumbs/thumb_shadow_aa.png</bordertexture>
						<bordersize>20</bordersize>
					</control>
					<control type="group">
					
						<left>0</left>
						<top>22</top>
					</control>
					<control type="image">
						<texture background="true" flipy="true" diffuse="thumbs/thumb_diffuse.png" fallback="DefaultVideo.png">$INFO[ListItem.Thumb]</texture>
								<aspectratio scalediffuse="false" aligny="top">stretch</aspectratio>
								<left>15</left>
								<top>420</top>
								<width>270</width>
								<height>406</height>
								<colordiffuse>d1FFFFFF</colordiffuse>
					</control>
					<control type="image">
						<texture background="true" flipy="true" diffuse="thumbs/thumb_diffuse.png">thumbs/boxes/sets.png</texture>
								<aspectratio scalediffuse="false" aligny="top">stretch</aspectratio>
								<left>15</left>
								<top>420</top>
								<width>270</width>
								<height>406</height>
								<colordiffuse>d1FFFFFF</colordiffuse>
					</control>
				</control>
				</control>
		</itemlayout>
		<focusedlayout height="525" width="294">
			<control type="group">
				<top>30</top>
				<animation effect="fade" time="0" delay="800">Visible</animation>
				<control type="group">
					<control type="image">
						<texture background="true">thumbs/boxes/back_sets.png</texture>
						<left>-55</left>
						<top>-20</top>
						<width>380</width>
						<height>469</height>
						<bordersize>20</bordersize>
					</control>
					<control type="image">
						<texture background="true" fallback="DefaultVideo.png">$INFO[ListItem.Thumb]</texture>
						<left>0</left>
						<top>-10</top>
						<width>300</width>
						<height>424</height>
						<align>center</align>
						<aspectratio scalediffuse="false">scale</aspectratio>
						<bordertexture border="20">thumbs/thumb_shadow_aa.png</bordertexture>
						<bordersize>20</bordersize>
					</control>
					<control type="group">
				
						<left>0</left>
						<top>22</top>
					</control>
					<control type="image">
						<texture background="true" flipy="true" diffuse="thumbs/thumb_diffuse.png" fallback="DefaultVideo.png">$INFO[ListItem.Thumb]</texture>
								<aspectratio scalediffuse="false" aligny="top">stretch</aspectratio>
								<left>15</left>
								<top>420</top>
								<width>270</width>
								<height>406</height>
								<colordiffuse>d1FFFFFF</colordiffuse>
					</control>
					<control type="image">
						<texture background="true" flipy="true" diffuse="thumbs/thumb_diffuse.png">thumbs/boxes/sets.png</texture>
								<aspectratio scalediffuse="false" aligny="top">stretch</aspectratio>
								<left>15</left>
								<top>420</top>
								<width>270</width>
								<height>406</height>
								<colordiffuse>d1FFFFFF</colordiffuse>
					</control>
					<control type="image">
					<animation effect="fade" time="450">VisibleChange</animation>
					<visible>control.hasfocus($PARAM[id])</visible>
					<posx>45</posx>
					<posy>420</posy>
					<width>200</width>
					<height>15</height>
					<texture colrodiffuse="grey">white.png</texture>
					</control>
				</control>
			</control>
		</focusedlayout>
		<content sortby="$PARAM[contentdateadded]" sortorder="$PARAM[contentdescending]">$PARAM[content]</content>
		</control>
			<!-- scroll -->

		</control>
		</definition>
	</include>


<include name="takzirsidra">
<control type="group">
<posx>-2000</posx>
<posy>800</posy>
<animation condition="Window.IsActive(6677)" effect="slide" start="0" end="2400" tween="cubic" easing="inout" time="320">Visible</animation>
<animation effect="fade" time="450">VisibleChange</animation>
<visible>$PARAM[takzirvisible]</visible>
<control type="image">
<width>1160</width>
<height>220</height>
<texture>black.png</texture>
<colordiffuse>77000000</colordiffuse>
</control>
</control>

<control type="group">
<animation condition="Window.IsActive(6677)" effect="slide" start="0" end="-1100" tween="cubic" easing="inout" time="320">Visible</animation>
<visible>$PARAM[takzirvisible]</visible>
<animation effect="fade" time="450">VisibleChange</animation>
<posx>2400</posx>
<posy>620</posy>
<control type="multiimage">
<width>280</width>
<height>400</height>
<imagepath>$PARAM[takzirimgae]</imagepath>
</control>
</control>

<control type="group">
<visible>$PARAM[takzirvisible]</visible>
<posx>115</posx>
<posy>492</posy>
<control type="textbox">
<width>850</width>
<height>180</height>
<textcolor>white</textcolor>
<shadowcolor>black</shadowcolor>
<align>right</align>
<label>[B]$PARAM[takzirlabel][/B]</label>
<autoscroll fade="2500" time="2500" repeat="4000"></autoscroll>
</control>
</control>

</include>



<include name="takzirsidraplus">

<control type="group">
<visible>$PARAM[takzirvisibleplus]</visible>
<control type="multiimage">
<posx>960</posx>
<posy>100</posy>
<width>600</width>
<height>435</height>
<fadetime>250</fadetime>
<imagepath>$PARAM[takzirimgaeplus]</imagepath>
</control>
</control>

<control type="group">
<visible>$PARAM[takzirvisibleplus]</visible>
<control type="textbox">
<posx>400</posx>
<posy>170</posy>
<width>550</width>
<height>130</height>
<align>right</align>
<label>$PARAM[takzirlabelplus]</label>
<autoscroll fade="2500" time="2500" repeat="4000"></autoscroll>
</control>
</control>

</include>



<include name="kidseriasnew">
<definition>
<control type="group">
<animation effect="fade" time="450">VisibleChange</animation>
<visible>String.Contains(Container(5).ListItem.Label,$PARAM[visibleid])</visible>
<posx>950</posx>
<control type="multiimage">
<posx>0</posx>
<posy>10</posy>
<width>240</width>
<height>370</height>
<imagepath>$PARAM[visibleimage]</imagepath>
</control>
</control>

<control type="group">
<animation effect="fade" time="450">VisibleChange</animation>
<control type="label">
<posx>550</posx>
<posy>50</posy>
<width>500</width>
<height>200</height>
<label>שנת יציאה:</label>
<font>font-30</font>
</control>
</control>

<control type="group">
<posx>400</posx>
<posy>20</posy>
<visible>String.Contains(Container(5).ListItem.Label,$PARAM[visibleid])</visible>
<animation effect="fade" time="450">VisibleChange</animation>
<control type="image">
<posx>0</posx>
<posy>0</posy>
<width>200</width>
<height>150</height>
<texture>$PARAM[imagerestrected]</texture>
</control>
</control>

<control type="group">
<visible>String.Contains(Container(5).ListItem.Label,$PARAM[visibleid])</visible>
<animation effect="fade" time="450">VisibleChange</animation>
<control type="label">
<posx>610</posx>
<posy>100</posy>
<width>500</width>
<height>200</height>
<textcolor>yellow</textcolor>
<label>$PARAM[outtadeedyear]</label>
</control>
</control>

<control type="group">
<animation condition="Window.IsActive(6721)" effect="slide" start="0" end="1380" tween="cubic" easing="inout" time="320">Visible</animation>
<visible>String.Contains(Container(5).ListItem.Label,$PARAM[visibleid])</visible>
<posx>-1000</posx>
<control type="textbox">
<posx>0</posx>
<posy>200</posy>
<width>565</width>
<height>170</height>
<align>right</align>
<label>$PARAM[textboxid]</label>
</control>
</control>
</definition>
</include>





<include name="extraspowerserias">
<definition>
<control type="group">
<visible>StringCompare(Skin.String(Section),$PARAM[stringcompareid])</visible>
<visible>!Control.IsVisible($PARAM[notvisible]</visible>
<animation effect="fade" time="450">VisibleChange</animation>

<control type="multiimage">
<posx>120</posx>
<posy>0</posy>
<width>450</width>
<height>150</height>
<imagepath>$PARAM[clearlogo]</imagepath>
</control>

<control type="textbox">
<animation type="WindowOpen">
<effect type="slide" start="-500,0" end="1030,0" time="450" tween="cubic" easing="inout"/>
</animation>
<animation type="WindowClose">
<effect type="slide" start="1030,0" end="-500,0" time="450" tween="cubic" easing="inout"/>
</animation>
<posx>-800</posx>
<posy>240</posy>
<width>400</width>
<height>140</height>
<align>right</align>
<label>$PARAM[textboxinfo]</label>
<textcolor>white</textcolor>
<autoscroll fade="2550" time="2550" repeat="4000"></autoscroll>
</control>

<control type="label">
<animation type="WindowOpen">
<effect type="slide" start="-500,0" end="1070,0" time="850" fade="5050" tween="cubic" easing="inout"/>
</animation>
<animation type="WindowClose">
<effect type="slide" start="1070,0" end="-500,0" time="450" tween="cubic" easing="inout"/>
</animation>
<posx>-500</posx>
<posy>465</posy>
<width>480</width>
<height>40</height>
<label>סגנון:</label>
</control>

<control type="label">
<animation type="WindowOpen">
<effect type="slide" start="-500,0" end="1065,0" time="850" fade="5050" tween="cubic" easing="inout"/>
</animation>
<animation type="WindowClose">
<effect type="slide" start="1065,0" end="-500,0" time="450" tween="cubic" easing="inout"/>
</animation>
<posx>-500</posx>
<posy>465</posy>
<width>520</width>
<height>40</height>
<align>right</align>
<label>[I][COLOR gray]$PARAM[genreid][/I][/COLOR]</label>
</control>

<control type="label">
<animation type="WindowOpen">
<effect type="slide" start="-500,0" end="920,0" time="850" fade="5050" tween="cubic" easing="inout"/>
</animation>
<animation type="WindowClose">
<effect type="slide" start="920,0" end="-500,0" time="450" tween="cubic" easing="inout"/>
</animation>
<posx>-500</posx>
<posy>510</posy>
<width>600</width>
<height>40</height>
<label>[I][COLOR gray]$PARAM[yearid][/COLOR][/I]  שנת יציאה:  </label>
</control>

<control type="multiimage">
<animation type="WindowOpen">
<effect type="slide" start="2500,0" end="-1540,0" time="750" fade="7050" tween="cubic" easing="inout"/>
</animation>
<animation type="WindowClose">
<effect type="slide" start="-1540,0" end="2500,0" time="450" tween="cubic" easing="inout"/>
</animation>
<posx>2500</posx>
<posy>140</posy>
<width>800</width>
<height>500</height>
<fadetime>250</fadetime>
<imagepath>$PARAM[bigfanart]</imagepath>
</control>
</control>



<control type="panel" id="$PARAM[id]">
<visible>StringCompare(Skin.String(Section),$PARAM[stringcompareid])</visible>
<posx>$PARAM[posxid]</posx>
<posy>$PARAM[posyid]</posy>
<width>650</width>
<height>120</height>
<onback>2164</onback>
<ondown>$PARAM[ondownid]</ondown>
<onup>$PARAM[onupid]</onup>
<orientation>horizontal</orientation>
<preloaditems>2</preloaditems>
<scrolltime tween="sine" easing="inout">450</scrolltime>
<itemlayout width="130" height="50">
<control type="image">
<posx>0</posx>
<posy>0</posy>
<width>125</width>
<height>60</height>
<texture>special://skin/extras/specialbuttons/buttonepissodes.png</texture>
</control>
<control type="label">
<posx>5</posx>
<posy>7</posy>
<width>150</width>
<height>45</height>
<label>$INFO[ListItem.Label]</label>
</control>
</itemlayout>
<focusedlayout width="130" height="50">
<control type="image">
<posx>0</posx>
<posy>0</posy>
<width>125</width>
<height>60</height>
<texture>special://skin/extras/specialbuttons/buttonepissodes.png</texture>
</control>
<control type="label">
<posx>5</posx>
<posy>7</posy>
<width>150</width>
<height>45</height>
<textcolor>cyan</textcolor>
<label>[B]$INFO[ListItem.Label][/B]</label>
</control>
</focusedlayout>
<content>$PARAM[yescontent]</content>
</control>
</definition>
</include>




<include name="unextraspowerserias">
<definition>
<control type="group">
<visible>StringCompare(Skin.String(Section),$PARAM[unstringcompareid])</visible>
<visible>!Control.IsVisible($PARAM[unnotvisible]</visible>
<animation effect="fade" time="450">VisibleChange</animation>

<control type="multiimage">
<posx>120</posx>
<posy>0</posy>
<width>450</width>
<height>150</height>
<imagepath>$PARAM[unclearlogo]</imagepath>
</control>

<control type="textbox">
<animation type="WindowOpen">
<effect type="slide" start="-500,0" end="1030,0" time="450" tween="cubic" easing="inout"/>
</animation>
<animation type="WindowClose">
<effect type="slide" start="1030,0" end="-500,0" time="450" tween="cubic" easing="inout"/>
</animation>
<posx>-800</posx>
<posy>240</posy>
<width>400</width>
<height>140</height>
<align>right</align>
<label>$PARAM[untextboxinfo]</label>
<textcolor>white</textcolor>
<autoscroll fade="2550" time="2550" repeat="4000"></autoscroll>
</control>

<control type="label">
<animation type="WindowOpen">
<effect type="slide" start="-500,0" end="1070,0" time="850" fade="5050" tween="cubic" easing="inout"/>
</animation>
<animation type="WindowClose">
<effect type="slide" start="1070,0" end="-500,0" time="450" tween="cubic" easing="inout"/>
</animation>
<posx>-500</posx>
<posy>465</posy>
<width>480</width>
<height>40</height>
<label>סגנון:</label>
</control>

<control type="label">
<animation type="WindowOpen">
<effect type="slide" start="-500,0" end="1065,0" time="850" fade="5050" tween="cubic" easing="inout"/>
</animation>
<animation type="WindowClose">
<effect type="slide" start="1065,0" end="-500,0" time="450" tween="cubic" easing="inout"/>
</animation>
<posx>-500</posx>
<posy>465</posy>
<width>520</width>
<height>40</height>
<align>right</align>
<label>[I][COLOR gray]$PARAM[ungenreid][/I][/COLOR]</label>
</control>

<control type="label">
<animation type="WindowOpen">
<effect type="slide" start="-500,0" end="920,0" time="850" fade="5050" tween="cubic" easing="inout"/>
</animation>
<animation type="WindowClose">
<effect type="slide" start="920,0" end="-500,0" time="450" tween="cubic" easing="inout"/>
</animation>
<posx>-500</posx>
<posy>510</posy>
<width>600</width>
<height>40</height>
<label>[I][COLOR gray]$PARAM[unyearid][/COLOR][/I]  שנת יציאה:  </label>
</control>

<control type="multiimage">
<animation type="WindowOpen">
<effect type="slide" start="2500,0" end="-1540,0" time="750" fade="7050" tween="cubic" easing="inout"/>
</animation>
<animation type="WindowClose">
<effect type="slide" start="-1540,0" end="2500,0" time="450" tween="cubic" easing="inout"/>
</animation>
<posx>2500</posx>
<posy>140</posy>
<width>800</width>
<height>500</height>
<fadetime>250</fadetime>
<imagepath>$PARAM[unbigfanart]</imagepath>
</control>
</control>



<control type="panel" id="$PARAM[unid]">
<visible>StringCompare(Skin.String(Section),$PARAM[unstringcompareid])</visible>
<posx>$PARAM[unposxid]</posx>
<posy>$PARAM[unposyid]</posy>
<width>650</width>
<height>120</height>
<onback>2164</onback>
<ondown>$PARAM[unondownid]</ondown>
<onup>$PARAM[unonupid]</onup>
<orientation>horizontal</orientation>
<preloaditems>2</preloaditems>
<scrolltime tween="sine" easing="inout">450</scrolltime>
<itemlayout width="130" height="50">
<control type="image">
<posx>0</posx>
<posy>0</posy>
<width>125</width>
<height>60</height>
<texture>special://skin/extras/specialbuttons/buttonepissodes.png</texture>
</control>
<control type="label">
<posx>5</posx>
<posy>7</posy>
<width>150</width>
<height>45</height>
<label>$INFO[ListItem.Label]</label>
</control>
</itemlayout>
<focusedlayout width="130" height="50">
<control type="image">
<posx>0</posx>
<posy>0</posy>
<width>125</width>
<height>60</height>
<texture>special://skin/extras/specialbuttons/buttonepissodes.png</texture>
</control>
<control type="label">
<posx>5</posx>
<posy>7</posy>
<width>150</width>
<height>45</height>
<textcolor>cyan</textcolor>
<label>[B]$INFO[ListItem.Label][/B]</label>
</control>
</focusedlayout>
<content>$PARAM[unyescontent]</content>
</control>
</definition>
</include>



<include name="newseriastvepi">
<definition>
<control type="group">
<control type="panel" id="$PARAM[episoosedid]">
<visible allowhiddenfocus="true">String.Contains(Container(5).ListItem.Label,$PARAM[labelid]) | Control.HasFocus($PARAM[episoosedid])</visible>
<posx>80</posx>
<posy>870</posy>
<width>1000</width>
<height>100</height>
<onback>5</onback>
<orientation>horizontal</orientation>
<itemlayout width="120" height="50">
<control type="image">
<posx>0</posx>
<posy>0</posy>
<width>120</width>
<height>60</height>
<texture>special://skin/extras/specialbuttons/buttonepissodes.png</texture>
</control>
<control type="label">
<posx>20</posx>
<posy>7</posy>
<width>400</width>
<height>40</height>
<label>$INFO[ListItem.Label]</label>
</control>
</itemlayout>
<focusedlayout width="120" height="50">
<control type="image">
<posx>0</posx>
<posy>0</posy>
<width>120</width>
<height>60</height>
<texture>special://skin/extras/specialbuttons/buttonepissodes.png</texture>
</control>
<control type="label">
<visible>!Control.HasFocus($PARAM[episoosedid])</visible>
<posx>20</posx>
<posy>7</posy>
<width>400</width>
<height>40</height>
<textcolor>white</textcolor>
<label>$INFO[ListItem.Label]</label>
</control>
<control type="label">
<visible>Control.HasFocus($PARAM[episoosedid])</visible>
<posx>20</posx>
<posy>7</posy>
<width>400</width>
<height>40</height>
<textcolor>yellow</textcolor>
<label>[B]$INFO[ListItem.Label][/B]</label>
</control>
</focusedlayout>
<content>$PARAM[content]</content>
</control>
</control>
</definition>
</include>

<include name="sessionunlistetepissdes">
<definition>
<control type="group">
<control type="label">
<visible>String.Contains(Container(5).ListItem.Label,$PARAM[sessionunlabelid])</visible>
<posx>$PARAM[sessionlabelposx]</posx>
<posy>$PARAM[sessionlabelposy]</posy>
<width>150</width>
<height>50</height>
<label>$PARAM[seesionlabel]</label>
</control>
<control type="list" id="$PARAM[sessionunepisoosedid]">
<visible allowhiddenfocus="true">String.Contains(Container(5).ListItem.Label,$PARAM[sessionunlabelid]) | Control.HasFocus($PARAM[sessionunepisoosedid])</visible>
<posx>$PARAM[posx]</posx>
<posy>$PARAM[posy]</posy>
<width>$PARAM[width]</width>
<height>100</height>
<onback>5</onback>
<ondown>$PARAM[ondown]</ondown>
<onup>$PARAM[onup]</onup>
<orientation>horizontal</orientation>
<preloaditems>2</preloaditems>
<itemlayout width="120" height="50">
<control type="image">
<posx>0</posx>
<posy>0</posy>
<width>120</width>
<height>60</height>
<texture>special://skin/extras/specialbuttons/buttonepissodes.png</texture>
</control>
<control type="label">
<posx>20</posx>
<posy>7</posy>
<width>400</width>
<height>40</height>
<textcolor>white</textcolor>
<label>$INFO[ListItem.Label]</label>
</control>
</itemlayout>
<focusedlayout width="120" height="50">
<control type="image">
<posx>0</posx>
<posy>0</posy>
<width>120</width>
<height>60</height>
<texture>special://skin/extras/specialbuttons/buttonepissodes.png</texture>
</control>
<control type="label">
<visible>!control.hasfocus($PARAM[sessionunepisoosedid])</visible>
<posx>20</posx>
<posy>7</posy>
<width>150</width>
<height>40</height>
<label>$INFO[ListItem.Label]</label>
</control>
<control type="label">
<visible>control.hasfocus($PARAM[sessionunepisoosedid])</visible>
<posx>20</posx>
<posy>7</posy>
<width>150</width>
<height>40</height>
<textcolor>yellow</textcolor>
<label>[B]$INFO[ListItem.Label][/B]</label>
</control>
</focusedlayout>
<content>$PARAM[sessionuncontent]</content>
</control>
</control>
</definition>
</include>

<include name="unlistetepissdes">
<definition>
<control type="group">
<control type="label">
<visible>String.Contains(Container(5).ListItem.Label,$PARAM[unlabelid])</visible>
<posx>$PARAM[sessionlabelposx]</posx>
<posy>$PARAM[sessionlabelposy]</posy>
<width>150</width>
<height>50</height>
<label>$PARAM[seesionlabel]</label>
</control>
<control type="panel" id="$PARAM[unepisoosedid]">
<visible allowhiddenfocus="true">String.Contains(Container(5).ListItem.Label,$PARAM[unlabelid]) | Control.HasFocus($PARAM[unepisoosedid])</visible>
<posx>$PARAM[posx]</posx>
<posy>$PARAM[posy]</posy>
<width>$PARAM[width]</width>
<height>100</height>
<onback>5</onback>
<ondown>$PARAM[ondown]</ondown>
<onup>$PARAM[onup]</onup>
<onclick>Action(info)</onclick>
<orientation>horizontal</orientation>
<preloaditems>2</preloaditems>
<itemlayout width="120" height="50">
<control type="image">
<posx>0</posx>
<posy>0</posy>
<width>120</width>
<height>60</height>
<texture>special://skin/extras/specialbuttons/buttonepissodes.png</texture>
</control>
<control type="label">
<posx>20</posx>
<posy>7</posy>
<width>400</width>
<height>40</height>
<label>$INFO[ListItem.Label]</label>
</control>
</itemlayout>
<focusedlayout width="120" height="50">
<control type="image">
<posx>0</posx>
<posy>0</posy>
<width>120</width>
<height>60</height>
<texture>special://skin/extras/specialbuttons/buttonepissodes.png</texture>
</control>
<control type="label">
<posx>20</posx>
<posy>7</posy>
<width>400</width>
<height>40</height>
<textcolor>yellow</textcolor>
<label>[B]$INFO[ListItem.Label][/B]</label>
</control>
</focusedlayout>
<content>$PARAM[uncontent]</content>
</control>
</control>
</definition>
</include>

</includes>
