<?xml version="1.0" encoding="UTF-8"?>

<includes>


<include name="mainmoviesdesign">


<!--גוסט ראשי 1-->
<include content="mainsecreenmovietime">
<param name="stringid" value="255"/>
<param name="itemnumber" value="1"/>
<param name="content" value="plugin://plugin.video.telemedia/?data=-1001328778704&amp;dates=%20&amp;description=%0afrom_plot&amp;eng_name=%20&amp;episode=%20&amp;fanart&amp;fav_status=false&amp;heb_name=%20&amp;iconimage&amp;id=%20&amp;image_master&amp;isr=0&amp;last_id&amp;mode=31&amp;name=%5bCOLOR%20khaki%5d%d7%92%d7%95%d7%a1%d7%98%20%d7%a1%d7%a8%d7%98%d7%99%d7%9d-%d7%a8%d7%90%d7%a9%d7%99-1%5b%2fCOLOR%5d&amp;original_title=%20&amp;season=%20&amp;show_original_year=%20&amp;tmdbid=%20&amp;url=-1001328778704&quot"/>
</include>

<!--גוסט ראשי 2-->
<include content="mainsecreenmovietime">
<param name="stringid" value="256"/>
<param name="itemnumber" value="2"/>
<param name="content" value="plugin://plugin.video.telemedia/?data=-1001225879972&amp;dates=%20&amp;description=%0afrom_plot&amp;eng_name=%20&amp;episode=%20&amp;fanart&amp;fav_status=false&amp;heb_name=%20&amp;iconimage&amp;id=%20&amp;image_master&amp;isr=0&amp;last_id&amp;mode=31&amp;name=%5bCOLOR%20khaki%5d%d7%92%d7%95%d7%a1%d7%98%20%d7%a1%d7%a8%d7%98%d7%99%d7%9d-%d7%a8%d7%90%d7%a9%d7%99-2%5b%2fCOLOR%5d&amp;original_title=%20&amp;season=%20&amp;show_original_year=%20&amp;tmdbid=%20&amp;url=-1001225879972&quot"/>
</include>

<!--גוסט ראשי 3-->
<include content="mainsecreenmovietime">
<param name="stringid" value="257"/>
<param name="itemnumber" value="3"/>
<param name="content" value="plugin://plugin.video.telemedia/?data=-1001479681116&amp;dates=%20&amp;description=%0afrom_plot&amp;eng_name=%20&amp;episode=%20&amp;fanart&amp;fav_status=false&amp;heb_name=%20&amp;iconimage&amp;id=%20&amp;image_master&amp;isr=0&amp;last_id&amp;mode=31&amp;name=%5bCOLOR%20khaki%5d%d7%92%d7%95%d7%a1%d7%98%20%d7%a1%d7%a8%d7%98%d7%99%d7%9d-%d7%a8%d7%90%d7%a9%d7%99-3%5b%2fCOLOR%5d&amp;original_title=%20&amp;season=%20&amp;show_original_year=%20&amp;tmdbid=%20&amp;url=-1001479681116&quot"/>
</include>

<include content="mainsecreenmovietime">
<param name="stringid" value="258"/>
<param name="itemnumber" value="4"/>
<param name="sortby" value="random"/>
<param name="sortorder" value="random"/>
<param name="content" value="plugin://plugin.video.shadow/?all_w=%7b%7d&amp;data=%20&amp;dates=%20&amp;description=mainscreenmovies&amp;eng_name=%20&amp;episode=%20&amp;fanart=%20&amp;fav_status=false&amp;heb_name=%20&amp;iconimage=%20&amp;id=%20&amp;image_master&amp;isr=0&amp;last_id&amp;mode=117&amp;name=mainscreenmovies&amp;original_title=%20&amp;season=%20&amp;show_original_year=%20&amp;tmdbid=%20&amp;url=moshep15%24%24%24%24%24%24%24%24%24%24%24mainscreenmovies%5e%5e%5e%5e%5e%5e%5e%5emovie&amp;video_data=%7b%22rating%22%3a%20%220%22%2c%20%22episode%22%3a%200%2c%20%22title%22%3a%20%22mainscreenmovies%22%2c%20%22season%22%3a%200%2c%20%22TVshowtitle%22%3a%20%22%22%2c%20%22mediatype%22%3a%20%22movie%22%2c%20%22plot%22%3a%20%22mainscreenmovies%22%2c%20%22OriginalTitle%22%3a%20%22%20%22%2c%20%22Tag%22%3a%20%22116%22%7d&quot"/>
</include>

<include content="mainsecreenmovietime">
<param name="stringid" value="259"/>
<param name="itemnumber" value="5"/>
<param name="sortby" value="dateadded"/>
<param name="sortorder" value="descending"/>
<param name="content" value="plugin://plugin.video.FlashTV/?cat_level=%20&amp;count=0&amp;description&amp;fanart=http%3a%2f%2fsf.co.ua%2f12%2f09%2fwallpaper-2230830.jpg&amp;iconimage=http%3a%2f%2fngarba.xyz%2fadds%2fyos%2f16.jpg&amp;index_depth=0&amp;lang=%20&amp;mode=18&amp;name=%5bB%5d%5bCOLOR%20burlywood%5d-%d7%90%d7%97%d7%a8%d7%95%d7%a0%d7%99%d7%9d%20%5b%2fCOLOR%5d%5b%2fB%5d%5bB%5d%5bCOLOR%20aqua%5d%d7%a1%d7%a8%d7%98%d7%99%d7%9d-%20%5b%2fCOLOR%5d%5b%2fB%5d&amp;page&amp;selected_list=%20&amp;url=movie&quot"/>
</include>

<control type="group">
<animation condition="$EXP[mainmoviesscreen] | Window.IsActive(6831) | Window.IsActive(6835) | Window.IsActive(6836)  | Window.IsActive(6830) | Window.IsActive(6904) | Window.IsActive(6920) | Window.IsActive(6795) | Window.IsActive(6829) | Window.IsActive(6825)" effect="slide" start="0,0" end="-500,0" time="150" tween="sine" easing="inout">Conditional</animation>
<control type="image">
<posx>5</posx>
<posy>5</posy>
<width>160</width>
<height>260</height>
<texture>black.png</texture>
</control>
<control type="image">
<posx>60</posx>
<posy>10</posy>
<width>55</width>
<height>35</height>
<texture>special://skin/extras/arrows/arrow-142-512.png</texture>
</control>
<control type="image">
<posx>60</posx>
<posy>220</posy>
<width>55</width>
<height>35</height>
<texture flipy="true">special://skin/extras/arrows/arrow-142-512.png</texture>
</control>
<control type="group">
<visible>![Player.HasAudio | Player.HasVideo]</visible>
<visible>Control.HasFocus(135)</visible>
<control type="image">
<animation condition="Control.HasFocus(135)" effect="slide" start="0,0" end="1800,0" time="250" tween="sine" easing="inout">Conditional</animation>
<posx>-1200</posx>
<posy>675</posy>
<width>700</width>
<height>50</height>
<texture>special://skin/extras/common/context_middle.png</texture>
</control>
<control type="label">
<animation condition="Control.HasFocus(135)" effect="slide" start="0,0" end="1450,0" time="250" tween="sine" easing="inout">Conditional</animation>
<posx>-800</posx>
<posy>675</posy>
<width>600</width>
<height>40</height>
<align>center</align>
<label>לחץ OK בשלט לכניסה לכל הסרטים בעמוד זה</label>
</control>
</control>

<control type="list" id="135">
<posx>30</posx>
<posy>100</posy>
<width>500</width>
<height>200</height>
<onright condition="Container(135).HasFocus(1)">255</onright>
<onright condition="Container(135).HasFocus(2)">256</onright>
<onright condition="Container(135).HasFocus(3)">257</onright>
<onright condition="Container(135).HasFocus(4)">258</onright>
<onright condition="Container(135).HasFocus(5)">259</onright>
<onclick condition="Container(135).HasFocus(1)">ActivateWindow(10025,&quot;plugin://plugin.video.telemedia/?data=-1001402382061&amp;dates=%20&amp;description=%d7%92%27%d7%95%d7%9e%d7%a0%d7%92%27%d7%99%20%3a%20%d7%94%d7%a9%d7%9c%d7%91%20%d7%94%d7%91%d7%90%20%0a%d7%90%d7%99%d7%9b%d7%95%d7%aa%20%3a%20%d7%92%d7%a8%d7%95%d7%a2%d7%94%20%f0%9f%a4%ae%0a%e2%81%a6%e2%81%a6%d7%aa%d7%a8%d7%92%d7%95%d7%9d%20%d7%9e%d7%95%d7%91%d7%a0%d7%94%20%0a%40oriyatv%0afrom_plot&amp;eng_name=%20&amp;episode=%20&amp;fanart=C%3a%2fUsers%2fneta%2fAppData%2fRoaming%2fKodi%2fuserdata%2faddon_data%2fplugin.video.telemedia%2flogo%2f-1001402382061_big.jpg&amp;fav_status=false&amp;heb_name=%20&amp;iconimage=C%3a%2fUsers%2fneta%2fAppData%2fRoaming%2fKodi%2fuserdata%2faddon_data%2fplugin.video.telemedia%2flogo%2f-1001402382061_small.jpg&amp;id=%20&amp;image_master&amp;isr=0&amp;last_id&amp;mode=31&amp;name=%5bCOLOR%20khaki%5d%d7%9e%d7%90%d7%92%d7%a8%20%d7%a1%d7%a8%d7%98%d7%99%d7%9d%20%d7%9e%d7%9b%d7%9c%20%d7%94%d7%96%d7%9e%d7%a0%d7%99%d7%9d%5b%2fCOLOR%5d&amp;original_title=%20&amp;season=%20&amp;show_original_year=%20&amp;tmdbid=%20&amp;url=-1001402382061&quot;,return)</onclick>
<onclick condition="Container(135).HasFocus(2)">ActivateWindow(10025,&quot;plugin://plugin.video.telemedia/?data=-1001328778704&amp;dates=%20&amp;description=%0afrom_plot&amp;eng_name=%20&amp;episode=%20&amp;fanart&amp;fav_status=false&amp;heb_name=%20&amp;iconimage&amp;id=%20&amp;image_master&amp;isr=0&amp;last_id&amp;mode=31&amp;name=%5bCOLOR%20khaki%5d%d7%92%d7%95%d7%a1%d7%98%20%d7%a1%d7%a8%d7%98%d7%99%d7%9d-%d7%a8%d7%90%d7%a9%d7%99-1%5b%2fCOLOR%5d&amp;original_title=%20&amp;season=%20&amp;show_original_year=%20&amp;tmdbid=%20&amp;url=-1001328778704&quot;,return)</onclick>
<onclick condition="Container(135).HasFocus(3)">ActivateWindow(10025,&quot;plugin://plugin.video.telemedia/?data=-1001225879972&amp;dates=%20&amp;description=%0afrom_plot&amp;eng_name=%20&amp;episode=%20&amp;fanart&amp;fav_status=false&amp;heb_name=%20&amp;iconimage&amp;id=%20&amp;image_master&amp;isr=0&amp;last_id&amp;mode=31&amp;name=%5bCOLOR%20khaki%5d%d7%92%d7%95%d7%a1%d7%98%20%d7%a1%d7%a8%d7%98%d7%99%d7%9d-%d7%a8%d7%90%d7%a9%d7%99-2%5b%2fCOLOR%5d&amp;original_title=%20&amp;season=%20&amp;show_original_year=%20&amp;tmdbid=%20&amp;url=-1001225879972&quot;,return)</onclick>
<onclick condition="Container(135).HasFocus(4)">ActivateWindow(10502,&quot;plugin://plugin.audio.My.Music/?cat_level=%20&amp;count=0&amp;description&amp;fanart=http%3a%2f%2fsf.co.ua%2f12%2f09%2fwallpaper-2230830.jpg&amp;iconimage=http%3a%2f%2fngarba.xyz%2fadds%2fyos%2f16.jpg&amp;index_depth=0&amp;lang=%20&amp;mode=18&amp;name=%5bB%5d%5bCOLOR%20burlywood%5d-%d7%90%d7%97%d7%a8%d7%95%d7%a0%d7%99%d7%9d%20%5b%2fCOLOR%5d%5b%2fB%5d%5bB%5d%5bCOLOR%20aqua%5d%d7%a1%d7%a8%d7%98%d7%99%d7%9d-%20%5b%2fCOLOR%5d%5b%2fB%5d&amp;page&amp;selected_list=%20&amp;url=movie&quot;,return)</onclick>
<onclick condition="Container(135).HasFocus(5)">ActivateWindow(10025,&quot;plugin://plugin.video.FlashTV/?cat_level=%20&amp;count=0&amp;description&amp;fanart=http%3a%2f%2fsf.co.ua%2f12%2f09%2fwallpaper-2230830.jpg&amp;iconimage=http%3a%2f%2fngarba.xyz%2fadds%2fyos%2f16.jpg&amp;index_depth=0&amp;lang=%20&amp;mode=18&amp;name=%5bB%5d%5bCOLOR%20burlywood%5d-%d7%90%d7%97%d7%a8%d7%95%d7%a0%d7%99%d7%9d%20%5b%2fCOLOR%5d%5b%2fB%5d%5bB%5d%5bCOLOR%20aqua%5d%d7%a1%d7%a8%d7%98%d7%99%d7%9d-%20%5b%2fCOLOR%5d%5b%2fB%5d&amp;page&amp;selected_list=%20&amp;url=movie&quot;,return)</onclick>
<onback>9000</onback>
<orientation>vertical</orientation>
<preloaditems>2</preloaditems>
<itemlayout width="220" height="240">
<control type="label">
<posx>0</posx>
<posy>0</posy>
<width>500</width>
<height>40</height>
<label>$INFO[ListItem.Label]</label>
</control>
</itemlayout>
<focusedlayout width="220" height="240">
<control type="label">
<visible>!control.hasfocus(135)</visible>
<posx>0</posx>
<posy>0</posy>
<width>500</width>
<height>40</height>
<label>$INFO[ListItem.Label]</label>
</control>
<control type="label">
<animation condition="Control.HasFocus(135)" effect="fade" start="0" end="100" time="1100" pulse="true">Conditional</animation>
<visible>control.hasfocus(135)</visible>
<posx>0</posx>
<posy>0</posy>
<width>500</width>
<height>40</height>
<textcolor>yellow</textcolor>
<label>[B]$INFO[ListItem.Label][/B]</label>
</control>
</focusedlayout>
<content>
<item id="1">
<label>סרטים 1</label>
<onclick>control.setfocus(255)</onclick>
</item>
<item id="2">
<label>סרטים 2</label>
<onclick>control.setfocus(256)</onclick>
</item>
<item id="3">
<label>סרטים 3</label>
<onclick>control.setfocus(257)</onclick>
</item>
<item id="4">
<label>סרטים 4</label>
<onclick>control.setfocus(258)</onclick>
</item>
<item id="5">
<label>סרטים 5</label>
<onclick>control.setfocus(259)</onclick>
</item>
</content>
</control>
</control>
</include>


<include name="mainsecreenmovietime">
<definition>
<control type="group">
<animation condition="$EXP[mainmoviesscreen]" effect="fade" start="100" end="0" time="150">Conditional</animation>
<animation condition="Window.IsActive(6829) | Window.IsActive(6762)" effect="slide" start="0,0" end="0,-800" time="350" tween="sine" easing="inout">Conditional</animation>
<animation condition="Window.IsActive(6830)" effect="slide" start="0,0" end="0,-100" time="250" tween="sine" easing="inout">Conditional</animation>
<animation condition="Window.IsActive(6832)" effect="slide" start="0,0" end="0,-500" time="250" tween="sine" easing="inout">Conditional</animation>
<animation condition="Window.IsActive(6831) | Window.IsActive(6835) | Window.IsActive(6836) | Window.IsActive(6751) | Window.IsActive(6904) | Window.IsActive(6829) | Window.IsActive(6920)" effect="slide" start="0,0" end="0,-800" time="250" tween="sine" easing="inout">Conditional</animation>
<visible>Container(135).HasFocus($PARAM[itemnumber])</visible>
<animation effect="fade" time="350">VisibleChange</animation>
<control type="image">
<animation condition="Control.HasFocus(135) | Control.HasFocus(255) | Control.HasFocus(256) | Control.HasFocus(257) | Control.HasFocus(258) | Control.HasFocus(259) | Control.HasFocus(260)" effect="slide" start="0,0" end="1800,0" time="250" tween="sine" easing="inout">Conditional</animation>
<posx>-1500</posx>
<posy>745</posy>
<width>1300</width>
<height>330</height>
<texture>special://skin/extras/common/context_middle.png</texture>
</control>



<control type="label">
<animation condition="Control.HasFocus(135) | Control.HasFocus(255) | Control.HasFocus(256) | Control.HasFocus(257) | Control.HasFocus(258) | Control.HasFocus(259) | Control.HasFocus(260)" effect="slide" start="0,0" end="-1260,0" time="250" tween="sine" easing="inout">Conditional</animation>
<posx>2800</posx>
<posy>735</posy>
<width>1000</width>
<height>50</height>
<align>right</align>
<font>font-21-newrecommnded</font>
<label>$INFO[Container($PARAM[stringid]).ListItem.Label]</label>
</control>
<control type="label">
<animation condition="Player.HasVideo | Player.HasAusio" effect="slide" start="0,0" end="0,30" time="250" tween="sine" easing="inout">Conditional</animation>
<visible>Player.HasVideo | Player.HasAudio</visible>
<posx>2500</posx>
<posy>630</posy>
<width>1000</width>
<height>50</height>
<align>right</align>
<font>font-21-newrecommnded</font>
<label>מתנגן ברקע: $INFO[Container($PARAM[stringid]).ListItem.Label]</label>
</control>
<control type="textbox">
<centerleft>54%</centerleft>
<animation condition="Control.HasFocus(135) | Control.HasFocus(255) | Control.HasFocus(256) | Control.HasFocus(257) | Control.HasFocus(258) | Control.HasFocus(259) | Control.HasFocus(260)" effect="slide" start="0,0" end="0,-1000" time="250" tween="sine" easing="inout">Conditional</animation>
<animation condition="Window.IsActive(6831) | Window.IsActive(6831) | Window.IsActive(6835) | Window.IsActive(6836)  | Window.IsActive(6830)  | Window.IsActive(6904) | Window.IsActive(6829) | Window.IsActive(6920)" effect="slide" start="0,0" end="0,3000" time="250" tween="sine" easing="inout">Conditional</animation>
<posy>1920</posy>
<width>1000</width>
<height>145</height>
<align>right</align>
<textcolor>white</textcolor>
<shadowcolor>black</shadowcolor>
<autoscroll fade="2550" time="4500" repeat="4000"></autoscroll>
<label>$INFO[Container($PARAM[stringid]).ListItem.Plot]</label>
</control>
<control type="label">
<animation condition="Control.HasFocus(135) | Control.HasFocus(255) | Control.HasFocus(256) | Control.HasFocus(257) | Control.HasFocus(258) | Control.HasFocus(259) | Control.HasFocus(260)" effect="slide" start="0,0" end="0,1680" time="450" tween="sine" easing="inout">Conditional</animation>
<centerleft>54%</centerleft>
<posy>-810</posy>
<width>1000</width>
<height>40</height>
<align>right</align>
<label>[COLOR gray][I]$INFO[Container($PARAM[stringid]).ListItem.Genre][/COLOR][/I] [COLOR white]סגנון: [/COLOR]</label>
</control>
<control type="label">
<animation condition="Control.HasFocus(135) | Control.HasFocus(255) | Control.HasFocus(256) | Control.HasFocus(257) | Control.HasFocus(258) | Control.HasFocus(259) | Control.HasFocus(260)" effect="slide" start="0,0" end="0,1730" time="450" tween="sine" easing="inout">Conditional</animation>
<centerleft>54%</centerleft>
<posy>-900</posy>
<width>1000</width>
<height>40</height>
<align>right</align>
<font>font-20b</font>
<label>[B][COLOR deepskyblue]$INFO[Container($PARAM[stringid]).ListItem.Year][/COLOR][/B] [COLOR white]שנה: [/COLOR]</label>
</control>
<control type="label">
<animation condition="Control.HasFocus(135) | Control.HasFocus(255) | Control.HasFocus(256) | Control.HasFocus(257) | Control.HasFocus(258) | Control.HasFocus(259) | Control.HasFocus(260)" effect="slide" start="0,0" end="0,1780" time="450" tween="sine" easing="inout">Conditional</animation>
<centerleft>54%</centerleft>
<posy>-995</posy>
<width>1000</width>
<height>40</height>
<align>right</align>
<label>דירוג: </label>
</control>
<control type="image">
<animation condition="Control.HasFocus(135) | Control.HasFocus(255) | Control.HasFocus(256) | Control.HasFocus(257) | Control.HasFocus(258) | Control.HasFocus(259) | Control.HasFocus(260)" effect="slide" start="0,0" end="0,1785" time="450" tween="sine" easing="inout">Conditional</animation>
<centerleft>73%</centerleft>
<posy>-995</posy>
<width>120</width>
<height>35</height>
<texture fallback="special://skin/extras/flags/stars/7.8.png">special://skin/extras/flags/stars/$INFO[Container($PARAM[stringid]).ListItem.Rating].png</texture>
</control>
<control type="multiimage">
<posx>-580</posx>
<posy>750</posy>
<width>180</width>
<height>180</height>
<fadetime>250</fadetime>
<animation condition="Control.HasFocus(135) | Control.HasFocus(255) | Control.HasFocus(256) | Control.HasFocus(257) | Control.HasFocus(258) | Control.HasFocus(259) | Control.HasFocus(260)" effect="slide" start="0,0" end="1040,0" time="250" tween="sine" easing="inout">Conditional</animation>
<animation condition="Control.HasFocus(135) | Control.HasFocus(255) | Control.HasFocus(256) | Control.HasFocus(257) | Control.HasFocus(258) | Control.HasFocus(259) | Control.HasFocus(260)" effect="rotate" center="auto" start="360" end="-360" time="50000" pulse="true" reversible="true">Conditional</animation>
<imagepath diffuse="special://skin/extras/cdart-mask.png">$INFO[Container($PARAM[stringid]).ListItem.Art(thumb)]</imagepath>
</control>
<control type="label">
<animation condition="String.IsEqual(Container($PARAM[stringid]).ListItem.Year,2020)" effect="fade" start="0" end="100" pulse="true" time="1100">Conditional</animation>
<visible>String.IsEqual(Container($PARAM[stringid]).ListItem.Year,2020)</visible>
<animation condition="Control.HasFocus(135) | Control.HasFocus(255) | Control.HasFocus(256) | Control.HasFocus(257) | Control.HasFocus(258) | Control.HasFocus(259) | Control.HasFocus(260)" effect="slide" start="0,0" end="0,1730" time="450" tween="sine" easing="inout">Conditional</animation>
<centerleft>22%</centerleft>
<posy>-975</posy>
<width>1000</width>
<height>40</height>
<align>right</align>
<font>font-21-power</font>
<textcolor>white</textcolor>
<shadowcolor>black</shadowcolor>
<label>[B]חדש[/B]</label>
</control>
<control type="label">
<animation condition="String.Contains(Container($PARAM[stringid]).ListItem.Label,מדובב) | String.Contains(Container($PARAM[stringid]).ListItem.Plot,מדובב)" effect="fade" start="0" end="100" pulse="true" time="1100">Conditional</animation>
<visible>String.Contains(Container($PARAM[stringid]).ListItem.Label,מדובב) | String.Contains(Container($PARAM[stringid]).ListItem.Plot,מדובב)</visible>
<animation condition="Control.HasFocus(135) | Control.HasFocus(255) | Control.HasFocus(256) | Control.HasFocus(257) | Control.HasFocus(258) | Control.HasFocus(259) | Control.HasFocus(260)" effect="slide" start="0,0" end="0,1730" time="450" tween="sine" easing="inout">Conditional</animation>
<centerleft>34%</centerleft>
<posy>-975</posy>
<width>1000</width>
<height>40</height>
<align>right</align>
<font>font-21-power</font>
<textcolor>white</textcolor>
<shadowcolor>black</shadowcolor>
<label>[B]מדובב[/B]</label>
</control>
<control type="multiimage">
<animation condition="Control.HasFocus(135) | Control.HasFocus(255) | Control.HasFocus(256) | Control.HasFocus(257) | Control.HasFocus(258) | Control.HasFocus(259) | Control.HasFocus(260)" effect="slide" start="0,0" end="880,0" time="450" tween="sine" easing="inout">Conditional</animation>
<posx>-520</posx>
<posy>750</posy>
<width>200</width>
<height>200</height>
<fadetime>250</fadetime>
<imagepath>$INFO[Container($PARAM[stringid]).ListItem.Art(poster)]</imagepath>
</control>
<control type="image">
<visible>!Integer.IsGreater(Container($PARAM[stringid]).NumItems,0)</visible>
<posx>950</posx>
<posy>80</posy>
<width>120</width>
<height>120</height>
<aspectratio>keep</aspectratio>
<texture>special://skin/extras/specialbuttons/loading.gif</texture>
</control>
<control type="list" id="$PARAM[stringid]">
<posx>200</posx>
<posy>5</posy>
<width>1750</width>
<height>500</height>
<onback>135</onback>
<onup>135</onup>
<ondown>135</ondown>
<onclick condition="String.Contains(Container($PARAM[stringid]).ListItem.Label,חיפוש)">ActivateWindow(10025,&quot;plugin://plugin.video.shadow/?all_w=%7b%7d&amp;data=%20&amp;dates=%20&amp;description=Search&amp;eng_name=%20&amp;episode=%20&amp;fanart=https%3a%2f%2fsearchengineland.com%2ffigz%2fwp-content%2fseloads%2f2017%2f12%2fcompare-seo-ss-1920-800x450.jpg&amp;fav_status=false&amp;heb_name=%20&amp;iconimage=C%3a%5cUsers%5cneta%5cAppData%5cRoaming%5cKodi%5caddons%5cplugin.video.shadow%5cresources%5cartwork_shinobi%2fsearch.png&amp;id=%20&amp;image_master&amp;isr=0&amp;last_id&amp;mode=5&amp;name=Search&amp;original_title=%20&amp;season=%20&amp;show_original_year=%20&amp;tmdbid=%20&amp;url=www&amp;video_data=%7b%22rating%22%3a%20%220%22%2c%20%22episode%22%3a%200%2c%20%22title%22%3a%20%22Search%22%2c%20%22season%22%3a%200%2c%20%22TVshowtitle%22%3a%20%22%22%2c%20%22mediatype%22%3a%20%22movie%22%2c%20%22plot%22%3a%20%22Search%22%2c%20%22OriginalTitle%22%3a%20%22%20%22%2c%20%22Tag%22%3a%20%22None%22%7d&quot;,return)</onclick>
<preloaditems>2</preloaditems>
<orientation>horizontal</orientation>
<scrolltime tween="sine" easing="inout">350</scrolltime>
<itemlayout width="220" height="400">
<control type="image">
<posx>0</posx>
<posy>0</posy>
<width>200</width>
<height>260</height>
<texture fallback="special://skin/extras/fallbacks/NoActor.png">$INFO[ListItem.Thumb]</texture>
</control>
<control type="image">
<visible>IsEmpty(ListItem.Thumb)</visible>
<posx>0</posx>
<posy>0</posy>
<width>200</width>
<height>260</height>
<texture fallback="special://skin/extras/fallbacks/NoActor.png">$INFO[ListItem.Art(poster)]</texture>
</control>
<control type="image">
<visible>IsEmpty(ListItem.Thumb) + IsEmpty(ListItem.Art(poster)</visible>
<posx>0</posx>
<posy>0</posy>
<width>200</width>
<height>260</height>
<texture fallback="special://skin/extras/fallbacks/NoActor.png">$INFO[ListItem.Art(fanart)]</texture>
</control>
</itemlayout>
<focusedlayout width="220" height="400">
<control type="image">
<visible>!control.hasfocus($PARAM[stringid])</visible>
<posx>0</posx>
<posy>0</posy>
<width>200</width>
<height>260</height>
<texture fallback="special://skin/extras/fallbacks/NoActor.png">$INFO[ListItem.Thumb]</texture>
</control>
<control type="image">
<visible>!control.hasfocus($PARAM[stringid])</visible>
<visible>IsEmpty(ListItem.Thumb)</visible>
<posx>0</posx>
<posy>0</posy>
<width>200</width>
<height>260</height>
<texture fallback="special://skin/extras/fallbacks/NoActor.png">$INFO[ListItem.Art(poster)]</texture>
</control>
<control type="image">
<visible>control.hasfocus($PARAM[stringid])</visible>
<posx>0</posx>
<posy>0</posy>
<width>200</width>
<height>260</height>
<bordertexture colordiffuse="gray">white.png</bordertexture>
<bordersize>8</bordersize>
<texture fallback="special://skin/extras/fallbacks/NoActor.png">$INFO[ListItem.Thumb]</texture>
</control>
<control type="image">
<visible>control.hasfocus($PARAM[stringid])</visible>
<visible>IsEmpty(ListItem.Thumb)</visible>
<posx>0</posx>
<posy>0</posy>
<width>200</width>
<height>260</height>
<bordertexture colordiffuse="gray">white.png</bordertexture>
<bordersize>8</bordersize>
<texture fallback="special://skin/extras/fallbacks/NoActor.png">$INFO[ListItem.Thumb]</texture>
</control>
<control type="image">
<visible>IsEmpty(ListItem.Thumb) + IsEmpty(ListItem.Art(poster)</visible>
<visible>control.hasfocus($PARAM[stringid])</visible>
<posx>0</posx>
<posy>0</posy>
<width>200</width>
<height>260</height>
<bordertexture colordiffuse="gray">white.png</bordertexture>
<bordersize>8</bordersize>
<texture fallback="special://skin/extras/fallbacks/NoActor.png">$INFO[ListItem.Art(fanart)]</texture>
</control>
</focusedlayout>
<content sortby="$PARAM[sortby]" sortorder="$PARAM[sortorder]">$PARAM[content]</content>
</control>
</control>
</definition>
</include>


<include name="ghostlatestmoviesoldnew">
<definition>
<control type="group">
<visible>Container(135).HasFocus($PARAM[itemnumber])</visible>
<animation effect="fade" time="350">VisibleChange</animation>
<control type="image">
<animation condition="Control.HasFocus($PARAM[stringid]) | Control.HasFocus(135)" effect="slide" start="0,0" end="1800,0" time="250" tween="sine" easing="inout">Conditional</animation>
<posx>-1500</posx>
<posy>745</posy>
<width>1300</width>
<height>330</height>
<texture>special://skin/extras/common/context_middle.png</texture>
</control>
<control type="label">
<animation condition="Control.HasFocus($PARAM[stringid]) | Control.HasFocus(135)" effect="slide" start="0,0" end="-960,0" time="250" tween="sine" easing="inout">Conditional</animation>
<visible>![Player.HasVideo]</visible>
<posx>2500</posx>
<posy>735</posy>
<width>1000</width>
<height>50</height>
<align>right</align>
<font>font-21-newrecommnded</font>
<label>$INFO[Container($PARAM[stringid]).ListItem.Label]</label>
</control>
<control type="textbox">
<centerleft>54%</centerleft>
<animation condition="Control.HasFocus($PARAM[stringid]) | Control.HasFocus(135)" effect="slide" start="0,0" end="0,-1000" time="250" tween="sine" easing="inout">Conditional</animation>
<posy>1920</posy>
<width>1000</width>
<height>145</height>
<align>right</align>
<textcolor>white</textcolor>
<shadowcolor>black</shadowcolor>
<autoscroll fade="2550" time="4500" repeat="4000"></autoscroll>
<label>$INFO[Container($PARAM[stringid]).ListItem.Plot]</label>
</control>
<control type="label">
<animation condition="Control.HasFocus($PARAM[stringid]) | Control.HasFocus(135)" effect="slide" start="0,0" end="0,1680" time="450" tween="sine" easing="inout">Conditional</animation>
<centerleft>54%</centerleft>
<posy>-810</posy>
<width>1000</width>
<height>40</height>
<align>right</align>
<label>[COLOR gray][I]$INFO[Container($PARAM[stringid]).ListItem.Genre][/COLOR][/I] [COLOR white]סגנון: [/COLOR]</label>
</control>
<control type="label">
<animation condition="Control.HasFocus($PARAM[stringid]) | Control.HasFocus(135)" effect="slide" start="0,0" end="0,1730" time="450" tween="sine" easing="inout">Conditional</animation>
<centerleft>54%</centerleft>
<posy>-900</posy>
<width>1000</width>
<height>40</height>
<align>right</align>
<font>font-20b</font>
<label>[B][COLOR deepskyblue]$INFO[Container($PARAM[stringid]).ListItem.Year][/COLOR][/B] [COLOR white]שנה: [/COLOR]</label>
</control>
<control type="label">
<animation condition="Control.HasFocus($PARAM[stringid] | Control.HasFocus(135)" effect="slide" start="0,0" end="0,1780" time="450" tween="sine" easing="inout">Conditional</animation>
<centerleft>54%</centerleft>
<posy>-995</posy>
<width>1000</width>
<height>40</height>
<align>right</align>
<label>דירוג: </label>
</control>
<control type="image">
<animation condition="Control.HasFocus($PARAM[stringid]) | Control.HasFocus(135)" effect="slide" start="0,0" end="0,1785" time="450" tween="sine" easing="inout">Conditional</animation>
<centerleft>73%</centerleft>
<posy>-995</posy>
<width>120</width>
<height>35</height>
<texture fallback="special://skin/extras/flags/stars/7.8.png">special://skin/extras/flags/stars/$INFO[Container($PARAM[stringid]).ListItem.Rating].png</texture>
</control>
<control type="multiimage">
<posx>-580</posx>
<posy>750</posy>
<width>180</width>
<height>180</height>
<fadetime>250</fadetime>
<animation condition="Control.HasFocus($PARAM[stringid]) | Control.HasFocus(135)" effect="slide" start="0,0" end="1040,0" time="250" tween="sine" easing="inout">Conditional</animation>
<animation condition="Control.HasFocus($PARAM[stringid]) | Control.HasFocus(135)" effect="rotate" center="auto" start="360" end="-360" time="50000" pulse="true" reversible="true">Conditional</animation>
<imagepath diffuse="special://skin/extras/cdart-mask.png">$INFO[Container($PARAM[stringid]).ListItem.Art(thumb)]</imagepath>
</control>
<control type="multiimage">
<animation condition="Control.HasFocus($PARAM[stringid]) | Control.HasFocus(135)" effect="slide" start="0,0" end="880,0" time="450" tween="sine" easing="inout">Conditional</animation>
<posx>-520</posx>
<posy>750</posy>
<width>200</width>
<height>200</height>
<fadetime>250</fadetime>
<imagepath>$INFO[Container($PARAM[stringid]).ListItem.Art(poster)]</imagepath>
</control>
<control type="image">
<visible>!Integer.IsGreater(Container($PARAM[stringid]).NumItems,0)</visible>
<posx>950</posx>
<posy>80</posy>
<width>120</width>
<height>120</height>
<aspectratio>keep</aspectratio>
<texture>special://skin/extras/specialbuttons/loading.gif</texture>
</control>
<control type="list" id="$PARAM[stringid]">
<posx>200</posx>
<posy>5</posy>
<width>1750</width>
<height>500</height>
<onback>135</onback>
<onup>135</onup>
<ondown>135</ondown>
<preloaditems>2</preloaditems>
<orientation>horizontal</orientation>
<scrolltime tween="sine" easing="inout">350</scrolltime>
<itemlayout width="220" height="400">
<control type="image">
<posx>0</posx>
<posy>0</posy>
<width>200</width>
<height>260</height>
<texture fallback="special://skin/extras/fallbacks/NoActor.png">$INFO[ListItem.Thumb]</texture>
</control>
<control type="image">
<visible>IsEmpty(ListItem.Thumb)</visible>
<posx>0</posx>
<posy>0</posy>
<width>200</width>
<height>260</height>
<texture fallback="special://skin/extras/fallbacks/NoActor.png">$INFO[ListItem.Art(poster)]</texture>
</control>
<control type="image">
<visible>IsEmpty(ListItem.Thumb) + IsEmpty(ListItem.Art(poster)</visible>
<posx>0</posx>
<posy>0</posy>
<width>200</width>
<height>260</height>
<texture fallback="special://skin/extras/fallbacks/NoActor.png">$INFO[ListItem.Art(fanart)]</texture>
</control>
</itemlayout>
<focusedlayout width="220" height="400">
<control type="image">
<visible>!control.hasfocus($PARAM[stringid])</visible>
<posx>0</posx>
<posy>0</posy>
<width>200</width>
<height>260</height>
<texture fallback="special://skin/extras/fallbacks/NoActor.png">$INFO[ListItem.Thumb]</texture>
</control>
<control type="image">
<visible>!control.hasfocus($PARAM[stringid])</visible>
<visible>IsEmpty(ListItem.Thumb)</visible>
<posx>0</posx>
<posy>0</posy>
<width>200</width>
<height>260</height>
<texture fallback="special://skin/extras/fallbacks/NoActor.png">$INFO[ListItem.Art(poster)]</texture>
</control>
<control type="image">
<visible>control.hasfocus($PARAM[stringid])</visible>
<posx>0</posx>
<posy>0</posy>
<width>200</width>
<height>260</height>
<bordertexture colordiffuse="gray">white.png</bordertexture>
<bordersize>8</bordersize>
<texture fallback="special://skin/extras/fallbacks/NoActor.png">$INFO[ListItem.Thumb]</texture>
</control>
<control type="image">
<visible>control.hasfocus($PARAM[stringid])</visible>
<visible>IsEmpty(ListItem.Thumb)</visible>
<posx>0</posx>
<posy>0</posy>
<width>200</width>
<height>260</height>
<bordertexture colordiffuse="gray">white.png</bordertexture>
<bordersize>8</bordersize>
<texture fallback="special://skin/extras/fallbacks/NoActor.png">$INFO[ListItem.Thumb]</texture>
</control>
<control type="image">
<visible>IsEmpty(ListItem.Thumb) + IsEmpty(ListItem.Art(poster)</visible>
<posx>0</posx>
<posy>0</posy>
<width>200</width>
<height>260</height>
<texture fallback="special://skin/extras/fallbacks/NoActor.png">$INFO[ListItem.Art(poster)]</texture>
</control>
<control type="image">
<visible>IsEmpty(ListItem.Thumb) + IsEmpty(ListItem.Art(poster)</visible>
<visible>control.hasfocus($PARAM[stringid])</visible>
<posx>0</posx>
<posy>0</posy>
<width>200</width>
<height>260</height>
<bordertexture colordiffuse="gray">white.png</bordertexture>
<bordersize>8</bordersize>
<texture fallback="special://skin/extras/fallbacks/NoActor.png">$INFO[ListItem.Art(fanart)]</texture>
</control>
</focusedlayout>
<content sortby="$PARAM[sortby]" sortorder="$PARAM[sortorder]">$PARAM[content]</content>
</control>
</control>
</definition>
</include>


</includes>
