<?xml version="1.0" encoding="UTF-8"?>

<includes>


<include name="idanplusextended">
<definition>
<control type="group">
<posy>340</posy>
<control type="image">
<description>chan background</description>
<posx>750</posx>
<posy>400</posy>
<width>1260</width>
<height>325</height>
<texture>special://skin/extras/common/context_middle.png</texture>
</control>
<control type="image">
<animation condition="IsEmpty(Container($PARAM[stringid]).ListItem.Plot)" effect="slide" start="0,0" end="-2000,0" time="250" tween="sine" easing="inout">Conditional</animation>
<description>info background</description>
<posx>-60</posx>
<posy>570</posy>
<width>880</width>
<height>155</height>
<texture>special://skin/extras/common/context_middle.png</texture>
</control>
<control type="image">
<animation condition="IsEmpty(Container($PARAM[stringid]).ListItem.Plot)" effect="slide" start="0,0" end="-2000,0" time="250" tween="sine" easing="inout">Conditional</animation>
<description>info background</description>
<posx>-60</posx>
<posy>400</posy>
<width>880</width>
<height>165</height>
<texture>special://skin/extras/common/context_middle.png</texture>
</control>

<control type="image">
<animation condition="IsEmpty(Container($PARAM[stringid]).ListItem.Plot)" effect="slide" start="0,0" end="-1100,0" time="250" tween="sine" easing="inout">Conditional</animation>
<description>info background</description>
<posx>2500</posx>
<posy>340</posy>
<width>570</width>
<height>50</height>
<texture>special://skin/extras/common/context_middle.png</texture>
</control>

<control type="group">
<visible>$PARAM[notvisible]</visible>
<control type="textbox">
<animation condition="IsEmpty(Container($PARAM[stringid]).ListItem.Plot)" effect="slide" start="0,0" end="-2000,0" time="250" tween="sine" easing="inout">Conditional</animation>
<animation condition="$PARAM[labelcontains]" effect="slide" start="0,0" end="0,165" time="150" tween="sine" easing="inout">Conditional</animation>
<visible>!IsEmpty(Container($PARAM[stringid]).ListItem.Plot)</visible>
<posx>145</posx>
<posy>400</posy>
<width>640</width>
<height>215</height>
<align>right</align>
<label>$INFO[Container($PARAM[stringid]).ListItem.Label]</label>
</control>

<control type="textbox">
<visible>IsEmpty(Container($PARAM[stringid]).ListItem.Plot)</visible>
<posx>1050</posx>
<posy>350</posy>
<width>840</width>
<height>115</height>
<align>right</align>
<label>$INFO[Container($PARAM[stringid]).ListItem.Label]</label>
</control>

<control type="textbox">
<autoscroll fade="2550" time="3000" repeat="4000"></autoscroll>
<posx>140</posx>
<posy>580</posy>
<width>640</width>
<height>150</height>
<align>right</align>
<label>$INFO[Container($PARAM[stringid]).ListItem.Plot]</label>
</control>
</control>

<control type="panel" id="$PARAM[stringid]">
<posx>800</posx>
<posy>410</posy>
<width>1200</width>
<height>415</height>
<onback>4448</onback>
<onup>22</onup>
<orientation>horizontal</orientation>
<scrolltime tween="sine" easing="inout">350</scrolltime>
<itemlayout width="160" height="160">
<control type="image">
<posx>0</posx>
<posy>0</posy>
<width>150</width>
<height>150</height>
<texture>$INFO[ListItem.Thumb]</texture>
</control>
</itemlayout>
<focusedlayout width="160" height="160">
<control type="image">
<visible>!control.hasfocus($PARAM[stringid])</visible>
<posx>0</posx>
<posy>0</posy>
<width>150</width>
<height>150</height>
<texture>$INFO[ListItem.Thumb]</texture>
</control>
<control type="image">
<visible>control.hasfocus($PARAM[stringid])</visible>
<posx>0</posx>
<posy>0</posy>
<width>150</width>
<height>150</height>
<bordertexture colordiffuse="cyan">white.png</bordertexture>
<bordersize>4</bordersize>
<texture>$INFO[ListItem.Thumb]</texture>
</control>
</focusedlayout>
<content>$PARAM[chancontent]</content>
</control>
</control>
</definition>
</include>


<include name="thepowerofnewmusic">
<definition>
<control type="group">
<visible>Container(35).HasFocus($PARAM[radiopoweritemnumber])</visible>
<control type="multiimage">
<posx>1330</posx>
<posy>755</posy>
<width>250</width>
<height>260</height>
<fadetime>450</fadetime>
<imagepath>$INFO[Container($PARAM[musicpowerid]).ListItem.Thumb]</imagepath>
</control>
<control type="multiimage">
<posx>220</posx>
<posy>755</posy>
<width>250</width>
<height>260</height>
<fadetime>450</fadetime>
<imagepath>$INFO[Container($PARAM[musicpowerid]).ListItem.Thumb]</imagepath>
</control>


<control type="group">
<control type="label">
<posx>1600</posx>
<posy>685</posy>
<width>550</width>
<height>40</height>
<align>center</align>
<label>[COLOR deepskyblue]$INFO[MusicPlayer.Time][/COLOR][COLOR white] זמן ניגון: [/COLOR]</label>
</control>
</control>

<control type="group">
<visible>![Player.HasVideo | Player.HasAudio]</visible>
<control type="label">
<posx>150</posx>
<posy>685</posy>
<width>1550</width>
<height>40</height>
<align>center</align>
<textcolor>cyan</textcolor>
<label>ברוכים הבאים לנגן המרכזי</label>
</control>
</control>


<control type="group">
<visible>Player.HasVideo | Player.HasAudio</visible>
<control type="label">
<posx>120</posx>
<posy>685</posy>
<width>1550</width>
<height>40</height>
<align>center</align>
<textcolor>burlywood</textcolor>
<label>[COLOR deepskyblue]$INFO[MusicPlayer.Title][/COLOR][COLOR white] מתנגן עכשיו ברקע: [/COLOR]</label>
</control>
</control>


<control type="group">
<control type="label">
<posx>820</posx>
<posy>740</posy>
<width>500</width>
<height>40</height>
<textcolor>burlywood</textcolor>
<label>מידע על התחנה</label>
</control>
<control type="textbox">
<posx>650</posx>
<posy>800</posy>
<width>500</width>
<height>150</height>
<align>center</align>
<autoscroll fade="2550" time="2550" repeat="4000"></autoscroll>
<label>$INFO[Container($PARAM[musicpowerid]).ListItem.Plot]</label>
</control>
</control>
<control type="list" id="$PARAM[musicpowerid]">
<posx>1615</posx>
<posy>740</posy>
<width>500</width>
<height>330</height>
<onleft>8005</onleft>
<onback>35</onback>
<orientation>vertical</orientation>
<itemlayout width="220" height="40">
<control type="image">
<posx>0</posx>
<posy>5</posy>
<width>500</width>
<height>35</height>
<texture colordiffuse="99444444">white.png</texture>
</control>
<control type="label">
<posx>0</posx>
<posy>0</posy>
<width>500</width>
<height>40</height>
<align>right</align>
<label>$INFO[ListItem.Label]</label>
</control>
</itemlayout>
<focusedlayout width="220" height="40">
<control type="image">
<posx>0</posx>
<posy>5</posy>
<width>500</width>
<height>35</height>
<texture colordiffuse="99444444">white.png</texture>
</control>
<control type="image">
<visible>control.hasfocus($PARAM[musicpowerid])</visible>
<posx>0</posx>
<posy>5</posy>
<width>500</width>
<height>35</height>
<texture colordiffuse="gray">white.png</texture>
</control>
<control type="label">
<visible>!control.hasfocus($PARAM[musicpowerid])</visible>
<posx>0</posx>
<posy>0</posy>
<width>500</width>
<height>40</height>
<align>right</align>
<textcolor>white</textcolor>
<label>$INFO[ListItem.Label]</label>
</control>
<control type="label">
<visible>control.hasfocus($PARAM[musicpowerid])</visible>
<posx>0</posx>
<posy>0</posy>
<width>500</width>
<height>40</height>
<align>right</align>
<textcolor>black</textcolor>
<shadowcolor>white</shadowcolor>
<label>$INFO[ListItem.Label]</label>
</control>
</focusedlayout>
<content sortby="dateadded" sortorder="descending">$PARAM[radiopowercontent]</content>
</control>
</control>
</definition>
</include>

</includes>
