<?xml version="1.0" encoding="UTF-8"?>

<includes>


<include name="baseyesgocontent">
<definition>
<control type="group">
<visible>Container($PARAM[listid]).HasFocus($PARAM[listidfocus])</visible>
<control type="label">
<posx>1200</posx>
<posy>780</posy>
<width>800</width>
<height>40</height>
<align>right</align>
<font>font-21-newrecommnded</font>
<label>$INFO[Container($PARAM[baseyesgocontentid]).ListItem.Label]</label>
</control>
<control type="label">
<animation effect="fade" time="450">VisibleChange</animation>
<visible>!IsEmpty(Container($PARAM[baseyesgocontentid]).ListItem.Plot) + Control.HasFocus($PARAM[baseyesgocontentid])</visible>
<posx>1045</posx>
<posy>850</posy>
<width>250</width>
<height>40</height>
<label>תקציר סדרה:</label>
</control>
<control type="textbox">
<animation effect="fade" time="450">VisibleChange</animation>
<visible>Control.HasFocus($PARAM[baseyesgocontentid]) | Control.HasFocus(35)</visible>
<posx>400</posx>
<posy>895</posy>
<width>800</width>
<height>110</height>
<align>right</align>
<autoscroll fade="2550" time="3500" repeat="4000"></autoscroll>
<label>$INFO[Container($PARAM[baseyesgocontentid]).ListItem.Plot]</label>
</control>
<control type="multiimage">
<posx>1210</posx>
<posy>780</posy>
<width>180</width>
<height>220</height>
<fadetime>350</fadetime>
<imagepath>$INFO[Container($PARAM[baseyesgocontentid]).ListItem.Thumb]</imagepath>
</control>
<control type="list" id="$PARAM[baseyesgocontentid]">
<posx>35</posx>
<posy>760</posy>
<width>1800</width>
<height>500</height>
<onup>35</onup>
<onback>35</onback>
<onclick>Control.SetFocus(5000)</onclick>
<ondown>Control.SetFocus(5000)</ondown>
<orientation>horizontal</orientation>
<scrolltime tween="sine" easing="inout">350</scrolltime>
<itemlayout width="1450" height="100">
<control type="image">
<posx>0</posx>
<posy>0</posy>
<width>250</width>
<height>250</height>
<texture>$INFO[ListItem.Thumb]</texture>
</control>
</itemlayout>
<focusedlayout width="1450" height="100">
<control type="image">
<visible>!Control.HasFocus($PARAM[baseyesgocontentid])</visible>
<posx>0</posx>
<posy>0</posy>
<width>250</width>
<height>250</height>
<texture>$INFO[ListItem.Thumb]</texture>
</control>
<control type="image">
<visible>Control.HasFocus($PARAM[baseyesgocontentid])</visible>
<posx>0</posx>
<posy>0</posy>
<width>250</width>
<height>250</height>
<bordertexture colordiffuse="white">white.png</bordertexture>
<bordersize>4</bordersize>
<texture>$INFO[ListItem.Thumb]</texture>
</control>
</focusedlayout>
<content sortby="dateadded" sortorder="descending">$PARAM[yesgotvshowcontent]</content>
</control>
</control>
</definition>
</include>


<include name="yesgoepssodes">
<definition>
<control type="group">
<visible>String.Contains(Container($PARAM[containerid]).ListItem.Label,$PARAM[episodlabel])</visible>
<visible>$PARAM[notvisible]</visible>
<control type="button" id="5000">
<posx>0</posx>
<posy>0</posy>
<width>1</width>
<height>1</height>
<label>-</label>
<onfocus>Control.SetFocus($PARAM[episodid])</onfocus>
</control>
<control type="textbox">
<animation effect="fade" time="450">VisibleChange</animation>
<visible>Control.HasFocus($PARAM[episodid])</visible>
<posx>400</posx>
<posy>885</posy>
<width>800</width>
<height>110</height>
<align>right</align>
<label>$INFO[Container($PARAM[episodid]).ListItem.Plot]</label>
</control>
<control type="label">
<animation effect="fade" time="450">VisibleChange</animation>
<visible>Control.HasFocus($PARAM[episodid])</visible>
<posx>1065</posx>
<posy>850</posy>
<width>250</width>
<height>40</height>
<label>תקציר פרק:</label>
</control>
<control type="grouplist">
<posx>415</posx>
<posy>730</posy>
<width>1200</width>
<height>100</height>
<itemgap>100</itemgap>
<orientation>horizontal</orientation>
<control type="group">
<control type="label">
<posx>10</posx>
<posy>0</posy>
<width>150</width>
<height>40</height>
<label>[COLOR gray]$INFO[Container($PARAM[episodid]).ListItem.Episode][/COLOR] [COLOR white]פרק:[/COLOR]</label>
</control>
</control>
<control type="group">
<control type="image">
<posx>15</posx>
<posy>0</posy>
<width>2</width>
<height>40</height>
<texture colordiffuse="gray">white.png</texture>
</control>
<control type="label">
<posx>25</posx>
<posy>0</posy>
<width>150</width>
<height>40</height>
<label>[COLOR gray]$INFO[Container($PARAM[episodid]).ListItem.Season][/COLOR] [COLOR white]עונה:[/COLOR]</label>
</control>
</control>
<control type="group">
<control type="image">
<posx>20</posx>
<posy>0</posy>
<width>2</width>
<height>40</height>
<texture colordiffuse="gray">white.png</texture>
</control>
<control type="label">
<posx>35</posx>
<posy>0</posy>
<width>150</width>
<height>40</height>
<label>[COLOR gray]$INFO[Container($PARAM[episodid]).ListItem.Year][/COLOR] [COLOR white]שנה:[/COLOR]</label>
</control>
</control>
<control type="group">
<control type="image">
<posx>80</posx>
<posy>0</posy>
<width>2</width>
<height>40</height>
<texture colordiffuse="gray">white.png</texture>
</control>
<control type="label">
<posx>90</posx>
<posy>0</posy>
<width>150</width>
<height>40</height>
<align>center</align>
<label>$PARAM[freetext]</label>
</control>
</control>
<control type="group">
<control type="image">
<posx>150</posx>
<posy>0</posy>
<width>2</width>
<height>40</height>
<texture colordiffuse="gray">white.png</texture>
</control>
<control type="label">
<posx>140</posx>
<posy>0</posy>
<width>150</width>
<height>40</height>
<align>center</align>
<label>[B]$PARAM[networktext][/B]</label>
</control>
</control>
<control type="group">
<control type="image">
<posx>175</posx>
<posy>0</posy>
<width>2</width>
<height>40</height>
<texture colordiffuse="gray">white.png</texture>
</control>
<control type="label">
<posx>185</posx>
<posy>0</posy>
<width>150</width>
<height>40</height>
<label>$INFO[Container($PARAM[episodid]).ListItem.PercentPlayed]% [COLOR yellow]נצפה:[/COLOR]</label>
</control>
</control>
<control type="group">
<visible>!IsEmpty(Container($PARAM[episodid]).ListItem.Rating)</visible>
<control type="image">
<posx>210</posx>
<posy>0</posy>
<width>2</width>
<height>40</height>
<texture colordiffuse="gray">white.png</texture>
</control>
<control type="image">
<posx>220</posx>
<posy>5</posy>
<width>150</width>
<height>35</height>
<texture fallback="special://skin/extras/flags/stars/7.8.png">special://skin/extras/flags/stars/$INFO[Container($PARAM[episodid]).ListItem.Rating].png</texture>
</control>
</control>
</control>

<control type="group">
<posx>35</posx>
<posy>1020</posy>
<control type="image">
<posx>0</posx>
<posy>0</posy>
<width>250</width>
<height>40</height>
<texture>black.png</texture>
</control>
<control type="label">
<posx>0</posx>
<posy>0</posy>
<width>250</width>
<height>40</height>
<align>center</align>
<scroll>true</scroll>
<scrolltime>50</scrolltime>
<label>$INFO[Container($PARAM[episodid]).ListItem.Genre]</label>
</control>
</control>
<control type="list" id="$PARAM[episodid]">
<posx>440</posx>
<posy>1040</posy>
<width>1000</width>
<height>500</height>
<onback>5</onback>
<onup>5</onup>
<orientation>horizontal</orientation>
<itemlayout width="250" height="100">
<control type="label">
<posx>0</posx>
<posy>0</posy>
<width>180</width>
<height>220</height>
<align>center</align>
<label>$INFO[ListItem.Label]</label>
</control>
</itemlayout>
<focusedlayout width="250" height="100">
<control type="label">
<visible>!control.hasfocus($PARAM[episodid])</visible>
<posx>0</posx>
<posy>0</posy>
<width>180</width>
<height>220</height>
<align>center</align>
<label>$INFO[ListItem.Label]</label>
</control>
<control type="label">
<visible>control.hasfocus($PARAM[episodid])</visible>
<posx>0</posx>
<posy>0</posy>
<width>180</width>
<height>220</height>
<align>center</align>
<textcolor>yellow</textcolor>
<label>[B]$INFO[ListItem.Label][/B]</label>
</control>
</focusedlayout>
<content>$PARAM[episodcontent]</content>
</control>
</control>
</definition>
</include>
</includes>
