<?xml version="1.0" encoding="UTF-8"?>



<includes>


<include name="moviescontent">
<definition>
<control type="group">
<visible>Container($PARAM[containernumber]).HasFocus($PARAM[containeritem])</visible>
<control type="group">
<control type="image">
<animation condition="Control.HasFocus($PARAM[movieslistid]) | Control.HasFocus(135)" effect="slide" start="0,0" end="1500,0" time="150" tween="sine" easing="inout">Conditional</animation>
<visible>Control.HasFocus($PARAM[movieslistid]) | Control.HasFocus(135)</visible>
<posx>-1250</posx>
<posy>700</posy>
<width>1400</width>
<height>400</height>
<texture>special://skin/extras/common/context_middle.png</texture>
</control>
<control type="image">
<animation condition="Control.HasFocus($PARAM[movieslistid])" effect="slide" start="0,0" end="2600,0" time="450" tween="sine" easing="inout">Conditional</animation>
<visible>Control.HasFocus($PARAM[movieslistid])</visible>
<posx>-1250</posx>
<posy>720</posy>
<width>200</width>
<height>50</height>
<texture>$INFO[Window(Home).Property(SkinHelper.ListItem.Art.Clearlogo)]</texture>
</control>
<control type="image">
<animation condition="Control.HasFocus($PARAM[movieslistid])" effect="slide" start="0,0" end="2600,0" time="450" tween="sine" easing="inout">Conditional</animation>
<visible>Control.HasFocus($PARAM[movieslistid]) + IsEmpty(Window(Home).Property(SkinHelper.ListItem.Art.Clearlogo))</visible>
<posx>-1250</posx>
<posy>720</posy>
<width>250</width>
<height>150</height>
<texture>$INFO[Window(Home).Property(SkinHelper.ListItem.Art.Clearart)]</texture>
</control>
<control type="textbox">
<posx>750</posx>
<posy>780</posy>
<width>800</width>
<height>145</height>
<align>right</align>
<label>$INFO[Container($PARAM[movieslistid]).ListItem.Plot]</label>
</control>
<control type="image">
<animation condition="Window.IsActive(4023)" effect="rotate" center="auto" time="50000" start="360" end="-360" pulse="true" reversible="true">Conditional</animation>
<posx>350</posx>
<posy>710</posy>
<width>220</width>
<height>220</height>
<texture diffuse="special://skin/extras/cdart-mask.png">$INFO[Container($PARAM[movieslistid]).ListItem.Thumb]</texture>
</control>
<control type="multiimage">
<posx>200</posx>
<posy>700</posy>
<width>250</width>
<height>250</height>
<fadetime>250</fadetime>
<imagepath>$INFO[Container($PARAM[movieslistid]).ListItem.Thumb]</imagepath>
</control>
</control>
<control type="list" id="$PARAM[movieslistid]">
<animation effect="fade" time="450">VisibleChange</animation>
<posx>200</posx>
<posy>5</posy>
<width>1920</width>
<height>500</height>
<onback>135</onback>
<onup>135</onup>
<ondown>135</ondown>
<orientation>horizontal</orientation>
<scrolltime tween="sine" easing="inout">350</scrolltime>
<itemlayout width="230" height="500">
<control type="image">
<posx>0</posx>
<posy>0</posy>
<width>210</width>
<height>320</height>
<texture>$INFO[ListItem.Thumb]</texture>
</control>
</itemlayout>
<focusedlayout width="230" height="500">
<control type="image">
<visible>!Control.HasFocus($PARAM[movieslistid])</visible>
<posx>0</posx>
<posy>0</posy>
<width>210</width>
<height>320</height>
<texture>$INFO[ListItem.Thumb]</texture>
</control>
<control type="image">
<visible>Control.HasFocus($PARAM[movieslistid])</visible>
<posx>0</posx>
<posy>0</posy>
<width>210</width>
<height>320</height>
<bordertexture colordiffuse="gray">white.png</bordertexture>
<bordersize>6</bordersize>
<texture>$INFO[ListItem.Thumb]</texture>
</control>
</focusedlayout>
<content>$PARAM[moviescontentlist]</content>
</control>
</control>
</definition>
</include>

</includes>

