<?xml version="1.0" encoding="UTF-8"?>

<includes>


<include name="idanextras">
<definition>
<control type="group">
<posx>-20</posx>
<posy>260</posy>
<visible>$PARAM[visibleid]</visible>
<visible>$PARAM[notvisible]</visible>
<control type="button" id="4452">
<posx>0</posx>
<posy>0</posy>
<width>1</width>
<height>1</height>
<label>-</label>
<onfocus>Control.SetFocus($PARAM[stringid])</onfocus>
</control>
<control type="button" id="4453">
<posx>0</posx>
<posy>0</posy>
<width>1</width>
<height>1</height>
<label>-</label>
<onfocus>Control.SetFocus($PARAM[stringid])</onfocus>
</control>
<control type="wraplist" id="$PARAM[stringid]">
<posx>275</posx>
<posy>540</posy>
<width>1200</width>
<height>250</height>
<onback>5</onback>
<onup>SetFocus($PARAM[onup])</onup>
<focusposition>0</focusposition>
<scrolltime tween="sine" easing="inout">450</scrolltime>
<orientation>horizontal</orientation>
<itemlayout width="240" height="180">
<control type="image">
<posx>0</posx>
<posy>0</posy>
<width>235</width>
<height>150</height>
<texture colordiffuse="black">white.png</texture>
</control>
<control type="textbox">
<posx>0</posx>
<posy>0</posy>
<width>220</width>
<height>150</height>
<align>right</align>
<label>$INFO[ListItem.Label]</label>
</control>
</itemlayout>
<focusedlayout width="240" height="180">
<control type="image">
<posx>0</posx>
<posy>0</posy>
<width>235</width>
<height>150</height>
<texture colordiffuse="black">white.png</texture>
</control>
<control type="textbox">
<posx>0</posx>
<posy>0</posy>
<width>220</width>
<height>150</height>
<align>right</align>
<autoscroll fade="2550" time="4550" repeat="4000"></autoscroll>
<label>$INFO[ListItem.Label]</label>
</control>
</focusedlayout>
<content limit="25">$PARAM[episodcontent]</content>
</control>
<control type="image">
<visible>Control.HasFocus($PARAM[stringid])</visible>
<posx>270</posx>
<posy>535</posy>
<width>245</width>
<height>160</height>
<texture colordiffuse="deepskyblue" border="4,4,4,4">special://skin/extras/views/cover_panel_fo.png</texture>
</control>
</control>
</definition>
</include>


<!--<include name="mainsecreenlatestsmovies">
<control type="group">
<animation condition="$EXP[mainmoviesscreen]" effect="fade" start="100" end="0" time="150">Conditional</animation>
<animation condition="Player.HasVideo | Player.HasAudio" effect="slide" start="0,0" end="-600,0" time="250" tween="sine" easing="inout">Conditional</animation>
<animation condition="Window.IsActive(6829) | Window.IsActive(6762)" effect="slide" start="0,0" end="0,-800" time="350" tween="sine" easing="inout">Conditional</animation>
<animation condition="Window.IsActive(6830)" effect="slide" start="0,0" end="0,-100" time="250" tween="sine" easing="inout">Conditional</animation>
<animation condition="Window.IsActive(6832)" effect="slide" start="0,0" end="0,-500" time="250" tween="sine" easing="inout">Conditional</animation>
<animation condition="Window.IsActive(6831) | Window.IsActive(6835) | Window.IsActive(6836) | Window.IsActive(6751)" effect="slide" start="0,0" end="0,-800" time="250" tween="sine" easing="inout">Conditional</animation>
<control type="group">
<visible>Control.HasFocus(255)</visible>
<control type="image">
<animation condition="Control.HasFocus(255)+ !IsEmpty(Container(255).ListItem.Label)" effect="slide" start="0,0" end="1800,0" time="350" tween="cubic" easing="inout">Conditional</animation>
<posx>-1550</posx>
<posy>350</posy>
<width>1420</width>
<height>420</height>
<texture>special://skin/extras/common/context_middle.png</texture>
</control>
<control type="group">
<animation condition="Control.HasFocus(255) + !IsEmpty(Container(255).ListItem.Label)" effect="slide" start="0,0" end="-2800,0" time="350" tween="cubic" easing="inout">Conditional</animation>
<posx>2500</posx>
<posy>350</posy>
<control type="label">
<visible>!IsEmpty(Container(255).ListItem.Label)</visible>
<posx>1895</posx>
<posy>0</posy>
<width>850</width>
<height>50</height>
<align>right</align>
<font>font-21-recommnded</font>
<label>$INFO[Container(255).ListItem.Label]</label>
</control>
<visible>![Player.HasVideo | Player.HasAudio]</visible>
<posy>-40</posy>
<control type="label">
<visible>!IsEmpty(Container(255).ListItem.Genre)</visible>
<posx>1900</posx>
<posy>100</posy>
<width>650</width>
<height>40</height>
<align>right</align>
<label>[COLOR gray][I]$INFO[Container(255).ListItem.Genre ][/COLOR][/I] סגנון: </label>
</control>
<control type="label">
<visible>!IsEmpty(Container(255).ListItem.Year)</visible>
<posx>1900</posx>
<posy>140</posy>
<width>920</width>
<height>40</height>
<align>right</align>
<label>[COLOR gray][I]$INFO[Container(255).ListItem.Year ][/COLOR][/I] שנה: </label>
</control>
<control type="label">
<visible>!IsEmpty(Container(255).ListItem.Year)</visible>
<posx>1890</posx>
<posy>180</posy>
<width>920</width>
<height>40</height>
<align>right</align>
<label>דירוג:</label>
</control>
<control type="image">
<posx>1690</posx>
<posy>142</posy>
<width>120</width>
<height>120</height>
<aspectratio>keep</aspectratio>
<texture>special://skin/extras/flags/stars/$INFO[Container(255).ListItem.Rating].png</texture>
</control>
<control type="textbox">
<visible>!IsEmpty(Container(255).ListItem.Plot)</visible>
<visible>![Player.HasVideo | Player.HasAudio]</visible>
<posx>1300</posx>
<posy>250</posy>
<width>600</width>
<height>135</height>
<align>right</align>
<autoscroll fade="2550" time="4550" repeat="4000"></autoscroll>
<label>$INFO[Container(255).ListItem.Plot]</label>
</control>
<control type="multiimage">
<posx>620</posx>
<posy>10</posy>
<width>400</width>
<height>400</height>
<fadetime>250</fadetime>
<imagepath>$INFO[Container(255).ListItem.Thumb]</imagepath>
</control>
</control>
</control>
<control type="image">
<visible>!Integer.IsGreater(Container(255).NumItems,0)</visible>
<posx>800</posx>
<posy>150</posy>
<width>120</width>
<height>120</height>
<aspectratio>keep</aspectratio>
<texture>special://skin/extras/specialbuttons/loading.gif</texture>
</control>
<control type="image">
<animation condition="Control.HasFocus(255) + String.IsEqual(Container(255).ListItem.Year,2020)" center="auto" effect="zoom" start="0,0" end="100,100" time="150">Conditional</animation>
<visible>Control.HasFocus(255) + String.IsEqual(Container(255).ListItem.Year,2020)</visible>
<posx>800</posx>
<posy>450</posy>
<width>150</width>
<height>150</height>
<texture>special://skin/extras/specialbuttons/new.png</texture>
</control>
<control type="list" id="255">
<posx>20</posx>
<posy>20</posy>
<width>1880</width>
<height>500</height>
<ondown>9000</ondown>
<onback>9000</onback>
<preloaditems>2</preloaditems>
<onup>ActivateWindow(10025,&quot;plugin://plugin.video.telemedia/?data=-1001402382061&amp;dates=%20&amp;description=%d7%92%27%d7%95%d7%9e%d7%a0%d7%92%27%d7%99%20%3a%20%d7%94%d7%a9%d7%9c%d7%91%20%d7%94%d7%91%d7%90%20%0a%d7%90%d7%99%d7%9b%d7%95%d7%aa%20%3a%20%d7%92%d7%a8%d7%95%d7%a2%d7%94%20%f0%9f%a4%ae%0a%e2%81%a6%e2%81%a6%d7%aa%d7%a8%d7%92%d7%95%d7%9d%20%d7%9e%d7%95%d7%91%d7%a0%d7%94%20%0a%40oriyatv%0afrom_plot&amp;eng_name=%20&amp;episode=%20&amp;fanart=C%3a%2fUsers%2fneta%2fAppData%2fRoaming%2fKodi%2fuserdata%2faddon_data%2fplugin.video.telemedia%2flogo%2f-1001402382061_big.jpg&amp;fav_status=false&amp;heb_name=%20&amp;iconimage=C%3a%2fUsers%2fneta%2fAppData%2fRoaming%2fKodi%2fuserdata%2faddon_data%2fplugin.video.telemedia%2flogo%2f-1001402382061_small.jpg&amp;id=%20&amp;image_master&amp;isr=0&amp;last_id&amp;mode=31&amp;name=%5bCOLOR%20khaki%5d%d7%9e%d7%90%d7%92%d7%a8%20%d7%a1%d7%a8%d7%98%d7%99%d7%9d%20%d7%9e%d7%9b%d7%9c%20%d7%94%d7%96%d7%9e%d7%a0%d7%99%d7%9d%5b%2fCOLOR%5d&amp;original_title=%20&amp;season=%20&amp;show_original_year=%20&amp;tmdbid=%20&amp;url=-1001402382061&quot;,return)</onup>
<scrolltime tween="sine" easing="inout">550</scrolltime>
<orientation>horizontal</orientation>
<itemlayout width="220" height="40">
<control type="image">
<posx>0</posx>
<posy>0</posy>
<width>200</width>
<height>280</height>
<texture>$INFO[ListItem.Thumb]</texture>
</control>
</itemlayout>
<focusedlayout width="220" height="40">
<control type="image">
<visible>!Control.hasFocus(255)</visible>
<posx>0</posx>
<posy>0</posy>
<width>200</width>
<height>280</height>
<texture>$INFO[ListItem.Thumb]</texture>
</control>
<control type="image">
<visible>Control.hasFocus(255)</visible>
<posx>0</posx>
<posy>0</posy>
<width>200</width>
<height>280</height>
<bordertexture colordiffuse="gray">white.png</bordertexture>
<bordersize>8</bordersize>
<texture>$INFO[ListItem.Thumb]</texture>
</control>
</focusedlayout>
<content>plugin://plugin.video.telemedia/?data=-1001402382061&amp;dates=%20&amp;description=%d7%92%27%d7%95%d7%9e%d7%a0%d7%92%27%d7%99%20%3a%20%d7%94%d7%a9%d7%9c%d7%91%20%d7%94%d7%91%d7%90%20%0a%d7%90%d7%99%d7%9b%d7%95%d7%aa%20%3a%20%d7%92%d7%a8%d7%95%d7%a2%d7%94%20%f0%9f%a4%ae%0a%e2%81%a6%e2%81%a6%d7%aa%d7%a8%d7%92%d7%95%d7%9d%20%d7%9e%d7%95%d7%91%d7%a0%d7%94%20%0a%40oriyatv%0afrom_plot&amp;eng_name=%20&amp;episode=%20&amp;fanart=C%3a%2fUsers%2fneta%2fAppData%2fRoaming%2fKodi%2fuserdata%2faddon_data%2fplugin.video.telemedia%2flogo%2f-1001402382061_big.jpg&amp;fav_status=false&amp;heb_name=%20&amp;iconimage=C%3a%2fUsers%2fneta%2fAppData%2fRoaming%2fKodi%2fuserdata%2faddon_data%2fplugin.video.telemedia%2flogo%2f-1001402382061_small.jpg&amp;id=%20&amp;image_master&amp;isr=0&amp;last_id&amp;mode=31&amp;name=%5bCOLOR%20khaki%5d%d7%9e%d7%90%d7%92%d7%a8%20%d7%a1%d7%a8%d7%98%d7%99%d7%9d%20%d7%9e%d7%9b%d7%9c%20%d7%94%d7%96%d7%9e%d7%a0%d7%99%d7%9d%5b%2fCOLOR%5d&amp;original_title=%20&amp;season=%20&amp;show_original_year=%20&amp;tmdbid=%20&amp;url=-1001402382061&quot</content>
</control>
</control>
</include>-->



<include name="oldnewmovies">
<definition>
<control type="group">
<animation condition="$EXP[mainmoviesscreen]" effect="fade" start="100" end="0" time="150">Conditional</animation>
<animation condition="Player.HasVideo | Player.HasAudio" effect="slide" start="0,0" end="-600,0" time="250" tween="sine" easing="inout">Conditional</animation>
<animation condition="Window.IsActive(6829) | Window.IsActive(6762)" effect="slide" start="0,0" end="0,-800" time="350" tween="sine" easing="inout">Conditional</animation>
<control type="group">
<visible>Control.HasFocus($PARAM[moviesmainscreenid])</visible>
<control type="image">
<animation condition="Control.HasFocus($PARAM[moviesmainscreenid])+ !IsEmpty(Container($PARAM[moviesmainscreenid]).ListItem.Label)" effect="slide" start="0,0" end="1800,0" time="350" tween="cubic" easing="inout">Conditional</animation>
<posx>-1550</posx>
<posy>350</posy>
<width>1420</width>
<height>420</height>
<texture>special://skin/extras/common/context_middle.png</texture>
</control>
<control type="group">
<animation condition="Control.HasFocus($PARAM[moviesmainscreenid]) + !IsEmpty(Container($PARAM[moviesmainscreenid]).ListItem.Label)" effect="slide" start="0,0" end="-2800,0" time="350" tween="cubic" easing="inout">Conditional</animation>
<posx>2500</posx>
<posy>350</posy>
<control type="label">
<visible>!IsEmpty(Container($PARAM[moviesmainscreenid]).ListItem.Label)</visible>
<posx>1895</posx>
<posy>0</posy>
<width>850</width>
<height>50</height>
<align>right</align>
<font>font-21-recommnded</font>
<label>$INFO[Container($PARAM[moviesmainscreenid]).ListItem.Label]</label>
</control>
<visible>![Player.HasVideo | Player.HasAudio]</visible>
<posy>-40</posy>
<control type="label">
<visible>!IsEmpty(Container($PARAM[moviesmainscreenid]).ListItem.Genre)</visible>
<posx>1900</posx>
<posy>100</posy>
<width>650</width>
<height>40</height>
<align>right</align>
<label>[COLOR gray][I]$INFO[Container($PARAM[moviesmainscreenid]).ListItem.Genre ][/COLOR][/I] סגנון: </label>
</control>
<control type="label">
<visible>!IsEmpty(Container($PARAM[moviesmainscreenid]).ListItem.Year)</visible>
<posx>1900</posx>
<posy>140</posy>
<width>920</width>
<height>40</height>
<align>right</align>
<label>[COLOR gray][I]$INFO[Container($PARAM[moviesmainscreenid]).ListItem.Year ][/COLOR][/I] שנה: </label>
</control>
<control type="label">
<visible>!IsEmpty(Container($PARAM[moviesmainscreenid]).ListItem.Year)</visible>
<posx>1890</posx>
<posy>180</posy>
<width>920</width>
<height>40</height>
<align>right</align>
<label>דירוג:</label>
</control>
<control type="image">
<posx>1690</posx>
<posy>142</posy>
<width>120</width>
<height>120</height>
<aspectratio>keep</aspectratio>
<texture>special://skin/extras/flags/stars/$INFO[Container($PARAM[moviesmainscreenid]).ListItem.Rating].png</texture>
</control>
<control type="textbox">
<visible>!IsEmpty(Container($PARAM[moviesmainscreenid]).ListItem.Plot)</visible>
<visible>![Player.HasVideo | Player.HasAudio]</visible>
<posx>1300</posx>
<posy>250</posy>
<width>600</width>
<height>135</height>
<align>right</align>
<autoscroll fade="2550" time="4550" repeat="4000"></autoscroll>
<label>$INFO[Container($PARAM[moviesmainscreenid]).ListItem.Plot]</label>
</control>
<control type="multiimage">
<posx>620</posx>
<posy>10</posy>
<width>400</width>
<height>400</height>
<fadetime>250</fadetime>
<imagepath>$INFO[Container($PARAM[moviesmainscreenid]).ListItem.Thumb]</imagepath>
</control>
</control>
</control>
<control type="image">
<visible>!Integer.IsGreater(Container($PARAM[moviesmainscreenid]).NumItems,0)</visible>
<posx>800</posx>
<posy>150</posy>
<width>120</width>
<height>120</height>
<aspectratio>keep</aspectratio>
<texture>special://skin/extras/specialbuttons/loading.gif</texture>
</control>
<control type="image">
<animation condition="Control.HasFocus($PARAM[moviesmainscreenid]) + String.IsEqual(Container($PARAM[moviesmainscreenid]).ListItem.Year,2020)" center="auto" effect="zoom" start="0,0" end="100,100" time="150">Conditional</animation>
<visible>Control.HasFocus($PARAM[moviesmainscreenid]) + String.IsEqual(Container($PARAM[moviesmainscreenid]).ListItem.Year,2020)</visible>
<posx>800</posx>
<posy>450</posy>
<width>150</width>
<height>150</height>
<texture>special://skin/extras/specialbuttons/new.png</texture>
</control>
<control type="list" id="$PARAM[moviesmainscreenid]">
<animation condition="Integer.IsGreater(Container($PARAM[moviesmainscreenid]).NumItems,0)" effect="slide" start="0,0" end="0,820" time="250" tween="sine" easing="inout">Conditional</animation>
<posx>20</posx>
<posy>-800</posy>
<width>1880</width>
<height>500</height>
<ondown>9000</ondown>
<onback>9000</onback>
<onup>$PARAM[onup]</onup>
<onup>$PARAM[secondonup]</onup>
<ondown>$PARAM[dialogclose]</ondown>
<ondown>Control.Setfocus(9000)</ondown>
<preloaditems>2</preloaditems>
<scrolltime tween="sine" easing="inout">550</scrolltime>
<orientation>horizontal</orientation>
<itemlayout width="220" height="40">
<control type="image">
<posx>0</posx>
<posy>0</posy>
<width>200</width>
<height>280</height>
<texture>$INFO[ListItem.Thumb]</texture>
</control>
</itemlayout>
<focusedlayout width="220" height="40">
<control type="image">
<visible>!Control.hasFocus($PARAM[moviesmainscreenid])</visible>
<posx>0</posx>
<posy>0</posy>
<width>200</width>
<height>280</height>
<texture>$INFO[ListItem.Thumb]</texture>
</control>
<control type="image">
<visible>Control.hasFocus($PARAM[moviesmainscreenid])</visible>
<posx>0</posx>
<posy>0</posy>
<width>200</width>
<height>280</height>
<bordertexture colordiffuse="gray">white.png</bordertexture>
<bordersize>8</bordersize>
<texture>$INFO[ListItem.Thumb]</texture>
</control>
</focusedlayout>
<content>$PARAM[moviescontent]</content>
</control>
</control>
</definition>
</include>

<include name="ghostglobalnews">
<control type="group">
<autoscroll fade="1500" time="2000" repeat="5000"></autoscroll>
<description>ghostnees</description>
<posx>2300</posx>
<posy>50</posy>
<animation condition="System.IdleTime(4)" effect="slide" start="0,0" end="-2000,0" time="250" tween="sine" easing="inout">Conditional</animation>
<animation condition="System.IdleTime(20)" effect="slide" start="0,0" end="2500,0" time="250" tween="sine" easing="inout">Conditional</animation>
<control type="image">
<posx>1000</posx>
<posy>0</posy>
<width>650</width>
<height>250</height>
<texture>special://skin/extras/common/context_middle.png</texture>
</control>
<control type="multiimage">
<visible>String.Contains(Container(455).ListItem.Label,סדרה חדשה)</visible>
<posx>780</posx>
<posy>0</posy>
<width>250</width>
<height>250</height>
<imagepath>https://assets.homeis.com/image/fetch/q_auto:low,f_auto/https%3A%2F%2Fassets.homeis.com%2Fimage%2Fupload%2Fc_fill%2Cf_jpg%2Cw_600%2Fv1%2Fhomeis-prod%2Fprod%2Fuploads%2Fpage%2F2019-01-24%2F12%2F5a09e0b6ec0fe900122ea17b-39a4ba52-ec20-4c6e-af8e-62b7257a32b3.jpg</imagepath>
</control>
<control type="image">
<visible>String.Contains(Container(455).ListItem.Label,כאן 11)</visible>
<posx>780</posx>
<posy>0</posy>
<width>250</width>
<height>250</height>
<texture>special://skin/extras/specialbuttons/TV.gif</texture>
</control>
<control type="image">
<visible>String.Contains(Container(455).ListItem.Label,קשת 12)</visible>
<posx>780</posx>
<posy>0</posy>
<width>250</width>
<height>250</height>
<texture>special://skin/extras/specialbuttons/keshet.gif</texture>
</control>
<control type="image">
<visible>String.Contains(Container(455).ListItem.Label,רשת 13)</visible>
<posx>780</posx>
<posy>0</posy>
<width>250</width>
<height>250</height>
<texture>special://skin/extras/specialbuttons/reshet.png</texture>
</control>
<control type="multiimage">
<visible>String.Contains(Container(455).ListItem.Label,סרט חדש)</visible>
<posx>780</posx>
<posy>0</posy>
<width>250</width>
<height>250</height>
<imagepath>https://i.pinimg.com/originals/38/3f/33/383f339274aab45dd51bd2c92453c8bd.jpg</imagepath>
</control>
<control type="multiimage">
<visible>String.Contains(Container(455).ListItem.Label,סרט חדש כללי)</visible>
<posx>780</posx>
<posy>0</posy>
<width>250</width>
<height>250</height>
<imagepath>https://raw.githubusercontent.com/moshep15/back/master/movietest.jpg</imagepath>
</control>
<control type="multiimage">
<visible>String.Contains(Container(455).ListItem.Label,סדרה חדשה כללי)</visible>
<posx>780</posx>
<posy>0</posy>
<width>250</width>
<height>250</height>
<imagepath>https://raw.githubusercontent.com/moshep15/back/master/seriastest.jpg</imagepath>
</control>
<control type="list" id="455">
<posx>1050</posx>
<posy>0</posy>
<width>800</width>
<height>500</height>
<focusposition>2</focusposition>
<scrolltime tween="sine" easing="inout">450</scrolltime>
<orientation>vertical</orientation>
<itemlayout width="120" height="180">
<control type="textbox">
<posx>0</posx>
<posy>0</posy>
<width>550</width>
<height>240</height>
<align>right</align>
<label>$INFO[ListItem.label]</label>
</control>

</itemlayout>
<focusedlayout width="120" height="180">
<control type="textbox">
<posx>0</posx>
<posy>0</posy>
<width>550</width>
<height>240</height>
<align>right</align>
<autoscroll fade="1500" time="2000" repeat="5000"></autoscroll>
<label>$INFO[ListItem.label]</label>
</control>
</focusedlayout>
<content limit="1">plugin://plugin.video.telemedia/?data=0&amp;dates=%20&amp;description=%d7%9b%d7%9f%20%d7%9e%d7%97%d7%93%d7%a9%20%d7%95%d7%9c%d7%a2%d7%93%d7%9b%d7%9f%20%d7%9c%d7%9e%d7%99%20%d7%a9%d7%99%d7%a9%20%d7%9e%d7%97%d7%a9%d7%91%20%d7%95%d7%9c%d7%90%20%d7%a1%d7%98%d7%a8%d7%99%d7%9e%d7%a8%20%d7%94%d7%a2%d7%93%d7%9b%d7%95%d7%9f%20%d7%99%d7%93%d7%a0%d7%99%20%20%d7%93%d7%a8%d7%9a%20%d7%90%d7%a8%d7%99%d7%97%20%d7%94%d7%a8%d7%97%d7%91%d7%95%d7%aa%20%d7%98%d7%9c%d7%9e%d7%93%d7%99%d7%94%d7%a2%d7%93%d7%9b%d7%95%d7%9f%20%d7%a8%d7%99%d7%a4%d7%95%20%d7%90%d7%95%20%d7%99%d7%a9%20%d7%90%d7%99%d7%99%d7%a7%d7%95%d7%9f%20%d7%9c%d7%9e%d7%98%d7%94%20%d7%9c%d7%99%d7%93%20%d7%94%d7%a4%d7%90%d7%95%d7%95%d7%a8%20%d7%9b%d7%9e%d7%95%20%d7%a8%d7%99%d7%a4%d7%a8%d7%a9%20%d7%92%d7%9d%20%d7%9e%d7%a9%d7%9d%20%d7%90%d7%a4%d7%a9%d7%a8%d7%99%0afrom_plot&amp;eng_name=%20&amp;episode=%20&amp;fanart&amp;fav_status=false&amp;heb_name=%20&amp;iconimage&amp;id=%20&amp;image_master=%24%24%24&amp;isr=0&amp;last_id=0%24%24%240%24%24%240%24%24%240&amp;mode=2&amp;name=%5bCOLOR%20lightblue%5d%d7%92%d7%95%d7%a1%d7%98%20%d7%97%d7%93%d7%a9%d7%95%d7%aa%5b%2fCOLOR%5d&amp;original_title=%d7%92%d7%95%d7%a1%d7%98%20%d7%97%d7%93%d7%a9%d7%95%d7%aa&amp;season=%20&amp;show_original_year=%20&amp;tmdbid=%20&amp;url=-1001190025938&quot</content>
</control>
</control>
</include>
</includes>
