<?xml version="1.0" encoding="UTF-8"?>

<includes>

<include name="audiomainscreen">

<control type="group">
<visible>Player.HasAudio</visible>
<visible>![IsEmpty(MusicPlayer.Title) | Window.IsActive(6944) | Control.HasFocus(9001)]</visible>
<control type="label">
<posx>0</posx>
<posy>650</posy>
<width>1920</width>
<height min="20" max="120">120</height>
<align>center</align>
<label fallback="אין שם שיר">[COLOR deepskyblue]$INFO[MusicPlayer.Title][/COLOR] [COLOR white] מתנגן ברקע: [/COLOR]</label>
</control>
		<control type="panel" id="8005">
		<posx>720</posx>
		<posy>680</posy>
		<width>1920</width>
		<height>80</height>
		<orientation>horizontal</orientation>
		<ondown>9000</ondown>
		<onup>403</onup>
		<itemlayout width="80" height="80">
	<control type="image">
		<posx>15</posx>
		<posy>15</posy>
		<width>45</width>
		<height>45</height>
		<texture colordiffuse="white">$INFO[ListItem.Thumb]</texture>
		</control>
		</itemlayout>
		<focusedlayout width="80" height="80">
	<control type="image">
		<posx>15</posx>
		<posy>15</posy>
		<width>45</width>
		<height>45</height>
		<texture colordiffuse="orange">$INFO[ListItem.Thumb]</texture>
	</control>
		</focusedlayout>
		<content>
		<item>
		<thumb>special://skin/extras/osd/rewind.png</thumb>
		<onclick>PlayerControl(rewind)</onclick>
		</item>
		<item>
		<thumb>special://skin/extras/osd/previous.png</thumb>
		<onclick>PlayerControl(previous)</onclick>
		</item>
		<item>
		<thumb>special://skin/extras/osd/stop.png</thumb>
		<onclick>PlayerControl(Stop)</onclick>
		<onclick>Dialog.Close(all,true)</onclick>
		<onclick>ClearProperty(home)</onclick>
		</item>
		<item>
		<visible>Player.Paused</visible>
		<thumb>special://skin/extras/osd/play.png</thumb>
		<onclick>play</onclick>
		</item>
		<item>
		<visible>!Player.Paused</visible>
		<thumb>special://skin/extras/osd/pause.png</thumb>
		<onclick>pause</onclick>
		</item>

		<item>
		<thumb>special://skin/extras/osd/skipnext.png</thumb>
		<onclick>PlayerControl(next)</onclick>
		</item>
		<item>
		<thumb>special://skin/extras/osd/forward.png</thumb>
		<onclick>PlayerControl(forward)</onclick>
		</item>
		</content>
		</control>
		</control>
		</include>



<include name="videoplayermainscreen">

<control type="group">
		<control type="group">
		<height>350</height>
		<width>480</width>
		
		<control type="videowindow">
		<description>video</description>
		<top>-10</top>
		<posx>1370</posx>
		<width>1</width>
		<height>1</height>
		<aspectratio scalediffuse="false">stretch</aspectratio>
		</control>
		</control>
		
		<control type="group">
		<visible>Player.HasVideo</visible>
		<visible>!Window.IsActive(6944) | !Control.HasFocus(9001)</visible>
		<control type="label">
		<posx>0</posx>
		<posy>650</posy>
		<width>1920</width>
		<height min="20" max="120">120</height>
		<align>center</align>
		<label fallback="אין שם שיר">[COLOR deepskyblue]$INFO[VideoPlayer.Title][/COLOR] [COLOR white] מתנגן ברקע: [/COLOR]</label>
		</control>
		</control>
		
		<control type="panel" id="8005">
		<visible>Player.HasVideo</visible>
		<visible>!Window.IsActive(6944) | !Control.HasFocus(9001)</visible>
		<posx>720</posx>
		<posy>680</posy>
		<width>1920</width>
		<height>80</height>
		<orientation>horizontal</orientation>
		<ondown>9000</ondown>
		<onup>403</onup>
		<itemlayout width="80" height="80">
	<control type="image">
		<posx>15</posx>
		<posy>15</posy>
		<width>45</width>
		<height>45</height>
		<texture colordiffuse="white">$INFO[ListItem.Thumb]</texture>
		</control>
		</itemlayout>
		<focusedlayout width="80" height="80">
	<control type="image">
		<posx>15</posx>
		<posy>15</posy>
		<width>45</width>
		<height>45</height>
		<texture colordiffuse="orange">$INFO[ListItem.Thumb]</texture>
	</control>
		</focusedlayout>
		<content>
		<item>
		<thumb>special://skin/extras/osd/rewind.png</thumb>
		<onclick>PlayerControl(rewind)</onclick>
		</item>
		<item>
		<thumb>special://skin/extras/osd/previous.png</thumb>
		<onclick>PlayerControl(previous)</onclick>
		</item>
		<item>
		<thumb>special://skin/extras/osd/stop.png</thumb>
		<onclick>PlayerControl(Stop)</onclick>
		<onclick>Dialog.Close(all,true)</onclick>
		<onclick>ClearProperty(home)</onclick>
		</item>
		<item>
		<visible>Player.Paused</visible>
		<thumb>special://skin/extras/osd/play.png</thumb>
		<onclick>play</onclick>
		</item>
		<item>
		<visible>!Player.Paused</visible>
		<thumb>special://skin/extras/osd/pause.png</thumb>
		<onclick>pause</onclick>
		</item>

		<item>
		<thumb>special://skin/extras/osd/skipnext.png</thumb>
		<onclick>PlayerControl(next)</onclick>
		</item>
		<item>
		<thumb>special://skin/extras/osd/forward.png</thumb>
		<onclick>PlayerControl(forward)</onclick>
		</item>
		</content>
		</control>
		</control>
		
<!--						<control type="group">
						<visible>Player.HasVideo</visible>
						<visible>!player.hasaudio</visible>
						<posx>1355</posx>
						<posy>290</posy>
						<control type="progress">
							<description>Progressbar Cache</description>
							<posx>0</posx>
							<posy>0</posy>
							<width>505</width>
							<height>10</height>
							<info>Player.ProgressCache</info>
							<texturebg colordiffuse="grey_a" border="1,1,1,1">special://skin/extras/osd/2.png</texturebg>
							<midtexture colordiffuse="grey_a" border="1,1,1,1">special://skin/extras/osd/5.png</midtexture>
						</control>
						<control type="progress">
							<description>Progressbar</description>
							<posx>0</posx>
							<posy>0</posy>
							<width>505</width>
							<height>10</height>
							<texturebg diffuse="special://skin/extras/circle.png" colordiffuse="darkgrey" border="1,0,1,0">special://skin/extras/osd/4.png</texturebg>
							<midtexture diffuse="special://skin/extras/circle.png" colordiffuse="deepskyblue" border="1,0,1,0">special://skin/extras/osd/5.png</midtexture>
							<lefttexture>-</lefttexture>
							<righttexture>-</righttexture>
							<info>Player.Progress</info>
						</control>

            <control type="slider" id="403">
                <posx>0</posx>
                <posy>0</posy>
                <width>505</width>
                <height>10</height>
				<ondown>8005</ondown>
				<onback>25</onback>
                <texturesliderbar diffuse="special://skin/extras/circle.png" colordiffuse="00FFFFFF">white.png</texturesliderbar>
                <textureslidernib diffuse="special://skin/extras/circle.png" colordiffuse="burlywood">white.png</textureslidernib>
				<textureslidernibfocus diffuse="special://skin/extras/circle.png" colordiffuse="">white.png</textureslidernibfocus>
                <orientation>horizontal</orientation>
				<action>seek</action>
            </control>
			</control>-->
			</include>

</includes>
