<?xml version="1.0" encoding="UTF-8"?>

<includes>


<include name="mainscreentvshows">
<control type="group">
<control type="image">
<posx>0</posx>
<posy>680</posy>
<width>1920</width>
<height>400</height>
<texture>black.png</texture>
<colordiffuse>77000000</colordiffuse>
</control>
<control type="image">
<posx>550</posx>
<posy>680</posy>
<width>1000</width>
<height>400</height>
<texture colordiffuse="black">white.png</texture>
</control>
<control type="image">
<posx>0</posx>
<posy>680</posy>
<width>165</width>
<height>400</height>
<texture colordiffuse="black">white.png</texture>
</control>
<control type="image">
<posx>550</posx>
<posy>730</posy>
<width>1000</width>
<height>1</height>
<texture>special://skin/extras/info/infopanel_line.png</texture>
</control>

<control type="image">
<posx>45</posx>
<posy>670</posy>
<width>75</width>
<height>65</height>
<texture>special://skin/extras/arrows/arrow-142-512.png</texture>
</control>
<control type="image">
<posx>45</posx>
<posy>1020</posy>
<width>75</width>
<height>65</height>
<texture flipy="true">special://skin/extras/arrows/arrow-142-512.png</texture>
</control>
<control type="image">
<posx>485</posx>
<posy>870</posy>
<width>75</width>
<height>65</height>
<texture colordiffuse="deepskyblue" flipx="true">special://skin/extras/arrows/arrow-25-xxl.png</texture>
</control>
<control type="image">
<posx>1545</posx>
<posy>870</posy>
<width>75</width>
<height>65</height>
<texture colordiffuse="deepskyblue">special://skin/extras/arrows/arrow-25-xxl.png</texture>
</control>
</control>

<control type="list" id="335">
<posx>-45</posx>
<posy>850</posy>
<width>500</width>
<height>800</height>
<onright condition="Container(335).HasFocus(1)">Control.SetFocus(5010)</onright>
<onright condition="Container(335).HasFocus(2)">Control.SetFocus(5020)</onright>
<scrolltime tween="sine" easing="inout">350</scrolltime>
<orientation>vertical</orientation>
<itemlayout width="120" height="540">
<control type="label">
<posx>0</posx>
<posy>0</posy>
<width>250</width>
<height>50</height>
<label>$INFO[ListItem.Label]</label>
<align>center</align>
<textcolor>white</textcolor>
</control>
</itemlayout>
<focusedlayout width="120" height="540">
<control type="label">
<visible>!control.hasfocus(335)</visible>
<posx>0</posx>
<posy>0</posy>
<width>250</width>
<height>50</height>
<label>$INFO[ListItem.Label]</label>
<align>center</align>
<textcolor>white</textcolor>
</control>
<control type="label">
<visible>control.hasfocus(335)</visible>
<posx>0</posx>
<posy>0</posy>
<width>250</width>
<height>50</height>
<label>$INFO[ListItem.Label]</label>
<align>center</align>
<textcolor>yellow</textcolor>
</control>
</focusedlayout>
<content>
<item id="1">
<label>-1-</label>
<onclick>Control.SetFocus(5)</onclick>
</item>
<item id="2">
<label>-2-</label>
<onclick>Control.SetFocus(6)</onclick>
</item>
</content>
</control>


<include content="tvshowspower">
<param name="baseid" value="5010"/>
<param name="menuidnumber" value="335"/>
<param name="itemnumber" value="1"/>
<param name="posx" value="200"/>
<param name="posy" value="750"/>
<param name="basecontent" value="plugin://plugin.video.CHICCO/?cat_level=%20&amp;count=0&amp;description=%d7%a1%d7%93%d7%a8%d7%95%d7%aa%20%d7%9e%d7%97%d7%95%d7%9c&amp;fanart=https%3a%2f%2f3.bp.blogspot.com%2f-ua674nSzp-w%2fWgyhVc-31FI%2fAAAAAAAAHh8%2fTxirlq_NgeIa_o_GL9DUYrIqFgzLaxmnQCLcBGAs%2fs1600%2f10%252Bgreat%252Btv%252Bshows%252Bwe%252Blost%252Bin%252B2017.jpeg&amp;iconimage=https%3a%2f%2f3.bp.blogspot.com%2f-ua674nSzp-w%2fWgyhVc-31FI%2fAAAAAAAAHh8%2fTxirlq_NgeIa_o_GL9DUYrIqFgzLaxmnQCLcBGAs%2fs1600%2f10%252Bgreat%252Btv%252Bshows%252Bwe%252Blost%252Bin%252B2017.jpeg&amp;index_depth=0&amp;lang=eng&amp;mode=5&amp;name=%d7%a1%d7%93%d7%a8%d7%95%d7%aa&amp;page&amp;selected_list=%20&amp;url=%d7%a1%d7%93%d7%a8%d7%95%d7%aa&quot"/>
<param name="sortby" value="dateadded"/>
<param name="sortorder" value="descending"/>
</include>


<include content="tvshowspower">
<param name="baseid" value="5020"/>
<param name="menuidnumber" value="335"/>
<param name="itemnumber" value="2"/>
<param name="posx" value="200"/>
<param name="posy" value="750"/>
<param name="basecontent" value="plugin://plugin.video.mando/?all_w=%7b%7d&amp;data=%20&amp;dates=%20&amp;description=TMDB&amp;eng_name=%20&amp;episode=%20&amp;fanart=https%3a%2f%2fimage.businessinsider.com%2f5d5ea69fcd97841fea3d3b36%3fwidth%3d1100%26format%3djpeg%26auto%3dwebp&amp;fav_status=false&amp;heb_name=%20&amp;iconimage=C%3a%5cUsers%5cneta%5cAppData%5cRoaming%5cKodi%5caddons%5cplugin.video.mando%5cresources%5cartwork_shinobi%2fpopular.png&amp;id=%20&amp;image_master&amp;isr=0&amp;last_id&amp;mode=14&amp;name=%5bCOLOR%20orange%5d%5bB%5d%d7%9e%d7%90%d7%a0%d7%93%d7%95%20%5bCOLOR%20aqua%5d%20%d7%a4%d7%95%d7%a4%d7%95%d7%9c%d7%a8%d7%99%20%5b%2fCOLOR%5d%5b%2fB%5d&amp;original_title=%20&amp;season=%20&amp;show_original_year=%20&amp;tmdbid=%20&amp;url=http%3a%2f%2fapi.themoviedb.org%2f3%2ftv%2fpopular%3fapi_key%3d34142515d9d23817496eeb4ff1d223d0%26language%3dhe%26page%3d1&amp;video_data=%7b%22rating%22%3a%20%220%22%2c%20%22episode%22%3a%200%2c%20%22title%22%3a%20%22%5bCOLOR%20orange%5d%5bB%5d%5cu05de%5cu05d0%5cu05e0%5cu05d3%5cu05d5%20%5bCOLOR%20aqua%5d%20%5cu05e4%5cu05d5%5cu05e4%5cu05d5%5cu05dc%5cu05e8%5cu05d9%20%5b%2fCOLOR%5d%5b%2fB%5d%22%2c%20%22season%22%3a%200%2c%20%22TVshowtitle%22%3a%20%22%22%2c%20%22mediatype%22%3a%20%22movie%22%2c%20%22plot%22%3a%20%22TMDB%22%2c%20%22OriginalTitle%22%3a%20%22%20%22%2c%20%22Tag%22%3a%20%223%22%7d&quot"/>
<param name="sortby" value="dateadded"/>
<param name="sortorder" value="descending"/>
</include>

<include content="baseepissods">
<param name="baseepisodid" value="5500"/>
<param name="baseidnumber" value="5010"/>
<param name="notvisible" value="![Control.HasFocus(5020) | Container(335).HasFocus(2)]"/>
<param name="tvshowlabelbame" value="המסע"/>
<param name="networkname" value="[COLOR red](NETFLIX)[/COLOR]"/>
<param name="episodcontent" value="plugin://plugin.video.CHICCO/?cat_level=%20&amp;count=0&amp;description=%d7%94%d7%a1%d7%93%d7%a8%d7%94%20%d7%9e%d7%9c%d7%95%d7%95%d7%94%20%d7%a6%d7%95%d7%95%d7%aa%20%d7%9e%d7%a4%d7%aa%d7%97%d7%99%20%d7%9e%d7%a9%d7%97%d7%a7%d7%99%20%d7%95%d7%99%d7%93%d7%90%d7%95%20%d7%9b%d7%a9%d7%94%d7%9d%20%d7%9e%d7%aa%d7%9e%d7%95%d7%93%d7%93%d7%99%d7%9d%20%d7%a2%d7%9d%20%d7%94%d7%90%d7%aa%d7%92%d7%a8%d7%99%d7%9d%20%d7%a9%d7%9c%20%d7%9e%d7%a9%d7%97%d7%a7%20%d7%95%d7%99%d7%93%d7%90%d7%95%20%d7%a4%d7%95%d7%a4%d7%95%d7%9c%d7%a8%d7%99.%20%d7%9e%d7%a7%27%d7%9c%d7%a2%d7%a0%d7%a0%d7%99%20%d7%99%d7%99%d7%a7%d7%97%20%d7%90%d7%aa%20%d7%aa%d7%a4%d7%a7%d7%99%d7%93%20%d7%94%d7%9e%d7%a0%d7%94%d7%9c%20%d7%94%d7%a7%d7%a8%d7%99%d7%90%d7%98%d7%99%d7%91%d7%99%20%d7%a9%d7%9c%20%d7%94%d7%97%d7%91%d7%a8%d7%94%2c%20%d7%95%d7%90%d7%99%d7%9c%d7%95%20%d7%97%d7%91%d7%a8%d7%99%20%d7%a6%d7%95%d7%95%d7%aa%20%d7%a9%d7%97%d7%a7%d7%a0%d7%99%d7%9d%20%d7%a0%d7%95%d7%a1%d7%a4%d7%99%d7%9d%20%d7%99%d7%9b%d7%9c%d7%9c%d7%95%20%d7%90%d7%aa%20%d7%a4%20%27%d7%9e%d7%95%d7%a8%d7%99%d7%99%20%d7%90%d7%91%d7%a8%d7%94%d7%9d%2c%20%d7%93%d7%a0%d7%99%20%d7%a4%d7%95%d7%93%d7%99%2c%20%d7%90%d7%99%d7%9e%d7%a0%d7%99%20%d7%97%d7%9b%d7%99%d7%9d%2c%20%d7%a9%d7%a8%d7%9c%d7%95%d7%98%20%d7%a0%d7%99%d7%a7%d7%93%d7%90%d7%95%2c%20%d7%93%d7%99%d7%95%d7%95%d7%99%d7%93%20%d7%94%d7%95%d7%a8%d7%a0%d7%a1%d7%91%d7%99%2c%20%d7%90%d7%a9%d7%9c%d7%99%20%d7%91%d7%a8%d7%a5%27%20%d7%95%d7%92%27%d7%a1%d7%99%20%d7%90%d7%a0%d7%99%d7%a1.&amp;fanart=http%3a%2f%2fimage.tmdb.org%2ft%2fp%2foriginal%2f%2f3rTC68FlKeFsTZ3P0oC3S727Xqd.jpg&amp;iconimage=http%3a%2f%2fimage.tmdb.org%2ft%2fp%2foriginal%2f%2flEPXDqTntfWGWoU4E0xtxhFn2Wj.jpg&amp;index_depth=0&amp;lang=eng&amp;mode=5&amp;name=%d7%a2%d7%95%d7%a0%d7%94%201&amp;page&amp;selected_list=%20&amp;url=%d7%a1%d7%93%d7%a8%d7%95%d7%aa%d7%94%d7%9e%d7%a1%d7%a2%20%d7%94%d7%9e%d7%99%d7%aa%d7%95%d7%9c%d7%95%d7%92%d7%99%d7%a2%d7%95%d7%a0%d7%94%201&quot"/>
</include>



<include content="baseepissods">
<param name="baseepisodid" value="8500"/>
<param name="baseidnumber" value="5020"/>
<param name="notvisible" value="![Control.HasFocus(5010) | Container(335).HasFocus(1)]"/>
<param name="tvshowlabelbame" value="פארק"/>
<param name="networkname" value="[COLOR red](NETFLIX)[/COLOR]"/>
<param name="episodcontent" value="plugin://plugin.video.mando/?all_w=%7b%7d&amp;data=2020&amp;dates=%20&amp;description=%5bCOLOR%20aqua%5d%20%d7%a9%d7%95%d7%93%d7%a8%20%d7%91%d7%aa%d7%90%d7%a8%d7%99%d7%9a%2031-07-2020%5b%2fCOLOR%5d%0aA%20dysfunctional%20family%20of%20superheroes%20comes%20together%20to%20solve%20the%20mystery%20of%20their%20father%27s%20death%2c%20the%20threat%20of%20the%20apocalypse%20and%20more.&amp;eng_name=%20&amp;episode=%20&amp;fanart=https%3a%2f%2fimage.tmdb.org%2ft%2fp%2foriginal%2f%2fqJxzjUjCpTPvDHldNnlbRC4OqEh.jpg&amp;fav_status=false&amp;heb_name=%d7%90%d7%a7%d7%93%d7%9e%d7%99%d7%99%d7%aa%20%d7%94%d7%9e%d7%98%d7%a8%d7%99%d7%99%d7%94&amp;iconimage=https%3a%2f%2fimage.tmdb.org%2ft%2fp%2foriginal%2f%2f2aD0iZJelrJ6CguuzgZRKCvponZ.jpg&amp;id=75006&amp;image_master&amp;isr=0&amp;last_id&amp;mode=19&amp;name=%5bCOLOR%20white%5d%d7%a2%d7%95%d7%a0%d7%94%202%5b%2fCOLOR%5d&amp;original_title=The%20Umbrella%20Academy&amp;season=2&amp;show_original_year=2019&amp;tmdbid=353764&amp;url=https%3a%2f%2fapi.themoviedb.org%2f3%2ftv%2f75006%3fapi_key%3d34142515d9d23817496eeb4ff1d223d0%26language%3den%26append_to_response%3dexternal_ids&amp;video_data=%7b%22rating%22%3a%20%220%22%2c%20%22episode%22%3a%200%2c%20%22title%22%3a%20%22%5bCOLOR%20white%5d%5cu05e2%5cu05d5%5cu05e0%5cu05d4%202%5b%2fCOLOR%5d%22%2c%20%22season%22%3a%200%2c%20%22TVshowtitle%22%3a%20%22%22%2c%20%22mediatype%22%3a%20%22movie%22%2c%20%22plot%22%3a%20%22%5bCOLOR%20aqua%5d%20%5cu05e9%5cu05d5%5cu05d3%5cu05e8%20%5cu05d1%5cu05ea%5cu05d0%5cu05e8%5cu05d9%5cu05da%2031-07-2020%5b%2fCOLOR%5d%5cnA%20dysfunctional%20family%20of%20superheroes%20comes%20together%20to%20solve%20the%20mystery%20of%20their%20father%27s%20death%2c%20the%20threat%20of%20the%20apocalypse%20and%20more.%22%2c%20%22OriginalTitle%22%3a%20%22The%20Umbrella%20Academy%22%2c%20%22Tag%22%3a%20%2216%22%2c%20%22year%22%3a%20%222020%22%7d&quot"/>
</include>
</include>


<include name="tvshowspower">
<definition>
<control type="group">
<visible>Container($PARAM[menuidnumber]).HasFocus($PARAM[itemnumber])</visible>
<control type="group">
<control type="label">
<posx>1250</posx>
<posy>780</posy>
<width>1000</width>
<height>40</height>
<align>right</align>
<font>font-21-newrecommnded</font>
<label>$INFO[Container($PARAM[baseid]).ListItem.Label]</label>
</control>
<control type="textbox">
<posx>550</posx>
<posy>880</posy>
<width>700</width>
<height>150</height>
<align>right</align>
<autoscroll fade="2550" time="3000" repeat="4000"></autoscroll>
<label>$INFO[Container($PARAM[baseid]).ListItem.Plot]</label>
</control>
<control type="multiimage">
<posx>1280</posx>
<posy>800</posy>
<width>250</width>
<height>230</height>
<fadetime>250</fadetime>
<imagepath>$INFO[Container($PARAM[baseid]).ListItem.Thumb]</imagepath>
</control>
</control>
<control type="label">
<animation condition="!Integer.IsGreater($PARAM[baseid]).NumItems,0)" effect="fade" start="0" end="100" time="1100" pulse="true">Conditional</animation>
<visible>!Integer.IsGreater(Container($PARAM[baseid]).NumItems,0)</visible>
<posx>800</posx>
<posy>1000</posy>
<width>250</width>
<height>40</height>
<label>טוען פרקים...</label>
</control>
<control type="list" id="$PARAM[baseid]">
<posx>$PARAM[posx]</posx>
<posy>$PARAM[posy]</posy>
<width>1920</width>
<height>500</height>
<onback>335</onback>
<onup>335</onup>
<ondown>Control.SetFocus(6454)</ondown>
<onclick>Control.SetFocus(6454)</onclick>
<orientation>horizontal</orientation>
<scrolltime tween="sine" easing="inout">350</scrolltime>
<preloaditems>2</preloaditems>
<itemlayout width="1460" height="200">
<control type="label">
<posx>0</posx>
<posy>250</posy>
<width>250</width>
<height>40</height>
<align>center</align>
<label>$INFO[ListItem.Genre]</label>
</control>
<control type="image">
<posx>0</posx>
<posy>0</posy>
<width>250</width>
<height>250</height>
<texture>$INFO[ListItem.Thumb]</texture>
</control>
</itemlayout>
<focusedlayout width="1460" height="200">
<control type="label">
<posx>0</posx>
<posy>250</posy>
<width>250</width>
<height>40</height>
<align>center</align>
<label>$INFO[ListItem.Genre]</label>
</control>
<control type="image">
<visible>!control.hasfocus($PARAM[baseid])</visible>
<posx>0</posx>
<posy>0</posy>
<width>250</width>
<height>250</height>
<texture>$INFO[ListItem.Thumb]</texture>
</control>
<control type="image">
<visible>control.hasfocus($PARAM[baseid])</visible>
<posx>0</posx>
<posy>0</posy>
<width>250</width>
<height>250</height>
<bordertexture colordiffuse="gray">white.png</bordertexture>
<bordersize>8</bordersize>
<texture>$INFO[ListItem.Thumb]</texture>
</control>
</focusedlayout>
<content sortby="$PARAM[sortby]" sortorder="$PARAM[sortorder]">$PARAM[basecontent]</content>
</control>
</control>
</definition>
</include>


<include name="baseepissods">
<definition>
<control type="group">
<visible>String.Contains(Container($PARAM[baseidnumber]).ListItem.Label,$PARAM[tvshowlabelbame]) | Control.HasFocus($PARAM[baseepisodid])</visible>
<visible>$PARAM[notvisible]</visible>
<control type="button" id="6454">
<posx>0</posx>
<posy>0</posy>
<width>1</width>
<height>1</height>
<label>-</label>
<onfocus>Control.SetFocus($PARAM[baseepisodid])</onfocus>
</control>

<control type="group">
<visible>Control.HasFocus($PARAM[baseepisodid])</visible>
<control type="image">
<posx>550</posx>
<posy>750</posy>
<width>1000</width>
<height>300</height>
<texture colordiffuse="black">white.png</texture>
</control>
<control type="label">
<posx>1250</posx>
<posy>780</posy>
<width>1000</width>
<height>40</height>
<align>right</align>
<font>font-21-newrecommnded</font>
<label>$INFO[Container($PARAM[baseepisodid]).ListItem.Label]</label>
</control>
<control type="textbox">
<posx>550</posx>
<posy>880</posy>
<width>700</width>
<height>150</height>
<align>right</align>
<autoscroll fade="2550" time="3000" repeat="4000"></autoscroll>
<label>$INFO[Container($PARAM[baseepisodid]).ListItem.Plot]</label>
</control>
<control type="multiimage">
<posx>1280</posx>
<posy>800</posy>
<width>250</width>
<height>230</height>
<fadetime>250</fadetime>
<imagepath>$INFO[Container($PARAM[baseepisodid]).ListItem.Art(fanart)]</imagepath>
</control>
</control>

<control type="grouplist">
<posx>580</posx>
<posy>685</posy>
<width>1000</width>
<height>80</height>
<orientation>horizontal</orientation>
<itemgap>5</itemgap>
<control type="group">
<visible>!IsEmpty(Container($PARAM[baseepisodid]).ListItem.Year)</visible>
<width>150</width>
<control type="label">
<posx>0</posx>
<posy>0</posy>
<height>40</height>
<align>center</align>
<label>[COLOR gray]$INFO[Container($PARAM[baseepisodid]).ListItem.Year][/COLOR][COLOR white]שנה: [/COLOR]</label>
</control>
</control>
<control type="group">
<visible>!IsEmpty(Container($PARAM[baseepisodid]).ListItem.Episode)</visible>
<width>100</width>
<control type="image">
<posx>0</posx>
<posy>0</posy>
<width>2</width>
<height>45</height>
<texture>special://skin/extras/info/upright.png</texture>
</control>
<control type="label">
<posx>0</posx>
<posy>0</posy>
<height>40</height>
<align>center</align>
<label>[COLOR gray]$INFO[Container($PARAM[baseepisodid]).ListItem.Episode][/COLOR][COLOR white]פרק: [/COLOR]</label>
</control>
</control>
<control type="group">
<visible>!IsEmpty(Container($PARAM[baseepisodid]).ListItem.Season)</visible>
<width>100</width>
<control type="image">
<posx>0</posx>
<posy>0</posy>
<width>2</width>
<height>45</height>
<texture>special://skin/extras/info/upright.png</texture>
</control>
<control type="label">
<posx>0</posx>
<posy>0</posy>
<height>40</height>
<align>center</align>
<label>[COLOR gray]$INFO[Container($PARAM[baseepisodid]).ListItem.Season][/COLOR][COLOR white]עונה: [/COLOR]</label>
</control>
</control>
<control type="group">
<width>200</width>
<control type="image">
<posx>0</posx>
<posy>0</posy>
<width>2</width>
<height>45</height>
<texture>special://skin/extras/info/upright.png</texture>
</control>
<control type="label">
<posx>0</posx>
<posy>0</posy>
<height>40</height>
<align>center</align>
<label>[COLOR gray]$INFO[Container($PARAM[baseepisodid]).NumItems][/COLOR][COLOR white]כמות פרקים: [/COLOR]</label>
</control>
</control>
<control type="group">
<width>200</width>
<control type="image">
<posx>0</posx>
<posy>0</posy>
<width>2</width>
<height>45</height>
<texture>special://skin/extras/info/upright.png</texture>
</control>
<control type="image">
<posx>0</posx>
<posy>5</posy>
<aspectratio>keep</aspectratio>
<height>35</height>
<texture fallback="special://skin/extras/flags/stars/7.8.png">special://skin/extras/flags/stars/$INFO[Container($PARAM[baseepisodid]).ListItem.Rating].png</texture>
</control>
</control>
<control type="group">
<width>180</width>
<control type="image">
<posx>0</posx>
<posy>0</posy>
<width>2</width>
<height>45</height>
<texture>special://skin/extras/info/upright.png</texture>
</control>
<control type="label">
<posx>0</posx>
<posy>0</posy>
<height>40</height>
<align>center</align>
<label>[B]$PARAM[networkname][/B]</label>
</control>
</control>
</control>

<control type="list" id="$PARAM[baseepisodid]">
<posx>570</posx>
<posy>1040</posy>
<width>1000</width>
<height>50</height>
<onback condition="Container(335).HasFocus(1)">5010</onback>
<onback condition="Container(335).HasFocus(2)">5020</onback>
<onup condition="Container(335).HasFocus(1)">5010</onup>
<onup condition="Container(335).HasFocus(2)">5020</onup>
<orientation>horizontal</orientation>
<preloaditems>2</preloaditems>
<scrolltime tween="sine" easing="inout">350</scrolltime>
<itemlayout width="220" height="120">
<control type="label">
<posx>0</posx>
<posy>0</posy>
<width>220</width>
<height>40</height>
<align>left</align>
<label>$INFO[ListItem.Label]</label>
</control>
</itemlayout>
<focusedlayout width="220" height="120">
<control type="label">
<visible>!control.hasfocus($PARAM[baseepisodid])</visible>
<posx>0</posx>
<posy>0</posy>
<width>220</width>
<height>40</height>
<align>left</align>
<label>$INFO[ListItem.Label]</label>
</control>
<control type="label">
<visible>control.hasfocus($PARAM[baseepisodid])</visible>
<posx>0</posx>
<posy>0</posy>
<width>220</width>
<height>40</height>
<align>left</align>
<label>[B]$INFO[ListItem.Label][/B]</label>
</control>
</focusedlayout>
<content>$PARAM[episodcontent]</content>
</control>
</control>
</definition>
</include>


</includes>
