<?xml version="1.0" encoding="UTF-8"?>

<includes>



<include name="epissodes">
<definition>
<control type="group">
<visible>String.Contains(Container(5).ListItem.Label,$PARAM[labelname])</visible>
<control type="label">
<visible>$PARAM[visibleid]</visible>
<posx>1550</posx>
<posy>250</posy>
<width>800</width>
<height>50</height>
<align>right</align>
<label>[COLOR gray][I]$INFO[Container($PARAM[epissodesstringid]).NumItems][/COLOR][/I] כמות הפרקים:  </label>
</control>
<control type="image">
<posx>0</posx>
<posy>$PARAM[epissodesmonutposy]</posy>
<width>1920</width>
<height>50</height>
<bordertexture colordiffuse="gray">white.png</bordertexture>
<bordersize>2</bordersize>
<texture colordiffuse="black">white.png</texture>
</control>
<control type="label">
<visible>$PARAM[visibleid]</visible>
<posx>1550</posx>
<posy>290</posy>
<width>800</width>
<height>50</height>
<align>right</align>
<label>[COLOR yellow]$PARAM[sessionnumber][/COLOR] עונה: </label>
</control>

<control type="textbox">
<posx>545</posx>
<posy>380</posy>
<width>1000</width>
<height>120</height>
<align>right</align>
<autoscroll fade="2550" time="4550" repeat="4000"></autoscroll>
<label>$PARAM[plottext]</label>
</control>

<control type="multiimage">
<posx>1600</posx>
<posy>35</posy>
<width>300</width>
<height>450</height>
<fadetime>250</fadetime>
<imagepath>$PARAM[missedfanart]</imagepath>
</control>

<control type="label">
<animation condition="!Integer.IsGreater(Container($PARAM[epissodesstringid]).NumItems,0)" effect="fade" start="0" end="100" time="1100" pulse="true">Conditional</animation>
<visible>!Integer.IsGreater(Container($PARAM[epissodesstringid]).NumItems,0)</visible>
<posx>700</posx>
<posy>750</posy>
<width>500</width>
<height>50</height>
<align>center</align>
<label>[B]טוען פרקים נא להמתין....[/B]</label>
</control>

<control type="group">
<posx>800</posx>
<animation condition="!String.IsEmpty(Container($PARAM[epissodesstringid]).ListItem.Plot) + Control.HasFocus($PARAM[epissodesstringid])" effect="slide" start="0,0" end="-800" time="250" tween="sine" easing="inout">Conditional</animation>
<visible>!String.IsEmpty(Container($PARAM[epissodesstringid]).ListItem.Plot) + Control.HasFocus($PARAM[epissodesstringid])</visible>
<control type="image">
<posx>920</posx>
<posy>-220</posy>
<width>1000</width>
<height>220</height>
<bordertexture colordiffuse="gray">white.png</bordertexture>
<bordersize>2</bordersize>
<texture colordiffuse="black">white.png</texture>
</control>

<control type="label">
<posx>1880</posx>
<posy>-200</posy>
<width>500</width>
<height>40</height>
<align>right</align>
<textcolor>burlywood</textcolor>
<label>[B]תקציר פרק[/B]</label>
</control>

<control type="label">
<visible>String.IsEmpty(Container($PARAM[epissodesstringid]).ListItem.Plot)</visible>
<posx>1880</posx>
<posy>-200</posy>
<width>500</width>
<height>40</height>
<align>right</align>
<textcolor>burlywood</textcolor>
<label>[B]אין תקציר לסדרה זו[/B]</label>
</control>

<control type="textbox">
<posx>910</posx>
<posy>-160</posy>
<width>980</width>
<height>140</height>
<align>right</align>
<autoscroll fade="2550" time="4550" repeat="4000"></autoscroll>
<label>$INFO[Container($PARAM[epissodesstringid]).ListItem.Plot]</label>
</control>

<control type="label">
<posx>1280</posx>
<posy>-180</posy>
<width>500</width>
<height>40</height>
<align>right</align>
<label>[COLOR cyan]$INFO[Container($PARAM[epissodesstringid]).ListItem.PercentPlayed]%[/COLOR] [COLOR yellow]אחוז צפייה:[/COLOR]</label>
<visible>Integer.IsGreater(Container($PARAM[epissodesstringid]).ListItem.PercentPlayed,10) + !Integer.IsGreater(Container($PARAM[epissodesstringid]).ListItem.PercentPlayed,99)</visible>
</control>
</control>

<control type="button" id="4452">
<posx>0</posx>
<posy>0</posy>
<width>1</width>
<height>1</height>
<label>1</label>
<onfocus>SetFocus($PARAM[epissodesstringid])</onfocus>
</control>

<control type="list" id="$PARAM[epissodesstringid]">
<posx>20</posx>
<posy>$PARAM[posy]</posy>
<width>1995</width>
<height>50</height>
<onback>5</onback>
<ondown>$PARAM[ondown]</ondown>
<onup>$PARAM[onup]</onup>
<onclick condition="Control.HasFocus($PARAM[actioninfo])">Action(info)</onclick>
<orientation>horizontal</orientation>
<focusposition>3</focusposition>
<itemlayout width="300" height="45">
<control type="label">
<posx>0</posx>
<posy>3</posy>
<width>250</width>
<height>40</height>
<align>left</align>
<label>[COLOR white]$INFO[ListItem.Label ][/COLOR]</label>
</control>
</itemlayout>

<focusedlayout width="300" height="45">
<control type="image">
<visible>Control.HasFocus($PARAM[epissodesstringid])</visible>
<posx>0</posx>
<posy>5</posy>
<width>250</width>
<height>40</height>
<bordertexture colordiffuse="white">white.png</bordertexture>
<bordersize>1</bordersize>
<texture colordiffuse="gray">white.png</texture>
</control>
<control type="label">
<posx>0</posx>
<posy>3</posy>
<width>250</width>
<height>40</height>
<align>left</align>
<label>[B][COLOR white]$INFO[ListItem.Label ][/COLOR][/B]</label>
</control>
</focusedlayout>
<content>$PARAM[epissodescontent]</content>
</control>
</control>
</definition>
</include>


</includes>
