<?xml version="1.0" encoding="UTF-8"?>

<includes>

<include name="yesgomoviesdesign">
<definition>

<control type="group">
<visible>Container(35).HasFocus($PARAM[itemidnumber])</visible>
<posy>10</posy>
<control type="image">
<posx>0</posx>
<posy>750</posy>
<width>1980</width>
<height>320</height>
<texture>black.png</texture>
<colordiffuse>77000000</colordiffuse>
</control>
<control type="group">
<posx>-100</posx>
<control type="image">
<posx>480</posx>
<posy>750</posy>
<width>980</width>
<height>320</height>
<texture>black.png</texture>
</control>

<control type="image">
<posx>1860</posx>
<posy>750</posy>
<width>160</width>
<height>320</height>
<texture>black.png</texture>
<colordiffuse>77000000</colordiffuse>
</control>
<control type="image">
<posx>1860</posx>
<posy>750</posy>
<width>160</width>
<height>320</height>
<texture>black.png</texture>
<colordiffuse>77000000</colordiffuse>
</control>

<control type="image">
<posx>1870</posx>
<posy>820</posy>
<width>150</width>
<height>40</height>
<texture>special://skin/extras/test/Ghost.jpg</texture>
</control>

<control type="image">
<posx>1480</posx>
<posy>880</posy>
<width>65</width>
<height>65</height>
<aspectratio>keep</aspectratio>
<texture colordiffuse="deepskyblue">special://skin/extras/arrows/arrow-25-xxl.png</texture>
</control>
<control type="image">
<posx>400</posx>
<posy>880</posy>
<width>65</width>
<height>65</height>
<aspectratio>keep</aspectratio>
<texture flipx="true" colordiffuse="deepskyblue">special://skin/extras/arrows/arrow-25-xxl.png</texture>
</control>

<control type="image">
<posx>1920</posx>
<posy>740</posy>
<width>65</width>
<height>65</height>
<aspectratio>keep</aspectratio>
<texture colordiffuse="deepskyblue">special://skin/extras/arrows/arrowup.png</texture>
</control>
<control type="image">
<posx>1920</posx>
<posy>1020</posy>
<width>65</width>
<height>65</height>
<aspectratio>keep</aspectratio>
<texture colordiffuse="deepskyblue">special://skin/extras/arrows/arrowdown.png</texture>
</control>

<control type="group">
<control type="multiimage">
<posx>1225</posx>
<posy>810</posy>
<width>220</width>
<height>180</height>
<fadetime>350</fadetime>
<imagepath>$INFO[Container($PARAM[stringid]).ListItem.Thumb]</imagepath>
</control>
</control>
<control type="textbox">
<posx>550</posx>
<posy>860</posy>
<width>650</width>
<height>125</height>
<align>right</align>
<autoscroll fade="2550" time="3500" repeat="4000"></autoscroll>
<label>$INFO[Container($PARAM[stringid]).ListItem.Plot]</label>
</control>
<control type="label">
<posx>1200</posx>
<posy>795</posy>
<width>650</width>
<height>40</height>
<align>right</align>
<scroll>true</scroll>
<scrollspeed>40</scrollspeed>
<font>font-21-newrecommnded</font>
<label>$INFO[Container($PARAM[stringid]).ListItem.Label]</label>
</control>

<control type="image">
<visible>!Integer.IsGreater(Container($PARAM[stringid]).NumItems,0)</visible>
<posx>1000</posx>
<posy>280</posy>
<width>120</width>
<height>120</height>
<aspectratio>keep</aspectratio>
<texture>special://skin/extras/specialbuttons/loading.gif</texture>
</control>

<control type="grouplist">
<posx>475</posx>
<posy>750</posy>
<width>1300</width>
<height>100</height>
<orientation>horizontal</orientation>
<itemgap>80</itemgap>
<control type="group">
<control type="label">
<posx>20</posx>
<posy>0</posy>
<width>50</width>
<height>50</height>
<label>HD</label>
</control>
</control>
<control type="group">
<visible>!IsEmpty(Container($PARAM[stringid]).ListItem.Year)</visible>
<control type="image">
<posx>0</posx>
<posy>0</posy>
<width>2</width>
<height>40</height>
<texture colordiffuse="gray">white.png</texture>
</control>
<control type="label">
<posx>10</posx>
<posy>0</posy>
<width>150</width>
<height>50</height>
<label fallback="אין">$INFO[Container($PARAM[stringid]).ListItem.Year]</label>
</control>
</control>
<control type="group">
<control type="image">
<posx>5</posx>
<posy>0</posy>
<width>2</width>
<height>40</height>
<texture colordiffuse="gray">white.png</texture>
</control>
</control>
<control type="group">
<visible>String.IsEqual(Container($PARAM[stringid]).ListItem.Year,2020)</visible>
<control type="image">
<posx>5</posx>
<posy>0</posy>
<width>2</width>
<height>40</height>
<texture colordiffuse="gray">white.png</texture>
</control>
<control type="label">
<posx>-60</posx>
<posy>0</posy>
<width>150</width>
<height>50</height>
<textcolor>burlywood</textcolor>
<label fallback="1080">חדש</label>
</control>
</control>
<control type="group">
<control type="image">
<posx>-60</posx>
<posy>0</posy>
<width>150</width>
<height>40</height>
<texture fallback="special://skin/extras/flags/stars/7.8.png" colordiffuse="yellow">special://skin/extras/flags/stars/$INFO[Container($PARAM[stringid]).ListItem.Rating].png</texture>
</control>
</control>
<control type="group">
<control type="image">
<posx>25</posx>
<posy>0</posy>
<width>2</width>
<height>40</height>
<texture colordiffuse="gray">white.png</texture>
</control>
<control type="label">
<posx>35</posx>
<posy>0</posy>
<width>150</width>
<height>50</height>
<textcolor>white</textcolor>
<label>$INFO[Container($PARAM[stringid]).ListItem.PercentPlayed]% [COLOR yellow]נצפה[/COLOR]</label>
</control>
</control>
<control type="group">
<control type="image">
<posx>75</posx>
<posy>0</posy>
<width>2</width>
<height>40</height>
<texture colordiffuse="gray">white.png</texture>
</control>
<control type="label">
<visible>!IsEmpty(Container($PARAM[stringid]).ListItem.Duration)</visible>
<posx>85</posx>
<posy>0</posy>
<width>250</width>
<height>50</height>
<textcolor>white</textcolor>
<label>$INFO[Container($PARAM[stringid]).ListItem.Duration] דקות [COLOR yellow]זמן הסרט: [/COLOR]</label>
</control>
<control type="label">
<visible>IsEmpty(Container($PARAM[stringid]).ListItem.Duration)</visible>
<posx>85</posx>
<posy>0</posy>
<width>250</width>
<height>50</height>
<textcolor>white</textcolor>
<label>אין מידע [COLOR yellow]זמן הסרט: [/COLOR]</label>
</control>
</control>
<control type="group">
<control type="image">
<posx>250</posx>
<posy>0</posy>
<width>2</width>
<height>40</height>
<texture colordiffuse="gray">white.png</texture>
</control>
<control type="label">
<posx>265</posx>
<posy>0</posy>
<width>250</width>
<height>50</height>
<textcolor>white</textcolor>
<label>$INFO[Container($PARAM[stringid]).ListItem.Votes] [COLOR yellow]הצבעות: [/COLOR]</label>
</control>
</control>
</control>

<control type="grouplist" id="8875">
<posx>540</posx>
<posy>1010</posy>
<width>1000</width>
<height>100</height>
<onback>5</onback>
<orientation>horizontal</orientation>
<itemgap>50</itemgap>
<control type="button" id="21">
<texturenofocus colordiffuse="ff2d95d7">white.png</texturenofocus>
<texturefocus colordiffuse="deeppink">white.png</texturefocus>
<posx>0</posx>
<posy>0</posy>
<width>250</width>
<height>50</height>
<label>נגן</label>
<onclick>-</onclick>
</control>
<control type="button" id="22">
<texturenofocus colordiffuse="ff2d95d7">white.png</texturenofocus>
<texturefocus colordiffuse="deeppink">white.png</texturefocus>
<posx>0</posx>
<posy>0</posy>
<width>250</width>
<height>50</height>
<label>טריילר</label>
<onclick>-</onclick>
</control>
<control type="button" id="23">
<texturenofocus colordiffuse="ff2d95d7">white.png</texturenofocus>
<texturefocus colordiffuse="deeppink">white.png</texturefocus>
<posx>0</posx>
<posy>0</posy>
<width>250</width>
<height>50</height>
<label>דירוג</label>
<onclick>-</onclick>
</control>
</control>
</control>
<control type="wraplist" id="$PARAM[stringid]">
<posx>25</posx>
<posy>765</posy>
<width>2920</width>
<height>500</height>
<onup>Control.SetFocus(35)</onup>
<ondown>Control.SetFocus(35)</ondown>
<onclick>Action(info)</onclick>
<onback>35</onback>
<preloaditems>2</preloaditems>
<orientation>horizontal</orientation>
<focusposition>0</focusposition>
<scrolltime tween="sine" easing="inout">450</scrolltime>
<itemlayout width="1450" height="150">
<control type="image">
<visible>!IsEmpty(ListItem.Genre)</visible>
<posx>0</posx>
<posy>250</posy>
<width>250</width>
<height>35</height>
<texture colordiffuse="black">white.png</texture>
</control>
<control type="image">
<posx>0</posx>
<posy>0</posy>
<width>250</width>
<height>250</height>
<texture>$INFO[ListItem.Thumb]</texture>
</control>
<control type="label">
<visible>!IsEmpty(ListItem.Genre)</visible>
<posx>8</posx>
<posy>245</posy>
<width>235</width>
<height>35</height>
<align>center</align>
<label>$INFO[ListItem.Genre]</label>
</control>
</itemlayout>
<focusedlayout width="1450" height="150">
<control type="image">
<visible>!IsEmpty(ListItem.Genre)</visible>
<posx>0</posx>
<posy>250</posy>
<width>250</width>
<height>35</height>
<texture colordiffuse="black">white.png</texture>
</control>
<control type="image">
<visible>!control.hasfocus($PARAM[stringid])</visible>
<posx>0</posx>
<posy>0</posy>
<width>250</width>
<height>250</height>
<texture>$INFO[ListItem.Thumb]</texture>
</control>
<control type="image">
<visible>control.hasfocus($PARAM[stringid])</visible>
<posx>0</posx>
<posy>0</posy>
<width>250</width>
<height>250</height>
<bordertexture colordiffuse="white">white.png</bordertexture>
<bordersize>4</bordersize>
<texture>$INFO[ListItem.Thumb]</texture>
</control>
<control type="label">
<visible>!IsEmpty(ListItem.Genre)</visible>
<posx>8</posx>
<posy>245</posy>
<width>235</width>
<height>35</height>
<align>center</align>
<scrolltime>25</scrolltime>
<label>$INFO[ListItem.Genre]</label>
</control>
</focusedlayout>
<content sortby="$PARAM[sortbycontent]" sortorder="$PARAM[sortordercontent]">$PARAM[yesgocontent]</content>
</control>
</control>
</definition>
</include>



<include name="yesgomoviesnotrailer">
<definition>

<control type="group">
<visible>Container(35).HasFocus($PARAM[itemidnumber])</visible>
<posy>10</posy>
<control type="image">
<posx>0</posx>
<posy>750</posy>
<width>1980</width>
<height>320</height>
<texture>black.png</texture>
<colordiffuse>77000000</colordiffuse>
</control>
<control type="group">
<posx>-100</posx>
<control type="image">
<posx>480</posx>
<posy>750</posy>
<width>980</width>
<height>320</height>
<texture>black.png</texture>
</control>

<control type="image">
<posx>1860</posx>
<posy>750</posy>
<width>160</width>
<height>320</height>
<texture>black.png</texture>
<colordiffuse>77000000</colordiffuse>
</control>
<control type="image">
<posx>1860</posx>
<posy>750</posy>
<width>160</width>
<height>320</height>
<texture>black.png</texture>
<colordiffuse>77000000</colordiffuse>
</control>

<control type="image">
<posx>1870</posx>
<posy>820</posy>
<width>150</width>
<height>40</height>
<texture>special://skin/extras/test/Ghost.jpg</texture>
</control>

<control type="image">
<posx>1480</posx>
<posy>880</posy>
<width>65</width>
<height>65</height>
<aspectratio>keep</aspectratio>
<texture colordiffuse="deepskyblue">special://skin/extras/arrows/arrow-25-xxl.png</texture>
</control>
<control type="image">
<posx>400</posx>
<posy>880</posy>
<width>65</width>
<height>65</height>
<aspectratio>keep</aspectratio>
<texture flipx="true" colordiffuse="deepskyblue">special://skin/extras/arrows/arrow-25-xxl.png</texture>
</control>

<control type="image">
<posx>1920</posx>
<posy>740</posy>
<width>65</width>
<height>65</height>
<aspectratio>keep</aspectratio>
<texture colordiffuse="deepskyblue">special://skin/extras/arrows/arrowup.png</texture>
</control>
<control type="image">
<posx>1920</posx>
<posy>1020</posy>
<width>65</width>
<height>65</height>
<aspectratio>keep</aspectratio>
<texture colordiffuse="deepskyblue">special://skin/extras/arrows/arrowdown.png</texture>
</control>

<control type="group">
<control type="multiimage">
<posx>1225</posx>
<posy>850</posy>
<width>220</width>
<height>250</height>
<fadetime>350</fadetime>
<aspectratio>keep</aspectratio>
<imagepath>$INFO[Container($PARAM[stringid]).ListItem.Art(fanart)]</imagepath>
</control>
</control>
<control type="textbox">
<posx>550</posx>
<posy>905</posy>
<width>650</width>
<height>125</height>
<align>right</align>
<autoscroll fade="2550" time="3500" repeat="4000"></autoscroll>
<label>$INFO[Container($PARAM[stringid]).ListItem.Plot]</label>
</control>
<control type="label">
<posx>1445</posx>
<posy>795</posy>
<width>850</width>
<height>40</height>
<align>right</align>
<scroll>true</scroll>
<scrollspeed>40</scrollspeed>
<font>font-21-newrecommnded</font>
<label>$INFO[Container($PARAM[stringid]).ListItem.Label]</label>
</control>

<control type="image">
<visible>!Integer.IsGreater(Container($PARAM[stringid]).NumItems,0)</visible>
<posx>1000</posx>
<posy>280</posy>
<width>120</width>
<height>120</height>
<aspectratio>keep</aspectratio>
<texture>special://skin/extras/specialbuttons/loading.gif</texture>
</control>

<control type="grouplist">
<posx>500</posx>
<posy>750</posy>
<width>1300</width>
<height>100</height>
<orientation>horizontal</orientation>
<itemgap>80</itemgap>
<control type="group">
<control type="label">
<posx>20</posx>
<posy>0</posy>
<width>50</width>
<height>50</height>
<label>HD</label>
</control>
</control>
<control type="group">
<visible>!IsEmpty(Container($PARAM[stringid]).ListItem.Year)</visible>
<control type="image">
<posx>0</posx>
<posy>0</posy>
<width>2</width>
<height>40</height>
<texture colordiffuse="gray">white.png</texture>
</control>
<control type="label">
<posx>10</posx>
<posy>0</posy>
<width>150</width>
<height>50</height>
<label fallback="אין">$INFO[Container($PARAM[stringid]).ListItem.Year]</label>
</control>
</control>
<control type="group">
<control type="image">
<posx>5</posx>
<posy>0</posy>
<width>2</width>
<height>40</height>
<texture colordiffuse="gray">white.png</texture>
</control>
</control>
<control type="group">
<visible>String.IsEqual(Container($PARAM[stringid]).ListItem.Year,2020)</visible>
<control type="image">
<posx>5</posx>
<posy>0</posy>
<width>2</width>
<height>40</height>
<texture colordiffuse="gray">white.png</texture>
</control>
<control type="label">
<posx>-60</posx>
<posy>0</posy>
<width>150</width>
<height>50</height>
<textcolor>burlywood</textcolor>
<label fallback="1080">חדש</label>
</control>
</control>
<control type="group">
<control type="image">
<posx>-60</posx>
<posy>0</posy>
<width>150</width>
<height>40</height>
<texture fallback="special://skin/extras/flags/stars/7.8.png" colordiffuse="yellow">special://skin/extras/flags/stars/$INFO[Container($PARAM[stringid]).ListItem.Rating].png</texture>
</control>
</control>
<control type="group">
<control type="image">
<posx>25</posx>
<posy>0</posy>
<width>2</width>
<height>40</height>
<texture colordiffuse="gray">white.png</texture>
</control>
<control type="label">
<posx>35</posx>
<posy>0</posy>
<width>150</width>
<height>50</height>
<textcolor>white</textcolor>
<label>$INFO[Container($PARAM[stringid]).ListItem.PercentPlayed]% [COLOR yellow]נצפה[/COLOR]</label>
</control>
</control>
<control type="group">
<control type="image">
<posx>75</posx>
<posy>0</posy>
<width>2</width>
<height>40</height>
<texture colordiffuse="gray">white.png</texture>
</control>
<control type="label">
<visible>!IsEmpty(Container($PARAM[stringid]).ListItem.Duration)</visible>
<posx>85</posx>
<posy>0</posy>
<width>250</width>
<height>50</height>
<textcolor>white</textcolor>
<label>$INFO[Container($PARAM[stringid]).ListItem.Duration] דקות [COLOR yellow]זמן הסרט: [/COLOR]</label>
</control>
<control type="label">
<visible>IsEmpty(Container($PARAM[stringid]).ListItem.Duration)</visible>
<posx>85</posx>
<posy>0</posy>
<width>250</width>
<height>50</height>
<textcolor>white</textcolor>
<label>אין מידע [COLOR yellow]זמן הסרט: [/COLOR]</label>
</control>
</control>
<control type="group">
<visible>!IsEmpty(Container($PARAM[stringid]).ListItem.Rating)</visible>
<control type="image">
<posx>250</posx>
<posy>0</posy>
<width>2</width>
<height>40</height>
<texture colordiffuse="gray">white.png</texture>
</control>
<control type="label">
<posx>265</posx>
<posy>0</posy>
<width>250</width>
<height>50</height>
<textcolor>white</textcolor>
<label>$INFO[Container($PARAM[stringid]).ListItem.Rating] [COLOR yellow]דירוג: [/COLOR]</label>
</control>
</control>
</control>

</control>
<control type="wraplist" id="$PARAM[stringid]">
<posx>25</posx>
<posy>765</posy>
<width>2920</width>
<height>500</height>
<onup>Control.SetFocus(35)</onup>
<ondown>Control.SetFocus(35)</ondown>
<onback>35</onback>
<preloaditems>2</preloaditems>
<orientation>horizontal</orientation>
<focusposition>0</focusposition>
<scrolltime tween="sine" easing="inout">450</scrolltime>
<itemlayout width="1450" height="150">
<control type="image">
<visible>!IsEmpty(ListItem.Genre)</visible>
<posx>0</posx>
<posy>250</posy>
<width>250</width>
<height>35</height>
<texture colordiffuse="black">white.png</texture>
</control>
<control type="image">
<posx>0</posx>
<posy>0</posy>
<width>250</width>
<height>250</height>
<texture fallback="special://skin/extras/fallbacks/NoActor.png">$INFO[ListItem.Thumb]</texture>
</control>
<control type="image">
<visible>IsEmpty(ListItem.Thumb)</visible>
<posx>0</posx>
<posy>0</posy>
<width>250</width>
<height>250</height>
<texture fallback="special://skin/extras/fallbacks/NoActor.png">$INFO[ListItem.Art(poster)]</texture>
</control>
<control type="image">
<visible>IsEmpty(ListItem.Thumb) + IsEmpty(ListItem.Art(poster)</visible>
<posx>0</posx>
<posy>0</posy>
<width>250</width>
<height>250</height>
<texture fallback="special://skin/extras/fallbacks/NoActor.png">$INFO[ListItem.art(fanart)]</texture>
</control>
<control type="label">
<visible>!IsEmpty(ListItem.Genre)</visible>
<posx>8</posx>
<posy>245</posy>
<width>235</width>
<height>35</height>
<align>center</align>
<label>$INFO[ListItem.Genre]</label>
</control>
</itemlayout>
<focusedlayout width="1450" height="150">
<control type="image">
<visible>!IsEmpty(ListItem.Genre)</visible>
<posx>0</posx>
<posy>250</posy>
<width>250</width>
<height>35</height>
<texture colordiffuse="black">white.png</texture>
</control>
<control type="image">
<visible>!control.hasfocus($PARAM[stringid])</visible>
<posx>0</posx>
<posy>0</posy>
<width>250</width>
<height>250</height>
<texture>$INFO[ListItem.Thumb]</texture>
</control>
<control type="image">
<visible>control.hasfocus($PARAM[stringid])</visible>
<posx>0</posx>
<posy>0</posy>
<width>250</width>
<height>250</height>
<bordertexture colordiffuse="white">white.png</bordertexture>
<bordersize>4</bordersize>
<texture fallback="special://skin/extras/fallbacks/NoActor.png">$INFO[ListItem.Thumb]</texture>
</control>
<control type="image">
<visible>IsEmpty(ListItem.Thumb)</visible>
<visible>control.hasfocus($PARAM[stringid])</visible>
<posx>0</posx>
<posy>0</posy>
<width>250</width>
<height>250</height>
<bordertexture colordiffuse="white">white.png</bordertexture>
<bordersize>4</bordersize>
<texture fallback="special://skin/extras/fallbacks/NoActor.png">$INFO[ListItem.Art(poster)]</texture>
</control>
<control type="image">
<visible>IsEmpty(ListItem.Thumb) + IsEmpty(ListItem.Art(poster)</visible>
<visible>control.hasfocus($PARAM[stringid])</visible>
<posx>0</posx>
<posy>0</posy>
<width>250</width>
<height>250</height>
<bordertexture colordiffuse="white">white.png</bordertexture>
<bordersize>4</bordersize>
<texture fallback="special://skin/extras/fallbacks/NoActor.png">$INFO[ListItem.art(fanart)]</texture>
</control>
<control type="label">
<visible>!IsEmpty(ListItem.Genre)</visible>
<posx>8</posx>
<posy>245</posy>
<width>235</width>
<height>35</height>
<align>center</align>
<scrolltime>25</scrolltime>
<label>$INFO[ListItem.Genre]</label>
</control>
</focusedlayout>
<content sortby="$PARAM[sortbycontent]" sortorder="$PARAM[sortordercontent]">$PARAM[yesgocontent]</content>
</control>
</control>
</definition>
</include>

</includes>
