<?xml version="1.0" encoding="UTF-8"?>
<includes>
 
 
 

<include name="vivaepissodes">
<definition>
<control type="multiimage">
<visible>String.Contains(Container(5).ListItem.Label,$PARAM[vivalabel])</visible>
<posx>0</posx>
<posy>0</posy>
<width>1220</width>
<height>500</height>
<fadetime>450</fadetime>
<imagepath flipx="true" diffuse="special://skin/extras/overlay/right_corner.png">$PARAM[fanartpath]</imagepath>
</control>
<control type="group">
<visible>String.Contains(Container(5).ListItem.Label,$PARAM[vivalabel])</visible>
<posy>-610</posy>
<posx>900</posx>
<control type="label">
<posx>1000</posx>
<posy>600</posy>
<width>1000</width>
<height>100</height>
<font>font-21-power</font>
<align>right</align>
<label>$PARAM[mylabelid]</label>
</control>
<control type="label">
<posx>1000</posx>
<posy>700</posy>
<width>100</width>
<height>40</height>
<align>right</align>
<label>סגנון:</label>
</control>
<control type="label">
<posx>920</posx>
<posy>700</posy>
<width>800</width>
<height>40</height>
<align>right</align>
<label>$PARAM[vivagenre]</label>
</control>
<control type="label">
<posx>920</posx>
<posy>740</posy>
<width>800</width>
<height>40</height>
<align>right</align>
<label>$PARAM[vivayear]</label>
</control>
<control type="label">
<posx>1000</posx>
<posy>740</posy>
<width>100</width>
<height>40</height>
<align>right</align>
<label>שנה:</label>
</control>
<control type="textbox">
<animation effect="fade" time="650">VisibleChange</animation>
<posx>400</posx>
<posy>800</posy>
<width>600</width>
<height>150</height>
<align>right</align>
<autoscroll fade="2550" time="4550" repeat="4000"></autoscroll>
<label>$PARAM[vivaplot]</label>
</control>
</control>

<control type="panel" id="$PARAM[eppsisodpaneld]">
<visible>String.Contains(Container(5).ListItem.Label,$PARAM[vivalabel])</visible>
<posx>10</posx>
<posy>700</posy>
<width>910</width>
<height>350</height>
<onback>5</onback>
<orientation>vertical</orientation>
<itemlayout width="130" height="50">
<control type="image">
<posx>0</posx>
<posy>0</posy>
<width>125</width>
<height>60</height>
<texture>special://skin/extras/specialbuttons/buttonepissodes.png</texture>
</control>
<control type="label">
<posx>5</posx>
<posy>7</posy>
<width>150</width>
<height>45</height>
<label>$INFO[ListItem.Label]</label>
</control>
</itemlayout>
<focusedlayout width="130" height="50">
<control type="image">
<posx>0</posx>
<posy>0</posy>
<width>125</width>
<height>60</height>
<texture>special://skin/extras/specialbuttons/buttonepissodes.png</texture>
</control>
<control type="label">
<posx>5</posx>
<posy>7</posy>
<width>150</width>
<height>45</height>
<textcolor>cyan</textcolor>
<label>[B]$INFO[ListItem.Label][/B]</label>
</control>
</focusedlayout>
<content>$PARAM[vivacontent]</content>
</control>
</definition>
</include>


<include name="kidsepissodes">
<definition>
<control type="group">
<control type="list" id="$PARAM[kidsid]">
<visible>String.Contains(Container(5).ListItem.Label,$PARAM[kidslabel])</visible>
<posx>400</posx>
<posy>500</posy>
<width>1000</width>
<height>50</height>
<onback>5</onback>
<ondown>5</ondown>
<orientation>horizontal</orientation>
<itemlayout width="150" height="40">
<control type="image">
<posx>0</posx>
<posy>0</posy>
<width>125</width>
<height>60</height>
<texture>special://skin/extras/specialbuttons/buttonepissodes.png</texture>
</control>
<control type="label">
<posx>20</posx>
<posy>7</posy>
<width>150</width>
<height>40</height>
<label>$INFO[ListItem.Label]</label>
</control>
</itemlayout>
<focusedlayout width="150" height="40">
<control type="image">
<posx>0</posx>
<posy>0</posy>
<width>125</width>
<height>60</height>
<texture>special://skin/extras/specialbuttons/buttonepissodes.png</texture>
</control>
<control type="label">
<visible>!control.hasfocus($PARAM[kidsid])</visible>
<posx>20</posx>
<posy>7</posy>
<width>150</width>
<height>40</height>
<label>$INFO[ListItem.Label]</label>
</control>
<control type="label">
<visible>control.hasfocus($PARAM[kidsid])</visible>
<posx>20</posx>
<posy>7</posy>
<width>150</width>
<height>40</height>
<textcolor>yellow</textcolor>
<label>[B]$INFO[ListItem.Label][/B]</label>
</control>
</focusedlayout>
<content>$PARAM[kidscontent]</content>
</control>
</control>
</definition>
</include>



<include name="takzirrecommendedplus">
<definition>
<control type="group">
<posy>50</posy>
<visible>String.Contains(Container(5).ListItem.Label,$PARAM[labeleidd])</visible>
<control type="image">
<posx>1420</posx>
<posy>200</posy>
<width>550</width>
<height>650</height>
<texture colordiffuse="black">white.png</texture>
</control>
<control type="multiimage">
<animation effect="fade" time="450">VisibleChange</animation>
<posx>1430</posx>
<posy>220</posy>
<width>495</width>
<height>280</height>
<fadetime>250</fadetime>
<imagepath>$PARAM[recommndedfanart]</imagepath>
</control>
<control type="label">
<posx>1920</posx>
<posy>515</posy>
<width>500</width>
<height>50</height>
<textcolor>white</textcolor>
<align>right</align>
<font>font-21-newrecommnded</font>
<scroll>true</scroll>
<scrollspeed>35</scrollspeed>
<label>$PARAM[reocommndedlabel]</label>
</control>
<control type="textbox">
<posx>1420</posx>
<posy>600</posy>
<width>500</width>
<height>220</height>
<align>right</align>
<textcolor>white</textcolor>
<label>$PARAM[recommndedegenre][CR]$PARAM[recommendedyear][CR]$PARAM[recommdendplot]</label>
<autoscroll fade="2550"time="4450" repeat="4000"></autoscroll>
</control>
</control>
</definition>
</include>


<include name="recommendedmovies">
<definition>
<control type="group">
<animation effect="fade" time="450">VisibleChange</animation>
<posx>1435</posx>
<control type="label">
<posx>500</posx>
<posy>550</posy>
<width>500</width>
<height>40</height>
<align>right</align>
<font>font-21-recommnded</font>
<label>$INFO[Container($PARAM[recommendedid]).ListItem.Label]</label>
</control>
<control type="label">
<posx>2000</posx>
<posy>550</posy>
<width>800</width>
<height>40</height>
<align>right</align>
<font>font-21-recommnded</font>
<label>$INFO[Container($PARAM[recommendedid]).ListItem.Label]</label>
</control>
<control type="textbox">
<posx>0</posx>
<posy>620</posy>
<width>500</width>
<height>320</height>
<align>right</align>
<label>$INFO[Container($PARAM[recommendedid]).ListItem.Genre][CR]$INFO[Container($PARAM[recommendedid]).ListItem.Year][CR]$INFO[Container($PARAM[recommendedid]).ListItem.Plot]</label>
<autoscroll fade="2550" time="4500" repeat="4000"></autoscroll>
</control>

<control type="list" id="$PARAM[recommendedid]">
<posx>0</posx>
<posy>270</posy>
<width>500</width>
<height>280</height>
<onback>2164</onback>
<onleft>$PARAM[dialogclose]</onleft>
<onleft>$PARAM[focusafterclose]</onleft>
<preloaditems>2</preloaditems>
<orientation>vertical</orientation>
<scrolltime tween="sine" easing="inout">250</scrolltime>
<autoscroll time="35000" delay="25000" repeat="5000">Control.HasFocus($PARAM[recommndedcompompare])</autoscroll>
<itemlayout width="220" height="350">
<control type="image">
<posx>0</posx>
<posy>0</posy>
<width>495</width>
<height>280</height>
<texture>$INFO[ListItem.Art(fanart)]</texture>
</control>
</itemlayout>
<focusedlayout width="220" height="350">
<control type="image">
<visible>!control.hasfocus($PARAM[recommendedid])</visible>
<posx>0</posx>
<posy>0</posy>
<width>495</width>
<height>280</height>
<texture>$INFO[ListItem.Art(fanart)]</texture>
</control>
<control type="image">
<visible>control.hasfocus($PARAM[recommendedid])</visible>
<posx>0</posx>
<posy>0</posy>
<width>495</width>
<height>280</height>
<bordertexture colordiffuse="white">white.png</bordertexture>
<bordersize>2</bordersize>
<texture>$INFO[ListItem.Art(fanart)]</texture>
</control>
</focusedlayout>
<content>$PARAM[recommendedcontent]</content>
</control>
<control type="label">
<visible>String.IsEqual(Container($PARAM[recommendedid]).ListItem.Year,2020)</visible>
<animation condition="String.IsEqual(Container($PARAM[recommendedid]).ListItem.Year,2020)" effect="fade" start="0" end="100" time="1100" pulse="true">Conditional</animation>
<posx>5</posx>
<posy>265</posy>
<width>100</width>
<height>40</height>
<textcolor>yellow</textcolor>
<label>[B]חדש[/B]</label>
</control>
</control>
</definition>
</include>


<include name="missinginfo">
<control type="multiimage">
<visible>String.Contains(Container(5).ListItem.Label,$PARAM[missinglabel])</visible>
<posx>0</posx>
<posy>340</posy>
<width>495</width>
<height>280</height>
<fadetime>250</fadetime>
<bordertexture colordiffuse="white">white.png</bordertexture>
<bordersize>2</bordersize>
<imagepath>$PARAM[missingfanart]</imagepath>
</control>
</include>


<include name="multiseesions">
<definition>
<control type="group">
<visible>String.Contains(Container(5).ListItem.Label,$PARAM[seesionslabel])</visible>
<control type="label">
<posx>$PARAM[posxsessionlabel]</posx>
<posy>$PARAM[posysessionlabel]</posy>
<width>200</width>
<height>100</height>
<textcolor>white</textcolor>
<label>$PARAM[sessionnumber]</label>
</control>
<control type="list" id="$PARAM[seesionid]">
<posx>$PARAM[posx]</posx>
<posy>$PARAM[posy]</posy>
<ondown>$PARAM[ondown]</ondown>
<onup>$PARAM[onup]</onup>
<onback>5</onback>
<width>800</width>
<height>200</height>
<orientation>horizontal</orientation>
<onclick condition="Control.HasFocus($PARAM[actioinfo])">Action(info)</onclick>
<itemlayout width="150" height="40">
<control type="image">
<posx>0</posx>
<posy>0</posy>
<width>125</width>
<height>60</height>
<texture>special://skin/extras/specialbuttons/buttonepissodes.png</texture>
</control>
<control type="label">
<posx>20</posx>
<posy>7</posy>
<width>150</width>
<height>40</height>
<label>$INFO[ListItem.Label]</label>
</control>
</itemlayout>
<focusedlayout width="150" height="40">
<control type="image">
<posx>0</posx>
<posy>0</posy>
<width>125</width>
<height>60</height>
<texture>special://skin/extras/specialbuttons/buttonepissodes.png</texture>
</control>
<control type="label">
<visible>!control.hasfocus($PARAM[seesionid])</visible>
<posx>20</posx>
<posy>7</posy>
<width>150</width>
<height>40</height>
<label>$INFO[ListItem.Label]</label>
</control>
<control type="label">
<visible>control.hasfocus($PARAM[seesionid])</visible>
<posx>20</posx>
<posy>7</posy>
<width>150</width>
<height>40</height>
<textcolor>yellow</textcolor>
<label>[B]$INFO[ListItem.Label][/B]</label>
</control>
</focusedlayout>
<content>$PARAM[sessionscontent]</content>
</control>
</control>
</definition>
</include>


<include name="powerofmusic">
<definition>

		<control type="label">
		<animation condition="!Integer.IsGreater(Container($PARAM[powerofmusicid]).NumItems,0)" effect="fade" start="0" end="100" time="1100" pulse="true">Conditional</animation>
		<visible>!Integer.IsGreater(Container($PARAM[powerofmusicid]).NumItems,0)</visible>
		<posx>1650</posx>
		<posy>0</posy>
		<width>250</width>
		<height>200</height>
		<align>center</align>
		<label>טוען[CR]ערוצים</label>
		</control>
		
		<control type="group">
		<visible>Control.HasFocus($PARAM[powerofmusicid])</visible>
		<control type="multiimage">
		<posx>1000</posx>
		<posy>380</posy>
		<width>595</width>
		<height>310</height>
		<fadetime>450</fadetime>
		<imagepath>$INFO[Container($PARAM[powerofmusicid]).ListItem.Thumb]</imagepath>
		</control>
		<control type="textbox">
		<posx>620</posx>
		<posy>420</posy>
		<width>250</width>
		<height>150</height>
		<align>center</align>
		<label>$INFO[Container($PARAM[powerofmusicid]).ListItem.Label]</label>
		</control>
		</control>
		
		<control type="group">
		<control type="multiimage">
		<visible>Control.HasFocus(25) | Control.HasFocus(8005) | Control.HasFocus(402)</visible>
		<posx>1000</posx>
		<posy>380</posy>
		<width>595</width>
		<height>310</height>
		<fadetime>450</fadetime>
		<imagepath>https://image.winudf.com/v2/image/Y29tLk1hZ2ljSWRlYS5NdXNpYzI4Ml9zY3JlZW5fMV9rZmoybWtqaA/screen-1.jpg?fakeurl=1&type=.jpg</imagepath>
		</control>
		<control type="textbox">
		<visible>Control.HasFocus(25) | Control.HasFocus(8005) | Control.HasFocus(402)</visible>
		<visible>!Player.HasAudio</visible>
		<posx>535</posx>
		<posy>440</posy>
		<width>480</width>
		<height>300</height>
		<align>center</align>
		<label>Welcome To The Power Of Music Feel The Vibe</label>
		</control>
		<control type="label">
		<visible>Player.HasAudio</visible>
		<visible>![Control.HasFocus(5) | Control.HasFocus(6) | Control.HasFocus(7) | Control.HasFocus(8) | Control.HasFocus(9) | Control.HasFocus(10) | Control.HasFocus(11) | IsEmpty(MusicPlayer.Title)]</visible>
		<posx>535</posx>
		<posy>450</posy>
		<width>480</width>
		<height>300</height>
		<align>center</align>
		<textcolor>yellow</textcolor>
		<label>מנגן עכשיו ברקע</label>
		</control>
		<control type="textbox">
		<visible>Player.HasAudio</visible>
		<visible>![Control.HasFocus(5) | Control.HasFocus(6) | Control.HasFocus(7) | Control.HasFocus(8) | Control.HasFocus(9) | Control.HasFocus(10) | Control.HasFocus(11)]</visible>
		<posx>535</posx>
		<posy>505</posy>
		<width>480</width>
		<height>300</height>
		<align>center</align>
		<label>$INFO[MusicPlayer.Title]</label>
		</control>
		<control type="label">
		<visible>Player.HasAudio</visible>
		<visible>![Control.HasFocus(5) | Control.HasFocus(6) | Control.HasFocus(7) | Control.HasFocus(8) | Control.HasFocus(9) | Control.HasFocus(10) | Control.HasFocus(11)]</visible>
		<posx>435</posx>
		<posy>370</posy>
		<width>680</width>
		<height>300</height>
		<align>center</align>
		<textcolor>deepskyblue</textcolor>
		<label>$INFO[MusicPlayer.Time, זמן: ] $INFO[MusicPlayer.TimeRemaining, זמן שנותר: ]</label>
		</control>
		<control type="image">
		<visible>Player.HasAudio</visible>
		<posx>1700</posx>
		<posy>1000</posy>
		<width>150</width>
		<height>75</height>
		<texture>special://skin/extras/specialbuttonsnew/C-Rod-Music-About.gif</texture>
		</control>
		</control>
		
<control type="group">
<posx>$PARAM[grouposx]</posx>
<posy>$PARAM[grouposy]</posy>
<control type="image">
<posx>0</posx>
<posy>0</posy>
<width>500</width>
<height>60</height>
<texture>special://skin/extras/common/context_middle.png</texture>
</control>
<control type="image">
<posx>0</posx>
<posy>65</posy>
<width>500</width>
<height>285</height>
<texture>special://skin/extras/common/context_middle.png</texture>
</control>
<control type="image">
<visible>Control.HasFocus($PARAM[powerofmusicid])</visible>
<posx>45</posx>
<posy>0</posy>
<width>400</width>
<height>60</height>
<texture colordiffuse="deepskyblue">white.png</texture>
</control>
<control type="textbox">
<visible>!Control.HasFocus($PARAM[powerofmusicid])</visible>
<posx>0</posx>
<posy>-10</posy>
<width>500</width>
<height>100</height>
<font>font-21-recommnded</font>
<align>center</align>
<label>$PARAM[labeltileoflist]</label>
</control>
<control type="textbox">
<visible>Control.HasFocus($PARAM[powerofmusicid])</visible>
<posx>0</posx>
<posy>-10</posy>
<width>500</width>
<height>100</height>
<font>font-21-recommnded</font>
<align>center</align>
<textcolor>white</textcolor>
<label>$PARAM[labeltileoflist]</label>
</control>

<animation effect="fade" time="650">VisibleChange</animation>
<control type="list" id="$PARAM[powerofmusicid]">
<posx>0</posx>
<posy>60</posy>
<width>520</width>
<height>280</height>
<onright condition="Player.HasAudio">$PARAM[onright]</onright>
<onleft>$PARAM[onleft]</onleft>
<onback>25</onback>
<orientation>vertical</orientation>
<preloaditems>2</preloaditems>
<focusposition>0</focusposition>
<scrolltime tween="sine" easing="inout">450</scrolltime>
<itemlayout width="260" height="40">
<control type="label">
<posx>35</posx>
<posy>0</posy>
<width>400</width>
<height>40</height>
<label>$INFO[ListItem.Label]</label>
</control>
</itemlayout>
<focusedlayout width="260" height="40">
<control type="label">
<visible>!control.hasfocus($PARAM[powerofmusicid])</visible>
<posx>35</posx>
<posy>0</posy>
<width>400</width>
<height>40</height>
<label>$INFO[ListItem.Label]</label>
</control>
<control type="label">
<visible>control.hasfocus($PARAM[powerofmusicid])</visible>
<posx>35</posx>
<posy>0</posy>
<width>400</width>
<height>40</height>
<textcolor>yellow</textcolor>
<label>$INFO[ListItem.Label]</label>
</control>
</focusedlayout>
<content>$PARAM[powerofmusiccontent]</content>
</control>
</control>
</definition>
</include>


<include name="israeliserias">
<definition>
<control type="group">
<visible>StringCompare(Skin.String(Section),$PARAM[isralielistringcompare])</visible>
<control type="image">
<posx>200</posx>
<posy>730</posy>
<width>1520</width>
<height>350</height>
<bordertexture colordiffuse="gray">white.png</bordertexture>
<bordersize>1</bordersize>
<texture colordiffuse="black">white.png</texture>
</control>
<control type="group">
<animation effect="fade" time="450">VisibleChange</animation>
<posx>1400</posx>
<posy>600</posy>
<control type="multiimage">
<posx>65</posx>
<posy>175</posy>
<width>250</width>
<height>300</height>
<fadetime>250</fadetime>
<imagepath>$PARAM[posterimage]</imagepath>
</control>
<control type="label">
<posx>0</posx>
<posy>130</posy>
<width>1000</width>
<height>100</height>
<align>right</align>
<font>font-21-recommnded</font>
<label>$PARAM[israelilabel]</label>
</control>
<control type="textbox">
<posx>-800</posx>
<posy>335</posy>
<width>800</width>
<height>80</height>
<align>right</align>
<textcolor>white</textcolor>
<label>$PARAM[israeliinfo]</label>
<autoscroll fade="2550" time="4450" repeat="4000"></autoscroll>
</control>
<control type="label">
<posx>0</posx>
<posy>200</posy>
<width>800</width>
<height>50</height>
<align>right</align>
<textcolor>white</textcolor>
<label>זא'נר: $PARAM[israeligenre]</label>
</control>
<control type="label">
<posx>0</posx>
<posy>238</posy>
<width>800</width>
<height>50</height>
<align>right</align>
<textcolor>white</textcolor>
<label>שנה: $PARAM[israeliyear]</label>
</control>
<control type="label">
<posx>0</posx>
<posy>275</posy>
<width>800</width>
<height>50</height>
<align>right</align>
<textcolor>white</textcolor>
<label>סהכ פרקים: $INFO[Container($PARAM[israeliid]).NumItems]</label>
</control>
<control type="label">
<animation condition="!Integer.IsGreater(Container($PARAM[israeliid]).NumItems,0)" effect="fade" start="0" end="100" time="1100" pulse="true">Conditional</animation>
<visible>!Integer.IsGreater(Container($PARAM[israeliid]).NumItems,0)</visible>
<posx>-500</posx>
<posy>430</posy>
<width>500</width>
<height>40</height>
<label>שנייה טוען פרקים...</label>
</control>

<control type="label">
<posx>230</posx>
<posy>130</posy>
<width>200</width>
<height>50</height>
<align>right</align>
<textcolor>white</textcolor>
<label>[B]עונה $PARAM[sessionumer][/B]</label>
</control>

</control>
<control type="list" id="$PARAM[israeliid]">
<posx>450</posx>
<posy>1020</posy>
<width>950</width>
<height>250</height>
<onback>2164</onback>
<animation effect="fade" time="450">VisibleChange</animation>
<orientation>horizontal</orientation>
<onclick condition="Control.HasFocus($PARAM[israelifocusid])">Action(info)</onclick>
<itemlayout width="150" height="40">
<control type="image">
<posx>0</posx>
<posy>0</posy>
<width>125</width>
<height>60</height>
<texture>special://skin/extras/specialbuttons/buttonepissodes.png</texture>
</control>
<control type="label">
<posx>20</posx>
<posy>7</posy>
<width>150</width>
<height>40</height>
<label>$INFO[ListItem.Label]</label>
</control>
</itemlayout>
<focusedlayout width="150" height="40">
<control type="image">
<posx>0</posx>
<posy>0</posy>
<width>125</width>
<height>60</height>
<texture>special://skin/extras/specialbuttons/buttonepissodes.png</texture>
</control>
<control type="label">
<visible>!control.hasfocus($PARAM[israeliid])</visible>
<posx>20</posx>
<posy>7</posy>
<width>150</width>
<height>40</height>
<label>$INFO[ListItem.Label]</label>
</control>
<control type="label">
<animation effect="fade" time="450">VisibleChange</animation>
<visible>control.hasfocus($PARAM[israeliid])</visible>
<posx>20</posx>
<posy>7</posy>
<width>150</width>
<height>40</height>
<textcolor>yellow</textcolor>
<label>[B]$INFO[ListItem.Label][/B]</label>
</control>
</focusedlayout>
<content>$PARAM[isaralicontent]</content>
</control>
</control>
</definition>
</include>

<include name="missingepissodesinfo">
<definition>
<control type="group">
<visible>String.Contains(Container(5).ListItem.Label,$PARAM[seesionslabel])</visible>
<control type="multiimage">
<animation effect="fade" time="650">VisibleChange</animation>
<posx>0</posx>
<posy>0</posy>
<width>1920</width>
<height>620</height>
<fadetime>450</fadetime>
<imagepath>$PARAM[imagefanartlink]</imagepath>
</control>
<control type="textbox">
<animation effect="fade" time="650">VisibleChange</animation>
<posx>1340</posx>
<posy>365</posy>
<width>500</width>
<height>125</height>
<align>right</align>
<autoscroll fade="2550" time="4550" repeat="4000"></autoscroll>
<label>$PARAM[missingplot]</label>
</control>
</control>
</definition>
</include>


<include name="radiomusic">
<definition>
<control type="list" id="$PARAM[radioid]">
<visible>StringCompare(Skin.String(Section),$PARAM[radiocompare])</visible>
<posx>560</posx>
<posy>375</posy>
<width>520</width>
<height>320</height>
<onright>8005</onright>
<onback>2164</onback>
<orientation>vertical</orientation>
<preloaditems>2</preloaditems>
<focusposition>0</focusposition>
<scrolltime tween="sine" easing="inout">450</scrolltime>
<itemlayout width="260" height="40">
<control type="label">
<posx>0</posx>
<posy>0</posy>
<width>300</width>
<height>40</height>
<textcolor>white</textcolor>
<label>$INFO[ListItem.Label]</label>
</control>
</itemlayout>
<focusedlayout width="260" height="40">
<control type="label">
<visible>!Control.HasFocus($PARAM[radioid])</visible>
<posx>0</posx>
<posy>0</posy>
<width>300</width>
<height>40</height>
<scroll>true</scroll>
<scrollspeed>20</scrollspeed>
<textcolor>white</textcolor>
<label>$INFO[ListItem.Label]</label>
</control>
<control type="label">
<visible>Control.HasFocus($PARAM[radioid])</visible>
<posx>0</posx>
<posy>0</posy>
<width>300</width>
<height>40</height>
<textcolor>yellow</textcolor>
<scroll>true</scroll>
<scrollspeed>20</scrollspeed>
<label>$INFO[ListItem.Label]</label>
</control>
</focusedlayout>
<content sortby="$PARAM[sortbyadded]" sortorder="$PARAM[descending]">$PARAM[radiocontent]</content>
</control>

		<control type="label">
		<visible>Player.HasAudio</visible>
		<posx>985</posx>
		<posy>380</posy>
		<width>360</width>
		<height>300</height>
		<align>center</align>
		<textcolor>burlywood</textcolor>
		<label>השיר שמתנגן ברקע:</label>
		</control>
		<control type="label">
		<visible>Player.HasAudio</visible>
		<posx>1265</posx>
		<posy>320</posy>
		<width>415</width>
		<height>50</height>
		<textcolor>deepskyblue</textcolor>
		<align>center</align>
		<scroll>true</scroll>
		<scrollspeed>40</scrollspeed>
		<label>זמן ניגון: $INFO[MusicPlayer.Time] / זמן שנותר: $INFO[MusicPlayer.TimeRemaining]</label>
		</control>
		<control type="label">			
		<visible>Player.HasAudio</visible>
		<description>flags image</description>
		<posx>550</posx>
		<posy>320</posy>
		<width>430</width>
		<height>45</height>
		<align>center</align>
		<textcolor>deepskyblue</textcolor>
		<label>[I]$INFO[MusicPlayer.Codec][/I] [COLOR cyan] קידוד: [/COLOR]   /   [I]$INFO[MusicPlayer.Channels][/I] [COLOR cyan] ערוצים: [/COLOR]</label>
		</control>
		<control type="label">			
		<visible>!Player.HasAudio</visible>
		<posx>550</posx>
		<posy>320</posy>
		<width>430</width>
		<height>45</height>
		<align>center</align>
		<textcolor>deepskyblue</textcolor>
		<label>הנגן המרכזי</label>
		</control>
		<control type="label">
		<visible>!Player.HasAudio</visible>
		<posx>1075</posx>
		<posy>320</posy>
		<width>800</width>
		<height>50</height>
		<textcolor>deepskyblue</textcolor>
		<align>center</align>
		<label>ברוכים הבאים לנגן ערוצי הרדיו</label>
		</control>
		<control type="image">
		<visible>Player.HasAudio</visible>
		<posx>1045</posx>
		<posy>305</posy>
		<width>150</width>
		<height>75</height>
		<texture>special://skin/extras/specialbuttonsnew/C-Rod-Music-About.gif</texture>
		</control>
		<control type="label">
		<visible>!Player.HasAudio</visible>
		<posx>1075</posx>
		<posy>295</posy>
		<width>150</width>
		<height>80</height>
		<font>font-21-recommnded</font>
		<label>רדיו</label>
		</control>
		
		<control type="label">
		<visible>![Player.HasAudio]</visible>
		<posx>985</posx>
		<posy>380</posy>
		<width>360</width>
		<height>300</height>
		<align>center</align>
		<textcolor>burlywood</textcolor>
		<label>מידע על תחנת הרדיו</label>
		</control>
		<control type="group">
		<visible>$PARAM[visibleid]</visible>
		<visible>$PARAM[visiblenoid]</visible>
		<control type="textbox">
		<posx>1025</posx>
		<posy>460</posy>
		<width>280</width>
		<height>125</height>
		<align>center</align>
		<autoscroll fade="2550" time="4550" repeat="4000"></autoscroll>
		<label>$INFO[MusicPlayer.Title]</label>
		</control>
		<control type="textbox">
		<visible>![Player.HasAudio]</visible>
		<posx>950</posx>
		<posy>440</posy>
		<width>420</width>
		<height>145</height>
		<align>center</align>
		<autoscroll fade="2550" time="4550" repeat="4000"></autoscroll>
		<label>$INFO[Container($PARAM[radioid]).ListItem.Plot]</label>
		</control>
		<control type="multiimage">
		<posx>323</posx>
		<posy>448</posy>
		<width>205</width>
		<height>202</height>
		<fadetime>350</fadetime>
		<imagepath>$INFO[Container($PARAM[radioid]).ListItem.Thumb]</imagepath>
		</control>
		</control>
		</definition>
		</include>

<include name="kidmissinginfo">
<definition>
<control type="group">
<visible>String.Contains(Container(5).ListItem.Label,$PARAM[kidslabelid]</visible>
<control type="image">
<posx>0</posx>
<posy>200</posy>
<width>510</width>
<height>300</height>
<texture colordiffuse="white">black.png</texture>
</control>
<control type="multiimage">
<posx>0</posx>
<posy>0</posy>
<width>495</width>
<height>250</height>
<fadetime>250</fadetime>
<imagepath>$PARAM[kidsimagefanart]</imagepath>
</control>
<control type="label">
<posx>500</posx>
<posy>240</posy>
<width>480</width>
<align>right</align>
<font>font-21-recommnded</font>
<label>$PARAM[kidslabelidname]</label>
</control>
<control type="label">
<posx>500</posx>
<posy>330</posy>
<width>400</width>
<align>right</align>
<label>שנת : $PARAM[kidslabelidnameyear]</label>
</control>
<control type="label">
<posx>500</posx>
<posy>300</posy>
<width>400</width>
<align>right</align>
<label>סגנון : $PARAM[kidslabelidnamegenre]</label>
</control>
<control type="textbox">
<posx>0</posx>
<posy>375</posy>
<width>500</width>
<height>145</height>
<align>right</align>
<label>$PARAM[kidsinfoplot]</label>
<autoscroll fade="2550" time="4550" repeat="4000"></autoscroll>
</control>
</control>
</definition>
</include>


<include name="seriascontent">
<definition>
<control type="group">
<animation effect="fade" time="450">VisibleChange</animation>
<visible>StringCompare(Skin.String(Section),$PARAM[stringcompare])</visible>
<control type="multiimage">
<posx>1640</posx>
<posy>700</posy>
<width>270</width>
<height>380</height>
<fadetime>250</fadetime>
<imagepath>$PARAM[fanartid]</imagepath>
</control>
<control type="label">
<posx>1600</posx>
<posy>700</posy>
<width>1200</width>
<height>50</height>
<align>right</align>
<font>font-21-newrecommnded</font>
<label>$PARAM[labelname]</label>
</control>
<control type="label">
<posx>1600</posx>
<posy>760</posy>
<width>1200</width>
<height>50</height>
<align>right</align>
<label>סגנון: $PARAM[genrename]</label>
</control>
<control type="label">
<visible>$PARAM[visibleid]</visible>
<posx>1600</posx>
<posy>800</posy>
<width>1200</width>
<height>50</height>
<align>right</align>
<label>שנת יציאה: $PARAM[yearname]</label>
</control>
<control type="label">
<visible>$PARAM[visibleid]</visible>
<posx>1600</posx>
<posy>840</posy>
<width>1200</width>
<height>50</height>
<align>right</align>
<label>מספר הפרקים: $INFO[Container($PARAM[stringid]).NumItems]</label>
</control>
<control type="textbox">
<posx>1100</posx>
<posy>920</posy>
<width>500</width>
<height>150</height>
<align>right</align>
<label>$PARAM[textplot]</label>
<autoscroll fade="2550" time="4550" repeat="4000"></autoscroll>
</control>
<control type="label">
<visible>$PARAM[visibleid]</visible>
<posx>800</posx>
<posy>700</posy>
<width>1200</width>
<height>50</height>
<align>right</align>
<font>font-21-power</font>
<textcolor>yellow</textcolor>
<label>עונה: $PARAM[sessionnumber]</label>
</control>
<control type="label">
<visible>Control.HasFocus($PARAM[stringid])</visible>
<posx>725</posx>
<posy>780</posy>
<width>1200</width>
<height>50</height>
<align>right</align>
<textcolor>white</textcolor>
<label>$PARAM[sourcenumber]</label>
</control>
<control type="label">
<animation condition="!Integer.IsGreater(Container($PARAM[stringid]).NumItems,0)" effect="fade" start="0" end="100" time="1100" pulse="true">Conditional</animation>
<visible>!Integer.IsGreater(Container($PARAM[stringid]).NumItems,0)</visible>
<posx>650</posx>
<posy>1020</posy>
<width>500</width>
<height>40</height>
<label>טוען פרקים  המתן...</label>
</control>
<control type="list" id="$PARAM[stringid]">
<animation effect="fade" time="450">VisibleChange</animation>
<posx>320</posx>
<posy>$PARAM[posy]</posy>
<width>725</width>
<height>80</height>
<onback>2164</onback>
<ondown>$PARAM[ondown]</ondown>
<onup>$PARAM[onup]</onup>
<onclick condition="Control.HasFocus($PARAM[actioninfoid])">Action(info)</onclick>
<orientation>horizontal</orientation>
<itemlayout width="145" height="50">
<control type="image">
<posx>0</posx>
<posy>0</posy>
<width>145</width>
<height>100</height>
<texture colordiffuse="FF0166FF">special://skin/extras/specialbuttons/episodebgnew.png</texture>
</control>
<control type="label">
<posx>0</posx>
<posy>25</posy>
<width>140</width>
<height>40</height>
<align>center</align>
<textcolor>white</textcolor>
<label>$INFO[ListItem.Label]</label>
</control>
</itemlayout>
<focusedlayout width="145" height="50">
<control type="image">
<visible>!Control.HasFocus($PARAM[stringid])</visible>
<posx>0</posx>
<posy>0</posy>
<width>145</width>
<height>100</height>
<texture colordiffuse="FF0166FF">special://skin/extras/specialbuttons/episodebgnew.png</texture>
</control>
<control type="image">
<visible>Control.HasFocus($PARAM[stringid])</visible>
<posx>0</posx>
<posy>0</posy>
<width>140</width>
<height>100</height>
<scroll>true</scroll>
<scrollspeed>20</scrollspeed>
<texture colordiffuse="burlywood">special://skin/extras/specialbuttons/episodebgnew.png</texture>
</control>
<control type="label">
<visible>!Control.HasFocus($PARAM[stringid])</visible>
<posx>0</posx>
<posy>25</posy>
<width>140</width>
<height>40</height>
<align>center</align>
<textcolor>white</textcolor>
<label>$INFO[ListItem.Label]</label>
</control>
<control type="label">
<visible>Control.HasFocus($PARAM[stringid])</visible>
<posx>0</posx>
<posy>25</posy>
<width>140</width>
<height>40</height>
<align>center</align>
<textcolor>black</textcolor>
<label>[B]$INFO[ListItem.Label][/B]</label>
</control>
</focusedlayout>
<content>$PARAM[episodedcontent]</content>
</control>
</control>
</definition>
</include>

<include name="buttonid">
<definition>
		<control type="button" id="$PARAM[buttonnumber]">
		<width>auto</width>
		<height>40</height>
		<texturefocus colordiffuse="white" border="8,8,8,8">special://skin/extras/views/default_button_fo.png</texturefocus>
		<textcolor>white</textcolor>
		<focusedcolor>cyan</focusedcolor>
		<label>$PARAM[buttonname]</label>
		<onclick>SetFocus($PARAM[buttonssetfocus])</onclick>
		<onright>$PARAM[buttonssetfocus]</onright>
		<onfocus>Skin.SetString(Section,$PARAM[buttonssetfocus])</onfocus>
		</control>
		</definition>
		</include>


</includes>
