<?xml version="1.0" encoding="UTF-8"?>

<includes>





<include name="missedinfokidsserias">
<definition>
<control type="group">
<visible>Container(35).HasFocus($PARAM[containernumber])</visible>
<control type="multiimage">
<posx>1580</posx>
<posy>320</posy>
<width>320</width>
<height>450</height>
<fadetime>350</fadetime>
<imagepath>$PARAM[imagepath]</imagepath>
</control>

<control type="label">
<posx>1550</posx>
<posy>320</posy>
<width>800</width>
<height>50</height>
<align>right</align>
<font>font-21-newrecommnded</font>
<label>$INFO[Control.GetLabel(35).($PARAM[containernumber])]</label>
</control>

<control type="label">
<posx>1550</posx>
<posy>420</posy>
<width>800</width>
<height>50</height>
<align>right</align>
<label>[COLOR gray][I]$PARAM[genre][/I][/COLOR] [COLOR white]סגנון: [/COLOR]</label>
</control>

<control type="label">
<posx>1550</posx>
<posy>460</posy>
<width>800</width>
<height>50</height>
<align>right</align>
<label>[COLOR gray][I]$PARAM[year][/I][/COLOR] [COLOR white]שנה: [/COLOR]</label>
</control>

<control type="label">
<posx>1548</posx>
<posy>515</posy>
<width>800</width>
<height>50</height>
<align>right</align>
<label>תקציר:</label>
</control>


<control type="textbox">
<posx>950</posx>
<posy>565</posy>
<width>600</width>
<height>115</height>
<align>right</align>
<autoscroll fade="2550" time="3500" repeat="4000"></autoscroll>
<label>$PARAM[plot]</label>
</control>



<control type="list" id="$PARAM[contentid]">
<posx>450</posx>
<posy>720</posy>
<width>960</width>
<height>100</height>
<onup>35</onup>
<onback>35</onback>
<orientation>horizontal</orientation>
<itemlayout width="120" height="40">
<control type="image">
<posx>0</posx>
<posy>0</posy>
<width>120</width>
<height>65</height>
<texture>special://skin/extras/specialbuttons/buttonepissodes.png</texture>
</control>
<control type="label">
<posx>10</posx>
<posy>10</posy>
<width>100</width>
<align>center</align>
<label>$INFO[ListItem.Label]</label>
</control>
</itemlayout>
<focusedlayout width="120" height="40">
<control type="image">
<posx>0</posx>
<posy>0</posy>
<width>120</width>
<height>65</height>
<texture>special://skin/extras/specialbuttons/buttonepissodes.png</texture>
</control>
<control type="label">
<visible>!Control.HasFocus($PARAM[contentid])</visible>
<posx>10</posx>
<posy>10</posy>
<width>100</width>
<align>center</align>
<textcolor>white</textcolor>
<label>$INFO[ListItem.Label]</label>
</control>
<control type="label">
<visible>Control.HasFocus($PARAM[contentid])</visible>
<posx>10</posx>
<posy>10</posy>
<width>100</width>
<align>center</align>
<textcolor>yellow</textcolor>
<label>[B]$INFO[ListItem.Label][/B]</label>
</control>
</focusedlayout>
<content>$PARAM[content]</content>
</control>
</control>
</definition>
</include>
</includes>
