<?xml version="1.0" encoding="UTF-8"?>

<includes>


<include name="basetvshowsource">
<definition>
<control type="group">
<visible>String.Contains(Container(5).ListItem.Label,$PARAM[labelname])</visible>
<control type="image">
<visible>Integer.IsGreater(Container($PARAM[epiisodeid]).NumItems,0)</visible>
<posx>0</posx>
<posy>$PARAM[episodbgposy]</posy>
<width>1920</width>
<height>50</height>
<bordertexture colordiffuse="white">white.png</bordertexture>
<bordersize>2</bordersize>
<texture colordiffuse="black">white.png</texture>
</control>
<control type="group">
<animation condition="!IsEmpty(Container($PARAM[epiisodeid]).ListItem.Plot) + Control.HasFocus($PARAM[epiisodeid])" effect="slide" start="0,0" end="-1000,0" time="250" tween="sine" easing="inout">Conditional</animation>
<visible>!IsEmpty(Container($PARAM[epiisodeid]).ListItem.Plot) + Control.HasFocus($PARAM[epiisodeid])</visible>
<control type="image">
<posx>2000</posx>
<posy>0</posy>
<width>920</width>
<height>200</height>
<bordertexture colordiffuse="white">white.png</bordertexture>
<bordersize>2</bordersize>
<texture colordiffuse="black">white.png</texture>
</control>
<control type="textbox">
<posx>2000</posx>
<posy>50</posy>
<width>920</width>
<height>150</height>
<align>right</align>
<label>$INFO[Container($PARAM[epiisodeid]).ListItem.Plot]</label>
</control>
</control>
<control type="group">
<visible>$PARAM[visibleid]</visible>
<control type="label">
<visible>Integer.IsGreater(Container($PARAM[epiisodeid]).NumItems,0)</visible>
<animation effect="fade" time="450">VisibleChange</animation>
<posx>1565</posx>
<posy>320</posy>
<width>1200</width>
<height>50</height>
<align>right</align>
<label>[COLOR yellow]$INFO[Container($PARAM[epiisodeid]).NumItems][/COLOR] [COLOR white]כמות הפרקים:[/COLOR]</label>
</control>
<control type="label">
<animation effect="fade" time="450">VisibleChange</animation>
<posx>1565</posx>
<posy>360</posy>
<width>1200</width>
<height>50</height>
<align>right</align>
<label>[COLOR yellow]$PARAM[sesseionnumber][/COLOR] [COLOR white]עונה:[/COLOR]</label>
</control>
</control>
<control type="button" id="4452">
<posx>0</posx>
<posy>0</posy>
<width>1</width>
<height>1</height>
<label>1</label>
<onfocus>SetFocus($PARAM[epiisodeid])</onfocus>
</control>
<control type="list" id="$PARAM[epiisodeid]">
<posx>0</posx>
<posy>$PARAM[episodposy]</posy>
<width>1920</width>
<height>500</height>
<onback>5</onback>
<ondown>Control.SetFocus($PARAM[ondown])</ondown>
<onup>Control.SetFocus($PARAM[onup])</onup>
<orientation>horizontal</orientation>
<itemlayout width="220" height="40">
<control type="label">
<posx>0</posx>
<posy>0</posy>
<width>250</width>
<height>40</height>
<align>center</align>
<label>$INFO[ListItem.Label]</label>
</control>
</itemlayout>
<focusedlayout width="220" height="40">
<control type="image">
<visible>Control.HasFocus($PARAM[epiisodeid])</visible>
<posx>0</posx>
<posy>5</posy>
<width>220</width>
<height>40</height>
<bordertexture colordiffuse="white">white.png</bordertexture>
<bordersize>2</bordersize>
<texture colordiffuse="gray">white.png</texture>
</control>
<control type="label">
<posx>0</posx>
<posy>0</posy>
<width>250</width>
<height>40</height>
<align>center</align>
<textcolor>yellow</textcolor>
<label>$INFO[ListItem.Label]</label>
</control>
</focusedlayout>
<content>$PARAM[episodescontent]</content>
</control>
</control>
</definition>
</include>



<include name="idanextras">
<definition>
<control type="group">
<posx>-20</posx>
<posy>260</posy>
<visible>String.Contains(Container($PARAM[mainlistid]).ListItem.Label,$PARAM[labelname])</visible>
<visible>$PARAM[notvisible]</visible>
<control type="button" id="4452">
<posx>0</posx>
<posy>0</posy>
<width>1</width>
<height>1</height>
<label>-</label>
<onfocus>Control.SetFocus($PARAM[stringid])</onfocus>
</control>
<control type="button" id="4453">
<posx>0</posx>
<posy>0</posy>
<width>1</width>
<height>1</height>
<label>-</label>
<onfocus>Control.SetFocus($PARAM[stringid])</onfocus>
</control>
<control type="wraplist" id="$PARAM[stringid]">
<posx>275</posx>
<posy>540</posy>
<width>1200</width>
<height>250</height>
<onback>5</onback>
<onup>SetFocus($PARAM[mainlistid])</onup>
<focusposition>0</focusposition>
<scrolltime tween="sine" easing="inout">450</scrolltime>
<orientation>horizontal</orientation>
<itemlayout width="240" height="180">
<control type="image">
<posx>0</posx>
<posy>0</posy>
<width>235</width>
<height>150</height>
<texture colordiffuse="black">white.png</texture>
</control>
<control type="textbox">
<posx>0</posx>
<posy>0</posy>
<width>220</width>
<height>150</height>
<align>right</align>
<label>$INFO[ListItem.Label]</label>
</control>
</itemlayout>
<focusedlayout width="240" height="180">
<control type="image">
<posx>0</posx>
<posy>0</posy>
<width>235</width>
<height>150</height>
<texture colordiffuse="black">white.png</texture>
</control>
<control type="textbox">
<posx>0</posx>
<posy>0</posy>
<width>220</width>
<height>150</height>
<align>right</align>
<autoscroll fade="2550" time="4550" repeat="4000"></autoscroll>
<label>$INFO[ListItem.Label]</label>
</control>
</focusedlayout>
<content limit="25">$PARAM[episodcontent]</content>
</control>
<control type="image">
<visible>Control.HasFocus($PARAM[stringid])</visible>
<posx>270</posx>
<posy>535</posy>
<width>245</width>
<height>160</height>
<texture colordiffuse="deepskyblue" border="4,4,4,4">special://skin/extras/views/cover_panel_fo.png</texture>
</control>
</control>
</definition>
</include>

<include name="ghostnews">
<control type="group">
<posx>-2500</posx>
<posy>200</posy>
<animation condition="System.IdleTime(5)" effect="slide" start="0,0" end="2500,0" time="350" tween="sine" easing="inout">Conditional</animation>
<animation condition="System.IdleTime(10)" effect="slide" start="0,0" end="-2500,0" time="350" tween="sine" easing="inout">Conditional</animation>
<control type="image">
<posx>1000</posx>
<posy>0</posy>
<width>800</width>
<height>150</height>
<texture>special://skin/extras/common/context_middle.png</texture>
</control>
<control type="multiimage">
<visible>String.Contains(Container(255).ListItem.Label,סדרה חדשה)</visible>
<posx>700</posx>
<posy>0</posy>
<width>350</width>
<height>150</height>
<imagepath>https://raw.githubusercontent.com/moshep15/back/master/movietest.jpg</imagepath>
</control>
<control type="image">
<visible>String.Contains(Container(255).ListItem.Label,כאן 11)</visible>
<posx>700</posx>
<posy>0</posy>
<width>350</width>
<height>150</height>
<texture>special://skin/extras/test/TV.gif</texture>
</control>
<control type="list" id="255">
<posx>1120</posx>
<posy>0</posy>
<width>800</width>
<height>150</height>
<focusposition>2</focusposition>
<scrolltime tween="sine" easing="inout">450</scrolltime>
<orientation>vertical</orientation>
<itemlayout width="120" height="180">
<control type="textbox">
<posx>0</posx>
<posy>0</posy>
<width>620</width>
<height>150</height>
<align>right</align>
<label>$INFO[ListItem.label]</label>
</control>

</itemlayout>
<focusedlayout width="120" height="180">
<control type="textbox">
<posx>0</posx>
<posy>0</posy>
<width>620</width>
<height>150</height>
<align>right</align>
<autoscroll fade="1500" time="4550" repeat="5000"></autoscroll>
<label>$INFO[ListItem.label]</label>
</control>
</focusedlayout>
<content limit="1">plugin://plugin.video.telemedia/?data=0&amp;dates=%20&amp;description=%d7%9b%d7%9f%20%d7%9e%d7%97%d7%93%d7%a9%20%d7%95%d7%9c%d7%a2%d7%93%d7%9b%d7%9f%20%d7%9c%d7%9e%d7%99%20%d7%a9%d7%99%d7%a9%20%d7%9e%d7%97%d7%a9%d7%91%20%d7%95%d7%9c%d7%90%20%d7%a1%d7%98%d7%a8%d7%99%d7%9e%d7%a8%20%d7%94%d7%a2%d7%93%d7%9b%d7%95%d7%9f%20%d7%99%d7%93%d7%a0%d7%99%20%20%d7%93%d7%a8%d7%9a%20%d7%90%d7%a8%d7%99%d7%97%20%d7%94%d7%a8%d7%97%d7%91%d7%95%d7%aa%20%d7%98%d7%9c%d7%9e%d7%93%d7%99%d7%94%d7%a2%d7%93%d7%9b%d7%95%d7%9f%20%d7%a8%d7%99%d7%a4%d7%95%20%d7%90%d7%95%20%d7%99%d7%a9%20%d7%90%d7%99%d7%99%d7%a7%d7%95%d7%9f%20%d7%9c%d7%9e%d7%98%d7%94%20%d7%9c%d7%99%d7%93%20%d7%94%d7%a4%d7%90%d7%95%d7%95%d7%a8%20%d7%9b%d7%9e%d7%95%20%d7%a8%d7%99%d7%a4%d7%a8%d7%a9%20%d7%92%d7%9d%20%d7%9e%d7%a9%d7%9d%20%d7%90%d7%a4%d7%a9%d7%a8%d7%99%0afrom_plot&amp;eng_name=%20&amp;episode=%20&amp;fanart&amp;fav_status=false&amp;heb_name=%20&amp;iconimage&amp;id=%20&amp;image_master=%24%24%24&amp;isr=0&amp;last_id=0%24%24%240%24%24%240%24%24%240&amp;mode=2&amp;name=%5bCOLOR%20lightblue%5d%d7%92%d7%95%d7%a1%d7%98%20%d7%97%d7%93%d7%a9%d7%95%d7%aa%5b%2fCOLOR%5d&amp;original_title=%d7%92%d7%95%d7%a1%d7%98%20%d7%97%d7%93%d7%a9%d7%95%d7%aa&amp;season=%20&amp;show_original_year=%20&amp;tmdbid=%20&amp;url=-1001190025938&quot</content>
</control>
</control>
</include>


<include name="newdesginproeject">
<definition>
<control type="group">
<control type="textbox">
<animation effect="fade" time="450">VisibleChange</animation>
<posx>$PARAM[plotposx]</posx>
<posy>$PARAM[plotposy]</posy>
<width>$PARAM[plotwidth]</width>
<height>$PARAM[plotheight]</height>
<label>$INFO[Container($PARAM[id]).ListItem.Plot]</label>
<align>right</align>
<autoscroll fade="2550" time="3000" repeat="4000"></autoscroll>
</control>
<control type="multiimage">
<posx>$PARAM[imageposx]</posx>
<posy>$PARAM[imageposy]</posy>
<width>$PARAM[imagewidth]</width>
<height>$PARAM[imageheight]</height>
<fadetime>350</fadetime>
<imagepath>$INFO[Container($PARAM[id]).ListItem.Thumb]</imagepath>
</control>
<control type="label">
<posx>1480</posx>
<posy>320</posy>
<width>1200</width>
<height>100</height>
<align>right</align>
<font>font-21-recommnded</font>
<scroll>true</scroll>
<scrollspeed>40</scrollspeed>
<label>$INFO[Container($PARAM[id]).ListItem.Label]</label>
</control>
<control type="label">
<visible>!IsEmpty(Container($PARAM[id]).ListItem.Rating)</visible>
<posx>1410</posx>
<posy>520</posy>
<width>400</width>
<height>50</height>
<label>דירוג: </label>
</control>
<control type="image">
<visible>!IsEmpty(Container($PARAM[id]).ListItem.Rating)</visible>
<posx>1280</posx>
<posy>482</posy>
<width>120</width>
<height>120</height>
<aspectratio>keep</aspectratio>
<texture>special://skin/extras/flags/stars/$INFO[Container($PARAM[id]).ListItem.Rating].png</texture>
</control>
<control type="list" id="$PARAM[id]">
<posx>$PARAM[listposx]</posx>
<posy>$PARAM[listposy]</posy>
<width>$PARAM[listwidth]</width>
<height>$PARAM[listheight]</height>
<orientation>vertical</orientation>
<onclick>Control.SetFocus(4482)</onclick>
<itemlayout width="120" height="40">
<control type="label">
<posx>0</posx>
<posy>0</posy>
<width>500</width>
<height>40</height>
<label>$INFO[ListItem.Label]</label>
</control>
</itemlayout>
<focusedlayout width="120" height="40">
<control type="label">
<visible>!Control.HasFocus($PARAM[id]</visible>
<posx>0</posx>
<posy>0</posy>
<width>500</width>
<height>40</height>
<scroll>true</scroll>
<scrollspeed>40</scrollspeed>
<label>$INFO[ListItem.Label]</label>
</control>
<control type="label">
<visible>Control.HasFocus($PARAM[id]</visible>
<posx>0</posx>
<posy>0</posy>
<width>500</width>
<height>40</height>
<textcolor>yellow</textcolor>
<scroll>true</scroll>
<scrollspeed>40</scrollspeed>
<label>[B]$INFO[ListItem.Label][/B]</label>
</control>
</focusedlayout>
<content>$PARAM[basecontent]</content>
</control>
</control>
</definition>
</include>

<include name="epissodesproject">
<definition>
<control type="group">
<visible>String.Contains(Container($PARAM[myidlist]).ListItem.Label,$PARAM[labelname])</visible>
<control type="image">
<visible>$PARAM[sessionvisible]</visible>
<animation effect="fade" time="450">VisibleChange</animation>
<posx>0</posx>
<posy>100</posy>
<width>1920</width>
<height>200</height>
<texture>special://skin/extras/common/context_middle.png</texture>
</control>
<control type="image">
<animation effect="fade" time="450">VisibleChange</animation>
<visible>Integer.IsGreater(Container($PARAM[episodidnumber]).NumItems,0)</visible>
<posx>0</posx>
<posy>$PARAM[epidosbackgroundposy]</posy>
<width>1920</width>
<height>50</height>
<texture>special://skin/extras/common/context_middle.png</texture>
</control>
<control type="label">
<visible>$PARAM[sessionvisible]</visible>
<visible>!IsEmpty(Container($PARAM[episodid]).ListItem.Plot)</visible>
<posx>1800</posx>
<posy>100</posy>
<width>400</width>
<height>50</height>
<align>right</align>
<label>$INFO[Container($PARAM[episodid]).ListItem.Label] שם הפרק: </label>
</control>
<control type="label">
<visible>$PARAM[sessionvisible]</visible>
<posx>1400</posx>
<posy>440</posy>
<width>400</width>
<height>50</height>
<label>$PARAM[seesionnumber] [COLOR white]עונה:[/COLOR]</label>
</control>
<control type="multiimage">
<visible>$PARAM[sessionvisible]</visible>
<visible>!IsEmpty(Container($PARAM[episodid]).ListItem.Plot)</visible>
<posx>$PARAM[imageposx]</posx>
<posy>$PARAM[imageposy]</posy>
<width>$PARAM[imagewidth]</width>
<height>$PARAM[imageheight]</height>
<fadetime>450</fadetime>
<imagepath>$INFO[Container($PARAM[episodid]).ListItem.Art(fanart)]</imagepath>
</control>
<control type="button" id="4482">
<posx>0</posx>
<posy>0</posy>
<width>1</width>
<height>1</height>
<label>-</label>
<onfocus>SetFocus($PARAM[episodid])</onfocus>
</control>
<control type="textbox">
<animation effect="fade" time="450">VisibleChange</animation>
<visible>$PARAM[sessionvisible]</visible>
<posx>$PARAM[plotposx]</posx>
<posy>$PARAM[plotposy]</posy>
<width>$PARAM[plotwidth]</width>
<height>$PARAM[plotheight]</height>
<label>$INFO[Container($PARAM[episodid]).ListItem.Plot]</label>
<align>right</align>
<autoscroll fade="2550" time="3000" repeat="4000"></autoscroll>
</control>
<control type="label">
<visible>$PARAM[sessionvisible]</visible>
<posx>1485</posx>
<posy>480</posy>
<width>400</width>
<height>40</height>
<align>right</align>
<label>$INFO[Container($PARAM[episodid]).NumItems] [COLOR white]כמות פרקים: [/COLOR]</label>
</control>
<control type="list" id="$PARAM[episodid]">
<posx>$PARAM[episodposx]</posx>
<posy>$PARAM[episodposy]</posy>
<width>$PARAM[episodwidth]</width>
<height>$PARAM[episodheight]</height>
<orientation>horizontal</orientation>
<ondown>$PARAM[ondown]</ondown>
<onup>$PARAM[onup]</onup>
<onback>5</onback>
<onup>Control.SetFocus($PARAM[myidlist])</onup>
<itemlayout width="240" height="40">
<control type="label">
<posx>0</posx>
<posy>0</posy>
<width>500</width>
<height>40</height>
<align>center</align>
<label>$INFO[ListItem.Label]</label>
</control>
</itemlayout>
<focusedlayout width="240" height="40">
<control type="label">
<visible>!Control.HasFocus($PARAM[episodid]</visible>
<posx>0</posx>
<posy>0</posy>
<width>500</width>
<height>40</height>
<align>center</align>
<scroll>true</scroll>
<scrollspeed>40</scrollspeed>
<label>$INFO[ListItem.Label]</label>
</control>
<control type="label">
<visible>Control.HasFocus($PARAM[episodid]</visible>
<posx>0</posx>
<posy>0</posy>
<width>500</width>
<height>40</height>
<align>center</align>
<textcolor>yellow</textcolor>
<scroll>true</scroll>
<scrollspeed>40</scrollspeed>
<label>[B]$INFO[ListItem.Label][/B]</label>
</control>
</focusedlayout>
<content>$PARAM[episodcontent]</content>
</control>
</control>
</definition>
</include>



<include name="idanplusextranew">
<definition>
<control type="group">
<control type="label">
<animation condition="IsEmpty(Container($PARAM[id]).ListItem.Plot)" effect="slide" start="0,0" end="-1000,0" time="250" tween="quanderic" easing="out">Conditional</animation>
<visible>!IsEmpty(Container($PARAM[id]).ListItem.Plot)</visible>
<posx>1600</posx>
<posy>350</posy>
<width>1400</width>
<height>50</height>
<align>right</align>
<font>font-24</font>
<label>$INFO[Container($PARAM[id]).ListItem.Label]</label>
</control>

<control type="textbox">
<animation condition="IsEmpty(Container($PARAM[id]).ListItem.Plot)" effect="slide" start="0,0" end="555,0" time="250" tween="quanderic" easing="out">Conditional</animation>
<visible>IsEmpty(Container($PARAM[id]).ListItem.Plot)</visible>
<posx>-300</posx>
<posy>465</posy>
<width>250</width>
<height>150</height>
<align>center</align>
<font>font-24</font>
<label>$INFO[Container($PARAM[id]).ListItem.Label]</label>
</control>

<control type="textbox">
<animation condition="IsEmpty(Container($PARAM[id]).ListItem.Plot)" effect="slide" start="0,0" end="-2000,0" time="250" tween="quanderic" easing="out">Conditional</animation>
<posx>400</posx>
<posy>480</posy>
<width>1200</width>
<height>115</height>
<align>right</align>
<label>$INFO[Container($PARAM[id]).ListItem.Plot]</label>
</control>
<control type="$PARAM[orientationstylelist]" id="$PARAM[id]">
<posx>$PARAM[posx]</posx>
<posy>$PARAM[posy]</posy>
<width>$PARAM[width]</width>
<height>$PARAM[height]</height>
<onright condition="$PARAM[keshetonright]">$PARAM[keshetonfocus]</onright>
<onright condition="$PARAM[reshetonright]">$PARAM[reshetonfocus]</onright>
<orientation>$PARAM[orientationstyle]</orientation>
<scrolltime tween="sine" easing="inout">350</scrolltime>
<focusposition>$PARAM[focusposition]</focusposition>
<itemlayout width="$PARAM[itemfocuslayoutwidth]" height="$PARAM[itemfocuslayoutheight]">
<control type="image">
<posx>0</posx>
<posy>0</posy>
<width>$PARAM[thumbwidth]</width>
<height>$PARAM[thumbheight]</height>
<texture>$INFO[ListItem.Thumb]</texture>
</control>
</itemlayout>
<focusedlayout width="$PARAM[itemfocuslayoutwidth]" height="$PARAM[itemfocuslayoutheight]">
<control type="image">
<visible>!Control.HasFocus($PARAM[id])</visible>
<posx>0</posx>
<posy>0</posy>
<width>$PARAM[thumbwidth]</width>
<height>$PARAM[thumbheight]</height>
<texture>$INFO[ListItem.Thumb]</texture>
</control>
<control type="image">
<visible>Control.HasFocus($PARAM[id])</visible>
<posx>0</posx>
<posy>0</posy>
<width>$PARAM[thumbwidth]</width>
<height>$PARAM[thumbheight]</height>
<bordertexture colordiffuse="deepskyblue">white.png</bordertexture>
<bordersize>4</bordersize>
<texture>$INFO[ListItem.Thumb]</texture>
</control>
</focusedlayout>
<content>$PARAM[basecontent]</content>
</control>
</control>
</definition>
</include>

<include name="idanchannelnamecontent">
<definition>
<control type="group">
<animation condition="String.Contains(Container($PARAM[containerid]).ListItem.Label,$PARAM[labelname])" effect="slide" start="0,0" end="1060,0" time="250" tween="sine" easing="inout">Conditional</animation>
<visible>String.Contains(Container($PARAM[containerid]).ListItem.Label,$PARAM[labelname])</visible>
<control type="label">
<posx>0</posx>
<posy>0</posy>
<width>500</width>
<height>50</height>
<align>center</align>
<label>$INFO[Container($PARAM[id]).ListItem.Label]</label>
</control>
<control type="$PARAM[orientationstylelist]" id="$PARAM[id]">
<posx>$PARAM[posx]</posx>
<posy>$PARAM[posy]</posy>
<width>$PARAM[width]</width>
<height>$PARAM[height]</height>
<onback>$PARAM[onback]</onback>
<onup>$PARAM[onup]</onup>
<ondown>Control.SetFocus(4420)</ondown>
<orientation>$PARAM[orientationstyle]</orientation>
<scrolltime tween="sine" easing="inout">350</scrolltime>
<focusposition>$PARAM[focusposition]</focusposition>
<itemlayout width="$PARAM[itemfocuslayoutwidth]" height="$PARAM[itemfocuslayoutheight]">
<control type="image">
<posx>0</posx>
<posy>0</posy>
<width>$PARAM[thumbwidth]</width>
<height>$PARAM[thumbheight]</height>
<texture>$INFO[ListItem.Thumb]</texture>
</control>
</itemlayout>
<focusedlayout width="$PARAM[itemfocuslayoutwidth]" height="$PARAM[itemfocuslayoutheight]">
<control type="image">
<visible>!Control.HasFocus($PARAM[id])</visible>
<posx>0</posx>
<posy>0</posy>
<width>$PARAM[thumbwidth]</width>
<height>$PARAM[thumbheight]</height>
<texture>$INFO[ListItem.Thumb]</texture>
</control>
<control type="image">
<visible>Control.HasFocus($PARAM[id])</visible>
<posx>0</posx>
<posy>0</posy>
<width>$PARAM[thumbwidth]</width>
<height>$PARAM[thumbheight]</height>
<bordertexture colordiffuse="deepskyblue">white.png</bordertexture>
<bordersize>4</bordersize>
<texture>$INFO[ListItem.Thumb]</texture>
</control>
</focusedlayout>
<content>$PARAM[basecontent]</content>
</control>
</control>
</definition>
</include>


<include name="epissodedidanplus">
<definition>
<control type="group">
<visible>String.Contains(Container($PARAM[idanplusshowsid]).ListItem.Label,$PARAM[idanplusshowlabel])</visible>
<visible>$PARAM[visibleid]</visible>
<control type="button" id="4420">
<posx>0</posx>
<posy>0</posy>
<width>1</width>
<height>1</height>
<label>-</label>
<onfocus>Control.SetFocus($PARAM[epissodlistid])</onfocus>
</control>
<control type="list" id="$PARAM[epissodlistid]">
<posx>250</posx>
<posy>700</posy>
<width>1400</width>
<height>500</height>
<onup>Control.SetFocus($PARAM[onup])</onup>
<orientation>horizontal</orientation>
<itemlayout width="250" height="100">
<control type="textbox">
<posx>0</posx>
<posy>0</posy>
<width>150</width>
<height>150</height>
<align>center</align>
<label>$INFO[ListItem.Label]</label>
</control>
</itemlayout>
<focusedlayout width="250" height="100">
<control type="textbox">
<posx>0</posx>
<posy>0</posy>
<width>150</width>
<height>150</height>
<align>center</align>
<label>$INFO[ListItem.Label]</label>
</control>
</focusedlayout>
<content>$PARAM[episiodcontent]</content>
</control>
</control>
</definition>
</include>


<include name="newnetflixdesign">
<definition>
<control type="group">
<animation condition="!ControlGroup(2164).HasFocus" effect="slide" start="0,0" end="-150,0" time="250" tween="sine" easing="inout">Conditional</animation>
<posx>150</posx>
<visible>StringCompare(Skin.String(Section),$PARAM[stringcompare])</visible>
<control type="group">
<visible>$PARAM[netflixvisible]</visible>
<control type="image">
<animation condition="!ControlGroup(2164).HasFocus" effect="slide" start="0,0" end="-800,0" time="250" tween="sine" easing="inout">Conditional</animation>
<posx>0</posx>
<posy>0</posy>
<width>4</width>
<height>1100</height>
<texture>special://skin/extras/views/gradient_seperator.png</texture>
</control>
<control type="multiimage">
<animation effect="fade" time="450">VisibleChange</animation>
<posx>500</posx>
<posy>250</posy>
<width>1500</width>
<height>720</height>
<fadetime>500</fadetime>
<imagepath diffuse="special://skin/extras/overlay/right_corner.png">$INFO[Container($PARAM[netflixid]).ListItem.Art(fanart)]</imagepath>
</control>
<control type="label">
<posx>20</posx>
<posy>280</posy>
<width>800</width>
<height>50</height>
<align>left</align>
<font>font-21-recommnded</font>
<label>$INFO[Container($PARAM[netflixid]).ListItem.Label]</label>
</control>
<control type="image">
<visible>!IsEmpty(Container($PARAM[netflixid]).ListItem.Genre)</visible>
<posx>20</posx>
<posy>440</posy>
<width>45</width>
<height>45</height>
<texture colordiffuse="red">special://skin/extras/genre.png</texture>
</control>
<control type="label">
<posx>80</posx>
<posy>440</posy>
<width>800</width>
<height>40</height>
<textcolor>gray</textcolor>
<label>[I]$INFO[Container($PARAM[netflixid]).ListItem.Genre][/I]</label>
</control>

<control type="textbox">
<posx>20</posx>
<posy>550</posy>
<width>580</width>
<height>145</height>
<align>left</align>
<textcolor>white</textcolor>
<autoscroll fade="2550" time="3500" repeat="4000"></autoscroll>
<label>$INFO[Container($PARAM[netflixid]).ListItem.Plot]</label>
</control>
<control type="label">
<visible>Integer.IsGreater(Container($PARAM[netflixid]).NumItems,0)</visible>
<posx>200</posx>
<posy>365</posy>
<width>250</width>
<height>40</height>
<font>font-14</font>
<label>$INFO[Container($PARAM[netflixid]).ListItem.Year ] $INFO[Container($PARAM[netflixid]).ListItem.Duration(mm, m ]</label>
</control>
<control type="image">
<visible>Integer.IsGreater(Container($PARAM[netflixid]).NumItems,0)</visible>
<posx>20</posx>
<posy>320</posy>
<width>120</width>
<height>120</height>
<aspectratio>keep</aspectratio>
<texture fallback="special://skin/extras/flags/stars/7.8.png"colordiffuse="red">special://skin/extras/flags/stars/$INFO[Container($PARAM[netflixid]).ListItem.Rating].png</texture>
</control>
<control type="image">
<visible>Control.HasFocus($PARAM[netflixid])</visible>
<posx>$PARAM[arrowposx]</posx>
<posy>$PARAM[arrowidposy]</posy>
<width>35</width>
<height>15</height>
<texture flipy="$PARAM[flipyarrow]">special://skin/extras/arrow.png</texture>
</control>
	<control type="grouplist" id="2112">
	<visible>!Window.IsActive(DialogVideoInfo.xml)</visible>
	<visible>Integer.IsGreater(Container($PARAM[netflixid]).NumItems,0)</visible>
	<posx>20</posx>
	<posy>750</posy>
	<width>600</width>
	<height>400</height>
	<itemgap>20</itemgap>
	<orientation>horizontal</orientation>
	<control type="button" id="60">
	<texturefocus colordiffuse="gray">white.png</texturefocus>
	<texturenofocus colordiffuse="white">white.png</texturenofocus>
	<textcolor>black</textcolor>
	<focusedcolor>black</focusedcolor>
	<posx>400</posx>
	<posy>400</posy>
	<width>180</width>
	<height>40</height>
	<label>נגן</label>
	<onright>Dialog.Close(all,true)</onright>
	<onright>ActivateWindow(4005)</onright>
	<onclick>SendClick(8)</onclick>
	</control>
	<control type="button" id="61">
	<texturefocus colordiffuse="gray">white.png</texturefocus>
	<texturenofocus colordiffuse="white">white.png</texturenofocus>
		<textcolor>black</textcolor>
	<focusedcolor>black</focusedcolor>
	<posx>400</posx>
	<posy>400</posy>
	<width>180</width>
	<height>40</height>
	<label>טריילר</label>
	<onright>Dialog.Close(all,true)</onright>
	<onright>ActivateWindow(4005)</onright>
	<onclick>SendClick(11)</onclick>
	</control>
	<control type="button" id="62">
	<texturefocus colordiffuse="gray">white.png</texturefocus>
	<texturenofocus colordiffuse="white">white.png</texturenofocus>
	<textcolor>black</textcolor>
	<focusedcolor>black</focusedcolor>
	<posx>400</posx>
	<posy>400</posy>
	<width>180</width>
	<height>40</height>
	<label>דרג</label>
	<onright>Dialog.Close(all,true)</onright>
	<onright>ActivateWindow(4005)</onright>
	<onclick>SendClick(7)</onclick>
	</control>
	</control>
</control>
<control type="wraplist" id="$PARAM[netflixid]">
<posx>$PARAM[posx]</posx>
<posy>$PARAM[posy]</posy>
<ondown>$PARAM[ondown]</ondown>
<onup>$PARAM[onup]</onup>
<width>1920</width>
<height>800</height>
<onback>2164</onback>
<onclick>Action(info)</onclick>
<preloaditems>2</preloaditems>
<focusposition>0</focusposition>
<scrolltime tween="sine" easing="inout">350</scrolltime>
<orientation>horizontal</orientation>
<itemlayout width="420" height="400">
<control type="multiimage">
<posx>0</posx>
<posy>0</posy>
<width>400</width>
<height>220</height>
<imagepath>$INFO[ListItem.Art(fanart)]</imagepath>
</control>
<control type="image">
<posx>5</posx>
<posy>5</posy>
<width>25</width>
<height>25</height>
<texture>special://skin/extras/test/netflixlogo.png</texture>
</control>
</itemlayout>
<focusedlayout width="420" height="400">
<control type="multiimage">
<posx>0</posx>
<posy>0</posy>
<width>400</width>
<height>220</height>
<imagepath>$INFO[ListItem.Art(fanart)]</imagepath>
</control>
<control type="image">
<visible>Control.HasFocus($PARAM[netflixid]) + Integer.IsGreater(Container($PARAM[netflixid]).NumItems,0)</visible>
<posx>0</posx>
<posy>0</posy>
<width>405</width>
<height>222</height>
<texture boder="4,4,4,4">special://skin/extras/views/cover_panel_fo.png</texture>
</control>
<control type="image">
<posx>5</posx>
<posy>5</posy>
<width>25</width>
<height>25</height>
<texture>special://skin/extras/test/netflixlogo.png</texture>
</control>
</focusedlayout>
<content limit="50" sortby="$PARAM[sortby]" sortorder="$PARAM[sortorder]">$PARAM[netflixcontent]</content>
</control>
</control>
</definition>
</include>


</includes>
