<?xml version="1.0" encoding="UTF-8"?>
<includes>
<include name="main_home">
			<!-- main background image -->
			
			<!-- end main backgroubd image -->
			<control type="group">
						<animation condition="Window.IsActive(4001)" effect="fade" start="100" end="0" time="150">Conditional</animation>
			<animation effect="fade" time="450">VisibleChange</animation>
			<visible>Container(9001).Column(4) + Control.HasFocus(9001) | Control.HasFocus(9999)</visible>
            <control type="image">
                <posx>75</posx>
                <posy>-20</posy>
                <width>100</width>
                <height>100</height>
                <fadetime>350</fadetime>
                <aspectratio aligny="center" align="center">keep</aspectratio>
                <texture colordiffuse="white">$INFO[Weather.FanartCode,special://skin/extras/weather-icons/,.png]</texture>
            </control>
            <control type="textbox">
                <posx>20</posx>
                <posy>50</posy>
                <width>328</width>
                <align>left</align>
                <height>100</height>
                <font>Font-Header-Bold-Player</font>
                <textcolor>white</textcolor>
                <label>[B]$INFO[Weather.Temperature, טמפרטורה ][/B]</label>
            </control>
			</control>
			
			
			<control type="group">
			<visible>![Window.IsActive(6750) | Window.IsActive(6751) | Control.HasFocus(9000) | Player.HasVideo]</visible>
			<control type="multiimage">
			<visible>Container(9001).Column(6)</visible>
			<posx>0</posx>
			<posy>0</posy>
			<width>500</width>
			<height>250</height>
			<fadetime>450</fadetime>
			<imagepath>https://d1y5x10xyo8lk6.cloudfront.net/wp-content/uploads/2019/04/the-power-of-music1.jpg</imagepath>
			</control>	
			<control type="multiimage">
			<visible>Container(9001).Column(7)</visible>
			<posx>0</posx>
			<posy>0</posy>
			<width>500</width>
			<height>250</height>
			<fadetime>450</fadetime>
			<imagepath>https://i.pinimg.com/originals/2a/ee/0d/2aee0d97ed5c695e936a3830f34d8516.gif</imagepath>
			</control>
			</control>
						
						
			<control type="multiimage">
			<visible>control.hasfocus(9999)</visible>
			<posx>480</posx>
			<posy>300</posy>
			<width>1000</width>
			<height>300</height>
			<imagepath>special://skin/extras/test/ghostnew.gif</imagepath>
			</control>
			
			<control type="group">
			<animation condition="control.hasfocus(9999) | Window.IsActive(6671) | Window.IsActive(6678) | Window.IsACtive(6679) | Window.IsACtive(6570) | Window.IsACtive(6571) | Window.IsACtive(6572) | Window.IsACtive(6573) | Window.IsACtive(6574) | Window.IsACtive(6575) | Window.IsACtive(6690)" effect="slide" start="0,0" end="0,450" time="250">Conditional</animation>
			<animation condition="Window.IsACtive(6677)" effect="slide" start="0,0" end="0,300" time="450">Conditional</animation>
			<animation condition="Window.IsACtive(6671) | Window.IsActive(6678) | Window.IsActive(6679) | Window.IsACtive(6570) | Window.IsACtive(6571) | Window.IsACtive(6572) | Window.IsACtive(6573) | Window.IsACtive(6574) | Window.IsACtive(6575) | Window.IsACtive(6690)" effect="slide" start="0,0" end="0,120" time="450">Conditional</animation>
			<animation condition="Window.IsActive(6677)" effect="fade" start="100" end="0" time="150">Conditional</animation>
			<animation condition="Window.IsActive(6721)" effect="slide" start="0,0" end="0,500" time="350" tween="cubic" easing="out">Conditional</animation>
			<animation condition="Window.IsActive(6750) | Window.IsActive(6751)" effect="fade" start="100" end="0" time="0">Conditional</animation>
			<animation condition="Window.IsActive(6754) | Window.IsActive(6802) | Window.IsActive(6803) | Window.IsActive(6804)" effect="slide" start="0,0" end="0,200" time="150" tween="sine" easing="inout">Conditional</animation>
			<animation condition="$EXP[seriashowslide]" effect="slide" start="0,0" end="0,-150" time="150" tween="sine" easing="inout">Conditional</animation>
			<animation condition="Window.IsActive(6758)" effect="slide" start="0,0" end="0,-150" time="150" tween="sine" easing="inout">Conditional</animation>
			<animation condition="Control.HasFocus(5565) | Window.IsActive(6795)" effect="slide" start="0,0" end="0,550" time="150" tween="sine" easing="inout">Conditional</animation>
			<animation condition="Window.IsActive(4002)" effect="fade" start="100" end="0" time="150">Conditional</animation>
			<visible>!$EXP[windowfade]</visible>
			<posx>52</posx>
			<posy>0</posy>
			<control type="label">
			<posx>600</posx>
			<posy>225</posy>
			<width>600</width>
			<height>80</height>
			<align>center</align>
			<font>font-extra-time</font>
			<label>$INFO[System.Time]</label>
			</control>
			<control type="label">
			<posx>600</posx>
			<posy>345</posy>
			<width>600</width>
			<height>80</height>
			<align>center</align>
			<font>small</font>
			<label>$INFO[System.Date]</label>
			</control>
			</control>
			
		

			<!--<include>skinshortcuts-template-widget</include>-->

	

		
		
		
			<control type="group">
			<visible>!$EXP[windowfade]</visible>
			<visible>!Window.IsActive(6671)</visible>
			<animation condition="Window.IsActive(6677)" effect="fade" start="100" end="0" time="150">Conditional</animation>
			<animation condition="Window.IsActive(6750) | Window.IsActive(6751)" effect="fade" start="100" end="0" time="0">Conditional</animation>
			<posx>680</posx>
			<posy>25</posy>
			<control type="panel" id="9001">
				<posx>0</posx>
				<posy>18</posy>
				<width>800</width>
				<height>1-col</height>
				<orientation>horizontal</orientation>
				<onup>9000</onup>
				<itemlayout width="1-col" height="1-col">
					<control type="label">
						<posx>-1</posx>
						<posy>-1</posy>
						<width>1-col</width>
						<height>1-col</height>
						<font>symbolLarge</font>
						<align>center</align>
						<aligny>center</aligny>
						<textcolor>textActive</textcolor>
						<shadowcolor>-</shadowcolor>
						<label>$INFO[ListItem.label]</label>
					</control>
					<control type="image">
					<posx>10</posx>
					<posy>15</posy>
					<width>45</width>
					<height>45</height>
					<texture>$INFO[ListITem.Thumb]</texture>
					</control>
				</itemlayout>
				<focusedlayout width="1-col" height="1-col">
					<control type="image">
						<posx>5</posx>
						<posy>12</posy>
						<width>55</width>
						<height>55</height>
						<aspectratio>stretch</aspectratio>
						<texture diffuse="special://skin/extras/circle.png">white.png</texture>
						<colordiffuse>gray</colordiffuse>
					</control>
					<control type="label">
						<posx>-1</posx>
						<posy>-1</posy>
						<width>1-col</width>
						<height>1-col</height>
						<font>symbolLarge</font>
						<align>center</align>
						<aligny>center</aligny>
						<textcolor>textActive</textcolor>
						<shadowcolor>-</shadowcolor>
						<label colordiffuse="white">$INFO[ListItem.label]</label>
					</control>
					<control type="image">
					<posx>10</posx>
					<posy>15</posy>
					<width>45</width>
					<height>45</height>
					<texture>$INFO[ListITem.Thumb]</texture>
					</control>
				</focusedlayout>
				<content>
					<item>
						<thumb>special://skin/extras/arrows/settings.png</thumb>
						<onclick>ActivateWindow(Settings)</onclick>
					</item>
					<item>
						<thumb>special://skin/extras/arrows/available-updates-xxl.png</thumb>
						<onclick>ActivateWindow(10025,&quot;plugin://plugin.video.telemedia/?data=%20&amp;dates=%20&amp;description=%d7%a8%d7%99%d7%a4%d7%95%20%d7%90%d7%99%d7%a9%d7%99&amp;eng_name=%20&amp;episode=%20&amp;fanart=https%3a%2f%2fencrypted-tbn0.gstatic.com%2fimages%3fq%3dtbn%253AANd9GcQIwWK-VueyRxXcVVKGdMuUeDDeiUIsEN-8G-Tl-ZGOsBfrxvGX&amp;fav_status=false&amp;heb_name=%20&amp;iconimage=https%3a%2f%2fencrypted-tbn0.gstatic.com%2fimages%3fq%3dtbn%253AANd9GcQIwWK-VueyRxXcVVKGdMuUeDDeiUIsEN-8G-Tl-ZGOsBfrxvGX&amp;id=%20&amp;image_master&amp;isr=0&amp;last_id&amp;mode=46&amp;name=%d7%a8%d7%99%d7%a4%d7%95%20%d7%90%d7%99%d7%a9%d7%99&amp;original_title=%20&amp;season=%20&amp;show_original_year=%20&amp;tmdbid=%20&amp;url=www&quot;,return)</onclick>
					</item>
					<item>
						<thumb>special://skin/extras/arrows/power.png</thumb>
						<onclick>ActivateWindow(10001,&quot;plugin://plugin.close.kodi/?description&amp;fanart=C%3a%5cUsers%5cneta%5cAppData%5cRoaming%5cKodi%5caddons%5cplugin.close.kodi%5cfanart.jpg&amp;iconimage=C%3a%5cUsers%5cneta%5cAppData%5cRoaming%5cKodi%5caddons%5cplugin.close.kodi%5cresources%5cart%5cforce.png&amp;mode=4&amp;name=Insta%20Kill%20(Warning%20Kills%20The%20MediaCenter%20Instantly)&amp;url=fclose&quot;,return)</onclick>
					</item>
					<item>
						<visible>control.hasfocus(9999)</visible>
						<thumb>special://skin/extras/arrows/arrowup.png</thumb>
						<onclick>setfocus(9000,0)</onclick>
					</item>
					<item>
						<visible>!control.hasfocus(9999)</visible>
						<thumb>special://skin/extras/arrows/arrowdown.png</thumb>
						<label></label>
						<onclick>setfocus(9999)</onclick>
					</item>

					<item>
						<thumb>special://skin/extras/arrows/temperature-2-xxl.png</thumb>
						<onclick>Control.SetFocus(3221)</onclick>
					</item>
					<item>
						<thumb>special://skin/extras/arrows/favourite.png</thumb>
						<onclick>ActivateWindow(Favourites)</onclick>
					</item>
					<item>
						<thumb>special://skin/extras/arrows/musicpower.png</thumb>
						<onclick>ActivateWindow(6750)</onclick>
					</item>
					<item>
						<thumb>special://skin/extras/arrows/radio-3-xxl.png</thumb>
						<onclick>ActivateWindow(6751)</onclick>
					</item>
				</content>
			</control>
		</control>
		
		
		<control type="button" id="9999">
            <posx>-500</posx>
            <posy>0</posy>
            <width>1-col</width>
            <height>2-row</height>
			<onleft>setfocus(9000,0)</onleft>
			<onright>setfocus(9000,0)</onright>
			<onup>setfocus(9000,0)</onup>
			<ondown>setfocus(9000,0)</ondown>
			<onclick>setfocus(9000,0)</onclick>
			<onfocus>Dialog.Close(all,true)</onfocus>
        </control>
		
		

	<!--		<control type="group">
			<posx>-500</posx>
			<animation condition="control.hasfocus(9008)" effect="slide" start="0,0" end="500,0" time="250" tween="cubic" easing="out">Conditional</animation>
			<animation condition="Window.IsActive(DialogVideoInfo.xml)" effect="slide" start="0,0" end="-500,-0" time="150">Conditional</animation>
			<control type="list" id="9008">
			<animation type="conditional" condition="control.hasfocus(9999)" reversible="true">
				<effect type="fade" start="100" end="0" time="500" delay="0"/>
			</animation>
			<posx>-500</posx>

			<posy>row-12-begin</posy>
			<width>18-col</width>
			<height>12-row</height>
			<onback>9000</onback>
			<ondown>setfocus(9001,1)</ondown>
			<orientation>vertical</orientation>
			<ondown>9002</ondown>
			<itemlayout width="4-col" height="3-row">
				<control type="image">
					<posx>100</posx>
					<posy>0</posy>
					<width>4-col-textbox</width>
					<height>105</height>
					<texture>black.png</texture>
					<colordiffuse>77000000</colordiffuse>
					<aspectratio>stretch</aspectratio>
				</control>
				<control type="image">
				<posx>0</posx>
				<posy>0</posy>
				<width>100</width>
				<height>105</height>
				<texture colordiffuse="gray">colors/white.png</texture>
				</control>
				<control type="textbox">
					<posx>100</posx>
					<posy>0</posy>
					<width>252</width>
					<height>3-row</height>
					<font>dialogTitle</font>
					<wrapmultiline>true</wrapmultiline>
					<aligny>center</aligny>
					<align>center</align>
					<textcolor>textActive</textcolor>
					<shadowcolor></shadowcolor>
					<label>[CAPITALIZE]$INFO[ListItem.label][/CAPITALIZE]</label>
				</control>
			</itemlayout>
			<focusedlayout width="4-col" height="3-row">
				<control type="image">
					<posx>100</posx>
					<posy>0</posy>
					<width>4-col-textbox</width>
					<height>105</height>
					<texture>colors/white.png</texture>
					<colordiffuse>deepskyblue</colordiffuse>
					<aspectratio>stretch</aspectratio>
				</control>
				<control type="image">
				<animation effect="rotatey" center="45" start="0" end="360" time="550" tween="cubic">Focus</animation>
				<posx>0</posx>
				<posy>0</posy>
				<width>100</width>
				<height>105</height>
				<texture colordiffuse="gray">colors/white.png</texture>
				</control>
				<control type="textbox">
					<posx>100</posx>
					<posy>0</posy>
					<width>252</width>
					<height>3-row</height>
					<font>dialogTitle</font>
					<wrapmultiline>true</wrapmultiline>
					<aligny>center</aligny>
					<align>center</align>
					<textcolor>textActive</textcolor>
					<shadowcolor></shadowcolor>
					<label>[CAPITALIZE]$INFO[ListItem.label][/CAPITALIZE]</label>
				</control>
			</focusedlayout>
			<content>
				<include>skinshortcuts-submenu</include>
				
			</content>
		</control>
		</control>-->
		</include>
		
		<include name="videohomeplayback">
		<control type="group">
		<visible>Skin.HasSetting(videobackground)</visible>
		<animation condition="Window.IsActive(6680) | Window.IsActive(6682) | Window.IsActive(6733) | Window.IsActive(6755) | Window.IsActive(6756)" effect="slide" start="0" end="-1375" time="350" tween="cubic" easing="inout">Conditional</animation>
		<animation condition="Window.IsActive(6754) | Window.IsActive(6757) | Window.IsActive(6758)" effect="slide" start="0" end="700" time="250">Conditional</animation>
		<posx>40</posx>
		<posy>-10</posy>
		<visible>Player.HasVideo | Player.HasAudio</visible>
		<visible>![Window.IsActive(6750) | Window.IsActive(6751)]</visible>
		<height>350</height>
		<control type="image">
		<posx>1350</posx>
		<posy>20</posy>
		<width>520</width>
		<height>330</height>
		<bordertexture colordiffuse="gray">white.png</bordertexture>
		<bordersize>3</bordersize>
		<texture>black.png</texture>
		</control>
		<control type="image">
		<visible>Player.HasAudio</visible>
		<visible>![Window.IsActive(6750) | Window.IsActive(6751)]</visible>
		<posx>1635</posx>
		<posy>50</posy>
		<width>230</width>
		<height>250</height>
		<texture>special://skin/extras/specialbuttonsnew/music.gif</texture>
		</control>
		<control type="multiimage">
		<visible>Player.HasAudio + IsEmpty(MusicPlayer.Title)</visible>
		<visible>![Window.IsActive(6750) | Window.IsActive(6751)]</visible>
		<posx>1370</posx>
		<posy>35</posy>
		<width>285</width>
		<height>250</height>
		<fadetime>450</fadetime>
		<imagepath>https://image.winudf.com/v2/image/Y29tLk1hZ2ljSWRlYS5NdXNpYzI4Ml9zY3JlZW5fMV9rZmoybWtqaA/screen-1.jpg?fakeurl=1&type=.jpg</imagepath>
		</control>
		<control type="label">
		<visible>Player.HasAudio</visible>
		<visible>![Window.IsActive(6750) | Window.IsActive(6751) | IsEmpty(MusicPlayer.Title)]</visible>
		<posx>1310</posx>
		<posy>85</posy>
		<width>360</width>
		<height>300</height>
		<align>center</align>
		<textcolor>burlywood</textcolor>
		<label>השיר שמתנגן ברקע:</label>
		</control>
		<control type="textbox">
		<visible>Player.HasAudio</visible>
		<visible>![Window.IsActive(6750) | Window.IsActive(6751)]</visible>
		<posx>1355</posx>
		<posy>155</posy>
		<width>280</width>
		<height>125</height>
		<align>center</align>
		<autoscroll fade="2550" time="4550" repeat="4000"></autoscroll>
		<label>$INFO[MusicPlayer.Title]</label>
		</control>
		<control type="panel" id="8005">
		<visible>Player.HasVideo | Player.HasAudio</visible>
		<posy>300</posy>
		<posx>1385</posx>
		<width>1000</width>
		<height>80</height>
		<orientation>horizontal</orientation>
		<ondown>9000</ondown>
		<onup>403</onup>
		<itemlayout width="80" height="80">
	<control type="image">
		<posx>15</posx>
		<posy>15</posy>
		<width>25</width>
		<height>25</height>
		<texture colordiffuse="white">$INFO[ListItem.Thumb]</texture>
		</control>
		</itemlayout>
		<focusedlayout width="80" height="80">
	<control type="image">
		<posx>15</posx>
		<posy>15</posy>
		<width>25</width>
		<height>25</height>
		<texture colordiffuse="orange">$INFO[ListItem.Thumb]</texture>
	</control>
		</focusedlayout>
		<content>
		<item>
		<thumb>special://skin/extras/osd/rewind.png</thumb>
		<onclick>PlayerControl(rewind)</onclick>
		</item>
		<item>
		<thumb>special://skin/extras/osd/previous.png</thumb>
		<onclick>PlayerControl(previous)</onclick>
		</item>
		<item>
		<thumb>special://skin/extras/osd/stop.png</thumb>
		<onclick>PlayerControl(Stop)</onclick>
		<onclick>Dialog.Close(all,true)</onclick>
		<onclick>ClearProperty(home)</onclick>
		</item>
		<item>
		<visible>Player.Paused</visible>
		<thumb>special://skin/extras/osd/play.png</thumb>
		<onclick>play</onclick>
		</item>
		<item>
		<visible>!Player.Paused</visible>
		<thumb>special://skin/extras/osd/pause.png</thumb>
		<onclick>pause</onclick>
		</item>

		<item>
		<thumb>special://skin/extras/osd/skipnext.png</thumb>
		<onclick>PlayerControl(next)</onclick>
		</item>
		<item>
		<thumb>special://skin/extras/osd/forward.png</thumb>
		<onclick>PlayerControl(forward)</onclick>
		</item>
		</content>
		</control>
		<control type="group">
		<height>350</height>
		<width>480</width>
		
		<control type="videowindow">
		<description>video</description>
		<top>-10</top>
		<posx>1370</posx>
		<width>480</width>
		<height>350</height>
		<aspectratio scalediffuse="false">stretch</aspectratio>
		</control>
		</control>
								<control type="group">
						<visible>Player.HasVideo | Player.HasAudio</visible>
						<posx>1355</posx>
						<posy>290</posy>
						<control type="progress">
							<description>Progressbar Cache</description>
							<posx>0</posx>
							<posy>0</posy>
							<width>505</width>
							<height>10</height>
							<info>Player.ProgressCache</info>
							<texturebg colordiffuse="grey_a" border="1,1,1,1">special://skin/extras/osd/2.png</texturebg>
							<midtexture colordiffuse="grey_a" border="1,1,1,1">special://skin/extras/osd/5.png</midtexture>
						</control>
						<control type="progress">
							<description>Progressbar</description>
							<posx>0</posx>
							<posy>0</posy>
							<width>505</width>
							<height>10</height>
							<texturebg diffuse="special://skin/extras/circle.png" colordiffuse="darkgrey" border="1,0,1,0">special://skin/extras/osd/4.png</texturebg>
							<midtexture diffuse="special://skin/extras/circle.png" colordiffuse="deepskyblue" border="1,0,1,0">special://skin/extras/osd/5.png</midtexture>
							<lefttexture>-</lefttexture>
							<righttexture>-</righttexture>
							<info>Player.Progress</info>
						</control>

            <control type="slider" id="403">
                <posx>0</posx>
                <posy>0</posy>
                <width>505</width>
                <height>10</height>
				<ondown>8005</ondown>
				<onback>25</onback>
                <texturesliderbar diffuse="special://skin/extras/circle.png" colordiffuse="00FFFFFF">white.png</texturesliderbar>
                <textureslidernib diffuse="special://skin/extras/circle.png" colordiffuse="burlywood">white.png</textureslidernib>
				<textureslidernibfocus diffuse="special://skin/extras/circle.png" colordiffuse="">white.png</textureslidernibfocus>
                <orientation>horizontal</orientation>
				<action>seek</action>
            </control>
			</control>
		</control>
		

		
		</include>
</includes>
