<?xml version="1.0" encoding="UTF-8"?>

<includes>


<include name="newdesginproeject">
<definition>
<control type="group">
<control type="textbox">
<animation effect="fade" time="450">VisibleChange</animation>
<posx>$PARAM[plotposx]</posx>
<posy>615</posy>
<width>$PARAM[plotwidth]</width>
<height>175</height>
<label>$INFO[Container($PARAM[id]).ListItem.Plot]</label>
<align>right</align>
<autoscroll fade="2550" time="3000" repeat="4000"></autoscroll>
</control>
<control type="multiimage">
<posx>$PARAM[imageposx]</posx>
<posy>$PARAM[imageposy]</posy>
<width>$PARAM[imagewidth]</width>
<height>$PARAM[imageheight]</height>
<fadetime>350</fadetime>
<imagepath>$INFO[Container($PARAM[id]).ListItem.Thumb]</imagepath>
</control>
<control type="label">
<posx>1480</posx>
<posy>320</posy>
<width>1200</width>
<height>100</height>
<align>right</align>
<font>font-21-recommnded</font>
<scroll>true</scroll>
<scrollspeed>40</scrollspeed>
<label>$INFO[Container($PARAM[id]).ListItem.Label]</label>
</control>
<control type="label">
<visible>!IsEmpty(Container($PARAM[id]).ListItem.Genre)</visible>
<posx>1485</posx>
<posy>400</posy>
<width>1200</width>
<height>40</height>
<align>right</align>
<label>[COLOR gray][I]$INFO[Container($PARAM[id]).ListItem.Genre][/I][/COLOR] [COLOR white]סגנון: [/COLOR]</label>
</control>
<control type="label">
<visible>!IsEmpty(Container($PARAM[id]).ListItem.Rating)</visible>
<posx>1410</posx>
<posy>520</posy>
<width>400</width>
<height>50</height>
<label>דירוג: </label>
</control>
<control type="image">
<visible>!IsEmpty(Container($PARAM[id]).ListItem.Rating)</visible>
<posx>1280</posx>
<posy>482</posy>
<width>120</width>
<height>120</height>
<aspectratio>keep</aspectratio>
<texture>special://skin/extras/flags/stars/$INFO[Container($PARAM[id]).ListItem.Rating].png</texture>
</control>
<control type="label">
<visible>!IsEmpty(Container($PARAM[id]).ListItem.Rating)</visible>
<posx>1350</posx>
<posy>560</posy>
<width>400</width>
<height>50</height>
<label>[COLOR gray]$INFO[Container($PARAM[id]).ListItem.Year ][/COLOR] שנה: </label>
</control>
<control type="image">
<visible>!Integer.IsGreater(Container($PARAM[id]).NumItems,0)</visible>
<posx>820</posx>
<posy>480</posy>
<width>120</width>
<height>120</height>
<aspectratio>keep</aspectratio>
<texture>special://skin/extras/specialbuttons/loading.gif</texture>
</control>
<control type="list" id="$PARAM[id]">
<posx>$PARAM[listposx]</posx>
<posy>$PARAM[listposy]</posy>
<width>$PARAM[listwidth]</width>
<height>$PARAM[listheight]</height>
<orientation>vertical</orientation>
<onclick>Control.SetFocus(4482)</onclick>
<itemlayout width="120" height="40">
<control type="label">
<posx>0</posx>
<posy>0</posy>
<width>500</width>
<height>40</height>
<label>$INFO[ListItem.Label]</label>
</control>
</itemlayout>
<focusedlayout width="120" height="40">
<control type="label">
<visible>!Control.HasFocus($PARAM[id])</visible>
<posx>0</posx>
<posy>0</posy>
<width>500</width>
<height>40</height>
<scroll>true</scroll>
<scrollspeed>40</scrollspeed>
<label>$INFO[ListItem.Label]</label>
</control>
<control type="label">
<visible>Control.HasFocus($PARAM[id])</visible>
<posx>0</posx>
<posy>0</posy>
<width>500</width>
<height>40</height>
<textcolor>yellow</textcolor>
<scroll>true</scroll>
<scrollspeed>40</scrollspeed>
<label>[B]$INFO[ListItem.Label][/B]</label>
</control>
</focusedlayout>
<content>$PARAM[basecontent]</content>
</control>
</control>
</definition>
</include>

<include name="epissodesproject">
<definition>
<control type="group">
<visible>String.Contains(Container($PARAM[myidlist]).ListItem.Label,$PARAM[labelname])</visible>
<control type="image">
<animation effect="fade" time="450">VisibleChange</animation>
<visible>$PARAM[sessionvisible]</visible>
<posx>0</posx>
<posy>100</posy>
<width>1920</width>
<height>200</height>
<texture>special://skin/extras/common/context_middle.png</texture>
</control>
<control type="image">
<animation effect="fade" time="450">VisibleChange</animation>
<posx>0</posx>
<posy>$PARAM[epidosbackgroundposy]</posy>
<width>1920</width>
<height>50</height>
<texture>special://skin/extras/common/context_middle.png</texture>
</control>
<control type="label">
<visible>String.Contains(Container(5).ListItem.Label,$PARAM[missedgenre]) + IsEmpty(Container($PARAM[myidlist]).ListItem.Genre]</visible>
<posx>1480</posx>
<posy>400</posy>
<width>1200</width>
<height>40</height>
<align>right</align>
<label>[COLOR gray][I]$PARAM[genreid][/I][/COLOR] [COLOR white]סגנון: [/COLOR]</label>
</control>
<control type="label">
<visible>$PARAM[sessionvisible]</visible>
<posx>1800</posx>
<posy>100</posy>
<width>400</width>
<height>50</height>
<align>right</align>
<label>$INFO[Container($PARAM[episodid]).ListItem.Label] שם הפרק: </label>
</control>
<control type="label">
<visible>$PARAM[sessionvisible]</visible>
<posx>1485</posx>
<posy>440</posy>
<width>800</width>
<height>50</height>
<align>right</align>
<label>$PARAM[seesionnumber] [COLOR white]עונה:[/COLOR]</label>
</control>
<control type="multiimage">
<visible>$PARAM[sessionvisible]</visible>
<posx>$PARAM[imageposx]</posx>
<posy>$PARAM[imageposy]</posy>
<width>$PARAM[imagewidth]</width>
<height>$PARAM[imageheight]</height>
<fadetime>450</fadetime>
<imagepath>$INFO[Container($PARAM[episodid]).ListItem.Art(fanart)]</imagepath>
</control>
<control type="button" id="4482">
<posx>0</posx>
<posy>0</posy>
<width>1</width>
<height>1</height>
<label>-</label>
<onfocus>SetFocus($PARAM[episodid])</onfocus>
</control>
<control type="textbox">
<visible>$PARAM[sessionvisible]</visible>
<animation effect="fade" time="450">VisibleChange</animation>
<posx>$PARAM[plotposx]</posx>
<posy>$PARAM[plotposy]</posy>
<width>$PARAM[plotwidth]</width>
<height>$PARAM[plotheight]</height>
<label>$INFO[Container($PARAM[episodid]).ListItem.Plot]</label>
<align>right</align>
<autoscroll fade="2550" time="3000" repeat="4000"></autoscroll>
</control>
<control type="label">
<visible>$PARAM[sessionvisible]</visible>
<posx>1485</posx>
<posy>480</posy>
<width>400</width>
<height>40</height>
<align>right</align>
<label>$INFO[Container($PARAM[episodid]).NumItems] [COLOR white]כמות פרקים: [/COLOR]</label>
</control>
<control type="label">
<visible>!Integer.IsGreater(Container($PARAM[episodid]).NumItems,0)</visible>
<animation condition="!Integer.IsGreater(Container($PARAM[episodid]).NumItems,0)" effect="fade" start="0" end="100" time="1100" pulse="true">Conditional</animation>
<posx>800</posx>
<posy>850</posy>
<width>200</width>
<height>40</height>
<align>center</align>
<label>טוען פרקים.....</label>
</control>
<control type="list" id="$PARAM[episodid]">
<posx>$PARAM[episodposx]</posx>
<posy>$PARAM[episodposy]</posy>
<width>$PARAM[episodwidth]</width>
<height>$PARAM[episodheight]</height>
<orientation>horizontal</orientation>
<ondown>$PARAM[ondown]</ondown>
<onup>$PARAM[onup]</onup>
<onback>5</onback>
<onup>Control.SetFocus($PARAM[myidlist])</onup>
<itemlayout width="320" height="40">
<control type="label">
<posx>0</posx>
<posy>0</posy>
<width>250</width>
<height>40</height>
<align>left</align>
<label>$INFO[ListItem.Label]</label>
</control>
</itemlayout>
<focusedlayout width="320" height="40">
<control type="label">
<visible>!Control.HasFocus($PARAM[episodid]</visible>
<posx>0</posx>
<posy>0</posy>
<width>250</width>
<height>40</height>
<align>left</align>
<scroll>true</scroll>
<scrollspeed>40</scrollspeed>
<label>$INFO[ListItem.Label]</label>
</control>
<control type="label">
<visible>Control.HasFocus($PARAM[episodid]</visible>
<posx>0</posx>
<posy>0</posy>
<width>250</width>
<height>40</height>
<align>left</align>
<textcolor>yellow</textcolor>
<scroll>true</scroll>
<scrollspeed>40</scrollspeed>
<label>[B]$INFO[ListItem.Label][/B]</label>
</control>
</focusedlayout>
<content>$PARAM[episodcontent]</content>
</control>
</control>
</definition>
</include>
</includes>
