<?xml version="1.0" encoding="UTF-8"?>

<includes>



<include name="newtvshows">
<definition>

<control type="group">
<visible>Container($PARAM[listid]).HasFocus($PARAM[listidfocus])</visible>
<control type="multiimage">
<visible>Control.HasFocus($PARAM[baseid]) | Control.HasFocus(35)</visible>
<posx>1100</posx>
<posy>760</posy>
<width>220</width>
<height>200</height>
<fadetime>350</fadetime>
<imagepath>$INFO[Container($PARAM[baseid]).ListItem.Art(thumb)]</imagepath>
</control>
<control type="label">
<animation effect="fade" time="450">VisibleChange</animation>
<visible>Control.HasFocus($PARAM[baseid]) | Control.HasFocus(35)</visible>
<posx>1080</posx>
<posy>800</posy>
<width>250</width>
<align>right</align>
<textcolor>burlywood</textcolor>
<label>תקציר סדרה:</label>
</control>
<control type="textbox">
<animation effect="fade" time="450">VisibleChange</animation>
<visible>Control.HasFocus($PARAM[baseid]) | Control.HasFocus(35)</visible>
<centerleft>39.5%</centerleft>
<posy>850</posy>
<width>650</width>
<height>115</height>
<align>right</align>
<autoscroll fade="2550" time="3000" repeat="4000"></autoscroll>
<label>$INFO[Container($PARAM[baseid]).ListItem.Plot]</label>
</control>
<control type="label">
<posx>1085</posx>
<posy>740</posy>
<width>800</width>
<height>100</height>
<align>right</align>
<textcolor>white</textcolor>
<font>font-21-newrecommnded</font>
<label>$INFO[Container($PARAM[baseid]).ListItem.Label] $INFO[Container($PARAM[baseid]).ListItem.Year, (,)]</label>
</control>
<control type="list" id="$PARAM[baseid]">
<posx>20</posx>
<posy>720</posy>
<width>1920</width>
<height>500</height>
<onup>35</onup>
<ondown>35</ondown>
<onback>35</onback>
<onclick>Control.SetFocus(1146)</onclick>
<ondown>Control.SetFocus(1146)</ondown>
<orientation>horizontal</orientation>
<scrolltime tween="sine" easing="inout">350</scrolltime>
<preloaditems>2</preloaditems>
<itemlayout width="1450" height="500">
<control type="image">
<posx>0</posx>
<posy>0</posy>
<width>250</width>
<height>250</height>
<texture>$INFO[ListItem.Thumb]</texture>
</control>
<control type="image">
<posx>0</posx>
<posy>250</posy>
<width>250</width>
<height>40</height>
<texture>black.png</texture>
</control>
<control type="label">
<posx>0</posx>
<posy>250</posy>
<width>250</width>
<height>40</height>
<align>center</align>
<label>$INFO[ListItem.Genre]</label>
</control>
</itemlayout>
<focusedlayout width="1450" height="500">
<control type="image">
<visible>!control.hasfocus($PARAM[baseid])</visible>
<posx>0</posx>
<posy>0</posy>
<width>250</width>
<height>250</height>
<texture>$INFO[ListItem.Thumb]</texture>
</control>
<control type="image">
<visible>control.hasfocus($PARAM[baseid])</visible>
<posx>0</posx>
<posy>0</posy>
<width>250</width>
<height>250</height>
<bordertexture>white.png</bordertexture>
<bordersize>4</bordersize>
<texture>$INFO[ListItem.Thumb]</texture>
</control>
<control type="image">
<posx>0</posx>
<posy>250</posy>
<width>250</width>
<height>40</height>
<texture>black.png</texture>
</control>
<control type="label">
<posx>0</posx>
<posy>250</posy>
<width>250</width>
<height>40</height>
<align>center</align>
<label>$INFO[ListItem.Genre]</label>
</control>
</focusedlayout>
<content sortby="dateadded" sortorder="descending">$PARAM[basecontent]</content>
</control>
</control>
</definition>
</include>



<include name="baseepisods">
<definition>
<control type="group">
<visible>String.Contains(Container($PARAM[baseid]).ListItem.Label,$PARAM[labelname])</visible>
<visible>$PARAM[notvisible]</visible>
<control type="multiimage">
<visible>Control.HasFocus($PARAM[baseeipisod])</visible>
<posx>1100</posx>
<posy>760</posy>
<width>220</width>
<height>200</height>
<fadetime>350</fadetime>
<imagepath>$INFO[Container($PARAM[baseeipisod]).ListItem.Art(fanart)]</imagepath>
</control>
<control type="image">
<posx>400</posx>
<posy>720</posy>
<width>910</width>
<height>2</height>
<texture>special://skin/extras/info/infopanel_line.png</texture>
</control>

<control type="textbox">
<animation effect="fade" time="450">VisibleChange</animation>
<visible>Control.HasFocus($PARAM[baseeipisod])</visible>
<centerleft>39.5%</centerleft>
<posy>850</posy>
<width>650</width>
<height>115</height>
<align>right</align>
<autoscroll fade="2550" time="3000" repeat="4000"></autoscroll>
<label>$INFO[Container($PARAM[baseeipisod]).ListItem.Plot]</label>
</control>
<control type="label">
<animation effect="fade" time="450">VisibleChange</animation>
<visible>Control.HasFocus($PARAM[baseeipisod])</visible>
<posx>1080</posx>
<posy>800</posy>
<width>250</width>
<align>right</align>
<label>$INFO[Container($PARAM[baseeipisod]).ListItem.Episode] [COLOR burlywood]תקציר פרק:[/COLOR]</label>
</control>
<control type="grouplist">
<posx>400</posx>
<posy>680</posy>
<width>1400</width>
<height>250</height>
<orientation>horizontal</orientation>
<itemgap>120</itemgap>
<control type="group">
<visible>!IsEmpty($PARAM[baseeipisod]).ListItem.Season)</visible>
<control type="image">
<posx>0</posx>
<posy>0</posy>
<width>2</width>
<height>40</height>
<texture>special://skin/extras/info/upright.png</texture>
</control>
<control type="label">
<posx>10</posx>
<posy>0</posy>
<width>auto</width>
<height>40</height>
<align>center</align>
<textcolor>white</textcolor>
<label>$INFO[Container($PARAM[baseeipisod]).ListItem.Season] [COLOR gray] עונה: [/COLOR]</label>
</control>
</control>
<control type="group">
<visible>!IsEmpty(Container($PARAM[baseeipisod]).ListItem.Episode)</visible>
<control type="image">
<posx>0</posx>
<posy>0</posy>
<width>2</width>
<height>40</height>
<texture>special://skin/extras/info/upright.png</texture>
</control>
<control type="label">
<posx>15</posx>
<posy>0</posy>
<width>auto</width>
<height>40</height>
<textcolor>white</textcolor>
<align>center</align>
<label>$INFO[Container($PARAM[baseeipisod]).ListItem.Episode] [COLOR gray] פרק: [/COLOR]</label>
</control>
</control>
<control type="group">
<visible>!IsEmpty(Container($PARAM[baseeipisod]).ListItem.Episode)</visible>
<control type="image">
<posx>0</posx>
<posy>0</posy>
<width>2</width>
<height>40</height>
<texture>special://skin/extras/info/upright.png</texture>
</control>
<control type="label">
<posx>15</posx>
<posy>0</posy>
<width>auto</width>
<height>40</height>
<textcolor>white</textcolor>
<align>center</align>
<label>$INFO[Container($PARAM[baseeipisod]).NumItems] [COLOR gray]פרקים:[/COLOR]</label>
</control>
</control>
<control type="group">
<visible>!IsEmpty($PARAM[baseeipisod]).ListItem.Rating)</visible>
<control type="image">
<posx>20</posx>
<posy>0</posy>
<width>2</width>
<height>40</height>
<texture>special://skin/extras/info/upright.png</texture>
</control>
<control type="image">
<posx>30</posx>
<posy>5</posy>
<width>120</width>
<height>35</height>
<texture colordiffuse="yellow" fallback="special://skin/extras/flags/stars/7.8.png">special://skin/extras/flags/stars/$INFO[Container($PARAM[baseeipisod]).ListItem.Rating].png</texture>
</control>
</control>
<control type="group">
<control type="image">
<posx>40</posx>
<posy>0</posy>
<width>2</width>
<height>40</height>
<texture>special://skin/extras/info/upright.png</texture>
</control>
<control type="label">
<visible>String.IsEqual(Container($PARAM[baseeipisod]).ListItem.Year,2020)</visible>
<posx>55</posx>
<posy>0</posy>
<width>auto</width>
<height>40</height>
<textcolor>deepskyblue</textcolor>
<label>סדרה חדשה</label>
</control>
<control type="label">
<visible>!String.IsEqual(Container($PARAM[baseeipisod]).ListItem.Year,2020)</visible>
<posx>55</posx>
<posy>0</posy>
<width>auto</width>
<height>40</height>
<textcolor>deepskyblue</textcolor>
<label>עונה חדשה</label>
</control>
</control>
<control type="group">
<control type="image">
<posx>95</posx>
<posy>0</posy>
<width>2</width>
<height>40</height>
<texture>special://skin/extras/info/upright.png</texture>
</control>
<control type="label">
<posx>110</posx>
<posy>0</posy>
<width>auto</width>
<height>40</height>
<textcolor>$PARAM[networkcolor]</textcolor>
<label>[B]($PARAM[networkname][/B])</label>
</control>
</control>
<control type="group">
<control type="image">
<posx>160</posx>
<posy>0</posy>
<width>2</width>
<height>40</height>
<texture>special://skin/extras/info/upright.png</texture>
</control>
</control>
</control>
<control type="button" id="1146">
<posx>0</posx>
<posy>0</posy>
<width>1</width>
<height>1</height>
<label>-</label>
<onfocus>Control.SetFocus($PARAM[baseeipisod])</onfocus>
</control>
<control type="list" id="$PARAM[baseeipisod]">
<posx>370</posx>
<posy>980</posy>
<width>1000</width>
<height>40</height>
<onback>5</onback>
<onback>$PARAM[onback]</onback>
<onup>$PARAM[onup]</onup>
<onup>5</onup>
<ondown>35</ondown>
<orientation>horizontal</orientation>
<preloaditems>2</preloaditems>
<itemlayout width="250" height="40">
<control type="label">
<posx>0</posx>
<posy>0</posy>
<width>200</width>
<height>40</height>
<align>center</align>
<label>$INFO[ListItem.Label]</label>
</control>
</itemlayout>
<focusedlayout width="250" height="40">
<control type="label">
<visible>!control.hasfocus($PARAM[baseeipisod])</visible>
<posx>0</posx>
<posy>0</posy>
<width>200</width>
<height>40</height>
<align>center</align>
<label>$INFO[ListItem.Label]</label>
</control>
<control type="label">
<visible>control.hasfocus($PARAM[baseeipisod])</visible>
<posx>0</posx>
<posy>0</posy>
<width>200</width>
<height>40</height>
<align>center</align>
<label>[B]$INFO[ListItem.Label][/B]</label>
</control>
</focusedlayout>
<content>$PARAM[baseepisodcontent]</content>
</control>
</control>
<control type="label">
<animation condition="![Integer.IsGreater(Container($PARAM[baseeipisod]).NumItems,0) | Control.HasFocus($PARAM[baseeipisod]) | Control.HasFocus(5) | Control.HasFocus(6)]" effect="fade" start="0" end="100" time="1100" pulse="true">Conditional</animation>
<visible>![Integer.IsGreater(Container($PARAM[baseeipisod]).NumItems,0) | Control.HasFocus($PARAM[baseeipisod]) | Control.HasFocus(5) | Control.HasFocus(6)]</visible>
<posx>1890</posx>
<posy>620</posy>
<width>250</width>
<align>right</align>
<textcolor>white</textcolor>
<label>טוען פרקים...</label>
</control>
</definition>
</include>



<include name="teleepisoedgroups">
<definition>
<control type="group">
<visible>Container(35).HasFocus($PARAM[itemidnumber])</visible>
<control type="button" id="4467">
<posx>300</posx>
<posy>550</posy>
<width>200</width>
<height>85</height>
<onback>Control.SetFocus($PARAM[stringid])</onback>
<onright>Control.SetFocus($PARAM[stringid])</onright>
<texturenofocus border="40">special://skin/extras/common/roundedbutton-nofocus.png</texturenofocus>
<texturefocus>special://skin/extras/common/roundedbutton-focus.png</texturefocus>
<label>עמוד הבא</label>
<onclick>Dialog.Close(6677)</onclick>
<onclick>$PARAM[buttononclick]</onclick>
</control>
<control type="textbox">
<animation condition="![Container(35).HasFocus(822) | Container(35).HasFocus(819)]" effect="slide" start="0,0" end="1000,0" time="250" tween="sine" easing="inout">Conditional</animation>
<visible>Container(35).HasFocus(822) | Container(35).HasFocus(819)</visible>
<posx>1740</posx>
<posy>420</posy>
<width>400</width>
<height>350</height>
<align>right</align>
<label>$INFO[Container($PARAM[stringid]).ListItem.Plot]</label>
</control>
<control type="wraplist" id="$PARAM[stringid]">
<animation effect="fade" time="450">VisibleChange</animation>
<posx>500</posx>
<posy>230</posy>
<width>1500</width>
<height>750</height>
<onright>35</onright>
<onback>35</onback>
<onleft>Control.SetFocus(4467)</onleft>
<movement>2</movement>
<focusposition>3</focusposition>
<scrolltime tween="quanderic" easing="inout">350</scrolltime>
<orientation>vertical</orientation>
<itemlayout width="650" height="80">
<control type="label">
<posx>50</posx>
<posy>15</posy>
<width>800</width>
<height>40</height>
<align>right</align>
<label>$INFO[ListItem.Label]</label>
</control>
</itemlayout>
<focusedlayout width="650" height="100">
<control type="image">
<animation effect="fade" time="450">VisibleChange</animation>
<visible>Control.HasFocus($PARAM[stringid])</visible>
<posx>30</posx>
<posy>0</posy>
<width>850</width>
<height>120</height>
<texture border="40">special://skin/extras/common/roundedbutton-nofocus.png</texture>
</control>
<control type="image">
<animation effect="fade" time="450">VisibleChange</animation>
<visible>Control.HasFocus($PARAM[stringid])</visible>
<posx>30</posx>
<posy>0</posy>
<width>850</width>
<height>120</height>
<texture border="40">special://skin/extras/common/roundedbutton-nofocus.png</texture>
</control>
<control type="image">
<animation effect="fade" time="450">VisibleChange</animation>
<visible>Control.HasFocus($PARAM[stringid])</visible>
<animation condition="!Control.HasFocus($PARAM[stringid])" effect="fade" start="100" end="45" time="150">Conditioanl</animation>
<posx>49</posx>
<posy>89</posy>
<width>810</width>
<height>10</height>
<texture colordiffuse="deepskyblue">special://skin/extras/test/progress-bg.png</texture>
</control>
<control type="label">
<posx>50</posx>
<posy>15</posy>
<width>800</width>
<height>40</height>
<align>right</align>
<label>$INFO[ListItem.Label]</label>
</control>

</focusedlayout>
<content>$PARAM[content]</content>
</control>
</control>
</definition>
</include>

</includes>
