<?xml version="1.0" encoding="UTF-8"?>



<includes>

<include name="basetvshowscontent">
<definition>
<control type="group">
<control type="multiimage">
<posx>1580</posx>
<posy>460</posy>
<width>320</width>
<height>420</height>
<fadetime>350</fadetime>
<imagepath>$INFO[Container($PARAM[episodenameid]).ListItem.Thumb]</imagepath>
</control>
<control type="textbox">
<posx>540</posx>
<posy>740</posy>
<width>1000</width>
<height>145</height>
<align>right</align>
<autoscroll fade="3000" time="3000" repeat="4000"></autoscroll>
<label>$INFO[Container($PARAM[episodenameid]).ListItem.Plot]</label>
</control>
<control type="label">
<posx>1550</posx>
<posy>450</posy>
<width>1200</width>
<height>50</height>
<align>right</align>
<font>font-21-recommnded</font>
<label>$INFO[Container($PARAM[episodenameid]).ListItem.Label]</label>
</control>
<control type="list" id="$PARAM[episodenameid]">
<posx>0</posx>
<posy>150</posy>
<width>1920</width>
<height>50</height>
<ondown>Control.SetFocus(135)</ondown>
<onclick>Control.SetFocus(135)</onclick>
<orientation>horizontal</orientation>
<scrolltime tween="sine" easing="inout">350</scrolltime>
<itemlayout width="280" height="40">
<control type="label">
<posx>0</posx>
<posy>0</posy>
<width>250</width>
<height>50</height>
<label>$INFO[ListItem.Label]</label>
<align>center</align>
<textcolor>white</textcolor>
<shadowcolor>black</shadowcolor>
</control>
</itemlayout>
<focusedlayout width="280" height="40">
<control type="image">
<animation condition="!Control.HasFocus($PARAM[episodenameid])" effect="fade" start="100" end="15" time="250">Conditional</animation>
<posx>0</posx>
<posy>0</posy>
<width>250</width>
<height>50</height>
<texture colordiffuse="white" border="40">special://skin/extras/common/roundedbutton-focus.png</texture>
</control>
<control type="label">
<posx>0</posx>
<posy>0</posy>
<width>250</width>
<height>50</height>
<label>$INFO[ListItem.Label]</label>
<align>center</align>
<textcolor>white</textcolor>
<shadowcolor>black</shadowcolor>
</control>
</focusedlayout>
<content>$PARAM[tvsshowcontent]</content>
</control>
</control>
</definition>
</include>


<include name="epissodescontente">
<definition>
<control type="group">
<visible>String.Contains(Container(5).ListItem.Label,$PARAM[tvshowname]) + Container(135).HasFocus(1)</visible>
<control type="group">
<visible allowhiddenfocus="true">Control.HasFocus(5) | Control.HasFocus(135) | Control.HasFocus($PARAM[episodeslistid])</visible>
<control type="multiimage">
<posx>0</posx>
<posy>220</posy>
<width>350</width>
<height>210</height>
<fadetime>350</fadetime>
<imagepath>$INFO[Container($PARAM[episodeslistid]).ListItem.Art(fanart)]</imagepath>
</control>
<control type="label">
<posx>1900</posx>
<posy>200</posy>
<width>1000</width>
<height>50</height>
<align>right</align>
<font>font-21-recommnded</font>
<label>$INFO[Container($PARAM[episodeslistid]).ListItem.Label]</label>
</control>
<control type="textbox">
<posx>900</posx>
<posy>280</posy>
<width>1000</width>
<height>135</height>
<align>right</align>
<label>$INFO[Container($PARAM[episodeslistid]).ListItem.Plot]</label>
</control>
</control>
<control type="grouplist">
<visible allowhiddenfocus="true">Control.HasFocus(5) | Control.HasFocus(135) | Control.HasFocus($PARAM[episodeslistid])</visible>
<posx>1050</posx>
<posy>530</posy>
<width>1000</width>
<height>500</height>
<orientation>vertical</orientation>
<itemgap>10</itemgap>
<control type="label">
<visible>!IsEmpty(Container($PARAM[episodeslistid]).ListItem.Season)</visible>
<posx>0</posx>
<posy>0</posy>
<width>500</width>
<height>40</height>
<align>right</align>
<label>[COLOR yellow]$INFO[Container($PARAM[episodeslistid]).ListItem.Season][/COLOR] [COLOR white] עונה: [/COLOR]</label>
</control>
<control type="label">
<visible>!IsEmpty(Container($PARAM[episodeslistid]).ListItem.Episode)</visible>
<posx>0</posx>
<posy>0</posy>
<width>500</width>
<height>40</height>
<align>right</align>
<label>[COLOR deepskyblue]$INFO[Container($PARAM[episodeslistid]).ListItem.Episode][/COLOR] [COLOR white] פרק: [/COLOR]</label>
</control>
<control type="label">
<visible>Integer.IsGreater(Container(5).NumItems,0)</visible>
<posx>0</posx>
<posy>0</posy>
<width>500</width>
<height>40</height>
<align>right</align>
<label>[COLOR gray]$INFO[Container($PARAM[episodeslistid]).ListItem.Year][/COLOR] [COLOR white] שנה: [/COLOR]</label>
</control>
<control type="label">
<visible>Integer.IsGreater(Container(5).NumItems,0)</visible>
<posx>0</posx>
<posy>0</posy>
<width>500</width>
<height>40</height>
<align>right</align>
<label>[COLOR burlywood]$PARAM[networkname][/COLOR] [COLOR white] רשת: [/COLOR]</label>
</control>
</control>

<control type="list" id="135">
<posx>400</posx>
<posy>1000</posy>
<width>800</width>
<height>100</height>
<onback>5</onback>
<onup>5</onup>
<onright>136</onright>
<orientation>horizontal</orientation>
<itemlayout width="220" height="50">
<control type="image">
<posx>0</posx>
<posy>5</posy>
<width>150</width>
<height>35</height>
<bordertexture colordiffuse="gray">white.png</bordertexture>
<bordersize>2</bordersize>
<texture colordiffuse="black">white.png</texture>
</control>
<control type="label">
<posx>0</posx>
<posy>0</posy>
<width>150</width>
<height>50</height>
<align>center</align>
<label>$INFO[ListItem.Label]</label>
</control>
</itemlayout>
<focusedlayout width="220" height="50">
<control type="image">
<posx>0</posx>
<posy>5</posy>
<width>150</width>
<height>35</height>
<bordertexture colordiffuse="gray">white.png</bordertexture>
<bordersize>2</bordersize>
<texture colordiffuse="black">white.png</texture>
</control>
<control type="label">
<visible>!control.hasfocus(135)</visible>
<posx>0</posx>
<posy>0</posy>
<width>150</width>
<height>50</height>
<align>center</align>
<label>$INFO[ListItem.Label]</label>
</control>
<control type="label">
<visible>control.hasfocus(135)</visible>
<posx>0</posx>
<posy>0</posy>
<width>150</width>
<height>50</height>
<align>center</align>
<textcolor>yellow</textcolor>
<label>[B]$INFO[ListItem.Label][/B]</label>
</control>
</focusedlayout>
<content>
<item id="1">
<label>עונה $INFO[Container($PARAM[episodeslistid]).ListItem.Season]</label>
<onclick>Control.SetFocus(4444)</onclick>
</item>
</content>
</control>
<control type="button" id="4444">
<posx>0</posx>
<posy>0</posy>
<width>1</width>
<height>1</height>
<label>-</label>
<onfocus>Control.SetFocus($PARAM[episodeslistid])</onfocus>
</control>
<control type="list" id="$PARAM[episodeslistid]">
<animation condition="Control.HasFocus($PARAM[episodeslistid])" effect="slide" start="0,0" end="0,260" time="550" tween="sine" easing="inout">Conditional</animation>
<visible allowhiddenfocus="true">Control.HasFocus($PARAM[episodeslistid])</visible>
<posx>0</posx>
<posy>650</posy>
<width>1920</width>
<height>50</height>
<onback>135</onback>
<ondown>135</ondown>
<orientation>horizontal</orientation>
<scrolltime tween="sine" easing="inout">350</scrolltime>
<itemlayout width="280" height="40">
<control type="label">
<posx>0</posx>
<posy>0</posy>
<width>250</width>
<height>50</height>
<label>$INFO[ListItem.Label]</label>
<align>center</align>
<textcolor>white</textcolor>
<shadowcolor>black</shadowcolor>
</control>
</itemlayout>
<focusedlayout width="280" height="40">
<control type="image">
<visible>Control.HasFocus($PARAM[episodeslistid])</visible>
<animation condition="Control.HasFocus($PARAM[episodeslistid])" effect="fade" start="100" end="60" time="250">Conditional</animation>
<posx>0</posx>
<posy>0</posy>
<width>250</width>
<height>50</height>
<texture colordiffuse="deepskyblue" border="40">special://skin/extras/common/roundedbutton-focus.png</texture>
</control>
<control type="label">
<posx>0</posx>
<posy>0</posy>
<width>250</width>
<height>50</height>
<label>$INFO[ListItem.Label]</label>
<align>center</align>
<textcolor>white</textcolor>
<shadowcolor>black</shadowcolor>
</control>
</focusedlayout>
<content>$PARAM[episodeslistcontent]</content>
</control>
</control>
</definition>
</include>


<include name="sessiontwocontent">
<definition>
<control type="group">
<visible>String.Contains(Container(5).ListItem.Label,$PARAM[tvshowname]) + Container(136).HasFocus(2)</visible>
<control type="group">
<visible allowhiddenfocus="true">Control.HasFocus(136) | Control.HasFocus($PARAM[sessiontwocontentid])</visible>
<control type="multiimage">
<posx>0</posx>
<posy>220</posy>
<width>350</width>
<height>210</height>
<fadetime>350</fadetime>
<imagepath>$INFO[Container($PARAM[sessiontwocontentid]).ListItem.Art(fanart)]</imagepath>
</control>
<control type="label">
<posx>1900</posx>
<posy>200</posy>
<width>1000</width>
<height>50</height>
<align>right</align>
<font>font-21-recommnded</font>
<label>$INFO[Container($PARAM[sessiontwocontentid]).ListItem.Label]</label>
</control>
<control type="textbox">
<posx>900</posx>
<posy>280</posy>
<width>1000</width>
<height>135</height>
<align>right</align>
<label>$INFO[Container($PARAM[sessiontwocontentid]).ListItem.Plot]</label>
</control>
</control>
<control type="grouplist">
<visible allowhiddenfocus="true">Control.HasFocus(136) | Control.HasFocus($PARAM[sessiontwocontentid])</visible>
<posx>1050</posx>
<posy>530</posy>
<width>1000</width>
<height>500</height>
<orientation>vertical</orientation>
<itemgap>10</itemgap>
<control type="label">
<visible>!IsEmpty(Container($PARAM[sessiontwocontentid]).ListItem.Season)</visible>
<posx>0</posx>
<posy>0</posy>
<width>500</width>
<height>40</height>
<align>right</align>
<label>[COLOR yellow]$INFO[Container($PARAM[sessiontwocontentid]).ListItem.Season][/COLOR] [COLOR white] עונה: [/COLOR]</label>
</control>
<control type="label">
<visible>!IsEmpty(Container($PARAM[sessiontwocontentid]).ListItem.Episode)</visible>
<posx>0</posx>
<posy>0</posy>
<width>500</width>
<height>40</height>
<align>right</align>
<label>[COLOR deepskyblue]$INFO[Container($PARAM[sessiontwocontentid]).ListItem.Episode][/COLOR] [COLOR white] פרק: [/COLOR]</label>
</control>
<control type="label">
<visible>Integer.IsGreater(Container(5).NumItems,0)</visible>
<posx>0</posx>
<posy>0</posy>
<width>500</width>
<height>40</height>
<align>right</align>
<label>[COLOR gray]$INFO[Container($PARAM[sessiontwocontentid]).ListItem.Year][/COLOR] [COLOR white] שנה: [/COLOR]</label>
</control>
<control type="label">
<visible>Integer.IsGreater(Container(5).NumItems,0)</visible>
<posx>0</posx>
<posy>0</posy>
<width>500</width>
<height>40</height>
<align>right</align>
<label>[COLOR burlywood]$PARAM[networkname][/COLOR] [COLOR white] רשת: [/COLOR]</label>
</control>
</control>
<control type="list" id="136">
<posx>600</posx>
<posy>1000</posy>
<width>800</width>
<height>100</height>
<onback>5</onback>
<onup>5</onup>
<onleft>135</onleft>
<onright>137</onright>
<orientation>horizontal</orientation>
<itemlayout width="220" height="50">
<control type="image">
<posx>0</posx>
<posy>5</posy>
<width>150</width>
<height>35</height>
<bordertexture colordiffuse="gray">white.png</bordertexture>
<bordersize>2</bordersize>
<texture colordiffuse="black">white.png</texture>
</control>
<control type="label">
<posx>0</posx>
<posy>0</posy>
<width>150</width>
<height>50</height>
<align>center</align>
<label>$INFO[ListItem.Label]</label>
</control>
</itemlayout>
<focusedlayout width="220" height="50">
<control type="image">
<posx>0</posx>
<posy>5</posy>
<width>150</width>
<height>35</height>
<bordertexture colordiffuse="gray">white.png</bordertexture>
<bordersize>2</bordersize>
<texture colordiffuse="black">white.png</texture>
</control>
<control type="label">
<visible>!control.hasfocus(136)</visible>
<posx>0</posx>
<posy>0</posy>
<width>150</width>
<height>50</height>
<align>center</align>
<label>$INFO[ListItem.Label]</label>
</control>
<control type="label">
<visible>control.hasfocus(136)</visible>
<posx>0</posx>
<posy>0</posy>
<width>150</width>
<height>50</height>
<align>center</align>
<textcolor>yellow</textcolor>
<label>[B]$INFO[ListItem.Label][/B]</label>
</control>
</focusedlayout>
<content>
<item id="2">
<label>עונה $INFO[Container($PARAM[sessiontwocontentid]).ListItem.Season]</label>
<onclick>Control.SetFocus(4445)</onclick>
</item>
</content>
</control>
<control type="button" id="4445">
<posx>0</posx>
<posy>0</posy>
<width>1</width>
<height>1</height>
<label>-</label>
<onfocus>Control.SetFocus($PARAM[sessiontwocontentid])</onfocus>
</control>
<control type="list" id="$PARAM[sessiontwocontentid]">
<animation condition="Control.HasFocus($PARAM[sessiontwocontentid])" effect="slide" start="0,0" end="0,260" time="550" tween="sine" easing="inout">Conditional</animation>
<visible allowhiddenfocus="true">Control.HasFocus($PARAM[sessiontwocontentid])</visible>
<posx>0</posx>
<posy>650</posy>
<width>1920</width>
<height>50</height>
<onback>136</onback>
<ondown>136</ondown>
<orientation>horizontal</orientation>
<scrolltime tween="sine" easing="inout">350</scrolltime>
<itemlayout width="280" height="40">
<control type="label">
<posx>0</posx>
<posy>0</posy>
<width>250</width>
<height>50</height>
<label>$INFO[ListItem.Label]</label>
<align>center</align>
<textcolor>white</textcolor>
<shadowcolor>black</shadowcolor>
</control>
</itemlayout>
<focusedlayout width="280" height="40">
<control type="image">
<visible>Control.HasFocus($PARAM[sessiontwocontentid])</visible>
<animation condition="Control.HasFocus($PARAM[sessiontwocontentid])" effect="fade" start="100" end="60" time="250">Conditional</animation>
<posx>0</posx>
<posy>0</posy>
<width>250</width>
<height>50</height>
<texture colordiffuse="deepskyblue" border="40">special://skin/extras/common/roundedbutton-focus.png</texture>
</control>
<control type="label">
<posx>0</posx>
<posy>0</posy>
<width>250</width>
<height>50</height>
<label>$INFO[ListItem.Label]</label>
<align>center</align>
<textcolor>white</textcolor>
<shadowcolor>black</shadowcolor>
</control>
</focusedlayout>
<content>$PARAM[sessiontwocontent]</content>
</control>
</control>
</definition>
</include>



<include name="sessionthreecontent">
<definition>
<control type="group">
<visible>String.Contains(Container(5).ListItem.Label,$PARAM[tvshowname]) + Container(137).HasFocus(3)</visible>
<control type="group">
<visible allowhiddenfocus="true">Control.HasFocus(137) | Control.HasFocus($PARAM[sessionthreecontentid])</visible>
<control type="multiimage">
<posx>0</posx>
<posy>220</posy>
<width>350</width>
<height>210</height>
<fadetime>350</fadetime>
<imagepath>$INFO[Container($PARAM[sessionthreecontentid]).ListItem.Art(fanart)]</imagepath>
</control>
<control type="label">
<posx>1900</posx>
<posy>200</posy>
<width>1000</width>
<height>50</height>
<align>right</align>
<font>font-21-recommnded</font>
<label>$INFO[Container($PARAM[sessionthreecontentid]).ListItem.Label]</label>
</control>
<control type="textbox">
<posx>900</posx>
<posy>280</posy>
<width>1000</width>
<height>135</height>
<align>right</align>
<label>$INFO[Container($PARAM[sessionthreecontentid]).ListItem.Plot]</label>
</control>
</control>
<control type="grouplist">
<visible allowhiddenfocus="true">Control.HasFocus(137) | Control.HasFocus($PARAM[sessionthreecontentid])</visible>
<posx>1050</posx>
<posy>530</posy>
<width>1000</width>
<height>500</height>
<orientation>vertical</orientation>
<itemgap>10</itemgap>
<control type="label">
<visible>!IsEmpty(Container($PARAM[sessionthreecontentid]).ListItem.Season)</visible>
<posx>0</posx>
<posy>0</posy>
<width>500</width>
<height>40</height>
<align>right</align>
<label>[COLOR yellow]$INFO[Container($PARAM[sessionthreecontentid]).ListItem.Season][/COLOR] [COLOR white] עונה: [/COLOR]</label>
</control>
<control type="label">
<visible>!IsEmpty(Container($PARAM[sessionthreecontentid]).ListItem.Episode)</visible>
<posx>0</posx>
<posy>0</posy>
<width>500</width>
<height>40</height>
<align>right</align>
<label>[COLOR deepskyblue]$INFO[Container($PARAM[sessionthreecontentid]).ListItem.Episode][/COLOR] [COLOR white] פרק: [/COLOR]</label>
</control>
<control type="label">
<visible>Integer.IsGreater(Container(5).NumItems,0)</visible>
<posx>0</posx>
<posy>0</posy>
<width>500</width>
<height>40</height>
<align>right</align>
<label>[COLOR gray]$INFO[Container($PARAM[sessionthreecontentid]).ListItem.Year][/COLOR] [COLOR white] שנה: [/COLOR]</label>
</control>
<control type="label">
<visible>Integer.IsGreater(Container(5).NumItems,0)</visible>
<posx>0</posx>
<posy>0</posy>
<width>500</width>
<height>40</height>
<align>right</align>
<label>[COLOR burlywood]$PARAM[networkname][/COLOR] [COLOR white] רשת: [/COLOR]</label>
</control>
</control>
<control type="list" id="137">
<posx>800</posx>
<posy>1000</posy>
<width>800</width>
<height>100</height>
<onback>5</onback>
<onup>5</onup>
<onleft>136</onleft>
<onright>138</onright>
<orientation>horizontal</orientation>
<itemlayout width="220" height="50">
<control type="image">
<posx>0</posx>
<posy>5</posy>
<width>150</width>
<height>35</height>
<bordertexture colordiffuse="gray">white.png</bordertexture>
<bordersize>2</bordersize>
<texture colordiffuse="black">white.png</texture>
</control>
<control type="label">
<posx>0</posx>
<posy>0</posy>
<width>150</width>
<height>50</height>
<align>center</align>
<label>$INFO[ListItem.Label]</label>
</control>
</itemlayout>
<focusedlayout width="220" height="50">
<control type="image">
<posx>0</posx>
<posy>5</posy>
<width>150</width>
<height>35</height>
<bordertexture colordiffuse="gray">white.png</bordertexture>
<bordersize>2</bordersize>
<texture colordiffuse="black">white.png</texture>
</control>
<control type="label">
<visible>!control.hasfocus(137)</visible>
<posx>0</posx>
<posy>0</posy>
<width>150</width>
<height>50</height>
<align>center</align>
<label>$INFO[ListItem.Label]</label>
</control>
<control type="label">
<visible>control.hasfocus(137)</visible>
<posx>0</posx>
<posy>0</posy>
<width>150</width>
<height>50</height>
<align>center</align>
<textcolor>yellow</textcolor>
<label>[B]$INFO[ListItem.Label][/B]</label>
</control>
</focusedlayout>
<content>
<item id="3">
<label>עונה $INFO[Container($PARAM[sessionthreecontentid]).ListItem.Season]</label>
<onclick>Control.SetFocus(4446)</onclick>
</item>
</content>
</control>
<control type="button" id="4446">
<posx>0</posx>
<posy>0</posy>
<width>1</width>
<height>1</height>
<label>-</label>
<onfocus>Control.SetFocus($PARAM[sessionthreecontentid])</onfocus>
</control>
<control type="list" id="$PARAM[sessionthreecontentid]">
<animation condition="Control.HasFocus($PARAM[sessionthreecontentid])" effect="slide" start="0,0" end="0,260" time="550" tween="sine" easing="inout">Conditional</animation>
<visible allowhiddenfocus="true">Control.HasFocus($PARAM[sessionthreecontentid])</visible>
<posx>0</posx>
<posy>650</posy>
<width>1920</width>
<height>50</height>
<onback>136</onback>
<ondown>136</ondown>
<orientation>horizontal</orientation>
<scrolltime tween="sine" easing="inout">350</scrolltime>
<itemlayout width="280" height="40">
<control type="label">
<posx>0</posx>
<posy>0</posy>
<width>250</width>
<height>50</height>
<label>$INFO[ListItem.Label]</label>
<align>center</align>
<textcolor>white</textcolor>
<shadowcolor>black</shadowcolor>
</control>
</itemlayout>
<focusedlayout width="280" height="40">
<control type="image">
<visible>Control.HasFocus($PARAM[sessionthreecontentid])</visible>
<animation condition="Control.HasFocus($PARAM[sessionthreecontentid])" effect="fade" start="100" end="60" time="250">Conditional</animation>
<posx>0</posx>
<posy>0</posy>
<width>250</width>
<height>50</height>
<texture colordiffuse="deepskyblue" border="40">special://skin/extras/common/roundedbutton-focus.png</texture>
</control>
<control type="label">
<posx>0</posx>
<posy>0</posy>
<width>250</width>
<height>50</height>
<label>$INFO[ListItem.Label]</label>
<align>center</align>
<textcolor>white</textcolor>
<shadowcolor>black</shadowcolor>
</control>
</focusedlayout>
<content>$PARAM[sessionthreecontent]</content>
</control>
</control>
</definition>
</include>


<include name="sessionfourcontent">
<definition>
<control type="group">
<visible>String.Contains(Container(5).ListItem.Label,$PARAM[tvshowname]) + Container(138).HasFocus(4)</visible>
<control type="group">
<visible allowhiddenfocus="true">Control.HasFocus(138) | Control.HasFocus($PARAM[sessionfourcontentid])</visible>
<control type="multiimage">
<posx>0</posx>
<posy>220</posy>
<width>350</width>
<height>210</height>
<fadetime>350</fadetime>
<imagepath>$INFO[Container($PARAM[sessionfourcontentid]).ListItem.Art(fanart)]</imagepath>
</control>
<control type="label">
<posx>1900</posx>
<posy>200</posy>
<width>1000</width>
<height>50</height>
<align>right</align>
<font>font-21-recommnded</font>
<label>$INFO[Container($PARAM[sessionfourcontentid]).ListItem.Label]</label>
</control>
<control type="textbox">
<posx>900</posx>
<posy>280</posy>
<width>1000</width>
<height>135</height>
<align>right</align>
<label>$INFO[Container($PARAM[sessionfourcontentid]).ListItem.Plot]</label>
</control>
</control>
<control type="grouplist">
<visible allowhiddenfocus="true">Control.HasFocus(138) | Control.HasFocus($PARAM[sessionfourcontentid])</visible>
<posx>1050</posx>
<posy>530</posy>
<width>1000</width>
<height>500</height>
<orientation>vertical</orientation>
<itemgap>10</itemgap>
<control type="label">
<visible>!IsEmpty(Container($PARAM[sessionfourcontentid]).ListItem.Season)</visible>
<posx>0</posx>
<posy>0</posy>
<width>500</width>
<height>40</height>
<align>right</align>
<label>[COLOR yellow]$INFO[Container($PARAM[sessionfourcontentid]).ListItem.Season][/COLOR] [COLOR white] עונה: [/COLOR]</label>
</control>
<control type="label">
<visible>!IsEmpty(Container($PARAM[sessionfourcontentid]).ListItem.Episode)</visible>
<posx>0</posx>
<posy>0</posy>
<width>500</width>
<height>40</height>
<align>right</align>
<label>[COLOR deepskyblue]$INFO[Container($PARAM[sessionfourcontentid]).ListItem.Episode][/COLOR] [COLOR white] פרק: [/COLOR]</label>
</control>
<control type="label">
<visible>Integer.IsGreater(Container(5).NumItems,0)</visible>
<posx>0</posx>
<posy>0</posy>
<width>500</width>
<height>40</height>
<align>right</align>
<label>[COLOR gray]$INFO[Container($PARAM[sessionfourcontentid]).ListItem.Year][/COLOR] [COLOR white] שנה: [/COLOR]</label>
</control>
<control type="label">
<visible>Integer.IsGreater(Container(5).NumItems,0)</visible>
<posx>0</posx>
<posy>0</posy>
<width>500</width>
<height>40</height>
<align>right</align>
<label>[COLOR burlywood]$PARAM[networkname][/COLOR] [COLOR white] רשת: [/COLOR]</label>
</control>
</control>
<control type="list" id="138">
<posx>1000</posx>
<posy>1000</posy>
<width>800</width>
<height>100</height>
<onback>5</onback>
<onup>5</onup>
<onleft>137</onleft>
<onright>139</onright>
<orientation>horizontal</orientation>
<itemlayout width="220" height="50">
<control type="image">
<posx>0</posx>
<posy>5</posy>
<width>150</width>
<height>35</height>
<bordertexture colordiffuse="gray">white.png</bordertexture>
<bordersize>2</bordersize>
<texture colordiffuse="black">white.png</texture>
</control>
<control type="label">
<posx>0</posx>
<posy>0</posy>
<width>150</width>
<height>50</height>
<align>center</align>
<label>$INFO[ListItem.Label]</label>
</control>
</itemlayout>
<focusedlayout width="220" height="50">
<control type="image">
<posx>0</posx>
<posy>5</posy>
<width>150</width>
<height>35</height>
<bordertexture colordiffuse="gray">white.png</bordertexture>
<bordersize>2</bordersize>
<texture colordiffuse="black">white.png</texture>
</control>
<control type="label">
<visible>!control.hasfocus(138)</visible>
<posx>0</posx>
<posy>0</posy>
<width>150</width>
<height>50</height>
<align>center</align>
<label>$INFO[ListItem.Label]</label>
</control>
<control type="label">
<visible>control.hasfocus(138)</visible>
<posx>0</posx>
<posy>0</posy>
<width>150</width>
<height>50</height>
<align>center</align>
<textcolor>yellow</textcolor>
<label>[B]$INFO[ListItem.Label][/B]</label>
</control>
</focusedlayout>
<content>
<item id="4">
<label>עונה $INFO[Container($PARAM[sessionfourcontentid]).ListItem.Season]</label>
<onclick>Control.SetFocus(4447)</onclick>
</item>
</content>
</control>
<control type="button" id="4447">
<posx>0</posx>
<posy>0</posy>
<width>1</width>
<height>1</height>
<label>-</label>
<onfocus>Control.SetFocus($PARAM[sessionfourcontentid])</onfocus>
</control>
<control type="list" id="$PARAM[sessionfourcontentid]">
<animation condition="Control.HasFocus($PARAM[sessionfourcontentid])" effect="slide" start="0,0" end="0,260" time="550" tween="sine" easing="inout">Conditional</animation>
<visible allowhiddenfocus="true">Control.HasFocus($PARAM[sessionfourcontentid])</visible>
<posx>0</posx>
<posy>650</posy>
<width>1920</width>
<height>50</height>
<onback>136</onback>
<ondown>136</ondown>
<orientation>horizontal</orientation>
<scrolltime tween="sine" easing="inout">350</scrolltime>
<itemlayout width="280" height="40">
<control type="label">
<posx>0</posx>
<posy>0</posy>
<width>250</width>
<height>50</height>
<label>$INFO[ListItem.Label]</label>
<align>center</align>
<textcolor>white</textcolor>
<shadowcolor>black</shadowcolor>
</control>
</itemlayout>
<focusedlayout width="280" height="40">
<control type="image">
<visible>Control.HasFocus($PARAM[sessionfourcontentid])</visible>
<animation condition="Control.HasFocus($PARAM[sessionfourcontentid])" effect="fade" start="100" end="60" time="250">Conditional</animation>
<posx>0</posx>
<posy>0</posy>
<width>250</width>
<height>50</height>
<texture colordiffuse="deepskyblue" border="40">special://skin/extras/common/roundedbutton-focus.png</texture>
</control>
<control type="label">
<posx>0</posx>
<posy>0</posy>
<width>250</width>
<height>50</height>
<label>$INFO[ListItem.Label]</label>
<align>center</align>
<textcolor>white</textcolor>
<shadowcolor>black</shadowcolor>
</control>
</focusedlayout>
<content>$PARAM[sessionfourcontent]</content>
</control>
</control>
</definition>
</include>


<include name="sessionfivecontent">
<definition>
<control type="group">
<visible>String.Contains(Container(5).ListItem.Label,$PARAM[tvshowname]) + Container(139).HasFocus(5)</visible>
<control type="group">
<visible allowhiddenfocus="true">Control.HasFocus(139) | Control.HasFocus($PARAM[sessionfivecontentid])</visible>
<control type="multiimage">
<posx>0</posx>
<posy>220</posy>
<width>350</width>
<height>210</height>
<fadetime>350</fadetime>
<imagepath>$INFO[Container($PARAM[sessionfivecontentid]).ListItem.Art(fanart)]</imagepath>
</control>
<control type="label">
<posx>1900</posx>
<posy>200</posy>
<width>1000</width>
<height>50</height>
<align>right</align>
<font>font-21-recommnded</font>
<label>$INFO[Container($PARAM[sessionfivecontentid]).ListItem.Label]</label>
</control>
<control type="textbox">
<posx>900</posx>
<posy>280</posy>
<width>1000</width>
<height>135</height>
<align>right</align>
<label>$INFO[Container($PARAM[sessionfivecontentid]).ListItem.Plot]</label>
</control>
</control>
<control type="grouplist">
<visible allowhiddenfocus="true">Control.HasFocus(139) | Control.HasFocus($PARAM[sessionfivecontentid])</visible>
<posx>1050</posx>
<posy>530</posy>
<width>1000</width>
<height>500</height>
<orientation>vertical</orientation>
<itemgap>10</itemgap>
<control type="label">
<visible>!IsEmpty(Container($PARAM[sessionfivecontentid]).ListItem.Season)</visible>
<posx>0</posx>
<posy>0</posy>
<width>500</width>
<height>40</height>
<align>right</align>
<label>[COLOR yellow]$INFO[Container($PARAM[sessionfivecontentid]).ListItem.Season][/COLOR] [COLOR white] עונה: [/COLOR]</label>
</control>
<control type="label">
<visible>!IsEmpty(Container($PARAM[sessionfivecontentid]).ListItem.Episode)</visible>
<posx>0</posx>
<posy>0</posy>
<width>500</width>
<height>40</height>
<align>right</align>
<label>[COLOR deepskyblue]$INFO[Container($PARAM[sessionfivecontentid]).ListItem.Episode][/COLOR] [COLOR white] פרק: [/COLOR]</label>
</control>
<control type="label">
<visible>Integer.IsGreater(Container(5).NumItems,0)</visible>
<posx>0</posx>
<posy>0</posy>
<width>500</width>
<height>40</height>
<align>right</align>
<label>[COLOR gray]$INFO[Container($PARAM[sessionfivecontentid]).ListItem.Year][/COLOR] [COLOR white] שנה: [/COLOR]</label>
</control>
<control type="label">
<visible>Integer.IsGreater(Container(5).NumItems,0)</visible>
<posx>0</posx>
<posy>0</posy>
<width>500</width>
<height>40</height>
<align>right</align>
<label>[COLOR burlywood]$PARAM[networkname][/COLOR] [COLOR white] רשת: [/COLOR]</label>
</control>
</control>
<control type="list" id="139">
<posx>1200</posx>
<posy>1000</posy>
<width>800</width>
<height>100</height>
<onback>5</onback>
<onup>5</onup>
<onleft>138</onleft>
<orientation>horizontal</orientation>
<itemlayout width="220" height="50">
<control type="image">
<posx>0</posx>
<posy>5</posy>
<width>150</width>
<height>35</height>
<bordertexture colordiffuse="gray">white.png</bordertexture>
<bordersize>2</bordersize>
<texture colordiffuse="black">white.png</texture>
</control>
<control type="label">
<posx>0</posx>
<posy>0</posy>
<width>150</width>
<height>50</height>
<align>center</align>
<label>$INFO[ListItem.Label]</label>
</control>
</itemlayout>
<focusedlayout width="220" height="50">
<control type="image">
<posx>0</posx>
<posy>5</posy>
<width>150</width>
<height>35</height>
<bordertexture colordiffuse="gray">white.png</bordertexture>
<bordersize>2</bordersize>
<texture colordiffuse="black">white.png</texture>
</control>
<control type="label">
<visible>!control.hasfocus(139)</visible>
<posx>0</posx>
<posy>0</posy>
<width>150</width>
<height>50</height>
<align>center</align>
<label>$INFO[ListItem.Label]</label>
</control>
<control type="label">
<visible>control.hasfocus(139)</visible>
<posx>0</posx>
<posy>0</posy>
<width>150</width>
<height>50</height>
<align>center</align>
<textcolor>yellow</textcolor>
<label>[B]$INFO[ListItem.Label][/B]</label>
</control>
</focusedlayout>
<content>
<item id="5">
<label>עונה $INFO[Container($PARAM[sessionfivecontentid]).ListItem.Season]</label>
<onclick>Control.SetFocus(4448)</onclick>
</item>
</content>
</control>
<control type="button" id="4448">
<posx>0</posx>
<posy>0</posy>
<width>1</width>
<height>1</height>
<label>-</label>
<onfocus>Control.SetFocus($PARAM[sessionfivecontentid])</onfocus>
</control>
<control type="list" id="$PARAM[sessionfivecontentid]">
<animation condition="Control.HasFocus($PARAM[sessionfivecontentid])" effect="slide" start="0,0" end="0,260" time="550" tween="sine" easing="inout">Conditional</animation>
<visible allowhiddenfocus="true">Control.HasFocus($PARAM[sessionfivecontentid])</visible>
<posx>0</posx>
<posy>650</posy>
<width>1920</width>
<height>50</height>
<onback>136</onback>
<ondown>136</ondown>
<orientation>horizontal</orientation>
<scrolltime tween="sine" easing="inout">350</scrolltime>
<itemlayout width="280" height="40">
<control type="label">
<posx>0</posx>
<posy>0</posy>
<width>250</width>
<height>50</height>
<label>$INFO[ListItem.Label]</label>
<align>center</align>
<textcolor>white</textcolor>
<shadowcolor>black</shadowcolor>
</control>
</itemlayout>
<focusedlayout width="280" height="40">
<control type="image">
<visible>Control.HasFocus($PARAM[sessionfivecontentid])</visible>
<animation condition="Control.HasFocus($PARAM[sessionfivecontentid])" effect="fade" start="100" end="60" time="250">Conditional</animation>
<posx>0</posx>
<posy>0</posy>
<width>250</width>
<height>50</height>
<texture colordiffuse="deepskyblue" border="40">special://skin/extras/common/roundedbutton-focus.png</texture>
</control>
<control type="label">
<posx>0</posx>
<posy>0</posy>
<width>250</width>
<height>50</height>
<label>$INFO[ListItem.Label]</label>
<align>center</align>
<textcolor>white</textcolor>
<shadowcolor>black</shadowcolor>
</control>
</focusedlayout>
<content>$PARAM[sessionfivecontent]</content>
</control>
</control>
</definition>
</include>


</includes>

