<?xml version="1.0" encoding="utf-8"?>
<window>
	<!-- settingscategory -->
	<onload condition="IsEmpty(Window(settings).Property(ChangeSettingsLevel))">SetFocus(3)</onload>
	<onload condition="!IsEmpty(Window(settings).Property(ChangeSettingsLevel))">SetFocus(20)</onload>
	<onload condition="!IsEmpty(Window(settings).Property(ChangeSettingsLevel))">ClearProperty(ChangeSettingsLevel)</onload>
	<onload condition="Window.Previous(skinsettings)">Left</onload>
	<backgroundcolor>ffdadad7</backgroundcolor>

	<controls>

		<control type="image">
			<posx>1630</posx>
			<posy>80</posy>
			<width>290</width>
			<height>1000</height>
			<texture background="true">main/main_menu.png</texture>
		</control>
		<!-- Dummy list -->
		<control type="grouplist" id="9000">
			<posx>1631</posx>
			<posy>118</posy>
			<width>290</width>
			<height>880</height>
			<itemgap>0</itemgap>
			<orientation>vertical</orientation>
			<!-- Appearance -->
			<control type="button">
				<width>300</width>
				<height>57</height>
				<label>14207</label>
				<font>menu</font>
				<textcolor>$VAR[main_color]</textcolor>
				<texturenofocus>main/main_focus.png</texturenofocus>
				<include>button_settings</include>
				<visible>Window.IsActive(InterfaceSettings) + IsEmpty(Window(settings).Property(ChangeSettingsLevel))</visible>
			</control>
			<control type="button">
				<width>300</width>
				<height>57</height>
				<label>14207</label>
				<font>menu</font>
				<include>button_settings</include>
				<onclick>ActivateWindow(InterfaceSettings )</onclick>
				<visible>!Window.IsActive(InterfaceSettings) | !IsEmpty(Window(settings).Property(ChangeSettingsLevel))</visible>
			</control>
			<!-- PlayerSettings -->
			<control type="button">
				<width>300</width>
				<height>57</height>
				<label>14201</label>
				<font>menu</font>
				<textcolor>$VAR[main_color]</textcolor>
				<texturenofocus>main/main_focus.png</texturenofocus>
				<include>button_settings</include>
				<visible>Window.IsActive(PlayerSettings)</visible>
			</control>
			<control type="button">
				<width>300</width>
				<height>57</height>
				<label>14201</label>
				<font>menu</font>
				<include>button_settings</include>
				<onclick>ActivateWindow(settings)</onclick>
				<onclick>ActivateWindow(PlayerSettings)</onclick>
				<visible>!Window.IsActive(PlayerSettings)</visible>
			</control>
			<!-- MediaSettings -->
			<control type="button">
				<width>300</width>
				<height>57</height>
				<label>14212</label>
				<font>menu</font>
				<textcolor>$VAR[main_color]</textcolor>
				<texturenofocus>main/main_focus.png</texturenofocus>
				<include>button_settings</include>
				<visible>Window.IsActive(MediaSettings)</visible>
			</control>
			<control type="button">
				<width>300</width>
				<height>57</height>
				<label>14212</label>
				<font>menu</font>
				<include>button_settings</include>
				<onclick>ActivateWindow(settings)</onclick>
				<onclick>ActivateWindow(MediaSettings)</onclick>
				<visible>!Window.IsActive(MediaSettings)</visible>
			</control>
			<!-- System -->
			<control type="button">
				<width>300</width>
				<height>57</height>
				<label>13000</label>
				<font>menu</font>
				<textcolor>$VAR[main_color]</textcolor>
				<texturenofocus>main/main_focus.png</texturenofocus>
				<include>button_settings</include>
				<visible>Window.IsActive(systemsettings)</visible>
			</control>
			<control type="button">
				<width>300</width>
				<height>57</height>
				<label>13000</label>
				<font>menu</font>
				<include>button_settings</include>
				<onclick>ActivateWindow(settings)</onclick>
				<onclick>ActivateWindow(systemsettings)</onclick>
				<visible>!Window.IsActive(systemsettings)</visible>
			</control>
			<!-- Service -->
			<control type="button">
				<width>300</width>
				<height>57</height>
				<label>14036</label>
				<font>menu</font>
				<textcolor>$VAR[main_color]</textcolor>
				<texturenofocus>main/main_focus.png</texturenofocus>
				<include>button_settings</include>
				<visible>Window.IsActive(servicesettings)</visible>
			</control>
			<control type="button">
				<width>300</width>
				<height>57</height>
				<label>14036</label>
				<font>menu</font>
				<include>button_settings</include>
				<onclick>ActivateWindow(settings)</onclick>
				<onclick>ActivateWindow(servicesettings)</onclick>
				<visible>!Window.IsActive(servicesettings)</visible>
			</control>
			<!-- PVR -->
			<control type="button">
				<width>300</width>
				<height>57</height>
				<label>19191</label>
				<font>menu</font>
				<textcolor>$VAR[main_color]</textcolor>
				<texturenofocus>main/main_focus.png</texturenofocus>
				<include>button_settings</include>
				<visible>Window.IsActive(pvrsettings)</visible>
			</control>
			<control type="button">
				<width>300</width>
				<height>57</height>
				<label>19191</label>
				<font>menu</font>
				<include>button_settings</include>
				<onclick>ActivateWindow(settings)</onclick>
				<onclick>ActivateWindow(pvrsettings)</onclick>
				<visible>!Window.IsActive(pvrsettings)</visible>
			</control>
			<!-- System info -->
			<control type="button">
				<width>300</width>
				<height>57</height>
				<label>130</label>
				<font>menu</font>
				<textcolor>$VAR[main_color]</textcolor>
				<texturenofocus>main/main_focus.png</texturenofocus>
				<include>button_settings</include>
				<visible>Window.IsActive(systeminfo)</visible>
			</control>
			<!-- Seperator -->
			<control type="image">
				<width>290</width>
				<height>2</height>
				<texture background="true">white.png</texture>
				<animation effect="fade" end="95" time="0" condition="true">Conditional</animation>
			</control>
			<!-- System Info -->
			<control type="button">
				<width>300</width>
				<height>57</height>
				<label>130</label>
				<font>menu</font>
				<include>button_settings</include>
				<onclick>ActivateWindow(systeminfo)</onclick>
				<visible>!Window.IsActive(systeminfo)</visible>
			</control>
			<!-- Event Log -->
			<control type="button">
				<width>300</width>
				<height>57</height>
				<label>14111</label>
				<font>menu</font>
				<include>button_settings</include>
				<onclick>ActivateWindow(eventlog)</onclick>
				<visible>!Window.IsActive(eventlog)</visible>
			</control>
			<!-- Addons -->
			<control type="button">
				<width>300</width>
				<height>57</height>
				<label>24001</label>
				<font>menu</font>
				<include>button_settings</include>
				<onclick>ActivateWindow(addonbrowser)</onclick>
			</control>
			<!-- Profiles -->
			<control type="button">
				<width>300</width>
				<height>57</height>
				<label>13200</label>
				<font>menu</font>
				<include>button_settings</include>
				<onclick>ActivateWindow(profiles)</onclick>
			</control>
			<!-- File Manager -->
			<control type="button">
				<width>300</width>
				<height>57</height>
				<label>7</label>
				<font>menu</font>
				<include>button_settings</include>
				<onclick>ActivateWindow(filemanager)</onclick>
			</control>
			<!-- Level of settings -->
			<control type="button">
				<width>300</width>
				<height>57</height>
				<label>$LOCALIZE[31001]</label>
				<font>menu</font>
				<include>button_settings</include>
				<onclick>ActivateWindow(settings)</onclick>
				<onclick>SetProperty(ChangeSettingsLevel,true)</onclick>
				<onclick>ActivateWindow(InterfaceSettings)</onclick>
			</control>
			<!-- Seperator -->
			<control type="image">
				<width>290</width>
				<height>2</height>
				<texture background="true">white.png</texture>
				<animation effect="fade" end="95" time="0" condition="true">Conditional</animation>
			</control>
			<!-- Phenomenal Skin -->
			<control type="button">
				<width>300</width>
				<height>57</height>
				<label>31002</label>
				<font>menu</font>
				<textcolor>white</textcolor>
				<include>button_settings</include>
				<onclick>ActivateWindow(skinsettings)</onclick>
				<animation effect="fade" start="100" end="70" time="0" condition="!ControlGroup(9000).HasFocus">Conditional</animation>
				<visible>!Window.IsActive(skinsettings)</visible>
			</control>
			<control type="button">
				<width>300</width>
				<height>57</height>
				<label>31002</label>
				<font>menu</font>
				<textcolor>$VAR[main_color]</textcolor>
				<texturenofocus>main/main_focus.png</texturenofocus>
				<include>button_settings</include>
				<onclick>ActivateWindow(skinsettings)</onclick>
				<animation effect="fade" start="100" end="70" time="0" condition="!ControlGroup(9000).HasFocus">Conditional</animation>
				<visible>Window.IsActive(skinsettings)</visible>
			</control>
		</control>
		<control type="image">
			<posx>0</posx>
			<posy>945</posy>
			<width>1342</width>
			<height>135</height>
			<texture background="true">main/widget_title.png</texture>
			<animation effect="zoom" start="1630,945,1630,135" end="1342,945,1342,135" time="300">WindowOpen</animation>
			<animation effect="zoom" start="0,945,1630,135" end="1630,945,1630,135" time="300">WindowClose</animation>
			<visible allowhiddenfocus="true">IsEmpty(Window(settings).Property(ChangeSettingsLevel))</visible>
		</control>
		<control type="image">
			<posx>0</posx>
			<posy>945</posy>
			<width>1630</width>
			<height>135</height>
			<texture background="true">main/widget_title.png</texture>
			<visible allowhiddenfocus="true">!IsEmpty(Window(settings).Property(ChangeSettingsLevel))</visible>
		</control>
		<control type="image">
			<posx>1342</posx>
			<posy>80</posy>
			<texture background="true">main/main_menu.png</texture>
			<height>1000</height>
			<width>290</width>
			<animation effect="fade" end="100" time="0" condition="true">Conditional</animation>
			<animation effect="zoom" start="1632,80,1,1000" end="1632,80,290,1000" time="300">WindowOpen</animation>
			<animation effect="zoom" start="1632,80,290,1000" end="1632,80,1,1000" time="300">WindowClose</animation>
			<visible>IsEmpty(Window(settings).Property(ChangeSettingsLevel))</visible>
		</control>

		<include>skin_version_label</include>

		<!-- Main list List Of groups -->
		<control type="grouplist" id="3">
			<posx>1342</posx>
			<top>118</top>
			<width>290</width>
			<height>726</height>
			<itemgap>0</itemgap>
			<onleft>5</onleft>
			<onright>ActivateWindow(settings)</onright>
			<onup>3</onup>
			<ondown>3</ondown>	
			<orientation>vertical</orientation>
			<visible>IsEmpty(Window(settings).Property(ChangeSettingsLevel))</visible>
			<!-- <animation effect="zoom" start="1620,118,1,726" end="1620,118,290,726" time="300">WindowOpen</animation>
			<animation effect="zoom" start="1620,118,290,726" end="1620,118,1,726" time="300">WindowClose</animation> -->
			<animation effect="zoom" start="1632,80,1,726" end="1632,80,290,726" time="300">WindowOpen</animation>
			<animation effect="zoom" start="1632,80,290,726" end="1632,80,1,726" time="300">WindowClose</animation>
		</control>



		<!-- Sub list -->
		<control type="image">
			<posx>0</posx>
			<posy>80</posy>
			<width>1342</width>
			<height>865</height>
			<texture background="true">dialogs/grey1.png</texture>
			<animation effect="fade" start="100" end="100" time="0" condition="ControlGroup(5).HasFocus">Conditional</animation>
			<visible>ControlGroup(5).HasFocus | !Control.IsVisible(626)</visible>
		</control>
		<control type="image">
			<posx>550</posx>
			<posy>200</posy>
			<width>512</width>
			<height>512</height>
			<texture background="true">settings.png</texture>
			<animation effect="fade" start="100" end="0" time="300">Hidden</animation>
			<visible>!ControlGroup(5).HasFocus + !Control.IsVisible(626)</visible>
			<visible>False</visible>
		</control>
		<control type="button" id="626">
			<posx>0</posx>
			<posy>80</posy>
			<width>1340</width>
			<height>1000</height>
			<label>-</label>
			<texturefocus>-</texturefocus>
			<texturenofocus>-</texturenofocus>
			<visible>!ControlGroup(5).HasFocus</visible>
		</control>
		<control type="grouplist" id="5">
			<posx>40</posx>
			<top>117</top>
			<width>1250</width>
			<height>830</height>
			<itemgap>15</itemgap>
			<onleft>998</onleft>
			<onright>3</onright>
			<onup>5</onup>
			<ondown>5</ondown>
			<orientation>vertical</orientation>
			<visible>IsEmpty(Window(settings).Property(ChangeSettingsLevel))</visible>
			<!-- <animation effect="slide" start="-1300" end="0" time="300">Focus</animation>
			<animation effect="slide" start="0" end="-1300" time="300">UnFocus</animation>
			<animation effect="fade" start="100" end="0" time="500" condition="!ControlGroup(5).HasFocus + !Control.IsVisible(626)">Conditional</animation> -->
		</control>

		<!-- Settings level button -->
		<control type="button" id="20">
			<left>550</left>
			<top>800</top>
			<width>512</width>
			<height>42</height>
			<font>font-20</font>
			<label>-</label>
			<align>center</align>
			<include>button_settings</include>
			<onleft>noop</onleft>
			<onright>ReplaceWindow(settings)</onright>
			<onup>noop</onup>
			<ondown>noop</ondown>
			<onclick>SettingsLevelChange</onclick>
			<visible allowhiddenfocus="true">!IsEmpty(Window(settings).Property(ChangeSettingsLevel))</visible>
		</control>

		<!-- Settings description -->
		<control type="textbox" id="6">
			<posx>50</posx>
			<top>956</top>
			<width>1250</width>
			<height>118</height>
			<include>align_tag</include>
			<autoscroll>true</autoscroll>
			<textcolor>white</textcolor>
			<shadowcolor>TextColor4</shadowcolor>
			<visible>ControlGroup(5).HasFocus</visible>
		</control>
		<!-- Level Description and image -->
		<control type="textbox">
			<left>50</left>
			<top>956</top>
			<width>1250</width>
			<height>118</height>
			<align>left</align>
			<label>10047</label>
			<textcolor>white</textcolor>
			<shadowcolor>TextColor4</shadowcolor>
			<visible>!IsEmpty(Window(settings).Property(ChangeSettingsLevel))</visible>
		</control>
		<control type="button" id="627">
			<posx>0</posx>
			<posy>80</posy>
			<width>1340</width>
			<height>680</height>
			<label>-</label>
			<texturefocus colordiffuse="ffdadad7">white.png</texturefocus>
			<texturenofocus colordiffuse="ffdadad7">white.png</texturenofocus>
			<visible>!IsEmpty(Window(settings).Property(ChangeSettingsLevel))</visible>
		</control>
		<control type="image">
			<posx>550</posx>
			<posy>200</posy>
			<width>512</width>
			<height>512</height>
			<texture background="true">settings.png</texture>
			<visible>!IsEmpty(Window(settings).Property(ChangeSettingsLevel))</visible>
		</control>

		<control type="label">
			<posx>900</posx>
			<posy>750</posy>
			<width>250</width>
			<align>right</align>
			<font>font-22</font>
			<label>31100</label>
			<textcolor>darkgrey</textcolor>
			<visible>!IsEmpty(Window(settings).Property(ChangeSettingsLevel))</visible>
		</control>

		<!-- default group button -->
		<control type="button" id="10">
			<width>290</width>
			<height>57</height>
			<font>menu</font>
			<include>align_tag</include>
			<onclick>SetFocus(5)</onclick>
			<focusedcolor>$VAR[main_color]</focusedcolor>
			<textoffsetx>19</textoffsetx>
			<include>button_settings</include>
		</control>

		<!-- default button -->
		<control type="button" id="7">
			<width>970</width>
			<height>42</height>
			<font>font-22</font>
			<align>left</align>
			<textwidth>900</textwidth>
			<textoffsetx>30</textoffsetx>
			<textcolor>darkgrey</textcolor>
			<focusedcolor>grey_b</focusedcolor>
			<texturefocus>dialogs/grey2.png</texturefocus>
			<texturenofocus>dialogs/grey1.png</texturenofocus>
			<invalidcolor>grey_a</invalidcolor>
			<disabledcolor>grey_a</disabledcolor>
		</control>

		<!-- default radiobutton -->
		<control type="radiobutton" id="8">
			<width>970</width>
			<height>42</height>
			<font>font-22</font>
			<include content="radiobutton_alignment" condition="StringCompare(System.Language,Hebrew) | Skin.HasSetting(Prefer_RTL)">
				<param name="radioposx" value="1200" />
				<param name="radioposy" value="3" />
				<param name="textoffsetx" value="55" />
			</include>
			<include content="radiobutton_alignment" condition="!StringCompare(System.Language,Hebrew) + !Skin.HasSetting(Prefer_RTL)">
				<param name="radioposx" value="1170" />
				<param name="radioposy" value="0" />
				<param name="textoffsetx" value="30" />
			</include>
			<include>align_tag</include>
			<textwidth>900</textwidth>
			<textcolor>darkgrey</textcolor>
			<focusedcolor>grey_b</focusedcolor>
			<disabledcolor>grey_a</disabledcolor>
			<texturefocus>dialogs/grey2.png</texturefocus>
			<texturenofocus>dialogs/grey1.png</texturenofocus>
		</control>

		<!-- default spincontrolex -->
		<control type="spincontrolex" id="9">
			<width>970</width>
			<height>50</height>
			<label>467</label>
			<font>font-22</font>
			<textoffsetx>30</textoffsetx>
			<textwidth>900</textwidth>
			<textcolor>darkgrey</textcolor>
			<focusedcolor>grey_b</focusedcolor>
			<texturefocus>dialogs/grey2.png</texturefocus>
			<texturenofocus>dialogs/grey1.png</texturenofocus>
			<disabledcolor>grey_a</disabledcolor>

		</control>

		<!-- default sliderex -->
		<control type="sliderex" id="13">
			<width>970</width>
			<height>42</height>
			<font>font-22</font>
			<textwidth>900</textwidth>
			<textcolor>TextColor2</textcolor>
			<focusedcolor>white</focusedcolor>
			<disabledcolor>TextColor4</disabledcolor>
		</control>
		<include>top_bar_solid</include>

	</controls>

</window>