<?xml version="1.0" encoding="UTF-8"?>
<window>
	<onload condition="System.HasAddon(script.artistslideshow) + !Skin.HasSetting(ArtistSlide)">RunScript(script.artistslideshow,daemon=True)</onload>
	<onload condition="!System.HasAddon(script.skin.helper.service)">ReplaceWindow($INFO[System.StartupWindow])</onload>
	<onload condition="System.HasAddon(script.skin.helper.service) + Skin.HasSetting(Disable_Splash)">ReplaceWindow($INFO[System.StartupWindow])</onload>	
	<onload condition="System.HasAddon(script.skin.helper.service) + !Skin.HasSetting(Disable_Splash)">RunScript(script.skin.helper.service,action=splashscreen,file=$VAR[splash_path],duration=6)</onload>
	<!--<onload condition="Skin.HasSetting(recommended)">AlarmClock(activaewindow,ActivateWindow(6733),00:35,true)</onload>-->
	<!--<onload>AlarmClock(refresh,ReloadSkin(),00:45,true)</onload>-->
	<!--<onload condition="!Player.HasVideo + Skin.HasSetting(sdarotvcleanup)">AlarmClock(cleandebrid,PlayMedia(&quot;plugin://plugin.video.mando/?url=www&amp;mode=35&amp;name=ניקוי מטמון&quot;),01:00,true)</onload>-->
	<onload>AlarmClock(Focus,Control.SetFocus(9000),00:01,true)</onload>
	<controls>
		<!-- video control for splash -->
		<control type="videowindow">
			<width>100%</width>
			<height>100%</height>
		</control>
		<!-- image control for splash -->
		<control type="image">
			<width>100%</width>
			<height>100%</height>
			<aspectratio>keep</aspectratio>
			<texture background="true">$INFO[Window(Home).Property(SkinHelper.SplashScreen)]</texture>
		</control>
	</controls>
</window>
