<?xml version="1.0" encoding="UTF-8"?>
<window>
	<!-- addonbrowser -->

	<defaultcontrol always="true">50</defaultcontrol>
	<backgroundcolor>ffdadad7</backgroundcolor>
	<views>50,500</views>
	<menucontrol>9100</menucontrol>
	<controls>
		<control type="image">
			<posx>0</posx>
			<posy>945</posy>
			<width>1630</width>
			<height>135</height>
			<texture background="true">main/widget_title.png</texture>
		</control>
		<control type="textbox">
			<posx>100</posx>
			<top>956</top>
			<width>1500</width>
			<height>118</height>
			<include>align_tag</include>
			<textcolor>white</textcolor>
			<shadowcolor>TextColor4</shadowcolor>
			<autoscroll time="2000" delay="8000" repeat="5000">True</autoscroll>
			<label>$INFO[ListItem.AddonDescription]</label>
		</control>
		<!-- Image -->		
		<control type="image">		
			<posx>150</posx>		
			<top>280</top>		
			<width>480</width>		
			<height>480</height>		
			<texture background="true">$INFO[ListItem.Icon]</texture>		
			<aspectratio aligny="center">keep</aspectratio>		
			<visible>IsEmpty(ListItem.Art(fanart))</visible>		
		</control>		
		<!-- Fanart Image -->		
		<control type="image">		
			<posx>30</posx>		
			<top>280</top>		
			<width>700</width>		
			<height>480</height>		
			<texture background="true">$INFO[ListItem.Art(fanart)]</texture>		
			<aspectratio aligny="center">keep</aspectratio>		
			<visible>!stringcompare(ListItem.Label,..) + !IsEmpty(ListItem.Art(fanart))</visible>		
		</control>

		<control type="group">
			<posx>720</posx>
			<posy>80</posy>
			<include>dialog_zoom_animation</include>

			<control type="label" id="1">
				<description>heading label</description>
				<posx>0</posx>
				<posy>20</posy>
				<width>1200</width>
				<height>45</height>
				<align>center</align>
				<aligny>center</aligny>
				<font>font-30</font>
				<label>-</label>
				<textcolor>white</textcolor>
			</control>
			<control type="label">
				<left>22</left>
				<top>90</top>
				<width>830</width>
				<height>52</height>
				<font>font-20</font>
				<include>align_tag</include>
				<aligny>center</aligny>
				<scroll>false</scroll>
				<textcolor>darkgrey</textcolor>

				<label>$INFO[Container(500).NumItems] $LOCALIZE[31099] ($LOCALIZE[31132] $INFO[Container(500).CurrentPage]/$INFO[Container(500).NumPages])</label>
				<visible>Control.IsVisible(500)</visible>
			</control>

			<!-- List -->
			<control type="list" id="500">
				<posx>22</posx>
				<posy>150</posy>
				<width>855</width>
				<height>675</height>
				<onup>500</onup>
				<ondown>500</ondown>
				<onright>60</onright>
				<onleft condition="!Skin.HasSetting(KioskMode)">9100</onleft>
				<pagecontrol>60</pagecontrol>
				<orientation>vertical</orientation>
				<viewtype label="535">list</viewtype>
				<scrolltime tween="sine" easing="out">240</scrolltime>
				<visible>!IsEmpty(Container.FolderPath)</visible>

				<itemlayout width="855" height="135">
					<control type="image">
						<left>0</left>
						<top>0</top>
						<width>855</width>
						<height>125</height>
						<texture colordiffuse="black">white.png</texture>
						<animation effect="fade" start="0" end="70" time="0" condition="true">Conditional</animation>
					</control>
					<control type="image">
						<posx>5</posx>
						<posy>5</posy>
						<width>115</width>
						<height>115</height>
						<texture background="true" fallback="defaultaddon.png">$INFO[ListItem.Icon]</texture>
					</control>
					<control type="label">
						<posx>133</posx>
						<posy>7</posy>
						<width>700</width>
						<height>45</height>
						<font>font-20</font>
						<include>align_tag</include>
						<aligny>center</aligny>
						<selectedcolor>$VAR[main_color]</selectedcolor>
						<label>$INFO[ListItem.Label]</label>
					</control>
					<control type="textbox">
						<posx>163</posx>
						<posy>60</posy>
						<width>630</width>
						<height>45</height>
						<font>font-20</font>
						<include>align_tag</include>
						<aligny>center</aligny>
						<selectedcolor>$VAR[main_color]</selectedcolor>
						<label>$INFO[ListItem.Label2,,  • ]$INFO[ListItem.AddonVersion]$INFO[ListItem.AddonCreator,  • ,]</label>
					</control>
					<control type="group">
						<posx>130</posx>
						<posy>75</posy>
						<animation effect="slide" end="670" time="0" condition="StringCompare(System.Language,Hebrew) | Skin.HasSetting(Prefer_RTL)">Conditional</animation>
						<include>addon_status</include>
						<visible>!IsEmpty(ListItem.AddonVersion)</visible>
					</control>

				</itemlayout>

				<focusedlayout width="855" height="135">
					<control type="image">
						<left>0</left>
						<top>0</top>
						<width>855</width>
						<height>125</height>
						<texture colordiffuse="$VAR[main_color]">white.png</texture>
						<animation effect="fade" start="100" end="50" time="200" condition="!Control.HasFocus(500)">Conditional</animation>
					</control>
					<control type="image">
						<posx>5</posx>
						<posy>5</posy>
						<width>115</width>
						<height>115</height>
						<texture background="true" fallback="defaultaddon.png">$INFO[ListItem.Icon]</texture>
					</control>
					<control type="label">
						<posx>133</posx>
						<posy>7</posy>
						<width>700</width>
						<height>45</height>
						<font>font-20</font>
						<include>align_tag</include>
						<aligny>center</aligny>
						<textcolor>white</textcolor>
						<selectedcolor>white</selectedcolor>
						<label>$INFO[ListItem.Label]</label>
					</control>
					<control type="textbox">
						<posx>163</posx>
						<posy>60</posy>
						<width>630</width>
						<height>45</height>
						<font>font-20</font>
						<include>align_tag</include>
						<aligny>center</aligny>
						<textcolor>white</textcolor>
						<selectedcolor>white</selectedcolor>
						<label>$INFO[ListItem.Label2,,  • ]$INFO[ListItem.AddonVersion]$INFO[ListItem.AddonCreator,  • ,]</label>
					</control>
					<control type="group">
						<posx>130</posx>
						<posy>75</posy>
						<animation effect="slide" end="670" time="0" condition="StringCompare(System.Language,Hebrew) | Skin.HasSetting(Prefer_RTL)">Conditional</animation>
						<include>addon_status</include>
						<visible>!IsEmpty(ListItem.AddonVersion)</visible>
					</control>
					<!-- <include>addonbrowser_label2_focus</include> -->
				</focusedlayout>

			</control>

			<!-- Scrollbar (list) -->
			<control type="scrollbar" id="60">
				<posx>885</posx>
				<posy>150</posy>
				<width>10</width>
				<height>665</height>
				<onleft>500</onleft>
				<onright>ReplaceWindow(settings)</onright>
				<showonepage>false</showonepage>
				<orientation>vertical</orientation>
				<include>scroll_bar</include>
				<visible>Control.IsVisible(500)</visible>
			</control>

			<!-- default list -->
			<control type="list" id="50">
				<posx>22</posx>
				<posy>200</posy>
				<width>855</width>
				<height>675</height>
				<onleft>9100</onleft>
				<onright>ReplaceWindow(settings)</onright>
				<onup>50</onup>
				<ondown>50</ondown>
				<orientation>vertical</orientation>
				<viewtype label="535">list</viewtype>
				<animation effect="fade" start="100" end="0" time="200" condition="!Control.IsVisible(50)">Conditional</animation>
				<visible>IsEmpty(Container.FolderPath)</visible>

				<itemlayout height="67">
					<control type="label">
						<posx>15</posx>
						<posy>0</posy>
						<width>830</width>
						<height>45</height>
						<font>font-20</font>
						<include>align_tag</include>
						<aligny>center</aligny>
						<textcolor>darkgrey</textcolor>
						<selectedcolor>$VAR[main_color]</selectedcolor>
						<label>$INFO[ListItem.Label]</label>
					</control>
				</itemlayout>
				<focusedlayout height="67">
					<control type="image">
						<posx>0</posx>
						<posy>0</posy>
						<width>855</width>
						<height>60</height>
						<texture colordiffuse="$VAR[main_color]" background="true">white.png</texture>
						<animation effect="fade" start="100" end="50" time="200" condition="!Control.HasFocus(50)">Conditional</animation>
					</control>
					<control type="label">
						<posx>15</posx>
						<posy>0</posy>
						<width>830</width>
						<height>45</height>
						<font>font-20</font>
						<include>align_tag</include>
						<aligny>center</aligny>
						<textcolor>white</textcolor>
						<selectedcolor>white</selectedcolor>
						<label>$INFO[ListItem.Label]</label>
					</control>
				</focusedlayout>
			</control>


		</control>




		<control type="group">
			<!-- side menu tab -->
			<control type="group">
				<posy>300</posy>
				<control type="image">
					<posx>-15</posx>
					<posy>0</posy>
					<width>60</width>
					<height>100</height>
					<texture colordiffuse="grey_50">main/side_tab.png</texture>
					<animation effect="slide" end="360" tween="cubic" easing="out" time="200" condition="ControlGroup(9100).HasFocus | Control.HasFocus(9101) | ControlGroup(8000).HasFocus">Conditional</animation>
				</control>
				<control type="image">
					<posx>2</posx>
					<posy>38</posy>
					<width>24</width>
					<height>24</height>
					<texture>main/settings.png</texture>
					<animation effect="slide" end="360" tween="cubic" easing="out" time="200" condition="ControlGroup(9100).HasFocus | Control.HasFocus(9101) | ControlGroup(8000).HasFocus">Conditional</animation>
				</control>
			</control>
			<control type="button" id="9101">
				<posx>-350</posx>
				<posy>100</posy>
				<width>370</width>
				<height>540</height>
				<textcolor>grey_b</textcolor>
				<focusedcolor>white</focusedcolor>
				<texturenofocus>-</texturenofocus>
				<texturefocus>-</texturefocus>
				<onclick>SetFocus(9100)</onclick>
				<include content="myvideonav_toolbar_animation"><param name="end" value="350" /></include>
			</control>

			<control type="group"> 
				<visible>IntegerGreaterThan(Container.NumItems,-1) | !Container.IsUpdating</visible>
				<include content="myvideonav_toolbar_animation"><param name="end" value="370" /></include>
				<posy>100</posy>
				<include content="dialog_view_options"></include>
				<control type="grouplist" id="9100">
					<include>sidebar_list_size</include>
					<onleft>50</onleft>
					<onright>50</onright>
					<onup>9100</onup>
					<ondown>9100</ondown>
					<onback>50</onback>
					<itemgap>0</itemgap>
					<usecontrolcoords>true</usecontrolcoords>
					<orientation>vertical</orientation>
					<visible>!Skin.HasSetting(KioskMode)</visible>
					<usecontrolcoords>true</usecontrolcoords>
					<control type="button" id="3">
						<description>Sort by button</description>
						<label>103</label>
						<include>view_settings_radiobutton</include>
					</control>
					<control type="togglebutton" id="4">
						<description>Sort asc</description>
						<align>center</align>
						<alttexturefocus colordiffuse="$VAR[main_color]">white.png</alttexturefocus>
						<alttexturenofocus>-</alttexturenofocus>
						<disabledcolor>grey</disabledcolor>
						<label>$LOCALIZE[21429]: $LOCALIZE[584]</label>
						<altlabel>$LOCALIZE[21429]: $LOCALIZE[585]</altlabel>
						<include>view_settings_radiobutton</include>
					</control>
					<!-- Filter -->
					<control type="button" id="19">
						<description>Filter</description>
						<label>587</label>
						<include>view_settings_radiobutton</include>
						<visible>Container.CanFilter + !Container.CanFilterAdvanced</visible>
					</control>

					<control type="button" id="5">
						<description>Enable auto-updates</description>
						<label>24063</label>
						<include>view_settings_radiobutton</include>
					</control>
					<control type="radiobutton" id="6">
						<description>No notifications</description>
						<label>25000</label>
						<include>view_settings_radiobutton</include>

					</control>
					<control type="radiobutton" id="7">
						<description>Hide foreign</description>
						<label>25001</label>
						<include>view_settings_radiobutton</include>

					</control>
					<control type="radiobutton" id="8">
						<description>Hide broken</description>
						<label>24999</label>
						<include>view_settings_radiobutton</include>

					</control>
					<control type="button" id="9">
						<description>Check for updates</description>
						<label>24034</label>
						<include>view_settings_radiobutton</include>
					</control>

					<control type="label" id="10">
						<description>Check for updates</description>
						<posx>0</posx>
						<posy>0</posy>
						<width>270</width>
						<height>45</height>
						<font>font-16</font>
						<align>center</align>
						<textcolor>grey_b</textcolor>
						<label>$INFO[Window(AddonBrowser).Property(Updated)]</label>
					</control>

				</control>
			</control>

		</control>

		<control type="image">
			<posx>1630</posx>
			<posy>80</posy>
			<width>290</width>
			<height>1000</height>
			<texture background="true">main/main_menu.png</texture>
			<animation effect="fade" end="100" time="0" condition="true">Conditional</animation>
		</control>
		<include>skin_version_label</include>
		<control type="group">
			<!-- Dummy list -->
			<control type="grouplist" id="9000">

				<posx>1631</posx>
				<posy>118</posy>
				<width>290</width>
				<height>880</height>
				<itemgap>0</itemgap>
				<orientation>vertical</orientation>
				<!-- Appearance -->
				<control type="button">
					<width>300</width>
					<height>57</height>
					<label>14207</label>
					<font>menu</font>
					<textcolor>$VAR[main_color]</textcolor>
					<texturenofocus>main/main_focus.png</texturenofocus>
					<include>button_settings</include>
					<visible>Window.IsActive(InterfaceSettings) + IsEmpty(Window(settings).Property(ChangeSettingsLevel))</visible>
				</control>
				<control type="button">
					<width>300</width>
					<height>57</height>
					<label>14207</label>
					<font>menu</font>
					<include>button_settings</include>
					<onclick>ActivateWindow(InterfaceSettings )</onclick>
					<visible>!Window.IsActive(InterfaceSettings) | !IsEmpty(Window(settings).Property(ChangeSettingsLevel))</visible>
				</control>
				<!-- PlayerSettings -->
				<control type="button">
					<width>300</width>
					<height>57</height>
					<label>14201</label>
					<font>menu</font>
					<textcolor>$VAR[main_color]</textcolor>
					<texturenofocus>main/main_focus.png</texturenofocus>
					<include>button_settings</include>
					<visible>Window.IsActive(PlayerSettings)</visible>
				</control>
				<control type="button">
					<width>300</width>
					<height>57</height>
					<label>14201</label>
					<font>menu</font>
					<include>button_settings</include>
					<onclick>ActivateWindow(settings)</onclick>
					<onclick>ActivateWindow(PlayerSettings)</onclick>
					<visible>!Window.IsActive(PlayerSettings)</visible>
				</control>
				<!-- MediaSettings -->
				<control type="button">
					<width>300</width>
					<height>57</height>
					<label>14212</label>
					<font>menu</font>
					<textcolor>$VAR[main_color]</textcolor>
					<texturenofocus>main/main_focus.png</texturenofocus>
					<include>button_settings</include>
					<visible>Window.IsActive(MediaSettings)</visible>
				</control>
				<control type="button">
					<width>300</width>
					<height>57</height>
					<label>14212</label>
					<font>menu</font>
					<include>button_settings</include>
					<onclick>ActivateWindow(settings)</onclick>
					<onclick>ActivateWindow(MediaSettings)</onclick>
					<visible>!Window.IsActive(MediaSettings)</visible>
				</control>
				<!-- System -->
				<control type="button">
					<width>300</width>
					<height>57</height>
					<label>13000</label>
					<font>menu</font>
					<textcolor>$VAR[main_color]</textcolor>
					<texturenofocus>main/main_focus.png</texturenofocus>
					<include>button_settings</include>
					<visible>Window.IsActive(systemsettings)</visible>
				</control>
				<control type="button">
					<width>300</width>
					<height>57</height>
					<label>13000</label>
					<font>menu</font>
					<include>button_settings</include>
					<onclick>ActivateWindow(systemsettings)</onclick>
					<visible>!Window.IsActive(systemsettings)</visible>
				</control>
				<!-- Service -->
				<control type="button">
					<width>300</width>
					<height>57</height>
					<label>14036</label>
					<font>menu</font>
					<textcolor>$VAR[main_color]</textcolor>
					<texturenofocus>main/main_focus.png</texturenofocus>
					<include>button_settings</include>
					<visible>Window.IsActive(servicesettings)</visible>
				</control>
				<control type="button">
					<width>300</width>
					<height>57</height>
					<label>14036</label>
					<font>menu</font>
					<include>button_settings</include>
					<onclick>ActivateWindow(servicesettings)</onclick>
					<visible>!Window.IsActive(servicesettings)</visible>
				</control>
				<!-- PVR -->
				<control type="button">
					<width>300</width>
					<height>57</height>
					<label>19191</label>
					<font>menu</font>
					<textcolor>$VAR[main_color]</textcolor>
					<texturenofocus>main/main_focus.png</texturenofocus>
					<include>button_settings</include>
					<visible>Window.IsActive(pvrsettings)</visible>
				</control>
				<control type="button">
					<width>300</width>
					<height>57</height>
					<label>19191</label>
					<font>menu</font>
					<include>button_settings</include>
					<onclick>ActivateWindow(pvrsettings)</onclick>
					<visible>!Window.IsActive(pvrsettings)</visible>
				</control>
				<!-- Seperator -->
				<control type="image">
					<width>290</width>
					<height>2</height>
					<texture background="true">white.png</texture>
					<animation effect="fade" end="95" time="0" condition="true">Conditional</animation>
				</control>
				<!-- System info -->
				<control type="button">
					<width>300</width>
					<height>57</height>
					<label>130</label>
					<font>menu</font>
					<textcolor>$VAR[main_color]</textcolor>
					<texturenofocus>main/main_focus.png</texturenofocus>
					<include>button_settings</include>
					<visible>Window.IsActive(systeminfo)</visible>
				</control>
				<!-- System Info -->
				<control type="button">
					<width>300</width>
					<height>57</height>
					<label>130</label>
					<font>menu</font>
					<include>button_settings</include>
					<onclick>ActivateWindow(systeminfo)</onclick>
					<visible>!Window.IsActive(systeminfo)</visible>
				</control>
				<!-- Event Log -->
				<control type="button">
					<width>300</width>
					<height>57</height>
					<label>14111</label>
					<font>menu</font>
					<include>button_settings</include>
					<onclick>ActivateWindow(eventlog)</onclick>
					<visible>!Window.IsActive(eventlog)</visible>
				</control>
				<!-- Addons -->
				<control type="button">
					<width>300</width>
					<height>57</height>
					<label>24001</label>
					<font>menu</font>
					<textcolor>$VAR[main_color]</textcolor>
					<texturenofocus>main/main_focus.png</texturenofocus>
					<include>button_settings</include>
					<onclick>ActivateWindow(addonbrowser)</onclick>
				</control>
				<!-- Profiles -->
				<control type="button">
					<width>300</width>
					<height>57</height>
					<label>13200</label>
					<font>menu</font>
					<include>button_settings</include>
					<onclick>ActivateWindow(profiles)</onclick>
				</control>
				<!-- File Manager -->
				<control type="button">
					<width>300</width>
					<height>57</height>
					<label>7</label>
					<font>menu</font>
					<include>button_settings</include>
					<onclick>ActivateWindow(filemanager)</onclick>
				</control>
				<!-- Level of settings -->
				<control type="button">
					<width>300</width>
					<height>57</height>
					<label>$LOCALIZE[31001]</label>
					<font>menu</font>
					<include>button_settings</include>
					<onclick>ActivateWindow(settings)</onclick>
					<onclick>SetProperty(ChangeSettingsLevel,true)</onclick>
					<onclick>ActivateWindow(InterfaceSettings)</onclick>
				</control>
				<!-- Seperator -->
				<control type="image">
					<width>290</width>
					<height>2</height>
					<texture background="true">white.png</texture>
					<animation effect="fade" end="95" time="0" condition="true">Conditional</animation>
				</control>
				<!-- Phenomenal Skin -->
				<control type="button">
					<width>300</width>
					<height>57</height>
					<label>31002</label>
					<font>menu</font>
					<textcolor>white</textcolor>
					<include>button_settings</include>
					<onclick>ActivateWindow(skinsettings)</onclick>
					<animation effect="fade" start="100" end="70" time="0" condition="!ControlGroup(9000).HasFocus">Conditional</animation>
				</control>
			</control>



		</control>

	<include content="onlyvideomainscreen">
	<param name="videoposx" value="970"/>
	<param name="videoposy" value="725"/>
	</include>

		<include>top_bar_solid</include>
	</controls>

</window>