<?xml version="1.0" encoding="UTF-8"?>
<window type="dialog" id="7028">
	<defaultcontrol always="true">1256</defaultcontrol>

<controls>




<control type="group">
		<animation type="WindowOpen">
		<effect type="slide" start="0,0" end="-1000,0" time="450" tween="sine" easing="inout"/>
		</animation>
		<animation type="WindowClose">
		<effect type="slide" start="-1000,0" end="0,0" time="450" tween="sine" easing="inout"/>
		</animation>
		<control type="image">
		<posx>2414</posx>
		<posy>362</posy>
		<width>515</width>
		<height>365</height>
		<bordertexture colordiffuse="$VAR[MainInfoTextBorder]">white.png</bordertexture>
		<bordersize>1</bordersize>
		<texture colordiffuse="black">white.png</texture>
		</control>
		</control>

<control type="group">
		<animation type="WindowOpen">
		<effect type="slide" start="0,0" end="0,1400" time="550" tween="sine" easing="inout"/>
		</animation>
		<animation type="WindowClose">
		<effect type="slide" start="0,1400" end="0,0" time="550" tween="sine" easing="inout"/>
		</animation>
			<control type="image">
			<posx>510</posx>
			<posy>-1038</posy>
			<width>905</width>
			<height>365</height>
			<bordertexture colordiffuse="$VAR[MainInfoTextBorder]">white.png</bordertexture>
			<bordersize>1</bordersize>
			<texture colordiffuse="black">white.png</texture>
			</control>
		</control>


<control type="group">
		<animation type="WindowOpen">
		<effect type="slide" start="0,0" end="1000,0" time="450" tween="sine" easing="inout"/>
		</animation>
		<animation type="WindowClose">
		<effect type="slide" start="1000,0" end="0,0" time="450" tween="sine" easing="inout"/>
		</animation>
		<control type="image">
		<posx>-1005</posx>
		<posy>362</posy>
		<width>515</width>
		<height>365</height>
		<bordertexture colordiffuse="$VAR[MainInfoTextBorder]">white.png</bordertexture>
		<bordersize>1</bordersize>
		<texture colordiffuse="black">white.png</texture>
		</control>
		</control>


<include content="widgetmoviesextras">
<param name="id" value="500"/>
<param name="itemnumber" value="21"/>
<param name="content" value="plugin://plugin.video.idanplus/?iconimage=https%253A%252F%252Fimg.mako.co.il%252F2020%252F10%252F20%252FI%252520txt-v2.jpg&amp;mode=3&amp;module=keshet&amp;moredata=894b9e66738b3210VgnVCM100000290c10acRCRD&amp;name=%5bCOLOR%20burlywood%5d%5bB%5d%d7%94%d7%9e%d7%94%d7%93%d7%95%d7%a8%d7%94%20%d7%94%d7%9e%d7%a8%d7%9b%d7%96%d7%99%d7%aa%5b%2fB%5d%5b%2fCOLOR%5d&amp;url=https%253A%252F%252Fwww.mako.co.il%252Fmako-vod-channel2-news%252Fmain-newscast&quot"/>
</include>
<include content="widgetmoviesextras">
<param name="id" value="501"/>
<param name="itemnumber" value="22"/>
<param name="content" value="plugin://plugin.video.idanplus/?iconimage=C%253A%255CUsers%255Cneta%255CAppData%255CRoaming%255CKodi%255Caddons%255Cplugin.video.idanplus%255Cresources%255Cimages%255C13.png&amp;mode=6&amp;module=reshet&amp;moredata&amp;name=%5bB%5d%d7%a4%d7%a8%d7%a7%d7%99%d7%9d%20%d7%90%d7%97%d7%a8%d7%95%d7%a0%d7%99%d7%9d%5b%2fB%5d&amp;url=582385&quot"/>
</include>
<include content="widgetmoviesextras">
<param name="id" value="502"/>
<param name="itemnumber" value="23"/>
<param name="content" value="plugin://plugin.video.idanplus/?iconimage=https%253A%252F%252Fimg.mako.co.il%252F2021%252F01%252F24%252FHaSHotrim-i.jpg&amp;mode=3&amp;module=keshet&amp;moredata=2610ed5241117710VgnVCM200000650a10acRCRD&amp;name=%5bCOLOR%20burlywood%5d%5bB%5d%d7%a2%d7%95%d7%a0%d7%94%201%5b%2fB%5d%5b%2fCOLOR%5d&amp;url=https%253A%252F%252Fwww.mako.co.il%252Fmako-vod-keshet%252Fthe_cops-s1&quot"/>
</include>




<control type="wraplist" id="1256">
		<animation type="WindowOpen">
		<effect type="slide" start="0,0" end="-1000,0" time="450" tween="sine" easing="inout"/>
		</animation>
		<animation type="WindowClose">
		<effect type="slide" start="-1000,0" end="0,0" time="450" tween="sine" easing="inout"/>
		</animation>
<posx>2420</posx>
<posy>368</posy>
<width>540</width>
<height>50</height>
<focusposition>0</focusposition>
<ondown condition="Container(1256).HasFocus(21)">Control.SetFocus(500)</ondown>
<ondown condition="Container(1256).HasFocus(22)">Control.SetFocus(501)</ondown>
<ondown condition="Container(1256).HasFocus(23)">Control.SetFocus(502)</ondown>
<orientation>horizontal</orientation>
<scrolltime tween="sine" easing="inout">350</scrolltime>
<itemlayout width="280" height="40">
<control type="image">
<posx>0</posx>
<posy>0</posy>
<width>280</width>
<height>40</height>
<bordertexture colordiffuse="gray">white.png</bordertexture>
<bordersize>2</bordersize>
<texture colordiffuse="black">white.png</texture>
</control>
<control type="label">
<posx>0</posx>
<posy>0</posy>
<width>280</width>
<height>40</height>
<align>center</align>
<label>$INFO[ListItem.Label]</label>
</control>
</itemlayout>
<focusedlayout width="280" height="40">
<control type="image">
<posx>0</posx>
<posy>0</posy>
<width>280</width>
<height>40</height>
<bordertexture colordiffuse="gray">white.png</bordertexture>
<bordersize>2</bordersize>
<texture colordiffuse="black">white.png</texture>
</control>
<control type="image">
<animation condition="!Control.HasFocus(1256)" effect="fade" start="100" end="55" time="350">Conditional</animation>
<posx>2</posx>
<posy>3</posy>
<width>275</width>
<height>34</height>
<texture diffuse="glass.jpg" colordiffuse="$VAR[SubMenuFocusedColor]">white.png</texture>
</control>
<control type="image">
<animation effect="fade" start="0" end="100" time="450">Focus</animation>
<visible>Control.HasFocus(1256)</visible>
<posx>2</posx>
<posy>3</posy>
<width>275</width>
<height>34</height>
<texture diffuse="glass.jpg" colordiffuse="$VAR[SubMenuFocusedColor]">white.png</texture>
</control>

<control type="label">
<posx>0</posx>
<posy>0</posy>
<width>280</width>
<height>40</height>
<align>center</align>
<label>$INFO[ListItem.Label]</label>
</control>
</focusedlayout>
<content>
<item id="21">
<label>החדשות</label>
<onclick>Control.SetFocus(500)</onclick>
</item>
<item id="22">
<label>פ.אחרונים</label>
<onclick>Control.SetFocus(501)</onclick>
</item>
<item id="23">
<label>השוטרים</label>
<onclick>Control.SetFocus(502)</onclick>
</item>
</content>
</control>



</controls>
</window>
