<?xml version="1.0" encoding="UTF-8"?>
<window type="dialog" id="6023">
	<defaultcontrol always="true">1256</defaultcontrol>
	<controls>



<include content="windowwidgets">
<param name="widgetid" value="1256"/>
<param name="windownumber" value="6023"/>
<param name="sortby" value="dateadded"/>
<param name="sortorder" value="descending"/>
<param name="widgetcontent" value="plugin://plugin.video.tempest/?action=movies&amp;url=https%3a%2f%2fapi.trakt.tv%2fusers%2fme%2flists%2fmoviesextrasplus3docu%2fitems&quot"/>
</include>


		<include content="WindowminiVideoPlayer">
		<param name="minposx" value="440"/>
		<param name="miniposy" value="493"/>
		<param name="miniwidth" value="400"/>
		<param name="miniheight" value="300"/>
		<param name="windowvideposx" valeu="15"/>
		<param name="imageposx" value="-30"/>
		<param name="imageposy" value="25"/>
		<param name="imageheight" value="260"/>
		</include>

</controls>
</window>
