<?xml version="1.0" encoding="UTF-8"?>
<window type="dialog" id="6015">
	<defaultcontrol always="true">1256</defaultcontrol>
	<animation type="WindowOpen">
<effect type="slide" start="0,0" end="0,1850" time="550" tween="sine" easing="inout"/>
</animation>
<animation type="WindowClose">
<effect type="slide" start="0,1800" end="0,0" time="550" tween="sine" easing="inout"/>
</animation>
	<controls>







<control type="group">
<posx>-50</posx>
<posy>-1800</posy>
<control type="image">
<posx>400</posx>
<posy>185</posy>
<width>1200</width>
<height>650</height>
<texture>main/main_menu.png</texture>
</control>

<control type="button">
<posx>0</posx>
<posy>-1450</posy>
<width>145</width>
<height>145</height>
<texturefocus>special://skin/extras/test/closewindow.png</texturefocus>
<texturenofocus>special://skin/extras/test/closewindow.png</texturenofocus>
<onclick>Dialog.Close(6015)</onclick>
</control>

<control type="textbox">
<posx>480</posx>
<posy>200</posy>
<width>700</width>
<height>140</height>
<align>right</align>
<textcolor>white</textcolor>
<shadowcolor>black</shadowcolor>
<font>font-30</font>
<label>[B]$INFO[Container(1256).ListItem.Label][/B]</label>
</control>



<control type="group">
<posx>-330</posx>
<posy>-400</posy>
<control type="textbox">
<posx>655</posx>
<posy>780</posy>
<width>800</width>
<height>200</height>
<align>right</align>
<font>mediumTitle</font>
<label>$INFO[Container(1256).ListItem.Duration((hh:mm:ss)]דקות </label>
</control>

<control type="image">
<visible>!String.IsEmpty(Container(1256).ListItem.Duration)</visible>
<posx>1465</posx>
<posy>714</posy>
<width>45</width>
<height>45</height>
<texture colordiffuse="burlywood">special://skin/extras/test/time.png</texture>
</control>

<control type="image">
<visible>!String.IsEmpty(Container(1256).ListItem.Genre)</visible>
<posx>1465</posx>
<posy>775</posy>
<width>45</width>
<height>45</height>
<texture colordiffuse="burlywood">special://skin/extras/genre.png</texture>
</control>

<control type="label">
<posx>1460</posx>
<posy>710</posy>
<width>700</width>
<height>200</height>
<align>right</align>
<textcolor>gray</textcolor>
<scroll>true</scroll>
<label>[I]$INFO[Container(1256).ListItem.Genre][/I]</label>
</control>
</control>

<control type="textbox">
<autoscroll fade="3500" time="3500" repeat="4000"></autoscroll>
<posx>480</posx>
<posy>450</posy>
<width>700</width>
<height>140</height>
<align>right</align>
<textcolor>white</textcolor>
<shadowcolor>black</shadowcolor>
<font>smallMedium</font>
<label>$INFO[Container(1256).ListItem.Plot]</label>
</control>

<control type="wraplist" id="1256">
<posx>1195</posx>
<posy>200</posy>
<width>380</width>
<height>620</height>
<onclick>Action(info)</onclick>
<preloaditems>2</preloaditems>
<orientation>horizontal</orientation>
<scrolltime tween="sine" easing="inout">450</scrolltime>
<itemlayout width="380" height="620">
<control type="multiimage">
<posx>0</posx>
<posy>0</posy>
<width>380</width>
<height>620</height>
<fadetime>450</fadetime>
<imagepath diffuse="special://skin/extras/diffuse/poster_diffuse.png" background="true">$INFO[ListItem.Art(poster)]</imagepath>
</control>
</itemlayout>
<focusedlayout width="380" height="620">
<control type="multiimage">
<posx>0</posx>
<posy>0</posy>
<width>380</width>
<height>620</height>
<fadetime>450</fadetime>
<imagepath diffuse="special://skin/extras/diffuse/poster_diffuse.png" background="true">$INFO[ListItem.Art(poster)]</imagepath>
</control>
</focusedlayout>
<content>plugin://plugin.video.CHICCO/?cat_level=%20&amp;count=0&amp;description&amp;fanart=http%3a%2f%2fsf.co.ua%2f12%2f09%2fwallpaper-2230830.jpg&amp;iconimage=http%3a%2f%2fngarba.xyz%2fadds%2fyos%2f16.jpg&amp;index_depth=0&amp;lang=%20&amp;mode=18&amp;name=%5bB%5d%5bCOLOR%20burlywood%5d-%d7%90%d7%97%d7%a8%d7%95%d7%a0%d7%99%d7%9d%20%5b%2fCOLOR%5d%5b%2fB%5d%5bB%5d%5bCOLOR%20aqua%5d%d7%a1%d7%a8%d7%98%d7%99%d7%9d-%20%5b%2fCOLOR%5d%5b%2fB%5d&amp;page&amp;selected_list=%20&amp;url=movie&quot</content>
</control>



<control type="image">
<visible>Control.HasFocus(250) | Control.HasFocus(1256)</visible>
<visible>!Window.IsActive(DialogVideoInfo.xml)</visible>
<posx>1350</posx>
<posy>450</posy>
<width>85</width>
<height>85</height>
<texture colordiffuse="gray">special://skin/extras/test/playbutton.png</texture>
</control>


			<control type="wraplist" id="250">
				<animation effect="fade" time="450">VisibleChange</animation>
				<animation type="WindowClose">
				<effect type="fade" start="100" end="0" time="250"/>
				</animation>
				<posx>370</posx>
				<posy>580</posy>
				<width>815</width>
				<height>400</height>
				<onleft>50</onleft>
				<onright>50</onright>
				<onup>61</onup>
				<ondown>9000</ondown>
				<focusposition>2</focusposition>
				<orientation>horizontal</orientation>
				<itemlayout width="150" height="220">
					<control type="image">
						<posx>5</posx>
						<posy>17</posy>
						<width>250</width>
						<height>220</height>
						<aspectratio>keep</aspectratio>
						<texture diffuse="special://skin/extras/diffuse/poster_diffuse.png" background="true" fallback="special://skin/extras/fallbacks/NoActor.png">$INFO[ListItem.Icon]</texture>
						<bordertexture colordiffuse="grey_a">white.png</bordertexture>
						<bordersize>3</bordersize>
					</control>
				</itemlayout>
				<focusedlayout width="150" height="220">
					<control type="image">
						<posx>5</posx>
						<posy>17</posy>
						<width>250</width>
						<height>220</height>
						<aspectratio>keep</aspectratio>
						<bordertexture colordiffuse="gray">white.png</bordertexture>
						<bordersize>4</bordersize>
						<texture diffuse="special://skin/extras/diffuse/poster_diffuse.png" background="true" fallback="special://skin/extras/fallbacks/NoActor.png">$INFO[ListItem.Icon]</texture>
						<bordertexture colordiffuse="$VAR[main_color]">white.png</bordertexture>
						<bordersize>3</bordersize>
					</control>
					<control type="textbox">
					<posx>65</posx>
					<posy>170</posy>
					<width>130</width>
					<height>60</height>
					<align>center</align>
					<font>smallMedium</font>
					<textcolor>black</textcolor>
					<shadowcolor>white</shadowcolor>
					<label>$INFO[ListItem.Label]</label>
					</control>
				</focusedlayout>
				<content>plugin://script.skin.helper.service/?action=getcast&amp;movie=$INFO[Container(1256).ListItem.Title]</content>
			</control>




<include content="globalclosebuttonsmall">
<param name="dialogclose" value="Dialog.Close(6015)"/>
</include>

		<control type="group">
		<include content="miniVideoPlayer">
		<param name="minposx" value="420"/>
		<param name="miniposy" value="195"/>
		<param name="miniwidth" value="6-col"/>
		<param name="miniheight" value="243"/>
		<param name="windowvideposx" valeu="6"/>
		<param name="imageposx" value="-10"/>
		<param name="imageposy" value="0"/>
		<param name="imageheight" value="265"/>
		</include>
		</control>
</control>


<control type="button">
<posx>1525</posx>
<posy>-1615</posy>
<width>25</width>
<height>25</height>
<texturefocus colordiffuse="white">special://skin/extras/test/closewindow.png</texturefocus>
<texturenofocus colordiffuse="gray">special://skin/extras/test/closewindow.png</texturenofocus>
<onclick>Dialog.Close(6015)</onclick>
</control>

</controls>
</window>
