<?xml version="1.0" encoding="UTF-8"?>
<window type="dialog" id="6016">
	<defaultcontrol always="true">1256</defaultcontrol>
	<controls>




<include content="windowwidgets">
<param name="widgetid" value="1256"/>
<param name="windownumber" value="6016"/>
<param name="sortby" value="dateadded"/>
<param name="sortorder" value="descending"/>
<param name="widgetcontent" value="plugin://plugin.video.CHICCO/?cat_level=%20&amp;count=0&amp;description=%20&amp;fanart=http%3a%2f%2fmoridim.me%2fimages%2flarge%2f9424.jpg&amp;iconimage=http%3a%2f%2fmoridim.me%2fimages%2flarge%2f9424.jpg&amp;index_depth=0&amp;lang=eng&amp;mode=5&amp;name=%d7%a1%d7%a8%d7%98%d7%99%d7%9d%20%d7%9e%d7%93%d7%95%d7%91%d7%91%d7%99%d7%9d&amp;page&amp;selected_list=%20&amp;url=%d7%a1%d7%a8%d7%98%d7%99%d7%9d%d7%a1%d7%a8%d7%98%d7%99%d7%9d%20%d7%9e%d7%93%d7%95%d7%91%d7%91%d7%99%d7%9d&quot"/>
</include>

		<include content="WindowminiVideoPlayer">
		<param name="minposx" value="440"/>
		<param name="miniposy" value="493"/>
		<param name="miniwidth" value="400"/>
		<param name="miniheight" value="300"/>
		<param name="windowvideposx" valeu="15"/>
		<param name="imageposx" value="-30"/>
		<param name="imageposy" value="25"/>
		<param name="imageheight" value="260"/>
		</include>
</controls>
</window>
