<?xml version="1.0" encoding="UTF-8"?>
<window type="dialog" id="6017">
	<defaultcontrol always="true">1256</defaultcontrol>
	<controls>




<include content="windowwidgets">
<param name="widgetid" value="1256"/>
<param name="windownumber" value="6017"/>
<param name="widgetcontent" value="plugin://plugin.video.telemedia/?data=-1001406056035&amp;dates=%20&amp;description=%22%d7%90%d7%9c%d7%90%d7%93%d7%99%d7%9f%22%202019%0a%0a%d7%90%d7%99%d7%9b%d7%95%d7%aa%3a%201080p%20BluRay.%20%f0%9f%98%8d%0a%e2%9c%82%ef%b8%8f%20%d7%97%d7%9c%d7%a7%202%20-%20%d7%9e%d7%93%d7%95%d7%91%d7%91%20%d7%9c%d7%a2%d7%91%d7%a8%d7%99%d7%aa.%20%f0%9f%97%a3%0a%0a%e2%9a%a1%ef%b8%8f%20%40all_the_media%0afrom_plot&amp;eng_name=%20&amp;episode=%20&amp;fanart&amp;fav_status=false&amp;groups_id=0&amp;heb_name=%20&amp;iconimage&amp;id=%20&amp;image_master&amp;isr=0&amp;last_id&amp;mode=31&amp;name=%5bCOLOR%20lightblue%5d%d7%a7%d7%91%d7%95%d7%a6%d7%aa%20%d7%94%d7%91%d7%a7%d7%a9%d7%95%d7%aa%20%d7%99%d7%9c%d7%93%d7%99%d7%9d%5b%2fCOLOR%5d&amp;original_title=%20&amp;season=%20&amp;show_original_year=%20&amp;tmdbid=%20&amp;url=-1001406056035&quot"/>
</include>

</controls>
</window>
