<?xml version="1.0" encoding="UTF-8"?>
<window type="dialog" id="7029">
	<defaultcontrol always="true">1256</defaultcontrol>

<controls>




<control type="group">
		<animation type="WindowOpen">
		<effect type="slide" start="0,0" end="-1000,0" time="450" tween="sine" easing="inout"/>
		</animation>
		<animation type="WindowClose">
		<effect type="slide" start="-1000,0" end="0,0" time="450" tween="sine" easing="inout"/>
		</animation>
		<control type="image">
		<posx>2414</posx>
		<posy>362</posy>
		<width>515</width>
		<height>365</height>
		<bordertexture colordiffuse="$VAR[MainInfoTextBorder]">white.png</bordertexture>
		<bordersize>1</bordersize>
		<texture colordiffuse="black">white.png</texture>
		</control>
		</control>

<control type="group">
		<animation type="WindowOpen">
		<effect type="slide" start="0,0" end="0,1400" time="550" tween="sine" easing="inout"/>
		</animation>
		<animation type="WindowClose">
		<effect type="slide" start="0,1400" end="0,0" time="550" tween="sine" easing="inout"/>
		</animation>
			<control type="image">
			<posx>510</posx>
			<posy>-1038</posy>
			<width>905</width>
			<height>365</height>
			<bordertexture colordiffuse="$VAR[MainInfoTextBorder]">white.png</bordertexture>
			<bordersize>1</bordersize>
			<texture colordiffuse="black">white.png</texture>
			</control>
		</control>


<control type="group">
		<animation type="WindowOpen">
		<effect type="slide" start="0,0" end="1000,0" time="450" tween="sine" easing="inout"/>
		</animation>
		<animation type="WindowClose">
		<effect type="slide" start="1000,0" end="0,0" time="450" tween="sine" easing="inout"/>
		</animation>
		<control type="image">
		<posx>-1005</posx>
		<posy>362</posy>
		<width>515</width>
		<height>365</height>
		<bordertexture colordiffuse="$VAR[MainInfoTextBorder]">white.png</bordertexture>
		<bordersize>1</bordersize>
		<texture colordiffuse="black">white.png</texture>
		</control>
		</control>


<include content="widgetmoviesextras">
<param name="id" value="500"/>
<param name="itemnumber" value="21"/>
<param name="content" value="plugin://plugin.video.telemedia/?data=-1001416024163&amp;dates=%20&amp;description=https%3a%2f%2ft.me%2fkidsworldglobal%0afrom_plot&amp;eng_name=%20&amp;episode=%20&amp;fanart&amp;fav_status=false&amp;groups_id=0&amp;heb_name=%20&amp;iconimage&amp;id=%20&amp;image_master&amp;isr=0&amp;last_id&amp;mode=31&amp;name=%5bCOLOR%20khaki%5d%d7%9e%d7%9b%d7%a8%d7%94%20%d7%a1%d7%a8%d7%98%d7%99%d7%9d%5b%2fCOLOR%5d&amp;original_title=%20&amp;season=%20&amp;show_original_year=%20&amp;tmdbid=%20&amp;url=-1001416024163&quot"/>
</include>
<include content="widgetmoviesextras">
<param name="id" value="501"/>
<param name="itemnumber" value="22"/>
<param name="content" value="plugin://plugin.video.telemedia/?data=-1001402919915&amp;dates=%20&amp;description=%0afrom_plot&amp;eng_name=%20&amp;episode=%20&amp;fanart&amp;fav_status=false&amp;groups_id=0&amp;heb_name=%20&amp;iconimage&amp;id=%20&amp;image_master&amp;isr=0&amp;last_id&amp;mode=31&amp;name=%5bCOLOR%20khaki%5d%d7%9e%d7%9b%d7%a8%d7%94%20%d7%a1%d7%a8%d7%98%d7%99%d7%9d%202%5b%2fCOLOR%5d&amp;original_title=%20&amp;season=%20&amp;show_original_year=%20&amp;tmdbid=%20&amp;url=-1001402919915&quot"/>
</include>
<include content="widgetmoviesextras">
<param name="id" value="502"/>
<param name="itemnumber" value="23"/>
<param name="content" value="plugin://plugin.video.telemedia/?data=-1001332486310&amp;dates=%20&amp;description=%f0%9f%92%a2%20%d7%94%d7%a0%d7%a9%d7%a3%20-%202018%0a%0a%d7%a1%d7%a8%d7%98%20%d7%99%d7%a9%d7%a8%d7%90%d7%9c%d7%99%20%f0%9f%87%ae%f0%9f%87%b1%0a%0a%d7%aa%d7%a8%d7%92%d7%95%d7%9d%20%d7%9e%d7%95%d7%91%d7%a0%d7%94%20%f0%9f%92%ac%0a%0a%f0%9f%92%a0%20%d7%90%d7%99%d7%9b%d7%95%d7%aa%3a%20%0a720p%20%f0%9f%8c%9f%f0%9f%8c%9f%f0%9f%8c%9f%0afrom_plot&amp;eng_name=%20&amp;episode=%20&amp;fanart&amp;fav_status=false&amp;groups_id=0&amp;heb_name=%20&amp;iconimage&amp;id=%20&amp;image_master&amp;isr=0&amp;last_id&amp;mode=31&amp;name=%5bCOLOR%20khaki%5d%d7%9e%d7%9b%d7%a8%d7%94%20%d7%a1%d7%a8%d7%98%d7%99%d7%9d%203%5b%2fCOLOR%5d&amp;original_title=%20&amp;season=%20&amp;show_original_year=%20&amp;tmdbid=%20&amp;url=-1001332486310&quot"/>
</include>

<include content="widgetmoviesextras">
<param name="id" value="503"/>
<param name="itemnumber" value="24"/>
<param name="content" value="plugin://plugin.video.telemedia/?data=-1001285814211&amp;dates=%20&amp;description=%0afrom_plot&amp;eng_name=%20&amp;episode=%20&amp;fanart&amp;fav_status=false&amp;groups_id=0&amp;heb_name=%20&amp;iconimage&amp;id=%20&amp;image_master&amp;isr=0&amp;last_id&amp;mode=31&amp;name=%5bCOLOR%20khaki%5d%d7%9e%d7%9b%d7%a8%d7%94%20%d7%a1%d7%a8%d7%98%d7%99%d7%9d%204%5b%2fCOLOR%5d&amp;original_title=%20&amp;season=%20&amp;show_original_year=%20&amp;tmdbid=%20&amp;url=-1001285814211&quot"/>
</include>
<include content="widgetmoviesextras">
<param name="id" value="504"/>
<param name="itemnumber" value="25"/>
<param name="content" value="plugin://plugin.video.telemedia/?data=-1001492865648&amp;dates=%20&amp;description=%0afrom_plot&amp;eng_name=%20&amp;episode=%20&amp;fanart&amp;fav_status=false&amp;groups_id=0&amp;heb_name=%20&amp;iconimage&amp;id=%20&amp;image_master&amp;isr=0&amp;last_id&amp;mode=31&amp;name=%5bCOLOR%20khaki%5d%d7%9e%d7%9b%d7%a8%d7%94%20%d7%a1%d7%a8%d7%98%d7%99%d7%9d%205%5b%2fCOLOR%5d&amp;original_title=%20&amp;season=%20&amp;show_original_year=%20&amp;tmdbid=%20&amp;url=-1001492865648&quot"/>
</include>
<include content="widgetmoviesextras">
<param name="id" value="505"/>
<param name="itemnumber" value="26"/>
<param name="content" value="plugin://plugin.video.telemedia/?data=-1001236025638&amp;dates=%20&amp;description=%0afrom_plot&amp;eng_name=%20&amp;episode=%20&amp;fanart&amp;fav_status=false&amp;groups_id=0&amp;heb_name=%20&amp;iconimage&amp;id=%20&amp;image_master&amp;isr=0&amp;last_id&amp;mode=31&amp;name=%5bCOLOR%20khaki%5d%d7%9e%d7%9b%d7%a8%d7%94%20%d7%a1%d7%a8%d7%98%d7%99%d7%9d%206%5b%2fCOLOR%5d&amp;original_title=%20&amp;season=%20&amp;show_original_year=%20&amp;tmdbid=%20&amp;url=-1001236025638&quot"/>
</include>

<include content="widgetmoviesextras">
<param name="id" value="506"/>
<param name="itemnumber" value="27"/>
<param name="content" value="plugin://plugin.video.telemedia/?data=-1001361476936&amp;dates=%20&amp;description=%0afrom_plot&amp;eng_name=%20&amp;episode=%20&amp;fanart&amp;fav_status=false&amp;groups_id=0&amp;heb_name=%20&amp;iconimage&amp;id=%20&amp;image_master&amp;isr=0&amp;last_id&amp;mode=31&amp;name=%5bCOLOR%20khaki%5d%d7%9e%d7%9b%d7%a8%d7%94%20%d7%a1%d7%a8%d7%98%d7%99%d7%9d%207%5b%2fCOLOR%5d&amp;original_title=%20&amp;season=%20&amp;show_original_year=%20&amp;tmdbid=%20&amp;url=-1001361476936&quot"/>
</include>
<include content="widgetmoviesextras">
<param name="id" value="507"/>
<param name="itemnumber" value="28"/>
<param name="content" value="plugin://plugin.video.telemedia/?data=-1001414565880&amp;dates=%20&amp;description=%0afrom_plot&amp;eng_name=%20&amp;episode=%20&amp;fanart&amp;fav_status=false&amp;groups_id=0&amp;heb_name=%20&amp;iconimage&amp;id=%20&amp;image_master&amp;isr=0&amp;last_id&amp;mode=31&amp;name=%5bCOLOR%20khaki%5d%d7%9e%d7%9b%d7%a8%d7%94%20%d7%a1%d7%a8%d7%98%d7%99%d7%9d%208%5b%2fCOLOR%5d&amp;original_title=%20&amp;season=%20&amp;show_original_year=%20&amp;tmdbid=%20&amp;url=-1001414565880&quot"/>
</include>
<include content="widgetmoviesextras">
<param name="id" value="508"/>
<param name="itemnumber" value="29"/>
<param name="content" value="plugin://plugin.video.telemedia/?data=-1001372976600&amp;dates=%20&amp;description=%22%d7%90%d7%9c%d7%99%d7%99%d7%96%d7%94%20%d7%a9%d7%9c%d7%96%d7%99%d7%a0%d7%92%d7%a8%3a%20%d7%91%d7%aa%20%d7%9e%d7%99%d7%9c%d7%a0%d7%99%d7%95%d7%9d%20%d7%9e%d7%91%d7%95%d7%92%d7%a8%d7%aa%22%20-%202018%0aIliza%20Shlesinger%3a%20Elder%20Millennial%0a%0a%d7%90%d7%99%d7%9b%d7%95%d7%aa%3a%201080p%20WEB-DL.%20%f0%9f%98%87%0a%d7%aa%d7%a8%d7%92%d7%95%d7%9d%20%d7%9e%d7%95%d7%91%d7%a0%d7%94.%20%f0%9f%92%ac%0a%d7%93%d7%99%d7%a8%d7%95%d7%92%20IMDb%20%d7%9c%d7%a1%d7%a8%d7%98%3a%207.2%20%e2%ad%90%ef%b8%8f%0a%d7%96%27%d7%90%d7%a0%d7%a8%3a%20%23%d7%a7%d7%95%d7%9e%d7%93%d7%99%d7%94%0a%0a%f0%9f%93%9d%d7%aa%d7%a7%d7%a6%d7%99%d7%a8%3a%0a%d7%94%d7%a7%d7%95%d7%9e%d7%99%d7%a7%d7%90%d7%99%d7%aa%20%d7%95%d7%94%d7%9e%d7%90%d7%95%d7%a8%d7%a1%d7%aa%20%d7%94%d7%98%d7%a8%d7%99%d7%99%d7%94%20%d7%90%d7%9c%d7%99%d7%99%d7%96%d7%94%20%d7%a9%d7%9c%d7%96%d7%99%d7%a0%d7%92%d7%a8%20%d7%9e%d7%aa%d7%90%d7%a8%d7%aa%20%d7%90%d7%99%d7%9a%20%d7%a0%d7%a8%d7%90%d7%99%d7%9d%20%d7%91%d7%90%d7%9e%d7%aa%20%d7%94%d7%97%d7%99%d7%99%d7%9d%20%d7%91%d7%92%d7%99%d7%9c%2035&amp;eng_name=%20&amp;episode=%20&amp;fanart&amp;fav_status=false&amp;groups_id=0&amp;heb_name=%20&amp;iconimage&amp;id=%20&amp;image_master&amp;isr=0&amp;last_id&amp;mode=31&amp;name=%5bCOLOR%20khaki%5d%d7%9e%d7%9b%d7%a8%d7%94%20%d7%a1%d7%a8%d7%98%d7%99%d7%9d%209%5b%2fCOLOR%5d&amp;original_title=%20&amp;season=%20&amp;show_original_year=%20&amp;tmdbid=%20&amp;url=-1001372976600&quot"/>
</include>

<include content="widgetmoviesextras">
<param name="id" value="509"/>
<param name="itemnumber" value="30"/>
<param name="content" value="plugin://plugin.video.telemedia/?data=-1001385854135&amp;dates=%20&amp;description=%0afrom_plot&amp;eng_name=%20&amp;episode=%20&amp;fanart&amp;fav_status=false&amp;groups_id=0&amp;heb_name=%20&amp;iconimage&amp;id=%20&amp;image_master&amp;isr=0&amp;last_id&amp;mode=31&amp;name=%5bCOLOR%20khaki%5d%d7%9e%d7%9b%d7%a8%d7%94%20%d7%a1%d7%a8%d7%98%d7%99%d7%9d%2010%5b%2fCOLOR%5d&amp;original_title=%20&amp;season=%20&amp;show_original_year=%20&amp;tmdbid=%20&amp;url=-1001385854135&quot"/>
</include>
<include content="widgetmoviesextras">
<param name="id" value="510"/>
<param name="itemnumber" value="31"/>
<param name="content" value="plugin://plugin.video.telemedia/?data=-1001497115791&amp;dates=%20&amp;description=%40he_media_bot%0afrom_plot&amp;eng_name=%20&amp;episode=%20&amp;fanart&amp;fav_status=false&amp;groups_id=0&amp;heb_name=%20&amp;iconimage&amp;id=%20&amp;image_master&amp;isr=0&amp;last_id&amp;mode=31&amp;name=%5bCOLOR%20khaki%5d%d7%9e%d7%9b%d7%a8%d7%94%20%d7%a1%d7%a8%d7%98%d7%99%d7%9d%2011%5b%2fCOLOR%5d&amp;original_title=%20&amp;season=%20&amp;show_original_year=%20&amp;tmdbid=%20&amp;url=-1001497115791&quot"/>
</include>
<include content="widgetmoviesextras">
<param name="id" value="511"/>
<param name="itemnumber" value="32"/>
<param name="content" value="plugin://plugin.video.telemedia/?data=-1001461530805&amp;dates=%20&amp;description=%0afrom_plot&amp;eng_name=%20&amp;episode=%20&amp;fanart&amp;fav_status=false&amp;groups_id=0&amp;heb_name=%20&amp;iconimage&amp;id=%20&amp;image_master&amp;isr=0&amp;last_id&amp;mode=31&amp;name=%5bCOLOR%20khaki%5d%d7%9e%d7%9b%d7%a8%d7%94%20%d7%a1%d7%a8%d7%98%d7%99%d7%9d%2012%5b%2fCOLOR%5d&amp;original_title=%20&amp;season=%20&amp;show_original_year=%20&amp;tmdbid=%20&amp;url=-1001461530805&quot"/>
</include>

<include content="widgetmoviesextras">
<param name="id" value="512"/>
<param name="itemnumber" value="33"/>
<param name="content" value="plugin://plugin.video.telemedia/?data=-1001266073501&amp;dates=%20&amp;description=%22%d7%99%d7%9d%20%d7%9b%d7%97%d7%95%d7%9c%20%d7%a2%d7%9e%d7%95%d7%a7%202%22%0a%0a%d7%91%d7%90%d7%99%d7%9b%d7%95%d7%aa%20BluRay%20720p%0afrom_plot&amp;eng_name=%20&amp;episode=%20&amp;fanart&amp;fav_status=false&amp;groups_id=0&amp;heb_name=%20&amp;iconimage&amp;id=%20&amp;image_master&amp;isr=0&amp;last_id&amp;mode=31&amp;name=%5bCOLOR%20khaki%5d%d7%9e%d7%9b%d7%a8%d7%94%20%d7%a1%d7%a8%d7%98%d7%99%d7%9d%2013%5b%2fCOLOR%5d&amp;original_title=%20&amp;season=%20&amp;show_original_year=%20&amp;tmdbid=%20&amp;url=-1001266073501&quot"/>
</include>
<include content="widgetmoviesextras">
<param name="id" value="513"/>
<param name="itemnumber" value="34"/>
<param name="content" value="plugin://plugin.video.telemedia/?data=-1001199158193&amp;dates=%20&amp;description=%22%d7%94%d7%a8%d7%99%20%d7%90%d7%aa%20%d7%9e%d7%9b%d7%95%d7%a9%d7%a4%d7%aa%20%d7%9c%d7%99%22%0a%0a%d7%91%d7%90%d7%99%d7%9b%d7%95%d7%aa%20BluRay%20720p%0afrom_plot&amp;eng_name=%20&amp;episode=%20&amp;fanart&amp;fav_status=false&amp;groups_id=0&amp;heb_name=%20&amp;iconimage&amp;id=%20&amp;image_master&amp;isr=0&amp;last_id&amp;mode=31&amp;name=%5bCOLOR%20khaki%5d%d7%9e%d7%9b%d7%a8%d7%94%20%d7%a1%d7%a8%d7%98%d7%99%d7%9d%2014%5b%2fCOLOR%5d&amp;original_title=%20&amp;season=%20&amp;show_original_year=%20&amp;tmdbid=%20&amp;url=-1001199158193&quot"/>
</include>
<include content="widgetmoviesextras">
<param name="id" value="514"/>
<param name="itemnumber" value="35"/>
<param name="content" value="plugin://plugin.video.telemedia/?data=-1001440357280&amp;dates=%20&amp;description=%22%d7%a1%d7%9c%d7%9e%d7%94%22%0a%0a%d7%91%d7%90%d7%99%d7%9b%d7%95%d7%aa%20BluRay%201080p%0afrom_plot&amp;eng_name=%20&amp;episode=%20&amp;fanart&amp;fav_status=false&amp;groups_id=0&amp;heb_name=%20&amp;iconimage&amp;id=%20&amp;image_master&amp;isr=0&amp;last_id&amp;mode=31&amp;name=%5bCOLOR%20khaki%5d%d7%9e%d7%9b%d7%a8%d7%94%20%d7%a1%d7%a8%d7%98%d7%99%d7%9d%2015%5b%2fCOLOR%5d&amp;original_title=%20&amp;season=%20&amp;show_original_year=%20&amp;tmdbid=%20&amp;url=-1001440357280&quot"/>
</include>

<include content="widgetmoviesextras">
<param name="id" value="515"/>
<param name="itemnumber" value="36"/>
<param name="content" value="plugin://plugin.video.telemedia/?data=-1001391880148&amp;dates=%20&amp;description=%d7%90%d7%a1%d7%a7%d7%99%d7%9e%d7%95%20%d7%9c%d7%99%d7%9e%d7%95%d7%9f%208%20-%20%d7%91%d7%9c%d7%95%d7%96%20%d7%9c%d7%a7%d7%99%d7%a5%20-%201988-%20%d7%a1%d7%a8%d7%98%20%d7%99%d7%a9%d7%a8%d7%90%d7%9c%d7%99%0afrom_plot&amp;eng_name=%20&amp;episode=%20&amp;fanart&amp;fav_status=false&amp;groups_id=0&amp;heb_name=%20&amp;iconimage&amp;id=%20&amp;image_master&amp;isr=0&amp;last_id&amp;mode=31&amp;name=%5bCOLOR%20khaki%5d%d7%9e%d7%9b%d7%a8%d7%94%20%d7%a1%d7%a8%d7%98%d7%99%d7%9d%2016%5b%2fCOLOR%5d&amp;original_title=%20&amp;season=%20&amp;show_original_year=%20&amp;tmdbid=%20&amp;url=-1001391880148&quot"/>
</include>
<include content="widgetmoviesextras">
<param name="id" value="516"/>
<param name="itemnumber" value="37"/>
<param name="content" value="plugin://plugin.video.telemedia/?data=-1001238308275&amp;dates=%20&amp;description=%0afrom_plot&amp;eng_name=%20&amp;episode=%20&amp;fanart&amp;fav_status=false&amp;groups_id=0&amp;heb_name=%20&amp;iconimage&amp;id=%20&amp;image_master&amp;isr=0&amp;last_id&amp;mode=31&amp;name=%5bCOLOR%20khaki%5d%d7%9e%d7%9b%d7%a8%d7%94%20%d7%a1%d7%a8%d7%98%d7%99%d7%9d%2017%5b%2fCOLOR%5d&amp;original_title=%20&amp;season=%20&amp;show_original_year=%20&amp;tmdbid=%20&amp;url=-1001238308275&quot"/>
</include>
<include content="widgetmoviesextras">
<param name="id" value="517"/>
<param name="itemnumber" value="38"/>
<param name="content" value="plugin://plugin.video.telemedia/?data=-1001427387282&amp;dates=%20&amp;description=%0afrom_plot&amp;eng_name=%20&amp;episode=%20&amp;fanart&amp;fav_status=false&amp;groups_id=0&amp;heb_name=%20&amp;iconimage&amp;id=%20&amp;image_master&amp;isr=0&amp;last_id&amp;mode=31&amp;name=%5bCOLOR%20khaki%5d%d7%9e%d7%9b%d7%a8%d7%94%20%d7%a1%d7%a8%d7%98%d7%99%d7%9d%2018%5b%2fCOLOR%5d&amp;original_title=%20&amp;season=%20&amp;show_original_year=%20&amp;tmdbid=%20&amp;url=-1001427387282&quot"/>
</include>


<control type="list" id="1256">
		<animation type="WindowOpen">
		<effect type="slide" start="0,0" end="-1000,0" time="450" tween="sine" easing="inout"/>
		</animation>
		<animation type="WindowClose">
		<effect type="slide" start="-1000,0" end="0,0" time="450" tween="sine" easing="inout"/>
		</animation>
<posx>2415</posx>
<posy>368</posy>
<width>500</width>
<height>50</height>
<ondown condition="Container(1256).HasFocus(21)">Control.SetFocus(500)</ondown>
<ondown condition="Container(1256).HasFocus(22)">Control.SetFocus(501)</ondown>
<ondown condition="Container(1256).HasFocus(23)">Control.SetFocus(502)</ondown>
<ondown condition="Container(1256).HasFocus(24)">Control.SetFocus(503)</ondown>
<ondown condition="Container(1256).HasFocus(25)">Control.SetFocus(504)</ondown>
<ondown condition="Container(1256).HasFocus(26)">Control.SetFocus(505)</ondown>
<ondown condition="Container(1256).HasFocus(27)">Control.SetFocus(506)</ondown>
<ondown condition="Container(1256).HasFocus(28)">Control.SetFocus(507)</ondown>
<ondown condition="Container(1256).HasFocus(29)">Control.SetFocus(508)</ondown>
<ondown condition="Container(1256).HasFocus(30)">Control.SetFocus(509)</ondown>
<ondown condition="Container(1256).HasFocus(31)">Control.SetFocus(510)</ondown>
<ondown condition="Container(1256).HasFocus(32)">Control.SetFocus(511)</ondown>
<ondown condition="Container(1256).HasFocus(33)">Control.SetFocus(512)</ondown>
<ondown condition="Container(1256).HasFocus(34)">Control.SetFocus(513)</ondown>
<ondown condition="Container(1256).HasFocus(35)">Control.SetFocus(514)</ondown>
<ondown condition="Container(1256).HasFocus(36)">Control.SetFocus(515)</ondown>
<ondown condition="Container(1256).HasFocus(37)">Control.SetFocus(516)</ondown>
<ondown condition="Container(1256).HasFocus(38)">Control.SetFocus(517)</ondown>

<orientation>horizontal</orientation>
<scrolltime tween="sine" easing="inout">350</scrolltime>
<itemlayout width="180" height="40">
<control type="image">
<posx>0</posx>
<posy>0</posy>
<width>200</width>
<height>40</height>
<texture border="40" colordiffuse="gray">special://skin/extras/common/roundedbutton-nofocus-red.png</texture>
</control>
<control type="label">
<posx>0</posx>
<posy>0</posy>
<width>200</width>
<height>40</height>
<align>center</align>
<label>$INFO[ListItem.Label]</label>
</control>
</itemlayout>
<focusedlayout width="180" height="40">
<control type="image">
<visible>Control.HasFocus(1256)</visible>
<posx>0</posx>
<posy>0</posy>
<width>200</width>
<height>40</height>
<texture border="40" colordiffuse="red">special://skin/extras/common/roundedbutton-focus.png</texture>
</control>
<control type="image">
<posx>0</posx>
<posy>0</posy>
<width>200</width>
<height>40</height>
<texture border="40" colordiffuse="FFB70000">special://skin/extras/common/roundedbutton-nofocus-red.png</texture>
</control>

<control type="label">
<posx>0</posx>
<posy>0</posy>
<width>200</width>
<height>40</height>
<align>center</align>
<label>$INFO[ListItem.Label]</label>
</control>
</focusedlayout>
<content>
<item id="21">
<label>מ.סרטים 1</label>
<onclick>Control.SetFocus(500)</onclick>
</item>
<item id="22">
<label>מ.סרטים 2</label>
<onclick>Control.SetFocus(501)</onclick>
</item>
<item id="23">
<label>מ.סרטים 3</label>
<onclick>Control.SetFocus(502)</onclick>
</item>
<item id="24">
<label>מ.סרטים 4</label>
<onclick>Control.SetFocus(503)</onclick>
</item>
<item id="25">
<label>מ.סרטים 5</label>
<onclick>Control.SetFocus(504)</onclick>
</item>
<item id="26">
<label>מ.סרטים 6</label>
<onclick>Control.SetFocus(505)</onclick>
</item>
<item id="27">
<label>מ.סרטים 7</label>
<onclick>Control.SetFocus(506)</onclick>
</item>
<item id="28">
<label>מ.סרטים 8</label>
<onclick>Control.SetFocus(507)</onclick>
</item>
<item id="29">
<label>מ.סרטים 9</label>
<onclick>Control.SetFocus(508)</onclick>
</item>
<item id="30">
<label>מ.סרטים 10</label>
<onclick>Control.SetFocus(509)</onclick>
</item>
<item id="31">
<label>מ.סרטים 11</label>
<onclick>Control.SetFocus(510)</onclick>
</item>
<item id="32">
<label>מ.סרטים 12</label>
<onclick>Control.SetFocus(511)</onclick>
</item>
<item id="33">
<label>מ.סרטים 13</label>
<onclick>Control.SetFocus(512)</onclick>
</item>
<item id="34">
<label>מ.סרטים 14</label>
<onclick>Control.SetFocus(513)</onclick>
</item>
<item id="35">
<label>מ.סרטים 15</label>
<onclick>Control.SetFocus(514)</onclick>
</item>
<item id="36">
<label>מ.סרטים 16</label>
<onclick>Control.SetFocus(515)</onclick>
</item>
<item id="37">
<label>מ.סרטים 17</label>
<onclick>Control.SetFocus(516)</onclick>
</item>
<item id="38">
<label>מ.סרטים 18</label>
<onclick>Control.SetFocus(517)</onclick>
</item>
</content>
</control>



</controls>
</window>
