<?xml version="1.0" encoding="UTF-8"?>
<!-- Foundation -->
<window id="1181" type="dialog">
    <defaultcontrol always="true">1256</defaultcontrol>
    	<onload>ClearProperty(quicknavsetup,home)</onload>
	<onunload>ClearProperty(quicknavsetup,home)</onunload>	
    <controls>
   
   
   <control type="group">
   <animation type="WindowOpen">
   <effect type="fade" time="500"/>
   <effect type="slide" start="0,0" end="0,-1000" time="550" tween="sine" easing="inout"/>
   </animation>
   <animation type="WindowClose">
   <effect type="fade" time="500"/>
   <effect type="slide" start="0,-1000" end="0,0" time="550" tween="sine" easing="inout"/>
   </animation>
   <control type="image">
   <posx>0</posx>
   <posy>1780</posy>
   <width>1920</width>
   <height>300</height>
   <texture>black.png</texture>
   <colordiffuse>90000000</colordiffuse>
   </control>
   <control type="image">
   <posx>0</posx>
   <posy>1780</posy>
   <width>1920</width>
   <height>300</height>
   <texture>black.png</texture>
   <colordiffuse>90000000</colordiffuse>
   </control>


   
 <control type="group">
 <control type="image">
 <posx>0</posx>
 <posy>2040</posy>
 <width>80</width>
 <height>35</height>
 <texture colordiffuse="deepskyblue">special://skin/extras/arrows/arrowdown.png</texture>
 </control>
  <control type="image">
 <posx>0</posx>
 <posy>1795</posy>
 <width>80</width>
 <height>35</height>
 <texture flipy="true" colordiffuse="deepskyblue">special://skin/extras/arrows/arrowdown.png</texture>
 </control>
 </control>
 
 
 <control type="group">
 <animation effect="fade" time="450">VisibleChange</animation>
 <control type="label">
 <visible>Container(1256).HasFocus(21)</visible>
 <posx>-60</posx>
 <posy>1825</posy>
 <width>200</width>
 <height>50</height>
 <align>center</align>
 <label>CH1</label>
<font>smallMedium</font>
 </control>
  <control type="label">
 <visible>Container(1256).HasFocus(22)</visible>
 <posx>-60</posx>
 <posy>1825</posy>
 <width>200</width>
 <height>50</height>
 <align>center</align>
 <label>CH2</label>
<font>smallMedium</font>
 </control>
 
<control type="image">
 <visible>Container(1256).HasFocus(21)</visible>
<posx>-140</posx>
<posy>1740</posy>
<width>420</width>
<height>420</height>
<texture>special://skin/extras/test/yesgoromance.png</texture>
</control>
<control type="image">
 <visible>Container(1256).HasFocus(22)</visible>
<posx>-140</posx>
<posy>1740</posy>
<width>420</width>
<height>420</height>
<texture>special://skin/extras/test/yesgofamily.png</texture>
</control>
 </control>

<control type="list" id="1256">
<posx>0</posx>
<posy>1830</posy>
<width>150</width>
<height>250</height>
<onright condition="Container(1256).HasFocus(21)">Control.SetFocus(500)</onright>
<onright condition="Container(1256).HasFocus(22)">Control.SetFocus(501)</onright>
<orientation>vertical</orientation>
<scrolltime tween="sine" easing="inout">350</scrolltime>
<itemlayout width="150" height="450">
<!--<control type="image">
<posx>0</posx>
<posy>60</posy>
<width>80</width>
<height>80</height>
<texture colordiffuse="ListItem.Property(ccolor)">special://skin/extras/circles/circle-white.png</texture>
</control>-->
<control type="label">
<posx>5</posx>
<posy>180</posy>
<width>250</width>
<height>50</height>
<font>font-15b</font>
<label>$INFO[ListItem.Label]</label>
</control>
</itemlayout>
<focusedlayout width="150" height="450">
<!--<control type="image">
<posx>0</posx>
<posy>60</posy>
<width>80</width>
<height>80</height>
<texture colordiffuse="ListItem.Property(ccolor)">special://skin/extras/circles/circle-white.png</texture>
</control>-->
<control type="label">
<visible>!Control.HasFocus(1256)</visible>
<posx>5</posx>
<posy>180</posy>
<width>250</width>
<height>50</height>
<font>smallMedium</font>
<label>$INFO[ListItem.Label]</label>
</control>
<control type="label">
<visible>Control.HasFocus(1256)</visible>
<posx>5</posx>
<posy>180</posy>
<width>250</width>
<height>50</height>
<font>smallMedium</font>
<textcolor>gray</textcolor>
<label>$INFO[ListItem.Label]</label>
</control>
</focusedlayout>
<content>
<item id="21">
<label>YES 1</label>
<onclick>Control.SetFocus(500)</onclick>
<property name="ccolor">deeppink</property>
</item>
<item id="22">
<label>YES 2</label>
<onclick>Control.SetFocus(501)</onclick>
<property name="ccolor">deepskyblue</property>
</item>
</content>
</control>


<include content="yesgodesing">
<param name="yesgoid" value="500"/>
<param name="itemid" value="21"/>
<param name="posx" value="0"/>
<param name="posy" value="1780"/>
<param name="sortby" value="dateadded"/>
<param name="sortorder" value="descending"/>
<param name="yesgocontent" value="plugin://plugin.video.tempest/?action=movies&amp;url=https%3a%2f%2fapi.trakt.tv%2fusers%2fme%2flists%2fmoviesextrayesgoromance%2fitems&quot"/>
</include>
<include content="yesgodesing">
<param name="yesgoid" value="501"/>
<param name="itemid" value="22"/>
<param name="posx" value="0"/>
<param name="posy" value="1780"/>
<param name="sortby" value="dateadded"/>
<param name="sortorder" value="descending"/>
<param name="yesgocontent" value="plugin://plugin.video.tempest/?action=movies&amp;url=https%3a%2f%2fapi.trakt.tv%2fusers%2fme%2flists%2fmoviesextrayesgofamily%2fitems&quot"/>
</include>
</control>


		<control type="group">
		<visible>Player.HasVideo</visible>
		<include content="miniVideoPlayer">
		<param name="minposx" value="50"/>
		<param name="miniposy" value="400"/>
		<param name="miniwidth" value="720"/>
		<param name="miniheight" value="350"/>
		<param name="windowvideposx" valeu="106"/>
		<param name="windowposy" value="10"/>
		<param name="imageposx" value="-50"/>
		<param name="imageposy" value="0"/>
		<param name="imageheight" value="360"/>
		<param name="imagewidth" value="850"/>
		</include>
		</control>

<control type="grouplist" id="4000">
<visible>!Window.IsActive(movieinformation)</visible>
<posx>300</posx>
<posy>1040</posy>
<width>800</width>
<height>100</height>
<itemgap>20</itemgap>
<orientation>horizontal</orientation>
<control type="button" id="30">
<posx>0</posx>
<posy>0</posy>
<width>auto</width>
<height>40</height>
<texturefocus colordiffuse="deeppink">white.png</texturefocus>
<texturenofocus colordiffuse="deepskyblue">white.png</texturenofocus>
<textcolor>white</textcolor>
<focusedcolor>white</focusedcolor>
<align>center</align>
<label>לחץ על התמונה לניגון/טריילר/חזרה</label>
<onclick>-</onclick>
</control>
</control>

<control type="button">
<visible>!Window.IsActive(movieinformation)</visible>
<posx>10</posx>
<posy>760</posy>
<width>25</width>
<height>25</height>
<texturefocus colordiffuse="white">special://skin/extras/test/closewindow.png</texturefocus>
<texturenofocus colordiffuse="gray">special://skin/extras/test/closewindow.png</texturenofocus>
<onclick>Dialog.Close(1181)</onclick>
</control>
</controls>

</window>
