<?xml version="1.0" encoding="UTF-8"?>
<window type="dialog" id="6010">
	<defaultcontrol always="true">5000</defaultcontrol>
	<controls>



<control type="image">
<posx>0</posx>
<posy>0</posy>
<width>1920</width>
<height>1080</height>
<texture>special://skin/extras/background/loguploader-dialog-bg.png</texture>
</control>



<description>top widgets</description>
<control type="group">
<posx>20</posx>
<posy>50</posy>
<animation condition="Control.HasFocus(501) | Control.HasFocus(502) | Control.HasFocus(503) | Control.HasFocus(504) | Control.HasFocus(505) | Control.HasFocus(506) | Control.HasFocus(507) | Control.HasFocus(508) | Control.HasFocus(509)" effect="slide" start="0,0" end="0,-1000" time="550" tween="sine" easing="inout">Conditional</animation>
<include content="extradebridmovies">
<param name="extrasmoviesid" value="500"/>
<param name="bigimageposx" value="-20"/>
<param name="bigimageposy" value="-1050"/>
<param name="animposx" value="1565"/>
<param name="animposy" value="575"/>
<param name="textboxposx" value="700"/>
<param name="posterposx" value="-15"/>
<param name="scrollbuttonid" value="Control.HasFocus(21)"/>
<param name="extramoviescontent" value="plugin://plugin.video.tempest/?action=movies&amp;url=https%3a%2f%2fapi.trakt.tv%2fusers%2fme%2flists%2fmovies1%2fitems&quot"/>
</include>
</control>


<control type="group">
<posx>380</posx>
<posy>50</posy>
<animation condition="Control.HasFocus(500) | Control.HasFocus(502) | Control.HasFocus(503) | Control.HasFocus(504) | Control.HasFocus(505) | Control.HasFocus(506) | Control.HasFocus(507) | Control.HasFocus(508) | Control.HasFocus(509)" effect="slide" start="0,0" end="0,-1000" time="550" tween="sine" easing="inout">Conditional</animation>
<include content="extradebridmovies">
<param name="extrasmoviesid" value="501"/>
<param name="bigimageposx" value="-380"/>
<param name="bigimageposy" value="-1050"/>
<param name="animposx" value="1205"/>
<param name="animposy" value="575"/>
<param name="textboxposx" value="350"/>
<param name="posterposx" value="-375"/>
<param name="genredurationposx" value="-350"/>
<param name="scrollbuttonid" value="Control.HasFocus(22)"/>
<param name="extramoviescontent" value="plugin://plugin.video.tempest/?action=movies&amp;url=https%3a%2f%2fapi.trakt.tv%2fusers%2fme%2flists%2fmovies2%2fitems&quot"/>
</include>
</control>

<control type="group">
<posx>740</posx>
<posy>50</posy>
<animation condition="Control.HasFocus(500) | Control.HasFocus(501) | Control.HasFocus(503) | Control.HasFocus(504) | Control.HasFocus(505) | Control.HasFocus(506) | Control.HasFocus(507) | Control.HasFocus(508) | Control.HasFocus(509)" effect="slide" start="0,0" end="0,-1000" time="550" tween="sine" easing="inout">Conditional</animation>
<include content="extradebridmovies">
<param name="extrasmoviesid" value="502"/>
<param name="bigimageposx" value="-740"/>
<param name="bigimageposy" value="-1050"/>
<param name="animposx" value="845"/>
<param name="animposy" value="575"/>
<param name="textboxposx" value="0"/>
<param name="posterposx" value="-735"/>
<param name="genredurationposx" value="-700"/>
<param name="scrollbuttonid" value="Control.HasFocus(23)"/>
<param name="extramoviescontent" value="plugin://plugin.video.tempest/?action=movies&amp;url=https%3a%2f%2fapi.trakt.tv%2fusers%2fme%2flists%2fmymovies1%2fitems&quot"/>
</include>
</control>

<control type="group">
<posx>1100</posx>
<posy>50</posy>
<animation condition="Control.HasFocus(500) | Control.HasFocus(501) | Control.HasFocus(502) | Control.HasFocus(504) | Control.HasFocus(505) | Control.HasFocus(506) | Control.HasFocus(507) | Control.HasFocus(508) | Control.HasFocus(509)" effect="slide" start="0,0" end="0,-1000" time="550" tween="sine" easing="inout">Conditional</animation>
<include content="extradebridmovies">
<param name="extrasmoviesid" value="503"/>
<param name="bigimageposx" value="-1100"/>
<param name="bigimageposy" value="-1050"/>
<param name="animposx" value="485"/>
<param name="animposy" value="575"/>
<param name="textboxposx" value="-400"/>
<param name="posterposx" value="-1095"/>
<param name="genredurationposx" value="-1100"/>
<param name="scrollbuttonid" value="Control.HasFocus(24)"/>
<param name="extramoviescontent" value="plugin://plugin.video.tempest/?action=movies&amp;url=https%3a%2f%2fapi.trakt.tv%2fusers%2fme%2flists%2fmymovies2%2fitems&quot"/>
</include>
</control>

<control type="group">
<posx>1460</posx>
<posy>50</posy>
<animation condition="Control.HasFocus(500) | Control.HasFocus(501) | Control.HasFocus(502) | Control.HasFocus(503) | Control.HasFocus(505) | Control.HasFocus(506) | Control.HasFocus(507) | Control.HasFocus(508) | Control.HasFocus(509)" effect="slide" start="0,0" end="0,-1000" time="550" tween="sine" easing="inout">Conditional</animation>
<include content="extradebridmovies">
<param name="extrasmoviesid" value="504"/>
<param name="bigimageposx" value="-1460"/>
<param name="bigimageposy" value="-1050"/>
<param name="animposx" value="125"/>
<param name="animposy" value="575"/>
<param name="textboxposx" value="-765"/>
<param name="posterposx" value="-1455"/>
<param name="genredurationposx" value="-1470"/>
<param name="scrollbuttonid" value="Control.HasFocus(25)"/>
<param name="extramoviescontent" value="plugin://plugin.video.tempest/?action=movies&amp;url=https%3a%2f%2fapi.trakt.tv%2fusers%2fme%2flists%2fmymovies3%2fitems&quot"/>
</include>
</control>
<description>end top widgets</description>


<description>down widgets</description>
<control type="group">
<posx>20</posx>
<posy>620</posy>
<animation condition="Control.HasFocus(500) | Control.HasFocus(501) | Control.HasFocus(502) | Control.HasFocus(503) | Control.HasFocus(504) | Control.HasFocus(506) | Control.HasFocus(507) | Control.HasFocus(508) | Control.HasFocus(509)" effect="slide" start="0,0" end="0,-1500" time="550" tween="sine" easing="inout">Conditional</animation>
<include content="extradebridmovies">
<param name="extrasmoviesid" value="505"/>
<param name="bigimageposx" value="-20"/>
<param name="bigimageposy" value="-1620"/>
<param name="animposx" value="1565"/>
<param name="animposy" value="5"/>
<param name="textboxposx" value="700"/>
<param name="textboxposy" value="-570"/>
<param name="posterposx" value="-15"/>
<param name="genredurationposx" value="0"/>
<param name="scrollbuttonid" value="Control.HasFocus(26)"/>
<param name="extramoviescontent" value="plugin://plugin.video.tempest/?action=movies&amp;url=https%3a%2f%2fapi.trakt.tv%2fusers%2fme%2flists%2fmymovies4%2fitems&quot"/>
</include>
</control>


<control type="group">
<posx>380</posx>
<posy>620</posy>
<animation condition="Control.HasFocus(500) | Control.HasFocus(501) | Control.HasFocus(502) | Control.HasFocus(503) | Control.HasFocus(504) | Control.HasFocus(505) | Control.HasFocus(507) | Control.HasFocus(508) | Control.HasFocus(509)" effect="slide" start="0,0" end="0,-1500" time="550" tween="sine" easing="inout">Conditional</animation>
<include content="extradebridmovies">
<param name="extrasmoviesid" value="506"/>
<param name="bigimageposx" value="-380"/>
<param name="bigimageposy" value="-1620"/>
<param name="animposx" value="1205"/>
<param name="animposy" value="5"/>
<param name="textboxposx" value="380"/>
<param name="textboxposy" value="-570"/>
<param name="posterposx" value="-375"/>
<param name="genredurationposx" value="-330"/>
<param name="scrollbuttonid" value="Control.HasFocus(27)"/>
<param name="extramoviescontent" value="plugin://plugin.video.tempest/?action=movies&amp;url=https%3a%2f%2fapi.trakt.tv%2fusers%2fme%2flists%2fmymovies5%2fitems&quot"/>
</include>
</control>


<control type="group">
<posx>735</posx>
<posy>620</posy>
<animation condition="Control.HasFocus(500) | Control.HasFocus(501) | Control.HasFocus(502) | Control.HasFocus(503) | Control.HasFocus(504) | Control.HasFocus(505) | Control.HasFocus(506) | Control.HasFocus(508) | Control.HasFocus(509)" effect="slide" start="0,0" end="0,-1500" time="550" tween="sine" easing="inout">Conditional</animation>
<include content="extradebridmovies">
<param name="extrasmoviesid" value="507"/>
<param name="bigimageposx" value="-730"/>
<param name="bigimageposy" value="-1620"/>
<param name="animposx" value="850"/>
<param name="animposy" value="5"/>
<param name="textboxposx" value="0"/>
<param name="textboxposy" value="-570"/>
<param name="posterposx" value="-730"/>
<param name="genredurationposx" value="-710"/>
<param name="scrollbuttonid" value="Control.HasFocus(28)"/>
<param name="extramoviescontent" value="plugin://plugin.video.tempest/?action=movies&amp;url=https%3a%2f%2fapi.trakt.tv%2fusers%2fme%2flists%2fmoviesarchive%2fitems&quot"/>
</include>
</control>


<control type="group">
<posx>1090</posx>
<posy>620</posy>
<animation condition="Control.HasFocus(500) | Control.HasFocus(501) | Control.HasFocus(502) | Control.HasFocus(503) | Control.HasFocus(504) | Control.HasFocus(505) | Control.HasFocus(506) | Control.HasFocus(507) | Control.HasFocus(509)" effect="slide" start="0,0" end="0,-1500" time="550" tween="sine" easing="inout">Conditional</animation>
<include content="extradebridmovies">
<param name="extrasmoviesid" value="508"/>
<param name="bigimageposx" value="-1090"/>
<param name="bigimageposy" value="-1620"/>
<param name="animposx" value="495"/>
<param name="animposy" value="5"/>
<param name="textboxposx" value="-340"/>
<param name="textboxposy" value="-570"/>
<param name="posterposx" value="-1080"/>
<param name="genredurationposx" value="-1050"/>
<param name="scrollbuttonid" value="Control.HasFocus(29)"/>
<param name="extramoviescontent" value="plugin://plugin.video.tempest/?action=movies&amp;url=https%3a%2f%2fapi.trakt.tv%2fusers%2fme%2flists%2fmoviesextrayesgofamily%2fitems&quot"/>
</include>
</control>

<control type="group">
<posx>1450</posx>
<posy>620</posy>
<animation condition="Control.HasFocus(500) | Control.HasFocus(501) | Control.HasFocus(502) | Control.HasFocus(503) | Control.HasFocus(504) | Control.HasFocus(505) | Control.HasFocus(506) | Control.HasFocus(507) | Control.HasFocus(508)" effect="slide" start="0,0" end="0,-1500" time="550" tween="sine" easing="inout">Conditional</animation>
<include content="extradebridmovies">
<param name="extrasmoviesid" value="509"/>
<param name="bigimageposx" value="-1450"/>
<param name="bigimageposy" value="-1620"/>
<param name="animposx" value="135"/>
<param name="animposy" value="5"/>
<param name="textboxposx" value="-700"/>
<param name="textboxposy" value="-570"/>
<param name="posterposx" value="-1445"/>
<param name="genredurationposx" value="-1410"/>
<param name="scrollbuttonid" value="Control.HasFocus(30)"/>
<param name="extramoviescontent" value="plugin://plugin.video.tempest/?action=movies&amp;url=https%3a%2f%2fapi.trakt.tv%2fusers%2fme%2flists%2fmoviesextrayesgoromance%2fitems&quot"/>
</include>
</control>

<description>end down widgets</description>

<include>extramoviesbuttons</include>


		<control type="group">
		<visible>Control.HasFocus(500) | Control.HasFocus(501) | Control.HasFocus(502) | Control.HasFocus(503) | Control.HasFocus(504) | Control.HasFocus(505) | Control.HasFocus(506) | Control.HasFocus(507) | Control.HasFocus(508) | Control.HasFocus(509)</visible>
		<animation condition="[Control.HasFocus(500) | Control.HasFocus(501) | Control.HasFocus(502) | Control.HasFocus(503) | Control.HasFocus(504) | Control.HasFocus(505) | Control.HasFocus(506) | Control.HasFocus(507) | Control.HasFocus(508) | Control.HasFocus(509)]" effect="fade" start="0" end="100" time="350">Conditional</animation>
		<include content="miniVideoPlayer">
		<param name="minposx" value="450"/>
		<param name="miniposy" value="0"/>
		<param name="miniwidth" value="1200"/>
		<param name="miniheight" value="550"/>
		<param name="windowvideposx" valeu="6"/>
		<param name="windowposy" value="25"/>
		<param name="imageposx" value="-10"/>
		<param name="imageposy" value="0"/>
		<param name="imageheight" value="600"/>
		<param name="imagewidth" value="1230"/>
		</include>
		</control>


</controls>
</window>
