<?xml version="1.0" encoding="UTF-8"?>
<!-- Foundation -->
<window id="6004" type="dialog">
    <defaultcontrol always="true">1256</defaultcontrol>

    <controls>
    
   
   
	<control type="image">
	<posx>0</posx>
	<posy>0</posy>
	<width>1920</width>
	<height>1080</height>
	<texture>special://skin/extras/background/loguploader-dialog-bg.png</texture>
	</control>
	
	
	<control type="group">
	<control type="image">
	<description>right side</description>
	<posx>1910</posx>
	<posy>-5</posy>
	<width>15</width>
	<height>1090</height>
	<texture diffuse="glass.jpg" colordiffuse="ff6b5441">white.png</texture>
	<bordersize>4</bordersize>
	<texture>black.png</texture>
	</control>
	<control type="image">
	<description>top bg</description>
	<posx>-5</posx>
	<posy>-5</posy>
	<width>1920</width>
	<height>57</height>
	<texture diffuse="glass.jpg" colordiffuse="ff6b5441">white.png</texture>
	<bordersize>4</bordersize>
	<texture>black.png</texture>
	</control>
	<control type="image">
	<description>middle bg</description>
	<posx>-5</posx>
	<posy>400</posy>
	<width>1920</width>
	<height>278</height>
	<texture diffuse="glass.jpg" colordiffuse="ff6b5441">white.png</texture>
	<bordersize>4</bordersize>
	<texture>black.png</texture>
	</control>
	
	<control type="image">
	<description>buttom bg</description>
	<posx>-5</posx>
	<posy>675</posy>
	<width>1920</width>
	<height>57</height>
	<texture diffuse="glass.jpg" colordiffuse="ff6b5441">white.png</texture>
	<bordersize>4</bordersize>
	<texture>black.png</texture>
	</control>

	</control>
	
	
	<description>top widgets</description>
	<control type="group">
	<animation effect="fade" start="0" end="100" time="350">VisibleChange</animation>
	<posx>0</posx>
	<include content="extrasmovieswidgets">
	<param name="id" value="500"/>
	<param name="buttonid" value="221"/>
	<param name="animposx" value="0"/>
	<param name="animposy" value="0"/>
	<param name="onback" value="1256"/>
	<param name="moviesinfoposx" value="1910"/>
	<param name="moviesinfoposy" value="410"/>
	<param name="moviefanartposx" value="5"/>
	<param name="moviefanartposy" value="405"/>
	<param name="content" value="plugin://plugin.video.telemedia/?data=-1001406056035&amp;dates=%20&amp;description=%0afrom_plot&amp;eng_name=%20&amp;episode=%20&amp;fanart&amp;fav_status=false&amp;groups_id=0&amp;heb_name=%20&amp;iconimage&amp;id=%20&amp;image_master&amp;isr=0&amp;last_id&amp;mode=31&amp;name=%5bCOLOR%20lightblue%5d%d7%a7%d7%91%d7%95%d7%a6%d7%aa%20%d7%94%d7%91%d7%a7%d7%a9%d7%95%d7%aa%20%d7%99%d7%9c%d7%93%d7%99%d7%9d%5b%2fCOLOR%5d&amp;original_title=%20&amp;season=%20&amp;show_original_year=%20&amp;tmdbid=%20&amp;url=-1001406056035&quot"/>
	</include>
	</control>
	
	
   	<control type="group">
	<posx>319</posx>
	<include content="extrasmovieswidgets">
	<param name="id" value="501"/>
	<param name="buttonid" value="222"/>
	<param name="animposx" value="0"/>
	<param name="animposy" value="0"/>
	<param name="onback" value="1256"/>
	<param name="moviesinfoposx" value="1591"/>
	<param name="moviesinfoposy" value="410"/>
	<param name="moviefanartposx" value="-314"/>
	<param name="moviefanartposy" value="405"/>
	<param name="content" value="plugin://plugin.video.telemedia/?data=-1001169545715&amp;dates=%20&amp;description=%0afrom_plot&amp;eng_name=%20&amp;episode=%20&amp;fanart&amp;fav_status=false&amp;groups_id=0&amp;heb_name=%20&amp;iconimage&amp;id=%20&amp;image_master&amp;isr=0&amp;last_id&amp;mode=31&amp;name=%5bCOLOR%20khaki%5d%d7%a7%d7%91%d7%95%d7%a6%d7%aa%20%d7%94%d7%91%d7%a7%d7%a9%d7%95%d7%aa%20%d7%9c%d7%99%d7%9c%d7%93%d7%99%d7%9d%202%5b%2fCOLOR%5d&amp;original_title=%20&amp;season=%20&amp;show_original_year=%20&amp;tmdbid=%20&amp;url=-1001169545715&quot"/>
	</include>
	</control>
   
   	<control type="group">
	<posx>638</posx>
	<include content="extrasmovieswidgets">
	<param name="id" value="502"/>
	<param name="buttonid" value="223"/>
	<param name="animposx" value="0"/>
	<param name="animposy" value="0"/>
	<param name="onback" value="1256"/>
	<param name="moviesinfoposx" value="1272"/>
	<param name="moviesinfoposy" value="410"/>
	<param name="moviefanartposx" value="-633"/>
	<param name="moviefanartposy" value="405"/>
	<param name="content" value="plugin://plugin.video.telemedia/?data=-1001364848763&amp;dates=%20&amp;description=%0afrom_plot&amp;eng_name=%20&amp;episode=%20&amp;fanart&amp;fav_status=false&amp;groups_id=0&amp;heb_name=%20&amp;iconimage&amp;id=%20&amp;image_master&amp;isr=0&amp;last_id&amp;mode=31&amp;name=%5bCOLOR%20khaki%5d%d7%a7%d7%91%d7%95%d7%a6%d7%aa%20%d7%94%d7%91%d7%a7%d7%a9%d7%95%d7%aa%20%d7%9c%d7%99%d7%9c%d7%93%d7%99%d7%9d%203%5b%2fCOLOR%5d&amp;original_title=%20&amp;season=%20&amp;show_original_year=%20&amp;tmdbid=%20&amp;url=-1001364848763&quot"/>
	</include>
	</control>
	
	<control type="group">
	<posx>957</posx>
	<include content="extrasmovieswidgets">
	<param name="id" value="503"/>
	<param name="buttonid" value="224"/>
	<param name="animposx" value="0"/>
	<param name="animposy" value="0"/>
	<param name="onback" value="1256"/>
	<param name="moviesinfoposx" value="953"/>
	<param name="moviesinfoposy" value="410"/>
	<param name="moviefanartposx" value="-952"/>
	<param name="moviefanartposy" value="405"/>
	<param name="content" value="plugin://plugin.video.telemedia/?data=-1001428630061&amp;dates=%20&amp;description=%0afrom_plot&amp;eng_name=%20&amp;episode=%20&amp;fanart&amp;fav_status=false&amp;groups_id=0&amp;heb_name=%20&amp;iconimage&amp;id=%20&amp;image_master&amp;isr=0&amp;last_id&amp;mode=31&amp;name=%5bCOLOR%20khaki%5d%d7%a7%d7%91%d7%95%d7%a6%d7%aa%20%d7%94%d7%91%d7%a7%d7%a9%d7%95%d7%aa%20%d7%9c%d7%99%d7%9c%d7%93%d7%99%d7%9d%204%5b%2fCOLOR%5d&amp;original_title=%20&amp;season=%20&amp;show_original_year=%20&amp;tmdbid=%20&amp;url=-1001428630061&quot"/>
	</include>
	</control>
	
   	<control type="group">
	<posx>1276</posx>
	<include content="extrasmovieswidgets">
	<param name="id" value="504"/>
	<param name="buttonid" value="225"/>
	<param name="animposx" value="0"/>
	<param name="animposy" value="0"/>
	<param name="onback" value="1256"/>
	<param name="moviesinfoposx" value="634"/>
	<param name="moviesinfoposy" value="410"/>
	<param name="moviefanartposx" value="-1271"/>
	<param name="moviefanartposy" value="405"/>
	<param name="content" value="plugin://plugin.video.telemedia/?data=-1001229507581&amp;dates=%20&amp;description=%0afrom_plot&amp;eng_name=%20&amp;episode=%20&amp;fanart&amp;fav_status=false&amp;groups_id=0&amp;heb_name=%20&amp;iconimage&amp;id=%20&amp;image_master&amp;isr=0&amp;last_id&amp;mode=31&amp;name=%5bCOLOR%20khaki%5d%d7%a7%d7%91%d7%95%d7%a6%d7%aa%20%d7%94%d7%91%d7%a7%d7%a9%d7%95%d7%aa%20%d7%9c%d7%99%d7%9c%d7%93%d7%99%d7%9d%205%5b%2fCOLOR%5d&amp;original_title=%20&amp;season=%20&amp;show_original_year=%20&amp;tmdbid=%20&amp;url=-1001229507581&quot"/>
	</include>
	</control>
	
   	<control type="group">
	<posx>1595</posx>
	<include content="extrasmovieswidgets">
	<param name="id" value="505"/>
	<param name="buttonid" value="226"/>
	<param name="animposx" value="0"/>
	<param name="animposy" value="0"/>
	<param name="onback" value="1256"/>
	<param name="moviesinfoposx" value="315"/>
	<param name="moviesinfoposy" value="410"/>
	<param name="moviefanartposx" value="-1590"/>
	<param name="moviefanartposy" value="405"/>
	<param name="content" value="plugin://plugin.video.telemedia/?data=-1001331856284&amp;dates=%20&amp;description=%0afrom_plot&amp;eng_name=%20&amp;episode=%20&amp;fanart&amp;fav_status=false&amp;groups_id=0&amp;heb_name=%20&amp;iconimage&amp;id=%20&amp;image_master&amp;isr=0&amp;last_id&amp;mode=31&amp;name=%5bCOLOR%20khaki%5d%d7%a7%d7%91%d7%95%d7%a6%d7%aa%20%d7%94%d7%91%d7%a7%d7%a9%d7%95%d7%aa%20%d7%9c%d7%99%d7%9c%d7%93%d7%99%d7%9d%206%5b%2fCOLOR%5d&amp;original_title=%20&amp;season=%20&amp;show_original_year=%20&amp;tmdbid=%20&amp;url=-1001331856284&quot"/>
	</include>
	</control>
	
	
	
	
	
	<description>button widgets</description>
	
	
	<control type="group">
	<animation effect="fade" start="0" end="100" time="350">VisibleChange</animation>
	<posy>680</posy>
	<control type="group">
	<posx>0</posx>
	<include content="extrasmovieswidgets">
	<param name="id" value="506"/>
	<param name="buttonid" value="227"/>
	<param name="animposx" value="0"/>
	<param name="animposy" value="0"/>
	<param name="onback" value="1257"/>
	<param name="moviesinfoposx" value="1910"/>
	<param name="moviesinfoposy" value="-265"/>
	<param name="moviefanartposx" value="5"/>
	<param name="moviefanartposy" value="-275"/>
	<param name="sortby" value="dateadded"/>
	<param name="sortorder" value="descending"/>
	<param name="content" value="plugin://plugin.video.FlashTV/?cat_level=%20&amp;count=0&amp;description=%20&amp;fanart&amp;iconimage=https%3a%2f%2fkcat123.github.io%2fFTV%2fImages%2fMovies-Dubbed-IL.jpg&amp;index_depth=0&amp;lang=eng&amp;mode=5&amp;name=%d7%a1%d7%a8%d7%98%d7%99%d7%9d%20%d7%9e%d7%93%d7%95%d7%91%d7%91%d7%99%d7%9d&amp;page&amp;selected_list=%20&amp;url=%d7%99%d7%9c%d7%93%d7%99%d7%9d%d7%a1%d7%a8%d7%98%d7%99%d7%9d%20%d7%9e%d7%93%d7%95%d7%91%d7%91%d7%99%d7%9d&quot"/>
	</include>
	</control>
	
	
   	<control type="group">
	<posx>319</posx>
	<include content="extrasmovieswidgets">
	<param name="id" value="507"/>
	<param name="buttonid" value="228"/>
	<param name="animposx" value="0"/>
	<param name="animposy" value="0"/>
	<param name="onback" value="1257"/>
	<param name="moviesinfoposx" value="1591"/>
	<param name="moviesinfoposy" value="-265"/>
	<param name="moviefanartposx" value="-314"/>
	<param name="moviefanartposy" value="-275"/>
	<param name="sortby" value="dateadded"/>
	<param name="sortorder" value="descending"/>
	<param name="content" value="plugin://plugin.video.CHICCO/?cat_level=%20&amp;count=0&amp;description=%20&amp;fanart=http%3a%2f%2fmoridim.me%2fimages%2flarge%2f9424.jpg&amp;iconimage=http%3a%2f%2fmoridim.me%2fimages%2flarge%2f9424.jpg&amp;index_depth=0&amp;lang=eng&amp;mode=5&amp;name=%d7%a1%d7%a8%d7%98%d7%99%d7%9d%20%d7%9e%d7%93%d7%95%d7%91%d7%91%d7%99%d7%9d&amp;page&amp;selected_list=%20&amp;url=%d7%a1%d7%a8%d7%98%d7%99%d7%9d%d7%a1%d7%a8%d7%98%d7%99%d7%9d%20%d7%9e%d7%93%d7%95%d7%91%d7%91%d7%99%d7%9d&quot"/>
	</include>
	</control>
   
   	<control type="group">
	<posx>638</posx>
	<include content="extrasmovieswidgets">
	<param name="id" value="508"/>
	<param name="buttonid" value="229"/>
	<param name="animposx" value="0"/>
	<param name="animposy" value="0"/>
	<param name="onback" value="1257"/>
	<param name="moviesinfoposx" value="1272"/>
	<param name="moviesinfoposy" value="-265"/>
	<param name="moviefanartposx" value="-633"/>
	<param name="moviefanartposy" value="-275"/>
	<param name="sortby" value="dateadded"/>
	<param name="sortorder" value="descending"/>
	<param name="content" value="plugin://plugin.audio.My.Music/?cat_level=%20&amp;count=0&amp;description=%20&amp;fanart&amp;iconimage&amp;index_depth=0&amp;lang=eng&amp;mode=5&amp;name=kids&amp;page&amp;selected_list=%20&amp;url=kids&quot"/>
	</include>
	</control>
	
	<control type="group">
	<posx>957</posx>
	<include content="extrasmovieswidgets">
	<param name="id" value="509"/>
	<param name="buttonid" value="230"/>
	<param name="animposx" value="0"/>
	<param name="animposy" value="0"/>
	<param name="onback" value="1257"/>
	<param name="moviesinfoposx" value="953"/>
	<param name="moviesinfoposy" value="-265"/>
	<param name="moviefanartposx" value="-952"/>
	<param name="moviefanartposy" value="-275"/>
	<param name="sortby" value="random"/>
	<param name="sortorder" value="random"/>
	<param name="content" value="plugin://plugin.video.FlashTV/?cat_level=%20&amp;count=0&amp;description=%20&amp;fanart&amp;iconimage=https%3a%2f%2fkcat123.github.io%2fFTV%2fImages%2fMovies-Dubbed-IL.jpg&amp;index_depth=0&amp;lang=eng&amp;mode=5&amp;name=%d7%a1%d7%a8%d7%98%d7%99%d7%9d%20%d7%9e%d7%93%d7%95%d7%91%d7%91%d7%99%d7%9d&amp;page&amp;selected_list=%20&amp;url=%d7%99%d7%9c%d7%93%d7%99%d7%9d%d7%a1%d7%a8%d7%98%d7%99%d7%9d%20%d7%9e%d7%93%d7%95%d7%91%d7%91%d7%99%d7%9d&quot"/>
	</include>
	</control>
	
   	<control type="group">
	<posx>1276</posx>
	<include content="extrasmovieswidgets">
	<param name="id" value="510"/>
	<param name="buttonid" value="231"/>
	<param name="animposx" value="0"/>
	<param name="animposy" value="0"/>
	<param name="onback" value="1257"/>
	<param name="moviesinfoposx" value="634"/>
	<param name="moviesinfoposy" value="-265"/>
	<param name="moviefanartposx" value="-1271"/>
	<param name="moviefanartposy" value="-275"/>
	<param name="sortby" value="random"/>
	<param name="sortorder" value="random"/>
	<param name="content" value="plugin://plugin.video.CHICCO/?cat_level=%20&amp;count=0&amp;description=%20&amp;fanart=http%3a%2f%2fmoridim.me%2fimages%2flarge%2f9424.jpg&amp;iconimage=http%3a%2f%2fmoridim.me%2fimages%2flarge%2f9424.jpg&amp;index_depth=0&amp;lang=eng&amp;mode=5&amp;name=%d7%a1%d7%a8%d7%98%d7%99%d7%9d%20%d7%9e%d7%93%d7%95%d7%91%d7%91%d7%99%d7%9d&amp;page&amp;selected_list=%20&amp;url=%d7%a1%d7%a8%d7%98%d7%99%d7%9d%d7%a1%d7%a8%d7%98%d7%99%d7%9d%20%d7%9e%d7%93%d7%95%d7%91%d7%91%d7%99%d7%9d&quot"/>
	</include>
	</control>
	
   	<control type="group">
	<posx>1595</posx>
	<include content="extrasmovieswidgets">
	<param name="id" value="511"/>
	<param name="buttonid" value="232"/>
	<param name="animposx" value="0"/>
	<param name="animposy" value="0"/>
	<param name="onback" value="1257"/>
	<param name="moviesinfoposx" value="315"/>
	<param name="moviesinfoposy" value="-265"/>
	<param name="moviefanartposx" value="-1590"/>
	<param name="moviefanartposy" value="-275"/>
	<param name="sortby" value="dateadded"/>
	<param name="sortorder" value="descending"/>
	<param name="content" value="plugin://plugin.video.FlashTV/?cat_level=%20&amp;count=0&amp;description=%20&amp;fanart&amp;iconimage=https%3a%2f%2fkcat123.github.io%2fFTV%2fImages%2fMovies-Dubbed-IL.jpg&amp;index_depth=0&amp;lang=eng&amp;mode=5&amp;name=%d7%a1%d7%a8%d7%98%d7%99%d7%9d%20%d7%9e%d7%93%d7%95%d7%91%d7%91%d7%99%d7%9d&amp;page&amp;selected_list=%20&amp;url=%d7%99%d7%9c%d7%93%d7%99%d7%9d%d7%a1%d7%a8%d7%98%d7%99%d7%9d%20%d7%9e%d7%93%d7%95%d7%91%d7%91%d7%99%d7%9d&quot"/>
	</include>
	</control>
	</control>
	
   
   <control type="grouplist" id="1256">
   <description>top menu</description>
   <posx>0</posx>
   <posy>0</posy>
   <width>1920</width>
   <height>100</height>
   <ondown>1257</ondown>
   <orientation>horizontal</orientation>
   <itemgap>50</itemgap>
   <control type="button" id="221">
   <posx>0</posx>
   <posy>0</posy>
   <width>270</width>
   <height>50</height>
   <align>center</align>
   <label>[B]קבוצת הבקשות ילדים[/B]</label>
   <textcolor>black</textcolor>
   <focusedcolor>white</focusedcolor>
   <onclick>Control.SetFocus(500)</onclick>
   <texturefocus>-</texturefocus>
   <texturenofocus>-</texturenofocus>
   </control>
    <control type="button" id="222">
   <posx>0</posx>
   <posy>0</posy>
   <width>270</width>
   <height>50</height>
   <align>center</align>
   <label>[B]קבוצת הבקשות לילדים 2[/B]</label>
   <textcolor>black</textcolor>
   <focusedcolor>white</focusedcolor>
   <onclick>Control.SetFocus(501)</onclick>
   <texturefocus>-</texturefocus>
   <texturenofocus>-</texturenofocus>
   </control>
   <control type="button" id="223">
   <posx>0</posx>
   <posy>0</posy>
   <width>270</width>
   <height>50</height>
   <align>center</align>
   <label>[B]קבוצת הבקשות לילדים 3[/B]</label>
   <textcolor>black</textcolor>
   <focusedcolor>white</focusedcolor>
   <onclick>Control.SetFocus(502)</onclick>
   <texturefocus>-</texturefocus>
   <texturenofocus>-</texturenofocus>
   </control>
   <control type="button" id="224">
   <posx>0</posx>
   <posy>0</posy>
   <width>270</width>
   <height>50</height>
   <align>center</align>
   <label>[B]קבוצת הבקשות לילדים 4[/B]</label>
   <textcolor>black</textcolor>
   <focusedcolor>white</focusedcolor>
   <onclick>Control.SetFocus(503)</onclick>
   <texturefocus>-</texturefocus>
   <texturenofocus>-</texturenofocus>
   </control>
   <control type="button" id="225">
   <posx>0</posx>
   <posy>0</posy>
   <width>270</width>
   <height>50</height>
   <align>center</align>
   <label>[B]קבוצת הבקשות לילדים 5[/B]</label>
   <textcolor>black</textcolor>
   <focusedcolor>white</focusedcolor>
   <onclick>Control.SetFocus(504)</onclick>
   <texturefocus>-</texturefocus>
   <texturenofocus>-</texturenofocus>
   </control>
    <control type="button" id="226">
   <posx>0</posx>
   <posy>0</posy>
   <width>270</width>
   <height>50</height>
   <align>center</align>
   <label>[B]קבוצת הבקשות לילדים 6[/B]</label>
   <textcolor>black</textcolor>
   <focusedcolor>white</focusedcolor>
   <onclick>Control.SetFocus(505)</onclick>
   <texturefocus>-</texturefocus>
   <texturenofocus>-</texturenofocus>
   </control>
   </control>
   
   
   
   
   <control type="grouplist" id="1257">
   <description>top menu</description>
   <posx>0</posx>
   <posy>680</posy>
   <width>1920</width>
   <height>100</height>
   <onup>1256</onup>
   <orientation>horizontal</orientation>
   <itemgap>50</itemgap>
   <control type="button" id="227">
   <posx>0</posx>
   <posy>0</posy>
   <width>270</width>
   <height>50</height>
   <align>center</align>
   <label>[B]סרטים מדובבים גוסט[/B]</label>
   <textcolor>black</textcolor>
   <focusedcolor>white</focusedcolor>
   <onclick>Control.SetFocus(506)</onclick>
   <texturefocus>-</texturefocus>
   <texturenofocus>-</texturenofocus>
   </control>
    <control type="button" id="228">
   <posx>0</posx>
   <posy>0</posy>
   <width>270</width>
   <height>50</height>
   <align>center</align>
   <label>[B]סרטים מדובבים צי'קו[/B]</label>
   <textcolor>black</textcolor>
   <focusedcolor>white</focusedcolor>
   <onclick>Control.SetFocus(507)</onclick>
   <texturefocus>-</texturefocus>
   <texturenofocus>-</texturenofocus>
   </control>
   <control type="button" id="229">
   <posx>0</posx>
   <posy>0</posy>
   <width>270</width>
   <height>50</height>
   <align>center</align>
   <label>[B]סרטים מדובבים פלוס[/B]</label>
   <textcolor>black</textcolor>
   <focusedcolor>white</focusedcolor>
   <onclick>Control.SetFocus(508)</onclick>
   <texturefocus>-</texturefocus>
   <texturenofocus>-</texturenofocus>
   </control>
   <control type="button" id="230">
   <posx>0</posx>
   <posy>0</posy>
   <width>270</width>
   <height>50</height>
   <align>center</align>
   <label>[B]סרטים מדובבים ראנדומאלי[/B]</label>
   <textcolor>black</textcolor>
   <focusedcolor>white</focusedcolor>
   <onclick>Control.SetFocus(509)</onclick>
   <texturefocus>-</texturefocus>
   <texturenofocus>-</texturenofocus>
   </control>
   <control type="button" id="231">
   <posx>0</posx>
   <posy>0</posy>
   <width>270</width>
   <height>50</height>
   <align>center</align>
   <label>[B]סרטים מדובבים ראנדומאלי[/B]</label>
   <textcolor>black</textcolor>
   <focusedcolor>white</focusedcolor>
   <onclick>Control.SetFocus(510)</onclick>
   <texturefocus>-</texturefocus>
   <texturenofocus>-</texturenofocus>
   </control>
    <control type="button" id="232">
   <posx>0</posx>
   <posy>0</posy>
   <width>270</width>
   <height>50</height>
   <align>center</align>
   <label>[B]סרטים מדובבים ראנדומאלי[/B]</label>
   <textcolor>black</textcolor>
   <focusedcolor>white</focusedcolor>
   <onclick>Control.SetFocus(511)</onclick>
   <texturefocus>-</texturefocus>
   <texturenofocus>-</texturenofocus>
   </control>
   </control>
   
   
    </controls>
</window>
