<?xml version="1.0" encoding="UTF-8"?>
<window type="dialog" id="8003">
    <defaultcontrol always="true">21</defaultcontrol>
    <controls>




<control type="image">
<posx>0</posx>
<posy>0</posy>
<width>1920</width>
<height>1080</height>
<texture>black.png</texture>
</control>





<description>upperwidgets</description>
<control type="group">
<animation condition="Control.HasFocus(501) | Control.HasFocus(502) | Control.HasFocus(503) | Control.HasFocus(504) | Control.HasFocus(505) | Control.HasFocus(506) | Control.HasFocus(507) | Control.HasFocus(508) | Control.HasFocus(509)" effect="slide" start="0,0" end="0,-1500" time="450" tween="sine" easing="inout">Conditional</animation>
<include content="extramoviesdesign">
<param name="movieid" value="500"/>
<param name="menucontainernumber" value="21"/>
<param name="itemid" value="21"/>
<param name="startposxanim" value="0"/>
<param name="startposyanim" value="0"/>
<param name="endposxanim" value="1580"/>
<param name="endposyanim" value="630"/>
<param name="focusposx" value="352"/>
<param name="focusposy" value="200"/>
<param name="sortby" value="dateadded"/>
<param name="sortorder" value="descending"/>
<param name="moviecontent" value="plugin://plugin.video.tempest/?action=movies&amp;url=https%3a%2f%2fapi.trakt.tv%2fusers%2fme%2flists%2fmovies1-720%2fitems&quot"/>
</include>
</control>

<control type="group">
<posx>390</posx>
<animation condition="Control.HasFocus(500) | Control.HasFocus(502) | Control.HasFocus(503) | Control.HasFocus(504) | Control.HasFocus(505) | Control.HasFocus(506) | Control.HasFocus(507) | Control.HasFocus(508) | Control.HasFocus(509)" effect="slide" start="0,0" end="0,-1500" time="450" tween="sine" easing="inout">Conditional</animation>
<include content="extramoviesdesign">
<param name="movieid" value="501"/>
<param name="menucontainernumber" value="22"/>
<param name="itemid" value="22"/>
<param name="startposxanim" value="0"/>
<param name="startposyanim" value="0"/>
<param name="endposxanim" value="1190"/>
<param name="endposyanim" value="630"/>
<param name="infoposx" value="-390"/>
<param name="focusposx" value="352"/>
<param name="focusposy" value="200"/>
<param name="sortby" value="dateadded"/>
<param name="sortorder" value="descending"/>
<param name="moviecontent" value="plugin://plugin.video.tempest/?action=movies&amp;url=https%3a%2f%2fapi.trakt.tv%2fusers%2fme%2flists%2fmovies2-720%2fitems&quot"/>
</include>
</control>

<control type="group">
<posx>780</posx>
<animation condition="Control.HasFocus(500) | Control.HasFocus(501) | Control.HasFocus(503) | Control.HasFocus(504) | Control.HasFocus(505) | Control.HasFocus(506) | Control.HasFocus(507) | Control.HasFocus(508) | Control.HasFocus(509)" effect="slide" start="0,0" end="0,-1500" time="450" tween="sine" easing="inout">Conditional</animation>
<include content="extramoviesdesign">
<param name="movieid" value="502"/>
<param name="menucontainernumber" value="23"/>
<param name="itemid" value="23"/>
<param name="startposxanim" value="0"/>
<param name="startposyanim" value="0"/>
<param name="endposxanim" value="800"/>
<param name="endposyanim" value="630"/>
<param name="infoposx" value="-780"/>
<param name="focusposx" value="352"/>
<param name="focusposy" value="200"/>
<param name="sortby" value="dateadded"/>
<param name="sortorder" value="descending"/>
<param name="moviecontent" value="plugin://plugin.video.tempest/?action=movies&amp;url=https%3a%2f%2fapi.trakt.tv%2fusers%2fme%2flists%2fmovies3-720%2fitems&quot"/>
</include>
</control>

<control type="group">
<posx>1170</posx>
<animation condition="Control.HasFocus(500) | Control.HasFocus(501) | Control.HasFocus(502) | Control.HasFocus(504) | Control.HasFocus(505) | Control.HasFocus(506) | Control.HasFocus(507) | Control.HasFocus(508) | Control.HasFocus(509)" effect="slide" start="0,0" end="0,-1500" time="450" tween="sine" easing="inout">Conditional</animation>
<include content="extramoviesdesign">
<param name="movieid" value="503"/>
<param name="menucontainernumber" value="24"/>
<param name="itemid" value="24"/>
<param name="startposxanim" value="0"/>
<param name="startposyanim" value="0"/>
<param name="endposxanim" value="410"/>
<param name="endposyanim" value="630"/>
<param name="infoposx" value="-1170"/>
<param name="focusposx" value="352"/>
<param name="focusposy" value="200"/>
<param name="sortby" value="dateadded"/>
<param name="sortorder" value="descending"/>
<param name="moviecontent" value="plugin://plugin.video.tempest/?action=movies&amp;url=https%3a%2f%2fapi.trakt.tv%2fusers%2fme%2flists%2fmovies4-720%2fitems&quot"/>
</include>
</control>

<control type="group">
<posx>1560</posx>
<animation condition="Control.HasFocus(500) | Control.HasFocus(501) | Control.HasFocus(502) | Control.HasFocus(503) | Control.HasFocus(505) | Control.HasFocus(506) | Control.HasFocus(507) | Control.HasFocus(508) | Control.HasFocus(509)" effect="slide" start="0,0" end="0,-1500" time="450" tween="sine" easing="inout">Conditional</animation>
<include content="extramoviesdesign">
<param name="menucontainernumber" value="25"/>
<param name="movieid" value="504"/>
<param name="itemid" value="25"/>
<param name="startposxanim" value="0"/>
<param name="startposyanim" value="0"/>
<param name="endposxanim" value="20"/>
<param name="endposyanim" value="630"/>
<param name="infoposx" value="-1560"/>
<param name="focusposx" value="345"/>
<param name="focusposy" value="200"/>
<param name="sortby" value="dateadded"/>
<param name="sortorder" value="descending"/>
<param name="moviecontent" value="plugin://plugin.video.tempest/?action=movies&amp;url=https%3a%2f%2fapi.trakt.tv%2fusers%2fme%2flists%2fmovies5-720%2fitems&quot"/>
</include>
</control>



<description>down widgets</description>
<control type="group">
<posy>630</posy>
<include content="extramoviesdesign">
<param name="menucontainernumber" value="26"/>
<param name="movieid" value="505"/>
<param name="itemid" value="26"/>
<param name="startposxanim" value="0"/>
<param name="startposyanim" value="0"/>
<param name="endposxanim" value="0"/>
<param name="endposyanim" value="0"/>
<param name="infoposx" value="0"/>
<param name="infoposy" value="-630"/>
<param name="focusposx" value="352"/>
<param name="focusposy" value="200"/>
<param name="sortby" value="dateadded"/>
<param name="sortorder" value="descending"/>
<param name="moviecontent" value="plugin://plugin.video.tempest/?action=movies&amp;url=https%3a%2f%2fapi.trakt.tv%2fusers%2fme%2flists%2fmovies6-720%2fitems&quot"/>
</include>
</control>

<control type="group">
<posy>630</posy>
<posx>390</posx>
<include content="extramoviesdesign">
<param name="menucontainernumber" value="27"/>
<param name="movieid" value="506"/>
<param name="itemid" value="27"/>
<param name="startposxanim" value="0"/>
<param name="startposyanim" value="0"/>
<param name="endposxanim" value="0"/>
<param name="endposyanim" value="0"/>
<param name="infoposx" value="-390"/>
<param name="infoposy" value="-630"/>
<param name="focusposx" value="352"/>
<param name="focusposy" value="200"/>
<param name="sortby" value="dateadded"/>
<param name="sortorder" value="descending"/>
<param name="moviecontent" value="plugin://plugin.video.tempest/?action=movies&amp;url=https%3a%2f%2fapi.trakt.tv%2fusers%2fme%2flists%2fmovies7-720%2fitems&quot"/>
</include>
</control>

<control type="group">
<posy>630</posy>
<posx>780</posx>
<include content="extramoviesdesign">
<param name="menucontainernumber" value="28"/>
<param name="movieid" value="507"/>
<param name="itemid" value="28"/>
<param name="startposxanim" value="0"/>
<param name="startposyanim" value="0"/>
<param name="endposxanim" value="0"/>
<param name="endposyanim" value="0"/>
<param name="infoposx" value="-780"/>
<param name="infoposy" value="-630"/>
<param name="focusposx" value="352"/>
<param name="focusposy" value="200"/>
<param name="sortby" value="dateadded"/>
<param name="sortorder" value="descending"/>
<param name="moviecontent" value="plugin://plugin.video.tempest/?action=movies&amp;url=https%3a%2f%2fapi.trakt.tv%2fusers%2fme%2flists%2fmovies8-720%2fitems&quot"/>
</include>
</control>

<control type="group">
<posy>630</posy>
<posx>1170</posx>
<include content="extramoviesdesign">
<param name="menucontainernumber" value="29"/>
<param name="movieid" value="508"/>
<param name="itemid" value="29"/>
<param name="startposxanim" value="0"/>
<param name="startposyanim" value="0"/>
<param name="endposxanim" value="0"/>
<param name="endposyanim" value="0"/>
<param name="infoposx" value="-1170"/>
<param name="infoposy" value="-630"/>
<param name="focusposx" value="352"/>
<param name="focusposy" value="200"/>
<param name="sortby" value="dateadded"/>
<param name="sortorder" value="descending"/>
<param name="moviecontent" value="plugin://plugin.video.tempest/?action=movies&amp;url=https%3a%2f%2fapi.trakt.tv%2fusers%2fme%2flists%2fmovies9-720%2fitems&quot"/>
</include>
</control>

<control type="group">
<posy>630</posy>
<posx>1560</posx>
<animation condition="Control.HasFocus(500) | Control.HasFocus(501) | Control.HasFocus(502) | Control.HasFocus(503) | Control.HasFocus(504)" effect="slide" start="0,0" end="0,-1500" time="450" tween="sine" easing="inout">Conditional</animation>
<include content="extramoviesdesign">
<param name="menucontainernumber" value="30"/>
<param name="movieid" value="509"/>
<param name="itemid" value="30"/>
<param name="startposxanim" value="0"/>
<param name="startposyanim" value="0"/>
<param name="endposxanim" value="0"/>
<param name="endposyanim" value="0"/>
<param name="infoposx" value="-1560"/>
<param name="infoposy" value="-630"/>
<param name="focusposx" value="345"/>
<param name="focusposy" value="200"/>
<param name="sortby" value="dateadded"/>
<param name="sortorder" value="descending"/>
<param name="moviecontent" value="plugin://plugin.video.tempest/?action=movies&amp;url=https%3a%2f%2fapi.trakt.tv%2fusers%2fme%2flists%2fmovies10-720%2fitems&quot"/>
</include>
</control>

<control type="group">
<description>upper menu</description>
<animation condition="Control.HasFocus(500) | Control.HasFocus(501) | Control.HasFocus(502) | Control.HasFocus(503) | Control.HasFocus(504) | Control.HasFocus(505) | Control.HasFocus(506) | Control.HasFocus(507) | Control.HasFocus(508) | Control.HasFocus(509)" effect="slide" start="0,0" end="0,-1500" time="450" tween="sine" easing="inout">Conditional</animation>
<include content="mainmenuwidgets">
<param name="buttonposx" value="0"/>
<param name="buttonposy" value="0"/>
<param name="buttonid" value="21"/>
<param name="buttonright" value="22"/>
<param name="buttondown" value="26"/>
<param name="buttononclick" value="500"/>
<param name="labelname" value="גוסט סרטים 720"/>
</include>

<include content="mainmenuwidgets">
<param name="buttonposx" value="390"/>
<param name="buttonposy" value="0"/>
<param name="buttonid" value="22"/>
<param name="buttonright" value="23"/>
<param name="buttonleft" value="21"/>
<param name="buttondown" value="27"/>
<param name="buttononclick" value="501"/>
<param name="labelname" value="גוסט סרטים 720"/>
</include>

<include content="mainmenuwidgets">
<param name="buttonposx" value="780"/>
<param name="buttonposy" value="0"/>
<param name="buttonid" value="23"/>
<param name="buttonright" value="24"/>
<param name="buttonleft" value="22"/>
<param name="buttondown" value="28"/>
<param name="buttononclick" value="502"/>
<param name="labelname" value="גוסט סרטים 720"/>
</include>

<include content="mainmenuwidgets">
<param name="buttonposx" value="1170"/>
<param name="buttonposy" value="0"/>
<param name="buttonid" value="24"/>
<param name="buttonright" value="25"/>
<param name="buttonleft" value="23"/>
<param name="buttondown" value="29"/>
<param name="buttononclick" value="503"/>
<param name="labelname" value="גוסט סרטים 720"/>
</include>

<include content="mainmenuwidgets">
<param name="buttonposx" value="1560"/>
<param name="buttonposy" value="0"/>
<param name="buttonid" value="25"/>
<param name="buttonleft" value="24"/>
<param name="buttondown" value="30"/>
<param name="buttononclick" value="504"/>
<param name="labelname" value="גוסט סרטים 720"/>
</include>
</control>

<control type="group">
<description>down menu</description>
<include content="mainmenuwidgets">
<param name="buttonposx" value="0"/>
<param name="buttonposy" value="630"/>
<param name="buttonid" value="26"/>
<param name="buttonright" value="27"/>
<param name="buttononup" value="21"/>
<param name="buttononclick" value="505"/>
<param name="labelname" value="גוסט סרטים 720"/>
</include>

<include content="mainmenuwidgets">
<param name="buttonposx" value="390"/>
<param name="buttonposy" value="630"/>
<param name="buttonid" value="27"/>
<param name="buttonright" value="28"/>
<param name="buttonleft" value="26"/>
<param name="buttononup" value="22"/>
<param name="buttononclick" value="506"/>
<param name="labelname" value="גוסט סרטים 720"/>
</include>

<include content="mainmenuwidgets">
<param name="buttonposx" value="780"/>
<param name="buttonposy" value="630"/>
<param name="buttonid" value="28"/>
<param name="buttonright" value="29"/>
<param name="buttonleft" value="27"/>
<param name="buttononup" value="23"/>
<param name="buttononclick" value="507"/>
<param name="labelname" value="גוסט סרטים 720"/>
</include>

<include content="mainmenuwidgets">
<param name="buttonposx" value="1170"/>
<param name="buttonposy" value="630"/>
<param name="buttonid" value="29"/>
<param name="buttonright" value="30"/>
<param name="buttonleft" value="28"/>
<param name="buttononup" value="24"/>
<param name="buttononclick" value="508"/>
<param name="labelname" value="גוסט סרטים 720"/>
</include>

<control type="group">
<animation condition="Control.HasFocus(500) | Control.HasFocus(501) | Control.HasFocus(502) | Control.HasFocus(503) | Control.HasFocus(504)" effect="slide" start="0,0" end="20,0" time="450" tween="sine" easing="inout">Conditional</animation>
<include content="mainmenuwidgets">
<param name="buttonposx" value="1560"/>
<param name="buttonposy" value="630"/>
<param name="buttonid" value="30"/>
<param name="buttonleft" value="29"/>
<param name="buttononup" value="25"/>
<param name="buttononclick" value="509"/>
<param name="labelname" value="גוסט סרטים 720"/>
</include>
</control>

</control>

<control type="image">
<visible>Control.HasFocus(500) | Control.HasFocus(501) | Control.HasFocus(502) | Control.HasFocus(503) | Control.HasFocus(504)</visible>
<animation condition="[Control.HasFocus(500) | Control.HasFocus(501) | Control.HasFocus(502) | Control.HasFocus(503) | Control.HasFocus(504)]" effect="fade" start="0" end="100" time="5">Conditional</animation>
<posx>1512</posx>
<posy>630</posy>
<width>67</width>
<height>443</height>
<texture colordiffuse="ff6b5441" diffuse="glass.jpg">white.png</texture>
</control>





</controls>
</window>
