<?xml version="1.0" encoding="UTF-8"?>
<window type="dialog" id="9010">
    <defaultcontrol always="true">1256</defaultcontrol>
<controls>





<include content="ghostmainscreenmovieswidgets">
<param name="movieid" value="500"/>
<param name="itemid" value="21"/>
<param name="moviecontent" value="plugin://plugin.video.telemedia/?data=-1001393275322&amp;dates=%20&amp;description=%0afrom_plot&amp;eng_name=%20&amp;episode=%20&amp;fanart&amp;fav_status=false&amp;groups_id=0&amp;heb_name=%20&amp;iconimage&amp;id=%20&amp;image_master&amp;isr=0&amp;last_id&amp;mode=31&amp;name=%5bCOLOR%20khaki%5d%d7%9e%d7%93%d7%99%d7%94%20%d7%a1%d7%a0%d7%98%d7%a8%20%d7%9e%d7%a1%d7%9a%20%d7%a8%d7%90%d7%a9%d7%99%201%5b%2fCOLOR%5d&amp;original_title=%20&amp;season=%20&amp;show_original_year=%20&amp;tmdbid=%20&amp;url=-1001393275322&quot"/>
</include>
<include content="ghostmainscreenmovieswidgets">
<param name="movieid" value="501"/>
<param name="itemid" value="22"/>
<param name="moviecontent" value="plugin://plugin.video.telemedia/?data=-1001327795796&amp;dates=%20&amp;description=%d7%9e%d7%93%d7%99%d7%94%20%d7%a1%d7%a0%d7%98%d7%a8%20%d7%9e%d7%a1%d7%9a%20%d7%a8%d7%90%d7%a9%d7%99%202%0afrom_plot&amp;eng_name=%20&amp;episode=%20&amp;fanart&amp;fav_status=false&amp;groups_id=0&amp;heb_name=%20&amp;iconimage&amp;id=%20&amp;image_master&amp;isr=0&amp;last_id&amp;mode=31&amp;name=%5bCOLOR%20khaki%5d%d7%9e%d7%93%d7%99%d7%94%20%d7%a1%d7%a0%d7%98%d7%a8%20%d7%9e%d7%a1%d7%9a%20%d7%a8%d7%90%d7%a9%d7%99%202%5b%2fCOLOR%5d&amp;original_title=%20&amp;season=%20&amp;show_original_year=%20&amp;tmdbid=%20&amp;url=-1001327795796&quot"/>
</include>
<include content="ghostmainscreenmovieswidgets">
<param name="movieid" value="502"/>
<param name="itemid" value="23"/>
<param name="moviecontent" value="plugin://plugin.video.telemedia/?data=-1001314267031&amp;dates=%20&amp;description=%d7%9e%d7%93%d7%99%d7%94%20%d7%a1%d7%a0%d7%98%d7%a8%20%d7%9e%d7%a1%d7%9a%20%d7%a8%d7%90%d7%a9%d7%99%203%0afrom_plot&amp;eng_name=%20&amp;episode=%20&amp;fanart&amp;fav_status=false&amp;groups_id=0&amp;heb_name=%20&amp;iconimage&amp;id=%20&amp;image_master&amp;isr=0&amp;last_id&amp;mode=31&amp;name=%5bCOLOR%20khaki%5d%d7%9e%d7%93%d7%99%d7%94%20%d7%a1%d7%a0%d7%98%d7%a8%20%d7%9e%d7%a1%d7%9a%20%d7%a8%d7%90%d7%a9%d7%99%203%5b%2fCOLOR%5d&amp;original_title=%20&amp;season=%20&amp;show_original_year=%20&amp;tmdbid=%20&amp;url=-1001314267031&quot"/>
</include>
<include content="ghostmainscreenmovieswidgets">
<param name="movieid" value="503"/>
<param name="itemid" value="24"/>
<param name="moviecontent" value="plugin://plugin.video.telemedia/?data=-1001309863123&amp;dates=%20&amp;description=%d7%9e%d7%93%d7%99%d7%94%20%d7%a1%d7%a0%d7%98%d7%a8%20%d7%9e%d7%a1%d7%9a%20%d7%a8%d7%90%d7%a9%d7%99%204%0afrom_plot&amp;eng_name=%20&amp;episode=%20&amp;fanart&amp;fav_status=false&amp;groups_id=0&amp;heb_name=%20&amp;iconimage&amp;id=%20&amp;image_master&amp;isr=0&amp;last_id&amp;mode=31&amp;name=%5bCOLOR%20khaki%5d%d7%9e%d7%93%d7%99%d7%94%20%d7%a1%d7%a0%d7%98%d7%a8%20%d7%9e%d7%a1%d7%9a%20%d7%a8%d7%90%d7%a9%d7%99%204%5b%2fCOLOR%5d&amp;original_title=%20&amp;season=%20&amp;show_original_year=%20&amp;tmdbid=%20&amp;url=-1001309863123&quot"/>
</include>
<include content="ghostmainscreenmovieswidgets">
<param name="movieid" value="504"/>
<param name="itemid" value="25"/>
<param name="moviecontent" value="plugin://plugin.video.telemedia/?data=-1001264090389&amp;dates=%20&amp;description=%d7%92%0afrom_plot&amp;eng_name=%20&amp;episode=%20&amp;fanart&amp;fav_status=false&amp;groups_id=0&amp;heb_name=%20&amp;iconimage&amp;id=%20&amp;image_master&amp;isr=0&amp;last_id&amp;mode=31&amp;name=%5bCOLOR%20khaki%5d%d7%9e%d7%93%d7%99%d7%94%20%d7%a1%d7%a0%d7%98%d7%a8%20%d7%9e%d7%a1%d7%9a%20%d7%a8%d7%90%d7%a9%d7%99%205%5b%2fCOLOR%5d&amp;original_title=%20&amp;season=%20&amp;show_original_year=%20&amp;tmdbid=%20&amp;url=-1001264090389&quot"/>
</include>
<include content="ghostmainscreenmovieswidgets">
<param name="movieid" value="505"/>
<param name="itemid" value="26"/>
<param name="moviecontent" value="plugin://plugin.video.telemedia/?data=-1001308093892&amp;dates=%20&amp;description=BluRay%201080p%0afrom_plot&amp;eng_name=%20&amp;episode=%20&amp;fanart&amp;fav_status=false&amp;groups_id=0&amp;heb_name=%20&amp;iconimage&amp;id=%20&amp;image_master&amp;isr=0&amp;last_id&amp;mode=31&amp;name=%5bCOLOR%20khaki%5d%d7%9e%d7%93%d7%99%d7%94%20%d7%a1%d7%a0%d7%98%d7%a8%20%d7%9e%d7%a1%d7%9a%20%d7%a8%d7%90%d7%a9%d7%99%206%5b%2fCOLOR%5d&amp;original_title=%20&amp;season=%20&amp;show_original_year=%20&amp;tmdbid=%20&amp;url=-1001308093892&quot"/>
</include>
<include content="ghostmainscreenmovieswidgets">
<param name="movieid" value="506"/>
<param name="itemid" value="27"/>
<param name="moviecontent" value="plugin://plugin.video.telemedia/?data=-1001327515657&amp;dates=%20&amp;description=%0afrom_plot&amp;eng_name=%20&amp;episode=%20&amp;fanart&amp;fav_status=false&amp;groups_id=0&amp;heb_name=%20&amp;iconimage&amp;id=%20&amp;image_master&amp;isr=0&amp;last_id&amp;mode=31&amp;name=%5bCOLOR%20khaki%5d%d7%9e%d7%93%d7%99%d7%94%20%d7%a1%d7%a0%d7%98%d7%a8%20%d7%99%d7%9c%d7%93%d7%99%d7%9d%20%d7%9e%d7%a1%d7%9a%20%d7%a8%d7%90%d7%a9%d7%99%5b%2fCOLOR%5d&amp;original_title=%20&amp;season=%20&amp;show_original_year=%20&amp;tmdbid=%20&amp;url=-1001327515657&quot"/>
</include>


<control type="group">
<animation type="WindowOpen">
<effect type="slide" start="0,0" end="0,200" time="450" tween="sine" easing="inout"/>
</animation>
<animation type="WindowClose">
<effect type="slide" start="0,-200" end="0,0" time="450" tween="sine" easing="inout"/>
</animation>
<control type="list" id="1256">
<posx>22</posx>
<posy>-200</posy>
<width>1874</width>
<height>400</height>
<orientation>Horizontal</orientation>
<ondown condition="Container(1256).HasFocus(21)">Control.SetFocus(500)</ondown>
<ondown condition="Container(1256).HasFocus(22)">Control.SetFocus(501)</ondown>
<ondown condition="Container(1256).HasFocus(23)">Control.SetFocus(502)</ondown>
<ondown condition="Container(1256).HasFocus(24)">Control.SetFocus(503)</ondown>
<ondown condition="Container(1256).HasFocus(25)">Control.SetFocus(504)</ondown>
<ondown condition="Container(1256).HasFocus(26)">Control.SetFocus(505)</ondown>
<ondown condition="Container(1256).HasFocus(27)">Control.SetFocus(506)</ondown>
<scrolltime tween="sine" easing="inout">350</scrolltime>
<itemlayout width="300" height="50">
<control type="image">
<posx>0</posx>
<posy>0</posy>
<width>310</width>
<height>45</height>
<texture colordiffuse="70444444">white.png</texture>
</control>
<control type="label">
<posx>0</posx>
<posy>0</posy>
<width>310</width>
<height>50</height>
<align>center</align>
<label>$INFO[ListItem.Label]</label>
</control>

</itemlayout>
<focusedlayout width="300" height="50">
<control type="image">
<posx>0</posx>
<posy>0</posy>
<width>310</width>
<height>45</height>
<texture colordiffuse="70444444">white.png</texture>
</control>
<control type="image">
<visible>Control.HasFocus(1256)</visible>
<posx>0</posx>
<posy>0</posy>
<width>310</width>
<height>45</height>
<texture diffuse="glass.jpg" colordiffuse="ff6b5441">white.png</texture>
</control>
<control type="label">
<posx>0</posx>
<posy>0</posy>
<width>310</width>
<height>50</height>
<align>center</align>
<textcolor>yellow</textcolor>
<label>$INFO[ListItem.Label]</label>
</control>
</focusedlayout>
<content>
<item id="21">
<label>וידג'ט מסך ראשי 1</label>
<onclick>Control.SetFocus(500)</onclick>
</item>
<item id="22">
<label>וידג'ט מסך ראשי 2</label>
<onclick>Control.SetFocus(501)</onclick>
</item>
<item id="23">
<label>וידג'ט מסך ראשי 3</label>
<onclick>Control.SetFocus(502)</onclick>
</item>
<item id="24">
<label>וידג'ט מסך ראשי 4</label>
<onclick>Control.SetFocus(503)</onclick>
</item>
<item id="25">
<label>וידג'ט מסך ראשי 5</label>
<onclick>Control.SetFocus(504)</onclick>
</item>
<item id="26">
<label>וידג'ט מסך ראשי 6</label>
<onclick>Control.SetFocus(505)</onclick>
</item>
<item id="27">
<label>וידג'ט מסך ראשי ילדים</label>
<onclick>Control.SetFocus(506)</onclick>
</item>
</content>
</control>
</control>

</controls>
</window>
