<?xml version="1.0" encoding="UTF-8"?>
<window type="dialog" id="8006">
    <defaultcontrol always="true">1256</defaultcontrol>
<controls>




		<control type="list" id="1256">
			<posx>395</posx>
			<posy>375</posy>
			<width>1500</width>
			<height>360</height>
			<onback>Dialog.Close(8006)</onback>
			<onleft>9000</onleft>
			<orientation>vertical</orientation>
			<itemlayout width="500" height="60">
			<control type="image">
			<posx>0</posx>
			<posy>0</posy>
			<width>1135</width>
			<height>50</height>
			<texture colordiffuse="4a666666">white.png</texture>
			</control>
			<control type="label">
			<posx>0</posx>
			<posy>0</posy>
			<width>1135</width>
			<height>50</height>
			<align>center</align>
			<font>font-24</font>
			<label>[B]$INFO[ListItem.Label][/B]</label>
			</control>
			</itemlayout>
			<focusedlayout width="500" height="60">
			<control type="image">
			<posx>0</posx>
			<posy>0</posy>
			<width>1135</width>
			<height>50</height>
			<texture colordiffuse="4a666666">white.png</texture>
			</control>
			<control type="image">
			<visible>Control.HasFocus(1256)</visible>
			<animation effect="fade" start="0" end="100" time="50">Focus</animation>
			<posx>0</posx>
			<posy>0</posy>
			<width>1135</width>
			<height>50</height>
			<texture diffuse="glass.jpg" colordiffuse="$VAR[SubMenuFocusedColor]">white.png</texture>
			</control>
			<control type="label">
			<posx>0</posx>
			<posy>0</posy>
			<width>1135</width>
			<height>50</height>
			<align>center</align>
			<font>font-24</font>
			<label>[B]$INFO[ListItem.Label][/B]</label>
			</control>
			</focusedlayout>
			<content>plugin://plugin.video.telemedia/?data=0&amp;dates=%20&amp;description=%d7%9e%d7%93%d7%99%d7%94%20%d7%a1%d7%a0%d7%98%d7%a8%20%d7%a2%d7%a8%d7%95%d7%a5%20%d7%a1%d7%93%d7%a8%d7%95%d7%aa%20%d7%97%d7%95%d7%9c%20%d7%a4%d7%a8%d7%a7%d7%99%d7%9d%0afrom_plot&amp;eng_name=%20&amp;episode=%20&amp;fanart&amp;fav_status=false&amp;groups_id=0&amp;heb_name=%20&amp;iconimage&amp;id=%20&amp;image_master=%24%24%24&amp;isr=0&amp;last_id=0%24%24%240%24%24%240%24%24%240&amp;mode=2&amp;name=%5bCOLOR%20khaki%5d%d7%9e%d7%93%d7%99%d7%94%20%d7%a1%d7%a0%d7%98%d7%a8%20%d7%a2%d7%a8%d7%95%d7%a5%20%d7%a1%d7%93%d7%a8%d7%95%d7%aa%20%d7%97%d7%95%d7%9c%20%d7%a4%d7%a8%d7%a7%d7%99%d7%9d%5b%2fCOLOR%5d&amp;original_title=%d7%9e%d7%93%d7%99%d7%94%20%d7%a1%d7%a0%d7%98%d7%a8%20%d7%a2%d7%a8%d7%95%d7%a5%20%d7%a1%d7%93%d7%a8%d7%95%d7%aa%20%d7%97%d7%95%d7%9c%20%d7%a4%d7%a8%d7%a7%d7%99%d7%9d&amp;season=%20&amp;show_original_year=%20&amp;tmdbid=%20&amp;url=-1001402567607&quot</content>
		</control>


</controls>
</window>
