<?xml version="1.0" encoding="UTF-8"?>
<window type="dialog" id="7023">
	<defaultcontrol always="true">1256</defaultcontrol>

<controls>




<control type="group">
		<animation type="WindowOpen">
		<effect type="slide" start="0,0" end="-1000,0" time="450" tween="sine" easing="inout"/>
		</animation>
		<animation type="WindowClose">
		<effect type="slide" start="-1000,0" end="0,0" time="450" tween="sine" easing="inout"/>
		</animation>
		<control type="image">
		<posx>2414</posx>
		<posy>362</posy>
		<width>515</width>
		<height>365</height>
		<bordertexture colordiffuse="$VAR[MainInfoTextBorder]">white.png</bordertexture>
		<bordersize>1</bordersize>
		<texture colordiffuse="black">white.png</texture>
		</control>
		</control>

<control type="group">
		<animation type="WindowOpen">
		<effect type="slide" start="0,0" end="0,1400" time="550" tween="sine" easing="inout"/>
		</animation>
		<animation type="WindowClose">
		<effect type="slide" start="0,1400" end="0,0" time="550" tween="sine" easing="inout"/>
		</animation>
			<control type="image">
			<posx>510</posx>
			<posy>-1038</posy>
			<width>905</width>
			<height>365</height>
			<bordertexture colordiffuse="$VAR[MainInfoTextBorder]">white.png</bordertexture>
			<bordersize>1</bordersize>
			<texture colordiffuse="black">white.png</texture>
			</control>
		</control>


<control type="group">
		<animation type="WindowOpen">
		<effect type="slide" start="0,0" end="1000,0" time="450" tween="sine" easing="inout"/>
		</animation>
		<animation type="WindowClose">
		<effect type="slide" start="1000,0" end="0,0" time="450" tween="sine" easing="inout"/>
		</animation>
		<control type="image">
		<posx>-1005</posx>
		<posy>362</posy>
		<width>515</width>
		<height>365</height>
		<bordertexture colordiffuse="$VAR[MainInfoTextBorder]">white.png</bordertexture>
		<bordersize>1</bordersize>
		<texture colordiffuse="black">white.png</texture>
		</control>
		</control>


<include content="widgetmoviesextras">
<param name="id" value="500"/>
<param name="itemnumber" value="21"/>
<param name="content" value="plugin://plugin.video.telemedia/?data=-1001328778704&amp;dates=%20&amp;description=%0afrom_plot&amp;eng_name=%20&amp;episode=%20&amp;fanart&amp;fav_status=false&amp;groups_id=0&amp;heb_name=%20&amp;iconimage&amp;id=%20&amp;image_master&amp;isr=0&amp;last_id&amp;mode=31&amp;name=%5bCOLOR%20khaki%5d%d7%92%d7%95%d7%a1%d7%98%20%d7%a1%d7%a8%d7%98%d7%99%d7%9d-%d7%a8%d7%90%d7%a9%d7%99-1%5b%2fCOLOR%5d&amp;original_title=%20&amp;season=%20&amp;show_original_year=%20&amp;tmdbid=%20&amp;url=-1001328778704&quot"/>
</include>
<include content="widgetmoviesextras">
<param name="id" value="501"/>
<param name="itemnumber" value="22"/>
<param name="content" value="plugin://plugin.video.telemedia/?data=-1001225879972&amp;dates=%20&amp;description=%0afrom_plot&amp;eng_name=%20&amp;episode=%20&amp;fanart&amp;fav_status=false&amp;groups_id=0&amp;heb_name=%20&amp;iconimage&amp;id=%20&amp;image_master&amp;isr=0&amp;last_id&amp;mode=31&amp;name=%5bCOLOR%20khaki%5d%d7%92%d7%95%d7%a1%d7%98%20%d7%a1%d7%a8%d7%98%d7%99%d7%9d-%d7%a8%d7%90%d7%a9%d7%99-2%5b%2fCOLOR%5d&amp;original_title=%20&amp;season=%20&amp;show_original_year=%20&amp;tmdbid=%20&amp;url=-1001225879972&quot"/>
</include>
<include content="widgetmoviesextras">
<param name="id" value="502"/>
<param name="itemnumber" value="23"/>
<param name="content" value="plugin://plugin.video.telemedia/?data=-1001479681116&amp;dates=%20&amp;description=%0afrom_plot&amp;eng_name=%20&amp;episode=%20&amp;fanart&amp;fav_status=false&amp;groups_id=0&amp;heb_name=%20&amp;iconimage&amp;id=%20&amp;image_master&amp;isr=0&amp;last_id&amp;mode=31&amp;name=%5bCOLOR%20khaki%5d%d7%92%d7%95%d7%a1%d7%98%20%d7%a1%d7%a8%d7%98%d7%99%d7%9d-%d7%a8%d7%90%d7%a9%d7%99-3%5b%2fCOLOR%5d&amp;original_title=%20&amp;season=%20&amp;show_original_year=%20&amp;tmdbid=%20&amp;url=-1001479681116&quot"/>
</include>




<control type="wraplist" id="1256">
		<animation type="WindowOpen">
		<effect type="slide" start="0,0" end="-1000,0" time="450" tween="sine" easing="inout"/>
		</animation>
		<animation type="WindowClose">
		<effect type="slide" start="-1000,0" end="0,0" time="450" tween="sine" easing="inout"/>
		</animation>
<posx>2420</posx>
<posy>368</posy>
<width>540</width>
<height>50</height>
<focusposition>0</focusposition>
<ondown condition="Container(1256).HasFocus(21)">Control.SetFocus(500)</ondown>
<ondown condition="Container(1256).HasFocus(22)">Control.SetFocus(501)</ondown>
<ondown condition="Container(1256).HasFocus(23)">Control.SetFocus(502)</ondown>
<orientation>horizontal</orientation>
<scrolltime tween="sine" easing="inout">350</scrolltime>
<itemlayout width="280" height="40">
<control type="image">
<posx>0</posx>
<posy>0</posy>
<width>280</width>
<height>40</height>
<bordertexture colordiffuse="gray">white.png</bordertexture>
<bordersize>2</bordersize>
<texture colordiffuse="black">white.png</texture>
</control>
<control type="label">
<posx>0</posx>
<posy>0</posy>
<width>280</width>
<height>40</height>
<align>center</align>
<label>$INFO[ListItem.Label]</label>
</control>
</itemlayout>
<focusedlayout width="280" height="40">
<control type="image">
<posx>0</posx>
<posy>0</posy>
<width>280</width>
<height>40</height>
<bordertexture colordiffuse="gray">white.png</bordertexture>
<bordersize>2</bordersize>
<texture colordiffuse="black">white.png</texture>
</control>
<control type="image">
<animation condition="!Control.HasFocus(1256)" effect="fade" start="100" end="55" time="350">Conditional</animation>
<posx>2</posx>
<posy>3</posy>
<width>275</width>
<height>34</height>
<texture diffuse="glass.jpg" colordiffuse="$VAR[SubMenuFocusedColor]">white.png</texture>
</control>
<control type="image">
<animation effect="fade" start="0" end="100" time="450">Focus</animation>
<visible>Control.HasFocus(1256)</visible>
<posx>2</posx>
<posy>3</posy>
<width>275</width>
<height>34</height>
<texture diffuse="glass.jpg" colordiffuse="$VAR[SubMenuFocusedColor]">white.png</texture>
</control>

<control type="label">
<posx>0</posx>
<posy>0</posy>
<width>280</width>
<height>40</height>
<align>center</align>
<label>$INFO[ListItem.Label]</label>
</control>
</focusedlayout>
<content>
<item id="21">
<label>סרטים 1</label>
<onclick>Control.SetFocus(500)</onclick>
</item>
<item id="22">
<label>סרטים 2</label>
<onclick>Control.SetFocus(501)</onclick>
</item>
<item id="23">
<label>סרטים 3</label>
<onclick>Control.SetFocus(502)</onclick>
</item>
</content>
</control>



</controls>
</window>
