<?xml version="1.0" encoding="UTF-8"?>
<window type="dialog" id="6022">
	<defaultcontrol always="true">500</defaultcontrol>
	<controls>



<control type="image">
<posx>0</posx>
<posy>0</posy>
<width>1920</width>
<height>1080</height>
<texture>special://skin/extras/background/loguploader-dialog-bg.png</texture>
</control>




<include content="topwidgets">
<param name="id" value="500"/>
<param name="sortby" value="dateadded"/>
<param name="sortorder" value="descending"/>
<param name="content" value="plugin://plugin.video.tempest/?action=movies&amp;url=https%3a%2f%2fapi.trakt.tv%2fusers%2fme%2flists%2fmoviesextrasplus2%2fitems&quot"/>
</include>




<control type="grouplist" id="4000">
<animation condition="Integer.IsGreater(Container(500).NumItems,0)" effect="slide" start="0,0" end="1000,0" time="550" tween="sine" easing="inout">Conditional</animation>
  <posx>-480</posx>
  <posy>380</posy>
  <width>500</width>
  <height>100</height>
  <orientation>Horizontal</orientation>
  <itemgap>5</itemgap>
  <align>center</align>
  <control type="button" id="20">
  <visible>!Player.HasVideo</visible>
  <width>150</width>
  <height>50</height>
  <label>נגן</label>
  <align>center</align>
  <textcolor>white</textcolor>
  <focusedcolor>deepskyblue</focusedcolor>
  <texturenofocus>black.png</texturenofocus>
  <texturefocus diffuse="special://skin/extras/test/glass.jpg" colordiffuse="gray">white.png</texturefocus>
  <onclick>SendClick(8)</onclick>
  </control>
  <control type="button" id="21">
  <visible>Player.HasVideo</visible>
  <width>150</width>
  <height>50</height>
  <label>עצור</label>
  <align>center</align>
  <textcolor>white</textcolor>
  <focusedcolor>deepskyblue</focusedcolor>
  <texturenofocus>black.png</texturenofocus>
  <texturefocus diffuse="special://skin/extras/test/glass.jpg" colordiffuse="gray">white.png</texturefocus>
  <onclick>stop</onclick>
  </control> 
   <control type="button" id="22">
  <width>150</width>
  <height>50</height>
  <label>דירוג</label>
  <align>center</align>
  <textcolor>white</textcolor>
  <focusedcolor>deepskyblue</focusedcolor>
  <texturenofocus>black.png</texturenofocus>
  <texturefocus diffuse="special://skin/extras/test/glass.jpg" colordiffuse="gray">white.png</texturefocus>
  <onclick>SendClick(11)</onclick>
  </control>
  <control type="button" id="23">
  <width>150</width>
  <height>50</height>
  <label>טריילר</label>
  <align>center</align>
  <textcolor>white</textcolor>
  <focusedcolor>deepskyblue</focusedcolor>
  <texturenofocus>black.png</texturenofocus>
  <texturefocus diffuse="special://skin/extras/test/glass.jpg" colordiffuse="gray">white.png</texturefocus>
  <onclick>PlayMedia($INFO[ListItem.trailer],1)</onclick>
  </control>
  </control>

<control type="group">
<posx>525</posx>
<posy>410</posy>
<width>450</width>
<height>350</height>
<control type="VideoWindow">
<posx>20</posx>
<posy>-50</posy>
<aspectratio>keep</aspectratio>
</control>
</control>

</controls>
</window>
