<?xml version="1.0" encoding="UTF-8"?>
<window type="dialog" id="6006">
	<defaultcontrol always="true">500</defaultcontrol>
	<controls>

<control type="group">
<description>תמונות מעבר רקע</description>
<control type="image">
<posx>0</posx>
<posy>0</posy>
<width>1920</width>
<height>1080</height>
<texture colordiffuse="black">white.png</texture>
</control>
<control type="multiimage">
<posx>0</posx>
<posy>0</posy>
<width>1920</width>
<height>1080</height>
<fadetime>750</fadetime>
<timeperimage>15000</timeperimage>
<imagepath>special://skin/extras/kidsbg/</imagepath>
</control>
</control>

			<control type="grouplist" id="6665">
			<posx>0</posx>
			<posy>830</posy>
			<width>830</width>
			<height>500</height>
			<orientation>vertical</orientation>
			<itemgap>10</itemgap>
			<control type="button" id="221">
			<posx>0</posx>
			<posy>0</posy>
			<width>250</width>
			<height>80</height>
			<onback>500</onback>
			<texturenofocus colordiffuse="black">white.png</texturenofocus>
			<texturefocus colordiffuse="deeppink">white.png</texturefocus>
			<label>הגדר שם</label>
			<textcolor>deeppink</textcolor>
			<align>center</align>
			<font>itemTitle</font>
			<focusedcolor>deepskyblue</focusedcolor>
			<onclick>Control.SetFocus(410)</onclick>
			</control>
			<control type="button" id="222">
			<posx>0</posx>
			<posy>0</posy>
			<width>250</width>
			<height>80</height>
			<onback>500</onback>
			<texturenofocus colordiffuse="black">white.png</texturenofocus>
			<texturefocus colordiffuse="deeppink">white.png</texturefocus>
			<label>חזרה לתפריט</label>
			<textcolor>deeppink</textcolor>
			<align>center</align>
			<font>itemTitle</font>
			<focusedcolor>deepskyblue</focusedcolor>
			<onclick>SetFocus(500)</onclick>
			</control>

			<control type="button" id="223">
			<visible>!Player.HasVideo</visible>
			<posx>0</posx>
			<posy>0</posy>
			<width>250</width>
			<height>80</height>
			<onback>500</onback>
			<texturenofocus colordiffuse="black">white.png</texturenofocus>
			<texturefocus colordiffuse="deeppink">white.png</texturefocus>
			<label>יציאה מהחלון</label>
			<textcolor>deeppink</textcolor>
			<align>center</align>
			<font>itemTitle</font>
			<focusedcolor>deepskyblue</focusedcolor>
			<onclick>Dialog.Close(all,true)</onclick>
			</control>
			<control type="button" id="225">
			<visible>Player.HasVideo</visible>
			<posx>0</posx>
			<posy>0</posy>
			<width>250</width>
			<height>80</height>
			<onback>500</onback>
			<texturenofocus colordiffuse="black">white.png</texturenofocus>
			<texturefocus colordiffuse="deeppink">white.png</texturefocus>
			<label>עצור וידאו</label>
			<textcolor>deeppink</textcolor>
			<align>center</align>
			<font>itemTitle</font>
			<focusedcolor>deepskyblue</focusedcolor>
			<onclick>PlayerControl(stop)</onclick>
			</control>
			</control>


<control type="group">
<description>דשא</description>
<control type="multiimage">
<posx>-80</posx>
<posy>980</posy>
<width>250</width>
<height>250</height>
<fadetime>750</fadetime>
<imagepath>https://i.pinimg.com/originals/2a/a2/0b/2aa20b2129a6b56fd02eb2d794a1a689.png</imagepath>
</control>
</control>

<control type="group">
<animation type="WindoOpen" condition="Integer.IsGreater(Container(500).NumItems,0)" reversible="false">
<effect type="slide" start="0,0" end="-1410,0" time="850" tween="back" easing="out"/>
</animation>
<posx>800</posx>
<description>רקע למידע  על הסרט</description>
<control type="image">
<posx>1250</posx>
<posy>20</posy>
<width>648</width>
<height>320</height>
<texture colordiffuse="white">white.png</texture>
</control>
<control type="multiimage">
<posx>1250</posx>
<posy>20</posy>
<width>650</width>
<height>320</height>
<fadetime>350</fadetime>
<imagepath>https://library.kissclipart.com/20180901/aww/kissclipart-marcos-infantiles-png-clipart-picture-frames-e33a542aa9aa359d.png</imagepath>
</control>
</control>

<control type="image">
<animation type="WindoOpen" condition="Integer.IsGreater(Container(500).NumItems,0)" reversible="false">
<effect type="slide" start="0,0" end="1000,0" time="850" tween="back" easing="out"/>
</animation>
<description>ילדים זא'נרים</description>
<posx>-1000</posx>
<posy>0</posy>
<width>550</width>
<height>450</height>
<texture>special://skin/extras/kidsframes/kidsgenres.png</texture>
</control>

<control type="image">
<animation type="WindoOpen" condition="Integer.IsGreater(Container(500).NumItems,0)" reversible="false">
<effect type="slide" start="0,0" end="-1130,0" time="850" tween="back" easing="out"/>
</animation>
<description>ילדים שנת הסרט</description>
<posx>2500</posx>
<posy>0</posy>
<width>550</width>
<height>450</height>
<texture>special://skin/extras/kidsframes/kidsgenres.png</texture>
</control>


	<control type="grouplist" id="5000">
	<itemgap>0</itemgap>
	<posy>500</posy>
	<posx>-1000</posx>
	<height>1000</height>
	<onback>221</onback>
	<orientation>vertical</orientation>
	<pagecontrol>60</pagecontrol>
	<animation type="WindoOpen" condition="Integer.IsGreater(Container(500).NumItems,0)" reversible="false">
	<effect type="slide" start="0,0" end="1100,0" time="1350" tween="back" easing="out"/>
	</animation>

	
	<include content="for_test_widget_content">
	<param name="widgetid" value="500"/>
	<param name="posy" value="500"/>
		<param name="sortby" value="dateadded"/>
	<param name="sortorder" value="descending"/>
	<param name="widgetcontent" value="plugin://plugin.video.FlashTV/?cat_level=%20&amp;count=0&amp;description=%20&amp;fanart&amp;iconimage=https%3a%2f%2fkcat123.github.io%2fFTV%2fImages%2fMovies-Dubbed-IL.jpg&amp;index_depth=0&amp;lang=eng&amp;mode=5&amp;name=%d7%a1%d7%a8%d7%98%d7%99%d7%9d%20%d7%9e%d7%93%d7%95%d7%91%d7%91%d7%99%d7%9d&amp;page&amp;selected_list=%20&amp;url=%d7%99%d7%9c%d7%93%d7%99%d7%9d%d7%a1%d7%a8%d7%98%d7%99%d7%9d%20%d7%9e%d7%93%d7%95%d7%91%d7%91%d7%99%d7%9d&quot"/>
	</include>
		<include content="for_test_widget_content">
	<param name="widgetid" value="501"/>
	<param name="posy" value="500"/>
		<param name="sortby" value="random"/>
	<param name="sortorder" value="random"/>
	<param name="widgetcontent" value="plugin://plugin.video.FlashTV/?cat_level=%20&amp;count=0&amp;description=%20&amp;fanart&amp;iconimage=https%3a%2f%2fkcat123.github.io%2fFTV%2fImages%2fMovies-Dubbed-IL.jpg&amp;index_depth=0&amp;lang=eng&amp;mode=5&amp;name=%d7%a1%d7%a8%d7%98%d7%99%d7%9d%20%d7%9e%d7%93%d7%95%d7%91%d7%91%d7%99%d7%9d&amp;page&amp;selected_list=%20&amp;url=%d7%99%d7%9c%d7%93%d7%99%d7%9d%d7%a1%d7%a8%d7%98%d7%99%d7%9d%20%d7%9e%d7%93%d7%95%d7%91%d7%91%d7%99%d7%9d&quot"/>
	</include>
	<include content="for_test_widget_content">
	<param name="widgetid" value="502"/>
	<param name="posy" value="500"/>
		<param name="sortby" value="random"/>
	<param name="sortorder" value="random"/>
	<param name="widgetcontent" value="plugin://plugin.video.FlashTV/?cat_level=%20&amp;count=0&amp;description=%20&amp;fanart&amp;iconimage=https%3a%2f%2fkcat123.github.io%2fFTV%2fImages%2fMovies-Dubbed-IL.jpg&amp;index_depth=0&amp;lang=eng&amp;mode=5&amp;name=%d7%a1%d7%a8%d7%98%d7%99%d7%9d%20%d7%9e%d7%93%d7%95%d7%91%d7%91%d7%99%d7%9d&amp;page&amp;selected_list=%20&amp;url=%d7%99%d7%9c%d7%93%d7%99%d7%9d%d7%a1%d7%a8%d7%98%d7%99%d7%9d%20%d7%9e%d7%93%d7%95%d7%91%d7%91%d7%99%d7%9d&quot"/>
	</include>
	<include content="for_test_widget_content">
	<param name="widgetid" value="503"/>
	<param name="posy" value="500"/>
		<param name="sortby" value="random"/>
	<param name="sortorder" value="random"/>
	<param name="widgetcontent" value="plugin://plugin.video.FlashTV/?cat_level=%20&amp;count=0&amp;description=%20&amp;fanart&amp;iconimage=https%3a%2f%2fkcat123.github.io%2fFTV%2fImages%2fMovies-Dubbed-IL.jpg&amp;index_depth=0&amp;lang=eng&amp;mode=5&amp;name=%d7%a1%d7%a8%d7%98%d7%99%d7%9d%20%d7%9e%d7%93%d7%95%d7%91%d7%91%d7%99%d7%9d&amp;page&amp;selected_list=%20&amp;url=%d7%99%d7%9c%d7%93%d7%99%d7%9d%d7%a1%d7%a8%d7%98%d7%99%d7%9d%20%d7%9e%d7%93%d7%95%d7%91%d7%91%d7%99%d7%9d&quot"/>
	</include>
	<include content="for_test_widget_content">
	<param name="widgetid" value="504"/>
	<param name="posy" value="500"/>
		<param name="sortby" value="random"/>
	<param name="sortorder" value="random"/>
	<param name="widgetcontent" value="plugin://plugin.video.FlashTV/?cat_level=%20&amp;count=0&amp;description=%20&amp;fanart&amp;iconimage=https%3a%2f%2fkcat123.github.io%2fFTV%2fImages%2fMovies-Dubbed-IL.jpg&amp;index_depth=0&amp;lang=eng&amp;mode=5&amp;name=%d7%a1%d7%a8%d7%98%d7%99%d7%9d%20%d7%9e%d7%93%d7%95%d7%91%d7%91%d7%99%d7%9d&amp;page&amp;selected_list=%20&amp;url=%d7%99%d7%9c%d7%93%d7%99%d7%9d%d7%a1%d7%a8%d7%98%d7%99%d7%9d%20%d7%9e%d7%93%d7%95%d7%91%d7%91%d7%99%d7%9d&quot"/>
	</include>
	<include content="for_test_widget_content">
	<param name="widgetid" value="505"/>
	<param name="posy" value="500"/>
		<param name="sortby" value="random"/>
	<param name="sortorder" value="random"/>
	<param name="widgetcontent" value="plugin://plugin.video.FlashTV/?cat_level=%20&amp;count=0&amp;description=%20&amp;fanart&amp;iconimage=https%3a%2f%2fkcat123.github.io%2fFTV%2fImages%2fMovies-Dubbed-IL.jpg&amp;index_depth=0&amp;lang=eng&amp;mode=5&amp;name=%d7%a1%d7%a8%d7%98%d7%99%d7%9d%20%d7%9e%d7%93%d7%95%d7%91%d7%91%d7%99%d7%9d&amp;page&amp;selected_list=%20&amp;url=%d7%99%d7%9c%d7%93%d7%99%d7%9d%d7%a1%d7%a8%d7%98%d7%99%d7%9d%20%d7%9e%d7%93%d7%95%d7%91%d7%91%d7%99%d7%9d&quot"/>
	</include>
	<include content="for_test_widget_content">
	<param name="widgetid" value="506"/>
	<param name="posy" value="500"/>
	<param name="sortby" value="dataadded"/>
	<param name="sortorder" value="descending"/>
	<param name="widgetcontent" value="plugin://plugin.video.FlashTV/?cat_level=%20&amp;count=0&amp;description=%20&amp;fanart&amp;iconimage=https%3a%2f%2fkcat123.github.io%2fFTV%2fImages%2fMovies-Dubbed-IL.jpg&amp;index_depth=0&amp;lang=eng&amp;mode=5&amp;name=%d7%a1%d7%a8%d7%98%d7%99%d7%9d%20%d7%9e%d7%93%d7%95%d7%91%d7%91%d7%99%d7%9d&amp;page&amp;selected_list=%20&amp;url=%d7%99%d7%9c%d7%93%d7%99%d7%9d%d7%a1%d7%a8%d7%98%d7%99%d7%9d%20%d7%9e%d7%93%d7%95%d7%91%d7%91%d7%99%d7%9d&quot"/>
	</include>
	<include content="for_test_widget_content">
	<param name="widgetid" value="507"/>
	<param name="posy" value="300"/>
	<param name="sortby" value="random"/>
	<param name="sortorder" value="random"/>
	<param name="widgetcontent" value="plugin://plugin.video.FlashTV/?cat_level=%20&amp;count=0&amp;description=%20&amp;fanart&amp;iconimage=https%3a%2f%2fkcat123.github.io%2fFTV%2fImages%2fMovies-Dubbed-IL.jpg&amp;index_depth=0&amp;lang=eng&amp;mode=5&amp;name=%d7%a1%d7%a8%d7%98%d7%99%d7%9d%20%d7%9e%d7%93%d7%95%d7%91%d7%91%d7%99%d7%9d&amp;page&amp;selected_list=%20&amp;url=%d7%99%d7%9c%d7%93%d7%99%d7%9d%d7%a1%d7%a8%d7%98%d7%99%d7%9d%20%d7%9e%d7%93%d7%95%d7%91%d7%91%d7%99%d7%9d&quot"/>
	</include>
	<include content="for_test_widget_content">
	<param name="widgetid" value="508"/>
	<param name="posy" value="500"/>
	<param name="sortby" value="dataadded"/>
	<param name="sortorder" value="descending"/>
	<param name="widgetcontent" value="plugin://plugin.video.FlashTV/?cat_level=%20&amp;count=0&amp;description=%20&amp;fanart&amp;iconimage=https%3a%2f%2fkcat123.github.io%2fFTV%2fImages%2fMovies-Dubbed-IL.jpg&amp;index_depth=0&amp;lang=eng&amp;mode=5&amp;name=%d7%a1%d7%a8%d7%98%d7%99%d7%9d%20%d7%9e%d7%93%d7%95%d7%91%d7%91%d7%99%d7%9d&amp;page&amp;selected_list=%20&amp;url=%d7%99%d7%9c%d7%93%d7%99%d7%9d%d7%a1%d7%a8%d7%98%d7%99%d7%9d%20%d7%9e%d7%93%d7%95%d7%91%d7%91%d7%99%d7%9d&quot"/>
	</include>
	<include content="for_test_widget_content">
	<param name="widgetid" value="509"/>
	<param name="posy" value="500"/>
	<param name="sortby" value="random"/>
	<param name="sortorder" value="random"/>
	<param name="widgetcontent" value="plugin://plugin.video.FlashTV/?cat_level=%20&amp;count=0&amp;description=%20&amp;fanart&amp;iconimage=https%3a%2f%2fkcat123.github.io%2fFTV%2fImages%2fMovies-Dubbed-IL.jpg&amp;index_depth=0&amp;lang=eng&amp;mode=5&amp;name=%d7%a1%d7%a8%d7%98%d7%99%d7%9d%20%d7%9e%d7%93%d7%95%d7%91%d7%91%d7%99%d7%9d&amp;page&amp;selected_list=%20&amp;url=%d7%99%d7%9c%d7%93%d7%99%d7%9d%d7%a1%d7%a8%d7%98%d7%99%d7%9d%20%d7%9e%d7%93%d7%95%d7%91%d7%91%d7%99%d7%9d&quot"/>
	</include>
	</control>
	
	
		<include content="kidsmovieinfo">
	<param name="kidsid" value="500"/>
	<param name="visibleinfowidgetnumber" value="Control.HasFocus(500) | Control.HasFocus(1256) | Control.HasFocus(1259)"/>
	</include>
		<include content="kidsmovieinfo">
	<param name="kidsid" value="501"/>
	<param name="visibleinfowidgetnumber" value="Control.HasFocus(501)"/>
	</include>
		<include content="kidsmovieinfo">
	<param name="kidsid" value="502"/>
	<param name="visibleinfowidgetnumber" value="Control.HasFocus(502)"/>
	</include>
		<include content="kidsmovieinfo">
	<param name="kidsid" value="503"/>
	<param name="visibleinfowidgetnumber" value="Control.HasFocus(503)"/>
	</include>
		<include content="kidsmovieinfo">
	<param name="kidsid" value="504"/>
	<param name="visibleinfowidgetnumber" value="Control.HasFocus(504)"/>
	</include>
		<include content="kidsmovieinfo">
	<param name="kidsid" value="505"/>
	<param name="visibleinfowidgetnumber" value="Control.HasFocus(505)"/>
	</include>
		<include content="kidsmovieinfo">
	<param name="kidsid" value="506"/>
	<param name="visibleinfowidgetnumber" value="Control.HasFocus(506)"/>
	</include>
		<include content="kidsmovieinfo">
	<param name="kidsid" value="507"/>
	<param name="visibleinfowidgetnumber" value="Control.HasFocus(507)"/>
	</include>
		<include content="kidsmovieinfo">
	<param name="kidsid" value="508"/>
	<param name="visibleinfowidgetnumber" value="Control.HasFocus(508)"/>
	</include>
		<include content="kidsmovieinfo">
	<param name="kidsid" value="509"/>
	<param name="visibleinfowidgetnumber" value="Control.HasFocus(509)"/>
	</include>
	
	
	<include content="check_dubbed">
	<param name="dubbedid" value="500"/>
	</include>
	
		<include content="check_dubbed">
	<param name="dubbedid" value="501"/>
	</include>
		<include content="check_dubbed">
	<param name="dubbedid" value="502"/>
	</include>
		<include content="check_dubbed">
	<param name="dubbedid" value="503"/>
	</include>
		<include content="check_dubbed">
	<param name="dubbedid" value="504"/>
	</include>
		<include content="check_dubbed">
	<param name="dubbedid" value="505"/>
	</include>
		<include content="check_dubbed">
	<param name="dubbedid" value="506"/>
	</include>
		<include content="check_dubbed">
	<param name="dubbedid" value="507"/>
	</include>
		<include content="check_dubbed">
	<param name="dubbedid" value="508"/>
	</include>
		<include content="check_dubbed">
	<param name="dubbedid" value="509"/>
	</include>
	
	<include>arrowsconditions</include>
	


<control type="grouplist" id="1259">
<visible>!Window.IsActive(DialogVideoInfo.xml)</visible>
<posx>550</posx>
<posy>870</posy>
<width>2000</width>
<height>500</height>
<onback>500</onback>
<orientation>horizontal</orientation>
<itemgap>250</itemgap>
<control type="group">
<control type="button" id="23">
<onright>Control.SetFocus(24)</onright>
<animation type="Focus">
<effect type="slide" start="0,0" end="0,-40" time="650"/>
</animation>
<animation type="UמFocus">
<effect type="slide" start="0,-40" end="0,0" time="650"/>
</animation>
<posx>0</posx>
<posy>0</posy>
<width>180</width>
<height>270</height>
<textoffsety>40</textoffsety>
<textoffsetx>20</textoffsetx>
<aligny>30</aligny>
<texturefocus>special://skin/extras/kidsframes/wood-sign.png</texturefocus>
<texturenofocus>special://skin/extras/kidsframes/wood-sign.png</texturenofocus>
<textcolor>black</textcolor>
<focusedcolor>white</focusedcolor>
<font>font-20b</font>
<label>[B]טריילר[/B]</label>
<angle>20</angle>
<onclick>Action(info)</onclick>
</control>
</control>
<control type="group">
<control type="button" id="24">
<onleft>Control.SetFocus(23)</onleft>
<onright>Control.SetFocus(25)</onright>
<animation type="Focus">
<effect type="slide" start="0,0" end="0,-40" time="650"/>
</animation>
<animation type="UמFocus">
<effect type="slide" start="0,-40" end="0,0" time="650"/>
</animation>
<posx>0</posx>
<posy>0</posy>
<width>180</width>
<height>270</height>
<textoffsety>40</textoffsety>
<textoffsetx>20</textoffsetx>
<aligny>30</aligny>
<texturefocus>special://skin/extras/kidsframes/wood-sign.png</texturefocus>
<texturenofocus>special://skin/extras/kidsframes/wood-sign.png</texturenofocus>
<textcolor>black</textcolor>
<focusedcolor>white</focusedcolor>
<font>font-20b</font>
<label>[B]נגן[/B]</label>
<angle>20</angle>
<onclick>Action(info)</onclick>
</control>
</control>
<control type="group">
<control type="button" id="25">
<onleft>Control.SetFocus(24)</onleft>
<animation type="Focus">
<effect type="slide" start="0,0" end="0,-40" time="650"/>
</animation>
<animation type="UמFocus">
<effect type="slide" start="0,-40" end="0,0" time="650"/>
</animation>
<posx>0</posx>
<posy>0</posy>
<width>180</width>
<height>270</height>
<textoffsety>40</textoffsety>
<textoffsetx>20</textoffsetx>
<aligny>30</aligny>
<texturefocus>special://skin/extras/kidsframes/wood-sign.png</texturefocus>
<texturenofocus>special://skin/extras/kidsframes/wood-sign.png</texturenofocus>
<textcolor>black</textcolor>
<focusedcolor>white</focusedcolor>
<font>font-20b</font>
<label>[B]דירוג[/B]</label>
<angle>20</angle>
<onclick>Action(info)</onclick>
</control>
</control>
</control>


<control type="image">
<animation type="WindoOpen" condition="Integer.IsGreater(Container(500).NumItems,0)" reversible="false">
<effect type="slide" start="0,0" end="-480,0" time="850" tween="back" easing="out"/>
</animation>
<posx>2000</posx>
<posy>860</posy>
<width>400</width>
<height>250</height>
<texture>special://skin/extras/kidsframes/name.jpg</texture>
</control>
<control type="multiimage">
<posx>1480</posx>
<posy>870</posy>
<width>250</width>
<height>350</height>
<fadetime>750</fadetime>
<imagepath>https://i.pinimg.com/originals/2a/a2/0b/2aa20b2129a6b56fd02eb2d794a1a689.png</imagepath>
</control>
			<control type="button" id="410">
			
			<visible allowhiddenfocus="true">Control.HasFocus(410)</visible>
			<posx>100</posx>
			<posy>20</posy>
			<onback>1256</onback>
			<description>Main-Color</description>
				<label>הגדר שם</label>
				<label2>$INFO[Skin.String(mainscreenlabel)]</label2>
				<include>button_settings_3</include>
				<onfocus>Skin.SetString(mainscreenlabel)</onfocus>
			</control>
			

			
			
			<control type="grouplist">
			<posx>80</posx>
			<posy>770</posy>
			<width>1920</width>
			<height>200</height>
			<itemgap>30</itemgap>
			<orientation>horizontal</orientation>
			<control type="button" id="21">
			<posx>0</posx>
			<posy>0</posy>
			<width>150</width>
			<height>50</height>
			<texturenofocus>white.png</texturenofocus>
			<texturefocus colordiffuse="white">white.png</texturefocus>
			<label>ילדים 1</label>
			<textcolor>deeppink</textcolor>
			<focusedcolor>deepskyblue</focusedcolor>
			<onclick>Control.SetFocus(500)</onclick>
			</control>
			<control type="button" id="22">
			<posx>0</posx>
			<posy>0</posy>
			<width>150</width>
			<height>50</height>
			<texturenofocus>white.png</texturenofocus>
			<texturefocus colordiffuse="white">white.png</texturefocus>
			<label>ילדים 2</label>
			<textcolor>deeppink</textcolor>
			<focusedcolor>deepskyblue</focusedcolor>
			<onclick>Control.SetFocus(501)</onclick>
			</control>
			<control type="button" id="23">
			<posx>0</posx>
			<posy>0</posy>
			<width>150</width>
			<height>50</height>
			<texturenofocus>white.png</texturenofocus>
			<texturefocus colordiffuse="white">white.png</texturefocus>
			<label>ילדים 3</label>
			<textcolor>deeppink</textcolor>
			<focusedcolor>deepskyblue</focusedcolor>
			<onclick>Control.SetFocus(502)</onclick>
			</control>
						<control type="button" id="24">
			<posx>0</posx>
			<posy>0</posy>
			<width>150</width>
			<height>50</height>
			<texturenofocus>white.png</texturenofocus>
			<texturefocus colordiffuse="white">white.png</texturefocus>
			<label>ילדים 4</label>
			<textcolor>deeppink</textcolor>
			<focusedcolor>deepskyblue</focusedcolor>
			<onclick>Control.SetFocus(503)</onclick>
			</control>
						<control type="button" id="25">
			<posx>0</posx>
			<posy>0</posy>
			<width>150</width>
			<height>50</height>
			<texturenofocus>white.png</texturenofocus>
			<texturefocus colordiffuse="white">white.png</texturefocus>
			<label>ילדים 5</label>
			<textcolor>deeppink</textcolor>
			<focusedcolor>deepskyblue</focusedcolor>
			<onclick>Control.SetFocus(504)</onclick>
			</control>
						<control type="button" id="26">
			<posx>0</posx>
			<posy>0</posy>
			<width>150</width>
			<height>50</height>
			<texturenofocus>white.png</texturenofocus>
			<texturefocus colordiffuse="white">white.png</texturefocus>
			<label>ילדים 6</label>
			<textcolor>deeppink</textcolor>
			<focusedcolor>deepskyblue</focusedcolor>
			<onclick>Control.SetFocus(505)</onclick>
			</control>
			<control type="button" id="27">
			<posx>0</posx>
			<posy>0</posy>
			<width>150</width>
			<height>50</height>
			<texturenofocus>white.png</texturenofocus>
			<texturefocus colordiffuse="white">white.png</texturefocus>
			<label>ילדים 7</label>
			<textcolor>deeppink</textcolor>
			<focusedcolor>deepskyblue</focusedcolor>
			<onclick>Control.SetFocus(506)</onclick>
			</control>
			<control type="button" id="28">
			<posx>0</posx>
			<posy>0</posy>
			<width>150</width>
			<height>50</height>
			<texturenofocus>white.png</texturenofocus>
			<texturefocus colordiffuse="white">white.png</texturefocus>
			<label>ילדים 8</label>
			<textcolor>deeppink</textcolor>
			<focusedcolor>deepskyblue</focusedcolor>
			<onclick>Control.SetFocus(507)</onclick>
			</control>
			<control type="button" id="29">
			<posx>0</posx>
			<posy>0</posy>
			<width>150</width>
			<height>50</height>
			<texturenofocus>white.png</texturenofocus>
			<texturefocus colordiffuse="white">white.png</texturefocus>
			<label>ילדים 9</label>
			<textcolor>deeppink</textcolor>
			<focusedcolor>deepskyblue</focusedcolor>
			<onclick>Control.SetFocus(508)</onclick>
			</control>
			<control type="button" id="30">
			<posx>0</posx>
			<posy>0</posy>
			<width>150</width>
			<height>50</height>
			<texturenofocus>white.png</texturenofocus>
			<texturefocus colordiffuse="white">white.png</texturefocus>
			<label>ילדים 10</label>
			<textcolor>deeppink</textcolor>
			<focusedcolor>deepskyblue</focusedcolor>
			<onclick>Control.SetFocus(509)</onclick>
			</control>
			</control>


<control type="group">
<control type="label">
<animation type="WindoOpen" condition="Integer.IsGreater(Container(500).NumItems,0)" reversible="false">
<effect type="slide" start="0,0" end="-340,0" time="850" tween="back" easing="out"/>
</animation>
<posx>2200</posx>
<posy>935</posy>
<width>250</width>
<height>40</height>
<align>right</align>
<font>pageTitle</font>
<label>[COLOR deeppink]שלום:[/COLOR]</label>
<wrapmultiline>true</wrapmultiline>
</control>

<control type="label">
<animation type="WindoOpen" condition="Integer.IsGreater(Container(500).NumItems,0)" reversible="false">
<effect type="slide" start="0,0" end="-460,0" time="1250" tween="back" easing="out"/>
</animation>
<posx>2180</posx>
<posy>935</posy>
<width>200</width>
<height>40</height>
<align>right</align>
<font>pageTitle</font>
<scroll>true</scroll>
<label>[COLOR deepskyblue]$INFO[Skin.String(mainscreenlabel)][/COLOR]</label>
<wrapmultiline>true</wrapmultiline>
</control>
</control>

		<include content="WindowminiVideoPlayer">
		<param name="minposx" value="780"/>
		<param name="miniposy" value="20"/>
		<param name="miniwidth" value="400"/>
		<param name="miniheight" value="300"/>
		<param name="windowvideposx" valeu="15"/>
		<param name="imageposx" value="-30"/>
		<param name="imageposy" value="25"/>
		<param name="imageheight" value="260"/>
		</include>
</controls>
</window>
