<?xml version="1.0" encoding="UTF-8"?>
<!-- Foundation -->
<window id="6001" type="dialog">
    <defaultcontrol always="true">1256</defaultcontrol>

    <controls>
    
   
   
	<control type="image">
	<posx>0</posx>
	<posy>0</posy>
	<width>1920</width>
	<height>1080</height>
	<texture>special://skin/extras/background/loguploader-dialog-bg.png</texture>
	</control>
	
	
	<control type="group">
	<control type="image">
	<description>right side</description>
	<posx>1910</posx>
	<posy>-5</posy>
	<width>15</width>
	<height>1090</height>
	<texture diffuse="glass.jpg" colordiffuse="ff6b5441">white.png</texture>
	<bordersize>4</bordersize>
	<texture>black.png</texture>
	</control>
	<control type="image">
	<description>top bg</description>
	<posx>-5</posx>
	<posy>-5</posy>
	<width>1920</width>
	<height>57</height>
	<texture diffuse="glass.jpg" colordiffuse="ff6b5441">white.png</texture>
	<bordersize>4</bordersize>
	<texture>black.png</texture>
	</control>
	<control type="image">
	<description>middle bg</description>
	<posx>-5</posx>
	<posy>400</posy>
	<width>1920</width>
	<height>278</height>
	<texture diffuse="glass.jpg" colordiffuse="ff6b5441">white.png</texture>
	<bordersize>4</bordersize>
	<texture>black.png</texture>
	</control>
	
	<control type="image">
	<description>buttom bg</description>
	<posx>-5</posx>
	<posy>675</posy>
	<width>1920</width>
	<height>57</height>
	<texture diffuse="glass.jpg" colordiffuse="ff6b5441">white.png</texture>
	<bordersize>4</bordersize>
	<texture>black.png</texture>
	</control>

	</control>
	
	
	<description>top widgets</description>
	<control type="group">
	<animation effect="fade" start="0" end="100" time="350">VisibleChange</animation>
	<posx>0</posx>
	<include content="extrasmovieswidgets">
	<param name="id" value="500"/>
	<param name="buttonid" value="221"/>
	<param name="animposx" value="0"/>
	<param name="animposy" value="0"/>
	<param name="onback" value="1256"/>
	<param name="moviesinfoposx" value="1910"/>
	<param name="moviesinfoposy" value="410"/>
	<param name="moviefanartposx" value="5"/>
	<param name="moviefanartposy" value="405"/>
	<param name="content" value="plugin://plugin.video.telemedia/?data=-1001416024163&amp;dates=%20&amp;description=%0afrom_plot&amp;eng_name=%20&amp;episode=%20&amp;fanart&amp;fav_status=false&amp;groups_id=0&amp;heb_name=%20&amp;iconimage&amp;id=%20&amp;image_master&amp;isr=0&amp;last_id&amp;mode=31&amp;name=%5bCOLOR%20khaki%5d%d7%9e%d7%9b%d7%a8%d7%94%20%d7%a1%d7%a8%d7%98%d7%99%d7%9d%5b%2fCOLOR%5d&amp;original_title=%20&amp;season=%20&amp;show_original_year=%20&amp;tmdbid=%20&amp;url=-1001416024163&quot"/>
	</include>
	</control>
	
	
   	<control type="group">
	<posx>319</posx>
	<include content="extrasmovieswidgets">
	<param name="id" value="501"/>
	<param name="buttonid" value="222"/>
	<param name="animposx" value="0"/>
	<param name="animposy" value="0"/>
	<param name="onback" value="1256"/>
	<param name="moviesinfoposx" value="1591"/>
	<param name="moviesinfoposy" value="410"/>
	<param name="moviefanartposx" value="-314"/>
	<param name="moviefanartposy" value="405"/>
	<param name="content" value="plugin://plugin.video.telemedia/?data=-1001402919915&amp;dates=%20&amp;description=%0afrom_plot&amp;eng_name=%20&amp;episode=%20&amp;fanart&amp;fav_status=false&amp;groups_id=0&amp;heb_name=%20&amp;iconimage&amp;id=%20&amp;image_master&amp;isr=0&amp;last_id&amp;mode=31&amp;name=%5bCOLOR%20khaki%5d%d7%9e%d7%9b%d7%a8%d7%94%20%d7%a1%d7%a8%d7%98%d7%99%d7%9d%202%5b%2fCOLOR%5d&amp;original_title=%20&amp;season=%20&amp;show_original_year=%20&amp;tmdbid=%20&amp;url=-1001402919915&quot"/>
	</include>
	</control>
   
   	<control type="group">
	<posx>638</posx>
	<include content="extrasmovieswidgets">
	<param name="id" value="502"/>
	<param name="buttonid" value="223"/>
	<param name="animposx" value="0"/>
	<param name="animposy" value="0"/>
	<param name="onback" value="1256"/>
	<param name="moviesinfoposx" value="1272"/>
	<param name="moviesinfoposy" value="410"/>
	<param name="moviefanartposx" value="-633"/>
	<param name="moviefanartposy" value="405"/>
	<param name="content" value="plugin://plugin.video.telemedia/?data=-1001332486310&amp;dates=%20&amp;description=%0afrom_plot&amp;eng_name=%20&amp;episode=%20&amp;fanart&amp;fav_status=false&amp;groups_id=0&amp;heb_name=%20&amp;iconimage&amp;id=%20&amp;image_master&amp;isr=0&amp;last_id&amp;mode=31&amp;name=%5bCOLOR%20khaki%5d%d7%9e%d7%9b%d7%a8%d7%94%20%d7%a1%d7%a8%d7%98%d7%99%d7%9d%203%5b%2fCOLOR%5d&amp;original_title=%20&amp;season=%20&amp;show_original_year=%20&amp;tmdbid=%20&amp;url=-1001332486310&quot"/>
	</include>
	</control>
	
	<control type="group">
	<posx>957</posx>
	<include content="extrasmovieswidgets">
	<param name="id" value="503"/>
	<param name="buttonid" value="224"/>
	<param name="animposx" value="0"/>
	<param name="animposy" value="0"/>
	<param name="onback" value="1256"/>
	<param name="moviesinfoposx" value="953"/>
	<param name="moviesinfoposy" value="410"/>
	<param name="moviefanartposx" value="-952"/>
	<param name="moviefanartposy" value="405"/>
	<param name="content" value="plugin://plugin.video.telemedia/?data=-1001285814211&amp;dates=%20&amp;description=%0afrom_plot&amp;eng_name=%20&amp;episode=%20&amp;fanart&amp;fav_status=false&amp;groups_id=0&amp;heb_name=%20&amp;iconimage&amp;id=%20&amp;image_master&amp;isr=0&amp;last_id&amp;mode=31&amp;name=%5bCOLOR%20khaki%5d%d7%9e%d7%9b%d7%a8%d7%94%20%d7%a1%d7%a8%d7%98%d7%99%d7%9d%204%5b%2fCOLOR%5d&amp;original_title=%20&amp;season=%20&amp;show_original_year=%20&amp;tmdbid=%20&amp;url=-1001285814211&quot"/>
	</include>
	</control>
	
   	<control type="group">
	<posx>1276</posx>
	<include content="extrasmovieswidgets">
	<param name="id" value="504"/>
	<param name="buttonid" value="225"/>
	<param name="animposx" value="0"/>
	<param name="animposy" value="0"/>
	<param name="onback" value="1256"/>
	<param name="moviesinfoposx" value="634"/>
	<param name="moviesinfoposy" value="410"/>
	<param name="moviefanartposx" value="-1271"/>
	<param name="moviefanartposy" value="405"/>
	<param name="content" value="plugin://plugin.video.telemedia/?data=-1001492865648&amp;dates=%20&amp;description=%0afrom_plot&amp;eng_name=%20&amp;episode=%20&amp;fanart&amp;fav_status=false&amp;groups_id=0&amp;heb_name=%20&amp;iconimage&amp;id=%20&amp;image_master&amp;isr=0&amp;last_id&amp;mode=31&amp;name=%5bCOLOR%20khaki%5d%d7%9e%d7%9b%d7%a8%d7%94%20%d7%a1%d7%a8%d7%98%d7%99%d7%9d%205%5b%2fCOLOR%5d&amp;original_title=%20&amp;season=%20&amp;show_original_year=%20&amp;tmdbid=%20&amp;url=-1001492865648&quot"/>
	</include>
	</control>
	
   	<control type="group">
	<posx>1595</posx>
	<include content="extrasmovieswidgets">
	<param name="id" value="505"/>
	<param name="buttonid" value="226"/>
	<param name="animposx" value="0"/>
	<param name="animposy" value="0"/>
	<param name="onback" value="1256"/>
	<param name="moviesinfoposx" value="315"/>
	<param name="moviesinfoposy" value="410"/>
	<param name="moviefanartposx" value="-1590"/>
	<param name="moviefanartposy" value="405"/>
	<param name="content" value="plugin://plugin.video.telemedia/?data=-1001236025638&amp;dates=%20&amp;description=%0afrom_plot&amp;eng_name=%20&amp;episode=%20&amp;fanart&amp;fav_status=false&amp;groups_id=0&amp;heb_name=%20&amp;iconimage&amp;id=%20&amp;image_master&amp;isr=0&amp;last_id&amp;mode=31&amp;name=%5bCOLOR%20khaki%5d%d7%9e%d7%9b%d7%a8%d7%94%20%d7%a1%d7%a8%d7%98%d7%99%d7%9d%206%5b%2fCOLOR%5d&amp;original_title=%20&amp;season=%20&amp;show_original_year=%20&amp;tmdbid=%20&amp;url=-1001236025638&quot"/>
	</include>
	</control>
	
	
	
	
	
	<description>button widgets</description>
	
	
	<control type="group">
	<animation effect="fade" start="0" end="100" time="350">VisibleChange</animation>
	<posy>680</posy>
	<control type="group">
	<posx>0</posx>
	<include content="extrasmovieswidgets">
	<param name="id" value="506"/>
	<param name="buttonid" value="227"/>
	<param name="animposx" value="0"/>
	<param name="animposy" value="0"/>
	<param name="onback" value="1257"/>
	<param name="moviesinfoposx" value="1910"/>
	<param name="moviesinfoposy" value="-265"/>
	<param name="moviefanartposx" value="5"/>
	<param name="moviefanartposy" value="-275"/>
	<param name="content" value="plugin://plugin.video.telemedia/?data=-1001361476936&amp;dates=%20&amp;description=%0afrom_plot&amp;eng_name=%20&amp;episode=%20&amp;fanart&amp;fav_status=false&amp;groups_id=0&amp;heb_name=%20&amp;iconimage&amp;id=%20&amp;image_master&amp;isr=0&amp;last_id&amp;mode=31&amp;name=%5bCOLOR%20khaki%5d%d7%9e%d7%9b%d7%a8%d7%94%20%d7%a1%d7%a8%d7%98%d7%99%d7%9d%207%5b%2fCOLOR%5d&amp;original_title=%20&amp;season=%20&amp;show_original_year=%20&amp;tmdbid=%20&amp;url=-1001361476936&quot"/>
	</include>
	</control>
	
	
   	<control type="group">
	<posx>319</posx>
	<include content="extrasmovieswidgets">
	<param name="id" value="507"/>
	<param name="buttonid" value="228"/>
	<param name="animposx" value="0"/>
	<param name="animposy" value="0"/>
	<param name="onback" value="1257"/>
	<param name="moviesinfoposx" value="1591"/>
	<param name="moviesinfoposy" value="-265"/>
	<param name="moviefanartposx" value="-314"/>
	<param name="moviefanartposy" value="-275"/>
	<param name="content" value="plugin://plugin.video.telemedia/?data=-1001414565880&amp;dates=%20&amp;description=%0afrom_plot&amp;eng_name=%20&amp;episode=%20&amp;fanart&amp;fav_status=false&amp;groups_id=0&amp;heb_name=%20&amp;iconimage&amp;id=%20&amp;image_master&amp;isr=0&amp;last_id&amp;mode=31&amp;name=%5bCOLOR%20khaki%5d%d7%9e%d7%9b%d7%a8%d7%94%20%d7%a1%d7%a8%d7%98%d7%99%d7%9d%208%5b%2fCOLOR%5d&amp;original_title=%20&amp;season=%20&amp;show_original_year=%20&amp;tmdbid=%20&amp;url=-1001414565880&quot"/>
	</include>
	</control>
   
   	<control type="group">
	<posx>638</posx>
	<include content="extrasmovieswidgets">
	<param name="id" value="508"/>
	<param name="buttonid" value="229"/>
	<param name="animposx" value="0"/>
	<param name="animposy" value="0"/>
	<param name="onback" value="1257"/>
	<param name="moviesinfoposx" value="1272"/>
	<param name="moviesinfoposy" value="-265"/>
	<param name="moviefanartposx" value="-633"/>
	<param name="moviefanartposy" value="-275"/>
	<param name="content" value="plugin://plugin.video.telemedia/?data=-1001372976600&amp;dates=%20&amp;description=%0afrom_plot&amp;eng_name=%20&amp;episode=%20&amp;fanart&amp;fav_status=false&amp;groups_id=0&amp;heb_name=%20&amp;iconimage&amp;id=%20&amp;image_master&amp;isr=0&amp;last_id&amp;mode=31&amp;name=%5bCOLOR%20khaki%5d%d7%9e%d7%9b%d7%a8%d7%94%20%d7%a1%d7%a8%d7%98%d7%99%d7%9d%209%5b%2fCOLOR%5d&amp;original_title=%20&amp;season=%20&amp;show_original_year=%20&amp;tmdbid=%20&amp;url=-1001372976600&quot"/>
	</include>
	</control>
	
	<control type="group">
	<posx>957</posx>
	<include content="extrasmovieswidgets">
	<param name="id" value="509"/>
	<param name="buttonid" value="230"/>
	<param name="animposx" value="0"/>
	<param name="animposy" value="0"/>
	<param name="onback" value="1257"/>
	<param name="moviesinfoposx" value="953"/>
	<param name="moviesinfoposy" value="-265"/>
	<param name="moviefanartposx" value="-952"/>
	<param name="moviefanartposy" value="-275"/>
	<param name="content" value="plugin://plugin.video.telemedia/?data=-1001385854135&amp;dates=%20&amp;description=%0afrom_plot&amp;eng_name=%20&amp;episode=%20&amp;fanart&amp;fav_status=false&amp;groups_id=0&amp;heb_name=%20&amp;iconimage&amp;id=%20&amp;image_master&amp;isr=0&amp;last_id&amp;mode=31&amp;name=%5bCOLOR%20khaki%5d%d7%9e%d7%9b%d7%a8%d7%94%20%d7%a1%d7%a8%d7%98%d7%99%d7%9d%2010%5b%2fCOLOR%5d&amp;original_title=%20&amp;season=%20&amp;show_original_year=%20&amp;tmdbid=%20&amp;url=-1001385854135&quot"/>
	</include>
	</control>
	
   	<control type="group">
	<posx>1276</posx>
	<include content="extrasmovieswidgets">
	<param name="id" value="510"/>
	<param name="buttonid" value="231"/>
	<param name="animposx" value="0"/>
	<param name="animposy" value="0"/>
	<param name="onback" value="1257"/>
	<param name="moviesinfoposx" value="634"/>
	<param name="moviesinfoposy" value="-265"/>
	<param name="moviefanartposx" value="-1271"/>
	<param name="moviefanartposy" value="-275"/>
	<param name="content" value="plugin://plugin.video.telemedia/?data=-1001075658842&amp;dates=%20&amp;description=%d7%9c%d7%95%d7%9c%d7%95%20%d7%a1%d7%a8%d7%98%d7%99%d7%9d%20-%20%40LuluSratim1%0afrom_plot&amp;eng_name=%20&amp;episode=%20&amp;fanart=C%3a%2fUsers%2fneta%2fAppData%2fRoaming%2fKodi%2fuserdata%2faddon_data%2fplugin.video.telemedia%2flogo%2f-1001075658842_big.jpg&amp;fav_status=false&amp;groups_id=0&amp;heb_name=%20&amp;iconimage=C%3a%2fUsers%2fneta%2fAppData%2fRoaming%2fKodi%2fuserdata%2faddon_data%2fplugin.video.telemedia%2flogo%2f-1001075658842_small.jpg&amp;id=%20&amp;image_master&amp;isr=0&amp;last_id&amp;mode=31&amp;name=%5bCOLOR%20khaki%5d%d7%9c%d7%95%d7%9c%d7%95%20%d7%a1%d7%a8%d7%98%d7%99%d7%9d%20%7e%20%d7%a1%d7%a8%d7%98%d7%99%d7%9d%5b%2fCOLOR%5d&amp;original_title=%20&amp;season=%20&amp;show_original_year=%20&amp;tmdbid=%20&amp;url=-1001075658842&quot"/>
	</include>
	</control>
	
   	<control type="group">
	<posx>1595</posx>
	<include content="extrasmovieswidgets">
	<param name="id" value="511"/>
	<param name="buttonid" value="232"/>
	<param name="animposx" value="0"/>
	<param name="animposy" value="0"/>
	<param name="onback" value="1257"/>
	<param name="moviesinfoposx" value="315"/>
	<param name="moviesinfoposy" value="-265"/>
	<param name="moviefanartposx" value="-1590"/>
	<param name="moviefanartposy" value="-275"/>
	<param name="content" value="plugin://plugin.video.telemedia/?data=-1001497115791&amp;dates=%20&amp;description=%0afrom_plot&amp;eng_name=%20&amp;episode=%20&amp;fanart&amp;fav_status=false&amp;groups_id=0&amp;heb_name=%20&amp;iconimage&amp;id=%20&amp;image_master&amp;isr=0&amp;last_id&amp;mode=31&amp;name=%5bCOLOR%20khaki%5d%d7%9e%d7%9b%d7%a8%d7%94%20%d7%a1%d7%a8%d7%98%d7%99%d7%9d%2011%5b%2fCOLOR%5d&amp;original_title=%20&amp;season=%20&amp;show_original_year=%20&amp;tmdbid=%20&amp;url=-1001497115791&quot"/>
	</include>
	</control>
	</control>
	
   
   <control type="grouplist" id="1256">
   <description>top menu</description>
   <posx>0</posx>
   <posy>0</posy>
   <width>1920</width>
   <height>100</height>
   <ondown>1257</ondown>
   <orientation>horizontal</orientation>
   <itemgap>50</itemgap>
   <control type="button" id="221">
   <posx>0</posx>
   <posy>0</posy>
   <width>270</width>
   <height>50</height>
   <align>center</align>
   <label>[B]מכרה 1[/B]</label>
   <textcolor>black</textcolor>
   <focusedcolor>white</focusedcolor>
   <onclick>Control.SetFocus(500)</onclick>
   <texturefocus>-</texturefocus>
   <texturenofocus>-</texturenofocus>
   </control>
    <control type="button" id="222">
   <posx>0</posx>
   <posy>0</posy>
   <width>270</width>
   <height>50</height>
   <align>center</align>
   <label>[B]מכרה 2[/B]</label>
   <textcolor>black</textcolor>
   <focusedcolor>white</focusedcolor>
   <onclick>Control.SetFocus(501)</onclick>
   <texturefocus>-</texturefocus>
   <texturenofocus>-</texturenofocus>
   </control>
   <control type="button" id="223">
   <posx>0</posx>
   <posy>0</posy>
   <width>270</width>
   <height>50</height>
   <align>center</align>
   <label>[B]מכרה 3[/B]</label>
   <textcolor>black</textcolor>
   <focusedcolor>white</focusedcolor>
   <onclick>Control.SetFocus(502)</onclick>
   <texturefocus>-</texturefocus>
   <texturenofocus>-</texturenofocus>
   </control>
   <control type="button" id="224">
   <posx>0</posx>
   <posy>0</posy>
   <width>270</width>
   <height>50</height>
   <align>center</align>
   <label>[B]מכרה 4[/B]</label>
   <textcolor>black</textcolor>
   <focusedcolor>white</focusedcolor>
   <onclick>Control.SetFocus(503)</onclick>
   <texturefocus>-</texturefocus>
   <texturenofocus>-</texturenofocus>
   </control>
   <control type="button" id="225">
   <posx>0</posx>
   <posy>0</posy>
   <width>270</width>
   <height>50</height>
   <align>center</align>
   <label>[B]מכרה 5[/B]</label>
   <textcolor>black</textcolor>
   <focusedcolor>white</focusedcolor>
   <onclick>Control.SetFocus(504)</onclick>
   <texturefocus>-</texturefocus>
   <texturenofocus>-</texturenofocus>
   </control>
    <control type="button" id="226">
   <posx>0</posx>
   <posy>0</posy>
   <width>270</width>
   <height>50</height>
   <align>center</align>
   <label>[B]מכרה 6[/B]</label>
   <textcolor>black</textcolor>
   <focusedcolor>white</focusedcolor>
   <onclick>Control.SetFocus(505)</onclick>
   <texturefocus>-</texturefocus>
   <texturenofocus>-</texturenofocus>
   </control>
   </control>
   
   
   
   
   <control type="grouplist" id="1257">
   <description>top menu</description>
   <posx>0</posx>
   <posy>680</posy>
   <width>1920</width>
   <height>100</height>
   <onup>1256</onup>
   <orientation>horizontal</orientation>
   <itemgap>50</itemgap>
   <control type="button" id="227">
   <posx>0</posx>
   <posy>0</posy>
   <width>270</width>
   <height>50</height>
   <align>center</align>
   <label>[B]מכרה 7[/B]</label>
   <textcolor>black</textcolor>
   <focusedcolor>white</focusedcolor>
   <onclick>Control.SetFocus(506)</onclick>
   <texturefocus>-</texturefocus>
   <texturenofocus>-</texturenofocus>
   </control>
    <control type="button" id="228">
   <posx>0</posx>
   <posy>0</posy>
   <width>270</width>
   <height>50</height>
   <align>center</align>
   <label>[B]מכרה 8[/B]</label>
   <textcolor>black</textcolor>
   <focusedcolor>white</focusedcolor>
   <onclick>Control.SetFocus(507)</onclick>
   <texturefocus>-</texturefocus>
   <texturenofocus>-</texturenofocus>
   </control>
   <control type="button" id="229">
   <posx>0</posx>
   <posy>0</posy>
   <width>270</width>
   <height>50</height>
   <align>center</align>
   <label>[B]מכרה 9[/B]</label>
   <textcolor>black</textcolor>
   <focusedcolor>white</focusedcolor>
   <onclick>Control.SetFocus(508)</onclick>
   <texturefocus>-</texturefocus>
   <texturenofocus>-</texturenofocus>
   </control>
   <control type="button" id="230">
   <posx>0</posx>
   <posy>0</posy>
   <width>270</width>
   <height>50</height>
   <align>center</align>
   <label>[B]מכרה 10[/B]</label>
   <textcolor>black</textcolor>
   <focusedcolor>white</focusedcolor>
   <onclick>Control.SetFocus(509)</onclick>
   <texturefocus>-</texturefocus>
   <texturenofocus>-</texturenofocus>
   </control>
   <control type="button" id="231">
   <posx>0</posx>
   <posy>0</posy>
   <width>270</width>
   <height>50</height>
   <align>center</align>
   <label>[B]מכרה 11[/B]</label>
   <textcolor>black</textcolor>
   <focusedcolor>white</focusedcolor>
   <onclick>Control.SetFocus(510)</onclick>
   <texturefocus>-</texturefocus>
   <texturenofocus>-</texturenofocus>
   </control>
    <control type="button" id="232">
   <posx>0</posx>
   <posy>0</posy>
   <width>270</width>
   <height>50</height>
   <align>center</align>
   <label>[B]מכרה 12[/B]</label>
   <textcolor>black</textcolor>
   <focusedcolor>white</focusedcolor>
   <onclick>Control.SetFocus(511)</onclick>
   <texturefocus>-</texturefocus>
   <texturenofocus>-</texturenofocus>
   </control>
   </control>
   
   
    </controls>
</window>
