<?xml version="1.0" encoding="UTF-8"?>
<window type="dialog" id="7030">
	<defaultcontrol always="true">1256</defaultcontrol>

<controls>




<control type="group">
		<animation type="WindowOpen">
		<effect type="slide" start="0,0" end="-1000,0" time="450" tween="sine" easing="inout"/>
		</animation>
		<animation type="WindowClose">
		<effect type="slide" start="-1000,0" end="0,0" time="450" tween="sine" easing="inout"/>
		</animation>
		<control type="image">
		<posx>2414</posx>
		<posy>362</posy>
		<width>515</width>
		<height>365</height>
		<bordertexture colordiffuse="$VAR[MainInfoTextBorder]">white.png</bordertexture>
		<bordersize>1</bordersize>
		<texture colordiffuse="black">white.png</texture>
		</control>
		</control>

<control type="group">
		<animation type="WindowOpen">
		<effect type="slide" start="0,0" end="0,1400" time="550" tween="sine" easing="inout"/>
		</animation>
		<animation type="WindowClose">
		<effect type="slide" start="0,1400" end="0,0" time="550" tween="sine" easing="inout"/>
		</animation>
			<control type="image">
			<posx>510</posx>
			<posy>-1038</posy>
			<width>905</width>
			<height>365</height>
			<bordertexture colordiffuse="$VAR[MainInfoTextBorder]">white.png</bordertexture>
			<bordersize>1</bordersize>
			<texture colordiffuse="black">white.png</texture>
			</control>
		</control>


<control type="group">
		<animation type="WindowOpen">
		<effect type="slide" start="0,0" end="1000,0" time="450" tween="sine" easing="inout"/>
		</animation>
		<animation type="WindowClose">
		<effect type="slide" start="1000,0" end="0,0" time="450" tween="sine" easing="inout"/>
		</animation>
		<control type="image">
		<posx>-1005</posx>
		<posy>362</posy>
		<width>515</width>
		<height>365</height>
		<bordertexture colordiffuse="$VAR[MainInfoTextBorder]">white.png</bordertexture>
		<bordersize>1</bordersize>
		<texture colordiffuse="black">white.png</texture>
		</control>
		</control>


<include content="widgetmoviesextras">
<param name="id" value="500"/>
<param name="itemnumber" value="21"/>
<param name="sortby" value="dateadded"/>
<param name="sortorder" value="descending"/>
<param name="content" value="plugin://plugin.video.CHICCO/?cat_level=%20&amp;count=0&amp;description=%20&amp;fanart=https%3a%2f%2ffilmdaily.co%2fwp-content%2fuploads%2f2020%2f06%2f2021lede-1300x650.jpg&amp;iconimage=https%3a%2f%2ffilmdaily.co%2fwp-content%2fuploads%2f2020%2f06%2f2021lede-1300x650.jpg&amp;index_depth=0&amp;lang=eng&amp;mode=5&amp;name=2021&amp;page&amp;selected_list=%20&amp;url=%d7%a1%d7%a8%d7%98%d7%99%d7%9d%d7%a1%d7%a8%d7%98%d7%99%d7%9d%20%d7%9e%d7%97%d7%95%d7%9c%20%d7%a2%d7%9d%20%d7%aa%d7%a8%d7%92%d7%95%d7%9d%20%d7%9e%d7%95%d7%91%d7%a0%d7%942021&quot"/>
</include>
<include content="widgetmoviesextras">
<param name="id" value="501"/>
<param name="itemnumber" value="22"/>
<param name="sortby" value="dateadded"/>
<param name="sortorder" value="descending"/>
<param name="content" value="plugin://plugin.video.tempest/?action=movies&amp;url=https%3a%2f%2fapi.trakt.tv%2fusers%2fme%2flists%2fonlynewmovies%2fitems&quot"/>
</include>


<control type="list" id="1256">
		<animation type="WindowOpen">
		<effect type="slide" start="0,0" end="-1000,0" time="450" tween="sine" easing="inout"/>
		</animation>
		<animation type="WindowClose">
		<effect type="slide" start="-1000,0" end="0,0" time="450" tween="sine" easing="inout"/>
		</animation>
<posx>2410</posx>
<posy>368</posy>
<width>520</width>
<height>50</height>
<ondown condition="Container(1256).HasFocus(21)">Control.SetFocus(500)</ondown>
<ondown condition="Container(1256).HasFocus(22)">Control.SetFocus(501)</ondown>
<orientation>horizontal</orientation>
<scrolltime tween="sine" easing="inout">350</scrolltime>
<itemlayout width="260" height="40">
<control type="image">
<posx>0</posx>
<posy>0</posy>
<width>280</width>
<height>40</height>
<texture border="40" colordiffuse="gray">special://skin/extras/common/roundedbutton-nofocus-red.png</texture>
</control>
<control type="label">
<posx>0</posx>
<posy>0</posy>
<width>280</width>
<height>40</height>
<align>center</align>
<label>$INFO[ListItem.Label]</label>
</control>
</itemlayout>
<focusedlayout width="260" height="40">
<control type="image">
<visible>Control.HasFocus(1256)</visible>
<posx>0</posx>
<posy>0</posy>
<width>280</width>
<height>40</height>
<texture border="40" colordiffuse="red">special://skin/extras/common/roundedbutton-focus.png</texture>
</control>
<control type="image">
<posx>0</posx>
<posy>0</posy>
<width>280</width>
<height>40</height>
<texture border="40" colordiffuse="FFB70000">special://skin/extras/common/roundedbutton-nofocus-red.png</texture>
</control>

<control type="label">
<posx>0</posx>
<posy>0</posy>
<width>280</width>
<height>40</height>
<align>center</align>
<label>$INFO[ListItem.Label]</label>
</control>
</focusedlayout>
<content>
<item id="21">
<label>החדשים צפייה ישירה</label>
<onclick>Control.SetFocus(500)</onclick>
</item>
<item id="22">
<label>החדשים ריל דבריד</label>
<onclick>Control.SetFocus(501)</onclick>
</item>
</content>
</control>



</controls>
</window>
