<?xml version="1.0" encoding="UTF-8"?>
<!-- Foundation -->
<window id="1183" type="dialog">
<defaultcontrol always="true">2164</defaultcontrol>

<controls>


<control type="image">
<posx>0</posx>
<posy>0</posy>
<width>1920</width>
<height>1080</height>
<texture>special://skin/extras/specialbuttons/background.jpg</texture>
</control>





<include content="extrasmoviesdesign">
<param name="idlist" value="500"/>
<param name="myitemnumber" value="25"/>
<param name="contentdateadded" value="dateadded"/>
<param name="contentdescending" value="descending"/>
<param name="supercontent" value="plugin://plugin.video.tempest/?action=movies&amp;url=https%3a%2f%2fapi.trakt.tv%2fusers%2fme%2flists%2fmovies2011%2fitems&quot"/>
</include>

<include content="extrasmoviesdesign">
<param name="idlist" value="501"/>
<param name="myitemnumber" value="26"/>
<param name="contentdateadded" value="dateadded"/>
<param name="contentdescending" value="descending"/>
<param name="supercontent" value="plugin://plugin.video.tempest/?action=movies&amp;url=https%3a%2f%2fapi.trakt.tv%2fusers%2fme%2flists%2fmovies2012%2fitems&quot"/>
</include>

<include content="extrasmoviesdesign">
<param name="idlist" value="502"/>
<param name="myitemnumber" value="27"/>
<param name="contentdateadded" value="dateadded"/>
<param name="contentdescending" value="descending"/>
<param name="supercontent" value="plugin://plugin.video.tempest/?action=movies&amp;url=https%3a%2f%2fapi.trakt.tv%2fusers%2fme%2flists%2fmovies2013%2fitems&quot"/>
</include>

<include content="extrasmoviesdesign">
<param name="idlist" value="503"/>
<param name="myitemnumber" value="28"/>
<param name="contentdateadded" value="dateadded"/>
<param name="contentdescending" value="descending"/>
<param name="supercontent" value="plugin://plugin.video.tempest/?action=movies&amp;url=https%3a%2f%2fapi.trakt.tv%2fusers%2fme%2flists%2fmovies2014%2fitems&quot"/>
</include>

<include content="extrasmoviesdesign">
<param name="idlist" value="504"/>
<param name="myitemnumber" value="29"/>
<param name="contentdateadded" value="dateadded"/>
<param name="contentdescending" value="descending"/>
<param name="supercontent" value="plugin://plugin.video.tempest/?action=movies&amp;url=https%3a%2f%2fapi.trakt.tv%2fusers%2fme%2flists%2fmovies2015%2fitems&quot"/>
</include>

<include content="extrasmoviesdesign">
<param name="idlist" value="505"/>
<param name="myitemnumber" value="30"/>
<param name="contentdateadded" value="dateadded"/>
<param name="contentdescending" value="descending"/>
<param name="supercontent" value="plugin://plugin.video.tempest/?action=movies&amp;url=https%3a%2f%2fapi.trakt.tv%2fusers%2fme%2flists%2fmovies2016%2fitems&quot"/>
</include>

<include content="extrasmoviesdesign">
<param name="idlist" value="506"/>
<param name="myitemnumber" value="31"/>
<param name="contentdateadded" value="dateadded"/>
<param name="contentdescending" value="descending"/>
<param name="supercontent" value="plugin://plugin.video.tempest/?action=movies&amp;url=https%3a%2f%2fapi.trakt.tv%2fusers%2fme%2flists%2fmovies2017%2fitems&quot"/>
</include>

<include content="extrasmoviesdesign">
<param name="idlist" value="507"/>
<param name="myitemnumber" value="32"/>
<param name="contentdateadded" value="dateadded"/>
<param name="contentdescending" value="descending"/>
<param name="supercontent" value="plugin://plugin.video.tempest/?action=movies&amp;url=https%3a%2f%2fapi.trakt.tv%2fusers%2fme%2flists%2fmovies2018%2fitems&quot"/>
</include>

<include content="extrasmoviesdesign">
<param name="idlist" value="508"/>
<param name="myitemnumber" value="33"/>
<param name="contentdateadded" value="dateadded"/>
<param name="contentdescending" value="descending"/>
<param name="supercontent" value="plugin://plugin.video.tempest/?action=movies&amp;url=https%3a%2f%2fapi.trakt.tv%2fusers%2fme%2flists%2fmovies2019%2fitems&quot"/>
</include>

<control type="list" id="2164">
<posx>-25</posx>
<posy>895</posy>
<width>1920</width>
<height>500</height>
<orientation>horizontal</orientation>
<onup condition="Container(2164).HasFocus(25)">Control.SetFocus(500)</onup>
<onup condition="Container(2164).HasFocus(26)">Control.SetFocus(501)</onup>
<onup condition="Container(2164).HasFocus(27)">Control.SetFocus(502)</onup>
<onup condition="Container(2164).HasFocus(28)">Control.SetFocus(503)</onup>
<onup condition="Container(2164).HasFocus(29)">Control.SetFocus(504)</onup>
<onup condition="Container(2164).HasFocus(30)">Control.SetFocus(505)</onup>
<onup condition="Container(2164).HasFocus(31)">Control.SetFocus(506)</onup>
<onup condition="Container(2164).HasFocus(32)">Control.SetFocus(507)</onup>
<onup condition="Container(2164).HasFocus(33)">Control.SetFocus(508)</onup>
<itemlayout width="320" height="256">
<control type="image">
<posx>0</posx>
<posy>0</posy>
<width>409</width>
<height>256</height>
<texture>$INFO[ListItem.Thumb]</texture>
</control>
</itemlayout>
<focusedlayout width="320" height="256">
<control type="image">
<animation effect="zoom" center="auto" start="100,100" end="110,110" time="250">Focus</animation>
<posx>0</posx>
<posy>0</posy>
<width>409</width>
<height>256</height>
<texture>$INFO[ListItem.Thumb]</texture>
</control>
</focusedlayout>
<content>
<item id="25">
<thumb>special://skin/extras/specialbuttons/movies1.png</thumb>
<label>-</label>
<onclick>Control.SetFocus(500)</onclick>
</item>
<item id="26">
<thumb>special://skin/extras/specialbuttons/movies2.png</thumb>
<label>-</label>
<onclick>Control.SetFocus(501)</onclick>
</item>
<item id="27">
<thumb>special://skin/extras/specialbuttons/movies3.png</thumb>
<label>-</label>
<onclick>Control.SetFocus(502)</onclick>
</item>
<item id="28">
<thumb>special://skin/extras/specialbuttons/movies4.png</thumb>
<label>-</label>
<onclick>Control.SetFocus(503)</onclick>
</item>
<item id="29">
<thumb>special://skin/extras/specialbuttons/movies5.png</thumb>
<label>-</label>
<onclick>Control.SetFocus(504)</onclick>
</item>
<item id="30">
<thumb>special://skin/extras/specialbuttons/movies6.png</thumb>
<label>-</label>
<onclick>Control.SetFocus(505)</onclick>
</item>
<item id="31">
<thumb>special://skin/extras/specialbuttons/movies7.png</thumb>
<label>-</label>
<onclick>Control.SetFocus(506)</onclick>
</item>
<item id="32">
<thumb>special://skin/extras/specialbuttons/movies8.png</thumb>
<label>-</label>
<onclick>Control.SetFocus(507)</onclick>
</item>
<item id="33">
<thumb>special://skin/extras/specialbuttons/movies9.png</thumb>
<label>-</label>
<onclick>Control.SetFocus(508)</onclick>
</item>

</content>
</control>




</controls>
</window>
