<?xml version="1.0" encoding="UTF-8"?>
<window type="dialog" id="8007">
    <defaultcontrol always="true">1256</defaultcontrol>
<controls>



		<control type="group">
		<posx>-1000</posx>
		<animation type="WindowOpen">
		<effect type="fade" start="500"/>
		<effect type="slide" start="0,0" end="1000,0" delay="200" time="650" tween="cubic" easing="out"/>
		</animation>
		<animation type="WindowClose">
		<effect type="slide" start="1000,0" end="-1000,0" delay="200" time="650" tween="cubic" easing="in"/>
		</animation>
		<control type="image">
			<posx>0</posx>
			<posy>0</posy>
			<width>415</width>
			<height>1080</height>
			<bordertexture colordiffuse="$VAR[MainInfoTextBorder]">white.png</bordertexture>
			<bordersize>1</bordersize>
			<texture colordiffuse="black">white.png</texture>
			</control>
		<control type="wraplist" id="1256">
			<posx>5</posx>
			<posy>0</posy>
			<width>450</width>
			<height>1070</height>
			<onback>Dialog.Close(8007)</onback>
			<onleft>9000</onleft>
			<focusposition>2</focusposition>
			<orientation>vertical</orientation>
			<scrolltime tween="sine" easing="inout">550</scrolltime>
			<itemlayout width="500" height="190">
			<control type="image">
			<posx>0</posx>
			<posy>10</posy>
			<width>405</width>
			<height>180</height>
			<texture>$INFO[ListItem.art(poster)]</texture>
			</control>
			<control type="image">
			<posx>0</posx>
			<posy>10</posy>
			<width>405</width>
			<height>180</height>
			<texture>$INFO[ListItem.Art(fanart)]</texture>
			</control>
			</itemlayout>
			<focusedlayout width="500" height="190">
			<control type="image">
			<posx>0</posx>
			<posy>5</posy>
			<width>405</width>
			<height>190</height>
			<bordertexture colordiffuse="white">white.png</bordertexture>
			<bordersize>5</bordersize>
			<texture>black.png</texture>
			</control>

			<control type="image">
			<animation effect="fade" start="100" end="75" time="0">Focus</animation>
			<posx>8</posx>
			<posy>10</posy>
			<width>390</width>
			<height>180</height>
			<texture>$INFO[ListItem.art(poster)]</texture>
			</control>
			<control type="image">
			<animation effect="fade" start="100" end="75" time="0">Focus</animation>
			<posx>8</posx>
			<posy>10</posy>
			<width>390</width>
			<height>180</height>
			<texture>$INFO[ListItem.Art(fanart)]</texture>
			</control>
			<control type="image">
			<posx>8</posx>
			<posy>10</posy>
			<width>390</width>
			<height>180</height>
			<texture>black.png</texture>
			<colordiffuse>77000000</colordiffuse>
			</control>
			<control type="image">
			<posx>8</posx>
			<posy>10</posy>
			<width>390</width>
			<height>180</height>
			<texture>black.png</texture>
			<colordiffuse>77000000</colordiffuse>
			</control>
			<control type="label">
			<posx>8</posx>
			<posy>0</posy>
			<width>390</width>
			<height>150</height>
			<align>center</align>
			<font>font-24</font>
			<label>[B]$INFO[ListItem.Label][/B]</label>
			</control>
			<control type="label">
			<posx>8</posx>
			<posy>35</posy>
			<width>390</width>
			<height>35</height>
			<align>center</align>
			<font>font-14</font>
			<label>[B]$INFO[ListItem.Year][/B]</label>
			</control>
			<control type="textbox">
			<autoscroll time="3500" fade="3500" delay="8000" repeat="4000"></autoscroll>
			<posx>8</posx>
			<posy>75</posy>
			<width>390</width>
			<height>110</height>
			<align>center</align>
			<font>font-16</font>
			<label>[B]$INFO[ListItem.Plot][/B]</label>
			</control>
			</focusedlayout>
			<content>plugin://plugin.video.telemedia/?data=-1001450055279&amp;dates=%20&amp;description=%d7%9e%d7%93%d7%99%d7%94%20%d7%a1%d7%a0%d7%98%d7%a8%20%d7%a1%d7%a8%d7%98%d7%99%20%d7%98%d7%91%d7%a2%0afrom_plot&amp;eng_name=%20&amp;episode=%20&amp;fanart&amp;fav_status=false&amp;groups_id=0&amp;heb_name=%20&amp;iconimage&amp;id=%20&amp;image_master&amp;isr=0&amp;last_id&amp;mode=31&amp;name=%5bCOLOR%20khaki%5d%d7%9e%d7%93%d7%99%d7%94%20%d7%a1%d7%a0%d7%98%d7%a8%20%d7%a1%d7%a8%d7%98%d7%99%20%d7%98%d7%91%d7%a2%5b%2fCOLOR%5d&amp;original_title=%20&amp;season=%20&amp;show_original_year=%20&amp;tmdbid=%20&amp;url=-1001450055279&quot</content>
		</control>
		</control>


</controls>
</window>
