<?xml version="1.0" encoding="UTF-8"?>
<!-- Foundation -->
<window id="1183" type="dialog">
<defaultcontrol always="true">2164</defaultcontrol>

<controls>


<control type="image">
<posx>0</posx>
<posy>0</posy>
<width>1920</width>
<height>1080</height>
<texture>special://skin/extras/specialbuttons/background.jpg</texture>
</control>





<include content="extrasmoviesdesign">
<param name="idlist" value="500"/>
<param name="myitemnumber" value="25"/>
<param name="contentdateadded" value="dateadded"/>
<param name="contentdescending" value="descending"/>
<param name="supercontent" value="plugin://plugin.video.CHICCO/?cat_level=%20&amp;count=0&amp;description&amp;fanart=http%3a%2f%2fsf.co.ua%2f12%2f09%2fwallpaper-2230830.jpg&amp;iconimage=http%3a%2f%2fngarba.xyz%2fadds%2fyos%2f16.jpg&amp;index_depth=0&amp;lang=%20&amp;mode=18&amp;name=%5bB%5d%5bCOLOR%20burlywood%5d-%d7%90%d7%97%d7%a8%d7%95%d7%a0%d7%99%d7%9d%20%5b%2fCOLOR%5d%5b%2fB%5d%5bB%5d%5bCOLOR%20aqua%5d%d7%a1%d7%a8%d7%98%d7%99%d7%9d-%20%5b%2fCOLOR%5d%5b%2fB%5d&amp;page&amp;selected_list=%20&amp;url=movie&quot"/>
</include>

<include content="extrasmoviesdesign">
<param name="idlist" value="501"/>
<param name="myitemnumber" value="26"/>
<param name="contentdateadded" value="dateadded"/>
<param name="contentdescending" value="descending"/>
<param name="supercontent" value="plugin://plugin.video.FlashTV/?cat_level=%20&amp;count=0&amp;description=%20&amp;fanart&amp;iconimage=https%3a%2f%2fkcat123.github.io%2fFTV%2fImages%2fMovies-IL.jpg&amp;index_depth=0&amp;lang=eng&amp;mode=5&amp;name=%d7%a1%d7%a8%d7%98%d7%99%d7%9d%20%d7%99%d7%a9%d7%a8%d7%90%d7%9c%d7%99%d7%9d&amp;page&amp;selected_list=%20&amp;url=%d7%a1%d7%a8%d7%98%d7%99%d7%9d%d7%a1%d7%a8%d7%98%d7%99%d7%9d%20%d7%99%d7%a9%d7%a8%d7%90%d7%9c%d7%99%d7%9d&quot"/>
</include>

<include content="extrasmoviesdesign">
<param name="idlist" value="502"/>
<param name="myitemnumber" value="27"/>
<param name="contentdateadded" value="dateadded"/>
<param name="contentdescending" value="descending"/>
<param name="supercontent" value="plugin://plugin.video.tempest/?action=movies&amp;url=https%3a%2f%2fapi.trakt.tv%2fusers%2fme%2flists%2fmovies1%2fitems&quot"/>
</include>

<include content="extrasmoviesdesign">
<param name="idlist" value="503"/>
<param name="myitemnumber" value="28"/>
<param name="contentdateadded" value="dateadded"/>
<param name="contentdescending" value="descending"/>
<param name="supercontent" value="plugin://plugin.video.tempest/?action=movies&amp;url=https%3a%2f%2fapi.trakt.tv%2fusers%2fme%2flists%2fmovies2%2fitems&quot"/>
</include>

<include content="extrasmoviesdesign">
<param name="idlist" value="504"/>
<param name="myitemnumber" value="29"/>
<param name="contentdateadded" value="dateadded"/>
<param name="contentdescending" value="descending"/>
<param name="supercontent" value="plugin://plugin.video.tempest/?action=movies&amp;url=https%3a%2f%2fapi.trakt.tv%2fusers%2fme%2flists%2fmoviesextrasplus%2fitems&quot"/>
</include>

<include content="extrasmoviesdesign">
<param name="idlist" value="505"/>
<param name="myitemnumber" value="30"/>
<param name="contentdateadded" value="dateadded"/>
<param name="contentdescending" value="descending"/>
<param name="supercontent" value="plugin://plugin.video.tempest/?action=movies&amp;url=https%3a%2f%2fapi.trakt.tv%2fusers%2fme%2flists%2fmoviesextrasplus2%2fitems&quot"/>
</include>

<include content="extrasmoviesdesign">
<param name="idlist" value="506"/>
<param name="myitemnumber" value="31"/>
<param name="contentdateadded" value="dateadded"/>
<param name="contentdescending" value="descending"/>
<param name="supercontent" value="plugin://plugin.video.tempest/?action=movies&amp;url=https%3a%2f%2fapi.trakt.tv%2fusers%2fme%2flists%2fmoviesextrasplus3docu%2fitems&quot"/>
</include>

<include content="extrasmoviesdesign">
<param name="idlist" value="507"/>
<param name="myitemnumber" value="32"/>
<param name="contentdateadded" value="dateadded"/>
<param name="contentdescending" value="descending"/>
<param name="supercontent" value="plugin://plugin.video.tempest/?action=movies&amp;url=https%3a%2f%2fapi.trakt.tv%2fusers%2fme%2flists%2fmoviesextrayesgofamily%2fitems&quot"/>
</include>

<include content="extrasmoviesdesign">
<param name="idlist" value="508"/>
<param name="myitemnumber" value="33"/>
<param name="contentdateadded" value="dateadded"/>
<param name="contentdescending" value="descending"/>
<param name="supercontent" value="plugin://plugin.video.tempest/?action=movies&amp;url=https%3a%2f%2fapi.trakt.tv%2fusers%2fme%2flists%2fmoviesextrayesgoromance%2fitems&quot"/>
</include>

<control type="list" id="2164">
<posx>-25</posx>
<posy>895</posy>
<width>1920</width>
<height>500</height>
<orientation>horizontal</orientation>
<itemlayout width="320" height="256">
<control type="image">
<posx>0</posx>
<posy>0</posy>
<width>409</width>
<height>256</height>
<texture>$INFO[ListItem.Thumb]</texture>
</control>
</itemlayout>
<focusedlayout width="320" height="256">
<control type="image">
<animation effect="zoom" center="auto" start="100,100" end="110,110" time="250">Focus</animation>
<posx>0</posx>
<posy>0</posy>
<width>409</width>
<height>256</height>
<texture>$INFO[ListItem.Thumb]</texture>
</control>
</focusedlayout>
<content>
<item id="25">
<thumb>special://skin/extras/specialbuttons/movies1.png</thumb>
<label>-</label>
<onclick>Control.SetFocus(500)</onclick>
</item>
<item id="26">
<thumb>special://skin/extras/specialbuttons/movies2.png</thumb>
<label>-</label>
<onclick>Control.SetFocus(501)</onclick>
</item>
<item id="27">
<thumb>special://skin/extras/specialbuttons/movies3.png</thumb>
<label>-</label>
<onclick>Control.SetFocus(502)</onclick>
</item>
<item id="28">
<thumb>special://skin/extras/specialbuttons/movies4.png</thumb>
<label>-</label>
<onclick>Control.SetFocus(503)</onclick>
</item>
<item id="29">
<thumb>special://skin/extras/specialbuttons/movies5.png</thumb>
<label>-</label>
<onclick>Control.SetFocus(504)</onclick>
</item>
<item id="30">
<thumb>special://skin/extras/specialbuttons/movies6.png</thumb>
<label>-</label>
<onclick>Control.SetFocus(505)</onclick>
</item>
<item id="31">
<thumb>special://skin/extras/specialbuttons/movies7.png</thumb>
<label>-</label>
<onclick>Control.SetFocus(506)</onclick>
</item>
<item id="32">
<thumb>special://skin/extras/specialbuttons/movies8.png</thumb>
<label>-</label>
<onclick>Control.SetFocus(507)</onclick>
</item>
<item id="33">
<thumb>special://skin/extras/specialbuttons/movies9.png</thumb>
<label>-</label>
<onclick>Control.SetFocus(508)</onclick>
</item>

</content>
</control>




</controls>
</window>
