<?xml version="1.0" encoding="UTF-8"?>
<window type="dialog" id="7025">
	<defaultcontrol always="true">1256</defaultcontrol>

<controls>




<control type="group">
		<animation type="WindowOpen">
		<effect type="slide" start="0,0" end="-1000,0" time="450" tween="sine" easing="inout"/>
		</animation>
		<animation type="WindowClose">
		<effect type="slide" start="-1000,0" end="0,0" time="450" tween="sine" easing="inout"/>
		</animation>
		<control type="image">
		<posx>2414</posx>
		<posy>362</posy>
		<width>515</width>
		<height>365</height>
		<bordertexture colordiffuse="$VAR[MainInfoTextBorder]">white.png</bordertexture>
		<bordersize>1</bordersize>
		<texture colordiffuse="black">white.png</texture>
		</control>
		</control>

<control type="group">
		<animation type="WindowOpen">
		<effect type="slide" start="0,0" end="0,1400" time="550" tween="sine" easing="inout"/>
		</animation>
		<animation type="WindowClose">
		<effect type="slide" start="0,1400" end="0,0" time="550" tween="sine" easing="inout"/>
		</animation>
			<control type="image">
			<posx>510</posx>
			<posy>-1038</posy>
			<width>905</width>
			<height>365</height>
			<bordertexture colordiffuse="$VAR[MainInfoTextBorder]">white.png</bordertexture>
			<bordersize>1</bordersize>
			<texture colordiffuse="black">white.png</texture>
			</control>
		</control>


<control type="group">
		<animation type="WindowOpen">
		<effect type="slide" start="0,0" end="1000,0" time="450" tween="sine" easing="inout"/>
		</animation>
		<animation type="WindowClose">
		<effect type="slide" start="1000,0" end="0,0" time="450" tween="sine" easing="inout"/>
		</animation>
		<control type="image">
		<posx>-1005</posx>
		<posy>362</posy>
		<width>515</width>
		<height>365</height>
		<bordertexture colordiffuse="$VAR[MainInfoTextBorder]">white.png</bordertexture>
		<bordersize>1</bordersize>
		<texture colordiffuse="black">white.png</texture>
		</control>
		</control>


<include content="widgetmoviesextras">
<param name="id" value="500"/>
<param name="itemnumber" value="21"/>
<param name="sortby" value="dateadded"/>
<param name="sortorder" value="descending"/>
<param name="content" value="plugin://plugin.video.tempest/?action=movies&amp;url=https%3a%2f%2fapi.trakt.tv%2fusers%2fme%2flists%2fmovies1%2fitems&quot"/>
</include>
<include content="widgetmoviesextras">
<param name="id" value="501"/>
<param name="itemnumber" value="22"/>
<param name="sortby" value="dateadded"/>
<param name="sortorder" value="descending"/>
<param name="content" value="plugin://plugin.video.tempest/?action=movies&amp;url=https%3a%2f%2fapi.trakt.tv%2fusers%2fme%2flists%2fmovies2%2fitems&quot"/>
</include>
<include content="widgetmoviesextras">
<param name="id" value="502"/>
<param name="itemnumber" value="23"/>
<param name="sortby" value="dateadded"/>
<param name="sortorder" value="descending"/>
<param name="content" value="plugin://plugin.video.tempest/?action=movies&amp;url=https%3a%2f%2fapi.trakt.tv%2fusers%2fme%2flists%2fmoviesarchive%2fitems&quot"/>
</include>

<include content="widgetmoviesextras">
<param name="id" value="503"/>
<param name="itemnumber" value="24"/>
<param name="sortby" value="dateadded"/>
<param name="sortorder" value="descending"/>
<param name="content" value="plugin://plugin.video.tempest/?action=movies&amp;url=https%3a%2f%2fapi.trakt.tv%2fusers%2fme%2flists%2fmoviesextrasplus%2fitems&quot"/>
</include>
<include content="widgetmoviesextras">
<param name="id" value="504"/>
<param name="itemnumber" value="25"/>
<param name="sortby" value="dateadded"/>
<param name="sortorder" value="descending"/>
<param name="content" value="plugin://plugin.video.tempest/?action=movies&amp;url=https%3a%2f%2fapi.trakt.tv%2fusers%2fme%2flists%2fmoviesextrasplus2%2fitems&quot"/>
</include>
<include content="widgetmoviesextras">
<param name="id" value="505"/>
<param name="itemnumber" value="26"/>
<param name="sortby" value="dateadded"/>
<param name="sortorder" value="descending"/>
<param name="content" value="plugin://plugin.video.tempest/?action=movies&amp;url=https%3a%2f%2fapi.trakt.tv%2fusers%2fme%2flists%2fmoviesextrasplus3docu%2fitems&quot"/>
</include>

<include content="widgetmoviesextras">
<param name="id" value="506"/>
<param name="itemnumber" value="27"/>
<param name="sortby" value="dateadded"/>
<param name="sortorder" value="descending"/>
<param name="content" value="plugin://plugin.video.tempest/?action=movies&amp;url=https%3a%2f%2fapi.trakt.tv%2fusers%2fme%2flists%2fmoviesextrayesgoromance%2fitems&quot"/>
</include>
<include content="widgetmoviesextras">
<param name="id" value="507"/>
<param name="itemnumber" value="28"/>
<param name="sortby" value="dateadded"/>
<param name="sortorder" value="descending"/>
<param name="content" value="plugin://plugin.video.tempest/?action=movies&amp;url=https%3a%2f%2fapi.trakt.tv%2fusers%2fme%2flists%2fmoviesextrayesgofamily%2fitems&quot"/>
</include>
<include content="widgetmoviesextras">
<param name="id" value="508"/>
<param name="itemnumber" value="29"/>
<param name="sortby" value="dateadded"/>
<param name="sortorder" value="descending"/>
<param name="content" value="plugin://plugin.video.tempest/?action=movies&amp;url=https%3a%2f%2fapi.trakt.tv%2fusers%2fme%2flists%2fmymovies1%2fitems&quot"/>
</include>

<include content="widgetmoviesextras">
<param name="id" value="509"/>
<param name="itemnumber" value="30"/>
<param name="sortby" value="dateadded"/>
<param name="sortorder" value="descending"/>
<param name="content" value="plugin://plugin.video.tempest/?action=movies&amp;url=https%3a%2f%2fapi.trakt.tv%2fusers%2fme%2flists%2fmymovies2%2fitems&quot"/>
</include>
<include content="widgetmoviesextras">
<param name="id" value="510"/>
<param name="itemnumber" value="31"/>
<param name="sortby" value="dateadded"/>
<param name="sortorder" value="descending"/>
<param name="content" value="plugin://plugin.video.tempest/?action=movies&amp;url=https%3a%2f%2fapi.trakt.tv%2fusers%2fme%2flists%2fmymovies3%2fitems&quot"/>
</include>
<include content="widgetmoviesextras">
<param name="id" value="511"/>
<param name="itemnumber" value="32"/>
<param name="sortby" value="dateadded"/>
<param name="sortorder" value="descending"/>
<param name="content" value="plugin://plugin.video.tempest/?action=movies&amp;url=https%3a%2f%2fapi.trakt.tv%2fusers%2fme%2flists%2fmymovies4%2fitems&quot"/>
</include>

<include content="widgetmoviesextras">
<param name="id" value="512"/>
<param name="itemnumber" value="33"/>
<param name="sortby" value="dateadded"/>
<param name="sortorder" value="descending"/>
<param name="content" value="plugin://plugin.video.tempest/?action=movies&amp;url=https%3a%2f%2fapi.trakt.tv%2fusers%2fme%2flists%2fmymovies5%2fitems&quot"/>
</include>
<include content="widgetmoviesextras">
<param name="id" value="513"/>
<param name="itemnumber" value="34"/>
<param name="sortby" value="dateadded"/>
<param name="sortorder" value="descending"/>
<param name="content" value="plugin://plugin.video.tempest/?action=movies&amp;url=https%3a%2f%2fapi.trakt.tv%2fusers%2fme%2flists%2fonlynewmovies%2fitems&quot"/>
</include>





<control type="wraplist" id="1256">
		<animation type="WindowOpen">
		<effect type="slide" start="0,0" end="-1000,0" time="450" tween="sine" easing="inout"/>
		</animation>
		<animation type="WindowClose">
		<effect type="slide" start="-1000,0" end="0,0" time="450" tween="sine" easing="inout"/>
		</animation>
<posx>2420</posx>
<posy>368</posy>
<width>540</width>
<height>50</height>
<focusposition>0</focusposition>
<ondown condition="Container(1256).HasFocus(21)">Control.SetFocus(500)</ondown>
<ondown condition="Container(1256).HasFocus(22)">Control.SetFocus(501)</ondown>
<ondown condition="Container(1256).HasFocus(23)">Control.SetFocus(502)</ondown>
<ondown condition="Container(1256).HasFocus(24)">Control.SetFocus(503)</ondown>
<ondown condition="Container(1256).HasFocus(25)">Control.SetFocus(504)</ondown>
<ondown condition="Container(1256).HasFocus(26)">Control.SetFocus(505)</ondown>
<ondown condition="Container(1256).HasFocus(27)">Control.SetFocus(506)</ondown>
<ondown condition="Container(1256).HasFocus(28)">Control.SetFocus(507)</ondown>
<ondown condition="Container(1256).HasFocus(29)">Control.SetFocus(508)</ondown>
<ondown condition="Container(1256).HasFocus(30)">Control.SetFocus(509)</ondown>
<ondown condition="Container(1256).HasFocus(31)">Control.SetFocus(510)</ondown>
<ondown condition="Container(1256).HasFocus(32)">Control.SetFocus(511)</ondown>
<ondown condition="Container(1256).HasFocus(33)">Control.SetFocus(512)</ondown>
<ondown condition="Container(1256).HasFocus(34)">Control.SetFocus(513)</ondown>
<orientation>horizontal</orientation>
<scrolltime tween="sine" easing="inout">350</scrolltime>
<itemlayout width="280" height="40">
<control type="image">
<posx>0</posx>
<posy>0</posy>
<width>280</width>
<height>40</height>
<bordertexture colordiffuse="gray">white.png</bordertexture>
<bordersize>2</bordersize>
<texture colordiffuse="black">white.png</texture>
</control>
<control type="label">
<posx>0</posx>
<posy>0</posy>
<width>280</width>
<height>40</height>
<align>center</align>
<label>$INFO[ListItem.Label]</label>
</control>
</itemlayout>
<focusedlayout width="280" height="40">
<control type="image">
<posx>0</posx>
<posy>0</posy>
<width>280</width>
<height>40</height>
<bordertexture colordiffuse="gray">white.png</bordertexture>
<bordersize>2</bordersize>
<texture colordiffuse="black">white.png</texture>
</control>
<control type="image">
<animation condition="!Control.HasFocus(1256)" effect="fade" start="100" end="55" time="350">Conditional</animation>
<posx>2</posx>
<posy>3</posy>
<width>275</width>
<height>34</height>
<texture diffuse="glass.jpg" colordiffuse="$VAR[SubMenuFocusedColor]">white.png</texture>
</control>
<control type="image">
<animation effect="fade" start="0" end="100" time="450">Focus</animation>
<visible>Control.HasFocus(1256)</visible>
<posx>2</posx>
<posy>3</posy>
<width>275</width>
<height>34</height>
<texture diffuse="glass.jpg" colordiffuse="$VAR[SubMenuFocusedColor]">white.png</texture>
</control>

<control type="label">
<posx>0</posx>
<posy>0</posy>
<width>280</width>
<height>40</height>
<align>center</align>
<label>$INFO[ListItem.Label]</label>
</control>
</focusedlayout>
<content>
<item id="21">
<label>סרטים 1</label>
<onclick>Control.SetFocus(500)</onclick>
</item>
<item id="22">
<label>סרטים 2</label>
<onclick>Control.SetFocus(501)</onclick>
</item>
<item id="23">
<label>סרטים 3</label>
<onclick>Control.SetFocus(502)</onclick>
</item>
<item id="24">
<label>סרטים 4</label>
<onclick>Control.SetFocus(503)</onclick>
</item>
<item id="25">
<label>סרטטים 5</label>
<onclick>Control.SetFocus(504)</onclick>
</item>
<item id="26">
<label>סרטים 6</label>
<onclick>Control.SetFocus(505)</onclick>
</item>
<item id="27">
<label>סרטים 7</label>
<onclick>Control.SetFocus(506)</onclick>
</item>
<item id="28">
<label>סרטים 8</label>
<onclick>Control.SetFocus(507)</onclick>
</item>
<item id="29">
<label>סרטים 9</label>
<onclick>Control.SetFocus(508)</onclick>
</item>
<item id="30">
<label>סרטים 10</label>
<onclick>Control.SetFocus(509)</onclick>
</item>
<item id="31">
<label>סרטים 11</label>
<onclick>Control.SetFocus(510)</onclick>
</item>
<item id="32">
<label>סרטים 12</label>
<onclick>Control.SetFocus(511)</onclick>
</item>
<item id="33">
<label>סרטים 13</label>
<onclick>Control.SetFocus(512)</onclick>
</item>
<item id="34">
<label>סרטים 14</label>
<onclick>Control.SetFocus(513)</onclick>
</item>
</content>
</control>



</controls>
</window>
