<?xml version="1.0" encoding="UTF-8"?>
<!-- Foundation -->
<window id="1182" type="dialog">
    <defaultcontrol always="true">500</defaultcontrol>
    <controls>
   
   
   
   <control type="image">
   <posx>0</posx>
   <posy>0</posy>
   <width>1920</width>
   <height>1080</height>
   <texture>black.png</texture>
   </control>
   
   <control type="image">
   <visible>!Integer.IsGreater(Container(500).NumItems,0)</visible>
   <posx>800</posx>
   <posy>400</posy>
   <width>320</width>
   <height>320</height>
   <texture>special://skin/extras/netflix/netflixanim.gif</texture>
   </control>
   

   <include content="netflixdesign">
   <param name="netflixid" value="500"/>
   <param name="posx" value="20"/>
   <param name="posy" value="620"/>
   <param name="focusposy" value="615"/>
   <param name="ondown" value="501"/>
   <param name="sortby" value="dateadded"/>
   <param name="sortorder" value="descending"/>
   <param name="netflixcontent" value="plugin://plugin.video.tempest/?action=movies&amp;url=https%3a%2f%2fapi.trakt.tv%2fusers%2fme%2flists%2fanimationmovies%2fitems&quot"/>
   </include>
   
   
   <include content="netflixdesign">
   <param name="netflixid" value="501"/>
   <param name="posx" value="20"/>
   <param name="posy" value="850"/>
   <param name="focusposy" value="845"/>
   <param name="onup" value="500"/>
   <param name="sortby" value="dateadded"/>
   <param name="sortorder" value="descending"/>
   <param name="netflixcontent" value="plugin://plugin.video.tempest/?action=movies&amp;url=https%3a%2f%2fapi.trakt.tv%2fusers%2fme%2flists%2fmoviesarchive%2fitems&quot"/>
   </include>
   
   
		<control type="grouplist">
		<visible>Control.HasFocus(500)</visible>
			<posx>185</posx>
			<posy>250</posy><!--812\1028-->
			<align>left</align>
			<width>1160</width>
			<height>60</height>
			<itemgap>60</itemgap>
			<orientation>horizontal</orientation>
			<visible>![Container.Content(songs) | Container.Content(Albums) | Container.Content(Artists)]</visible>
			<animation effect="slide" end="0,220" time="200" condition="Skin.HasSetting(fanart_plot)">Conditional</animation>
			<control type="group">
				<animation effect="slide" start="0,0" end="0,0" delay="0" time="150">Visible</animation>
				<animation effect="fade" start="100" end="0" time="200">Hidden</animation>
				<visible>!String.IsEmpty(Container(500).ListItem.Rating) + Integer.IsGreater(Container(500).ListItem.Rating,0)</visible>
				<width>70</width>
				<include content="xflag">
				<param name="imageid" value="special://skin/extras/flags/stars/$INFO[Container(500).ListItem.Rating].png"/>
				<param name="fallback" value="special://skin/extras/flags/stars/7.5.png"/>
				<param name="colorimage" value="red"/>
				<param name="width" value="150"/>
				<param name="height" value="32"/>
				<param name="posy" value="0"/>
				<param name="aspectratio" value="keep"/>
				</include>
			</control>	
			<control type="group">
			<width>70</width>
				<posy>0</posy>
				<visible>!String.IsEmpty(Container(500).ListItem.Year)</visible>
				<width>5</width>
				<include content="xflag">
				<param name="label" value="$INFO[Container(500).ListItem.Year]"/>
				<param name="label2" value="345"/>
				<param name="width" value="150"/>
				</include>
			</control>
			<control type="group">
				<visible>!String.IsEmpty(Container(500).ListItem.mpaa)</visible>
				<width>0</width>
				<include content="xflag">
				<param name="imageid" value="special://skin/extras/flags/mpaa/$INFO[Container(500).ListItem.mpaa].png"/>
				<param name="fallback" value="special://skin/extras/flags/mpaa/de-16.png"/>
				<param name="width" value="50"/>
				<param name="height" value="32"/>
				<param name="posy" value="0"/>
				<param name="aspectratio" value="keep"/>
				</include>
			</control>	
			<control type="group">
				<visible>!String.IsEmpty(Container(500).ListItem.VideoCodec)</visible>
				<width>0</width>
				<include content="xflag">
				<param name="imageid" value="special://skin/extras/flags/video/$INFO[Container(500).ListItem.VideoCodec].png"/>
				<param name="fallback" value="special://skin/extras/flags/video/bluray.png"/>
				<param name="width" value="50"/>
				<param name="height" value="32"/>
				<param name="posy" value="0"/>
				<param name="aspectratio" value="keep"/>
				</include>
			</control>	
			</control>	
 
		<control type="grouplist">
		<visible>Control.HasFocus(501)</visible>
			<posx>185</posx>
			<posy>250</posy><!--812\1028-->
			<align>left</align>
			<width>1160</width>
			<height>60</height>
			<itemgap>60</itemgap>
			<orientation>horizontal</orientation>
			<visible>![Container.Content(songs) | Container.Content(Albums) | Container.Content(Artists)]</visible>
			<animation effect="slide" end="0,220" time="200" condition="Skin.HasSetting(fanart_plot)">Conditional</animation>
			<control type="group">
				<animation effect="slide" start="0,0" end="0,0" delay="0" time="150">Visible</animation>
				<animation effect="fade" start="100" end="0" time="200">Hidden</animation>
				<visible>!String.IsEmpty(Container(501).ListItem.Rating) + Integer.IsGreater(Container(501).ListItem.Rating,0)</visible>
				<width>70</width>
				<include content="xflag">
				<param name="imageid" value="special://skin/extras/flags/stars/$INFO[Container(501).ListItem.Rating].png"/>
				<param name="fallback" value="special://skin/extras/flags/stars/7.5.png"/>
				<param name="colorimage" value="red"/>
				<param name="width" value="150"/>
				<param name="height" value="32"/>
				<param name="posy" value="0"/>
				<param name="aspectratio" value="keep"/>
				</include>
			</control>	
			<control type="group">
			<width>70</width>
				<posy>0</posy>
				<visible>!String.IsEmpty(Container(501).ListItem.Year)</visible>
				<width>5</width>
				<include content="xflag">
				<param name="label" value="$INFO[Container(501).ListItem.Year]"/>
				<param name="label2" value="345"/>
				<param name="width" value="150"/>
				</include>
			</control>
			<control type="group">
				<visible>!String.IsEmpty(Container(501).ListItem.mpaa)</visible>
				<width>0</width>
				<include content="xflag">
				<param name="imageid" value="special://skin/extras/flags/mpaa/$INFO[Container(501).ListItem.mpaa].png"/>
				<param name="fallback" value="special://skin/extras/flags/mpaa/de-16.png"/>
				<param name="width" value="50"/>
				<param name="height" value="32"/>
				<param name="posy" value="0"/>
				<param name="aspectratio" value="keep"/>
				</include>
			</control>	
			<control type="group">
				<visible>!String.IsEmpty(Container(501).ListItem.VideoCodec)</visible>
				<width>0</width>
				<include content="xflag">
				<param name="imageid" value="special://skin/extras/flags/video/$INFO[Container(501).ListItem.VideoCodec].png"/>
				<param name="fallback" value="special://skin/extras/flags/video/bluray.png"/>
				<param name="width" value="50"/>
				<param name="height" value="32"/>
				<param name="posy" value="0"/>
				<param name="aspectratio" value="keep"/>
				</include>
			</control>	
			</control>	
  


    </controls>

</window>
