<?xml version="1.0" encoding="UTF-8"?>
<!-- Foundation -->
<window id="1184" type="dialog">
<defaultcontrol always="true">2164</defaultcontrol>

<controls>


<control type="image">
<posx>0</posx>
<posy>0</posy>
<width>1920</width>
<height>1080</height>
<texture>special://skin/extras/specialbuttons/background.jpg</texture>
</control>





<include content="extrasmoviesdesign">
<param name="idlist" value="500"/>
<param name="myitemnumber" value="25"/>
<param name="contentdateadded" value="dateadded"/>
<param name="contentdescending" value="descending"/>
<param name="supercontent" value="plugin://plugin.video.CHICCO/?cat_level=%20&amp;count=0&amp;description=%20&amp;fanart=http%3a%2f%2fmoridim.me%2fimages%2flarge%2f9424.jpg&amp;iconimage=http%3a%2f%2fmoridim.me%2fimages%2flarge%2f9424.jpg&amp;index_depth=0&amp;lang=eng&amp;mode=5&amp;name=%d7%a1%d7%a8%d7%98%d7%99%d7%9d%20%d7%9e%d7%93%d7%95%d7%91%d7%91%d7%99%d7%9d&amp;page&amp;selected_list=%20&amp;url=%d7%a1%d7%a8%d7%98%d7%99%d7%9d%d7%a1%d7%a8%d7%98%d7%99%d7%9d%20%d7%9e%d7%93%d7%95%d7%91%d7%91%d7%99%d7%9d&quot"/>
</include>

<include content="extrasmoviesdesign">
<param name="idlist" value="501"/>
<param name="myitemnumber" value="26"/>
<param name="contentdateadded" value="dateadded"/>
<param name="contentdescending" value="descending"/>
<param name="supercontent" value="plugin://plugin.video.FlashTV/?cat_level=%20&amp;count=0&amp;description=%20&amp;fanart&amp;iconimage=https%3a%2f%2fkcat123.github.io%2fFTV%2fImages%2fMovies-Dubbed-IL.jpg&amp;index_depth=0&amp;lang=eng&amp;mode=5&amp;name=%d7%a1%d7%a8%d7%98%d7%99%d7%9d%20%d7%9e%d7%93%d7%95%d7%91%d7%91%d7%99%d7%9d&amp;page&amp;selected_list=%20&amp;url=%d7%99%d7%9c%d7%93%d7%99%d7%9d%d7%a1%d7%a8%d7%98%d7%99%d7%9d%20%d7%9e%d7%93%d7%95%d7%91%d7%91%d7%99%d7%9d&quot"/>
</include>

<include content="extrasmoviesdesign">
<param name="idlist" value="502"/>
<param name="myitemnumber" value="27"/>
<param name="contentdateadded" value="dateadded"/>
<param name="contentdescending" value="descending"/>
<param name="supercontent" value="plugin://plugin.audio.My.Music/?cat_level=%20&amp;count=0&amp;description=%20&amp;fanart&amp;iconimage&amp;index_depth=0&amp;lang=eng&amp;mode=5&amp;name=kids&amp;page&amp;selected_list=%20&amp;url=kids&quot"/>
</include>

<include content="extrasmoviesdesign">
<param name="idlist" value="503"/>
<param name="myitemnumber" value="28"/>
<param name="supercontent" value="plugin://plugin.video.telemedia/?data=-1001406056035&amp;dates=%20&amp;description=%22%d7%90%d7%9c%d7%90%d7%93%d7%99%d7%9f%22%202019%0a%0a%d7%90%d7%99%d7%9b%d7%95%d7%aa%3a%201080p%20BluRay.%20%f0%9f%98%8d%0a%e2%9c%82%ef%b8%8f%20%d7%97%d7%9c%d7%a7%202%20-%20%d7%9e%d7%93%d7%95%d7%91%d7%91%20%d7%9c%d7%a2%d7%91%d7%a8%d7%99%d7%aa.%20%f0%9f%97%a3%0a%0a%e2%9a%a1%ef%b8%8f%20%40all_the_media%0afrom_plot&amp;eng_name=%20&amp;episode=%20&amp;fanart&amp;fav_status=false&amp;groups_id=0&amp;heb_name=%20&amp;iconimage&amp;id=%20&amp;image_master&amp;isr=0&amp;last_id&amp;mode=31&amp;name=%5bCOLOR%20lightblue%5d%d7%a7%d7%91%d7%95%d7%a6%d7%aa%20%d7%94%d7%91%d7%a7%d7%a9%d7%95%d7%aa%20%d7%99%d7%9c%d7%93%d7%99%d7%9d%5b%2fCOLOR%5d&amp;original_title=%20&amp;season=%20&amp;show_original_year=%20&amp;tmdbid=%20&amp;url=-1001406056035&quot"/>
</include>

<include content="extrasmoviesdesign">
<param name="idlist" value="504"/>
<param name="myitemnumber" value="29"/>
<param name="supercontent" value="plugin://plugin.video.telemedia/?data=-1001169545715&amp;dates=%20&amp;description=%d7%a7%d7%91%d7%95%d7%a6%d7%aa%20%d7%94%d7%91%d7%a7%d7%a9%d7%95%d7%aa%20%d7%9c%d7%99%d7%9c%d7%93%d7%99%d7%9d%202%0afrom_plot&amp;eng_name=%20&amp;episode=%20&amp;fanart&amp;fav_status=false&amp;groups_id=0&amp;heb_name=%20&amp;iconimage&amp;id=%20&amp;image_master&amp;isr=0&amp;last_id&amp;mode=31&amp;name=%5bCOLOR%20khaki%5d%d7%a7%d7%91%d7%95%d7%a6%d7%aa%20%d7%94%d7%91%d7%a7%d7%a9%d7%95%d7%aa%20%d7%9c%d7%99%d7%9c%d7%93%d7%99%d7%9d%202%5b%2fCOLOR%5d&amp;original_title=%20&amp;season=%20&amp;show_original_year=%20&amp;tmdbid=%20&amp;url=-1001169545715&quot"/>
</include>

<include content="extrasmoviesdesign">
<param name="idlist" value="505"/>
<param name="myitemnumber" value="30"/>
<param name="supercontent" value="plugin://plugin.video.telemedia/?data=-1001364848763&amp;dates=%20&amp;description=%0afrom_plot&amp;eng_name=%20&amp;episode=%20&amp;fanart&amp;fav_status=false&amp;groups_id=0&amp;heb_name=%20&amp;iconimage&amp;id=%20&amp;image_master&amp;isr=0&amp;last_id&amp;mode=31&amp;name=%5bCOLOR%20khaki%5d%d7%a7%d7%91%d7%95%d7%a6%d7%aa%20%d7%94%d7%91%d7%a7%d7%a9%d7%95%d7%aa%20%d7%9c%d7%99%d7%9c%d7%93%d7%99%d7%9d%203%5b%2fCOLOR%5d&amp;original_title=%20&amp;season=%20&amp;show_original_year=%20&amp;tmdbid=%20&amp;url=-1001364848763&quot"/>
</include>

<include content="extrasmoviesdesign">
<param name="idlist" value="506"/>
<param name="myitemnumber" value="31"/>
<param name="supercontent" value="plugin://plugin.video.telemedia/?data=-1001428630061&amp;dates=%20&amp;description=%d7%a7%d7%91%d7%95%d7%a6%d7%aa%20%d7%94%d7%91%d7%a7%d7%a9%d7%95%d7%aa%20%d7%9c%d7%99%d7%9c%d7%93%d7%99%d7%9d%204%0afrom_plot&amp;eng_name=%20&amp;episode=%20&amp;fanart&amp;fav_status=false&amp;groups_id=0&amp;heb_name=%20&amp;iconimage&amp;id=%20&amp;image_master&amp;isr=0&amp;last_id&amp;mode=31&amp;name=%5bCOLOR%20khaki%5d%d7%a7%d7%91%d7%95%d7%a6%d7%aa%20%d7%94%d7%91%d7%a7%d7%a9%d7%95%d7%aa%20%d7%9c%d7%99%d7%9c%d7%93%d7%99%d7%9d%204%5b%2fCOLOR%5d&amp;original_title=%20&amp;season=%20&amp;show_original_year=%20&amp;tmdbid=%20&amp;url=-1001428630061&quot"/>
</include>

<include content="extrasmoviesdesign">
<param name="idlist" value="507"/>
<param name="myitemnumber" value="32"/>
<param name="supercontent" value="plugin://plugin.video.telemedia/?data=-1001229507581&amp;dates=%20&amp;description=%0afrom_plot&amp;eng_name=%20&amp;episode=%20&amp;fanart&amp;fav_status=false&amp;groups_id=0&amp;heb_name=%20&amp;iconimage&amp;id=%20&amp;image_master&amp;isr=0&amp;last_id&amp;mode=31&amp;name=%5bCOLOR%20khaki%5d%d7%a7%d7%91%d7%95%d7%a6%d7%aa%20%d7%94%d7%91%d7%a7%d7%a9%d7%95%d7%aa%20%d7%9c%d7%99%d7%9c%d7%93%d7%99%d7%9d%205%5b%2fCOLOR%5d&amp;original_title=%20&amp;season=%20&amp;show_original_year=%20&amp;tmdbid=%20&amp;url=-1001229507581&quot"/>
</include>

<include content="extrasmoviesdesign">
<param name="idlist" value="508"/>
<param name="myitemnumber" value="33"/>
<param name="supercontent" value="plugin://plugin.video.telemedia/?data=-1001331856284&amp;dates=%20&amp;description=%0afrom_plot&amp;eng_name=%20&amp;episode=%20&amp;fanart&amp;fav_status=false&amp;groups_id=0&amp;heb_name=%20&amp;iconimage&amp;id=%20&amp;image_master&amp;isr=0&amp;last_id&amp;mode=31&amp;name=%5bCOLOR%20khaki%5d%d7%a7%d7%91%d7%95%d7%a6%d7%aa%20%d7%94%d7%91%d7%a7%d7%a9%d7%95%d7%aa%20%d7%9c%d7%99%d7%9c%d7%93%d7%99%d7%9d%206%5b%2fCOLOR%5d&amp;original_title=%20&amp;season=%20&amp;show_original_year=%20&amp;tmdbid=%20&amp;url=-1001331856284&quot"/>
</include>

<control type="list" id="2164">
<posx>-25</posx>
<posy>895</posy>
<width>1920</width>
<height>500</height>
<orientation>horizontal</orientation>
<itemlayout width="320" height="256">
<control type="image">
<posx>0</posx>
<posy>0</posy>
<width>409</width>
<height>256</height>
<texture>$INFO[ListItem.Thumb]</texture>
</control>
</itemlayout>
<focusedlayout width="320" height="256">
<control type="image">
<animation effect="zoom" center="auto" start="100,100" end="110,110" time="250">Focus</animation>
<posx>0</posx>
<posy>0</posy>
<width>409</width>
<height>256</height>
<texture>$INFO[ListItem.Thumb]</texture>
</control>
</focusedlayout>
<content>
<item id="25">
<thumb>special://skin/extras/specialbuttons/movies1.png</thumb>
<label>-</label>
<onclick>Control.SetFocus(500)</onclick>
</item>
<item id="26">
<thumb>special://skin/extras/specialbuttons/movies2.png</thumb>
<label>-</label>
<onclick>Control.SetFocus(501)</onclick>
</item>
<item id="27">
<thumb>special://skin/extras/specialbuttons/movies3.png</thumb>
<label>-</label>
<onclick>Control.SetFocus(502)</onclick>
</item>
<item id="28">
<thumb>special://skin/extras/specialbuttons/movies4.png</thumb>
<label>-</label>
<onclick>Control.SetFocus(503)</onclick>
</item>
<item id="29">
<thumb>special://skin/extras/specialbuttons/movies5.png</thumb>
<label>-</label>
<onclick>Control.SetFocus(504)</onclick>
</item>
<item id="30">
<thumb>special://skin/extras/specialbuttons/movies6.png</thumb>
<label>-</label>
<onclick>Control.SetFocus(505)</onclick>
</item>
<item id="31">
<thumb>special://skin/extras/specialbuttons/movies7.png</thumb>
<label>-</label>
<onclick>Control.SetFocus(506)</onclick>
</item>
<item id="32">
<thumb>special://skin/extras/specialbuttons/movies8.png</thumb>
<label>-</label>
<onclick>Control.SetFocus(507)</onclick>
</item>
<item id="33">
<thumb>special://skin/extras/specialbuttons/movies9.png</thumb>
<label>-</label>
<onclick>Control.SetFocus(508)</onclick>
</item>

</content>
</control>




</controls>
</window>
