<?xml version="1.0" encoding="UTF-8"?>
<window>
    <defaultcontrol always="true">4000</defaultcontrol>
    <animation type="windowOpen">
        <effect type="fade" start="0" end="100" time="350" delay="50"/>
    </animation>
    <animation type="windowClose">
        <effect type="fade" start="100" end="0" time="350" delay="50"/>
    </animation>
    <controls>



<control type="grouplist" id="4000">
<animation condition="Player.HasVideo" effect="slide" start="0,0" end="-100,0" time="100" tween="sine" easing="inout">Conditional</animation>
<visible>Window.IsActive(6006)</visible>
<description>kids premium trailer</description>
<posx>550</posx>
<posy>870</posy>
<width>2000</width>
<height>500</height>
<orientation>horizontal</orientation>
<itemgap>250</itemgap>
<control type="group">
<control type="button" id="123">
<onright>Control.SetFocus(124)</onright>
<animation type="Focus">
<effect type="slide" start="0,0" end="0,-40" time="650"/>
</animation>
<animation type="UמFocus">
<effect type="slide" start="0,-40" end="0,0" time="650"/>
</animation>
<posx>0</posx>
<posy>0</posy>
<width>180</width>
<height>270</height>
<onup>PlayerControl(stop)</onup>
<ondown>PlayerControl(stop)</ondown>
<textoffsety>40</textoffsety>
<textoffsetx>20</textoffsetx>
<aligny>30</aligny>
<texturefocus>special://skin/extras/kidsframes/wood-sign.png</texturefocus>
<texturenofocus>special://skin/extras/kidsframes/wood-sign.png</texturenofocus>
<textcolor>black</textcolor>
<focusedcolor>white</focusedcolor>
<font>font-20b</font>
<label>[B]טריילר[/B]</label>
<angle>20</angle>
<onclick>PlayMedia($INFO[ListItem.trailer],1)</onclick>
</control>
</control>
<control type="group">
<control type="button" id="124">
<onleft>Control.SetFocus(123)</onleft>
<onright>Control.SetFocus(125)</onright>
<animation type="Focus">
<effect type="slide" start="0,0" end="0,-40" time="650"/>
</animation>
<animation type="UמFocus">
<effect type="slide" start="0,-40" end="0,0" time="650"/>
</animation>
<posx>0</posx>
<posy>0</posy>
<width>180</width>
<height>270</height>
<onup>PlayerControl(stop)</onup>
<ondown>PlayerControl(stop)</ondown>
<textoffsety>40</textoffsety>
<textoffsetx>20</textoffsetx>
<aligny>30</aligny>
<texturefocus>special://skin/extras/kidsframes/wood-sign.png</texturefocus>
<texturenofocus>special://skin/extras/kidsframes/wood-sign.png</texturenofocus>
<textcolor>black</textcolor>
<focusedcolor>white</focusedcolor>
<font>font-20b</font>
<label>[B]נגן[/B]</label>
<angle>20</angle>
<onclick>SendClick(8)</onclick>
</control>
</control>
<control type="group">
<control type="button" id="125">
<onleft>Control.SetFocus(124)</onleft>
<onright condition="Player.HasVideo">Control.SetFocus(126)</onright>
<animation type="Focus">
<effect type="slide" start="0,0" end="0,-40" time="650"/>
</animation>
<animation type="UמFocus">
<effect type="slide" start="0,-40" end="0,0" time="650"/>
</animation>
<posx>0</posx>
<posy>0</posy>
<width>180</width>
<height>270</height>
<onup>PlayerControl(stop)</onup>
<ondown>PlayerControl(stop)</ondown>
<textoffsety>40</textoffsety>
<textoffsetx>20</textoffsetx>
<aligny>30</aligny>
<texturefocus>special://skin/extras/kidsframes/wood-sign.png</texturefocus>
<texturenofocus>special://skin/extras/kidsframes/wood-sign.png</texturenofocus>
<textcolor>black</textcolor>
<focusedcolor>white</focusedcolor>
<font>font-20b</font>
<label>[B]דירוג[/B]</label>
<angle>20</angle>
<onclick>SendClick(7)</onclick>
</control>
</control>
<control type="group">
<visible>Player.HasVideo</visible>
<control type="button" id="126">
<onleft>Control.SetFocus(125)</onleft>
<animation type="Focus">
<effect type="slide" start="0,0" end="0,-40" time="650"/>
</animation>
<animation type="UמFocus">
<effect type="slide" start="0,-40" end="0,0" time="650"/>
</animation>
<posx>0</posx>
<posy>0</posy>
<width>180</width>
<height>270</height>
<textoffsety>40</textoffsety>
<textoffsetx>20</textoffsetx>
<aligny>30</aligny>
<texturefocus>special://skin/extras/kidsframes/wood-sign.png</texturefocus>
<texturenofocus>special://skin/extras/kidsframes/wood-sign.png</texturenofocus>
<textcolor>black</textcolor>
<focusedcolor>white</focusedcolor>
<font>font-20b</font>
<label>[B]עצור[/B]</label>
<angle>20</angle>
<onclick>PlayerControl(stop)</onclick>
<onclick>Dialog.Close(movieinformation)</onclick>
</control>
</control>
</control>


<control type="grouplist" id="4000">
  <visible>Window.IsActive(6014) | Window.IsActive(6022) | Window.IsActive(6023)</visible>
  <description>top widgets trailer</description>
  <posx>520</posx>
  <posy>380</posy>
  <width>500</width>
  <height>100</height>
  <orientation>Horizontal</orientation>
  <itemgap>5</itemgap>
  <align>center</align>
  <ondown>Dialog.Close(movieinformation)</ondown>
  <onup>Dialog.Close(movieinformation)</onup>
  <control type="button" id="60">
  <visible>!Player.HasVideo</visible>
  <width>150</width>
  <height>50</height>
  <label>נגן</label>
  <align>center</align>
  <textcolor>white</textcolor>
  <focusedcolor>deepskyblue</focusedcolor>
  <texturenofocus>black.png</texturenofocus>
  <texturefocus diffuse="glass.jpg" colordiffuse="gray">white.png</texturefocus>
  <onclick>SendClick(8)</onclick>
  </control>
  <control type="button" id="61">
  <visible>Player.HasVideo</visible>
  <width>150</width>
  <height>50</height>
  <label>עצור</label>
  <align>center</align>
  <textcolor>white</textcolor>
  <focusedcolor>deepskyblue</focusedcolor>
  <texturenofocus>black.png</texturenofocus>
  <texturefocus diffuse="glass.jpg" colordiffuse="gray">white.png</texturefocus>
  <onclick>stop</onclick>
  </control> 
   <control type="button" id="62">
  <width>150</width>
  <height>50</height>
  <label>דירוג</label>
  <align>center</align>
  <textcolor>white</textcolor>
  <focusedcolor>deepskyblue</focusedcolor>
  <texturenofocus>black.png</texturenofocus>
  <texturefocus diffuse="glass.jpg" colordiffuse="gray">white.png</texturefocus>
  <onclick>SendClick(7)</onclick>
  </control>
  <control type="button" id="63">
  <width>150</width>
  <height>50</height>
  <label>טריילר</label>
  <align>center</align>
  <textcolor>white</textcolor>
  <focusedcolor>deepskyblue</focusedcolor>
  <texturenofocus>black.png</texturenofocus>
  <texturefocus diffuse="glass.jpg" colordiffuse="gray">white.png</texturefocus>
  <onclick>PlayMedia($INFO[ListItem.trailer],1)</onclick>
  </control>
</control>


		<control type="grouplist" id="4000">
		<animation condition="Window.IsActive(6015)" effect="slide" start="0,0" end="0,250" time="0">Conditional</animation>
		<visible>Window.IsActive(6015)</visible>
		<description>trailer latest movies widget</description>
		<posx>0</posx>
		<posy>250</posy>
		<width>800</width>
		<height>800</height>
		<itemgap>40</itemgap>
		<control type="button" id="81">
		<posx>0</posx>
		<posy>0</posy>
		<width>350</width>
		<height>180</height>
		<align>center</align>
		<font>pageTitle</font>
		<textoffsetx></textoffsetx>
		<focusedcolor>burlywood</focusedcolor>
		<texturefocus border="10">special://skin/extras/background/basemain.png</texturefocus>
		<texturenofocus>special://skin/extras/background/basemain.png</texturenofocus>
		<label>נגן</label>
		<onclick>SendClick(8)</onclick>
		</control>
		<control type="button" id="82">
		<visible>!Player.HasVideo</visible>
		<posx>0</posx>
		<posy>0</posy>
		<width>350</width>
		<height>180</height>
		<align>center</align>
		<font>pageTitle</font>
		<ondown condition="Player.HasVideo">SetFocus(24)</ondown>
		<textoffsetx></textoffsetx>
		<focusedcolor>burlywood</focusedcolor>
		<texturefocus border="10">special://skin/extras/background/basemain.png</texturefocus>
		<texturenofocus>special://skin/extras/background/basemain.png</texturenofocus>
		<label>טריילר</label>
		<onclick>PlayMedia($INFO[ListItem.trailer],1)</onclick>
		</control>
		
		<control type="button" id="83">
		<visible>Player.HasVideo</visible>
		<posx>0</posx>
		<posy>0</posy>
		<width>350</width>
		<height>180</height>
		<align>center</align>
		<font>pageTitle</font>
		<ondown condition="Player.HasVideo">SetFocus(24)</ondown>
		<textoffsetx></textoffsetx>
		<focusedcolor>burlywood</focusedcolor>
		<texturefocus border="10">special://skin/extras/background/basemain.png</texturefocus>
		<texturenofocus>special://skin/extras/background/basemain.png</texturenofocus>
		<label>חזרה</label>
		<onclick>Dialog.Close(movieinformation)</onclick>
		</control>

		<control type="button" id="84">
		<visible>!Player.HasVideo</visible>
		<posx>0</posx>
		<posy>0</posy>
		<width>350</width>
		<height>180</height>
		<align>center</align>
		<font>pageTitle</font>
		<textoffsetx></textoffsetx>
		<focusedcolor>burlywood</focusedcolor>
		<texturefocus border="10">special://skin/extras/background/basemain.png</texturefocus>
		<texturenofocus>special://skin/extras/background/basemain.png</texturenofocus>
		<label>חזרה</label>
		<onclick>Dialog.Close(movieinformation)</onclick>
		</control>
		<control type="button" id="85">
		<visible>Player.HasVideo</visible>
		<posx>0</posx>
		<posy>0</posy>
		<width>350</width>
		<height>180</height>
		<align>center</align>
		<font>pageTitle</font>
		<textoffsetx></textoffsetx>
		<focusedcolor>burlywood</focusedcolor>
		<texturefocus border="10">special://skin/extras/background/basemain.png</texturefocus>
		<texturenofocus>special://skin/extras/background/basemain.png</texturenofocus>
		<label>עצור</label>
		<onclick>PlayerControl(stop)</onclick>
		</control>
		</control>

<control type="grouplist" id="4000">
<description>yes go trailer widget</description>
<visible>Window.IsActive(1181)</visible>
<posx>300</posx>
<posy>1040</posy>
<width>800</width>
<height>100</height>
<itemgap>20</itemgap>
<orientation>horizontal</orientation>
<control type="button" id="30">
<visible>!Player.HasVideo</visible>
<posx>0</posx>
<posy>0</posy>
<width>150</width>
<height>40</height>
<texturefocus colordiffuse="deeppink">white.png</texturefocus>
<texturenofocus colordiffuse="deepskyblue">white.png</texturenofocus>
<textcolor>white</textcolor>
<focusedcolor>white</focusedcolor>
<align>center</align>
<label>נגן</label>
<onclick>SendClick(8)</onclick>
</control>
<control type="button" id="31">
<visible>Player.HasVideo</visible>
<posx>0</posx>
<posy>0</posy>
<width>150</width>
<height>40</height>
<texturefocus colordiffuse="deeppink">white.png</texturefocus>
<texturenofocus colordiffuse="deepskyblue">white.png</texturenofocus>
<textcolor>white</textcolor>
<focusedcolor>white</focusedcolor>
<align>center</align>
<label>עצור</label>
<onclick>PlayerControl(stop)</onclick>
</control>
<control type="button" id="32">
<posx>0</posx>
<posy>0</posy>
<width>150</width>
<height>40</height>
<texturefocus colordiffuse="deeppink">white.png</texturefocus>
<texturenofocus colordiffuse="deepskyblue">white.png</texturenofocus>
<textcolor>white</textcolor>
<focusedcolor>white</focusedcolor>
<align>center</align>
<label>טריילר</label>
<onclick>PlayMedia($INFO[ListItem.trailer],1)</onclick>
</control>
<control type="button" id="33">
<posx>0</posx>
<posy>0</posy>
<width>150</width>
<height>40</height>
<texturefocus colordiffuse="deeppink">white.png</texturefocus>
<texturenofocus colordiffuse="deepskyblue">white.png</texturenofocus>
<textcolor>white</textcolor>
<focusedcolor>white</focusedcolor>
<align>center</align>
<label>חזרה</label>
<onclick>Dialog.Close(movieinformation)</onclick>
</control>
</control>



<control type="group">
<visible>Window.IsActive(1182)</visible>
<description>netflix trailer widget</description>
<animation type="WindowOpen">
<effect type="fade" time="500"/>
<effect type="slide" start="0,0" end="520,0" time="450" tween="sine" easing="inout"/>
</animation>
<animation type="WindowClose">
<effect type="fade" time="500"/>
<effect type="slide" start="520,0" end="0,0" time="450" tween="sine" easing="inout"/>
</animation>
<control type="list" id="4000">
<posx>-500</posx>
<posy>20</posy>
<width>500</width>
<height>400</height>
<orientation>vertical</orientation>
<scrolltime tween="quanderic" easing="inout">350</scrolltime>
<itemlayout width="500" height="40">
<control type="label">
<posx>10</posx>
<posy>0</posy>
<width>500</width>
<height>40</height>
<align>left</align>
<label>$INFO[ListItem.Label]</label>
</control>
</itemlayout>
<focusedlayout width="500" height="40">
<control type="label">
<posx>10</posx>
<posy>0</posy>
<width>500</width>
<height>40</height>
<align>left</align>
<label>$INFO[ListItem.Label]</label>
</control>
<control type="image">
<posx>0</posx>
<posy>2</posy>
<width>250</width>
<height>40</height>
<texture border="1,1,1,1">special://skin/extras/netflix/slimframefo.png</texture>
</control>
</focusedlayout>
<content>
<item>
<visible>!Player.HasVideo</visible>
<label>נגן</label>
<onclick>SendClick(8)</onclick>
</item>
<item>
<visible>Player.HasVideo</visible>
<label>עצור</label>
<onclick>PlayerControl(stop)</onclick>
</item>
<item>
<label>טריילר</label>
<onclick>PlayMedia($INFO[ListItem.trailer],1)</onclick>
</item>
<item>
<label>מידע נוסף</label>
<onclick>-</onclick>
</item>
<item>
<label>דירוג</label>
<onclick>SendClick(7)</onclick>
</item>
<item>
<label>חזרה</label>
<onclick>Dialog.Close(movieinformation)</onclick>
</item>
</content>
</control>
</control>



<control type="group">
<visible>![Window.IsActive(1182) | Window.IsActive(1181) | Window.IsActive(6015) | Window.IsActive(6014) | Window.IsActive(6022) | Window.IsActive(6023) | Window.IsActive(6006)]</visible>
	<control type="image">
	<posx>0</posx>
	<posy>0</posy>
	<width>1920</width>
	<height>1080</height>
	<texture>black.png</texture>
	</control>
	
	<control type="image">
	<posx>0</posx>
	<posy>0</posy>
	<width>1200</width>
	<height>500</height>
	<bordertexture>white.png</bordertexture>
	<bordersize>5</bordersize>
	<texture>$INFO[ListItem.Art(fanart)]</texture>
	</control>
	
	<control type="image">
	<posx>1200</posx>
	<posy>0</posy>
	<width>350</width>
	<height>500</height>
	<bordertexture>white.png</bordertexture>
	<bordersize>3</bordersize>
	<texture>$INFO[ListItem.Art(poster)]</texture>
	</control>
	
	
	<control type="textbox">
	<posx>200</posx>
	<posy>620</posy>
	<width>800</width>
	<height>200</height>
	<align>center</align>
	<font>regular</font>
	<label>[B]$INFO[ListItem.TagLine][/B]</label>
	</control>
	<control type="textbox">
	<visible>String.IsEmpty(ListItem.TagLine)</visible>
	<posx>200</posx>
	<posy>620</posy>
	<width>800</width>
	<height>200</height>
	<align>center</align>
	<font>regular</font>
	<label>[B]There Is No Extras Information But Its All For The Best Because The Next Item Is Follow[/B]</label>
	</control>
	
	<control type="label">
	<posx>470</posx>
	<posy>750</posy>
	<width>250</width>
	<height>120</height>
	<align>center</align>
	<font>medium</font>
	<label>$INFO[ListItem.Year]</label>
	</control>
	
	<control type="textbox">
	<autoscroll fade="4000" time="4000" repeat="4000">!Control.HasFocus(168)</autoscroll>
	<posx>200</posx>
	<posy>850</posy>
	<width>800</width>
	<height>120</height>
	<align>center</align>
	<pagecontrol>168</pagecontrol>
	<label>$INFO[ListItem.Plot]</label>
	</control>
	
	<control type="label">
	<posx>200</posx>
	<posy>1000</posy>
	<width>800</width>
	<height>115</height>
	<align>center</align>
	<textcolor>gray</textcolor>
	<label>[I]$INFO[ListItem.Genre][/I]</label>
	</control>
	
	<control type="image">
	<posx>1600</posx>
	<posy>100</posy>
	<width>250</width>
	<height>150</height>
	<bordertexture>white.png</bordertexture>
	<bordersize>5</bordersize>
	<texture>$INFO[ListItem.Art(clearlogo)]</texture>
	</control>
	<control type="image">
	<posx>1600</posx>
	<posy>250</posy>
	<width>250</width>
	<height>150</height>
	<bordertexture>white.png</bordertexture>
	<bordersize>5</bordersize>
	<texture>$INFO[ListItem.Art(clearart)]</texture>
	</control>
	
	
							<control type="grouplist" id="4000">
							<posx>0</posx>
							<posy>500</posy>
							<width>1200</width>
							<height>400</height>
							<itemgap>5</itemgap>
							<align>center</align>
							<onback condition="Player.HasVideo">PlayerControl(Stop)</onback>
							<orientation>horizontal</orientation>
							<scrolltime tween="quadratic">200</scrolltime>
							<control type="button" id="122">
								<label>נגן</label>
								<width>270</width>
								<height>120</height>
								<textoffsetx>90</textoffsetx>
								<align>center</align>
								<aligny>center</aligny>
								<texturefocus border="40" colordiffuse="FFB70000">special://skin/extras/common/roundedbutton-focus.png</texturefocus>
								<texturenofocus border="40" colordiffuse="FFB70000">special://skin/extras/common/roundedbutton-nofocus-red.png</texturenofocus>
								<font>font11</font>
								<textcolor>FF999999</textcolor>
								<focusedcolor>FFFFFFFF</focusedcolor>
								<radioposx>48</radioposx>
								<radioposy>35</radioposy>
								<radiowidth>44</radiowidth>
								<radioheight>44</radioheight>
								<onclick>SendClick(8)</onclick>
							</control>

							<control type="button" id="123">
								<label>דירוג</label>
								<width>270</width>
								<height>120</height>
								<textoffsetx>90</textoffsetx>
								<align>center</align>
								<aligny>center</aligny>
								<texturefocus border="40" colordiffuse="FFB70000">special://skin/extras/common/roundedbutton-focus.png</texturefocus>
								<texturenofocus border="40" colordiffuse="FFB70000">special://skin/extras/common/roundedbutton-nofocus-red.png</texturenofocus>
								<font>font11</font>
								<textcolor>FF999999</textcolor>
								<focusedcolor>FFFFFFFF</focusedcolor>
								<radioposx>48</radioposx>
								<radioposy>35</radioposy>
								<radiowidth>44</radiowidth>
								<radioheight>44</radioheight>
								<onclick>SendClick(7)</onclick>
							</control>
							<control type="button" id="124">
								<label>עיון</label>
								<width>270</width>
								<height>120</height>
								<textoffsetx>90</textoffsetx>
								<align>center</align>
								<aligny>center</aligny>
								<texturefocus border="40" colordiffuse="FFB70000">special://skin/extras/common/roundedbutton-focus.png</texturefocus>
								<texturenofocus border="40" colordiffuse="FFB70000">special://skin/extras/common/roundedbutton-nofocus-red.png</texturenofocus>
								<font>font11</font>
								<textcolor>FF999999</textcolor>
								<focusedcolor>FFFFFFFF</focusedcolor>
								<radioposx>48</radioposx>
								<radioposy>35</radioposy>
								<radiowidth>44</radiowidth>
								<radioheight>44</radioheight>
								<onclick>Control.SetFocus(168)</onclick>
							</control>
							<control type="button" id="125">
							<visible>![String.IsEmpty(ListItem.trailer) | Player.HasVideo]</visible>
								<label>טריילר</label>
								<width>270</width>
								<height>120</height>
								<textoffsetx>90</textoffsetx>
								<align>center</align>
								<aligny>center</aligny>
								<texturefocus border="40" colordiffuse="grey">special://skin/extras/common/roundedbutton-focus.png</texturefocus>
								<texturenofocus border="40" colordiffuse="FFB70000">special://skin/extras/common/roundedbutton-nofocus-red.png</texturenofocus>
								<font>font11</font>
								<textcolor>FF999999</textcolor>
								<focusedcolor>FFFFFFFF</focusedcolor>
								<radioposx>48</radioposx>
								<radioposy>35</radioposy>
								<radiowidth>44</radiowidth>
								<radioheight>44</radioheight>
								<onclick>PlayMedia($INFO[ListItem.trailer],1)</onclick>
							</control>
							<control type="button" id="126">
							<visible>Player.HasVideo</visible>
								<label>עצור</label>
								<width>270</width>
								<height>120</height>
								<textoffsetx>70</textoffsetx>
								<align>center</align>
								<aligny>center</aligny>
								<texturefocus border="40" colordiffuse="FFB70000">special://skin/extras/common/roundedbutton-focus.png</texturefocus>
								<texturenofocus border="40" colordiffuse="FFB70000">special://skin/extras/common/roundedbutton-nofocus-red.png</texturenofocus>
								<font>font11</font>
								<textcolor>FF999999</textcolor>
								<focusedcolor>FFFFFFFF</focusedcolor>
								<radioposx>48</radioposx>
								<radioposy>35</radioposy>
								<radiowidth>44</radiowidth>
								<radioheight>44</radioheight>
								<onclick>stop</onclick>
							</control>

						</control>
						
						<control type="group">
						
						<posx>1100</posx>
						<posy>550</posy>
						<width>780</width>
						<height>580</height>
						<control type="VideoWindow">
						<width>780</width>
						<height>580</height>
						<aspectratio>keep</aspectratio>
						</control>
						</control>
						
<control type="scrollbar" id="168">
<animation condition="Control.HasFocus(168)" effect="fade" start="0" end="100" time="250">Conditional</animation>
<animation condition="!Control.HasFocus(168)" effect="fade" start="100" end="0" time="250">Conditional</animation>
<posx>100</posx>
<posy>860</posy>
<width>15</width>
<height>120</height>
<onback>4000</onback>
<orientation>vertical</orientation>
<texturesliderbackground colordiffuse="red">white.png</texturesliderbackground>
<texturesliderbarfocus colordiffuse="white">white.png</texturesliderbarfocus>
<textureslidernib colordiffuse="white">white.png</textureslidernib>
<textureslidernibfocus colordiffuse="red">white.png</textureslidernibfocus>
</control>					

<control type="grouplist">
<visible>!Player.HasVideo</visible>
<posx>1200</posx>
<posy>550</posy>
<width>600</width>
<height>800</height>
<orientation>vertical</orientation>
<itemgap>5</itemgap>
<control type="button">
<visible>!String.IsEmpty(ListItem.Label)</visible>
<width>600</width>
<height>120</height>
<font>font-30</font>
<textcolor>burlywood</textcolor>
<label>$INFO[ListItem.Label]</label>
</control>
<control type="button">
<visible>!String.IsEmpty(ListItem.Duration)</visible>
<width>600</width>
<height>120</height>
<font>font-30</font>
<label>$INFO[ListItem.Duration] דקות</label>
</control>
<control type="button">
<visible>!String.IsEmpty(ListItem.DateAdded)</visible>
<width>600</width>
<height>120</height>
<font>font-30</font>
<label>$INFO[ListItem.DateAdded][CR]תאריך הוספה להרחבה</label>
</control>
<control type="button">
<visible>!String.IsEmpty(ListItem.Premiered)</visible>
<width>600</width>
<height>120</height>
<font>font-30</font>
<label>$INFO[ListItem.Premiered][CR]תאריך שחרור</label>
</control>
<control type="button">
<visible>![String.IsEmpty(ListItem.Season) + String.IsEmpty(ListItem.Episode)]</visible>
<width>600</width>
<height>120</height>
<font>font-30</font>
<label>$INFO[ListItem.Season, עונה (,)] $INFO[ListItem.Episode, פרק (,)]</label>
</control>
<control type="button">
<visible>!String.IsEmpty(Window(home).Property(SkinHelper.ListItem.Studio)</visible>
<width>600</width>
<height>120</height>
<font>font-30</font>
<label>$INFO[Window(home).Property(SkinHelper.ListItem.Studio)]</label>
</control>
</control>
	</control>
	
    </controls>
</window>
