<?xml version="1.0" encoding="UTF-8"?>
<window>
	
	<defaultcontrol always="true">9000,0</defaultcontrol>
	<onload>Control.SetFocus(9000,0)</onload>
	<onload>RunScript(script.skinshortcuts,type=buildxml&amp;mainmenuID=9000)</onload>
	<onload condition="Window.Previous(startup)">Skin.Reset(mypassword)</onload>
	<onload condition="!Window.Previous(startup)">AlarmClock(parental,Skin.Reset(mypassword),$VAR[password_time],Silent)</onload>
	<onload>Skin.SetBool(SkinHelper.EnableExtendedArt)</onload>
	<onload>Skin.SetBool(SkinHelper.EnableExtraFanart)</onload>
	<onload>Skin.SetBool(SkinHelper.EnableExtraPoster)</onload>
	<onload>Skin.SetBool(SkinHelper.EnableAnimatedPosters)</onload>
	<onload>Skin.SetBool(SkinHelper.EnablePVRThumbs)</onload>
	<onload>SkinHelper.StudioLogos.Path</onload>
	<onload>SetProperty(SkinHelper.WidgetContainer,50,Home)</onload>
	<onload>ClearProperty(widget,widget1)</onload>
	<onunload>CancelAlarm(hidemenu,true)</onunload>
	<include>views_animation</include>
	<controls>
		<control type="image">
		<posx>0</posx>
		<width>1920</width>
		<height>1080</height>
		<texture>special://skin/extras/background/loguploader-dialog-bg.png</texture>
		</control>
	<include>skinshortcuts-template-widget</include>
	<include>skinshortcuts-template-widget1</include>
	<include>infomainscreen</include>
	<include>mainmenu</include>
	<include>submenu</include>
	

	<include content="onlyvideomainscreen">
	<param name="videoposx" value="2440"/>
	<param name="videoposy" value="-30"/>
	</include>

	
	<include content="mainscreenwidgetinfo">
	<param name="widgetnumber" value="9002"/>
	</include>
	<include content="mainscreenwidgetinfo">
	<param name="widgetnumber" value="9003"/>
	</include>
	<include>mainsscreensearchengine</include>
	<include>extrabuttonsmainscreen</include>
	<include>extrassettings</include>
	<include>mainscreenmusicinfo</include>
	<include>rssfeed</include>
	<include>mainmenuchoose</include>
	
	<control type="group">
	<animation condition="Window.IsActive(1181)" effect="slide" start="0,0" end="-50,0" time="350" tween="sine" easing="inout">Conditional</animation>
	<include>MiniPlayerInfo</include>
	</control>
	
</controls>
</window>
