<?xml version="1.0" encoding="UTF-8"?>
<window>
	
	<defaultcontrol always="true">9000,0</defaultcontrol>
	<onload>Control.SetFocus(9000,0)</onload>
	<onload>RunScript(script.skinshortcuts,type=buildxml&amp;mainmenuID=9000)</onload>
	<onload condition="Window.Previous(startup)">Skin.Reset(mypassword)</onload>
	<onload condition="!Window.Previous(startup)">AlarmClock(parental,Skin.Reset(mypassword),$VAR[password_time],Silent)</onload>
	<onload>Skin.SetBool(SkinHelper.EnableExtendedArt)</onload>
	<onload>Skin.SetBool(SkinHelper.EnableExtraFanart)</onload>
	<onload>Skin.SetBool(SkinHelper.EnableExtraPoster)</onload>
	<onload>Skin.SetBool(SkinHelper.EnableAnimatedPosters)</onload>
	<onload>Skin.SetBool(SkinHelper.EnablePVRThumbs)</onload>
	<onload>SkinHelper.StudioLogos.Path</onload>
	<onload>SetProperty(SkinHelper.WidgetContainer,54,Home)</onload>
	<onload>ClearProperty(widget,widget1)</onload>
	<onunload>CancelAlarm(hidemenu,true)</onunload>
	<include>views_animation</include>
	<controls>
		<control type="image">
		<posx>0</posx>
		<width>1920</width>
		<height>1080</height>
		<texture>special://skin/extras/background/loguploader-dialog-bg.png</texture>
		</control>
	<include>infomainscreen</include>
	<include>mainmenu</include>
	<include>submenu</include>
	<include content="videomainscreen">
	<param name="videoposx" value="2460"/>
	</include>
	<control type="label">
	<animation condition="![Integer.IsGreater(Container(9002).NumItems,0)]" effect="fade" start="0" end="100" time="1100" pulse="true">Conditional</animation>
	<visible>![Integer.IsGreater(Container(9002).NumItems,0)]</visible>
	<posx>0</posx>
	<posy>240</posy>
	<width>1920</width>
	<height>50</height>
	<font>font-30</font>
	<align>center</align>
	<label>לא כל הוידג'טים נטענו נא להמתין בסבלנות עד סוף הטעינה.....</label>
	</control>


	<include content="mainscreenwidgetinfo">
	<param name="widgetnumber" value="9002"/>
	</include>
	<include content="mainscreenwidgetinfo">
	<param name="widgetnumber" value="9003"/>
	</include>
	<include content="mainscreenwidgetinfo">
	<param name="widgetnumber" value="9104"/>
	</include>
	<include>radioextrasinfo</include>
	<include>mainmusicinfo</include>
	<include>musicextrainfo</include>
	<include>mainsscreensearchengine</include>
	<include>extrabuttonsmainscreen</include>
	
	<control type="group">
	<posy>1000</posy>
			<animation type="WindowOpen">
		<effect type="fade" start="800"/>
		<effect type="slide" start="0,0" end="0,-1000" time="850" tween="sine" easing="inout"/>
		</animation>
		<animation type="WindowClose">
		<effect type="fade" start="800"/>
		<effect type="slide" start="0,-1000" end="0,0" time="850" tween="sine" easing="inout"/>
		</animation>
	<include>skinshortcuts-template-widget2</include>
	<include>skinshortcuts-template-widget1</include>
	<include>skinshortcuts-template-widget</include>
	</control>
	
	</controls>
</window>
