<?xml version="1.0" encoding="UTF-8"?>




<includes>

<include name="mainscreenwidgetinfo">
<definition>
<control type="group">
		<animation type="WindowOpen">
		<effect type="fade" start="800"/>
		<effect type="slide" start="0,0" end="0,-1000" time="850" tween="sine" easing="inout"/>
		</animation>
		<animation type="WindowClose">
		<effect type="fade" start="800"/>
		<effect type="slide" start="0,-1000" end="0,0" time="850" tween="sine" easing="inout"/>
		</animation>
<posy>1000</posy>
<control type="group">
<animation condition="$EXP[musicvisible] | Window.IsActive(6015)" effect="slide" start="0,0" end="0,-1500" time="500" tween="sine" easing="inout">Conditional</animation>
<visible>Control.IsVisible($PARAM[widgetnumber])</visible>
<posx>-15</posx>
<control type="image">
<animation condition="Window.IsActive(7023) | Window.IsActive(7024) | Window.IsActive(7025) | Window.IsActive(7026)" effect="slide" start="0" end="-1400" time="500" sine="tween" easing="inout">Conditional</animation>
<posx>0</posx>
<posy>370</posy>
<width>405</width>
<height>355</height>
<bordertexture colordiffuse="$VAR[MainInfoTextBorder]">white.png</bordertexture>
<bordersize>2</bordersize>
<texture colordiffuse="black">white.png</texture>
</control>
<control type="multiimage">
<animation condition="Window.IsActive(7023) | Window.IsActive(7024) | Window.IsActive(7025) | Window.IsActive(7026)" effect="slide" start="0" end="-1400" time="500" sine="tween" easing="inout">Conditional</animation>
<posx>0</posx>
<posy>373</posy>
<width>402</width>
<height>348</height>
<fadetime>240</fadetime>
<imagepath>$INFO[Container($PARAM[widgetnumber]).ListItem.Thumb]</imagepath>
</control>
</control>



<control type="group">
<posx>80</posx>
<posy>-385</posy>
<animation condition="$EXP[musicvisible] | Window.IsActive(6015)" effect="slide" start="0,0" end="0,1500" time="500" tween="sine" easing="inout">Conditional</animation>
<visible>Control.IsVisible($PARAM[widgetnumber]) + Control.HasFocus($PARAM[widgetnumber])</visible>
<animation condition="Player.HasVideo" effect="zoom" center="auto" start="100,100" end="88,100" time="250">Conditional</animation>
<animation condition="Player.HasVideo" effect="slide" start="0,0" end="-80,0" time="250" tween="sine" easing="inout">Conditional</animation>
<control type="label">
<posx>320</posx>
<posy>760</posy>
<width>1124</width>
<height>50</height>
<align>center</align>
<font>font-30</font>
<label>[B]$INFO[Container($PARAM[widgetnumber]).ListItem.Label][/B]</label>
</control>
<control type="label">
<posx>320</posx>
<posy>820</posy>
<width>1124</width>
<height>50</height>
<align>center</align>
<label>[B]$INFO[Container($PARAM[widgetnumber]).ListItem.Year][/B]</label>
</control>
<control type="textbox">
<posx>320</posx>
<posy>880</posy>
<width>1124</width>
<height>140</height>
<align>center</align>
<label>$INFO[Container($PARAM[widgetnumber]).ListItem.Plot]</label>
</control>
<control type="label">
<posx>320</posx>
<posy>1025</posy>
<width>1124</width>
<height>50</height>
<align>center</align>
<textcolor>gray</textcolor>
<label>[I]$INFO[Container($PARAM[widgetnumber]).ListItem.Genre][/I]</label>
</control>
<control type="label">
<visible>IsEmpty(Container($PARAM[widgetnumber]).ListItem.Dateadded)</visible>
<visible>Control.IsVisible($PARAM[widgetnumber]) + Control.HasFocus($PARAM[widgetnumber])</visible>
<posx>320</posx>
<posy>1070</posy>
<width>1124</width>
<height>50</height>
<align>center</align>
<label>$INFO[Container($PARAM[widgetnumber]).ListItem.Premiered, תאריך שחרור: ]</label>
</control>

<control type="label">
<visible>IsEmpty(Container($PARAM[widgetnumber]).ListItem.Premiered)</visible>
<visible>Control.IsVisible($PARAM[widgetnumber]) + Control.HasFocus($PARAM[widgetnumber])</visible>
<posx>320</posx>
<posy>1070</posy>
<width>1124</width>
<height>50</height>
<align>center</align>
<label>$INFO[Container($PARAM[widgetnumber]).ListItem.Dateadded, התווסף להרחבה בתאריך: ]</label>
</control>
</control>
</control>

</definition>
</include>


</includes>
