<?xml version="1.0" encoding="UTF-8"?>




<includes>
 


<include name="mainmenu">
<control type="group">
		<animation condition="$EXP[newmovieswidgets]" effect="fade" start="100" end="0" time="500">Conditional</animation>
		<animation condition="Window.IsActive(6016) | Window.IsActive(6017) | Window.IsActive(1181) | Window.IsActive(6014) | Window.IsActive(6022) | Window.IsActive(6023)" effect="slide" start="0,0" end="1860,0" time="250" tween="sine" easing="inout">Conditional</animation>
		<animation condition="Window.IsActive(6009) + Player.HasAudio" effect="fade" start="100" end="0,0" time="200">Conditional</animation>
		<animation type="WindowOpen">
		<effect type="fade" start="800"/>
		<effect type="slide" start="0,0" end="0,1400" time="850" tween="sine" easing="inout"/>
		</animation>
		<animation type="WindowClose">
		<effect type="fade" start="800"/>
		<effect type="slide" start="0,1400" end="0,0" time="850" tween="sine" easing="inout"/>
		</animation>
		<animation type="conditional" condition="control.hasfocus(9999)" reversible="true">
		<effect type="fade" start="100" end="0" time="500" delay="0"/>
		</animation>

			<control type="image">
			<posx>390</posx>
			<posy>-1030</posy>
			<width>1144</width>
			<height>355</height>
			<bordertexture colordiffuse="$VAR[MainInfoTextBorder]">white.png</bordertexture>
			<bordersize>1</bordersize>
			<texture colordiffuse="black">white.png</texture>
			</control>

			<control type="panel" id="9000">
			<animation condition="Control.HasFocus(9002) | Control.HasFocus(9003) | Control.Hasfocus(9104)" effect="fade" start="100" end="0" time="150">Conditional</animation>
			<onclick>Control.SetFocus(9001)</onclick>
			<posx>380</posx>
			<posy>-1020</posy>
			<width>1200</width>
			<height>840</height>
			<onup>600008</onup>
			<onback>600008</onback>
			<onleft condition="Player.HasAudio">8001</onleft>
			<orientation>vertical</orientation>
			<itemlayout width="4-col" height="110">
		
				<control type="textbox">
					<posx>25</posx>
					<posy>5</posy>
					<width>252</width>
					<height>3-row</height>
					<wrapmultiline>true</wrapmultiline>
					<aligny>center</aligny>
					<align>center</align>
					<textcolor>white</textcolor>
					<shadowcolor>black</shadowcolor>
					<label>$INFO[ListItem.label]</label>
				</control>

			</itemlayout>
			<focusedlayout width="4-col" height="110">
				<control type="image">
				<animation effect="fade" start="0" end="100" time="350">Focus</animation>
					<posx>20</posx>
					<posy>20</posy>
					<width>260</width>
					<height>85</height>
                    <texture diffuse="glass.jpg" colordiffuse="$VAR[MainMenuFocusedColor]">white.png</texture>
				</control>
				
				<control type="textbox">
					<posx>25</posx>
					<posy>5</posy>
					<width>252</width>
					<height>3-row</height>
					<wrapmultiline>true</wrapmultiline>
					<aligny>center</aligny>
					<align>center</align>
					<textcolor>white</textcolor>
					<shadowcolor>black</shadowcolor>
					<label>$INFO[ListItem.label]</label>
				</control>
				<control type="image">
				<animation condition="Integer.IsGreater(Container(9001).NumItems,0)" effect="fade" start="0" end="100" time="1150" pulse="true">Conditional</animation>
				<visible>Integer.IsGreater(Container(9001).NumItems,0)</visible>
				<posx>120</posx>
				<posy>115</posy>
				<width>50</width>
				<height>5</height>
				<texture>white.png</texture>
				</control>
			</focusedlayout>
			<content>
				<include>skinshortcuts-mainmenu</include>
			</content>
		</control>
		</control>
</include>		


<include name="submenu">
<control type="group">
<animation condition="$EXP[newmovieswidgets]" effect="slide" start="0" end="1400" time="500" sine="tween" easing="inout">Conditional</animation>
<animation condition="$EXP[musicvisible]" effect="slide" start="0,0" end="1500,0" time="500" tween="sine" easing="inout">Conditional</animation>
		<animation type="WindowOpen">
		<effect type="fade" start="800"/>
		<effect type="slide" start="0,0" end="0,-1000" time="850" tween="sine" easing="inout"/>
		</animation>
		<animation type="WindowClose">
		<effect type="fade" start="800"/>
		<effect type="slide" start="0,-1000" end="0,0" time="850" tween="sine" easing="inout"/>
		</animation>
		<posy>968</posy>
		<control type="image">
		<posx>1534</posx>
		<posy>402</posy>
		<width>405</width>
		<height>355</height>
		<bordertexture colordiffuse="$VAR[MainInfoTextBorder]">white.png</bordertexture>
		<bordersize>1</bordersize>
		<texture colordiffuse="black">white.png</texture>
		</control>
		<control type="list" id="9001">
			<posx>1535</posx>
			<posy>404</posy>
			<width>1200</width>
			<height>350</height>
			<onback>9000</onback>
			<onleft>9000</onleft>
			<orientation>vertical</orientation>
			<itemlayout width="500" height="44">
			<control type="image">
			<posx>2</posx>
			<posy>2</posy>
			<width>400</width>
			<height>38</height>
			<texture colordiffuse="4a666666">white.png</texture>
			</control>
			<control type="label">
			<posx>0</posx>
			<posy>0</posy>
			<width>380</width>
			<height>38</height>
			<align>right</align>
			<label>[B]$INFO[ListItem.Label][/B]</label>
			</control>
			</itemlayout>
			<focusedlayout width="500" height="44">
			<control type="image">
			<posx>2</posx>
			<posy>2</posy>
			<width>400</width>
			<height>38</height>
			<texture colordiffuse="4a666666">white.png</texture>
			</control>
			<control type="image">
			<visible>Control.HasFocus(9001)</visible>
			<animation effect="fade" start="0" end="100" time="350">Focus</animation>
			<posx>2</posx>
			<posy>2</posy>
			<width>400</width>
			<height>38</height>
			<texture diffuse="glass.jpg" colordiffuse="$VAR[SubMenuFocusedColor]">white.png</texture>
			</control>

	
			<control type="label">
			<posx>0</posx>
			<posy>0</posy>
			<width>380</width>
			<height>40</height>
			<align>right</align>
			<label>[B]$INFO[ListItem.Label][/B]</label>
			</control>

			</focusedlayout>
			<content>
				<include>skinshortcuts-submenu</include>
			</content>
		</control>
		</control>
		</include>

<include name="videomainscreen">
<definition>
<control type="group">
<animation condition="Window.IsActive(1181) | Window.IsActive(6015)" effect="slide" start="0,0" end="1000,0" time="450" tween="sine" easing="inout">Conditional</animation>
<animation condition="Player.HasVideo" effect="fade" start="0" end="100" time="500">Conditional</animation>
<animation condition="!Player.HasVideo" effect="fade" start="100" end="0" time="500">Conditional</animation>
		<animation type="WindowOpen">
		<effect type="fade" start="0" end="800"/>
		<effect type="slide" start="0,0" end="-1000,0" time="900" tween="sine" easing="inout"/>
		</animation>
		<animation type="WindowClose">
		<effect type="fade" start="800" end="0"/>
		<effect type="slide" start="-1000,0" end="0,0" time="900" tween="sine" easing="inout"/>
		</animation>
<posx>$PARAM[videoposx]</posx>
<posy>-30</posy>
<width>650</width>
<height>450</height>
<control type="image">
<posx>-10</posx>
<posy>90</posy>
<width>470</width>
<height>270</height>
<texture>black.png</texture>
</control>
<control type="image">
<posx>-20</posx>
<posy>80</posy>
<width>490</width>
<height>290</height>
<texture>black.png</texture>
<colordiffuse>77000000</colordiffuse>
</control>
<control type="VideoWindow">
<width>450</width>
<height>450</height>
<aspectratio>keep</aspectratio>
</control>
</control>
<!--<control type="group">
<posy>340</posy>
<animation condition="Window.IsActive(1181) | Control.HasFocus(600008) | Window.IsActive(6015)" effect="slide" start="0,0" end="1000,0" time="450" tween="sine" easing="inout">Conditional</animation>
<animation condition="Player.HasVideo" effect="fade" start="0" end="100" time="500">Conditional</animation>
<animation condition="!Player.HasVideo" effect="fade" start="100" end="0" time="500">Conditional</animation>
		<animation type="WindowOpen">
		<effect type="fade" start="0" end="800"/>
		<effect type="slide" start="0,0" end="-1020,0" time="900" tween="sine" easing="inout"/>
		</animation>
		<animation type="WindowClose">
		<effect type="fade" start="800" end="0"/>
		<effect type="slide" start="-1020,0" end="0,0" time="900" tween="sine" easing="inout"/>
		</animation>
<posx>$PARAM[videoposx]</posx>
<posy>282</posy>

<control type="progress" id="400">
<posx>0</posx>
<posy>0</posy>
<width>490</width>
<height>20</height>
<texturebg>special://skin/extras/osd/4.png</texturebg>
<midtexture colordiffuse="gray">white.png</midtexture>
<info>Player.ProgressCache</info>
</control>
<control type="progress" id="401">
<posx>0</posx>
<posy>0</posy>
<width>490</width>
<height>20</height>
<texturebg>special://skin/extras/osd/4.png</texturebg>
<midtexture colordiffuse="burlywood">white.png</midtexture>
<info>Player.Progress</info>
</control>
<control type="slider" id="402">
<posx>0</posx>
<posy>2</posy>
<width>490</width>
<height>15</height>
<orientation>horizontal</orientation>
<texturesliderbar>special://skin/extras/osd/4.png</texturesliderbar>
<textureslidernib colordiffuse="white">special://skin/extras/osd/3.png</textureslidernib>
<textureslidernibfocus colordiffuse="deepskyblue">special://skin/extras/osd/3.png</textureslidernibfocus>
<action>seek</action>
</control>
</control>-->
</definition>
</include>


<include name="infomainscreen">

<control type="group">
					<control type="image">
						<posx>1545</posx>
						<posy>0</posy>
						<width>380</width>
						<height>50</height>
						<texture colordiffuse="black" diffuse="glass.jpg" background="true" border="15,2,15,2">special://skin/extras/main/tab2.png</texture> 
						<bordertexture colordiffuse="$VAR[MainInfoTextBorder]" border="15,2,15,2">special://skin/extras/main/tab2_stroke.png</bordertexture>
						<bordersize>1,0,1,1</bordersize>
						<animation effect="fade" end="80" time="0" condition="true">Conditional</animation>
					</control>
		<control type="group">
		<visible>Player.HasAudio | Player.HasVideo</visible>
		<control type="list" id="80011">
		<posy>0</posy>
		<posx>1580</posx>
		<width>380</width>
		<height>200</height>
		<orientation>horizontal</orientation>
		<ondown>9000</ondown>
		<itemlayout width="45" height="145">
		<control type="image">
		<posx>0</posx>
		<posy>0</posy>
		<width>45</width>
		<height>45</height>
		<aspectratio>keep</aspectratio>
		<texture colordiffuse="white">$INFO[ListItem.Thumb]</texture>
		</control>
		</itemlayout>
		<focusedlayout width="45" height="145">
		<control type="image">
		<visible>!control.hasfocus(80011)</visible>
		<posx>0</posx>
		<posy>0</posy>
		<width>45</width>
		<height>45</height>
		<aspectratio>keep</aspectratio>
		<texture colordiffuse="white">$INFO[ListItem.Thumb]</texture>
		</control>
		<control type="image">
		<visible>control.hasfocus(80011)</visible>
		<animation effect="zoom" center="auto" start="100,100" end="115,115" time="50">Focus</animation>
		<posx>0</posx>
		<posy>0</posy>
		<width>45</width>
		<height>45</height>
		<aspectratio>keep</aspectratio>
		<texture colordiffuse="burlywood">$INFO[ListItem.Thumb]</texture>
	</control>

		</focusedlayout>
		<content>
		<item>
		<visible>VideoPlayer.HasSubtitles + VideoPlayer.SubtitlesEnabled</visible>
		<label>בטל כתובית</label>
		<thumb>special://skin/extras/osd/subs3.png</thumb>
		<onclick>ShowSubtitles</onclick>
		</item>
		<item>
		<visible>VideoPlayer.HasSubtitles + !VideoPlayer.SubtitlesEnabled</visible>
		<label>הפעל כתובית</label>
		<thumb>special://skin/extras/osd/subs3.png</thumb>
		<onclick>ShowSubtitles</onclick>
		</item>
		<item>
		<thumb>special://skin/extras/osd/subs.png</thumb>
		<label>רקע כתובית</label>
        <onclick>RunScript(special://home/addons/script.subskeys/default.py,background)</onclick>
		</item>
		<item>
		<thumb>special://skin/extras/osd/rewind.png</thumb>
		<onclick>PlayerControl(rewind)</onclick>
		<label>הרץ אחורה</label>
		</item>
		<item>
		<thumb>special://skin/extras/osd/previous.png</thumb>
		<onclick>PlayerControl(previous)</onclick>
		<label>להתחלה</label>
		</item>
		<item>
		<label>עצור</label>
		<thumb>special://skin/extras/osd/stop.png</thumb>
		<onclick>PlayerControl(Stop)</onclick>
		<onclick>Dialog.Close(all,true)</onclick>
		<onclick>ClearProperty(home)</onclick>
		</item>
		<item>
		<visible>Player.Paused</visible>
		<thumb>special://skin/extras/osd/play.png</thumb>
		<onclick>play</onclick>
		<label>נגן</label>
		</item>
		<item>
		<visible>!Player.Paused</visible>
		<label>השהה</label>
		<thumb>special://skin/extras/osd/pause.png</thumb>
		<onclick>pause</onclick>
		<label>השהה</label>
		</item>
		<item>
		<thumb>special://skin/extras/osd/forward.png</thumb>
		<onclick>PlayerControl(forward)</onclick>
		<label>הרץ קדימה</label>
		</item>
		</content>
		</control>
		</control>
		
			<control type="label">
			<visible>![Player.HasVideo | Player.HasAudio]</visible>
				
				<posx>860</posx>
				<posy>0</posy>
				<width>24-col</width>
				<height>2-row</height>
				<font>regular</font>
				<align>center</align>
				<textcolor>white</textcolor>
				<shadowcolor>44000000</shadowcolor>
				<label> [B]$INFO[weather.temperature][/B] [CAPITALIZE]$INFO[weather.conditions][/CAPITALIZE]</label>
			</control>
</control>
<control type="group">
					<control type="image">
						<posx>1115</posx>
						<posy>0</posy>
						<width>450</width>
						<height>50</height>
						<texture colordiffuse="black" diffuse="glass.jpg" background="true" border="15,2,15,2">special://skin/extras/main/tab2.png</texture> 
						<bordertexture colordiffuse="$VAR[MainInfoTextBorder]" border="15,2,15,2">special://skin/extras/main/tab2_stroke.png</bordertexture>
						<bordersize>1,0,1,1</bordersize>
						<animation effect="fade" end="80" time="0" condition="true">Conditional</animation>
					</control>
					<control type="label">
					<posx>1130</posx>
					<posy>5</posy>
					<width>430</width>
					<height>30</height>
					<align>center</align>
					<font>smallMedium</font>
					<label>$INFO[VideoPlayer.Title]</label>
					</control>
					<control type="label">
					<visible>![Player.HasVideo | Player.HasAudio]</visible>
					<posx>1115</posx>
					<posy>5</posy>
					<width>450</width>
					<height>30</height>
					<align>center</align>
					<font>smallMedium</font>
					<label>$VAR[MainNameString,ברוך הבא: ]</label>
					</control>
</control>

<control type="group">
<animation condition="Window.IsActive(1180)" effect="slide" start="0,0" end="225,0" time="350" tween="sine" easing="inout">Conditional</animation>
					<control type="image">
						<posx>0</posx>
						<posy>0</posy>
						<width>380</width>
						<height>50</height>
						<texture colordiffuse="black" diffuse="glass.jpg" background="true" border="15,2,15,2" flipx="true">special://skin/extras/main/tab2.png</texture> 
						<bordertexture flipx="true" colordiffuse="$VAR[MainInfoTextBorder]" border="15,2,15,2">special://skin/extras/main/tab2_stroke.png</bordertexture>
						<bordersize>1,0,1,1</bordersize>
						<animation effect="fade" end="80" time="0" condition="true">Conditional</animation>
					</control>
<control type="grouplist">
<visible>Player.HasVideo</visible>
<posx>0</posx>
<posy>-10</posy>
<width>380</width>
<height>800</height>
<align>center</align>
<orientation>horizontal</orientation>
<itemgap>0</itemgap>
<control type="image">
<visible>!String.IsEmpty(VideoPlayer.VideoResolution)</visible>
<posx>0</posx>
<posy>0</posy>
<width>60</width>
<height>60</height>
<texture>special://skin/extras/flags/videoresolution/$INFO[VideoPlayer.VideoResolution].png</texture>
</control>
<control type="image">
<visible>!String.IsEmpty(VideoPlayer.AudioChannels)</visible>
<posx>0</posx>
<posy>0</posy>
<width>60</width>
<height>60</height>
<texture>special://skin/extras/flags/audiochannel/$INFO[VideoPlayer.AudioChannels].png</texture>
</control>
<control type="image">
<visible>!String.IsEmpty(VideoPlayer.AudioCodec)</visible>
<posx>0</posx>
<posy>0</posy>
<width>60</width>
<height>60</height>
<texture>special://skin/extras/flags/audiocodec/$INFO[VideoPlayer.AudioCodec].png</texture>
</control>
<control type="image">
<visible>!String.IsEmpty(VideoPlayer.VideoAspect)</visible>
<posx>0</posx>
<posy>0</posy>
<width>60</width>
<height>60</height>
<texture>special://skin/extras/flags/aspectratio/$INFO[VideoPlayer.VideoAspect].png</texture>
</control>
<control type="image">
<visible>!String.IsEmpty(VideoPlayer.VideoCodec)</visible>
<posx>0</posx>
<posy>0</posy>
<width>60</width>
<height>60</height>
<texture>special://skin/extras/flags/videocodec/$INFO[VideoPlayer.VideoCodec].png</texture>
</control>
</control>
</control>
				<control type="group">
					<control type="image">
						<posx>360</posx>
						<posy>0</posy>
						<width>450</width>
						<height>50</height>
						<texture colordiffuse="black" diffuse="glass.jpg" background="true" border="15,2,15,2" flipx="true">special://skin/extras/main/tab2.png</texture> 
						<bordertexture flipx="true" colordiffuse="$VAR[MainInfoTextBorder]" border="15,2,15,2">special://skin/extras/main/tab2_stroke.png</bordertexture>
						<bordersize>1,0,1,1</bordersize>
						<animation effect="fade" end="80" time="0" condition="true">Conditional</animation>
					</control>
					<control type="label">
					<visible>Player.HasAudio | Player.HasVideo</visible>
					<posx>360</posx>
					<posy>5</posy>
					<width>450</width>
					<height>30</height>
					<align>center</align>
					<font>smallMedium</font>
					<label>$INFO[Player.TimeRemaining(hh:mm:ss)] \ $INFO[Player.FinishTime] \ $INFO[Player.Time(hh:mm:ss)]</label>
					</control>
									
					
			<control type="label">
			<visible>![Player.HasVideo | Player.HasAudio]</visible>
			<posx>360</posx>
			<posy>-5</posy>
			<width>450</width>
			<height>50</height>
			<align>center</align>
			<font>smallMedium</font>
			<label>Ghost Build Version 3.0</label>
			</control>
</control>


<control type="group">
<animation condition="Window.IsActive(DialogBusy.xml)" start="0,0" end="0,-500" time="450" tween="sine" easing="inout">Conditional</animation>
					<control type="image">
						<posx>793</posx>
						<posy>0</posy>
						<width>340</width>
						<height>70</height>
						<texture colordiffuse="black" diffuse="glass.jpg" background="true" border="15,2,15,2" flipx="true">special://skin/extras/main/tab.png</texture> 
						<bordertexture flipx="true" colordiffuse="$VAR[MainInfoTextBorder]" border="15,2,15,2">special://skin/extras/main/tab_stroke.png</bordertexture>
						<bordersize>1,0,1,1</bordersize>
						<animation effect="fade" end="80" time="0" condition="true">Conditional</animation>
					</control>
					<control type="label">
					<visible>![Player.HasVideo]</visible>
					<posx>793</posx>
					<posy>-8</posy>
					<width>340</width>
					<height>80</height>
					<align>center</align>
					<font>smallMedium</font>
					<label>$INFO[System.Date][CR]$INFO[System.Time(hh:mm:ss)]</label>
					</control>
					
					
						<control type="group">
						<animation condition="![Player.HasVideo] " effect="slide" start="0,0" end="-770,0" time="250" tween="sine" easing="inout">Conditional</animation>
						<animation condition="Window.IsActive(6009)" effect="fade" start="100" end="0" time="0">Conditional</animation>
						<posx>775</posx>
						<posy>10</posy>
						<control type="label">
							<description>Volume Label</description>
							<posx>340</posx>
							<posy>2</posy>
							<width>188</width>
							<height>38</height>
							<label>$INFO[Control.GetLabel(10001)]</label>
							<font>font-16</font>
							<textcolor>white</textcolor>
							<align>right</align>
							<aligny>center</aligny>
						</control>
						<control type="image">
							<posx>30</posx>
							<posy>2</posy>
							<width>35</width>
							<height>35</height>
							<texture background="true">special://skin/extras/osd/mute.png</texture>
							<visible>!Integer.IsGreater(player.volume,1)</visible>
						</control>
						<control type="image">
							<posx>30</posx>
							<posy>2</posy>
							<width>35</width>
							<height>35</height>
							<texture background="true">special://skin/extras/osd/volume0.png</texture>
							<visible>Integer.IsGreater(player.volume,1) + !Integer.IsGreater(player.volume,20)</visible>
						</control>
						<control type="image">
							<posx>30</posx>
							<posy>2</posy>
							<width>35</width>
							<height>35</height>
							<texture background="true">special://skin/extras/osd/volume1.png</texture>
							<visible>Integer.IsGreater(player.volume,20) + !Integer.IsGreater(player.volume,50)</visible>
						</control>
						<control type="image">
							<posx>30</posx>
							<posy>2</posy>
							<width>35</width>
							<height>35</height>
							<texture background="true">special://skin/extras/osd/volume2.png</texture>
							<visible>Integer.IsGreater(player.volume,50) + !Integer.IsGreater(player.volume,95)</visible>
						</control>
						<control type="image">
							<posx>30</posx>
							<posy>2</posy>
							<width>35</width>
							<height>35</height>
							<texture background="true">special://skin/extras/osd/volume3.png</texture>
							<visible>Integer.IsGreater(player.volume,95)</visible>
						</control>

						<control type="progress" id="10001">
							<description>Progressbar for volume</description>
							<posx>75</posx>
							<posy>0</posy>
							<width>220</width>
							<height>38</height>
							<texturebg colordiffuse="gray" border="1,1,1,1">special://skin/extras/osd/2.png</texturebg>
							<midtexture colordiffuse="gray" border="1,0,1,0">special://skin/extras/osd/5.png</midtexture>
							<lefttexture>-</lefttexture>
							<righttexture>-</righttexture>
							<info>Player.Volume</info>
						</control>

						<control type="slider" id="889">
							<description>Volume Slider</description>
							<onback>8001</onback>
							<posx>75</posx>
							<posy>5</posy>
							<width>220</width>
							<height>28</height>
							<action>volume</action>
							<orientation>horizontal</orientation>
							<texturesliderbar border="1,0,1,0">special://skin/extras/osd/4.png</texturesliderbar>
							<textureslidernib colordiffuse="burlywood">special://skin/extras/osd/3.png</textureslidernib>
							<textureslidernibfocus colordiffuse="deepskyblue">special://skin/extras/osd/3.png</textureslidernibfocus>
						</control>
					</control>
</control>
</include>


<include name="mainsscreensearchengine">
					<control type="group">
					<animation condition="Control.HasFocus(60002) | Control.HasFocus(60003) | Control.HasFocus(60004) | Control.HasFocus(60005)" effect="slide" start="0,0" end="0,1000" time="350" tween="sine" easing="inout">Conditional</animation>
					<animation condition="Control.HasFocus(60002) | Control.HasFocus(60003) | Control.HasFocus(60004) | Control.HasFocus(60005)" effect="fade" start="0" end="100" time="500">Conditional</animation>
					<posy>-1000</posy>
					
					<control type="image">
						<posx>10</posx>
						<posy>45</posy>
						<width>380</width>
						<height>50</height>
						<texture colordiffuse="black" diffuse="glass.jpg" background="true" border="15,2,15,2" flipx="true">special://skin/extras/main/tab2.png</texture> 
						<bordertexture flipx="true" colordiffuse="$VAR[MainInfoTextBorder]" border="15,2,15,2">special://skin/extras/main/tab2_stroke.png</bordertexture>
						<bordersize>1,0,1,1</bordersize>
						<animation effect="fade" end="80" time="0" condition="true">Conditional</animation>
					</control>
					<control type="image">
					<visible>Control.HasFocus(60002)</visible>
						<posx>10</posx>
						<posy>45</posy>
						<width>380</width>
						<height>50</height>
						<texture colordiffuse="gray" diffuse="glass.jpg" background="true" border="15,2,15,2" flipx="true">special://skin/extras/main/tab2.png</texture> 
						<bordertexture flipx="true" colordiffuse="$VAR[MainInfoTextBorder]" border="15,2,15,2">special://skin/extras/main/tab2_stroke.png</bordertexture>
						<bordersize>1,0,1,1</bordersize>
						<animation effect="fade" end="80" time="0" condition="true">Conditional</animation>
					</control>
					<control type="button" id="60002">
					<posx>0</posx>
					<posy>40</posy>
					<width>380</width>
					<align>center</align>
					<ondown>60003</ondown>
					<onback>9000</onback>
					<onright>60004</onright>
					<textcolor>white</textcolor>
					<texturefocus>special://skin/extras/osd/4.png</texturefocus>
					<texturenofocus>special://skin/extras/osd/4.png</texturenofocus>
					<label>חפש כל סדרה בעברית</label>
					<onclick>ActivateWindow(10025,&quot;plugin://plugin.video.telemedia/?data=all&amp;dates=%20&amp;description=Search%20All&amp;eng_name=%20&amp;episode=%20&amp;fanart=https%3a%2f%2fwww.komando.com%2fwp-content%2fuploads%2f2017%2f12%2fcomputer-search.jpg&amp;fav_status=false&amp;groups_id=0&amp;heb_name=%20&amp;iconimage=https%3a%2f%2fsitechecker.pro%2fwp-content%2fuploads%2f2017%2f12%2fsearch-engines.png&amp;id=%20&amp;image_master&amp;isr=0&amp;last_id=0%24%24%240&amp;mode=6&amp;name=%5bCOLOR%20yellow%5d%d7%97%d7%99%d7%a4%d7%95%d7%a9%20%d7%9b%d7%9c%d7%9c%d7%99%5b%2fCOLOR%5d&amp;original_title=%20&amp;season=%20&amp;show_original_year=%20&amp;tmdbid=%20&amp;url=%20&quot;,return)</onclick>
					</control>
					</control>
					
					<control type="group">
					<animation condition="Control.HasFocus(60002) | Control.HasFocus(60003) | Control.HasFocus(60004) | Control.HasFocus(60005)" effect="slide" start="0,0" end="0,1045" time="650" tween="sine" easing="inout">Conditional</animation>
					<animation condition="Control.HasFocus(60002) | Control.HasFocus(60003) | Control.HasFocus(60004) | Control.HasFocus(60005)" effect="fade" start="0" end="100" time="800">Conditional</animation>
					<posy>-1000</posy>
					
					<control type="image">
						<posx>20</posx>
						<posy>45</posy>
						<width>380</width>
						<height>50</height>
						<texture colordiffuse="black" diffuse="glass.jpg" background="true" border="15,2,15,2" flipx="true">special://skin/extras/main/tab2.png</texture> 
						<bordertexture flipx="true" colordiffuse="$VAR[MainInfoTextBorder]" border="15,2,15,2">special://skin/extras/main/tab2_stroke.png</bordertexture>
						<bordersize>1,0,1,1</bordersize>
						<animation effect="fade" end="80" time="0" condition="true">Conditional</animation>
					</control>
					<control type="image">
					<visible>Control.HasFocus(60003)</visible>
						<posx>20</posx>
						<posy>45</posy>
						<width>380</width>
						<height>50</height>
						<texture colordiffuse="gray" diffuse="glass.jpg" background="true" border="15,2,15,2" flipx="true">special://skin/extras/main/tab2.png</texture> 
						<bordertexture flipx="true" colordiffuse="$VAR[MainInfoTextBorder]" border="15,2,15,2">special://skin/extras/main/tab2_stroke.png</bordertexture>
						<bordersize>1,0,1,1</bordersize>
						<animation effect="fade" end="80" time="0" condition="true">Conditional</animation>
					</control>
					<control type="button" id="60003">
					<posx>0</posx>
					<posy>40</posy>
					<width>380</width>
					<onup>60002</onup>
					<onback>9000</onback>
					<onright>60005</onright>
					<align>center</align>
					<textcolor>white</textcolor>
					<texturefocus>special://skin/extras/osd/4.png</texturefocus>
					<texturenofocus>special://skin/extras/osd/4.png</texturenofocus>
					<label>חפש כל סרט בעברית</label>
					<onclick>ActivateWindow(10025,&quot;plugin://plugin.video.telemedia/?data=%20&amp;dates=%20&amp;description=Tmdb&amp;eng_name=%20&amp;episode=%20&amp;fanart=http%3a%2f%2fwww.videomotion.co.il%2fwp-content%2fuploads%2fwhatwedo-Pic-small.jpg&amp;fav_status=false&amp;groups_id=0&amp;heb_name=%20&amp;iconimage=special%3a%2f%2fhome%2faddons%2fplugin.video.telemedia%2ftele%2fMovies%2fmovie_search.png&amp;id=%20&amp;image_master&amp;isr=0&amp;last_id&amp;mode=14&amp;name=%d7%97%d7%a4%d7%a9%20%d7%a1%d7%a8%d7%98&amp;original_title=%20&amp;season=%20&amp;show_original_year=%20&amp;tmdbid=%20&amp;url=http%3a%2f%2fapi.themoviedb.org%2f3%2fsearch%2fmovie%3fapi_key%3d34142515d9d23817496eeb4ff1d223d0%26query%3d%25s%26language%3dhe%26append_to_response%3dorigin_country%26page%3d1&quot;,return)</onclick>
					</control>
					</control>
					
					<control type="group">
					<animation condition="Control.HasFocus(60002) | Control.HasFocus(60003) | Control.HasFocus(60004) | Control.HasFocus(60005)" effect="slide" start="0,0" end="0,1045" time="750" tween="sine" easing="inout">Conditional</animation>
					<animation condition="Control.HasFocus(60002) | Control.HasFocus(60003) | Control.HasFocus(60004) | Control.HasFocus(60005)" effect="fade" start="0" end="100" time="950">Conditional</animation>
					<posy>-1000</posy>
					<control type="image">
						<posx>370</posx>
						<posy>0</posy>
						<width>447</width>
						<height>50</height>
						<texture colordiffuse="black" diffuse="glass.jpg" background="true" border="15,2,15,2" flipx="true">special://skin/extras/main/tab2.png</texture> 
						<bordertexture flipx="true" colordiffuse="$VAR[MainInfoTextBorder]" border="15,2,15,2">special://skin/extras/main/tab2_stroke.png</bordertexture>
						<bordersize>1,0,1,1</bordersize>
						<animation effect="fade" end="80" time="0" condition="true">Conditional</animation>
					</control>
					<control type="image">
					<visible>Control.HasFocus(60004)</visible>
						<posx>370</posx>
						<posy>0</posy>
						<width>447</width>
						<height>50</height>
						<texture colordiffuse="gray" diffuse="glass.jpg" background="true" border="15,2,15,2" flipx="true">special://skin/extras/main/tab2.png</texture> 
						<bordertexture flipx="true" colordiffuse="$VAR[MainInfoTextBorder]" border="15,2,15,2">special://skin/extras/main/tab2_stroke.png</bordertexture>
						<bordersize>1,0,1,1</bordersize>
						<animation effect="fade" end="80" time="0" condition="true">Conditional</animation>
					</control>
					<control type="button" id="60004">
					<posx>400</posx>
					<posy>-5</posy>
					<width>380</width>
					<onleft>60002</onleft>
					<onback>9000</onback>
					<ondown>60005</ondown>
					<align>center</align>
					<textcolor>white</textcolor>
					<texturefocus>special://skin/extras/osd/4.png</texturefocus>
					<texturenofocus>special://skin/extras/osd/4.png</texturenofocus>
					<label>חפש סדרה בסדרות טיוי</label>
					<onclick>ActivateWindow(10025,&quot;plugin://plugin.video.sdarot.tv/search/0&quot;,return)</onclick>
					</control>
					</control>
					
					<control type="group">
					<animation condition="Control.HasFocus(60002) | Control.HasFocus(60003) | Control.HasFocus(60004) | Control.HasFocus(60005)" effect="slide" start="0,0" end="0,1090" time="850" tween="sine" easing="inout">Conditional</animation>
					<animation condition="Control.HasFocus(60002) | Control.HasFocus(60003) | Control.HasFocus(60004) | Control.HasFocus(60005)" effect="fade" start="0" end="100" time="950">Conditional</animation>
					<posy>-1000</posy>
					<control type="image">
						<posx>380</posx>
						<posy>0</posy>
						<width>447</width>
						<height>50</height>
						<texture colordiffuse="black" diffuse="glass.jpg" background="true" border="15,2,15,2" flipx="true">special://skin/extras/main/tab2.png</texture> 
						<bordertexture flipx="true" colordiffuse="$VAR[MainInfoTextBorder]" border="15,2,15,2">special://skin/extras/main/tab2_stroke.png</bordertexture>
						<bordersize>1,0,1,1</bordersize>
						<animation effect="fade" end="80" time="0" condition="true">Conditional</animation>
					</control>
					<control type="image">
					<visible>Control.HasFocus(60005)</visible>
						<posx>380</posx>
						<posy>0</posy>
						<width>447</width>
						<height>50</height>
						<texture colordiffuse="gray" diffuse="glass.jpg" background="true" border="15,2,15,2" flipx="true">special://skin/extras/main/tab2.png</texture> 
						<bordertexture flipx="true" colordiffuse="$VAR[MainInfoTextBorder]" border="15,2,15,2">special://skin/extras/main/tab2_stroke.png</bordertexture>
						<bordersize>1,0,1,1</bordersize>
						<animation effect="fade" end="80" time="0" condition="true">Conditional</animation>
					</control>
					<control type="button" id="60005">
					<posx>400</posx>
					<posy>-5</posy>
					<width>380</width>
					<onleft>60003</onleft>
					<onup>60004</onup>
					<onback>9000</onback>
					<align>center</align>
					<textcolor>white</textcolor>
					<texturefocus>special://skin/extras/osd/4.png</texturefocus>
					<texturenofocus>special://skin/extras/osd/4.png</texturenofocus>
					<label>חפש כל דבר תוכן כללי</label>
					<label>חיפוש כללי</label>
					<onclick>ActivateWindow(10025,&quot;plugin://plugin.video.mando/?all_w=%7b%7d&amp;data=%20&amp;dates=%20&amp;description=Search&amp;eng_name=%20&amp;episode=%20&amp;fanart=https%3a%2f%2fsearchengineland.com%2ffigz%2fwp-content%2fseloads%2f2017%2f12%2fcompare-seo-ss-1920-800x450.jpg&amp;fav_status=false&amp;heb_name=%20&amp;iconimage=C%3a%5cUsers%5cneta%5cAppData%5cRoaming%5cKodi%5caddons%5cplugin.video.mando%5cresources%5cartwork%2fsearch.png&amp;id=%20&amp;image_master&amp;isr=0&amp;last_id&amp;mode=5&amp;name=%d7%97%d7%99%d7%a4%d7%95%d7%a9&amp;original_title=%20&amp;season=%20&amp;show_original_year=%20&amp;tmdbid=%20&amp;url=www&amp;video_data=%7b%22rating%22%3a%20%220%22%2c%20%22episode%22%3a%200%2c%20%22title%22%3a%20%22%5cu05d7%5cu05d9%5cu05e4%5cu05d5%5cu05e9%22%2c%20%22season%22%3a%200%2c%20%22TVshowtitle%22%3a%20%22%22%2c%20%22mediatype%22%3a%20%22movie%22%2c%20%22plot%22%3a%20%22Search%22%2c%20%22OriginalTitle%22%3a%20%22%20%22%2c%20%22Tag%22%3a%20%22None%22%2c%20%22id%22%3a%20%22%20%22%7d&quot;,return)</onclick>
					</control>
					</control>
					</include>
					
					
<include name="extrabuttonsmainscreen">
<control type="group">
<animation condition="$EXP[newmovieswidgets]" effect="slide" start="0,0" end="0,-6" time="250" tween="sine" easing="inout">Conditional</animation>
<animation condition="Window.IsActive(1181) | Window.IsActive(6001) | Window.IsActive(1182) | Window.IsActive(1183) | Window.IsActive(6010) | Window.IsActive(6014)  | Window.IsActive(6016) | Window.IsActive(6017) | Window.IsActive(6022) | Window.IsActive(6023) | Window.IsActive(6015)" effect="slide" start="0,0" end="2000,0" time="500" tween="quanderic" easing="inout">Conditional</animation>
<control type="list" id="600008">
<posx>-20</posx>
<posy>323</posy>
<width>2000</width>
<height>315</height>
<onup>11256</onup>
<ondown>9000</ondown>
<onback>9000</onback>
<orientation>horizontal</orientation>
<scrolltime tween="sine" easing="inout">350</scrolltime>
			<itemlayout width="279" height="45">
					<control type="image">
						<posx>0</posx>
						<posy>0</posy>
						<width>300</width>
						<height>50</height>
						<aspectratio>keep</aspectratio>
						<texture colordiffuse="black" flipy="true" diffuse="glass.jpg" background="true" border="15,2,15,2" flipx="false">special://skin/extras/main/tab2.png</texture> 
						<bordertexture flipy="true" colordiffuse="$VAR[MainInfoTextBorder]" border="15,2,15,2">special://skin/extras/main/tab2_stroke.png</bordertexture>
						<bordersize>1,0,1,1</bordersize>
						<animation effect="fade" end="80" time="0" condition="true">Conditional</animation>
					</control>
			<control type="label">
			<posx>0</posx>
			<posy>5</posy>
			<width>300</width>
			<height>40</height>
			<align>center</align>
			<label>$INFO[ListItem.Label]</label>
			</control>
			</itemlayout>
			<focusedlayout width="279" height="45">
					<control type="image">
						<posx>0</posx>
						<posy>0</posy>
						<width>300</width>
						<height>50</height>
						<aspectratio>keep</aspectratio>
						<texture colordiffuse="black" flipy="true" diffuse="glass.jpg" background="true" border="15,2,15,2" flipx="false">special://skin/extras/main/tab2.png</texture> 
						<bordertexture flipy="true" colordiffuse="$VAR[MainInfoTextBorder]" border="15,2,15,2">special://skin/extras/main/tab2_stroke.png</bordertexture>
						<bordersize>1,0,1,1</bordersize>
						<animation effect="fade" end="80" time="0" condition="true">Conditional</animation>
					</control>
					<control type="image">
					<visible>Control.HasFocus(600008)</visible>
						<posx>2</posx>
						<posy>4</posy>
						<width>296</width>
						<height>42</height>
						<texture colordiffuse="$VAR[SubMenuFocusedColor]" flipy="true" diffuse="glass.jpg" background="true" border="15,2,15,2" flipx="false">special://skin/extras/main/tab2.png</texture> 
						<animation effect="fade" end="80" time="0" condition="true">Conditional</animation>
					</control>
			<control type="label">
			<posx>0</posx>
			<posy>5</posy>
			<width>300</width>
			<height>40</height>
			<align>center</align>
			<label>$INFO[ListItem.Label]</label>
			</control>
			</focusedlayout>
<content>
<item id="440">
<label>עיצוב אקסטרה ילדים</label>
<onclick>ActivateWindow(1184)</onclick>
</item>
<item id="441">
<label>עיצוב יש גו</label>
<onclick>ActivateWindow(1181)</onclick>
</item>
<item id="442">
<label>עיצוב סרטים אחרונים</label>
<onclick>ActivateWindow(6015)</onclick>
</item>
<item id="443">
<label>עיצוב נטפליקס</label>
<onclick>ActivateWindow(1182)</onclick>
</item>
<item id="444">
<label>עיצוב אקסטרה</label>
<onclick>ActivateWindow(1183)</onclick>
</item>
<item id="445">
<label>עיצוב אקסטרה פלוס</label>
<onclick>ActivateWindow(6010)</onclick>
</item>
<item id="446">
<label>עיצוב סרטים 1</label>
<onclick>ActivateWindow(6014)</onclick>
</item>
<item id="447">
<label>עיצוב סרטים 2</label>
<onclick>ActivateWindow(6022)</onclick>
</item>
<item id="448">
<label>עיצוב דוקומנטרי טבע</label>
<onclick>ActivateWindow(6023)</onclick>
</item>
<item id="449">
<label>חיפוש כללי</label>
<onclick>ActivateWindow(10025,&quot;plugin://plugin.video.mando/?all_w=%7b%7d&amp;data=%20&amp;dates=%20&amp;description=Search&amp;eng_name=%20&amp;episode=%20&amp;fanart=https%3a%2f%2fsearchengineland.com%2ffigz%2fwp-content%2fseloads%2f2017%2f12%2fcompare-seo-ss-1920-800x450.jpg&amp;fav_status=false&amp;heb_name=%20&amp;iconimage=C%3a%5cUsers%5cneta%5cAppData%5cRoaming%5cKodi%5caddons%5cplugin.video.mando%5cresources%5cartwork%2fsearch.png&amp;id=%20&amp;image_master&amp;isr=0&amp;last_id&amp;mode=5&amp;name=%d7%97%d7%99%d7%a4%d7%95%d7%a9&amp;original_title=%20&amp;season=%20&amp;show_original_year=%20&amp;tmdbid=%20&amp;url=www&amp;video_data=%7b%22rating%22%3a%20%220%22%2c%20%22episode%22%3a%200%2c%20%22title%22%3a%20%22%5cu05d7%5cu05d9%5cu05e4%5cu05d5%5cu05e9%22%2c%20%22season%22%3a%200%2c%20%22TVshowtitle%22%3a%20%22%22%2c%20%22mediatype%22%3a%20%22movie%22%2c%20%22plot%22%3a%20%22Search%22%2c%20%22OriginalTitle%22%3a%20%22%20%22%2c%20%22Tag%22%3a%20%22None%22%2c%20%22id%22%3a%20%22%20%22%7d&quot;,return)</onclick>
</item>
<item id="450">
<label>חפש סדרה בסדרות טיוי</label>
<onclick>ActivateWindow(10025,&quot;plugin://plugin.video.sdarot.tv/search/0&quot;,return)</onclick>
</item>
<item id="451">
<label>חפש כל סרט בעברית</label>
<onclick>ActivateWindow(10025,&quot;plugin://plugin.video.telemedia/?data=%20&amp;dates=%20&amp;description=Tmdb&amp;eng_name=%20&amp;episode=%20&amp;fanart=http%3a%2f%2fwww.videomotion.co.il%2fwp-content%2fuploads%2fwhatwedo-Pic-small.jpg&amp;fav_status=false&amp;groups_id=0&amp;heb_name=%20&amp;iconimage=special%3a%2f%2fhome%2faddons%2fplugin.video.telemedia%2ftele%2fMovies%2fmovie_search.png&amp;id=%20&amp;image_master&amp;isr=0&amp;last_id&amp;mode=14&amp;name=%d7%97%d7%a4%d7%a9%20%d7%a1%d7%a8%d7%98&amp;original_title=%20&amp;season=%20&amp;show_original_year=%20&amp;tmdbid=%20&amp;url=http%3a%2f%2fapi.themoviedb.org%2f3%2fsearch%2fmovie%3fapi_key%3d34142515d9d23817496eeb4ff1d223d0%26query%3d%25s%26language%3dhe%26append_to_response%3dorigin_country%26page%3d1&quot;,return)</onclick>
</item>
<item id="452">
<label>חפש כל סדרה בעברית</label>
<onclick>ActivateWindow(10025,&quot;plugin://plugin.video.telemedia/?data=all&amp;dates=%20&amp;description=Search%20All&amp;eng_name=%20&amp;episode=%20&amp;fanart=https%3a%2f%2fwww.komando.com%2fwp-content%2fuploads%2f2017%2f12%2fcomputer-search.jpg&amp;fav_status=false&amp;groups_id=0&amp;heb_name=%20&amp;iconimage=https%3a%2f%2fsitechecker.pro%2fwp-content%2fuploads%2f2017%2f12%2fsearch-engines.png&amp;id=%20&amp;image_master&amp;isr=0&amp;last_id=0%24%24%240&amp;mode=6&amp;name=%5bCOLOR%20yellow%5d%d7%97%d7%99%d7%a4%d7%95%d7%a9%20%d7%9b%d7%9c%d7%9c%d7%99%5b%2fCOLOR%5d&amp;original_title=%20&amp;season=%20&amp;show_original_year=%20&amp;tmdbid=%20&amp;url=%20&quot;,return)</onclick>
</item>												
</content>
</control>
</control>
</include>


<include name="mainscreenmusicinfo">
		<control type="group">
		<animation condition="Window.IsActive(7031)" effect="slide" start="0,0" end="0,-5" time="150" tween="sine" easing="inout">Conditional</animation>
		<visible>Player.HasAudio</visible>
		<posx>1220</posx>
		<posy>70</posy>
			<include>fadeInOut</include>
			<control type="group">
			</control>
			<!--Track info-->
			<!--Track info-->
			<control type="group">
				<!--track info-->
				<control type="group">
					<posx>182</posx>
					<posy>0</posy>
					<control type="image">
						<posx>0</posx>
						<posy>0</posy>
						<width>515</width>
						<height>71</height>
						<texture>white.png</texture>
						<colordiffuse>ff34495e</colordiffuse>
					</control>
					<control type="label">
						<posx>0</posx>
						<posy>10</posy>
						<width>515</width>
						<height>2-row</height>
						<textcolor>fff0f0f0</textcolor>
						<scroll>true</scroll>
						<align>center</align>
						<label>$INFO[MusicPlayer.Title]</label>
					</control>
					<control type="label">
						<posx>0</posx>
						<posy>0</posy>
						<width>515</width>
						<height>2-row</height>
						<textcolor>fff0f0f0</textcolor>
						<scroll>true</scroll>
						<label>[B]$INFO[MusicPlayer.userrating,,*][/B]</label>
					</control>
					<control type="image">
						<posx>0</posx>
						<posy>2-row</posy>
						<width>515</width>
						<height>1-row</height>
						<texture>white.png</texture>
						<colordiffuse>FFFFFFFF</colordiffuse>
					</control>
					<control type="label">
						<posx>0</posx>
						<posy>67</posy>
						<width>515</width>
						<height>2-row</height>
						<textcolor>black</textcolor>
						<scroll>true</scroll>
						<align>center</align>
						<label>$INFO[VideoPlayer.Title]</label>
					</control>
					<control type="label">
						<posx>0</posx>
						<posy>2-row</posy>
						<width>515</width>
						<height>1-row</height>
						<textcolor>black</textcolor>
						<scroll>false</scroll>
						<label>[UPPERCASE][B]$INFO[MusicPlayer.artist,, ][/B]$INFO[MusicPlayer.Album, | , ]$INFO[MusicPlayer.year,(,)][/UPPERCASE]</label>
					</control>
					<control type="image">
						<posx>0</posx>
						<posy>3-row</posy>
						<width>515</width>
						<height>2-row</height>
						<texture>black.png</texture>
						<colordiffuse>99000000</colordiffuse>
					</control>
					<control type="progress">
						<description>Duration</description>
						<posx>0</posx>
						<posy>180</posy>
						<width>515</width>
						<height>50</height>
						<texturebg>-</texturebg>
						<lefttexture>-</lefttexture>
						<midtexture border="36" colordiffuse="22FFFFFF">white.png</midtexture>
						<righttexture>-</righttexture>
						<overlaytexture>-</overlaytexture>
						<info>Player.ProgressChache</info>
					</control>
					<control type="progress">
						<description>Duration</description>
						<posx>0</posx>
						<posy>180</posy>
						<width>515</width>
						<height>50</height>
						<texturebg>-</texturebg>
						<lefttexture>-</lefttexture>
						<midtexture border="36" colordiffuse="22FFFFFF">white.png</midtexture>
						<righttexture>-</righttexture>
						<overlaytexture>-</overlaytexture>
						<info>Player.Progress</info>
					</control>
					<control type="label">
						<posx>0</posx>
						<posy>125</posy>
						<width>515</width>
						<height>2-row</height>
						<align>left</align>
						<textcolor>fff0f0f0</textcolor>
						<shadowcolor>-</shadowcolor>
						<scroll>false</scroll>
						<label>$INFO[MusicPlayer.time,, / ]$INFO[MusicPlayer.duration]</label>
					</control>
					<control type="label">
						<posx>170</posx>
						<posy>120</posy>
						<width>515</width>
						<height>2-row</height>
						<align>right</align>
						<textcolor>fff0f0f0</textcolor>
						<shadowcolor>-</shadowcolor>
						<scroll>false</scroll>
						<label>$INFO[musicplayer.Playlistposition,$LOCALIZE[554] ]$INFO[musicplayer.Playlistlength, / ]</label>
					</control>
				</control>
			</control>
		</control>
</include>


</includes>
