<?xml version="1.0" encoding="UTF-8"?>



<includes>

<include name="windowwidgets">
<definition>



<control type="group">
<posx>-1000</posx>
<animation type="WindowOpen">
<effect type="fade" time="550"/>
<effect type="slide" start="0,0" end="1000,0" time="550" tween="sine" easing="inout"/>
</animation>
<animation type="WindowClose">
<effect type="fade" time="550"/>
<effect type="slide" start="1000,0" end="0,0" time="550" tween="sine" easing="inout"/>
</animation>

<control type="label">
<animation condition="!Integer.IsGreater(Container($PARAM[widgetid]).NumItems,0)" effect="fade" start="0" end="100" time="1150" pulse="true">Conditional</animation>
<visible>!Integer.IsGreater(Container($PARAM[widgetid]).NumItems,0)</visible>
<posx>40</posx>
<posy>400</posy>
<width>1000</width>
<height>100</height>
<label>[B]טוען תוכן זה יקח מספר שניות אנא המתן...[/B]</label>
</control>

<control type="button" id="44444">
<animation condition="Player.HasVideo" effect="slide" start="0,0" end="0,-300" time="350" tween="sine" easing="inout">Conditional</animation>
<animation effect="fade" start="0" end="100" time="450">VisibleChange</animation>
<visible allowhiddenfocus="true">Control.HasFocus(44444)</visible>
<posx>1000</posx>
<posy>600</posy>
<width>200</width>
<height>50</height>
<label>סגור חלון</label>
<align>center</align>
<textcolor>white</textcolor>
<focusedcolor>yellow</focusedcolor>
<texturefocus>special://skin/extras/common/roundedbutton-focus.png</texturefocus>
<texturenofocus border="40">special://skin/extras/common/roundedbutton-nofocus.png</texturenofocus>
<onclick>Dialog.Close($PARAM[windownumber])</onclick>
<onback>1256</onback>
</control>


<control type="wraplist" id="$PARAM[widgetid]">
<posx>15</posx>
<posy>80</posy>
<width>1500</width>
<height>1000</height>
<onclick condition="Window.IsActive(6014) | Window.IsActive(6016) | Window.IsActive(6022) | Window.IsActive(6023)">Action(info)</onclick>
<onback>44444</onback>
<onleft>63</onleft>
<preloaditems>2</preloaditems>
<focusposition>2</focusposition>
<scrolltime tween="sine" easing="inout">450</scrolltime>
<itemlayout width="380" height="230">
<control type="image">
<animation condition="Control.HasFocus($PARAM[widgetid]) | Control.HasFocus(500) | Window.IsActive(DialogVideoInfo.xml) | Control.HasFocus(63)" effect="zoom" center="auto" start="100,100" end="85,85" time="450">Conditional</animation>
<animation condition="Control.HasFocus($PARAM[widgetid]) | Control.HasFocus(500) | Window.IsActive(DialogVideoInfo.xml) | Control.HasFocus(63)" effect="fade" start="100" end="85" time="450">Conditional</animation>
<animation condition="Control.HasFocus($PARAM[widgetid]) | Control.HasFocus(500) | Window.IsActive(DialogVideoInfo.xml) | Control.HasFocus(63)" effect="rotatex" start="0" end="-10" time="450">Conditional</animation>
<posx>0</posx>
<posy>0</posy>
<width>355</width>
<height>220</height>
<texture>$INFO[ListItem.Thumb]</texture>
</control>
<control type="image">
<animation condition="Control.HasFocus($PARAM[widgetid]) | Control.HasFocus(500) | Window.IsActive(DialogVideoInfo.xml) | Control.HasFocus(63)" effect="zoom" center="auto" start="100,100" end="85,85" time="450">Conditional</animation>
<animation condition="Control.HasFocus($PARAM[widgetid]) | Control.HasFocus(500) | Window.IsActive(DialogVideoInfo.xml) | Control.HasFocus(63)" effect="fade" start="100" end="85" time="450">Conditional</animation>
<animation condition="Control.HasFocus($PARAM[widgetid]) | Control.HasFocus(500) | Window.IsActive(DialogVideoInfo.xml) | Control.HasFocus(63)" effect="rotatex" start="0" end="-10" time="450">Conditional</animation>
<posx>0</posx>
<posy>0</posy>
<width>355</width>
<height>220</height>
<texture>$INFO[ListItem.Art(fanart)]</texture>
</control>

</itemlayout>
<focusedlayout width="380" height="230">
</focusedlayout>
<content sortby="$PARAM[sortby]" sortorder="$PARAM[sortorder]">$PARAM[widgetcontent]</content>
</control>




<control type="group">
<visible>!Player.HasVideo</visible>
<animation effect="zoom" center="auto" start="100,100" end="110,110" time="450">Focus</animation>
<control type="image">
<posx>0</posx>
<posy>525</posy>
<width>850</width>
<height>250</height>
<bordertexture colordiffuse="gray">white.png</bordertexture>
<bordersize>1</bordersize>
<texture colordiffuse="black">white.png</texture>
</control>
<control type="group">
<animation effect="fade" start="0" end="100" time="350">VisibleChange</animation>
<visible>Control.HasFocus($PARAM[widgetid])</visible>
<control type="image">
<visible>IsEmpty(Container($PARAM[widgetid]).ListItem.Art(fanart)]</visible>
<posx>485</posx>
<posy>540</posy>
<width>355</width>
<height>220</height>
<bordertexture colordiffuse="white">white.png</bordertexture>
<bordersize>2</bordersize>
<texture background="true">$INFO[Container($PARAM[widgetid]).ListItem.Thumb]</texture>
</control>
<control type="image">
<posx>485</posx>
<posy>540</posy>
<width>355</width>
<height>220</height>
<bordertexture colordiffuse="white">white.png</bordertexture>
<bordersize>2</bordersize>
<texture background="true">$INFO[Container($PARAM[widgetid]).ListItem.Art(fanart)]</texture>
</control>
</control>

<control type="group">
<animation effect="fade" start="0" end="100" time="350">VisibleChange</animation>
<visible>!Control.HasFocus($PARAM[widgetid])</visible>
<control type="image">
<visible>IsEmpty(Container($PARAM[widgetid]).ListItem.Art(fanart)]</visible>
<posx>485</posx>
<posy>540</posy>
<width>355</width>
<height>220</height>
<texture background="true">$INFO[Container($PARAM[widgetid]).ListItem.Thumb]</texture>
</control>
<control type="image">
<posx>485</posx>
<posy>540</posy>
<width>355</width>
<height>220</height>
<texture background="true">$INFO[Container($PARAM[widgetid]).ListItem.Art(fanart)]</texture>
</control>
</control>

<control type="image">
<posx>485</posx>
<posy>690</posy>
<width>355</width>
<height>70</height>
<texture>black.png</texture>
<colordiffuse>77000000</colordiffuse>
</control>
<control type="textbox">
<posx>485</posx>
<posy>690</posy>
<width>350</width>
<height>60</height>
<align>right</align>
<font>itemSubTitle</font>
<label>$INFO[Container($PARAM[widgetid]).ListItem.Label]</label>
</control>
</control>


<control type="group">
<visible>Player.HasVideo</visible>
<posy>-300</posy>
<posx>0</posx>
<control type="image">
<posx>0</posx>
<posy>825</posy>
<width>850</width>
<height>250</height>
<texture colordiffuse="black">white.png</texture>
</control>
<control type="group">
<animation condition="Window.IsActive(movieinformation)" effect="slide" start="0,0" end="0,-100" time="550" tween="sine" easing="inout">Conditional</animation>
<control type="image">
<posx>478</posx>
<posy>525</posy>
<width>370</width>
<height>250</height>
<texture colordiffuse="black">white.png</texture>
</control>
<control type="multiimage">
<posx>485</posx>
<posy>540</posy>
<width>355</width>
<height>220</height>
<bordertexture colordiffuse="white">white.png</bordertexture>
<bordersize>2</bordersize>
<fadetime>450</fadetime>
<imagepath background="true">$INFO[Container($PARAM[widgetid]).ListItem.Thumb]</imagepath>
</control>
<control type="multiimage">
<posx>485</posx>
<posy>540</posy>
<width>355</width>
<height>220</height>
<bordertexture colordiffuse="white">white.png</bordertexture>
<bordersize>2</bordersize>
<fadetime>450</fadetime>
<imagepath background="true">$INFO[Container($PARAM[widgetid]).ListItem.Art(fanart)]</imagepath>
</control>

<control type="image">
<posx>485</posx>
<posy>690</posy>
<width>355</width>
<height>70</height>
<texture>black.png</texture>
<colordiffuse>77000000</colordiffuse>
</control>
<control type="textbox">
<posx>485</posx>
<posy>690</posy>
<width>350</width>
<height>60</height>
<align>right</align>
<font>itemSubTitle</font>
<label>$INFO[Container($PARAM[widgetid]).ListItem.Label]</label>
</control>
</control>
</control>

<control type="group">
<posx>-40</posx>
<control type="textbox">
<posx>150</posx>
<posy>530</posy>
<width>320</width>
<height>120</height>
<align>right</align>
<font>smallMedium</font>
<scroll>true</scroll>
<label>$INFO[Container($PARAM[widgetid]).ListItem.Year][CR][I]$INFO[Container($PARAM[widgetid]).ListItem.Genre][/I]</label>
</control>
<control type="textbox">
<autoscroll fade="3000" time="3000" repeat="3000">!Control.HasFocus(63)</autoscroll>
<pagecontrol>63</pagecontrol>
<posx>70</posx>
<posy>645</posy>
<width>400</width>
<height>120</height>
<align>right</align>
<font>smallMedium</font>
<textcolor>gray</textcolor>
<label>$INFO[Container($PARAM[widgetid]).ListItem.Plot]</label>
</control>
</control>


<control type="image">
<animation condition="Control.HasFocus($PARAM[widgetid])" effect="fade" start="100" end="65" time="1250" pulse="true">Conditional</animation>
<posx>20</posx>
<posy>530</posy>
<width>65</width>
<height>65</height>
<texture colordiffuse="burlywood">special://skin/extras/test/playbutton.png</texture>
</control>

<control type="scrollbar" id="63">
      <description>My first scroll bar control</description>
	  <posx>2</posx>
	  <posy>527</posy>
      <width>10</width>
      <height>246</height>
      <visible>true</visible>
      <texturesliderbackground colordiffuse="gray">white.png</texturesliderbackground>
      <texturesliderbar colordiffuse="white">white.png</texturesliderbar>
      <texturesliderbarfocus colordiffuse="deepskyblue">white.png</texturesliderbarfocus>
      <textureslidernib colordiffuse="gray">white.png</textureslidernib>
      <textureslidernibfocus colordiffuse="red">white.png</textureslidernibfocus>
      <orientation>vertical</orientation>
	<onback>1256</onback>
	<onright>1256</onright>
</control>




<control type="group">
<animation condition="Player.HasVideo" effect="slide" start="0,0" end="0,335" time="450" tween="sine" easing="inout">Conditional</animation>
<posx>420</posx>
<posy>100</posy>
<control type="image">
<posx>420</posx>
<posy>0</posy>
<width>1100</width>
<height>360</height>
<texture border="40">special://skin/extras/common/roundedbutton-nofocus.png</texture>
</control>


<control type="multiimage">
<posx>440</posx>
<posy>20</posy>
<width>245</width>
<height>317</height>
<fadetime>550</fadetime>
<imagepath diffuse="special://skin/extras/diffuse/poster_diffuse.png">$INFO[Control.GetLabel(298045)]</imagepath>
</control>

            <control type="fadelabel" id="298045">
                <top>0</top>
                <width>1</width>
                <height>1</height>
				<info>Container($PARAM[widgetid]).ListItem.Art(Poster)</info>
                <info>Container($PARAM[widgetid]).ListItem.Thumb</info>
				<info>Window(Home).Property(SkinHelper.Player.Art.Clearlogo)</info>
				<info>Window(Home).Property(SkinHelper.Player.Art.Clearart)</info>
				<info>Container($PARAM[widgetid]).ListItem.Art(clearlogo)</info>
				<info>Container($PARAM[widgetid]).ListItem.Art(clearart)</info>
				<info>Container($PARAM[widgetid]).ListItem.Art(tvshow.poster)</info>
				<info>Container($PARAM[widgetid]).ListItem.Art(animatedposter)</info>
                <randomize>true</randomize>
                <pauseatend>5000</pauseatend>
                <scroll>false</scroll>
                <scrollout>false</scrollout>
                <resetonlabelchange>true</resetonlabelchange>
            </control>

<control type="group">
<posx>845</posx>
<posy>0</posy>
<control type="group">
<control type="label">
<posx>650</posx>
<posy>40</posy>
<width>320</width>
<height>30</height>
<align>right</align>
<textcolor>gray</textcolor>
<font>playlistSubTitle</font>
<label>סגנון:</label>
</control>
<control type="label">
<posx>570</posx>
<posy>42</posy>
<width>550</width>
<height>30</height>
<align>right</align>
<font>playlistSubTitle</font>
<label>$INFO[Container($PARAM[widgetid]).ListItem.Genre]</label>
</control>
<control type="label">
<visible>String.IsEmpty(Container($PARAM[widgetid]).ListItem.Genre)</visible>
<posx>570</posx>
<posy>42</posy>
<width>550</width>
<height>30</height>
<align>right</align>
<font>playlistSubTitle</font>
<label>לא קיים מידע</label>
</control>
</control>
<control type="group">
<control type="label">
<posx>650</posx>
<posy>80</posy>
<width>320</width>
<height>30</height>
<align>right</align>
<textcolor>gray</textcolor>
<font>playlistSubTitle</font>
<label>אורך התוכן:</label>
</control>
<control type="label">
<posx>500</posx>
<posy>82</posy>
<width>550</width>
<height>30</height>
<align>right</align>
<font>playlistSubTitle</font>
<label>$INFO[Container($PARAM[widgetid]).ListItem.Duration]</label>
</control>
<control type="label">
<visible>String.IsEmpty(Container($PARAM[widgetid]).ListItem.Duration)</visible>
<posx>500</posx>
<posy>82</posy>
<width>550</width>
<height>30</height>
<align>right</align>
<font>playlistSubTitle</font>
<label>לא קיים מידע</label>
</control>
</control>
<control type="group">

<control type="label">
<posx>650</posx>
<posy>120</posy>
<width>320</width>
<height>30</height>
<align>right</align>
<textcolor>gray</textcolor>
<font>playlistSubTitle</font>
<label>תסריטאי:</label>
</control>
<control type="label">
<posx>530</posx>
<posy>122</posy>
<width>550</width>
<height>30</height>
<align>right</align>
<font>playlistSubTitle</font>
<label>$INFO[Container($PARAM[widgetid]).ListItem.Writer]</label>
</control>
<control type="label">
<visible>String.IsEmpty(Container($PARAM[widgetid]).ListItem.Writer)</visible>
<posx>530</posx>
<posy>122</posy>
<width>550</width>
<height>30</height>
<align>right</align>
<font>playlistSubTitle</font>
<label>לא קיים מידע</label>
</control>
</control>
<control type="group">

<control type="label">
<posx>650</posx>
<posy>160</posy>
<width>320</width>
<height>30</height>
<align>right</align>
<textcolor>gray</textcolor>
<font>playlistSubTitle</font>
<label>דירוג:</label>
</control>
<control type="label">
<posx>560</posx>
<posy>162</posy>
<width>550</width>
<height>30</height>
<align>right</align>
<font>playlistSubTitle</font>
<label>$INFO[Container($PARAM[widgetid]).ListItem.Rating]</label>
</control>
<control type="label">
<visible>String.IsEmpty(Container($PARAM[widgetid]).ListItem.Rating)</visible>
<posx>560</posx>
<posy>162</posy>
<width>550</width>
<height>30</height>
<align>right</align>
<font>playlistSubTitle</font>
<label>לא קיים מידע</label>
</control>
</control>
<control type="group">
<control type="label">
<posx>650</posx>
<posy>200</posy>
<width>320</width>
<height>30</height>
<align>right</align>
<textcolor>gray</textcolor>
<font>playlistSubTitle</font>
<label>משפט מפתח:</label>
</control>
<control type="label">
<posx>480</posx>
<posy>200</posy>
<width>550</width>
<height>30</height>
<align>right</align>
<font>playlistSubTitle</font>
<label>$INFO[Container($PARAM[widgetid]).ListItem.Tagline]</label>
</control>
<control type="label">
<visible>String.IsEmpty(Container($PARAM[widgetid]).ListItem.Tagline)</visible>
<posx>480</posx>
<posy>200</posy>
<width>550</width>
<height>30</height>
<align>right</align>
<font>playlistSubTitle</font>
<label>לא קיים מידע</label>
</control>
</control>
<control type="group">
<control type="label">
<posx>650</posx>
<posy>240</posy>
<width>320</width>
<height>30</height>
<align>right</align>
<textcolor>gray</textcolor>
<font>playlistSubTitle</font>
<label>בימוי:</label>
</control>
<control type="label">
<posx>570</posx>
<posy>240</posy>
<width>550</width>
<height>30</height>
<align>right</align>
<font>playlistSubTitle</font>
<label>$INFO[Container($PARAM[widgetid]).ListItem.Director]</label>
</control>
<control type="label">
<visible>String.IsEmpty(Container($PARAM[widgetid]).ListItem.Director)</visible>
<posx>570</posx>
<posy>240</posy>
<width>550</width>
<height>30</height>
<align>right</align>
<font>playlistSubTitle</font>
<label>לא קיים מידע</label>
</control>
</control>
<control type="group">

<control type="label">
<posx>650</posx>
<posy>280</posy>
<width>320</width>
<height>30</height>
<align>right</align>
<textcolor>gray</textcolor>
<font>playlistSubTitle</font>
<label>שודר לראשונה:</label>
</control>
<control type="label">
<posx>460</posx>
<posy>280</posy>
<width>550</width>
<height>30</height>
<align>right</align>
<font>playlistSubTitle</font>
<label>$INFO[Container($PARAM[widgetid]).ListItem.Premiered]</label>
</control>
<control type="label">
<visible>String.IsEmpty(Container($PARAM[widgetid]).ListItem.Premiered)</visible>
<posx>460</posx>
<posy>280</posy>
<width>550</width>
<height>30</height>
<align>right</align>
<font>playlistSubTitle</font>
<label>לא קיים מידע</label>
</control>
</control>
</control>
</control>


</control>
</definition>
</include>



</includes>
