<?xml version="1.0" encoding="UTF-8"?>




<includes>
 

<include name="widgetmoviesextras">
<definition>
	<control type="group">
		<animation effect="fade" time="450">VisibleChange</animation>
		<visible>Container(1256).HasFocus($PARAM[itemnumber])</visible>
		<control type="list" id="$PARAM[id]">
		<animation type="WindowClose">
		<effect type="slide" start="1415,0" end="1000,0" time="450" tween="sine" easing="inout"/>
		</animation>
			<posx>1415</posx>
			<posy>412</posy>
			<width>1200</width>
			<height>315</height>
			<onback>1256</onback>
			<onleft>65</onleft>
			<onright>Action(info)</onright>
			<orientation>vertical</orientation>
			<itemlayout width="500" height="45">
			<control type="image">
			<posx>2</posx>
			<posy>2</posy>
			<width>500</width>
			<height>40</height>
			<texture colordiffuse="4a666666">white.png</texture>
			</control>
			<control type="label">
			<posx>0</posx>
			<posy>0</posy>
			<width>500</width>
			<height>40</height>
			<align>right</align>
			<label>$INFO[ListItem.Label]</label>
			</control>
			<control type="image">
			<posx>0</posx>
			<posy>0</posy>
			<width>503</width>
			<height>1</height>
			<texture colordiffuse="gray">white.png</texture>
			</control>
			</itemlayout>
			<focusedlayout width="500" height="45">
			<control type="image">
			<posx>2</posx>
			<posy>2</posy>
			<width>500</width>
			<height>40</height>
			<texture colordiffuse="4a666666">white.png</texture>
			</control>
			<control type="image">
			<visible>Control.HasFocus($PARAM[id])</visible>
			<animation effect="fade" start="0" end="100" time="350">Focus</animation>
			<posx>2</posx>
			<posy>2</posy>
			<width>500</width>
			<height>40</height>
			<texture diffuse="glass.jpg" colordiffuse="$VAR[SubMenuFocusedColor]">white.png</texture>
			</control>
			<control type="label">
			<posx>0</posx>
			<posy>0</posy>
			<width>500</width>
			<height>40</height>
			<align>right</align>
			<label>$INFO[ListItem.Label]</label>
			</control>
			<control type="image">
			<posx>0</posx>
			<posy>0</posy>
			<width>503</width>
			<height>1</height>
			<texture colordiffuse="gray">white.png</texture>
			</control>
			</focusedlayout>
			<content sortby="$PARAM[sortby]" sortorder="$PARAM[sortorder]">$PARAM[content]</content>
		</control>
		
		<control type="multiimage">
		<animation type="WindowOpen">
		<effect type="slide" start="0,0" end="1000,0" time="450" tween="sine" easing="inout"/>
		</animation>
		<animation type="WindowClose">
		<effect type="slide" start="1000,0" end="0,0" time="450" tween="sine" easing="inout"/>
		</animation>
		<posx>-998</posx>
		<posy>365</posy>
		<width>505</width>
		<height>360</height>
		<fadetime>250</fadetime>
		<imagepath>$INFO[Container($PARAM[id]).ListItem.Art(fanart)]</imagepath>
		</control>
		
		<control type="group">
		<posy>-20</posy>
		<control type="label">
		<posx>550</posx>
		<posy>380</posy>
		<width>800</width>
		<height>50</height>
		<font>font-30</font>
		<align>center</align>
		<label>$INFO[Container($PARAM[id]).ListItem.Label]</label>
		</control>
		<control type="label">
		<posx>550</posx>
		<posy>440</posy>
		<width>800</width>
		<height>50</height>
		<align>center</align>
		<label>$INFO[Container($PARAM[id]).ListItem.Year]</label>
		</control>
		<control type="textbox">
		<autoscroll fade="3500" time="3500" delay="8000" repeat="3500">!Control.HasFocus(65)</autoscroll>
		<posx>550</posx>
		<posy>520</posy>
		<width>800</width>
		<height>140</height>
		<align>center</align>
		<pagecontrol>65</pagecontrol>
		<label>$INFO[Container($PARAM[id]).ListItem.Plot]</label>
		</control>
		<control type="label">
		<animation condition="!String.IsEmpty(Container($PARAM[id]).ListItem.Premiered) | !String.IsEmpty(Container($PARAM[id]).ListItem.DateAdded)" effect="slide" start="0,0" end="0,-45" time="250" tween="sine" easing="inout">Conditional</animation>
		<posx>550</posx>
		<posy>710</posy>
		<width>800</width>
		<height>40</height>
		<align>center</align>
		<textcolor>gray</textcolor>
		<label>[I]$INFO[Container($PARAM[id]).ListItem.Genre][/I]</label>
		</control>
		
		<control type="label">
		<posx>550</posx>
		<posy>710</posy>
		<width>800</width>
		<height>40</height>
		<align>center</align>
		<label>$INFO[Container($PARAM[id]).ListItem.Premiered, תאריך שחרור: ]</label>
		</control>
		
		<control type="label">
		<posx>550</posx>
		<posy>710</posy>
		<width>800</width>
		<height>40</height>
		<align>center</align>
		<label>$INFO[Container($PARAM[id]).ListItem.DateAdded, התווסף להרחבה בתאריך: ]</label>
		</control>
		</control>
	
		<control type="scrollbar" id="65">
		<animation condition="!Control.HasFocus(65)" effect="fade" start="100" end="0" time="450">Conditional</animation>
		<posx>525</posx>
		<posy>520</posy>
		<width>10</width>
		<height>140</height>
		<onback>500</onback>
		<onright>500</onright>
		<orientation>vertical</orientation>
		<texturesliderbackground colordiffuse="white">white.png</texturesliderbackground>
		<texturesliderbar colordiffuse="gray" border="1,1,1,1">white.png</texturesliderbar>
		<texturesliderbarfocus colordiffuse="$VAR[SubMenuFocusedColor]">white.png</texturesliderbarfocus>
		<textureslidernib colordiffuse="white">white.png</textureslidernib>
		<textureslidernibfocus colordiffuse="white">white.png</textureslidernibfocus>
		</control>
	
	<control type="textbox">
	<animation condition="![Integer.IsGreater(Container($PARAM[id]).NumItems,0)]" effect="fade" start="0" end="100" time="1100" pulse="true">Conditional</animation>
	<visible>![Integer.IsGreater(Container($PARAM[id]).NumItems,0)]</visible>
	<visible>!player.hasmedia</visible>
	<posx>1500</posx>
	<posy>80</posy>
	<width>320</width>
	<height>250</height>
	<font>font-30</font>
	<align>center</align>
	<label>הוידג'ט נטען נא להמתין בסבלנות עד סוף הטעינה....</label>
	</control>
	<control type="textbox">
	<visible>Integer.IsGreater(Container($PARAM[id]).NumItems,0)</visible>
	<visible>!player.hasmedia</visible>
	<posx>1460</posx>
	<posy>80</posy>
	<width>380</width>
	<height>310</height>
	<font>font-25</font>
	<align>center</align>
	<label>לחיצה על חץ ימני להפעלת מידע מורחב והפעלת טריילר, לחיצה על חץ שמאלי לגלול במידע</label>
	</control>
	
	<control type="group">
	<visible>!Integer.IsGreater(Container($PARAM[id]).NumItems,0)</visible>
	<control type="image">
	<posx>1600</posx>
	<posy>480</posy>
	<width>150</width>
	<height>120</height>
	<texture>special://skin/extras/specialbuttons/loading.gif</texture>
	</control>
	<control type="image">
	<posx>850</posx>
	<posy>480</posy>
	<width>150</width>
	<height>120</height>
	<texture>special://skin/extras/specialbuttons/loading.gif</texture>
	</control>
	<control type="image">
	<posx>180</posx>
	<posy>480</posy>
	<width>150</width>
	<height>120</height>
	<texture>special://skin/extras/specialbuttons/loading.gif</texture>
	</control>
	</control>

		</control>
		


		</definition>
		</include>



</includes>
