<?xml version="1.0" encoding="UTF-8"?>




<includes>
 




<include name="topwidgets">
<definition>

<control type="group">
<posx>-1200</posx>
<animation condition="Integer.IsGreater(Container($PARAM[id]).NumItems,0)" effect="slide" start="0,0" end="1200,0" time="550" tween="sine" easing="inout">Conditional</animation>
<animation effect="fade" start="0" end="100" time="350">VisibleChange</animation>
<control type="wraplist" id="$PARAM[id]">
<posx>60</posx>
<posy>0</posy>
<width>800</width>
<height>1080</height>
<focusposition>2</focusposition>
<orientation>Vertical</orientation>
<onclick>Action(info)</onclick>
<onback>44444</onback>
<onleft>63</onleft>
<scrolltime tween="sine" easing="inout">350</scrolltime>
<itemlayout width="220" height="220">
<control type="image">
<animation condition="Window.IsActive(6014) | Window.IsActive(6022) | Window.IsActive(6023)" effect="rotatex" center="auto" start="0" end="-15" time="150">Conditional</animation>
<posx>0</posx>
<posy>0</posy>
<width>320</width>
<height>180</height>
<texture>$INFO[ListItem.Art(fanart)]</texture>
</control>
</itemlayout>
<focusedlayout width="220" height="220">
</focusedlayout>
<content sortby="$PARAM[sortby]" sortorder="$PARAM[sortorder]">$PARAM[content]</content>
</control>

<control type="button" id="44444">
<animation condition="Control.HasFocus(44444)" effect="slide" start="0,0" end="0,70" time="550" tween="sine" easing="inout">Conditional</animation>
<posx>540</posx>
<posy>600</posy>
<width>460</width>
<height>50</height>
<align>center</align>
<textcolor>white</textcolor>
<focusedcolor>deepskyblue</focusedcolor>
<texturefocus>black.png</texturefocus>
<texturenofocus>black</texturenofocus>
<onback>$PARAM[id]</onback>
<label>סגור חלון</label>
<onclick>Dialog.Close(all,true)</onclick>
</control>

<control type="image">
<posx>0</posx>
<posy>435</posy>
<width>1000</width>
<height>250</height>
<texture>black.png</texture>
</control>
<control type="group">
<control type="image">
<animation condition="Player.HasVideo" effect="slide" start="0,0" end="0,-400" delay="50" time="650" tween="sine" easing="inout">Conditional</animation>
<posx>525</posx>
<posy>440</posy>
<width>475</width>
<height>240</height>
<bordertexture>black.png</bordertexture>
<bordersize>15</bordersize>
<texture>$INFO[Container($PARAM[id]).ListItem.Art(fanart)]</texture>
</control>
<control type="textbox">
<posx>0</posx>
<posy>445</posy>
<width>500</width>
<height>80</height>
<align>right</align>
<font>small</font>
<label>[B]$INFO[Container($PARAM[id]).ListItem.Label][/B]</label>
</control>
</control>
<control type="textbox">
<autoscroll time="3000" fade="3000" delay="8000" repeat="4000">!Control.HasFocus(63)</autoscroll>
<pagecontrol>63</pagecontrol>
<posx>50</posx>
<posy>520</posy>
<width>450</width>
<height>110</height>
<align>right</align>
<textcolor>white</textcolor>
<font>font-16</font>
<label>[B]$INFO[Container($PARAM[id]).ListItem.Plot][/B]</label>
</control>
<control type="label">
<posx>500</posx>
<posy>640</posy>
<width>450</width>
<height>115</height>
<align>right</align>
<textcolor>gray</textcolor>
<font>font-18</font>
<label>[I]$INFO[Container($PARAM[id]).ListItem.Genre][/I]</label>
</control>
</control>



<control type="group">
<animation condition="Player.HasVideo" effect="slide" start="0,0" end="0,700" time="450" delay="50" tween="sine" easing="inout">Conditional</animation>
<posx>420</posx>
<posy>10</posy>
<control type="image">
<posx>420</posx>
<posy>0</posy>
<width>1100</width>
<height>360</height>
<texture border="40">special://skin/extras/common/roundedbutton-nofocus.png</texture>
</control>


<control type="multiimage">
<posx>440</posx>
<posy>20</posy>
<width>245</width>
<height>317</height>
<fadetime>550</fadetime>
<imagepath diffuse="special://skin/extras/diffuse/poster_diffuse.png">$INFO[Control.GetLabel(298045)]</imagepath>
</control>

            <control type="fadelabel" id="298045">
                <top>0</top>
                <width>1</width>
                <height>1</height>
				<info>Container($PARAM[id]).ListItem.Art(Poster)</info>
                <info>Container($PARAM[id]).ListItem.Thumb</info>
				<info>Window(Home).Property(SkinHelper.Player.Art.Clearlogo)</info>
				<info>Window(Home).Property(SkinHelper.Player.Art.Clearart)</info>
				<info>Container($PARAM[id]).ListItem.Art(clearlogo)</info>
				<info>Container($PARAM[id]).ListItem.Art(clearart)</info>
				<info>Container($PARAM[id]).ListItem.Art(tvshow.poster)</info>
				<info>Container($PARAM[id]).ListItem.Art(animatedposter)</info>
                <randomize>true</randomize>
                <pauseatend>5000</pauseatend>
                <scroll>false</scroll>
                <scrollout>false</scrollout>
                <resetonlabelchange>true</resetonlabelchange>
            </control>

<control type="group">
<posx>845</posx>
<posy>0</posy>
<control type="group">
<control type="label">
<posx>650</posx>
<posy>40</posy>
<width>320</width>
<height>30</height>
<align>right</align>
<textcolor>gray</textcolor>
<font>playlistSubTitle</font>
<label>סגנון:</label>
</control>
<control type="label">
<posx>570</posx>
<posy>42</posy>
<width>550</width>
<height>30</height>
<align>right</align>
<font>playlistSubTitle</font>
<label>$INFO[Container($PARAM[id]).ListItem.Genre]</label>
</control>
<control type="label">
<visible>String.IsEmpty(Container($PARAM[id]).ListItem.Genre)</visible>
<posx>570</posx>
<posy>42</posy>
<width>550</width>
<height>30</height>
<align>right</align>
<font>playlistSubTitle</font>
<label>לא קיים מידע</label>
</control>
</control>
<control type="group">
<control type="label">
<posx>650</posx>
<posy>80</posy>
<width>320</width>
<height>30</height>
<align>right</align>
<textcolor>gray</textcolor>
<font>playlistSubTitle</font>
<label>אורך התוכן:</label>
</control>
<control type="label">
<posx>500</posx>
<posy>82</posy>
<width>550</width>
<height>30</height>
<align>right</align>
<font>playlistSubTitle</font>
<label>$INFO[Container($PARAM[id]).ListItem.Duration]</label>
</control>
<control type="label">
<visible>String.IsEmpty(Container($PARAM[id]).ListItem.Duration)</visible>
<posx>500</posx>
<posy>82</posy>
<width>550</width>
<height>30</height>
<align>right</align>
<font>playlistSubTitle</font>
<label>לא קיים מידע</label>
</control>
</control>
<control type="group">

<control type="label">
<posx>650</posx>
<posy>120</posy>
<width>320</width>
<height>30</height>
<align>right</align>
<textcolor>gray</textcolor>
<font>playlistSubTitle</font>
<label>תסריטאי:</label>
</control>
<control type="label">
<posx>530</posx>
<posy>122</posy>
<width>550</width>
<height>30</height>
<align>right</align>
<font>playlistSubTitle</font>
<label>$INFO[Container($PARAM[id]).ListItem.Writer]</label>
</control>
<control type="label">
<visible>String.IsEmpty(Container($PARAM[id]).ListItem.Writer)</visible>
<posx>530</posx>
<posy>122</posy>
<width>550</width>
<height>30</height>
<align>right</align>
<font>playlistSubTitle</font>
<label>לא קיים מידע</label>
</control>
</control>
<control type="group">

<control type="label">
<posx>650</posx>
<posy>160</posy>
<width>320</width>
<height>30</height>
<align>right</align>
<textcolor>gray</textcolor>
<font>playlistSubTitle</font>
<label>דירוג:</label>
</control>
<control type="label">
<posx>560</posx>
<posy>162</posy>
<width>550</width>
<height>30</height>
<align>right</align>
<font>playlistSubTitle</font>
<label>$INFO[Container($PARAM[id]).ListItem.Rating]</label>
</control>
<control type="label">
<visible>String.IsEmpty(Container($PARAM[id]).ListItem.Rating)</visible>
<posx>560</posx>
<posy>162</posy>
<width>550</width>
<height>30</height>
<align>right</align>
<font>playlistSubTitle</font>
<label>לא קיים מידע</label>
</control>
</control>
<control type="group">
<control type="label">
<posx>650</posx>
<posy>200</posy>
<width>320</width>
<height>30</height>
<align>right</align>
<textcolor>gray</textcolor>
<font>playlistSubTitle</font>
<label>משפט מפתח:</label>
</control>
<control type="label">
<posx>480</posx>
<posy>200</posy>
<width>550</width>
<height>30</height>
<align>right</align>
<font>playlistSubTitle</font>
<label>$INFO[Container($PARAM[id]).ListItem.Tagline]</label>
</control>
<control type="label">
<visible>String.IsEmpty(Container($PARAM[id]).ListItem.Tagline)</visible>
<posx>480</posx>
<posy>200</posy>
<width>550</width>
<height>30</height>
<align>right</align>
<font>playlistSubTitle</font>
<label>לא קיים מידע</label>
</control>
</control>
<control type="group">
<control type="label">
<posx>650</posx>
<posy>240</posy>
<width>320</width>
<height>30</height>
<align>right</align>
<textcolor>gray</textcolor>
<font>playlistSubTitle</font>
<label>בימוי:</label>
</control>
<control type="label">
<posx>570</posx>
<posy>240</posy>
<width>550</width>
<height>30</height>
<align>right</align>
<font>playlistSubTitle</font>
<label>$INFO[Container($PARAM[id]).ListItem.Director]</label>
</control>
<control type="label">
<visible>String.IsEmpty(Container($PARAM[id]).ListItem.Director)</visible>
<posx>570</posx>
<posy>240</posy>
<width>550</width>
<height>30</height>
<align>right</align>
<font>playlistSubTitle</font>
<label>לא קיים מידע</label>
</control>
</control>
<control type="group">

<control type="label">
<posx>650</posx>
<posy>280</posy>
<width>320</width>
<height>30</height>
<align>right</align>
<textcolor>gray</textcolor>
<font>playlistSubTitle</font>
<label>שודר לראשונה:</label>
</control>
<control type="label">
<posx>460</posx>
<posy>280</posy>
<width>550</width>
<height>30</height>
<align>right</align>
<font>playlistSubTitle</font>
<label>$INFO[Container($PARAM[id]).ListItem.Premiered]</label>
</control>
<control type="label">
<visible>String.IsEmpty(Container($PARAM[id]).ListItem.Premiered)</visible>
<posx>460</posx>
<posy>280</posy>
<width>550</width>
<height>30</height>
<align>right</align>
<font>playlistSubTitle</font>
<label>לא קיים מידע</label>
</control>
</control>
</control>
</control>


<control type="label">
<animation condition="!Integer.IsGreater(Container($PARAM[id]).NumItems,0)" effect="fade" start="0" end="100" time="1100" pulse="true">Conditional</animation>
<visible>!Integer.IsGreater(Container($PARAM[id]).NumItems,0)</visible>
<posx>0</posx>
<posy>500</posy>
<width>1920</width>
<height>50</height>
<align>center</align>
<font>font-30</font>
<label>טוען תוכן אנא המתן.....</label>
</control>


<control type="scrollbar" id="63">
<animation condition="Control.HasFocus(63)" effect="fade" start="0" end="100" time="250">Conditional</animation>
<animation condition="!Control.HasFocus(63)" effect="fade" start="100" end="0" time="250">Conditional</animation>
	  <onright>500</onright>
	  <onback>500</onback>
	  <posx>0</posx>
	  <posy>440</posy>
      <width>5</width>
      <height>240</height>
      <visible>true</visible>
      <texturesliderbackground colordiffuse="gray">white.png</texturesliderbackground>
      <texturesliderbar colordiffuse="burlywood">white.png</texturesliderbar>
      <texturesliderbarfocus colordiffuse="deepskyblue">white.png</texturesliderbarfocus>
      <textureslidernib colordiffuse="white">white.png</textureslidernib>
      <textureslidernibfocus coordiffuse="gray">white.png</textureslidernibfocus>
      <pulseonselect></pulseonselect>
      <orientation>vertical</orientation>
</control>

</definition>
</include>

</includes>
