<?xml version="1.0" encoding="UTF-8"?>




<includes>
 

<include name="widgetmoviesextras">
<definition>
	<control type="group">
		<animation effect="fade" time="450">VisibleChange</animation>
		<visible>Container(1256).HasFocus($PARAM[itemnumber])</visible>
		<control type="list" id="$PARAM[id]">
		<animation type="WindowClose">
		<effect type="slide" start="1415,0" end="1000,0" time="450" tween="sine" easing="inout"/>
		</animation>
			<posx>1415</posx>
			<posy>412</posy>
			<width>1200</width>
			<height>315</height>
			<onback>1256</onback>
			<onright>Action(info)</onright>
			<orientation>vertical</orientation>
			<itemlayout width="500" height="45">
			<control type="image">
			<posx>2</posx>
			<posy>2</posy>
			<width>500</width>
			<height>40</height>
			<texture colordiffuse="4a666666">white.png</texture>
			</control>
			<control type="label">
			<posx>0</posx>
			<posy>0</posy>
			<width>500</width>
			<height>40</height>
			<align>right</align>
			<label>$INFO[ListItem.Label]</label>
			</control>
			<control type="image">
			<posx>0</posx>
			<posy>0</posy>
			<width>503</width>
			<height>1</height>
			<texture colordiffuse="gray">white.png</texture>
			</control>
			</itemlayout>
			<focusedlayout width="500" height="45">
			<control type="image">
			<posx>2</posx>
			<posy>2</posy>
			<width>500</width>
			<height>40</height>
			<texture colordiffuse="4a666666">white.png</texture>
			</control>
			<control type="image">
			<visible>Control.HasFocus($PARAM[id])</visible>
			<animation effect="fade" start="0" end="100" time="350">Focus</animation>
			<posx>2</posx>
			<posy>2</posy>
			<width>500</width>
			<height>40</height>
			<texture diffuse="glass.jpg" colordiffuse="gray">white.png</texture>
			</control>
			<control type="label">
			<posx>0</posx>
			<posy>0</posy>
			<width>500</width>
			<height>40</height>
			<align>right</align>
			<label>$INFO[ListItem.Label]</label>
			</control>
			<control type="image">
			<posx>0</posx>
			<posy>0</posy>
			<width>503</width>
			<height>1</height>
			<texture colordiffuse="gray">white.png</texture>
			</control>
			</focusedlayout>
			<content sortby="$PARAM[sortby]" sortorder="$PARAM[sortorder]">$PARAM[content]</content>
		</control>
		
		<control type="multiimage">
		<animation type="WindowOpen">
		<effect type="slide" start="0,0" end="1000,0" time="450" tween="sine" easing="inout"/>
		</animation>
		<animation type="WindowClose">
		<effect type="slide" start="1000,0" end="0,0" time="450" tween="sine" easing="inout"/>
		</animation>
		<posx>-998</posx>
		<posy>365</posy>
		<width>505</width>
		<height>360</height>
		<fadetime>250</fadetime>
		<imagepath>$INFO[Container($PARAM[id]).ListItem.Art(fanart)]</imagepath>
		</control>
		
		<control type="group">
		<posy>-20</posy>
		<control type="label">
		<posx>550</posx>
		<posy>380</posy>
		<width>800</width>
		<height>50</height>
		<font>font-30</font>
		<align>center</align>
		<label>$INFO[Container($PARAM[id]).ListItem.Label]</label>
		</control>
		<control type="label">
		<posx>550</posx>
		<posy>440</posy>
		<width>800</width>
		<height>50</height>
		<align>center</align>
		<label>$INFO[Container($PARAM[id]).ListItem.Year]</label>
		</control>
		<control type="textbox">
		<autoscroll fade="3500" time="3500" repeat="3500"></autoscroll>
		<posx>550</posx>
		<posy>540</posy>
		<width>800</width>
		<height>140</height>
		<align>center</align>
		<label>$INFO[Container($PARAM[id]).ListItem.Plot]</label>
		</control>
		<control type="label">
		<posx>550</posx>
		<posy>710</posy>
		<width>800</width>
		<height>40</height>
		<align>center</align>
		<textcolor>gray</textcolor>
		<label>[I]$INFO[Container($PARAM[id]).ListItem.Genre][/I]</label>
		</control>
		</control>
		
	<control type="textbox">
	<animation condition="![Integer.IsGreater(Container($PARAM[id]).NumItems,0)]" effect="fade" start="0" end="100" time="1100" pulse="true">Conditional</animation>
	<visible>![Integer.IsGreater(Container($PARAM[id]).NumItems,0)]</visible>
	<visible>!player.hasmedia</visible>
	<posx>1500</posx>
	<posy>80</posy>
	<width>320</width>
	<height>250</height>
	<font>font-30</font>
	<align>center</align>
	<label>הוידג'ט נטען נא להמתין בסבלנות עד סוף הטעינה....</label>
	</control>
	<control type="textbox">
	<visible>Integer.IsGreater(Container($PARAM[id]).NumItems,0)</visible>
	<visible>!player.hasmedia</visible>
	<posx>1500</posx>
	<posy>50</posy>
	<width>320</width>
	<height>270</height>
	<font>font-30</font>
	<align>center</align>
	<label>הכל נטען בהצלחה אפשר להפעיל טריילר בלחיצה על חץ ימין</label>
	</control>
		</control>
		


		</definition>
		</include>



</includes>
