<?xml version="1.0" encoding="UTF-8"?>




<includes>

<include name="extramoviesdesign">
<definition>
<control type="group">
<animation condition="Control.HasFocus($PARAM[movieid])" effect="slide" start="$PARAM[startposxanim],$PARAM[startposyanim]" end="$PARAM[endposxanim],$PARAM[endposyanim]" time="450" tween="sine" easing="inout">Conditional</animation>
<animation condition="Control.HasFocus($PARAM[movieid])" effect="rotatey" start="-360" end="360" time="450" center="211">Conditional</animation>
<control type="image">
<posx>0</posx>
<posy>38</posy>
<width>340</width>
<height>405</height>
<bordertexture colordiffuse="gray">white.png</bordertexture>
<bordersize>4</bordersize>
<texture colordiffuse="black">white.png</texture>
</control>

<control type="image">
<posx>341</posx>
<posy>0</posy>
<width>50</width>
<height>443</height>
<texture colordiffuse="ff6b5441" diffuse="glass.jpg">white.png</texture>
</control>

<control type="list" id="$PARAM[movieid]">
<posx>10</posx>
<posy>45</posy>
<width>800</width>
<height>395</height>
<autoscroll fade="8000" time="8000" delay="8000" repeat="4000">Control.HasFocus($PARAM[itemid])</autoscroll>
<onback>$PARAM[menucontainernumber]</onback>
<onclick condition="Window.IsActive(8003) | Window.IsActive(8004)">Action(info)</onclick>
<orientation>vertical</orientation>
<itemlayout width="220" height="55">
<control type="group">
<visible>Control.HasFocus($PARAM[movieid])</visible>
<control type="image">
<posx>0</posx>
<posy>0</posy>
<width>320</width>
<height>45</height>
<texture colordiffuse="7a444444">white.png</texture>
</control>
<control type="label">
<posx>0</posx>
<posy>0</posy>
<width>320</width>
<height>45</height>
<align>right</align>
<font>smallfont-32</font>
<label>$INFO[ListItem.Label]</label>
</control>
</control>
</itemlayout>
<focusedlayout width="220" height="55">
<control type="group">
<visible>Control.HasFocus($PARAM[movieid])</visible>
<control type="image">
<posx>0</posx>
<posy>0</posy>
<width>320</width>
<height>45</height>
<texture colordiffuse="7a444444">white.png</texture>
</control>
<control type="image">
<visible>Control.HasFocus($PARAM[movieid])</visible>
<posx>0</posx>
<posy>0</posy>
<width>320</width>
<height>45</height>
<texture diffuse="glass.jpg" colordiffuse="ff6b5441">white.png</texture>
</control>
<control type="image">
<animation effect="fade" start="100" end="80" delay="150" time="150">Focus</animation>
<posx>0</posx>
<posy>0</posy>
<width>320</width>
<height>45</height>
<texture colordiffuse="7a444444">white.png</texture>
</control>
<control type="label">
<posx>0</posx>
<posy>0</posy>
<width>320</width>
<height>40</height>
<align>right</align>
<font>smallfont-32</font>
<label>$INFO[ListItem.Label]</label>
</control>
</control>
</focusedlayout>
<content sortby="$PARAM[sortby]" sortorder="$PARAM[sortorder]">$PARAM[moviecontent]</content>
</control>
<control type="image">
<visible>Control.HasFocus($PARAM[itemid])</visible>
<posx>$PARAM[focusposx]</posx>
<posy>$PARAM[focusposy]</posy>
<width>25</width>
<height>25</height>
<texture>special://skin/extras/circles/circle-white.png</texture>
</control>
</control>

<control type="group">
<description>when no focus</description>
<animation condition="Control.HasFocus($PARAM[movieid])" effect="slide" start="$PARAM[startposxanim],$PARAM[startposyanim]" end="$PARAM[endposxanim],$PARAM[endposyanim]" time="450" tween="sine" easing="inout">Conditional</animation>
<animation condition="Control.HasFocus($PARAM[movieid])" effect="rotatey" start="-360" end="360" time="450" center="211">Conditional</animation>
<animation condition="Control.HasFocus($PARAM[movieid])" effect="fade" start="100" end="0" time="450">Conditional</animation>
<control type="multiimage">
<posx>5</posx>
<posy>43</posy>
<width>330</width>
<height>395</height>
<fadetime>250</fadetime>
<imagepath>$INFO[Container($PARAM[movieid]).ListItem.Thumb]</imagepath>
</control>
</control>

<control type="group">
<visible>Control.HasFocus($PARAM[movieid])</visible>
<posx>$PARAM[infoposx]</posx>
<posy>$PARAM[infoposy]</posy>
<description>when focus</description>
<control type="multiimage">
<posx>400</posx>
<posy>0</posy>
<width>1520</width>
<height>720</height>
<fadetime>250</fadetime>
<imagepath diffuse="special://skin/extras/overlay/right_corner.png">$INFO[Container($PARAM[movieid]).ListItem.Art(fanart)]</imagepath>
</control>
<control type="label">
<posx>15</posx>
<posy>-10</posy>
<width>600</width>
<height>100</height>
<align>left</align>
<font>font-32</font>
<label>[B]$INFO[Container($PARAM[movieid]).ListItem.Label][/B]</label>
</control>

	<control type="group">
	<posx>5</posx>
	<posy>70</posy>
	<control type="image">
	<posx>0</posx>
	<posy>0</posy>
	<width>450</width>
	<height>100</height>
	<texture>$INFO[Container($PARAM[movieid]).ListItem.Art(clearlogo)]</texture>
	</control>
	<control type="image">
	<visible>IsEmpty(Container($PARAM[movieid]).ListItem.Art(clearlogo))</visible>
	<posx>0</posx>
	<posy>0</posy>
	<width>450</width>
	<height>100</height>
	<texture>$INFO[Container($PARAM[movieid]).ListItem.Art(clearart)]</texture>
	</control>
	</control>


<control type="textbox">
<autoscroll fade="3500" time="3500" delay="8000" repeat="4000">Control.IsVisible($PARAM[movieid])</autoscroll>
<posx>15</posx>
<posy>250</posy>
<width>600</width>
<height>170</height>
<align>left</align>
<font>font-16</font>
<label>[B]$INFO[Container($PARAM[movieid]).ListItem.Plot][/B]</label>
</control>

<control type="group">
<posy>35</posy>
<control type="image">
<visible>!String.IsEmpty(Container($PARAM[movieid]).ListItem.Genre)</visible>
<posx>15</posx>
<posy>405</posy>
<width>35</width>
<height>35</height>
<texture colordiffuse="white">special://skin/extras/genre.png</texture>
</control>
<control type="label">
<posx>55</posx>
<posy>400</posy>
<width>600</width>
<height>100</height>
<align>left</align>
<font>smallfont-32</font>
<textcolor>gray</textcolor>
<label>[I][B]$INFO[Container($PARAM[movieid]).ListItem.Genre][/B][/I]</label>
</control>
</control>

<control type="grouplist">
<posx>10</posx>
<posy>200</posy>
<width>600</width>
<height>250</height>
<orientation>Horizontal</orientation>
<control type="group">
<visible>!String.IsEmpty(Container($PARAM[movieid]).ListItem.Year)</visible>
<width>70</width>
<include content="extrainfopremwidgets">
<param name="extrainfoposx" value="0"/>
<param name="extrainfoposy" value="2"/>
<param name="extrainfowidth" value="80"/>
<param name="extrainfoheight" value="50"/>
<param name="extrainfofont" value="font-16"/>
<param name="extrainfolabel" value="[B]$INFO[Container($PARAM[movieid]).ListItem.Year][/B]"/>
</include>
</control>
<control type="group">
<visible>!String.IsEmpty(Container($PARAM[movieid]).ListItem.Rating)</visible>
<width>70</width>
<include content="extrainfopremwidgets">
<param name="extrainfoposx" value="0"/>
<param name="extrainfoposy" value="2"/>
<param name="extrainfowidth" value="80"/>
<param name="extrainfoheight" value="50"/>
<param name="extrainfofont" value="font-16"/>
<param name="extrainfolabel" value="[B]$INFO[Container($PARAM[movieid]).ListItem.Rating][/B]"/>
</include>
</control>
<control type="group">
<visible>!String.IsEmpty(Container($PARAM[movieid]).ListItem.Rating)</visible>
<width>120</width>
<include content="extrainfopremwidgets">
<param name="extrainfoposx" value="0"/>
<param name="extrainfoposy" value="2"/>
<param name="extrainfowidth" value="120"/>
<param name="extrainfoheight" value="30"/>
<param name="extraimageinfo" value="special://skin/extras/flags/stars/$INFO[Container($PARAM[movieid]).ListItem.Rating].png"/>
</include>
</control>
<control type="group">
<visible>!String.IsEmpty(Container($PARAM[movieid]).ListItem.Duration)</visible>
<width>70</width>
<include content="extrainfopremwidgets">
<param name="extrainfoposx" value="0"/>
<param name="extrainfoposy" value="2"/>
<param name="extrainfowidth" value="120"/>
<param name="extrainfoheight" value="50"/>
<param name="extrainfofont" value="font-16"/>
<param name="extrainfolabel" value="[B]$INFO[Container($PARAM[movieid]).ListItem.Duration] דקות[/B]"/>
</include>
</control>
<control type="group">
<visible>String.Contains(Container($PARAM[movieid]).ListItem.Label,1080) | String.Contains(Container($PARAM[movieid]).ListItem.Plot,1080)</visible>
<width>70</width>
<include content="extrainfopremwidgets">
<param name="extrainfoposx" value="0"/>
<param name="extrainfoposy" value="2"/>
<param name="extrainfowidth" value="80"/>
<param name="extrainfoheight" value="50"/>
<param name="extrainfofont" value="font-16"/>
<param name="extrainfolabel" value="[B]1080P[/B]"/>
</include>
</control>
<control type="group">
<visible>String.Contains(Container($PARAM[movieid]).ListItem.Label,720) | String.Contains(Container($PARAM[movieid]).ListItem.Plot,720)</visible>
<width>70</width>
<include content="extrainfopremwidgets">
<param name="extrainfoposx" value="0"/>
<param name="extrainfoposy" value="2"/>
<param name="extrainfowidth" value="80"/>
<param name="extrainfoheight" value="50"/>
<param name="extrainfofont" value="font-16"/>
<param name="extrainfolabel" value="[B]720P[/B]"/>
</include>
</control>
<control type="group">
<visible>String.Contains(Container($PARAM[movieid]).ListItem.Label,מדובב) | String.Contains(Container($PARAM[movieid]).ListItem.Plot,מדובב)</visible>
<width>70</width>
<include content="extrainfopremwidgets">
<param name="extrainfoposx" value="0"/>
<param name="extrainfoposy" value="0"/>
<param name="extrainfowidth" value="110"/>
<param name="extrainfoheight" value="50"/>
<param name="extrainfofont" value="font-16"/>
<param name="extrainfolabel" value="[B][COLOR deepskyblue]מדובב[/COLOR][/B]"/>
</include>
</control>
</control>

</control>



<control type="group">
<visible>Control.HasFocus($PARAM[itemid])</visible>
<posx>$PARAM[infoposx]</posx>
<posy>$PARAM[infoposy]</posy>
<description>when focus</description>
<control type="image">
<posx>0</posx>
<posy>450</posy>
<width>1918</width>
<height>172</height>
<bordertexture colordiffuse="$INFO[Skin.String(bordercolor)]">white.png</bordertexture>
<bordersize>1</bordersize>
<texture diffuse="glass.jpg" colordiffuse="ff6b5441">white.png</texture>
</control>
<control type="group">
<posy>-30</posy>
<control type="label">
<posx>0</posx>
<posy>480</posy>
<width>1920</width>
<height>100</height>
<align>center</align>
<font>font-32</font>
<label>[B]$INFO[Container($PARAM[movieid]).ListItem.Label][/B]</label>
</control>
<control type="label">
<posx>0</posx>
<posy>540</posy>
<width>1920</width>
<height>100</height>
<align>center</align>
<font>font-32</font>
<label>[B]$INFO[Container($PARAM[movieid]).ListItem.Year][/B]</label>
</control>
<control type="label">
<posx>0</posx>
<posy>605</posy>
<width>1920</width>
<height>100</height>
<align>center</align>
<font>smallfont-32</font>
<textcolor>gray</textcolor>
<label>[I][B]$INFO[Container($PARAM[movieid]).ListItem.Genre][/B][/I]</label>
</control>
</control>
</control>

</definition>
</include>


<include name="mainmenuwidgets">
<definition>
<control type="group">
<posx>$PARAM[buttonposx]</posx>
<posy>$PARAM[buttonposy]</posy>
<control type="image">
<posx>0</posx>
<posy>0</posy>
<width>340</width>
<height>35</height>
<bordertexture colordiffuse="gray">white.png</bordertexture>
<bordersize>2</bordersize>
<texture colordiffuse="ff6b5441">white.png</texture>
</control>
<control type="button" id="$PARAM[buttonid]">
<posx>0</posx>
<posy>5</posy>
<width>340</width>
<height>25</height>
<onright>$PARAM[buttonright]</onright>
<onleft>$PARAM[buttonleft]</onleft>
<onclick>Control.SetFocus($PARAM[buttononclick])</onclick>
<ondown>$PARAM[buttondown]</ondown>
<onup>$PARAM[buttononup]</onup>
<label>$PARAM[labelname]</label>
<align>center</align>
<textcolor>white</textcolor>
<focusedcolor>burlywood</focusedcolor>
<shadowcolor>black</shadowcolor>
<font>smallfont-32</font>
<texturefocus>-</texturefocus>
<texturenofocus>-</texturenofocus>
</control>
</control>
</definition>
</include>



<include name="extrainfopremwidgets">
<definition>
<animation effect="slide" start="-150,0" end="0,0" time="250" tween="sine" easing="inout">Visible</animation>
<animation effect="fade" start="100" end="0" time="250">Hidden</animation>
<control type="label">
<posx>$PARAM[extrainfoposx]</posx>
<posy>$PARAM[extrainfoposy]</posy>
<width>$PARAM[extrainfowidth]</width>
<height>$PARAM[extrainfoheight]</height>
<font>$PARAM[extrainfofont]</font>
<align>center</align>
<textcolor>white</textcolor>
<label>$PARAM[extrainfolabel]</label>
</control>
<control type="image">
<posx>$PARAM[extrainfoposx]</posx>
<posy>$PARAM[extrainfoposy]</posy>
<width>$PARAM[extrainfowidth]</width>
<height>$PARAM[extrainfoheight]</height>
<texture>$PARAM[extraimageinfo]</texture>
</control>
</definition>
</include>


</includes>
