<?xml version="1.0" encoding="UTF-8"?>




<includes>
 



	<include name="widget_content">
	<animation condition="$EXP[musicvisible]" effect="slide" start="0,0" end="0,-1500" time="500" tween="sine" easing="inout">Conditional</animation>
	<animation effect="fade" start="0" end="100" time="320">VisibleChange</animation>
		<orientation>Horizontal</orientation>
		<preloaditems>2</preloaditems>
		<posx>-40</posx>
		<posy>725</posy>
		<height>1000</height>
		<width>1970</width>
		<onback>9000</onback>
		<onup>9003</onup>
		<ondown>9000</ondown>
		<onclick>Action(info)</onclick>
		<focusposition>0</focusposition>
		<autoscroll time="6000">!Control.HasFocus(9002) + !Control.HasFocus(9101) + StringCompare(Container(9000).ListItem.Property(Background),widgetbackground)</autoscroll>		
		<animation effect="fade" start="100" end="0" time="0" condition="Container(9002).IsUpdating">Conditional</animation>
		<!-- <animation effect="slide" start="650" end="0" time="300" condition="!Container(9002).IsUpdating">Conditional</animation> -->
		<scrolltime tween="back" easing="out">500</scrolltime>
		<itemlayout  width="250" height="330">
			<control type="image">
			<posx>0</posx>
			<posy>0</posy>
			<width>300</width>
			<height>370</height>
			<texture>special://skin/extras/thumbs/boxes/back_webdl.png</texture>
			</control>
			<control type="image">
			<posx>45</posx>
			<posy>10</posy>
			<width>237</width>
			<height>340</height>
			<texture diffuse="special://skin/extras/diffuse/poster_diffuse.png" background="true">$VAR[PosterThumb]</texture>
			</control>
		</itemlayout>
		<focusedlayout width="250" height="330">
			<control type="image">
			<visible>Control.HasFocus(9002)</visible>
			<posx>0</posx>
			<posy>0</posy>
			<width>300</width>
			<height>360</height>
			<texture>special://skin/extras/thumbs/boxes/back_webdl.png</texture>
			</control>
			<control type="image">
			<visible>!Control.HasFocus(9002)</visible>	
			<posx>0</posx>
			<posy>0</posy>
			<width>300</width>
			<height>370</height>
			<texture>special://skin/extras/thumbs/boxes/back_webdl.png</texture>
			</control>
			<control type="image">
			<visible>Control.HasFocus(9002)</visible>
			<posx>45</posx>
			<posy>350</posy>
			<width>240</width>
			<height>10</height>
			<texture>white.png</texture>
			</control>
			<control type="image">
			<visible>Control.HasFocus(9002)</visible>
			<posx>45</posx>
			<posy>10</posy>
			<width>237</width>
			<height>330</height>
			<texture diffuse="special://skin/extras/diffuse/poster_diffuse.png" background="true">$VAR[PosterThumb]</texture>
			</control>
			<control type="image">
			<visible>!Control.HasFocus(9002)</visible>
			<posx>45</posx>
			<posy>10</posy>
			<width>237</width>
			<height>340</height>
			<texture diffuse="special://skin/extras/diffuse/poster_diffuse.png" background="true">$VAR[PosterThumb]</texture>
			</control>
		</focusedlayout>
	</include>


	<include name="widget_content_second">
	<animation condition="$EXP[musicvisible]" effect="slide" start="0,0" end="0,-1500" time="500" tween="sine" easing="inout">Conditional</animation>
	<animation effect="fade" start="0" end="100" time="320">VisibleChange</animation>
		<orientation>Horizontal</orientation>
		<preloaditems>2</preloaditems>
		<posx>-40</posx>
		<posy>725</posy>
		<height>1000</height>
		<width>1970</width>
		<onback>9000</onback>
		<onup>9003</onup>
		<ondown>9000</ondown>
		<focusposition>0</focusposition>
		<autoscroll time="6000">!Control.HasFocus(9002) + !Control.HasFocus(9101) + StringCompare(Container(9000).ListItem.Property(Background),widgetbackground)</autoscroll>		
		<animation effect="fade" start="100" end="0" time="0" condition="Container(9002).IsUpdating">Conditional</animation>
		<!-- <animation effect="slide" start="650" end="0" time="300" condition="!Container(9002).IsUpdating">Conditional</animation> -->
		<scrolltime tween="back" easing="out">500</scrolltime>
		<itemlayout  width="250" height="330">
			<control type="image">
			<posx>0</posx>
			<posy>0</posy>
			<width>300</width>
			<height>370</height>
			<texture>special://skin/extras/thumbs/boxes/back_webdl.png</texture>
			</control>
			<control type="image">
			<posx>45</posx>
			<posy>10</posy>
			<width>237</width>
			<height>340</height>
			<texture diffuse="special://skin/extras/diffuse/poster_diffuse.png" background="true">$VAR[PosterThumb]</texture>
			</control>
		</itemlayout>
		<focusedlayout width="250" height="330">
			<control type="image">
			<visible>Control.HasFocus(9003)</visible>
			<posx>0</posx>
			<posy>0</posy>
			<width>300</width>
			<height>360</height>
			<texture>special://skin/extras/thumbs/boxes/back_webdl.png</texture>
			</control>
			<control type="image">
			<visible>!Control.HasFocus(9003)</visible>	
			<posx>0</posx>
			<posy>0</posy>
			<width>300</width>
			<height>370</height>
			<texture>special://skin/extras/thumbs/boxes/back_webdl.png</texture>
			</control>
			<control type="image">
			<visible>Control.HasFocus(9003)</visible>
			<posx>45</posx>
			<posy>350</posy>
			<width>240</width>
			<height>10</height>
			<texture>white.png</texture>
			</control>
			<control type="image">
			<visible>Control.HasFocus(9003)</visible>
			<posx>45</posx>
			<posy>10</posy>
			<width>237</width>
			<height>330</height>
			<texture diffuse="special://skin/extras/diffuse/poster_diffuse.png" background="true">$VAR[PosterThumb]</texture>
			</control>
			<control type="image">
			<visible>!Control.HasFocus(9003)</visible>
			<posx>45</posx>
			<posy>10</posy>
			<width>237</width>
			<height>340</height>
			<texture diffuse="special://skin/extras/diffuse/poster_diffuse.png" background="true">$VAR[PosterThumb]</texture>
			</control>
		</focusedlayout>
	</include>

	<include name="widget_content_theard">
	<animation condition="$EXP[musicvisible]" effect="slide" start="0,0" end="0,-1500" time="500" tween="sine" easing="inout">Conditional</animation>
	<animation effect="fade" start="0" end="100" time="320">VisibleChange</animation>
		<orientation>Horizontal</orientation>
		<preloaditems>2</preloaditems>
		<posx>-40</posx>
		<posy>725</posy>
		<height>1000</height>
		<width>1970</width>
		<onback>9000</onback>
		<onup>9003</onup>
		<ondown>9000</ondown>
		<focusposition>0</focusposition>
		<autoscroll time="6000">!Control.HasFocus(9002) + !Control.HasFocus(9101) + StringCompare(Container(9000).ListItem.Property(Background),widgetbackground)</autoscroll>		
		<animation effect="fade" start="100" end="0" time="0" condition="Container(9002).IsUpdating">Conditional</animation>
		<!-- <animation effect="slide" start="650" end="0" time="300" condition="!Container(9002).IsUpdating">Conditional</animation> -->
		<scrolltime tween="back" easing="out">500</scrolltime>
		<itemlayout  width="250" height="330">
			<control type="image">
			<posx>0</posx>
			<posy>0</posy>
			<width>300</width>
			<height>370</height>
			<texture>special://skin/extras/thumbs/boxes/back_webdl.png</texture>
			</control>
			<control type="image">
			<posx>45</posx>
			<posy>10</posy>
			<width>237</width>
			<height>340</height>
			<texture diffuse="special://skin/extras/diffuse/poster_diffuse.png" background="true">$VAR[PosterThumb]</texture>
			</control>
		</itemlayout>
		<focusedlayout width="250" height="330">
			<control type="image">
			<visible>Control.HasFocus(9104)</visible>
			<posx>0</posx>
			<posy>0</posy>
			<width>300</width>
			<height>360</height>
			<texture>special://skin/extras/thumbs/boxes/back_webdl.png</texture>
			</control>
			<control type="image">
			<visible>!Control.HasFocus(9104)</visible>	
			<posx>0</posx>
			<posy>0</posy>
			<width>300</width>
			<height>370</height>
			<texture>special://skin/extras/thumbs/boxes/back_webdl.png</texture>
			</control>
			<control type="image">
			<visible>Control.HasFocus(9104)</visible>
			<posx>45</posx>
			<posy>350</posy>
			<width>240</width>
			<height>10</height>
			<texture>white.png</texture>
			</control>
			<control type="image">
			<visible>Control.HasFocus(9104)</visible>
			<posx>45</posx>
			<posy>10</posy>
			<width>237</width>
			<height>330</height>
			<texture diffuse="special://skin/extras/diffuse/poster_diffuse.png" background="true">$VAR[PosterThumb]</texture>
			</control>
			<control type="image">
			<visible>!Control.HasFocus(9002)</visible>
			<posx>45</posx>
			<posy>10</posy>
			<width>237</width>
			<height>340</height>
			<texture diffuse="special://skin/extras/diffuse/poster_diffuse.png" background="true">$VAR[PosterThumb]</texture>
			</control>
		</focusedlayout>
	</include>
</includes>
