<?xml version="1.0" encoding="UTF-8"?>




<includes>
 



	<include name="widget_content">
	<animation condition="Control.HasFocus(60002) | Control.HasFocus(60003) | Control.HasFocus(60004) | Control.HasFocus(60005)" effect="slide" start="0,0" end="0,50" time="250" tween="sine" easing="inout">Conditional</animation>
	<animation condition="$EXP[musicvisible]" effect="slide" start="0,0" end="0,-1500" time="500" tween="sine" easing="inout">Conditional</animation>
	<animation effect="fade" start="0" end="100" time="320">VisibleChange</animation>
		<orientation>Horizontal</orientation>
		<posx>-40</posx>
		<posy>100</posy>
		<height>1000</height>
		<width>1950</width>
		<onback>9000</onback>
		<onup>9003</onup>
		<ondown>9000</ondown>
		<onclick>Action(info)</onclick>
		<focusposition>0</focusposition>
		<autoscroll time="6000">!Control.HasFocus(9002) + !Control.HasFocus(9101) + StringCompare(Container(9000).ListItem.Property(Background),widgetbackground)</autoscroll>		
		<animation effect="fade" start="100" end="0" time="0" condition="Container(9002).IsUpdating">Conditional</animation>
		<!-- <animation effect="slide" start="650" end="0" time="300" condition="!Container(9002).IsUpdating">Conditional</animation> -->
		<scrolltime tween="back" easing="out">500</scrolltime>
		<itemlayout  width="220" height="330">
			<control type="image">
			<posx>48</posx>
			<posy>10</posy>
			<width>200</width>
			<height>200</height>
			<bordertexture diffuse="special://skin/extras/circles/circle-white.png">white.png</bordertexture>
			<bordersize>3</bordersize>
			<texture diffuse="special://skin/extras/circles/circle-white.png" background="true">$VAR[PosterThumb]</texture>
			</control>
		</itemlayout>
		<focusedlayout width="220" height="330">
			<control type="image">
			<visible>!Control.HasFocus(9002)</visible>
			<posx>48</posx>
			<posy>10</posy>
			<width>200</width>
			<height>200</height>
			<bordertexture diffuse="special://skin/extras/circles/circle-white.png">white.png</bordertexture>
			<bordersize>3</bordersize>
			<texture diffuse="special://skin/extras/circles/circle-white.png" background="true">$VAR[PosterThumb]</texture>
			</control>
			<control type="image">
			<visible>Control.HasFocus(9002)</visible>
			<posx>48</posx>
			<posy>10</posy>
			<width>200</width>
			<height>200</height>
			<bordertexture diffuse="special://skin/extras/circles/circle-white.png" colordiffuse="deepskyblue">white.png</bordertexture>
			<bordersize>6</bordersize>
			<texture diffuse="special://skin/extras/circles/circle-white.png" background="true">$VAR[PosterThumb]</texture>
			</control>
			
		</focusedlayout>
	</include>


	<include name="widget_content_second">
	<animation condition="Control.HasFocus(60002) | Control.HasFocus(60003) | Control.HasFocus(60004) | Control.HasFocus(60005)" effect="slide" start="0,0" end="0,50" time="250" tween="sine" easing="inout">Conditional</animation>
	<animation condition="$EXP[musicvisible]" effect="slide" start="0,0" end="0,-1500" time="500" tween="sine" easing="inout">Conditional</animation>
	<animation effect="fade" start="0" end="100" time="320">VisibleChange</animation>
		<orientation>Horizontal</orientation>
		<posx>-40</posx>
		<posy>100</posy>
		<height>1000</height>
		<width>1950</width>
		<onback>9000</onback>
		<onup>9003</onup>
		<ondown>9000</ondown>
		<focusposition>0</focusposition>
		<autoscroll time="6000">!Control.HasFocus(9002) + !Control.HasFocus(9101) + StringCompare(Container(9000).ListItem.Property(Background),widgetbackground)</autoscroll>		
		<animation effect="fade" start="100" end="0" time="0" condition="Container(9002).IsUpdating">Conditional</animation>
		<!-- <animation effect="slide" start="650" end="0" time="300" condition="!Container(9002).IsUpdating">Conditional</animation> -->
		<scrolltime tween="back" easing="out">500</scrolltime>
		<itemlayout  width="220" height="330">
			<control type="image">
			<posx>48</posx>
			<posy>10</posy>
			<width>200</width>
			<height>200</height>
			<bordertexture diffuse="special://skin/extras/circles/circle-white.png">white.png</bordertexture>
			<bordersize>3</bordersize>
			<texture diffuse="special://skin/extras/circles/circle-white.png" background="true">$VAR[PosterThumb]</texture>
			</control>
		</itemlayout>
		<focusedlayout width="220" height="330">
			<control type="image">
			<visible>!Control.HasFocus(9003)</visible>
			<posx>48</posx>
			<posy>10</posy>
			<width>200</width>
			<height>200</height>
			<bordertexture diffuse="special://skin/extras/circles/circle-white.png">white.png</bordertexture>
			<bordersize>3</bordersize>
			<texture diffuse="special://skin/extras/circles/circle-white.png" background="true">$VAR[PosterThumb]</texture>
			</control>
			<control type="image">
			<visible>Control.HasFocus(9003)</visible>
			<posx>48</posx>
			<posy>10</posy>
			<width>200</width>
			<height>200</height>
			<bordertexture diffuse="special://skin/extras/circles/circle-white.png" colordiffuse="deepskyblue">white.png</bordertexture>
			<bordersize>6</bordersize>
			<texture diffuse="special://skin/extras/circles/circle-white.png" background="true">$VAR[PosterThumb]</texture>
			</control>
		</focusedlayout>
	</include>

	<include name="widget_content_theard">
	<animation condition="Control.HasFocus(60002) | Control.HasFocus(60003) | Control.HasFocus(60004) | Control.HasFocus(60005)" effect="slide" start="0,0" end="0,50" time="250" tween="sine" easing="inout">Conditional</animation>
	<animation condition="$EXP[musicvisible]" effect="slide" start="0,0" end="0,-1500" time="500" tween="sine" easing="inout">Conditional</animation>
	<animation effect="fade" start="0" end="100" time="320">VisibleChange</animation>
		<orientation>Horizontal</orientation>
		<posx>-40</posx>
		<posy>100</posy>
		<height>1000</height>
		<width>1950</width>
		<onback>9000</onback>
		<onup>9003</onup>
		<ondown>9000</ondown>
		<focusposition>0</focusposition>
		<autoscroll time="6000">!Control.HasFocus(9002) + !Control.HasFocus(9101) + StringCompare(Container(9000).ListItem.Property(Background),widgetbackground)</autoscroll>		
		<animation effect="fade" start="100" end="0" time="0" condition="Container(9002).IsUpdating">Conditional</animation>
		<!-- <animation effect="slide" start="650" end="0" time="300" condition="!Container(9002).IsUpdating">Conditional</animation> -->
		<scrolltime tween="back" easing="out">500</scrolltime>
		<itemlayout  width="220" height="330">
			<control type="image">
			<posx>48</posx>
			<posy>10</posy>
			<width>200</width>
			<height>200</height>
			<bordertexture diffuse="special://skin/extras/circles/circle-white.png">white.png</bordertexture>
			<bordersize>3</bordersize>
			<texture diffuse="special://skin/extras/circles/circle-white.png" background="true">$VAR[PosterThumb]</texture>
			</control>
		</itemlayout>
		<focusedlayout width="220" height="330">
			<control type="image">
			<visible>!Control.HasFocus(9104)</visible>
			<posx>48</posx>
			<posy>10</posy>
			<width>200</width>
			<height>200</height>
			<bordertexture diffuse="special://skin/extras/circles/circle-white.png">white.png</bordertexture>
			<bordersize>3</bordersize>
			<texture diffuse="special://skin/extras/circles/circle-white.png" background="true">$VAR[PosterThumb]</texture>
			</control>
			<control type="image">
			<visible>Control.HasFocus(9104)</visible>
			<posx>48</posx>
			<posy>10</posy>
			<width>200</width>
			<height>200</height>
			<bordertexture diffuse="special://skin/extras/circles/circle-white.png" colordiffuse="deepskyblue">white.png</bordertexture>
			<bordersize>6</bordersize>
			<texture diffuse="special://skin/extras/circles/circle-white.png" background="true">$VAR[PosterThumb]</texture>
			</control>
		</focusedlayout>
	</include>
</includes>
