<?xml version="1.0" encoding="UTF-8"?>



<includes>

<include name="windowwidgets">
<definition>



<control type="group">
<posx>-1000</posx>
<animation type="WindowOpen">
<effect type="fade" time="550"/>
<effect type="slide" start="0,0" end="1000,0" time="550" tween="sine" easing="inout"/>
</animation>
<animation type="WindowClose">
<effect type="fade" time="550"/>
<effect type="slide" start="1000,0" end="0,0" time="550" tween="sine" easing="inout"/>
</animation>

<control type="label">
<animation condition="!Integer.IsGreater(Container($PARAM[widgetid]).NumItems,0)" effect="fade" start="0" end="100" time="1150" pulse="true">Conditional</animation>
<visible>!Integer.IsGreater(Container($PARAM[widgetid]).NumItems,0)</visible>
<posx>40</posx>
<posy>400</posy>
<width>1000</width>
<height>100</height>
<label>[B]טוען תוכן זה יקח מספר שניות אנא המתן...[/B]</label>
</control>

<control type="wraplist" id="$PARAM[widgetid]">
<posx>15</posx>
<posy>80</posy>
<width>1500</width>
<height>1000</height>
<onclick condition="Window.IsActive(6014) | Window.IsActive(6016) | Window.IsActive(6022) | Window.IsActive(6023)">Action(info)</onclick>
<onright>Dialog.Close($PARAM[windownumber])</onright>
<preloaditems>2</preloaditems>
<focusposition>2</focusposition>
<scrolltime tween="sine" easing="inout">450</scrolltime>
<itemlayout width="380" height="230">
<control type="image">
<animation condition="Control.HasFocus($PARAM[widgetid]) | Control.HasFocus(500) | Window.IsActive(DialogVideoInfo.xml)" effect="zoom" center="auto" start="100,100" end="85,85" time="450">Conditional</animation>
<animation condition="Control.HasFocus($PARAM[widgetid]) | Control.HasFocus(500) | Window.IsActive(DialogVideoInfo.xml)" effect="fade" start="100" end="85" time="450">Conditional</animation>
<animation condition="Control.HasFocus($PARAM[widgetid]) | Control.HasFocus(500) | Window.IsActive(DialogVideoInfo.xml)" effect="rotatex" start="0" end="-10" time="450">Conditional</animation>
<posx>0</posx>
<posy>0</posy>
<width>355</width>
<height>220</height>
<texture>$INFO[ListItem.Thumb]</texture>
</control>
<control type="image">
<animation condition="Control.HasFocus($PARAM[widgetid]) | Control.HasFocus(500) | Window.IsActive(DialogVideoInfo.xml)" effect="zoom" center="auto" start="100,100" end="85,85" time="450">Conditional</animation>
<animation condition="Control.HasFocus($PARAM[widgetid]) | Control.HasFocus(500) | Window.IsActive(DialogVideoInfo.xml)" effect="fade" start="100" end="85" time="450">Conditional</animation>
<animation condition="Control.HasFocus($PARAM[widgetid]) | Control.HasFocus(500) | Window.IsActive(DialogVideoInfo.xml)" effect="rotatex" start="0" end="-10" time="450">Conditional</animation>
<posx>0</posx>
<posy>0</posy>
<width>355</width>
<height>220</height>
<texture>$INFO[ListItem.Art(fanart)]</texture>
</control>

</itemlayout>
<focusedlayout width="380" height="230">
</focusedlayout>
<content sortby="$PARAM[sortby]" sortorder="$PARAM[sortorder]">$PARAM[widgetcontent]</content>
</control>




<control type="group">
<visible>!Player.HasVideo</visible>
<animation effect="zoom" center="auto" start="100,100" end="110,110" time="450">Focus</animation>
<control type="image">
<posx>0</posx>
<posy>525</posy>
<width>850</width>
<height>250</height>
<texture colordiffuse="black">white.png</texture>
</control>
<control type="multiimage">
<posx>485</posx>
<posy>540</posy>
<width>355</width>
<height>220</height>
<bordertexture colordiffuse="white">white.png</bordertexture>
<bordersize>2</bordersize>
<fadetime>450</fadetime>
<imagepath background="true">$INFO[Container($PARAM[widgetid]).ListItem.Thumb]</imagepath>
</control>
<control type="multiimage">
<posx>485</posx>
<posy>540</posy>
<width>355</width>
<height>220</height>
<bordertexture colordiffuse="white">/white.png</bordertexture>
<bordersize>2</bordersize>
<fadetime>450</fadetime>
<imagepath background="true">$INFO[Container($PARAM[widgetid]).ListItem.Art(fanart)]</imagepath>
</control>

<control type="image">
<posx>485</posx>
<posy>690</posy>
<width>355</width>
<height>70</height>
<texture>/black.png</texture>
<colordiffuse>77000000</colordiffuse>
</control>
<control type="textbox">
<posx>485</posx>
<posy>690</posy>
<width>350</width>
<height>60</height>
<align>right</align>
<font>itemSubTitle</font>
<label>$INFO[Container($PARAM[widgetid]).ListItem.Label]</label>
</control>
</control>


<control type="group">
<visible>Player.HasVideo</visible>
<posy>-300</posy>
<posx>0</posx>
<control type="image">
<posx>0</posx>
<posy>825</posy>
<width>850</width>
<height>250</height>
<texture colordiffuse="black">white.png</texture>
</control>
<control type="group">
<animation condition="Window.IsActive(movieinformation)" effect="slide" start="0,0" end="0,-100" time="550" tween="sine" easing="inout">Conditional</animation>
<control type="image">
<posx>478</posx>
<posy>525</posy>
<width>370</width>
<height>250</height>
<texture colordiffuse="black">white.png</texture>
</control>
<control type="multiimage">
<posx>485</posx>
<posy>540</posy>
<width>355</width>
<height>220</height>
<bordertexture colordiffuse="white">white.png</bordertexture>
<bordersize>2</bordersize>
<fadetime>450</fadetime>
<imagepath background="true">$INFO[Container($PARAM[widgetid]).ListItem.Thumb]</imagepath>
</control>
<control type="multiimage">
<posx>485</posx>
<posy>540</posy>
<width>355</width>
<height>220</height>
<bordertexture colordiffuse="white">white.png</bordertexture>
<bordersize>2</bordersize>
<fadetime>450</fadetime>
<imagepath background="true">$INFO[Container($PARAM[widgetid]).ListItem.Art(fanart)]</imagepath>
</control>

<control type="image">
<posx>485</posx>
<posy>690</posy>
<width>355</width>
<height>70</height>
<texture>black.png</texture>
<colordiffuse>77000000</colordiffuse>
</control>
<control type="textbox">
<posx>485</posx>
<posy>690</posy>
<width>350</width>
<height>60</height>
<align>right</align>
<font>itemSubTitle</font>
<label>$INFO[Container($PARAM[widgetid]).ListItem.Label]</label>
</control>
</control>
</control>

<control type="group">
<posx>-40</posx>
<control type="textbox">
<posx>150</posx>
<posy>530</posy>
<width>320</width>
<height>120</height>
<align>right</align>
<font>smallMedium</font>
<scroll>true</scroll>
<label>$INFO[Container($PARAM[widgetid]).ListItem.Year][CR][I]$INFO[Container($PARAM[widgetid]).ListItem.Genre][/I]</label>
</control>
<control type="textbox">
<autoscroll fade="3000" time="3000" repeat="3000"></autoscroll>
<posx>70</posx>
<posy>645</posy>
<width>400</width>
<height>120</height>
<align>right</align>
<font>smallMedium</font>
<textcolor>gray</textcolor>
<label>$INFO[Container($PARAM[widgetid]).ListItem.Plot]</label>
</control>
</control>


<control type="image">
<animation condition="Control.HasFocus($PARAM[widgetid])" effect="fade" start="100" end="65" time="1250" pulse="true">Conditional</animation>
<posx>20</posx>
<posy>530</posy>
<width>65</width>
<height>65</height>
<texture colordiffuse="gray">special://skin/extras/test/playbutton.png</texture>
</control>
</control>
</definition>
</include>



</includes>
