<?xml version="1.0" encoding="UTF-8"?>



<includes>


<include name="playeddesign2">
        <control type="group">
            <posx>1236</posx>
            <posy>0</posy>
            <animation type="Windowopen">
				<effect type="fade" start="0" end="100" time="400"/>
                <effect type="slide" start="800" end="0" tween="cubic" easing="out" time="500"/>
            </animation>
            <animation type="windowClose">
				<effect type="fade" start="100" end="0" time="1000"/>
                <effect type="slide" start="0" end="800" tween="cubic" easing="in" time="500"/>
            </animation>
            <!--fade out if audio / video menu active-->
            <animation type="Conditional" condition="Window.IsActive(osdsubtitlesettings) | Window.IsActive(seekbar) | Window.IsActive(osdvideosettings) | Window.IsActive(osdaudiosettings) | window.isactive(PVROSDChannels) | window.isactive(subtitlesearch)">
                <effect type="fade" start="100" end="0" time="350"/>
                <effect type="slide" start="0" end="900" tween="cubic" easing="in" time="500"/>
            </animation>
            <!--overlay-->
            <control type="image">
                <posx>0</posx>
                <posy>0</posy>
                <width>12-col</width>
                <height>fullscreenHeight</height>
                <texture>black.png</texture>
                <colordiffuse>cc111111</colordiffuse>
                <aspectratio>stretch</aspectratio>
            </control>
            <control type="group">
                <posx>36</posx>
                <posy>row-1-begin</posy>
                <control type="grouplist">
					<posx>0</posx>
                    <posy>80</posy>
					<orientation>vertical</orientation>
					<itemgap>52</itemgap>
					<control type="label">
	                    <width>8-col</width>
	                    <align>left</align>
	                    <height>1-row</height>
	                    <font>itemTitle</font>
	                    <textcolor>fff0f0f0</textcolor>
	                    <label>$INFO[videoplayer.TVShowTitle]$INFO[VideoPlayer.ChannelName]</label>
	                </control>
					<control type="label">
	                    <width>8-col</width>
	                    <align>left</align>
	                    <height>3-row</height>
	                    <align>left</align>
	                    <font>font-30</font>
	                    <textcolor>fff0f0f0</textcolor>
						<wrapmultiline>true</wrapmultiline>
	                    <label>$INFO[videoplayer.title] $INFO[videoplayer.Year,(,)]</label>
	                </control>
				</control>
				<!--player position-->
				<control type="group">
					<posx>0</posx>
                    <posy>6-row</posy>
					<control type="label">
						<visible>!Pvr.IsPlayingTv</visible>
                        <posx>0</posx>
                        <posy>32</posy>
                        <width>6-col</width>
                        <font>font-16</font>
                        <textcolor>fff0f0f0</textcolor>
                        <label fallback="13205">[B]$INFO[player.timeremaining][/B]</label>
                        <shadowcolor></shadowcolor>
                    </control>

					<control type="label">
						<visible>!Pvr.IsPlayingTv</visible>
                        <posx>3-col-gutter</posx>
                        <posy>0</posy>
                        <width>2-col</width>
                        <font>font-16</font>
                        <textcolor>ff34495e</textcolor>
                        <label>[B]$LOCALIZE[31245][/B]</label>
                        <shadowcolor></shadowcolor>
                    </control>
					<control type="label">
						<visible>!Pvr.IsPlayingTv</visible>
                        <posx>2-col-gutter</posx>
                        <posy>32</posy>
                        <width>6-col</width>
                        <font>font-16</font>
                        <textcolor>fff0f0f0</textcolor>
                        <label fallback="13205">[B]$INFO[VideoPlayer.FinishTime][/B]</label>
                        <shadowcolor></shadowcolor>
                    </control>

					<control type="label">
						<visible>Pvr.IsPlayingTv</visible>
                        <posx>0</posx>
                        <posy>0</posy>
                        <width>2-col</width>
                        <font>itemSubTitle</font>
                        <textcolor>ff34495e</textcolor>
                        <label>[B]$LOCALIZE[31160][/B]</label>
                        <shadowcolor></shadowcolor>
                    </control>
					<control type="label">
						<visible>Pvr.IsPlayingTv</visible>
                        <posx>0</posx>
                        <posy>32</posy>
                        <width>6-col</width>
                        <font>font-16</font>
                        <textcolor>fff0f0f0</textcolor>
                        <label fallback="13205">$INFO[VideoPlayer.EndTime]</label>
                        <shadowcolor></shadowcolor>
                    </control>

					<control type="label">
						<visible>Pvr.IsPlayingTv</visible>
                        <posx>3-col-gutter</posx>
                        <posy>0</posy>
                        <width>2-col</width>
                        <font>font-16</font>
                        <textcolor>ff34495e</textcolor>
                        <label>[B]$LOCALIZE[19031][/B]</label>
                        <shadowcolor></shadowcolor>
                    </control>
					<control type="label">
						<visible>Pvr.IsPlayingTv</visible>
                        <posx>3-col-gutter</posx>
                        <posy>32</posy>
                        <width>6-col</width>
                        <font>itemTitle</font>
                        <textcolor>fff0f0f0</textcolor>
                        <label fallback="13205">$INFO[VideoPlayer.NextTitle]</label>
                        <shadowcolor></shadowcolor>
                    </control>
				</control>
                <!--synopsis-->
                <control type="textbox">
				<autoscroll fade="3000" time="3000" delay="8000" repeat="4000"></autoscroll>
                    <posx>0</posx>
                    <posy>400</posy>
                    <font>textbox</font>
                    <width>612</width>
                    <align>left</align>
					<height>145</height>
                    <textcolor>fff0f0f0</textcolor>
                    <label fallback="31205">$INFO[videoplayer.plot]</label>
                    <autoscroll>false</autoscroll>
                    <shadowcolor></shadowcolor>
                    <pagecontrol>61</pagecontrol>
                </control>
                <control type="scrollbar" id="61">
                    <posx>12r</posx>
                    <posy>9-row</posy>
                    <height>7-row</height>
                    <ondown>8001</ondown>
                </control>
            </control>
            <!--player controls-->
            <control type="panel" id="8001">
                <posx>146</posx>
                <posy>680</posy>
                <width>10-col</width>
                <height>2-row</height>
                <itemgap>0</itemgap>
                <ondown>Control.SetFocus(8002,0)</ondown>
                <onup>Control.SetFocus(61)</onup>
                <orientation>horizontal</orientation>
                <itemlayout width="92" height="2-row">
					<control type="image">
                        <posx>0</posx>
                        <posy>0</posy>
                        <width>25</width>
                        <height>25</height>
                        <aspectratio>stretch</aspectratio>
                        <texture>$INFO[ListItem.Thumb]</texture>
                        
                    </control>

                </itemlayout>
                <focusedlayout width="92" height="2-row">
					<control type="image">
					<visible>!control.hasfocus(8001)</visible>
                        <posx>0</posx>
                        <posy>0</posy>
                        <width>25</width>
                        <height>25</height>
                        <aspectratio>stretch</aspectratio>
                        <texture>$INFO[ListItem.Thumb]</texture>
                    </control>
					<control type="image">
					<visible>control.hasfocus(8001)</visible>
                        <posx>0</posx>
                        <posy>0</posy>
                        <width>25</width>
                        <height>25</height>
                        <aspectratio>stretch</aspectratio>
                        <texture colordiffuse="burlywood">$INFO[ListItem.Thumb]</texture>
                    </control>
                </focusedlayout>
                <content>
                    <item>
                        <description>Previous</description>
                        <label2>אחורה</label2>
                        <thumb>special://skin/extras/osd/previous.png</thumb>
                        <onclick>PlayerControl(previous)</onclick>
                    </item>
                    <item>
                        <description>Rewind</description>
                        <label2>קדימה</label2>
                        <thumb>special://skin/extras/osd/rewind.png</thumb>
                        <onclick>PlayerControl(rewind)</onclick>
                    </item>
                    <item>
                        <description>Stop</description>
                        <label2>עצור</label2>
                        <thumb>special://skin/extras/osd/stop.png</thumb>
                        <onclick>PlayerControl(stop)</onclick>
                    </item>
                    <item>
                        <visible>Player.Playing | player.forwarding | player.rewinding</visible>
                        <description>Play/Pause</description>
                        <label2></label2>
                        <thumb>special://skin/extras/osd/pause.png</thumb>
                        <onclick>PlayerControl(play)</onclick>
                    </item>
                    <item>
                        <visible>Player.Paused</visible>
                        <description>Pause</description>
                        <label2></label2>
                        <thumb>special://skin/extras/osd/play.png</thumb>
						<onclick>action(back)</onclick>
                        <onclick>PlayerControl(play)</onclick>
                    </item>
                    <item>
                        <description>Fast forward</description>
                        <label2></label2>
                        <thumb>special://skin/extras/osd/forward.png</thumb>
                        <onclick>PlayerControl(forward)</onclick>
                    </item>
                    <item>
                        <description>Next Chapter</description>
                        <label2></label2>
                        <thumb></thumb>
                        <onclick>PlayerControl(next)</onclick>
                    </item>
                    <item>
                        <visible>PVR.CanRecordPlayingChannel</visible>
                        <label2></label2>
                        <thumb></thumb>
                        <onclick>PVR.ToggleRecordPlayingChannel</onclick>
                    </item>
                </content>
            </control>
            <!--menu items-->
            <control type="panel" id="8002">
                <posx>24</posx>
                <posy>row-23-begin</posy>
                <width>9-col</width>
                <height>12-row</height>
                <itemgap>0</itemgap>
                <onup>8001</onup>
                <itemlayout width="324" height="2-row">

                    <control type="label">
                        <posx>1-col-indent</posx>
                        <posy>0</posy>
                        <width>224</width>
                        <height>2-row</height>
                        <aligny>center</aligny>
                        <font>itemSubTitle</font>
                        <textcolor>fff0f0f0</textcolor>
                        <label>$INFO[ListItem.label]</label>
                    </control>
					<control type="image">
                        <posx>10</posx>
                        <posy>10</posy>
                        <width>45</width>
                        <height>45</height>
                        <aspectratio>stretch</aspectratio>
                        <texture>$INFO[ListItem.Thumb]</texture>
                    </control>
                </itemlayout>
                <focusedlayout width="324" height="2-row">
                    <control type="image">
                        <posx>0</posx>
                        <posy>0</posy>
                        <width>1-col</width>
                        <height>2-row</height>
                        <aspectratio>stretch</aspectratio>
                        <texture>white.png</texture>
                        <colordiffuse>ff34495e</colordiffuse>
                    </control>
                    <control type="image">
                        <posx>1-col</posx>
                        <posy>0</posy>
                        <width>240</width>
                        <height>2-row</height>
                        <aspectratio>stretch</aspectratio>
                        <texture>white.png</texture>
                        <colordiffuse>eeffffff</colordiffuse>
                    </control>
                    <control type="label">
                        <posx>1-col-indent</posx>
                        <posy>0</posy>
                        <width>224</width>
                        <height>2-row</height>
                        <aligny>center</aligny>
                        <font>itemSubTitle</font>
                        <textcolor>black</textcolor>
                        <label>$INFO[ListItem.label]</label>
                    </control>
					<control type="image">
                        <posx>10</posx>
                        <posy>10</posy>
                        <width>45</width>
                        <height>45</height>
                        <aspectratio>stretch</aspectratio>
                        <texture>$INFO[ListItem.Thumb]</texture>
                    </control>
                </focusedlayout>
                <content>
                    <item>
                        <description>Subtitles</description>
                        <label>287</label>
                        <thumb>special://skin/extras/osd/subs3.png</thumb>
                        <onclick>ActivateWindow(subtitlesearch)</onclick>
                    </item>
                    <item>
                        <description>Video Settings</description>
                        <label>13395</label>
                        <label2></label2>
                        <thumb>special://skin/extras/videoosdicons/video-play-4-xxl.png</thumb>
                        <onclick>ActivateWindow(osdvideosettings)</onclick>
                    </item>
                    <item>
                        <description>Audio Settings</description>
                        <label>13396</label>
                    
                        <thumb>special://skin/extras/videoosdicons/audio.png</thumb>
                        <onclick>ActivateWindow(osdaudiosettings)</onclick>
                    </item>
                    <item>
                        <description>Bookmarks</description>
                        <label>298</label>
                        <thumb>special://skin/extras/videoosdicons/bookmark-xxl.png</thumb>
                        <onclick>ActivateWindow(videobookmarks)</onclick>
                    </item>
                    <item>
					<visible>VideoPlayer.HasSubtitles + !VideoPlayer.SubtitlesEnabled</visible>
                        <description>subtitleenable</description>
                        <label>הפעל כתובית</label>
                        <thumb>special://skin/extras/osd/subs.png</thumb>
                        <onclick>showsubtitles</onclick>
                    </item>
                    <item>
					<visible>VideoPlayer.HasSubtitles + VideoPlayer.SubtitlesEnabled</visible>
                        <description>subtitleenable</description>
                        <label>בטל כתובית</label>
                        <thumb>special://skin/extras/osd/subs.png</thumb>
                        <onclick>showsubtitles</onclick>
                    </item>
                </content>
            </control>
			
			<control type="image">
			<posx>0</posx>
			<posy>0</posy>
			<width>680</width>
			<height>220</height>
			<texture>$INFO[Window(home).Property(SkinHelper.Player.Art.Fanart)]</texture>
			</control>
			
			
							<control type="group">
						<posx>0</posx>
						<posy>740</posy>
						<control type="progress">
							<description>Progressbar Cache</description>
							<posx>0</posx>
							<posy>0</posy>
							<width>1700</width>
							<height>25</height>
							<info>Player.ProgressCache</info>
							<texturebg border="2,2,2,2" colordiffuse="7a444444">white.png</texturebg>
							<midtexture colordiffuse="gray">white.png</midtexture>
						</control>
						<control type="progress">
							<description>Progressbar</description>
							<posx>0</posx>
							<posy>0</posy>
							<width>1700</width>
							<height>25</height>
							<texturebg border="2,2,2,2" colordiffuse="7a444444">white.png</texturebg>
							<midtexture colordiffuse="ff34495e">white.png</midtexture>
							<lefttexture>-</lefttexture>
							<righttexture>-</righttexture>
							<info>Player.Progress</info>
						</control>

            <control type="slider" id="402">
                <posx>0</posx>
                <posy>0</posy>
                <width>1700</width>
                <height>95</height>
				<onback>8001</onback>
				<texturesliderbar>special://skin/extras/osd/4.png</texturesliderbar>
				<textureslidernib colordiffuse="white">white.png</textureslidernib>
				<textureslidernibfocus colordiffuse="burlywood">white.png</textureslidernibfocus>
                <orientation>horizontal</orientation>
				<action>seek</action>
            </control>
			</control>
			
        </control>
        <!--debugging-->

</include>


</includes>
