<?xml version="1.0" encoding="UTF-8"?>




<includes>

<include name="mainscreenwidgetinfo">
<definition>
<control type="group">
		<animation type="WindowOpen">
		<effect type="fade" start="800"/>
		<effect type="slide" start="0,0" end="0,-1000" time="850" tween="sine" easing="inout"/>
		</animation>
		<animation type="WindowClose">
		<effect type="fade" start="800"/>
		<effect type="slide" start="0,-1000" end="0,0" time="850" tween="sine" easing="inout"/>
		</animation>
<posy>1000</posy>
<control type="group">
<animation condition="$EXP[musicvisible] | Window.IsActive(6015)" effect="slide" start="0,0" end="0,-1500" time="500" tween="sine" easing="inout">Conditional</animation>
<visible>Control.IsVisible($PARAM[widgetnumber])</visible>
<posx>-15</posx>
<control type="image">
<posx>0</posx>
<posy>400</posy>
<width>405</width>
<height>350</height>
<texture border="40">special://skin/extras/common/roundedbutton-nofocus.png</texture>
</control>
<control type="multiimage">
<posx>20</posx>
<posy>420</posy>
<width>363</width>
<height>308</height>
<fadetime>240</fadetime>
<imagepath diffuse="special://skin/extras/diffuse/poster_diffuse.png">$INFO[Container($PARAM[widgetnumber]).ListItem.Thumb]</imagepath>
</control>
</control>

<control type="group">
<animation condition="$EXP[musicvisible] | Window.IsActive(6015)" effect="slide" start="0,0" end="0,1500" time="500" tween="sine" easing="inout">Conditional</animation>
<visible>Control.IsVisible($PARAM[widgetnumber])</visible>
<control type="image">
<posx>480</posx>
<posy>740</posy>
<width>950</width>
<height>350</height>
<texture border="40">special://skin/extras/common/roundedbutton-nofocus.png</texture>
</control>
<control type="label">
<posx>520</posx>
<posy>760</posy>
<width>880</width>
<height>50</height>
<align>center</align>
<font>font-30</font>
<label>[B]$INFO[Container($PARAM[widgetnumber]).ListItem.Label][/B]</label>
</control>
<control type="label">
<posx>520</posx>
<posy>820</posy>
<width>880</width>
<height>50</height>
<align>center</align>
<label>[B]$INFO[Container($PARAM[widgetnumber]).ListItem.Year][/B]</label>
</control>
<control type="textbox">
<posx>520</posx>
<posy>880</posy>
<width>880</width>
<height>140</height>
<align>center</align>
<label>$INFO[Container($PARAM[widgetnumber]).ListItem.Plot]</label>
</control>
<control type="label">
<posx>560</posx>
<posy>1025</posy>
<width>800</width>
<height>50</height>
<align>center</align>
<textcolor>gray</textcolor>
<label>[I]$INFO[Container($PARAM[widgetnumber]).ListItem.Genre][/I]</label>
</control>
</control>
</control>

<control type="group">
<animation condition="$EXP[musicvisible]" effect="slide" start="0,0" end="0,-1500" time="500" tween="sine" easing="inout">Conditional</animation>
<control type="label">
<visible>IsEmpty(Container($PARAM[widgetnumber]).ListItem.Dateadded)</visible>
<visible>Control.IsVisible($PARAM[widgetnumber])</visible>
<posx>5</posx>
<posy>1040</posy>
<width>200</width>
<height>50</height>
<align>center</align>
<label>$INFO[Container($PARAM[widgetnumber]).ListItem.Premiered]</label>
</control>

<control type="label">
<visible>IsEmpty(Container($PARAM[widgetnumber]).ListItem.Premiered)</visible>
<visible>Control.IsVisible($PARAM[widgetnumber])</visible>
<posx>5</posx>
<posy>1040</posy>
<width>200</width>
<height>50</height>
<align>center</align>
<label>$INFO[Container($PARAM[widgetnumber]).ListItem.Dateadded]</label>
</control>

<control type="label">
<visible>IsEmpty(Container($PARAM[widgetnumber]).ListItem.Premiered) + IsEmpty(Container($PARAM[widgetnumber]).ListItem.Dateadded)</visible>
<visible>Control.IsVisible($PARAM[widgetnumber])</visible>
<posx>5</posx>
<posy>1040</posy>
<width>200</width>
<height>50</height>
<align>center</align>
<label>אין מידע</label>
</control>
</control>

</definition>
</include>


</includes>
