<?xml version="1.0" encoding="UTF-8"?>




<includes>

<include name="mainscreenwidgetinfo">
<definition>
<control type="group">
		<animation type="WindowOpen">
		<effect type="fade" start="800"/>
		<effect type="slide" start="0,0" end="0,-1000" time="850" tween="sine" easing="inout"/>
		</animation>
		<animation type="WindowClose">
		<effect type="fade" start="800"/>
		<effect type="slide" start="0,-1000" end="0,0" time="850" tween="sine" easing="inout"/>
		</animation>
<posy>1000</posy>
<control type="group">
<animation condition="$EXP[musicvisible] | Window.IsActive(6015)" effect="slide" start="0,0" end="0,-1500" time="500" tween="sine" easing="inout">Conditional</animation>
<visible>Control.IsVisible($PARAM[widgetnumber])</visible>
<posx>-15</posx>
<control type="image">
<animation condition="$EXP[newmovieswidgets]" effect="slide" start="0" end="-1400" time="500" sine="tween" easing="inout">Conditional</animation>
<posx>0</posx>
<posy>370</posy>
<width>405</width>
<height>355</height>
<bordertexture colordiffuse="$VAR[MainInfoTextBorder]">white.png</bordertexture>
<bordersize>2</bordersize>
<texture colordiffuse="black">white.png</texture>
</control>
<control type="multiimage">
<animation condition="$EXP[newmovieswidgets]" effect="slide" start="0" end="-1400" time="500" sine="tween" easing="inout">Conditional</animation>
<posx>0</posx>
<posy>373</posy>
<width>402</width>
<height>348</height>
<fadetime>240</fadetime>
<imagepath>$INFO[Container($PARAM[widgetnumber]).ListItem.Thumb]</imagepath>
</control>
</control>



<control type="group">
<posx>80</posx>
<posy>-385</posy>
<animation condition="$EXP[musicvisible] | Window.IsActive(6015)" effect="slide" start="0,0" end="0,1500" time="500" tween="sine" easing="inout">Conditional</animation>
<visible>Control.IsVisible($PARAM[widgetnumber]) + Control.HasFocus($PARAM[widgetnumber])</visible>
<animation condition="Player.HasVideo" effect="zoom" center="auto" start="100,100" end="88,100" time="250">Conditional</animation>
<animation condition="Player.HasVideo" effect="slide" start="0,0" end="-80,0" time="250" tween="sine" easing="inout">Conditional</animation>
<control type="label">
<posx>320</posx>
<posy>760</posy>
<width>1124</width>
<height>50</height>
<align>center</align>
<font>font-30</font>
<label>[B]$INFO[Container($PARAM[widgetnumber]).ListItem.Label][/B]</label>
</control>
<control type="label">
<posx>320</posx>
<posy>820</posy>
<width>1124</width>
<height>50</height>
<align>center</align>
<label>[B]$INFO[Container($PARAM[widgetnumber]).ListItem.Year][/B]</label>
</control>
<control type="textbox">
<posx>320</posx>
<posy>880</posy>
<width>1124</width>
<height>140</height>
<align>center</align>
<label>$INFO[Container($PARAM[widgetnumber]).ListItem.Plot]</label>
</control>
<control type="label">
<posx>320</posx>
<posy>1025</posy>
<width>1124</width>
<height>50</height>
<align>center</align>
<textcolor>gray</textcolor>
<label>[I]$INFO[Container($PARAM[widgetnumber]).ListItem.Genre][/I]</label>
</control>
<control type="label">
<visible>IsEmpty(Container($PARAM[widgetnumber]).ListItem.Dateadded)</visible>
<visible>Control.IsVisible($PARAM[widgetnumber]) + Control.HasFocus($PARAM[widgetnumber])</visible>
<posx>320</posx>
<posy>1070</posy>
<width>1124</width>
<height>50</height>
<align>center</align>
<label>$INFO[Container($PARAM[widgetnumber]).ListItem.Premiered, תאריך שחרור: ]</label>
</control>

<control type="label">
<visible>IsEmpty(Container($PARAM[widgetnumber]).ListItem.Premiered)</visible>
<visible>Control.IsVisible($PARAM[widgetnumber]) + Control.HasFocus($PARAM[widgetnumber])</visible>
<posx>320</posx>
<posy>1070</posy>
<width>1124</width>
<height>50</height>
<align>center</align>
<label>$INFO[Container($PARAM[widgetnumber]).ListItem.Dateadded, התווסף להרחבה בתאריך: ]</label>
</control>
</control>
</control>


<control type="group">
<animation type="WindowOpen">
<effect type="fade" time="500"/>
<effect type="slide" start="0,0" end="-1250,0" time="650" tween="sine" easing="inout"/>
</animation>
<animation type="WindowClose">
<effect type="fade" time="500"/>
<effect type="slide" start="-1250,0" end="0,0" time="650" tween="sine" easing="inout"/>
</animation>
	<animation condition="$EXP[newmovieswidgets]" effect="fade" start="100" end="0" time="500">Conditional</animation>
	<animation condition="Window.IsActive(6016) | Window.IsActive(6017) | Window.IsActive(1181) | Window.IsActive(6014) | Window.IsActive(6022) | Window.IsActive(6023)" effect="slide" start="0,0" end="2860,0" time="250" tween="sine" easing="inout">Conditional</animation>
	<animation condition="Window.IsActive(6009) + Player.HasAudio" effect="fade" start="100" end="0,0" time="200">Conditional</animation>
	<animation condition="Player.HasMedia" effect="fade" start="100" end="0,0" time="200">Conditional</animation>
<control type="image">
<posx>2660</posx>
<posy>70</posy>
<width>510</width>
<height>255</height>
<bordertexture colordiffuse="$VAR[MainInfoTextBorder]">white.png</bordertexture>
<bordersize>2</bordersize>
<texture colordiffuse="black">white.png</texture>
</control>
		<control type="list" id="9005">
			<posx>2667</posx>
			<posy>78</posy>
			<width>1200</width>
			<height>240</height>
			<onback>9000</onback>
			<onleft>9000</onleft>
			<orientation>vertical</orientation>
			<itemlayout width="500" height="60">
			<control type="image">
			<posx>0</posx>
			<posy>0</posy>
			<width>495</width>
			<height>55</height>
			<texture colordiffuse="4a666666">white.png</texture>
			</control>
			<control type="image">
			<posx>0</posx>
			<posy>0</posy>
			<width>495</width>
			<height>60</height>
			<texture>$INFO[ListItem.Thumb]</texture>
			</control>
			<control type="label">
			<posx>0</posx>
			<posy>5</posy>
			<width>495</width>
			<height>40</height>
			<align>center</align>
			<label>[B]$INFO[ListItem.Label][/B]</label>
			</control>
			</itemlayout>
			<focusedlayout width="500" height="60">
			<control type="image">
			<posx>0</posx>
			<posy>0</posy>
			<width>495</width>
			<height>55</height>
			<texture colordiffuse="4a666666">white.png</texture>
			</control>
			<control type="image">
			<posx>0</posx>
			<posy>0</posy>
			<width>495</width>
			<height>60</height>
			<texture>$INFO[ListItem.Thumb]</texture>
			</control>
			<control type="label">
			<posx>0</posx>
			<posy>5</posy>
			<width>495</width>
			<height>40</height>
			<align>center</align>
			<label>[B]$INFO[ListItem.Label][/B]</label>
			</control>
			</focusedlayout>
			<content>
				<item id="111">
				<thumb>special://skin/extras/test/designedbyghost.png</thumb>
				<onclick>-</onclick>
				</item>
				<item id="112">
				<label>$INFO[Container(9002).NumPages,כמות עמודים: ]</label>
				<visible>Control.IsVisible(9002)</visible>
				<onclick>-</onclick>
				</item>
				<item id="113">
				<label>$INFO[Container(9003).NumPages,כמות עמודים: ]</label>
				<visible>Control.IsVisible(9003)</visible>
				<onclick>-</onclick>
				</item>
				<item id="114">
				<label>$INFO[Container(9002).CurrentPage,אתה בעמוד: ]</label>
				<visible>Control.IsVisible(9002)</visible>
				<onclick>-</onclick>
				</item>
				<item id="115">
				<label>$INFO[Container(9003).CurrentPage,אתה בעמוד: ]</label>
				<visible>Control.IsVisible(9003)</visible>
				<onclick>-</onclick>
				</item>
				<item id="116">
				<label>טוען וידג'טים...</label>
				<visible>![Integer.IsGreater(Container(9002).NumItems,0)]</visible>
				<onclick>-</onclick>
				</item>
				<item id="117">
				<label>הודג'ט נטען</label>
				<visible>[Integer.IsGreater(Container(9002).NumItems,0) | Integer.IsGreater(Container(9003).NumItems,0) | Control.IsVisible(9002) | Control.IsVisible(9003)]</visible>
				<onclick>-</onclick>
				</item>
			</content>
		</control>
</control>

</definition>
</include>


</includes>
