<?xml version="1.0" encoding="UTF-8"?>





<includes>

<include name="mainwaether">
<control type="group">

<visible>!Player.HasVideo</visible>		
<control type="group">
<posx>715</posx>
<control type="label">
<posx>1175</posx>
<posy>252</posy>
<width>400</width>
<height>70</height>
<align>right</align>
<font>font-16</font>
<label>$INFO[Weather.Temperature] / $INFO[Window(Weather).Property(Day0.HighTemp)]$INFO[System.TemperatureUnits] - $INFO[Window(Weather).Property(Day0.Outlook)]</label>
</control>
<control type="textbox">
<visible>Integer.IsGreater(Window(Weather).Property(Day0.HighTemp),16) + !Integer.IsGreater(Window(Weather).Property(Day0.HighTemp),18)</visible>
<posx>778</posx>
<posy>277</posy>
<width>400</width>
<height>70</height>
<align>right</align>
<font>font-14</font>
<scroll>true</scroll>
<scrollspeed>40</scrollspeed>
<wrapmultilines>true</wrapmultilines>
<scrollsuffix> - </scrollsuffix>
<label>[B]הטמפרטורה הגבוהה להיום $INFO[Window(Weather).Property(Day0.HighTemp)] מה שאומר שעדיין קריר וצריך להתלבש טוב[/B]</label>
</control>
<control type="textbox">
<visible>Integer.IsGreater(Window(Weather).Property(Day0.HighTemp),0) + !Integer.IsGreater(Window(Weather).Property(Day0.HighTemp),16)</visible>
<posx>778</posx>
<posy>277</posy>
<width>400</width>
<height>70</height>
<align>right</align>
<font>font-14</font>
<scroll>true</scroll>
<scrollspeed>40</scrollspeed>
<wrapmultilines>true</wrapmultilines>
<scrollsuffix> - </scrollsuffix>
<label>[B]הטמפרטורה הגבוהה להיום $INFO[Window(Weather).Property(Day0.HighTemp)] קר בחוץ יש להתלבש בהתאם[/B]</label>
</control>
<control type="textbox">
<visible>Integer.IsGreater(Window(Weather).Property(Day0.HighTemp),18) + !Integer.IsGreater(Window(Weather).Property(Day0.HighTemp),25)</visible>
<posx>778</posx>
<posy>277</posy>
<width>400</width>
<height>70</height>
<align>right</align>
<font>font-14</font>
<scroll>true</scroll>
<scrollspeed>40</scrollspeed>
<wrapmultilines>true</wrapmultilines>
<scrollsuffix> - </scrollsuffix>
<label>[B]הטמפרטורה הגבוהה להיום $INFO[Window(Weather).Property(Day0.HighTemp)] מזג אויר חמים ונוח להתלבש בהתאם[/B]</label>
</control>
<control type="textbox">
<visible>Integer.IsGreater(Window(Weather).Property(Day0.HighTemp),25) + !Integer.IsGreater(Window(Weather).Property(Day0.HighTemp),30)</visible>
<posx>778</posx>
<posy>277</posy>
<width>400</width>
<height>70</height>
<align>right</align>
<font>font-14</font>
<scroll>true</scroll>
<scrollspeed>40</scrollspeed>
<wrapmultilines>true</wrapmultilines>
<scrollsuffix> - </scrollsuffix>
<label>[B]הטמפרטורה הגבוהה להיום $INFO[Window(Weather).Property(Day0.HighTemp)] מזג אויר חם מאוד לעונה להלבש בהתאם[/B]</label>
</control>
<control type="textbox">
<visible>Integer.IsGreater(Window(Weather).Property(Day0.HighTemp),30) + !Integer.IsGreater(Window(Weather).Property(Day0.HighTemp),35)</visible>
<posx>778</posx>
<posy>277</posy>
<width>400</width>
<height>70</height>
<align>right</align>
<font>font-14</font>
<scroll>true</scroll>
<scrollspeed>40</scrollspeed>
<wrapmultilines>true</wrapmultilines>
<scrollsuffix> - </scrollsuffix>
<label>[B]הטמפרטורה הגבוהה להיום $INFO[Window(Weather).Property(Day0.HighTemp)] חם מאוד לשתות הרבה מים ולהתלבש קצר[/B]</label>
</control>
<control type="textbox">
<visible>Integer.IsGreater(Window(Weather).Property(Day0.HighTemp),35) + !Integer.IsGreater(Window(Weather).Property(Day0.HighTemp),45)</visible>
<posx>778</posx>
<posy>277</posy>
<width>400</width>
<height>70</height>
<align>right</align>
<font>font-14</font>
<scroll>true</scroll>
<scrollspeed>40</scrollspeed>
<wrapmultilines>true</wrapmultilines>
<scrollsuffix> - </scrollsuffix>
<label>[B]הטמפרטורה הגבוהה להיום $INFO[Window(Weather).Property(Day0.HighTemp)] לוהט היום לשתות הרבה מים ולהיות בצל[/B]</label>
</control>
<control type="image">
<posx>730</posx>
<posy>250</posy>
<height>75</height>
<width>75</width>
<aspectratio>keep</aspectratio>
<texture>resource://resource.images.weathericons.default/$INFO[Weather.fanartcode,,.png]</texture>
</control>
</control>
</control>
</include>

</includes>
