<?xml version="1.0" encoding="UTF-8"?>



<includes>


<include name="radiostations">
<definition>
<control type="group">
<visible>Container(1256).HasFocus($PARAM[radioitemid])</visible>

<control type="multiimage">
<animation type="WindowOpen">
<effect type="slide" start="0,0" end="1000,0" time="450" tween="sine" easing="inout"/>
</animation>
<animation type="WindowClose">
<effect type="slide" start="1000,0" end="0,0" time="450" tween="sine" easing="inout"/>
</animation>
<posx>-995</posx>
<posy>374</posy>
<width>370</width>
<height>348</height>
<fadetime>450</fadetime>
<imagepath>$INFO[Container($PARAM[radioid]).ListItem.Thumb]</imagepath>
</control>
<control type="list" id="$PARAM[radioid]">
<animation type="WindowOpen">
<effect type="slide" start="0,0" end="-1000,0" time="450" tween="sine" easing="inout"/>
</animation>
<animation type="WindowClose">
<effect type="slide" start="-1000,0" end="0,0" time="450" tween="sine" easing="inout"/>
</animation>
<posx>2540</posx>
<posy>370</posy>
<width>550</width>
<height>350</height>
<onback>1256</onback>
<onleft>8001</onleft>
<orientation>vertical</orientation>
<scrolltime tween="sine" easing="inout">350</scrolltime>
<itemlayout width="350" height="70">
<control type="textbox">
<posx>20</posx>
<posy>0</posy>
<width>350</width>
<height>130</height>
<align>right</align>
<font>playlistSubTitle</font>
<label>$INFO[ListItem.Label]</label>
</control>
<control type="image">
<posx>0</posx>
<posy>0</posy>
<width>430</width>
<height>1</height>
<texture colordiffuse="gray">white.png</texture>
</control>

</itemlayout>

<focusedlayout width="350" height="70">
					<control type="image">
					<visible>Control.HasFocus($PARAM[radioid])</visible>
					<posx>5</posx>
					<posy>4</posy>
					<width>370</width>
					<height>65</height>
                    <texture diffuse="special://skin/extras/test/poster_diffuse.png" border="0">white.png</texture>
                    <colordiffuse>highlight</colordiffuse>
				</control>
<control type="textbox">
<visible>!Control.HasFocus($PARAM[radioid])</visible>
<posx>20</posx>
<posy>0</posy>
<width>350</width>
<height>130</height>
<align>right</align>
<font>playlistSubTitle</font>
<textcolor>white</textcolor>
<label>$INFO[ListItem.Label]</label>
</control>
<control type="textbox">
<visible>Control.HasFocus($PARAM[radioid])</visible>
<posx>20</posx>
<posy>0</posy>
<width>350</width>
<height>130</height>
<align>right</align>
<font>playlistSubTitle</font>
<textcolor>deepskyblue</textcolor>
<label>[B]$INFO[ListItem.Label][/B]</label>
</control>
<control type="image">
<posx>0</posx>
<posy>0</posy>
<width>435</width>
<height>1</height>
<texture colordiffuse="gray">white.png</texture>
</control>
</focusedlayout>
<content sortby="dateadded" sortorder="descending">$PARAM[radiocontent]</content>
</control>
</control>

</definition>
</include>	


<include name="radioextrasinfo">


		<control type="button">
		<visible allowhiddenfocus="true">Player.HasAudio</visible>
		<visible>!Player.HasVideo + !Window.IsActive(6009)</visible>
		<animation condition="Player.HasAudio" effect="fade" start="100" end="0" time="0">Conditional</animation>
		<posx>25</posx>
		<posy>535</posy>
		<width>340</width>
		<height>175</height>
		<ondown>SetFocus(8001)</ondown>
		<textoffsety>80</textoffsety>
		<texturenofocus>white.png</texturenofocus>
		<texturefocus colordiffuse="gray">white.png</texturefocus>
		<align>center</align>
		<textcolor>black</textcolor>
		<focusedcolor>burlywood</focusedcolor>
		<label>לערוצי הרדיו</label>
		<onclick>ActivateWindow(6009)</onclick>
		</control>



<control type="group">
<animation condition="!Window.IsActive(6009)" effect="zoom" start="100,100" end="50,50" time="350">Conditional</animation>
<animation condition="Window.IsActive(6000) | Window.IsActive(6001) | Window.IsActive(6014) | Window.IsActive(6016) | Window.IsActive(6015)" effect="slide" start="0,0" end="-4500,0" time="850" tween="sine" easing="inout">Conditional</animation>
<visible>Player.HasAudio</visible>
<visible>![Window.IsActive(6009) | Window.IsActive(6014)]</visible>
<posy>480</posy>
<posx>-580</posx>


<control type="image">
<posx>1160</posx>
<posy>-130</posy>
<width>775</width>
<height>620</height>
<bordertexture colordiffuse="gray">white.png</bordertexture>
<bordersize>3</bordersize>
<texture>black.png</texture>
</control>
<control type="image">
<animation condition="Control.HasFocus(5332) | Control.HasFocus(5333) | Control.HasFocus(5334) | Control.HasFocus(5331)" effect="slide" start="0,0" end="800,0" time="750" tween="sine" easing="inout">Conditional</animation>
<posx>4230</posx>
<posy>-110</posy>
<width>755</width>
<height>600</height>
<bordertexture colordiffuse="gray">white.png</bordertexture>
<bordersize>3</bordersize>
<texture>black.png</texture>
</control>
<control type="image">
<posx>1165</posx>
<posy>-130</posy>
<width>765</width>
<height>610</height>
<aspectratio>keep</aspectratio>
<texture>special://skin/extras/radioimage/music.gif</texture>
</control>

<control type="group">
<animation condition="Control.HasFocus(5332) | Control.HasFocus(5333) | Control.HasFocus(5334) | Control.HasFocus(5331)" effect="slide" start="0,0" end="800,0" time="750" tween="sine" easing="inout">Conditional</animation>
<control type="image">
<posx>4235</posx>
<posy>-100</posy>
<width>740</width>
<height>585</height>
<texture>special://skin/extras/radioimage/flyingmusic.gif</texture>
</control>

<control type="textbox">
<animation condition="Player.HasAudio" effect="fade" start="100" end="70" time="1500" pulse="true">Conditional</animation>
<description>Conditions Label</description>
<autoscroll fade="4000" time="4000" repeat="5000"></autoscroll>
<posx>4295</posx>
<posy>175</posy>
<width>617</width>
<height>220</height>
<align>center</align>
<font>font-28</font>
<scroll>true</scroll>
<shadowcolor>black</shadowcolor>
<label>$INFO[VideoPlayer.Title]</label>
<textcolor>white</textcolor>
</control>
</control>




		<control type="group">
		<control type="list" id="8001">
		<animation type="WindowOpen" condition="!Window.IsActive(6009)">
		<effect type="slide" start="0,0" end="0,-690" tween="cubic" easing="out" time="750"/>
		</animation>
		<animation type="WindowClose">
		<effect type="slide" start="0,-690" end="0,0" tween="cubic" easing="inout" time="750"/>
		</animation>
		<posy>1040</posy>
		<posx>1260</posx>
		<width>880</width>
		<height>200</height>
		<orientation>horizontal</orientation>
		<onup>SetFocus(6654)</onup>
		<onright>SetFocus(9000)</onright>
		<itemlayout width="95" height="175">
		<control type="image">
		<posx>15</posx>
		<posy>65</posy>
		<width>65</width>
		<height>65</height>
		<aspectratio>keep</aspectratio>
		<texture colordiffuse="white">$INFO[ListItem.Thumb]</texture>
		</control>
		</itemlayout>
		<focusedlayout width="95" height="175">
		<control type="image">
		<visible>!control.hasfocus(8001)</visible>
		<posx>15</posx>
		<posy>65</posy>
		<width>65</width>
		<height>65</height>
		<aspectratio>keep</aspectratio>
		<texture colordiffuse="white">$INFO[ListItem.Thumb]</texture>
		</control>
		<control type="image">
		<visible>control.hasfocus(8001)</visible>
		<animation effect="zoom" center="auto" start="100,100" end="115,115" time="50">Focus</animation>
		<posx>15</posx>
		<posy>65</posy>
		<width>65</width>
		<height>65</height>
		<aspectratio>keep</aspectratio>
		<texture colordiffuse="gray">$INFO[ListItem.Thumb]</texture>
	</control>

		</focusedlayout>
		<content>
		<item>
		<label>הגדל</label>
		<thumb>special://skin/extras/test/maximize.png</thumb>
		<onclick>ActivateWindow(6009)</onclick>
		</item>
		<item>
		<visible>!Player.Muted</visible>
		<label>ווליום</label>
		<thumb>special://skin/extras/osd/audio-add-xxl.png</thumb>
		<onclick>Mute</onclick>
		</item>
		<item>
		<visible>Player.Muted</visible>
		<label>ווליום</label>
		<thumb>special://skin/extras/osd/muteextra.png</thumb>
		<onclick>Mute</onclick>
		</item>
		<item>
		<visible>VideoPlayer.HasSubtitles + VideoPlayer.SubtitlesEnabled</visible>
		<label>בטל כתובית</label>
		<thumb>special://skin/extras/osd/subs3.png</thumb>
		<onclick>ShowSubtitles</onclick>
		</item>
		<item>
		<thumb>special://skin/extras/osd/previous.png</thumb>
		<onclick>PlayerControl(previous)</onclick>
		<label>להתחלה</label>
		</item>
		<item>
		<label>עצור</label>
		<thumb>special://skin/extras/osd/stop.png</thumb>
		<onclick>PlayerControl(Stop)</onclick>
		<onclick>Control.SetFocus(9000)</onclick>
		</item>
		<item>
		<visible>Player.Paused</visible>
		<thumb>special://skin/extras/osd/play.png</thumb>
		<onclick>play</onclick>
		<label>נגן</label>
		</item>
		<item>
		<visible>!Player.Paused</visible>
		<label>השהה</label>
		<thumb>special://skin/extras/osd/pause.png</thumb>
		<onclick>pause</onclick>
		<label>השהה</label>
		</item>
		<item>
		<thumb>special://skin/extras/osd/forward.png</thumb>
		<onclick>PlayerControl(forward)</onclick>
		<label>הרץ קדימה</label>
		</item>
		</content>
		</control>
		</control>
		

		
</control>
</include>

<include name="mainmusicinfo">
<control type="grouplist">
<visible>player.hasaudio</visible>
<animation condition="Window.IsActive(6009)" effect="slide" start="0,0" end="0,-750" time="550" tween="sine" easing="inout">Conditional</animation>
<animation condition="[Window.IsActive(6000) | Window.IsActive(6014) | Window.IsActive(6001) | Window.IsActive(6015) | Window.IsActive(6016) | Window.IsActive(6017) | Window.IsActive(6022) | Window.IsActive(6023)]" effect="slide" start="0,0" end="0,1500" time="550" tween="sine" easing="inout">Conditional</animation>
<posx>0</posx>
<posy>1020</posy>
<width>1920</width>
<height>100</height>
<align>center</align>
<itemgap>10</itemgap>
<orientation>horizontal</orientation>
            <control type="image">
                <posx>0</posx>
                <posy>-150</posy>
                <width>50</width>
                <height>50</height>
                <texture>special://skin/extras/equaliser.gif</texture>
            </control>
<control type="button">
<posx>0</posx>
<posy>0</posy>
<width>auto</width>
<height>50</height>
<texturenofocus colordiffuse="highlight">white.png</texturenofocus>
<texturefocus colordiffuse="highlight">white.png</texturefocus>
<label>$INFO[MusicPlayer.Title]</label>
</control>
</control>

</include>


<include name="musicextrainfo">
<control type="grouplist">
<animation condition="[Window.IsActive(6000) | Window.IsActive(6014) | Window.IsActive(6001) | Window.IsActive(6015) | Window.IsActive(6016) | Window.IsActive(6017) | Control.HasFocus(221) | Window.IsActive(6022) | Window.IsActive(6023)]" effect="slide" start="0,0" end="0,1500" time="550" tween="sine" easing="inout">Conditional</animation>
<animation condition="[Control.HasFocus(221) | Control.HasFocus(222) | Control.HasFocus(223) | Control.HasFocus(224) | Control.HasFocus(225) | Control.HasFocus(226) | Control.HasFocus(227) | Control.HasFocus(228) | Control.HasFocus(229)]" effect="slide" start="0,0" end="0,1500" time="550" tween="sine" easing="inout">Conditional</animation>
<animation condition="Window.IsActive(6009)" effect="slide" start="0,0" end="0,-80" time="350" tween="sine" easing="inout">Conditional</animation>
<visible>Player.HasAudio</visible>
<posx>0</posx>
<posy>200</posy>
<width>1920</width>
<height>500</height>
<align>center</align>
<itemgap>0</itemgap>
<orientation>horizontal</orientation>
<control type="button" id="1">
<visible>!String.IsEmpty(MusicPlayer.Channels)</visible>
<posx>500</posx>
<posy>100</posy>
<width>200</width>
<height>100</height>
<textcolor>highlight</textcolor>
<texturenofocus>special://skin/extras/common/roundedbutton-focus.png</texturenofocus>
<texturefocus>special://skin/extras/common/roundedbutton-focus.png</texturefocus>
<label>ערוצים $INFO[MusicPlayer.Channels]</label>
</control>
<control type="button" id="2">
<visible>!String.IsEmpty(MusicPlayer.Time)</visible>
<posx>500</posx>
<posy>100</posy>
<width>200</width>
<height>100</height>
<textcolor>highlight</textcolor>
<texturenofocus>special://skin/extras/common/roundedbutton-focus.png</texturenofocus>
<texturefocus>special://skin/extras/common/roundedbutton-focus.png</texturefocus>
<label>זמן $INFO[MusicPlayer.Time]</label>
</control>
<control type="button" id="3">
<visible>!String.IsEmpty(MusicPlayer.BitRate)</visible>
<posx>500</posx>
<posy>100</posy>
<width>200</width>
<height>100</height>
<textcolor>highlight</textcolor>
<texturenofocus>special://skin/extras/common/roundedbutton-focus.png</texturenofocus>
<texturefocus>special://skin/extras/common/roundedbutton-focus.png</texturefocus>
<label>איכות $INFO[MusicPlayer.BitRate]</label>
</control>
<control type="button" id="4">
<visible>!String.IsEmpty(MusicPlayer.Genre)</visible>
<posx>500</posx>
<posy>100</posy>
<width>200</width>
<height>100</height>
<textcolor>highlight</textcolor>
<texturenofocus>special://skin/extras/common/roundedbutton-focus.png</texturenofocus>
<texturefocus>special://skin/extras/common/roundedbutton-focus.png</texturefocus>
<label>$INFO[MusicPlayer.Genre]</label>
</control>
</control>
</include>

</includes>
