<?xml version="1.0" encoding="UTF-8"?>




<includes>
 



	<include name="widget_content">
	<animation condition="Integer.IsGreater(Container(9002).NumItems,0)" effect="slide" start="0,0" end="0,-1000" time="450" tween="sine" easing="inout">Conditional</animation>
	<animation condition="Window.IsActive(1181) | Window.IsActive(6015) | Window.IsActive(6014) | Window.IsActive(6022) | Window.IsActive(6023) | Window.IsActive(6009)" effect="fade" start="100" end="0" time="150">Conditional</animation>
		<orientation>Horizontal</orientation>
		<preloaditems>2</preloaditems>
		<posx>-40</posx>
		<posy>1725</posy>
		<height>1000</height>
		<width>1970</width>
		<onback>9000</onback>
		<onup>9000</onup>
		<onclick condition="Container(9000).Column(0) + Container(9000).Row(0) | Container(9000).Column(1) + Container(9000).Row(0) | Container(9000).Column(2) + Container(9000).Row(0) | Container(9000).Column(3) + Container(9000).Row(0) | Container(9000).Column(3) + Container(9000).Row(2)">Action(info)</onclick>
		<focusposition>0</focusposition>
		<autoscroll time="6000">!Control.HasFocus(9002) + !Control.HasFocus(9101) + StringCompare(Container(9000).ListItem.Property(Background),widgetbackground)</autoscroll>		
		<animation effect="fade" start="100" end="0" time="0" condition="Container(9002).IsUpdating">Conditional</animation>
		<scrolltime tween="back" easing="out">500</scrolltime>
		<itemlayout  width="250" height="330">
			<control type="image">
			<posx>0</posx>
			<posy>0</posy>
			<width>300</width>
			<height>370</height>
			<texture>special://skin/extras/thumbs/boxes/back_webdl.png</texture>
			</control>
			<control type="image">
			<posx>45</posx>
			<posy>10</posy>
			<width>237</width>
			<height>340</height>
			<texture diffuse="special://skin/extras/diffuse/poster_diffuse.png" background="true">$INFO[ListItem.Thumb]</texture>
			</control>
		</itemlayout>
		<focusedlayout width="250" height="330">
			<control type="image">
			<visible>Control.HasFocus(9002)</visible>
			<posx>0</posx>
			<posy>0</posy>
			<width>300</width>
			<height>360</height>
			<texture>special://skin/extras/thumbs/boxes/back_webdl.png</texture>
			</control>
			<control type="image">
			<visible>!Control.HasFocus(9002)</visible>	
			<posx>0</posx>
			<posy>0</posy>
			<width>300</width>
			<height>370</height>
			<texture>special://skin/extras/thumbs/boxes/back_webdl.png</texture>
			</control>
			<control type="image">
			<visible>Control.HasFocus(9002)</visible>
			<posx>45</posx>
			<posy>350</posy>
			<width>240</width>
			<height>10</height>
			<texture>white.png</texture>
			</control>
			<control type="image">
			<visible>Control.HasFocus(9002)</visible>
			<posx>45</posx>
			<posy>10</posy>
			<width>237</width>
			<height>330</height>
			<texture diffuse="special://skin/extras/diffuse/poster_diffuse.png" background="true">$INFO[ListItem.Thumb]</texture>
			</control>
			<control type="image">
			<visible>!Control.HasFocus(9002)</visible>
			<posx>45</posx>
			<posy>10</posy>
			<width>237</width>
			<height>340</height>
			<texture diffuse="special://skin/extras/diffuse/poster_diffuse.png" background="true">$INFO[ListItem.Thumb]</texture>
			</control>
		</focusedlayout>
	</include>


	<include name="widget_content_second">
	<animation condition="Integer.IsGreater(Container(9003).NumItems,0)" effect="slide" start="0,0" end="0,-1000" time="450" tween="sine" easing="inout">Conditional</animation>
		<animation condition="Window.IsActive(1181) | Window.IsActive(6015) | Window.IsActive(6014) | Window.IsActive(6022) | Window.IsActive(6023) | Window.IsActive(6009)" effect="fade" start="100" end="0" time="150">Conditional</animation>
		<orientation>Horizontal</orientation>
		<preloaditems>2</preloaditems>
		<posx>-40</posx>
		<posy>1725</posy>
		<height>1000</height>
		<width>1970</width>
		<onback condition="!Player.HasVideo">9000</onback>
		<onup>9000</onup>
		<focusposition>0</focusposition>
		<autoscroll time="6000">!Control.HasFocus(9002) + !Control.HasFocus(9101) + StringCompare(Container(9000).ListItem.Property(Background),widgetbackground)</autoscroll>		
		<!-- <animation effect="slide" start="650" end="0" time="300" condition="!Container(9002).IsUpdating">Conditional</animation> -->
		<scrolltime tween="back" easing="out">500</scrolltime>
		<itemlayout  width="250" height="330">
			<control type="image">
			<posx>0</posx>
			<posy>0</posy>
			<width>300</width>
			<height>370</height>
			<texture>special://skin/extras/thumbs/boxes/back_webdl.png</texture>
			</control>
			<control type="image">
			<posx>45</posx>
			<posy>10</posy>
			<width>237</width>
			<height>340</height>
			<texture diffuse="special://skin/extras/diffuse/poster_diffuse.png" background="true">$INFO[ListItem.Thumb]</texture>
			</control>
		</itemlayout>
		<focusedlayout width="250" height="330">
			<control type="image">
			<visible>Control.HasFocus(9003)</visible>
			<posx>0</posx>
			<posy>0</posy>
			<width>300</width>
			<height>360</height>
			<texture>special://skin/extras/thumbs/boxes/back_webdl.png</texture>
			</control>
			<control type="image">
			<visible>!Control.HasFocus(9003)</visible>	
			<posx>0</posx>
			<posy>0</posy>
			<width>300</width>
			<height>370</height>
			<texture>special://skin/extras/thumbs/boxes/back_webdl.png</texture>
			</control>
			<control type="image">
			<visible>Control.HasFocus(9003)</visible>
			<posx>45</posx>
			<posy>350</posy>
			<width>240</width>
			<height>10</height>
			<texture>white.png</texture>
			</control>
			<control type="image">
			<visible>Control.HasFocus(9003)</visible>
			<posx>45</posx>
			<posy>10</posy>
			<width>237</width>
			<height>330</height>
			<texture diffuse="special://skin/extras/diffuse/poster_diffuse.png" background="true">$INFO[ListItem.Thumb]</texture>
			</control>
			<control type="image">
			<visible>!Control.HasFocus(9003)</visible>
			<posx>45</posx>
			<posy>10</posy>
			<width>237</width>
			<height>340</height>
			<texture diffuse="special://skin/extras/diffuse/poster_diffuse.png" background="true">$INFO[ListItem.Thumb]</texture>
			</control>
		</focusedlayout>
	</include>
</includes>
