<?xml version="1.0" encoding="UTF-8"?>





<includes>


<include name="ghost_skin_home">
<include>mainmenu</include>
<include>submenu</include>
<include>skinshortcuts-template-widget</include>
<include>skinshortcuts-template-widget1</include>
<include>skinshortcuts-template-widget2</include>
<include>mainscreenbgplotandimage</include>
<include content="widgetsinfomainscreen">
<param name="widgetid" value="9002"/>
</include>
<include content="widgetsinfomainscreen">
<param name="widgetid" value="9003"/>
</include>
<include content="widgetsinfomainscreen">
<param name="widgetid" value="9104"/>
</include>
<include>MiniPlayerInfo</include>
<include>mainwaether</include>
<include>rssfeed</include>
<include>extrabuttonsmainscreen</include>
</include>


<include name="mainscreenbgplotandimage">
<control type="image">
<posx>0</posx>
<posy>0</posy>
<width>20</width>
<height>1080</height>
<texture diffuse="glass.jpg" colordiffuse="ff6b5441">white.png</texture>
</control>
<control type="image">
<posx>1900</posx>
<posy>0</posy>
<width>20</width>
<height>1080</height>
<texture diffuse="glass.jpg" colordiffuse="ff6b5441">white.png</texture>
</control>
<control type="image">
<posx>22</posx>
<posy>50</posy>
<width>1875</width>
<height>20</height>
<texture diffuse="glass.jpg" colordiffuse="ff6b5441">white.png</texture>
</control>
<control type="image">
<posx>953</posx>
<posy>75</posy>
<width>24</width>
<height>677</height>
<texture diffuse="glass.jpg" colordiffuse="ff6b5441">white.png</texture>
</control>
<control type="image">
<posx>22</posx>
<posy>332</posy>
<width>930</width>
<height>420</height>
<texture>black.png</texture>
<bordertexture diffuse="glass.jpg" colordiffuse="ff6b5441">white.png</bordertexture>
<bordersize>5</bordersize>
</control>
<control type="image">
<posx>978</posx>
<posy>332</posy>
<width>920</width>
<height>420</height>
<texture>black.png</texture>
<bordertexture diffuse="glass.jpg" colordiffuse="ff6b5441">white.png</bordertexture>
<bordersize>5</bordersize>
</control>
</include>


<include name="mainmenu">
<control type="group">
<animation condition="Control.HasFocus(9001) | Window.IsActive(9010)" effect="slide" start="0,0" end="0,-200" time="450" tween="sine" easing="inout">Conditional</animation>
<control type="list" id="9000">
<posx>22</posx>
<posy>0</posy>
<width>1874</width>
<height>400</height>
<ondown condition="Player.HasVideo">9004</ondown>
<ondown condition="Control.IsVisible(9002) + !Player.HasVideo">9002</ondown>
<ondown condition="Control.IsVisible(9003) + !Player.HasVideo">9003</ondown>
<ondown condition="Control.IsVisible(9004) + !Player.HasVideo">9104</ondown>
<orientation>Horizontal</orientation>
<scrolltime tween="sine" easing="inout">350</scrolltime>
<itemlayout width="300" height="50">
<control type="image">
<posx>0</posx>
<posy>0</posy>
<width>310</width>
<height>45</height>
<texture colordiffuse="70444444">white.png</texture>
</control>
<control type="label">
<posx>0</posx>
<posy>0</posy>
<width>310</width>
<height>50</height>
<align>center</align>
<label>$INFO[ListItem.Label]</label>
</control>

</itemlayout>
<focusedlayout width="300" height="50">
<control type="image">
<posx>0</posx>
<posy>0</posy>
<width>310</width>
<height>45</height>
<texture colordiffuse="70444444">white.png</texture>
</control>
<control type="image">
<visible>Control.HasFocus(9000)</visible>
<posx>0</posx>
<posy>0</posy>
<width>310</width>
<height>45</height>
<texture diffuse="glass.jpg" colordiffuse="ff6b5441">white.png</texture>
</control>
<control type="label">
<posx>0</posx>
<posy>0</posy>
<width>310</width>
<height>50</height>
<align>center</align>
<textcolor>yellow</textcolor>
<label>$INFO[ListItem.Label]</label>
</control>
<control type="image">
<visible>Integer.IsGreater(Container(9001).NumItems,0)</visible>
<posx>0</posx>
<posy>0</posy>
<width>15</width>
<height>15</height>
<texture>special://skin/extras/circles/circle-white.png</texture>
</control>
</focusedlayout>
<content><include>skinshortcuts-mainmenu</include></content>
</control>
</control>
</include>

<include name="submenu">

<control type="group">
<animation condition="Control.HasFocus(9001)" effect="slide" start="0,0" end="0,200" time="450" tween="sine" easing="inout">Conditional</animation>
<control type="list" id="9001">
<posx>22</posx>
<posy>-200</posy>
<width>1920</width>
<height>400</height>
<onback>9000</onback>
<orientation>Horizontal</orientation>
<scrolltime tween="sine" easing="inout">350</scrolltime>
<itemlayout width="290" height="50">
<control type="image">
<posx>0</posx>
<posy>0</posy>
<width>280</width>
<height>45</height>
<texture colordiffuse="70444444">white.png</texture>
</control>
<control type="label">
<posx>0</posx>
<posy>0</posy>
<width>280</width>
<height>50</height>
<align>center</align>
<label>$INFO[ListItem.Label]</label>
</control>

</itemlayout>
<focusedlayout width="290" height="50">
<control type="image">
<posx>0</posx>
<posy>0</posy>
<width>280</width>
<height>45</height>
<texture colordiffuse="70444444">white.png</texture>
</control>
<control type="image">
<visible>Control.HasFocus(9001)</visible>
<posx>0</posx>
<posy>0</posy>
<width>280</width>
<height>45</height>
<texture diffuse="glass.jpg" colordiffuse="ff6b5441">white.png</texture>
</control>
<control type="label">
<posx>0</posx>
<posy>0</posy>
<width>280</width>
<height>50</height>
<align>center</align>
<textcolor>yellow</textcolor>
<label>$INFO[ListItem.Label]</label>
</control>
</focusedlayout>
<content><include>skinshortcuts-submenu</include></content>
</control>
</control>
</include>


<include name="rssfeed">
<control type="group">
<control type="image">
<posx>22</posx>
<posy>290</posy>
<width>930</width>
<height>40</height>
<bordertexture diffuse="glass.jpg" colordiffuse="$VAR[MainInfoTextBorder]">white.png</bordertexture>
<bordersize>4</bordersize>
<texture colordiffuse="black">white.png</texture>
</control>
<control type="rss" id="1123">
  <posx>25</posx>
  <posy>290</posy>
  <align>center</align>
  <aligny>center</aligny>
 <width>915</width>
  <height>40</height>
  <visible>true</visible>
  <font>font-18</font>
  <textcolor>white</textcolor>
  <urlset>1</urlset>
  <headlinecolor>FFFFFFFF</headlinecolor>
  <titlecolor>FF655656</titlecolor>
</control>
</control>
</include>




<include name="extrabuttonsmainscreen">
<control type="group">
<control type="image">
<posx>22</posx>
<posy>75</posy>
<width>929</width>
<height>213</height>
<bordertexture diffuse="glass.jpg" colordiffuse="ff6b5441">white.png</bordertexture>
<bordersize>4</bordersize>
<texture>black.png</texture>
</control>
<control type="list" id="600008">
<posx>28</posx>
<posy>70</posy>
<width>1000</width>
<height>215</height>
<onback>9000</onback>
<ondown>6633</ondown>
<onup>6634</onup>
<orientation>vertical</orientation>
<scrolltime tween="sine" easing="inout">350</scrolltime>
			<itemlayout width="429" height="42">
			<control type="image">
<posx>0</posx>
<posy>10</posy>
<width>917</width>
<height>35</height>
<texture colordiffuse="70444444">white.png</texture>
</control>
			<control type="label">
			<posx>0</posx>
			<posy>5</posy>
			<width>917</width>
			<height>46</height>
			<align>center</align>
			<label>$INFO[ListItem.Label]</label>
			</control>
			</itemlayout>
			<focusedlayout width="429" height="42">
			<control type="image">
<posx>0</posx>
<posy>10</posy>
<width>917</width>
<height>35</height>
<texture colordiffuse="70444444">white.png</texture>
</control>
<control type="image">
<visible>Control.HasFocus(600008)</visible>
<posx>0</posx>
<posy>10</posy>
<width>917</width>
<height>35</height>
<texture diffuse="glass.jpg" colordiffuse="gray">white.png</texture>
</control>
			<control type="label">
			<posx>0</posx>
			<posy>5</posy>
			<width>917</width>
			<height>46</height>
			<align>center</align>
			<label>$INFO[ListItem.Label]</label>
			</control>
			</focusedlayout>
<content>
<item>
<label>הגדרות נוספות  + יציאה</label>
<onclick>ActivateWindow(9011)</onclick>
</item>
<item>
<label>[COLOR yellow] סרטים אחרונים + פרקים אחרונים חו"ל[/COLOR] וידג'ט הכל באחד</label>
<onclick>ActivateWindow(6000)</onclick>
</item>
<item>
<label>[COLOR yellow] מכרה סרטים טלמדיה 1-12[/COLOR] מכרה סרטים</label>
<onclick>ActivateWindow(6001)</onclick>
</item>
<item>
<label>[COLOR yellow] סרטים הכל באחד + סרטי טבע[/COLOR] סרטים טלמדיה</label>
<onclick>ActivateWindow(6002)</onclick>
</item>
<item>
<label>[COLOR yellow] סרטים לפי שנים וסרטים אחרונים[/COLOR] סרטים ריל דבריד</label>
<onclick>ActivateWindow(6003)</onclick>
</item>
<item>
<label>[COLOR yellow] סרטים מדובבים ובתרגום מובנה[/COLOR] סרטים לילדים</label>
<onclick>ActivateWindow(6004)</onclick>
</item>
<item>
<label>[COLOR yellow] סרטים ישראלים + פרקים אחרונים[/COLOR] סרטים ישראלים ועוד...</label>
<onclick>ActivateWindow(6005)</onclick>
</item>
<item>
<label>[COLOR yellow] כל הסרטים מכל הז'אנרים והשנים[/COLOR] סרטים ריל דבריד</label>
<onclick>ActivateWindow(5998)</onclick>
</item>
<item>
<label>[COLOR yellow] the oath סרטים מכל השנים הרחבת [/COLOR] סרטים ריל דבריד</label>
<onclick>ActivateWindow(5997)</onclick>
</item>
<item>
<label>[COLOR yellow] תחנות מקומיות תחנות מחו"ל ועוד..[/COLOR] תחנות רדיו</label>
<onclick>ActivateWindow(5999)</onclick>
</item>

<!--<item>
<label>הגדרות נוספות</label>
<onclick>ActivateWindow(9011)</onclick>
</item>
<item>
<label>עיצוב אקסטרה ילדים</label>
<onclick>ActivateWindow(1184)</onclick>
</item>
<item>
<label>עיצוב נטפליקס</label>
<onclick>ActivateWindow(1182)</onclick>
</item>
<item>
<label>וידג'ט סרטי טבע ודוקו</label>
<onclick>ActivateWindow(8007)</onclick>
</item>
<item>
<label>וידג'ט סרטים ישראלים</label>
<onclick>ActivateWindow(8008)</onclick>
</item>
<item>
<label>עיצוב יס גו</label>
<onclick>ActivateWindow(1181)</onclick>
</item>

<item>
<label>עיצוב סרטים אחרונים</label>
<onclick>ActivateWindow(6015)</onclick>
</item>
<item>
<label>עיצוב אקסטרה לפי שנים</label>
<onclick>ActivateWindow(1183)</onclick>
</item>
<item>
<label>RD עיצוב פרימיום אקסודוס</label>
<onclick>ActivateWindow(8003)</onclick>
</item>
<item>
<label>RD עיצוב פרימיום טמפסט</label>
<onclick>ActivateWindow(8004)</onclick>
</item>
<item>
<label>RD עיצוב פרימיום מנדו</label>
<onclick>ActivateWindow(8005)</onclick>
</item>
<item>
<label>עיצוב פרימיום צפייה ישירה</label>
<onclick>ActivateWindow(8002)</onclick>
</item>
<item>
<label>עיצוב סרטים 1</label>
<onclick>ActivateWindow(6014)</onclick>
</item>
<item>
<label>עיצוב סרטים 2</label>
<onclick>ActivateWindow(6022)</onclick>
</item>
<item>
<label>עיצוב דוקומנטרי טבע</label>
<onclick>ActivateWindow(6023)</onclick>
</item>
<item>
<label>חיפוש כללי</label>
<onclick>ActivateWindow(10025,&quot;plugin://plugin.video.mando/?all_w=%7b%7d&amp;data=%20&amp;dates=%20&amp;description=Search&amp;eng_name=%20&amp;episode=%20&amp;fanart=https%3a%2f%2fsearchengineland.com%2ffigz%2fwp-content%2fseloads%2f2017%2f12%2fcompare-seo-ss-1920-800x450.jpg&amp;fav_status=false&amp;heb_name=%20&amp;iconimage=C%3a%5cUsers%5cneta%5cAppData%5cRoaming%5cKodi%5caddons%5cplugin.video.mando%5cresources%5cartwork%2fsearch.png&amp;id=%20&amp;image_master&amp;isr=0&amp;last_id&amp;mode=5&amp;name=%d7%97%d7%99%d7%a4%d7%95%d7%a9&amp;original_title=%20&amp;season=%20&amp;show_original_year=%20&amp;tmdbid=%20&amp;url=www&amp;video_data=%7b%22rating%22%3a%20%220%22%2c%20%22episode%22%3a%200%2c%20%22title%22%3a%20%22%5cu05d7%5cu05d9%5cu05e4%5cu05d5%5cu05e9%22%2c%20%22season%22%3a%200%2c%20%22TVshowtitle%22%3a%20%22%22%2c%20%22mediatype%22%3a%20%22movie%22%2c%20%22plot%22%3a%20%22Search%22%2c%20%22OriginalTitle%22%3a%20%22%20%22%2c%20%22Tag%22%3a%20%22None%22%2c%20%22id%22%3a%20%22%20%22%7d&quot;,return)</onclick>
</item>
<item>
<label>חפש סדרה בסדרות טיוי</label>
<onclick>ActivateWindow(10025,&quot;plugin://plugin.video.sdarot.tv/search/0&quot;,return)</onclick>
</item>
<item>
<label>חפש כל סרט בעברית</label>
<onclick>ActivateWindow(10025,&quot;plugin://plugin.video.telemedia/?data=%20&amp;dates=%20&amp;description=Tmdb&amp;eng_name=%20&amp;episode=%20&amp;fanart=http%3a%2f%2fwww.videomotion.co.il%2fwp-content%2fuploads%2fwhatwedo-Pic-small.jpg&amp;fav_status=false&amp;groups_id=0&amp;heb_name=%20&amp;iconimage=special%3a%2f%2fhome%2faddons%2fplugin.video.telemedia%2ftele%2fMovies%2fmovie_search.png&amp;id=%20&amp;image_master&amp;isr=0&amp;last_id&amp;mode=14&amp;name=%d7%97%d7%a4%d7%a9%20%d7%a1%d7%a8%d7%98&amp;original_title=%20&amp;season=%20&amp;show_original_year=%20&amp;tmdbid=%20&amp;url=http%3a%2f%2fapi.themoviedb.org%2f3%2fsearch%2fmovie%3fapi_key%3d34142515d9d23817496eeb4ff1d223d0%26query%3d%25s%26language%3dhe%26append_to_response%3dorigin_country%26page%3d1&quot;,return)</onclick>
</item>
<item>
<label>חפש כל סדרה בעברית</label>
<onclick>ActivateWindow(10025,&quot;plugin://plugin.video.telemedia/?data=all&amp;dates=%20&amp;description=Search%20All&amp;eng_name=%20&amp;episode=%20&amp;fanart=https%3a%2f%2fwww.komando.com%2fwp-content%2fuploads%2f2017%2f12%2fcomputer-search.jpg&amp;fav_status=false&amp;groups_id=0&amp;heb_name=%20&amp;iconimage=https%3a%2f%2fsitechecker.pro%2fwp-content%2fuploads%2f2017%2f12%2fsearch-engines.png&amp;id=%20&amp;image_master&amp;isr=0&amp;last_id=0%24%24%240&amp;mode=6&amp;name=%5bCOLOR%20yellow%5d%d7%97%d7%99%d7%a4%d7%95%d7%a9%20%d7%9b%d7%9c%d7%9c%d7%99%5b%2fCOLOR%5d&amp;original_title=%20&amp;season=%20&amp;show_original_year=%20&amp;tmdbid=%20&amp;url=%20&quot;,return)</onclick>
</item>
<item>
<label>הפעל ריל דבריד</label>
<onclick>RunPlugin(plugin://script.module.resolveurl/?mode=auth_rd,return)</onclick>
</item>	
<item>
<label>טלמדיה</label>
<onclick>RunAddon(plugin.video.telemedia)</onclick>
</item>		
<item>
<label>עדכון ידני לבילד</label>
<onclick>ActivateWindow(Programs,"plugin://plugin.program.Ghost/?mode=viewbuild&amp;name=+Pellucid+Premium+Ver+1",return)</onclick>
</item>
<item>
<label>הגדרות</label>
<onclick>ActivateWindow(settings)</onclick>
</item>	
<item>
<label>[COLOR red]יציאה[/COLOR]</label>
<onclick>ActivateWindow(10001,&quot;plugin://plugin.close.kodi/?description&amp;fanart=C%3a%5cUsers%5cneta%5cAppData%5cRoaming%5cKodi%5caddons%5cplugin.close.kodi%5cfanart.jpg&amp;iconimage=C%3a%5cUsers%5cneta%5cAppData%5cRoaming%5cKodi%5caddons%5cplugin.close.kodi%5cresources%5cart%5cforce.png&amp;mode=4&amp;name=Insta%20Kill%20(Warning%20Kills%20The%20MediaCenter%20Instantly)&amp;url=fclose&quot;,return)</onclick>
</item>		-->									
</content>
</control>
</control>
</include>

</includes>
