<?xml version="1.0" encoding="UTF-8"?>



<includes>


<include name="extrassettings">

<control type="group">
<animation condition="Player.HasVideo" effect="fade" start="100" end="0" time="50">Conditional</animation>
<animation condition="$EXP[newmovieswidgets]" effect="slide" start="0,0" end="0,-6" time="250" tween="sine" easing="inout">Conditional</animation>
<animation condition="Window.IsActive(1181) | Window.IsActive(6001) | Window.IsActive(1182) | Window.IsActive(1183) | Window.IsActive(6010) | Window.IsActive(6014)  | Window.IsActive(6016) | Window.IsActive(6017) | Window.IsActive(6022) | Window.IsActive(6023) | Window.IsActive(6015)" effect="slide" start="0,0" end="2000,0" time="500" tween="quanderic" easing="inout">Conditional</animation>
<animation type="WindowOpen">
<effect type="fade" time="500"/>
<effect type="slide" start="0,0" end="1250,0" time="450" tween="sine" easing="inout"/>
</animation>
<animation type="WindowClose">
<effect type="fade" time="500"/>
<effect type="slide" start="1250,0" end="0,0" time="450" tween="sine" easing="inout"/>
</animation>
<posx>-1250</posx>
<posy>70</posy>
<control type="image">
<posx>0</posx>
<posy>0</posy>
<width>1400</width>
<height>255</height>
<bordertexture colordiffuse="$VAR[MainInfoTextBorder]">white.png</bordertexture>
<bordersize>2</bordersize>
<texture colordiffuse="black">white.png</texture>
</control>

					
				<control type="grouplist" id="11256">
				<posx>10</posx>
				<posy>10</posy>
				<width>1380</width>
				<height>235</height>
				<ondown>600008</ondown>
				<onback>600008</onback>
				<onup>80011</onup>
				<onright condition="Player.HasVideo | Player.HasAudio">80011</onright>
				<orientation>vertical</orientation>
				<itemgap>5</itemgap>
				<control type="radiobutton" id="1">
				<onup condition="Player.HasVideo">80011</onup>
              	<texturefocus diffuse="glass.jpg" colordiffuse="$VAR[SubMenuFocusedColor]">white.png</texturefocus>
				<texturenofocus colordiffuse="4a666666">white.png</texturenofocus>
				<textcolor>white</textcolor>
				<focusedcolor>burlywood</focusedcolor>
                <description>Disable recently added Albums</description>
                <width>1380</width>
                <label>הפעל או בטל וידאו ערוץ 2 בהפעלת הקודי</label>
				<onclick>Skin.ToggleSetting(channel2)</onclick>
				<selected>Skin.HasSetting(channel2)</selected>
				<enable>!Skin.HasSetting(channel13) + !Skin.HasSetting(channel11)</enable>
                </control>
				<control type="radiobutton" id="2">
				<onup condition="Player.HasVideo">80011</onup>
              	<texturefocus diffuse="glass.jpg" colordiffuse="$VAR[SubMenuFocusedColor]">white.png</texturefocus>
				<texturenofocus colordiffuse="4a666666">white.png</texturenofocus>
				<textcolor>white</textcolor>
				<focusedcolor>burlywood</focusedcolor>
                <description>Disable recently added Albums</description>
                <width>1380</width>
                <label>הפעל או בטל ערוץ 13 בהפעלת הקודי</label>
				<onclick>Skin.ToggleSetting(channel13)</onclick>
				<selected>Skin.HasSetting(channel13)</selected>
				<enable>!Skin.HasSetting(channel2) + !Skin.HasSetting(channel11)</enable>
                </control>
				<control type="radiobutton" id="3">
				<onup condition="Player.HasVideo">80011</onup>
              	<texturefocus diffuse="glass.jpg" colordiffuse="$VAR[SubMenuFocusedColor]">white.png</texturefocus>
				<texturenofocus colordiffuse="4a666666">white.png</texturenofocus>
				<textcolor>white</textcolor>
				<focusedcolor>burlywood</focusedcolor>
                <description>Disable recently added Albums</description>
                <width>1380</width>
                <label>הפעל או בטל ערוץ כאן 11 בהפעלת הקודי</label>
				<onclick>Skin.ToggleSetting(channel11)</onclick>
				<selected>Skin.HasSetting(channel11)</selected>
				<enable>!Skin.HasSetting(channel2) + !Skin.HasSetting(channel13)</enable>
                </control>
				
				
				<control type="radiobutton" id="4">
				<onup condition="Player.HasVideo">80011</onup>
              	<texturefocus diffuse="glass.jpg" colordiffuse="$VAR[SubMenuFocusedColor]">white.png</texturefocus>
				<texturenofocus colordiffuse="4a666666">white.png</texturenofocus>
				<textcolor>white</textcolor>
				<focusedcolor>burlywood</focusedcolor>
                <description>Disable recently added Albums</description>
                <width>1380</width>
                <label>הפעל נגן סרטים סדרות סגנון פשוט</label>
				<onclick>Skin.ToggleSetting(playeddesign1)</onclick>
				<selected>Skin.HasSetting(playeddesign1)</selected>
				<enable>!Skin.HasSetting(playeddesign2)</enable>
                </control>
				
				
				<control type="radiobutton" id="5">
				<onup condition="Player.HasVideo">80011</onup>
              	<texturefocus diffuse="glass.jpg" colordiffuse="$VAR[SubMenuFocusedColor]">white.png</texturefocus>
				<texturenofocus colordiffuse="4a666666">white.png</texturenofocus>
				<textcolor>white</textcolor>
				<focusedcolor>burlywood</focusedcolor>
                <description>Disable recently added Albums</description>
                <width>1380</width>
                <label>הפעל נגן סרטים סדרות סגנון פלוסיד</label>
				<onclick>Skin.ToggleSetting(playeddesign2)</onclick>
				<selected>Skin.HasSetting(playeddesign2)</selected>
				<enable>!Skin.HasSetting(playeddesign1)</enable>
                </control>
				
				
				<control type="radiobutton" id="6">
              	<texturefocus diffuse="glass.jpg" colordiffuse="$VAR[SubMenuFocusedColor]">white.png</texturefocus>
				<texturenofocus colordiffuse="4a666666">white.png</texturenofocus>
				<textcolor>white</textcolor>
				<focusedcolor>burlywood</focusedcolor>
                <description>Disable recently added Albums</description>
                <width>1380</width>
                <label>הפעל או בטל הודעת צפייה בנגן</label>
                <onclick>Skin.ToggleSetting(hidetextosd)</onclick>
                <selected>Skin.HasSetting(hidetextosd)</selected>
                </control>
				<control type="radiobutton" id="7">
              	<texturefocus diffuse="glass.jpg" colordiffuse="$VAR[SubMenuFocusedColor]">white.png</texturefocus>
				<texturenofocus colordiffuse="4a666666">white.png</texturenofocus>
				<textcolor>white</textcolor>
				<focusedcolor>burlywood</focusedcolor>
                <description>Disable recently added Albums</description>
                <width>1380</width>
                <label>עיצוב מתקדם ליס גו</label>
                <onclick>Skin.ToggleSetting(yesgofanartrotation)</onclick>
                <selected>Skin.HasSetting(yesgofanartrotation)</selected>
                </control>
			    <control type="button" id="8">
				<width>1380</width>
				<height>60</height>
                <label>הגדר שם מסך ראשי</label>
				<label2>$VAR[MainNameString]</label2>
				<align>left</align>
				<texturefocus diffuse="glass.jpg" colordiffuse="$VAR[SubMenuFocusedColor]">white.png</texturefocus>
				<texturenofocus colordiffuse="4a666666">white.png</texturenofocus>
				<textcolor>white</textcolor>
				<focusedcolor>burlywood</focusedcolor>
                <onclick>Skin.SetString(MainNameString)</onclick>
                </control>
				<control type="button" id="9">
				<description>Icons nf color</description>
				<width>1380</width>
				<height>60</height>
				<align>left</align>
				<label>הגדר צבע פוקוס תפריט ראשי</label>
				<texturefocus diffuse="glass.jpg" colordiffuse="$VAR[SubMenuFocusedColor]">white.png</texturefocus>
				<texturenofocus colordiffuse="4a666666">white.png</texturenofocus>
				<textcolor>white</textcolor>
				<focusedcolor>burlywood</focusedcolor>
				<label2>$VAR[MainMenuFocusedColor]</label2>
				<onclick>RunScript(script.skin.helper.colorpicker,skinstring=MainMenuFocusedColor)</onclick>
				</control>
				<control type="button" id="10">
				<description>Icons nf color</description>
				<width>1380</width>
				<height>60</height>
				<align>left</align>
				<label>הגדר צבע טקסט תפריט ראשי</label>
				<texturefocus diffuse="glass.jpg" colordiffuse="$VAR[SubMenuFocusedColor]">white.png</texturefocus>
				<texturenofocus colordiffuse="4a666666">white.png</texturenofocus>
				<textcolor>white</textcolor>
				<focusedcolor>burlywood</focusedcolor>
				<label2>$VAR[MainMenuTextColor]</label2>
				<onclick>RunScript(script.skin.helper.colorpicker,skinstring=MainMenuTextColor)</onclick>
				</control>
				
				<control type="button" id="11">
				<description>Icons nf color</description>
				<width>1380</width>
				<height>60</height>
				<align>left</align>
				<label>הגדר צבע מסגרות בחלון הראשי</label>
				<texturefocus diffuse="glass.jpg" colordiffuse="$VAR[SubMenuFocusedColor]">white.png</texturefocus>
				<texturenofocus colordiffuse="4a666666">white.png</texturenofocus>
				<textcolor>white</textcolor>
				<focusedcolor>burlywood</focusedcolor>
				<label2>$VAR[MainInfoTextBorder]</label2>
				<onclick>RunScript(script.skin.helper.colorpicker,skinstring=MainInfoTextBorder)</onclick>
				</control>

				<control type="button" id="12">
				<description>Icons nf color</description>
				<width>1380</width>
				<height>60</height>
				<align>left</align>
				<label>הגדר צבע גדר רדיו</label>
				<texturefocus diffuse="glass.jpg" colordiffuse="$VAR[SubMenuFocusedColor]">white.png</texturefocus>
				<texturenofocus colordiffuse="4a666666">white.png</texturenofocus>
				<textcolor>white</textcolor>
				<focusedcolor>burlywood</focusedcolor>
				<label2>$VAR[MainRadioTextBorder]</label2>
				<onclick>RunScript(script.skin.helper.colorpicker,skinstring=MainRadioTextBorder)</onclick>
				</control>
				<control type="button" id="13">
				<description>Icons nf color</description>
				<width>1380</width>
				<height>60</height>
				<align>left</align>
				<label>הגדר צבע פוקוס תפריטים</label>
				<texturefocus diffuse="glass.jpg" colordiffuse="$VAR[SubMenuFocusedColor]">white.png</texturefocus>
				<texturenofocus colordiffuse="4a666666">white.png</texturenofocus>
				<textcolor>white</textcolor>
				<focusedcolor>burlywood</focusedcolor>
				<label2>$VAR[SubMenuFocusedColor]</label2>
				<onclick>RunScript(script.skin.helper.colorpicker,skinstring=SubMenuFocusedColor)</onclick>
				</control>
				<control type="button" id="14">
				<description>Icons nf color</description>
				<width>1380</width>
				<height>60</height>
				<align>left</align>
				<label>הגדר צבע טקסט תת תפריט</label>
				<texturefocus diffuse="glass.jpg" colordiffuse="$VAR[SubMenuFocusedColor]">white.png</texturefocus>
				<texturenofocus colordiffuse="4a666666">white.png</texturenofocus>
				<textcolor>white</textcolor>
				<focusedcolor>burlywood</focusedcolor>
				<label2>$VAR[SubTextFocusedColor]</label2>
				<onclick>RunScript(script.skin.helper.colorpicker,skinstring=SubTextFocusedColor)</onclick>
				</control>

				</control>

</control>





<control type="group">
<animation condition="!Player.HasVideo" effect="fade" start="100" end="0" time="50">Conditional</animation>
<animation condition="$EXP[newmovieswidgets]" effect="slide" start="0,0" end="0,-6" time="250" tween="sine" easing="inout">Conditional</animation>
<animation condition="Window.IsActive(1181) | Window.IsActive(6001) | Window.IsActive(1182) | Window.IsActive(1183) | Window.IsActive(6010) | Window.IsActive(6014)  | Window.IsActive(6016) | Window.IsActive(6017) | Window.IsActive(6022) | Window.IsActive(6023) | Window.IsActive(6015)" effect="slide" start="0,0" end="2000,0" time="500" tween="quanderic" easing="inout">Conditional</animation>
<animation type="WindowOpen">
<effect type="fade" time="500"/>
<effect type="slide" start="0,0" end="1250,0" time="450" tween="sine" easing="inout"/>
</animation>
<animation type="WindowClose">
<effect type="fade" time="500"/>
<effect type="slide" start="1250,0" end="0,0" time="450" tween="sine" easing="inout"/>
</animation>
<posx>-1250</posx>
<posy>70</posy>
<control type="image">
<posx>0</posx>
<posy>0</posy>
<width>905</width>
<height>255</height>
<bordertexture colordiffuse="$VAR[MainInfoTextBorder]">white.png</bordertexture>
<bordersize>2</bordersize>
<texture colordiffuse="black">white.png</texture>
</control>

					
				<control type="grouplist" id="11257">
				<posx>10</posx>
				<posy>10</posy>
				<width>1380</width>
				<height>235</height>
				<ondown>600008</ondown>
				<onback>600008</onback>
				<onright condition="Player.HasVideo">9004</onright>
				<orientation>vertical</orientation>
				<itemgap>5</itemgap>
				<control type="radiobutton" id="111">
				<onright condition="Player.HasVideo">9004</onright>
              	<texturefocus diffuse="glass.jpg" colordiffuse="$VAR[SubMenuFocusedColor]">white.png</texturefocus>
				<texturenofocus colordiffuse="4a666666">white.png</texturenofocus>
				<textcolor>white</textcolor>
				<focusedcolor>burlywood</focusedcolor>
                <description>Disable recently added Albums</description>
                <width>890</width>
                <label>הפעל או בטל וידאו ערוץ 2 בהפעלת הקודי</label>
				<onclick>Skin.ToggleSetting(channel2)</onclick>
				<selected>Skin.HasSetting(channel2)</selected>
				<enable>!Skin.HasSetting(channel13) + !Skin.HasSetting(channel11)</enable>
                </control>
				<control type="radiobutton" id="112">
				<onup condition="Player.HasVideo">80011</onup>
              	<texturefocus diffuse="glass.jpg" colordiffuse="$VAR[SubMenuFocusedColor]">white.png</texturefocus>
				<texturenofocus colordiffuse="4a666666">white.png</texturenofocus>
				<textcolor>white</textcolor>
				<focusedcolor>burlywood</focusedcolor>
                <description>Disable recently added Albums</description>
                <width>890</width>
                <label>הפעל או בטל ערוץ 13 בהפעלת הקודי</label>
				<onclick>Skin.ToggleSetting(channel13)</onclick>
				<selected>Skin.HasSetting(channel13)</selected>
				<enable>!Skin.HasSetting(channel2) + !Skin.HasSetting(channel11)</enable>
                </control>
				<control type="radiobutton" id="113">
				<onup condition="Player.HasVideo">80011</onup>
              	<texturefocus diffuse="glass.jpg" colordiffuse="$VAR[SubMenuFocusedColor]">white.png</texturefocus>
				<texturenofocus colordiffuse="4a666666">white.png</texturenofocus>
				<textcolor>white</textcolor>
				<focusedcolor>burlywood</focusedcolor>
                <description>Disable recently added Albums</description>
                <width>890</width>
                <label>הפעל או בטל ערוץ כאן 11 בהפעלת הקודי</label>
				<onclick>Skin.ToggleSetting(channel11)</onclick>
				<selected>Skin.HasSetting(channel11)</selected>
				<enable>!Skin.HasSetting(channel2) + !Skin.HasSetting(channel13)</enable>
                </control>	
				
				<control type="radiobutton" id="114">
				<onup condition="Player.HasVideo">80011</onup>
              	<texturefocus diffuse="glass.jpg" colordiffuse="$VAR[SubMenuFocusedColor]">white.png</texturefocus>
				<texturenofocus colordiffuse="4a666666">white.png</texturenofocus>
				<textcolor>white</textcolor>
				<focusedcolor>burlywood</focusedcolor>
                <description>Disable recently added Albums</description>
                <width>890</width>
                <label>הפעל נגן סרטים סדרות סגנון פשוט</label>
				<onclick>Skin.ToggleSetting(playeddesign1)</onclick>
				<selected>Skin.HasSetting(playeddesign1)</selected>
				<enable>!Skin.HasSetting(playeddesign2)</enable>
                </control>
				
				
				<control type="radiobutton" id="115">
				<onup condition="Player.HasVideo">80011</onup>
              	<texturefocus diffuse="glass.jpg" colordiffuse="$VAR[SubMenuFocusedColor]">white.png</texturefocus>
				<texturenofocus colordiffuse="4a666666">white.png</texturenofocus>
				<textcolor>white</textcolor>
				<focusedcolor>burlywood</focusedcolor>
                <description>Disable recently added Albums</description>
                <width>890</width>
                <label>הפעל נגן סרטים סדרות סגנון פלוסיד</label>
				<onclick>Skin.ToggleSetting(playeddesign2)</onclick>
				<selected>Skin.HasSetting(playeddesign2)</selected>
				<enable>!Skin.HasSetting(playeddesign1)</enable>
                </control>
				
				
				<control type="radiobutton" id="116">
              	<texturefocus diffuse="glass.jpg" colordiffuse="$VAR[SubMenuFocusedColor]">white.png</texturefocus>
				<texturenofocus colordiffuse="4a666666">white.png</texturenofocus>
				<textcolor>white</textcolor>
				<focusedcolor>burlywood</focusedcolor>
                <description>Disable recently added Albums</description>
                <width>890</width>
                <label>הפעל או בטל הודעת צפייה בנגן</label>
                <onclick>Skin.ToggleSetting(hidetextosd)</onclick>
                <selected>Skin.HasSetting(hidetextosd)</selected>
                </control>
				<control type="radiobutton" id="117">
              	<texturefocus diffuse="glass.jpg" colordiffuse="$VAR[SubMenuFocusedColor]">white.png</texturefocus>
				<texturenofocus colordiffuse="4a666666">white.png</texturenofocus>
				<textcolor>white</textcolor>
				<focusedcolor>burlywood</focusedcolor>
                <description>Disable recently added Albums</description>
                <width>890</width>
                <label>עיצוב מתקדם ליס גו</label>
                <onclick>Skin.ToggleSetting(yesgofanartrotation)</onclick>
                <selected>Skin.HasSetting(yesgofanartrotation)</selected>
                </control>
			    <control type="button" id="118">
				<width>890</width>
				<height>60</height>
                <label>הגדר שם מסך ראשי</label>
				<label2>$VAR[MainNameString]</label2>
				<align>left</align>
				<texturefocus diffuse="glass.jpg" colordiffuse="$VAR[SubMenuFocusedColor]">white.png</texturefocus>
				<texturenofocus colordiffuse="4a666666">white.png</texturenofocus>
				<textcolor>white</textcolor>
				<focusedcolor>burlywood</focusedcolor>
                <onclick>Skin.SetString(MainNameString)</onclick>
                </control>
				<control type="button" id="119">
				<description>Icons nf color</description>
				<width>890</width>
				<height>60</height>
				<align>left</align>
				<label>הגדר צבע פוקוס תפריט ראשי</label>
				<texturefocus diffuse="glass.jpg" colordiffuse="$VAR[SubMenuFocusedColor]">white.png</texturefocus>
				<texturenofocus colordiffuse="4a666666">white.png</texturenofocus>
				<textcolor>white</textcolor>
				<focusedcolor>burlywood</focusedcolor>
				<label2>$VAR[MainMenuFocusedColor]</label2>
				<onclick>RunScript(script.skin.helper.colorpicker,skinstring=MainMenuFocusedColor)</onclick>
				</control>
				<control type="button" id="120">
				<description>Icons nf color</description>
				<width>890</width>
				<height>60</height>
				<align>left</align>
				<label>הגדר צבע טקסט תפריט ראשי</label>
				<texturefocus diffuse="glass.jpg" colordiffuse="$VAR[SubMenuFocusedColor]">white.png</texturefocus>
				<texturenofocus colordiffuse="4a666666">white.png</texturenofocus>
				<textcolor>white</textcolor>
				<focusedcolor>burlywood</focusedcolor>
				<label2>$VAR[MainMenuTextColor]</label2>
				<onclick>RunScript(script.skin.helper.colorpicker,skinstring=MainMenuTextColor)</onclick>
				</control>
				
				<control type="button" id="121">
				<description>Icons nf color</description>
				<width>890</width>
				<height>60</height>
				<align>left</align>
				<label>הגדר צבע מסגרות בחלון הראשי</label>
				<texturefocus diffuse="glass.jpg" colordiffuse="$VAR[SubMenuFocusedColor]">white.png</texturefocus>
				<texturenofocus colordiffuse="4a666666">white.png</texturenofocus>
				<textcolor>white</textcolor>
				<focusedcolor>burlywood</focusedcolor>
				<label2>$VAR[MainInfoTextBorder]</label2>
				<onclick>RunScript(script.skin.helper.colorpicker,skinstring=MainInfoTextBorder)</onclick>
				</control>

				<control type="button" id="122">
				<description>Icons nf color</description>
				<width>890</width>
				<height>60</height>
				<align>left</align>
				<label>הגדר צבע גדר רדיו</label>
				<texturefocus diffuse="glass.jpg" colordiffuse="$VAR[SubMenuFocusedColor]">white.png</texturefocus>
				<texturenofocus colordiffuse="4a666666">white.png</texturenofocus>
				<textcolor>white</textcolor>
				<focusedcolor>burlywood</focusedcolor>
				<label2>$VAR[MainRadioTextBorder]</label2>
				<onclick>RunScript(script.skin.helper.colorpicker,skinstring=MainRadioTextBorder)</onclick>
				</control>
				<control type="button" id="123">
				<description>Icons nf color</description>
				<width>890</width>
				<height>60</height>
				<align>left</align>
				<label>הגדר צבע פוקוס תפריטים</label>
				<texturefocus diffuse="glass.jpg" colordiffuse="$VAR[SubMenuFocusedColor]">white.png</texturefocus>
				<texturenofocus colordiffuse="4a666666">white.png</texturenofocus>
				<textcolor>white</textcolor>
				<focusedcolor>burlywood</focusedcolor>
				<label2>$VAR[SubMenuFocusedColor]</label2>
				<onclick>RunScript(script.skin.helper.colorpicker,skinstring=SubMenuFocusedColor)</onclick>
				</control>
				<control type="button" id="124">
				<description>Icons nf color</description>
				<width>890</width>
				<height>60</height>
				<align>left</align>
				<label>הגדר צבע טקסט תת תפריט</label>
				<texturefocus diffuse="glass.jpg" colordiffuse="$VAR[SubMenuFocusedColor]">white.png</texturefocus>
				<texturenofocus colordiffuse="4a666666">white.png</texturenofocus>
				<textcolor>white</textcolor>
				<focusedcolor>burlywood</focusedcolor>
				<label2>$VAR[SubTextFocusedColor]</label2>
				<onclick>RunScript(script.skin.helper.colorpicker,skinstring=SubTextFocusedColor)</onclick>
				</control>

				</control>

</control>


</include>



</includes>
