<?xml version="1.0" encoding="UTF-8"?>





<includes>



<include name="widget_content">
<animation condition="Window.IsActive(9010)" effect="slide" start="0,0" end="0,1000" time="150" tween="sine" easing="inout">Conditional</animation>
<animation condition="Window.IsActive(9010)" effect="fade" start="100" end="0" time="150">Conditional</animation>
<animation effect="fade" start="0" end="100" time="150">VisibleChange</animation>
<posx>17</posx>
<posy>750</posy>
<width>1880</width>
<height>500</height>
<onback>9000</onback>
<onup condition="Player.HasVideo">9004</onup>
<onup condition="!Player.HasVideo">9000</onup>
<ondown>Action(info)</ondown>
<orientation>Horizontal</orientation>
<focusposition>0</focusposition>
<scrolltime tween="sine" easing="inout">350</scrolltime>
<itemlayout width="260" height="200">
<control type="image">
<posx>7</posx>
<posy>7</posy>
<width>250</width>
<height>320</height>
<texture>$INFO[ListItem.Thumb]</texture>
</control>
</itemlayout>
<focusedlayout width="260" height="200">
<control type="image">
<animation condition="Control.HasFocus(9002)" effect="fade" start="0" end="100" time="250">Conditional</animation>
<visible>Control.HasFocus(9002)</visible>
<posx>0</posx>
<posy>6</posy>
<width>264</width>
<height>322</height>
<texture>black.png</texture>
<bordertexture>white.png</bordertexture>
<bordersize>6</bordersize>
</control>
<control type="image">
<visible>!Control.HasFocus(9002)</visible>
<posx>7</posx>
<posy>7</posy>
<width>250</width>
<height>320</height>
<texture>$INFO[ListItem.Thumb]</texture>
</control>
<control type="image">
<visible>Control.HasFocus(9002)</visible>
<posx>7</posx>
<posy>13</posy>
<width>250</width>
<height>308</height>
<texture>$INFO[ListItem.Thumb]</texture>
</control>
</focusedlayout>
</include>



<include name="widget_content_second">
<animation condition="Window.IsActive(9010)" effect="slide" start="0,0" end="0,1000" time="150" tween="sine" easing="inout">Conditional</animation>
<animation condition="Window.IsActive(9010)" effect="fade" start="100" end="0" time="150">Conditional</animation>
<animation effect="fade" start="0" end="100" time="150">VisibleChange</animation>
<posx>17</posx>
<posy>750</posy>
<width>1880</width>
<height>500</height>
<onback>9000</onback>
<onup condition="Player.HasVideo">9004</onup>
<onup condition="!Player.HasVideo">9000</onup>
<ondown>Action(info)</ondown>
<orientation>Horizontal</orientation>
<focusposition>0</focusposition>
<scrolltime tween="sine" easing="inout">350</scrolltime>
<itemlayout width="260" height="200">
<control type="image">
<posx>7</posx>
<posy>7</posy>
<width>250</width>
<height>320</height>
<texture>$INFO[ListItem.Thumb]</texture>
</control>
</itemlayout>
<focusedlayout width="260" height="200">
<control type="image">
<animation condition="Control.HasFocus(9003)" effect="fade" start="0" end="100" time="250">Conditional</animation>
<visible>Control.HasFocus(9003)</visible>
<posx>0</posx>
<posy>6</posy>
<width>264</width>
<height>322</height>
<texture>black.png</texture>
<bordertexture>white.png</bordertexture>
<bordersize>6</bordersize>
</control>
<control type="image">
<visible>!Control.HasFocus(9003)</visible>
<posx>7</posx>
<posy>7</posy>
<width>250</width>
<height>320</height>
<texture>$INFO[ListItem.Thumb]</texture>
</control>
<control type="image">
<visible>Control.HasFocus(9003)</visible>
<posx>7</posx>
<posy>13</posy>
<width>250</width>
<height>308</height>
<texture>$INFO[ListItem.Thumb]</texture>
</control>
</focusedlayout>
</include>



<include name="widget_content_theard">
<animation condition="Window.IsActive(9010)" effect="slide" start="0,0" end="0,1000" time="150" tween="sine" easing="inout">Conditional</animation>
<animation condition="Window.IsActive(9010)" effect="fade" start="100" end="0" time="150">Conditional</animation>
<animation effect="fade" start="0" end="100" time="150">VisibleChange</animation>
<posx>17</posx>
<posy>750</posy>
<width>1880</width>
<height>500</height>
<onback>9000</onback>
<onup condition="Player.HasVideo">9004</onup>
<onup condition="!Player.HasVideo">9000</onup>
<ondown>Action(info)</ondown>
<orientation>Horizontal</orientation>
<focusposition>0</focusposition>
<scrolltime tween="sine" easing="inout">350</scrolltime>
<itemlayout width="260" height="200">
<control type="image">
<posx>7</posx>
<posy>7</posy>
<width>250</width>
<height>320</height>
<texture>$INFO[ListItem.Thumb]</texture>
</control>
</itemlayout>
<focusedlayout width="260" height="200">
<control type="image">
<animation condition="Control.HasFocus(9104)" effect="fade" start="0" end="100" time="250">Conditional</animation>
<visible>Control.HasFocus(9104)</visible>
<posx>0</posx>
<posy>6</posy>
<width>264</width>
<height>322</height>
<texture>black.png</texture>
<bordertexture>white.png</bordertexture>
<bordersize>6</bordersize>
</control>
<control type="image">
<visible>!Control.HasFocus(9104)</visible>
<posx>7</posx>
<posy>7</posy>
<width>250</width>
<height>320</height>
<texture>$INFO[ListItem.Thumb]</texture>
</control>
<control type="image">
<visible>Control.HasFocus(9104)</visible>
<posx>7</posx>
<posy>13</posy>
<width>250</width>
<height>308</height>
<texture>$INFO[ListItem.Thumb]</texture>
</control>
</focusedlayout>
</include>



<include name="widgetsinfomainscreen">
<definition>
<control type="group">
<animation condition="Window.IsActive(9010)" effect="fade" start="100" end="0,0" time="250" tween="sine" easing="inout">Conditional</animation>
<visible>Control.IsVisible($PARAM[widgetid])</visible>
<control type="label">
<posx>1050</posx>
<posy>350</posy>
<width>800</width>
<height>50</height>
<align>center</align>
<font>font-30</font>
<label>$INFO[Container($PARAM[widgetid]).ListItem.Label]</label>
</control>
<control type="label">
<visible>String.IsEmpty(Container($PARAM[widgetid]).ListItem.Year)</visible>
<posx>1050</posx>
<posy>410</posy>
<width>800</width>
<height>50</height>
<align>center</align>
<font>font-18</font>
<label>אין שנה</label>
</control>
<control type="label">
<posx>1050</posx>
<posy>410</posy>
<width>800</width>
<height>50</height>
<align>center</align>
<font>font-18</font>
<label>$INFO[Container($PARAM[widgetid]).ListItem.Year]</label>
</control>
<control type="textbox">
<autoscroll time="3500" fade="3500" delay="8000" repeat="4000">Control.HasFocus($PARAM[widgetid])</autoscroll>
<posx>1050</posx>
<posy>450</posy>
<width>800</width>
<height>180</height>
<align>center</align>
<aligny>center</aligny>
<label>$INFO[Container($PARAM[widgetid]).ListItem.Plot]</label>
</control>
<control type="textbox">
<visible>String.IsEmpty(Container($PARAM[widgetid]).ListItem.Plot)</visible>
<autoscroll time="3500" fade="3500" delay="8000" repeat="4000">Control.HasFocus($PARAM[widgetid])</autoscroll>
<posx>1050</posx>
<posy>500</posy>
<width>800</width>
<height>140</height>
<align>center</align>
<aligny>center</aligny>
<label>אין מידע לתוכן זה כרגע קצת מידע על הבילד.  בלחיצה על האריחים הראשיים יעביר אתכם לתת תפריט לחיצה על חץ תחתון באריחי יביא אתכם לוידג'ט עצמו של אותו אריח</label>
</control>
<control type="label">
<visible>String.IsEmpty(Container($PARAM[widgetid]).ListItem.Genre)</visible>
<posx>1050</posx>
<posy>640</posy>
<width>800</width>
<height>50</height>
<align>center</align>
<aligny>center</aligny>
<font>font-22</font>
<textcolor>gray</textcolor>
<label>[I]מצטערים אך לא נמצא זא'נר לתוכן זה[/I]</label>
</control>
<control type="label">
<posx>1050</posx>
<posy>640</posy>
<width>800</width>
<height>50</height>
<align>center</align>
<aligny>center</aligny>
<font>font-22</font>
<textcolor>gray</textcolor>
<label>[I]$INFO[Container($PARAM[widgetid]).ListItem.Genre][/I]</label>
</control>
<control type="label">
<posx>1050</posx>
<posy>670</posy>
<width>800</width>
<height>50</height>
<align>center</align>
<aligny>center</aligny>
<font>font-22</font>
<label>$INFO[Container($PARAM[widgetid]).ListItem.DateAdded, התווסף להרחבה בתאריך: ]</label>
</control>
<control type="label">
<posx>1050</posx>
<posy>700</posy>
<width>800</width>
<height>50</height>
<align>center</align>
<aligny>center</aligny>
<font>font-22</font>
<label>$INFO[Container(9000).ListItem.Property(widgetName)]</label>
</control>
<control type="multiimage">
<posx>30</posx>
<posy>340</posy>
<width>915</width>
<height>405</height>
<fadetime>250</fadetime>
<imagepath>$INFO[Container($PARAM[widgetid]).ListItem.Art(fanart)]</imagepath>
</control>
</control>
</definition>
</include>


</includes>
