<?xml version="1.0" encoding="UTF-8"?>



<includes>


<include name="playeddesign3">
        <control type="group">
            <posx>1236</posx>
            <posy>0</posy>
            <animation type="Windowopen">
				<effect type="fade" start="0" end="100" time="400"/>
                <effect type="slide" start="800" end="-680" tween="cubic" easing="out" time="500"/>
            </animation>
            <animation type="windowClose">
				<effect type="fade" start="100" end="0" time="1000"/>
                <effect type="slide" start="-680" end="800" tween="cubic" easing="in" time="500"/>
            </animation>
            <!--fade out if audio / video menu active-->
            <animation type="Conditional" condition="Window.IsActive(osdsubtitlesettings) | Window.IsActive(seekbar) | Window.IsActive(osdvideosettings) | Window.IsActive(osdaudiosettings) | window.isactive(PVROSDChannels) | window.isactive(subtitlesearch)">
                <effect type="fade" start="100" end="0" time="350"/>
                <effect type="slide" start="0" end="900" tween="cubic" easing="in" time="500"/>
            </animation>
            <!--overlay-->

	<control type="group">
	<animation condition="!IsEmpty(Window(home).Property(SkinHelper.Player.Studio)" effect="slide" start="0,0" end="0,170" delay="250" time="750" tween="cubic" easing="in">Conditional</animation>
	<posy>-200</posy>
	<control type="image">
	<posx>0</posx>
	<posy>940</posy>
	<width>810</width>
	<height>80</height>
	<texture colordiffuse="ff34495e">white.png</texture>
	</control>
	<control type="image">
	<posx>0</posx>
	<posy>935</posy>
	<width>810</width>
	<height>5</height>
	<texture colordiffuse="gray">white.png</texture>
	</control>


			<control type="grouplist">
			<posx>0</posx>
			<posy>945</posy>
			<width>800</width>
			<height>100</height>
			<align>center</align>
			<orientation>Horizontal</orientation>
			<itemgap>40</itemgap>
			<control type="group">
			<width>600</width>
			<include content="extrasosinfo3">
			<param name="label1" value="רשת"/>
			<param name="label2" value="$INFO[Window(home).Property(skinHelper.Player.Studio)]"/>
			<param name="width" value="600"/>
			</include>
			</control>
			</control>
	</control>


	<control type="group">
	<posy>-70</posy>
	<control type="image">
	<posx>0</posx>
	<posy>198</posy>
	<width>810</width>
	<height>50</height>
	<texture colordiffuse="ff34495e">white.png</texture>
	</control>
	<control type="image">
	<posx>0</posx>
	<posy>248</posy>
	<width>810</width>
	<height>2</height>
	<texture colordiffuse="darkgray">white.png</texture>
	</control>
	</control>
  
<control type="group">
<posy>30</posy>
	<control type="group">
	<posy>150</posy>
	<control type="image">
	<posx>0</posx>
	<posy>0</posy>
	<width>810</width>
	<height>260</height>
	<texture>black.png</texture>
	</control>
	<control type="image">
	<posx>0</posx>
	<posy>260</posy>
	<width>810</width>
	<height>5</height>
	<texture colordiffuse="gray">white.png</texture>
	</control>
	<control type="image">
	<posx>0</posx>
	<posy>265</posy>
	<width>810</width>
	<height>460</height>
	<texture colordiffuse="ff151515">white.png</texture>
	</control>
	<control type="image">
	<posx>2</posx>
	<posy>3</posy>
	<width>806</width>
	<height>254</height>
	<texture fallback="special://skin/extras/fallbacks/videodefault.jpg">$VAR[osdimage]</texture>
	</control>
	</control>
	
	
						<control type="group">
						<posx>0</posx>
						<posy>720</posy>
						<control type="progress">
							<description>Progressbar Cache</description>
							<posx>0</posx>
							<posy>0</posy>
							<width>810</width>
							<height>25</height>
							<info>Player.ProgressCache</info>
							<texturebg border="2,2,2,2" colordiffuse="7a444444">white.png</texturebg>
							<midtexture colordiffuse="gray">white.png</midtexture>
						</control>
						<control type="progress">
							<description>Progressbar</description>
							<posx>0</posx>
							<posy>0</posy>
							<width>810</width>
							<height>25</height>
							<texturebg border="2,2,2,2" colordiffuse="7a444444">white.png</texturebg>
							<midtexture colordiffuse="ff34495e">white.png</midtexture>
							<lefttexture>-</lefttexture>
							<righttexture>-</righttexture>
							<info>Player.Progress</info>
						</control>

            <control type="slider" id="402">
                <posx>0</posx>
                <posy>0</posy>
                <width>810</width>
                <height>95</height>
				<onback>8001</onback>
				<texturesliderbar>special://skin/extras/osd/4.png</texturesliderbar>
				<textureslidernib colordiffuse="white">white.png</textureslidernib>
				<textureslidernibfocus colordiffuse="burlywood">white.png</textureslidernibfocus>
                <orientation>horizontal</orientation>
				<action>seek</action>
            </control>
			</control>
			
			
			
			
			
			    <control type="list" id="8002">
                <posx>3</posx>
                <posy>795</posy>
                <width>805</width>
                <height>12-row</height>
                <itemgap>0</itemgap>
                <onup>8001</onup>
				<orientation>horizontal</orientation>
                <itemlayout width="234" height="2-row">
                    <control type="image">
                        <posx>0</posx>
                        <posy>10</posy>
                        <width>65</width>
                        <height>65</height>
                        <aspectratio>stretch</aspectratio>
                        <texture>white.png</texture>
                        <colordiffuse>ff34495e</colordiffuse>
                    </control>
                    <control type="image">
                        <posx>1-col</posx>
                        <posy>10</posy>
                        <width>150</width>
                        <height>65</height>
                        <aspectratio>stretch</aspectratio>
                        <texture>white.png</texture>
                        <colordiffuse>eeffffff</colordiffuse>
                    </control>
                    <control type="textbox">
                        <posx>95</posx>
                        <posy>0</posy>
                        <width>120</width>
                        <height>85</height>
						<align>center</align>
                        <aligny>center</aligny>
                        <font>itemSubTitle</font>
                        <textcolor>black</textcolor>
                        <label>$INFO[ListItem.label]</label>
                    </control>
					<control type="image">
                        <posx>10</posx>
                        <posy>20</posy>
                        <width>45</width>
                        <height>45</height>
                        <aspectratio>stretch</aspectratio>
                        <texture>$INFO[ListItem.Thumb]</texture>
                    </control>
                </itemlayout>
                <focusedlayout width="234" height="2-row">
                    <control type="image">
					<visible>!Control.HasFocus(8002)</visible>
					<animation effect="rotatey" start="-360" end="360" time="450" center="25">Focus</animation>
                        <posx>0</posx>
                        <posy>10</posy>
                        <width>65</width>
                        <height>65</height>
                        <aspectratio>stretch</aspectratio>
                        <texture>white.png</texture>
                        <colordiffuse>ff34495e</colordiffuse>
                    </control>
                    <control type="image">
					<visible>Control.HasFocus(8002)</visible>
					<animation effect="rotatey" start="-360" end="360" time="450" center="25">Focus</animation>
                        <posx>0</posx>
                        <posy>10</posy>
                        <width>65</width>
                        <height>65</height>
                        <aspectratio>stretch</aspectratio>
                        <texture>white.png</texture>
						<bordertexture colordiffuse="white">white.png</bordertexture>
						<bordersize>4</bordersize>
                        <colordiffuse>ff34495e</colordiffuse>
                    </control>
                    <control type="image">
					
                        <posx>1-col</posx>
                        <posy>10</posy>
                        <width>150</width>
                        <height>65</height>
                        <aspectratio>stretch</aspectratio>
                        <texture>white.png</texture>
                        <colordiffuse>eeffffff</colordiffuse>
                    </control>
                    <control type="textbox">
                        <posx>95</posx>
                        <posy>0</posy>
                        <width>120</width>
                        <height>85</height>
						<align>center</align>
                        <aligny>center</aligny>
                        <font>itemSubTitle</font>
                        <textcolor>black</textcolor>
                        <label>$INFO[ListItem.label]</label>
                    </control>
					<control type="image">
					<animation effect="rotatey" start="-360" end="360" time="450" center="25">Focus</animation>
                        <posx>10</posx>
                        <posy>20</posy>
                        <width>45</width>
                        <height>45</height>
                        <aspectratio>stretch</aspectratio>
                        <texture>$INFO[ListItem.Thumb]</texture>
                    </control>
                </focusedlayout>
                <content>
	                    <item>
					<visible>VideoPlayer.HasSubtitles + !VideoPlayer.SubtitlesEnabled</visible>
                        <description>subtitleenable</description>
                        <label>הפעל כתובית</label>
                        <thumb>special://skin/extras/osd/subs.png</thumb>
                        <onclick>showsubtitles</onclick>
                    </item>
                    <item>
					<visible>VideoPlayer.HasSubtitles + VideoPlayer.SubtitlesEnabled</visible>
                        <description>subtitleenable</description>
                        <label>בטל כתובית</label>
                        <thumb>special://skin/extras/osd/subs.png</thumb>
                        <onclick>showsubtitles</onclick>
                    </item>
                    <item>
                        <description>Subtitles</description>
                        <label>287</label>
                        <thumb>special://skin/extras/osd/subs3.png</thumb>
                        <onclick>ActivateWindow(subtitlesearch)</onclick>
                    </item>
                    <item>
                        <description>Video Settings</description>
                        <label>13395</label>
                        <label2></label2>
                        <thumb>special://skin/extras/videoosdicons/video-play-4-xxl.png</thumb>
                        <onclick>ActivateWindow(osdvideosettings)</onclick>
                    </item>
                    <item>
                        <description>Audio Settings</description>
                        <label>13396</label>
                    
                        <thumb>special://skin/extras/videoosdicons/audio.png</thumb>
                        <onclick>ActivateWindow(osdaudiosettings)</onclick>
                    </item>
                    <item>
                        <description>Bookmarks</description>
                        <label>298</label>
                        <thumb>special://skin/extras/videoosdicons/bookmark-xxl.png</thumb>
                        <onclick>ActivateWindow(videobookmarks)</onclick>
                    </item>
                </content>
            </control>




           <control type="panel" id="8001">
                <posx>200</posx>
                <posy>755</posy>
                <width>10-col</width>
                <height>2-row</height>
                <itemgap>0</itemgap>
                <ondown>Control.SetFocus(8002,0)</ondown>
                <onup>Control.SetFocus(61)</onup>
                <orientation>horizontal</orientation>
                <itemlayout width="92" height="2-row">
					<control type="image">
                        <posx>0</posx>
                        <posy>0</posy>
                        <width>35</width>
                        <height>35</height>
                        <aspectratio>stretch</aspectratio>
                        <texture>$INFO[ListItem.Thumb]</texture>
                        
                    </control>

                </itemlayout>
                <focusedlayout width="92" height="2-row">
					<control type="image">
					<visible>!control.hasfocus(8001)</visible>
                        <posx>0</posx>
                        <posy>0</posy>
                        <width>35</width>
                        <height>35</height>
                        <aspectratio>stretch</aspectratio>
                        <texture>$INFO[ListItem.Thumb]</texture>
                    </control>
					<control type="image">
					<visible>control.hasfocus(8001)</visible>
                        <posx>0</posx>
                        <posy>0</posy>
                        <width>35</width>
                        <height>35</height>
                        <aspectratio>stretch</aspectratio>
                        <texture colordiffuse="burlywood">$INFO[ListItem.Thumb]</texture>
                    </control>
                </focusedlayout>
                <content>
                    <item>
                        <description>Previous</description>
                        <label2>אחורה</label2>
                        <thumb>special://skin/extras/osd/previous.png</thumb>
                        <onclick>PlayerControl(previous)</onclick>
                    </item>
                    <item>
                        <description>Rewind</description>
                        <label2>קדימה</label2>
                        <thumb>special://skin/extras/osd/rewind.png</thumb>
                        <onclick>PlayerControl(rewind)</onclick>
                    </item>
                    <item>
                        <description>Stop</description>
                        <label2>עצור</label2>
                        <thumb>special://skin/extras/osd/stop.png</thumb>
                        <onclick>PlayerControl(stop)</onclick>
                    </item>
                    <item>
                        <visible>Player.Playing | player.forwarding | player.rewinding</visible>
                        <description>Play/Pause</description>
                        <label2></label2>
                        <thumb>special://skin/extras/osd/pause.png</thumb>
                        <onclick>PlayerControl(play)</onclick>
                    </item>
                    <item>
                        <visible>Player.Paused</visible>
                        <description>Pause</description>
                        <label2></label2>
                        <thumb>special://skin/extras/osd/play.png</thumb>
						<onclick>action(back)</onclick>
                        <onclick>PlayerControl(play)</onclick>
                    </item>
                    <item>
                        <description>Fast forward</description>
                        <label2></label2>
                        <thumb>special://skin/extras/osd/forward.png</thumb>
                        <onclick>PlayerControl(forward)</onclick>
                    </item>
                    <item>
                        <description>Next Chapter</description>
                        <label2></label2>
                        <thumb></thumb>
                        <onclick>PlayerControl(next)</onclick>
                    </item>
                    <item>
                        <visible>PVR.CanRecordPlayingChannel</visible>
                        <label2></label2>
                        <thumb></thumb>
                        <onclick>PVR.ToggleRecordPlayingChannel</onclick>
                    </item>
                </content>
            </control>


			<control type="grouplist">
			<posx>-80</posx>
			<posy>415</posy>
			<width>800</width>
			<height>100</height>
			<align>center</align>
			<orientation>Horizontal</orientation>
			<itemgap>40</itemgap>
			<control type="group">
			<width>80</width>
			<include content="extrasosinfo3">
			<param name="label1" value="עכשיו"/>
			<param name="label2" value="$INFO[System.Time]"/>
			<param name="width" value="200"/>
			</include>
			</control>
			<control type="group">
			<visible>!String.IsEmpty(Player.FinishTime)</visible>
			<width>100</width>
			<include content="extrasosinfo3">
			<param name="label1" value="סיום"/>
			<param name="label2" value="$INFO[Player.FinishTime(hh:mm:ss)]"/>
			<param name="width" value="200"/>
			</include>
			</control>
			<control type="group">
			<visible>!String.IsEmpty(Player.Duration)</visible>
			<width>80</width>
			<include content="extrasosinfo3">
			<param name="label1" value="אורך"/>
			<param name="label2" value="$INFO[Player.Duration(hh:mm:ss)]"/>
			<param name="width" value="200"/>
			</include>
			</control>
			<control type="group">
			<visible>!String.IsEmpty(VideoPlayer.VideoResolution)</visible>
			<width>60</width>
			<include content="extrasosinfo3">
			<param name="label1" value="איכות"/>
			<param name="label2" value="$INFO[VideoPlayer.VideoResolution]"/>
			<param name="width" value="200"/>
			</include>
			</control>
			<control type="group">
			<visible>!String.IsEmpty(VideoPlayer.Season)</visible>
			<width>40</width>
			<include content="extrasosinfo3">
			<param name="label1" value="עונה"/>
			<param name="label2" value="$INFO[VideoPlayer.Season]"/>
			<param name="width" value="200"/>
			</include>
			</control>
			<control type="group">
			<visible>!String.IsEmpty(VideoPlayer.Episode)</visible>
			<width>40</width>
			<include content="extrasosinfo3">
			<param name="label1" value="פרק"/>
			<param name="label2" value="$INFO[VideoPlayer.Episode]"/>
			<param name="width" value="200"/>
			</include>
			</control>
			</control>

		
		<control type="group">
		<posx>90</posx>
		<posy>80</posy>
		        <control type="textbox">
				<autoscroll fade="3000" time="3000" delay="8000" repeat="4000"></autoscroll>
                    <posx>15</posx>
                    <posy>440</posy>
                    <font>textbox</font>
                    <width>612</width>
                    <align>center</align>
					<aligny>center</aligny>
					<height>145</height>
                    <textcolor>fff0f0f0</textcolor>
                    <label>$INFO[Window(home).Property(SkinHelper.Player.Plot)]</label>
                    <autoscroll>false</autoscroll>
                    <shadowcolor></shadowcolor>
                    <pagecontrol>61</pagecontrol>
                </control>
		        <control type="textbox">
			    	<visible>String.IsEmpty(Window(home).Property(SkinHelper.Player.Plot)</visible>
				    <autoscroll fade="3000" time="3000" delay="8000" repeat="4000"></autoscroll>
                    <posx>15</posx>
                    <posy>440</posy>
                    <font>textbox</font>
                    <width>612</width>
                    <align>center</align>
					<aligny>center</aligny>
					<height>145</height>
                    <textcolor>fff0f0f0</textcolor>
                    <label>$INFO[VideoPlayer.Plot]</label>
                    <autoscroll>false</autoscroll>
                    <shadowcolor></shadowcolor>
                    <pagecontrol>61</pagecontrol>
                </control>
                <control type="textbox">
				<visible>String.IsEmpty(Window(home).Property(SkinHelper.Player.Plot) + String.IsEmpty(VideoPlayer.Plot)</visible>
				<autoscroll fade="3000" time="3000" delay="8000" repeat="4000"></autoscroll>
                    <posx>15</posx>
                    <posy>440</posy>
                    <font>textbox</font>
                    <width>612</width>
                    <align>center</align>
					<aligny>center</aligny>
					<height>145</height>
                    <textcolor>fff0f0f0</textcolor>
                    <label>ברוכים הבאים לקודי גוסט לתוכן זה לא קיים מידע נוסף במערכת המשך צפיה מהנה</label>
                    <autoscroll>false</autoscroll>
                    <shadowcolor></shadowcolor>
                    <pagecontrol>61</pagecontrol>
                </control>
				</control>
				
				
				<control type="group">

						<control type="label">
						<posx>0</posx>
						<posy>100</posy>
	                    <width>810</width>
	                    <height>3-row</height>
	                    <align>center</align>
	                    <font>font-24</font>
	                    <textcolor>fff0f0f0</textcolor>
	                    <label>[B]$INFO[VideoPlayer.Title] $INFO[VideoPlayer.Year,(,)][/B]</label>
	                </control>
						<control type="label">
						<posx>0</posx>
						<posy>670</posy>
	                    <width>810</width>
	                    <height>3-row</height>
	                    <align>center</align>
	                    <font>font-16</font>
	                    <textcolor>gray</textcolor>
	                    <label>[B][I]$INFO[VideoPlayer.Genre][/B][/I]</label>
	                </control>
					</control>
	
	
</control>
</control>
</include>


<include name="extrasosinfo3">
<definition>
<control type="label">
<posx>0</posx>
<posy>0</posy>
<width>$PARAM[width]</width>
<height>100</height>
<align>center</align>
<textcolor>gray</textcolor>
<font>font-18</font>
<label>[B]$PARAM[label1][/B]</label>
</control>
<control type="label">
<posx>0</posx>
<posy>40</posy>
<width>$PARAM[width]</width>
<height>50</height>
<align>center</align>
<textcolor>white</textcolor>
<font>font-16</font>
<label>[B]$PARAM[label2][/B]</label>
</control>
</definition>
</include>


</includes>
