<?xml version="1.0" encoding="UTF-8"?>




<includes>



<include name="netflixdesign">
<definition>

<control type="group">
<visible>Control.HasFocus($PARAM[netflixid]) + Integer.IsGreater(Container($PARAM[netflixid]).NumItems,0)</visible>

<control type="multiimage">
<visible>!Player.HasVideo</visible>
<posx>500</posx>
<posy>0</posy>
<width>1520</width>
<height>650</height>
<fadetime>350</fadetime>
<imagepath diffuse="special://skin/extras/overlay/right_corner.png">$INFO[Container($PARAM[netflixid]).ListItem.Art(fanart)]</imagepath>
</control>
<control type="image">
<visible>Player.HasVideo</visible>
<posx>0</posx>
<posy>0</posy>
<width>1920</width>
<height>650</height>
<fadetime>350</fadetime>
<texture>black.png</texture>
</control>

      	<control type="group">
		<visible>Player.HasVideo</visible>
		<posx>600</posx>
		<width>1600</width>
		<height>620</height>
		<control type="VideoWindow">
		</control>
		<control type="image">
		<posx>40</posx>
		<posy>0</posy>
		<width>1520</width>
		<height>650</height>
		<texture diffuse="special://skin/extras/overlay/netflix_corner.png">black.png</texture>
		</control>
		</control>

<control type="label">
<animation condition="Window.IsActive(DialogVideoInfo.xml)" effect="slide" start="0,0" end="0,-500" time="250" tween="sine" easing="inout">Conditional</animation>
<posx>20</posx>
<posy>0</posy>
<width>550</width>
<height>220</height>
<align>left</align>
<font>font-30</font>
<scroll>true</scroll>
<label>[B]$INFO[Container($PARAM[netflixid]).ListItem.Label][/B]</label>
</control>

	<control type="group">
	<animation condition="Window.IsActive(DialogVideoInfo.xml)" effect="fade" start="100" end="0" time="150">Conditional</animation>
	<control type="image">
	<posx>40</posx>
	<posy>65</posy>
	<width>450</width>
	<height>170</height>
	<texture>$INFO[Container($PARAM[netflixid]).ListItem.Art(clearlogo)]</texture>
	</control>
	<control type="image">
	<visible>IsEmpty(Container($PARAM[netflixid]).ListItem.Art(clearlogo))</visible>
	<posx>40</posx>
	<posy>65</posy>
	<width>450</width>
	<height>170</height>
	<texture>$INFO[Container($PARAM[netflixid]).ListItem.Art(clearart)]</texture>
	</control>
	</control>



<control type="group">
<posy>20</posy>
<visible>!String.IsEmpty(Container($PARAM[netflixid]).ListItem.Genre)</visible>
<control type="image">
<posx>20</posx>
<posy>450</posy>
<width>35</width>
<height>35</height>
<texture colordiffuse="red">special://skin/extras/genre.png</texture>
</control>
<control type="label">
<posx>60</posx>
<posy>450</posy>
<width>500</width>
<height>30</height>
<align>left</align>
<textcolor>gray</textcolor>
<label>[I]$INFO[Container($PARAM[netflixid]).ListItem.Genre][/I]</label>
</control>
</control>

<control type="textbox">
<posx>20</posx>
<posy>300</posy>
<width>600</width>
<height>145</height>
<align>left</align>
<font>settingsCategory</font>
<autoscroll fade="4550" time="4550" repeat="3550"></autoscroll>
<label>[B]$INFO[Container($PARAM[netflixid]).ListItem.Plot][/B]</label>
</control>

<control type="group">
<control type="label">
<posx>20</posx>
<posy>245</posy>
<width>200</width>
<height>40</height>
<font>font-18</font>
<textcolor>green</textcolor>
<visible>String.IsEqual(Container($PARAM[netflixid]).ListItem.Rating,3.0) | String.IsEqual(Container($PARAM[netflixid]).ListItem.Rating,3.1) | String.IsEqual(Container($PARAM[netflixid]).ListItem.Rating,3.2) | String.IsEqual(Container($PARAM[netflixid]).ListItem.Rating,3.3) | String.IsEqual(Container($PARAM[netflixid]).ListItem.Rating,3.4) | String.IsEqual(Container($PARAM[netflixid]).ListItem.Rating,3.5) | String.IsEqual(Container($PARAM[netflixid]).ListItem.Rating,3.6) | String.IsEqual(Container($PARAM[netflixid]).ListItem.Rating,3.7) | String.IsEqual(Container($PARAM[netflixid]).ListItem.Rating,3.8) | String.IsEqual(Container($PARAM[netflixid]).ListItem.Rating,3.9)</visible>
<label>[B]אהבו 30%[/B]</label>
</control>
<control type="label">
<posx>20</posx>
<posy>245</posy>
<width>200</width>
<height>40</height>
<font>font-18</font>
<textcolor>green</textcolor>
<visible>String.IsEqual(Container($PARAM[netflixid]).ListItem.Rating,4.0) | String.IsEqual(Container($PARAM[netflixid]).ListItem.Rating,4.1) | String.IsEqual(Container($PARAM[netflixid]).ListItem.Rating,4.2) | String.IsEqual(Container($PARAM[netflixid]).ListItem.Rating,4.3) | String.IsEqual(Container($PARAM[netflixid]).ListItem.Rating,4.4) | String.IsEqual(Container($PARAM[netflixid]).ListItem.Rating,4.5) | String.IsEqual(Container($PARAM[netflixid]).ListItem.Rating,4.6) | String.IsEqual(Container($PARAM[netflixid]).ListItem.Rating,4.7) | String.IsEqual(Container($PARAM[netflixid]).ListItem.Rating,4.8) | String.IsEqual(Container($PARAM[netflixid]).ListItem.Rating,4.9)</visible>
<label>[B]אהבו 40%[/B]</label>
</control>
<control type="label">
<posx>20</posx>
<posy>245</posy>
<width>200</width>
<height>40</height>
<font>font-18</font>
<textcolor>green</textcolor>
<visible>String.IsEqual(Container($PARAM[netflixid]).ListItem.Rating,5.0) | String.IsEqual(Container($PARAM[netflixid]).ListItem.Rating,5.1) | String.IsEqual(Container($PARAM[netflixid]).ListItem.Rating,5.2) | String.IsEqual(Container($PARAM[netflixid]).ListItem.Rating,5.3) | String.IsEqual(Container($PARAM[netflixid]).ListItem.Rating,5.4) | String.IsEqual(Container($PARAM[netflixid]).ListItem.Rating,5.5) | String.IsEqual(Container($PARAM[netflixid]).ListItem.Rating,5.6) | String.IsEqual(Container($PARAM[netflixid]).ListItem.Rating,5.7) | String.IsEqual(Container($PARAM[netflixid]).ListItem.Rating,5.8) | String.IsEqual(Container($PARAM[netflixid]).ListItem.Rating,5.9)</visible>
<label>[B]אהבו 50%[/B]</label>
</control>
<control type="label">
<posx>20</posx>
<posy>245</posy>
<width>200</width>
<height>40</height>
<font>font-18</font>
<textcolor>green</textcolor>
<visible>String.IsEqual(Container($PARAM[netflixid]).ListItem.Rating,6.0) | String.IsEqual(Container($PARAM[netflixid]).ListItem.Rating,6.1) | String.IsEqual(Container($PARAM[netflixid]).ListItem.Rating,6.2) | String.IsEqual(Container($PARAM[netflixid]).ListItem.Rating,6.3) | String.IsEqual(Container($PARAM[netflixid]).ListItem.Rating,6.4) | String.IsEqual(Container($PARAM[netflixid]).ListItem.Rating,6.5) | String.IsEqual(Container($PARAM[netflixid]).ListItem.Rating,6.6) | String.IsEqual(Container($PARAM[netflixid]).ListItem.Rating,6.7) | String.IsEqual(Container($PARAM[netflixid]).ListItem.Rating,6.8) | String.IsEqual(Container($PARAM[netflixid]).ListItem.Rating,6.9)</visible>
<label>[B]אהבו 60%[/B]</label>
</control>
<control type="label">
<posx>20</posx>
<posy>245</posy>
<width>200</width>
<height>40</height>
<font>font-18</font>
<textcolor>green</textcolor>
<visible>String.IsEqual(Container($PARAM[netflixid]).ListItem.Rating,7.0) | String.IsEqual(Container($PARAM[netflixid]).ListItem.Rating,7.1) | String.IsEqual(Container($PARAM[netflixid]).ListItem.Rating,7.2) | String.IsEqual(Container($PARAM[netflixid]).ListItem.Rating,7.3) | String.IsEqual(Container($PARAM[netflixid]).ListItem.Rating,7.4) | String.IsEqual(Container($PARAM[netflixid]).ListItem.Rating,7.5) | String.IsEqual(Container($PARAM[netflixid]).ListItem.Rating,7.6) | String.IsEqual(Container($PARAM[netflixid]).ListItem.Rating,7.7) | String.IsEqual(Container($PARAM[netflixid]).ListItem.Rating,7.8) | String.IsEqual(Container($PARAM[netflixid]).ListItem.Rating,7.9)</visible>
<label>[B]אהבו 70%[/B]</label>
</control>
<control type="label">
<posx>20</posx>
<posy>245</posy>
<width>200</width>
<height>40</height>
<font>font-18</font>
<textcolor>green</textcolor>
<visible>String.IsEqual(Container($PARAM[netflixid]).ListItem.Rating,8.0) | String.IsEqual(Container($PARAM[netflixid]).ListItem.Rating,8.1) | String.IsEqual(Container($PARAM[netflixid]).ListItem.Rating,8.2) | String.IsEqual(Container($PARAM[netflixid]).ListItem.Rating,8.3) | String.IsEqual(Container($PARAM[netflixid]).ListItem.Rating,8.4) | String.IsEqual(Container($PARAM[netflixid]).ListItem.Rating,8.5) | String.IsEqual(Container($PARAM[netflixid]).ListItem.Rating,8.6) | String.IsEqual(Container($PARAM[netflixid]).ListItem.Rating,8.7) | String.IsEqual(Container($PARAM[netflixid]).ListItem.Rating,8.8) | String.IsEqual(Container($PARAM[netflixid]).ListItem.Rating,8.9)</visible>
<label>[B]אהבו 80%[/B]</label>
</control>
<control type="label">
<posx>20</posx>
<posy>245</posy>
<width>200</width>
<height>40</height>
<font>font-18</font>
<textcolor>green</textcolor>
<visible>String.IsEqual(Container($PARAM[netflixid]).ListItem.Rating,9.0) | String.IsEqual(Container($PARAM[netflixid]).ListItem.Rating,9.1) | String.IsEqual(Container($PARAM[netflixid]).ListItem.Rating,9.2) | String.IsEqual(Container($PARAM[netflixid]).ListItem.Rating,9.3) | String.IsEqual(Container($PARAM[netflixid]).ListItem.Rating,9.4) | String.IsEqual(Container($PARAM[netflixid]).ListItem.Rating,9.5) | String.IsEqual(Container($PARAM[netflixid]).ListItem.Rating,9.6) | String.IsEqual(Container($PARAM[netflixid]).ListItem.Rating,9.7) | String.IsEqual(Container($PARAM[netflixid]).ListItem.Rating,9.8) | String.IsEqual(Container($PARAM[netflixid]).ListItem.Rating,9.9)</visible>
<label>[B]אהבו 90%[/B]</label>
</control>
</control>


</control>
<control type="group">
<control type="wraplist" id="$PARAM[netflixid]">
<posx>$PARAM[posx]</posx>
<posy>$PARAM[posy]</posy>
<width>1920</width>
<height>400</height>
<ondown>$PARAM[ondown]</ondown>
<onup>$PARAM[onup]</onup>
<onclick>Action(info)</onclick>
<focusposition>0</focusposition>
<orientation>horizontal</orientation>
<preloaditems>2</preloaditems>
<scrolltime tween="sine" easing="inout">450</scrolltime>
<itemlayout width="340" height="100">
<control type="image">
<posx>0</posx>
<posy>0</posy>
<width>320</width>
<height>200</height>
<texture fallback="special://skin/extras/fallbacks/videodefault.jpg">$INFO[ListItem.Art(fanart)]</texture>
</control>
</itemlayout>
<focusedlayout width="340" height="100">

<control type="image">
<posx>0</posx>
<posy>0</posy>
<width>320</width>
<height>200</height>
<texture fallback="special://skin/extras/fallbacks/videodefault.jpg">$INFO[ListItem.Art(fanart)]</texture>
</control>
</focusedlayout>
<content sortby="$PARAM[sortby]" sortorder="$PARAM[sortorder]">$PARAM[netflixcontent]</content>
</control>
<control type="image">
<visible>Control.HasFocus($PARAM[netflixid]) + Integer.IsGreater(Container($PARAM[netflixid]).NumItems,0)</visible>
<posx>15</posx>
<posy>$PARAM[focusposy]</posy>
<width>330</width>
<height>210</height>
<texture border="2,2,2,2">special://skin/extras/netflix/thumb_fo_4.png</texture>
</control>
</control>
</definition>
</include>

	<include name="xflag">
		<param name="width" default="110"/>
		<param name="height" default="60"/>
		<param name="posx" default="0"/>
		<param name="posy" default="0"/>
		<param name="tab" default="tab3"/>
		<param name="height" default="30"/>
		<definition>
			<animation effect="slide" start="-150,0" end="0,0" tween="circle" delay="200" time="150">Visible</animation>
			<control type="label">
				<label>[B]$PARAM[label][/B]</label>
				<font>settingsCategory</font>
				<textcolor>white</textcolor>
				<width>$PARAM[width]</width>
				<height>32</height>
				<posx>0</posx>
				<posy>0</posy>
				<align>center</align>
			</control>
			
			<control type="image">
				<width>$PARAM[width]</width>
				<height>$PARAM[height]</height>
				<posx>0</posx>
				<posy>$PARAM[posy]</posy>
				<texture fallback="$PARAM[fallback]" colordiffuse="$PARAM[colorimage]">$PARAM[imageid]</texture>
				<aspectratio>$PARAM[aspectratio]</aspectratio>
			</control>
		</definition>
	</include>

</includes>
