<?xml version="1.0" encoding="UTF-8"?>




<includes>





<include name="yesgodesing">
<param name="sortby" default="dateadded"/>
<param name="sortorder" default="descending"/>
<definition>
<control type="group">
<animation effect="fade" time="350">VisibleChange</animation>
<visible>Container(1256).HasFocus($PARAM[itemid])</visible>
<control type="wraplist" id="$PARAM[yesgoid]">
<posx>120</posx>
<posy>$PARAM[posy]</posy>
<posy>0</posy>
<width>1970</width>
<height>800</height>
<onback>1256</onback>
<onclick>Action(info)</onclick>
<preloaditems>2</preloaditems>
<focusposition>0</focusposition>
<orientation>horizontal</orientation>
<scrolltime tween="sine" easing="inout">450</scrolltime>
<itemlayout width="920" height="500">

<control type="group">
<posx>0</posx>
<control type="image">
<posx>5</posx>
<posy>5</posy>
<width>200</width>
<height>100</height>
<texture>$INFO[ListItem.Art(fanart)]</texture>
</control>
<control type="label">
<posx>500</posx>
<posy>20</posy>
<width>350</width>
<height>50</height>
<align>right</align>
<font>textbox</font>
<textcolor>white</textcolor>
<label>[B]$INFO[ListItem.Label][/B]</label>
</control>
<control type="textbox">
<posx>50</posx>
<posy>115</posy>
<width>800</width>
<height>115</height>
<align>right</align>
<font>smallMedium</font>
<autoscroll time="3000" fade="3000" repeat="3000">Container($PARAM[yesgoid]).Column(0)</autoscroll>
<label>$INFO[ListItem.Plot]</label>
</control>
</control>
   <control type="image">
   <posx>-5</posx>
   <posy>0</posy>
   <width>2</width>
   <height>300</height>
   <texture colordiffuse="gray">white.png</texture>
   </control>
</itemlayout>
<focusedlayout width="920" height="500">
<control type="group">
<posx>0</posx>
<control type="image">
<visible>!Control.HasFocus($PARAM[yesgoid])</visible>
<posx>5</posx>
<posy>5</posy>
<width>200</width>
<height>100</height>
<texture>$INFO[ListItem.Art(fanart)]</texture>
</control>
<control type="image">
<visible>Control.HasFocus($PARAM[yesgoid])</visible>
<posx>5</posx>
<posy>5</posy>
<width>200</width>
<height>100</height>
<bordertexture colordiffuse="gray">white.png</bordertexture>
<bordersize>5</bordersize>
<texture>$INFO[ListItem.Art(fanart)]</texture>
</control>
<control type="label">
<posx>500</posx>
<posy>20</posy>
<width>350</width>
<height>50</height>
<align>right</align>
<textcolor>white</textcolor>
<font>textbox</font>
<label>[B]$INFO[ListItem.Label][/B]</label>
</control>
<control type="textbox">
<posx>50</posx>
<posy>115</posy>
<width>800</width>
<height>115</height>
<align>right</align>
<font>smallMedium</font>
<autoscroll time="3000" fade="3000" repeat="3000">Container($PARAM[yesgoid]).Column(0)</autoscroll>
<label>$INFO[ListItem.Plot]</label>
</control>
</control>
   <control type="image">
   <posx>-5</posx>
   <posy>0</posy>
   <width>2</width>
   <height>300</height>
   <texture colordiffuse="gray">white.png</texture>
   </control>
</focusedlayout>
<content sortby="$PARAM[sortby]" sortorder="$PARAM[sortorder]">$PARAM[yesgocontent]</content>
</control>


<control type="multiimage">
<animation condition="Skin.HasSetting(yesgofanartrotation)" effect="rotatey" start="0" end="-45" time="0">Conditional</animation>
<visible>Skin.HasSetting(yesgofanartrotation)</visible>
<posx>5</posx>
<posy>1050</posy>
<width>600</width>
<height>650</height>
<fadetime>550</fadetime>
<imagepath>$INFO[Container($PARAM[yesgoid]).ListItem.Art(fanart)]</imagepath>
</control>
<control type="label">
<animation condition="Skin.HasSetting(yesgofanartrotation)" effect="rotatey" start="0" end="-45" time="0">Conditional</animation>
<visible>Skin.HasSetting(yesgofanartrotation)</visible>
<posx>5</posx>
<posy>1710</posy>
<width>600</width>
<height>40</height>
<align>center</align>
<label>$INFO[Container($PARAM[yesgoid]).ListItem.Label]</label>
</control>

<control type="group">
<animation condition="Player.HasVideo" effect="slide" start="0,0" end="0,180" time="450" tween="sine" easing="inout">Conditional</animation>
<posx>420</posx>
<posy>1250</posy>
<control type="image">
<posx>420</posx>
<posy>0</posy>
<width>1100</width>
<height>360</height>
<texture border="40">special://skin/extras/common/roundedbutton-nofocus.png</texture>
</control>

<control type="multiimage">
<animation condition="Player.HasVideo" effect="zoom" start="100,100" end="100,46" time="350">Conditional</animation>
<visible>!Skin.HasSetting(yesgofanartrotation)</visible>
<posx>-415</posx>
<posy>20</posy>
<width>845</width>
<height>687</height>
<fadetime>550</fadetime>
<imagepath>$INFO[Container($PARAM[yesgoid]).ListItem.Art(fanart)]</imagepath>
</control>

<control type="multiimage">
<posx>440</posx>
<posy>20</posy>
<width>245</width>
<height>317</height>
<fadetime>550</fadetime>
<imagepath diffuse="special://skin/extras/diffuse/poster_diffuse.png">$INFO[Container($PARAM[yesgoid]).ListItem.Thumb]</imagepath>
</control>

	<control type="group">
	<visible>!IsEmpty(Container($PARAM[yesgoid]).ListItem.Art(clearlogo)) + !IsEmpty(Container($PARAM[yesgoid]).ListItem.Art(clearart))</visible>
	<visible>!Player.HasMedia</visible>
	<control type="image">
	<posx>700</posx>
	<posy>360</posy>
	<width>250</width>
	<height>150</height>
	<bordertexture>white.png</bordertexture>
	<bordersize>5</bordersize>
	<texture>$INFO[Container($PARAM[yesgoid]).ListItem.Art(clearlogo)]</texture>
	</control>
	<control type="image">
	<posx>950</posx>
	<posy>360</posy>
	<width>250</width>
	<height>150</height>
	<bordertexture>white.png</bordertexture>
	<bordersize>5</bordersize>
	<texture>$INFO[Container($PARAM[yesgoid]).ListItem.Art(clearart)]</texture>
	</control>
	</control>

            <control type="fadelabel" id="298045">
                <top>0</top>
                <width>1</width>
                <height>1</height>
				<info>Container($PARAM[yesgoid]).ListItem.Art(Poster)</info>
                <info>Container($PARAM[yesgoid]).ListItem.Thumb</info>
				<info>Container($PARAM[yesgoid]).ListItem.Art(clearlogo)</info>
				<info>Container($PARAM[yesgoid]).ListItem.Art(clearart)</info>
				<info>Container($PARAM[yesgoid]).ListItem.Art(tvshow.poster)</info>
				<info>Container($PARAM[yesgoid]).ListItem.Art(animatedposter)</info>
                <randomize>true</randomize>
                <pauseatend>5000</pauseatend>
                <scroll>false</scroll>
                <scrollout>false</scrollout>
                <resetonlabelchange>true</resetonlabelchange>
            </control>

<control type="group">
<posx>845</posx>
<posy>0</posy>
<control type="group">
<control type="label">
<posx>650</posx>
<posy>40</posy>
<width>320</width>
<height>30</height>
<align>right</align>
<textcolor>gray</textcolor>
<font>playlistSubTitle</font>
<label>סגנון:</label>
</control>
<control type="label">
<posx>570</posx>
<posy>42</posy>
<width>550</width>
<height>30</height>
<align>right</align>
<font>playlistSubTitle</font>
<label>$INFO[Container($PARAM[yesgoid]).ListItem.Genre]</label>
</control>
<control type="label">
<visible>String.IsEmpty(Container($PARAM[yesgoid]).ListItem.Genre)</visible>
<posx>570</posx>
<posy>42</posy>
<width>550</width>
<height>30</height>
<align>right</align>
<font>playlistSubTitle</font>
<label>לא קיים מידע</label>
</control>
</control>
<control type="group">
<control type="label">
<posx>650</posx>
<posy>80</posy>
<width>320</width>
<height>30</height>
<align>right</align>
<textcolor>gray</textcolor>
<font>playlistSubTitle</font>
<label>אורך התוכן:</label>
</control>
<control type="label">
<posx>500</posx>
<posy>82</posy>
<width>550</width>
<height>30</height>
<align>right</align>
<font>playlistSubTitle</font>
<label>$INFO[Container($PARAM[yesgoid]).ListItem.Duration]</label>
</control>
<control type="label">
<visible>String.IsEmpty(Container($PARAM[yesgoid]).ListItem.Duration)</visible>
<posx>500</posx>
<posy>82</posy>
<width>550</width>
<height>30</height>
<align>right</align>
<font>playlistSubTitle</font>
<label>לא קיים מידע</label>
</control>
</control>
<control type="group">

<control type="label">
<posx>650</posx>
<posy>120</posy>
<width>320</width>
<height>30</height>
<align>right</align>
<textcolor>gray</textcolor>
<font>playlistSubTitle</font>
<label>תסריטאי:</label>
</control>
<control type="label">
<posx>530</posx>
<posy>122</posy>
<width>550</width>
<height>30</height>
<align>right</align>
<font>playlistSubTitle</font>
<label>$INFO[Container($PARAM[yesgoid]).ListItem.Writer]</label>
</control>
<control type="label">
<visible>String.IsEmpty(Container($PARAM[yesgoid]).ListItem.Writer)</visible>
<posx>530</posx>
<posy>122</posy>
<width>550</width>
<height>30</height>
<align>right</align>
<font>playlistSubTitle</font>
<label>לא קיים מידע</label>
</control>
</control>
<control type="group">

<control type="label">
<posx>650</posx>
<posy>160</posy>
<width>320</width>
<height>30</height>
<align>right</align>
<textcolor>gray</textcolor>
<font>playlistSubTitle</font>
<label>דירוג:</label>
</control>
<control type="label">
<posx>560</posx>
<posy>162</posy>
<width>550</width>
<height>30</height>
<align>right</align>
<font>playlistSubTitle</font>
<label>$INFO[Container($PARAM[yesgoid]).ListItem.Rating]</label>
</control>
<control type="label">
<visible>String.IsEmpty(Container($PARAM[yesgoid]).ListItem.Rating)</visible>
<posx>560</posx>
<posy>162</posy>
<width>550</width>
<height>30</height>
<align>right</align>
<font>playlistSubTitle</font>
<label>לא קיים מידע</label>
</control>
</control>
<control type="group">
<control type="label">
<posx>650</posx>
<posy>200</posy>
<width>320</width>
<height>30</height>
<align>right</align>
<textcolor>gray</textcolor>
<font>playlistSubTitle</font>
<label>משפט מפתח:</label>
</control>
<control type="label">
<posx>480</posx>
<posy>200</posy>
<width>550</width>
<height>30</height>
<align>right</align>
<font>playlistSubTitle</font>
<label>$INFO[Container($PARAM[yesgoid]).ListItem.Tagline]</label>
</control>
<control type="label">
<visible>String.IsEmpty(Container($PARAM[yesgoid]).ListItem.Tagline)</visible>
<posx>480</posx>
<posy>200</posy>
<width>550</width>
<height>30</height>
<align>right</align>
<font>playlistSubTitle</font>
<label>לא קיים מידע</label>
</control>
</control>
<control type="group">
<control type="label">
<posx>650</posx>
<posy>240</posy>
<width>320</width>
<height>30</height>
<align>right</align>
<textcolor>gray</textcolor>
<font>playlistSubTitle</font>
<label>בימוי:</label>
</control>
<control type="label">
<posx>570</posx>
<posy>240</posy>
<width>550</width>
<height>30</height>
<align>right</align>
<font>playlistSubTitle</font>
<label>$INFO[Container($PARAM[yesgoid]).ListItem.Director]</label>
</control>
<control type="label">
<visible>String.IsEmpty(Container($PARAM[yesgoid]).ListItem.Director)</visible>
<posx>570</posx>
<posy>240</posy>
<width>550</width>
<height>30</height>
<align>right</align>
<font>playlistSubTitle</font>
<label>לא קיים מידע</label>
</control>
</control>
<control type="group">

<control type="label">
<posx>650</posx>
<posy>280</posy>
<width>320</width>
<height>30</height>
<align>right</align>
<textcolor>gray</textcolor>
<font>playlistSubTitle</font>
<label>שודר לראשונה:</label>
</control>
<control type="label">
<posx>460</posx>
<posy>280</posy>
<width>550</width>
<height>30</height>
<align>right</align>
<font>playlistSubTitle</font>
<label>$INFO[Container($PARAM[yesgoid]).ListItem.Premiered]</label>
</control>
<control type="label">
<visible>String.IsEmpty(Container($PARAM[yesgoid]).ListItem.Premiered)</visible>
<posx>460</posx>
<posy>280</posy>
<width>550</width>
<height>30</height>
<align>right</align>
<font>playlistSubTitle</font>
<label>לא קיים מידע</label>
</control>
</control>
</control>
</control>
</control>
</definition>
</include>
</includes>
