<?xml version="1.0" encoding="UTF-8"?>
<includes>



<include name="extrasmovieswidgets">

	<control type="group">
	<animation condition="$PARAM[containerfade]" effect="fade" start="100" end="0" time="550">Conditional</animation>
	<animation condition="Control.HasFocus($PARAM[id])" effect="slide" start="0,0" end="$PARAM[animposx],$PARAM[animposy]" time="450" tween="sine" easing="inout">Conditional</animation>
	<animation condition="Control.HasFocus($PARAM[id])" effect="rotatey" start="-360" end="360" center="95" time="450">Conditional</animation>
	<description>widget list frame</description>
	<control type="image">
	<posx>0</posx>
	<posy>50</posy>
	<width>270</width>
	<height>350</height>
	<bordertexture diffuse="glass.jpg" colordiffuse="ff6b5441">white.png</bordertexture>
	<bordersize>4</bordersize>
	<texture>black.png</texture>
	</control>
	</control>


	<control type="group">	
	<animation condition="$PARAM[fadeid]" effect="fade" start="100" end="0" time="550">Conditional</animation>
	<control type="image">
	<description>side seperator</description>
	<posx>272</posx>
	<posy>50</posy>
	<width>45</width>
	<height>350</height>
	<texture diffuse="glass.jpg" colordiffuse="ff6b5441">white.png</texture>
	</control>
	<control type="image">
	<animation effect="fade" start="0" end="100" time="150">VisibleChange</animation>
	<visible allowhiddenfocus="true">Control.HasFocus($PARAM[buttonid]) | Control.HasFocus($PARAM[id])</visible>
	<description>list sepperator</description>
	<posx>285</posx>
	<posy>200</posy>
	<width>25</width>
	<height>25</height>
	<texture diffuse="special://skin/extras/circles/circle-white.png">white.png</texture>
	</control>
	</control>

	<control type="group">
	<animation condition="$PARAM[containerfade]" effect="fade" start="100" end="0" time="550">Conditional</animation>
	<animation condition="Control.HasFocus($PARAM[id])" effect="slide" start="0,0" end="$PARAM[animposx],$PARAM[animposy]" time="450" tween="sine" easing="inout">Conditional</animation>
	<animation condition="Control.HasFocus($PARAM[id])" effect="rotatey" start="-360" end="360" center="95" time="450">Conditional</animation>
	<control type="list" id="$PARAM[id]">
	<posx>5</posx>
	<posy>55</posy>
	<width>870</width>
	<height>342</height>
	<onback>$PARAM[onback]</onback>
	<autoscroll time="4000" fade="4000" delay="8000" repeat="8000">control.hasfocus($PARAM[buttonid])</autoscroll>
	<scrolltime tween="sine" easing="inout">350</scrolltime>
	<orientation>vertical</orientation>
	<itemlayout width="220" height="38">
	<control type="group">
	<visible>Control.HasFocus($PARAM[id])</visible>
	<control type="image">
	<posx>0</posx>
	<posy>0</posy>
	<width>260</width>
	<height>35</height>
	<texture colordiffuse="9c444444">white.png</texture>
	</control>
	<control type="label">
	<posx>5</posx>
	<posy>0</posy>
	<width>255</width>
	<height>40</height>
	<align>left</align>
	<textcolor>white</textcolor>
	<font>font-16</font>
	<label>$INFO[ListItem.Label]</label>
	</control>
	</control>
	</itemlayout>
	<focusedlayout width="220" height="38">
	<control type="group">
	<visible>Control.HasFocus($PARAM[id])</visible>
	<control type="image">
	<posx>0</posx>
	<posy>0</posy>
	<width>260</width>
	<height>35</height>
	<texture colordiffuse="9c444444">white.png</texture>
	</control>
	<control type="image">
	<visible>Control.HasFocus($PARAM[id])</visible>
	<posx>0</posx>
	<posy>0</posy>
	<width>260</width>
	<height>35</height>
	<texture diffuse="glass.jpg" colordiffuse="ff6b5441">white.png</texture>
	</control>
	<control type="label">
	<posx>5</posx>
	<posy>0</posy>
	<width>255</width>
	<height>40</height>
	<align>left</align>
	<font>font-16</font>
	<textcolor>white</textcolor>
	<label>$INFO[ListItem.Label]</label>
	</control>
	</control>
	</focusedlayout>
	<content sortby="$PARAM[sortby]" sortorder="$PARAM[sortorder]">$PARAM[content]</content>
	</control>
	</control>



<control type="multiimage">
<animation condition="$PARAM[containerfade]" effect="fade" start="100" end="0" time="550">Conditional</animation>
<animation condition="Control.HasFocus($PARAM[id])" effect="slide" start="0,0" end="$PARAM[animposx],$PARAM[animposy]" time="450" tween="sine" easing="inout">Conditional</animation>
<animation condition="Control.HasFocus($PARAM[id])" effect="fade" start="100" end="0" time="450">Conditional</animation>
<animation condition="Control.HasFocus($PARAM[id])" effect="rotatey" start="-360" end="360" center="95" time="450">Conditional</animation>
<posx>5</posx>
<posy>55</posy>
<width>259</width>
<height>340</height>
<fadetime>350</fadetime>
<imagepath>$INFO[Container($PARAM[id]).ListItem.Thumb]</imagepath>
</control>



<control type="multiimage">
<visible>Control.HasFocus($PARAM[id]) | Control.HasFocus($PARAM[buttonid])</visible>
<posx>$PARAM[moviefanartposx]</posx>
<posy>$PARAM[moviefanartposy]</posy>
<posx>0</posx>
<width>585</width>
<height>267</height>
<fadetime>350</fadetime>
<imagepath>$INFO[Container($PARAM[id]).ListItem.art(fanart)]</imagepath>
</control>

<control type="group">
<animation effect="fade" start="0" end="100" time="350">VisibleChange</animation>
<visible>Control.HasFocus($PARAM[buttonid]) | Control.HasFocus($PARAM[id])</visible>
<posx>$PARAM[moviesinfoposx]</posx>
<posy>$PARAM[moviesinfoposy]</posy>
<control type="label">
<posx>0</posx>
<posy>0</posy>
<width>850</width>
<height>50</height>
<align>right</align>
<font>font-30</font>
<label>$INFO[Container($PARAM[id]).ListItem.Label] $INFO[Container($PARAM[id]).ListItem.Year,(,)]</label>
</control>
<control type="label">
<visible>!String.IsEmpty(Container($PARAM[id]).ListItem.Duration)</visible>
<posx>0</posx>
<posy>62</posy>
<width>850</width>
<height>50</height>
<align>right</align>
<font>font-14</font>
<label>[B]דקות $INFO[Container($PARAM[id]).ListItem.Duration(hh:mm:ss)][/B]</label>
</control>
<control type="textbox">
<autoscroll fade="3000" time="3000" delay="8000" repeat="4000"></autoscroll>
<posx>-850</posx>
<posy>100</posy>
<width>850</width>
<height>125</height>
<align>right</align>
<aligny>center</aligny>
<font>font-18</font>
<label>$INFO[Container($PARAM[id]).ListItem.Plot]</label>
</control>
<control type="label">
<posx>0</posx>
<posy>225</posy>
<width>850</width>
<height>50</height>
<align>right</align>
<font>font-18</font>
<textcolor>gray</textcolor>
<label>[I]$INFO[Container($PARAM[id]).ListItem.Genre][/I]</label>
</control>
</control>

</include>





</includes>
