<?xml version="1.0" encoding="UTF-8"?>
<window>
	<onload condition="Skin.HasSetting(channel2)">PlayMedia(&quot;plugin://plugin.video.idanplus/?moredata=best&amp;name=+%5BCOLOR+yellow%5D%5BB%5D%D7%A7%D7%A9%D7%AA+12%5B%2FB%5D%5B%2FCOLOR%5D+-+%5BCOLOR+orange%5D%5BB%5D%D7%A4%D7%A8%D7%A1%D7%A4%D7%A7%D7%98%D7%99%D7%91%D7%94%5B%2FB%5D%5B%2FCOLOR%5D+%5BCOLOR+burlywood%5D%5B07%3A00-08%3A00%5D%5B%2FCOLOR%5D+&amp;url=12&amp;iconimage=C%253A%255CUsers%255Cneta%255CAppData%255CRoaming%255CKodi%255Caddons%255Cplugin.video.idanplus%255Cresources%255Cimages%255Ckeshet.jpg&amp;module=keshet&amp;mode=10&quot;,1)</onload>
	<onload condition="Skin.HasSetting(channel13)">PlayMedia(&quot;plugin://plugin.video.idanplus/?moredata=best&amp;name=+%5BCOLOR+yellow%5D%5BB%5D%D7%A8%D7%A9%D7%AA+13%5B%2FB%5D%5B%2FCOLOR%5D+-+%5BCOLOR+orange%5D%5BB%5D%D7%A7%D7%95%D7%9C+%D7%94%D7%90%D7%95%D7%9E%D7%A0%D7%95%D7%AA%5B%2FB%5D%5B%2FCOLOR%5D+%5BCOLOR+burlywood%5D%5B06%3A55-07%3A50%5D%5B%2FCOLOR%5D+&amp;url=13&amp;iconimage=C%253A%255CUsers%255Cneta%255CAppData%255CRoaming%255CKodi%255Caddons%255Cplugin.video.idanplus%255Cresources%255Cimages%255C13.png&amp;module=reshet&amp;mode=4&quot;,1)</onload>
	<onload condition="Skin.HasSetting(channel11)">PlayMedia(&quot;plugin://plugin.video.idanplus/?moredata=best&amp;name=+%5BCOLOR+yellow%5D%5BB%5D%D7%9B%D7%90%D7%9F+11%5B%2FB%5D%5B%2FCOLOR%5D+-+%5BCOLOR+orange%5D%5BB%5D%D7%97%D7%99%D7%95%D7%AA+%D7%A4%D7%A8%D7%90+%D7%91%D7%A2%D7%99%D7%A8+-+%D7%A4%D7%A8%D7%A7+2%5B%2FB%5D%5B%2FCOLOR%5D+%5BCOLOR+burlywood%5D%5B06%3A55-07%3A50%5D%5B%2FCOLOR%5D+&amp;url=11&amp;iconimage=C%253A%255CUsers%255Cneta%255CAppData%255CRoaming%255CKodi%255Caddons%255Cplugin.video.idanplus%255Cresources%255Cimages%255Ckan.jpg&amp;module=kan&amp;mode=10&quot;,1)</onload>   
	<onload condition="System.HasAddon(script.artistslideshow) + !Skin.HasSetting(ArtistSlide)">RunScript(script.artistslideshow,daemon=True)</onload>
	<onload condition="System.HasAddon(script.skin.helper.service) + IsEmpty(Skin.String(SkinHelper.RandomFanartDelay))">Skin.SetString(SkinHelper.RandomFanartDelay,10)</onload>
	<onload condition="System.HasAddon(script.skin.helper.service) + IsEmpty(Skin.String(SkinHelper.AutoCloseVideoOSD))">Skin.SetString(SkinHelper.AutoCloseVideoOSD,5)</onload>
 	<onload condition="System.HasAddon(script.skin.helper.service) + IsEmpty(Skin.String(SkinHelper.WallImagesDelay))">Skin.SetString(SkinHelper.WallImagesDelay,4)</onload>
	<onload condition="System.HasAddon(script.skin.helper.service) + IsEmpty(Skin.String(SkinHelper.AllMoviesBackground.EnableWallImages))">Skin.SetString(SkinHelper.AllMoviesBackground.EnableWallImages,12)</onload>
	<onload condition="System.HasAddon(script.skin.helper.service) + IsEmpty(Skin.String(SkinHelper.AllTvShowsBackground.EnableWallImages))">Skin.SetString(SkinHelper.AllTvShowsBackground.EnableWallImages,12)</onload>
	<onload condition="System.HasAddon(script.skin.helper.service) + IsEmpty(Skin.String(SkinHelper.AllMusicBackground.EnableWallImages))">Skin.SetString(SkinHelper.AllMusicBackground.EnableWallImages,12)</onload>
	<onload condition="System.HasAddon(script.skin.helper.service) + IsEmpty(Skin.String(SkinHelper.AllMusicVideosBackground.EnableWallImages))">Skin.SetString(SkinHelper.AllMusicVideosBackground.EnableWallImages,12)</onload>
	<onload condition="System.HasAddon(script.skin.helper.service) + IsEmpty(Skin.String(SkinHelper.PicturesBackground.EnableWallImages))">Skin.SetString(SkinHelper.PicturesBackground.EnableWallImages,12)</onload>
	<onload condition="System.HasAddon(script.skin.helper.service) + IsEmpty(Skin.String(playlist.0.image.EnableWallImages))">Skin.SetString(playlist.0.image.EnableWallImages,12)</onload>
	<onload condition="System.HasAddon(script.skin.helper.service) + IsEmpty(Skin.String(playlist.1.image.EnableWallImages))">Skin.SetString(playlist.1.image.EnableWallImages,12)</onload>
	<onload condition="System.HasAddon(script.skin.helper.service) + IsEmpty(Skin.String(playlist.2.image.EnableWallImages))">Skin.SetString(playlist.2.image.EnableWallImages,12)</onload>
	<onload condition="System.HasAddon(script.skin.helper.service) + IsEmpty(Skin.String(playlist.3.image.EnableWallImages))">Skin.SetString(playlist.3.image.EnableWallImages,12)</onload>
	<onload condition="System.HasAddon(script.skin.helper.service) + IsEmpty(Skin.String(playlist.4.image.EnableWallImages))">Skin.SetString(playlist.4.image.EnableWallImages,12)</onload>
	<onload condition="System.HasAddon(script.skin.helper.service) + IsEmpty(Skin.String(playlist.5.image.EnableWallImages))">Skin.SetString(playlist.5.image.EnableWallImages,12)</onload>
	<onload condition="System.HasAddon(script.skin.helper.service) + IsEmpty(Skin.String(playlist.6.image.EnableWallImages))">Skin.SetString(playlist.6.image.EnableWallImages,12)</onload>
	<onload condition="System.HasAddon(script.skin.helper.service) + IsEmpty(Skin.String(playlist.7.image.EnableWallImages))">Skin.SetString(playlist.7.image.EnableWallImages,12)</onload>
	<onload condition="System.HasAddon(script.skin.helper.service) + IsEmpty(Skin.String(SmartShortcuts.playlists))">Skin.SetBool(SmartShortcuts.playlists)</onload>
	<onload condition="System.HasAddon(script.skin.helper.service) + IsEmpty(Skin.String(SmartShortcuts.favorites))">Skin.SetBool(SmartShortcuts.favorites)</onload>
	<onload condition="!System.HasAddon(script.skin.helper.service)">ReplaceWindow($INFO[System.StartupWindow])</onload>
	<onload condition="System.HasAddon(script.skin.helper.service) + Skin.HasSetting(Disable_Splash)">ReplaceWindow($INFO[System.StartupWindow])</onload>	
	<onload condition="System.HasAddon(script.skin.helper.service) + !Skin.HasSetting(Disable_Splash)">RunScript(script.skin.helper.service,action=splashscreen,file=$VAR[splash_path],duration=6)</onload>
	<onload condition="String.IsEmpty(Skin.String(MainMenuTextColor))">Skin.SetString(MainMenuTextColor,white)</onload>
	<onload condition="String.IsEmpty(Skin.String(MainMenuFocusedColor))">Skin.SetString(MainMenuFocusedColor,burlywood)</onload>
	<onload condition="String.IsEmpty(Skin.String(SubMenuFocusedColor))">Skin.SetString(SubMenuFocusedColor,red)</onload>
	<onload condition="String.IsEmpty(Skin.String(MainInfoTextBorder))">Skin.SetString(MainInfoTextBorder,burlywood)</onload>
	<onload condition="String.IsEmpty(Skin.String(MainRadioTextBorder))">Skin.SetString(MainRadioTextBorder,gray)</onload>
	<onload condition="String.IsEmpty(Skin.String(SubTextFocusedColor))">Skin.SetString(SubTextFocusedColor,white)</onload>
	<onload condition="String.IsEmpty(Skin.String(MainNameString))">Skin.SetString(MainNameString,אין שם)</onload>
	<controls>
		<!-- video control for splash -->
	<!--	<control type="videowindow">
			<width>100%</width>
			<height>100%</height>
		</control>
		<!-- image control for splash -->
		<!--<control type="image">
			<width>100%</width>
			<height>100%</height>
			<aspectratio>keep</aspectratio>
			<texture background="true">$INFO[Window(Home).Property(SkinHelper.SplashScreen)]</texture>
		</control>-->
	</controls>
</window>
