<?xml version="1.0" encoding="UTF-8"?>
<window>
    <defaultcontrol always="true">8002</defaultcontrol>
    <onload>Control.SetFocus(8002)</onload>
    <controls>
	
 
	<control type="group">
	<posy>1000</posy>
	<animation type="WindowOpen">
	<effect type="fade" start="0" end="100" time="500"/>
	<effect type="slide" start="0,0" end="0,-1000" time="450" tween="sine" easing="inout"/>
	</animation>
	<animation type="WindowClose">
	<effect type="fade" start="100" end="0" time="500"/>
	<effect type="slide" start="0,-1000" end="0,0" time="450" tween="sine" easing="inout"/>
	</animation>
	<control type="image">
	<posx>0</posx>
	<posy>950</posy>
	<width>1920</width>
	<height>150</height>
	<texture>black.png</texture>
	</control>
	</control>

				<control type="group">
						<animation type="WindowOpen">
						<effect type="fade" start="0" end="100" time="500"/>
						<effect type="slide" start="0,0" end="0,-1000" time="450" tween="sine" easing="inout"/>
						</animation>
						<animation type="WindowClose">
						<effect type="fade" start="100" end="0" time="500"/>
						<effect type="slide" start="0,-1000" end="0,0" time="450" tween="sine" easing="inout"/>
						</animation>
						<posx>110</posx>
						<posy>1950</posy>
						<control type="progress">
							<description>Progressbar Cache</description>
							<posx>0</posx>
							<posy>0</posy>
							<width>1700</width>
							<height>25</height>
							<info>Player.ProgressCache</info>
							<texturebg border="2,2,2,2" colordiffuse="7a444444">white.png</texturebg>
							<midtexture colordiffuse="gray">white.png</midtexture>
						</control>
						<control type="progress">
							<description>Progressbar</description>
							<posx>0</posx>
							<posy>0</posy>
							<width>1700</width>
							<height>25</height>
							<texturebg border="2,2,2,2" colordiffuse="7a444444">white.png</texturebg>
							<midtexture colordiffuse="ff34495e">white.png</midtexture>
							<lefttexture>-</lefttexture>
							<righttexture>-</righttexture>
							<info>Player.Progress</info>
						</control>

            <control type="slider" id="402">
                <posx>0</posx>
                <posy>0</posy>
                <width>1700</width>
                <height>95</height>
				<onback>8001</onback>
				<texturesliderbar>special://skin/extras/osd/4.png</texturesliderbar>
				<textureslidernib colordiffuse="white">white.png</textureslidernib>
				<textureslidernibfocus colordiffuse="burlywood">white.png</textureslidernibfocus>
                <orientation>horizontal</orientation>
				<action>seek</action>
            </control>
			</control>
	

	<control type="grouplist">
  	<animation type="WindowOpen">
	<effect type="fade" start="0" end="100" time="500"/>
	<effect type="slide" start="0,0" end="0,-1000" time="450" tween="sine" easing="inout"/>
	</animation>
	<animation type="WindowClose">
	<effect type="fade" start="100" end="0" time="500"/>
	<effect type="slide" start="0,-1000" end="0,0" time="450" tween="sine" easing="inout"/>
	</animation>
	<posx>340</posx>
	<posy>2005</posy>
	<width>1500</width>
	<height>45</height>
	<align>left</align>
	<orientation>Horizontal</orientation>
	<control type="label">
	<visible>![String.IsEmpty(VideoPlayer.Season) + String.IsEmpty(VideoPlayer.Episode)]</visible>
	<width>220</width>
	<height>50</height>
	<font>font-18</font>
	<label>[B]$INFO[VideoPlayer.Season,עונה (,)] $INFO[VideoPlayer.Episode,פרק (,)][/B]</label>
	</control>
	<control type="label">
	<visible>!String.IsEmpty(VideoPlayer.Year)</visible>
	<width>100</width>
	<height>50</height>
	<font>font-18</font>
	<label>[B]$INFO[VideoPlayer.Year,(,)][/B]</label>
	</control>
	<control type="label">
	<visible>!String.IsEmpty(VideoPlayer.TVShowTitle)</visible>
	<width>850</width>
	<height>50</height>
	<font>font-18</font>
	<label>[B]$INFO[VideoPlayer.TVShowTitle][/B]</label>
	</control>
	<control type="label">
	<visible>String.IsEmpty(VideoPlayer.TVShowTitle) + !String.IsEmpty(VideoPlayer.Title)</visible>
	<width>1250</width>
	<height>50</height>
	<font>font-18</font>
	<label>[B]$INFO[VideoPlayer.Title][/B]</label>
	</control>
	</control>


	<control type="group">
  	<animation type="WindowOpen">
	<effect type="fade" start="0" end="100" time="500"/>
	<effect type="slide" start="0,0" end="0,-1000" time="450" tween="sine" easing="inout"/>
	</animation>
	<animation type="WindowClose">
	<effect type="fade" start="100" end="0" time="500"/>
	<effect type="slide" start="0,-1000" end="0,0" time="450" tween="sine" easing="inout"/>
	</animation>
	<posx>0</posx>
	<posy>1948</posy>
	<control type="label">
	<posx>20</posx>
	<posy>0</posy>
	<width>150</width>
	<align>left</align>
	<font>font-16</font>
	<label>[B]$INFO[System.Time][/B]</label>
	</control>
	<control type="label">
	<posx>1900</posx>
	<posy>0</posy>
	<width>150</width>
	<align>right</align>
	<font>font-16</font>
	<label>[B]$INFO[Player.FinishTime][/B]</label>
	</control>
	</control>


	<control type="group">
	<description>left menu</description>
	<posy>1000</posy>
  	<animation type="WindowOpen">
	<effect type="fade" start="0" end="100" time="500"/>
	<effect type="slide" start="0,0" end="0,-1000" time="450" tween="sine" easing="inout"/>
	</animation>
	<animation type="WindowClose">
	<effect type="fade" start="100" end="0" time="500"/>
	<effect type="slide" start="0,-1000" end="0,0" time="450" tween="sine" easing="inout"/>
	</animation>
	<control type="list" id="8002">
	<posx>105</posx>
	<posy>1000</posy>
	<width>500</width>
	<height>100</height>
	<onup>Control.SetFocus(65)</onup>
	<onright condition="VideoPlayer.HasSubtitles + !VideoPlayer.SubtitlesEnabled">SetFocus(30002)</onright>
	<onright condition="VideoPlayer.HasSubtitles + VideoPlayer.SubtitlesEnabled">SetFocus(30003)</onright>
	<onright condition="!VideoPlayer.HasSubtitles">SetFocus(30004)</onright>
	<orientation>Horizontal</orientation>
	<itemlayout width="50" height="50">
	<control type="image">
	<posx>0</posx>
	<posy>0</posy>
	<width>45</width>
	<height>45</height>
	<texture>$INFO[ListItem.Thumb]</texture>
	</control>
	</itemlayout>
	<focusedlayout width="50" height="50">
	<control type="image">
	<visible>!Control.HasFocus(8002)</visible>
	<posx>0</posx>
	<posy>0</posy>
	<width>45</width>
	<height>45</height>
	<texture>$INFO[ListItem.Thumb]</texture>
	</control>
	<control type="image">
	<visible>Control.HasFocus(8002)</visible>
	<posx>0</posx>
	<posy>0</posy>
	<width>45</width>
	<height>45</height>
	<texture colordiffuse="ffee3343">$INFO[ListItem.Thumb]</texture>
	</control>
	</focusedlayout>
	<content>
	<item id="20">
	<thumb>special://skin/extras/main/menu.png</thumb>
	<onclick>Control.SetFocus(9202)</onclick>
	</item>
	<item id="21">
	<thumb>special://skin/extras/osd/stop.png</thumb>
	<onclick>stop</onclick>
	</item>
	<item id="22">
	<visible>Player.HasVideo + Player.Paused</visible>
	<thumb>special://skin/extras/osd/play.png</thumb>
	<onclick>pause</onclick>
	</item>
	<item id="23">
	<visible>Player.HasVideo + !Player.Paused</visible>
	<thumb>special://skin/extras/osd/pause.png</thumb>
	<onclick>pause</onclick>
	</item>
	
	<item id="24">
	<visible>Player.Muted</visible>
	<thumb>special://skin/extras/osd/mute.png</thumb>
	<onclick>mute</onclick>
	</item>
	
	<item id="25">
	<visible>!Player.Muted</visible>
	<thumb>special://skin/extras/osd/audio-add-xxl.png</thumb>
	<onclick>mute</onclick>
	</item>
	</content>
	</control>
	</control>



	<control type="group">
	<animation type="WindowOpen">
	<effect type="fade" start="0" end="100" time="500"/>
	<effect type="slide" start="0,0" end="0,-1000" time="450" tween="sine" easing="inout"/>
	</animation>
	<animation type="WindowClose">
	<effect type="fade" start="100" end="0" time="500"/>
	<effect type="slide" start="0,-1000" end="0,0" time="450" tween="sine" easing="inout"/>
	</animation>
	<posy>1000</posy>
	<posx>-10</posx>
	<control type="button" id="30002">
	<visible>VideoPlayer.HasSubtitles + !VideoPlayer.SubtitlesEnabled</visible>
	<posx>1615</posx>
	<posy>1000</posy>
	<width>152</width>
	<height>45</height>
	<onright>SetFocus(30004)</onright>
	<onleft>8002</onleft>
	<texturefocus>-</texturefocus>
	<texturenofocus>-</texturenofocus>
	<label>[B]הפעל כתובית[/B]</label>
	<font>font-16</font>
	<textcolor>white</textcolor>
	<focusedcolor>ffee3343</focusedcolor>
	<onclick>ShowSubtitles</onclick>
	</control>
	<control type="button" id="30003">
	<visible>VideoPlayer.HasSubtitles + VideoPlayer.SubtitlesEnabled</visible>
	<posx>1615</posx>
	<posy>1000</posy>
	<width>152</width>
	<height>45</height>
	<onright>SetFocus(30004)</onright>
	<onleft>SetFocus(8002)</onleft>
	<texturefocus>-</texturefocus>
	<texturenofocus>-</texturenofocus>
	<label>[B]בטל כתובית[/B]</label>
	<font>font-16</font>
	<textcolor>white</textcolor>
	<focusedcolor>ffee3343</focusedcolor>
	<onclick>ShowSubtitles</onclick>
	</control>
	<control type="button" id="30004">
	<posx>1780</posx>
	<posy>1000</posy>
	<width>45</width>
	<height>45</height>
	<onleft condition="VideoPlayer.HasSubtitles + !VideoPlayer.SubtitlesEnabled">SetFocus(30002)</onleft>
	<onleft condition="VideoPlayer.HasSubtitles + VideoPlayer.SubtitlesEnabled">SetFocus(30003)</onleft>
	<onleft condition="!VideoPlayer.HasSubtitles">8002</onleft>
	<texturefocus colordiffuse="ffee3343">special://skin/extras/osd/subs.png</texturefocus>
	<texturenofocus colordiffuse="white">special://skin/extras/osd/subs.png</texturenofocus>
	<onclick>ActivateWindow(subtitlesearch)</onclick>
	</control>
	</control>


	<control type="group">
	<animation type="WindowOpen">
	<effect type="fade" start="0" end="100" time="500"/>
	<effect type="slide" start="0,0" end="-1000,0" time="450" tween="sine" easing="inout"/>
	</animation>
	<animation type="WindowClose">
	<effect type="fade" start="100" end="0" time="500"/>
	<effect type="slide" start="-1000,0" end="0,0" time="450" tween="sine" easing="inout"/>
	</animation>
	<posx>1905</posx>
	<posy>755</posy>
	<control type="image">
	<posx>315</posx>
	<posy>0</posy>
	<width>700</width>
	<height>195</height>
	<texture>black.png</texture>
	<colordiffuse>77000000</colordiffuse>
	</control>
	<control type="image">
	<posx>315</posx>
	<posy>0</posy>
	<width>700</width>
	<height>195</height>
	<texture>black.png</texture>
	<colordiffuse>77000000</colordiffuse>
	</control>
	<control type="textbox">
	<autoscroll fade="3000" time="3000" delay="8000" repeat="4000">!Control.HasFocus(65)</autoscroll>
	<posy>65</posy>
	<width>680</width>
	<height>115</height>
	<align>right</align>
	<pagecontrol>65</pagecontrol>
	<font>font-16</font>
	<label>[B]$INFO[VideoPlayer.Plot][CR][COLOR gray][I]$INFO[VideoPlayer.Genre][/I][/COLOR][/B]</label>
	</control>
	</control>


	<control type="group">
	<visible>!String.IsEmpty(Window(home).Property(SkinHelper.Player.Studio)</visible>
	<animation type="WindowOpen">
	<effect type="fade" start="0" end="100" time="500"/>
	<effect type="slide" start="0,0" end="0,1000" time="450" tween="sine" easing="inout"/>
	</animation>
	<animation type="WindowClose">
	<effect type="fade" start="100" end="0" time="500"/>
	<effect type="slide" start="0,1000" end="0,0" time="450" tween="sine" easing="inout"/>
	</animation>
	<posy>-1000</posy>
	<control type="image">
	<posx>600</posx>
	<posy>0</posy>
	<width>820</width>
	<height>97</height>
	<texture colordiffuse="black" diffuse="glass.jpg" background="true" border="15,2,15,2">main/tab.png</texture> 
	<bordertexture colordiffuse="$VAR[main_color]" border="15,2,15,2">main/tab_stroke.png</bordertexture>
	<bordersize>1,0,1,1</bordersize>
	<animation effect="fade" end="80" time="0" condition="true">Conditional</animation>
	</control>
	<control type="label">
	<posx>650</posx>
	<posy>-10</posy>
	<width>750</width>
	<height>85</height>
	<align>center</align>
	<pagecontrol>65</pagecontrol>
	<font>font-18</font>
	<label>רשת משדרת</label>
	</control>
	<control type="textbox">
	<posx>645</posx>
	<posy>25</posy>
	<width>750</width>
	<height>85</height>
	<align>center</align>
	<pagecontrol>65</pagecontrol>
	<font>font-18</font>
	<label>[B]$INFO[Window(home).Property(SkinHelper.Player.Studio)][/B]</label>
	</control>
	</control>


	<control type="scrollbar" id="65">
	<animation type="WindowOpen">
	<effect type="fade" start="0" end="100" time="500"/>
	<effect type="slide" start="0,0" end="0,-1000" time="450" tween="sine" easing="inout"/>
	</animation>
	<animation type="WindowClose">
	<effect type="fade" start="100" end="0" time="500"/>
	<effect type="slide" start="0,-1000" end="0,0" time="450" tween="sine" easing="inout"/>
	</animation>
	<posx>1220</posx>
	<posy>1757</posy>
	<width>5</width>
	<height>188</height>
	<onback>8002</onback>
	<orientation>vertical</orientation>
	  <texturesliderbackground colordiffuse="77000000">white.png</texturesliderbackground>
      <texturesliderbar colordiffuse="black">white.png</texturesliderbar>
      <texturesliderbarfocus colordiffuse="gray">white.png</texturesliderbarfocus>
      <textureslidernib colordiffuse="deepskyblue">white.png</textureslidernib>
      <textureslidernibfocus colordiffuse="ff34495e">white.png</textureslidernibfocus>
	  </control>


		<control type="list" id="9202">
		<animation condition="Control.HasFocus(9202)" effect="slide" start="0,0" end="1100,0" time="650" tween="sine" easing="inout">Conditional</animation>
		<posy>140</posy>
		<posx>-1100</posx>
		<width>400</width>
		<height>355</height>
		<orientation>vertical</orientation>
		<onright>8001</onright>
		<onback>8001</onback>
		<itemlayout width="380" height="60">

		<control type="label">
		<posx>70</posx>
		<posy>5</posy>
		<width>250</width>
		<height>50</height>
		<align>left</align>
		<textcolor>white</textcolor>
		<font>Font-Header-Bold-Panel</font>
		<label>$INFO[ListItem.Label]</label>
		</control>
		<control type="image">
		<posx>10</posx>
		<posy>10</posy>
		<width>45</width>
		<height>45</height>
		<texture>$INFO[ListItem.Thumb]</texture>
		</control>
	</itemlayout>
		<focusedlayout width="380" height="60">
		<control type="image">
		<visible>Control.HasFocus(9202)</visible>
		<posx>5</posx>
		<posy>5</posy>
		<width>55</width>
		<height>55</height>
		<texture colordiffuse="6e444444" diffuse="circle.png">special://skin/extras/circles/circle-white.png</texture>
		</control>
		<control type="image">
		<visible>Control.HasFocus(9202)</visible>
		<posx>5</posx>
		<posy>5</posy>
		<width>55</width>
		<height>55</height>
		<texture colordiffuse="6e444444" diffuse="circle.png">special://skin/extras/circles/circle-white.png</texture>
		</control>
		<control type="label">
		<animation effect="slide" start="0,0" end="20,0" time="350" tween="sine" easing="inout">Focus</animation>
		<posx>70</posx>
		<posy>5</posy>
		<width>250</width>
		<height>50</height>
		<align>left</align>
		<textcolor>white</textcolor>
		<font>Font-Header-Bold-Panel</font>
		<label>[B]$INFO[ListItem.Label][/B]</label>
		</control>
		<control type="image">
		<posx>10</posx>
		<posy>10</posy>
		<width>45</width>
		<height>45</height>
		<texture>$INFO[ListItem.Thumb]</texture>
		</control>
		</focusedlayout>
	<content>
	<item>
	<thumb>special://skin/extras/videoosdicons/audio.png</thumb>
	<label>הגדרות וידאו</label>
	<onclick>ActivateWindow(osdvideosettings)</onclick>
	</item>
	<item>
	<thumb>special://skin/extras/videoosdicons/video-play-4-xxl.png</thumb>
	<label>הגדרת אודיו</label>
	<onclick>ActivateWindow(osdaudiosettings)</onclick>
	</item>
	<item>
	<thumb>special://skin/extras/videoosdicons/clock-4-xxl.png</thumb>
	<label>השהיית כתובית</label>
	<onclick>subtitledelay</onclick>
	</item>
	<item>
	<thumb>special://skin/extras/videoosdicons/mute-2-xxl.png</thumb>
	<visible>!Player.Muted</visible>
	<label>השתק</label>
	<onclick>mute</onclick>
	</item>
	<item>
	<thumb>special://skin/extras/osd/volume3.png</thumb>
	<visible>Player.Muted</visible>
	<label>בטל השתקה</label>
	<onclick>mute</onclick>
	</item>
	<item>
	<thumb>special://skin/extras/osd/subs3.png</thumb>
	<label>חפש כתובית</label>
	<onclick>ActivateWindow(subtitlesearch)</onclick>
	</item>
	<item>
	<thumb>special://skin/extras/videoosdicons/star-2-xxl.png</thumb>
	<label>מועדפים</label>
	<onclick>ActivateWindow(favourites)</onclick>
	</item>
	<item>
	<thumb>special://skin/extras/videoosdicons/bookmark-xxl.png</thumb>
	<label>סימניות</label>
	<onclick>ActivateWindow(videobookmarks)</onclick>
	</item>
	<item>
	<thumb>special://skin/extras/videoosdicons/media-skip-forward-xxl.png</thumb>
	<label>דלג 10 דקות</label>
	<onclick>Seek(600)</onclick>
	</item>
	<item>
	<thumb>special://skin/extras/osd/video-play-2-xxl.png</thumb>
	<description>השהה נגן</description>
	<label>השהה נגן וידאו</label>
	<onclick>Skin.SetNumeric(SkinHelper.AutoCloseVideoOSD)</onclick>
	</item>
	<item>
	<thumb>special://skin/extras/osd/audio-spectrum-xxl.png</thumb>
	<description>השהה נגן</description>
	<label>השהה נגן אודיו</label>
	<onclick>Skin.SetNumeric(SkinHelper.AutoCloseMusicOSD)</onclick>
	</item>
	</content>
	</control>		


<control type="group">
	<animation type="WindowOpen">
	<effect type="fade" start="0" end="100" time="500"/>
	<effect type="slide" start="0,0" end="-1000,0" time="450" tween="sine" easing="inout"/>
	</animation>
	<animation type="WindowClose">
	<effect type="fade" start="100" end="0" time="500"/>
	<effect type="slide" start="-1000,0" end="0,0" time="450" tween="sine" easing="inout"/>
	</animation>
<control type="grouplist">
<posx>2570</posx>
<posy>747</posy>
<width>380</width>
<height>800</height>
<align>center</align>
<orientation>horizontal</orientation>
<itemgap>0</itemgap>
<control type="image">
<visible>!String.IsEmpty(VideoPlayer.VideoResolution)</visible>
<posx>0</posx>
<posy>0</posy>
<width>60</width>
<height>60</height>
<texture>special://skin/extras/flags/videoresolution/$INFO[VideoPlayer.VideoResolution].png</texture>
</control>
<control type="image">
<visible>!String.IsEmpty(VideoPlayer.AudioChannels)</visible>
<posx>0</posx>
<posy>0</posy>
<width>60</width>
<height>60</height>
<texture>special://skin/extras/flags/audiochannel/$INFO[VideoPlayer.AudioChannels].png</texture>
</control>
<control type="image">
<visible>!String.IsEmpty(VideoPlayer.AudioCodec)</visible>
<posx>0</posx>
<posy>0</posy>
<width>60</width>
<height>60</height>
<texture>special://skin/extras/flags/audiocodec/$INFO[VideoPlayer.AudioCodec].png</texture>
</control>
<control type="image">
<visible>!String.IsEmpty(VideoPlayer.VideoAspect)</visible>
<posx>0</posx>
<posy>0</posy>
<width>60</width>
<height>60</height>
<texture>special://skin/extras/flags/aspectratio/$INFO[VideoPlayer.VideoAspect].png</texture>
</control>
<control type="image">
<visible>!String.IsEmpty(VideoPlayer.VideoCodec)</visible>
<posx>0</posx>
<posy>0</posy>
<width>60</width>
<height>60</height>
<texture>special://skin/extras/flags/videocodec/$INFO[VideoPlayer.VideoCodec].png</texture>
</control>
</control>
</control>

 </controls>
</window>