<?xml version="1.0" encoding="UTF-8"?>

<window>
<defaultcontrol always="true">8001</defaultcontrol>
<onload>Dialog.Clode(all,true)</onload>
<controls>





<control type="group">
<animation type="WindowOpen">
<effect type="fade" time="500"/>
<effect type="slide" start="0,0" end="-1300,0" time="750" tween="sine" easing="inout"/>
</animation>
<animation type="WindowClose">
<effect type="fade" time="500"/>
<effect type="slide" start="-1300,0" end="0,0" time="750" tween="sine" easing="inout"/>
</animation>
<posx>2500</posx>

<control type="image">
<visible>!String.IsEmpty(VideoPlayer.Plot)</visible>
<posx>0</posx>
<posy>820</posy>
<width>720</width>
<height>160</height>
<texture>black.png</texture>
<colordiffuse>77000000</colordiffuse>
</control>
<control type="textbox">
<autoscroll fade="3500" time="3500" repeat="4000">!Control.HasFocus(68)</autoscroll>
<visible>!String.IsEmpty(VideoPlayer.Plot)</visible>
<posx>0</posx>
<posy>840</posy>
<width>720</width>
<height>115</height>
<align>right</align>
<pagecontrol>68</pagecontrol>
<font>playlistSubTitle</font>
<label>[I][COLOR gray]$INFO[VideoPlayer.Genre][/I][/COLOR] [CR] [COLOR white]$INFO[VideoPlayer.VideoResolution] / $INFO[Player.Duration(hh:mm:ss)][/COLOR] [CR] $INFO[VideoPlayer.Plot]</label>
</control>
</control>



<control type="scrollbar" id="68">
<animation condition="Control.HasFocus(68)" effect="fade" start="0" end="100" time="250">Conditional</animation>
<animation condition="!Control.HasFocus(68)" effect="fade" start="100" end="0" time="250">Conditional</animation>
<animation type="WindowOpen">
<effect type="fade" time="500"/>
<effect type="slide" start="0,0" end="-1300,0" time="750" tween="sine" easing="inout"/>
</animation>
<animation type="WindowClose">
<effect type="fade" time="500"/>
<effect type="slide" start="-1300,0" end="0,0" time="750" tween="sine" easing="inout"/>
</animation>
<posx>2485</posx>
<posy>820</posy>
<width>15</width>
<height>157</height>
<onback>8001</onback>
<orientation>vertical</orientation>
<texturesliderbackground colordiffuse="red">white.png</texturesliderbackground>
<texturesliderbarfocus colordiffuse="white">white.png</texturesliderbarfocus>
<textureslidernib colordiffuse="white">white.png</textureslidernib>
<textureslidernibfocus colordiffuse="red">white.png</textureslidernibfocus>
</control>



<control type="group">
<animation type="WindowOpen">
<effect type="fade" time="500"/>
<effect type="slide" start="0,0" end="0,500" time="650" tween="sine" easing="inout"/>
</animation>
<animation type="WindowClose">
<effect type="fade" time="500"/>
<effect type="slide" start="0,500" end="0,0" time="650" tween="sine" easing="inout"/>
</animation>
<posy>-500</posy>
		<control type="label">
		<posx>470</posx>
		<posy>0</posy>
		<width>850</width>
		<height>50</height>
		<align>center</align>
		<visible>control.hasfocus(8001)</visible>
		<label>$INFO[Container(8001).ListItem.Label]</label>
		</control>
		
		<control type="label">
		<posx>470</posx>
		<posy>0</posy>
		<width>850</width>
		<height>50</height>
		<align>center</align>
		<visible>Control.HasFocus(8002)</visible>
		<label>$INFO[Container(8002).ListItem.Label]</label>
		</control>
		</control>

<control type="image">
<animation type="WindowOpen">
<effect type="fade" time="500"/>
<effect type="slide" start="0,0" end="0,-500" time="650" tween="sine" easing="inout"/>
</animation>
<animation type="WindowClose">
<effect type="fade" time="500"/>
<effect type="slide" start="0,-500" end="0,0" time="650" tween="sine" easing="inout"/>
</animation>
<posx>0</posx>
<posy>1478</posy>
<width>1920</width>
<height>120</height>
<texture>black.png</texture>
</control>

<control type="group">
<posy>500</posy>
<animation type="WindowOpen">
<effect type="fade" time="500"/>
<effect type="slide" start="0,0" end="0,-500" time="650" tween="sine" easing="inout"/>
</animation>
<animation type="WindowClose">
<effect type="fade" time="500"/>
<effect type="slide" start="0,-500" end="0,0" time="650" tween="sine" easing="inout"/>
</animation>
<control type="group">
<control type="label">
<posx>-50</posx>
<posy>974</posy>
<width>200</width>
<height>40</height>
<align>center</align>
<font>settingsCategoryTitle</font>
<label>$INFO[System.Time]</label>
</control>
<control type="label">
<posx>1770</posx>
<posy>974</posy>
<width>200</width>
<height>40</height>
<align>center</align>
<font>settingsCategoryTitle</font>
<label>$INFO[Player.FinishTime]</label>
</control>
</control>



<control type="group">
		<control type="list" id="8001">
		<posy>960</posy>
		<posx>87</posx>
		<width>1400</width>
		<height>200</height>
		<onright>8002</onright>
		<orientation>horizontal</orientation>
		<onup>68</onup>
		<itemlayout width="65" height="175">
		<control type="image">
		<posx>15</posx>
		<posy>65</posy>
		<width>35</width>
		<height>35</height>
		<aspectratio>keep</aspectratio>
		<texture colordiffuse="white">$INFO[ListItem.Thumb]</texture>
		</control>
	<control type="label">
	<posx>20</posx>
	<posy>61</posy>
	<width>1400</width>
	<height>40</height>
	<align>left</align>
	<label>$INFO[ListItem.Label]</label>
	</control>
		</itemlayout>
		<focusedlayout width="65" height="175">
		<control type="image">
		<visible>!control.hasfocus(8001)</visible>
		<posx>15</posx>
		<posy>65</posy>
		<width>35</width>
		<height>35</height>
		<aspectratio>keep</aspectratio>
		<texture colordiffuse="white">$INFO[ListItem.Thumb]</texture>
	</control>
	<control type="image">
	<visible>control.hasfocus(8001)</visible>
		<posx>15</posx>
		<posy>65</posy>
		<width>35</width>
		<height>35</height>
		<aspectratio>keep</aspectratio>
		<texture colordiffuse="gray">$INFO[ListItem.Thumb]</texture>
	</control>
	
	<control type="label">
	<posx>20</posx>
	<posy>61</posy>
	<width>1400</width>
	<height>40</height>
	<align>left</align>
	<label>$INFO[ListItem.Label]</label>
	</control>
		</focusedlayout>
		<content>
		<item>
		<visible>Player.Paused</visible>
		<thumb>special://skin/extras/osd/play.png</thumb>
		<onclick>play</onclick>
		</item>
		<item>
		<visible>!Player.Paused</visible>
		<thumb>special://skin/extras/osd/pause.png</thumb>
		<onclick>pause</onclick>
		</item>
		<item>
		<thumb>special://skin/extras/osd/stop.png</thumb>
		<onclick>PlayerControl(Stop)</onclick>
		<onclick>Dialog.Close(all,true)</onclick>
		<onclick>ClearProperty(home)</onclick>
		</item>
		<item>
		<thumb>special://skin/extras/osd/audio-add-xxl.png</thumb>
		<onclick>Control.SetFocus(889)</onclick>
		</item>
		</content>
		</control>
		</control>

<control type="group">
<control type="label">
<visible>String.IsEmpty(VideoPlayer.Episode) + String.IsEmpty(VideoPlayer.Season)</visible>
<posx>324</posx>
<posy>1018</posy>
<width>1200</width>
<height>40</height>
<align>left</align>
<label>[B]$INFO[VideoPlayer.Title] $INFO[VideoPlayer.Year, (,)][/B]</label>
</control>
<control type="label">
<visible>![String.IsEmpty(VideoPlayer.Episode) + String.IsEmpty(VideoPlayer.Season)]</visible>
<posx>324</posx>
<posy>1018</posy>
<width>1000</width>
<height>40</height>
<align>left</align>
<scroll>true</scroll>
<label>[B]$INFO[VideoPlayer.Title] $INFO[VideoPlayer.Season, עונה (,)] $INFO[VideoPlayer.Episode, פרק (,)][/B]</label>
</control>
</control>



<control type="group">

		<control type="list" id="8002">
		<posy>960</posy>
		<posx>1437</posx>
		<width>880</width>
		<height>200</height>
		<onleft>8001</onleft>
		<orientation>horizontal</orientation>
		<onup>62</onup>
		<itemlayout width="65" height="175">
		<control type="image">
		<posx>15</posx>
		<posy>65</posy>
		<width>35</width>
		<height>35</height>
		<aspectratio>keep</aspectratio>
		<texture colordiffuse="white">$INFO[ListItem.Thumb]</texture>
		</control>
		</itemlayout>
		<focusedlayout width="65" height="175">
		<control type="image">
		<visible>!control.hasfocus(8002)</visible>
		<posx>15</posx>
		<posy>65</posy>
		<width>35</width>
		<height>35</height>
		<aspectratio>keep</aspectratio>
		<texture colordiffuse="white">$INFO[ListItem.Thumb]</texture>
		</control>
		<control type="image">
		<visible>control.hasfocus(8002)</visible>
		<posx>15</posx>
		<posy>65</posy>
		<width>35</width>
		<height>35</height>
		<aspectratio>keep</aspectratio>
		<texture colordiffuse="gray">$INFO[ListItem.Thumb]</texture>
		</control>
		</focusedlayout>
		<content>
		<item>
		<label>תפריט</label>
		<thumb>special://skin/extras/main/menu.png</thumb>
		<onclick>Control.SetFocus(9202)</onclick>
		</item>
		<item>
		<label>חפש כתובית</label>
		<thumb>special://skin/extras/videoosdicons/search-11-xxl.png</thumb>
		<onclick>ActivateWindow(subtitlesearch)</onclick>
		</item>
		<item>
		<visible>VideoPlayer.HasSubtitles + VideoPlayer.SubtitlesEnabled</visible>
		<label>בטל כתובית</label>
		<thumb>special://skin/extras/osd/subs3.png</thumb>
		<onclick>ShowSubtitles</onclick>
		</item>
		<item>
		<visible>VideoPlayer.HasSubtitles + !VideoPlayer.SubtitlesEnabled</visible>
		<label>הפעל כתובית</label>
		<thumb>special://skin/extras/osd/subs3.png</thumb>
		<onclick>ShowSubtitles</onclick>
		</item>
		<item>
		<thumb>special://skin/extras/osd/subs.png</thumb>
		<label>רקע כתובית</label>
        <onclick>RunScript(special://home/addons/script.subskeys/default.py,background)</onclick>
		</item>
		<item>
		<thumb>special://skin/extras/osd/rewind.png</thumb>
		<onclick>PlayerControl(rewind)</onclick>
		<label>הרץ אחורה</label>
		</item>
		<item>
		<thumb>special://skin/extras/osd/previous.png</thumb>
		<onclick>PlayerControl(previous)</onclick>
		<label>להתחלה</label>
		</item>
		<item>
		<thumb>special://skin/extras/osd/forward.png</thumb>
		<onclick>PlayerControl(forward)</onclick>
		<label>הרץ קדימה</label>
		</item>
		</content>
		</control>
		</control>




		<control type="list" id="9202">
		<animation condition="Control.HasFocus(9202)" effect="slide" start="0,0" end="1100,0" time="650" tween="sine" easing="inout">Conditional</animation>
		<posy>140</posy>
		<posx>-1100</posx>
		<width>400</width>
		<height>355</height>
		<orientation>vertical</orientation>
		<onright>8001</onright>
		<onback>8001</onback>
		<itemlayout width="380" height="60">

		<control type="label">
		<posx>70</posx>
		<posy>5</posy>
		<width>250</width>
		<height>50</height>
		<align>left</align>
		<textcolor>white</textcolor>
		<font>Font-Header-Bold-Panel</font>
		<label>$INFO[ListItem.Label]</label>
		</control>
		<control type="image">
		<posx>10</posx>
		<posy>10</posy>
		<width>45</width>
		<height>45</height>
		<texture>$INFO[ListItem.Thumb]</texture>
		</control>
	</itemlayout>
		<focusedlayout width="380" height="60">
		<control type="image">
		<visible>Control.HasFocus(9202)</visible>
		<posx>5</posx>
		<posy>5</posy>
		<width>55</width>
		<height>55</height>
		<texture colordiffuse="6e444444" diffuse="circle.png">special://skin/extras/circles/circle-white.png</texture>
		</control>
		<control type="image">
		<visible>Control.HasFocus(9202)</visible>
		<posx>5</posx>
		<posy>5</posy>
		<width>55</width>
		<height>55</height>
		<texture colordiffuse="6e444444" diffuse="circle.png">special://skin/extras/circles/circle-white.png</texture>
		</control>
		<control type="label">
		<animation effect="slide" start="0,0" end="20,0" time="350" tween="sine" easing="inout">Focus</animation>
		<posx>70</posx>
		<posy>5</posy>
		<width>250</width>
		<height>50</height>
		<align>left</align>
		<textcolor>white</textcolor>
		<font>Font-Header-Bold-Panel</font>
		<label>[B]$INFO[ListItem.Label][/B]</label>
		</control>
		<control type="image">
		<posx>10</posx>
		<posy>10</posy>
		<width>45</width>
		<height>45</height>
		<texture>$INFO[ListItem.Thumb]</texture>
		</control>
		</focusedlayout>
	<content>
	<item>
	<thumb>special://skin/extras/videoosdicons/audio.png</thumb>
	<label>הגדרות וידאו</label>
	<onclick>ActivateWindow(osdvideosettings)</onclick>
	</item>
	<item>
	<thumb>special://skin/extras/videoosdicons/video-play-4-xxl.png</thumb>
	<label>הגדרת אודיו</label>
	<onclick>ActivateWindow(osdaudiosettings)</onclick>
	</item>
	<item>
	<thumb>special://skin/extras/videoosdicons/clock-4-xxl.png</thumb>
	<label>השהיית כתובית</label>
	<onclick>subtitledelay</onclick>
	</item>
	<item>
	<thumb>special://skin/extras/videoosdicons/mute-2-xxl.png</thumb>
	<visible>!Player.Muted</visible>
	<label>השתק</label>
	<onclick>mute</onclick>
	</item>
	<item>
	<thumb>special://skin/extras/osd/volume3.png</thumb>
	<visible>Player.Muted</visible>
	<label>בטל השתקה</label>
	<onclick>mute</onclick>
	</item>
	<item>
	<thumb>special://skin/extras/osd/subs3.png</thumb>
	<label>חפש כתובית</label>
	<onclick>ActivateWindow(subtitlesearch)</onclick>
	</item>
	<item>
	<thumb>special://skin/extras/videoosdicons/star-2-xxl.png</thumb>
	<label>מועדפים</label>
	<onclick>ActivateWindow(favourites)</onclick>
	</item>
	<item>
	<thumb>special://skin/extras/videoosdicons/bookmark-xxl.png</thumb>
	<label>סימניות</label>
	<onclick>ActivateWindow(videobookmarks)</onclick>
	</item>
	<item>
	<thumb>special://skin/extras/videoosdicons/media-skip-forward-xxl.png</thumb>
	<label>דלג 10 דקות</label>
	<onclick>Seek(600)</onclick>
	</item>
	<item>
	<thumb>special://skin/extras/osd/video-play-2-xxl.png</thumb>
	<description>השהה נגן</description>
	<label>השהה נגן וידאו</label>
	<onclick>Skin.SetNumeric(SkinHelper.AutoCloseVideoOSD)</onclick>
	</item>
	<item>
	<thumb>special://skin/extras/osd/audio-spectrum-xxl.png</thumb>
	<description>השהה נגן</description>
	<label>השהה נגן אודיו</label>
	<onclick>Skin.SetNumeric(SkinHelper.AutoCloseMusicOSD)</onclick>
	</item>
	</content>
	</control>		


				<control type="group">
						<posx>110</posx>
						<posy>980</posy>
						<control type="progress">
							<description>Progressbar Cache</description>
							<posx>0</posx>
							<posy>0</posy>
							<width>1700</width>
							<height>22</height>
							<info>Player.ProgressCache</info>
							<texturebg colordiffuse="gray">special://skin/extras/osd/2.png</texturebg>
							<midtexture colordiffuse="white">special://skin/extras/osd/5.png</midtexture>
						</control>
						<control type="progress">
							<description>Progressbar</description>
							<posx>0</posx>
							<posy>0</posy>
							<width>1700</width>
							<height>22</height>
							<texturebg diffuse="special://skin/extras/circle.png" colordiffuse="red">special://skin/extras/osd/4.png</texturebg>
							<midtexture diffuse="special://skin/extras/circle.png" colordiffuse="red">special://skin/extras/osd/5.png</midtexture>
							<lefttexture>-</lefttexture>
							<righttexture>-</righttexture>
							<info>Player.Progress</info>
						</control>

            <control type="slider" id="402">
                <posx>0</posx>
                <posy>2</posy>
                <width>1700</width>
                <height>20</height>
				<onback>8001</onback>
                <texturesliderbar diffuse="special://skin/extras/circles/circle-white.png" colordiffuse="00FFFFFF">white.png</texturesliderbar>
                <textureslidernib diffuse="special://skin/extras/circles/circle-white.png" colordiffuse="red">white.png</textureslidernib>
				<textureslidernibfocus diffuse="special://skin/extras/circles/circle-white.png" colordiffuse="burlywood">white.png</textureslidernibfocus>
                <orientation>horizontal</orientation>
				<action>seek</action>
            </control>
			</control>
			
			
			
							<control type="group">
							<animation condition="Control.HasFocus(889)" effect="slide" start="0,0" end="1100,0" time="650" tween="sine" easing="inout">Conditional</animation>
							<posx>-1100</posx>
							<posy>500</posy>
							<control type="progress" id="10001">
							<description>Progressbar for volume</description>
							<posx>40</posx>
							<posy>0</posy>
							<width>10</width>
							<height>220</height>
							<orientation>vertical</orientation>
							<texturebg colordiffuse="white">white.png</texturebg>
							<midtexture colordiffuse="gray">white.png</midtexture>
							<lefttexture>-</lefttexture>
							<righttexture>-</righttexture>
							<info>Player.Volume</info>
						</control>

						<control type="slider" id="889">
							<description>Volume Slider</description>
							<onback>8001</onback>
							<posx>35</posx>
							<posy>0</posy>
							<width>20</width>
							<height>220</height>
							<action>volume</action>
							<texturesliderbar diffuse="special://skin/extras/circles/circle-white.png" colordiffuse="00FFFFFF">white.png</texturesliderbar>
							<textureslidernib diffuse="special://skin/extras/circles/circle-white.png" colordiffuse="white">white.png</textureslidernib>
							<textureslidernibfocus diffuse="special://skin/extras/circles/circle-white.png" colordiffuse="burlywood">white.png</textureslidernibfocus>
						</control>
						</control>
			
			</control>

		
</controls>
</window>