<?xml version="1.0" encoding="UTF-8"?>
<includes>
	<include name="Fanart-Videos">
		<include condition="StringCompare(System.Language,Hebrew) | Skin.HasSetting(Prefer_RTL)">fanart_view_rtl</include>

	</include>
	<include name="fanart_view_rtl">
		<control type="group">
			<visible>Control.IsVisible(50)</visible>
			<visible>IntegerGreaterThan(Container.NumItems,-1) | !Container.IsUpdating</visible>
			<include>views_animation</include>

	   <control type="image">
	   <posx>0</posx>
	   <posy>0</posy>
	   <width>1920</width>
	   <height>1080</height>
	   <texture>special://skin/extras/backgrounds/default.png</texture>
	   </control>
	   
	   		  <control type="multiimage">
                <posx>1380</posx>
                <posy>200</posy>
                <width>540</width>
                <height>878</height>
				<fadetime>350</fadetime>
				<imagepath fallback="special://skin/extras/fallbacks/videodefault.jpg" background="true">$INFO[ListItem.Art(thumb)]</imagepath>
				</control>
	   
       <control type="list" id="50">
            <posx>0</posx>
            <posy>row-5-begin</posy>
            <width>1920</width>
            <height>880</height>
            <ondown>54</ondown>
            <onup>54</onup>
			<orientation>vertical</orientation>
			<onleft condition="Player.HasVideo">PlayerControl(stop)</onleft>
			<onleft condition="!Player.HasVideo">PlayMedia($INFO[ListItem.trailer],1)</onleft>
			<onright>Control.SetFocus(9100)</onright>
			<focusposition>5</focusposition>
			<scrolltime tween="sine" easing="inout">450</scrolltime>
		
	           <itemlayout width="1500" height="70">
                <control type="image">
                    <posx>0</posx>
                    <posy>3</posy>
                    <width>66</width>
                    <height>66</height>
                    <aspectratio scalediffuse="false">stretch</aspectratio>
                    <texture fallback="special://skin/extras/fallbacks/videodefault.jpg">$INFO[Listitem.thumb]</texture>
                </control>
                <control type="image">
                    <posx>1-col</posx>
                    <posy>0</posy>
                    <width>1300</width>
                    <aspectratio>stretch</aspectratio>
                    <texture border="0">black.png</texture>
                    <colordiffuse>77000000</colordiffuse>
                </control>
                <control type="label">
                    <posx>1-col-indent</posx>
                    <posy>0</posy>
                    <width>22-col-gutter</width>
                    <height>2-row</height>
                    <aligny>center</aligny>
                    <font>font-30</font>
                    <textcolor>white</textcolor>
                    <shadowcolor></shadowcolor>
                    <label>$INFO[ListItem.Label]</label>
                </control>
                <control type="label">
                    <visible>!String.IsEmpty(ListItem.playcount)</visible>
                    <posx>200</posx>
                    <posy>0</posy>
                    <width>1-col</width>
                    <height>2-row</height>
                    <aligny>center</aligny>
                    <align>right</align>
                    <font>font-20</font>
                    <textcolor>white</textcolor>
                    <shadowcolor></shadowcolor>
                    <label></label>
                </control>
				<!--	<control type="label">
						<posx>486</posx>
						<posy>12</posy>
						<width>250</width>
						<height>20</height>
						<align>center</align>
						<label>$INFO[ListItem.PercentPlayed]%</label>
						<visible>!String.IsEqual(ListItem.Overlay,overlaywatched.png) + Integer.IsGreater(ListItem.PercentPlayed,0) + !Integer.IsGreater(ListItem.PercentPlayed,99)</visible>
					</control>-->
            </itemlayout>
			
            <focusedlayout width="1500" height="264">
		
                <control type="image">
                    <posx>5</posx>
                    <posy>3</posy>
                    <width>200</width>
                    <height>260</height>
                    <aspectratio scalediffuse="false">stretch</aspectratio>
                    <texture fallback="special://skin/extras/fallbacks/videodefault.jpg">$INFO[Listitem.thumb]</texture>
                </control>

                <control type="image">
                    <posx>205</posx>
                    <posy>2</posy>
                    <width>1167</width>
					<bordertexture colordiffuse="gray">white.png</bordertexture>
					<bordersize>2</bordersize>
                    <aspectratio>stretch</aspectratio>
                    <texture border="0">white.png</texture>
                    <colordiffuse>highlight</colordiffuse>
                </control>
                <control type="label">
                    <posx>210</posx>
                    <posy>0</posy>
                    <width>1150</width>
                    <height>2-row</height>
                    <aligny>center</aligny>
                    <font>font-30</font>
                    <textcolor>white</textcolor>
                    <shadowcolor></shadowcolor>
                    <label>$INFO[ListItem.Label]</label>
                </control>
                <control type="label">
                    <visible>!String.IsEmpty(ListItem.playcount)</visible>
                    <posx>200</posx>
                    <posy>0</posy>
                    <width>1-col</width>
                    <height>2-row</height>
                    <aligny>center</aligny>
                    <align>right</align>
                    <font>font-20</font>
                    <textcolor>white</textcolor>
                    <shadowcolor></shadowcolor>
                    <label></label>
                </control>
				<control type="label">
				<posx>120</posx>
				<posy>195</posy>
				<width>250</width>
				<height>35</height>
				<align>right</align>
				<label>$INFO[ListItem.Duration]</label>
				</control>
				<control type="textbox">
				<visible>String.IsEmpty(ListItem.Duration)</visible>
				<autoscroll time="3500" fade="3500" repeat="2500"></autoscroll>
				<posx>210</posx>
				<posy>75</posy>
				<width>1000</width>
				<height>145</height>
				<font>playlistSubTitle</font>
				<label>$INFO[ListItem.Plot]</label>
				<align>left</align>
				</control>
				<control type="textbox">
				<visible>!String.IsEmpty(ListItem.Duration)</visible>
				<autoscroll time="3500" fade="3500" repeat="2500"></autoscroll>
				<posx>210</posx>
				<posy>70</posy>
				<width>1000</width>
				<height>115</height>
				<font>playlistSubTitle</font>
				<label>$INFO[ListItem.Plot]</label>
				<align>left</align>
				</control>
				<control type="textbox">
				<visible>String.IsEmpty(ListItem.Plot)</visible>
				<autoscroll time="3500" fade="3500" repeat="2500"></autoscroll>
				<posx>210</posx>
				<posy>75</posy>
				<width>1000</width>
				<height>145</height>
				<font>playlistSubTitle</font>
				<label>ברוכים הבאים לקודי גוסט 18 לתוכן זה אין מידע זמין קיים. המערכת הותאמה למסך מגע כתפורים גדולים לנוחיות המשתמש כמובן עוד פיצ'רים חדשים יותאמו בהמשך צפייה מהנה</label>
				<align>left</align>
				</control>
				<control type="label">
				<posx>210</posx>
				<posy>220</posy>
				<width>1000</width>
				<height>30</height>
				<align>left</align>
				<font>itemSubTitleCondensed</font>
				<textcolor>gray</textcolor>
				<label>[I]$INFO[ListItem.Genre][/I]</label>
				</control>
				
				<control type="group">
				<visible>!String.IsEmpty(ListItem.Year)</visible>
				<control type="image">
				<posx>5</posx>
				<posy>225</posy>
				<width>200</width>
				<height>40</height>
				<texture>black.png</texture>
				<colordiffuse>77000000</colordiffuse>
				</control>
				<control type="label">
				<posx>0</posx>
				<posy>225</posy>
				<width>200</width>
				<height>40</height>
				<align>center</align>
				<label>[B]$INFO[ListItem.Year][/B]</label>
				</control>
				</control>
					<!--	<control type="label">
						<posx>486</posx>
						<posy>12</posy>
						<width>250</width>
						<height>20</height>
						<align>center</align>
						<label>$INFO[ListItem.PercentPlayed]%</label>
						<visible>!String.IsEqual(ListItem.Overlay,overlaywatched.png) + Integer.IsGreater(ListItem.PercentPlayed,0) + !Integer.IsGreater(ListItem.PercentPlayed,99)</visible>
					</control>-->
					
			<include>progressplayerpercent</include>
					
            </focusedlayout>
        </control>
	
	<control type="group">
	<posy>-780</posy>
	<include content="videomainscreen">
	<param name="videoposx" value="2440"/>
	</include>
	</control>


<control type="button">
<visible>![String.IsEmpty(ListItem.Trailer) + Player.HasVideo]</visible>
<posx>2</posx>
<posy>145</posy>
<width>auto</width>
<align>left</align>
<texturenofocus colordiffuse="highlight">white.png</texturenofocus>
<label>לחץ חץ שמאלי לטריילר</label>
</control>
<control type="button">
<visible>Player.HasVideo</visible>
<posx>2</posx>
<posy>145</posy>
<width>auto</width>
<align>left</align>
<texturenofocus colordiffuse="highlight">white.png</texturenofocus>
<label>$INFO[VideoPlayer.Title]</label>
</control>

					<control type="image">
					<animation condition="String.Contains(ListItem.Label,מדובב) | String.Contains(ListItem.Plot,מדובב) | String.Contains(ListItem.Label,hebdub) | String.Contains(ListItem.Plot,hebdub) + !Player.HasAudio" effect="slide" start="0,0" end="0,550" tween="back" easing="inout" time="550">Conditional</animation>
					<animation condition="Player.HasAudio" effect="slide" start="0,0" end="0,80" tween="back" easing="inout" time="550">Conditional</animation>
					<posx>-120</posx>
					<posy>-700</posy>
					<width>600</width>
					<height>400</height>
					<texture>special://skin/extras/test/dubbedcheck.png</texture>
					</control>




</control>
</include>


</includes>
