<?xml version="1.0" encoding="UTF-8" standalone="yes"?>
<window>


	<controls>
		
			
		<control type="image">
					<description>Background image</description>
					<posx>0</posx>
					<posy>0</posy>
					<width>100%</width>
					<height>100%</height>
					<colordiffuse>FFFFFFFF</colordiffuse>
					<texture background="false">speed.gif</texture>   
					
		</control>
		<control type="image">
					<description>Background image</description>
					<posx>0</posx>
					<posy>0</posy>
					<width>100%</width>
					<height>100%</height>
					<colordiffuse>CC000000</colordiffuse>
					<texture background="false">fanart-fox-gold-final.png</texture>   
					
		</control>
		
		
			
		<control type="image" id="1">
					<description>Icon</description>
					<posx>100</posx>
					<posy>100</posy>
					<width>600</width>
					<height>800</height>
					<animation effect="rotatey" end="-30" center="0,0" time="0">WindowOpen</animation>
					
				
		</control>
		<control type="label" id="202">
				<description>My First label</description>
				<posx>10</posx>
				<posy>1000</posy>
				
				<visible>true</visible>
				
				<align>center</align>
				<scroll>false</scroll>
				
				
				<haspath>false</haspath>
				<font>font-20</font>
				<textcolor>FFB2D4F5</textcolor>
				<shadowcolor>ff000000</shadowcolor>
				<wrapmultiline>false</wrapmultiline>
				<scrollspeed>50</scrollspeed>
				<scrollsuffix> - </scrollsuffix>
		  </control>
		<control type="progress" id="6">  <!--    מד התקדמות -->
						<description>progress control</description>
						<posx>620</posx>
						<posy>1040</posy>
						<width>670</width>
						<height>15</height>
						<texturebg  border="1,1,1,1">5.png</texturebg>
						<midtexture  border="1,1,1,1">2.png</midtexture>
						
					<lefttexture>-</lefttexture>
					<righttexture>-</righttexture>
			</control>
		<control type="list" id="2">
				<description>List to hold 'buttons'</description>
				<posx>800</posx>
				<posy>120</posy>
				<width>900</width>
				<height>800</height>
				<onright>105</onright>
				<onleft>3001</onleft>  
				<pagecontrol>105</pagecontrol>
				<animation effect="rotatey" end="7" center="0,0" time="0">WindowOpen</animation>
				<itemlayout width="800" height="100" >  
					<control type="image">
						<posx>0</posx>
						<posy>0</posy>
						<width>850</width>
						<height>100</height>
						<colordiffuse>DDFFFFFF</colordiffuse> 
						<texture border="5">button-nofocus.png</texture>
					</control>
					
					<control type="label">
							<posx>0</posx>
							<posy>-10</posy>
							<width>800</width>
							<height>80</height>
							<font>font-13</font>
							<scrollspeed>20</scrollspeed>
							<textcolor>FF999999</textcolor>
							<aligny>center</aligny>		    
							<align>left</align>
							<info>ListItem.Property(title)</info>
					   </control>
					   
				</itemlayout>
			
				<focusedlayout width="800" height="100">
						<control type="image">
									<visible>Control.HasFocus(2)</visible>
									<posx>-20</posx>
									<posy>0</posy>
									<width>850</width>
									<height>100</height>                                        
									<texture>button.png</texture>
									<colordiffuse>55FFFFFF</colordiffuse> 
						</control>
						
						
					   <control type="label">
							<posx>0</posx>
							<posy>-10</posy>
							<width>800</width>
							<height>80</height>
							<font>font-13</font>
							<scrollspeed>20</scrollspeed>
							<textcolor>FF999999</textcolor>
							<aligny>center</aligny>		    
							<align>left</align>
							<info>ListItem.Property(title)</info>
					   </control>
				</focusedlayout>
		</control>
		<control type="scrollbar" id="105">
				<left>1820</left>
			   
				<top>70</top>
				<width>20</width>
				<height>1000</height>
				
				<visible>true</visible>
				<texturesliderbackground>scrollbar-V-background.png</texturesliderbackground>
				<texturesliderbar colordiffuse="red">scrollbar-V.png</texturesliderbar>
				<texturesliderbarfocus colordiffuse="FF12B2E7">scrollbar-V-focus.png</texturesliderbarfocus>
				<orientation>vertical</orientation>
				<showonepage>true</showonepage>
				<onup>2</onup>
				
				<ondown>2</ondown>
				<onleft>2</onleft>
				<onright>3001</onright>
				
			</control>
		<control type="button" id="3001">
				<description>Close Window button</description>
				<posx>1800</posx>
				<posy>5</posy>
				<width>80</width>
				<height>50</height>
				<label>-</label>
				<font>-</font>
				<onclick>PreviousMenu</onclick>
				<texturefocus>DialogCloseButton-focus.png</texturefocus>
				<texturenofocus>DialogCloseButton.png</texturenofocus>
				<visible>system.getbool(input.enablemouse)</visible>			
				<onup>3000</onup>
				<ondown>3000</ondown>
				<onright>3000</onright>
				<onleft>105</onleft>  
			</control>	
	</controls>
</window>