<?xml version="1.0" encoding="UTF-8"?>
<window type="dialog" id="6009">
	<defaultcontrol always="true">1256</defaultcontrol>
	<animation type="WindowOpen">
	<effect type="fade" start="500"/>
	<effect type="slide" start="0,0" end="0,1000" time="550" tween="sine" easing="inout"/>
	</animation>
	<animation type="WindowClose">
	<effect type="slide" start="0,1000" end="0,0" time="550" tween="sine" easing="inout"/>
	</animation>
	<controls>



<control type="group">
<posy>-1000</posy>
<control type="group">
<control type="image">
<posx>0</posx>
<posy>0</posy>
<width>1920</width>
<height>39</height>
<texture diffuse="special://skin/extras/glass.jpg" colordiffuse="gray">white.png</texture>
</control>
<control type="image">
<posx>0</posx>
<posy>421</posy>
<width>1920</width>
<height>30</height>
<texture diffuse="special://skin/extras/glass.jpg" colordiffuse="gray">white.png</texture>
</control>

<control type="image">
<posx>0</posx>
<posy>39</posy>
<width>28</width>
<height>380</height>
<texture diffuse="special://skin/extras/glass.jpg" colordiffuse="gray">white.png</texture>
</control>
<control type="image">
<posx>1890</posx>
<posy>39</posy>
<width>30</width>
<height>380</height>
<texture diffuse="special://skin/extras/glass.jpg" colordiffuse="gray">white.png</texture>
</control>
<control type="label">
<posx>-948</posx>
<posy>210</posy>
<width>1920</width>
<height>35</height>
<align>center</align>
<textcolor>black</textcolor>
<shadowcolor>gray</shadowcolor>
<font>SmallStrong</font>
<angle>90</angle>
<label>$LOCALIZE[21001]</label>
</control>
<control type="label">
<posx>945</posx>
<posy>210</posy>
<width>1920</width>
<height>35</height>
<align>center</align>
<textcolor>black</textcolor>
<shadowcolor>gray</shadowcolor>
<font>SmallStrong</font>
<angle>90</angle>
<label>$LOCALIZE[21001]</label>
</control>
</control>

<control type="group">
<posx>30</posx>
<control type="group">
<include content="mediacenterproject">
<param name="mediacenterid" value="500"/>
<param name="buttonid" value="21"/>
<param name="sortby" value="dateadded"/>
<param name="sortorder" value="descending"/>	
<param name="mediacentercontent" value="plugin://plugin.video.FlashTV/?cat_level=%20&amp;count=0&amp;description=%20&amp;fanart&amp;iconimage=https%3a%2f%2fkcat123.github.io%2fFTV%2fImages%2fMovies-Dubbed-IL.jpg&amp;index_depth=0&amp;lang=eng&amp;mode=5&amp;name=%d7%a1%d7%a8%d7%98%d7%99%d7%9d%20%d7%9e%d7%93%d7%95%d7%91%d7%91%d7%99%d7%9d&amp;page&amp;selected_list=%20&amp;url=%d7%99%d7%9c%d7%93%d7%99%d7%9d%d7%a1%d7%a8%d7%98%d7%99%d7%9d%20%d7%9e%d7%93%d7%95%d7%91%d7%91%d7%99%d7%9d&quot"/>
</include>
</control>

<control type="group">
<posx>372</posx>
<include content="mediacenterproject">
<param name="mediacenterid" value="501"/>
<param name="buttonid" value="22"/>
<param name="sortby" value="dateadded"/>
<param name="sortorder" value="descending"/>	
<param name="mediacentercontent" value="plugin://plugin.video.CHICCO/?cat_level=%20&amp;count=0&amp;description=%20&amp;fanart=http%3a%2f%2fmoridim.me%2fimages%2flarge%2f9424.jpg&amp;iconimage=http%3a%2f%2fmoridim.me%2fimages%2flarge%2f9424.jpg&amp;index_depth=0&amp;lang=eng&amp;mode=5&amp;name=%d7%a1%d7%a8%d7%98%d7%99%d7%9d%20%d7%9e%d7%93%d7%95%d7%91%d7%91%d7%99%d7%9d&amp;page&amp;selected_list=%20&amp;url=%d7%a1%d7%a8%d7%98%d7%99%d7%9d%d7%a1%d7%a8%d7%98%d7%99%d7%9d%20%d7%9e%d7%93%d7%95%d7%91%d7%91%d7%99%d7%9d&quot"/>
</include>
</control>

<control type="group">
<posx>744</posx>
<include content="mediacenterproject">
<param name="mediacenterid" value="502"/>
<param name="buttonid" value="23"/>
<param name="sortby" value="dateadded"/>
<param name="sortorder" value="descending"/>	
<param name="mediacentercontent" value="plugin://plugin.video.My.Music/?cat_level=%20&amp;count=0&amp;description=%20&amp;fanart&amp;iconimage&amp;index_depth=0&amp;lang=eng&amp;mode=5&amp;name=kids&amp;page&amp;selected_list=%20&amp;url=kids&quot"/>
</include>
</control>

<control type="group">
<posx>1116</posx>
<include content="mediacenterproject">
<param name="mediacenterid" value="503"/>
<param name="buttonid" value="24"/>
<param name="sortby" value="year"/>
<param name="mediacentercontent" value="plugin://plugin.video.movixws/?description=%d7%99%d7%9c%d7%93%d7%99%d7%9d&amp;fanart=C%3a%5cUsers%5cneta%5cAppData%5cRoaming%5cKodi%5caddons%5cplugin.video.movixws%5cresources%5clogo%2ffamily.png&amp;iconimage=C%3a%5cUsers%5cneta%5cAppData%5cRoaming%5cKodi%5caddons%5cplugin.video.movixws%5cresources%5clogo%2ffamily.png&amp;mode=2&amp;name=%d7%99%d7%9c%d7%93%d7%99%d7%9d&amp;url=https%3a%2f%2fmovix.live%2fgenre%2fkids%2f&quot"/>
</include>
</control>

<control type="group">
<posx>1488</posx>
<include content="mediacenterproject">
<param name="mediacenterid" value="504"/>
<param name="buttonid" value="25"/>
<param name="sortby" value="year"/>
<param name="sortorder" value="descending"/>	
<param name="mediacentercontent" value="plugin://plugin.video.mando/?all_w=%7b%7d&amp;data=%20&amp;dates=%20&amp;description=animationmovies&amp;eng_name=%20&amp;episode=%20&amp;fanart=%20&amp;fav_status=false&amp;heb_name=%20&amp;iconimage=%20&amp;id=%20&amp;image_master&amp;isr=0&amp;last_id&amp;mode=117&amp;name=animationmovies&amp;original_title=%20&amp;search_db&amp;season=%20&amp;show_original_year=%20&amp;tmdbid=%20&amp;url=moshep15%24%24%24%24%24%24%24%24%24%24%24animationmovies%5e%5e%5e%5e%5e%5e%5e%5emovie%3flimit%3d40%26page%3d1&amp;video_data=%7b%22rating%22%3a%20%220%22%2c%20%22episode%22%3a%200%2c%20%22title%22%3a%20%22animationmovies%22%2c%20%22season%22%3a%200%2c%20%22TVshowtitle%22%3a%20%22%22%2c%20%22mediatype%22%3a%20%22movie%22%2c%20%22plot%22%3a%20%22animationmovies%22%2c%20%22OriginalTitle%22%3a%20%22%20%22%2c%20%22Tag%22%3a%20%22116%22%2c%20%22id%22%3a%20%22%20%22%7d&quot"/>
</include>
</control>
</control>
</control>



<control type="grouplist" id="1256">
<posx>50</posx>
<posy>-1005</posy>
<width>1920</width>
<height>40</height>
<orientation>Horizontal</orientation>
<itemgap>130</itemgap>
<control type="button" id="21">
<posx>0</posx>
<posy>30</posy>
<width>250</width>
<height>50</height>
<texturefocus>-</texturefocus>
<texturenofocus>-</texturenofocus>
<textcolor>black</textcolor>
<focusedcolor>white</focusedcolor>
<label>פלאש מדובבים</label>
<align>center</align>
<font>SmallStrong</font>
<onclick>Control.SetFocus(500)</onclick>
</control>
<control type="button" id="22">
<posx>0</posx>
<posy>30</posy>
<width>250</width>
<height>50</height>
<texturefocus>-</texturefocus>
<texturenofocus>-</texturenofocus>
<textcolor>black</textcolor>
<focusedcolor>white</focusedcolor>
<label>צי'קו מדובבים</label>
<align>center</align>
<font>SmallStrong</font>
<onclick>Control.SetFocus(501)</onclick>
</control>
<control type="button" id="23">
<posx>0</posx>
<posy>30</posy>
<width>250</width>
<height>50</height>
<texturefocus>-</texturefocus>
<texturenofocus>-</texturenofocus>
<textcolor>black</textcolor>
<focusedcolor>white</focusedcolor>
<label>גוסט מדובבים</label>
<align>center</align>
<font>SmallStrong</font>
<onclick>Control.SetFocus(502)</onclick>
</control>
<control type="button" id="24">
<posx>0</posx>
<posy>30</posy>
<width>250</width>
<height>50</height>
<texturefocus>-</texturefocus>
<texturenofocus>-</texturenofocus>
<textcolor>black</textcolor>
<focusedcolor>white</focusedcolor>
<label>מוביקס מדובבים</label>
<align>center</align>
<font>SmallStrong</font>
<onclick>Control.SetFocus(503)</onclick>
</control>
<control type="button" id="25">
<posx>0</posx>
<posy>30</posy>
<width>250</width>
<height>50</height>
<texturefocus>-</texturefocus>
<texturenofocus>-</texturenofocus>
<textcolor>black</textcolor>
<focusedcolor>white</focusedcolor>
<label>מנדו אנימציה</label>
<align>center</align>
<font>SmallStrong</font>
<onclick>Control.SetFocus(504)</onclick>
</control>
</control>

</controls>
</window>
