<?xml version="1.0" encoding="UTF-8"?>
<window>
	<defaultcontrol always="true">4000</defaultcontrol>
	<backgroundcolor>ffffffff</backgroundcolor>
	<controls>
	



	<control type="image">
	<posx>0</posx>
	<posy>0</posy>
	<width>1920</width>
	<height>1080</height>
	<texture>black.png</texture>
	</control>



<control type="group" id="8000">
<control type="image">
<animation condition="String.IsEmpty(ListItem.Tagline)" effect="slide" start="0,0" end="-500,0" time="0">Conditional</animation>
	<animation type="WindowOpen">
	<effect type="fade" start="0" end="100" time="450"/>
	</animation>
	<animation type="WindowClose">
	<effect type="fade" start="100" end="0" time="450"/>
	</animation>
<posx>600</posx>
<posy>150</posy>
<width>500</width>
<height>800</height>
<bordertexture>white.png</bordertexture>
<bordersize>6</bordersize>
<texture>$INFO[ListItem.Thumb]</texture>
</control>
<control type="image">
<animation condition="String.IsEmpty(ListItem.Tagline)" effect="slide" start="0,0" end="-500,0" time="0">Conditional</animation>
	<animation type="WindowOpen">
	<effect type="fade" start="0" end="100" delay="350" time="650"/>
	</animation>
	<animation type="WindowClose">
	<effect type="fade" start="100" end="0" time="450"/>
	</animation>
<posx>1180</posx>
<posy>150</posy>
<width>1200</width>
<height>800</height>
<bordertexture>white.png</bordertexture>
<bordersize>6</bordersize>
<texture>$INFO[ListItem.Art(fanart)]</texture>
</control>
 
</control>

<control type="group">
<animation type="WindowOpen">
<effect type="fade" start="0" end="100" delay="350" time="650"/>
<effect type="slide" start="0,0" end="-1200,0" delay="450" time="450" tween="sine" easing="inout"/>
</animation>
<animation type="WindowClose">
<effect type="fade" start="100" end="0" time="250"/>
<effect type="slide" start="-1200,0" end="0,0" time="350" tween="sine" easing="inout"/>
</animation>
<control type="image">
<posx>2500</posx>
<posy>0</posy>
<width>1000</width>
<height>1080</height>
<texture>black.png</texture>
<colordiffuse>ddffffff</colordiffuse>
<aspectratio>stretch</aspectratio>
</control>

<control type="image">
<posx>2500</posx>
<posy>0</posy>
<width>1</width>
<height>1080</height>
<texture>white.png</texture>
</control>

<control type="textbox">
<visible>!Player.HasMedia</visible>
<autoscroll fade="3000" time="3000" repeat="3000" delay="4000"></autoscroll>
<posx>2510</posx>
<posy>300</posy>
<width>585</width>
<height>420</height>
<align>right</align>
<aligny>center</aligny>
<font>font-24</font>
<label>$INFO[ListItem.Plot]</label>
</control>
<control type="textbox">
<visible>Player.HasMedia</visible>
<autoscroll fade="3000" time="3000" repeat="3000" delay="4000"></autoscroll>
<posx>2510</posx>
<posy>240</posy>
<width>585</width>
<height>165</height>
<align>right</align>
<aligny>center</aligny>
<font>font-24</font>
<label>$INFO[ListItem.Plot]</label>
</control>


            <control type="panel">
                <posx>2520</posx>
                <posy>50</posy>
                <width>800</width>
                <height>200</height>
                <enable>false</enable>
                <itemlayout width="250" height="76">
                    <control type="label">
                        <posx>0</posx>
                        <posy>0</posy>
                        <width>200</width>
                        <font>font-18</font>
						
                        <textcolor>ff34495e</textcolor>
                        <label>[B]$INFO[ListItem.label][/B]</label>
                        <shadowcolor></shadowcolor>
                    </control>
                    <control type="label">
                        <posx>0</posx>
                        <posy>30</posy>
                        <width>200</width>
                        <font>font=18</font>
						<align>left</align>
                        <textcolor>white</textcolor>
                        <label fallback="13205">[B]$INFO[ListItem.label2][/B]</label>
                        <shadowcolor></shadowcolor>
                    </control>
                </itemlayout>
                <focusedlayout width="250" height="76">
                </focusedlayout>
                <content>
                    <item>
					<visible>!String.IsEmpty(ListItem.year)</visible>
                        <label>שנה</label>
                        <label2>$INFO[ListItem.year]</label2>
                        <thumb></thumb>
                    </item>
                    <item>
					<visible>!String.IsEmpty(ListItem.Genre)</visible>
                        <label>סגנון</label>
                        <label2>$INFO[ListItem.Genre]</label2>
                        <thumb></thumb>
                    </item>
                    <item>
					<visible>String.IsEqual(ListItem.DBTYPE,movie) + String.IsEmpty(ListItem.Property(TotalSeasons) + String.IsEmpty(ListItem.Property(TotalSeasons)</visible>
                        <label>סוג</label>
                        <label2>סרט</label2>
                        <thumb></thumb>
                    </item>
                    <item>
					<visible>String.IsEqual(ListItem.DBTYPE,tvshow)</visible>
                        <label>סוג</label>
                        <label2>סדרה</label2>
                        <thumb></thumb>
                    </item>
                    <item>
						<visible>!String.IsEmpty(ListItem.Votes) + Integer.IsGreater(ListItem.Votes,1)</visible>
                        <label>הצבעות</label>
                        <label2>$INFO[ListItem.Votes]</label2>
                        <thumb></thumb>
                    </item>
                    <item>
                        <label>רשת</label>
						<visible>!String.IsEmpty(Window(home).Property(SkinHelper.ListItem.Studio))</visible>
                        <label2>$INFO[Window(home).Property(SkinHelper.ListItem.Studio)]</label2>
                        <thumb></thumb>
                    </item>
					<item>
					<visible>!String.IsEmpty(ListItem.Season)</visible>
					<label>עונה</label>
					<label2>$INFO[ListItem.Season]</label2>
					<onclick>-</onclick>
					</item>
					<item>
					<visible>!String.IsEmpty(ListItem.Episode)</visible>
					<label>פרק</label>
					<label2>$INFO[ListItem.Episode]</label2>
					<onclick>-</onclick>
					</item>
					<item>
					<visible>ListItem.IsFolder + !String.IsEmpty(ListItem.Property(TotalSeasons)</visible>
					<label>עונות</label>
					<label2>$INFO[ListItem.Property(TotalSeasons)]</label2>
					<onclick>-</onclick>
					</item>
					<item>
					<visible>ListItem.IsFolder + !String.IsEmpty(ListItem.Property(TotalEpisodes)</visible>
					<label>פרקים</label>
					<label2>$INFO[ListItem.Property(TotalEpisodes)]</label2>
					<onclick>-</onclick>
					</item>
					<item>
					<visible>!String.IsEmpty(ListItem.Property(UnWatchedEpisodes)</visible>
					<label>לא נצפו</label>
					<label2>$INFO[ListItem.Property(UnWatchedEpisodes)]</label2>
					<onclick>-</onclick>
					</item>
					<item>
					<visible>!String.IsEmpty(ListItem.Premiered)</visible>
					<label>תאריך שחרור</label>
					<label2>$INFO[ListItem.Premiered]</label2>
					<onclick>-</onclick>
					</item>
					<item>
					<visible>!String.IsEmpty(ListItem.DateAdded)</visible>
					<label>תאריך הוספה</label>
					<label2>$INFO[ListItem.DateAdded]</label2>
					<onclick>-</onclick>
					</item>
                </content>
            </control>
			
			
		        <control type="panel" id="4000">
                <posx>2520</posx>
                <posy>23-row</posy>
                <width>10-col</width>
                <height>6-row</height>
                <itemgap>3</itemgap>
                <onup>61</onup>
                <onleft>61</onleft>
                <orientation>vertical</orientation>
                <itemlayout width="300" height="80">
                    <control type="image">
                        <posx>0</posx>
                        <posy>0</posy>
                        <width>1-col</width>
                        <height>2-row</height>
                        <aspectratio>stretch</aspectratio>
                        <texture>white.png</texture>
                        <colordiffuse>ff34495e</colordiffuse>
                        <include>spinFocusIcon</include>
                    </control>
                    <control type="image">
                        <posx>1-col</posx>
                        <posy>0</posy>
                        <width>3-col</width>
                        <height>2-row</height>
                        <aspectratio>stretch</aspectratio>
                        <texture colordiffuse="15FFFFFF">white.png</texture>
                    </control>
                    <control type="label">
                        <posx>0</posx>
                        <posy>0</posy>
                        <width>1-col</width>
                        <height>2-row</height>
                        <align>center</align>
                        <aligny>center</aligny>
                        <font>font-18</font>
                        <textcolor>white</textcolor>
                        <label>$INFO[ListItem.label2]</label>
                        <shadowcolor></shadowcolor>
                    </control>
                    <control type="label">
                        <posx>1-col-indent</posx>
                        <posy>0</posy>
                        <width>4-col-gutter</width>
                        <height>2-row</height>
                        <aligny>center</aligny>
                        <font>font-18</font>
                        <textcolor>white</textcolor>
                        <label>$INFO[ListItem.label]</label>
                        <shadowcolor></shadowcolor>
                    </control>
					<control type="image">
					<posx>15</posx>
					<posy>15</posy>
					<width>45</width>
					<height>45</height>
					<texture>$INFO[ListItem.Thumb]</texture>
					</control>
                </itemlayout>
                <focusedlayout width="300" height="80">
                    <control type="image">
								<animation type="focus" loop="false" reversible="false">
                                    <effect type="fade" time="500"/>
                                    <effect type="rotatey" end="360" center="50,0" tween="back" easing="out" time="1000"/>
                                </animation>
                        <posx>0</posx>
                        <posy>0</posy>
                        <width>1-col</width>
                        <height>2-row</height>
                        <aspectratio>stretch</aspectratio>
                        <texture>white.png</texture>
                        <colordiffuse>ff34495e</colordiffuse>
                        <include>spinFocusIcon</include>
                    </control>
                    <control type="image">
                        <posx>1-col</posx>
                        <posy>0</posy>
                        <width>3-col</width>
                        <height>2-row</height>
                        <aspectratio>stretch</aspectratio>
                        <texture>white.png</texture>
                    </control>
                    <control type="label">
                        <posx>0</posx>
                        <posy>0</posy>
                        <width>1-col</width>
                        <height>2-row</height>
                        <align>center</align>
                        <aligny>center</aligny>
                        <font>font-18</font>
                        <textcolor>white</textcolor>
                        <label>$INFO[ListItem.label2]</label>
                        <shadowcolor></shadowcolor>
                    </control>
                    <control type="label">
                        <posx>1-col-indent</posx>
                        <posy>0</posy>
                        <width>4-col-gutter</width>
                        <height>2-row</height>
                        <aligny>center</aligny>
                        <font>font-18</font>
                        <textcolor>black</textcolor>
                        <label>$INFO[ListItem.label]</label>
                        <shadowcolor></shadowcolor>
                    </control>
					<control type="image">
					<posx>15</posx>
					<posy>15</posy>
					<width>45</width>
					<height>45</height>
					<texture>$INFO[ListItem.Thumb]</texture>
					</control>
                </focusedlayout>
                <content>
                    <item>
					<visible>!Player.HasMedia</visible>
                        <label>נגן</label>
                        <thumb>special://skin/extras/osd/play.png</thumb>
                          <onclick>SendClick(8)</onclick>
                    </item>
                    <item>
					<visible>Player.HasMedia</visible>
                        <label>עצור</label>
                        <thumb>special://skin/extras/osd/stop.png</thumb>
                          <onclick>Stop</onclick>
                    </item>
                    <item>
                        <label>דירוג</label>
                 
                        <thumb>special://skin/extras/osd/rating-xxl.png</thumb>
                        <onclick>SendClick(2003,7)</onclick>
                    </item>
                    <item>
                        <label>קדימון</label>
                        <thumb>special://skin/extras/osd/video-camera-3-xxl.png</thumb>
                        <onclick>PlayMedia($INFO[ListItem.trailer],1)</onclick>
                    </item>
                    <item>
                        <label>בחירת גרפיקה</label>

                        <thumb>special://skin/extras/osd/image-2-xxl.png</thumb>
                        <onclick>SendClick(2003,10)</onclick>
                    </item>
                </content>
            </control>

</control>


<control type="group">
<control type="textbox">
<posx>40</posx>
<posy>450</posy>
<width>500</width>
<height>250</height>
<align>center</align>
<aligny>center</aligny>
<font>font-35</font>
<label>$INFO[ListItem.Tagline]</label>
</control>
</control>

<control type="VideoWindow">
<posx>1320</posx>
<posy>380</posy>
<width>585</width>
<height>480</height>
<aspectratio>keep</aspectratio>
</control>


	</controls>
</window>
