<?xml version="1.0" encoding="UTF-8"?>
<window>
	<defaultcontrol always="true">21</defaultcontrol>
	<coordinates>
		<posx>474</posx>
		<posy>20</posy>
	</coordinates>
	<controls>
		<control type="image">
			<left>0</left>
			<top>0</top>
			<width>972</width>
			<height>299</height>
			<texture border="10,10,10,10">white.png</texture>
			<bordertexture colordiffuse="gray">white.png</bordertexture>
			<bordersize>1</bordersize>
			<colordiffuse>FF222222</colordiffuse>
		</control>

		<control type="label" id="1">
			<description>header label</description>
			<left>0</left>
			<top>10</top>
			<width>948</width>
			<height>45</height>
			<font>font-23b</font>
			<textcolor>white</textcolor>
			<align>center</align>
			<aligny>center</aligny>
			<shadowcolor>black</shadowcolor>
			<wrapmultiline>true</wrapmultiline>
		</control>

		<!--Edit Box -->
		<control type="image">
			<left>12</left>
			<top>60</top>
			<width>948</width>
			<height>60</height>
			<aspectratio>stretch</aspectratio>
			<texture colordiffuse="FFf5f5f5">white.png</texture>
		</control>
		<control type="label" id="4">
			<left>22</left>
			<top>50</top>
			<width>904</width>
			<height>75</height>
			<font>font-30</font>
			<align>center</align>
			<aligny>center</aligny>
			<textcolor>darkgrey</textcolor>
		</control>

		<control type="group">
			<posx>36</posx>
			<posy>134</posy>
			<control type="button" id="11">
				<description>1 button</description>				
				<posx>0</posx>
				<posy>0</posy>
				<label>12311</label>
				<width>70</width>
				<height>70</height>
				<include>KeyboardButton</include>
				<onleft>21</onleft>
				<onright>12</onright>
				<onup>23</onup>
				<ondown>21</ondown>
			</control>
			<control type="button" id="12">
				<description>2 button</description>
				<posx>75</posx>
				<posy>0</posy>
				<width>70</width>
				<height>70</height>
				<include>KeyboardButton</include>
				<label>12312</label>
				<onleft>11</onleft>
				<onright>13</onright>
				<onup>23</onup>
				<ondown>21</ondown>
			</control>
			<control type="button" id="13">
				<description>3 button</description>
				<posx>150</posx>
				<posy>0</posy>
				<width>70</width>
				<height>70</height>
				<include>KeyboardButton</include>
				<label>12313</label>
				<onleft>12</onleft>
				<onright>14</onright>
				<onup>23</onup>
				<ondown>21</ondown>
			</control>
			<control type="button" id="14">
				<description>4 button</description>
				<posx>225</posx>
				<posy>0</posy>
				<width>70</width>
				<height>70</height>
				<include>KeyboardButton</include>
				<label>12314</label>
				<onleft>13</onleft>
				<onright>15</onright>
				<onup>21</onup>
				<ondown>21</ondown>
			</control>
			<control type="button" id="15">
				<description>5 button</description>
				<posx>300</posx>
				<posy>0</posy>
				<width>70</width>
				<height>70</height>
				<include>KeyboardButton</include>
				<label>12315</label>
				<onleft>14</onleft>
				<onright>16</onright>
				<onup>21</onup>
				<ondown>21</ondown>
			</control>
			<control type="button" id="16">
				<description>6 button</description>
				<posx>375</posx>
				<posy>0</posy>
				<width>70</width>
				<height>70</height>
				<include>KeyboardButton</include>
				<label>12316</label>
				<onleft>15</onleft>
				<onright>17</onright>
				<onup>21</onup>
				<ondown>21</ondown>
			</control>
			<control type="button" id="17">
				<description>7 button</description>
				<posx>450</posx>
				<posy>0</posy>
				<width>70</width>
				<height>70</height>
				<include>KeyboardButton</include>
				<label>12317</label>
				<onleft>16</onleft>
				<onright>18</onright>
				<onup>21</onup>
				<ondown>23</ondown>
			</control>
			<control type="button" id="18">
				<description>8 button</description>
				<posx>525</posx>
				<posy>0</posy>
				<width>70</width>
				<height>70</height>
				<include>KeyboardButton</include>
				<label>12318</label>
				<onleft>17</onleft>
				<onright>19</onright>
				<onup>21</onup>
				<ondown>23</ondown>
			</control>
			<control type="button" id="19">
				<description>9 button</description>
				<posx>600</posx>
				<posy>0</posy>
				<width>70</width>
				<height>70</height>
				<include>KeyboardButton</include>
				<label>12319</label>
				<onleft>18</onleft>
				<onright>10</onright>
				<onup>21</onup>
				<ondown>23</ondown>
			</control>
			<control type="button" id="10">
				<description>0 button</description>
				<posx>675</posx>
				<posy>0</posy>
				<width>70</width>
				<height>70</height>
				<include>KeyboardButton</include>
				<label>12310</label>
				<onleft>19</onleft>
				<onright>20</onright>
				<onup>21</onup>
				<ondown>21</ondown>
			</control>
			<control type="button" id="20">
				<description>prev button</description>
				<posx>750</posx>
				<posy>0</posy>
				<width>70</width>
				<height>70</height>
				<include>KeyboardButton</include>
				<label>&lt;</label>
				<onleft>10</onleft>
				<onright>22</onright>
				<onup>21</onup>
				<ondown>21</ondown>
			</control>
			<control type="button" id="22">
				<description>next button</description>
				<posx>825</posx>
				<posy>0</posy>
				<width>70</width>
				<height>70</height>
				<include>KeyboardButton</include>
				<label>&gt;</label>
				<onleft>20</onleft>
				<onright>23</onright>
				<onup>21</onup>
				<ondown>21</ondown>
			</control>
			<control type="button" id="23">
				<description>Backspace button</description>
				<posx>180</posx>
				<posy>80</posy>
				<width>304</width>
				<height>50</height>
				<label>20181</label>
				<align>center</align>
				<aligny>center</aligny>
				<include>KeyboardButton</include>
				<onleft>22</onleft>
				<onright>21</onright>
				<onup>11</onup>
				<ondown>11</ondown>
			</control>
			<control type="button" id="21">
				<description>Done button</description>
				<posx>500</posx>
				<posy>80</posy>
				<width>304</width>
				<height>50</height>
				<align>center</align>
				<aligny>center</aligny>
				<include>KeyboardButton</include>
				<label>20177</label>
				<onleft>23</onleft>
				<onright>11</onright>
				<onup>11</onup>
				<ondown>11</ondown>
			</control>
		</control>
	</controls>
</window>
