<?xml version="1.0" encoding="UTF-8"?>
<window>
	<defaultcontrol always="true">4000</defaultcontrol>
	<backgroundcolor>ffffffff</backgroundcolor>
	<controls>
	



	<control type="image">
	<posx>0</posx>
	<posy>0</posy>
	<width>1920</width>
	<height>1080</height>
	<texture>black.png</texture>
	</control>



<control type="group" id="8000">
<control type="image">
<animation condition="String.IsEmpty(ListItem.Tagline)" effect="slide" start="0,0" end="-500,0" time="0">Conditional</animation>
	<animation type="WindowOpen">
	<effect type="fade" start="0" end="100" time="450"/>
	</animation>
	<animation type="WindowClose">
	<effect type="fade" start="100" end="0" time="250"/>
	</animation>
<posx>600</posx>
<posy>150</posy>
<width>500</width>
<height>800</height>
<bordertexture>white.png</bordertexture>
<bordersize>6</bordersize>
<texture>$INFO[ListItem.Thumb]</texture>
</control>
<control type="image">
<animation condition="String.IsEmpty(ListItem.Tagline)" effect="slide" start="0,0" end="-500,0" time="0">Conditional</animation>
	<animation type="WindowOpen">
	<effect type="fade" start="0" end="100" delay="350" time="650"/>
	</animation>
	<animation type="WindowClose">
	<effect type="fade" start="100" delay="250" end="0" time="250"/>
	</animation>
<posx>1180</posx>
<posy>150</posy>
<width>1200</width>
<height>800</height>
<bordertexture>white.png</bordertexture>
<bordersize>6</bordersize>
<texture>$INFO[ListItem.Art(fanart)]</texture>
</control>
 
</control>

<control type="group">
<animation type="WindowOpen">
<effect type="fade" start="0" end="100" delay="350" time="650"/>
<effect type="slide" start="0,0" end="-1200,0" delay="450" time="450" tween="sine" easing="inout"/>
</animation>
<animation type="WindowClose">
<effect type="fade" start="100" end="0" delay="350" time="650"/>
<effect type="slide" start="-1200,0" end="0,0" delay="550" time="450" tween="sine" easing="inout"/>
</animation>
<control type="image">
<posx>2500</posx>
<posy>0</posy>
<width>1000</width>
<height>1080</height>
<texture>black.png</texture>
<colordiffuse>ddffffff</colordiffuse>
<aspectratio>stretch</aspectratio>
</control>

<control type="image">
<posx>2500</posx>
<posy>0</posy>
<width>1</width>
<height>1080</height>
<texture>white.png</texture>
</control>

<control type="textbox">
<posx>2500</posx>
<posy>300</posy>
<width>600</width>
<height>400</height>
<align>right</align>
<aligny>center</aligny>
<font>font-24</font>
<label>$INFO[ListItem.Plot]</label>
</control>

            <control type="panel">
                <posx>2500</posx>
                <posy>50</posy>
                <width>800</width>
                <height>200</height>
                <enable>false</enable>
                <itemlayout width="220" height="76">
                    <control type="label">
                        <posx>12</posx>
                        <posy>0</posy>
                        <width>150</width>
                        <font>font-18</font>
                        <textcolor>ff34495e</textcolor>
                        <label>[B]$INFO[ListItem.label][/B]</label>
                        <shadowcolor></shadowcolor>
                    </control>
                    <control type="label">
                        <posx>12</posx>
                        <posy>30</posy>
                        <width>150</width>
                        <font>font=18</font>
                        <textcolor>white</textcolor>
						
                        <label fallback="13205">[B]$INFO[ListItem.label2][/B]</label>
                        <shadowcolor></shadowcolor>
                    </control>
                </itemlayout>
                <focusedlayout width="220" height="76">
                </focusedlayout>
                <content>
                    <item>
                        <label>שנה</label>
                        <label2>$INFO[ListItem.year]</label2>
                        <thumb></thumb>
                    </item>
                    <item>
                        <label>סגנון</label>
                        <label2>$INFO[ListItem.genre]</label2>
                        <thumb></thumb>
                    </item>
                    <item>
                        <label>סוג</label>
                        <label2>$INFO[ListItem.DBTYPE]</label2>
                        <thumb></thumb>
                    </item>
                    <item>
                        <label>הצבעות</label>
                        <label2>$INFO[ListItem.Votes]</label2>
                        <thumb></thumb>
                    </item>
                    <item>
                        <label>רשת</label>
                        <label2>$INFO[Window(home).Property(SkinHelper.ListItem.Studio)]</label2>
                        <thumb></thumb>
                    </item>
                </content>
            </control>
			
			
		        <control type="panel" id="4000">
                <posx>2510</posx>
                <posy>23-row</posy>
                <width>10-col</width>
                <height>6-row</height>
                <itemgap>3</itemgap>
                <onup>61</onup>
                <onleft>61</onleft>
                <orientation>vertical</orientation>
                <itemlayout width="5-col" height="80">
                    <control type="image">
                        <posx>0</posx>
                        <posy>0</posy>
                        <width>1-col</width>
                        <height>2-row</height>
                        <aspectratio>stretch</aspectratio>
                        <texture>white.png</texture>
                        <colordiffuse>ff34495e</colordiffuse>
                        <include>spinFocusIcon</include>
                    </control>
                    <control type="label">
                        <posx>0</posx>
                        <posy>0</posy>
                        <width>1-col</width>
                        <height>2-row</height>
                        <align>center</align>
                        <aligny>center</aligny>
                        <font>font-18</font>
                        <textcolor>white</textcolor>
                        <label>$INFO[ListItem.label2]</label>
                        <shadowcolor></shadowcolor>
                    </control>
                    <control type="label">
                        <posx>1-col-indent</posx>
                        <posy>0</posy>
                        <width>4-col-gutter</width>
                        <height>2-row</height>
                        <aligny>center</aligny>
                        <font>font-18</font>
                        <textcolor>white</textcolor>
                        <label>$INFO[ListItem.label]</label>
                        <shadowcolor></shadowcolor>
                    </control>
                </itemlayout>
                <focusedlayout width="5-col" height="80">
                    <control type="image">
                        <posx>0</posx>
                        <posy>0</posy>
                        <width>1-col</width>
                        <height>2-row</height>
                        <aspectratio>stretch</aspectratio>
                        <texture>white.png</texture>
                        <colordiffuse>ff34495e</colordiffuse>
                        <include>spinFocusIcon</include>
                    </control>
                    <control type="image">
                        <posx>1-col</posx>
                        <posy>0</posy>
                        <width>3-col</width>
                        <height>2-row</height>
                        <aspectratio>stretch</aspectratio>
                        <texture>white.png</texture>
                    </control>
                    <control type="label">
                        <posx>0</posx>
                        <posy>0</posy>
                        <width>1-col</width>
                        <height>2-row</height>
                        <align>center</align>
                        <aligny>center</aligny>
                        <font>font-18</font>
                        <textcolor>white</textcolor>
                        <label>$INFO[ListItem.label2]</label>
                        <shadowcolor></shadowcolor>
                    </control>
                    <control type="label">
                        <posx>1-col-indent</posx>
                        <posy>0</posy>
                        <width>4-col-gutter</width>
                        <height>2-row</height>
                        <aligny>center</aligny>
                        <font>font-18</font>
                        <textcolor>black</textcolor>
                        <label>$INFO[ListItem.label]</label>
                        <shadowcolor></shadowcolor>
                    </control>
                </focusedlayout>
                <content>
                    <item>
                        <label>נגן</label>
                        <label2></label2>
                        <thumb></thumb>
                        <onclick>sendclick(2003,8)</onclick>
                    </item>
                    <item>
                        <label>דירוג</label>
                        <label2></label2>
                        <thumb></thumb>
                        <onclick>SendClick(2003,11)</onclick>
                    </item>
                    <item>
                        <label>קדימון</label>
                        <label2></label2>
                        <thumb></thumb>
                        <onclick>SendClick(2003,6)</onclick>
                    </item>
                    <item>
                        <label>בחירת גרפיקה</label>
                        <label2></label2>
                        <thumb></thumb>
                        <onclick>SendClick(2003,10)</onclick>
                    </item>
                </content>
            </control>

</control>


<control type="group">
<control type="textbox">
<posx>40</posx>
<posy>450</posy>
<width>500</width>
<height>150</height>
<align>center</align>
<aligny>center</aligny>
<font>font-35</font>
<label>$INFO[ListItem.Tagline]</label>
</control>
</control>

	</controls>
</window>
