<?xml version="1.0" encoding="UTF-8"?>
<includes>











<include name="Media_Center_Osd">
<control type="group">
<animation type="WindowOpen">
<effect type="slide" start="0,0" end="0,-80" time="350" tween="sine" easing="inout"/>
</animation>
<animation type="WindowClose">
<effect type="slide" start="0,-80" end="0,500" time="350" tween="sine" easing="inout"/>
</animation>
<animation condition="control.hasfocus(8888)" effect="slide" start="0,0" end="0,-300" time="250" tween="sine" easing="inout">Conditional</animation>
<posy>1100</posy>
<control type="image">
<posx>0</posx>
<posy>0</posy>
<width>1920</width>
<height>450</height>
<texture>$VAR[globalbg]</texture>
</control>
</control>

<control type="grouplist" id="8001">
<animation type="WindowOpen">
<effect type="slide" start="0,0" end="0,-80" time="350" tween="sine" easing="inout"/>
</animation>
<animation type="WindowClose">
<effect type="slide" start="0,-80" end="0,500" time="350" tween="sine" easing="inout"/>
</animation>
<posx>0</posx>
<posy>1105</posy>
<width>1920</width>
<height>100</height>
<align>center</align>
<itemgap>25</itemgap>
<onright>8002</onright>
<onleft>8003</onleft>
<onup condition="!String.IsEmpty(VideoPlayer.Plot)">8888</onup>
<ondown>Action(back)</ondown>
<orientation>horizontal</orientation>
<control type="button" id="19">
<posx>0</posx>
<posy>0</posy>
<width>48</width>
<height>48</height>
<texturefocus flipx="true" colordiffuse="deepskyblue">special://skin/extras/eminenceosd/next.png</texturefocus>
<texturenofocus flipx="true" >special://skin/extras/eminenceosd/next.png</texturenofocus>
<onclick>PlayerControl(Previous)</onclick>
</control>
<control type="button" id="20">
<posx>0</posx>
<posy>0</posy>
<width>48</width>
<height>48</height>
<texturefocus flipx="true" colordiffuse="deepskyblue">special://skin/extras/eminenceosd/ff.png</texturefocus>
<texturenofocus flipx="true" >special://skin/extras/eminenceosd/ff.png</texturenofocus>
<onclick>PlayerControl(Rewind)</onclick>
</control>
<control type="button" id="21">
<visible>Player.Paused</visible>
<posx>0</posx>
<posy>0</posy>
<width>48</width>
<height>48</height>
<texturefocus colordiffuse="deepskyblue">special://skin/extras/eminenceosd/play.png</texturefocus>
<texturenofocus>special://skin/extras/eminenceosd/play.png</texturenofocus>
<onclick>PlayerControl(Play)</onclick>
</control>
<control type="button" id="22">
<visible>!Player.Paused</visible>
<posx>0</posx>
<posy>0</posy>
<width>48</width>
<height>48</height>
<texturefocus colordiffuse="deepskyblue">special://skin/extras/eminenceosd/pause.png</texturefocus>
<texturenofocus>special://skin/extras/eminenceosd/pause.png</texturenofocus>
<onclick>PlayerControl(Play)</onclick>
</control>
<control type="button" id="23">
<posx>0</posx>
<posy>0</posy>
<width>48</width>
<height>48</height>
<texturefocus colordiffuse="deepskyblue">special://skin/extras/eminenceosd/stop.png</texturefocus>
<texturenofocus>special://skin/extras/eminenceosd/stop.png</texturenofocus>
<onclick>PlayerControl(Stop)</onclick>
</control>
<control type="button" id="24">
<posx>0</posx>
<posy>0</posy>
<width>48</width>
<height>48</height>
<texturefocus colordiffuse="deepskyblue">special://skin/extras/eminenceosd/ff.png</texturefocus>
<texturenofocus>special://skin/extras/eminenceosd/ff.png</texturenofocus>
<onclick>PlayerControl(Forward)</onclick>
</control>
<control type="button" id="25">
<posx>0</posx>
<posy>0</posy>
<width>48</width>
<height>48</height>
<texturefocus colordiffuse="deepskyblue">special://skin/extras/eminenceosd/next.png</texturefocus>
<texturenofocus>special://skin/extras/eminenceosd/next.png</texturenofocus>
<onclick>PlayerControl(Next)</onclick>
</control>
</control>


<control type="group">
<animation type="WindowOpen">
<effect type="slide" start="0,0" end="0,-80" time="350" tween="sine" easing="inout"/>
</animation>
<animation type="WindowClose">
<effect type="slide" start="0,-80" end="0,500" time="350" tween="sine" easing="inout"/>
</animation>
<animation condition="control.hasfocus(8888)" effect="slide" start="0,0" end="0,-300" time="250" tween="sine" easing="inout">Conditional</animation>
<control type="progress">
<posx>0</posx>
<posy>1080</posy>
<width>1920</width>
<height>20</height>
<texturebg colordiffuse="FF888888">white.png</texturebg>
<midtexture colordiffuse="FF777777">white.png</midtexture>
<info>Player.ProgressCache</info>
</control>
<control type="progress">
<posx>0</posx>
<posy>1080</posy>
<width>1920</width>
<height>20</height>
<texturebg colordiffuse="00FFFFFF">white.png</texturebg>
<midtexture colordiffuse="FF444444">white.png</midtexture>
<info>Player.Progress</info>
</control>
<control type="slider">
<posx>0</posx>
<posy>1080</posy>
<width>1920</width>
<height>20</height>
      <texturesliderbar colordiffuse="00FFFFFF">white.png</texturesliderbar>
      <textureslidernib colordiffuse="burlywood">white.png</textureslidernib>
      <textureslidernibfocus colordiffuse="gray">white.png</textureslidernibfocus>
	  <action>seek</action>
	  </control>

</control>


<control type="group">
<animation condition="Control.HasFocus(8888)" effect="fade" start="0" end="100" time="350" delay="100">Conditional</animation>
<animation condition="!Control.HasFocus(8888)" effect="fade" start="100" end="0" time="350" delay="100">Conditional</animation>
<control type="image">
<posx>10</posx>
<posy>750</posy>
<width>200</width>
<height>280</height>
<texture>$VAR[osdimage]</texture>
</control>
</control>

<control type="group">
<animation condition="control.hasfocus(8888)" effect="slide" start="0,0" end="0,-300" time="250" tween="sine" easing="inout">Conditional</animation>
<control type="image">
<posx>650</posx>
<posy>600</posy>
<width>600</width>
<height>400</height>
<texture>$VAR[osdlogo]</texture>
</control>
</control>


<control type="group">
<animation condition="Control.HasFocus(8888)" effect="fade" start="0" end="100" time="350" delay="100">Conditional</animation>
<animation condition="!Control.HasFocus(8888)" effect="fade" start="100" end="0" time="150" delay="100">Conditional</animation>
<control type="label">
<posx>1920</posx>
<posy>730</posy>
<width>1200</width>
<height>50</height>
<align>right</align>
<font>font-35</font>
<scroll>true</scroll>
<scrolltime>40</scrolltime>
<label>$VAR[osdlabel]</label>
</control>
<control type="textbox">
<autoscroll fade="3000" time="3000" delay="4000" repeat="4000"></autoscroll>
<posx>920</posx>
<posy>820</posy>
<width>1000</width>
<height>135</height>
<align>right</align>
<font>font-18</font>
<label>$VAR[osdplot]</label>
</control>
<control type="label">
<posx>1920</posx>
<posy>950</posy>
<width>1000</width>
<height>40</height>
<font>font-25</font>
<align>right</align>
<label>$INFO[VideoPlayer.Genre]</label>
</control>
</control>





<control type="grouplist" id="8002">
<animation type="WindowOpen">
<effect type="slide" start="0,0" end="0,-80" time="350" tween="sine" easing="inout"/>
</animation>
<animation type="WindowClose">
<effect type="slide" start="0,-80" end="0,500" time="350" tween="sine" easing="inout"/>
</animation>
<posx>1420</posx>
<posy>1105</posy>
<width>500</width>
<height>100</height>
<align>right</align>
<itemgap>25</itemgap>
<onleft>8001</onleft>
<onup>8888</onup>
<ondown>Action(back)</ondown>
<orientation>horizontal</orientation>
<control type="button" id="26">
<visible>VideoPlayer.HasSubtitles + !VideoPlayer.SubtitlesEnabled</visible>
<posx>0</posx>
<posy>0</posy>
<width>148</width>
<height>48</height>
<label>הפעל כתובית</label>
<font>font-18</font>
<textcolor>white</textcolor>
<focusedcolor>deepskyblue</focusedcolor>
<texturefocus>-</texturefocus>
<texturenofocus>-</texturenofocus>
<onclick>ShowSubtitles</onclick>
</control>
<control type="button" id="28">
<visible>VideoPlayer.HasSubtitles + VideoPlayer.SubtitlesEnabled</visible>
<posx>0</posx>
<posy>0</posy>
<width>148</width>
<height>48</height>
<label>בטל כתובית</label>
<font>font-18</font>
<textcolor>white</textcolor>
<focusedcolor>deepskyblue</focusedcolor>
<texturefocus>-</texturefocus>
<texturenofocus>-</texturenofocus>
<onclick>ShowSubtitles</onclick>
</control>
<control type="button" id="29">
<posx>0</posx>
<posy>0</posy>
<width>148</width>
<height>48</height>
<label>חפש כתובית</label>
<font>font-18</font>
<textcolor>white</textcolor>
<focusedcolor>deepskyblue</focusedcolor>
<texturefocus>-</texturefocus>
<texturenofocus>-</texturenofocus>
<onclick>ActivateWindow(subtitlesearch)</onclick>
</control>
<control type="button" id="30">
<posx>0</posx>
<posy>0</posy>
<width>128</width>
<height>48</height>
<label>סגירת נגן</label>
<font>font-18</font>
<textcolor>white</textcolor>
<focusedcolor>deepskyblue</focusedcolor>
<texturefocus>-</texturefocus>
<texturenofocus>-</texturenofocus>
<onclick>Skin.SetNumeric(SkinHelper.AutoCloseVideoOSD)</onclick>
</control>
</control>







<control type="group">
<animation type="WindowOpen">
<effect type="slide" start="0,0" end="0,-80" time="350" tween="sine" easing="inout"/>
</animation>
<animation type="WindowClose">
<effect type="slide" start="0,-80" end="0,500" time="350" tween="sine" easing="inout"/>
</animation>
<animation condition="control.hasfocus(8888)" effect="slide" start="0,0" end="0,-300" time="250" tween="sine" easing="inout">Conditional</animation>
<posy>1030</posy>
<control type="image">
<posx>0</posx>
<posy>0</posy>
<width>550</width>
<height>50</height>
<texture background="true" colordiffuse="FF222222">special://skin/extras/osd/top_left.png</texture>
</control>
<control type="image">
<posx>1380</posx>
<posy>0</posy>
<width>550</width>
<height>50</height>
<texture background="true" colordiffuse="FF222222">special://skin/extras/osd/top_right.png</texture>
</control>
<control type="grouplist">
<posx>1320</posx>
<posy>0</posy>
<width>600</width>
<height>100</height>
<align>right</align>
<itemgap>0</itemgap>
<orientation>horizontal</orientation>
<control type="image">
<posx>0</posx>
<posy>0</posy>
<width>100</width>
<height>50</height>
<texture>special://skin/extras/flags/aspectratio/$INFO[VideoPlayer.VideoAspect].png</texture>
</control>
<control type="image">
<posx>0</posx>
<posy>0</posy>
<width>100</width>
<height>50</height>
<texture>special://skin/extras/flags/audiochannel/$INFO[VideoPlayer.AudioChannels].png</texture>
</control>
<control type="image">
<posx>0</posx>
<posy>0</posy>
<width>100</width>
<height>50</height>
<texture>special://skin/extras/flags/audiocodec/$INFO[VideoPlayer.AudioCodec].png</texture>
</control>
<control type="image">
<posx>0</posx>
<posy>0</posy>
<width>100</width>
<height>50</height>
<texture>special://skin/extras/flags/videocodec/$INFO[VideoPlayer.VideoCodec].png</texture>
</control>
<control type="image">
<posx>0</posx>
<posy>0</posy>
<width>100</width>
<height>50</height>
<texture>special://skin/extras/flags/videoresolution/$INFO[VideoPlayer.VideoResolution].png</texture>
</control>
</control>

<control type="group">
<control type="label">
<posx>60</posx>
<posy>5</posy>
<width>200</width>
<height>40</height>
<align>left</align>
<font>font-22</font>
<label>$INFO[System.Time]</label>
</control>
<control type="image">
<posx>200</posx>
<posy>10</posy>
<width>35</width>
<height>35</height>
<texture>special://skin/extras/eminence_osd_flags/time-8-xxl.png</texture>
</control>
<control type="label">
<posx>300</posx>
<posy>5</posy>
<width>200</width>
<height>40</height>
<align>left</align>
<font>font-22</font>
<label>$INFO[Player.TimeRemaining(hh:mm:ss)]</label>
</control>
</control>
</control>


<control type="list" id="8003">
<animation type="WindowOpen">
<effect type="slide" start="0,0" end="0,-80" time="350" tween="sine" easing="inout"/>
</animation>
<animation type="WindowClose">
<effect type="slide" start="0,-80" end="0,500" time="350" tween="sine" easing="inout"/>
</animation>
<posx>0</posx>
<posy>1105</posy>
<width>1500</width>
<height>200</height>
<onright>8001</onright>
<onup>8888</onup>
<ondown>Action(back)</ondown>
<orientation>horizontal</orientation>
<itemlayout width="200" height="50">
<control type="label">
<posx>0</posx>
<posy>0</posy>
<width>200</width>
<height>40</height>
<align>center</align>
<label>$INFO[ListItem.Label]</label>
</control>
</itemlayout>
<focusedlayout width="200" height="50">
<control type="label">
<visible>!control.hasfocus(8003)</visible>
<posx>0</posx>
<posy>0</posy>
<width>200</width>
<height>40</height>
<align>center</align>
<label>$INFO[ListItem.Label]</label>
</control>
<control type="label">
<visible>control.hasfocus(8003)</visible>
<posx>0</posx>
<posy>0</posy>
<width>200</width>
<height>40</height>
<align>center</align>
<textcolor>deepskyblue</textcolor>
<label>$INFO[ListItem.Label]</label>
</control>
</focusedlayout>
<content>
<item>
<label>הגדרות וידאו</label>
<onclick>ActivateWindow(osdvideosettings)</onclick>
</item>
<item>
<label>הגדרות אודיו</label>
<onclick>ActivateWindow(osdaudiosettings)</onclick>
</item>
<item>
<label>סימניות</label>
<onclick>ActivateWindow(videobookmarks)</onclick>
</item>
</content>
</control>


<control type="button" id="8888">
<ondown>8001</ondown>
<onback>8001</onback>
<posx>0</posx>
<posy>1</posy>
<width>1</width>
<height>1</height>
<label></label>
</control>
</include>





</includes>
