<?xml version="1.0" encoding="UTF-8"?>
<includes>




<include name="myvideomainscreen">
<include>WindowVideoMini</include>
</include>


<include name="WindowVideoMini">
	<control type="group">
	<visible>Player.HasVideo + !Control.HasFocus(9001)</visible>
	<animation type="WindowOpen">
	<effect type="slide" start="0,0" end="0,1000" time="250" tween="sine" easing="inout"/>
	</animation>
	<animation type="WindowClose">
	<effect type="slide" start="0,1000" end="0,0" time="250" tween="sine" easing="inout"/>
	</animation>
	<posx>650</posx>
	<posy>-1000</posy>
				<control type="group">
				<control type="image">
				<description>background image</description>
				<posx>535</posx>
				<posy>20</posy>
				<width>730</width>
				<height>50</height>
				<texture background="true" colordiffuse="FF444444">white.png</texture>
			</control>
			<control type="image">
				<posx>535</posx>
				<top>60</top>
				<width>730</width>
				<height>10</height>
				<texture flipy="true">shadow_horizontal.png</texture>
			</control>
			
			<control type="image">
				<description>background image</description>
				<posx>535</posx>
				<posy>70</posy>
				<width>730</width>
				<height>380</height>
				<texture background="true">dialogs/long_grey.png</texture>
			</control>
			<control type="image">
				<posx>530</posx>
				<top>450</top>
				<width>730</width>
				<height>10</height>
				<texture>shadow_horizontal.png</texture>
			</control>
			
			<control type="image">
				<posx>1255</posx>
				<top>70</top>
				<width>10</width>
				<height>380</height>
				<texture flipx="true">shadow_vertical.png</texture>
			</control>
			<control type="image">
			<posx>535</posx>
			<top>70</top>
			<width>10</width>
			<height>380</height>
			<texture flipy="true">shadow_vertical.png</texture>
			</control>
			</control>
			
		
			<control type="label">
			<posx>550</posx>
			<posy>15</posy>
			<width>720</width>
			<height>40</height>
			<align>center</align>
			<textcolor>white</textcolor>
			<shadowcolor>black</shadowcolor>
			<font>font-25</font>
			<label>[B]$VAR[osdlabel][/B]</label>
			</control>
	
<control type="VideoWindow">
<posx>540</posx>
<posy>90</posy>
<width>720</width>
<height>350</height>
<aspectratio>keep</aspectratio>
</control>
</control>
</include>






</includes>
