<?xml version="1.0" encoding="UTF-8"?>
<includes>






<include name="widget_content_first">
<animation condition="integer.isgreater(container(9104).numitems,0) + Control.IsVisible(9104) + !container(9104).isupdating" effect="slide" delay="250" start="0,0" end="-1920,0" time="250" tween="sine" easing="inout">Conditional</animation>
<animation condition="Control.HasFocus(9104)" effect="slide" start="0,0" end="0,100" time="150" tween="back" easing="out">Conditional</animation>
<animation condition="Control.HasFocus(9001)" effect="slide" start="0,0" end="0,-1000" time="150" tween="quadratic" easing="out">Conditional</animation>
<posx>2650</posx>
<posy>495</posy>
<width>1200</width>
<height>500</height>
<onback>9000</onback>
<ondown>9000</ondown>
<onup condition="String.IsEmpty(Skin.String(main_menu_textcolor),yellow)">Skin.SetString(main_menu_textcolor,yellow)</onup>
<onup condition="skin.string(main_menu_textcolor,yellow)">Skin.SetString(main_menu_textcolor,blue)</onup>
<onup condition="skin.string(main_menu_textcolor,blue)">Skin.SetString(main_menu_textcolor,gray)</onup>
<onup condition="skin.string(main_menu_textcolor,gray)">Skin.SetString(main_menu_textcolor,yellow)</onup>
<focusposition>0</focusposition>
<preloaditems>2</preloaditems>
<scrolltime tween="back" easing="out">350</scrolltime>
<orientation>horizontal</orientation>
<itemlayout width="240" height="40">
<control type="image">
<posx>0</posx>
<posy>0</posy>
<width>220</width>
<height>320</height>
<texture>$INFO[ListItem.Thumb]</texture>
</control>
</itemlayout>
<focusedlayout width="240" height="40">
<control type="image">
<visible>!Control.HasFocus(9104)</visible>
<posx>0</posx>
<posy>0</posy>
<width>220</width>
<height>320</height>
<texture>$INFO[ListItem.Thumb]</texture>
</control>
<control type="image">
<visible>Control.HasFocus(9104)</visible>
<posx>0</posx>
<posy>0</posy>
<width>220</width>
<height>320</height>
<bordertexture colordiffuse="deepskyblue">white.png</bordertexture>
<bordersize>4</bordersize>
<texture>$INFO[ListItem.Thumb]</texture>
</control>
</focusedlayout>
</include>




<include name="widget_content_second">
<animation condition="integer.isgreater(container(9105).numitems,0) + Control.IsVisible(9105) + !container(9105).isupdating" effect="slide" delay="250" start="0,0" end="-1920,0" time="250" tween="sine" easing="inout">Conditional</animation>
<animation condition="Control.HasFocus(9105)" effect="slide" start="0,0" end="0,100" time="150" tween="back" easing="out">Conditional</animation>
<animation condition="Control.HasFocus(9001)" effect="slide" start="0,0" end="0,-1000" time="150" tween="quadratic" easing="out">Conditional</animation>
<posx>2650</posx>
<posy>495</posy>
<width>1200</width>
<height>500</height>
<onback>9000</onback>
<ondown>9000</ondown>
<onup condition="String.IsEmpty(Skin.String(main_menu_textcolor),yellow)">Skin.SetString(main_menu_textcolor,yellow)</onup>
<onup condition="skin.string(main_menu_textcolor,yellow)">Skin.SetString(main_menu_textcolor,blue)</onup>
<onup condition="skin.string(main_menu_textcolor,blue)">Skin.SetString(main_menu_textcolor,gray)</onup>
<onup condition="skin.string(main_menu_textcolor,gray)">Skin.SetString(main_menu_textcolor,yellow)</onup>
<focusposition>0</focusposition>
<preloaditems>2</preloaditems>
<scrolltime tween="back" easing="out">350</scrolltime>
<orientation>horizontal</orientation>
<itemlayout width="240" height="40">
<control type="image">
<posx>0</posx>
<posy>0</posy>
<width>220</width>
<height>320</height>
<texture>$INFO[ListItem.Thumb]</texture>
</control>
</itemlayout>
<focusedlayout width="240" height="40">
<control type="image">
<visible>!Control.HasFocus(9105)</visible>
<posx>0</posx>
<posy>0</posy>
<width>220</width>
<height>320</height>
<texture>$INFO[ListItem.Thumb]</texture>
</control>
<control type="image">
<visible>Control.HasFocus(9105)</visible>
<posx>0</posx>
<posy>0</posy>
<width>220</width>
<height>320</height>
<bordertexture colordiffuse="deepskyblue">white.png</bordertexture>
<bordersize>4</bordersize>
<texture>$INFO[ListItem.Thumb]</texture>
</control>
</focusedlayout>
</include>


<include name="widget_content_theard">
<animation condition="integer.isgreater(container(9106).numitems,0) + Control.IsVisible(9106) + !container(9106).isupdating" effect="slide" delay="250" start="0,0" end="-1920,0" time="250" tween="sine" easing="inout">Conditional</animation>
<animation condition="Control.HasFocus(9106)" effect="slide" start="0,0" end="0,100" time="150" tween="back" easing="out">Conditional</animation>
<animation condition="Control.HasFocus(9001)" effect="slide" start="0,0" end="0,-1000" time="150" tween="quadratic" easing="out">Conditional</animation>
<posx>2650</posx>
<posy>495</posy>
<width>1200</width>
<height>500</height>
<onback>9000</onback>
<ondown>9000</ondown>
<onup condition="String.IsEmpty(Skin.String(main_menu_textcolor),yellow)">Skin.SetString(main_menu_textcolor,yellow)</onup>
<onup condition="skin.string(main_menu_textcolor,yellow)">Skin.SetString(main_menu_textcolor,blue)</onup>
<onup condition="skin.string(main_menu_textcolor,blue)">Skin.SetString(main_menu_textcolor,gray)</onup>
<onup condition="skin.string(main_menu_textcolor,gray)">Skin.SetString(main_menu_textcolor,yellow)</onup>
<focusposition>0</focusposition>
<preloaditems>2</preloaditems>
<scrolltime tween="back" easing="out">350</scrolltime>
<orientation>horizontal</orientation>
<itemlayout width="240" height="40">
<control type="image">
<posx>0</posx>
<posy>0</posy>
<width>220</width>
<height>320</height>
<texture>$INFO[ListItem.Thumb]</texture>
</control>
</itemlayout>
<focusedlayout width="240" height="40">
<control type="image">
<visible>!Control.HasFocus(9106)</visible>
<posx>0</posx>
<posy>0</posy>
<width>220</width>
<height>320</height>
<texture>$INFO[ListItem.Thumb]</texture>
</control>
<control type="image">
<visible>Control.HasFocus(9106)</visible>
<posx>0</posx>
<posy>0</posy>
<width>220</width>
<height>320</height>
<bordertexture colordiffuse="deepskyblue">white.png</bordertexture>
<bordersize>4</bordersize>
<texture>$INFO[ListItem.Thumb]</texture>
</control>
</focusedlayout>
</include>


<include name="widgetsinfo">
<definition>


<control type="multiimage">
<visible>Control.HasFocus($PARAM[widgetid])</visible>

<posx>0</posx>
<posy>0</posy>
<width>1920</width>
<height>1080</height>
<fadetime>250</fadetime>
<imagepath>$INFO[Container($PARAM[widgetid]).ListItem.Art(fanart)]</imagepath>
</control>

<control type="group">
<animation condition="integer.isgreater(container($PARAM[widgetid]).numitems,0) + Control.IsVisible($PARAM[widgetid]) + !container($PARAM[widgetid]).isupdating" effect="slide" delay="250" start="0,0" end="2000,0" time="250" tween="sine" easing="inout">Conditional</animation>
<animation condition="Control.HasFocus($PARAM[widgetid])" effect="slide" start="0,0" end="0,100" time="150" tween="back" easing="out">Conditional</animation>
<animation condition="Control.HasFocus(9001)" effect="slide" start="0,0" end="0,-1000" time="150" tween="quadratic" easing="out">Conditional</animation>
<control type="image">
<posx>-2000</posx>
<posy>480</posy>
<width>1920</width>
<height>350</height>
<texture>$VAR[globalbg]</texture>
<include>changemainmenuopacity</include>
</control>
<control type="image">
<posx>-2000</posx>
<posy>430</posy>
<width>730</width>
<height>50</height>
<texture colordiffuse="90818181">special://skin/extras/osd/top_left.png</texture>
<include>changemainmenuopacity</include>
</control>

<control type="group">
<visible>Player.HasMedia</visible>
<control type="image">
<posx>-2000</posx>
<posy>830</posy>
<width>730</width>
<height>50</height>
<texture flipy="true" background="true" colordiffuse="FF222222">special://skin/extras/osd/top_left.png</texture>
<include>changemainmenuopacity</include>
</control>

<!--osdmainscreencontrols-->

<control type="grouplist" id="82002">

<posx>-2000</posx>
<posy>840</posy>
<width>800</width>
<height>50</height>
<align>left</align>
<itemgap>25</itemgap>
<ondown>9000</ondown>
<onup>9104</onup>
<orientation>horizontal</orientation>
<control type="button" id="19">
<posx>0</posx>
<posy>0</posy>
<width>35</width>
<height>35</height>
<texturefocus flipx="true" colordiffuse="deepskyblue">special://skin/extras/eminenceosd/next.png</texturefocus>
<texturenofocus flipx="true" >special://skin/extras/eminenceosd/next.png</texturenofocus>
<onclick>PlayerControl(Previous)</onclick>
</control>
<control type="button" id="20">
<posx>0</posx>
<posy>0</posy>
<width>35</width>
<height>35</height>
<texturefocus flipx="true" colordiffuse="deepskyblue">special://skin/extras/eminenceosd/ff.png</texturefocus>
<texturenofocus flipx="true" >special://skin/extras/eminenceosd/ff.png</texturenofocus>
<onclick>PlayerControl(Rewind)</onclick>
</control>
<control type="button" id="21">
<visible>Player.Paused</visible>
<posx>0</posx>
<posy>0</posy>
<width>35</width>
<height>35</height>
<texturefocus colordiffuse="deepskyblue">special://skin/extras/eminenceosd/play.png</texturefocus>
<texturenofocus>special://skin/extras/eminenceosd/play.png</texturenofocus>
<onclick>PlayerControl(Play)</onclick>
</control>
<control type="button" id="22">
<visible>!Player.Paused</visible>
<posx>0</posx>
<posy>0</posy>
<width>35</width>
<height>35</height>
<texturefocus colordiffuse="deepskyblue">special://skin/extras/eminenceosd/pause.png</texturefocus>
<texturenofocus>special://skin/extras/eminenceosd/pause.png</texturenofocus>
<onclick>PlayerControl(Play)</onclick>
</control>
<control type="button" id="23">
<posx>0</posx>
<posy>0</posy>
<width>35</width>
<height>35</height>
<texturefocus colordiffuse="deepskyblue">special://skin/extras/eminenceosd/stop.png</texturefocus>
<texturenofocus>special://skin/extras/eminenceosd/stop.png</texturenofocus>
<onclick>PlayerControl(Stop)</onclick>
</control>
<control type="button" id="24">
<posx>0</posx>
<posy>0</posy>
<width>35</width>
<height>35</height>
<texturefocus colordiffuse="deepskyblue">special://skin/extras/eminenceosd/ff.png</texturefocus>
<texturenofocus>special://skin/extras/eminenceosd/ff.png</texturenofocus>
<onclick>PlayerControl(Forward)</onclick>
</control>
<control type="button" id="25">
<posx>0</posx>
<posy>0</posy>
<width>35</width>
<height>35</height>
<texturefocus colordiffuse="deepskyblue">special://skin/extras/eminenceosd/next.png</texturefocus>
<texturenofocus>special://skin/extras/eminenceosd/next.png</texturenofocus>
<onclick>PlayerControl(Next)</onclick>
</control>
</control>
<!--end osd main screen controls>-->

<control type="label">
<posx>-1655</posx>
<posy>835</posy>
<width>330</width>
<height>50</height>
<font>font-22</font>
<scroll>true</scroll>
<scrolltime>40</scrolltime>
<label>$INFO[VideoPlayer.Title] $INFO[MusicPlayer.Title]</label>
</control>
</control>
</control>

<control type="group">
<animation condition="integer.isgreater(container($PARAM[widgetid]).numitems,0) + Control.IsVisible($PARAM[widgetid]) + !container($PARAM[widgetid]).isupdating" effect="slide" delay="250" start="0,0" end="1510,0" time="250" tween="sine" easing="inout">Conditional</animation>
<animation condition="Control.HasFocus($PARAM[widgetid])" effect="slide" start="0,0" end="0,100" time="150" tween="back" easing="out">Conditional</animation>
<animation condition="Control.HasFocus(9001)" effect="slide" start="0,0" end="0,-1000" time="150" tween="quadratic" easing="out">Conditional</animation>
<control type="label">
<posx>-1500</posx>
<posy>480</posy>
<width>680</width>
<height>50</height>
<align>left</align>
<font>font-35-bold</font>
<textcolor>$VAR[maintextcolor]</textcolor>
<scroll>true</scroll>
<scrollspeed>40</scrollspeed>
<label>$INFO[Container($PARAM[widgetid]).ListItem.Label]</label>
</control>
<control type="label">
<posx>-1500</posx>
<posy>435</posy>
<width>680</width>
<height>50</height>
<align>left</align>
<font>font-18-bold</font>
<textcolor>white</textcolor>
<label>$INFO[Container(9000).ListItem.Property(widgetName)]$INFO[Container(9000).ListItem.Property(widgetName.widget1)]$INFO[Container(9000).ListItem.Property(widgetName.widget2)]</label>
</control>
<control type="textbox">
<autoscroll fade="3000" time="3000" delay="4000" repeat="4000"></autoscroll>
<posx>-1500</posx>
<posy>560</posy>
<width>600</width>
<height>145</height>
<align>left</align>
<aligny>center</aligny>
<label>$INFO[Container($PARAM[widgetid]).ListItem.Plot]</label>
</control>

<control type="group">
<visible>!String.IsEmpty(Container($PARAM[widgetid]).ListItem.Genre)</visible>
<posx>-1500</posx>
<control type="image">
<posx>0</posx>
<posy>720</posy>
<width>35</width>
<height>35</height>
<texture>special://skin/extras/genre.png</texture>
</control>
<control type="label">
<posx>40</posx>
<posy>715</posy>
<width>680</width>
<height>30</height>
<align>left</align>
<textcolor>gray</textcolor>
<label>[I]$INFO[Container($PARAM[widgetid]).ListItem.Genre][/I]</label>
</control>
</control>



<control type="grouplist">
<posx>-1500</posx>
<posy>775</posy>
<width>680</width>
<height>50</height>
<align>left</align>
<orientation>horizontal</orientation>
<itemgap>0</itemgap>
<control type="group">
<visible>!String.IsEmpty(Container($PARAM[widgetid]).ListItem.Year))</visible>
<width>60</width>
<include content="widgetinfoextras">
<param name="label1" value="$INFO[Container($PARAM[widgetid]).ListItem.Year]"/>
</include>
</control>
<control type="group">
<visible>Integer.IsGreater(Container($PARAM[widgetid]).ListItem.Votes,1) + !Integer.IsGreater(Container($PARAM[widgetid]).ListItem.Votes,999)</visible>
<width>60</width>
<include content="widgetinfoextras">
<param name="label1" value="$INFO[Container($PARAM[widgetid]).ListItem.Votes,• ]"/>
</include>
</control>
<control type="group">
<visible>Integer.IsGreater(Container($PARAM[widgetid]).ListItem.Rating,1.0)</visible>
<width>70</width>
<include content="widgetinfoextras">
<param name="label1" value="$INFO[Container($PARAM[widgetid]).ListItem.Rating,• ]"/>
</include>
</control>
<control type="group">
<visible>!String.IsEmpty(Container($PARAM[widgetid]).ListItem.DateAdded)) + String.IsEmpty(Container($PARAM[widgetid]).ListItem.Premiered))</visible>
<width>180</width>
<include content="widgetinfoextras">
<param name="label1" value="$INFO[Container($PARAM[widgetid]).ListItem.DateAdded,• ]"/>
</include>
</control>
<control type="group">
<visible>!String.IsEmpty(Container($PARAM[widgetid]).ListItem.Premiered))</visible>
<width>180</width>
<include content="widgetinfoextras">
<param name="label1" value="$INFO[Container($PARAM[widgetid]).ListItem.Premiered,• ]"/>
</include>
</control>
</control>




</control>

<control type="label">
<visible>Control.IsVisible($PARAM[widgetid])</visible>
<posx>200</posx>
<posy>40</posy>
<width>1000</width>
<align>left</align>
<label>$INFO[Container($PARAM[widgetid]).NumItems, כמות ] [COLOR yellow]•[/COLOR] $INFO[Container($PARAM[widgetid]).NumPages, דפים ] [COLOR yellow]•[/COLOR] $INFO[Container($PARAM[widgetid]).CurrentPage, בדף ] [COLOR yellow]•[/COLOR]</label>
</control>

</definition>
</include>


<include name="widgetinfoextras">
<definition>
<control type="label">
<posx>0</posx>
<posy>0</posy>
<width>auto</width>
<height>35</height>
<align>left</align>
<font>font-16</font>
<label>$PARAM[label1]</label>
</control>
</definition>
</include>


</includes>
