<?xml version="1.0" encoding="UTF-8"?>
<includes>






<include name="Media_Center_Home">
<include>mainscreenallinfo</include>
<include content="widgetsinfo">
<param name="widgetid" value="9104"/>
</include>
<include content="widgetsinfo">
<param name="widgetid" value="9105"/>
</include>
<include content="widgetsinfo">
<param name="widgetid" value="9106"/>
</include>
<include>mediacentermainmenu</include>
<include>mediacentersubmenu</include>
<include>headlinelabel</include>
<include>myvideomainscreen</include>
<include>mytopscreendetails</include>
<include>skinshortcuts-template-widget</include>
<include>skinshortcuts-template-widget1</include>
<include>skinshortcuts-template-widget2</include>

</include>


<include name="mainscreenallinfo">
<control type="multiimage">
<posx>0</posx>
<posy>0</posy>
<width>1920</width>
<height>1080</height>
<fadetime>250</fadetime>
<imagepath>$INFO[Container(9000).ListItem.Property(background)]</imagepath>
</control>
</include>





<include name="mediacentermainmenu">
<control type="group">
<include>main_menu_fade</include>
<control type="image">
<posx>0</posx>
<posy>920</posy>
<width>1970</width>
<height>200</height>
<texture colordiffuse="FF333333">white.png</texture>
<include>changemainmenuopacity</include>
</control>
			<control type="image">
				<left>0</left>
				<top>1040</top>
				<width>1920</width>
				<height>10</height>
				<texture>shadow_horizontal.png</texture>
			</control>
<control type="list" id="9000">
<posx>-55</posx>
<posy>920</posy>
<width>1975</width>
<height>300</height>
<ondown condition="Integer.IsGreater(Container(9001).NumItems,0)">9001</ondown>
<onup condition="Integer.IsGreater(Container(9104).Numitems,0) + Control.IsVisible(9104) + !Container(9104).IsUpdating + !Player.HasMedia">9104</onup>
<onup condition="Integer.IsGreater(Container(9104).Numitems,0) + Control.IsVisible(9104) + !Container(9104).IsUpdating + Player.HasMedia">82002</onup>
<onup condition="Integer.IsGreater(Container(9105).Numitems,0) + Control.IsVisible(9105) + !Container(9105).IsUpdating + !Player.HasMedia">9105</onup>
<onup condition="Integer.IsGreater(Container(9105).Numitems,0) + Control.IsVisible(9105) + !Container(9105).IsUpdating + Player.HasMedia">82002</onup>
<onup condition="Integer.IsGreater(Container(9106).Numitems,0) + Control.IsVisible(9106) + !Container(9106).IsUpdating + !Player.HasMedia">9106</onup>
<onup condition="Integer.IsGreater(Container(9106).Numitems,0) + Control.IsVisible(9106) + !Container(9106).IsUpdating + Player.HasMedia">82002</onup>
<scrolltime tween="sine" easing="out">200</scrolltime>
<orientation>horizontal</orientation>
<itemlayout width="195" height="50">
<control type="image">
<posx>0</posx>
<posy>0</posy>
<width>250</width>
<height>120</height>
<bordertexture colordiffuse="gray">special://skin/extras/shadows/half-tile.png</bordertexture>
<bordersize>1</bordersize>
<texture colordiffuse="FF222222">special://skin/extras/shadows/half-tile.png</texture>
<include>changiconsize</include>
</control>

<control type="textbox">
<posx>0</posx>
<posy>0</posy>
<width>250</width>
<height>120</height>
<align>center</align>
<aligny>center</aligny>
<textcolor>white</textcolor>
<label>$INFO[ListItem.Label]</label>
</control>
</itemlayout>
<focusedlayout width="195" height="50">

<control type="image">
<posx>0</posx>
<posy>0</posy>
<width>250</width>
<height>120</height>
<bordertexture colordiffuse="gray">special://skin/extras/shadows/half-tile.png</bordertexture>
<bordersize>1</bordersize>
<texture colordiffuse="FF222222">special://skin/extras/shadows/half-tile.png</texture>
<include>changiconsize</include>
</control>

<control type="image">
<animation condition="Control.HasFocus(9000)" effect="fade" start="100" end="50" time="0">Conditional</animation>
<animation effect="fade" start="0" end="50" time="250">Focus</animation>
<visible>Control.HasFocus(9000)</visible>
<posx>4</posx>
<posy>2</posy>
<width>243</width>
<height>115</height>
<bordertexture colordiffuse="gray">special://skin/extras/shadows/half-tile.png</bordertexture>
<bordersize>1</bordersize>
<texture colordiffuse="$INFO[Container(9000).ListItem.Property(TextColor)]">special://skin/extras/shadows/half-tile.png</texture>
<include>changiconsize</include>
</control>

<control type="textbox">
<visible>!Control.Hasfocus(9000)</visible>
<posx>0</posx>
<posy>0</posy>
<width>250</width>
<height>120</height>
<align>center</align>
<aligny>center</aligny>
<textcolor>white</textcolor>
<label>$INFO[ListItem.Label]</label>
</control>
<control type="textbox">
<visible>Control.Hasfocus(9000)</visible>
<posx>0</posx>
<posy>0</posy>
<width>250</width>
<height>120</height>
<align>center</align>
<aligny>center</aligny>
<textcolor>yellow</textcolor>
<shadowcolor>black</shadowcolor>
<label>$INFO[ListItem.Label]</label>
</control>


<control type="image">
<visible>control.hasfocus(9000)</visible>
<posx>0</posx>
<posy>135</posy>
<width>185</width>
<height>5</height>
<texture colordiffuse="deepskyblue">white.png</texture>
</control>
<control type="image">
<visible>Integer.IsGreater(Container(9001).Numitems,0) + Control.HasFocus(9000)</visible>
<posx>75</posx>
<posy>140</posy>
<width>25</width>
<height>25</height>
<texture colordiffuse="deepskyblue">special://skin/extras/arrows/arrow-204-xxl.png</texture>
</control>
</focusedlayout>
<content><include>skinshortcuts-mainmenu</include></content>
</control>
</control>
</include>



<include name="mediacentersubmenu">
<control type="group">
<animation condition="$EXP[megawidgetfade]" effect="fade" start="100" end="50" time="150">Conditional</animation>
<control type="image">
<visible>control.hasfocus(9001)</visible>
<animation condition="Control.Hasfocus(9001)" effect="fade" start="0" delay="200" end="100" time="250">Conditional</animation>
<posx>380</posx>
<posy>180</posy>
<width>1140</width>
<height>640</height>
<texture colordiffuse="FF444444">white.png</texture>
</control>

<control type="image">
<animation condition="Ineteger.IsGreater(Container(9001).Numitems,0) | Control.HasFocus(9001)" effect="slide" start="0,0" end="-1100,0" time="150" tween="quadratic" easing="out">Conditional</animation>
<posx>2000</posx>
<posy>200</posy>
<width>600</width>
<height>600</height>
<texture>$VAR[globalbg]</texture>
</control>
<control type="image">
<animation condition="Ineteger.IsGreater(Container(9001).Numitems,0) | Control.HasFocus(9001)" effect="slide" start="0,0" end="1790,0" time="150" tween="quadratic" easing="out">Conditional</animation>
<posx>-1395</posx>
<posy>200</posy>
<width>500</width>
<height>600</height>
<texture>$VAR[globalbg]</texture>
</control>
<control type="group">
<visible>control.hasfocus(9001)</visible>
<animation condition="Control.Hasfocus(9001)" effect="fade" start="0" delay="200" end="100" time="250">Conditional</animation>
			<control type="image">
				<posx>395</posx>
				<top>190</top>
				<width>1105</width>
				<height>10</height>
				<texture flipy="true">shadow_horizontal.png</texture>
			</control>
			<control type="image">
				<posx>395</posx>
				<top>800</top>
				<width>1105</width>
				<height>10</height>
				<texture>shadow_horizontal.png</texture>
			</control>
			<control type="image">
				<posx>385</posx>
				<top>195</top>
				<width>10</width>
				<height>610</height>
				<texture flipx="true">shadow_vertical.png</texture>
			</control>
			<control type="image">
				<posx>1500</posx>
				<top>195</top>
				<width>10</width>
				<height>610</height>
				<texture>shadow_vertical.png</texture>
			</control>
			</control>
<control type="image">
<animation condition="Ineteger.IsGreater(Container(9001).Numitems,0) | Control.HasFocus(9001)" effect="slide" start="0,0" end="2050,0" time="150" tween="quadratic" easing="out">Conditional</animation>
<posx>-1580</posx>
<posy>350</posy>
<width>350</width>
<height>350</height>
<fadetime>150</fadetime>
<texture fallback="special://skin/extras/fallbacks/NoVideo.png">$INFO[Container(9001).ListItem.Thumb]</texture>
</control>
<control type="list" id="9001">
<animation condition="Ineteger.IsGreater(Container(9001).Numitems,0) | Control.HasFocus(9001)" effect="slide" start="0,0" end="-1100,0" time="150" tween="quadratic" easing="out">Conditional</animation>
<posx>1995</posx>
<posy>204</posy>
<width>800</width>
<height>595</height>
<onback>9000</onback>
<onright>9000</onright>
<orientation>vertical</orientation>
<scrolltime tween="sine" easing="inout">350</scrolltime>
<itemlayout width="220" height="40">
<control type="label">
<posx>0</posx>
<posy>0</posy>
<width>600</width>
<height>40</height>
<align>right</align>
<aligny>center</aligny>
<font>font-28</font>
<shadowcolor>black</shadowcolor>
<label>$INFO[ListItem.Label]</label>
</control>
</itemlayout>
<focusedlayout width="220" height="40">
<control type="image">
<animation effect="fade" start="0" end="200" time="250">Focus</animation>
<posx>20</posx>
<posy>2</posy>
<width>580</width>
<height>40</height>
<texture colordiffuse="474b82de">white.png</texture>
</control>
<control type="label">
<posx>0</posx>
<posy>0</posy>
<width>600</width>
<height>40</height>
<align>right</align>
<aligny>center</aligny>
<font>font-28</font>
<shadowcolor>black</shadowcolor>
<label>$INFO[ListItem.Label]</label>
</control>
</focusedlayout>
<content><include>skinshortcuts-submenu</include></content>
</control>
</control>
</include>

<include name="mytopscreendetails">
<control type="group">
<control type="image">
<posx>-55</posx>
<posy>0</posy>
<width>250</width>
<height>120</height>
<texture colordiffuse="FF222222">special://skin/extras/shadows/half-tile.png</texture>
<include>changiconsize</include>
</control>
<control type="image">
<posx>20</posx>
<posy>10</posy>
<width>100</width>
<height>100</height>
<texture>$INFO[Container(9000).ListItem.Thumb]</texture>
</control>
</control>
</include>

</includes>
