{
  "name": "allseriasnetworks",
  "icon": "",
  "list": [
    {
      "name": "Netflix",
      "icon": "C:\\Users\\Netag\\AppData\\Roaming\\Kodi\\addons\\plugin.video.themoviedb.helper\\/resources/icons/themoviedb/default.png",
      "path": "plugin://plugin.video.themoviedb.helper/?info=discover&plugin_category=Netflix&tmdb_type=tv&with_id=True&with_networks=213"
    },
    {
      "name": "HBO",
      "icon": "C:\\Users\\Netag\\AppData\\Roaming\\Kodi\\addons\\plugin.video.themoviedb.helper\\/resources/icons/themoviedb/default.png",
      "path": "plugin://plugin.video.themoviedb.helper/?info=discover&plugin_category=HBO&tmdb_type=tv&with_id=True&with_networks=49"
    },
    {
      "name": "CBS All Access",
      "icon": "C:\\Users\\Netag\\AppData\\Roaming\\Kodi\\addons\\plugin.video.themoviedb.helper\\/resources/icons/themoviedb/default.png",
      "path": "plugin://plugin.video.themoviedb.helper/?info=discover&plugin_category=CBS%20All%20Access&tmdb_type=tv&with_id=True&with_networks=1709"
    },
    {
      "name": "Peacock",
      "icon": "C:\\Users\\Netag\\AppData\\Roaming\\Kodi\\addons\\plugin.video.themoviedb.helper\\/resources/icons/themoviedb/default.png",
      "path": "plugin://plugin.video.themoviedb.helper/?info=discover&plugin_category=Peacock&tmdb_type=tv&with_id=True&with_networks=3353"
    },
    {
      "name": "Disney Channel",
      "icon": "C:\\Users\\Netag\\AppData\\Roaming\\Kodi\\addons\\plugin.video.themoviedb.helper\\/resources/icons/themoviedb/default.png",
      "path": "plugin://plugin.video.themoviedb.helper/?info=discover&plugin_category=Disney%20Channel&tmdb_type=tv&with_id=True&with_networks=54"
    },
    {
      "name": "Hulu",
      "icon": "C:\\Users\\Netag\\AppData\\Roaming\\Kodi\\addons\\plugin.video.themoviedb.helper\\/resources/icons/themoviedb/default.png",
      "path": "plugin://plugin.video.themoviedb.helper/?info=discover&plugin_category=Hulu&tmdb_type=tv&with_id=True&with_networks=453"
    },
    {
      "name": "Prime Video",
      "icon": "C:\\Users\\Netag\\AppData\\Roaming\\Kodi\\addons\\plugin.video.themoviedb.helper\\/resources/icons/themoviedb/default.png",
      "path": "plugin://plugin.video.themoviedb.helper/?info=discover&plugin_category=Prime%20Video&tmdb_type=tv&with_id=True&with_networks=1024"
    },
    {
      "name": "Paramount+",
      "icon": "C:\\Users\\Netag\\AppData\\Roaming\\Kodi\\addons\\plugin.video.themoviedb.helper\\/resources/icons/themoviedb/default.png",
      "path": "plugin://plugin.video.themoviedb.helper/?info=discover&plugin_category=Paramount%2b&tmdb_type=tv&with_id=True&with_networks=4330"
    },
    {
      "name": "Apple TV+",
      "icon": "C:\\Users\\Netag\\AppData\\Roaming\\Kodi\\addons\\plugin.video.themoviedb.helper\\/resources/icons/themoviedb/default.png",
      "path": "plugin://plugin.video.themoviedb.helper/?info=discover&plugin_category=Apple%20TV%2b&tmdb_type=tv&with_id=True&with_networks=2552"
    }
  ]
}