{
  "name": "animshows",
  "icon": "",
  "list": [
    {
      "name": "\u05e1\u05d3\u05e8\u05d5\u05ea \u05dc\u05d9\u05dc\u05d3\u05d9\u05dd",
      "icon": "C:\\Users\\neta\\AppData\\Roaming\\Kodi\\addons\\plugin.video.themoviedb.helper\\/resources/icons/themoviedb/default.png",
      "path": "plugin://plugin.video.themoviedb.helper/?info=trakt_userlist&list_name=%d7%a1%d7%93%d7%a8%d7%95%d7%aa%20%d7%9c%d7%99%d7%9c%d7%93%d7%99%d7%9d&list_slug=524109d1-82c8-4f91-9eb0-eeeedfbd9ab8&plugin_category=%d7%a1%d7%93%d7%a8%d7%95%d7%aa%20%d7%9c%d7%99%d7%9c%d7%93%d7%99%d7%9d&user_slug=moshep15"
    }
  ]
}