{
  "name": "kids",
  "icon": "",
  "list": [
    {
      "name": "\u05e1\u05e8\u05d8\u05d9 \u05d0\u05e0\u05d9\u05de\u05e6\u05d9\u05d4 \u05dc\u05d9\u05dc\u05d3\u05d9\u05dd",
      "icon": "C:\\Users\\neta\\AppData\\Roaming\\Kodi\\addons\\plugin.video.themoviedb.helper\\/resources/icons/themoviedb/default.png",
      "path": "plugin://plugin.video.themoviedb.helper/?info=trakt_userlist&list_name=%d7%a1%d7%a8%d7%98%d7%99%20%d7%90%d7%a0%d7%99%d7%9e%d7%a6%d7%99%d7%94%20%d7%9c%d7%99%d7%9c%d7%93%d7%99%d7%9d&list_slug=24248034&owner=true&plugin_category=%d7%a1%d7%a8%d7%98%d7%99%20%d7%90%d7%a0%d7%99%d7%9e%d7%a6%d7%99%d7%94%20%d7%9c%d7%99%d7%9c%d7%93%d7%99%d7%9d&user_slug=moshep155"
    },
    {
      "name": "\u05e1\u05e8\u05d8\u05d9\u05dd \u05de\u05d3\u05d5\u05d1\u05d1\u05d9\u05dd \u05dc\u05d9\u05dc\u05d3\u05d9\u05dd",
      "icon": "C:\\Users\\neta\\AppData\\Roaming\\Kodi\\addons\\plugin.video.themoviedb.helper\\/resources/icons/themoviedb/default.png",
      "path": "plugin://plugin.video.themoviedb.helper/?info=trakt_userlist&list_name=%d7%a1%d7%a8%d7%98%d7%99%d7%9d%20%d7%9e%d7%93%d7%95%d7%91%d7%91%d7%99%d7%9d%20%d7%9c%d7%99%d7%9c%d7%93%d7%99%d7%9d&list_slug=21189117&owner=true&plugin_category=%d7%a1%d7%a8%d7%98%d7%99%d7%9d%20%d7%9e%d7%93%d7%95%d7%91%d7%91%d7%99%d7%9d%20%d7%9c%d7%99%d7%9c%d7%93%d7%99%d7%9d&user_slug=moshep155"
    },
    {
      "name": "Kids Movies",
      "icon": "C:\\Users\\neta\\AppData\\Roaming\\Kodi\\addons\\plugin.video.themoviedb.helper\\/resources/icons/themoviedb/default.png",
      "path": "plugin://plugin.video.themoviedb.helper/?info=trakt_userlist&list_name=Kids%20Movies&list_slug=kids-movies&plugin_category=Kids%20Movies&user_slug=slimshizn"
    },
    {
      "name": "Popular Kids Movies",
      "icon": "C:\\Users\\neta\\AppData\\Roaming\\Kodi\\addons\\plugin.video.themoviedb.helper\\/resources/icons/themoviedb/default.png",
      "path": "plugin://plugin.video.themoviedb.helper/?info=trakt_userlist&list_name=Popular%20Kids%20Movies&list_slug=popular-kids-movies&plugin_category=Popular%20Kids%20Movies&user_slug=goran1989"
    },
    {
      "name": "KIds Movies 50+",
      "icon": "C:\\Users\\neta\\AppData\\Roaming\\Kodi\\addons\\plugin.video.themoviedb.helper\\/resources/icons/themoviedb/default.png",
      "path": "plugin://plugin.video.themoviedb.helper/?info=trakt_userlist&list_name=KIds%20Movies%2050%2b&list_slug=kids-movies-50&plugin_category=KIds%20Movies%2050%2b&user_slug=ishalioh"
    },
    {
      "name": "\u05d0\u05e0\u05d9\u05de\u05e6\u05d9\u05d4",
      "icon": "C:\\Users\\neta\\AppData\\Roaming\\Kodi\\addons\\plugin.video.themoviedb.helper\\/resources/icons/themoviedb/default.png",
      "path": "plugin://plugin.video.themoviedb.helper/?info=discover&tmdb_type=movie&with_genres=16&with_id=True"
    }
  ]
}