{
  "name": "movies-1-6",
  "icon": "",
  "list": [
    {
      "name": "\u05e8\u05d5\u05de\u05e0\u05d8\u05d9",
      "icon": "C:\\Users\\Netag\\AppData\\Roaming\\Kodi\\addons\\plugin.video.themoviedb.helper\\/resources/icons/themoviedb/default.png",
      "path": "plugin://plugin.video.themoviedb.helper/?info=trakt_userlist&list_name=%d7%a8%d7%95%d7%9e%d7%a0%d7%98%d7%99&list_slug=24248025&owner=true&plugin_category=%d7%a8%d7%95%d7%9e%d7%a0%d7%98%d7%99&user_slug=moshep155"
    },
    {
      "name": "\u05e7\u05d5\u05de\u05d3\u05d9\u05d4",
      "icon": "C:\\Users\\Netag\\AppData\\Roaming\\Kodi\\addons\\plugin.video.themoviedb.helper\\/resources/icons/themoviedb/default.png",
      "path": "plugin://plugin.video.themoviedb.helper/?info=trakt_userlist&list_name=%d7%a7%d7%95%d7%9e%d7%93%d7%99%d7%94&list_slug=24248028&owner=true&plugin_category=%d7%a7%d7%95%d7%9e%d7%93%d7%99%d7%94&user_slug=moshep155"
    },
    {
      "name": "\u05d3\u05e8\u05de\u05d4/\u05de\u05e9\u05e4\u05d7\u05d4",
      "icon": "C:\\Users\\Netag\\AppData\\Roaming\\Kodi\\addons\\plugin.video.themoviedb.helper\\/resources/icons/themoviedb/default.png",
      "path": "plugin://plugin.video.themoviedb.helper/?info=trakt_userlist&list_name=%d7%93%d7%a8%d7%9e%d7%94%2f%d7%9e%d7%a9%d7%a4%d7%97%d7%94&list_slug=24248029&owner=true&plugin_category=%d7%93%d7%a8%d7%9e%d7%94%2f%d7%9e%d7%a9%d7%a4%d7%97%d7%94&user_slug=moshep155"
    },
    {
      "name": "\u05d4\u05d9\u05e1\u05d8\u05d5\u05e8\u05d9\u05d4",
      "icon": "C:\\Users\\Netag\\AppData\\Roaming\\Kodi\\addons\\plugin.video.themoviedb.helper\\/resources/icons/themoviedb/default.png",
      "path": "plugin://plugin.video.themoviedb.helper/?info=trakt_userlist&list_name=%d7%94%d7%99%d7%a1%d7%98%d7%95%d7%a8%d7%99%d7%94&list_slug=24248030&owner=true&plugin_category=%d7%94%d7%99%d7%a1%d7%98%d7%95%d7%a8%d7%99%d7%94&user_slug=moshep155"
    },
    {
      "name": "\u05de\u05e9\u05e4\u05d7\u05d4/\u05d4\u05e8\u05e4\u05ea\u05e7\u05d0\u05d5\u05ea",
      "icon": "C:\\Users\\Netag\\AppData\\Roaming\\Kodi\\addons\\plugin.video.themoviedb.helper\\/resources/icons/themoviedb/default.png",
      "path": "plugin://plugin.video.themoviedb.helper/?info=trakt_userlist&list_name=%d7%9e%d7%a9%d7%a4%d7%97%d7%94%2f%d7%94%d7%a8%d7%a4%d7%aa%d7%a7%d7%90%d7%95%d7%aa&list_slug=24248032&owner=true&plugin_category=%d7%9e%d7%a9%d7%a4%d7%97%d7%94%2f%d7%94%d7%a8%d7%a4%d7%aa%d7%a7%d7%90%d7%95%d7%aa&user_slug=moshep155"
    },
    {
      "name": "\u05d0\u05e7\u05e9\u05df/\u05de\u05d5\u05ea\u05d7\u05df",
      "icon": "C:\\Users\\Netag\\AppData\\Roaming\\Kodi\\addons\\plugin.video.themoviedb.helper\\/resources/icons/themoviedb/default.png",
      "path": "plugin://plugin.video.themoviedb.helper/?info=trakt_userlist&list_name=%d7%90%d7%a7%d7%a9%d7%9f%2f%d7%9e%d7%95%d7%aa%d7%97%d7%9f&list_slug=25951698&owner=true&plugin_category=%d7%90%d7%a7%d7%a9%d7%9f%2f%d7%9e%d7%95%d7%aa%d7%97%d7%9f&user_slug=moshep155"
    },
    {
      "name": "\u05e4\u05e0\u05d8\u05d6\u05d9\u05d4/\u05de\u05d3\u05e2 \u05d1\u05d3\u05d9\u05d5\u05e0\u05d9",
      "icon": "C:\\Users\\Netag\\AppData\\Roaming\\Kodi\\addons\\plugin.video.themoviedb.helper\\/resources/icons/themoviedb/default.png",
      "path": "plugin://plugin.video.themoviedb.helper/?info=trakt_userlist&list_name=%d7%a4%d7%a0%d7%98%d7%96%d7%99%d7%94%2f%d7%9e%d7%93%d7%a2%20%d7%91%d7%93%d7%99%d7%95%d7%a0%d7%99&list_slug=24248036&owner=true&plugin_category=%d7%a4%d7%a0%d7%98%d7%96%d7%99%d7%94%2f%d7%9e%d7%93%d7%a2%20%d7%91%d7%93%d7%99%d7%95%d7%a0%d7%99&user_slug=moshep155"
    },
    {
      "name": "\u05e1\u05e8\u05d8\u05d9\u05dd \u05d3\u05d5\u05e7\u05d5\u05de\u05e0\u05d8\u05e8\u05d9\u05dd",
      "icon": "C:\\Users\\Netag\\AppData\\Roaming\\Kodi\\addons\\plugin.video.themoviedb.helper\\/resources/icons/themoviedb/default.png",
      "path": "plugin://plugin.video.themoviedb.helper/?info=trakt_userlist&list_name=%d7%a1%d7%a8%d7%98%d7%99%d7%9d%20%d7%93%d7%95%d7%a7%d7%95%d7%9e%d7%a0%d7%98%d7%a8%d7%99%d7%9d&list_slug=24248033&owner=true&plugin_category=%d7%a1%d7%a8%d7%98%d7%99%d7%9d%20%d7%93%d7%95%d7%a7%d7%95%d7%9e%d7%a0%d7%98%d7%a8%d7%99%d7%9d&user_slug=moshep155"
    },
    {
      "name": "\u05e1\u05e8\u05d8\u05d9 \u05d0\u05e0\u05d9\u05de\u05e6\u05d9\u05d4 \u05dc\u05d9\u05dc\u05d3\u05d9\u05dd",
      "icon": "C:\\Users\\Netag\\AppData\\Roaming\\Kodi\\addons\\plugin.video.themoviedb.helper\\/resources/icons/themoviedb/default.png",
      "path": "plugin://plugin.video.themoviedb.helper/?info=trakt_userlist&list_name=%d7%a1%d7%a8%d7%98%d7%99%20%d7%90%d7%a0%d7%99%d7%9e%d7%a6%d7%99%d7%94%20%d7%9c%d7%99%d7%9c%d7%93%d7%99%d7%9d&list_slug=24248034&owner=true&plugin_category=%d7%a1%d7%a8%d7%98%d7%99%20%d7%90%d7%a0%d7%99%d7%9e%d7%a6%d7%99%d7%94%20%d7%9c%d7%99%d7%9c%d7%93%d7%99%d7%9d&user_slug=moshep155"
    },
    {
      "name": "\u05e1\u05e8\u05d8\u05d9\u05dd \u05de\u05d3\u05d5\u05d1\u05d1\u05d9\u05dd \u05dc\u05d9\u05dc\u05d3\u05d9\u05dd",
      "icon": "C:\\Users\\Netag\\AppData\\Roaming\\Kodi\\addons\\plugin.video.themoviedb.helper\\/resources/icons/themoviedb/default.png",
      "path": "plugin://plugin.video.themoviedb.helper/?info=trakt_userlist&list_name=%d7%a1%d7%a8%d7%98%d7%99%d7%9d%20%d7%9e%d7%93%d7%95%d7%91%d7%91%d7%99%d7%9d%20%d7%9c%d7%99%d7%9c%d7%93%d7%99%d7%9d&list_slug=21189117&owner=true&plugin_category=%d7%a1%d7%a8%d7%98%d7%99%d7%9d%20%d7%9e%d7%93%d7%95%d7%91%d7%91%d7%99%d7%9d%20%d7%9c%d7%99%d7%9c%d7%93%d7%99%d7%9d&user_slug=moshep155"
    },
    {
      "name": "[B]\u05d7\u05e4\u05e9 \u05e1\u05e8\u05d8[/B]",
      "icon": "C:\\Users\\neta\\AppData\\Roaming\\Kodi\\addons\\plugin.video.themoviedb.helper\\/resources/icons/themoviedb/search.png",
      "path": "plugin://plugin.video.themoviedb.helper/?info=search&tmdb_id=None&tmdb_type=movie"
    },
    {
      "name": "\u05e1\u05e8\u05d8\u05d9\u05dd \u05d9\u05e9\u05e8\u05d0\u05dc\u05d9\u05dd",
      "icon": "C:\\Users\\Netag\\AppData\\Roaming\\Kodi\\addons\\plugin.video.themoviedb.helper\\/resources/icons/themoviedb/default.png",
      "path": "plugin://plugin.video.themoviedb.helper/?info=discover&tmdb_id=None&tmdb_type=movie&with_id=True&with_original_language=he&with_separator=AND"
    }
  ]
}