{
  "name": "\u05e1\u05e8\u05d8\u05d9\u05dd \u05dc\u05e4\u05d9 \u05e9\u05e4\u05d5\u05ea",
  "icon": "",
  "list": [
    {
      "name": "\u05d4\u05d5\u05d3\u05d9\u05dd",
      "icon": "C:\\Users\\neta\\AppData\\Roaming\\Kodi\\addons\\plugin.video.themoviedb.helper\\/resources/icons/themoviedb/india.png",
      "path": "plugin://plugin.video.themoviedb.helper/?info=discover&tmdb_id=None&tmdb_type=movie&with_id=True&with_original_language=hi"
    },
    {
      "name": "\u05e1\u05e4\u05e8\u05d3\u05d9",
      "icon": "C:\\Users\\neta\\AppData\\Roaming\\Kodi\\addons\\plugin.video.themoviedb.helper\\/resources/icons/themoviedb/default.png",
      "path": "plugin://plugin.video.themoviedb.helper/?info=discover&tmdb_id=None&tmdb_type=movie&with_id=True&with_original_language=es"
    },
    {
      "name": "\u05e6\u05e8\u05e4\u05ea\u05d9\u05d9\u05dd",
      "icon": "C:\\Users\\neta\\AppData\\Roaming\\Kodi\\addons\\plugin.video.themoviedb.helper\\/resources/icons/themoviedb/default.png",
      "path": "plugin://plugin.video.themoviedb.helper/?info=discover&tmdb_id=None&tmdb_type=movie&with_id=True&with_original_language=fr"
    },
    {
      "name": "\u05d9\u05e9\u05e8\u05d0\u05dc\u05d9",
      "icon": "C:\\Users\\neta\\AppData\\Roaming\\Kodi\\addons\\plugin.video.themoviedb.helper\\/resources/icons/themoviedb/default.png",
      "path": "plugin://plugin.video.themoviedb.helper/?info=discover&tmdb_id=None&tmdb_type=movie&with_id=True&with_original_language=he"
    },
    {
      "name": "\u05e7\u05d5\u05e8\u05d9\u05d0\u05e0\u05d9",
      "icon": "C:\\Users\\neta\\AppData\\Roaming\\Kodi\\addons\\plugin.video.themoviedb.helper\\/resources/icons/themoviedb/default.png",
      "path": "plugin://plugin.video.themoviedb.helper/?info=discover&tmdb_id=None&tmdb_type=movie&with_id=True&with_original_language=ko"
    },
    {
      "name": "Top Korean Movies",
      "icon": "C:\\Users\\neta\\AppData\\Roaming\\Kodi\\addons\\plugin.video.themoviedb.helper\\/resources/icons/themoviedb/default.png",
      "path": "plugin://plugin.video.themoviedb.helper/?info=trakt_userlist&list_name=Top%20Korean%20Movies&list_slug=top-korean-movies&plugin_category=Top%20Korean%20Movies&user_slug=galacticboy"
    },
    {
      "name": "Top French Movies",
      "icon": "C:\\Users\\neta\\AppData\\Roaming\\Kodi\\addons\\plugin.video.themoviedb.helper\\/resources/icons/themoviedb/default.png",
      "path": "plugin://plugin.video.themoviedb.helper/?info=trakt_userlist&list_name=Top%20French%20Movies&list_slug=top-french-movies&plugin_category=Top%20French%20Movies&user_slug=cont90"
    },
    {
      "name": "Top Italian Movies",
      "icon": "C:\\Users\\neta\\AppData\\Roaming\\Kodi\\addons\\plugin.video.themoviedb.helper\\/resources/icons/themoviedb/default.png",
      "path": "plugin://plugin.video.themoviedb.helper/?info=trakt_userlist&list_name=Top%20Italian%20Movies&list_slug=top-italian-movies&plugin_category=Top%20Italian%20Movies&user_slug=cont90"
    }
  ]
}