{
  "name": "moviesgenres",
  "icon": "",
  "list": [
    {
      "name": "\u05e1\u05e8\u05d8\u05d9\u05dd \u05de\u05d5\u05ea\u05d7\u05df",
      "icon": "C:\\Users\\neta\\AppData\\Roaming\\Kodi\\addons\\plugin.video.themoviedb.helper\\/resources/icons/themoviedb/default.png",
      "path": "plugin://plugin.video.themoviedb.helper/?info=trakt_userlist&list_name=%d7%a1%d7%a8%d7%98%d7%99%d7%9d%20%d7%9e%d7%95%d7%aa%d7%97%d7%9f&list_slug=dd512763-f011-4a13-8a58-41a2bd1fdde7&plugin_category=%d7%a1%d7%a8%d7%98%d7%99%d7%9d%20%d7%9e%d7%95%d7%aa%d7%97%d7%9f&user_slug=moshep156"
    },
    {
      "name": "\u05e1\u05e8\u05d8\u05d9\u05dd \u05e8\u05d5\u05de\u05e0\u05d8\u05d9\u05dd",
      "icon": "C:\\Users\\neta\\AppData\\Roaming\\Kodi\\addons\\plugin.video.themoviedb.helper\\/resources/icons/themoviedb/default.png",
      "path": "plugin://plugin.video.themoviedb.helper/?info=trakt_userlist&list_name=%d7%a1%d7%a8%d7%98%d7%99%d7%9d%20%d7%a8%d7%95%d7%9e%d7%a0%d7%98%d7%99%d7%9d&list_slug=c5dc4764-013e-4ddb-8da4-333b5b7ca3bb&plugin_category=%d7%a1%d7%a8%d7%98%d7%99%d7%9d%20%d7%a8%d7%95%d7%9e%d7%a0%d7%98%d7%99%d7%9d&user_slug=moshep156"
    },
    {
      "name": "\u05e1\u05e8\u05d8\u05d9 \u05e7\u05d5\u05de\u05d3\u05d9\u05d4",
      "icon": "C:\\Users\\neta\\AppData\\Roaming\\Kodi\\addons\\plugin.video.themoviedb.helper\\/resources/icons/themoviedb/default.png",
      "path": "plugin://plugin.video.themoviedb.helper/?info=trakt_userlist&list_name=%d7%a1%d7%a8%d7%98%d7%99%20%d7%a7%d7%95%d7%9e%d7%93%d7%99%d7%94&list_slug=b409fc10-eb39-4af9-b161-d95d606bb4e2&plugin_category=%d7%a1%d7%a8%d7%98%d7%99%20%d7%a7%d7%95%d7%9e%d7%93%d7%99%d7%94&user_slug=moshep156"
    },
    {
      "name": "\u05e1\u05e8\u05d8\u05d9 \u05e4\u05e2\u05d5\u05dc\u05d4",
      "icon": "C:\\Users\\neta\\AppData\\Roaming\\Kodi\\addons\\plugin.video.themoviedb.helper\\/resources/icons/themoviedb/default.png",
      "path": "plugin://plugin.video.themoviedb.helper/?info=trakt_userlist&list_name=%d7%a1%d7%a8%d7%98%d7%99%20%d7%a4%d7%a2%d7%95%d7%9c%d7%94&list_slug=27309045&plugin_category=%d7%a1%d7%a8%d7%98%d7%99%20%d7%a4%d7%a2%d7%95%d7%9c%d7%94&user_slug=moshep156"
    },
    {
      "name": "\u05e1\u05e8\u05d8\u05d9 \u05de\u05e9\u05e4\u05d7\u05d4",
      "icon": "C:\\Users\\neta\\AppData\\Roaming\\Kodi\\addons\\plugin.video.themoviedb.helper\\/resources/icons/themoviedb/default.png",
      "path": "plugin://plugin.video.themoviedb.helper/?info=trakt_userlist&list_name=%d7%a1%d7%a8%d7%98%d7%99%20%d7%9e%d7%a9%d7%a4%d7%97%d7%94&list_slug=0cc4a94b-d326-4f9f-bdfe-56de7b62b281&plugin_category=%d7%a1%d7%a8%d7%98%d7%99%20%d7%9e%d7%a9%d7%a4%d7%97%d7%94&user_slug=moshep156"
    },
    {
      "name": "\u05e1\u05e8\u05d8\u05d9\u05dd \u05d9\u05e9\u05e8\u05d0\u05dc\u05d9\u05dd",
      "icon": "C:\\Users\\neta\\AppData\\Roaming\\Kodi\\addons\\plugin.video.themoviedb.helper\\/resources/icons/themoviedb/default.png",
      "path": "plugin://plugin.video.themoviedb.helper/?info=discover&tmdb_id=None&tmdb_type=movie&with_id=True&with_original_language=he"
    }
  ]
}