{
  "name": "movies-1-6",
  "icon": "",
  "list": [
    {
      "name": "\u05e1\u05e8\u05d8\u05d9\u05dd 1",
      "icon": "C:\\Users\\neta\\AppData\\Roaming\\Kodi\\addons\\plugin.video.themoviedb.helper\\/resources/icons/themoviedb/default.png",
      "path": "plugin://plugin.video.themoviedb.helper/?info=trakt_userlist&list_name=%d7%a1%d7%a8%d7%98%d7%99%d7%9d%201&list_slug=1&plugin_category=%d7%a1%d7%a8%d7%98%d7%99%d7%9d%201&user_slug=moshep155"
    },
    {
      "name": "\u05e1\u05e8\u05d8\u05d9\u05dd 2",
      "icon": "C:\\Users\\neta\\AppData\\Roaming\\Kodi\\addons\\plugin.video.themoviedb.helper\\/resources/icons/themoviedb/default.png",
      "path": "plugin://plugin.video.themoviedb.helper/?info=trakt_userlist&list_name=%d7%a1%d7%a8%d7%98%d7%99%d7%9d%202&list_slug=2&plugin_category=%d7%a1%d7%a8%d7%98%d7%99%d7%9d%202&user_slug=moshep155"
    },
    {
      "name": "\u05e1\u05e8\u05d8\u05d9\u05dd 3",
      "icon": "C:\\Users\\neta\\AppData\\Roaming\\Kodi\\addons\\plugin.video.themoviedb.helper\\/resources/icons/themoviedb/default.png",
      "path": "plugin://plugin.video.themoviedb.helper/?info=trakt_userlist&list_name=%d7%a1%d7%a8%d7%98%d7%99%d7%9d%203&list_slug=3&plugin_category=%d7%a1%d7%a8%d7%98%d7%99%d7%9d%203&user_slug=moshep155"
    },
    {
      "name": "\u05e1\u05e8\u05d8\u05d9\u05dd 4",
      "icon": "C:\\Users\\neta\\AppData\\Roaming\\Kodi\\addons\\plugin.video.themoviedb.helper\\/resources/icons/themoviedb/default.png",
      "path": "plugin://plugin.video.themoviedb.helper/?info=trakt_userlist&list_name=%d7%a1%d7%a8%d7%98%d7%99%d7%9d%204&list_slug=4-24248032&plugin_category=%d7%a1%d7%a8%d7%98%d7%99%d7%9d%204&user_slug=moshep155"
    },
    {
      "name": "\u05e1\u05e8\u05d8\u05d9\u05dd 5",
      "icon": "C:\\Users\\neta\\AppData\\Roaming\\Kodi\\addons\\plugin.video.themoviedb.helper\\/resources/icons/themoviedb/default.png",
      "path": "plugin://plugin.video.themoviedb.helper/?info=trakt_userlist&list_name=%d7%a1%d7%a8%d7%98%d7%99%d7%9d%205&list_slug=5-24248030&plugin_category=%d7%a1%d7%a8%d7%98%d7%99%d7%9d%205&user_slug=moshep155"
    },
    {
      "name": "\u05e1\u05e8\u05d8\u05d9\u05dd 6",
      "icon": "C:\\Users\\neta\\AppData\\Roaming\\Kodi\\addons\\plugin.video.themoviedb.helper\\/resources/icons/themoviedb/default.png",
      "path": "plugin://plugin.video.themoviedb.helper/?info=trakt_userlist&list_name=%d7%a1%d7%a8%d7%98%d7%99%d7%9d%206&list_slug=6-25951698&plugin_category=%d7%a1%d7%a8%d7%98%d7%99%d7%9d%206&user_slug=moshep155"
    }
  ]
}