{
  "name": "moviesupdated",
  "icon": "",
  "list": [
    {
      "name": "\u05e1\u05e8\u05d8\u05d9\u05dd \u05d7\u05d3\u05e9\u05d9\u05dd",
      "icon": "C:\\Users\\Netag\\AppData\\Roaming\\Kodi\\addons\\plugin.video.themoviedb.helper\\/resources/icons/themoviedb/default.png",
      "path": "plugin://plugin.video.themoviedb.helper/?info=trakt_userlist&list_name=%d7%a1%d7%a8%d7%98%d7%99%d7%9d%20%d7%97%d7%93%d7%a9%d7%99%d7%9d&list_slug=23946781&owner=true&plugin_category=%d7%a1%d7%a8%d7%98%d7%99%d7%9d%20%d7%97%d7%93%d7%a9%d7%99%d7%9d&user_slug=moshep15"
    },
    {
      "name": "\u05e1\u05e8\u05d8\u05d9\u05dd \u05de\u05ea\u05e2\u05d3\u05db\u05df",
      "icon": "C:\\Users\\Netag\\AppData\\Roaming\\Kodi\\addons\\plugin.video.themoviedb.helper\\/resources/icons/themoviedb/default.png",
      "path": "plugin://plugin.video.themoviedb.helper/?info=trakt_userlist&list_name=%d7%a1%d7%a8%d7%98%d7%99%d7%9d%20%d7%9e%d7%aa%d7%a2%d7%93%d7%9b%d7%9f&list_slug=24519043&owner=true&plugin_category=%d7%a1%d7%a8%d7%98%d7%99%d7%9d%20%d7%9e%d7%aa%d7%a2%d7%93%d7%9b%d7%9f&user_slug=moshep15"
    },
    {
      "name": "\u05e1\u05e8\u05d8\u05d9\u05dd \u05d3\u05d5\u05e7\u05d5\u05de\u05e0\u05d8\u05e8\u05d9\u05dd",
      "icon": "C:\\Users\\Netag\\AppData\\Roaming\\Kodi\\addons\\plugin.video.themoviedb.helper\\/resources/icons/themoviedb/default.png",
      "path": "plugin://plugin.video.themoviedb.helper/?info=trakt_userlist&list_name=%d7%a1%d7%a8%d7%98%d7%99%d7%9d%20%d7%93%d7%95%d7%a7%d7%95%d7%9e%d7%a0%d7%98%d7%a8%d7%99%d7%9d&list_slug=24519042&owner=true&plugin_category=%d7%a1%d7%a8%d7%98%d7%99%d7%9d%20%d7%93%d7%95%d7%a7%d7%95%d7%9e%d7%a0%d7%98%d7%a8%d7%99%d7%9d&user_slug=moshep15"
    },
    {
      "name": "\u05e1\u05e8\u05d8\u05d9\u05dd \u05de\u05db\u05dc \u05d4\u05d6\u05de\u05e0\u05d9\u05dd",
      "icon": "C:\\Users\\Netag\\AppData\\Roaming\\Kodi\\addons\\plugin.video.themoviedb.helper\\/resources/icons/themoviedb/default.png",
      "path": "plugin://plugin.video.themoviedb.helper/?info=trakt_userlist&list_name=%d7%a1%d7%a8%d7%98%d7%99%d7%9d%20%d7%9e%d7%9b%d7%9c%20%d7%94%d7%96%d7%9e%d7%a0%d7%99%d7%9d&list_slug=23998501&owner=true&plugin_category=%d7%a1%d7%a8%d7%98%d7%99%d7%9d%20%d7%9e%d7%9b%d7%9c%20%d7%94%d7%96%d7%9e%d7%a0%d7%99%d7%9d&user_slug=moshep15"
    },
    {
      "name": "\u05e1\u05e8\u05d8\u05d9\u05dd \u05dc\u05dc\u05d0 \u05d2\u05d1\u05d5\u05dc\u05d5\u05ea",
      "icon": "C:\\Users\\Netag\\AppData\\Roaming\\Kodi\\addons\\plugin.video.themoviedb.helper\\/resources/icons/themoviedb/default.png",
      "path": "plugin://plugin.video.themoviedb.helper/?info=trakt_userlist&list_name=%d7%a1%d7%a8%d7%98%d7%99%d7%9d%20%d7%9c%d7%9c%d7%90%20%d7%92%d7%91%d7%95%d7%9c%d7%95%d7%aa&list_slug=24164020&owner=true&plugin_category=%d7%a1%d7%a8%d7%98%d7%99%d7%9d%20%d7%9c%d7%9c%d7%90%20%d7%92%d7%91%d7%95%d7%9c%d7%95%d7%aa&user_slug=moshep15"
    }
  ]
}