{
  "name": "moviesall",
  "icon": "",
  "list": [
    {
      "name": "\u05d1\u05e7\u05d5\u05dc\u05e0\u05d5\u05e2",
      "icon": "C:\\Users\\neta\\AppData\\Roaming\\Kodi\\addons\\plugin.video.themoviedb.helper\\/resources/icons/themoviedb/default.png",
      "path": "plugin://plugin.video.themoviedb.helper/?info=trakt_userlist&list_name=%d7%a1%d7%a8%d7%98%d7%99%d7%9d%20%d7%91%d7%a7%d7%95%d7%9c%d7%a0%d7%95%d7%a2&list_slug=24248036&plugin_category=%d7%a1%d7%a8%d7%98%d7%99%d7%9d%20%d7%91%d7%a7%d7%95%d7%9c%d7%a0%d7%95%d7%a2&user_slug=moshep155"
    },
    {
      "name": "\u05d3\u05d5\u05e7\u05d5\u05de\u05e0\u05d8\u05e8\u05d9\u05dd",
      "icon": "C:\\Users\\neta\\AppData\\Roaming\\Kodi\\addons\\plugin.video.themoviedb.helper\\/resources/icons/themoviedb/default.png",
      "path": "plugin://plugin.video.themoviedb.helper/?info=trakt_userlist&list_name=%d7%a1%d7%a8%d7%98%d7%99%d7%9d%20%d7%93%d7%95%d7%a7%d7%95%d7%9e%d7%a0%d7%98%d7%a8%d7%99%d7%9d&list_slug=24248033&plugin_category=%d7%a1%d7%a8%d7%98%d7%99%d7%9d%20%d7%93%d7%95%d7%a7%d7%95%d7%9e%d7%a0%d7%98%d7%a8%d7%99%d7%9d&user_slug=moshep155"
    },
    {
      "name": "\u05e0\u05d8\u05e4\u05dc\u05d9\u05e7\u05e1",
      "icon": "C:\\Users\\neta\\AppData\\Roaming\\Kodi\\addons\\plugin.video.themoviedb.helper\\/resources/icons/themoviedb/default.png",
      "path": "plugin://plugin.video.themoviedb.helper/?info=trakt_userlist&list_name=%d7%a1%d7%a8%d7%98%d7%99%d7%9d%20%d7%a0%d7%98%d7%a4%d7%9c%d7%99%d7%a7%d7%a1&list_slug=4feb49e9-57d5-493b-ae51-8e182cbe936d&plugin_category=%d7%a1%d7%a8%d7%98%d7%99%d7%9d%20%d7%a0%d7%98%d7%a4%d7%9c%d7%99%d7%a7%d7%a1&user_slug=boheshbashoko"
    },
    {
      "name": "\u05e1\u05e8\u05d8\u05d9 \u05de\u05dc\u05d7\u05de\u05d4",
      "icon": "C:\\Users\\neta\\AppData\\Roaming\\Kodi\\addons\\plugin.video.themoviedb.helper\\/resources/icons/themoviedb/default.png",
      "path": "plugin://plugin.video.themoviedb.helper/?info=trakt_userlist&list_name=War%20Movies&list_slug=war-movies&plugin_category=War%20Movies&user_slug=rizreflects"
    },
    {
      "name": "מועדפים",
      "icon": "C:\\Users\\neta\\AppData\\Roaming\\Kodi\\addons\\plugin.video.themoviedb.helper\\/resources/icons/trakt/watchlist.png",
      "path": "plugin://plugin.video.themoviedb.helper/?info=trakt_favorites&list_name=%5bB%5d%d7%a1%d7%a8%d7%98%d7%99%d7%9d%5b%2fB%5d%20%d7%9e%d7%95%d7%a2%d7%93%d7%a4%d7%99%d7%9d&tmdb_type=movie"
    },
    {
      "name": "Watchlist",
      "icon": "C:\\Users\\neta\\AppData\\Roaming\\Kodi\\addons\\plugin.video.themoviedb.helper\\/resources/icons/trakt/watchlist.png",
      "path": "plugin://plugin.video.themoviedb.helper/?info=trakt_watchlist&list_name=Watchlist&tmdb_type=movie"
    }
  ]
}