{
  "name": "movies-1-6",
  "icon": "",
  "list": [
    {
      "name": "\u05e1\u05e8\u05d8\u05d9\u05dd 1",
      "icon": "C:\\Users\\neta\\AppData\\Roaming\\Kodi\\addons\\plugin.video.themoviedb.helper\\/resources/icons/themoviedb/default.png",
      "path": "plugin://plugin.video.themoviedb.helper/?info=trakt_userlist&list_name=%d7%a1%d7%a8%d7%98%d7%99%d7%9d%201&list_slug=1&plugin_category=%d7%a1%d7%a8%d7%98%d7%99%d7%9d%201&user_slug=moshep155"
    },
    {
      "name": "\u05e1\u05e8\u05d8\u05d9\u05dd 2",
      "icon": "C:\\Users\\neta\\AppData\\Roaming\\Kodi\\addons\\plugin.video.themoviedb.helper\\/resources/icons/themoviedb/default.png",
      "path": "plugin://plugin.video.themoviedb.helper/?info=trakt_userlist&list_name=%d7%a1%d7%a8%d7%98%d7%99%d7%9d%202&list_slug=2&plugin_category=%d7%a1%d7%a8%d7%98%d7%99%d7%9d%202&user_slug=moshep155"
    },
    {
      "name": "\u05e1\u05e8\u05d8\u05d9\u05dd 3",
      "icon": "C:\\Users\\neta\\AppData\\Roaming\\Kodi\\addons\\plugin.video.themoviedb.helper\\/resources/icons/themoviedb/default.png",
      "path": "plugin://plugin.video.themoviedb.helper/?info=trakt_userlist&list_name=%d7%a1%d7%a8%d7%98%d7%99%d7%9d%203&list_slug=3&plugin_category=%d7%a1%d7%a8%d7%98%d7%99%d7%9d%203&user_slug=moshep155"
    },
    {
      "name": "\u05e1\u05e8\u05d8\u05d9\u05dd 4",
      "icon": "C:\\Users\\neta\\AppData\\Roaming\\Kodi\\addons\\plugin.video.themoviedb.helper\\/resources/icons/themoviedb/default.png",
      "path": "plugin://plugin.video.themoviedb.helper/?info=trakt_userlist&list_name=%d7%a1%d7%a8%d7%98%d7%99%d7%9d%204&list_slug=4-24248032&plugin_category=%d7%a1%d7%a8%d7%98%d7%99%d7%9d%204&user_slug=moshep155"
    },
    {
      "name": "\u05e1\u05e8\u05d8\u05d9\u05dd 5",
      "icon": "C:\\Users\\neta\\AppData\\Roaming\\Kodi\\addons\\plugin.video.themoviedb.helper\\/resources/icons/themoviedb/default.png",
      "path": "plugin://plugin.video.themoviedb.helper/?info=trakt_userlist&list_name=%d7%a1%d7%a8%d7%98%d7%99%d7%9d%205&list_slug=5-24248030&plugin_category=%d7%a1%d7%a8%d7%98%d7%99%d7%9d%205&user_slug=moshep155"
    },
    {
      "name": "\u05e1\u05e8\u05d8\u05d9\u05dd 6",
      "icon": "C:\\Users\\neta\\AppData\\Roaming\\Kodi\\addons\\plugin.video.themoviedb.helper\\/resources/icons/themoviedb/default.png",
      "path": "plugin://plugin.video.themoviedb.helper/?info=trakt_userlist&list_name=%d7%a1%d7%a8%d7%98%d7%99%d7%9d%206&list_slug=6-25951698&plugin_category=%d7%a1%d7%a8%d7%98%d7%99%d7%9d%206&user_slug=moshep155"
    },
    {
      "name": "\u05d1\u05e7\u05d5\u05dc\u05e0\u05d5\u05e2",
      "icon": "C:\\Users\\neta\\AppData\\Roaming\\Kodi\\addons\\plugin.video.themoviedb.helper\\/resources/icons/themoviedb/default.png",
      "path": "plugin://plugin.video.themoviedb.helper/?info=trakt_userlist&list_name=%d7%a1%d7%a8%d7%98%d7%99%d7%9d%20%d7%91%d7%a7%d7%95%d7%9c%d7%a0%d7%95%d7%a2&list_slug=24248036&plugin_category=%d7%a1%d7%a8%d7%98%d7%99%d7%9d%20%d7%91%d7%a7%d7%95%d7%9c%d7%a0%d7%95%d7%a2&user_slug=moshep155"
    },
    {
      "name": "\u05d3\u05d5\u05e7\u05d5\u05de\u05e0\u05d8\u05e8\u05d9\u05dd",
      "icon": "C:\\Users\\neta\\AppData\\Roaming\\Kodi\\addons\\plugin.video.themoviedb.helper\\/resources/icons/themoviedb/default.png",
      "path": "plugin://plugin.video.themoviedb.helper/?info=trakt_userlist&list_name=%d7%a1%d7%a8%d7%98%d7%99%d7%9d%20%d7%93%d7%95%d7%a7%d7%95%d7%9e%d7%a0%d7%98%d7%a8%d7%99%d7%9d&list_slug=24248033&plugin_category=%d7%a1%d7%a8%d7%98%d7%99%d7%9d%20%d7%93%d7%95%d7%a7%d7%95%d7%9e%d7%a0%d7%98%d7%a8%d7%99%d7%9d&user_slug=moshep155"
    },
    {
      "name": "\u05e0\u05d8\u05e4\u05dc\u05d9\u05e7\u05e1",
      "icon": "C:\\Users\\neta\\AppData\\Roaming\\Kodi\\addons\\plugin.video.themoviedb.helper\\/resources/icons/themoviedb/default.png",
      "path": "plugin://plugin.video.themoviedb.helper/?info=trakt_userlist&list_name=%d7%a1%d7%a8%d7%98%d7%99%d7%9d%20%d7%a0%d7%98%d7%a4%d7%9c%d7%99%d7%a7%d7%a1&list_slug=4feb49e9-57d5-493b-ae51-8e182cbe936d&plugin_category=%d7%a1%d7%a8%d7%98%d7%99%d7%9d%20%d7%a0%d7%98%d7%a4%d7%9c%d7%99%d7%a7%d7%a1&user_slug=boheshbashoko"
    },
    {
      "name": "\u05e1\u05e8\u05d8\u05d9 \u05de\u05dc\u05d7\u05de\u05d4",
      "icon": "C:\\Users\\neta\\AppData\\Roaming\\Kodi\\addons\\plugin.video.themoviedb.helper\\/resources/icons/themoviedb/default.png",
      "path": "plugin://plugin.video.themoviedb.helper/?info=trakt_userlist&list_name=War%20Movies&list_slug=war-movies&plugin_category=War%20Movies&user_slug=rizreflects"
    },
    {
      "name": "\u05e1\u05e8\u05d8\u05d9\u05dd \u05de\u05d5\u05ea\u05d7\u05df",
      "icon": "C:\\Users\\neta\\AppData\\Roaming\\Kodi\\addons\\plugin.video.themoviedb.helper\\/resources/icons/themoviedb/default.png",
      "path": "plugin://plugin.video.themoviedb.helper/?info=trakt_userlist&list_name=%d7%a1%d7%a8%d7%98%d7%99%d7%9d%20%d7%9e%d7%95%d7%aa%d7%97%d7%9f&list_slug=dd512763-f011-4a13-8a58-41a2bd1fdde7&plugin_category=%d7%a1%d7%a8%d7%98%d7%99%d7%9d%20%d7%9e%d7%95%d7%aa%d7%97%d7%9f&user_slug=moshep156"
    },
    {
      "name": "\u05e1\u05e8\u05d8\u05d9\u05dd \u05e8\u05d5\u05de\u05e0\u05d8\u05d9\u05dd",
      "icon": "C:\\Users\\neta\\AppData\\Roaming\\Kodi\\addons\\plugin.video.themoviedb.helper\\/resources/icons/themoviedb/default.png",
      "path": "plugin://plugin.video.themoviedb.helper/?info=trakt_userlist&list_name=%d7%a1%d7%a8%d7%98%d7%99%d7%9d%20%d7%a8%d7%95%d7%9e%d7%a0%d7%98%d7%99%d7%9d&list_slug=c5dc4764-013e-4ddb-8da4-333b5b7ca3bb&plugin_category=%d7%a1%d7%a8%d7%98%d7%99%d7%9d%20%d7%a8%d7%95%d7%9e%d7%a0%d7%98%d7%99%d7%9d&user_slug=moshep156"
    },
    {
      "name": "\u05e1\u05e8\u05d8\u05d9 \u05e7\u05d5\u05de\u05d3\u05d9\u05d4",
      "icon": "C:\\Users\\neta\\AppData\\Roaming\\Kodi\\addons\\plugin.video.themoviedb.helper\\/resources/icons/themoviedb/default.png",
      "path": "plugin://plugin.video.themoviedb.helper/?info=trakt_userlist&list_name=%d7%a1%d7%a8%d7%98%d7%99%20%d7%a7%d7%95%d7%9e%d7%93%d7%99%d7%94&list_slug=b409fc10-eb39-4af9-b161-d95d606bb4e2&plugin_category=%d7%a1%d7%a8%d7%98%d7%99%20%d7%a7%d7%95%d7%9e%d7%93%d7%99%d7%94&user_slug=moshep156"
    },
    {
      "name": "\u05e1\u05e8\u05d8\u05d9 \u05e4\u05e2\u05d5\u05dc\u05d4",
      "icon": "C:\\Users\\neta\\AppData\\Roaming\\Kodi\\addons\\plugin.video.themoviedb.helper\\/resources/icons/themoviedb/default.png",
      "path": "plugin://plugin.video.themoviedb.helper/?info=trakt_userlist&list_name=%d7%a1%d7%a8%d7%98%d7%99%20%d7%a4%d7%a2%d7%95%d7%9c%d7%94&list_slug=27309045&plugin_category=%d7%a1%d7%a8%d7%98%d7%99%20%d7%a4%d7%a2%d7%95%d7%9c%d7%94&user_slug=moshep156"
    },
    {
      "name": "\u05e1\u05e8\u05d8\u05d9 \u05de\u05e9\u05e4\u05d7\u05d4",
      "icon": "C:\\Users\\neta\\AppData\\Roaming\\Kodi\\addons\\plugin.video.themoviedb.helper\\/resources/icons/themoviedb/default.png",
      "path": "plugin://plugin.video.themoviedb.helper/?info=trakt_userlist&list_name=%d7%a1%d7%a8%d7%98%d7%99%20%d7%9e%d7%a9%d7%a4%d7%97%d7%94&list_slug=0cc4a94b-d326-4f9f-bdfe-56de7b62b281&plugin_category=%d7%a1%d7%a8%d7%98%d7%99%20%d7%9e%d7%a9%d7%a4%d7%97%d7%94&user_slug=moshep156"
    },
    {
      "name": "\u05e1\u05e8\u05d8\u05d9\u05dd \u05d9\u05e9\u05e8\u05d0\u05dc\u05d9\u05dd",
      "icon": "C:\\Users\\neta\\AppData\\Roaming\\Kodi\\addons\\plugin.video.themoviedb.helper\\/resources/icons/themoviedb/default.png",
      "path": "plugin://plugin.video.themoviedb.helper/?info=discover&tmdb_id=None&tmdb_type=movie&with_id=True&with_original_language=he"
    },
    {
      "name": "\u05e1\u05e8\u05d8\u05d9 \u05d0\u05e0\u05d9\u05de\u05e6\u05d9\u05d4 \u05dc\u05d9\u05dc\u05d3\u05d9\u05dd",
      "icon": "C:\\Users\\neta\\AppData\\Roaming\\Kodi\\addons\\plugin.video.themoviedb.helper\\/resources/icons/themoviedb/default.png",
      "path": "plugin://plugin.video.themoviedb.helper/?info=trakt_userlist&list_name=%d7%a1%d7%a8%d7%98%d7%99%20%d7%90%d7%a0%d7%99%d7%9e%d7%a6%d7%99%d7%94%20%d7%9c%d7%99%d7%9c%d7%93%d7%99%d7%9d&list_slug=24248034&owner=true&plugin_category=%d7%a1%d7%a8%d7%98%d7%99%20%d7%90%d7%a0%d7%99%d7%9e%d7%a6%d7%99%d7%94%20%d7%9c%d7%99%d7%9c%d7%93%d7%99%d7%9d&user_slug=moshep155"
    },
    {
      "name": "\u05e1\u05e8\u05d8\u05d9\u05dd \u05de\u05d3\u05d5\u05d1\u05d1\u05d9\u05dd \u05dc\u05d9\u05dc\u05d3\u05d9\u05dd",
      "icon": "C:\\Users\\neta\\AppData\\Roaming\\Kodi\\addons\\plugin.video.themoviedb.helper\\/resources/icons/themoviedb/default.png",
      "path": "plugin://plugin.video.themoviedb.helper/?info=trakt_userlist&list_name=%d7%a1%d7%a8%d7%98%d7%99%d7%9d%20%d7%9e%d7%93%d7%95%d7%91%d7%91%d7%99%d7%9d%20%d7%9c%d7%99%d7%9c%d7%93%d7%99%d7%9d&list_slug=21189117&owner=true&plugin_category=%d7%a1%d7%a8%d7%98%d7%99%d7%9d%20%d7%9e%d7%93%d7%95%d7%91%d7%91%d7%99%d7%9d%20%d7%9c%d7%99%d7%9c%d7%93%d7%99%d7%9d&user_slug=moshep155"
    },
    {
      "name": "Kids Movies",
      "icon": "C:\\Users\\neta\\AppData\\Roaming\\Kodi\\addons\\plugin.video.themoviedb.helper\\/resources/icons/themoviedb/default.png",
      "path": "plugin://plugin.video.themoviedb.helper/?info=trakt_userlist&list_name=Kids%20Movies&list_slug=kids-movies&plugin_category=Kids%20Movies&user_slug=slimshizn"
    },
    {
      "name": "Popular Kids Movies",
      "icon": "C:\\Users\\neta\\AppData\\Roaming\\Kodi\\addons\\plugin.video.themoviedb.helper\\/resources/icons/themoviedb/default.png",
      "path": "plugin://plugin.video.themoviedb.helper/?info=trakt_userlist&list_name=Popular%20Kids%20Movies&list_slug=popular-kids-movies&plugin_category=Popular%20Kids%20Movies&user_slug=goran1989"
    },
    {
      "name": "KIds Movies 50+",
      "icon": "C:\\Users\\neta\\AppData\\Roaming\\Kodi\\addons\\plugin.video.themoviedb.helper\\/resources/icons/themoviedb/default.png",
      "path": "plugin://plugin.video.themoviedb.helper/?info=trakt_userlist&list_name=KIds%20Movies%2050%2b&list_slug=kids-movies-50&plugin_category=KIds%20Movies%2050%2b&user_slug=ishalioh"
    },
    {
      "name": "\u05d0\u05e0\u05d9\u05de\u05e6\u05d9\u05d4",
      "icon": "C:\\Users\\neta\\AppData\\Roaming\\Kodi\\addons\\plugin.video.themoviedb.helper\\/resources/icons/themoviedb/default.png",
      "path": "plugin://plugin.video.themoviedb.helper/?info=discover&tmdb_type=movie&with_genres=16&with_id=True"
    },
    {
      "name": "מועדפים",
      "icon": "C:\\Users\\neta\\AppData\\Roaming\\Kodi\\addons\\plugin.video.themoviedb.helper\\/resources/icons/trakt/watchlist.png",
      "path": "plugin://plugin.video.themoviedb.helper/?info=trakt_favorites&list_name=%5bB%5d%d7%a1%d7%a8%d7%98%d7%99%d7%9d%5b%2fB%5d%20%d7%9e%d7%95%d7%a2%d7%93%d7%a4%d7%99%d7%9d&tmdb_type=movie"
    },
    {
      "name": "Watchlist",
      "icon": "C:\\Users\\neta\\AppData\\Roaming\\Kodi\\addons\\plugin.video.themoviedb.helper\\/resources/icons/trakt/watchlist.png",
      "path": "plugin://plugin.video.themoviedb.helper/?info=trakt_watchlist&list_name=Watchlist&tmdb_type=movie"
    },
    {
      "name": "Hallmark",
      "icon": "C:\\Users\\neta\\AppData\\Roaming\\Kodi\\addons\\plugin.video.themoviedb.helper\\/resources/icons/themoviedb/default.png",
      "path": "plugin://plugin.video.themoviedb.helper/?info=trakt_userlist&list_name=HallmarkAllMovies&list_slug=hallmarkallmovies&plugin_category=HallmarkAllMovies&user_slug=marko8426"
    },
    {
      "name": "\u05d7\u05d9\u05e4\u05d5\u05e9 [B]\u05e1\u05e8\u05d8\u05d9\u05dd[/B]",
      "icon": "C:\\Users\\neta\\AppData\\Roaming\\Kodi\\addons\\plugin.video.themoviedb.helper\\/resources/icons/themoviedb/search.png",
      "path": "plugin://plugin.video.themoviedb.helper/?info=search&tmdb_id=None&tmdb_type=movie"
    }
  ]
}