{
  "name": "movielists",
  "icon": "",
  "list": [
    {
      "name": "Family Movies (Top Rated From 1980 to Today)",
      "icon": "C:\\Users\\neta\\AppData\\Roaming\\Kodi\\addons\\plugin.video.themoviedb.helper\\/resources/icons/themoviedb/default.png",
      "path": "plugin://plugin.video.themoviedb.helper/?info=trakt_userlist&list_name=Family%20Movies%20(Top%20Rated%20From%201980%20to%20Today)&list_slug=family-movies-top-rated-from-1980-to-today&plugin_category=Family%20Movies%20(Top%20Rated%20From%201980%20to%20Today)&user_slug=hdlists"
    },
    {
      "name": "Romantic Comedies",
      "icon": "C:\\Users\\neta\\AppData\\Roaming\\Kodi\\addons\\plugin.video.themoviedb.helper\\/resources/icons/themoviedb/default.png",
      "path": "plugin://plugin.video.themoviedb.helper/?info=trakt_userlist&list_name=Romantic%20Comedies&list_slug=romantic-comedies&plugin_category=Romantic%20Comedies&user_slug=hammers-lists"
    },
    {
      "name": "Romantic Comedies",
      "icon": "C:\\Users\\neta\\AppData\\Roaming\\Kodi\\addons\\plugin.video.themoviedb.helper\\/resources/icons/themoviedb/default.png",
      "path": "plugin://plugin.video.themoviedb.helper/?info=trakt_userlist&list_name=Romantic%20Comedies&list_slug=romantic-comedies&plugin_category=Romantic%20Comedies&user_slug=29zombies"
    },
    {
      "name": "Romantic",
      "icon": "C:\\Users\\neta\\AppData\\Roaming\\Kodi\\addons\\plugin.video.themoviedb.helper\\/resources/icons/themoviedb/default.png",
      "path": "plugin://plugin.video.themoviedb.helper/?info=trakt_userlist&list_name=Romantic&list_slug=romantic&plugin_category=Romantic&user_slug=aag"
    },
    {
      "name": "New Romantic Comedies",
      "icon": "C:\\Users\\neta\\AppData\\Roaming\\Kodi\\addons\\plugin.video.themoviedb.helper\\/resources/icons/themoviedb/default.png",
      "path": "plugin://plugin.video.themoviedb.helper/?info=trakt_userlist&list_name=New%20Romantic%20Comedies&list_slug=new-romantic-comedies&plugin_category=New%20Romantic%20Comedies&user_slug=mattm382"
    },
    {
      "name": "Romantic Comedy Films",
      "icon": "C:\\Users\\neta\\AppData\\Roaming\\Kodi\\addons\\plugin.video.themoviedb.helper\\/resources/icons/themoviedb/default.png",
      "path": "plugin://plugin.video.themoviedb.helper/?info=trakt_userlist&list_name=Romantic%20Comedy%20Films&list_slug=romantic-comedy-films&plugin_category=Romantic%20Comedy%20Films&user_slug=sarah-litherland12"
    },
    {
      "name": "Bollywood Romantic Comedies",
      "icon": "C:\\Users\\neta\\AppData\\Roaming\\Kodi\\addons\\plugin.video.themoviedb.helper\\/resources/icons/themoviedb/default.png",
      "path": "plugin://plugin.video.themoviedb.helper/?info=trakt_userlist&list_name=Bollywood%20Romantic%20Comedies&list_slug=bollywood-romantic-comedies&plugin_category=Bollywood%20Romantic%20Comedies&user_slug=apollocat"
    },
    {
      "name": "Romantic Movies (1980-Now)",
      "icon": "C:\\Users\\neta\\AppData\\Roaming\\Kodi\\addons\\plugin.video.themoviedb.helper\\/resources/icons/themoviedb/default.png",
      "path": "plugin://plugin.video.themoviedb.helper/?info=trakt_userlist&list_name=Romantic%20Movies%20(1980-Now)&list_slug=romantic-movies-1980-now&plugin_category=Romantic%20Movies%20(1980-Now)&user_slug=pdximportracer"
    }
  ]
}