{
  "name": "moviesgenres",
  "icon": "",
  "list": [
    {
      "name": "\u05e9\u05d7\u05e8\u05d5\u05e8\u05d9\u05dd \u05d0\u05d7\u05e8\u05d5\u05e0\u05d9\u05dd",
      "icon": "C:\\Users\\Netag\\AppData\\Roaming\\Kodi\\addons\\plugin.video.themoviedb.helper\\/resources/icons/themoviedb/default.png",
      "path": "plugin://plugin.video.themoviedb.helper/?info=trakt_userlist&list_name=Latest%20Releases&list_slug=latest-releases&plugin_category=Latest%20Releases&user_slug=MaxtronTV"
    },
    {
      "name": "\u05e0\u05d8\u05e4\u05dc\u05d9\u05e7\u05e1 \u05e1\u05e8\u05d8\u05d9\u05dd",
      "icon": "C:\\Users\\Netag\\AppData\\Roaming\\Kodi\\addons\\plugin.video.themoviedb.helper\\/resources/icons/themoviedb/default.png",
      "path": "plugin://plugin.video.themoviedb.helper/?info=trakt_userlist&list_name=Action%20%26%20Adventure%20Movies&list_slug=action-adventure-movies&plugin_category=Action%20%26%20Adventure%20Movies&user_slug=MaxtronTV"
    },
    {
      "name": "\u05d1\u05d9\u05d5\u05d2\u05e8\u05e4\u05d9\u05d4 \u05e1\u05e8\u05d8\u05d9\u05dd",
      "icon": "C:\\Users\\Netag\\AppData\\Roaming\\Kodi\\addons\\plugin.video.themoviedb.helper\\/resources/icons/themoviedb/default.png",
      "path": "plugin://plugin.video.themoviedb.helper/?info=trakt_userlist&list_name=Biography%20Movies&list_slug=biography-movies&plugin_category=Biography%20Movies&user_slug=MaxtronTV"
    },
    {
      "name": "\u05e7\u05d5\u05de\u05d3\u05d9\u05d4 \u05e1\u05e8\u05d8\u05d9\u05dd",
      "icon": "C:\\Users\\Netag\\AppData\\Roaming\\Kodi\\addons\\plugin.video.themoviedb.helper\\/resources/icons/themoviedb/default.png",
      "path": "plugin://plugin.video.themoviedb.helper/?info=trakt_userlist&list_name=Comedy%20Movies&list_slug=comedy-movies&plugin_category=Comedy%20Movies&user_slug=MaxtronTV"
    },
    {
      "name": "\u05d3\u05d5\u05e7\u05d5 \u05e1\u05e8\u05d8\u05d9\u05dd",
      "icon": "C:\\Users\\Netag\\AppData\\Roaming\\Kodi\\addons\\plugin.video.themoviedb.helper\\/resources/icons/themoviedb/default.png",
      "path": "plugin://plugin.video.themoviedb.helper/?info=trakt_userlist&list_name=Documentary%20Movies&list_slug=documentary-movies&plugin_category=Documentary%20Movies&user_slug=MaxtronTV"
    },
    {
      "name": "\u05d3\u05e8\u05de\u05d4 \u05e1\u05e8\u05d8\u05d9\u05dd",
      "icon": "C:\\Users\\Netag\\AppData\\Roaming\\Kodi\\addons\\plugin.video.themoviedb.helper\\/resources/icons/themoviedb/default.png",
      "path": "plugin://plugin.video.themoviedb.helper/?info=trakt_userlist&list_name=Drama%20Movies&list_slug=drama-movies&plugin_category=Drama%20Movies&user_slug=MaxtronTV"
    },
    {
      "name": "\u05de\u05e9\u05e4\u05d7\u05d4 \u05e1\u05e8\u05d8\u05d9\u05dd",
      "icon": "C:\\Users\\Netag\\AppData\\Roaming\\Kodi\\addons\\plugin.video.themoviedb.helper\\/resources/icons/themoviedb/default.png",
      "path": "plugin://plugin.video.themoviedb.helper/?info=trakt_userlist&list_name==Family%20Movies&list_slug=family-movies&plugin_category=Family%20Movies&user_slug=MaxtronTV"
    },
    {
      "name": "\u05e4\u05e0\u05d8\u05d6\u05d9\u05d4 \u05e1\u05e8\u05d8\u05d9\u05dd",
      "icon": "C:\\Users\\Netag\\AppData\\Roaming\\Kodi\\addons\\plugin.video.themoviedb.helper\\/resources/icons/themoviedb/default.png",
      "path": "plugin://plugin.video.themoviedb.helper/?info=trakt_userlist&list_name==Fantasy%20Movies&list_slug=fantasy-movies&plugin_category=Fantasy%20Movies&user_slug=MaxtronTV"
    },
    {
      "name": "\u05d4\u05d9\u05e1\u05d8\u05d5\u05e8\u05d9\u05d4 \u05e1\u05e8\u05d8\u05d9\u05dd",
      "icon": "C:\\Users\\Netag\\AppData\\Roaming\\Kodi\\addons\\plugin.video.themoviedb.helper\\/resources/icons/themoviedb/default.png",
      "path": "plugin://plugin.video.themoviedb.helper/?info=trakt_userlist&list_name==History%20Movies&list_slug=history-movies&plugin_category=History%20Movies&user_slug=MaxtronTV"
    },
    {
      "name": "\u05e8\u05d5\u05de\u05e0\u05d8\u05d9 \u05e1\u05e8\u05d8\u05d9\u05dd",
      "icon": "C:\\Users\\Netag\\AppData\\Roaming\\Kodi\\addons\\plugin.video.themoviedb.helper\\/resources/icons/themoviedb/default.png",
      "path": "plugin://plugin.video.themoviedb.helper/?info=trakt_userlist&list_name==Romance%20Movies&list_slug=romance-movies&plugin_category=Romance%20Movies&user_slug=MaxtronTV"
    },
    {
      "name": "\u05de\u05d1\u05d5\u05e1\u05e1 \u05e2\u05dc \u05e1\u05e4\u05e8\u05d9\u05dd",
      "icon": "C:\\Users\\Netag\\AppData\\Roaming\\Kodi\\addons\\plugin.video.themoviedb.helper\\/resources/icons/themoviedb/default.png",
      "path": "plugin://plugin.video.themoviedb.helper/?info=trakt_userlist&list_name=Based%20on%20a%20Book%20Movies&list_slug=based-on-a-book-movies&plugin_category=Based%20on%20a%20Book%20Movies&user_slug=maxtrontv"
    },
    {
      "name": "Sratim - \u05e1\u05e8\u05d8\u05d9\u05dd - wizdom ktuvit",
      "icon": "C:\\Users\\Netag\\AppData\\Roaming\\Kodi\\addons\\plugin.video.themoviedb.helper\\/resources/icons/themoviedb/default.png",
      "path": "plugin://plugin.video.themoviedb.helper/?info=trakt_userlist&list_name=Sratim%20-%20%d7%a1%d7%a8%d7%98%d7%99%d7%9d%20-%20wizdom%20ktuvit&list_slug=sratim-wizdom-ktuvit&plugin_category=Sratim%20-%20%d7%a1%d7%a8%d7%98%d7%99%d7%9d%20-%20wizdom%20ktuvit&user_slug=drorg"
    }
  ]
}