{
  "name": "networks",
  "icon": "",
  "list": [
    {
      "name": "National Geographic",
      "icon": "https://assets-cdn.nationalgeographic.com/natgeo/static/default.NG.logo.dark.jpg",
      "path": "plugin://plugin.video.themoviedb.helper/?info=discover&plugin_category=National%20Geographic&tmdb_type=tv&with_id=True&with_networks=43"
    },
    {
      "name": "HOT3",
      "icon": "https://encrypted-tbn0.gstatic.com/images?q=tbn:ANd9GcScdM6KHs71PMdZ9-0Ql4lS9sSjmaS81U9iHw&s",
      "path": "plugin://plugin.video.themoviedb.helper/?info=discover&plugin_category=HOT3&tmdb_type=tv&with_id=True&with_networks=363"
    },
    {
      "name": "yes",
      "icon": "https://pic1.calcalist.co.il/picserver3/crop_images/2025/03/17/B1sYXgL3Je/B1sYXgL3Je_0_0_960_540_0_x-large.jpg",
      "path": "plugin://plugin.video.themoviedb.helper/?info=discover&plugin_category=yes&tmdb_type=tv&with_id=True&with_networks=644"
    },
    {
      "name": "Latest Netflix TV Shows",
      "icon": "C:\\Users\\Netag\\AppData\\Roaming\\Kodi\\addons\\plugin.video.themoviedb.helper\\/resources/icons/themoviedb/default.png",
      "path": "plugin://plugin.video.themoviedb.helper/?info=trakt_userlist&list_name=Latest%20Netflix%20TV%20Shows&list_slug=latest-netflix-tv-shows&plugin_category=Latest%20Netflix%20TV%20Shows&user_slug=snoak"
    },
    {
      "name": "Hulu Shows",
      "icon": "C:\\Users\\Netag\\AppData\\Roaming\\Kodi\\addons\\plugin.video.themoviedb.helper\\/resources/icons/themoviedb/default.png",
      "path": "plugin://plugin.video.themoviedb.helper/?info=trakt_userlist&list_name=Hulu%20Shows&list_slug=hulu-shows&plugin_category=Hulu%20Shows&user_slug=garycrawfordgc"
    },
    {
      "name": "Amazon Prime",
      "icon": "C:\\Users\\Netag\\AppData\\Roaming\\Kodi\\addons\\plugin.video.themoviedb.helper\\/resources/icons/themoviedb/default.png",
      "path": "plugin://plugin.video.themoviedb.helper/?info=trakt_userlist&list_name=Amazon%20Prime&list_slug=amazon-prime&plugin_category=Amazon%20Prime&user_slug=leepmc1984"
    },
    {
      "name": "Apple + TV",
      "icon": "C:\\Users\\Netag\\AppData\\Roaming\\Kodi\\addons\\plugin.video.themoviedb.helper\\/resources/icons/themoviedb/default.png",
      "path": "plugin://plugin.video.themoviedb.helper/?info=trakt_userlist&list_name=Apple%20%2b%20TV&list_slug=apple-tv&plugin_category=Apple%20%2b%20TV&user_slug=sblair77"
    },
    {
      "name": "National Geographic Network",
      "icon": "C:\\Users\\Netag\\AppData\\Roaming\\Kodi\\addons\\plugin.video.themoviedb.helper\\/resources/icons/themoviedb/default.png",
      "path": "plugin://plugin.video.themoviedb.helper/?info=trakt_userlist&list_name=National%20Geographic%20Network&list_slug=national-geographic-network&plugin_category=National%20Geographic%20Network&user_slug=jarvis-12983682"
    }
  ]
}