{
  "name": "networks",
  "icon": "",
  "list": [
    {
      "name": "National Geographic",
      "icon": "https://assets-cdn.nationalgeographic.com/natgeo/static/default.NG.logo.dark.jpg",
      "path": "plugin://plugin.video.themoviedb.helper/?info=discover&plugin_category=National%20Geographic&tmdb_type=tv&with_id=True&with_networks=43"
    },
    {
      "name": "HOT3",
      "icon": "https://encrypted-tbn0.gstatic.com/images?q=tbn:ANd9GcScdM6KHs71PMdZ9-0Ql4lS9sSjmaS81U9iHw&s",
      "path": "plugin://plugin.video.themoviedb.helper/?info=discover&plugin_category=HOT3&tmdb_type=tv&with_id=True&with_networks=363"
    },
    {
      "name": "yes",
      "icon": "https://pic1.calcalist.co.il/picserver3/crop_images/2025/03/17/B1sYXgL3Je/B1sYXgL3Je_0_0_960_540_0_x-large.jpg",
      "path": "plugin://plugin.video.themoviedb.helper/?info=discover&plugin_category=yes&tmdb_type=tv&with_id=True&with_networks=644"
    }
  ]
}