{
  "name": "network1",
  "icon": "",
  "list": [
    {
      "name": "Paramount+",
      "icon": "C:\\Users\\neta\\AppData\\Roaming\\Kodi\\addons\\plugin.video.themoviedb.helper\\/resources/icons/themoviedb/default.png",
      "path": "plugin://plugin.video.themoviedb.helper/?info=discover&plugin_category=Paramount%2b&tmdb_type=tv&with_id=True&with_networks=4330"
    },
    {
      "name": "Peacock",
      "icon": "C:\\Users\\neta\\AppData\\Roaming\\Kodi\\addons\\plugin.video.themoviedb.helper\\/resources/icons/themoviedb/default.png",
      "path": "plugin://plugin.video.themoviedb.helper/?info=discover&plugin_category=Peacock&tmdb_type=tv&with_id=True&with_networks=3353"
    },
    {
      "name": "Peacock",
      "icon": "C:\\Users\\neta\\AppData\\Roaming\\Kodi\\addons\\plugin.video.themoviedb.helper\\/resources/icons/themoviedb/default.png",
      "path": "plugin://plugin.video.themoviedb.helper/?info=trakt_userlist&list_name=Peacock&list_slug=peacock&plugin_category=Peacock&user_slug=lendricklamar"
    },
    {
      "name": "HBOMax",
      "icon": "C:\\Users\\neta\\AppData\\Roaming\\Kodi\\addons\\plugin.video.themoviedb.helper\\/resources/icons/themoviedb/default.png",
      "path": "plugin://plugin.video.themoviedb.helper/?info=trakt_userlist&list_name=HBOMax%20Shows&list_slug=hbomax-shows&plugin_category=HBOMax%20Shows&user_slug=plexmetamanager"
    },
    {
      "name": "Paramount+",
      "icon": "C:\\Users\\neta\\AppData\\Roaming\\Kodi\\addons\\plugin.video.themoviedb.helper\\/resources/icons/themoviedb/default.png",
      "path": "plugin://plugin.video.themoviedb.helper/?info=trakt_userlist&list_name=Paramount%2b%20Shows&list_slug=paramount-shows&plugin_category=Paramount%2b%20Shows&user_slug=plexmetamanager"
    },
    {
      "name": "ראנדומלי",
      "icon": "C:\\Users\\neta\\AppData\\Roaming\\Kodi\\addons\\plugin.video.themoviedb.helper\\/resources/icons/trakt/mostplayed.png",
      "path": "plugin://plugin.video.themoviedb.helper/?info=random_mostviewers&tmdb_type=tv"
    }
  ]
}