{
  "name": "network",
  "icon": "",
  "list": [
    {
      "name": "\u05e0\u05d8\u05e4\u05dc\u05d9\u05e7\u05e1 1",
      "icon": "C:\\Users\\neta\\AppData\\Roaming\\Kodi\\addons\\plugin.video.themoviedb.helper\\/resources/icons/themoviedb/default.png",
      "path": "plugin://plugin.video.themoviedb.helper/?info=trakt_userlist&list_name=%d7%a1%d7%93%d7%a8%d7%95%d7%aa%20%d7%a0%d7%98%d7%a4%d7%9c%d7%99%d7%a7%d7%a1%201&list_slug=1-23998501&plugin_category=%d7%a1%d7%93%d7%a8%d7%95%d7%aa%20%d7%a0%d7%98%d7%a4%d7%9c%d7%99%d7%a7%d7%a1%201&user_slug=moshep15"
    },
    {
      "name": "\u05e0\u05d8\u05e4\u05dc\u05d9\u05e7\u05e1 2",
      "icon": "C:\\Users\\neta\\AppData\\Roaming\\Kodi\\addons\\plugin.video.themoviedb.helper\\/resources/icons/themoviedb/default.png",
      "path": "plugin://plugin.video.themoviedb.helper/?info=trakt_userlist&list_name=Netflix%20Shows&list_slug=netflix-shows&plugin_category=Netflix%20Shows&user_slug=plexmetamanager"
    },
    {
      "name": "\u05d4\u05d5\u05dc\u05d5",
      "icon": "C:\\Users\\neta\\AppData\\Roaming\\Kodi\\addons\\plugin.video.themoviedb.helper\\/resources/icons/themoviedb/default.png",
      "path": "plugin://plugin.video.themoviedb.helper/?info=trakt_userlist&list_name=%d7%a1%d7%93%d7%a8%d7%95%d7%aa%20%d7%94%d7%95%d7%9c%d7%95&list_slug=24519042&plugin_category=%d7%a1%d7%93%d7%a8%d7%95%d7%aa%20%d7%94%d7%95%d7%9c%d7%95&user_slug=moshep15"
    },
    {
      "name": "\u05d0\u05e4\u05dc \u05d8\u05d9\u05d5\u05d9",
      "icon": "C:\\Users\\neta\\AppData\\Roaming\\Kodi\\addons\\plugin.video.themoviedb.helper\\/resources/icons/themoviedb/default.png",
      "path": "plugin://plugin.video.themoviedb.helper/?info=trakt_userlist&list_name=%d7%a1%d7%93%d7%a8%d7%95%d7%aa%20Apple%20%2b&list_slug=apple&plugin_category=%d7%a1%d7%93%d7%a8%d7%95%d7%aa%20Apple%20%2b&user_slug=moshep15"
    },
    {
      "name": "\u05d0\u05de\u05d6\u05d5\u05df \u05e4\u05e8\u05d9\u05d9\u05dd",
      "icon": "C:\\Users\\neta\\AppData\\Roaming\\Kodi\\addons\\plugin.video.themoviedb.helper\\/resources/icons/themoviedb/default.png",
      "path": "plugin://plugin.video.themoviedb.helper/?info=trakt_userlist&list_name=%d7%a1%d7%93%d7%a8%d7%95%d7%aa%20AMAZON%20PRIME&list_slug=amazon-prime&plugin_category=%d7%a1%d7%93%d7%a8%d7%95%d7%aa%20AMAZON%20PRIME&user_slug=moshep15"
    },
    {
      "name": "דיסני +",
      "icon": "C:\\Users\\neta\\AppData\\Roaming\\Kodi\\addons\\plugin.video.themoviedb.helper\\/resources/icons/themoviedb/default.png",
      "path": "plugin://plugin.video.themoviedb.helper/?info=trakt_userlist&list_name=Disney%2b&list_slug=disney&plugin_category=Disney%2b&user_slug=rafster"
    }
  ]
}