{
  "name": "seriaslists",
  "icon": "",
  "list": [
    {
      "name": "Amazon Prime Shows",
      "icon": "C:\\Users\\neta\\AppData\\Roaming\\Kodi\\addons\\plugin.video.themoviedb.helper\\/resources/icons/themoviedb/default.png",
      "path": "plugin://plugin.video.themoviedb.helper/?info=trakt_userlist&list_name=Amazon%20Prime%20Shows&list_slug=amazon-prime-shows&plugin_category=Amazon%20Prime%20Shows&user_slug=garycrawfordgc"
    },
    {
      "name": "Latest TV Shows",
      "icon": "C:\\Users\\neta\\AppData\\Roaming\\Kodi\\addons\\plugin.video.themoviedb.helper\\/resources/icons/themoviedb/default.png",
      "path": "plugin://plugin.video.themoviedb.helper/?info=trakt_userlist&list_name=Latest%20TV%20Shows&list_slug=latest-tv-shows&plugin_category=Latest%20TV%20Shows&user_slug=hdlists"
    },
    {
      "name": "Hulu Shows",
      "icon": "C:\\Users\\neta\\AppData\\Roaming\\Kodi\\addons\\plugin.video.themoviedb.helper\\/resources/icons/themoviedb/default.png",
      "path": "plugin://plugin.video.themoviedb.helper/?info=trakt_userlist&list_name=Hulu%20Shows&list_slug=hulu-shows&plugin_category=Hulu%20Shows&user_slug=garycrawfordgc"
    },
    {
      "name": "BBC Shows",
      "icon": "C:\\Users\\neta\\AppData\\Roaming\\Kodi\\addons\\plugin.video.themoviedb.helper\\/resources/icons/themoviedb/default.png",
      "path": "plugin://plugin.video.themoviedb.helper/?info=trakt_userlist&list_name=BBC%20Shows&list_slug=bbc-shows&plugin_category=BBC%20Shows&user_slug=garycrawfordgc"
    },
    {
      "name": "Apple TV",
      "icon": "C:\\Users\\neta\\AppData\\Roaming\\Kodi\\addons\\plugin.video.themoviedb.helper\\/resources/icons/themoviedb/default.png",
      "path": "plugin://plugin.video.themoviedb.helper/?info=trakt_userlist&list_name=Apple%20TV&list_slug=apple-tv&plugin_category=Apple%20TV&user_slug=leepmc1984"
    },
    {
      "name": "Disney+ TV Shows/Series (2021\u20142025)",
      "icon": "C:\\Users\\neta\\AppData\\Roaming\\Kodi\\addons\\plugin.video.themoviedb.helper\\/resources/icons/themoviedb/default.png",
      "path": "plugin://plugin.video.themoviedb.helper/?info=trakt_userlist&list_name=Disney%2b%20TV%20Shows%2fSeries%20(2021%e2%80%942025)&list_slug=disney-tv-shows-series-2021-2025&plugin_category=Disney%2b%20TV%20Shows%2fSeries%20(2021%e2%80%942025)&user_slug=hdlists"
    },
    {
      "name": "Apple TV+",
      "icon": "C:\\Users\\neta\\AppData\\Roaming\\Kodi\\addons\\plugin.video.themoviedb.helper\\/resources/icons/themoviedb/default.png",
      "path": "plugin://plugin.video.themoviedb.helper/?info=trakt_userlist&list_name=Apple%20TV%2b&list_slug=apple-tv&plugin_category=Apple%20TV%2b&user_slug=adamosborne01"
    },
    {
      "name": "Netflix TV Shows/Series 2021-2025",
      "icon": "C:\\Users\\neta\\AppData\\Roaming\\Kodi\\addons\\plugin.video.themoviedb.helper\\/resources/icons/themoviedb/default.png",
      "path": "plugin://plugin.video.themoviedb.helper/?info=trakt_userlist&list_name=Netflix%20TV%20Shows%2fSeries%202021-2025&list_slug=netflix-tv-shows-series-2021-2025&plugin_category=Netflix%20TV%20Shows%2fSeries%202021-2025&user_slug=hdlists"
    },
    {
      "name": "Best BBC Wildlife and Nature Documentaries",
      "icon": "C:\\Users\\neta\\AppData\\Roaming\\Kodi\\addons\\plugin.video.themoviedb.helper\\/resources/icons/themoviedb/default.png",
      "path": "plugin://plugin.video.themoviedb.helper/?info=trakt_userlist&list_name=Best%20BBC%20Wildlife%20and%20Nature%20Documentaries&list_slug=best-bbc-wildlife-and-nature-documentaries&plugin_category=Best%20BBC%20Wildlife%20and%20Nature%20Documentaries&user_slug=majeed_pk"
    },
    {
      "name": "David Attenborough",
      "icon": "https://image.tmdb.org/t/p/w500/tt3LW3XftcvxOZtMXmIaJSWFN7y.jpg",
      "path": "plugin://plugin.video.themoviedb.helper/?info=related&tmdb_type=person&tmdb_id=86543"
    }
  ]
}