{
  "name": "seriasbygenres",
  "icon": "",
  "list": [
    {
      "name": "\u05e1\u05d3\u05e8\u05d5\u05ea \u05e7\u05d5\u05de\u05d3\u05d9\u05d4",
      "icon": "C:\\Users\\Netag\\AppData\\Roaming\\Kodi\\addons\\plugin.video.themoviedb.helper\\/resources/icons/themoviedb/default.png",
      "path": "plugin://plugin.video.themoviedb.helper/?info=trakt_userlist&list_name=Comedy%20TV%20Shows&list_slug=comedy-tv-shows&plugin_category=Comedy%20TV%20Shows&user_slug=maxtrontv"
    },
    {
      "name": "\u05e1\u05d3\u05e8\u05d5\u05ea \u05e4\u05e9\u05e2",
      "icon": "C:\\Users\\Netag\\AppData\\Roaming\\Kodi\\addons\\plugin.video.themoviedb.helper\\/resources/icons/themoviedb/default.png",
      "path": "plugin://plugin.video.themoviedb.helper/?info=trakt_userlist&list_name=Crime%20TV%20Shows&list_slug=crime-tv-shows&plugin_category=Crime%20TV%20Shows&user_slug=maxtrontv"
    },
    {
      "name": "\u05e1\u05d3\u05e8\u05d5\u05ea \u05d0\u05e7\u05e9\u05df / \u05d4\u05e8\u05e4\u05ea\u05e7\u05d0\u05d5\u05ea",
      "icon": "C:\\Users\\Netag\\AppData\\Roaming\\Kodi\\addons\\plugin.video.themoviedb.helper\\/resources/icons/themoviedb/default.png",
      "path": "plugin://plugin.video.themoviedb.helper/?info=trakt_userlist&list_name=Action%20%26%20Adventure%20TV%20Shows&list_slug=action-adventure-tv-shows&plugin_category=Action%20%26%20Adventure%20TV%20Shows&user_slug=maxtrontv"
    },
    {
      "name": "\u05e1\u05d3\u05e8\u05d5\u05ea \u05d1\u05d9\u05d5\u05d2\u05e8\u05e4\u05d9\u05d4",
      "icon": "C:\\Users\\Netag\\AppData\\Roaming\\Kodi\\addons\\plugin.video.themoviedb.helper\\/resources/icons/themoviedb/default.png",
      "path": "plugin://plugin.video.themoviedb.helper/?info=trakt_userlist&list_name=Biography%20TV%20Shows&list_slug=biography-tv-shows&plugin_category=Biography%20TV%20Shows&user_slug=maxtrontv"
    },
    {
      "name": "\u05e1\u05d3\u05e8\u05d5\u05ea \u05d3\u05d5\u05e7\u05d5",
      "icon": "C:\\Users\\Netag\\AppData\\Roaming\\Kodi\\addons\\plugin.video.themoviedb.helper\\/resources/icons/themoviedb/default.png",
      "path": "plugin://plugin.video.themoviedb.helper/?info=trakt_userlist&list_name=Documentary%20TV%20Shows&list_slug=documentary-tv-shows&plugin_category=Documentary%20TV%20Shows&user_slug=maxtrontv"
    },
    {
      "name": "\u05e1\u05d3\u05e8\u05d5\u05ea \u05d3\u05e8\u05de\u05d4",
      "icon": "C:\\Users\\Netag\\AppData\\Roaming\\Kodi\\addons\\plugin.video.themoviedb.helper\\/resources/icons/themoviedb/default.png",
      "path": "plugin://plugin.video.themoviedb.helper/?info=trakt_userlist&list_name=Drama%20TV%20Shows&list_slug=drama-tv-shows&plugin_category=Drama%20TV%20Shows&user_slug=maxtrontv"
    },
    {
      "name": "\u05e1\u05d3\u05e8\u05d5\u05ea \u05de\u05e9\u05e4\u05d7\u05d4",
      "icon": "C:\\Users\\Netag\\AppData\\Roaming\\Kodi\\addons\\plugin.video.themoviedb.helper\\/resources/icons/themoviedb/default.png",
      "path": "plugin://plugin.video.themoviedb.helper/?info=trakt_userlist&list_name=Family%20TV%20Shows&list_slug=family-tv-shows&plugin_category=Family%20TV%20Shows&user_slug=maxtrontv"
    },
    {
      "name": "\u05e1\u05d3\u05e8\u05d5\u05ea \u05e4\u05e0\u05d8\u05d6\u05d9\u05d4",
      "icon": "C:\\Users\\Netag\\AppData\\Roaming\\Kodi\\addons\\plugin.video.themoviedb.helper\\/resources/icons/themoviedb/default.png",
      "path": "plugin://plugin.video.themoviedb.helper/?info=trakt_userlist&list_name=Fantasy%20TV%20Shows&list_slug=fantasy-tv-shows&plugin_category=Fantasy%20TV%20Shows&user_slug=maxtrontv"
    },
    {
      "name": "\u05e1\u05d3\u05e8\u05d5\u05ea \u05d4\u05d9\u05e1\u05d8\u05d5\u05e8\u05d9\u05d4",
      "icon": "C:\\Users\\Netag\\AppData\\Roaming\\Kodi\\addons\\plugin.video.themoviedb.helper\\/resources/icons/themoviedb/default.png",
      "path": "plugin://plugin.video.themoviedb.helper/?info=trakt_userlist&list_name=History%20TV%20Shows&list_slug=history-tv-shows&plugin_category=History%20TV%20Shows&user_slug=maxtrontv"
    },
    {
      "name": "\u05e1\u05d3\u05e8\u05d5\u05ea \u05de\u05d9\u05e1\u05ea\u05d5\u05e8\u05d9\u05df",
      "icon": "C:\\Users\\Netag\\AppData\\Roaming\\Kodi\\addons\\plugin.video.themoviedb.helper\\/resources/icons/themoviedb/default.png",
      "path": "plugin://plugin.video.themoviedb.helper/?info=trakt_userlist&list_name=Mystery%20TV%20Shows&list_slug=mystery-tv-shows&plugin_category=Mystery%20TV%20Shows&user_slug=maxtrontv"
    },
    {
      "name": "\u05e1\u05d3\u05e8\u05d5\u05ea \u05e8\u05d5\u05de\u05e0\u05d8\u05d9\u05dd",
      "icon": "C:\\Users\\Netag\\AppData\\Roaming\\Kodi\\addons\\plugin.video.themoviedb.helper\\/resources/icons/themoviedb/default.png",
      "path": "plugin://plugin.video.themoviedb.helper/?info=trakt_userlist&list_name=Romance%20TV%20Shows&list_slug=romance-tv-shows&plugin_category=Romance%20TV%20Shows&user_slug=maxtrontv"
    },
    {
      "name": "\u05e1\u05d3\u05e8\u05d5\u05ea \u05de\u05d3\u05e2 \u05d1\u05d3\u05d9\u05d5\u05e0\u05d9",
      "icon": "C:\\Users\\Netag\\AppData\\Roaming\\Kodi\\addons\\plugin.video.themoviedb.helper\\/resources/icons/themoviedb/default.png",
      "path": "plugin://plugin.video.themoviedb.helper/?info=trakt_userlist&list_name=Science%20Fiction%20TV%20Shows&list_slug=science-fiction-tv-shows&plugin_category=Science%20Fiction%20TV%20Shows&user_slug=maxtrontv"
    },
    {
      "name": "\u05e0\u05d8\u05e4\u05dc\u05d9\u05e7\u05e1 \u05db\u05dc \u05d4\u05e1\u05d3\u05e8\u05d5\u05ea",
      "icon": "C:\\Users\\Netag\\AppData\\Roaming\\Kodi\\addons\\plugin.video.themoviedb.helper\\/resources/icons/themoviedb/default.png",
      "path": "plugin://plugin.video.themoviedb.helper/?info=trakt_userlist&list_name=All%20Netflix%20TV%20Shows&list_slug=all-netflix-tv-shows&plugin_category=All%20Netflix%20TV%20Shows&user_slug=maxtrontv"
    },
    {
      "name": "\u05e8\u05e9\u05d9\u05de\u05ea \u05e1\u05d3\u05e8\u05d5\u05ea \u05d7\u05d3\u05e9\u05d5\u05ea 1",
      "icon": "C:\\Users\\Netag\\AppData\\Roaming\\Kodi\\addons\\plugin.video.themoviedb.helper\\/resources/icons/themoviedb/default.png",
      "path": "plugin://plugin.video.themoviedb.helper/?info=trakt_userlist&list_name=New%20TV%20Shows&list_slug=new-tv-shows&plugin_category=New%20TV%20Shows&user_slug=mertens21"
    },
    {
      "name": "סדרות ילדים",
      "icon": "C:\\Users\\Netag\\AppData\\Roaming\\Kodi\\addons\\plugin.video.themoviedb.helper\\/resources/icons/themoviedb/default.png",
      "path": "plugin://plugin.video.themoviedb.helper/?info=trakt_userlist&list_name=Kids+-+TV+Shows&list_slug=kids-tv-shows&user_slug=rafster&plugin_category=Kids+-+TV+Shows"
    },
   {
      "name": "סדרות נטפליקס",
      "icon": "C:\\Users\\Netag\\AppData\\Roaming\\Kodi\\addons\\plugin.video.themoviedb.helper\\/resources/icons/themoviedb/default.png",
      "path": "plugin://plugin.video.themoviedb.helper/?info=trakt_userlist&list_name=Netflix+Shows&list_slug=netflix-shows&user_slug=garycrawfordgc&plugin_category=Netflix+Shows"
    }
  ]
}