{
  "name": "serias1",
  "icon": "",
  "list": [
    {
      "name": "[B]\u05d7\u05e4\u05e9 \u05e1\u05d3\u05e8\u05d4[/B]",
      "icon": "C:\\Users\\neta\\AppData\\Roaming\\Kodi\\addons\\plugin.video.themoviedb.helper\\/resources/icons/themoviedb/search.png",
      "path": "plugin://plugin.video.themoviedb.helper/?info=search&tmdb_id=None&tmdb_type=tv"
    },
    {
      "name": "\u05dc\u05d5\u05d7 \u05e9\u05d9\u05d3\u05d5\u05e8\u05d9\u05dd",
      "icon": "C:\\Users\\Netag\\AppData\\Roaming\\Kodi\\addons\\plugin.video.themoviedb.helper\\/resources/icons/trakt/calendar.png",
      "path": "plugin://plugin.video.themoviedb.helper/?info=dir_calendar_trakt&tmdb_type=tv"
    },
    {
      "name": "\u05d7\u05d3\u05e9",
      "icon": "C:\\Users\\neta\\AppData\\Roaming\\Kodi\\addons\\plugin.video.themoviedb.helper\\/resources/icons/themoviedb/default.png",
      "path": "plugin://plugin.video.themoviedb.helper/?info=trakt_userlist&list_name=%d7%a1%d7%93%d7%a8%d7%95%d7%aa%20%d7%97%d7%93%d7%a9%d7%95%d7%aa&list_slug=24219695&plugin_category=%d7%a1%d7%93%d7%a8%d7%95%d7%aa%20%d7%97%d7%93%d7%a9%d7%95%d7%aa&user_slug=moshep15"
    },
    {
      "name": "\u05db\u05dc\u05dc\u05d9",
      "icon": "C:\\Users\\neta\\AppData\\Roaming\\Kodi\\addons\\plugin.video.themoviedb.helper\\/resources/icons/themoviedb/default.png",
      "path": "plugin://plugin.video.themoviedb.helper/?info=trakt_userlist&list_name=%d7%a1%d7%93%d7%a8%d7%95%d7%aa%20%d7%9b%d7%9c%d7%9c%d7%99&list_slug=24011026&plugin_category=%d7%a1%d7%93%d7%a8%d7%95%d7%aa%20%d7%9b%d7%9c%d7%9c%d7%99&user_slug=moshep15"
    },
    {
      "name": "\u05de\u05d9\u05e0\u05d9 \u05e1\u05d3\u05e8\u05d5\u05ea",
      "icon": "C:\\Users\\neta\\AppData\\Roaming\\Kodi\\addons\\plugin.video.themoviedb.helper\\/resources/icons/themoviedb/default.png",
      "path": "plugin://plugin.video.themoviedb.helper/?info=trakt_userlist&list_name=%d7%9e%d7%99%d7%a0%d7%99%20%d7%a1%d7%93%d7%a8%d7%95%d7%aa&list_slug=24210724&plugin_category=%d7%9e%d7%99%d7%a0%d7%99%20%d7%a1%d7%93%d7%a8%d7%95%d7%aa&user_slug=moshep15"
    },
    {
      "name": "\u05d3\u05d5\u05e7\u05d5 / \u05e8\u05d9\u05d0\u05dc\u05d9\u05d8\u05d9 1",
      "icon": "C:\\Users\\neta\\AppData\\Roaming\\Kodi\\addons\\plugin.video.themoviedb.helper\\/resources/icons/themoviedb/default.png",
      "path": "plugin://plugin.video.themoviedb.helper/?info=trakt_userlist&list_name=%d7%a1%d7%93%d7%a8%d7%95%d7%aa%20%d7%93%d7%95%d7%a7%d7%95%20%d7%a8%d7%99%d7%90%d7%9c%d7%99%d7%98%d7%99%201&list_slug=1-24231186&plugin_category=%d7%a1%d7%93%d7%a8%d7%95%d7%aa%20%d7%93%d7%95%d7%a7%d7%95%20%d7%a8%d7%99%d7%90%d7%9c%d7%99%d7%98%d7%99%201&user_slug=moshep15"
    },
    {
      "name": "\u05d3\u05d5\u05e7\u05d5 / \u05e8\u05d9\u05d0\u05dc\u05d9\u05d8\u05d9 2",
      "icon": "C:\\Users\\neta\\AppData\\Roaming\\Kodi\\addons\\plugin.video.themoviedb.helper\\/resources/icons/themoviedb/default.png",
      "path": "plugin://plugin.video.themoviedb.helper/?info=trakt_userlist&list_name=%d7%a1%d7%93%d7%a8%d7%95%d7%aa%20%d7%93%d7%95%d7%a7%d7%95%20%d7%a8%d7%99%d7%90%d7%9c%d7%99%d7%98%d7%99%202&list_slug=2-24164020&plugin_category=%d7%a1%d7%93%d7%a8%d7%95%d7%aa%20%d7%93%d7%95%d7%a7%d7%95%20%d7%a8%d7%99%d7%90%d7%9c%d7%99%d7%98%d7%99%202&user_slug=moshep15"
    },
    {
      "name": "\u05d9\u05e9\u05e8\u05d0\u05dc\u05d9",
      "icon": "C:\\Users\\neta\\AppData\\Roaming\\Kodi\\addons\\plugin.video.themoviedb.helper\\/resources/icons/themoviedb/default.png",
      "path": "plugin://plugin.video.themoviedb.helper/?info=discover&sort_by=first_air_date.desc&tmdb_id=None&tmdb_type=tv&with_id=True&with_original_language=he"
    },
    {
      "name": "\u05e1\u05d3\u05e8\u05d5\u05ea \u05dc\u05d9\u05dc\u05d3\u05d9\u05dd",
      "icon": "C:\\Users\\neta\\AppData\\Roaming\\Kodi\\addons\\plugin.video.themoviedb.helper\\/resources/icons/themoviedb/default.png",
      "path": "plugin://plugin.video.themoviedb.helper/?info=trakt_userlist&list_name=%d7%a1%d7%93%d7%a8%d7%95%d7%aa%20%d7%9c%d7%99%d7%9c%d7%93%d7%99%d7%9d&list_slug=524109d1-82c8-4f91-9eb0-eeeedfbd9ab8&plugin_category=%d7%a1%d7%93%d7%a8%d7%95%d7%aa%20%d7%9c%d7%99%d7%9c%d7%93%d7%99%d7%9d&user_slug=moshep15"
    },
    {
      "name": "Paramount+",
      "icon": "C:\\Users\\Netag\\AppData\\Roaming\\Kodi\\addons\\plugin.video.themoviedb.helper\\/resources/icons/themoviedb/default.png",
      "path": "plugin://plugin.video.themoviedb.helper/?info=discover&plugin_category=Paramount%2b&tmdb_type=tv&with_id=True&with_networks=4330"
    },
    {
      "name": "Peacock",
      "icon": "C:\\Users\\Netag\\AppData\\Roaming\\Kodi\\addons\\plugin.video.themoviedb.helper\\/resources/icons/themoviedb/default.png",
      "path": "plugin://plugin.video.themoviedb.helper/?info=discover&plugin_category=Peacock&tmdb_type=tv&with_id=True&with_networks=3353"
    },
    {
      "name": "Netflix",
      "icon": "C:\\Users\\Netag\\AppData\\Roaming\\Kodi\\addons\\plugin.video.themoviedb.helper\\/resources/icons/themoviedb/default.png",
      "path": "plugin://plugin.video.themoviedb.helper/?info=discover&plugin_category=Netflix&tmdb_type=tv&with_id=True&with_networks=213"
    },
    {
      "name": "Prime Video",
      "icon": "C:\\Users\\Netag\\AppData\\Roaming\\Kodi\\addons\\plugin.video.themoviedb.helper\\/resources/icons/themoviedb/default.png",
      "path": "plugin://plugin.video.themoviedb.helper/?info=discover&plugin_category=Prime%20Video&tmdb_type=tv&with_id=True&with_networks=1024"
    },
    {
      "name": "Amazon Freevee",
      "icon": "C:\\Users\\Netag\\AppData\\Roaming\\Kodi\\addons\\plugin.video.themoviedb.helper\\/resources/icons/themoviedb/default.png",
      "path": "plugin://plugin.video.themoviedb.helper/?info=discover&plugin_category=Amazon%20Freevee&tmdb_type=tv&with_id=True&with_networks=5865"
    },
    {
      "name": "Hulu",
      "icon": "C:\\Users\\Netag\\AppData\\Roaming\\Kodi\\addons\\plugin.video.themoviedb.helper\\/resources/icons/themoviedb/default.png",
      "path": "plugin://plugin.video.themoviedb.helper/?info=discover&plugin_category=Hulu&tmdb_type=tv&with_id=True&with_networks=453"
    },
    {
      "name": "HBO",
      "icon": "C:\\Users\\Netag\\AppData\\Roaming\\Kodi\\addons\\plugin.video.themoviedb.helper\\/resources/icons/themoviedb/default.png",
      "path": "plugin://plugin.video.themoviedb.helper/?info=discover&plugin_category=HBO&tmdb_type=tv&with_id=True&with_networks=49"
    },
    {
      "name": "Stan",
      "icon": "C:\\Users\\Netag\\AppData\\Roaming\\Kodi\\addons\\plugin.video.themoviedb.helper\\/resources/icons/themoviedb/default.png",
      "path": "plugin://plugin.video.themoviedb.helper/?info=discover&plugin_category=Stan&tmdb_type=tv&with_id=True&with_networks=1255"
    },
    {
      "name": "Syfy",
      "icon": "C:\\Users\\Netag\\AppData\\Roaming\\Kodi\\addons\\plugin.video.themoviedb.helper\\/resources/icons/themoviedb/default.png",
      "path": "plugin://plugin.video.themoviedb.helper/?info=discover&plugin_category=Syfy&tmdb_type=tv&with_id=True&with_networks=77"
    },
    {
      "name": "AMC",
      "icon": "C:\\Users\\Netag\\AppData\\Roaming\\Kodi\\addons\\plugin.video.themoviedb.helper\\/resources/icons/themoviedb/default.png",
      "path": "plugin://plugin.video.themoviedb.helper/?info=discover&plugin_category=AMC&tmdb_type=tv&with_id=True&with_networks=174"
    },
    {
      "name": "Apple TV+",
      "icon": "C:\\Users\\Netag\\AppData\\Roaming\\Kodi\\addons\\plugin.video.themoviedb.helper\\/resources/icons/themoviedb/default.png",
      "path": "plugin://plugin.video.themoviedb.helper/?info=discover&plugin_category=Apple%20TV%2b&tmdb_type=tv&with_id=True&with_networks=2552"
    },
    {
      "name": "CBS",
      "icon": "C:\\Users\\Netag\\AppData\\Roaming\\Kodi\\addons\\plugin.video.themoviedb.helper\\/resources/icons/themoviedb/default.png",
      "path": "plugin://plugin.video.themoviedb.helper/?info=discover&plugin_category=CBS&tmdb_type=tv&with_id=True&with_networks=16"
    },
    {
      "name": "CBS All Access",
      "icon": "C:\\Users\\Netag\\AppData\\Roaming\\Kodi\\addons\\plugin.video.themoviedb.helper\\/resources/icons/themoviedb/default.png",
      "path": "plugin://plugin.video.themoviedb.helper/?info=discover&plugin_category=CBS%20All%20Access&tmdb_type=tv&with_id=True&with_networks=1709"
    },
    {
      "name": "The CW",
      "icon": "C:\\Users\\Netag\\AppData\\Roaming\\Kodi\\addons\\plugin.video.themoviedb.helper\\/resources/icons/themoviedb/default.png",
      "path": "plugin://plugin.video.themoviedb.helper/?info=discover&plugin_category=The%20CW&tmdb_type=tv&with_id=True&with_networks=71"
    },
    {
      "name": "Disney+",
      "icon": "C:\\Users\\Netag\\AppData\\Roaming\\Kodi\\addons\\plugin.video.themoviedb.helper\\/resources/icons/themoviedb/default.png",
      "path": "plugin://plugin.video.themoviedb.helper/?info=discover&plugin_category=Disney%2b&tmdb_type=tv&with_id=True&with_networks=2739"
    }
  ]
}