{
  "name": "serias1",
  "icon": "",
  "list": [
    {
      "name": "\u05d7\u05d3\u05e9",
      "icon": "C:\\Users\\neta\\AppData\\Roaming\\Kodi\\addons\\plugin.video.themoviedb.helper\\/resources/icons/themoviedb/default.png",
      "path": "plugin://plugin.video.themoviedb.helper/?info=trakt_userlist&list_name=%d7%a1%d7%93%d7%a8%d7%95%d7%aa%20%d7%97%d7%93%d7%a9%d7%95%d7%aa&list_slug=24219695&plugin_category=%d7%a1%d7%93%d7%a8%d7%95%d7%aa%20%d7%97%d7%93%d7%a9%d7%95%d7%aa&user_slug=moshep15"
    },
    {
      "name": "\u05db\u05dc\u05dc\u05d9",
      "icon": "C:\\Users\\neta\\AppData\\Roaming\\Kodi\\addons\\plugin.video.themoviedb.helper\\/resources/icons/themoviedb/default.png",
      "path": "plugin://plugin.video.themoviedb.helper/?info=trakt_userlist&list_name=%d7%a1%d7%93%d7%a8%d7%95%d7%aa%20%d7%9b%d7%9c%d7%9c%d7%99&list_slug=24011026&plugin_category=%d7%a1%d7%93%d7%a8%d7%95%d7%aa%20%d7%9b%d7%9c%d7%9c%d7%99&user_slug=moshep15"
    },
    {
      "name": "\u05de\u05d9\u05e0\u05d9 \u05e1\u05d3\u05e8\u05d5\u05ea",
      "icon": "C:\\Users\\neta\\AppData\\Roaming\\Kodi\\addons\\plugin.video.themoviedb.helper\\/resources/icons/themoviedb/default.png",
      "path": "plugin://plugin.video.themoviedb.helper/?info=trakt_userlist&list_name=%d7%9e%d7%99%d7%a0%d7%99%20%d7%a1%d7%93%d7%a8%d7%95%d7%aa&list_slug=24210724&plugin_category=%d7%9e%d7%99%d7%a0%d7%99%20%d7%a1%d7%93%d7%a8%d7%95%d7%aa&user_slug=moshep15"
    },
    {
      "name": "\u05d3\u05d5\u05e7\u05d5 / \u05e8\u05d9\u05d0\u05dc\u05d9\u05d8\u05d9 1",
      "icon": "C:\\Users\\neta\\AppData\\Roaming\\Kodi\\addons\\plugin.video.themoviedb.helper\\/resources/icons/themoviedb/default.png",
      "path": "plugin://plugin.video.themoviedb.helper/?info=trakt_userlist&list_name=%d7%a1%d7%93%d7%a8%d7%95%d7%aa%20%d7%93%d7%95%d7%a7%d7%95%20%d7%a8%d7%99%d7%90%d7%9c%d7%99%d7%98%d7%99%201&list_slug=1-24231186&plugin_category=%d7%a1%d7%93%d7%a8%d7%95%d7%aa%20%d7%93%d7%95%d7%a7%d7%95%20%d7%a8%d7%99%d7%90%d7%9c%d7%99%d7%98%d7%99%201&user_slug=moshep15"
    },
    {
      "name": "\u05d3\u05d5\u05e7\u05d5 / \u05e8\u05d9\u05d0\u05dc\u05d9\u05d8\u05d9 2",
      "icon": "C:\\Users\\neta\\AppData\\Roaming\\Kodi\\addons\\plugin.video.themoviedb.helper\\/resources/icons/themoviedb/default.png",
      "path": "plugin://plugin.video.themoviedb.helper/?info=trakt_userlist&list_name=%d7%a1%d7%93%d7%a8%d7%95%d7%aa%20%d7%93%d7%95%d7%a7%d7%95%20%d7%a8%d7%99%d7%90%d7%9c%d7%99%d7%98%d7%99%202&list_slug=2-24164020&plugin_category=%d7%a1%d7%93%d7%a8%d7%95%d7%aa%20%d7%93%d7%95%d7%a7%d7%95%20%d7%a8%d7%99%d7%90%d7%9c%d7%99%d7%98%d7%99%202&user_slug=moshep15"
    },
    {
      "name": "\u05d9\u05e9\u05e8\u05d0\u05dc\u05d9",
      "icon": "C:\\Users\\neta\\AppData\\Roaming\\Kodi\\addons\\plugin.video.themoviedb.helper\\/resources/icons/themoviedb/default.png",
      "path": "plugin://plugin.video.themoviedb.helper/?info=discover&sort_by=first_air_date.desc&tmdb_id=None&tmdb_type=tv&with_id=True&with_original_language=he"
    },
    {
      "name": "\u05e0\u05d8\u05e4\u05dc\u05d9\u05e7\u05e1 1",
      "icon": "C:\\Users\\neta\\AppData\\Roaming\\Kodi\\addons\\plugin.video.themoviedb.helper\\/resources/icons/themoviedb/default.png",
      "path": "plugin://plugin.video.themoviedb.helper/?info=trakt_userlist&list_name=%d7%a1%d7%93%d7%a8%d7%95%d7%aa%20%d7%a0%d7%98%d7%a4%d7%9c%d7%99%d7%a7%d7%a1%201&list_slug=1-23998501&plugin_category=%d7%a1%d7%93%d7%a8%d7%95%d7%aa%20%d7%a0%d7%98%d7%a4%d7%9c%d7%99%d7%a7%d7%a1%201&user_slug=moshep15"
    },
    {
      "name": "\u05d4\u05d5\u05dc\u05d5",
      "icon": "C:\\Users\\neta\\AppData\\Roaming\\Kodi\\addons\\plugin.video.themoviedb.helper\\/resources/icons/themoviedb/default.png",
      "path": "plugin://plugin.video.themoviedb.helper/?info=trakt_userlist&list_name=%d7%a1%d7%93%d7%a8%d7%95%d7%aa%20%d7%94%d7%95%d7%9c%d7%95&list_slug=24519042&plugin_category=%d7%a1%d7%93%d7%a8%d7%95%d7%aa%20%d7%94%d7%95%d7%9c%d7%95&user_slug=moshep15"
    },
    {
      "name": "\u05d0\u05e4\u05dc \u05d8\u05d9\u05d5\u05d9",
      "icon": "C:\\Users\\neta\\AppData\\Roaming\\Kodi\\addons\\plugin.video.themoviedb.helper\\/resources/icons/themoviedb/default.png",
      "path": "plugin://plugin.video.themoviedb.helper/?info=trakt_userlist&list_name=%d7%a1%d7%93%d7%a8%d7%95%d7%aa%20Apple%20%2b&list_slug=apple&plugin_category=%d7%a1%d7%93%d7%a8%d7%95%d7%aa%20Apple%20%2b&user_slug=moshep15"
    },
    {
      "name": "\u05d0\u05de\u05d6\u05d5\u05df \u05e4\u05e8\u05d9\u05d9\u05dd",
      "icon": "C:\\Users\\neta\\AppData\\Roaming\\Kodi\\addons\\plugin.video.themoviedb.helper\\/resources/icons/themoviedb/default.png",
      "path": "plugin://plugin.video.themoviedb.helper/?info=trakt_userlist&list_name=%d7%a1%d7%93%d7%a8%d7%95%d7%aa%20AMAZON%20PRIME&list_slug=amazon-prime&plugin_category=%d7%a1%d7%93%d7%a8%d7%95%d7%aa%20AMAZON%20PRIME&user_slug=moshep15"
    },
    {
      "name": "\u05d3\u05d9\u05e1\u05e0\u05d9 +",
      "icon": "C:\\Users\\neta\\AppData\\Roaming\\Kodi\\addons\\plugin.video.themoviedb.helper\\/resources/icons/themoviedb/default.png",
      "path": "plugin://plugin.video.themoviedb.helper/?info=trakt_userlist&list_name=Disney%2b&list_slug=disney&plugin_category=Disney%2b&user_slug=rafster"
    },
    {
      "name": "Paramount+",
      "icon": "C:\\Users\\neta\\AppData\\Roaming\\Kodi\\addons\\plugin.video.themoviedb.helper\\/resources/icons/themoviedb/default.png",
      "path": "plugin://plugin.video.themoviedb.helper/?info=discover&plugin_category=Paramount%2b&tmdb_type=tv&with_id=True&with_networks=4330"
    },
    {
      "name": "Peacock",
      "icon": "C:\\Users\\neta\\AppData\\Roaming\\Kodi\\addons\\plugin.video.themoviedb.helper\\/resources/icons/themoviedb/default.png",
      "path": "plugin://plugin.video.themoviedb.helper/?info=discover&plugin_category=Peacock&tmdb_type=tv&with_id=True&with_networks=3353"
    },
    {
      "name": "Peacock",
      "icon": "C:\\Users\\neta\\AppData\\Roaming\\Kodi\\addons\\plugin.video.themoviedb.helper\\/resources/icons/themoviedb/default.png",
      "path": "plugin://plugin.video.themoviedb.helper/?info=trakt_userlist&list_name=Peacock&list_slug=peacock&plugin_category=Peacock&user_slug=lendricklamar"
    },
    {
      "name": "\u05e8\u05d0\u05e0\u05d3\u05d5\u05de\u05dc\u05d9",
      "icon": "C:\\Users\\neta\\AppData\\Roaming\\Kodi\\addons\\plugin.video.themoviedb.helper\\/resources/icons/trakt/mostplayed.png",
      "path": "plugin://plugin.video.themoviedb.helper/?info=random_mostviewers&tmdb_type=tv"
    },
    {
      "name": "\u05e1\u05d3\u05e8\u05d5\u05ea \u05dc\u05d9\u05dc\u05d3\u05d9\u05dd",
      "icon": "C:\\Users\\neta\\AppData\\Roaming\\Kodi\\addons\\plugin.video.themoviedb.helper\\/resources/icons/themoviedb/default.png",
      "path": "plugin://plugin.video.themoviedb.helper/?info=trakt_userlist&list_name=%d7%a1%d7%93%d7%a8%d7%95%d7%aa%20%d7%9c%d7%99%d7%9c%d7%93%d7%99%d7%9d&list_slug=524109d1-82c8-4f91-9eb0-eeeedfbd9ab8&plugin_category=%d7%a1%d7%93%d7%a8%d7%95%d7%aa%20%d7%9c%d7%99%d7%9c%d7%93%d7%99%d7%9d&user_slug=moshep15"
    },
    {
      "name": "\u05d7\u05d9\u05e4\u05d5\u05e9 [B]\u05e1\u05d3\u05e8\u05d5\u05ea[/B]",
      "icon": "C:\\Users\\neta\\AppData\\Roaming\\Kodi\\addons\\plugin.video.themoviedb.helper\\/resources/icons/themoviedb/search.png",
      "path": "plugin://plugin.video.themoviedb.helper/?info=search&tmdb_id=None&tmdb_type=tv"
    }
  ]
}