{
  "name": "seriasbygenres",
  "icon": "",
  "list": [
    {
      "name": "סדרות קומדיה",
      "icon": "C:\\Users\\Netag\\AppData\\Roaming\\Kodi\\addons\\plugin.video.themoviedb.helper\\/resources/icons/themoviedb/default.png",
      "path": "plugin://plugin.video.themoviedb.helper/?info=trakt_userlist&list_name=Comedy%20TV%20Shows&list_slug=comedy-tv-shows&plugin_category=Comedy%20TV%20Shows&user_slug=maxtrontv"
    },
    {
      "name": "סדרות פשע",
      "icon": "C:\\Users\\Netag\\AppData\\Roaming\\Kodi\\addons\\plugin.video.themoviedb.helper\\/resources/icons/themoviedb/default.png",
      "path": "plugin://plugin.video.themoviedb.helper/?info=trakt_userlist&list_name=Crime%20TV%20Shows&list_slug=crime-tv-shows&plugin_category=Crime%20TV%20Shows&user_slug=maxtrontv"
    },
    {
      "name": "סדרות אקשן / הרפתקאות",
      "icon": "C:\\Users\\Netag\\AppData\\Roaming\\Kodi\\addons\\plugin.video.themoviedb.helper\\/resources/icons/themoviedb/default.png",
      "path": "plugin://plugin.video.themoviedb.helper/?info=trakt_userlist&list_name=Action%20%26%20Adventure%20TV%20Shows&list_slug=action-adventure-tv-shows&plugin_category=Action%20%26%20Adventure%20TV%20Shows&user_slug=maxtrontv"
    },
    {
      "name": "סדרות ביוגרפיה",
      "icon": "C:\\Users\\Netag\\AppData\\Roaming\\Kodi\\addons\\plugin.video.themoviedb.helper\\/resources/icons/themoviedb/default.png",
      "path": "plugin://plugin.video.themoviedb.helper/?info=trakt_userlist&list_name=Biography%20TV%20Shows&list_slug=biography-tv-shows&plugin_category=Biography%20TV%20Shows&user_slug=maxtrontv"
    },
    {
      "name": "סדרות דוקו",
      "icon": "C:\\Users\\Netag\\AppData\\Roaming\\Kodi\\addons\\plugin.video.themoviedb.helper\\/resources/icons/themoviedb/default.png",
      "path": "plugin://plugin.video.themoviedb.helper/?info=trakt_userlist&list_name=Documentary%20TV%20Shows&list_slug=documentary-tv-shows&plugin_category=Documentary%20TV%20Shows&user_slug=maxtrontv"
    },
	{
      "name": "סדרות דרמה",
      "icon": "C:\\Users\\Netag\\AppData\\Roaming\\Kodi\\addons\\plugin.video.themoviedb.helper\\/resources/icons/themoviedb/default.png",
      "path": "plugin://plugin.video.themoviedb.helper/?info=trakt_userlist&list_name=Drama%20TV%20Shows&list_slug=drama-tv-shows&plugin_category=Drama%20TV%20Shows&user_slug=maxtrontv"
    },
	{
      "name": "סדרות משפחה",
      "icon": "C:\\Users\\Netag\\AppData\\Roaming\\Kodi\\addons\\plugin.video.themoviedb.helper\\/resources/icons/themoviedb/default.png",
      "path": "plugin://plugin.video.themoviedb.helper/?info=trakt_userlist&list_name=Family%20TV%20Shows&list_slug=family-tv-shows&plugin_category=Family%20TV%20Shows&user_slug=maxtrontv"
    },
	{
      "name": "סדרות פנטזיה",
      "icon": "C:\\Users\\Netag\\AppData\\Roaming\\Kodi\\addons\\plugin.video.themoviedb.helper\\/resources/icons/themoviedb/default.png",
      "path": "plugin://plugin.video.themoviedb.helper/?info=trakt_userlist&list_name=Fantasy%20TV%20Shows&list_slug=fantasy-tv-shows&plugin_category=Fantasy%20TV%20Shows&user_slug=maxtrontv"
    },
	{
      "name": "סדרות היסטוריה",
      "icon": "C:\\Users\\Netag\\AppData\\Roaming\\Kodi\\addons\\plugin.video.themoviedb.helper\\/resources/icons/themoviedb/default.png",
      "path": "plugin://plugin.video.themoviedb.helper/?info=trakt_userlist&list_name=History%20TV%20Shows&list_slug=history-tv-shows&plugin_category=History%20TV%20Shows&user_slug=maxtrontv"
    },
	{
      "name": "סדרות מיסתורין",
      "icon": "C:\\Users\\Netag\\AppData\\Roaming\\Kodi\\addons\\plugin.video.themoviedb.helper\\/resources/icons/themoviedb/default.png",
      "path": "plugin://plugin.video.themoviedb.helper/?info=trakt_userlist&list_name=Mystery%20TV%20Shows&list_slug=mystery-tv-shows&plugin_category=Mystery%20TV%20Shows&user_slug=maxtrontv"
    },
	{
      "name": "סדרות רומנטים",
      "icon": "C:\\Users\\Netag\\AppData\\Roaming\\Kodi\\addons\\plugin.video.themoviedb.helper\\/resources/icons/themoviedb/default.png",
      "path": "plugin://plugin.video.themoviedb.helper/?info=trakt_userlist&list_name=Romance%20TV%20Shows&list_slug=romance-tv-shows&plugin_category=Romance%20TV%20Shows&user_slug=maxtrontv"
    },
	{
      "name": "סדרות מדע בדיוני",
      "icon": "C:\\Users\\Netag\\AppData\\Roaming\\Kodi\\addons\\plugin.video.themoviedb.helper\\/resources/icons/themoviedb/default.png",
      "path": "plugin://plugin.video.themoviedb.helper/?info=trakt_userlist&list_name=Science%20Fiction%20TV%20Shows&list_slug=science-fiction-tv-shows&plugin_category=Science%20Fiction%20TV%20Shows&user_slug=maxtrontv"
    }
  ]
}