{
  "name": "TMDBTvshowsList",
  "icon": "",
  "list": [
    {
      "name": "\u05e1\u05d3\u05e8\u05d5\u05ea \u05d7\u05d3\u05e9\u05d5\u05ea",
      "icon": "C:\\Users\\Netag\\AppData\\Roaming\\Kodi\\addons\\plugin.video.themoviedb.helper\\/resources/icons/themoviedb/default.png",
      "path": "plugin://plugin.video.themoviedb.helper/?info=tmdb_v4_list&list_id=8512447&list_name=%d7%a1%d7%93%d7%a8%d7%95%d7%aa%20%d7%97%d7%93%d7%a9%d7%95%d7%aa&plugin_category=%d7%a1%d7%93%d7%a8%d7%95%d7%aa%20%d7%97%d7%93%d7%a9%d7%95%d7%aa&tmdb_type=both&user_id=577263d8c3a368246c005c2b"
    },
   {
      "name": "\u05e1\u05d3\u05e8\u05d5\u05ea \u05db\u05dc\u05dc\u05d9",
      "icon": "C:\\Users\\Netag\\AppData\\Roaming\\Kodi\\addons\\plugin.video.themoviedb.helper\\/resources/icons/themoviedb/default.png",
      "path": "plugin://plugin.video.themoviedb.helper/?info=tmdb_v4_list&list_id=138440&list_name=%d7%a1%d7%93%d7%a8%d7%95%d7%aa%20%d7%9b%d7%9c%d7%9c%d7%99&plugin_category=%d7%a1%d7%93%d7%a8%d7%95%d7%aa%20%d7%9b%d7%9c%d7%9c%d7%99&tmdb_type=both&user_id=577263d8c3a368246c005c2b"
    },
    {
      "name": "\u05e1\u05d3\u05e8\u05d5\u05ea \u05d3\u05d5\u05e7\u05d5",
      "icon": "C:\\Users\\Netag\\AppData\\Roaming\\Kodi\\addons\\plugin.video.themoviedb.helper\\/resources/icons/themoviedb/default.png",
      "path": "plugin://plugin.video.themoviedb.helper/?info=tmdb_v4_list&list_id=8512448&list_name=%d7%a1%d7%93%d7%a8%d7%95%d7%aa%20%d7%93%d7%95%d7%a7%d7%95&plugin_category=%d7%a1%d7%93%d7%a8%d7%95%d7%aa%20%d7%93%d7%95%d7%a7%d7%95&tmdb_type=both&user_id=577263d8c3a368246c005c2b"
    },
    {
      "name": "\u05e1\u05d3\u05e8\u05d5\u05ea \u05e8\u05d9\u05d0\u05dc\u05d9\u05d8\u05d9",
      "icon": "C:\\Users\\Netag\\AppData\\Roaming\\Kodi\\addons\\plugin.video.themoviedb.helper\\/resources/icons/themoviedb/default.png",
      "path": "plugin://plugin.video.themoviedb.helper/?info=tmdb_v4_list&list_id=8512449&list_name=%d7%a1%d7%93%d7%a8%d7%95%d7%aa%20%d7%a8%d7%99%d7%90%d7%9c%d7%99%d7%98%d7%99&plugin_category=%d7%a1%d7%93%d7%a8%d7%95%d7%aa%20%d7%a8%d7%99%d7%90%d7%9c%d7%99%d7%98%d7%99&tmdb_type=both&user_id=577263d8c3a368246c005c2b"
    },
    {
      "name": "\u05e1\u05d3\u05e8\u05d5\u05ea \u05e9\u05dc \u05e4\u05e2\u05dd",
      "icon": "C:\\Users\\Netag\\AppData\\Roaming\\Kodi\\addons\\plugin.video.themoviedb.helper\\/resources/icons/themoviedb/default.png",
      "path": "plugin://plugin.video.themoviedb.helper/?info=tmdb_v4_list&list_id=8512450&list_name=%d7%a1%d7%93%d7%a8%d7%95%d7%aa%20%d7%a9%d7%9c%20%d7%a4%d7%a2%d7%9d&plugin_category=%d7%a1%d7%93%d7%a8%d7%95%d7%aa%20%d7%a9%d7%9c%20%d7%a4%d7%a2%d7%9d&tmdb_type=both&user_id=577263d8c3a368246c005c2b"
    }
  ]
}