{
  "name": "TMDBmovieslist",
  "icon": "",
  "list": [
    {
      "name": "\u05e1\u05e8\u05d8\u05d9\u05dd \u05d7\u05d3\u05e9\u05d9\u05dd",
      "icon": "C:\\Users\\Netag\\AppData\\Roaming\\Kodi\\addons\\plugin.video.themoviedb.helper\\/resources/icons/themoviedb/default.png",
      "path": "plugin://plugin.video.themoviedb.helper/?info=tmdb_v4_list&list_id=8512446&list_name=%d7%a1%d7%a8%d7%98%d7%99%d7%9d%20%d7%97%d7%93%d7%a9%d7%99%d7%9d&plugin_category=%d7%a1%d7%a8%d7%98%d7%99%d7%9d%20%d7%97%d7%93%d7%a9%d7%99%d7%9d&tmdb_type=both&user_id=577263d8c3a368246c005c2b"
    },
    {
      "name": "\u05e1\u05e8\u05d8\u05d9\u05dd \u05db\u05dc\u05dc\u05d9",
      "icon": "https://image.tmdb.org/t/p/original/kiTsFP8XAHHtMVk75o4vmQmOmlg.jpg",
      "path": "plugin://plugin.video.themoviedb.helper/?info=tmdb_v4_list&list_id=8508912&list_name=%d7%a1%d7%a8%d7%98%d7%99%d7%9d%20%d7%9b%d7%9c%d7%9c%d7%99&plugin_category=%d7%a1%d7%a8%d7%98%d7%99%d7%9d%20%d7%9b%d7%9c%d7%9c%d7%99&tmdb_type=both&user_id=577263d8c3a368246c005c2b"
    },
    {
      "name": "\u05e1\u05e8\u05d8\u05d9\u05dd \u05de\u05ea\u05e2\u05d3\u05db\u05df",
      "icon": "C:\\Users\\Netag\\AppData\\Roaming\\Kodi\\addons\\plugin.video.themoviedb.helper\\/resources/icons/themoviedb/default.png",
      "path": "plugin://plugin.video.themoviedb.helper/?info=tmdb_v4_list&list_id=15241&list_name=%d7%a1%d7%a8%d7%98%d7%99%d7%9d%20%d7%9e%d7%aa%d7%a2%d7%93%d7%9b%d7%9f&plugin_category=%d7%a1%d7%a8%d7%98%d7%99%d7%9d%20%d7%9e%d7%aa%d7%a2%d7%93%d7%9b%d7%9f&tmdb_type=both&user_id=577263d8c3a368246c005c2b"
    },
    {
      "name": "\u05e1\u05e8\u05d8\u05d9\u05dd \u05de\u05db\u05dc \u05d4\u05d6\u05de\u05e0\u05d9\u05dd",
      "icon": "C:\\Users\\Netag\\AppData\\Roaming\\Kodi\\addons\\plugin.video.themoviedb.helper\\/resources/icons/themoviedb/default.png",
      "path": "plugin://plugin.video.themoviedb.helper/?info=tmdb_v4_list&list_id=18206&list_name=%d7%a1%d7%a8%d7%98%d7%99%d7%9d%20%d7%9e%d7%9b%d7%9c%20%d7%94%d7%96%d7%9e%d7%a0%d7%99%d7%9d&plugin_category=%d7%a1%d7%a8%d7%98%d7%99%d7%9d%20%d7%9e%d7%9b%d7%9c%20%d7%94%d7%96%d7%9e%d7%a0%d7%99%d7%9d&tmdb_type=both&user_id=577263d8c3a368246c005c2b"
    },
    {
      "name": "\u05e1\u05e8\u05d8\u05d9\u05dd \u05d3\u05d5\u05e7\u05d5\u05de\u05e0\u05d8\u05e8\u05d9\u05dd",
      "icon": "C:\\Users\\Netag\\AppData\\Roaming\\Kodi\\addons\\plugin.video.themoviedb.helper\\/resources/icons/themoviedb/default.png",
      "path": "plugin://plugin.video.themoviedb.helper/?info=tmdb_v4_list&list_id=8512452&list_name=%d7%a1%d7%a8%d7%98%d7%99%d7%9d%20%d7%93%d7%95%d7%a7%d7%95%d7%9e%d7%a0%d7%98%d7%a8%d7%99%d7%9d&plugin_category=%d7%a1%d7%a8%d7%98%d7%99%d7%9d%20%d7%93%d7%95%d7%a7%d7%95%d7%9e%d7%a0%d7%98%d7%a8%d7%99%d7%9d&tmdb_type=both&user_id=577263d8c3a368246c005c2b"
    },
    {
      "name": "\u05e1\u05e8\u05d8\u05d9\u05dd \u05dc\u05d9\u05dc\u05d3\u05d9\u05dd",
      "icon": "C:\\Users\\Netag\\AppData\\Roaming\\Kodi\\addons\\plugin.video.themoviedb.helper\\/resources/icons/themoviedb/default.png",
      "path": "plugin://plugin.video.themoviedb.helper/?info=tmdb_v4_list&list_id=8514218&list_name=%d7%a1%d7%a8%d7%98%d7%99%d7%9d%20%d7%9c%d7%99%d7%9c%d7%93%d7%99%d7%9d&plugin_category=%d7%a1%d7%a8%d7%98%d7%99%d7%9d%20%d7%9c%d7%99%d7%9c%d7%93%d7%99%d7%9d&tmdb_type=both&user_id=577263d8c3a368246c005c2b"
    },
    {
      "name": "\u05e1\u05e8\u05d8\u05d9\u05dd \u05d9\u05e9\u05e8\u05d0\u05dc\u05d9\u05dd",
      "icon": "C:\\Users\\Netag\\AppData\\Roaming\\Kodi\\addons\\plugin.video.themoviedb.helper\\/resources/icons/themoviedb/default.png",
      "path": "plugin://plugin.video.themoviedb.helper/?info=discover&sort_by=release_date.desc&tmdb_id=None&tmdb_type=movie&with_id=True&with_original_language=he"
    },
    {
      "name": "\u05d4\u05d5\u05dc\u05de\u05e8\u05e7",
      "icon": "C:\\Users\\Netag\\AppData\\Roaming\\Kodi\\addons\\plugin.video.themoviedb.helper\\/resources/icons/themoviedb/default.png",
      "path": "plugin://plugin.video.themoviedb.helper/?info=tmdb_v4_list&list_id=8539823&list_name=%d7%94%d7%95%d7%9c%d7%9e%d7%a8%d7%a7&plugin_category=%d7%94%d7%95%d7%9c%d7%9e%d7%a8%d7%a7&tmdb_type=both&user_id=577263d8c3a368246c005c2b"
    }
  ]
}