{
  "name": "tvshowspdated",
  "icon": "",
  "list": [
    {
      "name": "\u05e1\u05d3\u05e8\u05d5\u05ea \u05d7\u05d3\u05e9\u05d5\u05ea",
      "icon": "C:\\Users\\Netag\\AppData\\Roaming\\Kodi\\addons\\plugin.video.themoviedb.helper\\/resources/icons/themoviedb/default.png",
      "path": "plugin://plugin.video.themoviedb.helper/?info=trakt_userlist&list_name=%d7%a1%d7%93%d7%a8%d7%95%d7%aa%20%d7%97%d7%93%d7%a9%d7%95%d7%aa&list_slug=24219695&owner=true&plugin_category=%d7%a1%d7%93%d7%a8%d7%95%d7%aa%20%d7%97%d7%93%d7%a9%d7%95%d7%aa&user_slug=moshep15"
    },
    {
      "name": "\u05e1\u05d3\u05e8\u05d5\u05ea \u05db\u05dc\u05dc\u05d9",
      "icon": "C:\\Users\\Netag\\AppData\\Roaming\\Kodi\\addons\\plugin.video.themoviedb.helper\\/resources/icons/themoviedb/default.png",
      "path": "plugin://plugin.video.themoviedb.helper/?info=trakt_userlist&list_name=%d7%a1%d7%93%d7%a8%d7%95%d7%aa%20%d7%9b%d7%9c%d7%9c%d7%99&list_slug=24011026&owner=true&plugin_category=%d7%a1%d7%93%d7%a8%d7%95%d7%aa%20%d7%9b%d7%9c%d7%9c%d7%99&user_slug=moshep15"
    },
    {
      "name": "\u05e1\u05d3\u05e8\u05d5\u05ea \u05d3\u05d5\u05e7\u05d5 \u05e8\u05d9\u05d0\u05dc\u05d9\u05d8\u05d9",
      "icon": "C:\\Users\\Netag\\AppData\\Roaming\\Kodi\\addons\\plugin.video.themoviedb.helper\\/resources/icons/themoviedb/default.png",
      "path": "plugin://plugin.video.themoviedb.helper/?info=trakt_userlist&list_name=%d7%a1%d7%93%d7%a8%d7%95%d7%aa%20%d7%93%d7%95%d7%a7%d7%95%20%d7%a8%d7%99%d7%90%d7%9c%d7%99%d7%98%d7%99&list_slug=24231186&owner=true&plugin_category=%d7%a1%d7%93%d7%a8%d7%95%d7%aa%20%d7%93%d7%95%d7%a7%d7%95%20%d7%a8%d7%99%d7%90%d7%9c%d7%99%d7%98%d7%99&user_slug=moshep15"
    },
    {
      "name": "\u05de\u05d9\u05e0\u05d9 \u05e1\u05d3\u05e8\u05d5\u05ea",
      "icon": "C:\\Users\\Netag\\AppData\\Roaming\\Kodi\\addons\\plugin.video.themoviedb.helper\\/resources/icons/themoviedb/default.png",
      "path": "plugin://plugin.video.themoviedb.helper/?info=trakt_userlist&list_name=%d7%9e%d7%99%d7%a0%d7%99%20%d7%a1%d7%93%d7%a8%d7%95%d7%aa&list_slug=24210724&owner=true&plugin_category=%d7%9e%d7%99%d7%a0%d7%99%20%d7%a1%d7%93%d7%a8%d7%95%d7%aa&user_slug=moshep15"
    },
    {
      "name": "\u05e1\u05d3\u05e8\u05d5\u05ea \u05dc\u05d9\u05dc\u05d3\u05d9\u05dd",
      "icon": "C:\\Users\\Netag\\AppData\\Roaming\\Kodi\\addons\\plugin.video.themoviedb.helper\\/resources/icons/themoviedb/default.png",
      "path": "plugin://plugin.video.themoviedb.helper/?info=trakt_userlist&list_name=%d7%a1%d7%93%d7%a8%d7%95%d7%aa%20%d7%9c%d7%99%d7%9c%d7%93%d7%99%d7%9d&list_slug=524109d1-82c8-4f91-9eb0-eeeedfbd9ab8&owner=true&plugin_category=%d7%a1%d7%93%d7%a8%d7%95%d7%aa%20%d7%9c%d7%99%d7%9c%d7%93%d7%99%d7%9d&user_slug=moshep15"
    }
  ]
}