<?xml version="1.0" encoding="UTF-8" standalone="yes"?>
<addon id="plugin.video.kids_new"                                                                                                                                    
	   name="הכל לילדים"                                                 
	   version="1.0.9"                                                                                                                                        
	   provider-name="הכל לילדים">
  <requires>
    <import addon="xbmc.python" version="2.1.0"/>
	<import addon="script.module.requests"/>


  </requires>
  <extension point="xbmc.python.pluginsource"
            library="default.py">
        <provides>video</provides>
  </extension>
  <extension point="xbmc.service" library="service.py" start="startup" />
  <extension point="xbmc.addon.metadata">
    <summary lang="he">DRKSS</summary>
    <description lang="he">DRKSS</description>
    <platform>all</platform>
  </extension>
</addon>