<?xml version="1.0" encoding="UTF-8"?>
<template>
    <other include="widget">
        <!-- We're going to use this template for all widgets with a widgetPath element -->
        <condition tag="property" attribute="name|widgetPath" />
        <!-- Retrieve the widgetPath and widgetTarget properties -->
        <property name="content" tag="property" attribute="name|widgetPath" />
        <property name="target" tag="property" attribute="name|widgetTarget" />
		<property name="target">video</property>
        <controls>
            <control type="fixedlist" id="9002">
                <skinshortcuts>visibility</skinshortcuts>
				<right>20</right>
				<left>1135</left>
				<top>345</top>
				<bottom>205</bottom>
				<ondown>false</ondown>
				<onup>false</onup>
				<onright>SetProperty(MiniTextViewer_Title,$ESCINFO[ListItem.Label],home)</onright>
				<onright>SetProperty(Text_HeaderGenre,$ESCINFO[ListItem.Genre],home)</onright>
				<onright>SetProperty(MiniTextViewer_Plot,$ESCINFO[ListItem.Plot],home)</onright>
				<onright>SetProperty(GenreTextViewer,$ESCINFO[ListItem.Genre],home)</onright>
				<onright>ActivateWindow(1102)</onright>
				<orientation>vertical</orientation>
				<onback>9000</onback>
				<onleft>9000</onleft>
				<focusposition>4</focusposition>
				<movement>4</movement>
				<scrolltime tween="cubic">550</scrolltime>
				<preloaditems>2</preloaditems>
					<itemlayout width="765" height="59">
					<control type="image">
						<animation effect="fade" start="0" end="100" time="0">Visible</animation>
						<include content="GlobalSetFadeLabel">
						<param name="setfadelabel">homemenubgfocusfadelabelcolor</param>
						</include>
						<top>4</top>
						<bottom>4</bottom>
						<texture colordiffuse="$INFO[Skin.String(homemainmenusfocus)]">colors/white.png</texture>
					</control>
					<control type="label">
						<aligny>center</aligny>
						<align>left</align>
						<left>55</left>
						<right>300</right>
						<label>$INFO[ListItem.Label]</label>
						<visible>![String.IsEmpty(ListItem.Rating) | String.IsEmpty(ListItem.Year)]</visible>
					</control>
					<control type="label">
						<aligny>center</aligny>
						<align>left</align>
						<left>55</left>
						<right>5</right>
						<label>$INFO[ListItem.Label]</label>
						<visible>[String.IsEmpty(ListItem.Rating) | String.IsEmpty(ListItem.Year)]</visible>
					</control>
					<control type="label">
						<aligny>center</aligny>
						<align>right</align>
						<left>300</left>
						<right>5</right>
						<label>$VAR[ViewTypeGlobalLabel]</label>
					</control>
					<control type="image">
						<left>5</left>
						<top>15</top>
						<width>35</width>
						<height>35</height>
						<texture colordiffuse="white">$VAR[ListWatchedIconVar]</texture>
						<visible>![String.Contains(ListItem.Label,חיפוש) | String.Contains(ListItem.Label,עמוד הבא)]</visible>
					</control>
					<control type="image">
						<top>10</top>
						<left>0</left>
						<width>55</width>
						<height>55</height>
						<texture colordiffuse="white">icons/back.png</texture>
						<visible>String.IsEqual(ListItem.Label,..)</visible>
					</control>
					</itemlayout>
					<focusedlayout width="765" height="59">
					<control type="image">
						<animation effect="fade" start="0" end="100" time="0">Visible</animation>
						<include content="GlobalSetFadeLabel">
						<param name="setfadelabel">homemenubgfocusfadelabelcolor</param>
						</include>
						<top>4</top>
						<bottom>4</bottom>
						<texture colordiffuse="$INFO[Skin.String(homemainmenusfocus)]">colors/white.png</texture>
					</control>
					<control type="image">
						<top>4</top>
						<bottom>4</bottom>
						<texture border="25">colors/white.png</texture>
						<visible>Control.HasFocus(9002) + !String.Contains(ListItem.FolderPath,telemedia)</visible>
					</control>
					<control type="image">
						<top>4</top>
						<bottom>4</bottom>
						<texture colordiffuse="35FFFFFF" border="25">colors/white.png</texture>
						<visible>Control.HasFocus(9002) + String.Contains(ListItem.FolderPath,telemedia)</visible>
					</control>
					<control type="group">
					<visible>Control.HasFocus(9002)</visible>
					<control type="label">
						<aligny>center</aligny>
						<align>left</align>
						<left>55</left>
						<right>300</right>
						<font>font32_title</font>
						<label>$INFO[ListItem.Label]</label>
						<visible>![String.IsEmpty(ListItem.Rating) | String.IsEmpty(ListItem.Year)]</visible>
						<scroll>true</scroll>
						<scrolltime>45</scrolltime>
						<textcolor>black</textcolor>
					</control>
					<control type="label">
						<aligny>center</aligny>
						<align>left</align>
						<left>55</left>
						<right>5</right>
						<font>font32_title</font>
						<label>$INFO[ListItem.Label]</label>
						<visible>[String.IsEmpty(ListItem.Rating) | String.IsEmpty(ListItem.Year)]</visible>
						<scroll>true</scroll>
						<scrolltime>45</scrolltime>
						<textcolor>black</textcolor>
					</control>
					<control type="label">
						<aligny>center</aligny>
						<align>right</align>
						<left>300</left>
						<right>5</right>
						<font>font32_title</font>
						<label>$VAR[ViewTypeGlobalLabel]</label>
						<textcolor>black</textcolor>
					</control>
					<control type="image">
					<visible>![String.Contains(Container.FolderPath,telemedia) | ListItem.IsPlaying]</visible>
						<left>5</left>
						<top>15</top>
						<width>35</width>
						<height>35</height>
						<texture colordiffuse="black">$VAR[ListWatchedIconVar]</texture>
						<visible>![String.Contains(ListItem.Label,חיפוש) | String.Contains(ListItem.Label,עמוד הבא)]</visible>
					</control>
					<control type="image">
					<visible>String.Contains(Container.FolderPath,telemedia) | ListItem.IsPlaying</visible>
						<left>5</left>
						<top>15</top>
						<width>35</width>
						<height>35</height>
						<texture colordiffuse="black">$VAR[ListWatchedIconVar]</texture>
						<visible>![String.Contains(ListItem.Label,חיפוש) | String.Contains(ListItem.Label,עמוד הבא)]</visible>
					</control>
					<control type="image">
						<top>20</top>
						<right>-15</right>
						<align>right</align>
						<height>15</height>
						<width>10</width>
						<texture>common/arrow-small-right.png</texture>
						<aspectratio>keep</aspectratio>
						<animation effect="slide" start="-5" end="5" time="500" condition="!String.IsEmpty(ListItem.Plot) | !String.IsEmpty(ListItem.Comment)" pulse="true">Conditional</animation>
						<visible>!String.IsEmpty(ListItem.Plot) | !String.IsEmpty(ListItem.Comment)</visible>
					</control>
					</control>
					
					
					<control type="group">
					<visible>!Control.HasFocus(9002)</visible>
					<control type="label">
						<aligny>center</aligny>
						<align>left</align>
						<left>55</left>
						<right>300</right>
						<font>font32</font>
						<label>$INFO[ListItem.Label]</label>
						<visible>![String.IsEmpty(ListItem.Rating) | String.IsEmpty(ListItem.Year)]</visible>
						<scroll>true</scroll>
						<scrolltime>45</scrolltime>
						<textcolor>white</textcolor>
					</control>
					<control type="label">
						<aligny>center</aligny>
						<align>left</align>
						<left>55</left>
						<right>5</right>
						<font>font32</font>
						<label>$INFO[ListItem.Label]</label>
						<visible>[String.IsEmpty(ListItem.Rating) | String.IsEmpty(ListItem.Year)]</visible>
						<scroll>true</scroll>
						<scrolltime>45</scrolltime>
						<textcolor>white</textcolor>
					</control>
					<control type="label">
						<aligny>center</aligny>
						<align>right</align>
						<left>300</left>
						<right>5</right>
						<font>font32</font>
						<label>$VAR[ViewTypeGlobalLabel]</label>
						<textcolor>white</textcolor>
					</control>
					<control type="image">
					<visible>![String.Contains(Container.FolderPath,telemedia) | ListItem.IsPlaying]</visible>
						<left>5</left>
						<top>15</top>
						<width>35</width>
						<height>35</height>
						<texture colordiffuse="white">$VAR[ListWatchedIconVar]</texture>
						<visible>![String.Contains(ListItem.Label,חיפוש) | String.Contains(ListItem.Label,עמוד הבא)]</visible>
					</control>
					<control type="image">
					<visible>String.Contains(Container.FolderPath,telemedia) | ListItem.IsPlaying</visible>
						<left>5</left>
						<top>15</top>
						<width>35</width>
						<height>35</height>
						<texture colordiffuse="white">$VAR[ListWatchedIconVar]</texture>
						<visible>![String.Contains(ListItem.Label,חיפוש) | String.Contains(ListItem.Label,עמוד הבא)]</visible>
					</control>
					<control type="image">
						<top>20</top>
						<right>-15</right>
						<align>right</align>
						<height>15</height>
						<width>10</width>
						<texture>common/arrow-small-right.png</texture>
						<aspectratio>keep</aspectratio>
						<animation effect="slide" start="-5" end="5" time="500" condition="!String.IsEmpty(ListItem.Plot) | !String.IsEmpty(ListItem.Comment)" pulse="true">Conditional</animation>
						<visible>!String.IsEmpty(ListItem.Plot) | !String.IsEmpty(ListItem.Comment)</visible>
					</control>
					</control>
					</focusedlayout>
                <content target="$SKINSHORTCUTS[target]">$SKINSHORTCUTS[content]</content>
            </control>
        </controls>
    </other>
</template>