<?xml version="1.0" encoding="UTF-8"?>
<window type="dialog" id="6003">
	<defaultcontrol always="true">1256</defaultcontrol>
	<animation type="WindowOpen">
	<effect type="fade" start="500"/>
	<effect type="slide" start="0,0" end="0,1000" time="550" tween="sine" easing="inout"/>
	</animation>
	<animation type="WindowClose">
	<effect type="slide" start="0,1000" end="0,0" time="550" tween="sine" easing="inout"/>
	</animation>
	<controls>



<control type="group">
<posy>-1000</posy>
<control type="group">
<control type="image">
<posx>0</posx>
<posy>0</posy>
<width>1920</width>
<height>39</height>
<texture diffuse="special://skin/extras/glass.jpg" colordiffuse="gray">colors/white.png</texture>
</control>
<control type="image">
<posx>0</posx>
<posy>421</posy>
<width>1920</width>
<height>30</height>
<texture diffuse="special://skin/extras/glass.jpg" colordiffuse="gray">colors/white.png</texture>
</control>

<control type="image">
<posx>0</posx>
<posy>39</posy>
<width>28</width>
<height>380</height>
<texture diffuse="special://skin/extras/glass.jpg" colordiffuse="gray">colors/white.png</texture>
</control>
<control type="image">
<posx>1890</posx>
<posy>39</posy>
<width>30</width>
<height>380</height>
<texture diffuse="special://skin/extras/glass.jpg" colordiffuse="gray">colors/white.png</texture>
</control>
<control type="label">
<posx>-948</posx>
<posy>210</posy>
<width>1920</width>
<height>35</height>
<align>center</align>
<textcolor>black</textcolor>
<shadowcolor>gray</shadowcolor>
<font>SmallStrong</font>
<angle>90</angle>
<label>$LOCALIZE[21001]</label>
</control>
<control type="label">
<posx>945</posx>
<posy>210</posy>
<width>1920</width>
<height>35</height>
<align>center</align>
<textcolor>black</textcolor>
<shadowcolor>gray</shadowcolor>
<font>SmallStrong</font>
<angle>90</angle>
<label>$LOCALIZE[21001]</label>
</control>
</control>

<control type="group">
<posx>30</posx>
<control type="group">
<include content="mediacenterproject">
<param name="mediacenterid" value="500"/>
<param name="buttonid" value="21"/>
<param name="sortby" value="dateadded"/>
<param name="sortorder" value="descending"/>
<param name="mediacentercontent" value="plugin://plugin.video.theoath/?action=movies&amp;url=https%3a%2f%2fapi.trakt.tv%2fusers%2fme%2flists%2fmovies1%2fitems&quot"/>
</include>
</control>

<control type="group">
<posx>372</posx>
<include content="mediacenterproject">
<param name="mediacenterid" value="501"/>
<param name="buttonid" value="22"/>
<param name="sortby" value="dateadded"/>
<param name="sortorder" value="descending"/>	
<param name="mediacentercontent" value="plugin://plugin.video.theoath/?action=movies&amp;url=https%3a%2f%2fapi.trakt.tv%2fusers%2fme%2flists%2fmovies2%2fitems&quot"/>
</include>
</control>

<control type="group">
<posx>744</posx>
<include content="mediacenterproject">
<param name="mediacenterid" value="502"/>
<param name="buttonid" value="23"/>
<param name="sortby" value="dateadded"/>
<param name="sortorder" value="descending"/>	
<param name="mediacentercontent" value="plugin://plugin.video.theoath/?action=movies&amp;url=https%3a%2f%2fapi.trakt.tv%2fusers%2fme%2flists%2fnewmovies%2fitems&quot"/>
</include>
</control>

<control type="group">
<posx>1116</posx>
<include content="mediacenterproject">
<param name="mediacenterid" value="503"/>
<param name="buttonid" value="24"/>
<param name="sortby" value="dateadded"/>
<param name="sortorder" value="descending"/>	
<param name="mediacentercontent" value="plugin://plugin.video.theoath/?action=movies&amp;url=https%3a%2f%2fapi.trakt.tv%2fusers%2fme%2flists%2fmovies3%2fitems&quot"/>
</include>
</control>

<control type="group">
<posx>1488</posx>
<include content="mediacenterproject">
<param name="mediacenterid" value="504"/>
<param name="buttonid" value="25"/>
<param name="sortby" value="dateadded"/>
<param name="sortorder" value="descending"/>	
<param name="mediacentercontent" value="plugin://plugin.video.theoath/?action=movies&amp;url=https%3a%2f%2fapi.trakt.tv%2fusers%2fme%2flists%2fmovies4%2fitems&quot"/>
</include>
</control>
</control>
</control>



<control type="grouplist" id="1256">
<posx>50</posx>
<posy>-1005</posy>
<width>1920</width>
<height>40</height>
<orientation>Horizontal</orientation>
<itemgap>130</itemgap>
<control type="button" id="21">
<posx>0</posx>
<posy>30</posy>
<width>250</width>
<height>50</height>
<texturefocus>-</texturefocus>
<texturenofocus>-</texturenofocus>
<textcolor>black</textcolor>
<focusedcolor>white</focusedcolor>
<label>סרטים דבריד 1</label>
<align>center</align>
<font>SmallStrong</font>
<onclick>Control.SetFocus(500)</onclick>
</control>
<control type="button" id="22">
<posx>0</posx>
<posy>30</posy>
<width>250</width>
<height>50</height>
<texturefocus>-</texturefocus>
<texturenofocus>-</texturenofocus>
<textcolor>black</textcolor>
<focusedcolor>white</focusedcolor>
<label>סרטים דבריד 2</label>
<align>center</align>
<font>SmallStrong</font>
<onclick>Control.SetFocus(501)</onclick>
</control>
<control type="button" id="23">
<posx>0</posx>
<posy>30</posy>
<width>250</width>
<height>50</height>
<texturefocus>-</texturefocus>
<texturenofocus>-</texturenofocus>
<textcolor>black</textcolor>
<focusedcolor>white</focusedcolor>
<label>סרטים חדשים דבריד</label>
<align>center</align>
<font>SmallStrong</font>
<onclick>Control.SetFocus(502)</onclick>
</control>
<control type="button" id="24">
<posx>0</posx>
<posy>30</posy>
<width>250</width>
<height>50</height>
<texturefocus>-</texturefocus>
<texturenofocus>-</texturenofocus>
<textcolor>black</textcolor>
<focusedcolor>white</focusedcolor>
<label>סרטים דבריד 3</label>
<align>center</align>
<font>SmallStrong</font>
<onclick>Control.SetFocus(503)</onclick>
</control>
<control type="button" id="25">
<posx>0</posx>
<posy>30</posy>
<width>250</width>
<height>50</height>
<texturefocus>-</texturefocus>
<texturenofocus>-</texturenofocus>
<textcolor>black</textcolor>
<focusedcolor>white</focusedcolor>
<label>סרטים דבריד 4</label>
<align>center</align>
<font>SmallStrong</font>
<onclick>Control.SetFocus(504)</onclick>
</control>
</control>

</controls>
</window>
