<?xml version="1.0" encoding="UTF-8"?>
<window id="0">
	<defaultcontrol always="true">9000</defaultcontrol>
	<include>fadeInOut</include>
	<onload>RunScript(script.skinshortcuts,type=buildxml&amp;mainmenuID=9000&amp;group=mainmenu|mediacenter)</onload>
	<onload condition="Skin.hassetting(stopVideoOnMenu) + !Player.HasAudio">PlayerControl(stop)</onload>
	<onunload>CancelAlarm(hidemenu,true)</onunload>
	<onload>Skin.SetBool(SkinHelper.EnableMusicArt)</onload>
	<onload>Skin.SetBool(SkinHelper.EnablePVRThumbs)</onload>
	<onload>Skin.SetBool(SkinHelper.EnableExtendedArt)</onload>
	<onload>Skin.SetBool(SkinHelper.EnableExtraFanart)</onload>
	<onload>Skin.SetBool(SkinHelper.EnableAnimatedPosters)</onload>
	<onload>SetProperty(SkinHelper.WidgetContainer,9002,Home)</onload>
	<controls>


	<include>mediacenterscreenhome</include>

	</controls>
</window>
