<?xml version="1.0" encoding="UTF-8"?>
<includes>



<include name="mediacentermainweather">
<control type="group">
<posx>1000</posx>
			<include content="globalanimation">
			<param name="animposx" value="-1000"/>
			<param name="animposy" value="0"/>
			<param name="time" value="1250"/>
			<param name="delay" value="150"/>
			</include>
<control type="label">
<posx>1860</posx>
<posy>823</posy>
<width>670</width>
<height>70</height>
<align>right</align>
<font>font-16</font>
<scroll>true</scroll>
<scrolltime>40</scrolltime>
<font>SmallStrong</font>
<label>$INFO[Weather.Temperature] / $INFO[Window(Weather).Property(Day0.HighTemp)]$INFO[System.TemperatureUnits] - $INFO[Window(Weather).Property(Day0.Outlook)]</label>
</control>
<control type="image">
<posx>1870</posx>
<posy>835</posy>
<height>45</height>
<width>45</width>
<aspectratio>keep</aspectratio>
<texture>resource://resource.images.weathericons.default/$INFO[Weather.fanartcode,,.png]</texture>
</control>
</control>
</include>


</includes>
