<?xml version="1.0" encoding="UTF-8"?>



<includes>


<variable name="mainhomebar">
<value>special://skin/extras/main_home/homemenu_back.png</value>
</variable>


<variable name="widgetimage">
<value condition="!IsEmpty(ListItem.Thumb)">$INFO[ListItem.Thumb]</value>
<value condition="IsEmpty(ListItem.Thumb)">$INFO[ListItem.Poster]</value>
</variable>

<variable name="homelabel">
<value condition="!String.IsEmpty(Skin.String(mediacenterlabel)">$INFO[Skin.String(mediacenterlabel)]</value>
</variable>



<variable name="osdplot">
<value condition="!String.IsEmpty(VideoPlayer.Plot)">$INFO[VideoPlayer.Plot]</value>
<value condition="String.IsEmpty(VideoPlayer.Plot)">$INFO[Window(home).Property(SkinHelper.Player.Plot)]</value>
</variable>

<variable name="osdlabel"> 
<value condition="String.IsEmpty(VideoPlayer.TVShowTitle)">$INFO[VideoPlayer.Title] $INFO[VideoPlayer.Year]</value>
<value condition="!String.IsEmpty(VideoPlayer.TVShowTitle)">$INFO[VideoPlayer.TVShowTitle] $INFO[VideoPlayer.Season,עונה ] $INFO[VideoPlayer.Episode,פרק ]</value>
</variable>

<variable name="osdimage">
<value condition="!IsEmpty(Player.Art(poster)">$INFO[Player.Art(poster)]</value>
<value condition="IsEmpty(Player.Art(poster)">$INFO[Window(home).Proeperty(SkinHelper.Player.Art.Poster)]</value>
</variable>

<variable name="loadingmainscreen">
<value>special://skin/extras/busy/cloe-ferrara-loader2-0.gif</value>
</variable>

<expression name="megawidgetfade">Window.IsActive(6003) | Window.IsActive(6004)</expression>

</includes>
