<?xml version="1.0" encoding="UTF-8"?>



<includes>


<include name="extrasmenus">

<include>telmenu</include>

<include content="mediacenterextramenus">
<param name="extramenuid" value="9008"/>
<param name="extrasmenucontent" value="skinshortcuts-group-mediacenter"/>
</include>

<include content="mediacenterextramenus">
<param name="extramenuid" value="9012"/>
<param name="extrasmenucontent" value="skinshortcuts-group-mediacenterdubbed"/>
</include>
</include>


<include name="mediacenterextramenus">
<definition>
<control type="list" id="$PARAM[extramenuid]">
<visible allowhiddenfocus="true">Control.HasFocus($PARAM[extramenuid])</visible>
<animation condition="$EXP[mediatelesidemenu]" effect="slide" start="0,0" end="-595,0" time="550" tween="sine" easing="inout">Conditional</animation>
<posx>2250</posx>
<posy>430</posy>
<width>400</width>
<height>330</height>
<onback>9000</onback>
<orientation>vertical</orientation>
<itemlayout width="30" height="41">
<control type="image">
<posx>225</posx>
<posy>0</posy>
<width>40</width>
<height>35</height>
<texture colordiffuse="20FFFFFF">colors/white.png</texture>
</control>
<control type="image">
<posx>2</posx>
<posy>0</posy>
<width>220</width>
<height>35</height>
<texture colordiffuse="20FFFFFF">colors/white.png</texture>
</control>
<control type="image">
<posx>235</posx>
<posy>10</posy>
<width>20</width>
<height>20</height>
<texture>special://skin/extras/telegram.png</texture>
</control>
<control type="label">
<posx>0</posx>
<posy>0</posy>
<width>220</width>
<height>35</height>
<align>right</align>
<font>SmallStrong</font>
<label>$INFO[ListItem.Label]</label>
</control>
</itemlayout>
<focusedlayout width="30" height="41">
<control type="image">
                                <animation type="focus" loop="false" reversible="false">
                                    <effect type="fade" time="500"/>
                                    <effect type="rotatey" end="360" center="250,0" tween="back" easing="out" time="1000"/>
                                </animation>
<posx>225</posx>
<posy>0</posy>
<width>40</width>
<height>35</height>
<texture colordiffuse="80FFFFFF">colors/white.png</texture>
</control>
<control type="image">
<posx>2</posx>
<posy>0</posy>
<width>220</width>
<height>35</height>
<texture colordiffuse="20FFFFFF">colors/white.png</texture>
</control>
<control type="image">
<visible>Control.HasFocus($PARAM[extramenuid])</visible>
<posx>2</posx>
<posy>0</posy>
<width>220</width>
<height>35</height>
<texture colordiffuse="50185A9C">colors/white.png</texture>
</control>
<control type="image">
<posx>235</posx>
<posy>10</posy>
<width>20</width>
<height>20</height>
<texture>special://skin/extras/telegram.png</texture>
</control>
<control type="label">
<posx>0</posx>
<posy>0</posy>
<width>220</width>
<height>35</height>
<align>right</align>
<font>SmallStrong</font>
<label>$INFO[ListItem.Label]</label>
</control>
</focusedlayout>
<content><include>$PARAM[extrasmenucontent]</include></content>
</control>

</definition>
</include>

<include name="telmenu">
<control type="list" id="9015">
<visible allowhiddenfocus="true">!Player.HasMedia</visible>
<posx>0</posx>
<posy>1085</posy>
<width>1920</width>
<height>250</height>
<onup>9001</onup>
<onback>9001</onback>
<orientation>horizontal</orientation>
<scrolltime tween="sine" easing="inout">250</scrolltime>
<itemlayout width="205" height="200">
<control type="image">
<posx>0</posx>
<posy>0</posy>
<width>200</width>
<height>65</height>
<texture colordiffuse="black">colors/white.png</texture>
<bordertexture colordiffuse="gray">colors/white.png</bordertexture>
<bordersize>1</bordersize>
</control>
<control type="textbox">
<posx>0</posx>
<posy>0</posy>
<width>200</width>
<height>65</height>
<align>center</align>
<aligny>center</aligny>
<textcolor>white</textcolor>
<shadowcolor>black</shadowcolor>
<font>SmallStrong</font>
<label>$INFO[ListItem.Label]</label>
</control>
</itemlayout>
<focusedlayout width="205" height="200">

<control type="image">
<posx>0</posx>
<posy>0</posy>
<width>200</width>
<height>65</height>
<texture colordiffuse="black">colors/white.png</texture>
<bordertexture colordiffuse="gray">colors/white.png</bordertexture>
<bordersize>1</bordersize>
</control>
<control type="image">
<visible>control.hasfocus(9015)</visible>
<posx>2</posx>
<posy>2</posy>
<width>196</width>
<height>61</height>
<texture colordiffuse="highlight">colors/white.png</texture>
</control>
<control type="textbox">
<posx>0</posx>
<posy>0</posy>
<width>200</width>
<height>65</height>
<align>center</align>
<aligny>center</aligny>
<textcolor>white</textcolor>
<shadowcolor>black</shadowcolor>
<font>SmallStrong</font>
<label>$INFO[ListItem.Label]</label>
</control>
</focusedlayout>
<content><include>skinshortcuts-group-telemenu</include></content>
</control>
</include>

</includes>
