<?xml version="1.0" encoding="UTF-8"?>



<includes>


<variable name="mainhomebar">
<value>special://skin/extras/main_home/homemenu_back.png</value>
</variable>


<variable name="widgetimage">
<value condition="!IsEmpty(ListItem.Thumb)">$INFO[ListItem.Thumb]</value>
<value condition="IsEmpty(ListItem.Thumb)">$INFO[ListItem.Poster]</value>
</variable>

<variable name="homelabel">
<value condition="!String.IsEmpty(Skin.String(mediacenterlabel)">$INFO[Skin.String(mediacenterlabel)]</value>
</variable>



<variable name="osdplot">
<value condition="!String.IsEmpty(VideoPlayer.Plot)">$INFO[VideoPlayer.Plot]</value>
<value condition="String.IsEmpty(VideoPlayer.Plot)">$INFO[Window(home).Property(SkinHelper.Player.Plot)]</value>
</variable>

<variable name="osdlabel"> 
<value condition="String.IsEmpty(VideoPlayer.TVShowTitle)">$INFO[VideoPlayer.Title] $INFO[VideoPlayer.Year]</value>
<value condition="!String.IsEmpty(VideoPlayer.TVShowTitle)">$INFO[VideoPlayer.TVShowTitle] $INFO[VideoPlayer.Season,עונה ] $INFO[VideoPlayer.Episode,פרק ]</value>
</variable>

<variable name="osdimage">
<value condition="!IsEmpty(Player.Art(poster)">$INFO[Player.Art(poster)]</value>
<value condition="IsEmpty(Player.Art(poster)">$INFO[Window(home).Proeperty(SkinHelper.Player.Art.Poster)]</value>
</variable>

<variable name="loadingmainscreen">
<value>special://skin/extras/busy/cloe-ferrara-loader2-0.gif</value>
</variable>

<variable name="mediacentercelarlogos">
<value condition="!IsEmpty(Container(9002).ListItem.Art(clearlogo)) + IsEmpty(Window(home).Property(SkinHelper.ListItem.Art.Clearlogo)) + IsEmpty(Window(home).Property(SkinHelper.ListItem.Art.Clearart)) + Control.IsVisible(9002) + !Control.IsVisible(9003) + !Control.IsVisible(9104)">$INFO[Container(9002).ListItem.Art(clearlogo)]</value>
<value condition="!IsEmpty(Container(9003).ListItem.Art(clearlogo)) + IsEmpty(Window(home).Property(SkinHelper.ListItem.Art.Clearlogo)) + IsEmpty(Window(home).Property(SkinHelper.ListItem.Art.Clearart)) + Control.IsVisible(9003) + !Control.IsVisible(9002) + !Control.IsVisible(9104)">$INFO[Container(9003).ListItem.Art(clearlogo)]</value>
<value condition="!IsEmpty(Container(9104).ListItem.Art(clearlogo)) + IsEmpty(Window(home).Property(SkinHelper.ListItem.Art.Clearlogo)) + IsEmpty(Window(home).Property(SkinHelper.ListItem.Art.Clearart)) + Control.IsVisible(9104) + !Control.IsVisible(9002) + !Control.IsVisible(9003)">$INFO[Container(9003).ListItem.Art(clearlogo)]</value>
<value condition="!IsEmpty(Container(9002).ListItem.Art(clearlart)) + IsEmpty(Window(home).Property(SkinHelper.ListItem.Art.Clearlogo)) + IsEmpty(Window(home).Property(SkinHelper.ListItem.Art.Clearart)) + IsEmpty(Container(9002).ListItem.Art(clearlogo)) + Control.IsVisible(9002) + !Control.IsVisible(9003) + !Control.IsVisible(9104)">$INFO[Container(9002).ListItem.Art(clearart)]</value>
<value condition="!IsEmpty(Container(9003).ListItem.Art(clearlart)) + IsEmpty(Window(home).Property(SkinHelper.ListItem.Art.Clearlogo)) + IsEmpty(Window(home).Property(SkinHelper.ListItem.Art.Clearart)) + IsEmpty(Container(9003).ListItem.Art(clearlogo)) + Control.IsVisible(9003) + !Control.IsVisible(9002) + !Control.IsVisible(9104)">$INFO[Container(9003).ListItem.Art(clearart)]</value>
<value condition="!IsEmpty(Container(9104).ListItem.Art(clearlart)) + IsEmpty(Window(home).Property(SkinHelper.ListItem.Art.Clearlogo)) + IsEmpty(Window(home).Property(SkinHelper.ListItem.Art.Clearart)) + IsEmpty(Container(9104).ListItem.Art(clearlogo)) + Control.IsVisible(9104) + !Control.IsVisible(9002) + !Control.IsVisible(9003)">$INFO[Container(9003).ListItem.Art(clearart)]</value>
<value condition="!IsEmpty(Container(9002).ListItem.Art(tvshow.clearlogo)) + IsEmpty(Window(home).Property(SkinHelper.ListItem.Art.Clearlogo)) + IsEmpty(Window(home).Property(SkinHelper.ListItem.Art.Clearart)) + Control.IsVisible(9002) + !Control.IsVisible(9003) + !Control.IsVisible(9104)">$INFO[Container(9002).ListItem.Art(tvshow.clearlogo)]</value>
<value condition="!IsEmpty(Container(9003).ListItem.Art(tvshow.clearlogo)) + IsEmpty(Window(home).Property(SkinHelper.ListItem.Art.Clearlogo)) + IsEmpty(Window(home).Property(SkinHelper.ListItem.Art.Clearart)) + Control.IsVisible(9003) + !Control.IsVisible(9002) + !Control.IsVisible(9104)">$INFO[Container(9003).ListItem.Art(tvshow.clearlogo)]</value>
<value condition="!IsEmpty(Container(9104).ListItem.Art(tvshow.clearlogo)) + IsEmpty(Window(home).Property(SkinHelper.ListItem.Art.Clearlogo)) + IsEmpty(Window(home).Property(SkinHelper.ListItem.Art.Clearart)) + Control.IsVisible(9104) + !Control.IsVisible(9002) + !Control.IsVisible(9003)">$INFO[Container(9104).ListItem.Art(tvshow.clearlogo)]</value>
<value condition="!IsEmpty(Container(9002).ListItem.Art(tvshow.clearart)) + IsEmpty(Window(home).Property(SkinHelper.ListItem.Art.Clearlogo)) + IsEmpty(Window(home).Property(SkinHelper.ListItem.Art.Clearart)) + Control.IsVisible(9002) + !Control.IsVisible(9003) + !Control.IsVisible(9104)">$INFO[Container(9002).ListItem.Art(tvshow.clearart)]</value>
<value condition="!IsEmpty(Container(9003).ListItem.Art(tvshow.clearart)) + IsEmpty(Window(home).Property(SkinHelper.ListItem.Art.Clearlogo)) + IsEmpty(Window(home).Property(SkinHelper.ListItem.Art.Clearart)) + Control.IsVisible(9003) + !Control.IsVisible(9002) + !Control.IsVisible(9104)">$INFO[Container(9003).ListItem.Art(tvshow.clearart)]</value>
<value condition="!IsEmpty(Container(9104).ListItem.Art(tvshow.clearart)) + IsEmpty(Window(home).Property(SkinHelper.ListItem.Art.Clearlogo)) + IsEmpty(Window(home).Property(SkinHelper.ListItem.Art.Clearart)) + Control.IsVisible(9104) + !Control.IsVisible(9002) + !Control.IsVisible(9003)">$INFO[Container(9104).ListItem.Art(tvshow.clearart)]</value>
</variable>

<variable name="osdinfoextra">
<value condition="!String.IsEmpty(Window(home).Property(SkinHelper.Player.Studio)">$INFO[Window(home).Property(SkinHelper.Player.Studio)]</value>
<value condition="String.IsEmpty(Window(home).Property(SkinHelper.Player.Studio)">$INFO[VideoPlayer.Studio]</value>
</variable>

<expression name="megawidgetfade">Window.IsActive(6003) | Window.IsActive(6004)</expression>
<expression name="mediatelesidemenu">Control.HasFocus(9008)</expression>

</includes>
