<?xml version="1.0" encoding="UTF-8"?>
<includes>

    <!-- HUBS -->








<include name="osdchooser">


<control type="group">
<animation type="WindowOpen">
<effect type="slide" start="0,0" end="-1500,0" time="450" tween="sine" easing="inout"/>
</animation>
<animation type="WindowClose">
<effect type="slide" start="-1500,0" end="0,0" time="450" tween="sine" easing="inout"/>
</animation>
<animation effect="fade" start="0" end="100" time="450">VisibleChange</animation>
<posx>2000</posx>
<posy>50</posy>
<control type="image">
<posx>0</posx>
<posy>0</posy>
<width>825</width>
<height>730</height>
<bordertexture colordiffuse="gray">colors/white.png</bordertexture>
<bordersize>1</bordersize>
<texture colordiffuse="10181818">colors/white.png</texture>
</control>
<control type="multiimage">
<visible>Control.HasFocus(5221)</visible>
<posx>10</posx>
<posy>220</posy>
<width>805</width>
<height>500</height>
<fadetime>250</fadetime>
<imagepath>special://skin/extras/playerscreenshots/screenshot000.png</imagepath>
</control>
<control type="multiimage">
<visible>Control.HasFocus(5220)</visible>
<posx>10</posx>
<posy>220</posy>
<width>805</width>
<height>500</height>
<fadetime>250</fadetime>
<imagepath>special://skin/extras/playerscreenshots/screenshot001.png</imagepath>
</control>


				<control type="grouplist" id="5219">
				<posx>10</posx>
				<posy>10</posy>
				<width>1920</width>
				<height>400</height>
				<orientation>vertical</orientation>
				<itemgap>50</itemgap>
				
				<control type="radiobutton" id="5220">
                    <description>Disable recently added Albums</description>
                    <width>800</width>
                    <label>נגן אמיננס</label>
					<texturefocus colordiffuse="75FFFFFF">colors/white.png</texturefocus>
                    <onclick>Skin.ToggleSetting(eminenceplayer)</onclick>
                    <selected>Skin.HasSetting(eminenceplayer)</selected>
					<enable>!Skin.HasSetting(mediacenterplayer)</enable>
                </control>
					<control type="radiobutton" id="5221">
                    <description>Disable recently added Albums</description>
                    <width>800</width>
                    <label>נגן מדיה סנטר</label>
					<texturefocus colordiffuse="75FFFFFF">colors/white.png</texturefocus>
                    <onclick>Skin.ToggleSetting(mediacenterplayer)</onclick>
                    <selected>Skin.HasSetting(mediacenterplayer)</selected>
					<enable>!Skin.HasSetting(eminenceplayer)</enable>
                </control>
				</control>
				</control>
				</include>


</includes>