<?xml version="1.0" encoding="UTF-8"?>
<window>
    <defaultcontrol always="true">8001</defaultcontrol>

    <controls>
   
   
<control type="image">
 <posx>0</posx>
 <posy>0</posy>
 <width>1920</width>
 <height>1080</height>
 <texture>colors/black.png</texture>
 <colordiffuse>87000000</colordiffuse>
 </control>
 
 
 <control type="list" id="8003">
<animation condition="Control.HasFocus(8003)" effect="slide" start="0,0" end="1020,0" time="650" tween="sine" easing="inout">Conditional</animation>
 <posx>-1020</posx>
 <posy>100</posy>
 <width>0</width>
 <height>500</height>
 <onback>8001</onback>
 <orientation>vertical</orientation>
 <scrolltime tween="sine" easing="inout">250</scrolltime>
 <itemlayout width="220" height="50">
 <control type="image">
 <posx>5</posx>
 <posy>10</posy>
 <width>40</width>
 <height>40</height>
 <texture>$INFO[ListItem.Thumb]</texture>
 </control>
 <control type="label">
 <posx>60</posx>
 <posy>0</posy>
 <width>500</width>
 <height>50</height>
 <align>left</align>
 <label>$INFO[ListItem.Label]</label>
 </control>
 </itemlayout>
 <focusedlayout width="220" height="50">

  <control type="image">
  <visible>Control.HasFocus(8003)</visible>
 <posx>0</posx>
 <posy>5</posy>
 <width>50</width>
 <height>50</height>
 <texture>special://skin/extras/circles/circle-white.png</texture>
 <colordiffuse>50FFFFFF</colordiffuse>
 </control>
 <control type="image">
 <posx>5</posx>
 <posy>10</posy>
 <width>40</width>
 <height>40</height>
 <texture>$INFO[ListItem.Thumb]</texture>
 </control>
 <control type="label">
 <posx>60</posx>
 <posy>0</posy>
 <width>500</width>
 <height>50</height>
 <align>left</align>
 <label>$INFO[ListItem.Label]</label>
 </control>
 </focusedlayout>
 <content>
 <item>
 <thumb>special://skin/extras/osd/video.png</thumb>
 <label>הגדרות וידאו</label>
 
 <onclick>ActivateWindow(osdvideosettings)</onclick>
 </item>
 <item>
 <label>הגדרות אודיו</label>
  <thumb>special://skin/extras/osd/audio.png</thumb>
 <onclick>ActivateWindow(osdaudiosettings)</onclick>
 </item>
  <item>
 <label>הגדר זמן סגירת הנגן</label>
 <thumb>special://skin/extras/osd/tv.png</thumb>
 <onclick>Skin.SetNumeric(SkinHelper.AutoCloseVideoOSD)</onclick>
 </item>
   <item>
 <label>סימניות</label>
 <thumb>special://skin/extras/osd/bookmark.png</thumb>
 <onclick>ActivateWindow(videobookmarks)</onclick>
 </item>
 </content>
 </control>
 
 
 
 
<control type="group">
	<include content="globalanimation">
	<param name="animposx" value="0"/>
	<param name="animposy" value="-1000"/>
	<param name="time" value="650"/>
	</include>
<control type="group">
<posy>1120</posy>

 <control type="image">
 <posx>0</posx>
 <posy>850</posy>
 <width>1920</width>
 <height>120</height>
 <texture>colors/black.png</texture>
 </control>

 </control>
 
<control type="group">
<posx>85</posx>
<posy>1125</posy>
<control type="progress">
<posx>0</posx>
<posy>850</posy>
<width>1715</width>
<height>22</height>
<texturebg border="1,1,1,1" colordiffuse="ff3b3b3b">colors/white.png</texturebg>
<midtexture colordiffuse="burlywood">colors/white.png</midtexture>
<info>Player.ProgressCache</info>
</control>
<control type="progress">
<posx>0</posx>
<posy>850</posy>
<width>1715</width>
<height>22</height>
<texturebg colordiffuse="00FFFFFF">colors/white.png</texturebg>
<midtexture colordiffuse="highlight">colors/white.png</midtexture>
<info>Player.Progress</info>
</control>
<control type="slider" id="117">
		<posx>0</posx>
		<posy>850</posy>
		<width>1715</width>
		<height>22</height>
		<ondown>8001</ondown>
		<orientation>horizontal</orientation>
		<texturesliderbar colordiffuse="00FFFFFF">colors/white.png</texturesliderbar>
		<textureslidernib colordiffuse="FFFFFFFF">colors/white.png</textureslidernib>
		<textureslidernibfocus colordiffuse="90FFFFFF">colors/white.png</textureslidernibfocus>
		<action>seek</action>
		<controloffsetx></controloffsetx>
		<controloffsety></controloffsety>
		<pulseonselect></pulseonselect>
		<orientation>horizontal</orientation>
</control>

</control>

<control type="group">
<posx>0</posx>
<posy>1124</posy>
<control type="label">
<posx>0</posx>
<posy>845</posy>
<width>200</width>
<height>40</height>
<font>SmallStrong</font>
<align>left</align>
<label>$INFO[System.Time]</label>
</control>
<control type="label">
<posx>1920	</posx>
<posy>845</posy>
<width>200</width>
<height>40</height>
<font>SmallStrong</font>
<align>right</align>
<label>$INFO[Player.TimeRemaining(hh:mm:ss)]</label>
</control>
</control>


<control type="button" id="8004">

<posx>85</posx>
<posy>2010</posy>
<width>30</width>
<height>30</height>
<onright>8001</onright>
<ondown>118</ondown>
<texturenofocus>special://skin/extras/osd/menu-4-xxl.png</texturenofocus>
<texturefocus colordiffuse="burlywood">special://skin/extras/osd/menu-4-xxl.png</texturefocus>
<onclick>Control.SetFocus(8003)</onclick>
</control>

<control type="group">
<posy>1152</posy>
<posx>120</posx>
<control type="list" id="8001">
<onright>221</onright>
<ondown>118</ondown>
<onleft>8004</onleft>
<posx>0</posx>
<posy>850</posy>
<width>500</width>
<height>100</height>
<onup>117</onup>
<orientation>horizontal</orientation>
<itemlayout width="50" height="100">
<control type="image">
<posx>0</posx>
<posy>0</posy>
<width>45</width>
<height>45</height>
<texture>$INFO[ListItem.Thumb]</texture>
</control>
</itemlayout>
<focusedlayout width="50" height="100">
<control type="image">
<visible>!Control.HasFocus(8001)</visible>
<posx>0</posx>
<posy>0</posy>
<width>45</width>
<height>45</height>
<texture>$INFO[ListItem.Thumb]</texture>
</control>
<control type="image">
<visible>Control.HasFocus(8001)</visible>
<posx>0</posx>
<posy>0</posy>
<width>45</width>
<height>45</height>
<texture colordiffuse="burlywood">$INFO[ListItem.Thumb]</texture>
</control>
</focusedlayout>
<content>
<item>
<thumb>special://skin/extras/osd/previous.png</thumb>
<onclick>PlayerControl(Previous)</onclick>
</item>
<item>
<thumb>special://skin/extras/osd/rewind.png</thumb>
<onclick>PlayerControl(Rewind)</onclick>
</item>
<item>
<thumb>special://skin/extras/osd/stop.png</thumb>
<onclick>stop</onclick>
</item>
<item>
<visible>!Player.Paused</visible>
<thumb>special://skin/extras/osd/pause.png</thumb>
<onclick>pause</onclick>
</item>
<item>
<visible>Player.Paused</visible>
<thumb>special://skin/extras/osd/play.png</thumb>
<onclick>play</onclick>
</item>
<item>
<thumb>special://skin/extras/osd/forward.png</thumb>
<onclick>PlayerControl(Forward)</onclick>
</item>
<item>
<thumb>special://skin/extras/osd/skipnext.png</thumb>
<onclick>PlayerControl(Next)</onclick>
</item>
</content>
</control>
</control>

<control type="group">
<posy>2000</posy>
<posx>450</posx>
<control type="label">
<posx>0</posx>
<posy>0</posy>
<width>1200</width>
<height>50</height>
<align>left</align>
<font>SmallStrong</font>
<label>$VAR[osdlabel]</label>
</control>

</control>


<control type="grouplist" id="8002">
<onleft>8001</onleft>
<posx>1010</posx>
<posy>2000</posy>
<width>800</width>
<height>50</height>
<align>right</align>
<orientation>horizontal</orientation>
<itemgap>5</itemgap>
<control type="button" id="221">
<posx>0</posx>
<posy>0</posy>
<width>auto</width>
<height>50</height>
<align>right</align>
<textcolor>white</textcolor>
<focusedcolor>burlywood</focusedcolor>
<texturefocus>-</texturefocus>
<texturenofocus>-</texturenofocus>
<label>חפש כתובית</label>
<onclick>ActivateWindow(subtitlesearch)</onclick>
</control>
<control type="button" id="222">
<visible>VideoPlayer.HasSubtitles + !VideoPlayer.SubtitlesEnabled</visible>
<posx>0</posx>
<posy>0</posy>
<width>auto</width>
<height>50</height>
<align>right</align>
<textcolor>white</textcolor>
<focusedcolor>burlywood</focusedcolor>
<texturefocus>-</texturefocus>
<texturenofocus>-</texturenofocus>
<label>הפעל כתובית</label>
<onclick>showsubtitles</onclick>
</control>
<control type="button" id="223">
<visible>VideoPlayer.HasSubtitles + VideoPlayer.SubtitlesEnabled</visible>
<posx>0</posx>
<posy>0</posy>
<width>auto</width>
<height>50</height>
<align>right</align>
<textcolor>white</textcolor>
<focusedcolor>burlywood</focusedcolor>
<texturefocus>-</texturefocus>
<texturenofocus>-</texturenofocus>
<label>בטל כתובית</label>
<onclick>showsubtitles</onclick>
</control>
</control>
<include>mediacenterextrasinfoosd</include>
</control>
 
    </controls>
</window>