<?xml version='1.0' encoding='UTF-8'?>
<shortcuts>
	<shortcut>
		<defaultID>13013</defaultID>
		<label>[COLOR yellow]לוידג'ט מסך ראשי[/COLOR]</label>
		<label2>פריטים מותאמים אישית</label2>
		<icon>Reboot.png</icon>
		<thumb />
		<action>Control.SetFocus(9003)</action>
	</shortcut>
	<shortcut>
		<defaultID>13013</defaultID>
		<label>[COLOR deepskyblue]לוידג'ט עולם הסרטים[/COLOR]</label>
		<label2>פריטים מותאמים אישית</label2>
		<icon>Reboot.png</icon>
		<thumb />
		<action>ActivateWindow(7029)</action>
	</shortcut>
	<shortcut>
		<defaultID>plugin.video.kids_new</defaultID>
		<label>הרחבת הכל לילדים</label>
		<label2>הרחבת וידאו</label2>
		<icon>DefaultShortcut.png</icon>
		<thumb>image://C%3a%5cUsers%5cneta%5cAppData%5cRoaming%5cKodi%5caddons%5cplugin.video.kids_new%5cicon.png/</thumb>
		<action>ActivateWindow(Videos,"plugin://plugin.video.kids_new",return)</action>
	</shortcut>
	<shortcut>
		<defaultID>plugin.video.telemedia</defaultID>
		<label>הרחבת טלמדיה</label>
		<label2>הרחבת וידאו</label2>
		<icon>DefaultShortcut.png</icon>
		<thumb>image://C%3a%5cUsers%5cneta%5cAppData%5cRoaming%5cKodi%5caddons%5cplugin.video.telemedia%5cicon.png/</thumb>
		<action>ActivateWindow(Videos,"plugin://plugin.video.telemedia",return)</action>
	</shortcut>
	<shortcut>
		<defaultID>plugin.video.CHICCO</defaultID>
		<label>הרחבת צי'קו</label>
		<label2>הרחבת וידאו</label2>
		<icon>DefaultShortcut.png</icon>
		<thumb>image://C%3a%5cUsers%5cneta%5cAppData%5cRoaming%5cKodi%5caddons%5cplugin.video.CHICCO%5cicon.png/</thumb>
		<action>ActivateWindow(Videos,"plugin://plugin.video.CHICCO",return)</action>
	</shortcut>
	<shortcut>
		<defaultID />
		<label>הפעל ריל דבריד ResolverUrl</label>
		<label2>פריטים מותאמים אישית</label2>
		<icon>DefaultShortcut.png</icon>
		<thumb />
		<action>RunPlugin(plugin://script.module.resolveurl/?mode=auth_rd,return)</action>
	</shortcut>
	<shortcut>
		<defaultID />
		<label>הרחבות וידאו</label>
		<label2>פריטים מותאמים אישית</label2>
		<icon>DefaultShortcut.png</icon>
		<thumb />
		<action>ActivateWindow(Videos,Addons,return)</action>
	</shortcut>
	<shortcut>
		<defaultID />
		<label>עדכון ידני</label>
		<label2>תוכנה</label2>
		<icon>DefaultShortcut.png</icon>
		<thumb>image://C%3a%5cUsers%5cneta%5cAppData%5cRoaming%5cKodi%5caddons%5cplugin.program.Ghost%5cicon.png/</thumb>
		<action>ActivateWindow(Programs,"plugin://plugin.program.Ghost/?mode=viewbuild&amp;name=+Pellucid+Premium+Ver+1",return)</action>
	</shortcut>
	<shortcut>
		<defaultID>instakill-warningkillsthemediacenterinstantly</defaultID>
		<label>[COLOR red]יציאה[/COLOR]</label>
		<label2>מועדף</label2>
		<icon>DefaultFolder.png</icon>
		<thumb>C:\Users\neta\AppData\Roaming\Kodi\addons\plugin.close.kodi\resources\art\force.png</thumb>
		<action>ActivateWindow(10001,"plugin://plugin.close.kodi/?description&amp;fanart=C%3a%5cUsers%5cneta%5cAppData%5cRoaming%5cKodi%5caddons%5cplugin.close.kodi%5cfanart.jpg&amp;iconimage=C%3a%5cUsers%5cneta%5cAppData%5cRoaming%5cKodi%5caddons%5cplugin.close.kodi%5cresources%5cart%5cforce.png&amp;mode=4&amp;name=Insta%20Kill%20(Warning%20Kills%20The%20MediaCenter%20Instantly)&amp;url=fclose",return)</action>
	</shortcut>
</shortcuts>
