<?xml version='1.0' encoding='UTF-8'?>
<shortcuts>
	<shortcut>
		<defaultID>power</defaultID>
		<label>13012</label>
		<label2>Common Shortcut</label2>
		<icon>DefaultShortcut.png</icon>
		<thumb>special://skin/extras/icons/power.png</thumb>
		<action>ActivateWindow(shutdownmenu)</action>
		<visible>Skin.HasSetting(Home_Horizontal)</visible>
	</shortcut>
	<shortcut>
		<defaultID />
		<label>סרטים צפייה ישירה</label>
		<label2>פריטים מותאמים אישית</label2>
		<icon>DefaultShortcut.png</icon>
		<thumb />
		<action>noop</action>
	</shortcut>
	<shortcut>
		<defaultID />
		<label>סרטים טלמדיה</label>
		<label2>פריטים מותאמים אישית</label2>
		<icon>DefaultShortcut.png</icon>
		<thumb />
		<action>noop</action>
	</shortcut>
	<shortcut>
		<defaultID />
		<label>סרטים ריל דבריד</label>
		<label2>פריטים מותאמים אישית</label2>
		<icon>DefaultShortcut.png</icon>
		<thumb />
		<action>noop</action>
	</shortcut>
	<shortcut>
		<defaultID />
		<label>סרטים מדובבים</label>
		<label2>הרחבת וידאו</label2>
		<icon>DefaultShortcut.png</icon>
		<thumb>image://http%3a%2f%2fmoridim.me%2fimages%2flarge%2f9424.jpg/</thumb>
		<action>ActivateWindow(Videos,"plugin://plugin.video.CHICCO/?url=%D7%A1%D7%A8%D7%98%D7%99%D7%9D%D7%A1%D7%A8%D7%98%D7%99%D7%9D+%D7%9E%D7%93%D7%95%D7%91%D7%91%D7%99%D7%9D&amp;mode=5&amp;name=%D7%A1%D7%A8%D7%98%D7%99%D7%9D+%D7%9E%D7%93%D7%95%D7%91%D7%91%D7%99%D7%9D&amp;iconimage=http%3A%2F%2Fmoridim.me%2Fimages%2Flarge%2F9424.jpg&amp;fanart=http%3A%2F%2Fmoridim.me%2Fimages%2Flarge%2F9424.jpg&amp;description=+&amp;count=0&amp;page=&amp;cat_level= &amp;index_depth=0&amp;selected_list= &amp;lang=eng",return)</action>
	</shortcut>
	<shortcut>
		<defaultID>13013</defaultID>
		<label>סדרות חו"ל טמפסט</label>
		<label2>פריטים מותאמים אישית</label2>
		<icon>Reboot.png</icon>
		<thumb />
		<action>noop</action>
	</shortcut>
	<shortcut>
		<defaultID />
		<label>סדרות חו"ל מנדו</label>
		<label2>פריטים מותאמים אישית</label2>
		<icon>DefaultShortcut.png</icon>
		<thumb />
		<action>noop</action>
	</shortcut>
	<shortcut>
		<defaultID>32056</defaultID>
		<label>סדרות ישראליות</label>
		<label2>פריטים מותאמים אישית</label2>
		<icon>CleanMusicLibrary.png</icon>
		<thumb />
		<action>noop</action>
	</shortcut>
	<shortcut>
		<defaultID>plugin.video.sdarot.tv/genre/7/0</defaultID>
		<label>סדרות מדובבות</label>
		<label2>הרחבת וידאו</label2>
		<icon>DefaultShortcut.png</icon>
		<thumb>image://C%3a%5cUsers%5cneta%5cAppData%5cRoaming%5cKodi%5caddons%5cplugin.video.sdarot.tv%5cfanart.jpg/</thumb>
		<action>ActivateWindow(Videos,"plugin://plugin.video.sdarot.tv/genre/7/0",return)</action>
	</shortcut>
	<shortcut>
		<defaultID />
		<label>סדרות טיוי</label>
		<label2>פריטים מותאמים אישית</label2>
		<icon>DefaultShortcut.png</icon>
		<thumb />
		<action>noop</action>
	</shortcut>
	<shortcut>
		<defaultID />
		<label>ערוצי עידן פלוס ורדיו</label>
		<label2>פריטים מותאמים אישית</label2>
		<icon>DefaultShortcut.png</icon>
		<thumb />
		<action>noop</action>
	</shortcut>
	<shortcut>
		<defaultID />
		<label>סרטים ישראלים</label>
		<label2>פריטים מותאמים אישית</label2>
		<icon>DefaultShortcut.png</icon>
		<thumb />
		<action>noop</action>
	</shortcut>
	<shortcut>
		<defaultID>13013</defaultID>
		<label>הגדרות והרחבות</label>
		<label2>פריטים מותאמים אישית</label2>
		<icon>Reboot.png</icon>
		<thumb />
		<action>noop</action>
	</shortcut>
</shortcuts>
