<?xml version='1.0' encoding='UTF-8'?>
<shortcuts>
	<shortcut>
		<defaultID>13013</defaultID>
		<label>[COLOR yellow]לוידג'ט מסך ראשי[/COLOR]</label>
		<label2>פריטים מותאמים אישית</label2>
		<icon>Reboot.png</icon>
		<thumb />
		<action>Control.SetFocus(9003)</action>
	</shortcut>
	<shortcut>
		<defaultID>coloryellow-i-hgrllysdrh-i-color</defaultID>
		<label>[COLOR yellow][I]הגרל לי סדרה[/I][/COLOR]</label>
		<label2>מועדף</label2>
		<icon>DefaultFolder.png</icon>
		<thumb>https://www.amr-insights.eu/wp-content/uploads/2019/10/dice-3095227_960_720.jpg</thumb>
		<action>PlayMedia("plugin://plugin.video.kids_new/?mode=16&amp;description=%D7%94%D7%92%D7%A8%D7%9C+%D7%9C%D7%99+%D7%A1%D7%93%D7%A8%D7%94&amp;url=www&amp;iconimage=https%3A%2F%2Fwww.amr-insights.eu%2Fwp-content%2Fuploads%2F2019%2F10%2Fdice-3095227_960_720.jpg&amp;fanart=https%3A%2F%2Fwww.amr-insights.eu%2Fwp-content%2Fuploads%2F2019%2F10%2Fdice-3095227_960_720.jpg&amp;video_info=%7B%7D&amp;mode=16&amp;id=&amp;name=%5BCOLOR+yellow%5D%5BI%5D%D7%94%D7%92%D7%A8%D7%9C+%D7%9C%D7%99+%D7%A1%D7%93%D7%A8%D7%94%5B%2FI%5D%5B%2FCOLOR%5D",return)</action>
	</shortcut>
	<shortcut>
		<defaultID>coloryellow-i-dknsdrvt-i-color</defaultID>
		<label>[COLOR yellow][I]עדכן סדרות[/I][/COLOR]</label>
		<label2>מועדף</label2>
		<icon>DefaultFolder.png</icon>
		<thumb>https://www.csri.org.il/wp-content/uploads/2016/10/update-tae40116.jpeg</thumb>
		<action>PlayMedia("plugin://plugin.video.kids_new/?url=tv&amp;mode=6&amp;name=%5BCOLOR+yellow%5D%5BI%5D%D7%A2%D7%93%D7%9B%D7%9F+%D7%A1%D7%93%D7%A8%D7%95%D7%AA%5B%2FI%5D%5B%2FCOLOR%5D",return)</action>
	</shortcut>
	<shortcut>
		<defaultID />
		<label>קדימונים לילדים</label>
		<label2>הרחבת וידאו</label2>
		<icon>DefaultShortcut.png</icon>
		<thumb>image://https%3a%2f%2fimagesvc.timeincapp.com%2fv3%2fmm%2fimage%3furl%3dhttps%253A%252F%252Fewedit.files.wordpress.com%252F2017%252F11%252Fanimationsplit.jpg%253Fw%253D2000%26w%3d700%26q%3d85/</thumb>
		<action>ActivateWindow(Videos,"plugin://plugin.video.kids_new/?mode=4&amp;description=%D7%98%D7%A8%D7%9C%D7%99%D7%99%D7%A8%D7%99%D7%9D&amp;url=www&amp;iconimage=https%3A%2F%2Fimagesvc.timeincapp.com%2Fv3%2Fmm%2Fimage%3Furl%3Dhttps%253A%252F%252Fewedit.files.wordpress.com%252F2017%252F11%252Fanimationsplit.jpg%253Fw%253D2000%26w%3D700%26q%3D85&amp;fanart=https%3A%2F%2Fcdn1.thr.com%2Fsites%2Fdefault%2Ffiles%2Fimagecache%2Flist_landscape_960x541%2F2017%2F08%2Fcoco_ferdinand_the_star_lego_ninjago_my_little_pony_-_split_-_publicity_-_h_2017_1.jpg&amp;mode=4&amp;name=%D7%A7%D7%93%D7%99%D7%9E%D7%95%D7%A0%D7%99%D7%9D+%D7%9C%D7%99%D7%9C%D7%93%D7%99%D7%9D",return)</action>
	</shortcut>
	<shortcut>
		<defaultID />
		<label>סדרות מועדפות</label>
		<label2>הרחבת וידאו</label2>
		<icon>DefaultShortcut.png</icon>
		<thumb>image://https%3a%2f%2fwww.netclipart.com%2fpp%2fm%2f186-1868147_kids-logo-tv-show-logos-childrens-logo-church.png/</thumb>
		<action>ActivateWindow(Videos,"plugin://plugin.video.kids_new/?mode=8&amp;description=%D7%A1%D7%93%D7%A8%D7%95%D7%AA+%D7%9E%D7%95%D7%A2%D7%93%D7%A4%D7%95%D7%AA&amp;url=www&amp;iconimage=https%3A%2F%2Fwww.netclipart.com%2Fpp%2Fm%2F186-1868147_kids-logo-tv-show-logos-childrens-logo-church.png&amp;fanart=https%3A%2F%2Fwww.denofgeek.com%2Fwp-content%2Fuploads%2F2020%2F03%2FUK-Kids-streaming.jpg%3Ffit%3D1200%252C675&amp;mode=8&amp;name=%D7%A1%D7%93%D7%A8%D7%95%D7%AA+%D7%9E%D7%95%D7%A2%D7%93%D7%A4%D7%95%D7%AA",return)</action>
	</shortcut>
	<shortcut>
		<defaultID />
		<label>(1195)  סדרות לפי עמודים</label>
		<label2>הרחבת וידאו</label2>
		<icon>DefaultShortcut.png</icon>
		<thumb>image://https%3a%2f%2ftravelmamas.com%2fwp-content%2fuploads%2f2017%2f10%2fbest_travel_movies_for_kids_frozen-837x1200.jpg/</thumb>
		<action>ActivateWindow(Videos,"plugin://plugin.video.kids_new/?mode=13&amp;description=%D7%99%D7%9C%D7%93%D7%99%D7%9D&amp;url=0&amp;iconimage=https%3A%2F%2Ftravelmamas.com%2Fwp-content%2Fuploads%2F2017%2F10%2Fbest_travel_movies_for_kids_frozen-837x1200.jpg&amp;fanart=https%3A%2F%2Fwww.slashfilm.com%2Fwp%2Fwp-content%2Fimages%2FAstro-Boy.jpg&amp;mode=13&amp;name=%281195%29++%D7%A1%D7%93%D7%A8%D7%95%D7%AA+%D7%9C%D7%A4%D7%99+%D7%A2%D7%9E%D7%95%D7%93%D7%99%D7%9D",return)</action>
	</shortcut>
	<shortcut>
		<defaultID />
		<label>(1195)  סדרות לפי לפי א-ב</label>
		<label2>הרחבת וידאו</label2>
		<icon>DefaultShortcut.png</icon>
		<thumb>image://https%3a%2f%2ftravelmamas.com%2fwp-content%2fuploads%2f2017%2f10%2fbest_travel_movies_for_kids_frozen-837x1200.jpg/</thumb>
		<action>ActivateWindow(Videos,"plugin://plugin.video.kids_new/?mode=14&amp;description=%D7%99%D7%9C%D7%93%D7%99%D7%9D&amp;url=0&amp;iconimage=https%3A%2F%2Ftravelmamas.com%2Fwp-content%2Fuploads%2F2017%2F10%2Fbest_travel_movies_for_kids_frozen-837x1200.jpg&amp;fanart=https%3A%2F%2Fwww.slashfilm.com%2Fwp%2Fwp-content%2Fimages%2FAstro-Boy.jpg&amp;mode=14&amp;name=%281195%29++%D7%A1%D7%93%D7%A8%D7%95%D7%AA+%D7%9C%D7%A4%D7%99+%D7%9C%D7%A4%D7%99+%D7%90-%D7%91",return)</action>
	</shortcut>
	<shortcut>
		<defaultID>plugin.video.sdarot.tv/genre/7/0</defaultID>
		<label>סדרות טיוי אנימציה</label>
		<label2>הרחבת וידאו</label2>
		<icon>DefaultShortcut.png</icon>
		<thumb>image://C%3a%5cUsers%5cneta%5cAppData%5cRoaming%5cKodi%5caddons%5cplugin.video.sdarot.tv%5cfanart.jpg/</thumb>
		<action>ActivateWindow(Videos,"plugin://plugin.video.sdarot.tv/genre/7/0",return)</action>
	</shortcut>
	<shortcut>
		<defaultID>plugin.video.sdarot.tv/genre/38/0</defaultID>
		<label>סדרות טיוי ילדים מדובב</label>
		<label2>הרחבת וידאו</label2>
		<icon>DefaultShortcut.png</icon>
		<thumb>image://C%3a%5cUsers%5cneta%5cAppData%5cRoaming%5cKodi%5caddons%5cplugin.video.sdarot.tv%5cfanart.jpg/</thumb>
		<action>ActivateWindow(Videos,"plugin://plugin.video.sdarot.tv/genre/38/0",return)</action>
	</shortcut>
	<shortcut>
		<defaultID>plugin.video.sdarot.tv/genre/18/0</defaultID>
		<label>סדרות ילדים אנימה</label>
		<label2>הרחבת וידאו</label2>
		<icon>DefaultShortcut.png</icon>
		<thumb>image://C%3a%5cUsers%5cneta%5cAppData%5cRoaming%5cKodi%5caddons%5cplugin.video.sdarot.tv%5cfanart.jpg/</thumb>
		<action>ActivateWindow(Videos,"plugin://plugin.video.sdarot.tv/genre/18/0",return)</action>
	</shortcut>
	<shortcut>
		<defaultID />
		<label>גוסט סדרות מדובבות</label>
		<label2>הרחבת וידאו</label2>
		<icon>DefaultShortcut.png</icon>
		<thumb>image://https%3a%2f%2fkcat123.github.io%2fFTV%2fImages%2fTV-Shows.Dubbed.Cartoons.jpg/</thumb>
		<action>ActivateWindow(Videos,"plugin://plugin.video.FlashTV/?url=%D7%99%D7%9C%D7%93%D7%99%D7%9D%D7%A1%D7%93%D7%A8%D7%95%D7%AA+%D7%9E%D7%93%D7%95%D7%91%D7%91%D7%95%D7%AA&amp;mode=5&amp;name=%D7%A1%D7%93%D7%A8%D7%95%D7%AA+%D7%9E%D7%93%D7%95%D7%91%D7%91%D7%95%D7%AA&amp;iconimage=https%3A%2F%2Fkcat123.github.io%2FFTV%2FImages%2FTV-Shows.Dubbed.Cartoons.jpg&amp;fanart=&amp;description=+&amp;count=0&amp;page=&amp;cat_level= &amp;index_depth=0&amp;selected_list= &amp;lang=eng",return)</action>
	</shortcut>
</shortcuts>
