<?xml version='1.0' encoding='UTF-8'?>
<shortcuts>
	<shortcut>
		<defaultID />
		<label>[COLOR yellow]לוידג'ט מסך ראשי[/COLOR]</label>
		<label2>פריטים מותאמים אישית</label2>
		<icon>DefaultShortcut.png</icon>
		<thumb />
		<action>Control.SetFocus(9003)</action>
	</shortcut>
	<shortcut>
		<defaultID>13013</defaultID>
		<label>[COLOR deepskyblue]לוידג'ט מה חדש בעידן[/COLOR]</label>
		<label2>פריטים מותאמים אישית</label2>
		<icon>Reboot.png</icon>
		<thumb />
		<action>ActivateWindow(7028)</action>
	</shortcut>
	<shortcut>
		<defaultID>13013</defaultID>
		<label>גוסט ערוצי רדיו מכל העולם</label>
		<label2>פריטים מותאמים אישית</label2>
		<icon>Reboot.png</icon>
		<thumb />
		<action>ActivateWindow(6009)</action>
	</shortcut>
	<shortcut>
		<defaultID />
		<label>[B]מועדפי עידן פלוס[/B]</label>
		<label2>הרחבת וידאו</label2>
		<icon>DefaultShortcut.png</icon>
		<thumb>image://C%3a%5cUsers%5cneta%5cAppData%5cRoaming%5cKodi%5caddons%5cplugin.video.idanplus%5cicon.png/</thumb>
		<action>ActivateWindow(Videos,"plugin://plugin.video.idanplus/?moredata=&amp;name=%5BB%5D%D7%9E%D7%95%D7%A2%D7%93%D7%A4%D7%99+%D7%A2%D7%99%D7%93%D7%9F+%D7%A4%D7%9C%D7%95%D7%A1%5B%2FB%5D&amp;url=&amp;iconimage=C%253A%255CUsers%255Cneta%255CAppData%255CRoaming%255CKodi%255Caddons%255Cplugin.video.idanplus%255Cicon.png&amp;module=&amp;mode=10",return)</action>
	</shortcut>
	<shortcut>
		<defaultID />
		<label>[B]חיפוש תכניות[/B]</label>
		<label2>הרחבת וידאו</label2>
		<icon>DefaultShortcut.png</icon>
		<thumb>image://C%3a%5cUsers%5cneta%5cAppData%5cRoaming%5cKodi%5caddons%5cplugin.video.idanplus%5cicon.png/</thumb>
		<action>ActivateWindow(Videos,"plugin://plugin.video.idanplus/?moredata=&amp;name=%5BB%5D%D7%97%D7%99%D7%A4%D7%95%D7%A9+%D7%AA%D7%9B%D7%A0%D7%99%D7%95%D7%AA%5B%2FB%5D&amp;url=&amp;iconimage=C%253A%255CUsers%255Cneta%255CAppData%255CRoaming%255CKodi%255Caddons%255Cplugin.video.idanplus%255Cicon.png&amp;module=&amp;mode=4",return)</action>
	</shortcut>
	<shortcut>
		<defaultID />
		<label>[B]טלויזיה[/B]</label>
		<label2>הרחבת וידאו</label2>
		<icon>DefaultShortcut.png</icon>
		<thumb>image://C%3a%5cUsers%5cneta%5cAppData%5cRoaming%5cKodi%5caddons%5cplugin.video.idanplus%5cicon.png/</thumb>
		<action>ActivateWindow(Videos,"plugin://plugin.video.idanplus/?moredata=&amp;name=%5BB%5D%D7%98%D7%9C%D7%95%D7%99%D7%96%D7%99%D7%94%5B%2FB%5D&amp;url=&amp;iconimage=C%253A%255CUsers%255Cneta%255CAppData%255CRoaming%255CKodi%255Caddons%255Cplugin.video.idanplus%255Cicon.png&amp;module=&amp;mode=1",return)</action>
	</shortcut>
	<shortcut>
		<defaultID />
		<label>[B]VOD[/B]</label>
		<label2>הרחבת וידאו</label2>
		<icon>DefaultShortcut.png</icon>
		<thumb>image://C%3a%5cUsers%5cneta%5cAppData%5cRoaming%5cKodi%5caddons%5cplugin.video.idanplus%5cicon.png/</thumb>
		<action>ActivateWindow(Videos,"plugin://plugin.video.idanplus/?moredata=&amp;name=%5BB%5DVOD%5B%2FB%5D&amp;url=&amp;iconimage=C%253A%255CUsers%255Cneta%255CAppData%255CRoaming%255CKodi%255Caddons%255Cplugin.video.idanplus%255Cicon.png&amp;module=&amp;mode=2",return)</action>
	</shortcut>
	<shortcut>
		<defaultID />
		<label>[B]תכניות רדיו[/B]</label>
		<label2>הרחבת וידאו</label2>
		<icon>DefaultShortcut.png</icon>
		<thumb>image://C%3a%5cUsers%5cneta%5cAppData%5cRoaming%5cKodi%5caddons%5cplugin.video.idanplus%5cicon.png/</thumb>
		<action>ActivateWindow(Videos,"plugin://plugin.video.idanplus/?moredata=&amp;name=%5BB%5D%D7%AA%D7%9B%D7%A0%D7%99%D7%95%D7%AA+%D7%A8%D7%93%D7%99%D7%95%5B%2FB%5D&amp;url=&amp;iconimage=C%253A%255CUsers%255Cneta%255CAppData%255CRoaming%255CKodi%255Caddons%255Cplugin.video.idanplus%255Cicon.png&amp;module=&amp;mode=12",return)</action>
	</shortcut>
	<shortcut>
		<defaultID />
		<label>[B]פודקאסטים[/B]</label>
		<label2>הרחבת וידאו</label2>
		<icon>DefaultShortcut.png</icon>
		<thumb>image://C%3a%5cUsers%5cneta%5cAppData%5cRoaming%5cKodi%5caddons%5cplugin.video.idanplus%5cicon.png/</thumb>
		<action>ActivateWindow(Videos,"plugin://plugin.video.idanplus/?moredata=&amp;name=%5BB%5D%D7%A4%D7%95%D7%93%D7%A7%D7%90%D7%A1%D7%98%D7%99%D7%9D%5B%2FB%5D&amp;url=&amp;iconimage=C%253A%255CUsers%255Cneta%255CAppData%255CRoaming%255CKodi%255Caddons%255Cplugin.video.idanplus%255Cicon.png&amp;module=&amp;mode=13",return)</action>
	</shortcut>
	<shortcut>
		<defaultID />
		<label>[B]מוזיקה[/B]</label>
		<label2>הרחבת וידאו</label2>
		<icon>DefaultShortcut.png</icon>
		<thumb>image://C%3a%5cUsers%5cneta%5cAppData%5cRoaming%5cKodi%5caddons%5cplugin.video.idanplus%5cicon.png/</thumb>
		<action>ActivateWindow(Videos,"plugin://plugin.video.idanplus/?moredata=&amp;name=%5BB%5D%D7%9E%D7%95%D7%96%D7%99%D7%A7%D7%94%5B%2FB%5D&amp;url=&amp;iconimage=C%253A%255CUsers%255Cneta%255CAppData%255CRoaming%255CKodi%255Caddons%255Cplugin.video.idanplus%255Cicon.png&amp;module=&amp;mode=14",return)</action>
	</shortcut>
</shortcuts>
