<?xml version='1.0' encoding='UTF-8'?>
<shortcuts>
	<shortcut>
		<defaultID />
		<label>[COLOR yellow]לוידג'ט מסך ראשי[/COLOR]</label>
		<label2>פריטים מותאמים אישית</label2>
		<icon>DefaultShortcut.png</icon>
		<thumb />
		<action>Control.SetFocus(9002)</action>
	</shortcut>
	<shortcut>
		<defaultID />
		<label>סדרות החדשים</label>
		<label2>הרחבת וידאו</label2>
		<icon>DefaultShortcut.png</icon>
		<thumb>image://%20/</thumb>
		<action>ActivateWindow(Videos,"plugin://plugin.video.mando/?mode=117&amp;dates=+&amp;episode=+&amp;description=tvhoswtest&amp;all_w=%7B%7D&amp;show_original_year=+&amp;fanart=+&amp;heb_name=+&amp;iconimage=+&amp;original_title=+&amp;eng_name=+&amp;data=+&amp;url=moshep15%24%24%24%24%24%24%24%24%24%24%24tvhoswtest%5E%5E%5E%5E%5E%5E%5E%5Etv%3Flimit%3D40%26page%3D1&amp;fav_status=false&amp;tmdbid=+&amp;season=+&amp;isr=0&amp;last_id=&amp;image_master=&amp;id=+&amp;name=tvhoswtest&amp;video_data=%7B%22rating%22%3A+%220%22%2C+%22episode%22%3A+0%2C+%22title%22%3A+%22tvhoswtest%22%2C+%22season%22%3A+0%2C+%22TVshowtitle%22%3A+%22%22%2C+%22mediatype%22%3A+%22movie%22%2C+%22plot%22%3A+%22tvhoswtest%22%2C+%22OriginalTitle%22%3A+%22+%22%2C+%22Tag%22%3A+%22116%22%2C+%22id%22%3A+%22+%22%7D",return)</action>
	</shortcut>
	<shortcut>
		<defaultID />
		<label>סדרות החדשים 2</label>
		<label2>הרחבת וידאו</label2>
		<icon>DefaultShortcut.png</icon>
		<thumb>image://%20/</thumb>
		<action>ActivateWindow(Videos,"plugin://plugin.video.mando/?mode=117&amp;dates=+&amp;episode=+&amp;description=tvhoswtest1&amp;all_w=%7B%7D&amp;show_original_year=+&amp;fanart=+&amp;heb_name=+&amp;iconimage=+&amp;original_title=+&amp;eng_name=+&amp;data=+&amp;url=moshep15%24%24%24%24%24%24%24%24%24%24%24tvhoswtest1%5E%5E%5E%5E%5E%5E%5E%5Etv%3Flimit%3D40%26page%3D1&amp;fav_status=false&amp;tmdbid=+&amp;season=+&amp;isr=0&amp;last_id=&amp;image_master=&amp;id=+&amp;name=tvhoswtest1&amp;video_data=%7B%22rating%22%3A+%220%22%2C+%22episode%22%3A+0%2C+%22title%22%3A+%22tvhoswtest1%22%2C+%22season%22%3A+0%2C+%22TVshowtitle%22%3A+%22%22%2C+%22mediatype%22%3A+%22movie%22%2C+%22plot%22%3A+%22tvhoswtest1%22%2C+%22OriginalTitle%22%3A+%22+%22%2C+%22Tag%22%3A+%22116%22%2C+%22id%22%3A+%22+%22%7D",return)</action>
	</shortcut>
	<shortcut>
		<defaultID />
		<label>סדרות דוקומנטרי</label>
		<label2>הרחבת וידאו</label2>
		<icon>DefaultShortcut.png</icon>
		<thumb>image://%20/</thumb>
		<action>ActivateWindow(Videos,"plugin://plugin.video.mando/?mode=117&amp;dates=+&amp;episode=+&amp;description=tvshowsrealitydocu&amp;all_w=%7B%7D&amp;show_original_year=+&amp;fanart=+&amp;heb_name=+&amp;iconimage=+&amp;original_title=+&amp;eng_name=+&amp;data=+&amp;url=moshep15%24%24%24%24%24%24%24%24%24%24%24tvshowsrealitydocu%5E%5E%5E%5E%5E%5E%5E%5Etv%3Flimit%3D40%26page%3D1&amp;fav_status=false&amp;tmdbid=+&amp;season=+&amp;isr=0&amp;last_id=&amp;image_master=&amp;id=+&amp;name=tvshowsrealitydocu&amp;video_data=%7B%22rating%22%3A+%220%22%2C+%22episode%22%3A+0%2C+%22title%22%3A+%22tvshowsrealitydocu%22%2C+%22season%22%3A+0%2C+%22TVshowtitle%22%3A+%22%22%2C+%22mediatype%22%3A+%22movie%22%2C+%22plot%22%3A+%22tvshowsrealitydocu%22%2C+%22OriginalTitle%22%3A+%22+%22%2C+%22Tag%22%3A+%22116%22%2C+%22id%22%3A+%22+%22%7D",return)</action>
	</shortcut>
	<shortcut>
		<defaultID />
		<label>סדרות נוסטלגיה</label>
		<label2>הרחבת וידאו</label2>
		<icon>DefaultShortcut.png</icon>
		<thumb>image://%20/</thumb>
		<action>ActivateWindow(Videos,"plugin://plugin.video.mando/?mode=117&amp;dates=+&amp;episode=+&amp;description=tvshow-nostalgy&amp;all_w=%7B%7D&amp;show_original_year=+&amp;fanart=+&amp;heb_name=+&amp;iconimage=+&amp;original_title=+&amp;eng_name=+&amp;data=+&amp;url=moshep15%24%24%24%24%24%24%24%24%24%24%24tvshow-nostalgy%5E%5E%5E%5E%5E%5E%5E%5Etv%3Flimit%3D40%26page%3D1&amp;fav_status=false&amp;tmdbid=+&amp;season=+&amp;isr=0&amp;last_id=&amp;image_master=&amp;id=+&amp;name=tvshow-nostalgy&amp;video_data=%7B%22rating%22%3A+%220%22%2C+%22episode%22%3A+0%2C+%22title%22%3A+%22tvshow-nostalgy%22%2C+%22season%22%3A+0%2C+%22TVshowtitle%22%3A+%22%22%2C+%22mediatype%22%3A+%22movie%22%2C+%22plot%22%3A+%22tvshow-nostalgy%22%2C+%22OriginalTitle%22%3A+%22+%22%2C+%22Tag%22%3A+%22116%22%2C+%22id%22%3A+%22+%22%7D",return)</action>
	</shortcut>
	<shortcut>
		<defaultID />
		<label>סדרות פשע</label>
		<label2>הרחבת וידאו</label2>
		<icon>DefaultShortcut.png</icon>
		<thumb>image://%20/</thumb>
		<action>ActivateWindow(Videos,"plugin://plugin.video.mando/?mode=117&amp;dates=+&amp;episode=+&amp;description=crime-tvshow&amp;all_w=%7B%7D&amp;show_original_year=+&amp;fanart=+&amp;heb_name=+&amp;iconimage=+&amp;original_title=+&amp;eng_name=+&amp;data=+&amp;url=moshep15%24%24%24%24%24%24%24%24%24%24%24crime-tvshow%5E%5E%5E%5E%5E%5E%5E%5Etv%3Flimit%3D40%26page%3D1&amp;fav_status=false&amp;tmdbid=+&amp;season=+&amp;isr=0&amp;last_id=&amp;image_master=&amp;id=+&amp;name=crime-tvshow&amp;video_data=%7B%22rating%22%3A+%220%22%2C+%22episode%22%3A+0%2C+%22title%22%3A+%22crime-tvshow%22%2C+%22season%22%3A+0%2C+%22TVshowtitle%22%3A+%22%22%2C+%22mediatype%22%3A+%22movie%22%2C+%22plot%22%3A+%22crime-tvshow%22%2C+%22OriginalTitle%22%3A+%22+%22%2C+%22Tag%22%3A+%22116%22%2C+%22id%22%3A+%22+%22%7D",return)</action>
	</shortcut>
	<shortcut>
		<defaultID />
		<label>סדרות קומדיה</label>
		<label2>הרחבת וידאו</label2>
		<icon>DefaultShortcut.png</icon>
		<thumb>image://%20/</thumb>
		<action>ActivateWindow(Videos,"plugin://plugin.video.mando/?mode=117&amp;dates=+&amp;episode=+&amp;description=comedy-tvshow&amp;all_w=%7B%7D&amp;show_original_year=+&amp;fanart=+&amp;heb_name=+&amp;iconimage=+&amp;original_title=+&amp;eng_name=+&amp;data=+&amp;url=moshep15%24%24%24%24%24%24%24%24%24%24%24comedy-tvshow%5E%5E%5E%5E%5E%5E%5E%5Etv%3Flimit%3D40%26page%3D1&amp;fav_status=false&amp;tmdbid=+&amp;season=+&amp;isr=0&amp;last_id=&amp;image_master=&amp;id=+&amp;name=comedy-tvshow&amp;video_data=%7B%22rating%22%3A+%220%22%2C+%22episode%22%3A+0%2C+%22title%22%3A+%22comedy-tvshow%22%2C+%22season%22%3A+0%2C+%22TVshowtitle%22%3A+%22%22%2C+%22mediatype%22%3A+%22movie%22%2C+%22plot%22%3A+%22comedy-tvshow%22%2C+%22OriginalTitle%22%3A+%22+%22%2C+%22Tag%22%3A+%22116%22%2C+%22id%22%3A+%22+%22%7D",return)</action>
	</shortcut>
	<shortcut>
		<defaultID />
		<label>סדרות דרמה</label>
		<label2>הרחבת וידאו</label2>
		<icon>DefaultShortcut.png</icon>
		<thumb>image://%20/</thumb>
		<action>ActivateWindow(Videos,"plugin://plugin.video.mando/?mode=117&amp;dates=+&amp;episode=+&amp;description=drama-tvhosw&amp;all_w=%7B%7D&amp;show_original_year=+&amp;fanart=+&amp;heb_name=+&amp;iconimage=+&amp;original_title=+&amp;eng_name=+&amp;data=+&amp;url=moshep15%24%24%24%24%24%24%24%24%24%24%24drama-tvhosw%5E%5E%5E%5E%5E%5E%5E%5Etv%3Flimit%3D40%26page%3D1&amp;fav_status=false&amp;tmdbid=+&amp;season=+&amp;isr=0&amp;last_id=&amp;image_master=&amp;id=+&amp;name=drama-tvhosw&amp;video_data=%7B%22rating%22%3A+%220%22%2C+%22episode%22%3A+0%2C+%22title%22%3A+%22drama-tvhosw%22%2C+%22season%22%3A+0%2C+%22TVshowtitle%22%3A+%22%22%2C+%22mediatype%22%3A+%22movie%22%2C+%22plot%22%3A+%22drama-tvhosw%22%2C+%22OriginalTitle%22%3A+%22+%22%2C+%22Tag%22%3A+%22116%22%2C+%22id%22%3A+%22+%22%7D",return)</action>
	</shortcut>
	<shortcut>
		<defaultID />
		<label>סדרות משפחה</label>
		<label2>הרחבת וידאו</label2>
		<icon>DefaultShortcut.png</icon>
		<thumb>image://%20/</thumb>
		<action>ActivateWindow(Videos,"plugin://plugin.video.mando/?mode=117&amp;dates=+&amp;episode=+&amp;description=family-tvshows&amp;all_w=%7B%7D&amp;show_original_year=+&amp;fanart=+&amp;heb_name=+&amp;iconimage=+&amp;original_title=+&amp;eng_name=+&amp;data=+&amp;url=moshep15%24%24%24%24%24%24%24%24%24%24%24family-tvshows%5E%5E%5E%5E%5E%5E%5E%5Etv%3Flimit%3D40%26page%3D1&amp;fav_status=false&amp;tmdbid=+&amp;season=+&amp;isr=0&amp;last_id=&amp;image_master=&amp;id=+&amp;name=family-tvshows&amp;video_data=%7B%22rating%22%3A+%220%22%2C+%22episode%22%3A+0%2C+%22title%22%3A+%22family-tvshows%22%2C+%22season%22%3A+0%2C+%22TVshowtitle%22%3A+%22%22%2C+%22mediatype%22%3A+%22movie%22%2C+%22plot%22%3A+%22family-tvshows%22%2C+%22OriginalTitle%22%3A+%22+%22%2C+%22Tag%22%3A+%22116%22%2C+%22id%22%3A+%22+%22%7D",return)</action>
	</shortcut>
	<shortcut>
		<defaultID />
		<label>סדרות מדע בדיוני</label>
		<label2>הרחבת וידאו</label2>
		<icon>DefaultShortcut.png</icon>
		<thumb>image://%20/</thumb>
		<action>ActivateWindow(Videos,"plugin://plugin.video.mando/?mode=117&amp;dates=+&amp;episode=+&amp;description=cifi-tvshows&amp;all_w=%7B%7D&amp;show_original_year=+&amp;fanart=+&amp;heb_name=+&amp;iconimage=+&amp;original_title=+&amp;eng_name=+&amp;data=+&amp;url=moshep15%24%24%24%24%24%24%24%24%24%24%24cifi-tvshows%5E%5E%5E%5E%5E%5E%5E%5Etv%3Flimit%3D40%26page%3D1&amp;fav_status=false&amp;tmdbid=+&amp;season=+&amp;isr=0&amp;last_id=&amp;image_master=&amp;id=+&amp;name=cifi-tvshows&amp;video_data=%7B%22rating%22%3A+%220%22%2C+%22episode%22%3A+0%2C+%22title%22%3A+%22cifi-tvshows%22%2C+%22season%22%3A+0%2C+%22TVshowtitle%22%3A+%22%22%2C+%22mediatype%22%3A+%22movie%22%2C+%22plot%22%3A+%22cifi-tvshows%22%2C+%22OriginalTitle%22%3A+%22+%22%2C+%22Tag%22%3A+%22116%22%2C+%22id%22%3A+%22+%22%7D",return)</action>
	</shortcut>
	<shortcut>
		<defaultID />
		<label>סדרות טבע</label>
		<label2>הרחבת וידאו</label2>
		<icon>DefaultShortcut.png</icon>
		<thumb>image://%20/</thumb>
		<action>ActivateWindow(Videos,"plugin://plugin.video.mando/?mode=117&amp;dates=+&amp;episode=+&amp;description=nature-tvshows&amp;all_w=%7B%7D&amp;show_original_year=+&amp;fanart=+&amp;heb_name=+&amp;iconimage=+&amp;original_title=+&amp;eng_name=+&amp;data=+&amp;url=moshep15%24%24%24%24%24%24%24%24%24%24%24nature-tvshows%5E%5E%5E%5E%5E%5E%5E%5Etv%3Flimit%3D40%26page%3D1&amp;fav_status=false&amp;tmdbid=+&amp;season=+&amp;isr=0&amp;last_id=&amp;image_master=&amp;id=+&amp;name=nature-tvshows&amp;video_data=%7B%22rating%22%3A+%220%22%2C+%22episode%22%3A+0%2C+%22title%22%3A+%22nature-tvshows%22%2C+%22season%22%3A+0%2C+%22TVshowtitle%22%3A+%22%22%2C+%22mediatype%22%3A+%22movie%22%2C+%22plot%22%3A+%22nature-tvshows%22%2C+%22OriginalTitle%22%3A+%22+%22%2C+%22Tag%22%3A+%22116%22%2C+%22id%22%3A+%22+%22%7D",return)</action>
	</shortcut>
	<shortcut>
		<defaultID />
		<label>סדרות אקשן</label>
		<label2>הרחבת וידאו</label2>
		<icon>DefaultShortcut.png</icon>
		<thumb>image://%20/</thumb>
		<action>ActivateWindow(Videos,"plugin://plugin.video.mando/?mode=117&amp;dates=+&amp;episode=+&amp;description=action-tvshows&amp;all_w=%7B%7D&amp;show_original_year=+&amp;fanart=+&amp;heb_name=+&amp;iconimage=+&amp;original_title=+&amp;eng_name=+&amp;data=+&amp;url=moshep15%24%24%24%24%24%24%24%24%24%24%24action-tvshows%5E%5E%5E%5E%5E%5E%5E%5Etv%3Flimit%3D40%26page%3D1&amp;fav_status=false&amp;tmdbid=+&amp;season=+&amp;isr=0&amp;last_id=&amp;image_master=&amp;id=+&amp;name=action-tvshows&amp;video_data=%7B%22rating%22%3A+%220%22%2C+%22episode%22%3A+0%2C+%22title%22%3A+%22action-tvshows%22%2C+%22season%22%3A+0%2C+%22TVshowtitle%22%3A+%22%22%2C+%22mediatype%22%3A+%22movie%22%2C+%22plot%22%3A+%22action-tvshows%22%2C+%22OriginalTitle%22%3A+%22+%22%2C+%22Tag%22%3A+%22116%22%2C+%22id%22%3A+%22+%22%7D",return)</action>
	</shortcut>
	<shortcut>
		<defaultID />
		<label>סדרות ילדים</label>
		<label2>הרחבת וידאו</label2>
		<icon>DefaultShortcut.png</icon>
		<thumb>image://%20/</thumb>
		<action>ActivateWindow(Videos,"plugin://plugin.video.mando/?mode=117&amp;dates=+&amp;episode=+&amp;description=kids-tvshows&amp;all_w=%7B%7D&amp;show_original_year=+&amp;fanart=+&amp;heb_name=+&amp;iconimage=+&amp;original_title=+&amp;eng_name=+&amp;data=+&amp;url=moshep15%24%24%24%24%24%24%24%24%24%24%24kids-tvshows%5E%5E%5E%5E%5E%5E%5E%5Etv%3Flimit%3D40%26page%3D1&amp;fav_status=false&amp;tmdbid=+&amp;season=+&amp;isr=0&amp;last_id=&amp;image_master=&amp;id=+&amp;name=kids-tvshows&amp;video_data=%7B%22rating%22%3A+%220%22%2C+%22episode%22%3A+0%2C+%22title%22%3A+%22kids-tvshows%22%2C+%22season%22%3A+0%2C+%22TVshowtitle%22%3A+%22%22%2C+%22mediatype%22%3A+%22movie%22%2C+%22plot%22%3A+%22kids-tvshows%22%2C+%22OriginalTitle%22%3A+%22+%22%2C+%22Tag%22%3A+%22116%22%2C+%22id%22%3A+%22+%22%7D",return)</action>
	</shortcut>
	<shortcut>
		<defaultID />
		<label>HBO serias</label>
		<label2>הרחבת וידאו</label2>
		<icon>DefaultShortcut.png</icon>
		<thumb>image://%20/</thumb>
		<action>ActivateWindow(Videos,"plugin://plugin.video.mando/?mode=117&amp;dates=+&amp;episode=+&amp;description=HBO+serias&amp;all_w=%7B%7D&amp;show_original_year=+&amp;fanart=+&amp;heb_name=+&amp;iconimage=+&amp;original_title=+&amp;eng_name=+&amp;data=+&amp;url=moshep15%24%24%24%24%24%24%24%24%24%24%24hbo-serias%5E%5E%5E%5E%5E%5E%5E%5Etv%3Flimit%3D40%26page%3D1&amp;fav_status=false&amp;tmdbid=+&amp;season=+&amp;isr=0&amp;last_id=&amp;image_master=&amp;id=+&amp;name=HBO+serias&amp;video_data=%7B%22rating%22%3A+%220%22%2C+%22episode%22%3A+0%2C+%22title%22%3A+%22HBO+serias%22%2C+%22season%22%3A+0%2C+%22TVshowtitle%22%3A+%22%22%2C+%22mediatype%22%3A+%22movie%22%2C+%22plot%22%3A+%22HBO+serias%22%2C+%22OriginalTitle%22%3A+%22+%22%2C+%22Tag%22%3A+%22116%22%2C+%22id%22%3A+%22+%22%7D",return)</action>
	</shortcut>
	<shortcut>
		<defaultID />
		<label>HULU serias</label>
		<label2>הרחבת וידאו</label2>
		<icon>DefaultShortcut.png</icon>
		<thumb>image://%20/</thumb>
		<action>ActivateWindow(Videos,"plugin://plugin.video.mando/?mode=117&amp;dates=+&amp;episode=+&amp;description=HULU+serias&amp;all_w=%7B%7D&amp;show_original_year=+&amp;fanart=+&amp;heb_name=+&amp;iconimage=+&amp;original_title=+&amp;eng_name=+&amp;data=+&amp;url=moshep15%24%24%24%24%24%24%24%24%24%24%24hulu-serias%5E%5E%5E%5E%5E%5E%5E%5Etv%3Flimit%3D40%26page%3D1&amp;fav_status=false&amp;tmdbid=+&amp;season=+&amp;isr=0&amp;last_id=&amp;image_master=&amp;id=+&amp;name=HULU+serias&amp;video_data=%7B%22rating%22%3A+%220%22%2C+%22episode%22%3A+0%2C+%22title%22%3A+%22HULU+serias%22%2C+%22season%22%3A+0%2C+%22TVshowtitle%22%3A+%22%22%2C+%22mediatype%22%3A+%22movie%22%2C+%22plot%22%3A+%22HULU+serias%22%2C+%22OriginalTitle%22%3A+%22+%22%2C+%22Tag%22%3A+%22116%22%2C+%22id%22%3A+%22+%22%7D",return)</action>
	</shortcut>
	<shortcut>
		<defaultID />
		<label>FOX serias</label>
		<label2>הרחבת וידאו</label2>
		<icon>DefaultShortcut.png</icon>
		<thumb>image://%20/</thumb>
		<action>ActivateWindow(Videos,"plugin://plugin.video.mando/?mode=117&amp;dates=+&amp;episode=+&amp;description=FOX+serias&amp;all_w=%7B%7D&amp;show_original_year=+&amp;fanart=+&amp;heb_name=+&amp;iconimage=+&amp;original_title=+&amp;eng_name=+&amp;data=+&amp;url=moshep15%24%24%24%24%24%24%24%24%24%24%24fox-serias%5E%5E%5E%5E%5E%5E%5E%5Etv%3Flimit%3D40%26page%3D1&amp;fav_status=false&amp;tmdbid=+&amp;season=+&amp;isr=0&amp;last_id=&amp;image_master=&amp;id=+&amp;name=FOX+serias&amp;video_data=%7B%22rating%22%3A+%220%22%2C+%22episode%22%3A+0%2C+%22title%22%3A+%22FOX+serias%22%2C+%22season%22%3A+0%2C+%22TVshowtitle%22%3A+%22%22%2C+%22mediatype%22%3A+%22movie%22%2C+%22plot%22%3A+%22FOX+serias%22%2C+%22OriginalTitle%22%3A+%22+%22%2C+%22Tag%22%3A+%22116%22%2C+%22id%22%3A+%22+%22%7D",return)</action>
	</shortcut>
	<shortcut>
		<defaultID />
		<label>ABC serias</label>
		<label2>הרחבת וידאו</label2>
		<icon>DefaultShortcut.png</icon>
		<thumb>image://%20/</thumb>
		<action>ActivateWindow(Videos,"plugin://plugin.video.mando/?mode=117&amp;dates=+&amp;episode=+&amp;description=ABC+serias&amp;all_w=%7B%7D&amp;show_original_year=+&amp;fanart=+&amp;heb_name=+&amp;iconimage=+&amp;original_title=+&amp;eng_name=+&amp;data=+&amp;url=moshep15%24%24%24%24%24%24%24%24%24%24%24abc-serias%5E%5E%5E%5E%5E%5E%5E%5Etv%3Flimit%3D40%26page%3D1&amp;fav_status=false&amp;tmdbid=+&amp;season=+&amp;isr=0&amp;last_id=&amp;image_master=&amp;id=+&amp;name=ABC+serias&amp;video_data=%7B%22rating%22%3A+%220%22%2C+%22episode%22%3A+0%2C+%22title%22%3A+%22ABC+serias%22%2C+%22season%22%3A+0%2C+%22TVshowtitle%22%3A+%22%22%2C+%22mediatype%22%3A+%22movie%22%2C+%22plot%22%3A+%22ABC+serias%22%2C+%22OriginalTitle%22%3A+%22+%22%2C+%22Tag%22%3A+%22116%22%2C+%22id%22%3A+%22+%22%7D",return)</action>
	</shortcut>
	<shortcut>
		<defaultID />
		<label>BBC serias</label>
		<label2>הרחבת וידאו</label2>
		<icon>DefaultShortcut.png</icon>
		<thumb>image://%20/</thumb>
		<action>ActivateWindow(Videos,"plugin://plugin.video.mando/?mode=117&amp;dates=+&amp;episode=+&amp;description=BBC+serias&amp;all_w=%7B%7D&amp;show_original_year=+&amp;fanart=+&amp;heb_name=+&amp;iconimage=+&amp;original_title=+&amp;eng_name=+&amp;data=+&amp;url=moshep15%24%24%24%24%24%24%24%24%24%24%24bbc-serias%5E%5E%5E%5E%5E%5E%5E%5Etv%3Flimit%3D40%26page%3D1&amp;fav_status=false&amp;tmdbid=+&amp;season=+&amp;isr=0&amp;last_id=&amp;image_master=&amp;id=+&amp;name=BBC+serias&amp;video_data=%7B%22rating%22%3A+%220%22%2C+%22episode%22%3A+0%2C+%22title%22%3A+%22BBC+serias%22%2C+%22season%22%3A+0%2C+%22TVshowtitle%22%3A+%22%22%2C+%22mediatype%22%3A+%22movie%22%2C+%22plot%22%3A+%22BBC+serias%22%2C+%22OriginalTitle%22%3A+%22+%22%2C+%22Tag%22%3A+%22116%22%2C+%22id%22%3A+%22+%22%7D",return)</action>
	</shortcut>
	<shortcut>
		<defaultID />
		<label>CBS serias</label>
		<label2>הרחבת וידאו</label2>
		<icon>DefaultShortcut.png</icon>
		<thumb>image://%20/</thumb>
		<action>ActivateWindow(Videos,"plugin://plugin.video.mando/?mode=117&amp;dates=+&amp;episode=+&amp;description=CBS+serias&amp;all_w=%7B%7D&amp;show_original_year=+&amp;fanart=+&amp;heb_name=+&amp;iconimage=+&amp;original_title=+&amp;eng_name=+&amp;data=+&amp;url=moshep15%24%24%24%24%24%24%24%24%24%24%24cbs-serias%5E%5E%5E%5E%5E%5E%5E%5Etv%3Flimit%3D40%26page%3D1&amp;fav_status=false&amp;tmdbid=+&amp;season=+&amp;isr=0&amp;last_id=&amp;image_master=&amp;id=+&amp;name=CBS+serias&amp;video_data=%7B%22rating%22%3A+%220%22%2C+%22episode%22%3A+0%2C+%22title%22%3A+%22CBS+serias%22%2C+%22season%22%3A+0%2C+%22TVshowtitle%22%3A+%22%22%2C+%22mediatype%22%3A+%22movie%22%2C+%22plot%22%3A+%22CBS+serias%22%2C+%22OriginalTitle%22%3A+%22+%22%2C+%22Tag%22%3A+%22116%22%2C+%22id%22%3A+%22+%22%7D",return)</action>
	</shortcut>
	<shortcut>
		<defaultID />
		<label>AmzonPrime serias</label>
		<label2>הרחבת וידאו</label2>
		<icon>DefaultShortcut.png</icon>
		<thumb>image://%20/</thumb>
		<action>ActivateWindow(Videos,"plugin://plugin.video.mando/?mode=117&amp;dates=+&amp;episode=+&amp;description=AmzonPrime+serias&amp;all_w=%7B%7D&amp;show_original_year=+&amp;fanart=+&amp;heb_name=+&amp;iconimage=+&amp;original_title=+&amp;eng_name=+&amp;data=+&amp;url=moshep15%24%24%24%24%24%24%24%24%24%24%24amzonprime-serias%5E%5E%5E%5E%5E%5E%5E%5Etv%3Flimit%3D40%26page%3D1&amp;fav_status=false&amp;tmdbid=+&amp;season=+&amp;isr=0&amp;last_id=&amp;image_master=&amp;id=+&amp;name=AmzonPrime+serias&amp;video_data=%7B%22rating%22%3A+%220%22%2C+%22episode%22%3A+0%2C+%22title%22%3A+%22AmzonPrime+serias%22%2C+%22season%22%3A+0%2C+%22TVshowtitle%22%3A+%22%22%2C+%22mediatype%22%3A+%22movie%22%2C+%22plot%22%3A+%22AmzonPrime+serias%22%2C+%22OriginalTitle%22%3A+%22+%22%2C+%22Tag%22%3A+%22116%22%2C+%22id%22%3A+%22+%22%7D",return)</action>
	</shortcut>
	<shortcut>
		<defaultID />
		<label>AppleTV serias</label>
		<label2>הרחבת וידאו</label2>
		<icon>DefaultShortcut.png</icon>
		<thumb>image://%20/</thumb>
		<action>ActivateWindow(Videos,"plugin://plugin.video.mando/?mode=117&amp;dates=+&amp;episode=+&amp;description=AppleTV+serias&amp;all_w=%7B%7D&amp;show_original_year=+&amp;fanart=+&amp;heb_name=+&amp;iconimage=+&amp;original_title=+&amp;eng_name=+&amp;data=+&amp;url=moshep15%24%24%24%24%24%24%24%24%24%24%24appletv-serias%5E%5E%5E%5E%5E%5E%5E%5Etv%3Flimit%3D40%26page%3D1&amp;fav_status=false&amp;tmdbid=+&amp;season=+&amp;isr=0&amp;last_id=&amp;image_master=&amp;id=+&amp;name=AppleTV+serias&amp;video_data=%7B%22rating%22%3A+%220%22%2C+%22episode%22%3A+0%2C+%22title%22%3A+%22AppleTV+serias%22%2C+%22season%22%3A+0%2C+%22TVshowtitle%22%3A+%22%22%2C+%22mediatype%22%3A+%22movie%22%2C+%22plot%22%3A+%22AppleTV+serias%22%2C+%22OriginalTitle%22%3A+%22+%22%2C+%22Tag%22%3A+%22116%22%2C+%22id%22%3A+%22+%22%7D",return)</action>
	</shortcut>
	<shortcut>
		<defaultID />
		<label>NBC serias</label>
		<label2>הרחבת וידאו</label2>
		<icon>DefaultShortcut.png</icon>
		<thumb>image://%20/</thumb>
		<action>ActivateWindow(Videos,"plugin://plugin.video.mando/?mode=117&amp;dates=+&amp;episode=+&amp;description=NBC+serias&amp;all_w=%7B%7D&amp;show_original_year=+&amp;fanart=+&amp;heb_name=+&amp;iconimage=+&amp;original_title=+&amp;eng_name=+&amp;data=+&amp;url=moshep15%24%24%24%24%24%24%24%24%24%24%24nbc-serias%5E%5E%5E%5E%5E%5E%5E%5Etv%3Flimit%3D40%26page%3D1&amp;fav_status=false&amp;tmdbid=+&amp;season=+&amp;isr=0&amp;last_id=&amp;image_master=&amp;id=+&amp;name=NBC+serias&amp;video_data=%7B%22rating%22%3A+%220%22%2C+%22episode%22%3A+0%2C+%22title%22%3A+%22NBC+serias%22%2C+%22season%22%3A+0%2C+%22TVshowtitle%22%3A+%22%22%2C+%22mediatype%22%3A+%22movie%22%2C+%22plot%22%3A+%22NBC+serias%22%2C+%22OriginalTitle%22%3A+%22+%22%2C+%22Tag%22%3A+%22116%22%2C+%22id%22%3A+%22+%22%7D",return)</action>
	</shortcut>
	<shortcut>
		<defaultID />
		<label>סדרות נטפליקס</label>
		<label2>הרחבת וידאו</label2>
		<icon>DefaultShortcut.png</icon>
		<thumb>image://%20/</thumb>
		<action>ActivateWindow(Videos,"plugin://plugin.video.mando/?mode=117&amp;dates=+&amp;episode=+&amp;description=netflixtvshow&amp;all_w=%7B%7D&amp;show_original_year=+&amp;fanart=+&amp;heb_name=+&amp;iconimage=+&amp;original_title=+&amp;eng_name=+&amp;data=+&amp;url=moshep15%24%24%24%24%24%24%24%24%24%24%24netflixtvshow%5E%5E%5E%5E%5E%5E%5E%5Etv%3Flimit%3D40%26page%3D1&amp;fav_status=false&amp;tmdbid=+&amp;season=+&amp;isr=0&amp;last_id=&amp;image_master=&amp;id=+&amp;name=netflixtvshow&amp;video_data=%7B%22rating%22%3A+%220%22%2C+%22episode%22%3A+0%2C+%22title%22%3A+%22netflixtvshow%22%2C+%22season%22%3A+0%2C+%22TVshowtitle%22%3A+%22%22%2C+%22mediatype%22%3A+%22movie%22%2C+%22plot%22%3A+%22netflixtvshow%22%2C+%22OriginalTitle%22%3A+%22+%22%2C+%22Tag%22%3A+%22116%22%2C+%22id%22%3A+%22+%22%7D",return)</action>
	</shortcut>
</shortcuts>
