<?xml version='1.0' encoding='UTF-8'?>
<shortcuts>
	<shortcut>
		<defaultID>13013</defaultID>
		<label>[COLOR yellow]לוידג'ט מסך ראשי[/COLOR]</label>
		<label2>פריטים מותאמים אישית</label2>
		<icon>Reboot.png</icon>
		<thumb />
		<action>Control.SetFocus(9002)</action>
	</shortcut>
	<shortcut>
		<defaultID>plugin.video.sdarot.tv/index/heb/0</defaultID>
		<label>הכל א-ת</label>
		<label2>הרחבת וידאו</label2>
		<icon>DefaultShortcut.png</icon>
		<thumb>image://C%3a%5cUsers%5cneta%5cAppData%5cRoaming%5cKodi%5caddons%5cplugin.video.sdarot.tv%5cicon.png/</thumb>
		<action>ActivateWindow(Videos,"plugin://plugin.video.sdarot.tv/index/heb/0",return)</action>
	</shortcut>
	<shortcut>
		<defaultID>plugin.video.sdarot.tv/index/eng/0</defaultID>
		<label>הכל a-z</label>
		<label2>הרחבת וידאו</label2>
		<icon>DefaultShortcut.png</icon>
		<thumb>image://C%3a%5cUsers%5cneta%5cAppData%5cRoaming%5cKodi%5caddons%5cplugin.video.sdarot.tv%5cicon.png/</thumb>
		<action>ActivateWindow(Videos,"plugin://plugin.video.sdarot.tv/index/eng/0",return)</action>
	</shortcut>
	<shortcut>
		<defaultID>plugin.video.sdarot.tv/genre/62/0</defaultID>
		<label>ABC</label>
		<label2>הרחבת וידאו</label2>
		<icon>DefaultShortcut.png</icon>
		<thumb>image://C%3a%5cUsers%5cneta%5cAppData%5cRoaming%5cKodi%5caddons%5cplugin.video.sdarot.tv%5cfanart.jpg/</thumb>
		<action>ActivateWindow(Videos,"plugin://plugin.video.sdarot.tv/genre/62/0",return)</action>
	</shortcut>
	<shortcut>
		<defaultID>plugin.video.sdarot.tv/genre/64/0</defaultID>
		<label>BBC</label>
		<label2>הרחבת וידאו</label2>
		<icon>DefaultShortcut.png</icon>
		<thumb>image://C%3a%5cUsers%5cneta%5cAppData%5cRoaming%5cKodi%5caddons%5cplugin.video.sdarot.tv%5cfanart.jpg/</thumb>
		<action>ActivateWindow(Videos,"plugin://plugin.video.sdarot.tv/genre/64/0",return)</action>
	</shortcut>
	<shortcut>
		<defaultID>plugin.video.sdarot.tv/genre/60/0</defaultID>
		<label>CBS</label>
		<label2>הרחבת וידאו</label2>
		<icon>DefaultShortcut.png</icon>
		<thumb>image://C%3a%5cUsers%5cneta%5cAppData%5cRoaming%5cKodi%5caddons%5cplugin.video.sdarot.tv%5cfanart.jpg/</thumb>
		<action>ActivateWindow(Videos,"plugin://plugin.video.sdarot.tv/genre/60/0",return)</action>
	</shortcut>
	<shortcut>
		<defaultID>plugin.video.sdarot.tv/genre/58/0</defaultID>
		<label>FOX</label>
		<label2>הרחבת וידאו</label2>
		<icon>DefaultShortcut.png</icon>
		<thumb>image://C%3a%5cUsers%5cneta%5cAppData%5cRoaming%5cKodi%5caddons%5cplugin.video.sdarot.tv%5cfanart.jpg/</thumb>
		<action>ActivateWindow(Videos,"plugin://plugin.video.sdarot.tv/genre/58/0",return)</action>
	</shortcut>
	<shortcut>
		<defaultID>plugin.video.sdarot.tv/genre/53/0</defaultID>
		<label>HBO</label>
		<label2>הרחבת וידאו</label2>
		<icon>DefaultShortcut.png</icon>
		<thumb>image://C%3a%5cUsers%5cneta%5cAppData%5cRoaming%5cKodi%5caddons%5cplugin.video.sdarot.tv%5cfanart.jpg/</thumb>
		<action>ActivateWindow(Videos,"plugin://plugin.video.sdarot.tv/genre/53/0",return)</action>
	</shortcut>
	<shortcut>
		<defaultID>plugin.video.sdarot.tv/genre/61/0</defaultID>
		<label>MTV</label>
		<label2>הרחבת וידאו</label2>
		<icon>DefaultShortcut.png</icon>
		<thumb>image://C%3a%5cUsers%5cneta%5cAppData%5cRoaming%5cKodi%5caddons%5cplugin.video.sdarot.tv%5cfanart.jpg/</thumb>
		<action>ActivateWindow(Videos,"plugin://plugin.video.sdarot.tv/genre/61/0",return)</action>
	</shortcut>
	<shortcut>
		<defaultID>plugin.video.sdarot.tv/genre/59/0</defaultID>
		<label>NBC</label>
		<label2>הרחבת וידאו</label2>
		<icon>DefaultShortcut.png</icon>
		<thumb>image://C%3a%5cUsers%5cneta%5cAppData%5cRoaming%5cKodi%5caddons%5cplugin.video.sdarot.tv%5cfanart.jpg/</thumb>
		<action>ActivateWindow(Videos,"plugin://plugin.video.sdarot.tv/genre/59/0",return)</action>
	</shortcut>
	<shortcut>
		<defaultID>plugin.video.sdarot.tv/genre/33/0</defaultID>
		<label>אוכל</label>
		<label2>הרחבת וידאו</label2>
		<icon>DefaultShortcut.png</icon>
		<thumb>image://C%3a%5cUsers%5cneta%5cAppData%5cRoaming%5cKodi%5caddons%5cplugin.video.sdarot.tv%5cfanart.jpg/</thumb>
		<action>ActivateWindow(Videos,"plugin://plugin.video.sdarot.tv/genre/33/0",return)</action>
	</shortcut>
	<shortcut>
		<defaultID>plugin.video.sdarot.tv/genre/12/0</defaultID>
		<label>אימה</label>
		<label2>הרחבת וידאו</label2>
		<icon>DefaultShortcut.png</icon>
		<thumb>image://C%3a%5cUsers%5cneta%5cAppData%5cRoaming%5cKodi%5caddons%5cplugin.video.sdarot.tv%5cfanart.jpg/</thumb>
		<action>ActivateWindow(Videos,"plugin://plugin.video.sdarot.tv/genre/12/0",return)</action>
	</shortcut>
	<shortcut>
		<defaultID>plugin.video.sdarot.tv/genre/29/0</defaultID>
		<label>אירוח</label>
		<label2>הרחבת וידאו</label2>
		<icon>DefaultShortcut.png</icon>
		<thumb>image://C%3a%5cUsers%5cneta%5cAppData%5cRoaming%5cKodi%5caddons%5cplugin.video.sdarot.tv%5cfanart.jpg/</thumb>
		<action>ActivateWindow(Videos,"plugin://plugin.video.sdarot.tv/genre/29/0",return)</action>
	</shortcut>
	<shortcut>
		<defaultID>plugin.video.sdarot.tv/genre/49/0</defaultID>
		<label>אמזון פריים</label>
		<label2>הרחבת וידאו</label2>
		<icon>DefaultShortcut.png</icon>
		<thumb>image://C%3a%5cUsers%5cneta%5cAppData%5cRoaming%5cKodi%5caddons%5cplugin.video.sdarot.tv%5cfanart.jpg/</thumb>
		<action>ActivateWindow(Videos,"plugin://plugin.video.sdarot.tv/genre/49/0",return)</action>
	</shortcut>
	<shortcut>
		<defaultID>plugin.video.sdarot.tv/genre/18/0</defaultID>
		<label>אנימה</label>
		<label2>הרחבת וידאו</label2>
		<icon>DefaultShortcut.png</icon>
		<thumb>image://C%3a%5cUsers%5cneta%5cAppData%5cRoaming%5cKodi%5caddons%5cplugin.video.sdarot.tv%5cfanart.jpg/</thumb>
		<action>ActivateWindow(Videos,"plugin://plugin.video.sdarot.tv/genre/18/0",return)</action>
	</shortcut>
	<shortcut>
		<defaultID>plugin.video.sdarot.tv/genre/7/0</defaultID>
		<label>אנימציה</label>
		<label2>הרחבת וידאו</label2>
		<icon>DefaultShortcut.png</icon>
		<thumb>image://C%3a%5cUsers%5cneta%5cAppData%5cRoaming%5cKodi%5caddons%5cplugin.video.sdarot.tv%5cfanart.jpg/</thumb>
		<action>ActivateWindow(Videos,"plugin://plugin.video.sdarot.tv/genre/7/0",return)</action>
	</shortcut>
	<shortcut>
		<defaultID>plugin.video.sdarot.tv/genre/67/0</defaultID>
		<label>אפל טיוי</label>
		<label2>הרחבת וידאו</label2>
		<icon>DefaultShortcut.png</icon>
		<thumb>image://C%3a%5cUsers%5cneta%5cAppData%5cRoaming%5cKodi%5caddons%5cplugin.video.sdarot.tv%5cfanart.jpg/</thumb>
		<action>ActivateWindow(Videos,"plugin://plugin.video.sdarot.tv/genre/67/0",return)</action>
	</shortcut>
	<shortcut>
		<defaultID>plugin.video.sdarot.tv/genre/42/0</defaultID>
		<label>אקטואליה</label>
		<label2>הרחבת וידאו</label2>
		<icon>DefaultShortcut.png</icon>
		<thumb>image://C%3a%5cUsers%5cneta%5cAppData%5cRoaming%5cKodi%5caddons%5cplugin.video.sdarot.tv%5cfanart.jpg/</thumb>
		<action>ActivateWindow(Videos,"plugin://plugin.video.sdarot.tv/genre/42/0",return)</action>
	</shortcut>
	<shortcut>
		<defaultID>plugin.video.sdarot.tv/genre/36/0</defaultID>
		<label>ביוגרפיה</label>
		<label2>הרחבת וידאו</label2>
		<icon>DefaultShortcut.png</icon>
		<thumb>image://C%3a%5cUsers%5cneta%5cAppData%5cRoaming%5cKodi%5caddons%5cplugin.video.sdarot.tv%5cfanart.jpg/</thumb>
		<action>ActivateWindow(Videos,"plugin://plugin.video.sdarot.tv/genre/36/0",return)</action>
	</shortcut>
	<shortcut>
		<defaultID>plugin.video.sdarot.tv/genre/9/0</defaultID>
		<label>דוקומנטרי</label>
		<label2>הרחבת וידאו</label2>
		<icon>DefaultShortcut.png</icon>
		<thumb>image://C%3a%5cUsers%5cneta%5cAppData%5cRoaming%5cKodi%5caddons%5cplugin.video.sdarot.tv%5cfanart.jpg/</thumb>
		<action>ActivateWindow(Videos,"plugin://plugin.video.sdarot.tv/genre/9/0",return)</action>
	</shortcut>
	<shortcut>
		<defaultID>plugin.video.sdarot.tv/genre/55/0</defaultID>
		<label>דיסני</label>
		<label2>הרחבת וידאו</label2>
		<icon>DefaultShortcut.png</icon>
		<thumb>image://C%3a%5cUsers%5cneta%5cAppData%5cRoaming%5cKodi%5caddons%5cplugin.video.sdarot.tv%5cfanart.jpg/</thumb>
		<action>ActivateWindow(Videos,"plugin://plugin.video.sdarot.tv/genre/55/0",return)</action>
	</shortcut>
	<shortcut>
		<defaultID>plugin.video.sdarot.tv/genre/2/0</defaultID>
		<label>דרמה</label>
		<label2>הרחבת וידאו</label2>
		<icon>DefaultShortcut.png</icon>
		<thumb>image://C%3a%5cUsers%5cneta%5cAppData%5cRoaming%5cKodi%5caddons%5cplugin.video.sdarot.tv%5cfanart.jpg/</thumb>
		<action>ActivateWindow(Videos,"plugin://plugin.video.sdarot.tv/genre/2/0",return)</action>
	</shortcut>
	<shortcut>
		<defaultID>plugin.video.sdarot.tv/genre/66/0</defaultID>
		<label>הולו</label>
		<label2>הרחבת וידאו</label2>
		<icon>DefaultShortcut.png</icon>
		<thumb>image://C%3a%5cUsers%5cneta%5cAppData%5cRoaming%5cKodi%5caddons%5cplugin.video.sdarot.tv%5cfanart.jpg/</thumb>
		<action>ActivateWindow(Videos,"plugin://plugin.video.sdarot.tv/genre/66/0",return)</action>
	</shortcut>
	<shortcut>
		<defaultID>plugin.video.sdarot.tv/genre/11/0</defaultID>
		<label>היסטוריה</label>
		<label2>הרחבת וידאו</label2>
		<icon>DefaultShortcut.png</icon>
		<thumb>image://C%3a%5cUsers%5cneta%5cAppData%5cRoaming%5cKodi%5caddons%5cplugin.video.sdarot.tv%5cfanart.jpg/</thumb>
		<action>ActivateWindow(Videos,"plugin://plugin.video.sdarot.tv/genre/11/0",return)</action>
	</shortcut>
	<shortcut>
		<defaultID>plugin.video.sdarot.tv/genre/6/0</defaultID>
		<label>הרפתקאות</label>
		<label2>הרחבת וידאו</label2>
		<icon>DefaultShortcut.png</icon>
		<thumb>image://C%3a%5cUsers%5cneta%5cAppData%5cRoaming%5cKodi%5caddons%5cplugin.video.sdarot.tv%5cfanart.jpg/</thumb>
		<action>ActivateWindow(Videos,"plugin://plugin.video.sdarot.tv/genre/6/0",return)</action>
	</shortcut>
	<shortcut>
		<defaultID>plugin.video.sdarot.tv/genre/39/0</defaultID>
		<label>חינוכי</label>
		<label2>הרחבת וידאו</label2>
		<icon>DefaultShortcut.png</icon>
		<thumb>image://C%3a%5cUsers%5cneta%5cAppData%5cRoaming%5cKodi%5caddons%5cplugin.video.sdarot.tv%5cfanart.jpg/</thumb>
		<action>ActivateWindow(Videos,"plugin://plugin.video.sdarot.tv/genre/39/0",return)</action>
	</shortcut>
	<shortcut>
		<defaultID>plugin.video.sdarot.tv/genre/68/0</defaultID>
		<label>טבע</label>
		<label2>הרחבת וידאו</label2>
		<icon>DefaultShortcut.png</icon>
		<thumb>image://C%3a%5cUsers%5cneta%5cAppData%5cRoaming%5cKodi%5caddons%5cplugin.video.sdarot.tv%5cfanart.jpg/</thumb>
		<action>ActivateWindow(Videos,"plugin://plugin.video.sdarot.tv/genre/68/0",return)</action>
	</shortcut>
	<shortcut>
		<defaultID>plugin.video.sdarot.tv/genre/13/0</defaultID>
		<label>טלנובלה</label>
		<label2>הרחבת וידאו</label2>
		<icon>DefaultShortcut.png</icon>
		<thumb>image://C%3a%5cUsers%5cneta%5cAppData%5cRoaming%5cKodi%5caddons%5cplugin.video.sdarot.tv%5cfanart.jpg/</thumb>
		<action>ActivateWindow(Videos,"plugin://plugin.video.sdarot.tv/genre/13/0",return)</action>
	</shortcut>
	<shortcut>
		<defaultID>plugin.video.sdarot.tv/genre/54/0</defaultID>
		<label>טלנובלות ברזילאיות</label>
		<label2>הרחבת וידאו</label2>
		<icon>DefaultShortcut.png</icon>
		<thumb>image://C%3a%5cUsers%5cneta%5cAppData%5cRoaming%5cKodi%5caddons%5cplugin.video.sdarot.tv%5cfanart.jpg/</thumb>
		<action>ActivateWindow(Videos,"plugin://plugin.video.sdarot.tv/genre/54/0",return)</action>
	</shortcut>
	<shortcut>
		<defaultID>plugin.video.sdarot.tv/genre/50/0</defaultID>
		<label>טלנובלות טורקיות</label>
		<label2>הרחבת וידאו</label2>
		<icon>DefaultShortcut.png</icon>
		<thumb>image://C%3a%5cUsers%5cneta%5cAppData%5cRoaming%5cKodi%5caddons%5cplugin.video.sdarot.tv%5cfanart.jpg/</thumb>
		<action>ActivateWindow(Videos,"plugin://plugin.video.sdarot.tv/genre/50/0",return)</action>
	</shortcut>
	<shortcut>
		<defaultID>plugin.video.sdarot.tv/genre/56/0</defaultID>
		<label>טלנובלות יפניות</label>
		<label2>הרחבת וידאו</label2>
		<icon>DefaultShortcut.png</icon>
		<thumb>image://C%3a%5cUsers%5cneta%5cAppData%5cRoaming%5cKodi%5caddons%5cplugin.video.sdarot.tv%5cfanart.jpg/</thumb>
		<action>ActivateWindow(Videos,"plugin://plugin.video.sdarot.tv/genre/56/0",return)</action>
	</shortcut>
	<shortcut>
		<defaultID>plugin.video.sdarot.tv/genre/57/0</defaultID>
		<label>טלנובלות סיניות</label>
		<label2>הרחבת וידאו</label2>
		<icon>DefaultShortcut.png</icon>
		<thumb>image://C%3a%5cUsers%5cneta%5cAppData%5cRoaming%5cKodi%5caddons%5cplugin.video.sdarot.tv%5cfanart.jpg/</thumb>
		<action>ActivateWindow(Videos,"plugin://plugin.video.sdarot.tv/genre/57/0",return)</action>
	</shortcut>
	<shortcut>
		<defaultID>plugin.video.sdarot.tv/genre/52/0</defaultID>
		<label>טלנובלות ספרדיות</label>
		<label2>הרחבת וידאו</label2>
		<icon>DefaultShortcut.png</icon>
		<thumb>image://C%3a%5cUsers%5cneta%5cAppData%5cRoaming%5cKodi%5caddons%5cplugin.video.sdarot.tv%5cfanart.jpg/</thumb>
		<action>ActivateWindow(Videos,"plugin://plugin.video.sdarot.tv/genre/52/0",return)</action>
	</shortcut>
	<shortcut>
		<defaultID>plugin.video.sdarot.tv/genre/51/0</defaultID>
		<label>טלנובלות קוריאניות</label>
		<label2>הרחבת וידאו</label2>
		<icon>DefaultShortcut.png</icon>
		<thumb>image://C%3a%5cUsers%5cneta%5cAppData%5cRoaming%5cKodi%5caddons%5cplugin.video.sdarot.tv%5cfanart.jpg/</thumb>
		<action>ActivateWindow(Videos,"plugin://plugin.video.sdarot.tv/genre/51/0",return)</action>
	</shortcut>
	<shortcut>
		<defaultID>plugin.video.sdarot.tv/genre/63/0</defaultID>
		<label>טלנובלות תאילנדיות</label>
		<label2>הרחבת וידאו</label2>
		<icon>DefaultShortcut.png</icon>
		<thumb>image://C%3a%5cUsers%5cneta%5cAppData%5cRoaming%5cKodi%5caddons%5cplugin.video.sdarot.tv%5cfanart.jpg/</thumb>
		<action>ActivateWindow(Videos,"plugin://plugin.video.sdarot.tv/genre/63/0",return)</action>
	</shortcut>
	<shortcut>
		<defaultID>plugin.video.sdarot.tv/genre/38/0</defaultID>
		<label>ילדים</label>
		<label2>הרחבת וידאו</label2>
		<icon>DefaultShortcut.png</icon>
		<thumb>image://C%3a%5cUsers%5cneta%5cAppData%5cRoaming%5cKodi%5caddons%5cplugin.video.sdarot.tv%5cfanart.jpg/</thumb>
		<action>ActivateWindow(Videos,"plugin://plugin.video.sdarot.tv/genre/38/0",return)</action>
	</shortcut>
	<shortcut>
		<defaultID>plugin.video.sdarot.tv/genre/20/0</defaultID>
		<label>ישראלי</label>
		<label2>הרחבת וידאו</label2>
		<icon>DefaultShortcut.png</icon>
		<thumb>image://C%3a%5cUsers%5cneta%5cAppData%5cRoaming%5cKodi%5caddons%5cplugin.video.sdarot.tv%5cfanart.jpg/</thumb>
		<action>ActivateWindow(Videos,"plugin://plugin.video.sdarot.tv/genre/20/0",return)</action>
	</shortcut>
	<shortcut>
		<defaultID>plugin.video.sdarot.tv/genre/5/0</defaultID>
		<label>מדע בדיוני</label>
		<label2>הרחבת וידאו</label2>
		<icon>DefaultShortcut.png</icon>
		<thumb>image://C%3a%5cUsers%5cneta%5cAppData%5cRoaming%5cKodi%5caddons%5cplugin.video.sdarot.tv%5cfanart.jpg/</thumb>
		<action>ActivateWindow(Videos,"plugin://plugin.video.sdarot.tv/genre/5/0",return)</action>
	</shortcut>
	<shortcut>
		<defaultID>plugin.video.sdarot.tv/genre/32/0</defaultID>
		<label>מוזיקלי</label>
		<label2>הרחבת וידאו</label2>
		<icon>DefaultShortcut.png</icon>
		<thumb>image://C%3a%5cUsers%5cneta%5cAppData%5cRoaming%5cKodi%5caddons%5cplugin.video.sdarot.tv%5cfanart.jpg/</thumb>
		<action>ActivateWindow(Videos,"plugin://plugin.video.sdarot.tv/genre/32/0",return)</action>
	</shortcut>
	<shortcut>
		<defaultID>plugin.video.sdarot.tv/genre/14/0</defaultID>
		<label>מיסתורין</label>
		<label2>הרחבת וידאו</label2>
		<icon>DefaultShortcut.png</icon>
		<thumb>image://C%3a%5cUsers%5cneta%5cAppData%5cRoaming%5cKodi%5caddons%5cplugin.video.sdarot.tv%5cfanart.jpg/</thumb>
		<action>ActivateWindow(Videos,"plugin://plugin.video.sdarot.tv/genre/14/0",return)</action>
	</shortcut>
	<shortcut>
		<defaultID>plugin.video.sdarot.tv/genre/30/0</defaultID>
		<label>מלחמה</label>
		<label2>הרחבת וידאו</label2>
		<icon>DefaultShortcut.png</icon>
		<thumb>image://C%3a%5cUsers%5cneta%5cAppData%5cRoaming%5cKodi%5caddons%5cplugin.video.sdarot.tv%5cfanart.jpg/</thumb>
		<action>ActivateWindow(Videos,"plugin://plugin.video.sdarot.tv/genre/30/0",return)</action>
	</shortcut>
	<shortcut>
		<defaultID>plugin.video.sdarot.tv/genre/31/0</defaultID>
		<label>מערבון</label>
		<label2>הרחבת וידאו</label2>
		<icon>DefaultShortcut.png</icon>
		<thumb>image://C%3a%5cUsers%5cneta%5cAppData%5cRoaming%5cKodi%5caddons%5cplugin.video.sdarot.tv%5cfanart.jpg/</thumb>
		<action>ActivateWindow(Videos,"plugin://plugin.video.sdarot.tv/genre/31/0",return)</action>
	</shortcut>
	<shortcut>
		<defaultID>plugin.video.sdarot.tv/genre/43/0</defaultID>
		<label>משחקי מחשב</label>
		<label2>הרחבת וידאו</label2>
		<icon>DefaultShortcut.png</icon>
		<thumb>image://C%3a%5cUsers%5cneta%5cAppData%5cRoaming%5cKodi%5caddons%5cplugin.video.sdarot.tv%5cfanart.jpg/</thumb>
		<action>ActivateWindow(Videos,"plugin://plugin.video.sdarot.tv/genre/43/0",return)</action>
	</shortcut>
	<shortcut>
		<defaultID>plugin.video.sdarot.tv/genre/10/0</defaultID>
		<label>משפחה</label>
		<label2>הרחבת וידאו</label2>
		<icon>DefaultShortcut.png</icon>
		<thumb>image://C%3a%5cUsers%5cneta%5cAppData%5cRoaming%5cKodi%5caddons%5cplugin.video.sdarot.tv%5cfanart.jpg/</thumb>
		<action>ActivateWindow(Videos,"plugin://plugin.video.sdarot.tv/genre/10/0",return)</action>
	</shortcut>
	<shortcut>
		<defaultID>plugin.video.sdarot.tv/genre/4/0</defaultID>
		<label>מתח</label>
		<label2>הרחבת וידאו</label2>
		<icon>DefaultShortcut.png</icon>
		<thumb>image://C%3a%5cUsers%5cneta%5cAppData%5cRoaming%5cKodi%5caddons%5cplugin.video.sdarot.tv%5cfanart.jpg/</thumb>
		<action>ActivateWindow(Videos,"plugin://plugin.video.sdarot.tv/genre/4/0",return)</action>
	</shortcut>
	<shortcut>
		<defaultID>plugin.video.sdarot.tv/genre/44/0</defaultID>
		<label>נוער</label>
		<label2>הרחבת וידאו</label2>
		<icon>DefaultShortcut.png</icon>
		<thumb>image://C%3a%5cUsers%5cneta%5cAppData%5cRoaming%5cKodi%5caddons%5cplugin.video.sdarot.tv%5cfanart.jpg/</thumb>
		<action>ActivateWindow(Videos,"plugin://plugin.video.sdarot.tv/genre/44/0",return)</action>
	</shortcut>
	<shortcut>
		<defaultID>plugin.video.sdarot.tv/genre/47/0</defaultID>
		<label>נטפליקס</label>
		<label2>הרחבת וידאו</label2>
		<icon>DefaultShortcut.png</icon>
		<thumb>image://C%3a%5cUsers%5cneta%5cAppData%5cRoaming%5cKodi%5caddons%5cplugin.video.sdarot.tv%5cfanart.jpg/</thumb>
		<action>ActivateWindow(Videos,"plugin://plugin.video.sdarot.tv/genre/47/0",return)</action>
	</shortcut>
	<shortcut>
		<defaultID>plugin.video.sdarot.tv/genre/65/0</defaultID>
		<label>ניקולודיאון</label>
		<label2>הרחבת וידאו</label2>
		<icon>DefaultShortcut.png</icon>
		<thumb>image://C%3a%5cUsers%5cneta%5cAppData%5cRoaming%5cKodi%5caddons%5cplugin.video.sdarot.tv%5cfanart.jpg/</thumb>
		<action>ActivateWindow(Videos,"plugin://plugin.video.sdarot.tv/genre/65/0",return)</action>
	</shortcut>
	<shortcut>
		<defaultID>plugin.video.sdarot.tv/genre/28/0</defaultID>
		<label>סאטירה</label>
		<label2>הרחבת וידאו</label2>
		<icon>DefaultShortcut.png</icon>
		<thumb>image://C%3a%5cUsers%5cneta%5cAppData%5cRoaming%5cKodi%5caddons%5cplugin.video.sdarot.tv%5cfanart.jpg/</thumb>
		<action>ActivateWindow(Videos,"plugin://plugin.video.sdarot.tv/genre/28/0",return)</action>
	</shortcut>
	<shortcut>
		<defaultID>plugin.video.sdarot.tv/genre/35/0</defaultID>
		<label>ספורט</label>
		<label2>הרחבת וידאו</label2>
		<icon>DefaultShortcut.png</icon>
		<thumb>image://C%3a%5cUsers%5cneta%5cAppData%5cRoaming%5cKodi%5caddons%5cplugin.video.sdarot.tv%5cfanart.jpg/</thumb>
		<action>ActivateWindow(Videos,"plugin://plugin.video.sdarot.tv/genre/35/0",return)</action>
	</shortcut>
	<shortcut>
		<defaultID>plugin.video.sdarot.tv/genre/46/0</defaultID>
		<label>פילם נואר</label>
		<label2>הרחבת וידאו</label2>
		<icon>DefaultShortcut.png</icon>
		<thumb>image://C%3a%5cUsers%5cneta%5cAppData%5cRoaming%5cKodi%5caddons%5cplugin.video.sdarot.tv%5cfanart.jpg/</thumb>
		<action>ActivateWindow(Videos,"plugin://plugin.video.sdarot.tv/genre/46/0",return)</action>
	</shortcut>
	<shortcut>
		<defaultID>plugin.video.sdarot.tv/genre/22/0</defaultID>
		<label>פנטזיה</label>
		<label2>הרחבת וידאו</label2>
		<icon>DefaultShortcut.png</icon>
		<thumb>image://C%3a%5cUsers%5cneta%5cAppData%5cRoaming%5cKodi%5caddons%5cplugin.video.sdarot.tv%5cfanart.jpg/</thumb>
		<action>ActivateWindow(Videos,"plugin://plugin.video.sdarot.tv/genre/22/0",return)</action>
	</shortcut>
	<shortcut>
		<defaultID>plugin.video.sdarot.tv/genre/19/0</defaultID>
		<label>פשע</label>
		<label2>הרחבת וידאו</label2>
		<icon>DefaultShortcut.png</icon>
		<thumb>image://C%3a%5cUsers%5cneta%5cAppData%5cRoaming%5cKodi%5caddons%5cplugin.video.sdarot.tv%5cfanart.jpg/</thumb>
		<action>ActivateWindow(Videos,"plugin://plugin.video.sdarot.tv/genre/19/0",return)</action>
	</shortcut>
	<shortcut>
		<defaultID>plugin.video.sdarot.tv/genre/3/0</defaultID>
		<label>פעולה</label>
		<label2>הרחבת וידאו</label2>
		<icon>DefaultShortcut.png</icon>
		<thumb>image://C%3a%5cUsers%5cneta%5cAppData%5cRoaming%5cKodi%5caddons%5cplugin.video.sdarot.tv%5cfanart.jpg/</thumb>
		<action>ActivateWindow(Videos,"plugin://plugin.video.sdarot.tv/genre/3/0",return)</action>
	</shortcut>
	<shortcut>
		<defaultID>plugin.video.sdarot.tv/genre/1/0</defaultID>
		<label>קומדיה</label>
		<label2>הרחבת וידאו</label2>
		<icon>DefaultShortcut.png</icon>
		<thumb>image://C%3a%5cUsers%5cneta%5cAppData%5cRoaming%5cKodi%5caddons%5cplugin.video.sdarot.tv%5cfanart.jpg/</thumb>
		<action>ActivateWindow(Videos,"plugin://plugin.video.sdarot.tv/genre/1/0",return)</action>
	</shortcut>
	<shortcut>
		<defaultID>plugin.video.sdarot.tv/genre/45/0</defaultID>
		<label>קצר</label>
		<label2>הרחבת וידאו</label2>
		<icon>DefaultShortcut.png</icon>
		<thumb>image://C%3a%5cUsers%5cneta%5cAppData%5cRoaming%5cKodi%5caddons%5cplugin.video.sdarot.tv%5cfanart.jpg/</thumb>
		<action>ActivateWindow(Videos,"plugin://plugin.video.sdarot.tv/genre/45/0",return)</action>
	</shortcut>
	<shortcut>
		<defaultID>plugin.video.sdarot.tv/genre/15/0</defaultID>
		<label>רומנטיקה</label>
		<label2>הרחבת וידאו</label2>
		<icon>DefaultShortcut.png</icon>
		<thumb>image://C%3a%5cUsers%5cneta%5cAppData%5cRoaming%5cKodi%5caddons%5cplugin.video.sdarot.tv%5cfanart.jpg/</thumb>
		<action>ActivateWindow(Videos,"plugin://plugin.video.sdarot.tv/genre/15/0",return)</action>
	</shortcut>
	<shortcut>
		<defaultID>plugin.video.sdarot.tv/genre/21/0</defaultID>
		<label>ריאליטי</label>
		<label2>הרחבת וידאו</label2>
		<icon>DefaultShortcut.png</icon>
		<thumb>image://C%3a%5cUsers%5cneta%5cAppData%5cRoaming%5cKodi%5caddons%5cplugin.video.sdarot.tv%5cfanart.jpg/</thumb>
		<action>ActivateWindow(Videos,"plugin://plugin.video.sdarot.tv/genre/21/0",return)</action>
	</shortcut>
	<shortcut>
		<defaultID>plugin.video.sdarot.tv/genre/34/0</defaultID>
		<label>ריגול</label>
		<label2>הרחבת וידאו</label2>
		<icon>DefaultShortcut.png</icon>
		<thumb>image://C%3a%5cUsers%5cneta%5cAppData%5cRoaming%5cKodi%5caddons%5cplugin.video.sdarot.tv%5cfanart.jpg/</thumb>
		<action>ActivateWindow(Videos,"plugin://plugin.video.sdarot.tv/genre/34/0",return)</action>
	</shortcut>
	<shortcut>
		<defaultID>plugin.video.sdarot.tv/genre/48/0</defaultID>
		<label>רשת</label>
		<label2>הרחבת וידאו</label2>
		<icon>DefaultShortcut.png</icon>
		<thumb>image://C%3a%5cUsers%5cneta%5cAppData%5cRoaming%5cKodi%5caddons%5cplugin.video.sdarot.tv%5cfanart.jpg/</thumb>
		<action>ActivateWindow(Videos,"plugin://plugin.video.sdarot.tv/genre/48/0",return)</action>
	</shortcut>
	<shortcut>
		<defaultID>plugin.video.sdarot.tv/genre/27/0</defaultID>
		<label>שעשועון</label>
		<label2>הרחבת וידאו</label2>
		<icon>DefaultShortcut.png</icon>
		<thumb>image://C%3a%5cUsers%5cneta%5cAppData%5cRoaming%5cKodi%5caddons%5cplugin.video.sdarot.tv%5cfanart.jpg/</thumb>
		<action>ActivateWindow(Videos,"plugin://plugin.video.sdarot.tv/genre/27/0",return)</action>
	</shortcut>
	<shortcut>
		<defaultID>plugin.video.sdarot.tv/genre/41/0</defaultID>
		<label>תוכנית אירוח</label>
		<label2>הרחבת וידאו</label2>
		<icon>DefaultShortcut.png</icon>
		<thumb>image://C%3a%5cUsers%5cneta%5cAppData%5cRoaming%5cKodi%5caddons%5cplugin.video.sdarot.tv%5cfanart.jpg/</thumb>
		<action>ActivateWindow(Videos,"plugin://plugin.video.sdarot.tv/genre/41/0",return)</action>
	</shortcut>
</shortcuts>
