<?xml version='1.0' encoding='UTF-8'?>
<shortcuts>
	<shortcut>
		<defaultID />
		<label>[COLOR yellow]לוידג'ט מסך ראשי[/COLOR]</label>
		<label2>פריטים מותאמים אישית</label2>
		<icon>DefaultShortcut.png</icon>
		<thumb />
		<action>Control.SetFocus(9104)</action>
	</shortcut>
	<shortcut>
		<defaultID />
		<label>ABC serias</label>
		<label2>הרחבת וידאו</label2>
		<icon>DefaultShortcut.png</icon>
		<thumb>image://DefaultFolder.png/</thumb>
		<action>ActivateWindow(Videos,"plugin://plugin.video.tempest/?action=tvshows&amp;url=https%3A%2F%2Fapi.trakt.tv%2Fusers%2Fme%2Flists%2Fabc-serias%2Fitems",return)</action>
	</shortcut>
	<shortcut>
		<defaultID />
		<label>AmzonPrime serias</label>
		<label2>הרחבת וידאו</label2>
		<icon>DefaultShortcut.png</icon>
		<thumb>image://DefaultFolder.png/</thumb>
		<action>ActivateWindow(Videos,"plugin://plugin.video.tempest/?action=tvshows&amp;url=https%3A%2F%2Fapi.trakt.tv%2Fusers%2Fme%2Flists%2Famzonprime-serias%2Fitems",return)</action>
	</shortcut>
	<shortcut>
		<defaultID />
		<label>AppleTV serias</label>
		<label2>הרחבת וידאו</label2>
		<icon>DefaultShortcut.png</icon>
		<thumb>image://DefaultFolder.png/</thumb>
		<action>ActivateWindow(Videos,"plugin://plugin.video.tempest/?action=tvshows&amp;url=https%3A%2F%2Fapi.trakt.tv%2Fusers%2Fme%2Flists%2Fappletv-serias%2Fitems",return)</action>
	</shortcut>
	<shortcut>
		<defaultID />
		<label>BBC serias</label>
		<label2>הרחבת וידאו</label2>
		<icon>DefaultShortcut.png</icon>
		<thumb>image://DefaultFolder.png/</thumb>
		<action>ActivateWindow(Videos,"plugin://plugin.video.tempest/?action=tvshows&amp;url=https%3A%2F%2Fapi.trakt.tv%2Fusers%2Fme%2Flists%2Fbbc-serias%2Fitems",return)</action>
	</shortcut>
	<shortcut>
		<defaultID />
		<label>CBS serias</label>
		<label2>הרחבת וידאו</label2>
		<icon>DefaultShortcut.png</icon>
		<thumb>image://DefaultFolder.png/</thumb>
		<action>ActivateWindow(Videos,"plugin://plugin.video.tempest/?action=tvshows&amp;url=https%3A%2F%2Fapi.trakt.tv%2Fusers%2Fme%2Flists%2Fcbs-serias%2Fitems",return)</action>
	</shortcut>
	<shortcut>
		<defaultID />
		<label>FOX serias</label>
		<label2>הרחבת וידאו</label2>
		<icon>DefaultShortcut.png</icon>
		<thumb>image://DefaultFolder.png/</thumb>
		<action>ActivateWindow(Videos,"plugin://plugin.video.tempest/?action=tvshows&amp;url=https%3A%2F%2Fapi.trakt.tv%2Fusers%2Fme%2Flists%2Ffox-serias%2Fitems",return)</action>
	</shortcut>
	<shortcut>
		<defaultID />
		<label>HBO serias</label>
		<label2>הרחבת וידאו</label2>
		<icon>DefaultShortcut.png</icon>
		<thumb>image://DefaultFolder.png/</thumb>
		<action>ActivateWindow(Videos,"plugin://plugin.video.tempest/?action=tvshows&amp;url=https%3A%2F%2Fapi.trakt.tv%2Fusers%2Fme%2Flists%2Fhbo-serias%2Fitems",return)</action>
	</shortcut>
	<shortcut>
		<defaultID />
		<label>HULU serias</label>
		<label2>הרחבת וידאו</label2>
		<icon>DefaultShortcut.png</icon>
		<thumb>image://DefaultFolder.png/</thumb>
		<action>ActivateWindow(Videos,"plugin://plugin.video.tempest/?action=tvshows&amp;url=https%3A%2F%2Fapi.trakt.tv%2Fusers%2Fme%2Flists%2Fhulu-serias%2Fitems",return)</action>
	</shortcut>
	<shortcut>
		<defaultID />
		<label>NBC serias</label>
		<label2>הרחבת וידאו</label2>
		<icon>DefaultShortcut.png</icon>
		<thumb>image://DefaultFolder.png/</thumb>
		<action>ActivateWindow(Videos,"plugin://plugin.video.tempest/?action=tvshows&amp;url=https%3A%2F%2Fapi.trakt.tv%2Fusers%2Fme%2Flists%2Fnbc-serias%2Fitems",return)</action>
	</shortcut>
	<shortcut>
		<defaultID />
		<label>סדרות נטפליקס</label>
		<label2>הרחבת וידאו</label2>
		<icon>DefaultShortcut.png</icon>
		<thumb>image://DefaultFolder.png/</thumb>
		<action>ActivateWindow(Videos,"plugin://plugin.video.tempest/?action=tvshows&amp;url=https%3A%2F%2Fapi.trakt.tv%2Fusers%2Fme%2Flists%2Fnetflixtvshow%2Fitems",return)</action>
	</shortcut>
	<shortcut>
		<defaultID />
		<label>סדרות אקשן</label>
		<label2>הרחבת וידאו</label2>
		<icon>DefaultShortcut.png</icon>
		<thumb>image://DefaultFolder.png/</thumb>
		<action>ActivateWindow(Videos,"plugin://plugin.video.tempest/?action=tvshows&amp;url=https%3A%2F%2Fapi.trakt.tv%2Fusers%2Fme%2Flists%2Faction-tvshows%2Fitems",return)</action>
	</shortcut>
	<shortcut>
		<defaultID />
		<label>סדרות מדע בדיוני</label>
		<label2>הרחבת וידאו</label2>
		<icon>DefaultShortcut.png</icon>
		<thumb>image://DefaultFolder.png/</thumb>
		<action>ActivateWindow(Videos,"plugin://plugin.video.tempest/?action=tvshows&amp;url=https%3A%2F%2Fapi.trakt.tv%2Fusers%2Fme%2Flists%2Fcifi-tvshows%2Fitems",return)</action>
	</shortcut>
	<shortcut>
		<defaultID />
		<label>סדרות קומדיה</label>
		<label2>הרחבת וידאו</label2>
		<icon>DefaultShortcut.png</icon>
		<thumb>image://DefaultFolder.png/</thumb>
		<action>ActivateWindow(Videos,"plugin://plugin.video.tempest/?action=tvshows&amp;url=https%3A%2F%2Fapi.trakt.tv%2Fusers%2Fme%2Flists%2Fcomedy-tvshow%2Fitems",return)</action>
	</shortcut>
	<shortcut>
		<defaultID />
		<label>סדרות פשע</label>
		<label2>הרחבת וידאו</label2>
		<icon>DefaultShortcut.png</icon>
		<thumb>image://DefaultFolder.png/</thumb>
		<action>ActivateWindow(Videos,"plugin://plugin.video.tempest/?action=tvshows&amp;url=https%3A%2F%2Fapi.trakt.tv%2Fusers%2Fme%2Flists%2Fcrime-tvshow%2Fitems",return)</action>
	</shortcut>
	<shortcut>
		<defaultID />
		<label>סדרות דרמה</label>
		<label2>הרחבת וידאו</label2>
		<icon>DefaultShortcut.png</icon>
		<thumb>image://DefaultFolder.png/</thumb>
		<action>ActivateWindow(Videos,"plugin://plugin.video.tempest/?action=tvshows&amp;url=https%3A%2F%2Fapi.trakt.tv%2Fusers%2Fme%2Flists%2Fdrama-tvhosw%2Fitems",return)</action>
	</shortcut>
	<shortcut>
		<defaultID />
		<label>סדרות משפחה</label>
		<label2>הרחבת וידאו</label2>
		<icon>DefaultShortcut.png</icon>
		<thumb>image://DefaultFolder.png/</thumb>
		<action>ActivateWindow(Videos,"plugin://plugin.video.tempest/?action=tvshows&amp;url=https%3A%2F%2Fapi.trakt.tv%2Fusers%2Fme%2Flists%2Ffamily-tvshows%2Fitems",return)</action>
	</shortcut>
	<shortcut>
		<defaultID />
		<label>סדרות ילדים</label>
		<label2>הרחבת וידאו</label2>
		<icon>DefaultShortcut.png</icon>
		<thumb>image://DefaultFolder.png/</thumb>
		<action>ActivateWindow(Videos,"plugin://plugin.video.tempest/?action=tvshows&amp;url=https%3A%2F%2Fapi.trakt.tv%2Fusers%2Fme%2Flists%2Fkids-tvshows%2Fitems",return)</action>
	</shortcut>
	<shortcut>
		<defaultID />
		<label>סדרות טבע</label>
		<label2>הרחבת וידאו</label2>
		<icon>DefaultShortcut.png</icon>
		<thumb>image://DefaultFolder.png/</thumb>
		<action>ActivateWindow(Videos,"plugin://plugin.video.tempest/?action=tvshows&amp;url=https%3A%2F%2Fapi.trakt.tv%2Fusers%2Fme%2Flists%2Fnature-tvshows%2Fitems",return)</action>
	</shortcut>
	<shortcut>
		<defaultID />
		<label>סדרות דוקומנטרי</label>
		<label2>הרחבת וידאו</label2>
		<icon>DefaultShortcut.png</icon>
		<thumb>image://DefaultFolder.png/</thumb>
		<action>ActivateWindow(Videos,"plugin://plugin.video.tempest/?action=tvshows&amp;url=https%3A%2F%2Fapi.trakt.tv%2Fusers%2Fme%2Flists%2Ftvshowsrealitydocu%2Fitems",return)</action>
	</shortcut>
	<shortcut>
		<defaultID />
		<label>סדרות נוסטלגיה</label>
		<label2>הרחבת וידאו</label2>
		<icon>DefaultShortcut.png</icon>
		<thumb>image://DefaultFolder.png/</thumb>
		<action>ActivateWindow(Videos,"plugin://plugin.video.tempest/?action=tvshows&amp;url=https%3A%2F%2Fapi.trakt.tv%2Fusers%2Fme%2Flists%2Ftvshow-nostalgy%2Fitems",return)</action>
	</shortcut>
	<shortcut>
		<defaultID />
		<label>החדשים 1</label>
		<label2>הרחבת וידאו</label2>
		<icon>DefaultShortcut.png</icon>
		<thumb>image://DefaultFolder.png/</thumb>
		<action>ActivateWindow(Videos,"plugin://plugin.video.tempest/?action=tvshows&amp;url=https%3A%2F%2Fapi.trakt.tv%2Fusers%2Fme%2Flists%2Ftvhoswtest%2Fitems",return)</action>
	</shortcut>
	<shortcut>
		<defaultID />
		<label>החדשים 2</label>
		<label2>הרחבת וידאו</label2>
		<icon>DefaultShortcut.png</icon>
		<thumb>image://DefaultFolder.png/</thumb>
		<action>ActivateWindow(Videos,"plugin://plugin.video.tempest/?action=tvshows&amp;url=https%3A%2F%2Fapi.trakt.tv%2Fusers%2Fme%2Flists%2Ftvhoswtest1%2Fitems",return)</action>
	</shortcut>
</shortcuts>
