<?xml version='1.0' encoding='UTF-8'?>
<shortcuts>
	<shortcut>
		<defaultID />
		<label>[COLOR yellow]לוידג'ט מסך ראשי[/COLOR]</label>
		<label2>פריטים מותאמים אישית</label2>
		<icon>DefaultShortcut.png</icon>
		<thumb />
		<action>Control.SetFocus(9002)</action>
	</shortcut>
	<shortcut>
		<defaultID>13013</defaultID>
		<label>עיצוב לקטנטנים</label>
		<label2>פריטים מותאמים אישית</label2>
		<icon>Reboot.png</icon>
		<thumb />
		<action>ActivateWindow(6006)</action>
	</shortcut>
	<shortcut>
		<defaultID>13013</defaultID>
		<label>וידג'ט סרטים מדובבים 1</label>
		<label2>פריטים מותאמים אישית</label2>
		<icon>Reboot.png</icon>
		<thumb />
		<action>ActivateWindow(6016)</action>
	</shortcut>
	<shortcut>
		<defaultID>13013</defaultID>
		<label>וידג'ט סרטים מדובבים 2</label>
		<label2>פריטים מותאמים אישית</label2>
		<icon>Reboot.png</icon>
		<thumb />
		<action>ActivateWindow(6017)</action>
	</shortcut>
	<shortcut>
		<defaultID />
		<label>גוסט סרטים מדובבים</label>
		<label2>הרחבת מוזיקה</label2>
		<icon>DefaultShortcut.png</icon>
		<thumb>image://C%3a%5cUsers%5cneta%5cAppData%5cRoaming%5cKodi%5caddons%5cplugin.audio.My.Music%5cicon.png/</thumb>
		<action>ActivateWindow(Music,"plugin://plugin.audio.My.Music/?url=kids&amp;mode=5&amp;name=kids&amp;iconimage=&amp;fanart=&amp;description=+&amp;count=0&amp;page=&amp;cat_level= &amp;index_depth=0&amp;selected_list= &amp;lang=eng",return)</action>
	</shortcut>
	<shortcut>
		<defaultID />
		<label>[COLOR lightblue]קבוצת הבקשות ילדים[/COLOR]</label>
		<label2>הרחבת וידאו</label2>
		<icon>DefaultShortcut.png</icon>
		<thumb>image://C%3a%5cUsers%5cneta%5cAppData%5cRoaming%5cKodi%5caddons%5cplugin.video.telemedia%5cicon.png/</thumb>
		<action>ActivateWindow(Videos,"plugin://plugin.video.telemedia/?mode=31&amp;name=[COLOR lightblue]קבוצת הבקשות ילדים[/COLOR]&amp;image_master=&amp;heb_name= &amp;last_id=&amp;dates= &amp;data=-1001406056035&amp;original_title= &amp;id= &amp;season= &amp;episode= &amp;tmdbid= &amp;eng_name= &amp;show_original_year= &amp;isr=0&amp;fanart=&amp;url=-1001406056035&amp;iconimage=&amp;description=%22%D7%90%D7%9C%D7%90%D7%93%D7%99%D7%9F%22+2019%0A%0A%D7%90%D7%99%D7%9B%D7%95%D7%AA%3A+1080p+BluRay.+%F0%9F%98%8D%0A%E2%9C%82%EF%B8%8F+%D7%97%D7%9C%D7%A7+2+-+%D7%9E%D7%93%D7%95%D7%91%D7%91+%D7%9C%D7%A2%D7%91%D7%A8%D7%99%D7%AA.+%F0%9F%97%A3%0A%0A%E2%9A%A1%EF%B8%8F+%40all_the_media%0Afrom_plot&amp;fav_status=false&amp;groups_id=0",return)</action>
	</shortcut>
	<shortcut>
		<defaultID />
		<label>[COLOR khaki]קבוצת הבקשות לילדים 2[/COLOR]</label>
		<label2>הרחבת וידאו</label2>
		<icon>DefaultShortcut.png</icon>
		<thumb>image://C%3a%5cUsers%5cneta%5cAppData%5cRoaming%5cKodi%5caddons%5cplugin.video.telemedia%5cicon.png/</thumb>
		<action>ActivateWindow(Videos,"plugin://plugin.video.telemedia/?mode=31&amp;name=[COLOR khaki]קבוצת הבקשות לילדים 2[/COLOR]&amp;image_master=&amp;heb_name= &amp;last_id=&amp;dates= &amp;data=-1001169545715&amp;original_title= &amp;id= &amp;season= &amp;episode= &amp;tmdbid= &amp;eng_name= &amp;show_original_year= &amp;isr=0&amp;fanart=&amp;url=-1001169545715&amp;iconimage=&amp;description=%D7%A7%D7%91%D7%95%D7%A6%D7%AA+%D7%94%D7%91%D7%A7%D7%A9%D7%95%D7%AA+%D7%9C%D7%99%D7%9C%D7%93%D7%99%D7%9D+2%0Afrom_plot&amp;fav_status=false&amp;groups_id=0",return)</action>
	</shortcut>
	<shortcut>
		<defaultID />
		<label>[COLOR khaki]קבוצת הבקשות לילדים 3[/COLOR]</label>
		<label2>הרחבת וידאו</label2>
		<icon>DefaultShortcut.png</icon>
		<thumb>image://C%3a%5cUsers%5cneta%5cAppData%5cRoaming%5cKodi%5caddons%5cplugin.video.telemedia%5cicon.png/</thumb>
		<action>ActivateWindow(Videos,"plugin://plugin.video.telemedia/?mode=31&amp;name=[COLOR khaki]קבוצת הבקשות לילדים 3[/COLOR]&amp;image_master=&amp;heb_name= &amp;last_id=&amp;dates= &amp;data=-1001364848763&amp;original_title= &amp;id= &amp;season= &amp;episode= &amp;tmdbid= &amp;eng_name= &amp;show_original_year= &amp;isr=0&amp;fanart=&amp;url=-1001364848763&amp;iconimage=&amp;description=%0Afrom_plot&amp;fav_status=false&amp;groups_id=0",return)</action>
	</shortcut>
	<shortcut>
		<defaultID />
		<label>[COLOR khaki]קבוצת הבקשות לילדים 3[/COLOR]</label>
		<label2>הרחבת וידאו</label2>
		<icon>DefaultShortcut.png</icon>
		<thumb>image://C%3a%5cUsers%5cneta%5cAppData%5cRoaming%5cKodi%5caddons%5cplugin.video.telemedia%5cicon.png/</thumb>
		<action>ActivateWindow(Videos,"plugin://plugin.video.telemedia/?mode=31&amp;name=[COLOR khaki]קבוצת הבקשות לילדים 3[/COLOR]&amp;image_master=&amp;heb_name= &amp;last_id=&amp;dates= &amp;data=-1001364848763&amp;original_title= &amp;id= &amp;season= &amp;episode= &amp;tmdbid= &amp;eng_name= &amp;show_original_year= &amp;isr=0&amp;fanart=&amp;url=-1001364848763&amp;iconimage=&amp;description=%0Afrom_plot&amp;fav_status=false&amp;groups_id=0",return)</action>
	</shortcut>
	<shortcut>
		<defaultID />
		<label>[COLOR khaki]קבוצת הבקשות לילדים 4[/COLOR]</label>
		<label2>הרחבת וידאו</label2>
		<icon>DefaultShortcut.png</icon>
		<thumb>image://C%3a%5cUsers%5cneta%5cAppData%5cRoaming%5cKodi%5caddons%5cplugin.video.telemedia%5cicon.png/</thumb>
		<action>ActivateWindow(Videos,"plugin://plugin.video.telemedia/?mode=31&amp;name=[COLOR khaki]קבוצת הבקשות לילדים 4[/COLOR]&amp;image_master=&amp;heb_name= &amp;last_id=&amp;dates= &amp;data=-1001428630061&amp;original_title= &amp;id= &amp;season= &amp;episode= &amp;tmdbid= &amp;eng_name= &amp;show_original_year= &amp;isr=0&amp;fanart=&amp;url=-1001428630061&amp;iconimage=&amp;description=%D7%A7%D7%91%D7%95%D7%A6%D7%AA+%D7%94%D7%91%D7%A7%D7%A9%D7%95%D7%AA+%D7%9C%D7%99%D7%9C%D7%93%D7%99%D7%9D+4%0Afrom_plot&amp;fav_status=false&amp;groups_id=0",return)</action>
	</shortcut>
	<shortcut>
		<defaultID />
		<label>[COLOR khaki]קבוצת הבקשות לילדים 5[/COLOR]</label>
		<label2>הרחבת וידאו</label2>
		<icon>DefaultShortcut.png</icon>
		<thumb>image://C%3a%5cUsers%5cneta%5cAppData%5cRoaming%5cKodi%5caddons%5cplugin.video.telemedia%5cicon.png/</thumb>
		<action>ActivateWindow(Videos,"plugin://plugin.video.telemedia/?mode=31&amp;name=[COLOR khaki]קבוצת הבקשות לילדים 5[/COLOR]&amp;image_master=&amp;heb_name= &amp;last_id=&amp;dates= &amp;data=-1001229507581&amp;original_title= &amp;id= &amp;season= &amp;episode= &amp;tmdbid= &amp;eng_name= &amp;show_original_year= &amp;isr=0&amp;fanart=&amp;url=-1001229507581&amp;iconimage=&amp;description=%0Afrom_plot&amp;fav_status=false&amp;groups_id=0",return)</action>
	</shortcut>
	<shortcut>
		<defaultID />
		<label>[COLOR khaki]קבוצת הבקשות לילדים 6[/COLOR]</label>
		<label2>הרחבת וידאו</label2>
		<icon>DefaultShortcut.png</icon>
		<thumb>image://C%3a%5cUsers%5cneta%5cAppData%5cRoaming%5cKodi%5caddons%5cplugin.video.telemedia%5cicon.png/</thumb>
		<action>ActivateWindow(Videos,"plugin://plugin.video.telemedia/?mode=31&amp;name=[COLOR khaki]קבוצת הבקשות לילדים 6[/COLOR]&amp;image_master=&amp;heb_name= &amp;last_id=&amp;dates= &amp;data=-1001331856284&amp;original_title= &amp;id= &amp;season= &amp;episode= &amp;tmdbid= &amp;eng_name= &amp;show_original_year= &amp;isr=0&amp;fanart=&amp;url=-1001331856284&amp;iconimage=&amp;description=%0Afrom_plot&amp;fav_status=false&amp;groups_id=0",return)</action>
	</shortcut>
	<shortcut>
		<defaultID />
		<label>[COLOR khaki]סרטים מדובבים[/COLOR]</label>
		<label2>הרחבת וידאו</label2>
		<icon>DefaultShortcut.png</icon>
		<thumb>image://C%3a%2fUsers%2fneta%2fAppData%2fRoaming%2fKodi%2fuserdata%2faddon_data%2fplugin.video.telemedia%2flogo%2f-1001251653717_small.jpg/</thumb>
		<action>ActivateWindow(Videos,"plugin://plugin.video.telemedia/?mode=31&amp;name=[COLOR khaki]סרטים מדובבים[/COLOR]&amp;image_master=&amp;heb_name= &amp;last_id=&amp;dates= &amp;data=-1001251653717&amp;original_title= &amp;id= &amp;season= &amp;episode= &amp;tmdbid= &amp;eng_name= &amp;show_original_year= &amp;isr=0&amp;fanart=C%3A%2FUsers%2Fneta%2FAppData%2FRoaming%2FKodi%2Fuserdata%2Faddon_data%2Fplugin.video.telemedia%2Flogo%2F-1001251653717_big.jpg&amp;url=-1001251653717&amp;iconimage=C%3A%2FUsers%2Fneta%2FAppData%2FRoaming%2FKodi%2Fuserdata%2Faddon_data%2Fplugin.video.telemedia%2Flogo%2F-1001251653717_small.jpg&amp;description=%D7%AA%D7%AA%D7%90%D7%A8%D7%95+%D7%9C%D7%9B%D7%9D+-+2020%0A%0A%D7%90%D7%99%D7%9B%D7%95%D7%AA%3A+1080p+WEBRip.+%F0%9F%98%8D%0A%0A%D7%A2%D7%A8%D7%95%D7%A6%D7%99+%D7%A1%D7%A8%D7%98%D7%99%D7%9D+%D7%95%D7%A1%D7%93%D7%A8%D7%95%D7%AA+%D7%9C%D7%A6%D7%A4%D7%99%D7%99%D7%94+%D7%99%D7%A9%D7%99%D7%A8%D7%94%3A%0A%E2%8F%A9++http%3A%2F%2Ft.me%2FNatiOnline++%E2%8F%AA%0Afrom_plot&amp;fav_status=false&amp;groups_id=0",return)</action>
	</shortcut>
</shortcuts>
