<?xml version='1.0' encoding='UTF-8'?>
<shortcuts>
	<shortcut>
		<defaultID>13013</defaultID>
		<label>[COLOR yellow]לוידג'ט מסך ראשי[/COLOR]</label>
		<label2>פריטים מותאמים אישית</label2>
		<icon>Reboot.png</icon>
		<thumb />
		<action>Control.SetFocus(9003)</action>
	</shortcut>
	<shortcut>
		<defaultID>13013</defaultID>
		<label>[COLOR deepskyblue]לוידג'ט עולם הסרטים[/COLOR]</label>
		<label2>פריטים מותאמים אישית</label2>
		<icon>Reboot.png</icon>
		<thumb />
		<action>ActivateWindow(7025)</action>
	</shortcut>
	<shortcut>
		<defaultID />
		<label>[COLOR deepskyblue]לוידג'ט הסרטים החדשים[/COLOR]</label>
		<label2>פריטים מותאמים אישית</label2>
		<icon>DefaultShortcut.png</icon>
		<thumb>image://DefaultFolder.png/</thumb>
		<action>ActivateWindow(7030)</action>
	</shortcut>
	<shortcut>
		<defaultID>13013</defaultID>
		<label>[COLOR deepskyblue]720p לוידג'ט סרטים[/COLOR]</label>
		<label2>פריטים מותאמים אישית</label2>
		<icon>Reboot.png</icon>
		<thumb />
		<action>ActivateWindow(7032)</action>
	</shortcut>
	<shortcut>
		<defaultID />
		<label>סרטים אנימציה RD</label>
		<label2>הרחבת וידאו</label2>
		<icon>DefaultShortcut.png</icon>
		<thumb>image://DefaultFolder.png/</thumb>
		<action>ActivateWindow(Videos,"plugin://plugin.video.tempest/?action=movies&amp;url=https%3A%2F%2Fapi.trakt.tv%2Fusers%2Fme%2Flists%2Fanimationmovies%2Fitems",return)</action>
	</shortcut>
	<shortcut>
		<defaultID />
		<label>סרטים RD דוקומנטרי</label>
		<label2>הרחבת וידאו</label2>
		<icon>DefaultShortcut.png</icon>
		<thumb>image://DefaultFolder.png/</thumb>
		<action>ActivateWindow(Videos,"plugin://plugin.video.tempest/?action=movies&amp;url=https%3A%2F%2Fapi.trakt.tv%2Fusers%2Fme%2Flists%2Fmoviesextrasplus3docu%2Fitems",return)</action>
	</shortcut>
	<shortcut>
		<defaultID />
		<label>סרטים RD משפחה</label>
		<label2>הרחבת וידאו</label2>
		<icon>DefaultShortcut.png</icon>
		<thumb>image://DefaultFolder.png/</thumb>
		<action>ActivateWindow(Videos,"plugin://plugin.video.tempest/?action=movies&amp;url=https%3A%2F%2Fapi.trakt.tv%2Fusers%2Fme%2Flists%2Fmoviesextrayesgofamily%2Fitems",return)</action>
	</shortcut>
	<shortcut>
		<defaultID />
		<label>סרטים RD רומנטיקה</label>
		<label2>הרחבת וידאו</label2>
		<icon>DefaultShortcut.png</icon>
		<thumb>image://DefaultFolder.png/</thumb>
		<action>ActivateWindow(Videos,"plugin://plugin.video.tempest/?action=movies&amp;url=https%3A%2F%2Fapi.trakt.tv%2Fusers%2Fme%2Flists%2Fmoviesextrayesgoromance%2Fitems",return)</action>
	</shortcut>
	<shortcut>
		<defaultID />
		<label>סרטים RD 1</label>
		<label2>הרחבת וידאו</label2>
		<icon>DefaultShortcut.png</icon>
		<thumb>image://DefaultFolder.png/</thumb>
		<action>ActivateWindow(Videos,"plugin://plugin.video.tempest/?action=movies&amp;url=https%3A%2F%2Fapi.trakt.tv%2Fusers%2Fme%2Flists%2Fmovies1%2Fitems",return)</action>
	</shortcut>
	<shortcut>
		<defaultID />
		<label>סרטים 2 RD</label>
		<label2>הרחבת וידאו</label2>
		<icon>DefaultShortcut.png</icon>
		<thumb>image://DefaultFolder.png/</thumb>
		<action>ActivateWindow(Videos,"plugin://plugin.video.tempest/?action=movies&amp;url=https%3A%2F%2Fapi.trakt.tv%2Fusers%2Fme%2Flists%2Fmovies2%2Fitems",return)</action>
	</shortcut>
	<shortcut>
		<defaultID />
		<label>סרטים 3 RD</label>
		<label2>הרחבת וידאו</label2>
		<icon>DefaultShortcut.png</icon>
		<thumb>image://DefaultFolder.png/</thumb>
		<action>ActivateWindow(Videos,"plugin://plugin.video.tempest/?action=movies&amp;url=https%3A%2F%2Fapi.trakt.tv%2Fusers%2Fme%2Flists%2Fmymovies1%2Fitems",return)</action>
	</shortcut>
	<shortcut>
		<defaultID />
		<label>סרטים 4 RD</label>
		<label2>הרחבת וידאו</label2>
		<icon>DefaultShortcut.png</icon>
		<thumb>image://DefaultFolder.png/</thumb>
		<action>ActivateWindow(Videos,"plugin://plugin.video.tempest/?action=movies&amp;url=https%3A%2F%2Fapi.trakt.tv%2Fusers%2Fme%2Flists%2Fmymovies2%2Fitems",return)</action>
	</shortcut>
	<shortcut>
		<defaultID />
		<label>סרטים RD 5</label>
		<label2>הרחבת וידאו</label2>
		<icon>DefaultShortcut.png</icon>
		<thumb>image://DefaultFolder.png/</thumb>
		<action>ActivateWindow(Videos,"plugin://plugin.video.tempest/?action=movies&amp;url=https%3A%2F%2Fapi.trakt.tv%2Fusers%2Fme%2Flists%2Fmymovies3%2Fitems",return)</action>
	</shortcut>
	<shortcut>
		<defaultID />
		<label>סרטים RD 6</label>
		<label2>הרחבת וידאו</label2>
		<icon>DefaultShortcut.png</icon>
		<thumb>image://DefaultFolder.png/</thumb>
		<action>ActivateWindow(Videos,"plugin://plugin.video.tempest/?action=movies&amp;url=https%3A%2F%2Fapi.trakt.tv%2Fusers%2Fme%2Flists%2Fmymovies4%2Fitems",return)</action>
	</shortcut>
	<shortcut>
		<defaultID />
		<label>סרטים RD 7</label>
		<label2>הרחבת וידאו</label2>
		<icon>DefaultShortcut.png</icon>
		<thumb>image://DefaultFolder.png/</thumb>
		<action>ActivateWindow(Videos,"plugin://plugin.video.tempest/?action=movies&amp;url=https%3A%2F%2Fapi.trakt.tv%2Fusers%2Fme%2Flists%2Fmymovies5%2Fitems",return)</action>
	</shortcut>
	<shortcut>
		<defaultID />
		<label>סרטים RD 2011</label>
		<label2>הרחבת וידאו</label2>
		<icon>DefaultShortcut.png</icon>
		<thumb>image://DefaultFolder.png/</thumb>
		<action>ActivateWindow(Videos,"plugin://plugin.video.tempest/?action=movies&amp;url=https%3A%2F%2Fapi.trakt.tv%2Fusers%2Fme%2Flists%2Fmovies2011%2Fitems",return)</action>
	</shortcut>
	<shortcut>
		<defaultID />
		<label>סרטים RD 2012</label>
		<label2>הרחבת וידאו</label2>
		<icon>DefaultShortcut.png</icon>
		<thumb>image://DefaultFolder.png/</thumb>
		<action>ActivateWindow(Videos,"plugin://plugin.video.tempest/?action=movies&amp;url=https%3A%2F%2Fapi.trakt.tv%2Fusers%2Fme%2Flists%2Fmovies2012%2Fitems",return)</action>
	</shortcut>
	<shortcut>
		<defaultID />
		<label>סרטים RD 2013</label>
		<label2>הרחבת וידאו</label2>
		<icon>DefaultShortcut.png</icon>
		<thumb>image://DefaultFolder.png/</thumb>
		<action>ActivateWindow(Videos,"plugin://plugin.video.tempest/?action=movies&amp;url=https%3A%2F%2Fapi.trakt.tv%2Fusers%2Fme%2Flists%2Fmovies2013%2Fitems",return)</action>
	</shortcut>
	<shortcut>
		<defaultID />
		<label>סרטים RD 2014</label>
		<label2>הרחבת וידאו</label2>
		<icon>DefaultShortcut.png</icon>
		<thumb>image://DefaultFolder.png/</thumb>
		<action>ActivateWindow(Videos,"plugin://plugin.video.tempest/?action=movies&amp;url=https%3A%2F%2Fapi.trakt.tv%2Fusers%2Fme%2Flists%2Fmovies2014%2Fitems",return)</action>
	</shortcut>
	<shortcut>
		<defaultID />
		<label>סרטים RD 2015</label>
		<label2>הרחבת וידאו</label2>
		<icon>DefaultShortcut.png</icon>
		<thumb>image://DefaultFolder.png/</thumb>
		<action>ActivateWindow(Videos,"plugin://plugin.video.tempest/?action=movies&amp;url=https%3A%2F%2Fapi.trakt.tv%2Fusers%2Fme%2Flists%2Fmovies2015%2Fitems",return)</action>
	</shortcut>
	<shortcut>
		<defaultID />
		<label>סרטים RD 2016</label>
		<label2>הרחבת וידאו</label2>
		<icon>DefaultShortcut.png</icon>
		<thumb>image://DefaultFolder.png/</thumb>
		<action>ActivateWindow(Videos,"plugin://plugin.video.tempest/?action=movies&amp;url=https%3A%2F%2Fapi.trakt.tv%2Fusers%2Fme%2Flists%2Fmovies2016%2Fitems",return)</action>
	</shortcut>
	<shortcut>
		<defaultID />
		<label>סרטים RD 2017</label>
		<label2>הרחבת וידאו</label2>
		<icon>DefaultShortcut.png</icon>
		<thumb>image://DefaultFolder.png/</thumb>
		<action>ActivateWindow(Videos,"plugin://plugin.video.tempest/?action=movies&amp;url=https%3A%2F%2Fapi.trakt.tv%2Fusers%2Fme%2Flists%2Fmovies2017%2Fitems",return)</action>
	</shortcut>
	<shortcut>
		<defaultID />
		<label>סרטים RD 2018</label>
		<label2>הרחבת וידאו</label2>
		<icon>DefaultShortcut.png</icon>
		<thumb>image://DefaultFolder.png/</thumb>
		<action>ActivateWindow(Videos,"plugin://plugin.video.tempest/?action=movies&amp;url=https%3A%2F%2Fapi.trakt.tv%2Fusers%2Fme%2Flists%2Fmovies2018%2Fitems",return)</action>
	</shortcut>
	<shortcut>
		<defaultID />
		<label>סרטים RD 2019</label>
		<label2>הרחבת וידאו</label2>
		<icon>DefaultShortcut.png</icon>
		<thumb>image://DefaultFolder.png/</thumb>
		<action>ActivateWindow(Videos,"plugin://plugin.video.tempest/?action=movies&amp;url=https%3A%2F%2Fapi.trakt.tv%2Fusers%2Fme%2Flists%2Fmovies2019%2Fitems",return)</action>
	</shortcut>
	<shortcut>
		<defaultID />
		<label>סרטים כללי RD</label>
		<label2>הרחבת וידאו</label2>
		<icon>DefaultShortcut.png</icon>
		<thumb>image://DefaultFolder.png/</thumb>
		<action>ActivateWindow(Videos,"plugin://plugin.video.tempest/?action=movies&amp;url=https%3A%2F%2Fapi.trakt.tv%2Fusers%2Fme%2Flists%2Fmoviesarchive%2Fitems",return)</action>
	</shortcut>
	<shortcut>
		<defaultID />
		<label>סרטים RD 1 אקסטרה</label>
		<label2>הרחבת וידאו</label2>
		<icon>DefaultShortcut.png</icon>
		<thumb>image://DefaultFolder.png/</thumb>
		<action>ActivateWindow(Videos,"plugin://plugin.video.tempest/?action=movies&amp;url=https%3A%2F%2Fapi.trakt.tv%2Fusers%2Fme%2Flists%2Fmoviesextrasplus%2Fitems",return)</action>
	</shortcut>
	<shortcut>
		<defaultID />
		<label>סרטים 2 RD אקסטרה</label>
		<label2>הרחבת וידאו</label2>
		<icon>DefaultShortcut.png</icon>
		<thumb>image://DefaultFolder.png/</thumb>
		<action>ActivateWindow(Videos,"plugin://plugin.video.tempest/?action=movies&amp;url=https%3A%2F%2Fapi.trakt.tv%2Fusers%2Fme%2Flists%2Fmoviesextrasplus2%2Fitems",return)</action>
	</shortcut>
</shortcuts>
