<?xml version='1.0' encoding='UTF-8'?>
<shortcuts>
	<shortcut>
		<defaultID />
		<label>[COLOR burlywood]ישראלים[/COLOR][COLOR aqua] להרחבת סרטים - [/COLOR]</label>
		<label2>פריטים מותאמים אישית</label2>
		<icon>DefaultShortcut.png</icon>
		<thumb>image://https%3a%2f%2fkcat123.github.io%2fFTV%2fImages%2fMovies-IL.jpg/</thumb>
		<action>ActivateWindow(Videos,"plugin://plugin.video.FlashTV/?url=%D7%A1%D7%A8%D7%98%D7%99%D7%9D&amp;mode=5&amp;name=%D7%A1%D7%A8%D7%98%D7%99%D7%9D&amp;iconimage=https%3A%2F%2Fkcat123.github.io%2FFTV%2FImages%2FMovies.jpg&amp;fanart=&amp;description=+&amp;count=0&amp;page=&amp;cat_level= &amp;index_depth=0&amp;selected_list= &amp;lang=eng",return)</action>
	</shortcut>
	<shortcut>
		<defaultID />
		<label>הרחבת סרטים ישראלים</label>
		<label2>הרחבת וידאו</label2>
		<icon>DefaultShortcut.png</icon>
		<thumb>image://http%3a%2f%2fimages.peer5.net%2fimages%2fb%2fshowphoto_773.jpg/</thumb>
		<action>ActivateWindow(Videos,"plugin://plugin.video.CHICCO/?url=%D7%A1%D7%A8%D7%98%D7%99%D7%9D%D7%A1%D7%A8%D7%98%D7%99%D7%9D+%D7%99%D7%A9%D7%A8%D7%90%D7%9C%D7%99%D7%9D&amp;mode=5&amp;name=%D7%A1%D7%A8%D7%98%D7%99%D7%9D+%D7%99%D7%A9%D7%A8%D7%90%D7%9C%D7%99%D7%9D&amp;iconimage=http%3A%2F%2Fimages.peer5.net%2Fimages%2Fb%2Fshowphoto_773.jpg&amp;fanart=http%3A%2F%2Fimages.peer5.net%2Fimages%2Fb%2Fshowphoto_773.jpg&amp;description=+&amp;count=0&amp;page=&amp;cat_level= &amp;index_depth=0&amp;selected_list= &amp;lang=eng",return)</action>
	</shortcut>
</shortcuts>
