<?xml version='1.0' encoding='UTF-8'?>
<shortcuts>
	<shortcut>
		<defaultID />
		<label>[COLOR yellow]לוידג'ט מסך ראשי[/COLOR]</label>
		<label2>פריטים מותאמים אישית</label2>
		<icon>DefaultShortcut.png</icon>
		<thumb />
		<action>Control.SetFocus(9002)</action>
	</shortcut>
	<shortcut>
		<defaultID>13013</defaultID>
		<label>צי'קו סרטים ישראלים</label>
		<label2>פריטים מותאמים אישית</label2>
		<icon>Reboot.png</icon>
		<thumb />
		<action>ActivateWindow(Videos,"plugin://plugin.video.CHICCO/?url=%D7%A1%D7%A8%D7%98%D7%99%D7%9D%D7%A1%D7%A8%D7%98%D7%99%D7%9D+%D7%99%D7%A9%D7%A8%D7%90%D7%9C%D7%99%D7%9D&amp;mode=5&amp;name=%D7%A1%D7%A8%D7%98%D7%99%D7%9D+%D7%99%D7%A9%D7%A8%D7%90%D7%9C%D7%99%D7%9D&amp;iconimage=http%3A%2F%2Fimages.peer5.net%2Fimages%2Fb%2Fshowphoto_773.jpg&amp;fanart=http%3A%2F%2Fimages.peer5.net%2Fimages%2Fb%2Fshowphoto_773.jpg&amp;description=+&amp;count=0&amp;page=&amp;cat_level= &amp;index_depth=0&amp;selected_list= &amp;lang=eng",return)</action>
	</shortcut>
	<shortcut>
		<defaultID />
		<label>[COLOR khaki]נתי מדיה - סרטים ישראליים[/COLOR]</label>
		<label2>הרחבת וידאו</label2>
		<icon>DefaultShortcut.png</icon>
		<thumb>image://C%3a%5cUsers%5cneta%5cAppData%5cRoaming%5cKodi%5cuserdata%5caddon_data%5cplugin.video.telemedia%5clogo%5c-1001106800100_small.jpg/</thumb>
		<action>ActivateWindow(Videos,"plugin://plugin.video.telemedia/?mode=31&amp;name=[COLOR khaki]נתי מדיה - סרטים ישראליים[/COLOR]&amp;image_master=&amp;heb_name= &amp;last_id=&amp;dates= &amp;data=-1001106800100&amp;original_title= &amp;id= &amp;season= &amp;episode= &amp;tmdbid= &amp;eng_name= &amp;show_original_year= &amp;isr=0&amp;fanart=C%3A%5CUsers%5Cneta%5CAppData%5CRoaming%5CKodi%5Cuserdata%5Caddon_data%5Cplugin.video.telemedia%5Clogo%5C-1001106800100_big.jpg&amp;url=-1001106800100&amp;iconimage=C%3A%5CUsers%5Cneta%5CAppData%5CRoaming%5CKodi%5Cuserdata%5Caddon_data%5Cplugin.video.telemedia%5Clogo%5C-1001106800100_small.jpg&amp;description=%D7%94%D7%9E%D7%A6%D7%91+%D7%9C%D7%90+%D7%9E%D7%90%D7%A4%D7%A9%D7%A8+%D7%9C%D7%A9%D7%91%D7%AA+%D7%A2%D7%9C+%D7%94%D7%A1%D7%9E%D7%99%D7%A0%D7%A8%D7%99%D7%95%D7%9F%0A%D7%94%D7%A7%D7%95%D7%A8%D7%95%D7%A0%D7%94+%D7%9C%D7%90+%D7%A0%D7%95%D7%AA%D7%A0%D7%AA+%D7%9C%D7%9B%D7%9D+%D7%9E%D7%A0%D7%95%D7%97+%0A%D7%AA%D7%A0%D7%95+%D7%9C%D7%9E%D7%A7%D7%A6%D7%95%D7%A2%D7%A0%D7%99%D7%9D+%D7%9C%D7%A2%D7%96%D7%95%D7%A8+%D7%9C%D7%9B%D7%9D+%D7%A2%D7%9D+%D7%A2%D7%91%D7%95%D7%93%D7%95%D7%AA+%D7%90%D7%A7%D7%93%D7%9E%D7%99%D7%95%D7%AA%21%0A%0A%D7%A2%D7%91%D7%95%D7%93%D7%94+%D7%90%D7%A7%D7%93%D7%9E%D7%99%D7%AA+%D7%91%D7%AA%D7%A9%D7%9C%D7%95%D7%9D+-+%D7%A8%D7%A7+%D7%90%D7%A6%D7%9C+%D7%94%D7%9E%D7%A7%D7%A6%D7%95%D7%A2%D7%A0%D7%99%D7%9D%21+%0A%0A%D7%9B%D7%99+%D7%90%D7%A6%D7%9C%D7%A0%D7%95+%D7%AA%D7%A7%D7%91%D7%9C%D7%95+%D7%A2%D7%91%D7%95%D7%93%D7%94+100%25+%D7%9E%D7%A7%D7%95%D7%A8%D7%99%D7%AA+%D7%A2%D7%9D+%D7%94%D7%AA%D7%97%D7%99%D7%99%D7%91%D7%95%D7%AA+%D7%9C%D7%90%D7%99%D7%9B%D7%95%D7%AA.+%E2%9C%85%0A%0A%F0%9F%91%88+%D7%9C%D7%A4%D7%A8%D7%98%D7%99%D7%9D+%D7%A0%D7%95%D7%A1%D7%A4%D7%99%D7%9D&amp;fav_status=false&amp;groups_id=0",return)</action>
	</shortcut>
	<shortcut>
		<defaultID />
		<label>גוסט סרטים ישראלים</label>
		<label2>הרחבת וידאו</label2>
		<icon>DefaultShortcut.png</icon>
		<thumb>image://https%3a%2f%2fkcat123.github.io%2fFTV%2fImages%2fMovies-IL.jpg/</thumb>
		<action>ActivateWindow(Videos,"plugin://plugin.video.FlashTV/?url=%D7%A1%D7%A8%D7%98%D7%99%D7%9D%D7%A1%D7%A8%D7%98%D7%99%D7%9D+%D7%99%D7%A9%D7%A8%D7%90%D7%9C%D7%99%D7%9D&amp;mode=5&amp;name=%D7%A1%D7%A8%D7%98%D7%99%D7%9D+%D7%99%D7%A9%D7%A8%D7%90%D7%9C%D7%99%D7%9D&amp;iconimage=https%3A%2F%2Fkcat123.github.io%2FFTV%2FImages%2FMovies-IL.jpg&amp;fanart=&amp;description=+&amp;count=0&amp;page=&amp;cat_level= &amp;index_depth=0&amp;selected_list= &amp;lang=eng",return)</action>
	</shortcut>
	<shortcut>
		<defaultID />
		<label>סרטים ישראלים דוקומנטריים</label>
		<label2>הרחבת וידאו</label2>
		<icon>DefaultShortcut.png</icon>
		<thumb>image://https%3a%2f%2fkcat123.github.io%2fFTV%2fImages%2fDocumentary.Movies-IL.jpg/</thumb>
		<action>ActivateWindow(Videos,"plugin://plugin.video.FlashTV/?url=%D7%A1%D7%A8%D7%98%D7%99%D7%9D%D7%A1%D7%A8%D7%98%D7%99%D7%9D+%D7%99%D7%A9%D7%A8%D7%90%D7%9C%D7%99%D7%9D+%D7%93%D7%95%D7%A7%D7%95%D7%9E%D7%A0%D7%98%D7%A8%D7%99%D7%99%D7%9D&amp;mode=5&amp;name=%D7%A1%D7%A8%D7%98%D7%99%D7%9D+%D7%99%D7%A9%D7%A8%D7%90%D7%9C%D7%99%D7%9D+%D7%93%D7%95%D7%A7%D7%95%D7%9E%D7%A0%D7%98%D7%A8%D7%99%D7%99%D7%9D&amp;iconimage=https%3A%2F%2Fkcat123.github.io%2FFTV%2FImages%2FDocumentary.Movies-IL.jpg&amp;fanart=&amp;description=+&amp;count=0&amp;page=&amp;cat_level= &amp;index_depth=0&amp;selected_list= &amp;lang=eng",return)</action>
	</shortcut>
</shortcuts>
