<?xml version='1.0' encoding='UTF-8'?>
<shortcuts>
	<shortcut>
		<defaultID>13013</defaultID>
		<label>[COLOR yellow]לוידג'ט מסך ראשי[/COLOR]</label>
		<label2>פריטים מותאמים אישית</label2>
		<icon>Reboot.png</icon>
		<thumb />
		<action>Control.SetFocus(9003)</action>
	</shortcut>
	<shortcut>
		<defaultID>13013</defaultID>
		<label>[COLOR burlywood]הסרטים[/COLOR][COLOR aqua] לוידג'ט עולם - [/COLOR]</label>
		<label2>פריטים מותאמים אישית</label2>
		<icon>Reboot.png</icon>
		<thumb />
		<action>ActivateWindow(7029)</action>
	</shortcut>
	<shortcut>
		<defaultID>plugin.video.kids_new</defaultID>
		<label>הרחבת הכל לילדים</label>
		<label2>הרחבת וידאו</label2>
		<icon>DefaultShortcut.png</icon>
		<thumb>image://C%3a%5cUsers%5cneta%5cAppData%5cRoaming%5cKodi%5caddons%5cplugin.video.kids_new%5cicon.png/</thumb>
		<action>ActivateWindow(Videos,"plugin://plugin.video.kids_new",return)</action>
	</shortcut>
	<shortcut>
		<defaultID>plugin.video.CHICCO</defaultID>
		<label>הרחבת צי'קו</label>
		<label2>הרחבת וידאו</label2>
		<icon>DefaultShortcut.png</icon>
		<thumb>image://C%3a%5cUsers%5cneta%5cAppData%5cRoaming%5cKodi%5caddons%5cplugin.video.CHICCO%5cicon.png/</thumb>
		<action>ActivateWindow(Videos,"plugin://plugin.video.CHICCO",return)</action>
	</shortcut>
</shortcuts>
