<?xml version='1.0' encoding='UTF-8'?>
<shortcuts>
	<shortcut>
		<defaultID />
		<label>[COLOR yellow]לוידג'ט מסך ראשי[/COLOR]</label>
		<label2>פריטים מותאמים אישית</label2>
		<icon>DefaultShortcut.png</icon>
		<thumb />
		<action>Control.SetFocus(9002)</action>
	</shortcut>
	<shortcut>
		<defaultID />
		<label>צי'קו סרטים אחרונים</label>
		<label2>הרחבת וידאו</label2>
		<icon>DefaultShortcut.png</icon>
		<thumb>image://http%3a%2f%2fngarba.xyz%2fadds%2fyos%2f16.jpg/</thumb>
		<action>ActivateWindow(Videos,"plugin://plugin.video.CHICCO/?url=movie&amp;mode=18&amp;name=%5BB%5D%5BCOLOR+burlywood%5D-%D7%90%D7%97%D7%A8%D7%95%D7%A0%D7%99%D7%9D+%5B%2FCOLOR%5D%5B%2FB%5D%5BB%5D%5BCOLOR+aqua%5D%D7%A1%D7%A8%D7%98%D7%99%D7%9D-+%5B%2FCOLOR%5D%5B%2FB%5D&amp;iconimage=http%3A%2F%2Fngarba.xyz%2Fadds%2Fyos%2F16.jpg&amp;fanart=http%3A%2F%2Fsf.co.ua%2F12%2F09%2Fwallpaper-2230830.jpg&amp;description=&amp;count=0&amp;page=&amp;cat_level= &amp;index_depth=0&amp;selected_list= &amp;lang= ",return)</action>
	</shortcut>
	<shortcut>
		<defaultID />
		<label>גוסט סרטים אחרונים</label>
		<label2>הרחבת מוזיקה</label2>
		<icon>DefaultShortcut.png</icon>
		<thumb>image://C%3a%5cUsers%5cneta%5cAppData%5cRoaming%5cKodi%5caddons%5cplugin.audio.My.Music%5cicon.png/</thumb>
		<action>ActivateWindow(Music,"plugin://plugin.audio.My.Music/?url=movies&amp;mode=5&amp;name=movies&amp;iconimage=&amp;fanart=&amp;description=+&amp;count=0&amp;page=&amp;cat_level= &amp;index_depth=0&amp;selected_list= &amp;lang=eng",return)</action>
	</shortcut>
	<shortcut>
		<defaultID />
		<label>הרחבת סרטים אחרונים</label>
		<label2>הרחבת וידאו</label2>
		<icon>DefaultShortcut.png</icon>
		<thumb>image://http%3a%2f%2fngarba.xyz%2fadds%2fyos%2f16.jpg/</thumb>
		<action>ActivateWindow(Videos,"plugin://plugin.video.FlashTV/?url=movie&amp;mode=18&amp;name=%5BB%5D%5BCOLOR+burlywood%5D-%D7%90%D7%97%D7%A8%D7%95%D7%A0%D7%99%D7%9D+%5B%2FCOLOR%5D%5B%2FB%5D%5BB%5D%5BCOLOR+aqua%5D%D7%A1%D7%A8%D7%98%D7%99%D7%9D-+%5B%2FCOLOR%5D%5B%2FB%5D&amp;iconimage=http%3A%2F%2Fngarba.xyz%2Fadds%2Fyos%2F16.jpg&amp;fanart=http%3A%2F%2Fsf.co.ua%2F12%2F09%2Fwallpaper-2230830.jpg&amp;description=&amp;count=0&amp;page=&amp;cat_level= &amp;index_depth=0&amp;selected_list= &amp;lang= ",return)</action>
	</shortcut>
	<shortcut>
		<defaultID>b-coloraqua-color-b-b-colorwhite-srtym-0-m-vrb-hd-color-b-b-coloraqua-color-b</defaultID>
		<label>[B][COLOR aqua]•[/COLOR][/B][B][COLOR white]סרטים-0(מעורב)-HD [/COLOR][/B][B][COLOR aqua] •  [/COLOR][/B]</label>
		<label2>מועדף</label2>
		<icon>DefaultFolder.png</icon>
		<thumb>https://images-wixmp-ed30a86b8c4ca887773594c2.wixmp.com/i/3e731f36-a00d-49ec-9deb-09728cc3ef8d/d9t7eny-19cfdfef-f028-4c72-b64f-3b2a2a5bdccb.jpg</thumb>
		<action>ActivateWindow(10025,"plugin://plugin.video.live.streamspro/?fanart=https%3a%2f%2fmytruemedia.com%2fwp-content%2fuploads%2f2020%2f01%2fTrending-TV-Series-in-CatMouse.jpg&amp;mode=1&amp;name=%5bB%5d%5bCOLOR%20aqua%5d%e2%80%a2%5b%2fCOLOR%5d%5b%2fB%5d%5bB%5d%5bCOLOR%20white%5d%d7%a1%d7%a8%d7%98%d7%99%d7%9d-0(%d7%9e%d7%a2%d7%95%d7%a8%d7%91)-HD%20%5b%2fCOLOR%5d%5b%2fB%5d%5bB%5d%5bCOLOR%20aqua%5d%20%e2%80%a2%20%20%5b%2fCOLOR%5d%5b%2fB%5d&amp;url=https%3a%2f%2fgithub.com%2fyonni55555%2fAB%2fraw%2fmain%2f03-MOVIES-4060-0.txt",return)</action>
	</shortcut>
	<shortcut>
		<defaultID>b-coloraqua-color-b-b-colorwhite-srtym-1-m-vrb-hd-color-b-b-coloraqua-color-b</defaultID>
		<label>[B][COLOR aqua]•[/COLOR][/B][B][COLOR white]סרטים-1(מעורב)-HD [/COLOR][/B][B][COLOR aqua] •  [/COLOR][/B]</label>
		<label2>מועדף</label2>
		<icon>DefaultFolder.png</icon>
		<thumb>https://images-wixmp-ed30a86b8c4ca887773594c2.wixmp.com/i/3e731f36-a00d-49ec-9deb-09728cc3ef8d/d9t7eny-19cfdfef-f028-4c72-b64f-3b2a2a5bdccb.jpg</thumb>
		<action>ActivateWindow(10025,"plugin://plugin.video.live.streamspro/?fanart=https%3a%2f%2fmytruemedia.com%2fwp-content%2fuploads%2f2020%2f01%2fTrending-TV-Series-in-CatMouse.jpg&amp;mode=1&amp;name=%5bB%5d%5bCOLOR%20aqua%5d%e2%80%a2%5b%2fCOLOR%5d%5b%2fB%5d%5bB%5d%5bCOLOR%20white%5d%d7%a1%d7%a8%d7%98%d7%99%d7%9d-1(%d7%9e%d7%a2%d7%95%d7%a8%d7%91)-HD%20%5b%2fCOLOR%5d%5b%2fB%5d%5bB%5d%5bCOLOR%20aqua%5d%20%e2%80%a2%20%20%5b%2fCOLOR%5d%5b%2fB%5d&amp;url=https%3a%2f%2fgithub.com%2fyonni55555%2fRD%2fraw%2fmaster%2f0-M-30S1-9860.txt",return)</action>
	</shortcut>
	<shortcut>
		<defaultID>b-coloraqua-color-b-b-colorwhite-srtym-2-m-vrb-hd-color-b-b-coloraqua-color-b</defaultID>
		<label>[B][COLOR aqua]•[/COLOR][/B][B][COLOR white]סרטים-2(מעורב)-HD [/COLOR][/B][B][COLOR aqua] •  [/COLOR][/B]</label>
		<label2>מועדף</label2>
		<icon>DefaultFolder.png</icon>
		<thumb>https://images-wixmp-ed30a86b8c4ca887773594c2.wixmp.com/i/3e731f36-a00d-49ec-9deb-09728cc3ef8d/d9t7eny-19cfdfef-f028-4c72-b64f-3b2a2a5bdccb.jpg</thumb>
		<action>ActivateWindow(10025,"plugin://plugin.video.live.streamspro/?fanart=https%3a%2f%2fmytruemedia.com%2fwp-content%2fuploads%2f2020%2f01%2fTrending-TV-Series-in-CatMouse.jpg&amp;mode=1&amp;name=%5bB%5d%5bCOLOR%20aqua%5d%e2%80%a2%5b%2fCOLOR%5d%5b%2fB%5d%5bB%5d%5bCOLOR%20white%5d%d7%a1%d7%a8%d7%98%d7%99%d7%9d-2(%d7%9e%d7%a2%d7%95%d7%a8%d7%91)-HD%20%5b%2fCOLOR%5d%5b%2fB%5d%5bB%5d%5bCOLOR%20aqua%5d%20%e2%80%a2%20%20%5b%2fCOLOR%5d%5b%2fB%5d&amp;url=https%3a%2f%2fpastebin.com%2fraw%2f7qNAA0V8",return)</action>
	</shortcut>
	<shortcut>
		<defaultID>b-coloraqua-color-b-b-colorwhite-srtym-3-m-vrb-hd-color-b-b-coloraqua-color-b</defaultID>
		<label>[B][COLOR aqua]•[/COLOR][/B][B][COLOR white]סרטים-3(מעורב)-HD [/COLOR][/B][B][COLOR aqua] •  [/COLOR][/B]</label>
		<label2>מועדף</label2>
		<icon>DefaultFolder.png</icon>
		<thumb>https://images-wixmp-ed30a86b8c4ca887773594c2.wixmp.com/i/3e731f36-a00d-49ec-9deb-09728cc3ef8d/d9t7eny-19cfdfef-f028-4c72-b64f-3b2a2a5bdccb.jpg</thumb>
		<action>ActivateWindow(10025,"plugin://plugin.video.live.streamspro/?fanart=https%3a%2f%2fmytruemedia.com%2fwp-content%2fuploads%2f2020%2f01%2fTrending-TV-Series-in-CatMouse.jpg&amp;mode=1&amp;name=%5bB%5d%5bCOLOR%20aqua%5d%e2%80%a2%5b%2fCOLOR%5d%5b%2fB%5d%5bB%5d%5bCOLOR%20white%5d%d7%a1%d7%a8%d7%98%d7%99%d7%9d-3(%d7%9e%d7%a2%d7%95%d7%a8%d7%91)-HD%20%5b%2fCOLOR%5d%5b%2fB%5d%5bB%5d%5bCOLOR%20aqua%5d%20%e2%80%a2%20%20%5b%2fCOLOR%5d%5b%2fB%5d&amp;url=https%3a%2f%2fgithub.com%2fyonni55555%2fRD%2fraw%2fmaster%2f-090-Dubbed-.txt",return)</action>
	</shortcut>
	<shortcut>
		<defaultID>b-coloraqua-color-b-b-colorwhite-srtym-4-m-vrb-hd-color-b-b-coloraqua-color-b</defaultID>
		<label>[B][COLOR aqua]•[/COLOR][/B][B][COLOR white]סרטים-4(מעורב)-HD [/COLOR][/B][B][COLOR aqua] •  [/COLOR][/B]</label>
		<label2>מועדף</label2>
		<icon>DefaultFolder.png</icon>
		<thumb>https://images-wixmp-ed30a86b8c4ca887773594c2.wixmp.com/i/3e731f36-a00d-49ec-9deb-09728cc3ef8d/d9t7eny-19cfdfef-f028-4c72-b64f-3b2a2a5bdccb.jpg</thumb>
		<action>ActivateWindow(10025,"plugin://plugin.video.live.streamspro/?fanart=https%3a%2f%2fmytruemedia.com%2fwp-content%2fuploads%2f2020%2f01%2fTrending-TV-Series-in-CatMouse.jpg&amp;mode=1&amp;name=%5bB%5d%5bCOLOR%20aqua%5d%e2%80%a2%5b%2fCOLOR%5d%5b%2fB%5d%5bB%5d%5bCOLOR%20white%5d%d7%a1%d7%a8%d7%98%d7%99%d7%9d-4(%d7%9e%d7%a2%d7%95%d7%a8%d7%91)-HD%20%5b%2fCOLOR%5d%5b%2fB%5d%5bB%5d%5bCOLOR%20aqua%5d%20%e2%80%a2%20%20%5b%2fCOLOR%5d%5b%2fB%5d&amp;url=https%3a%2f%2fgithub.com%2fyonni55555%2fRD%2fraw%2fmaster%2f0-film2serial-0-97.txt",return)</action>
	</shortcut>
	<shortcut>
		<defaultID>b-coloraqua-color-b-b-colorwhite-srtym-5-m-vrb-hd-color-b-b-coloraqua-color-b</defaultID>
		<label>[B][COLOR aqua]•[/COLOR][/B][B][COLOR white]סרטים-5(מעורב)-HD [/COLOR][/B][B][COLOR aqua] •  [/COLOR][/B]</label>
		<label2>מועדף</label2>
		<icon>DefaultFolder.png</icon>
		<thumb>https://image.freepik.com/free-vector/cinema-logo_23-2147503279.jpg?1</thumb>
		<action>ActivateWindow(10025,"plugin://plugin.video.live.streamspro/?fanart=https%3a%2f%2fmytruemedia.com%2fwp-content%2fuploads%2f2020%2f01%2fTrending-TV-Series-in-CatMouse.jpg&amp;mode=1&amp;name=%5bB%5d%5bCOLOR%20aqua%5d%e2%80%a2%5b%2fCOLOR%5d%5b%2fB%5d%5bB%5d%5bCOLOR%20white%5d%d7%a1%d7%a8%d7%98%d7%99%d7%9d-5(%d7%9e%d7%a2%d7%95%d7%a8%d7%91)-HD%20%5b%2fCOLOR%5d%5b%2fB%5d%5bB%5d%5bCOLOR%20aqua%5d%20%e2%80%a2%20%20%5b%2fCOLOR%5d%5b%2fB%5d&amp;url=https%3a%2f%2fgithub.com%2fyonni55555%2fAB%2fraw%2fmain%2f010-Movies-10.txt",return)</action>
	</shortcut>
	<shortcut>
		<defaultID>b-coloraqua-color-b-b-colorwhite-srtym-6-m-vrb-hd-color-b-b-coloraqua-color-b</defaultID>
		<label>[B][COLOR aqua]•[/COLOR][/B][B][COLOR white]סרטים-6(מעורב)-HD [/COLOR][/B][B][COLOR aqua] •  [/COLOR][/B]</label>
		<label2>מועדף</label2>
		<icon>DefaultFolder.png</icon>
		<thumb>https://p1.hiclipart.com/preview/782/164/853/folder-icons-ico-movies-1-movies-folder-icon.jpg</thumb>
		<action>ActivateWindow(10025,"plugin://plugin.video.live.streamspro/?fanart=https%3a%2f%2fmytruemedia.com%2fwp-content%2fuploads%2f2020%2f01%2fTrending-TV-Series-in-CatMouse.jpg&amp;mode=1&amp;name=%5bB%5d%5bCOLOR%20aqua%5d%e2%80%a2%5b%2fCOLOR%5d%5b%2fB%5d%5bB%5d%5bCOLOR%20white%5d%d7%a1%d7%a8%d7%98%d7%99%d7%9d-6(%d7%9e%d7%a2%d7%95%d7%a8%d7%91)-HD%20%5b%2fCOLOR%5d%5b%2fB%5d%5bB%5d%5bCOLOR%20aqua%5d%20%e2%80%a2%20%20%5b%2fCOLOR%5d%5b%2fB%5d&amp;url=https%3a%2f%2fgithub.com%2fyonni55555%2fAB%2fraw%2fmain%2f0-0-1-9-.txt",return)</action>
	</shortcut>
	<shortcut>
		<defaultID>b-coloraqua-color-b-b-colorwhite-srtym-7-m-vrb-hd-color-b-b-coloraqua-color-b</defaultID>
		<label>[B][COLOR aqua]•[/COLOR][/B][B][COLOR white]סרטים-7(מעורב)-HD [/COLOR][/B][B][COLOR aqua] •  [/COLOR][/B]</label>
		<label2>מועדף</label2>
		<icon>DefaultFolder.png</icon>
		<thumb>https://p1.hiclipart.com/preview/782/164/853/folder-icons-ico-movies-1-movies-folder-icon.jpg</thumb>
		<action>ActivateWindow(10025,"plugin://plugin.video.live.streamspro/?fanart=https%3a%2f%2fmytruemedia.com%2fwp-content%2fuploads%2f2020%2f01%2fTrending-TV-Series-in-CatMouse.jpg&amp;mode=1&amp;name=%5bB%5d%5bCOLOR%20aqua%5d%e2%80%a2%5b%2fCOLOR%5d%5b%2fB%5d%5bB%5d%5bCOLOR%20white%5d%d7%a1%d7%a8%d7%98%d7%99%d7%9d-7(%d7%9e%d7%a2%d7%95%d7%a8%d7%91)-HD%20%5b%2fCOLOR%5d%5b%2fB%5d%5bB%5d%5bCOLOR%20aqua%5d%20%e2%80%a2%20%20%5b%2fCOLOR%5d%5b%2fB%5d&amp;url=https%3a%2f%2fgithub.com%2fyonni55555%2fAB%2fraw%2fmain%2f0-0-1-10-.txt",return)</action>
	</shortcut>
	<shortcut>
		<defaultID>b-coloraqua-color-b-b-colorwhite-srtym250-top-color-b-b-coloraqua-color-b</defaultID>
		<label>[B][COLOR aqua]•[/COLOR][/B][B][COLOR white]סרטים 250-Top [/COLOR][/B][B][COLOR aqua] •  [/COLOR][/B]</label>
		<label2>מועדף</label2>
		<icon>DefaultFolder.png</icon>
		<thumb>https://i.redd.it/gkfygy4k3tr21.jpg</thumb>
		<action>ActivateWindow(10025,"plugin://plugin.video.live.streamspro/?fanart=https%3a%2f%2fappletv.nanopi.net%2fImages%2fVirtual_Directory_IMDB_Top_250_H.jpg&amp;mode=1&amp;name=%5bB%5d%5bCOLOR%20aqua%5d%e2%80%a2%5b%2fCOLOR%5d%5b%2fB%5d%5bB%5d%5bCOLOR%20white%5d%d7%a1%d7%a8%d7%98%d7%99%d7%9d%20250-Top%20%5b%2fCOLOR%5d%5b%2fB%5d%5bB%5d%5bCOLOR%20aqua%5d%20%e2%80%a2%20%20%5b%2fCOLOR%5d%5b%2fB%5d&amp;url=https%3a%2f%2fgithub.com%2fyonni55555%2fTV-%2fraw%2fmaster%2f-250Top-.txt",return)</action>
	</shortcut>
	<shortcut>
		<defaultID>b-coloraqua-color-b-b-colorwhite-srtym-avsqr-top-color-b-b-coloraqua-color-b</defaultID>
		<label>[B][COLOR aqua]•[/COLOR][/B][B][COLOR white]סרטים-אוסקר-Top [/COLOR][/B][B][COLOR aqua] •  [/COLOR][/B]</label>
		<label2>מועדף</label2>
		<icon>DefaultFolder.png</icon>
		<thumb>https://icons.iconarchive.com/icons/limav/movie-genres-folder/512/Oscar-icon.png</thumb>
		<action>ActivateWindow(10025,"plugin://plugin.video.live.streamspro/?fanart=https%3a%2f%2fappletv.nanopi.net%2fImages%2fVirtual_Directory_IMDB_Top_250_H.jpg&amp;mode=1&amp;name=%5bB%5d%5bCOLOR%20aqua%5d%e2%80%a2%5b%2fCOLOR%5d%5b%2fB%5d%5bB%5d%5bCOLOR%20white%5d%d7%a1%d7%a8%d7%98%d7%99%d7%9d-%d7%90%d7%95%d7%a1%d7%a7%d7%a8-Top%20%5b%2fCOLOR%5d%5b%2fB%5d%5bB%5d%5bCOLOR%20aqua%5d%20%e2%80%a2%20%20%5b%2fCOLOR%5d%5b%2fB%5d&amp;url=https%3a%2f%2fgithub.com%2fyonni55555%2fAB%2fraw%2fmain%2f0-0-1-oscar-.txt",return)</action>
	</shortcut>
	<shortcut>
		<defaultID>b-coloraqua-color-b-b-colorwhite-srtymrd-color-b-b-coloraqua-color-b</defaultID>
		<label>[B][COLOR aqua]•[/COLOR][/B][B][COLOR white]סרטים RD [/COLOR][/B][B][COLOR aqua] •  [/COLOR][/B]</label>
		<label2>מועדף</label2>
		<icon>DefaultFolder.png</icon>
		<thumb>https://pbs.twimg.com/profile_images/1016625404235284480/hIReT7gN_400x400.jpg</thumb>
		<action>ActivateWindow(10025,"plugin://plugin.video.live.streamspro/?fanart=https%3a%2f%2fs3picturehouses.s3.eu-central-1.amazonaws.com%2fslider%2fph_15844449735e70b62d08047.jpg&amp;mode=1&amp;name=%5bB%5d%5bCOLOR%20aqua%5d%e2%80%a2%5b%2fCOLOR%5d%5b%2fB%5d%5bB%5d%5bCOLOR%20white%5d%d7%a1%d7%a8%d7%98%d7%99%d7%9d%20RD%20%5b%2fCOLOR%5d%5b%2fB%5d%5bB%5d%5bCOLOR%20aqua%5d%20%e2%80%a2%20%20%5b%2fCOLOR%5d%5b%2fB%5d&amp;url=https%3a%2f%2fpastebin.com%2fraw%2f25T9mcF4",return)</action>
	</shortcut>
</shortcuts>
