<?xml version="1.0" encoding="UTF-8"?>
<!-- Foundation -->
<window id="6304" type="dialog">
    <defaultcontrol always="true">1256</defaultcontrol>

<controls>


<control type="image">
<posx>550</posx>
<posy>20</posy>
<width>800</width>
<height>200</height>
<texture>special://skin/extras/circles/designedbyghost.png</texture>
</control>

<include>kidsseriastvshowsmainmenu</include>

<control type="group">
<posy>100</posy>
<include content="tvshowpowersmainscreen">
<param name="tvshowid" value="1256"/>
<param name="listitemnumber" value="1"/>
<param name="tvshowcontent" value="plugin://plugin.audio.My.Music/?cat_level=%20&amp;count=0&amp;description=%5bB%5d%5bCOLOR%20burlywood%5d%d7%94%d7%93%d7%a8%d7%a7%d7%95%d7%9f%20%5b%2fCOLOR%5d%5b%2fB%5d%5bB%5d%5bCOLOR%20aqua%5d%20%d7%99%d7%9c%d7%93%d7%99%5b%2fCOLOR%5d%5b%2fB%5d%20%d7%94%d7%a8%d7%97%d7%91%d7%94%20%d7%a0%d7%95%d7%a1%d7%a4%d7%aa%20%d7%9e%d7%91%d7%99%d7%aa%20%d7%93%d7%a8%d7%92%d7%95%d7%9f%20%d7%94%d7%a2%d7%95%d7%a1%d7%a7%d7%aa%20%d7%91%d7%a2%d7%99%d7%a7%d7%a8%20%d7%91%d7%aa%d7%95%d7%9b%d7%9f%20%d7%9c%d7%99%d7%9c%d7%93%d7%99%d7%9d&amp;fanart=http%3a%2f%2fgetwallpapers.com%2fwallpaper%2ffull%2f8%2f4%2f8%2f917833-widescreen-homestuck-wallpaper-kids-1920x1080-ipad.jpg&amp;iconimage=http%3a%2f%2fngarba.xyz%2fadds%2fyos%2f13.jpg&amp;index_depth=0&amp;lang=eng&amp;mode=5&amp;name=%d7%a1%d7%93%d7%a8%d7%95%d7%aa%20%d7%9e%d7%93%d7%95%d7%91%d7%91%d7%95%d7%aa%20%d7%9c%d7%99%d7%9c%d7%93%d7%99%d7%9d&amp;page&amp;selected_list=%20&amp;url=%d7%99%d7%9c%d7%93%d7%99%d7%9d%d7%a1%d7%93%d7%a8%d7%95%d7%aa%20%d7%9e%d7%93%d7%95%d7%91%d7%91%d7%95%d7%aa%20%d7%9c%d7%99%d7%9c%d7%93%d7%99%d7%9d&quot"/>
</include>

<include content="firstsession">
<param name="firstsissonid" value="500"/>
<param name="tvshowlabelname" value="זה פוני"/>
<param name="firstsissonidcontent" value="plugin://plugin.video.mando/?all_w=%7b%7d&amp;data=2020&amp;dates=%20&amp;description=%5bCOLOR%20aqua%5d%20%d7%a9%d7%95%d7%93%d7%a8%20%d7%91%d7%aa%d7%90%d7%a8%d7%99%d7%9a%2018-01-2020%5b%2fCOLOR%5d%0aA%20normal%20girl%e2%80%99s%20life%20is%20made%20extraordinary%20by%20her%20best%20friend%20%e2%80%93%20an%20unpredictable%2c%20outrageous%2c%20and%20hilarious%20talking%20pony.%20No%20matter%20the%20complications%20he%20causes%2c%20Annie%20knows%20that%20everything%20is%20better%20when%20Pony%20is%20around.&amp;eng_name=%20&amp;episode=%20&amp;fanart=https%3a%2f%2fimage.tmdb.org%2ft%2fp%2foriginal%2f%2f9HdOAnMSfXxzqKT8GyelesuofVf.jpg&amp;fav_status=false&amp;heb_name=It%27s%20Pony&amp;iconimage=https%3a%2f%2fimage.tmdb.org%2ft%2fp%2foriginal%2f%2ffKbrywNuKgobP7pMDzjhvsTLfJU.jpg&amp;id=98240&amp;image_master&amp;isr=0&amp;last_id&amp;mode=19&amp;name=%5bCOLOR%20white%5d%d7%a2%d7%95%d7%a0%d7%94%201%5b%2fCOLOR%5d&amp;original_title=It%27s%20Pony&amp;season=1&amp;show_original_year=2020&amp;tmdbid=None&amp;url=https%3a%2f%2fapi.themoviedb.org%2f3%2ftv%2f98240%3fapi_key%3d34142515d9d23817496eeb4ff1d223d0%26language%3den%26append_to_response%3dexternal_ids&amp;video_data=%7b%22rating%22%3a%20%220%22%2c%20%22episode%22%3a%200%2c%20%22title%22%3a%20%22%5bCOLOR%20white%5d%5cu05e2%5cu05d5%5cu05e0%5cu05d4%201%5b%2fCOLOR%5d%22%2c%20%22season%22%3a%200%2c%20%22TVshowtitle%22%3a%20%22%22%2c%20%22mediatype%22%3a%20%22movie%22%2c%20%22plot%22%3a%20%22%5bCOLOR%20aqua%5d%20%5cu05e9%5cu05d5%5cu05d3%5cu05e8%20%5cu05d1%5cu05ea%5cu05d0%5cu05e8%5cu05d9%5cu05da%2018-01-2020%5b%2fCOLOR%5d%5cnA%20normal%20girl%5cu2019s%20life%20is%20made%20extraordinary%20by%20her%20best%20friend%20%5cu2013%20an%20unpredictable%2c%20outrageous%2c%20and%20hilarious%20talking%20pony.%20No%20matter%20the%20complications%20he%20causes%2c%20Annie%20knows%20that%20everything%20is%20better%20when%20Pony%20is%20around.%22%2c%20%22OriginalTitle%22%3a%20%22It%27s%20Pony%22%2c%20%22Tag%22%3a%20%2216%22%2c%20%22year%22%3a%20%222020%22%7d&quot"/>
</include>

<include content="firstsession">
<param name="firstsissonid" value="501"/>
<param name="tvshowlabelname" value="בית הינשוף"/>
<param name="firstsissonidcontent" value="plugin://plugin.video.mando/?all_w=%7b%7d&amp;data=2020&amp;dates=%20&amp;description=%5bCOLOR%20aqua%5d%20%d7%a9%d7%95%d7%93%d7%a8%20%d7%91%d7%aa%d7%90%d7%a8%d7%99%d7%9a%2010-01-2020%5b%2fCOLOR%5d%0aAn%20animated%20fantasy-comedy%20series%20that%20follows%20Luz%2c%20a%20self-assured%20teenage%20girl%20who%20accidentally%20stumbles%20upon%20a%20portal%20to%20a%20magical%20world%20where%20she%20befriends%20a%20rebellious%20witch%2c%20Eda%2c%20and%20an%20adorably%20tiny%20warrior%2c%20King.%20Despite%20not%20having%20magical%20abilities%2c%20Luz%20pursues%20her%20dream%20of%20becoming%20a%20witch%20by%20serving%20as%20Eda%27s%20apprentice%20at%20the%20Owl%20House%20and%20ultimately%20finds%20a%20new%20family%20in%20an%20unlikely%20setting.&amp;eng_name=%20&amp;episode=%20&amp;fanart=https%3a%2f%2fimage.tmdb.org%2ft%2fp%2foriginal%2f%2fnJjGz058NybzHEDMjj9K5FoV5qd.jpg&amp;fav_status=false&amp;heb_name=The%20Owl%20House&amp;iconimage=https%3a%2f%2fimage.tmdb.org%2ft%2fp%2foriginal%2f%2fcZLxKTslrf9gzRomVy8BhaYjg7n.jpg&amp;id=92685&amp;image_master&amp;isr=0&amp;last_id&amp;mode=19&amp;name=%5bCOLOR%20white%5d%d7%a2%d7%95%d7%a0%d7%94%201%5b%2fCOLOR%5d&amp;original_title=The%20Owl%20House&amp;season=1&amp;show_original_year=2020&amp;tmdbid=349578&amp;url=https%3a%2f%2fapi.themoviedb.org%2f3%2ftv%2f92685%3fapi_key%3d34142515d9d23817496eeb4ff1d223d0%26language%3den%26append_to_response%3dexternal_ids&amp;video_data=%7b%22rating%22%3a%20%220%22%2c%20%22episode%22%3a%200%2c%20%22title%22%3a%20%22%5bCOLOR%20white%5d%5cu05e2%5cu05d5%5cu05e0%5cu05d4%201%5b%2fCOLOR%5d%22%2c%20%22season%22%3a%200%2c%20%22TVshowtitle%22%3a%20%22%22%2c%20%22mediatype%22%3a%20%22movie%22%2c%20%22plot%22%3a%20%22%5bCOLOR%20aqua%5d%20%5cu05e9%5cu05d5%5cu05d3%5cu05e8%20%5cu05d1%5cu05ea%5cu05d0%5cu05e8%5cu05d9%5cu05da%2010-01-2020%5b%2fCOLOR%5d%5cnAn%20animated%20fantasy-comedy%20series%20that%20follows%20Luz%2c%20a%20self-assured%20teenage%20girl%20who%20accidentally%20stumbles%20upon%20a%20portal%20to%20a%20magical%20world%20where%20she%20befriends%20a%20rebellious%20witch%2c%20Eda%2c%20and%20an%20adorably%20tiny%20warrior%2c%20King.%20Despite%20not%20having%20magical%20abilities%2c%20Luz%20pursues%20her%20dream%20of%20becoming%20a%20witch%20by%20serving%20as%20Eda%27s%20apprentice%20at%20the%20Owl%20House%20and%20ultimately%20finds%20a%20new%20family%20in%20an%20unlikely%20setting.%22%2c%20%22OriginalTitle%22%3a%20%22The%20Owl%20House%22%2c%20%22Tag%22%3a%20%2216%22%2c%20%22year%22%3a%20%222020%22%7d&quot"/>
</include>

<include content="firstsession">
<param name="firstsissonid" value="502"/>
<param name="tvshowlabelname" value="חתולת קשת פרפר וחד קרן"/>
<param name="firstsissonidcontent" value="plugin://plugin.video.mando/?all_w=%7b%7d&amp;data=2019&amp;dates=%20&amp;description=%5bCOLOR%20aqua%5d%20%d7%a9%d7%95%d7%93%d7%a8%20%d7%91%d7%aa%d7%90%d7%a8%d7%99%d7%9a%2027-01-2019%5b%2fCOLOR%5d%0aWhen%20a%20spirited%20kitten%20acquires%20magical%20powers%2c%20it%20transforms%20her%20into%20a%20part%20rainbow%2c%20part%20butterfly%20and%20part%20unicorn%20hybrid%2c%20and%20she%20goes%20on%20adventures%20with%20her%20best%20friends%2c%20a%20book-smart%20owl%20and%20a%20yeti%2c%20across%20a%20magical%20world%2c%20called%20Mythlandia.&amp;eng_name=%20&amp;episode=%20&amp;fanart=https%3a%2f%2fimage.tmdb.org%2ft%2fp%2foriginal%2f%2foA0xecgvf22f4oqTDEU8JcqmXm9.jpg&amp;fav_status=false&amp;heb_name=Rainbow%20Butterfly%20Unicorn%20Kitty&amp;iconimage=https%3a%2f%2fimage.tmdb.org%2ft%2fp%2foriginal%2f%2f73Llhe2PoJVwuTN7vvINeNvEvYc.jpg&amp;id=86463&amp;image_master&amp;isr=0&amp;last_id&amp;mode=19&amp;name=%5bCOLOR%20white%5d%d7%a2%d7%95%d7%a0%d7%94%201%5b%2fCOLOR%5d&amp;original_title=Rainbow%20Butterfly%20Unicorn%20Kitty&amp;season=1&amp;show_original_year=2019&amp;tmdbid=358768&amp;url=https%3a%2f%2fapi.themoviedb.org%2f3%2ftv%2f86463%3fapi_key%3d34142515d9d23817496eeb4ff1d223d0%26language%3den%26append_to_response%3dexternal_ids&amp;video_data=%7b%22rating%22%3a%20%220%22%2c%20%22episode%22%3a%200%2c%20%22title%22%3a%20%22%5bCOLOR%20white%5d%5cu05e2%5cu05d5%5cu05e0%5cu05d4%201%5b%2fCOLOR%5d%22%2c%20%22season%22%3a%200%2c%20%22TVshowtitle%22%3a%20%22%22%2c%20%22mediatype%22%3a%20%22movie%22%2c%20%22plot%22%3a%20%22%5bCOLOR%20aqua%5d%20%5cu05e9%5cu05d5%5cu05d3%5cu05e8%20%5cu05d1%5cu05ea%5cu05d0%5cu05e8%5cu05d9%5cu05da%2027-01-2019%5b%2fCOLOR%5d%5cnWhen%20a%20spirited%20kitten%20acquires%20magical%20powers%2c%20it%20transforms%20her%20into%20a%20part%20rainbow%2c%20part%20butterfly%20and%20part%20unicorn%20hybrid%2c%20and%20she%20goes%20on%20adventures%20with%20her%20best%20friends%2c%20a%20book-smart%20owl%20and%20a%20yeti%2c%20across%20a%20magical%20world%2c%20called%20Mythlandia.%22%2c%20%22OriginalTitle%22%3a%20%22Rainbow%20Butterfly%20Unicorn%20Kitty%22%2c%20%22Tag%22%3a%20%2216%22%2c%20%22year%22%3a%20%222019%22%7d&quot"/>
</include>

<include content="firstsession">
<param name="firstsissonid" value="503"/>
<param name="tvshowlabelname" value="פרוט"/>
<param name="firstsissonidcontent" value="plugin://plugin.video.mando/?all_w=%7b%7d&amp;data=2017&amp;dates=%20&amp;description=%5bCOLOR%20aqua%5d%20%d7%a9%d7%95%d7%93%d7%a8%20%d7%91%d7%aa%d7%90%d7%a8%d7%99%d7%9a%2005-05-2017%5b%2fCOLOR%5d%0aFrom%20humble%20beginnings%20rise%20four%20Fruit%20Ninjas%20to%20rediscover%20the%20long%20lost%20art%20of%20Juice%20Jitsu.%20Their%20mission%20%e2%80%93%20to%20unlock%20hidden%20powers%20through%20the%20slicing%20of%20fruit%20and%20to%20protect%20their%20neighbours%20from%20bizarre%20villains%20they%20never%20knew%20existed!%0a%0aRunning%20a%20juice%20stand%20as%20a%20front%20for%20the%20messiest%20secret%20service%20in%20the%20world%2c%20our%20ninjas%20grow%20to%20learn%20that%20it%20is%20what%20makes%20you%20unique%20(and%20even%20a%20little%20bit%20weird)%20that%20ultimately%20makes%20you%20strong.&amp;eng_name=%20&amp;episode=%20&amp;fanart=https%3a%2f%2fimage.tmdb.org%2ft%2fp%2foriginal%2f%20&amp;fav_status=false&amp;heb_name=Fruit%20Ninja%20Frenzy%20Force&amp;iconimage=https%3a%2f%2fimage.tmdb.org%2ft%2fp%2foriginal%2f%2f8KHHusw22y0z67mmWtnvWYGDdyi.jpg&amp;id=77331&amp;image_master&amp;isr=0&amp;last_id&amp;mode=19&amp;name=%5bCOLOR%20white%5d%d7%a2%d7%95%d7%a0%d7%94%201%5b%2fCOLOR%5d&amp;original_title=Fruit%20Ninja%20Frenzy%20Force&amp;season=1&amp;show_original_year=2017&amp;tmdbid=None&amp;url=https%3a%2f%2fapi.themoviedb.org%2f3%2ftv%2f77331%3fapi_key%3d34142515d9d23817496eeb4ff1d223d0%26language%3den%26append_to_response%3dexternal_ids&amp;video_data=%7b%22rating%22%3a%20%220%22%2c%20%22episode%22%3a%200%2c%20%22title%22%3a%20%22%5bCOLOR%20white%5d%5cu05e2%5cu05d5%5cu05e0%5cu05d4%201%5b%2fCOLOR%5d%22%2c%20%22season%22%3a%200%2c%20%22TVshowtitle%22%3a%20%22%22%2c%20%22mediatype%22%3a%20%22movie%22%2c%20%22plot%22%3a%20%22%5bCOLOR%20aqua%5d%20%5cu05e9%5cu05d5%5cu05d3%5cu05e8%20%5cu05d1%5cu05ea%5cu05d0%5cu05e8%5cu05d9%5cu05da%2005-05-2017%5b%2fCOLOR%5d%5cnFrom%20humble%20beginnings%20rise%20four%20Fruit%20Ninjas%20to%20rediscover%20the%20long%20lost%20art%20of%20Juice%20Jitsu.%20Their%20mission%20%5cu2013%20to%20unlock%20hidden%20powers%20through%20the%20slicing%20of%20fruit%20and%20to%20protect%20their%20neighbours%20from%20bizarre%20villains%20they%20never%20knew%20existed!%5cn%5cnRunning%20a%20juice%20stand%20as%20a%20front%20for%20the%20messiest%20secret%20service%20in%20the%20world%2c%20our%20ninjas%20grow%20to%20learn%20that%20it%20is%20what%20makes%20you%20unique%20(and%20even%20a%20little%20bit%20weird)%20that%20ultimately%20makes%20you%20strong.%22%2c%20%22OriginalTitle%22%3a%20%22Fruit%20Ninja%20Frenzy%20Force%22%2c%20%22Tag%22%3a%20%2216%22%2c%20%22year%22%3a%20%222017%22%7d&quot"/>
</include>

<include content="firstsession">
<param name="firstsissonid" value="504"/>
<param name="tvshowlabelname" value="הקאסה גרנדה"/>
<param name="firstsissonidcontent" value="plugin://plugin.video.mando/?all_w=%7b%7d&amp;data=2019&amp;dates=%20&amp;description=%5bCOLOR%20aqua%5d%20%d7%a9%d7%95%d7%93%d7%a8%20%d7%91%d7%aa%d7%90%d7%a8%d7%99%d7%9a%2014-10-2019%5b%2fCOLOR%5d%0aThe%20Casagrandes%20tells%20the%20story%20of%20Ronnie%20Anne%2c%20an%20independent%2c%20adventurous%2c%2011-year-old%20who%20explores%20city%20life%20with%20her%20big%2c%20loving%2c%20multi-generational%20Mexican-American%20family.&amp;eng_name=%20&amp;episode=%20&amp;fanart=https%3a%2f%2fimage.tmdb.org%2ft%2fp%2foriginal%2f%2f8Nl0mYdmLlzFbHR9i9mvoDL6GVh.jpg&amp;fav_status=false&amp;heb_name=%d7%94%d7%a7%d7%90%d7%a1%d7%94-%d7%92%d7%a8%d7%a0%d7%93%d7%94&amp;iconimage=https%3a%2f%2fimage.tmdb.org%2ft%2fp%2foriginal%2f%2fr4bxPUwIENsYbIWtWbGnsKu4HiV.jpg&amp;id=93260&amp;image_master&amp;isr=0&amp;last_id&amp;mode=19&amp;name=%5bCOLOR%20white%5d%d7%a2%d7%95%d7%a0%d7%94%201%5b%2fCOLOR%5d&amp;original_title=The%20Casagrandes&amp;season=1&amp;show_original_year=2019&amp;tmdbid=344898&amp;url=https%3a%2f%2fapi.themoviedb.org%2f3%2ftv%2f93260%3fapi_key%3d34142515d9d23817496eeb4ff1d223d0%26language%3den%26append_to_response%3dexternal_ids&amp;video_data=%7b%22rating%22%3a%20%220%22%2c%20%22episode%22%3a%200%2c%20%22title%22%3a%20%22%5bCOLOR%20white%5d%5cu05e2%5cu05d5%5cu05e0%5cu05d4%201%5b%2fCOLOR%5d%22%2c%20%22season%22%3a%200%2c%20%22TVshowtitle%22%3a%20%22%22%2c%20%22mediatype%22%3a%20%22movie%22%2c%20%22plot%22%3a%20%22%5bCOLOR%20aqua%5d%20%5cu05e9%5cu05d5%5cu05d3%5cu05e8%20%5cu05d1%5cu05ea%5cu05d0%5cu05e8%5cu05d9%5cu05da%2014-10-2019%5b%2fCOLOR%5d%5cnThe%20Casagrandes%20tells%20the%20story%20of%20Ronnie%20Anne%2c%20an%20independent%2c%20adventurous%2c%2011-year-old%20who%20explores%20city%20life%20with%20her%20big%2c%20loving%2c%20multi-generational%20Mexican-American%20family.%22%2c%20%22OriginalTitle%22%3a%20%22The%20Casagrandes%22%2c%20%22Tag%22%3a%20%2216%22%2c%20%22year%22%3a%20%222019%22%7d&quot"/>
</include>

<include content="firstsession">
<param name="firstsissonid" value="505"/>
<param name="tvshowlabelname" value="ילד ילדה כלב חתולה עכבר וגבינה"/>
<param name="firstsissonidcontent" value="plugin://plugin.video.sdarot.tv/season/5357/1/%D7%99%D7%9C%D7%93%2C+%D7%99%D7%9C%D7%93%D7%94%2C+%D7%9B%D7%9C%D7%91%2C+%D7%97%D7%AA%D7%95%D7%9C%D7%94%2C+%D7%A2%D7%9B%D7%91%D7%A8+%D7%95%D7%92%D7%91%D7%99%D7%A0%D7%94+%2A%D7%9E%D7%93%D7%95%D7%91%D7%91%2A/Boy+Girl+Dog+Cat+Mouse+Cheese&quot"/>
</include>

<include content="firstsession">
<param name="firstsissonid" value="506"/>
<param name="tvshowlabelname" value="אמפיביה"/>
<param name="firstsissonidcontent" value="plugin://plugin.video.mando/?all_w=%7b%7d&amp;data=2019&amp;dates=%20&amp;description=%5bCOLOR%20aqua%5d%20%d7%a9%d7%95%d7%93%d7%a8%20%d7%91%d7%aa%d7%90%d7%a8%d7%99%d7%9a%2017-06-2019%5b%2fCOLOR%5d%0aThe%20adventures%20of%2013-year-old%2c%20self-centered%20Anne%20Boonchuy%20who%20is%20magically%20transported%20to%20the%20fictitious%20world%20of%20Amphibia%2c%20a%20rural%20marshland%20full%20of%20frog-people.%20With%20the%20help%20of%20an%20excitable%20young%20frog%20named%20Sprig%2c%20Anne%20will%20transform%20into%20a%20hero%20and%20discover%20the%20first%20true%20friendship%20of%20her%20life.&amp;eng_name=%20&amp;episode=%20&amp;fanart=https%3a%2f%2fimage.tmdb.org%2ft%2fp%2foriginal%2f%2fjSTglzkXYPMOI6sNdXGqGM02AP2.jpg&amp;fav_status=false&amp;heb_name=Amphibia&amp;iconimage=https%3a%2f%2fimage.tmdb.org%2ft%2fp%2foriginal%2f%2fzYhdu8J58U3dfGpguEY2EiNMcG3.jpg&amp;id=85349&amp;image_master&amp;isr=0&amp;last_id&amp;mode=19&amp;name=%5bCOLOR%20white%5d%d7%a2%d7%95%d7%a0%d7%94%201%5b%2fCOLOR%5d&amp;original_title=Amphibia&amp;season=1&amp;show_original_year=2019&amp;tmdbid=350984&amp;url=https%3a%2f%2fapi.themoviedb.org%2f3%2ftv%2f85349%3fapi_key%3d34142515d9d23817496eeb4ff1d223d0%26language%3den%26append_to_response%3dexternal_ids&amp;video_data=%7b%22rating%22%3a%20%220%22%2c%20%22episode%22%3a%200%2c%20%22title%22%3a%20%22%5bCOLOR%20white%5d%5cu05e2%5cu05d5%5cu05e0%5cu05d4%201%5b%2fCOLOR%5d%22%2c%20%22season%22%3a%200%2c%20%22TVshowtitle%22%3a%20%22%22%2c%20%22mediatype%22%3a%20%22movie%22%2c%20%22plot%22%3a%20%22%5bCOLOR%20aqua%5d%20%5cu05e9%5cu05d5%5cu05d3%5cu05e8%20%5cu05d1%5cu05ea%5cu05d0%5cu05e8%5cu05d9%5cu05da%2017-06-2019%5b%2fCOLOR%5d%5cnThe%20adventures%20of%2013-year-old%2c%20self-centered%20Anne%20Boonchuy%20who%20is%20magically%20transported%20to%20the%20fictitious%20world%20of%20Amphibia%2c%20a%20rural%20marshland%20full%20of%20frog-people.%20With%20the%20help%20of%20an%20excitable%20young%20frog%20named%20Sprig%2c%20Anne%20will%20transform%20into%20a%20hero%20and%20discover%20the%20first%20true%20friendship%20of%20her%20life.%22%2c%20%22OriginalTitle%22%3a%20%22Amphibia%22%2c%20%22Tag%22%3a%20%2216%22%2c%20%22year%22%3a%20%222019%22%7d&quot"/>
</include>

<include content="firstsession">
<param name="firstsissonid" value="507"/>
<param name="tvshowlabelname" value="מטלות מוזרות"/>
<param name="firstsissonidcontent" value="plugin://plugin.video.mando/?all_w=%7b%7d&amp;data=2019&amp;dates=%20&amp;description=%5bCOLOR%20aqua%5d%20%d7%a9%d7%95%d7%93%d7%a8%20%d7%91%d7%aa%d7%90%d7%a8%d7%99%d7%9a%2031-10-2019%5b%2fCOLOR%5d%0aThe%20show%20centers%20around%20two%20teenage%20warrior-heroes%20and%20a%20spirited%20ghost%20girl%20who%20master%20the%20skills%20they%20need%20to%20replace%20an%20ageing%20monster-slayer%20by%20doing%20his%20supernatural%20chores.&amp;eng_name=%20&amp;episode=%20&amp;fanart=https%3a%2f%2fimage.tmdb.org%2ft%2fp%2foriginal%2f%2fbFvv7EH4nOhMTlFqYvdldLfGt4e.jpg&amp;fav_status=false&amp;heb_name=The%20Strange%20Chores&amp;iconimage=https%3a%2f%2fimage.tmdb.org%2ft%2fp%2foriginal%2f%2fqO9HKdZrn2AYbhYN71uobhleymd.jpg&amp;id=95393&amp;image_master&amp;isr=0&amp;last_id&amp;mode=19&amp;name=%5bCOLOR%20white%5d%d7%a2%d7%95%d7%a0%d7%94%201%5b%2fCOLOR%5d&amp;original_title=The%20Strange%20Chores&amp;season=1&amp;show_original_year=2019&amp;tmdbid=None&amp;url=https%3a%2f%2fapi.themoviedb.org%2f3%2ftv%2f95393%3fapi_key%3d34142515d9d23817496eeb4ff1d223d0%26language%3den%26append_to_response%3dexternal_ids&amp;video_data=%7b%22rating%22%3a%20%220%22%2c%20%22episode%22%3a%200%2c%20%22title%22%3a%20%22%5bCOLOR%20white%5d%5cu05e2%5cu05d5%5cu05e0%5cu05d4%201%5b%2fCOLOR%5d%22%2c%20%22season%22%3a%200%2c%20%22TVshowtitle%22%3a%20%22%22%2c%20%22mediatype%22%3a%20%22movie%22%2c%20%22plot%22%3a%20%22%5bCOLOR%20aqua%5d%20%5cu05e9%5cu05d5%5cu05d3%5cu05e8%20%5cu05d1%5cu05ea%5cu05d0%5cu05e8%5cu05d9%5cu05da%2031-10-2019%5b%2fCOLOR%5d%5cnThe%20show%20centers%20around%20two%20teenage%20warrior-heroes%20and%20a%20spirited%20ghost%20girl%20who%20master%20the%20skills%20they%20need%20to%20replace%20an%20ageing%20monster-slayer%20by%20doing%20his%20supernatural%20chores.%22%2c%20%22OriginalTitle%22%3a%20%22The%20Strange%20Chores%22%2c%20%22Tag%22%3a%20%2216%22%2c%20%22year%22%3a%20%222019%22%7d&quot"/>
</include>

<include content="firstsession">
<param name="firstsissonid" value="508"/>
<param name="tvshowlabelname" value="הרעשנים"/>
<param name="firstsissonidcontent" value="plugin://plugin.video.mando/?all_w=%7b%7d&amp;data=2016&amp;dates=%20&amp;description=%5bCOLOR%20aqua%5d%20%d7%a9%d7%95%d7%93%d7%a8%20%d7%91%d7%aa%d7%90%d7%a8%d7%99%d7%9a%2002-05-2016%5b%2fCOLOR%5d%0aWelcome%20to%20the%20Loud%20House%2c%20where%20life%20can%20get%20pretty%20crazy.%20One%20boy%2c%20TEN%20girls%3f!%20Lincoln%20Loud%20wouldn%e2%80%99t%20change%20it%20for%20the%20world!&amp;eng_name=%20&amp;episode=%20&amp;fanart=https%3a%2f%2fimage.tmdb.org%2ft%2fp%2foriginal%2f%2f9Ja0VieZlC7dgzPay0rvvzcbnHg.jpg&amp;fav_status=false&amp;heb_name=%d7%94%d7%a8%d7%a2%d7%a9%d7%a0%d7%99%d7%9d&amp;iconimage=https%3a%2f%2fimage.tmdb.org%2ft%2fp%2foriginal%2f%2f1bcintOuBp44Tv84whV01cmckv.jpg&amp;id=68073&amp;image_master&amp;isr=0&amp;last_id&amp;mode=19&amp;name=%5bCOLOR%20white%5d%d7%a2%d7%95%d7%a0%d7%94%201%5b%2fCOLOR%5d&amp;original_title=The%20Loud%20House&amp;season=1&amp;show_original_year=2016&amp;tmdbid=309726&amp;url=https%3a%2f%2fapi.themoviedb.org%2f3%2ftv%2f68073%3fapi_key%3d34142515d9d23817496eeb4ff1d223d0%26language%3den%26append_to_response%3dexternal_ids&amp;video_data=%7b%22rating%22%3a%20%220%22%2c%20%22episode%22%3a%200%2c%20%22title%22%3a%20%22%5bCOLOR%20white%5d%5cu05e2%5cu05d5%5cu05e0%5cu05d4%201%5b%2fCOLOR%5d%22%2c%20%22season%22%3a%200%2c%20%22TVshowtitle%22%3a%20%22%22%2c%20%22mediatype%22%3a%20%22movie%22%2c%20%22plot%22%3a%20%22%5bCOLOR%20aqua%5d%20%5cu05e9%5cu05d5%5cu05d3%5cu05e8%20%5cu05d1%5cu05ea%5cu05d0%5cu05e8%5cu05d9%5cu05da%2002-05-2016%5b%2fCOLOR%5d%5cnWelcome%20to%20the%20Loud%20House%2c%20where%20life%20can%20get%20pretty%20crazy.%20One%20boy%2c%20TEN%20girls%3f!%20Lincoln%20Loud%20wouldn%5cu2019t%20change%20it%20for%20the%20world!%22%2c%20%22OriginalTitle%22%3a%20%22The%20Loud%20House%22%2c%20%22Tag%22%3a%20%2216%22%2c%20%22year%22%3a%20%222016%22%7d&quot"/>
</include>
<include content="tvshowseesiontwo">
<param name="seesiontwoid" value="509"/>
<param name="tvshowlabelname" value="הרעשנים"/>
<param name="seesiontwoidcontent" value="plugin://plugin.video.mando/?all_w=%7b%7d&amp;data=2016&amp;dates=%20&amp;description=%5bCOLOR%20aqua%5d%20%d7%a9%d7%95%d7%93%d7%a8%20%d7%91%d7%aa%d7%90%d7%a8%d7%99%d7%9a%2009-11-2016%5b%2fCOLOR%5d%0aWelcome%20to%20the%20Loud%20House%2c%20where%20life%20can%20get%20pretty%20crazy.%20One%20boy%2c%20TEN%20girls%3f!%20Lincoln%20Loud%20wouldn%e2%80%99t%20change%20it%20for%20the%20world!&amp;eng_name=%20&amp;episode=%20&amp;fanart=https%3a%2f%2fimage.tmdb.org%2ft%2fp%2foriginal%2f%2f9Ja0VieZlC7dgzPay0rvvzcbnHg.jpg&amp;fav_status=false&amp;heb_name=%d7%94%d7%a8%d7%a2%d7%a9%d7%a0%d7%99%d7%9d&amp;iconimage=https%3a%2f%2fimage.tmdb.org%2ft%2fp%2foriginal%2f%2fv8o6F27MSeCXkl99OFODwZbhgzO.jpg&amp;id=68073&amp;image_master&amp;isr=0&amp;last_id&amp;mode=19&amp;name=%5bCOLOR%20white%5d%d7%a2%d7%95%d7%a0%d7%94%202%5b%2fCOLOR%5d&amp;original_title=The%20Loud%20House&amp;season=2&amp;show_original_year=2016&amp;tmdbid=309726&amp;url=https%3a%2f%2fapi.themoviedb.org%2f3%2ftv%2f68073%3fapi_key%3d34142515d9d23817496eeb4ff1d223d0%26language%3den%26append_to_response%3dexternal_ids&amp;video_data=%7b%22rating%22%3a%20%220%22%2c%20%22episode%22%3a%200%2c%20%22title%22%3a%20%22%5bCOLOR%20white%5d%5cu05e2%5cu05d5%5cu05e0%5cu05d4%202%5b%2fCOLOR%5d%22%2c%20%22season%22%3a%200%2c%20%22TVshowtitle%22%3a%20%22%22%2c%20%22mediatype%22%3a%20%22movie%22%2c%20%22plot%22%3a%20%22%5bCOLOR%20aqua%5d%20%5cu05e9%5cu05d5%5cu05d3%5cu05e8%20%5cu05d1%5cu05ea%5cu05d0%5cu05e8%5cu05d9%5cu05da%2009-11-2016%5b%2fCOLOR%5d%5cnWelcome%20to%20the%20Loud%20House%2c%20where%20life%20can%20get%20pretty%20crazy.%20One%20boy%2c%20TEN%20girls%3f!%20Lincoln%20Loud%20wouldn%5cu2019t%20change%20it%20for%20the%20world!%22%2c%20%22OriginalTitle%22%3a%20%22The%20Loud%20House%22%2c%20%22Tag%22%3a%20%2216%22%2c%20%22year%22%3a%20%222016%22%7d&quot"/>
</include>
<include content="tvshowseesionthree">
<param name="seesionthreeid" value="510"/>
<param name="tvshowlabelname" value="הרעשנים"/>
<param name="seesionthreeidcontent" value="plugin://plugin.video.mando/?all_w=%7b%7d&amp;data=2018&amp;dates=%20&amp;description=%5bCOLOR%20aqua%5d%20%d7%a9%d7%95%d7%93%d7%a8%20%d7%91%d7%aa%d7%90%d7%a8%d7%99%d7%9a%2019-01-2018%5b%2fCOLOR%5d%0aWelcome%20to%20the%20Loud%20House%2c%20where%20life%20can%20get%20pretty%20crazy.%20One%20boy%2c%20TEN%20girls%3f!%20Lincoln%20Loud%20wouldn%e2%80%99t%20change%20it%20for%20the%20world!&amp;eng_name=%20&amp;episode=%20&amp;fanart=https%3a%2f%2fimage.tmdb.org%2ft%2fp%2foriginal%2f%2f9Ja0VieZlC7dgzPay0rvvzcbnHg.jpg&amp;fav_status=false&amp;heb_name=%d7%94%d7%a8%d7%a2%d7%a9%d7%a0%d7%99%d7%9d&amp;iconimage=https%3a%2f%2fimage.tmdb.org%2ft%2fp%2foriginal%2f%2fA6sxGDrZwauO10IuaPz0Q0fWh5x.jpg&amp;id=68073&amp;image_master&amp;isr=0&amp;last_id&amp;mode=19&amp;name=%5bCOLOR%20white%5d%d7%a2%d7%95%d7%a0%d7%94%203%5b%2fCOLOR%5d&amp;original_title=The%20Loud%20House&amp;season=3&amp;show_original_year=2016&amp;tmdbid=309726&amp;url=https%3a%2f%2fapi.themoviedb.org%2f3%2ftv%2f68073%3fapi_key%3d34142515d9d23817496eeb4ff1d223d0%26language%3den%26append_to_response%3dexternal_ids&amp;video_data=%7b%22rating%22%3a%20%220%22%2c%20%22episode%22%3a%200%2c%20%22title%22%3a%20%22%5bCOLOR%20white%5d%5cu05e2%5cu05d5%5cu05e0%5cu05d4%203%5b%2fCOLOR%5d%22%2c%20%22season%22%3a%200%2c%20%22TVshowtitle%22%3a%20%22%22%2c%20%22mediatype%22%3a%20%22movie%22%2c%20%22plot%22%3a%20%22%5bCOLOR%20aqua%5d%20%5cu05e9%5cu05d5%5cu05d3%5cu05e8%20%5cu05d1%5cu05ea%5cu05d0%5cu05e8%5cu05d9%5cu05da%2019-01-2018%5b%2fCOLOR%5d%5cnWelcome%20to%20the%20Loud%20House%2c%20where%20life%20can%20get%20pretty%20crazy.%20One%20boy%2c%20TEN%20girls%3f!%20Lincoln%20Loud%20wouldn%5cu2019t%20change%20it%20for%20the%20world!%22%2c%20%22OriginalTitle%22%3a%20%22The%20Loud%20House%22%2c%20%22Tag%22%3a%20%2216%22%2c%20%22year%22%3a%20%222018%22%7d&quot"/>
</include>
<include content="tvshowseesionfour">
<param name="seesionfourid" value="511"/>
<param name="tvshowlabelname" value="הרעשנים"/>
<param name="seesionfouridcontent" value="plugin://plugin.video.mando/?all_w=%7b%7d&amp;data=2019&amp;dates=%20&amp;description=%5bCOLOR%20aqua%5d%20%d7%a9%d7%95%d7%93%d7%a8%20%d7%91%d7%aa%d7%90%d7%a8%d7%99%d7%9a%2027-05-2019%5b%2fCOLOR%5d%0aWelcome%20to%20the%20Loud%20House%2c%20where%20life%20can%20get%20pretty%20crazy.%20One%20boy%2c%20TEN%20girls%3f!%20Lincoln%20Loud%20wouldn%e2%80%99t%20change%20it%20for%20the%20world!&amp;eng_name=%20&amp;episode=%20&amp;fanart=https%3a%2f%2fimage.tmdb.org%2ft%2fp%2foriginal%2f%2f9Ja0VieZlC7dgzPay0rvvzcbnHg.jpg&amp;fav_status=false&amp;heb_name=%d7%94%d7%a8%d7%a2%d7%a9%d7%a0%d7%99%d7%9d&amp;iconimage=https%3a%2f%2fimage.tmdb.org%2ft%2fp%2foriginal%2f%2fiIJeCcRiFov8dPd7wSfzyN6cU7F.jpg&amp;id=68073&amp;image_master&amp;isr=0&amp;last_id&amp;mode=19&amp;name=%5bCOLOR%20white%5d%d7%a2%d7%95%d7%a0%d7%94%204%5b%2fCOLOR%5d&amp;original_title=The%20Loud%20House&amp;season=4&amp;show_original_year=2016&amp;tmdbid=309726&amp;url=https%3a%2f%2fapi.themoviedb.org%2f3%2ftv%2f68073%3fapi_key%3d34142515d9d23817496eeb4ff1d223d0%26language%3den%26append_to_response%3dexternal_ids&amp;video_data=%7b%22rating%22%3a%20%220%22%2c%20%22episode%22%3a%200%2c%20%22title%22%3a%20%22%5bCOLOR%20white%5d%5cu05e2%5cu05d5%5cu05e0%5cu05d4%204%5b%2fCOLOR%5d%22%2c%20%22season%22%3a%200%2c%20%22TVshowtitle%22%3a%20%22%22%2c%20%22mediatype%22%3a%20%22movie%22%2c%20%22plot%22%3a%20%22%5bCOLOR%20aqua%5d%20%5cu05e9%5cu05d5%5cu05d3%5cu05e8%20%5cu05d1%5cu05ea%5cu05d0%5cu05e8%5cu05d9%5cu05da%2027-05-2019%5b%2fCOLOR%5d%5cnWelcome%20to%20the%20Loud%20House%2c%20where%20life%20can%20get%20pretty%20crazy.%20One%20boy%2c%20TEN%20girls%3f!%20Lincoln%20Loud%20wouldn%5cu2019t%20change%20it%20for%20the%20world!%22%2c%20%22OriginalTitle%22%3a%20%22The%20Loud%20House%22%2c%20%22Tag%22%3a%20%2216%22%2c%20%22year%22%3a%20%222019%22%7d&quot"/>
</include>
<include content="tvshowseesionfive">
<param name="seesionfiveid" value="512"/>
<param name="tvshowlabelname" value="הרעשנים"/>
<param name="seesionfiveidcontent" value="plugin://plugin.video.mando/?all_w=%7b%7d&amp;data=2020&amp;dates=%20&amp;description=%5bCOLOR%20aqua%5d%20%d7%a9%d7%95%d7%93%d7%a8%20%d7%91%d7%aa%d7%90%d7%a8%d7%99%d7%9a%2011-09-2020%5b%2fCOLOR%5d%0aWelcome%20to%20the%20Loud%20House%2c%20where%20life%20can%20get%20pretty%20crazy.%20One%20boy%2c%20TEN%20girls%3f!%20Lincoln%20Loud%20wouldn%e2%80%99t%20change%20it%20for%20the%20world!&amp;eng_name=%20&amp;episode=%20&amp;fanart=https%3a%2f%2fimage.tmdb.org%2ft%2fp%2foriginal%2f%2f9Ja0VieZlC7dgzPay0rvvzcbnHg.jpg&amp;fav_status=false&amp;heb_name=%d7%94%d7%a8%d7%a2%d7%a9%d7%a0%d7%99%d7%9d&amp;iconimage=https%3a%2f%2fimage.tmdb.org%2ft%2fp%2foriginal%2f%2flIpwNy5U1DpvYaURBOx3zRA3G6t.jpg&amp;id=68073&amp;image_master&amp;isr=0&amp;last_id&amp;mode=19&amp;name=%5bCOLOR%20white%5d%d7%a2%d7%95%d7%a0%d7%94%205%5b%2fCOLOR%5d&amp;original_title=The%20Loud%20House&amp;season=5&amp;show_original_year=2016&amp;tmdbid=309726&amp;url=https%3a%2f%2fapi.themoviedb.org%2f3%2ftv%2f68073%3fapi_key%3d34142515d9d23817496eeb4ff1d223d0%26language%3den%26append_to_response%3dexternal_ids&amp;video_data=%7b%22rating%22%3a%20%220%22%2c%20%22episode%22%3a%200%2c%20%22title%22%3a%20%22%5bCOLOR%20white%5d%5cu05e2%5cu05d5%5cu05e0%5cu05d4%205%5b%2fCOLOR%5d%22%2c%20%22season%22%3a%200%2c%20%22TVshowtitle%22%3a%20%22%22%2c%20%22mediatype%22%3a%20%22movie%22%2c%20%22plot%22%3a%20%22%5bCOLOR%20aqua%5d%20%5cu05e9%5cu05d5%5cu05d3%5cu05e8%20%5cu05d1%5cu05ea%5cu05d0%5cu05e8%5cu05d9%5cu05da%2011-09-2020%5b%2fCOLOR%5d%5cnWelcome%20to%20the%20Loud%20House%2c%20where%20life%20can%20get%20pretty%20crazy.%20One%20boy%2c%20TEN%20girls%3f!%20Lincoln%20Loud%20wouldn%5cu2019t%20change%20it%20for%20the%20world!%22%2c%20%22OriginalTitle%22%3a%20%22The%20Loud%20House%22%2c%20%22Tag%22%3a%20%2216%22%2c%20%22year%22%3a%20%222020%22%7d&quot"/>
</include>

<include content="firstsession">
<param name="firstsissonid" value="513"/>
<param name="tvshowlabelname" value="האוונגרס צוות גיבורי העל האיחוד"/>
<param name="firstsissonidcontent" value="plugin://plugin.video.sdarot.tv/season/1783/1/%D7%94%D7%90%D7%95%D7%95%D7%A0%D7%92%27%D7%A8%D7%A1%3A+%D7%A6%D7%95%D7%95%D7%AA+%D7%92%D7%99%D7%91%D7%95%D7%A8%D7%99+%D7%94%D7%A2%D7%9C%2C+%D7%94%D7%90%D7%99%D7%97%D7%95%D7%93+-+%2A%D7%9E%D7%93%D7%95%D7%91%D7%91%2A/Marvel%27s+Avengers+Assemble&quot"/>
</include>
<include content="tvshowseesiontwo">
<param name="seesiontwoid" value="514"/>
<param name="tvshowlabelname" value="האוונגרס צוות גיבורי העל האיחוד"/>
<param name="seesiontwoidcontent" value="plugin://plugin.video.sdarot.tv/season/1783/2/%D7%94%D7%90%D7%95%D7%95%D7%A0%D7%92%27%D7%A8%D7%A1%3A+%D7%A6%D7%95%D7%95%D7%AA+%D7%92%D7%99%D7%91%D7%95%D7%A8%D7%99+%D7%94%D7%A2%D7%9C%2C+%D7%94%D7%90%D7%99%D7%97%D7%95%D7%93+-+%2A%D7%9E%D7%93%D7%95%D7%91%D7%91%2A/Marvel%27s+Avengers+Assemble&quot"/>
</include>
<include content="tvshowseesionthree">
<param name="seesionthreeid" value="515"/>
<param name="tvshowlabelname" value="האוונגרס צוות גיבורי העל האיחוד"/>
<param name="seesionthreeidcontent" value="plugin://plugin.video.sdarot.tv/season/1783/3/%D7%94%D7%90%D7%95%D7%95%D7%A0%D7%92%27%D7%A8%D7%A1%3A+%D7%A6%D7%95%D7%95%D7%AA+%D7%92%D7%99%D7%91%D7%95%D7%A8%D7%99+%D7%94%D7%A2%D7%9C%2C+%D7%94%D7%90%D7%99%D7%97%D7%95%D7%93+-+%2A%D7%9E%D7%93%D7%95%D7%91%D7%91%2A/Marvel%27s+Avengers+Assemble&quot"/>
</include>
<include content="tvshowseesionfour">
<param name="seesionfourid" value="516"/>
<param name="tvshowlabelname" value="האוונגרס צוות גיבורי העל האיחוד"/>
<param name="seesionfouridcontent" value="plugin://plugin.video.sdarot.tv/season/1783/4/%D7%94%D7%90%D7%95%D7%95%D7%A0%D7%92%27%D7%A8%D7%A1%3A+%D7%A6%D7%95%D7%95%D7%AA+%D7%92%D7%99%D7%91%D7%95%D7%A8%D7%99+%D7%94%D7%A2%D7%9C%2C+%D7%94%D7%90%D7%99%D7%97%D7%95%D7%93+-+%2A%D7%9E%D7%93%D7%95%D7%91%D7%91%2A/Marvel%27s+Avengers+Assemble&quot"/>
</include>
<include content="tvshowseesionfive">
<param name="seesionfiveid" value="517"/>
<param name="tvshowlabelname" value="האוונגרס צוות גיבורי העל האיחוד"/>
<param name="seesionfiveidcontent" value="plugin://plugin.video.sdarot.tv/season/1783/5/%D7%94%D7%90%D7%95%D7%95%D7%A0%D7%92%27%D7%A8%D7%A1%3A+%D7%A6%D7%95%D7%95%D7%AA+%D7%92%D7%99%D7%91%D7%95%D7%A8%D7%99+%D7%94%D7%A2%D7%9C%2C+%D7%94%D7%90%D7%99%D7%97%D7%95%D7%93+-+%2A%D7%9E%D7%93%D7%95%D7%91%D7%91%2A/Marvel%27s+Avengers+Assemble&quot"/>
</include>

<include content="firstsession">
<param name="firstsissonid" value="518"/>
<param name="tvshowlabelname" value="אנצנטימלס"/>
<param name="firstsissonidcontent" value="plugin://plugin.video.mando/?all_w=%7b%7d&amp;data=2018&amp;dates=%20&amp;description=%5bCOLOR%20aqua%5d%20%d7%a9%d7%95%d7%93%d7%a8%20%d7%91%d7%aa%d7%90%d7%a8%d7%99%d7%9a%2020-07-2018%5b%2fCOLOR%5d%0aEnchantimals%20are%20a%20group%20of%20lovable%20girls%20who%20have%20a%20special%20bond%20with%20their%20animal%20friends%2c%20and%20even%20share%20some%20of%20the%20same%20characteristics.%20Together%2c%20they%20live%20in%20a%20fantastical%20world%20where%20fun%20and%20adventure%20are%20right%20around%20every%20corner!%20%20A%20world%20where%20friendship%20makes%20anything%20possible.&amp;eng_name=%20&amp;episode=%20&amp;fanart=https%3a%2f%2fimage.tmdb.org%2ft%2fp%2foriginal%2f%20&amp;fav_status=false&amp;heb_name=Enchantimals%3a%20Tales%20From%20Everwilde&amp;iconimage=https%3a%2f%2fimage.tmdb.org%2ft%2fp%2foriginal%2f%2f9OdiUGsLdlNC1feocj4AdDalKxK.jpg&amp;id=100435&amp;image_master&amp;isr=0&amp;last_id&amp;mode=19&amp;name=%5bCOLOR%20white%5d%d7%a2%d7%95%d7%a0%d7%94%201%5b%2fCOLOR%5d&amp;original_title=Enchantimals%3a%20Tales%20From%20Everwilde&amp;season=1&amp;show_original_year=2018&amp;tmdbid=None&amp;url=https%3a%2f%2fapi.themoviedb.org%2f3%2ftv%2f100435%3fapi_key%3d34142515d9d23817496eeb4ff1d223d0%26language%3den%26append_to_response%3dexternal_ids&amp;video_data=%7b%22rating%22%3a%20%220%22%2c%20%22episode%22%3a%200%2c%20%22title%22%3a%20%22%5bCOLOR%20white%5d%5cu05e2%5cu05d5%5cu05e0%5cu05d4%201%5b%2fCOLOR%5d%22%2c%20%22season%22%3a%200%2c%20%22TVshowtitle%22%3a%20%22%22%2c%20%22mediatype%22%3a%20%22movie%22%2c%20%22plot%22%3a%20%22%5bCOLOR%20aqua%5d%20%5cu05e9%5cu05d5%5cu05d3%5cu05e8%20%5cu05d1%5cu05ea%5cu05d0%5cu05e8%5cu05d9%5cu05da%2020-07-2018%5b%2fCOLOR%5d%5cnEnchantimals%20are%20a%20group%20of%20lovable%20girls%20who%20have%20a%20special%20bond%20with%20their%20animal%20friends%2c%20and%20even%20share%20some%20of%20the%20same%20characteristics.%20Together%2c%20they%20live%20in%20a%20fantastical%20world%20where%20fun%20and%20adventure%20are%20right%20around%20every%20corner!%20%20A%20world%20where%20friendship%20makes%20anything%20possible.%22%2c%20%22OriginalTitle%22%3a%20%22Enchantimals%3a%20Tales%20From%20Everwilde%22%2c%20%22Tag%22%3a%20%2216%22%2c%20%22year%22%3a%20%222018%22%7d&quot"/>
</include>

<include content="firstsession">
<param name="firstsissonid" value="519"/>
<param name="tvshowlabelname" value="פאוור ריינגרס ביסט מורפרס"/>
<param name="firstsissonidcontent" value="plugin://plugin.video.sdarot.tv/season/5334/1/%D7%A4%D7%90%D7%95%D7%95%D7%A8+%D7%A8%D7%99%D7%99%D7%A0%D7%92%27%D7%A8%D7%A1+-+%D7%91%D7%99%D7%A1%D7%98+%D7%9E%D7%95%D7%A8%D7%A4%D7%A8%D7%A1+%2A%D7%9E%D7%93%D7%95%D7%91%D7%91%2A/Power+Rangers+Beast+Morphers&quot"/>
</include>

<include content="firstsession">
<param name="firstsissonid" value="520"/>
<param name="tvshowlabelname" value="מכשפים סיפורי ארקדיה"/>
<param name="firstsissonidcontent" value="plugin://plugin.video.sdarot.tv/season/5696/1/%D7%9E%D7%9B%D7%A9%D7%A4%D7%99%D7%9D%3A+%D7%A1%D7%99%D7%A4%D7%95%D7%A8%D7%99+%D7%90%D7%A8%D7%A7%D7%93%D7%99%D7%94+%2A%D7%9E%D7%93%D7%95%D7%91%D7%91%2A/Wizards%3A+Tales+Of+Arcadia&quot"/>
</include>

<include content="firstsession">
<param name="firstsissonid" value="521"/>
<param name="tvshowlabelname" value="בית הרפתקאות עם טיפ ואו"/>
<param name="firstsissonidcontent" value="plugin://plugin.video.mando/?all_w=%7b%7d&amp;data=2016&amp;dates=%20&amp;description=%5bCOLOR%20aqua%5d%20%d7%a9%d7%95%d7%93%d7%a8%20%d7%91%d7%aa%d7%90%d7%a8%d7%99%d7%9a%2029-07-2016%5b%2fCOLOR%5d%0aPicking%20up%20where%20the%202015%20film%20left%20off%2c%20this%20coming-of-age%20buddy%20comedy%20follows%20fearless%20Tip%20and%20overenthusiastic%20Oh%2c%20as%20they%20navigate%20the%20crazily%20combined%20human%20and%20alien%20culture%20they%20live%20in%2c%20finding%20adventure%20everywhere%20they%20go.&amp;eng_name=%20&amp;episode=%20&amp;fanart=https%3a%2f%2fimage.tmdb.org%2ft%2fp%2foriginal%2f%2fnb0YKoliBN1GhaLlAWOY8Aepz0D.jpg&amp;fav_status=false&amp;heb_name=%d7%91%d7%99%d7%aa%20-%20%d7%94%d7%a8%d7%a4%d7%aa%d7%a7%d7%90%d7%95%d7%aa%20%d7%a2%d7%9d%20%d7%98%d7%99%d7%a4%20%d7%95%d7%90%d7%95&amp;iconimage=https%3a%2f%2fimage.tmdb.org%2ft%2fp%2foriginal%2f%2f6GfP8MY7hliTmHXmrCAocU4BRf2.jpg&amp;id=67242&amp;image_master&amp;isr=0&amp;last_id&amp;mode=19&amp;name=%5bCOLOR%20white%5d%d7%a2%d7%95%d7%a0%d7%94%201%5b%2fCOLOR%5d&amp;original_title=Home%3a%20Adventures%20with%20Tip%20%26%20Oh&amp;season=1&amp;show_original_year=2016&amp;tmdbid=314461&amp;url=https%3a%2f%2fapi.themoviedb.org%2f3%2ftv%2f67242%3fapi_key%3d34142515d9d23817496eeb4ff1d223d0%26language%3den%26append_to_response%3dexternal_ids&amp;video_data=%7b%22rating%22%3a%20%220%22%2c%20%22episode%22%3a%200%2c%20%22title%22%3a%20%22%5bCOLOR%20white%5d%5cu05e2%5cu05d5%5cu05e0%5cu05d4%201%5b%2fCOLOR%5d%22%2c%20%22season%22%3a%200%2c%20%22TVshowtitle%22%3a%20%22%22%2c%20%22mediatype%22%3a%20%22movie%22%2c%20%22plot%22%3a%20%22%5bCOLOR%20aqua%5d%20%5cu05e9%5cu05d5%5cu05d3%5cu05e8%20%5cu05d1%5cu05ea%5cu05d0%5cu05e8%5cu05d9%5cu05da%2029-07-2016%5b%2fCOLOR%5d%5cnPicking%20up%20where%20the%202015%20film%20left%20off%2c%20this%20coming-of-age%20buddy%20comedy%20follows%20fearless%20Tip%20and%20overenthusiastic%20Oh%2c%20as%20they%20navigate%20the%20crazily%20combined%20human%20and%20alien%20culture%20they%20live%20in%2c%20finding%20adventure%20everywhere%20they%20go.%22%2c%20%22OriginalTitle%22%3a%20%22Home%3a%20Adventures%20with%20Tip%20%26%20Oh%22%2c%20%22Tag%22%3a%20%2216%22%2c%20%22year%22%3a%20%222016%22%7d&quot"/>
</include>
<include content="tvshowseesiontwo">
<param name="seesiontwoid" value="522"/>
<param name="tvshowlabelname" value="בית הרפתקאות עם טיפ ואו"/>
<param name="seesiontwoidcontent" value="plugin://plugin.video.mando/?all_w=%7b%7d&amp;data=2017&amp;dates=%20&amp;description=%5bCOLOR%20aqua%5d%20%d7%a9%d7%95%d7%93%d7%a8%20%d7%91%d7%aa%d7%90%d7%a8%d7%99%d7%9a%2026-01-2017%5b%2fCOLOR%5d%0aPicking%20up%20where%20the%202015%20film%20left%20off%2c%20this%20coming-of-age%20buddy%20comedy%20follows%20fearless%20Tip%20and%20overenthusiastic%20Oh%2c%20as%20they%20navigate%20the%20crazily%20combined%20human%20and%20alien%20culture%20they%20live%20in%2c%20finding%20adventure%20everywhere%20they%20go.&amp;eng_name=%20&amp;episode=%20&amp;fanart=https%3a%2f%2fimage.tmdb.org%2ft%2fp%2foriginal%2f%2fnb0YKoliBN1GhaLlAWOY8Aepz0D.jpg&amp;fav_status=false&amp;heb_name=%d7%91%d7%99%d7%aa%20-%20%d7%94%d7%a8%d7%a4%d7%aa%d7%a7%d7%90%d7%95%d7%aa%20%d7%a2%d7%9d%20%d7%98%d7%99%d7%a4%20%d7%95%d7%90%d7%95&amp;iconimage=https%3a%2f%2fimage.tmdb.org%2ft%2fp%2foriginal%2f%2faqNNYsqntcLqIbxH2401tGYnASm.jpg&amp;id=67242&amp;image_master&amp;isr=0&amp;last_id&amp;mode=19&amp;name=%5bCOLOR%20white%5d%d7%a2%d7%95%d7%a0%d7%94%202%5b%2fCOLOR%5d&amp;original_title=Home%3a%20Adventures%20with%20Tip%20%26%20Oh&amp;season=2&amp;show_original_year=2016&amp;tmdbid=314461&amp;url=https%3a%2f%2fapi.themoviedb.org%2f3%2ftv%2f67242%3fapi_key%3d34142515d9d23817496eeb4ff1d223d0%26language%3den%26append_to_response%3dexternal_ids&amp;video_data=%7b%22rating%22%3a%20%220%22%2c%20%22episode%22%3a%200%2c%20%22title%22%3a%20%22%5bCOLOR%20white%5d%5cu05e2%5cu05d5%5cu05e0%5cu05d4%202%5b%2fCOLOR%5d%22%2c%20%22season%22%3a%200%2c%20%22TVshowtitle%22%3a%20%22%22%2c%20%22mediatype%22%3a%20%22movie%22%2c%20%22plot%22%3a%20%22%5bCOLOR%20aqua%5d%20%5cu05e9%5cu05d5%5cu05d3%5cu05e8%20%5cu05d1%5cu05ea%5cu05d0%5cu05e8%5cu05d9%5cu05da%2026-01-2017%5b%2fCOLOR%5d%5cnPicking%20up%20where%20the%202015%20film%20left%20off%2c%20this%20coming-of-age%20buddy%20comedy%20follows%20fearless%20Tip%20and%20overenthusiastic%20Oh%2c%20as%20they%20navigate%20the%20crazily%20combined%20human%20and%20alien%20culture%20they%20live%20in%2c%20finding%20adventure%20everywhere%20they%20go.%22%2c%20%22OriginalTitle%22%3a%20%22Home%3a%20Adventures%20with%20Tip%20%26%20Oh%22%2c%20%22Tag%22%3a%20%2216%22%2c%20%22year%22%3a%20%222017%22%7d&quot"/>
</include>
<include content="tvshowseesionthree">
<param name="seesionthreeid" value="523"/>
<param name="tvshowlabelname" value="בית הרפתקאות עם טיפ ואו"/>
<param name="seesionthreeidcontent" value="plugin://plugin.video.mando/?all_w=%7b%7d&amp;data=2017&amp;dates=%20&amp;description=%5bCOLOR%20aqua%5d%20%d7%a9%d7%95%d7%93%d7%a8%20%d7%91%d7%aa%d7%90%d7%a8%d7%99%d7%9a%2010-08-2017%5b%2fCOLOR%5d%0aPicking%20up%20where%20the%202015%20film%20left%20off%2c%20this%20coming-of-age%20buddy%20comedy%20follows%20fearless%20Tip%20and%20overenthusiastic%20Oh%2c%20as%20they%20navigate%20the%20crazily%20combined%20human%20and%20alien%20culture%20they%20live%20in%2c%20finding%20adventure%20everywhere%20they%20go.&amp;eng_name=%20&amp;episode=%20&amp;fanart=https%3a%2f%2fimage.tmdb.org%2ft%2fp%2foriginal%2f%2fnb0YKoliBN1GhaLlAWOY8Aepz0D.jpg&amp;fav_status=false&amp;heb_name=%d7%91%d7%99%d7%aa%20-%20%d7%94%d7%a8%d7%a4%d7%aa%d7%a7%d7%90%d7%95%d7%aa%20%d7%a2%d7%9d%20%d7%98%d7%99%d7%a4%20%d7%95%d7%90%d7%95&amp;iconimage=https%3a%2f%2fimage.tmdb.org%2ft%2fp%2foriginal%2f%2fvE5wSMOMTf3bi5k9dEl6dOQ9n8b.jpg&amp;id=67242&amp;image_master&amp;isr=0&amp;last_id&amp;mode=19&amp;name=%5bCOLOR%20white%5d%d7%a2%d7%95%d7%a0%d7%94%203%5b%2fCOLOR%5d&amp;original_title=Home%3a%20Adventures%20with%20Tip%20%26%20Oh&amp;season=3&amp;show_original_year=2016&amp;tmdbid=314461&amp;url=https%3a%2f%2fapi.themoviedb.org%2f3%2ftv%2f67242%3fapi_key%3d34142515d9d23817496eeb4ff1d223d0%26language%3den%26append_to_response%3dexternal_ids&amp;video_data=%7b%22rating%22%3a%20%220%22%2c%20%22episode%22%3a%200%2c%20%22title%22%3a%20%22%5bCOLOR%20white%5d%5cu05e2%5cu05d5%5cu05e0%5cu05d4%203%5b%2fCOLOR%5d%22%2c%20%22season%22%3a%200%2c%20%22TVshowtitle%22%3a%20%22%22%2c%20%22mediatype%22%3a%20%22movie%22%2c%20%22plot%22%3a%20%22%5bCOLOR%20aqua%5d%20%5cu05e9%5cu05d5%5cu05d3%5cu05e8%20%5cu05d1%5cu05ea%5cu05d0%5cu05e8%5cu05d9%5cu05da%2010-08-2017%5b%2fCOLOR%5d%5cnPicking%20up%20where%20the%202015%20film%20left%20off%2c%20this%20coming-of-age%20buddy%20comedy%20follows%20fearless%20Tip%20and%20overenthusiastic%20Oh%2c%20as%20they%20navigate%20the%20crazily%20combined%20human%20and%20alien%20culture%20they%20live%20in%2c%20finding%20adventure%20everywhere%20they%20go.%22%2c%20%22OriginalTitle%22%3a%20%22Home%3a%20Adventures%20with%20Tip%20%26%20Oh%22%2c%20%22Tag%22%3a%20%2216%22%2c%20%22year%22%3a%20%222017%22%7d&quot"/>
</include>
<include content="tvshowseesionfour">
<param name="seesionfourid" value="524"/>
<param name="tvshowlabelname" value="בית הרפתקאות עם טיפ ואו"/>
<param name="seesionfouridcontent" value="plugin://plugin.video.mando/?all_w=%7b%7d&amp;data=2018&amp;dates=%20&amp;description=%5bCOLOR%20aqua%5d%20%d7%a9%d7%95%d7%93%d7%a8%20%d7%91%d7%aa%d7%90%d7%a8%d7%99%d7%9a%2019-07-2018%5b%2fCOLOR%5d%0aPicking%20up%20where%20the%202015%20film%20left%20off%2c%20this%20coming-of-age%20buddy%20comedy%20follows%20fearless%20Tip%20and%20overenthusiastic%20Oh%2c%20as%20they%20navigate%20the%20crazily%20combined%20human%20and%20alien%20culture%20they%20live%20in%2c%20finding%20adventure%20everywhere%20they%20go.&amp;eng_name=%20&amp;episode=%20&amp;fanart=https%3a%2f%2fimage.tmdb.org%2ft%2fp%2foriginal%2f%2fnb0YKoliBN1GhaLlAWOY8Aepz0D.jpg&amp;fav_status=false&amp;heb_name=%d7%91%d7%99%d7%aa%20-%20%d7%94%d7%a8%d7%a4%d7%aa%d7%a7%d7%90%d7%95%d7%aa%20%d7%a2%d7%9d%20%d7%98%d7%99%d7%a4%20%d7%95%d7%90%d7%95&amp;iconimage=https%3a%2f%2fimage.tmdb.org%2ft%2fp%2foriginal%2f%2fqm7ZMvd6jPHbIwu0h1tkBwUxnd0.jpg&amp;id=67242&amp;image_master&amp;isr=0&amp;last_id&amp;mode=19&amp;name=%5bCOLOR%20white%5d%d7%a2%d7%95%d7%a0%d7%94%204%5b%2fCOLOR%5d&amp;original_title=Home%3a%20Adventures%20with%20Tip%20%26%20Oh&amp;season=4&amp;show_original_year=2016&amp;tmdbid=314461&amp;url=https%3a%2f%2fapi.themoviedb.org%2f3%2ftv%2f67242%3fapi_key%3d34142515d9d23817496eeb4ff1d223d0%26language%3den%26append_to_response%3dexternal_ids&amp;video_data=%7b%22rating%22%3a%20%220%22%2c%20%22episode%22%3a%200%2c%20%22title%22%3a%20%22%5bCOLOR%20white%5d%5cu05e2%5cu05d5%5cu05e0%5cu05d4%204%5b%2fCOLOR%5d%22%2c%20%22season%22%3a%200%2c%20%22TVshowtitle%22%3a%20%22%22%2c%20%22mediatype%22%3a%20%22movie%22%2c%20%22plot%22%3a%20%22%5bCOLOR%20aqua%5d%20%5cu05e9%5cu05d5%5cu05d3%5cu05e8%20%5cu05d1%5cu05ea%5cu05d0%5cu05e8%5cu05d9%5cu05da%2019-07-2018%5b%2fCOLOR%5d%5cnPicking%20up%20where%20the%202015%20film%20left%20off%2c%20this%20coming-of-age%20buddy%20comedy%20follows%20fearless%20Tip%20and%20overenthusiastic%20Oh%2c%20as%20they%20navigate%20the%20crazily%20combined%20human%20and%20alien%20culture%20they%20live%20in%2c%20finding%20adventure%20everywhere%20they%20go.%22%2c%20%22OriginalTitle%22%3a%20%22Home%3a%20Adventures%20with%20Tip%20%26%20Oh%22%2c%20%22Tag%22%3a%20%2216%22%2c%20%22year%22%3a%20%222018%22%7d&quot"/>
</include>

<include content="firstsession">
<param name="firstsissonid" value="525"/>
<param name="tvshowlabelname" value="הארווי ביקס"/>
<param name="firstsissonidcontent" value="plugin://plugin.video.mando/?all_w=%7b%7d&amp;data=2015&amp;dates=%20&amp;description=%5bCOLOR%20aqua%5d%20%d7%a9%d7%95%d7%93%d7%a8%20%d7%91%d7%aa%d7%90%d7%a8%d7%99%d7%9a%2029-03-2015%5b%2fCOLOR%5d%0aA%20mild-mannered%20young%20bird%20and%20his%20best%20friends%2c%20a%20pair%20of%20rambunctious%20siblings%20called%20Fee%20and%20Foo%2c%20seek%20adventure%20and%20mischief%20in%20the%20magical%20forest%20that%20they%20call%20home.&amp;eng_name=%20&amp;episode=%20&amp;fanart=https%3a%2f%2fimage.tmdb.org%2ft%2fp%2foriginal%2f%2f9os24XFJf1LRpYvfIVMaEJFGiEQ.jpg&amp;fav_status=false&amp;heb_name=Harvey%20Beaks&amp;iconimage=https%3a%2f%2fimage.tmdb.org%2ft%2fp%2foriginal%2f%2f8ZyogSmk6UFKz6Cz3VOo93QRuB4.jpg&amp;id=62487&amp;image_master&amp;isr=0&amp;last_id&amp;mode=19&amp;name=%5bCOLOR%20white%5d%d7%a2%d7%95%d7%a0%d7%94%201%5b%2fCOLOR%5d&amp;original_title=Harvey%20Beaks&amp;season=1&amp;show_original_year=2015&amp;tmdbid=293115&amp;url=https%3a%2f%2fapi.themoviedb.org%2f3%2ftv%2f62487%3fapi_key%3d34142515d9d23817496eeb4ff1d223d0%26language%3den%26append_to_response%3dexternal_ids&amp;video_data=%7b%22rating%22%3a%20%220%22%2c%20%22episode%22%3a%200%2c%20%22title%22%3a%20%22%5bCOLOR%20white%5d%5cu05e2%5cu05d5%5cu05e0%5cu05d4%201%5b%2fCOLOR%5d%22%2c%20%22season%22%3a%200%2c%20%22TVshowtitle%22%3a%20%22%22%2c%20%22mediatype%22%3a%20%22movie%22%2c%20%22plot%22%3a%20%22%5bCOLOR%20aqua%5d%20%5cu05e9%5cu05d5%5cu05d3%5cu05e8%20%5cu05d1%5cu05ea%5cu05d0%5cu05e8%5cu05d9%5cu05da%2029-03-2015%5b%2fCOLOR%5d%5cnA%20mild-mannered%20young%20bird%20and%20his%20best%20friends%2c%20a%20pair%20of%20rambunctious%20siblings%20called%20Fee%20and%20Foo%2c%20seek%20adventure%20and%20mischief%20in%20the%20magical%20forest%20that%20they%20call%20home.%22%2c%20%22OriginalTitle%22%3a%20%22Harvey%20Beaks%22%2c%20%22Tag%22%3a%20%2216%22%2c%20%22year%22%3a%20%222015%22%7d&quot"/>
</include>
<include content="tvshowseesiontwo">
<param name="seesiontwoid" value="526"/>
<param name="tvshowlabelname" value="הארווי ביקס"/>
<param name="seesiontwoidcontent" value="plugin://plugin.video.mando/?all_w=%7b%7d&amp;data=2016&amp;dates=%20&amp;description=%5bCOLOR%20aqua%5d%20%d7%a9%d7%95%d7%93%d7%a8%20%d7%91%d7%aa%d7%90%d7%a8%d7%99%d7%9a%2013-06-2016%5b%2fCOLOR%5d%0aA%20mild-mannered%20young%20bird%20and%20his%20best%20friends%2c%20a%20pair%20of%20rambunctious%20siblings%20called%20Fee%20and%20Foo%2c%20seek%20adventure%20and%20mischief%20in%20the%20magical%20forest%20that%20they%20call%20home.&amp;eng_name=%20&amp;episode=%20&amp;fanart=https%3a%2f%2fimage.tmdb.org%2ft%2fp%2foriginal%2f%2f9os24XFJf1LRpYvfIVMaEJFGiEQ.jpg&amp;fav_status=false&amp;heb_name=Harvey%20Beaks&amp;iconimage=https%3a%2f%2fimage.tmdb.org%2ft%2fp%2foriginal%2f%2f8ZyogSmk6UFKz6Cz3VOo93QRuB4.jpg&amp;id=62487&amp;image_master&amp;isr=0&amp;last_id&amp;mode=19&amp;name=%5bCOLOR%20white%5d%d7%a2%d7%95%d7%a0%d7%94%202%5b%2fCOLOR%5d&amp;original_title=Harvey%20Beaks&amp;season=2&amp;show_original_year=2015&amp;tmdbid=293115&amp;url=https%3a%2f%2fapi.themoviedb.org%2f3%2ftv%2f62487%3fapi_key%3d34142515d9d23817496eeb4ff1d223d0%26language%3den%26append_to_response%3dexternal_ids&amp;video_data=%7b%22rating%22%3a%20%220%22%2c%20%22episode%22%3a%200%2c%20%22title%22%3a%20%22%5bCOLOR%20white%5d%5cu05e2%5cu05d5%5cu05e0%5cu05d4%202%5b%2fCOLOR%5d%22%2c%20%22season%22%3a%200%2c%20%22TVshowtitle%22%3a%20%22%22%2c%20%22mediatype%22%3a%20%22movie%22%2c%20%22plot%22%3a%20%22%5bCOLOR%20aqua%5d%20%5cu05e9%5cu05d5%5cu05d3%5cu05e8%20%5cu05d1%5cu05ea%5cu05d0%5cu05e8%5cu05d9%5cu05da%2013-06-2016%5b%2fCOLOR%5d%5cnA%20mild-mannered%20young%20bird%20and%20his%20best%20friends%2c%20a%20pair%20of%20rambunctious%20siblings%20called%20Fee%20and%20Foo%2c%20seek%20adventure%20and%20mischief%20in%20the%20magical%20forest%20that%20they%20call%20home.%22%2c%20%22OriginalTitle%22%3a%20%22Harvey%20Beaks%22%2c%20%22Tag%22%3a%20%2216%22%2c%20%22year%22%3a%20%222016%22%7d&quot"/>
</include>

<include content="firstsession">
<param name="firstsissonid" value="527"/>
<param name="tvshowlabelname" value="גיבורי התנך הגדולים"/>
<param name="seesiononenumber" value="-1-"/>
<param name="firstsissonidcontent" value="plugin://plugin.video.sdarot.tv/season/1083/1/%D7%92%D7%99%D7%91%D7%95%D7%A8%D7%99+%D7%94%D7%AA%D7%A0%22%D7%9A+%D7%94%D7%92%D7%93%D7%95%D7%9C%D7%99%D7%9D+%2A%D7%9E%D7%93%D7%95%D7%91%D7%91%2A/Greatest+Heroes+And+Legends+Of+The+Bible&quot"/>
</include>

<include content="firstsession">
<param name="firstsissonid" value="528"/>
<param name="tvshowlabelname" value="דנוור הדינוזאור האחרון"/>
<param name="firstsissonidcontent" value="plugin://plugin.video.sdarot.tv/season/5639/1/%D7%93%D7%A0%D7%95%D7%95%D7%A8+%D7%94%D7%93%D7%99%D7%A0%D7%95%D7%96%D7%90%D7%95%D7%A8+%D7%94%D7%90%D7%97%D7%A8%D7%95%D7%9F+2020+%2A%D7%9E%D7%93%D7%95%D7%91%D7%91%2A/Denver+the+Last+Dinosaur&quot"/>
</include>


<include content="firstsession">
<param name="firstsissonid" value="529"/>
<param name="tvshowlabelname" value="בנות הארווי לנצח"/>
<param name="firstsissonidcontent" value="plugin://plugin.video.mando/?all_w=%7b%7d&amp;data=2018&amp;dates=%20&amp;description=%5bCOLOR%20aqua%5d%20%d7%a9%d7%95%d7%93%d7%a8%20%d7%91%d7%aa%d7%90%d7%a8%d7%99%d7%9a%2029-06-2018%5b%2fCOLOR%5d%0aKids%20rule%20in%20a%20place%20called%20Harvey%20Street%2c%20where%20a%20trio%20of%20girls%20right%20wrongs%2c%20ice%20cream%20is%20always%20an%20option%2c%20and%20every%20day%20feels%20like%20Saturday.&amp;eng_name=%20&amp;episode=%20&amp;fanart=https%3a%2f%2fimage.tmdb.org%2ft%2fp%2foriginal%2f%2fenpkMEpI4U5yAbcxLoPGbua6eQo.jpg&amp;fav_status=false&amp;heb_name=%d7%91%d7%a0%d7%95%d7%aa%20%d7%94%d7%90%d7%a8%d7%95%d7%95%d7%99%20%d7%9c%d7%a0%d7%a6%d7%97!&amp;iconimage=https%3a%2f%2fimage.tmdb.org%2ft%2fp%2foriginal%2f%2foQ6fpaT7SarPmJDjOVi1cyR69UN.jpg&amp;id=80592&amp;image_master&amp;isr=0&amp;last_id&amp;mode=19&amp;name=%5bCOLOR%20white%5d%d7%a2%d7%95%d7%a0%d7%94%201%5b%2fCOLOR%5d&amp;original_title=Harvey%20Street%20Kids&amp;season=1&amp;show_original_year=2018&amp;tmdbid=None&amp;url=https%3a%2f%2fapi.themoviedb.org%2f3%2ftv%2f80592%3fapi_key%3d34142515d9d23817496eeb4ff1d223d0%26language%3den%26append_to_response%3dexternal_ids&amp;video_data=%7b%22rating%22%3a%20%220%22%2c%20%22episode%22%3a%200%2c%20%22title%22%3a%20%22%5bCOLOR%20white%5d%5cu05e2%5cu05d5%5cu05e0%5cu05d4%201%5b%2fCOLOR%5d%22%2c%20%22season%22%3a%200%2c%20%22TVshowtitle%22%3a%20%22%22%2c%20%22mediatype%22%3a%20%22movie%22%2c%20%22plot%22%3a%20%22%5bCOLOR%20aqua%5d%20%5cu05e9%5cu05d5%5cu05d3%5cu05e8%20%5cu05d1%5cu05ea%5cu05d0%5cu05e8%5cu05d9%5cu05da%2029-06-2018%5b%2fCOLOR%5d%5cnKids%20rule%20in%20a%20place%20called%20Harvey%20Street%2c%20where%20a%20trio%20of%20girls%20right%20wrongs%2c%20ice%20cream%20is%20always%20an%20option%2c%20and%20every%20day%20feels%20like%20Saturday.%22%2c%20%22OriginalTitle%22%3a%20%22Harvey%20Street%20Kids%22%2c%20%22Tag%22%3a%20%2216%22%2c%20%22year%22%3a%20%222018%22%7d&quot"/>
</include>
<include content="tvshowseesiontwo">
<param name="seesiontwoid" value="530"/>
<param name="tvshowlabelname" value="בנות הארווי לנצח"/>
<param name="seesiontwoidcontent" value="plugin://plugin.video.mando/?all_w=%7b%7d&amp;data=2019&amp;dates=%20&amp;description=%5bCOLOR%20aqua%5d%20%d7%a9%d7%95%d7%93%d7%a8%20%d7%91%d7%aa%d7%90%d7%a8%d7%99%d7%9a%2010-05-2019%5b%2fCOLOR%5d%0aKids%20rule%20in%20a%20place%20called%20Harvey%20Street%2c%20where%20a%20trio%20of%20girls%20right%20wrongs%2c%20ice%20cream%20is%20always%20an%20option%2c%20and%20every%20day%20feels%20like%20Saturday.&amp;eng_name=%20&amp;episode=%20&amp;fanart=https%3a%2f%2fimage.tmdb.org%2ft%2fp%2foriginal%2f%2fenpkMEpI4U5yAbcxLoPGbua6eQo.jpg&amp;fav_status=false&amp;heb_name=%d7%91%d7%a0%d7%95%d7%aa%20%d7%94%d7%90%d7%a8%d7%95%d7%95%d7%99%20%d7%9c%d7%a0%d7%a6%d7%97!&amp;iconimage=https%3a%2f%2fimage.tmdb.org%2ft%2fp%2foriginal%2f%2foQ6fpaT7SarPmJDjOVi1cyR69UN.jpg&amp;id=80592&amp;image_master&amp;isr=0&amp;last_id&amp;mode=19&amp;name=%5bCOLOR%20white%5d%d7%a2%d7%95%d7%a0%d7%94%202%5b%2fCOLOR%5d&amp;original_title=Harvey%20Street%20Kids&amp;season=2&amp;show_original_year=2018&amp;tmdbid=None&amp;url=https%3a%2f%2fapi.themoviedb.org%2f3%2ftv%2f80592%3fapi_key%3d34142515d9d23817496eeb4ff1d223d0%26language%3den%26append_to_response%3dexternal_ids&amp;video_data=%7b%22rating%22%3a%20%220%22%2c%20%22episode%22%3a%200%2c%20%22title%22%3a%20%22%5bCOLOR%20white%5d%5cu05e2%5cu05d5%5cu05e0%5cu05d4%202%5b%2fCOLOR%5d%22%2c%20%22season%22%3a%200%2c%20%22TVshowtitle%22%3a%20%22%22%2c%20%22mediatype%22%3a%20%22movie%22%2c%20%22plot%22%3a%20%22%5bCOLOR%20aqua%5d%20%5cu05e9%5cu05d5%5cu05d3%5cu05e8%20%5cu05d1%5cu05ea%5cu05d0%5cu05e8%5cu05d9%5cu05da%2010-05-2019%5b%2fCOLOR%5d%5cnKids%20rule%20in%20a%20place%20called%20Harvey%20Street%2c%20where%20a%20trio%20of%20girls%20right%20wrongs%2c%20ice%20cream%20is%20always%20an%20option%2c%20and%20every%20day%20feels%20like%20Saturday.%22%2c%20%22OriginalTitle%22%3a%20%22Harvey%20Street%20Kids%22%2c%20%22Tag%22%3a%20%2216%22%2c%20%22year%22%3a%20%222019%22%7d&quot"/>
</include>
<include content="tvshowseesionthree">
<param name="seesionthreeid" value="531"/>
<param name="tvshowlabelname" value="בנות הארווי לנצח"/>
<param name="seesionthreeidcontent" value="plugin://plugin.video.mando/?all_w=%7b%7d&amp;data=2019&amp;dates=%20&amp;description=%5bCOLOR%20aqua%5d%20%d7%a9%d7%95%d7%93%d7%a8%20%d7%91%d7%aa%d7%90%d7%a8%d7%99%d7%9a%2012-11-2019%5b%2fCOLOR%5d%0aKids%20rule%20in%20a%20place%20called%20Harvey%20Street%2c%20where%20a%20trio%20of%20girls%20right%20wrongs%2c%20ice%20cream%20is%20always%20an%20option%2c%20and%20every%20day%20feels%20like%20Saturday.&amp;eng_name=%20&amp;episode=%20&amp;fanart=https%3a%2f%2fimage.tmdb.org%2ft%2fp%2foriginal%2f%2fenpkMEpI4U5yAbcxLoPGbua6eQo.jpg&amp;fav_status=false&amp;heb_name=%d7%91%d7%a0%d7%95%d7%aa%20%d7%94%d7%90%d7%a8%d7%95%d7%95%d7%99%20%d7%9c%d7%a0%d7%a6%d7%97!&amp;iconimage=https%3a%2f%2fimage.tmdb.org%2ft%2fp%2foriginal%2f%2foQ6fpaT7SarPmJDjOVi1cyR69UN.jpg&amp;id=80592&amp;image_master&amp;isr=0&amp;last_id&amp;mode=19&amp;name=%5bCOLOR%20white%5d%d7%a2%d7%95%d7%a0%d7%94%203%5b%2fCOLOR%5d&amp;original_title=Harvey%20Street%20Kids&amp;season=3&amp;show_original_year=2018&amp;tmdbid=None&amp;url=https%3a%2f%2fapi.themoviedb.org%2f3%2ftv%2f80592%3fapi_key%3d34142515d9d23817496eeb4ff1d223d0%26language%3den%26append_to_response%3dexternal_ids&amp;video_data=%7b%22rating%22%3a%20%220%22%2c%20%22episode%22%3a%200%2c%20%22title%22%3a%20%22%5bCOLOR%20white%5d%5cu05e2%5cu05d5%5cu05e0%5cu05d4%203%5b%2fCOLOR%5d%22%2c%20%22season%22%3a%200%2c%20%22TVshowtitle%22%3a%20%22%22%2c%20%22mediatype%22%3a%20%22movie%22%2c%20%22plot%22%3a%20%22%5bCOLOR%20aqua%5d%20%5cu05e9%5cu05d5%5cu05d3%5cu05e8%20%5cu05d1%5cu05ea%5cu05d0%5cu05e8%5cu05d9%5cu05da%2012-11-2019%5b%2fCOLOR%5d%5cnKids%20rule%20in%20a%20place%20called%20Harvey%20Street%2c%20where%20a%20trio%20of%20girls%20right%20wrongs%2c%20ice%20cream%20is%20always%20an%20option%2c%20and%20every%20day%20feels%20like%20Saturday.%22%2c%20%22OriginalTitle%22%3a%20%22Harvey%20Street%20Kids%22%2c%20%22Tag%22%3a%20%2216%22%2c%20%22year%22%3a%20%222019%22%7d&quot"/>
</include>
<include content="tvshowseesionfour">
<param name="seesionfourid" value="531"/>
<param name="tvshowlabelname" value="בנות הארווי לנצח"/>
<param name="seesionfouridcontent" value="plugin://plugin.video.mando/?all_w=%7b%7d&amp;data=2020&amp;dates=%20&amp;description=%5bCOLOR%20aqua%5d%20%d7%a9%d7%95%d7%93%d7%a8%20%d7%91%d7%aa%d7%90%d7%a8%d7%99%d7%9a%2010-01-2020%5b%2fCOLOR%5d%0aKids%20rule%20in%20a%20place%20called%20Harvey%20Street%2c%20where%20a%20trio%20of%20girls%20right%20wrongs%2c%20ice%20cream%20is%20always%20an%20option%2c%20and%20every%20day%20feels%20like%20Saturday.&amp;eng_name=%20&amp;episode=%20&amp;fanart=https%3a%2f%2fimage.tmdb.org%2ft%2fp%2foriginal%2f%2fenpkMEpI4U5yAbcxLoPGbua6eQo.jpg&amp;fav_status=false&amp;heb_name=%d7%91%d7%a0%d7%95%d7%aa%20%d7%94%d7%90%d7%a8%d7%95%d7%95%d7%99%20%d7%9c%d7%a0%d7%a6%d7%97!&amp;iconimage=https%3a%2f%2fimage.tmdb.org%2ft%2fp%2foriginal%2f%2fg7Ac1wJawSiPMI1FjSNSc4QS8J1.jpg&amp;id=80592&amp;image_master&amp;isr=0&amp;last_id&amp;mode=19&amp;name=%5bCOLOR%20white%5d%d7%a2%d7%95%d7%a0%d7%94%204%5b%2fCOLOR%5d&amp;original_title=Harvey%20Street%20Kids&amp;season=4&amp;show_original_year=2018&amp;tmdbid=None&amp;url=https%3a%2f%2fapi.themoviedb.org%2f3%2ftv%2f80592%3fapi_key%3d34142515d9d23817496eeb4ff1d223d0%26language%3den%26append_to_response%3dexternal_ids&amp;video_data=%7b%22rating%22%3a%20%220%22%2c%20%22episode%22%3a%200%2c%20%22title%22%3a%20%22%5bCOLOR%20white%5d%5cu05e2%5cu05d5%5cu05e0%5cu05d4%204%5b%2fCOLOR%5d%22%2c%20%22season%22%3a%200%2c%20%22TVshowtitle%22%3a%20%22%22%2c%20%22mediatype%22%3a%20%22movie%22%2c%20%22plot%22%3a%20%22%5bCOLOR%20aqua%5d%20%5cu05e9%5cu05d5%5cu05d3%5cu05e8%20%5cu05d1%5cu05ea%5cu05d0%5cu05e8%5cu05d9%5cu05da%2010-01-2020%5b%2fCOLOR%5d%5cnKids%20rule%20in%20a%20place%20called%20Harvey%20Street%2c%20where%20a%20trio%20of%20girls%20right%20wrongs%2c%20ice%20cream%20is%20always%20an%20option%2c%20and%20every%20day%20feels%20like%20Saturday.%22%2c%20%22OriginalTitle%22%3a%20%22Harvey%20Street%20Kids%22%2c%20%22Tag%22%3a%20%2216%22%2c%20%22year%22%3a%20%222020%22%7d&quot"/>
</include>

<include content="firstsession">
<param name="firstsissonid" value="532"/>
<param name="tvshowlabelname" value="סיפורימפו"/>
<param name="firstsissonidcontent" value="plugin://plugin.video.sdarot.tv/season/5811/1/%D7%A1%D7%99%D7%A4%D7%95%D7%A8%D7%99%D7%9E%D7%A4%D7%95+%2A%D7%9E%D7%93%D7%95%D7%91%D7%91%2A/siporimpo&quot"/>
</include>

<include content="firstsession">
<param name="firstsissonid" value="533"/>
<param name="tvshowlabelname" value="עיר המספרים"/>
<param name="seesiononenumber" value="-1-"/>
<param name="firstsissonidcontent" value="plugin://plugin.video.sdarot.tv/season/5813/1/%D7%A2%D7%99%D7%A8+%D7%94%D7%9E%D7%A1%D7%A4%D7%A8%D7%99%D7%9D+%2A%D7%9E%D7%93%D7%95%D7%91%D7%91%2A/yir+hamsprim&quot"/>
</include>

<!--
<include content="firstsession">
<param name="firstsissonid" value="500"/>
<param name="tvshowlabelname" value=""/>
<param name="firstsissonidcontent" value=""/>
</include>
<include content="tvshowseesiontwo">
<param name="seesiontwoid" value="501"/>
<param name="tvshowlabelname" value=""/>
<param name="seesiontwoidcontent" value=""/>
</include>
<include content="tvshowseesionthree">
<param name="seesionthreeid" value="502"/>
<param name="tvshowlabelname" value=""/>
<param name="seesionthreeidcontent" value=""/>
</include>
<include content="tvshowseesionfour">
<param name="seesionfourid" value="503"/>
<param name="tvshowlabelname" value=""/>
<param name="seesionfouridcontent" value=""/>
</include>
<include content="tvshowseesionfive">
<param name="seesionfiveid" value="504"/>
<param name="tvshowlabelname" value=""/>
<param name="seesionfiveidcontent" value=""/>
</include>
<include content="tvshowseesionsix">
<param name="seesionsixid" value="505"/>
<param name="tvshowlabelname" value=""/>
<param name="seesionsixidcontent" value=""/>
</include>
<include content="tvshowseesionseven">
<param name="seesionsevenid" value="505"/>
<param name="tvshowlabelname" value=""/>
<param name="seesionsevenidcontent" value=""/>
</include>

-->
</control>

</controls>
</window>
