<?xml version="1.0" encoding="UTF-8"?>
<!-- Foundation -->
<window id="6707" type="dialog">
<defaultcontrol always="true">5849</defaultcontrol>

<controls>


<control type="image">
<posx>0</posx>
<posy>0</posy>
<width>1920</width>
<height>1080</height>
<texture>special://skin/extras/specialbuttons/background.jpg</texture>
</control>

			<control type="group">
			<visible>Player.HasVideo</visible>
			<posx>625</posx>
			<posy>0</posy>
			<width>500</width>
			<height>400</height>
			<control type="videowindow">
			<width>650</width>
			<height>400</height>
			</control>
			</control>

<control type="group">
<animation effect="fade" time="450">VisibleChange</animation>
<include content="newmusicpower">
<param name="newradioid" value="1856"/>
<param name="radioitemnumber" value="1"/>
<param name="newradiocontent" value="plugin://plugin.audio.My.Music/?cat_level=%20&amp;count=0&amp;description=%20Music%20in%20categories%2024-7%20&amp;fanart=https%3a%2f%2fi.ytimg.com%2fvi%2fW7c9SfSdXRA%2fmaxresdefault.jpg&amp;iconimage=https%3a%2f%2fpbs.twimg.com%2fprofile_images%2f974265887384657921%2futXy1ElP_400x400.jpg&amp;index_depth=0&amp;lang=eng&amp;mode=5&amp;name=radiomizrahi&amp;page&amp;selected_list=%20&amp;url=radiomizrahi&quot"/>
</include>

<include content="newmusicpower">
<param name="newradioid" value="1857"/>
<param name="radioitemnumber" value="2"/>
<param name="newradiocontent" value="plugin://plugin.audio.My.Music/?cat_level=%20&amp;count=0&amp;description=%20Music%20in%20categories%2024-7%20&amp;fanart=https%3a%2f%2fi.ytimg.com%2fvi%2fW7c9SfSdXRA%2fmaxresdefault.jpg&amp;iconimage=https%3a%2f%2fpbs.twimg.com%2fprofile_images%2f974265887384657921%2futXy1ElP_400x400.jpg&amp;index_depth=0&amp;lang=eng&amp;mode=5&amp;name=My%20Music&amp;page&amp;selected_list=%20&amp;url=My%20Music&quot"/>
</include>

<include content="newmusicpower">
<param name="newradioid" value="1858"/>
<param name="radioitemnumber" value="3"/>
<param name="newradiocontent" value="plugin://plugin.audio.My.Music/?cat_level=%20&amp;count=0&amp;description=%20Music%20in%20categories%2024-7%20&amp;fanart=https%3a%2f%2fi.ytimg.com%2fvi%2fW7c9SfSdXRA%2fmaxresdefault.jpg&amp;iconimage=https%3a%2f%2fpbs.twimg.com%2fprofile_images%2f974265887384657921%2futXy1ElP_400x400.jpg&amp;index_depth=0&amp;lang=eng&amp;mode=5&amp;name=newmusic&amp;page&amp;selected_list=%20&amp;url=newmusic&quot"/>
</include>

<include content="newmusicpower">
<param name="newradioid" value="1859"/>
<param name="radioitemnumber" value="4"/>
<param name="newradiocontent" value="plugin://plugin.audio.My.Music/?cat_level=%20&amp;count=0&amp;description=%20Music%20in%20categories%2024-7%20&amp;fanart=https%3a%2f%2fi.ytimg.com%2fvi%2fW7c9SfSdXRA%2fmaxresdefault.jpg&amp;iconimage=https%3a%2f%2fpbs.twimg.com%2fprofile_images%2f974265887384657921%2futXy1ElP_400x400.jpg&amp;index_depth=0&amp;lang=eng&amp;mode=5&amp;name=generalradio&amp;page&amp;selected_list=%20&amp;url=generalradio&quot"/>
</include>
<include>radiomainmennu</include>
<include>livetvmusic</include>
<include>secondlivetvmusic</include>
</control>

</controls>
</window>
