<?xml version="1.0" encoding="UTF-8"?>
<!-- Foundation -->
<window id="6803" type="dialog">
    <defaultcontrol always="true">5849</defaultcontrol>


<controls>

<include content="basecontentidanplus">
<param name="idanplusextraid" value="5849"/>
<param name="idanextracontent" value="plugin://plugin.audio.My.Music/?cat_level=%20&amp;count=0&amp;description=%20Music%20in%20categories%2024-7%20&amp;fanart=https%3a%2f%2fi.ytimg.com%2fvi%2fW7c9SfSdXRA%2fmaxresdefault.jpg&amp;iconimage=https%3a%2f%2fpbs.twimg.com%2fprofile_images%2f974265887384657921%2futXy1ElP_400x400.jpg&amp;index_depth=0&amp;lang=eng&amp;mode=5&amp;name=%d7%9b%d7%90%d7%9f%2011&amp;page&amp;selected_list=%20&amp;url=%d7%a2%d7%99%d7%93%d7%9f%20%d7%a4%d7%9c%d7%95%d7%a1%d7%9b%d7%90%d7%9f%2011&quot"/>
</include>

<!-->רשת<-->

<include content="idanplusextrasepisod">
<param name="idanlabelname" value="שבעה עולמות כוכב אחד"/>
<param name="idanepisodextrasid" value="500"/>
<param name="idanepisodcontent" value="plugin://plugin.video.mando/?all_w=%7b%7d&amp;data=2019&amp;dates=%20&amp;description=%5bCOLOR%20aqua%5d%20%d7%a9%d7%95%d7%93%d7%a8%20%d7%91%d7%aa%d7%90%d7%a8%d7%99%d7%9a%2027-10-2019%5b%2fCOLOR%5d%0aMillions%20of%20years%20ago%2c%20incredible%20forces%20ripped%20apart%20the%20Earth%e2%80%99s%20crust%20creating%20seven%20extraordinary%20continents.%20This%20documentary%20series%20reveals%20how%20each%20distinct%20continent%20has%20shaped%20the%20unique%20animal%20life%20found%20there.&amp;eng_name=%20&amp;episode=%20&amp;fanart=https%3a%2f%2fimage.tmdb.org%2ft%2fp%2foriginal%2f%2f5SeRUwZTHuiOnLfcxXqfew1P0Ug.jpg&amp;fav_status=false&amp;heb_name=%d7%a9%d7%91%d7%a2%d7%94%20%d7%a2%d7%95%d7%9c%d7%9e%d7%95%d7%aa%2c%20%d7%9b%d7%95%d7%9b%d7%91%20%d7%90%d7%97%d7%93&amp;iconimage=https%3a%2f%2fimage.tmdb.org%2ft%2fp%2foriginal%2f%2fkzKNMIlqyznC1jjht8mI2oEtDcp.jpg&amp;id=90790&amp;image_master&amp;isr=0&amp;last_id&amp;mode=19&amp;name=%5bCOLOR%20white%5d%d7%a2%d7%95%d7%a0%d7%94%201%5b%2fCOLOR%5d&amp;original_title=Seven%20Worlds%2c%20One%20Planet&amp;season=1&amp;show_original_year=2019&amp;tmdbid=359251&amp;url=https%3a%2f%2fapi.themoviedb.org%2f3%2ftv%2f90790%3fapi_key%3d34142515d9d23817496eeb4ff1d223d0%26language%3den%26append_to_response%3dexternal_ids&amp;video_data=%7b%22rating%22%3a%20%220%22%2c%20%22episode%22%3a%200%2c%20%22title%22%3a%20%22%5bCOLOR%20white%5d%5cu05e2%5cu05d5%5cu05e0%5cu05d4%201%5b%2fCOLOR%5d%22%2c%20%22season%22%3a%200%2c%20%22TVshowtitle%22%3a%20%22%22%2c%20%22mediatype%22%3a%20%22movie%22%2c%20%22plot%22%3a%20%22%5bCOLOR%20aqua%5d%20%5cu05e9%5cu05d5%5cu05d3%5cu05e8%20%5cu05d1%5cu05ea%5cu05d0%5cu05e8%5cu05d9%5cu05da%2027-10-2019%5b%2fCOLOR%5d%5cnMillions%20of%20years%20ago%2c%20incredible%20forces%20ripped%20apart%20the%20Earth%5cu2019s%20crust%20creating%20seven%20extraordinary%20continents.%20This%20documentary%20series%20reveals%20how%20each%20distinct%20continent%20has%20shaped%20the%20unique%20animal%20life%20found%20there.%22%2c%20%22OriginalTitle%22%3a%20%22Seven%20Worlds%2c%20One%20Planet%22%2c%20%22Tag%22%3a%20%2216%22%2c%20%22year%22%3a%20%222019%22%7d&quot"/>
</include>

<include content="idanplusextrasepisod">
<param name="idanlabelname" value="מתחילים מאפס"/>
<param name="idanepisodextrasid" value="501"/>
<param name="idanepisodcontent" value="plugin://plugin.video.idanplus/?iconimage=https%253A%252F%252Fkanweb.blob.core.windows.net%252Fdownload%252Fpictures%252F2020%252F7%252F22%252Fimgid%253D36866_A.jpeg&amp;mode=2&amp;module=kan&amp;moredata&amp;name=%20%5bCOLOR%20orange%5d%5bB%5d%d7%9e%d7%aa%d7%97%d7%99%d7%9c%d7%99%d7%9d%20%d7%9e%d7%90%d7%a4%d7%a1%5b%2fB%5d%5b%2fCOLOR%5d%20-%20%5bCOLOR%20yellow%5d%d7%9b%d7%90%d7%9f%2011%5b%2fCOLOR%5d%20&amp;url=1616&quot"/>
</include>

<include content="idanplusextrasepisod">
<param name="idanlabelname" value="היהודים באים"/>
<param name="idanepisodextrasid" value="502"/>
<param name="idanepisodcontent" value="plugin://plugin.video.idanplus/?iconimage=https%253A%252F%252Fkanweb.blob.core.windows.net%252Fdownload%252Fpictures%252F2020%252F5%252F7%252Fimgid%253D33071_A.jpeg&amp;mode=2&amp;module=kan&amp;moredata&amp;name=%20%5bCOLOR%20orange%5d%5bB%5d%d7%94%d7%99%d7%94%d7%95%d7%93%d7%99%d7%9d%20%d7%91%d7%90%d7%99%d7%9d%5b%2fB%5d%5b%2fCOLOR%5d%20-%20%5bCOLOR%20yellow%5d%d7%9b%d7%90%d7%9f%2011%5b%2fCOLOR%5d%20&amp;url=47&quot"/>
</include>

<include content="idanplusextrasepisod">
<param name="idanlabelname" value="ארוחת ארבע"/>
<param name="idanepisodextrasid" value="503"/>
<param name="idanepisodcontent" value="plugin://plugin.video.idanplus/?iconimage=https%253A%252F%252Fkanweb.blob.core.windows.net%252Fdownload%252Fpictures%252F2020%252F4%252F10%252Fimgid%253D31750_A.jpeg&amp;mode=2&amp;module=kan&amp;moredata&amp;name=%20%5bCOLOR%20orange%5d%5bB%5d%d7%90%d7%a8%d7%95%d7%97%d7%aa%20%d7%90%d7%a8%d7%91%d7%a2%5b%2fB%5d%5b%2fCOLOR%5d%20-%20%5bCOLOR%20yellow%5d%d7%9b%d7%90%d7%9f%2011%5b%2fCOLOR%5d%20&amp;url=1604&quot"/>
</include>

<include content="idanplusextrasepisod">
<param name="idanlabelname" value="האזרח גואטה"/>
<param name="idanepisodextrasid" value="504"/>
<param name="idanepisodcontent" value="plugin://plugin.video.idanplus/?iconimage=https%253A%252F%252Fkanweb.blob.core.windows.net%252Fdownload%252Fpictures%252F2019%252F5%252F14%252Fimgid%253D12544_A.jpeg&amp;mode=2&amp;module=kan&amp;moredata&amp;name=%20%5bCOLOR%20orange%5d%5bB%5d%d7%94%d7%90%d7%96%d7%a8%d7%97%20%d7%92%d7%95%d7%90%d7%98%d7%94%5b%2fB%5d%5b%2fCOLOR%5d%20-%20%5bCOLOR%20yellow%5d%d7%9b%d7%90%d7%9f%2011%5b%2fCOLOR%5d%20&amp;url=1462&quot"/>
</include>

<include content="idanplusextrasepisod">
<param name="idanlabelname" value="זהו זה"/>
<param name="idanepisodextrasid" value="505"/>
<param name="idanepisodcontent" value="plugin://plugin.video.idanplus/?iconimage=https%253A%252F%252Fkanweb.blob.core.windows.net%252Fdownload%252Fpictures%252F2020%252F3%252F26%252Fimgid%253D30844_A.jpeg&amp;mode=2&amp;module=kan&amp;moredata&amp;name=%20%5bCOLOR%20orange%5d%5bB%5d%d7%96%d7%94%d7%95%20%d7%96%d7%94%202020%5b%2fB%5d%5b%2fCOLOR%5d%20-%20%5bCOLOR%20yellow%5d%d7%9b%d7%90%d7%9f%2011%5b%2fCOLOR%5d%20&amp;url=1595&quot"/>
</include>

<include content="idanplusextrasepisod">
<param name="idanlabelname" value="מנאייכ"/>
<param name="idanepisodextrasid" value="506"/>
<param name="idanepisodcontent" value="plugin://plugin.video.idanplus/?iconimage=https%253A%252F%252Fkanweb.blob.core.windows.net%252Fdownload%252Fpictures%252F2020%252F7%252F21%252Fimgid%253D36796_A.jpeg&amp;mode=2&amp;module=kan&amp;moredata&amp;name=%20%5bCOLOR%20orange%5d%5bB%5d%d7%9e%d7%a0%d7%90%d7%99%d7%99%d7%9b%5b%2fB%5d%5b%2fCOLOR%5d%20-%20%5bCOLOR%20yellow%5d%d7%9b%d7%90%d7%9f%2011%5b%2fCOLOR%5d%20&amp;url=1636&quot"/>
</include>

<include content="idanplusextrasepisod">
<param name="idanlabelname" value="אנחנו על המפית"/>
<param name="idanepisodextrasid" value="507"/>
<param name="idanepisodcontent" value="plugin://plugin.video.idanplus/?iconimage=https%253A%252F%252Fkanweb.blob.core.windows.net%252Fdownload%252Fpictures%252F2020%252F8%252F25%252Fimgid%253D37834_A.jpeg&amp;mode=2&amp;module=kan&amp;moredata&amp;name=%20%5bCOLOR%20orange%5d%5bB%5d%d7%90%d7%a0%d7%97%d7%a0%d7%95%20%d7%a2%d7%9c%20%d7%94%d7%9e%d7%a4%d7%99%d7%aa%5b%2fB%5d%5b%2fCOLOR%5d%20-%20%5bCOLOR%20yellow%5d%d7%9b%d7%90%d7%9f%2011%5b%2fCOLOR%5d%20&amp;url=1274&quot"/>
</include>

<include content="idanplusextrasepisod">
<param name="idanlabelname" value="רבנו"/>
<param name="idanepisodextrasid" value="508"/>
<param name="idanepisodcontent" value="plugin://plugin.video.idanplus/?iconimage=https%253A%252F%252Fkanweb.blob.core.windows.net%252Fdownload%252Fpictures%252F2020%252F8%252F23%252Fimgid%253D37742_A.jpeg&amp;mode=2&amp;module=kan&amp;moredata&amp;name=%20%5bCOLOR%20orange%5d%5bB%5d%d7%a8%d7%91%d7%a0%d7%95%5b%2fB%5d%5b%2fCOLOR%5d%20-%20%5bCOLOR%20yellow%5d%d7%9b%d7%90%d7%9f%2011%5b%2fCOLOR%5d%20&amp;url=1653&quot"/>
</include>

<include content="idanplusextrasepisod">
<param name="idanlabelname" value="שבס"/>
<param name="idanepisodextrasid" value="509"/>
<param name="idanepisodcontent" value="plugin://plugin.video.idanplus/?iconimage=https%253A%252F%252Fkanweb.blob.core.windows.net%252Fdownload%252Fpictures%252F2020%252F8%252F23%252Fimgid%253D37746_A.jpeg&amp;mode=2&amp;module=kan&amp;moredata&amp;name=%20%5bCOLOR%20orange%5d%5bB%5d%d7%a9%d7%91%22%20%d7%a1%5b%2fB%5d%5b%2fCOLOR%5d%20-%20%5bCOLOR%20yellow%5d%d7%9b%d7%90%d7%9f%2011%5b%2fCOLOR%5d%20&amp;url=1489&quot"/>
</include>

<include content="idanplusextrasepisod">
<param name="idanlabelname" value="משנים מקום"/>
<param name="idanepisodextrasid" value="510"/>
<param name="idanepisodcontent" value="plugin://plugin.video.idanplus/?iconimage=https%253A%252F%252Fkanweb.blob.core.windows.net%252Fdownload%252Fpictures%252F2020%252F9%252F8%252Fimgid%253D38692_A.jpeg&amp;mode=2&amp;module=kan&amp;moredata&amp;name=%20%5bCOLOR%20orange%5d%5bB%5d%d7%9e%d7%a9%d7%a0%d7%99%d7%9d%20%d7%9e%d7%a7%d7%95%d7%9d%5b%2fB%5d%5b%2fCOLOR%5d%20-%20%5bCOLOR%20yellow%5d%d7%9b%d7%90%d7%9f%2011%5b%2fCOLOR%5d%20&amp;url=1495&quot"/>
</include>

<include content="idanplusextrasepisod">
<param name="idanlabelname" value="סוכן תרבות"/>
<param name="idanepisodextrasid" value="511"/>
<param name="idanepisodcontent" value="plugin://plugin.video.idanplus/?iconimage=https%253A%252F%252Fkanweb.blob.core.windows.net%252Fdownload%252Fpictures%252F2018%252F12%252F24%252Fimgid%253D1635_A.jpeg&amp;mode=2&amp;module=kan&amp;moredata&amp;name=%20%5bCOLOR%20orange%5d%5bB%5d%d7%a1%d7%95%d7%9b%d7%9f%20%d7%aa%d7%a8%d7%91%d7%95%d7%aa%5b%2fB%5d%5b%2fCOLOR%5d%20-%20%5bCOLOR%20yellow%5d%d7%9b%d7%90%d7%9f%2011%5b%2fCOLOR%5d%20&amp;url=1229&quot"/>
</include>

<!-->

<include content="idanplusextrasepisod">
<param name="idanlabelname" value=""/>
<param name="idanepisodextrasid" value="5"/>
<param name="idanepisodcontent" value=""/>
</include>

<-->

<include>idanplusexitbutton</include>
<include>textlabelsidan</include>

</controls>
</window>
