<?xml version="1.0" encoding="UTF-8"?>
<!-- Foundation -->
<window id="6307" type="dialog">
    <defaultcontrol always="true">1256</defaultcontrol>

<controls>

<control type="image">
<posx>0</posx>
<posy>0</posy>
<width>1920</width>
<height>1080</height>
<texture>special://skin/extras/specialbuttons/background.jpg</texture>
</control>

<control type="image">
<posx>550</posx>
<posy>20</posy>
<width>800</width>
<height>200</height>
<texture>special://skin/extras/circles/designedbyghost.png</texture>
</control>

<include content="basedbuttonstvshow">
<param name="dialogcliseid" value="6307"/>
<param name="opengenrewindow" value="ActivateWindow(10025,&quot;plugin://plugin.video.sdarot.tv/genre/33/0&quot;,return)"/>
</include>


<control type="group">
<posy>100</posy>
<include content="tvshowpowersmainscreen">
<param name="tvshowid" value="1256"/>
<param name="listitemnumber" value="1"/>
<param name="tvshowcontent" value="plugin://plugin.audio.My.Music/?cat_level=%20&amp;count=0&amp;description=%5bB%5d%5bCOLOR%20burlywood%5d%20%d7%a9.%d7%a7%20%5b%2fCOLOR%5d%5b%2fB%5d&amp;fanart=https%3a%2f%2ffunender.com%2fwp-content%2fuploads%2f2017%2f11%2fTop-10-Box-Office-Weekend-Movies-Report-October-27-29-2017.jpg&amp;iconimage=http%3a%2f%2fngarba.xyz%2fadds%2fyos%2fphoto10.jpg&amp;index_depth=0&amp;lang=eng&amp;mode=5&amp;name=tvshow-food&amp;page&amp;selected_list=%20&amp;url=%d7%a1%d7%93%d7%a8%d7%95%d7%aatvshow-newdesigntvshow-food&quot"/>
</include>


<include content="firstsession">
<param name="firstsissonid" value="500"/>
<param name="tvshowlabelname" value="נשנושי לילה מתוקים"/>
<param name="firstsissonidcontent" value="plugin://plugin.video.mando/?all_w=%7b%7d&amp;data=2020&amp;dates=%20&amp;description=%5bCOLOR%20aqua%5d%20%d7%a9%d7%95%d7%93%d7%a8%20%d7%91%d7%aa%d7%90%d7%a8%d7%99%d7%9a%2025-05-2020%5b%2fCOLOR%5d%0aPark%20Jin-sung%2c%20a%20chef%20who%20works%20at%20a%20late-night%20snack%20restaurant%2c%20is%20struggling%20to%20find%20money%20to%20pay%20for%20his%20father%27s%20medical%20bills.%20When%20Kim%20Ah-jin%2c%20a%20television%20assistant%20director%20who%20is%20one%20of%20his%20regular%20clients%2c%20asks%20him%20if%20he%20knows%20a%20gay%20chef%20who%20could%20star%20in%20her%20cooking%20program%2c%20he%20decides%20to%20lie%20about%20his%20sexual%20orientation%20and%20gets%20the%20part.%20Both%20become%20involved%20with%20fashion%20designer%20Kang%20Tae-wan%20who%20seems%20to%20hide%20a%20secret%20of%20his%20own&amp;eng_name=%20&amp;episode=%20&amp;fanart=https%3a%2f%2fimage.tmdb.org%2ft%2fp%2foriginal%2f%2fwehubsHzY9bSWm8XJtHLDJxKeJ.jpg&amp;fav_status=false&amp;heb_name=%ec%95%bc%ec%8b%9d%eb%82%a8%eb%85%80&amp;iconimage=https%3a%2f%2fimage.tmdb.org%2ft%2fp%2foriginal%2f%2fuG3BucXwT06i2srb9T6gleWwjZo.jpg&amp;id=99493&amp;image_master&amp;isr=0&amp;last_id&amp;mode=19&amp;name=%5bCOLOR%20white%5d%d7%a2%d7%95%d7%a0%d7%94%201%5b%2fCOLOR%5d&amp;original_title=Sweet%20Munchies&amp;season=1&amp;show_original_year=2020&amp;tmdbid=380702&amp;url=https%3a%2f%2fapi.themoviedb.org%2f3%2ftv%2f99493%3fapi_key%3d34142515d9d23817496eeb4ff1d223d0%26language%3den%26append_to_response%3dexternal_ids&amp;video_data=%7b%22rating%22%3a%20%220%22%2c%20%22episode%22%3a%200%2c%20%22title%22%3a%20%22%5bCOLOR%20white%5d%5cu05e2%5cu05d5%5cu05e0%5cu05d4%201%5b%2fCOLOR%5d%22%2c%20%22season%22%3a%200%2c%20%22TVshowtitle%22%3a%20%22%22%2c%20%22mediatype%22%3a%20%22movie%22%2c%20%22plot%22%3a%20%22%5bCOLOR%20aqua%5d%20%5cu05e9%5cu05d5%5cu05d3%5cu05e8%20%5cu05d1%5cu05ea%5cu05d0%5cu05e8%5cu05d9%5cu05da%2025-05-2020%5b%2fCOLOR%5d%5cnPark%20Jin-sung%2c%20a%20chef%20who%20works%20at%20a%20late-night%20snack%20restaurant%2c%20is%20struggling%20to%20find%20money%20to%20pay%20for%20his%20father%27s%20medical%20bills.%20When%20Kim%20Ah-jin%2c%20a%20television%20assistant%20director%20who%20is%20one%20of%20his%20regular%20clients%2c%20asks%20him%20if%20he%20knows%20a%20gay%20chef%20who%20could%20star%20in%20her%20cooking%20program%2c%20he%20decides%20to%20lie%20about%20his%20sexual%20orientation%20and%20gets%20the%20part.%20Both%20become%20involved%20with%20fashion%20designer%20Kang%20Tae-wan%20who%20seems%20to%20hide%20a%20secret%20of%20his%20own%22%2c%20%22OriginalTitle%22%3a%20%22Sweet%20Munchies%22%2c%20%22Tag%22%3a%20%2216%22%2c%20%22year%22%3a%20%222020%22%7d&quot"/>
</include>

<include content="firstsession">
<param name="firstsissonid" value="501"/>
<param name="tvshowlabelname" value="גורדון רמזי מבשל הרפתקה"/>
<param name="firstsissonidcontent" value="plugin://plugin.video.mando/?all_w=%7b%7d&amp;data=2019&amp;dates=%20&amp;description=%5bCOLOR%20aqua%5d%20%d7%a9%d7%95%d7%93%d7%a8%20%d7%91%d7%aa%d7%90%d7%a8%d7%99%d7%9a%2021-07-2019%5b%2fCOLOR%5d%0aFollow%20Gordon%20Ramsay%20as%20he%20meets%20with%20indigenous%20people%20around%20the%20globe%20to%20learn%20about%20the%20cultures%2c%20dishes%20and%20flavors%20unique%20to%20each%20location.%20Each%20episode%20concludes%20with%20Ramsay%20challenging%20himself%20with%20a%20local%20food%20legend%20by%20his%20side%20-%20putting%20his%20newfound%20skills%20to%20the%20test%20as%20they%20cook%20a%20feast%20together%20for%20the%20natives.&amp;eng_name=%20&amp;episode=%20&amp;fanart=https%3a%2f%2fimage.tmdb.org%2ft%2fp%2foriginal%2f%2f78jm0DTfEu8EBGo3Lsok3I8Nd1b.jpg&amp;fav_status=false&amp;heb_name=%d7%92%d7%95%d7%a8%d7%93%d7%95%d7%9f%20%d7%a8%d7%9e%d7%96%d7%99%20%d7%9e%d7%91%d7%a9%d7%9c%20%d7%94%d7%a8%d7%a4%d7%aa%d7%a7%d7%94&amp;iconimage=https%3a%2f%2fimage.tmdb.org%2ft%2fp%2foriginal%2f%2fnQX2UKdL8uzQy3vYH7RrK3drWup.jpg&amp;id=91405&amp;image_master&amp;isr=0&amp;last_id&amp;mode=19&amp;name=%5bCOLOR%20white%5d%d7%a2%d7%95%d7%a0%d7%94%201%5b%2fCOLOR%5d&amp;original_title=Gordon%20Ramsay%3a%20Uncharted&amp;season=1&amp;show_original_year=2019&amp;tmdbid=365920&amp;url=https%3a%2f%2fapi.themoviedb.org%2f3%2ftv%2f91405%3fapi_key%3d34142515d9d23817496eeb4ff1d223d0%26language%3den%26append_to_response%3dexternal_ids&amp;video_data=%7b%22rating%22%3a%20%220%22%2c%20%22episode%22%3a%200%2c%20%22title%22%3a%20%22%5bCOLOR%20white%5d%5cu05e2%5cu05d5%5cu05e0%5cu05d4%201%5b%2fCOLOR%5d%22%2c%20%22season%22%3a%200%2c%20%22TVshowtitle%22%3a%20%22%22%2c%20%22mediatype%22%3a%20%22movie%22%2c%20%22plot%22%3a%20%22%5bCOLOR%20aqua%5d%20%5cu05e9%5cu05d5%5cu05d3%5cu05e8%20%5cu05d1%5cu05ea%5cu05d0%5cu05e8%5cu05d9%5cu05da%2021-07-2019%5b%2fCOLOR%5d%5cnFollow%20Gordon%20Ramsay%20as%20he%20meets%20with%20indigenous%20people%20around%20the%20globe%20to%20learn%20about%20the%20cultures%2c%20dishes%20and%20flavors%20unique%20to%20each%20location.%20Each%20episode%20concludes%20with%20Ramsay%20challenging%20himself%20with%20a%20local%20food%20legend%20by%20his%20side%20-%20putting%20his%20newfound%20skills%20to%20the%20test%20as%20they%20cook%20a%20feast%20together%20for%20the%20natives.%22%2c%20%22OriginalTitle%22%3a%20%22Gordon%20Ramsay%3a%20Uncharted%22%2c%20%22Tag%22%3a%20%2216%22%2c%20%22year%22%3a%20%222019%22%7d&quot"/>
</include>
<include content="tvshowseesiontwo">
<param name="seesiontwoid" value="502"/>
<param name="tvshowlabelname" value="גורדון רמזי מבשל הרפתקה"/>
<param name="seesiontwoidcontent" value="plugin://plugin.video.mando/?all_w=%7b%7d&amp;data=2020&amp;dates=%20&amp;description=%5bCOLOR%20aqua%5d%20%d7%a9%d7%95%d7%93%d7%a8%20%d7%91%d7%aa%d7%90%d7%a8%d7%99%d7%9a%2007-06-2020%5b%2fCOLOR%5d%0aFollow%20Gordon%20Ramsay%20as%20he%20meets%20with%20indigenous%20people%20around%20the%20globe%20to%20learn%20about%20the%20cultures%2c%20dishes%20and%20flavors%20unique%20to%20each%20location.%20Each%20episode%20concludes%20with%20Ramsay%20challenging%20himself%20with%20a%20local%20food%20legend%20by%20his%20side%20-%20putting%20his%20newfound%20skills%20to%20the%20test%20as%20they%20cook%20a%20feast%20together%20for%20the%20natives.&amp;eng_name=%20&amp;episode=%20&amp;fanart=https%3a%2f%2fimage.tmdb.org%2ft%2fp%2foriginal%2f%2f78jm0DTfEu8EBGo3Lsok3I8Nd1b.jpg&amp;fav_status=false&amp;heb_name=%d7%92%d7%95%d7%a8%d7%93%d7%95%d7%9f%20%d7%a8%d7%9e%d7%96%d7%99%20%d7%9e%d7%91%d7%a9%d7%9c%20%d7%94%d7%a8%d7%a4%d7%aa%d7%a7%d7%94&amp;iconimage=https%3a%2f%2fimage.tmdb.org%2ft%2fp%2foriginal%2f%2fsqLXBA2nf7REBQqP99tLtPyruvn.jpg&amp;id=91405&amp;image_master&amp;isr=0&amp;last_id&amp;mode=19&amp;name=%5bCOLOR%20white%5d%d7%a2%d7%95%d7%a0%d7%94%202%5b%2fCOLOR%5d&amp;original_title=Gordon%20Ramsay%3a%20Uncharted&amp;season=2&amp;show_original_year=2019&amp;tmdbid=365920&amp;url=https%3a%2f%2fapi.themoviedb.org%2f3%2ftv%2f91405%3fapi_key%3d34142515d9d23817496eeb4ff1d223d0%26language%3den%26append_to_response%3dexternal_ids&amp;video_data=%7b%22rating%22%3a%20%220%22%2c%20%22episode%22%3a%200%2c%20%22title%22%3a%20%22%5bCOLOR%20white%5d%5cu05e2%5cu05d5%5cu05e0%5cu05d4%202%5b%2fCOLOR%5d%22%2c%20%22season%22%3a%200%2c%20%22TVshowtitle%22%3a%20%22%22%2c%20%22mediatype%22%3a%20%22movie%22%2c%20%22plot%22%3a%20%22%5bCOLOR%20aqua%5d%20%5cu05e9%5cu05d5%5cu05d3%5cu05e8%20%5cu05d1%5cu05ea%5cu05d0%5cu05e8%5cu05d9%5cu05da%2007-06-2020%5b%2fCOLOR%5d%5cnFollow%20Gordon%20Ramsay%20as%20he%20meets%20with%20indigenous%20people%20around%20the%20globe%20to%20learn%20about%20the%20cultures%2c%20dishes%20and%20flavors%20unique%20to%20each%20location.%20Each%20episode%20concludes%20with%20Ramsay%20challenging%20himself%20with%20a%20local%20food%20legend%20by%20his%20side%20-%20putting%20his%20newfound%20skills%20to%20the%20test%20as%20they%20cook%20a%20feast%20together%20for%20the%20natives.%22%2c%20%22OriginalTitle%22%3a%20%22Gordon%20Ramsay%3a%20Uncharted%22%2c%20%22Tag%22%3a%20%2216%22%2c%20%22year%22%3a%20%222020%22%7d&quot"/>
</include>

<include content="firstsession">
<param name="firstsissonid" value="503"/>
<param name="tvshowlabelname" value="מכוער וטעים"/>
<param name="firstsissonidcontent" value="plugin://plugin.video.mando/?all_w=%7b%7d&amp;data=2018&amp;dates=%20&amp;description=%5bCOLOR%20aqua%5d%20%d7%a9%d7%95%d7%93%d7%a8%20%d7%91%d7%aa%d7%90%d7%a8%d7%99%d7%9a%2023-02-2018%5b%2fCOLOR%5d%0aStar%20chef%20David%20Chang%20leads%20friends%20on%20a%20mouthwatering%2c%20cross-cultural%20hunt%20for%20the%20world%27s%20most%20satisfying%20grub.%20All%20the%20flavor.%20None%20of%20the%20BS.&amp;eng_name=%20&amp;episode=%20&amp;fanart=https%3a%2f%2fimage.tmdb.org%2ft%2fp%2foriginal%2f%2fm01WDPSfuILqVW5niJ411vKGBgX.jpg&amp;fav_status=false&amp;heb_name=%d7%9e%d7%9b%d7%95%d7%a2%d7%a8%20%d7%95%d7%98%d7%a2%d7%99%d7%9d&amp;iconimage=https%3a%2f%2fimage.tmdb.org%2ft%2fp%2foriginal%2f%2fgjnjLomnOaLSk5q2E5W8KQKTJoq.jpg&amp;id=77416&amp;image_master&amp;isr=0&amp;last_id&amp;mode=19&amp;name=%5bCOLOR%20white%5d%d7%a2%d7%95%d7%a0%d7%94%201%5b%2fCOLOR%5d&amp;original_title=Ugly%20Delicious&amp;season=1&amp;show_original_year=2018&amp;tmdbid=341573&amp;url=https%3a%2f%2fapi.themoviedb.org%2f3%2ftv%2f77416%3fapi_key%3d34142515d9d23817496eeb4ff1d223d0%26language%3den%26append_to_response%3dexternal_ids&amp;video_data=%7b%22rating%22%3a%20%220%22%2c%20%22episode%22%3a%200%2c%20%22title%22%3a%20%22%5bCOLOR%20white%5d%5cu05e2%5cu05d5%5cu05e0%5cu05d4%201%5b%2fCOLOR%5d%22%2c%20%22season%22%3a%200%2c%20%22TVshowtitle%22%3a%20%22%22%2c%20%22mediatype%22%3a%20%22movie%22%2c%20%22plot%22%3a%20%22%5bCOLOR%20aqua%5d%20%5cu05e9%5cu05d5%5cu05d3%5cu05e8%20%5cu05d1%5cu05ea%5cu05d0%5cu05e8%5cu05d9%5cu05da%2023-02-2018%5b%2fCOLOR%5d%5cnStar%20chef%20David%20Chang%20leads%20friends%20on%20a%20mouthwatering%2c%20cross-cultural%20hunt%20for%20the%20world%27s%20most%20satisfying%20grub.%20All%20the%20flavor.%20None%20of%20the%20BS.%22%2c%20%22OriginalTitle%22%3a%20%22Ugly%20Delicious%22%2c%20%22Tag%22%3a%20%2216%22%2c%20%22year%22%3a%20%222018%22%7d&quot"/>
</include>
<include content="tvshowseesiontwo">
<param name="seesiontwoid" value="504"/>
<param name="tvshowlabelname" value="מכוער וטעים"/>
<param name="seesiontwoidcontent" value="plugin://plugin.video.mando/?all_w=%7b%7d&amp;data=2020&amp;dates=%20&amp;description=%5bCOLOR%20aqua%5d%20%d7%a9%d7%95%d7%93%d7%a8%20%d7%91%d7%aa%d7%90%d7%a8%d7%99%d7%9a%2006-03-2020%5b%2fCOLOR%5d%0aStar%20chef%20David%20Chang%20leads%20friends%20on%20a%20mouthwatering%2c%20cross-cultural%20hunt%20for%20the%20world%27s%20most%20satisfying%20grub.%20All%20the%20flavor.%20None%20of%20the%20BS.&amp;eng_name=%20&amp;episode=%20&amp;fanart=https%3a%2f%2fimage.tmdb.org%2ft%2fp%2foriginal%2f%2fm01WDPSfuILqVW5niJ411vKGBgX.jpg&amp;fav_status=false&amp;heb_name=%d7%9e%d7%9b%d7%95%d7%a2%d7%a8%20%d7%95%d7%98%d7%a2%d7%99%d7%9d&amp;iconimage=https%3a%2f%2fimage.tmdb.org%2ft%2fp%2foriginal%2f%2fpGUDBXAh3GNPVkMK0nH0abx1zOd.jpg&amp;id=77416&amp;image_master&amp;isr=0&amp;last_id&amp;mode=19&amp;name=%5bCOLOR%20white%5d%d7%a2%d7%95%d7%a0%d7%94%202%5b%2fCOLOR%5d&amp;original_title=Ugly%20Delicious&amp;season=2&amp;show_original_year=2018&amp;tmdbid=341573&amp;url=https%3a%2f%2fapi.themoviedb.org%2f3%2ftv%2f77416%3fapi_key%3d34142515d9d23817496eeb4ff1d223d0%26language%3den%26append_to_response%3dexternal_ids&amp;video_data=%7b%22rating%22%3a%20%220%22%2c%20%22episode%22%3a%200%2c%20%22title%22%3a%20%22%5bCOLOR%20white%5d%5cu05e2%5cu05d5%5cu05e0%5cu05d4%202%5b%2fCOLOR%5d%22%2c%20%22season%22%3a%200%2c%20%22TVshowtitle%22%3a%20%22%22%2c%20%22mediatype%22%3a%20%22movie%22%2c%20%22plot%22%3a%20%22%5bCOLOR%20aqua%5d%20%5cu05e9%5cu05d5%5cu05d3%5cu05e8%20%5cu05d1%5cu05ea%5cu05d0%5cu05e8%5cu05d9%5cu05da%2006-03-2020%5b%2fCOLOR%5d%5cnStar%20chef%20David%20Chang%20leads%20friends%20on%20a%20mouthwatering%2c%20cross-cultural%20hunt%20for%20the%20world%27s%20most%20satisfying%20grub.%20All%20the%20flavor.%20None%20of%20the%20BS.%22%2c%20%22OriginalTitle%22%3a%20%22Ugly%20Delicious%22%2c%20%22Tag%22%3a%20%2216%22%2c%20%22year%22%3a%20%222020%22%7d&quot"/>
</include>

<include content="firstsession">
<param name="firstsissonid" value="505"/>
<param name="tvshowlabelname" value="ארוחה למיליונרים"/>
<param name="firstsissonidcontent" value="plugin://plugin.video.sdarot.tv/season/4133/1/%D7%90%D7%A8%D7%95%D7%97%D7%94+%D7%9C%D7%9E%D7%99%D7%9C%D7%99%D7%95%D7%A0%D7%A8%D7%99%D7%9D/Million+Pound+Menu&quot"/>
</include>
<include content="tvshowseesiontwo">
<param name="seesiontwoid" value="506"/>
<param name="tvshowlabelname" value="ארוחה למיליונרים"/>
<param name="seesiontwoidcontent" value="plugin://plugin.video.sdarot.tv/season/4133/2/%D7%90%D7%A8%D7%95%D7%97%D7%94+%D7%9C%D7%9E%D7%99%D7%9C%D7%99%D7%95%D7%A0%D7%A8%D7%99%D7%9D/Million+Pound+Menu&quot"/>
</include>

<include content="firstsession">
<param name="firstsissonid" value="507"/>
<param name="tvshowlabelname" value="שעות לגיהנום ובחזרה"/>
<param name="firstsissonidcontent" value="plugin://plugin.video.mando/?all_w=%7b%7d&amp;data=2018&amp;dates=%20&amp;description=%5bCOLOR%20aqua%5d%20%d7%a9%d7%95%d7%93%d7%a8%20%d7%91%d7%aa%d7%90%d7%a8%d7%99%d7%9a%2013-06-2018%5b%2fCOLOR%5d%0aGordon%20Ramsay%20drives%20to%20struggling%20restaurants%20across%20the%20country%20in%20his%20state-of-the-art%20mobile%20kitchen%20and%20command%20center%2c%20Hell%20On%20Wheels%2c%20and%20tries%20to%20bring%20them%20back%20from%20the%20brink%20of%20disaster%20%e2%80%93%20all%20in%20just%2024%20hours.&amp;eng_name=%20&amp;episode=%20&amp;fanart=https%3a%2f%2fimage.tmdb.org%2ft%2fp%2foriginal%2f%2ft92vYgAO8yLslG0s37wgXvHLZAV.jpg&amp;fav_status=false&amp;heb_name=Gordon%20Ramsay%27s%2024%20Hours%20to%20Hell%20and%20Back&amp;iconimage=https%3a%2f%2fimage.tmdb.org%2ft%2fp%2foriginal%2f%2fyWfVAJTWmX2wAvX5oEvyf1u3hly.jpg&amp;id=79679&amp;image_master&amp;isr=0&amp;last_id&amp;mode=19&amp;name=%5bCOLOR%20white%5d%d7%a2%d7%95%d7%a0%d7%94%201%5b%2fCOLOR%5d&amp;original_title=Gordon%20Ramsay%27s%2024%20Hours%20to%20Hell%20and%20Back&amp;season=1&amp;show_original_year=2018&amp;tmdbid=338893&amp;url=https%3a%2f%2fapi.themoviedb.org%2f3%2ftv%2f79679%3fapi_key%3d34142515d9d23817496eeb4ff1d223d0%26language%3den%26append_to_response%3dexternal_ids&amp;video_data=%7b%22rating%22%3a%20%220%22%2c%20%22episode%22%3a%200%2c%20%22title%22%3a%20%22%5bCOLOR%20white%5d%5cu05e2%5cu05d5%5cu05e0%5cu05d4%201%5b%2fCOLOR%5d%22%2c%20%22season%22%3a%200%2c%20%22TVshowtitle%22%3a%20%22%22%2c%20%22mediatype%22%3a%20%22movie%22%2c%20%22plot%22%3a%20%22%5bCOLOR%20aqua%5d%20%5cu05e9%5cu05d5%5cu05d3%5cu05e8%20%5cu05d1%5cu05ea%5cu05d0%5cu05e8%5cu05d9%5cu05da%2013-06-2018%5b%2fCOLOR%5d%5cnGordon%20Ramsay%20drives%20to%20struggling%20restaurants%20across%20the%20country%20in%20his%20state-of-the-art%20mobile%20kitchen%20and%20command%20center%2c%20Hell%20On%20Wheels%2c%20and%20tries%20to%20bring%20them%20back%20from%20the%20brink%20of%20disaster%20%5cu2013%20all%20in%20just%2024%20hours.%22%2c%20%22OriginalTitle%22%3a%20%22Gordon%20Ramsay%27s%2024%20Hours%20to%20Hell%20and%20Back%22%2c%20%22Tag%22%3a%20%2216%22%2c%20%22year%22%3a%20%222018%22%7d&quot"/>
</include>
<include content="tvshowseesiontwo">
<param name="seesiontwoid" value="508"/>
<param name="tvshowlabelname" value="שעות לגיהנום ובחזרה"/>
<param name="seesiontwoidcontent" value="plugin://plugin.video.mando/?all_w=%7b%7d&amp;data=2019&amp;dates=%20&amp;description=%5bCOLOR%20aqua%5d%20%d7%a9%d7%95%d7%93%d7%a8%20%d7%91%d7%aa%d7%90%d7%a8%d7%99%d7%9a%2002-01-2019%5b%2fCOLOR%5d%0aGordon%20Ramsay%20drives%20to%20struggling%20restaurants%20across%20the%20country%20in%20his%20state-of-the-art%20mobile%20kitchen%20and%20command%20center%2c%20Hell%20On%20Wheels%2c%20and%20tries%20to%20bring%20them%20back%20from%20the%20brink%20of%20disaster%20%e2%80%93%20all%20in%20just%2024%20hours.&amp;eng_name=%20&amp;episode=%20&amp;fanart=https%3a%2f%2fimage.tmdb.org%2ft%2fp%2foriginal%2f%2ft92vYgAO8yLslG0s37wgXvHLZAV.jpg&amp;fav_status=false&amp;heb_name=Gordon%20Ramsay%27s%2024%20Hours%20to%20Hell%20and%20Back&amp;iconimage=https%3a%2f%2fimage.tmdb.org%2ft%2fp%2foriginal%2f%2fAuBGcwyCyyfeLjTacTMwSElNaV3.jpg&amp;id=79679&amp;image_master&amp;isr=0&amp;last_id&amp;mode=19&amp;name=%5bCOLOR%20white%5d%d7%a2%d7%95%d7%a0%d7%94%202%5b%2fCOLOR%5d&amp;original_title=Gordon%20Ramsay%27s%2024%20Hours%20to%20Hell%20and%20Back&amp;season=2&amp;show_original_year=2018&amp;tmdbid=338893&amp;url=https%3a%2f%2fapi.themoviedb.org%2f3%2ftv%2f79679%3fapi_key%3d34142515d9d23817496eeb4ff1d223d0%26language%3den%26append_to_response%3dexternal_ids&amp;video_data=%7b%22rating%22%3a%20%220%22%2c%20%22episode%22%3a%200%2c%20%22title%22%3a%20%22%5bCOLOR%20white%5d%5cu05e2%5cu05d5%5cu05e0%5cu05d4%202%5b%2fCOLOR%5d%22%2c%20%22season%22%3a%200%2c%20%22TVshowtitle%22%3a%20%22%22%2c%20%22mediatype%22%3a%20%22movie%22%2c%20%22plot%22%3a%20%22%5bCOLOR%20aqua%5d%20%5cu05e9%5cu05d5%5cu05d3%5cu05e8%20%5cu05d1%5cu05ea%5cu05d0%5cu05e8%5cu05d9%5cu05da%2002-01-2019%5b%2fCOLOR%5d%5cnGordon%20Ramsay%20drives%20to%20struggling%20restaurants%20across%20the%20country%20in%20his%20state-of-the-art%20mobile%20kitchen%20and%20command%20center%2c%20Hell%20On%20Wheels%2c%20and%20tries%20to%20bring%20them%20back%20from%20the%20brink%20of%20disaster%20%5cu2013%20all%20in%20just%2024%20hours.%22%2c%20%22OriginalTitle%22%3a%20%22Gordon%20Ramsay%27s%2024%20Hours%20to%20Hell%20and%20Back%22%2c%20%22Tag%22%3a%20%2216%22%2c%20%22year%22%3a%20%222019%22%7d&quot"/>
</include>
<include content="tvshowseesionthree">
<param name="seesionthreeid" value="509"/>
<param name="tvshowlabelname" value="שעות לגיהנום ובחזרה"/>
<param name="seesionthreeidcontent" value="plugin://plugin.video.mando/?all_w=%7b%7d&amp;data=2020&amp;dates=%20&amp;description=%5bCOLOR%20aqua%5d%20%d7%a9%d7%95%d7%93%d7%a8%20%d7%91%d7%aa%d7%90%d7%a8%d7%99%d7%9a%2007-01-2020%5b%2fCOLOR%5d%0aGordon%20Ramsay%20drives%20to%20struggling%20restaurants%20across%20the%20country%20in%20his%20state-of-the-art%20mobile%20kitchen%20and%20command%20center%2c%20Hell%20On%20Wheels%2c%20and%20tries%20to%20bring%20them%20back%20from%20the%20brink%20of%20disaster%20%e2%80%93%20all%20in%20just%2024%20hours.&amp;eng_name=%20&amp;episode=%20&amp;fanart=https%3a%2f%2fimage.tmdb.org%2ft%2fp%2foriginal%2f%2ft92vYgAO8yLslG0s37wgXvHLZAV.jpg&amp;fav_status=false&amp;heb_name=Gordon%20Ramsay%27s%2024%20Hours%20to%20Hell%20and%20Back&amp;iconimage=https%3a%2f%2fimage.tmdb.org%2ft%2fp%2foriginal%2f%2f7TiwmRjAgnTXZUKIySVxsRltfZD.jpg&amp;id=79679&amp;image_master&amp;isr=0&amp;last_id&amp;mode=19&amp;name=%5bCOLOR%20white%5d%d7%a2%d7%95%d7%a0%d7%94%203%5b%2fCOLOR%5d&amp;original_title=Gordon%20Ramsay%27s%2024%20Hours%20to%20Hell%20and%20Back&amp;season=3&amp;show_original_year=2018&amp;tmdbid=338893&amp;url=https%3a%2f%2fapi.themoviedb.org%2f3%2ftv%2f79679%3fapi_key%3d34142515d9d23817496eeb4ff1d223d0%26language%3den%26append_to_response%3dexternal_ids&amp;video_data=%7b%22rating%22%3a%20%220%22%2c%20%22episode%22%3a%200%2c%20%22title%22%3a%20%22%5bCOLOR%20white%5d%5cu05e2%5cu05d5%5cu05e0%5cu05d4%203%5b%2fCOLOR%5d%22%2c%20%22season%22%3a%200%2c%20%22TVshowtitle%22%3a%20%22%22%2c%20%22mediatype%22%3a%20%22movie%22%2c%20%22plot%22%3a%20%22%5bCOLOR%20aqua%5d%20%5cu05e9%5cu05d5%5cu05d3%5cu05e8%20%5cu05d1%5cu05ea%5cu05d0%5cu05e8%5cu05d9%5cu05da%2007-01-2020%5b%2fCOLOR%5d%5cnGordon%20Ramsay%20drives%20to%20struggling%20restaurants%20across%20the%20country%20in%20his%20state-of-the-art%20mobile%20kitchen%20and%20command%20center%2c%20Hell%20On%20Wheels%2c%20and%20tries%20to%20bring%20them%20back%20from%20the%20brink%20of%20disaster%20%5cu2013%20all%20in%20just%2024%20hours.%22%2c%20%22OriginalTitle%22%3a%20%22Gordon%20Ramsay%27s%2024%20Hours%20to%20Hell%20and%20Back%22%2c%20%22Tag%22%3a%20%2216%22%2c%20%22year%22%3a%20%222020%22%7d&quot"/>
</include>

<include content="firstsession">
<param name="firstsissonid" value="510"/>
<param name="tvshowlabelname" value="שמישהו יאכיל את פיל"/>
<param name="firstsissonidcontent" value="plugin://plugin.video.mando/?all_w=%7b%7d&amp;data=2018&amp;dates=%20&amp;description=%5bCOLOR%20aqua%5d%20%d7%a9%d7%95%d7%93%d7%a8%20%d7%91%d7%aa%d7%90%d7%a8%d7%99%d7%9a%2012-01-2018%5b%2fCOLOR%5d%0a%22Everybody%20Loves%20Raymond%22%20creator%20Phil%20Rosenthal%20travels%20the%20globe%20to%20take%20in%20the%20local%20cuisine%20and%20culture%20of%20Bangkok%2c%20Lisbon%2c%20Mexico%20City%20and%20more.&amp;eng_name=%20&amp;episode=%20&amp;fanart=https%3a%2f%2fimage.tmdb.org%2ft%2fp%2foriginal%2f%2fzq4WB5WYQCqTV4eLLav6CcTPjGb.jpg&amp;fav_status=false&amp;heb_name=%d7%a9%d7%9e%d7%99%d7%a9%d7%94%d7%95%20%d7%99%d7%90%d7%9b%d7%99%d7%9c%20%d7%90%d7%aa%20%d7%a4%d7%99%d7%9c&amp;iconimage=https%3a%2f%2fimage.tmdb.org%2ft%2fp%2foriginal%2f%2faOsh9FtiexdQzentXHL5W9sNecM.jpg&amp;id=76305&amp;image_master&amp;isr=0&amp;last_id&amp;mode=19&amp;name=%5bCOLOR%20white%5d%d7%a2%d7%95%d7%a0%d7%94%201%5b%2fCOLOR%5d&amp;original_title=Somebody%20Feed%20Phil&amp;season=1&amp;show_original_year=2018&amp;tmdbid=340885&amp;url=https%3a%2f%2fapi.themoviedb.org%2f3%2ftv%2f76305%3fapi_key%3d34142515d9d23817496eeb4ff1d223d0%26language%3den%26append_to_response%3dexternal_ids&amp;video_data=%7b%22rating%22%3a%20%220%22%2c%20%22episode%22%3a%200%2c%20%22title%22%3a%20%22%5bCOLOR%20white%5d%5cu05e2%5cu05d5%5cu05e0%5cu05d4%201%5b%2fCOLOR%5d%22%2c%20%22season%22%3a%200%2c%20%22TVshowtitle%22%3a%20%22%22%2c%20%22mediatype%22%3a%20%22movie%22%2c%20%22plot%22%3a%20%22%5bCOLOR%20aqua%5d%20%5cu05e9%5cu05d5%5cu05d3%5cu05e8%20%5cu05d1%5cu05ea%5cu05d0%5cu05e8%5cu05d9%5cu05da%2012-01-2018%5b%2fCOLOR%5d%5cn%5c%22Everybody%20Loves%20Raymond%5c%22%20creator%20Phil%20Rosenthal%20travels%20the%20globe%20to%20take%20in%20the%20local%20cuisine%20and%20culture%20of%20Bangkok%2c%20Lisbon%2c%20Mexico%20City%20and%20more.%22%2c%20%22OriginalTitle%22%3a%20%22Somebody%20Feed%20Phil%22%2c%20%22Tag%22%3a%20%2216%22%2c%20%22year%22%3a%20%222018%22%7d&quot"/>
</include>
<include content="tvshowseesiontwo">
<param name="seesiontwoid" value="511"/>
<param name="tvshowlabelname" value="שמישהו יאכיל את פיל"/>
<param name="seesiontwoidcontent" value="plugin://plugin.video.mando/?all_w=%7b%7d&amp;data=2018&amp;dates=%20&amp;description=%5bCOLOR%20aqua%5d%20%d7%a9%d7%95%d7%93%d7%a8%20%d7%91%d7%aa%d7%90%d7%a8%d7%99%d7%9a%2006-07-2018%5b%2fCOLOR%5d%0a%22Everybody%20Loves%20Raymond%22%20creator%20Phil%20Rosenthal%20travels%20the%20globe%20to%20take%20in%20the%20local%20cuisine%20and%20culture%20of%20Bangkok%2c%20Lisbon%2c%20Mexico%20City%20and%20more.&amp;eng_name=%20&amp;episode=%20&amp;fanart=https%3a%2f%2fimage.tmdb.org%2ft%2fp%2foriginal%2f%2fzq4WB5WYQCqTV4eLLav6CcTPjGb.jpg&amp;fav_status=false&amp;heb_name=%d7%a9%d7%9e%d7%99%d7%a9%d7%94%d7%95%20%d7%99%d7%90%d7%9b%d7%99%d7%9c%20%d7%90%d7%aa%20%d7%a4%d7%99%d7%9c&amp;iconimage=https%3a%2f%2fimage.tmdb.org%2ft%2fp%2foriginal%2f%2fjsQNG4DrRYGsrxm871bTewx7xd5.jpg&amp;id=76305&amp;image_master&amp;isr=0&amp;last_id&amp;mode=19&amp;name=%5bCOLOR%20white%5d%d7%a2%d7%95%d7%a0%d7%94%202%5b%2fCOLOR%5d&amp;original_title=Somebody%20Feed%20Phil&amp;season=2&amp;show_original_year=2018&amp;tmdbid=340885&amp;url=https%3a%2f%2fapi.themoviedb.org%2f3%2ftv%2f76305%3fapi_key%3d34142515d9d23817496eeb4ff1d223d0%26language%3den%26append_to_response%3dexternal_ids&amp;video_data=%7b%22rating%22%3a%20%220%22%2c%20%22episode%22%3a%200%2c%20%22title%22%3a%20%22%5bCOLOR%20white%5d%5cu05e2%5cu05d5%5cu05e0%5cu05d4%202%5b%2fCOLOR%5d%22%2c%20%22season%22%3a%200%2c%20%22TVshowtitle%22%3a%20%22%22%2c%20%22mediatype%22%3a%20%22movie%22%2c%20%22plot%22%3a%20%22%5bCOLOR%20aqua%5d%20%5cu05e9%5cu05d5%5cu05d3%5cu05e8%20%5cu05d1%5cu05ea%5cu05d0%5cu05e8%5cu05d9%5cu05da%2006-07-2018%5b%2fCOLOR%5d%5cn%5c%22Everybody%20Loves%20Raymond%5c%22%20creator%20Phil%20Rosenthal%20travels%20the%20globe%20to%20take%20in%20the%20local%20cuisine%20and%20culture%20of%20Bangkok%2c%20Lisbon%2c%20Mexico%20City%20and%20more.%22%2c%20%22OriginalTitle%22%3a%20%22Somebody%20Feed%20Phil%22%2c%20%22Tag%22%3a%20%2216%22%2c%20%22year%22%3a%20%222018%22%7d&quot"/>
</include>
<include content="tvshowseesionthree">
<param name="seesionthreeid" value="512"/>
<param name="tvshowlabelname" value="שמישהו יאכיל את פיל"/>
<param name="seesionthreeidcontent" value="plugin://plugin.video.mando/?all_w=%7b%7d&amp;data=2020&amp;dates=%20&amp;description=%5bCOLOR%20aqua%5d%20%d7%a9%d7%95%d7%93%d7%a8%20%d7%91%d7%aa%d7%90%d7%a8%d7%99%d7%9a%2029-05-2020%5b%2fCOLOR%5d%0a%22Everybody%20Loves%20Raymond%22%20creator%20Phil%20Rosenthal%20travels%20the%20globe%20to%20take%20in%20the%20local%20cuisine%20and%20culture%20of%20Bangkok%2c%20Lisbon%2c%20Mexico%20City%20and%20more.&amp;eng_name=%20&amp;episode=%20&amp;fanart=https%3a%2f%2fimage.tmdb.org%2ft%2fp%2foriginal%2f%2fzq4WB5WYQCqTV4eLLav6CcTPjGb.jpg&amp;fav_status=false&amp;heb_name=%d7%a9%d7%9e%d7%99%d7%a9%d7%94%d7%95%20%d7%99%d7%90%d7%9b%d7%99%d7%9c%20%d7%90%d7%aa%20%d7%a4%d7%99%d7%9c&amp;iconimage=https%3a%2f%2fimage.tmdb.org%2ft%2fp%2foriginal%2f%2fpgIIJXnGHG62POiGnn4BXNTG0eG.jpg&amp;id=76305&amp;image_master&amp;isr=0&amp;last_id&amp;mode=19&amp;name=%5bCOLOR%20white%5d%d7%a2%d7%95%d7%a0%d7%94%203%5b%2fCOLOR%5d&amp;original_title=Somebody%20Feed%20Phil&amp;season=3&amp;show_original_year=2018&amp;tmdbid=340885&amp;url=https%3a%2f%2fapi.themoviedb.org%2f3%2ftv%2f76305%3fapi_key%3d34142515d9d23817496eeb4ff1d223d0%26language%3den%26append_to_response%3dexternal_ids&amp;video_data=%7b%22rating%22%3a%20%220%22%2c%20%22episode%22%3a%200%2c%20%22title%22%3a%20%22%5bCOLOR%20white%5d%5cu05e2%5cu05d5%5cu05e0%5cu05d4%203%5b%2fCOLOR%5d%22%2c%20%22season%22%3a%200%2c%20%22TVshowtitle%22%3a%20%22%22%2c%20%22mediatype%22%3a%20%22movie%22%2c%20%22plot%22%3a%20%22%5bCOLOR%20aqua%5d%20%5cu05e9%5cu05d5%5cu05d3%5cu05e8%20%5cu05d1%5cu05ea%5cu05d0%5cu05e8%5cu05d9%5cu05da%2029-05-2020%5b%2fCOLOR%5d%5cn%5c%22Everybody%20Loves%20Raymond%5c%22%20creator%20Phil%20Rosenthal%20travels%20the%20globe%20to%20take%20in%20the%20local%20cuisine%20and%20culture%20of%20Bangkok%2c%20Lisbon%2c%20Mexico%20City%20and%20more.%22%2c%20%22OriginalTitle%22%3a%20%22Somebody%20Feed%20Phil%22%2c%20%22Tag%22%3a%20%2216%22%2c%20%22year%22%3a%20%222020%22%7d&quot"/>
</include>

<include content="firstsession">
<param name="firstsissonid" value="513"/>
<param name="tvshowlabelname" value="שיחות עם שפים"/>
<param name="firstsissonidcontent" value="plugin://plugin.video.mando/?all_w=%7b%7d&amp;data=2019&amp;dates=%20&amp;description=%5bCOLOR%20aqua%5d%20%d7%a9%d7%95%d7%93%d7%a8%20%d7%91%d7%aa%d7%90%d7%a8%d7%99%d7%9a%2007-06-2019%5b%2fCOLOR%5d%0aWriter%2c%20director%20and%20food%20enthusiast%20Jon%20Favreau%20and%20chef%20Roy%20Choi%20explore%20food%20in%20and%20out%20of%20the%20kitchen%20with%20accomplished%20chefs%20and%20celebrity%20friends.&amp;eng_name=%20&amp;episode=%20&amp;fanart=https%3a%2f%2fimage.tmdb.org%2ft%2fp%2foriginal%2f%2fnSwTuhje7djP70PGwKHDuskf911.jpg&amp;fav_status=false&amp;heb_name=%d7%a9%d7%99%d7%97%d7%95%d7%aa%20%d7%a2%d7%9d%20%d7%a9%d7%a4%d7%99%d7%9d&amp;iconimage=https%3a%2f%2fimage.tmdb.org%2ft%2fp%2foriginal%2f%2fs8AeydpsdX9KoyB6Y1qGuY5jl1O.jpg&amp;id=89557&amp;image_master&amp;isr=0&amp;last_id&amp;mode=19&amp;name=%5bCOLOR%20white%5d%d7%a2%d7%95%d7%a0%d7%94%201%5b%2fCOLOR%5d&amp;original_title=The%20Chef%20Show&amp;season=1&amp;show_original_year=2019&amp;tmdbid=364322&amp;url=https%3a%2f%2fapi.themoviedb.org%2f3%2ftv%2f89557%3fapi_key%3d34142515d9d23817496eeb4ff1d223d0%26language%3den%26append_to_response%3dexternal_ids&amp;video_data=%7b%22rating%22%3a%20%220%22%2c%20%22episode%22%3a%200%2c%20%22title%22%3a%20%22%5bCOLOR%20white%5d%5cu05e2%5cu05d5%5cu05e0%5cu05d4%201%5b%2fCOLOR%5d%22%2c%20%22season%22%3a%200%2c%20%22TVshowtitle%22%3a%20%22%22%2c%20%22mediatype%22%3a%20%22movie%22%2c%20%22plot%22%3a%20%22%5bCOLOR%20aqua%5d%20%5cu05e9%5cu05d5%5cu05d3%5cu05e8%20%5cu05d1%5cu05ea%5cu05d0%5cu05e8%5cu05d9%5cu05da%2007-06-2019%5b%2fCOLOR%5d%5cnWriter%2c%20director%20and%20food%20enthusiast%20Jon%20Favreau%20and%20chef%20Roy%20Choi%20explore%20food%20in%20and%20out%20of%20the%20kitchen%20with%20accomplished%20chefs%20and%20celebrity%20friends.%22%2c%20%22OriginalTitle%22%3a%20%22The%20Chef%20Show%22%2c%20%22Tag%22%3a%20%2216%22%2c%20%22year%22%3a%20%222019%22%7d&quot"/>
</include>
<include content="tvshowseesiontwo">
<param name="seesiontwoid" value="514"/>
<param name="tvshowlabelname" value="שיחות עם שפים"/>
<param name="seesiontwoidcontent" value="plugin://plugin.video.mando/?all_w=%7b%7d&amp;data=2020&amp;dates=%20&amp;description=%5bCOLOR%20aqua%5d%20%d7%a9%d7%95%d7%93%d7%a8%20%d7%91%d7%aa%d7%90%d7%a8%d7%99%d7%9a%2024-09-2020%5b%2fCOLOR%5d%0aWriter%2c%20director%20and%20food%20enthusiast%20Jon%20Favreau%20and%20chef%20Roy%20Choi%20explore%20food%20in%20and%20out%20of%20the%20kitchen%20with%20accomplished%20chefs%20and%20celebrity%20friends.&amp;eng_name=%20&amp;episode=%20&amp;fanart=https%3a%2f%2fimage.tmdb.org%2ft%2fp%2foriginal%2f%2fnSwTuhje7djP70PGwKHDuskf911.jpg&amp;fav_status=false&amp;heb_name=%d7%a9%d7%99%d7%97%d7%95%d7%aa%20%d7%a2%d7%9d%20%d7%a9%d7%a4%d7%99%d7%9d&amp;iconimage=https%3a%2f%2fimage.tmdb.org%2ft%2fp%2foriginal%2f%2fs8AeydpsdX9KoyB6Y1qGuY5jl1O.jpg&amp;id=89557&amp;image_master&amp;isr=0&amp;last_id&amp;mode=19&amp;name=%5bCOLOR%20white%5d%d7%a2%d7%95%d7%a0%d7%94%202%5b%2fCOLOR%5d&amp;original_title=The%20Chef%20Show&amp;season=2&amp;show_original_year=2019&amp;tmdbid=364322&amp;url=https%3a%2f%2fapi.themoviedb.org%2f3%2ftv%2f89557%3fapi_key%3d34142515d9d23817496eeb4ff1d223d0%26language%3den%26append_to_response%3dexternal_ids&amp;video_data=%7b%22rating%22%3a%20%220%22%2c%20%22episode%22%3a%200%2c%20%22title%22%3a%20%22%5bCOLOR%20white%5d%5cu05e2%5cu05d5%5cu05e0%5cu05d4%202%5b%2fCOLOR%5d%22%2c%20%22season%22%3a%200%2c%20%22TVshowtitle%22%3a%20%22%22%2c%20%22mediatype%22%3a%20%22movie%22%2c%20%22plot%22%3a%20%22%5bCOLOR%20aqua%5d%20%5cu05e9%5cu05d5%5cu05d3%5cu05e8%20%5cu05d1%5cu05ea%5cu05d0%5cu05e8%5cu05d9%5cu05da%2024-09-2020%5b%2fCOLOR%5d%5cnWriter%2c%20director%20and%20food%20enthusiast%20Jon%20Favreau%20and%20chef%20Roy%20Choi%20explore%20food%20in%20and%20out%20of%20the%20kitchen%20with%20accomplished%20chefs%20and%20celebrity%20friends.%22%2c%20%22OriginalTitle%22%3a%20%22The%20Chef%20Show%22%2c%20%22Tag%22%3a%20%2216%22%2c%20%22year%22%3a%20%222020%22%7d&quot"/>
</include>

<!--
<include content="firstsession">
<param name="firstsissonid" value="500"/>
<param name="tvshowlabelname" value=""/>
<param name="firstsissonidcontent" value=""/>
</include>
<include content="tvshowseesiontwo">
<param name="seesiontwoid" value="501"/>
<param name="tvshowlabelname" value=""/>
<param name="seesiontwoidcontent" value=""/>
</include>
<include content="tvshowseesionthree">
<param name="seesionthreeid" value="502"/>
<param name="tvshowlabelname" value=""/>
<param name="seesionthreeidcontent" value=""/>
</include>
<include content="tvshowseesionfour">
<param name="seesionfourid" value="503"/>
<param name="tvshowlabelname" value=""/>
<param name="seesionfouridcontent" value=""/>
</include>
<include content="tvshowseesionfive">
<param name="seesionfiveid" value="504"/>
<param name="tvshowlabelname" value=""/>
<param name="seesionfiveidcontent" value=""/>
</include>
<include content="tvshowseesionsix">
<param name="seesionsixid" value="505"/>
<param name="tvshowlabelname" value=""/>
<param name="seesionsixidcontent" value=""/>
</include>
<include content="tvshowseesionseven">
<param name="seesionsevenid" value="505"/>
<param name="tvshowlabelname" value=""/>
<param name="seesionsevenidcontent" value=""/>
</include>

-->
</control>
</controls>
</window>
