<?xml version="1.0" encoding="UTF-8"?>
<!-- Foundation -->
<window id="6704" type="dialog">
    <defaultcontrol always="true">1256</defaultcontrol>
<animation type="WindoOpen">
<effect type="fade" start="0,0" end="100,100" time="250"/>
</animation>

<controls>


<control type="group">

<posy>100</posy>
<include content="tvshowpowersmainscreen">
<param name="tvshowid" value="1256"/>
<param name="listitemnumber" value="1"/>
<param name="tvshowcontent" value="plugin://plugin.audio.My.Music/?cat_level=%20&amp;count=0&amp;description=%5bB%5d%5bCOLOR%20burlywood%5d%20%d7%a9.%d7%a7%20%5b%2fCOLOR%5d%5b%2fB%5d&amp;fanart=https%3a%2f%2ffunender.com%2fwp-content%2fuploads%2f2017%2f11%2fTop-10-Box-Office-Weekend-Movies-Report-October-27-29-2017.jpg&amp;iconimage=http%3a%2f%2fngarba.xyz%2fadds%2fyos%2fphoto10.jpg&amp;index_depth=0&amp;lang=eng&amp;mode=5&amp;name=firstwindowmainscreentvshow&amp;page&amp;selected_list=%20&amp;url=%d7%a1%d7%93%d7%a8%d7%95%d7%aafirstwindowmainscreentvshow&quot"/>
</include>

<include content="firstsession">
<param name="firstsissonid" value="500"/>
<param name="tvshowlabelname" value="אמילי בפריז"/>
<param name="firstsissonidcontent" value="plugin://plugin.video.mando/?all_w=%7b%7d&amp;data=2020&amp;dates=%20&amp;description=%5bCOLOR%20aqua%5d%20%d7%a9%d7%95%d7%93%d7%a8%20%d7%91%d7%aa%d7%90%d7%a8%d7%99%d7%9a%2002-10-2020%5b%2fCOLOR%5d%0aWhen%20ambitious%20Chicago%20marketing%20exec%20Emily%20unexpectedly%20lands%20her%20dream%20job%20in%20Paris%2c%20she%20embraces%20a%20new%20life%20as%20she%20juggles%20work%2c%20friends%20and%20romance.&amp;eng_name=%20&amp;episode=%20&amp;fanart=https%3a%2f%2fimage.tmdb.org%2ft%2fp%2foriginal%2f%2fiW74tZ8y2qobdpt4J9UQ71sw8q7.jpg&amp;fav_status=false&amp;heb_name=Emily%20in%20Paris&amp;iconimage=https%3a%2f%2fimage.tmdb.org%2ft%2fp%2foriginal%2f%2fkwMqIYOC4U9eK4NZnmmyD8pDEOi.jpg&amp;id=82596&amp;image_master&amp;isr=0&amp;last_id&amp;mode=19&amp;name=%5bCOLOR%20white%5d%d7%a2%d7%95%d7%a0%d7%94%201%5b%2fCOLOR%5d&amp;original_title=Emily%20in%20Paris&amp;season=1&amp;show_original_year=2020&amp;tmdbid=364439&amp;url=https%3a%2f%2fapi.themoviedb.org%2f3%2ftv%2f82596%3fapi_key%3d34142515d9d23817496eeb4ff1d223d0%26language%3den%26append_to_response%3dexternal_ids&amp;video_data=%7b%22rating%22%3a%20%220%22%2c%20%22episode%22%3a%200%2c%20%22title%22%3a%20%22%5bCOLOR%20white%5d%5cu05e2%5cu05d5%5cu05e0%5cu05d4%201%5b%2fCOLOR%5d%22%2c%20%22season%22%3a%200%2c%20%22TVshowtitle%22%3a%20%22%22%2c%20%22mediatype%22%3a%20%22movie%22%2c%20%22plot%22%3a%20%22%5bCOLOR%20aqua%5d%20%5cu05e9%5cu05d5%5cu05d3%5cu05e8%20%5cu05d1%5cu05ea%5cu05d0%5cu05e8%5cu05d9%5cu05da%2002-10-2020%5b%2fCOLOR%5d%5cnWhen%20ambitious%20Chicago%20marketing%20exec%20Emily%20unexpectedly%20lands%20her%20dream%20job%20in%20Paris%2c%20she%20embraces%20a%20new%20life%20as%20she%20juggles%20work%2c%20friends%20and%20romance.%22%2c%20%22OriginalTitle%22%3a%20%22Emily%20in%20Paris%22%2c%20%22Tag%22%3a%20%2216%22%2c%20%22year%22%3a%20%222020%22%7d&quot"/>
</include>

<include content="firstsession">
<param name="firstsissonid" value="501"/>
<param name="tvshowlabelname" value="בוקר טוב ורוניקה"/>
<param name="firstsissonidcontent" value="plugin://plugin.video.mando/?all_w=%7b%7d&amp;data=2020&amp;dates=%20&amp;description=%5bCOLOR%20aqua%5d%20%d7%a9%d7%95%d7%93%d7%a8%20%d7%91%d7%aa%d7%90%d7%a8%d7%99%d7%9a%2001-10-2020%5b%2fCOLOR%5d%0aWhile%20hunting%20for%20a%20dating-site%20predator%2c%20an%20underused%20cop%20discovers%20a%20husband%20and%20wife%20with%20a%20horrific%20secret%20%e2%80%94%20and%20a%20web%20of%20conspiracy%20hiding%20it.&amp;eng_name=%20&amp;episode=%20&amp;fanart=https%3a%2f%2fimage.tmdb.org%2ft%2fp%2foriginal%2f%2fv1I0MO1uSplZiF9hxUv6UXjMSjj.jpg&amp;fav_status=false&amp;heb_name=%d7%91%d7%95%d7%a7%d7%a8%20%d7%98%d7%95%d7%91%2c%20%d7%95%d7%a8%d7%95%d7%a0%d7%99%d7%a7%d7%94&amp;iconimage=https%3a%2f%2fimage.tmdb.org%2ft%2fp%2foriginal%2f%2fkvPN4t8EaYCPyIEAGPIGXMcPhZc.jpg&amp;id=110115&amp;image_master&amp;isr=0&amp;last_id&amp;mode=19&amp;name=%5bCOLOR%20white%5d%d7%a2%d7%95%d7%a0%d7%94%201%5b%2fCOLOR%5d&amp;original_title=Good%20Morning%2c%20Ver%c3%b4nica&amp;season=1&amp;show_original_year=2020&amp;tmdbid=None&amp;url=https%3a%2f%2fapi.themoviedb.org%2f3%2ftv%2f110115%3fapi_key%3d34142515d9d23817496eeb4ff1d223d0%26language%3den%26append_to_response%3dexternal_ids&amp;video_data=%7b%22rating%22%3a%20%220%22%2c%20%22episode%22%3a%200%2c%20%22title%22%3a%20%22%5bCOLOR%20white%5d%5cu05e2%5cu05d5%5cu05e0%5cu05d4%201%5b%2fCOLOR%5d%22%2c%20%22season%22%3a%200%2c%20%22TVshowtitle%22%3a%20%22%22%2c%20%22mediatype%22%3a%20%22movie%22%2c%20%22plot%22%3a%20%22%5bCOLOR%20aqua%5d%20%5cu05e9%5cu05d5%5cu05d3%5cu05e8%20%5cu05d1%5cu05ea%5cu05d0%5cu05e8%5cu05d9%5cu05da%2001-10-2020%5b%2fCOLOR%5d%5cnWhile%20hunting%20for%20a%20dating-site%20predator%2c%20an%20underused%20cop%20discovers%20a%20husband%20and%20wife%20with%20a%20horrific%20secret%20%5cu2014%20and%20a%20web%20of%20conspiracy%20hiding%20it.%22%2c%20%22OriginalTitle%22%3a%20%22Good%20Morning%2c%20Ver%5cu00f4nica%22%2c%20%22Tag%22%3a%20%2216%22%2c%20%22year%22%3a%20%222020%22%7d&quot"/>
</include>

<include content="firstsession">
<param name="firstsissonid" value="502"/>
<param name="tvshowlabelname" value="אוקטוברפסט דם ובירה"/>
<param name="firstsissonidcontent" value="plugin://plugin.video.mando/?all_w=%7b%7d&amp;data=2020&amp;dates=%20&amp;description=%5bCOLOR%20aqua%5d%20%d7%a9%d7%95%d7%93%d7%a8%20%d7%91%d7%aa%d7%90%d7%a8%d7%99%d7%9a%2015-09-2020%5b%2fCOLOR%5d%0aA%20young%20girl%20falls%20in%20love%20with%20a%20poor%20brewer%27s%20son.%20Their%20relationship%20is%20opposed%20by%20the%20girl%27s%20father%2c%20a%20rich%20mobster%20who%20has%20come%20to%20town%20to%20try%20to%20bully%20his%20way%20into%20the%20inner%20circle%20of%20Munich%27s%20brewery%20dynasties.&amp;eng_name=%20&amp;episode=%20&amp;fanart=https%3a%2f%2fimage.tmdb.org%2ft%2fp%2foriginal%2f%2fuQiG4fDBsho8mxfICXZ2bz8aGW1.jpg&amp;fav_status=false&amp;heb_name=%d7%90%d7%95%d7%a7%d7%98%d7%95%d7%91%d7%a8%d7%a4%d7%a1%d7%98%3a%20%d7%93%d7%9d%20%d7%95%d7%91%d7%99%d7%a8%d7%94&amp;iconimage=https%3a%2f%2fimage.tmdb.org%2ft%2fp%2foriginal%2f%2fAn6bURufFoR7TuoEY86uJCDUO8Y.jpg&amp;id=94002&amp;image_master&amp;isr=0&amp;last_id&amp;mode=19&amp;name=%5bCOLOR%20white%5d%d7%a2%d7%95%d7%a0%d7%94%201%5b%2fCOLOR%5d&amp;original_title=Oktoberfest%3a%20Beer%20%26%20Blood&amp;season=1&amp;show_original_year=2020&amp;tmdbid=387997&amp;url=https%3a%2f%2fapi.themoviedb.org%2f3%2ftv%2f94002%3fapi_key%3d34142515d9d23817496eeb4ff1d223d0%26language%3den%26append_to_response%3dexternal_ids&amp;video_data=%7b%22rating%22%3a%20%220%22%2c%20%22episode%22%3a%200%2c%20%22title%22%3a%20%22%5bCOLOR%20white%5d%5cu05e2%5cu05d5%5cu05e0%5cu05d4%201%5b%2fCOLOR%5d%22%2c%20%22season%22%3a%200%2c%20%22TVshowtitle%22%3a%20%22%22%2c%20%22mediatype%22%3a%20%22movie%22%2c%20%22plot%22%3a%20%22%5bCOLOR%20aqua%5d%20%5cu05e9%5cu05d5%5cu05d3%5cu05e8%20%5cu05d1%5cu05ea%5cu05d0%5cu05e8%5cu05d9%5cu05da%2015-09-2020%5b%2fCOLOR%5d%5cnA%20young%20girl%20falls%20in%20love%20with%20a%20poor%20brewer%27s%20son.%20Their%20relationship%20is%20opposed%20by%20the%20girl%27s%20father%2c%20a%20rich%20mobster%20who%20has%20come%20to%20town%20to%20try%20to%20bully%20his%20way%20into%20the%20inner%20circle%20of%20Munich%27s%20brewery%20dynasties.%22%2c%20%22OriginalTitle%22%3a%20%22Oktoberfest%3a%20Beer%20%26%20Blood%22%2c%20%22Tag%22%3a%20%2216%22%2c%20%22year%22%3a%20%222020%22%7d&quot"/>
</include>

<include content="firstsession">
<param name="firstsissonid" value="503"/>
<param name="tvshowlabelname" value="דוגמת הדרקון"/>
<param name="firstsissonidcontent" value="plugin://plugin.video.sdarot.tv/season/5849/1/%D7%93%D7%95%D7%92%D7%9E%D7%AA+%D7%94%D7%93%D7%A8%D7%A7%D7%95%D7%9F/Dragon%27s+Dogma&quot"/>
</include>

<include content="firstsession">
<param name="firstsissonid" value="504"/>
<param name="tvshowlabelname" value="וונטוורת"/>
<param name="firstsissonidcontent" value="plugin://plugin.video.mando/?all_w=%7b%7d&amp;data=2020&amp;dates=%20&amp;description=%5bCOLOR%20aqua%5d%20%d7%a9%d7%95%d7%93%d7%a8%20%d7%91%d7%aa%d7%90%d7%a8%d7%99%d7%9a%2028-07-2020%5b%2fCOLOR%5d%0aBea%20Smith%20is%20locked%20up%20while%20awaiting%20trial%20for%20the%20attempted%20murder%20of%20her%20husband%20and%20must%20learn%20how%20life%20works%20in%20prison.%20A%20modern%20adaptation%20and%20sequel%20of%20the%20iconic%20Prisoner%20series.&amp;eng_name=%20&amp;episode=%20&amp;fanart=https%3a%2f%2fimage.tmdb.org%2ft%2fp%2foriginal%2f%2fdRjvl8jkBbgCafKmdGVLHmEQPvq.jpg&amp;fav_status=false&amp;heb_name=%d7%95%d7%95%d7%a0%d7%98%d7%95%d7%95%d7%a8%d7%aa%27&amp;iconimage=https%3a%2f%2fimage.tmdb.org%2ft%2fp%2foriginal%2f%2fxZkOhTdNGxZ9umzxf7mxK9Q1a9M.jpg&amp;id=44856&amp;image_master&amp;isr=0&amp;last_id&amp;mode=19&amp;name=%5bCOLOR%20white%5d%d7%a2%d7%95%d7%a0%d7%94%208%5b%2fCOLOR%5d&amp;original_title=Wentworth&amp;season=8&amp;show_original_year=2013&amp;tmdbid=264234&amp;url=https%3a%2f%2fapi.themoviedb.org%2f3%2ftv%2f44856%3fapi_key%3d34142515d9d23817496eeb4ff1d223d0%26language%3den%26append_to_response%3dexternal_ids&amp;video_data=%7b%22rating%22%3a%20%220%22%2c%20%22episode%22%3a%200%2c%20%22title%22%3a%20%22%5bCOLOR%20white%5d%5cu05e2%5cu05d5%5cu05e0%5cu05d4%208%5b%2fCOLOR%5d%22%2c%20%22season%22%3a%200%2c%20%22TVshowtitle%22%3a%20%22%22%2c%20%22mediatype%22%3a%20%22movie%22%2c%20%22plot%22%3a%20%22%5bCOLOR%20aqua%5d%20%5cu05e9%5cu05d5%5cu05d3%5cu05e8%20%5cu05d1%5cu05ea%5cu05d0%5cu05e8%5cu05d9%5cu05da%2028-07-2020%5b%2fCOLOR%5d%5cnBea%20Smith%20is%20locked%20up%20while%20awaiting%20trial%20for%20the%20attempted%20murder%20of%20her%20husband%20and%20must%20learn%20how%20life%20works%20in%20prison.%20A%20modern%20adaptation%20and%20sequel%20of%20the%20iconic%20Prisoner%20series.%22%2c%20%22OriginalTitle%22%3a%20%22Wentworth%22%2c%20%22Tag%22%3a%20%2216%22%2c%20%22year%22%3a%20%222020%22%7d&quot"/>
</include>

<!--
<include content="firstsession">
<param name="firstsissonid" value="500"/>
<param name="tvshowlabelname" value=""/>
<param name="firstsissonidcontent" value=""/>
</include>
<include content="tvshowseesiontwo">
<param name="seesiontwoid" value="501"/>
<param name="tvshowlabelname" value=""/>
<param name="seesiontwoidcontent" value=""/>
</include>
<include content="tvshowseesionthree">
<param name="seesionthreeid" value="502"/>
<param name="tvshowlabelname" value=""/>
<param name="seesionthreeidcontent" value=""/>
</include>
<include content="tvshowseesionfour">
<param name="seesionfourid" value="503"/>
<param name="tvshowlabelname" value=""/>
<param name="seesionfouridcontent" value=""/>
</include>
<include content="tvshowseesionfive">
<param name="seesionfiveid" value="504"/>
<param name="tvshowlabelname" value=""/>
<param name="seesionfiveidcontent" value=""/>
</include>
<include content="tvshowseesionsix">
<param name="seesionsixid" value="505"/>
<param name="tvshowlabelname" value=""/>
<param name="seesionsixidcontent" value=""/>
</include>
<include content="tvshowseesionseven">
<param name="seesionsevenid" value="506"/>
<param name="tvshowlabelname" value=""/>
<param name="seesionsevenidcontent" value=""/>
</include>

-->
</control>
</controls>
</window>
