<?xml version="1.0" encoding="UTF-8"?>
<!-- Foundation -->
<window id="6410" type="dialog">
    <defaultcontrol always="true">1256</defaultcontrol>


<controls>

<include>seriastvshowsmainmenu</include>

<!--name of the trakt list tvshowgeneral<-->

<control type="group">
<posy>-200</posy>
<include content="extramainscreentvshow">
<param name="extrastvhosid" value="1256"/>
<param name="tvshownewcontent" value="plugin://plugin.audio.My.Music/?cat_level=%20&amp;count=0&amp;description=%5bB%5d%5bCOLOR%20burlywood%5d%20%d7%a9.%d7%a7%20%5b%2fCOLOR%5d%5b%2fB%5d&amp;fanart=https%3a%2f%2ffunender.com%2fwp-content%2fuploads%2f2017%2f11%2fTop-10-Box-Office-Weekend-Movies-Report-October-27-29-2017.jpg&amp;iconimage=http%3a%2f%2fngarba.xyz%2fadds%2fyos%2fphoto10.jpg&amp;index_depth=0&amp;lang=eng&amp;mode=5&amp;name=tvshow-israeliserias-6410&amp;page&amp;selected_list=%20&amp;url=%d7%a1%d7%93%d7%a8%d7%95%d7%aatvshow-israeliserias-6410&quot"/>
</include>



<include content="extrasshowsessionone">
<param name="extrasshowsessiononeid" value="500"/>
<param name="tvshowextrasname" value="ליהיא ונעמה מטראש לקלאס"/>
<param name="seessinonenumber" value="עונה 1"/>
<param name="dialogclose" value="Dialog.Close(6409)"/>
<param name="sessiononclick" value="ActivateWindow(10025,&quot;plugin://plugin.video.sdarot.tv/season/5129/1/%D7%9C%D7%99%D7%94%D7%99%D7%90+%D7%95%D7%A0%D7%A2%D7%9E%D7%94+-+%D7%9E%D7%98%D7%A8%D7%90%D7%A9+%D7%9C%D7%A7%D7%9C%D7%90%D7%A1/Lihi+Ve+Neama+-+Mitrash+Leclas&quot;,return)"/>
<param name="seessinonenumbertwo" value="[COLOR gray]אין[/COLOR]"/>
<param name="dialogclosedtwo" value="Dialog.Close(6409)"/>
<param name="sessiononclickdtwo" value=""/>
<param name="seessinonenumberthree" value="[COLOR gray]אין[/COLOR]"/>
<param name="dialogclosedthree" value="Dialog.Close(6409)"/>
<param name="sessiononclickdthree" value=""/>
<param name="seessinonenumberfour" value="[COLOR gray]אין[/COLOR]"/>
<param name="dialogclosedfour" value="Dialog.Close(6409)"/>
<param name="sessiononclickdfour" value=""/>
<param name="seessinonenumberfive" value="[COLOR gray]אין[/COLOR]"/>
<param name="dialogclosedfive" value="Dialog.Close(6409)"/>
<param name="sessiononclickdfive" value=""/>
<param name="seessinonenumbersix" value="[COLOR gray]אין[/COLOR]"/>
<param name="dialogclosedsix" value="Dialog.Close(6409)"/>
<param name="sessiononclickdsix" value=""/>
<param name="seessinonenumberseven" value="[COLOR gray]אין[/COLOR]"/>
<param name="dialogclosedseven" value="Dialog.Close(6409)"/>
<param name="sessiononclickdseven" value=""/>
<param name="seessinonenumbereight" value="[COLOR gray]אין[/COLOR]"/>
<param name="dialogclosedeight" value="Dialog.Close(6409)"/>
<param name="sessiononclickdeight" value=""/>
<param name="seessinonenumbernine" value="[COLOR gray]אין[/COLOR]"/>
<param name="dialogclosednine" value="Dialog.Close(6409)"/>
<param name="sessiononclickdnine" value=""/>
<param name="seessinonenumberten" value="[COLOR gray]אין[/COLOR]"/>
<param name="dialogclosedten" value="Dialog.Close(6409)"/>
<param name="sessiononclickdten" value=""/>
</include>


<include content="extrasshowsessionone">
<param name="extrasshowsessiononeid" value="501"/>
<param name="tvshowextrasname" value="לעבור את הלילה"/>
<param name="seessinonenumber" value="עונה 1"/>
<param name="dialogclose" value="Dialog.Close(6409)"/>
<param name="sessiononclick" value="ActivateWindow(10025,&quot;plugin://plugin.video.sdarot.tv/season/5264/1/%D7%9C%D7%A2%D7%91%D7%95%D7%A8+%D7%90%D7%AA+%D7%94%D7%9C%D7%99%D7%9C%D7%94/La%27avor+Et+Halayla&quot;,return)"/>
<param name="seessinonenumbertwo" value="[COLOR gray]אין[/COLOR]"/>
<param name="dialogclosedtwo" value="Dialog.Close(6409)"/>
<param name="sessiononclickdtwo" value=""/>
<param name="seessinonenumberthree" value="[COLOR gray]אין[/COLOR]"/>
<param name="dialogclosedthree" value="Dialog.Close(6409)"/>
<param name="sessiononclickdthree" value=""/>
<param name="seessinonenumberfour" value="[COLOR gray]אין[/COLOR]"/>
<param name="dialogclosedfour" value="Dialog.Close(6409)"/>
<param name="sessiononclickdfour" value=""/>
<param name="seessinonenumberfive" value="[COLOR gray]אין[/COLOR]"/>
<param name="dialogclosedfive" value="Dialog.Close(6409)"/>
<param name="sessiononclickdfive" value=""/>
<param name="seessinonenumbersix" value="[COLOR gray]אין[/COLOR]"/>
<param name="dialogclosedsix" value="Dialog.Close(6409)"/>
<param name="sessiononclickdsix" value=""/>
<param name="seessinonenumberseven" value="[COLOR gray]אין[/COLOR]"/>
<param name="dialogclosedseven" value="Dialog.Close(6409)"/>
<param name="sessiononclickdseven" value=""/>
<param name="seessinonenumbereight" value="[COLOR gray]אין[/COLOR]"/>
<param name="dialogclosedeight" value="Dialog.Close(6409)"/>
<param name="sessiononclickdeight" value=""/>
<param name="seessinonenumbernine" value="[COLOR gray]אין[/COLOR]"/>
<param name="dialogclosednine" value="Dialog.Close(6409)"/>
<param name="sessiononclickdnine" value=""/>
<param name="seessinonenumberten" value="[COLOR gray]אין[/COLOR]"/>
<param name="dialogclosedten" value="Dialog.Close(6409)"/>
<param name="sessiononclickdten" value=""/>
</include>


<include content="extrasshowsessionone">
<param name="extrasshowsessiononeid" value="503"/>
<param name="tvshowextrasname" value="הדבר הגדול המיוחד"/>
<param name="seessinonenumber" value="עונה 1"/>
<param name="dialogclose" value="Dialog.Close(6409)"/>
<param name="sessiononclick" value="ActivateWindow(10025,&quot;plugin://plugin.video.sdarot.tv/season/5274/1/%D7%94%D7%93%D7%91%D7%A8+%D7%94%D7%92%D7%93%D7%95%D7%9C+%D7%94%D7%9E%D7%99%D7%95%D7%97%D7%93/Hadavar+Hagadol+Hameyuhad&quot;,return)"/>
<param name="seessinonenumbertwo" value="[COLOR gray]אין[/COLOR]"/>
<param name="dialogclosedtwo" value="Dialog.Close(6409)"/>
<param name="sessiononclickdtwo" value=""/>
<param name="seessinonenumberthree" value="[COLOR gray]אין[/COLOR]"/>
<param name="dialogclosedthree" value="Dialog.Close(6409)"/>
<param name="sessiononclickdthree" value=""/>
<param name="seessinonenumberfour" value="[COLOR gray]אין[/COLOR]"/>
<param name="dialogclosedfour" value="Dialog.Close(6409)"/>
<param name="sessiononclickdfour" value=""/>
<param name="seessinonenumberfive" value="[COLOR gray]אין[/COLOR]"/>
<param name="dialogclosedfive" value="Dialog.Close(6409)"/>
<param name="sessiononclickdfive" value=""/>
<param name="seessinonenumbersix" value="[COLOR gray]אין[/COLOR]"/>
<param name="dialogclosedsix" value="Dialog.Close(6409)"/>
<param name="sessiononclickdsix" value=""/>
<param name="seessinonenumberseven" value="[COLOR gray]אין[/COLOR]"/>
<param name="dialogclosedseven" value="Dialog.Close(6409)"/>
<param name="sessiononclickdseven" value=""/>
<param name="seessinonenumbereight" value="[COLOR gray]אין[/COLOR]"/>
<param name="dialogclosedeight" value="Dialog.Close(6409)"/>
<param name="sessiononclickdeight" value=""/>
<param name="seessinonenumbernine" value="[COLOR gray]אין[/COLOR]"/>
<param name="dialogclosednine" value="Dialog.Close(6409)"/>
<param name="sessiononclickdnine" value=""/>
<param name="seessinonenumberten" value="[COLOR gray]אין[/COLOR]"/>
<param name="dialogclosedten" value="Dialog.Close(6409)"/>
<param name="sessiononclickdten" value=""/>
</include>

<!--
<include content="extrasshowsessionone">
<param name="extrasshowsessiononeid" value="505"/>
<param name="tvshowextrasname" value="הוואי חמש אפס"/>
<param name="seessinonenumber" value="עונה 1"/>
<param name="dialogclose" value="Dialog.Close(6409)"/>
<param name="sessiononclick" value=""/>
<param name="seessinonenumbertwo" value="עונה 2"/>
<param name="dialogclosedtwo" value="Dialog.Close(6409)"/>
<param name="sessiononclickdtwo" value=""/>
<param name="seessinonenumberthree" value="עונה 3"/>
<param name="dialogclosedthree" value="Dialog.Close(6409)"/>
<param name="sessiononclickdthree" value=""/>
<param name="seessinonenumberfour" value="עונה 4"/>
<param name="dialogclosedfour" value="Dialog.Close(6409)"/>
<param name="sessiononclickdfour" value=""/>
<param name="seessinonenumberfive" value="עונה 5"/>
<param name="dialogclosedfive" value="Dialog.Close(6409)"/>
<param name="sessiononclickdfive" value=""/>
<param name="seessinonenumbersix" value="עונה 6"/>
<param name="dialogclosedsix" value="Dialog.Close(6409)"/>
<param name="sessiononclickdsix" value=""/>
<param name="seessinonenumberseven" value="עונה 7"/>
<param name="dialogclosedseven" value="Dialog.Close(6409)"/>
<param name="sessiononclickdseven" value=""/>
<param name="seessinonenumbereight" value="עונה 8"/>
<param name="dialogclosedeight" value="Dialog.Close(6409)"/>
<param name="sessiononclickdeight" value=""/>
<param name="seessinonenumbernine" value="עונה 9"/>
<param name="dialogclosednine" value="Dialog.Close(6409)"/>
<param name="sessiononclickdnine" value=""/>
<param name="seessinonenumberten" value="עונה 10"/>
<param name="dialogclosedten" value="Dialog.Close(6409)"/>
<param name="sessiononclickdten" value=""/>
</include> -->

<!-- [COLOR gray]אין[/COLOR] -->


</control>
</controls>
</window>
