<?xml version="1.0" encoding="UTF-8"?>
<!-- Foundation -->
<window id="6406" type="dialog">
    <defaultcontrol always="true">1256</defaultcontrol>


<controls>


<control type="image">
<posx>550</posx>
<posy>20</posy>
<width>800</width>
<height>200</height>
<texture>special://skin/extras/circles/designedbyghost.png</texture>
</control>

<include>seriastvshowsmainmenu</include>

<control type="group">
<posy>100</posy>
<include content="tvshowpowersmainscreen">
<param name="tvshowid" value="1256"/>
<param name="listitemnumber" value="1"/>
<param name="tvshowcontent" value="plugin://plugin.audio.My.Music/?cat_level=%20&amp;count=0&amp;description=%5bB%5d%5bCOLOR%20burlywood%5d%20%d7%a9.%d7%a7%20%5b%2fCOLOR%5d%5b%2fB%5d&amp;fanart=https%3a%2f%2ffunender.com%2fwp-content%2fuploads%2f2017%2f11%2fTop-10-Box-Office-Weekend-Movies-Report-October-27-29-2017.jpg&amp;iconimage=http%3a%2f%2fngarba.xyz%2fadds%2fyos%2fphoto10.jpg&amp;index_depth=0&amp;lang=eng&amp;mode=5&amp;name=tvshow-newdesign--documentry&amp;page&amp;selected_list=%20&amp;url=%d7%a1%d7%93%d7%a8%d7%95%d7%aatvshow-newdesigntvshow-newdesign--documentry&quot"/>
</include>

<include content="firstsession">
<param name="firstsissonid" value="500"/>
<param name="tvshowlabelname" value="היי סקור"/>
<param name="firstsissonidcontent" value="plugin://plugin.video.mando/?all_w=%7b%7d&amp;data=2020&amp;dates=%20&amp;description=%5bCOLOR%20aqua%5d%20%d7%a9%d7%95%d7%93%d7%a8%20%d7%91%d7%aa%d7%90%d7%a8%d7%99%d7%9a%2019-08-2020%5b%2fCOLOR%5d%0aThis%20docuseries%20traces%20the%20history%20of%20classic%20video%20games%2c%20featuring%20insights%20from%20the%20innovators%20who%20brought%20these%20worlds%20and%20characters%20to%20life.&amp;eng_name=%20&amp;episode=%20&amp;fanart=https%3a%2f%2fimage.tmdb.org%2ft%2fp%2foriginal%2f%2fnvkf8df64oQqTbYXvTlSQIpoQNr.jpg&amp;fav_status=false&amp;heb_name=%d7%94%d7%99%d7%99%20%d7%a1%d7%a7%d7%95%d7%a8&amp;iconimage=https%3a%2f%2fimage.tmdb.org%2ft%2fp%2foriginal%2f%2frjGoaFGfZMqZ7v7IcKBpTEYq7iF.jpg&amp;id=106754&amp;image_master&amp;isr=0&amp;last_id&amp;mode=19&amp;name=%5bCOLOR%20white%5d%d7%a2%d7%95%d7%a0%d7%94%201%5b%2fCOLOR%5d&amp;original_title=High%20Score&amp;season=1&amp;show_original_year=2020&amp;tmdbid=385764&amp;url=https%3a%2f%2fapi.themoviedb.org%2f3%2ftv%2f106754%3fapi_key%3d34142515d9d23817496eeb4ff1d223d0%26language%3den%26append_to_response%3dexternal_ids&amp;video_data=%7b%22rating%22%3a%20%220%22%2c%20%22episode%22%3a%200%2c%20%22title%22%3a%20%22%5bCOLOR%20white%5d%5cu05e2%5cu05d5%5cu05e0%5cu05d4%201%5b%2fCOLOR%5d%22%2c%20%22season%22%3a%200%2c%20%22TVshowtitle%22%3a%20%22%22%2c%20%22mediatype%22%3a%20%22movie%22%2c%20%22plot%22%3a%20%22%5bCOLOR%20aqua%5d%20%5cu05e9%5cu05d5%5cu05d3%5cu05e8%20%5cu05d1%5cu05ea%5cu05d0%5cu05e8%5cu05d9%5cu05da%2019-08-2020%5b%2fCOLOR%5d%5cnThis%20docuseries%20traces%20the%20history%20of%20classic%20video%20games%2c%20featuring%20insights%20from%20the%20innovators%20who%20brought%20these%20worlds%20and%20characters%20to%20life.%22%2c%20%22OriginalTitle%22%3a%20%22High%20Score%22%2c%20%22Tag%22%3a%20%2216%22%2c%20%22year%22%3a%20%222020%22%7d&quot"/>
</include>

<include content="firstsession">
<param name="firstsissonid" value="501"/>
<param name="tvshowlabelname" value="מחוברים עולם של נתונים"/>
<param name="firstsissonidcontent" value="plugin://plugin.video.mando/?all_w=%7b%7d&amp;data=2020&amp;dates=%20&amp;description=%5bCOLOR%20aqua%5d%20%d7%a9%d7%95%d7%93%d7%a8%20%d7%91%d7%aa%d7%90%d7%a8%d7%99%d7%9a%2002-08-2020%5b%2fCOLOR%5d%0aScience%20journalist%20Latif%20Nasser%20investigates%20the%20surprising%20and%20intricate%20ways%20in%20which%20we%20are%20connected%20to%20each%20other%2c%20the%20world%20and%20the%20universe.&amp;eng_name=%20&amp;episode=%20&amp;fanart=https%3a%2f%2fimage.tmdb.org%2ft%2fp%2foriginal%2f%2fwbS5gQCwfl5Psa8PEyVNH89tBWY.jpg&amp;fav_status=false&amp;heb_name=%d7%9e%d7%97%d7%95%d7%91%d7%a8%d7%99%d7%9d%3a%20%d7%a2%d7%95%d7%9c%d7%9d%20%d7%a9%d7%9c%20%d7%a0%d7%aa%d7%95%d7%a0%d7%99%d7%9d&amp;iconimage=https%3a%2f%2fimage.tmdb.org%2ft%2fp%2foriginal%2f%2fu1xTMUr9aCplVLi67zsJ0DOpbz0.jpg&amp;id=106525&amp;image_master&amp;isr=0&amp;last_id&amp;mode=19&amp;name=%5bCOLOR%20white%5d%d7%a2%d7%95%d7%a0%d7%94%201%5b%2fCOLOR%5d&amp;original_title=Connected&amp;season=1&amp;show_original_year=2020&amp;tmdbid=385705&amp;url=https%3a%2f%2fapi.themoviedb.org%2f3%2ftv%2f106525%3fapi_key%3d34142515d9d23817496eeb4ff1d223d0%26language%3den%26append_to_response%3dexternal_ids&amp;video_data=%7b%22rating%22%3a%20%220%22%2c%20%22episode%22%3a%200%2c%20%22title%22%3a%20%22%5bCOLOR%20white%5d%5cu05e2%5cu05d5%5cu05e0%5cu05d4%201%5b%2fCOLOR%5d%22%2c%20%22season%22%3a%200%2c%20%22TVshowtitle%22%3a%20%22%22%2c%20%22mediatype%22%3a%20%22movie%22%2c%20%22plot%22%3a%20%22%5bCOLOR%20aqua%5d%20%5cu05e9%5cu05d5%5cu05d3%5cu05e8%20%5cu05d1%5cu05ea%5cu05d0%5cu05e8%5cu05d9%5cu05da%2002-08-2020%5b%2fCOLOR%5d%5cnScience%20journalist%20Latif%20Nasser%20investigates%20the%20surprising%20and%20intricate%20ways%20in%20which%20we%20are%20connected%20to%20each%20other%2c%20the%20world%20and%20the%20universe.%22%2c%20%22OriginalTitle%22%3a%20%22Connected%22%2c%20%22Tag%22%3a%20%2216%22%2c%20%22year%22%3a%20%222020%22%7d&quot"/>
</include>

<include content="firstsession">
<param name="firstsissonid" value="502"/>
<param name="tvshowlabelname" value="כת הסקס של ניו יורק"/>
<param name="firstsissonidcontent" value="plugin://plugin.video.mando/?all_w=%7b%7d&amp;data=2020&amp;dates=%20&amp;description=%5bCOLOR%20aqua%5d%20%d7%a9%d7%95%d7%93%d7%a8%20%d7%91%d7%aa%d7%90%d7%a8%d7%99%d7%9a%2023-08-2020%5b%2fCOLOR%5d%0aThe%20docuseries%20follows%20people%20deeply%20involved%20in%20the%20group%20NXIVM%20%e2%80%94%20which%20is%20faced%20with%20various%20charges%2c%20including%20sex%20trafficking%20and%20racketeering%20conspiracy%20%e2%80%94%20over%20the%20course%20of%20several%20years.&amp;eng_name=%20&amp;episode=%20&amp;fanart=https%3a%2f%2fimage.tmdb.org%2ft%2fp%2foriginal%2f%2fmcwkWBYWfHjzEiuu5y9aCqXnj8b.jpg&amp;fav_status=false&amp;heb_name=%d7%9b%d7%aa%20%d7%94%d7%a1%d7%a7%d7%a1%20%d7%a9%d7%9c%20%d7%a0%d7%99%d7%95%20%d7%99%d7%95%d7%a8%d7%a7&amp;iconimage=https%3a%2f%2fimage.tmdb.org%2ft%2fp%2foriginal%2f%2ftFxJyCDS6bGCTG5DiNjQJOAEl1C.jpg&amp;id=49920&amp;image_master&amp;isr=0&amp;last_id&amp;mode=19&amp;name=%5bCOLOR%20white%5d%d7%a2%d7%95%d7%a0%d7%94%201%5b%2fCOLOR%5d&amp;original_title=The%20Vow&amp;season=1&amp;show_original_year=2020&amp;tmdbid=386160&amp;url=https%3a%2f%2fapi.themoviedb.org%2f3%2ftv%2f49920%3fapi_key%3d34142515d9d23817496eeb4ff1d223d0%26language%3den%26append_to_response%3dexternal_ids&amp;video_data=%7b%22rating%22%3a%20%220%22%2c%20%22episode%22%3a%200%2c%20%22title%22%3a%20%22%5bCOLOR%20white%5d%5cu05e2%5cu05d5%5cu05e0%5cu05d4%201%5b%2fCOLOR%5d%22%2c%20%22season%22%3a%200%2c%20%22TVshowtitle%22%3a%20%22%22%2c%20%22mediatype%22%3a%20%22movie%22%2c%20%22plot%22%3a%20%22%5bCOLOR%20aqua%5d%20%5cu05e9%5cu05d5%5cu05d3%5cu05e8%20%5cu05d1%5cu05ea%5cu05d0%5cu05e8%5cu05d9%5cu05da%2023-08-2020%5b%2fCOLOR%5d%5cnThe%20docuseries%20follows%20people%20deeply%20involved%20in%20the%20group%20NXIVM%20%5cu2014%20which%20is%20faced%20with%20various%20charges%2c%20including%20sex%20trafficking%20and%20racketeering%20conspiracy%20%5cu2014%20over%20the%20course%20of%20several%20years.%22%2c%20%22OriginalTitle%22%3a%20%22The%20Vow%22%2c%20%22Tag%22%3a%20%2216%22%2c%20%22year%22%3a%20%222020%22%7d&quot"/>
</include>

<include content="firstsession">
<param name="firstsissonid" value="503"/>
<param name="tvshowlabelname" value="ברירה לא-טבעית"/>
<param name="firstsissonidcontent" value="plugin://plugin.video.mando/?all_w=%7b%7d&amp;data=2019&amp;dates=%20&amp;description=%5bCOLOR%20aqua%5d%20%d7%a9%d7%95%d7%93%d7%a8%20%d7%91%d7%aa%d7%90%d7%a8%d7%99%d7%9a%2018-10-2019%5b%2fCOLOR%5d%0aDNA%2c%20the%20very%20essence%20of%20life%2c%20can%20now%20be%20altered.%20Not%20only%20by%20Harvard%20geneticists%20and%20multi-billion%20dollar%20corporations%2c%20but%20also%20by%20renegade%20biohackers%20working%20out%20of%20their%20garages.&amp;eng_name=%20&amp;episode=%20&amp;fanart=https%3a%2f%2fimage.tmdb.org%2ft%2fp%2foriginal%2f%2fgsTePch8cKsQlb2GSsvcN2q0PKT.jpg&amp;fav_status=false&amp;heb_name=%d7%91%d7%a8%d7%99%d7%a8%d7%94%20%d7%9c%d7%90-%d7%98%d7%91%d7%a2%d7%99%d7%aa&amp;iconimage=https%3a%2f%2fimage.tmdb.org%2ft%2fp%2foriginal%2f%2feDSJbPwRWP961WzWmUuthcKV3B1.jpg&amp;id=94647&amp;image_master&amp;isr=0&amp;last_id&amp;mode=19&amp;name=%5bCOLOR%20white%5d%d7%a2%d7%95%d7%a0%d7%94%201%5b%2fCOLOR%5d&amp;original_title=Unnatural%20Selection&amp;season=1&amp;show_original_year=2019&amp;tmdbid=370467&amp;url=https%3a%2f%2fapi.themoviedb.org%2f3%2ftv%2f94647%3fapi_key%3d34142515d9d23817496eeb4ff1d223d0%26language%3den%26append_to_response%3dexternal_ids&amp;video_data=%7b%22rating%22%3a%20%220%22%2c%20%22episode%22%3a%200%2c%20%22title%22%3a%20%22%5bCOLOR%20white%5d%5cu05e2%5cu05d5%5cu05e0%5cu05d4%201%5b%2fCOLOR%5d%22%2c%20%22season%22%3a%200%2c%20%22TVshowtitle%22%3a%20%22%22%2c%20%22mediatype%22%3a%20%22movie%22%2c%20%22plot%22%3a%20%22%5bCOLOR%20aqua%5d%20%5cu05e9%5cu05d5%5cu05d3%5cu05e8%20%5cu05d1%5cu05ea%5cu05d0%5cu05e8%5cu05d9%5cu05da%2018-10-2019%5b%2fCOLOR%5d%5cnDNA%2c%20the%20very%20essence%20of%20life%2c%20can%20now%20be%20altered.%20Not%20only%20by%20Harvard%20geneticists%20and%20multi-billion%20dollar%20corporations%2c%20but%20also%20by%20renegade%20biohackers%20working%20out%20of%20their%20garages.%22%2c%20%22OriginalTitle%22%3a%20%22Unnatural%20Selection%22%2c%20%22Tag%22%3a%20%2216%22%2c%20%22year%22%3a%20%222019%22%7d&quot"/>
</include>

<include content="firstsession">
<param name="firstsissonid" value="504"/>
<param name="tvshowlabelname" value="שערורייה במעבדה"/>
<param name="firstsissonidcontent" value="plugin://plugin.video.mando/?all_w=%7b%7d&amp;data=2020&amp;dates=%20&amp;description=%5bCOLOR%20aqua%5d%20%d7%a9%d7%95%d7%93%d7%a8%20%d7%91%d7%aa%d7%90%d7%a8%d7%99%d7%9a%2001-04-2020%5b%2fCOLOR%5d%0aThe%20four-part%20docuseries%20revolves%20around%20Amherst%2c%20Massachusetts%2c%20drug%20lab%20chemist%20Sonja%20Farak%20who%20became%20addicted%20to%20the%20narcotics%20she%20was%20supposed%20to%20be%20testing.%20In%20covering%20her%20tracks%2c%20Farak%20falsified%20thousands%20of%20results%20and%20opened%20the%20door%20to%20overturning%20hundreds%20of%20wrongful%20convictions.&amp;eng_name=%20&amp;episode=%20&amp;fanart=https%3a%2f%2fimage.tmdb.org%2ft%2fp%2foriginal%2f%2f21VUjb8gR8HkjTus3BFQlJLYGmr.jpg&amp;fav_status=false&amp;heb_name=%d7%a9%d7%a2%d7%a8%d7%95%d7%a8%d7%99%d7%99%d7%94%20%d7%91%d7%9e%d7%a2%d7%91%d7%93%d7%94&amp;iconimage=https%3a%2f%2fimage.tmdb.org%2ft%2fp%2foriginal%2f%2f17iXXup0b81qdwUFBDwm41B48MA.jpg&amp;id=100407&amp;image_master&amp;isr=0&amp;last_id&amp;mode=19&amp;name=%5bCOLOR%20white%5d%d7%a2%d7%95%d7%a0%d7%94%201%5b%2fCOLOR%5d&amp;original_title=How%20to%20Fix%20a%20Drug%20Scandal&amp;season=1&amp;show_original_year=2020&amp;tmdbid=378367&amp;url=https%3a%2f%2fapi.themoviedb.org%2f3%2ftv%2f100407%3fapi_key%3d34142515d9d23817496eeb4ff1d223d0%26language%3den%26append_to_response%3dexternal_ids&amp;video_data=%7b%22rating%22%3a%20%220%22%2c%20%22episode%22%3a%200%2c%20%22title%22%3a%20%22%5bCOLOR%20white%5d%5cu05e2%5cu05d5%5cu05e0%5cu05d4%201%5b%2fCOLOR%5d%22%2c%20%22season%22%3a%200%2c%20%22TVshowtitle%22%3a%20%22%22%2c%20%22mediatype%22%3a%20%22movie%22%2c%20%22plot%22%3a%20%22%5bCOLOR%20aqua%5d%20%5cu05e9%5cu05d5%5cu05d3%5cu05e8%20%5cu05d1%5cu05ea%5cu05d0%5cu05e8%5cu05d9%5cu05da%2001-04-2020%5b%2fCOLOR%5d%5cnThe%20four-part%20docuseries%20revolves%20around%20Amherst%2c%20Massachusetts%2c%20drug%20lab%20chemist%20Sonja%20Farak%20who%20became%20addicted%20to%20the%20narcotics%20she%20was%20supposed%20to%20be%20testing.%20In%20covering%20her%20tracks%2c%20Farak%20falsified%20thousands%20of%20results%20and%20opened%20the%20door%20to%20overturning%20hundreds%20of%20wrongful%20convictions.%22%2c%20%22OriginalTitle%22%3a%20%22How%20to%20Fix%20a%20Drug%20Scandal%22%2c%20%22Tag%22%3a%20%2216%22%2c%20%22year%22%3a%20%222020%22%7d&quot"/>
</include>

<include content="firstsession">
<param name="firstsissonid" value="505"/>
<param name="tvshowlabelname" value="בית"/>
<param name="firstsissonidcontent" value="plugin://plugin.video.sdarot.tv/season/5398/1/%D7%91%D7%99%D7%AA/Home&quot"/>
</include>

<include content="firstsession">
<param name="firstsissonid" value="506"/>
<param name="tvshowlabelname" value="זאק אפרון עם שתי רגליים על הקרקע"/>
<param name="firstsissonidcontent" value="plugin://plugin.video.mando/?all_w=%7b%7d&amp;data=2020&amp;dates=%20&amp;description=%5bCOLOR%20aqua%5d%20%d7%a9%d7%95%d7%93%d7%a8%20%d7%91%d7%aa%d7%90%d7%a8%d7%99%d7%9a%2010-07-2020%5b%2fCOLOR%5d%0aActor%20Zac%20Efron%20journeys%20around%20the%20world%20with%20wellness%20expert%20Darin%20Olien%20in%20a%20travel%20show%20that%20explores%20healthy%2c%20sustainable%20ways%20to%20live.&amp;eng_name=%20&amp;episode=%20&amp;fanart=https%3a%2f%2fimage.tmdb.org%2ft%2fp%2foriginal%2f%2fprs7zCDXmcoN0iDxac91LGO1QKZ.jpg&amp;fav_status=false&amp;heb_name=%d7%96%d7%90%d7%a7%20%d7%90%d7%a4%d7%a8%d7%95%d7%9f%3a%20%d7%a2%d7%9d%20%d7%a9%d7%aa%d7%99%20%d7%a8%d7%92%d7%9c%d7%99%d7%99%d7%9d%20%d7%a2%d7%9c%20%d7%94%d7%a7%d7%a8%d7%a7%d7%a2&amp;iconimage=https%3a%2f%2fimage.tmdb.org%2ft%2fp%2foriginal%2f%2fnTqODanm64hil8eCO867X1kBGR2.jpg&amp;id=105288&amp;image_master&amp;isr=0&amp;last_id&amp;mode=19&amp;name=%5bCOLOR%20white%5d%d7%a2%d7%95%d7%a0%d7%94%201%5b%2fCOLOR%5d&amp;original_title=Down%20to%20Earth%20with%20Zac%20Efron&amp;season=1&amp;show_original_year=2020&amp;tmdbid=384505&amp;url=https%3a%2f%2fapi.themoviedb.org%2f3%2ftv%2f105288%3fapi_key%3d34142515d9d23817496eeb4ff1d223d0%26language%3den%26append_to_response%3dexternal_ids&amp;video_data=%7b%22rating%22%3a%20%220%22%2c%20%22episode%22%3a%200%2c%20%22title%22%3a%20%22%5bCOLOR%20white%5d%5cu05e2%5cu05d5%5cu05e0%5cu05d4%201%5b%2fCOLOR%5d%22%2c%20%22season%22%3a%200%2c%20%22TVshowtitle%22%3a%20%22%22%2c%20%22mediatype%22%3a%20%22movie%22%2c%20%22plot%22%3a%20%22%5bCOLOR%20aqua%5d%20%5cu05e9%5cu05d5%5cu05d3%5cu05e8%20%5cu05d1%5cu05ea%5cu05d0%5cu05e8%5cu05d9%5cu05da%2010-07-2020%5b%2fCOLOR%5d%5cnActor%20Zac%20Efron%20journeys%20around%20the%20world%20with%20wellness%20expert%20Darin%20Olien%20in%20a%20travel%20show%20that%20explores%20healthy%2c%20sustainable%20ways%20to%20live.%22%2c%20%22OriginalTitle%22%3a%20%22Down%20to%20Earth%20with%20Zac%20Efron%22%2c%20%22Tag%22%3a%20%2216%22%2c%20%22year%22%3a%20%222020%22%7d&quot"/>
</include>

<include content="firstsession">
<param name="firstsissonid" value="507"/>
<param name="tvshowlabelname" value="טיפול זוגי"/>
<param name="firstsissonidcontent" value="plugin://plugin.video.mando/?all_w=%7b%7d&amp;data=2019&amp;dates=%20&amp;description=%5bCOLOR%20aqua%5d%20%d7%a9%d7%95%d7%93%d7%a8%20%d7%91%d7%aa%d7%90%d7%a8%d7%99%d7%9a%2006-09-2019%5b%2fCOLOR%5d%0aFar%20from%20reality-show%20caricatures%2c%20this%20is%20true%20documentary%20filmmaking%20that%20brings%20viewers%20into%20the%20authentic%20and%20visceral%20experience%20of%20weekly%20therapy%20with%20four%20couples.%20World-class%20therapist%20Dr.%20Orna%20Guralnik%20deftly%20guides%20the%20couples%20through%20the%20minefield%20of%20honest%20confrontation%20with%20each%20other%20and%20with%20themselves%2c%20revealing%20the%20real-life%20struggles%20%e2%80%94%20and%20extraordinary%20breakthroughs%20%e2%80%94%20typically%20hidden%20behind%20closed%20doors.&amp;eng_name=%20&amp;episode=%20&amp;fanart=https%3a%2f%2fimage.tmdb.org%2ft%2fp%2foriginal%2f%2fAsALhu8RyXXIXNELntrcybXzgjD.jpg&amp;fav_status=false&amp;heb_name=%d7%98%d7%99%d7%a4%d7%95%d7%9c%20%d7%96%d7%95%d7%92%d7%99&amp;iconimage=https%3a%2f%2fimage.tmdb.org%2ft%2fp%2foriginal%2f%2frYN2JRrfUZfxLhcQtQC0QTTLR3Q.jpg&amp;id=91820&amp;image_master&amp;isr=0&amp;last_id&amp;mode=19&amp;name=%5bCOLOR%20white%5d%d7%a2%d7%95%d7%a0%d7%94%201%5b%2fCOLOR%5d&amp;original_title=Couples%20Therapy&amp;season=1&amp;show_original_year=2019&amp;tmdbid=367813&amp;url=https%3a%2f%2fapi.themoviedb.org%2f3%2ftv%2f91820%3fapi_key%3d34142515d9d23817496eeb4ff1d223d0%26language%3den%26append_to_response%3dexternal_ids&amp;video_data=%7b%22rating%22%3a%20%220%22%2c%20%22episode%22%3a%200%2c%20%22title%22%3a%20%22%5bCOLOR%20white%5d%5cu05e2%5cu05d5%5cu05e0%5cu05d4%201%5b%2fCOLOR%5d%22%2c%20%22season%22%3a%200%2c%20%22TVshowtitle%22%3a%20%22%22%2c%20%22mediatype%22%3a%20%22movie%22%2c%20%22plot%22%3a%20%22%5bCOLOR%20aqua%5d%20%5cu05e9%5cu05d5%5cu05d3%5cu05e8%20%5cu05d1%5cu05ea%5cu05d0%5cu05e8%5cu05d9%5cu05da%2006-09-2019%5b%2fCOLOR%5d%5cnFar%20from%20reality-show%20caricatures%2c%20this%20is%20true%20documentary%20filmmaking%20that%20brings%20viewers%20into%20the%20authentic%20and%20visceral%20experience%20of%20weekly%20therapy%20with%20four%20couples.%20World-class%20therapist%20Dr.%20Orna%20Guralnik%20deftly%20guides%20the%20couples%20through%20the%20minefield%20of%20honest%20confrontation%20with%20each%20other%20and%20with%20themselves%2c%20revealing%20the%20real-life%20struggles%20%5cu2014%20and%20extraordinary%20breakthroughs%20%5cu2014%20typically%20hidden%20behind%20closed%20doors.%22%2c%20%22OriginalTitle%22%3a%20%22Couples%20Therapy%22%2c%20%22Tag%22%3a%20%2216%22%2c%20%22year%22%3a%20%222019%22%7d&quot"/>
</include>

<include content="firstsession">
<param name="firstsissonid" value="508"/>
<param name="tvshowlabelname" value="דרך ארוכה למעלה"/>
<param name="firstsissonidcontent" value="plugin://plugin.video.mando/?all_w=%7b%7d&amp;data=2020&amp;dates=%20&amp;description=%5bCOLOR%20aqua%5d%20%d7%a9%d7%95%d7%93%d7%a8%20%d7%91%d7%aa%d7%90%d7%a8%d7%99%d7%9a%2018-09-2020%5b%2fCOLOR%5d%0aFollow%20Ewan%20McGregor%20and%20his%20friend%20Charley%20Boorman%20as%20they%20travel%20on%20electric%20Harley-Davidsons%2013%2c000%20miles%20through%20Central%20and%20South%20America.%20A%20follow%20up%20to%20previous%20series%20Long%20Way%20Round%20and%20Long%20Way%20Down.&amp;eng_name=%20&amp;episode=%20&amp;fanart=https%3a%2f%2fimage.tmdb.org%2ft%2fp%2foriginal%2f%2feQAvZCuB4NNRUGWoJTuOX8dnb1g.jpg&amp;fav_status=false&amp;heb_name=%d7%93%d7%a8%d7%9a%20%d7%90%d7%a8%d7%95%d7%9b%d7%94%20%d7%9c%d7%9e%d7%a2%d7%9c%d7%94&amp;iconimage=https%3a%2f%2fimage.tmdb.org%2ft%2fp%2foriginal%2f%2fvIYypq8weE5iEnsfSUs3KMMIiyg.jpg&amp;id=106871&amp;image_master&amp;isr=0&amp;last_id&amp;mode=19&amp;name=%5bCOLOR%20white%5d%d7%a2%d7%95%d7%a0%d7%94%201%5b%2fCOLOR%5d&amp;original_title=Long%20Way%20Up&amp;season=1&amp;show_original_year=2020&amp;tmdbid=376752&amp;url=https%3a%2f%2fapi.themoviedb.org%2f3%2ftv%2f106871%3fapi_key%3d34142515d9d23817496eeb4ff1d223d0%26language%3den%26append_to_response%3dexternal_ids&amp;video_data=%7b%22rating%22%3a%20%220%22%2c%20%22episode%22%3a%200%2c%20%22title%22%3a%20%22%5bCOLOR%20white%5d%5cu05e2%5cu05d5%5cu05e0%5cu05d4%201%5b%2fCOLOR%5d%22%2c%20%22season%22%3a%200%2c%20%22TVshowtitle%22%3a%20%22%22%2c%20%22mediatype%22%3a%20%22movie%22%2c%20%22plot%22%3a%20%22%5bCOLOR%20aqua%5d%20%5cu05e9%5cu05d5%5cu05d3%5cu05e8%20%5cu05d1%5cu05ea%5cu05d0%5cu05e8%5cu05d9%5cu05da%2018-09-2020%5b%2fCOLOR%5d%5cnFollow%20Ewan%20McGregor%20and%20his%20friend%20Charley%20Boorman%20as%20they%20travel%20on%20electric%20Harley-Davidsons%2013%2c000%20miles%20through%20Central%20and%20South%20America.%20A%20follow%20up%20to%20previous%20series%20Long%20Way%20Round%20and%20Long%20Way%20Down.%22%2c%20%22OriginalTitle%22%3a%20%22Long%20Way%20Up%22%2c%20%22Tag%22%3a%20%2216%22%2c%20%22year%22%3a%20%222020%22%7d&quot"/>
</include>

<!--
<include content="firstsession">
<param name="firstsissonid" value="500"/>
<param name="tvshowlabelname" value=""/>
<param name="firstsissonidcontent" value=""/>
</include>
<include content="tvshowseesiontwo">
<param name="seesiontwoid" value="501"/>
<param name="tvshowlabelname" value=""/>
<param name="seesiontwoidcontent" value=""/>
</include>
<include content="tvshowseesionthree">
<param name="seesionthreeid" value="502"/>
<param name="tvshowlabelname" value=""/>
<param name="seesionthreeidcontent" value=""/>
</include>
<include content="tvshowseesionfour">
<param name="seesionfourid" value="503"/>
<param name="tvshowlabelname" value=""/>
<param name="seesionfouridcontent" value=""/>
</include>
<include content="tvshowseesionfive">
<param name="seesionfiveid" value="504"/>
<param name="tvshowlabelname" value=""/>
<param name="seesionfiveidcontent" value=""/>
</include>
<include content="tvshowseesionsix">
<param name="seesionsixid" value="505"/>
<param name="tvshowlabelname" value=""/>
<param name="seesionsixidcontent" value=""/>
</include>
<include content="tvshowseesionseven">
<param name="seesionsevenid" value="506"/>
<param name="tvshowlabelname" value=""/>
<param name="seesionsevenidcontent" value=""/>
</include>

-->
</control>
</controls>
</window>
