<?xml version="1.0" encoding="UTF-8"?>
<!-- Foundation -->
<window id="6400" type="dialog">
    <defaultcontrol always="true">6</defaultcontrol>
    	<onload>ClearProperty(quicknavsetup,home)</onload>
		<onload>Dialog.Close(6671)</onload>
		<onload>Dialog.Close(6675)</onload>
		<onunload>ClearProperty(quicknavsetup,home)</onunload>

<controls>
			<control type="multiimage">
			<posx>0</posx>
			<posy>0</posy>
			<width>1920</width>
			<height>1080</height>
			<imagepath background="true">special://skin/extras/specialbuttons/background.jpg</imagepath>
			<aspectratio aligny="top">scale</aspectratio>
			<timeperimage>80000</timeperimage>
			<randomize>true</randomize>
			<fadetime>650</fadetime>
		</control>
			<control type="group">
			<animation type="WindowOpen">
<effect type="slide" start="0,0" end="2000,0" time="350" tween="sine" easing="inout"/>
</animation>
<animation type="WindowClose">
<effect type="slide" start="2000,0" end="0,0" time="350" tween="sine" easing="inout"/>
</animation>
		<control type="label">
		<posx>-600</posx>
		<posy>0</posy>
		<width>500</width>
		<label>[B]סדרות לפי רשתות[/B]</label>
		</control>
			<control type="panel" id="5">
			<posx>-900</posx>
			<posy>20</posy>
			<width>800</width>
			<height>800</height>
			<onup>5</onup>
			<ondown>7</ondown>
			<onleft>Control.SetFocus(6)</onleft>
			<orientation>vertical</orientation>
			<onleft>Dialog.Close(6683)</onleft>
			<onback>Dialog.Close(6683)</onback>
			<scrolltime tweeb="cubic" easing="inout">450</scrolltime>
			<itemlayout width="200" height="225">
			<control type="image">
			<posx>0</posx>
			<posy>0</posy>
			<width>220</width>
			<height>220</height>
			<texture border="40">special://skin/extras/common/roundedbutton-nofocus.png</texture>
			</control>
			<control type="image">
			<posx>0</posx>
			<posy>180</posy>
			<width>220</width>
			<height>75</height>
			<texture border="20">special://skin/extras/common/roundedbutton-nofocus.png</texture>
			</control>
			<control type="multiimage">
			<posx>21</posx>
			<posy>21</posy>
			<width>175</width>
			<height>175</height>
			<imagepath diffuse="special://skin/extras/diffuse/fanart_diffuse.png">$INFO[ListItem.Thumb]</imagepath>
			</control>
				<control type="label">
					<posx>0</posx>
					<posy>160</posy>
					<width>222</width>
					<height>3-row</height>
					<wrapmultiline>true</wrapmultiline>
					<aligny>center</aligny>
					<align>center</align>
					<textcolor>white</textcolor>
					<shadowcolor></shadowcolor>
					<label>[B][CAPITALIZE]$INFO[ListItem.label][/CAPITALIZE][/B]</label>
				</control>
			</itemlayout>
			<focusedlayout width="200" height="225">

			
			<control type="image">
			<posx>0</posx>
			<posy>0</posy>
			<width>220</width>
			<height>220</height>
			<texture border="40">special://skin/extras/common/roundedbutton-nofocus.png</texture>
			</control>
			<control type="image">
			<posx>0</posx>
			<posy>180</posy>
			<width>220</width>
			<height>75</height>
			<texture border="20">special://skin/extras/common/roundedbutton-nofocus.png</texture>
			</control>
			<control type="image">
			<visible>Control.HasFocus(5)</visible>
			<posx>3</posx>
			<posy>192</posy>
			<width>214</width>
			<height>50</height>
			<texture colordiffuse="red">special://skin/extras/common/roundedbutton-nofocus-red.png</texture>
			</control>
			<control type="multiimage">
			<posx>21</posx>
			<posy>21</posy>
			<width>175</width>
			<height>175</height>
			<imagepath diffuse="special://skin/extras/diffuse/fanart_diffuse.png">$INFO[ListItem.Thumb]</imagepath>
			</control>
				<control type="label">
					<posx>0</posx>
					<posy>160</posy>
					<width>222</width>
					<height>3-row</height>
					<wrapmultiline>true</wrapmultiline>
					<aligny>center</aligny>
					<align>center</align>
					<textcolor>white</textcolor>
					<shadowcolor></shadowcolor>
					<label>[B][CAPITALIZE]$INFO[ListItem.label][/CAPITALIZE][/B]</label>
				</control>
			</focusedlayout>
			<content>
			<item>
				<thumb>https://i.pinimg.com/originals/dd/d1/69/ddd169a33e8113620e431d2c5fdf1cf8.jpg</thumb>
				<label>נטפליקס</label>
				<onclick>Dialog.Close(6400)</onclick>
				<onclick>ActivateWindow(10025,&quot;plugin://plugin.video.mando/?all_w=%7b%7d&amp;data=%20&amp;dates=%20&amp;description=NetFlix&amp;eng_name=%20&amp;episode=%20&amp;fanart=https%3a%2f%2fi.ytimg.com%2fvi%2ffJ8WffxB2Pg%2fmaxresdefault.jpg&amp;fav_status=false&amp;heb_name=%20&amp;iconimage=https%3a%2f%2fart.pixilart.com%2f705ba833f935409.png&amp;id=%20&amp;image_master&amp;isr=0&amp;last_id&amp;mode=14&amp;name=%5bCOLOR%20red%5dNetFlix%5b%2fCOLOR%5d&amp;original_title=%20&amp;season=%20&amp;show_original_year=%20&amp;tmdbid=%20&amp;url=https%3a%2f%2fapi.themoviedb.org%2f3%2fdiscover%2ftv%3fapi_key%3d34142515d9d23817496eeb4ff1d223d0%26with_networks%3d213%26language%3dhe%26sort_by%3dfirst_air_date.desc%26timezone%3dAmerica%252FNew_York%26include_null_first_air_dates%3dfalse%26page%3d1&amp;video_data=%7b%22rating%22%3a%20%220%22%2c%20%22episode%22%3a%200%2c%20%22title%22%3a%20%22%5bCOLOR%20red%5dNetFlix%5b%2fCOLOR%5d%22%2c%20%22season%22%3a%200%2c%20%22TVshowtitle%22%3a%20%22%22%2c%20%22mediatype%22%3a%20%22movie%22%2c%20%22plot%22%3a%20%22NetFlix%22%2c%20%22OriginalTitle%22%3a%20%22%20%22%2c%20%22Tag%22%3a%20%22101%22%7d&quot;,return)</onclick>
				</item>
			<item>
				<thumb>https://wwwimage-secure.cbsstatic.com/base/files/seo/cbs_social_0.jpg</thumb>
				<label>CBS</label>
				<onclick>Dialog.Close(6400)</onclick>
				<onclick>ActivateWindow(10025,&quot;plugin://plugin.video.mando/?all_w=%7b%7d&amp;data=%20&amp;dates=%20&amp;description=HBO&amp;eng_name=%20&amp;episode=%20&amp;fanart=https%3a%2f%2ftvseriesfinale.com%2fwp-content%2fuploads%2f2014%2f10%2fcbs40-590x221.jpg&amp;fav_status=false&amp;heb_name=%20&amp;iconimage=https%3a%2f%2fcdn.freebiesupply.com%2flogos%2flarge%2f2x%2fcbs-logo-png-transparent.png&amp;id=%20&amp;image_master&amp;isr=0&amp;last_id&amp;mode=14&amp;name=%5bCOLOR%20lightblue%5dCBS%5b%2fCOLOR%5d&amp;original_title=%20&amp;season=%20&amp;show_original_year=%20&amp;tmdbid=%20&amp;url=https%3a%2f%2fapi.themoviedb.org%2f3%2fdiscover%2ftv%3fapi_key%3d34142515d9d23817496eeb4ff1d223d0%26with_networks%3d16%26language%3dhe%26sort_by%3dfirst_air_date.desc%26timezone%3dAmerica%252FNew_York%26include_null_first_air_dates%3dfalse%26page%3d1&amp;video_data=%7b%22rating%22%3a%20%220%22%2c%20%22episode%22%3a%200%2c%20%22title%22%3a%20%22%5bCOLOR%20lightblue%5dCBS%5b%2fCOLOR%5d%22%2c%20%22season%22%3a%200%2c%20%22TVshowtitle%22%3a%20%22%22%2c%20%22mediatype%22%3a%20%22movie%22%2c%20%22plot%22%3a%20%22HBO%22%2c%20%22OriginalTitle%22%3a%20%22%20%22%2c%20%22Tag%22%3a%20%22101%22%7d&quot;,return)</onclick>
				</item>
			<item>
				<thumb>https://vosizneias.com/wp-content/uploads/2019/08/hbo-static-1920.jpg</thumb>
				<label>HBO</label>
				<onclick>Dialog.Close(6400)</onclick>
				<onclick>ActivateWindow(10025,&quot;plugin://plugin.video.mando/?all_w=%7b%7d&amp;data=%20&amp;dates=%20&amp;description=HBO&amp;eng_name=%20&amp;episode=%20&amp;fanart=https%3a%2f%2fwww.hbo.com%2fcontent%2fdam%2fhbodata%2fbrand%2fhbo-static-1920.jpg&amp;fav_status=false&amp;heb_name=%20&amp;iconimage=https%3a%2f%2ffilmschoolrejects.com%2fwp-content%2fuploads%2f2018%2f01%2fhbo-logo.jpg&amp;id=%20&amp;image_master&amp;isr=0&amp;last_id&amp;mode=14&amp;name=%5bCOLOR%20gray%5dHBO%5b%2fCOLOR%5d&amp;original_title=%20&amp;season=%20&amp;show_original_year=%20&amp;tmdbid=%20&amp;url=https%3a%2f%2fapi.themoviedb.org%2f3%2fdiscover%2ftv%3fapi_key%3d34142515d9d23817496eeb4ff1d223d0%26with_networks%3d49%26language%3dhe%26sort_by%3dfirst_air_date.desc%26timezone%3dAmerica%252FNew_York%26include_null_first_air_dates%3dfalse%26page%3d1&amp;video_data=%7b%22rating%22%3a%20%220%22%2c%20%22episode%22%3a%200%2c%20%22title%22%3a%20%22%5bCOLOR%20gray%5dHBO%5b%2fCOLOR%5d%22%2c%20%22season%22%3a%200%2c%20%22TVshowtitle%22%3a%20%22%22%2c%20%22mediatype%22%3a%20%22movie%22%2c%20%22plot%22%3a%20%22HBO%22%2c%20%22OriginalTitle%22%3a%20%22%20%22%2c%20%22Tag%22%3a%20%22101%22%7d&quot;,return)</onclick>
				</item>
			<item>
				<thumb>https://www.slashgear.com/wp-content/uploads/2020/03/disney-1280x720.jpg</thumb>
				<label>Disney+</label>
				<onclick>Dialog.Close(6400)</onclick>
				<onclick>ActivateWindow(10025,&quot;plugin://plugin.video.mando/?all_w=%7b%7d&amp;data=%20&amp;dates=%20&amp;description=Disney&amp;eng_name=%20&amp;episode=%20&amp;fanart=https%3a%2f%2fallears.net%2fwp-content%2fuploads%2f2018%2f11%2fwonderful-world-of-animation-disneys-hollywood-studios.jpg&amp;fav_status=false&amp;heb_name=%20&amp;iconimage=https%3a%2f%2flumiere-a.akamaihd.net%2fv1%2fimages%2fimage_308e48ed.png&amp;id=%20&amp;image_master&amp;isr=0&amp;last_id&amp;mode=14&amp;name=%5bCOLOR%20lightblue%5dDisney%2b%5b%2fCOLOR%5d&amp;original_title=%20&amp;season=%20&amp;show_original_year=%20&amp;tmdbid=%20&amp;url=https%3a%2f%2fapi.themoviedb.org%2f3%2fdiscover%2ftv%3fapi_key%3d34142515d9d23817496eeb4ff1d223d0%26with_networks%3d2739%26language%3dhe%26sort_by%3dfirst_air_date.desc%26timezone%3dAmerica%252FNew_York%26include_null_first_air_dates%3dfalse%26page%3d1&amp;video_data=%7b%22rating%22%3a%20%220%22%2c%20%22episode%22%3a%200%2c%20%22title%22%3a%20%22%5bCOLOR%20lightblue%5dDisney%2b%5b%2fCOLOR%5d%22%2c%20%22season%22%3a%200%2c%20%22TVshowtitle%22%3a%20%22%22%2c%20%22mediatype%22%3a%20%22movie%22%2c%20%22plot%22%3a%20%22Disney%22%2c%20%22OriginalTitle%22%3a%20%22%20%22%2c%20%22Tag%22%3a%20%22101%22%7d&quot;,return)</onclick>
				</item>
			<item>
				<thumb>https://www.xda-developers.com/files/2019/07/hulu-logo.jpg</thumb>
				<label>HULU</label>
				<onclick>Dialog.Close(6400)</onclick>
				<onclick>ActivateWindow(10025,&quot;plugin://plugin.video.mando/?all_w=%7b%7d&amp;data=%20&amp;dates=%20&amp;description=hulu&amp;eng_name=%20&amp;episode=%20&amp;fanart=https%3a%2f%2fwww.google.com%2furl%3fsa%3di%26rct%3dj%26q%3d%26esrc%3ds%26source%3dimages%26cd%3d%26cad%3drja%26uact%3d8%26ved%3d2ahUKEwi677r77IbeAhURNhoKHeXyB-AQjRx6BAgBEAU%26url%3dhttps%253A%252F%252Fwww.hulu.com%252F%26psig%3dAOvVaw0xW2rhsh4UPsbe8wPjrul1%26ust%3d1539638077261645&amp;fav_status=false&amp;heb_name=%20&amp;iconimage=https%3a%2f%2fi1.wp.com%2fthetalkinggeek.com%2fwp-content%2fuploads%2f2012%2f03%2fhulu_logo_spiced-up.png%3fresize%3d300%252C225%26ssl%3d1&amp;id=%20&amp;image_master&amp;isr=0&amp;last_id&amp;mode=14&amp;name=%5bCOLOR%20green%5dhulu%5b%2fCOLOR%5d&amp;original_title=%20&amp;season=%20&amp;show_original_year=%20&amp;tmdbid=%20&amp;url=https%3a%2f%2fapi.themoviedb.org%2f3%2fdiscover%2ftv%3fapi_key%3d34142515d9d23817496eeb4ff1d223d0%26with_networks%3d453%26language%3dhe%26sort_by%3dfirst_air_date.desc%26timezone%3dAmerica%252FNew_York%26include_null_first_air_dates%3dfalse%26page%3d1&amp;video_data=%7b%22rating%22%3a%20%220%22%2c%20%22episode%22%3a%200%2c%20%22title%22%3a%20%22%5bCOLOR%20green%5dhulu%5b%2fCOLOR%5d%22%2c%20%22season%22%3a%200%2c%20%22TVshowtitle%22%3a%20%22%22%2c%20%22mediatype%22%3a%20%22movie%22%2c%20%22plot%22%3a%20%22hulu%22%2c%20%22OriginalTitle%22%3a%20%22%20%22%2c%20%22Tag%22%3a%20%22101%22%7d&quot;,return)</onclick>
				</item>
			<item>
				<thumb>https://img.timeinc.net/time/photoessays/2009/top10_name_change/syfy.jpg</thumb>
				<label>SyFy</label>
				<onclick>Dialog.Close(6400)</onclick>
				<onclick>ActivateWindow(10025,&quot;plugin://plugin.video.mando/?all_w=%7b%7d&amp;data=%20&amp;dates=%20&amp;description=SyFy&amp;eng_name=%20&amp;episode=%20&amp;fanart=https%3a%2f%2fimagesvc.timeincapp.com%2fv3%2fmm%2fimage%3furl%3dhttps%253A%252F%252Fewedit.files.wordpress.com%252F2017%252F05%252Fdefault.jpg%26w%3d1100%26c%3dsc%26poi%3dface%26q%3d85&amp;fav_status=false&amp;heb_name=%20&amp;iconimage=http%3a%2f%2fcdn.collider.com%2fwp-content%2fuploads%2fsyfy-logo1.jpg&amp;id=%20&amp;image_master&amp;isr=0&amp;last_id&amp;mode=14&amp;name=%5bCOLOR%20purple%5dSyFy%5b%2fCOLOR%5d&amp;original_title=%20&amp;season=%20&amp;show_original_year=%20&amp;tmdbid=%20&amp;url=https%3a%2f%2fapi.themoviedb.org%2f3%2fdiscover%2ftv%3fapi_key%3d34142515d9d23817496eeb4ff1d223d0%26with_networks%3d77%26language%3dhe%26sort_by%3dfirst_air_date.desc%26timezone%3dAmerica%252FNew_York%26include_null_first_air_dates%3dfalse%26page%3d1&amp;video_data=%7b%22rating%22%3a%20%220%22%2c%20%22episode%22%3a%200%2c%20%22title%22%3a%20%22%5bCOLOR%20purple%5dSyFy%5b%2fCOLOR%5d%22%2c%20%22season%22%3a%200%2c%20%22TVshowtitle%22%3a%20%22%22%2c%20%22mediatype%22%3a%20%22movie%22%2c%20%22plot%22%3a%20%22SyFy%22%2c%20%22OriginalTitle%22%3a%20%22%20%22%2c%20%22Tag%22%3a%20%22101%22%7d&quot;,return)</onclick>
				</item>
			<item>
				<thumb>https://i.pinimg.com/564x/9b/ed/bd/9bedbdf0fffa41e9107141c947e9f4ae.jpg</thumb>
				<label>ShowTime</label>
				<onclick>Dialog.Close(6400)</onclick>
				<onclick>ActivateWindow(10025,&quot;plugin://plugin.video.mando/?all_w=%7b%7d&amp;data=%20&amp;dates=%20&amp;description=showtime&amp;eng_name=%20&amp;episode=%20&amp;fanart=https%3a%2f%2fwww.sho.com%2fsite%2fimage-bin%2fimages%2f0_0_0%2f0_0_0_prm-ogseries_1280x640.jpg&amp;fav_status=false&amp;heb_name=%20&amp;iconimage=https%3a%2f%2fres.cloudinary.com%2fwnotw%2fimages%2fc_limit%2cw_1536%2cq_auto%3abest%2cf_auto%2fv1501788508%2fsci5cdawypsux61i9pyb%2fshowtime-networks-logo&amp;id=%20&amp;image_master&amp;isr=0&amp;last_id&amp;mode=14&amp;name=%5bCOLOR%20red%5dShowtime%5b%2fCOLOR%5d&amp;original_title=%20&amp;season=%20&amp;show_original_year=%20&amp;tmdbid=%20&amp;url=https%3a%2f%2fapi.themoviedb.org%2f3%2fdiscover%2ftv%3fapi_key%3d34142515d9d23817496eeb4ff1d223d0%26with_networks%3d67%26language%3dhe%26sort_by%3dfirst_air_date.desc%26timezone%3dAmerica%252FNew_York%26include_null_first_air_dates%3dfalse%26page%3d1&amp;video_data=%7b%22rating%22%3a%20%220%22%2c%20%22episode%22%3a%200%2c%20%22title%22%3a%20%22%5bCOLOR%20red%5dShowtime%5b%2fCOLOR%5d%22%2c%20%22season%22%3a%200%2c%20%22TVshowtitle%22%3a%20%22%22%2c%20%22mediatype%22%3a%20%22movie%22%2c%20%22plot%22%3a%20%22showtime%22%2c%20%22OriginalTitle%22%3a%20%22%20%22%2c%20%22Tag%22%3a%20%22101%22%7d&quot;,return)</onclick>
				</item>
						<item>
				<thumb>https://c2.staticflickr.com/9/8090/29366791633_0f00856506_b.jpg</thumb>
				<label>TheCW</label>
				<onclick>Dialog.Close(6400)</onclick>
				<onclick>ActivateWindow(10025,&quot;plugin://plugin.video.mando/?all_w=%7b%7d&amp;data=%20&amp;dates=%20&amp;description=The%20CW&amp;eng_name=%20&amp;episode=%20&amp;fanart=https%3a%2f%2fi2.wp.com%2fnerdbastards.com%2fwp-content%2fuploads%2f2016%2f02%2fThe-CW-Banner.jpg&amp;fav_status=false&amp;heb_name=%20&amp;iconimage=https%3a%2f%2fwww.broadcastingcable.com%2f.image%2ft_share%2fMTU0Njg3Mjc5MDY1OTk5MzQy%2ftv-network-logo-cw-resized-bc.jpg&amp;id=%20&amp;image_master&amp;isr=0&amp;last_id&amp;mode=14&amp;name=%5bCOLOR%20lightgreen%5dThe%20CW%5b%2fCOLOR%5d&amp;original_title=%20&amp;season=%20&amp;show_original_year=%20&amp;tmdbid=%20&amp;url=https%3a%2f%2fapi.themoviedb.org%2f3%2fdiscover%2ftv%3fapi_key%3d34142515d9d23817496eeb4ff1d223d0%26with_networks%3d71%26language%3dhe%26sort_by%3dfirst_air_date.desc%26timezone%3dAmerica%252FNew_York%26include_null_first_air_dates%3dfalse%26page%3d1&amp;video_data=%7b%22rating%22%3a%20%220%22%2c%20%22episode%22%3a%200%2c%20%22title%22%3a%20%22%5bCOLOR%20lightgreen%5dThe%20CW%5b%2fCOLOR%5d%22%2c%20%22season%22%3a%200%2c%20%22TVshowtitle%22%3a%20%22%22%2c%20%22mediatype%22%3a%20%22movie%22%2c%20%22plot%22%3a%20%22The%20CW%22%2c%20%22OriginalTitle%22%3a%20%22%20%22%2c%20%22Tag%22%3a%20%22101%22%7d&quot;,return)</onclick>
				</item>
			</content>
		</control>
		</control>



			<control type="group">
			<animation type="WindowOpen">
<effect type="slide" start="0,0" end="2000,0" time="350" tween="sine" easing="inout"/>
</animation>
<animation type="WindowClose">
<effect type="slide" start="2000,0" end="0,0" time="350" tween="sine" easing="inout"/>
</animation>
		<control type="label">
		<posx>-600</posx>
		<posy>540</posy>
		<width>500</width>
		<label>[B]מוזיקה אייפטיוי[/B]</label>
		</control>
			<control type="panel" id="7">
			<posx>-900</posx>
			<posy>560</posy>
			<width>800</width>
			<height>465</height>
			<onup>5</onup>
			<orientation>vertical</orientation>
			<onleft>Control.SetFocus(8)</onleft>
			<onback>Dialog.Close(6683)</onback>
			<scrolltime tweeb="cubic" easing="inout">450</scrolltime>
			<itemlayout width="200" height="225">
			<control type="image">
			<posx>0</posx>
			<posy>0</posy>
			<width>220</width>
			<height>220</height>
			<texture border="40">special://skin/extras/common/roundedbutton-nofocus.png</texture>
			</control>
			<control type="image">
			<posx>0</posx>
			<posy>180</posy>
			<width>220</width>
			<height>75</height>
			<texture border="20">special://skin/extras/common/roundedbutton-nofocus.png</texture>
			</control>
			<control type="multiimage">
			<posx>21</posx>
			<posy>21</posy>
			<width>175</width>
			<height>175</height>
			<imagepath diffuse="special://skin/extras/diffuse/fanart_diffuse.png">$INFO[ListItem.Thumb]</imagepath>
			</control>
				<control type="label">
					<posx>30</posx>
					<posy>160</posy>
					<width>150</width>
					<height>3-row</height>
					<wrapmultiline>true</wrapmultiline>
					<aligny>center</aligny>
					<align>center</align>
					<textcolor>white</textcolor>
					<shadowcolor></shadowcolor>
					<label>[B][CAPITALIZE]$INFO[ListItem.label][/CAPITALIZE][/B]</label>
				</control>
			</itemlayout>
			<focusedlayout width="200" height="225">

			
			<control type="image">
			<posx>0</posx>
			<posy>0</posy>
			<width>220</width>
			<height>220</height>
			<texture border="40">special://skin/extras/common/roundedbutton-nofocus.png</texture>
			</control>
			<control type="image">
			<posx>0</posx>
			<posy>180</posy>
			<width>220</width>
			<height>75</height>
			<texture border="20">special://skin/extras/common/roundedbutton-nofocus.png</texture>
			</control>
			<control type="image">
			<visible>Control.HasFocus(7)</visible>
			<posx>3</posx>
			<posy>192</posy>
			<width>214</width>
			<height>50</height>
			<texture colordiffuse="red">special://skin/extras/common/roundedbutton-nofocus-red.png</texture>
			</control>
			<control type="multiimage">
			<posx>21</posx>
			<posy>21</posy>
			<width>175</width>
			<height>175</height>
			<imagepath diffuse="special://skin/extras/diffuse/fanart_diffuse.png">$INFO[ListItem.Thumb]</imagepath>
			</control>
				<control type="label">
					<posx>30</posx>
					<posy>160</posy>
					<width>150</width>
					<height>3-row</height>
					<wrapmultiline>true</wrapmultiline>
					<aligny>center</aligny>
					<align>center</align>
					<textcolor>white</textcolor>
					<shadowcolor></shadowcolor>
					<label>[B][CAPITALIZE]$INFO[ListItem.label][/CAPITALIZE][/B]</label>
				</control>
			</focusedlayout>
			<content>plugin://plugin.audio.My.Music/?cat_level=%20&amp;count=0&amp;description=%d7%a2%d7%a8%d7%95%d7%a6%d7%99%20%d7%90%d7%99%d7%99%d7%a4%d7%98%d7%99%d7%95%d7%99%20%d7%9e%d7%95%d7%96%d7%99%d7%a7%d7%94&amp;fanart=https%3a%2f%2fi.pinimg.com%2foriginals%2fe6%2fa3%2f36%2fe6a33679be6532436c211866c80e4633.jpg&amp;iconimage=https%3a%2f%2fi.pinimg.com%2foriginals%2fe6%2fa3%2f36%2fe6a33679be6532436c211866c80e4633.jpg&amp;index_depth=0&amp;lang=eng&amp;mode=5&amp;name=liveitpv&amp;page&amp;selected_list=%20&amp;url=liveitpv&quot</content>
		</control>
		</control>



		<control type="group">
		<posx>0</posx>
		<control type="label">
		<posx>680</posx>
		<posy>0</posy>
		<width>500</width>
		<label>[B]עולם הבקשות הכל מהכל[/B]</label>
		</control>
		<control type="image">
		<posx>540</posx>
		<posy>20</posy>
		<width>580</width>
		<height>480</height>
		<onright>5</onright>
		<texture border="40">special://skin/extras/common/roundedbutton-nofocus.png</texture>
		</control>

		<control type="group">
		<animation condition="IsEmpty(Container(6).ListItem.Genre) + IsEmpty(Container(6).ListItem.Year)" effect="slide" start="0,0" end="-800,0" time="250" tween="sine" easing="inout">Conditional</animation>
		<control type="image">
		<posx>-5</posx>
		<posy>20</posy>
		<width>580</width>
		<height>480</height>
		<onright>5</onright>
		<texture border="40">special://skin/extras/common/roundedbutton-nofocus.png</texture>
		</control>
		<control type="multiimage">
		<posx>22</posx>
		<posy>50</posy>
		<width>525</width>
		<height>200</height>
		<fadetime>250</fadetime>
		<imagepath>$INFO[Container(6).ListItem.Art(fanart)]</imagepath>
		</control>
		<control type="textbox">
		<posx>50</posx>
		<posy>250</posy>
		<width>500</width>
		<height>220</height>
		<align>right</align>
		<autoscroll fade="2550" time="4500" repeat="4000"></autoscroll>
		<label>$INFO[Container(6).listItem.Genre][CR]$INFO[Container(6).ListItem.Year][CR]$INFO[Container(6).ListItem.Plot]</label>
		</control>
		</control>
		<control type="list" id="6">
		<posx>495</posx>
		<posy>40</posy>
		<width>800</width>
		<height>440</height>
		<onright>Control.SetFocus(5)</onright>
		<itemlayout width="120" height="40">
		<control type="label">
		<posx>0</posx>
		<posy>0</posy>
		<width>600</width>
		<height>40</height>
		<align>right</align>
		<label>$INFO[ListItem.Label]</label>
		</control>
		</itemlayout>
		<focusedlayout width="120" height="40">
		<control type="label">
		<visible>!control.hasfocus(6)</visible>
		<posx>0</posx>
		<posy>0</posy>
		<width>600</width>
		<height>40</height>
		<align>right</align>
		<textcolor>white</textcolor>
		<label>$INFO[ListItem.Label]</label>
		</control>
		<control type="label">
		<visible>control.hasfocus(6)</visible>
		<posx>0</posx>
		<posy>0</posy>
		<width>600</width>
		<height>40</height>
		<align>right</align>
		<textcolor>yellow</textcolor>
		<label>[B]$INFO[ListItem.Label][/B]</label>
		</control>
		</focusedlayout>
		<content>plugin://plugin.video.telemedia/?data=-1001393275322&amp;dates=%20&amp;description=%0afrom_plot&amp;eng_name=%20&amp;episode=%20&amp;fanart&amp;fav_status=false&amp;heb_name=%20&amp;iconimage&amp;id=%20&amp;image_master&amp;isr=0&amp;last_id&amp;mode=31&amp;name=%5bCOLOR%20khaki%5d%d7%92%d7%95%d7%a1%d7%98%20%d7%a7%d7%91%d7%95%d7%a6%d7%aa%20%d7%94%d7%91%d7%a7%d7%a9%d7%95%d7%aa%20%d7%9b%d7%9c%d7%9c%d7%99%5b%2fCOLOR%5d&amp;original_title=%20&amp;season=%20&amp;show_original_year=%20&amp;tmdbid=%20&amp;url=-1001393275322&quot</content>
		</control>
		</control>
		
		
		
		
		
		
				<control type="group">
			<animation type="WindowOpen">
<effect type="slide" start="0,0" end="2000,0" time="350" tween="sine" easing="inout"/>
</animation>
<animation type="WindowClose">
<effect type="slide" start="2000,0" end="0,0" time="350" tween="sine" easing="inout"/>
</animation>
		<control type="label">
		<posx>-1700</posx>
		<posy>540</posy>
		<width>500</width>
		<label>[B]ערצים חיים[/B]</label>
		</control>
			<control type="panel" id="8">
			<posx>-2000</posx>
			<posy>560</posy>
			<width>800</width>
			<height>465</height>
			<onup>5</onup>
			<orientation>vertical</orientation>
			<onright>Control.SetFocus(7)</onright>
			<onback>Dialog.Close(6683)</onback>
			<scrolltime tweeb="cubic" easing="inout">450</scrolltime>
			<itemlayout width="200" height="225">
			<control type="image">
			<posx>0</posx>
			<posy>0</posy>
			<width>220</width>
			<height>220</height>
			<texture border="40">special://skin/extras/common/roundedbutton-nofocus.png</texture>
			</control>
			<control type="image">
			<posx>0</posx>
			<posy>180</posy>
			<width>220</width>
			<height>75</height>
			<texture border="20">special://skin/extras/common/roundedbutton-nofocus.png</texture>
			</control>
			<control type="multiimage">
			<posx>21</posx>
			<posy>21</posy>
			<width>175</width>
			<height>175</height>
			<imagepath diffuse="special://skin/extras/diffuse/fanart_diffuse.png">$INFO[ListItem.Thumb]</imagepath>
			</control>
				<control type="label">
					<posx>30</posx>
					<posy>160</posy>
					<width>150</width>
					<height>3-row</height>
					<wrapmultiline>true</wrapmultiline>
					<aligny>center</aligny>
					<align>center</align>
					<textcolor>white</textcolor>
					<shadowcolor></shadowcolor>
					<label>[B][CAPITALIZE]$INFO[ListItem.label][/CAPITALIZE][/B]</label>
				</control>
			</itemlayout>
			<focusedlayout width="200" height="225">

			
			<control type="image">
			<posx>0</posx>
			<posy>0</posy>
			<width>220</width>
			<height>220</height>
			<texture border="40">special://skin/extras/common/roundedbutton-nofocus.png</texture>
			</control>
			<control type="image">
			<posx>0</posx>
			<posy>180</posy>
			<width>220</width>
			<height>75</height>
			<texture border="20">special://skin/extras/common/roundedbutton-nofocus.png</texture>
			</control>
			<control type="image">
			<visible>Control.HasFocus(8)</visible>
			<posx>3</posx>
			<posy>192</posy>
			<width>214</width>
			<height>50</height>
			<texture colordiffuse="red">special://skin/extras/common/roundedbutton-nofocus-red.png</texture>
			</control>
			<control type="multiimage">
			<posx>21</posx>
			<posy>21</posy>
			<width>175</width>
			<height>175</height>
			<imagepath diffuse="special://skin/extras/diffuse/fanart_diffuse.png">$INFO[ListItem.Thumb]</imagepath>
			</control>
				<control type="label">
					<posx>30</posx>
					<posy>160</posy>
					<width>150</width>
					<height>3-row</height>
					<wrapmultiline>true</wrapmultiline>
					<aligny>center</aligny>
					<align>center</align>
					<textcolor>white</textcolor>
					<shadowcolor></shadowcolor>
					<label>[B][CAPITALIZE]$INFO[ListItem.label][/CAPITALIZE][/B]</label>
				</control>
			</focusedlayout>
			<content>plugin://script.module.tt/list_channels/6</content>
		</control>
		</control>
		

</controls>
</window>
