<?xml version="1.0" encoding="UTF-8"?>
<!-- Foundation -->
<window id="6502" type="dialog">
    <defaultcontrol always="true">2164</defaultcontrol>


<controls>

<!--wwe arena-->

<control type="multiimage">
<posx>0</posx>
<posy>0</posy>
<width>1920</width>
<height>1080</height>
<imagepath>https://wallpapercave.com/wp/wp2356013.jpg</imagepath>
</control>

<control type="image">
<posx>400</posx>
<posy>200</posy>
<width>1000</width>
<height>800</height>
<texture border="40">special://skin/extras/common/roundedbutton-nofocus.png</texture>
</control>

<control type="image">
<posx>400</posx>
<posy>100</posy>
<width>1000</width>
<height>100</height>
<texture border="40">special://skin/extras/common/roundedbutton-nofocus.png</texture>
</control>

<include content="wwearenasport">
<param name="sportarenaid" value="4"/>
<param name="sportarenacompare" value="4"/>
<param name="sportarenacontent" value="plugin://plugin.video.telemedia/?data=0&amp;dates=%20&amp;description=%0afrom_plot&amp;eng_name=%20&amp;episode=%20&amp;fanart&amp;fav_status=false&amp;heb_name=%20&amp;iconimage&amp;id=%20&amp;image_master=%24%24%24&amp;isr=0&amp;last_id=0%24%24%240%24%24%240%24%24%240&amp;mode=2&amp;name=%5bCOLOR%20khaki%5d%d7%92%d7%95%d7%a1%d7%98%20world%20wrestling%20federation%5b%2fCOLOR%5d&amp;original_title=%d7%92%d7%95%d7%a1%d7%98%20world%20wrestling%20federation&amp;season=%20&amp;show_original_year=%20&amp;tmdbid=%20&amp;url=-1001377402583&quot"/>
</include>

<include content="wwearenasport">
<param name="sportarenaid" value="5"/>
<param name="sportarenacompare" value="5"/>
<param name="sportarenacontent" value="plugin://plugin.video.telemedia/?data=0&amp;dates=%20&amp;description=WWE.RAW.2020.04.27.10p_from_%40WWE_W_W_E-004.mp4%0afrom_plot&amp;eng_name=%20&amp;episode=%20&amp;fanart&amp;fav_status=false&amp;heb_name=%20&amp;iconimage&amp;id=%20&amp;image_master=%24%24%24&amp;isr=0&amp;last_id=0%24%24%240%24%24%240%24%24%240&amp;mode=2&amp;name=%5bCOLOR%20khaki%5dWWE%20WORLD%20WRESTLING%20FEDERATION%5b%2fCOLOR%5d&amp;original_title=WWE%20WORLD%20WRESTLING%20FEDERATION&amp;season=%20&amp;show_original_year=%20&amp;tmdbid=%20&amp;url=-1001377402583&quot"/>
</include>

<include content="wwearenasport">
<param name="sportarenaid" value="6"/>
<param name="sportarenacompare" value="6"/>
<param name="sportarenacontent" value="plugin://plugin.video.telemedia/?data=0&amp;dates=%20&amp;description=ok%20let%20me%20say%20something%20more%0a%0aresolutions%20like%2c%20360%2c%20480%20etc%20are%20just%20superficial%20and%20they%20mean%20nothing%2c%20NOTHING%2c%20for%20quality.%0aSometimes%20360p%20can%20look%20better%20than%20720p%2c%20it%20all%20depends%20on%20how%20they%20were%20converted.%0a%0aSo%20what%20can%20we%20expect%20before%20downloading%2c%20well%20nothing%20much%20but%20there%20is%20a%20simple%20way.%0a%0aLook%20at%20the%20duration%20of%20video%20and%20compare%20it%20with%20size%20of%20that%20video%2c%20with%20sometime%20you%20will%20get%20some%20idea.%0afrom_plot&amp;eng_name=%20&amp;episode=%20&amp;fanart=C%3a%5cUsers%5cneta%5cAppData%5cRoaming%5cKodi%5cuserdata%5caddon_data%5cplugin.video.telemedia%5clogo%5c-1001200473834_big.jpg&amp;fav_status=false&amp;heb_name=%20&amp;iconimage=C%3a%5cUsers%5cneta%5cAppData%5cRoaming%5cKodi%5cuserdata%5caddon_data%5cplugin.video.telemedia%5clogo%5c-1001200473834_small.jpg&amp;id=%20&amp;image_master=C%3a%5cUsers%5cneta%5cAppData%5cRoaming%5cKodi%5cuserdata%5caddon_data%5cplugin.video.telemedia%5clogo%5c-1001200473834_small.jpg%24%24%24C%3a%5cUsers%5cneta%5cAppData%5cRoaming%5cKodi%5cuserdata%5caddon_data%5cplugin.video.telemedia%5clogo%5c-1001200473834_big.jpg&amp;isr=0&amp;last_id=0%24%24%240%24%24%240%24%24%240&amp;mode=2&amp;name=%5bCOLOR%20lightblue%5dWWE%20Pay-Per-Views%5b%2fCOLOR%5d&amp;original_title=WWE%20Pay-Per-Views&amp;season=%20&amp;show_original_year=%20&amp;tmdbid=%20&amp;url=-1001200473834&quot"/>
</include>



<include content="wwearenasport">
<param name="sportarenaid" value="8"/>
<param name="sportarenacompare" value="8"/>
<param name="sportarenacontent" value="plugin://plugin.video.telemedia/?data=0&amp;dates=%20&amp;description=WWE%20Weeklies%0afrom_plot&amp;eng_name=%20&amp;episode=%20&amp;fanart=C%3a%5cUsers%5cneta%5cAppData%5cRoaming%5cKodi%5cuserdata%5caddon_data%5cplugin.video.telemedia%5clogo%5c-1001224310921_big.jpg&amp;fav_status=false&amp;heb_name=%20&amp;iconimage=C%3a%5cUsers%5cneta%5cAppData%5cRoaming%5cKodi%5cuserdata%5caddon_data%5cplugin.video.telemedia%5clogo%5c-1001224310921_small.jpg&amp;id=%20&amp;image_master=C%3a%5cUsers%5cneta%5cAppData%5cRoaming%5cKodi%5cuserdata%5caddon_data%5cplugin.video.telemedia%5clogo%5c-1001224310921_small.jpg%24%24%24C%3a%5cUsers%5cneta%5cAppData%5cRoaming%5cKodi%5cuserdata%5caddon_data%5cplugin.video.telemedia%5clogo%5c-1001224310921_big.jpg&amp;isr=0&amp;last_id=0%24%24%240%24%24%240%24%24%240&amp;mode=2&amp;name=%5bCOLOR%20lightblue%5dWWE%20Weeklies%5b%2fCOLOR%5d&amp;original_title=WWE%20Weeklies&amp;season=%20&amp;show_original_year=%20&amp;tmdbid=%20&amp;url=-1001224310921&quot"/>
</include>

<include content="wwearenasport">
<param name="sportarenaid" value="9"/>
<param name="sportarenacompare" value="9"/>
<param name="sportarenacontent" value="plugin://plugin.video.telemedia/?data=0&amp;dates=%20&amp;description=The%20Attitude%20Era%202011%20Blu-Ray%20360p%20lo%0aDisc%201%0a%e2%94%81%e2%94%81%e2%94%81%e2%94%81%e2%94%81%e2%94%81%e2%94%81%e2%94%81%e2%94%81%e2%94%81%e2%94%81%e2%94%81%e2%94%81%0a%e2%9e%96%20%40WWElite%20%e2%9e%96%0afrom_plot&amp;eng_name=%20&amp;episode=%20&amp;fanart=C%3a%5cUsers%5cneta%5cAppData%5cRoaming%5cKodi%5cuserdata%5caddon_data%5cplugin.video.telemedia%5clogo%5c-1001271060827_big.jpg&amp;fav_status=false&amp;heb_name=%20&amp;iconimage=C%3a%5cUsers%5cneta%5cAppData%5cRoaming%5cKodi%5cuserdata%5caddon_data%5cplugin.video.telemedia%5clogo%5c-1001271060827_small.jpg&amp;id=%20&amp;image_master=C%3a%5cUsers%5cneta%5cAppData%5cRoaming%5cKodi%5cuserdata%5caddon_data%5cplugin.video.telemedia%5clogo%5c-1001271060827_small.jpg%24%24%24C%3a%5cUsers%5cneta%5cAppData%5cRoaming%5cKodi%5cuserdata%5caddon_data%5cplugin.video.telemedia%5clogo%5c-1001271060827_big.jpg&amp;isr=0&amp;last_id=0%24%24%240%24%24%240%24%24%240&amp;mode=2&amp;name=%5bCOLOR%20lightblue%5dWWE%20Classics%5b%2fCOLOR%5d&amp;original_title=WWE%20Classics&amp;season=%20&amp;show_original_year=%20&amp;tmdbid=%20&amp;url=-1001271060827&quot"/>
</include>


<include content="wwearenasport">
<param name="sportarenaid" value="11"/>
<param name="sportarenacompare" value="11"/>
<param name="sportarenacontent" value="plugin://plugin.video.telemedia/?data=0&amp;dates=%20&amp;description=HOORAY!%20Welcome%20to%20the%20Family%20%f0%9d%90%91%f0%9d%90%9a%f0%9d%90%9f%f0%9d%90%9a!%20How%20are%20you%3f%0a%0aClick%20on%20the%20Rules%20button%20below%20to%20read%20rules%20then%20come%20back%20here%20and%20click%20I%20Agree%0afrom_plot&amp;eng_name=%20&amp;episode=%20&amp;fanart=C%3a%5cUsers%5cneta%5cAppData%5cRoaming%5cKodi%5cuserdata%5caddon_data%5cplugin.video.telemedia%5clogo%5c-1001162249631_big.jpg&amp;fav_status=false&amp;heb_name=%20&amp;iconimage=C%3a%5cUsers%5cneta%5cAppData%5cRoaming%5cKodi%5cuserdata%5caddon_data%5cplugin.video.telemedia%5clogo%5c-1001162249631_small.jpg&amp;id=%20&amp;image_master=C%3a%5cUsers%5cneta%5cAppData%5cRoaming%5cKodi%5cuserdata%5caddon_data%5cplugin.video.telemedia%5clogo%5c-1001162249631_small.jpg%24%24%24C%3a%5cUsers%5cneta%5cAppData%5cRoaming%5cKodi%5cuserdata%5caddon_data%5cplugin.video.telemedia%5clogo%5c-1001162249631_big.jpg&amp;isr=0&amp;last_id=0%24%24%240%24%24%240%24%24%240&amp;mode=2&amp;name=%5bCOLOR%20lightblue%5dWWE%20-%20World%20Wrestling%20Entertainment%5b%2fCOLOR%5d&amp;original_title=WWE%20-%20World%20Wrestling%20Entertainment&amp;season=%20&amp;show_original_year=%20&amp;tmdbid=%20&amp;url=-1001162249631&quot"/>
</include>

<include content="wwearenasport">
<param name="sportarenaid" value="12"/>
<param name="sportarenacompare" value="12"/>
<param name="sportarenacontent" value="plugin://plugin.video.telemedia/?data=0&amp;dates=%20&amp;description=So%20Raven%20is%20saying%20that%20Billy%20is%20gonna%20shut%20down%20NWA%20and%20Billy%20is%20denying%20it%0afrom_plot&amp;eng_name=%20&amp;episode=%20&amp;fanart=C%3a%5cUsers%5cneta%5cAppData%5cRoaming%5cKodi%5cuserdata%5caddon_data%5cplugin.video.telemedia%5clogo%5c-1001386631621_big.jpg&amp;fav_status=false&amp;heb_name=%20&amp;iconimage=C%3a%5cUsers%5cneta%5cAppData%5cRoaming%5cKodi%5cuserdata%5caddon_data%5cplugin.video.telemedia%5clogo%5c-1001386631621_small.jpg&amp;id=%20&amp;image_master=C%3a%5cUsers%5cneta%5cAppData%5cRoaming%5cKodi%5cuserdata%5caddon_data%5cplugin.video.telemedia%5clogo%5c-1001386631621_small.jpg%24%24%24C%3a%5cUsers%5cneta%5cAppData%5cRoaming%5cKodi%5cuserdata%5caddon_data%5cplugin.video.telemedia%5clogo%5c-1001386631621_big.jpg&amp;isr=0&amp;last_id=0%24%24%240%24%24%240%24%24%240&amp;mode=2&amp;name=%5bCOLOR%20lightblue%5dVoice%20of%20ProWrestling(%20Discussion)%20%f0%9f%91%8a%5b%2fCOLOR%5d&amp;original_title=Voice%20of%20ProWrestling(%20Discussion)%20%f0%9f%91%8a&amp;season=%20&amp;show_original_year=%20&amp;tmdbid=%20&amp;url=-1001386631621&quot"/>
</include>

<control type="grouplist" id="2164">
<posx>425</posx>
<posy>125</posy>
<width>950</width>
<height>100</height>
<orientation>horizontal</orientation>
<itemgap>100</itemgap>
<control type="button" id="20">
<posx>0</posx>
<posy>0</posy>
<width>250</width>
<height>50</height>
<texturefocus>special://skin/extras/views/default_button_fo.png</texturefocus>
<label>WWE Source 1</label>
<onclick>SetFocus(4)</onclick>
<ondown>4</ondown>
<onfocus>Skin.SetString(Section,4)</onfocus>
</control>
<control type="button" id="21">
<posx>0</posx>
<posy>0</posy>
<width>250</width>
<height>50</height>
<texturefocus>special://skin/extras/views/default_button_fo.png</texturefocus>
<label>WWE Source 2</label>
<onclick>SetFocus(5)</onclick>
<ondown>5</ondown>
<onfocus>Skin.SetString(Section,5)</onfocus>
</control>
<control type="button" id="22">
<posx>0</posx>
<posy>0</posy>
<width>250</width>
<height>50</height>
<texturefocus>special://skin/extras/views/default_button_fo.png</texturefocus>
<label>WWE Source 3</label>
<onclick>SetFocus(6)</onclick>
<ondown>6</ondown>
<onfocus>Skin.SetString(Section,6)</onfocus>
</control>
<control type="button" id="24">
<posx>0</posx>
<posy>0</posy>
<width>250</width>
<height>50</height>
<texturefocus>special://skin/extras/views/default_button_fo.png</texturefocus>
<label>WWE Source 4</label>
<onclick>SetFocus(8)</onclick>
<ondown>8</ondown>
<onfocus>Skin.SetString(Section,8)</onfocus>
</control>
<control type="button" id="25">
<posx>0</posx>
<posy>0</posy>
<width>250</width>
<height>50</height>
<texturefocus>special://skin/extras/views/default_button_fo.png</texturefocus>
<label>WWE Source 5</label>
<onclick>SetFocus(9)</onclick>
<ondown>9</ondown>
<onfocus>Skin.SetString(Section,9)</onfocus>
</control>
<control type="button" id="27">
<posx>0</posx>
<posy>0</posy>
<width>250</width>
<height>50</height>
<texturefocus>special://skin/extras/views/default_button_fo.png</texturefocus>
<label>WWE Source 6</label>
<onclick>SetFocus(11)</onclick>
<ondown>11</ondown>
<onfocus>Skin.SetString(Section,11)</onfocus>
</control>
<control type="button" id="28">
<posx>0</posx>
<posy>0</posy>
<width>250</width>
<height>50</height>
<texturefocus>special://skin/extras/views/default_button_fo.png</texturefocus>
<label>WWE Source 7</label>
<onclick>SetFocus(12)</onclick>
<ondown>12</ondown>
<onfocus>Skin.SetString(Section,12)</onfocus>
</control>
</control>

</controls>
</window>
