<?xml version="1.0" encoding="UTF-8"?>
<!-- Foundation -->
<window id="6410" type="dialog">
    <defaultcontrol always="true">1256</defaultcontrol>


<controls>


<!--name of the trakt list tvshowgeneral<-->

<control type="group">
<posy>-200</posy>
<include content="extramainscreentvshow">
<param name="extrastvhosid" value="1256"/>
<param name="sortby" value="dateadded"/>
<param name="sortorder" value="descending"/>
<param name="tvshownewcontent" value="plugin://plugin.audio.My.Music/?cat_level=%20&amp;count=0&amp;description=%5bB%5d%5bCOLOR%20burlywood%5d%20%d7%a9.%d7%a7%20%5b%2fCOLOR%5d%5b%2fB%5d&amp;fanart=https%3a%2f%2ffunender.com%2fwp-content%2fuploads%2f2017%2f11%2fTop-10-Box-Office-Weekend-Movies-Report-October-27-29-2017.jpg&amp;iconimage=http%3a%2f%2fngarba.xyz%2fadds%2fyos%2fphoto10.jpg&amp;index_depth=0&amp;lang=eng&amp;mode=5&amp;name=tvshow-israeliserias-6410&amp;page&amp;selected_list=%20&amp;url=%d7%a1%d7%93%d7%a8%d7%95%d7%aatvshow-israeliserias-6410&quot"/>
</include>



<include content="extrasshowsessionone">
<param name="extrasshowsessiononeid" value="500"/>
<param name="tvshowextrasname" value="ליהיא ונעמה מטראש לקלאס"/>
<param name="seessinonenumber" value="עונה 1"/>
<param name="dialogclose" value="Dialog.Close(6410)"/>
<param name="sessiononclick" value="ActivateWindow(10025,&quot;plugin://plugin.video.sdarot.tv/season/5129/1/%D7%9C%D7%99%D7%94%D7%99%D7%90+%D7%95%D7%A0%D7%A2%D7%9E%D7%94+-+%D7%9E%D7%98%D7%A8%D7%90%D7%A9+%D7%9C%D7%A7%D7%9C%D7%90%D7%A1/Lihi+Ve+Neama+-+Mitrash+Leclas&quot;,return)"/>
<param name="seessinonenumbertwo" value="[COLOR gray]אין[/COLOR]"/>
<param name="seessinonenumberthree" value="[COLOR gray]אין[/COLOR]"/>
<param name="seessinonenumberfour" value="[COLOR gray]אין[/COLOR]"/>
<param name="seessinonenumberfive" value="[COLOR gray]אין[/COLOR]"/>
<param name="seessinonenumbersix" value="[COLOR gray]אין[/COLOR]"/>
<param name="seessinonenumberseven" value="[COLOR gray]אין[/COLOR]"/>
<param name="seessinonenumbereight" value="[COLOR gray]אין[/COLOR]"/>
<param name="seessinonenumbernine" value="[COLOR gray]אין[/COLOR]"/>
<param name="seessinonenumberten" value="[COLOR gray]אין[/COLOR]"/>
</include>


<include content="extrasshowsessionone">
<param name="extrasshowsessiononeid" value="501"/>
<param name="tvshowextrasname" value="לעבור את הלילה"/>
<param name="seessinonenumber" value="עונה 1"/>
<param name="dialogclose" value="Dialog.Close(6410)"/>
<param name="sessiononclick" value="ActivateWindow(10025,&quot;plugin://plugin.video.sdarot.tv/season/5264/1/%D7%9C%D7%A2%D7%91%D7%95%D7%A8+%D7%90%D7%AA+%D7%94%D7%9C%D7%99%D7%9C%D7%94/La%27avor+Et+Halayla&quot;,return)"/>
<param name="seessinonenumbertwo" value="[COLOR gray]אין[/COLOR]"/>
<param name="seessinonenumberthree" value="[COLOR gray]אין[/COLOR]"/>
<param name="seessinonenumberfour" value="[COLOR gray]אין[/COLOR]"/>
<param name="seessinonenumberfive" value="[COLOR gray]אין[/COLOR]"/>
<param name="seessinonenumbersix" value="[COLOR gray]אין[/COLOR]"/>
<param name="seessinonenumberseven" value="[COLOR gray]אין[/COLOR]"/>
<param name="seessinonenumbereight" value="[COLOR gray]אין[/COLOR]"/>
<param name="seessinonenumbernine" value="[COLOR gray]אין[/COLOR]"/>
<param name="seessinonenumberten" value="[COLOR gray]אין[/COLOR]"/>
</include>


<include content="extrasshowsessionone">
<param name="extrasshowsessiononeid" value="503"/>
<param name="tvshowextrasname" value="הדבר הגדול המיוחד"/>
<param name="seessinonenumber" value="עונה 1"/>
<param name="dialogclose" value="Dialog.Close(6410)"/>
<param name="sessiononclick" value="ActivateWindow(10025,&quot;plugin://plugin.video.sdarot.tv/season/5274/1/%D7%94%D7%93%D7%91%D7%A8+%D7%94%D7%92%D7%93%D7%95%D7%9C+%D7%94%D7%9E%D7%99%D7%95%D7%97%D7%93/Hadavar+Hagadol+Hameyuhad&quot;,return)"/>
<param name="seessinonenumbertwo" value="[COLOR gray]אין[/COLOR]"/>
<param name="seessinonenumberthree" value="[COLOR gray]אין[/COLOR]"/>
<param name="seessinonenumberfour" value="[COLOR gray]אין[/COLOR]"/>
<param name="seessinonenumberfive" value="[COLOR gray]אין[/COLOR]"/>
<param name="seessinonenumbersix" value="[COLOR gray]אין[/COLOR]"/>
<param name="seessinonenumberseven" value="[COLOR gray]אין[/COLOR]"/>
<param name="seessinonenumbereight" value="[COLOR gray]אין[/COLOR]"/>
<param name="seessinonenumbernine" value="[COLOR gray]אין[/COLOR]"/>
<param name="seessinonenumberten" value="[COLOR gray]אין[/COLOR]"/>
</include>


<include content="extrasshowsessionone">
<param name="extrasshowsessiononeid" value="504"/>
<param name="tvshowextrasname" value="קאמפ"/>
<param name="seessinonenumber" value="עונה 1"/>
<param name="dialogclose" value="Dialog.Close(6410)"/>
<param name="sessiononclick" value="ActivateWindow(10025,&quot;plugin://plugin.video.sdarot.tv/season/5868/1/%D7%A7%D7%90%D7%9E%D7%A4+BFF+/Kamp+BFF&quot;,return)"/>
<param name="seessinonenumbertwo" value="עונה 2"/>
<param name="dialogclosedtwo" value="Dialog.Close(6410)"/>
<param name="sessiononclickdtwo" value="ActivateWindow(10025,&quot;plugin://plugin.video.sdarot.tv/season/5868/2/%D7%A7%D7%90%D7%9E%D7%A4+BFF+/Kamp+BFF&quot;,return)"/>
<param name="seessinonenumberthree" value="[COLOR gray]אין[/COLOR]"/>
<param name="seessinonenumberfour" value="[COLOR gray]אין[/COLOR]"/>
<param name="seessinonenumberfive" value="[COLOR gray]אין[/COLOR]"/>
<param name="seessinonenumbersix" value="[COLOR gray]אין[/COLOR]"/>
<param name="seessinonenumberseven" value="[COLOR gray]אין[/COLOR]"/>
<param name="seessinonenumbereight" value="[COLOR gray]אין[/COLOR]"/>
<param name="seessinonenumbernine" value="[COLOR gray]אין[/COLOR]"/>
<param name="seessinonenumberten" value="[COLOR gray]אין[/COLOR]"/>
</include>

<include content="extrasshowsessionone">
<param name="extrasshowsessiononeid" value="505"/>
<param name="tvshowextrasname" value="בת אל הבתולה"/>
<param name="seessinonenumber" value="עונה 1"/>
<param name="dialogclose" value="Dialog.Close(6410)"/>
<param name="sessiononclick" value="ActivateWindow(10025,&quot;plugin://plugin.video.sdarot.tv/season/4432/1/%D7%91%D7%AA+%D7%90%D7%9C+%D7%94%D7%91%D7%AA%D7%95%D7%9C%D7%94/Bat+El+Habetola&quot;,return)"/>
<param name="seessinonenumbertwo" value="עונה 2"/>
<param name="dialogclosedtwo" value="Dialog.Close(6410)"/>
<param name="sessiononclickdtwo" value="ActivateWindow(10025,&quot;plugin://plugin.video.sdarot.tv/season/4432/2/%D7%91%D7%AA+%D7%90%D7%9C+%D7%94%D7%91%D7%AA%D7%95%D7%9C%D7%94/Bat+El+Habetola&quot;,return)"/>
<param name="seessinonenumberthree" value="[COLOR gray]אין[/COLOR]"/>
<param name="seessinonenumberfour" value="[COLOR gray]אין[/COLOR]"/>
<param name="seessinonenumberfive" value="[COLOR gray]אין[/COLOR]"/>
<param name="seessinonenumbersix" value="[COLOR gray]אין[/COLOR]"/>
<param name="seessinonenumberseven" value="[COLOR gray]אין[/COLOR]"/>
<param name="seessinonenumbereight" value="[COLOR gray]אין[/COLOR]"/>
<param name="seessinonenumbernine" value="[COLOR gray]אין[/COLOR]"/>
<param name="seessinonenumberten" value="[COLOR gray]אין[/COLOR]"/>
</include>

<include content="extrasshowsessionone">
<param name="extrasshowsessiononeid" value="506"/>
<param name="tvshowextrasname" value="קיבוצניקים"/>
<param name="seessinonenumber" value="עונה 1"/>
<param name="dialogclose" value="Dialog.Close(6410)"/>
<param name="sessiononclick" value="ActivateWindow(10025,&quot;plugin://plugin.video.FlashTV/?cat_level=%20&amp;count=0&amp;description=%20&amp;fanart=https%3a%2f%2fartworks.thetvdb.com%2fbanners%2fseries%2f374979%2fbackgrounds%2f62068488.jpg&amp;iconimage=https%3a%2f%2fartworks.thetvdb.com%2fbanners%2fseries%2f374979%2fposters%2f62092824.jpg&amp;index_depth=0&amp;lang=eng&amp;mode=5&amp;name=%d7%a2%d7%95%d7%a0%d7%94%201&amp;page&amp;selected_list=%20&amp;url=%d7%a1%d7%93%d7%a8%d7%95%d7%aa%d7%a1%d7%93%d7%a8%d7%95%d7%aa%20%d7%99%d7%a9%d7%a8%d7%90%d7%9c%d7%99%d7%95%d7%aa%d7%a7%d7%99%d7%91%d7%95%d7%a6%d7%a0%d7%99%d7%a7%d7%99%d7%9d%d7%a2%d7%95%d7%a0%d7%94%201&quot;,return)"/>
<param name="seessinonenumbertwo" value="[COLOR gray]אין[/COLOR]"/>
<param name="seessinonenumberthree" value="[COLOR gray]אין[/COLOR]"/>
<param name="seessinonenumberfour" value="[COLOR gray]אין[/COLOR]"/>
<param name="seessinonenumberfive" value="[COLOR gray]אין[/COLOR]"/>
<param name="seessinonenumbersix" value="[COLOR gray]אין[/COLOR]"/>
<param name="seessinonenumberseven" value="[COLOR gray]אין[/COLOR]"/>
<param name="seessinonenumbereight" value="[COLOR gray]אין[/COLOR]"/>
<param name="seessinonenumbernine" value="[COLOR gray]אין[/COLOR]"/>
<param name="seessinonenumberten" value="[COLOR gray]אין[/COLOR]"/>
</include>

<include content="extrasshowsessionone">
<param name="extrasshowsessiononeid" value="507"/>
<param name="tvshowextrasname" value="פלמח"/>
<param name="seessinonenumber" value="עונה 1"/>
<param name="dialogclose" value="Dialog.Close(6410)"/>
<param name="sessiononclick" value="ActivateWindow(10025,&quot;plugin://plugin.video.FlashTV/?cat_level=%20&amp;count=0&amp;description=%20&amp;fanart=https%3a%2f%2fartworks.thetvdb.com%2fbanners%2fseries%2f379618%2fbackgrounds%2f5e90926184e81.jpg&amp;iconimage=https%3a%2f%2fartworks.thetvdb.com%2fbanners%2fseries%2f379618%2fposters%2f5e9457f2e459e.jpg&amp;index_depth=0&amp;lang=eng&amp;mode=5&amp;name=%d7%a2%d7%95%d7%a0%d7%94%201&amp;page&amp;selected_list=%20&amp;url=%d7%a1%d7%93%d7%a8%d7%95%d7%aa%d7%a1%d7%93%d7%a8%d7%95%d7%aa%20%d7%99%d7%a9%d7%a8%d7%90%d7%9c%d7%99%d7%95%d7%aa%d7%a4%d7%9c%d7%9e%2527%d7%97%d7%a2%d7%95%d7%a0%d7%94%201&quot;,return)"/>
<param name="seessinonenumbertwo" value="[COLOR gray]אין[/COLOR]"/>
<param name="seessinonenumberthree" value="[COLOR gray]אין[/COLOR]"/>
<param name="seessinonenumberfour" value="[COLOR gray]אין[/COLOR]"/>
<param name="seessinonenumberfive" value="[COLOR gray]אין[/COLOR]"/>
<param name="seessinonenumbersix" value="[COLOR gray]אין[/COLOR]"/>
<param name="seessinonenumberseven" value="[COLOR gray]אין[/COLOR]"/>
<param name="seessinonenumbereight" value="[COLOR gray]אין[/COLOR]"/>
<param name="seessinonenumbernine" value="[COLOR gray]אין[/COLOR]"/>
<param name="seessinonenumberten" value="[COLOR gray]אין[/COLOR]"/>
</include>

<include content="extrasshowsessionone">
<param name="extrasshowsessiononeid" value="508"/>
<param name="tvshowextrasname" value="פאנץ"/>
<param name="seessinonenumber" value="עונה 1"/>
<param name="dialogclose" value="Dialog.Close(6410)"/>
<param name="sessiononclick" value="ActivateWindow(10025,&quot;plugin://plugin.video.FlashTV/?cat_level=%20&amp;count=0&amp;description=%20&amp;fanart=https%3a%2f%2fartworks.thetvdb.com%2fbanners%2ffanart%2foriginal%2f5d217e43e50ae.jpg&amp;iconimage=https%3a%2f%2fimage.tmdb.org%2ft%2fp%2foriginal%2frwPfzYHBVgPrbZZKbIIy5lLE2OE.jpg&amp;index_depth=0&amp;lang=eng&amp;mode=5&amp;name=%d7%a2%d7%95%d7%a0%d7%94%201&amp;page&amp;selected_list=%20&amp;url=%d7%a1%d7%93%d7%a8%d7%95%d7%aa%d7%a1%d7%93%d7%a8%d7%95%d7%aa%20%d7%99%d7%a9%d7%a8%d7%90%d7%9c%d7%99%d7%95%d7%aa%d7%a4%d7%90%d7%a0%d7%a5%2527%d7%a2%d7%95%d7%a0%d7%94%201&quot;,return)"/>
<param name="seessinonenumbertwo" value="[COLOR gray]אין[/COLOR]"/>
<param name="seessinonenumberthree" value="[COLOR gray]אין[/COLOR]"/>
<param name="seessinonenumberfour" value="[COLOR gray]אין[/COLOR]"/>
<param name="seessinonenumberfive" value="[COLOR gray]אין[/COLOR]"/>
<param name="seessinonenumbersix" value="[COLOR gray]אין[/COLOR]"/>
<param name="seessinonenumberseven" value="[COLOR gray]אין[/COLOR]"/>
<param name="seessinonenumbereight" value="[COLOR gray]אין[/COLOR]"/>
<param name="seessinonenumbernine" value="[COLOR gray]אין[/COLOR]"/>
<param name="seessinonenumberten" value="[COLOR gray]אין[/COLOR]"/>
</include>


<include content="extrasshowsessionone">
<param name="extrasshowsessiononeid" value="509"/>
<param name="tvshowextrasname" value="מושלמים"/>
<param name="seessinonenumber" value="עונה 1"/>
<param name="dialogclose" value="Dialog.Close(6410)"/>
<param name="sessiononclick" value="ActivateWindow(10025,&quot;plugin://plugin.video.sdarot.tv/season/5181/1/%D7%9E%D7%95%D7%A9%D7%9C%D7%9E%D7%99%D7%9D/Moshlamim&quot;,return)"/>
<param name="seessinonenumbertwo" value="[COLOR gray]אין[/COLOR]"/>
<param name="seessinonenumberthree" value="[COLOR gray]אין[/COLOR]"/>
<param name="seessinonenumberfour" value="[COLOR gray]אין[/COLOR]"/>
<param name="seessinonenumberfive" value="[COLOR gray]אין[/COLOR]"/>
<param name="seessinonenumbersix" value="[COLOR gray]אין[/COLOR]"/>
<param name="seessinonenumberseven" value="[COLOR gray]אין[/COLOR]"/>
<param name="seessinonenumbereight" value="[COLOR gray]אין[/COLOR]"/>
<param name="seessinonenumbernine" value="[COLOR gray]אין[/COLOR]"/>
<param name="seessinonenumberten" value="[COLOR gray]אין[/COLOR]"/>
</include>

<include content="extrasshowsessionone">
<param name="extrasshowsessiononeid" value="510"/>
<param name="tvshowextrasname" value="אהבה חדשה"/>
<param name="seessinonenumber" value="עונה 1"/>
<param name="dialogclose" value="Dialog.Close(6410)"/>
<param name="sessiononclick" value="ActivateWindow(10025,&quot;plugin://plugin.video.sdarot.tv/season/5877/1/%D7%90%D7%94%D7%91%D7%94+%D7%97%D7%93%D7%A9%D7%94/Ahava+Hadasha&quot;,return)"/>
<param name="seessinonenumbertwo" value="[COLOR gray]אין[/COLOR]"/>
<param name="seessinonenumberthree" value="[COLOR gray]אין[/COLOR]"/>
<param name="seessinonenumberfour" value="[COLOR gray]אין[/COLOR]"/>
<param name="seessinonenumberfive" value="[COLOR gray]אין[/COLOR]"/>
<param name="seessinonenumbersix" value="[COLOR gray]אין[/COLOR]"/>
<param name="seessinonenumberseven" value="[COLOR gray]אין[/COLOR]"/>
<param name="seessinonenumbereight" value="[COLOR gray]אין[/COLOR]"/>
<param name="seessinonenumbernine" value="[COLOR gray]אין[/COLOR]"/>
<param name="seessinonenumberten" value="[COLOR gray]אין[/COLOR]"/>
</include>

<include content="extrasshowsessionone">
<param name="extrasshowsessiononeid" value="511"/>
<param name="tvshowextrasname" value="התחנה"/>
<param name="seessinonenumber" value="עונה 1"/>
<param name="dialogclose" value="Dialog.Close(6410)"/>
<param name="sessiononclick" value="ActivateWindow(10025,&quot;plugin://plugin.video.sdarot.tv/season/4429/1/%D7%94%D7%AA%D7%97%D7%A0%D7%94/Hatahchana&quot;,return)"/>
<param name="seessinonenumbertwo" value="עונה 2"/>
<param name="dialogclosedtwo" value="Dialog.Close(6410)"/>
<param name="sessiononclickdtwo" value="ActivateWindow(10025,&quot;plugin://plugin.video.sdarot.tv/season/4429/2/%D7%94%D7%AA%D7%97%D7%A0%D7%94/Hatahchana&quot;,return)"/>
<param name="seessinonenumberthree" value="עונה 3"/>
<param name="dialogclosedthree" value="Dialog.Close(6410)"/>
<param name="sessiononclickdthree" value="ActivateWindow(10025,&quot;plugin://plugin.video.sdarot.tv/season/4429/3/%D7%94%D7%AA%D7%97%D7%A0%D7%94/Hatahchana&quot;,return)"/>
<param name="seessinonenumberfour" value="[COLOR gray]אין[/COLOR]"/>
<param name="seessinonenumberfive" value="[COLOR gray]אין[/COLOR]"/>
<param name="seessinonenumbersix" value="[COLOR gray]אין[/COLOR]"/>
<param name="seessinonenumberseven" value="[COLOR gray]אין[/COLOR]"/>
<param name="seessinonenumbereight" value="[COLOR gray]אין[/COLOR]"/>
<param name="seessinonenumbernine" value="[COLOR gray]אין[/COLOR]"/>
<param name="seessinonenumberten" value="[COLOR gray]אין[/COLOR]"/>
</include> 

<include content="extrasshowsessionone">
<param name="extrasshowsessiononeid" value="512"/>
<param name="tvshowextrasname" value="אמא מביכה"/>
<param name="seessinonenumber" value="עונה 1"/>
<param name="dialogclose" value="Dialog.Close(6410)"/>
<param name="sessiononclick" value="ActivateWindow(10025,&quot;plugin://plugin.video.sdarot.tv/season/4510/1/%D7%90%D7%9E%D7%90+%D7%9E%D7%91%D7%99%D7%9B%D7%94/ImaMebicha&quot;,return)"/>
<param name="seessinonenumbertwo" value="[COLOR gray]אין[/COLOR]"/>
<param name="seessinonenumberthree" value="[COLOR gray]אין[/COLOR]"/>
<param name="seessinonenumberfour" value="[COLOR gray]אין[/COLOR]"/>
<param name="seessinonenumberfive" value="[COLOR gray]אין[/COLOR]"/>
<param name="seessinonenumbersix" value="[COLOR gray]אין[/COLOR]"/>
<param name="seessinonenumberseven" value="[COLOR gray]אין[/COLOR]"/>
<param name="seessinonenumbereight" value="[COLOR gray]אין[/COLOR]"/>
<param name="seessinonenumbernine" value="[COLOR gray]אין[/COLOR]"/>
<param name="seessinonenumberten" value="[COLOR gray]אין[/COLOR]"/>
</include>

<include content="extrasshowsessionone">
<param name="extrasshowsessiononeid" value="513"/>
<param name="tvshowextrasname" value="מצולמים"/>
<param name="seessinonenumber" value="עונה 1"/>
<param name="dialogclose" value="Dialog.Close(6410)"/>
<param name="sessiononclick" value="ActivateWindow(10025,&quot;plugin://plugin.video.sdarot.tv/season/4632/1/%D7%9E%D7%A6%D7%95%D7%9C%D7%9E%D7%99%D7%9D/Mezolamim&quot;,return)"/>
<param name="seessinonenumbertwo" value="[COLOR gray]אין[/COLOR]"/>
<param name="seessinonenumberthree" value="[COLOR gray]אין[/COLOR]"/>
<param name="seessinonenumberfour" value="[COLOR gray]אין[/COLOR]"/>
<param name="seessinonenumberfive" value="[COLOR gray]אין[/COLOR]"/>
<param name="seessinonenumbersix" value="[COLOR gray]אין[/COLOR]"/>
<param name="seessinonenumberseven" value="[COLOR gray]אין[/COLOR]"/>
<param name="seessinonenumbereight" value="[COLOR gray]אין[/COLOR]"/>
<param name="seessinonenumbernine" value="[COLOR gray]אין[/COLOR]"/>
<param name="seessinonenumberten" value="[COLOR gray]אין[/COLOR]"/>
</include>

<include content="extrasshowsessionone">
<param name="extrasshowsessiononeid" value="514"/>
<param name="tvshowextrasname" value="המדובב"/>
<param name="seessinonenumber" value="עונה 1"/>
<param name="dialogclose" value="Dialog.Close(6410)"/>
<param name="sessiononclick" value="ActivateWindow(10025,&quot;plugin://plugin.video.sdarot.tv/season/4655/1/%D7%94%D7%9E%D7%93%D7%95%D7%91%D7%91/Hamedovev&quot;,return)"/>
<param name="seessinonenumbertwo" value="[COLOR gray]אין[/COLOR]"/>
<param name="seessinonenumberthree" value="[COLOR gray]אין[/COLOR]"/>
<param name="seessinonenumberfour" value="[COLOR gray]אין[/COLOR]"/>
<param name="seessinonenumberfive" value="[COLOR gray]אין[/COLOR]"/>
<param name="seessinonenumbersix" value="[COLOR gray]אין[/COLOR]"/>
<param name="seessinonenumberseven" value="[COLOR gray]אין[/COLOR]"/>
<param name="seessinonenumbereight" value="[COLOR gray]אין[/COLOR]"/>
<param name="seessinonenumbernine" value="[COLOR gray]אין[/COLOR]"/>
<param name="seessinonenumberten" value="[COLOR gray]אין[/COLOR]"/>
</include>


<include content="extrasshowsessionone">
<param name="extrasshowsessiononeid" value="515"/>
<param name="tvshowextrasname" value="המרדף"/>
<param name="seessinonenumber" value="עונה 1"/>
<param name="sessiononclick" value="ActivateWindow(10025,&quot;plugin://plugin.video.sdarot.tv/season/2827/1/%D7%94%D7%9E%D7%A8%D7%93%D7%A3/Hamirdafh&quot;,return)"/>
<param name="seessinonenumbertwo" value="עונה 2"/>
<param name="sessiononclickdtwo" value="ActivateWindow(10025,&quot;plugin://plugin.video.sdarot.tv/season/2827/2/%D7%94%D7%9E%D7%A8%D7%93%D7%A3/Hamirdafh&quot;,return)"/>
<param name="seessinonenumberthree" value="עונה 3"/>
<param name="sessiononclickdthree" value="ActivateWindow(10025,&quot;plugin://plugin.video.sdarot.tv/season/2827/3/%D7%94%D7%9E%D7%A8%D7%93%D7%A3/Hamirdafh&quot;,return)"/>
<param name="seessinonenumberfour" value="עונה 4"/>
<param name="sessiononclickdfour" value="ActivateWindow(10025,&quot;plugin://plugin.video.sdarot.tv/season/2827/4/%D7%94%D7%9E%D7%A8%D7%93%D7%A3/Hamirdafh&quot;,return)"/>
<param name="seessinonenumberfive" value="עונה 5"/>
<param name="sessiononclickdfive" value="ActivateWindow(10025,&quot;plugin://plugin.video.sdarot.tv/season/2827/5/%D7%94%D7%9E%D7%A8%D7%93%D7%A3/Hamirdafh&quot;,return)"/>
<param name="seessinonenumbersix" value="[COLOR gray]אין[/COLOR]"/>
<param name="seessinonenumberseven" value="[COLOR gray]אין[/COLOR]"/>
<param name="seessinonenumbereight" value="[COLOR gray]אין[/COLOR]"/>
<param name="seessinonenumbernine" value="[COLOR gray]אין[/COLOR]"/>
<param name="seessinonenumberten" value="[COLOR gray]אין[/COLOR]"/>
</include>

<include content="extrasshowsessionone">
<param name="extrasshowsessiononeid" value="516"/>
<param name="tvshowextrasname" value="ספיידרז"/>
<param name="seessinonenumber" value="עונה 1"/>
<param name="sessiononclick" value="ActivateWindow(10025,&quot;plugin://plugin.video.sdarot.tv/season/5294/1/%D7%A1%D7%A4%D7%99%D7%99%D7%93%D7%A8%D7%96/Spiderz&quot;,return)"/>
<param name="seessinonenumbertwo" value="[COLOR gray]אין[/COLOR]"/>
<param name="seessinonenumberthree" value="[COLOR gray]אין[/COLOR]"/>
<param name="seessinonenumberfour" value="[COLOR gray]אין[/COLOR]"/>
<param name="seessinonenumberfive" value="[COLOR gray]אין[/COLOR]"/>
<param name="seessinonenumbersix" value="[COLOR gray]אין[/COLOR]"/>
<param name="seessinonenumberseven" value="[COLOR gray]אין[/COLOR]"/>
<param name="seessinonenumbereight" value="[COLOR gray]אין[/COLOR]"/>
<param name="seessinonenumbernine" value="[COLOR gray]אין[/COLOR]"/>
<param name="seessinonenumberten" value="[COLOR gray]אין[/COLOR]"/>
</include>

<include content="extrasshowsessionone">
<param name="extrasshowsessiononeid" value="517"/>
<param name="tvshowextrasname" value="עד כאן פלוס"/>
<param name="seessinonenumber" value="עונה 1"/>
<param name="sessiononclick" value="ActivateWindow(10025,&quot;plugin://plugin.video.sdarot.tv/season/5403/1/%D7%A2%D7%93+%D7%9B%D7%90%D7%9F+%2B/Ad+Kan+%2B&quot;,return)"/>
<param name="seessinonenumbertwo" value="[COLOR gray]אין[/COLOR]"/>
<param name="seessinonenumberthree" value="[COLOR gray]אין[/COLOR]"/>
<param name="seessinonenumberfour" value="[COLOR gray]אין[/COLOR]"/>
<param name="seessinonenumberfive" value="[COLOR gray]אין[/COLOR]"/>
<param name="seessinonenumbersix" value="[COLOR gray]אין[/COLOR]"/>
<param name="seessinonenumberseven" value="[COLOR gray]אין[/COLOR]"/>
<param name="seessinonenumbereight" value="[COLOR gray]אין[/COLOR]"/>
<param name="seessinonenumbernine" value="[COLOR gray]אין[/COLOR]"/>
<param name="seessinonenumberten" value="[COLOR gray]אין[/COLOR]"/>
</include>

<include content="extrasshowsessionone">
<param name="extrasshowsessiononeid" value="518"/>
<param name="tvshowextrasname" value="מחנה אבא"/>
<param name="seessinonenumber" value="עונה 1"/>
<param name="sessiononclick" value="ActivateWindow(10025,&quot;plugin://plugin.video.sdarot.tv/season/5685/1/%D7%9E%D7%97%D7%A0%D7%94+%D7%90%D7%91%D7%90/Machane+Aba&quot;,return)"/>
<param name="seessinonenumbertwo" value="[COLOR gray]אין[/COLOR]"/>
<param name="seessinonenumberthree" value="[COLOR gray]אין[/COLOR]"/>
<param name="seessinonenumberfour" value="[COLOR gray]אין[/COLOR]"/>
<param name="seessinonenumberfive" value="[COLOR gray]אין[/COLOR]"/>
<param name="seessinonenumbersix" value="[COLOR gray]אין[/COLOR]"/>
<param name="seessinonenumberseven" value="[COLOR gray]אין[/COLOR]"/>
<param name="seessinonenumbereight" value="[COLOR gray]אין[/COLOR]"/>
<param name="seessinonenumbernine" value="[COLOR gray]אין[/COLOR]"/>
<param name="seessinonenumberten" value="[COLOR gray]אין[/COLOR]"/>
</include>

<include content="extrasshowsessionone">
<param name="extrasshowsessiononeid" value="519"/>
<param name="tvshowextrasname" value="גינגי"/>
<param name="seessinonenumber" value="עונה 1"/>
<param name="sessiononclick" value="ActivateWindow(10025,&quot;plugin://plugin.video.sdarot.tv/season/2550/1/%D7%92%27%D7%99%D7%A0%D7%92%27%D7%99+2015/Gingi+2015&quot;,return)"/>
<param name="seessinonenumbertwo" value="עונה 2"/>
<param name="sessiononclickdtwo" value="ActivateWindow(10025,&quot;plugin://plugin.video.sdarot.tv/season/2550/2/%D7%92%27%D7%99%D7%A0%D7%92%27%D7%99+2015/Gingi+2015&quot;,return)"/>
<param name="seessinonenumberthree" value="עונה 3"/>
<param name="sessiononclickdthree" value="ActivateWindow(10025,&quot;plugin://plugin.video.sdarot.tv/season/2550/3/%D7%92%27%D7%99%D7%A0%D7%92%27%D7%99+2015/Gingi+2015&quot;,return)"/>
<param name="seessinonenumberfour" value="[COLOR gray]אין[/COLOR]"/>
<param name="seessinonenumberfive" value="[COLOR gray]אין[/COLOR]"/>
<param name="seessinonenumbersix" value="[COLOR gray]אין[/COLOR]"/>
<param name="seessinonenumberseven" value="[COLOR gray]אין[/COLOR]"/>
<param name="seessinonenumbereight" value="[COLOR gray]אין[/COLOR]"/>
<param name="seessinonenumbernine" value="[COLOR gray]אין[/COLOR]"/>
<param name="seessinonenumberten" value="[COLOR gray]אין[/COLOR]"/>
</include>

<include content="extrasshowsessionone">
<param name="extrasshowsessiononeid" value="520"/>
<param name="tvshowextrasname" value="משפחת טרסוב"/>
<param name="seessinonenumber" value="עונה 1"/>
<param name="sessiononclick" value="ActivateWindow(10025,&quot;plugin://plugin.video.sdarot.tv/season/5899/1/%D7%9E%D7%A9%D7%A4%D7%97%D7%AA+%D7%98%D7%A8%D7%A1%D7%95%D7%91/Tarasov+Family&quot;,return)"/>
<param name="seessinonenumbertwo" value="[COLOR gray]אין[/COLOR]"/>
<param name="seessinonenumberthree" value="[COLOR gray]אין[/COLOR]"/>
<param name="seessinonenumberfour" value="[COLOR gray]אין[/COLOR]"/>
<param name="seessinonenumberfive" value="[COLOR gray]אין[/COLOR]"/>
<param name="seessinonenumbersix" value="[COLOR gray]אין[/COLOR]"/>
<param name="seessinonenumberseven" value="[COLOR gray]אין[/COLOR]"/>
<param name="seessinonenumbereight" value="[COLOR gray]אין[/COLOR]"/>
<param name="seessinonenumbernine" value="[COLOR gray]אין[/COLOR]"/>
<param name="seessinonenumberten" value="[COLOR gray]אין[/COLOR]"/>
</include>

<include content="extrasshowsessionone">
<param name="extrasshowsessiononeid" value="521"/>
<param name="tvshowextrasname" value="בת השוטר"/>
<param name="seessinonenumber" value="עונה 1"/>
<param name="sessiononclick" value="ActivateWindow(10025,&quot;plugin://plugin.video.sdarot.tv/season/5909/1/%D7%91%D7%AA+%D7%94%D7%A9%D7%95%D7%98%D7%A8/Bat+Hashoter&quot;,return)"/>
<param name="seessinonenumbertwo" value="[COLOR gray]אין[/COLOR]"/>
<param name="seessinonenumberthree" value="[COLOR gray]אין[/COLOR]"/>
<param name="seessinonenumberfour" value="[COLOR gray]אין[/COLOR]"/>
<param name="seessinonenumberfive" value="[COLOR gray]אין[/COLOR]"/>
<param name="seessinonenumbersix" value="[COLOR gray]אין[/COLOR]"/>
<param name="seessinonenumberseven" value="[COLOR gray]אין[/COLOR]"/>
<param name="seessinonenumbereight" value="[COLOR gray]אין[/COLOR]"/>
<param name="seessinonenumbernine" value="[COLOR gray]אין[/COLOR]"/>
<param name="seessinonenumberten" value="[COLOR gray]אין[/COLOR]"/>
</include>

<include content="extrasshowsessionone">
<param name="extrasshowsessiononeid" value="522"/>
<param name="tvshowextrasname" value="שעת נעילה"/>
<param name="seessinonenumber" value="עונה 1"/>
<param name="sessiononclick" value="ActivateWindow(10025,&quot;plugin://plugin.video.sdarot.tv/season/5910/1/%D7%A9%D7%A2%D7%AA+%D7%A0%D7%A2%D7%99%D7%9C%D7%94/Shat+Neila&quot;,return)"/>
<param name="seessinonenumbertwo" value="[COLOR gray]אין[/COLOR]"/>
<param name="seessinonenumberthree" value="[COLOR gray]אין[/COLOR]"/>
<param name="seessinonenumberfour" value="[COLOR gray]אין[/COLOR]"/>
<param name="seessinonenumberfive" value="[COLOR gray]אין[/COLOR]"/>
<param name="seessinonenumbersix" value="[COLOR gray]אין[/COLOR]"/>
<param name="seessinonenumberseven" value="[COLOR gray]אין[/COLOR]"/>
<param name="seessinonenumbereight" value="[COLOR gray]אין[/COLOR]"/>
<param name="seessinonenumbernine" value="[COLOR gray]אין[/COLOR]"/>
<param name="seessinonenumberten" value="[COLOR gray]אין[/COLOR]"/>
</include>

<include content="extrasshowsessionone">
<param name="extrasshowsessiononeid" value="523"/>
<param name="tvshowextrasname" value="אנדרדוגס"/>
<param name="seessinonenumber" value="עונה 1"/>
<param name="sessiononclick" value="ActivateWindow(10025,&quot;plugin://plugin.video.sdarot.tv/season/5728/1/%D7%90%D7%A0%D7%93%D7%A8%D7%93%D7%95%D7%92%D7%A1/Underdogs&quot;,return)"/>
<param name="seessinonenumbertwo" value="[COLOR gray]אין[/COLOR]"/>
<param name="seessinonenumberthree" value="[COLOR gray]אין[/COLOR]"/>
<param name="seessinonenumberfour" value="[COLOR gray]אין[/COLOR]"/>
<param name="seessinonenumberfive" value="[COLOR gray]אין[/COLOR]"/>
<param name="seessinonenumbersix" value="[COLOR gray]אין[/COLOR]"/>
<param name="seessinonenumberseven" value="[COLOR gray]אין[/COLOR]"/>
<param name="seessinonenumbereight" value="[COLOR gray]אין[/COLOR]"/>
<param name="seessinonenumbernine" value="[COLOR gray]אין[/COLOR]"/>
<param name="seessinonenumberten" value="[COLOR gray]אין[/COLOR]"/>
</include>

<include content="extrasshowsessionone">
<param name="extrasshowsessiononeid" value="524"/>
<param name="tvshowextrasname" value="משפחה באוטו"/>
<param name="seessinonenumber" value="עונה 1"/>
<param name="sessiononclick" value="ActivateWindow(10025,&quot;plugin://plugin.video.sdarot.tv/season/5821/1/%D7%9E%D7%A9%D7%A4%D7%97%D7%94+%D7%91%D7%90%D7%95%D7%98%D7%95/mspaha+baoto&quot;,return)"/>
<param name="seessinonenumbertwo" value="[COLOR gray]אין[/COLOR]"/>
<param name="seessinonenumberthree" value="[COLOR gray]אין[/COLOR]"/>
<param name="seessinonenumberfour" value="[COLOR gray]אין[/COLOR]"/>
<param name="seessinonenumberfive" value="[COLOR gray]אין[/COLOR]"/>
<param name="seessinonenumbersix" value="[COLOR gray]אין[/COLOR]"/>
<param name="seessinonenumberseven" value="[COLOR gray]אין[/COLOR]"/>
<param name="seessinonenumbereight" value="[COLOR gray]אין[/COLOR]"/>
<param name="seessinonenumbernine" value="[COLOR gray]אין[/COLOR]"/>
<param name="seessinonenumberten" value="[COLOR gray]אין[/COLOR]"/>
</include>

<!--
<include content="extrasshowsessionone">
<param name="extrasshowsessiononeid" value="500"/>
<param name="tvshowextrasname" value="סטאמפטאון"/>
<param name="seessinonenumber" value="עונה 1"/>
<param name="sessiononclick" value=""/>
<param name="seessinonenumbertwo" value="[COLOR gray]אין[/COLOR]"/>
<param name="seessinonenumberthree" value="[COLOR gray]אין[/COLOR]"/>
<param name="seessinonenumberfour" value="[COLOR gray]אין[/COLOR]"/>
<param name="seessinonenumberfive" value="[COLOR gray]אין[/COLOR]"/>
<param name="seessinonenumbersix" value="[COLOR gray]אין[/COLOR]"/>
<param name="seessinonenumberseven" value="[COLOR gray]אין[/COLOR]"/>
<param name="seessinonenumbereight" value="[COLOR gray]אין[/COLOR]"/>
<param name="seessinonenumbernine" value="[COLOR gray]אין[/COLOR]"/>
<param name="seessinonenumberten" value="[COLOR gray]אין[/COLOR]"/>
</include>
-->


<!--
<include content="extrasshowsessionone">
<param name="extrasshowsessiononeid" value="505"/>
<param name="tvshowextrasname" value="הוואי חמש אפס"/>
<param name="seessinonenumber" value="עונה 1"/>
<param name="sessiononclick" value=""/>
<param name="seessinonenumbertwo" value="עונה 2"/>
<param name="sessiononclickdtwo" value=""/>
<param name="seessinonenumberthree" value="עונה 3"/>
<param name="sessiononclickdthree" value=""/>
<param name="seessinonenumberfour" value="עונה 4"/>
<param name="sessiononclickdfour" value=""/>
<param name="seessinonenumberfive" value="עונה 5"/>
<param name="sessiononclickdfive" value=""/>
<param name="seessinonenumbersix" value="עונה 6"/>
<param name="sessiononclickdsix" value=""/>
<param name="seessinonenumberseven" value="עונה 7"/>
<param name="sessiononclickdseven" value=""/>
<param name="seessinonenumbereight" value="עונה 8"/>
<param name="sessiononclickdeight" value=""/>
<param name="seessinonenumbernine" value="עונה 9"/>
<param name="sessiononclickdnine" value=""/>
<param name="seessinonenumberten" value="עונה 10"/>
<param name="sessiononclickdten" value=""/>
</include> -->

<!-- 
<param name="seessinonenumbertwo" value="[COLOR gray]אין[/COLOR]"/>
<param name="seessinonenumberthree" value="[COLOR gray]אין[/COLOR]"/>
<param name="seessinonenumberfour" value="[COLOR gray]אין[/COLOR]"/>
<param name="seessinonenumberfive" value="[COLOR gray]אין[/COLOR]"/>
<param name="seessinonenumbersix" value="[COLOR gray]אין[/COLOR]"/>
<param name="seessinonenumberseven" value="[COLOR gray]אין[/COLOR]"/>
<param name="seessinonenumbereight" value="[COLOR gray]אין[/COLOR]"/>
<param name="seessinonenumbernine" value="[COLOR gray]אין[/COLOR]"/>
<param name="seessinonenumberten" value="[COLOR gray]אין[/COLOR]"/>

-->


</control>
</controls>
</window>
