<?xml version="1.0" encoding="UTF-8"?>
<!-- Foundation -->
<window id="6804" type="dialog">
    <defaultcontrol always="true">5</defaultcontrol>


<controls>

	
			<control type="multiimage">
			<posx>0</posx>
			<posy>0</posy>
			<width>1920</width>
			<height>1080</height>
			<imagepath background="true">special://skin/extras/specialbuttons/background.jpg</imagepath>
			<aspectratio aligny="top">scale</aspectratio>
			<timeperimage>80000</timeperimage>
			<randomize>true</randomize>
			<fadetime>650</fadetime>
		</control>
		
		
		
		<control type="group">
		<control type="panel" id="5">
		<posx>20</posx>
		<posy>0</posy>
		<width>2050</width>
		<height>1080</height>
		<orientation>vertical</orientation>
		<scrolltime tween="sine" easing="inout">350</scrolltime>
		<itemlayout width="210" height="270">
		<control type="image">
		<posx>0</posx>
		<posy>0</posy>
		<width>200</width>
		<height>250</height>
		<texture fallback="special://skin/extras/fallbacks/NoActor.png">$INFO[ListItem.Thumb]</texture>
		</control>
		</itemlayout>
		<focusedlayout width="210" height="270">
		<control type="image">
		<posx>0</posx>
		<posy>0</posy>
		<width>200</width>
		<height>250</height>
		<texture fallback="special://skin/extras/fallbacks/NoActor.png">$INFO[ListItem.Thumb]</texture>
		</control>
		<control type="group">
		<visible>Control.HasFocus(5)</visible>
		<animation effect="zoom" center="auto" start="0,0" end="100,100" time="150">Focus</animation>
		<control type="image">
		<posx>0</posx>
		<posy>0</posy>
		<width>200</width>
		<height>250</height>
		<texture>black.png</texture>
		<colordiffuse>77000000</colordiffuse>
		</control>
		<control type="image">
		<posx>0</posx>
		<posy>0</posy>
		<width>200</width>
		<height>250</height>
		<texture>black.png</texture>
		<colordiffuse>77000000</colordiffuse>
		</control>
		<control type="textbox">
		<posx>0</posx>
		<posy>0</posy>
		<width>200</width>
		<height>80</height>
		<align>center</align>
		<label>$INFO[ListItem.Label]</label>
		</control>
		<control type="label">
		<posx>0</posx>
		<posy>80</posy>
		<width>200</width>
		<height>80</height>
		<align>center</align>
		<textcolor>gray</textcolor>
		<label>$INFO[ListItem.Genre]</label>
		</control>
		
				<control type="label">
		<posx>0</posx>
		<posy>120</posy>
		<width>200</width>
		<height>80</height>
		<align>center</align>
		<font>font-14</font>
		<label>[B]$INFO[ListItem.Year][/B]</label>
		</control>
		
		
		<control type="textbox">
		<posx>0</posx>
		<posy>170</posy>
		<width>200</width>
		<height>80</height>
		<align>center</align>
		<font>font-14</font>
		<autoscroll fade="2500" time="2500" repeat="2500"></autoscroll>
		<label>$INFO[ListItem.Plot]</label>
		</control>
		</control>
		</focusedlayout>
		<content sortby="dateadded" sortorder="descending">plugin://plugin.video.kids_new/?description=%d7%a1%d7%a8%d7%98%d7%99%d7%9d%20%d7%9e%d7%93%d7%95%d7%91%d7%91%d7%99%d7%9d&amp;fanart=https%3a%2f%2fmedia.timeout.com%2fimages%2f105586169%2fimage.jpg&amp;iconimage=https%3a%2f%2fmedia.timeout.com%2fimages%2f105586169%2fimage.jpg&amp;mode=13&amp;name=%d7%a1%d7%a8%d7%98%d7%99%d7%9d%20%d7%9e%d7%93%d7%95%d7%91%d7%91%d7%99%d7%9d%20(666)%20&amp;url=0&quot</content>
		</control>
		</control>



</controls>
</window>
