<?xml version="1.0" encoding="UTF-8"?>
<!-- Foundation -->
<window id="6801" type="dialog">
    <defaultcontrol always="true">5849</defaultcontrol>


<controls>



<include content="basecontentidanplus">
<param name="idanplusextraid" value="5849"/>
<param name="idanextracontent" value="plugin://plugin.audio.My.Music/?cat_level=%20&amp;count=0&amp;description=%20Music%20in%20categories%2024-7%20&amp;fanart=https%3a%2f%2fi.ytimg.com%2fvi%2fW7c9SfSdXRA%2fmaxresdefault.jpg&amp;iconimage=https%3a%2f%2fpbs.twimg.com%2fprofile_images%2f974265887384657921%2futXy1ElP_400x400.jpg&amp;index_depth=0&amp;lang=eng&amp;mode=5&amp;name=%d7%a7%d7%a9%d7%aa&amp;page&amp;selected_list=%20&amp;url=%d7%a2%d7%99%d7%93%d7%9f%20%d7%a4%d7%9c%d7%95%d7%a1%d7%a7%d7%a9%d7%aa&quot"/>
</include>

<!-->קשת<-->
<include content="idanplusextrasepisod">
<param name="idanlabelname" value="בית ספר למוסיקה"/>
<param name="idanepisodextrasid" value="500"/>
<param name="idanepisodcontent" value="plugin://plugin.video.idanplus/?iconimage=https%253A%252F%252Fimg.mako.co.il%252F2020%252F07%252F01%252FMUSIC-SCHOOL-2020-I.JPG&amp;mode=3&amp;module=keshet&amp;moredata=995ec8c35eff2710VgnVCM200000650a10acRCRD&amp;name=%5bCOLOR%20burlywood%5d%5bB%5d%d7%a2%d7%95%d7%a0%d7%94%204%5b%2fB%5d%5b%2fCOLOR%5d&amp;url=https%253A%252F%252Fwww.mako.co.il%252Fmako-vod-keshet%252Fmusic-school-s4&quot"/>
</include>

<include content="idanplusextrasepisod">
<param name="idanlabelname" value="אחד למיליון"/>
<param name="idanepisodextrasid" value="501"/>
<param name="idanepisodcontent" value="plugin://plugin.video.idanplus/?iconimage=https%253A%252F%252Fimg.mako.co.il%252F2018%252F05%252F01%252FHD-0_i.jpg&amp;mode=3&amp;module=keshet&amp;moredata=4bb22d70d75a0710VgnVCM200000650a10acRCRD&amp;name=%5bCOLOR%20burlywood%5d%5bB%5d%d7%a2%d7%95%d7%a0%d7%94%202%5b%2fB%5d%5b%2fCOLOR%5d&amp;url=https%253A%252F%252Fwww.mako.co.il%252Fmako-vod-keshet%252Fone_in_a_milion-s2&quot"/>
</include>

<include content="idanplusextrasepisod">
<param name="idanlabelname" value="ערב טוב גיא פינס"/>
<param name="idanepisodextrasid" value="502"/>
<param name="idanepisodcontent" value="plugin://plugin.video.idanplus/?iconimage=https%253A%252F%252Fimg.mako.co.il%252F2018%252F12%252F25%252FI-erev-tov-1-9.JPG&amp;mode=3&amp;module=keshet&amp;moredata=c0d86fa23316f610VgnVCM100000700a10acRCRD&amp;name=%5bCOLOR%20burlywood%5d%5bB%5d%d7%a2%d7%95%d7%a0%d7%94%203%5b%2fB%5d%5b%2fCOLOR%5d&amp;url=https%253A%252F%252Fwww.mako.co.il%252Fmako-vod-keshet%252Fgood-evening-with-guy-pines-s3&quot"/>
</include>

<include content="idanplusextrasepisod">
<param name="idanlabelname" value="חדשות הבוקר עם ניב רסקין"/>
<param name="idanepisodextrasid" value="503"/>
<param name="idanepisodcontent" value="plugin://plugin.video.idanplus/?iconimage=https%253A%252F%252Fimg.mako.co.il%252F2020%252F08%252F05%252Frsz_niv-raskin-yahatz-2_i.jpg&amp;mode=3&amp;module=keshet&amp;moredata=be6d51474216f610VgnVCM100000700a10acRCRD&amp;name=%5bCOLOR%20burlywood%5d%5bB%5d2020%5b%2fB%5d%5b%2fCOLOR%5d&amp;url=https%253A%252F%252Fwww.mako.co.il%252Fmako-vod-keshet%252Fmorning_news-2020&quot"/>
</include>

<include content="idanplusextrasepisod">
<param name="idanlabelname" value="חי בלילה עם נדב בורנשטיין"/>
<param name="idanepisodextrasid" value="504"/>
<param name="idanepisodcontent" value="plugin://plugin.video.idanplus/?iconimage=https%253A%252F%252Fimg.mako.co.il%252F2016%252F02%252F22%252Fhai_balayla111_i.jpg&amp;mode=3&amp;module=keshet&amp;moredata=3ca1afa63365f610VgnVCM200000650a10acRCRD&amp;name=%5bCOLOR%20burlywood%5d%5bB%5d%d7%a2%d7%95%d7%a0%d7%94%2012%5b%2fB%5d%5b%2fCOLOR%5d&amp;url=https%253A%252F%252Fwww.mako.co.il%252Fmako-vod-keshet%252Flive-at-night-s12&quot"/>
</include>

<include content="idanplusextrasepisod">
<param name="idanlabelname" value="מי רוצה להיות מיליונר"/>
<param name="idanepisodextrasid" value="506"/>
<param name="idanepisodcontent" value="plugin://plugin.video.idanplus/?iconimage=https%253A%252F%252Fimg.mako.co.il%252F2020%252F07%252F13%252FHD_1920X1280_WWTBAM_2020_i.jpg&amp;mode=3&amp;module=keshet&amp;moredata=7f898fc0b1243710VgnVCM200000650a10acRCRD&amp;name=%5bCOLOR%20burlywood%5d%5bB%5d%d7%a2%d7%95%d7%a0%d7%94%201%5b%2fB%5d%5b%2fCOLOR%5d&amp;url=https%253A%252F%252Fwww.mako.co.il%252Fmako-vod-keshet%252Fwho_wants_to_be_a_millionaire-s1&quot"/>
</include>

<include content="idanplusextrasepisod">
<param name="idanlabelname" value="ארץ נהדרת"/>
<param name="idanepisodextrasid" value="507"/>
<param name="idanepisodcontent" value="plugin://plugin.video.idanplus/?iconimage=https%253A%252F%252Fimg.mako.co.il%252F2020%252F01%252F08%252Ferez01_i.jpg&amp;mode=3&amp;module=keshet&amp;moredata=19cc03b59965f610VgnVCM200000650a10acRCRD&amp;name=%5bCOLOR%20burlywood%5d%5bB%5d%d7%a2%d7%95%d7%a0%d7%94%2017%5b%2fB%5d%5b%2fCOLOR%5d&amp;url=https%253A%252F%252Fwww.mako.co.il%252Fmako-vod-keshet%252Feretz_nehederet-s17&quot"/>
</include>

<include content="idanplusextrasepisod">
<param name="idanlabelname" value="המתחזים"/>
<param name="idanepisodextrasid" value="508"/>
<param name="idanepisodcontent" value="plugin://plugin.video.idanplus/?iconimage=https%253A%252F%252Fimg.mako.co.il%252F2019%252F12%252F29%252FHD-imposters-new_i.jpg&amp;mode=3&amp;module=keshet&amp;moredata=e8c7e9889f224610VgnVCM2000002a0c10acRCRD&amp;name=%5bCOLOR%20burlywood%5d%5bB%5d%d7%a2%d7%95%d7%a0%d7%94%201%5b%2fB%5d%5b%2fCOLOR%5d&amp;url=https%253A%252F%252Fwww.mako.co.il%252Fmako-vod-keshet%252FThe-impostors-s1&quot"/>
</include>

<include content="idanplusextrasepisod">
<param name="idanlabelname" value="מונית הכסף"/>
<param name="idanepisodextrasid" value="509"/>
<param name="idanepisodcontent" value="plugin://plugin.video.idanplus/?iconimage=https%253A%252F%252Fimg.mako.co.il%252F2019%252F03%252F02%252FHD-monit-2_i.jpg&amp;mode=3&amp;module=keshet&amp;moredata=6e0a2ef3d8d40710VgnVCM100000700a10acRCRD&amp;name=%5bCOLOR%20burlywood%5d%5bB%5d%d7%a2%d7%95%d7%a0%d7%94%207%5b%2fB%5d%5b%2fCOLOR%5d&amp;url=https%253A%252F%252Fwww.mako.co.il%252Fmako-vod-keshet%252Fmoney_cab-s7&quot"/>
</include>

<include content="idanplusextrasepisod">
<param name="idanlabelname" value="ישראל מבשלת יחד"/>
<param name="idanepisodextrasid" value="510"/>
<param name="idanepisodcontent" value="plugin://plugin.video.idanplus/?iconimage=https%253A%252F%252Fimg.mako.co.il%252F2020%252F04%252F02%252Fisraelcokingnewhd_i.jpg&amp;mode=3&amp;module=keshet&amp;moredata=958dfff3c3c01710VgnVCM100000700a10acRCRD&amp;name=%5bCOLOR%20burlywood%5d%5bB%5d%d7%a2%d7%95%d7%a0%d7%94%201%5b%2fB%5d%5b%2fCOLOR%5d&amp;url=https%253A%252F%252Fwww.mako.co.il%252Fmako-vod-keshet%252Fisrael_cooks_together-s1&quot"/>
</include>

<include content="idanplusextrasepisod">
<param name="idanlabelname" value="המתמחים"/>
<param name="idanepisodextrasid" value="511"/>
<param name="idanepisodcontent" value="plugin://plugin.video.idanplus/?iconimage=https%253A%252F%252Fimg.mako.co.il%252F2020%252F08%252F24%252FHamitmahim_HD_i.jpg&amp;mode=3&amp;module=keshet&amp;moredata=c23786e4c8f93710VgnVCM100000700a10acRCRD&amp;name=%5bCOLOR%20burlywood%5d%5bB%5d%d7%a2%d7%95%d7%a0%d7%94%203%5b%2fB%5d%5b%2fCOLOR%5d&amp;url=https%253A%252F%252Fwww.mako.co.il%252Fmako-vod-keshet%252Fthe-interns-s3&quot"/>
</include>

<include content="idanplusextrasepisod">
<param name="idanlabelname" value="חתונה ממבט ראשון"/>
<param name="idanepisodextrasid" value="513"/>
<param name="idanepisodcontent" value="plugin://plugin.video.idanplus/?iconimage=https%253A%252F%252Fimg.mako.co.il%252F2019%252F03%252F10%252Fkarin-9_i.jpg&amp;mode=3&amp;module=keshet&amp;moredata=b604a542f3e30710VgnVCM200000650a10acRCRD&amp;name=%5bCOLOR%20burlywood%5d%5bB%5d%d7%a2%d7%95%d7%a0%d7%94%203%5b%2fB%5d%5b%2fCOLOR%5d&amp;url=https%253A%252F%252Fwww.mako.co.il%252Fmako-vod-keshet%252Fwedding-at-first-sight-s3&quot"/>
</include>

<include content="idanplusextrasepisod">
<param name="idanlabelname" value="אמא מחליפה"/>
<param name="idanepisodextrasid" value="514"/>
<param name="idanepisodcontent" value="plugin://plugin.video.idanplus/?iconimage=https%253A%252F%252Fimg.mako.co.il%252F2016%252F12%252F06%252Feima_mahlifa.jpg&amp;mode=3&amp;module=keshet&amp;moredata=179148f528673710VgnVCM200000650a10acRCRD&amp;name=%5bCOLOR%20burlywood%5d%5bB%5d%d7%a2%d7%95%d7%a0%d7%94%206%5b%2fB%5d%5b%2fCOLOR%5d&amp;url=https%253A%252F%252Fwww.mako.co.il%252Fmako-vod-keshet%252Fwifeswap-s6&quot"/>
</include>

<include content="idanplusextrasepisod">
<param name="idanlabelname" value="הזמר במסכה"/>
<param name="idanepisodextrasid" value="515"/>
<param name="idanepisodcontent" value="plugin://plugin.video.idanplus/?iconimage=https%253A%252F%252Fimg.mako.co.il%252F2020%252F09%252F23%252FHD_1920X1280_TheMaskedSinger_S1_i.jpg&amp;mode=3&amp;module=keshet&amp;moredata=17a0a3866e784710VgnVCM200000650a10acRCRD&amp;name=%5bCOLOR%20burlywood%5d%5bB%5d%d7%a2%d7%95%d7%a0%d7%94%201%5b%2fB%5d%5b%2fCOLOR%5d&amp;url=https%253A%252F%252Fwww.mako.co.il%252Fmako-vod-keshet%252Fthe_singer_in_a_mask-s1&quot"/>
</include>

<include content="idanplusextrasepisod">
<param name="idanlabelname" value="הבתים היפים בישראל"/>
<param name="idanepisodextrasid" value="516"/>
<param name="idanepisodcontent" value="plugin://plugin.video.idanplus/?iconimage=https%253A%252F%252Fimg.mako.co.il%252F2019%252F10%252F06%252F624x383_i_Pic.jpg&amp;mode=3&amp;module=keshet&amp;moredata=df173df0c6c15710VgnVCM200000650a10acRCRD&amp;name=%5bCOLOR%20burlywood%5d%5bB%5d%d7%a2%d7%95%d7%a0%d7%94%203%5b%2fB%5d%5b%2fCOLOR%5d&amp;url=https%253A%252F%252Fwww.mako.co.il%252Fmako-vod-keshet%252Fbeautiful_houses_in_israel-s3&quot"/>
</include>

<include content="idanplusextrasepisod">
<param name="idanlabelname" value="נינגה ישראל"/>
<param name="idanepisodextrasid" value="517"/>
<param name="idanepisodcontent" value="plugin://plugin.video.idanplus/?iconimage=https%253A%252F%252Fimg.mako.co.il%252F2020%252F09%252F23%252FI_624X383_Ninja2021.jpg&amp;mode=3&amp;module=keshet&amp;moredata=2bc6ef84b8764710VgnVCM200000650a10acRCRD&amp;name=%5bCOLOR%20burlywood%5d%5bB%5d2021%5b%2fB%5d%5b%2fCOLOR%5d&amp;url=https%253A%252F%252Fwww.mako.co.il%252Fmako-vod-keshet%252Fninja_israel-s3&quot"/>
</include>

<include content="idanplusextrasepisod">
<param name="idanlabelname" value="יצאת צדיק"/>
<param name="idanepisodextrasid" value="518"/>
<param name="idanepisodcontent" value="plugin://plugin.video.idanplus/?iconimage=https%253A%252F%252Fimg.mako.co.il%252F2019%252F06%252F19%252FI-yahatz-haim-1.jpg&amp;mode=3&amp;module=keshet&amp;moredata=dd33b9d761e7d510VgnVCM2000002a0c10acRCRD&amp;name=%5bCOLOR%20burlywood%5d%5bB%5d%d7%a1%d7%a4%d7%99%d7%99%d7%a9%d7%9c%d7%99%d7%9d%5b%2fB%5d%5b%2fCOLOR%5d&amp;url=https%253A%252F%252Fwww.mako.co.il%252Fmako-vod-keshet%252Fyetzata_tzadik-specials&quot"/>
</include>

<!-->

<include content="idanplusextrasepisod">
<param name="idanlabelname" value=""/>
<param name="idanepisodextrasid" value="5"/>
<param name="idanepisodcontent" value=""/>
</include>

<-->

<include>idanplusexitbutton</include>
<include>textlabelsidan</include>

</controls>
</window>
