<?xml version="1.0" encoding="UTF-8"?>
<!-- Foundation -->
<window id="6407" type="dialog">
    <defaultcontrol always="true">1256</defaultcontrol>


<controls>


<control type="image">
<posx>550</posx>
<posy>20</posy>
<width>800</width>
<height>200</height>
<texture>special://skin/extras/circles/designedbyghost.png</texture>
</control>

<include>seriastvshowsmainmenu</include>

<control type="group">
<posy>100</posy>
<include content="tvshowpowersmainscreen">
<param name="tvshowid" value="1256"/>
<param name="listitemnumber" value="1"/>
<param name="tvshowcontent" value="plugin://plugin.audio.My.Music/?cat_level=%20&amp;count=0&amp;description=%5bB%5d%5bCOLOR%20burlywood%5d%20%d7%a9.%d7%a7%20%5b%2fCOLOR%5d%5b%2fB%5d&amp;fanart=https%3a%2f%2ffunender.com%2fwp-content%2fuploads%2f2017%2f11%2fTop-10-Box-Office-Weekend-Movies-Report-October-27-29-2017.jpg&amp;iconimage=http%3a%2f%2fngarba.xyz%2fadds%2fyos%2fphoto10.jpg&amp;index_depth=0&amp;lang=eng&amp;mode=5&amp;name=tvshow-newdesign-action&amp;page&amp;selected_list=%20&amp;url=%d7%a1%d7%93%d7%a8%d7%95%d7%aatvshow-newdesigntvshow-newdesign-action&quot"/>
</include>


<include content="firstsession">
<param name="firstsissonid" value="500"/>
<param name="tvshowlabelname" value="לוחם"/>
<param name="firstsissonidcontent" value="plugin://plugin.video.mando/?all_w=%7b%7d&amp;data=2019&amp;dates=%20&amp;description=%5bCOLOR%20aqua%5d%20%d7%a9%d7%95%d7%93%d7%a8%20%d7%91%d7%aa%d7%90%d7%a8%d7%99%d7%9a%2005-04-2019%5b%2fCOLOR%5d%0aA%20gritty%2c%20action-packed%20crime%20drama%20set%20during%20the%20brutal%20Tong%20Wars%20of%20San%20Francisco%e2%80%99s%20Chinatown%20in%20the%20second%20half%20of%20the%2019th%20century.%20The%20series%20follows%20Ah%20Sahm%2c%20a%20martial%20arts%20prodigy%20who%20immigrates%20from%20China%20to%20San%20Francisco%20under%20mysterious%20circumstances%2c%20and%20becomes%20a%20hatchet%20man%20for%20one%20of%20Chinatown%e2%80%99s%20most%20powerful%20tongs.&amp;eng_name=%20&amp;episode=%20&amp;fanart=https%3a%2f%2fimage.tmdb.org%2ft%2fp%2foriginal%2f%2fjSBUu67DL0ajUo2e8b2orVX2TOw.jpg&amp;fav_status=false&amp;heb_name=%d7%9c%d7%95%d7%97%d7%9d&amp;iconimage=https%3a%2f%2fimage.tmdb.org%2ft%2fp%2foriginal%2f%2fdeRsh3toU0gbqSSZbNqndkxsrnw.jpg&amp;id=73544&amp;image_master&amp;isr=0&amp;last_id&amp;mode=19&amp;name=%5bCOLOR%20white%5d%d7%a2%d7%95%d7%a0%d7%94%201%5b%2fCOLOR%5d&amp;original_title=Warrior&amp;season=1&amp;show_original_year=2019&amp;tmdbid=359326&amp;url=https%3a%2f%2fapi.themoviedb.org%2f3%2ftv%2f73544%3fapi_key%3d34142515d9d23817496eeb4ff1d223d0%26language%3den%26append_to_response%3dexternal_ids&amp;video_data=%7b%22rating%22%3a%20%220%22%2c%20%22episode%22%3a%200%2c%20%22title%22%3a%20%22%5bCOLOR%20white%5d%5cu05e2%5cu05d5%5cu05e0%5cu05d4%201%5b%2fCOLOR%5d%22%2c%20%22season%22%3a%200%2c%20%22TVshowtitle%22%3a%20%22%22%2c%20%22mediatype%22%3a%20%22movie%22%2c%20%22plot%22%3a%20%22%5bCOLOR%20aqua%5d%20%5cu05e9%5cu05d5%5cu05d3%5cu05e8%20%5cu05d1%5cu05ea%5cu05d0%5cu05e8%5cu05d9%5cu05da%2005-04-2019%5b%2fCOLOR%5d%5cnA%20gritty%2c%20action-packed%20crime%20drama%20set%20during%20the%20brutal%20Tong%20Wars%20of%20San%20Francisco%5cu2019s%20Chinatown%20in%20the%20second%20half%20of%20the%2019th%20century.%20The%20series%20follows%20Ah%20Sahm%2c%20a%20martial%20arts%20prodigy%20who%20immigrates%20from%20China%20to%20San%20Francisco%20under%20mysterious%20circumstances%2c%20and%20becomes%20a%20hatchet%20man%20for%20one%20of%20Chinatown%5cu2019s%20most%20powerful%20tongs.%22%2c%20%22OriginalTitle%22%3a%20%22Warrior%22%2c%20%22Tag%22%3a%20%2216%22%2c%20%22year%22%3a%20%222019%22%7d&quot"/>
</include>
<include content="tvshowseesiontwo">
<param name="seesiontwoid" value="501"/>
<param name="tvshowlabelname" value="לוחם"/>
<param name="seesiontwoidcontent" value="plugin://plugin.video.mando/?all_w=%7b%7d&amp;data=2020&amp;dates=%20&amp;description=%5bCOLOR%20aqua%5d%20%d7%a9%d7%95%d7%93%d7%a8%20%d7%91%d7%aa%d7%90%d7%a8%d7%99%d7%9a%2002-10-2020%5b%2fCOLOR%5d%0aA%20gritty%2c%20action-packed%20crime%20drama%20set%20during%20the%20brutal%20Tong%20Wars%20of%20San%20Francisco%e2%80%99s%20Chinatown%20in%20the%20second%20half%20of%20the%2019th%20century.%20The%20series%20follows%20Ah%20Sahm%2c%20a%20martial%20arts%20prodigy%20who%20immigrates%20from%20China%20to%20San%20Francisco%20under%20mysterious%20circumstances%2c%20and%20becomes%20a%20hatchet%20man%20for%20one%20of%20Chinatown%e2%80%99s%20most%20powerful%20tongs.&amp;eng_name=%20&amp;episode=%20&amp;fanart=https%3a%2f%2fimage.tmdb.org%2ft%2fp%2foriginal%2f%2fjSBUu67DL0ajUo2e8b2orVX2TOw.jpg&amp;fav_status=false&amp;heb_name=%d7%9c%d7%95%d7%97%d7%9d&amp;iconimage=https%3a%2f%2fimage.tmdb.org%2ft%2fp%2foriginal%2f%2feTxdTFkikZXj6bC3CWWJBIm5MSZ.jpg&amp;id=73544&amp;image_master&amp;isr=0&amp;last_id&amp;mode=19&amp;name=%5bCOLOR%20white%5d%d7%a2%d7%95%d7%a0%d7%94%202%5b%2fCOLOR%5d&amp;original_title=Warrior&amp;season=2&amp;show_original_year=2019&amp;tmdbid=359326&amp;url=https%3a%2f%2fapi.themoviedb.org%2f3%2ftv%2f73544%3fapi_key%3d34142515d9d23817496eeb4ff1d223d0%26language%3den%26append_to_response%3dexternal_ids&amp;video_data=%7b%22rating%22%3a%20%220%22%2c%20%22episode%22%3a%200%2c%20%22title%22%3a%20%22%5bCOLOR%20white%5d%5cu05e2%5cu05d5%5cu05e0%5cu05d4%202%5b%2fCOLOR%5d%22%2c%20%22season%22%3a%200%2c%20%22TVshowtitle%22%3a%20%22%22%2c%20%22mediatype%22%3a%20%22movie%22%2c%20%22plot%22%3a%20%22%5bCOLOR%20aqua%5d%20%5cu05e9%5cu05d5%5cu05d3%5cu05e8%20%5cu05d1%5cu05ea%5cu05d0%5cu05e8%5cu05d9%5cu05da%2002-10-2020%5b%2fCOLOR%5d%5cnA%20gritty%2c%20action-packed%20crime%20drama%20set%20during%20the%20brutal%20Tong%20Wars%20of%20San%20Francisco%5cu2019s%20Chinatown%20in%20the%20second%20half%20of%20the%2019th%20century.%20The%20series%20follows%20Ah%20Sahm%2c%20a%20martial%20arts%20prodigy%20who%20immigrates%20from%20China%20to%20San%20Francisco%20under%20mysterious%20circumstances%2c%20and%20becomes%20a%20hatchet%20man%20for%20one%20of%20Chinatown%5cu2019s%20most%20powerful%20tongs.%22%2c%20%22OriginalTitle%22%3a%20%22Warrior%22%2c%20%22Tag%22%3a%20%2216%22%2c%20%22year%22%3a%20%222020%22%7d&quot"/>
</include>


<!--
<include content="firstsession">
<param name="firstsissonid" value="500"/>
<param name="tvshowlabelname" value=""/>
<param name="firstsissonidcontent" value=""/>
</include>
<include content="tvshowseesiontwo">
<param name="seesiontwoid" value="501"/>
<param name="tvshowlabelname" value=""/>
<param name="seesiontwoidcontent" value=""/>
</include>
<include content="tvshowseesionthree">
<param name="seesionthreeid" value="502"/>
<param name="tvshowlabelname" value=""/>
<param name="seesionthreeidcontent" value=""/>
</include>
<include content="tvshowseesionfour">
<param name="seesionfourid" value="503"/>
<param name="tvshowlabelname" value=""/>
<param name="seesionfouridcontent" value=""/>
</include>
<include content="tvshowseesionfive">
<param name="seesionfiveid" value="504"/>
<param name="tvshowlabelname" value=""/>
<param name="seesionfiveidcontent" value=""/>
</include>
<include content="tvshowseesionsix">
<param name="seesionsixid" value="505"/>
<param name="tvshowlabelname" value=""/>
<param name="seesionsixidcontent" value=""/>
</include>
<include content="tvshowseesionseven">
<param name="seesionsevenid" value="506"/>
<param name="tvshowlabelname" value=""/>
<param name="seesionsevenidcontent" value=""/>
</include>

-->
</control>
</controls>
</window>
