<?xml version="1.0" encoding="UTF-8"?>
<!-- Foundation -->
<window id="6351" type="dialog">
    <defaultcontrol always="true">5</defaultcontrol>
<animation effect="fade" time="450">VisibleChange</animation>
<controls>


<control type="group">
<animation effect="fade" time="450">VisibleChange</animation>
<control type="image">
<posx>0</posx>
<posy>0</posy>
<width>1920</width>
<height>1080</height>
<texture colordiffuse="black">black.png</texture>
</control>





<control type="label">
<posx>150</posx>
<posy>30</posy>
<width>800</width>
<height>100</height>
<font>font-21-power</font>
<label>הופעות חיות</label>
</control>

<control type="label">
<animation condition="!Integer.IsGreater(Container(5).NumItems,0)" effect="fade" start="0" end="100" time="1100" pulse="true">Conditional</animation>
<visible>!Integer.IsGreater(Container(5).NumItems,0)</visible>
<posx>1000</posx>
<posy>400</posy>
<width>800</width>
<height>100</height>
<font>font-21-power</font>
<label>טוען תוכן....</label>
</control>

<control type="label">
<posx>850</posx>
<posy>60</posy>
<width>800</width>
<font>font-21-recommnded</font>
<align>center</align>
<label>$INFO[Container(5).ListItem.Label]</label>
</control>

<control type="image">
<posx>40</posx>
<posy>160</posy>
<width>600</width>
<height>60</height>
<texture colordiffuse="deepskyblue">white.png</texture>
</control>

<control type="image">
<posx>40</posx>
<posy>400</posy>
<width>600</width>
<height>60</height>
<texture colordiffuse="deepskyblue">white.png</texture>
</control>
<control type="image">
<posx>40</posx>
<posy>565</posy>
<width>600</width>
<height>60</height>
<texture colordiffuse="deepskyblue">white.png</texture>
</control>
</control>

<control type="image">
<posx>1670</posx>
<posy>800</posy>
<width>60</width>
<height>50</height>
<texture>special://skin/extras/arrows/arrow-142-512.png</texture>
<aspectratio>keep</aspectratio>
</control>

<control type="image">
<posx>1670</posx>
<posy>1030</posy>
<width>80</width>
<height>50</height>
<texture>special://skin/extras/arrows/arrow-204-512.png</texture>
<aspectratio>keep</aspectratio>
</control>

<control type="label">
<posx>285</posx>
<posy>155</posy>
<width>200</width>
<height>100</height>
<label>[B]תקציר[/B]</label>
<font>font-32</font>
<textcolor>white</textcolor>
</control>

<control type="textbox">
<posx>200</posx>
<posy>885</posy>
<width>1000</width>
<height>175</height>
<align>right</align>
<autoscroll delay="2550" time="4000" repeat="4000"></autoscroll>
<label>$INFO[Container(5).ListItem.Plot]</label>
</control>

<control type="label">
<posx>240</posx>
<posy>395</posy>
<width>400</width>
<height>100</height>
<label>[B]מידע נוסף[/B]</label>
<font>font-32</font>
</control>

<control type="multiimage">
<posx>850</posx>
<posy>150</posy>
<width>800</width>
<height>480</height>
<fadetime>450</fadetime>
<imagepath>$INFO[Container(5).ListItem.Art(fanart)]</imagepath>
</control>



<control type="multiimage">
<posx>1250</posx>
<posy>870</posy>
<width>220</width>
<height>200</height>
<fadetime>450</fadetime>
<imagepath>$INFO[Container(5).ListItem.Art(poster)]</imagepath>
</control>



<control type="label">
<animation type="WindowOpen">
<effect type="slide" start="-500,0" end="1065,0" time="850" fade="5050" tween="cubic" easing="inout"/>
</animation>
<animation type="WindowClose">
<effect type="slide" start="1065,0" end="-500,0" time="450" tween="cubic" easing="inout"/>
</animation>
<posx>-415</posx>
<posy>465</posy>
<width>520</width>
<height>40</height>
<align>right</align>
<label>[I][COLOR gray]$INFO[Container(5).ListItem.Genre][/I][/COLOR]  סגנון: </label>
</control>

<control type="label">
<animation type="WindowOpen">
<effect type="slide" start="-500,0" end="920,0" time="850" fade="5050" tween="cubic" easing="inout"/>
</animation>
<animation type="WindowClose">
<effect type="slide" start="920,0" end="-500,0" time="450" tween="cubic" easing="inout"/>
</animation>
<posx>-500</posx>
<posy>510</posy>
<width>600</width>
<height>40</height>
<label>[I][COLOR gray]$INFO[Container(5).ListItem.Year][/COLOR][/I]  שנת יציאה:  </label>
</control>

<control type="textbox">
<animation type="WindowOpen">
<effect type="slide" start="-500,0" end="1030,0" time="450" tween="cubic" easing="inout"/>
</animation>
<animation type="WindowClose">
<effect type="slide" start="1030,0" end="-500,0" time="450" tween="cubic" easing="inout"/>
</animation>
<posx>-800</posx>
<posy>240</posy>
<width>400</width>
<height>140</height>
<align>right</align>
<label>$INFO[Container(5).ListItem.Plot]</label>
<textcolor>white</textcolor>
<autoscroll fade="2550" time="2550" repeat="4000"></autoscroll>
</control>

<include content="globalmissingibnfo">
<param name="stringlabel" value="לופז"/>
<param name="imagepath" value="https://occ-0-1068-1722.1.nflxso.net/dnm/api/v6/E8vDc_W8CLv7-yMQu8KMEC7Rrr8/AAAABW5RJJm5rN0gkTqpoQbL945wUuf62triGPIIzrsVWBFOWF9w0kmxO3bmJ7SsqsNxIJI4Hm8Mk2CdPhNVBel40mlcPPEl.jpg"/>
<param name="globalplot" value="הקומיקאי ג'ורג' לופז מדבר על העבר והעתיד של תרבות הלטינים באמריקה דרך נושאים רגישים כמו הגירה, משפחתו הבעייתית, הזדקנות ועוד."/>
<param name="reocommndedlabel" value="ג'ורג' לופז: אותה עבודה בחצי מחיר"/>
<param name="globalgenre" value="הופעה חיה"/>
<param name="globalyear" value="2020"/>
</include>

<include content="globalmissingibnfo">
<param name="stringlabel" value="Andre"/>
<param name="imagepath" value="https://occ-0-299-300.1.nflxso.net/dnm/api/v6/X194eJsgWBDE2aQbaNdmCXGUP-Y/AAAABcClxgAZBQolweifDQ_cS27ITBkN_13iupD6oauJn-yE71QW9ZExOQlykIqRNBbTP-UmcZQJec0yv07DNo1JnoIR4bpHT-m-Fh3OJbTqKevvXDTxeddsQpTncv0lug.jpg"/>
<param name="globalplot" value="אריק אנדרה מופיע בניו אורלינס ומדבר על הבעיות של רשתות המזון המהיר, על פלאי ההשלמה האוטומטית בטלפון ועל בחירת השיר המוזרה לפתיח של הסדרה  Cops .."/>
<param name="reocommndedlabel" value="אריק אנדרה: לגליזציה להכול"/>
<param name="globalgenre" value="הופעה חיה"/>
<param name="globalyear" value="2020"/>
</include>


<include content="globalmissingibnfo">
<param name="stringlabel" value="מייק"/>
<param name="imagepath" value="https://occ-0-1723-1722.1.nflxso.net/dnm/api/v6/X194eJsgWBDE2aQbaNdmCXGUP-Y/AAAABZTiViCFv0scJL53ZHNObmdTMDR8kYuaj00Q6I9RMtsBQptEYRudB-Km37Ugvfc0TSXe-efwtCYVz7qUvcJJ1rsLSWK3KWizNm3fBgp-bs67fYKDNhkaS2uyELHRfQ.jpg"/>
<param name="globalplot" value="מייק אפס מדבר ללא עכבות בספיישל סטנד-אפ, וזורק לקלחת התנהגות מינית בלתי הולמת, חינוך מיוחד, איברי גוף מזדקנים ומה לא."/>
<param name="reocommndedlabel" value="מייק בהופעה חיה"/>
<param name="globalgenre" value="הופעה חיה"/>
<param name="globalyear" value="2016"/>
</include>

<include content="globalmissingibnfo">
<param name="stringlabel" value="רוגן"/>
<param name="imagepath" value="https://occ-0-300-299.1.nflxso.net/art/d4ae3/9e36616479cd3abaf8201b2be3d47476159d4ae3.jpg"/>
<param name="globalplot" value="הקומיקאי ג'ו רוגן מדבר בכנות מוחלטת, כהרגלו, על נושאים כמו התרבות הנוכחית, היאבקות מקצועית, חוקי קנאביס, חתולים, טבעונים ועוד, בספיישל סטנד-אפ שצולם בבוסטן"/>
<param name="globalgenre" value="קומדיה"/>
<param name="reocommndedlabel" value="המופע של גו רוגן"/>
<param name="globalyear" value="2018"/>
</include>

<include content="globalmissingibnfo">
<param name="stringlabel" value="Jefferies"/>
<param name="imagepath" value="https://static1.srcdn.com/wordpress/wp-content/uploads/2020/07/Jim-Jefferies-Intolerant-on-Netflix.jpg"/>
<param name="globalplot" value="ספיישל סטנד אפ חדש של הקומיקאי האוסטרלי הבוטה, שמשחזר רגעים מדייט גרוע במיוחד ומשתף בתובנות על הבדלים בין-דוריים, על הרגליו הרעים ועל הגבולות המשתנים של הקומדיה."/>
<param name="globalgenre" value="הופעת קומדיה"/>
<param name="reocommndedlabel" value="ג'ים ג'פריס: לא סובל את זה"/>
<param name="globalyear" value="2020"/>
</include>
<control type="scrollbar" id="35">
                <left>1540</left>
                <top>870</top>
                <width>4</width>
                <height>220</height>
                <subtype>text</subtype>
                <visible>true</visible>
                <texturesliderbackground>special://skin/extras/views/gradient_seperator.png</texturesliderbackground>
                <texturesliderbar colordiffuse="burlywood">special://skin/extras/views/gradient_seperator.png</texturesliderbar>
                <texturesliderbarfocus colordiffuse="FF12B2E7">special://skin/extras/views/gradient_seperator.png</texturesliderbarfocus>
                <orientation>vertical</orientation>
                <showonepage>true</showonepage>
                <onup>201</onup>
                <ondown>201</ondown>
                <onleft>201</onleft>
                <onright>Control.SetFocus(5)</onright>
            </control>
	
  <control type="group">
  <animation effect="fade" time="450">VisibleChange</animation>
  <posx>255</posx>
  <posy>575</posy>
  	<control type="label">
	 <animation effect="fade" time="450">VisibleChange</animation>
	<visible>Integer.IsEqual(Container(5).ListItem.Rating,3) | Integer.IsEqual(Container(5).ListItem.Rating,3.1) | Integer.IsEqual(Container(5).ListItem.Rating,3.2) | Integer.IsEqual(Container(5).ListItem.Rating,3.3) | Integer.IsEqual(Container(5).ListItem.Rating,3.4) | Integer.IsEqual(Container(5).ListItem.Rating,3.5) | Integer.IsEqual(Container(5).ListItem.Rating,3.6) | Integer.IsEqual(Container(5).ListItem.Rating,3.7) | Integer.IsEqual(Container(5).ListItem.Rating,3.8) | Integer.IsEqual(Container(5).ListItem.Rating,3.9)</visible>
	<posx>0</posx>
	<posy>0</posy>
	<width>200</width>
	<height>30</height>
	<textcolor>white</textcolor>
	<font>Font-Header-Bold-label</font>
	<label>[B]אהבו 30%[/B]</label>
	</control>
	<control type="label">
	 <animation effect="fade" time="450">VisibleChange</animation>
	<visible>Integer.IsEqual(Container(5).ListItem.Rating,4) | Integer.IsEqual(Container(5).ListItem.Rating,4.1) | Integer.IsEqual(Container(5).ListItem.Rating,4.2) | Integer.IsEqual(Container(5).ListItem.Rating,4.3) | Integer.IsEqual(Container(5).ListItem.Rating,4.4) | Integer.IsEqual(Container(5).ListItem.Rating,4.5) | Integer.IsEqual(Container(5).ListItem.Rating,4.6) | Integer.IsEqual(Container(5).ListItem.Rating,4.7) | Integer.IsEqual(Container(5).ListItem.Rating,4.8) | Integer.IsEqual(Container(5).ListItem.Rating,4.9)</visible>
	<posx>0</posx>
	<posy>0</posy>
	<width>200</width>
	<height>30</height>
	<textcolor>white</textcolor>
	<font>Font-Header-Bold-label</font>
	<label>[B]אהבו 40%[/B]</label>
	</control>
	<control type="label">
	 <animation effect="fade" time="450">VisibleChange</animation>
	<visible>Integer.IsEqual(Container(5).ListItem.Rating,5) | Integer.IsEqual(Container(5).ListItem.Rating,5.1) | Integer.IsEqual(Container(5).ListItem.Rating,5.2) | Integer.IsEqual(Container(5).ListItem.Rating,5.3) | Integer.IsEqual(Container(5).ListItem.Rating,5.4) | Integer.IsEqual(Container(5).ListItem.Rating,5.5) | Integer.IsEqual(Container(5).ListItem.Rating,5.6) | Integer.IsEqual(Container(5).ListItem.Rating,5.7) | Integer.IsEqual(Container(5).ListItem.Rating,5.8) | Integer.IsEqual(Container(5).ListItem.Rating,5.9)</visible>
	<posx>0</posx>
	<posy>0</posy>
	<width>200</width>
	<height>30</height>
	<textcolor>white</textcolor>
	<font>Font-Header-Bold-label</font>
	<label>[B]אהבו 50%[/B]</label>
	</control>
	<control type="label">
	 <animation effect="fade" time="450">VisibleChange</animation>
	<visible>Integer.IsEqual(Container(5).ListItem.Rating,6) | Integer.IsEqual(Container(5).ListItem.Rating,6.1) | Integer.IsEqual(Container(5).ListItem.Rating,6.2) | Integer.IsEqual(Container(5).ListItem.Rating,6.3) | Integer.IsEqual(Container(5).ListItem.Rating,6.4) | Integer.IsEqual(Container(5).ListItem.Rating,6.5) | Integer.IsEqual(Container(5).ListItem.Rating,6.6) | Integer.IsEqual(Container(5).ListItem.Rating,6.7) | Integer.IsEqual(Container(5).ListItem.Rating,6.8) | Integer.IsEqual(Container(5).ListItem.Rating,6.9)</visible>
	<posx>0</posx>
	<posy>0</posy>
	<width>200</width>
	<height>30</height>
	<textcolor>white</textcolor>
	<font>Font-Header-Bold-label</font>
	<label>[B]אהבו 60%[/B]</label>
	</control>
	<control type="label">
	 <animation effect="fade" time="450">VisibleChange</animation>
	<visible>Integer.IsEqual(Container(5).ListItem.Rating,7) | Integer.IsEqual(Container(5).ListItem.Rating,7.1) | Integer.IsEqual(Container(5).ListItem.Rating,7.2) | Integer.IsEqual(Container(5).ListItem.Rating,7.3) | Integer.IsEqual(Container(5).ListItem.Rating,7.4) | Integer.IsEqual(Container(5).ListItem.Rating,7.5) | Integer.IsEqual(Container(5).ListItem.Rating,7.6) | Integer.IsEqual(Container(5).ListItem.Rating,7.7) | Integer.IsEqual(Container(5).ListItem.Rating,7.8) | Integer.IsEqual(Container(5).ListItem.Rating,7.9)</visible>
	<posx>0</posx>
	<posy>0</posy>
	<width>200</width>
	<height>30</height>
	<textcolor>white</textcolor>
	<font>Font-Header-Bold-label</font>
	<label>[B]אהבו 70%[/B]</label>
	</control>
	<control type="label">
	<animation effect="fade" time="450">VisibleChange</animation>
	<visible>Integer.IsEqual(Container(5).ListItem.Rating,8) | Integer.IsEqual(Container(5).ListItem.Rating,8.1) | Integer.IsEqual(Container(5).ListItem.Rating,8.2) | Integer.IsEqual(Container(5).ListItem.Rating,8.3) | Integer.IsEqual(Container(5).ListItem.Rating,8.4) | Integer.IsEqual(Container(5).ListItem.Rating,8.5) | Integer.IsEqual(Container(5).ListItem.Rating,8.6) | Integer.IsEqual(Container(5).ListItem.Rating,8.7) | Integer.IsEqual(Container(5).ListItem.Rating,8.8) | Integer.IsEqual(Container(5).ListItem.Rating,8.9)</visible>
	<posx>0</posx>
	<posy>0</posy>
	<width>200</width>
	<height>30</height>
	<textcolor>white</textcolor>
	<font>Font-Header-Bold-label</font>
	<label>[B]אהבו 80%[/B]</label>
	</control>
	<control type="label">
	 <animation effect="fade" time="450">VisibleChange</animation>
	<visible>Integer.IsEqual(Container(5).ListItem.Rating,9) | Integer.IsEqual(Container(5).ListItem.Rating,9.1) | Integer.IsEqual(Container(5).ListItem.Rating,9.2) | Integer.IsEqual(Container(5).ListItem.Rating,9.3) | Integer.IsEqual(Container(5).ListItem.Rating,9.4) | Integer.IsEqual(Container(5).ListItem.Rating,9.5) | Integer.IsEqual(Container(5).ListItem.Rating,9.6) | Integer.IsEqual(Container(5).ListItem.Rating,9.7) | Integer.IsEqual(Container(5).ListItem.Rating,9.8) | Integer.IsEqual(Container(5).ListItem.Rating,9.9)</visible>
	<posx>0</posx>
	<posy>0</posy>
	<width>200</width>
	<height>30</height>
	<textcolor>white</textcolor>
	<font>Font-Header-Bold-label</font>
	<label>[B]אהבו 90%[/B]</label>
	</control>
	</control>

	
<control type="fixedlist" id="5">
<posx>1565</posx>
<posy>870</posy>
<width>1400</width>
<height>150</height>
<onback>2164</onback>
<onleft>35</onleft>
<pagecontrol>35</pagecontrol>
<orientation>vertival</orientation>
<scrolltime tween="sine" easing="inout">450</scrolltime>
<itemlayout width="350" height="35">
<control type="label">
<posx>5</posx>
<posy>0</posy>
<width>265</width>
<height>40</height>
<textcolor>white</textcolor>
<align>center</align>
<label>$INFO[ListItem.Label]</label>
</control>
</itemlayout>
<focusedlayout width="350" height="35">
<control type="label">
<visible>!control.hasfocus(5)</visible>
<posx>5</posx>
<posy>0</posy>
<width>265</width>
<height>40</height>
<align>center</align>	
<label>$INFO[ListItem.Label]</label>
</control>
<control type="label">
<visible>control.hasfocus(5)</visible>
<posx>5</posx>
<posy>0</posy>
<width>250</width>
<height>40</height>
<textcolor>deepskyblue</textcolor>
<align>center</align>	
<label>$INFO[ListItem.Label]</label>
</control>

</focusedlayout>
<content>plugin://plugin.video.telemedia/?data=-1001279742005&amp;dates=%20&amp;description=%0afrom_plot&amp;eng_name=%20&amp;episode=%20&amp;fanart&amp;fav_status=false&amp;heb_name=%20&amp;iconimage&amp;id=%20&amp;image_master&amp;isr=0&amp;last_id&amp;mode=31&amp;name=%5bCOLOR%20khaki%5d%d7%a4%d7%a8%d7%a7%d7%99%d7%9d%20%d7%a1%d7%98%d7%90%d7%a0%d7%93%d7%90%d7%a4%5b%2fCOLOR%5d&amp;original_title=%20&amp;season=%20&amp;show_original_year=%20&amp;tmdbid=%20&amp;url=-1001279742005&quot</content>
</control>
</controls>
</window>
