<?xml version="1.0" encoding="UTF-8"?>
<!-- Foundation -->
<window id="6710" type="dialog">
<defaultcontrol always="true">194</defaultcontrol>

<controls>



<control type="image">
<posx>0</posx>
<posy>0</posy>
<width>1920</width>
<height>1080</height>
<texture>special://skin/extras/specialbuttons/background.jpg</texture>
</control>





<include content="extrasmovies">
<param name="compareextrasid" value="4"/>
<param name="idlist" value="4"/>
<param name="buttonid" value="194"/>
<param name="contentdateadded" value="dateadded"/>
<param name="contentdescending" value="descending"/>
<param name="supercontent" value="plugin://plugin.video.thecrew/?action=movies&amp;url=https%3a%2f%2fapi.trakt.tv%2fusers%2fme%2flists%2fmymovies1%2fitems&quot"/>
</include>


<include content="extrasmovies">
<param name="compareextrasid" value="5"/>
<param name="idlist" value="5"/>
<param name="buttonid" value="195"/>
<param name="contentdateadded" value="dateadded"/>
<param name="contentdescending" value="descending"/>
<param name="supercontent" value="plugin://plugin.video.thecrew/?action=movies&amp;url=https%3a%2f%2fapi.trakt.tv%2fusers%2fme%2flists%2fmymovies2%2fitems&quot"/>
</include>

<include content="extrasmovies">
<param name="compareextrasid" value="6"/>
<param name="idlist" value="6"/>
<param name="buttonid" value="196"/>
<param name="contentdateadded" value="dateadded"/>
<param name="contentdescending" value="descending"/>
<param name="supercontent" value="plugin://plugin.video.thecrew/?action=movies&amp;url=https%3a%2f%2fapi.trakt.tv%2fusers%2fme%2flists%2fmymovies3%2fitems&quot"/>
</include>

<include content="extrasmovies">
<param name="compareextrasid" value="7"/>
<param name="idlist" value="7"/>
<param name="buttonid" value="197"/>
<param name="contentdateadded" value="dateadded"/>
<param name="contentdescending" value="descending"/>
<param name="supercontent" value="plugin://plugin.video.thecrew/?action=movies&amp;url=https%3a%2f%2fapi.trakt.tv%2fusers%2fme%2flists%2fmymovies4%2fitems&quot"/>
</include>

<include content="extrasmovies">
<param name="compareextrasid" value="8"/>
<param name="idlist" value="8"/>
<param name="buttonid" value="198"/>
<param name="supercontent" value="plugin://plugin.video.telemedia/?data=-1001492865648&amp;dates=%20&amp;description=%0afrom_plot&amp;eng_name=%20&amp;episode=%20&amp;fanart&amp;fav_status=false&amp;heb_name=%20&amp;iconimage&amp;id=%20&amp;image_master&amp;isr=0&amp;last_id&amp;mode=31&amp;name=%5bCOLOR%20khaki%5d%d7%9e%d7%9b%d7%a8%d7%94%20%d7%a1%d7%a8%d7%98%d7%99%d7%9d%205%5b%2fCOLOR%5d&amp;original_title=%20&amp;season=%20&amp;show_original_year=%20&amp;tmdbid=%20&amp;url=-1001492865648&quot"/>
</include>


<include content="extrasmovies">
<param name="compareextrasid" value="9"/>
<param name="idlist" value="9"/>
<param name="buttonid" value="199"/>
<param name="contentdateadded" value="dateadded"/>
<param name="contentdescending" value="descending"/>
<param name="supercontent" value="plugin://plugin.video.thecrew/?action=movies&amp;url=https%3a%2f%2fapi.trakt.tv%2fusers%2fme%2flists%2fmymovies5%2fitems&quot"/>
</include>

					<control type="grouplist" id="2164">
					<posx>-40</posx>
					<posy>890</posy>
					<width>2100</width>
					<height>300</height>
					<itemgap>-85</itemgap>
					<orientation>horizontal</orientation>
					<control type="button" id="194">
					<animation effect="zoom" center="auto" start="100,100" end="110,110" time="250">Focus</animation>
					<posx>-50</posx>
					<posy>890</posy>
					<texturefocus>special://skin/extras/specialbuttons/movies1.png</texturefocus>
					<texturenofocus>special://skin/extras/specialbuttons/movies1.png</texturenofocus>
					<width>409</width>
					<height>256</height>
					<onup>4</onup>
					<onfocus>Skin.SetString(Section,4)</onfocus>
				</control>	
					<control type="button" id="195">
					<animation effect="zoom" center="auto" start="100,100" end="110,110" time="250">Focus</animation>
					<posx>0</posx>
					<posy>0</posy>
					<texturefocus>special://skin/extras/specialbuttons/movies2.png</texturefocus>
					<texturenofocus>special://skin/extras/specialbuttons/movies2.png</texturenofocus>
					<width>409</width>
					<height>256</height>
					<onup>5</onup>
					<onfocus>Skin.SetString(Section,5)</onfocus>
				</control>				
					<control type="button" id="196">
					<animation effect="zoom" center="auto" start="100,100" end="110,110" time="250">Focus</animation>
					<posx>0</posx>
					<posy>0</posy>
					<texturefocus>special://skin/extras/specialbuttons/movies3.png</texturefocus>
					<texturenofocus>special://skin/extras/specialbuttons/movies3.png</texturenofocus>
					<width>409</width>
					<height>256</height>
					<onup>6</onup>
					<onfocus>Skin.SetString(Section,6)</onfocus>
				</control>	
					<control type="button" id="197">
					<animation effect="zoom" center="auto" start="100,100" end="110,110" time="250">Focus</animation>
					<posx>0</posx>
					<posy>0</posy>
					<texturefocus>special://skin/extras/specialbuttons/movies4.png</texturefocus>
					<texturenofocus>special://skin/extras/specialbuttons/movies4.png</texturenofocus>
					<width>409</width>
					<height>256</height>
					<onup>7</onup>
					<onfocus>Skin.SetString(Section,7)</onfocus>
				</control>		
				<control type="button" id="198">
					<animation effect="zoom" center="auto" start="100,100" end="110,110" time="250">Focus</animation>
					<posx>0</posx>
					<posy>0</posy>
					<texturefocus>special://skin/extras/specialbuttons/movies5.png</texturefocus>
					<texturenofocus>special://skin/extras/specialbuttons/movies5.png</texturenofocus>
					<width>409</width>
					<height>256</height>
					<onup>8</onup>
					<onfocus>Skin.SetString(Section,8)</onfocus>
				</control>	
				<control type="button" id="199">
					<animation effect="zoom" center="auto" start="100,100" end="110,110" time="250">Focus</animation>
					<posx>0</posx>
					<posy>0</posy>
					<texturefocus>special://skin/extras/specialbuttons/movies6.png</texturefocus>
					<texturenofocus>special://skin/extras/specialbuttons/movies6.png</texturenofocus>
					<width>409</width>
					<height>256</height>
					<onup>9</onup>
					<onfocus>Skin.SetString(Section,9)</onfocus>
				</control>	
				</control>			

</controls>
</window>
