<?xml version="1.0" encoding="UTF-8"?>
<!-- Foundation -->
<window id="6415" type="dialog">
    <defaultcontrol always="true">1256</defaultcontrol>


<controls>

<include>kidsseriastvshowsmainmenu</include>

<!--name of the trakt list tvshowgeneral<-->

<control type="group">
<posy>-200</posy>
<include content="extramainscreentvshow">
<param name="extrastvhosid" value="1256"/>
<param name="sortby" value="dateadded"/>
<param name="sortorder" value="descending"/>
<param name="tvshownewcontent" value="plugin://plugin.audio.My.Music/?cat_level=%20&amp;count=0&amp;description=%5bB%5d%5bCOLOR%20burlywood%5d%d7%94%d7%93%d7%a8%d7%a7%d7%95%d7%9f%20%5b%2fCOLOR%5d%5b%2fB%5d%5bB%5d%5bCOLOR%20aqua%5d%20%d7%99%d7%9c%d7%93%d7%99%5b%2fCOLOR%5d%5b%2fB%5d%20%d7%94%d7%a8%d7%97%d7%91%d7%94%20%d7%a0%d7%95%d7%a1%d7%a4%d7%aa%20%d7%9e%d7%91%d7%99%d7%aa%20%d7%93%d7%a8%d7%92%d7%95%d7%9f%20%d7%94%d7%a2%d7%95%d7%a1%d7%a7%d7%aa%20%d7%91%d7%a2%d7%99%d7%a7%d7%a8%20%d7%91%d7%aa%d7%95%d7%9b%d7%9f%20%d7%9c%d7%99%d7%9c%d7%93%d7%99%d7%9d&amp;fanart=http%3a%2f%2fgetwallpapers.com%2fwallpaper%2ffull%2f8%2f4%2f8%2f917833-widescreen-homestuck-wallpaper-kids-1920x1080-ipad.jpg&amp;iconimage=http%3a%2f%2fngarba.xyz%2fadds%2fyos%2f13.jpg&amp;index_depth=0&amp;lang=eng&amp;mode=5&amp;name=kids-dubbed-6415&amp;page&amp;selected_list=%20&amp;url=%d7%99%d7%9c%d7%93%d7%99%d7%9dkids-dubbed-6415&quot"/>
</include>


<include content="extrasshowsessionone">
<param name="extrasshowsessiononeid" value="500"/>
<param name="tvshowextrasname" value="מותק"/>
<param name="seessinonenumber" value="עונה 1"/>
<param name="dialogclose" value="Dialog.Close(6415)"/>
<param name="sessiononclick" value="ActivateWindow(10025,&quot;plugin://plugin.video.sdarot.tv/season/5863/1/%D7%9E.%D7%95.%D7%AA.%D7%A7+%2A%D7%9E%D7%93%D7%95%D7%91%D7%91%2A/T.O.T.S.&quot;,return)"/>
<param name="seessinonenumbertwo" value="[COLOR gray]אין[/COLOR]"/>
<param name="seessinonenumberthree" value="[COLOR gray]אין[/COLOR]"/>
<param name="seessinonenumberfour" value="[COLOR gray]אין[/COLOR]"/>
<param name="seessinonenumberfive" value="[COLOR gray]אין[/COLOR]"/>
<param name="seessinonenumbersix" value="[COLOR gray]אין[/COLOR]"/>
<param name="seessinonenumberseven" value="[COLOR gray]אין[/COLOR]"/>
<param name="seessinonenumbereight" value="[COLOR gray]אין[/COLOR]"/>
<param name="seessinonenumbernine" value="[COLOR gray]אין[/COLOR]"/>
<param name="seessinonenumberten" value="[COLOR gray]אין[/COLOR]"/>

</include>


<include content="extrasshowsessionone">
<param name="extrasshowsessiononeid" value="501"/>
<param name="tvshowextrasname" value="קונג מלך קופי האדם"/>
<param name="seessinonenumber" value="עונה 1"/>
<param name="dialogclose" value="Dialog.Close(6415)"/>
<param name="sessiononclick" value="ActivateWindow(10025,&quot;plugin://plugin.video.sdarot.tv/season/3262/1/%D7%A7%D7%95%D7%A0%D7%92%3A+%D7%9E%D7%9C%D7%9A+%D7%A7%D7%95%D7%A4%D7%99+%D7%94%D7%90%D7%93%D7%9D+%2A%D7%9E%D7%93%D7%95%D7%91%D7%91%2A/kong%3A+king+of+the+apes&quot;,return)"/>
<param name="seessinonenumbertwo" value="עונה 2"/>
<param name="dialogclosedtwo" value="Dialog.Close(6415)"/>
<param name="sessiononclickdtwo" value="ActivateWindow(10025,&quot;plugin://plugin.video.sdarot.tv/season/3262/2/%D7%A7%D7%95%D7%A0%D7%92%3A+%D7%9E%D7%9C%D7%9A+%D7%A7%D7%95%D7%A4%D7%99+%D7%94%D7%90%D7%93%D7%9D+%2A%D7%9E%D7%93%D7%95%D7%91%D7%91%2A/kong%3A+king+of+the+apes&quot;,return)"/>
<param name="seessinonenumberthree" value="[COLOR gray]אין[/COLOR]"/>
<param name="seessinonenumberfour" value="[COLOR gray]אין[/COLOR]"/>
<param name="seessinonenumberfive" value="[COLOR gray]אין[/COLOR]"/>
<param name="seessinonenumbersix" value="[COLOR gray]אין[/COLOR]"/>
<param name="seessinonenumberseven" value="[COLOR gray]אין[/COLOR]"/>
<param name="seessinonenumbereight" value="[COLOR gray]אין[/COLOR]"/>
<param name="seessinonenumbernine" value="[COLOR gray]אין[/COLOR]"/>
<param name="seessinonenumberten" value="[COLOR gray]אין[/COLOR]"/>
</include>

<include content="extrasshowsessionone">
<param name="extrasshowsessiononeid" value="502"/>
<param name="tvshowextrasname" value="המופלאה הרפתקאות ליידי באג"/>
<param name="seessinonenumber" value="עונה 1"/>
<param name="dialogclose" value="Dialog.Close(6415)"/>
<param name="sessiononclick" value="ActivateWindow(10025,&quot;plugin://plugin.video.sdarot.tv/season/2966/1/%D7%94%D7%9E%D7%95%D7%A4%D7%9C%D7%90%D7%94%3A+%D7%94%D7%A8%D7%A4%D7%AA%D7%A7%D7%90%D7%95%D7%AA+%D7%9C%D7%99%D7%99%D7%93%D7%99+%D7%91%D7%90%D7%92+%2A%D7%9E%D7%93%D7%95%D7%91%D7%91%2A/Miraculous%3A+Tales+of+Ladybug+and+Cat+Noir&quot;,return)"/>
<param name="seessinonenumbertwo" value="עונה 2"/>
<param name="dialogclosedtwo" value="Dialog.Close(6415)"/>
<param name="sessiononclickdtwo" value="ActivateWindow(10025,&quot;plugin://plugin.video.sdarot.tv/season/2966/2/%D7%94%D7%9E%D7%95%D7%A4%D7%9C%D7%90%D7%94%3A+%D7%94%D7%A8%D7%A4%D7%AA%D7%A7%D7%90%D7%95%D7%AA+%D7%9C%D7%99%D7%99%D7%93%D7%99+%D7%91%D7%90%D7%92+%2A%D7%9E%D7%93%D7%95%D7%91%D7%91%2A/Miraculous%3A+Tales+of+Ladybug+and+Cat+Noir&quot;,return)"/>
<param name="seessinonenumberthree" value="עונה 3"/>
<param name="dialogclosedthree" value="Dialog.Close(6415)"/>
<param name="sessiononclickdthree" value="ActivateWindow(10025,&quot;plugin://plugin.video.sdarot.tv/season/2966/3/%D7%94%D7%9E%D7%95%D7%A4%D7%9C%D7%90%D7%94%3A+%D7%94%D7%A8%D7%A4%D7%AA%D7%A7%D7%90%D7%95%D7%AA+%D7%9C%D7%99%D7%99%D7%93%D7%99+%D7%91%D7%90%D7%92+%2A%D7%9E%D7%93%D7%95%D7%91%D7%91%2A/Miraculous%3A+Tales+of+Ladybug+and+Cat+Noir&quot;,return)"/>
<param name="seessinonenumberfour" value="[COLOR gray]אין[/COLOR]"/>
<param name="seessinonenumberfive" value="[COLOR gray]אין[/COLOR]"/>
<param name="seessinonenumbersix" value="[COLOR gray]אין[/COLOR]"/>
<param name="seessinonenumberseven" value="[COLOR gray]אין[/COLOR]"/>
<param name="seessinonenumbereight" value="[COLOR gray]אין[/COLOR]"/>
<param name="seessinonenumbernine" value="[COLOR gray]אין[/COLOR]"/>
<param name="seessinonenumberten" value="[COLOR gray]אין[/COLOR]"/>
</include>


<include content="extrasshowsessionone">
<param name="extrasshowsessiononeid" value="503"/>
<param name="tvshowextrasname" value="טרזן וגיין"/>
<param name="seessinonenumber" value="עונה 1"/>
<param name="dialogclose" value="Dialog.Close(6415)"/>
<param name="sessiononclick" value="ActivateWindow(10025,&quot;plugin://plugin.video.sdarot.tv/season/3192/1/%D7%98%D7%A8%D7%96%D7%9F+%D7%95%D7%92%27%D7%99%D7%99%D7%9F+%2A%D7%9E%D7%93%D7%95%D7%91%D7%91%2A/Tarzan+and+Jane&quot;,return)"/>
<param name="seessinonenumbertwo" value="עונה 2"/>
<param name="dialogclosedtwo" value="Dialog.Close(6415)"/>
<param name="sessiononclickdtwo" value="ActivateWindow(10025,&quot;plugin://plugin.video.sdarot.tv/season/3192/2/%D7%98%D7%A8%D7%96%D7%9F+%D7%95%D7%92%27%D7%99%D7%99%D7%9F+%2A%D7%9E%D7%93%D7%95%D7%91%D7%91%2A/Tarzan+and+Jane&quot;,return)"/>
<param name="seessinonenumberthree" value="[COLOR gray]אין[/COLOR]"/>
<param name="seessinonenumberfour" value="[COLOR gray]אין[/COLOR]"/>
<param name="seessinonenumberfive" value="[COLOR gray]אין[/COLOR]"/>
<param name="seessinonenumbersix" value="[COLOR gray]אין[/COLOR]"/>
<param name="seessinonenumberseven" value="[COLOR gray]אין[/COLOR]"/>
<param name="seessinonenumbereight" value="[COLOR gray]אין[/COLOR]"/>
<param name="seessinonenumbernine" value="[COLOR gray]אין[/COLOR]"/>
<param name="seessinonenumberten" value="[COLOR gray]אין[/COLOR]"/>
</include>

<include content="extrasshowsessionone">
<param name="extrasshowsessiononeid" value="505"/>
<param name="tvshowextrasname" value="לונה פטוניה"/>
<param name="seessinonenumber" value="עונה 1"/>
<param name="dialogclose" value="Dialog.Close(6415)"/>
<param name="sessiononclick" value="ActivateWindow(10025,&quot;plugin://plugin.video.sdarot.tv/season/3305/1/%D7%9C%D7%95%D7%A0%D7%94+%D7%A4%D7%98%D7%95%D7%A0%D7%99%D7%94+%2A%D7%9E%D7%93%D7%95%D7%91%D7%91%2A/Luna+Petunia&quot;,return)"/>
<param name="seessinonenumbertwo" value="עונה 2"/>
<param name="dialogclosedtwo" value="Dialog.Close(6415)"/>
<param name="sessiononclickdtwo" value="ActivateWindow(10025,&quot;plugin://plugin.video.sdarot.tv/season/3305/2/%D7%9C%D7%95%D7%A0%D7%94+%D7%A4%D7%98%D7%95%D7%A0%D7%99%D7%94+%2A%D7%9E%D7%93%D7%95%D7%91%D7%91%2A/Luna+Petunia&quot;,return)"/>
<param name="seessinonenumberthree" value="עונה 3"/>
<param name="dialogclosedthree" value="Dialog.Close(6415)"/>
<param name="sessiononclickdthree" value="ActivateWindow(10025,&quot;plugin://plugin.video.sdarot.tv/season/3305/3/%D7%9C%D7%95%D7%A0%D7%94+%D7%A4%D7%98%D7%95%D7%A0%D7%99%D7%94+%2A%D7%9E%D7%93%D7%95%D7%91%D7%91%2A/Luna+Petunia&quot;,return)"/>
<param name="seessinonenumberfour" value="[COLOR gray]אין[/COLOR]"/>
<param name="seessinonenumberfive" value="[COLOR gray]אין[/COLOR]"/>
<param name="seessinonenumbersix" value="[COLOR gray]אין[/COLOR]"/>
<param name="seessinonenumberseven" value="[COLOR gray]אין[/COLOR]"/>
<param name="seessinonenumbereight" value="[COLOR gray]אין[/COLOR]"/>
<param name="seessinonenumbernine" value="[COLOR gray]אין[/COLOR]"/>
<param name="seessinonenumberten" value="[COLOR gray]אין[/COLOR]"/>
</include>

<include content="extrasshowsessionone">
<param name="extrasshowsessiononeid" value="506"/>
<param name="tvshowextrasname" value="טובוט בלשי הגלקסיה"/>
<param name="seessinonenumber" value="עונה 1"/>
<param name="dialogclose" value="Dialog.Close(6415)"/>
<param name="sessiononclick" value="ActivateWindow(10025,&quot;plugin://plugin.video.sdarot.tv/season/5726/1/%D7%98%D7%95%D7%91%D7%95%D7%98+%D7%91%D7%9C%D7%A9%D7%99+%D7%94%D7%92%D7%9C%D7%A7%D7%A1%D7%99%D7%94+%2A%D7%9E%D7%93%D7%95%D7%91%D7%91%2A/Tobot+Galaxy+Detectives&quot;,return)"/>
<param name="seessinonenumbertwo" value="[COLOR gray]אין[/COLOR]"/>
<param name="seessinonenumberthree" value="[COLOR gray]אין[/COLOR]"/>
<param name="seessinonenumberfour" value="[COLOR gray]אין[/COLOR]"/>
<param name="seessinonenumberfive" value="[COLOR gray]אין[/COLOR]"/>
<param name="seessinonenumbersix" value="[COLOR gray]אין[/COLOR]"/>
<param name="seessinonenumberseven" value="[COLOR gray]אין[/COLOR]"/>
<param name="seessinonenumbereight" value="[COLOR gray]אין[/COLOR]"/>
<param name="seessinonenumbernine" value="[COLOR gray]אין[/COLOR]"/>
<param name="seessinonenumberten" value="[COLOR gray]אין[/COLOR]"/>
</include>


<include content="extrasshowsessionone">
<param name="extrasshowsessiononeid" value="507"/>
<param name="tvshowextrasname" value="גיבורות-העל של די סי"/>
<param name="seessinonenumber" value="עונה 1"/>
<param name="dialogclose" value="Dialog.Close(6415)"/>
<param name="sessiononclick" value="ActivateWindow(10025,&quot;plugin://plugin.video.sdarot.tv/season/5836/1/%D7%92%D7%99%D7%91%D7%95%D7%A8%D7%95%D7%AA-%D7%94%D7%A2%D7%9C+%D7%A9%D7%9C+%D7%93%D7%99+%D7%A1%D7%99/DC+Super+Hero+Girls&quot;,return)"/>
<param name="seessinonenumbertwo" value="[COLOR gray]אין[/COLOR]"/>
<param name="seessinonenumberthree" value="[COLOR gray]אין[/COLOR]"/>
<param name="seessinonenumberfour" value="[COLOR gray]אין[/COLOR]"/>
<param name="seessinonenumberfive" value="[COLOR gray]אין[/COLOR]"/>
<param name="seessinonenumbersix" value="[COLOR gray]אין[/COLOR]"/>
<param name="seessinonenumberseven" value="[COLOR gray]אין[/COLOR]"/>
<param name="seessinonenumbereight" value="[COLOR gray]אין[/COLOR]"/>
<param name="seessinonenumbernine" value="[COLOR gray]אין[/COLOR]"/>
<param name="seessinonenumberten" value="[COLOR gray]אין[/COLOR]"/>
</include>


<include content="extrasshowsessionone">
<param name="extrasshowsessiononeid" value="508"/>
<param name="tvshowextrasname" value="המכשפה הכי גרועה"/>
<param name="seessinonenumber" value="עונה 1"/>
<param name="dialogclose" value="Dialog.Close(6415)"/>
<param name="sessiononclick" value="ActivateWindow(10025,&quot;plugin://plugin.video.sdarot.tv/season/3095/1/%D7%94%D7%9E%D7%9B%D7%A9%D7%A4%D7%94+%D7%94%D7%9B%D7%99+%D7%92%D7%A8%D7%95%D7%A2%D7%94/The+Worst+Witch&quot;,return)"/>
<param name="seessinonenumbertwo" value="עונה 2"/>
<param name="dialogclosedtwo" value="Dialog.Close(6415)"/>
<param name="sessiononclickdtwo" value="ActivateWindow(10025,&quot;plugin://plugin.video.sdarot.tv/season/3095/2/%D7%94%D7%9E%D7%9B%D7%A9%D7%A4%D7%94+%D7%94%D7%9B%D7%99+%D7%92%D7%A8%D7%95%D7%A2%D7%94/The+Worst+Witch&quot;,return)"/>
<param name="seessinonenumberthree" value="עונה 3"/>
<param name="dialogclosedthree" value="Dialog.Close(6415)"/>
<param name="sessiononclickdthree" value="ActivateWindow(10025,&quot;plugin://plugin.video.sdarot.tv/season/3095/3/%D7%94%D7%9E%D7%9B%D7%A9%D7%A4%D7%94+%D7%94%D7%9B%D7%99+%D7%92%D7%A8%D7%95%D7%A2%D7%94/The+Worst+Witch&quot;,return)"/>
<param name="seessinonenumberfour" value="עונה 4"/>
<param name="dialogclosedfour" value="Dialog.Close(6415)"/>
<param name="sessiononclickdfour" value="ActivateWindow(10025,&quot;plugin://plugin.video.sdarot.tv/season/3095/4/%D7%94%D7%9E%D7%9B%D7%A9%D7%A4%D7%94+%D7%94%D7%9B%D7%99+%D7%92%D7%A8%D7%95%D7%A2%D7%94/The+Worst+Witch&quot;,return)"/>
<param name="seessinonenumberfive" value="[COLOR gray]אין[/COLOR]"/>
<param name="seessinonenumbersix" value="[COLOR gray]אין[/COLOR]"/>
<param name="seessinonenumberseven" value="[COLOR gray]אין[/COLOR]"/>
<param name="seessinonenumbereight" value="[COLOR gray]אין[/COLOR]"/>
<param name="seessinonenumbernine" value="[COLOR gray]אין[/COLOR]"/>
<param name="seessinonenumberten" value="[COLOR gray]אין[/COLOR]"/>
</include>


<include content="extrasshowsessionone">
<param name="extrasshowsessiononeid" value="509"/>
<param name="tvshowextrasname" value="רכבת האינסוף"/>
<param name="seessinonenumber" value="עונה 1"/>
<param name="dialogclose" value="Dialog.Close(6415)"/>
<param name="sessiononclick" value="ActivateWindow(10025,&quot;plugin://plugin.video.mando/?all_w=%7b%7d&amp;data=2019&amp;dates=%20&amp;description=%5bCOLOR%20aqua%5d%20%d7%a9%d7%95%d7%93%d7%a8%20%d7%91%d7%aa%d7%90%d7%a8%d7%99%d7%9a%2005-08-2019%5b%2fCOLOR%5d%0aPassengers%20on%20board%20the%20mysterious%20Infinity%20Train%20must%20explore%20a%20series%20of%20endless%20cars%20that%20each%20contain%20unique%20worlds%20and%20puzzles%20to%20solve%20in%20order%20to%20unravel%20the%20mysteries%20of%20the%20train%20-%20and%20within%20themselves%20-%20to%20open%20the%20doorway%20home.&amp;eng_name=%20&amp;episode=%20&amp;fanart=https%3a%2f%2fimage.tmdb.org%2ft%2fp%2foriginal%2f%2fjv83yJGFNeTkHslJvcG1zVh6sqL.jpg&amp;fav_status=false&amp;heb_name=Infinity%20Train&amp;iconimage=https%3a%2f%2fimage.tmdb.org%2ft%2fp%2foriginal%2f%2fwEhc48kGjoWw8qcHu2Lar7NFrgG.jpg&amp;id=91425&amp;image_master&amp;isr=0&amp;last_id&amp;mode=19&amp;name=%5bCOLOR%20white%5d%d7%a2%d7%95%d7%a0%d7%94%201%5b%2fCOLOR%5d&amp;original_title=Infinity%20Train&amp;season=1&amp;show_original_year=2019&amp;tmdbid=335425&amp;url=https%3a%2f%2fapi.themoviedb.org%2f3%2ftv%2f91425%3fapi_key%3d34142515d9d23817496eeb4ff1d223d0%26language%3den%26append_to_response%3dexternal_ids&amp;video_data=%7b%22rating%22%3a%20%220%22%2c%20%22episode%22%3a%200%2c%20%22title%22%3a%20%22%5bCOLOR%20white%5d%5cu05e2%5cu05d5%5cu05e0%5cu05d4%201%5b%2fCOLOR%5d%22%2c%20%22season%22%3a%200%2c%20%22TVshowtitle%22%3a%20%22%22%2c%20%22mediatype%22%3a%20%22movie%22%2c%20%22plot%22%3a%20%22%5bCOLOR%20aqua%5d%20%5cu05e9%5cu05d5%5cu05d3%5cu05e8%20%5cu05d1%5cu05ea%5cu05d0%5cu05e8%5cu05d9%5cu05da%2005-08-2019%5b%2fCOLOR%5d%5cnPassengers%20on%20board%20the%20mysterious%20Infinity%20Train%20must%20explore%20a%20series%20of%20endless%20cars%20that%20each%20contain%20unique%20worlds%20and%20puzzles%20to%20solve%20in%20order%20to%20unravel%20the%20mysteries%20of%20the%20train%20-%20and%20within%20themselves%20-%20to%20open%20the%20doorway%20home.%22%2c%20%22OriginalTitle%22%3a%20%22Infinity%20Train%22%2c%20%22Tag%22%3a%20%2216%22%2c%20%22year%22%3a%20%222019%22%7d&quot;,return)"/>
<param name="seessinonenumbertwo" value="עונה 2"/>
<param name="dialogclosedtwo" value="Dialog.Close(6415)"/>
<param name="sessiononclickdtwo" value="ActivateWindow(10025,&quot;plugin://plugin.video.mando/?all_w=%7b%7d&amp;data=2020&amp;dates=%20&amp;description=%5bCOLOR%20aqua%5d%20%d7%a9%d7%95%d7%93%d7%a8%20%d7%91%d7%aa%d7%90%d7%a8%d7%99%d7%9a%2005-01-2020%5b%2fCOLOR%5d%0aPassengers%20on%20board%20the%20mysterious%20Infinity%20Train%20must%20explore%20a%20series%20of%20endless%20cars%20that%20each%20contain%20unique%20worlds%20and%20puzzles%20to%20solve%20in%20order%20to%20unravel%20the%20mysteries%20of%20the%20train%20-%20and%20within%20themselves%20-%20to%20open%20the%20doorway%20home.&amp;eng_name=%20&amp;episode=%20&amp;fanart=https%3a%2f%2fimage.tmdb.org%2ft%2fp%2foriginal%2f%2fjv83yJGFNeTkHslJvcG1zVh6sqL.jpg&amp;fav_status=false&amp;heb_name=Infinity%20Train&amp;iconimage=https%3a%2f%2fimage.tmdb.org%2ft%2fp%2foriginal%2f%2fwAm6kfhlS6ha9LBfeKVCJWwn574.jpg&amp;id=91425&amp;image_master&amp;isr=0&amp;last_id&amp;mode=19&amp;name=%5bCOLOR%20white%5d%d7%a2%d7%95%d7%a0%d7%94%202%5b%2fCOLOR%5d&amp;original_title=Infinity%20Train&amp;season=2&amp;show_original_year=2019&amp;tmdbid=335425&amp;url=https%3a%2f%2fapi.themoviedb.org%2f3%2ftv%2f91425%3fapi_key%3d34142515d9d23817496eeb4ff1d223d0%26language%3den%26append_to_response%3dexternal_ids&amp;video_data=%7b%22rating%22%3a%20%220%22%2c%20%22episode%22%3a%200%2c%20%22title%22%3a%20%22%5bCOLOR%20white%5d%5cu05e2%5cu05d5%5cu05e0%5cu05d4%202%5b%2fCOLOR%5d%22%2c%20%22season%22%3a%200%2c%20%22TVshowtitle%22%3a%20%22%22%2c%20%22mediatype%22%3a%20%22movie%22%2c%20%22plot%22%3a%20%22%5bCOLOR%20aqua%5d%20%5cu05e9%5cu05d5%5cu05d3%5cu05e8%20%5cu05d1%5cu05ea%5cu05d0%5cu05e8%5cu05d9%5cu05da%2005-01-2020%5b%2fCOLOR%5d%5cnPassengers%20on%20board%20the%20mysterious%20Infinity%20Train%20must%20explore%20a%20series%20of%20endless%20cars%20that%20each%20contain%20unique%20worlds%20and%20puzzles%20to%20solve%20in%20order%20to%20unravel%20the%20mysteries%20of%20the%20train%20-%20and%20within%20themselves%20-%20to%20open%20the%20doorway%20home.%22%2c%20%22OriginalTitle%22%3a%20%22Infinity%20Train%22%2c%20%22Tag%22%3a%20%2216%22%2c%20%22year%22%3a%20%222020%22%7d&quot;,return)"/>
<param name="seessinonenumberthree" value="עונה 3"/>
<param name="dialogclosedthree" value="Dialog.Close(6415)"/>
<param name="sessiononclickdthree" value="ActivateWindow(10025,&quot;plugin://plugin.video.mando/?all_w=%7b%7d&amp;data=2020&amp;dates=%20&amp;description=%5bCOLOR%20aqua%5d%20%d7%a9%d7%95%d7%93%d7%a8%20%d7%91%d7%aa%d7%90%d7%a8%d7%99%d7%9a%2013-08-2020%5b%2fCOLOR%5d%0aPassengers%20on%20board%20the%20mysterious%20Infinity%20Train%20must%20explore%20a%20series%20of%20endless%20cars%20that%20each%20contain%20unique%20worlds%20and%20puzzles%20to%20solve%20in%20order%20to%20unravel%20the%20mysteries%20of%20the%20train%20-%20and%20within%20themselves%20-%20to%20open%20the%20doorway%20home.&amp;eng_name=%20&amp;episode=%20&amp;fanart=https%3a%2f%2fimage.tmdb.org%2ft%2fp%2foriginal%2f%2fjv83yJGFNeTkHslJvcG1zVh6sqL.jpg&amp;fav_status=false&amp;heb_name=Infinity%20Train&amp;iconimage=https%3a%2f%2fimage.tmdb.org%2ft%2fp%2foriginal%2f%2fc234zOS7kifNN2mb6BbIy7Z09oO.jpg&amp;id=91425&amp;image_master&amp;isr=0&amp;last_id&amp;mode=19&amp;name=%5bCOLOR%20white%5d%d7%a2%d7%95%d7%a0%d7%94%203%5b%2fCOLOR%5d&amp;original_title=Infinity%20Train&amp;season=3&amp;show_original_year=2019&amp;tmdbid=335425&amp;url=https%3a%2f%2fapi.themoviedb.org%2f3%2ftv%2f91425%3fapi_key%3d34142515d9d23817496eeb4ff1d223d0%26language%3den%26append_to_response%3dexternal_ids&amp;video_data=%7b%22rating%22%3a%20%220%22%2c%20%22episode%22%3a%200%2c%20%22title%22%3a%20%22%5bCOLOR%20white%5d%5cu05e2%5cu05d5%5cu05e0%5cu05d4%203%5b%2fCOLOR%5d%22%2c%20%22season%22%3a%200%2c%20%22TVshowtitle%22%3a%20%22%22%2c%20%22mediatype%22%3a%20%22movie%22%2c%20%22plot%22%3a%20%22%5bCOLOR%20aqua%5d%20%5cu05e9%5cu05d5%5cu05d3%5cu05e8%20%5cu05d1%5cu05ea%5cu05d0%5cu05e8%5cu05d9%5cu05da%2013-08-2020%5b%2fCOLOR%5d%5cnPassengers%20on%20board%20the%20mysterious%20Infinity%20Train%20must%20explore%20a%20series%20of%20endless%20cars%20that%20each%20contain%20unique%20worlds%20and%20puzzles%20to%20solve%20in%20order%20to%20unravel%20the%20mysteries%20of%20the%20train%20-%20and%20within%20themselves%20-%20to%20open%20the%20doorway%20home.%22%2c%20%22OriginalTitle%22%3a%20%22Infinity%20Train%22%2c%20%22Tag%22%3a%20%2216%22%2c%20%22year%22%3a%20%222020%22%7d&quot;,return)"/>
<param name="seessinonenumberfour" value="[COLOR gray]אין[/COLOR]"/>
<param name="seessinonenumberfive" value="[COLOR gray]אין[/COLOR]"/>
<param name="seessinonenumbersix" value="[COLOR gray]אין[/COLOR]"/>
<param name="seessinonenumberseven" value="[COLOR gray]אין[/COLOR]"/>
<param name="seessinonenumbereight" value="[COLOR gray]אין[/COLOR]"/>
<param name="seessinonenumbernine" value="[COLOR gray]אין[/COLOR]"/>
<param name="seessinonenumberten" value="[COLOR gray]אין[/COLOR]"/>
</include>

<include content="extrasshowsessionone">
<param name="extrasshowsessiononeid" value="510"/>
<param name="tvshowextrasname" value="החברה מפארק הקרוונים"/>
<param name="seessinonenumber" value="עונה 1"/>
<param name="dialogclose" value="Dialog.Close(6415)"/>
<param name="sessiononclick" value="ActivateWindow(10025,&quot;plugin://plugin.video.sdarot.tv/season/4491/1/%D7%94%D7%97%D7%91%D7%A8%27%D7%94+%D7%9E%D7%A4%D7%90%D7%A8%D7%A7+%D7%94%D7%A7%D7%A8%D7%95%D7%95%D7%A0%D7%99%D7%9D%3A+%D7%A7%D7%A1%D7%9D+%D7%A9%D7%9C+%D7%A4%D7%98%D7%A8%D7%99%D7%95%D7%AA/Trailer+Park+Boys%3A+The+Animated+Series+&quot;,return)"/>
<param name="seessinonenumbertwo" value="עונה 2"/>
<param name="dialogclosedtwo" value="Dialog.Close(6415)"/>
<param name="sessiononclickdtwo" value="ActivateWindow(10025,&quot;plugin://plugin.video.sdarot.tv/season/4491/2/%D7%94%D7%97%D7%91%D7%A8%27%D7%94+%D7%9E%D7%A4%D7%90%D7%A8%D7%A7+%D7%94%D7%A7%D7%A8%D7%95%D7%95%D7%A0%D7%99%D7%9D%3A+%D7%A7%D7%A1%D7%9D+%D7%A9%D7%9C+%D7%A4%D7%98%D7%A8%D7%99%D7%95%D7%AA/Trailer+Park+Boys%3A+The+Animated+Series+&quot;,return)"/>
<param name="seessinonenumberthree" value="[COLOR gray]אין[/COLOR]"/>
<param name="seessinonenumberfour" value="[COLOR gray]אין[/COLOR]"/>
<param name="seessinonenumberfive" value="[COLOR gray]אין[/COLOR]"/>
<param name="seessinonenumbersix" value="[COLOR gray]אין[/COLOR]"/>
<param name="seessinonenumberseven" value="[COLOR gray]אין[/COLOR]"/>
<param name="seessinonenumbereight" value="[COLOR gray]אין[/COLOR]"/>
<param name="seessinonenumbernine" value="[COLOR gray]אין[/COLOR]"/>
<param name="seessinonenumberten" value="[COLOR gray]אין[/COLOR]"/>
</include>

<include content="extrasshowsessionone">
<param name="extrasshowsessiononeid" value="511"/>
<param name="tvshowextrasname" value="הרמזים של בלו ואתם"/>
<param name="seessinonenumber" value="עונה 1"/>
<param name="dialogclose" value="Dialog.Close(6415)"/>
<param name="sessiononclick" value="ActivateWindow(10025,&quot;plugin://plugin.video.sdarot.tv/season/5346/1/%D7%94%D7%A8%D7%9E%D7%96%D7%99%D7%9D+%D7%A9%D7%9C+%D7%91%D7%9C%D7%95+%D7%95%D7%90%D7%AA%D7%9D+%2A%D7%9E%D7%93%D7%95%D7%91%D7%91%2A/Blue%27s+Clues+%26+You&quot;,return)"/>
<param name="seessinonenumbertwo" value="[COLOR gray]אין[/COLOR]"/>
<param name="seessinonenumberthree" value="[COLOR gray]אין[/COLOR]"/>
<param name="seessinonenumberfour" value="[COLOR gray]אין[/COLOR]"/>
<param name="seessinonenumberfive" value="[COLOR gray]אין[/COLOR]"/>
<param name="seessinonenumbersix" value="[COLOR gray]אין[/COLOR]"/>
<param name="seessinonenumberseven" value="[COLOR gray]אין[/COLOR]"/>
<param name="seessinonenumbereight" value="[COLOR gray]אין[/COLOR]"/>
<param name="seessinonenumbernine" value="[COLOR gray]אין[/COLOR]"/>
<param name="seessinonenumberten" value="[COLOR gray]אין[/COLOR]"/>
</include>

<include content="extrasshowsessionone">
<param name="extrasshowsessiononeid" value="512"/>
<param name="tvshowextrasname" value="ניקו וחרב האור"/>
<param name="seessinonenumber" value="עונה 1"/>
<param name="sessiononclick" value="ActivateWindow(10025,&quot;plugin://plugin.video.sdarot.tv/season/5532/1/%D7%A0%D7%99%D7%A7%D7%95+%D7%95%D7%97%D7%A8%D7%91+%D7%94%D7%90%D7%95%D7%A8+%2A%D7%9E%D7%93%D7%95%D7%91%D7%91%2A/Niko+and+the+Sword+of+Light&quot;,return)"/>
<param name="seessinonenumbertwo" value="עונה 2"/>
<param name="sessiononclickdtwo" value="ActivateWindow(10025,&quot;plugin://plugin.video.sdarot.tv/season/5532/2/%D7%A0%D7%99%D7%A7%D7%95+%D7%95%D7%97%D7%A8%D7%91+%D7%94%D7%90%D7%95%D7%A8+%2A%D7%9E%D7%93%D7%95%D7%91%D7%91%2A/Niko+and+the+Sword+of+Light&quot;,return)"/>
<param name="seessinonenumberthree" value="[COLOR gray]אין[/COLOR]"/>
<param name="seessinonenumberfour" value="[COLOR gray]אין[/COLOR]"/>
<param name="seessinonenumberfive" value="[COLOR gray]אין[/COLOR]"/>
<param name="seessinonenumbersix" value="[COLOR gray]אין[/COLOR]"/>
<param name="seessinonenumberseven" value="[COLOR gray]אין[/COLOR]"/>
<param name="seessinonenumbereight" value="[COLOR gray]אין[/COLOR]"/>
<param name="seessinonenumbernine" value="[COLOR gray]אין[/COLOR]"/>
<param name="seessinonenumberten" value="[COLOR gray]אין[/COLOR]"/>
</include>

<include content="extrasshowsessionone">
<param name="extrasshowsessiononeid" value="513"/>
<param name="tvshowextrasname" value="דורה"/>
<param name="seessinonenumber" value="עונה 1"/>
<param name="sessiononclick" value="ActivateWindow(10025,&quot;plugin://plugin.video.sdarot.tv/season/855/1/%D7%9E%D7%92%D7%9C%D7%99%D7%9D+%D7%A2%D7%9D+%D7%93%D7%95%D7%A8%D7%94+%2A%D7%9E%D7%93%D7%95%D7%91%D7%91%2A/Dora+The+Explorer&quot;,return)"/>
<param name="seessinonenumbertwo" value="עונה 2"/>
<param name="sessiononclickdtwo" value="ActivateWindow(10025,&quot;plugin://plugin.video.sdarot.tv/season/855/2/%D7%9E%D7%92%D7%9C%D7%99%D7%9D+%D7%A2%D7%9D+%D7%93%D7%95%D7%A8%D7%94+%2A%D7%9E%D7%93%D7%95%D7%91%D7%91%2A/Dora+The+Explorer&quot;,return)"/>
<param name="seessinonenumberthree" value="עונה 3"/>
<param name="sessiononclickdthree" value="ActivateWindow(10025,&quot;plugin://plugin.video.sdarot.tv/season/855/3/%D7%9E%D7%92%D7%9C%D7%99%D7%9D+%D7%A2%D7%9D+%D7%93%D7%95%D7%A8%D7%94+%2A%D7%9E%D7%93%D7%95%D7%91%D7%91%2A/Dora+The+Explorer&quot;,return)"/>
<param name="seessinonenumberfour" value="[COLOR gray]אין[/COLOR]"/>
<param name="seessinonenumberfive" value="[COLOR gray]אין[/COLOR]"/>
<param name="seessinonenumbersix" value="[COLOR gray]אין[/COLOR]"/>
<param name="seessinonenumberseven" value="[COLOR gray]אין[/COLOR]"/>
<param name="seessinonenumbereight" value="[COLOR gray]אין[/COLOR]"/>
<param name="seessinonenumbernine" value="[COLOR gray]אין[/COLOR]"/>
<param name="seessinonenumberten" value="[COLOR gray]אין[/COLOR]"/>
</include>

<include content="extrasshowsessionone">
<param name="extrasshowsessiononeid" value="514"/>
<param name="tvshowextrasname" value="גליצים"/>
<param name="seessinonenumber" value="עונה 1"/>
<param name="sessiononclick" value="ActivateWindow(10025,&quot;plugin://plugin.video.sdarot.tv/season/5856/1/%D7%92%D7%9C%D7%99%D7%A6%27%D7%99%D7%9D+%2A%D7%9E%D7%93%D7%95%D7%91%D7%91%2A/Coach+me+if+You+Can&quot;,return)"/>
<param name="seessinonenumbertwo" value="[COLOR gray]אין[/COLOR]"/>
<param name="seessinonenumberthree" value="[COLOR gray]אין[/COLOR]"/>
<param name="seessinonenumberfour" value="[COLOR gray]אין[/COLOR]"/>
<param name="seessinonenumberfive" value="[COLOR gray]אין[/COLOR]"/>
<param name="seessinonenumbersix" value="[COLOR gray]אין[/COLOR]"/>
<param name="seessinonenumberseven" value="[COLOR gray]אין[/COLOR]"/>
<param name="seessinonenumbereight" value="[COLOR gray]אין[/COLOR]"/>
<param name="seessinonenumbernine" value="[COLOR gray]אין[/COLOR]"/>
<param name="seessinonenumberten" value="[COLOR gray]אין[/COLOR]"/>
</include>

<!--
<include content="extrasshowsessionone">
<param name="extrasshowsessiononeid" value="500"/>
<param name="tvshowextrasname" value="סטאמפטאון"/>
<param name="seessinonenumber" value="עונה 1"/>
<param name="sessiononclick" value=""/>
<param name="seessinonenumbertwo" value="[COLOR gray]אין[/COLOR]"/>
<param name="seessinonenumberthree" value="[COLOR gray]אין[/COLOR]"/>
<param name="seessinonenumberfour" value="[COLOR gray]אין[/COLOR]"/>
<param name="seessinonenumberfive" value="[COLOR gray]אין[/COLOR]"/>
<param name="seessinonenumbersix" value="[COLOR gray]אין[/COLOR]"/>
<param name="seessinonenumberseven" value="[COLOR gray]אין[/COLOR]"/>
<param name="seessinonenumbereight" value="[COLOR gray]אין[/COLOR]"/>
<param name="seessinonenumbernine" value="[COLOR gray]אין[/COLOR]"/>
<param name="seessinonenumberten" value="[COLOR gray]אין[/COLOR]"/>
</include>
-->


<!--
<include content="extrasshowsessionone">
<param name="extrasshowsessiononeid" value="505"/>
<param name="tvshowextrasname" value="הוואי חמש אפס"/>
<param name="seessinonenumber" value="עונה 1"/>
<param name="sessiononclick" value=""/>
<param name="seessinonenumbertwo" value="עונה 2"/>
<param name="sessiononclickdtwo" value=""/>
<param name="seessinonenumberthree" value="עונה 3"/>
<param name="sessiononclickdthree" value=""/>
<param name="seessinonenumberfour" value="עונה 4"/>
<param name="sessiononclickdfour" value=""/>
<param name="seessinonenumberfive" value="עונה 5"/>
<param name="sessiononclickdfive" value=""/>
<param name="seessinonenumbersix" value="עונה 6"/>
<param name="sessiononclickdsix" value=""/>
<param name="seessinonenumberseven" value="עונה 7"/>
<param name="sessiononclickdseven" value=""/>
<param name="seessinonenumbereight" value="עונה 8"/>
<param name="sessiononclickdeight" value=""/>
<param name="seessinonenumbernine" value="עונה 9"/>
<param name="sessiononclickdnine" value=""/>
<param name="seessinonenumberten" value="עונה 10"/>
<param name="sessiononclickdten" value=""/>
</include> -->

<!-- 
<param name="seessinonenumbertwo" value="[COLOR gray]אין[/COLOR]"/>
<param name="seessinonenumberthree" value="[COLOR gray]אין[/COLOR]"/>
<param name="seessinonenumberfour" value="[COLOR gray]אין[/COLOR]"/>
<param name="seessinonenumberfive" value="[COLOR gray]אין[/COLOR]"/>
<param name="seessinonenumbersix" value="[COLOR gray]אין[/COLOR]"/>
<param name="seessinonenumberseven" value="[COLOR gray]אין[/COLOR]"/>
<param name="seessinonenumbereight" value="[COLOR gray]אין[/COLOR]"/>
<param name="seessinonenumbernine" value="[COLOR gray]אין[/COLOR]"/>
<param name="seessinonenumberten" value="[COLOR gray]אין[/COLOR]"/>

-->


</control>
</controls>
</window>
