<?xml version="1.0" encoding="UTF-8"?>
<window type="dialog" id="6000">
	<defaultcontrol always="true">1256</defaultcontrol>
	<controls>

<control type="group">
<description>תמונות מעבר רקע</description>
<control type="image">
<posx>0</posx>
<posy>0</posy>
<width>1920</width>
<height>1080</height>
<texture colordiffuse="black">white.png</texture>
</control>
<control type="multiimage">
<posx>0</posx>
<posy>0</posy>
<width>1920</width>
<height>1080</height>
<fadetime>750</fadetime>
<timeperimage>15000</timeperimage>
<imagepath>special://skin/extras/kidsbg/</imagepath>
</control>
</control>

<control type="group">
<description>דשא</description>
<control type="image">
<animation type="WindoOpen" condition="Integer.IsGreater(Container(500).NumItems,0)" reversible="false">
<effect type="slide" start="0,0" end="1000,0" time="850" tween="back" easing="out"/>
</animation>
<posx>-1000</posx>
<posy>880</posy>
<width>300</width>
<height>220</height>
<bordertexture colordiffuse="deepskyblue">white.png</bordertexture>
<bordersize>1</bordersize>
<texture>white.png</texture>
</control>
<control type="multiimage">
<posx>-80</posx>
<posy>900</posy>
<width>250</width>
<height>250</height>
<fadetime>750</fadetime>
<imagepath>https://i.pinimg.com/originals/2a/a2/0b/2aa20b2129a6b56fd02eb2d794a1a689.png</imagepath>
</control>
</control>

<control type="group">
<animation type="WindoOpen" condition="Integer.IsGreater(Container(500).NumItems,0)" reversible="false">
<effect type="slide" start="0,0" end="-1410,0" time="850" tween="back" easing="out"/>
</animation>
<posx>800</posx>
<description>רקע למידע  על הסרט</description>
<control type="image">
<posx>1250</posx>
<posy>20</posy>
<width>648</width>
<height>320</height>
<texture colordiffuse="white">white.png</texture>
</control>
<control type="multiimage">
<posx>1250</posx>
<posy>20</posy>
<width>650</width>
<height>320</height>
<fadetime>350</fadetime>
<imagepath>https://library.kissclipart.com/20180901/aww/kissclipart-marcos-infantiles-png-clipart-picture-frames-e33a542aa9aa359d.png</imagepath>
</control>
</control>

<control type="image">
<animation type="WindoOpen" condition="Integer.IsGreater(Container(500).NumItems,0)" reversible="false">
<effect type="slide" start="0,0" end="1000,0" time="850" tween="back" easing="out"/>
</animation>
<description>ילדים זא'נרים</description>
<posx>-1000</posx>
<posy>0</posy>
<width>550</width>
<height>450</height>
<texture>special://skin/extras/kidsframes/kidsgenres.png</texture>
</control>

<control type="image">
<animation type="WindoOpen" condition="Integer.IsGreater(Container(500).NumItems,0)" reversible="false">
<effect type="slide" start="0,0" end="-1130,0" time="850" tween="back" easing="out"/>
</animation>
<description>ילדים שנת הסרט</description>
<posx>2500</posx>
<posy>0</posy>
<width>550</width>
<height>450</height>
<texture>special://skin/extras/kidsframes/kidsgenres.png</texture>
</control>


	<control type="grouplist" id="5000">
	<itemgap>0</itemgap>
	<posy>500</posy>
	<posx>-1000</posx>
	<height>1000</height>
	<orientation>vertical</orientation>
	<pagecontrol>60</pagecontrol>
	<animation type="WindoOpen" condition="Integer.IsGreater(Container(500).NumItems,0)" reversible="false">
	<effect type="slide" start="0,0" end="1100,0" time="1350" tween="back" easing="out"/>
	</animation>

	
	<include content="for_test_widget_content">
	<param name="widgetid" value="500"/>
	<param name="posy" value="500"/>
	<param name="widgetcontent" value="plugin://plugin.video.telemedia/?data=-1001406056035&amp;dates=%20&amp;description=%22%d7%90%d7%9c%d7%90%d7%93%d7%99%d7%9f%22%202019%0a%0a%d7%90%d7%99%d7%9b%d7%95%d7%aa%3a%201080p%20BluRay.%20%f0%9f%98%8d%0a%e2%9c%82%ef%b8%8f%20%d7%97%d7%9c%d7%a7%202%20-%20%d7%9e%d7%93%d7%95%d7%91%d7%91%20%d7%9c%d7%a2%d7%91%d7%a8%d7%99%d7%aa.%20%f0%9f%97%a3%0a%0a%e2%9a%a1%ef%b8%8f%20%40all_the_media%0afrom_plot&amp;eng_name=%20&amp;episode=%20&amp;fanart&amp;fav_status=false&amp;groups_id=0&amp;heb_name=%20&amp;iconimage&amp;id=%20&amp;image_master&amp;isr=0&amp;last_id&amp;mode=31&amp;name=%5bCOLOR%20lightblue%5d%d7%a7%d7%91%d7%95%d7%a6%d7%aa%20%d7%94%d7%91%d7%a7%d7%a9%d7%95%d7%aa%20%d7%99%d7%9c%d7%93%d7%99%d7%9d%5b%2fCOLOR%5d&amp;original_title=%20&amp;season=%20&amp;show_original_year=%20&amp;tmdbid=%20&amp;url=-1001406056035&quot"/>
	</include>
		<include content="for_test_widget_content">
	<param name="widgetid" value="501"/>
	<param name="posy" value="500"/>
	<param name="widgetcontent" value="plugin://plugin.video.telemedia/?data=-1001169545715&amp;dates=%20&amp;description=%d7%a7%d7%91%d7%95%d7%a6%d7%aa%20%d7%94%d7%91%d7%a7%d7%a9%d7%95%d7%aa%20%d7%9c%d7%99%d7%9c%d7%93%d7%99%d7%9d%202%0afrom_plot&amp;eng_name=%20&amp;episode=%20&amp;fanart&amp;fav_status=false&amp;groups_id=0&amp;heb_name=%20&amp;iconimage&amp;id=%20&amp;image_master&amp;isr=0&amp;last_id&amp;mode=31&amp;name=%5bCOLOR%20khaki%5d%d7%a7%d7%91%d7%95%d7%a6%d7%aa%20%d7%94%d7%91%d7%a7%d7%a9%d7%95%d7%aa%20%d7%9c%d7%99%d7%9c%d7%93%d7%99%d7%9d%202%5b%2fCOLOR%5d&amp;original_title=%20&amp;season=%20&amp;show_original_year=%20&amp;tmdbid=%20&amp;url=-1001169545715&quot"/>
	</include>
	<include content="for_test_widget_content">
	<param name="widgetid" value="502"/>
	<param name="posy" value="500"/>
	<param name="widgetcontent" value="plugin://plugin.video.telemedia/?data=-1001364848763&amp;dates=%20&amp;description=%0afrom_plot&amp;eng_name=%20&amp;episode=%20&amp;fanart&amp;fav_status=false&amp;groups_id=0&amp;heb_name=%20&amp;iconimage&amp;id=%20&amp;image_master&amp;isr=0&amp;last_id&amp;mode=31&amp;name=%5bCOLOR%20khaki%5d%d7%a7%d7%91%d7%95%d7%a6%d7%aa%20%d7%94%d7%91%d7%a7%d7%a9%d7%95%d7%aa%20%d7%9c%d7%99%d7%9c%d7%93%d7%99%d7%9d%203%5b%2fCOLOR%5d&amp;original_title=%20&amp;season=%20&amp;show_original_year=%20&amp;tmdbid=%20&amp;url=-1001364848763&quot"/>
	</include>
	<include content="for_test_widget_content">
	<param name="widgetid" value="503"/>
	<param name="posy" value="500"/>
	<param name="widgetcontent" value="plugin://plugin.video.telemedia/?data=-1001428630061&amp;dates=%20&amp;description=%d7%a7%d7%91%d7%95%d7%a6%d7%aa%20%d7%94%d7%91%d7%a7%d7%a9%d7%95%d7%aa%20%d7%9c%d7%99%d7%9c%d7%93%d7%99%d7%9d%204%0afrom_plot&amp;eng_name=%20&amp;episode=%20&amp;fanart&amp;fav_status=false&amp;groups_id=0&amp;heb_name=%20&amp;iconimage&amp;id=%20&amp;image_master&amp;isr=0&amp;last_id&amp;mode=31&amp;name=%5bCOLOR%20khaki%5d%d7%a7%d7%91%d7%95%d7%a6%d7%aa%20%d7%94%d7%91%d7%a7%d7%a9%d7%95%d7%aa%20%d7%9c%d7%99%d7%9c%d7%93%d7%99%d7%9d%204%5b%2fCOLOR%5d&amp;original_title=%20&amp;season=%20&amp;show_original_year=%20&amp;tmdbid=%20&amp;url=-1001428630061&quot"/>
	</include>
	<include content="for_test_widget_content">
	<param name="widgetid" value="504"/>
	<param name="posy" value="500"/>
	<param name="widgetcontent" value="plugin://plugin.video.telemedia/?data=-1001229507581&amp;dates=%20&amp;description=%0afrom_plot&amp;eng_name=%20&amp;episode=%20&amp;fanart&amp;fav_status=false&amp;groups_id=0&amp;heb_name=%20&amp;iconimage&amp;id=%20&amp;image_master&amp;isr=0&amp;last_id&amp;mode=31&amp;name=%5bCOLOR%20khaki%5d%d7%a7%d7%91%d7%95%d7%a6%d7%aa%20%d7%94%d7%91%d7%a7%d7%a9%d7%95%d7%aa%20%d7%9c%d7%99%d7%9c%d7%93%d7%99%d7%9d%205%5b%2fCOLOR%5d&amp;original_title=%20&amp;season=%20&amp;show_original_year=%20&amp;tmdbid=%20&amp;url=-1001229507581&quot"/>
	</include>
	<include content="for_test_widget_content">
	<param name="widgetid" value="505"/>
	<param name="posy" value="500"/>
	<param name="widgetcontent" value="plugin://plugin.video.telemedia/?data=-1001331856284&amp;dates=%20&amp;description=%0afrom_plot&amp;eng_name=%20&amp;episode=%20&amp;fanart&amp;fav_status=false&amp;groups_id=0&amp;heb_name=%20&amp;iconimage&amp;id=%20&amp;image_master&amp;isr=0&amp;last_id&amp;mode=31&amp;name=%5bCOLOR%20khaki%5d%d7%a7%d7%91%d7%95%d7%a6%d7%aa%20%d7%94%d7%91%d7%a7%d7%a9%d7%95%d7%aa%20%d7%9c%d7%99%d7%9c%d7%93%d7%99%d7%9d%206%5b%2fCOLOR%5d&amp;original_title=%20&amp;season=%20&amp;show_original_year=%20&amp;tmdbid=%20&amp;url=-1001331856284&quot"/>
	</include>
	<include content="for_test_widget_content">
	<param name="widgetid" value="506"/>
	<param name="posy" value="500"/>
	<param name="widgetcontent" value="plugin://plugin.video.kids_new/?description=%d7%a1%d7%a8%d7%98%d7%99%d7%9d%20%d7%9e%d7%93%d7%95%d7%91%d7%91%d7%99%d7%9d&amp;fanart=https%3a%2f%2fmedia.timeout.com%2fimages%2f105586169%2fimage.jpg&amp;iconimage=https%3a%2f%2fmedia.timeout.com%2fimages%2f105586169%2fimage.jpg&amp;mode=13&amp;name=%d7%a1%d7%a8%d7%98%d7%99%d7%9d%20%d7%9e%d7%93%d7%95%d7%91%d7%91%d7%99%d7%9d%20(882)%20&amp;url=0&quot"/>
	</include>
	<include content="for_test_widget_content">
	<param name="widgetid" value="507"/>
	<param name="posy" value="300"/>
	<param name="sortby" value="dateadded"/>
	<param name="sortorder" value="descending"/>
	<param name="widgetcontent" value="plugin://plugin.video.CHICCO/?cat_level=%20&amp;count=0&amp;description=%20&amp;fanart=http%3a%2f%2fmoridim.me%2fimages%2flarge%2f9424.jpg&amp;iconimage=http%3a%2f%2fmoridim.me%2fimages%2flarge%2f9424.jpg&amp;index_depth=0&amp;lang=eng&amp;mode=5&amp;name=%d7%a1%d7%a8%d7%98%d7%99%d7%9d%20%d7%9e%d7%93%d7%95%d7%91%d7%91%d7%99%d7%9d&amp;page&amp;selected_list=%20&amp;url=%d7%a1%d7%a8%d7%98%d7%99%d7%9d%d7%a1%d7%a8%d7%98%d7%99%d7%9d%20%d7%9e%d7%93%d7%95%d7%91%d7%91%d7%99%d7%9d&quot"/>
	</include>
	<include content="for_test_widget_content">
	<param name="widgetid" value="508"/>
	<param name="posy" value="500"/>
	<param name="sortby" value="dataadded"/>
	<param name="sortorder" value="descending"/>
	<param name="widgetcontent" value="plugin://plugin.video.FlashTV/?cat_level=%20&amp;count=0&amp;description=%20&amp;fanart&amp;iconimage=https%3a%2f%2fwww.xtrafondos.com%2fwallpapers%2ftoy-story-4-personajes-poster-3326.jpg&amp;index_depth=0&amp;lang=eng&amp;mode=5&amp;name=%d7%a1%d7%a8%d7%98%d7%99%d7%9d%20%d7%9e%d7%93%d7%95%d7%91%d7%91%d7%99%d7%9d&amp;page&amp;selected_list=%20&amp;url=%d7%a1%d7%a8%d7%98%d7%99%d7%9d%d7%a1%d7%a8%d7%98%d7%99%d7%9d%20%d7%9e%d7%93%d7%95%d7%91%d7%91%d7%99%d7%9d&quot"/>
	</include>
	<include content="for_test_widget_content">
	<param name="widgetid" value="509"/>
	<param name="posy" value="500"/>
	<param name="sortby" value="random"/>
	<param name="sortorder" value="random"/>
	<param name="widgetcontent" value="plugin://plugin.video.mando/?all_w=%7b%7d&amp;data=%20&amp;dates=%20&amp;description=animationmovies&amp;eng_name=%20&amp;episode=%20&amp;fanart=%20&amp;fav_status=false&amp;heb_name=%20&amp;iconimage=%20&amp;id=%20&amp;image_master&amp;isr=0&amp;last_id&amp;mode=117&amp;name=animationmovies&amp;original_title=%20&amp;season=%20&amp;show_original_year=%20&amp;tmdbid=%20&amp;url=moshep15%24%24%24%24%24%24%24%24%24%24%24animationmovies%5e%5e%5e%5e%5e%5e%5e%5emovie&amp;video_data=%7b%22rating%22%3a%20%220%22%2c%20%22episode%22%3a%200%2c%20%22title%22%3a%20%22animationmovies%22%2c%20%22season%22%3a%200%2c%20%22TVshowtitle%22%3a%20%22%22%2c%20%22mediatype%22%3a%20%22movie%22%2c%20%22plot%22%3a%20%22animationmovies%22%2c%20%22OriginalTitle%22%3a%20%22%20%22%2c%20%22Tag%22%3a%20%22116%22%7d&quot"/>
	</include>
	</control>
	
	
		<include content="kidsmovieinfo">
	<param name="kidsid" value="500"/>
	<param name="visibleinfowidgetnumber" value="Control.HasFocus(500) | Control.HasFocus(1256) | Control.HasFocus(1259)"/>
	</include>
		<include content="kidsmovieinfo">
	<param name="kidsid" value="501"/>
	<param name="visibleinfowidgetnumber" value="Control.HasFocus(501)"/>
	</include>
		<include content="kidsmovieinfo">
	<param name="kidsid" value="502"/>
	<param name="visibleinfowidgetnumber" value="Control.HasFocus(502)"/>
	</include>
		<include content="kidsmovieinfo">
	<param name="kidsid" value="503"/>
	<param name="visibleinfowidgetnumber" value="Control.HasFocus(503)"/>
	</include>
		<include content="kidsmovieinfo">
	<param name="kidsid" value="504"/>
	<param name="visibleinfowidgetnumber" value="Control.HasFocus(504)"/>
	</include>
		<include content="kidsmovieinfo">
	<param name="kidsid" value="505"/>
	<param name="visibleinfowidgetnumber" value="Control.HasFocus(505)"/>
	</include>
		<include content="kidsmovieinfo">
	<param name="kidsid" value="506"/>
	<param name="visibleinfowidgetnumber" value="Control.HasFocus(506)"/>
	</include>
		<include content="kidsmovieinfo">
	<param name="kidsid" value="507"/>
	<param name="visibleinfowidgetnumber" value="Control.HasFocus(507)"/>
	</include>
		<include content="kidsmovieinfo">
	<param name="kidsid" value="508"/>
	<param name="visibleinfowidgetnumber" value="Control.HasFocus(508)"/>
	</include>
		<include content="kidsmovieinfo">
	<param name="kidsid" value="509"/>
	<param name="visibleinfowidgetnumber" value="Control.HasFocus(509)"/>
	</include>
	
	
	<include content="check_dubbed">
	<param name="dubbedid" value="500"/>
	</include>
	
		<include content="check_dubbed">
	<param name="dubbedid" value="501"/>
	</include>
		<include content="check_dubbed">
	<param name="dubbedid" value="502"/>
	</include>
		<include content="check_dubbed">
	<param name="dubbedid" value="503"/>
	</include>
		<include content="check_dubbed">
	<param name="dubbedid" value="504"/>
	</include>
		<include content="check_dubbed">
	<param name="dubbedid" value="505"/>
	</include>
		<include content="check_dubbed">
	<param name="dubbedid" value="506"/>
	</include>
		<include content="check_dubbed">
	<param name="dubbedid" value="507"/>
	</include>
		<include content="check_dubbed">
	<param name="dubbedid" value="508"/>
	</include>
		<include content="check_dubbed">
	<param name="dubbedid" value="509"/>
	</include>
	
	<include>arrowsconditions</include>
	
<control type="list" id="1256">
<animation type="WindoOpen" condition="Integer.IsGreater(Container(500).NumItems,0)" reversible="false">
<effect type="slide" start="0,0" end="600,0" time="550" tween="back" easing="out"/>
</animation>
<animation effect="fade" start="0" end="100" time="320">VisibleChange</animation>
<posx>-820</posx>
<posy>880</posy>
<width>500</width>
<height>200</height>
<onback>500</onback>
<itemlayout width="120" height="50">
<control type="label">
<posx>0</posx>
<posy>0</posy>
<width>500</width>
<height>50</height>
<align>right</align>
<textcolor>black</textcolor>
<font>font-16</font>
<label>$INFO[ListItem.Label]</label>
</control>
</itemlayout>
<focusedlayout width="120" height="50">
<control type="label">
<posx>0</posx>
<posy>0</posy>
<width>500</width>
<height>50</height>
<font>font-16</font>
<align>right</align>
<textcolor>black</textcolor>
<label>$INFO[ListItem.Label]</label>
</control>
<control type="image">
<visible>Control.HasFocus(1256)</visible>
<animation effect="rotatex" center="25" start="0" end="360" time="450">Focus</animation>
<posx>250</posx>
<posy>0</posy>
<width>45</width>
<height>35</height>
<texture>special://skin/extras/kidsframes/arrow.png</texture>
</control>
</focusedlayout>
<content>
<item id="1">
<label>סרטים מדובבים לילדים</label>
<onclick>Control.SetFocus(5000)</onclick>
</item>
<item id="25">
<label>[COLOR deepskyblue]הגדר שם[/COLOR]</label>
<onclick>Control.SetFocus(410)</onclick>
</item>
<item id="26">
<label>[COLOR deeppink]חפש סרט[/COLOR]</label>
<onclick>Dialog.Close(all,true)</onclick>
<onclick>ActivateWindow(10025,&quot;plugin://plugin.video.kids_new/?description=search&amp;fanart=https%3a%2f%2fsearchengineland.com%2ffigz%2fwp-content%2fseloads%2f2017%2f12%2fcompare-seo-ss-1920-800x450.jpg&amp;iconimage=https%3a%2f%2flh5.googleusercontent.com%2fproxy%2f-RGejAHqTw0SEl8o3_eK3abBTFCoR49bh780mJ-HX2kK_Qf0aeTzeKuN_WHmW5wOZzKEmlsHE684lxp8BNbejnLx-S4S7dJDeCea3ESPCPMrkUucyFXNH5F_4iktdqh7vKfE5QNGtMZF6QAwAGknYp6v8oeRQg&amp;mode=11&amp;name=%d7%97%d7%99%d7%a4%d7%95%d7%a9&amp;url=search&quot;,return)</onclick>
</item>
<item id="27">
<label>[COLOR red]יציאה[/COLOR]</label>
<onclick>Dialog.Close(all,true)</onclick>
</item>

</content>
</control>


<control type="grouplist" id="1259">
<visible>!Window.IsActive(DialogVideoInfo.xml)</visible>
<posx>550</posx>
<posy>870</posy>
<width>2000</width>
<height>500</height>
<orientation>horizontal</orientation>
<itemgap>250</itemgap>
<control type="group">
<control type="button" id="23">
<onright>Control.SetFocus(24)</onright>
<animation type="Focus">
<effect type="slide" start="0,0" end="0,-40" time="650"/>
</animation>
<animation type="UמFocus">
<effect type="slide" start="0,-40" end="0,0" time="650"/>
</animation>
<posx>0</posx>
<posy>0</posy>
<width>180</width>
<height>270</height>
<textoffsety>40</textoffsety>
<textoffsetx>20</textoffsetx>
<aligny>30</aligny>
<texturefocus>special://skin/extras/kidsframes/wood-sign.png</texturefocus>
<texturenofocus>special://skin/extras/kidsframes/wood-sign.png</texturenofocus>
<textcolor>black</textcolor>
<focusedcolor>white</focusedcolor>
<font>font-20b</font>
<label>[B]טריילר[/B]</label>
<angle>20</angle>
<onclick>SendClick(11)</onclick>
</control>
</control>
<control type="group">
<control type="button" id="24">
<onleft>Control.SetFocus(23)</onleft>
<onright>Control.SetFocus(25)</onright>
<animation type="Focus">
<effect type="slide" start="0,0" end="0,-40" time="650"/>
</animation>
<animation type="UמFocus">
<effect type="slide" start="0,-40" end="0,0" time="650"/>
</animation>
<posx>0</posx>
<posy>0</posy>
<width>180</width>
<height>270</height>
<textoffsety>40</textoffsety>
<textoffsetx>20</textoffsetx>
<aligny>30</aligny>
<texturefocus>special://skin/extras/kidsframes/wood-sign.png</texturefocus>
<texturenofocus>special://skin/extras/kidsframes/wood-sign.png</texturenofocus>
<textcolor>black</textcolor>
<focusedcolor>white</focusedcolor>
<font>font-20b</font>
<label>[B]נגן[/B]</label>
<angle>20</angle>
<onclick>SendClick(8)</onclick>
</control>
</control>
<control type="group">
<control type="button" id="25">
<onleft>Control.SetFocus(24)</onleft>
<animation type="Focus">
<effect type="slide" start="0,0" end="0,-40" time="650"/>
</animation>
<animation type="UמFocus">
<effect type="slide" start="0,-40" end="0,0" time="650"/>
</animation>
<posx>0</posx>
<posy>0</posy>
<width>180</width>
<height>270</height>
<textoffsety>40</textoffsety>
<textoffsetx>20</textoffsetx>
<aligny>30</aligny>
<texturefocus>special://skin/extras/kidsframes/wood-sign.png</texturefocus>
<texturenofocus>special://skin/extras/kidsframes/wood-sign.png</texturenofocus>
<textcolor>black</textcolor>
<focusedcolor>white</focusedcolor>
<font>font-20b</font>
<label>[B]דירוג[/B]</label>
<angle>20</angle>
<onclick>SendClick(7)</onclick>
</control>
</control>
</control>


<control type="image">
<animation type="WindoOpen" condition="Integer.IsGreater(Container(500).NumItems,0)" reversible="false">
<effect type="slide" start="0,0" end="-480,0" time="850" tween="back" easing="out"/>
</animation>
<posx>2000</posx>
<posy>860</posy>
<width>400</width>
<height>250</height>
<texture>special://skin/extras/kidsframes/name.jpg</texture>
</control>
<control type="multiimage">
<posx>1480</posx>
<posy>870</posy>
<width>250</width>
<height>350</height>
<fadetime>750</fadetime>
<imagepath>https://i.pinimg.com/originals/2a/a2/0b/2aa20b2129a6b56fd02eb2d794a1a689.png</imagepath>
</control>
			<control type="button" id="410">
			
			<visible allowhiddenfocus="true">Control.HasFocus(410)</visible>
			<posx>100</posx>
			<posy>20</posy>
			<onback>1256</onback>
			<description>Main-Color</description>
				<label>הגדר שם</label>
				<label2>$INFO[Skin.String(mainscreenlabel)]</label2>
				<include>button_settings_3</include>
				<onfocus>Skin.SetString(mainscreenlabel)</onfocus>
			</control>


<control type="group">
<control type="label">
<animation type="WindoOpen" condition="Integer.IsGreater(Container(500).NumItems,0)" reversible="false">
<effect type="slide" start="0,0" end="-340,0" time="850" tween="back" easing="out"/>
</animation>
<posx>2200</posx>
<posy>920</posy>
<width>250</width>
<height>40</height>
<align>right</align>
<font>font-30</font>
<label>[COLOR deeppink]שלום:[/COLOR]</label>
<wrapmultiline>true</wrapmultiline>
</control>

<control type="label">
<animation type="WindoOpen" condition="Integer.IsGreater(Container(500).NumItems,0)" reversible="false">
<effect type="slide" start="0,0" end="-460,0" time="1250" tween="back" easing="out"/>
</animation>
<posx>2200</posx>
<posy>920</posy>
<width>200</width>
<height>40</height>
<align>right</align>
<font>font-30</font>
<scroll>true</scroll>
<label>[COLOR deepskyblue]$INFO[Skin.String(mainscreenlabel)][/COLOR]</label>
<wrapmultiline>true</wrapmultiline>
</control>
</control>


</controls>
</window>
