<?xml version="1.0" encoding="UTF-8"?>
<!-- Foundation -->
<window id="6804" type="dialog">
    <defaultcontrol always="true">60</defaultcontrol>


<controls>

	
			<control type="multiimage">
			<posx>0</posx>
			<posy>0</posy>
			<width>1920</width>
			<height>1080</height>
			<imagepath background="true">special://skin/extras/specialbuttons/background.jpg</imagepath>
			<aspectratio aligny="top">scale</aspectratio>
			<timeperimage>80000</timeperimage>
			<randomize>true</randomize>
			<fadetime>650</fadetime>
		</control>
		
		<control type="image">
		<visible>!Integer.IsGreater(Container(5).NumItems,0)</visible>
		<posx>800</posx>
		<posy>400</posy>
		<width>250</width>
		<height>250</height>
		<texture>special://skin/extras/test/sonicloading.gif</texture>
		</control>
		
		<control type="group">
		<animation condition="ControlGroup(4444).HasFocus" effect="slide" start="0,0" end="0,-40" time="150">Conditional</animation>
		<control type="panel" id="5">
		<pagecontrol>60</pagecontrol>
		<posx>30</posx>
		<posy>5</posy>
		<width>2050</width>
		<height>1080</height>
		<onback>206</onback>
		<orientation>vertical</orientation>
		<scrolltime tween="sine" easing="inout">350</scrolltime>
		<itemlayout width="210" height="275">
		<control type="image">
		<posx>0</posx>
		<posy>0</posy>
		<width>200</width>
		<height>250</height>
		<texture fallback="special://skin/extras/fallbacks/NoActor.png">$INFO[ListItem.Thumb]</texture>
		</control>
		<control type="image">
		<visible>IsEmpty(ListItem.Thumb) | IsEmpty(ListItem.Art(fanart)</visible>
		<posx>0</posx>
		<posy>0</posy>
		<width>200</width>
		<height>250</height>
		<texture fallback="special://skin/extras/fallbacks/NoActor.png">$INFO[ListItem.Art(poster)]</texture>
		</control>
		<control type="image">
		<visible>IsEmpty(ListItem.Thumb) | IsEmpty(ListItem.Art(poster)</visible>
		<posx>0</posx>
		<posy>0</posy>
		<width>200</width>
		<height>250</height>
		<texture fallback="special://skin/extras/fallbacks/NoActor.png">$INFO[ListItem.Art(fanart)]</texture>
		</control>
		</itemlayout>
		<focusedlayout width="210" height="275">
		<control type="image">
		<posx>0</posx>
		<posy>0</posy>
		<width>200</width>
		<height>250</height>
		<texture fallback="special://skin/extras/fallbacks/NoActor.png">$INFO[ListItem.Thumb]</texture>
		</control>
		<control type="image">
		<visible>IsEmpty(ListItem.Thumb) | IsEmpty(ListItem.Art(fanart)</visible>
		<posx>0</posx>
		<posy>0</posy>
		<width>200</width>
		<height>250</height>
		<texture fallback="special://skin/extras/fallbacks/NoActor.png">$INFO[ListItem.Art(poster)]</texture>
		</control>
		<control type="image">
		<visible>IsEmpty(ListItem.Thumb) | IsEmpty(ListItem.Art(poster)</visible>
		<posx>0</posx>
		<posy>0</posy>
		<width>200</width>
		<height>250</height>
		<texture fallback="special://skin/extras/fallbacks/NoActor.png">$INFO[ListItem.Art(fanart)]</texture>
		</control>
		<control type="group">
		<visible>Control.HasFocus(5)</visible>
		<animation effect="zoom" center="auto" start="0,0" end="100,100" time="150">Focus</animation>
		<control type="image">
		<posx>0</posx>
		<posy>0</posy>
		<width>200</width>
		<height>250</height>
		<texture>black.png</texture>
		<colordiffuse>77000000</colordiffuse>
		</control>
		<control type="image">
		<posx>0</posx>
		<posy>0</posy>
		<width>200</width>
		<height>250</height>
		<texture>black.png</texture>
		<colordiffuse>77000000</colordiffuse>
		</control>
		<control type="textbox">
		<posx>0</posx>
		<posy>0</posy>
		<width>200</width>
		<height>80</height>
		<align>center</align>
		<label>$INFO[ListItem.Label]</label>
		</control>
		<control type="label">
		<posx>0</posx>
		<posy>80</posy>
		<width>200</width>
		<height>80</height>
		<align>center</align>
		<textcolor>gray</textcolor>
		<label>$INFO[ListItem.Genre]</label>
		</control>
		
		<control type="label">
		<posx>0</posx>
		<posy>125</posy>
		<width>200</width>
		<height>80</height>
		<align>center</align>
		<font>font-14</font>
		<label>[B]$INFO[ListItem.Year][/B]</label>
		</control>
		
		
		<control type="textbox">
		<posx>0</posx>
		<posy>170</posy>
		<width>200</width>
		<height>80</height>
		<align>center</align>
		<font>font-14</font>
		<autoscroll fade="2500" time="2500" repeat="2500"></autoscroll>
		<label>$INFO[ListItem.Plot]</label>
		</control>
		</control>
		</focusedlayout>
		<content sortby="dateadded" sortorder="descending">plugin://plugin.video.kids_new/?description=%d7%a1%d7%a8%d7%98%d7%99%d7%9d%20%d7%9e%d7%93%d7%95%d7%91%d7%91%d7%99%d7%9d&amp;fanart=https%3a%2f%2fmedia.timeout.com%2fimages%2f105586169%2fimage.jpg&amp;iconimage=https%3a%2f%2fmedia.timeout.com%2fimages%2f105586169%2fimage.jpg&amp;mode=13&amp;name=%d7%a1%d7%a8%d7%98%d7%99%d7%9d%20%d7%9e%d7%93%d7%95%d7%91%d7%91%d7%99%d7%9d%20(666)%20&amp;url=0&quot</content>
		</control>
		</control>


<control type="scrollbar" id="60">
<posx>0</posx>
<posy>0</posy>
<width>20</width>
<height>1080</height>
<ondown>PageDown</ondown>
<onup>PageUp</onup>
<onright>5</onright>
<onback>5</onback>
<texturesliderbackground>white.png</texturesliderbackground>
<texturesliderbar colordiffuse="deepskyblue">white.png</texturesliderbar>
<texturesliderbarfocus colordiffuse="gray">white.png</texturesliderbarfocus>
<textureslidernib colordiffuse="yellow">white.png</textureslidernib>
</control>

<control type="label">
<visible>Control.HasFocus(60)</visible>
<posx>-5</posx>
<posy>700</posy>
<width>600</width>
<height>200</height>
<angle>90</angle>
<font>font-14</font>
<label>[B]אתה במסך הגלילה נא לגלול או למטה או למעלה[/B]</label>
<textcolor>black</textcolor>
</control>


		<control type="group">
		<posx>100</posx>
		<posy>100</posy>
		<animation condition="System.IdleTime(2) + Control.HasFocus(5) + !IsEmpty(Container(5).ListItem.Plot + Skin.HasSetting(extendedinfo)" effect="zoom" center="auto" start="0,0" end="100,100" time="350">Conditional</animation>
		<visible>System.IdleTime(2) + Control.HasFocus(5) + !IsEmpty(Container(5).ListItem.Plot + Skin.HasSetting(extendedinfo)</visible>
		<control type="image">
		<posx>500</posx>
		<posy>250</posy>
		<width>800</width>
		<height>350</height>
		<texture border="40">special://skin/extras/common/roundedbutton-nofocus.png</texture>
		</control>
		<control type="textbox">
		<posx>600</posx>
		<posy>260</posy>
		<width>600</width>
		<height>100</height>
		<align>center</align>
		<font>font-21-newrecommnded</font>
		<label>$INFO[Container(5).ListItem.Label]</label>
		</control>
		
		<control type="label">
		<posx>600</posx>
		<posy>360</posy>
		<width>600</width>
		<height>100</height>
		<align>center</align>
		<font>font-21-newrecommnded</font>
		<textcolor>burlywood</textcolor>
		<label>[B]$INFO[Container(5).ListItem.Year][/B]</label>
		</control>
		<control type="textbox">
		<posx>585</posx>
		<posy>420</posy>
		<width>600</width>
		<height>155</height>
		<align>right</align>
		<autoscroll fade="2500" time="2500" repeat="2500"></autoscroll>
		<label>$INFO[Container(5).ListItem.Plot]</label>
		</control>
		</control>


<control type="grouplist" id="4444">
 <visible allowhiddenfocus="true">ControlGroup(4444).HasFocus</visible>
<posx>650</posx>
<posy>1048</posy>
<orientation>horizontal</orientation>
<width>1920</width>
<height>50</height>
<itemgap>85</itemgap>
			<control type="radiobutton" id="206">
				<description>Prefer RTL Skin</description>
				<width>280</width>
				<height>30</height>
				<font>font-14</font>
				<radioposx>230</radioposx>
				<textoffsety>0</textoffsety>
				<textwidth>320</textwidth>
				<onback>5</onback>
				<onup>5</onup>
				<focusedcolor>deepskyblue</focusedcolor>
				<texturefocus colordiffuse="red">white.png</texturefocus>
				<texturenofocus colordiffuse="black">white.png</texturenofocus>
				<label>הפעל או בטל מידע מורחב</label>
				<onclick>Skin.ToggleSetting(extendedinfo)</onclick>
				<selected>Skin.HasSetting(extendedinfo)</selected>
			</control>
			
			<control type="button" id="207">
			<width>200</width>
			<height>30</height>
			<label>יציאה מהחלון</label>
			<onclick>Dialog.Close(6804)</onclick>
			<font>font-14</font>
				<onback>5</onback>
				<onup>5</onup>
				<texturefocus colordiffuse="red">white.png</texturefocus>
				<texturenofocus colordiffuse="black">white.png</texturenofocus>
			</control>	
			
			</control>

</controls>
</window>
