<?xml version="1.0" encoding="UTF-8"?>
<!-- Foundation -->
<window id="6408" type="dialog">
    <defaultcontrol always="true">1256</defaultcontrol>


<controls>


<include>seriastvshowsmainmenu</include>

<!--name of the trakt list tvshowgeneral<-->

<control type="group">
<posy>-200</posy>
<include content="extramainscreentvshow">
<param name="extrastvhosid" value="1256"/>
<param name="sortby" value="dateadded"/>
<param name="sortorder" value="descending"/>
<param name="tvshownewcontent" value="plugin://plugin.audio.My.Music/?cat_level=%20&amp;count=0&amp;description=%5bB%5d%5bCOLOR%20burlywood%5d%20%d7%a9.%d7%a7%20%5b%2fCOLOR%5d%5b%2fB%5d&amp;fanart=https%3a%2f%2ffunender.com%2fwp-content%2fuploads%2f2017%2f11%2fTop-10-Box-Office-Weekend-Movies-Report-October-27-29-2017.jpg&amp;iconimage=http%3a%2f%2fngarba.xyz%2fadds%2fyos%2fphoto10.jpg&amp;index_depth=0&amp;lang=eng&amp;mode=5&amp;name=tvshow-newdesign-family-6408&amp;page&amp;selected_list=%20&amp;url=%d7%a1%d7%93%d7%a8%d7%95%d7%aatvshow-newdesigntvshow-newdesign-family-6408&quot"/>
</include>

<include content="extrasshowsessionone">
<param name="extrasshowsessiononeid" value="500"/>
<param name="tvshowextrasname" value="נסיכת הזמן"/>
<param name="seessinonenumber" value="עונה 1"/>
<param name="sessiononclick" value="ActivateWindow(10025,&quot;plugin://plugin.video.mando/?all_w=%7b%7d&amp;data=2018&amp;dates=%20&amp;description=%5bCOLOR%20aqua%5d%20%d7%a9%d7%95%d7%93%d7%a8%20%d7%91%d7%aa%d7%90%d7%a8%d7%99%d7%9a%2020-07-2018%5b%2fCOLOR%5d%0aWhen%20Lena%20Grisky%2c%20a%20Russian%20Princess%20and%20student%20at%20the%20Paris%20Opera%20Ballet%20School%20accidentally%20time%20travels%20to%20present%20day%2c%20she%20must%20quickly%20adapt%20if%20she%20hopes%20to%20keep%20her%20secret%20and%20hide%20from%20the%20dangerous%20Time%20Collectors.&amp;eng_name=%20&amp;episode=%20&amp;fanart=https%3a%2f%2fimage.tmdb.org%2ft%2fp%2foriginal%2f%2fwz0MnLWZmUOdVwMFJgAQeLqU2US.jpg&amp;fav_status=false&amp;heb_name=%d7%a0%d7%a1%d7%99%d7%9b%d7%aa%20%d7%94%d7%96%d7%9e%d7%9f&amp;iconimage=https%3a%2f%2fimage.tmdb.org%2ft%2fp%2foriginal%2f%2fuOTYMzTlXFbWDZCxxc0vX9CvBsl.jpg&amp;id=82199&amp;image_master&amp;isr=0&amp;last_id&amp;mode=19&amp;name=%5bCOLOR%20white%5d%d7%a2%d7%95%d7%a0%d7%94%201%5b%2fCOLOR%5d&amp;original_title=Find%20Me%20in%20Paris&amp;season=1&amp;show_original_year=2018&amp;tmdbid=345183&amp;url=https%3a%2f%2fapi.themoviedb.org%2f3%2ftv%2f82199%3fapi_key%3d34142515d9d23817496eeb4ff1d223d0%26language%3den%26append_to_response%3dexternal_ids&amp;video_data=%7b%22rating%22%3a%20%220%22%2c%20%22episode%22%3a%200%2c%20%22title%22%3a%20%22%5bCOLOR%20white%5d%5cu05e2%5cu05d5%5cu05e0%5cu05d4%201%5b%2fCOLOR%5d%22%2c%20%22season%22%3a%200%2c%20%22TVshowtitle%22%3a%20%22%22%2c%20%22mediatype%22%3a%20%22movie%22%2c%20%22plot%22%3a%20%22%5bCOLOR%20aqua%5d%20%5cu05e9%5cu05d5%5cu05d3%5cu05e8%20%5cu05d1%5cu05ea%5cu05d0%5cu05e8%5cu05d9%5cu05da%2020-07-2018%5b%2fCOLOR%5d%5cnWhen%20Lena%20Grisky%2c%20a%20Russian%20Princess%20and%20student%20at%20the%20Paris%20Opera%20Ballet%20School%20accidentally%20time%20travels%20to%20present%20day%2c%20she%20must%20quickly%20adapt%20if%20she%20hopes%20to%20keep%20her%20secret%20and%20hide%20from%20the%20dangerous%20Time%20Collectors.%22%2c%20%22OriginalTitle%22%3a%20%22Find%20Me%20in%20Paris%22%2c%20%22Tag%22%3a%20%2216%22%2c%20%22year%22%3a%20%222018%22%7d&quot;,return)"/>
<param name="seessinonenumbertwo" value="עונה 2"/>
<param name="sessiononclickdtwo" value="ActivateWindow(10025,&quot;plugin://plugin.video.mando/?all_w=%7b%7d&amp;data=2019&amp;dates=%20&amp;description=%5bCOLOR%20aqua%5d%20%d7%a9%d7%95%d7%93%d7%a8%20%d7%91%d7%aa%d7%90%d7%a8%d7%99%d7%9a%2016-08-2019%5b%2fCOLOR%5d%0aWhen%20Lena%20Grisky%2c%20a%20Russian%20Princess%20and%20student%20at%20the%20Paris%20Opera%20Ballet%20School%20accidentally%20time%20travels%20to%20present%20day%2c%20she%20must%20quickly%20adapt%20if%20she%20hopes%20to%20keep%20her%20secret%20and%20hide%20from%20the%20dangerous%20Time%20Collectors.&amp;eng_name=%20&amp;episode=%20&amp;fanart=https%3a%2f%2fimage.tmdb.org%2ft%2fp%2foriginal%2f%2fwz0MnLWZmUOdVwMFJgAQeLqU2US.jpg&amp;fav_status=false&amp;heb_name=%d7%a0%d7%a1%d7%99%d7%9b%d7%aa%20%d7%94%d7%96%d7%9e%d7%9f&amp;iconimage=https%3a%2f%2fimage.tmdb.org%2ft%2fp%2foriginal%2f%2frwHu55AHnA9PoKSyLVyGbbiJNoV.jpg&amp;id=82199&amp;image_master&amp;isr=0&amp;last_id&amp;mode=19&amp;name=%5bCOLOR%20white%5d%d7%a2%d7%95%d7%a0%d7%94%202%5b%2fCOLOR%5d&amp;original_title=Find%20Me%20in%20Paris&amp;season=2&amp;show_original_year=2018&amp;tmdbid=345183&amp;url=https%3a%2f%2fapi.themoviedb.org%2f3%2ftv%2f82199%3fapi_key%3d34142515d9d23817496eeb4ff1d223d0%26language%3den%26append_to_response%3dexternal_ids&amp;video_data=%7b%22rating%22%3a%20%220%22%2c%20%22episode%22%3a%200%2c%20%22title%22%3a%20%22%5bCOLOR%20white%5d%5cu05e2%5cu05d5%5cu05e0%5cu05d4%202%5b%2fCOLOR%5d%22%2c%20%22season%22%3a%200%2c%20%22TVshowtitle%22%3a%20%22%22%2c%20%22mediatype%22%3a%20%22movie%22%2c%20%22plot%22%3a%20%22%5bCOLOR%20aqua%5d%20%5cu05e9%5cu05d5%5cu05d3%5cu05e8%20%5cu05d1%5cu05ea%5cu05d0%5cu05e8%5cu05d9%5cu05da%2016-08-2019%5b%2fCOLOR%5d%5cnWhen%20Lena%20Grisky%2c%20a%20Russian%20Princess%20and%20student%20at%20the%20Paris%20Opera%20Ballet%20School%20accidentally%20time%20travels%20to%20present%20day%2c%20she%20must%20quickly%20adapt%20if%20she%20hopes%20to%20keep%20her%20secret%20and%20hide%20from%20the%20dangerous%20Time%20Collectors.%22%2c%20%22OriginalTitle%22%3a%20%22Find%20Me%20in%20Paris%22%2c%20%22Tag%22%3a%20%2216%22%2c%20%22year%22%3a%20%222019%22%7d&quot;,return)"/>
<param name="seessinonenumberthree" value="עונה 3"/>
<param name="sessiononclickdthree" value="ActivateWindow(10025,&quot;plugin://plugin.video.mando/?all_w=%7b%7d&amp;data=2020&amp;dates=%20&amp;description=%5bCOLOR%20aqua%5d%20%d7%a9%d7%95%d7%93%d7%a8%20%d7%91%d7%aa%d7%90%d7%a8%d7%99%d7%9a%2021-08-2020%5b%2fCOLOR%5d%0aWhen%20Lena%20Grisky%2c%20a%20Russian%20Princess%20and%20student%20at%20the%20Paris%20Opera%20Ballet%20School%20accidentally%20time%20travels%20to%20present%20day%2c%20she%20must%20quickly%20adapt%20if%20she%20hopes%20to%20keep%20her%20secret%20and%20hide%20from%20the%20dangerous%20Time%20Collectors.&amp;eng_name=%20&amp;episode=%20&amp;fanart=https%3a%2f%2fimage.tmdb.org%2ft%2fp%2foriginal%2f%2fwz0MnLWZmUOdVwMFJgAQeLqU2US.jpg&amp;fav_status=false&amp;heb_name=%d7%a0%d7%a1%d7%99%d7%9b%d7%aa%20%d7%94%d7%96%d7%9e%d7%9f&amp;iconimage=https%3a%2f%2fimage.tmdb.org%2ft%2fp%2foriginal%2f%2fhUkHdjTcmBBnIK04HUt1Lmz5VJQ.jpg&amp;id=82199&amp;image_master&amp;isr=0&amp;last_id&amp;mode=19&amp;name=%5bCOLOR%20white%5d%d7%a2%d7%95%d7%a0%d7%94%203%5b%2fCOLOR%5d&amp;original_title=Find%20Me%20in%20Paris&amp;season=3&amp;show_original_year=2018&amp;tmdbid=345183&amp;url=https%3a%2f%2fapi.themoviedb.org%2f3%2ftv%2f82199%3fapi_key%3d34142515d9d23817496eeb4ff1d223d0%26language%3den%26append_to_response%3dexternal_ids&amp;video_data=%7b%22rating%22%3a%20%220%22%2c%20%22episode%22%3a%200%2c%20%22title%22%3a%20%22%5bCOLOR%20white%5d%5cu05e2%5cu05d5%5cu05e0%5cu05d4%203%5b%2fCOLOR%5d%22%2c%20%22season%22%3a%200%2c%20%22TVshowtitle%22%3a%20%22%22%2c%20%22mediatype%22%3a%20%22movie%22%2c%20%22plot%22%3a%20%22%5bCOLOR%20aqua%5d%20%5cu05e9%5cu05d5%5cu05d3%5cu05e8%20%5cu05d1%5cu05ea%5cu05d0%5cu05e8%5cu05d9%5cu05da%2021-08-2020%5b%2fCOLOR%5d%5cnWhen%20Lena%20Grisky%2c%20a%20Russian%20Princess%20and%20student%20at%20the%20Paris%20Opera%20Ballet%20School%20accidentally%20time%20travels%20to%20present%20day%2c%20she%20must%20quickly%20adapt%20if%20she%20hopes%20to%20keep%20her%20secret%20and%20hide%20from%20the%20dangerous%20Time%20Collectors.%22%2c%20%22OriginalTitle%22%3a%20%22Find%20Me%20in%20Paris%22%2c%20%22Tag%22%3a%20%2216%22%2c%20%22year%22%3a%20%222020%22%7d&quot;,return)"/>
<param name="seessinonenumberfour" value="[COLOR gray]אין[/COLOR]"/>
<param name="seessinonenumberfive" value="[COLOR gray]אין[/COLOR]"/>
<param name="seessinonenumbersix" value="[COLOR gray]אין[/COLOR]"/>
<param name="seessinonenumberseven" value="[COLOR gray]אין[/COLOR]"/>
<param name="seessinonenumbereight" value="[COLOR gray]אין[/COLOR]"/>
<param name="seessinonenumbernine" value="[COLOR gray]אין[/COLOR]"/>
<param name="seessinonenumberten" value="[COLOR gray]אין[/COLOR]"/>
</include>

<!--
<include content="extrasshowsessionone">
<param name="extrasshowsessiononeid" value="500"/>
<param name="tvshowextrasname" value="סטאמפטאון"/>
<param name="seessinonenumber" value="עונה 1"/>
<param name="dialogclose" value="Dialog.Close(6302)"/>
<param name="sessiononclick" value=""/>
<param name="seessinonenumbertwo" value="[COLOR gray]אין[/COLOR]"/>
<param name="seessinonenumberthree" value="[COLOR gray]אין[/COLOR]"/>
<param name="seessinonenumberfour" value="[COLOR gray]אין[/COLOR]"/>
<param name="seessinonenumberfive" value="[COLOR gray]אין[/COLOR]"/>
<param name="seessinonenumbersix" value="[COLOR gray]אין[/COLOR]"/>
<param name="seessinonenumberseven" value="[COLOR gray]אין[/COLOR]"/>
<param name="seessinonenumbereight" value="[COLOR gray]אין[/COLOR]"/>
<param name="seessinonenumbernine" value="[COLOR gray]אין[/COLOR]"/>
<param name="seessinonenumberten" value="[COLOR gray]אין[/COLOR]"/>
</include>
-->


<!--
<include content="extrasshowsessionone">
<param name="extrasshowsessiononeid" value="505"/>
<param name="tvshowextrasname" value="הוואי חמש אפס"/>
<param name="seessinonenumber" value="עונה 1"/>
<param name="sessiononclick" value=""/>
<param name="seessinonenumbertwo" value="עונה 2"/>
<param name="sessiononclickdtwo" value=""/>
<param name="seessinonenumberthree" value="עונה 3"/>
<param name="sessiononclickdthree" value=""/>
<param name="seessinonenumberfour" value="עונה 4"/>
<param name="sessiononclickdfour" value=""/>
<param name="seessinonenumberfive" value="עונה 5"/>
<param name="sessiononclickdfive" value=""/>
<param name="seessinonenumbersix" value="עונה 6"/>
<param name="sessiononclickdsix" value=""/>
<param name="seessinonenumberseven" value="עונה 7"/>
<param name="sessiononclickdseven" value=""/>
<param name="seessinonenumbereight" value="עונה 8"/>
<param name="sessiononclickdeight" value=""/>
<param name="seessinonenumbernine" value="עונה 9"/>
<param name="sessiononclickdnine" value=""/>
<param name="seessinonenumberten" value="עונה 10"/>
<param name="sessiononclickdten" value=""/>
</include> -->

<!-- 
<param name="seessinonenumbertwo" value="[COLOR gray]אין[/COLOR]"/>
<param name="seessinonenumberthree" value="[COLOR gray]אין[/COLOR]"/>
<param name="seessinonenumberfour" value="[COLOR gray]אין[/COLOR]"/>
<param name="seessinonenumberfive" value="[COLOR gray]אין[/COLOR]"/>
<param name="seessinonenumbersix" value="[COLOR gray]אין[/COLOR]"/>
<param name="seessinonenumberseven" value="[COLOR gray]אין[/COLOR]"/>
<param name="seessinonenumbereight" value="[COLOR gray]אין[/COLOR]"/>
<param name="seessinonenumbernine" value="[COLOR gray]אין[/COLOR]"/>
<param name="seessinonenumberten" value="[COLOR gray]אין[/COLOR]"/>

-->

</control>
</controls>
</window>
