<?xml version="1.0" encoding="UTF-8"?>
<!-- Foundation -->
<window id="6710" type="dialog">
<defaultcontrol always="true">337</defaultcontrol>

<controls>




<include content="moviesmainscreen">
<param name="stringid" value="2178"/>
<param name="menuid" value="337"/>
<param name="listposy" value="345"/>
<param name="moviesitemnumberfocus" value="1"/>
<param name="sortby" value="dateadded"/> 
<param name="sortorder" value="descending"/>
<param name="moviescontennt" value="plugin://plugin.video.thecrew/?action=movies&amp;url=https%3a%2f%2fapi.trakt.tv%2fusers%2fme%2flists%2fmymovies1%2fitems&quot"/>
</include>

<include content="moviesmainscreen">
<param name="stringid" value="2179"/>
<param name="menuid" value="337"/>
<param name="listposy" value="345"/>
<param name="moviesitemnumberfocus" value="2"/>
<param name="sortby" value="dateadded"/> 
<param name="sortorder" value="descending"/>
<param name="moviescontennt" value="plugin://plugin.video.thecrew/?action=movies&amp;url=https%3a%2f%2fapi.trakt.tv%2fusers%2fme%2flists%2fmymovies2%2fitems&quot"/>
</include>

<include content="moviesmainscreen">
<param name="stringid" value="2180"/>
<param name="menuid" value="337"/>
<param name="listposy" value="345"/>
<param name="moviesitemnumberfocus" value="3"/>
<param name="sortby" value="dateadded"/> 
<param name="sortorder" value="descending"/>
<param name="moviescontennt" value="plugin://plugin.video.thecrew/?action=movies&amp;url=https%3a%2f%2fapi.trakt.tv%2fusers%2fme%2flists%2fmymovies3%2fitems&quot"/>
</include>

<include content="moviesmainscreen">
<param name="stringid" value="2181"/>
<param name="menuid" value="337"/>
<param name="listposy" value="345"/>
<param name="moviesitemnumberfocus" value="4"/>
<param name="sortby" value="dateadded"/> 
<param name="sortorder" value="descending"/>
<param name="moviescontennt" value="plugin://plugin.video.thecrew/?action=movies&amp;url=https%3a%2f%2fapi.trakt.tv%2fusers%2fme%2flists%2fmovies6%2fitems&quot"/>
</include>

<include content="moviesmainscreen">
<param name="stringid" value="2182"/>
<param name="menuid" value="337"/>
<param name="listposy" value="345"/>
<param name="moviesitemnumberfocus" value="5"/>
<param name="sortby" value="dateadded"/> 
<param name="sortorder" value="descending"/>
<param name="moviescontennt" value="plugin://plugin.video.thecrew/?action=movies&amp;url=https%3a%2f%2fapi.trakt.tv%2fusers%2fme%2flists%2fmovies7%2fitems&quot"/>
</include>
<include content="moviesmainscreen">
<param name="stringid" value="2183"/>
<param name="menuid" value="337"/>
<param name="listposy" value="345"/>
<param name="moviesitemnumberfocus" value="6"/>
<param name="sortby" value="dateadded"/> 
<param name="sortorder" value="descending"/>
<param name="moviescontennt" value="plugin://plugin.video.thecrew/?action=movies&amp;url=https%3a%2f%2fapi.trakt.tv%2fusers%2fme%2flists%2fmovies8%2fitems&quot"/>
</include>
<control type="group">
<posy>-400</posy>
<include>mainmenumovies</include>
</control>

</controls>
</window>
