<?xml version="1.0" encoding="UTF-8"?>
<!-- Foundation -->
<window id="6402" type="dialog">
    <defaultcontrol always="true">1256</defaultcontrol>


<controls>

<control type="image">
<posx>0</posx>
<posy>0</posy>
<width>1920</width>
<height>1080</height>
<texture>special://skin/extras/specialbuttons/background.jpg</texture>
</control>

<control type="image">
<posx>550</posx>
<posy>20</posy>
<width>800</width>
<height>200</height>
<texture>special://skin/extras/circles/designedbyghost.png</texture>
</control>

<include content="basedbuttonstvshow">
<param name="dialogcliseid" value="6402"/>
<param name="opengenrewindow" value="ActivateWindow(10025,&quot;plugin://plugin.video.sdarot.tv/genre/5/0&quot;,return)"/>
</include>


<control type="group">
<posy>100</posy>
<include content="tvshowpowersmainscreen">
<param name="tvshowid" value="1256"/>
<param name="listitemnumber" value="1"/>
<param name="tvshowcontent" value="plugin://plugin.audio.My.Music/?cat_level=%20&amp;count=0&amp;description=%5bB%5d%5bCOLOR%20burlywood%5d%20%d7%a9.%d7%a7%20%5b%2fCOLOR%5d%5b%2fB%5d&amp;fanart=https%3a%2f%2ffunender.com%2fwp-content%2fuploads%2f2017%2f11%2fTop-10-Box-Office-Weekend-Movies-Report-October-27-29-2017.jpg&amp;iconimage=http%3a%2f%2fngarba.xyz%2fadds%2fyos%2fphoto10.jpg&amp;index_depth=0&amp;lang=eng&amp;mode=5&amp;name=tvshow-newdesign-cifi&amp;page&amp;selected_list=%20&amp;url=%d7%a1%d7%93%d7%a8%d7%95%d7%aatvshow-newdesigntvshow-newdesign-cifi&quot"/>
</include>


<include content="firstsession">
<param name="firstsissonid" value="500"/>
<param name="tvshowlabelname" value="איך לגדל גיבור-על"/>
<param name="firstsissonidcontent" value="plugin://plugin.video.mando/?all_w=%7b%7d&amp;data=2019&amp;dates=%20&amp;description=%5bCOLOR%20aqua%5d%20%d7%a9%d7%95%d7%93%d7%a8%20%d7%91%d7%aa%d7%90%d7%a8%d7%99%d7%9a%2004-10-2019%5b%2fCOLOR%5d%0aA%20widowed%20mom%20sets%20out%20to%20solve%20the%20mystery%20surrounding%20her%20young%20son%27s%20emerging%20superpowers%20while%20keeping%20his%20extraordinary%20gifts%20under%20wraps.&amp;eng_name=%20&amp;episode=%20&amp;fanart=https%3a%2f%2fimage.tmdb.org%2ft%2fp%2foriginal%2f%2ffVc8V31Kk1wAyorbg5BrzVSNNiv.jpg&amp;fav_status=false&amp;heb_name=%d7%90%d7%99%d7%9a%20%d7%9c%d7%92%d7%93%d7%9c%20%d7%92%d7%99%d7%91%d7%95%d7%a8-%d7%a2%d7%9c&amp;iconimage=https%3a%2f%2fimage.tmdb.org%2ft%2fp%2foriginal%2f%2fy7M6iDITn5Ubk1gSQGC3ywBcqx0.jpg&amp;id=93392&amp;image_master&amp;isr=0&amp;last_id&amp;mode=19&amp;name=%5bCOLOR%20white%5d%d7%a2%d7%95%d7%a0%d7%94%201%5b%2fCOLOR%5d&amp;original_title=Raising%20Dion&amp;season=1&amp;show_original_year=2019&amp;tmdbid=335985&amp;url=https%3a%2f%2fapi.themoviedb.org%2f3%2ftv%2f93392%3fapi_key%3d34142515d9d23817496eeb4ff1d223d0%26language%3den%26append_to_response%3dexternal_ids&amp;video_data=%7b%22rating%22%3a%20%220%22%2c%20%22episode%22%3a%200%2c%20%22title%22%3a%20%22%5bCOLOR%20white%5d%5cu05e2%5cu05d5%5cu05e0%5cu05d4%201%5b%2fCOLOR%5d%22%2c%20%22season%22%3a%200%2c%20%22TVshowtitle%22%3a%20%22%22%2c%20%22mediatype%22%3a%20%22movie%22%2c%20%22plot%22%3a%20%22%5bCOLOR%20aqua%5d%20%5cu05e9%5cu05d5%5cu05d3%5cu05e8%20%5cu05d1%5cu05ea%5cu05d0%5cu05e8%5cu05d9%5cu05da%2004-10-2019%5b%2fCOLOR%5d%5cnA%20widowed%20mom%20sets%20out%20to%20solve%20the%20mystery%20surrounding%20her%20young%20son%27s%20emerging%20superpowers%20while%20keeping%20his%20extraordinary%20gifts%20under%20wraps.%22%2c%20%22OriginalTitle%22%3a%20%22Raising%20Dion%22%2c%20%22Tag%22%3a%20%2216%22%2c%20%22year%22%3a%20%222019%22%7d&quot"/>
</include>


<include content="firstsession">
<param name="firstsissonid" value="501"/>
<param name="tvshowlabelname" value="המאה"/>
<param name="firstsissonidcontent" value="plugin://plugin.video.mando/?all_w=%7b%7d&amp;data=2014&amp;dates=%20&amp;description=%5bCOLOR%20aqua%5d%20%d7%a9%d7%95%d7%93%d7%a8%20%d7%91%d7%aa%d7%90%d7%a8%d7%99%d7%9a%2019-03-2014%5b%2fCOLOR%5d%0a100%20years%20in%20the%20future%2c%20when%20the%20Earth%20has%20been%20abandoned%20due%20to%20radioactivity%2c%20the%20last%20surviving%20humans%20live%20on%20an%20ark%20orbiting%20the%20planet%20%e2%80%94%20but%20the%20ark%20won%27t%20last%20forever.%20So%20the%20repressive%20regime%20picks%20100%20expendable%20juvenile%20delinquents%20to%20send%20down%20to%20Earth%20to%20see%20if%20the%20planet%20is%20still%20habitable.&amp;eng_name=%20&amp;episode=%20&amp;fanart=https%3a%2f%2fimage.tmdb.org%2ft%2fp%2foriginal%2f%2fhTExot1sfn7dHZjGrk0Aiwpntxt.jpg&amp;fav_status=false&amp;heb_name=%d7%94%d7%9e%d7%90%d7%94&amp;iconimage=https%3a%2f%2fimage.tmdb.org%2ft%2fp%2foriginal%2f%2fjAsSkxSGEjeEEHL3KiWXr3NwyPG.jpg&amp;id=48866&amp;image_master&amp;isr=0&amp;last_id&amp;mode=19&amp;name=%5bCOLOR%20white%5d%d7%a2%d7%95%d7%a0%d7%94%201%5b%2fCOLOR%5d&amp;original_title=The%20100&amp;season=1&amp;show_original_year=2014&amp;tmdbid=268592&amp;url=https%3a%2f%2fapi.themoviedb.org%2f3%2ftv%2f48866%3fapi_key%3d34142515d9d23817496eeb4ff1d223d0%26language%3den%26append_to_response%3dexternal_ids&amp;video_data=%7b%22rating%22%3a%20%220%22%2c%20%22episode%22%3a%200%2c%20%22title%22%3a%20%22%5bCOLOR%20white%5d%5cu05e2%5cu05d5%5cu05e0%5cu05d4%201%5b%2fCOLOR%5d%22%2c%20%22season%22%3a%200%2c%20%22TVshowtitle%22%3a%20%22%22%2c%20%22mediatype%22%3a%20%22movie%22%2c%20%22plot%22%3a%20%22%5bCOLOR%20aqua%5d%20%5cu05e9%5cu05d5%5cu05d3%5cu05e8%20%5cu05d1%5cu05ea%5cu05d0%5cu05e8%5cu05d9%5cu05da%2019-03-2014%5b%2fCOLOR%5d%5cn100%20years%20in%20the%20future%2c%20when%20the%20Earth%20has%20been%20abandoned%20due%20to%20radioactivity%2c%20the%20last%20surviving%20humans%20live%20on%20an%20ark%20orbiting%20the%20planet%20%5cu2014%20but%20the%20ark%20won%27t%20last%20forever.%20So%20the%20repressive%20regime%20picks%20100%20expendable%20juvenile%20delinquents%20to%20send%20down%20to%20Earth%20to%20see%20if%20the%20planet%20is%20still%20habitable.%22%2c%20%22OriginalTitle%22%3a%20%22The%20100%22%2c%20%22Tag%22%3a%20%2216%22%2c%20%22year%22%3a%20%222014%22%7d&quot"/>
</include>
<include content="tvshowseesiontwo">
<param name="seesiontwoid" value="502"/>
<param name="tvshowlabelname" value="המאה"/>
<param name="seesiontwoidcontent" value="plugin://plugin.video.mando/?all_w=%7b%7d&amp;data=2014&amp;dates=%20&amp;description=%5bCOLOR%20aqua%5d%20%d7%a9%d7%95%d7%93%d7%a8%20%d7%91%d7%aa%d7%90%d7%a8%d7%99%d7%9a%2022-10-2014%5b%2fCOLOR%5d%0a100%20years%20in%20the%20future%2c%20when%20the%20Earth%20has%20been%20abandoned%20due%20to%20radioactivity%2c%20the%20last%20surviving%20humans%20live%20on%20an%20ark%20orbiting%20the%20planet%20%e2%80%94%20but%20the%20ark%20won%27t%20last%20forever.%20So%20the%20repressive%20regime%20picks%20100%20expendable%20juvenile%20delinquents%20to%20send%20down%20to%20Earth%20to%20see%20if%20the%20planet%20is%20still%20habitable.&amp;eng_name=%20&amp;episode=%20&amp;fanart=https%3a%2f%2fimage.tmdb.org%2ft%2fp%2foriginal%2f%2fhTExot1sfn7dHZjGrk0Aiwpntxt.jpg&amp;fav_status=false&amp;heb_name=%d7%94%d7%9e%d7%90%d7%94&amp;iconimage=https%3a%2f%2fimage.tmdb.org%2ft%2fp%2foriginal%2f%2f4ngujsHppz4Imxh7qf9NQIIMlLY.jpg&amp;id=48866&amp;image_master&amp;isr=0&amp;last_id&amp;mode=19&amp;name=%5bCOLOR%20white%5d%d7%a2%d7%95%d7%a0%d7%94%202%5b%2fCOLOR%5d&amp;original_title=The%20100&amp;season=2&amp;show_original_year=2014&amp;tmdbid=268592&amp;url=https%3a%2f%2fapi.themoviedb.org%2f3%2ftv%2f48866%3fapi_key%3d34142515d9d23817496eeb4ff1d223d0%26language%3den%26append_to_response%3dexternal_ids&amp;video_data=%7b%22rating%22%3a%20%220%22%2c%20%22episode%22%3a%200%2c%20%22title%22%3a%20%22%5bCOLOR%20white%5d%5cu05e2%5cu05d5%5cu05e0%5cu05d4%202%5b%2fCOLOR%5d%22%2c%20%22season%22%3a%200%2c%20%22TVshowtitle%22%3a%20%22%22%2c%20%22mediatype%22%3a%20%22movie%22%2c%20%22plot%22%3a%20%22%5bCOLOR%20aqua%5d%20%5cu05e9%5cu05d5%5cu05d3%5cu05e8%20%5cu05d1%5cu05ea%5cu05d0%5cu05e8%5cu05d9%5cu05da%2022-10-2014%5b%2fCOLOR%5d%5cn100%20years%20in%20the%20future%2c%20when%20the%20Earth%20has%20been%20abandoned%20due%20to%20radioactivity%2c%20the%20last%20surviving%20humans%20live%20on%20an%20ark%20orbiting%20the%20planet%20%5cu2014%20but%20the%20ark%20won%27t%20last%20forever.%20So%20the%20repressive%20regime%20picks%20100%20expendable%20juvenile%20delinquents%20to%20send%20down%20to%20Earth%20to%20see%20if%20the%20planet%20is%20still%20habitable.%22%2c%20%22OriginalTitle%22%3a%20%22The%20100%22%2c%20%22Tag%22%3a%20%2216%22%2c%20%22year%22%3a%20%222014%22%7d&quot"/>
</include>
<include content="tvshowseesionthree">
<param name="seesionthreeid" value="503"/>
<param name="tvshowlabelname" value="המאה"/>
<param name="seesionthreeidcontent" value="plugin://plugin.video.mando/?all_w=%7b%7d&amp;data=2016&amp;dates=%20&amp;description=%5bCOLOR%20aqua%5d%20%d7%a9%d7%95%d7%93%d7%a8%20%d7%91%d7%aa%d7%90%d7%a8%d7%99%d7%9a%2021-01-2016%5b%2fCOLOR%5d%0a100%20years%20in%20the%20future%2c%20when%20the%20Earth%20has%20been%20abandoned%20due%20to%20radioactivity%2c%20the%20last%20surviving%20humans%20live%20on%20an%20ark%20orbiting%20the%20planet%20%e2%80%94%20but%20the%20ark%20won%27t%20last%20forever.%20So%20the%20repressive%20regime%20picks%20100%20expendable%20juvenile%20delinquents%20to%20send%20down%20to%20Earth%20to%20see%20if%20the%20planet%20is%20still%20habitable.&amp;eng_name=%20&amp;episode=%20&amp;fanart=https%3a%2f%2fimage.tmdb.org%2ft%2fp%2foriginal%2f%2fhTExot1sfn7dHZjGrk0Aiwpntxt.jpg&amp;fav_status=false&amp;heb_name=%d7%94%d7%9e%d7%90%d7%94&amp;iconimage=https%3a%2f%2fimage.tmdb.org%2ft%2fp%2foriginal%2f%2fayebqASxTXVSo9Qoug6M5YowZS0.jpg&amp;id=48866&amp;image_master&amp;isr=0&amp;last_id&amp;mode=19&amp;name=%5bCOLOR%20white%5d%d7%a2%d7%95%d7%a0%d7%94%203%5b%2fCOLOR%5d&amp;original_title=The%20100&amp;season=3&amp;show_original_year=2014&amp;tmdbid=268592&amp;url=https%3a%2f%2fapi.themoviedb.org%2f3%2ftv%2f48866%3fapi_key%3d34142515d9d23817496eeb4ff1d223d0%26language%3den%26append_to_response%3dexternal_ids&amp;video_data=%7b%22rating%22%3a%20%220%22%2c%20%22episode%22%3a%200%2c%20%22title%22%3a%20%22%5bCOLOR%20white%5d%5cu05e2%5cu05d5%5cu05e0%5cu05d4%203%5b%2fCOLOR%5d%22%2c%20%22season%22%3a%200%2c%20%22TVshowtitle%22%3a%20%22%22%2c%20%22mediatype%22%3a%20%22movie%22%2c%20%22plot%22%3a%20%22%5bCOLOR%20aqua%5d%20%5cu05e9%5cu05d5%5cu05d3%5cu05e8%20%5cu05d1%5cu05ea%5cu05d0%5cu05e8%5cu05d9%5cu05da%2021-01-2016%5b%2fCOLOR%5d%5cn100%20years%20in%20the%20future%2c%20when%20the%20Earth%20has%20been%20abandoned%20due%20to%20radioactivity%2c%20the%20last%20surviving%20humans%20live%20on%20an%20ark%20orbiting%20the%20planet%20%5cu2014%20but%20the%20ark%20won%27t%20last%20forever.%20So%20the%20repressive%20regime%20picks%20100%20expendable%20juvenile%20delinquents%20to%20send%20down%20to%20Earth%20to%20see%20if%20the%20planet%20is%20still%20habitable.%22%2c%20%22OriginalTitle%22%3a%20%22The%20100%22%2c%20%22Tag%22%3a%20%2216%22%2c%20%22year%22%3a%20%222016%22%7d&quot"/>
</include>
<include content="tvshowseesionfour">
<param name="seesionfourid" value="504"/>
<param name="tvshowlabelname" value="המאה"/>
<param name="seesionfouridcontent" value="plugin://plugin.video.mando/?all_w=%7b%7d&amp;data=2017&amp;dates=%20&amp;description=%5bCOLOR%20aqua%5d%20%d7%a9%d7%95%d7%93%d7%a8%20%d7%91%d7%aa%d7%90%d7%a8%d7%99%d7%9a%2001-02-2017%5b%2fCOLOR%5d%0a100%20years%20in%20the%20future%2c%20when%20the%20Earth%20has%20been%20abandoned%20due%20to%20radioactivity%2c%20the%20last%20surviving%20humans%20live%20on%20an%20ark%20orbiting%20the%20planet%20%e2%80%94%20but%20the%20ark%20won%27t%20last%20forever.%20So%20the%20repressive%20regime%20picks%20100%20expendable%20juvenile%20delinquents%20to%20send%20down%20to%20Earth%20to%20see%20if%20the%20planet%20is%20still%20habitable.&amp;eng_name=%20&amp;episode=%20&amp;fanart=https%3a%2f%2fimage.tmdb.org%2ft%2fp%2foriginal%2f%2fhTExot1sfn7dHZjGrk0Aiwpntxt.jpg&amp;fav_status=false&amp;heb_name=%d7%94%d7%9e%d7%90%d7%94&amp;iconimage=https%3a%2f%2fimage.tmdb.org%2ft%2fp%2foriginal%2f%2fxooTPiS6PYiyNNiR43yLzBS3Jzf.jpg&amp;id=48866&amp;image_master&amp;isr=0&amp;last_id&amp;mode=19&amp;name=%5bCOLOR%20white%5d%d7%a2%d7%95%d7%a0%d7%94%204%5b%2fCOLOR%5d&amp;original_title=The%20100&amp;season=4&amp;show_original_year=2014&amp;tmdbid=268592&amp;url=https%3a%2f%2fapi.themoviedb.org%2f3%2ftv%2f48866%3fapi_key%3d34142515d9d23817496eeb4ff1d223d0%26language%3den%26append_to_response%3dexternal_ids&amp;video_data=%7b%22rating%22%3a%20%220%22%2c%20%22episode%22%3a%200%2c%20%22title%22%3a%20%22%5bCOLOR%20white%5d%5cu05e2%5cu05d5%5cu05e0%5cu05d4%204%5b%2fCOLOR%5d%22%2c%20%22season%22%3a%200%2c%20%22TVshowtitle%22%3a%20%22%22%2c%20%22mediatype%22%3a%20%22movie%22%2c%20%22plot%22%3a%20%22%5bCOLOR%20aqua%5d%20%5cu05e9%5cu05d5%5cu05d3%5cu05e8%20%5cu05d1%5cu05ea%5cu05d0%5cu05e8%5cu05d9%5cu05da%2001-02-2017%5b%2fCOLOR%5d%5cn100%20years%20in%20the%20future%2c%20when%20the%20Earth%20has%20been%20abandoned%20due%20to%20radioactivity%2c%20the%20last%20surviving%20humans%20live%20on%20an%20ark%20orbiting%20the%20planet%20%5cu2014%20but%20the%20ark%20won%27t%20last%20forever.%20So%20the%20repressive%20regime%20picks%20100%20expendable%20juvenile%20delinquents%20to%20send%20down%20to%20Earth%20to%20see%20if%20the%20planet%20is%20still%20habitable.%22%2c%20%22OriginalTitle%22%3a%20%22The%20100%22%2c%20%22Tag%22%3a%20%2216%22%2c%20%22year%22%3a%20%222017%22%7d&quot"/>
</include>
<include content="tvshowseesionfive">
<param name="seesionfiveid" value="505"/>
<param name="tvshowlabelname" value="המאה"/>
<param name="seesionfiveidcontent" value="plugin://plugin.video.mando/?all_w=%7b%7d&amp;data=2018&amp;dates=%20&amp;description=%5bCOLOR%20aqua%5d%20%d7%a9%d7%95%d7%93%d7%a8%20%d7%91%d7%aa%d7%90%d7%a8%d7%99%d7%9a%2024-04-2018%5b%2fCOLOR%5d%0a100%20years%20in%20the%20future%2c%20when%20the%20Earth%20has%20been%20abandoned%20due%20to%20radioactivity%2c%20the%20last%20surviving%20humans%20live%20on%20an%20ark%20orbiting%20the%20planet%20%e2%80%94%20but%20the%20ark%20won%27t%20last%20forever.%20So%20the%20repressive%20regime%20picks%20100%20expendable%20juvenile%20delinquents%20to%20send%20down%20to%20Earth%20to%20see%20if%20the%20planet%20is%20still%20habitable.&amp;eng_name=%20&amp;episode=%20&amp;fanart=https%3a%2f%2fimage.tmdb.org%2ft%2fp%2foriginal%2f%2fhTExot1sfn7dHZjGrk0Aiwpntxt.jpg&amp;fav_status=false&amp;heb_name=%d7%94%d7%9e%d7%90%d7%94&amp;iconimage=https%3a%2f%2fimage.tmdb.org%2ft%2fp%2foriginal%2f%2f6uuX26IfMQeh3ARStMdToubrFEo.jpg&amp;id=48866&amp;image_master&amp;isr=0&amp;last_id&amp;mode=19&amp;name=%5bCOLOR%20white%5d%d7%a2%d7%95%d7%a0%d7%94%205%5b%2fCOLOR%5d&amp;original_title=The%20100&amp;season=5&amp;show_original_year=2014&amp;tmdbid=268592&amp;url=https%3a%2f%2fapi.themoviedb.org%2f3%2ftv%2f48866%3fapi_key%3d34142515d9d23817496eeb4ff1d223d0%26language%3den%26append_to_response%3dexternal_ids&amp;video_data=%7b%22rating%22%3a%20%220%22%2c%20%22episode%22%3a%200%2c%20%22title%22%3a%20%22%5bCOLOR%20white%5d%5cu05e2%5cu05d5%5cu05e0%5cu05d4%205%5b%2fCOLOR%5d%22%2c%20%22season%22%3a%200%2c%20%22TVshowtitle%22%3a%20%22%22%2c%20%22mediatype%22%3a%20%22movie%22%2c%20%22plot%22%3a%20%22%5bCOLOR%20aqua%5d%20%5cu05e9%5cu05d5%5cu05d3%5cu05e8%20%5cu05d1%5cu05ea%5cu05d0%5cu05e8%5cu05d9%5cu05da%2024-04-2018%5b%2fCOLOR%5d%5cn100%20years%20in%20the%20future%2c%20when%20the%20Earth%20has%20been%20abandoned%20due%20to%20radioactivity%2c%20the%20last%20surviving%20humans%20live%20on%20an%20ark%20orbiting%20the%20planet%20%5cu2014%20but%20the%20ark%20won%27t%20last%20forever.%20So%20the%20repressive%20regime%20picks%20100%20expendable%20juvenile%20delinquents%20to%20send%20down%20to%20Earth%20to%20see%20if%20the%20planet%20is%20still%20habitable.%22%2c%20%22OriginalTitle%22%3a%20%22The%20100%22%2c%20%22Tag%22%3a%20%2216%22%2c%20%22year%22%3a%20%222018%22%7d&quot"/>
</include>
<include content="tvshowseesionsix">
<param name="seesionsixid" value="506"/>
<param name="tvshowlabelname" value="המאה"/>
<param name="seesionsixidcontent" value="plugin://plugin.video.mando/?all_w=%7b%7d&amp;data=2019&amp;dates=%20&amp;description=%5bCOLOR%20aqua%5d%20%d7%a9%d7%95%d7%93%d7%a8%20%d7%91%d7%aa%d7%90%d7%a8%d7%99%d7%9a%2030-04-2019%5b%2fCOLOR%5d%0a100%20years%20in%20the%20future%2c%20when%20the%20Earth%20has%20been%20abandoned%20due%20to%20radioactivity%2c%20the%20last%20surviving%20humans%20live%20on%20an%20ark%20orbiting%20the%20planet%20%e2%80%94%20but%20the%20ark%20won%27t%20last%20forever.%20So%20the%20repressive%20regime%20picks%20100%20expendable%20juvenile%20delinquents%20to%20send%20down%20to%20Earth%20to%20see%20if%20the%20planet%20is%20still%20habitable.&amp;eng_name=%20&amp;episode=%20&amp;fanart=https%3a%2f%2fimage.tmdb.org%2ft%2fp%2foriginal%2f%2fhTExot1sfn7dHZjGrk0Aiwpntxt.jpg&amp;fav_status=false&amp;heb_name=%d7%94%d7%9e%d7%90%d7%94&amp;iconimage=https%3a%2f%2fimage.tmdb.org%2ft%2fp%2foriginal%2f%2flIxkomQmwQoamxNUlu4P15GZhY1.jpg&amp;id=48866&amp;image_master&amp;isr=0&amp;last_id&amp;mode=19&amp;name=%5bCOLOR%20white%5d%d7%a2%d7%95%d7%a0%d7%94%206%5b%2fCOLOR%5d&amp;original_title=The%20100&amp;season=6&amp;show_original_year=2014&amp;tmdbid=268592&amp;url=https%3a%2f%2fapi.themoviedb.org%2f3%2ftv%2f48866%3fapi_key%3d34142515d9d23817496eeb4ff1d223d0%26language%3den%26append_to_response%3dexternal_ids&amp;video_data=%7b%22rating%22%3a%20%220%22%2c%20%22episode%22%3a%200%2c%20%22title%22%3a%20%22%5bCOLOR%20white%5d%5cu05e2%5cu05d5%5cu05e0%5cu05d4%206%5b%2fCOLOR%5d%22%2c%20%22season%22%3a%200%2c%20%22TVshowtitle%22%3a%20%22%22%2c%20%22mediatype%22%3a%20%22movie%22%2c%20%22plot%22%3a%20%22%5bCOLOR%20aqua%5d%20%5cu05e9%5cu05d5%5cu05d3%5cu05e8%20%5cu05d1%5cu05ea%5cu05d0%5cu05e8%5cu05d9%5cu05da%2030-04-2019%5b%2fCOLOR%5d%5cn100%20years%20in%20the%20future%2c%20when%20the%20Earth%20has%20been%20abandoned%20due%20to%20radioactivity%2c%20the%20last%20surviving%20humans%20live%20on%20an%20ark%20orbiting%20the%20planet%20%5cu2014%20but%20the%20ark%20won%27t%20last%20forever.%20So%20the%20repressive%20regime%20picks%20100%20expendable%20juvenile%20delinquents%20to%20send%20down%20to%20Earth%20to%20see%20if%20the%20planet%20is%20still%20habitable.%22%2c%20%22OriginalTitle%22%3a%20%22The%20100%22%2c%20%22Tag%22%3a%20%2216%22%2c%20%22year%22%3a%20%222019%22%7d&quot"/>
</include>
<include content="tvshowseesionseven">
<param name="seesionsevenid" value="507"/>
<param name="tvshowlabelname" value="המאה"/>
<param name="seesionsevenidcontent" value="plugin://plugin.video.mando/?all_w=%7b%7d&amp;data=2020&amp;dates=%20&amp;description=%5bCOLOR%20aqua%5d%20%d7%a9%d7%95%d7%93%d7%a8%20%d7%91%d7%aa%d7%90%d7%a8%d7%99%d7%9a%2019-05-2020%5b%2fCOLOR%5d%0a100%20years%20in%20the%20future%2c%20when%20the%20Earth%20has%20been%20abandoned%20due%20to%20radioactivity%2c%20the%20last%20surviving%20humans%20live%20on%20an%20ark%20orbiting%20the%20planet%20%e2%80%94%20but%20the%20ark%20won%27t%20last%20forever.%20So%20the%20repressive%20regime%20picks%20100%20expendable%20juvenile%20delinquents%20to%20send%20down%20to%20Earth%20to%20see%20if%20the%20planet%20is%20still%20habitable.&amp;eng_name=%20&amp;episode=%20&amp;fanart=https%3a%2f%2fimage.tmdb.org%2ft%2fp%2foriginal%2f%2fhTExot1sfn7dHZjGrk0Aiwpntxt.jpg&amp;fav_status=false&amp;heb_name=%d7%94%d7%9e%d7%90%d7%94&amp;iconimage=https%3a%2f%2fimage.tmdb.org%2ft%2fp%2foriginal%2f%2f9OfbNi3mzyn0rd0vnCP8gj4szW0.jpg&amp;id=48866&amp;image_master&amp;isr=0&amp;last_id&amp;mode=19&amp;name=%5bCOLOR%20white%5d%d7%a2%d7%95%d7%a0%d7%94%207%5b%2fCOLOR%5d&amp;original_title=The%20100&amp;season=7&amp;show_original_year=2014&amp;tmdbid=268592&amp;url=https%3a%2f%2fapi.themoviedb.org%2f3%2ftv%2f48866%3fapi_key%3d34142515d9d23817496eeb4ff1d223d0%26language%3den%26append_to_response%3dexternal_ids&amp;video_data=%7b%22rating%22%3a%20%220%22%2c%20%22episode%22%3a%200%2c%20%22title%22%3a%20%22%5bCOLOR%20white%5d%5cu05e2%5cu05d5%5cu05e0%5cu05d4%207%5b%2fCOLOR%5d%22%2c%20%22season%22%3a%200%2c%20%22TVshowtitle%22%3a%20%22%22%2c%20%22mediatype%22%3a%20%22movie%22%2c%20%22plot%22%3a%20%22%5bCOLOR%20aqua%5d%20%5cu05e9%5cu05d5%5cu05d3%5cu05e8%20%5cu05d1%5cu05ea%5cu05d0%5cu05e8%5cu05d9%5cu05da%2019-05-2020%5b%2fCOLOR%5d%5cn100%20years%20in%20the%20future%2c%20when%20the%20Earth%20has%20been%20abandoned%20due%20to%20radioactivity%2c%20the%20last%20surviving%20humans%20live%20on%20an%20ark%20orbiting%20the%20planet%20%5cu2014%20but%20the%20ark%20won%27t%20last%20forever.%20So%20the%20repressive%20regime%20picks%20100%20expendable%20juvenile%20delinquents%20to%20send%20down%20to%20Earth%20to%20see%20if%20the%20planet%20is%20still%20habitable.%22%2c%20%22OriginalTitle%22%3a%20%22The%20100%22%2c%20%22Tag%22%3a%20%2216%22%2c%20%22year%22%3a%20%222020%22%7d&quot"/>
</include>

<include content="firstsession">
<param name="firstsissonid" value="508"/>
<param name="tvshowlabelname" value="המנדלוריאני"/>
<param name="firstsissonidcontent" value="plugin://plugin.video.mando/?all_w=%7b%7d&amp;data=2019&amp;dates=%20&amp;description=%5bCOLOR%20aqua%5d%20%d7%a9%d7%95%d7%93%d7%a8%20%d7%91%d7%aa%d7%90%d7%a8%d7%99%d7%9a%2012-11-2019%5b%2fCOLOR%5d%0aAfter%20the%20fall%20of%20the%20Galactic%20Empire%2c%20lawlessness%20has%20spread%20throughout%20the%20galaxy.%20A%20lone%20gunfighter%20makes%20his%20way%20through%20the%20outer%20reaches%2c%20earning%20his%20keep%20as%20a%20bounty%20hunter.&amp;eng_name=%20&amp;episode=%20&amp;fanart=https%3a%2f%2fimage.tmdb.org%2ft%2fp%2foriginal%2f%2f5GISMqlRXMEyBrgEqyvhaMMuQmJ.jpg&amp;fav_status=false&amp;heb_name=%d7%94%d7%9e%d7%a0%d7%93%d7%9c%d7%95%d7%a8%d7%99%d7%90%d7%a0%d7%99&amp;iconimage=https%3a%2f%2fimage.tmdb.org%2ft%2fp%2foriginal%2f%2fsUTqIb82LxYhPT0SfI8AR03GLpz.jpg&amp;id=82856&amp;image_master&amp;isr=0&amp;last_id&amp;mode=19&amp;name=%5bCOLOR%20white%5d%d7%a2%d7%95%d7%a0%d7%94%201%5b%2fCOLOR%5d&amp;original_title=The%20Mandalorian&amp;season=1&amp;show_original_year=2019&amp;tmdbid=361753&amp;url=https%3a%2f%2fapi.themoviedb.org%2f3%2ftv%2f82856%3fapi_key%3d34142515d9d23817496eeb4ff1d223d0%26language%3den%26append_to_response%3dexternal_ids&amp;video_data=%7b%22rating%22%3a%20%220%22%2c%20%22episode%22%3a%200%2c%20%22title%22%3a%20%22%5bCOLOR%20white%5d%5cu05e2%5cu05d5%5cu05e0%5cu05d4%201%5b%2fCOLOR%5d%22%2c%20%22season%22%3a%200%2c%20%22TVshowtitle%22%3a%20%22%22%2c%20%22mediatype%22%3a%20%22movie%22%2c%20%22plot%22%3a%20%22%5bCOLOR%20aqua%5d%20%5cu05e9%5cu05d5%5cu05d3%5cu05e8%20%5cu05d1%5cu05ea%5cu05d0%5cu05e8%5cu05d9%5cu05da%2012-11-2019%5b%2fCOLOR%5d%5cnAfter%20the%20fall%20of%20the%20Galactic%20Empire%2c%20lawlessness%20has%20spread%20throughout%20the%20galaxy.%20A%20lone%20gunfighter%20makes%20his%20way%20through%20the%20outer%20reaches%2c%20earning%20his%20keep%20as%20a%20bounty%20hunter.%22%2c%20%22OriginalTitle%22%3a%20%22The%20Mandalorian%22%2c%20%22Tag%22%3a%20%2216%22%2c%20%22year%22%3a%20%222019%22%7d&quot"/>
</include>

<include content="firstsession">
<param name="firstsissonid" value="509"/>
<param name="tvshowlabelname" value="הסודות של קורון"/>
<param name="firstsissonidcontent" value="plugin://plugin.video.mando/?all_w=%7b%7d&amp;data=2020&amp;dates=%20&amp;description=%5bCOLOR%20aqua%5d%20%d7%a9%d7%95%d7%93%d7%a8%20%d7%91%d7%aa%d7%90%d7%a8%d7%99%d7%9a%2010-06-2020%5b%2fCOLOR%5d%0aWhen%20their%20mother%20mysteriously%20vanishes%20shortly%20after%20they%20all%20arrive%20in%20her%20hometown%2c%20teen%20twins%20discover%20secrets%20behind%20the%20village%e2%80%99s%20tranquil%20facade.&amp;eng_name=%20&amp;episode=%20&amp;fanart=https%3a%2f%2fimage.tmdb.org%2ft%2fp%2foriginal%2f%2fi44x9ChDGKM1leIY78j4rMS2rcn.jpg&amp;fav_status=false&amp;heb_name=%d7%94%d7%a1%d7%95%d7%93%d7%95%d7%aa%20%d7%a9%d7%9c%20%d7%a7%d7%95%d7%a8%d7%95%d7%9f&amp;iconimage=https%3a%2f%2fimage.tmdb.org%2ft%2fp%2foriginal%2f%2fvmNpI4C0LDfWGiSYWyKLVkCSaOi.jpg&amp;id=103849&amp;image_master&amp;isr=0&amp;last_id&amp;mode=19&amp;name=%5bCOLOR%20white%5d%d7%a2%d7%95%d7%a0%d7%94%201%5b%2fCOLOR%5d&amp;original_title=Curon&amp;season=1&amp;show_original_year=2020&amp;tmdbid=361739&amp;url=https%3a%2f%2fapi.themoviedb.org%2f3%2ftv%2f103849%3fapi_key%3d34142515d9d23817496eeb4ff1d223d0%26language%3den%26append_to_response%3dexternal_ids&amp;video_data=%7b%22rating%22%3a%20%220%22%2c%20%22episode%22%3a%200%2c%20%22title%22%3a%20%22%5bCOLOR%20white%5d%5cu05e2%5cu05d5%5cu05e0%5cu05d4%201%5b%2fCOLOR%5d%22%2c%20%22season%22%3a%200%2c%20%22TVshowtitle%22%3a%20%22%22%2c%20%22mediatype%22%3a%20%22movie%22%2c%20%22plot%22%3a%20%22%5bCOLOR%20aqua%5d%20%5cu05e9%5cu05d5%5cu05d3%5cu05e8%20%5cu05d1%5cu05ea%5cu05d0%5cu05e8%5cu05d9%5cu05da%2010-06-2020%5b%2fCOLOR%5d%5cnWhen%20their%20mother%20mysteriously%20vanishes%20shortly%20after%20they%20all%20arrive%20in%20her%20hometown%2c%20teen%20twins%20discover%20secrets%20behind%20the%20village%5cu2019s%20tranquil%20facade.%22%2c%20%22OriginalTitle%22%3a%20%22Curon%22%2c%20%22Tag%22%3a%20%2216%22%2c%20%22year%22%3a%20%222020%22%7d&quot"/>
</include>

<include content="firstsession">
<param name="firstsissonid" value="510"/>
<param name="tvshowlabelname" value="חיים אחרים"/>
<param name="firstsissonidcontent" value="plugin://plugin.video.mando/?all_w=%7b%7d&amp;data=2019&amp;dates=%20&amp;description=%5bCOLOR%20aqua%5d%20%d7%a9%d7%95%d7%93%d7%a8%20%d7%91%d7%aa%d7%90%d7%a8%d7%99%d7%9a%2025-07-2019%5b%2fCOLOR%5d%0aAfter%20a%20massive%20alien%20artifact%20lands%20on%20Earth%2c%20Niko%20Breckinridge%20leads%20an%20interstellar%20mission%20to%20track%20down%20its%20source%20and%20make%20first%20contact.&amp;eng_name=%20&amp;episode=%20&amp;fanart=https%3a%2f%2fimage.tmdb.org%2ft%2fp%2foriginal%2f%2fx02sHzB3esGcGRLBhMsP8DOSSlC.jpg&amp;fav_status=false&amp;heb_name=%d7%97%d7%99%d7%99%d7%9d%20%d7%90%d7%97%d7%a8%d7%99%d7%9d&amp;iconimage=https%3a%2f%2fimage.tmdb.org%2ft%2fp%2foriginal%2f%2fhtazQ0cPoloL5SJ2bqOCKh9UTcc.jpg&amp;id=79130&amp;image_master&amp;isr=0&amp;last_id&amp;mode=19&amp;name=%5bCOLOR%20white%5d%d7%a2%d7%95%d7%a0%d7%94%201%5b%2fCOLOR%5d&amp;original_title=Another%20Life&amp;season=1&amp;show_original_year=2019&amp;tmdbid=365722&amp;url=https%3a%2f%2fapi.themoviedb.org%2f3%2ftv%2f79130%3fapi_key%3d34142515d9d23817496eeb4ff1d223d0%26language%3den%26append_to_response%3dexternal_ids&amp;video_data=%7b%22rating%22%3a%20%220%22%2c%20%22episode%22%3a%200%2c%20%22title%22%3a%20%22%5bCOLOR%20white%5d%5cu05e2%5cu05d5%5cu05e0%5cu05d4%201%5b%2fCOLOR%5d%22%2c%20%22season%22%3a%200%2c%20%22TVshowtitle%22%3a%20%22%22%2c%20%22mediatype%22%3a%20%22movie%22%2c%20%22plot%22%3a%20%22%5bCOLOR%20aqua%5d%20%5cu05e9%5cu05d5%5cu05d3%5cu05e8%20%5cu05d1%5cu05ea%5cu05d0%5cu05e8%5cu05d9%5cu05da%2025-07-2019%5b%2fCOLOR%5d%5cnAfter%20a%20massive%20alien%20artifact%20lands%20on%20Earth%2c%20Niko%20Breckinridge%20leads%20an%20interstellar%20mission%20to%20track%20down%20its%20source%20and%20make%20first%20contact.%22%2c%20%22OriginalTitle%22%3a%20%22Another%20Life%22%2c%20%22Tag%22%3a%20%2216%22%2c%20%22year%22%3a%20%222019%22%7d&quot"/>
</include>

<include content="firstsession">
<param name="firstsissonid" value="511"/>
<param name="tvshowlabelname" value="לראות"/>
<param name="firstsissonidcontent" value="plugin://plugin.video.mando/?all_w=%7b%7d&amp;data=2019&amp;dates=%20&amp;description=%5bCOLOR%20aqua%5d%20%d7%a9%d7%95%d7%93%d7%a8%20%d7%91%d7%aa%d7%90%d7%a8%d7%99%d7%9a%2001-11-2019%5b%2fCOLOR%5d%0aA%20virus%20has%20decimated%20humankind.%20Those%20who%20survived%20emerged%20blind.%20Centuries%20later%20when%20twins%20are%20born%20with%20the%20mythic%20ability%20to%20see%2c%20their%20father%20must%20protect%20his%20tribe%20against%20a%20threatened%20queen.&amp;eng_name=%20&amp;episode=%20&amp;fanart=https%3a%2f%2fimage.tmdb.org%2ft%2fp%2foriginal%2f%2f8TOkxONO3TEeJRuZWb0hG7SboyV.jpg&amp;fav_status=false&amp;heb_name=%d7%9c%d7%a8%d7%90%d7%95%d7%aa&amp;iconimage=https%3a%2f%2fimage.tmdb.org%2ft%2fp%2foriginal%2f%2fg3JsScc7mQCfc3e5e5rXwu7xVVP.jpg&amp;id=80752&amp;image_master&amp;isr=0&amp;last_id&amp;mode=19&amp;name=%5bCOLOR%20white%5d%d7%a2%d7%95%d7%a0%d7%94%201%5b%2fCOLOR%5d&amp;original_title=See&amp;season=1&amp;show_original_year=2019&amp;tmdbid=361565&amp;url=https%3a%2f%2fapi.themoviedb.org%2f3%2ftv%2f80752%3fapi_key%3d34142515d9d23817496eeb4ff1d223d0%26language%3den%26append_to_response%3dexternal_ids&amp;video_data=%7b%22rating%22%3a%20%220%22%2c%20%22episode%22%3a%200%2c%20%22title%22%3a%20%22%5bCOLOR%20white%5d%5cu05e2%5cu05d5%5cu05e0%5cu05d4%201%5b%2fCOLOR%5d%22%2c%20%22season%22%3a%200%2c%20%22TVshowtitle%22%3a%20%22%22%2c%20%22mediatype%22%3a%20%22movie%22%2c%20%22plot%22%3a%20%22%5bCOLOR%20aqua%5d%20%5cu05e9%5cu05d5%5cu05d3%5cu05e8%20%5cu05d1%5cu05ea%5cu05d0%5cu05e8%5cu05d9%5cu05da%2001-11-2019%5b%2fCOLOR%5d%5cnA%20virus%20has%20decimated%20humankind.%20Those%20who%20survived%20emerged%20blind.%20Centuries%20later%20when%20twins%20are%20born%20with%20the%20mythic%20ability%20to%20see%2c%20their%20father%20must%20protect%20his%20tribe%20against%20a%20threatened%20queen.%22%2c%20%22OriginalTitle%22%3a%20%22See%22%2c%20%22Tag%22%3a%20%2216%22%2c%20%22year%22%3a%20%222019%22%7d&quot"/>
</include>

<include content="firstsession">
<param name="firstsissonid" value="512"/>
<param name="tvshowlabelname" value="מכשפת"/>
<param name="firstsissonidcontent" value="plugin://plugin.video.mando/?all_w=%7b%7d&amp;data=2020&amp;dates=%20&amp;description=%5bCOLOR%20aqua%5d%20%d7%a9%d7%95%d7%93%d7%a8%20%d7%91%d7%aa%d7%90%d7%a8%d7%99%d7%9a%2016-07-2020%5b%2fCOLOR%5d%0aIn%20this%20fresh%20take%20on%20the%20Arthurian%20legend%2c%20teenager%20Nimue%20joins%20forces%20with%20mercenary%20Arthur%20on%20a%20quest%20to%20find%20Merlin%20and%20deliver%20an%20ancient%20sword.&amp;eng_name=%20&amp;episode=%20&amp;fanart=https%3a%2f%2fimage.tmdb.org%2ft%2fp%2foriginal%2f%2fuzUPwWSAheYKdavFCcod9M6y2rf.jpg&amp;fav_status=false&amp;heb_name=%d7%9e%d7%9b%d7%a9%d7%a4%d7%aa&amp;iconimage=https%3a%2f%2fimage.tmdb.org%2ft%2fp%2foriginal%2f%2fbhNQyQQncky4hLWDN3CXiYpvgdL.jpg&amp;id=83125&amp;image_master&amp;isr=0&amp;last_id&amp;mode=19&amp;name=%5bCOLOR%20white%5d%d7%a2%d7%95%d7%a0%d7%94%201%5b%2fCOLOR%5d&amp;original_title=Cursed&amp;season=1&amp;show_original_year=2020&amp;tmdbid=369950&amp;url=https%3a%2f%2fapi.themoviedb.org%2f3%2ftv%2f83125%3fapi_key%3d34142515d9d23817496eeb4ff1d223d0%26language%3den%26append_to_response%3dexternal_ids&amp;video_data=%7b%22rating%22%3a%20%220%22%2c%20%22episode%22%3a%200%2c%20%22title%22%3a%20%22%5bCOLOR%20white%5d%5cu05e2%5cu05d5%5cu05e0%5cu05d4%201%5b%2fCOLOR%5d%22%2c%20%22season%22%3a%200%2c%20%22TVshowtitle%22%3a%20%22%22%2c%20%22mediatype%22%3a%20%22movie%22%2c%20%22plot%22%3a%20%22%5bCOLOR%20aqua%5d%20%5cu05e9%5cu05d5%5cu05d3%5cu05e8%20%5cu05d1%5cu05ea%5cu05d0%5cu05e8%5cu05d9%5cu05da%2016-07-2020%5b%2fCOLOR%5d%5cnIn%20this%20fresh%20take%20on%20the%20Arthurian%20legend%2c%20teenager%20Nimue%20joins%20forces%20with%20mercenary%20Arthur%20on%20a%20quest%20to%20find%20Merlin%20and%20deliver%20an%20ancient%20sword.%22%2c%20%22OriginalTitle%22%3a%20%22Cursed%22%2c%20%22Tag%22%3a%20%2216%22%2c%20%22year%22%3a%20%222020%22%7d&quot"/>
</include>

<include content="firstsession">
<param name="firstsissonid" value="513"/>
<param name="tvshowlabelname" value="נזירה לוחמת"/>
<param name="firstsissonidcontent" value="plugin://plugin.video.mando/?all_w=%7b%7d&amp;data=2020&amp;dates=%20&amp;description=%5bCOLOR%20aqua%5d%20%d7%a9%d7%95%d7%93%d7%a8%20%d7%91%d7%aa%d7%90%d7%a8%d7%99%d7%9a%2002-07-2020%5b%2fCOLOR%5d%0aAfter%20waking%20up%20in%20a%20morgue%2c%20an%20orphaned%20teen%20discovers%20she%20now%20possesses%20superpowers%20as%20the%20chosen%20Halo-Bearer%20for%20a%20secret%20sect%20of%20demon-hunting%20nuns.&amp;eng_name=%20&amp;episode=%20&amp;fanart=https%3a%2f%2fimage.tmdb.org%2ft%2fp%2foriginal%2f%2fu2R4WKNvEQAfgiEl6kAOvj6AuFv.jpg&amp;fav_status=false&amp;heb_name=%d7%a0%d7%96%d7%99%d7%a8%d7%94%20%d7%9c%d7%95%d7%97%d7%9e%d7%aa&amp;iconimage=https%3a%2f%2fimage.tmdb.org%2ft%2fp%2foriginal%2f%2f77OM9jMJ8nglaolHLwrAW7kvadV.jpg&amp;id=87689&amp;image_master&amp;isr=0&amp;last_id&amp;mode=19&amp;name=%5bCOLOR%20white%5d%d7%a2%d7%95%d7%a0%d7%94%201%5b%2fCOLOR%5d&amp;original_title=Warrior%20Nun&amp;season=1&amp;show_original_year=2020&amp;tmdbid=382544&amp;url=https%3a%2f%2fapi.themoviedb.org%2f3%2ftv%2f87689%3fapi_key%3d34142515d9d23817496eeb4ff1d223d0%26language%3den%26append_to_response%3dexternal_ids&amp;video_data=%7b%22rating%22%3a%20%220%22%2c%20%22episode%22%3a%200%2c%20%22title%22%3a%20%22%5bCOLOR%20white%5d%5cu05e2%5cu05d5%5cu05e0%5cu05d4%201%5b%2fCOLOR%5d%22%2c%20%22season%22%3a%200%2c%20%22TVshowtitle%22%3a%20%22%22%2c%20%22mediatype%22%3a%20%22movie%22%2c%20%22plot%22%3a%20%22%5bCOLOR%20aqua%5d%20%5cu05e9%5cu05d5%5cu05d3%5cu05e8%20%5cu05d1%5cu05ea%5cu05d0%5cu05e8%5cu05d9%5cu05da%2002-07-2020%5b%2fCOLOR%5d%5cnAfter%20waking%20up%20in%20a%20morgue%2c%20an%20orphaned%20teen%20discovers%20she%20now%20possesses%20superpowers%20as%20the%20chosen%20Halo-Bearer%20for%20a%20secret%20sect%20of%20demon-hunting%20nuns.%22%2c%20%22OriginalTitle%22%3a%20%22Warrior%20Nun%22%2c%20%22Tag%22%3a%20%2216%22%2c%20%22year%22%3a%20%222020%22%7d&quot"/>
</include>

<include content="firstsession">
<param name="firstsissonid" value="514"/>
<param name="tvshowlabelname" value="סטארגירל"/>
<param name="firstsissonidcontent" value="plugin://plugin.video.mando/?all_w=%7b%7d&amp;data=2020&amp;dates=%20&amp;description=%5bCOLOR%20aqua%5d%20%d7%a9%d7%95%d7%93%d7%a8%20%d7%91%d7%aa%d7%90%d7%a8%d7%99%d7%9a%2018-05-2020%5b%2fCOLOR%5d%0aCourtney%20Whitmore%2c%20a%20smart%2c%20athletic%20and%20above%20all%20else%20kind%20girl%2c%20discovers%20her%20step-father%20has%20a%20secret%3a%20he%20used%20to%20be%20the%20sidekick%20to%20a%20superhero.%20%22Borrowing%22%20the%20long-lost%20hero%e2%80%99s%20cosmic%20staff%2c%20she%20becomes%20the%20unlikely%20inspiration%20for%20an%20entirely%20new%20generation%20of%20superheroes.&amp;eng_name=%20&amp;episode=%20&amp;fanart=https%3a%2f%2fimage.tmdb.org%2ft%2fp%2foriginal%2f%2fb5lKppEquuQWm6fTjGcu2g8FJgs.jpg&amp;fav_status=false&amp;heb_name=%d7%a1%d7%98%d7%90%d7%a8%d7%92%d7%99%d7%a8%d7%9c&amp;iconimage=https%3a%2f%2fimage.tmdb.org%2ft%2fp%2foriginal%2f%2fnPXo3mGt51wDeZt5YbT3evMqDiH.jpg&amp;id=80986&amp;image_master&amp;isr=0&amp;last_id&amp;mode=19&amp;name=%5bCOLOR%20white%5d%d7%a2%d7%95%d7%a0%d7%94%201%5b%2fCOLOR%5d&amp;original_title=Stargirl&amp;season=1&amp;show_original_year=2020&amp;tmdbid=361868&amp;url=https%3a%2f%2fapi.themoviedb.org%2f3%2ftv%2f80986%3fapi_key%3d34142515d9d23817496eeb4ff1d223d0%26language%3den%26append_to_response%3dexternal_ids&amp;video_data=%7b%22rating%22%3a%20%220%22%2c%20%22episode%22%3a%200%2c%20%22title%22%3a%20%22%5bCOLOR%20white%5d%5cu05e2%5cu05d5%5cu05e0%5cu05d4%201%5b%2fCOLOR%5d%22%2c%20%22season%22%3a%200%2c%20%22TVshowtitle%22%3a%20%22%22%2c%20%22mediatype%22%3a%20%22movie%22%2c%20%22plot%22%3a%20%22%5bCOLOR%20aqua%5d%20%5cu05e9%5cu05d5%5cu05d3%5cu05e8%20%5cu05d1%5cu05ea%5cu05d0%5cu05e8%5cu05d9%5cu05da%2018-05-2020%5b%2fCOLOR%5d%5cnCourtney%20Whitmore%2c%20a%20smart%2c%20athletic%20and%20above%20all%20else%20kind%20girl%2c%20discovers%20her%20step-father%20has%20a%20secret%3a%20he%20used%20to%20be%20the%20sidekick%20to%20a%20superhero.%20%5c%22Borrowing%5c%22%20the%20long-lost%20hero%5cu2019s%20cosmic%20staff%2c%20she%20becomes%20the%20unlikely%20inspiration%20for%20an%20entirely%20new%20generation%20of%20superheroes.%22%2c%20%22OriginalTitle%22%3a%20%22Stargirl%22%2c%20%22Tag%22%3a%20%2216%22%2c%20%22year%22%3a%20%222020%22%7d&quot"/>
</include>

<include content="firstsession">
<param name="firstsissonid" value="515"/>
<param name="tvshowlabelname" value="שלוש אחוז"/>
<param name="firstsissonidcontent" value="plugin://plugin.video.mando/?all_w=%7b%7d&amp;data=2016&amp;dates=%20&amp;description=%5bCOLOR%20aqua%5d%20%d7%a9%d7%95%d7%93%d7%a8%20%d7%91%d7%aa%d7%90%d7%a8%d7%99%d7%9a%2025-11-2016%5b%2fCOLOR%5d%0aIn%20a%20future%20where%20the%20elite%20inhabit%20an%20island%20paradise%20far%20from%20the%20crowded%20slums%2c%20you%20get%20one%20chance%20to%20join%20the%203%25%20saved%20from%20squalor.&amp;eng_name=%20&amp;episode=%20&amp;fanart=https%3a%2f%2fimage.tmdb.org%2ft%2fp%2foriginal%2f%2f4RCJIZMy65KyjOPkNcM22D78u9k.jpg&amp;fav_status=false&amp;heb_name=3%25&amp;iconimage=https%3a%2f%2fimage.tmdb.org%2ft%2fp%2foriginal%2f%2fbrI6fjoSwsg48gzRvP6rlqZd3NM.jpg&amp;id=68467&amp;image_master&amp;isr=0&amp;last_id&amp;mode=19&amp;name=%5bCOLOR%20white%5d%d7%a2%d7%95%d7%a0%d7%94%201%5b%2fCOLOR%5d&amp;original_title=3%25&amp;season=1&amp;show_original_year=2016&amp;tmdbid=250749&amp;url=https%3a%2f%2fapi.themoviedb.org%2f3%2ftv%2f68467%3fapi_key%3d34142515d9d23817496eeb4ff1d223d0%26language%3den%26append_to_response%3dexternal_ids&amp;video_data=%7b%22rating%22%3a%20%220%22%2c%20%22episode%22%3a%200%2c%20%22title%22%3a%20%22%5bCOLOR%20white%5d%5cu05e2%5cu05d5%5cu05e0%5cu05d4%201%5b%2fCOLOR%5d%22%2c%20%22season%22%3a%200%2c%20%22TVshowtitle%22%3a%20%22%22%2c%20%22mediatype%22%3a%20%22movie%22%2c%20%22plot%22%3a%20%22%5bCOLOR%20aqua%5d%20%5cu05e9%5cu05d5%5cu05d3%5cu05e8%20%5cu05d1%5cu05ea%5cu05d0%5cu05e8%5cu05d9%5cu05da%2025-11-2016%5b%2fCOLOR%5d%5cnIn%20a%20future%20where%20the%20elite%20inhabit%20an%20island%20paradise%20far%20from%20the%20crowded%20slums%2c%20you%20get%20one%20chance%20to%20join%20the%203%25%20saved%20from%20squalor.%22%2c%20%22OriginalTitle%22%3a%20%223%25%22%2c%20%22Tag%22%3a%20%2216%22%2c%20%22year%22%3a%20%222016%22%7d&quot"/>
</include>
<include content="tvshowseesiontwo">
<param name="seesiontwoid" value="516"/>
<param name="tvshowlabelname" value="שלוש אחוז"/>
<param name="seesiontwoidcontent" value="plugin://plugin.video.mando/?all_w=%7b%7d&amp;data=2018&amp;dates=%20&amp;description=%5bCOLOR%20aqua%5d%20%d7%a9%d7%95%d7%93%d7%a8%20%d7%91%d7%aa%d7%90%d7%a8%d7%99%d7%9a%2027-04-2018%5b%2fCOLOR%5d%0aIn%20a%20future%20where%20the%20elite%20inhabit%20an%20island%20paradise%20far%20from%20the%20crowded%20slums%2c%20you%20get%20one%20chance%20to%20join%20the%203%25%20saved%20from%20squalor.&amp;eng_name=%20&amp;episode=%20&amp;fanart=https%3a%2f%2fimage.tmdb.org%2ft%2fp%2foriginal%2f%2f4RCJIZMy65KyjOPkNcM22D78u9k.jpg&amp;fav_status=false&amp;heb_name=3%25&amp;iconimage=https%3a%2f%2fimage.tmdb.org%2ft%2fp%2foriginal%2f%2f1yHKcGugqsjWyDZqEdXZa1eOOk1.jpg&amp;id=68467&amp;image_master&amp;isr=0&amp;last_id&amp;mode=19&amp;name=%5bCOLOR%20white%5d%d7%a2%d7%95%d7%a0%d7%94%202%5b%2fCOLOR%5d&amp;original_title=3%25&amp;season=2&amp;show_original_year=2016&amp;tmdbid=250749&amp;url=https%3a%2f%2fapi.themoviedb.org%2f3%2ftv%2f68467%3fapi_key%3d34142515d9d23817496eeb4ff1d223d0%26language%3den%26append_to_response%3dexternal_ids&amp;video_data=%7b%22rating%22%3a%20%220%22%2c%20%22episode%22%3a%200%2c%20%22title%22%3a%20%22%5bCOLOR%20white%5d%5cu05e2%5cu05d5%5cu05e0%5cu05d4%202%5b%2fCOLOR%5d%22%2c%20%22season%22%3a%200%2c%20%22TVshowtitle%22%3a%20%22%22%2c%20%22mediatype%22%3a%20%22movie%22%2c%20%22plot%22%3a%20%22%5bCOLOR%20aqua%5d%20%5cu05e9%5cu05d5%5cu05d3%5cu05e8%20%5cu05d1%5cu05ea%5cu05d0%5cu05e8%5cu05d9%5cu05da%2027-04-2018%5b%2fCOLOR%5d%5cnIn%20a%20future%20where%20the%20elite%20inhabit%20an%20island%20paradise%20far%20from%20the%20crowded%20slums%2c%20you%20get%20one%20chance%20to%20join%20the%203%25%20saved%20from%20squalor.%22%2c%20%22OriginalTitle%22%3a%20%223%25%22%2c%20%22Tag%22%3a%20%2216%22%2c%20%22year%22%3a%20%222018%22%7d&quot"/>
</include>
<include content="tvshowseesionthree">
<param name="seesionthreeid" value="517"/>
<param name="tvshowlabelname" value="שלוש אחוז"/>
<param name="seesionthreeidcontent" value="plugin://plugin.video.mando/?all_w=%7b%7d&amp;data=2019&amp;dates=%20&amp;description=%5bCOLOR%20aqua%5d%20%d7%a9%d7%95%d7%93%d7%a8%20%d7%91%d7%aa%d7%90%d7%a8%d7%99%d7%9a%2007-06-2019%5b%2fCOLOR%5d%0aIn%20a%20future%20where%20the%20elite%20inhabit%20an%20island%20paradise%20far%20from%20the%20crowded%20slums%2c%20you%20get%20one%20chance%20to%20join%20the%203%25%20saved%20from%20squalor.&amp;eng_name=%20&amp;episode=%20&amp;fanart=https%3a%2f%2fimage.tmdb.org%2ft%2fp%2foriginal%2f%2f4RCJIZMy65KyjOPkNcM22D78u9k.jpg&amp;fav_status=false&amp;heb_name=3%25&amp;iconimage=https%3a%2f%2fimage.tmdb.org%2ft%2fp%2foriginal%2f%2foMAnTroSw0ZWWBme5Yonys9BdQN.jpg&amp;id=68467&amp;image_master&amp;isr=0&amp;last_id&amp;mode=19&amp;name=%5bCOLOR%20white%5d%d7%a2%d7%95%d7%a0%d7%94%203%5b%2fCOLOR%5d&amp;original_title=3%25&amp;season=3&amp;show_original_year=2016&amp;tmdbid=250749&amp;url=https%3a%2f%2fapi.themoviedb.org%2f3%2ftv%2f68467%3fapi_key%3d34142515d9d23817496eeb4ff1d223d0%26language%3den%26append_to_response%3dexternal_ids&amp;video_data=%7b%22rating%22%3a%20%220%22%2c%20%22episode%22%3a%200%2c%20%22title%22%3a%20%22%5bCOLOR%20white%5d%5cu05e2%5cu05d5%5cu05e0%5cu05d4%203%5b%2fCOLOR%5d%22%2c%20%22season%22%3a%200%2c%20%22TVshowtitle%22%3a%20%22%22%2c%20%22mediatype%22%3a%20%22movie%22%2c%20%22plot%22%3a%20%22%5bCOLOR%20aqua%5d%20%5cu05e9%5cu05d5%5cu05d3%5cu05e8%20%5cu05d1%5cu05ea%5cu05d0%5cu05e8%5cu05d9%5cu05da%2007-06-2019%5b%2fCOLOR%5d%5cnIn%20a%20future%20where%20the%20elite%20inhabit%20an%20island%20paradise%20far%20from%20the%20crowded%20slums%2c%20you%20get%20one%20chance%20to%20join%20the%203%25%20saved%20from%20squalor.%22%2c%20%22OriginalTitle%22%3a%20%223%25%22%2c%20%22Tag%22%3a%20%2216%22%2c%20%22year%22%3a%20%222019%22%7d&quot"/>
</include>
<include content="tvshowseesionfour">
<param name="seesionfourid" value="518"/>
<param name="tvshowlabelname" value="שלוש אחוז"/>
<param name="seesionfouridcontent" value="plugin://plugin.video.mando/?all_w=%7b%7d&amp;data=2020&amp;dates=%20&amp;description=%5bCOLOR%20aqua%5d%20%d7%a9%d7%95%d7%93%d7%a8%20%d7%91%d7%aa%d7%90%d7%a8%d7%99%d7%9a%2014-08-2020%5b%2fCOLOR%5d%0aIn%20a%20future%20where%20the%20elite%20inhabit%20an%20island%20paradise%20far%20from%20the%20crowded%20slums%2c%20you%20get%20one%20chance%20to%20join%20the%203%25%20saved%20from%20squalor.&amp;eng_name=%20&amp;episode=%20&amp;fanart=https%3a%2f%2fimage.tmdb.org%2ft%2fp%2foriginal%2f%2f4RCJIZMy65KyjOPkNcM22D78u9k.jpg&amp;fav_status=false&amp;heb_name=3%25&amp;iconimage=https%3a%2f%2fimage.tmdb.org%2ft%2fp%2foriginal%2f%2fbOqBR7CYLj2pF6tXwjieN5IY3O.jpg&amp;id=68467&amp;image_master&amp;isr=0&amp;last_id&amp;mode=19&amp;name=%5bCOLOR%20white%5d%d7%a2%d7%95%d7%a0%d7%94%204%5b%2fCOLOR%5d&amp;original_title=3%25&amp;season=4&amp;show_original_year=2016&amp;tmdbid=250749&amp;url=https%3a%2f%2fapi.themoviedb.org%2f3%2ftv%2f68467%3fapi_key%3d34142515d9d23817496eeb4ff1d223d0%26language%3den%26append_to_response%3dexternal_ids&amp;video_data=%7b%22rating%22%3a%20%220%22%2c%20%22episode%22%3a%200%2c%20%22title%22%3a%20%22%5bCOLOR%20white%5d%5cu05e2%5cu05d5%5cu05e0%5cu05d4%204%5b%2fCOLOR%5d%22%2c%20%22season%22%3a%200%2c%20%22TVshowtitle%22%3a%20%22%22%2c%20%22mediatype%22%3a%20%22movie%22%2c%20%22plot%22%3a%20%22%5bCOLOR%20aqua%5d%20%5cu05e9%5cu05d5%5cu05d3%5cu05e8%20%5cu05d1%5cu05ea%5cu05d0%5cu05e8%5cu05d9%5cu05da%2014-08-2020%5b%2fCOLOR%5d%5cnIn%20a%20future%20where%20the%20elite%20inhabit%20an%20island%20paradise%20far%20from%20the%20crowded%20slums%2c%20you%20get%20one%20chance%20to%20join%20the%203%25%20saved%20from%20squalor.%22%2c%20%22OriginalTitle%22%3a%20%223%25%22%2c%20%22Tag%22%3a%20%2216%22%2c%20%22year%22%3a%20%222020%22%7d&quot"/>
</include>


<include content="firstsession">
<param name="firstsissonid" value="519"/>
<param name="tvshowlabelname" value="הגשם"/>
<param name="firstsissonidcontent" value="plugin://plugin.video.mando/?all_w=%7b%7d&amp;data=2018&amp;dates=%20&amp;description=%5bCOLOR%20aqua%5d%20%d7%a9%d7%95%d7%93%d7%a8%20%d7%91%d7%aa%d7%90%d7%a8%d7%99%d7%9a%2004-05-2018%5b%2fCOLOR%5d%0aAfter%20a%20brutal%20virus%20wipes%20out%20most%20of%20the%20population%2c%20two%20young%20siblings%20embark%20on%20a%20perilous%20search%20for%20safety.%20A%20Scandinavian%20thriller%20series.&amp;eng_name=%20&amp;episode=%20&amp;fanart=https%3a%2f%2fimage.tmdb.org%2ft%2fp%2foriginal%2f%2frfK7BGBUoqXc2EiKGbKuzaeSDjW.jpg&amp;fav_status=false&amp;heb_name=%d7%94%d7%92%d7%a9%d7%9d&amp;iconimage=https%3a%2f%2fimage.tmdb.org%2ft%2fp%2foriginal%2f%2fdPeGzybLWC8UdLC5PMWo9htKarg.jpg&amp;id=76719&amp;image_master&amp;isr=0&amp;last_id&amp;mode=19&amp;name=%5bCOLOR%20white%5d%d7%a2%d7%95%d7%a0%d7%94%201%5b%2fCOLOR%5d&amp;original_title=The%20Rain&amp;season=1&amp;show_original_year=2018&amp;tmdbid=341704&amp;url=https%3a%2f%2fapi.themoviedb.org%2f3%2ftv%2f76719%3fapi_key%3d34142515d9d23817496eeb4ff1d223d0%26language%3den%26append_to_response%3dexternal_ids&amp;video_data=%7b%22rating%22%3a%20%220%22%2c%20%22episode%22%3a%200%2c%20%22title%22%3a%20%22%5bCOLOR%20white%5d%5cu05e2%5cu05d5%5cu05e0%5cu05d4%201%5b%2fCOLOR%5d%22%2c%20%22season%22%3a%200%2c%20%22TVshowtitle%22%3a%20%22%22%2c%20%22mediatype%22%3a%20%22movie%22%2c%20%22plot%22%3a%20%22%5bCOLOR%20aqua%5d%20%5cu05e9%5cu05d5%5cu05d3%5cu05e8%20%5cu05d1%5cu05ea%5cu05d0%5cu05e8%5cu05d9%5cu05da%2004-05-2018%5b%2fCOLOR%5d%5cnAfter%20a%20brutal%20virus%20wipes%20out%20most%20of%20the%20population%2c%20two%20young%20siblings%20embark%20on%20a%20perilous%20search%20for%20safety.%20A%20Scandinavian%20thriller%20series.%22%2c%20%22OriginalTitle%22%3a%20%22The%20Rain%22%2c%20%22Tag%22%3a%20%2216%22%2c%20%22year%22%3a%20%222018%22%7d&quot"/>
</include>
<include content="tvshowseesiontwo">
<param name="seesiontwoid" value="520"/>
<param name="tvshowlabelname" value="הגשם"/>
<param name="seesiontwoidcontent" value="plugin://plugin.video.mando/?all_w=%7b%7d&amp;data=2019&amp;dates=%20&amp;description=%5bCOLOR%20aqua%5d%20%d7%a9%d7%95%d7%93%d7%a8%20%d7%91%d7%aa%d7%90%d7%a8%d7%99%d7%9a%2017-05-2019%5b%2fCOLOR%5d%0aAfter%20a%20brutal%20virus%20wipes%20out%20most%20of%20the%20population%2c%20two%20young%20siblings%20embark%20on%20a%20perilous%20search%20for%20safety.%20A%20Scandinavian%20thriller%20series.&amp;eng_name=%20&amp;episode=%20&amp;fanart=https%3a%2f%2fimage.tmdb.org%2ft%2fp%2foriginal%2f%2frfK7BGBUoqXc2EiKGbKuzaeSDjW.jpg&amp;fav_status=false&amp;heb_name=%d7%94%d7%92%d7%a9%d7%9d&amp;iconimage=https%3a%2f%2fimage.tmdb.org%2ft%2fp%2foriginal%2f%2f2uvXlW8PqEI2cb2cURoP17Na9CD.jpg&amp;id=76719&amp;image_master&amp;isr=0&amp;last_id&amp;mode=19&amp;name=%5bCOLOR%20white%5d%d7%a2%d7%95%d7%a0%d7%94%202%5b%2fCOLOR%5d&amp;original_title=The%20Rain&amp;season=2&amp;show_original_year=2018&amp;tmdbid=341704&amp;url=https%3a%2f%2fapi.themoviedb.org%2f3%2ftv%2f76719%3fapi_key%3d34142515d9d23817496eeb4ff1d223d0%26language%3den%26append_to_response%3dexternal_ids&amp;video_data=%7b%22rating%22%3a%20%220%22%2c%20%22episode%22%3a%200%2c%20%22title%22%3a%20%22%5bCOLOR%20white%5d%5cu05e2%5cu05d5%5cu05e0%5cu05d4%202%5b%2fCOLOR%5d%22%2c%20%22season%22%3a%200%2c%20%22TVshowtitle%22%3a%20%22%22%2c%20%22mediatype%22%3a%20%22movie%22%2c%20%22plot%22%3a%20%22%5bCOLOR%20aqua%5d%20%5cu05e9%5cu05d5%5cu05d3%5cu05e8%20%5cu05d1%5cu05ea%5cu05d0%5cu05e8%5cu05d9%5cu05da%2017-05-2019%5b%2fCOLOR%5d%5cnAfter%20a%20brutal%20virus%20wipes%20out%20most%20of%20the%20population%2c%20two%20young%20siblings%20embark%20on%20a%20perilous%20search%20for%20safety.%20A%20Scandinavian%20thriller%20series.%22%2c%20%22OriginalTitle%22%3a%20%22The%20Rain%22%2c%20%22Tag%22%3a%20%2216%22%2c%20%22year%22%3a%20%222019%22%7d&quot"/>
</include>
<include content="tvshowseesionthree">
<param name="seesionthreeid" value="521"/>
<param name="tvshowlabelname" value="הגשם"/>
<param name="seesionthreeidcontent" value="plugin://plugin.video.mando/?all_w=%7b%7d&amp;data=2020&amp;dates=%20&amp;description=%5bCOLOR%20aqua%5d%20%d7%a9%d7%95%d7%93%d7%a8%20%d7%91%d7%aa%d7%90%d7%a8%d7%99%d7%9a%2005-08-2020%5b%2fCOLOR%5d%0aAfter%20a%20brutal%20virus%20wipes%20out%20most%20of%20the%20population%2c%20two%20young%20siblings%20embark%20on%20a%20perilous%20search%20for%20safety.%20A%20Scandinavian%20thriller%20series.&amp;eng_name=%20&amp;episode=%20&amp;fanart=https%3a%2f%2fimage.tmdb.org%2ft%2fp%2foriginal%2f%2frfK7BGBUoqXc2EiKGbKuzaeSDjW.jpg&amp;fav_status=false&amp;heb_name=%d7%94%d7%92%d7%a9%d7%9d&amp;iconimage=https%3a%2f%2fimage.tmdb.org%2ft%2fp%2foriginal%2f%2fbBBpi5pgOEZlCOgx2q116oPdJnx.jpg&amp;id=76719&amp;image_master&amp;isr=0&amp;last_id&amp;mode=19&amp;name=%5bCOLOR%20white%5d%d7%a2%d7%95%d7%a0%d7%94%203%5b%2fCOLOR%5d&amp;original_title=The%20Rain&amp;season=3&amp;show_original_year=2018&amp;tmdbid=341704&amp;url=https%3a%2f%2fapi.themoviedb.org%2f3%2ftv%2f76719%3fapi_key%3d34142515d9d23817496eeb4ff1d223d0%26language%3den%26append_to_response%3dexternal_ids&amp;video_data=%7b%22rating%22%3a%20%220%22%2c%20%22episode%22%3a%200%2c%20%22title%22%3a%20%22%5bCOLOR%20white%5d%5cu05e2%5cu05d5%5cu05e0%5cu05d4%203%5b%2fCOLOR%5d%22%2c%20%22season%22%3a%200%2c%20%22TVshowtitle%22%3a%20%22%22%2c%20%22mediatype%22%3a%20%22movie%22%2c%20%22plot%22%3a%20%22%5bCOLOR%20aqua%5d%20%5cu05e9%5cu05d5%5cu05d3%5cu05e8%20%5cu05d1%5cu05ea%5cu05d0%5cu05e8%5cu05d9%5cu05da%2005-08-2020%5b%2fCOLOR%5d%5cnAfter%20a%20brutal%20virus%20wipes%20out%20most%20of%20the%20population%2c%20two%20young%20siblings%20embark%20on%20a%20perilous%20search%20for%20safety.%20A%20Scandinavian%20thriller%20series.%22%2c%20%22OriginalTitle%22%3a%20%22The%20Rain%22%2c%20%22Tag%22%3a%20%2216%22%2c%20%22year%22%3a%20%222020%22%7d&quot"/>
</include>


<include content="firstsession">
<param name="firstsissonid" value="522"/>
<param name="tvshowlabelname" value="לוציפר"/>
<param name="firstsissonidcontent" value="plugin://plugin.video.mando/?all_w=%7b%7d&amp;data=2016&amp;dates=%20&amp;description=%5bCOLOR%20aqua%5d%20%d7%a9%d7%95%d7%93%d7%a8%20%d7%91%d7%aa%d7%90%d7%a8%d7%99%d7%9a%2025-01-2016%5b%2fCOLOR%5d%0aBored%20and%20unhappy%20as%20the%20Lord%20of%20Hell%2c%20Lucifer%20Morningstar%20abandoned%20his%20throne%20and%20retired%20to%20Los%20Angeles%2c%20where%20he%20has%20teamed%20up%20with%20LAPD%20detective%20Chloe%20Decker%20to%20take%20down%20criminals.%c2%a0But%20the%20longer%20he%27s%20away%20from%20the%20underworld%2c%20the%20greater%20the%20threat%20that%20the%20worst%20of%20humanity%20could%20escape.&amp;eng_name=%20&amp;episode=%20&amp;fanart=https%3a%2f%2fimage.tmdb.org%2ft%2fp%2foriginal%2f%2fta5oblpMlEcIPIS2YGcq9XEkWK2.jpg&amp;fav_status=false&amp;heb_name=%d7%9c%d7%95%d7%a6%d7%99%d7%a4%d7%a8&amp;iconimage=https%3a%2f%2fimage.tmdb.org%2ft%2fp%2foriginal%2f%2f9qvNXKYqZEsYn3g3yn5tXQe0ceB.jpg&amp;id=63174&amp;image_master&amp;isr=0&amp;last_id&amp;mode=19&amp;name=%5bCOLOR%20white%5d%d7%a2%d7%95%d7%a0%d7%94%201%5b%2fCOLOR%5d&amp;original_title=Lucifer&amp;season=1&amp;show_original_year=2016&amp;tmdbid=295685&amp;url=https%3a%2f%2fapi.themoviedb.org%2f3%2ftv%2f63174%3fapi_key%3d34142515d9d23817496eeb4ff1d223d0%26language%3den%26append_to_response%3dexternal_ids&amp;video_data=%7b%22rating%22%3a%20%220%22%2c%20%22episode%22%3a%200%2c%20%22title%22%3a%20%22%5bCOLOR%20white%5d%5cu05e2%5cu05d5%5cu05e0%5cu05d4%201%5b%2fCOLOR%5d%22%2c%20%22season%22%3a%200%2c%20%22TVshowtitle%22%3a%20%22%22%2c%20%22mediatype%22%3a%20%22movie%22%2c%20%22plot%22%3a%20%22%5bCOLOR%20aqua%5d%20%5cu05e9%5cu05d5%5cu05d3%5cu05e8%20%5cu05d1%5cu05ea%5cu05d0%5cu05e8%5cu05d9%5cu05da%2025-01-2016%5b%2fCOLOR%5d%5cnBored%20and%20unhappy%20as%20the%20Lord%20of%20Hell%2c%20Lucifer%20Morningstar%20abandoned%20his%20throne%20and%20retired%20to%20Los%20Angeles%2c%20where%20he%20has%20teamed%20up%20with%20LAPD%20detective%20Chloe%20Decker%20to%20take%20down%20criminals.%5cu00a0But%20the%20longer%20he%27s%20away%20from%20the%20underworld%2c%20the%20greater%20the%20threat%20that%20the%20worst%20of%20humanity%20could%20escape.%22%2c%20%22OriginalTitle%22%3a%20%22Lucifer%22%2c%20%22Tag%22%3a%20%2216%22%2c%20%22year%22%3a%20%222016%22%7d&quot"/>
</include>
<include content="tvshowseesiontwo">
<param name="seesiontwoid" value="523"/>
<param name="tvshowlabelname" value="לוציפר"/>
<param name="seesiontwoidcontent" value="plugin://plugin.video.mando/?all_w=%7b%7d&amp;data=2016&amp;dates=%20&amp;description=%5bCOLOR%20aqua%5d%20%d7%a9%d7%95%d7%93%d7%a8%20%d7%91%d7%aa%d7%90%d7%a8%d7%99%d7%9a%2019-09-2016%5b%2fCOLOR%5d%0aBored%20and%20unhappy%20as%20the%20Lord%20of%20Hell%2c%20Lucifer%20Morningstar%20abandoned%20his%20throne%20and%20retired%20to%20Los%20Angeles%2c%20where%20he%20has%20teamed%20up%20with%20LAPD%20detective%20Chloe%20Decker%20to%20take%20down%20criminals.%c2%a0But%20the%20longer%20he%27s%20away%20from%20the%20underworld%2c%20the%20greater%20the%20threat%20that%20the%20worst%20of%20humanity%20could%20escape.&amp;eng_name=%20&amp;episode=%20&amp;fanart=https%3a%2f%2fimage.tmdb.org%2ft%2fp%2foriginal%2f%2fta5oblpMlEcIPIS2YGcq9XEkWK2.jpg&amp;fav_status=false&amp;heb_name=%d7%9c%d7%95%d7%a6%d7%99%d7%a4%d7%a8&amp;iconimage=https%3a%2f%2fimage.tmdb.org%2ft%2fp%2foriginal%2f%2fzfUp0LO9ZpleAZxwMrjQj0n4b3X.jpg&amp;id=63174&amp;image_master&amp;isr=0&amp;last_id&amp;mode=19&amp;name=%5bCOLOR%20white%5d%d7%a2%d7%95%d7%a0%d7%94%202%5b%2fCOLOR%5d&amp;original_title=Lucifer&amp;season=2&amp;show_original_year=2016&amp;tmdbid=295685&amp;url=https%3a%2f%2fapi.themoviedb.org%2f3%2ftv%2f63174%3fapi_key%3d34142515d9d23817496eeb4ff1d223d0%26language%3den%26append_to_response%3dexternal_ids&amp;video_data=%7b%22rating%22%3a%20%220%22%2c%20%22episode%22%3a%200%2c%20%22title%22%3a%20%22%5bCOLOR%20white%5d%5cu05e2%5cu05d5%5cu05e0%5cu05d4%202%5b%2fCOLOR%5d%22%2c%20%22season%22%3a%200%2c%20%22TVshowtitle%22%3a%20%22%22%2c%20%22mediatype%22%3a%20%22movie%22%2c%20%22plot%22%3a%20%22%5bCOLOR%20aqua%5d%20%5cu05e9%5cu05d5%5cu05d3%5cu05e8%20%5cu05d1%5cu05ea%5cu05d0%5cu05e8%5cu05d9%5cu05da%2019-09-2016%5b%2fCOLOR%5d%5cnBored%20and%20unhappy%20as%20the%20Lord%20of%20Hell%2c%20Lucifer%20Morningstar%20abandoned%20his%20throne%20and%20retired%20to%20Los%20Angeles%2c%20where%20he%20has%20teamed%20up%20with%20LAPD%20detective%20Chloe%20Decker%20to%20take%20down%20criminals.%5cu00a0But%20the%20longer%20he%27s%20away%20from%20the%20underworld%2c%20the%20greater%20the%20threat%20that%20the%20worst%20of%20humanity%20could%20escape.%22%2c%20%22OriginalTitle%22%3a%20%22Lucifer%22%2c%20%22Tag%22%3a%20%2216%22%2c%20%22year%22%3a%20%222016%22%7d&quot"/>
</include>
<include content="tvshowseesionthree">
<param name="seesionthreeid" value="524"/>
<param name="tvshowlabelname" value="לוציפר"/>
<param name="seesionthreeidcontent" value="plugin://plugin.video.mando/?all_w=%7b%7d&amp;data=2017&amp;dates=%20&amp;description=%5bCOLOR%20aqua%5d%20%d7%a9%d7%95%d7%93%d7%a8%20%d7%91%d7%aa%d7%90%d7%a8%d7%99%d7%9a%2002-10-2017%5b%2fCOLOR%5d%0aBored%20and%20unhappy%20as%20the%20Lord%20of%20Hell%2c%20Lucifer%20Morningstar%20abandoned%20his%20throne%20and%20retired%20to%20Los%20Angeles%2c%20where%20he%20has%20teamed%20up%20with%20LAPD%20detective%20Chloe%20Decker%20to%20take%20down%20criminals.%c2%a0But%20the%20longer%20he%27s%20away%20from%20the%20underworld%2c%20the%20greater%20the%20threat%20that%20the%20worst%20of%20humanity%20could%20escape.&amp;eng_name=%20&amp;episode=%20&amp;fanart=https%3a%2f%2fimage.tmdb.org%2ft%2fp%2foriginal%2f%2fta5oblpMlEcIPIS2YGcq9XEkWK2.jpg&amp;fav_status=false&amp;heb_name=%d7%9c%d7%95%d7%a6%d7%99%d7%a4%d7%a8&amp;iconimage=https%3a%2f%2fimage.tmdb.org%2ft%2fp%2foriginal%2f%2f3wAYNK29W5PHusoFwPMBO5ei8R1.jpg&amp;id=63174&amp;image_master&amp;isr=0&amp;last_id&amp;mode=19&amp;name=%5bCOLOR%20white%5d%d7%a2%d7%95%d7%a0%d7%94%203%5b%2fCOLOR%5d&amp;original_title=Lucifer&amp;season=3&amp;show_original_year=2016&amp;tmdbid=295685&amp;url=https%3a%2f%2fapi.themoviedb.org%2f3%2ftv%2f63174%3fapi_key%3d34142515d9d23817496eeb4ff1d223d0%26language%3den%26append_to_response%3dexternal_ids&amp;video_data=%7b%22rating%22%3a%20%220%22%2c%20%22episode%22%3a%200%2c%20%22title%22%3a%20%22%5bCOLOR%20white%5d%5cu05e2%5cu05d5%5cu05e0%5cu05d4%203%5b%2fCOLOR%5d%22%2c%20%22season%22%3a%200%2c%20%22TVshowtitle%22%3a%20%22%22%2c%20%22mediatype%22%3a%20%22movie%22%2c%20%22plot%22%3a%20%22%5bCOLOR%20aqua%5d%20%5cu05e9%5cu05d5%5cu05d3%5cu05e8%20%5cu05d1%5cu05ea%5cu05d0%5cu05e8%5cu05d9%5cu05da%2002-10-2017%5b%2fCOLOR%5d%5cnBored%20and%20unhappy%20as%20the%20Lord%20of%20Hell%2c%20Lucifer%20Morningstar%20abandoned%20his%20throne%20and%20retired%20to%20Los%20Angeles%2c%20where%20he%20has%20teamed%20up%20with%20LAPD%20detective%20Chloe%20Decker%20to%20take%20down%20criminals.%5cu00a0But%20the%20longer%20he%27s%20away%20from%20the%20underworld%2c%20the%20greater%20the%20threat%20that%20the%20worst%20of%20humanity%20could%20escape.%22%2c%20%22OriginalTitle%22%3a%20%22Lucifer%22%2c%20%22Tag%22%3a%20%2216%22%2c%20%22year%22%3a%20%222017%22%7d&quot"/>
</include>
<include content="tvshowseesionfour">
<param name="seesionfourid" value="525"/>
<param name="tvshowlabelname" value="לוציפר"/>
<param name="seesionfouridcontent" value="plugin://plugin.video.mando/?all_w=%7b%7d&amp;data=2019&amp;dates=%20&amp;description=%5bCOLOR%20aqua%5d%20%d7%a9%d7%95%d7%93%d7%a8%20%d7%91%d7%aa%d7%90%d7%a8%d7%99%d7%9a%2008-05-2019%5b%2fCOLOR%5d%0aBored%20and%20unhappy%20as%20the%20Lord%20of%20Hell%2c%20Lucifer%20Morningstar%20abandoned%20his%20throne%20and%20retired%20to%20Los%20Angeles%2c%20where%20he%20has%20teamed%20up%20with%20LAPD%20detective%20Chloe%20Decker%20to%20take%20down%20criminals.%c2%a0But%20the%20longer%20he%27s%20away%20from%20the%20underworld%2c%20the%20greater%20the%20threat%20that%20the%20worst%20of%20humanity%20could%20escape.&amp;eng_name=%20&amp;episode=%20&amp;fanart=https%3a%2f%2fimage.tmdb.org%2ft%2fp%2foriginal%2f%2fta5oblpMlEcIPIS2YGcq9XEkWK2.jpg&amp;fav_status=false&amp;heb_name=%d7%9c%d7%95%d7%a6%d7%99%d7%a4%d7%a8&amp;iconimage=https%3a%2f%2fimage.tmdb.org%2ft%2fp%2foriginal%2f%2fq1li5do60mMrIONZcjwUNNZZpT4.jpg&amp;id=63174&amp;image_master&amp;isr=0&amp;last_id&amp;mode=19&amp;name=%5bCOLOR%20white%5d%d7%a2%d7%95%d7%a0%d7%94%204%5b%2fCOLOR%5d&amp;original_title=Lucifer&amp;season=4&amp;show_original_year=2016&amp;tmdbid=295685&amp;url=https%3a%2f%2fapi.themoviedb.org%2f3%2ftv%2f63174%3fapi_key%3d34142515d9d23817496eeb4ff1d223d0%26language%3den%26append_to_response%3dexternal_ids&amp;video_data=%7b%22rating%22%3a%20%220%22%2c%20%22episode%22%3a%200%2c%20%22title%22%3a%20%22%5bCOLOR%20white%5d%5cu05e2%5cu05d5%5cu05e0%5cu05d4%204%5b%2fCOLOR%5d%22%2c%20%22season%22%3a%200%2c%20%22TVshowtitle%22%3a%20%22%22%2c%20%22mediatype%22%3a%20%22movie%22%2c%20%22plot%22%3a%20%22%5bCOLOR%20aqua%5d%20%5cu05e9%5cu05d5%5cu05d3%5cu05e8%20%5cu05d1%5cu05ea%5cu05d0%5cu05e8%5cu05d9%5cu05da%2008-05-2019%5b%2fCOLOR%5d%5cnBored%20and%20unhappy%20as%20the%20Lord%20of%20Hell%2c%20Lucifer%20Morningstar%20abandoned%20his%20throne%20and%20retired%20to%20Los%20Angeles%2c%20where%20he%20has%20teamed%20up%20with%20LAPD%20detective%20Chloe%20Decker%20to%20take%20down%20criminals.%5cu00a0But%20the%20longer%20he%27s%20away%20from%20the%20underworld%2c%20the%20greater%20the%20threat%20that%20the%20worst%20of%20humanity%20could%20escape.%22%2c%20%22OriginalTitle%22%3a%20%22Lucifer%22%2c%20%22Tag%22%3a%20%2216%22%2c%20%22year%22%3a%20%222019%22%7d&quot"/>
</include>
<include content="tvshowseesionfive">
<param name="seesionfiveid" value="526"/>
<param name="tvshowlabelname" value="לוציפר"/>
<param name="seesionfiveidcontent" value="plugin://plugin.video.mando/?all_w=%7b%7d&amp;data=2020&amp;dates=%20&amp;description=%5bCOLOR%20aqua%5d%20%d7%a9%d7%95%d7%93%d7%a8%20%d7%91%d7%aa%d7%90%d7%a8%d7%99%d7%9a%2021-08-2020%5b%2fCOLOR%5d%0aBored%20and%20unhappy%20as%20the%20Lord%20of%20Hell%2c%20Lucifer%20Morningstar%20abandoned%20his%20throne%20and%20retired%20to%20Los%20Angeles%2c%20where%20he%20has%20teamed%20up%20with%20LAPD%20detective%20Chloe%20Decker%20to%20take%20down%20criminals.%c2%a0But%20the%20longer%20he%27s%20away%20from%20the%20underworld%2c%20the%20greater%20the%20threat%20that%20the%20worst%20of%20humanity%20could%20escape.&amp;eng_name=%20&amp;episode=%20&amp;fanart=https%3a%2f%2fimage.tmdb.org%2ft%2fp%2foriginal%2f%2fta5oblpMlEcIPIS2YGcq9XEkWK2.jpg&amp;fav_status=false&amp;heb_name=%d7%9c%d7%95%d7%a6%d7%99%d7%a4%d7%a8&amp;iconimage=https%3a%2f%2fimage.tmdb.org%2ft%2fp%2foriginal%2f%2f96D5o8ywmEbGvBfttj1JLXtJRhg.jpg&amp;id=63174&amp;image_master&amp;isr=0&amp;last_id&amp;mode=19&amp;name=%5bCOLOR%20white%5d%d7%a2%d7%95%d7%a0%d7%94%205%5b%2fCOLOR%5d&amp;original_title=Lucifer&amp;season=5&amp;show_original_year=2016&amp;tmdbid=295685&amp;url=https%3a%2f%2fapi.themoviedb.org%2f3%2ftv%2f63174%3fapi_key%3d34142515d9d23817496eeb4ff1d223d0%26language%3den%26append_to_response%3dexternal_ids&amp;video_data=%7b%22rating%22%3a%20%220%22%2c%20%22episode%22%3a%200%2c%20%22title%22%3a%20%22%5bCOLOR%20white%5d%5cu05e2%5cu05d5%5cu05e0%5cu05d4%205%5b%2fCOLOR%5d%22%2c%20%22season%22%3a%200%2c%20%22TVshowtitle%22%3a%20%22%22%2c%20%22mediatype%22%3a%20%22movie%22%2c%20%22plot%22%3a%20%22%5bCOLOR%20aqua%5d%20%5cu05e9%5cu05d5%5cu05d3%5cu05e8%20%5cu05d1%5cu05ea%5cu05d0%5cu05e8%5cu05d9%5cu05da%2021-08-2020%5b%2fCOLOR%5d%5cnBored%20and%20unhappy%20as%20the%20Lord%20of%20Hell%2c%20Lucifer%20Morningstar%20abandoned%20his%20throne%20and%20retired%20to%20Los%20Angeles%2c%20where%20he%20has%20teamed%20up%20with%20LAPD%20detective%20Chloe%20Decker%20to%20take%20down%20criminals.%5cu00a0But%20the%20longer%20he%27s%20away%20from%20the%20underworld%2c%20the%20greater%20the%20threat%20that%20the%20worst%20of%20humanity%20could%20escape.%22%2c%20%22OriginalTitle%22%3a%20%22Lucifer%22%2c%20%22Tag%22%3a%20%2216%22%2c%20%22year%22%3a%20%222020%22%7d&quot"/>
</include>

<!--
<include content="firstsession">
<param name="firstsissonid" value="500"/>
<param name="tvshowlabelname" value=""/>
<param name="firstsissonidcontent" value=""/>
</include>
<include content="tvshowseesiontwo">
<param name="seesiontwoid" value="501"/>
<param name="tvshowlabelname" value=""/>
<param name="seesiontwoidcontent" value=""/>
</include>
<include content="tvshowseesionthree">
<param name="seesionthreeid" value="502"/>
<param name="tvshowlabelname" value=""/>
<param name="seesionthreeidcontent" value=""/>
</include>
<include content="tvshowseesionfour">
<param name="seesionfourid" value="503"/>
<param name="tvshowlabelname" value=""/>
<param name="seesionfouridcontent" value=""/>
</include>
<include content="tvshowseesionfive">
<param name="seesionfiveid" value="504"/>
<param name="tvshowlabelname" value=""/>
<param name="seesionfiveidcontent" value=""/>
</include>
<include content="tvshowseesionsix">
<param name="seesionsixid" value="505"/>
<param name="tvshowlabelname" value=""/>
<param name="seesionsixidcontent" value=""/>
</include>
<include content="tvshowseesionseven">
<param name="seesionsevenid" value="505"/>
<param name="tvshowlabelname" value=""/>
<param name="seesionsevenidcontent" value=""/>
</include>

-->
</control>
</controls>
</window>
