<?xml version="1.0" encoding="UTF-8"?>
<!-- Foundation -->
<window id="6802" type="dialog">
    <defaultcontrol always="true">5849</defaultcontrol>


<controls>

<include content="basecontentidanplus">
<param name="idanplusextraid" value="5849"/>
<param name="idanextracontent" value="plugin://plugin.audio.My.Music/?cat_level=%20&amp;count=0&amp;description=%20Music%20in%20categories%2024-7%20&amp;fanart=https%3a%2f%2fi.ytimg.com%2fvi%2fW7c9SfSdXRA%2fmaxresdefault.jpg&amp;iconimage=https%3a%2f%2fpbs.twimg.com%2fprofile_images%2f974265887384657921%2futXy1ElP_400x400.jpg&amp;index_depth=0&amp;lang=eng&amp;mode=5&amp;name=%d7%a8%d7%a9%d7%aa&amp;page&amp;selected_list=%20&amp;url=%d7%a2%d7%99%d7%93%d7%9f%20%d7%a4%d7%9c%d7%95%d7%a1%d7%a8%d7%a9%d7%aa&quot"/>
</include>

<!-->רשת<-->

<include content="idanplusextrasepisod">
<param name="idanlabelname" value="הישרדות ישראל"/>
<param name="idanepisodextrasid" value="500"/>
<param name="idanepisodcontent" value="plugin://plugin.video.idanplus/?iconimage=https%253A%252F%252Fmedia.reshet.tv%252Fimage%252Fupload%252Ft_app_16x9%252Cq_auto%252Cf_auto%252Fv1592210938%252FSuperTankerMobile_pshnnn.jpg&amp;mode=2&amp;module=reshet&amp;moredata&amp;name=%5bCOLOR%20burlywood%5d%5bB%5d%d7%a4%d7%a8%d7%a7%d7%99%d7%9d%20%d7%9e%d7%9c%d7%90%d7%99%d7%9d%5b%2fB%5d%5b%2fCOLOR%5d&amp;url=https%253A%252F%252F13tv.co.il%252Fmood%252Fsurvivor%252Fseason-04-vip%252Fepisodes%252F&quot"/>
</include>

<include content="idanplusextrasepisod">
<param name="idanlabelname" value="אמבוש"/>
<param name="idanepisodextrasid" value="501"/>
<param name="idanepisodcontent" value="plugin://plugin.video.idanplus/?iconimage=https%253A%252F%252Fmedia.reshet.tv%252Fimage%252Fupload%252Ft_app_16x9%252Cq_auto%252Cf_auto%252Fv1587912978%252FSuperTankerMobile-2_xngeao.jpg&amp;mode=2&amp;module=reshet&amp;moredata&amp;name=%5bCOLOR%20burlywood%5d%5bB%5d%d7%a4%d7%a8%d7%a7%d7%99%d7%9d%20%d7%9e%d7%9c%d7%90%d7%99%d7%9d%5b%2fB%5d%5b%2fCOLOR%5d&amp;url=https%253A%252F%252F13tv.co.il%252Fentertainment%252Fambush%252Fseason-02%252Fepisodes%252F&quot"/>
</include>

<include content="idanplusextrasepisod">
<param name="idanlabelname" value="נבסו"/>
<param name="idanepisodextrasid" value="502"/>
<param name="idanepisodcontent" value="plugin://plugin.video.idanplus/?iconimage=https%253A%252F%252Fmedia.reshet.tv%252Fimage%252Fupload%252Ft_app_16x9%252Cq_auto%252Cf_auto%252Fv1590411193%252FSupertanker_Mobile_002_gqdgzy.jpg&amp;mode=2&amp;module=reshet&amp;moredata&amp;name=%5bCOLOR%20burlywood%5d%5bB%5d%d7%a2%d7%95%d7%a0%d7%94%202%5b%2fB%5d%5b%2fCOLOR%5d&amp;url=https%253A%252F%252F13tv.co.il%252Fparenthood%252Fnevsoo%252Fseason-02&quot"/>
</include>

<include content="idanplusextrasepisod">
<param name="idanlabelname" value="שנות השמונים"/>
<param name="idanepisodextrasid" value="503"/>
<param name="idanepisodcontent" value="plugin://plugin.video.idanplus/?iconimage=https%253A%252F%252Fmedia.reshet.tv%252Fimage%252Fupload%252Ft_app_16x9%252Cq_auto%252Cf_auto%252Fv1573485223%252FSuperTanker_Mobile_mwk39v.jpg&amp;mode=2&amp;module=reshet&amp;moredata&amp;name=%5bCOLOR%20burlywood%5d%5bB%5d%d7%a2%d7%95%d7%a0%d7%94%205%5b%2fB%5d%5b%2fCOLOR%5d&amp;url=https%253A%252F%252F13tv.co.il%252Ffeatured-series%252Fshnot-hashmonim%252Fseason-05%252F&quot"/>
</include>

<include content="idanplusextrasepisod">
<param name="idanlabelname" value="שי בשידור"/>
<param name="idanepisodextrasid" value="504"/>
<param name="idanepisodcontent" value="plugin://plugin.video.idanplus/?iconimage=https%253A%252F%252Fmedia.reshet.tv%252Fimage%252Fupload%252Ft_app_16x9%252Cq_auto%252Cf_auto%252Fv1590444236%252FSupertanker_ShayBeshidur_Homep_rtenjf.jpg&amp;mode=2&amp;module=reshet&amp;moredata&amp;name=%5bCOLOR%20burlywood%5d%5bB%5d%d7%a4%d7%a8%d7%a7%d7%99%d7%9d%20%d7%9e%d7%9c%d7%90%d7%99%d7%9d%5b%2fB%5d%5b%2fCOLOR%5d&amp;url=https%253A%252F%252F13tv.co.il%252Fentertainment%252Fshai-beshidur%252Fseason-07%252Fepisodes%252F&quot"/>
</include>

<include content="idanplusextrasepisod">
<param name="idanlabelname" value="קובי וליטל החיים עצמם"/>
<param name="idanepisodextrasid" value="505"/>
<param name="idanepisodcontent" value="plugin://plugin.video.idanplus/?iconimage=https%253A%252F%252Fmedia.reshet.tv%252Fimage%252Fupload%252Ft_app_16x9%252Cq_auto%252Cf_auto%252Fv1584470448%252Fkoby_lital_ymvky9.jpg&amp;mode=2&amp;module=reshet&amp;moredata&amp;name=%5bCOLOR%20burlywood%5d%5bB%5d%d7%a4%d7%a8%d7%a7%d7%99%d7%9d%20%d7%9e%d7%9c%d7%90%d7%99%d7%9d%5b%2fB%5d%5b%2fCOLOR%5d&amp;url=https%253A%252F%252F13tv.co.il%252Fentertainment%252Fkobi-and-lital%252Fseason-01%252Fepisodes%252F&quot"/>
</include>

<include content="idanplusextrasepisod">
<param name="idanlabelname" value="המסע המופלא של אהרוני וגידי"/>
<param name="idanepisodextrasid" value="506"/>
<param name="idanepisodcontent" value="plugin://plugin.video.idanplus/?iconimage=https%253A%252F%252Fmedia.reshet.tv%252Fimage%252Fupload%252Ft_app_16x9%252Cq_auto%252Cf_auto%252Fv1582489868%252Fnrsxrt_kequ7l.jpg&amp;mode=2&amp;module=reshet&amp;moredata&amp;name=%5bCOLOR%20burlywood%5d%5bB%5d%d7%a2%d7%95%d7%a0%d7%94%207%5b%2fB%5d%5b%2fCOLOR%5d&amp;url=https%253A%252F%252F13tv.co.il%252Fyummies%252Fthe-amazing-journey%252Fseason-07%252F&quot"/>
</include>

<include content="idanplusextrasepisod">
<param name="idanlabelname" value="המירוץ למיליון"/>
<param name="idanepisodextrasid" value="507"/>
<param name="idanepisodcontent" value="plugin://plugin.video.idanplus/?iconimage=https%253A%252F%252Fmedia.reshet.tv%252Fimage%252Fupload%252Ft_app_16x9%252Cq_auto%252Cf_auto%252Fv1598969000%252FMerotz_750x422_auaaso.jpg&amp;mode=2&amp;module=reshet&amp;moredata&amp;name=%5bCOLOR%20burlywood%5d%5bB%5d%d7%a4%d7%a8%d7%a7%d7%99%d7%9d%20%d7%9e%d7%9c%d7%90%d7%99%d7%9d%5b%2fB%5d%5b%2fCOLOR%5d&amp;url=https%253A%252F%252F13tv.co.il%252Fmood%252Fthe-amazing-race%252Fseason-08%252Fepisodes%252F&quot"/>
</include>

<!-->

<include content="idanplusextrasepisod">
<param name="idanlabelname" value=""/>
<param name="idanepisodextrasid" value="5"/>
<param name="idanepisodcontent" value=""/>
</include>

<-->


<include>textlabelsidan</include>

</controls>
</window>
