<?xml version="1.0" encoding="UTF-8"?>
<window>
	<defaultcontrol always="true">2311</defaultcontrol>
	<backgroundcolor>ffffffff</backgroundcolor>
	<onload condition="$EXP[seriashowslide]">SendClick(8)</onload>	
	<onload condition="Window.IsActive(6772)">SendClick(11)</onload>
	<onload condition="Window.IsActive(6830)">Control.SetFocus(2311)</onload>
	<onload condition="Window.IsActive(6833)">Control.SetFocus(2312)</onload>
	<onload condition="Window.IsActive(6837)">Control.SetFocus(2313)</onload>
	<onload condition="Window.IsActive(6845)">Control.SetFocus(2314)</onload>
	<onload condition="Window.IsActive(6851)">Control.SetFocus(2315)</onload>
	<controls>
	
	
	<control type="grouplist" id="2311">
	<visible>Window.IsActive(6830)</visible>
	<posx>200</posx>
	<posy>620</posy>
	<width>600</width>
	<height>400</height>
	<itemgap>20</itemgap>
	<orientation>vertical</orientation>
	<control type="button" id="60">
	<texturefocus colordiffuse="deeppink">white.png</texturefocus>
	<texturenofocus colordiffuse="ff2d95d7">white.png</texturenofocus>
	<posx>400</posx>
	<posy>400</posy>
	<width>380</width>
	<height>60</height>
	<label>נגן</label>
	<onright>Dialog.Close(all,true)</onright>
	<onright condition="Window.IsActive(6830)">ActivateWindow(6830)</onright>
	<onclick>SendClick(8)</onclick>
	</control>
	<control type="button" id="61">
	<texturefocus colordiffuse="deeppink">white.png</texturefocus>
	<texturenofocus colordiffuse="ff2d95d7">white.png</texturenofocus>
	<posx>400</posx>
	<posy>400</posy>
	<width>380</width>
	<height>60</height>
	<label>טריילר</label>
	<onright>Dialog.Close(all,true)</onright>
	<onright condition="Window.IsActive(6830)">ActivateWindow(6830)</onright>
	<onclick>SendClick(11)</onclick>
	</control>
	<control type="button" id="62">
	<texturefocus colordiffuse="deeppink">white.png</texturefocus>
	<texturenofocus colordiffuse="ff2d95d7">white.png</texturenofocus>
	<posx>400</posx>
	<posy>400</posy>
	<width>380</width>
	<height>60</height>
	<label>דרג את הסרט</label>
	<onright>Dialog.Close(all,true)</onright>
	<onright condition="Window.IsActive(6830)">ActivateWindow(6830)</onright>
	<onclick>SendClick(7)</onclick>
	</control>
	</control>
	
	
	<control type="grouplist" id="2312">
	<visible>Window.IsActive(6833)</visible>
	<posx>20</posx>
	<posy>750</posy>
	<width>600</width>
	<height>400</height>
	<itemgap>20</itemgap>
	<orientation>horizontal</orientation>
	<control type="button" id="60">
	<texturefocus colordiffuse="gray">white.png</texturefocus>
	<texturenofocus colordiffuse="white">white.png</texturenofocus>
	<textcolor>black</textcolor>
	<focusedcolor>black</focusedcolor>
	<posx>400</posx>
	<posy>400</posy>
	<width>180</width>
	<height>40</height>
	<label>נגן</label>
	<onup>Dialog.Close(movieinformation)</onup>
	<ondown>Dialog.Close(movieinformation)</ondown>
	<onclick>SendClick(8)</onclick>
	</control>
	<control type="button" id="61">
	<visible>!IsEmpty(ListITem.Trailer) + Container.Content(movies)</visible>
	<texturefocus colordiffuse="gray">white.png</texturefocus>
	<texturenofocus colordiffuse="white">white.png</texturenofocus>
		<textcolor>black</textcolor>
	<focusedcolor>black</focusedcolor>
	<posx>400</posx>
	<posy>400</posy>
	<width>180</width>
	<height>40</height>
	<label>טריילר</label>
	<onup>Dialog.Close(movieinformation)</onup>
	<ondown>Dialog.Close(movieinformation)</ondown>
	<onclick>SendClick(11)</onclick>
	</control>
	<control type="button" id="62">
	<texturefocus colordiffuse="gray">white.png</texturefocus>
	<texturenofocus colordiffuse="white">white.png</texturenofocus>
	<textcolor>black</textcolor>
	<focusedcolor>black</focusedcolor>
	<posx>400</posx>
	<posy>400</posy>
	<width>180</width>
	<height>40</height>
	<label>דרג</label>
	<onup>Dialog.Close(movieinformation)</onup>
	<ondown>Dialog.Close(movieinformation)</ondown>
	<onclick>SendClick(7)</onclick>
	</control>
	</control>



<control type="grouplist" id="2313">
<visible>Window.IsActive(6837)</visible>
<posx>440</posx>
<posy>1020</posy>
<width>1000</width>
<height>100</height>
<onback>5</onback>
<orientation>horizontal</orientation>
<itemgap>50</itemgap>
<control type="button" id="21">
<texturenofocus colordiffuse="ff2d95d7">white.png</texturenofocus>
<texturefocus colordiffuse="deeppink">white.png</texturefocus>
<posx>0</posx>
<posy>0</posy>
<width>250</width>
<height>50</height>
<label>נגן</label>
	<onup>Dialog.Close(movieinformation)</onup>
	<ondown>Dialog.Close(movieinformation)</ondown>
	<onclick>SendClick(8)</onclick>
</control>
<control type="button" id="22">
<texturenofocus colordiffuse="ff2d95d7">white.png</texturenofocus>
<texturefocus colordiffuse="deeppink">white.png</texturefocus>
<posx>0</posx>
<posy>0</posy>
<width>250</width>
<height>50</height>
<label>טריילר</label>
	<onup>Dialog.Close(movieinformation)</onup>
	<ondown>Dialog.Close(movieinformation)</ondown>
	<onclick>SendClick(11)</onclick>
</control>
<control type="button" id="23">
<texturenofocus colordiffuse="ff2d95d7">white.png</texturenofocus>
<texturefocus colordiffuse="deeppink">white.png</texturefocus>
<posx>0</posx>
<posy>0</posy>
<width>250</width>
<height>50</height>
<label>דירוג</label>
	<onup>Dialog.Close(movieinformation)</onup>
	<ondown>Dialog.Close(movieinformation)</ondown>
	<onclick>SendClick(7)</onclick>
</control>
</control>


<control type="grouplist" id="2314">
<visible>Window.IsActive(6845)</visible>
<posx>440</posx>
<posy>1020</posy>
<width>1000</width>
<height>100</height>
<onback>5</onback>
<orientation>horizontal</orientation>
<itemgap>50</itemgap>
<control type="button" id="21">
<texturenofocus colordiffuse="ff2d95d7">white.png</texturenofocus>
<texturefocus colordiffuse="deeppink">white.png</texturefocus>
<posx>0</posx>
<posy>0</posy>
<width>250</width>
<height>50</height>
<label>נגן</label>
	<onup>Dialog.Close(movieinformation)</onup>
	<ondown>Dialog.Close(movieinformation)</ondown>
	<onclick>SendClick(8)</onclick>
</control>
<control type="button" id="22">
<texturenofocus colordiffuse="ff2d95d7">white.png</texturenofocus>
<texturefocus colordiffuse="deeppink">white.png</texturefocus>
<posx>0</posx>
<posy>0</posy>
<width>250</width>
<height>50</height>
<label>טריילר</label>
	<onup>Dialog.Close(movieinformation)</onup>
	<ondown>Dialog.Close(movieinformation)</ondown>
	<onclick>SendClick(11)</onclick>
</control>
<control type="button" id="23">
<texturenofocus colordiffuse="ff2d95d7">white.png</texturenofocus>
<texturefocus colordiffuse="deeppink">white.png</texturefocus>
<posx>0</posx>
<posy>0</posy>
<width>250</width>
<height>50</height>
<label>דירוג</label>
	<onup>Dialog.Close(movieinformation)</onup>
	<ondown>Dialog.Close(movieinformation)</ondown>
	<onclick>SendClick(7)</onclick>
</control>
</control>


<control type="grouplist" id="2315">
<visible>Window.IsActive(6851)</visible>
<posx>440</posx>
<posy>1020</posy>
<width>1000</width>
<height>100</height>
<onback>5</onback>
<orientation>horizontal</orientation>
<itemgap>50</itemgap>
<control type="button" id="21">
<texturenofocus colordiffuse="ff2d95d7">white.png</texturenofocus>
<texturefocus colordiffuse="deeppink">white.png</texturefocus>
<posx>0</posx>
<posy>0</posy>
<width>250</width>
<height>50</height>
<label>נגן</label>
	<onup>Dialog.Close(movieinformation)</onup>
	<ondown>Dialog.Close(movieinformation)</ondown>
	<onclick>SendClick(8)</onclick>
</control>
<control type="button" id="22">
<texturenofocus colordiffuse="ff2d95d7">white.png</texturenofocus>
<texturefocus colordiffuse="deeppink">white.png</texturefocus>
<posx>0</posx>
<posy>0</posy>
<width>250</width>
<height>50</height>
<label>טריילר</label>
	<onup>Dialog.Close(movieinformation)</onup>
	<ondown>Dialog.Close(movieinformation)</ondown>
	<onclick>SendClick(11)</onclick>
</control>
<control type="button" id="23">
<texturenofocus colordiffuse="ff2d95d7">white.png</texturenofocus>
<texturefocus colordiffuse="deeppink">white.png</texturefocus>
<posx>0</posx>
<posy>0</posy>
<width>250</width>
<height>50</height>
<label>דירוג</label>
	<onup>Dialog.Close(movieinformation)</onup>
	<ondown>Dialog.Close(movieinformation)</ondown>
	<onclick>SendClick(7)</onclick>
</control>
</control>


	<control type="button" id="8">
	<width>1</width>
	<height>1</height>
	<label>-</label>
	<onclick>-</onclick>
	</control>
	
	<control type="button" id="11">
	<width>1</width>
	<height>1</height>
	<label>-</label>
	<onclick>-</onclick>
	</control>
	
	
	
	<control type="button" id="8">
	<width>1</width>
	<height>1</height>
	<label>-</label>
	<onclick>-</onclick>
	</control>
	
	<control type="button" id="11">
	<width>1</width>
	<height>1</height>
	<label>-</label>
	<onclick>-</onclick>
	</control>
	</controls>
</window>
