<?xml version="1.0" encoding="UTF-8"?>
<window>
	<defaultcontrol always="true">1233</defaultcontrol>
	<controls>
	

<control type="image">
<posx>0</posx>
<posy>0</posy>
<width>1000</width>
<height>300</height>
<texture border="40">special://skin/extras/common/roundedbutton-nofocus.png</texture>
</control>
<control type="label">
<posx>100</posx>
<posy>25</posy>
<width>500</width>
<height>40</height>
<align>center</align>
<label>$INFO[ListItem.Label]</label>
</control>
<control type="textbox">
<posx>100</posx>
<posy>100</posy>
<width>450</width>
<height>100</height>
<align>center</align>
<label>$INFO[ListItem.Plot]</label>
</control>
<control type="image">
<posx>720</posx>
<posy>25</posy>
<width>250</width>
<height>250</height>
<texture diffuse="special://skin/extras/diffuse/poster_diffuse.png">$INFO[ListItem.Thumb]</texture>
</control>
<control type="grouplist" id="1233">
<posx>125</posx>
<posy>230</posy>
<width>1920</width>
<height>100</height>
<itemgap>50</itemgap>
<orientation>horizontal</orientation>
<control type="button" id="44">
<posx>0</posx>
<posy>0</posy>
<width>180</width>
<height>50</height>
<texturenofocus>special://skin/extras/common/roundedbutton-nofocus.png</texturenofocus>
<texturefocus>special://skin/extras/common/roundedbutton-focus.png</texturefocus>
<label>נגן</label>
<onclick>SendClick(8)</onclick>
</control>
<control type="button" id="45">
<posx>0</posx>
<posy>0</posy>
<width>180</width>
<height>50</height>
<texturenofocus>special://skin/extras/common/roundedbutton-nofocus.png</texturenofocus>
<texturefocus>special://skin/extras/common/roundedbutton-focus.png</texturefocus>
<label>טריילר</label>
<onclick>SendClick(11)</onclick>
</control>
</control>


	<control type="button" id="8">
	<width>1</width>
	<height>1</height>
	<label>-</label>
	<onclick>-</onclick>
	</control>
	
	<control type="button" id="11">
	<width>1</width>
	<height>1</height>
	<label>-</label>
	<onclick>-</onclick>
	</control>
	
	
	
	<control type="button" id="8">
	<width>1</width>
	<height>1</height>
	<label>-</label>
	<onclick>-</onclick>
	</control>
	
	<control type="button" id="11">
	<width>1</width>
	<height>1</height>
	<label>-</label>
	<onclick>-</onclick>
	</control>
	</controls>
</window>
