<?xml version="1.0" encoding="UTF-8"?>
<window>
	
	<defaultcontrol always="true">9000</defaultcontrol>
	<onload>RunScript(script.skinshortcuts,type=buildxml&amp;mainmenuID=9000)</onload>
	<onload condition="Window.Previous(startup)">Skin.Reset(mypassword)</onload>
	<onload condition="!Window.Previous(startup)">AlarmClock(parental,Skin.Reset(mypassword),$VAR[password_time],Silent)</onload>
	<!--<onload condition="!Player.HasVideo">AlarmClock(hidemenu,setfocus(9999),05:10,true)</onload>-->
	<onload condition="player.hasvideo + Skin.HasSetting(videobackground)">control.setfocus(9000)</onload>
	<onload>ClearPropery(home)</onload>
	<onload>SkinHelper.StudioLogos.Path</onload>
	<onload>Skin.SetBool(SkinHelper.EnableAnimatedPosters)</onload>
	<onload>Skin.SetBool(SkinHelper.EnableExtraPoster)</onload>
	<onload>Skin.SetBool(SkinHelper.EnableExtraFanart)</onload>
	<onload>Skin.SetBool(SkinHelper.EnableExtendedArt)</onload>
	<onload>SetProperty(SkinHelper.WidgetContainer,5)</onload>
	<onunload>ClearProperty(SkinHelper.WidgetContainer)</onunload>
	<include>views_animation</include>
	<controls>
	
	

	
			<control type="multiimage">
			<posx>0</posx>
			<posy>0</posy>
			<width>1920</width>
			<height>1080</height>
			<imagepath background="true">special://skin/extras/specialbuttons/background.jpg</imagepath>
			<aspectratio aligny="top">scale</aspectratio>
			<timeperimage>80000</timeperimage>
			<randomize>true</randomize>
			<fadetime>650</fadetime>
		</control>
	
		
		<include>submainmenu</include>
		<include>seriastvshowsmainmenu</include>
		<include>moviesgenresmainscreen</include>
		<include>controlsmainscreen</include>
	
		<control type="group">
		
		<control type="image">
		
		<posx>1360</posx>
		<posy>0</posy>
		<width>560</width>
		<height>275</height>
		<bordertexture colordiffuse="gray">white.png</bordertexture>
		<bordersize>4</bordersize>
		<texture colordiffuse="black">white.png</texture>
		</control>
		
		<control type="image">
		<animation condition="Window.IsActive(DialogVideoInfo.xml)" effect="slide" start="0,0" end="0,-500" time="550" tween="sine" easing="inout">Conditional</animation>
		<animation condition="Control.HasFocus(8823)" effect="slide" start="0,0" end="0,-50" time="550" tween="sine" easing="inout">Conditional</animation>
		<posx>0</posx>
		<posy>0</posy>
		<width>1350</width>
		<height>275</height>
		<bordertexture colordiffuse="gray">white.png</bordertexture>
		<bordersize>4</bordersize>
		<texture colordiffuse="black">white.png</texture>
		</control>
		
		<control type="image">
		<posx>0</posx>
		<posy>280</posy>
		<width>1350</width>
		<height>450</height>
		<bordertexture colordiffuse="gray">white.png</bordertexture>
		<bordersize>4</bordersize>
		<texture colordiffuse="black">white.png</texture>
		</control>
		<control type="image">
		<posx>1360</posx>
		<posy>280</posy>
		<width>560</width>
		<height>450</height>
		<bordertexture colordiffuse="gray">white.png</bordertexture>
		<bordersize>4</bordersize>
		<texture colordiffuse="black">white.png</texture>
		</control>
		</control>
	

			<include content="baseofallbuildinfo">
			<param name="globallabel" value="9202"/>
			</include>
			
			<include content="channelsidanplus">
			<param name="channelsidanid" value="9203"/>
			<param name="channelcontent" value="plugin://plugin.video.idanplus/?iconimage=C%253A%255CUsers%255Cneta%255CAppData%255CRoaming%255CKodi%255Caddons%255Cplugin.video.idanplus%255Cicon.png&amp;mode=1&amp;module&amp;moredata&amp;name=%5bB%5d%d7%98%d7%9c%d7%95%d7%99%d7%96%d7%99%d7%94%5b%2fB%5d&amp;url&quot"/>
			</include>
			
			<include>epidssodesmainscreen</include>
			<include>home_main_menu</include>
			<include>skinshortcuts-template-widget</include>
	
		
	</controls>
</window>
