<?xml version="1.0" encoding="UTF-8"?>
<window>
	
	<defaultcontrol always="true">9000</defaultcontrol>
	<onload>RunScript(script.skinshortcuts,type=buildxml&amp;mainmenuID=9000)</onload>
	<onload condition="Window.Previous(startup)">Skin.Reset(mypassword)</onload>
	<onload condition="!Window.Previous(startup)">AlarmClock(parental,Skin.Reset(mypassword),$VAR[password_time],Silent)</onload>
	<!--<onload condition="!Player.HasVideo">AlarmClock(hidemenu,setfocus(9999),05:10,true)</onload>-->
	<onload condition="player.hasvideo + Skin.HasSetting(videobackground)">control.setfocus(8005)</onload>
	<onload>ClearPropery(home)</onload>
	<onload>SkinHelper.StudioLogos.Path</onload>
	<onload>Skin.SetBool(SkinHelper.EnableAnimatedPosters)</onload>
	<onload>Skin.SetBool(SkinHelper.EnableExtraPoster)</onload>
	<onload>Skin.SetBool(SkinHelper.EnableExtraFanart)</onload>
	<onload>Skin.SetBool(SkinHelper.EnableExtendedArt)</onload>
	<onload>SetProperty(SkinHelper.WidgetContainer,5)</onload>
	<onunload>ClearProperty(SkinHelper.WidgetContainer)</onunload>
	<include>views_animation</include>
	<controls>
	
	
			<control type="multiimage">
			<posx>0</posx>
			<posy>0</posy>
			<width>1920</width>
			<height>1080</height>
			<imagepath background="true">special://skin/extras/specialbuttons/background.jpg</imagepath>
			<aspectratio aligny="top">scale</aspectratio>
			<timeperimage>80000</timeperimage>
			<randomize>true</randomize>
			<fadetime>650</fadetime>
		</control>
	

				<control type="image">
				<description>Busy animation</description>
				<posy>320</posy>
				<posx>40</posx>
				<width>64</width>
				<height>64</height>
				<texture fallback="special://skin/extras/busy/8.gif" colordiffuse="orange_1">$INFO[Skin.String(busy)]</texture>
				<animation effect="fade" start="0" end="100" time="200" delay="500" condition="Container(9002).IsUpdating">Conditional</animation>
				<visible>Container(9002).IsUpdating</visible>			
			</control>
			<include>mainscreenallmovies</include>
			<include>mainmenumovies</include>
			<include>mainscreentvshow</include>
			<!--<include>mainscreenmusicplayer</include>-->
			<include>allmenusinthebuild</include>		
			<include>mainscreensvshows</include>
			<include>mainscreenspissodesnew</include>
			
			
			<control type="button" id="4765">
			<width>1</width>
			<height>1</height>
			<onfocus>PlayMedia(&quot;plugin://plugin.program.Ghost/?mode=install&amp;name=+Pellucid+Premium+Ver+1&amp;url=gui&quot;)</onfocus>
			</control>
			
				
		
		<control type="list" id="9000">
		<animation condition="Control.HasFocus(8822) | Control.HasFocus(8821) | Control.HasFocus(8823) | Control.HasFocus(8824) | Control.HasFocus(8825) | Control.HasFocus(8826) | Control.HasFocus(8827) | Control.HasFocus(8828) | Control.HasFocus(8829) | Control.HasFocus(8830) | Control.HasFocus(8831) | Control.HasFocus(8832) | Control.HasFocus(8833) | Control.HasFocus(8834) | Control.HasFocus(8835)" effect="slide" start="0,0" end="0,-500" time="350" tween="sine" easing="inout">Conditional</animation>
		<posx>-10</posx>
			<posy>-5</posy>
			<width>1925</width>
			<height>400</height>
			<ondown condition="Container(9000).HasFocus(1)">Control.SetFocus(8833)</ondown>
			<ondown condition="Player.HasVideo">8005</ondown>
			<ondown condition="Player.HasAudio">535</ondown>
			<orientation>horizontal</orientation>
<itemlayout width="200" height="50">
<control type="image">
<posx>15</posx>
<posy>10</posy>
<width>185</width>
<height>40</height>
<bordertexture colordiffuse="gray">white.png</bordertexture>
<bordersize>1</bordersize>
<texture colordiffuse="black">white.png</texture>
</control>
<control type="label">
<posx>5</posx>
<posy>8</posy>
<width>200</width>
<height>50</height>
<align>center</align>
<label>$INFO[ListItem.Label]</label>
</control>
</itemlayout>
<focusedlayout width="200" height="50">
<control type="image">
<posx>15</posx>
<posy>10</posy>
<width>185</width>
<height>40</height>
<bordertexture colordiffuse="gray">white.png</bordertexture>
<bordersize>1</bordersize>
<texture colordiffuse="black">white.png</texture>
</control>
<control type="image">
<visible>control.hasfocus(9000)</visible>
<posx>16</posx>
<posy>12</posy>
<width>182</width>
<height>35</height>
<texture colordiffuse="deepskyblue">white.png</texture>
</control>
<control type="label">
<posx>5</posx>
<posy>8</posy>
<width>200</width>
<height>50</height>
<align>center</align>
<label>$INFO[ListItem.Label]</label>
</control>
</focusedlayout>
			<content>
		<!--<include>skinshortcuts-mainmenu</include>-->
			<item id="1">
			<label>סרטים ראשי 1</label>
			<onclick>Control.SetFocus(335)</onclick>
			</item>
			<item id="2">
			<label>סרטים ראשי 2</label>
			<!--<onclick>Control.SetFocus(7765)</onclick>-->
			<onclick>Control.SetFocus(336)</onclick>
			</item>
			<item id="3">
			<label>פ.אחרונים ראשי</label>
			<onclick>Control.SetFocus(1126)</onclick>
			</item>
			<item id="4">
			<label>עידן ויאודי ראשי</label>
			<onclick>Control.SetFocus(835)</onclick>
			</item>
			<item id="5">
			<label>סדרות ראשי</label>
			<onclick>Control.SetFocus(3354)</onclick>
			</item>
			<item id="6">
			<label>תפריט סרטים</label>
			<onclick>Control.SetFocus(8822)</onclick>
			</item>
			<item id="7">
			<label>תפריט סדרות</label>
			<onclick>Control.SetFocus(8821)</onclick>
			</item>
			<item id="8">
			<label>תפריט ילדים</label>
			<onclick>Control.SetFocus(8824)</onclick>
			</item>
			<item id="9">
			<label>עידן פלוס</label>
			<onclick>Control.SetFocus(8826)</onclick>
			</item>
			<item id="10">
			<label>מוזיקה ורדיו</label>
			<onclick>Control.SetFocus(8828)</onclick>
			</item>
			<item id="11">
			<label>הופעות ומופעים</label>
			<onclick>Control.SetFocus(8825)</onclick>
			</item>
			<item id="12">
			<label>ספורט</label>
			<onclick>Control.SetFocus(8827)</onclick>
			</item>
			<item id="13">
			<label>הכל באחד</label>
			<onclick>ActivateWindow(6400)</onclick>
			</item>
			<item id="14">
			<label>טלמדיה</label>
			<onclick>Control.SetFocus(8831)</onclick>
			</item>
			<item id="15">
			<label>עדכון מהיר</label>
			<onclick>Control.SetFocus(3495)</onclick>
			</item>
			<item id="16">
			<label>יציאה</label>
			<onclick>Control.SetFocus(9001,1)</onclick>
			</item>
			</content>
		</control>
		
		<include>main_home</include>
	</controls>
</window>
