<?xml version="1.0" encoding="UTF-8"?>
<window>
	
	<defaultcontrol always="true">9000</defaultcontrol>
	<onload>RunScript(script.skinshortcuts,type=buildxml&amp;mainmenuID=9000)</onload>
	<onload condition="Window.Previous(startup)">Skin.Reset(mypassword)</onload>
	<onload condition="!Window.Previous(startup)">AlarmClock(parental,Skin.Reset(mypassword),$VAR[password_time],Silent)</onload>
	<!--<onload condition="!Player.HasVideo">AlarmClock(hidemenu,setfocus(9999),05:10,true)</onload>-->
	<onload condition="player.hasvideo + Skin.HasSetting(videobackground)">control.setfocus(9000)</onload>
	<onload>ClearPropery(home)</onload>
	<onload>SkinHelper.StudioLogos.Path</onload>
	<onload>Skin.SetBool(SkinHelper.EnableAnimatedPosters)</onload>
	<onload>Skin.SetBool(SkinHelper.EnableExtraPoster)</onload>
	<onload>Skin.SetBool(SkinHelper.EnableExtraFanart)</onload>
	<onload>Skin.SetBool(SkinHelper.EnableExtendedArt)</onload>
	<onload>SetProperty(SkinHelper.WidgetContainer,5)</onload>
	<onunload>ClearProperty(SkinHelper.WidgetContainer)</onunload>
	<include>views_animation</include>
	<controls>
	
	

	
			<control type="multiimage">
			<posx>0</posx>
			<posy>0</posy>
			<width>1920</width>
			<height>1080</height>
			<imagepath background="true">special://skin/extras/specialbuttons/background.jpg</imagepath>
			<aspectratio aligny="top">scale</aspectratio>
			<timeperimage>80000</timeperimage>
			<randomize>true</randomize>
			<fadetime>650</fadetime>
		</control>
	
		
		<include>submainmenu</include>
		<include>seriastvshowsmainmenu</include>
		<include>telemediamainmenu</include>
		<include>moviesgenresmainscreen</include>
		<include>controlsmainscreen</include>
		
	
		<control type="group">
		
		<control type="image">
		
		<posx>1360</posx>
		<posy>0</posy>
		<width>560</width>
		<height>275</height>
		<bordertexture colordiffuse="gray">white.png</bordertexture>
		<bordersize>4</bordersize>
		<texture colordiffuse="black">white.png</texture>
		</control>
		
		<control type="image">
		<animation condition="Window.IsActive(DialogVideoInfo.xml)" effect="slide" start="0,0" end="0,-500" time="550" tween="sine" easing="inout">Conditional</animation>
		<animation condition="Control.HasFocus(8823) | Control.HasFocus(8824)" effect="slide" start="0,0" end="0,-50" time="550" tween="sine" easing="inout">Conditional</animation>
		<posx>0</posx>
		<posy>0</posy>
		<width>1350</width>
		<height>275</height>
		<bordertexture colordiffuse="gray">white.png</bordertexture>
		<bordersize>4</bordersize>
		<texture colordiffuse="black">white.png</texture>
		</control>
		
		<control type="image">
		<posx>0</posx>
		<posy>280</posy>
		<width>1350</width>
		<height>450</height>
		<bordertexture colordiffuse="gray">white.png</bordertexture>
		<bordersize>4</bordersize>
		<texture colordiffuse="black">white.png</texture>
		</control>
		<control type="image">
		<posx>1360</posx>
		<posy>280</posy>
		<width>560</width>
		<height>450</height>
		<bordertexture colordiffuse="gray">white.png</bordertexture>
		<bordersize>4</bordersize>
		<texture colordiffuse="black">white.png</texture>
		</control>
		</control>
	
			<description>וידג'טים מסך ראשי</description>
			<control type="group">
			<animation condition="Control.HasFocus(9304) | Control.HasFocus(9305) | Control.HasFocus(9306) | Control.HasFocus(9307) | Control.HasFocus(9308) | Control.HasFocus(9309) | Control.HasFocus(9310) | Control.HasFocus(9311) | Control.HasFocus(9312) | Control.HasFocus(9313) | Control.HasFocus(9314) | Control.HasFocus(9315) | Control.HasFocus(9316) | Control.HasFocus(9317)" effect="fade" start="100" end="0" time="150">Conditional</animation>
			<include content="baseofallbuildinfo">
			<param name="globallabel" value="9202"/>
			</include>
			</control>
			
			<control type="group">
			<visible allowhiddenfocus="true">Control.HasFocus(9304)</visible>
			<include content="baseofallbuildinfo">
			<param name="globallabel" value="9304"/>
			</include>
			</control>
			
			<control type="group">
			<visible allowhiddenfocus="true">Control.HasFocus(9305)</visible>
			<include content="baseofallbuildinfo">
			<param name="globallabel" value="9305"/>
			</include>
			</control>
			
			<control type="group">
			<visible allowhiddenfocus="true">Control.HasFocus(9306)</visible>
			<include content="baseofallbuildinfo">
			<param name="globallabel" value="9306"/>
			</include>
			</control>
			
			<control type="group">
			<visible allowhiddenfocus="true">Control.HasFocus(9307)</visible>
			<include content="baseofallbuildinfo">
			<param name="globallabel" value="9307"/>
			</include>
			</control>
			
			<control type="group">
			<visible allowhiddenfocus="true">Control.HasFocus(9308)</visible>
			<include content="baseofallbuildinfo">
			<param name="globallabel" value="9308"/>
			</include>
			</control>

			<control type="group">
			<visible allowhiddenfocus="true">Control.HasFocus(9309)</visible>
			<include content="baseofallbuildinfo">
			<param name="globallabel" value="9309"/>
			</include>
			</control>
			
			<control type="group">
			<visible allowhiddenfocus="true">Control.HasFocus(9310)</visible>
			<include content="baseofallbuildinfo">
			<param name="globallabel" value="9310"/>
			</include>
			</control>
			
			<control type="group">
			<visible allowhiddenfocus="true">Control.HasFocus(9311)</visible>
			<include content="baseofallbuildinfo">
			<param name="globallabel" value="9311"/>
			</include>
			</control>
			
			<control type="group">
			<visible allowhiddenfocus="true">Control.HasFocus(9312)</visible>
			<include content="baseofallbuildinfo">
			<param name="globallabel" value="9312"/>
			</include>
			</control>
			
			<control type="group">
			<visible allowhiddenfocus="true">Control.HasFocus(9313)</visible>
			<include content="baseofallbuildinfo">
			<param name="globallabel" value="9313"/>
			</include>
			</control>
			
			<control type="group">
			<visible allowhiddenfocus="true">Control.HasFocus(9314)</visible>
			<include content="baseofallbuildinfo">
			<param name="globallabel" value="9314"/>
			</include>
			</control>
			
			<control type="group">
			<visible allowhiddenfocus="true">Control.HasFocus(9315)</visible>
			<include content="baseofallbuildinfo">
			<param name="globallabel" value="9315"/>
			</include>
			</control>
			
			<control type="group">
			<visible allowhiddenfocus="true">Control.HasFocus(9316)</visible>
			<include content="baseofallbuildinfo">
			<param name="globallabel" value="9316"/>
			</include>
			</control>

			<control type="group">
			<visible allowhiddenfocus="true">Control.HasFocus(9317)</visible>
			<include content="baseofallbuildinfo">
			<param name="globallabel" value="9317"/>
			</include>
			</control>
			<description>סיום וידג'טים מסך ראשי</description>
			
			
			<include content="channelsidanplus">
			<param name="channelsidanid" value="9203"/>
			<param name="channelcontent" value="plugin://plugin.video.idanplus/?iconimage=C%253A%255CUsers%255Cneta%255CAppData%255CRoaming%255CKodi%255Caddons%255Cplugin.video.idanplus%255Cicon.png&amp;mode=1&amp;module&amp;moredata&amp;name=%5bB%5d%d7%98%d7%9c%d7%95%d7%99%d7%96%d7%99%d7%94%5b%2fB%5d&amp;url&quot"/>
			</include>
			
			<include>epidssodesmainscreen</include>
			<include>home_main_menu</include>
			<include>backgroundplayedinfo</include>
			<include>dateandtimemainscreen</include>
			<include>skinshortcuts-template-widget</include>
			<include>skinshortcuts-template-widget1</include>
			<include>skinshortcuts-template-widget2</include>
			<include>skinshortcuts-template-widget3</include>
			<include>skinshortcuts-template-widget4</include>
			<include>skinshortcuts-template-widget5</include>
			<include>skinshortcuts-template-widget6</include>
			<include>skinshortcuts-template-widget7</include>
			<include>skinshortcuts-template-widget8</include>
			<include>skinshortcuts-template-widget9</include>
			<include>skinshortcuts-template-widget10</include>
			<include>skinshortcuts-template-widget11</include>
			<include>skinshortcuts-template-widget12</include>
			<include>skinshortcuts-template-widget13</include>
			<include>skinshortcuts-template-widget14</include>
			
			
			<description>מידע וידג'טים מסך ראשי</description>
			<control type="group">
			<animation condition="Control.HasFocus(9304) | Control.HasFocus(9305) | Control.HasFocus(9306) | Control.HasFocus(9307) | Control.HasFocus(9308) | Control.HasFocus(9309) | Control.HasFocus(9310) | Control.HasFocus(9311) | Control.HasFocus(9312) | Control.HasFocus(9313) | Control.HasFocus(9314) | Control.HasFocus(9315) | Control.HasFocus(9316) | Control.HasFocus(9317)" effect="fade" start="100" end="0" time="150">Conditional</animation>
			<include content="newnewflags_movies_rtl">
			<param name="myinfolabel" value="9202"/>
			</include>
			</control>
			
			<control type="group">
			<visible allowhiddenfocus="true">Control.HasFocus(9304)</visible>
			<include content="newnewflags_movies_rtl">
			<param name="myinfolabel" value="9304"/>
			</include>
			</control>
			
			<control type="group">
			<visible allowhiddenfocus="true">Control.HasFocus(9305)</visible>
			<include content="newnewflags_movies_rtl">
			<param name="myinfolabel" value="9305"/>
			</include>
			</control>
			
			<control type="group">
			<visible allowhiddenfocus="true">Control.HasFocus(9306)</visible>
			<include content="newnewflags_movies_rtl">
			<param name="myinfolabel" value="9306"/>
			</include>
			</control>
			
			<control type="group">
			<visible allowhiddenfocus="true">Control.HasFocus(9307)</visible>
			<include content="newnewflags_movies_rtl">
			<param name="myinfolabel" value="9307"/>
			</include>
			</control>

			<control type="group">
			<visible allowhiddenfocus="true">Control.HasFocus(9308)</visible>
			<include content="newnewflags_movies_rtl">
			<param name="myinfolabel" value="9308"/>
			</include>
			</control>
			
			<control type="group">
			<visible allowhiddenfocus="true">Control.HasFocus(9309)</visible>
			<include content="newnewflags_movies_rtl">
			<param name="myinfolabel" value="9309"/>
			</include>
			</control>

			<control type="group">
			<visible allowhiddenfocus="true">Control.HasFocus(9310)</visible>
			<include content="newnewflags_movies_rtl">
			<param name="myinfolabel" value="9310"/>
			</include>
			</control>
			
			<control type="group">
			<visible allowhiddenfocus="true">Control.HasFocus(9311)</visible>
			<include content="newnewflags_movies_rtl">
			<param name="myinfolabel" value="9311"/>
			</include>
			</control>

			<control type="group">
			<visible allowhiddenfocus="true">Control.HasFocus(9312)</visible>
			<include content="newnewflags_movies_rtl">
			<param name="myinfolabel" value="9312"/>
			</include>
			</control>
			
			<control type="group">
			<visible allowhiddenfocus="true">Control.HasFocus(9313)</visible>
			<include content="newnewflags_movies_rtl">
			<param name="myinfolabel" value="9313"/>
			</include>
			</control>
			
			<control type="group">
			<visible allowhiddenfocus="true">Control.HasFocus(9314)</visible>
			<include content="newnewflags_movies_rtl">
			<param name="myinfolabel" value="9314"/>
			</include>
			</control>
			
			<control type="group">
			<visible allowhiddenfocus="true">Control.HasFocus(9315)</visible>
			<include content="newnewflags_movies_rtl">
			<param name="myinfolabel" value="9315"/>
			</include>
			</control>
			
			<control type="group">
			<visible allowhiddenfocus="true">Control.HasFocus(9316)</visible>
			<include content="newnewflags_movies_rtl">
			<param name="myinfolabel" value="9316"/>
			</include>
			</control>
			
			<control type="group">
			<visible allowhiddenfocus="true">Control.HasFocus(9317)</visible>
			<include content="newnewflags_movies_rtl">
			<param name="myinfolabel" value="9317"/>
			</include>
			</control>
			
			<description>סיום מידע וידג'טים מסך ראשי</description>
		
	</controls>
</window>
