<?xml version="1.0" encoding="UTF-8"?>
<includes>
<include name="main_home">
			<!-- main background image -->
			
			<!-- end main backgroubd image -->
			<control type="group">
			<posy>620</posy>
			<posx>810</posx>
			<animation effect="fade" time="450">VisibleChange</animation>
            <control type="image">
                <posx>80</posx>
                <posy>-20</posy>
                <width>100</width>
                <height>100</height>
                <fadetime>350</fadetime>
                <aspectratio aligny="center" align="center">keep</aspectratio>
                <texture colordiffuse="white">$INFO[Weather.FanartCode,special://skin/extras/weather-icons/,.png]</texture>
            </control>
            <control type="textbox">
                <posx>20</posx>
                <posy>50</posy>
                <width>328</width>
                <align>left</align>
                <height>100</height>
                <font>Font-Header-Bold-Player</font>
                <textcolor>white</textcolor>
                <label>[B]$INFO[Weather.Temperature, טמפרטורה ][/B]</label>
            </control>
			</control>
			
			
						
			<control type="group">
			<posy>-280</posy>
			<control type="label">
			<animation condition="!Window.IsActive(6701)" effect="fade" start="0" end="100" time="1100" pulse="true">Conditional</animation>
			<posx>580</posx>
			<posy>280</posy>
			<width>1000</width>
			<height>300</height>
			<font>font-extra-big</font>
			<label>G.H.O.S.T</label>
			</control>
			
			<control type="group">
			<posy>270</posy>
			<posx>52</posx>
			<posy>0</posy>
			<control type="label">
			<posx>600</posx>
			<posy>225</posy>
			<width>600</width>
			<height>80</height>
			<align>center</align>
			<font>font-extra-time</font>
			<label>$INFO[System.Time]</label>
			</control>
			<control type="label">
			<posx>600</posx>
			<posy>345</posy>
			<width>600</width>
			<height>80</height>
			<align>center</align>
			<font>small</font>
			<label>$INFO[System.Date]</label>
			</control>
			</control>
			</control>
			
			<control type="button" id="6004">
			<animation condition="Control.HasFocus(6004)" effect="rotatey" center="auto" start="0" end="360" time="350">Conditional</animation>
			<posx>840</posx>
			<posy>400</posy>
			<width>200</width>
			<height>200</height>
			<onback>Control.SetFocus(9001)</onback>
			<onback condition="Player.HasAudio">Control.SetFocus(9001)</onback>
			<ondown>9001</ondown>
			<texturenofocus>special://skin/extras/specialbuttonsnew/home-4-xxl.png</texturenofocus>
			<texturefocus colordiffuse="cyan">special://skin/extras/specialbuttonsnew/home-4-xxl.png</texturefocus>
			<label>-</label>
			<onclick>ActivateWindow(1100)</onclick>
			</control>


			<control type="group">
			<posx>200</posx>
			<posy>1035</posy>
			<visible>Player.HasAudio</visible>
			<control type="image">
			<posx>0</posx>
			<posy>0</posy>
			<width>1410</width>
			<height>40</height>
			<bordertexture colordiffuse="gray">white.png</bordertexture>
			<bordersize>1</bordersize>
			<texture colordiffuse="black">white.png</texture>
			</control>
			<control type="label">
			<posx>0</posx>
			<posy>0</posy>
			<width>1410</width>
			<height>40</height>
			<align>center</align>
			<label>[COLOR deepskyblue]$INFO[MusicPlayer.Title][/COLOR][COLOR white] מתנגן ברקע: [/COLOR]</label>
			</control>
			</control>
			<!--<include>skinshortcuts-template-widget</include>-->

	

		
		
		
			<control type="group">
			<posx>480</posx>
			<posy>720</posy>
								<control type="label">
						<posx>850</posx>
						<posy>35</posy>
						<width>500</width>
						<height>1-col</height>
						<textcolor>burlywood</textcolor>
						<shadowcolor>black</shadowcolor>
						<align>left</align>
						<label colordiffuse="white">$INFO[Container(9001).ListItem.label]</label>
					</control>
			<control type="panel" id="9001">
				<posx>0</posx>
				<posy>18</posy>
				<width>800</width>
				<height>1-col</height>
				<onup>6004</onup>
				<ondown>1025</ondown>
				<orientation>horizontal</orientation>
				<itemlayout width="1-col" height="1-col">
					<control type="image">
					<posx>10</posx>
					<posy>15</posy>
					<width>45</width>
					<height>45</height>
					<texture>$INFO[ListITem.Thumb]</texture>
					</control>
				</itemlayout>
				<focusedlayout width="1-col" height="1-col">
					<control type="image">
						<posx>5</posx>
						<posy>12</posy>
						<width>55</width>
						<height>55</height>
						<aspectratio>stretch</aspectratio>
						<texture diffuse="special://skin/extras/circle.png">white.png</texture>
						<colordiffuse>gray</colordiffuse>
					</control>
					<control type="image">
					<posx>10</posx>
					<posy>15</posy>
					<width>45</width>
					<height>45</height>
					<texture>$INFO[ListITem.Thumb]</texture>
					</control>
				</focusedlayout>
				<content>
					<item>
					<label>מסך הבית</label>
						<thumb>special://skin/extras/specialbuttonsnew/home-4-xxl.png</thumb>
						<onclick>Control.SetFocus(6004)</onclick>
					</item>
					<item>
					<label>הגדרות</label>
						<thumb>special://skin/extras/arrows/settings.png</thumb>
						<onclick>ActivateWindow(Settings)</onclick>
					</item>
					<item>
					<label>עדכון ריפו</label>
						<thumb>special://skin/extras/arrows/available-updates-xxl.png</thumb>
						<onclick>ActivateWindow(10025,&quot;plugin://plugin.video.telemedia/?data=%20&amp;dates=%20&amp;description=%d7%a8%d7%99%d7%a4%d7%95%20%d7%90%d7%99%d7%a9%d7%99&amp;eng_name=%20&amp;episode=%20&amp;fanart=https%3a%2f%2fencrypted-tbn0.gstatic.com%2fimages%3fq%3dtbn%253AANd9GcQIwWK-VueyRxXcVVKGdMuUeDDeiUIsEN-8G-Tl-ZGOsBfrxvGX&amp;fav_status=false&amp;heb_name=%20&amp;iconimage=https%3a%2f%2fencrypted-tbn0.gstatic.com%2fimages%3fq%3dtbn%253AANd9GcQIwWK-VueyRxXcVVKGdMuUeDDeiUIsEN-8G-Tl-ZGOsBfrxvGX&amp;id=%20&amp;image_master&amp;isr=0&amp;last_id&amp;mode=46&amp;name=%d7%a8%d7%99%d7%a4%d7%95%20%d7%90%d7%99%d7%a9%d7%99&amp;original_title=%20&amp;season=%20&amp;show_original_year=%20&amp;tmdbid=%20&amp;url=www&quot;,return)</onclick>
					</item>
					<item>
					<label>יציאה</label>
						<thumb>special://skin/extras/arrows/power.png</thumb>
						<onclick>ActivateWindow(10001,&quot;plugin://plugin.close.kodi/?description&amp;fanart=C%3a%5cUsers%5cneta%5cAppData%5cRoaming%5cKodi%5caddons%5cplugin.close.kodi%5cfanart.jpg&amp;iconimage=C%3a%5cUsers%5cneta%5cAppData%5cRoaming%5cKodi%5caddons%5cplugin.close.kodi%5cresources%5cart%5cforce.png&amp;mode=4&amp;name=Insta%20Kill%20(Warning%20Kills%20The%20MediaCenter%20Instantly)&amp;url=fclose&quot;,return)</onclick>
					</item>
					<item>
					<label>שומר מסך</label>
						<visible>control.hasfocus(9999)</visible>
						<thumb>special://skin/extras/arrows/arrowup.png</thumb>
						<onclick>setfocus(9000,0)</onclick>
					</item>
					<item>
					<label>שומר מסך</label>
						<visible>!control.hasfocus(9999)</visible>
						<thumb>special://skin/extras/arrows/arrowdown.png</thumb>
						<label></label>
						<onclick>setfocus(9999)</onclick>
					</item>

					<item>
					<label>טמפרטורה</label>
						<thumb>special://skin/extras/arrows/temperature-2-xxl.png</thumb>
						<onclick>Control.SetFocus(3221)</onclick>
					</item>
					<item>
					<label>מועדפים</label>
						<thumb>special://skin/extras/arrows/favourite.png</thumb>
						<onclick>ActivateWindow(Favourites)</onclick>
					</item>
					<item>
					<label>חיפוש</label>
						<thumb>special://skin/extras/arrows/search-15-xxl.png</thumb>
						<onclick>ActivateWindow(10025,&quot;plugin://plugin.video.telemedia/?data=all&amp;dates=%20&amp;description=Search%20All&amp;eng_name=%20&amp;episode=%20&amp;fanart=https%3a%2f%2fcdn.ilovefreesoftware.com%2fwp-content%2fuploads%2f2019%2f06%2fSearch-Telegram-Channels.png&amp;fav_status=false&amp;heb_name=%20&amp;iconimage=https%3a%2f%2flh5.googleusercontent.com%2fproxy%2f-RGejAHqTw0SEl8o3_eK3abBTFCoR49bh780mJ-HX2kK_Qf0aeTzeKuN_WHmW5wOZzKEmlsHE684lxp8BNbejnLx-S4S7dJDeCea3ESPCPMrkUucyFXNH5F_4iktdqh7vKfE5QNGtMZF6QAwAGknYp6v8oeRQg&amp;id=%20&amp;image_master&amp;isr=0&amp;last_id=0%24%24%240&amp;mode=113&amp;name=%d7%97%d7%99%d7%a4%d7%95%d7%a9&amp;original_title=%20&amp;season=%20&amp;show_original_year=%20&amp;tmdbid=%20&amp;url=%20&quot;,return)</onclick>
					</item>
					<item>
					<label>רענון לבילד</label>
						<thumb>special://skin/extras/test/sinchronize-xxl.png</thumb>
						<onclick>ReloadSkin()</onclick>
					</item>
					<item>
					<label>רענון תוכן מסך ראשי</label>
						<thumb>special://skin/extras/test/sinchronize-xxl.png</thumb>
						<onclick>PlayMedia(&quot;plugin://plugin.audio.My.Music/?url=www&amp;mode=99&amp;name=%5BCOLOR+pink%5D%5BI%5D%5BB%5D%5BCOLOR+burlywood%5D-%D7%A7%D7%90%D7%A9+%5B%2FCOLOR%5D%5B%2FB%5D%5BB%5D%5BCOLOR+aqua%5D%D7%A0%D7%99%D7%A7%D7%95%D7%99-+%5B%2FCOLOR%5D%5B%2FB%5D%5B%2FI%5D%5B%2FCOLOR%5D&quot;)</onclick>
						<onclick>ReloadSkin()</onclick>
					</item>
					<item>
					<label>רענון תוכן ריל דבריד</label>
					<thumb>special://skin/extras/test/sinchronize-xxl.png</thumb>
					<onclick>PlayMedia(&quot;plugin://plugin.video.shadow/?url=www&amp;mode=35&amp;name=ניקוי מטמון&quot;)</onclick>
					</item>
				</content>
			</control>
		</control>
		
		
		
		
		<control type="group">
		<visible>!Player.HasAudio</visible>
			<control type="list" id="1025">
			<posx>340</posx>
			<posy>840</posy>
			<width>1200</width>
			<height>800</height>
			<onback>9001</onback>
			<onup>9001</onup>
			<onleft>Control.SetFocus(6)</onleft>
			<orientation>horizontal</orientation>
			<onleft>Dialog.Close(6683)</onleft>
			<onback>Dialog.Close(6683)</onback>
			<scrolltime tweeb="cubic" easing="inout">450</scrolltime>
			<itemlayout width="200" height="225">
			<control type="image">
			<posx>0</posx>
			<posy>0</posy>
			<width>220</width>
			<height>220</height>
			<texture border="40">special://skin/extras/common/roundedbutton-nofocus.png</texture>
			</control>
			<control type="image">
			<posx>0</posx>
			<posy>180</posy>
			<width>220</width>
			<height>75</height>
			<texture border="20">special://skin/extras/common/roundedbutton-nofocus.png</texture>
			</control>
			<control type="multiimage">
			<posx>21</posx>
			<posy>21</posy>
			<width>175</width>
			<height>175</height>
			<imagepath diffuse="special://skin/extras/diffuse/fanart_diffuse.png">$INFO[ListItem.Thumb]</imagepath>
			</control>
				<control type="label">
					<posx>0</posx>
					<posy>160</posy>
					<width>222</width>
					<height>3-row</height>
					<wrapmultiline>true</wrapmultiline>
					<aligny>center</aligny>
					<align>center</align>
					<textcolor>white</textcolor>
					<shadowcolor></shadowcolor>
					<label>[B][CAPITALIZE]$INFO[ListItem.label][/CAPITALIZE][/B]</label>
				</control>
			</itemlayout>
			<focusedlayout width="200" height="225">

			
			<control type="image">
			<posx>0</posx>
			<posy>0</posy>
			<width>220</width>
			<height>220</height>
			<texture border="40">special://skin/extras/common/roundedbutton-nofocus.png</texture>
			</control>
			<control type="image">
			<posx>0</posx>
			<posy>180</posy>
			<width>220</width>
			<height>75</height>
			<texture border="20">special://skin/extras/common/roundedbutton-nofocus.png</texture>
			</control>
			<control type="image">
			<visible>Control.HasFocus(1025)</visible>
			<posx>3</posx>
			<posy>192</posy>
			<width>214</width>
			<height>50</height>
			<texture colordiffuse="red">special://skin/extras/common/roundedbutton-nofocus-red.png</texture>
			</control>
			<control type="multiimage">
			<posx>21</posx>
			<posy>21</posy>
			<width>175</width>
			<height>175</height>
			<imagepath diffuse="special://skin/extras/diffuse/fanart_diffuse.png">$INFO[ListItem.Thumb]</imagepath>
			</control>
				<control type="label">
					<posx>0</posx>
					<posy>160</posy>
					<width>222</width>
					<height>3-row</height>
					<wrapmultiline>true</wrapmultiline>
					<aligny>center</aligny>
					<align>center</align>
					<textcolor>white</textcolor>
					<shadowcolor></shadowcolor>
					<label>[B][CAPITALIZE]$INFO[ListItem.label][/CAPITALIZE][/B]</label>
				</control>
			</focusedlayout>
			<content>
			<item>
				<thumb>https://www.idanplus.tv/wp-content/uploads/2019/05/%D7%A2%D7%99%D7%93%D7%9F-%D7%A4%D7%9C%D7%95%D7%A11.jpg</thumb>
				<label>ערוצי עידן</label>
				<onclick>ActivateWindow(6702)</onclick>
				</item>
			<item>
				<thumb>https://wwwimage-secure.cbsstatic.com/base/files/seo/cbs_social_0.jpg</thumb>
				<label>CBS</label>
				<onclick>Dialog.Close(6400)</onclick>
				<onclick>Dialog.Close(1100)</onclick>
				<onclick>ActivateWindow(10025,&quot;plugin://plugin.video.mando/?all_w=%7b%7d&amp;data=%20&amp;dates=%20&amp;description=HBO&amp;eng_name=%20&amp;episode=%20&amp;fanart=https%3a%2f%2ftvseriesfinale.com%2fwp-content%2fuploads%2f2014%2f10%2fcbs40-590x221.jpg&amp;fav_status=false&amp;heb_name=%20&amp;iconimage=https%3a%2f%2fcdn.freebiesupply.com%2flogos%2flarge%2f2x%2fcbs-logo-png-transparent.png&amp;id=%20&amp;image_master&amp;isr=0&amp;last_id&amp;mode=14&amp;name=%5bCOLOR%20lightblue%5dCBS%5b%2fCOLOR%5d&amp;original_title=%20&amp;season=%20&amp;show_original_year=%20&amp;tmdbid=%20&amp;url=https%3a%2f%2fapi.themoviedb.org%2f3%2fdiscover%2ftv%3fapi_key%3d34142515d9d23817496eeb4ff1d223d0%26with_networks%3d16%26language%3dhe%26sort_by%3dfirst_air_date.desc%26timezone%3dAmerica%252FNew_York%26include_null_first_air_dates%3dfalse%26page%3d1&amp;video_data=%7b%22rating%22%3a%20%220%22%2c%20%22episode%22%3a%200%2c%20%22title%22%3a%20%22%5bCOLOR%20lightblue%5dCBS%5b%2fCOLOR%5d%22%2c%20%22season%22%3a%200%2c%20%22TVshowtitle%22%3a%20%22%22%2c%20%22mediatype%22%3a%20%22movie%22%2c%20%22plot%22%3a%20%22HBO%22%2c%20%22OriginalTitle%22%3a%20%22%20%22%2c%20%22Tag%22%3a%20%22101%22%7d&quot;,return)</onclick>
				</item>
			<item>
				<thumb>https://vosizneias.com/wp-content/uploads/2019/08/hbo-static-1920.jpg</thumb>
				<label>HBO</label>
				<onclick>Dialog.Close(6400)</onclick>
				<onclick>Dialog.Close(1100)</onclick>
				<onclick>ActivateWindow(10025,&quot;plugin://plugin.video.mando/?all_w=%7b%7d&amp;data=%20&amp;dates=%20&amp;description=HBO&amp;eng_name=%20&amp;episode=%20&amp;fanart=https%3a%2f%2fwww.hbo.com%2fcontent%2fdam%2fhbodata%2fbrand%2fhbo-static-1920.jpg&amp;fav_status=false&amp;heb_name=%20&amp;iconimage=https%3a%2f%2ffilmschoolrejects.com%2fwp-content%2fuploads%2f2018%2f01%2fhbo-logo.jpg&amp;id=%20&amp;image_master&amp;isr=0&amp;last_id&amp;mode=14&amp;name=%5bCOLOR%20gray%5dHBO%5b%2fCOLOR%5d&amp;original_title=%20&amp;season=%20&amp;show_original_year=%20&amp;tmdbid=%20&amp;url=https%3a%2f%2fapi.themoviedb.org%2f3%2fdiscover%2ftv%3fapi_key%3d34142515d9d23817496eeb4ff1d223d0%26with_networks%3d49%26language%3dhe%26sort_by%3dfirst_air_date.desc%26timezone%3dAmerica%252FNew_York%26include_null_first_air_dates%3dfalse%26page%3d1&amp;video_data=%7b%22rating%22%3a%20%220%22%2c%20%22episode%22%3a%200%2c%20%22title%22%3a%20%22%5bCOLOR%20gray%5dHBO%5b%2fCOLOR%5d%22%2c%20%22season%22%3a%200%2c%20%22TVshowtitle%22%3a%20%22%22%2c%20%22mediatype%22%3a%20%22movie%22%2c%20%22plot%22%3a%20%22HBO%22%2c%20%22OriginalTitle%22%3a%20%22%20%22%2c%20%22Tag%22%3a%20%22101%22%7d&quot;,return)</onclick>
				</item>
			<item>
				<thumb>https://www.slashgear.com/wp-content/uploads/2020/03/disney-1280x720.jpg</thumb>
				<label>Disney+</label>
				<onclick>Dialog.Close(6400)</onclick>
				<onclick>Dialog.Close(1100)</onclick>
				<onclick>ActivateWindow(10025,&quot;plugin://plugin.video.mando/?all_w=%7b%7d&amp;data=%20&amp;dates=%20&amp;description=Disney&amp;eng_name=%20&amp;episode=%20&amp;fanart=https%3a%2f%2fallears.net%2fwp-content%2fuploads%2f2018%2f11%2fwonderful-world-of-animation-disneys-hollywood-studios.jpg&amp;fav_status=false&amp;heb_name=%20&amp;iconimage=https%3a%2f%2flumiere-a.akamaihd.net%2fv1%2fimages%2fimage_308e48ed.png&amp;id=%20&amp;image_master&amp;isr=0&amp;last_id&amp;mode=14&amp;name=%5bCOLOR%20lightblue%5dDisney%2b%5b%2fCOLOR%5d&amp;original_title=%20&amp;season=%20&amp;show_original_year=%20&amp;tmdbid=%20&amp;url=https%3a%2f%2fapi.themoviedb.org%2f3%2fdiscover%2ftv%3fapi_key%3d34142515d9d23817496eeb4ff1d223d0%26with_networks%3d2739%26language%3dhe%26sort_by%3dfirst_air_date.desc%26timezone%3dAmerica%252FNew_York%26include_null_first_air_dates%3dfalse%26page%3d1&amp;video_data=%7b%22rating%22%3a%20%220%22%2c%20%22episode%22%3a%200%2c%20%22title%22%3a%20%22%5bCOLOR%20lightblue%5dDisney%2b%5b%2fCOLOR%5d%22%2c%20%22season%22%3a%200%2c%20%22TVshowtitle%22%3a%20%22%22%2c%20%22mediatype%22%3a%20%22movie%22%2c%20%22plot%22%3a%20%22Disney%22%2c%20%22OriginalTitle%22%3a%20%22%20%22%2c%20%22Tag%22%3a%20%22101%22%7d&quot;,return)</onclick>
				</item>
			<item>
				<thumb>https://www.xda-developers.com/files/2019/07/hulu-logo.jpg</thumb>
				<label>HULU</label>
				<onclick>Dialog.Close(6400)</onclick>
				<onclick>Dialog.Close(1100)</onclick>
				<onclick>ActivateWindow(10025,&quot;plugin://plugin.video.mando/?all_w=%7b%7d&amp;data=%20&amp;dates=%20&amp;description=hulu&amp;eng_name=%20&amp;episode=%20&amp;fanart=https%3a%2f%2fwww.google.com%2furl%3fsa%3di%26rct%3dj%26q%3d%26esrc%3ds%26source%3dimages%26cd%3d%26cad%3drja%26uact%3d8%26ved%3d2ahUKEwi677r77IbeAhURNhoKHeXyB-AQjRx6BAgBEAU%26url%3dhttps%253A%252F%252Fwww.hulu.com%252F%26psig%3dAOvVaw0xW2rhsh4UPsbe8wPjrul1%26ust%3d1539638077261645&amp;fav_status=false&amp;heb_name=%20&amp;iconimage=https%3a%2f%2fi1.wp.com%2fthetalkinggeek.com%2fwp-content%2fuploads%2f2012%2f03%2fhulu_logo_spiced-up.png%3fresize%3d300%252C225%26ssl%3d1&amp;id=%20&amp;image_master&amp;isr=0&amp;last_id&amp;mode=14&amp;name=%5bCOLOR%20green%5dhulu%5b%2fCOLOR%5d&amp;original_title=%20&amp;season=%20&amp;show_original_year=%20&amp;tmdbid=%20&amp;url=https%3a%2f%2fapi.themoviedb.org%2f3%2fdiscover%2ftv%3fapi_key%3d34142515d9d23817496eeb4ff1d223d0%26with_networks%3d453%26language%3dhe%26sort_by%3dfirst_air_date.desc%26timezone%3dAmerica%252FNew_York%26include_null_first_air_dates%3dfalse%26page%3d1&amp;video_data=%7b%22rating%22%3a%20%220%22%2c%20%22episode%22%3a%200%2c%20%22title%22%3a%20%22%5bCOLOR%20green%5dhulu%5b%2fCOLOR%5d%22%2c%20%22season%22%3a%200%2c%20%22TVshowtitle%22%3a%20%22%22%2c%20%22mediatype%22%3a%20%22movie%22%2c%20%22plot%22%3a%20%22hulu%22%2c%20%22OriginalTitle%22%3a%20%22%20%22%2c%20%22Tag%22%3a%20%22101%22%7d&quot;,return)</onclick>
				</item>
			<item>
				<thumb>https://img.timeinc.net/time/photoessays/2009/top10_name_change/syfy.jpg</thumb>
				<label>SyFy</label>
				<onclick>Dialog.Close(6400)</onclick>
				<onclick>Dialog.Close(1100)</onclick>
				<onclick>ActivateWindow(10025,&quot;plugin://plugin.video.mando/?all_w=%7b%7d&amp;data=%20&amp;dates=%20&amp;description=SyFy&amp;eng_name=%20&amp;episode=%20&amp;fanart=https%3a%2f%2fimagesvc.timeincapp.com%2fv3%2fmm%2fimage%3furl%3dhttps%253A%252F%252Fewedit.files.wordpress.com%252F2017%252F05%252Fdefault.jpg%26w%3d1100%26c%3dsc%26poi%3dface%26q%3d85&amp;fav_status=false&amp;heb_name=%20&amp;iconimage=http%3a%2f%2fcdn.collider.com%2fwp-content%2fuploads%2fsyfy-logo1.jpg&amp;id=%20&amp;image_master&amp;isr=0&amp;last_id&amp;mode=14&amp;name=%5bCOLOR%20purple%5dSyFy%5b%2fCOLOR%5d&amp;original_title=%20&amp;season=%20&amp;show_original_year=%20&amp;tmdbid=%20&amp;url=https%3a%2f%2fapi.themoviedb.org%2f3%2fdiscover%2ftv%3fapi_key%3d34142515d9d23817496eeb4ff1d223d0%26with_networks%3d77%26language%3dhe%26sort_by%3dfirst_air_date.desc%26timezone%3dAmerica%252FNew_York%26include_null_first_air_dates%3dfalse%26page%3d1&amp;video_data=%7b%22rating%22%3a%20%220%22%2c%20%22episode%22%3a%200%2c%20%22title%22%3a%20%22%5bCOLOR%20purple%5dSyFy%5b%2fCOLOR%5d%22%2c%20%22season%22%3a%200%2c%20%22TVshowtitle%22%3a%20%22%22%2c%20%22mediatype%22%3a%20%22movie%22%2c%20%22plot%22%3a%20%22SyFy%22%2c%20%22OriginalTitle%22%3a%20%22%20%22%2c%20%22Tag%22%3a%20%22101%22%7d&quot;,return)</onclick>
				</item>
			<item>
				<thumb>https://i.pinimg.com/564x/9b/ed/bd/9bedbdf0fffa41e9107141c947e9f4ae.jpg</thumb>
				<label>ShowTime</label>
				<onclick>Dialog.Close(6400)</onclick>
				<onclick>Dialog.Close(1100)</onclick>
				<onclick>ActivateWindow(10025,&quot;plugin://plugin.video.mando/?all_w=%7b%7d&amp;data=%20&amp;dates=%20&amp;description=showtime&amp;eng_name=%20&amp;episode=%20&amp;fanart=https%3a%2f%2fwww.sho.com%2fsite%2fimage-bin%2fimages%2f0_0_0%2f0_0_0_prm-ogseries_1280x640.jpg&amp;fav_status=false&amp;heb_name=%20&amp;iconimage=https%3a%2f%2fres.cloudinary.com%2fwnotw%2fimages%2fc_limit%2cw_1536%2cq_auto%3abest%2cf_auto%2fv1501788508%2fsci5cdawypsux61i9pyb%2fshowtime-networks-logo&amp;id=%20&amp;image_master&amp;isr=0&amp;last_id&amp;mode=14&amp;name=%5bCOLOR%20red%5dShowtime%5b%2fCOLOR%5d&amp;original_title=%20&amp;season=%20&amp;show_original_year=%20&amp;tmdbid=%20&amp;url=https%3a%2f%2fapi.themoviedb.org%2f3%2fdiscover%2ftv%3fapi_key%3d34142515d9d23817496eeb4ff1d223d0%26with_networks%3d67%26language%3dhe%26sort_by%3dfirst_air_date.desc%26timezone%3dAmerica%252FNew_York%26include_null_first_air_dates%3dfalse%26page%3d1&amp;video_data=%7b%22rating%22%3a%20%220%22%2c%20%22episode%22%3a%200%2c%20%22title%22%3a%20%22%5bCOLOR%20red%5dShowtime%5b%2fCOLOR%5d%22%2c%20%22season%22%3a%200%2c%20%22TVshowtitle%22%3a%20%22%22%2c%20%22mediatype%22%3a%20%22movie%22%2c%20%22plot%22%3a%20%22showtime%22%2c%20%22OriginalTitle%22%3a%20%22%20%22%2c%20%22Tag%22%3a%20%22101%22%7d&quot;,return)</onclick>
				</item>
						<item>
				<thumb>https://c2.staticflickr.com/9/8090/29366791633_0f00856506_b.jpg</thumb>
				<label>TheCW</label>
				<onclick>Dialog.Close(6400)</onclick>
				<onclick>Dialog.Close(1100)</onclick>
				<onclick>ActivateWindow(10025,&quot;plugin://plugin.video.mando/?all_w=%7b%7d&amp;data=%20&amp;dates=%20&amp;description=The%20CW&amp;eng_name=%20&amp;episode=%20&amp;fanart=https%3a%2f%2fi2.wp.com%2fnerdbastards.com%2fwp-content%2fuploads%2f2016%2f02%2fThe-CW-Banner.jpg&amp;fav_status=false&amp;heb_name=%20&amp;iconimage=https%3a%2f%2fwww.broadcastingcable.com%2f.image%2ft_share%2fMTU0Njg3Mjc5MDY1OTk5MzQy%2ftv-network-logo-cw-resized-bc.jpg&amp;id=%20&amp;image_master&amp;isr=0&amp;last_id&amp;mode=14&amp;name=%5bCOLOR%20lightgreen%5dThe%20CW%5b%2fCOLOR%5d&amp;original_title=%20&amp;season=%20&amp;show_original_year=%20&amp;tmdbid=%20&amp;url=https%3a%2f%2fapi.themoviedb.org%2f3%2fdiscover%2ftv%3fapi_key%3d34142515d9d23817496eeb4ff1d223d0%26with_networks%3d71%26language%3dhe%26sort_by%3dfirst_air_date.desc%26timezone%3dAmerica%252FNew_York%26include_null_first_air_dates%3dfalse%26page%3d1&amp;video_data=%7b%22rating%22%3a%20%220%22%2c%20%22episode%22%3a%200%2c%20%22title%22%3a%20%22%5bCOLOR%20lightgreen%5dThe%20CW%5b%2fCOLOR%5d%22%2c%20%22season%22%3a%200%2c%20%22TVshowtitle%22%3a%20%22%22%2c%20%22mediatype%22%3a%20%22movie%22%2c%20%22plot%22%3a%20%22The%20CW%22%2c%20%22OriginalTitle%22%3a%20%22%20%22%2c%20%22Tag%22%3a%20%22101%22%7d&quot;,return)</onclick>
				</item>
			</content>
		</control>
		</control>
		
		
		<control type="button" id="9999">
            <posx>-500</posx>
            <posy>0</posy>
            <width>1-col</width>
            <height>2-row</height>
			<onleft>setfocus(9000,0)</onleft>
			<onright>setfocus(9000,0)</onright>
			<onup>setfocus(9000,0)</onup>
			<ondown>setfocus(9000,0)</ondown>
			<onclick>setfocus(9000,0)</onclick>
			<onfocus>Dialog.Close(all,true)</onfocus>
        </control>
		
		

	<!--		<control type="group">
			<posx>-500</posx>
			<animation condition="control.hasfocus(9008)" effect="slide" start="0,0" end="500,0" time="250" tween="cubic" easing="out">Conditional</animation>
			<animation condition="Window.IsActive(DialogVideoInfo.xml)" effect="slide" start="0,0" end="-500,-0" time="150">Conditional</animation>
			<control type="list" id="9008">
			<animation type="conditional" condition="control.hasfocus(9999)" reversible="true">
				<effect type="fade" start="100" end="0" time="500" delay="0"/>
			</animation>
			<posx>-500</posx>

			<posy>row-12-begin</posy>
			<width>18-col</width>
			<height>12-row</height>
			<onback>9000</onback>
			<ondown>setfocus(9001,1)</ondown>
			<orientation>vertical</orientation>
			<ondown>9002</ondown>
			<itemlayout width="4-col" height="3-row">
				<control type="image">
					<posx>100</posx>
					<posy>0</posy>
					<width>4-col-textbox</width>
					<height>105</height>
					<texture>black.png</texture>
					<colordiffuse>77000000</colordiffuse>
					<aspectratio>stretch</aspectratio>
				</control>
				<control type="image">
				<posx>0</posx>
				<posy>0</posy>
				<width>100</width>
				<height>105</height>
				<texture colordiffuse="gray">colors/white.png</texture>
				</control>
				<control type="textbox">
					<posx>100</posx>
					<posy>0</posy>
					<width>252</width>
					<height>3-row</height>
					<font>dialogTitle</font>
					<wrapmultiline>true</wrapmultiline>
					<aligny>center</aligny>
					<align>center</align>
					<textcolor>textActive</textcolor>
					<shadowcolor></shadowcolor>
					<label>[CAPITALIZE]$INFO[ListItem.label][/CAPITALIZE]</label>
				</control>
			</itemlayout>
			<focusedlayout width="4-col" height="3-row">
				<control type="image">
					<posx>100</posx>
					<posy>0</posy>
					<width>4-col-textbox</width>
					<height>105</height>
					<texture>colors/white.png</texture>
					<colordiffuse>deepskyblue</colordiffuse>
					<aspectratio>stretch</aspectratio>
				</control>
				<control type="image">
				<animation effect="rotatey" center="45" start="0" end="360" time="550" tween="cubic">Focus</animation>
				<posx>0</posx>
				<posy>0</posy>
				<width>100</width>
				<height>105</height>
				<texture colordiffuse="gray">colors/white.png</texture>
				</control>
				<control type="textbox">
					<posx>100</posx>
					<posy>0</posy>
					<width>252</width>
					<height>3-row</height>
					<font>dialogTitle</font>
					<wrapmultiline>true</wrapmultiline>
					<aligny>center</aligny>
					<align>center</align>
					<textcolor>textActive</textcolor>
					<shadowcolor></shadowcolor>
					<label>[CAPITALIZE]$INFO[ListItem.label][/CAPITALIZE]</label>
				</control>
			</focusedlayout>
			<content>
				<include>skinshortcuts-submenu</include>
				
			</content>
		</control>
		</control>-->
		</include>
		
		
		<include name="main_menu_window">
				<control type="list" id="9000">
		<animation condition="Control.HasFocus(8822) | Control.HasFocus(8821) | Control.HasFocus(8823) | Control.HasFocus(8824) | Control.HasFocus(8825) | Control.HasFocus(8826) | Control.HasFocus(8827) | Control.HasFocus(8828) | Control.HasFocus(8829) | Control.HasFocus(8830) | Control.HasFocus(8831) | Control.HasFocus(8832) | Control.HasFocus(8833) | Control.HasFocus(8834) | Control.HasFocus(8835)" effect="slide" start="0,0" end="0,-500" time="350" tween="sine" easing="inout">Conditional</animation>
		<posx>-10</posx>
			<posy>-5</posy>
			<width>1925</width>
			<height>400</height>
			<ondown condition="Container(9000).HasFocus(1)">Control.SetFocus(8833)</ondown>
			<ondown condition="Player.HasVideo">8005</ondown>
			<ondown condition="Player.HasAudio">535</ondown>
			<orientation>horizontal</orientation>
<itemlayout width="200" height="50">
<control type="image">
<posx>15</posx>
<posy>10</posy>
<width>185</width>
<height>40</height>
<bordertexture colordiffuse="gray">white.png</bordertexture>
<bordersize>1</bordersize>
<texture colordiffuse="black">white.png</texture>
</control>
<control type="label">
<posx>5</posx>
<posy>8</posy>
<width>200</width>
<height>50</height>
<align>center</align>
<label>$INFO[ListItem.Label]</label>
</control>
</itemlayout>
<focusedlayout width="200" height="50">
<control type="image">
<posx>15</posx>
<posy>10</posy>
<width>185</width>
<height>40</height>
<bordertexture colordiffuse="gray">white.png</bordertexture>
<bordersize>1</bordersize>
<texture colordiffuse="black">white.png</texture>
</control>
<control type="image">
<visible>control.hasfocus(9000)</visible>
<posx>16</posx>
<posy>12</posy>
<width>182</width>
<height>35</height>
<texture colordiffuse="deepskyblue">white.png</texture>
</control>
<control type="label">
<posx>5</posx>
<posy>8</posy>
<width>200</width>
<height>50</height>
<align>center</align>
<label>$INFO[ListItem.Label]</label>
</control>
</focusedlayout>
			<content>
		<!--<include>skinshortcuts-mainmenu</include>-->
			<item id="1">
			<label>סרטים ראשי 1</label>
			<onclick>Control.SetFocus(335)</onclick>
			</item>
			<item id="2">
			<label>סרטים ראשי 2</label>
			<!--<onclick>Control.SetFocus(7765)</onclick>-->
			<onclick>Control.SetFocus(336)</onclick>
			</item>
			<item id="3">
			<label>פ.אחרונים ראשי</label>
			<onclick>Control.SetFocus(1126)</onclick>
			</item>
			<item id="4">
			<label>עידן ויאודי ראשי</label>
			<onclick>Control.SetFocus(835)</onclick>
			</item>
			<item id="5">
			<label>סדרות ראשי</label>
			<onclick>Control.SetFocus(3354)</onclick>
			</item>
			<item id="6">
			<label>ילדים ראשי</label>
			<onclick>Control.SetFocus(2268)</onclick>
			</item>
			<item id="7">
			<label>רדיו ראשי</label>
			<onclick>Control.SetFocus(5849)</onclick>
			</item>
			<item id="8">
			<label>תפריט סרטים</label>
			<onclick>Control.SetFocus(8822)</onclick>
			</item>
			<item id="9">
			<label>תפריט סדרות</label>
			<onclick>Control.SetFocus(8821)</onclick>
			</item>
			<item id="10">
			<label>תפריט ילדים</label>
			<onclick>Control.SetFocus(8824)</onclick>
			</item>
			<item id="11">
			<label>עידן פלוס</label>
			<onclick>Control.SetFocus(8826)</onclick>
			</item>
			<item id="12">
			<label>מוזיקה ורדיו</label>
			<onclick>Control.SetFocus(8828)</onclick>
			</item>
			<item id="13">
			<label>הופעות ומופעים</label>
			<onclick>Control.SetFocus(8825)</onclick>
			</item>
			<item id="14">
			<label>ספורט</label>
			<onclick>Control.SetFocus(8827)</onclick>
			</item>
			<item id="15">
			<label>הכל באחד</label>
			<onclick>ActivateWindow(6400)</onclick>
			</item>
			<item id="16">
			<label>טלמדיה</label>
			<onclick>Control.SetFocus(8831)</onclick>
			</item>
			<item id="17">
			<label>עדכון מהיר</label>
			<onclick>Control.SetFocus(3495)</onclick>
			</item>
			<item id="18">
			<label>יציאה</label>
			<onclick>Control.SetFocus(9001,1)</onclick>
			</item>
			</content>
		</control>
		</include>

</includes>
