<?xml version="1.0" encoding="UTF-8"?>

<includes>

<include name="allmenusinthebuild">

			<control type="group">
			<animation condition="Control.HasFocus(8821)" effect="slide" start="0,0" end="0,505" time="350" tween="sine" easing="inout">Conditional</animation>
			<animation condition="Control.HasFocus(8829)" effect="slide" start="0,0" end="0,-505" time="350" tween="sine" easing="inout">Conditional</animation>
			<visible allowhiddenfocus="true">Control.HasFocus(8821)</visible>
			<control type="list" id="8821">
			<posx>-10</posx>
			<posy>-510</posy>
			<width>1920</width>
			<height>400</height>
			<onback>9000</onback>
			<ondown condition="Player.HasVideo">8005</ondown>
			<ondown condition="Player.HasAudio">535</ondown>
			<orientation>horizontal</orientation>
			<itemlayout width="200" height="50">
			<control type="image">
			<posx>15</posx>
			<posy>10</posy>
			<width>185</width>
			<height>40</height>
			<bordertexture colordiffuse="gray">white.png</bordertexture>
			<bordersize>1</bordersize>
			<texture colordiffuse="black">white.png</texture>
			</control>
			<control type="label">
			<posx>5</posx>
			<posy>8</posy>
			<width>200</width>
			<height>50</height>
			<align>center</align>
			<label>$INFO[ListItem.Label]</label>
			</control>
			</itemlayout>
			<focusedlayout width="200" height="50">
			<control type="image">
			<posx>15</posx>
			<posy>10</posy>
			<width>185</width>
			<height>40</height>
			<bordertexture colordiffuse="gray">white.png</bordertexture>
			<bordersize>1</bordersize>
			<texture colordiffuse="black">white.png</texture>
			</control>
			<control type="image">
			<visible>control.hasfocus(8821)</visible>
			<posx>16</posx>
			<posy>12</posy>
			<width>182</width>
			<height>35</height>
			<texture colordiffuse="purple">white.png</texture>
			</control>
			<control type="label">
			<posx>5</posx>
			<posy>8</posy>
			<width>200</width>
			<height>50</height>
			<align>center</align>
			<label>$INFO[ListItem.Label]</label>
			</control>
			</focusedlayout>
			<content>
			<item>
				<label>פרקים אחרונים</label>
				<onclick>ActivateWindow(6200)</onclick>
				</item>
			<item>
				<label>לפי ז'אנרים</label>
				<onclick>Control.SetFocus(8829)</onclick>
				</item>
				<item>
				<label>עולם הסדרות</label>
				<onclick>Control.SetFocus(8823)</onclick>
				</item>
				<item>
				<label>תפריט ראשי</label>
				<onclick>Control.SetFocus(9000)</onclick>
				</item>
			</content>
		</control>
		</control>


			<control type="group">
			<animation condition="Control.HasFocus(8822)" effect="slide" start="0,0" end="0,505" time="350" tween="sine" easing="inout">Conditional</animation>
			<visible allowhiddenfocus="true">Control.HasFocus(8822)</visible>
			<control type="list" id="8822">
			<posx>-10</posx>
			<posy>-510</posy>
			<width>1920</width>
			<height>400</height>
			<onback>9000</onback>
			<ondown condition="Player.HasVideo">8005</ondown>
			<ondown condition="Player.HasAudio">535</ondown>
			<orientation>horizontal</orientation>
			<itemlayout width="200" height="50">
			<control type="image">
			<posx>15</posx>
			<posy>10</posy>
			<width>185</width>
			<height>40</height>
			<bordertexture colordiffuse="gray">white.png</bordertexture>
			<bordersize>1</bordersize>
			<texture colordiffuse="black">white.png</texture>
			</control>
			<control type="label">
			<posx>5</posx>
			<posy>8</posy>
			<width>200</width>
			<height>50</height>
			<align>center</align>
			<label>$INFO[ListItem.Label]</label>
			</control>
			</itemlayout>
			<focusedlayout width="200" height="50">
			<control type="image">
			<posx>15</posx>
			<posy>10</posy>
			<width>185</width>
			<height>40</height>
			<bordertexture colordiffuse="gray">white.png</bordertexture>
			<bordersize>1</bordersize>
			<texture colordiffuse="black">white.png</texture>
			</control>
			<control type="image">
			<visible>control.hasfocus(8822)</visible>
			<posx>16</posx>
			<posy>12</posy>
			<width>182</width>
			<height>35</height>
			<texture colordiffuse="gray">white.png</texture>
			</control>
			<control type="label">
			<posx>5</posx>
			<posy>8</posy>
			<width>200</width>
			<height>50</height>
			<align>center</align>
			<label>$INFO[ListItem.Label]</label>
			</control>
			</focusedlayout>
			<content>
			<item>
				<label>סרטים נטפליקס</label>
				<onclick>ActivateWindow(6101)</onclick>
			</item>
			<item>
				<label>סרטים דבריד</label>
				<onclick>ActivateWindow(6102)</onclick>
				</item>
			<item>
				<label>סרטים ישראלים</label>
				<onclick>ActivateWindow(6106)</onclick>
				</item>
			<item>
				<label>סרטים 1-6</label>
				<onclick>ActivateWindow(6103)</onclick>
				</item>
			<item>
				<label>סרטים 7-12</label>
				<onclick>ActivateWindow(6104)</onclick>
				</item>
			<item>
				<label>סרטים 13-18</label>
				<onclick>ActivateWindow(6105)</onclick>
				</item>
			<item>
				<label>עוד סרטים</label>
				<onclick>ActivateWindow(6107)</onclick>
				</item>
			<item>
				<label>תפריט ראשי</label>
				<onclick>Control.SetFocus(9000)</onclick>
			</item>
			</content>
			</control>
			</control>



			<control type="group">
			<animation condition="Control.HasFocus(8823)" effect="slide" start="0,0" end="0,800" time="350" tween="sine" easing="inout">Conditional</animation>
			<visible allowhiddenfocus="true">Control.HasFocus(8823)</visible>
			<control type="list" id="8823">
			<posx>-10</posx>
			<posy>-810</posy>
			<width>1920</width>
			<height>400</height>
			<onback>9000</onback>
			<ondown condition="Player.HasVideo">8005</ondown>
			<ondown condition="Player.HasAudio">535</ondown>
			<orientation>horizontal</orientation>
			<itemlayout width="200" height="50">
			<control type="image">
			<posx>15</posx>
			<posy>10</posy>
			<width>185</width>
			<height>40</height>
			<bordertexture colordiffuse="gray">white.png</bordertexture>
			<bordersize>1</bordersize>
			<texture colordiffuse="black">white.png</texture>
			</control>
			<control type="label">
			<posx>5</posx>
			<posy>8</posy>
			<width>200</width>
			<height>50</height>
			<align>center</align>
			<label>$INFO[ListItem.Label]</label>
			</control>
			</itemlayout>
			<focusedlayout width="200" height="50">
			<control type="image">
			<posx>15</posx>
			<posy>10</posy>
			<width>185</width>
			<height>40</height>
			<bordertexture colordiffuse="gray">white.png</bordertexture>
			<bordersize>1</bordersize>
			<texture colordiffuse="black">white.png</texture>
			</control>
			<control type="image">
			<visible>control.hasfocus(8823)</visible>
			<posx>16</posx>
			<posy>12</posy>
			<width>182</width>
			<height>35</height>
			<texture colordiffuse="gray">white.png</texture>
			</control>
			<control type="label">
			<posx>5</posx>
			<posy>8</posy>
			<width>200</width>
			<height>50</height>
			<align>center</align>
			<label>$INFO[ListItem.Label]</label>
			</control>
			</focusedlayout>
			<content>
			<item>
				<label>נוסטלגיה</label>
				<onclick>ActivateWindow(6300)</onclick>
			</item>
			<item>
				<label>פשע 1</label>
				<onclick>ActivateWindow(6301)</onclick>
				</item>
			<item>
				<label>פשע 2</label>
				<onclick>ActivateWindow(6303)</onclick>
			</item>
			<item>
				<label>קומדיה 1</label>
				<onclick>ActivateWindow(6302)</onclick>
			</item>
			<item>
				<label>תפריט סדרות</label>
				<onclick>Control.SetFocus(8821)</onclick>
			</item>
			</content>
			</control>
			</control>
			
			
			
			
			<control type="group">
			<animation condition="Control.HasFocus(8824)" effect="slide" start="0,0" end="0,505" time="350" tween="sine" easing="inout">Conditional</animation>
			<animation condition="Control.HasFocus(8830" effect="slide" start="0,0" end="0,-505" time="350" tween="sine" easing="inout">Conditional</animation>
			<visible allowhiddenfocus="true">Control.HasFocus(8824)</visible>
			<control type="list" id="8824">
			<posx>-10</posx>
			<posy>-510</posy>
			<width>1920</width>
			<height>400</height>
			<onback>9000</onback>
			<ondown condition="Player.HasVideo">8005</ondown>
			<ondown condition="Player.HasAudio">535</ondown>
			<orientation>horizontal</orientation>
			<itemlayout width="200" height="50">
			<control type="image">
			<posx>15</posx>
			<posy>10</posy>
			<width>185</width>
			<height>40</height>
			<bordertexture colordiffuse="gray">white.png</bordertexture>
			<bordersize>1</bordersize>
			<texture colordiffuse="black">white.png</texture>
			</control>
			<control type="label">
			<posx>5</posx>
			<posy>8</posy>
			<width>200</width>
			<height>50</height>
			<align>center</align>
			<label>$INFO[ListItem.Label]</label>
			</control>
			</itemlayout>
			<focusedlayout width="200" height="50">
			<control type="image">
			<posx>15</posx>
			<posy>10</posy>
			<width>185</width>
			<height>40</height>
			<bordertexture colordiffuse="gray">white.png</bordertexture>
			<bordersize>1</bordersize>
			<texture colordiffuse="black">white.png</texture>
			</control>
			<control type="image">
			<visible>control.hasfocus(8824)</visible>
			<posx>16</posx>
			<posy>12</posy>
			<width>182</width>
			<height>35</height>
			<texture colordiffuse="deeppink">white.png</texture>
			</control>
			<control type="label">
			<posx>5</posx>
			<posy>8</posy>
			<width>200</width>
			<height>50</height>
			<align>center</align>
			<label>$INFO[ListItem.Label]</label>
			</control>
			</focusedlayout>
			<content>
			<item>
				<label>סרטים ילדים</label>
				<onclick>ActivateWindow(6250)</onclick>
				</item>
			<item>
				<label>ילדים נטפליקס</label>
				<onclick>ActivateWindow(6251)</onclick>
				</item>
				<item>
				<label>סדרות מדובב</label>
				<onclick>Control.SetFocus(8830)</onclick>
				</item>
				<item>
				<label>סדרות אנימציה</label>
				<onclick>-</onclick>
				</item>
				<item>
				<label>תפריט ראשי</label>
				<onclick>Control.SetFocus(9000)</onclick>
				</item>
			</content>
		</control>
		</control>
			
			
			
			<control type="group">
			<animation condition="Control.HasFocus(8825)" effect="slide" start="0,0" end="0,505" time="350" tween="sine" easing="inout">Conditional</animation>
			<visible allowhiddenfocus="true">Control.HasFocus(8825)</visible>
			<control type="list" id="8825">
			<posx>-10</posx>
			<posy>-510</posy>
			<width>1920</width>
			<height>400</height>
			<onback>9000</onback>
			<ondown condition="Player.HasVideo">8005</ondown>
			<ondown condition="Player.HasAudio">535</ondown>
			<orientation>horizontal</orientation>
			<itemlayout width="200" height="50">
			<control type="image">
			<posx>15</posx>
			<posy>10</posy>
			<width>185</width>
			<height>40</height>
			<bordertexture colordiffuse="gray">white.png</bordertexture>
			<bordersize>1</bordersize>
			<texture colordiffuse="black">white.png</texture>
			</control>
			<control type="label">
			<posx>5</posx>
			<posy>8</posy>
			<width>200</width>
			<height>50</height>
			<align>center</align>
			<label>$INFO[ListItem.Label]</label>
			</control>
			</itemlayout>
			<focusedlayout width="200" height="50">
			<control type="image">
			<posx>15</posx>
			<posy>10</posy>
			<width>185</width>
			<height>40</height>
			<bordertexture colordiffuse="gray">white.png</bordertexture>
			<bordersize>1</bordersize>
			<texture colordiffuse="black">white.png</texture>
			</control>
			<control type="image">
			<visible>control.hasfocus(8825)</visible>
			<posx>16</posx>
			<posy>12</posy>
			<width>182</width>
			<height>35</height>
			<texture colordiffuse="deepskyblue">white.png</texture>
			</control>
			<control type="label">
			<posx>5</posx>
			<posy>8</posy>
			<width>200</width>
			<height>50</height>
			<align>center</align>
			<label>$INFO[ListItem.Label]</label>
			</control>
			</focusedlayout>
			<content>
			<item>
				<label>הופעות</label>
				<onclick>ActivateWindow(6350)</onclick>
				</item>
			<item>
				<label>סטאנדאפ</label>
				<onclick>ActivateWindow(6351)</onclick>
				</item>
			</content>
		</control>
		</control>
			
			<control type="group">
			<animation condition="Control.HasFocus(8826)" effect="slide" start="0,0" end="0,800" time="350" tween="sine" easing="inout">Conditional</animation>
			<visible allowhiddenfocus="true">Control.HasFocus(8826)</visible>
			<control type="list" id="8826">
			<posx>-10</posx>
			<posy>-810</posy>
			<width>1920</width>
			<height>400</height>
			<onback>9000</onback>
			<ondown condition="Player.HasVideo">8005</ondown>
			<ondown condition="Player.HasAudio">535</ondown>
			<orientation>horizontal</orientation>
			<itemlayout width="200" height="50">
			<control type="image">
			<posx>15</posx>
			<posy>10</posy>
			<width>185</width>
			<height>40</height>
			<bordertexture colordiffuse="gray">white.png</bordertexture>
			<bordersize>1</bordersize>
			<texture colordiffuse="black">white.png</texture>
			</control>
			<control type="label">
			<posx>5</posx>
			<posy>8</posy>
			<width>200</width>
			<height>50</height>
			<align>center</align>
			<label>$INFO[ListItem.Label]</label>
			</control>
			</itemlayout>
			<focusedlayout width="200" height="50">
			<control type="image">
			<posx>15</posx>
			<posy>10</posy>
			<width>185</width>
			<height>40</height>
			<bordertexture colordiffuse="gray">white.png</bordertexture>
			<bordersize>1</bordersize>
			<texture colordiffuse="black">white.png</texture>
			</control>
			<control type="image">
			<visible>control.hasfocus(8826)</visible>
			<posx>16</posx>
			<posy>12</posy>
			<width>182</width>
			<height>35</height>
			<texture colordiffuse="gray">white.png</texture>
			</control>
			<control type="label">
			<posx>5</posx>
			<posy>8</posy>
			<width>200</width>
			<height>50</height>
			<align>center</align>
			<label>$INFO[ListItem.Label]</label>
			</control>
			</focusedlayout>
			<content>
			<item>
				<label>ערוצים</label>
				<onclick>ActivateWindow(6100)</onclick>
				</item>
			<item>
				<label>לוח שידורים</label>
				<onclick>RunAddon(script.hebivueguide)</onclick>
				</item>
			<item>
				<label>V.O.D</label>
				<onclick>Control.SetFocus(835)</onclick>
			</item>
			<item>
				<label>חפש תוכנית</label>
				<onclick>ClearProperty(home)</onclick>
				<onclick>ActivateWindow(10025,&quot;plugin://plugin.video.idanplus/?iconimage=C%253A%255CUsers%255Cneta%255CAppData%255CRoaming%255CKodi%255Caddons%255Cplugin.video.idanplus%255Cicon.png&amp;mode=4&amp;module&amp;moredata&amp;name=%5bB%5d%d7%97%d7%99%d7%a4%d7%95%d7%a9%20%d7%aa%d7%9b%d7%a0%d7%99%d7%95%d7%aa%5b%2fB%5d&amp;url&quot;,return)</onclick>
			</item>
			<item>
				<label>תפריט ראשי</label>
				<onclick>Control.SetFocus(9000)</onclick>
			</item>
			</content>
		</control>
		</control>
			

			<control type="group">
			<animation condition="Control.HasFocus(8827)" effect="slide" start="0,0" end="0,800" time="350" tween="sine" easing="inout">Conditional</animation>
			<visible allowhiddenfocus="true">Control.HasFocus(8827)</visible>
			<control type="list" id="8827">
			<posx>-10</posx>
			<posy>-810</posy>
			<width>1920</width>
			<height>400</height>
			<onback>9000</onback>
			<ondown condition="Player.HasVideo">8005</ondown>
			<ondown condition="Player.HasAudio">535</ondown>
			<orientation>horizontal</orientation>
			<itemlayout width="200" height="50">
			<control type="image">
			<posx>15</posx>
			<posy>10</posy>
			<width>185</width>
			<height>40</height>
			<bordertexture colordiffuse="gray">white.png</bordertexture>
			<bordersize>1</bordersize>
			<texture colordiffuse="black">white.png</texture>
			</control>
			<control type="label">
			<posx>5</posx>
			<posy>8</posy>
			<width>200</width>
			<height>50</height>
			<align>center</align>
			<label>$INFO[ListItem.Label]</label>
			</control>
			</itemlayout>
			<focusedlayout width="200" height="50">
			<control type="image">
			<posx>15</posx>
			<posy>10</posy>
			<width>185</width>
			<height>40</height>
			<bordertexture colordiffuse="gray">white.png</bordertexture>
			<bordersize>1</bordersize>
			<texture colordiffuse="black">white.png</texture>
			</control>
			<control type="image">
			<visible>control.hasfocus(8827)</visible>
			<posx>16</posx>
			<posy>12</posy>
			<width>182</width>
			<height>35</height>
			<texture colordiffuse="gray">white.png</texture>
			</control>
			<control type="label">
			<posx>5</posx>
			<posy>8</posy>
			<width>200</width>
			<height>50</height>
			<align>center</align>
			<label>$INFO[ListItem.Label]</label>
			</control>
			</focusedlayout>
			<content>
			<item>
				<label>ספורט 1</label>
				<onclick>ActivateWindow(6500)</onclick>
				</item>
			<item>
				<label>ספורט 2</label>
				<onclick>ActivateWindow(6501)</onclick>
				</item>
			<item>
				<label>ספורט 3</label>
				<onclick>ActivateWindow(6502)</onclick>
			</item>
			<item>
				<label>ספורט 4</label>
				<onclick>ActivateWindow(6503)</onclick>
			</item>
			<item>
				<label>ספורט 5</label>
				<onclick>ActivateWindow(6504)</onclick>
			</item>
			<item>
				<label>ספורט 6</label>
				<onclick>ActivateWindow(6505)</onclick>
			</item>
			</content>
		</control>
		</control>



			<control type="group">
			<animation condition="Control.HasFocus(8828)" effect="slide" start="0,0" end="0,800" time="350" tween="sine" easing="inout">Conditional</animation>
			<visible allowhiddenfocus="true">Control.HasFocus(8828)</visible>
			<control type="list" id="8828">
			<posx>-10</posx>
			<posy>-810</posy>
			<width>1920</width>
			<height>400</height>
			<onback>9000</onback>
			<ondown condition="Player.HasVideo">8005</ondown>
			<ondown condition="Player.HasAudio">535</ondown>
			<orientation>horizontal</orientation>
			<itemlayout width="200" height="50">
			<control type="image">
			<posx>15</posx>
			<posy>10</posy>
			<width>185</width>
			<height>40</height>
			<bordertexture colordiffuse="gray">white.png</bordertexture>
			<bordersize>1</bordersize>
			<texture colordiffuse="black">white.png</texture>
			</control>
			<control type="label">
			<posx>5</posx>
			<posy>8</posy>
			<width>200</width>
			<height>50</height>
			<align>center</align>
			<label>$INFO[ListItem.Label]</label>
			</control>
			</itemlayout>
			<focusedlayout width="200" height="50">
			<control type="image">
			<posx>15</posx>
			<posy>10</posy>
			<width>185</width>
			<height>40</height>
			<bordertexture colordiffuse="gray">white.png</bordertexture>
			<bordersize>1</bordersize>
			<texture colordiffuse="black">white.png</texture>
			</control>
			<control type="image">
			<visible>control.hasfocus(8828)</visible>
			<posx>16</posx>
			<posy>12</posy>
			<width>182</width>
			<height>35</height>
			<texture colordiffuse="gray">white.png</texture>
			</control>
			<control type="label">
			<posx>5</posx>
			<posy>8</posy>
			<width>200</width>
			<height>50</height>
			<align>center</align>
			<label>$INFO[ListItem.Label]</label>
			</control>
			</focusedlayout>
			<content>
			<item>
				<label>רדיו מרכזי</label>
				<onclick>ActivateWindow(6600)</onclick>
				</item>
			<item>
				<label>ערוצים לייב</label>
				<onclick>ActivateWindow(6601)</onclick>
				</item>
			<item>
				<label>קליפים</label>
				<onclick>ActivateWindow(6602)</onclick>
			</item>
			<item>
				<label>זא'נרים</label>
				<onclick>ActivateWindow(6603)</onclick>
			</item>
			<item>
				<label>רדיו עולמי</label>
				<onclick>ActivateWindow(6604)</onclick>
			</item>
			<item>
				<label>תפריט ראשי</label>
				<onclick>Control.SetFocus(9000)</onclick>
			</item>
			</content>
		</control>
		</control>

			<control type="group">
			<animation condition="Control.HasFocus(8829)" effect="slide" start="0,0" end="0,800" time="350" tween="sine" easing="inout">Conditional</animation>
			<visible allowhiddenfocus="true">Control.HasFocus(8829)</visible>
			<control type="list" id="8829">
			<posx>-10</posx>
			<posy>-810</posy>
			<width>1920</width>
			<height>400</height>
			<onback>Control.SetFocus(8821)</onback>
			<ondown condition="Player.HasVideo">8005</ondown>
			<ondown condition="Player.HasAudio">535</ondown>
			<orientation>horizontal</orientation>
			<itemlayout width="200" height="50">
			<control type="image">
			<posx>15</posx>
			<posy>10</posy>
			<width>185</width>
			<height>40</height>
			<bordertexture colordiffuse="gray">white.png</bordertexture>
			<bordersize>1</bordersize>
			<texture colordiffuse="black">white.png</texture>
			</control>
			<control type="label">
			<posx>5</posx>
			<posy>8</posy>
			<width>200</width>
			<height>50</height>
			<align>center</align>
			<label>$INFO[ListItem.Label]</label>
			</control>
			</itemlayout>
			<focusedlayout width="200" height="50">
			<control type="image">
			<posx>15</posx>
			<posy>10</posy>
			<width>185</width>
			<height>40</height>
			<bordertexture colordiffuse="gray">white.png</bordertexture>
			<bordersize>1</bordersize>
			<texture colordiffuse="black">white.png</texture>
			</control>
			<control type="image">
			<visible>control.hasfocus(8829)</visible>
			<posx>16</posx>
			<posy>12</posy>
			<width>182</width>
			<height>35</height>
			<texture colordiffuse="gray">white.png</texture>
			</control>
			<control type="label">
			<posx>5</posx>
			<posy>8</posy>
			<width>200</width>
			<height>50</height>
			<align>center</align>
			<label>$INFO[ListItem.Label]</label>
			</control>
			</focusedlayout>
			<content>
			<item>
			<label>אנימציה</label>
			<onclick>ActivateWindow(10025,&quot;plugin://plugin.video.sdarot.tv/genre/7/0&quot;,return)</onclick>
			</item>	
			<item>
			<label>ילדים</label>
			<onclick>ActivateWindow(10025,&quot;plugin://plugin.video.sdarot.tv/genre/38/0&quot;,return)</onclick>
			</item>
			<item>
			<label>אנימה</label>
			<onclick>ActivateWindow(10025,&quot;plugin://plugin.video.sdarot.tv/genre/18/0&quot;,return)</onclick>
			</item>
			<item>
			<label>דוקומנטרי</label>
			<onclick>ActivateWindow(10025,&quot;plugin://plugin.video.sdarot.tv/genre/9/0&quot;,return)</onclick>
			</item>	
			<item>
			<label>אוכל</label>
			<onclick>ActivateWindow(10025,&quot;plugin://plugin.video.sdarot.tv/genre/33/0&quot;,return)</onclick>
			</item>
			<item>
			<label>הרפתקאות</label>
			<onclick>ActivateWindow(10025,&quot;plugin://plugin.video.sdarot.tv/genre/6/0&quot;,return)</onclick>
			</item>
			<item>
			<label>פעולה</label>
			<onclick>ActivateWindow(10025,&quot;plugin://plugin.video.sdarot.tv/genre/3/0&quot;,return)</onclick>
			</item>	
			<item>
			<label>דרמה</label>
			<onclick>ActivateWindow(10025,&quot;plugin://plugin.video.sdarot.tv/genre/2/0&quot;,return)</onclick>
			</item>
			<item>
			<label>רומנטיקה</label>
			<onclick>ActivateWindow(10025,&quot;plugin://plugin.video.sdarot.tv/genre/15/0&quot;,return)</onclick>
			</item>
			<item>
			<label>מדע בדיוני</label>
			<onclick>ActivateWindow(10025,&quot;plugin://plugin.video.sdarot.tv/genre/5/0&quot;,return)</onclick>
			</item>
			<item>
			<label>קומדיה</label>
			<onclick>ActivateWindow(10025,&quot;plugin://plugin.video.sdarot.tv/genre/1/0&quot;,return)</onclick>
			</item>
			<item>
			<label>מתח</label>
			<onclick>ActivateWindow(10025,&quot;plugin://plugin.video.sdarot.tv/genre/4/0&quot;,return)</onclick>
			</item>
			<item>
			<label>משפחה</label>
			<onclick>ActivateWindow(10025,&quot;plugin://plugin.video.sdarot.tv/genre/10/0&quot;,return)</onclick>
			</item>
			<item>
			<label>מסתורין</label>
			<onclick>ActivateWindow(10025,&quot;plugin://plugin.video.sdarot.tv/genre/14/0&quot;,return)</onclick>
			</item>
			<item>
			<label>ישראלי</label>
			<onclick>ActivateWindow(10025,&quot;plugin://plugin.video.sdarot.tv/genre/20/0&quot;,return)</onclick>
			</item>
			<item>
			<label>שעשועון</label>
			<onclick>ActivateWindow(10025,&quot;plugin://plugin.video.sdarot.tv/genre/27/0&quot;,return)</onclick>
			</item>
			<item>
			<label>טלנובלה</label>
			<onclick>ActivateWindow(10025,&quot;plugin://plugin.video.sdarot.tv/genre/13/0&quot;,return)</onclick>
			</item>
			<item>
			<label>טלנובלות ברזילאיות</label>
			<onclick>ActivateWindow(10025,&quot;plugin://plugin.video.sdarot.tv/genre/54/0&quot;,return)</onclick>
			</item>
			<item>
			<label>טלנובלות טורקיות</label>
			<onclick>ActivateWindow(10025,&quot;plugin://plugin.video.sdarot.tv/genre/50/0&quot;,return)</onclick>
			</item>
			<item>
			<label>טלנובלות ספרדיות</label>
			<onclick>ActivateWindow(10025,&quot;plugin://plugin.video.sdarot.tv/genre/52/0&quot;,return)</onclick>
			</item>
			<item>
			<label>טלנובלות קוריאניות</label>
			<onclick>ActivateWindow(10025,&quot;plugin://plugin.video.sdarot.tv/genre/51/0&quot;,return)</onclick>
			</item>
			<item>
			<label>HBO</label>
			<onclick>ActivateWindow(10025,&quot;plugin://plugin.video.sdarot.tv/genre/53/0&quot;,return)</onclick>
			</item>
			<item>
			<label>אמזון</label>
			<onclick>ActivateWindow(10025,&quot;plugin://plugin.video.sdarot.tv/genre/49/0&quot;,return)</onclick>
			</item>
			<item>
			<label>דיסני</label>
			<onclick>ActivateWindow(10025,&quot;plugin://plugin.video.sdarot.tv/genre/55/0&quot;,return)</onclick>
			</item>
			</content>
		</control>
		</control>

			<control type="group">
			<animation condition="Control.HasFocus(8830)" effect="slide" start="0,0" end="0,800" time="350" tween="sine" easing="inout">Conditional</animation>
			<visible allowhiddenfocus="true">Control.HasFocus(8830)</visible>
			<control type="list" id="8830">
			<posx>-10</posx>
			<posy>-810</posy>
			<width>1920</width>
			<height>400</height>
			<onback>9000</onback>
			<ondown condition="Player.HasVideo">8005</ondown>
			<ondown condition="Player.HasAudio">535</ondown>
			<orientation>horizontal</orientation>
			<itemlayout width="200" height="50">
			<control type="image">
			<posx>15</posx>
			<posy>10</posy>
			<width>185</width>
			<height>40</height>
			<bordertexture colordiffuse="gray">white.png</bordertexture>
			<bordersize>1</bordersize>
			<texture colordiffuse="black">white.png</texture>
			</control>
			<control type="label">
			<posx>5</posx>
			<posy>8</posy>
			<width>200</width>
			<height>50</height>
			<align>center</align>
			<label>$INFO[ListItem.Label]</label>
			</control>
			</itemlayout>
			<focusedlayout width="200" height="50">
			<control type="image">
			<posx>15</posx>
			<posy>10</posy>
			<width>185</width>
			<height>40</height>
			<bordertexture colordiffuse="gray">white.png</bordertexture>
			<bordersize>1</bordersize>
			<texture colordiffuse="black">white.png</texture>
			</control>
			<control type="image">
			<visible>control.hasfocus(8830)</visible>
			<posx>16</posx>
			<posy>12</posy>
			<width>182</width>
			<height>35</height>
			<texture colordiffuse="deeppink">white.png</texture>
			</control>
			<control type="label">
			<posx>5</posx>
			<posy>8</posy>
			<width>200</width>
			<height>50</height>
			<align>center</align>
			<label>$INFO[ListItem.Label]</label>
			</control>
			</focusedlayout>
			<content>
			<item>
				<label>מדובב 1</label>
				<onclick>ActivateWindow(6304)</onclick>
				</item>
			<item>
				<label>מדובב 2</label>
				<onclick>ActivateWindow(6305)</onclick>
				</item>
			<item>
				<label>מדובב 3</label>
				<onclick>ActivateWindow(6306)</onclick>
			</item>
			<item>
				<label>בקרוב</label>
				<onclick>-</onclick>
			</item>
			<item>
				<label>בקרוב</label>
				<onclick>-</onclick>
			</item>
			<item>
				<label>תפריט קודם</label>
				<onclick>Control.SetFocus(8824)</onclick>
			</item>
			</content>
		</control>
		</control>



			<control type="group">
			<animation condition="Control.HasFocus(8831)" effect="slide" start="0,0" end="0,800" time="350" tween="sine" easing="inout">Conditional</animation>
			<visible allowhiddenfocus="true">Control.HasFocus(8831)</visible>
			<control type="list" id="8831">
			<posx>-10</posx>
			<posy>-810</posy>
			<width>1920</width>
			<height>400</height>
			<onback>9000</onback>
			<ondown condition="Player.HasVideo">8005</ondown>
			<ondown condition="Player.HasAudio">535</ondown>
			<orientation>horizontal</orientation>
			<itemlayout width="200" height="50">
			<control type="image">
			<posx>15</posx>
			<posy>10</posy>
			<width>185</width>
			<height>40</height>
			<bordertexture colordiffuse="gray">white.png</bordertexture>
			<bordersize>1</bordersize>
			<texture colordiffuse="black">white.png</texture>
			</control>
			<control type="label">
			<posx>5</posx>
			<posy>8</posy>
			<width>200</width>
			<height>50</height>
			<align>center</align>
			<label>$INFO[ListItem.Label]</label>
			</control>
			</itemlayout>
			<focusedlayout width="200" height="50">
			<control type="image">
			<posx>15</posx>
			<posy>10</posy>
			<width>185</width>
			<height>40</height>
			<bordertexture colordiffuse="gray">white.png</bordertexture>
			<bordersize>1</bordersize>
			<texture colordiffuse="black">white.png</texture>
			</control>
			<control type="image">
			<visible>control.hasfocus(8831)</visible>
			<posx>16</posx>
			<posy>12</posy>
			<width>182</width>
			<height>35</height>
			<texture colordiffuse="gray">white.png</texture>
			</control>
			<control type="label">
			<posx>5</posx>
			<posy>8</posy>
			<width>200</width>
			<height>50</height>
			<align>center</align>
			<label>$INFO[ListItem.Label]</label>
			</control>
			</focusedlayout>
			<content>
			<item>
				<label>הגדרות</label>
				<onclick>PlayMedia(&quot;plugin://plugin.video.telemedia/?&amp;mode=120&amp;name=%5BCOLOR+red%5D%5BB%5D%D7%94%D7%92%D7%93%D7%A8%D7%95%D7%AA%5B%2FB%5D%5B%2FCOLOR%5D&amp;fanart=https%3A%2F%2Fmedia-cdn.tripadvisor.com%2Fmedia%2Fphoto-s%2F08%2F6f%2F12%2F05%2Fbeautiful-settings.jpg&amp;iconimage=special%3A%2F%2Fhome%2Faddons%2Fplugin.video.telemedia%2Ftele%2Fsetting.png&amp;original_title=+&amp;url=www&amp;description=+&quot;)</onclick>
				</item>
			<item>
				<label>מידע מלא</label>
				<onclick>ActivateWindow(10025,&quot;plugin://plugin.video.telemedia/?data=%20&amp;dates=%20&amp;description=%d7%a7%d7%91%d7%95%d7%a6%d7%95%d7%aa%20%d7%9e%d7%99%d7%93%d7%a2%20%d7%9e%d7%9c%d7%90%20%d7%a0%d7%91%d7%97%d7%a8%d7%95%d7%aa&amp;eng_name=%20&amp;episode=%20&amp;fanart=https%3a%2f%2fimg.wonderhowto.com%2fimg%2f66%2f20%2f63525837196216%2f0%2fhack-like-pro-pivot-from-victim-system-own-every-computer-network.1280x600.jpg&amp;fav_status=false&amp;groups_id=0&amp;heb_name=%20&amp;iconimage=special%3a%2f%2fhome%2faddons%2fplugin.video.telemedia%2ftele%2finfo.png&amp;id=%20&amp;image_master&amp;isr=0&amp;last_id&amp;mode=33&amp;name=%5bCOLOR%20gold%5d%d7%a7%d7%91%d7%95%d7%a6%d7%95%d7%aa%20%d7%9e%d7%99%d7%93%d7%a2%20%d7%9e%d7%9c%d7%90%20%d7%a0%d7%91%d7%97%d7%a8%d7%95%d7%aa%5b%2fCOLOR%5d&amp;original_title=%20&amp;season=%20&amp;show_original_year=%20&amp;tmdbid=%20&amp;url=www&quot;,return)</onclick>
				</item>
			<item>
				<label>עדכון הבילד</label>
				<onclick>ActivateWindow(10025,&quot;plugin://plugin.video.telemedia/?data=%20&amp;dates=%20&amp;description=%d7%a8%d7%99%d7%a4%d7%95%20%d7%90%d7%99%d7%a9%d7%99&amp;eng_name=%20&amp;episode=%20&amp;fanart=https%3a%2f%2fcdn.wallpapersafari.com%2f21%2f48%2fcRMEy3.jpg&amp;fav_status=false&amp;groups_id=0&amp;heb_name=%20&amp;iconimage=special%3a%2f%2fhome%2faddons%2fplugin.video.telemedia%2ftele%2faddons.png&amp;id=%20&amp;image_master&amp;isr=0&amp;last_id&amp;mode=46&amp;name=%5bCOLOR%20blue%5d%d7%a8%d7%99%d7%a4%d7%95%20%d7%90%d7%99%d7%a9%d7%99%5b%2fCOLOR%5d&amp;original_title=%20&amp;season=%20&amp;show_original_year=%20&amp;tmdbid=%20&amp;url=www&quot;,return)</onclick>
			</item>
			<item>
				<label>הקבוצות שלי</label>
				<onclick>ActivateWindow(10025,&quot;plugin://plugin.video.telemedia/?data=%20&amp;dates=%20&amp;description=My%20Groups&amp;eng_name=%20&amp;episode=%20&amp;fanart=https%3a%2f%2fwallup.net%2fwp-content%2fuploads%2f2016%2f10%2f12%2f137743-jumping-silhouette-group_of_people-cat-sea-reflection.jpg&amp;fav_status=false&amp;groups_id=0&amp;heb_name=%20&amp;iconimage=special%3a%2f%2fhome%2faddons%2fplugin.video.telemedia%2ftele%2fmygroups.png&amp;id=%20&amp;image_master&amp;isr=0&amp;last_id=0%24%24%249223372036854775807&amp;mode=12&amp;name=%5bCOLOR%20blue%5d%d7%94%d7%a7%d7%91%d7%95%d7%a6%d7%95%d7%aa%20%d7%a9%d7%9c%d7%99%5b%2fCOLOR%5d&amp;original_title=%20&amp;season=%20&amp;show_original_year=%20&amp;tmdbid=%20&amp;url=chatListMain&quot;,return)</onclick>
			</item>
			<item>
				<label>סדרות</label>
				<onclick>ActivateWindow(10025,&quot;plugin://plugin.video.telemedia/?data=%20&amp;dates=%20&amp;description=Tv%20Shows&amp;eng_name=%20&amp;episode=%20&amp;fanart=https%3a%2f%2fstatic.highsnobiety.com%2fthumbor%2fR8JPAdy4hlfFhZj9_YqCQfcNsZ0%3d%2ffit-in%2f800x480%2fsmart%2fstatic.highsnobiety.com%2fwp-content%2fuploads%2f2019%2f02%2f28155224%2fgame-of-thrones-season-8-posters-001.jpg&amp;fav_status=false&amp;groups_id=0&amp;heb_name=%20&amp;iconimage=special%3a%2f%2fhome%2faddons%2fplugin.video.telemedia%2ftele%2ftvshows.png&amp;id=%20&amp;image_master&amp;isr=0&amp;last_id&amp;mode=11&amp;name=%5bCOLOR%20blue%5d%d7%a1%d7%93%d7%a8%d7%95%d7%aa%5b%2fCOLOR%5d&amp;original_title=%20&amp;season=%20&amp;show_original_year=%20&amp;tmdbid=%20&amp;url=%20&quot;,return)</onclick>
			</item>
			<item>
				<label>סרטים</label>
				<onclick>ActivateWindow(10025,&quot;plugin://plugin.video.telemedia/?data=%20&amp;dates=%20&amp;description=Movies&amp;eng_name=%20&amp;episode=%20&amp;fanart=https%3a%2f%2fwww.ubackground.com%2f_ph%2f22%2f269562231.jpg&amp;fav_status=false&amp;groups_id=0&amp;heb_name=%20&amp;iconimage=special%3a%2f%2fhome%2faddons%2fplugin.video.telemedia%2ftele%2fmovies.png&amp;id=%20&amp;image_master&amp;isr=0&amp;last_id&amp;mode=10&amp;name=%5bCOLOR%20blue%5d%d7%a1%d7%a8%d7%98%d7%99%d7%9d%5b%2fCOLOR%5d&amp;original_title=%20&amp;season=%20&amp;show_original_year=%20&amp;tmdbid=%20&amp;url=%20&quot;,return)</onclick>
			</item>
			<item>
				<label>חיפוש בטלמדיה</label>
				<onclick>ActivateWindow(10025,&quot;plugin://plugin.video.telemedia/?data=all&amp;dates=%20&amp;description=Search%20All&amp;eng_name=%20&amp;episode=%20&amp;fanart=https%3a%2f%2fwww.komando.com%2fwp-content%2fuploads%2f2017%2f12%2fcomputer-search.jpg&amp;fav_status=false&amp;groups_id=0&amp;heb_name=%20&amp;iconimage=https%3a%2f%2fsitechecker.pro%2fwp-content%2fuploads%2f2017%2f12%2fsearch-engines.png&amp;id=%20&amp;image_master&amp;isr=0&amp;last_id=0%24%24%240&amp;mode=6&amp;name=%5bCOLOR%20yellow%5d%d7%97%d7%99%d7%a4%d7%95%d7%a9%20%d7%9b%d7%9c%d7%9c%d7%99%5b%2fCOLOR%5d&amp;original_title=%20&amp;season=%20&amp;show_original_year=%20&amp;tmdbid=%20&amp;url=%20&quot;,return)</onclick>
			</item>
			</content>
		</control>
		</control>



<control type="group">
<visible>control.hasfocus(3495)</visible>
<control type="label">
<posx>1200</posx>
<posy>725</posy>
<width>500</width>
<height>40</height>
<label>$INFO[Container(3495).ListItem.Label]</label>
</control>
<control type="list" id="3495">
<posx>800</posx>
<posy>710</posy>
<width>500</width>
<height>100</height>
<ondown>9000</ondown>
<orientation>horizontal</orientation>
<itemlayout width="100" height="40">
<control type="image">
<posx>0</posx>
<posy>0</posy>
<width>80</width>
<height>80</height>
<texture border="40">special://skin/extras/common/roundedbutton-nofocus.png</texture>
</control>
<control type="label">
<posx>20</posx>
<posy>20</posy>
<width>40</width>
<height>40</height>
<label>$INFO[ListItem.Label2]</label>
</control>
</itemlayout>
<focusedlayout width="100" height="40">
<control type="image">
<visible>Control.HasFocus(3495)</visible>
<posx>12</posx>
<posy>8</posy>
<width>55</width>
<height>60</height>
<texture>special://skin/extras/common/roundedbutton-focus.png</texture>
</control>
<control type="image">
<posx>0</posx>
<posy>0</posy>
<width>80</width>
<height>80</height>
<texture border="40">special://skin/extras/common/roundedbutton-nofocus.png</texture>
</control>
<control type="label">
<posx>20</posx>
<posy>20</posy>
<width>40</width>
<height>40</height>
<label>[B]$INFO[ListItem.Label2][/B]</label>
</control>
<control type="label">
<visible>control.hasfocus(3495)</visible>
<posx>20</posx>
<posy>20</posy>
<width>40</width>
<height>40</height>
<textcolor>yellow</textcolor>
<label>[B]$INFO[ListItem.Label2][/B]</label>
</control>
</focusedlayout>
<content>
<item id="1">
<label2>-1-</label2>
<label>עדכון מהיר</label>
<onclick>PlayMedia(&quot;plugin://plugin.program.Ghost/?mode=install&amp;name=+Pellucid+Premium+Ver+1&amp;url=gui&quot;)</onclick>
</item>
<item id="2">
<label>עדכון מהיר טלמדיה</label>
<label2>-2-</label2>
<onclick>ActivateWindow(10025,&quot;plugin://plugin.video.telemedia/?data=%20&amp;dates=%20&amp;description=%d7%a8%d7%99%d7%a4%d7%95%20%d7%90%d7%99%d7%a9%d7%99&amp;eng_name=%20&amp;episode=%20&amp;fanart=https%3a%2f%2fcdn.wallpapersafari.com%2f21%2f48%2fcRMEy3.jpg&amp;fav_status=false&amp;groups_id=0&amp;heb_name=%20&amp;iconimage=special%3a%2f%2fhome%2faddons%2fplugin.video.telemedia%2ftele%2faddons.png&amp;id=%20&amp;image_master&amp;isr=0&amp;last_id&amp;mode=46&amp;name=%5bCOLOR%20blue%5d%d7%a8%d7%99%d7%a4%d7%95%20%d7%90%d7%99%d7%a9%d7%99%5b%2fCOLOR%5d&amp;original_title=%20&amp;season=%20&amp;show_original_year=%20&amp;tmdbid=%20&amp;url=www&quot;,return)</onclick>
</item>
<item id="3">
<label>עדכון מהיר טלמדיה אפשרות שניה</label>
<label2>-3-</label2>
<onclick>-PlayMedia(&quot;plugin://plugin.video.telemedia/?&amp;mode=47&amp;name=%5BCOLOR+lightblue%5Dupdate%5B%2FCOLOR%5D&amp;fanart=+&amp;iconimage=+&amp;original_title=%7B%22update%22%3A+%5B%7B%22c_id%22%3A+118489088%2C+%22m_id%22%3A+118489088%2C+%22f_name%22%3A+%22update-10.2.zip%22%2C+%22version%22%3A+%2215.2%22%2C+%22ex%22%3A+false%2C+%22id%22%3A+%22665%22%2C+%22size%22%3A+%220.0+GB%22%7D%5D%7D&amp;url=%5B%7B%22c_id%22%3A+118489088%2C+%22m_id%22%3A+118489088%2C+%22f_name%22%3A+%22update-10.2.zip%22%2C+%22version%22%3A+%2215.2%22%2C+%22ex%22%3A+false%2C+%22id%22%3A+%22665%22%2C+%22size%22%3A+%220.0+GB%22%7D%5D&amp;description=+&quot;)</onclick>
</item>
<item id="4">
<label2>-4-</label2>
<onclick>-</onclick>
</item>
</content>
</control>
</control>
</include>

</includes>
