<?xml version="1.0" encoding="UTF-8"?>



<includes>

<include name="extramainscreentvshow">
<definition>
			<control type="image">
			<posx>550</posx>
			<posy>200</posy>
			<width>800</width>
			<height>200</height>
			<texture>special://skin/extras/circles/designedbyghost.png</texture>
			</control>
<control type="image">
<posx>0</posx>
<posy>500</posy>
<width>1920</width>
<height>400</height>
<texture colordiffuse="black">white.png</texture>
</control>
<control type="group">
<control type="multiimage">
<posx>0</posx>
<posy>500</posy>
<width>300</width>
<height>400</height>
<fadetime>250</fadetime>
<imagepath>$INFO[Container($PARAM[extrastvhosid]).ListItem.Thumb]</imagepath>
</control>
<control type="textbox">
<posx>600</posx>
<posy>740</posy>
<width>800</width>
<height>150</height>
<align>right</align>
<label>$INFO[Container($PARAM[extrastvhosid]).ListItem.Plot]</label>
</control>
<control type="label">
<posx>1400</posx>
<posy>680</posy>
<width>800</width>
<height>50</height>
<align>right</align>
<textcolor>gray</textcolor>
<label>[I]$INFO[Container($PARAM[extrastvhosid]).ListItem.Genre][/I]</label>
</control>
<control type="label">
<posx>1400</posx>
<posy>500</posy>
<width>800</width>
<height>50</height>
<align>right</align>
<font>font-21-recommnded</font>
<label>[I]$INFO[Container($PARAM[extrastvhosid]).ListItem.Label][/I]</label>
</control>

<control type="label">
<posx>1400</posx>
<posy>600</posy>
<width>800</width>
<height>50</height>
<align>right</align>
<font>font-21-recommnded</font>
<label>[B]$INFO[Container($PARAM[extrastvhosid]).ListItem.Year][/B]</label>
</control>

<control type="textbox">
<animation condition="!Integer.IsGreater(Container(1256).NumItems,0)" effect="fade" start="0" end="100" time="1100" pulse="true">Conditional</animation>
<visible>!Integer.IsGreater(Container(1256).NumItems,0)</visible>
<posx>750</posx>
<posy>650</posy>
<width>400</width>
<height>240</height>
<align>center</align>
<label>טוען רשימת סדרות הטעינה יכולה לקחת מספר שניות...</label>
</control>

<control type="group">
<animation condition="String.Contains(Container($PARAM[extrastvhosid]).ListItem.Label,HOT) + Control.HasFocus($PARAM[extrastvhosid])" effect="slide" start="0,0" end="-400,0" time="350" tween="sine" easing="inout">Conditional</animation>
<visible>String.Contains(Container($PARAM[extrastvhosid]).ListItem.Label,HOT) + Control.HasFocus($PARAM[extrastvhosid])</visible>
<posx>2000</posx>
<posy>200</posy>
			<control type="image">
			<posx>0</posx>
			<posy>0</posy>
			<width>220</width>
			<height>220</height>
			<texture border="40">special://skin/extras/common/roundedbutton-nofocus.png</texture>
			</control>
			<control type="multiimage">
			<posx>21</posx>
			<posy>21</posy>
			<width>175</width>
			<height>175</height>
			<imagepath diffuse="special://skin/extras/diffuse/fanart_diffuse.png">https://i.pinimg.com/originals/dc/08/e4/dc08e40e6f79bfb575c41c7e6d4fcc04.jpg</imagepath>
			</control>
</control>

<control type="group">
<animation condition="String.Contains(Container($PARAM[extrastvhosid]).ListItem.Label,YES) + Control.HasFocus($PARAM[extrastvhosid])" effect="slide" start="0,0" end="-400,0" time="350" tween="sine" easing="inout">Conditional</animation>
<visible>String.Contains(Container($PARAM[extrastvhosid]).ListItem.Label,YES) + Control.HasFocus($PARAM[extrastvhosid])</visible>
<posx>2000</posx>
<posy>200</posy>
			<control type="image">
			<posx>0</posx>
			<posy>0</posy>
			<width>220</width>
			<height>220</height>
			<texture border="40">special://skin/extras/common/roundedbutton-nofocus.png</texture>
			</control>
			<control type="multiimage">
			<posx>21</posx>
			<posy>21</posy>
			<width>175</width>
			<height>175</height>
			<imagepath diffuse="special://skin/extras/diffuse/fanart_diffuse.png">https://i.ytimg.com/vi/TNMIpzXiyKo/hqdefault.jpg</imagepath>
			</control>
</control>

<control type="group">
<animation condition="String.Contains(Container($PARAM[extrastvhosid]).ListItem.Label,רשת 13) + Control.HasFocus($PARAM[extrastvhosid])" effect="slide" start="0,0" end="-400,0" time="350" tween="sine" easing="inout">Conditional</animation>
<visible>String.Contains(Container($PARAM[extrastvhosid]).ListItem.Label,רשת 13) + Control.HasFocus($PARAM[extrastvhosid])</visible>
<posx>2000</posx>
<posy>200</posy>
			<control type="image">
			<posx>0</posx>
			<posy>0</posy>
			<width>220</width>
			<height>220</height>
			<texture border="40">special://skin/extras/common/roundedbutton-nofocus.png</texture>
			</control>
			<control type="multiimage">
			<posx>21</posx>
			<posy>21</posy>
			<width>175</width>
			<height>175</height>
			<imagepath diffuse="special://skin/extras/diffuse/fanart_diffuse.png">https://media.reshet.tv/image/upload/v1505465004/13logo_lxzge7.jpg</imagepath>
			</control>
</control>

<control type="group">
<animation condition="String.Contains(Container($PARAM[extrastvhosid]).ListItem.Label,כאן 11) + Control.HasFocus($PARAM[extrastvhosid])" effect="slide" start="0,0" end="-400,0" time="350" tween="sine" easing="inout">Conditional</animation>
<visible>String.Contains(Container($PARAM[extrastvhosid]).ListItem.Label,כאן 11) + Control.HasFocus($PARAM[extrastvhosid])</visible>
<posx>2000</posx>
<posy>200</posy>
			<control type="image">
			<posx>0</posx>
			<posy>0</posy>
			<width>220</width>
			<height>220</height>
			<texture border="40">special://skin/extras/common/roundedbutton-nofocus.png</texture>
			</control>
			<control type="multiimage">
			<posx>21</posx>
			<posy>21</posy>
			<width>175</width>
			<height>175</height>
			<imagepath diffuse="special://skin/extras/diffuse/fanart_diffuse.png">https://i.ibb.co/vsFV8DW/unnamed.jpg</imagepath>
			</control>
</control>

<control type="group">
<animation condition="String.Contains(Container($PARAM[extrastvhosid]).ListItem.Plot,נטפליקס) + Control.HasFocus($PARAM[extrastvhosid])" effect="slide" start="0,0" end="-400,0" time="350" tween="sine" easing="inout">Conditional</animation>
<visible>String.Contains(Container($PARAM[extrastvhosid]).ListItem.Plot,נטפליקס) + Control.HasFocus($PARAM[extrastvhosid])</visible>
<posx>2000</posx>
<posy>200</posy>
			<control type="image">
			<posx>0</posx>
			<posy>0</posy>
			<width>220</width>
			<height>220</height>
			<texture border="40">special://skin/extras/common/roundedbutton-nofocus.png</texture>
			</control>
			<control type="multiimage">
			<posx>21</posx>
			<posy>21</posy>
			<width>175</width>
			<height>175</height>
			<imagepath diffuse="special://skin/extras/diffuse/fanart_diffuse.png">https://i.pinimg.com/originals/dd/d1/69/ddd169a33e8113620e431d2c5fdf1cf8.jpg</imagepath>
			</control>
</control>

<control type="group">
<animation condition="String.Contains(Container($PARAM[extrastvhosid]).ListItem.Plot,CBS) + Control.HasFocus($PARAM[extrastvhosid])" effect="slide" start="0,0" end="-400,0" time="350" tween="sine" easing="inout">Conditional</animation>
<visible>String.Contains(Container($PARAM[extrastvhosid]).ListItem.Plot,CBS) + Control.HasFocus($PARAM[extrastvhosid])</visible>
<posx>2000</posx>
<posy>200</posy>
			<control type="image">
			<posx>0</posx>
			<posy>0</posy>
			<width>220</width>
			<height>220</height>
			<texture border="40">special://skin/extras/common/roundedbutton-nofocus.png</texture>
			</control>
			<control type="multiimage">
			<posx>21</posx>
			<posy>21</posy>
			<width>175</width>
			<height>175</height>
			<imagepath diffuse="special://skin/extras/diffuse/fanart_diffuse.png">https://wwwimage-secure.cbsstatic.com/base/files/seo/cbs_social_0.jpg</imagepath>
			</control>
</control>

<control type="group">
<animation condition="String.Contains(Container($PARAM[extrastvhosid]).ListItem.Plot,אמזון פריים) + Control.HasFocus($PARAM[extrastvhosid])" effect="slide" start="0,0" end="-400,0" time="350" tween="sine" easing="inout">Conditional</animation>
<visible>String.Contains(Container($PARAM[extrastvhosid]).ListItem.Plot,אמזון פריים) + Control.HasFocus($PARAM[extrastvhosid])</visible>
<posx>2000</posx>
<posy>200</posy>
			<control type="image">
			<posx>0</posx>
			<posy>0</posy>
			<width>220</width>
			<height>220</height>
			<texture border="40">special://skin/extras/common/roundedbutton-nofocus.png</texture>
			</control>
			<control type="multiimage">
			<posx>21</posx>
			<posy>21</posy>
			<width>175</width>
			<height>175</height>
			<imagepath diffuse="special://skin/extras/diffuse/fanart_diffuse.png">https://www.xda-developers.com/files/2020/03/amazon-prime-video-1024x673.jpg</imagepath>
			</control>
</control>

<control type="group">
<animation condition="String.Contains(Container($PARAM[extrastvhosid]).ListItem.Plot,ABC) + Control.HasFocus($PARAM[extrastvhosid])" effect="slide" start="0,0" end="-400,0" time="350" tween="sine" easing="inout">Conditional</animation>
<visible>String.Contains(Container($PARAM[extrastvhosid]).ListItem.Plot,ABC) + Control.HasFocus($PARAM[extrastvhosid])</visible>
<posx>2000</posx>
<posy>200</posy>
			<control type="image">
			<posx>0</posx>
			<posy>0</posy>
			<width>220</width>
			<height>220</height>
			<texture border="40">special://skin/extras/common/roundedbutton-nofocus.png</texture>
			</control>
			<control type="multiimage">
			<posx>21</posx>
			<posy>21</posy>
			<width>175</width>
			<height>175</height>
			<imagepath diffuse="special://skin/extras/diffuse/fanart_diffuse.png">https://pbs.twimg.com/profile_images/1235627146883682305/yfq57YSe_400x400.jpg</imagepath>
			</control>
</control>

<control type="group">
<animation condition="String.Contains(Container($PARAM[extrastvhosid]).ListItem.Plot,ניקלודיאון) + Control.HasFocus($PARAM[extrastvhosid])" effect="slide" start="0,0" end="-400,0" time="350" tween="sine" easing="inout">Conditional</animation>
<visible>String.Contains(Container($PARAM[extrastvhosid]).ListItem.Plot,ניקלודיאון) + Control.HasFocus($PARAM[extrastvhosid])</visible>
<posx>2000</posx>
<posy>200</posy>
			<control type="image">
			<posx>0</posx>
			<posy>0</posy>
			<width>220</width>
			<height>220</height>
			<texture border="40">special://skin/extras/common/roundedbutton-nofocus.png</texture>
			</control>
			<control type="multiimage">
			<posx>21</posx>
			<posy>21</posy>
			<width>175</width>
			<height>175</height>
			<imagepath diffuse="special://skin/extras/diffuse/fanart_diffuse.png">https://upload.wikimedia.org/wikipedia/he/thumb/9/9a/Nickelodeon_logo.svg/1200px-Nickelodeon_logo.svg.png</imagepath>
			</control>
</control>

<control type="group">
<animation condition="String.Contains(Container($PARAM[extrastvhosid]).ListItem.Plot,דיסני) + Control.HasFocus($PARAM[extrastvhosid])" effect="slide" start="0,0" end="-400,0" time="350" tween="sine" easing="inout">Conditional</animation>
<visible>String.Contains(Container($PARAM[extrastvhosid]).ListItem.Plot,דיסני) + Control.HasFocus($PARAM[extrastvhosid])</visible>
<posx>2000</posx>
<posy>200</posy>
			<control type="image">
			<posx>0</posx>
			<posy>0</posy>
			<width>220</width>
			<height>220</height>
			<texture border="40">special://skin/extras/common/roundedbutton-nofocus.png</texture>
			</control>
			<control type="multiimage">
			<posx>21</posx>
			<posy>21</posy>
			<width>175</width>
			<height>175</height>
			<imagepath diffuse="special://skin/extras/diffuse/fanart_diffuse.png">https://www.pc.co.il/wp-content/uploads/2017/02/Disney-logo-png-transparent.jpg</imagepath>
			</control>
</control>

<control type="group">
<animation condition="String.Contains(Container($PARAM[extrastvhosid]).ListItem.Plot,NBC) + Control.HasFocus($PARAM[extrastvhosid])" effect="slide" start="0,0" end="-400,0" time="350" tween="sine" easing="inout">Conditional</animation>
<visible>String.Contains(Container($PARAM[extrastvhosid]).ListItem.Plot,NBC) + Control.HasFocus($PARAM[extrastvhosid])</visible>
<posx>2000</posx>
<posy>200</posy>
			<control type="image">
			<posx>0</posx>
			<posy>0</posy>
			<width>220</width>
			<height>220</height>
			<texture border="40">special://skin/extras/common/roundedbutton-nofocus.png</texture>
			</control>
			<control type="multiimage">
			<posx>21</posx>
			<posy>21</posy>
			<width>175</width>
			<height>175</height>
			<imagepath diffuse="special://skin/extras/diffuse/fanart_diffuse.png">https://www.wcbi.com/wp-content/uploads/2020/03/nbc-logo-1.jpg</imagepath>
			</control>
</control>

<control type="group">
<animation condition="String.Contains(Container($PARAM[extrastvhosid]).ListItem.Plot,AMC) + Control.HasFocus($PARAM[extrastvhosid])" effect="slide" start="0,0" end="-400,0" time="350" tween="sine" easing="inout">Conditional</animation>
<visible>String.Contains(Container($PARAM[extrastvhosid]).ListItem.Plot,AMC) + Control.HasFocus($PARAM[extrastvhosid])</visible>
<posx>2000</posx>
<posy>200</posy>
			<control type="image">
			<posx>0</posx>
			<posy>0</posy>
			<width>220</width>
			<height>220</height>
			<texture border="40">special://skin/extras/common/roundedbutton-nofocus.png</texture>
			</control>
			<control type="multiimage">
			<posx>21</posx>
			<posy>21</posy>
			<width>175</width>
			<height>175</height>
			<imagepath diffuse="special://skin/extras/diffuse/fanart_diffuse.png">https://images.amcnetworks.com/amc.com/wp-content/uploads/2020/01/amc_default_blog_1200x707.jpg</imagepath>
			</control>
</control>

<control type="group">
<animation condition="String.Contains(Container($PARAM[extrastvhosid]).ListItem.Plot,Showcase) + Control.HasFocus($PARAM[extrastvhosid])" effect="slide" start="0,0" end="-400,0" time="350" tween="sine" easing="inout">Conditional</animation>
<visible>String.Contains(Container($PARAM[extrastvhosid]).ListItem.Plot,Showcase) + Control.HasFocus($PARAM[extrastvhosid])</visible>
<posx>2000</posx>
<posy>200</posy>
			<control type="image">
			<posx>0</posx>
			<posy>0</posy>
			<width>220</width>
			<height>220</height>
			<texture border="40">special://skin/extras/common/roundedbutton-nofocus.png</texture>
			</control>
			<control type="multiimage">
			<posx>21</posx>
			<posy>21</posy>
			<width>175</width>
			<height>175</height>
			<imagepath diffuse="special://skin/extras/diffuse/fanart_diffuse.png">https://upload.wikimedia.org/wikipedia/en/f/fa/Showcase_Logo_2015.png</imagepath>
			</control>
</control>

<control type="group">
<animation condition="String.Contains(Container($PARAM[extrastvhosid]).ListItem.Plot,HBO) + Control.HasFocus($PARAM[extrastvhosid])" effect="slide" start="0,0" end="-400,0" time="350" tween="sine" easing="inout">Conditional</animation>
<visible>String.Contains(Container($PARAM[extrastvhosid]).ListItem.Plot,HBO) + Control.HasFocus($PARAM[extrastvhosid])</visible>
<posx>2000</posx>
<posy>200</posy>
			<control type="image">
			<posx>0</posx>
			<posy>0</posy>
			<width>220</width>
			<height>220</height>
			<texture border="40">special://skin/extras/common/roundedbutton-nofocus.png</texture>
			</control>
			<control type="multiimage">
			<posx>21</posx>
			<posy>21</posy>
			<width>175</width>
			<height>175</height>
			<imagepath diffuse="special://skin/extras/diffuse/fanart_diffuse.png">https://vosizneias.com/wp-content/uploads/2019/08/hbo-static-1920.jpg</imagepath>
			</control>
</control>

<control type="group">
<animation condition="String.Contains(Container($PARAM[extrastvhosid]).ListItem.Plot,FOX) + Control.HasFocus($PARAM[extrastvhosid])" effect="slide" start="0,0" end="-400,0" time="350" tween="sine" easing="inout">Conditional</animation>
<visible>String.Contains(Container($PARAM[extrastvhosid]).ListItem.Plot,FOX) + Control.HasFocus($PARAM[extrastvhosid])</visible>
<posx>2000</posx>
<posy>200</posy>
			<control type="image">
			<posx>0</posx>
			<posy>0</posy>
			<width>220</width>
			<height>220</height>
			<texture border="40">special://skin/extras/common/roundedbutton-nofocus.png</texture>
			</control>
			<control type="multiimage">
			<posx>21</posx>
			<posy>21</posy>
			<width>175</width>
			<height>175</height>
			<imagepath diffuse="special://skin/extras/diffuse/fanart_diffuse.png">https://dash.mediaupdate.co.za/story/image/143847/143847.jpg</imagepath>
			</control>
</control>

<control type="group">
<animation condition="String.Contains(Container($PARAM[extrastvhosid]).ListItem.Plot,The CW) + Control.HasFocus($PARAM[extrastvhosid])" effect="slide" start="0,0" end="-400,0" time="350" tween="sine" easing="inout">Conditional</animation>
<visible>String.Contains(Container($PARAM[extrastvhosid]).ListItem.Plot,The CW) + Control.HasFocus($PARAM[extrastvhosid])</visible>
<posx>2000</posx>
<posy>200</posy>
			<control type="image">
			<posx>0</posx>
			<posy>0</posy>
			<width>220</width>
			<height>220</height>
			<texture border="40">special://skin/extras/common/roundedbutton-nofocus.png</texture>
			</control>
			<control type="multiimage">
			<posx>21</posx>
			<posy>21</posy>
			<width>175</width>
			<height>175</height>
			<imagepath diffuse="special://skin/extras/diffuse/fanart_diffuse.png">https://i2.wp.com/www.4ye.co.uk/wp-content/uploads/2020/03/cw-logo.jpg</imagepath>
			</control>
</control>

<control type="group">
<animation condition="String.Contains(Container($PARAM[extrastvhosid]).ListItem.Plot,AXN) + Control.HasFocus($PARAM[extrastvhosid])" effect="slide" start="0,0" end="-400,0" time="350" tween="sine" easing="inout">Conditional</animation>
<visible>String.Contains(Container($PARAM[extrastvhosid]).ListItem.Plot,AXN) + Control.HasFocus($PARAM[extrastvhosid])</visible>
<posx>2000</posx>
<posy>200</posy>
			<control type="image">
			<posx>0</posx>
			<posy>0</posy>
			<width>220</width>
			<height>220</height>
			<texture border="40">special://skin/extras/common/roundedbutton-nofocus.png</texture>
			</control>
			<control type="multiimage">
			<posx>21</posx>
			<posy>21</posy>
			<width>175</width>
			<height>175</height>
			<imagepath diffuse="special://skin/extras/diffuse/fanart_diffuse.png">https://assetsmysky.blob.core.windows.net/assetsmysky/production/1541584017_artcard-axn-article-d.jpg</imagepath>
			</control>
</control>

<control type="group">
<animation condition="String.Contains(Container($PARAM[extrastvhosid]).ListItem.Plot,TBS) + Control.HasFocus($PARAM[extrastvhosid])" effect="slide" start="0,0" end="-400,0" time="350" tween="sine" easing="inout">Conditional</animation>
<visible>String.Contains(Container($PARAM[extrastvhosid]).ListItem.Plot,TBS) + Control.HasFocus($PARAM[extrastvhosid])</visible>
<posx>2000</posx>
<posy>200</posy>
			<control type="image">
			<posx>0</posx>
			<posy>0</posy>
			<width>220</width>
			<height>220</height>
			<texture border="40">special://skin/extras/common/roundedbutton-nofocus.png</texture>
			</control>
			<control type="multiimage">
			<posx>21</posx>
			<posy>21</posy>
			<width>175</width>
			<height>175</height>
			<imagepath diffuse="special://skin/extras/diffuse/fanart_diffuse.png">https://p.kindpng.com/picc/s/74-746510_tbs-network-logo-png-transparent-png.png</imagepath>
			</control>
</control>

<control type="group">
<animation condition="String.Contains(Container($PARAM[extrastvhosid]).ListItem.Plot,SKY) + Control.HasFocus($PARAM[extrastvhosid])" effect="slide" start="0,0" end="-400,0" time="350" tween="sine" easing="inout">Conditional</animation>
<visible>String.Contains(Container($PARAM[extrastvhosid]).ListItem.Plot,SKY) + Control.HasFocus($PARAM[extrastvhosid])</visible>
<posx>2000</posx>
<posy>200</posy>
			<control type="image">
			<posx>0</posx>
			<posy>0</posy>
			<width>220</width>
			<height>220</height>
			<texture border="40">special://skin/extras/common/roundedbutton-nofocus.png</texture>
			</control>
			<control type="multiimage">
			<posx>21</posx>
			<posy>21</posy>
			<width>175</width>
			<height>175</height>
			<imagepath diffuse="special://skin/extras/diffuse/fanart_diffuse.png">https://upload.wikimedia.org/wikipedia/en/thumb/6/6b/Sky1_logo.svg/1280px-Sky1_logo.svg.png</imagepath>
			</control>
</control>

<control type="group">
<animation condition="String.Contains(Container($PARAM[extrastvhosid]).ListItem.Plot,סינמקס) + Control.HasFocus($PARAM[extrastvhosid])" effect="slide" start="0,0" end="-400,0" time="350" tween="sine" easing="inout">Conditional</animation>
<visible>String.Contains(Container($PARAM[extrastvhosid]).ListItem.Plot,סינמקס) + Control.HasFocus($PARAM[extrastvhosid])</visible>
<posx>2000</posx>
<posy>200</posy>
			<control type="image">
			<posx>0</posx>
			<posy>0</posy>
			<width>220</width>
			<height>220</height>
			<texture border="40">special://skin/extras/common/roundedbutton-nofocus.png</texture>
			</control>
			<control type="multiimage">
			<posx>21</posx>
			<posy>21</posy>
			<width>175</width>
			<height>175</height>
			<imagepath diffuse="special://skin/extras/diffuse/fanart_diffuse.png">https://www.thedailytelevision.com/sites/default/files/notas/imagenes/interior/cinemax_logo_0.jpg</imagepath>
			</control>
</control>

<control type="group">
<animation condition="String.Contains(Container($PARAM[extrastvhosid]).ListItem.Plot,HULU) + Control.HasFocus($PARAM[extrastvhosid])" effect="slide" start="0,0" end="-400,0" time="350" tween="sine" easing="inout">Conditional</animation>
<visible>String.Contains(Container($PARAM[extrastvhosid]).ListItem.Plot,HULU) + Control.HasFocus($PARAM[extrastvhosid])</visible>
<posx>2000</posx>
<posy>200</posy>
			<control type="image">
			<posx>0</posx>
			<posy>0</posy>
			<width>220</width>
			<height>220</height>
			<texture border="40">special://skin/extras/common/roundedbutton-nofocus.png</texture>
			</control>
			<control type="multiimage">
			<posx>21</posx>
			<posy>21</posy>
			<width>175</width>
			<height>175</height>
			<imagepath diffuse="special://skin/extras/diffuse/fanart_diffuse.png">https://www.xda-developers.com/files/2019/07/hulu-logo.jpg</imagepath>
			</control>
</control>

<control type="group">
<animation condition="String.Contains(Container($PARAM[extrastvhosid]).ListItem.Plot,VH1) + Control.HasFocus($PARAM[extrastvhosid])" effect="slide" start="0,0" end="-400,0" time="350" tween="sine" easing="inout">Conditional</animation>
<visible>String.Contains(Container($PARAM[extrastvhosid]).ListItem.Plot,VH1) + Control.HasFocus($PARAM[extrastvhosid])</visible>
<posx>2000</posx>
<posy>200</posy>
			<control type="image">
			<posx>0</posx>
			<posy>0</posy>
			<width>220</width>
			<height>220</height>
			<texture border="40">special://skin/extras/common/roundedbutton-nofocus.png</texture>
			</control>
			<control type="multiimage">
			<posx>21</posx>
			<posy>21</posy>
			<width>175</width>
			<height>175</height>
			<imagepath diffuse="special://skin/extras/diffuse/fanart_diffuse.png">https://upload.wikimedia.org/wikipedia/commons/thumb/6/61/VH1_Logo.svg/1200px-VH1_Logo.svg.png</imagepath>
			</control>
</control>

<control type="group">
<animation condition="String.Contains(Container($PARAM[extrastvhosid]).ListItem.Plot,אפלטיוי) + Control.HasFocus($PARAM[extrastvhosid])" effect="slide" start="0,0" end="-400,0" time="350" tween="sine" easing="inout">Conditional</animation>
<visible>String.Contains(Container($PARAM[extrastvhosid]).ListItem.Plot,אפלטיוי) + Control.HasFocus($PARAM[extrastvhosid])</visible>
<posx>2000</posx>
<posy>200</posy>
			<control type="image">
			<posx>0</posx>
			<posy>0</posy>
			<width>220</width>
			<height>220</height>
			<texture border="40">special://skin/extras/common/roundedbutton-nofocus.png</texture>
			</control>
			<control type="multiimage">
			<posx>21</posx>
			<posy>21</posy>
			<width>175</width>
			<height>175</height>
			<imagepath diffuse="special://skin/extras/diffuse/fanart_diffuse.png">https://www.gadgety.co.il/wp-content/themes/main/thumbs/2019/03/Apple-TV-Plus-812x541.jpg</imagepath>
			</control>
</control>

<control type="group">
<animation condition="String.Contains(Container($PARAM[extrastvhosid]).ListItem.Plot,Starz) + Control.HasFocus($PARAM[extrastvhosid])" effect="slide" start="0,0" end="-400,0" time="350" tween="sine" easing="inout">Conditional</animation>
<visible>String.Contains(Container($PARAM[extrastvhosid]).ListItem.Plot,Starz) + Control.HasFocus($PARAM[extrastvhosid])</visible>
<posx>2000</posx>
<posy>200</posy>
			<control type="image">
			<posx>0</posx>
			<posy>0</posy>
			<width>220</width>
			<height>220</height>
			<texture border="40">special://skin/extras/common/roundedbutton-nofocus.png</texture>
			</control>
			<control type="multiimage">
			<posx>21</posx>
			<posy>21</posy>
			<width>175</width>
			<height>175</height>
			<imagepath diffuse="special://skin/extras/diffuse/fanart_diffuse.png">https://www.soda.com/wp-content/uploads/2020/03/starz.jpg</imagepath>
			</control>
</control>

<control type="group">
<animation condition="String.Contains(Container($PARAM[extrastvhosid]).ListItem.Plot,ITV) + Control.HasFocus($PARAM[extrastvhosid])" effect="slide" start="0,0" end="-400,0" time="350" tween="sine" easing="inout">Conditional</animation>
<visible>String.Contains(Container($PARAM[extrastvhosid]).ListItem.Plot,ITV) + Control.HasFocus($PARAM[extrastvhosid])</visible>
<posx>2000</posx>
<posy>200</posy>
			<control type="image">
			<posx>0</posx>
			<posy>0</posy>
			<width>220</width>
			<height>220</height>
			<texture border="40">special://skin/extras/common/roundedbutton-nofocus.png</texture>
			</control>
			<control type="multiimage">
			<posx>21</posx>
			<posy>21</posy>
			<width>175</width>
			<height>175</height>
			<imagepath diffuse="special://skin/extras/diffuse/fanart_diffuse.png">https://i.ibb.co/ZThT2cp/ITV.jpg</imagepath>
			</control>
</control>


<control type="group">
<animation condition="String.Contains(Container($PARAM[extrastvhosid]).ListItem.Plot,Showtime) + Control.HasFocus($PARAM[extrastvhosid])" effect="slide" start="0,0" end="-400,0" time="350" tween="sine" easing="inout">Conditional</animation>
<visible>String.Contains(Container($PARAM[extrastvhosid]).ListItem.Plot,Showtime) + Control.HasFocus($PARAM[extrastvhosid])</visible>
<posx>2000</posx>
<posy>200</posy>
			<control type="image">
			<posx>0</posx>
			<posy>0</posy>
			<width>220</width>
			<height>220</height>
			<texture border="40">special://skin/extras/common/roundedbutton-nofocus.png</texture>
			</control>
			<control type="multiimage">
			<posx>21</posx>
			<posy>21</posy>
			<width>175</width>
			<height>175</height>
			<imagepath diffuse="special://skin/extras/diffuse/fanart_diffuse.png">https://vignette.wikia.nocookie.net/logopedia/images/c/c4/Showtime_Networks_Logo-%28000196%292016-06-17-08-42-08-.JPG</imagepath>
			</control>
</control>

<control type="group">
<animation condition="String.Contains(Container($PARAM[extrastvhosid]).ListItem.Plot,Freeform) + Control.HasFocus($PARAM[extrastvhosid])" effect="slide" start="0,0" end="-400,0" time="350" tween="sine" easing="inout">Conditional</animation>
<visible>String.Contains(Container($PARAM[extrastvhosid]).ListItem.Plot,Freeform) + Control.HasFocus($PARAM[extrastvhosid])</visible>
<posx>2000</posx>
<posy>200</posy>
			<control type="image">
			<posx>0</posx>
			<posy>0</posy>
			<width>220</width>
			<height>220</height>
			<texture border="40">special://skin/extras/common/roundedbutton-nofocus.png</texture>
			</control>
			<control type="multiimage">
			<posx>21</posx>
			<posy>21</posy>
			<width>175</width>
			<height>175</height>
			<imagepath diffuse="special://skin/extras/diffuse/fanart_diffuse.png">https://images-na.ssl-images-amazon.com/images/I/41GR%2BqXzByL.png</imagepath>
			</control>
</control>

<control type="group">
<animation condition="String.Contains(Container($PARAM[extrastvhosid]).ListItem.Plot,BBC) + Control.HasFocus($PARAM[extrastvhosid])" effect="slide" start="0,0" end="-400,0" time="350" tween="sine" easing="inout">Conditional</animation>
<visible>String.Contains(Container($PARAM[extrastvhosid]).ListItem.Plot,BBC) + Control.HasFocus($PARAM[extrastvhosid])</visible>
<posx>2000</posx>
<posy>200</posy>
			<control type="image">
			<posx>0</posx>
			<posy>0</posy>
			<width>220</width>
			<height>220</height>
			<texture border="40">special://skin/extras/common/roundedbutton-nofocus.png</texture>
			</control>
			<control type="multiimage">
			<posx>21</posx>
			<posy>21</posy>
			<width>175</width>
			<height>175</height>
			<imagepath diffuse="special://skin/extras/diffuse/fanart_diffuse.png">https://ichef.bbci.co.uk/images/ic/1200x675/p01tqv8z.png</imagepath>
			</control>
</control>

<control type="list" id="$PARAM[extrastvhosid]">
<posx>1415</posx>
<posy>500</posy>
<width>800</width>
<height>400</height>
<onback>8823</onback>
<onclick>Control.SetFocus(5555)</onclick>
<orientation>vertical</orientation>
<itemlayout width="220" height="40">
<control type="image">
<posx>0</posx>
<posy>5</posy>
<width>500</width>
<height>35</height>
<texture colordiffuse="99444444">white.png</texture>
</control>
<control type="label">
<posx>0</posx>
<posy>0</posy>
<width>500</width>
<height>40</height>
<align>right</align>
<label>$INFO[ListItem.Label]</label>
</control>
</itemlayout>
<focusedlayout width="220" height="40">
<control type="image">
<posx>0</posx>
<posy>5</posy>
<width>500</width>
<height>35</height>
<texture colordiffuse="99444444">white.png</texture>
</control>
<control type="image">
<visible>control.hasfocus($PARAM[extrastvhosid])</visible>
<posx>0</posx>
<posy>5</posy>
<width>500</width>
<height>35</height>
<texture colordiffuse="gray">white.png</texture>
</control>
<control type="label">
<visible>!control.hasfocus($PARAM[extrastvhosid])</visible>
<posx>0</posx>
<posy>0</posy>
<width>500</width>
<height>40</height>
<align>right</align>
<textcolor>white</textcolor>
<label>$INFO[ListItem.Label]</label>
</control>
<control type="label">
<visible>control.hasfocus($PARAM[extrastvhosid])</visible>
<posx>0</posx>
<posy>0</posy>
<width>500</width>
<height>40</height>
<align>right</align>
<shadowcolor>white</shadowcolor>
<label>$INFO[ListItem.Label]</label>
</control>
</focusedlayout>
<content sortby="$PARAM[sortby]" sortorder="$PARAM[sortorder]">$PARAM[tvshownewcontent]</content>
</control>
</control>
</definition>
</include>


<include name="extrasshowsessionone">
<definition>
<control type="group">
<visible>String.Contains(Container(1256).ListItem.Label,$PARAM[tvshowextrasname])</visible>
<control type="button" id="5555">
<posx>0</posx>
<posy>0</posy>
<width>1</width>
<height>1</height>
<label>-</label>
<onfocus>Control.SetFocus($PARAM[extrasshowsessiononeid])</onfocus>
</control>
<control type="panel" id="$PARAM[extrasshowsessiononeid]">
<animation condition="Control.HasFocus($PARAM[extrasshowsessiononeid])" effect="slide" start="0,0" end="-500,0" time="350" tween="sine" easing="inout">Conditional</animation>
<posx>2000</posx>
<posy>200</posy>
<width>500</width>
<height>250</height>
<onback>1256</onback>
<orientation>vertical</orientation>
<itemlayout width="220" height="60">
<control type="image">
<posx>15</posx>
<posy>10</posy>
<width>200</width>
<height>40</height>
<bordertexture colordiffuse="gray">white.png</bordertexture>
<bordersize>1</bordersize>
<texture colordiffuse="black">white.png</texture>
</control>
<control type="label">
<posx>10</posx>
<posy>8</posy>
<width>200</width>
<height>50</height>
<align>center</align>
<label>$INFO[ListItem.Label]</label>
</control>
</itemlayout>
<focusedlayout width="220" height="60">
<control type="image">
<posx>15</posx>
<posy>10</posy>
<width>200</width>
<height>40</height>
<bordertexture colordiffuse="gray">white.png</bordertexture>
<bordersize>1</bordersize>
<texture colordiffuse="black">white.png</texture>
</control>
<control type="image">
<visible>Control.HasFocus($PARAM[extrasshowsessiononeid])</visible>
<posx>0</posx>
<posy>5</posy>
<width>235</width>
<height>50</height>
<texture>special://skin/extras/common/roundedbutton-nofocus-red.png</texture>
</control>
<control type="label">
<posx>10</posx>
<posy>8</posy>
<width>200</width>
<height>50</height>
<align>center</align>
<label>$INFO[ListItem.Label]</label>
</control>
</focusedlayout>
<content>
<item id="1">
<label>$PARAM[seessinonenumber]</label>
<onclick>Dialog.Close(all,true)</onclick>
<onclick>$PARAM[sessiononclick]</onclick>
</item>
<item id="2">
<label>$PARAM[seessinonenumbertwo]</label>
<onclick>Dialog.Close(all,true)</onclick>
<onclick>$PARAM[sessiononclickdtwo]</onclick>
</item>
<item id="3">
<label>$PARAM[seessinonenumberthree]</label>
<onclick>Dialog.Close(all,true)</onclick>
<onclick>$PARAM[sessiononclickdthree]</onclick>
</item>
<item id="4">
<label>$PARAM[seessinonenumberfour]</label>
<onclick>Dialog.Close(all,true)</onclick>
<onclick>$PARAM[sessiononclickdfour]</onclick>
</item>
<item id="5">
<label>$PARAM[seessinonenumberfive]</label>
<onclick>Dialog.Close(all,true)</onclick>
<onclick>$PARAM[sessiononclickdfive]</onclick>
</item>
<item id="6">
<label>$PARAM[seessinonenumbersix]</label>
<onclick>Dialog.Close(all,true)</onclick>
<onclick>$PARAM[sessiononclickdsix]</onclick>
</item>
<item id="7">
<label>$PARAM[seessinonenumberseven]</label>
<onclick>Dialog.Close(all,true)</onclick>
<onclick>$PARAM[sessiononclickdseven]</onclick>
</item>
<item id="8">
<label>$PARAM[seessinonenumbereight]</label>
<onclick>Dialog.Close(all,true)</onclick>
<onclick>$PARAM[sessiononclickdeight]</onclick>
</item>
<item id="9">
<label>$PARAM[seessinonenumbernine]</label>
<onclick>Dialog.Close(all,true)</onclick>
<onclick>$PARAM[sessiononclickdnine]</onclick>
</item>
<item id="10">
<label>$PARAM[seessinonenumberten]</label>
<onclick>Dialog.Close(all,true)</onclick>
<onclick>$PARAM[sessiononclickdten]</onclick>
</item>
</content>
</control>
</control>
</definition>
</include>

</includes>
