<?xml version="1.0" encoding="UTF-8"?>



<includes>


<include name="theneepowerradiomainscreen">
<control type="group">
<visible>Container(9000).HasFocus(7)</visible>
<animation effect="fade" time="450">VisibleChange</animation>
<include content="newmusicpower">
<param name="newradioid" value="1856"/>
<param name="radioitemnumber" value="1"/>
<param name="newradiocontent" value="plugin://plugin.audio.My.Music/?cat_level=%20&amp;count=0&amp;description=%20Music%20in%20categories%2024-7%20&amp;fanart=https%3a%2f%2fi.ytimg.com%2fvi%2fW7c9SfSdXRA%2fmaxresdefault.jpg&amp;iconimage=https%3a%2f%2fpbs.twimg.com%2fprofile_images%2f974265887384657921%2futXy1ElP_400x400.jpg&amp;index_depth=0&amp;lang=eng&amp;mode=5&amp;name=radiomizrahi&amp;page&amp;selected_list=%20&amp;url=radiomizrahi&quot"/>
</include>

<include content="newmusicpower">
<param name="newradioid" value="1857"/>
<param name="radioitemnumber" value="2"/>
<param name="newradiocontent" value="plugin://plugin.audio.My.Music/?cat_level=%20&amp;count=0&amp;description=%20Music%20in%20categories%2024-7%20&amp;fanart=https%3a%2f%2fi.ytimg.com%2fvi%2fW7c9SfSdXRA%2fmaxresdefault.jpg&amp;iconimage=https%3a%2f%2fpbs.twimg.com%2fprofile_images%2f974265887384657921%2futXy1ElP_400x400.jpg&amp;index_depth=0&amp;lang=eng&amp;mode=5&amp;name=My%20Music&amp;page&amp;selected_list=%20&amp;url=My%20Music&quot"/>
</include>

<include content="newmusicpower">
<param name="newradioid" value="1858"/>
<param name="radioitemnumber" value="3"/>
<param name="newradiocontent" value="plugin://plugin.audio.My.Music/?cat_level=%20&amp;count=0&amp;description=%20Music%20in%20categories%2024-7%20&amp;fanart=https%3a%2f%2fi.ytimg.com%2fvi%2fW7c9SfSdXRA%2fmaxresdefault.jpg&amp;iconimage=https%3a%2f%2fpbs.twimg.com%2fprofile_images%2f974265887384657921%2futXy1ElP_400x400.jpg&amp;index_depth=0&amp;lang=eng&amp;mode=5&amp;name=newmusic&amp;page&amp;selected_list=%20&amp;url=newmusic&quot"/>
</include>

<include content="newmusicpower">
<param name="newradioid" value="1859"/>
<param name="radioitemnumber" value="4"/>
<param name="newradiocontent" value="plugin://plugin.audio.My.Music/?cat_level=%20&amp;count=0&amp;description=%20Music%20in%20categories%2024-7%20&amp;fanart=https%3a%2f%2fi.ytimg.com%2fvi%2fW7c9SfSdXRA%2fmaxresdefault.jpg&amp;iconimage=https%3a%2f%2fpbs.twimg.com%2fprofile_images%2f974265887384657921%2futXy1ElP_400x400.jpg&amp;index_depth=0&amp;lang=eng&amp;mode=5&amp;name=generalradio&amp;page&amp;selected_list=%20&amp;url=generalradio&quot"/>
</include>
<include>radiomainmennu</include>
</control>
</include>

<include name="newmusicpower">
<definition>
<control type="group">
<visible>Container(5849).HasFocus($PARAM[radioitemnumber])</visible>
<animation effect="fade" time="450">VisibleChange</animation>
<control type="group">
<control type="image">
<posx>1418</posx>
<posy>750</posy>
<width>550</width>
<height>322</height>
<texture>black.png</texture>
</control>




<control type="image">
<posx>0</posx>
<posy>750</posy>
<width>1410</width>
<height>322</height>
<texture>black.png</texture>
</control>

<control type="image">
<visible>!Player.HasAudio</visible>
<animation condition="Window.IsActive(6707) + Player.HasVideo" effect="fade" start="100" end="0" time="50">Conditional</animation>
<posx>550</posx>
<posy>170</posy>
<width>800</width>
<height>220</height>
<texture>special://skin/extras/circles/designedbyghost.png</texture>
</control>


<control type="group">
<visible>Player.HasAudio</visible>
<control type="image">
<posx>0</posx>
<posy>150</posy>
<width>250</width>
<height>100</height>
<texture>special://skin/extras/test/C-Rod-Music-About.gif</texture>
</control>
<control type="image">
<posx>1670</posx>
<posy>150</posy>
<width>250</width>
<height>100</height>
<texture>special://skin/extras/test/C-Rod-Music-About.gif</texture>
</control>
<control type="image">
<posx>830</posx>
<posy>95</posy>
<width>250</width>
<height>120</height>
<texture>special://skin/extras/test/radio_onair.gif</texture>
</control>
<control type="image">
<posx>750</posx>
<posy>250</posy>
<width>250</width>
<height>250</height>
<animation condition="Player.HasAudio" effect="rotatey" center="auto" start="90" end="-180" time="15000" pulse="true">Conditional</animation>
<texture diffuse="special://skin/extras/diffuse/poster_diffuse.png">$INFO[Container($PARAM[newradioid]).ListItem.Thumb]</texture>
</control>
<control type="image">
<posx>800</posx>
<posy>180</posy>
<width>300</width>
<height>400</height>
<texture>special://skin/extras/test/microphone-transparent-2018-17.png</texture>
</control>
</control>


		<control type="panel" id="8005">
		<posy>1010</posy>
		<posx>440</posx>
		<width>1000</width>
		<height>80</height>
		<onback>5849</onback>
		<onright>5849</onright>
		<orientation>horizontal</orientation>
		<ondown>402</ondown>
		<onback>5</onback>
		<onleft>5</onleft>
		<itemlayout width="80" height="80">
	<control type="image">
		<posx>15</posx>
		<posy>15</posy>
		<width>45</width>
		<height>45</height>
		<texture colordiffuse="white">$INFO[ListItem.Thumb]</texture>
		</control>
		</itemlayout>
		<focusedlayout width="80" height="80">
	<control type="image">
		<posx>15</posx>
		<posy>15</posy>
		<width>45</width>
		<height>45</height>
		<texture colordiffuse="orange">$INFO[ListItem.Thumb]</texture>
	</control>
		</focusedlayout>
		<content>
		<item>
		<thumb>special://skin/extras/osd/rewind.png</thumb>
		<onclick>PlayerControl(rewind)</onclick>
		</item>
		<item>
		<thumb>special://skin/extras/osd/previous.png</thumb>
		<onclick>PlayerControl(previous)</onclick>
		</item>
		<item>
		<thumb>special://skin/extras/osd/stop.png</thumb>
		<onclick>Control.SetFocus(5)</onclick>
		<onclick>PlayerControl(Stop)</onclick>
		
		<onclick>ClearProperty(home)</onclick>
		</item>
		<item>
		<visible>Player.Paused</visible>
		<thumb>special://skin/extras/osd/play.png</thumb>
		<onclick>play</onclick>
		</item>
		<item>
		<visible>!Player.Paused</visible>
		<thumb>special://skin/extras/osd/pause.png</thumb>
		<onclick>pause</onclick>
		</item>

		<item>
		<thumb>special://skin/extras/osd/skipnext.png</thumb>
		<onclick>PlayerControl(next)</onclick>
		</item>
		<item>
		<thumb>special://skin/extras/osd/forward.png</thumb>
		<onclick>PlayerControl(forward)</onclick>
		</item>
		</content>
		</control>


<control type="group">
<control type="group">
<animation condition="Player.HasAudio" effect="slide" start="-1000,0" end="1000,0" time="650" tween="back" easing="inout">Conditional</animation>
<visible>Player.HasAudio</visible>
<posx>-1000</posx>
<posy>300</posy>
<control type="image">
<posx>0</posx>
<posy>0</posy>
<width>250</width>
<height>35</height>
<bordertexture colordiffuse="gray">white.png</bordertexture>
<bordersize>1</bordersize>
<texture colordiffuse="black">white.png</texture>
</control>
<control type="label">
<posx>70</posx>
<posy>2</posy>
<width>285</width>
<height>40</height>
<align>right</align>
<font>font-16</font>
<label>[COLOR deepskyblue]$INFO[MusicPlayer.Time][/COLOR]</label>
<scroll>true</scroll>
<scrollspeed>25</scrollspeed>
</control>
<control type="label">
<posx>245</posx>
<posy>0</posy>
<width>285</width>
<height>40</height>
<align>right</align>
<font>font-16</font>
<label>זמן נוכחי:</label>
<scroll>true</scroll>
<scrollspeed>25</scrollspeed>
</control>
</control>	

<control type="group">
<animation condition="Player.HasAudio" effect="slide" start="-1500,0" end="1500,0" time="750" tween="sine" easing="inout">Conditional</animation>
<visible>Player.HasAudio</visible>
<posx>-1500</posx>
<posy>340</posy>
<control type="image">
<posx>0</posx>
<posy>0</posy>
<width>250</width>
<height>35</height>
<bordertexture colordiffuse="gray">white.png</bordertexture>
<bordersize>1</bordersize>
<texture colordiffuse="black">white.png</texture>
</control>
<control type="label">
<posx>70</posx>
<posy>2</posy>
<width>285</width>
<height>40</height>
<align>right</align>
<font>font-16</font>
<label>[COLOR deepskyblue]$INFO[MusicPlayer.Duration][/COLOR]</label>
<scroll>true</scroll>
<scrollspeed>25</scrollspeed>
</control>
<control type="label">
<posx>245</posx>
<posy>0</posy>
<width>285</width>
<height>40</height>
<align>right</align>
<font>font-16</font>
<label>זמן ניגון:</label>
<scroll>true</scroll>
<scrollspeed>25</scrollspeed>
</control>
</control>

<control type="group">
<animation condition="Player.HasAudio" effect="slide" start="-1800,0" end="1800,0" time="850" tween="sine" easing="inout">Conditional</animation>
<visible>Player.HasAudio</visible>
<posx>-1800</posx>
<posy>380</posy>
<control type="image">
<posx>0</posx>
<posy>0</posy>
<width>250</width>
<height>35</height>
<bordertexture colordiffuse="gray">white.png</bordertexture>
<bordersize>1</bordersize>
<texture colordiffuse="black">white.png</texture>
</control>
<control type="label">
<posx>70</posx>
<posy>2</posy>
<width>285</width>
<height>40</height>
<align>right</align>
<font>font-16</font>
<label>[COLOR deepskyblue]$INFO[MusicPlayer.Channels][/COLOR]</label>
<scroll>true</scroll>
<scrollspeed>25</scrollspeed>
</control>
<control type="label">
<posx>245</posx>
<posy>0</posy>
<width>285</width>
<height>40</height>
<align>right</align>
<font>font-16</font>
<label>ערוצים:</label>
<scroll>true</scroll>
<scrollspeed>25</scrollspeed>
</control>
</control>			
</control>	




<control type="group">
<control type="group">
<animation condition="Player.HasAudio" effect="slide" start="2000,0" end="-330,0" time="650" tween="back" easing="inout">Conditional</animation>
<visible>Player.HasAudio</visible>
<posx>2000</posx>
<posy>300</posy>
<control type="image">
<posx>0</posx>
<posy>0</posy>
<width>250</width>
<height>35</height>
<bordertexture colordiffuse="gray">white.png</bordertexture>
<bordersize>1</bordersize>
<texture colordiffuse="black">white.png</texture>
</control>
<control type="label">
<posx>50</posx>
<posy>2</posy>
<width>285</width>
<height>40</height>
<align>right</align>
<font>font-16</font>
<label>[COLOR deepskyblue]$INFO[MusicPlayer.Codec][/COLOR]</label>
<scroll>true</scroll>
<scrollspeed>25</scrollspeed>
</control>
<control type="label">
<posx>245</posx>
<posy>0</posy>
<width>285</width>
<height>40</height>
<align>right</align>
<font>font-16</font>
<label>סוג קידוד:</label>
<scroll>true</scroll>
<scrollspeed>25</scrollspeed>
</control>
</control>	

<control type="group">
<animation condition="Player.HasAudio" effect="slide" start="2000,0" end="-330,0" time="850" tween="back" easing="inout">Conditional</animation>
<visible>Player.HasAudio</visible>
<posx>2000</posx>
<posy>340</posy>
<control type="image">
<posx>0</posx>
<posy>0</posy>
<width>250</width>
<height>35</height>
<bordertexture colordiffuse="gray">white.png</bordertexture>
<bordersize>1</bordersize>
<texture colordiffuse="black">white.png</texture>
</control>
<control type="label">
<posx>95</posx>
<posy>2</posy>
<width>285</width>
<height>40</height>
<align>right</align>
<font>font-16</font>
<label>[COLOR deepskyblue]$INFO[Player.Volume][/COLOR]</label>
<scroll>true</scroll>
<scrollspeed>25</scrollspeed>
</control>
<control type="label">
<posx>245</posx>
<posy>0</posy>
<width>285</width>
<height>40</height>
<align>right</align>
<font>font-16</font>
<label>ווליום:</label>
<scroll>true</scroll>
<scrollspeed>25</scrollspeed>
</control>
</control>

<control type="group">
<animation condition="Player.HasAudio" effect="slide" start="2000,0" end="-330,0" time="1050" tween="back" easing="inout">Conditional</animation>
<visible>Player.HasAudio</visible>
<posx>2000</posx>
<posy>380</posy>
<control type="image">
<posx>0</posx>
<posy>0</posy>
<width>250</width>
<height>35</height>
<bordertexture colordiffuse="gray">white.png</bordertexture>
<bordersize>1</bordersize>
<texture colordiffuse="black">white.png</texture>
</control>
<control type="label">
<posx>70</posx>
<posy>2</posy>
<width>285</width>
<height>40</height>
<align>right</align>
<font>font-16</font>
<label>[COLOR deepskyblue]$INFO[Player.FinishTime][/COLOR]</label>
<scroll>true</scroll>
<scrollspeed>25</scrollspeed>
</control>
<control type="label">
<posx>245</posx>
<posy>0</posy>
<width>285</width>
<height>40</height>
<align>right</align>
<font>font-16</font>
<label>זמן סיום:</label>
<scroll>true</scroll>
<scrollspeed>25</scrollspeed>
</control>
</control>			
</control>	



</control>

<control type="group">
<control type="multiimage">
<posx>0</posx>
<posy>750</posy>
<width>320</width>
<height>322</height>
<fadetime>350</fadetime>
<imagepath diffuse="special://skin/extras/diffuse/poster_diffuse.png">$INFO[Container($PARAM[newradioid]).ListItem.Thumb]</imagepath>
</control>
<control type="multiimage">
<posx>1085</posx>
<posy>750</posy>
<width>320</width>
<height>322</height>
<fadetime>350</fadetime>
<imagepath diffuse="special://skin/extras/diffuse/poster_diffuse.png">$INFO[Container($PARAM[newradioid]).ListItem.Thumb]</imagepath>
</control>




</control>

<control type="group">
<posx>450</posx>
<posy>800</posy>
<control type="label">
<posx>0</posx>
<posy>-50</posy>
<width>500</width>
<height>40</height>
<align>center</align>
<textcolor>burlywood</textcolor>
<label>מידע על התחנה</label>
</control>
<control type="textbox">
<posx>0</posx>
<posy>50</posy>
<width>500</width>
<height>135</height>
<align>center</align>
<label>$INFO[Container($PARAM[newradioid]).ListItem.Plot]</label>
<autoscroll fade="3500" time="3000" repeat="4000"></autoscroll>
</control>

<control type="group">
<animation condition="Control.HasFocus($PARAM[newradioid]) + Player.HasAudio" effect="slide" start="0,0" end="-830,0" time="350" tween="sine" easing="inout">Conditional</animation>
<visible>Control.HasFocus($PARAM[newradioid]) + Player.HasAudio</visible>
<control type="image">
<posx>1800</posx>
<posy>-350</posy>
<width>500</width>
<height>40</height>
<bordertexture colordiffuse="gray">white.png</bordertexture>
<bordersize>1</bordersize>
<texture colordiffuse="black">white.png</texture>
</control>
<control type="label">
<animation condition="Control.HasFocus($PARAM[newradioid])" effect="fade" start="0" end="100" time="1100" pulse="true">Conditional</animation>
<posx>1800</posx>
<posy>-350</posy>
<width>500</width>
<height>40</height>
<align>center</align>
<textcolor>white</textcolor>
<shadowcolor>black</shadowcolor>
<label>[B]לחיצה על חץ ימני לחזרה לתפריט הראשי[/B]</label>
</control>
</control>

<control type="group">
<animation condition="Control.HasFocus(5849) + Player.HasAudio" effect="slide" start="0,0" end="-880,0" time="350" tween="sine" easing="inout">Conditional</animation>
<visible>Control.HasFocus(5849) + Player.HasAudio</visible>
<control type="image">
<posx>1800</posx>
<posy>-350</posy>
<width>550</width>
<height>40</height>
<bordertexture colordiffuse="gray">white.png</bordertexture>
<bordersize>1</bordersize>
<texture colordiffuse="black">white.png</texture>
</control>
<control type="label">
<animation condition="Control.HasFocus(5849)" effect="fade" start="0" end="100" time="1100" pulse="true">Conditional</animation>
<posx>1700</posx>
<posy>-350</posy>
<width>750</width>
<height>40</height>
<align>center</align>
<textcolor>white</textcolor>
<shadowcolor>black</shadowcolor>
<label>[B]לחיצה על חץ עליון לתפריט הראשי של הבילד[/B]</label>
</control>
</control>


<control type="group">
<visible>Player.HasAudio</visible>
<visible>!IsEmpty(MusicPlayer.Title)</visible>
<control type="image">
<posx>-450</posx>
<posy>-100</posy>
<width>1410</width>
<height>40</height>
<bordertexture colordiffuse="gray">white.png</bordertexture>
<bordersize>1</bordersize>
<texture colordiffuse="black">white.png</texture>
</control>
<control type="label">
<posx>-250</posx>
<posy>-100</posy>
<width>1000</width>
<height>40</height>
<align>center</align>
<label>[COLOR deepskyblue]$INFO[MusicPlayer.Title][/COLOR][COLOR white] מתנגן ברקע: [/COLOR]</label>
</control>
</control>


</control>


<control type="group">
<control type="list" id="$PARAM[newradioid]">
<posx>1420</posx>
<posy>750</posy>
<width>500</width>
<height>320</height>
<onleft>8005</onleft>
<onright>5849</onright>
<onback>5849</onback>
<orientation>vertical</orientation>
<scrolltime tween="sine" easing="inout">350</scrolltime>
<itemlayout width="220" height="40">
<control type="image">
<posx>0</posx>
<posy>5</posy>
<width>500</width>
<height>35</height>
<texture colordiffuse="99444444">white.png</texture>
</control>
<control type="label">
<posx>0</posx>
<posy>0</posy>
<width>500</width>
<height>40</height>
<align>right</align>
<label>$INFO[ListItem.Label]</label>
</control>
</itemlayout>
<focusedlayout width="220" height="40">
<control type="image">
<posx>0</posx>
<posy>5</posy>
<width>500</width>
<height>35</height>
<texture colordiffuse="99444444">white.png</texture>
</control>
<control type="image">
<visible>control.hasfocus($PARAM[newradioid])</visible>
<posx>0</posx>
<posy>5</posy>
<width>500</width>
<height>35</height>
<texture colordiffuse="gray">white.png</texture>
</control>
<control type="label">
<visible>!control.hasfocus($PARAM[newradioid])</visible>
<posx>0</posx>
<posy>0</posy>
<width>500</width>
<height>40</height>
<align>right</align>
<textcolor>white</textcolor>
<label>$INFO[ListItem.Label]</label>
</control>
<control type="label">
<visible>control.hasfocus($PARAM[newradioid])</visible>
<posx>0</posx>
<posy>0</posy>
<width>500</width>
<height>40</height>
<align>right</align>
<shadowcolor>white</shadowcolor>
<label>$INFO[ListItem.Label]</label>
</control>
</focusedlayout>
<content sortby="dateadded" sortorder="descending">$PARAM[newradiocontent]</content>
</control>
</control>
</control>
</definition>
</include>



<include name="radiomainmennu">
<control type="list" id="5849">
<posx>450</posx>
<posy>350</posy>
<width>1000</width>
<height>450</height>
<onback>9000</onback>
<onup>9000</onup>
<onleft>2221</onleft>
<onright>2222</onright>
<ondown condition="Container(5849).HasFocus(1)">1856</ondown>
<ondown condition="Container(5849).HasFocus(2)">1857</ondown>
<ondown condition="Container(5849).HasFocus(3)">1858</ondown>
<ondown condition="Container(5849).HasFocus(4)">1859</ondown>
<orientation>horizontal</orientation>
<scrolltime tween="sine" easing="inout">350</scrolltime>
<itemlayout width="120" height="40" condition="Player.HasAudio">
<control type="group">
<animation condition="Player.HasAudio" effect="slide" start="100,0" end="925,280" time="650" tween="sine" easing="inout">Conditional</animation>
<animation condition="Player.HasAudio" effect="zoom" start="100,100" end="50,50" center="auto" time="450">Conditional</animation>
<control type="image">
<posx>0</posx>
<posy>0</posy>
<width>320</width>
<height>320</height>
<texture>special://skin/extras/specialbuttons/buttonmain.png</texture>
</control>
<control type="label">
<posx>85</posx>
<posy>120</posy>
<width>150</width>
<height>40</height>
<textcolor>black</textcolor>
<align>center</align>
<label>[B]$INFO[ListItem.Label][/B]</label>
</control>
</control>
</itemlayout>
<focusedlayout width="120" height="40" condition="Player.HasAudio">
<control type="group">
<animation condition="Player.HasAudio" effect="slide" start="100,0" end="925,280" time="650" tween="sine" easing="ioout">Conditional</animation>
<animation condition="Player.HasAudio" effect="zoom" start="100,100" end="50,50" center="auto" time="450">Conditional</animation>
<control type="image">
<posx>0</posx>
<posy>0</posy>
<width>320</width>
<height>320</height>
<texture>special://skin/extras/specialbuttons/buttonmain.png</texture>
</control>
<control type="image">
<visible>control.hasfocus(5849)</visible>
<posx>66</posx>
<posy>65</posy>
<width>195</width>
<height>145</height>
<texture colordiffuse="gray">white.png</texture>
</control>
<control type="label">
<posx>85</posx>
<posy>120</posy>
<width>150</width>
<height>40</height>
<align>center</align>
<textcolor>black</textcolor>
<label>[B]$INFO[ListItem.Label][/B]</label>
</control>
</control>
</focusedlayout>


<itemlayout width="220" height="40" condition="!Player.HasAudio">
<control type="group">
<control type="image">
<posx>0</posx>
<posy>0</posy>
<width>320</width>
<height>320</height>
<texture>special://skin/extras/specialbuttons/buttonmain.png</texture>
</control>
<control type="label">
<posx>85</posx>
<posy>120</posy>
<width>150</width>
<height>40</height>
<textcolor>black</textcolor>
<align>center</align>
<label>[B]$INFO[ListItem.Label][/B]</label>
</control>
</control>
</itemlayout>
<focusedlayout width="220" height="40" condition="!Player.HasAudio">
<control type="group">
<control type="image">
<posx>0</posx>
<posy>0</posy>
<width>320</width>
<height>320</height>
<texture>special://skin/extras/specialbuttons/buttonmain.png</texture>
</control>
<control type="image">
<visible>control.hasfocus(5849)</visible>
<posx>66</posx>
<posy>65</posy>
<width>195</width>
<height>145</height>
<texture colordiffuse="gray">white.png</texture>
</control>
<control type="label">
<posx>85</posx>
<posy>120</posy>
<width>150</width>
<height>40</height>
<align>center</align>
<textcolor>black</textcolor>
<label>[B]$INFO[ListItem.Label][/B]</label>
</control>
</control>
</focusedlayout>


<content>
<item id="1">
<label>ים תיכוני</label>
<onclick>control.setfocus(1856)</onclick>
</item>
<item id="2">
<label>לועזי</label>
<onclick>control.setfocus(1857)</onclick>
</item>
<item id="3">
<label>דתי</label>
<onclick>control.setfocus(1858)</onclick>
</item>
<item id="4">
<label>כללי</label>
<onclick>control.setfocus(1859)</onclick>
</item>
</content>
</control>
</include>


<include name="livetvmusic">
<control type="group">
<visible>!Player.HasAudio</visible>
<control type="label">
<visible>Control.HasFocus(2221)</visible>
<posx>850</posx>
<posy>650</posy>
<width>200</width>
<height>40</height>
<align>center</align>
<label>$INFO[Container(2221).ListItem.Label]</label>
</control>
<control type="list" id="2221">
<posx>-10</posx>
<posy>100</posy>
<width>1920</width>
<height>550</height>
<onup>5</onup>
<onright>5849</onright>
<scrolltime tween="sine" easing="inout">250</scrolltime>
<orientation>vertical</orientation>
<itemlayout width="220" height="140">
			<control type="image">
			<posx>2</posx>
			<posy>0</posy>
			<width>150</width>
			<height>150</height>
			<texture border="40" colordiffuse="$INFO[Window(home).Property(ImageColor)]">special://skin/extras/common/roundedbutton-nofocus.png</texture>
			</control>
<control type="multiimage">
<posx>27</posx>
<posy>25</posy>
<width>100</width>
<height>100</height>
<imagepath fallback="special://skin/extras/musicpowerfallback.jpg">$INFO[ListItem.Thumb]</imagepath>
</control>
</itemlayout>
<focusedlayout width="220" height="140">
			<control type="image">
			<visible>control.hasfocus(2221)</visible>
			<posx>0</posx>
			<posy>0</posy>
			<width>145</width>
			<height>145</height>
			<texture border="40" colordiffuse="$INFO[Window(home).Property(ImageColor)]">special://skin/extras/common/roundedbutton-focus.png</texture>
			</control>
			<control type="image">
			<visible>control.hasfocus(2221)</visible>
			<posx>0</posx>
			<posy>0</posy>
			<width>155</width>
			<height>155</height>
			<texture border="40" colordiffuse="$INFO[Window(home).Property(ImageColor)]">special://skin/extras/common/roundedbutton-focus.png</texture>
			</control>
			<control type="image">
			<posx>2</posx>
			<posy>0</posy>
			<width>150</width>
			<height>150</height>
			<texture border="40" colordiffuse="$INFO[Window(home).Property(ImageColor)]">special://skin/extras/common/roundedbutton-nofocus.png</texture>
			</control>
<control type="multiimage">
<animation effect="zoom" center="auto" start="95,95" end="100,100" time="350">Focus</animation>
<posx>27</posx>
<posy>25</posy>
<width>100</width>
<height>100</height>
<imagepath fallback="special://skin/extras/musicpowerfallback.jpg">$INFO[ListItem.Thumb]</imagepath>
</control>
</focusedlayout>
<content>
<item>
<thumb>https://d1yjjnpx0p53s8.cloudfront.net/styles/logo-thumbnail/s3/062019/1000px-mtv_live.svg_.png</thumb>
<label>MTV LIVE</label>
<onclick>PlayMedia(&quot;plugin://script.module.tt/play/643/play.pvr&quot;)</onclick>
</item>
<item>
<thumb>http://tvtap.net/tvtap1/images/channel_imgs/200116013341mtv.jpg</thumb>
<label>MTV</label>
<onclick>PlayMedia(&quot;plugin://script.module.tt/play/150/play.pvr&quot;)</onclick>
</item>
<item>
<thumb>https://i.pinimg.com/originals/e3/5e/dd/e35edd2b8c5632295e744768712cb104.png</thumb>
<label>MTV ROCKS</label>
<onclick>PlayMedia(&quot;plugin://script.module.tt/play/296/play.pvr&quot;)</onclick>
</item>
<item>
<thumb>https://pbs.twimg.com/profile_images/758707568726409216/KwH5g1D3_400x400.jpg</thumb>
<label>MTV CLASSIC</label>
<onclick>PlayMedia(&quot;plugin://script.module.tt/play/151/play.pvr&quot;)</onclick>
</item>
<item>
<thumb>https://png.pngitem.com/pimgs/s/0-3286_mtv-hd-logo-png-transparent-png.png</thumb>
<label>MTV DANCE</label>
<onclick>PlayMedia(&quot;plugin://script.module.tt/play/295/play.pvr&quot;)</onclick>
</item>
<item>
<thumb>https://pbs.twimg.com/profile_images/1813177034/mtv-hits_400x400.gif</thumb>
<label>MTV HITS</label>
<onclick>PlayMedia(&quot;plugin://script.module.tt/play/152/play.pvr&quot;)</onclick>
</item>
</content>
</control>
</control>
</include>

<include name="secondlivetvmusic">
<control type="group">
<visible>!Player.HasAudio</visible>
<control type="label">
<visible>Control.HasFocus(2222)</visible>
<posx>600</posx>
<posy>650</posy>
<width>700</width>
<height>40</height>
<align>center</align>
<label>$INFO[Container(2222).ListItem.Label]</label>
</control>
<control type="list" id="2222">
<posx>1780</posx>
<posy>100</posy>
<width>1920</width>
<height>550</height>
<onup>5</onup>
<onleft>5849</onleft>
<scrolltime tween="sine" easing="inout">250</scrolltime>
<orientation>vertical</orientation>
<itemlayout width="220" height="140">
			<control type="image">
			<posx>2</posx>
			<posy>0</posy>
			<width>150</width>
			<height>150</height>
			<texture border="40" colordiffuse="$INFO[Window(home).Property(ImageColor)]">special://skin/extras/common/roundedbutton-nofocus.png</texture>
			</control>
<control type="image">
<posx>27</posx>
<posy>25</posy>
<width>100</width>
<height>100</height>
<texture fallback="special://skin/extras/test/musicloago.png">$INFO[ListItem.Thumb]</texture>
</control>
</itemlayout>
<focusedlayout width="220" height="140">
			<control type="image">
			<visible>control.hasfocus(2222)</visible>
			<posx>0</posx>
			<posy>0</posy>
			<width>145</width>
			<height>145</height>
			<texture border="40" colordiffuse="$INFO[Window(home).Property(ImageColor)]">special://skin/extras/common/roundedbutton-focus.png</texture>
			</control>
			<control type="image">
			<visible>control.hasfocus(2222)</visible>
			<posx>0</posx>
			<posy>0</posy>
			<width>155</width>
			<height>155</height>
			<texture border="40" colordiffuse="$INFO[Window(home).Property(ImageColor)]">special://skin/extras/common/roundedbutton-focus.png</texture>
			</control>
			<control type="image">
			<posx>2</posx>
			<posy>0</posy>
			<width>150</width>
			<height>150</height>
			<texture border="40" colordiffuse="$INFO[Window(home).Property(ImageColor)]">special://skin/extras/common/roundedbutton-nofocus.png</texture>
			</control>
<control type="image">
<animation effect="zoom" center="auto" start="95,95" end="100,100" time="350">Focus</animation>
<posx>27</posx>
<posy>25</posy>
<width>100</width>
<height>100</height>
<texture fallback="special://skin/extras/test/musicloago.png">$INFO[ListItem.Thumb]</texture>
</control>
</focusedlayout>
<content>plugin://plugin.video.distrotv/?description=Music&amp;fanart=C%3a%5cUsers%5cneta%5cAppData%5cRoaming%5cKodi%5caddons%5cplugin.video.distrotv%5cfanart.jpg&amp;iconimage=C%3a%5cUsers%5cneta%5cAppData%5cRoaming%5cKodi%5caddons%5cplugin.video.distrotv%5cicon.png&amp;mode=3&amp;name=Music&amp;url=Music&quot</content>
</control>
</control>
</include>

</includes>
