<?xml version="1.0" encoding="UTF-8"?>




<includes>
 
<include name="mainscreentvshow">

<control type="group">
<posy>45</posy>
<include content="tvshowsmainscreen">
<param name="sortby" value="dateadded"/>
<param name="sortorder" value="descending"/>
<param name="tvshowscontennt" value="plugin://plugin.audio.My.Music/?cat_level=%20&amp;count=0&amp;description=%20&amp;fanart&amp;iconimage&amp;index_depth=0&amp;lang=eng&amp;mode=5&amp;name=mainscreentvshows&amp;page&amp;selected_list=%20&amp;url=%d7%a1%d7%93%d7%a8%d7%95%d7%aamainscreentvshows&quot"/>
</include>



<include content="mainscreensessions">
<param name="sessionumber" value="7108"/>
<param name="labelnamethshow" value="חמוץ מתוק"/>
<param name="tvhsowsseesioncontent" value="plugin://plugin.video.mando/?all_w=%7b%7d&amp;data=2018&amp;dates=%20&amp;description=%5bCOLOR%20aqua%5d%20%d7%a9%d7%95%d7%93%d7%a8%20%d7%91%d7%aa%d7%90%d7%a8%d7%99%d7%9a%2005-10-2018%5b%2fCOLOR%5d%0aA%20%2790s-set%20single-camera%20comedy%20about%20a%20hip-hop-loving%20Asian%20kid%20growing%20up%20in%20suburban%20Orlando%2c%20being%20raised%20by%20an%20immigrant%20father%20obsessed%20with%20all%20things%20American%20and%20an%20immigrant%20mother%20often%20bewildered%20by%20white%20culture.&amp;eng_name=%20&amp;episode=%20&amp;fanart=https%3a%2f%2fimage.tmdb.org%2ft%2fp%2foriginal%2f%2fci3JFUT7kUvwMVKTXZMjfvfgbMZ.jpg&amp;fav_status=false&amp;heb_name=%d7%97%d7%9e%d7%95%d7%a5%20%d7%9e%d7%aa%d7%95%d7%a7&amp;iconimage=https%3a%2f%2fimage.tmdb.org%2ft%2fp%2foriginal%2f%2f6vgfXzuLbrjdI1W6GjSntVZFOo6.jpg&amp;id=61692&amp;image_master&amp;isr=0&amp;last_id&amp;mode=19&amp;name=%5bCOLOR%20white%5d%d7%a2%d7%95%d7%a0%d7%94%205%5b%2fCOLOR%5d&amp;original_title=Fresh%20Off%20the%20Boat&amp;season=5&amp;show_original_year=2015&amp;tmdbid=281618&amp;url=https%3a%2f%2fapi.themoviedb.org%2f3%2ftv%2f61692%3fapi_key%3d34142515d9d23817496eeb4ff1d223d0%26language%3den%26append_to_response%3dexternal_ids&amp;video_data=%7b%22rating%22%3a%20%220%22%2c%20%22episode%22%3a%200%2c%20%22title%22%3a%20%22%5bCOLOR%20white%5d%5cu05e2%5cu05d5%5cu05e0%5cu05d4%205%5b%2fCOLOR%5d%22%2c%20%22season%22%3a%200%2c%20%22TVshowtitle%22%3a%20%22%22%2c%20%22mediatype%22%3a%20%22movie%22%2c%20%22plot%22%3a%20%22%5bCOLOR%20aqua%5d%20%5cu05e9%5cu05d5%5cu05d3%5cu05e8%20%5cu05d1%5cu05ea%5cu05d0%5cu05e8%5cu05d9%5cu05da%2005-10-2018%5b%2fCOLOR%5d%5cnA%20%2790s-set%20single-camera%20comedy%20about%20a%20hip-hop-loving%20Asian%20kid%20growing%20up%20in%20suburban%20Orlando%2c%20being%20raised%20by%20an%20immigrant%20father%20obsessed%20with%20all%20things%20American%20and%20an%20immigrant%20mother%20often%20bewildered%20by%20white%20culture.%22%2c%20%22OriginalTitle%22%3a%20%22Fresh%20Off%20the%20Boat%22%2c%20%22Tag%22%3a%20%2216%22%2c%20%22year%22%3a%20%222018%22%7d&quot"/>
</include>
<include content="secondsession">
<param name="secondsessionid" value="7109"/>
<param name="labelnamethshow" value="חמוץ מתוק"/>
<param name="secondsessionidcontent" value="plugin://plugin.video.mando/?all_w=%7b%7d&amp;data=2019&amp;dates=%20&amp;description=%5bCOLOR%20aqua%5d%20%d7%a9%d7%95%d7%93%d7%a8%20%d7%91%d7%aa%d7%90%d7%a8%d7%99%d7%9a%2027-09-2019%5b%2fCOLOR%5d%0aA%20%2790s-set%20single-camera%20comedy%20about%20a%20hip-hop-loving%20Asian%20kid%20growing%20up%20in%20suburban%20Orlando%2c%20being%20raised%20by%20an%20immigrant%20father%20obsessed%20with%20all%20things%20American%20and%20an%20immigrant%20mother%20often%20bewildered%20by%20white%20culture.&amp;eng_name=%20&amp;episode=%20&amp;fanart=https%3a%2f%2fimage.tmdb.org%2ft%2fp%2foriginal%2f%2fci3JFUT7kUvwMVKTXZMjfvfgbMZ.jpg&amp;fav_status=false&amp;heb_name=%d7%97%d7%9e%d7%95%d7%a5%20%d7%9e%d7%aa%d7%95%d7%a7&amp;iconimage=https%3a%2f%2fimage.tmdb.org%2ft%2fp%2foriginal%2f%2fpl9goLDKE5wG7JgMikAKimCmApx.jpg&amp;id=61692&amp;image_master&amp;isr=0&amp;last_id&amp;mode=19&amp;name=%5bCOLOR%20white%5d%d7%a2%d7%95%d7%a0%d7%94%206%5b%2fCOLOR%5d&amp;original_title=Fresh%20Off%20the%20Boat&amp;season=6&amp;show_original_year=2015&amp;tmdbid=281618&amp;url=https%3a%2f%2fapi.themoviedb.org%2f3%2ftv%2f61692%3fapi_key%3d34142515d9d23817496eeb4ff1d223d0%26language%3den%26append_to_response%3dexternal_ids&amp;video_data=%7b%22rating%22%3a%20%220%22%2c%20%22episode%22%3a%200%2c%20%22title%22%3a%20%22%5bCOLOR%20white%5d%5cu05e2%5cu05d5%5cu05e0%5cu05d4%206%5b%2fCOLOR%5d%22%2c%20%22season%22%3a%200%2c%20%22TVshowtitle%22%3a%20%22%22%2c%20%22mediatype%22%3a%20%22movie%22%2c%20%22plot%22%3a%20%22%5bCOLOR%20aqua%5d%20%5cu05e9%5cu05d5%5cu05d3%5cu05e8%20%5cu05d1%5cu05ea%5cu05d0%5cu05e8%5cu05d9%5cu05da%2027-09-2019%5b%2fCOLOR%5d%5cnA%20%2790s-set%20single-camera%20comedy%20about%20a%20hip-hop-loving%20Asian%20kid%20growing%20up%20in%20suburban%20Orlando%2c%20being%20raised%20by%20an%20immigrant%20father%20obsessed%20with%20all%20things%20American%20and%20an%20immigrant%20mother%20often%20bewildered%20by%20white%20culture.%22%2c%20%22OriginalTitle%22%3a%20%22Fresh%20Off%20the%20Boat%22%2c%20%22Tag%22%3a%20%2216%22%2c%20%22year%22%3a%20%222019%22%7d&quot"/>
</include>

<include content="mainscreensessions">
<param name="sessionumber" value="7111"/>
<param name="labelnamethshow" value="אמריקה על הגריל"/>
<param name="tvhsowsseesioncontent" value="plugin://plugin.video.shadow/?all_w=%7b%7d&amp;data=2020&amp;dates=%20&amp;description=%5bCOLOR%20aqua%5d%20Aired%20At%2018-09-2020%5b%2fCOLOR%5d%0aEight%20of%20the%20country%27s%20best%20backyard%20smokers%20and%20pitmasters%20vie%20for%20the%20title%20of%20American%20Barbecue%20Champion%20in%20a%20fierce%20but%20friendly%20faceoff.&amp;eng_name=%20&amp;episode=%20&amp;fanart=https%3a%2f%2fimage.tmdb.org%2ft%2fp%2foriginal%2f%2fbnLOYyNlcHbqLjQlOLtCBGweWVu.jpg&amp;fav_status=false&amp;heb_name=%d7%90%d7%9e%d7%a8%d7%99%d7%a7%d7%94%20%d7%a2%d7%9c%20%d7%94%d7%92%d7%a8%d7%99%d7%9c&amp;iconimage=https%3a%2f%2fimage.tmdb.org%2ft%2fp%2foriginal%2f%2focOsYyoyiYYTOWwcdAGxRHcdNpZ.jpg&amp;id=109819&amp;image_master&amp;isr=0&amp;last_id&amp;mode=19&amp;name=%5bCOLOR%20white%5dSeason%201%5b%2fCOLOR%5d&amp;original_title=The%20American%20Barbecue%20Showdown&amp;season=1&amp;show_original_year=2020&amp;tmdbid=387073&amp;url=https%3a%2f%2fapi.themoviedb.org%2f3%2ftv%2f109819%3fapi_key%3d34142515d9d23817496eeb4ff1d223d0%26language%3den%26append_to_response%3dexternal_ids&amp;video_data=%7b%22rating%22%3a%20%220%22%2c%20%22episode%22%3a%200%2c%20%22title%22%3a%20%22%5bCOLOR%20white%5dSeason%201%5b%2fCOLOR%5d%22%2c%20%22season%22%3a%200%2c%20%22TVshowtitle%22%3a%20%22%22%2c%20%22mediatype%22%3a%20%22movie%22%2c%20%22plot%22%3a%20%22%5bCOLOR%20aqua%5d%20Aired%20At%2018-09-2020%5b%2fCOLOR%5d%5cnEight%20of%20the%20country%27s%20best%20backyard%20smokers%20and%20pitmasters%20vie%20for%20the%20title%20of%20American%20Barbecue%20Champion%20in%20a%20fierce%20but%20friendly%20faceoff.%22%2c%20%22OriginalTitle%22%3a%20%22The%20American%20Barbecue%20Showdown%22%2c%20%22Tag%22%3a%20%2216%22%2c%20%22year%22%3a%20%222020%22%7d&quot"/>
</include>

<include content="mainscreensessions">
<param name="sessionumber" value="7112"/>
<param name="labelnamethshow" value="מי מפחד ממתיחות"/>
<param name="tvhsowsseesioncontent" value="plugin://plugin.video.mando/?all_w=%7b%7d&amp;data=2019&amp;dates=%20&amp;description=%5bCOLOR%20aqua%5d%20%d7%a9%d7%95%d7%93%d7%a8%20%d7%91%d7%aa%d7%90%d7%a8%d7%99%d7%9a%2025-10-2019%5b%2fCOLOR%5d%0aMonstrous%20frights%20meet%20hilarious%20reveals%20on%20this%20hidden-camera%20prank%20show%20as%20real%20people%20become%20the%20stars%20of%20their%20own%20full-blown%20horror%20movie.&amp;eng_name=%20&amp;episode=%20&amp;fanart=https%3a%2f%2fimage.tmdb.org%2ft%2fp%2foriginal%2f%2f9ONBnYUJWvKVKVHE3e5pjN0G1OW.jpg&amp;fav_status=false&amp;heb_name=%d7%9e%d7%99%20%d7%9e%d7%a4%d7%97%d7%93%20%d7%9e%d7%9e%d7%aa%d7%99%d7%97%d7%95%d7%aa&amp;iconimage=https%3a%2f%2fimage.tmdb.org%2ft%2fp%2foriginal%2f%2fjdFF6eg1lVV4cU0CtxP9gT8sHHQ.jpg&amp;id=94515&amp;image_master&amp;isr=0&amp;last_id&amp;mode=19&amp;name=%5bCOLOR%20white%5d%d7%a2%d7%95%d7%a0%d7%94%201%5b%2fCOLOR%5d&amp;original_title=Prank%20Encounters&amp;season=1&amp;show_original_year=2019&amp;tmdbid=369729&amp;url=https%3a%2f%2fapi.themoviedb.org%2f3%2ftv%2f94515%3fapi_key%3d34142515d9d23817496eeb4ff1d223d0%26language%3den%26append_to_response%3dexternal_ids&amp;video_data=%7b%22rating%22%3a%20%220%22%2c%20%22episode%22%3a%200%2c%20%22title%22%3a%20%22%5bCOLOR%20white%5d%5cu05e2%5cu05d5%5cu05e0%5cu05d4%201%5b%2fCOLOR%5d%22%2c%20%22season%22%3a%200%2c%20%22TVshowtitle%22%3a%20%22%22%2c%20%22mediatype%22%3a%20%22movie%22%2c%20%22plot%22%3a%20%22%5bCOLOR%20aqua%5d%20%5cu05e9%5cu05d5%5cu05d3%5cu05e8%20%5cu05d1%5cu05ea%5cu05d0%5cu05e8%5cu05d9%5cu05da%2025-10-2019%5b%2fCOLOR%5d%5cnMonstrous%20frights%20meet%20hilarious%20reveals%20on%20this%20hidden-camera%20prank%20show%20as%20real%20people%20become%20the%20stars%20of%20their%20own%20full-blown%20horror%20movie.%22%2c%20%22OriginalTitle%22%3a%20%22Prank%20Encounters%22%2c%20%22Tag%22%3a%20%2216%22%2c%20%22year%22%3a%20%222019%22%7d&quot"/>
</include>

<include content="mainscreensessions">
<param name="sessionumber" value="5100"/>
<param name="labelnamethshow" value="ארץ לאבקראפט"/>
<param name="tvhsowsseesioncontent" value="plugin://plugin.video.mando/?all_w=%7b%7d&amp;data=2020&amp;dates=%20&amp;description=%5bCOLOR%20aqua%5d%20%d7%a9%d7%95%d7%93%d7%a8%20%d7%91%d7%aa%d7%90%d7%a8%d7%99%d7%9a%2016-08-2020%5b%2fCOLOR%5d%0aThe%20anthology%20horror%20series%20follows%2025-year-old%20Atticus%20Freeman%2c%20who%20joins%20up%20with%20his%20friend%20Letitia%20and%20his%20Uncle%20George%20to%20embark%20on%20a%20road%20trip%20across%201950s%20Jim%20Crow%20America%20to%20find%20his%20missing%20father.%20They%20must%20survive%20and%20overcome%20both%20the%20racist%20terrors%20of%20white%20America%20and%20the%20malevolent%20spirits%20that%20could%20be%20ripped%20from%20a%20Lovecraft%20paperback.&amp;eng_name=%20&amp;episode=%20&amp;fanart=https%3a%2f%2fimage.tmdb.org%2ft%2fp%2foriginal%2f%2fqx7qy2GJOc7yGY6WENyBU3OVv7A.jpg&amp;fav_status=false&amp;heb_name=%d7%90%d7%a8%d7%a5%20%d7%9c%d7%90%d7%91%d7%a7%d7%a8%d7%90%d7%a4%d7%98&amp;iconimage=https%3a%2f%2fimage.tmdb.org%2ft%2fp%2foriginal%2f%2f8ptPi5yy5C3cyQ0xQ2YCGn3T9Nk.jpg&amp;id=82816&amp;image_master&amp;isr=0&amp;last_id&amp;mode=19&amp;name=%5bCOLOR%20white%5d%d7%a2%d7%95%d7%a0%d7%94%201%5b%2fCOLOR%5d&amp;original_title=Lovecraft%20Country&amp;season=1&amp;show_original_year=2020&amp;tmdbid=357864&amp;url=https%3a%2f%2fapi.themoviedb.org%2f3%2ftv%2f82816%3fapi_key%3d34142515d9d23817496eeb4ff1d223d0%26language%3den%26append_to_response%3dexternal_ids&amp;video_data=%7b%22rating%22%3a%20%220%22%2c%20%22episode%22%3a%200%2c%20%22title%22%3a%20%22%5bCOLOR%20white%5d%5cu05e2%5cu05d5%5cu05e0%5cu05d4%201%5b%2fCOLOR%5d%22%2c%20%22season%22%3a%200%2c%20%22TVshowtitle%22%3a%20%22%22%2c%20%22mediatype%22%3a%20%22movie%22%2c%20%22plot%22%3a%20%22%5bCOLOR%20aqua%5d%20%5cu05e9%5cu05d5%5cu05d3%5cu05e8%20%5cu05d1%5cu05ea%5cu05d0%5cu05e8%5cu05d9%5cu05da%2016-08-2020%5b%2fCOLOR%5d%5cnThe%20anthology%20horror%20series%20follows%2025-year-old%20Atticus%20Freeman%2c%20who%20joins%20up%20with%20his%20friend%20Letitia%20and%20his%20Uncle%20George%20to%20embark%20on%20a%20road%20trip%20across%201950s%20Jim%20Crow%20America%20to%20find%20his%20missing%20father.%20They%20must%20survive%20and%20overcome%20both%20the%20racist%20terrors%20of%20white%20America%20and%20the%20malevolent%20spirits%20that%20could%20be%20ripped%20from%20a%20Lovecraft%20paperback.%22%2c%20%22OriginalTitle%22%3a%20%22Lovecraft%20Country%22%2c%20%22Tag%22%3a%20%2216%22%2c%20%22year%22%3a%20%222020%22%7d&quot"/>
</include>

<include content="mainscreensessions">
<param name="sessionumber" value="5105"/>
<param name="labelnamethshow" value="נולדו לרקוד"/>
<param name="tvhsowsseesioncontent" value="plugin://plugin.video.mando/?all_w=%7b%7d&amp;data=2020&amp;dates=%20&amp;description=%5bCOLOR%20aqua%5d%20%d7%a9%d7%95%d7%93%d7%a8%20%d7%91%d7%aa%d7%90%d7%a8%d7%99%d7%9a%2008-01-2020%5b%2fCOLOR%5d%0aFollow%20the%20lives%20of%20an%20elite%20group%20of%20young%20dancers%20who%20train%20at%20The%20Next%20Step%20Studio.&amp;eng_name=%20&amp;episode=%20&amp;fanart=https%3a%2f%2fimage.tmdb.org%2ft%2fp%2foriginal%2f%2fbEjDMFgSQNtCqnv9g3bjOlM5St4.jpg&amp;fav_status=false&amp;heb_name=%d7%a0%d7%95%d7%9c%d7%93%d7%95%20%d7%9c%d7%a8%d7%a7%d7%95%d7%93&amp;iconimage=https%3a%2f%2fimage.tmdb.org%2ft%2fp%2foriginal%2f%2fdlZC6oo2iIKnRtLtAiiBn7tnuGc.jpg&amp;id=62404&amp;image_master&amp;isr=0&amp;last_id&amp;mode=19&amp;name=%5bCOLOR%20white%5d%d7%a2%d7%95%d7%a0%d7%94%207%5b%2fCOLOR%5d&amp;original_title=The%20Next%20Step&amp;season=7&amp;show_original_year=2013&amp;tmdbid=269537&amp;url=https%3a%2f%2fapi.themoviedb.org%2f3%2ftv%2f62404%3fapi_key%3d34142515d9d23817496eeb4ff1d223d0%26language%3den%26append_to_response%3dexternal_ids&amp;video_data=%7b%22rating%22%3a%20%220%22%2c%20%22episode%22%3a%200%2c%20%22title%22%3a%20%22%5bCOLOR%20white%5d%5cu05e2%5cu05d5%5cu05e0%5cu05d4%207%5b%2fCOLOR%5d%22%2c%20%22season%22%3a%200%2c%20%22TVshowtitle%22%3a%20%22%22%2c%20%22mediatype%22%3a%20%22movie%22%2c%20%22plot%22%3a%20%22%5bCOLOR%20aqua%5d%20%5cu05e9%5cu05d5%5cu05d3%5cu05e8%20%5cu05d1%5cu05ea%5cu05d0%5cu05e8%5cu05d9%5cu05da%2008-01-2020%5b%2fCOLOR%5d%5cnFollow%20the%20lives%20of%20an%20elite%20group%20of%20young%20dancers%20who%20train%20at%20The%20Next%20Step%20Studio.%22%2c%20%22OriginalTitle%22%3a%20%22The%20Next%20Step%22%2c%20%22Tag%22%3a%20%2216%22%2c%20%22year%22%3a%20%222020%22%7d&quot"/>
</include>

<include content="mainscreensessions">
<param name="sessionumber" value="5106"/>
<param name="labelnamethshow" value="כוכב בודד"/>
<param name="tvhsowsseesioncontent" value="plugin://plugin.video.mando/?all_w=%7b%7d&amp;data=2020&amp;dates=%20&amp;description=%5bCOLOR%20aqua%5d%20%d7%a9%d7%95%d7%93%d7%a8%20%d7%91%d7%aa%d7%90%d7%a8%d7%99%d7%9a%2019-01-2020%5b%2fCOLOR%5d%0aNearly%2020%20years%20ago%2c%20Owen%20Strand%20was%20the%20lone%20survivor%20of%20his%20Manhattan%20firehouse%20on%209%2f11.%20In%20the%20wake%20of%20the%20attack%2c%20Owen%20had%20the%20unenviable%20task%20of%20rebuilding%20his%20station.%20After%20a%20similar%20tragedy%20happens%20to%20a%20firehouse%20in%20Austin%2c%20Owen%2c%20along%20with%20his%20troubled%20firefighter%20son%2c%20T.K.%2c%20takes%20his%20progressive%20philosophies%20of%20life%20and%20firefighting%20down%20to%20Texas%2c%20where%20he%20helps%20them%20start%20anew.%20On%20the%20surface%2c%20Owen%20is%20all%20about%20big-city%20style%20and%20swagger%2c%20but%20underneath%20he%20struggles%20with%20a%20secret%20he%20hides%20from%20the%20world%20-%20one%20that%20could%20very%20well%20end%20his%20life.&amp;eng_name=%20&amp;episode=%20&amp;fanart=https%3a%2f%2fimage.tmdb.org%2ft%2fp%2foriginal%2f%2f7oRFxlpItB3BOfcxfEIgUlFQq2R.jpg&amp;fav_status=false&amp;heb_name=911%20-%20%d7%9b%d7%95%d7%9b%d7%91%20%d7%91%d7%95%d7%93%d7%93&amp;iconimage=https%3a%2f%2fimage.tmdb.org%2ft%2fp%2foriginal%2f%2fcKZ15eWIPj11oVL7kFvScAbhuxx.jpg&amp;id=89393&amp;image_master&amp;isr=0&amp;last_id&amp;mode=19&amp;name=%5bCOLOR%20white%5d%d7%a2%d7%95%d7%a0%d7%94%201%5b%2fCOLOR%5d&amp;original_title=9-1-1%3a%20Lone%20Star&amp;season=1&amp;show_original_year=2020&amp;tmdbid=364080&amp;url=https%3a%2f%2fapi.themoviedb.org%2f3%2ftv%2f89393%3fapi_key%3d34142515d9d23817496eeb4ff1d223d0%26language%3den%26append_to_response%3dexternal_ids&amp;video_data=%7b%22rating%22%3a%20%220%22%2c%20%22episode%22%3a%200%2c%20%22title%22%3a%20%22%5bCOLOR%20white%5d%5cu05e2%5cu05d5%5cu05e0%5cu05d4%201%5b%2fCOLOR%5d%22%2c%20%22season%22%3a%200%2c%20%22TVshowtitle%22%3a%20%22%22%2c%20%22mediatype%22%3a%20%22movie%22%2c%20%22plot%22%3a%20%22%5bCOLOR%20aqua%5d%20%5cu05e9%5cu05d5%5cu05d3%5cu05e8%20%5cu05d1%5cu05ea%5cu05d0%5cu05e8%5cu05d9%5cu05da%2019-01-2020%5b%2fCOLOR%5d%5cnNearly%2020%20years%20ago%2c%20Owen%20Strand%20was%20the%20lone%20survivor%20of%20his%20Manhattan%20firehouse%20on%209%2f11.%20In%20the%20wake%20of%20the%20attack%2c%20Owen%20had%20the%20unenviable%20task%20of%20rebuilding%20his%20station.%20After%20a%20similar%20tragedy%20happens%20to%20a%20firehouse%20in%20Austin%2c%20Owen%2c%20along%20with%20his%20troubled%20firefighter%20son%2c%20T.K.%2c%20takes%20his%20progressive%20philosophies%20of%20life%20and%20firefighting%20down%20to%20Texas%2c%20where%20he%20helps%20them%20start%20anew.%20On%20the%20surface%2c%20Owen%20is%20all%20about%20big-city%20style%20and%20swagger%2c%20but%20underneath%20he%20struggles%20with%20a%20secret%20he%20hides%20from%20the%20world%20-%20one%20that%20could%20very%20well%20end%20his%20life.%22%2c%20%22OriginalTitle%22%3a%20%229-1-1%3a%20Lone%20Star%22%2c%20%22Tag%22%3a%20%2216%22%2c%20%22year%22%3a%20%222020%22%7d&quot"/>
</include>

<include content="mainscreensessions">
<param name="sessionumber" value="5107"/>
<param name="labelnamethshow" value="ביו האקרים"/>
<param name="tvhsowsseesioncontent" value="plugin://plugin.video.mando/?all_w=%7b%7d&amp;data=2020&amp;dates=%20&amp;description=%5bCOLOR%20aqua%5d%20%d7%a9%d7%95%d7%93%d7%a8%20%d7%91%d7%aa%d7%90%d7%a8%d7%99%d7%9a%2020-08-2020%5b%2fCOLOR%5d%0aMia%20goes%20to%20medical%20school%20to%20get%20close%20to%20a%20professor%20she%20suspects%20had%20a%20hand%20in%20her%20past%20family%20tragedy%20and%20gets%20tangled%20in%20the%20world%20of%20biohacking.&amp;eng_name=%20&amp;episode=%20&amp;fanart=https%3a%2f%2fimage.tmdb.org%2ft%2fp%2foriginal%2f%2f3l96kBw60kOyfWh0hG2cphA6ST1.jpg&amp;fav_status=false&amp;heb_name=%d7%91%d7%99%d7%95-%d7%94%d7%90%d7%a7%d7%a8%d7%99%d7%9d&amp;iconimage=https%3a%2f%2fimage.tmdb.org%2ft%2fp%2foriginal%2f%2f4MkglHEepiB914UuIO8QF5Ulz2X.jpg&amp;id=100074&amp;image_master&amp;isr=0&amp;last_id&amp;mode=19&amp;name=%5bCOLOR%20white%5d%d7%a2%d7%95%d7%a0%d7%94%201%5b%2fCOLOR%5d&amp;original_title=Biohackers&amp;season=1&amp;show_original_year=2020&amp;tmdbid=381016&amp;url=https%3a%2f%2fapi.themoviedb.org%2f3%2ftv%2f100074%3fapi_key%3d34142515d9d23817496eeb4ff1d223d0%26language%3den%26append_to_response%3dexternal_ids&amp;video_data=%7b%22rating%22%3a%20%220%22%2c%20%22episode%22%3a%200%2c%20%22title%22%3a%20%22%5bCOLOR%20white%5d%5cu05e2%5cu05d5%5cu05e0%5cu05d4%201%5b%2fCOLOR%5d%22%2c%20%22season%22%3a%200%2c%20%22TVshowtitle%22%3a%20%22%22%2c%20%22mediatype%22%3a%20%22movie%22%2c%20%22plot%22%3a%20%22%5bCOLOR%20aqua%5d%20%5cu05e9%5cu05d5%5cu05d3%5cu05e8%20%5cu05d1%5cu05ea%5cu05d0%5cu05e8%5cu05d9%5cu05da%2020-08-2020%5b%2fCOLOR%5d%5cnMia%20goes%20to%20medical%20school%20to%20get%20close%20to%20a%20professor%20she%20suspects%20had%20a%20hand%20in%20her%20past%20family%20tragedy%20and%20gets%20tangled%20in%20the%20world%20of%20biohacking.%22%2c%20%22OriginalTitle%22%3a%20%22Biohackers%22%2c%20%22Tag%22%3a%20%2216%22%2c%20%22year%22%3a%20%222020%22%7d&quot"/>
</include>

<include content="mainscreensessions">
<param name="sessionumber" value="5108"/>
<param name="labelnamethshow" value="דוכסית"/>
<param name="tvhsowsseesioncontent" value="plugin://plugin.video.mando/?all_w=%7b%7d&amp;data=2020&amp;dates=%20&amp;description=%5bCOLOR%20aqua%5d%20%d7%a9%d7%95%d7%93%d7%a8%20%d7%91%d7%aa%d7%90%d7%a8%d7%99%d7%9a%2011-09-2020%5b%2fCOLOR%5d%0aKatherine%27s%20a%20single%20mom%20juggling%20her%20career%2c%20her%20tween%20daughter%2c%20her%20relationship%20with%20her%20boyfriend%20%e2%80%94%20and%20pondering%20getting%20pregnant%20with%20her%20ex.&amp;eng_name=%20&amp;episode=%20&amp;fanart=https%3a%2f%2fimage.tmdb.org%2ft%2fp%2foriginal%2f%2f5FXHNvIf8tpXvBjWmpXU9gkT3Qv.jpg&amp;fav_status=false&amp;heb_name=%d7%93%d7%95%d7%9b%d7%a1%d7%99%d7%aa&amp;iconimage=https%3a%2f%2fimage.tmdb.org%2ft%2fp%2foriginal%2f%2f6jQJrEn6gKsEzQr9eJPHKGpdFTJ.jpg&amp;id=107363&amp;image_master&amp;isr=0&amp;last_id&amp;mode=19&amp;name=%5bCOLOR%20white%5d%d7%a2%d7%95%d7%a0%d7%94%201%5b%2fCOLOR%5d&amp;original_title=The%20Duchess&amp;season=1&amp;show_original_year=2020&amp;tmdbid=386788&amp;url=https%3a%2f%2fapi.themoviedb.org%2f3%2ftv%2f107363%3fapi_key%3d34142515d9d23817496eeb4ff1d223d0%26language%3den%26append_to_response%3dexternal_ids&amp;video_data=%7b%22rating%22%3a%20%220%22%2c%20%22episode%22%3a%200%2c%20%22title%22%3a%20%22%5bCOLOR%20white%5d%5cu05e2%5cu05d5%5cu05e0%5cu05d4%201%5b%2fCOLOR%5d%22%2c%20%22season%22%3a%200%2c%20%22TVshowtitle%22%3a%20%22%22%2c%20%22mediatype%22%3a%20%22movie%22%2c%20%22plot%22%3a%20%22%5bCOLOR%20aqua%5d%20%5cu05e9%5cu05d5%5cu05d3%5cu05e8%20%5cu05d1%5cu05ea%5cu05d0%5cu05e8%5cu05d9%5cu05da%2011-09-2020%5b%2fCOLOR%5d%5cnKatherine%27s%20a%20single%20mom%20juggling%20her%20career%2c%20her%20tween%20daughter%2c%20her%20relationship%20with%20her%20boyfriend%20%5cu2014%20and%20pondering%20getting%20pregnant%20with%20her%20ex.%22%2c%20%22OriginalTitle%22%3a%20%22The%20Duchess%22%2c%20%22Tag%22%3a%20%2216%22%2c%20%22year%22%3a%20%222020%22%7d&quot"/>
</include>

<include content="mainscreensessions">
<param name="sessionumber" value="5009"/>
<param name="labelnamethshow" value="סוכן חשאי"/>
<param name="tvhsowsseesioncontent" value="plugin://plugin.video.mando/?all_w=%7b%7d&amp;data=2020&amp;dates=%20&amp;description=%5bCOLOR%20aqua%5d%20%d7%a9%d7%95%d7%93%d7%a8%20%d7%91%d7%aa%d7%90%d7%a8%d7%99%d7%9a%2020-02-2020%5b%2fCOLOR%5d%0aWhen%20an%20arrogant%2c%20maverick%20National%20Security%20Agent%20comes%20over%20from%20the%20US%20to%20join%20a%20newly-formed%20team%20tackling%20cybercrime%20at%20Britain%27s%20security%20headquarters%2c%20he%20enlists%20an%20inept%20and%20tactless%20computer%20analyst%20Joseph%20in%20a%20power%20grab%20that%20threatens%20to%20disrupt%20the%20team%e2%80%99s%20ability%20to%20combat%20cyber%20terrorism.&amp;eng_name=%20&amp;episode=%20&amp;fanart=https%3a%2f%2fimage.tmdb.org%2ft%2fp%2foriginal%2f%2fxD7fmgc2MdQvKg9NzHt2rzn8z7V.jpg&amp;fav_status=false&amp;heb_name=%d7%a1%d7%95%d7%9b%d7%9f%20%d7%97%d7%a9%d7%90%d7%99&amp;iconimage=https%3a%2f%2fimage.tmdb.org%2ft%2fp%2foriginal%2f%2fkKHbY7kGhU9gAkkEVYv9fDTqWg6.jpg&amp;id=88110&amp;image_master&amp;isr=0&amp;last_id&amp;mode=19&amp;name=%5bCOLOR%20white%5d%d7%a2%d7%95%d7%a0%d7%94%201%5b%2fCOLOR%5d&amp;original_title=Intelligence&amp;season=1&amp;show_original_year=2020&amp;tmdbid=374093&amp;url=https%3a%2f%2fapi.themoviedb.org%2f3%2ftv%2f88110%3fapi_key%3d34142515d9d23817496eeb4ff1d223d0%26language%3den%26append_to_response%3dexternal_ids&amp;video_data=%7b%22rating%22%3a%20%220%22%2c%20%22episode%22%3a%200%2c%20%22title%22%3a%20%22%5bCOLOR%20white%5d%5cu05e2%5cu05d5%5cu05e0%5cu05d4%201%5b%2fCOLOR%5d%22%2c%20%22season%22%3a%200%2c%20%22TVshowtitle%22%3a%20%22%22%2c%20%22mediatype%22%3a%20%22movie%22%2c%20%22plot%22%3a%20%22%5bCOLOR%20aqua%5d%20%5cu05e9%5cu05d5%5cu05d3%5cu05e8%20%5cu05d1%5cu05ea%5cu05d0%5cu05e8%5cu05d9%5cu05da%2020-02-2020%5b%2fCOLOR%5d%5cnWhen%20an%20arrogant%2c%20maverick%20National%20Security%20Agent%20comes%20over%20from%20the%20US%20to%20join%20a%20newly-formed%20team%20tackling%20cybercrime%20at%20Britain%27s%20security%20headquarters%2c%20he%20enlists%20an%20inept%20and%20tactless%20computer%20analyst%20Joseph%20in%20a%20power%20grab%20that%20threatens%20to%20disrupt%20the%20team%5cu2019s%20ability%20to%20combat%20cyber%20terrorism.%22%2c%20%22OriginalTitle%22%3a%20%22Intelligence%22%2c%20%22Tag%22%3a%20%2216%22%2c%20%22year%22%3a%20%222020%22%7d&quot"/>
</include>

<include content="mainscreensessions">
<param name="sessionumber" value="5010"/>
<param name="labelnamethshow" value="גולי ורוחות הרפאים"/>
<param name="tvhsowsseesioncontent" value="plugin://plugin.video.mando/?all_w=%7b%7d&amp;data=2020&amp;dates=%20&amp;description=%5bCOLOR%20aqua%5d%20%d7%a9%d7%95%d7%93%d7%a8%20%d7%91%d7%aa%d7%90%d7%a8%d7%99%d7%9a%2010-09-2020%5b%2fCOLOR%5d%0aTeenage%20Julie%20finds%20her%20passion%20for%20music%20and%20life%20while%20helping%20the%20Phantoms%20--%20a%20trio%20of%20ghostly%20guys%20--%20become%20the%20band%20they%20were%20never%20able%20to%20be.&amp;eng_name=%20&amp;episode=%20&amp;fanart=https%3a%2f%2fimage.tmdb.org%2ft%2fp%2foriginal%2f%2fzIML9hklxKu9qbESWrSPwD25f4H.jpg&amp;fav_status=false&amp;heb_name=%d7%92%27%d7%95%d7%9c%d7%99%20%d7%95%d7%a8%d7%95%d7%97%d7%95%d7%aa%20%d7%94%d7%a8%d7%a4%d7%90%d7%99%d7%9d&amp;iconimage=https%3a%2f%2fimage.tmdb.org%2ft%2fp%2foriginal%2f%2fAtAWIVZ7JhaJG0PdBZfvKsg0E3x.jpg&amp;id=106292&amp;image_master&amp;isr=0&amp;last_id&amp;mode=19&amp;name=%5bCOLOR%20white%5d%d7%a2%d7%95%d7%a0%d7%94%201%5b%2fCOLOR%5d&amp;original_title=Julie%20and%20the%20Phantoms&amp;season=1&amp;show_original_year=2020&amp;tmdbid=385735&amp;url=https%3a%2f%2fapi.themoviedb.org%2f3%2ftv%2f106292%3fapi_key%3d34142515d9d23817496eeb4ff1d223d0%26language%3den%26append_to_response%3dexternal_ids&amp;video_data=%7b%22rating%22%3a%20%220%22%2c%20%22episode%22%3a%200%2c%20%22title%22%3a%20%22%5bCOLOR%20white%5d%5cu05e2%5cu05d5%5cu05e0%5cu05d4%201%5b%2fCOLOR%5d%22%2c%20%22season%22%3a%200%2c%20%22TVshowtitle%22%3a%20%22%22%2c%20%22mediatype%22%3a%20%22movie%22%2c%20%22plot%22%3a%20%22%5bCOLOR%20aqua%5d%20%5cu05e9%5cu05d5%5cu05d3%5cu05e8%20%5cu05d1%5cu05ea%5cu05d0%5cu05e8%5cu05d9%5cu05da%2010-09-2020%5b%2fCOLOR%5d%5cnTeenage%20Julie%20finds%20her%20passion%20for%20music%20and%20life%20while%20helping%20the%20Phantoms%20--%20a%20trio%20of%20ghostly%20guys%20--%20become%20the%20band%20they%20were%20never%20able%20to%20be.%22%2c%20%22OriginalTitle%22%3a%20%22Julie%20and%20the%20Phantoms%22%2c%20%22Tag%22%3a%20%2216%22%2c%20%22year%22%3a%20%222020%22%7d&quot"/>
</include>

<include content="mainscreensessions">
<param name="sessionumber" value="5011"/>
<param name="labelnamethshow" value="לוציפר"/>
<param name="tvhsowsseesioncontent" value="plugin://plugin.video.mando/?all_w=%7b%7d&amp;data=2020&amp;dates=%20&amp;description=%5bCOLOR%20aqua%5d%20%d7%a9%d7%95%d7%93%d7%a8%20%d7%91%d7%aa%d7%90%d7%a8%d7%99%d7%9a%2021-08-2020%5b%2fCOLOR%5d%0aBored%20and%20unhappy%20as%20the%20Lord%20of%20Hell%2c%20Lucifer%20Morningstar%20abandoned%20his%20throne%20and%20retired%20to%20Los%20Angeles%2c%20where%20he%20has%20teamed%20up%20with%20LAPD%20detective%20Chloe%20Decker%20to%20take%20down%20criminals.%c2%a0But%20the%20longer%20he%27s%20away%20from%20the%20underworld%2c%20the%20greater%20the%20threat%20that%20the%20worst%20of%20humanity%20could%20escape.&amp;eng_name=%20&amp;episode=%20&amp;fanart=https%3a%2f%2fimage.tmdb.org%2ft%2fp%2foriginal%2f%2fta5oblpMlEcIPIS2YGcq9XEkWK2.jpg&amp;fav_status=false&amp;heb_name=%d7%9c%d7%95%d7%a6%d7%99%d7%a4%d7%a8&amp;iconimage=https%3a%2f%2fimage.tmdb.org%2ft%2fp%2foriginal%2f%2f96D5o8ywmEbGvBfttj1JLXtJRhg.jpg&amp;id=63174&amp;image_master&amp;isr=0&amp;last_id&amp;mode=19&amp;name=%5bCOLOR%20white%5d%d7%a2%d7%95%d7%a0%d7%94%205%5b%2fCOLOR%5d&amp;original_title=Lucifer&amp;season=5&amp;show_original_year=2016&amp;tmdbid=295685&amp;url=https%3a%2f%2fapi.themoviedb.org%2f3%2ftv%2f63174%3fapi_key%3d34142515d9d23817496eeb4ff1d223d0%26language%3den%26append_to_response%3dexternal_ids&amp;video_data=%7b%22rating%22%3a%20%220%22%2c%20%22episode%22%3a%200%2c%20%22title%22%3a%20%22%5bCOLOR%20white%5d%5cu05e2%5cu05d5%5cu05e0%5cu05d4%205%5b%2fCOLOR%5d%22%2c%20%22season%22%3a%200%2c%20%22TVshowtitle%22%3a%20%22%22%2c%20%22mediatype%22%3a%20%22movie%22%2c%20%22plot%22%3a%20%22%5bCOLOR%20aqua%5d%20%5cu05e9%5cu05d5%5cu05d3%5cu05e8%20%5cu05d1%5cu05ea%5cu05d0%5cu05e8%5cu05d9%5cu05da%2021-08-2020%5b%2fCOLOR%5d%5cnBored%20and%20unhappy%20as%20the%20Lord%20of%20Hell%2c%20Lucifer%20Morningstar%20abandoned%20his%20throne%20and%20retired%20to%20Los%20Angeles%2c%20where%20he%20has%20teamed%20up%20with%20LAPD%20detective%20Chloe%20Decker%20to%20take%20down%20criminals.%5cu00a0But%20the%20longer%20he%27s%20away%20from%20the%20underworld%2c%20the%20greater%20the%20threat%20that%20the%20worst%20of%20humanity%20could%20escape.%22%2c%20%22OriginalTitle%22%3a%20%22Lucifer%22%2c%20%22Tag%22%3a%20%2216%22%2c%20%22year%22%3a%20%222020%22%7d&quot"/>
</include>

<include content="mainscreensessions">
<param name="sessionumber" value="5014"/>
<param name="labelnamethshow" value="הפלייליסט של זואי"/>
<param name="tvhsowsseesioncontent" value="plugin://plugin.video.mando/?all_w=%7b%7d&amp;data=2020&amp;dates=%20&amp;description=%5bCOLOR%20aqua%5d%20%d7%a9%d7%95%d7%93%d7%a8%20%d7%91%d7%aa%d7%90%d7%a8%d7%99%d7%9a%2007-01-2020%5b%2fCOLOR%5d%0aAfter%20an%20unusual%20event%2c%20Zoey%20Clarke%2c%20a%20whip-smart%20computer%20coder%20forging%20her%20way%20in%20San%20Francisco%2c%20suddenly%20starts%20to%20hear%20the%20innermost%20wants%2c%20thoughts%20and%20desires%20of%20the%20people%20around%20her%20through%20popular%20songs.&amp;eng_name=%20&amp;episode=%20&amp;fanart=https%3a%2f%2fimage.tmdb.org%2ft%2fp%2foriginal%2f%2fA5GKtkRNJG0ZWxfWJItbBbgjImj.jpg&amp;fav_status=false&amp;heb_name=%d7%94%d7%a4%d7%9c%d7%99%d7%99%d7%9c%d7%99%d7%a1%d7%98%20%d7%a9%d7%9c%20%d7%96%d7%95%d7%90%d7%99&amp;iconimage=https%3a%2f%2fimage.tmdb.org%2ft%2fp%2foriginal%2f%2f6TbP8W61rMePIxcwUzmEMHSXzHg.jpg&amp;id=95941&amp;image_master&amp;isr=0&amp;last_id&amp;mode=19&amp;name=%5bCOLOR%20white%5d%d7%a2%d7%95%d7%a0%d7%94%201%5b%2fCOLOR%5d&amp;original_title=Zoey%27s%20Extraordinary%20Playlist&amp;season=1&amp;show_original_year=2020&amp;tmdbid=363815&amp;url=https%3a%2f%2fapi.themoviedb.org%2f3%2ftv%2f95941%3fapi_key%3d34142515d9d23817496eeb4ff1d223d0%26language%3den%26append_to_response%3dexternal_ids&amp;video_data=%7b%22rating%22%3a%20%220%22%2c%20%22episode%22%3a%200%2c%20%22title%22%3a%20%22%5bCOLOR%20white%5d%5cu05e2%5cu05d5%5cu05e0%5cu05d4%201%5b%2fCOLOR%5d%22%2c%20%22season%22%3a%200%2c%20%22TVshowtitle%22%3a%20%22%22%2c%20%22mediatype%22%3a%20%22movie%22%2c%20%22plot%22%3a%20%22%5bCOLOR%20aqua%5d%20%5cu05e9%5cu05d5%5cu05d3%5cu05e8%20%5cu05d1%5cu05ea%5cu05d0%5cu05e8%5cu05d9%5cu05da%2007-01-2020%5b%2fCOLOR%5d%5cnAfter%20an%20unusual%20event%2c%20Zoey%20Clarke%2c%20a%20whip-smart%20computer%20coder%20forging%20her%20way%20in%20San%20Francisco%2c%20suddenly%20starts%20to%20hear%20the%20innermost%20wants%2c%20thoughts%20and%20desires%20of%20the%20people%20around%20her%20through%20popular%20songs.%22%2c%20%22OriginalTitle%22%3a%20%22Zoey%27s%20Extraordinary%20Playlist%22%2c%20%22Tag%22%3a%20%2216%22%2c%20%22year%22%3a%20%222020%22%7d&quot"/>
</include>

<include content="mainscreensessions">
<param name="sessionumber" value="5015"/>
<param name="labelnamethshow" value="הגשם"/>
<param name="tvhsowsseesioncontent" value="plugin://plugin.video.mando/?all_w=%7b%7d&amp;data=2020&amp;dates=%20&amp;description=%5bCOLOR%20aqua%5d%20%d7%a9%d7%95%d7%93%d7%a8%20%d7%91%d7%aa%d7%90%d7%a8%d7%99%d7%9a%2006-08-2020%5b%2fCOLOR%5d%0aAfter%20a%20brutal%20virus%20wipes%20out%20most%20of%20the%20population%2c%20two%20young%20siblings%20embark%20on%20a%20perilous%20search%20for%20safety.%20A%20Scandinavian%20thriller%20series.&amp;eng_name=%20&amp;episode=%20&amp;fanart=https%3a%2f%2fimage.tmdb.org%2ft%2fp%2foriginal%2f%2frfK7BGBUoqXc2EiKGbKuzaeSDjW.jpg&amp;fav_status=false&amp;heb_name=%d7%94%d7%92%d7%a9%d7%9d&amp;iconimage=https%3a%2f%2fimage.tmdb.org%2ft%2fp%2foriginal%2f%2fbBBpi5pgOEZlCOgx2q116oPdJnx.jpg&amp;id=76719&amp;image_master&amp;isr=0&amp;last_id&amp;mode=19&amp;name=%5bCOLOR%20white%5d%d7%a2%d7%95%d7%a0%d7%94%203%5b%2fCOLOR%5d&amp;original_title=The%20Rain&amp;season=3&amp;show_original_year=2018&amp;tmdbid=341704&amp;url=https%3a%2f%2fapi.themoviedb.org%2f3%2ftv%2f76719%3fapi_key%3d34142515d9d23817496eeb4ff1d223d0%26language%3den%26append_to_response%3dexternal_ids&amp;video_data=%7b%22rating%22%3a%20%220%22%2c%20%22episode%22%3a%200%2c%20%22title%22%3a%20%22%5bCOLOR%20white%5d%5cu05e2%5cu05d5%5cu05e0%5cu05d4%203%5b%2fCOLOR%5d%22%2c%20%22season%22%3a%200%2c%20%22TVshowtitle%22%3a%20%22%22%2c%20%22mediatype%22%3a%20%22movie%22%2c%20%22plot%22%3a%20%22%5bCOLOR%20aqua%5d%20%5cu05e9%5cu05d5%5cu05d3%5cu05e8%20%5cu05d1%5cu05ea%5cu05d0%5cu05e8%5cu05d9%5cu05da%2006-08-2020%5b%2fCOLOR%5d%5cnAfter%20a%20brutal%20virus%20wipes%20out%20most%20of%20the%20population%2c%20two%20young%20siblings%20embark%20on%20a%20perilous%20search%20for%20safety.%20A%20Scandinavian%20thriller%20series.%22%2c%20%22OriginalTitle%22%3a%20%22The%20Rain%22%2c%20%22Tag%22%3a%20%2216%22%2c%20%22year%22%3a%20%222020%22%7d&quot"/>
</include>

<include content="mainscreensessions">
<param name="sessionumber" value="5016"/>
<param name="labelnamethshow" value="גרינליף"/>
<param name="tvhsowsseesioncontent" value="plugin://plugin.video.mando/?all_w=%7b%7d&amp;data=2020&amp;dates=%20&amp;description=%5bCOLOR%20aqua%5d%20%d7%a9%d7%95%d7%93%d7%a8%20%d7%91%d7%aa%d7%90%d7%a8%d7%99%d7%9a%2023-06-2020%5b%2fCOLOR%5d%0aThe%20unscrupulous%20world%20of%20the%20Greenleaf%20family%20and%20their%20sprawling%20Memphis%20megachurch%2c%20where%20scandalous%20secrets%20and%20lies%20are%20as%20numerous%20as%20the%20faithful.%20Born%20of%20the%20church%2c%20the%20Greenleaf%20family%20love%20and%20care%20for%20each%20other%2c%20but%20beneath%20the%20surface%20lies%20a%20den%20of%20iniquity%e2%80%94greed%2c%20adultery%2c%20sibling%20rivalry%20and%20conflicting%20values%e2%80%94that%20threatens%20to%20tear%20apart%20the%20very%20core%20of%20their%20faith%20that%20holds%20them%20together.&amp;eng_name=%20&amp;episode=%20&amp;fanart=https%3a%2f%2fimage.tmdb.org%2ft%2fp%2foriginal%2f%2fxhpELezB7GxS6PEb1nOPAjXici1.jpg&amp;fav_status=false&amp;heb_name=%d7%92%d7%a8%d7%99%d7%a0%d7%9c%d7%99%d7%a3&amp;iconimage=https%3a%2f%2fimage.tmdb.org%2ft%2fp%2foriginal%2f%2fdnKwzDle0E7tHnddW9gbFf44GzH.jpg&amp;id=66830&amp;image_master&amp;isr=0&amp;last_id&amp;mode=19&amp;name=%5bCOLOR%20white%5d%d7%a2%d7%95%d7%a0%d7%94%205%5b%2fCOLOR%5d&amp;original_title=Greenleaf&amp;season=5&amp;show_original_year=2016&amp;tmdbid=306391&amp;url=https%3a%2f%2fapi.themoviedb.org%2f3%2ftv%2f66830%3fapi_key%3d34142515d9d23817496eeb4ff1d223d0%26language%3den%26append_to_response%3dexternal_ids&amp;video_data=%7b%22rating%22%3a%20%220%22%2c%20%22episode%22%3a%200%2c%20%22title%22%3a%20%22%5bCOLOR%20white%5d%5cu05e2%5cu05d5%5cu05e0%5cu05d4%205%5b%2fCOLOR%5d%22%2c%20%22season%22%3a%200%2c%20%22TVshowtitle%22%3a%20%22%22%2c%20%22mediatype%22%3a%20%22movie%22%2c%20%22plot%22%3a%20%22%5bCOLOR%20aqua%5d%20%5cu05e9%5cu05d5%5cu05d3%5cu05e8%20%5cu05d1%5cu05ea%5cu05d0%5cu05e8%5cu05d9%5cu05da%2023-06-2020%5b%2fCOLOR%5d%5cnThe%20unscrupulous%20world%20of%20the%20Greenleaf%20family%20and%20their%20sprawling%20Memphis%20megachurch%2c%20where%20scandalous%20secrets%20and%20lies%20are%20as%20numerous%20as%20the%20faithful.%20Born%20of%20the%20church%2c%20the%20Greenleaf%20family%20love%20and%20care%20for%20each%20other%2c%20but%20beneath%20the%20surface%20lies%20a%20den%20of%20iniquity%5cu2014greed%2c%20adultery%2c%20sibling%20rivalry%20and%20conflicting%20values%5cu2014that%20threatens%20to%20tear%20apart%20the%20very%20core%20of%20their%20faith%20that%20holds%20them%20together.%22%2c%20%22OriginalTitle%22%3a%20%22Greenleaf%22%2c%20%22Tag%22%3a%20%2216%22%2c%20%22year%22%3a%20%222020%22%7d&quot"/>
</include>

<include content="mainscreensessions">
<param name="sessionumber" value="5017"/>
<param name="labelnamethshow" value="בלב האוקיינוס"/>
<param name="tvhsowsseesioncontent" value="plugin://plugin.video.mando/?all_w=%7b%7d&amp;data=2020&amp;dates=%20&amp;description=%5bCOLOR%20aqua%5d%20%d7%a9%d7%95%d7%93%d7%a8%20%d7%91%d7%aa%d7%90%d7%a8%d7%99%d7%9a%2007-08-2020%5b%2fCOLOR%5d%0aTwo%20sisters%20discover%20disturbing%20family%20secrets%20after%20a%20string%20of%20mysterious%20deaths%20occur%20on%20a%20luxury%20ship%20traveling%20from%20Spain%20to%20Brazil%20in%20the%201940s.&amp;eng_name=%20&amp;episode=%20&amp;fanart=https%3a%2f%2fimage.tmdb.org%2ft%2fp%2foriginal%2f%2fvSgn4IeZMiUE7mOgcNaTexPDwcX.jpg&amp;fav_status=false&amp;heb_name=%d7%91%d7%9c%d7%91%20%d7%94%d7%90%d7%95%d7%a7%d7%99%d7%99%d7%a0%d7%95%d7%a1&amp;iconimage=https%3a%2f%2fimage.tmdb.org%2ft%2fp%2foriginal%2f%2f7togbeeVXz4Pu0FJGWDh6DoS7yC.jpg&amp;id=88239&amp;image_master&amp;isr=0&amp;last_id&amp;mode=19&amp;name=%5bCOLOR%20white%5d%d7%a2%d7%95%d7%a0%d7%94%203%5b%2fCOLOR%5d&amp;original_title=High%20Seas&amp;season=3&amp;show_original_year=2019&amp;tmdbid=353568&amp;url=https%3a%2f%2fapi.themoviedb.org%2f3%2ftv%2f88239%3fapi_key%3d34142515d9d23817496eeb4ff1d223d0%26language%3den%26append_to_response%3dexternal_ids&amp;video_data=%7b%22rating%22%3a%20%220%22%2c%20%22episode%22%3a%200%2c%20%22title%22%3a%20%22%5bCOLOR%20white%5d%5cu05e2%5cu05d5%5cu05e0%5cu05d4%203%5b%2fCOLOR%5d%22%2c%20%22season%22%3a%200%2c%20%22TVshowtitle%22%3a%20%22%22%2c%20%22mediatype%22%3a%20%22movie%22%2c%20%22plot%22%3a%20%22%5bCOLOR%20aqua%5d%20%5cu05e9%5cu05d5%5cu05d3%5cu05e8%20%5cu05d1%5cu05ea%5cu05d0%5cu05e8%5cu05d9%5cu05da%2007-08-2020%5b%2fCOLOR%5d%5cnTwo%20sisters%20discover%20disturbing%20family%20secrets%20after%20a%20string%20of%20mysterious%20deaths%20occur%20on%20a%20luxury%20ship%20traveling%20from%20Spain%20to%20Brazil%20in%20the%201940s.%22%2c%20%22OriginalTitle%22%3a%20%22High%20Seas%22%2c%20%22Tag%22%3a%20%2216%22%2c%20%22year%22%3a%20%222020%22%7d&quot"/>
</include>

<include content="mainscreensessions">
<param name="sessionumber" value="5018"/>
<param name="labelnamethshow" value="שלוש אחוז"/>
<param name="tvhsowsseesioncontent" value="plugin://plugin.video.mando/?all_w=%7b%7d&amp;data=2020&amp;dates=%20&amp;description=%5bCOLOR%20aqua%5d%20%d7%a9%d7%95%d7%93%d7%a8%20%d7%91%d7%aa%d7%90%d7%a8%d7%99%d7%9a%2014-08-2020%5b%2fCOLOR%5d%0aIn%20a%20future%20where%20the%20elite%20inhabit%20an%20island%20paradise%20far%20from%20the%20crowded%20slums%2c%20you%20get%20one%20chance%20to%20join%20the%203%25%20saved%20from%20squalor.&amp;eng_name=%20&amp;episode=%20&amp;fanart=https%3a%2f%2fimage.tmdb.org%2ft%2fp%2foriginal%2f%2f4RCJIZMy65KyjOPkNcM22D78u9k.jpg&amp;fav_status=false&amp;heb_name=3%25&amp;iconimage=https%3a%2f%2fimage.tmdb.org%2ft%2fp%2foriginal%2f%2fbOqBR7CYLj2pF6tXwjieN5IY3O.jpg&amp;id=68467&amp;image_master&amp;isr=0&amp;last_id&amp;mode=19&amp;name=%5bCOLOR%20white%5d%d7%a2%d7%95%d7%a0%d7%94%204%5b%2fCOLOR%5d&amp;original_title=3%25&amp;season=4&amp;show_original_year=2016&amp;tmdbid=250749&amp;url=https%3a%2f%2fapi.themoviedb.org%2f3%2ftv%2f68467%3fapi_key%3d34142515d9d23817496eeb4ff1d223d0%26language%3den%26append_to_response%3dexternal_ids&amp;video_data=%7b%22rating%22%3a%20%220%22%2c%20%22episode%22%3a%200%2c%20%22title%22%3a%20%22%5bCOLOR%20white%5d%5cu05e2%5cu05d5%5cu05e0%5cu05d4%204%5b%2fCOLOR%5d%22%2c%20%22season%22%3a%200%2c%20%22TVshowtitle%22%3a%20%22%22%2c%20%22mediatype%22%3a%20%22movie%22%2c%20%22plot%22%3a%20%22%5bCOLOR%20aqua%5d%20%5cu05e9%5cu05d5%5cu05d3%5cu05e8%20%5cu05d1%5cu05ea%5cu05d0%5cu05e8%5cu05d9%5cu05da%2014-08-2020%5b%2fCOLOR%5d%5cnIn%20a%20future%20where%20the%20elite%20inhabit%20an%20island%20paradise%20far%20from%20the%20crowded%20slums%2c%20you%20get%20one%20chance%20to%20join%20the%203%25%20saved%20from%20squalor.%22%2c%20%22OriginalTitle%22%3a%20%223%25%22%2c%20%22Tag%22%3a%20%2216%22%2c%20%22year%22%3a%20%222020%22%7d&quot"/>
</include>

<include content="mainscreensessions">
<param name="sessionumber" value="5019"/>
<param name="labelnamethshow" value="לגדול בין זאבים"/>
<param name="tvhsowsseesioncontent" value="plugin://plugin.video.mando/?all_w=%7b%7d&amp;data=2020&amp;dates=%20&amp;description=%5bCOLOR%20aqua%5d%20%d7%a9%d7%95%d7%93%d7%a8%20%d7%91%d7%aa%d7%90%d7%a8%d7%99%d7%9a%2003-09-2020%5b%2fCOLOR%5d%0aAfter%20Earth%20is%20ravaged%20by%20a%20great%20religious%20war%2c%20an%20atheistic%20android%20architect%20sends%20two%20of%20his%20creations%2c%20Mother%20and%20Father%2c%20to%20start%20a%20peaceful%2c%20godless%20colony%20on%20the%20planet%20Kepler-22b.%20Their%20treacherous%20task%20is%20jeopardized%20by%20the%20arrival%20of%20the%20Mithraic%2c%20a%20deeply%20devout%20religious%20order%20of%20surviving%20humans.&amp;eng_name=%20&amp;episode=%20&amp;fanart=https%3a%2f%2fimage.tmdb.org%2ft%2fp%2foriginal%2f%2fna2xUduK8HviOFT97TiFG2MkJmY.jpg&amp;fav_status=false&amp;heb_name=%d7%9c%d7%92%d7%93%d7%95%d7%9c%20%d7%91%d7%99%d7%9f%20%d7%96%d7%90%d7%91%d7%99%d7%9d&amp;iconimage=https%3a%2f%2fimage.tmdb.org%2ft%2fp%2foriginal%2f%2fmTvSVKMn2Npf6zvYNbGMJnYLtvp.jpg&amp;id=85723&amp;image_master&amp;isr=0&amp;last_id&amp;mode=19&amp;name=%5bCOLOR%20white%5d%d7%a2%d7%95%d7%a0%d7%94%201%5b%2fCOLOR%5d&amp;original_title=Raised%20by%20Wolves&amp;season=1&amp;show_original_year=2020&amp;tmdbid=368643&amp;url=https%3a%2f%2fapi.themoviedb.org%2f3%2ftv%2f85723%3fapi_key%3d34142515d9d23817496eeb4ff1d223d0%26language%3den%26append_to_response%3dexternal_ids&amp;video_data=%7b%22rating%22%3a%20%220%22%2c%20%22episode%22%3a%200%2c%20%22title%22%3a%20%22%5bCOLOR%20white%5d%5cu05e2%5cu05d5%5cu05e0%5cu05d4%201%5b%2fCOLOR%5d%22%2c%20%22season%22%3a%200%2c%20%22TVshowtitle%22%3a%20%22%22%2c%20%22mediatype%22%3a%20%22movie%22%2c%20%22plot%22%3a%20%22%5bCOLOR%20aqua%5d%20%5cu05e9%5cu05d5%5cu05d3%5cu05e8%20%5cu05d1%5cu05ea%5cu05d0%5cu05e8%5cu05d9%5cu05da%2003-09-2020%5b%2fCOLOR%5d%5cnAfter%20Earth%20is%20ravaged%20by%20a%20great%20religious%20war%2c%20an%20atheistic%20android%20architect%20sends%20two%20of%20his%20creations%2c%20Mother%20and%20Father%2c%20to%20start%20a%20peaceful%2c%20godless%20colony%20on%20the%20planet%20Kepler-22b.%20Their%20treacherous%20task%20is%20jeopardized%20by%20the%20arrival%20of%20the%20Mithraic%2c%20a%20deeply%20devout%20religious%20order%20of%20surviving%20humans.%22%2c%20%22OriginalTitle%22%3a%20%22Raised%20by%20Wolves%22%2c%20%22Tag%22%3a%20%2216%22%2c%20%22year%22%3a%20%222020%22%7d&quot"/>
</include>

<include content="mainscreensessions">
<param name="sessionumber" value="5020"/>
<param name="labelnamethshow" value="ראצד"/>
<param name="tvhsowsseesioncontent" value="plugin://plugin.video.mando/?all_w=%7b%7d&amp;data=2020&amp;dates=%20&amp;description=%5bCOLOR%20aqua%5d%20%d7%a9%d7%95%d7%93%d7%a8%20%d7%91%d7%aa%d7%90%d7%a8%d7%99%d7%9a%2018-09-2020%5b%2fCOLOR%5d%0aAn%20origins%20story%2c%20beginning%20in%201947%2c%20which%20follows%20Ratched%27s%20journey%20and%20evolution%20from%20nurse%20to%20full-fledged%20monster%20tracking%20her%20murderous%20progression%20through%20the%20mental%20health%20care%20system.&amp;eng_name=%20&amp;episode=%20&amp;fanart=https%3a%2f%2fimage.tmdb.org%2ft%2fp%2foriginal%2f%2fuHdRYS5uKR2upP5G9WUHRBpJeQP.jpg&amp;fav_status=false&amp;heb_name=%d7%a8%d7%90%d7%a6%27%d7%93&amp;iconimage=https%3a%2f%2fimage.tmdb.org%2ft%2fp%2foriginal%2f%2fpuM2YEulfGtAWRsHb4RlbGs7ITO.jpg&amp;id=81354&amp;image_master&amp;isr=0&amp;last_id&amp;mode=19&amp;name=%5bCOLOR%20white%5d%d7%a2%d7%95%d7%a0%d7%94%201%5b%2fCOLOR%5d&amp;original_title=Ratched&amp;season=1&amp;show_original_year=2020&amp;tmdbid=364870&amp;url=https%3a%2f%2fapi.themoviedb.org%2f3%2ftv%2f81354%3fapi_key%3d34142515d9d23817496eeb4ff1d223d0%26language%3den%26append_to_response%3dexternal_ids&amp;video_data=%7b%22rating%22%3a%20%220%22%2c%20%22episode%22%3a%200%2c%20%22title%22%3a%20%22%5bCOLOR%20white%5d%5cu05e2%5cu05d5%5cu05e0%5cu05d4%201%5b%2fCOLOR%5d%22%2c%20%22season%22%3a%200%2c%20%22TVshowtitle%22%3a%20%22%22%2c%20%22mediatype%22%3a%20%22movie%22%2c%20%22plot%22%3a%20%22%5bCOLOR%20aqua%5d%20%5cu05e9%5cu05d5%5cu05d3%5cu05e8%20%5cu05d1%5cu05ea%5cu05d0%5cu05e8%5cu05d9%5cu05da%2018-09-2020%5b%2fCOLOR%5d%5cnAn%20origins%20story%2c%20beginning%20in%201947%2c%20which%20follows%20Ratched%27s%20journey%20and%20evolution%20from%20nurse%20to%20full-fledged%20monster%20tracking%20her%20murderous%20progression%20through%20the%20mental%20health%20care%20system.%22%2c%20%22OriginalTitle%22%3a%20%22Ratched%22%2c%20%22Tag%22%3a%20%2216%22%2c%20%22year%22%3a%20%222020%22%7d&quot"/>
</include>

<include content="mainscreensessions">
<param name="sessionumber" value="5021"/>
<param name="labelnamethshow" value="היום השליש"/>
<param name="tvhsowsseesioncontent" value="plugin://plugin.video.mando/?all_w=%7b%7d&amp;data=2020&amp;dates=%20&amp;description=%5bCOLOR%20aqua%5d%20%d7%a9%d7%95%d7%93%d7%a8%20%d7%91%d7%aa%d7%90%d7%a8%d7%99%d7%9a%2014-09-2020%5b%2fCOLOR%5d%0aA%20unique%20story%20told%20over%20two%20distinct%20halves%2c%20%22Summer%22%20follows%20Sam%2c%20a%20man%20drawn%20to%20a%20mysterious%20island%20off%20the%20British%20coast%20where%20he%20encounters%20a%20group%20of%20islanders%20set%20on%20preserving%20their%20traditions%20at%20any%20cost.%20%22Winter%22%20follows%20Helen%2c%20a%20strong-willed%20outsider%20who%20comes%20to%20the%20island%20seeking%20answers%2c%20but%20whose%20arrival%20precipitates%20a%20fractious%20battle%20to%20decide%20its%20fate.&amp;eng_name=%20&amp;episode=%20&amp;fanart=https%3a%2f%2fimage.tmdb.org%2ft%2fp%2foriginal%2f%2fyEvcaFO2nz8QdGVsqyVK93iLPp3.jpg&amp;fav_status=false&amp;heb_name=%d7%94%d7%99%d7%95%d7%9d%20%d7%94%d7%a9%d7%9c%d7%99%d7%a9%d7%99&amp;iconimage=https%3a%2f%2fimage.tmdb.org%2ft%2fp%2foriginal%2f%2fd4RZkzSV1UWsUUuOWu7W5JdUWx8.jpg&amp;id=90259&amp;image_master&amp;isr=0&amp;last_id&amp;mode=19&amp;name=%5bCOLOR%20white%5d%d7%a2%d7%95%d7%a0%d7%94%201%5b%2fCOLOR%5d&amp;original_title=The%20Third%20Day&amp;season=1&amp;show_original_year=2020&amp;tmdbid=366477&amp;url=https%3a%2f%2fapi.themoviedb.org%2f3%2ftv%2f90259%3fapi_key%3d34142515d9d23817496eeb4ff1d223d0%26language%3den%26append_to_response%3dexternal_ids&amp;video_data=%7b%22rating%22%3a%20%220%22%2c%20%22episode%22%3a%200%2c%20%22title%22%3a%20%22%5bCOLOR%20white%5d%5cu05e2%5cu05d5%5cu05e0%5cu05d4%201%5b%2fCOLOR%5d%22%2c%20%22season%22%3a%200%2c%20%22TVshowtitle%22%3a%20%22%22%2c%20%22mediatype%22%3a%20%22movie%22%2c%20%22plot%22%3a%20%22%5bCOLOR%20aqua%5d%20%5cu05e9%5cu05d5%5cu05d3%5cu05e8%20%5cu05d1%5cu05ea%5cu05d0%5cu05e8%5cu05d9%5cu05da%2014-09-2020%5b%2fCOLOR%5d%5cnA%20unique%20story%20told%20over%20two%20distinct%20halves%2c%20%5c%22Summer%5c%22%20follows%20Sam%2c%20a%20man%20drawn%20to%20a%20mysterious%20island%20off%20the%20British%20coast%20where%20he%20encounters%20a%20group%20of%20islanders%20set%20on%20preserving%20their%20traditions%20at%20any%20cost.%20%5c%22Winter%5c%22%20follows%20Helen%2c%20a%20strong-willed%20outsider%20who%20comes%20to%20the%20island%20seeking%20answers%2c%20but%20whose%20arrival%20precipitates%20a%20fractious%20battle%20to%20decide%20its%20fate.%22%2c%20%22OriginalTitle%22%3a%20%22The%20Third%20Day%22%2c%20%22Tag%22%3a%20%2216%22%2c%20%22year%22%3a%20%222020%22%7d&quot"/>
</include>

<include content="mainscreensessions">
<param name="sessionumber" value="5022"/>
<param name="labelnamethshow" value="סיפור אהבה"/>
<param name="tvhsowsseesioncontent" value="plugin://plugin.video.mando/?all_w=%7b%7d&amp;data=2020&amp;dates=%20&amp;description=%5bCOLOR%20aqua%5d%20%d7%a9%d7%95%d7%93%d7%a8%20%d7%91%d7%aa%d7%90%d7%a8%d7%99%d7%9a%2027-05-2020%5b%2fCOLOR%5d%0aA%20romantic%20comedy%20anthology%20series%20which%20follows%20a%20different%20protagonist%20each%20season%20on%20the%20journey%20from%20first%20love%20to%20last%20love%2c%20with%20each%20half-hour%20episode%20chronicling%20one%20of%20their%20relationships.%20The%20first%20season%20centers%20on%20Darby%2c%20who%20runs%20a%20%22historically%20significant%20butts%22%20tour%20for%20a%20company%20headed%20by%20McNairy%27s%20Bradley.&amp;eng_name=%20&amp;episode=%20&amp;fanart=https%3a%2f%2fimage.tmdb.org%2ft%2fp%2foriginal%2f%2f4FcM7aI4IbROqlMEcp70fSl57W5.jpg&amp;fav_status=false&amp;heb_name=%d7%a1%d7%99%d7%a4%d7%95%d7%a8%20%d7%90%d7%94%d7%91%d7%94&amp;iconimage=https%3a%2f%2fimage.tmdb.org%2ft%2fp%2foriginal%2f%2f1GuWLOcTup64EBIHax9dNrowBnk.jpg&amp;id=102316&amp;image_master&amp;isr=0&amp;last_id&amp;mode=19&amp;name=%5bCOLOR%20white%5d%d7%a2%d7%95%d7%a0%d7%94%201%5b%2fCOLOR%5d&amp;original_title=Love%20Life&amp;season=1&amp;show_original_year=2020&amp;tmdbid=374515&amp;url=https%3a%2f%2fapi.themoviedb.org%2f3%2ftv%2f102316%3fapi_key%3d34142515d9d23817496eeb4ff1d223d0%26language%3den%26append_to_response%3dexternal_ids&amp;video_data=%7b%22rating%22%3a%20%220%22%2c%20%22episode%22%3a%200%2c%20%22title%22%3a%20%22%5bCOLOR%20white%5d%5cu05e2%5cu05d5%5cu05e0%5cu05d4%201%5b%2fCOLOR%5d%22%2c%20%22season%22%3a%200%2c%20%22TVshowtitle%22%3a%20%22%22%2c%20%22mediatype%22%3a%20%22movie%22%2c%20%22plot%22%3a%20%22%5bCOLOR%20aqua%5d%20%5cu05e9%5cu05d5%5cu05d3%5cu05e8%20%5cu05d1%5cu05ea%5cu05d0%5cu05e8%5cu05d9%5cu05da%2027-05-2020%5b%2fCOLOR%5d%5cnA%20romantic%20comedy%20anthology%20series%20which%20follows%20a%20different%20protagonist%20each%20season%20on%20the%20journey%20from%20first%20love%20to%20last%20love%2c%20with%20each%20half-hour%20episode%20chronicling%20one%20of%20their%20relationships.%20The%20first%20season%20centers%20on%20Darby%2c%20who%20runs%20a%20%5c%22historically%20significant%20butts%5c%22%20tour%20for%20a%20company%20headed%20by%20McNairy%27s%20Bradley.%22%2c%20%22OriginalTitle%22%3a%20%22Love%20Life%22%2c%20%22Tag%22%3a%20%2216%22%2c%20%22year%22%3a%20%222020%22%7d&quot"/>
</include>

<include content="mainscreensessions">
<param name="sessionumber" value="5023"/>
<param name="labelnamethshow" value="הארט לחיות"/>
<param name="tvhsowsseesioncontent" value="plugin://plugin.video.mando/?all_w=%7b%7d&amp;data=2020&amp;dates=%20&amp;description=%5bCOLOR%20aqua%5d%20%d7%a9%d7%95%d7%93%d7%a8%20%d7%91%d7%aa%d7%90%d7%a8%d7%99%d7%9a%2020-07-2020%5b%2fCOLOR%5d%0aTired%20of%20being%20the%20comedic%20sidekick%2c%20Kevin%20Hart%20gets%20his%20wish%20when%20a%20famous%20director%20offers%20him%20his%20dream%20%e2%80%93%20to%20be%20a%20leading%20man%20action%20star%20%e2%80%93%20but%20there%e2%80%99s%20a%20catch%3a%20Kevin%20must%20first%20train%20at%20the%20world%e2%80%99s%20greatest%20action%20star%20school%2c%20run%20by%20a%20lunatic.&amp;eng_name=%20&amp;episode=%20&amp;fanart=https%3a%2f%2fimage.tmdb.org%2ft%2fp%2foriginal%2f%2fkkOpA6yu9Hj2AwNiYKqoBMqUCMK.jpg&amp;fav_status=false&amp;heb_name=%d7%94%d7%90%d7%a8%d7%98%20%d7%9c%d7%97%d7%99%d7%95%d7%aa&amp;iconimage=https%3a%2f%2fimage.tmdb.org%2ft%2fp%2foriginal%2f%2flyRnZamD1uDDX85MAwTa1KTBRAA.jpg&amp;id=99072&amp;image_master&amp;isr=0&amp;last_id&amp;mode=19&amp;name=%5bCOLOR%20white%5d%d7%a2%d7%95%d7%a0%d7%94%201%5b%2fCOLOR%5d&amp;original_title=Die%20Hart&amp;season=1&amp;show_original_year=2020&amp;tmdbid=377298&amp;url=https%3a%2f%2fapi.themoviedb.org%2f3%2ftv%2f99072%3fapi_key%3d34142515d9d23817496eeb4ff1d223d0%26language%3den%26append_to_response%3dexternal_ids&amp;video_data=%7b%22rating%22%3a%20%220%22%2c%20%22episode%22%3a%200%2c%20%22title%22%3a%20%22%5bCOLOR%20white%5d%5cu05e2%5cu05d5%5cu05e0%5cu05d4%201%5b%2fCOLOR%5d%22%2c%20%22season%22%3a%200%2c%20%22TVshowtitle%22%3a%20%22%22%2c%20%22mediatype%22%3a%20%22movie%22%2c%20%22plot%22%3a%20%22%5bCOLOR%20aqua%5d%20%5cu05e9%5cu05d5%5cu05d3%5cu05e8%20%5cu05d1%5cu05ea%5cu05d0%5cu05e8%5cu05d9%5cu05da%2020-07-2020%5b%2fCOLOR%5d%5cnTired%20of%20being%20the%20comedic%20sidekick%2c%20Kevin%20Hart%20gets%20his%20wish%20when%20a%20famous%20director%20offers%20him%20his%20dream%20%5cu2013%20to%20be%20a%20leading%20man%20action%20star%20%5cu2013%20but%20there%5cu2019s%20a%20catch%3a%20Kevin%20must%20first%20train%20at%20the%20world%5cu2019s%20greatest%20action%20star%20school%2c%20run%20by%20a%20lunatic.%22%2c%20%22OriginalTitle%22%3a%20%22Die%20Hart%22%2c%20%22Tag%22%3a%20%2216%22%2c%20%22year%22%3a%20%222020%22%7d&quot"/>
</include>

<include content="mainscreensessions">
<param name="sessionumber" value="5025"/>
<param name="labelnamethshow" value="הרחק"/>
<param name="tvhsowsseesioncontent" value="plugin://plugin.video.sdarot.tv/season/5749/1/%D7%94%D7%A8%D7%97%D7%A7/Away&quot"/>
</include>

<include content="mainscreensessions">
<param name="sessionumber" value="5026"/>
<param name="labelnamethshow" value="טיילר פרי מציג דילן הצעיר"/>
<param name="tvhsowsseesioncontent" value="plugin://plugin.video.mando/?all_w=%7b%7d&amp;data=2020&amp;dates=%20&amp;description=%5bCOLOR%20aqua%5d%20%d7%a9%d7%95%d7%93%d7%a8%20%d7%91%d7%aa%d7%90%d7%a8%d7%99%d7%9a%2029-02-2020%5b%2fCOLOR%5d%0aYoung%20Dylan%e2%80%99s%20grandmother%20decides%20to%20send%20him%20to%20live%20indefinitely%20with%20her%20affluent%20son%e2%80%99s%20family.%20The%20Wilson%20family%20household%20is%20soon%20turned%20upside%20down%20as%20lifestyles%20clash%20between%20aspiring%20hip%20hop%20star%20and%20his%20straight-laced%20cousins.&amp;eng_name=%20&amp;episode=%20&amp;fanart=https%3a%2f%2fimage.tmdb.org%2ft%2fp%2foriginal%2f%2fvhQffuCmvj9LGl5ZaEdt90VjfcM.jpg&amp;fav_status=false&amp;heb_name=Tyler%20Perry%27s%20Young%20Dylan&amp;iconimage=https%3a%2f%2fimage.tmdb.org%2ft%2fp%2foriginal%2f%2fgch0Y3uJTsHhbEgMdmpDx9Wippc.jpg&amp;id=99486&amp;image_master&amp;isr=0&amp;last_id&amp;mode=19&amp;name=%5bCOLOR%20white%5d%d7%a2%d7%95%d7%a0%d7%94%201%5b%2fCOLOR%5d&amp;original_title=Tyler%20Perry%27s%20Young%20Dylan&amp;season=1&amp;show_original_year=2020&amp;tmdbid=377185&amp;url=https%3a%2f%2fapi.themoviedb.org%2f3%2ftv%2f99486%3fapi_key%3d34142515d9d23817496eeb4ff1d223d0%26language%3den%26append_to_response%3dexternal_ids&amp;video_data=%7b%22rating%22%3a%20%220%22%2c%20%22episode%22%3a%200%2c%20%22title%22%3a%20%22%5bCOLOR%20white%5d%5cu05e2%5cu05d5%5cu05e0%5cu05d4%201%5b%2fCOLOR%5d%22%2c%20%22season%22%3a%200%2c%20%22TVshowtitle%22%3a%20%22%22%2c%20%22mediatype%22%3a%20%22movie%22%2c%20%22plot%22%3a%20%22%5bCOLOR%20aqua%5d%20%5cu05e9%5cu05d5%5cu05d3%5cu05e8%20%5cu05d1%5cu05ea%5cu05d0%5cu05e8%5cu05d9%5cu05da%2029-02-2020%5b%2fCOLOR%5d%5cnYoung%20Dylan%5cu2019s%20grandmother%20decides%20to%20send%20him%20to%20live%20indefinitely%20with%20her%20affluent%20son%5cu2019s%20family.%20The%20Wilson%20family%20household%20is%20soon%20turned%20upside%20down%20as%20lifestyles%20clash%20between%20aspiring%20hip%20hop%20star%20and%20his%20straight-laced%20cousins.%22%2c%20%22OriginalTitle%22%3a%20%22Tyler%20Perry%27s%20Young%20Dylan%22%2c%20%22Tag%22%3a%20%2216%22%2c%20%22year%22%3a%20%222020%22%7d&quot"/>
</include>

<include content="mainscreensessions">
<param name="sessionumber" value="5027"/>
<param name="labelnamethshow" value="ולאנדר הצעיר"/>
<param name="tvhsowsseesioncontent" value="plugin://plugin.video.mando/?all_w=%7b%7d&amp;data=2020&amp;dates=%20&amp;description=%5bCOLOR%20aqua%5d%20Aired%20At%2003-09-2020%5b%2fCOLOR%5d%0aAn%20incendiary%20hate%20crime%20stirs%20civil%20unrest%2c%20fast-tracking%20rookie%20cop%20Kurt%20Wallander%20to%20detective%20in%20this%20origin%20story%20for%20the%20popular%20character.&amp;eng_name=%20&amp;episode=%20&amp;fanart=https%3a%2f%2fimage.tmdb.org%2ft%2fp%2foriginal%2f%2fm4mmx1gInl6qUVKIIuYQiz0NuA3.jpg&amp;fav_status=false&amp;heb_name=%d7%95%d7%9c%d7%90%d7%a0%d7%93%d7%a8%20%d7%94%d7%a6%d7%a2%d7%99%d7%a8&amp;iconimage=https%3a%2f%2fimage.tmdb.org%2ft%2fp%2foriginal%2f%2f8UhkwuaDFDarOO1GffY6XX6ZilP.jpg&amp;id=91545&amp;image_master&amp;isr=0&amp;last_id&amp;mode=19&amp;name=%5bCOLOR%20white%5dSeason%201%5b%2fCOLOR%5d&amp;original_title=Young%20Wallander&amp;season=1&amp;show_original_year=2020&amp;tmdbid=369515&amp;url=https%3a%2f%2fapi.themoviedb.org%2f3%2ftv%2f91545%3fapi_key%3d34142515d9d23817496eeb4ff1d223d0%26language%3den%26append_to_response%3dexternal_ids&amp;video_data=%7b%22rating%22%3a%20%220%22%2c%20%22episode%22%3a%200%2c%20%22title%22%3a%20%22%5bCOLOR%20white%5dSeason%201%5b%2fCOLOR%5d%22%2c%20%22season%22%3a%200%2c%20%22TVshowtitle%22%3a%20%22%22%2c%20%22mediatype%22%3a%20%22movie%22%2c%20%22plot%22%3a%20%22%5bCOLOR%20aqua%5d%20Aired%20At%2003-09-2020%5b%2fCOLOR%5d%5cnAn%20incendiary%20hate%20crime%20stirs%20civil%20unrest%2c%20fast-tracking%20rookie%20cop%20Kurt%20Wallander%20to%20detective%20in%20this%20origin%20story%20for%20the%20popular%20character.%22%2c%20%22OriginalTitle%22%3a%20%22Young%20Wallander%22%2c%20%22Tag%22%3a%20%2216%22%2c%20%22year%22%3a%20%222020%22%7d&quot"/>
</include>

<include content="mainscreensessions">
<param name="sessionumber" value="5028"/>
<param name="labelnamethshow" value="משפחה מודרנית"/>
<param name="tvhsowsseesioncontent" value="plugin://plugin.video.mando/?all_w=%7b%7d&amp;data=2019&amp;dates=%20&amp;description=%5bCOLOR%20aqua%5d%20%d7%a9%d7%95%d7%93%d7%a8%20%d7%91%d7%aa%d7%90%d7%a8%d7%99%d7%9a%2025-09-2019%5b%2fCOLOR%5d%0aThe%20Pritchett-Dunphy-Tucker%20clan%20is%20a%20wonderfully%20large%20and%20blended%20family.%20They%20give%20us%20an%20honest%20and%20often%20hilarious%20look%20into%20the%20sometimes%20warm%2c%20sometimes%20twisted%2c%20embrace%20of%20the%20modern%20family.&amp;eng_name=%20&amp;episode=%20&amp;fanart=https%3a%2f%2fimage.tmdb.org%2ft%2fp%2foriginal%2f%2fx4lxFIhhrDI4nWtV8osnYwbGESV.jpg&amp;fav_status=false&amp;heb_name=%d7%9e%d7%a9%d7%a4%d7%97%d7%94%20%d7%9e%d7%95%d7%93%d7%a8%d7%a0%d7%99%d7%aa&amp;iconimage=https%3a%2f%2fimage.tmdb.org%2ft%2fp%2foriginal%2f%2foTLdXCBZU3AgVZ3IPeoIV06omU9.jpg&amp;id=1421&amp;image_master&amp;isr=0&amp;last_id&amp;mode=19&amp;name=%5bCOLOR%20white%5d%d7%a2%d7%95%d7%a0%d7%94%2011%5b%2fCOLOR%5d&amp;original_title=Modern%20Family&amp;season=11&amp;show_original_year=2009&amp;tmdbid=95011&amp;url=https%3a%2f%2fapi.themoviedb.org%2f3%2ftv%2f1421%3fapi_key%3d34142515d9d23817496eeb4ff1d223d0%26language%3den%26append_to_response%3dexternal_ids&amp;video_data=%7b%22rating%22%3a%20%220%22%2c%20%22episode%22%3a%200%2c%20%22title%22%3a%20%22%5bCOLOR%20white%5d%5cu05e2%5cu05d5%5cu05e0%5cu05d4%2011%5b%2fCOLOR%5d%22%2c%20%22season%22%3a%200%2c%20%22TVshowtitle%22%3a%20%22%22%2c%20%22mediatype%22%3a%20%22movie%22%2c%20%22plot%22%3a%20%22%5bCOLOR%20aqua%5d%20%5cu05e9%5cu05d5%5cu05d3%5cu05e8%20%5cu05d1%5cu05ea%5cu05d0%5cu05e8%5cu05d9%5cu05da%2025-09-2019%5b%2fCOLOR%5d%5cnThe%20Pritchett-Dunphy-Tucker%20clan%20is%20a%20wonderfully%20large%20and%20blended%20family.%20They%20give%20us%20an%20honest%20and%20often%20hilarious%20look%20into%20the%20sometimes%20warm%2c%20sometimes%20twisted%2c%20embrace%20of%20the%20modern%20family.%22%2c%20%22OriginalTitle%22%3a%20%22Modern%20Family%22%2c%20%22Tag%22%3a%20%2216%22%2c%20%22year%22%3a%20%222019%22%7d&quot"/>
</include>

<include content="mainscreensessions">
<param name="sessionumber" value="5029"/>
<param name="labelnamethshow" value="הבנים"/>
<param name="tvhsowsseesioncontent" value="plugin://plugin.video.mando/?all_w=%7b%7d&amp;data=2020&amp;dates=%20&amp;description=%5bCOLOR%20aqua%5d%20%d7%a9%d7%95%d7%93%d7%a8%20%d7%91%d7%aa%d7%90%d7%a8%d7%99%d7%9a%2004-09-2020%5b%2fCOLOR%5d%0aA%20group%20of%20vigilantes%20known%20informally%20as%20%e2%80%9cThe%20Boys%e2%80%9d%20set%20out%20to%20take%20down%20corrupt%20superheroes%20with%20no%20more%20than%20blue-collar%20grit%20and%20a%20willingness%20to%20fight%20dirty.&amp;eng_name=%20&amp;episode=%20&amp;fanart=https%3a%2f%2fimage.tmdb.org%2ft%2fp%2foriginal%2f%2fmGVrXeIjyecj6TKmwPVpHlscEmw.jpg&amp;fav_status=false&amp;heb_name=%d7%94%d7%91%d7%a0%d7%99%d7%9d&amp;iconimage=https%3a%2f%2fimage.tmdb.org%2ft%2fp%2foriginal%2f%2fmY7SeH4HFFxW1hiI6cWuwCRKptN.jpg&amp;id=76479&amp;image_master&amp;isr=0&amp;last_id&amp;mode=19&amp;name=%5bCOLOR%20white%5d%d7%a2%d7%95%d7%a0%d7%94%202%5b%2fCOLOR%5d&amp;original_title=The%20Boys&amp;season=2&amp;show_original_year=2019&amp;tmdbid=355567&amp;url=https%3a%2f%2fapi.themoviedb.org%2f3%2ftv%2f76479%3fapi_key%3d34142515d9d23817496eeb4ff1d223d0%26language%3den%26append_to_response%3dexternal_ids&amp;video_data=%7b%22rating%22%3a%20%220%22%2c%20%22episode%22%3a%200%2c%20%22title%22%3a%20%22%5bCOLOR%20white%5d%5cu05e2%5cu05d5%5cu05e0%5cu05d4%202%5b%2fCOLOR%5d%22%2c%20%22season%22%3a%200%2c%20%22TVshowtitle%22%3a%20%22%22%2c%20%22mediatype%22%3a%20%22movie%22%2c%20%22plot%22%3a%20%22%5bCOLOR%20aqua%5d%20%5cu05e9%5cu05d5%5cu05d3%5cu05e8%20%5cu05d1%5cu05ea%5cu05d0%5cu05e8%5cu05d9%5cu05da%2004-09-2020%5b%2fCOLOR%5d%5cnA%20group%20of%20vigilantes%20known%20informally%20as%20%5cu201cThe%20Boys%5cu201d%20set%20out%20to%20take%20down%20corrupt%20superheroes%20with%20no%20more%20than%20blue-collar%20grit%20and%20a%20willingness%20to%20fight%20dirty.%22%2c%20%22OriginalTitle%22%3a%20%22The%20Boys%22%2c%20%22Tag%22%3a%20%2216%22%2c%20%22year%22%3a%20%222020%22%7d&quot"/>
</include>

<include content="mainscreensessions">
<param name="sessionumber" value="5030"/>
<param name="labelnamethshow" value="שלושה מטרים מעל השמיים"/>
<param name="tvhsowsseesioncontent" value="plugin://plugin.video.mando/?all_w=%7b%7d&amp;data=2020&amp;dates=%20&amp;description=%5bCOLOR%20aqua%5d%20%d7%a9%d7%95%d7%93%d7%a8%20%d7%91%d7%aa%d7%90%d7%a8%d7%99%d7%9a%2029-04-2020%5b%2fCOLOR%5d%0aA%20modern%20love%20story%20set%20during%20the%20summer%20on%20Italy%e2%80%99s%20Adriatic%20Coast.%20An%20undeniable%20attraction%20brings%20together%20Ale%20and%20Summer%2c%20who%20come%20from%20very%20different%20worlds.%20For%20both%2c%20these%20holidays%20will%20be%20an%20unforgettable%20journey%20that%20will%20take%20them%20far%20from%20who%20they%20were%20before%20they%20met.&amp;eng_name=%20&amp;episode=%20&amp;fanart=https%3a%2f%2fimage.tmdb.org%2ft%2fp%2foriginal%2f%2fcJwhC85JShmXjCgsL1p6uVOZUhF.jpg&amp;fav_status=false&amp;heb_name=%d7%a9%d7%9c%d7%95%d7%a9%d7%94%20%d7%9e%d7%98%d7%a8%d7%99%d7%9d%20%d7%9e%d7%a2%d7%9c%20%d7%94%d7%a9%d7%9e%d7%99%d7%99%d7%9d&amp;iconimage=https%3a%2f%2fimage.tmdb.org%2ft%2fp%2foriginal%2f%2fcY6jI84FlOJBuyOK9q36n5QZBrr.jpg&amp;id=100333&amp;image_master&amp;isr=0&amp;last_id&amp;mode=19&amp;name=%5bCOLOR%20white%5d%d7%a2%d7%95%d7%a0%d7%94%201%5b%2fCOLOR%5d&amp;original_title=Summertime&amp;season=1&amp;show_original_year=2020&amp;tmdbid=378389&amp;url=https%3a%2f%2fapi.themoviedb.org%2f3%2ftv%2f100333%3fapi_key%3d34142515d9d23817496eeb4ff1d223d0%26language%3den%26append_to_response%3dexternal_ids&amp;video_data=%7b%22rating%22%3a%20%220%22%2c%20%22episode%22%3a%200%2c%20%22title%22%3a%20%22%5bCOLOR%20white%5d%5cu05e2%5cu05d5%5cu05e0%5cu05d4%201%5b%2fCOLOR%5d%22%2c%20%22season%22%3a%200%2c%20%22TVshowtitle%22%3a%20%22%22%2c%20%22mediatype%22%3a%20%22movie%22%2c%20%22plot%22%3a%20%22%5bCOLOR%20aqua%5d%20%5cu05e9%5cu05d5%5cu05d3%5cu05e8%20%5cu05d1%5cu05ea%5cu05d0%5cu05e8%5cu05d9%5cu05da%2029-04-2020%5b%2fCOLOR%5d%5cnA%20modern%20love%20story%20set%20during%20the%20summer%20on%20Italy%5cu2019s%20Adriatic%20Coast.%20An%20undeniable%20attraction%20brings%20together%20Ale%20and%20Summer%2c%20who%20come%20from%20very%20different%20worlds.%20For%20both%2c%20these%20holidays%20will%20be%20an%20unforgettable%20journey%20that%20will%20take%20them%20far%20from%20who%20they%20were%20before%20they%20met.%22%2c%20%22OriginalTitle%22%3a%20%22Summertime%22%2c%20%22Tag%22%3a%20%2216%22%2c%20%22year%22%3a%20%222020%22%7d&quot"/>
</include>

<include content="mainscreensessions">
<param name="sessionumber" value="5031"/>
<param name="labelnamethshow" value="שוד המאה"/>
<param name="tvhsowsseesioncontent" value="plugin://plugin.video.mando/?all_w=%7b%7d&amp;data=2020&amp;dates=%20&amp;description=%5bCOLOR%20aqua%5d%20%d7%a9%d7%95%d7%93%d7%a8%20%d7%91%d7%aa%d7%90%d7%a8%d7%99%d7%9a%2014-08-2020%5b%2fCOLOR%5d%0aBased%20on%20the%201994%20robbery%20of%20US%2433%20million%20from%20Colombia%27s%20central%20bank%2c%20which%20turned%20the%20country%20upside%20down.&amp;eng_name=%20&amp;episode=%20&amp;fanart=https%3a%2f%2fimage.tmdb.org%2ft%2fp%2foriginal%2f%2f7iBs4QZXYDwQt5Cf0mhrOWKbYFT.jpg&amp;fav_status=false&amp;heb_name=%d7%a9%d7%95%d7%93%20%d7%94%d7%9e%d7%90%d7%94&amp;iconimage=https%3a%2f%2fimage.tmdb.org%2ft%2fp%2foriginal%2f%2fj52EFofX8hCoenmvDC4AOppoPWu.jpg&amp;id=104555&amp;image_master&amp;isr=0&amp;last_id&amp;mode=19&amp;name=%5bCOLOR%20white%5d%d7%a2%d7%95%d7%a0%d7%94%201%5b%2fCOLOR%5d&amp;original_title=The%20Great%20Heist&amp;season=1&amp;show_original_year=2020&amp;tmdbid=383619&amp;url=https%3a%2f%2fapi.themoviedb.org%2f3%2ftv%2f104555%3fapi_key%3d34142515d9d23817496eeb4ff1d223d0%26language%3den%26append_to_response%3dexternal_ids&amp;video_data=%7b%22rating%22%3a%20%220%22%2c%20%22episode%22%3a%200%2c%20%22title%22%3a%20%22%5bCOLOR%20white%5d%5cu05e2%5cu05d5%5cu05e0%5cu05d4%201%5b%2fCOLOR%5d%22%2c%20%22season%22%3a%200%2c%20%22TVshowtitle%22%3a%20%22%22%2c%20%22mediatype%22%3a%20%22movie%22%2c%20%22plot%22%3a%20%22%5bCOLOR%20aqua%5d%20%5cu05e9%5cu05d5%5cu05d3%5cu05e8%20%5cu05d1%5cu05ea%5cu05d0%5cu05e8%5cu05d9%5cu05da%2014-08-2020%5b%2fCOLOR%5d%5cnBased%20on%20the%201994%20robbery%20of%20US%2433%20million%20from%20Colombia%27s%20central%20bank%2c%20which%20turned%20the%20country%20upside%20down.%22%2c%20%22OriginalTitle%22%3a%20%22The%20Great%20Heist%22%2c%20%22Tag%22%3a%20%2216%22%2c%20%22year%22%3a%20%222020%22%7d&quot"/>
</include>

<include content="mainscreensessions">
<param name="sessionumber" value="5032"/>
<param name="labelnamethshow" value="יורשי הלילה"/>
<param name="tvhsowsseesioncontent" value="plugin://plugin.video.mando/?all_w=%7b%7d&amp;data=2020&amp;dates=%20&amp;description=%5bCOLOR%20aqua%5d%20%d7%a9%d7%95%d7%93%d7%a8%20%d7%91%d7%aa%d7%90%d7%a8%d7%99%d7%9a%2011-01-2020%5b%2fCOLOR%5d%0a1889%3a%20the%20five%20remaining%20vampire%20clans%20in%20Europe%20are%20training%20to%20survive.%20In%20their%20midst%20is%2014-year-old%20Alisa%20who%20has%20the%20power%20to%20choose%20between%20eternal%20life%20as%20a%20vampire%20or%20for%20all%20vampires%20to%20live%20as%20humans.&amp;eng_name=%20&amp;episode=%20&amp;fanart=https%3a%2f%2fimage.tmdb.org%2ft%2fp%2foriginal%2f%2f7cBRwe7eK812mhhWso4QBgnSg5y.jpg&amp;fav_status=false&amp;heb_name=%d7%99%d7%95%d7%a8%d7%a9%d7%99%20%d7%94%d7%9c%d7%99%d7%9c%d7%94&amp;iconimage=https%3a%2f%2fimage.tmdb.org%2ft%2fp%2foriginal%2f%2fmkD3oTxYfsOYThtTM6o5HQom1Ar.jpg&amp;id=93842&amp;image_master&amp;isr=0&amp;last_id&amp;mode=19&amp;name=%5bCOLOR%20white%5d%d7%a2%d7%95%d7%a0%d7%94%201%5b%2fCOLOR%5d&amp;original_title=Heirs%20of%20the%20Night&amp;season=1&amp;show_original_year=2020&amp;tmdbid=371446&amp;url=https%3a%2f%2fapi.themoviedb.org%2f3%2ftv%2f93842%3fapi_key%3d34142515d9d23817496eeb4ff1d223d0%26language%3den%26append_to_response%3dexternal_ids&amp;video_data=%7b%22rating%22%3a%20%220%22%2c%20%22episode%22%3a%200%2c%20%22title%22%3a%20%22%5bCOLOR%20white%5d%5cu05e2%5cu05d5%5cu05e0%5cu05d4%201%5b%2fCOLOR%5d%22%2c%20%22season%22%3a%200%2c%20%22TVshowtitle%22%3a%20%22%22%2c%20%22mediatype%22%3a%20%22movie%22%2c%20%22plot%22%3a%20%22%5bCOLOR%20aqua%5d%20%5cu05e9%5cu05d5%5cu05d3%5cu05e8%20%5cu05d1%5cu05ea%5cu05d0%5cu05e8%5cu05d9%5cu05da%2011-01-2020%5b%2fCOLOR%5d%5cn1889%3a%20the%20five%20remaining%20vampire%20clans%20in%20Europe%20are%20training%20to%20survive.%20In%20their%20midst%20is%2014-year-old%20Alisa%20who%20has%20the%20power%20to%20choose%20between%20eternal%20life%20as%20a%20vampire%20or%20for%20all%20vampires%20to%20live%20as%20humans.%22%2c%20%22OriginalTitle%22%3a%20%22Heirs%20of%20the%20Night%22%2c%20%22Tag%22%3a%20%2216%22%2c%20%22year%22%3a%20%222020%22%7d&quot"/>
</include>

<include content="mainscreensessions">
<param name="sessionumber" value="5033"/>
<param name="labelnamethshow" value="גבר מי שנשאר אחרון"/>
<param name="tvhsowsseesioncontent" value="plugin://plugin.video.thecrew/?action=episodes&amp;imdb=tt1828327&amp;season=8&amp;tvdb=248834&amp;tvshowtitle=Last%20Man%20Standing&amp;year=2011&quot"/>
</include>

<include content="mainscreensessions">
<param name="sessionumber" value="5133"/>
<param name="labelnamethshow" value="סטאמפטאון"/>
<param name="tvhsowsseesioncontent" value="plugin://plugin.video.mando/?all_w=%7b%7d&amp;data=2019&amp;dates=%20&amp;description=%5bCOLOR%20aqua%5d%20%d7%a9%d7%95%d7%93%d7%a8%20%d7%91%d7%aa%d7%90%d7%a8%d7%99%d7%9a%2025-09-2019%5b%2fCOLOR%5d%0aDex%20Parios%20is%20a%20strong%2c%20assertive%2c%20and%20unapologetically%20sharp-witted%20Army%20veteran%20working%20as%20a%20P.I.%20in%20Portland%2c%20Oregon.%20With%20a%20complicated%20personal%20history%20and%20only%20herself%20to%20rely%20on%2c%20she%20solves%20other%20people%e2%80%99s%20messes%20with%20a%20blind%20eye%20toward%20her%20own.&amp;eng_name=%20&amp;episode=%20&amp;fanart=https%3a%2f%2fimage.tmdb.org%2ft%2fp%2foriginal%2f%2fjFeeyKToJZZ0mRt8zerCDg0LdF5.jpg&amp;fav_status=false&amp;heb_name=%d7%a1%d7%98%d7%90%d7%9e%d7%a4%d7%98%d7%90%d7%95%d7%9f&amp;iconimage=https%3a%2f%2fimage.tmdb.org%2ft%2fp%2foriginal%2f%2fl1pyiOYEX8wN7Rokx4unVzk3p7O.jpg&amp;id=89440&amp;image_master&amp;isr=0&amp;last_id&amp;mode=19&amp;name=%5bCOLOR%20white%5d%d7%a2%d7%95%d7%a0%d7%94%201%5b%2fCOLOR%5d&amp;original_title=Stumptown&amp;season=1&amp;show_original_year=2019&amp;tmdbid=359581&amp;url=https%3a%2f%2fapi.themoviedb.org%2f3%2ftv%2f89440%3fapi_key%3d34142515d9d23817496eeb4ff1d223d0%26language%3den%26append_to_response%3dexternal_ids&amp;video_data=%7b%22rating%22%3a%20%220%22%2c%20%22episode%22%3a%200%2c%20%22title%22%3a%20%22%5bCOLOR%20white%5d%5cu05e2%5cu05d5%5cu05e0%5cu05d4%201%5b%2fCOLOR%5d%22%2c%20%22season%22%3a%200%2c%20%22TVshowtitle%22%3a%20%22%22%2c%20%22mediatype%22%3a%20%22movie%22%2c%20%22plot%22%3a%20%22%5bCOLOR%20aqua%5d%20%5cu05e9%5cu05d5%5cu05d3%5cu05e8%20%5cu05d1%5cu05ea%5cu05d0%5cu05e8%5cu05d9%5cu05da%2025-09-2019%5b%2fCOLOR%5d%5cnDex%20Parios%20is%20a%20strong%2c%20assertive%2c%20and%20unapologetically%20sharp-witted%20Army%20veteran%20working%20as%20a%20P.I.%20in%20Portland%2c%20Oregon.%20With%20a%20complicated%20personal%20history%20and%20only%20herself%20to%20rely%20on%2c%20she%20solves%20other%20people%5cu2019s%20messes%20with%20a%20blind%20eye%20toward%20her%20own.%22%2c%20%22OriginalTitle%22%3a%20%22Stumptown%22%2c%20%22Tag%22%3a%20%2216%22%2c%20%22year%22%3a%20%222019%22%7d&quot"/>
</include>

<include content="mainscreensessions">
<param name="sessionumber" value="5134"/>
<param name="labelnamethshow" value="אוטופיה"/>
<param name="tvhsowsseesioncontent" value="plugin://plugin.video.mando/?all_w=%7b%7d&amp;data=2020&amp;dates=%20&amp;description=%5bCOLOR%20aqua%5d%20%d7%a9%d7%95%d7%93%d7%a8%20%d7%91%d7%aa%d7%90%d7%a8%d7%99%d7%9a%2025-09-2020%5b%2fCOLOR%5d%0aA%20group%20of%20young%20adults%20who%20met%20online%20are%20mercilessly%20hunted%20by%20a%20shadowy%20deep%20state%20organization%20after%20they%20come%20into%20possession%20of%20a%20near-mythical%20cult%20underground%20graphic%20novel.&amp;eng_name=%20&amp;episode=%20&amp;fanart=https%3a%2f%2fimage.tmdb.org%2ft%2fp%2foriginal%2f%2f99uovY4ZOAtiqba9ETsdtzJg94L.jpg&amp;fav_status=false&amp;heb_name=%d7%90%d7%95%d7%98%d7%95%d7%a4%d7%99%d7%94&amp;iconimage=https%3a%2f%2fimage.tmdb.org%2ft%2fp%2foriginal%2f%2fiSimgRwq58yUz1n8bfmWcWirQkd.jpg&amp;id=78903&amp;image_master&amp;isr=0&amp;last_id&amp;mode=19&amp;name=%5bCOLOR%20white%5d%d7%a2%d7%95%d7%a0%d7%94%201%5b%2fCOLOR%5d&amp;original_title=Utopia&amp;season=1&amp;show_original_year=2020&amp;tmdbid=361002&amp;url=https%3a%2f%2fapi.themoviedb.org%2f3%2ftv%2f78903%3fapi_key%3d34142515d9d23817496eeb4ff1d223d0%26language%3den%26append_to_response%3dexternal_ids&amp;video_data=%7b%22rating%22%3a%20%220%22%2c%20%22episode%22%3a%200%2c%20%22title%22%3a%20%22%5bCOLOR%20white%5d%5cu05e2%5cu05d5%5cu05e0%5cu05d4%201%5b%2fCOLOR%5d%22%2c%20%22season%22%3a%200%2c%20%22TVshowtitle%22%3a%20%22%22%2c%20%22mediatype%22%3a%20%22movie%22%2c%20%22plot%22%3a%20%22%5bCOLOR%20aqua%5d%20%5cu05e9%5cu05d5%5cu05d3%5cu05e8%20%5cu05d1%5cu05ea%5cu05d0%5cu05e8%5cu05d9%5cu05da%2025-09-2020%5b%2fCOLOR%5d%5cnA%20group%20of%20young%20adults%20who%20met%20online%20are%20mercilessly%20hunted%20by%20a%20shadowy%20deep%20state%20organization%20after%20they%20come%20into%20possession%20of%20a%20near-mythical%20cult%20underground%20graphic%20novel.%22%2c%20%22OriginalTitle%22%3a%20%22Utopia%22%2c%20%22Tag%22%3a%20%2216%22%2c%20%22year%22%3a%20%222020%22%7d&quot"/>
</include>

<include content="mainscreensessions">
<param name="sessionumber" value="5135"/>
<param name="labelnamethshow" value="סניקרהדס"/>
<param name="tvhsowsseesioncontent" value="plugin://plugin.video.shadow/?all_w=%7b%7d&amp;data=2020&amp;dates=%20&amp;description=%5bCOLOR%20aqua%5d%20Aired%20At%2025-09-2020%5b%2fCOLOR%5d%0aFamily%20man%20Devin%20falls%20back%20into%20his%20sneaker%20obsession%20after%20his%20pal%20Bobby%20talks%20him%20into%20a%20wheeling-dealing%20scheme%20to%20score%20a%20mythical%20pair%20of%20kicks.&amp;eng_name=%20&amp;episode=%20&amp;fanart=https%3a%2f%2fimage.tmdb.org%2ft%2fp%2foriginal%2f%2fwRLgI4hrXG0Pq8nyHe7KF06OfIp.jpg&amp;fav_status=false&amp;heb_name=%d7%a1%d7%a0%d7%99%d7%a7%d7%a8%d7%94%d7%93%d7%a1&amp;iconimage=https%3a%2f%2fimage.tmdb.org%2ft%2fp%2foriginal%2f%2f4ZIG4JmGtDV3rDaPaGHpoDzZtEi.jpg&amp;id=109616&amp;image_master&amp;isr=0&amp;last_id&amp;mode=19&amp;name=%5bCOLOR%20white%5dSeason%201%5b%2fCOLOR%5d&amp;original_title=Sneakerheads&amp;season=1&amp;show_original_year=2020&amp;tmdbid=387087&amp;url=https%3a%2f%2fapi.themoviedb.org%2f3%2ftv%2f109616%3fapi_key%3d34142515d9d23817496eeb4ff1d223d0%26language%3den%26append_to_response%3dexternal_ids&amp;video_data=%7b%22rating%22%3a%20%220%22%2c%20%22episode%22%3a%200%2c%20%22title%22%3a%20%22%5bCOLOR%20white%5dSeason%201%5b%2fCOLOR%5d%22%2c%20%22season%22%3a%200%2c%20%22TVshowtitle%22%3a%20%22%22%2c%20%22mediatype%22%3a%20%22movie%22%2c%20%22plot%22%3a%20%22%5bCOLOR%20aqua%5d%20Aired%20At%2025-09-2020%5b%2fCOLOR%5d%5cnFamily%20man%20Devin%20falls%20back%20into%20his%20sneaker%20obsession%20after%20his%20pal%20Bobby%20talks%20him%20into%20a%20wheeling-dealing%20scheme%20to%20score%20a%20mythical%20pair%20of%20kicks.%22%2c%20%22OriginalTitle%22%3a%20%22Sneakerheads%22%2c%20%22Tag%22%3a%20%2216%22%2c%20%22year%22%3a%20%222020%22%7d&quot"/>
</include>

<include content="mainscreensessions">
<param name="sessionumber" value="5136"/>
<param name="labelnamethshow" value="מנסים"/>
<param name="tvhsowsseesioncontent" value="plugin://plugin.video.mando/?all_w=%7b%7d&amp;data=2020&amp;dates=%20&amp;description=%5bCOLOR%20aqua%5d%20%d7%a9%d7%95%d7%93%d7%a8%20%d7%91%d7%aa%d7%90%d7%a8%d7%99%d7%9a%2001-05-2020%5b%2fCOLOR%5d%0aAll%20Nikki%20and%20Jason%20want%20is%20a%20baby%e2%80%94the%20one%20thing%20they%20can%e2%80%99t%20have.%20So%20they%20decide%20to%20adopt.%20With%20their%20dysfunctional%20friends%2c%20screwball%20families%2c%20and%20chaotic%20lives%2c%20will%20the%20adoption%20panel%20agree%20that%20they%e2%80%99re%20ready%20to%20be%20parents%3f&amp;eng_name=%20&amp;episode=%20&amp;fanart=https%3a%2f%2fimage.tmdb.org%2ft%2fp%2foriginal%2f%2fbmS2A5K1SJJ28j4U439oZ8VOhzJ.jpg&amp;fav_status=false&amp;heb_name=%d7%9e%d7%a0%d7%a1%d7%99%d7%9d&amp;iconimage=https%3a%2f%2fimage.tmdb.org%2ft%2fp%2foriginal%2f%2fhF3twh1IzZYPoagGVJyI5gOxMuE.jpg&amp;id=98177&amp;image_master&amp;isr=0&amp;last_id&amp;mode=19&amp;name=%5bCOLOR%20white%5d%d7%a2%d7%95%d7%a0%d7%94%201%5b%2fCOLOR%5d&amp;original_title=Trying&amp;season=1&amp;show_original_year=2020&amp;tmdbid=375903&amp;url=https%3a%2f%2fapi.themoviedb.org%2f3%2ftv%2f98177%3fapi_key%3d34142515d9d23817496eeb4ff1d223d0%26language%3den%26append_to_response%3dexternal_ids&amp;video_data=%7b%22rating%22%3a%20%220%22%2c%20%22episode%22%3a%200%2c%20%22title%22%3a%20%22%5bCOLOR%20white%5d%5cu05e2%5cu05d5%5cu05e0%5cu05d4%201%5b%2fCOLOR%5d%22%2c%20%22season%22%3a%200%2c%20%22TVshowtitle%22%3a%20%22%22%2c%20%22mediatype%22%3a%20%22movie%22%2c%20%22plot%22%3a%20%22%5bCOLOR%20aqua%5d%20%5cu05e9%5cu05d5%5cu05d3%5cu05e8%20%5cu05d1%5cu05ea%5cu05d0%5cu05e8%5cu05d9%5cu05da%2001-05-2020%5b%2fCOLOR%5d%5cnAll%20Nikki%20and%20Jason%20want%20is%20a%20baby%5cu2014the%20one%20thing%20they%20can%5cu2019t%20have.%20So%20they%20decide%20to%20adopt.%20With%20their%20dysfunctional%20friends%2c%20screwball%20families%2c%20and%20chaotic%20lives%2c%20will%20the%20adoption%20panel%20agree%20that%20they%5cu2019re%20ready%20to%20be%20parents%3f%22%2c%20%22OriginalTitle%22%3a%20%22Trying%22%2c%20%22Tag%22%3a%20%2216%22%2c%20%22year%22%3a%20%222020%22%7d&quot"/>
</include>

<include content="mainscreensessions">
<param name="sessionumber" value="5137"/>
<param name="labelnamethshow" value="הגדר"/>
<param name="tvhsowsseesioncontent" value="plugin://plugin.video.mando/?all_w=%7b%7d&amp;data=2020&amp;dates=%20&amp;description=%5bCOLOR%20aqua%5d%20%d7%a9%d7%95%d7%93%d7%a8%20%d7%91%d7%aa%d7%90%d7%a8%d7%99%d7%9a%2019-01-2020%5b%2fCOLOR%5d%0aOne%20family%e2%80%99s%20fight%20for%20survival%20in%20a%20future%20dystopian%20Madrid%20illustrates%20the%20disparity%20between%20two%20worlds%20separated%20by%20a%20fence%20%e2%80%94%20and%20so%20much%20more.&amp;eng_name=%20&amp;episode=%20&amp;fanart=https%3a%2f%2fimage.tmdb.org%2ft%2fp%2foriginal%2f%2fmJfXmAD7ABHla1fuzL29rZqoxrN.jpg&amp;fav_status=false&amp;heb_name=%d7%94%d7%92%d7%93%d7%a8&amp;iconimage=https%3a%2f%2fimage.tmdb.org%2ft%2fp%2foriginal%2f%2fqvlAuCWqBkXH9tO9kO6CTupA9XT.jpg&amp;id=93522&amp;image_master&amp;isr=0&amp;last_id&amp;mode=19&amp;name=%5bCOLOR%20white%5d%d7%a2%d7%95%d7%a0%d7%94%201%5b%2fCOLOR%5d&amp;original_title=The%20Barrier&amp;season=1&amp;show_original_year=2020&amp;tmdbid=354497&amp;url=https%3a%2f%2fapi.themoviedb.org%2f3%2ftv%2f93522%3fapi_key%3d34142515d9d23817496eeb4ff1d223d0%26language%3den%26append_to_response%3dexternal_ids&amp;video_data=%7b%22rating%22%3a%20%220%22%2c%20%22episode%22%3a%200%2c%20%22title%22%3a%20%22%5bCOLOR%20white%5d%5cu05e2%5cu05d5%5cu05e0%5cu05d4%201%5b%2fCOLOR%5d%22%2c%20%22season%22%3a%200%2c%20%22TVshowtitle%22%3a%20%22%22%2c%20%22mediatype%22%3a%20%22movie%22%2c%20%22plot%22%3a%20%22%5bCOLOR%20aqua%5d%20%5cu05e9%5cu05d5%5cu05d3%5cu05e8%20%5cu05d1%5cu05ea%5cu05d0%5cu05e8%5cu05d9%5cu05da%2019-01-2020%5b%2fCOLOR%5d%5cnOne%20family%5cu2019s%20fight%20for%20survival%20in%20a%20future%20dystopian%20Madrid%20illustrates%20the%20disparity%20between%20two%20worlds%20separated%20by%20a%20fence%20%5cu2014%20and%20so%20much%20more.%22%2c%20%22OriginalTitle%22%3a%20%22The%20Barrier%22%2c%20%22Tag%22%3a%20%2216%22%2c%20%22year%22%3a%20%222020%22%7d&quot"/>
</include>

<!--
<include content="mainscreensessions">
<param name="sessionumber" value="7108"/>
<param name="labelnamethshow" value=""/>
<param name="tvhsowsseesioncontent" value=""/>
</include>
<include content="secondsession">
<param name="secondsessionid" value="7109"/>
<param name="labelnamethshow" value=""/>
<param name="secondsessionidcontent" value=""/>
</include>
-->

</control>

</include>

<include name="tvshowsmainscreen">
<definition>


<control type="group">
<posx>0</posx>
<animation effect="fade" time="450">VisibleChange</animation>
<visible>Container(9000).HasFocus(5)</visible>
<control type="multiimage">
<posx>0</posx>
<posy>0</posy>
<width>1320</width>
<height>550</height>
<fadetime>350</fadetime>
<imagepath flipx="true" diffuse="special://skin/extras/overlay/right_corner.png">$INFO[Container(3354).ListItem.Art(fanart)]</imagepath>
</control>
<control type="group">
<control type="label">
<posx>1920</posx>
<posy>10</posy>
<width>600</width>
<height>200</height>
<align>right</align>
<font>font-21-recommnded</font>
<scroll>true</scroll>
<scrolltime>5</scrolltime>
<label>$INFO[Container(3354).ListItem.Label]</label>
</control>
<control type="textbox">
<posx>1320</posx>
<posy>100</posy>
<width>600</width>
<height>150</height>
<align>right</align>
<autoscroll fade="3000" time="3000" repeat="3000"></autoscroll>
<label>$INFO[Container(3354).ListItem.Plot]</label>
</control>

<control type="image">
<visible>!IsEmpty(Container(3354).ListItem.Genre)</visible>
<posx>1880</posx>
<posy>280</posy>
<width>35</width>
<height>35</height>
<texture colordiffuse="gray">special://skin/extras/netflix/genres.png</texture>
</control>

<control type="textbox">
<posx>1260</posx>
<posy>272</posy>
<width>600</width>
<height>200</height>
<align>right</align>
<textcolor>burlywood</textcolor>
<label>[I]$INFO[Container(3354).ListItem.Genre][/I]</label>
</control>

<control type="textbox">
<visible>Integer.IsGreater(Container(3354).NumItems,0)</visible>
<posx>1320</posx>
<posy>380</posy>
<width>600</width>
<height>200</height>
<align>right</align>
<label>עונות: </label>
</control>

</control>

<control type="list" id="3354">
<posx>10</posx>
<posy>300</posy>
<width>1920</width>
<height>1200</height>
<onclick>Control.SetFocus(558)</onclick>
<onback>9000</onback>
<orientation>horizontal</orientation>
<scrolltime tween="sine" easing="inout">350</scrolltime>
<itemlayout width="285" height="50">
<control type="image">
<posx>-375</posx>
<posy>0</posy>
<width>1100</width>
<height>750</height>
<texture>special://skin/extras/specialbuttons/shadowposter.png</texture>
</control>
<control type="image">
<posx>0</posx>
<posy>150</posy>
<width>235</width>
<height>475</height>
<texture>$INFO[ListItem.Thumb]</texture>
</control>
<control type="image">
<posx>0</posx>
<posy>565</posy>
<width>235</width>
<height>60</height>
<texture>black.png</texture>
<colordiffuse>77000000</colordiffuse>
</control>
<control type="image">
<posx>0</posx>
<posy>565</posy>
<width>235</width>
<height>60</height>
<texture>black.png</texture>
<colordiffuse>77000000</colordiffuse>
</control>
<control type="label">
<posx>0</posx>
<posy>580</posy>
<width>250</width>
<height>200</height>
<align>center</align>
<textcolor>white</textcolor>
<label>[I][B]$INFO[ListItem.Year][/B][/I]</label>
</control>
</itemlayout>
<focusedlayout width="285" height="50">
<control type="image">
<animation effect="zoom" center="auto" start="100,100" end="101,101" time="150">Focus</animation>
<posx>-375</posx>
<posy>0</posy>
<width>1100</width>
<height>750</height>
<texture>special://skin/extras/specialbuttons/shadowposter.png</texture>
</control>
<control type="image">
<animation effect="zoom" center="auto" start="100,100" end="105,105" time="150">Focus</animation>
<posx>0</posx>
<posy>150</posy>
<width>235</width>
<height>475</height>
<texture>$INFO[ListItem.Thumb]</texture>
</control>
<control type="image">
<visible>Control.HasFocus(3354)</visible>
<posx>241</posx>
<posy>138</posy>
<width>10</width>
<height>499</height>
<texture colordiffuse="gray">white.png</texture>
</control>
<control type="image">
<animation effect="zoom" center="auto" start="100,100" end="105,138" time="150">Focus</animation>
<posx>0</posx>
<posy>565</posy>
<width>235</width>
<height>62</height>
<texture>black.png</texture>
<colordiffuse>77000000</colordiffuse>
</control>
<control type="image">
<animation effect="zoom" center="auto" start="100,100" end="105,138" time="150">Focus</animation>
<posx>0</posx>
<posy>565</posy>
<width>235</width>
<height>62</height>
<texture>black.png</texture>
<colordiffuse>77000000</colordiffuse>
</control>
<control type="label">
<posx>0</posx>
<posy>580</posy>
<width>250</width>
<height>200</height>
<align>center</align>
<textcolor>white</textcolor>
<label>[I][B]$INFO[ListItem.Year][/B][/I]</label>
</control>
</focusedlayout>
<content sortby="$PARAM[sortby]" sortorder="$PARAM[sortorder]">$PARAM[tvshowscontennt]</content>
</control>
</control>
</definition>
</include>


<include name="mainscreensessions">
<definition>
<control type="group">
<control type="image">
<animation condition="Control.HasFocus($PARAM[sessionumber])" effect="fade" start="100,100" end="85,85" time="150">Conditional</animation>
<animation condition="Control.HasFocus($PARAM[sessionumber])" effect="slide" start="0,0" end="1300,0" time="150">Conditional</animation>
<posx>-1500</posx>
<posy>0</posy>
<width>1100</width>
<height>400</height>
<texture border="40">special://skin/extras/common/roundedbutton-nofocus.png</texture>
</control>
<control type="label">
<visible>Control.HasFocus($PARAM[sessionumber])</visible>
<posx>180</posx>
<posy>50</posy>
<width>500</width>
<height>50</height>
<align>center</align>
<font>font-21-newrecommnded</font>
<label>$INFO[Container($PARAM[sessionumber]).ListItem.Episode, פרק]</label>
</control>
<control type="textbox">
<visible>Control.HasFocus($PARAM[sessionumber])</visible>
<posx>150</posx>
<posy>150</posy>
<width>600</width>
<height>150</height>
<align>center</align>
<autoscroll fade="3000" time="3000" repeat="3000"></autoscroll>
<label>$INFO[Container($PARAM[sessionumber]).ListItem.Plot]</label>
</control>
</control>
<control type="group">
<visible>String.Contains(Container(3354).ListItem.Label,$PARAM[labelnamethshow])</visible>
<animation effect="fade" time="450">VisibleChange</animation>
<control type="list" id="558">
<visible allowhiddenfocus="true">Container(9000).HasFocus(5)</visible>
<posx>1740</posx>
<posy>385</posy>
<width>500</width>
<height>40</height>
<onback>9000</onback>
<onleft>658</onleft>
<orientation>horizontal</orientation>
<itemlayout width="100" height="50">
<control type="image">
<posx>0</posx>
<posy>2</posy>
<width>100</width>
<height>35</height>
<bordertexture colordiffuse="gray">white.png</bordertexture>
<bordersize>1</bordersize>
<texture colordiffuse="black">white.png</texture>
</control>
<control type="label">
<posx>5</posx>
<posy>0</posy>
<width>100</width>
<height>50</height>
<align>center</align>
<label>$INFO[listitem.label]</label>
</control>
</itemlayout>
<focusedlayout width="100" height="50">
<control type="image">
<posx>0</posx>
<posy>2</posy>
<width>100</width>
<height>35</height>
<bordertexture colordiffuse="gray">white.png</bordertexture>
<bordersize>1</bordersize>
<texture colordiffuse="black">white.png</texture>
</control>
<control type="image">
<visible>Control.HasFocus(558)</visible>
<posx>2</posx>
<posy>4</posy>
<width>96</width>
<height>30</height>
<texture colordiffuse="red">white.png</texture>
</control>
<control type="label">
<posx>5</posx>
<posy>0</posy>
<width>100</width>
<height>50</height>
<align>center</align>
<label>[B]$INFO[listitem.label][/B]</label>
</control>
</focusedlayout>
<content>
<item id="1">
<label>$INFO[Container($PARAM[sessionumber]).ListItem.Season, עונה]</label>
<onclick>control.setfocus($PARAM[sessionumber])</onclick>
</item>
</content>
</control>

<control type="list" id="$PARAM[sessionumber]">
<visible allowhiddenfocus="true">Container(9000).HasFocus(5)</visible>
<posx>-12</posx>
<posy>940</posy>
<width>1940</width>
<height>300</height>
<onback>3354</onback>
<orientation>horizontal</orientation>
<itemlayout width="250" height="40">
<control type="image">
<posx>0</posx>
<posy>0</posy>
<width>280</width>
<height>100</height>
<texture>special://skin/extras/common/roundedbutton-nofocus.png</texture>
</control>
<control type="textbox">
<posx>30</posx>
<posy>10</posy>
<width>220</width>
<height>70</height>
<align>right</align>
<label>$INFO[listitem.label]</label>
</control>
</itemlayout>
<focusedlayout width="250" height="40">
<control type="image">
<visible>control.hasfocus($PARAM[sessionumber])</visible>
<posx>0</posx>
<posy>0</posy>
<width>280</width>
<height>100</height>
<texture>special://skin/extras/common/roundedbutton-focus.png</texture>
</control>
<control type="image">
<posx>0</posx>
<posy>0</posy>
<width>280</width>
<height>100</height>
<texture>special://skin/extras/common/roundedbutton-nofocus.png</texture>
</control>
<control type="textbox">
<posx>30</posx>
<posy>10</posy>
<width>220</width>
<height>70</height>
<align>right</align>
<label>$INFO[listitem.label]</label>
</control>
</focusedlayout>
<content>$PARAM[tvhsowsseesioncontent]</content>
</control>
</control>
</definition>
</include>




<include name="secondsession">
<definition>
<control type="group">
<control type="image">
<animation condition="Control.HasFocus($PARAM[secondsessionid])" effect="fade" start="100,100" end="85,85" time="150">Conditional</animation>
<animation condition="Control.HasFocus($PARAM[secondsessionid])" effect="slide" start="0,0" end="1300,0" time="150">Conditional</animation>
<posx>-1500</posx>
<posy>0</posy>
<width>1100</width>
<height>400</height>
<texture border="40">special://skin/extras/common/roundedbutton-nofocus.png</texture>
</control>
<control type="label">
<visible>Control.HasFocus($PARAM[secondsessionid])</visible>
<posx>180</posx>
<posy>50</posy>
<width>500</width>
<height>50</height>
<align>center</align>
<font>font-21-newrecommnded</font>
<label>$INFO[Container($PARAM[secondsessionid]).ListItem.Episode, פרק]</label>
</control>
<control type="textbox">
<visible>Control.HasFocus($PARAM[secondsessionid])</visible>
<posx>150</posx>
<posy>150</posy>
<width>600</width>
<height>150</height>
<align>center</align>
<autoscroll fade="3000" time="3000" repeat="3000"></autoscroll>
<label>$INFO[Container($PARAM[secondsessionid]).ListItem.Plot]</label>
</control>
</control>

<control type="group">
<visible>String.Contains(Container(3354).ListItem.Label,$PARAM[labelnamethshow])</visible>
<animation effect="fade" time="450">VisibleChange</animation>
<control type="list" id="658">
<visible allowhiddenfocus="true">Container(9000).HasFocus(5)</visible>
<posx>1620</posx>
<posy>385</posy>
<width>500</width>
<height>40</height>
<onback>9000</onback>
<onright>558</onright>
<orientation>horizontal</orientation>
<itemlayout width="100" height="50">
<control type="image">
<posx>0</posx>
<posy>2</posy>
<width>100</width>
<height>35</height>
<bordertexture colordiffuse="gray">white.png</bordertexture>
<bordersize>1</bordersize>
<texture colordiffuse="black">white.png</texture>
</control>
<control type="label">
<posx>5</posx>
<posy>0</posy>
<width>100</width>
<height>50</height>
<align>center</align>
<label>$INFO[listitem.label]</label>
</control>
</itemlayout>
<focusedlayout width="100" height="50">
<control type="image">
<posx>0</posx>
<posy>2</posy>
<width>100</width>
<height>35</height>
<bordertexture colordiffuse="gray">white.png</bordertexture>
<bordersize>1</bordersize>
<texture colordiffuse="black">white.png</texture>
</control>
<control type="image">
<visible>Control.HasFocus(658)</visible>
<posx>2</posx>
<posy>4</posy>
<width>96</width>
<height>30</height>
<texture colordiffuse="red">white.png</texture>
</control>
<control type="label">
<posx>5</posx>
<posy>0</posy>
<width>100</width>
<height>50</height>
<align>center</align>
<label>[B]$INFO[listitem.label][/B]</label>
</control>
</focusedlayout>
<content>
<item id="1">
<label>$INFO[Container($PARAM[secondsessionid]).ListItem.Season, עונה]</label>
<onclick>control.setfocus($PARAM[secondsessionid])</onclick>
</item>
</content>
</control>

<control type="group">
<control type="image">
<animation condition="Control.HasFocus($PARAM[secondsessionid]) | Control.HasFocus(658)" effect="slide" start="0,0" end="0,-450" time="150" tween="sine" easing="inout">Conditional</animation>
<posx>-200</posx>
<posy>1400</posy>
<width>2520</width>
<height>100</height>
<texture>special://skin/extras/common/context_middle.png</texture>
</control>
<control type="list" id="$PARAM[secondsessionid]">
<visible allowhiddenfocus="true">Control.HasFocus($PARAM[secondsessionid]) | Control.HasFocus(658)</visible>
<posx>-12</posx>
<posy>940</posy>
<width>1940</width>
<height>300</height>
<onback>3354</onback>
<orientation>horizontal</orientation>
<itemlayout width="250" height="40">
<control type="image">
<posx>0</posx>
<posy>0</posy>
<width>280</width>
<height>100</height>
<texture>special://skin/extras/common/roundedbutton-nofocus.png</texture>
</control>
<control type="label">
<posx>30</posx>
<posy>10</posy>
<width>220</width>
<height>50</height>
<align>right</align>
<label>$INFO[listitem.label]</label>
</control>
</itemlayout>
<focusedlayout width="250" height="40">
<control type="image">
<visible>control.hasfocus($PARAM[secondsessionid])</visible>
<posx>0</posx>
<posy>0</posy>
<width>280</width>
<height>100</height>
<texture>special://skin/extras/common/roundedbutton-focus.png</texture>
</control>
<control type="image">
<posx>0</posx>
<posy>0</posy>
<width>280</width>
<height>100</height>
<texture>special://skin/extras/common/roundedbutton-nofocus.png</texture>
</control>
<control type="label">
<posx>30</posx>
<posy>10</posy>
<width>220</width>
<height>50</height>
<align>right</align>
<label>$INFO[listitem.label]</label>
</control>
</focusedlayout>
<content>$PARAM[secondsessionidcontent]</content>
</control>
</control>
</control>
</definition>
</include>


</includes>
