<?xml version="1.0" encoding="UTF-8"?>

<includes>

<include name="mainscreenallmenusinthebuild">

			<control type="group">
			<visible allowhiddenfocus="true">Control.HasFocus(9821) | Container(1025).HasFocus(1)</visible>
			<animation condition="Control.HasFocus(9821) | Container(1025).HasFocus(1)" effect="fade" start="0" end="100" time="250">Conditional</animation>
			<control type="list" id="9821">
			<posx>830</posx>
			<posy>395</posy>
			<width>1920</width>
			<height>200</height>
			<onback>1025</onback>
			<ondown condition="Player.HasVideo">8005</ondown>
			<ondown condition="Player.HasAudio">535</ondown>
			<orientation>vertical</orientation>
			<itemlayout width="200" height="50">
			<control type="image">
			<posx>15</posx>
			<posy>10</posy>
			<width>185</width>
			<height>40</height>
			<bordertexture colordiffuse="gray">white.png</bordertexture>
			<bordersize>1</bordersize>
			<texture colordiffuse="black">white.png</texture>
			</control>
			<control type="label">
			<posx>5</posx>
			<posy>8</posy>
			<width>200</width>
			<height>50</height>
			<align>center</align>
			<label>$INFO[ListItem.Label]</label>
			</control>
			</itemlayout>
			<focusedlayout width="200" height="50">
			<control type="image">
			<posx>15</posx>
			<posy>10</posy>
			<width>185</width>
			<height>40</height>
			<bordertexture colordiffuse="gray">white.png</bordertexture>
			<bordersize>1</bordersize>
			<texture colordiffuse="black">white.png</texture>
			</control>
			<control type="image">
			<visible>control.hasfocus(9821)</visible>
			<posx>16</posx>
			<posy>12</posy>
			<width>182</width>
			<height>35</height>
			<texture colordiffuse="purple">white.png</texture>
			</control>
			<control type="label">
			<posx>5</posx>
			<posy>8</posy>
			<width>200</width>
			<height>50</height>
			<align>center</align>
			<label>$INFO[ListItem.Label]</label>
			</control>
			</focusedlayout>
			<content>
			<item>
				<label>ערוצי עידן</label>
				<onclick>ActivateWindow(6702)</onclick>
				</item>
				<item>
				<label>קשת V.O.D</label>
				<onclick>ActivateWindow(6801)</onclick>
				</item>
				<item>
				<label>רשת V.O.D</label>
				<onclick>ActivateWindow(6802)</onclick>
				</item>
				<item>
				<label>כאן 11 V.O.D</label>
				<onclick>ActivateWindow(6803)</onclick>
				</item>
				<item>
				<label>לוח שידורים</label>
				<onclick>RunAddon(script.hebivueguide)</onclick>
				</item>
				<item>
				<label>חפש תוכנית</label>
				<onclick>ActivateWindow(10025,&quot;plugin://plugin.video.idanplus/?iconimage=C%253A%255CUsers%255Cneta%255CAppData%255CRoaming%255CKodi%255Caddons%255Cplugin.video.idanplus%255Cicon.png&amp;mode=4&amp;module&amp;moredata&amp;name=%5bB%5d%d7%97%d7%99%d7%a4%d7%95%d7%a9%20%d7%aa%d7%9b%d7%a0%d7%99%d7%95%d7%aa%5b%2fB%5d&amp;url&quot;,return)</onclick>
				</item>
			</content>
		</control>
		</control>



			<control type="group">
			<visible allowhiddenfocus="true">Control.HasFocus(9822) | Container(1025).HasFocus(3)</visible>
			<animation condition="Control.HasFocus(9822) | Container(1025).HasFocus(3)" effect="fade" start="0" end="100" time="250">Conditional</animation>
			<animation condition="Window.IsActive(6708) | Window.IsActive(6709) | Window.IsActive(6710)" effect="fade" start="100" end="0" time="50">Conditional</animation>
			<control type="list" id="9822">
			<posx>830</posx>
			<posy>385</posy>
			<width>1920</width>
			<height>200</height>
			<onback>1025</onback>
			<ondown condition="Player.HasVideo">8005</ondown>
			<ondown condition="Player.HasAudio">535</ondown>
			<orientation>vertical</orientation>
			<itemlayout width="200" height="50">
			<control type="image">
			<posx>15</posx>
			<posy>10</posy>
			<width>185</width>
			<height>40</height>
			<bordertexture colordiffuse="gray">white.png</bordertexture>
			<bordersize>1</bordersize>
			<texture colordiffuse="black">white.png</texture>
			</control>
			<control type="label">
			<posx>5</posx>
			<posy>8</posy>
			<width>200</width>
			<height>50</height>
			<align>center</align>
			<label>$INFO[ListItem.Label]</label>
			</control>
			</itemlayout>
			<focusedlayout width="200" height="50">
			<control type="image">
			<posx>15</posx>
			<posy>10</posy>
			<width>185</width>
			<height>40</height>
			<bordertexture colordiffuse="gray">white.png</bordertexture>
			<bordersize>1</bordersize>
			<texture colordiffuse="black">white.png</texture>
			</control>
			<control type="image">
			<visible>control.hasfocus(9822)</visible>
			<posx>16</posx>
			<posy>12</posy>
			<width>182</width>
			<height>35</height>
			<texture colordiffuse="purple">white.png</texture>
			</control>
			<control type="label">
			<posx>5</posx>
			<posy>8</posy>
			<width>200</width>
			<height>50</height>
			<align>center</align>
			<label>$INFO[ListItem.Label]</label>
			</control>
			</focusedlayout>
			<content>
			<item>
				<label>סרטים ראשי</label>
				<onclick>ActivateWindow(6703)</onclick>
				</item>
			<item>
				<label>סרטים 1</label>
				<onclick>ActivateWindow(6708)</onclick>
				</item>
				<item>
				<label>סרטים 2</label>
				<onclick>ActivateWindow(6709)</onclick>
				</item>
				<item>
				<label>סרטים 3</label>
				<onclick>ActivateWindow(6710)</onclick>
				</item>
			<item>
				<label>סרטים ישראלים</label>
				<onclick>ActivateWindow(6106)</onclick>
				</item>
			<item>
				<label>סרטים 1-6</label>
				<onclick>ActivateWindow(6103)</onclick>
				</item>
			<item>
				<label>סרטים 7-12</label>
				<onclick>ActivateWindow(6104)</onclick>
				</item>
			<item>
				<label>סרטים 13-18</label>
				<onclick>ActivateWindow(6105)</onclick>
				</item>
			</content>
		</control>
		</control>


			<control type="group">
			<visible allowhiddenfocus="true">Control.HasFocus(9823) | Container(1025).HasFocus(16)</visible>
			<animation condition="Control.HasFocus(9823) | Container(1025).HasFocus(16)" effect="fade" start="0" end="100" time="250">Conditional</animation>
			<animation condition="Window.IsActive(6708) | Window.IsActive(6709) | Window.IsActive(6710)" effect="fade" start="100" end="0" time="50">Conditional</animation>
			<control type="list" id="9823">
			<posx>780</posx>
			<posy>370</posy>
			<width>1920</width>
			<height>400</height>
			<onback>1025</onback>
			<ondown condition="Player.HasVideo">8005</ondown>
			<ondown condition="Player.HasAudio">535</ondown>
			<orientation>vertical</orientation>
			<itemlayout width="200" height="50">
			<control type="image">
			<posx>35</posx>
			<posy>10</posy>
			<width>250</width>
			<height>40</height>
			<bordertexture colordiffuse="gray">white.png</bordertexture>
			<bordersize>1</bordersize>
			<texture colordiffuse="black">white.png</texture>
			</control>
			<control type="label">
			<posx>0</posx>
			<posy>8</posy>
			<width>320</width>
			<height>50</height>
			<align>center</align>
			<label>$INFO[ListItem.Label]</label>
			</control>
			</itemlayout>
			<focusedlayout width="200" height="50">
			<control type="image">
			<posx>35</posx>
			<posy>10</posy>
			<width>250</width>
			<height>40</height>
			<bordertexture colordiffuse="gray">white.png</bordertexture>
			<bordersize>1</bordersize>
			<texture colordiffuse="black">white.png</texture>
			</control>
			<control type="image">
			<visible>control.hasfocus(9823)</visible>
			<posx>35</posx>
			<posy>12</posy>
			<width>250</width>
			<height>35</height>
			<texture colordiffuse="purple">white.png</texture>
			</control>
			<control type="label">
			<posx>0</posx>
			<posy>8</posy>
			<width>320</width>
			<height>50</height>
			<align>center</align>
			<label>$INFO[ListItem.Label]</label>
			</control>
			</focusedlayout>
			<content>
			<item>
			<label>טלנובלה</label>
			<onclick>Dialog.Close(1100)</onclick>
			<onclick>ActivateWindow(10025,&quot;plugin://plugin.video.sdarot.tv/genre/13/0&quot;,return)</onclick>
			</item>
			<item>
			<label>טלנובלות ברזילאיות</label>
			<onclick>Dialog.Close(1100)</onclick>
			<onclick>ActivateWindow(10025,&quot;plugin://plugin.video.sdarot.tv/genre/54/0&quot;,return)</onclick>
			</item>
			<item>
			<label>טלנובלות טורקיות</label>
			<onclick>Dialog.Close(1100)</onclick>
			<onclick>ActivateWindow(10025,&quot;plugin://plugin.video.sdarot.tv/genre/50/0&quot;,return)</onclick>
			</item>
			<item>
			<label>טלנובלות ספרדיות</label>
			<onclick>Dialog.Close(1100)</onclick>
			<onclick>ActivateWindow(10025,&quot;plugin://plugin.video.sdarot.tv/genre/52/0&quot;,return)</onclick>
			</item>
			<item>
			<label>טלנובלות קוריאניות</label>
			<onclick>Dialog.Close(1100)</onclick>
			<onclick>ActivateWindow(10025,&quot;plugin://plugin.video.sdarot.tv/genre/51/0&quot;,return)</onclick>
			</item>
			</content>
		</control>
		</control>




			<control type="group">
			<visible allowhiddenfocus="true">Control.HasFocus(9824) | Container(1025).HasFocus(7)</visible>
			<animation condition="Control.HasFocus(9824) | Container(1025).HasFocus(7)" effect="fade" start="0" end="100" time="250">Conditional</animation>
			<animation condition="Window.IsActive(6708) | Window.IsActive(6709) | Window.IsActive(6710)" effect="fade" start="100" end="0" time="50">Conditional</animation>
			<control type="list" id="9824">
			<posx>780</posx>
			<posy>400</posy>
			<width>1920</width>
			<height>400</height>
			<onback>1025</onback>
			<ondown condition="Player.HasVideo">8005</ondown>
			<ondown condition="Player.HasAudio">535</ondown>
			<orientation>vertical</orientation>
			<itemlayout width="200" height="50">
			<control type="image">
			<posx>35</posx>
			<posy>10</posy>
			<width>250</width>
			<height>40</height>
			<bordertexture colordiffuse="gray">white.png</bordertexture>
			<bordersize>1</bordersize>
			<texture colordiffuse="black">white.png</texture>
			</control>
			<control type="label">
			<posx>0</posx>
			<posy>8</posy>
			<width>320</width>
			<height>50</height>
			<align>center</align>
			<label>$INFO[ListItem.Label]</label>
			</control>
			</itemlayout>
			<focusedlayout width="200" height="50">
			<control type="image">
			<posx>35</posx>
			<posy>10</posy>
			<width>250</width>
			<height>40</height>
			<bordertexture colordiffuse="gray">white.png</bordertexture>
			<bordersize>1</bordersize>
			<texture colordiffuse="black">white.png</texture>
			</control>
			<control type="image">
			<visible>control.hasfocus(9824)</visible>
			<posx>35</posx>
			<posy>12</posy>
			<width>250</width>
			<height>35</height>
			<texture colordiffuse="purple">white.png</texture>
			</control>
			<control type="label">
			<posx>0</posx>
			<posy>8</posy>
			<width>320</width>
			<height>50</height>
			<align>center</align>
			<label>$INFO[ListItem.Label]</label>
			</control>
			</focusedlayout>
			<content>
			<item>
				<label>ערוצי רדיו</label>
				<onclick>ActivateWindow(6707)</onclick>
				</item>
			<item>
				<label>ערוצים לייב</label>
				<onclick>ActivateWindow(6601)</onclick>
				</item>
			<item>
				<label>ז'אנרים</label>
				<onclick>ActivateWindow(6602)</onclick>
			</item>
			<item>
				<label>קליפים</label>
				<onclick>ActivateWindow(6603)</onclick>
			</item>
			</content>
		</control>
		</control>



			<control type="group">
			<visible allowhiddenfocus="true">Control.HasFocus(9825) | Container(1025).HasFocus(17)</visible>
			<animation condition="Control.HasFocus(9825) | Container(1025).HasFocus(17)" effect="fade" start="0" end="100" time="250">Conditional</animation>
			<animation condition="Window.IsActive(6708) | Window.IsActive(6709) | Window.IsActive(6710)" effect="fade" start="100" end="0" time="50">Conditional</animation>
			<control type="list" id="9825">
			<posx>780</posx>
			<posy>385</posy>
			<width>1920</width>
			<height>200</height>
			<onback>1025</onback>
			<ondown condition="Player.HasVideo">8005</ondown>
			<ondown condition="Player.HasAudio">535</ondown>
			<orientation>vertical</orientation>
			<itemlayout width="200" height="50">
			<control type="image">
			<posx>35</posx>
			<posy>10</posy>
			<width>250</width>
			<height>40</height>
			<bordertexture colordiffuse="gray">white.png</bordertexture>
			<bordersize>1</bordersize>
			<texture colordiffuse="black">white.png</texture>
			</control>
			<control type="label">
			<posx>0</posx>
			<posy>8</posy>
			<width>320</width>
			<height>50</height>
			<align>center</align>
			<label>$INFO[ListItem.Label]</label>
			</control>
			</itemlayout>
			<focusedlayout width="200" height="50">
			<control type="image">
			<posx>35</posx>
			<posy>10</posy>
			<width>250</width>
			<height>40</height>
			<bordertexture colordiffuse="gray">white.png</bordertexture>
			<bordersize>1</bordersize>
			<texture colordiffuse="black">white.png</texture>
			</control>
			<control type="image">
			<visible>control.hasfocus(9825)</visible>
			<posx>35</posx>
			<posy>12</posy>
			<width>250</width>
			<height>35</height>
			<texture colordiffuse="purple">white.png</texture>
			</control>
			<control type="label">
			<posx>0</posx>
			<posy>8</posy>
			<width>320</width>
			<height>50</height>
			<align>center</align>
			<label>$INFO[ListItem.Label]</label>
			</control>
			</focusedlayout>
			<content>
			<item>
				<label>ספורט 1</label>
				<onclick>ActivateWindow(6500)</onclick>
				</item>
			<item>
				<label>ספורט 2</label>
				<onclick>ActivateWindow(6501)</onclick>
				</item>
			<item>
				<label>ספורט 3</label>
				<onclick>ActivateWindow(6502)</onclick>
			</item>
			<item>
				<label>ספורט 4</label>
				<onclick>ActivateWindow(6503)</onclick>
			</item>
			<item>
				<label>ספורט 5</label>
				<onclick>ActivateWindow(6504)</onclick>
			</item>
			<item>
				<label>ספורט 6</label>
				<onclick>ActivateWindow(6505)</onclick>
			</item>
			</content>
		</control>
		</control>




			<control type="group">
			<visible allowhiddenfocus="true">Control.HasFocus(9828) | Container(1025).HasFocus(18)</visible>
			<animation condition="Control.HasFocus(9828) | Container(1025).HasFocus(18)" effect="fade" start="0" end="100" time="250">Conditional</animation>
			<animation condition="Window.IsActive(6708) | Window.IsActive(6709) | Window.IsActive(6710)" effect="fade" start="100" end="0" time="50">Conditional</animation>
			<control type="list" id="9828">
			<posx>780</posx>
			<posy>385</posy>
			<width>1920</width>
			<height>200</height>
			<onback>1025</onback>
			<ondown condition="Player.HasVideo">8005</ondown>
			<ondown condition="Player.HasAudio">535</ondown>
			<orientation>vertical</orientation>
			<itemlayout width="200" height="50">
			<control type="image">
			<posx>35</posx>
			<posy>10</posy>
			<width>250</width>
			<height>40</height>
			<bordertexture colordiffuse="gray">white.png</bordertexture>
			<bordersize>1</bordersize>
			<texture colordiffuse="black">white.png</texture>
			</control>
			<control type="label">
			<posx>0</posx>
			<posy>8</posy>
			<width>320</width>
			<height>50</height>
			<align>center</align>
			<label>$INFO[ListItem.Label]</label>
			</control>
			</itemlayout>
			<focusedlayout width="200" height="50">
			<control type="image">
			<posx>35</posx>
			<posy>10</posy>
			<width>250</width>
			<height>40</height>
			<bordertexture colordiffuse="gray">white.png</bordertexture>
			<bordersize>1</bordersize>
			<texture colordiffuse="black">white.png</texture>
			</control>
			<control type="image">
			<visible>control.hasfocus(9828)</visible>
			<posx>35</posx>
			<posy>12</posy>
			<width>250</width>
			<height>35</height>
			<texture colordiffuse="purple">white.png</texture>
			</control>
			<control type="label">
			<posx>0</posx>
			<posy>8</posy>
			<width>320</width>
			<height>50</height>
			<align>center</align>
			<label>$INFO[ListItem.Label]</label>
			</control>
			</focusedlayout>
			<content>
			<item>
			<label>[B]חפש סדרה[/B]</label>
			<onclick>Dialog.Close(1100)</onclick>
			<onclick>ActivateWindow(10025,&quot;plugin://plugin.video.sdarot.tv/search/0&quot;,return)</onclick>
			</item>	
			<item>
			<label>אנימציה</label>
			<onclick>Dialog.Close(1100)</onclick>
			<onclick>ActivateWindow(10025,&quot;plugin://plugin.video.sdarot.tv/genre/7/0&quot;,return)</onclick>
			</item>	
			<item>
			<label>ילדים</label>
			<onclick>Dialog.Close(1100)</onclick>
			<onclick>ActivateWindow(10025,&quot;plugin://plugin.video.sdarot.tv/genre/38/0&quot;,return)</onclick>
			</item>
			<item>
			<label>אנימה</label>
			<onclick>Dialog.Close(1100)</onclick>
			<onclick>ActivateWindow(10025,&quot;plugin://plugin.video.sdarot.tv/genre/18/0&quot;,return)</onclick>
			</item>
			<item>
			<label>דוקומנטרי</label>
			<onclick>Dialog.Close(1100)</onclick>
			<onclick>ActivateWindow(10025,&quot;plugin://plugin.video.sdarot.tv/genre/9/0&quot;,return)</onclick>
			</item>	
			<item>
			<label>אוכל</label>
			<onclick>Dialog.Close(1100)</onclick>
			<onclick>ActivateWindow(10025,&quot;plugin://plugin.video.sdarot.tv/genre/33/0&quot;,return)</onclick>
			</item>
			<item>
			<label>הרפתקאות</label>
			<onclick>Dialog.Close(1100)</onclick>
			<onclick>ActivateWindow(10025,&quot;plugin://plugin.video.sdarot.tv/genre/6/0&quot;,return)</onclick>
			</item>
			<item>
			<label>פעולה</label>
			<onclick>Dialog.Close(1100)</onclick>
			<onclick>ActivateWindow(10025,&quot;plugin://plugin.video.sdarot.tv/genre/3/0&quot;,return)</onclick>
			</item>	
			<item>
			<label>דרמה</label>
			<onclick>Dialog.Close(1100)</onclick>
			<onclick>ActivateWindow(10025,&quot;plugin://plugin.video.sdarot.tv/genre/2/0&quot;,return)</onclick>
			</item>
			<item>
			<label>רומנטיקה</label>
			<onclick>Dialog.Close(1100)</onclick>
			<onclick>ActivateWindow(10025,&quot;plugin://plugin.video.sdarot.tv/genre/15/0&quot;,return)</onclick>
			</item>
			<item>
			<label>מדע בדיוני</label>
			<onclick>Dialog.Close(1100)</onclick>
			<onclick>ActivateWindow(10025,&quot;plugin://plugin.video.sdarot.tv/genre/5/0&quot;,return)</onclick>
			</item>
			<item>
			<label>קומדיה</label>
			<onclick>Dialog.Close(1100)</onclick>
			<onclick>ActivateWindow(10025,&quot;plugin://plugin.video.sdarot.tv/genre/1/0&quot;,return)</onclick>
			</item>
			<item>
			<label>מתח</label>
			<onclick>Dialog.Close(1100)</onclick>
			<onclick>ActivateWindow(10025,&quot;plugin://plugin.video.sdarot.tv/genre/4/0&quot;,return)</onclick>
			</item>
			<item>
			<label>משפחה</label>
			<onclick>Dialog.Close(1100)</onclick>
			<onclick>ActivateWindow(10025,&quot;plugin://plugin.video.sdarot.tv/genre/10/0&quot;,return)</onclick>
			</item>
			<item>
			<label>מסתורין</label>
			<onclick>Dialog.Close(1100)</onclick>
			<onclick>ActivateWindow(10025,&quot;plugin://plugin.video.sdarot.tv/genre/14/0&quot;,return)</onclick>
			</item>
			<item>
			<label>ישראלי</label>
			<onclick>Dialog.Close(1100)</onclick>
			<onclick>ActivateWindow(10025,&quot;plugin://plugin.video.sdarot.tv/genre/20/0&quot;,return)</onclick>
			</item>
			<item>
			<label>שעשועון</label>
			<onclick>Dialog.Close(1100)</onclick>
			<onclick>ActivateWindow(10025,&quot;plugin://plugin.video.sdarot.tv/genre/27/0&quot;,return)</onclick>
			</item>
			<item>
			<label>טלנובלה</label>
			<onclick>Dialog.Close(1100)</onclick>
			<onclick>ActivateWindow(10025,&quot;plugin://plugin.video.sdarot.tv/genre/13/0&quot;,return)</onclick>
			</item>
			<item>
			<label>טלנובלות ברזילאיות</label>
			<onclick>Dialog.Close(1100)</onclick>
			<onclick>ActivateWindow(10025,&quot;plugin://plugin.video.sdarot.tv/genre/54/0&quot;,return)</onclick>
			</item>
			<item>
			<label>טלנובלות טורקיות</label>
			<onclick>Dialog.Close(1100)</onclick>
			<onclick>ActivateWindow(10025,&quot;plugin://plugin.video.sdarot.tv/genre/50/0&quot;,return)</onclick>
			</item>
			<item>
			<label>טלנובלות ספרדיות</label>
			<onclick>Dialog.Close(1100)</onclick>
			<onclick>ActivateWindow(10025,&quot;plugin://plugin.video.sdarot.tv/genre/52/0&quot;,return)</onclick>
			</item>
			<item>
			<label>טלנובלות קוריאניות</label>
			<onclick>Dialog.Close(1100)</onclick>
			<onclick>ActivateWindow(10025,&quot;plugin://plugin.video.sdarot.tv/genre/51/0&quot;,return)</onclick>
			</item>
			<item>
			<label>HBO</label>
			<onclick>Dialog.Close(1100)</onclick>
			<onclick>ActivateWindow(10025,&quot;plugin://plugin.video.sdarot.tv/genre/53/0&quot;,return)</onclick>
			</item>
			<item>
			<label>אמזון</label>
			<onclick>Dialog.Close(1100)</onclick>
			<onclick>ActivateWindow(10025,&quot;plugin://plugin.video.sdarot.tv/genre/49/0&quot;,return)</onclick>
			</item>
			<item>
			<label>דיסני</label>
			<onclick>Dialog.Close(1100)</onclick>
			<onclick>ActivateWindow(10025,&quot;plugin://plugin.video.sdarot.tv/genre/55/0&quot;,return)</onclick>
			</item>
			</content>
		</control>
		</control>

			</include>


<include name="seriastvshowsmainmenu">
			<control type="group">
			<control type="list" id="8823">
			<posx>-15</posx>
			<posy>240</posy>
			<width>1940</width>
			<height>400</height>
			<onback>1286</onback>
			<ondown condition="!Player.HasAudio">1256</ondown>
			<ondown condition="Player.HasVideo">8005</ondown>
			<ondown condition="Player.HasAudio">535</ondown>
			<orientation>horizontal</orientation>
			<itemlayout width="200" height="50">
			<control type="image">
			<posx>15</posx>
			<posy>10</posy>
			<width>185</width>
			<height>40</height>
			<bordertexture colordiffuse="gray">white.png</bordertexture>
			<bordersize>1</bordersize>
			<texture colordiffuse="black">white.png</texture>
			</control>
			<control type="label">
			<posx>5</posx>
			<posy>8</posy>
			<width>200</width>
			<height>50</height>
			<align>center</align>
			<label>$INFO[ListItem.Label]</label>
			</control>
			</itemlayout>
			<focusedlayout width="200" height="50">
			<control type="image">
			<posx>15</posx>
			<posy>10</posy>
			<width>185</width>
			<height>40</height>
			<bordertexture colordiffuse="gray">white.png</bordertexture>
			<bordersize>1</bordersize>
			<texture colordiffuse="black">white.png</texture>
			</control>
			<control type="image">
			<visible>control.hasfocus(8823)</visible>
			<posx>16</posx>
			<posy>12</posy>
			<width>182</width>
			<height>35</height>
			<texture colordiffuse="gray">white.png</texture>
			</control>
			<control type="label">
			<posx>5</posx>
			<posy>8</posy>
			<width>200</width>
			<height>50</height>
			<align>center</align>
			<label>$INFO[ListItem.Label]</label>
			</control>
			</focusedlayout>
			<content>
			<item>
				<label>נוסטלגיה</label>
				<onclick>ActivateWindow(6300)</onclick>
			</item>
			<item>
				<label>פשע 1</label>
				<onclick>ActivateWindow(6301)</onclick>
				</item>
			<item>
				<label>פעולה</label>
				<onclick>ActivateWindow(6407)</onclick>
				</item>
			<item>
				<label>קומדיה 1</label>
				<onclick>ActivateWindow(6302)</onclick>
			</item>
			<item>
				<label>קומדיה 2</label>
				<onclick>ActivateWindow(6403)</onclick>
			</item>
			<item>
				<label>דרמה</label>
				<onclick>ActivateWindow(6401)</onclick>
			</item>
			<item>
				<label>משפחה</label>
				<onclick>ActivateWindow(6408)</onclick>
			</item>
			<item>
				<label>מ.בדיוני</label>
				<onclick>ActivateWindow(6402)</onclick>
			</item>
			<item>
				<label>אוכל</label>
				<onclick>ActivateWindow(6307)</onclick>
			</item>
			<item>
				<label>דוקומנטרי</label>
				<onclick>ActivateWindow(6406)</onclick>
			</item>
			<item>
				<label>טבע</label>
				<onclick>ActivateWindow(6404)</onclick>
			</item>
			<item>
				<label>פרקים אחרונים</label>
				<onclick>ActivateWindow(6711)</onclick>
			</item>
			</content>
			</control>
			</control>
			</include>


<include name="kidsseriastvshowsmainmenu">
			<control type="group">
			<control type="list" id="8823">
			<posx>-15</posx>
			<posy>240</posy>
			<width>1920</width>
			<height>400</height>
			<onback>1286</onback>
			<ondown condition="Player.HasVideo">8005</ondown>
			<ondown condition="Player.HasAudio">535</ondown>
			<orientation>horizontal</orientation>
			<itemlayout width="200" height="50">
			<control type="image">
			<posx>15</posx>
			<posy>10</posy>
			<width>185</width>
			<height>40</height>
			<bordertexture colordiffuse="gray">white.png</bordertexture>
			<bordersize>1</bordersize>
			<texture colordiffuse="black">white.png</texture>
			</control>
			<control type="label">
			<posx>5</posx>
			<posy>8</posy>
			<width>200</width>
			<height>50</height>
			<align>center</align>
			<label>$INFO[ListItem.Label]</label>
			</control>
			</itemlayout>
			<focusedlayout width="200" height="50">
			<control type="image">
			<posx>15</posx>
			<posy>10</posy>
			<width>185</width>
			<height>40</height>
			<bordertexture colordiffuse="gray">white.png</bordertexture>
			<bordersize>1</bordersize>
			<texture colordiffuse="black">white.png</texture>
			</control>
			<control type="image">
			<visible>control.hasfocus(8823)</visible>
			<posx>16</posx>
			<posy>12</posy>
			<width>182</width>
			<height>35</height>
			<texture colordiffuse="gray">white.png</texture>
			</control>
			<control type="label">
			<posx>5</posx>
			<posy>8</posy>
			<width>200</width>
			<height>50</height>
			<align>center</align>
			<label>$INFO[ListItem.Label]</label>
			</control>
			</focusedlayout>
			<content>
			<item>
				<label>מדובב 1</label>
				<onclick>ActivateWindow(6304)</onclick>
			</item>
			<item>
				<label>מדובב 2</label>
				<onclick>ActivateWindow(6305)</onclick>
				</item>
			<item>
				<label>מדובב 3</label>
				<onclick>ActivateWindow(6306)</onclick>
			</item>
			<item>
				<label>מדובב 4</label>
				<onclick>ActivateWindow(6308)</onclick>
			</item>
			<item>
				<label>אנימציה</label>
				<onclick>ActivateWindow(6405)</onclick>
			</item>
			</content>
			</control>
			</control>
			</include>

</includes>
