<?xml version="1.0" encoding="UTF-8"?>




<includes>
 
 
<include name="basedbuttonstvshow">
<definition>
<control type="list" id="1286">
<posx>220</posx>
<posy>1020</posy>
<width>1920</width>
<height>400</height>
<onback>8823</onback>
<onup>1256</onup>
<orientation>horizontal</orientation>
<itemlayout width="340" height="40">
<control type="image">
<posx>300</posx>
<posy>14</posy>
<width>20</width>
<height>20</height>
<texture>$INFO[ListItem.Thumb]</texture>
</control>
<control type="label">
<posx>0</posx>
<posy>0</posy>
<width>280</width>
<height>40</height>
<align>right</align>
<label>$INFO[ListItem.Label]</label>
</control>
</itemlayout>
<focusedlayout width="340" height="40">
<control type="image">
<animation effect="zoom" center="auto" start="100,100" end="150,150" time="100">Focus</animation>
<posx>300</posx>
<posy>14</posy>
<width>20</width>
<height>20</height>
<texture>$INFO[ListItem.Thumb]</texture>
</control>
<control type="label">
<visible>!control.hasfocus(1286)</visible>
<posx>0</posx>
<posy>0</posy>
<width>280</width>
<height>40</height>
<align>right</align>
<label>$INFO[ListItem.Label]</label>
</control>
<control type="label">
<visible>control.hasfocus(1286)</visible>
<posx>0</posx>
<posy>0</posy>
<width>280</width>
<height>40</height>
<align>right</align>
<textcolor>gray</textcolor>
<label>$INFO[ListItem.Label]</label>
</control>
</focusedlayout>
<content>
<item id="1">
<thumb>special://skin/extras/circles/circle-blue.png</thumb>
<label>לתפריט העליון</label>
<onclick>Control.SetFocus(8823)</onclick>
</item>
<item id="2">
<thumb>special://skin/extras/circles/circle-yellow.png</thumb>
<label>חזרה לרשימה</label>
<onclick>Control.SetFocus(1256)</onclick>
</item>
<item id="3">
<thumb>special://skin/extras/circles/circle-green.png</thumb>
<label>לכל התוכניות</label>
<onclick>Dialog.Close($PARAM[dialogcliseid])</onclick>
<onclick>$PARAM[opengenrewindow]</onclick>
</item>
<item id="4">
<thumb>special://skin/extras/circles/circlered.png</thumb>
<label>יציאה מהחלון</label>
<onclick>Dialog.Close($PARAM[dialogcliseid])</onclick>
</item>
<item id="5">
<thumb>special://skin/extras/circles/circlered.png</thumb>
<label>יציאה מכל החלונות</label>
<onclick>Dialog.Close(all,true)</onclick>
</item>
</content>
</control>
</definition>
</include>

<include name="tvshowpowersmainscreen">
<definition>
<control type="group">
<control type="image">
<posx>1418</posx>
<posy>200</posy>
<width>550</width>
<height>422</height>
<texture>black.png</texture>
</control>
<control type="image">
<posx>0</posx>
<posy>200</posy>
<width>1410</width>
<height>422</height>
<texture>black.png</texture>
</control>
<control type="label">
<posx>1920</posx>
<posy>200</posy>
<width>250</width>
<height>40</height>
<align>right</align>
<label>עונה</label>
</control>
<control type="image">
<posx>1420</posx>
<posy>255</posy>
<width>480</width>
<height>1</height>
<texture>special://skin/extras/info/infopanel_line.png</texture>
</control>

<control type="multiimage">
<posx>0</posx>
<posy>200</posy>
<width>270</width>
<height>420</height>
<fadetime>350</fadetime>
<imagepath>$INFO[Container($PARAM[tvshowid]).ListItem.Thumb]</imagepath>
</control>

<control type="textbox">
<animation condition="!Integer.IsGreater(Container(1256).NumItems,0)" effect="fade" start="0" end="100" time="1100" pulse="true">Conditional</animation>
<visible>!Integer.IsGreater(Container(1256).NumItems,0)</visible>
<posx>500</posx>
<posy>400</posy>
<width>400</width>
<height>240</height>
<align>center</align>
<label>טוען רשימת סדרות הטעינה יכולה לקחת מספר שניות...</label>
</control>

<control type="group">
<visible>Control.HasFocus(1286) | control.hasfocus(1256) | control.hasfocus(888) | control.hasfocus(889) | control.hasfocus(890) | control.hasfocus(891) | control.hasfocus(892) | control.hasfocus(893) | Control.HasFocus(8823)</visible>
<control type="multiimage">
<posx>0</posx>
<posy>200</posy>
<width>270</width>
<height>420</height>
<fadetime>350</fadetime>
<imagepath>$INFO[Container($PARAM[tvshowid]).ListItem.Thumb]</imagepath>
</control>
<control type="label">
<posx>1400</posx>
<posy>200</posy>
<width>1000</width>
<height>40</height>
<align>right</align>
<font>font-21-recommnded</font>
<label>$INFO[Container($PARAM[tvshowid]).ListItem.Label]</label>
</control>
<control type="textbox">
<autoscroll fade="3000" time="3000" repeat="3000"></autoscroll>
<posx>400</posx>
<posy>465</posy>
<width>1000</width>
<height>150</height>
<align>right</align>
<label>$INFO[Container($PARAM[tvshowid]).ListItem.Plot]</label>
</control>
<control type="label">
<posx>1410</posx>
<posy>300</posy>
<width>1000</width>
<height>50</height>
<align>right</align>
<label>[COLOR gray]$INFO[Container($PARAM[tvshowid]).ListItem.Genre][/COLOR] [COLOR white] סגנון: [/COLOR]</label>
</control>
<control type="label">
<posx>1410</posx>
<posy>340</posy>
<width>1000</width>
<height>50</height>
<align>right</align>
<label>[COLOR gray]$INFO[Container($PARAM[tvshowid]).ListItem.Year][/COLOR] [COLOR white] שנה: [/COLOR]</label>
</control>
</control>

<control type="list" id="$PARAM[tvshowid]">
<visible allowhiddenfocus="true">Control.HasFocus(1256) | Control.HasFocus(1286) | Control.HasFocus(8823)</visible>
<posx>1420</posx>
<posy>260</posy>
<width>1300</width>
<height>360</height>
<onclick>Control.SetFocus(945)</onclick>
<onback>8823</onback>
<orientation>vertical</orientation>
<scrolltime tween="sine" easing="inout">350</scrolltime>
<preloaditems>2</preloaditems>
<itemlayout width="220" height="40">
<control type="image">
<posx>0</posx>
<posy>5</posy>
<width>500</width>
<height>35</height>
<texture colordiffuse="99444444">white.png</texture>
</control>
<control type="label">
<posx>0</posx>
<posy>0</posy>
<width>500</width>
<height>40</height>
<align>right</align>
<label>$INFO[ListItem.Label]</label>
</control>
</itemlayout>
<focusedlayout width="220" height="40">
<control type="image">
<posx>0</posx>
<posy>5</posy>
<width>500</width>
<height>35</height>
<texture colordiffuse="99444444">white.png</texture>
</control>
<control type="image">
<visible>control.hasfocus($PARAM[tvshowid])</visible>
<posx>0</posx>
<posy>5</posy>
<width>500</width>
<height>35</height>
<texture colordiffuse="gray">white.png</texture>
</control>
<control type="label">
<visible>!control.hasfocus($PARAM[tvshowid])</visible>
<posx>0</posx>
<posy>0</posy>
<width>500</width>
<height>40</height>
<align>right</align>
<textcolor>white</textcolor>
<label>$INFO[ListItem.Label]</label>
</control>
<control type="label">
<visible>control.hasfocus($PARAM[tvshowid])</visible>
<posx>0</posx>
<posy>0</posy>
<width>500</width>
<height>40</height>
<align>right</align>
<shadowcolor>white</shadowcolor>
<label>$INFO[ListItem.Label]</label>
</control>
</focusedlayout>
<content sortby="dateadded" sortorder="descending">$PARAM[tvshowcontent]</content>
</control>
</control>

</definition>
</include>



<include name="firstsession">
<definition>
<control type="group">
<visible>String.Contains(Container(1256).ListItem.Label,$PARAM[tvshowlabelname])</visible>
<control type="label">
<animation condition="!Integer.IsGreater(Container($PARAM[firstsissonid]).NumItems,0)" effect="fade" start="0" end="100" time="1100" pulse="true">Conditional</animation>
<visible>!Integer.IsGreater(Container($PARAM[firstsissonid]).NumItems,0)</visible>
<posx>400</posx>
<posy>100</posy>
<width>1000</width>
<height>50</height>
<align>center</align>
<label>[B][COLOR deepskyblue]$INFO[Control.GetLabel(1256)][/COLOR] [COLOR white] טוען פרקים לסדרה: [/COLOR][/B]</label>
</control>
<control type="group">
<visible>control.hasfocus($PARAM[firstsissonid]) | Control.HasFocus(945)</visible>
<control type="multiimage">
<posx>0</posx>
<posy>200</posy>
<width>470</width>
<height>420</height>
<fadetime>350</fadetime>
<imagepath>$INFO[Container($PARAM[firstsissonid]).ListItem.Art(fanart)]</imagepath>
</control>
<control type="label">
<posx>1400</posx>
<posy>200</posy>
<width>1000</width>
<height>40</height>
<align>right</align>
<font>font-21-recommnded</font>
<label>$INFO[Container($PARAM[firstsissonid]).ListItem.Label]</label>
</control>
<control type="textbox">
<autoscroll fade="3000" time="3000" repeat="3000"></autoscroll>
<posx>450</posx>
<posy>465</posy>
<width>950</width>
<height>150</height>
<align>right</align>
<label>$INFO[Container($PARAM[firstsissonid]).ListItem.Plot]</label>
</control>
<control type="label">
<posx>1410</posx>
<posy>300</posy>
<width>1000</width>
<height>50</height>
<align>right</align>
<label>[COLOR gray]$INFO[Container(1256).ListItem.Genre][/COLOR] [COLOR white] סגנון: [/COLOR]</label>
</control>
<control type="label">
<posx>1410</posx>
<posy>340</posy>
<width>1000</width>
<height>50</height>
<align>right</align>
<label>[COLOR gray]$INFO[Container(1256).ListItem.Year][/COLOR] [COLOR white] שנה: [/COLOR]</label>
</control>
</control>

<control type="group">
<visible>Control.HasFocus(1286) | Control.HasFocus(1256) | Control.HasFocus(945) | Control.HasFocus($PARAM[firstsissonid]) | Control.HasFocus(8823)</visible>
<control type="label">
<posx>1410</posx>
<posy>380</posy>
<width>1000</width>
<height>50</height>
<align>right</align>
<label>[COLOR gray]$INFO[Container($PARAM[firstsissonid]).ListItem.Season][/COLOR] [COLOR white] עונה: [/COLOR]</label>
</control>
<control type="label">
<posx>1410</posx>
<posy>420</posy>
<width>1000</width>
<height>50</height>
<align>right</align>
<label>[COLOR gray]$INFO[Container($PARAM[firstsissonid]).ListItem.Episode][/COLOR] [COLOR white] פרק: [/COLOR]</label>
</control>
</control>
<control type="list" id="945">
<posx>1700</posx>
<posy>200</posy>
<width>1200</width>
<height>500</height>
<onback>1256</onback>
<onleft>888</onleft>
<orientation>horizontal</orientation>
<scrolltime tween="sine" easing="inout">350</scrolltime>
<preloaditems>2</preloaditems>
<itemlayout width="250" height="40">
<control type="image">
<posx>85</posx>
<posy>0</posy>
<width>50</width>
<height>50</height>
<texture>special://skin/extras/common/context_middle.png</texture>
</control>
<control type="label">
<posx>0</posx>
<posy>0</posy>
<width>50</width>
<height>50</height>
<align>center</align>
<label>$INFO[ListItem.Label]</label>
</control>
</itemlayout>
<focusedlayout width="250" height="40">
<control type="image">
<posx>85</posx>
<posy>0</posy>
<width>50</width>
<height>50</height>
<texture>special://skin/extras/common/context_middle.png</texture>
</control>
<control type="label">
<visible>!control.hasfocus(945)</visible>
<posx>0</posx>
<posy>0</posy>
<width>220</width>
<height>40</height>
<align>center</align>
<textcolor>white</textcolor>
<label>$INFO[ListItem.Label]</label>
</control>
<control type="label">
<visible>control.hasfocus(945)</visible>
<posx>0</posx>
<posy>0</posy>
<width>220</width>
<height>40</height>
<align>center</align>
<textcolor>yellow</textcolor>
<label>[B]$INFO[ListItem.Label][/B]</label>
</control>
</focusedlayout>
<content>
<item id="1">
<label>-$INFO[Container($PARAM[firstsissonid]).ListItem.Season]-</label>
<onclick>Control.SetFocus($PARAM[firstsissonid])</onclick>
</item>
</content>
</control>
<control type="list" id="$PARAM[firstsissonid]">
<animation effect="fade" time="450">VisibleChange</animation>
<visible allowhiddenfocus="true">Control.HasFocus($PARAM[firstsissonid]) | Control.Hasfocus(945)</visible>
<visible>![control.hasfocus(888) | control.hasfocus(889) | control.hasfocus(890) | control.hasfocus(891) | control.hasfocus(892) | control.hasfocus(893)]</visible>
<posx>1420</posx>
<posy>265</posy>
<width>1300</width>
<height>355</height>
<onback>945</onback>
<orientation>vertical</orientation>
<scrolltime tween="sine" easing="inout">350</scrolltime>
<preloaditems>2</preloaditems>
<itemlayout width="220" height="40">
<control type="image">
<posx>0</posx>
<posy>5</posy>
<width>500</width>
<height>35</height>
<texture colordiffuse="99444444">white.png</texture>
</control>
<control type="label">
<posx>0</posx>
<posy>0</posy>
<width>500</width>
<height>40</height>
<align>right</align>
<label>$INFO[ListItem.Label]</label>
</control>
</itemlayout>
<focusedlayout width="220" height="40">
<control type="image">
<posx>0</posx>
<posy>5</posy>
<width>500</width>
<height>35</height>
<texture colordiffuse="99444444">white.png</texture>
</control>
<control type="image">
<visible>control.hasfocus($PARAM[firstsissonid])</visible>
<posx>0</posx>
<posy>5</posy>
<width>500</width>
<height>35</height>
<texture colordiffuse="gray">white.png</texture>
</control>
<control type="label">
<visible>!control.hasfocus($PARAM[firstsissonid])</visible>
<posx>0</posx>
<posy>0</posy>
<width>500</width>
<height>40</height>
<align>right</align>
<textcolor>white</textcolor>
<label>$INFO[ListItem.Label]</label>
</control>
<control type="label">
<visible>control.hasfocus($PARAM[firstsissonid])</visible>
<posx>0</posx>
<posy>0</posy>
<width>500</width>
<height>40</height>
<align>right</align>
<textcolor>black</textcolor>
<shadowcolor>white</shadowcolor>
<label>$INFO[ListItem.Label]</label>
</control>
</focusedlayout>
<content>$PARAM[firstsissonidcontent]</content>
</control>
</control>
</definition>
</include>





<include name="tvshowseesiontwo">
<definition>
<control type="group">
<visible>String.Contains(Container(1256).ListItem.Label,$PARAM[tvshowlabelname])</visible>
<control type="group">
<visible>control.hasfocus($PARAM[seesiontwoid])</visible>
<control type="multiimage">
<posx>0</posx>
<posy>200</posy>
<width>470</width>
<height>420</height>
<fadetime>350</fadetime>
<imagepath>$INFO[Container($PARAM[seesiontwoid]).ListItem.Art(fanart)]</imagepath>
</control>
<control type="label">
<posx>1400</posx>
<posy>200</posy>
<width>1000</width>
<height>40</height>
<align>right</align>
<font>font-21-recommnded</font>
<label>$INFO[Container($PARAM[seesiontwoid]).ListItem.Label]</label>
</control>
<control type="textbox">
<autoscroll fade="3000" time="3000" repeat="3000"></autoscroll>
<posx>450</posx>
<posy>465</posy>
<width>950</width>
<height>150</height>
<align>right</align>
<label>$INFO[Container($PARAM[seesiontwoid]).ListItem.Plot]</label>
</control>
<control type="label">
<posx>1410</posx>
<posy>300</posy>
<width>1000</width>
<height>50</height>
<align>right</align>
<label>[COLOR gray]$INFO[Container(1256).ListItem.Genre][/COLOR] [COLOR white] סגנון: [/COLOR]</label>
</control>
<control type="label">
<posx>1410</posx>
<posy>340</posy>
<width>1000</width>
<height>50</height>
<align>right</align>
<label>[COLOR gray]$INFO[Container(1256).ListItem.Year][/COLOR] [COLOR white] שנה: [/COLOR]</label>
</control>
</control>

<control type="group">
<visible>Control.HasFocus(888) | Control.HasFocus($PARAM[seesiontwoid])</visible>
<control type="label">
<posx>1410</posx>
<posy>380</posy>
<width>1000</width>
<height>50</height>
<align>right</align>
<label>[COLOR gray]$INFO[Container($PARAM[seesiontwoid]).ListItem.Season][/COLOR] [COLOR white] עונה: [/COLOR]</label>
</control>
<control type="label">
<posx>1410</posx>
<posy>420</posy>
<width>1000</width>
<height>50</height>
<align>right</align>
<label>[COLOR gray]$INFO[Container($PARAM[seesiontwoid]).ListItem.Episode][/COLOR] [COLOR white] פרק: [/COLOR]</label>
</control>
</control>
<control type="list" id="888">
<posx>1640</posx>
<posy>200</posy>
<width>1200</width>
<height>500</height>
<onback>1256</onback>
<onright>945</onright>
<onleft>889</onleft>
<orientation>horizontal</orientation>
<scrolltime tween="sine" easing="inout">350</scrolltime>
<preloaditems>2</preloaditems>
<itemlayout width="250" height="40">
<control type="image">
<posx>85</posx>
<posy>0</posy>
<width>50</width>
<height>50</height>
<texture>special://skin/extras/common/context_middle.png</texture>
</control>
<control type="label">
<posx>0</posx>
<posy>0</posy>
<width>50</width>
<height>50</height>
<align>center</align>
<label>$INFO[ListItem.Label]</label>
</control>
</itemlayout>
<focusedlayout width="250" height="40">
<control type="image">
<posx>85</posx>
<posy>0</posy>
<width>50</width>
<height>50</height>
<texture>special://skin/extras/common/context_middle.png</texture>
</control>
<control type="label">
<visible>!control.hasfocus(888)</visible>
<posx>0</posx>
<posy>0</posy>
<width>220</width>
<height>40</height>
<align>center</align>
<textcolor>white</textcolor>
<label>$INFO[ListItem.Label]</label>
</control>
<control type="label">
<visible>control.hasfocus(888)</visible>
<posx>0</posx>
<posy>0</posy>
<width>220</width>
<height>40</height>
<align>center</align>
<textcolor>yellow</textcolor>
<label>[B]$INFO[ListItem.Label][/B]</label>
</control>
</focusedlayout>
<content>
<item id="1">
<label>-$INFO[Container($PARAM[seesiontwoid]).ListItem.Season]-</label>
<onclick>Control.SetFocus($PARAM[seesiontwoid])</onclick>
</item>
</content>
</control>
<control type="list" id="$PARAM[seesiontwoid]">
<animation effect="fade" time="450">VisibleChange</animation>
<visible allowhiddenfocus="true">Control.HasFocus($PARAM[seesiontwoid]) | Control.Hasfocus(888)</visible>
<posx>1420</posx>
<posy>265</posy>
<width>1300</width>
<height>355</height>
<onback>888</onback>
<orientation>vertical</orientation>
<scrolltime tween="sine" easing="inout">350</scrolltime>
<preloaditems>2</preloaditems>
<itemlayout width="220" height="40">
<control type="image">
<posx>0</posx>
<posy>5</posy>
<width>500</width>
<height>35</height>
<texture colordiffuse="99444444">white.png</texture>
</control>
<control type="label">
<posx>0</posx>
<posy>0</posy>
<width>500</width>
<height>40</height>
<align>right</align>
<label>$INFO[ListItem.Label]</label>
</control>
</itemlayout>
<focusedlayout width="220" height="40">
<control type="image">
<posx>0</posx>
<posy>5</posy>
<width>500</width>
<height>35</height>
<texture colordiffuse="99444444">white.png</texture>
</control>
<control type="image">
<visible>control.hasfocus($PARAM[seesiontwoid])</visible>
<posx>0</posx>
<posy>5</posy>
<width>500</width>
<height>35</height>
<texture colordiffuse="gray">white.png</texture>
</control>
<control type="label">
<visible>!control.hasfocus($PARAM[seesiontwoid])</visible>
<posx>0</posx>
<posy>0</posy>
<width>500</width>
<height>40</height>
<align>right</align>
<textcolor>white</textcolor>
<label>$INFO[ListItem.Label]</label>
</control>
<control type="label">
<visible>control.hasfocus($PARAM[seesiontwoid])</visible>
<posx>0</posx>
<posy>0</posy>
<width>500</width>
<height>40</height>
<align>right</align>
<textcolor>black</textcolor>
<shadowcolor>white</shadowcolor>
<label>$INFO[ListItem.Label]</label>
</control>
</focusedlayout>
<content>$PARAM[seesiontwoidcontent]</content>
</control>
</control>
</definition>
</include>


<include name="tvshowseesionthree">
<definition>
<control type="group">
<visible>String.Contains(Container(1256).ListItem.Label,$PARAM[tvshowlabelname])</visible>

<control type="group">
<visible>control.hasfocus($PARAM[seesionthreeid])</visible>
<control type="multiimage">
<posx>0</posx>
<posy>200</posy>
<width>470</width>
<height>420</height>
<fadetime>350</fadetime>
<imagepath>$INFO[Container($PARAM[seesionthreeid]).ListItem.Art(fanart)]</imagepath>
</control>
<control type="label">
<posx>1400</posx>
<posy>200</posy>
<width>1000</width>
<height>40</height>
<align>right</align>
<font>font-21-recommnded</font>
<label>$INFO[Container($PARAM[seesionthreeid]).ListItem.Label]</label>
</control>
<control type="textbox">
<autoscroll fade="3000" time="3000" repeat="3000"></autoscroll>
<posx>450</posx>
<posy>465</posy>
<width>950</width>
<height>150</height>
<align>right</align>
<label>$INFO[Container($PARAM[seesionthreeid]).ListItem.Plot]</label>
</control>
<control type="label">
<posx>1410</posx>
<posy>300</posy>
<width>1000</width>
<height>50</height>
<align>right</align>
<label>[COLOR gray]$INFO[Container(1256).ListItem.Genre][/COLOR] [COLOR white] סגנון: [/COLOR]</label>
</control>
<control type="label">
<posx>1410</posx>
<posy>340</posy>
<width>1000</width>
<height>50</height>
<align>right</align>
<label>[COLOR gray]$INFO[Container(1256).ListItem.Year][/COLOR] [COLOR white] שנה: [/COLOR]</label>
</control>
</control>

<control type="group">
<visible>Control.HasFocus(889) | Control.HasFocus($PARAM[seesionthreeid])</visible>
<control type="label">
<posx>1410</posx>
<posy>380</posy>
<width>1000</width>
<height>50</height>
<align>right</align>
<label>[COLOR gray]$INFO[Container($PARAM[seesionthreeid]).ListItem.Season][/COLOR] [COLOR white] עונה: [/COLOR]</label>
</control>
<control type="label">
<posx>1410</posx>
<posy>420</posy>
<width>1000</width>
<height>50</height>
<align>right</align>
<label>[COLOR gray]$INFO[Container($PARAM[seesionthreeid]).ListItem.Episode][/COLOR] [COLOR white] פרק: [/COLOR]</label>
</control>
</control>
<control type="list" id="889">
<posx>1580</posx>
<posy>200</posy>
<width>1200</width>
<height>500</height>
<onback>1256</onback>
<onright>888</onright>
<onleft>890</onleft>
<orientation>horizontal</orientation>
<scrolltime tween="sine" easing="inout">350</scrolltime>
<preloaditems>2</preloaditems>
<itemlayout width="250" height="40">
<control type="image">
<posx>85</posx>
<posy>0</posy>
<width>50</width>
<height>50</height>
<texture>special://skin/extras/common/context_middle.png</texture>
</control>
<control type="label">
<posx>0</posx>
<posy>0</posy>
<width>50</width>
<height>50</height>
<align>center</align>
<label>$INFO[ListItem.Label]</label>
</control>
</itemlayout>
<focusedlayout width="250" height="40">
<control type="image">
<posx>85</posx>
<posy>0</posy>
<width>50</width>
<height>50</height>
<texture>special://skin/extras/common/context_middle.png</texture>
</control>
<control type="label">
<visible>!control.hasfocus(889)</visible>
<posx>0</posx>
<posy>0</posy>
<width>220</width>
<height>40</height>
<align>center</align>
<textcolor>white</textcolor>
<label>$INFO[ListItem.Label]</label>
</control>
<control type="label">
<visible>control.hasfocus(889)</visible>
<posx>0</posx>
<posy>0</posy>
<width>220</width>
<height>40</height>
<align>center</align>
<textcolor>yellow</textcolor>
<label>[B]$INFO[ListItem.Label][/B]</label>
</control>
</focusedlayout>
<content>
<item id="1">
<label>-$INFO[Container($PARAM[seesionthreeid]).ListItem.Season]-</label>
<onclick>Control.SetFocus($PARAM[seesionthreeid])</onclick>
</item>
</content>
</control>
<control type="list" id="$PARAM[seesionthreeid]">
<animation effect="fade" time="450">VisibleChange</animation>
<visible allowhiddenfocus="true">Control.HasFocus($PARAM[seesionthreeid]) | Control.Hasfocus(889)</visible>
<posx>1420</posx>
<posy>265</posy>
<width>1300</width>
<height>355</height>
<onback>889</onback>
<orientation>vertical</orientation>
<scrolltime tween="sine" easing="inout">350</scrolltime>
<preloaditems>2</preloaditems>
<itemlayout width="220" height="40">
<control type="image">
<posx>0</posx>
<posy>5</posy>
<width>500</width>
<height>35</height>
<texture colordiffuse="99444444">white.png</texture>
</control>
<control type="label">
<posx>0</posx>
<posy>0</posy>
<width>500</width>
<height>40</height>
<align>right</align>
<label>$INFO[ListItem.Label]</label>
</control>
</itemlayout>
<focusedlayout width="220" height="40">
<control type="image">
<posx>0</posx>
<posy>5</posy>
<width>500</width>
<height>35</height>
<texture colordiffuse="99444444">white.png</texture>
</control>
<control type="image">
<visible>control.hasfocus($PARAM[seesionthreeid])</visible>
<posx>0</posx>
<posy>5</posy>
<width>500</width>
<height>35</height>
<texture colordiffuse="gray">white.png</texture>
</control>
<control type="label">
<visible>!control.hasfocus($PARAM[seesionthreeid])</visible>
<posx>0</posx>
<posy>0</posy>
<width>500</width>
<height>40</height>
<align>right</align>
<textcolor>white</textcolor>
<label>$INFO[ListItem.Label]</label>
</control>
<control type="label">
<visible>control.hasfocus($PARAM[seesionthreeid])</visible>
<posx>0</posx>
<posy>0</posy>
<width>500</width>
<height>40</height>
<align>right</align>
<textcolor>black</textcolor>
<shadowcolor>white</shadowcolor>
<label>$INFO[ListItem.Label]</label>
</control>
</focusedlayout>
<content>$PARAM[seesionthreeidcontent]</content>
</control>
</control>
</definition>
</include>




<include name="tvshowseesionfour">
<definition>
<control type="group">
<visible>String.Contains(Container(1256).ListItem.Label,$PARAM[tvshowlabelname])</visible>

<control type="group">
<visible>control.hasfocus($PARAM[seesionfourid])</visible>
<control type="multiimage">
<posx>0</posx>
<posy>200</posy>
<width>470</width>
<height>420</height>
<fadetime>350</fadetime>
<imagepath>$INFO[Container($PARAM[seesionfourid]).ListItem.Art(fanart)]</imagepath>
</control>
<control type="label">
<posx>1400</posx>
<posy>200</posy>
<width>1000</width>
<height>40</height>
<align>right</align>
<font>font-21-recommnded</font>
<label>$INFO[Container($PARAM[seesionfourid]).ListItem.Label]</label>
</control>
<control type="textbox">
<autoscroll fade="3000" time="3000" repeat="3000"></autoscroll>
<posx>450</posx>
<posy>465</posy>
<width>950</width>
<height>150</height>
<align>right</align>
<label>$INFO[Container($PARAM[seesionfourid]).ListItem.Plot]</label>
</control>
<control type="label">
<posx>1410</posx>
<posy>300</posy>
<width>1000</width>
<height>50</height>
<align>right</align>
<label>[COLOR gray]$INFO[Container(1256).ListItem.Genre][/COLOR] [COLOR white] סגנון: [/COLOR]</label>
</control>
<control type="label">
<posx>1410</posx>
<posy>340</posy>
<width>1000</width>
<height>50</height>
<align>right</align>
<label>[COLOR gray]$INFO[Container(1256).ListItem.Year][/COLOR] [COLOR white] שנה: [/COLOR]</label>
</control>
</control>

<control type="group">
<visible>Control.HasFocus(890) | Control.HasFocus($PARAM[seesionfourid])</visible>
<control type="label">
<posx>1410</posx>
<posy>380</posy>
<width>1000</width>
<height>50</height>
<align>right</align>
<label>[COLOR gray]$INFO[Container($PARAM[seesionfourid]).ListItem.Season][/COLOR] [COLOR white] עונה: [/COLOR]</label>
</control>
<control type="label">
<posx>1410</posx>
<posy>420</posy>
<width>1000</width>
<height>50</height>
<align>right</align>
<label>[COLOR gray]$INFO[Container($PARAM[seesionfourid]).ListItem.Episode][/COLOR] [COLOR white] פרק: [/COLOR]</label>
</control>
</control>
<control type="list" id="890">
<posx>1520</posx>
<posy>200</posy>
<width>1200</width>
<height>500</height>
<onback>1256</onback>
<onright>889</onright>
<onleft>891</onleft>
<orientation>horizontal</orientation>
<scrolltime tween="sine" easing="inout">350</scrolltime>
<preloaditems>2</preloaditems>
<itemlayout width="250" height="40">
<control type="image">
<posx>85</posx>
<posy>0</posy>
<width>50</width>
<height>50</height>
<texture>special://skin/extras/common/context_middle.png</texture>
</control>
<control type="label">
<posx>0</posx>
<posy>0</posy>
<width>50</width>
<height>50</height>
<align>center</align>
<label>$INFO[ListItem.Label]</label>
</control>
</itemlayout>
<focusedlayout width="250" height="40">
<control type="image">
<posx>85</posx>
<posy>0</posy>
<width>50</width>
<height>50</height>
<texture>special://skin/extras/common/context_middle.png</texture>
</control>
<control type="label">
<visible>!control.hasfocus(890)</visible>
<posx>0</posx>
<posy>0</posy>
<width>220</width>
<height>40</height>
<align>center</align>
<textcolor>white</textcolor>
<label>$INFO[ListItem.Label]</label>
</control>
<control type="label">
<visible>control.hasfocus(890)</visible>
<posx>0</posx>
<posy>0</posy>
<width>220</width>
<height>40</height>
<align>center</align>
<textcolor>yellow</textcolor>
<label>[B]$INFO[ListItem.Label][/B]</label>
</control>
</focusedlayout>
<content>
<item id="1">
<label>-$INFO[Container($PARAM[seesionfourid]).ListItem.Season]-</label>
<onclick>Control.SetFocus($PARAM[seesionfourid])</onclick>
</item>
</content>
</control>
<control type="list" id="$PARAM[seesionfourid]">
<animation effect="fade" time="450">VisibleChange</animation>
<visible allowhiddenfocus="true">Control.HasFocus($PARAM[seesionfourid]) | Control.Hasfocus(890)</visible>
<posx>1420</posx>
<posy>265</posy>
<width>1300</width>
<height>355</height>
<onback>890</onback>
<orientation>vertical</orientation>
<scrolltime tween="sine" easing="inout">350</scrolltime>
<preloaditems>2</preloaditems>
<itemlayout width="220" height="40">
<control type="image">
<posx>0</posx>
<posy>5</posy>
<width>500</width>
<height>35</height>
<texture colordiffuse="99444444">white.png</texture>
</control>
<control type="label">
<posx>0</posx>
<posy>0</posy>
<width>500</width>
<height>40</height>
<align>right</align>
<label>$INFO[ListItem.Label]</label>
</control>
</itemlayout>
<focusedlayout width="220" height="40">
<control type="image">
<posx>0</posx>
<posy>5</posy>
<width>500</width>
<height>35</height>
<texture colordiffuse="99444444">white.png</texture>
</control>
<control type="image">
<visible>control.hasfocus($PARAM[seesionfourid])</visible>
<posx>0</posx>
<posy>5</posy>
<width>500</width>
<height>35</height>
<texture colordiffuse="gray">white.png</texture>
</control>
<control type="label">
<visible>!control.hasfocus($PARAM[seesionfourid])</visible>
<posx>0</posx>
<posy>0</posy>
<width>500</width>
<height>40</height>
<align>right</align>
<textcolor>white</textcolor>
<label>$INFO[ListItem.Label]</label>
</control>
<control type="label">
<visible>control.hasfocus($PARAM[seesionfourid])</visible>
<posx>0</posx>
<posy>0</posy>
<width>500</width>
<height>40</height>
<align>right</align>
<textcolor>black</textcolor>
<shadowcolor>white</shadowcolor>
<label>$INFO[ListItem.Label]</label>
</control>
</focusedlayout>
<content>$PARAM[seesionfouridcontent]</content>
</control>
</control>
</definition>
</include>



<include name="tvshowseesionfive">
<definition>
<control type="group">
<visible>String.Contains(Container(1256).ListItem.Label,$PARAM[tvshowlabelname])</visible>

<control type="group">
<visible>control.hasfocus($PARAM[seesionfiveid])</visible>
<control type="multiimage">
<posx>0</posx>
<posy>200</posy>
<width>470</width>
<height>420</height>
<fadetime>350</fadetime>
<imagepath>$INFO[Container($PARAM[seesionfiveid]).ListItem.Art(fanart)]</imagepath>
</control>
<control type="label">
<posx>1400</posx>
<posy>200</posy>
<width>1000</width>
<height>40</height>
<align>right</align>
<font>font-21-recommnded</font>
<label>$INFO[Container($PARAM[seesionfiveid]).ListItem.Label]</label>
</control>
<control type="textbox">
<autoscroll fade="3000" time="3000" repeat="3000"></autoscroll>
<posx>450</posx>
<posy>465</posy>
<width>950</width>
<height>150</height>
<align>right</align>
<label>$INFO[Container($PARAM[seesionfiveid]).ListItem.Plot]</label>
</control>
<control type="label">
<posx>1410</posx>
<posy>300</posy>
<width>1000</width>
<height>50</height>
<align>right</align>
<label>[COLOR gray]$INFO[Container(1256).ListItem.Genre][/COLOR] [COLOR white] סגנון: [/COLOR]</label>
</control>
<control type="label">
<posx>1410</posx>
<posy>340</posy>
<width>1000</width>
<height>50</height>
<align>right</align>
<label>[COLOR gray]$INFO[Container(1256).ListItem.Year][/COLOR] [COLOR white] שנה: [/COLOR]</label>
</control>
</control>

<control type="group">
<visible>Control.HasFocus(891) | Control.HasFocus($PARAM[seesionfiveid])</visible>
<control type="label">
<posx>1410</posx>
<posy>380</posy>
<width>1000</width>
<height>50</height>
<align>right</align>
<label>[COLOR gray]$INFO[Container($PARAM[seesionfiveid]).ListItem.Season][/COLOR] [COLOR white] עונה: [/COLOR]</label>
</control>
<control type="label">
<posx>1410</posx>
<posy>420</posy>
<width>1000</width>
<height>50</height>
<align>right</align>
<label>[COLOR gray]$INFO[Container($PARAM[seesionfiveid]).ListItem.Episode][/COLOR] [COLOR white] פרק: [/COLOR]</label>
</control>
</control>
<control type="list" id="891">
<posx>1460</posx>
<posy>200</posy>
<width>1200</width>
<height>500</height>
<onback>1256</onback>
<onleft>892</onleft>
<onright>890</onright>
<orientation>horizontal</orientation>
<scrolltime tween="sine" easing="inout">350</scrolltime>
<preloaditems>2</preloaditems>
<itemlayout width="250" height="40">
<control type="image">
<posx>85</posx>
<posy>0</posy>
<width>50</width>
<height>50</height>
<texture>special://skin/extras/common/context_middle.png</texture>
</control>
<control type="label">
<posx>0</posx>
<posy>0</posy>
<width>50</width>
<height>50</height>
<align>center</align>
<label>$INFO[ListItem.Label]</label>
</control>
</itemlayout>
<focusedlayout width="250" height="40">
<control type="image">
<posx>85</posx>
<posy>0</posy>
<width>50</width>
<height>50</height>
<texture>special://skin/extras/common/context_middle.png</texture>
</control>
<control type="label">
<visible>!control.hasfocus(891)</visible>
<posx>0</posx>
<posy>0</posy>
<width>220</width>
<height>40</height>
<align>center</align>
<textcolor>white</textcolor>
<label>$INFO[ListItem.Label]</label>
</control>
<control type="label">
<visible>control.hasfocus(891)</visible>
<posx>0</posx>
<posy>0</posy>
<width>220</width>
<height>40</height>
<align>center</align>
<textcolor>yellow</textcolor>
<label>[B]$INFO[ListItem.Label][/B]</label>
</control>
</focusedlayout>
<content>
<item id="1">
<label>-$INFO[Container($PARAM[seesionfiveid]).ListItem.Season]-</label>
<onclick>Control.SetFocus($PARAM[seesionfiveid])</onclick>
</item>
</content>
</control>
<control type="list" id="$PARAM[seesionfiveid]">
<animation effect="fade" time="450">VisibleChange</animation>
<visible allowhiddenfocus="true">Control.HasFocus($PARAM[seesionfiveid]) | Control.Hasfocus(891)</visible>
<posx>1420</posx>
<posy>265</posy>
<width>1300</width>
<height>355</height>
<onback>891</onback>
<orientation>vertical</orientation>
<scrolltime tween="sine" easing="inout">350</scrolltime>
<preloaditems>2</preloaditems>
<itemlayout width="220" height="40">
<control type="image">
<posx>0</posx>
<posy>5</posy>
<width>500</width>
<height>35</height>
<texture colordiffuse="99444444">white.png</texture>
</control>
<control type="label">
<posx>0</posx>
<posy>0</posy>
<width>500</width>
<height>40</height>
<align>right</align>
<label>$INFO[ListItem.Label]</label>
</control>
</itemlayout>
<focusedlayout width="220" height="40">
<control type="image">
<posx>0</posx>
<posy>5</posy>
<width>500</width>
<height>35</height>
<texture colordiffuse="99444444">white.png</texture>
</control>
<control type="image">
<visible>control.hasfocus($PARAM[seesionfiveid])</visible>
<posx>0</posx>
<posy>5</posy>
<width>500</width>
<height>35</height>
<texture colordiffuse="gray">white.png</texture>
</control>
<control type="label">
<visible>!control.hasfocus($PARAM[seesionfiveid])</visible>
<posx>0</posx>
<posy>0</posy>
<width>500</width>
<height>40</height>
<align>right</align>
<textcolor>white</textcolor>
<label>$INFO[ListItem.Label]</label>
</control>
<control type="label">
<visible>control.hasfocus($PARAM[seesionfiveid])</visible>
<posx>0</posx>
<posy>0</posy>
<width>500</width>
<height>40</height>
<align>right</align>
<textcolor>black</textcolor>
<shadowcolor>white</shadowcolor>
<label>$INFO[ListItem.Label]</label>
</control>
</focusedlayout>
<content>$PARAM[seesionfiveidcontent]</content>
</control>
</control>
</definition>
</include>


<include name="tvshowseesionsix">
<definition>
<control type="group">
<visible>String.Contains(Container(1256).ListItem.Label,$PARAM[tvshowlabelname])</visible>

<control type="group">
<visible>control.hasfocus($PARAM[seesionsixid])</visible>
<control type="multiimage">
<posx>0</posx>
<posy>200</posy>
<width>470</width>
<height>420</height>
<fadetime>350</fadetime>
<imagepath>$INFO[Container($PARAM[seesionsixid]).ListItem.Art(fanart)]</imagepath>
</control>
<control type="label">
<posx>1400</posx>
<posy>200</posy>
<width>1000</width>
<height>40</height>
<align>right</align>
<font>font-21-recommnded</font>
<label>$INFO[Container($PARAM[seesionsixid]).ListItem.Label]</label>
</control>
<control type="textbox">
<autoscroll fade="3000" time="3000" repeat="3000"></autoscroll>
<posx>450</posx>
<posy>465</posy>
<width>950</width>
<height>150</height>
<align>right</align>
<label>$INFO[Container($PARAM[seesionsixid]).ListItem.Plot]</label>
</control>
<control type="label">
<posx>1410</posx>
<posy>300</posy>
<width>1000</width>
<height>50</height>
<align>right</align>
<label>[COLOR gray]$INFO[Container(1256).ListItem.Genre][/COLOR] [COLOR white] סגנון: [/COLOR]</label>
</control>
<control type="label">
<posx>1410</posx>
<posy>340</posy>
<width>1000</width>
<height>50</height>
<align>right</align>
<label>[COLOR gray]$INFO[Container(1256).ListItem.Year][/COLOR] [COLOR white] שנה: [/COLOR]</label>
</control>
</control>

<control type="group">
<visible>Control.HasFocus(892) | Control.HasFocus($PARAM[seesionsixid])</visible>
<control type="label">
<posx>1410</posx>
<posy>380</posy>
<width>1000</width>
<height>50</height>
<align>right</align>
<label>[COLOR gray]$INFO[Container($PARAM[seesionsixid]).ListItem.Season][/COLOR] [COLOR white] עונה: [/COLOR]</label>
</control>
<control type="label">
<posx>1410</posx>
<posy>420</posy>
<width>1000</width>
<height>50</height>
<align>right</align>
<label>[COLOR gray]$INFO[Container($PARAM[seesionsixid]).ListItem.Episode][/COLOR] [COLOR white] פרק: [/COLOR]</label>
</control>
</control>
<control type="list" id="892">
<posx>1400</posx>
<posy>200</posy>
<width>1200</width>
<height>500</height>
<onback>1256</onback>
<onright>891</onright>
<onleft>893</onleft>
<orientation>horizontal</orientation>
<scrolltime tween="sine" easing="inout">350</scrolltime>
<preloaditems>2</preloaditems>
<itemlayout width="250" height="40">
<control type="image">
<posx>85</posx>
<posy>0</posy>
<width>50</width>
<height>50</height>
<texture>special://skin/extras/common/context_middle.png</texture>
</control>
<control type="label">
<posx>0</posx>
<posy>0</posy>
<width>50</width>
<height>50</height>
<align>center</align>
<label>$INFO[ListItem.Label]</label>
</control>
</itemlayout>
<focusedlayout width="250" height="40">
<control type="image">
<posx>85</posx>
<posy>0</posy>
<width>50</width>
<height>50</height>
<texture>special://skin/extras/common/context_middle.png</texture>
</control>
<control type="label">
<visible>!control.hasfocus(892)</visible>
<posx>0</posx>
<posy>0</posy>
<width>220</width>
<height>40</height>
<align>center</align>
<textcolor>white</textcolor>
<label>$INFO[ListItem.Label]</label>
</control>
<control type="label">
<visible>control.hasfocus(892)</visible>
<posx>0</posx>
<posy>0</posy>
<width>220</width>
<height>40</height>
<align>center</align>
<textcolor>yellow</textcolor>
<label>[B]$INFO[ListItem.Label][/B]</label>
</control>
</focusedlayout>
<content>
<item id="1">
<label>-$INFO[Container($PARAM[seesionsixid]).ListItem.Season]-</label>
<onclick>Control.SetFocus($PARAM[seesionsixid])</onclick>
</item>
</content>
</control>
<control type="list" id="$PARAM[seesionsixid]">
<animation effect="fade" time="450">VisibleChange</animation>
<visible allowhiddenfocus="true">Control.HasFocus($PARAM[seesionsixid]) | Control.Hasfocus(892)</visible>
<posx>1420</posx>
<posy>265</posy>
<width>1300</width>
<height>355</height>
<onback>892</onback>
<orientation>vertical</orientation>
<scrolltime tween="sine" easing="inout">350</scrolltime>
<preloaditems>2</preloaditems>
<itemlayout width="220" height="40">
<control type="image">
<posx>0</posx>
<posy>5</posy>
<width>500</width>
<height>35</height>
<texture colordiffuse="99444444">white.png</texture>
</control>
<control type="label">
<posx>0</posx>
<posy>0</posy>
<width>500</width>
<height>40</height>
<align>right</align>
<label>$INFO[ListItem.Label]</label>
</control>
</itemlayout>
<focusedlayout width="220" height="40">
<control type="image">
<posx>0</posx>
<posy>5</posy>
<width>500</width>
<height>35</height>
<texture colordiffuse="99444444">white.png</texture>
</control>
<control type="image">
<visible>control.hasfocus($PARAM[seesionsixid])</visible>
<posx>0</posx>
<posy>5</posy>
<width>500</width>
<height>35</height>
<texture colordiffuse="gray">white.png</texture>
</control>
<control type="label">
<visible>!control.hasfocus($PARAM[seesionsixid])</visible>
<posx>0</posx>
<posy>0</posy>
<width>500</width>
<height>40</height>
<align>right</align>
<textcolor>white</textcolor>
<label>$INFO[ListItem.Label]</label>
</control>
<control type="label">
<visible>control.hasfocus($PARAM[seesionsixid])</visible>
<posx>0</posx>
<posy>0</posy>
<width>500</width>
<height>40</height>
<align>right</align>
<textcolor>black</textcolor>
<shadowcolor>white</shadowcolor>
<label>$INFO[ListItem.Label]</label>
</control>
</focusedlayout>
<content>$PARAM[seesionsixidcontent]</content>
</control>
</control>
</definition>
</include>



<include name="tvshowseesionseven">
<definition>
<control type="group">
<visible>String.Contains(Container(1256).ListItem.Label,$PARAM[tvshowlabelname])</visible>

<control type="group">
<visible>control.hasfocus($PARAM[seesionsevenid])</visible>
<control type="multiimage">
<posx>0</posx>
<posy>200</posy>
<width>470</width>
<height>420</height>
<fadetime>350</fadetime>
<imagepath>$INFO[Container($PARAM[seesionsevenid]).ListItem.Art(fanart)]</imagepath>
</control>
<control type="label">
<posx>1400</posx>
<posy>200</posy>
<width>1000</width>
<height>40</height>
<align>right</align>
<font>font-21-recommnded</font>
<label>$INFO[Container($PARAM[seesionsevenid]).ListItem.Label]</label>
</control>
<control type="textbox">
<autoscroll fade="3000" time="3000" repeat="3000"></autoscroll>
<posx>450</posx>
<posy>465</posy>
<width>950</width>
<height>150</height>
<align>right</align>
<label>$INFO[Container($PARAM[seesionsevenid]).ListItem.Plot]</label>
</control>
<control type="label">
<posx>1410</posx>
<posy>300</posy>
<width>1000</width>
<height>50</height>
<align>right</align>
<label>[COLOR gray]$INFO[Container(1256).ListItem.Genre][/COLOR] [COLOR white] סגנון: [/COLOR]</label>
</control>
<control type="label">
<posx>1410</posx>
<posy>340</posy>
<width>1000</width>
<height>50</height>
<align>right</align>
<label>[COLOR gray]$INFO[Container(1256).ListItem.Year][/COLOR] [COLOR white] שנה: [/COLOR]</label>
</control>
</control>

<control type="group">
<visible>Control.HasFocus(893) | Control.HasFocus($PARAM[seesionsevenid])</visible>
<control type="label">
<posx>1410</posx>
<posy>380</posy>
<width>1000</width>
<height>50</height>
<align>right</align>
<label>[COLOR gray]$INFO[Container($PARAM[seesionsevenid]).ListItem.Season][/COLOR] [COLOR white] עונה: [/COLOR]</label>
</control>
<control type="label">
<posx>1410</posx>
<posy>420</posy>
<width>1000</width>
<height>50</height>
<align>right</align>
<label>[COLOR gray]$INFO[Container($PARAM[seesionsevenid]).ListItem.Episode][/COLOR] [COLOR white] פרק: [/COLOR]</label>
</control>
</control>
<control type="list" id="893">
<posx>1340</posx>
<posy>200</posy>
<width>1200</width>
<height>500</height>
<onback>1256</onback>
<onright>892</onright>
<orientation>horizontal</orientation>
<scrolltime tween="sine" easing="inout">350</scrolltime>
<preloaditems>2</preloaditems>
<itemlayout width="250" height="40">
<control type="image">
<posx>85</posx>
<posy>0</posy>
<width>50</width>
<height>50</height>
<texture>special://skin/extras/common/context_middle.png</texture>
</control>
<control type="label">
<posx>0</posx>
<posy>0</posy>
<width>50</width>
<height>50</height>
<align>center</align>
<label>$INFO[ListItem.Label]</label>
</control>
</itemlayout>
<focusedlayout width="250" height="40">
<control type="image">
<posx>85</posx>
<posy>0</posy>
<width>50</width>
<height>50</height>
<texture>special://skin/extras/common/context_middle.png</texture>
</control>
<control type="label">
<visible>!control.hasfocus(893)</visible>
<posx>0</posx>
<posy>0</posy>
<width>220</width>
<height>40</height>
<align>center</align>
<textcolor>white</textcolor>
<label>$INFO[ListItem.Label]</label>
</control>
<control type="label">
<visible>control.hasfocus(893)</visible>
<posx>0</posx>
<posy>0</posy>
<width>220</width>
<height>40</height>
<align>center</align>
<textcolor>yellow</textcolor>
<label>[B]$INFO[ListItem.Label][/B]</label>
</control>
</focusedlayout>
<content>
<item id="1">
<label>-$INFO[Container($PARAM[seesionsevenid]).ListItem.Season]-</label>
<onclick>Control.SetFocus($PARAM[seesionsevenid])</onclick>
</item>
</content>
</control>
<control type="list" id="$PARAM[seesionsevenid]">
<animation effect="fade" time="450">VisibleChange</animation>
<visible allowhiddenfocus="true">Control.HasFocus($PARAM[seesionsevenid]) | Control.Hasfocus(893)</visible>
<posx>1420</posx>
<posy>265</posy>
<width>1300</width>
<height>355</height>
<onback>893</onback>
<orientation>vertical</orientation>
<scrolltime tween="sine" easing="inout">350</scrolltime>
<preloaditems>2</preloaditems>
<itemlayout width="220" height="40">
<control type="image">
<posx>0</posx>
<posy>5</posy>
<width>500</width>
<height>35</height>
<texture colordiffuse="99444444">white.png</texture>
</control>
<control type="label">
<posx>0</posx>
<posy>0</posy>
<width>500</width>
<height>40</height>
<align>right</align>
<label>$INFO[ListItem.Label]</label>
</control>
</itemlayout>
<focusedlayout width="220" height="40">
<control type="image">
<posx>0</posx>
<posy>5</posy>
<width>500</width>
<height>35</height>
<texture colordiffuse="99444444">white.png</texture>
</control>
<control type="image">
<visible>control.hasfocus($PARAM[seesionsevenid])</visible>
<posx>0</posx>
<posy>5</posy>
<width>500</width>
<height>35</height>
<texture colordiffuse="gray">white.png</texture>
</control>
<control type="label">
<visible>!control.hasfocus($PARAM[seesionsevenid])</visible>
<posx>0</posx>
<posy>0</posy>
<width>500</width>
<height>40</height>
<align>right</align>
<textcolor>white</textcolor>
<label>$INFO[ListItem.Label]</label>
</control>
<control type="label">
<visible>control.hasfocus($PARAM[seesionsevenid])</visible>
<posx>0</posx>
<posy>0</posy>
<width>500</width>
<height>40</height>
<align>right</align>
<textcolor>black</textcolor>
<shadowcolor>white</shadowcolor>
<label>$INFO[ListItem.Label]</label>
</control>
</focusedlayout>
<content>$PARAM[seesionsevenidcontent]</content>
</control>
</control>
</definition>
</include>



</includes>