<?xml version="1.0" encoding="UTF-8"?>

<includes>

<include name="allmenusinthebuild">

			<control type="group">
			<animation condition="Control.HasFocus(8821)" effect="slide" start="0,0" end="0,505" time="350" tween="sine" easing="inout">Conditional</animation>
			<visible allowhiddenfocus="true">Control.HasFocus(8821)</visible>
			<control type="list" id="8821">
			<posx>-10</posx>
			<posy>-510</posy>
			<width>1920</width>
			<height>400</height>
			<onback>9000</onback>
			<ondown condition="Player.HasVideo">8005</ondown>
			<ondown condition="Player.HasAudio">535</ondown>
			<orientation>horizontal</orientation>
			<itemlayout width="200" height="50">
			<control type="image">
			<posx>15</posx>
			<posy>10</posy>
			<width>185</width>
			<height>40</height>
			<bordertexture colordiffuse="gray">white.png</bordertexture>
			<bordersize>1</bordersize>
			<texture colordiffuse="black">white.png</texture>
			</control>
			<control type="label">
			<posx>5</posx>
			<posy>8</posy>
			<width>200</width>
			<height>50</height>
			<align>center</align>
			<label>$INFO[ListItem.Label]</label>
			</control>
			</itemlayout>
			<focusedlayout width="200" height="50">
			<control type="image">
			<posx>15</posx>
			<posy>10</posy>
			<width>185</width>
			<height>40</height>
			<bordertexture colordiffuse="gray">white.png</bordertexture>
			<bordersize>1</bordersize>
			<texture colordiffuse="black">white.png</texture>
			</control>
			<control type="image">
			<visible>control.hasfocus(8821)</visible>
			<posx>16</posx>
			<posy>12</posy>
			<width>182</width>
			<height>35</height>
			<texture colordiffuse="purple">white.png</texture>
			</control>
			<control type="label">
			<posx>5</posx>
			<posy>8</posy>
			<width>200</width>
			<height>50</height>
			<align>center</align>
			<label>$INFO[ListItem.Label]</label>
			</control>
			</focusedlayout>
			<content>
			<item>
				<label>פרקים אחרונים</label>
				<onclick>ActivateWindow(6200)</onclick>
				</item>
			<item>
				<label>לפי ז'אנרים</label>
				<onclick>ActivateWindow(6829)</onclick>
				</item>
				<item>
				<label>עולם הסדרות</label>
				<onclick>Control.SetFocus(8823)</onclick>
				</item>
				<item>
				<label>תפריט ראשי</label>
				<onclick>Control.SetFocus(9000)</onclick>
				</item>
			</content>
		</control>
		</control>


			<control type="group">
			<animation condition="Control.HasFocus(8822)" effect="slide" start="0,0" end="0,505" time="350" tween="sine" easing="inout">Conditional</animation>
			<visible allowhiddenfocus="true">Control.HasFocus(8822)</visible>
			<control type="list" id="8822">
			<posx>-10</posx>
			<posy>-510</posy>
			<width>1920</width>
			<height>400</height>
			<onback>9000</onback>
			<ondown condition="Player.HasVideo">8005</ondown>
			<ondown condition="Player.HasAudio">535</ondown>
			<orientation>horizontal</orientation>
			<itemlayout width="200" height="50">
			<control type="image">
			<posx>15</posx>
			<posy>10</posy>
			<width>185</width>
			<height>40</height>
			<bordertexture colordiffuse="gray">white.png</bordertexture>
			<bordersize>1</bordersize>
			<texture colordiffuse="black">white.png</texture>
			</control>
			<control type="label">
			<posx>5</posx>
			<posy>8</posy>
			<width>200</width>
			<height>50</height>
			<align>center</align>
			<label>$INFO[ListItem.Label]</label>
			</control>
			</itemlayout>
			<focusedlayout width="200" height="50">
			<control type="image">
			<posx>15</posx>
			<posy>10</posy>
			<width>185</width>
			<height>40</height>
			<bordertexture colordiffuse="gray">white.png</bordertexture>
			<bordersize>1</bordersize>
			<texture colordiffuse="black">white.png</texture>
			</control>
			<control type="image">
			<visible>control.hasfocus(8822)</visible>
			<posx>16</posx>
			<posy>12</posy>
			<width>182</width>
			<height>35</height>
			<texture colordiffuse="gray">white.png</texture>
			</control>
			<control type="label">
			<posx>5</posx>
			<posy>8</posy>
			<width>200</width>
			<height>50</height>
			<align>center</align>
			<label>$INFO[ListItem.Label]</label>
			</control>
			</focusedlayout>
			<content>
			<item>
				<label>סרטים נטפליקס</label>
				<onclick>ActivateWindow(6101)</onclick>
			</item>
			<item>
				<label>סרטים דבריד</label>
				<onclick>ActivateWindow(6102)</onclick>
				</item>
			<item>
				<label>סרטים ישראלים</label>
				<onclick>ActivateWindow(6106)</onclick>
				</item>
			<item>
				<label>סרטים 1-6</label>
				<onclick>ActivateWindow(6103)</onclick>
				</item>
			<item>
				<label>סרטים 7-12</label>
				<onclick>ActivateWindow(6104)</onclick>
				</item>
			<item>
				<label>סרטים 13-18</label>
				<onclick>ActivateWindow(6105)</onclick>
				</item>
			<item>
				<label>תפריט ראשי</label>
				<onclick>Control.SetFocus(9000)</onclick>
			</item>
			</content>
			</control>
			</control>



			<control type="group">
			<animation condition="Control.HasFocus(8823)" effect="slide" start="0,0" end="0,800" time="350" tween="sine" easing="inout">Conditional</animation>
			<visible allowhiddenfocus="true">Control.HasFocus(8823)</visible>
			<control type="list" id="8823">
			<posx>-10</posx>
			<posy>-810</posy>
			<width>1920</width>
			<height>400</height>
			<onback>9000</onback>
			<ondown condition="Player.HasVideo">8005</ondown>
			<ondown condition="Player.HasAudio">535</ondown>
			<orientation>horizontal</orientation>
			<itemlayout width="200" height="50">
			<control type="image">
			<posx>15</posx>
			<posy>10</posy>
			<width>185</width>
			<height>40</height>
			<bordertexture colordiffuse="gray">white.png</bordertexture>
			<bordersize>1</bordersize>
			<texture colordiffuse="black">white.png</texture>
			</control>
			<control type="label">
			<posx>5</posx>
			<posy>8</posy>
			<width>200</width>
			<height>50</height>
			<align>center</align>
			<label>$INFO[ListItem.Label]</label>
			</control>
			</itemlayout>
			<focusedlayout width="200" height="50">
			<control type="image">
			<posx>15</posx>
			<posy>10</posy>
			<width>185</width>
			<height>40</height>
			<bordertexture colordiffuse="gray">white.png</bordertexture>
			<bordersize>1</bordersize>
			<texture colordiffuse="black">white.png</texture>
			</control>
			<control type="image">
			<visible>control.hasfocus(8823)</visible>
			<posx>16</posx>
			<posy>12</posy>
			<width>182</width>
			<height>35</height>
			<texture colordiffuse="gray">white.png</texture>
			</control>
			<control type="label">
			<posx>5</posx>
			<posy>8</posy>
			<width>200</width>
			<height>50</height>
			<align>center</align>
			<label>$INFO[ListItem.Label]</label>
			</control>
			</focusedlayout>
			<content>
			<item>
				<label>נוסטלגיה</label>
				<onclick>ActivateWindow(6300)</onclick>
			</item>
			<item>
				<label>פשע</label>
				<onclick>ActivateWindow(6301)</onclick>
				</item>
			<item>
				<label>קומדיה</label>
				<onclick>ActivateWindow(6302)</onclick>
			</item>
			<item>
				<label>תפריט סדרות</label>
				<onclick>Control.SetFocus(8821)</onclick>
			</item>
			</content>
			</control>
			</control>
			
			
			
			
			<control type="group">
			<animation condition="Control.HasFocus(8824)" effect="slide" start="0,0" end="0,505" time="350" tween="sine" easing="inout">Conditional</animation>
			<visible allowhiddenfocus="true">Control.HasFocus(8824)</visible>
			<control type="list" id="8824">
			<posx>-10</posx>
			<posy>-510</posy>
			<width>1920</width>
			<height>400</height>
			<onback>9000</onback>
			<ondown condition="Player.HasVideo">8005</ondown>
			<ondown condition="Player.HasAudio">535</ondown>
			<orientation>horizontal</orientation>
			<itemlayout width="200" height="50">
			<control type="image">
			<posx>15</posx>
			<posy>10</posy>
			<width>185</width>
			<height>40</height>
			<bordertexture colordiffuse="gray">white.png</bordertexture>
			<bordersize>1</bordersize>
			<texture colordiffuse="black">white.png</texture>
			</control>
			<control type="label">
			<posx>5</posx>
			<posy>8</posy>
			<width>200</width>
			<height>50</height>
			<align>center</align>
			<label>$INFO[ListItem.Label]</label>
			</control>
			</itemlayout>
			<focusedlayout width="200" height="50">
			<control type="image">
			<posx>15</posx>
			<posy>10</posy>
			<width>185</width>
			<height>40</height>
			<bordertexture colordiffuse="gray">white.png</bordertexture>
			<bordersize>1</bordersize>
			<texture colordiffuse="black">white.png</texture>
			</control>
			<control type="image">
			<visible>control.hasfocus(8824)</visible>
			<posx>16</posx>
			<posy>12</posy>
			<width>182</width>
			<height>35</height>
			<texture colordiffuse="deeppink">white.png</texture>
			</control>
			<control type="label">
			<posx>5</posx>
			<posy>8</posy>
			<width>200</width>
			<height>50</height>
			<align>center</align>
			<label>$INFO[ListItem.Label]</label>
			</control>
			</focusedlayout>
			<content>
			<item>
				<label>סרטים ילדים</label>
				<onclick>ActivateWindow(6250)</onclick>
				</item>
			<item>
				<label>ילדים נטפליקס</label>
				<onclick>ActivateWindow(6251)</onclick>
				</item>
				<item>
				<label>סדרות מדובב</label>
				<onclick>-</onclick>
				</item>
				<item>
				<label>סדרות אנימציה</label>
				<onclick>-</onclick>
				</item>
				<item>
				<label>תפריט ראשי</label>
				<onclick>Control.SetFocus(9000)</onclick>
				</item>
			</content>
		</control>
		</control>
			
			
			
			<control type="group">
			<animation condition="Control.HasFocus(8825)" effect="slide" start="0,0" end="0,505" time="350" tween="sine" easing="inout">Conditional</animation>
			<visible allowhiddenfocus="true">Control.HasFocus(8825)</visible>
			<control type="list" id="8825">
			<posx>-10</posx>
			<posy>-510</posy>
			<width>1920</width>
			<height>400</height>
			<onback>9000</onback>
			<ondown condition="Player.HasVideo">8005</ondown>
			<ondown condition="Player.HasAudio">535</ondown>
			<orientation>horizontal</orientation>
			<itemlayout width="200" height="50">
			<control type="image">
			<posx>15</posx>
			<posy>10</posy>
			<width>185</width>
			<height>40</height>
			<bordertexture colordiffuse="gray">white.png</bordertexture>
			<bordersize>1</bordersize>
			<texture colordiffuse="black">white.png</texture>
			</control>
			<control type="label">
			<posx>5</posx>
			<posy>8</posy>
			<width>200</width>
			<height>50</height>
			<align>center</align>
			<label>$INFO[ListItem.Label]</label>
			</control>
			</itemlayout>
			<focusedlayout width="200" height="50">
			<control type="image">
			<posx>15</posx>
			<posy>10</posy>
			<width>185</width>
			<height>40</height>
			<bordertexture colordiffuse="gray">white.png</bordertexture>
			<bordersize>1</bordersize>
			<texture colordiffuse="black">white.png</texture>
			</control>
			<control type="image">
			<visible>control.hasfocus(8825)</visible>
			<posx>16</posx>
			<posy>12</posy>
			<width>182</width>
			<height>35</height>
			<texture colordiffuse="deepskyblue">white.png</texture>
			</control>
			<control type="label">
			<posx>5</posx>
			<posy>8</posy>
			<width>200</width>
			<height>50</height>
			<align>center</align>
			<label>$INFO[ListItem.Label]</label>
			</control>
			</focusedlayout>
			<content>
			<item>
				<label>הופעות</label>
				<onclick>ActivateWindow(6350)</onclick>
				</item>
			<item>
				<label>סטאנדאפ</label>
				<onclick>ActivateWindow(6351)</onclick>
				</item>
			</content>
		</control>
		</control>
			
			<control type="group">
			<animation condition="Control.HasFocus(8826)" effect="slide" start="0,0" end="0,800" time="350" tween="sine" easing="inout">Conditional</animation>
			<visible allowhiddenfocus="true">Control.HasFocus(8826)</visible>
			<control type="list" id="8826">
			<posx>-10</posx>
			<posy>-810</posy>
			<width>1920</width>
			<height>400</height>
			<onback>9000</onback>
			<ondown condition="Player.HasVideo">8005</ondown>
			<ondown condition="Player.HasAudio">535</ondown>
			<orientation>horizontal</orientation>
			<itemlayout width="200" height="50">
			<control type="image">
			<posx>15</posx>
			<posy>10</posy>
			<width>185</width>
			<height>40</height>
			<bordertexture colordiffuse="gray">white.png</bordertexture>
			<bordersize>1</bordersize>
			<texture colordiffuse="black">white.png</texture>
			</control>
			<control type="label">
			<posx>5</posx>
			<posy>8</posy>
			<width>200</width>
			<height>50</height>
			<align>center</align>
			<label>$INFO[ListItem.Label]</label>
			</control>
			</itemlayout>
			<focusedlayout width="200" height="50">
			<control type="image">
			<posx>15</posx>
			<posy>10</posy>
			<width>185</width>
			<height>40</height>
			<bordertexture colordiffuse="gray">white.png</bordertexture>
			<bordersize>1</bordersize>
			<texture colordiffuse="black">white.png</texture>
			</control>
			<control type="image">
			<visible>control.hasfocus(8826)</visible>
			<posx>16</posx>
			<posy>12</posy>
			<width>182</width>
			<height>35</height>
			<texture colordiffuse="gray">white.png</texture>
			</control>
			<control type="label">
			<posx>5</posx>
			<posy>8</posy>
			<width>200</width>
			<height>50</height>
			<align>center</align>
			<label>$INFO[ListItem.Label]</label>
			</control>
			</focusedlayout>
			<content>
			<item>
				<label>ערוצים</label>
				<onclick>ActivateWindow(6100)</onclick>
				</item>
			<item>
				<label>לוח שידורים</label>
				<onclick>RunAddon(script.hebivueguide)</onclick>
				</item>
			<item>
				<label>V.O.D</label>
				<onclick>Control.SetFocus(835)</onclick>
			</item>
			<item>
				<label>חפש תוכנית</label>
				<onclick>ClearProperty(home)</onclick>
				<onclick>ActivateWindow(10025,&quot;plugin://plugin.video.idanplus/?iconimage=C%253A%255CUsers%255Cneta%255CAppData%255CRoaming%255CKodi%255Caddons%255Cplugin.video.idanplus%255Cicon.png&amp;mode=4&amp;module&amp;moredata&amp;name=%5bB%5d%d7%97%d7%99%d7%a4%d7%95%d7%a9%20%d7%aa%d7%9b%d7%a0%d7%99%d7%95%d7%aa%5b%2fB%5d&amp;url&quot;,return)</onclick>
			</item>
			<item>
				<label>תפריט ראשי</label>
				<onclick>Control.SetFocus(9000)</onclick>
			</item>
			</content>
		</control>
		</control>
			

			<control type="group">
			<animation condition="Control.HasFocus(8827)" effect="slide" start="0,0" end="0,800" time="350" tween="sine" easing="inout">Conditional</animation>
			<visible allowhiddenfocus="true">Control.HasFocus(8827)</visible>
			<control type="list" id="8827">
			<posx>-10</posx>
			<posy>-810</posy>
			<width>1920</width>
			<height>400</height>
			<onback>9000</onback>
			<ondown condition="Player.HasVideo">8005</ondown>
			<ondown condition="Player.HasAudio">535</ondown>
			<orientation>horizontal</orientation>
			<itemlayout width="200" height="50">
			<control type="image">
			<posx>15</posx>
			<posy>10</posy>
			<width>185</width>
			<height>40</height>
			<bordertexture colordiffuse="gray">white.png</bordertexture>
			<bordersize>1</bordersize>
			<texture colordiffuse="black">white.png</texture>
			</control>
			<control type="label">
			<posx>5</posx>
			<posy>8</posy>
			<width>200</width>
			<height>50</height>
			<align>center</align>
			<label>$INFO[ListItem.Label]</label>
			</control>
			</itemlayout>
			<focusedlayout width="200" height="50">
			<control type="image">
			<posx>15</posx>
			<posy>10</posy>
			<width>185</width>
			<height>40</height>
			<bordertexture colordiffuse="gray">white.png</bordertexture>
			<bordersize>1</bordersize>
			<texture colordiffuse="black">white.png</texture>
			</control>
			<control type="image">
			<visible>control.hasfocus(8827)</visible>
			<posx>16</posx>
			<posy>12</posy>
			<width>182</width>
			<height>35</height>
			<texture colordiffuse="gray">white.png</texture>
			</control>
			<control type="label">
			<posx>5</posx>
			<posy>8</posy>
			<width>200</width>
			<height>50</height>
			<align>center</align>
			<label>$INFO[ListItem.Label]</label>
			</control>
			</focusedlayout>
			<content>
			<item>
				<label>ספורט 1</label>
				<onclick>ActivateWindow(6500)</onclick>
				</item>
			<item>
				<label>ספורט 2</label>
				<onclick>ActivateWindow(6501)</onclick>
				</item>
			<item>
				<label>ספורט 3</label>
				<onclick>ActivateWindow(6502)</onclick>
			</item>
			<item>
				<label>ספורט 4</label>
				<onclick>ActivateWindow(6503)</onclick>
			</item>
			<item>
				<label>ספורט 5</label>
				<onclick>ActivateWindow(6504)</onclick>
			</item>
			<item>
				<label>ספורט 6</label>
				<onclick>ActivateWindow(6505)</onclick>
			</item>
			</content>
		</control>
		</control>



			<control type="group">
			<animation condition="Control.HasFocus(8828)" effect="slide" start="0,0" end="0,800" time="350" tween="sine" easing="inout">Conditional</animation>
			<visible allowhiddenfocus="true">Control.HasFocus(8828)</visible>
			<control type="list" id="8828">
			<posx>-10</posx>
			<posy>-810</posy>
			<width>1920</width>
			<height>400</height>
			<onback>9000</onback>
			<ondown condition="Player.HasVideo">8005</ondown>
			<ondown condition="Player.HasAudio">535</ondown>
			<orientation>horizontal</orientation>
			<itemlayout width="200" height="50">
			<control type="image">
			<posx>15</posx>
			<posy>10</posy>
			<width>185</width>
			<height>40</height>
			<bordertexture colordiffuse="gray">white.png</bordertexture>
			<bordersize>1</bordersize>
			<texture colordiffuse="black">white.png</texture>
			</control>
			<control type="label">
			<posx>5</posx>
			<posy>8</posy>
			<width>200</width>
			<height>50</height>
			<align>center</align>
			<label>$INFO[ListItem.Label]</label>
			</control>
			</itemlayout>
			<focusedlayout width="200" height="50">
			<control type="image">
			<posx>15</posx>
			<posy>10</posy>
			<width>185</width>
			<height>40</height>
			<bordertexture colordiffuse="gray">white.png</bordertexture>
			<bordersize>1</bordersize>
			<texture colordiffuse="black">white.png</texture>
			</control>
			<control type="image">
			<visible>control.hasfocus(8828)</visible>
			<posx>16</posx>
			<posy>12</posy>
			<width>182</width>
			<height>35</height>
			<texture colordiffuse="gray">white.png</texture>
			</control>
			<control type="label">
			<posx>5</posx>
			<posy>8</posy>
			<width>200</width>
			<height>50</height>
			<align>center</align>
			<label>$INFO[ListItem.Label]</label>
			</control>
			</focusedlayout>
			<content>
			<item>
				<label>רדיו מרכזי</label>
				<onclick>ActivateWindow(6600)</onclick>
				</item>
			<item>
				<label>ערוצים לייב</label>
				<onclick>ActivateWindow(6601)</onclick>
				</item>
			<item>
				<label>קליפים</label>
				<onclick>ActivateWindow(6602)</onclick>
			</item>
			<item>
				<label>זא'נרים</label>
				<onclick>ActivateWindow(6603)</onclick>
			</item>
			<item>
				<label>רדיו עולמי</label>
				<onclick>ActivateWindow(6604)</onclick>
			</item>
			</content>
		</control>
		</control>


<control type="group">
<visible>control.hasfocus(3495)</visible>
<control type="label">
<posx>1200</posx>
<posy>725</posy>
<width>500</width>
<height>40</height>
<label>$INFO[Container(3495).ListItem.Label]</label>
</control>
<control type="list" id="3495">
<posx>800</posx>
<posy>710</posy>
<width>500</width>
<height>100</height>
<ondown>9000</ondown>
<orientation>horizontal</orientation>
<itemlayout width="100" height="40">
<control type="image">
<posx>0</posx>
<posy>0</posy>
<width>80</width>
<height>80</height>
<texture border="40">special://skin/extras/common/roundedbutton-nofocus.png</texture>
</control>
<control type="label">
<posx>20</posx>
<posy>20</posy>
<width>40</width>
<height>40</height>
<label>$INFO[ListItem.Label2]</label>
</control>
</itemlayout>
<focusedlayout width="100" height="40">
<control type="image">
<visible>Control.HasFocus(3495)</visible>
<posx>12</posx>
<posy>8</posy>
<width>55</width>
<height>60</height>
<texture>special://skin/extras/common/roundedbutton-focus.png</texture>
</control>
<control type="image">
<posx>0</posx>
<posy>0</posy>
<width>80</width>
<height>80</height>
<texture border="40">special://skin/extras/common/roundedbutton-nofocus.png</texture>
</control>
<control type="label">
<posx>20</posx>
<posy>20</posy>
<width>40</width>
<height>40</height>
<label>[B]$INFO[ListItem.Label2][/B]</label>
</control>
<control type="label">
<visible>control.hasfocus(3495)</visible>
<posx>20</posx>
<posy>20</posy>
<width>40</width>
<height>40</height>
<textcolor>yellow</textcolor>
<label>[B]$INFO[ListItem.Label2][/B]</label>
</control>
</focusedlayout>
<content>
<item id="1">
<label2>-1-</label2>
<label>עדכון מהיר</label>
<onclick>PlayMedia(&quot;plugin://plugin.program.Ghost/?mode=install&amp;name=+Pellucid+Premium+Ver+1&amp;url=gui&quot;)</onclick>
</item>
<item id="2">
<label>עדכון מהיר טלמדיה</label>
<label2>-2-</label2>
<onclick>ActivateWindow(10025,&quot;plugin://plugin.video.telemedia/?data=%20&amp;dates=%20&amp;description=%d7%a8%d7%99%d7%a4%d7%95%20%d7%90%d7%99%d7%a9%d7%99&amp;eng_name=%20&amp;episode=%20&amp;fanart=https%3a%2f%2fcdn.wallpapersafari.com%2f21%2f48%2fcRMEy3.jpg&amp;fav_status=false&amp;groups_id=0&amp;heb_name=%20&amp;iconimage=special%3a%2f%2fhome%2faddons%2fplugin.video.telemedia%2ftele%2faddons.png&amp;id=%20&amp;image_master&amp;isr=0&amp;last_id&amp;mode=46&amp;name=%5bCOLOR%20blue%5d%d7%a8%d7%99%d7%a4%d7%95%20%d7%90%d7%99%d7%a9%d7%99%5b%2fCOLOR%5d&amp;original_title=%20&amp;season=%20&amp;show_original_year=%20&amp;tmdbid=%20&amp;url=www&quot;,return)</onclick>
</item>
<item id="3">
<label>עדכון מהיר טלמדיה אפשרות שניה</label>
<label2>-3-</label2>
<onclick>-PlayMedia(&quot;plugin://plugin.video.telemedia/?&amp;mode=47&amp;name=%5BCOLOR+lightblue%5Dupdate%5B%2FCOLOR%5D&amp;fanart=+&amp;iconimage=+&amp;original_title=%7B%22update%22%3A+%5B%7B%22c_id%22%3A+118489088%2C+%22m_id%22%3A+118489088%2C+%22f_name%22%3A+%22update-10.2.zip%22%2C+%22version%22%3A+%2215.2%22%2C+%22ex%22%3A+false%2C+%22id%22%3A+%22665%22%2C+%22size%22%3A+%220.0+GB%22%7D%5D%7D&amp;url=%5B%7B%22c_id%22%3A+118489088%2C+%22m_id%22%3A+118489088%2C+%22f_name%22%3A+%22update-10.2.zip%22%2C+%22version%22%3A+%2215.2%22%2C+%22ex%22%3A+false%2C+%22id%22%3A+%22665%22%2C+%22size%22%3A+%220.0+GB%22%7D%5D&amp;description=+&quot;)</onclick>
</item>
<item id="4">
<label2>-4-</label2>
<onclick>-</onclick>
</item>
</content>
</control>
</control>
</include>

</includes>
