<?xml version="1.0" encoding="UTF-8"?>

<includes>


<include name="mainscreenspissodesnew">
<control type="group">
<visible>![Container(9000).HasFocus(5) | Container(9000).HasFocus(6) | Container(9000).HasFocus(7)]</visible>
<include content="mainscreenepissodes">
<param name="mainscreenepissodesid" value="1126"/>
<param name="epissodemainscreencontent" value="plugin://plugin.video.telemedia/?data=0&amp;dates=%20&amp;description=%0afrom_plot&amp;eng_name=%20&amp;episode=%20&amp;fanart&amp;fav_status=false&amp;heb_name=%20&amp;iconimage&amp;id=%20&amp;image_master=%24%24%24&amp;isr=0&amp;last_id=0%24%24%240%24%24%240%24%24%240&amp;mode=2&amp;name=%5bCOLOR%20khaki%5d%d7%a4%d7%a8%d7%a7%d7%99%d7%9d%20%d7%97%d7%95%22%d7%9c%20%d7%91%d7%aa%d7%a8%d7%92%d7%95%d7%9d%20%d7%9e%d7%95%d7%91%d7%a0%d7%94%5b%2fCOLOR%5d&amp;original_title=%d7%a4%d7%a8%d7%a7%d7%99%d7%9d%20%d7%97%d7%95%22%d7%9c%20%d7%91%d7%aa%d7%a8%d7%92%d7%95%d7%9d%20%d7%9e%d7%95%d7%91%d7%a0%d7%94&amp;season=%20&amp;show_original_year=%20&amp;tmdbid=%20&amp;url=-1001359722575&quot"/>
</include>
</control>
</include>


<include name="mainscreenepissodes">
<definition>
<control type="group">
<animation condition="Control.HasFocus(9001) | Control.HasFocus(3495) | Window.IsActive(6100)" effect="fade" start="100" end="0" time="50">Conditioanl</animation>
<control type="label">
<animation condition="!Integer.IsGreater(Container(1126).NumItems,0)" effect="fade" start="0" end="100" time="1100" pulse="true">Conditioanl</animation>
<visible>!Integer.IsGreater(Container(1126).NumItems,0)</visible>
<posx>800</posx>
<posy>738</posy>
<width>500</width>
<height>40</height>
<align>center</align>
<label>טוען פרקים אחרונים</label>
</control>
<control type="list" id="$PARAM[mainscreenepissodesid]">
<animation effect="fade" time="450">VisibleChange</animation>
<posx>-15</posx>
<posy>712</posy>
<width>1920</width>
<height>250</height>
<onback>9000</onback>
<orientation>horizontal</orientation>
<scrolltime tween="quanderic" easing="inout">350</scrolltime>
<orientation>vertical</orientation>
<itemlayout width="435" height="80">
<control type="image">
<animation effect="fade" time="450">VisibleChange</animation>
<posx>0</posx>
<posy>0</posy>
<width>450</width>
<height>120</height>
<texture border="40">special://skin/extras/common/roundedbutton-nofocus.png</texture>
</control>
<control type="textbox">
<posx>20</posx>
<posy>15</posy>
<width>420</width>
<height>80</height>
<align>left</align>
<label>$INFO[ListItem.Label]</label>
</control>
</itemlayout>
<focusedlayout width="435" height="100">
<control type="image">
<animation effect="fade" time="450">VisibleChange</animation>
<posx>0</posx>
<posy>0</posy>
<width>450</width>
<height>120</height>
<texture border="40">special://skin/extras/common/roundedbutton-nofocus.png</texture>
</control>
<control type="image">
<animation effect="fade" time="450">VisibleChange</animation>
<visible>Control.HasFocus($PARAM[mainscreenepissodesid])</visible>
<animation condition="!Control.HasFocus($PARAM[mainscreenepissodesid])" effect="fade" start="100" end="45" time="150">Conditioanl</animation>
<posx>18</posx>
<posy>88</posy>
<width>412</width>
<height>10</height>
<texture colordiffuse="deepskyblue">special://skin/extras/test/progress-bg.png</texture>
</control>
<control type="textbox">
<posx>20</posx>
<posy>15</posy>
<width>420</width>
<height>80</height>
<align>left</align>
<autoscroll fade="3000" time="3000" repeat="4000">Control.HasFocus(1126)</autoscroll>
<label>$INFO[ListItem.Label]</label>
</control>
</focusedlayout>
<content>$PARAM[epissodemainscreencontent]</content>
</control>
</control>
</definition>
</include>


</includes>
