<?xml version="1.0" encoding="UTF-8"?>




<includes>
 
<include name="idanplusextended">
<definition>
<control type="group">
<posy>340</posy>
<control type="image">
<description>chan background</description>
<posx>750</posx>
<posy>400</posy>
<width>1260</width>
<height>325</height>
<texture>special://skin/extras/common/context_middle.png</texture>
</control>
<control type="image">
<animation condition="IsEmpty(Container($PARAM[stringid]).ListItem.Plot)" effect="slide" start="0,0" end="-2000,0" time="250" tween="sine" easing="inout">Conditional</animation>
<description>info background</description>
<posx>-60</posx>
<posy>570</posy>
<width>880</width>
<height>155</height>
<texture>special://skin/extras/common/context_middle.png</texture>
</control>
<control type="image">
<animation condition="IsEmpty(Container($PARAM[stringid]).ListItem.Plot)" effect="slide" start="0,0" end="-2000,0" time="250" tween="sine" easing="inout">Conditional</animation>
<description>info background</description>
<posx>-60</posx>
<posy>400</posy>
<width>880</width>
<height>165</height>
<texture>special://skin/extras/common/context_middle.png</texture>
</control>

<control type="image">
<animation condition="IsEmpty(Container($PARAM[stringid]).ListItem.Plot)" effect="slide" start="0,0" end="-1100,0" time="250" tween="sine" easing="inout">Conditional</animation>
<description>info background</description>
<posx>2500</posx>
<posy>365</posy>
<width>570</width>
<height>35</height>
<texture>special://skin/extras/common/context_middle.png</texture>
</control>

<control type="group">
<visible>$PARAM[notvisible]</visible>
<control type="textbox">
<animation condition="IsEmpty(Container($PARAM[stringid]).ListItem.Plot)" effect="slide" start="0,0" end="-2000,0" time="250" tween="sine" easing="inout">Conditional</animation>
<animation condition="$PARAM[labelcontains]" effect="slide" start="0,0" end="0,165" time="150" tween="sine" easing="inout">Conditional</animation>
<visible>!IsEmpty(Container($PARAM[stringid]).ListItem.Plot)</visible>
<posx>145</posx>
<posy>400</posy>
<width>640</width>
<height>215</height>
<align>right</align>
<label>$INFO[Container($PARAM[stringid]).ListItem.Label]</label>
</control>

<control type="textbox">
<visible>IsEmpty(Container($PARAM[stringid]).ListItem.Plot)</visible>
<posx>1050</posx>
<posy>360</posy>
<width>840</width>
<height>115</height>
<align>right</align>
<label>$INFO[Container($PARAM[stringid]).ListItem.Label]</label>
</control>

<control type="textbox">
<autoscroll fade="2550" time="3000" repeat="4000"></autoscroll>
<posx>140</posx>
<posy>580</posy>
<width>640</width>
<height>150</height>
<align>right</align>
<label>$INFO[Container($PARAM[stringid]).ListItem.Plot]</label>
</control>
</control>

<control type="panel" id="$PARAM[stringid]">
<posx>800</posx>
<posy>410</posy>
<width>1200</width>
<height>415</height>
<onback>4448</onback>
<onup>22</onup>
<orientation>horizontal</orientation>
<scrolltime tween="sine" easing="inout">350</scrolltime>
<itemlayout width="160" height="160">
<control type="image">
<posx>0</posx>
<posy>0</posy>
<width>150</width>
<height>150</height>
<texture>$INFO[ListItem.Thumb]</texture>
</control>
</itemlayout>
<focusedlayout width="160" height="160">
<control type="image">
<visible>!control.hasfocus($PARAM[stringid])</visible>
<posx>0</posx>
<posy>0</posy>
<width>150</width>
<height>150</height>
<texture>$INFO[ListItem.Thumb]</texture>
</control>
<control type="image">
<visible>control.hasfocus($PARAM[stringid])</visible>
<posx>0</posx>
<posy>0</posy>
<width>150</width>
<height>150</height>
<bordertexture colordiffuse="cyan">white.png</bordertexture>
<bordersize>4</bordersize>
<texture>$INFO[ListItem.Thumb]</texture>
</control>
</focusedlayout>
<content>$PARAM[chancontent]</content>
</control>
</control>
</definition>
</include>


<include name="moviebetflixdesign">
<definition>
<control type="group">
<visible>Container(5).HasFocus($PARAM[itemnumber])</visible>
<control type="list" id="$PARAM[netflixstringid]">
<posx>0</posx>
<posy>0</posy>
<width>1920</width>
<height>1080</height>
<onback>5</onback>
<orientation>horizontal</orientation>
<autoscroll time="10000" fade="10000">System.IdleTime(25)</autoscroll>
<scrolltime tween="sine" easing="inout">450</scrolltime>
<itemlayout width="1550" height="50">
<control type="multiimage">
<posx>0</posx>
<posy>0</posy>
<width>1550</width>
<height>1080</height>
<fadetime>250</fadetime>
<imagepath>$INFO[ListItem.Art(fanart)]</imagepath>
</control>
</itemlayout>
<focusedlayout width="1550" height="50">
<control type="multiimage">
<posx>0</posx>
<posy>0</posy>
<width>1550</width>
<height>1080</height>
<fadetime>250</fadetime>
<imagepath>$INFO[ListItem.Art(fanart)]</imagepath>
</control>
</focusedlayout>
<content sortby="$PARAM[sortby]" sortorder="$PARAM[sortorder]">$PARAM[content]</content>
</control>
<control type="image">
<posx>1550</posx>
<posy>0</posy>
<width>380</width>
<height>1080</height>
<texture colordiffuse="ff111111">white.png</texture>
</control>

<control type="image">
<posx>0</posx>
<posy>0</posy>
<width>1550</width>
<height>1080</height>
<texture flipx="true" colordiffuse="ff111111">special://skin/extras/overlay/left_corner.png</texture>
</control>


<control type="textbox">
<posx>1300</posx>
<posy>600</posy>
<width>600</width>
<height>115</height>
<align>right</align>
<autoscroll fade="3000" time="4000" repeat="4000"></autoscroll>
<label>$INFO[Container($PARAM[netflixstringid]).ListItem.Plot]</label>
</control>
<!--<control type="image">
<animation effect="fade" time="450">VisibleChange</animation>
<posx>1650</posx>
<posy>300</posy>
<width>250</width>
<height>120</height>
<texture>$INFO[Window(Home).Property(SkinHelper.ListItem.Art.Clearlogo)]</texture>
</control>
<control type="image">
<visible>IsEmpty(Window(Home).Property(SkinHelper.ListItem.Art.Clearlogo)</visible>
<posx>1200</posx>
<posy>300</posy>
<width>250</width>
<height>150</height>
<texture>$INFO[Window(Home).Property(SkinHelper.ListItem.Art.Clearart)]</texture>
</control>-->
<control type="label">
<animation effect="fade" time="450">VisibleChange</animation>
<posx>1900</posx>
<posy>450</posy>
<width>1200</width>
<height>50</height>
<align>right</align>
<scroll>true</scroll>
<scrollspeed>40</scrollspeed>
<label>[B]$INFO[Container($PARAM[netflixstringid]).ListItem.Label][/B]</label>
</control>
<control type="textbox">
<posx>1250</posx>
<posy>250</posy>
<width>650</width>
<height>180</height>
<align>right</align>
<scroll>true</scroll>
<font>font-21-power</font>
<scrollspeed>40</scrollspeed>
<label>[B]$INFO[Container($PARAM[netflixstringid]).ListItem.Label][/B]</label>
</control>

<control type="grouplist">
<animation condition="IsEmpty(Container($PARAM[netflixstringid]).ListItem.Duration) | IsEmpty(Container($PARAM[netflixstringid]).ListItem.Rating)" effect="slide" start="0,0" end="150,0" time="150">Conditional</animation>
<posx>1310</posx>
<posy>525</posy>
<width>1920</width>
<height>100</height>
<itemgap>-35</itemgap>
<orientation>horizontal</orientation>
<control type="group">
<visible>!IsEmpty(Container($PARAM[netflixstringid]).ListItem.Genre)</visible>
<width>180</width>
<control type="label">
<posx>0</posx>
<posy>5</posy>
<font>font-14</font>
<align>center</align>
<label>[B][COLOR white]$INFO[Container($PARAM[netflixstringid]).ListItem.Genre][/COLOR][/B]</label>
</control>
</control>
<control type="group">
<visible>!IsEmpty(Container($PARAM[netflixstringid]).ListItem.Duration)</visible>
<width>180</width>
<control type="image">
<posx>30</posx>
<posy>0</posy>
<width>1</width>
<height>35</height>
<texture>special://skin/extras/info/upright.png</texture>
</control>
<control type="label">
<posx>15</posx>
<posy>5</posy>
<font>font-14</font>
<align>center</align>
<label>[B][COLOR white]$INFO[Container($PARAM[netflixstringid]).ListItem.Duration][/COLOR] [COLOR gray]דקות: [/COLOR][/B]</label>
</control>
</control>
<control type="group">
<visible>!IsEmpty(Container($PARAM[netflixstringid]).ListItem.Rating)</visible>
<width>180</width>
<control type="image">
<posx>25</posx>
<posy>0</posy>
<width>1</width>
<height>35</height>
<texture>special://skin/extras/info/upright.png</texture>
</control>
<control type="label">
<posx>15</posx>
<posy>5</posy>
<font>font-14</font>
<align>center</align>
<label>[B][COLOR white]$INFO[Container($PARAM[netflixstringid]).ListItem.Rating][/COLOR] [COLOR gray]דירוג: [/COLOR][/B]</label>
</control>
</control>
<control type="group">
<visible>!IsEmpty(Container($PARAM[netflixstringid]).ListItem.Year)</visible>
<width>180</width>
<control type="image">
<posx>25</posx>
<posy>0</posy>
<width>1</width>
<height>35</height>
<texture>special://skin/extras/info/upright.png</texture>
</control>
<control type="label">
<posx>15</posx>
<posy>5</posy>
<font>font-14</font>
<align>center</align>
<label>[B][COLOR white]$INFO[Container($PARAM[netflixstringid]).ListItem.Year][/COLOR] [COLOR gray]שנה: [/COLOR][/B]</label>
</control>
</control>
</control>
<control type="label">
<visible>!IsEmpty(Container($PARAM[netflixstringid]).ListItem.CastAndRole)</visible>
<posx>1900</posx>
<posy>750</posy>
<width>1200</width>
<height>80</height>
<align>right</align>
<scroll>true</scroll>
<scrollspeed>40</scrollspeed>
<label>[COLOR gray]בכיכובם:[/COLOR][CR][B]$INFO[Container($PARAM[netflixstringid]).ListItem.CastAndRole][/B]</label>
</control>
</control>
</definition>
</include>


<include name="videoodsdetails">
<definition>
<control type="group">
<visible>!IsEmpty($PARAM[novisible])</visible>
<animation type="WindowOpen">
<effect type="slide" start="0,0" end="$PARAM[windowopwnend]" time="$PARAM[animationtime]" tween="sine" easing="inout"/>
</animation>
<animation type="WindowClose">
<effect type="slide" start="$PARAM[windowclosestart]" end="0,0" time="$PARAM[animationtime]" tween="sine" easing="inout"/>
</animation>
<control type="image">
<posx>0</posx>
<posy>0</posy>
<width>250</width>
<height>35</height>
<bordertexture colordiffuse="gray">white.png</bordertexture>
<bordersize>1</bordersize>
<texture colordiffuse="black">white.png</texture>
</control>
<control type="label">
<posx>240</posx>
<posy>0</posy>
<width>285</width>
<height>40</height>
<align>right</align>
<font>font-16</font>
<label fallback="אין מידע">$PARAM[ossinfo]</label>
<scroll>true</scroll>
<scrollspeed>25</scrollspeed>
</control>
</control>
</definition>
</include>

<include name="extrasmovies">
<definition>
<control type="group">
<animation effect="fade" time="450">VisibleChange</animation>
<visible>StringCompare(Skin.String(Section),$PARAM[compareextrasid])</visible>
<control type="multiimage">
<posx>0</posx>
<posy>0</posy>
<width>1520</width>
<height>550</height>
<fadetime>350</fadetime>
<imagepath flipx="true" diffuse="special://skin/extras/overlay/right_corner.png">$INFO[Container($PARAM[idlist]).ListItem.Art(fanart)]</imagepath>
</control>
<control type="group">
<animation effect="fade" time="450">VisibleChange</animation>
<posx>50</posx>
<control type="label">
<posx>1840</posx>
<posy>0</posy>
<width>1000</width>
<height>50</height>
<align>right</align>
<font>font-21-power</font>
<label>$INFO[Container($PARAM[idlist]).ListItem.Label]</label>
</control>
<control type="textbox">
<posx>1240</posx>
<posy>120</posy>
<width>600</width>
<height>150</height>
<align>right</align>
<autoscroll fade="2500" time="2500" repeat="4000"></autoscroll>
<label>$INFO[Container($PARAM[idlist]).ListItem.Plot]</label>
</control>
<control type="image">
<visible>!IsEmpty(Container($PARAM[idlist]).ListItem.Genre)</visible>
<posx>1795</posx>
<posy>300</posy>
<width>45</width>
<height>45</height>
<aspectratio>keep</aspectratio>
<texture colordiffuse="white">special://skin/extras/genre.png</texture>
</control>
<control type="label">
<posx>1765</posx>
<posy>302</posy>
<width>1200</width>
<height>40</height>
<align>right</align>
<textcolor>burlywood</textcolor>
<label>[I]$INFO[Container($PARAM[idlist]).ListItem.Genre][/I]</label>
</control>

<control type="label">
<animation condition="!Integer.IsGreater(Container($PARAM[idlist]).NumItems,0)" effect="fade" start="0" end="100" time="1100" pulse="true">Conditional</animation>
<visible>!Integer.IsGreater(Container($PARAM[idlist]).NumItems,0)</visible>
<posx>1200</posx>
<posy>200</posy>
<width>1000</width>
<height>50</height>
<align>right</align>
<font>font-21-power</font>
<label>טוען תוכן סבלנות.....</label>
</control>


<control type="multiimage">
<animation condition="String.Contains(Container($PARAM[idlist]).ListItem.Label,מדובב) | String.Contains(Container($PARAM[idlist]).ListItem.Plot,מדובב)" effect="slide" start="0,0" end="-540,0" tween="sine" easing="inout" time="150" fade="50">Conditional</animation>
<posx>2200</posx>
<posy>345</posy>
<width>180</width>
<height>100</height>
<fadetime>250</fadetime>
<imagepath>special://skin/extras/specialbuttons/newddubed.png</imagepath>
</control>

<control type="group">
<visible>Window.IsActive(6698)</visible>
<control type="multiimage">
<animation condition="String.Contains(Container($PARAM[idlist]).ListItem.Year,2020) + !String.Contains(Container($PARAM[idlist]).ListItem.Label,מדובב)" effect="slide" start="0,0" end="-680,0" tween="sine" easing="inout" time="150" fade="50">Conditional</animation>
<posx>2200</posx>
<posy>345</posy>
<width>120</width>
<height>100</height>
<fadetime>250</fadetime>
<imagepath>special://skin/extras/specialbuttons/new.png</imagepath>
</control>
<control type="multiimage">
<animation condition="String.Contains(Container($PARAM[idlist]).ListItem.Year,2020) + String.Contains(Container($PARAM[idlist]).ListItem.Label,מדובב)" effect="slide" start="0,0" end="-520,0" tween="sine" easing="inout" time="150" fade="50">Conditional</animation>
<posx>2200</posx>
<posy>340</posy>
<width>120</width>
<height>100</height>
<fadetime>250</fadetime>
<imagepath>special://skin/extras/specialbuttons/new.png</imagepath>
</control>
</control>
</control>

<control type="list" id="$PARAM[idlist]">
<posx>40</posx>
<posy>450</posy>
<width>1950</width>
<height>800</height>
<preloaditems>2</preloaditems>
<onback>$PARAM[buttonid]</onback>
<ondown>$PARAM[buttonid]</ondown>
<orientation>horizontal</orientation>
<scrolltime tween="sine" easing="out">350</scrolltime>
<itemlayout width="320" height="100">
<control type="image">
<posx>-390</posx>
<posy>-155</posy>
<width>1150</width>
<height>755</height>
<texture>special://skin/extras/specialbuttons/shadowposter.png</texture>
</control>
<control type="image">
<posx>0</posx>
<posy>0</posy>
<width>250</width>
<height>470</height>
<texture>$INFO[ListItem.Art(poster)]</texture>
</control>
<control type="image">
<posx>0</posx>
<posy>410</posy>
<width>250</width>
<height>60</height>
<texture>black.png</texture>
<colordiffuse>77000000</colordiffuse>
</control>
<control type="label">
<posx>0</posx>
<posy>400</posy>
<width>250</width>
<height>50</height>
<align>right</align>
<label>$INFO[ListItem.Label][CR]$INFO[ListItem.Year]</label>
</control>
</itemlayout>
<focusedlayout width="320" height="100">
<control type="group">
<control type="image">
<posx>-390</posx>
<posy>-155</posy>
<width>1150</width>
<height>755</height>
<texture>special://skin/extras/specialbuttons/shadowposter.png</texture>
</control>
<animation effect="zoom" center="auto" start="100,100" end="105,105" fade="50" time="250">Focus</animation>

<control type="image">
<posx>0</posx>
<posy>0</posy>
<width>250</width>
<height>470</height>
<texture>$INFO[ListItem.Art(poster)]</texture>
</control>
<control type="image">
<posx>0</posx>
<posy>410</posy>
<width>250</width>
<height>60</height>
<texture>black.png</texture>
<colordiffuse>77000000</colordiffuse>
</control>
<control type="label">
<posx>0</posx>
<posy>400</posy>
<width>250</width>
<height>50</height>
<align>right</align>
<label>$INFO[ListItem.Label][CR]$INFO[ListItem.Year]</label>
</control>
</control>
</focusedlayout>
<content sortby="$PARAM[contentdateadded]" sortorder="$PARAM[contentdescending]">$PARAM[supercontent]</content>
</control>
</control>
</definition>
</include>

<include name="teleepisoedgroups">
<definition>
<control type="group">
<visible>Container(35).HasFocus($PARAM[itemidnumber])</visible>
<control type="button" id="4467">
<posx>300</posx>
<posy>550</posy>
<width>200</width>
<height>85</height>
<onback>Control.SetFocus($PARAM[stringid])</onback>
<onright>Control.SetFocus($PARAM[stringid])</onright>
<texturenofocus border="40">special://skin/extras/common/roundedbutton-nofocus.png</texturenofocus>
<texturefocus>special://skin/extras/common/roundedbutton-focus.png</texturefocus>
<label>עמוד הבא</label>
<onclick>Dialog.Close(6677)</onclick>
<onclick>$PARAM[buttononclick]</onclick>
</control>
<control type="textbox">
<animation condition="![Container(35).HasFocus(822) | Container(35).HasFocus(819)]" effect="slide" start="0,0" end="1000,0" time="250" tween="sine" easing="inout">Conditional</animation>
<visible>Container(35).HasFocus(822) | Container(35).HasFocus(819)</visible>
<posx>1740</posx>
<posy>420</posy>
<width>400</width>
<height>350</height>
<align>right</align>
<label>$INFO[Container($PARAM[stringid]).ListItem.Plot]</label>
</control>
<control type="wraplist" id="$PARAM[stringid]">
<animation effect="fade" time="450">VisibleChange</animation>
<posx>500</posx>
<posy>230</posy>
<width>1500</width>
<height>750</height>
<onright>35</onright>
<onback>35</onback>
<onleft>Control.SetFocus(4467)</onleft>
<movement>2</movement>
<focusposition>3</focusposition>
<scrolltime tween="quanderic" easing="inout">350</scrolltime>
<orientation>vertical</orientation>
<itemlayout width="650" height="80">
<control type="label">
<posx>50</posx>
<posy>15</posy>
<width>800</width>
<height>40</height>
<align>right</align>
<label>$INFO[ListItem.Label]</label>
</control>
</itemlayout>
<focusedlayout width="650" height="100">
<control type="image">
<animation effect="fade" time="450">VisibleChange</animation>
<visible>Control.HasFocus($PARAM[stringid])</visible>
<posx>30</posx>
<posy>0</posy>
<width>850</width>
<height>120</height>
<texture border="40">special://skin/extras/common/roundedbutton-nofocus.png</texture>
</control>
<control type="image">
<animation effect="fade" time="450">VisibleChange</animation>
<visible>Control.HasFocus($PARAM[stringid])</visible>
<posx>30</posx>
<posy>0</posy>
<width>850</width>
<height>120</height>
<texture border="40">special://skin/extras/common/roundedbutton-nofocus.png</texture>
</control>
<control type="image">
<animation effect="fade" time="450">VisibleChange</animation>
<visible>Control.HasFocus($PARAM[stringid])</visible>
<animation condition="!Control.HasFocus($PARAM[stringid])" effect="fade" start="100" end="45" time="150">Conditioanl</animation>
<posx>49</posx>
<posy>89</posy>
<width>810</width>
<height>10</height>
<texture colordiffuse="deepskyblue">special://skin/extras/test/progress-bg.png</texture>
</control>
<control type="label">
<posx>50</posx>
<posy>15</posy>
<width>800</width>
<height>40</height>
<align>right</align>
<label>$INFO[ListItem.Label]</label>
</control>
</focusedlayout>
<content>$PARAM[content]</content>
</control>
</control>
</definition>
</include>


<include name="newtvshows">
<definition>

<control type="group">
<visible>Container($PARAM[listid]).HasFocus($PARAM[listidfocus])</visible>
<control type="multiimage">
<visible>Control.HasFocus($PARAM[baseid]) | Control.HasFocus(35)</visible>
<posx>1100</posx>
<posy>760</posy>
<width>220</width>
<height>200</height>
<fadetime>350</fadetime>
<imagepath>$INFO[Container($PARAM[baseid]).ListItem.Art(thumb)]</imagepath>
</control>
<control type="label">
<animation effect="fade" time="450">VisibleChange</animation>
<visible>Control.HasFocus($PARAM[baseid]) | Control.HasFocus(35)</visible>
<posx>1080</posx>
<posy>800</posy>
<width>250</width>
<align>right</align>
<textcolor>burlywood</textcolor>
<label>תקציר סדרה:</label>
</control>
<control type="textbox">
<animation effect="fade" time="450">VisibleChange</animation>
<visible>Control.HasFocus($PARAM[baseid]) | Control.HasFocus(35)</visible>
<centerleft>39.5%</centerleft>
<posy>850</posy>
<width>650</width>
<height>115</height>
<align>right</align>
<autoscroll fade="2550" time="3000" repeat="4000"></autoscroll>
<label>$INFO[Container($PARAM[baseid]).ListItem.Plot]</label>
</control>
<control type="label">
<posx>1085</posx>
<posy>740</posy>
<width>800</width>
<height>100</height>
<align>right</align>
<textcolor>white</textcolor>
<font>font-21-newrecommnded</font>
<label>$INFO[Container($PARAM[baseid]).ListItem.Label] $INFO[Container($PARAM[baseid]).ListItem.Year, (,)]</label>
</control>
<control type="list" id="$PARAM[baseid]">
<posx>20</posx>
<posy>720</posy>
<width>1920</width>
<height>500</height>
<onup>35</onup>
<ondown>35</ondown>
<onback>35</onback>
<onclick>Control.SetFocus(1146)</onclick>
<ondown>Control.SetFocus(1146)</ondown>
<orientation>horizontal</orientation>
<scrolltime tween="sine" easing="inout">350</scrolltime>
<preloaditems>2</preloaditems>
<itemlayout width="1450" height="500">
<control type="image">
<posx>0</posx>
<posy>0</posy>
<width>250</width>
<height>250</height>
<texture>$INFO[ListItem.Thumb]</texture>
</control>
<control type="image">
<posx>0</posx>
<posy>250</posy>
<width>250</width>
<height>40</height>
<texture>black.png</texture>
</control>
<control type="label">
<posx>0</posx>
<posy>250</posy>
<width>250</width>
<height>40</height>
<align>center</align>
<label>$INFO[ListItem.Genre]</label>
</control>
</itemlayout>
<focusedlayout width="1450" height="500">
<control type="image">
<visible>!control.hasfocus($PARAM[baseid])</visible>
<posx>0</posx>
<posy>0</posy>
<width>250</width>
<height>250</height>
<texture>$INFO[ListItem.Thumb]</texture>
</control>
<control type="image">
<visible>control.hasfocus($PARAM[baseid])</visible>
<posx>0</posx>
<posy>0</posy>
<width>250</width>
<height>250</height>
<bordertexture>white.png</bordertexture>
<bordersize>4</bordersize>
<texture>$INFO[ListItem.Thumb]</texture>
</control>
<control type="image">
<posx>0</posx>
<posy>250</posy>
<width>250</width>
<height>40</height>
<texture>black.png</texture>
</control>
<control type="label">
<posx>0</posx>
<posy>250</posy>
<width>250</width>
<height>40</height>
<align>center</align>
<label>$INFO[ListItem.Genre]</label>
</control>
</focusedlayout>
<content sortby="dateadded" sortorder="descending">$PARAM[basecontent]</content>
</control>
</control>
</definition>
</include>



<include name="baseepisods">
<definition>
<control type="group">
<visible>String.Contains(Container($PARAM[baseid]).ListItem.Label,$PARAM[labelname])</visible>
<visible>$PARAM[notvisible]</visible>
<control type="multiimage">
<visible>Control.HasFocus($PARAM[baseeipisod])</visible>
<posx>1100</posx>
<posy>760</posy>
<width>220</width>
<height>200</height>
<fadetime>350</fadetime>
<imagepath>$INFO[Container($PARAM[baseeipisod]).ListItem.Art(fanart)]</imagepath>
</control>
<control type="image">
<posx>400</posx>
<posy>720</posy>
<width>910</width>
<height>2</height>
<texture>special://skin/extras/info/infopanel_line.png</texture>
</control>

<control type="textbox">
<animation effect="fade" time="450">VisibleChange</animation>
<visible>Control.HasFocus($PARAM[baseeipisod])</visible>
<centerleft>39.5%</centerleft>
<posy>850</posy>
<width>650</width>
<height>115</height>
<align>right</align>
<autoscroll fade="2550" time="3000" repeat="4000"></autoscroll>
<label>$INFO[Container($PARAM[baseeipisod]).ListItem.Plot]</label>
</control>
<control type="label">
<animation effect="fade" time="450">VisibleChange</animation>
<visible>Control.HasFocus($PARAM[baseeipisod])</visible>
<posx>1080</posx>
<posy>800</posy>
<width>250</width>
<align>right</align>
<label>$INFO[Container($PARAM[baseeipisod]).ListItem.Episode] [COLOR burlywood]תקציר פרק:[/COLOR]</label>
</control>
<control type="grouplist">
<posx>400</posx>
<posy>680</posy>
<width>1400</width>
<height>250</height>
<orientation>horizontal</orientation>
<itemgap>120</itemgap>
<control type="group">
<visible>!IsEmpty($PARAM[baseeipisod]).ListItem.Season)</visible>
<control type="image">
<posx>0</posx>
<posy>0</posy>
<width>2</width>
<height>40</height>
<texture>special://skin/extras/info/upright.png</texture>
</control>
<control type="label">
<posx>10</posx>
<posy>0</posy>
<width>auto</width>
<height>40</height>
<align>center</align>
<textcolor>white</textcolor>
<label>$INFO[Container($PARAM[baseeipisod]).ListItem.Season] [COLOR gray] עונה: [/COLOR]</label>
</control>
</control>
<control type="group">
<visible>!IsEmpty(Container($PARAM[baseeipisod]).ListItem.Episode)</visible>
<control type="image">
<posx>0</posx>
<posy>0</posy>
<width>2</width>
<height>40</height>
<texture>special://skin/extras/info/upright.png</texture>
</control>
<control type="label">
<posx>15</posx>
<posy>0</posy>
<width>auto</width>
<height>40</height>
<textcolor>white</textcolor>
<align>center</align>
<label>$INFO[Container($PARAM[baseeipisod]).ListItem.Episode] [COLOR gray] פרק: [/COLOR]</label>
</control>
</control>
<control type="group">
<visible>!IsEmpty(Container($PARAM[baseeipisod]).ListItem.Episode)</visible>
<control type="image">
<posx>0</posx>
<posy>0</posy>
<width>2</width>
<height>40</height>
<texture>special://skin/extras/info/upright.png</texture>
</control>
<control type="label">
<posx>15</posx>
<posy>0</posy>
<width>auto</width>
<height>40</height>
<textcolor>white</textcolor>
<align>center</align>
<label>$INFO[Container($PARAM[baseeipisod]).NumItems] [COLOR gray]פרקים:[/COLOR]</label>
</control>
</control>
<control type="group">
<visible>!IsEmpty($PARAM[baseeipisod]).ListItem.Rating)</visible>
<control type="image">
<posx>20</posx>
<posy>0</posy>
<width>2</width>
<height>40</height>
<texture>special://skin/extras/info/upright.png</texture>
</control>
<control type="image">
<posx>30</posx>
<posy>5</posy>
<width>120</width>
<height>35</height>
<texture colordiffuse="yellow" fallback="special://skin/extras/flags/stars/7.8.png">special://skin/extras/flags/stars/$INFO[Container($PARAM[baseeipisod]).ListItem.Rating].png</texture>
</control>
</control>
<control type="group">
<control type="image">
<posx>40</posx>
<posy>0</posy>
<width>2</width>
<height>40</height>
<texture>special://skin/extras/info/upright.png</texture>
</control>
<control type="label">
<visible>String.IsEqual(Container($PARAM[baseeipisod]).ListItem.Year,2020)</visible>
<posx>55</posx>
<posy>0</posy>
<width>auto</width>
<height>40</height>
<textcolor>deepskyblue</textcolor>
<label>סדרה חדשה</label>
</control>
<control type="label">
<visible>!String.IsEqual(Container($PARAM[baseeipisod]).ListItem.Year,2020)</visible>
<posx>55</posx>
<posy>0</posy>
<width>auto</width>
<height>40</height>
<textcolor>deepskyblue</textcolor>
<label>עונה חדשה</label>
</control>
</control>
<control type="group">
<control type="image">
<posx>95</posx>
<posy>0</posy>
<width>2</width>
<height>40</height>
<texture>special://skin/extras/info/upright.png</texture>
</control>
<control type="label">
<posx>110</posx>
<posy>0</posy>
<width>auto</width>
<height>40</height>
<textcolor>$PARAM[networkcolor]</textcolor>
<label>[B]($PARAM[networkname][/B])</label>
</control>
</control>
<control type="group">
<control type="image">
<posx>160</posx>
<posy>0</posy>
<width>2</width>
<height>40</height>
<texture>special://skin/extras/info/upright.png</texture>
</control>
</control>
</control>
<control type="button" id="1146">
<posx>0</posx>
<posy>0</posy>
<width>1</width>
<height>1</height>
<label>-</label>
<onfocus>Control.SetFocus($PARAM[baseeipisod])</onfocus>
</control>
<control type="list" id="$PARAM[baseeipisod]">
<posx>350</posx>
<posy>975</posy>
<width>1000</width>
<height>40</height>
<onback>5</onback>
<onback>$PARAM[onback]</onback>
<onup>$PARAM[onup]</onup>
<onup>5</onup>
<ondown>35</ondown>
<orientation>horizontal</orientation>
<preloaditems>2</preloaditems>
<itemlayout width="320" height="40">
<control type="label">
<posx>30</posx>
<posy>0</posy>
<width>200</width>
<height>40</height>
<align>center</align>
<label>$INFO[ListItem.Label]</label>
</control>
</itemlayout>
<focusedlayout width="320" height="40">
<control type="image">
<visible>Control.HasFocus($PARAM[baseeipisod])</visible>
<posx>0</posx>
<posy>5</posy>
<width>280</width>
<height>35</height>
<texture>special://skin/extras/views/default_button_fo.png</texture>
</control>
<control type="label">
<visible>!control.hasfocus($PARAM[baseeipisod])</visible>
<posx>30</posx>
<posy>0</posy>
<width>200</width>
<height>40</height>
<align>center</align>
<label>$INFO[ListItem.Label]</label>
</control>
<control type="label">
<visible>control.hasfocus($PARAM[baseeipisod])</visible>
<posx>30</posx>
<posy>0</posy>
<width>200</width>
<height>40</height>
<align>center</align>
<label>[B]$INFO[ListItem.Label][/B]</label>
</control>
</focusedlayout>
<content>$PARAM[baseepisodcontent]</content>
</control>
</control>
<control type="label">
<animation condition="![Integer.IsGreater(Container($PARAM[baseeipisod]).NumItems,0) | Control.HasFocus($PARAM[baseeipisod]) | Control.HasFocus(5) | Control.HasFocus(6)]" effect="fade" start="0" end="100" time="1100" pulse="true">Conditional</animation>
<visible>![Integer.IsGreater(Container($PARAM[baseeipisod]).NumItems,0) | Control.HasFocus($PARAM[baseeipisod]) | Control.HasFocus(5) | Control.HasFocus(6)]</visible>
<posx>1890</posx>
<posy>-50</posy>
<width>250</width>
<align>right</align>
<textcolor>white</textcolor>
<label>טוען פרקים...</label>
</control>
</definition>
</include>

<include name="thepowerofnewmusic">
<definition>
<control type="group">
<visible>Container(35).HasFocus($PARAM[radiopoweritemnumber])</visible>
<control type="multiimage">
<posx>1330</posx>
<posy>755</posy>
<width>250</width>
<height>260</height>
<fadetime>450</fadetime>
<imagepath>$INFO[Container($PARAM[musicpowerid]).ListItem.Thumb]</imagepath>
</control>
<control type="multiimage">
<posx>220</posx>
<posy>755</posy>
<width>250</width>
<height>260</height>
<fadetime>450</fadetime>
<imagepath>$INFO[Container($PARAM[musicpowerid]).ListItem.Thumb]</imagepath>
</control>


<control type="group">
<control type="label">
<posx>1600</posx>
<posy>685</posy>
<width>550</width>
<height>40</height>
<align>center</align>
<label>[COLOR deepskyblue]$INFO[MusicPlayer.Time][/COLOR][COLOR white] זמן ניגון: [/COLOR]</label>
</control>
</control>

<control type="group">
<visible>![Player.HasVideo | Player.HasAudio]</visible>
<control type="label">
<posx>150</posx>
<posy>685</posy>
<width>1550</width>
<height>40</height>
<align>center</align>
<textcolor>cyan</textcolor>
<label>ברוכים הבאים לנגן המרכזי</label>
</control>
</control>


<control type="group">
<visible>Player.HasVideo | Player.HasAudio</visible>
<control type="label">
<posx>120</posx>
<posy>685</posy>
<width>1550</width>
<height>40</height>
<align>center</align>
<textcolor>burlywood</textcolor>
<label>[COLOR deepskyblue]$INFO[MusicPlayer.Title][/COLOR][COLOR white] מתנגן עכשיו ברקע: [/COLOR]</label>
</control>
</control>


<control type="group">
<control type="label">
<posx>820</posx>
<posy>740</posy>
<width>500</width>
<height>40</height>
<textcolor>burlywood</textcolor>
<label>מידע על התחנה</label>
</control>
<control type="textbox">
<posx>650</posx>
<posy>800</posy>
<width>500</width>
<height>150</height>
<align>center</align>
<autoscroll fade="2550" time="2550" repeat="4000"></autoscroll>
<label>$INFO[Container($PARAM[musicpowerid]).ListItem.Plot]</label>
</control>
</control>
<control type="list" id="$PARAM[musicpowerid]">
<posx>1615</posx>
<posy>740</posy>
<width>500</width>
<height>330</height>
<onleft>8005</onleft>
<onback>35</onback>
<orientation>vertical</orientation>
<itemlayout width="220" height="40">
<control type="image">
<posx>0</posx>
<posy>5</posy>
<width>500</width>
<height>35</height>
<texture colordiffuse="99444444">white.png</texture>
</control>
<control type="label">
<posx>0</posx>
<posy>0</posy>
<width>500</width>
<height>40</height>
<align>right</align>
<label>$INFO[ListItem.Label]</label>
</control>
</itemlayout>
<focusedlayout width="220" height="40">
<control type="image">
<posx>0</posx>
<posy>5</posy>
<width>500</width>
<height>35</height>
<texture colordiffuse="99444444">white.png</texture>
</control>
<control type="image">
<visible>control.hasfocus($PARAM[musicpowerid])</visible>
<posx>0</posx>
<posy>5</posy>
<width>500</width>
<height>35</height>
<texture colordiffuse="gray">white.png</texture>
</control>
<control type="label">
<visible>!control.hasfocus($PARAM[musicpowerid])</visible>
<posx>0</posx>
<posy>0</posy>
<width>500</width>
<height>40</height>
<align>right</align>
<textcolor>white</textcolor>
<label>$INFO[ListItem.Label]</label>
</control>
<control type="label">
<visible>control.hasfocus($PARAM[musicpowerid])</visible>
<posx>0</posx>
<posy>0</posy>
<width>500</width>
<height>40</height>
<align>right</align>
<textcolor>black</textcolor>
<shadowcolor>white</shadowcolor>
<label>$INFO[ListItem.Label]</label>
</control>
</focusedlayout>
<content sortby="dateadded" sortorder="descending">$PARAM[radiopowercontent]</content>
</control>
</control>
</definition>
</include>

<include name="powerofmusic">
<definition>

		<control type="label">
		<animation condition="!Integer.IsGreater(Container($PARAM[powerofmusicid]).NumItems,0)" effect="fade" start="0" end="100" time="1100" pulse="true">Conditional</animation>
		<visible>!Integer.IsGreater(Container($PARAM[powerofmusicid]).NumItems,0)</visible>
		<posx>1650</posx>
		<posy>0</posy>
		<width>250</width>
		<height>200</height>
		<align>center</align>
		<label>טוען[CR]ערוצים</label>
		</control>
		
		<control type="group">
		<visible>Control.HasFocus($PARAM[powerofmusicid])</visible>
		<control type="multiimage">
		<posx>1000</posx>
		<posy>380</posy>
		<width>595</width>
		<height>310</height>
		<fadetime>450</fadetime>
		<imagepath>$INFO[Container($PARAM[powerofmusicid]).ListItem.Thumb]</imagepath>
		</control>
		<control type="textbox">
		<posx>620</posx>
		<posy>420</posy>
		<width>250</width>
		<height>150</height>
		<align>center</align>
		<label>$INFO[Container($PARAM[powerofmusicid]).ListItem.Label]</label>
		</control>
		</control>
		
		<control type="group">
		<control type="multiimage">
		<visible>Control.HasFocus(25) | Control.HasFocus(8005) | Control.HasFocus(402)</visible>
		<posx>1000</posx>
		<posy>380</posy>
		<width>595</width>
		<height>310</height>
		<fadetime>450</fadetime>
		<imagepath>https://image.winudf.com/v2/image/Y29tLk1hZ2ljSWRlYS5NdXNpYzI4Ml9zY3JlZW5fMV9rZmoybWtqaA/screen-1.jpg?fakeurl=1&type=.jpg</imagepath>
		</control>
		<control type="textbox">
		<visible>Control.HasFocus(25) | Control.HasFocus(8005) | Control.HasFocus(402)</visible>
		<visible>!Player.HasAudio</visible>
		<posx>535</posx>
		<posy>440</posy>
		<width>480</width>
		<height>300</height>
		<align>center</align>
		<label>Welcome To The Power Of Music Feel The Vibe</label>
		</control>
		<control type="label">
		<visible>Player.HasAudio</visible>
		<visible>![Control.HasFocus(5) | Control.HasFocus(6) | Control.HasFocus(7) | Control.HasFocus(8) | Control.HasFocus(9) | Control.HasFocus(10) | Control.HasFocus(11) | IsEmpty(MusicPlayer.Title)]</visible>
		<posx>535</posx>
		<posy>450</posy>
		<width>480</width>
		<height>300</height>
		<align>center</align>
		<textcolor>yellow</textcolor>
		<label>מנגן עכשיו ברקע</label>
		</control>
		<control type="textbox">
		<visible>Player.HasAudio</visible>
		<visible>![Control.HasFocus(5) | Control.HasFocus(6) | Control.HasFocus(7) | Control.HasFocus(8) | Control.HasFocus(9) | Control.HasFocus(10) | Control.HasFocus(11)]</visible>
		<posx>535</posx>
		<posy>505</posy>
		<width>480</width>
		<height>300</height>
		<align>center</align>
		<label>$INFO[MusicPlayer.Title]</label>
		</control>
		<control type="label">
		<visible>Player.HasAudio</visible>
		<visible>![Control.HasFocus(5) | Control.HasFocus(6) | Control.HasFocus(7) | Control.HasFocus(8) | Control.HasFocus(9) | Control.HasFocus(10) | Control.HasFocus(11)]</visible>
		<posx>435</posx>
		<posy>370</posy>
		<width>680</width>
		<height>300</height>
		<align>center</align>
		<textcolor>deepskyblue</textcolor>
		<label>$INFO[MusicPlayer.Time, זמן: ] $INFO[MusicPlayer.TimeRemaining, זמן שנותר: ]</label>
		</control>
		<control type="image">
		<visible>Player.HasAudio</visible>
		<posx>1700</posx>
		<posy>1000</posy>
		<width>150</width>
		<height>75</height>
		<texture>special://skin/extras/specialbuttonsnew/C-Rod-Music-About.gif</texture>
		</control>
		</control>
		
<control type="group">
<posx>$PARAM[grouposx]</posx>
<posy>$PARAM[grouposy]</posy>
<control type="image">
<posx>0</posx>
<posy>0</posy>
<width>500</width>
<height>60</height>
<texture>special://skin/extras/common/context_middle.png</texture>
</control>
<control type="image">
<posx>0</posx>
<posy>65</posy>
<width>500</width>
<height>285</height>
<texture>special://skin/extras/common/context_middle.png</texture>
</control>
<control type="image">
<visible>Control.HasFocus($PARAM[powerofmusicid])</visible>
<posx>45</posx>
<posy>0</posy>
<width>400</width>
<height>60</height>
<texture colordiffuse="deepskyblue">white.png</texture>
</control>
<control type="textbox">
<visible>!Control.HasFocus($PARAM[powerofmusicid])</visible>
<posx>0</posx>
<posy>-10</posy>
<width>500</width>
<height>100</height>
<font>font-21-recommnded</font>
<align>center</align>
<label>$PARAM[labeltileoflist]</label>
</control>
<control type="textbox">
<visible>Control.HasFocus($PARAM[powerofmusicid])</visible>
<posx>0</posx>
<posy>-10</posy>
<width>500</width>
<height>100</height>
<font>font-21-recommnded</font>
<align>center</align>
<textcolor>white</textcolor>
<label>$PARAM[labeltileoflist]</label>
</control>

<animation effect="fade" time="650">VisibleChange</animation>
<control type="list" id="$PARAM[powerofmusicid]">
<posx>0</posx>
<posy>60</posy>
<width>520</width>
<height>280</height>
<onright condition="Player.HasAudio">$PARAM[onright]</onright>
<onleft>$PARAM[onleft]</onleft>
<onback>25</onback>
<orientation>vertical</orientation>
<preloaditems>2</preloaditems>
<focusposition>0</focusposition>
<scrolltime tween="sine" easing="inout">450</scrolltime>
<itemlayout width="260" height="40">
<control type="label">
<posx>35</posx>
<posy>0</posy>
<width>400</width>
<height>40</height>
<label>$INFO[ListItem.Label]</label>
</control>
</itemlayout>
<focusedlayout width="260" height="40">
<control type="label">
<visible>!control.hasfocus($PARAM[powerofmusicid])</visible>
<posx>35</posx>
<posy>0</posy>
<width>400</width>
<height>40</height>
<label>$INFO[ListItem.Label]</label>
</control>
<control type="label">
<visible>control.hasfocus($PARAM[powerofmusicid])</visible>
<posx>35</posx>
<posy>0</posy>
<width>400</width>
<height>40</height>
<textcolor>yellow</textcolor>
<label>$INFO[ListItem.Label]</label>
</control>
</focusedlayout>
<content>$PARAM[powerofmusiccontent]</content>
</control>
</control>
</definition>
</include>


<include name="idanplusnewsextras">
<definition>
<control type="group">
<visible>Control.HasFocus($PARAM[idanlistid])</visible>
<control type="textbox">
<posx>400</posx>
<posy>20</posy>
<width>1000</width>
<height>150</height>
<align>right</align>
<font>font-21-newrecommnded</font>
<label>$INFO[Container($PARAM[idanlistid]).ListItem.Label]</label>
</control>
<control type="textbox">
<posx>400</posx>
<posy>100</posy>
<width>1000</width>
<height>125</height>
<align>right</align>
<label>$INFO[Container($PARAM[idanlistid]).ListItem.Plot]</label>
<autoscroll fade="3000" time="3000" repeat="3000"></autoscroll>
</control>
</control>
<control type="list" id="$PARAM[idanlistid]">
<posx>1600</posx>
<posy>$PARAM[listposy]</posy>
<width>1720</width>
<height>1400</height>
<onback>9000</onback>
<ondown>$PARAM[ondown]</ondown>
<onup>$PARAM[onup]</onup>
<onclick>Control.SetFocus(5846)</onclick>
<orientation>verical</orientation>
<scrolltime tween="sine" easing="inout">350</scrolltime>
<itemlayout width="370" height="320">
<control type="image">
<posx>-405</posx>
<posy>0</posy>
<width>1200</width>
<height>400</height>
<texture>special://skin/extras/specialbuttons/shadowposter.png</texture>
</control>
<control type="image">
<posx>0</posx>
<posy>80</posy>
<width>250</width>
<height>250</height>
<bordertexture colordiffuse="gray">white.png</bordertexture>
<bordersize>2</bordersize>
<texture>$INFO[ListItem.Art(fanart)]</texture>
</control>
</itemlayout>
<focusedlayout width="370" height="320">
<control type="image">
<animation effect="zoom" center="auto" start="95,95" end="101,101" time="250">Focus</animation>
<posx>-405</posx>
<posy>0</posy>
<width>1200</width>
<height>400</height>
<texture>special://skin/extras/specialbuttons/shadowposter.png</texture>
</control>
<control type="image">
<animation effect="zoom" center="auto" start="95,95" end="101,101" time="250">Focus</animation>
<posx>0</posx>
<posy>80</posy>
<width>250</width>
<height>250</height>
<bordertexture colordiffuse="gray">white.png</bordertexture>
<bordersize>2</bordersize>
<texture>$INFO[ListItem.Art(fanart)]</texture>
</control>
<control type="image">
<animation condition="!Conttrol.HasFocus($PARAM[idanlistid])" effect="fade" start="0,0" end="40,40" time="250">Conditional</animation>
<animation effect="zoom" center="auto" start="95,95" end="101,101" time="150">Focus</animation>
<visible>!Control.HasFocus($PARAM[idanlistid])</visible>
<posx>250</posx>
<posy>83</posy>
<width>10</width>
<height>245</height>
<texture colordiffuse="deepskyblue">white.png</texture>
</control>
<control type="image">
<animation condition="Conttrol.HasFocus($PARAM[idanlistid])" effect="fade" start="0,0" end="100,100" time="250">Conditional</animation>
<animation effect="zoom" center="auto" start="95,95" end="101,101" time="250">Focus</animation>
<visible>Control.HasFocus($PARAM[idanlistid])</visible>
<posx>250</posx>
<posy>83</posy>
<width>10</width>
<height>245</height>
<texture colordiffuse="deepskyblue">white.png</texture>
</control>
</focusedlayout>
<content sortby="$PARAM[sortby]" sortorder="$PARAM[sortorder]">$PARAM[idancontent]</content>
</control>
</definition>
</include>


<include name="idannewrpissodes">
<definition>
<control type="group">
<animation effect="fade" time="450">VisibleChange</animation>
<visible>String.Contains(Container(500).ListItem.Label,$PARAM[idanlabelname])</visible>

<control type="group">
<visible>Control.HasFocus($PARAM[idannewsid])</visible>
<control type="textbox">
<posx>400</posx>
<posy>20</posy>
<width>1000</width>
<height>150</height>
<align>right</align>
<font>font-21-newrecommnded</font>
<label>$INFO[Container($PARAM[idannewsid]).ListItem.Label]</label>
</control>
<control type="textbox">
<posx>400</posx>
<posy>120</posy>
<width>1000</width>
<height>125</height>
<align>right</align>
<label>$INFO[Container($PARAM[idannewsid]).ListItem.Plot]</label>
<autoscroll fade="3000" time="3000" repeat="3000"></autoscroll>
</control>
</control>

<control type="button" id="5846">
<posx>0</posx>
<posy>0</posy>
<width>1</width>
<height>1</height>
<label>-</label>
<onfocus>Control.SetFocus($PARAM[idannewsid])</onfocus>
</control>
<control type="list" id="$PARAM[idannewsid]">
<posx>20</posx>
<posy>$PARAM[idanlistposy]</posy>
<width>1400</width>
<height>400</height>
<onback>500</onback>
<orientation>horizontal</orientation>
<scrolltime tween="sine" easing="inout">350</scrolltime>
<itemlayout width="280" height="40">
<control type="image">
<posx>-360</posx>
<posy>0</posy>
<width>1050</width>
<height>380</height>
<texture>special://skin/extras/specialbuttons/shadowposter.png</texture>
</control>
<control type="image">
<posx>0</posx>
<posy>80</posy>
<width>220</width>
<height>220</height>
<texture>$INFO[ListItem.Thumb]</texture>
</control>
</itemlayout>
<focusedlayout width="280" height="40">
<control type="image">
<posx>-360</posx>
<posy>0</posy>
<width>1050</width>
<height>380</height>
<texture>special://skin/extras/specialbuttons/shadowposter.png</texture>
</control>
<control type="image">
<posx>0</posx>
<posy>80</posy>
<width>220</width>
<height>220</height>
<texture>$INFO[ListItem.Thumb]</texture>
</control>
<control type="image">
<animation condition="Conttrol.HasFocus($PARAM[idannewsid])" effect="fade" start="0,0" end="100,100" time="250">Conditional</animation>
<animation effect="zoom" center="auto" start="95,95" end="101,101" time="250">Focus</animation>
<visible>Control.HasFocus($PARAM[idannewsid])</visible>
<posx>0</posx>
<posy>305</posy>
<width>220</width>
<height>10</height>
<texture colordiffuse="gray">white.png</texture>
</control>
</focusedlayout>
<content>$PARAM[idannewcontent]</content>
</control>
</control>
</definition>
</include>


<include name="reshetchan">
<control type="group">
<animation condition="Window.IsActive(6409) | Window.IsActive(6707) | Window.IsActive(6601) | Window.IsActive(6602) | Window.IsActive(6603) | Window.IsActive(6703) | Window.IsActive(6704) | Window.IsActive(6705) | Window.IsActive(6300) | Window.IsActive(6301) | Window.IsActive(6407) | Window.IsActive(6302) | Window.IsActive(6403) | Window.IsActive(6701) | Window.IsActive(6408) | Window.IsActive(6704) | Window.IsActive(6402) | Window.IsActive(6307) | Window.IsActive(6406) | Window.IsActive(6404) | Window.IsActive(6711) | Window.IsActive(6401) | Window.IsActive(6708) | Window.IsActive(6709) | Window.IsActive(6710) | Window.IsActive(6409) | Window.IsActive(6410) | Window.IsActive(6415) | Window.IsActive(6304) | Window.IsActive(6305) | Window.IsActive(6306) | Window.IsActive(6308) | Window.IsActive(6405)" effect="slide" start="0,0" end="2000,0" time="550" tween="sine" easing="inout">Conditioanl</animation>
<control type="image">
<animation type="WindowOpen">
<effect type="slide" start="0,0" end="1000,0" time="500" tween="sine" easing="inout"/>
</animation>
<posx>-1000</posx>
<posy>300</posy>
<width>700</width>
<height>400</height>
<bordertexture colordiffuse="gray">white.png</bordertexture>
<bordersize>1</bordersize>
<texture colordiffuse="black">white.png</texture>
</control>
<control type="image">
<animation type="WindowOpen">
<effect type="slide" start="0,0" end="-1000,0" time="500" tween="sine" easing="inout"/>
</animation>
<posx>2240</posx>
<posy>300</posy>
<width>700</width>
<height>400</height>
<bordertexture colordiffuse="gray">white.png</bordertexture>
<bordersize>1</bordersize>
<texture colordiffuse="black">white.png</texture>
</control>
</control>

<control type="group">
<animation condition="Window.IsActive(6409) | Window.IsActive(6707) | Window.IsActive(6601) | Window.IsActive(6602) | Window.IsActive(6603) | Window.IsActive(6703) | Window.IsActive(6704) | Window.IsActive(6705) | Window.IsActive(6300) | Window.IsActive(6301) | Window.IsActive(6407) | Window.IsActive(6302) | Window.IsActive(6403) | Window.IsActive(6701) | Window.IsActive(6408) | Window.IsActive(6704) | Window.IsActive(6402) | Window.IsActive(6307) | Window.IsActive(6406) | Window.IsActive(6404) | Window.IsActive(6711) | Window.IsActive(6401) | Window.IsActive(6708) | Window.IsActive(6709) | Window.IsActive(6710) | Window.IsActive(6409) | Window.IsActive(6410) | Window.IsActive(6415) | Window.IsActive(6304) | Window.IsActive(6305) | Window.IsActive(6306) | Window.IsActive(6308) | Window.IsActive(6405)" effect="slide" start="0,0" end="2000,0" time="550" tween="sine" easing="inout">Conditioanl</animation>
<posx>1240</posx>
<control type="image">
<posx>60</posx>
<posy>380</posy>
<width>620</width>
<height>350</height>
<bordertexture colordiffuse="gray">white.png</bordertexture>
<bordersize>1</bordersize>
<texture colordiffuse="black">white.png</texture>
</control>
<control type="panel" id="5">
<posx>0</posx>
<posy>325</posy>
<width>700</width>
<height>550</height>
<orientation>horizontal</orientation>
<itemlayout width="180" height="190">
</itemlayout>
<focusedlayout width="180" height="190">
</focusedlayout>
<content>plugin://plugin.video.telemedia/?data=0&amp;dates=%20&amp;description=%d7%a7%d7%a9%d7%aa%0a%0a%d7%97%d7%93%d7%a9%d7%95%d7%aa%20%d7%94%d7%a2%d7%a8%d7%91%20%2c%20%d7%94%d7%9e%d7%94%d7%93%d7%95%d7%a8%d7%94%20%d7%94%d7%9e%d7%a8%d7%9b%d7%96%d7%99%d7%aa%0a%0a21%3a30%0a%d7%94%d7%9e%d7%aa%d7%9e%d7%97%d7%99%d7%9d%20%d7%9c%d7%95%d7%97%d7%9e%d7%99%20%d7%94%d7%a7%d7%95%d7%a8%d7%95%d7%a0%d7%94%0a%0a22%3a59%0a%d7%94%d7%a0%d7%a2%d7%a8%d7%99%d7%9d%20-%20%d7%93%d7%a8%d7%9e%d7%94%0a%0a23%3a58%0a%d7%aa%d7%9b%d7%a0%d7%99%d7%aa%20%d7%97%d7%99%d7%a1%d7%9b%d7%95%d7%9f%20%d7%a9.%d7%97%0a%0a00%3a00%0a%d7%9e%d7%91%d7%96%d7%a7%20%d7%97%d7%a6%d7%95%d7%aa%0a%0a00%3a05%0a%d7%aa%d7%9b%d7%a0%d7%99%d7%aa%20%d7%97%d7%99%d7%a1%d7%9b%d7%95%d7%9f%20%d7%a9.%d7%97%0a%0a00%3a55%0a%d7%a4%d7%90%d7%95%d7%9c%d7%94%20%d7%95%d7%9c%d7%99%d7%90%d7%95%d7%9f%20%d7%a9.%d7%97%0a%0a02%3a40%0a%d7%9e%d7%99%d7%a7%d7%a1%20%d7%99%d7%a9%d7%a8%d7%90%d7%9c%d7%99%20%d7%a9.%d7%97%0a%0a03%3a05%0a%d7%a4%d7%a8%d7%a1%d7%a4%d7%a7%d7%98%d7%99%d7%91%d7%94%20%d7%a9.%d7%97%0a%0a04%3a00%0a%d7%90%d7%92%27%d7%a0%d7%93%d7%94%20%d7%a0%d7%a9%d7%99%d7%aa%20%d7%a9.%d7%97%0a%0a04%3a30%0a%d7%97%d7%99%20%d7%91%d7%9c%d7%99%d7%9c%d7%94%2024%20%d7%a9%d7%a2%d7%95%d7%aa%20%d7%91...%d7%93%d7%99%d7%a1%d7%9c%d7%93%d7%95%d7%a8%d7%a3%20%d7%a9.%d7%97%0a%0a04%3a40%0a%d7%94%d7%9b%d7%95%d7%9b%d7%91%20%d7%94%d7%91%d7%90%20%d7%9c%d7%90%d7%99%d7%a8%d7%95%d7%95%d7%99%d7%96%d7%99%d7%95%d7%9f%20-%20%d7%94%d7%90%d7%95%d7%93%d7%99%d7%a9%d7%a0%d7%99%d7%9d%20%d7%94%d7%90%d7%97%d7%a8%d7%95%d7%a0%d7%99%d7%9d%20%d7%a9.%d7%97%0a%0a05%3a35%0a%d7%aa%d7%9b%d7%a0%d7%99%d7%aa%20%d7%97%d7%99%d7%a1%d7%9b%d7%95%d7%9f%20%d7%a9.%d7%97%0a%0a%0a%d7%9e%d7%a9%d7%95%d7%93%d7%a8%20%d7%9b%d7%a2%d7%aa%0afrom_plot&amp;eng_name=%20&amp;episode=%20&amp;fanart&amp;fav_status=false&amp;groups_id=0&amp;heb_name=%20&amp;iconimage&amp;id=%20&amp;image_master=%24%24%24&amp;isr=0&amp;last_id=0%24%24%240%24%24%240%24%24%240&amp;mode=2&amp;name=%5bCOLOR%20khaki%5dkeshet%5b%2fCOLOR%5d&amp;original_title=keshet&amp;season=%20&amp;show_original_year=%20&amp;tmdbid=%20&amp;url=-1001327795796&quot</content>
</control>
<control type="group">
<control type="image">
<posx>0</posx>
<posy>0</posy>
<width>700</width>
<height>300</height>
<texture>special://skin/extras/test/keshet12.png</texture>
</control>
<control type="label">
<posx>250</posx>
<posy>335</posy>
<width>250</width>
<height>100</height>
<textcolor>burlywood</textcolor>
<label>לוח שידורים להיום</label>
</control>
<control type="textbox">
<pagecontrol>60</pagecontrol>
<posx>140</posx>
<posy>420</posy>
<width>500</width>
<height>300</height>
<align>right</align>
<label>$INFO[Container(5).ListItem.Label]</label>
</control>
</control>

<control type="scrollbar" id="60">
                <left>60</left>
                <top>380</top>
                <width>4</width>
				<onback>15</onback>
				<onright>15</onright>
				<onleft>15</onleft>
                <height>350</height>
                <subtype>text</subtype>
                <visible>true</visible>
                <texturesliderbackground colordiffuse="gray">white.png</texturesliderbackground>
                <texturesliderbar colordiffuse="white">white.png</texturesliderbar>
                <texturesliderbarfocus colordiffuse="FF12B2E7">white.png</texturesliderbarfocus>
                <orientation>vertical</orientation>
                <showonepage>true</showonepage>
                <onup>201</onup>
                <ondown>201</ondown>
                <onleft>201</onleft>
                <onright>201</onright>
            </control>
</control>
</include>



<include name="kesetchan">
<control type="group">
<animation condition="Window.IsActive(6409) | Window.IsActive(6707) | Window.IsActive(6601) | Window.IsActive(6602) | Window.IsActive(6603) | Window.IsActive(6703) | Window.IsActive(6704) | Window.IsActive(6705) | Window.IsActive(6300) | Window.IsActive(6301) | Window.IsActive(6407) | Window.IsActive(6302) | Window.IsActive(6403) | Window.IsActive(6701) | Window.IsActive(6408) | Window.IsActive(6704) | Window.IsActive(6402) | Window.IsActive(6307) | Window.IsActive(6406) | Window.IsActive(6404) | Window.IsActive(6711) | Window.IsActive(6401) | Window.IsActive(6708) | Window.IsActive(6709) | Window.IsActive(6710) | Window.IsActive(6409) | Window.IsActive(6410) | Window.IsActive(6415) | Window.IsActive(6304) | Window.IsActive(6305) | Window.IsActive(6306) | Window.IsActive(6308) | Window.IsActive(6405)" effect="slide" start="0,0" end="-2000,0" time="550" tween="sine" easing="inout">Conditioanl</animation>
<posx>0</posx>
<control type="image">
<posx>0</posx>
<posy>380</posy>
<width>620</width>
<height>350</height>
<bordertexture colordiffuse="gray">white.png</bordertexture>
<bordersize>1</bordersize>
<texture colordiffuse="black">white.png</texture>
</control>

<control type="panel" id="8">
<posx>0</posx>
<posy>325</posy>
<width>700</width>
<height>550</height>
<orientation>horizontal</orientation>
<itemlayout width="180" height="190">
</itemlayout>
<focusedlayout width="180" height="190">
</focusedlayout>
<content>plugin://plugin.video.telemedia/?data=0&amp;dates=%20&amp;description=%d7%a8%d7%a9%d7%aa%0a%0a10%3a00%d7%94%d7%97%d7%93%d7%a9%d7%95%d7%aa%2013%20-%20%d7%9e%d7%91%d7%96%d7%a7%d7%94%d7%97%d7%93%d7%a9%d7%95%d7%aa%2013%20-%20%d7%9e%d7%91%d7%96%d7%a7%0a%0a10%3a05%d7%a4%d7%95%d7%aa%d7%97%d7%99%d7%9d%20%d7%99%d7%95%d7%9d%d7%a4%d7%95%d7%aa%d7%97%d7%99%d7%9d%20%d7%99%d7%95%d7%9d%0a%0a12%3a00%d7%97%d7%99%d7%99%d7%9d%20%d7%91%d7%a8%d7%99%d7%90%20%d7%a2%d7%9d%20%d7%a4%d7%a8%d7%95%d7%a4%27%20%d7%a7%d7%a8%d7%a1%d7%95%20-%20%d7%a2%d7%95%d7%a0%d7%94%206%d7%97%d7%99%d7%99%d7%9d%20%d7%91%d7%a8%d7%99%d7%90%20%d7%a2%d7%9d%20%d7%a4%d7%a8%d7%95%d7%a4%27%20%d7%a7%d7%a8%d7%a1%d7%95%20-%20%d7%a2%d7%95%d7%a0%d7%94%206%0a%0a13%3a00%d7%94%d7%97%d7%93%d7%a9%d7%95%d7%aa%2013%20-%20%d7%9e%d7%91%d7%96%d7%a7%d7%94%d7%97%d7%93%d7%a9%d7%95%d7%aa%2013%20-%20%d7%9e%d7%91%d7%96%d7%a7%0a%0a13%3a05%d7%9e%d7%a9%d7%93%d7%a8%20%d7%9e%d7%99%d7%95%d7%97%d7%93%20-%20%d7%a9%d7%a8%d7%95%d7%9f%20%d7%9b%d7%99%d7%93%d7%95%d7%9f%d7%9e%d7%a9%d7%93%d7%a8%20%d7%9e%d7%99%d7%95%d7%97%d7%93%20-%20%d7%a9%d7%a8%d7%95%d7%9f%20%d7%9b%d7%99%d7%93%d7%95%d7%9f%0a%0a15%3a00%d7%97%d7%93%d7%a9%d7%95%d7%aa%20%d7%94%d7%99%d7%95%d7%9d%20%d7%a2%d7%9d%20%d7%90%d7%9c%d7%9e%d7%95%d7%92%20%d7%91%d7%95%d7%a7%d7%a8%d7%97%d7%93%d7%a9%d7%95%d7%aa%20%d7%94%d7%99%d7%95%d7%9d%20%d7%a2%d7%9d%20%d7%90%d7%9c%d7%9e%d7%95%d7%92%20%d7%91%d7%95%d7%a7%d7%a8%0a%0a%d7%94%d7%9b%d7%95%d7%9c%20%d7%9b%d7%9c%d7%95%d7%9c%2016%3a00%d7%94%d7%9b%d7%95%d7%9c%20%d7%9b%d7%9c%d7%95%d7%9c%d7%94%d7%9b%d7%95%d7%9c%20%d7%9b%d7%9c%d7%95%d7%9c%20%0a%0a16%3a50%d7%97%d7%9e%d7%a9%20-%20%d7%a9%d7%a8%d7%95%d7%9f%20%d7%92%d7%9c%d7%97%d7%9e%d7%a9%20-%20%d7%a9%d7%a8%d7%95%d7%9f%20%d7%92%d7%9c%0a%0a17%3a55%d7%a9%d7%a9%20-%20%d7%90%d7%9e%d7%a0%d7%95%d7%9f%20%d7%9c%d7%95%d7%99%d7%a9%d7%a9%20-%20%d7%90%d7%9e%d7%a0%d7%95%d7%9f%20%d7%9c%d7%95%d7%99%0a%0a19%3a00%d7%9c%d7%a4%d7%a0%d7%99%20%d7%94%d7%97%d7%93%d7%a9%d7%95%d7%aa%20-%20%d7%9b%d7%95%d7%aa%d7%a8%d7%95%d7%aa%20%d7%94%d7%99%d7%95%d7%9d%d7%9c%d7%a4%d7%a0%d7%99%20%d7%94%d7%97%d7%93%d7%a9%d7%95%d7%aa%20-%20%d7%9b%d7%95%d7%aa%d7%a8%d7%95%d7%aa%20%d7%94%d7%99%d7%95%d7%9d%0a%0a19%3a20%d7%9c%d7%a4%d7%a0%d7%99%20%d7%94%d7%97%d7%93%d7%a9%d7%95%d7%aa%20%d7%a2%d7%9d%20%d7%94%d7%99%d7%9c%d7%94%20%d7%a7%d7%95%d7%a8%d7%97%d7%9c%d7%a4%d7%a0%d7%99%20%d7%94%d7%97%d7%93%d7%a9%d7%95%d7%aa%20%d7%a2%d7%9d%20%d7%94%d7%99%d7%9c%d7%94%20%d7%a7%d7%95%d7%a8%d7%97%0a%0a20%3a00%d7%97%d7%93%d7%a9%d7%95%d7%aa%20-%20%d7%94%d7%9e%d7%94%d7%93%d7%95%d7%a8%d7%94%20%d7%94%d7%9e%d7%a8%d7%9b%d7%96%d7%99%d7%aa%d7%97%d7%93%d7%a9%d7%95%d7%aa%20-%20%d7%94%d7%9e%d7%94%d7%93%d7%95%d7%a8%d7%94%20%d7%94%d7%9e%d7%a8%d7%9b%d7%96%d7%99%d7%aa%0a%0a21%3a15%d7%92%d7%93%d7%95%d7%9c%d7%99%d7%9d%20%d7%9e%d7%94%d7%97%d7%99%d7%99%d7%9d%202020%d7%92%d7%93%d7%95%d7%9c%d7%99%d7%9d%20%d7%9e%d7%94%d7%97%d7%99%d7%99%d7%9d%202020%0a%0a23%3a15%d7%94%d7%99%d7%95%d7%9d%20%d7%a9%d7%94%d7%99%d7%94%20%d7%a2%d7%9d%20%d7%98%d7%9c%20%d7%91%d7%a8%d7%9e%d7%9f%d7%94%d7%99%d7%95%d7%9d%20%d7%a9%d7%94%d7%99%d7%94%20%d7%a2%d7%9d%20%d7%98%d7%9c%20%d7%91%d7%a8%d7%9e%d7%9f%0a%0a23%3a45%d7%a9%d7%a0%d7%95%d7%aa%20%d7%94-80%20-%20%d7%a9.%d7%97%d7%a9%d7%a0%d7%95%d7%aa%20%d7%94-80%20-%20%d7%a9.%d7%97%0a%0a00%3a30%d7%94%d7%9b%d7%95%d7%9c%20%d7%9b%d7%9c%d7%95%d7%9c%20-%20%d7%a9.%d7%97%d7%94%d7%9b%d7%95%d7%9c%20%d7%9b%d7%9c%d7%95%d7%9c%20-%20%d7%a9.%d7%97%0a%0a01%3a20%d7%9c%d7%a4%d7%a0%d7%99%20%d7%94%d7%97%d7%93%d7%a9%d7%95%d7%aa%20%d7%a2%d7%9d%20%d7%94%d7%99%d7%9c%d7%94%20%d7%a7%d7%95%d7%a8%d7%97%20-%20%d7%a9.%d7%97%d7%9c%d7%a4%d7%a0%d7%99%20%d7%94%d7%97%d7%93%d7%a9%d7%95%d7%aa%20%d7%a2%d7%9d%20%d7%94%d7%99%d7%9c%d7%94%20%d7%a7%d7%95%d7%a8%d7%97%20-%20%d7%a9.%d7%97%0a%0a02%3a10%d7%a9%d7%a9%20-%20%d7%90%d7%9e%d7%a0%d7%95%d7%9f%20%d7%9c%d7%95%d7%99%20-%20%d7%a9.%d7%97%d7%a9%d7%a9%20-%20%d7%90%d7%9e%d7%a0%d7%95%d7%9f%20%d7%9c%d7%95%d7%99%20-%20%d7%a9.%d7%97%0a%0a03%3a00%d7%9e%d7%99%d7%a7%d7%a1%20%d7%99%d7%a9%d7%a8%d7%90%d7%9c%d7%99%d7%9e%d7%99%d7%a7%d7%a1%20%d7%99%d7%a9%d7%a8%d7%90%d7%9c%d7%99%0a%0a03%3a30%d7%a4%d7%95%d7%aa%d7%97%d7%99%d7%9d%20%d7%99%d7%95%d7%9d%20-%20%d7%a9.%d7%97%d7%a4%d7%95%d7%aa%d7%97%d7%99%d7%9d%20%d7%99%d7%95%d7%9d%20-%20%d7%a9.%d7%97%0a%0a04%3a55%d7%97%d7%99%d7%99%d7%9d%20%d7%91%d7%a8%d7%99%d7%90%20%d7%a2%d7%9d%20%d7%a4%d7%a8%d7%95%d7%a4%27%20%d7%a7%d7%a8%d7%a1%d7%95%20-%20%d7%a2%d7%95%d7%a0%d7%94%206%20-%20%d7%a9.%d7%97%d7%97%d7%99%d7%99%d7%9d%20%d7%91%d7%a8%d7%99%d7%90%20%d7%a2%d7%9d%20%d7%a4%d7%a8%d7%95%d7%a4%27%20%d7%a7%d7%a8%d7%a1%d7%95%20-%20%d7%a2%d7%95%d7%a0%d7%94%206%20-%20%d7%a9.%d7%97%0afrom_plot&amp;eng_name=%20&amp;episode=%20&amp;fanart&amp;fav_status=false&amp;groups_id=0&amp;heb_name=%20&amp;iconimage&amp;id=%20&amp;image_master=%24%24%24&amp;isr=0&amp;last_id=0%24%24%240%24%24%240%24%24%240&amp;mode=2&amp;name=%5bCOLOR%20khaki%5drepo%20reshet%20ghost%5b%2fCOLOR%5d&amp;original_title=repo%20reshet%20ghost&amp;season=%20&amp;show_original_year=%20&amp;tmdbid=%20&amp;url=-1001213530548&quot</content>
</control>
<control type="group">
<control type="image">
<posx>0</posx>
<posy>0</posy>
<width>700</width>
<height>300</height>
<texture>special://skin/extras/test/reshet13.png</texture>
</control>
<control type="label">
<posx>250</posx>
<posy>330</posy>
<width>250</width>
<height>100</height>
<textcolor>burlywood</textcolor>
<label>לוח שידורים להיום</label>
</control>
<control type="textbox">
<pagecontrol>61</pagecontrol>
<posx>100</posx>
<posy>420</posy>
<width>500</width>
<height>280</height>
<align>right</align>
<label>$INFO[Container(8).ListItem.Label]</label>
</control>
</control>

<control type="scrollbar" id="61">
                <left>0</left>
                <top>380</top>
                <width>4</width>
				<onback>15</onback>
				<onright>15</onright>
				<onleft>15</onleft>
                <height>350</height>
                <subtype>text</subtype>
                <visible>true</visible>
                <texturesliderbackground colordiffuse="gray">white.png</texturesliderbackground>
                <texturesliderbar colordiffuse="white">white.png</texturesliderbar>
                <texturesliderbarfocus colordiffuse="FF12B2E7">white.png</texturesliderbarfocus>
                <orientation>vertical</orientation>
                <showonepage>true</showonepage>
                <onup>201</onup>
                <ondown>201</ondown>
                <onleft>201</onleft>
                <onright>201</onright>
            </control>
</control>
</include>


<include name="allidanchannels">
<control type="group">
<animation condition="Window.IsActive(6409) | Window.IsActive(6707) | Window.IsActive(6601) | Window.IsActive(6602) | Window.IsActive(6603) | Window.IsActive(6703) | Window.IsActive(6704) | Window.IsActive(6705) | Window.IsActive(6300) | Window.IsActive(6301) | Window.IsActive(6407) | Window.IsActive(6302) | Window.IsActive(6403) | Window.IsActive(6701) | Window.IsActive(6408) | Window.IsActive(6704) | Window.IsActive(6402) | Window.IsActive(6307) | Window.IsActive(6406) | Window.IsActive(6404) | Window.IsActive(6711) | Window.IsActive(6401) | Window.IsActive(6708) | Window.IsActive(6709) | Window.IsActive(6710) | Window.IsActive(6409) | Window.IsActive(6410) | Window.IsActive(6415) | Window.IsActive(6304) | Window.IsActive(6305) | Window.IsActive(6306) | Window.IsActive(6308) | Window.IsActive(6405)" effect="slide" start="0,0" end="2000,0" time="550" tween="sine" easing="inout">Conditioanl</animation>
<posx>-1000</posx>
<animation type="WindowOpen">
<effect type="slide" start="0,0" end="1000,0" time="450" tween="sine" easing="inout"/>
</animation>
<animation type="WindowClose">
<effect type="slide" start="1000,0" end="-1000,0" time="950" tween="sine" easing="inout"/>
</animation>

<control type="image">
<posx>700</posx>
<posy>300</posy>
<width>540</width>
<height>400</height>
<bordertexture colordiffuse="gray">white.png</bordertexture>
<bordersize>1</bordersize>
<texture colordiffuse="black">white.png</texture>
</control>

<control type="image">
<posx>700</posx>
<posy>0</posy>
<width>540</width>
<height>300</height>
<bordertexture colordiffuse="gray">white.png</bordertexture>
<bordersize>1</bordersize>
<texture colordiffuse="black">white.png</texture>
</control>

<control type="textbox">
<posx>740</posx>
<posy>10</posy>
<width>480</width>
<height>100</height>
<align>right</align>
<font>font-21</font>
<label>$INFO[Container(15).ListItem.Label]</label>
</control>
<control type="textbox">
<posx>740</posx>
<posy>150</posy>
<width>480</width>
<height>135</height>
<align>right</align>
<autoscroll fade="3000" time="3000" repeat="3000"></autoscroll>
<label>$INFO[Container(15).ListItem.Plot]</label>
</control>
</control>

<control type="group">
<animation condition="Window.IsActive(6409) | Window.IsActive(6707) | Window.IsActive(6601) | Window.IsActive(6602) | Window.IsActive(6603) | Window.IsActive(6703) | Window.IsActive(6704) | Window.IsActive(6705) | Window.IsActive(6300) | Window.IsActive(6301) | Window.IsActive(6407) | Window.IsActive(6302) | Window.IsActive(6403) | Window.IsActive(6701) | Window.IsActive(6408) | Window.IsActive(6704) | Window.IsActive(6402) | Window.IsActive(6307) | Window.IsActive(6406) | Window.IsActive(6404) | Window.IsActive(6711) | Window.IsActive(6401) | Window.IsActive(6708) | Window.IsActive(6709) | Window.IsActive(6710) | Window.IsActive(6409) | Window.IsActive(6410) | Window.IsActive(6415) | Window.IsActive(6304) | Window.IsActive(6305) | Window.IsActive(6306) | Window.IsActive(6308) | Window.IsActive(6405)" effect="slide" start="0,0" end="0,-1000" time="850" tween="sine" easing="inout">Conditioanl</animation>
<animation type="WindowOpen">
<effect type="slide" start="0,0" end="-1000,0" time="250" tween="sine" easing="inout"/>
</animation>
<animation type="WindowClose">
<effect type="slide" start="-1000,0" end="2300,0" time="550" tween="sine" easing="inout"/>
</animation>

<control type="panel" id="15">
<posx>1730</posx>
<posy>340</posy>
<width>500</width>
<height>340</height>
<onback>9821</onback>
<orientation>horizontal</orientation>
<scrolltime tween="sine" easing="inout">350</scrolltime>
<itemlayout width="170" height="170">
<control type="image">
<posx>0</posx>
<posy>0</posy>
<width>150</width>
<height>150</height>
<texture>$INFO[ListItem.Thumb]</texture>
</control>
</itemlayout>
<focusedlayout width="170" height="170">
<control type="image">
<animation effect="zoom" center="auto" start="100,100" end="115,115" time="250">Focus</animation>
<posx>0</posx>
<posy>0</posy>
<width>150</width>
<height>150</height>
<texture>$INFO[ListItem.Thumb]</texture>
</control>
</focusedlayout>
<content>plugin://plugin.video.idanplus/?iconimage=C%253A%255CUsers%255Cneta%255CAppData%255CRoaming%255CKodi%255Caddons%255Cplugin.video.idanplus%255Cicon.png&amp;mode=1&amp;module&amp;moredata&amp;name=%5bB%5d%d7%98%d7%9c%d7%95%d7%99%d7%96%d7%99%d7%94%5b%2fB%5d&amp;url&quot</content>
</control>
</control>

<control type="group">
<animation condition="!Integer.IsGreater(Container(15).NumItems,0)" effect="fade" start="0" end="100" time="1100" pulse="true">Conditional</animation>
<visible>!Integer.IsGreater(Container(15).NumItems,0)</visible>
<control type="image">
<posx>150</posx>
<posy>500</posy>
<width>120</width>
<height>120</height>
<texture>special://skin/extras/specialbuttons/loading.gif</texture>
</control>
<control type="image">
<posx>1550</posx>
<posy>500</posy>
<width>120</width>
<height>120</height>
<texture>special://skin/extras/specialbuttons/loading.gif</texture>
</control>
</control>
</include>
</includes>
