<?xml version="1.0" encoding="UTF-8"?>



<includes>
<include name="mainscrennvideowindow">

			<control type="group">
			<visible>Player.HasVideo</visible>
			<posx>15</posx>
			<posy>100</posy>
			<width>500</width>
			<height>400</height>
			<control type="image">
			<posx>-10</posx>
			<posy>0</posy>
			<width>520</width>
			<height>400</height>
			<bordertexture colordiffuse="burlywood">white.png</bordertexture>
			<bordersize>1</bordersize>
			<texture colordiffuse="gray">white.png</texture>
			</control>
			<control type="image">
			<posx>-10</posx>
			<posy>400</posy>
			<width>520</width>
			<height>155</height>
			<bordertexture colordiffuse="burlywood">white.png</bordertexture>
			<bordersize>1</bordersize>
			<texture colordiffuse="gray">white.png</texture>
			</control>
			<control type="image">
			<posx>-10</posx>
			<posy>555</posy>
			<width>520</width>
			<height>70</height>
			<bordertexture colordiffuse="white">white.png</bordertexture>
			<bordersize>1</bordersize>
			<texture colordiffuse="gray">white.png</texture>
			</control>
			<control type="videowindow">
			<width>500</width>
			<height>400</height>
			</control>
			<control type="textbox">
			<posx>0</posx>
			<posy>350</posy>
			<width>500</width>
			<height>80</height>
			<align>right</align>
			<label>[B]$INFO[VideoPlayer.Title][/B]</label>
			</control>
			<control type="textbox">
			<posx>0</posx>
			<posy>410</posy>
			<width>500</width>
			<height>140</height>
			<align>right</align>
			<label>$INFO[VideoPlayer.Plot]</label>
			<autoscroll fade="3500" time="3500" repeat="4000"></autoscroll>
			</control>

		<control type="group">
		<posx>0</posx>
		<posy>70</posy>
		<control type="group">
		<posx>20</posx>
		<posy>480</posy>
		<height>350</height>
		<control type="panel" id="9105">
		<posy>0</posy>
		<posx>-10</posx>
		<width>1000</width>
		<height>80</height>
		<orientation>horizontal</orientation>
		<ondown>402</ondown>
		<onback>25</onback>
		<itemlayout width="80" height="80">
	<control type="image">
		<posx>15</posx>
		<posy>15</posy>
		<width>25</width>
		<height>25</height>
		<texture colordiffuse="white">$INFO[ListItem.Thumb]</texture>
		</control>
		</itemlayout>
		<focusedlayout width="80" height="80">
	<control type="image">
		<posx>15</posx>
		<posy>15</posy>
		<width>25</width>
		<height>25</height>
		<texture colordiffuse="orange">$INFO[ListItem.Thumb]</texture>
	</control>
		</focusedlayout>
		<content>
		<item>
		<thumb>special://skin/extras/osd/rewind.png</thumb>
		<onclick>PlayerControl(rewind)</onclick>
		</item>
		<item>
		<thumb>special://skin/extras/osd/previous.png</thumb>
		<onclick>PlayerControl(previous)</onclick>
		</item>
		<item>
		<thumb>special://skin/extras/osd/stop.png</thumb>
		<onclick>Control.SetFocus(25)</onclick>
		<onclick>PlayerControl(Stop)</onclick>
		
		<onclick>ClearProperty(home)</onclick>
		</item>
		<item>
		<visible>Player.Paused</visible>
		<thumb>special://skin/extras/osd/play.png</thumb>
		<onclick>play</onclick>
		</item>
		<item>
		<visible>!Player.Paused</visible>
		<thumb>special://skin/extras/osd/pause.png</thumb>
		<onclick>pause</onclick>
		</item>

		<item>
		<thumb>special://skin/extras/osd/skipnext.png</thumb>
		<onclick>PlayerControl(next)</onclick>
		</item>
		<item>
		<thumb>special://skin/extras/osd/forward.png</thumb>
		<onclick>PlayerControl(forward)</onclick>
		</item>
		</content>
		</control>
		<control type="group">
		<height>350</height>
		<width>480</width>
		</control>
		</control>
			
			
			
				<control type="group">
						<posx>20</posx>
						<posy>530</posy>
						<control type="progress">
							<description>Progressbar Cache</description>
							<posx>0</posx>
							<posy>0</posy>
							<width>440</width>
							<height>18</height>
							<info>Player.ProgressCache</info>
							<texturebg colordiffuse="grey_a" border="1,1,1,1">special://skin/extras/osd/2.png</texturebg>
							<midtexture colordiffuse="grey_a" border="1,1,1,1">special://skin/extras/osd/5.png</midtexture>
						</control>
						<control type="progress">
							<description>Progressbar</description>
							<posx>0</posx>
							<posy>0</posy>
							<width>440</width>
							<height>18</height>
							<texturebg diffuse="special://skin/extras/circle.png" colordiffuse="darkgrey" border="1,0,1,0">special://skin/extras/osd/4.png</texturebg>
							<midtexture diffuse="special://skin/extras/circle.png" colordiffuse="deepskyblue" border="1,0,1,0">special://skin/extras/osd/5.png</midtexture>
							<lefttexture>-</lefttexture>
							<righttexture>-</righttexture>
							<info>Player.Progress</info>
						</control>

            <control type="slider" id="402">
                <posx>0</posx>
                <posy>0</posy>
                <width>440</width>
                <height>20</height>
				<onup>Control.SetFocus(8005)</onup>
				<onback>25</onback>
                <texturesliderbar diffuse="special://skin/extras/circle.png" colordiffuse="00FFFFFF">white.png</texturesliderbar>
                <textureslidernib diffuse="special://skin/extras/circle.png" colordiffuse="burlywood">white.png</textureslidernib>
				<textureslidernibfocus diffuse="special://skin/extras/circle.png" colordiffuse="">white.png</textureslidernibfocus>
                <orientation>horizontal</orientation>
				<action>seek</action>
            </control>
			</control>
			</control>
			</control>
			</include>

</includes>
