<?xml version="1.0" encoding="UTF-8"?>

<includes>

<include name="mainscreenallmenusinthebuild">

			<control type="group">
			<visible allowhiddenfocus="true">Control.HasFocus(9821) | Container(1025).HasFocus(7)</visible>
			<animation condition="Control.HasFocus(9821) | Container(1025).HasFocus(7)" effect="fade" start="0" end="100" time="250">Conditional</animation>
			<control type="list" id="9821">
			<posx>595</posx>
			<posy>680</posy>
			<width>700</width>
			<height>200</height>
			<onback>1025</onback>
			<ondown condition="Player.HasVideo">8005</ondown>
			<ondown condition="Player.HasAudio">535</ondown>
			<orientation>horizontal</orientation>
			<itemlayout width="170" height="50">
			<control type="image">
			<posx>15</posx>
			<posy>10</posy>
			<width>180</width>
			<height>180</height>
			<texture border="40">special://skin/extras/common/roundedbutton-nofocus.png</texture>
			</control>
			<control type="textbox">
			<posx>55</posx>
			<posy>48</posy>
			<width>100</width>
			<height>110</height>
			<align>center</align>
			<label>$INFO[ListItem.Label]</label>
			</control>
			</itemlayout>
			<focusedlayout width="170" height="80">
						<control type="image">
			<visible>Control.HasFocus(9821)</visible>
			<posx>15</posx>
			<posy>10</posy>
			<width>180</width>
			<height>180</height>
			<texture border="40">special://skin/extras/common/roundedbutton-focus.png</texture>
			</control>
			<control type="image">
			<posx>15</posx>
			<posy>10</posy>
			<width>180</width>
			<height>180</height>
			<texture border="40">special://skin/extras/common/roundedbutton-nofocus.png</texture>
			</control>

			<control type="textbox">
			<posx>55</posx>
			<posy>48</posy>
			<width>100</width>
			<height>110</height>
			<align>center</align>
			<label>$INFO[ListItem.Label]</label>
			</control>
			</focusedlayout>
			<content>
			<item>
				<label>ערוצי עידן</label>
				<!--<onclick>ActivateWindow(6702)</onclick>-->
				<onclick>Control.SetFocus(15)</onclick>
				</item>
				<item>
				<label>לוח שידורים קשת</label>
				<onclick>Control.SetFocus(60)</onclick>
				</item>
				<item>
				<label>לוח שידורים רשת</label>
				<onclick>Control.SetFocus(61)</onclick>
				</item>
				<item>
				<label>קשת V.O.D</label>
				<onclick>ActivateWindow(6801)</onclick>
				</item>
				<item>
				<label>רשת V.O.D</label>
				<onclick>ActivateWindow(6802)</onclick>
				</item>
				<item>
				<label>כאן 11 V.O.D</label>
				<onclick>ActivateWindow(6803)</onclick>
				</item>
				<item>
				<label>לוח שידורים</label>
				<onclick>RunAddon(script.hebivueguide)</onclick>
				</item>
				<item>
				<label>חפש תוכנית</label>
				<onclick>ActivateWindow(10025,&quot;plugin://plugin.video.idanplus/?iconimage=C%253A%255CUsers%255Cneta%255CAppData%255CRoaming%255CKodi%255Caddons%255Cplugin.video.idanplus%255Cicon.png&amp;mode=4&amp;module&amp;moredata&amp;name=%5bB%5d%d7%97%d7%99%d7%a4%d7%95%d7%a9%20%d7%aa%d7%9b%d7%a0%d7%99%d7%95%d7%aa%5b%2fB%5d&amp;url&quot;,return)</onclick>
				</item>
			</content>
		</control>
		</control>



			<control type="group">
			<visible allowhiddenfocus="true">Control.HasFocus(9822) | Container(1025).HasFocus(1)</visible>
			<animation condition="Control.HasFocus(9822) | Container(1025).HasFocus(1)" effect="fade" start="0" end="100" time="250">Conditional</animation>
			<animation condition="Window.IsActive(6708) | Window.IsActive(6709) | Window.IsActive(6710)" effect="fade" start="100" end="0" time="50">Conditional</animation>
			<control type="list" id="9822">
			<posx>595</posx>
			<posy>680</posy>
			<width>700</width>
			<height>200</height>
			<onback>1025</onback>
			<ondown condition="Player.HasVideo">8005</ondown>
			<ondown condition="Player.HasAudio">535</ondown>
			<orientation>horizontal</orientation>
			<itemlayout width="170" height="50">
			<control type="image">
			<posx>15</posx>
			<posy>10</posy>
			<width>180</width>
			<height>180</height>
			<texture border="40">special://skin/extras/common/roundedbutton-nofocus.png</texture>
			</control>
			<control type="textbox">
			<posx>55</posx>
			<posy>48</posy>
			<width>100</width>
			<height>110</height>
			<align>center</align>
			<label>$INFO[ListItem.Label]</label>
			</control>
			</itemlayout>
			<focusedlayout width="170" height="80">
						<control type="image">
			<visible>Control.HasFocus(9822)</visible>
			<posx>15</posx>
			<posy>10</posy>
			<width>180</width>
			<height>180</height>
			<texture border="40">special://skin/extras/common/roundedbutton-focus.png</texture>
			</control>
			<control type="image">
			<posx>15</posx>
			<posy>10</posy>
			<width>180</width>
			<height>180</height>
			<texture border="40">special://skin/extras/common/roundedbutton-nofocus.png</texture>
			</control>

			<control type="textbox">
			<posx>55</posx>
			<posy>48</posy>
			<width>100</width>
			<height>110</height>
			<align>center</align>
			<label>$INFO[ListItem.Label]</label>
			</control>
			</focusedlayout>
			<content>
			<item>
				<label>סרטים ראשי</label>
				<onclick>ActivateWindow(6703)</onclick>
				</item>
			<item>
				<label>סרטים 1</label>
				<onclick>ActivateWindow(6708)</onclick>
				</item>
				<item>
				<label>סרטים 2</label>
				<onclick>ActivateWindow(6709)</onclick>
				</item>
				<item>
				<label>סרטים 3</label>
				<onclick>ActivateWindow(6710)</onclick>
				</item>
			<item>
				<label>סרטים ישראלים</label>
				<onclick>ActivateWindow(6106)</onclick>
				</item>
			<item>
				<label>סרטים 1-6</label>
				<onclick>ActivateWindow(6103)</onclick>
				</item>
			<item>
				<label>סרטים 7-12</label>
				<onclick>ActivateWindow(6104)</onclick>
				</item>
			<item>
				<label>סרטים 13-18</label>
				<onclick>ActivateWindow(6105)</onclick>
				</item>
			</content>
		</control>
		</control>


			<control type="group">
			<visible allowhiddenfocus="true">Control.HasFocus(9823) | Container(1025).HasFocus(8)</visible>
			<animation condition="Control.HasFocus(9823) | Container(1025).HasFocus(8)" effect="fade" start="0" end="100" time="250">Conditional</animation>
			<animation condition="Window.IsActive(6708) | Window.IsActive(6709) | Window.IsActive(6710)" effect="fade" start="100" end="0" time="50">Conditional</animation>
			<control type="list" id="9823">
			<posx>595</posx>
			<posy>680</posy>
			<width>700</width>
			<height>200</height>
			<onback>1025</onback>
			<ondown condition="Player.HasVideo">8005</ondown>
			<ondown condition="Player.HasAudio">535</ondown>
			<orientation>horizontal</orientation>
			<itemlayout width="170" height="50">
			<control type="image">
			<posx>15</posx>
			<posy>10</posy>
			<width>180</width>
			<height>180</height>
			<texture border="40">special://skin/extras/common/roundedbutton-nofocus.png</texture>
			</control>
			<control type="textbox">
			<posx>55</posx>
			<posy>48</posy>
			<width>100</width>
			<height>110</height>
			<align>center</align>
			<label>$INFO[ListItem.Label]</label>
			</control>
			</itemlayout>
			<focusedlayout width="170" height="80">
						<control type="image">
			<visible>Control.HasFocus(9823)</visible>
			<posx>15</posx>
			<posy>10</posy>
			<width>180</width>
			<height>180</height>
			<texture border="40">special://skin/extras/common/roundedbutton-focus.png</texture>
			</control>
			<control type="image">
			<posx>15</posx>
			<posy>10</posy>
			<width>180</width>
			<height>180</height>
			<texture border="40">special://skin/extras/common/roundedbutton-nofocus.png</texture>
			</control>

			<control type="textbox">
			<posx>55</posx>
			<posy>48</posy>
			<width>100</width>
			<height>110</height>
			<align>center</align>
			<label>$INFO[ListItem.Label]</label>
			</control>
			</focusedlayout>
			<content>
			<item>
			<label>טלנובלה</label>
			<onclick>Dialog.Close(1100)</onclick>
			<onclick>ActivateWindow(10025,&quot;plugin://plugin.video.sdarot.tv/genre/13/0&quot;,return)</onclick>
			</item>
			<item>
			<label>טלנובלות ברזילאיות</label>
			<onclick>Dialog.Close(1100)</onclick>
			<onclick>ActivateWindow(10025,&quot;plugin://plugin.video.sdarot.tv/genre/54/0&quot;,return)</onclick>
			</item>
			<item>
			<label>טלנובלות טורקיות</label>
			<onclick>Dialog.Close(1100)</onclick>
			<onclick>ActivateWindow(10025,&quot;plugin://plugin.video.sdarot.tv/genre/50/0&quot;,return)</onclick>
			</item>
			<item>
			<label>טלנובלות ספרדיות</label>
			<onclick>Dialog.Close(1100)</onclick>
			<onclick>ActivateWindow(10025,&quot;plugin://plugin.video.sdarot.tv/genre/52/0&quot;,return)</onclick>
			</item>
			<item>
			<label>טלנובלות קוריאניות</label>
			<onclick>Dialog.Close(1100)</onclick>
			<onclick>ActivateWindow(10025,&quot;plugin://plugin.video.sdarot.tv/genre/51/0&quot;,return)</onclick>
			</item>
			</content>
		</control>
		</control>




			<control type="group">
			<visible allowhiddenfocus="true">Control.HasFocus(9824) | Container(1025).HasFocus(9)</visible>
			<animation condition="Control.HasFocus(9824) | Container(1025).HasFocus(9)" effect="fade" start="0" end="100" time="250">Conditional</animation>
			<animation condition="Window.IsActive(6708) | Window.IsActive(6709) | Window.IsActive(6710)" effect="fade" start="100" end="0" time="50">Conditional</animation>
			<control type="list" id="9824">
			<posx>595</posx>
			<posy>680</posy>
			<width>700</width>
			<height>200</height>
			<onback>1025</onback>
			<ondown condition="Player.HasVideo">8005</ondown>
			<ondown condition="Player.HasAudio">535</ondown>
			<orientation>horizontal</orientation>
			<itemlayout width="170" height="50">
			<control type="image">
			<posx>15</posx>
			<posy>10</posy>
			<width>180</width>
			<height>180</height>
			<texture border="40">special://skin/extras/common/roundedbutton-nofocus.png</texture>
			</control>
			<control type="textbox">
			<posx>55</posx>
			<posy>48</posy>
			<width>100</width>
			<height>110</height>
			<align>center</align>
			<label>$INFO[ListItem.Label]</label>
			</control>
			</itemlayout>
			<focusedlayout width="170" height="80">
						<control type="image">
			<visible>Control.HasFocus(9824)</visible>
			<posx>15</posx>
			<posy>10</posy>
			<width>180</width>
			<height>180</height>
			<texture border="40">special://skin/extras/common/roundedbutton-focus.png</texture>
			</control>
			<control type="image">
			<posx>15</posx>
			<posy>10</posy>
			<width>180</width>
			<height>180</height>
			<texture border="40">special://skin/extras/common/roundedbutton-nofocus.png</texture>
			</control>

			<control type="textbox">
			<posx>55</posx>
			<posy>48</posy>
			<width>100</width>
			<height>110</height>
			<align>center</align>
			<label>$INFO[ListItem.Label]</label>
			</control>
			</focusedlayout>
			<content>
			<item>
				<label>ערוצי רדיו</label>
				<onclick>ActivateWindow(6707)</onclick>
				</item>
			<item>
				<label>ערוצים לייב</label>
				<onclick>ActivateWindow(6601)</onclick>
				</item>
			<item>
				<label>ז'אנרים</label>
				<onclick>ActivateWindow(6602)</onclick>
			</item>
			<item>
				<label>קליפים</label>
				<onclick>ActivateWindow(6603)</onclick>
			</item>
			</content>
		</control>
		</control>



			<control type="group">
			<visible allowhiddenfocus="true">Control.HasFocus(9825) | Container(1025).HasFocus(11)</visible>
			<animation condition="Control.HasFocus(9825) | Container(1025).HasFocus(11)" effect="fade" start="0" end="100" time="250">Conditional</animation>
			<animation condition="Window.IsActive(6708) | Window.IsActive(6709) | Window.IsActive(6710)" effect="fade" start="100" end="0" time="50">Conditional</animation>
			<control type="list" id="9825">
			<posx>595</posx>
			<posy>680</posy>
			<width>700</width>
			<height>200</height>
			<onback>1025</onback>
			<ondown condition="Player.HasVideo">8005</ondown>
			<ondown condition="Player.HasAudio">535</ondown>
			<orientation>horizontal</orientation>
			<itemlayout width="170" height="50">
			<control type="image">
			<posx>15</posx>
			<posy>10</posy>
			<width>180</width>
			<height>180</height>
			<texture border="40">special://skin/extras/common/roundedbutton-nofocus.png</texture>
			</control>
			<control type="textbox">
			<posx>55</posx>
			<posy>48</posy>
			<width>100</width>
			<height>110</height>
			<align>center</align>
			<label>$INFO[ListItem.Label]</label>
			</control>
			</itemlayout>
			<focusedlayout width="170" height="80">
						<control type="image">
			<visible>Control.HasFocus(9825)</visible>
			<posx>15</posx>
			<posy>10</posy>
			<width>180</width>
			<height>180</height>
			<texture border="40">special://skin/extras/common/roundedbutton-focus.png</texture>
			</control>
			<control type="image">
			<posx>15</posx>
			<posy>10</posy>
			<width>180</width>
			<height>180</height>
			<texture border="40">special://skin/extras/common/roundedbutton-nofocus.png</texture>
			</control>

			<control type="textbox">
			<posx>55</posx>
			<posy>48</posy>
			<width>100</width>
			<height>110</height>
			<align>center</align>
			<label>$INFO[ListItem.Label]</label>
			</control>
			</focusedlayout>
			<content>
			<item>
				<label>ספורט 1</label>
				<onclick>ActivateWindow(6500)</onclick>
				</item>
			<item>
				<label>ספורט 2</label>
				<onclick>ActivateWindow(6501)</onclick>
				</item>
			<item>
				<label>ספורט 3</label>
				<onclick>ActivateWindow(6502)</onclick>
			</item>
			<item>
				<label>ספורט 4</label>
				<onclick>ActivateWindow(6503)</onclick>
			</item>
			<item>
				<label>ספורט 5</label>
				<onclick>ActivateWindow(6504)</onclick>
			</item>
			<item>
				<label>ספורט 6</label>
				<onclick>ActivateWindow(6505)</onclick>
			</item>
			</content>
		</control>
		</control>




			<control type="group">
			<visible allowhiddenfocus="true">Control.HasFocus(9828) | Container(1025).HasFocus(6)</visible>
			<animation condition="Control.HasFocus(9828) | Container(1025).HasFocus(6)" effect="fade" start="0" end="100" time="250">Conditional</animation>
			<animation condition="Window.IsActive(6708) | Window.IsActive(6709) | Window.IsActive(6710)" effect="fade" start="100" end="0" time="50">Conditional</animation>
			<control type="list" id="9828">
			<posx>595</posx>
			<posy>680</posy>
			<width>700</width>
			<height>200</height>
			<onback>1025</onback>
			<ondown condition="Player.HasVideo">8005</ondown>
			<ondown condition="Player.HasAudio">535</ondown>
			<orientation>horizontal</orientation>
			<itemlayout width="170" height="50">
			<control type="image">
			<posx>15</posx>
			<posy>10</posy>
			<width>180</width>
			<height>180</height>
			<texture border="40">special://skin/extras/common/roundedbutton-nofocus.png</texture>
			</control>
			<control type="textbox">
			<posx>55</posx>
			<posy>48</posy>
			<width>100</width>
			<height>110</height>
			<align>center</align>
			<label>$INFO[ListItem.Label]</label>
			</control>
			</itemlayout>
			<focusedlayout width="170" height="80">
						<control type="image">
			<visible>Control.HasFocus(9828)</visible>
			<posx>15</posx>
			<posy>10</posy>
			<width>180</width>
			<height>180</height>
			<texture border="40">special://skin/extras/common/roundedbutton-focus.png</texture>
			</control>
			<control type="image">
			<posx>15</posx>
			<posy>10</posy>
			<width>180</width>
			<height>180</height>
			<texture border="40">special://skin/extras/common/roundedbutton-nofocus.png</texture>
			</control>

			<control type="textbox">
			<posx>55</posx>
			<posy>48</posy>
			<width>100</width>
			<height>110</height>
			<align>center</align>
			<label>$INFO[ListItem.Label]</label>
			</control>
			</focusedlayout>
			<content>
			<item>
			<label>[B]חפש סדרה[/B]</label>
			<onclick>Dialog.Close(1100)</onclick>
			<onclick>ActivateWindow(10025,&quot;plugin://plugin.video.sdarot.tv/search/0&quot;,return)</onclick>
			</item>	
			<item>
			<label>אנימציה</label>
			<onclick>Dialog.Close(1100)</onclick>
			<onclick>ActivateWindow(10025,&quot;plugin://plugin.video.sdarot.tv/genre/7/0&quot;,return)</onclick>
			</item>	
			<item>
			<label>ילדים</label>
			<onclick>Dialog.Close(1100)</onclick>
			<onclick>ActivateWindow(10025,&quot;plugin://plugin.video.sdarot.tv/genre/38/0&quot;,return)</onclick>
			</item>
			<item>
			<label>אנימה</label>
			<onclick>Dialog.Close(1100)</onclick>
			<onclick>ActivateWindow(10025,&quot;plugin://plugin.video.sdarot.tv/genre/18/0&quot;,return)</onclick>
			</item>
			<item>
			<label>דוקומנטרי</label>
			<onclick>Dialog.Close(1100)</onclick>
			<onclick>ActivateWindow(10025,&quot;plugin://plugin.video.sdarot.tv/genre/9/0&quot;,return)</onclick>
			</item>	
			<item>
			<label>אוכל</label>
			<onclick>Dialog.Close(1100)</onclick>
			<onclick>ActivateWindow(10025,&quot;plugin://plugin.video.sdarot.tv/genre/33/0&quot;,return)</onclick>
			</item>
			<item>
			<label>הרפתקאות</label>
			<onclick>Dialog.Close(1100)</onclick>
			<onclick>ActivateWindow(10025,&quot;plugin://plugin.video.sdarot.tv/genre/6/0&quot;,return)</onclick>
			</item>
			<item>
			<label>פעולה</label>
			<onclick>Dialog.Close(1100)</onclick>
			<onclick>ActivateWindow(10025,&quot;plugin://plugin.video.sdarot.tv/genre/3/0&quot;,return)</onclick>
			</item>	
			<item>
			<label>דרמה</label>
			<onclick>Dialog.Close(1100)</onclick>
			<onclick>ActivateWindow(10025,&quot;plugin://plugin.video.sdarot.tv/genre/2/0&quot;,return)</onclick>
			</item>
			<item>
			<label>רומנטיקה</label>
			<onclick>Dialog.Close(1100)</onclick>
			<onclick>ActivateWindow(10025,&quot;plugin://plugin.video.sdarot.tv/genre/15/0&quot;,return)</onclick>
			</item>
			<item>
			<label>מדע בדיוני</label>
			<onclick>Dialog.Close(1100)</onclick>
			<onclick>ActivateWindow(10025,&quot;plugin://plugin.video.sdarot.tv/genre/5/0&quot;,return)</onclick>
			</item>
			<item>
			<label>קומדיה</label>
			<onclick>Dialog.Close(1100)</onclick>
			<onclick>ActivateWindow(10025,&quot;plugin://plugin.video.sdarot.tv/genre/1/0&quot;,return)</onclick>
			</item>
			<item>
			<label>מתח</label>
			<onclick>Dialog.Close(1100)</onclick>
			<onclick>ActivateWindow(10025,&quot;plugin://plugin.video.sdarot.tv/genre/4/0&quot;,return)</onclick>
			</item>
			<item>
			<label>משפחה</label>
			<onclick>Dialog.Close(1100)</onclick>
			<onclick>ActivateWindow(10025,&quot;plugin://plugin.video.sdarot.tv/genre/10/0&quot;,return)</onclick>
			</item>
			<item>
			<label>מסתורין</label>
			<onclick>Dialog.Close(1100)</onclick>
			<onclick>ActivateWindow(10025,&quot;plugin://plugin.video.sdarot.tv/genre/14/0&quot;,return)</onclick>
			</item>
			<item>
			<label>ישראלי</label>
			<onclick>Dialog.Close(1100)</onclick>
			<onclick>ActivateWindow(10025,&quot;plugin://plugin.video.sdarot.tv/genre/20/0&quot;,return)</onclick>
			</item>
			<item>
			<label>שעשועון</label>
			<onclick>Dialog.Close(1100)</onclick>
			<onclick>ActivateWindow(10025,&quot;plugin://plugin.video.sdarot.tv/genre/27/0&quot;,return)</onclick>
			</item>
			<item>
			<label>טלנובלה</label>
			<onclick>Dialog.Close(1100)</onclick>
			<onclick>ActivateWindow(10025,&quot;plugin://plugin.video.sdarot.tv/genre/13/0&quot;,return)</onclick>
			</item>
			<item>
			<label>טלנובלות ברזילאיות</label>
			<onclick>Dialog.Close(1100)</onclick>
			<onclick>ActivateWindow(10025,&quot;plugin://plugin.video.sdarot.tv/genre/54/0&quot;,return)</onclick>
			</item>
			<item>
			<label>טלנובלות טורקיות</label>
			<onclick>Dialog.Close(1100)</onclick>
			<onclick>ActivateWindow(10025,&quot;plugin://plugin.video.sdarot.tv/genre/50/0&quot;,return)</onclick>
			</item>
			<item>
			<label>טלנובלות ספרדיות</label>
			<onclick>Dialog.Close(1100)</onclick>
			<onclick>ActivateWindow(10025,&quot;plugin://plugin.video.sdarot.tv/genre/52/0&quot;,return)</onclick>
			</item>
			<item>
			<label>טלנובלות קוריאניות</label>
			<onclick>Dialog.Close(1100)</onclick>
			<onclick>ActivateWindow(10025,&quot;plugin://plugin.video.sdarot.tv/genre/51/0&quot;,return)</onclick>
			</item>
			<item>
			<label>HBO</label>
			<onclick>Dialog.Close(1100)</onclick>
			<onclick>ActivateWindow(10025,&quot;plugin://plugin.video.sdarot.tv/genre/53/0&quot;,return)</onclick>
			</item>
			<item>
			<label>אמזון</label>
			<onclick>Dialog.Close(1100)</onclick>
			<onclick>ActivateWindow(10025,&quot;plugin://plugin.video.sdarot.tv/genre/49/0&quot;,return)</onclick>
			</item>
			<item>
			<label>דיסני</label>
			<onclick>Dialog.Close(1100)</onclick>
			<onclick>ActivateWindow(10025,&quot;plugin://plugin.video.sdarot.tv/genre/55/0&quot;,return)</onclick>
			</item>
			</content>
		</control>
		</control>




			<control type="group">
			<visible allowhiddenfocus="true">Control.HasFocus(9829) | Container(1025).HasFocus(10)</visible>
			<animation condition="Control.HasFocus(9829) | Container(1025).HasFocus(10)" effect="fade" start="0" end="100" time="250">Conditional</animation>
			<animation condition="Window.IsActive(6708) | Window.IsActive(6709) | Window.IsActive(6710)" effect="fade" start="100" end="0" time="50">Conditional</animation>
			<control type="list" id="9829">
			<posx>595</posx>
			<posy>680</posy>
			<width>700</width>
			<height>200</height>
			<onback>1025</onback>
			<ondown condition="Player.HasVideo">8005</ondown>
			<ondown condition="Player.HasAudio">535</ondown>
			<orientation>horizontal</orientation>
			<itemlayout width="170" height="50">
			<control type="image">
			<posx>15</posx>
			<posy>10</posy>
			<width>180</width>
			<height>180</height>
			<texture border="40">special://skin/extras/common/roundedbutton-nofocus.png</texture>
			</control>
			<control type="textbox">
			<posx>55</posx>
			<posy>48</posy>
			<width>100</width>
			<height>110</height>
			<align>center</align>
			<label>$INFO[ListItem.Label]</label>
			</control>
			</itemlayout>
			<focusedlayout width="170" height="80">
						<control type="image">
			<visible>Control.HasFocus(9829)</visible>
			<posx>15</posx>
			<posy>10</posy>
			<width>180</width>
			<height>180</height>
			<texture border="40">special://skin/extras/common/roundedbutton-focus.png</texture>
			</control>
			<control type="image">
			<posx>15</posx>
			<posy>10</posy>
			<width>180</width>
			<height>180</height>
			<texture border="40">special://skin/extras/common/roundedbutton-nofocus.png</texture>
			</control>

			<control type="textbox">
			<posx>55</posx>
			<posy>48</posy>
			<width>100</width>
			<height>110</height>
			<align>center</align>
			<label>$INFO[ListItem.Label]</label>
			</control>
			</focusedlayout>
			<content>
			<item>
				<label>הגדרות</label>
				<onclick>PlayMedia(&quot;plugin://plugin.video.telemedia/?&amp;mode=120&amp;name=%5BCOLOR+red%5D%5BB%5D%D7%94%D7%92%D7%93%D7%A8%D7%95%D7%AA%5B%2FB%5D%5B%2FCOLOR%5D&amp;fanart=https%3A%2F%2Fmedia-cdn.tripadvisor.com%2Fmedia%2Fphoto-s%2F08%2F6f%2F12%2F05%2Fbeautiful-settings.jpg&amp;iconimage=special%3A%2F%2Fhome%2Faddons%2Fplugin.video.telemedia%2Ftele%2Fsetting.png&amp;original_title=+&amp;url=www&amp;description=+&quot;)</onclick>
				</item>
			<item>
				<label>מידע מלא</label>
				<onclick>Dialog.Close(1100)</onclick>
				<onclick>ActivateWindow(10025,&quot;plugin://plugin.video.telemedia/?data=%20&amp;dates=%20&amp;description=%d7%a7%d7%91%d7%95%d7%a6%d7%95%d7%aa%20%d7%9e%d7%99%d7%93%d7%a2%20%d7%9e%d7%9c%d7%90%20%d7%a0%d7%91%d7%97%d7%a8%d7%95%d7%aa&amp;eng_name=%20&amp;episode=%20&amp;fanart=https%3a%2f%2fimg.wonderhowto.com%2fimg%2f66%2f20%2f63525837196216%2f0%2fhack-like-pro-pivot-from-victim-system-own-every-computer-network.1280x600.jpg&amp;fav_status=false&amp;groups_id=0&amp;heb_name=%20&amp;iconimage=special%3a%2f%2fhome%2faddons%2fplugin.video.telemedia%2ftele%2finfo.png&amp;id=%20&amp;image_master&amp;isr=0&amp;last_id&amp;mode=33&amp;name=%5bCOLOR%20gold%5d%d7%a7%d7%91%d7%95%d7%a6%d7%95%d7%aa%20%d7%9e%d7%99%d7%93%d7%a2%20%d7%9e%d7%9c%d7%90%20%d7%a0%d7%91%d7%97%d7%a8%d7%95%d7%aa%5b%2fCOLOR%5d&amp;original_title=%20&amp;season=%20&amp;show_original_year=%20&amp;tmdbid=%20&amp;url=www&quot;,return)</onclick>
				</item>
			<item>
				<label>עדכון הבילד</label>
				<onclick>Dialog.Close(1100)</onclick>
				<onclick>ActivateWindow(10025,&quot;plugin://plugin.video.telemedia/?data=%20&amp;dates=%20&amp;description=%d7%a8%d7%99%d7%a4%d7%95%20%d7%90%d7%99%d7%a9%d7%99&amp;eng_name=%20&amp;episode=%20&amp;fanart=https%3a%2f%2fcdn.wallpapersafari.com%2f21%2f48%2fcRMEy3.jpg&amp;fav_status=false&amp;groups_id=0&amp;heb_name=%20&amp;iconimage=special%3a%2f%2fhome%2faddons%2fplugin.video.telemedia%2ftele%2faddons.png&amp;id=%20&amp;image_master&amp;isr=0&amp;last_id&amp;mode=46&amp;name=%5bCOLOR%20blue%5d%d7%a8%d7%99%d7%a4%d7%95%20%d7%90%d7%99%d7%a9%d7%99%5b%2fCOLOR%5d&amp;original_title=%20&amp;season=%20&amp;show_original_year=%20&amp;tmdbid=%20&amp;url=www&quot;,return)</onclick>
			</item>
			<item>
				<label>הקבוצות שלי</label>
				<onclick>Dialog.Close(1100)</onclick>
				<onclick>ActivateWindow(10025,&quot;plugin://plugin.video.telemedia/?data=%20&amp;dates=%20&amp;description=My%20Groups&amp;eng_name=%20&amp;episode=%20&amp;fanart=https%3a%2f%2fwallup.net%2fwp-content%2fuploads%2f2016%2f10%2f12%2f137743-jumping-silhouette-group_of_people-cat-sea-reflection.jpg&amp;fav_status=false&amp;groups_id=0&amp;heb_name=%20&amp;iconimage=special%3a%2f%2fhome%2faddons%2fplugin.video.telemedia%2ftele%2fmygroups.png&amp;id=%20&amp;image_master&amp;isr=0&amp;last_id=0%24%24%249223372036854775807&amp;mode=12&amp;name=%5bCOLOR%20blue%5d%d7%94%d7%a7%d7%91%d7%95%d7%a6%d7%95%d7%aa%20%d7%a9%d7%9c%d7%99%5b%2fCOLOR%5d&amp;original_title=%20&amp;season=%20&amp;show_original_year=%20&amp;tmdbid=%20&amp;url=chatListMain&quot;,return)</onclick>
			</item>
			<item>
				<label>סדרות</label>
				<onclick>Dialog.Close(1100)</onclick>
				<onclick>ActivateWindow(10025,&quot;plugin://plugin.video.telemedia/?data=%20&amp;dates=%20&amp;description=Tv%20Shows&amp;eng_name=%20&amp;episode=%20&amp;fanart=https%3a%2f%2fstatic.highsnobiety.com%2fthumbor%2fR8JPAdy4hlfFhZj9_YqCQfcNsZ0%3d%2ffit-in%2f800x480%2fsmart%2fstatic.highsnobiety.com%2fwp-content%2fuploads%2f2019%2f02%2f28155224%2fgame-of-thrones-season-8-posters-001.jpg&amp;fav_status=false&amp;groups_id=0&amp;heb_name=%20&amp;iconimage=special%3a%2f%2fhome%2faddons%2fplugin.video.telemedia%2ftele%2ftvshows.png&amp;id=%20&amp;image_master&amp;isr=0&amp;last_id&amp;mode=11&amp;name=%5bCOLOR%20blue%5d%d7%a1%d7%93%d7%a8%d7%95%d7%aa%5b%2fCOLOR%5d&amp;original_title=%20&amp;season=%20&amp;show_original_year=%20&amp;tmdbid=%20&amp;url=%20&quot;,return)</onclick>
			</item>
			<item>
				<label>סרטים</label>
				<onclick>Dialog.Close(1100)</onclick>
				<onclick>ActivateWindow(10025,&quot;plugin://plugin.video.telemedia/?data=%20&amp;dates=%20&amp;description=Movies&amp;eng_name=%20&amp;episode=%20&amp;fanart=https%3a%2f%2fwww.ubackground.com%2f_ph%2f22%2f269562231.jpg&amp;fav_status=false&amp;groups_id=0&amp;heb_name=%20&amp;iconimage=special%3a%2f%2fhome%2faddons%2fplugin.video.telemedia%2ftele%2fmovies.png&amp;id=%20&amp;image_master&amp;isr=0&amp;last_id&amp;mode=10&amp;name=%5bCOLOR%20blue%5d%d7%a1%d7%a8%d7%98%d7%99%d7%9d%5b%2fCOLOR%5d&amp;original_title=%20&amp;season=%20&amp;show_original_year=%20&amp;tmdbid=%20&amp;url=%20&quot;,return)</onclick>
			</item>
			<item>
				<label>חיפוש בטלמדיה</label>
				<onclick>Dialog.Close(1100)</onclick>
				<onclick>ActivateWindow(10025,&quot;plugin://plugin.video.telemedia/?data=all&amp;dates=%20&amp;description=Search%20All&amp;eng_name=%20&amp;episode=%20&amp;fanart=https%3a%2f%2fwww.komando.com%2fwp-content%2fuploads%2f2017%2f12%2fcomputer-search.jpg&amp;fav_status=false&amp;groups_id=0&amp;heb_name=%20&amp;iconimage=https%3a%2f%2fsitechecker.pro%2fwp-content%2fuploads%2f2017%2f12%2fsearch-engines.png&amp;id=%20&amp;image_master&amp;isr=0&amp;last_id=0%24%24%240&amp;mode=6&amp;name=%5bCOLOR%20yellow%5d%d7%97%d7%99%d7%a4%d7%95%d7%a9%20%d7%9b%d7%9c%d7%9c%d7%99%5b%2fCOLOR%5d&amp;original_title=%20&amp;season=%20&amp;show_original_year=%20&amp;tmdbid=%20&amp;url=%20&quot;,return)</onclick>
			</item>
			</content>
		</control>
		</control>

			</include>


<include name="seriastvshowsmainmenu">
			<control type="group">
			<control type="list" id="8823">
			<posx>-15</posx>
			<posy>240</posy>
			<width>1940</width>
			<height>400</height>
			<onback>1286</onback>
			<ondown condition="!Player.HasAudio">1256</ondown>
			<ondown condition="Player.HasVideo">8005</ondown>
			<ondown condition="Player.HasAudio">535</ondown>
			<orientation>horizontal</orientation>
			<itemlayout width="200" height="50">
			<control type="image">
			<posx>15</posx>
			<posy>10</posy>
			<width>185</width>
			<height>40</height>
			<bordertexture colordiffuse="gray">white.png</bordertexture>
			<bordersize>1</bordersize>
			<texture colordiffuse="black">white.png</texture>
			</control>
			<control type="label">
			<posx>5</posx>
			<posy>8</posy>
			<width>200</width>
			<height>50</height>
			<align>center</align>
			<label>$INFO[ListItem.Label]</label>
			</control>
			</itemlayout>
			<focusedlayout width="200" height="50">
			<control type="image">
			<posx>15</posx>
			<posy>10</posy>
			<width>185</width>
			<height>40</height>
			<bordertexture colordiffuse="gray">white.png</bordertexture>
			<bordersize>1</bordersize>
			<texture colordiffuse="black">white.png</texture>
			</control>
			<control type="image">
			<visible>control.hasfocus(8823)</visible>
			<posx>16</posx>
			<posy>12</posy>
			<width>182</width>
			<height>35</height>
			<texture colordiffuse="gray">white.png</texture>
			</control>
			<control type="label">
			<posx>5</posx>
			<posy>8</posy>
			<width>200</width>
			<height>50</height>
			<align>center</align>
			<label>$INFO[ListItem.Label]</label>
			</control>
			</focusedlayout>
			<content>
			<item>
				<label>כללי</label>
				<onclick>Dialog.Close(all,true)</onclick>
				<onclick>ActivateWindow(6409)</onclick>
			</item>
			<item>
				<label>סדרות חדשות</label>
				<onclick>Dialog.Close(all,true)</onclick>
				<onclick>ActivateWindow(6704)</onclick>
			</item>
			<item>
				<label>נוסטלגיה</label>
				<onclick>Dialog.Close(all,true)</onclick>
				<onclick>ActivateWindow(6300)</onclick>
			</item>
			<item>
				<label>פשע</label>
				<onclick>Dialog.Close(all,true)</onclick>
				<onclick>ActivateWindow(6301)</onclick>
				</item>
			<item>
				<label>פעולה</label>
				<onclick>Dialog.Close(all,true)</onclick>
				<onclick>ActivateWindow(6407)</onclick>
				</item>
			<item>
				<label>קומדיה</label>
				<onclick>Dialog.Close(all,true)</onclick>
				<onclick>ActivateWindow(6302)</onclick>
			</item>
			<item>
				<label>דרמה</label>
				<onclick>Dialog.Close(all,true)</onclick>
				<onclick>ActivateWindow(6401)</onclick>
			</item>
			<item>
				<label>משפחה</label>
				<onclick>Dialog.Close(all,true)</onclick>
				<onclick>ActivateWindow(6408)</onclick>
			</item>
			<item>
				<label>מ.בדיוני</label>
				<onclick>Dialog.Close(all,true)</onclick>
				<onclick>ActivateWindow(6402)</onclick>
			</item>
			<item>
				<label>אוכל</label>
				<onclick>Dialog.Close(all,true)</onclick>
				<onclick>ActivateWindow(6307)</onclick>
			</item>
			<item>
				<label>דוקומנטרי</label>
				<onclick>Dialog.Close(all,true)</onclick>
				<onclick>ActivateWindow(6406)</onclick>
			</item>
			<item>
				<label>טבע</label>
				<onclick>Dialog.Close(all,true)</onclick>
				<onclick>ActivateWindow(6404)</onclick>
			</item>
			<item>
				<label>פרקים אחרונים</label>
				<onclick>ActivateWindow(6711)</onclick>
			</item>
			</content>
			</control>
			</control>
			</include>


<include name="kidsseriastvshowsmainmenu">
			<control type="group">
			<control type="list" id="8823">
			<posx>350</posx>
			<posy>240</posy>
			<width>1920</width>
			<height>400</height>
			<onback>1286</onback>
			<ondown condition="Player.HasVideo">8005</ondown>
			<ondown condition="Player.HasAudio">535</ondown>
			<orientation>horizontal</orientation>
			<itemlayout width="200" height="50">
			<control type="image">
			<posx>15</posx>
			<posy>10</posy>
			<width>185</width>
			<height>40</height>
			<bordertexture colordiffuse="gray">white.png</bordertexture>
			<bordersize>1</bordersize>
			<texture colordiffuse="black">white.png</texture>
			</control>
			<control type="label">
			<posx>5</posx>
			<posy>8</posy>
			<width>200</width>
			<height>50</height>
			<align>center</align>
			<label>$INFO[ListItem.Label]</label>
			</control>
			</itemlayout>
			<focusedlayout width="200" height="50">
			<control type="image">
			<posx>15</posx>
			<posy>10</posy>
			<width>185</width>
			<height>40</height>
			<bordertexture colordiffuse="gray">white.png</bordertexture>
			<bordersize>1</bordersize>
			<texture colordiffuse="black">white.png</texture>
			</control>
			<control type="image">
			<visible>control.hasfocus(8823)</visible>
			<posx>16</posx>
			<posy>12</posy>
			<width>182</width>
			<height>35</height>
			<texture colordiffuse="gray">white.png</texture>
			</control>
			<control type="label">
			<posx>5</posx>
			<posy>8</posy>
			<width>200</width>
			<height>50</height>
			<align>center</align>
			<label>$INFO[ListItem.Label]</label>
			</control>
			</focusedlayout>
			<content>
			<item>
				<label>מדובב 1</label>
				<onclick>Dialog.Close(all,true)</onclick>
				<onclick>ActivateWindow(6304)</onclick>
			</item>
			<item>
				<label>מדובב 2</label>
				<onclick>Dialog.Close(all,true)</onclick>
				<onclick>ActivateWindow(6305)</onclick>
				</item>
			<item>
				<label>מדובב 3</label>
				<onclick>Dialog.Close(all,true)</onclick>
				<onclick>ActivateWindow(6306)</onclick>
			</item>
			<item>
				<label>מדובב 4</label>
				<onclick>Dialog.Close(all,true)</onclick>
				<onclick>ActivateWindow(6308)</onclick>
			</item>
			<item>
				<label>אנימציה</label>
				<onclick>Dialog.Close(all,true)</onclick>
				<onclick>ActivateWindow(6405)</onclick>
			</item>
			</content>
			</control>
			</control>
			</include>

</includes>
