<?xml version="1.0" encoding="UTF-8"?>
<includes>

<include name="arrowsconditions">
<control type="group">
<animation effect="fade" time="550">VisibleChange</animation>
<control type="image">
<visible>Control.HasFocus(500)</visible>
<posx>15</posx>
<posy>580</posy>
<width>80</width>
<height>80</height>
<texture flipy="true" colordiffuse="deeppink">special://skin/extras/arrows/arrowup.png</texture>
</control>

<control type="group">
<visible>Control.HasFocus(501) | Control.HasFoCus(502) | Control.HasFocus(503) | Control.HasFoCus(504) | Control.HasFoCus(505) | Control.HasFoCus(506) | Control.HasFoCus(507) | Control.HasFoCus(508)</visible>
<control type="image">
<posx>15</posx>
<posy>560</posy>
<width>80</width>
<height>80</height>
<texture colordiffuse="deeppink">special://skin/extras/arrows/arrowup.png</texture>
</control>
<control type="image">
<posx>15</posx>
<posy>620</posy>
<width>80</width>
<height>80</height>
<texture flipy="true" colordiffuse="deeppink">special://skin/extras/arrows/arrowup.png</texture>
</control>
</control>


<control type="image">
<visible>Control.HasFocus(509)</visible>
<posx>15</posx>
<posy>580</posy>
<width>80</width>
<height>80</height>
<texture colordiffuse="deeppink">special://skin/extras/arrows/arrowup.png</texture>
</control>
</control>
</include>

<include name="kidsmovieinfo">
<definition>

<control type="group">
<visible>$PARAM[visibleinfowidgetnumber]</visible>
<control type="textbox">
<posx>760</posx>
<posy>60</posy>
<width>400</width>
<height>220</height>
<align>center</align>
<textcolor>black</textcolor>
<autoscroll fade="3000" time="3000" repeat="3000"></autoscroll>
<label>$INFO[Container($PARAM[kidsid]).ListItem.Plot]</label>
</control>

<control type="textbox">
<posx>0</posx>
<posy>200</posy>
<width>550</width>
<height>150</height>
<align>center</align>
<textcolor>deepskyblue</textcolor>
<label>$INFO[Container($PARAM[kidsid]).ListItem.Genre]</label>
</control>

<control type="textbox">
<posx>1380</posx>
<posy>200</posy>
<width>550</width>
<height>150</height>
<align>center</align>
<font>font-21-newrecommnded</font>
<textcolor>deeppink</textcolor>
<label>$INFO[Container($PARAM[kidsid]).ListItem.Year]</label>
</control>
</control>
</definition>
</include>


<include name="check_dubbed">
<definition>
		<control type="group">
		<visible>Control.HasFocus($PARAM[dubbedid])</visible>
		<animation type="WindoOpen" condition="String.Contains(Container($PARAM[dubbedid]).ListItem.Label,מדובב) | String.Contains(Container($PARAM[dubbedid]).ListItem.Plot,מדובב) | String.Contains(Container($PARAM[dubbedid]).ListItem.Label,Dubbed) | String.Contains(Container($PARAM[dubbedid]).ListItem.Plot,Dubbed) | String.Contains(Container($PARAM[dubbedid]).ListItem.Label,dubbed) | String.Contains(Container($PARAM[dubbedid]).ListItem.Plot,dubbed)" reversible="false">
		<effect type="slide" start="0,0" end="1260,0" time="850" tween="back" easing="out"/>
		</animation>
		<posx>-600</posx>
		<control type="image">
		<posx>0</posx>
		<posy>220</posy>
		<width>600</width>
		<height>400</height>
		<texture>special://skin/extras/kidsframes/dubbedcheck.png</texture>
		</control>
		</control>
</definition>
</include>



<include name="for_test_widget_content">
<definition>
		<control type="wraplist" id="$PARAM[widgetid]">
		<orientation>horizontal</orientation>
		<posx>0</posx>
		<posy>$PARAM[posy]</posy>
		<width>1750</width>
		<height>1000</height>
		<onback>1256</onback>
		<onclick condition="Control.HasFocus(500)">Action(info)</onclick>
		<onclick condition="Control.HasFocus(501)">Action(info)</onclick>
		<focusposition>2</focusposition>
		<focusposition>2</focusposition>
		<preloaditems>2</preloaditems>
		<scrolltime tween="back" easing="out">850</scrolltime>
		<orientation>horizontal</orientation>
		<itemlayout width="350" height="40">
		<control type="image">
		<posx>0</posx>
		<posy>0</posy>
		<width>342</width>
		<height>240</height>
		<bordertexture colordiffuse="deeppink">white.png</bordertexture>
		<bordersize>2</bordersize>
		<texture>white.png</texture>
		</control>
		<control type="image">
		<visible>IsEmpty(ListItem.Art(fanart))</visible>
		<posx>4</posx>
		<posy>2</posy>
		<width>335</width>
		<height>195</height>
		<texture fallback="special://skin/extras/fallbacks/videodefault.jpg">$INFO[Window(Home).Property(SkinHelper.ListItem.Art.ExtraFanArt)]</texture>
		</control>
		<control type="image">
		<posx>4</posx>
		<posy>2</posy>
		<width>335</width>
		<height>195</height>
		<texture fallback="special://skin/extras/fallbacks/videodefault.jpg">$INFO[ListItem.Art(fanart)]</texture>
		</control>
		<control type="label">
		<posx>0</posx>
		<posy>200</posy>
		<width>330</width>
		<height>40</height>
		<align>center</align>
		<font>font-16</font>
		<textcolor>black</textcolor>
		<label>$INFO[ListItem.Label]</label>
		</control>
		</itemlayout>
		<focusedlayout  width="350" height="40">
		<control type="group">
		<control type="image">
		<visible>!Control.HasFocus($PARAM[widgetid])</visible>
		<posx>0</posx>
		<posy>0</posy>
		<width>342</width>
		<height>240</height>
		<bordertexture colordiffuse="deeppink">white.png</bordertexture>
		<bordersize>2</bordersize>
		<texture>white.png</texture>
		</control>
		<control type="image">
		<visible>Control.HasFocus($PARAM[widgetid])</visible>
		<posx>0</posx>
		<posy>0</posy>
		<width>342</width>
		<height>240</height>
		<bordertexture colordiffuse="deeppink">white.png</bordertexture>
		<bordersize>2</bordersize>
		<texture colordiffuse="cyan">white.png</texture>
		</control>
		<control type="image">
		<visible fallback="special://skin/extras/fallbacks/videodefault.jpg">IsEmpty(ListItem.Art(fanart))</visible>
		<posx>4</posx>
		<posy>2</posy>
		<width>335</width>
		<height>195</height>
		<texture fallback="special://skin/extras/fallbacks/videodefault.jpg">$INFO[Window(Home).Property(SkinHelper.ListItem.Art.ExtraFanArt)]</texture>
		</control>
		<control type="image">
		<posx>4</posx>
		<posy>2</posy>
		<width>335</width>
		<height>195</height>
		<texture fallback="special://skin/extras/fallbacks/videodefault.jpg">$INFO[ListItem.Art(fanart)]</texture>
		</control>
		<control type="label">
		<visible>Control.HasFocus($PARAM[widgetid])</visible>
		<posx>0</posx>
		<posy>200</posy>
		<width>330</width>
		<height>40</height>
		<align>center</align>
		<font>font-16</font>
		<textcolor>black</textcolor>
		<label>$INFO[ListItem.Label]</label>
		</control>
		<control type="label">
		<visible>!Control.HasFocus($PARAM[widgetid])</visible>
		<posx>0</posx>
		<posy>200</posy>
		<width>330</width>
		<height>40</height>
		<align>center</align>
		<font>font-16</font>
		<textcolor>black</textcolor>
		<label>$INFO[ListItem.Label]</label>
		</control>
		</control>
		</focusedlayout>
		<content sortby="$PARAM[sortby]" sortorder="$PARAM[sortorder]">$PARAM[widgetcontent]</content>
		</control>
		</definition>
</include>


</includes>
