<?xml version="1.0" encoding="UTF-8"?>

<includes>



<include name="mainscreensvshows">
<control type="group">
<visible>![Container(9000).HasFocus(5) | Container(9000).HasFocus(6) | Container(9000).HasFocus(7)]</visible>
<animation condition="Window.IsActive(6100)" effect="slide" start="0,0" end="0,1000" time="150" tween="sine" easing="inout">Conditional</animation>
<posy>430</posy>
<control type="image">
<posx>0</posx>
<posy>390</posy>
<width>1920</width>
<height>260</height>
<texture>black.png</texture>
<colordiffuse>77000000</colordiffuse>
</control>
<control type="image">
<posx>550</posx>
<posy>390</posy>
<width>1005</width>
<height>260</height>
<texture>black.png</texture>
</control>
<control type="image">
<posx>550</posx>
<posy>390</posy>
<width>1000</width>
<height>2</height>
<texture>special://skin/extras/info/infopanel_line.png</texture>
</control>
<control type="group">
<posx>200</posx>
<posy>480</posy>
<control type="image">
<posx>1355</posx>
<posy>0</posy>
<width>85</width>
<height>65</height>
<aspectratio>keep</aspectratio>
<texture colordiffuse="deepskyblue">special://skin/extras/arrows/arrow-25-xxl.png</texture>
</control>
<control type="image">
<posx>280</posx>
<posy>0</posy>
<width>85</width>
<height>65</height>
<aspectratio>keep</aspectratio>
<texture flipx="true" colordiffuse="deepskyblue">special://skin/extras/arrows/arrow-25-xxl.png</texture>
</control>
</control>
</control>
</include>



<include name="mainscreentvshowcontent">
<definition>
<control type="group">
<animation condition="Window.IsActive(6100)" effect="slide" start="0,0" end="0,1000" time="150" tween="sine" easing="inout">Conditional</animation>
<posy>470</posy>
<visible>Container(835).HasFocus($PARAM[mainscrrenitemnumber])</visible>
<control type="group">
<control type="multiimage">
<posx>1300</posx>
<posy>360</posy>
<width>220</width>
<height>200</height>
<fadetime>350</fadetime>
<imagepath>$INFO[Container($PARAM[tvshowmainscreenbaseid]).ListItem.Art(thumb)]</imagepath>
</control>
<control type="label">
<animation effect="fade" time="450">VisibleChange</animation>
<posx>1280</posx>
<posy>400</posy>
<width>250</width>
<align>right</align>
<textcolor>burlywood</textcolor>
<label>תקציר סדרה:</label>
</control>
<control type="textbox">
<animation effect="fade" time="450">VisibleChange</animation>
<centerleft>50%</centerleft>
<posy>460</posy>
<width>650</width>
<height>100</height>
<align>right</align>
<autoscroll fade="2550" time="3000" repeat="4000"></autoscroll>
<label>$INFO[Container($PARAM[tvshowmainscreenbaseid]).ListItem.Plot]</label>
</control>
<control type="label">
<posx>1285</posx>
<posy>340</posy>
<width>700</width>
<height>100</height>
<align>right</align>
<textcolor>white</textcolor>
<font>font-21-newrecommnded</font>
<scroll>true</scroll>
<scrolltime>40</scrolltime>
<label>$INFO[Container($PARAM[tvshowmainscreenbaseid]).ListItem.Label] $INFO[Container($PARAM[tvshowmainscreenbaseid]).ListItem.Year, (,)]</label>
</control>
</control>
<control type="list" id="$PARAM[tvshowmainscreenbaseid]">
<posx>220</posx>
<posy>350</posy>
<width>1920</width>
<height>500</height>
<onclick>Control.SetFocus(2230)</onclick>
<ondown>Control.SetFocus(2230)</ondown>
<onback>835</onback>
<orientation>horizontal</orientation>
<autoscroll time="8000" fade="8000">Control.Hasfocus(9000)</autoscroll>
<scrolltime tween="sine" easing="inout">350</scrolltime>
<preloaditems>2</preloaditems>
<itemlayout width="1420" height="500">
<control type="image">
<posx>0</posx>
<posy>0</posy>
<width>250</width>
<height>220</height>
<texture>$INFO[ListItem.Thumb]</texture>
</control>
<control type="image">
<posx>0</posx>
<posy>220</posy>
<width>250</width>
<height>40</height>
<texture>black.png</texture>
</control>
<control type="label">
<posx>0</posx>
<posy>220</posy>
<width>250</width>
<height>40</height>
<align>center</align>
<label>$INFO[ListItem.Genre]</label>
</control>
</itemlayout>
<focusedlayout width="1420" height="500">
<control type="image">
<visible>!control.hasfocus($PARAM[tvshowmainscreenbaseid])</visible>
<posx>0</posx>
<posy>0</posy>
<width>250</width>
<height>220</height>
<texture>$INFO[ListItem.Thumb]</texture>
</control>
<control type="image">
<visible>control.hasfocus($PARAM[tvshowmainscreenbaseid])</visible>
<posx>0</posx>
<posy>0</posy>
<width>250</width>
<height>220</height>
<bordertexture colordiffuse="gray">white.png</bordertexture>
<bordersize>5</bordersize>
<texture>$INFO[ListItem.Thumb]</texture>
</control>
<control type="image">
<posx>0</posx>
<posy>220</posy>
<width>250</width>
<height>40</height>
<texture>black.png</texture>
</control>
<control type="label">
<posx>0</posx>
<posy>220</posy>
<width>250</width>
<height>40</height>
<align>center</align>
<label>$INFO[ListItem.Genre]</label>
</control>
</focusedlayout>
<content sortby="random" sortorder="random">$PARAM[tvshowmainscreecontent]</content>
</control>
</control>
</definition>
</include>


<include name="mainscreentvhosepissodss">
<definition>
<control type="group">
<animation condition="Window.IsActive(6100)" effect="slide" start="0,0" end="0,1000" time="150" tween="sine" easing="inout">Conditional</animation>
<visible>String.Contains(Container($PARAM[baseidocntainer]).ListItem.Label,$PARAM[tvshowlabelname])</visible>
<visible>$PARAM[notvisible]</visible>
<control type="group">
<posy>475</posy>
<visible>Control.HasFocus($PARAM[mainscreentvhosepissods])</visible>
<control type="image">
<posx>550</posx>
<posy>345</posy>
<width>1005</width>
<height>305</height>
<texture>black.png</texture>
</control>
<control type="multiimage">
<posx>1300</posx>
<posy>360</posy>
<width>220</width>
<height>200</height>
<fadetime>350</fadetime>
<imagepath>$INFO[Container($PARAM[mainscreentvhosepissods]).ListItem.Art(fanart)]</imagepath>
</control>
<control type="textbox">
<animation effect="fade" time="450">VisibleChange</animation>
<centerleft>50%</centerleft>
<posy>460</posy>
<width>650</width>
<height>100</height>
<align>right</align>
<autoscroll fade="2550" time="3000" repeat="4000"></autoscroll>
<label>$INFO[Container($PARAM[mainscreentvhosepissods]).ListItem.Plot]</label>
</control>
<control type="textbox">
<autoscroll fade="3000" time="3000" repeat="3000">Control.HasFocus($PARAM[mainscreentvhosepissods])</autoscroll>
<posx>630</posx>
<posy>340</posy>
<width>650</width>
<height>80</height>
<align>right</align>
<textcolor>white</textcolor>
<label>$INFO[Container($PARAM[mainscreentvhosepissods]).ListItem.Label]</label>
</control>
<control type="label">
<animation effect="fade" time="450">VisibleChange</animation>
<posx>1285</posx>
<posy>420</posy>
<width>250</width>
<align>right</align>
<textcolor>burlywood</textcolor>
<label>תקציר פרק:</label>
</control>
</control>

<control type="label">
<animation condition="!Integer.IsGreater(Container($PARAM[mainscreentvhosepissods]).NumItems,0)" effect="fade" start="0" end="100" time="1100" pulse="true">Conditional</animation>
<visible>!Integer.IsGreater(Container($PARAM[mainscreentvhosepissods]).NumItems,0)</visible>
<posx>1000</posx>
<posy>600</posy>
<width>250</width>
<height>40</height>
<label>טוען פרקים...</label>
</control>

<control type="button" id="2230">
<posx>0</posx>
<posy>0</posy>
<width>1</width>
<height>1</height>
<label>-</label>
<onfocus>Control.SetFocus($PARAM[mainscreentvhosepissods])</onfocus>
</control>
<control type="list" id="$PARAM[mainscreentvhosepissods]">
<posx>545</posx>
<posy>1040</posy>
<width>1000</width>
<height>40</height>
<onup condition="Container(835).HasFocus(1)">5765</onup>
<onup condition="Container(835).HasFocus(2)">5766</onup>
<onup condition="Container(835).HasFocus(3)">5767</onup>
<onback condition="Container(835).HasFocus(1)">5765</onback>
<onback condition="Container(835).HasFocus(2)">5766</onback>
<onback condition="Container(835).HasFocus(3)">5767</onback>
<orientation>horizontal</orientation>
<preloaditems>2</preloaditems>
<itemlayout width="320" height="40">
<control type="label">
<posx>40</posx>
<posy>0</posy>
<width>200</width>
<height>40</height>
<align>center</align>
<label>$INFO[ListItem.Label]</label>
</control>
</itemlayout>
<focusedlayout width="320" height="40">
<control type="image">
<visible>Control.HasFocus($PARAM[mainscreentvhosepissods])</visible>
<posx>5</posx>
<posy>5</posy>
<width>280</width>
<height>35</height>
<texture>special://skin/extras/views/default_button_fo.png</texture>
</control>
<control type="label">
<visible>!control.hasfocus($PARAM[mainscreentvhosepissods])</visible>
<posx>40</posx>
<posy>0</posy>
<width>200</width>
<height>40</height>
<align>center</align>
<label>$INFO[ListItem.Label]</label>
</control>
<control type="label">
<visible>control.hasfocus($PARAM[mainscreentvhosepissods])</visible>
<posx>40</posx>
<posy>0</posy>
<width>200</width>
<height>40</height>
<align>center</align>
<label>[B]$INFO[ListItem.Label][/B]</label>
</control>
</focusedlayout>
<content>$PARAM[mainscreentvhosepissodscontent]</content>
</control>
</control>

</definition>
</include>


<include name="idanmaninmenu">
<control type="list" id="835">
<posx>0</posx>
<posy>820</posy>
<width>550</width>
<height>350</height>
<onback>9000</onback>
<onright condition="Container(835).HasFocus(1)">Control.SetFocus(5765)</onright>
<onright condition="Container(835).HasFocus(2)">Control.SetFocus(5766)</onright>
<onright condition="Container(835).HasFocus(3)">Control.SetFocus(5767)</onright>
<orientation>vertical</orientation>
<itemlayout width="150" height="90">
<control type="image">
<posx>0</posx>
<posy>0</posy>
<width>200</width>
<height>80</height>
<bordertexture colordiffuse="gray">white.png</bordertexture>
<bordersize>1</bordersize>
<texture colordiffuse="black">white.png</texture>
</control>
<control type="image">
<posx>8</posx>
<posy>2</posy>
<width>80</width>
<height>75</height>
<texture>$INFO[ListItem.Thumb]</texture>
</control>
</itemlayout>
<focusedlayout width="150" height="90">
<control type="image">
<visible>!Control.HasFocus(835)</visible>
<posx>0</posx>
<posy>0</posy>
<width>200</width>
<height>80</height>
<bordertexture colordiffuse="gray">white.png</bordertexture>
<bordersize>1</bordersize>
<texture colordiffuse="black">white.png</texture>
</control>
<control type="image">
<visible>Control.HasFocus(835)</visible>
<posx>0</posx>
<posy>0</posy>
<width>200</width>
<height>80</height>
<bordertexture colordiffuse="deepskyblue">white.png</bordertexture>
<bordersize>4</bordersize>
<texture colordiffuse="black">white.png</texture>
</control>
<control type="image">
<posx>8</posx>
<posy>2</posy>
<width>80</width>
<height>75</height>
<texture>$INFO[ListItem.Thumb]</texture>
</control>
</focusedlayout>
<content>
<item id="1">
<thumb>special://skin/extras/test/reshet13.png</thumb>
<onclick>Control.SetFocus(5765)</onclick>
</item>
<item id="2">
<thumb>special://skin/extras/test/keshet12.png</thumb>
<onclick>Control.SetFocus(5766)</onclick>
</item>
<item id="3">
<thumb>special://skin/extras/test/Kan11.png</thumb>
<onclick>Control.SetFocus(5767)</onclick>
</item>
</content>
</control>
</include>

</includes>
