<?xml version="1.0" encoding="UTF-8"?>




<includes>
 
<include name="mainsecreenkidsmovies">
<control type="group">
<posy>50</posy>
<animation effect="fade" time="450">VisibleChange</animation>
<visible>![Container(9000).HasFocus(1) | Container(9000).HasFocus(2) | Container(9000).HasFocus(3) | Container(9000).HasFocus(4) | Container(9000).HasFocus(5) | Container(9000).HasFocus(7) | Container(9000).HasFocus(8) | Container(9000).HasFocus(9) | Container(9000).HasFocus(10) | Container(9000).HasFocus(11) | Container(9000).HasFocus(12) | Container(9000).HasFocus(13) | Container(9000).HasFocus(14) | Container(9000).HasFocus(15) | Container(9000).HasFocus(16) | Container(9000).HasFocus(17) | Container(9000).HasFocus(18)]</visible>
<include content="kidsextrasmovies">
<param name="menukidsid" value="1"/>
<param name="kidsidlist" value="8123"/>
<param name="menukidslistid" value="2268"/>
<param name="contentdateadded" value="random"/>
<param name="contentdescending" value="random"/>
<param name="kidssupercontent" value="plugin://plugin.video.FlashTV/?cat_level=%20&amp;count=0&amp;description=%20&amp;fanart&amp;iconimage=https%3a%2f%2fwww.xtrafondos.com%2fwallpapers%2ftoy-story-4-personajes-poster-3326.jpg&amp;index_depth=0&amp;lang=eng&amp;mode=5&amp;name=%d7%a1%d7%a8%d7%98%d7%99%d7%9d%20%d7%9e%d7%93%d7%95%d7%91%d7%91%d7%99%d7%9d&amp;page&amp;selected_list=%20&amp;url=%d7%a1%d7%a8%d7%98%d7%99%d7%9d%d7%a1%d7%a8%d7%98%d7%99%d7%9d%20%d7%9e%d7%93%d7%95%d7%91%d7%91%d7%99%d7%9d&quot"/>
</include>

<include content="kidsextrasmovies">
<param name="menukidsid" value="2"/>
<param name="kidsidlist" value="8124"/>
<param name="menukidslistid" value="2268"/>
<param name="contentdateadded" value="random"/>
<param name="contentdescending" value="random"/>
<param name="kidssupercontent" value="plugin://plugin.video.CHICCO/?cat_level=%20&amp;count=0&amp;description=%20&amp;fanart=http%3a%2f%2fmoridim.me%2fimages%2flarge%2f9424.jpg&amp;iconimage=http%3a%2f%2fmoridim.me%2fimages%2flarge%2f9424.jpg&amp;index_depth=0&amp;lang=eng&amp;mode=5&amp;name=%d7%a1%d7%a8%d7%98%d7%99%d7%9d%20%d7%9e%d7%93%d7%95%d7%91%d7%91%d7%99%d7%9d&amp;page&amp;selected_list=%20&amp;url=%d7%a1%d7%a8%d7%98%d7%99%d7%9d%d7%a1%d7%a8%d7%98%d7%99%d7%9d%20%d7%9e%d7%93%d7%95%d7%91%d7%91%d7%99%d7%9d&quot"/>
</include>

<include content="kidsextrasmovies">
<param name="menukidsid" value="3"/>
<param name="kidsidlist" value="8125"/>
<param name="menukidslistid" value="2268"/>
<param name="kidssupercontent" value="plugin://plugin.video.telemedia/?data=-1001406056035&amp;dates=%20&amp;description=%22%d7%90%d7%9c%d7%90%d7%93%d7%99%d7%9f%22%202019%0a%0a%d7%90%d7%99%d7%9b%d7%95%d7%aa%3a%201080p%20BluRay.%20%f0%9f%98%8d%0a%e2%9c%82%ef%b8%8f%20%d7%97%d7%9c%d7%a7%202%20-%20%d7%9e%d7%93%d7%95%d7%91%d7%91%20%d7%9c%d7%a2%d7%91%d7%a8%d7%99%d7%aa.%20%f0%9f%97%a3%0a%0a%e2%9a%a1%ef%b8%8f%20%40all_the_media%0afrom_plot&amp;eng_name=%20&amp;episode=%20&amp;fanart&amp;fav_status=false&amp;groups_id=0&amp;heb_name=%20&amp;iconimage&amp;id=%20&amp;image_master&amp;isr=0&amp;last_id&amp;mode=31&amp;name=%5bCOLOR%20lightblue%5d%d7%a7%d7%91%d7%95%d7%a6%d7%aa%20%d7%94%d7%91%d7%a7%d7%a9%d7%95%d7%aa%20%d7%99%d7%9c%d7%93%d7%99%d7%9d%5b%2fCOLOR%5d&amp;original_title=%20&amp;season=%20&amp;show_original_year=%20&amp;tmdbid=%20&amp;url=-1001406056035&quot"/>
</include>

<include content="kidsextrasmovies">
<param name="menukidsid" value="4"/>
<param name="kidsidlist" value="8126"/>
<param name="menukidslistid" value="2268"/>
<param name="kidssupercontent" value="plugin://plugin.video.telemedia/?data=-1001169545715&amp;dates=%20&amp;description=%d7%a7%d7%91%d7%95%d7%a6%d7%aa%20%d7%94%d7%91%d7%a7%d7%a9%d7%95%d7%aa%20%d7%9c%d7%99%d7%9c%d7%93%d7%99%d7%9d%202%0afrom_plot&amp;eng_name=%20&amp;episode=%20&amp;fanart&amp;fav_status=false&amp;groups_id=0&amp;heb_name=%20&amp;iconimage&amp;id=%20&amp;image_master&amp;isr=0&amp;last_id&amp;mode=31&amp;name=%5bCOLOR%20khaki%5d%d7%a7%d7%91%d7%95%d7%a6%d7%aa%20%d7%94%d7%91%d7%a7%d7%a9%d7%95%d7%aa%20%d7%9c%d7%99%d7%9c%d7%93%d7%99%d7%9d%202%5b%2fCOLOR%5d&amp;original_title=%20&amp;season=%20&amp;show_original_year=%20&amp;tmdbid=%20&amp;url=-1001169545715&quot"/>
</include>

<include content="kidsextrasmovies">
<param name="menukidsid" value="5"/>
<param name="kidsidlist" value="8127"/>
<param name="menukidslistid" value="2268"/>
<param name="kidssupercontent" value="plugin://plugin.video.telemedia/?data=-1001364848763&amp;dates=%20&amp;description=%0afrom_plot&amp;eng_name=%20&amp;episode=%20&amp;fanart&amp;fav_status=false&amp;groups_id=0&amp;heb_name=%20&amp;iconimage&amp;id=%20&amp;image_master&amp;isr=0&amp;last_id&amp;mode=31&amp;name=%5bCOLOR%20khaki%5d%d7%a7%d7%91%d7%95%d7%a6%d7%aa%20%d7%94%d7%91%d7%a7%d7%a9%d7%95%d7%aa%20%d7%9c%d7%99%d7%9c%d7%93%d7%99%d7%9d%203%5b%2fCOLOR%5d&amp;original_title=%20&amp;season=%20&amp;show_original_year=%20&amp;tmdbid=%20&amp;url=-1001364848763&quot"/>
</include>

<include content="kidsextrasmovies">
<param name="menukidsid" value="6"/>
<param name="kidsidlist" value="8128"/>
<param name="menukidslistid" value="2268"/>
<param name="kidssupercontent" value="plugin://plugin.video.telemedia/?data=-1001428630061&amp;dates=%20&amp;description=%d7%a7%d7%91%d7%95%d7%a6%d7%aa%20%d7%94%d7%91%d7%a7%d7%a9%d7%95%d7%aa%20%d7%9c%d7%99%d7%9c%d7%93%d7%99%d7%9d%204%0afrom_plot&amp;eng_name=%20&amp;episode=%20&amp;fanart&amp;fav_status=false&amp;groups_id=0&amp;heb_name=%20&amp;iconimage&amp;id=%20&amp;image_master&amp;isr=0&amp;last_id&amp;mode=31&amp;name=%5bCOLOR%20khaki%5d%d7%a7%d7%91%d7%95%d7%a6%d7%aa%20%d7%94%d7%91%d7%a7%d7%a9%d7%95%d7%aa%20%d7%9c%d7%99%d7%9c%d7%93%d7%99%d7%9d%204%5b%2fCOLOR%5d&amp;original_title=%20&amp;season=%20&amp;show_original_year=%20&amp;tmdbid=%20&amp;url=-1001428630061&quot"/>
</include>

<include content="kidsextrasmovies">
<param name="menukidsid" value="7"/>
<param name="kidsidlist" value="8129"/>
<param name="menukidslistid" value="2268"/>
<param name="kidssupercontent" value="plugin://plugin.video.telemedia/?data=-1001229507581&amp;dates=%20&amp;description=%0afrom_plot&amp;eng_name=%20&amp;episode=%20&amp;fanart&amp;fav_status=false&amp;groups_id=0&amp;heb_name=%20&amp;iconimage&amp;id=%20&amp;image_master&amp;isr=0&amp;last_id&amp;mode=31&amp;name=%5bCOLOR%20khaki%5d%d7%a7%d7%91%d7%95%d7%a6%d7%aa%20%d7%94%d7%91%d7%a7%d7%a9%d7%95%d7%aa%20%d7%9c%d7%99%d7%9c%d7%93%d7%99%d7%9d%205%5b%2fCOLOR%5d&amp;original_title=%20&amp;season=%20&amp;show_original_year=%20&amp;tmdbid=%20&amp;url=-1001229507581&quot"/>
</include>

<include content="kidsextrasmovies">
<param name="menukidsid" value="8"/>
<param name="kidsidlist" value="8130"/>
<param name="menukidslistid" value="2268"/>
<param name="kidssupercontent" value="plugin://plugin.video.telemedia/?data=-1001331856284&amp;dates=%20&amp;description=%0afrom_plot&amp;eng_name=%20&amp;episode=%20&amp;fanart&amp;fav_status=false&amp;groups_id=0&amp;heb_name=%20&amp;iconimage&amp;id=%20&amp;image_master&amp;isr=0&amp;last_id&amp;mode=31&amp;name=%5bCOLOR%20khaki%5d%d7%a7%d7%91%d7%95%d7%a6%d7%aa%20%d7%94%d7%91%d7%a7%d7%a9%d7%95%d7%aa%20%d7%9c%d7%99%d7%9c%d7%93%d7%99%d7%9d%206%5b%2fCOLOR%5d&amp;original_title=%20&amp;season=%20&amp;show_original_year=%20&amp;tmdbid=%20&amp;url=-1001331856284&quot"/>
</include>

</control>
</include>

<include name="kidsextrasmovies">
<definition>
<control type="group">
<animation effect="fade" time="450">VisibleChange</animation>
<visible>Container($PARAM[menukidslistid]).HasFocus($PARAM[menukidsid])</visible>
<control type="multiimage">
<posx>0</posx>
<posy>0</posy>
<width>1520</width>
<height>550</height>
<fadetime>350</fadetime>
<imagepath flipx="true" diffuse="special://skin/extras/overlay/right_corner.png">$INFO[Container($PARAM[kidsidlist]).ListItem.Art(fanart)]</imagepath>
</control>
<control type="group">
<animation effect="fade" time="450">VisibleChange</animation>
<posx>50</posx>
<control type="label">
<posx>1840</posx>
<posy>0</posy>
<width>1000</width>
<height>50</height>
<align>right</align>
<font>font-21-power</font>
<label>$INFO[Container($PARAM[kidsidlist]).ListItem.Label]</label>
</control>
<control type="textbox">
<posx>1240</posx>
<posy>120</posy>
<width>600</width>
<height>150</height>
<align>right</align>
<autoscroll fade="2500" time="2500" repeat="4000"></autoscroll>
<label>$INFO[Container($PARAM[kidsidlist]).ListItem.Plot]</label>
</control>
<control type="image">
<visible>!IsEmpty(Container($PARAM[kidsidlist]).ListItem.Genre)</visible>
<posx>1795</posx>
<posy>300</posy>
<width>45</width>
<height>45</height>
<aspectratio>keep</aspectratio>
<texture colordiffuse="white">special://skin/extras/genre.png</texture>
</control>
<control type="label">
<posx>1765</posx>
<posy>302</posy>
<width>1200</width>
<height>40</height>
<align>right</align>
<textcolor>burlywood</textcolor>
<label>[I]$INFO[Container($PARAM[kidsidlist]).ListItem.Genre][/I]</label>
</control>

<control type="label">
<animation condition="!Integer.IsGreater(Container($PARAM[kidsidlist]).NumItems,0)" effect="fade" start="0" end="100" time="1100" pulse="true">Conditional</animation>
<visible>!Integer.IsGreater(Container($PARAM[kidsidlist]).NumItems,0)</visible>
<posx>1200</posx>
<posy>200</posy>
<width>1000</width>
<height>50</height>
<align>right</align>
<font>font-21-power</font>
<label>טוען תוכן סבלנות.....</label>
</control>


<control type="multiimage">
<animation condition="String.Contains(Container($PARAM[kidsidlist]).ListItem.Label,מדובב) | String.Contains(Container($PARAM[kidsidlist]).ListItem.Plot,מדובב)" effect="slide" start="0,0" end="-540,0" tween="sine" easing="inout" time="150" fade="50">Conditional</animation>
<posx>2200</posx>
<posy>345</posy>
<width>180</width>
<height>100</height>
<fadetime>250</fadetime>
<imagepath>special://skin/extras/specialbuttons/newddubed.png</imagepath>
</control>

<control type="group">
<visible>Window.IsActive(6698)</visible>
<control type="multiimage">
<animation condition="String.Contains(Container($PARAM[kidsidlist]).ListItem.Year,2020) + !String.Contains(Container($PARAM[kidsidlist]).ListItem.Label,מדובב)" effect="slide" start="0,0" end="-680,0" tween="sine" easing="inout" time="150" fade="50">Conditional</animation>
<posx>2200</posx>
<posy>345</posy>
<width>120</width>
<height>100</height>
<fadetime>250</fadetime>
<imagepath>special://skin/extras/specialbuttons/new.png</imagepath>
</control>
<control type="multiimage">
<animation condition="String.Contains(Container($PARAM[kidsidlist]).ListItem.Year,2020) + String.Contains(Container($PARAM[kidsidlist]).ListItem.Label,מדובב)" effect="slide" start="0,0" end="-520,0" tween="sine" easing="inout" time="150" fade="50">Conditional</animation>
<posx>2200</posx>
<posy>340</posy>
<width>120</width>
<height>100</height>
<fadetime>250</fadetime>
<imagepath>special://skin/extras/specialbuttons/new.png</imagepath>
</control>
</control>
</control>


<control type="list" id="$PARAM[kidsidlist]">
<posx>40</posx>
<posy>450</posy>
<width>1950</width>
<height>800</height>
<preloaditems>2</preloaditems>
<onback>2268</onback>
<ondown>2268</ondown>
<orientation>horizontal</orientation>
<scrolltime tween="sine" easing="out">350</scrolltime>
<itemlayout width="320" height="100">
<control type="image">
<posx>-390</posx>
<posy>-155</posy>
<width>1150</width>
<height>755</height>
<texture>special://skin/extras/specialbuttons/shadowposter.png</texture>
</control>
<control type="image">
<posx>0</posx>
<posy>0</posy>
<width>250</width>
<height>470</height>
<texture>$INFO[ListItem.Art(poster)]</texture>
</control>
<control type="image">
<posx>0</posx>
<posy>410</posy>
<width>250</width>
<height>60</height>
<texture>black.png</texture>
<colordiffuse>77000000</colordiffuse>
</control>
<control type="label">
<posx>0</posx>
<posy>400</posy>
<width>250</width>
<height>50</height>
<align>right</align>
<label>$INFO[ListItem.Label][CR]$INFO[ListItem.Year]</label>
</control>
</itemlayout>
<focusedlayout width="320" height="100">
<control type="group">
<control type="image">
<posx>-390</posx>
<posy>-155</posy>
<width>1150</width>
<height>755</height>
<texture>special://skin/extras/specialbuttons/shadowposter.png</texture>
</control>
<animation effect="zoom" center="auto" start="100,100" end="105,105" fade="50" time="250">Focus</animation>

<control type="image">
<posx>0</posx>
<posy>0</posy>
<width>250</width>
<height>470</height>
<texture>$INFO[ListItem.Art(poster)]</texture>
</control>
<control type="image">
<posx>0</posx>
<posy>410</posy>
<width>250</width>
<height>60</height>
<texture>black.png</texture>
<colordiffuse>77000000</colordiffuse>
</control>
<control type="label">
<posx>0</posx>
<posy>400</posy>
<width>250</width>
<height>50</height>
<align>right</align>
<label>$INFO[ListItem.Label][CR]$INFO[ListItem.Year]</label>
</control>
</control>
</focusedlayout>
<content sortby="$PARAM[contentdateadded]" sortorder="$PARAM[contentdescending]">$PARAM[kidssupercontent]</content>
</control>
</control>
</definition>
</include>


<include name="mainmenukids">
<control type="list" id="2268">
<visible>![Container(9000).HasFocus(1) | Container(9000).HasFocus(2) | Container(9000).HasFocus(3) | Container(9000).HasFocus(4) | Container(9000).HasFocus(5) | Container(9000).HasFocus(7) | Container(9000).HasFocus(8) | Container(9000).HasFocus(9) | Container(9000).HasFocus(10) | Container(9000).HasFocus(11) | Container(9000).HasFocus(12) | Container(9000).HasFocus(13) | Container(9000).HasFocus(14) | Container(9000).HasFocus(15) | Container(9000).HasFocus(16) | Container(9000).HasFocus(17) | Container(9000).HasFocus(18)]</visible>
<animation effect="fade" time="450">VisibleChange</animation>
<posx>-60</posx>
<posy>970</posy>
<width>1980</width>
<height>300</height>
<onback>9000</onback>
<onup condition="Container(2268).HasFocus(1)">Control.SetFocus(8123)</onup>
<onup condition="Container(2268).HasFocus(2)">Control.SetFocus(8124)</onup>
<onup condition="Container(2268).HasFocus(3)">Control.SetFocus(8125)</onup>
<onup condition="Container(2268).HasFocus(4)">Control.SetFocus(8126)</onup>
<onup condition="Container(2268).HasFocus(5)">Control.SetFocus(8127)</onup>
<onup condition="Container(2268).HasFocus(6)">Control.SetFocus(8128)</onup>
<onup condition="Container(2268).HasFocus(7)">Control.SetFocus(8129)</onup>
<onup condition="Container(2268).HasFocus(8)">Control.SetFocus(8130)</onup>
<orientation>horizontal</orientation>
<itemlayout width="240" height="50">
<control type="image">
<posx>0</posx>
<posy>5</posy>
<width>350</width>
<height>150</height>
<texture>special://skin/extras/specialbuttons/buttonmain.png</texture>
</control>
<control type="label">
<posx>100</posx>
<posy>50</posy>
<width>150</width>
<height>280</height>
<align>center</align>
<textcolor>black</textcolor>
<label>[B]$INFO[ListItem.label][/B]</label>
</control>
</itemlayout>
<focusedlayout width="240" height="50">
<control type="image">
<animation effect="zoom" center="auto" start="100,100" end="105,105" time="150">Focus</animation>
<posx>0</posx>
<posy>5</posy>
<width>350</width>
<height>150</height>
<texture>special://skin/extras/specialbuttons/buttonmain.png</texture>
</control>
<control type="image">
<animation effect="zoom" center="auto" start="100,100" end="105,105" time="150">Focus</animation>
<visible>control.hasfocus(2268)</visible>
<posx>70</posx>
<posy>35</posy>
<width>218</width>
<height>67</height>
<texture colordiffuse="deepskyblue">white.png</texture>
<colordiffuse>77000000</colordiffuse>
</control>
<control type="label">
<posx>100</posx>
<posy>50</posy>
<width>150</width>
<height>280</height>
<align>center</align>
<textcolor>black</textcolor>
<label>[B]$INFO[ListItem.label][/B]</label>
</control>
</focusedlayout>
<content>
<item id="1">
<label>ילדים 1</label>
<onclick>Control.SetFocus(8123)</onclick>
</item>
<item id="2">
<label>ילדים 2</label>
<onclick>Control.SetFocus(8124)</onclick>
</item>
<item id="3">
<label>ילדים 3</label>
<onclick>Control.SetFocus(8125)</onclick>
</item>
<item id="4">
<label>ילדים 4</label>
<onclick>Control.SetFocus(8126)</onclick>
</item>
<item id="5">
<label>ילדים 5</label>
<onclick>Control.SetFocus(8127)</onclick>
</item>
<item id="6">
<label>ילדים 6</label>
<onclick>Control.SetFocus(8128)</onclick>
</item>
<item id="7">
<label>ילדים 7</label>
<onclick>Control.SetFocus(8129)</onclick>
</item>
<item id="8">
<label>ילדים 8</label>
<onclick>Control.SetFocus(8130)</onclick>
</item>
</content>
</control>
</include>
</includes>
