<?xml version="1.0" encoding="UTF-8"?>

<includes>



<include name="mainscreensvshows">
<control type="group">
<visible>!Container(9000).HasFocus(5)</visible>
<animation condition="Window.IsActive(6100)" effect="slide" start="0,0" end="0,1000" time="150" tween="sine" easing="inout">Conditional</animation>
<posy>430</posy>
<control type="image">
<posx>0</posx>
<posy>390</posy>
<width>1920</width>
<height>260</height>
<texture>black.png</texture>
<colordiffuse>77000000</colordiffuse>
</control>
<control type="image">
<posx>550</posx>
<posy>390</posy>
<width>1005</width>
<height>260</height>
<texture>black.png</texture>
</control>
<control type="image">
<posx>5</posx>
<posy>390</posy>
<width>165</width>
<height>260</height>
<texture>black.png</texture>
</control>
<control type="image">
<posx>550</posx>
<posy>390</posy>
<width>1000</width>
<height>2</height>
<texture>special://skin/extras/info/infopanel_line.png</texture>
</control>
<control type="group">
<posx>200</posx>
<posy>440</posy>
<control type="image">
<posx>1355</posx>
<posy>0</posy>
<width>85</width>
<height>65</height>
<aspectratio>keep</aspectratio>
<texture colordiffuse="deepskyblue">special://skin/extras/arrows/arrow-25-xxl.png</texture>
</control>
<control type="image">
<posx>280</posx>
<posy>0</posy>
<width>85</width>
<height>65</height>
<aspectratio>keep</aspectratio>
<texture flipx="true" colordiffuse="deepskyblue">special://skin/extras/arrows/arrow-25-xxl.png</texture>
</control>
</control>
<control type="image">
<posx>55</posx>
<posy>380</posy>
<width>65</width>
<height>65</height>
<aspectratio>keep</aspectratio>
<texture colordiffuse="deepskyblue">special://skin/extras/arrows/arrowup.png</texture>
</control>
<control type="image">
<posx>55</posx>
<posy>595</posy>
<width>65</width>
<height>65</height>
<aspectratio>keep</aspectratio>
<texture colordiffuse="deepskyblue">special://skin/extras/arrows/arrowdown.png</texture>
</control>

<control type="image">
<posx>20</posx>
<posy>445</posy>
<width>140</width>
<height>25</height>
<texture>special://skin/extras/test/Ghost.jpg</texture>
</control>

<control type="group">
<control type="multiimage">
<posx>-130</posx>
<posy>440</posy>
<width>280</width>
<height>150</height>
<imagepath>https://i.imgur.com/C7KDiR8.png</imagepath>
</control>
</control>
</control>

<control type="list" id="835">
<visible>!Container(9000).HasFocus(5)</visible>
<animation condition="Window.IsActive(6100)" effect="slide" start="0,0" end="0,1000" time="150" tween="sine" easing="inout">Conditional</animation>
<posx>-165</posx>
<posy>820</posy>
<width>550</width>
<height>350</height>
<onback>9000</onback>
<onright condition="Container(835).HasFocus(1)">Control.SetFocus(5765)</onright>
<onright condition="Container(835).HasFocus(2)">Control.SetFocus(5766)</onright>
<onright condition="Container(835).HasFocus(3)">Control.SetFocus(5767)</onright>
<orientation>vertical</orientation>
<itemlayout width="150" height="340">
<control type="label">
<posx>180</posx>
<posy>100</posy>
<width>150</width>
<height>40</height>
<align>center</align>
<textcolor>white</textcolor>
<label>$INFO[ListItem.Label]</label>
</control>
<control type="label">
<posx>180</posx>
<posy>160</posy>
<width>150</width>
<height>40</height>
<align>center</align>
<textcolor>white</textcolor>
<label>$INFO[ListItem.Label2]</label>
</control>
</itemlayout>
<focusedlayout width="150" height="340">
<control type="label">
<visible>!control.HasFocus(835)</visible>
<posx>180</posx>
<posy>100</posy>
<width>150</width>
<height>40</height>
<align>center</align>
<textcolor>white</textcolor>
<label>[B]$INFO[ListItem.Label][/B]</label>
</control>
<control type="label">
<animation condition="Control.HasFocus(835)" effect="fade" start="0" end="100" time="1100" pulse="true">Conditional</animation>
<visible>control.HasFocus(835)</visible>
<posx>180</posx>
<posy>100</posy>
<width>150</width>
<height>40</height>
<align>center</align>
<textcolor>cyan</textcolor>
<label>[B]$INFO[ListItem.Label][/B]</label>
</control>
<control type="label">
<visible>!control.hasfocus(835)</visible>
<posx>180</posx>
<posy>160</posy>
<width>150</width>
<height>40</height>
<align>center</align>
<textcolor>white</textcolor>
<label>$INFO[ListItem.Label2]</label>
</control>
<control type="label">
<visible>control.hasfocus(835)</visible>
<posx>180</posx>
<posy>160</posy>
<width>150</width>
<height>40</height>
<align>center</align>
<textcolor>yellow</textcolor>
<label>$INFO[ListItem.Label2]</label>
</control>
</focusedlayout>
<content>
<item id="1">
<label>-1-</label>
<label2>רשת</label2>
<onclick>Control.SetFocus(5765)</onclick>
</item>
<item id="2">
<label>-2-</label>
<label2>קשת</label2>
<onclick>Control.SetFocus(5766)</onclick>
</item>
<item id="3">
<label>-3-</label>
<label2>כאן 11</label2>
<onclick>Control.SetFocus(5767)</onclick>
</item>
</content>
</control>

<control type="group">
<visible>!Container(9000).HasFocus(5)</visible>
<include content="mainscreentvshowcontent">
<param name="baseitemlistnumber" value="835"/>
<param name="mainscrrenitemnumber" value="1"/>
<param name="tvshowmainscreenbaseid" value="5765"/>
<param name="tvshowmainscreecontent" value="plugin://plugin.audio.My.Music/?cat_level=%20&amp;count=0&amp;description=%20Music%20in%20categories%2024-7%20&amp;fanart=https%3a%2f%2fi.ytimg.com%2fvi%2fW7c9SfSdXRA%2fmaxresdefault.jpg&amp;iconimage=https%3a%2f%2fpbs.twimg.com%2fprofile_images%2f974265887384657921%2futXy1ElP_400x400.jpg&amp;index_depth=0&amp;lang=eng&amp;mode=5&amp;name=%d7%a8%d7%a9%d7%aa&amp;page&amp;selected_list=%20&amp;url=%d7%a2%d7%99%d7%93%d7%9f%20%d7%a4%d7%9c%d7%95%d7%a1%d7%a8%d7%a9%d7%aa&quot"/>
</include>
<include content="mainscreentvshowcontent">
<param name="baseitemlistnumber" value="835"/>
<param name="mainscrrenitemnumber" value="2"/>
<param name="tvshowmainscreenbaseid" value="5766"/>
<param name="tvshowmainscreecontent" value="plugin://plugin.audio.My.Music/?cat_level=%20&amp;count=0&amp;description=%20Music%20in%20categories%2024-7%20&amp;fanart=https%3a%2f%2fi.ytimg.com%2fvi%2fW7c9SfSdXRA%2fmaxresdefault.jpg&amp;iconimage=https%3a%2f%2fpbs.twimg.com%2fprofile_images%2f974265887384657921%2futXy1ElP_400x400.jpg&amp;index_depth=0&amp;lang=eng&amp;mode=5&amp;name=%d7%a7%d7%a9%d7%aa&amp;page&amp;selected_list=%20&amp;url=%d7%a2%d7%99%d7%93%d7%9f%20%d7%a4%d7%9c%d7%95%d7%a1%d7%a7%d7%a9%d7%aa&quot"/>
</include>
<include content="mainscreentvshowcontent">
<param name="baseitemlistnumber" value="835"/>
<param name="mainscrrenitemnumber" value="3"/>
<param name="tvshowmainscreenbaseid" value="5767"/>
<param name="tvshowmainscreecontent" value="plugin://plugin.audio.My.Music/?cat_level=%20&amp;count=0&amp;description=%20Music%20in%20categories%2024-7%20&amp;fanart=https%3a%2f%2fi.ytimg.com%2fvi%2fW7c9SfSdXRA%2fmaxresdefault.jpg&amp;iconimage=https%3a%2f%2fpbs.twimg.com%2fprofile_images%2f974265887384657921%2futXy1ElP_400x400.jpg&amp;index_depth=0&amp;lang=eng&amp;mode=5&amp;name=%d7%9b%d7%90%d7%9f%2011&amp;page&amp;selected_list=%20&amp;url=%d7%a2%d7%99%d7%93%d7%9f%20%d7%a4%d7%9c%d7%95%d7%a1%d7%9b%d7%90%d7%9f%2011&quot"/>
</include>

<!--רשת-->
<include content="mainscreentvhosepissodss">
<param name="mainscreentvhosepissods" value="2153"/>
<param name="baseidocntainer" value="5765"/>
<param name="tvshowlabelname" value="הישרדות ישראל"/>
<param name="networkcolor" value="red"/>
<param name="networkname" value="UNKNOWN"/>
<param name="notvisible" value="![Container(835).HasFocus(2) | Container(835).HasFocus(3)]"/>
<param name="mainscreentvhosepissodscontent" value="plugin://plugin.video.idanplus/?iconimage=https%253A%252F%252Fmedia.reshet.tv%252Fimage%252Fupload%252Ft_app_16x9%252Cq_auto%252Cf_auto%252Fv1592210938%252FSuperTankerMobile_pshnnn.jpg&amp;mode=2&amp;module=reshet&amp;moredata&amp;name=%5bCOLOR%20burlywood%5d%5bB%5d%d7%a4%d7%a8%d7%a7%d7%99%d7%9d%20%d7%9e%d7%9c%d7%90%d7%99%d7%9d%5b%2fB%5d%5b%2fCOLOR%5d&amp;url=https%253A%252F%252F13tv.co.il%252Fmood%252Fsurvivor%252Fseason-04-vip%252Fepisodes%252F&quot"/>
</include>
<include content="mainscreentvhosepissodss">
<param name="mainscreentvhosepissods" value="2154"/>
<param name="baseidocntainer" value="5765"/>
<param name="tvshowlabelname" value="אמבוש"/>
<param name="networkcolor" value="red"/>
<param name="networkname" value="UNKNOWN"/>
<param name="notvisible" value="![Container(835).HasFocus(2) | Container(835).HasFocus(3)]"/>
<param name="mainscreentvhosepissodscontent" value="plugin://plugin.video.idanplus/?iconimage=https%253A%252F%252Fmedia.reshet.tv%252Fimage%252Fupload%252Ft_app_16x9%252Cq_auto%252Cf_auto%252Fv1587912978%252FSuperTankerMobile-2_xngeao.jpg&amp;mode=2&amp;module=reshet&amp;moredata&amp;name=%5bCOLOR%20burlywood%5d%5bB%5d%d7%a4%d7%a8%d7%a7%d7%99%d7%9d%20%d7%9e%d7%9c%d7%90%d7%99%d7%9d%5b%2fB%5d%5b%2fCOLOR%5d&amp;url=https%253A%252F%252F13tv.co.il%252Fentertainment%252Fambush%252Fseason-02%252Fepisodes%252F&quot"/>
</include>
<include content="mainscreentvhosepissodss">
<param name="mainscreentvhosepissods" value="2155"/>
<param name="baseidocntainer" value="5765"/>
<param name="tvshowlabelname" value="נבסו"/>
<param name="networkcolor" value="red"/>
<param name="networkname" value="UNKNOWN"/>
<param name="notvisible" value="![Container(835).HasFocus(2) | Container(835).HasFocus(3)]"/>
<param name="mainscreentvhosepissodscontent" value="plugin://plugin.video.idanplus/?iconimage=https%253A%252F%252Fmedia.reshet.tv%252Fimage%252Fupload%252Ft_app_16x9%252Cq_auto%252Cf_auto%252Fv1590411193%252FSupertanker_Mobile_002_gqdgzy.jpg&amp;mode=2&amp;module=reshet&amp;moredata&amp;name=%5bCOLOR%20burlywood%5d%5bB%5d%d7%a2%d7%95%d7%a0%d7%94%202%20%7c%20%d7%a4%d7%a8%d7%a7%d7%99%d7%9d%20%d7%9e%d7%9c%d7%90%d7%99%d7%9d%5b%2fB%5d%5b%2fCOLOR%5d&amp;url=https%253A%252F%252F13tv.co.il%252Fparenthood%252Fnevsoo%252Fseason-02%252Fepisodes%252F&quot"/>
</include>
<include content="mainscreentvhosepissodss">
<param name="mainscreentvhosepissods" value="2156"/>
<param name="baseidocntainer" value="5765"/>
<param name="tvshowlabelname" value="שנות השמונים"/>
<param name="networkcolor" value="red"/>
<param name="networkname" value="UNKNOWN"/>
<param name="notvisible" value="![Container(835).HasFocus(2) | Container(835).HasFocus(3)]"/>
<param name="mainscreentvhosepissodscontent" value="plugin://plugin.video.idanplus/?iconimage=https%253A%252F%252Fmedia.reshet.tv%252Fimage%252Fupload%252Ft_app_16x9%252Cq_auto%252Cf_auto%252Fv1573485223%252FSuperTanker_Mobile_mwk39v.jpg&amp;mode=2&amp;module=reshet&amp;moredata&amp;name=%5bCOLOR%20burlywood%5d%5bB%5d%d7%a2%d7%95%d7%a0%d7%94%205%20%7c%20%d7%a4%d7%a8%d7%a7%d7%99%d7%9d%20%d7%9e%d7%9c%d7%90%d7%99%d7%9d%5b%2fB%5d%5b%2fCOLOR%5d&amp;url=https%253A%252F%252F13tv.co.il%252Ffeatured-series%252Fshnot-hashmonim%252Fseason-05%252Fepisodes%252F&quot"/>
</include>
<include content="mainscreentvhosepissodss">
<param name="mainscreentvhosepissods" value="2157"/>
<param name="baseidocntainer" value="5765"/>
<param name="tvshowlabelname" value="קובי וליטל"/>
<param name="networkcolor" value="red"/>
<param name="networkname" value="UNKNOWN"/>
<param name="notvisible" value="![Container(835).HasFocus(2) | Container(835).HasFocus(3)]"/>
<param name="mainscreentvhosepissodscontent" value="plugin://plugin.video.idanplus/?iconimage=https%253A%252F%252Fmedia.reshet.tv%252Fimage%252Fupload%252Ft_app_16x9%252Cq_auto%252Cf_auto%252Fv1584470448%252Fkoby_lital_ymvky9.jpg&amp;mode=2&amp;module=reshet&amp;moredata&amp;name=%5bCOLOR%20burlywood%5d%5bB%5d%d7%a4%d7%a8%d7%a7%d7%99%d7%9d%20%d7%9e%d7%9c%d7%90%d7%99%d7%9d%5b%2fB%5d%5b%2fCOLOR%5d&amp;url=https%253A%252F%252F13tv.co.il%252Fentertainment%252Fkobi-and-lital%252Fseason-01%252Fepisodes%252F&quot"/>
</include>
<include content="mainscreentvhosepissodss">
<param name="mainscreentvhosepissods" value="2158"/>
<param name="baseidocntainer" value="5765"/>
<param name="tvshowlabelname" value="שי בשידור"/>
<param name="networkcolor" value="red"/>
<param name="networkname" value="UNKNOWN"/>
<param name="notvisible" value="![Container(835).HasFocus(2) | Container(835).HasFocus(3)]"/>
<param name="mainscreentvhosepissodscontent" value="plugin://plugin.video.idanplus/?iconimage=https%253A%252F%252Fmedia.reshet.tv%252Fimage%252Fupload%252Ft_app_16x9%252Cq_auto%252Cf_auto%252Fv1590444236%252FSupertanker_ShayBeshidur_Homep_rtenjf.jpg&amp;mode=2&amp;module=reshet&amp;moredata&amp;name=%5bCOLOR%20burlywood%5d%5bB%5d%d7%a4%d7%a8%d7%a7%d7%99%d7%9d%20%d7%9e%d7%9c%d7%90%d7%99%d7%9d%5b%2fB%5d%5b%2fCOLOR%5d&amp;url=https%253A%252F%252F13tv.co.il%252Fentertainment%252Fshai-beshidur%252Fseason-07%252Fepisodes%252F&quot"/>
</include>
<include content="mainscreentvhosepissodss">
<param name="mainscreentvhosepissods" value="2159"/>
<param name="baseidocntainer" value="5765"/>
<param name="tvshowlabelname" value="המסע המופלא של אהרוני וגידי"/>
<param name="networkcolor" value="red"/>
<param name="networkname" value="UNKNOWN"/>
<param name="notvisible" value="![Container(835).HasFocus(2) | Container(835).HasFocus(3)]"/>
<param name="mainscreentvhosepissodscontent" value="plugin://plugin.video.idanplus/?iconimage=https%253A%252F%252Fmedia.reshet.tv%252Fimage%252Fupload%252Ft_app_16x9%252Cq_auto%252Cf_auto%252Fv1582489868%252Fnrsxrt_kequ7l.jpg&amp;mode=2&amp;module=reshet&amp;moredata&amp;name=%5bCOLOR%20burlywood%5d%5bB%5d%d7%a4%d7%a8%d7%a7%d7%99%d7%9d%20%d7%9e%d7%9c%d7%90%d7%99%d7%9d%5b%2fB%5d%5b%2fCOLOR%5d&amp;url=https%253A%252F%252F13tv.co.il%252Fyummies%252Fthe-amazing-journey%252Fseason-08%252Fepisodes%252F&quot"/>
</include>
<include content="mainscreentvhosepissodss">
<param name="mainscreentvhosepissods" value="2160"/>
<param name="baseidocntainer" value="5765"/>
<param name="tvshowlabelname" value="המירוץ למיליון"/>
<param name="networkcolor" value="red"/>
<param name="networkname" value="UNKNOWN"/>
<param name="notvisible" value="![Container(835).HasFocus(2) | Container(835).HasFocus(3)]"/>
<param name="mainscreentvhosepissodscontent" value="plugin://plugin.video.idanplus/?iconimage=https%253A%252F%252Fmedia.reshet.tv%252Fimage%252Fupload%252Ft_app_16x9%252Cq_auto%252Cf_auto%252Fv1598969000%252FMerotz_750x422_auaaso.jpg&amp;mode=2&amp;module=reshet&amp;moredata&amp;name=%5bCOLOR%20burlywood%5d%5bB%5d%d7%a4%d7%a8%d7%a7%d7%99%d7%9d%20%d7%9e%d7%9c%d7%90%d7%99%d7%9d%5b%2fB%5d%5b%2fCOLOR%5d&amp;url=https%253A%252F%252F13tv.co.il%252Fmood%252Fthe-amazing-race%252Fseason-08%252Fepisodes%252F&quot"/>
</include>

<!--קשת-->
<include content="mainscreentvhosepissodss">
<param name="tvshowlabelname" value="אחד למיליון"/>
<param name="mainscreentvhosepissods" value="3153"/>
<param name="baseidocntainer" value="5766"/>
<param name="networkname" value="IL"/>
<param name="networkcolor" value="green"/>
<param name="notvisible" value="![Container(835).HasFocus(1) | Container(835).HasFocus(3)]"/>
<param name="mainscreentvhosepissodscontent" value="plugin://plugin.video.idanplus/?iconimage=https%253A%252F%252Fimg.mako.co.il%252F2018%252F05%252F01%252Fi-pic-plus-logo.png&amp;mode=3&amp;module=keshet&amp;moredata&amp;name=%5bCOLOR%20burlywood%5d%5bB%5d%d7%a2%d7%95%d7%a0%d7%94%202%5b%2fB%5d%5b%2fCOLOR%5d&amp;url=http%253A%252F%252Fwww.mako.co.il%252Fmako-vod-keshet%252Fone_in_a_milion-s2&quot"/>
</include>
<include content="mainscreentvhosepissodss">
<param name="tvshowlabelname" value="בית ספר למוסיקה"/>
<param name="mainscreentvhosepissods" value="3154"/>
<param name="baseidocntainer" value="5766"/>
<param name="networkname" value="IL"/>
<param name="networkcolor" value="green"/>
<param name="notvisible" value="![Container(835).HasFocus(1) | Container(835).HasFocus(3)]"/>
<param name="mainscreentvhosepissodscontent" value="plugin://plugin.video.idanplus/?iconimage=https%253A%252F%252Fimg.mako.co.il%252F2020%252F07%252F01%252FMUSIC-SCHOOL-2020-I.JPG&amp;mode=3&amp;module=keshet&amp;moredata&amp;name=%5bCOLOR%20burlywood%5d%5bB%5d%d7%a2%d7%95%d7%a0%d7%94%204%5b%2fB%5d%5b%2fCOLOR%5d&amp;url=http%253A%252F%252Fwww.mako.co.il%252Fmako-vod-keshet%252Fmusic-school-s4&quot"/>
</include>
<include content="mainscreentvhosepissodss">
<param name="tvshowlabelname" value="המטבח המנצח"/>
<param name="mainscreentvhosepissods" value="3155"/>
<param name="baseidocntainer" value="5766"/>
<param name="networkname" value="IL"/>
<param name="networkcolor" value="green"/>
<param name="notvisible" value="![Container(835).HasFocus(1) | Container(835).HasFocus(3)]"/>
<param name="mainscreentvhosepissodscontent" value="plugin://plugin.video.idanplus/?iconimage=https%253A%252F%252Fimg.mako.co.il%252F2018%252F10%252F11%252Fi-pic-plus-logo-new.jpg&amp;mode=3&amp;module=keshet&amp;moredata&amp;name=%5bCOLOR%20burlywood%5d%5bB%5d%d7%a2%d7%95%d7%a0%d7%94%202%5b%2fB%5d%5b%2fCOLOR%5d&amp;url=http%253A%252F%252Fwww.mako.co.il%252Fmako-vod-keshet%252Fmkr_israel-s2&quot"/>
</include>
<include content="mainscreentvhosepissodss">
<param name="tvshowlabelname" value="ערב טוב גיא פינס"/>
<param name="mainscreentvhosepissods" value="3156"/>
<param name="baseidocntainer" value="5766"/>
<param name="networkname" value="IL"/>
<param name="networkcolor" value="green"/>
<param name="notvisible" value="![Container(835).HasFocus(1) | Container(835).HasFocus(3)]"/>
<param name="mainscreentvhosepissodscontent" value="plugin://plugin.video.idanplus/?iconimage=https%253A%252F%252Fimg.mako.co.il%252F2018%252F12%252F25%252FHD-erev-tov-1-9_b.jpg&amp;mode=3&amp;module=keshet&amp;moredata&amp;name=%5bCOLOR%20burlywood%5d%5bB%5d%d7%a2%d7%95%d7%a0%d7%94%203%5b%2fB%5d%5b%2fCOLOR%5d&amp;url=http%253A%252F%252Fwww.mako.co.il%252Fmako-vod-keshet%252Fgood-evening-with-guy-pines-s3&quot"/>
</include>
<include content="mainscreentvhosepissodss">
<param name="tvshowlabelname" value="חדשות הבוקר עם ניב רסקין"/>
<param name="mainscreentvhosepissods" value="3157"/>
<param name="baseidocntainer" value="5766"/>
<param name="networkname" value="IL"/>
<param name="networkcolor" value="green"/>
<param name="notvisible" value="![Container(835).HasFocus(1) | Container(835).HasFocus(3)]"/>
<param name="mainscreentvhosepissodscontent" value="plugin://plugin.video.idanplus/?iconimage=https%253A%252F%252Fimg.mako.co.il%252F2020%252F07%252F14%252Fniv-raskin-yahatz-3-%2525281%252529.jpg&amp;mode=3&amp;module=keshet&amp;moredata&amp;name=%5bCOLOR%20burlywood%5d%5bB%5d2020%5b%2fB%5d%5b%2fCOLOR%5d&amp;url=http%253A%252F%252Fwww.mako.co.il%252Fmako-vod-keshet%252Fmorning_news-2020&quot"/>
</include>
<include content="mainscreentvhosepissodss">
<param name="tvshowlabelname" value="חי בלילה עם נדב בורנשטיין"/>
<param name="mainscreentvhosepissods" value="3158"/>
<param name="baseidocntainer" value="5766"/>
<param name="networkname" value="IL"/>
<param name="networkcolor" value="green"/>
<param name="notvisible" value="![Container(835).HasFocus(1) | Container(835).HasFocus(3)]"/>
<param name="mainscreentvhosepissodscontent" value="plugin://plugin.video.idanplus/?iconimage=https%253A%252F%252Fimg.mako.co.il%252F2016%252F09%252F22%252Fhay_balalya.jpg&amp;mode=3&amp;module=keshet&amp;moredata&amp;name=%5bCOLOR%20burlywood%5d%5bB%5d%d7%a2%d7%95%d7%a0%d7%94%2012%5b%2fB%5d%5b%2fCOLOR%5d&amp;url=http%253A%252F%252Fwww.mako.co.il%252Fmako-vod-keshet%252Flive-at-night-s12&quot"/>
</include>
<include content="mainscreentvhosepissodss">
<param name="tvshowlabelname" value="סברי מרנן"/>
<param name="mainscreentvhosepissods" value="3159"/>
<param name="baseidocntainer" value="5766"/>
<param name="networkname" value="IL"/>
<param name="networkcolor" value="green"/>
<param name="notvisible" value="![Container(835).HasFocus(1) | Container(835).HasFocus(3)]"/>
<param name="mainscreentvhosepissodscontent" value="plugin://plugin.video.idanplus/?iconimage=https%253A%252F%252Fimg.mako.co.il%252F2017%252F11%252F02%252Fi-pic-plus-logo.jpg&amp;mode=3&amp;module=keshet&amp;moredata&amp;name=%5bCOLOR%20burlywood%5d%5bB%5d%d7%a2%d7%95%d7%a0%d7%94%206%5b%2fB%5d%5b%2fCOLOR%5d&amp;url=http%253A%252F%252Fwww.mako.co.il%252Fmako-vod-keshet%252Fsabri-maranan-s6&quot"/>
</include>
<include content="mainscreentvhosepissodss">
<param name="tvshowlabelname" value="מי רוצה להיות מיליונר"/>
<param name="mainscreentvhosepissods" value="3160"/>
<param name="baseidocntainer" value="5766"/>
<param name="networkname" value="IL"/>
<param name="networkcolor" value="green"/>
<param name="notvisible" value="![Container(835).HasFocus(1) | Container(835).HasFocus(3)]"/>
<param name="mainscreentvhosepissodscontent" value="plugin://plugin.video.idanplus/?iconimage=https%253A%252F%252Fimg.mako.co.il%252F2020%252F07%252F13%252FI_624X383_WWTBAM_2020.jpg&amp;mode=3&amp;module=keshet&amp;moredata&amp;name=%5bCOLOR%20burlywood%5d%5bB%5d%d7%a2%d7%95%d7%a0%d7%94%201%5b%2fB%5d%5b%2fCOLOR%5d&amp;url=http%253A%252F%252Fwww.mako.co.il%252Fmako-vod-keshet%252Fwho_wants_to_be_a_millionaire-s1&quot"/>
</include>
<include content="mainscreentvhosepissodss">
<param name="tvshowlabelname" value="ארץ נהדרת"/>
<param name="mainscreentvhosepissods" value="3161"/>
<param name="baseidocntainer" value="5766"/>
<param name="networkname" value="IL"/>
<param name="networkcolor" value="green"/>
<param name="notvisible" value="![Container(835).HasFocus(1) | Container(835).HasFocus(3)]"/>
<param name="mainscreentvhosepissodscontent" value="plugin://plugin.video.idanplus/?iconimage=https%253A%252F%252Fimg.mako.co.il%252F2020%252F01%252F07%252FERETZ-2020-I.jpg&amp;mode=3&amp;module=keshet&amp;moredata&amp;name=%5bCOLOR%20burlywood%5d%5bB%5d%d7%a2%d7%95%d7%a0%d7%94%2017%5b%2fB%5d%5b%2fCOLOR%5d&amp;url=http%253A%252F%252Fwww.mako.co.il%252Fmako-vod-keshet%252Feretz_nehederet-s17&quot"/>
</include>
<include content="mainscreentvhosepissodss">
<param name="tvshowlabelname" value="המתחזים"/>
<param name="mainscreentvhosepissods" value="3162"/>
<param name="baseidocntainer" value="5766"/>
<param name="networkname" value="IL"/>
<param name="networkcolor" value="green"/>
<param name="notvisible" value="![Container(835).HasFocus(1) | Container(835).HasFocus(3)]"/>
<param name="mainscreentvhosepissodscontent" value="plugin://plugin.video.idanplus/?iconimage=https%253A%252F%252Fimg.mako.co.il%252F2018%252F07%252F29%252Fi-pic-plus-logo.png&amp;mode=3&amp;module=keshet&amp;moredata&amp;name=%5bCOLOR%20burlywood%5d%5bB%5d%d7%a2%d7%95%d7%a0%d7%94%201%5b%2fB%5d%5b%2fCOLOR%5d&amp;url=http%253A%252F%252Fwww.mako.co.il%252Fmako-vod-keshet%252FThe-impostors-s1&quot"/>
</include>
<include content="mainscreentvhosepissodss">
<param name="tvshowlabelname" value="עובדה עם אילנה דיין"/>
<param name="mainscreentvhosepissods" value="3163"/>
<param name="baseidocntainer" value="5766"/>
<param name="networkname" value="IL"/>
<param name="networkcolor" value="green"/>
<param name="notvisible" value="![Container(835).HasFocus(1) | Container(835).HasFocus(3)]"/>
<param name="mainscreentvhosepissodscontent" value="plugin://plugin.video.idanplus/?iconimage=https%253A%252F%252Fimg.mako.co.il%252F2019%252F12%252F18%252FI_624X383_New_UVda.jpg&amp;mode=3&amp;module=keshet&amp;moredata&amp;name=%5bCOLOR%20burlywood%5d%5bB%5d2020%5b%2fB%5d%5b%2fCOLOR%5d&amp;url=http%253A%252F%252Fwww.mako.co.il%252Fmako-vod-keshet%252Fuvda-2020&quot"/>
</include>
<include content="mainscreentvhosepissodss">
<param name="tvshowlabelname" value="מונית הכסף"/>
<param name="mainscreentvhosepissods" value="3164"/>
<param name="baseidocntainer" value="5766"/>
<param name="networkname" value="IL"/>
<param name="networkcolor" value="green"/>
<param name="notvisible" value="![Container(835).HasFocus(1) | Container(835).HasFocus(3)]"/>
<param name="mainscreentvhosepissodscontent" value="plugin://plugin.video.sdarot.tv/season/1246/9/%D7%9E%D7%95%D7%A0%D7%99%D7%AA+%D7%94%D7%9B%D7%A1%D7%A3/Monit+Hakesef&quot"/>
</include>
<include content="mainscreentvhosepissodss">
<param name="tvshowlabelname" value="ישראל מבשלת יחד"/>
<param name="mainscreentvhosepissods" value="3165"/>
<param name="baseidocntainer" value="5766"/>
<param name="networkname" value="IL"/>
<param name="networkcolor" value="green"/>
<param name="notvisible" value="![Container(835).HasFocus(1) | Container(835).HasFocus(3)]"/>
<param name="mainscreentvhosepissodscontent" value="plugin://plugin.video.idanplus/?iconimage=https%253A%252F%252Fimg.mako.co.il%252F2020%252F04%252F02%252FI.jpg&amp;mode=3&amp;module=keshet&amp;moredata&amp;name=%5bCOLOR%20burlywood%5d%5bB%5d%d7%a2%d7%95%d7%a0%d7%94%201%5b%2fB%5d%5b%2fCOLOR%5d&amp;url=http%253A%252F%252Fwww.mako.co.il%252Fmako-vod-keshet%252Fisrael_cooks_together-s1&quot"/>
</include>
<include content="mainscreentvhosepissodss">
<param name="tvshowlabelname" value="המתמחים"/>
<param name="mainscreentvhosepissods" value="3166"/>
<param name="baseidocntainer" value="5766"/>
<param name="networkname" value="IL"/>
<param name="networkcolor" value="green"/>
<param name="notvisible" value="![Container(835).HasFocus(1) | Container(835).HasFocus(3)]"/>
<param name="mainscreentvhosepissodscontent" value="plugin://plugin.video.idanplus/?iconimage=https%253A%252F%252Fimg.mako.co.il%252F2017%252F07%252F24%252Fi-hamitmahim-ona-2.png&amp;mode=3&amp;module=keshet&amp;moredata&amp;name=%5bCOLOR%20burlywood%5d%5bB%5d%d7%a2%d7%95%d7%a0%d7%94%203%5b%2fB%5d%5b%2fCOLOR%5d&amp;url=http%253A%252F%252Fwww.mako.co.il%252Fmako-vod-keshet%252Fthe-interns-s3&quot"/>
</include>
<include content="mainscreentvhosepissodss">
<param name="tvshowlabelname" value="הקומה"/>
<param name="mainscreentvhosepissods" value="3167"/>
<param name="baseidocntainer" value="5766"/>
<param name="networkname" value="IL"/>
<param name="networkcolor" value="green"/>
<param name="notvisible" value="![Container(835).HasFocus(1) | Container(835).HasFocus(3)]"/>
<param name="mainscreentvhosepissodscontent" value="plugin://plugin.video.idanplus/?iconimage=https%253A%252F%252Fimg.mako.co.il%252F2019%252F11%252F03%252FI.jpg&amp;mode=3&amp;module=keshet&amp;moredata&amp;name=%5bCOLOR%20burlywood%5d%5bB%5d%d7%a2%d7%95%d7%a0%d7%94%201%5b%2fB%5d%5b%2fCOLOR%5d&amp;url=http%253A%252F%252Fwww.mako.co.il%252Fmako-vod-keshet%252Fhakoma_h_12-s1&quot"/>
</include>
<include content="mainscreentvhosepissodss">
<param name="tvshowlabelname" value="חתונה ממבט ראשון"/>
<param name="mainscreentvhosepissods" value="3168"/>
<param name="baseidocntainer" value="5766"/>
<param name="networkname" value="IL"/>
<param name="networkcolor" value="green"/>
<param name="notvisible" value="![Container(835).HasFocus(1) | Container(835).HasFocus(3)]"/>
<param name="mainscreentvhosepissodscontent" value="plugin://plugin.video.idanplus/?iconimage=https%253A%252F%252Fimg.mako.co.il%252F2019%252F03%252F10%252Fkarin-9-1-2-3.jpg&amp;mode=3&amp;module=keshet&amp;moredata&amp;name=%5bCOLOR%20burlywood%5d%5bB%5d%d7%a2%d7%95%d7%a0%d7%94%203%5b%2fB%5d%5b%2fCOLOR%5d&amp;url=http%253A%252F%252Fwww.mako.co.il%252Fmako-vod-keshet%252Fwedding-at-first-sight-s3&quot"/>
</include>
<include content="mainscreentvhosepissodss">
<param name="tvshowlabelname" value="אמא מחליפה"/>
<param name="mainscreentvhosepissods" value="3169"/>
<param name="baseidocntainer" value="5766"/>
<param name="networkname" value="IL"/>
<param name="networkcolor" value="green"/>
<param name="notvisible" value="![Container(835).HasFocus(1) | Container(835).HasFocus(3)]"/>
<param name="mainscreentvhosepissodscontent" value="plugin://plugin.video.idanplus/?iconimage=https%253A%252F%252Fimg.mako.co.il%252F2016%252F09%252F18%252Fimma_mahllifa.jpg&amp;mode=3&amp;module=keshet&amp;moredata&amp;name=%5bCOLOR%20burlywood%5d%5bB%5d%d7%a2%d7%95%d7%a0%d7%94%206%5b%2fB%5d%5b%2fCOLOR%5d&amp;url=http%253A%252F%252Fwww.mako.co.il%252Fmako-vod-keshet%252Fwifeswap-s6&quot"/>
</include>

<!--כאן 11-->
<include content="mainscreentvhosepissodss">
<param name="tvshowlabelname" value="שבעה עולמות כוכב אחד"/>
<param name="mainscreentvhosepissods" value="4153"/>
<param name="baseidocntainer" value="5767"/>
<param name="networkname" value="IL"/>
<param name="networkcolor" value="green"/>
<param name="notvisible" value="![Container(835).HasFocus(1) | Container(835).HasFocus(2)]"/>
<param name="mainscreentvhosepissodscontent" value="plugin://plugin.video.mando/?all_w=%7b%7d&amp;data=2019&amp;dates=%20&amp;description=%5bCOLOR%20aqua%5d%20%d7%a9%d7%95%d7%93%d7%a8%20%d7%91%d7%aa%d7%90%d7%a8%d7%99%d7%9a%2027-10-2019%5b%2fCOLOR%5d%0aMillions%20of%20years%20ago%2c%20incredible%20forces%20ripped%20apart%20the%20Earth%e2%80%99s%20crust%20creating%20seven%20extraordinary%20continents.%20This%20documentary%20series%20reveals%20how%20each%20distinct%20continent%20has%20shaped%20the%20unique%20animal%20life%20found%20there.&amp;eng_name=%20&amp;episode=%20&amp;fanart=https%3a%2f%2fimage.tmdb.org%2ft%2fp%2foriginal%2f%2f5SeRUwZTHuiOnLfcxXqfew1P0Ug.jpg&amp;fav_status=false&amp;heb_name=%d7%a9%d7%91%d7%a2%d7%94%20%d7%a2%d7%95%d7%9c%d7%9e%d7%95%d7%aa%2c%20%d7%9b%d7%95%d7%9b%d7%91%20%d7%90%d7%97%d7%93&amp;iconimage=https%3a%2f%2fimage.tmdb.org%2ft%2fp%2foriginal%2f%2fkzKNMIlqyznC1jjht8mI2oEtDcp.jpg&amp;id=90790&amp;image_master&amp;isr=0&amp;last_id&amp;mode=19&amp;name=%5bCOLOR%20white%5d%d7%a2%d7%95%d7%a0%d7%94%201%5b%2fCOLOR%5d&amp;original_title=Seven%20Worlds%2c%20One%20Planet&amp;season=1&amp;show_original_year=2019&amp;tmdbid=359251&amp;url=https%3a%2f%2fapi.themoviedb.org%2f3%2ftv%2f90790%3fapi_key%3d34142515d9d23817496eeb4ff1d223d0%26language%3den%26append_to_response%3dexternal_ids&amp;video_data=%7b%22rating%22%3a%20%220%22%2c%20%22episode%22%3a%200%2c%20%22title%22%3a%20%22%5bCOLOR%20white%5d%5cu05e2%5cu05d5%5cu05e0%5cu05d4%201%5b%2fCOLOR%5d%22%2c%20%22season%22%3a%200%2c%20%22TVshowtitle%22%3a%20%22%22%2c%20%22mediatype%22%3a%20%22movie%22%2c%20%22plot%22%3a%20%22%5bCOLOR%20aqua%5d%20%5cu05e9%5cu05d5%5cu05d3%5cu05e8%20%5cu05d1%5cu05ea%5cu05d0%5cu05e8%5cu05d9%5cu05da%2027-10-2019%5b%2fCOLOR%5d%5cnMillions%20of%20years%20ago%2c%20incredible%20forces%20ripped%20apart%20the%20Earth%5cu2019s%20crust%20creating%20seven%20extraordinary%20continents.%20This%20documentary%20series%20reveals%20how%20each%20distinct%20continent%20has%20shaped%20the%20unique%20animal%20life%20found%20there.%22%2c%20%22OriginalTitle%22%3a%20%22Seven%20Worlds%2c%20One%20Planet%22%2c%20%22Tag%22%3a%20%2216%22%2c%20%22year%22%3a%20%222019%22%7d&quot"/>
</include>
<include content="mainscreentvhosepissodss">
<param name="tvshowlabelname" value="מתחילים מאפס"/>
<param name="mainscreentvhosepissods" value="4154"/>
<param name="baseidocntainer" value="5767"/>
<param name="networkname" value="IL"/>
<param name="networkcolor" value="green"/>
<param name="notvisible" value="![Container(835).HasFocus(1) | Container(835).HasFocus(2)]"/>
<param name="mainscreentvhosepissodscontent" value="plugin://plugin.video.idanplus/?iconimage=https%253A%252F%252Fkanweb.blob.core.windows.net%252Fdownload%252Fpictures%252F2020%252F7%252F22%252Fimgid%253D36866_A.jpeg&amp;mode=2&amp;module=kan&amp;moredata=kan%257C%257C%257C%25D7%259B%25D7%2590%25D7%259F%2b11&amp;name=%5bCOLOR%20orange%5d%5bB%5d%d7%9e%d7%aa%d7%97%d7%99%d7%9c%d7%99%d7%9d%20%d7%9e%d7%90%d7%a4%d7%a1%5b%2fB%5d%5b%2fCOLOR%5d&amp;url=1616&quot"/>
</include>
<include content="mainscreentvhosepissodss">
<param name="tvshowlabelname" value="היהודים באים"/>
<param name="mainscreentvhosepissods" value="4155"/>
<param name="baseidocntainer" value="5767"/>
<param name="networkname" value="IL"/>
<param name="networkcolor" value="green"/>
<param name="notvisible" value="![Container(835).HasFocus(1) | Container(835).HasFocus(2)]"/>
<param name="mainscreentvhosepissodscontent" value="plugin://plugin.video.idanplus/?iconimage=https%253A%252F%252Fkanweb.blob.core.windows.net%252Fdownload%252Fpictures%252F2020%252F5%252F7%252Fimgid%253D33071_A.jpeg&amp;mode=2&amp;module=kan&amp;moredata=kan%257C%257C%257C%25D7%259B%25D7%2590%25D7%259F%2b11&amp;name=%5bCOLOR%20orange%5d%5bB%5d%d7%94%d7%99%d7%94%d7%95%d7%93%d7%99%d7%9d%20%d7%91%d7%90%d7%99%d7%9d%5b%2fB%5d%5b%2fCOLOR%5d&amp;url=47&quot"/>
</include>
<include content="mainscreentvhosepissodss">
<param name="tvshowlabelname" value="ארוחת ארבע"/>
<param name="mainscreentvhosepissods" value="4156"/>
<param name="baseidocntainer" value="5767"/>
<param name="networkname" value="IL"/>
<param name="networkcolor" value="green"/>
<param name="notvisible" value="![Container(835).HasFocus(1) | Container(835).HasFocus(2)]"/>
<param name="mainscreentvhosepissodscontent" value="plugin://plugin.video.idanplus/?iconimage=https%253A%252F%252Fkanweb.blob.core.windows.net%252Fdownload%252Fpictures%252F2020%252F4%252F10%252Fimgid%253D31750_A.jpeg&amp;mode=2&amp;module=kan&amp;moredata&amp;name=%20%5bCOLOR%20orange%5d%5bB%5d%d7%90%d7%a8%d7%95%d7%97%d7%aa%20%d7%90%d7%a8%d7%91%d7%a2%5b%2fB%5d%5b%2fCOLOR%5d%20-%20%5bCOLOR%20yellow%5d%d7%9b%d7%90%d7%9f%2011%5b%2fCOLOR%5d%20&amp;url=1604&quot"/>
</include>
<include content="mainscreentvhosepissodss">
<param name="tvshowlabelname" value="האזרח גואטה"/>
<param name="mainscreentvhosepissods" value="4157"/>
<param name="baseidocntainer" value="5767"/>
<param name="networkname" value="IL"/>
<param name="networkcolor" value="green"/>
<param name="notvisible" value="![Container(835).HasFocus(1) | Container(835).HasFocus(2)]"/>
<param name="mainscreentvhosepissodscontent" value="plugin://plugin.video.idanplus/?iconimage=https%253A%252F%252Fkanweb.blob.core.windows.net%252Fdownload%252Fpictures%252F2019%252F5%252F14%252Fimgid%253D12544_A.jpeg&amp;mode=2&amp;module=kan&amp;moredata&amp;name=%20%5bCOLOR%20orange%5d%5bB%5d%d7%94%d7%90%d7%96%d7%a8%d7%97%20%d7%92%d7%95%d7%90%d7%98%d7%94%5b%2fB%5d%5b%2fCOLOR%5d%20-%20%5bCOLOR%20yellow%5d%d7%9b%d7%90%d7%9f%2011%5b%2fCOLOR%5d%20&amp;url=1462&quot"/>
</include>
<include content="mainscreentvhosepissodss">
<param name="tvshowlabelname" value="זהו זה"/>
<param name="mainscreentvhosepissods" value="4158"/>
<param name="baseidocntainer" value="5767"/>
<param name="networkname" value="IL"/>
<param name="networkcolor" value="green"/>
<param name="notvisible" value="![Container(835).HasFocus(1) | Container(835).HasFocus(2)]"/>
<param name="mainscreentvhosepissodscontent" value="plugin://plugin.video.idanplus/?iconimage=https%253A%252F%252Fkanweb.blob.core.windows.net%252Fdownload%252Fpictures%252F2020%252F3%252F26%252Fimgid%253D30844_A.jpeg&amp;mode=2&amp;module=kan&amp;moredata=kan%257C%257C%257C%25D7%259B%25D7%2590%25D7%259F%2b11&amp;name=%5bCOLOR%20orange%5d%5bB%5d%d7%96%d7%94%d7%95%20%d7%96%d7%94%202020%5b%2fB%5d%5b%2fCOLOR%5d&amp;url=1595&quot"/>
</include>
<include content="mainscreentvhosepissodss">
<param name="tvshowlabelname" value="מנאייכ"/>
<param name="mainscreentvhosepissods" value="4159"/>
<param name="baseidocntainer" value="5767"/>
<param name="networkname" value="IL"/>
<param name="networkcolor" value="green"/>
<param name="notvisible" value="![Container(835).HasFocus(1) | Container(835).HasFocus(2)]"/>
<param name="mainscreentvhosepissodscontent" value="plugin://plugin.video.idanplus/?iconimage=https%253A%252F%252Fkanweb.blob.core.windows.net%252Fdownload%252Fpictures%252F2020%252F7%252F21%252Fimgid%253D36796_A.jpeg&amp;mode=2&amp;module=kan&amp;moredata=kan%257C%257C%257C%25D7%259B%25D7%2590%25D7%259F%2b11&amp;name=%5bCOLOR%20orange%5d%5bB%5d%d7%9e%d7%a0%d7%90%d7%99%d7%99%d7%9b%5b%2fB%5d%5b%2fCOLOR%5d&amp;url=1636&quot"/>
</include>
<include content="mainscreentvhosepissodss">
<param name="tvshowlabelname" value="אנחנו על המפית"/>
<param name="mainscreentvhosepissods" value="4160"/>
<param name="baseidocntainer" value="5767"/>
<param name="networkname" value="IL"/>
<param name="networkcolor" value="green"/>
<param name="notvisible" value="![Container(835).HasFocus(1) | Container(835).HasFocus(2)]"/>
<param name="mainscreentvhosepissodscontent" value="plugin://plugin.video.idanplus/?iconimage=https%253A%252F%252Fkanweb.blob.core.windows.net%252Fdownload%252Fpictures%252F2019%252F8%252F13%252Fimgid%253D18507_A.jpeg&amp;mode=2&amp;module=kan&amp;moredata&amp;name=%20%5bCOLOR%20orange%5d%5bB%5d%d7%90%d7%a0%d7%97%d7%a0%d7%95%20%d7%a2%d7%9c%20%d7%94%d7%9e%d7%a4%d7%99%d7%aa%5b%2fB%5d%5b%2fCOLOR%5d%20-%20%5bCOLOR%20yellow%5d%d7%9b%d7%90%d7%9f%2011%5b%2fCOLOR%5d%20&amp;url=1274&quot"/>
</include>
<include content="mainscreentvhosepissodss">
<param name="tvshowlabelname" value="ספארי מהאגדות"/>
<param name="mainscreentvhosepissods" value="4161"/>
<param name="baseidocntainer" value="5767"/>
<param name="networkname" value="IL"/>
<param name="networkcolor" value="green"/>
<param name="notvisible" value="![Container(835).HasFocus(1) | Container(835).HasFocus(2)]"/>
<param name="mainscreentvhosepissodscontent" value="plugin://plugin.video.idanplus/?iconimage=https%253A%252F%252Fkanweb.blob.core.windows.net%252Fdownload%252Fpictures%252F2020%252F8%252F6%252Fimgid%253D37018_A.jpeg&amp;mode=2&amp;module=kan&amp;moredata&amp;name=%20%5bCOLOR%20orange%5d%5bB%5d%d7%a1%d7%a4%d7%90%d7%a8%d7%99%20%d7%9e%d7%94%d7%90%d7%92%d7%93%d7%95%d7%aa%5b%2fB%5d%5b%2fCOLOR%5d%20-%20%5bCOLOR%20yellow%5d%d7%9b%d7%90%d7%9f%2011%5b%2fCOLOR%5d%20&amp;url=1650&quot"/>
</include>
<include content="mainscreentvhosepissodss">
<param name="tvshowlabelname" value="רבנו"/>
<param name="mainscreentvhosepissods" value="4162"/>
<param name="baseidocntainer" value="5767"/>
<param name="networkname" value="IL"/>
<param name="networkcolor" value="green"/>
<param name="notvisible" value="![Container(835).HasFocus(1) | Container(835).HasFocus(2)]"/>
<param name="mainscreentvhosepissodscontent" value="plugin://plugin.video.idanplus/?iconimage=https%253A%252F%252Fkanweb.blob.core.windows.net%252Fdownload%252Fpictures%252F2020%252F8%252F23%252Fimgid%253D37742_A.jpeg&amp;mode=2&amp;module=kan&amp;moredata=kan%257C%257C%257C%25D7%259B%25D7%2590%25D7%259F%2b11&amp;name=%5bCOLOR%20orange%5d%5bB%5d%d7%a8%d7%91%d7%a0%d7%95%5b%2fB%5d%5b%2fCOLOR%5d&amp;url=1653&quot"/>
</include>
<include content="mainscreentvhosepissodss">
<param name="tvshowlabelname" value="שבס"/>
<param name="mainscreentvhosepissods" value="4163"/>
<param name="baseidocntainer" value="5767"/>
<param name="networkname" value="IL"/>
<param name="networkcolor" value="green"/>
<param name="notvisible" value="![Container(835).HasFocus(1) | Container(835).HasFocus(2)]"/>
<param name="mainscreentvhosepissodscontent" value="plugin://plugin.video.idanplus/?iconimage=https%253A%252F%252Fkanweb.blob.core.windows.net%252Fdownload%252Fpictures%252F2020%252F8%252F23%252Fimgid%253D37746_A.jpeg&amp;mode=2&amp;module=kan&amp;moredata=kan%257C%257C%257C%25D7%259B%25D7%2590%25D7%259F%2b11&amp;name=%5bCOLOR%20orange%5d%5bB%5d%d7%a9%d7%91%22%20%d7%a1%5b%2fB%5d%5b%2fCOLOR%5d&amp;url=1489&quot"/>
</include>
<include content="mainscreentvhosepissodss">
<param name="tvshowlabelname" value="משנים מקום"/>
<param name="mainscreentvhosepissods" value="4164"/>
<param name="baseidocntainer" value="5767"/>
<param name="networkname" value="IL"/>
<param name="networkcolor" value="green"/>
<param name="notvisible" value="![Container(835).HasFocus(1) | Container(835).HasFocus(2)]"/>
<param name="mainscreentvhosepissodscontent" value="plugin://plugin.video.idanplus/?iconimage=https%253A%252F%252Fkanweb.blob.core.windows.net%252Fdownload%252Fpictures%252F2020%252F9%252F8%252Fimgid%253D38692_A.jpeg&amp;mode=2&amp;module=kan&amp;moredata=kan%257C%257C%257C%25D7%259B%25D7%2590%25D7%259F%2b11&amp;name=%5bCOLOR%20orange%5d%5bB%5d%d7%9e%d7%a9%d7%a0%d7%99%d7%9d%20%d7%9e%d7%a7%d7%95%d7%9d%5b%2fB%5d%5b%2fCOLOR%5d&amp;url=1495&quot"/>
</include>
<include content="mainscreentvhosepissodss">
<param name="tvshowlabelname" value="ארוחת ארבע"/>
<param name="mainscreentvhosepissods" value="4165"/>
<param name="baseidocntainer" value="5767"/>
<param name="networkname" value="IL"/>
<param name="networkcolor" value="green"/>
<param name="notvisible" value="![Container(835).HasFocus(1) | Container(835).HasFocus(2)]"/>
<param name="mainscreentvhosepissodscontent" value="plugin://plugin.video.idanplus/?iconimage=https%253A%252F%252Fkanweb.blob.core.windows.net%252Fdownload%252Fpictures%252F2020%252F4%252F10%252Fimgid%253D31750_A.jpeg&amp;mode=2&amp;module=kan&amp;moredata=kan%257C%257C%257C%25D7%259B%25D7%2590%25D7%259F%2b11&amp;name=%5bCOLOR%20orange%5d%5bB%5d%d7%90%d7%a8%d7%95%d7%97%d7%aa%20%d7%90%d7%a8%d7%91%d7%a2%5b%2fB%5d%5b%2fCOLOR%5d&amp;url=1604&quot"/>
</include>
<include content="mainscreentvhosepissodss">
<param name="tvshowlabelname" value="סוכן תרבות"/>
<param name="mainscreentvhosepissods" value="4166"/>
<param name="baseidocntainer" value="5767"/>
<param name="networkname" value="IL"/>
<param name="networkcolor" value="green"/>
<param name="notvisible" value="![Container(835).HasFocus(1) | Container(835).HasFocus(2)]"/>
<param name="mainscreentvhosepissodscontent" value="plugin://plugin.video.idanplus/?iconimage=https%253A%252F%252Fkanweb.blob.core.windows.net%252Fdownload%252Fpictures%252F2018%252F12%252F24%252Fimgid%253D1635_A.jpeg&amp;mode=2&amp;module=kan&amp;moredata=kan%257C%257C%257C%25D7%259B%25D7%2590%25D7%259F%2b11&amp;name=%5bCOLOR%20orange%5d%5bB%5d%d7%a1%d7%95%d7%9b%d7%9f%20%d7%aa%d7%a8%d7%91%d7%95%d7%aa%5b%2fB%5d%5b%2fCOLOR%5d&amp;url=1229&quot"/>
</include>
</control>
</include>



<include name="mainscreentvshowcontent">
<definition>
<control type="group">
<animation condition="Window.IsActive(6100)" effect="slide" start="0,0" end="0,1000" time="150" tween="sine" easing="inout">Conditional</animation>
<posy>470</posy>
<visible>Container(835).HasFocus($PARAM[mainscrrenitemnumber])</visible>
<control type="group">
<control type="multiimage">
<posx>1300</posx>
<posy>360</posy>
<width>220</width>
<height>200</height>
<fadetime>350</fadetime>
<imagepath>$INFO[Container($PARAM[tvshowmainscreenbaseid]).ListItem.Art(thumb)]</imagepath>
</control>
<control type="label">
<animation effect="fade" time="450">VisibleChange</animation>
<posx>1280</posx>
<posy>400</posy>
<width>250</width>
<align>right</align>
<textcolor>burlywood</textcolor>
<label>תקציר סדרה:</label>
</control>
<control type="textbox">
<animation effect="fade" time="450">VisibleChange</animation>
<centerleft>50%</centerleft>
<posy>460</posy>
<width>650</width>
<height>100</height>
<align>right</align>
<autoscroll fade="2550" time="3000" repeat="4000"></autoscroll>
<label>$INFO[Container($PARAM[tvshowmainscreenbaseid]).ListItem.Plot]</label>
</control>
<control type="label">
<posx>1285</posx>
<posy>340</posy>
<width>700</width>
<height>100</height>
<align>right</align>
<textcolor>white</textcolor>
<font>font-21-newrecommnded</font>
<scroll>true</scroll>
<scrolltime>40</scrolltime>
<label>$INFO[Container($PARAM[tvshowmainscreenbaseid]).ListItem.Label] $INFO[Container($PARAM[tvshowmainscreenbaseid]).ListItem.Year, (,)]</label>
</control>
</control>
<control type="list" id="$PARAM[tvshowmainscreenbaseid]">
<posx>220</posx>
<posy>350</posy>
<width>1920</width>
<height>500</height>
<onclick>Control.SetFocus(2230)</onclick>
<ondown>Control.SetFocus(2230)</ondown>
<onback>835</onback>
<orientation>horizontal</orientation>
<autoscroll time="8000" fade="8000">Control.Hasfocus(9000)</autoscroll>
<scrolltime tween="sine" easing="inout">350</scrolltime>
<preloaditems>2</preloaditems>
<itemlayout width="1420" height="500">
<control type="image">
<posx>0</posx>
<posy>0</posy>
<width>250</width>
<height>220</height>
<texture>$INFO[ListItem.Thumb]</texture>
</control>
<control type="image">
<posx>0</posx>
<posy>220</posy>
<width>250</width>
<height>40</height>
<texture>black.png</texture>
</control>
<control type="label">
<posx>0</posx>
<posy>220</posy>
<width>250</width>
<height>40</height>
<align>center</align>
<label>$INFO[ListItem.Genre]</label>
</control>
</itemlayout>
<focusedlayout width="1420" height="500">
<control type="image">
<visible>!control.hasfocus($PARAM[tvshowmainscreenbaseid])</visible>
<posx>0</posx>
<posy>0</posy>
<width>250</width>
<height>220</height>
<texture>$INFO[ListItem.Thumb]</texture>
</control>
<control type="image">
<visible>control.hasfocus($PARAM[tvshowmainscreenbaseid])</visible>
<posx>0</posx>
<posy>0</posy>
<width>250</width>
<height>220</height>
<bordertexture>white.png</bordertexture>
<bordersize>4</bordersize>
<texture>$INFO[ListItem.Thumb]</texture>
</control>
<control type="image">
<posx>0</posx>
<posy>220</posy>
<width>250</width>
<height>40</height>
<texture>black.png</texture>
</control>
<control type="label">
<posx>0</posx>
<posy>220</posy>
<width>250</width>
<height>40</height>
<align>center</align>
<label>$INFO[ListItem.Genre]</label>
</control>
</focusedlayout>
<content sortby="random" sortorder="random">$PARAM[tvshowmainscreecontent]</content>
</control>
</control>
</definition>
</include>


<include name="mainscreentvhosepissodss">
<definition>
<control type="group">
<animation condition="Window.IsActive(6100)" effect="slide" start="0,0" end="0,1000" time="150" tween="sine" easing="inout">Conditional</animation>
<visible>String.Contains(Container($PARAM[baseidocntainer]).ListItem.Label,$PARAM[tvshowlabelname])</visible>
<visible>$PARAM[notvisible]</visible>
<control type="group">
<posy>475</posy>
<visible>Control.HasFocus($PARAM[mainscreentvhosepissods])</visible>
<control type="image">
<posx>550</posx>
<posy>345</posy>
<width>1005</width>
<height>305</height>
<texture>black.png</texture>
</control>
<control type="multiimage">
<posx>1300</posx>
<posy>360</posy>
<width>220</width>
<height>200</height>
<fadetime>350</fadetime>
<imagepath>$INFO[Container($PARAM[mainscreentvhosepissods]).ListItem.Art(fanart)]</imagepath>
</control>
<control type="textbox">
<animation effect="fade" time="450">VisibleChange</animation>
<centerleft>50%</centerleft>
<posy>460</posy>
<width>650</width>
<height>100</height>
<align>right</align>
<autoscroll fade="2550" time="3000" repeat="4000"></autoscroll>
<label>$INFO[Container($PARAM[mainscreentvhosepissods]).ListItem.Plot]</label>
</control>
<control type="textbox">
<autoscroll fade="3000" time="3000" repeat="3000">Control.HasFocus($PARAM[mainscreentvhosepissods])</autoscroll>
<posx>630</posx>
<posy>340</posy>
<width>650</width>
<height>80</height>
<align>right</align>
<textcolor>white</textcolor>
<label>$INFO[Container($PARAM[mainscreentvhosepissods]).ListItem.Label]</label>
</control>
<control type="label">
<animation effect="fade" time="450">VisibleChange</animation>
<posx>1285</posx>
<posy>420</posy>
<width>250</width>
<align>right</align>
<textcolor>burlywood</textcolor>
<label>תקציר פרק:</label>
</control>
</control>

<control type="label">
<animation condition="!Integer.IsGreater(Container($PARAM[mainscreentvhosepissods]).NumItems,0)" effect="fade" start="0" end="100" time="1100" pulse="true">Conditional</animation>
<visible>!Integer.IsGreater(Container($PARAM[mainscreentvhosepissods]).NumItems,0)</visible>
<posx>1000</posx>
<posy>600</posy>
<width>250</width>
<height>40</height>
<label>טוען פרקים...</label>
</control>

<control type="button" id="2230">
<posx>0</posx>
<posy>0</posy>
<width>1</width>
<height>1</height>
<label>-</label>
<onfocus>Control.SetFocus($PARAM[mainscreentvhosepissods])</onfocus>
</control>
<control type="list" id="$PARAM[mainscreentvhosepissods]">
<posx>545</posx>
<posy>1040</posy>
<width>1000</width>
<height>40</height>
<onup condition="Container(835).HasFocus(1)">5765</onup>
<onup condition="Container(835).HasFocus(2)">5766</onup>
<onup condition="Container(835).HasFocus(3)">5767</onup>
<onback condition="Container(835).HasFocus(1)">5765</onback>
<onback condition="Container(835).HasFocus(2)">5766</onback>
<onback condition="Container(835).HasFocus(3)">5767</onback>
<orientation>horizontal</orientation>
<preloaditems>2</preloaditems>
<itemlayout width="320" height="40">
<control type="label">
<posx>40</posx>
<posy>0</posy>
<width>200</width>
<height>40</height>
<align>center</align>
<label>$INFO[ListItem.Label]</label>
</control>
</itemlayout>
<focusedlayout width="320" height="40">
<control type="image">
<visible>Control.HasFocus($PARAM[mainscreentvhosepissods])</visible>
<posx>5</posx>
<posy>5</posy>
<width>280</width>
<height>35</height>
<texture>special://skin/extras/views/default_button_fo.png</texture>
</control>
<control type="label">
<visible>!control.hasfocus($PARAM[mainscreentvhosepissods])</visible>
<posx>40</posx>
<posy>0</posy>
<width>200</width>
<height>40</height>
<align>center</align>
<label>$INFO[ListItem.Label]</label>
</control>
<control type="label">
<visible>control.hasfocus($PARAM[mainscreentvhosepissods])</visible>
<posx>40</posx>
<posy>0</posy>
<width>200</width>
<height>40</height>
<align>center</align>
<label>[B]$INFO[ListItem.Label][/B]</label>
</control>
</focusedlayout>
<content>$PARAM[mainscreentvhosepissodscontent]</content>
</control>
</control>

</definition>
</include>

</includes>
