<?xml version="1.0" encoding="UTF-8"?>




<includes>
 
<include name="maintvshowscreen">
<control type="group">
<posy>50</posy>
<include content="tvshowsmainscreen">
<param name="tvshowstringid" value="7765"/>
<param name="tvshowscontennt" value="plugin://plugin.audio.My.Music/?cat_level=%20&amp;count=0&amp;description=%20&amp;fanart&amp;iconimage&amp;index_depth=0&amp;lang=eng&amp;mode=5&amp;name=mainscreentvshows&amp;page&amp;selected_list=%20&amp;url=%d7%a1%d7%93%d7%a8%d7%95%d7%aamainscreentvshows&quot"/>
</include>


<include content="mainscreensessions">
<param name="sessionumber" value="5100"/>
<param name="labelnamethshow" value="ארץ לאבקראפט"/>
<param name="tvhsowsseesioncontent" value="plugin://plugin.video.mando/?all_w=%7b%7d&amp;data=2020&amp;dates=%20&amp;description=%5bCOLOR%20aqua%5d%20%d7%a9%d7%95%d7%93%d7%a8%20%d7%91%d7%aa%d7%90%d7%a8%d7%99%d7%9a%2016-08-2020%5b%2fCOLOR%5d%0aThe%20anthology%20horror%20series%20follows%2025-year-old%20Atticus%20Freeman%2c%20who%20joins%20up%20with%20his%20friend%20Letitia%20and%20his%20Uncle%20George%20to%20embark%20on%20a%20road%20trip%20across%201950s%20Jim%20Crow%20America%20to%20find%20his%20missing%20father.%20They%20must%20survive%20and%20overcome%20both%20the%20racist%20terrors%20of%20white%20America%20and%20the%20malevolent%20spirits%20that%20could%20be%20ripped%20from%20a%20Lovecraft%20paperback.&amp;eng_name=%20&amp;episode=%20&amp;fanart=https%3a%2f%2fimage.tmdb.org%2ft%2fp%2foriginal%2f%2fqx7qy2GJOc7yGY6WENyBU3OVv7A.jpg&amp;fav_status=false&amp;heb_name=%d7%90%d7%a8%d7%a5%20%d7%9c%d7%90%d7%91%d7%a7%d7%a8%d7%90%d7%a4%d7%98&amp;iconimage=https%3a%2f%2fimage.tmdb.org%2ft%2fp%2foriginal%2f%2f8ptPi5yy5C3cyQ0xQ2YCGn3T9Nk.jpg&amp;id=82816&amp;image_master&amp;isr=0&amp;last_id&amp;mode=19&amp;name=%5bCOLOR%20white%5d%d7%a2%d7%95%d7%a0%d7%94%201%5b%2fCOLOR%5d&amp;original_title=Lovecraft%20Country&amp;season=1&amp;show_original_year=2020&amp;tmdbid=357864&amp;url=https%3a%2f%2fapi.themoviedb.org%2f3%2ftv%2f82816%3fapi_key%3d34142515d9d23817496eeb4ff1d223d0%26language%3den%26append_to_response%3dexternal_ids&amp;video_data=%7b%22rating%22%3a%20%220%22%2c%20%22episode%22%3a%200%2c%20%22title%22%3a%20%22%5bCOLOR%20white%5d%5cu05e2%5cu05d5%5cu05e0%5cu05d4%201%5b%2fCOLOR%5d%22%2c%20%22season%22%3a%200%2c%20%22TVshowtitle%22%3a%20%22%22%2c%20%22mediatype%22%3a%20%22movie%22%2c%20%22plot%22%3a%20%22%5bCOLOR%20aqua%5d%20%5cu05e9%5cu05d5%5cu05d3%5cu05e8%20%5cu05d1%5cu05ea%5cu05d0%5cu05e8%5cu05d9%5cu05da%2016-08-2020%5b%2fCOLOR%5d%5cnThe%20anthology%20horror%20series%20follows%2025-year-old%20Atticus%20Freeman%2c%20who%20joins%20up%20with%20his%20friend%20Letitia%20and%20his%20Uncle%20George%20to%20embark%20on%20a%20road%20trip%20across%201950s%20Jim%20Crow%20America%20to%20find%20his%20missing%20father.%20They%20must%20survive%20and%20overcome%20both%20the%20racist%20terrors%20of%20white%20America%20and%20the%20malevolent%20spirits%20that%20could%20be%20ripped%20from%20a%20Lovecraft%20paperback.%22%2c%20%22OriginalTitle%22%3a%20%22Lovecraft%20Country%22%2c%20%22Tag%22%3a%20%2216%22%2c%20%22year%22%3a%20%222020%22%7d&quot"/>
</include>

<include content="mainscreensessions">
<param name="sessionumber" value="5105"/>
<param name="labelnamethshow" value="נולדו לרקוד"/>
<param name="tvhsowsseesioncontent" value="plugin://plugin.video.mando/?all_w=%7b%7d&amp;data=2013&amp;dates=%20&amp;description=%5bB%5d%5bI%5d2013%5b%2fI%5d%5b%2fB%5d%0a%d7%a1%d7%93%d7%a8%d7%aa%20%d7%93%d7%a8%d7%9e%d7%94%20%d7%9e%d7%95%d7%a7%d7%95%d7%9e%d7%a0%d7%98%d7%a8%d7%99%d7%aa%2c%20%d7%a9%d7%a2%d7%95%d7%a7%d7%91%d7%aa%20%d7%90%d7%97%d7%a8%20%d7%97%d7%99%d7%99%d7%94%d7%9d%20%d7%a9%d7%9c%20%d7%a7%d7%91%d7%95%d7%a6%d7%aa%20%d7%a8%d7%a7%d7%93%d7%a0%d7%99%d7%9d%20%d7%91%d7%a1%d7%98%d7%95%d7%93%d7%99%d7%95%20%22%d7%94%d7%a6%d7%a2%d7%93%20%d7%94%d7%91%d7%90%22%2c%20%d7%9b%d7%a9%d7%94%d7%9d%20%d7%9e%d7%a0%d7%a1%d7%99%d7%9d%20%d7%9c%d7%96%d7%9b%d7%95%d7%aa%20%d7%91%d7%90%d7%9c%d7%99%d7%a4%d7%95%d7%aa%20%d7%94%d7%90%d7%96%d7%95%d7%a8%d7%99%d7%aa%2c%20%d7%a9%d7%aa%d7%95%d7%91%d7%99%d7%9c%20%d7%9c%d7%90%d7%9c%d7%99%d7%a4%d7%95%d7%aa%20%d7%94%d7%90%d7%a8%d7%a6%d7%99%d7%aa%20%d7%94%d7%9e%d7%99%d7%95%d7%97%d7%9c%d7%aa.&amp;eng_name=%20&amp;episode=%20&amp;fanart=https%3a%2f%2fimage.tmdb.org%2ft%2fp%2foriginal%2f%2fbEjDMFgSQNtCqnv9g3bjOlM5St4.jpg&amp;fav_status=false&amp;heb_name=%d7%a0%d7%95%d7%9c%d7%93%d7%95%20%d7%9c%d7%a8%d7%a7%d7%95%d7%93&amp;iconimage=https%3a%2f%2fimage.tmdb.org%2ft%2fp%2foriginal%2f%2fdlZC6oo2iIKnRtLtAiiBn7tnuGc.jpg&amp;id=62404&amp;image_master&amp;isr=0&amp;last_id&amp;mode=16&amp;name=%5bCOLOR%20white%5d%d7%a0%d7%95%d7%9c%d7%93%d7%95%20%d7%9c%d7%a8%d7%a7%d7%95%d7%93%5b%2fCOLOR%5d&amp;original_title=The%20Next%20Step&amp;season=%20&amp;show_original_year=2013&amp;tmdbid=%20&amp;url=http%3a%2f%2fapi.themoviedb.org%2f3%2fsearch%2ftv%3fapi_key%3d34142515d9d23817496eeb4ff1d223d0%26query%3dThe%2bNext%2bStep%26language%3dhe%26page%3d1&amp;video_data=%7b%22rating%22%3a%20%226.6%22%2c%20%22episode%22%3a%200%2c%20%22title%22%3a%20%22%5bCOLOR%20white%5d%5cu05e0%5cu05d5%5cu05dc%5cu05d3%5cu05d5%20%5cu05dc%5cu05e8%5cu05e7%5cu05d5%5cu05d3%5b%2fCOLOR%5d%22%2c%20%22season%22%3a%200%2c%20%22TVshowtitle%22%3a%20%22%22%2c%20%22mediatype%22%3a%20%22movie%22%2c%20%22plot%22%3a%20%22%5bB%5d%5bI%5d2013%5b%2fI%5d%5b%2fB%5d%5cn%5cu05e1%5cu05d3%5cu05e8%5cu05ea%20%5cu05d3%5cu05e8%5cu05de%5cu05d4%20%5cu05de%5cu05d5%5cu05e7%5cu05d5%5cu05de%5cu05e0%5cu05d8%5cu05e8%5cu05d9%5cu05ea%2c%20%5cu05e9%5cu05e2%5cu05d5%5cu05e7%5cu05d1%5cu05ea%20%5cu05d0%5cu05d7%5cu05e8%20%5cu05d7%5cu05d9%5cu05d9%5cu05d4%5cu05dd%20%5cu05e9%5cu05dc%20%5cu05e7%5cu05d1%5cu05d5%5cu05e6%5cu05ea%20%5cu05e8%5cu05e7%5cu05d3%5cu05e0%5cu05d9%5cu05dd%20%5cu05d1%5cu05e1%5cu05d8%5cu05d5%5cu05d3%5cu05d9%5cu05d5%20%5c%22%5cu05d4%5cu05e6%5cu05e2%5cu05d3%20%5cu05d4%5cu05d1%5cu05d0%5c%22%2c%20%5cu05db%5cu05e9%5cu05d4%5cu05dd%20%5cu05de%5cu05e0%5cu05e1%5cu05d9%5cu05dd%20%5cu05dc%5cu05d6%5cu05db%5cu05d5%5cu05ea%20%5cu05d1%5cu05d0%5cu05dc%5cu05d9%5cu05e4%5cu05d5%5cu05ea%20%5cu05d4%5cu05d0%5cu05d6%5cu05d5%5cu05e8%5cu05d9%5cu05ea%2c%20%5cu05e9%5cu05ea%5cu05d5%5cu05d1%5cu05d9%5cu05dc%20%5cu05dc%5cu05d0%5cu05dc%5cu05d9%5cu05e4%5cu05d5%5cu05ea%20%5cu05d4%5cu05d0%5cu05e8%5cu05e6%5cu05d9%5cu05ea%20%5cu05d4%5cu05de%5cu05d9%5cu05d5%5cu05d7%5cu05dc%5cu05ea.%22%2c%20%22OriginalTitle%22%3a%20%22The%20Next%20Step%22%2c%20%22Tag%22%3a%20%225%22%2c%20%22year%22%3a%20%222013%22%2c%20%22genre%22%3a%20%22%5cu05de%5cu05e9%5cu05e4%5cu05d7%5cu05d4%20%2f%20%5cu05d3%5cu05e8%5cu05de%5cu05d4%22%2c%20%22trailer%22%3a%20%22plugin%3a%2f%2fplugin.video.shadow%3fmode%3d25%26id%3d62404%26url%3dtv%22%7d&quot"/>
</include>

<include content="mainscreensessions">
<param name="sessionumber" value="5106"/>
<param name="labelnamethshow" value="כוכב בודד"/>
<param name="tvhsowsseesioncontent" value="plugin://plugin.video.mando/?all_w=%7b%7d&amp;data=2020&amp;dates=%20&amp;description=%5bCOLOR%20aqua%5d%20%d7%a9%d7%95%d7%93%d7%a8%20%d7%91%d7%aa%d7%90%d7%a8%d7%99%d7%9a%2019-01-2020%5b%2fCOLOR%5d%0aNearly%2020%20years%20ago%2c%20Owen%20Strand%20was%20the%20lone%20survivor%20of%20his%20Manhattan%20firehouse%20on%209%2f11.%20In%20the%20wake%20of%20the%20attack%2c%20Owen%20had%20the%20unenviable%20task%20of%20rebuilding%20his%20station.%20After%20a%20similar%20tragedy%20happens%20to%20a%20firehouse%20in%20Austin%2c%20Owen%2c%20along%20with%20his%20troubled%20firefighter%20son%2c%20T.K.%2c%20takes%20his%20progressive%20philosophies%20of%20life%20and%20firefighting%20down%20to%20Texas%2c%20where%20he%20helps%20them%20start%20anew.%20On%20the%20surface%2c%20Owen%20is%20all%20about%20big-city%20style%20and%20swagger%2c%20but%20underneath%20he%20struggles%20with%20a%20secret%20he%20hides%20from%20the%20world%20-%20one%20that%20could%20very%20well%20end%20his%20life.&amp;eng_name=%20&amp;episode=%20&amp;fanart=https%3a%2f%2fimage.tmdb.org%2ft%2fp%2foriginal%2f%2f7oRFxlpItB3BOfcxfEIgUlFQq2R.jpg&amp;fav_status=false&amp;heb_name=911%20-%20%d7%9b%d7%95%d7%9b%d7%91%20%d7%91%d7%95%d7%93%d7%93&amp;iconimage=https%3a%2f%2fimage.tmdb.org%2ft%2fp%2foriginal%2f%2fcKZ15eWIPj11oVL7kFvScAbhuxx.jpg&amp;id=89393&amp;image_master&amp;isr=0&amp;last_id&amp;mode=19&amp;name=%5bCOLOR%20white%5d%d7%a2%d7%95%d7%a0%d7%94%201%5b%2fCOLOR%5d&amp;original_title=9-1-1%3a%20Lone%20Star&amp;season=1&amp;show_original_year=2020&amp;tmdbid=364080&amp;url=https%3a%2f%2fapi.themoviedb.org%2f3%2ftv%2f89393%3fapi_key%3d34142515d9d23817496eeb4ff1d223d0%26language%3den%26append_to_response%3dexternal_ids&amp;video_data=%7b%22rating%22%3a%20%220%22%2c%20%22episode%22%3a%200%2c%20%22title%22%3a%20%22%5bCOLOR%20white%5d%5cu05e2%5cu05d5%5cu05e0%5cu05d4%201%5b%2fCOLOR%5d%22%2c%20%22season%22%3a%200%2c%20%22TVshowtitle%22%3a%20%22%22%2c%20%22mediatype%22%3a%20%22movie%22%2c%20%22plot%22%3a%20%22%5bCOLOR%20aqua%5d%20%5cu05e9%5cu05d5%5cu05d3%5cu05e8%20%5cu05d1%5cu05ea%5cu05d0%5cu05e8%5cu05d9%5cu05da%2019-01-2020%5b%2fCOLOR%5d%5cnNearly%2020%20years%20ago%2c%20Owen%20Strand%20was%20the%20lone%20survivor%20of%20his%20Manhattan%20firehouse%20on%209%2f11.%20In%20the%20wake%20of%20the%20attack%2c%20Owen%20had%20the%20unenviable%20task%20of%20rebuilding%20his%20station.%20After%20a%20similar%20tragedy%20happens%20to%20a%20firehouse%20in%20Austin%2c%20Owen%2c%20along%20with%20his%20troubled%20firefighter%20son%2c%20T.K.%2c%20takes%20his%20progressive%20philosophies%20of%20life%20and%20firefighting%20down%20to%20Texas%2c%20where%20he%20helps%20them%20start%20anew.%20On%20the%20surface%2c%20Owen%20is%20all%20about%20big-city%20style%20and%20swagger%2c%20but%20underneath%20he%20struggles%20with%20a%20secret%20he%20hides%20from%20the%20world%20-%20one%20that%20could%20very%20well%20end%20his%20life.%22%2c%20%22OriginalTitle%22%3a%20%229-1-1%3a%20Lone%20Star%22%2c%20%22Tag%22%3a%20%2216%22%2c%20%22year%22%3a%20%222020%22%7d&quot"/>
</include>

<include content="mainscreensessions">
<param name="sessionumber" value="5107"/>
<param name="labelnamethshow" value="ביו האקרים"/>
<param name="tvhsowsseesioncontent" value="plugin://plugin.video.mando/?all_w=%7b%7d&amp;data=2020&amp;dates=%20&amp;description=%5bCOLOR%20aqua%5d%20%d7%a9%d7%95%d7%93%d7%a8%20%d7%91%d7%aa%d7%90%d7%a8%d7%99%d7%9a%2020-08-2020%5b%2fCOLOR%5d%0aMia%20goes%20to%20medical%20school%20to%20get%20close%20to%20a%20professor%20she%20suspects%20had%20a%20hand%20in%20her%20past%20family%20tragedy%20and%20gets%20tangled%20in%20the%20world%20of%20biohacking.&amp;eng_name=%20&amp;episode=%20&amp;fanart=https%3a%2f%2fimage.tmdb.org%2ft%2fp%2foriginal%2f%2f3l96kBw60kOyfWh0hG2cphA6ST1.jpg&amp;fav_status=false&amp;heb_name=%d7%91%d7%99%d7%95-%d7%94%d7%90%d7%a7%d7%a8%d7%99%d7%9d&amp;iconimage=https%3a%2f%2fimage.tmdb.org%2ft%2fp%2foriginal%2f%2f4MkglHEepiB914UuIO8QF5Ulz2X.jpg&amp;id=100074&amp;image_master&amp;isr=0&amp;last_id&amp;mode=19&amp;name=%5bCOLOR%20white%5d%d7%a2%d7%95%d7%a0%d7%94%201%5b%2fCOLOR%5d&amp;original_title=Biohackers&amp;season=1&amp;show_original_year=2020&amp;tmdbid=381016&amp;url=https%3a%2f%2fapi.themoviedb.org%2f3%2ftv%2f100074%3fapi_key%3d34142515d9d23817496eeb4ff1d223d0%26language%3den%26append_to_response%3dexternal_ids&amp;video_data=%7b%22rating%22%3a%20%220%22%2c%20%22episode%22%3a%200%2c%20%22title%22%3a%20%22%5bCOLOR%20white%5d%5cu05e2%5cu05d5%5cu05e0%5cu05d4%201%5b%2fCOLOR%5d%22%2c%20%22season%22%3a%200%2c%20%22TVshowtitle%22%3a%20%22%22%2c%20%22mediatype%22%3a%20%22movie%22%2c%20%22plot%22%3a%20%22%5bCOLOR%20aqua%5d%20%5cu05e9%5cu05d5%5cu05d3%5cu05e8%20%5cu05d1%5cu05ea%5cu05d0%5cu05e8%5cu05d9%5cu05da%2020-08-2020%5b%2fCOLOR%5d%5cnMia%20goes%20to%20medical%20school%20to%20get%20close%20to%20a%20professor%20she%20suspects%20had%20a%20hand%20in%20her%20past%20family%20tragedy%20and%20gets%20tangled%20in%20the%20world%20of%20biohacking.%22%2c%20%22OriginalTitle%22%3a%20%22Biohackers%22%2c%20%22Tag%22%3a%20%2216%22%2c%20%22year%22%3a%20%222020%22%7d&quot"/>
</include>

<include content="mainscreensessions">
<param name="sessionumber" value="5108"/>
<param name="labelnamethshow" value="קיפו ויצורי הפלא"/>
<param name="tvhsowsseesioncontent" value="plugin://plugin.video.mando/?all_w=%7b%7d&amp;data=2020&amp;dates=%20&amp;description=%5bCOLOR%20aqua%5d%20%d7%a9%d7%95%d7%93%d7%a8%20%d7%91%d7%aa%d7%90%d7%a8%d7%99%d7%9a%2012-06-2020%5b%2fCOLOR%5d%0aA%20sheltered%20girl%20gets%20a%20crash%20course%20in%20survival%20when%20a%20mutant%20attack%20sends%20her%20to%20the%20surface%2c%20far%20from%20the%20safety%20of%20her%20underground%20home.&amp;eng_name=%20&amp;episode=%20&amp;fanart=https%3a%2f%2fimage.tmdb.org%2ft%2fp%2foriginal%2f%2fuaCBOSZnFSJtOLWSvxA2NVreGv1.jpg&amp;fav_status=false&amp;heb_name=%d7%a7%d7%99%d7%a4%d7%95%20%d7%95%d7%99%d7%a6%d7%95%d7%a8%d7%99%20%d7%94%d7%a4%d7%9c%d7%90&amp;iconimage=https%3a%2f%2fimage.tmdb.org%2ft%2fp%2foriginal%2f%2f1Gwu1BMROLmeyUfRwrrSZFsz3zK.jpg&amp;id=95599&amp;image_master&amp;isr=0&amp;last_id&amp;mode=19&amp;name=%5bCOLOR%20white%5d%d7%a2%d7%95%d7%a0%d7%94%202%5b%2fCOLOR%5d&amp;original_title=Kipo%20and%20the%20Age%20of%20Wonderbeasts&amp;season=2&amp;show_original_year=2020&amp;tmdbid=365463&amp;url=https%3a%2f%2fapi.themoviedb.org%2f3%2ftv%2f95599%3fapi_key%3d34142515d9d23817496eeb4ff1d223d0%26language%3den%26append_to_response%3dexternal_ids&amp;video_data=%7b%22rating%22%3a%20%220%22%2c%20%22episode%22%3a%200%2c%20%22title%22%3a%20%22%5bCOLOR%20white%5d%5cu05e2%5cu05d5%5cu05e0%5cu05d4%202%5b%2fCOLOR%5d%22%2c%20%22season%22%3a%200%2c%20%22TVshowtitle%22%3a%20%22%22%2c%20%22mediatype%22%3a%20%22movie%22%2c%20%22plot%22%3a%20%22%5bCOLOR%20aqua%5d%20%5cu05e9%5cu05d5%5cu05d3%5cu05e8%20%5cu05d1%5cu05ea%5cu05d0%5cu05e8%5cu05d9%5cu05da%2012-06-2020%5b%2fCOLOR%5d%5cnA%20sheltered%20girl%20gets%20a%20crash%20course%20in%20survival%20when%20a%20mutant%20attack%20sends%20her%20to%20the%20surface%2c%20far%20from%20the%20safety%20of%20her%20underground%20home.%22%2c%20%22OriginalTitle%22%3a%20%22Kipo%20and%20the%20Age%20of%20Wonderbeasts%22%2c%20%22Tag%22%3a%20%2216%22%2c%20%22year%22%3a%20%222020%22%7d&quot"/>
</include>

<include content="mainscreensessions">
<param name="sessionumber" value="5009"/>
<param name="labelnamethshow" value="סוכן חשאי"/>
<param name="tvhsowsseesioncontent" value="plugin://plugin.video.mando/?all_w=%7b%7d&amp;data=2020&amp;dates=%20&amp;description=%5bCOLOR%20aqua%5d%20%d7%a9%d7%95%d7%93%d7%a8%20%d7%91%d7%aa%d7%90%d7%a8%d7%99%d7%9a%2020-02-2020%5b%2fCOLOR%5d%0aWhen%20an%20arrogant%2c%20maverick%20National%20Security%20Agent%20comes%20over%20from%20the%20US%20to%20join%20a%20newly-formed%20team%20tackling%20cybercrime%20at%20Britain%27s%20security%20headquarters%2c%20he%20enlists%20an%20inept%20and%20tactless%20computer%20analyst%20Joseph%20in%20a%20power%20grab%20that%20threatens%20to%20disrupt%20the%20team%e2%80%99s%20ability%20to%20combat%20cyber%20terrorism.&amp;eng_name=%20&amp;episode=%20&amp;fanart=https%3a%2f%2fimage.tmdb.org%2ft%2fp%2foriginal%2f%2fxD7fmgc2MdQvKg9NzHt2rzn8z7V.jpg&amp;fav_status=false&amp;heb_name=%d7%a1%d7%95%d7%9b%d7%9f%20%d7%97%d7%a9%d7%90%d7%99&amp;iconimage=https%3a%2f%2fimage.tmdb.org%2ft%2fp%2foriginal%2f%2fkKHbY7kGhU9gAkkEVYv9fDTqWg6.jpg&amp;id=88110&amp;image_master&amp;isr=0&amp;last_id&amp;mode=19&amp;name=%5bCOLOR%20white%5d%d7%a2%d7%95%d7%a0%d7%94%201%5b%2fCOLOR%5d&amp;original_title=Intelligence&amp;season=1&amp;show_original_year=2020&amp;tmdbid=374093&amp;url=https%3a%2f%2fapi.themoviedb.org%2f3%2ftv%2f88110%3fapi_key%3d34142515d9d23817496eeb4ff1d223d0%26language%3den%26append_to_response%3dexternal_ids&amp;video_data=%7b%22rating%22%3a%20%220%22%2c%20%22episode%22%3a%200%2c%20%22title%22%3a%20%22%5bCOLOR%20white%5d%5cu05e2%5cu05d5%5cu05e0%5cu05d4%201%5b%2fCOLOR%5d%22%2c%20%22season%22%3a%200%2c%20%22TVshowtitle%22%3a%20%22%22%2c%20%22mediatype%22%3a%20%22movie%22%2c%20%22plot%22%3a%20%22%5bCOLOR%20aqua%5d%20%5cu05e9%5cu05d5%5cu05d3%5cu05e8%20%5cu05d1%5cu05ea%5cu05d0%5cu05e8%5cu05d9%5cu05da%2020-02-2020%5b%2fCOLOR%5d%5cnWhen%20an%20arrogant%2c%20maverick%20National%20Security%20Agent%20comes%20over%20from%20the%20US%20to%20join%20a%20newly-formed%20team%20tackling%20cybercrime%20at%20Britain%27s%20security%20headquarters%2c%20he%20enlists%20an%20inept%20and%20tactless%20computer%20analyst%20Joseph%20in%20a%20power%20grab%20that%20threatens%20to%20disrupt%20the%20team%5cu2019s%20ability%20to%20combat%20cyber%20terrorism.%22%2c%20%22OriginalTitle%22%3a%20%22Intelligence%22%2c%20%22Tag%22%3a%20%2216%22%2c%20%22year%22%3a%20%222020%22%7d&quot"/>
</include>

<include content="mainscreensessions">
<param name="sessionumber" value="5010"/>
<param name="labelnamethshow" value="רובוטריקים המלחמה על סייברטרון"/>
<param name="tvhsowsseesioncontent" value="plugin://plugin.video.mando/?all_w=%7b%7d&amp;data=2020&amp;dates=%20&amp;description=%5bCOLOR%20aqua%5d%20%d7%a9%d7%95%d7%93%d7%a8%20%d7%91%d7%aa%d7%90%d7%a8%d7%99%d7%9a%2030-07-2020%5b%2fCOLOR%5d%0aOn%20their%20dying%20planet%2c%20the%20Autobots%20and%20Decepticons%20battle%20fiercely%20for%20control%20of%20the%20AllSpark%20in%20the%20Transformers%20universe%27s%20origin%20story.&amp;eng_name=%20&amp;episode=%20&amp;fanart=https%3a%2f%2fimage.tmdb.org%2ft%2fp%2foriginal%2f%2fbxZrG6wsmKMoUC1q4ByTWDRHaOh.jpg&amp;fav_status=false&amp;heb_name=%d7%a8%d7%95%d7%91%d7%95%d7%98%d7%a8%d7%99%d7%a7%d7%99%d7%9d%3a%20%d7%94%d7%9e%d7%9c%d7%97%d7%9e%d7%94%20%d7%a2%d7%9c%20%d7%a1%d7%99%d7%99%d7%91%d7%a8%d7%98%d7%a8%d7%95%d7%9f%20%e2%80%93%20%d7%94%d7%98%d7%a8%d7%99%d7%9c%d7%95%d7%92%d7%99%d7%94&amp;iconimage=https%3a%2f%2fimage.tmdb.org%2ft%2fp%2foriginal%2f%2fq6XBIrlT8XiBg4KbK5ivQAW78q7.jpg&amp;id=100617&amp;image_master&amp;isr=0&amp;last_id&amp;mode=19&amp;name=%5bCOLOR%20white%5d%d7%a2%d7%95%d7%a0%d7%94%201%5b%2fCOLOR%5d&amp;original_title=Transformers%3a%20War%20for%20Cybertron&amp;season=1&amp;show_original_year=2020&amp;tmdbid=377694&amp;url=https%3a%2f%2fapi.themoviedb.org%2f3%2ftv%2f100617%3fapi_key%3d34142515d9d23817496eeb4ff1d223d0%26language%3den%26append_to_response%3dexternal_ids&amp;video_data=%7b%22rating%22%3a%20%220%22%2c%20%22episode%22%3a%200%2c%20%22title%22%3a%20%22%5bCOLOR%20white%5d%5cu05e2%5cu05d5%5cu05e0%5cu05d4%201%5b%2fCOLOR%5d%22%2c%20%22season%22%3a%200%2c%20%22TVshowtitle%22%3a%20%22%22%2c%20%22mediatype%22%3a%20%22movie%22%2c%20%22plot%22%3a%20%22%5bCOLOR%20aqua%5d%20%5cu05e9%5cu05d5%5cu05d3%5cu05e8%20%5cu05d1%5cu05ea%5cu05d0%5cu05e8%5cu05d9%5cu05da%2030-07-2020%5b%2fCOLOR%5d%5cnOn%20their%20dying%20planet%2c%20the%20Autobots%20and%20Decepticons%20battle%20fiercely%20for%20control%20of%20the%20AllSpark%20in%20the%20Transformers%20universe%27s%20origin%20story.%22%2c%20%22OriginalTitle%22%3a%20%22Transformers%3a%20War%20for%20Cybertron%22%2c%20%22Tag%22%3a%20%2216%22%2c%20%22year%22%3a%20%222020%22%7d&quot"/>
</include>

<include content="mainscreensessions">
<param name="sessionumber" value="5011"/>
<param name="labelnamethshow" value="לוציפר"/>
<param name="tvhsowsseesioncontent" value="plugin://plugin.video.mando/?all_w=%7b%7d&amp;data=2020&amp;dates=%20&amp;description=%5bCOLOR%20aqua%5d%20%d7%a9%d7%95%d7%93%d7%a8%20%d7%91%d7%aa%d7%90%d7%a8%d7%99%d7%9a%2021-08-2020%5b%2fCOLOR%5d%0aBored%20and%20unhappy%20as%20the%20Lord%20of%20Hell%2c%20Lucifer%20Morningstar%20abandoned%20his%20throne%20and%20retired%20to%20Los%20Angeles%2c%20where%20he%20has%20teamed%20up%20with%20LAPD%20detective%20Chloe%20Decker%20to%20take%20down%20criminals.%c2%a0But%20the%20longer%20he%27s%20away%20from%20the%20underworld%2c%20the%20greater%20the%20threat%20that%20the%20worst%20of%20humanity%20could%20escape.&amp;eng_name=%20&amp;episode=%20&amp;fanart=https%3a%2f%2fimage.tmdb.org%2ft%2fp%2foriginal%2f%2fta5oblpMlEcIPIS2YGcq9XEkWK2.jpg&amp;fav_status=false&amp;heb_name=%d7%9c%d7%95%d7%a6%d7%99%d7%a4%d7%a8&amp;iconimage=https%3a%2f%2fimage.tmdb.org%2ft%2fp%2foriginal%2f%2f96D5o8ywmEbGvBfttj1JLXtJRhg.jpg&amp;id=63174&amp;image_master&amp;isr=0&amp;last_id&amp;mode=19&amp;name=%5bCOLOR%20white%5d%d7%a2%d7%95%d7%a0%d7%94%205%5b%2fCOLOR%5d&amp;original_title=Lucifer&amp;season=5&amp;show_original_year=2016&amp;tmdbid=295685&amp;url=https%3a%2f%2fapi.themoviedb.org%2f3%2ftv%2f63174%3fapi_key%3d34142515d9d23817496eeb4ff1d223d0%26language%3den%26append_to_response%3dexternal_ids&amp;video_data=%7b%22rating%22%3a%20%220%22%2c%20%22episode%22%3a%200%2c%20%22title%22%3a%20%22%5bCOLOR%20white%5d%5cu05e2%5cu05d5%5cu05e0%5cu05d4%205%5b%2fCOLOR%5d%22%2c%20%22season%22%3a%200%2c%20%22TVshowtitle%22%3a%20%22%22%2c%20%22mediatype%22%3a%20%22movie%22%2c%20%22plot%22%3a%20%22%5bCOLOR%20aqua%5d%20%5cu05e9%5cu05d5%5cu05d3%5cu05e8%20%5cu05d1%5cu05ea%5cu05d0%5cu05e8%5cu05d9%5cu05da%2021-08-2020%5b%2fCOLOR%5d%5cnBored%20and%20unhappy%20as%20the%20Lord%20of%20Hell%2c%20Lucifer%20Morningstar%20abandoned%20his%20throne%20and%20retired%20to%20Los%20Angeles%2c%20where%20he%20has%20teamed%20up%20with%20LAPD%20detective%20Chloe%20Decker%20to%20take%20down%20criminals.%5cu00a0But%20the%20longer%20he%27s%20away%20from%20the%20underworld%2c%20the%20greater%20the%20threat%20that%20the%20worst%20of%20humanity%20could%20escape.%22%2c%20%22OriginalTitle%22%3a%20%22Lucifer%22%2c%20%22Tag%22%3a%20%2216%22%2c%20%22year%22%3a%20%222020%22%7d&quot"/>
</include>

<include content="mainscreensessions">
<param name="sessionumber" value="5012"/>
<param name="labelnamethshow" value="חמוץ מתוק"/>
<param name="tvhsowsseesioncontent" value="plugin://plugin.video.mando/?all_w=%7b%7d&amp;data=2019&amp;dates=%20&amp;description=%5bCOLOR%20aqua%5d%20%d7%a9%d7%95%d7%93%d7%a8%20%d7%91%d7%aa%d7%90%d7%a8%d7%99%d7%9a%2027-09-2019%5b%2fCOLOR%5d%0aA%20%2790s-set%20single-camera%20comedy%20about%20a%20hip-hop-loving%20Asian%20kid%20growing%20up%20in%20suburban%20Orlando%2c%20being%20raised%20by%20an%20immigrant%20father%20obsessed%20with%20all%20things%20American%20and%20an%20immigrant%20mother%20often%20bewildered%20by%20white%20culture.&amp;eng_name=%20&amp;episode=%20&amp;fanart=https%3a%2f%2fimage.tmdb.org%2ft%2fp%2foriginal%2f%2fci3JFUT7kUvwMVKTXZMjfvfgbMZ.jpg&amp;fav_status=false&amp;heb_name=%d7%97%d7%9e%d7%95%d7%a5%20%d7%9e%d7%aa%d7%95%d7%a7&amp;iconimage=https%3a%2f%2fimage.tmdb.org%2ft%2fp%2foriginal%2f%2fpl9goLDKE5wG7JgMikAKimCmApx.jpg&amp;id=61692&amp;image_master&amp;isr=0&amp;last_id&amp;mode=19&amp;name=%5bCOLOR%20white%5d%d7%a2%d7%95%d7%a0%d7%94%206%5b%2fCOLOR%5d&amp;original_title=Fresh%20Off%20the%20Boat&amp;season=6&amp;show_original_year=2015&amp;tmdbid=281618&amp;url=https%3a%2f%2fapi.themoviedb.org%2f3%2ftv%2f61692%3fapi_key%3d34142515d9d23817496eeb4ff1d223d0%26language%3den%26append_to_response%3dexternal_ids&amp;video_data=%7b%22rating%22%3a%20%220%22%2c%20%22episode%22%3a%200%2c%20%22title%22%3a%20%22%5bCOLOR%20white%5d%5cu05e2%5cu05d5%5cu05e0%5cu05d4%206%5b%2fCOLOR%5d%22%2c%20%22season%22%3a%200%2c%20%22TVshowtitle%22%3a%20%22%22%2c%20%22mediatype%22%3a%20%22movie%22%2c%20%22plot%22%3a%20%22%5bCOLOR%20aqua%5d%20%5cu05e9%5cu05d5%5cu05d3%5cu05e8%20%5cu05d1%5cu05ea%5cu05d0%5cu05e8%5cu05d9%5cu05da%2027-09-2019%5b%2fCOLOR%5d%5cnA%20%2790s-set%20single-camera%20comedy%20about%20a%20hip-hop-loving%20Asian%20kid%20growing%20up%20in%20suburban%20Orlando%2c%20being%20raised%20by%20an%20immigrant%20father%20obsessed%20with%20all%20things%20American%20and%20an%20immigrant%20mother%20often%20bewildered%20by%20white%20culture.%22%2c%20%22OriginalTitle%22%3a%20%22Fresh%20Off%20the%20Boat%22%2c%20%22Tag%22%3a%20%2216%22%2c%20%22year%22%3a%20%222019%22%7d&quot"/>
</include>

<include content="mainscreensessions">
<param name="sessionumber" value="5013"/>
<param name="labelnamethshow" value="חמוץ מתוק"/>
<param name="tvhsowsseesioncontent" value="plugin://plugin.video.mando/?all_w=%7b%7d&amp;data=2019&amp;dates=%20&amp;description=%5bCOLOR%20aqua%5d%20%d7%a9%d7%95%d7%93%d7%a8%20%d7%91%d7%aa%d7%90%d7%a8%d7%99%d7%9a%2027-09-2019%5b%2fCOLOR%5d%0aA%20%2790s-set%20single-camera%20comedy%20about%20a%20hip-hop-loving%20Asian%20kid%20growing%20up%20in%20suburban%20Orlando%2c%20being%20raised%20by%20an%20immigrant%20father%20obsessed%20with%20all%20things%20American%20and%20an%20immigrant%20mother%20often%20bewildered%20by%20white%20culture.&amp;eng_name=%20&amp;episode=%20&amp;fanart=https%3a%2f%2fimage.tmdb.org%2ft%2fp%2foriginal%2f%2fci3JFUT7kUvwMVKTXZMjfvfgbMZ.jpg&amp;fav_status=false&amp;heb_name=%d7%97%d7%9e%d7%95%d7%a5%20%d7%9e%d7%aa%d7%95%d7%a7&amp;iconimage=https%3a%2f%2fimage.tmdb.org%2ft%2fp%2foriginal%2f%2fpl9goLDKE5wG7JgMikAKimCmApx.jpg&amp;id=61692&amp;image_master&amp;isr=0&amp;last_id&amp;mode=19&amp;name=%5bCOLOR%20white%5d%d7%a2%d7%95%d7%a0%d7%94%206%5b%2fCOLOR%5d&amp;original_title=Fresh%20Off%20the%20Boat&amp;season=6&amp;show_original_year=2015&amp;tmdbid=281618&amp;url=https%3a%2f%2fapi.themoviedb.org%2f3%2ftv%2f61692%3fapi_key%3d34142515d9d23817496eeb4ff1d223d0%26language%3den%26append_to_response%3dexternal_ids&amp;video_data=%7b%22rating%22%3a%20%220%22%2c%20%22episode%22%3a%200%2c%20%22title%22%3a%20%22%5bCOLOR%20white%5d%5cu05e2%5cu05d5%5cu05e0%5cu05d4%206%5b%2fCOLOR%5d%22%2c%20%22season%22%3a%200%2c%20%22TVshowtitle%22%3a%20%22%22%2c%20%22mediatype%22%3a%20%22movie%22%2c%20%22plot%22%3a%20%22%5bCOLOR%20aqua%5d%20%5cu05e9%5cu05d5%5cu05d3%5cu05e8%20%5cu05d1%5cu05ea%5cu05d0%5cu05e8%5cu05d9%5cu05da%2027-09-2019%5b%2fCOLOR%5d%5cnA%20%2790s-set%20single-camera%20comedy%20about%20a%20hip-hop-loving%20Asian%20kid%20growing%20up%20in%20suburban%20Orlando%2c%20being%20raised%20by%20an%20immigrant%20father%20obsessed%20with%20all%20things%20American%20and%20an%20immigrant%20mother%20often%20bewildered%20by%20white%20culture.%22%2c%20%22OriginalTitle%22%3a%20%22Fresh%20Off%20the%20Boat%22%2c%20%22Tag%22%3a%20%2216%22%2c%20%22year%22%3a%20%222019%22%7d&quot"/>
</include>

<include content="mainscreensessions">
<param name="sessionumber" value="5014"/>
<param name="labelnamethshow" value="טובוט בלשי הגלקסיה"/>
<param name="tvhsowsseesioncontent" value="plugin://plugin.video.sdarot.tv/season/5726/1/%D7%98%D7%95%D7%91%D7%95%D7%98+%D7%91%D7%9C%D7%A9%D7%99+%D7%94%D7%92%D7%9C%D7%A7%D7%A1%D7%99%D7%94+%2A%D7%9E%D7%93%D7%95%D7%91%D7%91%2A/Tobot+Galaxy+Detectives&quot"/>
</include>

<include content="mainscreensessions">
<param name="sessionumber" value="5015"/>
<param name="labelnamethshow" value="הגשם"/>
<param name="tvhsowsseesioncontent" value="plugin://plugin.video.mando/?all_w=%7b%7d&amp;data=2020&amp;dates=%20&amp;description=%5bCOLOR%20aqua%5d%20%d7%a9%d7%95%d7%93%d7%a8%20%d7%91%d7%aa%d7%90%d7%a8%d7%99%d7%9a%2006-08-2020%5b%2fCOLOR%5d%0aAfter%20a%20brutal%20virus%20wipes%20out%20most%20of%20the%20population%2c%20two%20young%20siblings%20embark%20on%20a%20perilous%20search%20for%20safety.%20A%20Scandinavian%20thriller%20series.&amp;eng_name=%20&amp;episode=%20&amp;fanart=https%3a%2f%2fimage.tmdb.org%2ft%2fp%2foriginal%2f%2frfK7BGBUoqXc2EiKGbKuzaeSDjW.jpg&amp;fav_status=false&amp;heb_name=%d7%94%d7%92%d7%a9%d7%9d&amp;iconimage=https%3a%2f%2fimage.tmdb.org%2ft%2fp%2foriginal%2f%2fbBBpi5pgOEZlCOgx2q116oPdJnx.jpg&amp;id=76719&amp;image_master&amp;isr=0&amp;last_id&amp;mode=19&amp;name=%5bCOLOR%20white%5d%d7%a2%d7%95%d7%a0%d7%94%203%5b%2fCOLOR%5d&amp;original_title=The%20Rain&amp;season=3&amp;show_original_year=2018&amp;tmdbid=341704&amp;url=https%3a%2f%2fapi.themoviedb.org%2f3%2ftv%2f76719%3fapi_key%3d34142515d9d23817496eeb4ff1d223d0%26language%3den%26append_to_response%3dexternal_ids&amp;video_data=%7b%22rating%22%3a%20%220%22%2c%20%22episode%22%3a%200%2c%20%22title%22%3a%20%22%5bCOLOR%20white%5d%5cu05e2%5cu05d5%5cu05e0%5cu05d4%203%5b%2fCOLOR%5d%22%2c%20%22season%22%3a%200%2c%20%22TVshowtitle%22%3a%20%22%22%2c%20%22mediatype%22%3a%20%22movie%22%2c%20%22plot%22%3a%20%22%5bCOLOR%20aqua%5d%20%5cu05e9%5cu05d5%5cu05d3%5cu05e8%20%5cu05d1%5cu05ea%5cu05d0%5cu05e8%5cu05d9%5cu05da%2006-08-2020%5b%2fCOLOR%5d%5cnAfter%20a%20brutal%20virus%20wipes%20out%20most%20of%20the%20population%2c%20two%20young%20siblings%20embark%20on%20a%20perilous%20search%20for%20safety.%20A%20Scandinavian%20thriller%20series.%22%2c%20%22OriginalTitle%22%3a%20%22The%20Rain%22%2c%20%22Tag%22%3a%20%2216%22%2c%20%22year%22%3a%20%222020%22%7d&quot"/>
</include>

<include content="mainscreensessions">
<param name="sessionumber" value="5016"/>
<param name="labelnamethshow" value="גרינליף"/>
<param name="tvhsowsseesioncontent" value="plugin://plugin.video.mando/?all_w=%7b%7d&amp;data=2020&amp;dates=%20&amp;description=%5bCOLOR%20aqua%5d%20%d7%a9%d7%95%d7%93%d7%a8%20%d7%91%d7%aa%d7%90%d7%a8%d7%99%d7%9a%2023-06-2020%5b%2fCOLOR%5d%0aThe%20unscrupulous%20world%20of%20the%20Greenleaf%20family%20and%20their%20sprawling%20Memphis%20megachurch%2c%20where%20scandalous%20secrets%20and%20lies%20are%20as%20numerous%20as%20the%20faithful.%20Born%20of%20the%20church%2c%20the%20Greenleaf%20family%20love%20and%20care%20for%20each%20other%2c%20but%20beneath%20the%20surface%20lies%20a%20den%20of%20iniquity%e2%80%94greed%2c%20adultery%2c%20sibling%20rivalry%20and%20conflicting%20values%e2%80%94that%20threatens%20to%20tear%20apart%20the%20very%20core%20of%20their%20faith%20that%20holds%20them%20together.&amp;eng_name=%20&amp;episode=%20&amp;fanart=https%3a%2f%2fimage.tmdb.org%2ft%2fp%2foriginal%2f%2fxhpELezB7GxS6PEb1nOPAjXici1.jpg&amp;fav_status=false&amp;heb_name=%d7%92%d7%a8%d7%99%d7%a0%d7%9c%d7%99%d7%a3&amp;iconimage=https%3a%2f%2fimage.tmdb.org%2ft%2fp%2foriginal%2f%2fdnKwzDle0E7tHnddW9gbFf44GzH.jpg&amp;id=66830&amp;image_master&amp;isr=0&amp;last_id&amp;mode=19&amp;name=%5bCOLOR%20white%5d%d7%a2%d7%95%d7%a0%d7%94%205%5b%2fCOLOR%5d&amp;original_title=Greenleaf&amp;season=5&amp;show_original_year=2016&amp;tmdbid=306391&amp;url=https%3a%2f%2fapi.themoviedb.org%2f3%2ftv%2f66830%3fapi_key%3d34142515d9d23817496eeb4ff1d223d0%26language%3den%26append_to_response%3dexternal_ids&amp;video_data=%7b%22rating%22%3a%20%220%22%2c%20%22episode%22%3a%200%2c%20%22title%22%3a%20%22%5bCOLOR%20white%5d%5cu05e2%5cu05d5%5cu05e0%5cu05d4%205%5b%2fCOLOR%5d%22%2c%20%22season%22%3a%200%2c%20%22TVshowtitle%22%3a%20%22%22%2c%20%22mediatype%22%3a%20%22movie%22%2c%20%22plot%22%3a%20%22%5bCOLOR%20aqua%5d%20%5cu05e9%5cu05d5%5cu05d3%5cu05e8%20%5cu05d1%5cu05ea%5cu05d0%5cu05e8%5cu05d9%5cu05da%2023-06-2020%5b%2fCOLOR%5d%5cnThe%20unscrupulous%20world%20of%20the%20Greenleaf%20family%20and%20their%20sprawling%20Memphis%20megachurch%2c%20where%20scandalous%20secrets%20and%20lies%20are%20as%20numerous%20as%20the%20faithful.%20Born%20of%20the%20church%2c%20the%20Greenleaf%20family%20love%20and%20care%20for%20each%20other%2c%20but%20beneath%20the%20surface%20lies%20a%20den%20of%20iniquity%5cu2014greed%2c%20adultery%2c%20sibling%20rivalry%20and%20conflicting%20values%5cu2014that%20threatens%20to%20tear%20apart%20the%20very%20core%20of%20their%20faith%20that%20holds%20them%20together.%22%2c%20%22OriginalTitle%22%3a%20%22Greenleaf%22%2c%20%22Tag%22%3a%20%2216%22%2c%20%22year%22%3a%20%222020%22%7d&quot"/>
</include>

<include content="mainscreensessions">
<param name="sessionumber" value="5017"/>
<param name="labelnamethshow" value="בלב האוקיינוס"/>
<param name="tvhsowsseesioncontent" value="plugin://plugin.video.mando/?all_w=%7b%7d&amp;data=2020&amp;dates=%20&amp;description=%5bCOLOR%20aqua%5d%20%d7%a9%d7%95%d7%93%d7%a8%20%d7%91%d7%aa%d7%90%d7%a8%d7%99%d7%9a%2007-08-2020%5b%2fCOLOR%5d%0aTwo%20sisters%20discover%20disturbing%20family%20secrets%20after%20a%20string%20of%20mysterious%20deaths%20occur%20on%20a%20luxury%20ship%20traveling%20from%20Spain%20to%20Brazil%20in%20the%201940s.&amp;eng_name=%20&amp;episode=%20&amp;fanart=https%3a%2f%2fimage.tmdb.org%2ft%2fp%2foriginal%2f%2fvSgn4IeZMiUE7mOgcNaTexPDwcX.jpg&amp;fav_status=false&amp;heb_name=%d7%91%d7%9c%d7%91%20%d7%94%d7%90%d7%95%d7%a7%d7%99%d7%99%d7%a0%d7%95%d7%a1&amp;iconimage=https%3a%2f%2fimage.tmdb.org%2ft%2fp%2foriginal%2f%2f7togbeeVXz4Pu0FJGWDh6DoS7yC.jpg&amp;id=88239&amp;image_master&amp;isr=0&amp;last_id&amp;mode=19&amp;name=%5bCOLOR%20white%5d%d7%a2%d7%95%d7%a0%d7%94%203%5b%2fCOLOR%5d&amp;original_title=High%20Seas&amp;season=3&amp;show_original_year=2019&amp;tmdbid=353568&amp;url=https%3a%2f%2fapi.themoviedb.org%2f3%2ftv%2f88239%3fapi_key%3d34142515d9d23817496eeb4ff1d223d0%26language%3den%26append_to_response%3dexternal_ids&amp;video_data=%7b%22rating%22%3a%20%220%22%2c%20%22episode%22%3a%200%2c%20%22title%22%3a%20%22%5bCOLOR%20white%5d%5cu05e2%5cu05d5%5cu05e0%5cu05d4%203%5b%2fCOLOR%5d%22%2c%20%22season%22%3a%200%2c%20%22TVshowtitle%22%3a%20%22%22%2c%20%22mediatype%22%3a%20%22movie%22%2c%20%22plot%22%3a%20%22%5bCOLOR%20aqua%5d%20%5cu05e9%5cu05d5%5cu05d3%5cu05e8%20%5cu05d1%5cu05ea%5cu05d0%5cu05e8%5cu05d9%5cu05da%2007-08-2020%5b%2fCOLOR%5d%5cnTwo%20sisters%20discover%20disturbing%20family%20secrets%20after%20a%20string%20of%20mysterious%20deaths%20occur%20on%20a%20luxury%20ship%20traveling%20from%20Spain%20to%20Brazil%20in%20the%201940s.%22%2c%20%22OriginalTitle%22%3a%20%22High%20Seas%22%2c%20%22Tag%22%3a%20%2216%22%2c%20%22year%22%3a%20%222020%22%7d&quot"/>
</include>

<include content="mainscreensessions">
<param name="sessionumber" value="5018"/>
<param name="labelnamethshow" value="שלוש אחוז"/>
<param name="tvhsowsseesioncontent" value="plugin://plugin.video.mando/?all_w=%7b%7d&amp;data=2020&amp;dates=%20&amp;description=%5bCOLOR%20aqua%5d%20%d7%a9%d7%95%d7%93%d7%a8%20%d7%91%d7%aa%d7%90%d7%a8%d7%99%d7%9a%2014-08-2020%5b%2fCOLOR%5d%0aIn%20a%20future%20where%20the%20elite%20inhabit%20an%20island%20paradise%20far%20from%20the%20crowded%20slums%2c%20you%20get%20one%20chance%20to%20join%20the%203%25%20saved%20from%20squalor.&amp;eng_name=%20&amp;episode=%20&amp;fanart=https%3a%2f%2fimage.tmdb.org%2ft%2fp%2foriginal%2f%2f4RCJIZMy65KyjOPkNcM22D78u9k.jpg&amp;fav_status=false&amp;heb_name=3%25&amp;iconimage=https%3a%2f%2fimage.tmdb.org%2ft%2fp%2foriginal%2f%2fbOqBR7CYLj2pF6tXwjieN5IY3O.jpg&amp;id=68467&amp;image_master&amp;isr=0&amp;last_id&amp;mode=19&amp;name=%5bCOLOR%20white%5d%d7%a2%d7%95%d7%a0%d7%94%204%5b%2fCOLOR%5d&amp;original_title=3%25&amp;season=4&amp;show_original_year=2016&amp;tmdbid=250749&amp;url=https%3a%2f%2fapi.themoviedb.org%2f3%2ftv%2f68467%3fapi_key%3d34142515d9d23817496eeb4ff1d223d0%26language%3den%26append_to_response%3dexternal_ids&amp;video_data=%7b%22rating%22%3a%20%220%22%2c%20%22episode%22%3a%200%2c%20%22title%22%3a%20%22%5bCOLOR%20white%5d%5cu05e2%5cu05d5%5cu05e0%5cu05d4%204%5b%2fCOLOR%5d%22%2c%20%22season%22%3a%200%2c%20%22TVshowtitle%22%3a%20%22%22%2c%20%22mediatype%22%3a%20%22movie%22%2c%20%22plot%22%3a%20%22%5bCOLOR%20aqua%5d%20%5cu05e9%5cu05d5%5cu05d3%5cu05e8%20%5cu05d1%5cu05ea%5cu05d0%5cu05e8%5cu05d9%5cu05da%2014-08-2020%5b%2fCOLOR%5d%5cnIn%20a%20future%20where%20the%20elite%20inhabit%20an%20island%20paradise%20far%20from%20the%20crowded%20slums%2c%20you%20get%20one%20chance%20to%20join%20the%203%25%20saved%20from%20squalor.%22%2c%20%22OriginalTitle%22%3a%20%223%25%22%2c%20%22Tag%22%3a%20%2216%22%2c%20%22year%22%3a%20%222020%22%7d&quot"/>
</include>

<include content="mainscreensessions">
<param name="sessionumber" value="5019"/>
<param name="labelnamethshow" value="כמעט לעולם לא"/>
<param name="tvhsowsseesioncontent" value="plugin://plugin.video.mando/?all_w=%7b%7d&amp;data=2019&amp;dates=%20&amp;description=%5bCOLOR%20aqua%5d%20%d7%a9%d7%95%d7%93%d7%a8%20%d7%91%d7%aa%d7%90%d7%a8%d7%99%d7%9a%2015-01-2019%5b%2fCOLOR%5d%0aFollow%20the%20ups%20and%20downs%20of%20boy%20band%20The%20Wonderland%20as%20they%20try%20to%20make%20it%2c%20while%20juggling%20friends%2c%20family%2c%20school%20and%20relationships.&amp;eng_name=%20&amp;episode=%20&amp;fanart=https%3a%2f%2fimage.tmdb.org%2ft%2fp%2foriginal%2f%20&amp;fav_status=false&amp;heb_name=Almost%20Never&amp;iconimage=https%3a%2f%2fimage.tmdb.org%2ft%2fp%2foriginal%2f%20&amp;id=97222&amp;image_master&amp;isr=0&amp;last_id&amp;mode=19&amp;name=%5bCOLOR%20white%5d%d7%a2%d7%95%d7%a0%d7%94%201%5b%2fCOLOR%5d&amp;original_title=Almost%20Never&amp;season=1&amp;show_original_year=2019&amp;tmdbid=None&amp;url=https%3a%2f%2fapi.themoviedb.org%2f3%2ftv%2f97222%3fapi_key%3d34142515d9d23817496eeb4ff1d223d0%26language%3den%26append_to_response%3dexternal_ids&amp;video_data=%7b%22rating%22%3a%20%220%22%2c%20%22episode%22%3a%200%2c%20%22title%22%3a%20%22%5bCOLOR%20white%5d%5cu05e2%5cu05d5%5cu05e0%5cu05d4%201%5b%2fCOLOR%5d%22%2c%20%22season%22%3a%200%2c%20%22TVshowtitle%22%3a%20%22%22%2c%20%22mediatype%22%3a%20%22movie%22%2c%20%22plot%22%3a%20%22%5bCOLOR%20aqua%5d%20%5cu05e9%5cu05d5%5cu05d3%5cu05e8%20%5cu05d1%5cu05ea%5cu05d0%5cu05e8%5cu05d9%5cu05da%2015-01-2019%5b%2fCOLOR%5d%5cnFollow%20the%20ups%20and%20downs%20of%20boy%20band%20The%20Wonderland%20as%20they%20try%20to%20make%20it%2c%20while%20juggling%20friends%2c%20family%2c%20school%20and%20relationships.%22%2c%20%22OriginalTitle%22%3a%20%22Almost%20Never%22%2c%20%22Tag%22%3a%20%2216%22%2c%20%22year%22%3a%20%222019%22%7d&quot"/>
</include>

<include content="mainscreensessions">
<param name="sessionumber" value="5020"/>
<param name="labelnamethshow" value="דראגאמונז"/>
<param name="tvhsowsseesioncontent" value="plugin://plugin.video.sdarot.tv/season/5746/1/%D7%93%D7%A8%D7%90%D7%92%D7%90%D7%9E%D7%95%D7%A0%D7%96+%2A%D7%9E%D7%93%D7%95%D7%91%D7%91%2A/Dragamonz&quot"/>
</include>

<include content="mainscreensessions">
<param name="sessionumber" value="5021"/>
<param name="labelnamethshow" value="דורג ואן דנגו"/>
<param name="tvhsowsseesioncontent" value="plugin://plugin.video.sdarot.tv/season/5743/1/%D7%93%D7%95%D7%A8%D7%92+%D7%95%D7%90%D7%9F+%D7%93%D7%A0%D7%92%D7%95+%2A%D7%9E%D7%93%D7%95%D7%91%D7%91%2A/Dorg+Van+Dango&quot"/>
</include>

<include content="mainscreensessions">
<param name="sessionumber" value="5022"/>
<param name="labelnamethshow" value="התיק של אולי"/>
<param name="tvhsowsseesioncontent" value="plugin://plugin.video.mando/?all_w=%7b%7d&amp;data=2020&amp;dates=%20&amp;description=%5bCOLOR%20aqua%5d%20%d7%a9%d7%95%d7%93%d7%a8%20%d7%91%d7%aa%d7%90%d7%a8%d7%99%d7%9a%2006-04-2020%5b%2fCOLOR%5d%0a13-year%20old%20Ollie%2c%20with%20the%20help%20of%20his%20best%20buddies%20Cleo%20and%20Bernie%20and%20monster%20trainer%20Captain%20Wowski%2c%20protects%20and%20controls%20a%20backpack%20portal%20to%20the%20world%20of%20monsters.&amp;eng_name=%20&amp;episode=%20&amp;fanart=https%3a%2f%2fimage.tmdb.org%2ft%2fp%2foriginal%2f%2fpwnfuLuOgb7Tg6yfgQAlVlfZG7D.jpg&amp;fav_status=false&amp;heb_name=Ollie%27s%20Pack&amp;iconimage=https%3a%2f%2fimage.tmdb.org%2ft%2fp%2foriginal%2f%2fvHVIL1zKmB2qY2TqcuaxwUFqdqO.jpg&amp;id=100796&amp;image_master&amp;isr=0&amp;last_id&amp;mode=19&amp;name=%5bCOLOR%20white%5d%d7%a2%d7%95%d7%a0%d7%94%201%5b%2fCOLOR%5d&amp;original_title=Ollie%27s%20Pack&amp;season=1&amp;show_original_year=2020&amp;tmdbid=378757&amp;url=https%3a%2f%2fapi.themoviedb.org%2f3%2ftv%2f100796%3fapi_key%3d34142515d9d23817496eeb4ff1d223d0%26language%3den%26append_to_response%3dexternal_ids&amp;video_data=%7b%22rating%22%3a%20%220%22%2c%20%22episode%22%3a%200%2c%20%22title%22%3a%20%22%5bCOLOR%20white%5d%5cu05e2%5cu05d5%5cu05e0%5cu05d4%201%5b%2fCOLOR%5d%22%2c%20%22season%22%3a%200%2c%20%22TVshowtitle%22%3a%20%22%22%2c%20%22mediatype%22%3a%20%22movie%22%2c%20%22plot%22%3a%20%22%5bCOLOR%20aqua%5d%20%5cu05e9%5cu05d5%5cu05d3%5cu05e8%20%5cu05d1%5cu05ea%5cu05d0%5cu05e8%5cu05d9%5cu05da%2006-04-2020%5b%2fCOLOR%5d%5cn13-year%20old%20Ollie%2c%20with%20the%20help%20of%20his%20best%20buddies%20Cleo%20and%20Bernie%20and%20monster%20trainer%20Captain%20Wowski%2c%20protects%20and%20controls%20a%20backpack%20portal%20to%20the%20world%20of%20monsters.%22%2c%20%22OriginalTitle%22%3a%20%22Ollie%27s%20Pack%22%2c%20%22Tag%22%3a%20%2216%22%2c%20%22year%22%3a%20%222020%22%7d&quot"/>
</include>

<include content="mainscreensessions">
<param name="sessionumber" value="5023"/>
<param name="labelnamethshow" value="הארט לחיות"/>
<param name="tvhsowsseesioncontent" value="plugin://plugin.video.mando/?all_w=%7b%7d&amp;data=2020&amp;dates=%20&amp;description=%5bCOLOR%20aqua%5d%20%d7%a9%d7%95%d7%93%d7%a8%20%d7%91%d7%aa%d7%90%d7%a8%d7%99%d7%9a%2020-07-2020%5b%2fCOLOR%5d%0aTired%20of%20being%20the%20comedic%20sidekick%2c%20Kevin%20Hart%20gets%20his%20wish%20when%20a%20famous%20director%20offers%20him%20his%20dream%20%e2%80%93%20to%20be%20a%20leading%20man%20action%20star%20%e2%80%93%20but%20there%e2%80%99s%20a%20catch%3a%20Kevin%20must%20first%20train%20at%20the%20world%e2%80%99s%20greatest%20action%20star%20school%2c%20run%20by%20a%20lunatic.&amp;eng_name=%20&amp;episode=%20&amp;fanart=https%3a%2f%2fimage.tmdb.org%2ft%2fp%2foriginal%2f%2fkkOpA6yu9Hj2AwNiYKqoBMqUCMK.jpg&amp;fav_status=false&amp;heb_name=%d7%94%d7%90%d7%a8%d7%98%20%d7%9c%d7%97%d7%99%d7%95%d7%aa&amp;iconimage=https%3a%2f%2fimage.tmdb.org%2ft%2fp%2foriginal%2f%2flyRnZamD1uDDX85MAwTa1KTBRAA.jpg&amp;id=99072&amp;image_master&amp;isr=0&amp;last_id&amp;mode=19&amp;name=%5bCOLOR%20white%5d%d7%a2%d7%95%d7%a0%d7%94%201%5b%2fCOLOR%5d&amp;original_title=Die%20Hart&amp;season=1&amp;show_original_year=2020&amp;tmdbid=377298&amp;url=https%3a%2f%2fapi.themoviedb.org%2f3%2ftv%2f99072%3fapi_key%3d34142515d9d23817496eeb4ff1d223d0%26language%3den%26append_to_response%3dexternal_ids&amp;video_data=%7b%22rating%22%3a%20%220%22%2c%20%22episode%22%3a%200%2c%20%22title%22%3a%20%22%5bCOLOR%20white%5d%5cu05e2%5cu05d5%5cu05e0%5cu05d4%201%5b%2fCOLOR%5d%22%2c%20%22season%22%3a%200%2c%20%22TVshowtitle%22%3a%20%22%22%2c%20%22mediatype%22%3a%20%22movie%22%2c%20%22plot%22%3a%20%22%5bCOLOR%20aqua%5d%20%5cu05e9%5cu05d5%5cu05d3%5cu05e8%20%5cu05d1%5cu05ea%5cu05d0%5cu05e8%5cu05d9%5cu05da%2020-07-2020%5b%2fCOLOR%5d%5cnTired%20of%20being%20the%20comedic%20sidekick%2c%20Kevin%20Hart%20gets%20his%20wish%20when%20a%20famous%20director%20offers%20him%20his%20dream%20%5cu2013%20to%20be%20a%20leading%20man%20action%20star%20%5cu2013%20but%20there%5cu2019s%20a%20catch%3a%20Kevin%20must%20first%20train%20at%20the%20world%5cu2019s%20greatest%20action%20star%20school%2c%20run%20by%20a%20lunatic.%22%2c%20%22OriginalTitle%22%3a%20%22Die%20Hart%22%2c%20%22Tag%22%3a%20%2216%22%2c%20%22year%22%3a%20%222020%22%7d&quot"/>
</include>

<include content="mainscreensessions">
<param name="sessionumber" value="5025"/>
<param name="labelnamethshow" value="הרחק"/>
<param name="tvhsowsseesioncontent" value="plugin://plugin.video.sdarot.tv/season/5749/1/%D7%94%D7%A8%D7%97%D7%A7/Away&quot"/>
</include>

<include content="mainscreensessions">
<param name="sessionumber" value="5026"/>
<param name="labelnamethshow" value="טיילר פרי מציג דילן הצעיר"/>
<param name="tvhsowsseesioncontent" value="plugin://plugin.video.mando/?all_w=%7b%7d&amp;data=2020&amp;dates=%20&amp;description=%5bCOLOR%20aqua%5d%20%d7%a9%d7%95%d7%93%d7%a8%20%d7%91%d7%aa%d7%90%d7%a8%d7%99%d7%9a%2029-02-2020%5b%2fCOLOR%5d%0aYoung%20Dylan%e2%80%99s%20grandmother%20decides%20to%20send%20him%20to%20live%20indefinitely%20with%20her%20affluent%20son%e2%80%99s%20family.%20The%20Wilson%20family%20household%20is%20soon%20turned%20upside%20down%20as%20lifestyles%20clash%20between%20aspiring%20hip%20hop%20star%20and%20his%20straight-laced%20cousins.&amp;eng_name=%20&amp;episode=%20&amp;fanart=https%3a%2f%2fimage.tmdb.org%2ft%2fp%2foriginal%2f%2fvhQffuCmvj9LGl5ZaEdt90VjfcM.jpg&amp;fav_status=false&amp;heb_name=Tyler%20Perry%27s%20Young%20Dylan&amp;iconimage=https%3a%2f%2fimage.tmdb.org%2ft%2fp%2foriginal%2f%2fgch0Y3uJTsHhbEgMdmpDx9Wippc.jpg&amp;id=99486&amp;image_master&amp;isr=0&amp;last_id&amp;mode=19&amp;name=%5bCOLOR%20white%5d%d7%a2%d7%95%d7%a0%d7%94%201%5b%2fCOLOR%5d&amp;original_title=Tyler%20Perry%27s%20Young%20Dylan&amp;season=1&amp;show_original_year=2020&amp;tmdbid=377185&amp;url=https%3a%2f%2fapi.themoviedb.org%2f3%2ftv%2f99486%3fapi_key%3d34142515d9d23817496eeb4ff1d223d0%26language%3den%26append_to_response%3dexternal_ids&amp;video_data=%7b%22rating%22%3a%20%220%22%2c%20%22episode%22%3a%200%2c%20%22title%22%3a%20%22%5bCOLOR%20white%5d%5cu05e2%5cu05d5%5cu05e0%5cu05d4%201%5b%2fCOLOR%5d%22%2c%20%22season%22%3a%200%2c%20%22TVshowtitle%22%3a%20%22%22%2c%20%22mediatype%22%3a%20%22movie%22%2c%20%22plot%22%3a%20%22%5bCOLOR%20aqua%5d%20%5cu05e9%5cu05d5%5cu05d3%5cu05e8%20%5cu05d1%5cu05ea%5cu05d0%5cu05e8%5cu05d9%5cu05da%2029-02-2020%5b%2fCOLOR%5d%5cnYoung%20Dylan%5cu2019s%20grandmother%20decides%20to%20send%20him%20to%20live%20indefinitely%20with%20her%20affluent%20son%5cu2019s%20family.%20The%20Wilson%20family%20household%20is%20soon%20turned%20upside%20down%20as%20lifestyles%20clash%20between%20aspiring%20hip%20hop%20star%20and%20his%20straight-laced%20cousins.%22%2c%20%22OriginalTitle%22%3a%20%22Tyler%20Perry%27s%20Young%20Dylan%22%2c%20%22Tag%22%3a%20%2216%22%2c%20%22year%22%3a%20%222020%22%7d&quot"/>
</include>

<include content="mainscreensessions">
<param name="sessionumber" value="5027"/>
<param name="labelnamethshow" value="ולאנדר הצעיר"/>
<param name="tvhsowsseesioncontent" value="plugin://plugin.video.mando/?all_w=%7b%7d&amp;data=2020&amp;dates=%20&amp;description=%5bCOLOR%20aqua%5d%20Aired%20At%2003-09-2020%5b%2fCOLOR%5d%0aAn%20incendiary%20hate%20crime%20stirs%20civil%20unrest%2c%20fast-tracking%20rookie%20cop%20Kurt%20Wallander%20to%20detective%20in%20this%20origin%20story%20for%20the%20popular%20character.&amp;eng_name=%20&amp;episode=%20&amp;fanart=https%3a%2f%2fimage.tmdb.org%2ft%2fp%2foriginal%2f%2fm4mmx1gInl6qUVKIIuYQiz0NuA3.jpg&amp;fav_status=false&amp;heb_name=%d7%95%d7%9c%d7%90%d7%a0%d7%93%d7%a8%20%d7%94%d7%a6%d7%a2%d7%99%d7%a8&amp;iconimage=https%3a%2f%2fimage.tmdb.org%2ft%2fp%2foriginal%2f%2f8UhkwuaDFDarOO1GffY6XX6ZilP.jpg&amp;id=91545&amp;image_master&amp;isr=0&amp;last_id&amp;mode=19&amp;name=%5bCOLOR%20white%5dSeason%201%5b%2fCOLOR%5d&amp;original_title=Young%20Wallander&amp;season=1&amp;show_original_year=2020&amp;tmdbid=369515&amp;url=https%3a%2f%2fapi.themoviedb.org%2f3%2ftv%2f91545%3fapi_key%3d34142515d9d23817496eeb4ff1d223d0%26language%3den%26append_to_response%3dexternal_ids&amp;video_data=%7b%22rating%22%3a%20%220%22%2c%20%22episode%22%3a%200%2c%20%22title%22%3a%20%22%5bCOLOR%20white%5dSeason%201%5b%2fCOLOR%5d%22%2c%20%22season%22%3a%200%2c%20%22TVshowtitle%22%3a%20%22%22%2c%20%22mediatype%22%3a%20%22movie%22%2c%20%22plot%22%3a%20%22%5bCOLOR%20aqua%5d%20Aired%20At%2003-09-2020%5b%2fCOLOR%5d%5cnAn%20incendiary%20hate%20crime%20stirs%20civil%20unrest%2c%20fast-tracking%20rookie%20cop%20Kurt%20Wallander%20to%20detective%20in%20this%20origin%20story%20for%20the%20popular%20character.%22%2c%20%22OriginalTitle%22%3a%20%22Young%20Wallander%22%2c%20%22Tag%22%3a%20%2216%22%2c%20%22year%22%3a%20%222020%22%7d&quot"/>
</include>

<include content="mainscreensessions">
<param name="sessionumber" value="5028"/>
<param name="labelnamethshow" value="שולחן השף על הגריל"/>
<param name="tvhsowsseesioncontent" value="plugin://plugin.video.mando/?all_w=%7b%7d&amp;data=2020&amp;dates=%20&amp;description=%5bCOLOR%20aqua%5d%20Aired%20At%2002-09-2020%5b%2fCOLOR%5d%0aThe%20Emmy-nominated%20series%20delves%20into%20the%20juicy%2c%20smoky%20world%20of%20barbecue%2c%20visiting%20acclaimed%20chefs%20and%20pitmasters%20in%20the%20US%2c%20Australia%20and%20Mexico.&amp;eng_name=%20&amp;episode=%20&amp;fanart=https%3a%2f%2fimage.tmdb.org%2ft%2fp%2foriginal%2f%2f2A6I9hal9sDKhP8cu5W4WvgewoQ.jpg&amp;fav_status=false&amp;heb_name=%d7%a9%d7%95%d7%9c%d7%97%d7%9f%20%d7%94%d7%a9%d7%a3%3a%20%d7%a2%d7%9c%20%d7%94%d7%92%d7%a8%d7%99%d7%9c&amp;iconimage=https%3a%2f%2fimage.tmdb.org%2ft%2fp%2foriginal%2f%2fdCOAKGHVKPgpLZNrkiqgcRxkSmZ.jpg&amp;id=107671&amp;image_master&amp;isr=0&amp;last_id&amp;mode=19&amp;name=%5bCOLOR%20white%5dSeason%201%5b%2fCOLOR%5d&amp;original_title=Chef%27s%20Table%3a%20BBQ&amp;season=1&amp;show_original_year=2020&amp;tmdbid=387005&amp;url=https%3a%2f%2fapi.themoviedb.org%2f3%2ftv%2f107671%3fapi_key%3d34142515d9d23817496eeb4ff1d223d0%26language%3den%26append_to_response%3dexternal_ids&amp;video_data=%7b%22rating%22%3a%20%220%22%2c%20%22episode%22%3a%200%2c%20%22title%22%3a%20%22%5bCOLOR%20white%5dSeason%201%5b%2fCOLOR%5d%22%2c%20%22season%22%3a%200%2c%20%22TVshowtitle%22%3a%20%22%22%2c%20%22mediatype%22%3a%20%22movie%22%2c%20%22plot%22%3a%20%22%5bCOLOR%20aqua%5d%20Aired%20At%2002-09-2020%5b%2fCOLOR%5d%5cnThe%20Emmy-nominated%20series%20delves%20into%20the%20juicy%2c%20smoky%20world%20of%20barbecue%2c%20visiting%20acclaimed%20chefs%20and%20pitmasters%20in%20the%20US%2c%20Australia%20and%20Mexico.%22%2c%20%22OriginalTitle%22%3a%20%22Chef%27s%20Table%3a%20BBQ%22%2c%20%22Tag%22%3a%20%2216%22%2c%20%22year%22%3a%20%222020%22%7d&quot"/>
</include>

<include content="mainscreensessions">
<param name="sessionumber" value="5029"/>
<param name="labelnamethshow" value="הבנים"/>
<param name="tvhsowsseesioncontent" value="plugin://plugin.video.mando/?all_w=%7b%7d&amp;data=2020&amp;dates=%20&amp;description=%5bCOLOR%20aqua%5d%20%d7%a9%d7%95%d7%93%d7%a8%20%d7%91%d7%aa%d7%90%d7%a8%d7%99%d7%9a%2004-09-2020%5b%2fCOLOR%5d%0aA%20group%20of%20vigilantes%20known%20informally%20as%20%e2%80%9cThe%20Boys%e2%80%9d%20set%20out%20to%20take%20down%20corrupt%20superheroes%20with%20no%20more%20than%20blue-collar%20grit%20and%20a%20willingness%20to%20fight%20dirty.&amp;eng_name=%20&amp;episode=%20&amp;fanart=https%3a%2f%2fimage.tmdb.org%2ft%2fp%2foriginal%2f%2fmGVrXeIjyecj6TKmwPVpHlscEmw.jpg&amp;fav_status=false&amp;heb_name=%d7%94%d7%91%d7%a0%d7%99%d7%9d&amp;iconimage=https%3a%2f%2fimage.tmdb.org%2ft%2fp%2foriginal%2f%2fmY7SeH4HFFxW1hiI6cWuwCRKptN.jpg&amp;id=76479&amp;image_master&amp;isr=0&amp;last_id&amp;mode=19&amp;name=%5bCOLOR%20white%5d%d7%a2%d7%95%d7%a0%d7%94%202%5b%2fCOLOR%5d&amp;original_title=The%20Boys&amp;season=2&amp;show_original_year=2019&amp;tmdbid=355567&amp;url=https%3a%2f%2fapi.themoviedb.org%2f3%2ftv%2f76479%3fapi_key%3d34142515d9d23817496eeb4ff1d223d0%26language%3den%26append_to_response%3dexternal_ids&amp;video_data=%7b%22rating%22%3a%20%220%22%2c%20%22episode%22%3a%200%2c%20%22title%22%3a%20%22%5bCOLOR%20white%5d%5cu05e2%5cu05d5%5cu05e0%5cu05d4%202%5b%2fCOLOR%5d%22%2c%20%22season%22%3a%200%2c%20%22TVshowtitle%22%3a%20%22%22%2c%20%22mediatype%22%3a%20%22movie%22%2c%20%22plot%22%3a%20%22%5bCOLOR%20aqua%5d%20%5cu05e9%5cu05d5%5cu05d3%5cu05e8%20%5cu05d1%5cu05ea%5cu05d0%5cu05e8%5cu05d9%5cu05da%2004-09-2020%5b%2fCOLOR%5d%5cnA%20group%20of%20vigilantes%20known%20informally%20as%20%5cu201cThe%20Boys%5cu201d%20set%20out%20to%20take%20down%20corrupt%20superheroes%20with%20no%20more%20than%20blue-collar%20grit%20and%20a%20willingness%20to%20fight%20dirty.%22%2c%20%22OriginalTitle%22%3a%20%22The%20Boys%22%2c%20%22Tag%22%3a%20%2216%22%2c%20%22year%22%3a%20%222020%22%7d&quot"/>
</include>

</control>
</include>
 
 

<include name="tvshowsmainscreen">
<definition>
<control type="group">
<posy>340</posy>
<animation effect="fade" time="450">VisibleChange</animation>
<control type="image">
<posx>0</posx>
<posy>0</posy>
<width>1920</width>
<height>330</height>
<texture>black.png</texture>
<colordiffuse>77000000</colordiffuse>
</control>
<control type="image">
<posx>0</posx>
<posy>330</posy>
<width>1920</width>
<height>1</height>
<texture colordiffuse="gray">white.png</texture>
</control>
<control type="image">
<posx>0</posx>
<posy>0</posy>
<width>1920</width>
<height>1</height>
<texture colordiffuse="gray">white.png</texture>
</control>
<control type="list" id="$PARAM[tvshowstringid]">
<posx>5</posx>
<posy>5</posy>
<width>1200</width>
<onback>9000</onback>
<preloaditems>2</preloaditems>
<onclick>Control.SetFocus(1146)</onclick>
<ondown>Control.SetFocus(1146)</ondown>
<scrolltime tween="sine" easing="inout">350</scrolltime>
<orientation>horizontal</orientation>
<itemlayout width="230" height="40">
<control type="image">
<posx>0</posx>
<posy>0</posy>
<width>220</width>
<height>320</height>
<texture>$VAR[imageglobal]</texture>
</control>
</itemlayout>
<focusedlayout width="230" height="40">
<control type="image">
<visible>Control.HasFocus($PARAM[tvshowstringid])</visible>
<posx>0</posx>
<posy>0</posy>
<width>220</width>
<height>320</height>
<bordertexture colordiffuse="deepskyblue">white.png</bordertexture>
<bordersize>6</bordersize>
<texture>$VAR[imageglobal]</texture>
</control>
<control type="image">
<visible>!Control.HasFocus($PARAM[tvshowstringid])</visible>
<posx>0</posx>
<posy>0</posy>
<width>220</width>
<height>320</height>
<texture>$VAR[imageglobal]</texture>
</control>
</focusedlayout>
<content sortby="random" sortorder="random">$PARAM[tvshowscontennt]</content>
</control>
<control type="image">
<posx>1170</posx>
<posy>5</posy>
<width>785</width>
<height>325</height>
<texture>special://skin/extras/common/context_middle.png</texture>
</control>
<control type="group">
<control type="label">
<posx>1915</posx>
<posy>40</posy>
<width>1000</width>
<height>120</height>
<align>right</align>
<font>font-21-newrecommnded</font>
<label>$INFO[Container($PARAM[tvshowstringid]).ListItem.Label]</label>
</control>
<control type="grouplist">
<posx>1120</posx>
<posy>100</posy>
<width>1920</width>
<height>400</height>
<orientation>vertical</orientation>
<itemgap>40</itemgap>
<control type="group">
<visible>!IsEmpty(Container($PARAM[tvshowstringid]).ListItem.Year)</visible>
<width>800</width>
<control type="label">
<posx>0</posx>
<posy>0</posy>
<height>40</height>
<align>right</align>
<label>[COLOR gray]$INFO[Container($PARAM[tvshowstringid]).ListItem.Year][/COLOR] [COLOR white] שנה: [/COLOR]</label>
</control>
</control>
<control type="label">
<visible>!IsEmpty(Container($PARAM[tvshowstringid]).ListItem.Genre)</visible>
<posx>0</posx>
<posy>0</posy>
<height>40</height>
<width>800</width>
<align>right</align>
<label>[COLOR gray]$INFO[Container($PARAM[tvshowstringid]).ListItem.Genre][/COLOR] [COLOR white] סגנון: [/COLOR]</label>
</control>
</control>
<control type="grouplist">
<posx>1120</posx>
<posy>130</posy>
<width>1920</width>
<height>400</height>
<orientation>vertical</orientation>
<itemgap>40</itemgap>
</control>
<control type="textbox">
<autoscroll fade="3000" time="3000" repeat="3000"></autoscroll>
<posx>1215</posx>
<posy>200</posy>
<width>700</width>
<height>125</height>
<align>right</align>
<label>$INFO[Container($PARAM[tvshowstringid]).ListItem.Plot]</label>
</control>
</control>
</control>
</definition>
</include>

<include name="mainscreensessions">
<definition>
<control type="group">
<visible>String.Contains(Container(7765).ListItem.Label,$PARAM[labelnamethshow])</visible>
<animation condition="Window.IsActive(6100) | Window.IsActive(6099) | Control.HasFocus(3495)" effect="fade" start="100" end="0" time="50">Conditional</animation>
<control type="button" id="1146">
<posx>0</posx>
<posy>0</posy>
<width>1</width>
<height>1</height>
<label>-</label>
<onfocus>Control.SetFocus($PARAM[sessionumber])</onfocus>
</control>

<control type="grouplist">
<posx>1170</posx>
<posy>335</posy>
<width>800</width>
<height>50</height>
<orientation>horizontal</orientation>
<itemgap>15</itemgap>
<control type="group">
<width>180</width>
<control type="image">
<posx>0</posx>
<posy>5</posy>
<width>1</width>
<height>35</height>
<texture>special://skin/extras/info/upright.png</texture>
</control>
<control type="label">
<posx>40</posx>
<posy>5</posy>
<height>40</height>
<align>center</align>
<label>[COLOR gray]$INFO[Container($PARAM[sessionumber]).ListItem.Season][/COLOR] [COLOR white] עונה: [/COLOR]</label>
</control>
</control>
<control type="group">
<width>180</width>
<control type="image">
<posx>0</posx>
<posy>10</posy>
<width>1</width>
<height>35</height>
<texture>special://skin/extras/info/upright.png</texture>
</control>
<control type="label">
<posx>0</posx>
<posy>5</posy>
<height>40</height>
<align>center</align>
<label>[COLOR gray]$INFO[Container($PARAM[sessionumber]).ListItem.Episode][/COLOR] [COLOR white] פרק: [/COLOR]</label>
</control>
</control>
<control type="group">
<width>180</width>
<control type="image">
<posx>0</posx>
<posy>10</posy>
<width>1</width>
<height>35</height>
<texture>special://skin/extras/info/upright.png</texture>
</control>
<control type="label">
<posx>0</posx>
<posy>5</posy>
<height>40</height>
<align>center</align>
<label>[COLOR gray]$INFO[Container($PARAM[sessionumber]).NumItems][/COLOR] [COLOR white] פרקים: [/COLOR]</label>
</control>
</control>
<control type="group">
<visible>String.IsEqual(Container(7765).ListItem.Year,2020)</visible>
<width>180</width>
<control type="image">
<posx>0</posx>
<posy>10</posy>
<width>1</width>
<height>35</height>
<texture>special://skin/extras/info/upright.png</texture>
</control>
<control type="label">
<posx>-10</posx>
<posy>5</posy>
<height>40</height>
<align>center</align>
<label>[COLOR deepskyblue]סדרה חדשה[/COLOR]</label>
</control>
</control>
<control type="group">
<visible>!String.IsEqual(Container(7765).ListItem.Year,2020)</visible>
<width>180</width>
<control type="image">
<posx>0</posx>
<posy>10</posy>
<width>1</width>
<height>35</height>
<texture>special://skin/extras/info/upright.png</texture>
</control>
<control type="label">
<posx>-10</posx>
<posy>5</posy>
<height>40</height>
<align>center</align>
<label>[COLOR deepskyblue]עונה חדשה[/COLOR]</label>
</control>
</control>
</control>


<control type="group">
<visible>Control.HasFocus($PARAM[sessionumber])</visible>
<control type="image">
<posx>1170</posx>
<posy>375</posy>
<width>800</width>
<height>290</height>
<texture>special://skin/extras/common/context_middle.png</texture>
</control>
<control type="image">
<posx>1170</posx>
<posy>375</posy>
<width>800</width>
<height>290</height>
<texture>special://skin/extras/common/context_middle.png</texture>
</control>
<control type="label">
<posx>1915</posx>
<posy>380</posy>
<width>1000</width>
<height>120</height>
<align>right</align>
<font>font-21-newrecommnded</font>
<label>$INFO[Container($PARAM[sessionumber]).ListItem.Label]</label>
</control>
<control type="textbox">
<autoscroll fade="3000" time="3000" repeat="3000"></autoscroll>
<posx>1215</posx>
<posy>480</posy>
<width>700</width>
<height>155</height>
<align>right</align>
<label>$INFO[Container($PARAM[sessionumber]).ListItem.Plot]</label>
</control>
</control>

<control type="group">
<visible>![Player.HasAudio | Player.HasVideo | Control.HasFocus(9001)]</visible>
<control type="image">
<posx>0</posx>
<posy>671</posy>
<width>1920</width>
<height>40</height>
<bordertexture colordiffuse="gray">white.png</bordertexture>
<bordersize>2</bordersize>
<texture colordiffuse="black">white.png</texture>
</control>

<control type="list" id="$PARAM[sessionumber]">
<posx>0</posx>
<posy>670</posy>
<width>1920</width>
<height>100</height>
<onup>7765</onup>
<onback>7765</onback>
<orientation>horizontal</orientation>
<itemlayout width="320" height="40">
<control type="label">
<posx>0</posx>
<posy>0</posy>
<width>250</width>
<height>40</height>
<align>center</align>
<label>$INFO[ListItem.Label]</label>
</control>
</itemlayout>
<focusedlayout width="320" height="40">
<control type="label">
<visible>!control.hasfocus($PARAM[sessionumber])</visible>
<posx>0</posx>
<posy>0</posy>
<width>250</width>
<height>40</height>
<align>center</align>
<label>$INFO[ListItem.Label]</label>
</control>
<control type="label">
<visible>control.hasfocus($PARAM[sessionumber])</visible>
<posx>0</posx>
<posy>0</posy>
<width>250</width>
<height>40</height>
<align>center</align>
<label>[B]$INFO[ListItem.Label][/B]</label>
</control>
</focusedlayout>
<content>$PARAM[tvhsowsseesioncontent]</content>
</control>
</control>
</control>


</definition>
</include>


</includes>
