<?xml version="1.0" encoding="UTF-8"?>


<includes>


<include name="home_main_menu">
			<control type="group">
			<control type="wraplist" id="9000">
			<posx>5</posx>
			<posy>840</posy>
			<width>2050</width>
			<height>1000</height>
			<onback>9001</onback>
			<onup>Control.SetFocus(9008)</onup>
			<onclick>Control.SetFocus(9008)</onclick>
			<focusposition>2</focusposition>
			<orientation>horizontal</orientation>
			<scrolltime tween="sine" easing="inout">750</scrolltime>
			<itemlayout width="385" height="200">
			
			<control type="multiimage">
			<posx>0</posx>
			<posy>30</posy>
			<width>370</width>
			<height>220</height>
			<imagepath>$INFO[ListItem.Thumb]</imagepath>
			</control>
			<control type="textbox">
			<posx>5</posx>
			<posy>20</posy>
			<width>235</width>
			<height>120</height>
			<align>center</align>
			<font>font-21-newrecommnded</font>
			<label>$INFO[ListItem.Label]</label>
			</control>
			</itemlayout>
			<focusedlayout width="385" height="200">
			<control type="multiimage">
			<animation effect="zoom" center="auto" start="100,100" end="115,115" time="450">Focus</animation>
			<posx>0</posx>
			<posy>30</posy>
			<width>370</width>
			<height>220</height>
			<imagepath>$INFO[ListItem.Thumb]</imagepath>
			</control>
			<control type="textbox">
			<animation effect="zoom" center="auto" start="100,100" end="105,105" time="50">Focus</animation>
			<posx>5</posx>
			<posy>20</posy>
			<width>235</width>
			<height>150</height>
			<align>center</align>
			<font>font-21-newrecommnded</font>
			<label>$INFO[ListItem.Label]</label>
			</control>
			</focusedlayout>
			<content>
			<include>skinshortcuts-mainmenu</include>
			</content>
		</control>
		</control>
			
			

</include>


<include name="submainmenu">
			
			
			<control type="wraplist" id="9008">
			<animation condition="Player.HasAudio | Player.HasVideo" effect="slide" start="0,0" end="0,40" time="350" tween="sine" easing="inout">Conditional</animation>
				<orientation>horizontal</orientation>
				<posx>-5</posx>
				<width>1355</width>
				<posy>730</posy>
				<height>150</height>
				<onleft>9202</onleft>
				<onback>9000</onback>
				<ondown>9000</ondown>
				<onup condition="String.Contains(Container(9008).ListItem.Label,סדרות TV)">Control.SetFocus(9318)</onup>
				<onup condition="String.Contains(Container(9008).ListItem.Label,סדרות לפי זא'נרים)">Control.SetFocus(8823)</onup>
				<focusposition>2</focusposition>
				<scrolltime tween="sine" easing="inout">550</scrolltime>
				<!-- <onup condition="Player.HasAudio | Player.HasVideo">9003</onup> -->

				<itemlayout width="270" height="100">
				<control type="image">
				<posx>0</posx>
				<posy>0</posy>
				<width>280</width>
				<height>45</height>
				<texture colordiffuse="black" diffuse="glass.jpg" background="true" border="15,2,15,2">main/tab.png</texture>
				<bordertexture colordiffuse="white" border="15,2,15,2">main/tab_stroke.png</bordertexture>
				<bordersize>1,0,1,1</bordersize>
			</control> 
					<control type="label">
						<posx>0</posx>
						<posy>0</posy>
						<height>40</height>
						<width>280</width>
						<label>$INFO[ListItem.Label]</label>
						<align>center</align>
						<font>font-21</font>
						<textcolor>$VAR[menu_icon_color_nf]</textcolor>
					</control>
				</itemlayout>
				<focusedlayout width="270" height="100">
				<control type="image">
				<animation effect="zoom" center="auto" start="100,100" end="100,180" time="120">Focus</animation>
				<posx>0</posx>
				<posy>0</posy>
				<width>280</width>
				<height>45</height>
				<texture colordiffuse="black" diffuse="glass.jpg" background="true" border="15,2,15,2">main/tab.png</texture>
				<bordertexture colordiffuse="burlywood" border="15,2,15,2">main/tab_stroke.png</bordertexture>
				<bordersize>1,0,1,1</bordersize>
			</control> 
					<control type="label">
					<animation effect="slide" start="0,0" end="0,10" time="150" tween="sine" easing="inout">Focus</animation>
						<posx>0</posx>
						<posy>0</posy>
						<height>40</height>
						<width>280</width>
						<label>$INFO[ListItem.Label]</label>
						<align>center</align>
						<font>font-21</font>
						<textcolor>white</textcolor>
					</control>

				</focusedlayout>
				<content>
					<include>skinshortcuts-submenu</include>
				</content>
			</control>
			</include>

<include name="baseofallbuildinfo">
<definition>
<control type="group">
<control type="label">
<posx>1330</posx>
<posy>300</posy>
<width>800</width>
<align>right</align>
<font>font-21-newrecommnded</font>
<label>[I]$INFO[Container($PARAM[globallabel]).ListItem.Label][/I]</label>
</control>

<control type="image">
<animation effect="fade" time="350">VisibleChange</animation>
<posx>5</posx>
<posy>285</posy>
<width>320</width>
<height>440</height>
<fadetime>350</fadetime>
<texture fallback="special://skin/extras/fallbacks/videodefault.jpg">$INFO[Container($PARAM[globallabel]).ListItem.Thumb]</texture>
</control>
<control type="label">
<animation effect="fade" time="350">VisibleChange</animation>
<posx>1330</posx>
<posy>370</posy>
<width>800</width>
<align>right</align>
<font>font-21-newrecommnded</font>
<label>[I]$INFO[Container($PARAM[globallabel]).ListItem.Year][/I]</label>
</control>
<control type="label">
<animation effect="fade" time="350">VisibleChange</animation>
<posx>1330</posx>
<posy>450</posy>
<width>800</width>
<align>right</align>
<textcolor>gray</textcolor>
<label>[I]$INFO[Container($PARAM[globallabel]).ListItem.Genre][/I]</label>
</control>
<control type="textbox">
<animation effect="fade" time="350">VisibleChange</animation>
<posx>530</posx>
<posy>580</posy>
<width>800</width>
<height>140</height>
<align>right</align>
<autoscroll fade="2550" time="2550" repeat="2550"></autoscroll>
<label>$INFO[Container($PARAM[globallabel]).ListItem.Plot]</label>
</control>
</control>

<control type="group">
<animation effect="fade" time="350">VisibleChange</animation>
<posx>1330</posx>
<posy>520</posy>

<control type="group">
<animation effect="fade" time="150">VisibleChange</animation>
<visible>IsEmpty(Container($PARAM[globallabel]).ListItem.Rating) + Integer.IsGreater(Container($PARAM[globallabel]).NumItems,0)</visible>
<control type="label">
<posx>0</posx>
<posy>-</posy>
<width>800</width>
<height>40</height>
<align>right</align>
<label>[I][B]אין דירוג לתוכן זה[/B][/I]</label>
</control>
</control>

<control type="group">
<animation effect="fade" time="150">VisibleChange</animation>
<visible>Integer.IsGreater(Container($PARAM[globallabel]).ListItem.Rating,1) + !Integer.IsGreater(Container($PARAM[globallabel]).ListItem.Rating,3)</visible>
<control type="label">
<posx>0</posx>
<posy>-</posy>
<width>800</width>
<height>40</height>
<align>right</align>
<label>[I][B]תוכן בדירוג נמוך[/B][/I]</label>
</control>
</control>

<control type="group">
<animation effect="fade" time="150">VisibleChange</animation>
<visible>Integer.IsGreater(Container($PARAM[globallabel]).ListItem.Rating,3) + !Integer.IsGreater(Container($PARAM[globallabel]).ListItem.Rating,6)</visible>
<control type="label">
<posx>0</posx>
<posy>-5</posy>
<width>800</width>
<height>40</height>
<align>right</align>
<label>[I][B]תוכן בדירוג בנוני[/B][/I]</label>
</control>
</control>

<control type="group">
<animation effect="fade" time="150">VisibleChange</animation>
<visible>Integer.IsGreater(Container($PARAM[globallabel]).ListItem.Rating,6) + !Integer.IsGreater(Container($PARAM[globallabel]).ListItem.Rating,10)</visible>
<control type="label">
<posx>0</posx>
<posy>-5</posy>
<width>800</width>
<height>40</height>
<align>right</align>
<label>[I][B]תוכן בדירוג גבוה[/B][/I]</label>
</control>
</control>
</control>

<control type="textbox">
<visible>Container(9000).HasFocus(5) + Integer.IsGreater(Container($PARAM[globallabel]).NumItems,0) + IsEmpty(Container($PARAM[globallabel]).ListItem.Year)</visible>
<posx>885</posx>
<posy>405</posy>
<width>450</width>
<height>150</height>
<align>right</align>
<textcolor>gray</textcolor>
<label>[I]פה תקבלו תחנות רדיו מכל העולם מכל הזא'נרים מפופ ועד דאנס ,האוס,כל סוגי המוזיקה אלקטרונית[/I]</label>
</control>

<control type="textbox">
<visible>Control.HasFocus(9314) + Integer.IsGreater(Container($PARAM[globallabel]).NumItems,0)</visible>
<posx>885</posx>
<posy>385</posy>
<width>450</width>
<height>115</height>
<align>right</align>
<textcolor>gray</textcolor>
<autoscroll fade="2000" time="3000" repeat="4000"></autoscroll>
<label>[I]פה תקבלו את כל הסדרות לילדים במקום אחד כל הסדרות אנימה אנימציה מדובבים מכל הרשתות ומכל הזא'נרים צפיה מהנה[/I]</label>
</control>

<control type="textbox">
<visible>Control.HasFocus(9313) + Integer.IsGreater(Container($PARAM[globallabel]).NumItems,0)</visible>
<posx>885</posx>
<posy>405</posy>
<width>450</width>
<height>150</height>
<align>right</align>
<textcolor>gray</textcolor>
<label>[I]פה תקבלו את כל הסדרות הישראליות מכל הזא'נרים מכל האיכויות ומכל הרשתות הקיימות הסדרות מתעדכנות באופן קבוע[/I]</label>
</control>


<control type="textbox">
<visible>String.Contains(Container(9008).ListItem.Label,קשת 12 ויאודי) | String.Contains(Container(9008).ListItem.Label,רשת 13 ויאודי) | String.Contains(Container(9008).ListItem.Label,כאן 11 ויאודי) | Control.HasFocus(9315) | Control.HasFocus(9316) | Control.HasFocus(9317) + Integer.IsGreater(Container($PARAM[globallabel]).NumItems,0)</visible>
<posx>885</posx>
<posy>405</posy>
<width>450</width>
<height>150</height>
<align>right</align>
<textcolor>gray</textcolor>
<label>[I]פה תקבלו את כל תוכניות עידן פלוס מכל הרשתות רשת קשת וכאן 11 כל התוכניות המעודכנות ביותר[/I]</label>
</control>

<control type="textbox">
<visible>Container(9000).HasFocus(2) + Integer.IsGreater(Container($PARAM[globallabel]).NumItems,0) + IsEmpty(Container($PARAM[globallabel]).ListItem.Genre) + IsEmpty(Container($PARAM[globallabel]).ListItem.Year)</visible>
<posx>885</posx>
<posy>380</posy>
<width>450</width>
<height>120</height>
<align>right</align>
<textcolor>gray</textcolor>
<autoscroll fade="2550" time="2500" repeat="2500"></autoscroll>
<label>[I]פה תקבלו את כל הסרטים לילדים מדובבים , אנימציה בתרגום מכל הזאנרים מכל האיכויות מכל הרשתות והתוכן הכי מעודכן. צפיה מהנה[/I]</label>
</control>

<control type="textbox">
<visible>IsEmpty(Container($PARAM[globallabel]).ListItem.Plot) + Integer.IsGreater(Container($PARAM[globallabel]).NumItems,0)</visible>
<posx>530</posx>
<posy>580</posy>
<width>800</width>
<height>140</height>
<align>right</align>
<textcolor>white</textcolor>
<label>[I]ברוכים הבאים לבילד זאת הודעת גלובלית, בבילד תקבלו את כל התוכן האיכותי הקיים סרטים סדרות חול וישראלי רדיו מוזיקה מכל התחנות הטובות בעולם צפיה מהנה[/I]</label>
</control>
</definition>
</include>


<include name="channelsidanplus">
<control type="group">
<animation condition="Window.IsActive(DialogVideoInfo.xml) | Window.IsActive(6800)" effect="slide" start="0,0" end="0,-500" time="550" tween="sine" easing="inout">Conditional</animation>
<animation condition="Control.HasFocus(8823) | Control.HasFocus(8824) | Control.HasFocus(8825) | Control.HasFocus(9318) | String.Contains(Container(9008).ListItem.Label,סדרות TV) | String.Contains(Container(9008).ListItem.Label,סדרות לפי זא'נרים) | Control.HasFocus(9314) | String.Contains(Container(9008).ListItem.Label,סדרות ילדים)" effect="slide" start="0,0" end="0,-50" time="550" tween="sine" easing="inout">Conditional</animation>
<control type="textbox">
<posx>720</posx>
<posy>20</posy>
<width>600</width>
<height>80</height>
<align>right</align>
<label>$INFO[Container($PARAM[channelsidanid]).ListItem.Label]</label>
</control>
<control type="textbox">
<posx>720</posx>
<posy>170</posy>
<width>600</width>
<height>100</height>
<align>right</align>
<autoscroll fade="2550" time="2550" repeat="2550"></autoscroll>
<label>$INFO[Container($PARAM[channelsidanid]).ListItem.Plot]</label>
</control>
<control type="panel" id="$PARAM[channelsidanid]">
<scrolltime effect="sine" easing="inout">350</scrolltime>
<orientation>horizontal</orientation>
<posx>10</posx>
<posy>12</posy>
<width>680</width>
<height>280</height>
<onback>9008</onback>
<itemlayout width="140" height="130">
<control type="image">
<posx>0</posx>
<posy>0</posy>
<width>120</width>
<height>120</height>
<texture>$INFO[ListItem.Thumb]</texture>
</control>
</itemlayout>
<focusedlayout width="140" height="130">
<control type="image">
<animation effect="zoom" start="100,100" end="110,110" center="auto" time="150">Focus</animation>
<posx>0</posx>
<posy>0</posy>
<width>120</width>
<height>120</height>
<texture>$INFO[ListItem.Thumb]</texture>
</control>
</focusedlayout>
<content>$PARAM[channelcontent]</content>
</control>
</control>
</include>



<include name="epidssodesmainscreen">
<control type="list" id="6606">
<posx>1290</posx>
<posy>-20</posy>
<width>1000</width>
<height>280</height>
<onback>9000</onback>
<onclick>Action(info)</onclick>
<scrolltime tween="sine" easing="inout">350</scrolltime>
<autoscroll fade="5000" time="5000">!Control.HasFocus(6606)</autoscroll>
<orientation>vertical</orientation>
<itemlayout width="500" height="80">
<!--<control type="image">
<posx>0</posx>
<posy>0</posy>
<width>650</width>
<height>150</height>
<texture>special://skin/extras/test/episodbg.png</texture>
</control>-->
<control type="textbox">
<posx>90</posx>
<posy>50</posy>
<width>500</width>
<height>120</height>
<align>left</align>
<font>font-16</font>
<label>$INFO[ListItem.Label], [COLOR burlywood]פרק חדש שהתווסף[/COLOR]</label>
</control>
<control type="image">
<posx>560</posx>
<posy>50</posy>
<width>60</width>
<height>60</height>
<texture diffuse="special://skin/extras/diffuse/poster_diffuse.png">$INFO[ListItem.Thumb]</texture>
</control>
</itemlayout>
<focusedlayout width="500" height="80">
<control type="image">
<animation effect="fade" start="100" end="65" time="0">Focus</animation>
<visible>Control.HasFocus(6606)</visible>
<posx>60</posx>
<posy>25</posy>
<width>580</width>
<height>110</height>
<texture border="40">special://skin/extras/common/roundedbutton-focus.png</texture>
</control>
<!--<control type="image">
<posx>0</posx>
<posy>0</posy>
<width>650</width>
<height>150</height>
<texture>special://skin/extras/test/episodbg.png</texture>
</control>-->
<control type="textbox">
<posx>90</posx>
<posy>50</posy>
<width>500</width>
<height>120</height>
<align>left</align>
<font>font-16</font>
<label>$INFO[ListItem.Label], [COLOR burlywood]פרק חדש שהתווסף[/COLOR]</label>
</control>
<control type="image">
<posx>560</posx>
<posy>50</posy>
<width>60</width>
<height>60</height>
<bordertexture colordiffuse="white">white.png</bordertexture>
<bordersize>2</bordersize>
<texture diffuse="special://skin/extras/diffuse/poster_diffuse.png">$INFO[ListItem.Thumb]</texture>
</control>
</focusedlayout>
<content>plugin://plugin.video.CHICCO/?cat_level=%20&amp;count=0&amp;description&amp;fanart=https%3a%2f%2fwpblink.com%2fsites%2fdefault%2ffiles%2fwallpaper%2fmovie%2f72098%2favatar-wallpapers-hd-72098-5294999.png&amp;iconimage=http%3a%2f%2fngarba.xyz%2fadds%2fyos%2f24.jpg&amp;index_depth=0&amp;lang=%20&amp;mode=18&amp;name=%5bB%5d%5bCOLOR%20burlywood%5d-%d7%90%d7%97%d7%a8%d7%95%d7%a0%d7%99%d7%9d%20%5b%2fCOLOR%5d%5b%2fB%5d%5bB%5d%5bCOLOR%20aqua%5d%d7%a4%d7%a8%d7%a7%d7%99%d7%9d-%20%5b%2fCOLOR%5d%5b%2fB%5d&amp;page&amp;selected_list=%20&amp;url=tv&quot</content>
</control>
</include>


<include name="seriastvshowsmainmenu">
			<control type="group">
			<visible>![Player.HasVideo | Player.HasAudio]</visible>
			<control type="label">
			<visible>Control.HasFocus(9304)</visible>
			<posx>300</posx>
			<posy>780</posy>
			<width>1200</width>
			<height>40</height>
			<align>center</align>
			<textcolor>white</textcolor>
			<shadowcolor>black</shadowcolor>
			<font>font-21-recommnded</font>
			<label>$INFO[Container(9000).ListItem.Property(widgetName.widget1) ][COLOR burlywood]אתה בפוקוס על וידג'ט: [/COLOR]</label>
			</control>
			<control type="label">
			<visible>Control.HasFocus(9305)</visible>
			<posx>300</posx>
			<posy>780</posy>
			<width>1200</width>
			<height>40</height>
			<align>center</align>
			<textcolor>white</textcolor>
			<shadowcolor>black</shadowcolor>
			<font>font-21-recommnded</font>
			<label>$INFO[Container(9000).ListItem.Property(widgetName.widget2) ][COLOR burlywood]אתה בפוקוס על וידג'ט: [/COLOR]</label>
			</control>
			<control type="label">
			<visible>Control.HasFocus(9306)</visible>
			<posx>300</posx>
			<posy>780</posy>
			<width>1200</width>
			<height>40</height>
			<align>center</align>
			<textcolor>white</textcolor>
			<shadowcolor>black</shadowcolor>
			<font>font-21-recommnded</font>
			<label>$INFO[Container(9000).ListItem.Property(widgetName.widget3) ][COLOR burlywood]אתה בפוקוס על וידג'ט: [/COLOR]</label>
			</control>
			<control type="label">
			<visible>Control.HasFocus(9307)</visible>
			<posx>300</posx>
			<posy>780</posy>
			<width>1200</width>
			<height>40</height>
			<align>center</align>
			<textcolor>white</textcolor>
			<shadowcolor>black</shadowcolor>
			<font>font-21-recommnded</font>
			<label>$INFO[Container(9000).ListItem.Property(widgetName.widget4) ][COLOR burlywood]אתה בפוקוס על וידג'ט: [/COLOR]</label>
			</control>
			<control type="label">
			<visible>Control.HasFocus(9308)</visible>
			<posx>300</posx>
			<posy>780</posy>
			<width>1200</width>
			<height>40</height>
			<align>center</align>
			<textcolor>white</textcolor>
			<shadowcolor>black</shadowcolor>
			<font>font-21-recommnded</font>
			<label>$INFO[Container(9000).ListItem.Property(widgetName.widget5) ][COLOR burlywood]אתה בפוקוס על וידג'ט: [/COLOR]</label>
			</control>
			<control type="label">
			<visible>Control.HasFocus(9309)</visible>
			<posx>300</posx>
			<posy>780</posy>
			<width>1200</width>
			<height>40</height>
			<align>center</align>
			<textcolor>white</textcolor>
			<shadowcolor>black</shadowcolor>
			<font>font-21-recommnded</font>
			<label>$INFO[Container(9000).ListItem.Property(widgetName.widget6) ][COLOR burlywood]אתה בפוקוס על וידג'ט: [/COLOR]</label>
			</control>
			<control type="label">
			<visible>Control.HasFocus(9310)</visible>
			<posx>300</posx>
			<posy>780</posy>
			<width>1200</width>
			<height>40</height>
			<align>center</align>
			<textcolor>white</textcolor>
			<shadowcolor>black</shadowcolor>
			<font>font-21-recommnded</font>
			<label>$INFO[Container(9000).ListItem.Property(widgetName.widget7) ][COLOR burlywood]אתה בפוקוס על וידג'ט: [/COLOR]</label>
			</control>
			<control type="label">
			<visible>Control.HasFocus(9311)</visible>
			<posx>300</posx>
			<posy>780</posy>
			<width>1200</width>
			<height>40</height>
			<align>center</align>
			<textcolor>white</textcolor>
			<shadowcolor>black</shadowcolor>
			<font>font-21-recommnded</font>
			<label>$INFO[Container(9000).ListItem.Property(widgetName.widget8) ][COLOR burlywood]אתה בפוקוס על וידג'ט: [/COLOR]</label>
			</control>
			<control type="label">
			<visible>Control.HasFocus(9312)</visible>
			<posx>300</posx>
			<posy>780</posy>
			<width>1200</width>
			<height>40</height>
			<align>center</align>
			<textcolor>white</textcolor>
			<shadowcolor>black</shadowcolor>
			<font>font-21-recommnded</font>
			<label>$INFO[Container(9000).ListItem.Property(widgetName.widget9) ][COLOR burlywood]אתה בפוקוס על וידג'ט: [/COLOR]</label>
			</control>
			<control type="label">
			<visible>Control.HasFocus(9313)</visible>
			<posx>300</posx>
			<posy>780</posy>
			<width>1200</width>
			<height>40</height>
			<align>center</align>
			<textcolor>white</textcolor>
			<shadowcolor>black</shadowcolor>
			<font>font-21-recommnded</font>
			<label>$INFO[Container(9000).ListItem.Property(widgetName.widget10) ][COLOR burlywood]אתה בפוקוס על וידג'ט: [/COLOR]</label>
			</control>
			<control type="label">
			<visible>Control.HasFocus(9314)</visible>
			<posx>300</posx>
			<posy>780</posy>
			<width>1200</width>
			<height>40</height>
			<align>center</align>
			<textcolor>white</textcolor>
			<shadowcolor>black</shadowcolor>
			<font>font-21-recommnded</font>
			<label>$INFO[Container(9000).ListItem.Property(widgetName.widget11) ][COLOR burlywood]אתה בפוקוס על וידג'ט: [/COLOR]</label>
			</control>
			<control type="label">
			<visible>Control.HasFocus(9315)</visible>
			<posx>300</posx>
			<posy>780</posy>
			<width>1200</width>
			<height>40</height>
			<align>center</align>
			<textcolor>white</textcolor>
			<shadowcolor>black</shadowcolor>
			<font>font-21-recommnded</font>
			<label>$INFO[Container(9000).ListItem.Property(widgetName.widget12) ][COLOR burlywood]אתה בפוקוס על וידג'ט: [/COLOR]</label>
			</control>
			<control type="label">
			<visible>Control.HasFocus(9316)</visible>
			<posx>300</posx>
			<posy>780</posy>
			<width>1200</width>
			<height>40</height>
			<align>center</align>
			<textcolor>white</textcolor>
			<shadowcolor>black</shadowcolor>
			<font>font-21-recommnded</font>
			<label>$INFO[Container(9000).ListItem.Property(widgetName.widget13) ][COLOR burlywood]אתה בפוקוס על וידג'ט: [/COLOR]</label>
			</control>
			<control type="label">
			<visible>Control.HasFocus(9317)</visible>
			<posx>300</posx>
			<posy>780</posy>
			<width>1200</width>
			<height>40</height>
			<align>center</align>
			<textcolor>white</textcolor>
			<shadowcolor>black</shadowcolor>
			<font>font-21-recommnded</font>
			<label>$INFO[Container(9000).ListItem.Property(widgetName.widget14) ][COLOR burlywood]אתה בפוקוס על וידג'ט: [/COLOR]</label>
			</control>
			<control type="label">
			<visible>Control.HasFocus(9318)</visible>
			<posx>300</posx>
			<posy>780</posy>
			<width>1200</width>
			<height>40</height>
			<align>center</align>
			<textcolor>white</textcolor>
			<shadowcolor>black</shadowcolor>
			<font>font-21-recommnded</font>
			<label>$INFO[Container(9000).ListItem.Property(widgetName.widget15) ][COLOR burlywood]אתה בפוקוס על וידג'ט: [/COLOR]</label>
			</control>
			<control type="label">
			<visible>Control.HasFocus(9203)</visible>
			<posx>300</posx>
			<posy>780</posy>
			<width>1200</width>
			<height>40</height>
			<align>center</align>
			<textcolor>white</textcolor>
			<shadowcolor>black</shadowcolor>
			<font>font-21-recommnded</font>
			<label>עידן פלוס [COLOR burlywood]אתה בפוקוס על וידג'ט: [/COLOR]</label>
			</control>
			</control>
			<control type="group">
			<visible>String.Contains(Container(9008).ListItem.Label,סדרות לפי זא'נרים) | Control.HasFocus(8823)</visible>
			<animation condition="Window.IsActive(DialogVideoInfo.xml)" effect="slide" start="0,0" end="0,300" time="550" tween="sine" easing="inout">Conditional</animation>
			<animation condition="Window.IsActive(DialogVideoInfo.xml)" effect="fade" start="100" end="0" time="250">Conditional</animation>
			<animation condition="String.Contains(Container(9008).ListItem.Label,סדרות לפי זא'נרים) | Control.HasFocus(8823)" effect="slide" start="0,0" end="0,-200" time="450" tween="sine" easing="inout">Conditional</animation>
			<control type="list" id="8823">
			<posx>-15</posx>
			<posy>425</posy>
			<width>1370</width>
			<height>400</height>
			<onback>9008</onback>
			<ondown>9008</ondown>
			<orientation>horizontal</orientation>
			<itemlayout width="194" height="50">
			<control type="image">
			<posx>15</posx>
			<posy>10</posy>
			<width>185</width>
			<height>40</height>
			<bordertexture colordiffuse="gray">white.png</bordertexture>
			<bordersize>1</bordersize>
			<texture colordiffuse="black">white.png</texture>
			</control>
			<control type="label">
			<posx>5</posx>
			<posy>8</posy>
			<width>200</width>
			<height>50</height>
			<align>center</align>
			<label>$INFO[ListItem.Label]</label>
			</control>
			</itemlayout>
			<focusedlayout width="194" height="50">
			<control type="image">
			<posx>15</posx>
			<posy>10</posy>
			<width>185</width>
			<height>40</height>
			<bordertexture colordiffuse="gray">white.png</bordertexture>
			<bordersize>1</bordersize>
			<texture colordiffuse="black">white.png</texture>
			</control>
			<control type="image">
			<visible>control.hasfocus(8823)</visible>
			<posx>16</posx>
			<posy>12</posy>
			<width>182</width>
			<height>35</height>
			<texture colordiffuse="gray">white.png</texture>
			</control>
			<control type="label">
			<posx>5</posx>
			<posy>8</posy>
			<width>200</width>
			<height>50</height>
			<align>center</align>
			<label>$INFO[ListItem.Label]</label>
			</control>
			</focusedlayout>
			<content>
			<item>
				<label>$INFO[Container(9000).ListItem.Property(widgetName.widget1)]</label>
				<onclick>Control.SetFocus(9304)</onclick>
			</item>
			<item>
				<label>$INFO[Container(9000).ListItem.Property(widgetName.widget2)]</label>
				<onclick>Control.SetFocus(9305)</onclick>
				</item>
			<item>
				<label>$INFO[Container(9000).ListItem.Property(widgetName.widget3)]</label>
				<onclick>Control.SetFocus(9306)</onclick>
			</item>
			<item>
				<label>$INFO[Container(9000).ListItem.Property(widgetName.widget4)]</label>
				<onclick>Control.SetFocus(9307)</onclick>
			</item>
			<item>
				<label>$INFO[Container(9000).ListItem.Property(widgetName.widget5)]</label>
				<onclick>Control.SetFocus(9308)</onclick>
			</item>
			<item>
				<label>$INFO[Container(9000).ListItem.Property(widgetName.widget6)]</label>
				<onclick>Control.SetFocus(9309)</onclick>
			</item>
			<item>
				<label>$INFO[Container(9000).ListItem.Property(widgetName.widget7)]</label>
				<onclick>Control.SetFocus(9310)</onclick>
			</item>
			<item>
				<label>$INFO[Container(9000).ListItem.Property(widgetName.widget8)]</label>
				<onclick>Control.SetFocus(9311)</onclick>
			</item>
			<item>
			<label>$INFO[Container(9000).ListItem.Property(widgetName.widget9)]</label>
			<onclick>Control.SetFocus(9312)</onclick>
			</item>
		<!--	<item>
			<label>$INFO[Container(9000).ListItem.Property(widgetName.widget10)]</label>
			<onclick>Control.SetFocus(9313)</onclick>
			</item>
			<item>
			<label>ויוה</label>
			<onclick>ActivateWindow(6806)</onclick>
			</item>-->
			</content>
			</control>
			</control>
			</include>





<include name="telemediamainmenu">
			<control type="group">
			<visible>Control.HasFocus(8824)</visible>
			<animation condition="Window.IsActive(DialogVideoInfo.xml)" effect="slide" start="0,0" end="0,300" time="550" tween="sine" easing="inout">Conditional</animation>
			<animation condition="Window.IsActive(DialogVideoInfo.xml)" effect="fade" start="100" end="0" time="250">Conditional</animation>
			<control type="list" id="8824">
			<posx>-15</posx>
			<posy>225</posy>
			<width>1370</width>
			<height>400</height>
			<onback>9000</onback>
			<orientation>horizontal</orientation>
			<itemlayout width="194" height="50">
			<control type="image">
			<posx>15</posx>
			<posy>10</posy>
			<width>185</width>
			<height>40</height>
			<bordertexture colordiffuse="gray">white.png</bordertexture>
			<bordersize>1</bordersize>
			<texture colordiffuse="black">white.png</texture>
			</control>
			<control type="label">
			<posx>5</posx>
			<posy>8</posy>
			<width>200</width>
			<height>50</height>
			<align>center</align>
			<label>$INFO[ListItem.Label]</label>
			</control>
			</itemlayout>
			<focusedlayout width="194" height="50">
			<control type="image">
			<posx>15</posx>
			<posy>10</posy>
			<width>185</width>
			<height>40</height>
			<bordertexture colordiffuse="gray">white.png</bordertexture>
			<bordersize>1</bordersize>
			<texture colordiffuse="black">white.png</texture>
			</control>
			<control type="image">
			<visible>control.hasfocus(8824)</visible>
			<posx>16</posx>
			<posy>12</posy>
			<width>182</width>
			<height>35</height>
			<texture colordiffuse="burlywood">white.png</texture>
			</control>
			<control type="label">
			<posx>5</posx>
			<posy>8</posy>
			<width>200</width>
			<height>50</height>
			<align>center</align>
			<label>$INFO[ListItem.Label]</label>
			</control>
			</focusedlayout>
			<content>
			<item>
				<label>הגדרות</label>
				<onclick>PlayMedia(&quot;plugin://plugin.video.telemedia/?&amp;mode=120&amp;name=%5BCOLOR+red%5D%5BB%5D%D7%94%D7%92%D7%93%D7%A8%D7%95%D7%AA%5B%2FB%5D%5B%2FCOLOR%5D&amp;fanart=https%3A%2F%2Fmedia-cdn.tripadvisor.com%2Fmedia%2Fphoto-s%2F08%2F6f%2F12%2F05%2Fbeautiful-settings.jpg&amp;iconimage=special%3A%2F%2Fhome%2Faddons%2Fplugin.video.telemedia%2Ftele%2Fsetting.png&amp;original_title=+&amp;url=www&amp;description=+&quot;)</onclick>
			</item>
			<item>
				<label>מידע מלא</label>
				<onclick>ActivateWindow(10025,&quot;plugin://plugin.video.telemedia/?data=%20&amp;dates=%20&amp;description=%d7%a7%d7%91%d7%95%d7%a6%d7%95%d7%aa%20%d7%9e%d7%99%d7%93%d7%a2%20%d7%9e%d7%9c%d7%90%20%d7%a0%d7%91%d7%97%d7%a8%d7%95%d7%aa&amp;eng_name=%20&amp;episode=%20&amp;fanart=https%3a%2f%2fimg.wonderhowto.com%2fimg%2f66%2f20%2f63525837196216%2f0%2fhack-like-pro-pivot-from-victim-system-own-every-computer-network.1280x600.jpg&amp;fav_status=false&amp;groups_id=0&amp;heb_name=%20&amp;iconimage=special%3a%2f%2fhome%2faddons%2fplugin.video.telemedia%2ftele%2finfo.png&amp;id=%20&amp;image_master&amp;isr=0&amp;last_id&amp;mode=33&amp;name=%5bCOLOR%20gold%5d%d7%a7%d7%91%d7%95%d7%a6%d7%95%d7%aa%20%d7%9e%d7%99%d7%93%d7%a2%20%d7%9e%d7%9c%d7%90%20%d7%a0%d7%91%d7%97%d7%a8%d7%95%d7%aa%5b%2fCOLOR%5d&amp;original_title=%20&amp;season=%20&amp;show_original_year=%20&amp;tmdbid=%20&amp;url=www&quot;,return)</onclick>
				</item>
			<item>
				<label>ריפו אישי</label>
				<onclick>ActivateWindow(10025,&quot;plugin://plugin.video.telemedia/?data=%20&amp;dates=%20&amp;description=%d7%a8%d7%99%d7%a4%d7%95%20%d7%90%d7%99%d7%a9%d7%99&amp;eng_name=%20&amp;episode=%20&amp;fanart=https%3a%2f%2fcdn.wallpapersafari.com%2f21%2f48%2fcRMEy3.jpg&amp;fav_status=false&amp;groups_id=0&amp;heb_name=%20&amp;iconimage=special%3a%2f%2fhome%2faddons%2fplugin.video.telemedia%2ftele%2faddons.png&amp;id=%20&amp;image_master&amp;isr=0&amp;last_id&amp;mode=46&amp;name=%5bCOLOR%20blue%5d%d7%a8%d7%99%d7%a4%d7%95%20%d7%90%d7%99%d7%a9%d7%99%5b%2fCOLOR%5d&amp;original_title=%20&amp;season=%20&amp;show_original_year=%20&amp;tmdbid=%20&amp;url=www&quot;,return)</onclick>
			</item>
			<item>
				<label>חיפוש</label>
				<onclick>ActivateWindow(10025,&quot;plugin://plugin.video.telemedia/?data=all&amp;dates=%20&amp;description=Search%20All&amp;eng_name=%20&amp;episode=%20&amp;fanart=https%3a%2f%2fseleritysas.com%2fwp-content%2fuploads%2f2019%2f12%2fshutterstock_606583169.jpg&amp;fav_status=false&amp;groups_id=0&amp;heb_name=%20&amp;iconimage=special%3a%2f%2fhome%2faddons%2fplugin.video.telemedia%2ftele%2fsearch.png&amp;id=%20&amp;image_master&amp;isr=0&amp;last_id=0%24%24%240&amp;mode=113&amp;name=%5bCOLOR%20blue%5d%d7%97%d7%99%d7%a4%d7%95%d7%a9%5b%2fCOLOR%5d&amp;original_title=%20&amp;season=%20&amp;show_original_year=%20&amp;tmdbid=%20&amp;url=%20&quot;,return)</onclick>
			</item>
			<item>
				<label>תיקיות טלגרם</label>
				<onclick>ActivateWindow(10025,&quot;plugin://plugin.video.telemedia/?data=%20&amp;dates=%20&amp;description=My%20Folders&amp;eng_name=%20&amp;episode=%20&amp;fanart=https%3a%2f%2fcirasync.com%2fwp-content%2fuploads%2f2019%2f07%2fCreate-and-Share-PF-O365_featuredimage95-1-1080x630.png&amp;fav_status=false&amp;groups_id=0&amp;heb_name=%20&amp;iconimage=special%3a%2f%2fhome%2faddons%2fplugin.video.telemedia%2ftele%2ffolder.png&amp;id=%20&amp;image_master&amp;isr=0&amp;last_id&amp;mode=121&amp;name=%5bCOLOR%20blue%5d%d7%aa%d7%99%d7%a7%d7%99%d7%95%d7%aa%20%d7%98%d7%9c%d7%92%d7%a8%d7%9d%5b%2fCOLOR%5d&amp;original_title=%20&amp;season=%20&amp;show_original_year=%20&amp;tmdbid=%20&amp;url=chatListArchive&quot;,return)</onclick>
			</item>
			<item>
				<label>קבוצות ארכיון</label>
				<onclick>ActivateWindow(10025,&quot;plugin://plugin.video.telemedia/?data=%20&amp;dates=%20&amp;description=My%20Groups&amp;eng_name=%20&amp;episode=%20&amp;fanart=https%3a%2f%2fhdwallpaperim.com%2fwp-content%2fuploads%2f2017%2f08%2f23%2f471244-Brandon_Sanderson-Stormlight_Archives.jpg&amp;fav_status=false&amp;groups_id=0&amp;heb_name=%20&amp;iconimage=special%3a%2f%2fhome%2faddons%2fplugin.video.telemedia%2ftele%2farchive.png&amp;id=%20&amp;image_master&amp;isr=0&amp;last_id=0%24%24%249223372036854775807&amp;mode=12&amp;name=%5bCOLOR%20blue%5d%d7%a7%d7%91%d7%95%d7%a6%d7%95%d7%aa%20%d7%90%d7%a8%d7%9b%d7%99%d7%95%d7%9f%5b%2fCOLOR%5d&amp;original_title=%20&amp;season=%20&amp;show_original_year=%20&amp;tmdbid=%20&amp;url=chatListArchive&quot;,return)</onclick>
			</item>
			<item>
				<label>הקבוצות שלי</label>
				<onclick>ActivateWindow(10025,&quot;plugin://plugin.video.telemedia/?data=%20&amp;dates=%20&amp;description=My%20Groups&amp;eng_name=%20&amp;episode=%20&amp;fanart=https%3a%2f%2fwallup.net%2fwp-content%2fuploads%2f2016%2f10%2f12%2f137743-jumping-silhouette-group_of_people-cat-sea-reflection.jpg&amp;fav_status=false&amp;groups_id=0&amp;heb_name=%20&amp;iconimage=special%3a%2f%2fhome%2faddons%2fplugin.video.telemedia%2ftele%2fmygroups.png&amp;id=%20&amp;image_master&amp;isr=0&amp;last_id=0%24%24%249223372036854775807&amp;mode=12&amp;name=%5bCOLOR%20blue%5d%d7%94%d7%a7%d7%91%d7%95%d7%a6%d7%95%d7%aa%20%d7%a9%d7%9c%d7%99%5b%2fCOLOR%5d&amp;original_title=%20&amp;season=%20&amp;show_original_year=%20&amp;tmdbid=%20&amp;url=chatListMain&quot;,return)</onclick>
			</item>
			<item>
				<label>עולם הילדים</label>
				<onclick>ActivateWindow(10025,&quot;plugin://plugin.video.telemedia/?data=-1001195519301&amp;dates=%20&amp;description=%d7%a2%d7%95%d7%9c%d7%9d%20%d7%94%d7%99%d7%9c%d7%93%d7%99%d7%9d&amp;eng_name=%20&amp;episode=%20&amp;fanart=https%3a%2f%2finsidethemagic-119e2.kxcdn.com%2fwp-content%2fuploads%2f2018%2f08%2fExpo19_11x16_Poster_KeyArt_72dpi-1-792x400.jpg&amp;fav_status=false&amp;groups_id=0&amp;heb_name=%20&amp;iconimage=special%3a%2f%2fhome%2faddons%2fplugin.video.telemedia%2ftele%2fkids.png&amp;id=%20&amp;image_master&amp;isr=0&amp;last_id&amp;mode=31&amp;name=%5bCOLOR%20blue%5d%d7%a2%d7%95%d7%9c%d7%9d%20%d7%94%d7%99%d7%9c%d7%93%d7%99%d7%9d%5b%2fCOLOR%5d&amp;original_title=%20&amp;season=%20&amp;show_original_year=%20&amp;tmdbid=%20&amp;url=www&quot;,return)</onclick>
			</item>
			<item>
			<label>סדרות</label>
			<onclick>ActivateWindow(10025,&quot;plugin://plugin.video.telemedia/?data=%20&amp;dates=%20&amp;description=Tv%20Shows&amp;eng_name=%20&amp;episode=%20&amp;fanart=https%3a%2f%2fstatic.highsnobiety.com%2fthumbor%2fR8JPAdy4hlfFhZj9_YqCQfcNsZ0%3d%2ffit-in%2f800x480%2fsmart%2fstatic.highsnobiety.com%2fwp-content%2fuploads%2f2019%2f02%2f28155224%2fgame-of-thrones-season-8-posters-001.jpg&amp;fav_status=false&amp;groups_id=0&amp;heb_name=%20&amp;iconimage=special%3a%2f%2fhome%2faddons%2fplugin.video.telemedia%2ftele%2ftvshows.png&amp;id=%20&amp;image_master&amp;isr=0&amp;last_id&amp;mode=11&amp;name=%5bCOLOR%20blue%5d%d7%a1%d7%93%d7%a8%d7%95%d7%aa%5b%2fCOLOR%5d&amp;original_title=%20&amp;season=%20&amp;show_original_year=%20&amp;tmdbid=%20&amp;url=%20&quot;,return)</onclick>
			</item>
			<item>
			<label>סרטים</label>
			<onclick>ActivateWindow(10025,&quot;plugin://plugin.video.telemedia/?data=%20&amp;dates=%20&amp;description=Movies&amp;eng_name=%20&amp;episode=%20&amp;fanart=https%3a%2f%2fwww.ubackground.com%2f_ph%2f22%2f269562231.jpg&amp;fav_status=false&amp;groups_id=0&amp;heb_name=%20&amp;iconimage=special%3a%2f%2fhome%2faddons%2fplugin.video.telemedia%2ftele%2fmovies.png&amp;id=%20&amp;image_master&amp;isr=0&amp;last_id&amp;mode=10&amp;name=%5bCOLOR%20blue%5d%d7%a1%d7%a8%d7%98%d7%99%d7%9d%5b%2fCOLOR%5d&amp;original_title=%20&amp;season=%20&amp;show_original_year=%20&amp;tmdbid=%20&amp;url=%20&quot;,return)</onclick>
			</item>
			</content>
			</control>
			</control>
			</include>

<include name="moviesgenresmainscreen">
			<control type="group">
			<visible>![Container(9000).HasFocus(3) | Container(9000).HasFocus(4)]</visible>
			<animation condition="Window.IsActive(DialogVideoInfo.xml)" effect="slide" start="0,0" end="0,300" time="550" tween="sine" easing="inout">Conditional</animation>
			<animation condition="Window.IsActive(DialogVideoInfo.xml)" effect="fade" start="100" end="0" time="250">Conditional</animation>
			<control type="list" id="8824">
			<posx>-15</posx>
			<posy>225</posy>
			<width>1370</width>
			<height>400</height>
			<onback>9000</onback>
			<orientation>horizontal</orientation>
			<itemlayout width="194" height="50">
			<control type="image">
			<posx>15</posx>
			<posy>10</posy>
			<width>185</width>
			<height>40</height>
			<bordertexture colordiffuse="gray">white.png</bordertexture>
			<bordersize>1</bordersize>
			<texture colordiffuse="black">white.png</texture>
			</control>
			<control type="label">
			<posx>5</posx>
			<posy>8</posy>
			<width>200</width>
			<height>50</height>
			<align>center</align>
			<label>$INFO[ListItem.Label]</label>
			</control>
			</itemlayout>
			<focusedlayout width="194" height="50">
			<control type="image">
			<posx>15</posx>
			<posy>10</posy>
			<width>185</width>
			<height>40</height>
			<bordertexture colordiffuse="gray">white.png</bordertexture>
			<bordersize>1</bordersize>
			<texture colordiffuse="black">white.png</texture>
			</control>
			<control type="image">
			<visible>control.hasfocus(8824)</visible>
			<posx>16</posx>
			<posy>12</posy>
			<width>182</width>
			<height>35</height>
			<texture colordiffuse="gray">white.png</texture>
			</control>
			<control type="label">
			<posx>5</posx>
			<posy>8</posy>
			<width>200</width>
			<height>50</height>
			<align>center</align>
			<label>$INFO[ListItem.Label]</label>
			</control>
			</focusedlayout>
			<content>
			<item>
				<label>נוסטלגיה</label>
				<onclick>Dialog.Close(all,true)</onclick>
				<onclick>ActivateWindow(6300)</onclick>
			</item>
			<item>
				<label>פשע</label>
				<onclick>Dialog.Close(all,true)</onclick>
				<onclick>ActivateWindow(6301)</onclick>
				</item>
			<item>
				<label>פעולה</label>
				<onclick>Dialog.Close(all,true)</onclick>
				<onclick>ActivateWindow(6407)</onclick>
				</item>
			<item>
				<label>קומדיה</label>
				<onclick>Dialog.Close(all,true)</onclick>
				<onclick>ActivateWindow(6302)</onclick>
			</item>
			<item>
				<label>דרמה</label>
				<onclick>Dialog.Close(all,true)</onclick>
				<onclick>ActivateWindow(6401)</onclick>
			</item>
			<item>
				<label>משפחה</label>
				<onclick>Dialog.Close(all,true)</onclick>
				<onclick>ActivateWindow(6408)</onclick>
			</item>
			<item>
				<label>מ.בדיוני</label>
				<onclick>Dialog.Close(all,true)</onclick>
				<onclick>ActivateWindow(6402)</onclick>
			</item>
			<item>
				<label>אוכל</label>
				<onclick>Dialog.Close(all,true)</onclick>
				<onclick>ActivateWindow(6307)</onclick>
			</item>
			<item>
				<label>דוקומנטרי</label>
				<onclick>Dialog.Close(all,true)</onclick>
				<onclick>ActivateWindow(6406)</onclick>
			</item>
			<item>
				<label>טבע</label>
				<onclick>Dialog.Close(all,true)</onclick>
				<onclick>ActivateWindow(6404)</onclick>
			</item>
			<item>
				<label>פרקים אחרונים</label>
				<onclick>ActivateWindow(6711)</onclick>
			</item>
			</content>
			</control>
			</control>
			</include>
			



<include name="kidsseriasmainmenu">
			<control type="group">
			<visible>Control.HasFocus(9314) | String.Contains(Container(9008).ListItem.Label,סדרות ילדים)</visible>
			<animation condition="Window.IsActive(DialogVideoInfo.xml)" effect="slide" start="0,0" end="0,300" time="550" tween="sine" easing="inout">Conditional</animation>
			<animation condition="Window.IsActive(DialogVideoInfo.xml)" effect="fade" start="100" end="0" time="250">Conditional</animation>
			<control type="list" id="8827">
			<posx>5</posx>
			<posy>225</posy>
			<width>1370</width>
			<height>400</height>
			<onback>9008</onback>
			<orientation>horizontal</orientation>
			<itemlayout width="225" height="50">
			<control type="image">
			<posx>0</posx>
			<posy>10</posy>
			<width>220</width>
			<height>40</height>
			<bordertexture colordiffuse="gray">white.png</bordertexture>
			<bordersize>1</bordersize>
			<texture colordiffuse="black">white.png</texture>
			</control>
			<control type="label">
			<posx>0</posx>
			<posy>8</posy>
			<width>220</width>
			<height>50</height>
			<align>center</align>
			<label>$INFO[ListItem.Label]</label>
			</control>
			</itemlayout>
			<focusedlayout width="225" height="50">
			<control type="image">
			<posx>0</posx>
			<posy>10</posy>
			<width>220</width>
			<height>40</height>
			<bordertexture colordiffuse="gray">white.png</bordertexture>
			<bordersize>1</bordersize>
			<texture colordiffuse="black">white.png</texture>
			</control>
			<control type="image">
			<visible>control.hasfocus(8827)</visible>
			<posx>0</posx>
			<posy>12</posy>
			<width>220</width>
			<height>35</height>
			<texture colordiffuse="deeppink">white.png</texture>
			</control>
			<control type="label">
			<posx>0</posx>
			<posy>8</posy>
			<width>220</width>
			<height>50</height>
			<align>center</align>
			<label>$INFO[ListItem.Label]</label>
			</control>
			</focusedlayout>
			<content>
			<item>
				<label>סדרות לפי עמוד</label>
				<onclick>Dialog.Close(all,true)</onclick>
				<onclick>ActivateWindow(10025,&quot;plugin://plugin.video.kids_new_dubbed/?description=%d7%99%d7%9c%d7%93%d7%99%d7%9d&amp;fanart=https%3a%2f%2fwww.slashfilm.com%2fwp%2fwp-content%2fimages%2fAstro-Boy.jpg&amp;iconimage=https%3a%2f%2ftravelmamas.com%2fwp-content%2fuploads%2f2017%2f10%2fbest_travel_movies_for_kids_frozen-837x1200.jpg&amp;mode=13&amp;name=(1123)%20%20%d7%a1%d7%93%d7%a8%d7%95%d7%aa%20%d7%9c%d7%a4%d7%99%20%d7%a2%d7%9e%d7%95%d7%93%d7%99%d7%9d&amp;url=0&quot;,return)</onclick>
			</item>
			<item>
				<label>סדרות לפי א-ב</label>
				<onclick>Dialog.Close(all,true)</onclick>
				<onclick>ActivateWindow(10025,&quot;plugin://plugin.video.kids_new_dubbed/?description=%d7%99%d7%9c%d7%93%d7%99%d7%9d&amp;fanart=https%3a%2f%2fwww.slashfilm.com%2fwp%2fwp-content%2fimages%2fAstro-Boy.jpg&amp;iconimage=https%3a%2f%2ftravelmamas.com%2fwp-content%2fuploads%2f2017%2f10%2fbest_travel_movies_for_kids_frozen-837x1200.jpg&amp;mode=14&amp;name=(1123)%20%20%d7%a1%d7%93%d7%a8%d7%95%d7%aa%20%d7%9c%d7%a4%d7%99%20%d7%9c%d7%a4%d7%99%20%d7%90-%d7%91&amp;url=0&quot;,return)</onclick>
				</item>
			<item>
				<label>הגרל לי סדרה</label>
				<onclick>Dialog.Close(all,true)</onclick>
				<onclick>PlayMedia(&quot;plugin://plugin.video.kids_new_dubbed/?mode=16&amp;description=%D7%94%D7%92%D7%A8%D7%9C+%D7%9C%D7%99+%D7%A1%D7%93%D7%A8%D7%94&amp;url=www&amp;iconimage=https%3A%2F%2Fimages-na.ssl-images-amazon.com%2Fimages%2FI%2F51JqWrL9jGL._SY355_.png&amp;fanart=https%3A%2F%2Fimages-na.ssl-images-amazon.com%2Fimages%2FI%2F614xI2W%252BJTL.png&amp;video_info=%7B%7D&amp;mode=16&amp;id=&amp;name=%5BCOLOR+yellow%5D%5BI%5D%D7%94%D7%92%D7%A8%D7%9C+%D7%9C%D7%99+%D7%A1%D7%93%D7%A8%D7%94%5B%2FI%5D%5B%2FCOLOR%5D&quot;)</onclick>
				</item>
			<item>
				<label>עדכן מאגר א</label>
				<onclick>PlayMedia(&quot;plugin://plugin.video.kids_new_dubbed/?url=tv&amp;mode=6&amp;name=%5BCOLOR+yellow%5D%5BI%5D%D7%A2%D7%93%D7%9B%D7%9F+%D7%A1%D7%93%D7%A8%D7%95%D7%AA%5B%2FI%5D%5B%2FCOLOR%5D&quot;)</onclick>
			</item>
			<item>
				<label>עדכן מאגר ב</label>
				<onclick>PlayMedia(&quot;plugin://plugin.video.kids_new/?url=www&amp;mode=15&amp;name=%5BCOLOR+yellow%5D%D7%A2%D7%93%D7%9B%D7%9F+%D7%9E%D7%90%D7%92%D7%A8%5B%2FCOLOR%5D&quot;)</onclick>
			</item>
			<item>
				<label>לכל הסדרות</label>
				<onclick>ActivateWindow(10025,&quot;plugin://plugin.video.kids_new/?description=%d7%99%d7%9c%d7%93%d7%99%d7%9d&amp;fanart=https%3a%2f%2fwww.slashfilm.com%2fwp%2fwp-content%2fimages%2fAstro-Boy.jpg&amp;iconimage=https%3a%2f%2ftravelmamas.com%2fwp-content%2fuploads%2f2017%2f10%2fbest_travel_movies_for_kids_frozen-837x1200.jpg&amp;mode=2&amp;name=%d7%a1%d7%93%d7%a8%d7%95%d7%aa%20%d7%9c%d7%99%d7%9c%d7%93%d7%99%d7%9d&amp;url=www&quot;,return)</onclick>
			</item>
			<item>
				<label>סדרות מסך ראשי</label>
				<onclick>Dialog.Close(all,true)</onclick>
				<onclick>Control.SetFocus(9314)</onclick>
			</item>
			<item>
				<label>[COLOR yellow]חפש[/COLOR]</label>
				<onclick>ActivateWindow(10025,&quot;plugin://plugin.video.kids_new/?description=search&amp;fanart=https%3a%2f%2fsearchengineland.com%2ffigz%2fwp-content%2fseloads%2f2017%2f12%2fcompare-seo-ss-1920-800x450.jpg&amp;iconimage=https%3a%2f%2flh5.googleusercontent.com%2fproxy%2f-RGejAHqTw0SEl8o3_eK3abBTFCoR49bh780mJ-HX2kK_Qf0aeTzeKuN_WHmW5wOZzKEmlsHE684lxp8BNbejnLx-S4S7dJDeCea3ESPCPMrkUucyFXNH5F_4iktdqh7vKfE5QNGtMZF6QAwAGknYp6v8oeRQg&amp;mode=11&amp;name=%d7%97%d7%99%d7%a4%d7%95%d7%a9&amp;url=search&quot;,return)</onclick>
			</item>
			</content>
			</control>
			</control>
			</include>
			
<include name="controlsmainscreen">
			<control type="group">
			<control type="label">
			<visible>Control.HasFocus(9001)</visible>
			<visible>![Container(9001).HasFocus(5) | Container(9001).HasFocus(6)]</visible>
			<posx>1400</posx>
			<posy>780</posy>
			<width>500</width>
			<height>40</height>
			<align>center</align>
			<label>$INFO[Container(9001).ListItem.Label]</label>
			</control>
			<control type="list" id="9001">
			<posx>1340</posx>
			<posy>705</posy>
			<width>916</width>
			<height>200</height>
			<onback>9000</onback>
			<ondown>9000</ondown>
			<ondown condition="Player.HasVideo">8005</ondown>
			<ondown condition="Player.HasAudio">535</ondown>
			<orientation>horizontal</orientation>
			<itemlayout width="51.5" height="50">
			<control type="image">
			<posx>0</posx>
			<posy>10</posy>
			<width>85</width>
			<height>85</height>
			<texture border="40">special://skin/extras/common/roundedbutton-nofocus.png</texture>
			</control>
			<control type="multiimage">
			<posx>30</posx>
			<posy>40</posy>
			<width>25</width>
			<height>25</height>
			<imagepath>$INFO[ListItem.Thumb]</imagepath>
			</control>
			</itemlayout>
			<focusedlayout width="51.5" height="80">
			<control type="image">
			<visible>Control.HasFocus(9001)</visible>
			<posx>0</posx>
			<posy>10</posy>
			<width>85</width>
			<height>85</height>
			<texture colordiffuse="white" border="40">special://skin/extras/common/roundedbutton-focus.png</texture>
			</control>
			<control type="image">
			<posx>0</posx>
			<posy>10</posy>
			<width>85</width>
			<height>85</height>
			<texture border="40">special://skin/extras/common/roundedbutton-nofocus.png</texture>
			</control>
			<control type="multiimage">
			<animation effect="rotatey" center="45" start="-360" end="360" time="650">Focus</animation>
			<posx>30</posx>
			<posy>40</posy>
			<width>25</width>
			<height>25</height>
			<imagepath>$INFO[ListItem.Thumb]</imagepath>
			</control>
			</focusedlayout>
				<content>
					<item id="1">
					<label>מסך הבית</label>
						<thumb>special://skin/extras/specialbuttonsnew/home-4-xxl.png</thumb>
						<onclick>Control.SetFocus(1025)</onclick>
					</item>
					<item id="2">
					<label>הגדרות</label>
						<thumb>special://skin/extras/arrows/settings.png</thumb>
						<onclick>ActivateWindow(Settings)</onclick>
					</item>
					<item id="3">
					<label>עדכון ריפו</label>
						<thumb>special://skin/extras/arrows/available-updates-xxl.png</thumb>
						<onclick>ActivateWindow(10025,&quot;plugin://plugin.video.telemedia/?data=%20&amp;dates=%20&amp;description=%d7%a8%d7%99%d7%a4%d7%95%20%d7%90%d7%99%d7%a9%d7%99&amp;eng_name=%20&amp;episode=%20&amp;fanart=https%3a%2f%2fencrypted-tbn0.gstatic.com%2fimages%3fq%3dtbn%253AANd9GcQIwWK-VueyRxXcVVKGdMuUeDDeiUIsEN-8G-Tl-ZGOsBfrxvGX&amp;fav_status=false&amp;heb_name=%20&amp;iconimage=https%3a%2f%2fencrypted-tbn0.gstatic.com%2fimages%3fq%3dtbn%253AANd9GcQIwWK-VueyRxXcVVKGdMuUeDDeiUIsEN-8G-Tl-ZGOsBfrxvGX&amp;id=%20&amp;image_master&amp;isr=0&amp;last_id&amp;mode=46&amp;name=%d7%a8%d7%99%d7%a4%d7%95%20%d7%90%d7%99%d7%a9%d7%99&amp;original_title=%20&amp;season=%20&amp;show_original_year=%20&amp;tmdbid=%20&amp;url=www&quot;,return)</onclick>
					</item>
					<item id="4">
					<label>יציאה</label>
						<thumb>special://skin/extras/arrows/power.png</thumb>
						<onclick>ActivateWindow(10001,&quot;plugin://plugin.close.kodi/?description&amp;fanart=C%3a%5cUsers%5cneta%5cAppData%5cRoaming%5cKodi%5caddons%5cplugin.close.kodi%5cfanart.jpg&amp;iconimage=C%3a%5cUsers%5cneta%5cAppData%5cRoaming%5cKodi%5caddons%5cplugin.close.kodi%5cresources%5cart%5cforce.png&amp;mode=4&amp;name=Insta%20Kill%20(Warning%20Kills%20The%20MediaCenter%20Instantly)&amp;url=fclose&quot;,return)</onclick>
					</item>
					<item id="5">
					<label>טמפרטורה</label>
						<thumb>special://skin/extras/arrows/temperature-2-xxl.png</thumb>
						<onclick>-</onclick>
					</item>
					<item id="6">
					<label>תאריך ושעה</label>
						<thumb>special://skin/extras/arrows/time.png</thumb>
						<onclick>-</onclick>
					</item>
					<item id="7">
					<label>מועדפים</label>
						<thumb>special://skin/extras/arrows/favourite.png</thumb>
						<onclick>ActivateWindow(Favourites)</onclick>
					</item>
					<item id="8">
					<label>חיפוש</label>
						<thumb>special://skin/extras/arrows/search-15-xxl.png</thumb>
						<onclick>ActivateWindow(10025,&quot;plugin://plugin.video.telemedia/?data=all&amp;dates=%20&amp;description=Search%20All&amp;eng_name=%20&amp;episode=%20&amp;fanart=https%3a%2f%2fcdn.ilovefreesoftware.com%2fwp-content%2fuploads%2f2019%2f06%2fSearch-Telegram-Channels.png&amp;fav_status=false&amp;heb_name=%20&amp;iconimage=https%3a%2f%2flh5.googleusercontent.com%2fproxy%2f-RGejAHqTw0SEl8o3_eK3abBTFCoR49bh780mJ-HX2kK_Qf0aeTzeKuN_WHmW5wOZzKEmlsHE684lxp8BNbejnLx-S4S7dJDeCea3ESPCPMrkUucyFXNH5F_4iktdqh7vKfE5QNGtMZF6QAwAGknYp6v8oeRQg&amp;id=%20&amp;image_master&amp;isr=0&amp;last_id=0%24%24%240&amp;mode=113&amp;name=%d7%97%d7%99%d7%a4%d7%95%d7%a9&amp;original_title=%20&amp;season=%20&amp;show_original_year=%20&amp;tmdbid=%20&amp;url=%20&quot;,return)</onclick>
					</item>
					<item id="9">
					<label>רענון תוכן מסך ראשי</label>
						<thumb>special://skin/extras/test/sinchronize-xxl.png</thumb>
						<onclick>PlayMedia(&quot;plugin://plugin.video.mando/?url=www&amp;mode=35&amp;name=ניקוי מטמון&quot;)</onclick>
						<onclick>PlayMedia(&quot;plugin://plugin.audio.My.Music/?url=www&amp;mode=99&amp;name=%5BCOLOR+pink%5D%5BI%5D%5BB%5D%5BCOLOR+burlywood%5D-%D7%A7%D7%90%D7%A9+%5B%2FCOLOR%5D%5B%2FB%5D%5BB%5D%5BCOLOR+aqua%5D%D7%A0%D7%99%D7%A7%D7%95%D7%99-+%5B%2FCOLOR%5D%5B%2FB%5D%5B%2FI%5D%5B%2FCOLOR%5D&quot;)</onclick>
						<onclick>ReloadSkin()</onclick>
					</item>
					<item id="10">
					<label>רענון תוכן מסך ראשי</label>
					<thumb>special://skin/extras/telegram-xxl.png</thumb>
					<onclick>Control.SetFocus(8824)</onclick>
					</item>
					<item id="11">
					<label>רענון תוכן מסך ראשי</label>
						<thumb>special://skin/extras/test/sinchronize-xxl.png</thumb>
						<onclick>PlayMedia(&quot;plugin://plugin.video.mando/?url=www&amp;mode=35&amp;name=ניקוי מטמון&quot;)</onclick>
						<onclick>PlayMedia(&quot;plugin://plugin.audio.My.Music/?url=www&amp;mode=99&amp;name=%5BCOLOR+pink%5D%5BI%5D%5BB%5D%5BCOLOR+burlywood%5D-%D7%A7%D7%90%D7%A9+%5B%2FCOLOR%5D%5B%2FB%5D%5BB%5D%5BCOLOR+aqua%5D%D7%A0%D7%99%D7%A7%D7%95%D7%99-+%5B%2FCOLOR%5D%5B%2FB%5D%5B%2FI%5D%5B%2FCOLOR%5D&quot;)</onclick>
						<onclick>ReloadSkin()</onclick>
					</item>
	
				</content>
			</control>
		</control>
			</include>

<include name="backgroundplayedinfo">
			<control type="videowindow">
			<width>1</width>
			<height>1</height>
			</control>
			
			
			<control type="group">
			<visible>Player.HasAudio</visible>
			<visible>!Player.HasVideo</visible>
			<posx>0</posx>
			<posy>730</posy>
			<control type="image">
			<posx>0</posx>
			<posy>0</posy>
			<width>1350</width>
			<height>40</height>
			<bordertexture colordiffuse="gray">white.png</bordertexture>
			<bordersize>1</bordersize>
			<texture colordiffuse="black">white.png</texture>
			</control>
			<control type="label">
			<visible>!IsEmpty(MusicPlayer.Title)</visible>
			<posx>0</posx>
			<posy>-2</posy>
			<width>1350</width>
			<height>40</height>
			<align>center</align>
			<label>[COLOR deepskyblue]$INFO[MusicPlayer.Title][/COLOR][COLOR white] מתנגן ברקע: [/COLOR]</label>
			</control>
			<control type="label">
			<visible>IsEmpty(MusicPlayer.Title)</visible>
			<posx>0</posx>
			<posy>-2</posy>
			<width>1350</width>
			<height>40</height>
			<align>center</align>
			<label>[COLOR deepskyblue]אין מידע על תוכן זה[/COLOR][COLOR white] מתנגן ברקע: [/COLOR]</label>
			</control>
			</control>
			
			
			<control type="group">
			<visible>Player.HasVideo</visible>
			<visible>!Player.HasAudio</visible>
			<posx>0</posx>
			<posy>730</posy>
			<control type="image">
			<posx>0</posx>
			<posy>0</posy>
			<width>1350</width>
			<height>40</height>
			<bordertexture colordiffuse="gray">white.png</bordertexture>
			<bordersize>1</bordersize>
			<texture colordiffuse="black">white.png</texture>
			</control>
			<control type="label">
			<visible>!IsEmpty(VideoPlayer.Title)</visible>
			<posx>0</posx>
			<posy>-2</posy>
			<width>1350</width>
			<height>40</height>
			<align>center</align>
			<label>[COLOR deepskyblue]$INFO[VideoPlayer.Title][/COLOR][COLOR white] מתנגן ברקע: [/COLOR]</label>
			</control>
			<control type="label">
			<visible>IsEmpty(VideoPlayer.Title)</visible>
			<posx>0</posx>
			<posy>-2</posy>
			<width>1350</width>
			<height>40</height>
			<align>center</align>
			<label>[COLOR deepskyblue]אין מידע על תוכן זה[/COLOR][COLOR white] מתנגן ברקע: [/COLOR]</label>
			</control>
			</control>
			
					
</include>


<include name="dateandtimemainscreen">
			<control type="group">
			<visible>Container(9001).HasFocus(5)</visible>
			<visible>![Player.HasVideo | Player.HasAudio]</visible>
			<posy>780</posy>
			<posx>1500</posx>
			<animation effect="fade" time="450">VisibleChange</animation>
            <control type="image">
                <posx>80</posx>
                <posy>-20</posy>
                <width>100</width>
                <height>100</height>
                <fadetime>350</fadetime>
                <aspectratio aligny="center" align="center">keep</aspectratio>
                <texture colordiffuse="white">$INFO[Weather.FanartCode,special://skin/extras/weather-icons/,.png]</texture>
            </control>
            <control type="textbox">
                <posx>20</posx>
                <posy>50</posy>
                <width>328</width>
                <align>left</align>
                <height>100</height>
                <font>Font-Header-Bold-Player</font>
                <textcolor>white</textcolor>
                <label>[B]$INFO[Weather.Temperature, טמפרטורה ][/B]</label>
            </control>
			</control>
			
			<control type="group">
			<visible>Container(9001).HasFocus(6)</visible>
			<visible>![Player.HasVideo | Player.HasAudio]</visible>
			<control type="label">
			<posx>1300</posx>
			<posy>770</posy>
			<width>600</width>
			<align>center</align>
			<font>font-21-newrecommnded</font>
			<label>$INFO[System.Date]</label>
			</control>
			<control type="label">
			<posx>1300</posx>
			<posy>830</posy>
			<width>600</width>
			<height>40</height>
			<align>center</align>
			<label>[B]$INFO[System.Time][/B]</label>
			</control>
			</control>
</include>

</includes>
