<?xml version="1.0" encoding="UTF-8"?>




<includes>
 
<include name="widget_content">
<animation condition="Control.HasFocus(9304) | Control.HasFocus(9305) | Control.HasFocus(9306) | Control.HasFocus(9307) | Control.HasFocus(9308) | Control.HasFocus(9309) | Control.HasFocus(9310) | Control.HasFocus(9311) | Control.HasFocus(9312) | Control.HasFocus(9313) | Control.HasFocus(9314) | Control.HasFocus(9315) | Control.HasFocus(9316) | Control.HasFocus(9317) | Control.HasFocus(9317)" effect="fade" start="100" end="0" time="150">Conditional</animation>
<animation condition="String.Contains(Container(9008).ListItem.Label,רשת 13 ויאודי)" effect="fade" start="100" end="0" time="150">Conditional</animation>
<animation condition="String.Contains(Container(9008).ListItem.Label,קשת 12 ויאודי)" effect="fade" start="100" end="0" time="150">Conditional</animation>
<animation condition="String.Contains(Container(9008).ListItem.Label,כאן 11 ויאודי)" effect="fade" start="100" end="0" time="150">Conditional</animation>
<posx>1365</posx>
<posy>283</posy>
<width>600</width>
<height>440</height>
<onback>9000</onback>
<onclick condition="Container(9000).HasFocus(1) | Container(9000).HasFocus(8)">Action(info)</onclick>
<orientation>vertical</orientation>
<itemlayout width="100" height="40">
<control type="image">
<posx>0</posx>
<posy>5</posy>
<width>550</width>
<height>35</height>
<texture colordiffuse="99444444">white.png</texture>
</control>
<control type="label">
<posx>100</posx>
<posy>0</posy>
<width>450</width>
<height>40</height>
<align>right</align>
<shadowcolor>black</shadowcolor>
<label>$INFO[ListItem.Label]</label>
</control>
<control type="label">
<visible>String.IsEqual(ListItem.Year,2020)</visible>
<posx>0</posx>
<posy>0</posy>
<width>80</width>
<height>35</height>
<align>left</align>
<textcolor>red</textcolor>
<label>[B][חדש][/B]</label>
</control>
</itemlayout>
<focusedlayout width="100" height="40">
<control type="image">
<posx>0</posx>
<posy>5</posy>
<width>550</width>
<height>35</height>
<texture colordiffuse="99444444">white.png</texture>
</control>
<control type="image">
<visible>Control.HasFocus(9202)</visible>
<posx>0</posx>
<posy>5</posy>
<width>550</width>
<height>35</height>
<texture colordiffuse="gray">white.png</texture>
</control>
<control type="label">
<posx>100</posx>
<posy>0</posy>
<width>450</width>
<height>40</height>
<align>right</align>
<shadowcolor>black</shadowcolor>
<label>$INFO[ListItem.Label]</label>
</control>
<control type="label">
<visible>String.IsEqual(ListItem.Year,2020)</visible>
<posx>0</posx>
<posy>0</posy>
<width>80</width>
<height>35</height>
<align>left</align>
<textcolor>red</textcolor>
<label>[B][חדש][/B]</label>
</control>
</focusedlayout>
</include>


<include name="nostalgy_widget_content">
<visible allowhiddenfocus="true">Control.HasFocus(9304)</visible>
<posx>1365</posx>
<posy>283</posy>
<width>600</width>
<height>440</height>
<onback>Control.SetFocus(8823)</onback>
<onclick condition="Container(9000).HasFocus(1) | Container(9000).HasFocus(8)">Action(info)</onclick>
<orientation>vertical</orientation>
<itemlayout width="100" height="40">
<control type="image">
<posx>0</posx>
<posy>5</posy>
<width>550</width>
<height>35</height>
<texture colordiffuse="99444444">white.png</texture>
</control>
<control type="label">
<posx>100</posx>
<posy>0</posy>
<width>450</width>
<height>40</height>
<align>right</align>
<shadowcolor>black</shadowcolor>
<label>$INFO[ListItem.Label]</label>
</control>
<control type="label">
<visible>String.IsEqual(ListItem.Year,2020)</visible>
<posx>0</posx>
<posy>0</posy>
<width>80</width>
<height>35</height>
<align>left</align>
<textcolor>red</textcolor>
<label>[B][חדש][/B]</label>
</control>
</itemlayout>
<focusedlayout width="100" height="40">
<control type="image">
<posx>0</posx>
<posy>5</posy>
<width>550</width>
<height>35</height>
<texture colordiffuse="99444444">white.png</texture>
</control>
<control type="image">
<visible>Control.HasFocus(9304)</visible>
<posx>0</posx>
<posy>5</posy>
<width>550</width>
<height>35</height>
<texture colordiffuse="gray">white.png</texture>
</control>
<control type="label">
<posx>100</posx>
<posy>0</posy>
<width>450</width>
<height>40</height>
<align>right</align>
<shadowcolor>black</shadowcolor>
<label>$INFO[ListItem.Label]</label>
</control>
<control type="label">
<visible>String.IsEqual(ListItem.Year,2020)</visible>
<posx>0</posx>
<posy>0</posy>
<width>80</width>
<height>35</height>
<align>left</align>
<textcolor>red</textcolor>
<label>[B][חדש][/B]</label>
</control>
</focusedlayout>
</include>


<include name="crime_widget_content">
<visible allowhiddenfocus="true">Control.HasFocus(9305)</visible>
<posx>1365</posx>
<posy>283</posy>
<width>600</width>
<height>440</height>
<onback>Control.SetFocus(8823)</onback>
<onclick condition="Container(9000).HasFocus(1) | Container(9000).HasFocus(8)">Action(info)</onclick>
<orientation>vertical</orientation>
<itemlayout width="100" height="40">
<control type="image">
<posx>0</posx>
<posy>5</posy>
<width>550</width>
<height>35</height>
<texture colordiffuse="99444444">white.png</texture>
</control>
<control type="label">
<posx>100</posx>
<posy>0</posy>
<width>450</width>
<height>40</height>
<align>right</align>
<shadowcolor>black</shadowcolor>
<label>$INFO[ListItem.Label]</label>
</control>
<control type="label">
<visible>String.IsEqual(ListItem.Year,2020)</visible>
<posx>0</posx>
<posy>0</posy>
<width>80</width>
<height>35</height>
<align>left</align>
<textcolor>red</textcolor>
<label>[B][חדש][/B]</label>
</control>
</itemlayout>
<focusedlayout width="100" height="40">
<control type="image">
<posx>0</posx>
<posy>5</posy>
<width>550</width>
<height>35</height>
<texture colordiffuse="99444444">white.png</texture>
</control>
<control type="image">
<visible>Control.HasFocus(9305)</visible>
<posx>0</posx>
<posy>5</posy>
<width>550</width>
<height>35</height>
<texture colordiffuse="gray">white.png</texture>
</control>
<control type="label">
<posx>100</posx>
<posy>0</posy>
<width>450</width>
<height>40</height>
<align>right</align>
<shadowcolor>black</shadowcolor>
<label>$INFO[ListItem.Label]</label>
</control>
<control type="label">
<visible>String.IsEqual(ListItem.Year,2020)</visible>
<posx>0</posx>
<posy>0</posy>
<width>80</width>
<height>35</height>
<align>left</align>
<textcolor>red</textcolor>
<label>[B][חדש][/B]</label>
</control>
</focusedlayout>
</include>

<include name="comedy_widget_content">
<visible allowhiddenfocus="true">Control.HasFocus(9306)</visible>
<posx>1365</posx>
<posy>283</posy>
<width>600</width>
<height>440</height>
<onback>Control.SetFocus(8823)</onback>
<onclick condition="Container(9000).HasFocus(1) | Container(9000).HasFocus(8)">Action(info)</onclick>
<orientation>vertical</orientation>
<itemlayout width="100" height="40">
<control type="image">
<posx>0</posx>
<posy>5</posy>
<width>550</width>
<height>35</height>
<texture colordiffuse="99444444">white.png</texture>
</control>
<control type="label">
<posx>100</posx>
<posy>0</posy>
<width>450</width>
<height>40</height>
<align>right</align>
<shadowcolor>black</shadowcolor>
<label>$INFO[ListItem.Label]</label>
</control>
<control type="label">
<visible>String.IsEqual(ListItem.Year,2020)</visible>
<posx>0</posx>
<posy>0</posy>
<width>80</width>
<height>35</height>
<align>left</align>
<textcolor>red</textcolor>
<label>[B][חדש][/B]</label>
</control>
</itemlayout>
<focusedlayout width="100" height="40">
<control type="image">
<posx>0</posx>
<posy>5</posy>
<width>550</width>
<height>35</height>
<texture colordiffuse="99444444">white.png</texture>
</control>
<control type="image">
<visible>Control.HasFocus(9306)</visible>
<posx>0</posx>
<posy>5</posy>
<width>550</width>
<height>35</height>
<texture colordiffuse="gray">white.png</texture>
</control>
<control type="label">
<posx>100</posx>
<posy>0</posy>
<width>450</width>
<height>40</height>
<align>right</align>
<shadowcolor>black</shadowcolor>
<label>$INFO[ListItem.Label]</label>
</control>
<control type="label">
<visible>String.IsEqual(ListItem.Year,2020)</visible>
<posx>0</posx>
<posy>0</posy>
<width>80</width>
<height>35</height>
<align>left</align>
<textcolor>red</textcolor>
<label>[B][חדש][/B]</label>
</control>
</focusedlayout>
</include>

<include name="drama_widget_content">
<visible allowhiddenfocus="true">Control.HasFocus(9307)</visible>
<posx>1365</posx>
<posy>283</posy>
<width>600</width>
<height>440</height>
<onback>Control.SetFocus(8823)</onback>
<onclick condition="Container(9000).HasFocus(1) | Container(9000).HasFocus(8)">Action(info)</onclick>
<orientation>vertical</orientation>
<itemlayout width="100" height="40">
<control type="image">
<posx>0</posx>
<posy>5</posy>
<width>550</width>
<height>35</height>
<texture colordiffuse="99444444">white.png</texture>
</control>
<control type="label">
<posx>100</posx>
<posy>0</posy>
<width>450</width>
<height>40</height>
<align>right</align>
<shadowcolor>black</shadowcolor>
<label>$INFO[ListItem.Label]</label>
</control>
<control type="label">
<visible>String.IsEqual(ListItem.Year,2020)</visible>
<posx>0</posx>
<posy>0</posy>
<width>80</width>
<height>35</height>
<align>left</align>
<textcolor>red</textcolor>
<label>[B][חדש][/B]</label>
</control>
</itemlayout>
<focusedlayout width="100" height="40">
<control type="image">
<posx>0</posx>
<posy>5</posy>
<width>550</width>
<height>35</height>
<texture colordiffuse="99444444">white.png</texture>
</control>
<control type="image">
<visible>Control.HasFocus(9307)</visible>
<posx>0</posx>
<posy>5</posy>
<width>550</width>
<height>35</height>
<texture colordiffuse="gray">white.png</texture>
</control>
<control type="label">
<posx>100</posx>
<posy>0</posy>
<width>450</width>
<height>40</height>
<align>right</align>
<shadowcolor>black</shadowcolor>
<label>$INFO[ListItem.Label]</label>
</control>
<control type="label">
<visible>String.IsEqual(ListItem.Year,2020)</visible>
<posx>0</posx>
<posy>0</posy>
<width>80</width>
<height>35</height>
<align>left</align>
<textcolor>red</textcolor>
<label>[B][חדש][/B]</label>
</control>
</focusedlayout>
</include>

<include name="family_widget_content">
<visible allowhiddenfocus="true">Control.HasFocus(9308)</visible>
<posx>1365</posx>
<posy>283</posy>
<width>600</width>
<height>440</height>
<onback>Control.SetFocus(8823)</onback>
<onclick condition="Container(9000).HasFocus(1) | Container(9000).HasFocus(8)">Action(info)</onclick>
<orientation>vertical</orientation>
<itemlayout width="100" height="40">
<control type="image">
<posx>0</posx>
<posy>5</posy>
<width>550</width>
<height>35</height>
<texture colordiffuse="99444444">white.png</texture>
</control>
<control type="label">
<posx>100</posx>
<posy>0</posy>
<width>450</width>
<height>40</height>
<align>right</align>
<shadowcolor>black</shadowcolor>
<label>$INFO[ListItem.Label]</label>
</control>
<control type="label">
<visible>String.IsEqual(ListItem.Year,2020)</visible>
<posx>0</posx>
<posy>0</posy>
<width>80</width>
<height>35</height>
<align>left</align>
<textcolor>red</textcolor>
<label>[B][חדש][/B]</label>
</control>
</itemlayout>
<focusedlayout width="100" height="40">
<control type="image">
<posx>0</posx>
<posy>5</posy>
<width>550</width>
<height>35</height>
<texture colordiffuse="99444444">white.png</texture>
</control>
<control type="image">
<visible>Control.HasFocus(9308)</visible>
<posx>0</posx>
<posy>5</posy>
<width>550</width>
<height>35</height>
<texture colordiffuse="gray">white.png</texture>
</control>
<control type="label">
<posx>100</posx>
<posy>0</posy>
<width>450</width>
<height>40</height>
<align>right</align>
<shadowcolor>black</shadowcolor>
<label>$INFO[ListItem.Label]</label>
</control>
<control type="label">
<visible>String.IsEqual(ListItem.Year,2020)</visible>
<posx>0</posx>
<posy>0</posy>
<width>80</width>
<height>35</height>
<align>left</align>
<textcolor>red</textcolor>
<label>[B][חדש][/B]</label>
</control>
</focusedlayout>
</include>

<include name="cifi_widget_content">
<visible allowhiddenfocus="true">Control.HasFocus(9309)</visible>
<posx>1365</posx>
<posy>283</posy>
<width>600</width>
<height>440</height>
<onback>Control.SetFocus(8823)</onback>
<onclick condition="Container(9000).HasFocus(1) | Container(9000).HasFocus(8)">Action(info)</onclick>
<orientation>vertical</orientation>
<itemlayout width="100" height="40">
<control type="image">
<posx>0</posx>
<posy>5</posy>
<width>550</width>
<height>35</height>
<texture colordiffuse="99444444">white.png</texture>
</control>
<control type="label">
<posx>100</posx>
<posy>0</posy>
<width>450</width>
<height>40</height>
<align>right</align>
<shadowcolor>black</shadowcolor>
<label>$INFO[ListItem.Label]</label>
</control>
<control type="label">
<visible>String.IsEqual(ListItem.Year,2020)</visible>
<posx>0</posx>
<posy>0</posy>
<width>80</width>
<height>35</height>
<align>left</align>
<textcolor>red</textcolor>
<label>[B][חדש][/B]</label>
</control>
</itemlayout>
<focusedlayout width="100" height="40">
<control type="image">
<posx>0</posx>
<posy>5</posy>
<width>550</width>
<height>35</height>
<texture colordiffuse="99444444">white.png</texture>
</control>
<control type="image">
<visible>Control.HasFocus(9309)</visible>
<posx>0</posx>
<posy>5</posy>
<width>550</width>
<height>35</height>
<texture colordiffuse="gray">white.png</texture>
</control>
<control type="label">
<posx>100</posx>
<posy>0</posy>
<width>450</width>
<height>40</height>
<align>right</align>
<shadowcolor>black</shadowcolor>
<label>$INFO[ListItem.Label]</label>
</control>
<control type="label">
<visible>String.IsEqual(ListItem.Year,2020)</visible>
<posx>0</posx>
<posy>0</posy>
<width>80</width>
<height>35</height>
<align>left</align>
<textcolor>red</textcolor>
<label>[B][חדש][/B]</label>
</control>
</focusedlayout>
</include>

<include name="nature_widget_content">
<visible allowhiddenfocus="true">Control.HasFocus(9310)</visible>
<posx>1365</posx>
<posy>283</posy>
<width>600</width>
<height>440</height>
<onback>Control.SetFocus(8823)</onback>
<onclick condition="Container(9000).HasFocus(1) | Container(9000).HasFocus(8)">Action(info)</onclick>
<orientation>vertical</orientation>
<itemlayout width="100" height="40">
<control type="image">
<posx>0</posx>
<posy>5</posy>
<width>550</width>
<height>35</height>
<texture colordiffuse="99444444">white.png</texture>
</control>
<control type="label">
<posx>100</posx>
<posy>0</posy>
<width>450</width>
<height>40</height>
<align>right</align>
<shadowcolor>black</shadowcolor>
<label>$INFO[ListItem.Label]</label>
</control>
<control type="label">
<visible>String.IsEqual(ListItem.Year,2020)</visible>
<posx>0</posx>
<posy>0</posy>
<width>80</width>
<height>35</height>
<align>left</align>
<textcolor>red</textcolor>
<label>[B][חדש][/B]</label>
</control>
</itemlayout>
<focusedlayout width="100" height="40">
<control type="image">
<posx>0</posx>
<posy>5</posy>
<width>550</width>
<height>35</height>
<texture colordiffuse="99444444">white.png</texture>
</control>
<control type="image">
<visible>Control.HasFocus(9310)</visible>
<posx>0</posx>
<posy>5</posy>
<width>550</width>
<height>35</height>
<texture colordiffuse="gray">white.png</texture>
</control>
<control type="label">
<posx>100</posx>
<posy>0</posy>
<width>450</width>
<height>40</height>
<align>right</align>
<shadowcolor>black</shadowcolor>
<label>$INFO[ListItem.Label]</label>
</control>
<control type="label">
<visible>String.IsEqual(ListItem.Year,2020)</visible>
<posx>0</posx>
<posy>0</posy>
<width>80</width>
<height>35</height>
<align>left</align>
<textcolor>red</textcolor>
<label>[B][חדש][/B]</label>
</control>
</focusedlayout>
</include>

<include name="action_widget_content">
<visible allowhiddenfocus="true">Control.HasFocus(9311)</visible>
<posx>1365</posx>
<posy>283</posy>
<width>600</width>
<height>440</height>
<onback>Control.SetFocus(8823)</onback>
<onclick condition="Container(9000).HasFocus(1) | Container(9000).HasFocus(8)">Action(info)</onclick>
<orientation>vertical</orientation>
<itemlayout width="100" height="40">
<control type="image">
<posx>0</posx>
<posy>5</posy>
<width>550</width>
<height>35</height>
<texture colordiffuse="99444444">white.png</texture>
</control>
<control type="label">
<posx>100</posx>
<posy>0</posy>
<width>450</width>
<height>40</height>
<align>right</align>
<shadowcolor>black</shadowcolor>
<label>$INFO[ListItem.Label]</label>
</control>
<control type="label">
<visible>String.IsEqual(ListItem.Year,2020)</visible>
<posx>0</posx>
<posy>0</posy>
<width>80</width>
<height>35</height>
<align>left</align>
<textcolor>red</textcolor>
<label>[B][חדש][/B]</label>
</control>
</itemlayout>
<focusedlayout width="100" height="40">
<control type="image">
<posx>0</posx>
<posy>5</posy>
<width>550</width>
<height>35</height>
<texture colordiffuse="99444444">white.png</texture>
</control>
<control type="image">
<visible>Control.HasFocus(9311)</visible>
<posx>0</posx>
<posy>5</posy>
<width>550</width>
<height>35</height>
<texture colordiffuse="gray">white.png</texture>
</control>
<control type="label">
<posx>100</posx>
<posy>0</posy>
<width>450</width>
<height>40</height>
<align>right</align>
<shadowcolor>black</shadowcolor>
<label>$INFO[ListItem.Label]</label>
</control>
<control type="label">
<visible>String.IsEqual(ListItem.Year,2020)</visible>
<posx>0</posx>
<posy>0</posy>
<width>80</width>
<height>35</height>
<align>left</align>
<textcolor>red</textcolor>
<label>[B][חדש][/B]</label>
</control>
</focusedlayout>
</include>

<include name="docu_widget_content">
<visible allowhiddenfocus="true">Control.HasFocus(9312)</visible>
<posx>1365</posx>
<posy>283</posy>
<width>600</width>
<height>440</height>
<onback>Control.SetFocus(8823)</onback>
<onclick condition="Container(9000).HasFocus(1) | Container(9000).HasFocus(8)">Action(info)</onclick>
<orientation>vertical</orientation>
<itemlayout width="100" height="40">
<control type="image">
<posx>0</posx>
<posy>5</posy>
<width>550</width>
<height>35</height>
<texture colordiffuse="99444444">white.png</texture>
</control>
<control type="label">
<posx>100</posx>
<posy>0</posy>
<width>450</width>
<height>40</height>
<align>right</align>
<shadowcolor>black</shadowcolor>
<label>$INFO[ListItem.Label]</label>
</control>
<control type="label">
<visible>String.IsEqual(ListItem.Year,2020)</visible>
<posx>0</posx>
<posy>0</posy>
<width>80</width>
<height>35</height>
<align>left</align>
<textcolor>red</textcolor>
<label>[B][חדש][/B]</label>
</control>
</itemlayout>
<focusedlayout width="100" height="40">
<control type="image">
<posx>0</posx>
<posy>5</posy>
<width>550</width>
<height>35</height>
<texture colordiffuse="99444444">white.png</texture>
</control>
<control type="image">
<visible>Control.HasFocus(9312)</visible>
<posx>0</posx>
<posy>5</posy>
<width>550</width>
<height>35</height>
<texture colordiffuse="gray">white.png</texture>
</control>
<control type="label">
<posx>100</posx>
<posy>0</posy>
<width>450</width>
<height>40</height>
<align>right</align>
<shadowcolor>black</shadowcolor>
<label>$INFO[ListItem.Label]</label>
</control>
<control type="label">
<visible>String.IsEqual(ListItem.Year,2020)</visible>
<posx>0</posx>
<posy>0</posy>
<width>80</width>
<height>35</height>
<align>left</align>
<textcolor>red</textcolor>
<label>[B][חדש][/B]</label>
</control>
</focusedlayout>
</include>

<include name="israeli_widget_content">
<visible allowhiddenfocus="true">Control.HasFocus(9313)</visible>
<posx>1365</posx>
<posy>283</posy>
<width>600</width>
<height>440</height>
<onback>Control.SetFocus(9000)</onback>
<onclick condition="Container(9000).HasFocus(1) | Container(9000).HasFocus(8)">Action(info)</onclick>
<orientation>vertical</orientation>
<itemlayout width="100" height="40">
<control type="image">
<posx>0</posx>
<posy>5</posy>
<width>550</width>
<height>35</height>
<texture colordiffuse="99444444">white.png</texture>
</control>
<control type="label">
<posx>100</posx>
<posy>0</posy>
<width>450</width>
<height>40</height>
<align>right</align>
<shadowcolor>black</shadowcolor>
<label>$INFO[ListItem.Label]</label>
</control>
<control type="label">
<visible>String.IsEqual(ListItem.Year,2020)</visible>
<posx>0</posx>
<posy>0</posy>
<width>80</width>
<height>35</height>
<align>left</align>
<textcolor>red</textcolor>
<label>[B][חדש][/B]</label>
</control>
</itemlayout>
<focusedlayout width="100" height="40">
<control type="image">
<posx>0</posx>
<posy>5</posy>
<width>550</width>
<height>35</height>
<texture colordiffuse="99444444">white.png</texture>
</control>
<control type="image">
<visible>Control.HasFocus(9313)</visible>
<posx>0</posx>
<posy>5</posy>
<width>550</width>
<height>35</height>
<texture colordiffuse="gray">white.png</texture>
</control>
<control type="label">
<posx>100</posx>
<posy>0</posy>
<width>450</width>
<height>40</height>
<align>right</align>
<shadowcolor>black</shadowcolor>
<label>$INFO[ListItem.Label]</label>
</control>
<control type="label">
<visible>String.IsEqual(ListItem.Year,2020)</visible>
<posx>0</posx>
<posy>0</posy>
<width>80</width>
<height>35</height>
<align>left</align>
<textcolor>red</textcolor>
<label>[B][חדש][/B]</label>
</control>
</focusedlayout>
</include>

<include name="kids_widget_content">
<visible allowhiddenfocus="true">Control.HasFocus(9314)</visible>
<posx>1365</posx>
<posy>283</posy>
<width>600</width>
<height>440</height>
<onback>Control.SetFocus(8827)</onback>
<onclick condition="Container(9000).HasFocus(1) | Container(9000).HasFocus(8)">Action(info)</onclick>
<orientation>vertical</orientation>
<itemlayout width="100" height="40">
<control type="image">
<posx>0</posx>
<posy>5</posy>
<width>550</width>
<height>35</height>
<texture colordiffuse="99444444">white.png</texture>
</control>
<control type="label">
<posx>100</posx>
<posy>0</posy>
<width>450</width>
<height>40</height>
<align>right</align>
<shadowcolor>black</shadowcolor>
<label>$INFO[ListItem.Label]</label>
</control>
<control type="label">
<visible>String.IsEqual(ListItem.Year,2020)</visible>
<posx>0</posx>
<posy>0</posy>
<width>80</width>
<height>35</height>
<align>left</align>
<textcolor>red</textcolor>
<label>[B][חדש][/B]</label>
</control>
</itemlayout>
<focusedlayout width="100" height="40">
<control type="image">
<posx>0</posx>
<posy>5</posy>
<width>550</width>
<height>35</height>
<texture colordiffuse="99444444">white.png</texture>
</control>
<control type="image">
<visible>Control.HasFocus(9314)</visible>
<posx>0</posx>
<posy>5</posy>
<width>550</width>
<height>35</height>
<texture colordiffuse="gray">white.png</texture>
</control>
<control type="label">
<posx>100</posx>
<posy>0</posy>
<width>450</width>
<height>40</height>
<align>right</align>
<shadowcolor>black</shadowcolor>
<label>$INFO[ListItem.Label]</label>
</control>
<control type="label">
<visible>String.IsEqual(ListItem.Year,2020)</visible>
<posx>0</posx>
<posy>0</posy>
<width>80</width>
<height>35</height>
<align>left</align>
<textcolor>red</textcolor>
<label>[B][חדש][/B]</label>
</control>
</focusedlayout>
</include>

<include name="reshet_widget_content">
<animation condition="String.Contains(Container(9008).ListItem.Label,רשת 13 ויאודי) | Control.HasFocus(9315)" effect="fade" srart="0" end="100" time="250">Conditional</animation>
<visible allowhiddenfocus="true">String.Contains(Container(9008).ListItem.Label,רשת 13 ויאודי) | Control.HasFocus(9315)</visible>
<posx>1365</posx>
<posy>283</posy>
<width>600</width>
<height>440</height>
<onback>Control.SetFocus(9008)</onback>
<onclick condition="Container(9000).HasFocus(1) | Container(9000).HasFocus(8)">Action(info)</onclick>
<orientation>vertical</orientation>
<itemlayout width="100" height="40">
<control type="image">
<posx>0</posx>
<posy>5</posy>
<width>550</width>
<height>35</height>
<texture colordiffuse="99444444">white.png</texture>
</control>
<control type="label">
<posx>100</posx>
<posy>0</posy>
<width>450</width>
<height>40</height>
<align>right</align>
<shadowcolor>black</shadowcolor>
<label>$INFO[ListItem.Label]</label>
</control>
<control type="label">
<visible>String.IsEqual(ListItem.Year,2020)</visible>
<posx>0</posx>
<posy>0</posy>
<width>80</width>
<height>35</height>
<align>left</align>
<textcolor>red</textcolor>
<label>[B][חדש][/B]</label>
</control>
</itemlayout>
<focusedlayout width="100" height="40">
<control type="image">
<posx>0</posx>
<posy>5</posy>
<width>550</width>
<height>35</height>
<texture colordiffuse="99444444">white.png</texture>
</control>
<control type="image">
<visible>Control.HasFocus(9315)</visible>
<posx>0</posx>
<posy>5</posy>
<width>550</width>
<height>35</height>
<texture colordiffuse="gray">white.png</texture>
</control>
<control type="label">
<posx>100</posx>
<posy>0</posy>
<width>450</width>
<height>40</height>
<align>right</align>
<shadowcolor>black</shadowcolor>
<label>$INFO[ListItem.Label]</label>
</control>
<control type="label">
<visible>String.IsEqual(ListItem.Year,2020)</visible>
<posx>0</posx>
<posy>0</posy>
<width>80</width>
<height>35</height>
<align>left</align>
<textcolor>red</textcolor>
<label>[B][חדש][/B]</label>
</control>
</focusedlayout>
</include>

<include name="keshet_widget_content">
<animation condition="String.Contains(Container(9008).ListItem.Label,קשת 12 ויאודי) | Control.HasFocus(9316)" effect="fade" srart="0" end="100" time="250">Conditional</animation>
<visible allowhiddenfocus="true">String.Contains(Container(9008).ListItem.Label,קשת 12 ויאודי) | Control.HasFocus(9316)</visible>
<posx>1365</posx>
<posy>283</posy>
<width>600</width>
<height>440</height>
<onback>Control.SetFocus(9008)</onback>
<onclick condition="Container(9000).HasFocus(1) | Container(9000).HasFocus(8)">Action(info)</onclick>
<orientation>vertical</orientation>
<itemlayout width="100" height="40">
<control type="image">
<posx>0</posx>
<posy>5</posy>
<width>550</width>
<height>35</height>
<texture colordiffuse="99444444">white.png</texture>
</control>
<control type="label">
<posx>100</posx>
<posy>0</posy>
<width>450</width>
<height>40</height>
<align>right</align>
<shadowcolor>black</shadowcolor>
<label>$INFO[ListItem.Label]</label>
</control>
<control type="label">
<visible>String.IsEqual(ListItem.Year,2020)</visible>
<posx>0</posx>
<posy>0</posy>
<width>80</width>
<height>35</height>
<align>left</align>
<textcolor>red</textcolor>
<label>[B][חדש][/B]</label>
</control>
</itemlayout>
<focusedlayout width="100" height="40">
<control type="image">
<posx>0</posx>
<posy>5</posy>
<width>550</width>
<height>35</height>
<texture colordiffuse="99444444">white.png</texture>
</control>
<control type="image">
<visible>Control.HasFocus(9316)</visible>
<posx>0</posx>
<posy>5</posy>
<width>550</width>
<height>35</height>
<texture colordiffuse="gray">white.png</texture>
</control>
<control type="label">
<posx>100</posx>
<posy>0</posy>
<width>450</width>
<height>40</height>
<align>right</align>
<shadowcolor>black</shadowcolor>
<label>$INFO[ListItem.Label]</label>
</control>
<control type="label">
<visible>String.IsEqual(ListItem.Year,2020)</visible>
<posx>0</posx>
<posy>0</posy>
<width>80</width>
<height>35</height>
<align>left</align>
<textcolor>red</textcolor>
<label>[B][חדש][/B]</label>
</control>
</focusedlayout>
</include>

<include name="kan_widget_content">
<animation condition="String.Contains(Container(9008).ListItem.Label,כאן 11 ויאודי) | Control.HasFocus(9317)" effect="fade" srart="0" end="100" time="250">Conditional</animation>
<visible allowhiddenfocus="true">String.Contains(Container(9008).ListItem.Label,כאן 11 ויאודי) | Control.HasFocus(9317)</visible>
<posx>1365</posx>
<posy>283</posy>
<width>600</width>
<height>440</height>
<onback>Control.SetFocus(9008)</onback>
<onclick condition="Container(9000).HasFocus(1) | Container(9000).HasFocus(8)">Action(info)</onclick>
<orientation>vertical</orientation>
<itemlayout width="100" height="40">
<control type="image">
<posx>0</posx>
<posy>5</posy>
<width>550</width>
<height>35</height>
<texture colordiffuse="99444444">white.png</texture>
</control>
<control type="label">
<posx>100</posx>
<posy>0</posy>
<width>450</width>
<height>40</height>
<align>right</align>
<shadowcolor>black</shadowcolor>
<label>$INFO[ListItem.Label]</label>
</control>
<control type="label">
<visible>String.IsEqual(ListItem.Year,2020)</visible>
<posx>0</posx>
<posy>0</posy>
<width>80</width>
<height>35</height>
<align>left</align>
<textcolor>red</textcolor>
<label>[B][חדש][/B]</label>
</control>
</itemlayout>
<focusedlayout width="100" height="40">
<control type="image">
<posx>0</posx>
<posy>5</posy>
<width>550</width>
<height>35</height>
<texture colordiffuse="99444444">white.png</texture>
</control>
<control type="image">
<visible>Control.HasFocus(9317)</visible>
<posx>0</posx>
<posy>5</posy>
<width>550</width>
<height>35</height>
<texture colordiffuse="gray">white.png</texture>
</control>
<control type="label">
<posx>100</posx>
<posy>0</posy>
<width>450</width>
<height>40</height>
<align>right</align>
<shadowcolor>black</shadowcolor>
<label>$INFO[ListItem.Label]</label>
</control>
<control type="label">
<visible>String.IsEqual(ListItem.Year,2020)</visible>
<posx>0</posx>
<posy>0</posy>
<width>80</width>
<height>35</height>
<align>left</align>
<textcolor>red</textcolor>
<label>[B][חדש][/B]</label>
</control>
</focusedlayout>
</include>


	<include name="sdarottv_widget_content">
			<animation condition="Window.IsActive(DialogVideoInfo.xml)" effect="slide" start="0,0" end="0,300" time="550" tween="sine" easing="inout">Conditional</animation>
			<animation condition="Window.IsActive(DialogVideoInfo.xml)" effect="fade" start="100" end="0" time="250">Conditional</animation>
			<animation condition="Control.HasFocus(9318)" effect="slide" start="0,0" end="0,-1200" time="450" tween="sine" easing="inout">Conditional</animation>
			<posx>2</posx>
			<posy>1425</posy>
			<width>1348</width>
			<height>400</height>
			<onback>9008</onback>
			<ondown>9008</ondown>
			<orientation>horizontal</orientation>
			<itemlayout width="260" height="50">
			<control type="image">
			<posx>0</posx>
			<posy>10</posy>
			<width>250</width>
			<height>40</height>
			<bordertexture colordiffuse="gray">white.png</bordertexture>
			<bordersize>1</bordersize>
			<texture colordiffuse="black">white.png</texture>
			</control>
			<control type="label">
			<posx>0</posx>
			<posy>8</posy>
			<width>250</width>
			<height>50</height>
			<align>center</align>
			<label>$INFO[ListItem.Label]</label>
			</control>
			</itemlayout>
			<focusedlayout width="260" height="50">
			<control type="image">
			<posx>0</posx>
			<posy>10</posy>
			<width>250</width>
			<height>40</height>
			<bordertexture colordiffuse="gray">white.png</bordertexture>
			<bordersize>1</bordersize>
			<texture colordiffuse="black">white.png</texture>
			</control>
			<control type="image">
			<visible>control.hasfocus(9318)</visible>
			<posx>0</posx>
			<posy>12</posy>
			<width>250</width>
			<height>35</height>
			<texture colordiffuse="gray">white.png</texture>
			</control>
			<control type="label">
			<posx>0</posx>
			<posy>8</posy>
			<width>250</width>
			<height>50</height>
			<align>center</align>
			<label>$INFO[ListItem.Label]</label>
			</control>
			</focusedlayout>
</include>

</includes>
