<?xml version="1.0" encoding="UTF-8"?>




<includes>
 
<include name="mainscreenmusicplayer">

<control type="group">
<posy>50</posy>
<animation condition="Window.IsActive(6100) | Window.IsActive(6099)" effect="slide" start="0,0" end="0,1000" time="150" tween="sine" easing="inout">Conditional</animation>
<control type="image">
<posx>0</posx>
<posy>730</posy>
<width>1920</width>
<height>300</height>
<bordertexture colordiffuse="gray">white.png</bordertexture>
<bordersize>1</bordersize>
<texture colordiffuse="black">white.png</texture>
</control>

		<control type="panel" id="8005">
		<visible>Player.HasMedia</visible>
		<posy>675</posy>
		<posx>20</posx>
		<width>1000</width>
		<height>80</height>
		<ondown>535</ondown>
		<orientation>horizontal</orientation>
		<ondown>402</ondown>
		<onback>5</onback>
		<onleft>5</onleft>
		<itemlayout width="80" height="80">
	<control type="image">
		<posx>15</posx>
		<posy>15</posy>
		<width>35</width>
		<height>35</height>
		<texture colordiffuse="white">$INFO[ListItem.Thumb]</texture>
		</control>
		</itemlayout>
		<focusedlayout width="80" height="80">
	<control type="image">
		<posx>15</posx>
		<posy>15</posy>
		<width>35</width>
		<height>35</height>
		<texture colordiffuse="orange">$INFO[ListItem.Thumb]</texture>
	</control>
		</focusedlayout>
		<content>
		<item>
		<thumb>special://skin/extras/osd/rewind.png</thumb>
		<onclick>PlayerControl(rewind)</onclick>
		</item>
		<item>
		<thumb>special://skin/extras/osd/previous.png</thumb>
		<onclick>PlayerControl(previous)</onclick>
		</item>
		<item>
		<thumb>special://skin/extras/osd/stop.png</thumb>
		<onclick>Control.SetFocus(5)</onclick>
		<onclick>PlayerControl(Stop)</onclick>
		
		<onclick>ClearProperty(home)</onclick>
		</item>
		<item>
		<visible>Player.Paused</visible>
		<thumb>special://skin/extras/osd/play.png</thumb>
		<onclick>play</onclick>
		</item>
		<item>
		<visible>!Player.Paused</visible>
		<thumb>special://skin/extras/osd/pause.png</thumb>
		<onclick>pause</onclick>
		</item>

		<item>
		<thumb>special://skin/extras/osd/skipnext.png</thumb>
		<onclick>PlayerControl(next)</onclick>
		</item>
		<item>
		<thumb>special://skin/extras/osd/forward.png</thumb>
		<onclick>PlayerControl(forward)</onclick>
		</item>
		</content>
		</control>


<control type="list" id="535">
<posx>250</posx>
<posy>980</posy>
<width>1200</width>
<height>200</height>
<onback>9000</onback>
<onup condition="Player.HasVideo | Player.Audio">8005</onup>
<onup condition="![Player.HasVideo | Player.Audio] + Container(535).HasFocus(1)">1801</onup>
<onup condition="![Player.HasVideo | Player.Audio] + Container(535).HasFocus(2)">1802</onup>
<onup condition="![Player.HasVideo | Player.Audio] + Container(535).HasFocus(3)">1803</onup>
<onup condition="![Player.HasVideo | Player.Audio] + Container(535).HasFocus(4)">1804</onup>
<orientation>horizontal</orientation>
<scrolltime tween="sine" easing="inout">350</scrolltime>
<itemlayout width="200" height="250">
<control type="label">
<posx>0</posx>
<posy>2</posy>
<width>300</width>
<height>40</height>
<align>center</align>
<label>$INFO[ListItem.Label]</label>
</control>
</itemlayout>
<focusedlayout width="200" height="250">
<control type="label">
<visible>!control.hasfocus(535)</visible>
<posx>0</posx>
<posy>2</posy>
<width>300</width>
<height>40</height>
<align>center</align>
<textcolor>white</textcolor>
<label>$INFO[ListItem.Label]</label>
</control>
<control type="label">
<visible>control.hasfocus(535)</visible>
<posx>0</posx>
<posy>2</posy>
<width>300</width>
<height>40</height>
<align>center</align>
<textcolor>yellow</textcolor>
<label>$INFO[ListItem.Label]</label>
</control>
<control type="image">
<visible>control.hasfocus(535)</visible>
<posx>60</posx>
<posy>5</posy>
<width>180</width>
<height>40</height>
<texture>special://skin/extras/views/default_button_fo.png</texture>
</control>
</focusedlayout>
<content>
<item id="1">
<label>רדיו מזרחית</label>
<onclick>Control.SetFocus(1801)</onclick>
</item>
<item id="2">
<label>רדיו לועזי</label>
<onclick>Control.SetFocus(1802)</onclick>
</item>
<item id="3">
<label>רדיו כללי</label>
<onclick>Control.SetFocus(1803)</onclick>
</item>
<item id="4">
<label>רדיו דתיים</label>
<onclick>Control.SetFocus(1804)</onclick>
</item>
</content>
</control>

		<control type="multiimage">
		<posx>1500</posx>
		<posy>755</posy>
		<width>350</width>
		<height>235</height>
		<fadetime>250</fadetime>
		<timeperimage>25000</timeperimage>
		<imagepath>special://skin/extras/gifanimation/music.gif</imagepath>
		</control>

<include content="thepowerofnewmusic">
<param name="musicpowerid" value="1801"/>
<param name="radiopoweritemnumber" value="1"/>
<param name="radiopowercontent" value="plugin://plugin.audio.My.Music/?cat_level=%20&amp;count=0&amp;description=%20Music%20in%20categories%2024-7%20&amp;fanart=https%3a%2f%2fi.ytimg.com%2fvi%2fW7c9SfSdXRA%2fmaxresdefault.jpg&amp;iconimage=https%3a%2f%2fpbs.twimg.com%2fprofile_images%2f974265887384657921%2futXy1ElP_400x400.jpg&amp;index_depth=0&amp;lang=eng&amp;mode=5&amp;name=radiomizrahi&amp;page&amp;selected_list=%20&amp;url=radiomizrahi&quot"/>
</include>

<include content="thepowerofnewmusic">
<param name="musicpowerid" value="1802"/>
<param name="radiopoweritemnumber" value="2"/>
<param name="radiopowercontent" value="plugin://plugin.audio.My.Music/?cat_level=%20&amp;count=0&amp;description=%20Music%20in%20categories%2024-7%20&amp;fanart=https%3a%2f%2fi.ytimg.com%2fvi%2fW7c9SfSdXRA%2fmaxresdefault.jpg&amp;iconimage=https%3a%2f%2fpbs.twimg.com%2fprofile_images%2f974265887384657921%2futXy1ElP_400x400.jpg&amp;index_depth=0&amp;lang=eng&amp;mode=5&amp;name=My%20Music&amp;page&amp;selected_list=%20&amp;url=My%20Music&quot"/>
</include>

<include content="thepowerofnewmusic">
<param name="musicpowerid" value="1803"/>
<param name="radiopoweritemnumber" value="3"/>
<param name="radiopowercontent" value="plugin://plugin.audio.My.Music/?cat_level=%20&amp;count=0&amp;description=%20Music%20in%20categories%2024-7%20&amp;fanart=https%3a%2f%2fi.ytimg.com%2fvi%2fW7c9SfSdXRA%2fmaxresdefault.jpg&amp;iconimage=https%3a%2f%2fpbs.twimg.com%2fprofile_images%2f974265887384657921%2futXy1ElP_400x400.jpg&amp;index_depth=0&amp;lang=eng&amp;mode=5&amp;name=generalradio&amp;page&amp;selected_list=%20&amp;url=generalradio&quot"/>
</include>

<include content="thepowerofnewmusic">
<param name="musicpowerid" value="1804"/>
<param name="radiopoweritemnumber" value="4"/>
<param name="radiopowercontent" value="plugin://plugin.audio.My.Music/?cat_level=%20&amp;count=0&amp;description=%20Music%20in%20categories%2024-7%20&amp;fanart=https%3a%2f%2fi.ytimg.com%2fvi%2fW7c9SfSdXRA%2fmaxresdefault.jpg&amp;iconimage=https%3a%2f%2fpbs.twimg.com%2fprofile_images%2f974265887384657921%2futXy1ElP_400x400.jpg&amp;index_depth=0&amp;lang=eng&amp;mode=5&amp;name=newmusic&amp;page&amp;selected_list=%20&amp;url=newmusic&quot"/>
</include>
</control>
</include>
 
 
<include name="thepowerofnewmusic">
<definition>
<control type="group">
<visible>Container(535).HasFocus($PARAM[radiopoweritemnumber])</visible>
<posx>-200</posx>
<control type="multiimage">
<posx>1330</posx>
<posy>750</posy>
<width>250</width>
<height>260</height>
<fadetime>450</fadetime>
<imagepath>$INFO[Container($PARAM[musicpowerid]).ListItem.Thumb]</imagepath>
</control>
<control type="multiimage">
<posx>220</posx>
<posy>750</posy>
<width>250</width>
<height>260</height>
<fadetime>450</fadetime>
<imagepath>$INFO[Container($PARAM[musicpowerid]).ListItem.Thumb]</imagepath>
</control>

<control type="group">
<visible>Player.HasAudio</visible>
<control type="label">
<posx>1750</posx>
<posy>685</posy>
<width>550</width>
<height>40</height>
<align>center</align>
<label>[COLOR deepskyblue]$INFO[MusicPlayer.Time][/COLOR][COLOR white] זמן ניגון: [/COLOR]</label>
</control>
</control>

<control type="group">

<control type="label">
<visible>Player.HasAudio</visible>
<posx>720</posx>
<posy>685</posy>
<width>1000</width>
<height>40</height>
<align>center</align>
<scroll>true</scroll>
<scrollspeed>40</scrollspeed>
<textcolor>burlywood</textcolor>
<label>[COLOR deepskyblue]$INFO[MusicPlayer.Title][/COLOR][COLOR white] מתנגן עכשיו ברקע: [/COLOR]</label>
</control>
<control type="label">
<visible>Player.HasVideo</visible>
<posx>720</posx>
<posy>685</posy>
<width>1000</width>
<height>40</height>
<align>center</align>
<scroll>true</scroll>
<scrollspeed>40</scrollspeed>
<textcolor>burlywood</textcolor>
<label>[COLOR deepskyblue]$INFO[VideoPlayer.Title][/COLOR][COLOR white] מתנגן עכשיו ברקע: [/COLOR]</label>
</control>
</control>


<control type="group">
<control type="label">
<posx>820</posx>
<posy>740</posy>
<width>500</width>
<height>40</height>
<textcolor>burlywood</textcolor>
<label>מידע על התחנה</label>
</control>
<control type="textbox">
<posx>650</posx>
<posy>780</posy>
<width>500</width>
<height>150</height>
<align>center</align>
<autoscroll fade="2550" time="2550" repeat="4000"></autoscroll>
<label>$INFO[Container($PARAM[musicpowerid]).ListItem.Plot]</label>
</control>
</control>
<control type="list" id="$PARAM[musicpowerid]">
<posx>1615</posx>
<posy>740</posy>
<width>500</width>
<height>280</height>
<onleft>535</onleft>
<onright>8005</onright>
<onback>9000</onback>
<orientation>vertical</orientation>
<itemlayout width="220" height="40">
<control type="image">
<posx>0</posx>
<posy>5</posy>
<width>500</width>
<height>35</height>
<texture colordiffuse="99444444">white.png</texture>
</control>
<control type="label">
<posx>0</posx>
<posy>0</posy>
<width>500</width>
<height>40</height>
<align>right</align>
<label>$INFO[ListItem.Label]</label>
</control>
</itemlayout>
<focusedlayout width="220" height="40">
<control type="image">
<posx>0</posx>
<posy>5</posy>
<width>500</width>
<height>35</height>
<texture colordiffuse="99444444">white.png</texture>
</control>
<control type="image">
<visible>control.hasfocus($PARAM[musicpowerid])</visible>
<posx>0</posx>
<posy>5</posy>
<width>500</width>
<height>35</height>
<texture colordiffuse="gray">white.png</texture>
</control>
<control type="label">
<visible>!control.hasfocus($PARAM[musicpowerid])</visible>
<posx>0</posx>
<posy>0</posy>
<width>500</width>
<height>40</height>
<align>right</align>
<textcolor>white</textcolor>
<label>$INFO[ListItem.Label]</label>
</control>
<control type="label">
<visible>control.hasfocus($PARAM[musicpowerid])</visible>
<posx>0</posx>
<posy>0</posy>
<width>500</width>
<height>40</height>
<align>right</align>
<textcolor>black</textcolor>
<shadowcolor>white</shadowcolor>
<label>$INFO[ListItem.Label]</label>
</control>
</focusedlayout>
<content sortby="dateadded" sortorder="descending">$PARAM[radiopowercontent]</content>
</control>
</control>
</definition>
</include>

</includes>
