<?xml version="1.0" encoding="UTF-8"?>



<includes>


<include name="basecontentidanplus">
<definition>
<control type="group">
<control type="image">
<posx>0</posx>
<posy>0</posy>
<width>1920</width>
<height>1080</height>
<texture>black.png</texture>
</control>
</control>





<control type="group">
<control type="multiimage">
<animation condition="Window.IsActive(6801) | Window.IsActive(6802) | Window.IsActive(6803)" effect="fade" start="100" end="15" time="0">Conditional</animation>
<posx>150</posx>
<posy>50</posy>
<width>1640</width>
<height>950</height>
<fadetime>450</fadetime>
<imagepath>$INFO[Container($PARAM[idanplusextraid]).ListItem.Thumb]</imagepath>
</control>

<control type="group">
<posx>200</posx>
<posy>50</posy>
<control type="image">
<posx>5</posx>
<posy>5</posy>
<width>600</width>
<height>50</height>
<texture colordiffuse="deepskyblue">white.png</texture>
</control>
<control type="image">
<posx>5</posx>
<posy>210</posy>
<width>600</width>
<height>50</height>
<texture colordiffuse="deepskyblue">white.png</texture>
</control>
<control type="image">
<posx>5</posx>
<posy>50</posy>
<width>600</width>
<height>150</height>
<texture>black.png</texture>
</control>
<control type="image">
<posx>5</posx>
<posy>270</posy>
<width>600</width>
<height>250</height>
<texture>black.png</texture>
</control>
<control type="image">
<posx>650</posx>
<posy>0</posy>
<width>880</width>
<height>520</height>
<texture>black.png</texture>
</control>
</control>
<control type="group">
<control type="image">
<posx>150</posx>
<posy>625</posy>
<width>1640</width>
<height>80</height>
<texture colordiffuse="deepskyblue">white.png</texture>
</control>
</control>

<control type="group">
<animation effect="fade" time="450">VisibleChange</animation>
<visible>Control.HasFocus($PARAM[idanplusextraid]) | Control.HasFocus(5865)</visible>
<control type="textbox">
<posx>200</posx>
<posy>150</posy>
<width>600</width>
<height>140</height>
<align>center</align>
<font>font-21-newrecommnded</font>
<label>[B]$INFO[Container($PARAM[idanplusextraid]).ListItem.Label][/B]</label>
</control>

<control type="textbox">
<posx>210</posx>
<posy>370</posy>
<width>580</width>
<height>140</height>
<align>right</align>
<label>$INFO[Container($PARAM[idanplusextraid]).ListItem.Plot]</label>
</control>
</control>

<control type="list" id="$PARAM[idanplusextraid]">
<posx>865</posx>
<posy>50</posy>
<width>850</width>
<height>1000</height>
<onback>5865</onback>
<onclick>Control.SetFocus(3345)</onclick>
<ondown>Control.SetFocus(3345)</ondown>
<orientation>horizontal</orientation>
<scrolltime tween="sine" easing="inout">450</scrolltime>
<itemlayout width="900" height="600">
<control type="multiimage">
<posx></posx>
<posy>0</posy>
<width>850</width>
<height>500</height>
<fadetime>450</fadetime>
<imagepath>$INFO[ListItem.Thumb]</imagepath>
</control>
</itemlayout>
<focusedlayout width="900" height="600">
<control type="multiimage">
<visible>!Control.HasFocus($PARAM[idanplusextraid])</visible>
<posx></posx>
<posy>0</posy>
<width>850</width>
<height>500</height>
<fadetime>450</fadetime>
<imagepath>$INFO[ListItem.Thumb]</imagepath>
</control>
<control type="image">
<visible>Control.HasFocus($PARAM[idanplusextraid])</visible>
<posx></posx>
<posy>0</posy>
<width>850</width>
<height>500</height>
<bordertexture colordiffuse="gray">white.png</bordertexture>
<bordersize>6</bordersize>
<texture>$INFO[ListItem.Thumb]</texture>
</control>
</focusedlayout>
<content sortby="dateadded" sortorder="descending">$PARAM[idanextracontent]</content>
</control>
</control>
</definition>
</include>


<include name="idanplusextrasepisod">
<definition>
<control type="group">
<visible>String.Contains(Container(5849).ListItem.Label,$PARAM[idanlabelname])</visible>
<animation effect="fade" time="450">VisibleChange</animation>
<control type="button" id="3345">
<posx>0</posx>
<posy>0</posy>
<width>1</width>
<height>1</height>
<label>-</label>
<onfocus>Control.SetFocus($PARAM[idanepisodextrasid])</onfocus>
</control>

<control type="group">
<visible>Control.HasFocus($PARAM[idanepisodextrasid])</visible>
<control type="textbox">
<posx>200</posx>
<posy>135</posy>
<width>600</width>
<height>140</height>
<align>right</align>
<label>$INFO[Container($PARAM[idanepisodextrasid]).ListItem.Label]</label>
</control>

<control type="textbox">
<posx>210</posx>
<posy>370</posy>
<width>580</width>
<height>140</height>
<align>right</align>
<label>$INFO[Container($PARAM[idanepisodextrasid]).ListItem.Plot]</label>
</control>
</control>

<control type="label">
<animation condition="!Integer.IsGreater(Container($PARAM[idanepisodextrasid]).NumItems,0)" effect="fade" start="0" end="100" time="1100" pulse="true">Conditional</animation>
<visible>!Integer.IsGreater(Container($PARAM[idanepisodextrasid]).NumItems,0)</visible>
<posx>1010</posx>
<posy>870</posy>
<width>580</width>
<height>140</height>
<align>right</align>
<label>טוען פרקים</label>
</control>

<control type="list" id="$PARAM[idanepisodextrasid]">
<posx>160</posx>
<posy>750</posy>
<width>1620</width>
<height>500</height>
<onup>Control.SetFocus(5849)</onup>
<onback>5849</onback>
<orientation>horizontal</orientation>
<scrolltime tween="sine" easing="inout">450</scrolltime>
<itemlayout width="250" height="60">
<control type="multiimage">
<posx></posx>
<posy>0</posy>
<width>220</width>
<height>220</height>
<fadetime>220</fadetime>
<imagepath>$INFO[ListItem.Art(fanart)]</imagepath>
</control>
</itemlayout>
<focusedlayout width="250" height="60">
<control type="multiimage">
<visible>!Control.HasFocus($PARAM[idanepisodextrasid])</visible>
<posx></posx>
<posy>0</posy>
<width>220</width>
<height>220</height>
<fadetime>220</fadetime>
<imagepath>$INFO[ListItem.Art(fanart)]</imagepath>
</control>
<control type="multiimage">
<visible>!Control.HasFocus($PARAM[idanepisodextrasid])</visible>
<visible>IsEmpty(ListItem.Art(fanart)</visible>
<posx></posx>
<posy>0</posy>
<width>220</width>
<height>220</height>
<fadetime>220</fadetime>
<imagepath>$INFO[ListItem.Thumb]</imagepath>
</control>
<control type="image">
<visible>Control.HasFocus($PARAM[idanepisodextrasid])</visible>
<posx></posx>
<posy>0</posy>
<width>220</width>
<height>220</height>
<bordertexture colordiffuse="white">white.png</bordertexture>
<bordersize>6</bordersize>
<texture>$INFO[ListItem.Art(fanart)]</texture>
</control>
</focusedlayout>
<content>$PARAM[idanepisodcontent]</content>
</control>
</control>
</definition>
</include>

<include name="textlabelsidan">
<control type="group">
<animation effect="fade" time="450">VisibleChange</animation>
<visible>Control.HasFocus(5849)</visible>
<control type="label">
<posx>110</posx>
<posy>50</posy>
<width>800</width>
<height>50</height>
<align>center</align>
<font>font-24</font>
<textcolor>white</textcolor>
<shadowcolor>black</shadowcolor>
<label>[B]שם התוכנית[/B]</label>
</control>
<control type="label">
<posx>110</posx>
<posy>260</posy>
<width>800</width>
<height>50</height>
<align>center</align>
<font>font-24</font>
<textcolor>white</textcolor>
<shadowcolor>black</shadowcolor>
<label>[B]מידע על התוכנית[/B]</label>
</control>
</control>

<control type="group">
<animation effect="fade" time="450">VisibleChange</animation>
<visible>!Control.HasFocus(5849)</visible>
<control type="label">
<posx>110</posx>
<posy>50</posy>
<width>800</width>
<height>50</height>
<align>center</align>
<font>font-24</font>
<textcolor>white</textcolor>
<shadowcolor>black</shadowcolor>
<label>[B]שם הפרק[/B]</label>
</control>
<control type="label">
<posx>110</posx>
<posy>260</posy>
<width>800</width>
<height>50</height>
<align>center</align>
<font>font-24</font>
<textcolor>white</textcolor>
<shadowcolor>black</shadowcolor>
<label>[B]מידע על הפרק[/B]</label>
</control>
</control>

<control type="group">
<control type="label">
<posx>600</posx>
<posy>640</posy>
<width>800</width>
<height>50</height>
<align>center</align>
<font>font-24</font>
<textcolor>white</textcolor>
<shadowcolor>black</shadowcolor>
<label>[B]רשימת הפרקים[/B]</label>
</control>
</control>
</include>

<include name="idanplusexitbutton">
<control type="button" id="5865">
<posx>850</posx>
<posy>1040</posy>
<width>auto</width>
<height>auto</height>
<onback>5849</onback>
<onup>5849</onup>
<texturefocus colordiffuse="deeppink">white.png</texturefocus>
<texturenofocus border="1" colordiffuse="black">white.png</texturenofocus>
<label>יציאה מחלון</label>
<onclick>Dialog.Close(all,true)</onclick>
</control>
</include>

</includes>
