<?xml version="1.0" encoding="UTF-8"?>


<includes>


<include name="home_main_menu">
			<control type="group">
			<control type="wraplist" id="9000">
			<posx>-90</posx>
			<posy>840</posy>
			<width>2050</width>
			<height>1000</height>
			<onback>9001</onback>
			<onup>Control.SetFocus(9008)</onup>
			<onclick>Control.SetFocus(9008)</onclick>
			<focusposition>2</focusposition>
			<orientation>horizontal</orientation>
			<scrolltime tween="sine" easing="inout">750</scrolltime>
			<itemlayout width="430" height="200">
			
			<control type="multiimage">
			<posx>0</posx>
			<posy>30</posy>
			<width>420</width>
			<height>220</height>
			<imagepath>$INFO[ListItem.Thumb]</imagepath>
			</control>
			<control type="textbox">
			<posx>10</posx>
			<posy>25</posy>
			<width>220</width>
			<height>120</height>
			<align>center</align>
			<font>font-21-newrecommnded</font>
			<label>$INFO[ListItem.Label]</label>
			</control>
			</itemlayout>
			<focusedlayout width="430" height="200">
			<control type="multiimage">
			<animation effect="zoom" center="auto" start="100,100" end="115,115" time="450">Focus</animation>
			<posx>0</posx>
			<posy>30</posy>
			<width>420</width>
			<height>220</height>
			<imagepath>$INFO[ListItem.Thumb]</imagepath>
			</control>
			<control type="textbox">
			<animation effect="zoom" center="auto" start="100,100" end="105,105" time="50">Focus</animation>
			<posx>10</posx>
			<posy>25</posy>
			<width>220</width>
			<height>150</height>
			<align>center</align>
			<font>font-21-newrecommnded</font>
			<label>$INFO[ListItem.Label]</label>
			</control>
			</focusedlayout>
			<content>
			<include>skinshortcuts-mainmenu</include>
			</content>
		</control>
		</control>
			
			

</include>


<include name="submainmenu">
			
			
			<control type="wraplist" id="9008">
				<orientation>horizontal</orientation>
				<posx>-5</posx>
				<width>1355</width>
				<posy>730</posy>
				<height>150</height>
				<onleft>9202</onleft>
				<onback>9000</onback>
				<ondown>9000</ondown>
				<focusposition>2</focusposition>
				<scrolltime tween="sine" easing="inout">550</scrolltime>
				<!-- <onup condition="Player.HasAudio | Player.HasVideo">9003</onup> -->

				<itemlayout width="270" height="100">
				<control type="image">
				<posx>0</posx>
				<posy>0</posy>
				<width>280</width>
				<height>45</height>
				<texture colordiffuse="black" diffuse="glass.jpg" background="true" border="15,2,15,2">main/tab.png</texture>
				<bordertexture colordiffuse="white" border="15,2,15,2">main/tab_stroke.png</bordertexture>
				<bordersize>1,0,1,1</bordersize>
			</control> 
					<control type="label">
						<posx>0</posx>
						<posy>0</posy>
						<height>40</height>
						<width>280</width>
						<label>$INFO[ListItem.Label]</label>
						<align>center</align>
						<font>font-21</font>
						<textcolor>$VAR[menu_icon_color_nf]</textcolor>
					</control>
				</itemlayout>
				<focusedlayout width="270" height="100">
				<control type="image">
				<animation effect="zoom" center="auto" start="100,100" end="100,180" time="120">Focus</animation>
				<posx>0</posx>
				<posy>0</posy>
				<width>280</width>
				<height>45</height>
				<texture colordiffuse="black" diffuse="glass.jpg" background="true" border="15,2,15,2">main/tab.png</texture>
				<bordertexture colordiffuse="burlywood" border="15,2,15,2">main/tab_stroke.png</bordertexture>
				<bordersize>1,0,1,1</bordersize>
			</control> 
					<control type="label">
					<animation effect="slide" start="0,0" end="0,10" time="150" tween="sine" easing="inout">Focus</animation>
						<posx>0</posx>
						<posy>0</posy>
						<height>40</height>
						<width>280</width>
						<label>$INFO[ListItem.Label]</label>
						<align>center</align>
						<font>font-21</font>
						<textcolor>white</textcolor>
					</control>

				</focusedlayout>
				<content>
					<include>skinshortcuts-submenu</include>
				</content>
			</control>
			</include>

<include name="baseofallbuildinfo">
<definition>
<control type="group">
<control type="label">
<posx>1320</posx>
<posy>300</posy>
<width>800</width>
<align>right</align>
<font>font-21-newrecommnded</font>
<label>[I]$INFO[Container($PARAM[globallabel]).ListItem.Label][/I]</label>
</control>
<control type="label">
<posx>260</posx>
<posy>285</posy>
<width>400</width>
<height>40</height>
<align>center</align>
<font>font-14</font>
<textcolor>burlywood</textcolor>
<label>[B]$INFO[Container(9202).ListItem.Duration,[ אורך הסרט , דקות ]][/B]</label>
</control>
<control type="image">
<posx>5</posx>
<posy>285</posy>
<width>320</width>
<height>440</height>
<fadetime>350</fadetime>
<texture fallback="special://skin/extras/fallbacks/videodefault.jpg">$INFO[Container($PARAM[globallabel]).ListItem.Thumb]</texture>
</control>
<control type="label">
<posx>1320</posx>
<posy>370</posy>
<width>800</width>
<align>right</align>
<font>font-21-newrecommnded</font>
<label>[I]$INFO[Container($PARAM[globallabel]).ListItem.Year][/I]</label>
</control>
<control type="label">
<posx>1320</posx>
<posy>450</posy>
<width>800</width>
<align>right</align>
<textcolor>gray</textcolor>
<label>[I]$INFO[Container($PARAM[globallabel]).ListItem.Genre][/I]</label>
</control>
<control type="textbox">
<posx>530</posx>
<posy>580</posy>
<width>800</width>
<height>140</height>
<align>right</align>
<autoscroll fade="2550" time="2550" repeat="2550"></autoscroll>
<label>$INFO[Container($PARAM[globallabel]).ListItem.Plot]</label>
</control>
</control>

<control type="group">
<posx>1110</posx>
<posy>520</posy>
<control type="group">
<animation effect="fade" time="150">VisibleChange</animation>
<visible>Integer.IsGreater(Container(9202).ListItem.Rating,1) + !Integer.IsGreater(Container(9202).ListItem.Rating,3)</visible>
<control type="label">
<posx>0</posx>
<posy>-</posy>
<width>800</width>
<height>40</height>
<label>[I][B]תוכן בדירוג נמוך[/B][/I]</label>
</control>
</control>

<control type="group">
<animation effect="fade" time="150">VisibleChange</animation>
<visible>Integer.IsGreater(Container(9202).ListItem.Rating,4) + !Integer.IsGreater(Container(9202).ListItem.Rating,6)</visible>
<control type="label">
<posx>0</posx>
<posy>-5</posy>
<width>800</width>
<height>40</height>
<label>[I][B]תוכן בדירוג בנוני[/B][/I]</label>
</control>
</control>

<control type="group">
<animation effect="fade" time="150">VisibleChange</animation>
<visible>Integer.IsGreater(Container(9202).ListItem.Rating,7) + !Integer.IsGreater(Container(9202).ListItem.Rating,10)</visible>
<control type="label">
<posx>0</posx>
<posy>-5</posy>
<width>800</width>
<height>40</height>
<label>[I][B]תוכן בדירוג גבוה[/B][/I]</label>
</control>
</control>

</control>
</definition>
</include>

<include name="widget_content">
<posx>1365</posx>
<posy>283</posy>
<width>600</width>
<height>440</height>
<onback>9000</onback>
<onclick condition="Container(9000).HasFocus(1) | Container(9000).HasFocus(8)">Action(info)</onclick>
<orientation>vertical</orientation>
<itemlayout width="100" height="40">
<control type="image">
<posx>0</posx>
<posy>5</posy>
<width>550</width>
<height>35</height>
<texture colordiffuse="99444444">white.png</texture>
</control>
<control type="label">
<posx>50</posx>
<posy>0</posy>
<width>500</width>
<height>40</height>
<align>right</align>
<shadowcolor>black</shadowcolor>
<label>$INFO[ListItem.Label]</label>
</control>
</itemlayout>
<focusedlayout width="100" height="40">
<control type="image">
<posx>0</posx>
<posy>5</posy>
<width>550</width>
<height>35</height>
<texture colordiffuse="99444444">white.png</texture>
</control>
<control type="image">
<visible>Control.HasFocus(9202)</visible>
<posx>0</posx>
<posy>5</posy>
<width>550</width>
<height>35</height>
<texture colordiffuse="gray">white.png</texture>
</control>
<control type="label">
<posx>50</posx>
<posy>0</posy>
<width>500</width>
<height>40</height>
<align>right</align>
<shadowcolor>black</shadowcolor>
<label>$INFO[ListItem.Label]</label>
</control>
</focusedlayout>
</include>

<include name="channelsidanplus">
<control type="group">
<animation condition="Window.IsActive(DialogVideoInfo.xml) | Window.IsActive(6800)" effect="slide" start="0,0" end="0,-500" time="550" tween="sine" easing="inout">Conditional</animation>
<animation condition="Control.HasFocus(8823)" effect="slide" start="0,0" end="0,-50" time="550" tween="sine" easing="inout">Conditional</animation>
<control type="textbox">
<posx>720</posx>
<posy>20</posy>
<width>600</width>
<height>80</height>
<align>right</align>
<label>$INFO[Container($PARAM[channelsidanid]).ListItem.Label]</label>
</control>
<control type="textbox">
<posx>720</posx>
<posy>170</posy>
<width>600</width>
<height>100</height>
<align>right</align>
<autoscroll fade="2550" time="2550" repeat="2550"></autoscroll>
<label>$INFO[Container($PARAM[channelsidanid]).ListItem.Plot]</label>
</control>
<control type="list" id="$PARAM[channelsidanid]">
<scrolltime effect="sine" easing="inout">350</scrolltime>
<orientation>horizontal</orientation>
<posx>20</posx>
<posy>28</posy>
<width>680</width>
<height>500</height>
<onback>9000</onback>
<itemlayout width="240" height="100">
<control type="image">
<posx>0</posx>
<posy>0</posy>
<width>220</width>
<height>220</height>
<texture>$INFO[ListItem.Thumb]</texture>
</control>
</itemlayout>
<focusedlayout width="250" height="100">
<control type="image">
<animation effect="zoom" start="100,100" end="110,110" center="auto" time="150">Focus</animation>
<posx>0</posx>
<posy>0</posy>
<width>220</width>
<height>220</height>
<texture>$INFO[ListItem.Thumb]</texture>
</control>
</focusedlayout>
<content>$PARAM[channelcontent]</content>
</control>
</control>
</include>



<include name="epidssodesmainscreen">
<control type="list" id="6606">
<posx>1290</posx>
<posy>-20</posy>
<width>1000</width>
<height>280</height>
<onback>9000</onback>
<onclick>Action(info)</onclick>
<scrolltime tween="sine" easing="inout">350</scrolltime>
<autoscroll fade="5000" time="5000">!Control.HasFocus(6606)</autoscroll>
<orientation>vertical</orientation>
<itemlayout width="500" height="80">
<!--<control type="image">
<posx>0</posx>
<posy>0</posy>
<width>650</width>
<height>150</height>
<texture>special://skin/extras/test/episodbg.png</texture>
</control>-->
<control type="textbox">
<posx>90</posx>
<posy>50</posy>
<width>500</width>
<height>120</height>
<align>left</align>
<font>font-16</font>
<label>$INFO[ListItem.Label], [COLOR burlywood]פרק חדש שהתווסף[/COLOR]</label>
</control>
<control type="image">
<posx>560</posx>
<posy>50</posy>
<width>60</width>
<height>60</height>
<texture diffuse="special://skin/extras/diffuse/poster_diffuse.png">$INFO[ListItem.Thumb]</texture>
</control>
</itemlayout>
<focusedlayout width="500" height="80">
<control type="image">
<visible>Control.HasFocus(6606)</visible>
<posx>60</posx>
<posy>25</posy>
<width>580</width>
<height>110</height>
<texture border="40">special://skin/extras/common/roundedbutton-focus.png</texture>
</control>
<!--<control type="image">
<posx>0</posx>
<posy>0</posy>
<width>650</width>
<height>150</height>
<texture>special://skin/extras/test/episodbg.png</texture>
</control>-->
<control type="textbox">
<posx>90</posx>
<posy>50</posy>
<width>500</width>
<height>120</height>
<align>left</align>
<font>font-16</font>
<label>$INFO[ListItem.Label], [COLOR burlywood]פרק חדש שהתווסף[/COLOR]</label>
</control>
<control type="image">
<posx>560</posx>
<posy>50</posy>
<width>60</width>
<height>60</height>
<bordertexture colordiffuse="white">white.png</bordertexture>
<bordersize>2</bordersize>
<texture diffuse="special://skin/extras/diffuse/poster_diffuse.png">$INFO[ListItem.Thumb]</texture>
</control>
</focusedlayout>
<content>plugin://plugin.video.CHICCO/?cat_level=%20&amp;count=0&amp;description&amp;fanart=https%3a%2f%2fwpblink.com%2fsites%2fdefault%2ffiles%2fwallpaper%2fmovie%2f72098%2favatar-wallpapers-hd-72098-5294999.png&amp;iconimage=http%3a%2f%2fngarba.xyz%2fadds%2fyos%2f24.jpg&amp;index_depth=0&amp;lang=%20&amp;mode=18&amp;name=%5bB%5d%5bCOLOR%20burlywood%5d-%d7%90%d7%97%d7%a8%d7%95%d7%a0%d7%99%d7%9d%20%5b%2fCOLOR%5d%5b%2fB%5d%5bB%5d%5bCOLOR%20aqua%5d%d7%a4%d7%a8%d7%a7%d7%99%d7%9d-%20%5b%2fCOLOR%5d%5b%2fB%5d&amp;page&amp;selected_list=%20&amp;url=tv&quot</content>
</control>
</include>


<include name="seriastvshowsmainmenu">
			<control type="group">
			<visible>Control.HasFocus(8823)</visible>
			<animation condition="Window.IsActive(DialogVideoInfo.xml)" effect="slide" start="0,0" end="0,300" time="550" tween="sine" easing="inout">Conditional</animation>
			<animation condition="Window.IsActive(DialogVideoInfo.xml)" effect="fade" start="100" end="0" time="250">Conditional</animation>
			<control type="list" id="8823">
			<posx>-15</posx>
			<posy>225</posy>
			<width>1370</width>
			<height>400</height>
			<onback>9000</onback>
			<orientation>horizontal</orientation>
			<itemlayout width="194" height="50">
			<control type="image">
			<posx>15</posx>
			<posy>10</posy>
			<width>185</width>
			<height>40</height>
			<bordertexture colordiffuse="gray">white.png</bordertexture>
			<bordersize>1</bordersize>
			<texture colordiffuse="black">white.png</texture>
			</control>
			<control type="label">
			<posx>5</posx>
			<posy>8</posy>
			<width>200</width>
			<height>50</height>
			<align>center</align>
			<label>$INFO[ListItem.Label]</label>
			</control>
			</itemlayout>
			<focusedlayout width="194" height="50">
			<control type="image">
			<posx>15</posx>
			<posy>10</posy>
			<width>185</width>
			<height>40</height>
			<bordertexture colordiffuse="gray">white.png</bordertexture>
			<bordersize>1</bordersize>
			<texture colordiffuse="black">white.png</texture>
			</control>
			<control type="image">
			<visible>control.hasfocus(8823)</visible>
			<posx>16</posx>
			<posy>12</posy>
			<width>182</width>
			<height>35</height>
			<texture colordiffuse="gray">white.png</texture>
			</control>
			<control type="label">
			<posx>5</posx>
			<posy>8</posy>
			<width>200</width>
			<height>50</height>
			<align>center</align>
			<label>$INFO[ListItem.Label]</label>
			</control>
			</focusedlayout>
			<content>
			<item>
				<label>נוסטלגיה</label>
				<onclick>Dialog.Close(all,true)</onclick>
				<onclick>ActivateWindow(6300)</onclick>
			</item>
			<item>
				<label>פשע</label>
				<onclick>Dialog.Close(all,true)</onclick>
				<onclick>ActivateWindow(6301)</onclick>
				</item>
			<item>
				<label>פעולה</label>
				<onclick>Dialog.Close(all,true)</onclick>
				<onclick>ActivateWindow(6407)</onclick>
				</item>
			<item>
				<label>קומדיה</label>
				<onclick>Dialog.Close(all,true)</onclick>
				<onclick>ActivateWindow(6302)</onclick>
			</item>
			<item>
				<label>דרמה</label>
				<onclick>Dialog.Close(all,true)</onclick>
				<onclick>ActivateWindow(6401)</onclick>
			</item>
			<item>
				<label>משפחה</label>
				<onclick>Dialog.Close(all,true)</onclick>
				<onclick>ActivateWindow(6408)</onclick>
			</item>
			<item>
				<label>מ.בדיוני</label>
				<onclick>Dialog.Close(all,true)</onclick>
				<onclick>ActivateWindow(6402)</onclick>
			</item>
			<item>
				<label>אוכל</label>
				<onclick>Dialog.Close(all,true)</onclick>
				<onclick>ActivateWindow(6307)</onclick>
			</item>
			<item>
				<label>דוקומנטרי</label>
				<onclick>Dialog.Close(all,true)</onclick>
				<onclick>ActivateWindow(6406)</onclick>
			</item>
			<item>
				<label>טבע</label>
				<onclick>Dialog.Close(all,true)</onclick>
				<onclick>ActivateWindow(6404)</onclick>
			</item>
			<item>
				<label>פרקים אחרונים</label>
				<onclick>ActivateWindow(6711)</onclick>
			</item>
			</content>
			</control>
			</control>
			</include>




<include name="moviesgenresmainscreen">
			<control type="group">
			<visible>![Container(9000).HasFocus(3) | Container(9000).HasFocus(4)]</visible>
			<animation condition="Window.IsActive(DialogVideoInfo.xml)" effect="slide" start="0,0" end="0,300" time="550" tween="sine" easing="inout">Conditional</animation>
			<animation condition="Window.IsActive(DialogVideoInfo.xml)" effect="fade" start="100" end="0" time="250">Conditional</animation>
			<control type="list" id="8824">
			<posx>-15</posx>
			<posy>225</posy>
			<width>1370</width>
			<height>400</height>
			<onback>9000</onback>
			<orientation>horizontal</orientation>
			<itemlayout width="194" height="50">
			<control type="image">
			<posx>15</posx>
			<posy>10</posy>
			<width>185</width>
			<height>40</height>
			<bordertexture colordiffuse="gray">white.png</bordertexture>
			<bordersize>1</bordersize>
			<texture colordiffuse="black">white.png</texture>
			</control>
			<control type="label">
			<posx>5</posx>
			<posy>8</posy>
			<width>200</width>
			<height>50</height>
			<align>center</align>
			<label>$INFO[ListItem.Label]</label>
			</control>
			</itemlayout>
			<focusedlayout width="194" height="50">
			<control type="image">
			<posx>15</posx>
			<posy>10</posy>
			<width>185</width>
			<height>40</height>
			<bordertexture colordiffuse="gray">white.png</bordertexture>
			<bordersize>1</bordersize>
			<texture colordiffuse="black">white.png</texture>
			</control>
			<control type="image">
			<visible>control.hasfocus(8824)</visible>
			<posx>16</posx>
			<posy>12</posy>
			<width>182</width>
			<height>35</height>
			<texture colordiffuse="gray">white.png</texture>
			</control>
			<control type="label">
			<posx>5</posx>
			<posy>8</posy>
			<width>200</width>
			<height>50</height>
			<align>center</align>
			<label>$INFO[ListItem.Label]</label>
			</control>
			</focusedlayout>
			<content>
			<item>
				<label>נוסטלגיה</label>
				<onclick>Dialog.Close(all,true)</onclick>
				<onclick>ActivateWindow(6300)</onclick>
			</item>
			<item>
				<label>פשע</label>
				<onclick>Dialog.Close(all,true)</onclick>
				<onclick>ActivateWindow(6301)</onclick>
				</item>
			<item>
				<label>פעולה</label>
				<onclick>Dialog.Close(all,true)</onclick>
				<onclick>ActivateWindow(6407)</onclick>
				</item>
			<item>
				<label>קומדיה</label>
				<onclick>Dialog.Close(all,true)</onclick>
				<onclick>ActivateWindow(6302)</onclick>
			</item>
			<item>
				<label>דרמה</label>
				<onclick>Dialog.Close(all,true)</onclick>
				<onclick>ActivateWindow(6401)</onclick>
			</item>
			<item>
				<label>משפחה</label>
				<onclick>Dialog.Close(all,true)</onclick>
				<onclick>ActivateWindow(6408)</onclick>
			</item>
			<item>
				<label>מ.בדיוני</label>
				<onclick>Dialog.Close(all,true)</onclick>
				<onclick>ActivateWindow(6402)</onclick>
			</item>
			<item>
				<label>אוכל</label>
				<onclick>Dialog.Close(all,true)</onclick>
				<onclick>ActivateWindow(6307)</onclick>
			</item>
			<item>
				<label>דוקומנטרי</label>
				<onclick>Dialog.Close(all,true)</onclick>
				<onclick>ActivateWindow(6406)</onclick>
			</item>
			<item>
				<label>טבע</label>
				<onclick>Dialog.Close(all,true)</onclick>
				<onclick>ActivateWindow(6404)</onclick>
			</item>
			<item>
				<label>פרקים אחרונים</label>
				<onclick>ActivateWindow(6711)</onclick>
			</item>
			</content>
			</control>
			</control>
			</include>
			

			
<include name="controlsmainscreen">
			<control type="group">

			<control type="list" id="9001">
			<posx>1340</posx>
			<posy>705</posy>
			<width>916</width>
			<height>200</height>
			<onback>9000</onback>
			<ondown>9000</ondown>
			<ondown condition="Player.HasVideo">8005</ondown>
			<ondown condition="Player.HasAudio">535</ondown>
			<orientation>horizontal</orientation>
			<itemlayout width="51.5" height="50">
			<control type="image">
			<posx>0</posx>
			<posy>10</posy>
			<width>85</width>
			<height>85</height>
			<texture border="40">special://skin/extras/common/roundedbutton-nofocus.png</texture>
			</control>
			<control type="multiimage">
			<posx>30</posx>
			<posy>40</posy>
			<width>25</width>
			<height>25</height>
			<imagepath>$INFO[ListItem.Thumb]</imagepath>
			</control>
			</itemlayout>
			<focusedlayout width="51.5" height="80">
			<control type="image">
			<visible>Control.HasFocus(9001)</visible>
			<posx>0</posx>
			<posy>10</posy>
			<width>85</width>
			<height>85</height>
			<texture colordiffuse="white" border="40">special://skin/extras/common/roundedbutton-focus.png</texture>
			</control>
			<control type="image">
			<posx>0</posx>
			<posy>10</posy>
			<width>85</width>
			<height>85</height>
			<texture border="40">special://skin/extras/common/roundedbutton-nofocus.png</texture>
			</control>
			<control type="multiimage">
			<animation effect="rotatey" center="45" start="-360" end="360" time="650">Focus</animation>
			<posx>30</posx>
			<posy>40</posy>
			<width>25</width>
			<height>25</height>
			<imagepath>$INFO[ListItem.Thumb]</imagepath>
			</control>
			</focusedlayout>
				<content>
					<item id="1">
					<label>מסך הבית</label>
						<thumb>special://skin/extras/specialbuttonsnew/home-4-xxl.png</thumb>
						<onclick>Control.SetFocus(1025)</onclick>
					</item>
					<item id="2">
					<label>הגדרות</label>
						<thumb>special://skin/extras/arrows/settings.png</thumb>
						<onclick>ActivateWindow(Settings)</onclick>
					</item>
					<item id="3">
					<label>עדכון ריפו</label>
						<thumb>special://skin/extras/arrows/available-updates-xxl.png</thumb>
						<onclick>ActivateWindow(10025,&quot;plugin://plugin.video.telemedia/?data=%20&amp;dates=%20&amp;description=%d7%a8%d7%99%d7%a4%d7%95%20%d7%90%d7%99%d7%a9%d7%99&amp;eng_name=%20&amp;episode=%20&amp;fanart=https%3a%2f%2fencrypted-tbn0.gstatic.com%2fimages%3fq%3dtbn%253AANd9GcQIwWK-VueyRxXcVVKGdMuUeDDeiUIsEN-8G-Tl-ZGOsBfrxvGX&amp;fav_status=false&amp;heb_name=%20&amp;iconimage=https%3a%2f%2fencrypted-tbn0.gstatic.com%2fimages%3fq%3dtbn%253AANd9GcQIwWK-VueyRxXcVVKGdMuUeDDeiUIsEN-8G-Tl-ZGOsBfrxvGX&amp;id=%20&amp;image_master&amp;isr=0&amp;last_id&amp;mode=46&amp;name=%d7%a8%d7%99%d7%a4%d7%95%20%d7%90%d7%99%d7%a9%d7%99&amp;original_title=%20&amp;season=%20&amp;show_original_year=%20&amp;tmdbid=%20&amp;url=www&quot;,return)</onclick>
					</item>
					<item id="4">
					<label>יציאה</label>
						<thumb>special://skin/extras/arrows/power.png</thumb>
						<onclick>ActivateWindow(10001,&quot;plugin://plugin.close.kodi/?description&amp;fanart=C%3a%5cUsers%5cneta%5cAppData%5cRoaming%5cKodi%5caddons%5cplugin.close.kodi%5cfanart.jpg&amp;iconimage=C%3a%5cUsers%5cneta%5cAppData%5cRoaming%5cKodi%5caddons%5cplugin.close.kodi%5cresources%5cart%5cforce.png&amp;mode=4&amp;name=Insta%20Kill%20(Warning%20Kills%20The%20MediaCenter%20Instantly)&amp;url=fclose&quot;,return)</onclick>
					</item>
					<item id="5">
					<label>טמפרטורה</label>
						<thumb>special://skin/extras/arrows/temperature-2-xxl.png</thumb>
						<onclick>-</onclick>
					</item>
					<item id="6">
					<label>תאריך ושעה</label>
						<thumb>special://skin/extras/arrows/time.png</thumb>
						<onclick>-</onclick>
					</item>
					<item id="7">
					<label>מועדפים</label>
						<thumb>special://skin/extras/arrows/favourite.png</thumb>
						<onclick>ActivateWindow(Favourites)</onclick>
					</item>
					<item id="8">
					<label>חיפוש</label>
						<thumb>special://skin/extras/arrows/search-15-xxl.png</thumb>
						<onclick>ActivateWindow(10025,&quot;plugin://plugin.video.telemedia/?data=all&amp;dates=%20&amp;description=Search%20All&amp;eng_name=%20&amp;episode=%20&amp;fanart=https%3a%2f%2fcdn.ilovefreesoftware.com%2fwp-content%2fuploads%2f2019%2f06%2fSearch-Telegram-Channels.png&amp;fav_status=false&amp;heb_name=%20&amp;iconimage=https%3a%2f%2flh5.googleusercontent.com%2fproxy%2f-RGejAHqTw0SEl8o3_eK3abBTFCoR49bh780mJ-HX2kK_Qf0aeTzeKuN_WHmW5wOZzKEmlsHE684lxp8BNbejnLx-S4S7dJDeCea3ESPCPMrkUucyFXNH5F_4iktdqh7vKfE5QNGtMZF6QAwAGknYp6v8oeRQg&amp;id=%20&amp;image_master&amp;isr=0&amp;last_id=0%24%24%240&amp;mode=113&amp;name=%d7%97%d7%99%d7%a4%d7%95%d7%a9&amp;original_title=%20&amp;season=%20&amp;show_original_year=%20&amp;tmdbid=%20&amp;url=%20&quot;,return)</onclick>
					</item>
					<item id="9">
					<label>רענון תוכן מסך ראשי</label>
						<thumb>special://skin/extras/test/sinchronize-xxl.png</thumb>
						<onclick>PlayMedia(&quot;plugin://plugin.video.mando/?url=www&amp;mode=35&amp;name=ניקוי מטמון&quot;)</onclick>
						<onclick>PlayMedia(&quot;plugin://plugin.audio.My.Music/?url=www&amp;mode=99&amp;name=%5BCOLOR+pink%5D%5BI%5D%5BB%5D%5BCOLOR+burlywood%5D-%D7%A7%D7%90%D7%A9+%5B%2FCOLOR%5D%5B%2FB%5D%5BB%5D%5BCOLOR+aqua%5D%D7%A0%D7%99%D7%A7%D7%95%D7%99-+%5B%2FCOLOR%5D%5B%2FB%5D%5B%2FI%5D%5B%2FCOLOR%5D&quot;)</onclick>
						<onclick>ReloadSkin()</onclick>
					</item>
					<item id="9">
					<label>רענון תוכן מסך ראשי</label>
						<thumb>special://skin/extras/test/sinchronize-xxl.png</thumb>
						<onclick>PlayMedia(&quot;plugin://plugin.video.mando/?url=www&amp;mode=35&amp;name=ניקוי מטמון&quot;)</onclick>
						<onclick>PlayMedia(&quot;plugin://plugin.audio.My.Music/?url=www&amp;mode=99&amp;name=%5BCOLOR+pink%5D%5BI%5D%5BB%5D%5BCOLOR+burlywood%5D-%D7%A7%D7%90%D7%A9+%5B%2FCOLOR%5D%5B%2FB%5D%5BB%5D%5BCOLOR+aqua%5D%D7%A0%D7%99%D7%A7%D7%95%D7%99-+%5B%2FCOLOR%5D%5B%2FB%5D%5B%2FI%5D%5B%2FCOLOR%5D&quot;)</onclick>
						<onclick>ReloadSkin()</onclick>
					</item>
										<item id="10">
					<label>רענון תוכן מסך ראשי</label>
						<thumb>special://skin/extras/test/sinchronize-xxl.png</thumb>
						<onclick>PlayMedia(&quot;plugin://plugin.video.mando/?url=www&amp;mode=35&amp;name=ניקוי מטמון&quot;)</onclick>
						<onclick>PlayMedia(&quot;plugin://plugin.audio.My.Music/?url=www&amp;mode=99&amp;name=%5BCOLOR+pink%5D%5BI%5D%5BB%5D%5BCOLOR+burlywood%5D-%D7%A7%D7%90%D7%A9+%5B%2FCOLOR%5D%5B%2FB%5D%5BB%5D%5BCOLOR+aqua%5D%D7%A0%D7%99%D7%A7%D7%95%D7%99-+%5B%2FCOLOR%5D%5B%2FB%5D%5B%2FI%5D%5B%2FCOLOR%5D&quot;)</onclick>
						<onclick>ReloadSkin()</onclick>
					</item>
	
				</content>
			</control>
		</control>
			</include>


</includes>
