<?xml version="1.0" encoding="UTF-8"?>
<includes>
<include name="main_home">

			<control type="group">
			<posx>200</posx>
			<posy>1035</posy>
			<visible>Player.HasAudio</visible>
			<control type="image">
			<posx>0</posx>
			<posy>0</posy>
			<width>1410</width>
			<height>40</height>
			<bordertexture colordiffuse="gray">white.png</bordertexture>
			<bordersize>1</bordersize>
			<texture colordiffuse="black">white.png</texture>
			</control>
			<control type="label">
			<posx>0</posx>
			<posy>0</posy>
			<width>1410</width>
			<height>40</height>
			<align>center</align>
			<label>[COLOR deepskyblue]$INFO[MusicPlayer.Title][/COLOR][COLOR white] מתנגן ברקע: [/COLOR]</label>
			</control>
			</control>
			<!--<include>skinshortcuts-template-widget</include>-->

	

		
		
		
			<control type="group">

			<control type="list" id="9001">
			<posx>-5</posx>
			<posy>780</posy>
			<width>700</width>
			<height>200</height>
			<onback>9000</onback>
			<ondown>9000</ondown>
			<ondown condition="Player.HasVideo">8005</ondown>
			<ondown condition="Player.HasAudio">535</ondown>
			<orientation>horizontal</orientation>
			<itemlayout width="50" height="50">
			<control type="image">
			<posx>0</posx>
			<posy>10</posy>
			<width>85</width>
			<height>85</height>
			<texture border="40">special://skin/extras/common/roundedbutton-nofocus.png</texture>
			</control>
			<control type="multiimage">
			<posx>30</posx>
			<posy>40</posy>
			<width>25</width>
			<height>25</height>
			<imagepath>$INFO[ListItem.Thumb]</imagepath>
			</control>
			</itemlayout>
			<focusedlayout width="50" height="80">
			<control type="image">
			<visible>Control.HasFocus(9001)</visible>
			<posx>0</posx>
			<posy>10</posy>
			<width>85</width>
			<height>85</height>
			<texture colordiffuse="white" border="40">special://skin/extras/common/roundedbutton-focus.png</texture>
			</control>
			<control type="image">
			<posx>0</posx>
			<posy>10</posy>
			<width>85</width>
			<height>85</height>
			<texture border="40">special://skin/extras/common/roundedbutton-nofocus.png</texture>
			</control>
			<control type="multiimage">
			<animation effect="rotatey" center="45" start="-360" end="360" time="650">Focus</animation>
			<posx>30</posx>
			<posy>40</posy>
			<width>25</width>
			<height>25</height>
			<imagepath>$INFO[ListItem.Thumb]</imagepath>
			</control>
			</focusedlayout>
				<content>
					<item>
					<label>מסך הבית</label>
						<thumb>special://skin/extras/specialbuttonsnew/home-4-xxl.png</thumb>
						<onclick>Control.SetFocus(1025)</onclick>
					</item>
					<item>
					<label>הגדרות</label>
						<thumb>special://skin/extras/arrows/settings.png</thumb>
						<onclick>ActivateWindow(Settings)</onclick>
					</item>
					<item>
					<label>עדכון ריפו</label>
						<thumb>special://skin/extras/arrows/available-updates-xxl.png</thumb>
						<onclick>ActivateWindow(10025,&quot;plugin://plugin.video.telemedia/?data=%20&amp;dates=%20&amp;description=%d7%a8%d7%99%d7%a4%d7%95%20%d7%90%d7%99%d7%a9%d7%99&amp;eng_name=%20&amp;episode=%20&amp;fanart=https%3a%2f%2fencrypted-tbn0.gstatic.com%2fimages%3fq%3dtbn%253AANd9GcQIwWK-VueyRxXcVVKGdMuUeDDeiUIsEN-8G-Tl-ZGOsBfrxvGX&amp;fav_status=false&amp;heb_name=%20&amp;iconimage=https%3a%2f%2fencrypted-tbn0.gstatic.com%2fimages%3fq%3dtbn%253AANd9GcQIwWK-VueyRxXcVVKGdMuUeDDeiUIsEN-8G-Tl-ZGOsBfrxvGX&amp;id=%20&amp;image_master&amp;isr=0&amp;last_id&amp;mode=46&amp;name=%d7%a8%d7%99%d7%a4%d7%95%20%d7%90%d7%99%d7%a9%d7%99&amp;original_title=%20&amp;season=%20&amp;show_original_year=%20&amp;tmdbid=%20&amp;url=www&quot;,return)</onclick>
					</item>
					<item>
					<label>יציאה</label>
						<thumb>special://skin/extras/arrows/power.png</thumb>
						<onclick>ActivateWindow(10001,&quot;plugin://plugin.close.kodi/?description&amp;fanart=C%3a%5cUsers%5cneta%5cAppData%5cRoaming%5cKodi%5caddons%5cplugin.close.kodi%5cfanart.jpg&amp;iconimage=C%3a%5cUsers%5cneta%5cAppData%5cRoaming%5cKodi%5caddons%5cplugin.close.kodi%5cresources%5cart%5cforce.png&amp;mode=4&amp;name=Insta%20Kill%20(Warning%20Kills%20The%20MediaCenter%20Instantly)&amp;url=fclose&quot;,return)</onclick>
					</item>
					<item>
					<label>טמפרטורה</label>
						<thumb>special://skin/extras/arrows/temperature-2-xxl.png</thumb>
						<onclick>Control.SetFocus(3221)</onclick>
					</item>
					<item>
					<label>מועדפים</label>
						<thumb>special://skin/extras/arrows/favourite.png</thumb>
						<onclick>ActivateWindow(Favourites)</onclick>
					</item>
					<item>
					<label>חיפוש</label>
						<thumb>special://skin/extras/arrows/search-15-xxl.png</thumb>
						<onclick>ActivateWindow(10025,&quot;plugin://plugin.video.telemedia/?data=all&amp;dates=%20&amp;description=Search%20All&amp;eng_name=%20&amp;episode=%20&amp;fanart=https%3a%2f%2fcdn.ilovefreesoftware.com%2fwp-content%2fuploads%2f2019%2f06%2fSearch-Telegram-Channels.png&amp;fav_status=false&amp;heb_name=%20&amp;iconimage=https%3a%2f%2flh5.googleusercontent.com%2fproxy%2f-RGejAHqTw0SEl8o3_eK3abBTFCoR49bh780mJ-HX2kK_Qf0aeTzeKuN_WHmW5wOZzKEmlsHE684lxp8BNbejnLx-S4S7dJDeCea3ESPCPMrkUucyFXNH5F_4iktdqh7vKfE5QNGtMZF6QAwAGknYp6v8oeRQg&amp;id=%20&amp;image_master&amp;isr=0&amp;last_id=0%24%24%240&amp;mode=113&amp;name=%d7%97%d7%99%d7%a4%d7%95%d7%a9&amp;original_title=%20&amp;season=%20&amp;show_original_year=%20&amp;tmdbid=%20&amp;url=%20&quot;,return)</onclick>
					</item>
					<item>
					<label>רענון תוכן מסך ראשי</label>
						<thumb>special://skin/extras/test/sinchronize-xxl.png</thumb>
						<onclick>PlayMedia(&quot;plugin://plugin.video.mando/?url=www&amp;mode=35&amp;name=ניקוי מטמון&quot;)</onclick>
						<onclick>PlayMedia(&quot;plugin://plugin.audio.My.Music/?url=www&amp;mode=99&amp;name=%5BCOLOR+pink%5D%5BI%5D%5BB%5D%5BCOLOR+burlywood%5D-%D7%A7%D7%90%D7%A9+%5B%2FCOLOR%5D%5B%2FB%5D%5BB%5D%5BCOLOR+aqua%5D%D7%A0%D7%99%D7%A7%D7%95%D7%99-+%5B%2FCOLOR%5D%5B%2FB%5D%5B%2FI%5D%5B%2FCOLOR%5D&quot;)</onclick>
						<onclick>ReloadSkin()</onclick>
					</item>
				</content>
			</control>
		</control>
		
		
		
		
		

		
		<control type="button" id="9999">
            <posx>-500</posx>
            <posy>0</posy>
            <width>1-col</width>
            <height>2-row</height>
			<onleft>setfocus(9000,0)</onleft>
			<onright>setfocus(9000,0)</onright>
			<onup>setfocus(9000,0)</onup>
			<ondown>setfocus(9000,0)</ondown>
			<onclick>setfocus(9000,0)</onclick>
			<onfocus>Dialog.Close(all,true)</onfocus>
        </control>
		</include>
		
		
		<include name="main_menu_window">
				<control type="list" id="9000">
		<animation condition="Control.HasFocus(8822) | Control.HasFocus(8821) | Control.HasFocus(8823) | Control.HasFocus(8824) | Control.HasFocus(8825) | Control.HasFocus(8826) | Control.HasFocus(8827) | Control.HasFocus(8828) | Control.HasFocus(8829) | Control.HasFocus(8830) | Control.HasFocus(8831) | Control.HasFocus(8832) | Control.HasFocus(8833) | Control.HasFocus(8834) | Control.HasFocus(8835)" effect="slide" start="0,0" end="0,-500" time="350" tween="sine" easing="inout">Conditional</animation>
		<posx>-10</posx>
			<posy>-5</posy>
			<width>1925</width>
			<height>400</height>
			<ondown condition="Container(9000).HasFocus(1)">Control.SetFocus(8833)</ondown>
			<ondown condition="Player.HasVideo">8005</ondown>
			<ondown condition="Player.HasAudio">535</ondown>
			<orientation>horizontal</orientation>
<itemlayout width="200" height="50">
<control type="image">
<posx>15</posx>
<posy>10</posy>
<width>185</width>
<height>40</height>
<bordertexture colordiffuse="gray">white.png</bordertexture>
<bordersize>1</bordersize>
<texture colordiffuse="black">white.png</texture>
</control>
<control type="label">
<posx>5</posx>
<posy>8</posy>
<width>200</width>
<height>50</height>
<align>center</align>
<label>$INFO[ListItem.Label]</label>
</control>
</itemlayout>
<focusedlayout width="200" height="50">
<control type="image">
<posx>15</posx>
<posy>10</posy>
<width>185</width>
<height>40</height>
<bordertexture colordiffuse="gray">white.png</bordertexture>
<bordersize>1</bordersize>
<texture colordiffuse="black">white.png</texture>
</control>
<control type="image">
<visible>control.hasfocus(9000)</visible>
<posx>16</posx>
<posy>12</posy>
<width>182</width>
<height>35</height>
<texture colordiffuse="deepskyblue">white.png</texture>
</control>
<control type="label">
<posx>5</posx>
<posy>8</posy>
<width>200</width>
<height>50</height>
<align>center</align>
<label>$INFO[ListItem.Label]</label>
</control>
</focusedlayout>
			<content>
		<include>skinshortcuts-mainmenu</include>
	<!--		<item id="1">
			<label>סרטים ראשי 1</label>
			<onclick>Control.SetFocus(335)</onclick>
			</item>
			<item id="2">
			<label>סרטים ראשי 2</label>
			<onclick>Control.SetFocus(336)</onclick>
			</item>
			<item id="4">
			<label>סרטים ראשי 3</label>
			<onclick>Control.SetFocus(337)</onclick>
			</item>
			<item id="5">
			<label>סדרות ראשי</label>
			<onclick>Control.SetFocus(3354)</onclick>
			</item>
			<item id="8">
			<label>תפריט סרטים</label>
			<onclick>Control.SetFocus(8822)</onclick>
			</item>
			<item id="9">
			<label>תפריט סדרות</label>
			<onclick>Control.SetFocus(8821)</onclick>
			</item>
			<item id="10">
			<label>תפריט ילדים</label>
			<onclick>Control.SetFocus(8824)</onclick>
			</item>
			<item id="11">
			<label>עידן פלוס</label>
			<onclick>Control.SetFocus(8826)</onclick>
			</item>
			<item id="12">
			<label>מוזיקה ורדיו</label>
			<onclick>Control.SetFocus(8828)</onclick>
			</item>
			<item id="13">
			<label>הופעות ומופעים</label>
			<onclick>Control.SetFocus(8825)</onclick>
			</item>
			<item id="14">
			<label>ספורט</label>
			<onclick>Control.SetFocus(8827)</onclick>
			</item>
			<item id="15">
			<label>הכל באחד</label>
			<onclick>ActivateWindow(6400)</onclick>
			</item>
			<item id="16">
			<label>טלמדיה</label>
			<onclick>Control.SetFocus(8831)</onclick>
			</item>
			<item id="17">
			<label>עדכון מהיר</label>
			<onclick>Control.SetFocus(3495)</onclick>
			</item>
			<item id="18">
			<label>יציאה</label>
			<onclick>Dialog.Close(1100)</onclick>
			<onclick>Control.SetFocus(9001,1)</onclick>
			</item>-->
			</content>
		</control>
		</include>


<include name="startpage">
			<control type="group">
			<visible>Control.HasFocus(6054) | Control.HasFocus(6055)</visible>
						<control type="multiimage">
			<posx>0</posx>
			<posy>0</posy>
			<width>1920</width>
			<height>1080</height>
			<imagepath background="true">special://skin/extras/specialbuttons/background.jpg</imagepath>
			<aspectratio aligny="top">scale</aspectratio>
			<timeperimage>80000</timeperimage>
			<randomize>true</randomize>
			<fadetime>650</fadetime>
		</control>
	
		<control type="button" id="6054">
			<posx>240</posx>
			<posy>400</posy>
			<width>1500</width>
			<height>200</height>
			<onback>6054</onback>
			<ondown>6054</ondown>
			<onup>6054</onup>
			<font>font-extra-time</font>
			<label>נא להמתין כבר נעבור למסך הבית</label>
			<onclick>Control.SetFocus(6055)</onclick>
			</control>	
		<control type="button" id="6055">
		<visible>System.IdleTime(34) | Control.HasFocus(6055)</visible>
			<posx>900</posx>
			<posy>970</posy>
			<width>200</width>
			<height>120</height>
			<texturefocus>special://skin/extras/common/roundedbutton-focus.png</texturefocus>
			<texturenofocus>special://skin/extras/common/roundedbutton-nofocus.png</texturenofocus>
			<onback>6054</onback>
			<ondown>6054</ondown>
			<onup>6054</onup>
			<label>למסך הבית</label>
			<onclick>Control.SetFocus(1025)</onclick>
			</control>	
			</control>
			</include>
</includes>
