<?xml version="1.0" encoding="UTF-8"?>

<window>
<defaultcontrol always="true">8001</defaultcontrol>
<onload>setfocus(8001)</onload>
<onload>Dialog.Clode(all,true)</onload>
<controls>


<control type="group">
<posy>1200</posy>
<control type="group">
<animation type="WindowOpen">
<effect type="slide" start="0,0" end="0,-850" tween="cubic" easing="out" time="350"/>
</animation>
<animation type="WindowClose">
<effect type="slide" start="0,-850" end="0,0" tween="cubic" easing="inout" time="350"/>
</animation>
</control>



<control type="image">
<animation type="WindowOpen">
<effect type="slide" start="0,0" end="0,-2000" tween="cubic" easing="out" time="350"/>
</animation>
<animation type="WindowClose">
<effect type="slide" start="0,-2000" end="0,0" tween="cubic" easing="inout" time="350"/>
</animation>
<posx>0</posx>
<posy>1675</posy>
<width>1920</width>
<height>100</height>
<texture>black.png</texture>
<colordiffuse>77000000</colordiffuse>
</control>

<control type="image">
<animation type="WindowOpen" condition="!IsEmpty(VideoPlayer.Plot)">
<effect type="slide" start="0,0" end="0,-1030" time="250" tween="sine" easing="inout"/>
</animation>
<animation type="WindowClose" condition="!IsEmpty(VideoPlayer.Plot)">
<effect type="slide" start="0,-1030" end="0,0" time="550" tween="sine" easing="inout"/>
</animation>
<visible>!IsEmpty(VideoPlayer.Plot)</visible>
<posx>420</posx>
<posy>500</posy>
<width>1120</width>
<height>200</height>
<texture>black.png</texture>
<colordiffuse>77000000</colordiffuse>
</control>


<control type="image">
<animation type="WindowOpen">
<effect type="slide" start="0,0" end="0,-2000" tween="cubic" easing="out" time="350"/>
</animation>
<animation type="WindowClose">
<effect type="slide" start="0,-2000" end="0,0" tween="cubic" easing="inout" time="350"/>
</animation>
<posx>0</posx>
<posy>1745</posy>
<width>1920</width>
<height>150</height>
<texture flipy="true">dialogs/long_grey.png</texture>
</control>

<control type="group">
<animation type="WindowOpen" condition="!IsEmpty(VideoPlayer.Plot)">
<effect type="slide" start="0,0" end="0,-1030" time="250" tween="sine" easing="inout"/>
</animation>
<animation type="WindowClose" condition="!IsEmpty(VideoPlayer.Plot)">
<effect type="slide" start="0,-1030" end="0,0" time="550" tween="sine" easing="inout"/>
</animation>
<visible>!IsEmpty(VideoPlayer.Plot)</visible>
<control type="textbox">
<posx>425</posx>
<posy>515</posy>
<width>1100</width>
<height>175</height>
<align>right</align>
<textcolor>white</textcolor>
<autoscroll fade="2550" time="4550" repeat="4000"></autoscroll>
<label>[B]$INFO[VideoPlayer.Genre][CR]$INFO[VideoPlayer.Year][CR]$INFO[VideoPlayer.Plot][/B]</label>
</control>
</control>




		<control type="list" id="8001">
		<animation type="WindowOpen">
		<effect type="slide" start="0,0" end="0,-850" tween="cubic" easing="out" time="350"/>
		</animation>
		<animation type="WindowClose">
		<effect type="slide" start="0,-850" end="0,0" tween="cubic" easing="inout" time="350"/>
		</animation>
		<posy>600</posy>
		<posx>600</posx>
		<width>1000</width>
		<height>200</height>
		<orientation>horizontal</orientation>
		<ondown>402</ondown>
		<onup condition="!Stringcompare(VideoPlayer.SubtitlesLanguage,heb) + !IsEmpty(VideoPlayer.SubtitlesLanguage)">31</onup>
		<onup condition="!VideoPlayer.HasSubtitles">42</onup>
		<itemlayout width="80" height="80">
	<control type="image">
		<posx>0</posx>
		<posy>50</posy>
		<width>55</width>
		<height>55</height>
		<texture>special://skin/extras/osd/circle.png</texture>
		</control>
	<control type="image">
		<posx>15</posx>
		<posy>65</posy>
		<width>25</width>
		<height>25</height>
		<texture colordiffuse="black">$INFO[ListItem.Thumb]</texture>
		</control>
		</itemlayout>
		<focusedlayout width="80" height="80">
		<control type="image">
		<posx>0</posx>
		<posy>50</posy>
		<width>55</width>
		<height>55</height>
		<texture>special://skin/extras/osd/circle.png</texture>
		</control>
		<control type="image">
		<visible>Control.HasFocus(8001)</visible>
		<posx>0</posx>
		<posy>50</posy>
		<width>55</width>
		<height>55</height>
		<texture colordiffuse="gray">special://skin/extras/osd/circle.png</texture>
		</control>
		<control type="image">
		<visible>!control.hasfocus(8001)</visible>
		<posx>15</posx>
		<posy>65</posy>
		<width>25</width>
		<height>25</height>
		<texture colordiffuse="black">$INFO[ListItem.Thumb]</texture>
		</control>
		<control type="image">
		<visible>control.hasfocus(8001)</visible>
		<posx>15</posx>
		<posy>65</posy>
		<width>25</width>
		<height>25</height>
		<texture colordiffuse="black">$INFO[ListItem.Thumb]</texture>
	</control>
		</focusedlayout>
		<content>
		<item>
		<label>תפריט</label>
		<thumb>special://skin/extras/menu.png</thumb>
		<onclick>Control.SetFocus(8002)</onclick>
		</item>
		<item>
		<visible>VideoPlayer.SubtitlesEnabled + !Stringcompare(VideoPlayer.SubtitlesLanguage,heb)</visible>
		<label>חפש כתובית</label>
		<thumb>special://skin/extras/videoosdicons/search-11-xxl.png</thumb>
		<onclick>ActivateWindow(subtitlesearch)</onclick>
		</item>
		<item>
		<visible>VideoPlayer.HasSubtitles + VideoPlayer.SubtitlesEnabled</visible>
		<label>בטל כתובית</label>
		<thumb>special://skin/extras/osd/subs3.png</thumb>
		<onclick>ShowSubtitles</onclick>
		</item>
		<item>
		<visible>VideoPlayer.HasSubtitles + !VideoPlayer.SubtitlesEnabled</visible>
		<label>הפעל כתובית</label>
		<thumb>special://skin/extras/osd/subs3.png</thumb>
		<onclick>ShowSubtitles</onclick>
		</item>
		<item>
		<thumb>special://skin/extras/osd/subs.png</thumb>
		<label>הפעל / בטל רקע לכתוביות</label>
        <onclick>RunScript(special://home/addons/script.subskeys/default.py,background)</onclick>
		</item>
		<item>
		<thumb>special://skin/extras/osd/rewind.png</thumb>
		<onclick>PlayerControl(rewind)</onclick>
		</item>
		<item>
		<thumb>special://skin/extras/osd/previous.png</thumb>
		<onclick>PlayerControl(previous)</onclick>
		</item>
		<item>
		<label>עצור</label>
		<thumb>special://skin/extras/osd/stop.png</thumb>
		<onclick>PlayerControl(Stop)</onclick>
		<onclick>Dialog.Close(all,true)</onclick>
		<onclick>ClearProperty(home)</onclick>
		<onclick>XBMC.ReloadSkin()</onclick>
		</item>
		<item>
		<visible>Player.Paused</visible>
		<thumb>special://skin/extras/osd/play.png</thumb>
		<onclick>play</onclick>
		</item>
		<item>
		<visible>!Player.Paused</visible>
		<label>השהה</label>
		<thumb>special://skin/extras/osd/pause.png</thumb>
		<onclick>pause</onclick>
		</item>
		<item>
		<thumb>special://skin/extras/osd/skipnext.png</thumb>
		<onclick>PlayerControl(next)</onclick>
		</item>
		<item>
		<thumb>special://skin/extras/osd/forward.png</thumb>
		<onclick>PlayerControl(forward)</onclick>
		</item>
		</content>
		</control>


		<control type="group">
		<visible>!Window.IsActive(6671)</visible>
		<animation type="WindowOpen">
		<effect type="slide" start="0,0" end="0,-850" tween="cubic" easing="out" time="350"/>
		</animation>
		<animation type="WindowClose">
		<effect type="slide" start="0,-850" end="0,0" tween="cubic" easing="inout" time="350"/>
		</animation>
		<animation condition="control.hasfocus(8002)" effect="slide" start="0,0" end="500,0" time="250">Conditional</animation>
			<description>menubackgroud</description>
			<control type="image">
			<posx>-500</posx>
			<posy>-350</posy>
			<width>270</width>
			<height>880</height>
			<texture flipy="true">dialogs/long_grey.png</texture>
			</control>
		<control type="list" id="8002">
		<posy>-350</posy>
		<posx>-500</posx>
		<width>400</width>
		<height>640</height>
		<orientation>vertical</orientation>
		<onright>8001</onright>
		<onback>8001</onback>
	<itemlayout width="380" height="80">

		<control type="image">
		<posx>70</posx>
		<posy>0</posy>
		<width>195</width>
		<height>65</height>
		<texture colordiffuse="gray">white.png</texture>
		</control>
		<control type="image">
		<posx>0</posx>
		<posy>0</posy>
		<width>65</width>
		<height>65</height>
		<texture colordiffuse="burlywood">white.png</texture>
		</control>
		<control type="label">
		<posx>70</posx>
		<posy>5</posy>
		<width>200</width>
		<height>50</height>
		<align>center</align>
		<textcolor>black</textcolor>
		<font>Font-Header-Bold-Panel</font>
		<label>$INFO[ListItem.Label]</label>
		</control>
		<control type="image">
		<posx>10</posx>
		<posy>10</posy>
		<width>45</width>
		<height>45</height>
		<texture>$INFO[ListItem.Thumb]</texture>
		</control>
	</itemlayout>
		<focusedlayout width="380" height="80">
		<control type="image">
		<posx>70</posx>
		<posy>0</posy>
		<width>195</width>
		<height>65</height>
		<texture colordiffuse="gray">white.png</texture>
		</control>
		<control type="image">
		<animation effect="rotatey" center="40" end="-360" tween="back" easing="inout" time="450">Focus</animation>
		<posx>0</posx>
		<posy>0</posy>
		<width>65</width>
		<height>65</height>
		<texture colordiffuse="deepskyblue">white.png</texture>
		</control>
		<control type="label">
		<posx>70</posx>
		<posy>5</posy>
		<width>200</width>
		<height>50</height>
		<align>center</align>
		<textcolor>black</textcolor>
		<font>Font-Header-Bold-Panel</font>
		<label>[B]$INFO[ListItem.Label][/B]</label>
		</control>
		<control type="image">
		<posx>10</posx>
		<posy>10</posy>
		<width>45</width>
		<height>45</height>
		<texture>$INFO[ListItem.Thumb]</texture>
		</control>
		</focusedlayout>
	<content>
	<item>
	<thumb>special://skin/extras/videoosdicons/audio.png</thumb>
	<label>הגדרות וידאו</label>
	<onclick>ActivateWindow(osdvideosettings)</onclick>
	</item>
	<item>
	<thumb>special://skin/extras/videoosdicons/video-play-4-xxl.png</thumb>
	<label>הגדרת אודיו</label>
	<onclick>ActivateWindow(osdaudiosettings)</onclick>
	</item>
	<item>
	<thumb>special://skin/extras/videoosdicons/clock-4-xxl.png</thumb>
	<label>השהיית כתובית</label>
	<onclick>subtitledelay</onclick>
	</item>
	<item>
	<thumb>special://skin/extras/videoosdicons/mute-2-xxl.png</thumb>
	<visible>!Player.Muted</visible>
	<label>השתק</label>
	<onclick>mute</onclick>
	</item>
	<item>
	<thumb>special://skin/extras/osd/volume3.png</thumb>
	<visible>Player.Muted</visible>
	<label>בטל השתקה</label>
	<onclick>mute</onclick>
	</item>
	<item>
	<thumb>special://skin/extras/osd/subs3.png</thumb>
	<label>חפש כתובית</label>
	<onclick>ActivateWindow(subtitlesearch)</onclick>
	</item>
	<item>
	<thumb>special://skin/extras/videoosdicons/star-2-xxl.png</thumb>
	<label>מועדפים</label>
	<onclick>ActivateWindow(favourites)</onclick>
	</item>
	<item>
	<thumb>special://skin/extras/videoosdicons/bookmark-xxl.png</thumb>
	<label>סימניות</label>
	<onclick>ActivateWindow(videobookmarks)</onclick>
	</item>
	<item>
	<thumb>special://skin/extras/videoosdicons/media-skip-forward-xxl.png</thumb>
	<label>דלג 10 דקות</label>
	<onclick>Seek(600)</onclick>
	</item>
	<item>
	<description>השהה נגן</description>
	<label>השהה נגן</label>
	<onclick>Skin.SetNumeric(SkinHelper.AutoCloseVideoOSD)</onclick>
	</item>
	</content>
	</control>		
	</control>

			<control type="group">
			<animation type="WindowClose">
			<effect type="slide" start="0,0" end="0-500" time="250" tween="sine" easing="inout"/>
			</animation>
			<control type="image">
			<animation condition="IsEmpty(VideoPlayer.Plot)" effect="slide" start="0,0" end="0,205" time="250" tween="sine" easing="inout">Conditional</animation>
			<posx>650</posx>
			<posy>-880</posy>
			<width>600</width>
			<height>350</height>
			<texture>$INFO[Window(Home).Property(SkinHelper.Player.Art.Clearart)]</texture>
			</control>
			</control>
			
			<control type="image">
			<posx>1250</posx>
			<posy>-1200</posy>
			<width>650</width>
			<height>150</height>
			<texture>$INFO[Window(Home).Property(SkinHelper.Player.Art.Clearlogo)]</texture>
			</control>
			
			<control type="label">
			<visible>Integer.IsGreater(VideoPlayer.Rating,7) + !Integer.IsGreater(VideoPlayer.Rating,9) + VideoPlayer.Content(movies)</visible>
			<posx>865</posx>
			<posy>-950</posy>
			<width>250</width>
			<height>100</height>
			<label>סרט בדירוג גבוה</label>
			</control>
		
	
			<control type="group">
			<visible>[IsEmpty(VideoPlayer.Season) + IsEmpty(VideoPlayer.Episode]</visible>
			<visible>![control.hasfocus(8002) | Window.IsActive(6671)]</visible>
			<animation type="WindowOpen">
			<effect type="slide" start="0,0" end="505,0" tween="cubic" easing="out" time="350"/>
			</animation>
			<animation type="WindowClose">
			<effect type="slide" start="505,0" end="-1500,0" tween="cubic" easing="inout" time="350"/>
			</animation>
			<posx>-500</posx>
			<posy>-300</posy>
			<control type="label">
			<posx>80</posx>
			<posy>-30</posy>
			<width>1200</width>
			<height>100</height>
			<align>left</align>
			<scroll>true</scroll>
			<font>font-21-videosd</font>
			<textcolor>white</textcolor>
			<label>$INFO[VideoPlayer.Title]</label>
			</control>
			<control type="image">
			<posx>0</posx>
			<posy>-18</posy>
			<width>55</width>
			<height>55</height>
			<texture>special://skin/extras/player.png</texture>
			</control>
			</control>


			<control type="group">
			<visible>![IsEmpty(VideoPlayer.Season) + IsEmpty(VideoPlayer.Episode]</visible>
			<animation type="WindowOpen">
			<effect type="slide" start="0,0" end="505,0" tween="cubic" easing="out" time="350"/>
			</animation>
			<animation type="WindowClose">
			<effect type="slide" start="505,0" end="-1500,0" tween="cubic" easing="inout" time="350"/>
			</animation>
			<posx>-500</posx>
			<posy>-300</posy>
			<control type="label">
			<posx>80</posx>
			<posy>-30</posy>
			<width>1200</width>
			<height>100</height>
			<align>left</align>
			<scroll>true</scroll>
			<font>font-21-videosd</font>
			<textcolor>white</textcolor>
			<label>$INFO[VideoPlayer.Season] [COLOR gray]עונה: [/COLOR] $INFO[VideoPlayer.Episode] [COLOR gray]פרק: [/COLOR] $INFO[VideoPlayer.TVShowTitle] :מנגן</label>
			</control>
			<control type="image">
			<posx>0</posx>
			<posy>-18</posy>
			<width>55</width>
			<height>55</height>
			<texture>special://skin/extras/player.png</texture>
			</control>
			</control>

				<control type="group">
				<animation type="WindowOpen">
				<effect type="slide" start="0,0" end="0,-850" tween="cubic" easing="out" time="350"/>
				</animation>
				<animation type="WindowClose">
				<effect type="slide" start="0,-850" end="0,0" tween="cubic" easing="inout" time="350"/>
				</animation>
						<posx>0</posx>
						<posy>710</posy>
						<control type="progress">
							<description>Progressbar Cache</description>
							<posx>0</posx>
							<posy>0</posy>
							<width>1920</width>
							<height>18</height>
							<info>Player.ProgressCache</info>
							<texturebg colordiffuse="grey_a" border="1,1,1,1">special://skin/extras/osd/2.png</texturebg>
							<midtexture colordiffuse="grey_a" border="1,1,1,1">special://skin/extras/osd/5.png</midtexture>
						</control>
						<control type="progress">
							<description>Progressbar</description>
							<posx>0</posx>
							<posy>0</posy>
							<width>1920</width>
							<height>18</height>
							<texturebg diffuse="special://skin/extras/circle.png" colordiffuse="darkgrey" border="1,0,1,0">special://skin/extras/osd/4.png</texturebg>
							<midtexture diffuse="special://skin/extras/circle.png" colordiffuse="orange" border="1,0,1,0">special://skin/extras/osd/5.png</midtexture>
							<lefttexture>-</lefttexture>
							<righttexture>-</righttexture>
							<info>Player.Progress</info>
						</control>

            <control type="slider" id="402">
                <posx>0</posx>
                <posy>0</posy>
                <width>1920</width>
                <height>20</height>
				<onup>Control.SetFocus(8001)</onup>
                <texturesliderbar diffuse="special://skin/extras/circle.png" colordiffuse="00FFFFFF">white.png</texturesliderbar>
                <textureslidernib diffuse="special://skin/extras/circle.png" colordiffuse="burlywood">white.png</textureslidernib>
				<textureslidernibfocus diffuse="special://skin/extras/circle.png" colordiffuse="orange">white.png</textureslidernibfocus>
                <orientation>horizontal</orientation>
				<action>seek</action>
            </control>
			</control>
			</control>
			
		    <control type="group">
			<animation type="WindowOpen">
			<effect type="slide" start="0,0" end="0,-850" tween="cubic" easing="out" time="350"/>
			</animation>
			<animation type="WindowClose">
			<effect type="slide" start="0,-850" end="0,0" tween="cubic" easing="inout" time="350"/>
			</animation>
				<posx>1320</posx>
				<posy>1740</posy>
                <control type="image">
				<posx>120</posx>
                    <width>48</width>
                    <height>48</height>
                    <aspectratio aligny="center">keep</aspectratio>
                    <colordiffuse>white</colordiffuse>
                    <texture>special://skin/extras/osdimages/clock.png</texture>
                </control>
                <control type="label">
					<posx>180</posx>
					<posy>4</posy>
                    <font>Small</font>
                    <textcolor>white</textcolor>
                    <label>$INFO[System.Time]</label>
                </control>
                <control type="image">
				<posx>320</posx>
                    <width>48</width>
                    <height>48</height>
                    <aspectratio aligny="center">keep</aspectratio>
                    <colordiffuse>$VAR[OSDPanelWhite70]</colordiffuse>
                    <texture>special://skin/extras/osdimages/arrow.png</texture>
                    <visible>Player.HasVideo</visible>
                </control>
                <control type="image">
				<posx>430</posx>
                    <width>48</width>
                    <height>48</height>
                    <aspectratio aligny="center">keep</aspectratio>
                    <colordiffuse>white</colordiffuse>
                    <texture>special://skin/extras/osdimages/finishtime.png</texture>
                    <visible>Player.HasVideo</visible>
                </control>
                <control type="label">
				<posx>500</posx>
				<posy>0</posy>
                    <font>Small</font>
                    <textcolor>white</textcolor>
                    <label>$INFO[Player.FinishTime]</label>
                    <visible>Player.HasVideo</visible>
                </control>

            </control>			
			
			<control type="label">
			<posx>465</posx>
			<posy>945</posy>
			<width>960</width>
			<height>40</height>
			<textcolor>yellow</textcolor>
			<align>center</align>
			<label>[B]$INFO[Container(8001).ListItem.Label][/B]</label>
			</control>
			
			<control type="image">
			<posx>20</posx>
			<posy>20</posy>
			<width>45</width>
			<height>45</height>
			<texture>special://skin/extras/arrows/ghost.gif</texture>
			</control>
			
			<control type="label" id="21">
			<animation effect="fade" time="450">VisibleChange</animation>
			<visible>!IsEmpty(VideoPlayer.SubtitlesLanguage)</visible>
			<posx>5</posx>
			<posy>960</posy>
			<width>400</width>
			<height>40</height>
			<align>left</align>
			<label>שפת הכתובית: $INFO[VideoPlayer.SubtitlesLanguage]</label>
			</control>
			<control type="button" id="31">
			<visible>!Stringcompare(VideoPlayer.SubtitlesLanguage,heb) + !IsEmpty(VideoPlayer.SubtitlesLanguage)</visible>
		    <texturenofocus colordiffuse="77000000">black.png</texturenofocus>
			<texturefocus colordiffuse="red">white.png</texturefocus>
			<posx>1349</posx>
			<posy>500</posy>
			<width>auto</width>
			<height>40</height>
			<ondown>8001</ondown>
			<label>אם אינך רואה כתובית בעברית תרצה לחפש אחד?</label>
			<onclick>ActivateWindow(subtitlesearch)</onclick>
			</control>
		    <control type="image">
			<animation condition="!Stringcompare(VideoPlayer.SubtitlesLanguage,heb) + !IsEmpty(VideoPlayer.SubtitlesLanguage)" effect="slide" start="0,0" end="5,0" time="350" pulse="true">Conditional</animation>
			<visible>!Stringcompare(VideoPlayer.SubtitlesLanguage,heb) + !IsEmpty(VideoPlayer.SubtitlesLanguage)</visible>
			<posx>1300</posx>
			<posy>495</posy>
            <width>48</width>
            <height>48</height>
            <aspectratio aligny="center">keep</aspectratio>
            <colordiffuse>$VAR[OSDPanelWhite70]</colordiffuse>
            <texture colordiffuse="burlywood">special://skin/extras/osdimages/arrow.png</texture>
            <visible>Player.HasVideo</visible>
            </control>
			
			<control type="group">
			<animation effect="fade" time="450">VisibleChange</animation>
			<visible>!Stringcompare(VideoPlayer.SubtitlesLanguage,heb) + !IsEmpty(VideoPlayer.SubtitlesLanguage)</visible>
			<posx>1350</posx>
			<posy>50</posy>
			<control type="label">
			<posx>565</posx>
			<posy>910</posy>
			<width>580</width>
			<height>40</height>
			<align>right</align>
			<label>שפת הכתובית שלך לא בעברית</label>
			</control>
			<control type="label">
			<posx>-55</posx>
			<posy>970</posy>
			<width>650</width>
			<height>40</height>
			<align>center</align>
			<label>אם אתה רואה תרגום בעברית מדובר בתרגום מכונה</label>
			</control>
			</control>
			
			<control type="group">
			<animation effect="fade" time="450">VisibleChange</animation>
			<visible>VideoPlayer.HasSubtitles + !VideoPlayer.SubtitlesEnabled</visible>
			<posx>20</posx>
			<posy>20</posy>
			<control type="label">
			<posx>-10</posx>
			<posy>940</posy>
			<width>580</width>
			<height>40</height>
			<align>left</align>
			<label>קיימת כתובית אבל היא לא מופעלת</label>
			</control>
			<control type="label">
			<posx>-10</posx>
			<posy>995</posy>
			<width>650</width>
			<height>40</height>
			<align>left</align>
			<label>יש צורך בהפעלת הכתובית</label>
			</control>
			</control>
			
			<control type="group">
			<animation effect="fade" time="450">VisibleChange</animation>
			<posx>0</posx>
			<posy>45</posy>
			<control type="label">
			<visible>VideoPlayer.HasSubtitles + VideoPlayer.SubtitlesEnabled</visible>
			<posx>5</posx>
			<posy>975</posy>
			<width>580</width>
			<height>40</height>
			<align>left</align>
			<label>הכתובית מופעלת צפיה מהנה</label>
			</control>
			</control>
		
			

			<control type="group">
			<animation effect="fade" time="450">VisibleChange</animation>
			<visible>!VideoPlayer.HasSubtitles</visible>
			<posx>20</posx>
			<posy>0</posy>
			<control type="textbox">
			<posx>-15</posx>
			<posy>970</posy>
			<width>520</width>
			<height>140</height>
			<align>right</align>
			<label>כנראה שיש תרגום מובנה במידה ולא תוכל לחפש בכפתור החיפוש</label>
			</control>
			</control>
		
			<control type="group">
			<visible>!VideoPlayer.HasSubtitles</visible>
			<control type="button" id="42">
		    <texturenofocus colordiffuse="77000000">black.png</texturenofocus>
			<texturefocus colordiffuse="red">white.png</texturefocus>
			<posx>1349</posx>
			<posy>500</posy>
			<width>auto</width>
			<height>40</height>
			<ondown>8001</ondown>
			<label>אם אינך רואה כתובית בעברית תרצה לחפש אחד?</label>
			<onclick>ActivateWindow(subtitlesearch)</onclick>
			</control>
		    <control type="image">
			<animation condition="!Stringcompare(VideoPlayer.SubtitlesLanguage,heb) + !IsEmpty(VideoPlayer.SubtitlesLanguage)" effect="slide" start="0,0" end="5,0" time="350" pulse="true">Conditional</animation>
			<posx>1300</posx>
			<posy>495</posy>
            <width>48</width>
            <height>48</height>
            <aspectratio aligny="center">keep</aspectratio>
            <colordiffuse>$VAR[OSDPanelWhite70]</colordiffuse>
            <texture colordiffuse="burlywood">special://skin/extras/osdimages/arrow.png</texture>
            <visible>Player.HasVideo</visible>
            </control>
			</control>
		
		
			<control type="grouplist">
			<posx>2500</posx>
			<posy>635</posy>
			<width>800</width>
			<height>220</height>
			<orientation>vertical</orientation>
			<itemgap>45</itemgap>
			<include content="videoodsdetails">
			<param name="ossinfo" value="איכות הוידאו: $INFO[VideoPlayer.VideoResolution]"/>
			<param name="animationtime" value="150"/>
			<param name="windowopwnend" value="-825"/>
			<param name="windowclosestart" value="-825"/>
			<param name="novisible" value="VideoPlayer.VideoResolution"/>
			</include>
			<include content="videoodsdetails">
			<param name="ossinfo" value="מספר ערוצי שמע: $INFO[VideoPlayer.AudioChannels]"/>
			<param name="animationtime" value="350"/>
			<param name="windowopwnend" value="-825"/>
			<param name="windowclosestart" value="-825"/>
			<param name="novisible" value="VideoPlayer.AudioChannels"/>
			</include>
			<include content="videoodsdetails">
			<param name="ossinfo" value="איכות השמע בוידאו: $INFO[VideoPlayer.AudioCodec]"/>
			<param name="animationtime" value="550"/>
			<param name="windowopwnend" value="-825"/>
			<param name="windowclosestart" value="-825"/>
			<param name="novisible" value="VideoPlayer.AudioCodec"/>
			</include>
			<include content="videoodsdetails">
			<param name="ossinfo" value="סוג הקידוד בוידאו: $INFO[VideoPlayer.VideoCodec]"/>
			<param name="animationtime" value="750"/>
			<param name="windowopwnend" value="-825"/>
			<param name="windowclosestart" value="-825"/>
			<param name="novisible" value="VideoPlayer.VideoCodec"/>
			</include>	
			<include content="videoodsdetails">
			<param name="ossinfo" value="שנה: $INFO[VideoPlayer.Year]"/>
			<param name="animationtime" value="850"/>
			<param name="windowopwnend" value="-825"/>
			<param name="windowclosestart" value="-825"/>
			<param name="novisible" value="VideoPlayer.Year"/>
			</include>	
			</control>
			
			
			<control type="grouplist">
			<posx>-1830</posx>
			<posy>635</posy>
			<width>800</width>
			<height>220</height>
			<orientation>vertical</orientation>
			<itemgap>45</itemgap>
			<include content="videoodsdetails">
			<param name="ossinfo" value="זמן נוכחי: $INFO[Player.Time]"/>
			<param name="animationtime" value="150"/>
			<param name="windowopwnend" value="1825"/>
			<param name="windowclosestart" value="1825"/>
			<param name="notvisible" value="Player.Time"/>
			</include>
			<include content="videoodsdetails">
			<param name="ossinfo" value="זמן שנותר: $INFO[Player.TimeRemaining]"/>
			<param name="animationtime" value="350"/>
			<param name="windowopwnend" value="1825"/>
			<param name="windowclosestart" value="1825"/>
			<param name="notvisible" value="Player.TimeRemaining"/>
			</include>
			<include content="videoodsdetails">
			<param name="ossinfo" value="סיום הוידאו: $INFO[Player.FinishTime]"/>
			<param name="animationtime" value="550"/>
			<param name="windowopwnend" value="1825"/>
			<param name="windowclosestart" value="1825"/>
			<param name="notvisible" value="Player.FinishTime"/>
			</include>
			<include content="videoodsdetails">
			<param name="ossinfo" value="אורך הסרט: $INFO[VideoPlayer.Duration]"/>
			<param name="animationtime" value="750"/>
			<param name="windowopwnend" value="1825"/>
			<param name="windowclosestart" value="1825"/>
			<param name="notvisible" value="VideoPlayer.Duration"/>
			</include>	
			<include content="videoodsdetails">
			<param name="ossinfo" value="סגנון: $INFO[VideoPlayer.Genre]"/>
			<param name="animationtime" value="850"/>
			<param name="windowopwnend" value="1825"/>
			<param name="windowclosestart" value="1825"/>
			<param name="notvisible" value="VideoPlayer.Genre"/>
			</include>	
			</control>
			
			
			
			
				<!--		<control type="group">
						<posx>1500</posx>
						<posy>1005</posy>
						<control type="label">
							<description>Volume Label</description>
							<posx>310</posx>
							<posy>0</posy>
							<width>188</width>
							<height>38</height>
							<label>$INFO[Control.GetLabel(10001)]</label>
							<font>font-16</font>
							<textcolor>grey_a</textcolor>
							<align>right</align>
							<aligny>center</aligny>
						</control>
						<control type="image">
							<posx>0</posx>
							<posy>0</posy>
							<width>40</width>
							<height>40</height>
							<texture background="true">osd/mute.png</texture>
							<visible>!IntegerGreaterThan(player.volume,1)</visible>
						</control>
						<control type="image">
							<posx>0</posx>
							<posy>0</posy>
							<width>40</width>
							<height>40</height>
							<texture background="true">osd/volume0.png</texture>
							<visible>IntegerGreaterThan(player.volume,1) + !IntegerGreaterThan(player.volume,20)</visible>
						</control>
						<control type="image">
							<posx>0</posx>
							<posy>0</posy>
							<width>40</width>
							<height>40</height>
							<texture background="true">osd/volume1.png</texture>
							<visible>IntegerGreaterThan(player.volume,20) + !IntegerGreaterThan(player.volume,50)</visible>
						</control>
						<control type="image">
							<posx>0</posx>
							<posy>0</posy>
							<width>40</width>
							<height>40</height>
							<texture background="true">osd/volume2.png</texture>
							<visible>IntegerGreaterThan(player.volume,50) + !IntegerGreaterThan(player.volume,95)</visible>
						</control>
						<control type="image">
							<posx>0</posx>
							<posy>0</posy>
							<width>40</width>
							<height>40</height>
							<texture background="true">osd/volume3.png</texture>
							<visible>IntegerGreaterThan(player.volume,95)</visible>
						</control>

						<control type="progress" id="10001">
							<description>Progressbar for volume</description>
							<posx>50</posx>
							<posy>0</posy>
							<width>220</width>
							<height>38</height>
							<texturebg colordiffuse="grey_a" border="1,1,1,1">osd/2.png</texturebg>
							<midtexture colordiffuse="$VAR[main_color]" border="1,0,1,0">osd/5.png</midtexture>
							<lefttexture>-</lefttexture>
							<righttexture>-</righttexture>
							<info>Player.Volume</info>
						</control>

						<control type="slider" id="889">
							<description>Volume Slider</description>
							<posx>50</posx>
							<posy>0</posy>
							<width>220</width>
							<height>38</height>
							<action>volume</action>
							<texturesliderbar border="1,0,1,0">osd/4.png</texturesliderbar>
							<textureslidernib>osd/3.png</textureslidernib>
							<textureslidernibfocus>osd/3.png</textureslidernibfocus>
						</control>
					</control>-->
					
					<control type="multiimage">
					<visible>$EXP[netflixosd]</visible>
					<animation type="WindowOpen">
					<effect type="slide" start="0,0" end="-800,0" time="450" tween="sine" easing="inout"/>
					</animation>
					<posx>2500</posx>
					<posy>0</posy>
					<width>120</width>
					<height>100</height>
					<aspectratio>keep</aspectratio>
					<imagepath>special://skin/extras/netflix/netflixosd.png</imagepath>
					</control>
					
						
</controls>
</window>