<?xml version="1.0" encoding="UTF-8" standalone="yes"?>
<addon id="plugin.video.blink"                                                                                                                                    
	   name="Blink"                                                 
	   version="1.0.9"                                                                                                                                        
	   provider-name="Kodis">
  <requires>

	<import addon="script.module.requests"/>
	

  </requires>
  <extension point="xbmc.python.pluginsource"
            library="default.py">
        <provides>video</provides>
  </extension>
  <extension point="xbmc.addon.metadata">
    <summary lang="en">Freedom To Watch
Everything You Want.</summary>
    <description lang="en"> Watch everything you want in blink of an eye.</description>
    <platform>all</platform>
	<assets>
            <icon>icon.png</icon>
            <fanart>fanart.jpg</fanart>
    </assets>
  </extension>
</addon>