<?xml version='1.0' encoding='UTF-8'?>
<shortcuts>
	<shortcut>
		<defaultID>tvshows</defaultID>
		<label>סדרות</label>
		<label2>פריטים מותאמים אישית</label2>
		<icon>DefaultShortcut.png</icon>
		<thumb />
		<action>Control.SetFocus(7765)</action>
	</shortcut>
	<shortcut>
		<defaultID>videos</defaultID>
		<label>סרטים</label>
		<label2>פריטים מותאמים אישית</label2>
		<icon>DefaultVideo.png</icon>
		<thumb />
		<action>Control.SetFocus(135)</action>
	</shortcut>
	<shortcut>
		<defaultID>1037</defaultID>
		<label>ילדים</label>
		<label2>פריטים מותאמים אישית</label2>
		<icon>DefaultAddonVideo.png</icon>
		<thumb />
		<action>ActivateWindow(6684)</action>
	</shortcut>
	<shortcut>
		<defaultID />
		<label>עידן +</label>
		<label2>פריטים מותאמים אישית</label2>
		<icon>DefaultShortcut.png</icon>
		<thumb />
		<action>ActivateWindow(6942)</action>
	</shortcut>
	<shortcut>
		<defaultID>plugin.video.telemedia</defaultID>
		<label>הופעות ומופעים</label>
		<label2>פריטים מותאמים אישית</label2>
		<icon>DefaultShortcut.png</icon>
		<thumb />
		<action>ActivateWindow(6682)</action>
	</shortcut>
	<shortcut>
		<defaultID>plugin.video.allmoviesin</defaultID>
		<label>ספורט</label>
		<label2>פריטים מותאמים אישית</label2>
		<icon>DefaultShortcut.png</icon>
		<thumb />
		<action>ActivateWindow(6683)</action>
	</shortcut>
	<shortcut>
		<defaultID>tv</defaultID>
		<label>[COLOR cyan]לוח שידורים[/COLOR][CR] עידן פלוס</label>
		<label2>פריטים מותאמים אישית</label2>
		<icon>DefaultShortcut.png</icon>
		<thumb />
		<action>RunAddon(script.hebivueguide)</action>
	</shortcut>
	<shortcut>
		<defaultID>programs</defaultID>
		<label>הכל באחד</label>
		<label2>פריטים מותאמים אישית</label2>
		<icon>DefaultShortcut.png</icon>
		<thumb />
		<action>ActivateWindow(6820)</action>
	</shortcut>
	<shortcut>
		<defaultID>favourites</defaultID>
		<label>[COLOR lime]עדכון מהיר[/COLOR]</label>
		<label2>פריטים מותאמים אישית</label2>
		<icon>DefaultShortcut.png</icon>
		<thumb>special://home/addons/skin.phenomenal/extras/specialbuttons/Disney.png</thumb>
		<action>Control.SetFocus(3495)</action>
	</shortcut>
	<shortcut>
		<defaultID>744</defaultID>
		<label>[COLOR red]יציאה[/COLOR]</label>
		<label2>פריטים מותאמים אישית</label2>
		<icon>DefaultFolder.png</icon>
		<thumb />
		<action>setfocus(9001,3)</action>
	</shortcut>
	<shortcut>
		<defaultID>plugin.video.sdarot.tv/search/0</defaultID>
		<label>עולם המוזיקה</label>
		<label2>פריטים מותאמים אישית</label2>
		<icon>DefaultShortcut.png</icon>
		<thumb />
		<action>ActivateWindow(6755)</action>
	</shortcut>
	<shortcut>
		<defaultID>settings</defaultID>
		<label>הרחבות</label>
		<label2>פריטים מותאמים אישית</label2>
		<icon>DefaultShortcut.png</icon>
		<thumb />
		<action>ActivateWindow(6686)</action>
	</shortcut>
	<shortcut>
		<defaultID>power</defaultID>
		<label>13012</label>
		<label2>Common Shortcut</label2>
		<icon>DefaultShortcut.png</icon>
		<thumb>special://skin/extras/icons/power.png</thumb>
		<action>ActivateWindow(shutdownmenu)</action>
		<visible>Skin.HasSetting(Home_Horizontal)</visible>
	</shortcut>
</shortcuts>
