<?xml version="1.0" encoding="UTF-8"?>
<window>
	<onload condition="!String.IsEmpty(ListItem.Trailer) + String.IsEqual(Skin.String(trailerConfirm),yes) + !Player.HasVideo">AlarmClock(autotrailer,PlayMedia($INFO[ListItem.Trailer],1),00:05,silent)</onload>
	<!--<onload condition="String.IsEqual(Skin.String(trailerConfirm),yes)">AlarmClock(focusmenu,Control.SetFocus(98883),00:08),silent)</onload>-->
    <onunload>CancelAlarm(autotrailer,silent)</onunload>
	<defaultcontrol always="true">98883</defaultcontrol>
    <controls>
	  
		<control type="list" id="99950">
			<top>15</top>
			<left>-1008</left>
			<width>1540</width>
			<height>500</height>
			<onup>8000</onup>
			<onback>8000</onback>
			<onleft>Control.SetFocus(98883)</onleft>
			<orientation>horizontal</orientation>
			<scrolltime tween="sine" easing="inout">350</scrolltime>
			<itemlayout width="1" height="1">
			</itemlayout>
			<focusedlayout width="1" height="1">
			</focusedlayout>
			<content>plugin://plugin.video.themoviedb.helper?info=details&amp;detailed=true&amp;type=movie&amp;imdb_id=$INFO[ListItem.IMDBNumber]</content>
		</control>
			
		<control type="group" id="32232">
		<left>120</left>
		<top>-40</top>
		<include>bgdialoginfo</include>
		<include>PosterOverView</include>
		<include>SetYourLabel</include>
		<include>MediaDialogInfo</include>
		<include>arrowmenu</include>
		<include>SetFlagsForDialogVideoInfo</include>
		<include>GetExtraDetails</include>
		<include>HiddenMenuList</include>
		<include>FullScreenInfo</include>
		<include>FullScreenInfo.9103</include>
		</control> 
		
		<!-- hidden button -->
		<control type="button" id="22222">
		<left>-2000</left>
		<width>1</width>
		<height>1</height>
		<label>-</label>
		<onback>98883</onback>
		<onright>Control.SetFocus(98883)</onright>
		</control>
		<control type="button" id="22223">
		<left>-2000</left>
		<width>1</width>
		<height>1</height>
		<label>-</label>
		<onback>98883</onback>
		<onright>Control.SetFocus(98883)</onright>
		</control>
		<control type="button" id="22224">
		<left>-2000</left>
		<width>1</width>
		<height>1</height>
		<label>-</label>
		<onback>9103</onback>
		<onleft>Control.SetFocus(9103)</onleft>
		</control>
		
		<!--<control type="group" id="6000">
		<visible allowhiddenfocus="true">ControlGroup(6001).HasFocus</visible>
			<include>SetBackGroundInfo</include>
			<control type="grouplist" id="6001">
			<left>200</left>
			<top>50</top>
			<scrolltime>350</scrolltime>
			<onback>SetFocus(98883)</onback>
			<control type="group" id="5000">
			<height>500</height>
				<control type="label">
				<top>0</top>
				<left>0</left>
				<width>250</width>
				<height>50</height>
				<font>font_midi_bold</font>
				<label>מומלצים</label>
				</control>
				<control type="list" id="6002">
				<orientation>horizontal</orientation>
				<width>1500</width>
				<height>400</height>
				<posy>50</posy>
				<ondown>5001</ondown>
					<itemlayout width="252" height="438">
					<control type="image">
						<posx>0</posx>
						<posy>0</posy>
						<width>228</width>
						<height>342</height>
						<aspectratio>stretch</aspectratio>
						<texture fallback="special://skin/extras/fallbacks/videodefault.jpg">$INFO[ListItem.Icon]</texture>
						<bordersize>6</bordersize>
						<colordiffuse>99ffffff</colordiffuse>
					</control>
					<control type="label">
						<posx>12</posx>
						<posy>350</posy>
						<width>204</width>
						<height>1-row</height>
						<aligny>center</aligny>
						<font>thumbTitle</font>
						<textcolor>textActive</textcolor>
						<label>$INFO[ListItem.Label][CR]$INFO[ListItem.Year]</label>
					</control>
				</itemlayout>
				<focusedlayout width="252" height="438">				
						<control type="image">
						<visible>Control.HasFocus(6002)</visible>
							<posx>0</posx>
							<posy>0</posy>
							<width>228</width>
							<height>342</height>
							<aspectratio>stretch</aspectratio>
							<texture>colors/black.png</texture>
							<bordertexture colordiffuse="FFFFFFFF">colors/white.png</bordertexture>
							<bordersize>6</bordersize>
							<colordiffuse>FF000000</colordiffuse>
						</control>
						<control type="image">
						<visible>!String.IsEqual(ListItem.Label,..) | String.Contains(ListItem.Label,עמוד הבא) | String.Contains(ListItem.Label,next page)</visible>
							<posx>0</posx>
							<posy>0</posy>
							<width>228</width>
							<height>342</height>
							<aspectratio>stretch</aspectratio>
							<texture fallback="special://skin/extras/fallbacks/videodefault.jpg">$INFO[ListItem.Icon]</texture>
							<bordersize>6</bordersize>
						</control>
					<control type="label">
						<visible>Container.Content(movies) | Container.Content(tvshows)</visible>
						<posx>12</posx>
						<posy>350</posy>
						<width>204</width>
						<height>1-row</height>
						<aligny>center</aligny>
						<font>thumbTitle</font>
						<textcolor>textActive</textcolor>
						<label>$INFO[ListItem.Label][CR]$INFO[ListItem.Year]</label>
					</control>
				</focusedlayout>
					<content>plugin://plugin.video.themoviedb.helper?info=recommendations&amp;type=movie&amp;imdb_id=$INFO[ListItem.IMDBNumber]</content>
				</control>
			</control>
			
			<control type="group" id="5001">
			<height>500</height>
			<control type="label">
				<top>0</top>
				<left>0</left>
				<width>250</width>
				<height>50</height>
				<font>font_midi_bold</font>
				<label>שחקנים</label>
			</control>
				<control type="list" id="6003">
				<orientation>horizontal</orientation>
				<width>1500</width>
				<height>500</height>
				<onup>5000</onup>
				<posy>50</posy>
				<ondown>5002</ondown>
					<itemlayout width="252" height="438">
					<control type="image">
						<posx>0</posx>
						<posy>0</posy>
						<width>228</width>
						<height>342</height>
						<aspectratio>stretch</aspectratio>
						<texture fallback="special://skin/extras/fallbacks/videodefault.jpg">$INFO[ListItem.Icon]</texture>
						<bordersize>6</bordersize>
						<colordiffuse>99ffffff</colordiffuse>
					</control>
					<control type="label">
						<posx>12</posx>
						<posy>350</posy>
						<width>204</width>
						<height>1-row</height>
						<aligny>center</aligny>
						<font>thumbTitle</font>
						<textcolor>textActive</textcolor>
						<label>$INFO[ListItem.Label][CR]$INFO[ListItem.Year]</label>
					</control>
				</itemlayout>
				<focusedlayout width="252" height="438">				
						<control type="image">
						<visible>Control.HasFocus(6003)</visible>
							<posx>0</posx>
							<posy>0</posy>
							<width>228</width>
							<height>342</height>
							<aspectratio>stretch</aspectratio>
							<texture>colors/black.png</texture>
							<bordertexture colordiffuse="FFFFFFFF">colors/white.png</bordertexture>
							<bordersize>6</bordersize>
							<colordiffuse>FF000000</colordiffuse>
						</control>
						<control type="image">
						<visible>!String.IsEqual(ListItem.Label,..) | String.Contains(ListItem.Label,עמוד הבא) | String.Contains(ListItem.Label,next page)</visible>
							<posx>0</posx>
							<posy>0</posy>
							<width>228</width>
							<height>342</height>
							<aspectratio>stretch</aspectratio>
							<texture fallback="special://skin/extras/fallbacks/videodefault.jpg">$INFO[ListItem.Icon]</texture>
							<bordersize>6</bordersize>
						</control>
					<control type="label">
						<visible>Container.Content(movies) | Container.Content(tvshows)</visible>
						<posx>12</posx>
						<posy>350</posy>
						<width>204</width>
						<height>1-row</height>
						<aligny>center</aligny>
						<font>thumbTitle</font>
						<textcolor>textActive</textcolor>
						<label>$INFO[ListItem.Label][CR]$INFO[ListItem.Year]</label>
					</control>
				</focusedlayout>
					<content>plugin://plugin.video.themoviedb.helper?info=cast&amp;type=movie&amp;imdb_id=$INFO[ListItem.IMDBNumber]</content>
				</control>
			</control>
			
			
	<control type="group" id="5002">
			<height>500</height>
				<control type="label">
				<top>0</top>
				<left>0</left>
				<width>250</width>
				<height>50</height>
				<font>font_midi_bold</font>
				<label>דומים</label>
				</control>
				<control type="list" id="6004">
				<orientation>horizontal</orientation>
				<width>1500</width>
				<height>400</height>
				<posy>50</posy>
				<onup>5001</onup>
					<itemlayout width="252" height="438">
					<control type="image">
						<posx>0</posx>
						<posy>0</posy>
						<width>228</width>
						<height>342</height>
						<aspectratio>stretch</aspectratio>
						<texture fallback="special://skin/extras/fallbacks/videodefault.jpg">$INFO[ListItem.Icon]</texture>
						<bordersize>6</bordersize>
						<colordiffuse>99ffffff</colordiffuse>
					</control>
					<control type="label">
						<posx>12</posx>
						<posy>350</posy>
						<width>204</width>
						<height>1-row</height>
						<aligny>center</aligny>
						<font>thumbTitle</font>
						<textcolor>textActive</textcolor>
						<label>$INFO[ListItem.Label][CR]$INFO[ListItem.Year]</label>
					</control>
				</itemlayout>
				<focusedlayout width="252" height="438">				
						<control type="image">
						<visible>Control.HasFocus(6004)</visible>
							<posx>0</posx>
							<posy>0</posy>
							<width>228</width>
							<height>342</height>
							<aspectratio>stretch</aspectratio>
							<texture>colors/black.png</texture>
							<bordertexture colordiffuse="FFFFFFFF">colors/white.png</bordertexture>
							<bordersize>6</bordersize>
							<colordiffuse>FF000000</colordiffuse>
						</control>
						<control type="image">
						<visible>!String.IsEqual(ListItem.Label,..) | String.Contains(ListItem.Label,עמוד הבא) | String.Contains(ListItem.Label,next page)</visible>
							<posx>0</posx>
							<posy>0</posy>
							<width>228</width>
							<height>342</height>
							<aspectratio>stretch</aspectratio>
							<texture fallback="special://skin/extras/fallbacks/videodefault.jpg">$INFO[ListItem.Icon]</texture>
							<bordersize>6</bordersize>
						</control>
					<control type="label">
						<visible>Container.Content(movies) | Container.Content(tvshows)</visible>
						<posx>12</posx>
						<posy>350</posy>
						<width>204</width>
						<height>1-row</height>
						<aligny>center</aligny>
						<font>thumbTitle</font>
						<textcolor>textActive</textcolor>
						<label>$INFO[ListItem.Label][CR]$INFO[ListItem.Year]</label>
					</control>
				</focusedlayout>
					<content>plugin://plugin.video.themoviedb.helper?info=similar&amp;type=movie&amp;imdb_id=$INFO[ListItem.IMDBNumber]</content>
				</control>
			</control>
			</control>

		</control>-->
					
		
		<control type="group">
		<animation type="Conditional" condition="Control.HasFocus(9102) | Control.HasFocus(9103)">
		<effect type="fade" start="0" end="100" time="650" delay="550"/>
		<effect type="slide" start="-150" end="0" time="650" tween="sine" easing="inout"/>
		</animation>
		<visible allowhiddenfocus="true">Control.HasFocus(9102) | Control.HasFocus(9103)</visible>
		
		
		<control type="group">
		<animation type="Visible">
			<effect type="fade" start="0" end="100" time="500"/>
		</animation>
		<animation type="Hidden">
			<effect type="fade" start="100" end="0" time="500"/>
		</animation>
		<visible>!Container(9103).IsUpdating</visible>
			<top>150</top>
			<left>800</left>
			<control type="image">
			<left>-170</left>
				<top>210</top>
				<width>1100</width>
				<height>1</height>
				<texture colordiffuse="gray">colors/white.png</texture>
			</control>
			<control type="panel">
				<top>-20</top>
				<left>-170</left>
				<width>1100</width>
				<height>600</height>
					<itemlayout width="350" height="140">
						<control type="label">
							<top>0</top>
							<left>0</left>
							<width>250</width>
							<height>50</height>
							<align>left</align>
							<font>font_midi</font>
							<label>[B]$INFO[ListItem.Label][/B]</label>
						</control>
						<control type="label">
							<top>40</top>
							<left>0</left>
							<width>250</width>
							<height>50</height>
							<align>left</align>
							<font>font_mini</font>
							<label>$INFO[ListItem.Label2]</label>
						</control>
					</itemlayout>
					<focusedlayout width="350" height="140">
						<control type="label">
							<top>0</top>
							<left>0</left>
							<width>250</width>
							<height>50</height>
							<align>left</align>
							<font>font_midi</font>
							<label>[B]$INFO[ListItem.Label][/B]</label>
						</control>
						<control type="label">
							<top>40</top>
							<left>0</left>
							<width>250</width>
							<height>50</height>
							<align>left</align>
							<font>font_mini</font>
							<label>$INFO[ListItem.Label2]</label>
						</control>
					</focusedlayout>
					<content>
					<item>
					<visible>!String.IsEmpty(ListItem.Genre)</visible>
						<label>סגנון</label>
						<label2>$INFO[Container(9103).ListItem.Genre]</label2>
						<onclick>-</onclick>
					</item>
					<item>
					<visible>!String.IsEmpty(ListItem.Country)</visible>
						<label>מדינה</label>
						<label2>$INFO[Container(9103).ListItem.Country]</label2>
						<onclick>-</onclick>
					</item>
					<item>
					<visible>!String.IsEmpty(ListItem.Duration)</visible>
						<label>אורך</label>
						<label2>$VAR[PreFix_Duration.9103]</label2>
						<onclick>-</onclick>
					</item>
					<item>
					<visible>!String.IsEmpty(ListItem.EndTime)</visible>
						<label>מסתיים</label>
						<label2>$INFO[Container(9103).ListItem.EndTime]</label2>
						<onclick>-</onclick>
					</item>			
					<item>
					<visible>!String.IsEmpty(ListItem.Studio)</visible>
						<label>רשת</label>
						<label2>$INFO[Container(9103).ListItem.Studio]</label2>
						<onclick>-</onclick>
					</item>
					<item>
					<visible>!String.IsEmpty(ListItem.Premiered)</visible>
						<label>שוחרר</label>
						<label2>$INFO[Container(9103).ListItem.Premiered]</label2>
						<onclick>-</onclick>
					</item>						
					</content>
			</control>
		</control>
		
		 <control type="list" id="9102">
		  <top>0</top>
		  <onright>9103</onright>
		  <onback>98883</onback>
		  <onleft>98883</onleft>
		  <width>700</width>
		  <height>1025</height>
			<itemlayout height="120">
			<control type="image">
			<top>0</top>
			<left>0</left>
			<width>512</width>
			<height>256</height>
			<aspectratio>keep</aspectratio>
			<texture colordiffuse="Dark1">special://skin/extras/common2/menumain.png</texture>
			</control>
			<control type="textbox">
			<top>0</top>
			<left>0</left>
			<width>512</width>
			<height>256</height>
			<align>center</align>
			<aligny>center</aligny>
			<font>font_mini</font>
			<label>$INFO[ListItem.Property(textTitle)]</label>
			</control>
			</itemlayout>
			<focusedlayout height="120">
			<control type="image">
			<animation type="Focus">
			<effect type="zoom" center="auto" time="250" end="105,105" tween="cubic" easing="inout"/>
			</animation>
			<top>0</top>
			<left>0</left>
			<width>512</width>
			<height>256</height>
			<aspectratio>keep</aspectratio>
			<texture colordiffuse="Dark1">special://skin/extras/common2/menumain.png</texture>
			</control>
			<control type="image">
			<visible>Control.HasFocus(9102)</visible>
			<animation effect="fade" start="50" end="100" time="200">Visible</animation>
			<animation type="Focus">
			<effect type="zoom" center="auto" time="250" end="105,105" tween="cubic" easing="inout"/>
			</animation>
			<top>0</top>
			<left>0</left>
			<width>512</width>
			<height>256</height>
			<aspectratio>keep</aspectratio>
			<texture colordiffuse="highlight">special://skin/extras/common2/menumain.png</texture>
			</control>
			<control type="textbox">
			<top>0</top>
			<left>0</left>
			<width>512</width>
			<height>256</height>
			<align>center</align>
			<aligny>center</aligny>
			<font>font_mini</font>
			<label>$INFO[ListItem.Property(textTitle)]</label>
			</control>
			</focusedlayout>
		  <content>
		  <item>
		  <label>plugin://plugin.video.themoviedb.helper?info=recommendations&amp;type=movie&amp;imdb_id=$INFO[ListItem.IMDBNumber]</label>
		  <property name="textTitle">מומלצים</property>
		  </item>
		  <item>
		  <label>plugin://plugin.video.themoviedb.helper?info=similar&amp;type=movie&amp;imdb_id=$INFO[ListItem.IMDBNumber]</label>
		  <property name="textTitle">דומים</property>
		  </item>
		  <item>
		  <label>plugin://plugin.video.themoviedb.helper?info=cast&amp;type=movie&amp;imdb_id=$INFO[ListItem.IMDBNumber]</label>
		  <property name="textTitle">שחקנים</property>
		  </item>
		  <item>
		  <label>plugin://plugin.video.themoviedb.helper?info=videos&amp;type=movie&amp;imdb_id=$INFO[ListItem.IMDBNumber]</label>
		  <property name="textTitle">טריילרים</property>
		  </item>
		  <item>
		  <label>plugin://plugin.video.themoviedb.helper?info=trakt_inprogress&amp;type=movie</label>
		  <property name="textTitle">סרטים בהליך צפייה</property>
		  </item>
		  <item>
		  <label>plugin://plugin.video.themoviedb.helper?info=trakt_boxoffice&amp;type=movie</label>
		  <property name="textTitle">עשרת המומלצים השבוע</property>
		  </item>
		  <item>
		  <label>plugin://plugin.video.themoviedb.helper?info=trakt_history&amp;type=movie</label>
		  <property name="textTitle">היסטוריה</property>
		  </item>
		  <item>
		  <label>plugin://plugin.video.themoviedb.helper?info=trakt_mostwatched&amp;type=movie</label>
		  <property name="textTitle">הנצפים ביותר</property>
		  </item>
		  <item>
		  <label>plugin://plugin.video.themoviedb.helper?info=revenue_movies&amp;type=movie</label>
		  <property name="textTitle">הכי מכניסים</property>
		  </item>
		  <item>
		  <label>plugin://plugin.video.themoviedb.helper?info=most_voted&amp;type=movie</label>
		  <property name="textTitle">הכי הרבה הצבעות</property>
		  </item>
		<item>
		  <label>plugin://plugin.video.themoviedb.helper?info=discover&amp;type=movie&amp;with_companies=$INFO[ListItem.Studio]</label>
		  <property name="textTitle">רשת:[CR]$INFO[ListItem.Studio]</property>
		</item>
		<item>
		  <label>plugin://plugin.video.themoviedb.helper?info=discover&amp;type=movie&amp;with_people=$INFO[ListItem.Writer]</label>
		  <property name="textTitle">תסריטאי:[CR]$INFO[ListItem.Writer]</property>
		</item>
		<item>
		  <label>plugin://plugin.video.themoviedb.helper?info=discover&amp;type=movie&amp;with_people=$INFO[ListItem.Director]</label>
		  <property name="textTitle">במאי:[CR]$INFO[ListItem.Director]</property>
		 </item>
		 <item>
		  <label>plugin://plugin.video.themoviedb.helper/?info=collection&amp;tmdb_type=collection&amp;tmdb_id=$INFO[ListItem.Property(Set.TMDb_ID)]</label>
		  <property name="textTitle">אוסף:[CR]$INFO[ListItem.Set]</property>
		 </item>
		  </content>
		</control>



	<control type="list" id="9103">
	<preloaditems>2</preloaditems>
	<include content="SetYourList">
	<param name="visible" value="true"/>
	<param name="listtop" value="380"/>
	<param name="listleft" value="625"/>
	<param name="listwidth" value="1920"/>
	<param name="listheight" value="625"/>
	<param name="orientation" value="vertical"/>
	<param name="viewtypelabel" value="תצוגת פנארט"/>
	<param name="listonright" value="Control.SetFocus(22224)"/>
	<param name="listonleft" value="Control.SetFocus(9102)"/>
	<param name="onleftcondition" value="Container.Content(movies) | String.IsEqual(ListItem.DBTYPE,movie)"/>
	<param name="onrightcondition" value="Container.Content(movies) | String.IsEqual(ListItem.DBTYPE,movie)"/>
	<param name="listonup" value="false"/>
	<param name="listondown" value="false"/>
	<param name="focusposition" value="1"/>
	<param name="onback" value="9102"/>
	</include>
	<itemlayout width="250" height="155">
	<control type="group">
	<control type="image">
	<top>20</top>
	<left>10</left>
	<width>213</width>
	<height>120</height>
	<texture diffuse="special://skin/extras/diffuse2/landscape_w213_h120.png">$VAR[TheMovieDbTexture]</texture>
	</control>
	</control>
	<control type="image">
	<visible>!String.IsEqual(ListItem.Label,..)</visible>
		<top>20</top>
		<left>235</left>
		<width>1</width>
		<height>120</height>
		<texture colordiffuse="gray">colors/white.png</texture>
		</control>
	<include content="SetFolderBack">
		<param name="color">white</param>
		<param name="height">230</param>
		<param name="width">230</param>
		<param name="top">-40</param>
		<param name="left">-35</param>
	</include>
	<include content="SetYourlabel">
		<param name="left">250</param>
		<param name="top">0</param>
		<param name="yourlabel">$INFO[ListItem.Label] $INFO[ListItem.Year,(,)]</param>
	</include>
		<include content="SetYourlabel">
		<param name="visible">!String.IsEmpty(ListItem.Property(TotalSeasons)</param>
		<param name="left">1000</param>
		<param name="top">0</param>
		<param name="font">font_mini</param>
		<param name="yourlabel">Seasons: $INFO[ListItem.Property(TotalSeasons)]</param>
	</include>
	<include content="SetYourlabel">
		<param name="visible">Container.Content(seasons) + !String.IsEmpty(ListItem.Property(TotalEpisodes)</param>
		<param name="left">970</param>
		<param name="top">0</param>
		<param name="font">font_mini</param>
		<param name="yourlabel">Episodes: $INFO[ListItem.Property(TotalEpisodes)]</param>
	</include>
	<include content="SetYourPlot">
	<param name="top">60</param>
	<param name="left">250</param>
	<param name="scroll">false</param>
	<param name="height">80</param>
	<param name="setthelabel">Plot</param>
	</include>
	</itemlayout>
	<focusedlayout width="250" height="155">
	<control type="image">
	<visible>Control.HasFocus(9103)</visible>
	<animation effect="fade" start="50" end="100" time="200">Visible</animation>
		<top>0</top>
		<left>0</left>
		<width>1120</width>
		<height>155</height>
		<aspectratio>stretch</aspectratio>
		<texture border="20" colordiffuse="deeppink">special://skin/extras/common2/gradient-box.png</texture>
		</control>
	<control type="image">
	<visible>Control.HasFocus(9103)</visible>
	<animation effect="fade" start="50" end="100" time="200">Visible</animation>
		<top>0</top>
		<left>0</left>
		<width>1120</width>
		<height>155</height>
		<aspectratio>stretch</aspectratio>
		<texture flipx="true" border="20" colordiffuse="highlight">special://skin/extras/common2/gradient-box.png</texture>
		</control>
		<control type="image">
		<visible>!String.IsEqual(ListItem.Label,..)</visible>
		<top>20</top>
		<left>235</left>
		<width>1</width>
		<height>120</height>
		<texture colordiffuse="gray">colors/white.png</texture>
		</control>
		
	<control type="group">
	<control type="image">
	<top>20</top>
	<left>10</left>
	<width>213</width>
	<height>120</height>
	<texture diffuse="special://skin/extras/diffuse2/landscape_w213_h120.png">$VAR[TheMovieDbTexture]</texture>
	</control>
	</control>
		
	<include content="SetFolderBack">
		<param name="color">white</param>
		<param name="height">230</param>
		<param name="width">230</param>
		<param name="top">-40</param>
		<param name="left">-35</param>
	</include>
	<include content="SetYourlabel">
		<param name="left">250</param>
		<param name="top">0</param>
		<param name="yourlabel">$INFO[ListItem.Label] $INFO[ListItem.Year,(,)]</param>
	</include>
	<include content="SetYourPlot">
	<param name="top">60</param>
	<param name="left">250</param>
	<param name="scroll">true</param>
	<param name="height">80</param>
	<param name="setthelabel">Plot</param>
	</include>
		<include content="SetYourlabel">
		<param name="visible">Container.Content(tvshows) + !String.IsEmpty(ListItem.Property(TotalSeasons)</param>
		<param name="left">1000</param>
		<param name="top">0</param>
		<param name="font">font_mini</param>
		<param name="yourlabel">Seasons: $INFO[ListItem.Property(TotalSeasons)]</param>
	</include>
	<include content="SetYourlabel">
		<param name="visible">Container.Content(seasons) + !String.IsEmpty(ListItem.Property(TotalEpisodes)</param>
		<param name="left">970</param>
		<param name="top">0</param>
		<param name="font">font_mini</param>
		<param name="yourlabel">Episodes: $INFO[ListItem.Property(TotalEpisodes)]</param>
	</include>
	</focusedlayout>
	<content>$INFO[Control.GetLabel(9102)]</content>
	</control>
		<control type="label">
		<visible>Container(9103).IsUpdating</visible>
		<visible>Control.HasFocus(9102) | Control.HasFocus(9103)</visible>
			<top>0</top>
			<left>200</left>
			<width>1920</width>
			<height>50</height>
			<align>center</align>
			<font>font_head_bold</font>
			<label>מבצע רענון לתוכן אנא המתן.....</label>
		</control>
		<control type="label">
		<visible>!Container(9103).IsUpdating + !Integer.IsGreater(Container(9103).NumItems,0)</visible>
		<visible>Control.HasFocus(9102) | Control.HasFocus(9103)</visible>
			<top>500</top>
			<left>200</left>
			<width>1920</width>
			<height>50</height>
			<align>center</align>
			<font>font_head_bold</font>
			<label>אין תוכן....</label>
		</control>
		<include content="SetYourUpdating">
		<param name="visible">Container(9103).IsUpdating + [Control.HasFocus(9102) | Control.HasFocus(9103)]</param>
		<param name="left">800</param>
		<param name="top">0</param>
		<param name="width">35</param>
		<param name="height">35</param>
		</include>
	</control>
    </controls>
</window>
