<?xml version="1.0" encoding="UTF-8"?>
<includes>
    <include name="fadeInOut">
        <animation type="windowOpen">
            <effect type="fade" start="0" end="100" time="300"/>
        </animation>
        <animation type="windowClose">
            <effect type="fade" start="100" end="0" time="300"/>
        </animation>
    </include>
    <include name="listSlideIn">
        <effect type="fade" start="0" end="100" time="300" delay="600"/>
        <effect type="slide" start="3-col" end="0" center="auto" tween="cubic" easing="out" time="400" delay="500"/>
    </include>
    <include name="contentOpen">
        <animation type="windowopen">
            <effect type="fade" start="0" end="100" time="500"/>
            <effect type="zoom" center="auto" start="120" end="100" time="300"/>
        </animation>
        <animation type="windowclose">
            <effect type="fade" start="100" end="0" time="300"/>
            <effect type="zoom" center="auto" start="100" end="98" time="300"/>
        </animation>
    </include>
    <!--ken burnsey style effect for fanart images-->
    <include name="kenBurnsey">
        <animation type="conditional" condition="!Skin.HasSetting(lowPowerMode)" loop="true">
            <effect type="fade" start="0" end="100" time="2000"/>
			<effect type="zoom" center="auto" start="120" end="100" time="15000"/>
			<effect type="fade" start="100" end="0" time="1000" delay="14000"/>
        </animation>
    </include>
    <!--focus item spinner-->
    <include name="spinFocusIcon">
        <animation type="focus" loop="false" reversible="false">
            <effect type="fade" time="250"/>
            <effect type="rotatey" end="180" center="36" tween="back" easing="out" time="1000"/>
        </animation>
    </include>
    <include name="focusThumb">
        <animation type="focus" loop="false" reversible="false">
            <!--<effect type="rotatey" start="0" end="-10" center="132" tween="back" easing="out" time="300"/>
            <effect type="rotatey" start="0" end="10" center="132" tween="back" easing="out" delay="300" time="300"/>-->
            <effect type="zoom" start="95" end="110" center="auto" tween="sine" easing="out" time="200"/>
        </animation>
    </include>
    <!--modal dialog handling-->
    <include name="modalDialogInOut">
        <animation type="Windowopen">
            <effect type="fade" start="0" end="100" time="250"/>
            <effect type="slide" start="1920" end="0" tween="cubic" easing="out" time="250"/>
        </animation>
        <animation type="Windowclose">
            <effect type="fade" start="100" end="0" time="250"/>
            <effect type="slide" start="0" end="-1920" tween="cubic" easing="out" time="250"/>
        </animation>
    </include>
	
    <include name="modalDialogInOutVertical">
        <animation type="WindowOpen">
        <effect type="fade" start="0" end="100" time="250" delay="150"/>
        <effect type="slide" start="0,-48" end="0" center="auto" tween="back" easing="out" time="250" delay="150"/>	
        </animation>
        <animation type="WindowClose">
        <effect type="fade" start="100" end="0" time="350" delay="250"/>
		<effect type="slide" start="0,0" end="0,-48" center="auto" tween="back" easing="out" time="250" delay="150"/>	
        </animation>
    </include>
	
	<include name="VisibleChangeAnimation">
		<animation effect="fade" start="0" end="100" time="400">VisibleChange</animation>
	</include>
	
    <include name="modalDialogInOutVerticalVisible">
        <animation type="Visible">
        <effect type="fade" start="0" end="100" time="250" delay="150"/>
        <effect type="slide" start="0,-48" end="0" center="auto" tween="back" easing="out" time="250" delay="150"/>	
        </animation>
        <animation type="Hidden">
            <effect type="fade" start="100" end="0" time="250"/>
            <effect type="slide" start="0,0" end="0,-48" center="auto" tween="back" easing="out" time="450" delay="150"/>	
        </animation>
    </include>
	
    <include name="modalDialogContentShift">
        <animation type="Conditional" condition="controlgroup(9000).hasfocus | controlgroup(9002).hasfocus | controlgroup(100).hasfocus">
            <effect type="zoom" end="140" time="250" center="auto" tween="linear" easing="out"/>
        </animation>
    </include>
	
	<include name="BounceFadeIn">
		<animation type="$PARAM[VisibleType]">
			<effect type="fade" end="100" time="150"/>
			<effect type="zoom" center="auto" start="100,100" end="90,90" time="150"/>
			<effect type="zoom" center="auto" start="90,90" end="100,100" time="150" delay="150"/>
			</animation>
			
			<animation type="$PARAM[HiddenType]">
			<effect type="fade" end="0" time="150"/>
			<effect type="zoom" center="auto" start="100,100" end="90,90" time="150"/>
			<effect type="zoom" center="auto" start="90,90" end="50,50" time="150" delay="150"/>
			</animation>
	</include>
	
	<include name="PlayRotation">
	<animation type="Conditional" condition="System.IdleTime(25)">
	<effect type="fade" end="80" time="250" delay="150"/>
	<effect type="fade" start="80" end="100" time="250" delay="150"/>
	</animation>
	</include>
	
	
	<include name="VisiblechangeFaded">
	<animation type="VisibleChange">
	<effect type="fade" end="100" time="250" delay="150"/>
	</animation>
	</include>
	
	<include name="VisibleHiddenFocus">
	<animation type="Visible">
	<effect type="fade" start="0" end="100" delay="250" time="550"/>
	</animation>
	
	<animation type="Hidden">
			<effect type="fade" start="100" end="0" delay="250" time="550"/>
		</animation>
	</include>
	
	<include name="FadedOpacity">
		<animation condition="true" effect="fade" end="15" time="0">Conditional</animation>
	</include>

	<include name="SlideLeft">
		<animation type="Focus">
			<effect type="slide" end="-500" time="250" tween="cubic" easing="out"/>
		</animation>
	</include>
	
	<include name="CenterZoomIn">
		<animation type="Focus">
			<effect type="zoom" center="auto" start="100,100" end="125,125" tween="back" easing="inout" time="450" delay="450"/>
		</animation>
	</include>
	
	<include name="SideLeftAnimation">
		<animation type="WindowOpen" condition="!Container.IsUpdating + Control.IsVisible()">
			<effect type="slide" start="-50" end="0" time="250" delay="150" tween="cubic" easing="inout"/>
			<effect type="fade" start="0" end="100" time="250" delay="150" tween="cubic" easing="inout"/>
		</animation>
		<animation type="WindowClose">
			<effect type="slide" start="0" end="-50" time="250" tween="cubic" easing="inout"/>
			<effect type="fade" start="100" end="0" time="250" delay="150" tween="cubic" easing="inout"/>
		</animation>
	</include>
		
	<include name="SideRightAnimation">
		<animation type="WindowOpen" condition="!Container.IsUpdating + Control.IsVisible()">
			<effect type="slide" start="50" end="0" time="250" delay="150" tween="cubic" easing="inout"/>
			<effect type="fade" start="0" end="100" time="250" delay="150" tween="cubic" easing="inout"/>
		</animation>
		<animation type="WindowClose">
			<effect type="slide" start="0" end="50" time="250" tween="cubic" easing="inout"/>
			<effect type="fade" start="100" end="0" time="250" delay="150" tween="cubic" easing="inout"/>
		</animation>
	</include>
		
	<include name="SideDownAnimation">
		<animation type="WindowOpen" condition="!Container.IsUpdating + Control.IsVisible()">
			<effect type="slide" start="0,50" end="0" time="250" delay="150" tween="cubic" easing="inout"/>
			<effect type="fade" start="0" end="100" time="250" delay="150" tween="cubic" easing="inout"/>
		</animation>
		<animation type="WindowClose">
			<effect type="slide" start="0" end="0,50" time="250" tween="cubic" easing="inout"/>
			<effect type="fade" start="100" end="0" time="250" delay="150" tween="cubic" easing="inout"/>
		</animation>
	</include>
		
	<include name="SideUpAnimation">
		<animation type="WindowOpen" condition="!Container.IsUpdaing">
			<effect type="slide" start="0,-50" end="0" time="250" delay="150" tween="cubic" easing="inout"/>
			<effect type="fade" start="0" end="100" time="250" delay="150" tween="cubic" easing="inout"/>
		</animation>
	<animation type="WindowClose">
			<effect type="slide" start="0" end="0,-50" time="250" tween="cubic" easing="inout"/>
			<effect type="fade" start="100" end="0" time="250" delay="150" tween="cubic" easing="inout"/>
		</animation>
	</include>
	
	<include name="slidevideoinfo">
	   <animation type="WindowOpen">
			<effect type="slide" start="2000" end="0" time="250" tween="cubic" easing="out"/>
	   </animation>
	   <animation type="WindowClose">
			<effect type="slide" start="0" end="2000" time="250" tween="cubic" easing="out"/>
	   </animation>
	 </include>
 
	<include name="litefaded">
		<animation type="WindowOpen">
			<effect type="slide" end="0,-25" time="250" delay="150" tween="cubic" easing="out"/>
			<effect type="fade" start="50" end="100" time="250" delay="150" tween="cubic" easing="out"/>
			</animation>
		<animation type="WindowClose">
			<effect type="slide" start="0,-25"end="0,0" time="250" delay="150" tween="cubic" easing="out"/>
			<effect type="fade" start="100" end="0" time="250" delay="150" tween="cubic" easing="out"/>
		</animation>	
		<animation type="Visible">
			<effect type="slide" end="0,-25" time="250" delay="150" tween="cubic" easing="out"/>
			<effect type="fade" start="50" end="100" time="250" delay="150" tween="cubic" easing="out"/>
		</animation>
			<animation type="Hidden">
			<effect type="slide" start="0,-25"end="0,0" time="250" delay="150" tween="cubic" easing="out"/>
			<effect type="fade" start="100" end="0" time="250" delay="150" tween="cubic" easing="out"/>
		</animation>
	</include>
	
	<include name="sideanimation">
		<animation type="WindowOpen">
			<effect type="slide" start="500" end="0" time="250" tween="cubic" easing="inout"/>
			<effect type="fade" end="100" time="250" delay="150" tween="cubic" easing="inout"/>
		</animation>
		<animation type="WindowClose">
			<effect type="slide" start="0" end="500" time="550" tween="cubic" easing="inout"/>
			<effect type="fade" end="0" time="250" delay="150" tween="cubic" easing="inout"/>
		</animation>
	</include>
	
	 <include name="WidgetAdvancedlitefaded">
		<animation type="WindowOpen">
			<effect type="slide" start="0,-25" end="0,0" time="250" delay="150" tween="cubic" easing="out"/>
			<effect type="fade" start="50" end="100" time="250" delay="150" tween="cubic" easing="out"/>
			</animation>
		<animation type="WindowClose">
			<effect type="slide" start="0,-25" end="0,0" time="250" delay="100" tween="cubic" easing="out"/>
			<effect type="fade" start="100" end="0" time="250" delay="150" tween="cubic" easing="out"/>
		</animation>
	</include>
	
	<include name="ZoomAniamtionType">
		<param name="animation">Window.IsActive(DialogVideoInfo.xml)</param>
		<definition>
			<animation type="Conditional" condition="$PARAM[animation]">
			<effect type="zoom" start="100,100" center="1000,500" end="95,95" time="250" delay="150" tween="cubic" easing="inout"/>
			<effect type="fade" start="100" end="0" time="250" delay="150"/>
		</animation>
		</definition>
	</include>

	<include name="GlobalZoomAndOut">
		<animation type="WindowClose">
			<effect type="zoom" start="100,100" center="1000,500" end="70,70" time="250" tween="cubic" easing="inout"/>
			<effect type="fade" start="100" end="0" time="250" delay="150"/>
		</animation>
			<animation type="WindowOpen">
			<effect type="zoom" start="70,70" center="1000,500" end="100,100" time="250" tween="cubic" easing="inout"/>
			<effect type="fade" start="0" end="100" time="250" delay="150"/>
			</animation>
	</include>

	<include name="Vis_FadeSlide_Right">
		<animation type="Visible" reversible="False">
			<effect type="fade" start="0" end="100" time="300" tween="sine" easing="out"/>
			<effect type="slide" start="15" end="0" time="400" tween="cubic" easing="out" />
		</animation>
		<animation type="Hidden" reversible="False">
			<effect type="fade" start="100" end="0" time="300" tween="sine" easing="out" />
			<effect type="slide" start="0" end="15" time="300" tween="cubic" easing="out" />
		</animation>
		<animation type="WindowOpen">
			<effect type="fade" start="0" end="100" time="300" tween="sine" easing="out" />
			<effect type="slide" start="15" end="0" time="400" tween="cubic" easing="out" />
		</animation>
		<animation type="WindowClose">
			<effect type="fade" start="100" end="0" time="300" tween="sine" easing="out" />
			<effect type="slide" start="0" end="15" time="300" tween="cubic" easing="out" />
		</animation>
	</include>
	
	<include name="Vis_FadeSlide_Left">
		<animation type="Visible" reversible="False">
			<effect type="fade" start="0" end="100" time="50" tween="sine" easing="out" />
			<effect type="slide" start="-15" end="0" time="400" tween="cubic" easing="out" />
		</animation>
		<animation type="Hidden" reversible="False">
			<effect type="fade" start="100" end="0" time="300" tween="sine" easing="out" />
			<effect type="slide" start="0" end="-15" time="300" tween="cubic" easing="out" />
		</animation>
		
		<animation type="WindowOpen">
			<effect type="fade" start="0" end="100" time="300" tween="sine" easing="out" />
			<effect type="slide" start="-15" end="0" time="400" tween="cubic" easing="out" />
		</animation>
		<animation type="WindowClose">
			<effect type="fade" start="100" end="0" time="300" tween="sine" easing="out" />
			<effect type="slide" start="0" end="-15" time="300" tween="cubic" easing="out" />
		</animation>
	</include>
	
	<include name="OpenClose_Fade">
		<animation effect="fade" end="100" time="200">WindowOpen</animation>
		<animation effect="fade" start="100" end="0" time="200">WindowClose</animation>
	</include>
	
	<include name="Visible_Fade">
		<animation effect="fade" end="100" time="200">Visible</animation>
		<animation effect="fade" start="100" end="0" time="200">Hidden</animation>
	</include>
	
	<include name="Animation_DialogPopupOpenClose">
		<animation type="WindowOpen" reversible="false">
			<effect type="zoom" start="80" end="100" center="50%,50%" delay="160" tween="back" time="240" />
			<effect type="fade" delay="160" end="100" time="240" />
		</animation>
		<animation type="WindowClose" reversible="false">
			<effect type="zoom" start="100" end="80" center="50%,50%" easing="in" tween="back" time="240" />
			<effect type="fade" start="100" end="0" time="240" />
		</animation>
		<depth>DepthDialog</depth>
	</include>

	<include name="Animation_DialogPopupOpenCloseVisible">
		<animation type="Visible" reversible="false">
			<effect type="zoom" start="80" end="100" center="auto" delay="160" tween="back" time="240" />
			<effect type="fade" delay="160" end="100" time="240" />
		</animation>
		<animation type="Hidden" reversible="false">
			<effect type="zoom" start="100" end="80" center="auto" easing="in" tween="back" time="240" />
			<effect type="fade" start="100" end="0" time="240" />
		</animation>
		<depth>DepthDialog</depth>
	</include>

	<include name="Keyboard_Slide_Up">
		<animation type="WindowOpen">
			<effect type="fade" start="0" end="100" time="300" tween="sine" easing="out" />
			<effect type="slide" start="0,1080" end="0,0" time="400" tween="cubic" easing="out" />
		</animation>
		<animation type="WindowClose">
			<effect type="fade" start="100" end="0" time="300" tween="sine" easing="out" />
			<effect type="slide" start="0,0" end="0,1080" time="400" tween="cubic" easing="out" />
		</animation>
	</include>
</includes>
