<?xml version="1.0" encoding="UTF-8"?>
<window>
	<views>10</views>
	<defaultcontrol always="true">9999</defaultcontrol>
	<onload condition="Skin.hassetting(stopVideoOnMenu) + !Player.HasAudio">PlayerControl(stop)</onload>
	<onload>Skin.SetString(recentitems,video)</onload>
	<animation type="windowClose">
		<effect type="fade" start="100" end="0" time="300"/>
	</animation>
	<controls>
	
	
	<control type="image">
	<top>-50</top>
	<left>-50</left>
	<width>2300</width>
	<height>2000</height>
	<texture colordiffuse="Fade1" border="16">special://skin/extras/common/rounded-shadow8.png</texture>
	</control>
	<include>pageheader</include>
		<!--page container group-->
		<control type="group">
			<!--shift page for certain modal dialogs-->
			<include>modalDialogContentShift</include>
			
			<control type="group">
			<left>100</left>
			<control type="label">
			<top>820</top>
			<left>200</left>
			<width>1620</width>
			<height>140</height>
			<align>left</align>
			<font>large</font>
			<label>$INFO[ListItem.Label]</label>
			</control>
			
			<control type="label">
			<top>0</top>
			<left>0</left>
			<width>1920</width>
			<height>140</height>
			<align>center</align>
			<label>$INFO[ListItem.StartDate]</label>
			</control>
			<control type="textbox">
			<autoscroll fade="3500" time="3500" repeat="3500">true</autoscroll>
			<top>935</top>
			<left>200</left>
			<width>1220</width>
			<height>125</height>
			<align>left</align>
			<label>$INFO[ListItem.Plot]</label>
			</control>
						<control type="image">
							<posx>0</posx>
							<posy>880</posy>
							<width>166</width>
							<height>166</height>
							<aspectratio>keep</aspectratio>
							<texture>$INFO[Listitem.Icon]</texture>
							
						</control>
					</control>
			
			<!--Main content listing-->
			<control type="group" id="9999">
				<!--initial animation-->
				<include>contentOpen</include>
				<control type="epggrid" id="10">
					<description>EPG Grid</description>
					<posx>col-1-begin</posx>
					<posy>row-1-begin</posy>
					<width>24-col</width>
					<height>21-row</height>
					<timeblocks>30</timeblocks>
					<progresstexture border="0,33,18,14">UIControls/PVR-EpgProgressIndicator.png</progresstexture>
					<rulerunit>6</rulerunit>
					<onback>9000</onback>
					<rulerlayout height="3-row" width="216">
						<control type="label" id="2">
							<visible>String.Contains(ListItem.Label,:)</visible>
							<posx>0</posx>
							<posy>12</posy>
							<width>216</width>
							<height>2-row</height>
							<font>itemTitle</font>
							<textcolor>66FFFFFF</textcolor>
							<label>$INFO[ListItem.Label]</label>
						</control>
						
					</rulerlayout>
					<rulerdatelayout height="2-row" width="216">
						<control type="label">
							<posx>0</posx>
							<posy>0</posy>
							<width>24-col</width>
							<align>center</align>
							<height>2-row</height>
							<font>menuTitle2</font>
							<textcolor>textActive</textcolor>
							<label>$INFO[ListItem.Label]</label>
						</control>
					</rulerdatelayout>
					<channellayout height="2-row" width="328">
						 <control type="image">
							<top>0</top>
							<left>0</left>
							<width>350</width>
							<height>100</height>
							<bordertexture colordiffuse="black">colors/white.png</bordertexture>
							<bordersize>1</bordersize>
							<texture colordiffuse="Dark1">colors/white.png</texture>
							</control>
						<control type="image">
							<posx>0</posx>
							<posy>3</posy>
							<width>66</width>
							<height>66</height>
							<aspectratio>keep</aspectratio>
							<texture fallback="colors/black.png" diffuse="masks/circle.png" border="0">$INFO[Listitem.thumb]</texture>
							<colordiffuse>overlay</colordiffuse>
						</control>
						<control type="label">
							<posx>1-col-indent</posx>
							<width>398</width>
							<height>2-row</height>
							<font>itemTitle</font>
							<textcolor>textActive</textcolor>
							<selectedcolor>textActive</selectedcolor>
							<shadowcolor></shadowcolor>
							<label>$INFO[ListItem.ChannelName]</label>
						</control>
					</channellayout>
					<focusedchannellayout height="2-row" width="328">
						<control type="image">
							<posx>0</posx>
							<width>350</width>
							<height>2-row</height>
							<texture>colors/white.png</texture>
							<colordiffuse>highlight</colordiffuse>
						</control>
						<control type="image">
							<posx>0</posx>
							<posy>3</posy>
							<width>66</width>
							<height>66</height>
							<aspectratio>keep</aspectratio>
							<texture fallback="colors/black.png" diffuse="masks/circle.png" border="0">$INFO[Listitem.thumb]</texture>
						</control>
						<control type="label">
							<posx>1-col-indent</posx>
							<width>398</width>
							<height>2-row</height>
							<font>itemTitle</font>
							<textcolor>textActive</textcolor>
							<selectedcolor>textActive</selectedcolor>
							<shadowcolor></shadowcolor>
							<label>$INFO[ListItem.ChannelName]</label>
							<scroll>true</scroll>
						</control>
					</focusedchannellayout>
					<itemlayout height="66" width="210">
						<control type="image" id="14">
							<width>213</width>
							<height>2-row</height>
							<texture border="0">colors/white.png</texture>
							<colordiffuse>overlay</colordiffuse>
							<bordertexture colordiffuse="black">colors/white.png</bordertexture>
							<bordersize>1</bordersize>
						</control>
						<control type="label" id="1">
							<width>204</width>
							<height>2-row</height>
							<font>itemTitle</font>
							<textoffsetx>12</textoffsetx>
							<textcolor>textActive</textcolor>
							<selectedcolor>textActive</selectedcolor>
							<shadowcolor></shadowcolor>
							<label>$INFO[ListItem.Label]</label>
						</control>
						<control type="image">
							<visible>ListItem.HasTimer</visible>
							<posx>12</posx>
							<posy>6</posy>
							<width>12</width>
							<height>12</height>
							<aspectratio>stretch</aspectratio>
							<texture border="0" diffuse="masks/circle.png">colors/white.png</texture>
							<colordiffuse>highlight</colordiffuse>
							<animation effect="fade" start="30" end="100" time="1000" condition="true" pulse="true">conditional</animation>
						</control>
					</itemlayout>
					<focusedlayout height="66" width="210">
						<control type="image" id="14">					
							<width>213</width>
							<height>66</height>
							<texture colordiffuse="deepskyblue" border="0">colors/white.png</texture>
						</control>
						<control type="label" id="1">
							<width>204</width>
							<height>2-row</height>
							<font>itemTitle</font>
							<textoffsetx>12</textoffsetx>
							<textcolor>textActive</textcolor>
							<selectedcolor>textActive</selectedcolor>
							<shadowcolor></shadowcolor>
							<label>$INFO[ListItem.Label]</label>
						</control>
							<control type="image">
							<visible>ListItem.HasTimer</visible>
							<posx>12</posx>
							<posy>6</posy>
							<width>12</width>
							<height>12</height>
							<aspectratio>stretch</aspectratio>
							<texture border="0" diffuse="masks/circle.png">colors/white.png</texture>
							<colordiffuse>highlight</colordiffuse>
							<animation effect="fade" start="30" end="100" time="1000" condition="true" pulse="true">conditional</animation>
						</control>
					</focusedlayout>
				</control>
			</control>
			<!--page header-->
			<control type="group">
				<include>pageHeader</include>    
			</control>
			<control type="label" id="29">
				<visible>false</visible>
			</control>
		</control>
		<!--mini window-->
		<include>miniVideoPlayer</include>
	</controls>
</window>
