<?xml version="1.0" encoding="UTF-8"?>
<window>
	<defaultcontrol always="true">50</defaultcontrol>
    <onload condition="Skin.hassetting(stopVideoOnMenu) + !Player.HasAudio">PlayerControl(stop)</onload>
    <onload>Skin.SetString(recentitems,video)</onload>
	<views>50</views>
    <controls>
	<control type="image">
		<top>0</top>
		<left>0</left>
		<width>1920</width>
		<height>1080</height>
		<texture>special://skin/extras/backgrounds/SKINDEFAULT.jpg</texture>
	</control>
	<control type="image">
	<animation condition="true" effect="fade" end="75" time="0">Conditional</animation>
		<top>0</top>
		<left>0</left>
		<width>1920</width>
		<height>1080</height>
		<texture colordiffuse="black">colors/white.png</texture>
	</control>

	<!--<include>MyvideoNavBG</include>
	<control type="group" id="5001">
	<include>ZoomAniamtionType</include>
	<include>Vis_FadeSlide_Left</include>
	<visible>Skin.HasSetting(viewmode55) + [Control.HasFocus(55) | Control.HasFocus(56) | Control.HasFocus(57)]</visible>
	
	<include>InfoType56</include>
	<include>InfoType57</include>
	<include>Arrows56NumItems</include>
	<include>Arrows57NumItems</include>
	</control>-->
	
	<include>Arrows50NumItems</include>
	<!-- Here You Can Set Your View Types -->
	<control type="group" id="5500">
		<include>viewlistmode</include>
		<!--<include condition="Skin.HasSetting(viewmode55)">ViewTvshowsList</include>
		<include condition="Skin.HasSetting(viewmode55)">ViewSesonsList</include>
		<include condition="Skin.HasSetting(viewmode55)">ViewEpisodesList</include>-->
	</control>
	
	<include>InfoType55</include>
	
	<control type="group">
	<visible>Control.IsVisible(57)</visible>
	<control type="textbox">	
	<animation condition="Control.HasFocus(5554)" effect="fade" start="0" end="100" delay="550" time="750">Conditional</animation>
	<visible>Control.HasFocus(5554)</visible>
	<top>0</top>
	<left>25</left>
	<width>620</width>
	<height>1080</height>
	<align>right</align>
	<aligny>center</aligny>
	<font>font_midi</font>
	<label fallback="אין מידע">[COLOR button_focus1]מידע על הפרק[/COLOR][CR]$INFO[ListItem.Plot]</label>
	</control>
	
			<control type="image">
			<visible>Control.IsVisible(57)</visible>
			<visible>!Control.HasFocus(5554)</visible>
			<top>1040</top>
			<left>35</left>
			<width>16</width>
			<height>16</height>
			<texture flipx="true">special://skin/extras/common/arrow-small-right.png</texture>
		</control>
		<control type="image">
		<visible>Control.IsVisible(57)</visible>
		<visible>Control.HasFocus(5554)</visible>
			<top>1040</top>
			<left>35</left>
			<width>16</width>
			<height>16</height>
			<texture>special://skin/extras/common/arrow-small-right.png</texture>
		</control>
	<control type="button" id="5554">
	<left>-1000</left>
	<width>1</width>
	<height>1</height>
	<onright>50</onright>
	<onup>50</onup>
	<ondown>50</ondown>
	<onback>50</onback>
	</control>
</control>



	<control type="group">
	<left>1000</left>
	<visible>Control.IsVisible(56)</visible>
	
	<control type="textbox">	
	<animation condition="Control.HasFocus(5555)" effect="fade" start="0" end="100" delay="550" time="750">Conditional</animation>
	<visible>Control.HasFocus(5555)</visible>
	<top>0</top>
	<left>25</left>
	<width>620</width>
	<height>1080</height>
	<align>right</align>
	<aligny>center</aligny>
	<font>font_midi</font>
	<label fallback="אין מידע">[COLOR button_focus1]מידע על העונה[/COLOR][CR]$INFO[ListItem.Plot][CR][COLOR button_focus1]סטטוס סדרה[/COLOR][CR]$VAR[SetHebStatusEpisodes]</label>
	</control>

			<control type="image">
			<visible>Control.IsVisible(56)</visible>
			<visible>!Control.HasFocus(5555)</visible>
			<top>1040</top>
			<left>835</left>
			<width>16</width>
			<height>16</height>
			<texture flipx="fasle">special://skin/extras/common/arrow-small-right.png</texture>
		</control>
		<control type="image">
		<visible>Control.IsVisible(56)</visible>
		<visible>Control.HasFocus(5555)</visible>
			<top>1040</top>
			<left>835</left>
			<width>16</width>
			<height>16</height>
			<texture flipx="true">special://skin/extras/common/arrow-small-right.png</texture>
		</control>
	<control type="button" id="5555">
	<left>-1000</left>
	<width>1</width>
	<height>1</height>
	<onleft>50</onleft>
	<onup>50</onup>
	<ondown>50</ondown>
	<onback>50</onback>
	</control>
</control>

	<!--Search Control -->
	<control type="group">
	<include>Vis_FadeSlide_Left</include>
	<visible allowhiddenfocus="true">Control.HasFocus(19)</visible>
	<animation condition="Control.HasFocus(19)" effect="slide" start="-500" end="0" time="250" tween="quanderic" easing="inout">Conditional</animation>
	<left>95</left>
	<top>2%</top>
		<control type="image">
			<top>0</top>
			<left>0</left>
			<width>250</width>
			<height>40</height>
			<texture>colors/white.png</texture>
		</control>
		<control type="image">
			<top>0</top>
			<left>0</left>
			<width>250</width>
			<height>40</height>
			<texture colordiffuse="FF000000">colors/white.png</texture>
		</control>
	<control type="image">
	<top>0</top>
	<left>0</left>
	<width>4</width>
	<height>40</height>
	<texture colordiffuse="gray">colors/white.png</texture>
	</control>
	<control type="edit" id="19">
	<top>2</top>
		<left>10</left>
		<width>250</width>
		<height>40</height>
		<onleft>50</onleft>
		<onright>50</onright>
		<ondown>50</ondown>
		<onup>50</onup>
		<onclick>50</onclick>
		<onback>50</onback>
		<visible>Control.IsVisible(50)</visible>
		<label>חפש</label>
		<align>left</align>
		<aligny>center</aligny>
		<font>font_midi</font>
		<textcolor>gray</textcolor>
		<focusedcolor>gray</focusedcolor>
		<texturefocus colordiffuse="black">-</texturefocus>
		<texturenofocus colordiffuse="white">-</texturenofocus>
	</control>
	</control>
	
	<!-- low info details for movies etc.. -->
	<control type="group">
	<visible>!Skin.HasSetting(NavLowDetails)</visible>
		<include content="ZoomAniamtionType">
		<param name="animation">ControlGroup(9102).HasFocus</param>
		</include>
		<include>ZoomAniamtionType</include>
		<include>ViewTypeLowDetails</include>
	</control>
		
	<!-- extra info from themoviedb on view types -->
	<!--<include condition="Skin.HasSetting(EnableExtrasInfo)">ExtraInfoDB</include>-->
	
	<!-- TheMobie DB -->
	<!--<include>TheMovieDb</include>
	<include>TheMovieDbExtra</include>-->
	
	<!-- filterd button -->
	<control type="button" id="19">
		<top>100</top>
		<description>Filter</description>
		<label></label>
		<align>left</align>
		<width>200</width>
		<height>50</height>
		<visible>Container.CanFilter + !Container.CanFilterAdvanced</visible>
	</control>
	
	<control type="grouplist">
	<top>8%</top>
	<left>95</left>
	<orientation>horizontal</orientation>
	<include content="ItemsNav">
	<param name="include">ItemsNavsAnim</param>
		<param name="centertop">9%</param>
		<param name="centerleft">33.2%</param>
		<param name="freelabel">כמות פריטים:</param>
		<param name="info">Container.NumItems</param>
		<param name="labelalign">center</param>
		<param name="height">60</param>
		<param name="width">180</param>
		<param name="lineleft">180</param>
		<param name="labeltop">15</param>
			<include content="ItemsNav">
			<param name="include">ItemsNavsAnim</param>
				<param name="centerleft">42.8%</param>
				<param name="centertop">9%</param>
				<param name="freelabel">באייטם מספר:</param>
				<param name="labelalign">center</param>
				<param name="info">Container.CurrentItem</param>
				<param name="height">60</param>
				<param name="width">180</param>
				<param name="lineleft">180</param>
				<param name="labeltop">15</param>
			</include>
			<include content="ItemsNav">
			<param name="include">ItemsNavsAnim</param>
				<param name="centerleft">52.5%</param>
				<param name="centertop">9%</param>
				<param name="freelabel"></param>
				<param name="info">ListItem.Studio</param>
				<param name="lineleft">180</param>
				<param name="visible">!String.IsEmpty(ListItem.Studio)</param>
				<param name="labelalign">center</param>
				<param name="height">60</param>
				<param name="width">180</param>
				<param name="lineleft">180</param>
				<param name="labeltop">15</param>
			</include>
			<include content="ItemsNav">
			<param name="include">ItemsNavsAnim</param>
				<param name="centerleft">62.2%</param>
				<param name="centertop">9%</param>
				<param name="freelabel"></param>
				<param name="varinfo">SetHebStatusEpisodes</param>
				<param name="lineleft">180</param>
				<param name="visible">!Container.Content(movies) + !String.IsEmpty(ListItem.Status)</param>
				<param name="labelalign">center</param>
				<param name="height">60</param>
				<param name="width">180</param>
				<param name="lineleft">180</param>
				<param name="labeltop">15</param>
			</include>
	</include>
				<include content="ItemsNav">
				<param name="include">ItemsNavsAnim</param>
				<param name="centertop">9%</param>
				<param name="centerleft">16.5%</param>
				<param name="freelabel">מנוגן עכשיו</param>
				<param name="setcr">[CR]</param>
				<param name="info">VideoPlayer.Title</param>
				<param name="lineleft">440</param>
				<param name="visible">Player.HasVideo + !String.IsEmpty(VideoPlayer.Title)</param>
				<param name="labelalign">center</param>
				<param name="width">440</param>
				<param name="height">60</param>
				<param name="labeltop">10</param>
			</include>

	 	<include content="ItemsNav">
				<param name="include">ItemsNavsAnim</param>
				<param name="centertop">9%</param>
				<param name="centerleft">16.5%</param>
				<param name="freelabel">מנוגן עכשיו</param>
				<param name="setcr">[CR]</param>
				<param name="info">MusicPlayer.Title</param>
				<param name="SecLabelIfNedded">MusicPlayer.Artist</param>
				<param name="lineleft">450</param>
				<param name="visible">Player.HasAudio + !String.IsEmpty(MusicPlayer.Title)</param>
				<param name="labelalign">center</param>
				<param name="width">450</param>
				<param name="height">60</param>
				<param name="labeltop">12</param>
		</include>

		</control>
		
			 	<include content="ItemsNav">
				<param name="centertop">11%</param>
				<param name="centerleft">81.6%</param>
				<param name="freelabel">השיר הבא</param>
				<param name="setcr">[CR]</param>
				<param name="info">MusicPlayer.offset(1).Title</param>
				<param name="SecLabelIfNedded">MusicPlayer.offset(1).Artist</param>
				<param name="lineleft">515</param>
				<param name="visible">Player.HasAudio + !String.IsEmpty(MusicPlayer.offset(1).Title)</param>
				<param name="labelalign">center</param>
				<param name="width">515</param>
				<param name="height">60</param>
				<param name="labeltop">12</param>
				</include>
				<include content="ItemsNav">
				<param name="centertop">11%</param>
				<param name="centerleft">81.6%</param>
				<param name="freelabel">הפרק הבא</param>
				<param name="setcr">[CR]</param>
				<param name="info">VideoPlayer.offset(1).Title</param>
				<param name="lineleft">515</param>
				<param name="visible">Player.HasVideo + !String.IsEmpty(VideoPlayer.offset(1).Title)</param>
				<param name="labelalign">center</param>
				<param name="width">515</param>
				<param name="height">60</param>
				<param name="labeltop">10</param>
			</include>
		
		
		<!-- lower info -->
	<control type="grouplist">
	<top>86.5%</top>
	<left>95</left>
	<visible>Skin.HasSetting(NavLowDetails)</visible>
	<orientation>horizontal</orientation>
	<include content="ItemsNav">
		<param name="include">LowerItemsNavAnim</param>
		<param name="centertop">91%</param>
		<param name="centerleft">9.6%</param>
		<param name="freelabel">דירוג</param>
		<param name="visible">!String.IsEmpty(ListItem.Rating)</param>
		<param name="info">ListItem.Rating</param>
		<param name="labelalign">center</param>
		<param name="height">60</param>
		<param name="width">180</param>
		<param name="lineleft">180</param>
		<param name="labeltop">15</param>
			<include content="ItemsNav">
				<param name="include">LowerItemsNavAnim</param>
				<param name="centerleft">20.4%</param>
				<param name="centertop">91%</param>
				<param name="freelabel">שוחרר</param>
				<param name="visible">!String.IsEmpty(ListItem.Premiered)</param>
				<param name="labelalign">center</param>
				<param name="info">ListItem.Premiered</param>
				<param name="height">60</param>
				<param name="width">220</param>
				<param name="lineleft">220</param>
				<param name="labeltop">15</param>
			</include>
			<include content="ItemsNav">
				<param name="include">LowerItemsNavAnim</param>
				<param name="centerleft">31.2%</param>
				<param name="centertop">91%</param>
				<param name="freelabel">שנה</param>
				<param name="visible">!String.IsEmpty(ListItem.Year)</param>
				<param name="labelalign">center</param>
				<param name="info">ListItem.Year</param>
				<param name="height">60</param>
				<param name="width">180</param>
				<param name="lineleft">180</param>
				<param name="labeltop">15</param>
			</include>
			<include content="ItemsNav">
			<param name="include">LowerItemsNavAnim</param>
				<param name="centerleft">31.2%</param>
				<param name="centertop">91%</param>
				<param name="freelabel1">סוג:</param>
				<param name="visible">Control.IsVisible(50)</param>
				<param name="labelalign">center</param>
				<param name="varinfo">DBtypeLabel</param>
				<param name="height">60</param>
				<param name="width">180</param>
				<param name="lineleft">180</param>
				<param name="labeltop">15</param>
			</include>
			<include content="ItemsNav">
			<param name="include">LowerItemsNavAnim</param>
				<param name="centerleft">31.2%</param>
				<param name="centertop">91%</param>
				<param name="freelabel">סיום:</param>
				<param name="visible">!String.IsEmpty(ListItem.EndTime)</param>
				<param name="labelalign">center</param>
				<param name="info">ListItem.EndTime(hh:mm:ss)</param>
				<param name="height">60</param>
				<param name="width">180</param>
				<param name="lineleft">180</param>
				<param name="labeltop">15</param>
			</include>
			<include content="ItemsNav">
			<param name="include">LowerItemsNavAnim</param>
				<param name="centerleft">31.2%</param>
				<param name="centertop">91%</param>
				<param name="freelabel">מדינה:</param>
				<param name="visible">!String.IsEmpty(ListItem.Country)</param>
				<param name="labelalign">center</param>
				<param name="info">ListItem.Country</param>
				<param name="height">60</param>
				<param name="width">200</param>
				<param name="lineleft">200</param>
				<param name="labeltop">15</param>
			</include>

		</include>
	</control>

	 
	<control type="group">
	<visible>Player.HasMedia</visible>
	<animation type="WindowOpen" condition="!Container(50).IsUpdating">
		<effect type="slide" tween="sine" easing="inout" start="-45" end="0" time="350"/>
		<effect type="fade" start="50" end="100" time="350" delay="150"/>
	</animation>
	<animation type="WindowClose">
		<effect type="slide" tween="sine" easing="inout" start="0" end="-45" time="350"/>
		<effect type="fade" start="100" end="0" time="350" delay="150"/>
	</animation>
		<centerleft>7%</centerleft>
		<centertop>64.5%</centertop>
		<width>250</width>
		<height>700</height>
			<control type="list" id="98773">
			<onleft>50</onleft>
			<onright>50</onright>
			<onback>50</onback>
			<include content="MyNavControlPlayers">
			<param name="layoutwidth">120</param>
			<param name="layoutheight">80</param>
			<param name="texture">common2/circle.png</param>
			<param name="width">60</param>
			<param name="height">60</param>
			<param name="id">98773</param>
			</include>
			<content>
			<item>
			<visible>Player.SeekEnabled</visible>
			<icon>special://skin/extras/osd/rewind.png</icon>
			<onclick>Seek(-50)</onclick>
			</item>
			<item>
			<visible>MusicPlayer.HasNext</visible>
			<icon>special://skin/extras/newicons/now-playing/next.png</icon>
			<onclick>PlayerControl(next)</onclick>
			</item>	
			<item>
			<visible>Player.Paused</visible>
			<icon>special://skin/extras/newicons/now-playing/Play.png</icon>
			<onclick>Play</onclick>
			</item>
			<item>
			<visible>!Player.Paused</visible>
			<icon>special://skin/extras/newicons/now-playing/Pause.png</icon>
			<onclick>Play</onclick>
			</item>
			<item>
			<icon>special://skin/extras/newicons/now-playing/stop.png</icon>
			<onclick>PlayerControl(stop)</onclick>
			</item>	
			<item>
			<visible>Player.HasVideo</visible>
			<icon>special://skin/extras/newicons/now-playing/fullscreen.png</icon>
			<onclick>FullScreen</onclick>
			</item>	
			<item>
			<visible>MusicPlayer.HasPrevious</visible>
			<icon>special://skin/extras/osd/previous.png</icon>
			<onclick>PlayerControl(Previous)</onclick>
			</item>
			<item>
			<visible>Player.SeekEnabled</visible>
			<icon>special://skin/extras/osd/forward.png</icon>
			<onclick>Seek(50)</onclick>
			</item>
			</content>
		</control>
	</control>
	
	<control type="videowindow">
	<top>85%</top>
	<left>85%</left>
	<width>200</width>
	<height>150</height>
	</control>
</controls>
</window>
