<addons>
    <catchup name=".BBC iPlayer" type="tv">ActivateWindow(10025,&quot;plugin://plugin.video.bbciplayer/?IPID&amp;description&amp;iconimage=&amp;mode=8&amp;name=ivueProgram&amp;url=http%3a%2f%2fwww.bbc.co.uk%2fiplayer%2fsearch%3fq%3divueEncode&quot;,return)</catchup>

    <catchup name="iPlayer WWW" type="tv">ActivateWindow(10025,&quot;plugin://plugin.video.iplayerwww/?mode=104&amp;url=url&amp;keyword=ivueEncode&quot;,return)</catchup>

    <catchup name=".ITV Hub" type="tv">ActivateWindow(10025,&quot;plugin://plugin.video.itv/?iconimage=&amp;mode=2&amp;name=ivueItvName&amp;url=https%3a%2f%2fwww.itv.com%2fhub%2fivueItv%2f&quot;,return)</catchup>

   <catchup name="UKTV play" type="tv">ActivateWindow(10025,&quot;plugin://plugin.video.uktvplay/?IPID&amp;description&amp;iconimage=&amp;mode=8&amp;name=ivueEncode&amp;url=http%3A%2F%2Fvschedules.uktv.co.uk%2Fmobile%2Fv2%2Fsearch%3fq%3divueAdd+%26platform%3Dios%26app_ver%3D4.1.0&quot;,return)</catchup>

    <catchup name="Covenant TV" type="tv">ActivateWindow(10025,&quot;plugin://plugin.video.covenant/?action=tvshowPage&amp;url=http%3A%2F%2Fapi.trakt.tv%2Fsearch%2Fshow%3flimit%3D20%26page=1%26query%3DivueEncode&quot;,return)</catchup>

    <catchup name="Covenant Movies" type="movie">ActivateWindow(10025,&quot;plugin://plugin.video.covenant/?action=moviePage&amp;url=http%3A%2F%2Fapi.trakt.tv%2Fsearch%2Fmovie%3flimit%3D20%26page=1%26query%3DivueEncode&quot;,return)</catchup>

    <catchup name="Genesis Reborn TV" type="tv">ActivateWindow(10025,&quot;plugin://plugin.video.genesisreborn/?action=tvshowPage&amp;url=http%3A%2F%2Fapi.trakt.tv%2Fsearch%2Fshow%3flimit%3D20%26page=1%26query%3DivueEncode&quot;,return)</catchup>

    <catchup name="Genesis Reborn Movies" type="movie">ActivateWindow(10025,&quot;plugin://plugin.video.genesisreborn/?action=moviePage&amp;url=http%3A%2F%2Fapi.trakt.tv%2Fsearch%2Fmovie%3flimit%3D20%26page=1%26query%3DivueEncode&quot;,return)</catchup>

    <catchup name="Gurzil TV" type="tv">ActivateWindow(10025,&quot;plugin://plugin.video.gurzil/?action=tvshowPage&amp;url=http%3A%2F%2Fapi.trakt.tv%2Fsearch%2Fshow%3flimit%3D20%26page=1%26query%3DivueEncode&quot;,return)</catchup>

    <catchup name="Gurzil Movies" type="movie">ActivateWindow(10025,&quot;plugin://plugin.video.gurzil/?action=moviePage&amp;url=http%3A%2F%2Fapi.trakt.tv%2Fsearch%2Fmovie%3flimit%3D20%26page=1%26query%3DivueEncode&quot;,return)</catchup>

    <catchup name="Gurzil TV" type="tv">ActivateWindow(10025,&quot;plugin://plugin.video.gurzil/?action=tvshowPage&amp;url=http%3A%2F%2Fapi.trakt.tv%2Fsearch%2Fshow%3flimit%3D20%26page=1%26query%3DivueEncode&quot;,return)</catchup>

    <catchup name="Elysium Movies" type="movie">ActivateWindow(10025,&quot;plugin://plugin.video.elysium/?action=movies&url=http%3A%2F%2Fapi.themoviedb.org%2F3%2Fsearch%2Fmovie%3f%26api_key%3D0%26query%3DivueEncode&quot;,return)</catchup>

    <catchup name="Bob Unleashed" type="all">ActivateWindow(10025,&quot;plugin://plugin.video.bob.unleashed/?description=No%20information%20available&amp;fanart=&amp;iconimage=&amp;mode=do_search&amp;name=ivueEncode&amp;url=ivueEncode&quot;,return)</catchup>

    <catchup name="Release BB" type="all">ActivateWindow(10025,&quot;plugin://plugin.video.releaseBB/?mode=Search9&amp;query=ivueEncode&quot;,return)</catchup>

    <catchup name="Flash IPTV" type="all">ActivateWindow(10025,&quot;plugin://plugin.video.flashiptv/?action=ivue_vod&amp;extra=ivueflashchan&amp;page=ivueflashshow&amp;plot&amp;thumbnail=&amp;title=catchup&amp;url&quot;,return)</catchup>

</addons>


