<?xml version='1.0' encoding='UTF-8'?>
<shortcuts>
	<shortcut>
		<defaultID>31251</defaultID>
		<label>$SKIN[31251|skin.pellucid|Eject Disc]</label>
		<label2>פריט תפריט נפוץ</label2>
		<icon>DefaultAddon.png</icon>
		<thumb />
		<action>EjectTray()</action>
		<visible>System.HasMediaDVD</visible>
	</shortcut>
	<shortcut>
		<defaultID>31249</defaultID>
		<label>$SKIN[31249|skin.pellucid|Live TV]</label>
		<label2>פריט תפריט נפוץ</label2>
		<icon>DefaultAddon.png</icon>
		<thumb />
		<action>ActivateWindow(TVChannels)</action>
		<visible>PVR.HasTVChannels</visible>
	</shortcut>
	<shortcut>
		<defaultID>31250</defaultID>
		<label>$SKIN[31250|skin.pellucid|Radio]</label>
		<label2>פריט תפריט נפוץ</label2>
		<icon>DefaultAddon.png</icon>
		<thumb />
		<action>ActivateWindow(Radiochannels)</action>
		<visible>PVR.HasRadioChannels</visible>
	</shortcut>
	<shortcut>
		<defaultID>movies</defaultID>
		<label>342</label>
		<label2>פריט תפריט נפוץ</label2>
		<icon>DefaultAddon.png</icon>
		<thumb />
		<action>ActivateWindow(Videos,videodb://movies/titles/)</action>
		<visible>Library.HasContent(Movies)</visible>
	</shortcut>
	<shortcut>
		<defaultID>tvshows</defaultID>
		<label>20343</label>
		<label2>פריט תפריט נפוץ</label2>
		<icon>DefaultAddon.png</icon>
		<thumb />
		<action>ActivateWindow(Videos,videodb://tvshows/titles/)</action>
		<visible>Library.HasContent(TVshows)</visible>
	</shortcut>
	<shortcut>
		<defaultID>2</defaultID>
		<label>2</label>
		<label2>פריט תפריט נפוץ</label2>
		<icon>DefaultAddon.png</icon>
		<thumb />
		<action>ActivateWindow(Music,musicdb://albums/)</action>
		<visible>Library.HasContent(Music)</visible>
	</shortcut>
	<shortcut>
		<defaultID>31229</defaultID>
		<label>$SKIN[31229|skin.pellucid|Play Music]</label>
		<label2>פריט תפריט נפוץ</label2>
		<icon>DefaultAddon.png</icon>
		<thumb />
		<action>PlayerControl(Partymode(music))</action>
		<visible>Library.HasContent(Music)</visible>
	</shortcut>
	<shortcut>
		<defaultID />
		<label>סרטים</label>
		<label2>הרחבת וידאו</label2>
		<icon>DefaultShortcut.png</icon>
		<thumb>image://http%3a%2f%2fngarba.xyz%2fadds%2fyos%2f16.jpg/</thumb>
		<action>ActivateWindow(Videos,"plugin://plugin.video.FlashTV/?url=movie&amp;mode=18&amp;name=%5BB%5D%5BCOLOR+burlywood%5D-%D7%90%D7%97%D7%A8%D7%95%D7%A0%D7%99%D7%9D+%5B%2FCOLOR%5D%5B%2FB%5D%5BB%5D%5BCOLOR+aqua%5D%D7%A1%D7%A8%D7%98%D7%99%D7%9D-+%5B%2FCOLOR%5D%5B%2FB%5D&amp;iconimage=http%3A%2F%2Fngarba.xyz%2Fadds%2Fyos%2F16.jpg&amp;fanart=http%3A%2F%2Fsf.co.ua%2F12%2F09%2Fwallpaper-2230830.jpg&amp;description=&amp;count=0&amp;page=&amp;cat_level= &amp;index_depth=0&amp;selected_list= &amp;lang= ",return)</action>
	</shortcut>
	<shortcut>
		<defaultID />
		<label>מדובבים</label>
		<label2>פריטים מותאמים אישית</label2>
		<icon>DefaultShortcut.png</icon>
		<thumb>special://home/addons/skin.pellucid/extras/icons/Folder_Childrens.png</thumb>
		<action>noop</action>
	</shortcut>
	<shortcut>
		<defaultID />
		<label>סדרות</label>
		<label2>הרחבת וידאו</label2>
		<icon>DefaultShortcut.png</icon>
		<thumb>image://C%3a%5cUsers%5cneta%5cAppData%5cRoaming%5cKodi%5caddons%5cplugin.video.mando%5cresources%5cartwork%2ftv.png/</thumb>
		<action>ActivateWindow(Videos,"plugin://plugin.video.mando/?mode=3&amp;search_db=&amp;dates=+&amp;episode=+&amp;description=TV&amp;all_w=%7B%7D&amp;show_original_year=+&amp;fanart=https%3A%2F%2Fcdn.mos.cms.futurecdn.net%2FqCD39X4DjbpgxD7ZFW63eG.jpg&amp;heb_name=+&amp;iconimage=C%3A%5CUsers%5Cneta%5CAppData%5CRoaming%5CKodi%5Caddons%5Cplugin.video.mando%5Cresources%5Cartwork%2Ftv.png&amp;original_title=+&amp;eng_name=+&amp;data=+&amp;url=www&amp;fav_status=false&amp;tmdbid=+&amp;season=+&amp;isr=0&amp;last_id=&amp;image_master=&amp;id=+&amp;name=%D7%A1%D7%93%D7%A8%D7%95%D7%AA&amp;video_data=%7B%22rating%22%3A+%220%22%2C+%22episode%22%3A+0%2C+%22title%22%3A+%22%5Cu05e1%5Cu05d3%5Cu05e8%5Cu05d5%5Cu05ea%22%2C+%22season%22%3A+0%2C+%22TVshowtitle%22%3A+%22%22%2C+%22mediatype%22%3A+%22movie%22%2C+%22plot%22%3A+%22TV%22%2C+%22OriginalTitle%22%3A+%22+%22%2C+%22Tag%22%3A+%22None%22%2C+%22id%22%3A+%22+%22%7D",return)</action>
	</shortcut>
	<shortcut>
		<defaultID />
		<label>צי'קו סדרות</label>
		<label2>הרחבת וידאו</label2>
		<icon>DefaultShortcut.png</icon>
		<thumb>image://https%3a%2f%2f3.bp.blogspot.com%2f-ua674nSzp-w%2fWgyhVc-31FI%2fAAAAAAAAHh8%2fTxirlq_NgeIa_o_GL9DUYrIqFgzLaxmnQCLcBGAs%2fs1600%2f10%252Bgreat%252Btv%252Bshows%252Bwe%252Blost%252Bin%252B2017.jpeg/</thumb>
		<action>ActivateWindow(Videos,"plugin://plugin.video.CHICCO/?url=%D7%A1%D7%93%D7%A8%D7%95%D7%AA&amp;mode=5&amp;name=%D7%A1%D7%93%D7%A8%D7%95%D7%AA&amp;iconimage=https%3A%2F%2F3.bp.blogspot.com%2F-ua674nSzp-w%2FWgyhVc-31FI%2FAAAAAAAAHh8%2FTxirlq_NgeIa_o_GL9DUYrIqFgzLaxmnQCLcBGAs%2Fs1600%2F10%252Bgreat%252Btv%252Bshows%252Bwe%252Blost%252Bin%252B2017.jpeg&amp;fanart=https%3A%2F%2F3.bp.blogspot.com%2F-ua674nSzp-w%2FWgyhVc-31FI%2FAAAAAAAAHh8%2FTxirlq_NgeIa_o_GL9DUYrIqFgzLaxmnQCLcBGAs%2Fs1600%2F10%252Bgreat%252Btv%252Bshows%252Bwe%252Blost%252Bin%252B2017.jpeg&amp;description=%D7%A1%D7%93%D7%A8%D7%95%D7%AA+%D7%9E%D7%97%D7%95%D7%9C&amp;count=0&amp;page=&amp;cat_level= &amp;index_depth=0&amp;selected_list= &amp;lang=eng",return)</action>
	</shortcut>
	<shortcut>
		<defaultID />
		<label>ס.ילדים</label>
		<label2>הרחבת וידאו</label2>
		<icon>DefaultShortcut.png</icon>
		<thumb>image://https%3a%2f%2fkcat123.github.io%2fFTV%2fImages%2fTV-Shows-Dubbed-Cartoons-IL.jpg/</thumb>
		<action>ActivateWindow(Videos,"plugin://plugin.video.FlashTV/?url=%D7%99%D7%9C%D7%93%D7%99%D7%9D%D7%A1%D7%93%D7%A8%D7%95%D7%AA+%D7%9E%D7%93%D7%95%D7%91%D7%91%D7%95%D7%AA&amp;mode=5&amp;name=%D7%A1%D7%93%D7%A8%D7%95%D7%AA+%D7%9E%D7%93%D7%95%D7%91%D7%91%D7%95%D7%AA&amp;iconimage=https%3A%2F%2Fkcat123.github.io%2FFTV%2FImages%2FTV-Shows-Dubbed-Cartoons-IL.jpg&amp;fanart=&amp;description=+&amp;count=0&amp;page=&amp;cat_level= &amp;index_depth=0&amp;selected_list= &amp;lang=eng",return)</action>
	</shortcut>
	<shortcut>
		<defaultID>plugin.video.idanplus</defaultID>
		<label>עידן פלוס</label>
		<label2>הרחבת וידאו</label2>
		<icon>DefaultShortcut.png</icon>
		<thumb>image://C%3a%5cUsers%5cneta%5cAppData%5cRoaming%5cKodi%5caddons%5cplugin.video.idanplus%5cicon.png/</thumb>
		<action>ActivateWindow(Videos,"plugin://plugin.video.idanplus",return)</action>
	</shortcut>
</shortcuts>
