<?xml version='1.0' encoding='UTF-8'?>
<shortcuts>
	<shortcut>
		<defaultID />
		<label>פרקים אחרונים</label>
		<label2>פריטים מותאמים אישית</label2>
		<icon>DefaultShortcut.png</icon>
		<thumb />
		<action>ActivateWindow(Videos,"plugin://plugin.video.CHICCO/?url=tv&amp;mode=18&amp;name=%5BB%5D%5BCOLOR+burlywood%5D-%D7%90%D7%97%D7%A8%D7%95%D7%A0%D7%99%D7%9D+%5B%2FCOLOR%5D%5B%2FB%5D%5BB%5D%5BCOLOR+aqua%5D%D7%A4%D7%A8%D7%A7%D7%99%D7%9D-+%5B%2FCOLOR%5D%5B%2FB%5D&amp;iconimage=http%3A%2F%2Fngarba.xyz%2Fadds%2Fyos%2F24.jpg&amp;fanart=https%3A%2F%2Fwpblink.com%2Fsites%2Fdefault%2Ffiles%2Fwallpaper%2Fmovie%2F72098%2Favatar-wallpapers-hd-72098-5294999.png&amp;description=&amp;count=0&amp;page=&amp;cat_level= &amp;index_depth=0&amp;selected_list= &amp;lang= ",return)</action>
	</shortcut>
	<shortcut>
		<defaultID />
		<label>סרטים אחרונים</label>
		<label2>פריטים מותאמים אישית</label2>
		<icon>DefaultShortcut.png</icon>
		<thumb />
		<action>ActivateWindow(Videos,"plugin://plugin.video.CHICCO/?url=movie&amp;mode=18&amp;name=%5BB%5D%5BCOLOR+burlywood%5D-%D7%90%D7%97%D7%A8%D7%95%D7%A0%D7%99%D7%9D+%5B%2FCOLOR%5D%5B%2FB%5D%5BB%5D%5BCOLOR+aqua%5D%D7%A1%D7%A8%D7%98%D7%99%D7%9D-+%5B%2FCOLOR%5D%5B%2FB%5D&amp;iconimage=http%3A%2F%2Fngarba.xyz%2Fadds%2Fyos%2F16.jpg&amp;fanart=http%3A%2F%2Fsf.co.ua%2F12%2F09%2Fwallpaper-2230830.jpg&amp;description=&amp;count=0&amp;page=&amp;cat_level= &amp;index_depth=0&amp;selected_list= &amp;lang= ",return)</action>
	</shortcut>
	<shortcut>
		<defaultID />
		<label>סרטים ישראלים</label>
		<label2>פריטים מותאמים אישית</label2>
		<icon>DefaultShortcut.png</icon>
		<thumb />
		<action>ActivateWindow(Videos,"plugin://plugin.video.CHICCO/?url=%D7%A1%D7%A8%D7%98%D7%99%D7%9D%D7%A1%D7%A8%D7%98%D7%99%D7%9D+%D7%99%D7%A9%D7%A8%D7%90%D7%9C%D7%99%D7%9D&amp;mode=5&amp;name=%D7%A1%D7%A8%D7%98%D7%99%D7%9D+%D7%99%D7%A9%D7%A8%D7%90%D7%9C%D7%99%D7%9D&amp;iconimage=http%3A%2F%2Fimages.peer5.net%2Fimages%2Fb%2Fshowphoto_773.jpg&amp;fanart=http%3A%2F%2Fimages.peer5.net%2Fimages%2Fb%2Fshowphoto_773.jpg&amp;description=+&amp;count=0&amp;page=&amp;cat_level= &amp;index_depth=0&amp;selected_list= &amp;lang=eng",return)</action>
	</shortcut>
	<shortcut>
		<defaultID />
		<label>סרטים בתרגום מובנה</label>
		<label2>פריטים מותאמים אישית</label2>
		<icon>DefaultShortcut.png</icon>
		<thumb />
		<action>ActivateWindow(Videos,"plugin://plugin.video.CHICCO/?url=%D7%A1%D7%A8%D7%98%D7%99%D7%9D%D7%A1%D7%A8%D7%98%D7%99%D7%9D+%D7%9E%D7%97%D7%95%D7%9C+%D7%A2%D7%9D+%D7%AA%D7%A8%D7%92%D7%95%D7%9D+%D7%9E%D7%95%D7%91%D7%A0%D7%94&amp;mode=5&amp;name=%D7%A1%D7%A8%D7%98%D7%99%D7%9D+%D7%9E%D7%97%D7%95%D7%9C+%D7%A2%D7%9D+%D7%AA%D7%A8%D7%92%D7%95%D7%9D+%D7%9E%D7%95%D7%91%D7%A0%D7%94&amp;iconimage=https%3A%2F%2F3.bp.blogspot.com%2F-z29rcD8VCJ8%2FWkZiAaWhIMI%2FAAAAAAAAHlg%2F8MnJ16d_cVgkQmtryEDiiZFuk9LVVsBjQCLcBGAs%2Fs1600%2FPhoto%252B29-12-2017%25252C%252B13%252B10%252B34_mini.jpg&amp;fanart=https%3A%2F%2Fimages.globes.co.il%2Fimages%2FNewGlobes%2Ffeeder%2F2015%2Fe01_84-800.jpg&amp;description=+&amp;count=0&amp;page=&amp;cat_level= &amp;index_depth=0&amp;selected_list= &amp;lang=eng",return)</action>
	</shortcut>
</shortcuts>
