<?xml version='1.0' encoding='UTF-8'?>
<shortcuts>
	<shortcut>
		<defaultID />
		<label>לפי עמודים</label>
		<label2>פריטים מותאמים אישית</label2>
		<icon>DefaultShortcut.png</icon>
		<thumb />
		<action>ActivateWindow(Videos,"plugin://plugin.video.kids_new/?mode=10&amp;description=%D7%A1%D7%A8%D7%98%D7%99%D7%9D+%D7%9E%D7%93%D7%95%D7%91%D7%91%D7%99%D7%9D&amp;url=0&amp;iconimage=https%3A%2F%2Fwww.flatpanelshd.com%2Fpictures%2Fdespicableme2-1l.jpg&amp;fanart=https%3A%2F%2Fwww.flatpanelshd.com%2Fpictures%2Fdespicableme2-1l.jpg&amp;mode=10&amp;name=%280%29+%D7%A1%D7%A8%D7%98%D7%99%D7%9D+%D7%9E%D7%93%D7%95%D7%91%D7%91%D7%99%D7%9D+%D7%A2%D7%9E%D7%95%D7%93%D7%99%D7%9D",return)</action>
	</shortcut>
	<shortcut>
		<defaultID />
		<label>לפי שנים</label>
		<label2>פריטים מותאמים אישית</label2>
		<icon>DefaultShortcut.png</icon>
		<thumb />
		<action>ActivateWindow(Videos,"plugin://plugin.video.kids_new/?mode=10&amp;description=%D7%9C%D7%A4%D7%99+%D7%A9%D7%A0%D7%99%D7%9D&amp;url=0&amp;iconimage=https%3A%2F%2Fwww.flatpanelshd.com%2Fpictures%2Fdespicableme2-1l.jpg&amp;fanart=https%3A%2F%2Fwww.flatpanelshd.com%2Fpictures%2Fdespicableme2-1l.jpg&amp;mode=10&amp;name=%280%29+%D7%A1%D7%A8%D7%98%D7%99%D7%9D+%D7%9E%D7%93%D7%95%D7%91%D7%91%D7%99%D7%9D+%D7%A9%D7%A0%D7%99%D7%9D",return)</action>
	</shortcut>
	<shortcut>
		<defaultID />
		<label>[COLOR aqua]טלמדיה סרטים לילדים[/COLOR]</label>
		<label2>פריטים מותאמים אישית</label2>
		<icon>DefaultShortcut.png</icon>
		<thumb />
		<action>ActivateWindow(6010)</action>
	</shortcut>
	<shortcut>
		<defaultID />
		<label>[COLOR lime]וידג'ט הזהב מדובבים[/COLOR]</label>
		<label2>פריטים מותאמים אישית</label2>
		<icon>DefaultShortcut.png</icon>
		<thumb />
		<action>ActivateWindow(6009)</action>
	</shortcut>
	<shortcut>
		<defaultID />
		<label>לפי א-ב</label>
		<label2>פריטים מותאמים אישית</label2>
		<icon>DefaultShortcut.png</icon>
		<thumb />
		<action>ActivateWindow(Videos,"plugin://plugin.video.kids_new/?mode=11&amp;description=%D7%A1%D7%A8%D7%98%D7%99%D7%9D+%D7%9E%D7%93%D7%95%D7%91%D7%91%D7%99%D7%9D&amp;url=0&amp;iconimage=https%3A%2F%2Fwww.flatpanelshd.com%2Fpictures%2Fdespicableme2-1l.jpg&amp;fanart=https%3A%2F%2Fwww.flatpanelshd.com%2Fpictures%2Fdespicableme2-1l.jpg&amp;mode=11&amp;name=%280%29+%D7%A1%D7%A8%D7%98%D7%99%D7%9D+%D7%9E%D7%93%D7%95%D7%91%D7%91%D7%99%D7%9D+%D7%9C%D7%A4%D7%99+%D7%90-%D7%91",return)</action>
	</shortcut>
	<shortcut>
		<defaultID />
		<label>[COLOR lime]גוסט מדובבים[/COLOR]</label>
		<label2>פריטים מותאמים אישית</label2>
		<icon>DefaultShortcut.png</icon>
		<thumb />
		<action>ActivateWindow(Videos,"plugin://plugin.video.My.Music/?url=kids&amp;mode=5&amp;name=kids&amp;iconimage=&amp;fanart=&amp;description=+&amp;count=0&amp;page=&amp;cat_level= &amp;index_depth=0&amp;selected_list= &amp;lang=eng",return)</action>
	</shortcut>
	<shortcut>
		<defaultID />
		<label>מדובבים פלוס</label>
		<label2>פריטים מותאמים אישית</label2>
		<icon>DefaultShortcut.png</icon>
		<thumb />
		<action>ActivateWindow(Videos,"plugin://plugin.video.FlashTV/?url=%D7%99%D7%9C%D7%93%D7%99%D7%9D%D7%A1%D7%A8%D7%98%D7%99%D7%9D+%D7%9E%D7%93%D7%95%D7%91%D7%91%D7%99%D7%9D&amp;mode=5&amp;name=%D7%A1%D7%A8%D7%98%D7%99%D7%9D+%D7%9E%D7%93%D7%95%D7%91%D7%91%D7%99%D7%9D&amp;iconimage=https%3A%2F%2Fkcat123.github.io%2FFTV%2FImages%2FMovies-Dubbed-IL.jpg&amp;fanart=&amp;description=+&amp;count=0&amp;page=&amp;cat_level= &amp;index_depth=0&amp;selected_list= &amp;lang=eng",return)</action>
	</shortcut>
	<shortcut>
		<defaultID />
		<label>צי'קו סרטים מדובבים</label>
		<label2>פריטים מותאמים אישית</label2>
		<icon>DefaultShortcut.png</icon>
		<thumb />
		<action>ActivateWindow(Videos,"plugin://plugin.video.CHICCO/?url=%D7%A1%D7%A8%D7%98%D7%99%D7%9D%D7%A1%D7%A8%D7%98%D7%99%D7%9D+%D7%9E%D7%93%D7%95%D7%91%D7%91%D7%99%D7%9D&amp;mode=5&amp;name=%D7%A1%D7%A8%D7%98%D7%99%D7%9D+%D7%9E%D7%93%D7%95%D7%91%D7%91%D7%99%D7%9D&amp;iconimage=http%3A%2F%2Fmoridim.me%2Fimages%2Flarge%2F9424.jpg&amp;fanart=http%3A%2F%2Fmoridim.me%2Fimages%2Flarge%2F9424.jpg&amp;description=+&amp;count=0&amp;page=&amp;cat_level= &amp;index_depth=0&amp;selected_list= &amp;lang=eng",return)</action>
	</shortcut>
</shortcuts>
