<?xml version='1.0' encoding='UTF-8'?>
<shortcuts>
	<shortcut>
		<defaultID />
		<label>פרקים אחרונים</label>
		<label2>פריטים מותאמים אישית</label2>
		<icon>DefaultShortcut.png</icon>
		<thumb />
		<action>ActivateWindow(Videos,"plugin://plugin.video.CHICCO/?url=tv&amp;mode=18&amp;name=%5BB%5D%5BCOLOR+burlywood%5D-%D7%90%D7%97%D7%A8%D7%95%D7%A0%D7%99%D7%9D+%5B%2FCOLOR%5D%5B%2FB%5D%5BB%5D%5BCOLOR+aqua%5D%D7%A4%D7%A8%D7%A7%D7%99%D7%9D-+%5B%2FCOLOR%5D%5B%2FB%5D&amp;iconimage=http%3A%2F%2Fngarba.xyz%2Fadds%2Fyos%2F24.jpg&amp;fanart=https%3A%2F%2Fwpblink.com%2Fsites%2Fdefault%2Ffiles%2Fwallpaper%2Fmovie%2F72098%2Favatar-wallpapers-hd-72098-5294999.png&amp;description=&amp;count=0&amp;page=&amp;cat_level= &amp;index_depth=0&amp;selected_list= &amp;lang= ",return)</action>
	</shortcut>
	<shortcut>
		<defaultID />
		<label>צי'קו סדרות</label>
		<label2>פריטים מותאמים אישית</label2>
		<icon>DefaultShortcut.png</icon>
		<thumb />
		<action>ActivateWindow(Videos,"plugin://plugin.video.CHICCO/?url=%D7%A1%D7%93%D7%A8%D7%95%D7%AA&amp;mode=5&amp;name=%D7%A1%D7%93%D7%A8%D7%95%D7%AA&amp;iconimage=https%3A%2F%2F3.bp.blogspot.com%2F-ua674nSzp-w%2FWgyhVc-31FI%2FAAAAAAAAHh8%2FTxirlq_NgeIa_o_GL9DUYrIqFgzLaxmnQCLcBGAs%2Fs1600%2F10%252Bgreat%252Btv%252Bshows%252Bwe%252Blost%252Bin%252B2017.jpeg&amp;fanart=https%3A%2F%2F3.bp.blogspot.com%2F-ua674nSzp-w%2FWgyhVc-31FI%2FAAAAAAAAHh8%2FTxirlq_NgeIa_o_GL9DUYrIqFgzLaxmnQCLcBGAs%2Fs1600%2F10%252Bgreat%252Btv%252Bshows%252Bwe%252Blost%252Bin%252B2017.jpeg&amp;description=%D7%A1%D7%93%D7%A8%D7%95%D7%AA+%D7%9E%D7%97%D7%95%D7%9C&amp;count=0&amp;page=&amp;cat_level= &amp;index_depth=0&amp;selected_list= &amp;lang=eng",return)</action>
	</shortcut>
</shortcuts>
