<?xml version='1.0' encoding='UTF-8'?>
<shortcuts>
	<shortcut>
		<defaultID />
		<label>[COLOR aqua]סדרות צפיה ישירה[/COLOR]</label>
		<label2>פריטים מותאמים אישית</label2>
		<icon>DefaultShortcut.png</icon>
		<thumb />
		<action>ActivateWindow(Videos,"plugin://plugin.video.FlashTV/?url=%D7%99%D7%9C%D7%93%D7%99%D7%9D%D7%A1%D7%93%D7%A8%D7%95%D7%AA+%D7%9E%D7%93%D7%95%D7%91%D7%91%D7%95%D7%AA&amp;mode=5&amp;name=%D7%A1%D7%93%D7%A8%D7%95%D7%AA+%D7%9E%D7%93%D7%95%D7%91%D7%91%D7%95%D7%AA&amp;iconimage=https%3A%2F%2Fkcat123.github.io%2FFTV%2FImages%2FTV-Shows-Dubbed-Cartoons-IL.jpg&amp;fanart=&amp;description=+&amp;count=0&amp;page=&amp;cat_level= &amp;index_depth=0&amp;selected_list= &amp;lang=eng",return)</action>
	</shortcut>
	<shortcut>
		<defaultID />
		<label>סדרות מועדפות טלמדיה</label>
		<label2>פריטים מותאמים אישית</label2>
		<icon>DefaultShortcut.png</icon>
		<thumb />
		<action>ActivateWindow(Videos,"plugin://plugin.video.telemedia/?mode=28&amp;name=סדרות מקומיות שלי&amp;image_master=&amp;heb_name= &amp;last_id=&amp;dates= &amp;data= &amp;original_title= &amp;id= &amp;season= &amp;episode= &amp;tmdbid= &amp;eng_name= &amp;show_original_year= &amp;isr=0&amp;fanart=http%3A%2F%2Fcoldshotproductions.net%2Fflachannelbanner.png&amp;url=www&amp;iconimage=special%3A%2F%2Fhome%2Faddons%2Fplugin.video.telemedia%2Ftele%2FTv_Show%2Fmy_tv.png&amp;description=%D7%A1%D7%93%D7%A8%D7%95%D7%AA+%D7%9E%D7%A7%D7%95%D7%9E%D7%99%D7%95%D7%AA+%D7%A9%D7%9C%D7%99&amp;fav_status=false&amp;groups_id=0",return)</action>
	</shortcut>
	<shortcut>
		<defaultID />
		<label>סדרות אנימציה טלמדיה</label>
		<label2>פריטים מותאמים אישית</label2>
		<icon>DefaultShortcut.png</icon>
		<thumb />
		<action>ActivateWindow(Videos,"plugin://plugin.video.telemedia/?mode=14&amp;name=אנימציה&amp;image_master=&amp;heb_name= &amp;last_id=&amp;dates= &amp;data= &amp;original_title= &amp;id= &amp;season= &amp;episode= &amp;tmdbid= &amp;eng_name= &amp;show_original_year= &amp;isr=0&amp;fanart=http%3A%2F%2Fwww.printime.co.il%2Fimage%2Fusers%2F16584%2Fftp%2Fmy_files%2Fsmileynumbers1we.jpg&amp;url=http%3A%2F%2Fapi.themoviedb.org%2F3%2Fdiscover%2Ftv%3Fapi_key%3D34142515d9d23817496eeb4ff1d223d0%26sort_by%3Dpopularity.desc%26with_genres%3D16%26language%3Dhe%26page%3D1&amp;iconimage=http%3A%2F%2Fwww.printime.co.il%2Fimage%2Fusers%2F16584%2Fftp%2Fmy_files%2Fsmileynumbers1we.jpg&amp;description=%D7%90%D7%A0%D7%99%D7%9E%D7%A6%D7%99%D7%94&amp;fav_status=false&amp;groups_id=0",return)</action>
	</shortcut>
	<shortcut>
		<defaultID />
		<label>סדרות ילדים טלמדיה</label>
		<label2>פריטים מותאמים אישית</label2>
		<icon>DefaultShortcut.png</icon>
		<thumb />
		<action>ActivateWindow(Videos,"plugin://plugin.video.telemedia/?mode=14&amp;name=ילדים&amp;image_master=&amp;heb_name= &amp;last_id=&amp;dates= &amp;data= &amp;original_title= &amp;id= &amp;season= &amp;episode= &amp;tmdbid= &amp;eng_name= &amp;show_original_year= &amp;isr=0&amp;fanart=https%3A%2F%2Fi.ytimg.com%2Fvi%2FsN4xfdDwjHk%2Fmaxresdefault.jpg&amp;url=http%3A%2F%2Fapi.themoviedb.org%2F3%2Fdiscover%2Ftv%3Fapi_key%3D34142515d9d23817496eeb4ff1d223d0%26sort_by%3Dpopularity.desc%26with_genres%3D10762%26language%3Dhe%26page%3D1&amp;iconimage=https%3A%2F%2Fi.ytimg.com%2Fvi%2FsN4xfdDwjHk%2Fmaxresdefault.jpg&amp;description=%D7%99%D7%9C%D7%93%D7%99%D7%9D&amp;fav_status=false&amp;groups_id=0",return)</action>
	</shortcut>
</shortcuts>
