<?xml version='1.0' encoding='UTF-8'?>
<shortcuts>
	<shortcut>
		<defaultID />
		<label>סרטים בקולנוע טלמדיה</label>
		<label2>פריטים מותאמים אישית</label2>
		<icon>DefaultShortcut.png</icon>
		<thumb />
		<action>ActivateWindow(Videos,"plugin://plugin.video.telemedia/?mode=14&amp;name=סרטים בקולנוע&amp;image_master=&amp;heb_name= &amp;last_id=&amp;dates= &amp;data= &amp;original_title= &amp;id= &amp;season= &amp;episode= &amp;tmdbid= &amp;eng_name= &amp;show_original_year= &amp;isr=0&amp;fanart=https%3A%2F%2Fimages.cdn1.stockunlimited.net%2Fpreview1300%2Fcinema-background-with-movie-objects_1823387.jpg&amp;url=http%3A%2F%2Fapi.themoviedb.org%2F3%2Fmovie%2Fnow_playing%3Fapi_key%3D34142515d9d23817496eeb4ff1d223d0%26language%3Dhe%26page%3D1&amp;iconimage=special%3A%2F%2Fhome%2Faddons%2Fplugin.video.telemedia%2Ftele%2FMovies%2Fcinema.png&amp;description=Tmdb&amp;fav_status=false&amp;groups_id=0",return)</action>
	</shortcut>
	<shortcut>
		<defaultID />
		<label>סרטים פופלארים טלמדיה</label>
		<label2>פריטים מותאמים אישית</label2>
		<icon>DefaultShortcut.png</icon>
		<thumb />
		<action>ActivateWindow(Videos,"plugin://plugin.video.telemedia/?mode=14&amp;name=סרטים פופולריים&amp;image_master=&amp;heb_name= &amp;last_id=&amp;dates= &amp;data= &amp;original_title= &amp;id= &amp;season= &amp;episode= &amp;tmdbid= &amp;eng_name= &amp;show_original_year= &amp;isr=0&amp;fanart=https%3A%2F%2Fwww.newszii.com%2Fwp-content%2Fuploads%2F2018%2F08%2FMost-Popular-Action-Movies.png&amp;url=http%3A%2F%2Fapi.themoviedb.org%2F3%2Fmovie%2Fpopular%3Fapi_key%3D34142515d9d23817496eeb4ff1d223d0%26language%3Dhe%26page%3D1&amp;iconimage=special%3A%2F%2Fhome%2Faddons%2Fplugin.video.telemedia%2Ftele%2FMovies%2Fpopular.png&amp;description=Tmdb&amp;fav_status=false&amp;groups_id=0",return)</action>
	</shortcut>
	<shortcut>
		<defaultID />
		<label>סרטים לפי זא'נרים טלמדיה</label>
		<label2>פריטים מותאמים אישית</label2>
		<icon>DefaultShortcut.png</icon>
		<thumb />
		<action>ActivateWindow(Videos,"plugin://plugin.video.telemedia/?mode=18&amp;name=ז'אנר&amp;image_master=&amp;heb_name= &amp;last_id=&amp;dates= &amp;data= &amp;original_title= &amp;id= &amp;season= &amp;episode= &amp;tmdbid= &amp;eng_name= &amp;show_original_year= &amp;isr=0&amp;fanart=https%3A%2F%2Fs.studiobinder.com%2Fwp-content%2Fuploads%2F2019%2F09%2FMovie-Genres-Types-of-Movies-List-of-Genres-and-Categories-Header-StudioBinder.jpg&amp;url=http%3A%2F%2Fapi.themoviedb.org%2F3%2Fgenre%2Fmovie%2Flist%3Fapi_key%3D34142515d9d23817496eeb4ff1d223d0%26language%3Dhe%26page%3D1&amp;iconimage=special%3A%2F%2Fhome%2Faddons%2Fplugin.video.telemedia%2Ftele%2FMovies%2Fgenre.png&amp;description=Tmdb&amp;fav_status=false&amp;groups_id=0",return)</action>
	</shortcut>
	<shortcut>
		<defaultID />
		<label>סרטים לפי שנים טלמדיה</label>
		<label2>פריטים מותאמים אישית</label2>
		<icon>DefaultShortcut.png</icon>
		<thumb />
		<action>ActivateWindow(Videos,"plugin://plugin.video.telemedia/?mode=14&amp;name=שנים&amp;image_master=&amp;heb_name= &amp;last_id=&amp;dates= &amp;data= &amp;original_title= &amp;id= &amp;season= &amp;episode= &amp;tmdbid= &amp;eng_name= &amp;show_original_year= &amp;isr=0&amp;fanart=https%3A%2F%2Fi.pinimg.com%2Foriginals%2Fe4%2F03%2F91%2Fe4039182cd17c48c8f9cead44cda7df3.jpg&amp;url=movie_years%26page%3D1&amp;iconimage=special%3A%2F%2Fhome%2Faddons%2Fplugin.video.telemedia%2Ftele%2FMovies%2Fyears.png&amp;description=Tmdb&amp;fav_status=false&amp;groups_id=0",return)</action>
	</shortcut>
	<shortcut>
		<defaultID />
		<label>סרטים ישראלים טלמדיה</label>
		<label2>פריטים מותאמים אישית</label2>
		<icon>DefaultShortcut.png</icon>
		<thumb />
		<action>ActivateWindow(Videos,"plugin://plugin.video.telemedia/?mode=31&amp;name=[COLOR pink]סרטים ישראלים[/COLOR]&amp;image_master=&amp;heb_name= &amp;last_id=&amp;dates= &amp;data=-1001106800100&amp;original_title= &amp;id= &amp;season= &amp;episode= &amp;tmdbid= &amp;eng_name= &amp;show_original_year= &amp;isr=0&amp;fanart=https%3A%2F%2Fi.ytimg.com%2Fvi%2FHq0CZUvuSDs%2Fmaxresdefault.jpg&amp;url=www&amp;iconimage=special%3A%2F%2Fhome%2Faddons%2Fplugin.video.telemedia%2Ftele%2FMovies%2Fisrael.png&amp;description=%D7%A1%D7%A8%D7%98%D7%99%D7%9D+%D7%99%D7%A9%D7%A8%D7%90%D7%9C%D7%99%D7%9D&amp;fav_status=false&amp;groups_id=0",return)</action>
	</shortcut>
	<shortcut>
		<defaultID />
		<label>סדרות פופולאריות טלמדיה</label>
		<label2>פריטים מותאמים אישית</label2>
		<icon>DefaultShortcut.png</icon>
		<thumb />
		<action>ActivateWindow(Videos,"plugin://plugin.video.telemedia/?mode=14&amp;name=סדרות פופולריות&amp;image_master=&amp;heb_name= &amp;last_id=&amp;dates= &amp;data= &amp;original_title= &amp;id= &amp;season= &amp;episode= &amp;tmdbid= &amp;eng_name= &amp;show_original_year= &amp;isr=0&amp;fanart=https%3A%2F%2Fimage.businessinsider.com%2F5d5ea69fcd97841fea3d3b36%3Fwidth%3D1100%26format%3Djpeg%26auto%3Dwebp&amp;url=http%3A%2F%2Fapi.themoviedb.org%2F3%2Ftv%2Fpopular%3Fapi_key%3D34142515d9d23817496eeb4ff1d223d0%26language%3Dhe%26page%3D1&amp;iconimage=special%3A%2F%2Fhome%2Faddons%2Fplugin.video.telemedia%2Ftele%2FTv_Show%2Fpopular_tv.png&amp;description=TMDB&amp;fav_status=false&amp;groups_id=0",return)</action>
	</shortcut>
	<shortcut>
		<defaultID />
		<label>סדרות לפי זא'נרים טלמדיה</label>
		<label2>פריטים מותאמים אישית</label2>
		<icon>DefaultShortcut.png</icon>
		<thumb />
		<action>ActivateWindow(Videos,"plugin://plugin.video.telemedia/?mode=18&amp;name=ז'אנר&amp;image_master=&amp;heb_name= &amp;last_id=&amp;dates= &amp;data= &amp;original_title= &amp;id= &amp;season= &amp;episode= &amp;tmdbid= &amp;eng_name= &amp;show_original_year= &amp;isr=0&amp;fanart=https%3A%2F%2Fconsequenceofsound.net%2Fwp-content%2Fuploads%2F2019%2F11%2FCoS_2010sDecades-TVShows.jpg%3Fquality%3D80&amp;url=http%3A%2F%2Fapi.themoviedb.org%2F3%2Fgenre%2Ftv%2Flist%3Fapi_key%3D34142515d9d23817496eeb4ff1d223d0%26language%3Dhe%26page%3D1&amp;iconimage=special%3A%2F%2Fhome%2Faddons%2Fplugin.video.telemedia%2Ftele%2FTv_Show%2Fgenre.png&amp;description=TMDB&amp;fav_status=false&amp;groups_id=0",return)</action>
	</shortcut>
	<shortcut>
		<defaultID />
		<label>סדרות משודר כעת טלמדיה</label>
		<label2>פריטים מותאמים אישית</label2>
		<icon>DefaultShortcut.png</icon>
		<thumb />
		<action>ActivateWindow(Videos,"plugin://plugin.video.telemedia/?mode=14&amp;name=משודר כעת&amp;image_master=&amp;heb_name= &amp;last_id=&amp;dates= &amp;data= &amp;original_title= &amp;id= &amp;season= &amp;episode= &amp;tmdbid= &amp;eng_name= &amp;show_original_year= &amp;isr=0&amp;fanart=https%3A%2F%2Fi.pinimg.com%2F236x%2F1c%2F49%2F8f%2F1c498f196ef8818d3d01223b72678fc4--divergent-movie-poster-divergent-.jpg&amp;url=https%3A%2F%2Fapi.themoviedb.org%2F3%2Ftv%2Fon_the_air%3Fapi_key%3D34142515d9d23817496eeb4ff1d223d0%26language%3Dhe%26page%3D1&amp;iconimage=special%3A%2F%2Fhome%2Faddons%2Fplugin.video.telemedia%2Ftele%2FTv_Show%2Fon_air.png&amp;description=TMDB&amp;fav_status=false&amp;groups_id=0",return)</action>
	</shortcut>
	<shortcut>
		<defaultID />
		<label>סדרות חדשות טלמדיה</label>
		<label2>פריטים מותאמים אישית</label2>
		<icon>DefaultShortcut.png</icon>
		<thumb />
		<action>ActivateWindow(Videos,"plugin://plugin.video.telemedia/?mode=14&amp;name=סדרות חדשות&amp;image_master=&amp;heb_name= &amp;last_id=&amp;dates= &amp;data= &amp;original_title= &amp;id= &amp;season= &amp;episode= &amp;tmdbid= &amp;eng_name= &amp;show_original_year= &amp;isr=0&amp;fanart=https%3A%2F%2Flh5.ggpht.com%2Fcr6L4oleXlecZQBbM1EfxtGggxpRK0Q1cQ8JBtLjJdeUrqDnXAeBHU30trRRnMUFfSo%3Dw300&amp;url=https%3A%2F%2Fapi.themoviedb.org%2F3%2Fdiscover%2Ftv%3Fapi_key%3D34142515d9d23817496eeb4ff1d223d0%26language%3Den-US%26sort_by%3Dpopularity.desc%26first_air_date_year%3D2021%26timezone%3DAmerica%252FNew_York%26include_null_first_air_ates%3Dfalse%26language%3Dhe%26page%3D1&amp;iconimage=special%3A%2F%2Fhome%2Faddons%2Fplugin.video.telemedia%2Ftele%2FTv_Show%2Fnew_tv.png&amp;description=TMDB&amp;fav_status=false&amp;groups_id=0",return)</action>
	</shortcut>
	<shortcut>
		<defaultID />
		<label>סדרות לפי שנים טלמדיה</label>
		<label2>פריטים מותאמים אישית</label2>
		<icon>DefaultShortcut.png</icon>
		<thumb />
		<action>ActivateWindow(Videos,"plugin://plugin.video.telemedia/?mode=14&amp;name=שנים&amp;image_master=&amp;heb_name= &amp;last_id=&amp;dates= &amp;data= &amp;original_title= &amp;id= &amp;season= &amp;episode= &amp;tmdbid= &amp;eng_name= &amp;show_original_year= &amp;isr=0&amp;fanart=https%3A%2F%2Fd2yhzr6tx8qnba.cloudfront.net%2Fimages%2Fdb%2F9%2Fb6%2F58e2db43d1b69.jpeg&amp;url=tv_years%26page%3D1&amp;iconimage=special%3A%2F%2Fhome%2Faddons%2Fplugin.video.telemedia%2Ftele%2FTv_Show%2Fyears.png&amp;description=TMDB&amp;fav_status=false&amp;groups_id=0",return)</action>
	</shortcut>
	<shortcut>
		<defaultID />
		<label>סדרות מרשתות טלמדיה</label>
		<label2>פריטים מותאמים אישית</label2>
		<icon>DefaultShortcut.png</icon>
		<thumb />
		<action>ActivateWindow(Videos,"plugin://plugin.video.telemedia/?mode=101&amp;name=סדרות מרשתות שונות&amp;image_master=&amp;heb_name= &amp;last_id=&amp;dates= &amp;data= &amp;original_title= &amp;id= &amp;season= &amp;episode= &amp;tmdbid= &amp;eng_name= &amp;show_original_year= &amp;isr=0&amp;fanart=https%3A%2F%2Fimages.pond5.com%2Ftv-networks-logos-loop-footage-042898083_prevstill.jpeg&amp;url=tv_years%26page%3D1&amp;iconimage=special%3A%2F%2Fhome%2Faddons%2Fplugin.video.telemedia%2Ftele%2FTv_Show%2Fnetwork.png&amp;description=TMDB&amp;fav_status=false&amp;groups_id=0",return)</action>
	</shortcut>
	<shortcut>
		<defaultID />
		<label>סדרות ישראליות טלמדיה</label>
		<label2>פריטים מותאמים אישית</label2>
		<icon>DefaultShortcut.png</icon>
		<thumb />
		<action>ActivateWindow(Videos,"plugin://plugin.video.telemedia/?mode=14&amp;name=סדרות ישראליות&amp;image_master=&amp;heb_name= &amp;last_id=&amp;dates= &amp;data= &amp;original_title= &amp;id= &amp;season= &amp;episode= &amp;tmdbid= &amp;eng_name= &amp;show_original_year= &amp;isr=0&amp;fanart=http%3A%2F%2Fcoldshotproductions.net%2Fflachannelbanner.png&amp;url=https%3A%2F%2Fapi.themoviedb.org%2F3%2Fdiscover%2Ftv%3Fapi_key%3D34142515d9d23817496eeb4ff1d223d0%26language%3Dhe%26sort_by%3Dpopularity.desc%26include_null_first_air_dates%3Dfalse%26with_original_language%3Dhe%26page%3D1&amp;iconimage=special%3A%2F%2Fhome%2Faddons%2Fplugin.video.telemedia%2Ftele%2FTv_Show%2Fisrael.png&amp;description=%D7%A1%D7%93%D7%A8%D7%95%D7%AA+%D7%99%D7%A9%D7%A8%D7%90%D7%9C%D7%99%D7%95%D7%AA&amp;fav_status=false&amp;groups_id=0",return)</action>
	</shortcut>
	<shortcut>
		<defaultID />
		<label>סדרות בטורקית טלמדיה</label>
		<label2>פריטים מותאמים אישית</label2>
		<icon>DefaultShortcut.png</icon>
		<thumb />
		<action>ActivateWindow(Videos,"plugin://plugin.video.telemedia/?mode=14&amp;name=סדרות בטורקית&amp;image_master=&amp;heb_name= &amp;last_id=&amp;dates= &amp;data= &amp;original_title= &amp;id= &amp;season= &amp;episode= &amp;tmdbid= &amp;eng_name= &amp;show_original_year= &amp;isr=0&amp;fanart=http%3A%2F%2Fcoldshotproductions.net%2Fflachannelbanner.png&amp;url=https%3A%2F%2Fapi.themoviedb.org%2F3%2Fdiscover%2Ftv%3Fapi_key%3D34142515d9d23817496eeb4ff1d223d0%26language%3Dhe%26sort_by%3Dpopularity.desc%26include_null_first_air_dates%3Dfalse%26with_original_language%3Dtr%26page%3D1&amp;iconimage=special%3A%2F%2Fhome%2Faddons%2Fplugin.video.telemedia%2Ftele%2FTv_Show%2Fturkish.png&amp;description=%D7%94%D7%95%D7%A1%D7%A4%D7%AA+%D7%A1%D7%93%D7%A8%D7%94+%D7%9E%D7%A7%D7%95%D7%9E%D7%99%D7%AA&amp;fav_status=false&amp;groups_id=0",return)</action>
	</shortcut>
	<shortcut>
		<defaultID />
		<label>סדרות מקומיות טלמדיה</label>
		<label2>פריטים מותאמים אישית</label2>
		<icon>DefaultShortcut.png</icon>
		<thumb />
		<action>ActivateWindow(Videos,"plugin://plugin.video.telemedia/?mode=28&amp;name=סדרות מקומיות שלי&amp;image_master=&amp;heb_name= &amp;last_id=&amp;dates= &amp;data= &amp;original_title= &amp;id= &amp;season= &amp;episode= &amp;tmdbid= &amp;eng_name= &amp;show_original_year= &amp;isr=0&amp;fanart=http%3A%2F%2Fcoldshotproductions.net%2Fflachannelbanner.png&amp;url=www&amp;iconimage=special%3A%2F%2Fhome%2Faddons%2Fplugin.video.telemedia%2Ftele%2FTv_Show%2Fmy_tv.png&amp;description=%D7%A1%D7%93%D7%A8%D7%95%D7%AA+%D7%9E%D7%A7%D7%95%D7%9E%D7%99%D7%95%D7%AA+%D7%A9%D7%9C%D7%99&amp;fav_status=false&amp;groups_id=0",return)</action>
	</shortcut>
	<shortcut>
		<defaultID />
		<label>חפש טלמדיה</label>
		<label2>פריטים מותאמים אישית</label2>
		<icon>DefaultShortcut.png</icon>
		<thumb />
		<action>ActivateWindow(Videos,"plugin://plugin.video.telemedia/?mode=6&amp;name=[COLOR yellow]חיפוש כללי[/COLOR]&amp;image_master=&amp;heb_name= &amp;last_id=0$$$0&amp;dates= &amp;data=all&amp;original_title= &amp;id= &amp;season= &amp;episode= &amp;tmdbid= &amp;eng_name= &amp;show_original_year= &amp;isr=0&amp;fanart=https%3A%2F%2Fwww.komando.com%2Fwp-content%2Fuploads%2F2017%2F12%2Fcomputer-search.jpg&amp;url=+&amp;iconimage=https%3A%2F%2Fsitechecker.pro%2Fwp-content%2Fuploads%2F2017%2F12%2Fsearch-engines.png&amp;description=Search+All&amp;fav_status=false&amp;groups_id=0",return)</action>
	</shortcut>
</shortcuts>
