<?xml version='1.0' encoding='UTF-8'?>
<shortcuts>
	<shortcut>
		<defaultID />
		<label>סדרות חדשות</label>
		<label2>פריטים מותאמים אישית</label2>
		<icon>DefaultShortcut.png</icon>
		<thumb />
		<action>ActivateWindow(Videos,"plugin://plugin.video.mando/?mode=14&amp;dates=+&amp;episode=+&amp;description=New+Tv+shows&amp;all_w=%7B%7D&amp;show_original_year=+&amp;fanart=https%3A%2F%2Flh5.ggpht.com%2Fcr6L4oleXlecZQBbM1EfxtGggxpRK0Q1cQ8JBtLjJdeUrqDnXAeBHU30trRRnMUFfSo%3Dw300&amp;heb_name=+&amp;iconimage=C%3A%5CUsers%5Cneta%5CAppData%5CRoaming%5CKodi%5Caddons%5Cplugin.video.mando%5Cresources%5Cartwork%2Fnew_s.png&amp;original_title=+&amp;eng_name=+&amp;data=+&amp;url=https%3A%2F%2Fapi.themoviedb.org%2F3%2Fdiscover%2Ftv%3Fapi_key%3D34142515d9d23817496eeb4ff1d223d0%26language%3Den-US%26sort_by%3Dpopularity.desc%26first_air_date_year%3D2021%26timezone%3DAmerica%252FNew_York%26include_null_first_air_ates%3Dfalse%26language%3Dhe%26page%3D1&amp;fav_status=false&amp;tmdbid=+&amp;season=+&amp;isr=0&amp;last_id=&amp;image_master=&amp;id=+&amp;name=%D7%A1%D7%93%D7%A8%D7%95%D7%AA+%D7%97%D7%93%D7%A9%D7%95%D7%AA&amp;video_data=%7B%22rating%22%3A+%220%22%2C+%22episode%22%3A+0%2C+%22title%22%3A+%22%5Cu05e1%5Cu05d3%5Cu05e8%5Cu05d5%5Cu05ea+%5Cu05d7%5Cu05d3%5Cu05e9%5Cu05d5%5Cu05ea%22%2C+%22season%22%3A+0%2C+%22TVshowtitle%22%3A+%22%22%2C+%22mediatype%22%3A+%22movie%22%2C+%22plot%22%3A+%22New+Tv+shows%22%2C+%22OriginalTitle%22%3A+%22+%22%2C+%22Tag%22%3A+%223%22%2C+%22id%22%3A+%22+%22%7D",return)</action>
	</shortcut>
	<shortcut>
		<defaultID />
		<label>קטגוריות</label>
		<label2>פריטים מותאמים אישית</label2>
		<icon>DefaultShortcut.png</icon>
		<thumb />
		<action>ActivateWindow(Videos,"plugin://plugin.video.mando/?mode=18&amp;dates=+&amp;episode=+&amp;description=TMDB&amp;all_w=%7B%7D&amp;show_original_year=+&amp;fanart=https%3A%2F%2Fconsequenceofsound.net%2Fwp-content%2Fuploads%2F2019%2F11%2FCoS_2010sDecades-TVShows.jpg%3Fquality%3D80&amp;heb_name=+&amp;iconimage=C%3A%5CUsers%5Cneta%5CAppData%5CRoaming%5CKodi%5Caddons%5Cplugin.video.mando%5Cresources%5Cartwork%2Fgenre.png&amp;original_title=+&amp;eng_name=+&amp;data=+&amp;url=http%3A%2F%2Fapi.themoviedb.org%2F3%2Fgenre%2Ftv%2Flist%3Fapi_key%3D34142515d9d23817496eeb4ff1d223d0%26language%3Dhe%26page%3D1&amp;fav_status=false&amp;tmdbid=+&amp;season=+&amp;isr=0&amp;last_id=&amp;image_master=&amp;id=+&amp;name=%D7%A7%D7%98%D7%92%D7%95%D7%A8%D7%99%D7%95%D7%AA&amp;video_data=%7B%22rating%22%3A+%220%22%2C+%22episode%22%3A+0%2C+%22title%22%3A+%22%5Cu05e7%5Cu05d8%5Cu05d2%5Cu05d5%5Cu05e8%5Cu05d9%5Cu05d5%5Cu05ea%22%2C+%22season%22%3A+0%2C+%22TVshowtitle%22%3A+%22%22%2C+%22mediatype%22%3A+%22movie%22%2C+%22plot%22%3A+%22TMDB%22%2C+%22OriginalTitle%22%3A+%22+%22%2C+%22Tag%22%3A+%223%22%2C+%22id%22%3A+%22+%22%7D",return)</action>
	</shortcut>
	<shortcut>
		<defaultID />
		<label>[COLOR yellow]מנדו מקורות סדרות וטלמדיה[/COLOR]</label>
		<label2>פריטים מותאמים אישית</label2>
		<icon>DefaultShortcut.png</icon>
		<thumb />
		<action>ActivateWindow(Videos,"plugin://plugin.video.mando/?mode=117&amp;search_db=&amp;dates=+&amp;episode=+&amp;description=mainscreentvshowsmando&amp;all_w=%7B%7D&amp;show_original_year=+&amp;fanart=+&amp;heb_name=+&amp;iconimage=+&amp;original_title=+&amp;eng_name=+&amp;data=+&amp;url=moshep15%24%24%24%24%24%24%24%24%24%24%24mainscreentvshowsmando%5E%5E%5E%5E%5E%5E%5E%5Etv%3Flimit%3D40%26page%3D1&amp;fav_status=false&amp;tmdbid=+&amp;season=+&amp;isr=0&amp;last_id=&amp;image_master=&amp;id=+&amp;name=mainscreentvshowsmando&amp;video_data=%7B%22rating%22%3A+%220%22%2C+%22episode%22%3A+0%2C+%22title%22%3A+%22mainscreentvshowsmando%22%2C+%22season%22%3A+0%2C+%22TVshowtitle%22%3A+%22%22%2C+%22mediatype%22%3A+%22movie%22%2C+%22plot%22%3A+%22mainscreentvshowsmando%22%2C+%22OriginalTitle%22%3A+%22+%22%2C+%22Tag%22%3A+%22116%22%2C+%22id%22%3A+%22+%22%7D",return)</action>
	</shortcut>
	<shortcut>
		<defaultID />
		<label>[COLOR yellow]כל הסדרות הרחבת השבועה[/COLOR]</label>
		<label2>פריטים מותאמים אישית</label2>
		<icon>DefaultShortcut.png</icon>
		<thumb />
		<action>ActivateWindow(Videos,"plugin://plugin.video.theoath/?action=tvshows&amp;url=https%3A%2F%2Fapi.trakt.tv%2Fusers%2Fme%2Flists%2Fmainscreentvshowsmando%2Fitems",return)</action>
	</shortcut>
	<shortcut>
		<defaultID />
		<label>פרקים אחרונים לועזי</label>
		<label2>פריטים מותאמים אישית</label2>
		<icon>DefaultShortcut.png</icon>
		<thumb />
		<action>ActivateWindow(Videos,"plugin://plugin.video.telemedia/?mode=31&amp;name=[COLOR khaki]מדיה סנטר ערוץ סדרות חול פרקים[/COLOR]&amp;image_master=&amp;heb_name= &amp;last_id=&amp;dates= &amp;data=-1001402567607&amp;original_title= &amp;id= &amp;season= &amp;episode= &amp;tmdbid= &amp;eng_name= &amp;show_original_year= &amp;isr=0&amp;fanart=&amp;url=-1001402567607&amp;iconimage=&amp;description=%0Afrom_plot&amp;fav_status=false&amp;groups_id=0",return)</action>
	</shortcut>
	<shortcut>
		<defaultID />
		<label>פרקים אחרונים ישראלי</label>
		<label2>פריטים מותאמים אישית</label2>
		<icon>DefaultShortcut.png</icon>
		<thumb />
		<action>ActivateWindow(Videos,"plugin://plugin.video.FlashTV/?url=tv&amp;mode=18&amp;name=%5BB%5D%5BCOLOR+burlywood%5D-%D7%90%D7%97%D7%A8%D7%95%D7%A0%D7%99%D7%9D+%5B%2FCOLOR%5D%5B%2FB%5D%5BB%5D%5BCOLOR+aqua%5D%D7%A4%D7%A8%D7%A7%D7%99%D7%9D-+%5B%2FCOLOR%5D%5B%2FB%5D&amp;iconimage=http%3A%2F%2Fngarba.xyz%2Fadds%2Fyos%2F24.jpg&amp;fanart=https%3A%2F%2Fimages.hdqwalls.com%2Fdownload%2Fassassins-creed-valhalla-female-eivor-axe-8k-bn-1920x1080.jpg&amp;description=&amp;count=0&amp;page=&amp;cat_level= &amp;index_depth=0&amp;selected_list= &amp;lang= ",return)</action>
	</shortcut>
	<shortcut>
		<defaultID />
		<label>סדרות ישראליות</label>
		<label2>פריטים מותאמים אישית</label2>
		<icon>DefaultShortcut.png</icon>
		<thumb />
		<action>ActivateWindow(Videos,"plugin://plugin.video.FlashTV/?url=%D7%A1%D7%93%D7%A8%D7%95%D7%AA%D7%A1%D7%93%D7%A8%D7%95%D7%AA+%D7%99%D7%A9%D7%A8%D7%90%D7%9C%D7%99%D7%95%D7%AA&amp;mode=5&amp;name=%D7%A1%D7%93%D7%A8%D7%95%D7%AA+%D7%99%D7%A9%D7%A8%D7%90%D7%9C%D7%99%D7%95%D7%AA&amp;iconimage=https%3A%2F%2Fkcat123.github.io%2FFTV%2FImages%2FTV-Shows-IL.jpg&amp;fanart=&amp;description=+&amp;count=0&amp;page=&amp;cat_level= &amp;index_depth=0&amp;selected_list= &amp;lang=eng",return)</action>
	</shortcut>
	<shortcut>
		<defaultID />
		<label>סדרות ישראליות דוקו</label>
		<label2>פריטים מותאמים אישית</label2>
		<icon>DefaultShortcut.png</icon>
		<thumb />
		<action>ActivateWindow(Videos,"plugin://plugin.video.FlashTV/?url=%D7%A1%D7%93%D7%A8%D7%95%D7%AA%D7%A1%D7%93%D7%A8%D7%95%D7%AA+%D7%99%D7%A9%D7%A8%D7%90%D7%9C%D7%99%D7%95%D7%AA+%D7%93%D7%95%D7%A7%D7%95%D7%9E%D7%A0%D7%98%D7%A8%D7%99%D7%95%D7%AA&amp;mode=5&amp;name=%D7%A1%D7%93%D7%A8%D7%95%D7%AA+%D7%99%D7%A9%D7%A8%D7%90%D7%9C%D7%99%D7%95%D7%AA+%D7%93%D7%95%D7%A7%D7%95%D7%9E%D7%A0%D7%98%D7%A8%D7%99%D7%95%D7%AA&amp;iconimage=https%3A%2F%2Fkcat123.github.io%2FFTV%2FImages%2FTV-Shows-Documentary-IL.jpg&amp;fanart=&amp;description=+&amp;count=0&amp;page=&amp;cat_level= &amp;index_depth=0&amp;selected_list= &amp;lang=eng",return)</action>
	</shortcut>
	<shortcut>
		<defaultID />
		<label>סדרות ישראליות לנוער</label>
		<label2>פריטים מותאמים אישית</label2>
		<icon>DefaultShortcut.png</icon>
		<thumb />
		<action>ActivateWindow(Videos,"plugin://plugin.video.FlashTV/?url=%D7%A1%D7%93%D7%A8%D7%95%D7%AA%D7%A1%D7%93%D7%A8%D7%95%D7%AA+%D7%99%D7%A9%D7%A8%D7%90%D7%9C%D7%99%D7%95%D7%AA+%D7%9C%D7%A0%D7%95%D7%A2%D7%A8&amp;mode=5&amp;name=%D7%A1%D7%93%D7%A8%D7%95%D7%AA+%D7%99%D7%A9%D7%A8%D7%90%D7%9C%D7%99%D7%95%D7%AA+%D7%9C%D7%A0%D7%95%D7%A2%D7%A8&amp;iconimage=https%3A%2F%2Fkcat123.github.io%2FFTV%2FImages%2FTV-Shows-Young-IL.jpg&amp;fanart=&amp;description=+&amp;count=0&amp;page=&amp;cat_level= &amp;index_depth=0&amp;selected_list= &amp;lang=eng",return)</action>
	</shortcut>
	<shortcut>
		<defaultID />
		<label>סדרות דוקו דבריד</label>
		<label2>פריטים מותאמים אישית</label2>
		<icon>DefaultShortcut.png</icon>
		<thumb />
		<action>ActivateWindow(Videos,"plugin://plugin.video.mando/?mode=117&amp;search_db=&amp;dates=+&amp;episode=+&amp;description=tvshowsrealitydocu&amp;all_w=%7B%7D&amp;show_original_year=+&amp;fanart=+&amp;heb_name=+&amp;iconimage=+&amp;original_title=+&amp;eng_name=+&amp;data=+&amp;url=moshep15%24%24%24%24%24%24%24%24%24%24%24tvshowsrealitydocu%5E%5E%5E%5E%5E%5E%5E%5Etv%3Flimit%3D40%26page%3D1&amp;fav_status=false&amp;tmdbid=+&amp;season=+&amp;isr=0&amp;last_id=&amp;image_master=&amp;id=+&amp;name=tvshowsrealitydocu&amp;video_data=%7B%22rating%22%3A+%220%22%2C+%22episode%22%3A+0%2C+%22title%22%3A+%22tvshowsrealitydocu%22%2C+%22season%22%3A+0%2C+%22TVshowtitle%22%3A+%22%22%2C+%22mediatype%22%3A+%22movie%22%2C+%22plot%22%3A+%22tvshowsrealitydocu%22%2C+%22OriginalTitle%22%3A+%22+%22%2C+%22Tag%22%3A+%22116%22%2C+%22id%22%3A+%22+%22%7D",return)</action>
	</shortcut>
	<shortcut>
		<defaultID />
		<label>סדרות טבע דבריד</label>
		<label2>פריטים מותאמים אישית</label2>
		<icon>DefaultShortcut.png</icon>
		<thumb />
		<action>ActivateWindow(Videos,"plugin://plugin.video.mando/?mode=117&amp;search_db=&amp;dates=+&amp;episode=+&amp;description=nature-tvshows&amp;all_w=%7B%7D&amp;show_original_year=+&amp;fanart=+&amp;heb_name=+&amp;iconimage=+&amp;original_title=+&amp;eng_name=+&amp;data=+&amp;url=moshep15%24%24%24%24%24%24%24%24%24%24%24nature-tvshows%5E%5E%5E%5E%5E%5E%5E%5Etv%3Flimit%3D40%26page%3D1&amp;fav_status=false&amp;tmdbid=+&amp;season=+&amp;isr=0&amp;last_id=&amp;image_master=&amp;id=+&amp;name=nature-tvshows&amp;video_data=%7B%22rating%22%3A+%220%22%2C+%22episode%22%3A+0%2C+%22title%22%3A+%22nature-tvshows%22%2C+%22season%22%3A+0%2C+%22TVshowtitle%22%3A+%22%22%2C+%22mediatype%22%3A+%22movie%22%2C+%22plot%22%3A+%22nature-tvshows%22%2C+%22OriginalTitle%22%3A+%22+%22%2C+%22Tag%22%3A+%22116%22%2C+%22id%22%3A+%22+%22%7D",return)</action>
	</shortcut>
	<shortcut>
		<defaultID />
		<label>לפי שנים</label>
		<label2>פריטים מותאמים אישית</label2>
		<icon>DefaultShortcut.png</icon>
		<thumb />
		<action>ActivateWindow(Videos,"plugin://plugin.video.mando/?mode=14&amp;dates=+&amp;episode=+&amp;description=TMDB&amp;all_w=%7B%7D&amp;show_original_year=+&amp;fanart=https%3A%2F%2Fd2yhzr6tx8qnba.cloudfront.net%2Fimages%2Fdb%2F9%2Fb6%2F58e2db43d1b69.jpeg&amp;heb_name=+&amp;iconimage=C%3A%5CUsers%5Cneta%5CAppData%5CRoaming%5CKodi%5Caddons%5Cplugin.video.mando%5Cresources%5Cartwork%2Fyears.png&amp;original_title=+&amp;eng_name=+&amp;data=+&amp;url=tv_years%26page%3D1&amp;fav_status=false&amp;tmdbid=+&amp;season=+&amp;isr=0&amp;last_id=&amp;image_master=&amp;id=+&amp;name=%D7%A9%D7%A0%D7%99%D7%9D&amp;video_data=%7B%22rating%22%3A+%220%22%2C+%22episode%22%3A+0%2C+%22title%22%3A+%22%5Cu05e9%5Cu05e0%5Cu05d9%5Cu05dd%22%2C+%22season%22%3A+0%2C+%22TVshowtitle%22%3A+%22%22%2C+%22mediatype%22%3A+%22movie%22%2C+%22plot%22%3A+%22TMDB%22%2C+%22OriginalTitle%22%3A+%22+%22%2C+%22Tag%22%3A+%223%22%2C+%22id%22%3A+%22+%22%7D",return)</action>
	</shortcut>
	<shortcut>
		<defaultID />
		<label>רשתות</label>
		<label2>פריטים מותאמים אישית</label2>
		<icon>DefaultShortcut.png</icon>
		<thumb />
		<action>ActivateWindow(Videos,"plugin://plugin.video.mando/?mode=116&amp;dates=+&amp;episode=+&amp;description=Lists&amp;all_w=%7B%7D&amp;show_original_year=+&amp;fanart=https%3A%2F%2Fseo-michael.co.uk%2Fcontent%2Fimages%2F2016%2F08%2Ftrakt.jpg&amp;heb_name=+&amp;iconimage=C%3A%5CUsers%5Cneta%5CAppData%5CRoaming%5CKodi%5Caddons%5Cplugin.video.mando%5Cresources%5Cartwork%2Flists.png&amp;original_title=+&amp;eng_name=+&amp;data=+&amp;url=tv%3Flimit%3D40%26page%3D1&amp;fav_status=false&amp;tmdbid=+&amp;season=+&amp;isr=0&amp;last_id=&amp;image_master=&amp;id=+&amp;name=%D7%A8%D7%A9%D7%99%D7%9E%D7%AA+%D7%A1%D7%93%D7%A8%D7%95%D7%AA&amp;video_data=%7B%22rating%22%3A+%220%22%2C+%22episode%22%3A+0%2C+%22title%22%3A+%22%5Cu05e8%5Cu05e9%5Cu05d9%5Cu05de%5Cu05ea+%5Cu05e1%5Cu05d3%5Cu05e8%5Cu05d5%5Cu05ea%22%2C+%22season%22%3A+0%2C+%22TVshowtitle%22%3A+%22%22%2C+%22mediatype%22%3A+%22movie%22%2C+%22plot%22%3A+%22Lists%22%2C+%22OriginalTitle%22%3A+%22+%22%2C+%22Tag%22%3A+%22114%22%2C+%22id%22%3A+%22+%22%7D",return)</action>
	</shortcut>
	<shortcut>
		<defaultID />
		<label>מעקב סדרות</label>
		<label2>פריטים מותאמים אישית</label2>
		<icon>DefaultShortcut.png</icon>
		<thumb />
		<action>ActivateWindow(Videos,"plugin://plugin.video.mando/?mode=145&amp;dates=+&amp;episode=+&amp;description=History&amp;all_w=%7B%7D&amp;show_original_year=+&amp;fanart=https%3A%2F%2Fbrewminate.com%2Fwp-content%2Fuploads%2F2020%2F02%2FGeorgeThompsonTeachingHistory01.png&amp;heb_name=+&amp;iconimage=C%3A%5CUsers%5Cneta%5CAppData%5CRoaming%5CKodi%5Caddons%5Cplugin.video.mando%5Cresources%5Cartwork%2Ftracker.png&amp;original_title=+&amp;eng_name=+&amp;data=+&amp;url=tv&amp;fav_status=false&amp;tmdbid=+&amp;season=+&amp;isr=0&amp;last_id=&amp;image_master=&amp;id=+&amp;name=%D7%9E%D7%A2%D7%A7%D7%91+%D7%A1%D7%93%D7%A8%D7%95%D7%AA&amp;video_data=%7B%22rating%22%3A+%220%22%2C+%22episode%22%3A+0%2C+%22title%22%3A+%22%5Cu05de%5Cu05e2%5Cu05e7%5Cu05d1+%5Cu05e1%5Cu05d3%5Cu05e8%5Cu05d5%5Cu05ea%22%2C+%22season%22%3A+0%2C+%22TVshowtitle%22%3A+%22%22%2C+%22mediatype%22%3A+%22movie%22%2C+%22plot%22%3A+%22History%22%2C+%22OriginalTitle%22%3A+%22+%22%2C+%22Tag%22%3A+%223%22%2C+%22id%22%3A+%22+%22%7D",return)</action>
	</shortcut>
	<shortcut>
		<defaultID />
		<label>סדרות טלמדיה</label>
		<label2>פריטים מותאמים אישית</label2>
		<icon>DefaultShortcut.png</icon>
		<thumb />
		<action>ActivateWindow(Videos,"plugin://plugin.video.telemedia/?mode=18&amp;name=ז'אנר&amp;image_master=&amp;heb_name= &amp;last_id=&amp;dates= &amp;data= &amp;original_title= &amp;id= &amp;season= &amp;episode= &amp;tmdbid= &amp;eng_name= &amp;show_original_year= &amp;isr=0&amp;fanart=https%3A%2F%2Fconsequenceofsound.net%2Fwp-content%2Fuploads%2F2019%2F11%2FCoS_2010sDecades-TVShows.jpg%3Fquality%3D80&amp;url=http%3A%2F%2Fapi.themoviedb.org%2F3%2Fgenre%2Ftv%2Flist%3Fapi_key%3D34142515d9d23817496eeb4ff1d223d0%26language%3Dhe%26page%3D1&amp;iconimage=special%3A%2F%2Fhome%2Faddons%2Fplugin.video.telemedia%2Ftele%2FTv_Show%2Fgenre.png&amp;description=TMDB&amp;fav_status=false&amp;groups_id=0",return)</action>
	</shortcut>
	<shortcut>
		<defaultID />
		<label>חפש</label>
		<label2>פריטים מותאמים אישית</label2>
		<icon>DefaultShortcut.png</icon>
		<thumb />
		<action>ActivateWindow(Videos,"plugin://plugin.video.mando/?mode=14&amp;dates=+&amp;episode=+&amp;description=TMDB&amp;all_w=%7B%7D&amp;show_original_year=+&amp;fanart=https%3A%2F%2Fsearchengineland.com%2Ffigz%2Fwp-content%2Fseloads%2F2017%2F12%2Fcompare-seo-ss-1920-800x450.jpg&amp;heb_name=+&amp;iconimage=C%3A%5CUsers%5Cneta%5CAppData%5CRoaming%5CKodi%5Caddons%5Cplugin.video.mando%5Cresources%5Cartwork%2Fsearch.png&amp;original_title=+&amp;eng_name=+&amp;data=+&amp;url=http%3A%2F%2Fapi.themoviedb.org%2F3%2Fsearch%2Ftv%3Fapi_key%3D34142515d9d23817496eeb4ff1d223d0%26query%3D%25s%26language%3Dhe%26page%3D1&amp;fav_status=false&amp;tmdbid=+&amp;season=+&amp;isr=0&amp;last_id=&amp;image_master=&amp;id=+&amp;name=%D7%97%D7%99%D7%A4%D7%95%D7%A9&amp;video_data=%7B%22rating%22%3A+%220%22%2C+%22episode%22%3A+0%2C+%22title%22%3A+%22%5Cu05d7%5Cu05d9%5Cu05e4%5Cu05d5%5Cu05e9%22%2C+%22season%22%3A+0%2C+%22TVshowtitle%22%3A+%22%22%2C+%22mediatype%22%3A+%22movie%22%2C+%22plot%22%3A+%22TMDB%22%2C+%22OriginalTitle%22%3A+%22+%22%2C+%22Tag%22%3A+%223%22%2C+%22id%22%3A+%22+%22%7D",return)</action>
	</shortcut>
</shortcuts>
