<?xml version='1.0' encoding='UTF-8'?>
<shortcuts>
	<shortcut>
		<defaultID />
		<label>סרטים מדיה סנטר</label>
		<label2>פריטים מותאמים אישית</label2>
		<icon>DefaultShortcut.png</icon>
		<thumb />
		<action>ActivateWindow(Videos,"plugin://plugin.video.My.Music/?url=movies&amp;mode=5&amp;name=movies&amp;iconimage=&amp;fanart=&amp;description=+&amp;count=0&amp;page=&amp;cat_level= &amp;index_depth=0&amp;selected_list= &amp;lang=eng",return)</action>
	</shortcut>
	<shortcut>
		<defaultID />
		<label>סגנונות</label>
		<label2>פריטים מותאמים אישית</label2>
		<icon>DefaultShortcut.png</icon>
		<thumb />
		<action>ActivateWindow(Videos,"plugin://plugin.video.theoath/?action=movieGenres",return)</action>
	</shortcut>
	<shortcut>
		<defaultID />
		<label>[COLOR aqua]סרטים טלמדיה[/COLOR]</label>
		<label2>פריטים מותאמים אישית</label2>
		<icon>DefaultShortcut.png</icon>
		<thumb />
		<action>Control.SetFocus(9008)</action>
	</shortcut>
	<shortcut>
		<defaultID />
		<label>[COLOR lime]וידג'ט הזהב 2011-2015[/COLOR]</label>
		<label2>פריטים מותאמים אישית</label2>
		<icon>DefaultShortcut.png</icon>
		<thumb />
		<action>ActivateWindow(6003)</action>
	</shortcut>
	<shortcut>
		<defaultID />
		<label>[COLOR lime]וידג'ט הזהב 2016-2020[/COLOR]</label>
		<label2>פריטים מותאמים אישית</label2>
		<icon>DefaultShortcut.png</icon>
		<thumb />
		<action>ActivateWindow(6006)</action>
	</shortcut>
	<shortcut>
		<defaultID />
		<label>[COLOR lime]וידג'ט הזהב ישראלי[/COLOR]</label>
		<label2>פריטים מותאמים אישית</label2>
		<icon>DefaultShortcut.png</icon>
		<thumb />
		<action>ActivateWindow(6005)</action>
	</shortcut>
	<shortcut>
		<defaultID />
		<label>[COLOR lime]וידג'ט הזהב סרטים אחרונים[/COLOR]</label>
		<label2>פריטים מותאמים אישית</label2>
		<icon>DefaultShortcut.png</icon>
		<thumb />
		<action>ActivateWindow(6007)</action>
	</shortcut>
	<shortcut>
		<defaultID />
		<label>גוסט סרטים ישראלים</label>
		<label2>פריטים מותאמים אישית</label2>
		<icon>DefaultShortcut.png</icon>
		<thumb />
		<action>ActivateWindow(Videos,"plugin://plugin.video.FlashTV/?url=%D7%A1%D7%A8%D7%98%D7%99%D7%9D%D7%A1%D7%A8%D7%98%D7%99%D7%9D+%D7%99%D7%A9%D7%A8%D7%90%D7%9C%D7%99%D7%9D&amp;mode=5&amp;name=%D7%A1%D7%A8%D7%98%D7%99%D7%9D+%D7%99%D7%A9%D7%A8%D7%90%D7%9C%D7%99%D7%9D&amp;iconimage=https%3A%2F%2Fkcat123.github.io%2FFTV%2FImages%2FMovies-IL.jpg&amp;fanart=&amp;description=+&amp;count=0&amp;page=&amp;cat_level= &amp;index_depth=0&amp;selected_list= &amp;lang=eng",return)</action>
	</shortcut>
	<shortcut>
		<defaultID />
		<label>צי'קו סרטים ישראלים</label>
		<label2>פריטים מותאמים אישית</label2>
		<icon>DefaultShortcut.png</icon>
		<thumb />
		<action>ActivateWindow(Videos,"plugin://plugin.video.CHICCO/?url=%D7%A1%D7%A8%D7%98%D7%99%D7%9D%D7%A1%D7%A8%D7%98%D7%99%D7%9D+%D7%99%D7%A9%D7%A8%D7%90%D7%9C%D7%99%D7%9D&amp;mode=5&amp;name=%D7%A1%D7%A8%D7%98%D7%99%D7%9D+%D7%99%D7%A9%D7%A8%D7%90%D7%9C%D7%99%D7%9D&amp;iconimage=http%3A%2F%2Fimages.peer5.net%2Fimages%2Fb%2Fshowphoto_773.jpg&amp;fanart=http%3A%2F%2Fimages.peer5.net%2Fimages%2Fb%2Fshowphoto_773.jpg&amp;description=+&amp;count=0&amp;page=&amp;cat_level= &amp;index_depth=0&amp;selected_list= &amp;lang=eng",return)</action>
	</shortcut>
	<shortcut>
		<defaultID />
		<label>לפי שנים</label>
		<label2>פריטים מותאמים אישית</label2>
		<icon>DefaultShortcut.png</icon>
		<thumb />
		<action>ActivateWindow(Videos,"plugin://plugin.video.theoath/?action=movieYears",return)</action>
	</shortcut>
	<shortcut>
		<defaultID />
		<label>בקולנוע</label>
		<label2>פריטים מותאמים אישית</label2>
		<icon>DefaultShortcut.png</icon>
		<thumb />
		<action>ActivateWindow(Videos,"plugin://plugin.video.theoath/?action=movies&amp;url=theaters",return)</action>
	</shortcut>
	<shortcut>
		<defaultID />
		<label>סרטים חדשים</label>
		<label2>פריטים מותאמים אישית</label2>
		<icon>DefaultShortcut.png</icon>
		<thumb />
		<action>ActivateWindow(Videos,"plugin://plugin.video.theoath/?action=movieWidget",return)</action>
	</shortcut>
</shortcuts>
