<?xml version='1.0' encoding='UTF-8'?>
<shortcuts>
	<shortcut>
		<defaultID />
		<label>סרטים מסך ראשי 1</label>
		<label2>פריטים מותאמים אישית</label2>
		<icon>DefaultShortcut.png</icon>
		<thumb />
		<action>ActivateWindow(Videos,"plugin://plugin.video.telemedia/?mode=31&amp;name=[COLOR khaki]מדיה סנטר מסך ראשי 1[/COLOR]&amp;image_master=&amp;heb_name= &amp;last_id=&amp;dates= &amp;data=-1001393275322&amp;original_title= &amp;id= &amp;season= &amp;episode= &amp;tmdbid= &amp;eng_name= &amp;show_original_year= &amp;isr=0&amp;fanart=&amp;url=-1001393275322&amp;iconimage=&amp;description=%0Afrom_plot&amp;fav_status=false&amp;groups_id=0",return)</action>
	</shortcut>
	<shortcut>
		<defaultID />
		<label>סרטים מסך ראשי 2</label>
		<label2>פריטים מותאמים אישית</label2>
		<icon>DefaultShortcut.png</icon>
		<thumb />
		<action>ActivateWindow(Videos,"plugin://plugin.video.telemedia/?mode=31&amp;name=[COLOR khaki]מדיה סנטר מסך ראשי 2[/COLOR]&amp;image_master=&amp;heb_name= &amp;last_id=&amp;dates= &amp;data=-1001327795796&amp;original_title= &amp;id= &amp;season= &amp;episode= &amp;tmdbid= &amp;eng_name= &amp;show_original_year= &amp;isr=0&amp;fanart=&amp;url=-1001327795796&amp;iconimage=&amp;description=%D7%9E%D7%93%D7%99%D7%94+%D7%A1%D7%A0%D7%98%D7%A8+%D7%9E%D7%A1%D7%9A+%D7%A8%D7%90%D7%A9%D7%99+2%0Afrom_plot&amp;fav_status=false&amp;groups_id=0",return)</action>
	</shortcut>
	<shortcut>
		<defaultID />
		<label>סרטים מסך ראשי 3</label>
		<label2>פריטים מותאמים אישית</label2>
		<icon>DefaultShortcut.png</icon>
		<thumb />
		<action>ActivateWindow(Videos,"plugin://plugin.video.telemedia/?mode=31&amp;name=[COLOR khaki]מדיה סנטר מסך ראשי 3[/COLOR]&amp;image_master=&amp;heb_name= &amp;last_id=&amp;dates= &amp;data=-1001314267031&amp;original_title= &amp;id= &amp;season= &amp;episode= &amp;tmdbid= &amp;eng_name= &amp;show_original_year= &amp;isr=0&amp;fanart=&amp;url=-1001314267031&amp;iconimage=&amp;description=%D7%9E%D7%93%D7%99%D7%94+%D7%A1%D7%A0%D7%98%D7%A8+%D7%9E%D7%A1%D7%9A+%D7%A8%D7%90%D7%A9%D7%99+3%0Afrom_plot&amp;fav_status=false&amp;groups_id=0",return)</action>
	</shortcut>
	<shortcut>
		<defaultID />
		<label>סרטים מסך ראשי 4</label>
		<label2>פריטים מותאמים אישית</label2>
		<icon>DefaultShortcut.png</icon>
		<thumb />
		<action>ActivateWindow(Videos,"plugin://plugin.video.telemedia/?mode=31&amp;name=[COLOR khaki]מדיה סנטר מסך ראשי 4[/COLOR]&amp;image_master=&amp;heb_name= &amp;last_id=&amp;dates= &amp;data=-1001309863123&amp;original_title= &amp;id= &amp;season= &amp;episode= &amp;tmdbid= &amp;eng_name= &amp;show_original_year= &amp;isr=0&amp;fanart=&amp;url=-1001309863123&amp;iconimage=&amp;description=%D7%9E%D7%93%D7%99%D7%94+%D7%A1%D7%A0%D7%98%D7%A8+%D7%9E%D7%A1%D7%9A+%D7%A8%D7%90%D7%A9%D7%99+4%0Afrom_plot&amp;fav_status=false&amp;groups_id=0",return)</action>
	</shortcut>
	<shortcut>
		<defaultID />
		<label>ס.ישנים וחדשים 1</label>
		<label2>פריטים מותאמים אישית</label2>
		<icon>DefaultShortcut.png</icon>
		<thumb />
		<action>ActivateWindow(Videos,"plugin://plugin.video.telemedia/?mode=31&amp;name=[COLOR khaki]גוסט סרטים ישנים וחדשים[/COLOR]&amp;image_master=&amp;heb_name= &amp;last_id=&amp;dates= &amp;data=-1001445837176&amp;original_title= &amp;id= &amp;season= &amp;episode= &amp;tmdbid= &amp;eng_name= &amp;show_original_year= &amp;isr=0&amp;fanart=&amp;url=-1001445837176&amp;iconimage=&amp;description=%0Afrom_plot&amp;fav_status=false&amp;groups_id=0",return)</action>
	</shortcut>
	<shortcut>
		<defaultID />
		<label>ס.ישנים וחדשים 2</label>
		<label2>פריטים מותאמים אישית</label2>
		<icon>DefaultShortcut.png</icon>
		<thumb />
		<action>ActivateWindow(Videos,"plugin://plugin.video.telemedia/?mode=31&amp;name=[COLOR khaki]גוסט סרטים ישנים וחדשים 2[/COLOR]&amp;image_master=&amp;heb_name= &amp;last_id=&amp;dates= &amp;data=-1001210724865&amp;original_title= &amp;id= &amp;season= &amp;episode= &amp;tmdbid= &amp;eng_name= &amp;show_original_year= &amp;isr=0&amp;fanart=&amp;url=-1001210724865&amp;iconimage=&amp;description=%0Afrom_plot&amp;fav_status=false&amp;groups_id=0",return)</action>
	</shortcut>
	<shortcut>
		<defaultID />
		<label>ס.ישנים וחדשים 3</label>
		<label2>פריטים מותאמים אישית</label2>
		<icon>DefaultShortcut.png</icon>
		<thumb />
		<action>ActivateWindow(Videos,"plugin://plugin.video.telemedia/?mode=31&amp;name=[COLOR khaki]גוסט סרטים ישנים וחדשים 3[/COLOR]&amp;image_master=&amp;heb_name= &amp;last_id=&amp;dates= &amp;data=-1001227376145&amp;original_title= &amp;id= &amp;season= &amp;episode= &amp;tmdbid= &amp;eng_name= &amp;show_original_year= &amp;isr=0&amp;fanart=&amp;url=-1001227376145&amp;iconimage=&amp;description=%0Afrom_plot&amp;fav_status=false&amp;groups_id=0",return)</action>
	</shortcut>
	<shortcut>
		<defaultID />
		<label>ס.ישנים וחדשים 4</label>
		<label2>פריטים מותאמים אישית</label2>
		<icon>DefaultShortcut.png</icon>
		<thumb />
		<action>ActivateWindow(Videos,"plugin://plugin.video.telemedia/?mode=31&amp;name=[COLOR khaki]גוסט סרטים ישנים וחדשים 4[/COLOR]&amp;image_master=&amp;heb_name= &amp;last_id=&amp;dates= &amp;data=-1001224686301&amp;original_title= &amp;id= &amp;season= &amp;episode= &amp;tmdbid= &amp;eng_name= &amp;show_original_year= &amp;isr=0&amp;fanart=&amp;url=-1001224686301&amp;iconimage=&amp;description=%0Afrom_plot&amp;fav_status=false&amp;groups_id=0",return)</action>
	</shortcut>
	<shortcut>
		<defaultID />
		<label>זירה מדיה סרטים</label>
		<label2>פריטים מותאמים אישית</label2>
		<icon>DefaultShortcut.png</icon>
		<thumb />
		<action>ActivateWindow(Videos,"plugin://plugin.video.telemedia/?mode=31&amp;name=[COLOR khaki]זירה מדיה - סרטים[/COLOR]&amp;image_master=&amp;heb_name= &amp;last_id=&amp;dates= &amp;data=-1001478524149&amp;original_title= &amp;id= &amp;season= &amp;episode= &amp;tmdbid= &amp;eng_name= &amp;show_original_year= &amp;isr=0&amp;fanart=C%3A%2FUsers%2Fneta%2FAppData%2FRoaming%2FKodi%2Fuserdata%2Faddon_data%2Fplugin.video.telemedia%2Flogo%2F-1001478524149_big.jpg&amp;url=-1001478524149&amp;iconimage=C%3A%2FUsers%2Fneta%2FAppData%2FRoaming%2FKodi%2Fuserdata%2Faddon_data%2Fplugin.video.telemedia%2Flogo%2F-1001478524149_small.jpg&amp;description=%22%D7%9E%D7%9C%D7%90%D7%9B%D7%99%D7%95%D7%AA+%D7%9E%D7%91%D7%A8%D7%96%D7%9C%22+-+2004%0A%0A%D7%90%D7%99%D7%9B%D7%95%D7%AA%3A+1080p+WEB-DL.+%F0%9F%98%8D+%0A%D7%93%D7%99%D7%A8%D7%95%D7%92+IMDb+%D7%9C%D7%A1%D7%A8%D7%98%3A+7.5+%E2%AD%90%EF%B8%8F%0A%D7%96%27%D7%90%D7%A0%D7%A8%3A+%23%D7%93%D7%A8%D7%9E%D7%94+%23%D7%94%D7%99%D7%A1%D7%98%D7%95%D7%A8%D7%99%D7%94+%23%D7%91%D7%99%D7%95%D7%92%D7%A8%D7%A4%D7%99%D7%94+%0A%0A%F0%9F%93%9D+%D7%AA%D7%A7%D7%A6%D7%99%D7%A8%3A+%0A%D7%A1%D7%99%D7%A4%D7%95%D7%A8%D7%9F+%D7%A9%D7%9C+%D7%A7%D7%91%D7%95%D7%A6%D7%AA+%D7%A0%D7%A9%D7%99%D7%9D+%D7%A9%D7%94%D7%A0%D7%94%D7%99%D7%92%D7%95+%D7%9E%D7%90%D7%91%D7%A7+%D7%A2%D7%99%D7%A7%D7%A9+%D7%91%D7%A9%D7%A0%D7%AA+1912+%D7%9B%D7%93%D7%99+%D7%9C%D7%94%D7%A9%D7%99%D7%92+%D7%96%D7%9B%D7%95%D7%AA+%D7%94%D7%A6%D7%91%D7%A2%D7%94+%D7%9C%D7%A0%D7%A9%D7%99%D7%9D+%D7%91%D7%90%D7%A8%D7%A6%D7%95%D7%AA+%D7%94%D7%91%D7%A8%D7%99%D7%AA.+%0A%D7%94%D7%9F+%D7%9E%D7%A2%D7%A9%D7%A0%D7%95%D7%AA&amp;fav_status=false&amp;groups_id=0",return)</action>
	</shortcut>
	<shortcut>
		<defaultID />
		<label>חננאל סרטים</label>
		<label2>פריטים מותאמים אישית</label2>
		<icon>DefaultShortcut.png</icon>
		<thumb />
		<action>ActivateWindow(Videos,"plugin://plugin.video.telemedia/?mode=31&amp;name=[COLOR khaki]חננאל סרטים - ערוץ הסרטים[/COLOR]&amp;image_master=&amp;heb_name= &amp;last_id=&amp;dates= &amp;data=-1001311322186&amp;original_title= &amp;id= &amp;season= &amp;episode= &amp;tmdbid= &amp;eng_name= &amp;show_original_year= &amp;isr=0&amp;fanart=C%3A%2FUsers%2Fneta%2FAppData%2FRoaming%2FKodi%2Fuserdata%2Faddon_data%2Fplugin.video.telemedia%2Flogo%2F-1001311322186_big.jpg&amp;url=-1001311322186&amp;iconimage=C%3A%2FUsers%2Fneta%2FAppData%2FRoaming%2FKodi%2Fuserdata%2Faddon_data%2Fplugin.video.telemedia%2Flogo%2F-1001311322186_small.jpg&amp;description=%D7%91%D7%9C%D7%A2%D7%93%D7%99+%D7%9C%D7%97%D7%A0%D7%A0%D7%90%D7%9C+%D7%A1%D7%A8%D7%98%D7%99%D7%9D%E2%9D%97%F0%9F%93%A2%E2%9D%97%0A%0A%D7%97%D7%93%D7%A9%D7%95%D7%AA+%D7%94%D7%A2%D7%95%D7%9C%D7%9D+%D7%94%D7%92%D7%93%D7%95%D7%9C+-+2020.%0ANews+of+the+World%0A%0A%D7%AA%D7%A8%D7%92%D7%95%D7%9D+%D7%9E%D7%95%D7%91%D7%A0%D7%94.%F0%9F%92%AC%0A%D7%90%D7%99%D7%9B%D7%95%D7%AA%3A+WEBRip+++720p+WEBRip.+%F0%9F%98%8D%0A%D7%96%27%D7%90%D7%A0%D7%A8%3A+%23%D7%90%D7%A7%D7%A9%D7%9F+%23%D7%94%D7%A8%D7%A4%D7%AA%D7%A7%D7%90%D7%94+%23%D7%93%D7%A8%D7%9E%D7%94+%0A%0A%D7%AA%D7%A7%D7%A6%D7%99%D7%A8%3A%0A%D7%91%D7%95%D7%92%D7%A8+%D7%9E%D7%9C%D7%97%D7%9E%D7%AA+%D7%94%D7%90%D7%96%D7%A8%D7%97%D7%99%D7%9D+%28%D7%98%D7%95%D7%9D+%D7%94%D7%A0%D7%A7%D7%A1%29+%D7%9E%D7%A1%D7%9B%D7%99%D7%9D+%D7%9C%D7%9C%D7%95%D7%95%D7%AA+%D7%99%D7%9C%D7%93%D7%94&amp;fav_status=false&amp;groups_id=0",return)</action>
	</shortcut>
	<shortcut>
		<defaultID />
		<label>קולנוע צרפתי</label>
		<label2>פריטים מותאמים אישית</label2>
		<icon>DefaultShortcut.png</icon>
		<thumb />
		<action>ActivateWindow(Videos,"plugin://plugin.video.telemedia/?mode=31&amp;name=[COLOR lightblue]קולנוע צרפתי - שלום סרטים[/COLOR]&amp;image_master=&amp;heb_name= &amp;last_id=&amp;dates= &amp;data=-1001377606580&amp;original_title= &amp;id= &amp;season= &amp;episode= &amp;tmdbid= &amp;eng_name= &amp;show_original_year= &amp;isr=0&amp;fanart=C%3A%2FUsers%2Fneta%2FAppData%2FRoaming%2FKodi%2Fuserdata%2Faddon_data%2Fplugin.video.telemedia%2Flogo%2F-1001377606580_big.jpg&amp;url=-1001377606580&amp;iconimage=C%3A%2FUsers%2Fneta%2FAppData%2FRoaming%2FKodi%2Fuserdata%2Faddon_data%2Fplugin.video.telemedia%2Flogo%2F-1001377606580_small.jpg&amp;description=%D7%A7%D7%95%D7%9C%D7%A0%D7%95%D7%A2+%D7%A6%D7%A8%D7%A4%D7%AA%D7%99+-+%D7%A9%D7%9C%D7%95%D7%9D+%D7%A1%D7%A8%D7%98%D7%99%D7%9D%0Afrom_plot&amp;fav_status=false&amp;groups_id=0",return)</action>
	</shortcut>
	<shortcut>
		<defaultID />
		<label>סרטים זרים</label>
		<label2>פריטים מותאמים אישית</label2>
		<icon>DefaultShortcut.png</icon>
		<thumb />
		<action>ActivateWindow(Videos,"plugin://plugin.video.telemedia/?mode=31&amp;name=[COLOR khaki]סרטים זרים[/COLOR]&amp;image_master=&amp;heb_name= &amp;last_id=&amp;dates= &amp;data=-1001216512601&amp;original_title= &amp;id= &amp;season= &amp;episode= &amp;tmdbid= &amp;eng_name= &amp;show_original_year= &amp;isr=0&amp;fanart=C%3A%2FUsers%2Fneta%2FAppData%2FRoaming%2FKodi%2Fuserdata%2Faddon_data%2Fplugin.video.telemedia%2Flogo%2F-1001216512601_big.jpg&amp;url=-1001216512601&amp;iconimage=C%3A%2FUsers%2Fneta%2FAppData%2FRoaming%2FKodi%2Fuserdata%2Faddon_data%2Fplugin.video.telemedia%2Flogo%2F-1001216512601_small.jpg&amp;description=+&amp;fav_status=false&amp;groups_id=0",return)</action>
	</shortcut>
	<shortcut>
		<defaultID />
		<label>Gramovies סרטים</label>
		<label2>פריטים מותאמים אישית</label2>
		<icon>DefaultShortcut.png</icon>
		<thumb />
		<action>ActivateWindow(Videos,"plugin://plugin.video.telemedia/?mode=31&amp;name=[COLOR khaki]סרטים 2020 • Gramovies • ערוץ הסרטים[/COLOR]&amp;image_master=&amp;heb_name= &amp;last_id=&amp;dates= &amp;data=-1001243201487&amp;original_title= &amp;id= &amp;season= &amp;episode= &amp;tmdbid= &amp;eng_name= &amp;show_original_year= &amp;isr=0&amp;fanart=C%3A%2FUsers%2Fneta%2FAppData%2FRoaming%2FKodi%2Fuserdata%2Faddon_data%2Fplugin.video.telemedia%2Flogo%2F-1001243201487_big.jpg&amp;url=-1001243201487&amp;iconimage=C%3A%2FUsers%2Fneta%2FAppData%2FRoaming%2FKodi%2Fuserdata%2Faddon_data%2Fplugin.video.telemedia%2Flogo%2F-1001243201487_small.jpg&amp;description=%F0%9F%93%BD+%F0%9D%90%86%F0%9D%90%AB%F0%9D%90%9A%F0%9D%90%8C%F0%9D%90%A8%F0%9D%90%AF%F0%9D%90%A2%F0%9D%90%9E%F0%9D%90%AC+-+%D7%A1%D7%A8%D7%98%D7%99%D7%9D+%F0%9F%93%BD%0A%0A%F0%9F%94%BB+%D7%AA%D7%99%D7%91%D7%AA+%D7%94%D7%99%D7%A9%D7%A8%D7%93%D7%95%D7%AA+%2F+Survival+Box%0A%0A%F0%9F%97%93+%D7%A9%D7%A0%D7%AA+%D7%99%D7%A6%D7%99%D7%90%D7%94%3A+2018+%0A%0A%F0%9F%94%BA+%D7%96%27%D7%90%D7%A0%D7%A8%3A+%D7%9E%D7%95%D7%AA%D7%97%D7%9F+%0A%F0%9F%8E%9E+%E2%94%81%E2%94%81%E2%94%81%E2%94%81%E2%94%81%E2%94%81%E2%94%81%E2%94%81%E2%94%81%E2%94%81+%F0%9F%8E%9E+%0A%F0%9F%93%BA+%D7%90%D7%99%D7%9B%D7%95%D7%AA%3A+WEBDL+-+1080p%0A%0A%D7%AA%D7%A8%D7%92%D7%95%D7%9D+%D7%9E%D7%95%D7%91%D7%A0%D7%94%F0%9F%92%AC%0A%F0%9F%8E%9E+%E2%94%81%E2%94%81%E2%94%81%E2%94%81%E2%94%81%E2%94%81%E2%94%81%E2%94%81%E2%94%81%E2%94%81+%F0%9F%8E%9E+%0A%E2%9C%8D%EF%B8%8F+%27%D7%AA%D7%A7%D7%A6%D7%99%D7%A8%27+%0A%D7%AA%D7%A7%D7%A6%D7%99%D7%A8%3A+%D7%A9%D7%91%D7%A2+%D7%91%D7%A0%D7%99+%D7%A0%D7%95%D7%A2%D7%A8.+%D7%97%D7%9E%D7%99%D7%A9%D7%94+%D7%97%D7%95%D7%93%D7%A9%D7%99%D7%9D.+%D7%A2%D7%A9%D7%A8%D7%99%D7%9D+%D7%A8%D7%92%D7%9C+%D7%9E%D7%AA%D7%97%D7%AA+%D7%9C%D7%90%D7%93%D7%9E%D7%94.+%D7%90%D7%99%D7%9F+%D7%99%D7%A6%D7%99%D7%90%D7%94.+%D7%A1%D7%99%D7%A4%D7%95%D7%A8%D7%9D+%D7%94%D7%9E%D7%A8%D7%AA%D7%A7+%D7%A9%D7%9C+%D7%A7%D7%95%D7%9E%D7%A5+%D7%99%D7%9C%D7%93%D7%99+%D7%AA%D7%99%D7%9B%D7%95%D7%9F+%D7%A9%D7%A0%D7%9C%D7%9B%D7%93%D7%95+%D7%91%D7%91%D7%95%D7%A0%D7%A7%D7%A8+%D7%91%D7%97%D7%A6%D7%A8+%D7%94%D7%90%D7%97%D7%95%D7%A8%D7%99%D7%AA+%D7%A9%D7%9C+%D7%9E%D7%A9%D7%A4%D7%97%D7%AA+%D7%A4%D7%99%D7%9C%D7%93%D7%9C%D7%A4%D7%99%D7%94.%0A%0A%F0%9F%8E%9E+%E2%94%81%E2%94%81%E2%94%81%E2%94%81%E2%94%81%E2%94%81%E2%94%81%E2%94%81%E2%94%81%E2%94%81+%F0%9F%8E%9E+%0A%0A%F0%9F%93%A4+%D7%94%D7%95%D7%A2%D7%9C%D7%94+%D7%A2%22%D7%99+%D7%A6%D7%95%D7%95%D7%AA+GraMovieS+%F0%9F%94%9D%0A%F0%9F%93%8C+%D7%A6%D7%A4%D7%99%D7%99%D7%94+%D7%A0%D7%A2%D7%99%D7%9E%D7%94+%F0%9F%98%8D%0A%E2%80%94%E2%80%94%E2%80%94%E2%80%94%E2%80%94%E2%80%94%E2%80%94%E2%80%94%E2%80%94%E2%80%94%E2%80%94%E2%80%94%E2%80%94%E2%80%94%E2%80%94%E2%80%94%E2%80%94%0A%E2%80%A2+%D7%9C%D7%A6%D7%99%D7%A8%D7%95%D7%A3%3A+%40Gramovies+%F0%9F%94%A5%0A%E2%80%A2+%D7%9C%D7%94%D7%A2%D7%93%D7%9B%D7%95%D7%A0%D7%99%D7%9D%3A+%40Gramovies_idkonim+%F0%9F%93%A3%0A%E2%80%A2+%D7%9C%D7%A7%D7%91%D7%95%D7%A6%D7%94+%D7%94%D7%9E%D7%A8%D7%9B%D7%96%D7%99%D7%AA%3A+%40Gramovies_Group+%F0%9F%91%A5%0Afrom_plot&amp;fav_status=false&amp;groups_id=0",return)</action>
	</shortcut>
	<shortcut>
		<defaultID />
		<label>סרטי דרמה רומנטיקה</label>
		<label2>פריטים מותאמים אישית</label2>
		<icon>DefaultShortcut.png</icon>
		<thumb />
		<action>ActivateWindow(Videos,"plugin://plugin.video.telemedia/?mode=31&amp;name=[COLOR khaki]סרטי דרמה / רומנטיקה[/COLOR]&amp;image_master=&amp;heb_name= &amp;last_id=&amp;dates= &amp;data=-1001221056841&amp;original_title= &amp;id= &amp;season= &amp;episode= &amp;tmdbid= &amp;eng_name= &amp;show_original_year= &amp;isr=0&amp;fanart=C%3A%2FUsers%2Fneta%2FAppData%2FRoaming%2FKodi%2Fuserdata%2Faddon_data%2Fplugin.video.telemedia%2Flogo%2F-1001221056841_big.jpg&amp;url=-1001221056841&amp;iconimage=C%3A%2FUsers%2Fneta%2FAppData%2FRoaming%2FKodi%2Fuserdata%2Faddon_data%2Fplugin.video.telemedia%2Flogo%2F-1001221056841_small.jpg&amp;description=%22%D7%A6%D7%95%D7%A6%D7%99%22+-+2005%0ATsotsi%0A%0A%D7%90%D7%99%D7%9B%D7%95%D7%AA%3A+720p+BluRay.+%F0%9F%98%8D%0A%D7%AA%D7%A8%D7%92%D7%95%D7%9D+%D7%9E%D7%95%D7%91%D7%A0%D7%94.+%F0%9F%92%AC%0A%D7%93%D7%99%D7%A8%D7%95%D7%92+IMDb+%D7%9C%D7%A1%D7%A8%D7%98%3A+7.2+%E2%AD%90%EF%B8%8F%0A%D7%96%27%D7%90%D7%A0%D7%A8%3A+%23%D7%93%D7%A8%D7%9E%D7%94+%23%D7%94%D7%A8%D7%A4%D7%AA%D7%A7%D7%90%D7%94+%23%D7%A4%D7%A9%D7%A2%0A%0A%F0%9F%93%9D%D7%AA%D7%A7%D7%A6%D7%99%D7%A8%3A+%0A%D7%A9%D7%99%D7%A9%D7%94+%D7%99%D7%9E%D7%99%D7%9D+%D7%91%D7%97%D7%99%D7%99%D7%95+%D7%A9%D7%9C+%D7%A6%D7%95%D7%A6%D7%99+%28%D7%9B%D7%99%D7%A0%D7%95%D7%99+%D7%9E%D7%A7%D7%95%D7%9E%D7%99+%D7%9C%D7%92%D7%A0%D7%92%D7%A1%D7%98%D7%A8%29&amp;fav_status=false&amp;groups_id=0",return)</action>
	</shortcut>
	<shortcut>
		<defaultID />
		<label>סרטים קלאסיים</label>
		<label2>פריטים מותאמים אישית</label2>
		<icon>DefaultShortcut.png</icon>
		<thumb />
		<action>ActivateWindow(Videos,"plugin://plugin.video.telemedia/?mode=31&amp;name=[COLOR khaki]ערוץ הסרטים הקלאסיים[/COLOR]&amp;image_master=&amp;heb_name= &amp;last_id=&amp;dates= &amp;data=-1001499066020&amp;original_title= &amp;id= &amp;season= &amp;episode= &amp;tmdbid= &amp;eng_name= &amp;show_original_year= &amp;isr=0&amp;fanart=C%3A%2FUsers%2Fneta%2FAppData%2FRoaming%2FKodi%2Fuserdata%2Faddon_data%2Fplugin.video.telemedia%2Flogo%2F-1001499066020_big.jpg&amp;url=-1001499066020&amp;iconimage=C%3A%2FUsers%2Fneta%2FAppData%2FRoaming%2FKodi%2Fuserdata%2Faddon_data%2Fplugin.video.telemedia%2Flogo%2F-1001499066020_small.jpg&amp;description=%0Afrom_plot&amp;fav_status=false&amp;groups_id=0",return)</action>
	</shortcut>
	<shortcut>
		<defaultID />
		<label>מ.סנטר סרטי טבע</label>
		<label2>פריטים מותאמים אישית</label2>
		<icon>DefaultShortcut.png</icon>
		<thumb />
		<action>ActivateWindow(Videos,"plugin://plugin.video.telemedia/?mode=31&amp;name=[COLOR khaki]מדיה סנטר סרטי טבע[/COLOR]&amp;image_master=&amp;heb_name= &amp;last_id=&amp;dates= &amp;data=-1001450055279&amp;original_title= &amp;id= &amp;season= &amp;episode= &amp;tmdbid= &amp;eng_name= &amp;show_original_year= &amp;isr=0&amp;fanart=&amp;url=-1001450055279&amp;iconimage=&amp;description=%D7%9E%D7%93%D7%99%D7%94+%D7%A1%D7%A0%D7%98%D7%A8+%D7%A1%D7%A8%D7%98%D7%99+%D7%98%D7%91%D7%A2%0Afrom_plot&amp;fav_status=false&amp;groups_id=0",return)</action>
	</shortcut>
</shortcuts>
