<?xml version='1.0' encoding='UTF-8'?>
<shortcuts>
	<shortcut>
		<defaultID />
		<label>הגדרות</label>
		<label2>פריטים מותאמים אישית</label2>
		<icon>DefaultShortcut.png</icon>
		<thumb>special://skin/extras/icons/settings-17-xxl.png</thumb>
		<action>ActivateWindow(Settings)</action>
	</shortcut>
	<shortcut>
		<defaultID />
		<label>טלמדיה</label>
		<label2>פריטים מותאמים אישית</label2>
		<icon>DefaultShortcut.png</icon>
		<thumb>special://skin/extras/icons/telegram-xxl.png</thumb>
		<action>ActivateWindow(Videos,"plugin://plugin.video.telemedia",return)</action>
	</shortcut>
	<shortcut>
		<defaultID />
		<label>ספורט HD</label>
		<label2>פריטים מותאמים אישית</label2>
		<icon>DefaultShortcut.png</icon>
		<thumb>special://skin/extras/icons/soccer-4-xxl.png</thumb>
		<action>ActivateWindow(Videos,"plugin://plugin.video.sporthdme",return)</action>
	</shortcut>
	<shortcut>
		<defaultID />
		<label>מועדפים</label>
		<label2>פריטים מותאמים אישית</label2>
		<icon>DefaultShortcut.png</icon>
		<thumb>special://skin/extras/icons/favourite.png</thumb>
		<action>ActivateWindow(Favourites)</action>
	</shortcut>
	<shortcut>
		<defaultID />
		<label>ריל דבריד</label>
		<label2>פריטים מותאמים אישית</label2>
		<icon>DefaultShortcut.png</icon>
		<thumb>special://skin/extras/icons/real_debrid.png</thumb>
		<action>RunPlugin(plugin://script.module.resolveurl/?mode=auth_rd,return)</action>
	</shortcut>
	<shortcut>
		<defaultID />
		<label>עדכן בילד</label>
		<label2>פריטים מותאמים אישית</label2>
		<icon>DefaultShortcut.png</icon>
		<thumb>special://skin/extras/icons/available-updates-xxl.png</thumb>
		<action>ActivateWindow(Programs,"plugin://plugin.program.Ghost/?mode=viewbuild&amp;name=+Pellucid+Premium+Ver+1",return)</action>
	</shortcut>
	<shortcut>
		<defaultID />
		<label>מצב שינה</label>
		<label2>פריטים מותאמים אישית</label2>
		<icon>DefaultShortcut.png</icon>
		<thumb>special://skin/extras/icons/sleeping-xxl.png</thumb>
		<action>Suspend</action>
	</shortcut>
	<shortcut>
		<defaultID />
		<label>יציאה</label>
		<label2>פריטים מותאמים אישית</label2>
		<icon>DefaultShortcut.png</icon>
		<thumb>special://skin/extras/icons/x-mark-3-xxl.png</thumb>
		<action>Quit</action>
	</shortcut>
</shortcuts>
