<?xml version='1.0' encoding='UTF-8'?>
<shortcuts>
	<shortcut>
		<defaultID />
		<label>סרטים מדיה סנטר</label>
		<label2>פריטים מותאמים אישית</label2>
		<icon>DefaultShortcut.png</icon>
		<thumb />
		<action>ActivateWindow(Videos,"plugin://plugin.video.My.Music/?url=movies&amp;mode=5&amp;name=movies&amp;iconimage=&amp;fanart=&amp;description=+&amp;count=0&amp;page=&amp;cat_level= &amp;index_depth=0&amp;selected_list= &amp;lang=eng",return)</action>
	</shortcut>
	<shortcut>
		<defaultID />
		<label>סגנונות</label>
		<label2>פריטים מותאמים אישית</label2>
		<icon>DefaultShortcut.png</icon>
		<thumb />
		<action>ActivateWindow(Videos,"plugin://plugin.video.theoath/?action=movieGenres",return)</action>
	</shortcut>
	<shortcut>
		<defaultID />
		<label>[COLOR aqua]סרטים טלמדיה[/COLOR]</label>
		<label2>פריטים מותאמים אישית</label2>
		<icon>DefaultShortcut.png</icon>
		<thumb />
		<action>ActivateWindow(6008)</action>
	</shortcut>
	<shortcut>
		<defaultID />
		<label>[COLOR lime]וידג'ט הזהב 2011-2015[/COLOR]</label>
		<label2>פריטים מותאמים אישית</label2>
		<icon>DefaultShortcut.png</icon>
		<thumb />
		<action>ActivateWindow(6003)</action>
	</shortcut>
	<shortcut>
		<defaultID />
		<label>[COLOR lime]וידג'ט הזהב 2016-2020[/COLOR]</label>
		<label2>פריטים מותאמים אישית</label2>
		<icon>DefaultShortcut.png</icon>
		<thumb />
		<action>ActivateWindow(6006)</action>
	</shortcut>
	<shortcut>
		<defaultID />
		<label>[COLOR lime]וידג'ט הזהב ישראלי[/COLOR]</label>
		<label2>פריטים מותאמים אישית</label2>
		<icon>DefaultShortcut.png</icon>
		<thumb />
		<action>ActivateWindow(6005)</action>
	</shortcut>
	<shortcut>
		<defaultID />
		<label>[COLOR lime]וידג'ט הזהב סרטים אחרונים[/COLOR]</label>
		<label2>פריטים מותאמים אישית</label2>
		<icon>DefaultShortcut.png</icon>
		<thumb />
		<action>ActivateWindow(6007)</action>
	</shortcut>
	<shortcut>
		<defaultID />
		<label>לפי שנים</label>
		<label2>פריטים מותאמים אישית</label2>
		<icon>DefaultShortcut.png</icon>
		<thumb />
		<action>ActivateWindow(Videos,"plugin://plugin.video.theoath/?action=movieYears",return)</action>
	</shortcut>
	<shortcut>
		<defaultID />
		<label>בקולנוע</label>
		<label2>פריטים מותאמים אישית</label2>
		<icon>DefaultShortcut.png</icon>
		<thumb />
		<action>ActivateWindow(Videos,"plugin://plugin.video.theoath/?action=movies&amp;url=theaters",return)</action>
	</shortcut>
	<shortcut>
		<defaultID />
		<label>סרטים חדשים</label>
		<label2>פריטים מותאמים אישית</label2>
		<icon>DefaultShortcut.png</icon>
		<thumb />
		<action>ActivateWindow(Videos,"plugin://plugin.video.theoath/?action=movieWidget",return)</action>
	</shortcut>
</shortcuts>
