{
    "access_manager": {
        "current_user": "0", 
        "developers": {}, 
        "last_origin": "plugin.video.youtube", 
        "users": {
            "0": {
                "access_token": "", 
                "id": "617ccc42c3fc4af892d4225790659190", 
                "last_key_hash": "3943d1d5bdf9fffc15cb10deb2928639", 
                "name": "Default", 
                "refresh_token": "", 
                "token_expires": -1, 
                "watch_history": "HL", 
                "watch_later": " WL"
            }
        }
    }
}