{"page":1,"total_results":1,"total_pages":1,"results":[{"popularity":10.543,"id":746957,"video":false,"vote_count":1,"vote_average":6,"title":"You've Got This","release_date":"2020-10-02","original_language":"es","original_title":"Ahí te encargo","genre_ids":[10749,35],"backdrop_path":"\/3elhhPDPSD3m0T0SQDJN00O6WhQ.jpg","adult":false,"overview":"An ad creative and a successful exec have a great marriage — until he wants to be a dad just as her star is rising. Then he brings someone new home.","poster_path":"\/2bN7DbfJHrgOAnGLRuQUmImDaqY.jpg"}]}