<?xml version='1.0' encoding='UTF-8'?>
<shortcuts>
	<shortcut>
		<defaultID>7</defaultID>
		<label>7</label>
		<label2>פריט תפריט נפוץ</label2>
		<icon>DefaultFolder.png</icon>
		<thumb>special://skin/extras/icons/blank.png</thumb>
		<action>ActivateWindow(FileManager)</action>
	</shortcut>
	<shortcut>
		<defaultID>24001</defaultID>
		<label>24001</label>
		<label2>הגדרות</label2>
		<icon>special://skin/extras/icons/addons.png</icon>
		<thumb>special://skin/extras/icons/blank.png</thumb>
		<action>ActivateWindow(AddonBrowser)</action>
	</shortcut>
	<shortcut>
		<defaultID>settings</defaultID>
		<label>10004</label>
		<label2>הגדרות</label2>
		<icon>special://skin/extras/icons/settings.png</icon>
		<thumb>special://skin/extras/icons/blank.png</thumb>
		<action>ActivateWindow(Settings)</action>
	</shortcut>
	<shortcut>
		<defaultID>programs</defaultID>
		<label>10001</label>
		<label2>תוכנות</label2>
		<icon>special://skin/extras/icons/addons.png</icon>
		<thumb>special://skin/extras/icons/blank.png</thumb>
		<action>ActivateWindow(Programs,Addons,return)</action>
	</shortcut>
	<shortcut>
		<defaultID>1036</defaultID>
		<label>1036</label>
		<label2>פריט תפריט נפוץ</label2>
		<icon>special://skin/extras/icons/favourites.png</icon>
		<thumb>special://skin/extras/icons/blank.png</thumb>
		<action>ActivateWindow(Favourites)</action>
	</shortcut>
	<shortcut>
		<defaultID>20183</defaultID>
		<label>20183</label>
		<label2>פקודת Kodi</label2>
		<icon>special://skin/extras/icons/power.png</icon>
		<thumb>special://skin/extras/icons/blank.png</thumb>
		<action>ReloadSkin()</action>
	</shortcut>
	<shortcut>
		<defaultID>colorwhite-hgdrtkhshbvnrd-color</defaultID>
		<label>הגדרת ריל דבריד</label>
		<label2>מועדף</label2>
		<icon>special://skin/extras/icons/files.png</icon>
		<thumb>special://skin/extras/icons/blank.png</thumb>
		<action>ActivateWindow(10001,"plugin://plugin.program.ghost/?mode=rdset",return)</action>
	</shortcut>
	<shortcut>
		<defaultID>13009</defaultID>
		<label>[COLOR red]יציאה[/COLOR]</label>
		<label2>פריטים מותאמים אישית</label2>
		<icon>special://skin/extras/icons/power.png</icon>
		<thumb>special://skin/extras/icons/blank.png</thumb>
		<action>ActivateWindow(10001,"plugin://plugin.close.kodi/?description&amp;fanart=C%3a%5cUsers%5cneta%5cAppData%5cRoaming%5cKodi%5caddons%5cplugin.close.kodi%5cfanart.jpg&amp;iconimage=C%3a%5cUsers%5cneta%5cAppData%5cRoaming%5cKodi%5caddons%5cplugin.close.kodi%5cresources%5cart%5cforce.png&amp;mode=4&amp;name=Insta%20Kill%20(Warning%20Kills%20The%20MediaCenter%20Instantly)&amp;url=fclose",return)</action>
	</shortcut>
</shortcuts>
