<?xml version='1.0' encoding='UTF-8'?>
<shortcuts>
	<shortcut>
		<defaultID>khyvthpl-hpsh-ymshlgryndlvvld</defaultID>
		<label>חיות הפלא: הפשעים של גרינדלוולד</label>
		<label2>מועדף</label2>
		<icon>special://skin/extras/icons/files.png</icon>
		<thumb>http://image.tmdb.org/t/p/original//rk3MgX33aQWmYdoPnaLFVBDmVVc.jpg</thumb>
		<action>PlayMedia("plugin://plugin.video.ghostpremium/?url=H4sIAAAAAAAEAO29B2AcSZYlJi9tynt%2FSvVK1%2BB0oQiAYBMk2JBAEOzBiM3mkuwdaUcjKasqgcplVmVdZhZAzO2dvPfee%2B%2B999577733ujudTif33%2F8%2FXGZkAWz2zkrayZ4hgKrIHz9%2BfB8%2FIuZtu2oe3b3b5PVlXt8bN3XWFovtohxPq8Xd3%2F3pg9%2F94QP%2B9yH%2Fex%2F%2FHh%2F%2F%2FvzHPv%2FB%2Fz484X93el8c83vHex6Mp7%2B%2F%2B%2BLhyXix2v%2BNk%2F8HfnIjJIcAAAA%3D&amp;mode=3&amp;name=%D7%97%D7%99%D7%95%D7%AA+%D7%94%D7%A4%D7%9C%D7%90%3A+%D7%94%D7%A4%D7%A9%D7%A2%D7%99%D7%9D+%D7%A9%D7%9C+%D7%92%D7%A8%D7%99%D7%A0%D7%93%D7%9C%D7%95%D7%95%D7%9C%D7%93&amp;description=לאחר שניוט סלמנדרה חושף את זהותו של הקוסם גלרט גרינדלוולד, גרינדלוולד נמלט מהכלא ומתחיל לאסוף את תומכיו על מנת להשמיד את כל נטולי הקסם, אלא שהיחיד שמסוגל לעצור אותו הוא ידידו הטוב, אלבוס דמבלדור. ניוט יוצא יחד עם דמבלדור להתעמת במכשף הרשע, אליהם יצטרפו למסע גם חבריו של ניוט: טינה, קוויני וג'ייקוב.&amp;data=%7B++%22originaltitle%22%3A+%22Fantastic+Beasts%3A+The+Crimes+of+Grindelwald++2018+%22%2C++%22title%22%3A+%22%D7%97%D7%99%D7%95%D7%AA+%D7%94%D7%A4%D7%9C%D7%90%3A+%D7%94%D7%A4%D7%A9%D7%A2%D7%99%D7%9D+%D7%A9%D7%9C+%D7%92%D7%A8%D7%99%D7%A0%D7%93%D7%9C%D7%95%D7%95%D7%9C%D7%93%22%2C++%22mediatype%22%3A+%22movie%22%2C++%22heb+title%22%3A+%22%D7%97%D7%99%D7%95%D7%AA+%D7%94%D7%A4%D7%9C%D7%90%3A+%D7%94%D7%A4%D7%A9%D7%A2%D7%99%D7%9D+%D7%A9%D7%9C+%D7%92%D7%A8%D7%99%D7%A0%D7%93%D7%9C%D7%95%D7%95%D7%9C%D7%93%22%2C++%22genre%22%3A+%22%D7%9E%D7%A9%D7%A4%D7%97%D7%94%2F%D7%A4%D7%A0%D7%98%D7%96%D7%99%D7%94%2F%D7%94%D7%A8%D7%A4%D7%AA%D7%A7%D7%90%D7%95%D7%AA%22%2C++%22rating%22%3A+%227%22%2C++%22director%22%3A+%22David+Yates%22%2C++%22plot%22%3A+%22%D7%9C%D7%90%D7%97%D7%A8+%D7%A9%D7%A0%D7%99%D7%95%D7%98+%D7%A1%D7%9C%D7%9E%D7%A0%D7%93%D7%A8%D7%94+%D7%97%D7%95%D7%A9%D7%A3+%D7%90%D7%AA+%D7%96%D7%94%D7%95%D7%AA%D7%95+%D7%A9%D7%9C+%D7%94%D7%A7%D7%95%D7%A1%D7%9D+%D7%92%D7%9C%D7%A8%D7%98+%D7%92%D7%A8%D7%99%D7%A0%D7%93%D7%9C%D7%95%D7%95%D7%9C%D7%93%2C+%D7%92%D7%A8%D7%99%D7%A0%D7%93%D7%9C%D7%95%D7%95%D7%9C%D7%93+%D7%A0%D7%9E%D7%9C%D7%98+%D7%9E%D7%94%D7%9B%D7%9C%D7%90+%D7%95%D7%9E%D7%AA%D7%97%D7%99%D7%9C+%D7%9C%D7%90%D7%A1%D7%95%D7%A3+%D7%90%D7%AA+%D7%AA%D7%95%D7%9E%D7%9B%D7%99%D7%95+%D7%A2%D7%9C+%D7%9E%D7%A0%D7%AA+%D7%9C%D7%94%D7%A9%D7%9E%D7%99%D7%93+%D7%90%D7%AA+%D7%9B%D7%9C+%D7%A0%D7%98%D7%95%D7%9C%D7%99+%D7%94%D7%A7%D7%A1%D7%9D%2C+%D7%90%D7%9C%D7%90+%D7%A9%D7%94%D7%99%D7%97%D7%99%D7%93+%D7%A9%D7%9E%D7%A1%D7%95%D7%92%D7%9C+%D7%9C%D7%A2%D7%A6%D7%95%D7%A8+%D7%90%D7%95%D7%AA%D7%95+%D7%94%D7%95%D7%90+%D7%99%D7%93%D7%99%D7%93%D7%95+%D7%94%D7%98%D7%95%D7%91%2C+%D7%90%D7%9C%D7%91%D7%95%D7%A1+%D7%93%D7%9E%D7%91%D7%9C%D7%93%D7%95%D7%A8.+%D7%A0%D7%99%D7%95%D7%98+%D7%99%D7%95%D7%A6%D7%90+%D7%99%D7%97%D7%93+%D7%A2%D7%9D+%D7%93%D7%9E%D7%91%D7%9C%D7%93%D7%95%D7%A8+%D7%9C%D7%94%D7%AA%D7%A2%D7%9E%D7%AA+%D7%91%D7%9E%D7%9B%D7%A9%D7%A3+%D7%94%D7%A8%D7%A9%D7%A2%2C+%D7%90%D7%9C%D7%99%D7%94%D7%9D+%D7%99%D7%A6%D7%98%D7%A8%D7%A4%D7%95+%D7%9C%D7%9E%D7%A1%D7%A2+%D7%92%D7%9D+%D7%97%D7%91%D7%A8%D7%99%D7%95+%D7%A9%D7%9C+%D7%A0%D7%99%D7%95%D7%98%3A+%D7%98%D7%99%D7%A0%D7%94%2C+%D7%A7%D7%95%D7%95%D7%99%D7%A0%D7%99+%D7%95%D7%92%2527%D7%99%D7%99%D7%A7%D7%95%D7%91.%22%2C++%22duration%22%3A+%220%22%2C++%22studios%22%3A+%22Warner+Bros.+Pictures%2FHeyday+Films%22%2C++%22writer%22%3A+%22J.K.+Rowling%22%2C++%22code%22%3A+%22tt4123430%22%2C++%22imdbnumber%22%3A+%22tt4123430%22%2C++%22imdb%22%3A+%22tt4123430%22%2C++%22tmdb%22%3A+%22338952%22%2C++%22votes%22%3A+%22106%2C371%22%2C++%22dateadded%22%3A+%222019-01-11+05%3A50%3A35%22%2C++%22trailer%22%3A+%228bYBOVWLNIs%22%2C++%22poster%22%3A+%22http%3A%2F%2Fimage.tmdb.org%2Ft%2Fp%2Foriginal%2F%2FwDN3FIcQQ1HI7mz1OOKYHSQtaiE.jpg%22%2C++%22icon%22%3A+%22http%3A%2F%2Fimage.tmdb.org%2Ft%2Fp%2Foriginal%2F%2Frk3MgX33aQWmYdoPnaLFVBDmVVc.jpg%22%2C++%22year%22%3A+%222018%22%7D&amp;index_depth=0&amp;lang=eng",return)</action>
	</shortcut>
	<shortcut>
		<defaultID>lyvvng-hrtsvn-ykvtgbvhh</defaultID>
		<label>אלי וונג: הרת אסון</label>
		<label2>מועדף</label2>
		<icon>special://skin/extras/icons/files.png</icon>
		<thumb>http://image.tmdb.org/t/p/original//iJbWS0fvvdFcqndb9L2wVk3qVIv.jpg</thumb>
		<action>PlayMedia("plugin://plugin.video.ghostpremium/?url=H4sIAAAAAAAEAO29B2AcSZYlJi9tynt%2FSvVK1%2BB0oQiAYBMk2JBAEOzBiM3mkuwdaUcjKasqgcplVmVdZhZAzO2dvPfee%2B%2B999577733ujudTif33%2F8%2FXGZkAWz2zkrayZ4hgKrIHz9%2BfB8%2FIuZtu2oe3b17dXU1rrNVMbssZnk1nlaLu5d3n%2F0%2B33348Pnp0%2B88%2FI2T%2Fwf%2BBANwKQAAAA%3D%3D&amp;mode=3&amp;name=%D7%90%D7%9C%D7%99+%D7%95%D7%95%D7%A0%D7%92%3A+%D7%94%D7%A8%D7%AA+%D7%90%D7%A1%D7%95%D7%9F+%5B%D7%90%D7%99%D7%9B%D7%95%D7%AA+%D7%92%D7%91%D7%95%D7%94%D7%94%5D&amp;description=שנתיים אחרי המופע המצליח 'בייבי קוברה', אלי וונג חוזרת עם בטן מלאה... על חיי הנישואין, על האימהות ועל האמת הקשה שמאחוריהם.&amp;data=%7B++%22originaltitle%22%3A+%22Ali+Wong%3A+Hard+Knock+Wife++2018+%22%2C++%22title%22%3A+%22%D7%90%D7%9C%D7%99+%D7%95%D7%95%D7%A0%D7%92%3A+%D7%94%D7%A8%D7%AA+%D7%90%D7%A1%D7%95%D7%9F%22%2C++%22mediatype%22%3A+%22movie%22%2C++%22heb+title%22%3A+%22%D7%90%D7%9C%D7%99+%D7%95%D7%95%D7%A0%D7%92%3A+%D7%94%D7%A8%D7%AA+%D7%90%D7%A1%D7%95%D7%9F%22%2C++%22genre%22%3A+%22%D7%A7%D7%95%D7%9E%D7%93%D7%99%D7%94%22%2C++%22rating%22%3A+%227%22%2C++%22director%22%3A+%22Jay+Karas%22%2C++%22plot%22%3A+%22%D7%A9%D7%A0%D7%AA%D7%99%D7%99%D7%9D+%D7%90%D7%97%D7%A8%D7%99+%D7%94%D7%9E%D7%95%D7%A4%D7%A2+%D7%94%D7%9E%D7%A6%D7%9C%D7%99%D7%97+%2527%D7%91%D7%99%D7%99%D7%91%D7%99+%D7%A7%D7%95%D7%91%D7%A8%D7%94%2527%2C+%D7%90%D7%9C%D7%99+%D7%95%D7%95%D7%A0%D7%92+%D7%97%D7%95%D7%96%D7%A8%D7%AA+%D7%A2%D7%9D+%D7%91%D7%98%D7%9F+%D7%9E%D7%9C%D7%90%D7%94...+%D7%A2%D7%9C+%D7%97%D7%99%D7%99+%D7%94%D7%A0%D7%99%D7%A9%D7%95%D7%90%D7%99%D7%9F%2C+%D7%A2%D7%9C+%D7%94%D7%90%D7%99%D7%9E%D7%94%D7%95%D7%AA+%D7%95%D7%A2%D7%9C+%D7%94%D7%90%D7%9E%D7%AA+%D7%94%D7%A7%D7%A9%D7%94+%D7%A9%D7%9E%D7%90%D7%97%D7%95%D7%A8%D7%99%D7%94%D7%9D.%22%2C++%22duration%22%3A+%220%22%2C++%22studios%22%3A+%22Comedy+Dynamics%22%2C++%22writer%22%3A+%22Ali+Wong%22%2C++%22code%22%3A+%22tt7410684%22%2C++%22imdbnumber%22%3A+%22tt7410684%22%2C++%22imdb%22%3A+%22tt7410684%22%2C++%22tmdb%22%3A+%22518045%22%2C++%22votes%22%3A+%222%2C105%22%2C++%22dateadded%22%3A+%222019-01-5+20%3A16%3A01%22%2C++%22trailer%22%3A+%226bB_XlzERp4%22%2C++%22poster%22%3A+%22http%3A%2F%2Fimage.tmdb.org%2Ft%2Fp%2Foriginal%2F%2FwCUZ7qOtRey7ZsZRDcdoHPm5RTr.jpg%22%2C++%22icon%22%3A+%22http%3A%2F%2Fimage.tmdb.org%2Ft%2Fp%2Foriginal%2F%2FiJbWS0fvvdFcqndb9L2wVk3qVIv.jpg%22%2C++%22year%22%3A+%222018%22%7D&amp;index_depth=0&amp;lang=eng",return)</action>
	</shortcut>
	<shortcut>
		<defaultID>ltsvdthvyb-ykvtgbvhh</defaultID>
		<label>לצוד את האויב</label>
		<label2>מועדף</label2>
		<icon>special://skin/extras/icons/files.png</icon>
		<thumb>http://image.tmdb.org/t/p/original//lBvGGE4pIAE9Y7OFOuZvhYDAChQ.jpg</thumb>
		<action>PlayMedia("plugin://plugin.video.ghostpremium/?url=H4sIAAAAAAAEAO29B2AcSZYlJi9tynt%2FSvVK1%2BB0oQiAYBMk2JBAEOzBiM3mkuwdaUcjKasqgcplVmVdZhZAzO2dvPfee%2B%2B999577733ujudTif33%2F8%2FXGZkAWz2zkrayZ4hgKrIHz9%2BfB8%2FIuZtu2oe3b1brfJlWWWz8bS6e37327%2F%2F71Osf%2FL3%2Fn3KnZ27Wfv6819U5j9x8ObNV6vdn%2Fju7%2FPi3f4vevedn6iyJw9enHx63D7Y%2Fc7nL6oX48Xby9%2Ftd%2Fvd4gCb02%2Fvv7h%2BcvLVzvHd4vd5O%2F%2F2m%2BlPvHz94vnp9MHDye765e9VXK2yX3TvzV7%2B1f5kVhZZM%2F%2B8A%2FDq6mpcZ6tidlnM8orALu5e3n32%2B3z51bOn337x4id%2B4S%2F6bHfnYGd18xunL3%2Fi936xf7wbeaPJ68u8vjdu6qwtFttFyS%2F97k8f%2FO4PT%2FDv8af8%2B33%2B997vzz92%2BItj%2BWPffaStHvK%2Fu%2BPFan%2BQOtnT9Zt3k09fvn5X3f32etnm9fbvVZRlXo%2F3dnYPxt8%2BGT%2FY21mNv%2F30VbEa%2F96XxdPx8cm97dOf%2FHL72%2Fnk9Xqy%2Fd3vfnf8RVUXT4vFzt64vRxnl8Vgb8vzbx%2FM2tnvU14ffHO9bRzf8Zt7ky%2BfPF%2F99E98g%2BPb2OODHzy4%2BrJ4dvqLFt9wj79x8v8Aj9kA5DIDAAA%3D&amp;mode=3&amp;name=%D7%9C%D7%A6%D7%95%D7%93+%D7%90%D7%AA+%D7%94%D7%90%D7%95%D7%99%D7%91+%5B%D7%90%D7%99%D7%9B%D7%95%D7%AA+%D7%92%D7%91%D7%95%D7%94%D7%94%5D&amp;description=ג'ו גלאס, קפטן צוללת אמריקאית, יוצא למשימת חילוץ שמטרתה לאתר צוללת אחרת שנקלעה למצוקה. בדרכם אל עבר הצוללת נקלעים גלאס והצוות שלו למצוד ימי של של מורדים רוסים המחזיקים בנשיא רוסיה כבן ערובה. פרוץ מלחמת עולם שלישית נראה קרוב מתמיד, ועל כתפיו של גלאס מונחת האחריות הכבדה למנוע אותה.&amp;data=%7B++%22originaltitle%22%3A+%22Hunter+Killer++2018+%22%2C++%22title%22%3A+%22%D7%9C%D7%A6%D7%95%D7%93+%D7%90%D7%AA+%D7%94%D7%90%D7%95%D7%99%D7%91%22%2C++%22mediatype%22%3A+%22movie%22%2C++%22heb+title%22%3A+%22%D7%9C%D7%A6%D7%95%D7%93+%D7%90%D7%AA+%D7%94%D7%90%D7%95%D7%99%D7%91%22%2C++%22genre%22%3A+%22%D7%90%D7%A7%D7%A9%D7%9F%2F%D7%9E%D7%95%D7%AA%D7%97%D7%9F%22%2C++%22rating%22%3A+%227%22%2C++%22director%22%3A+%22Donovan+Marsh%22%2C++%22plot%22%3A+%22%D7%92%2527%D7%95+%D7%92%D7%9C%D7%90%D7%A1%2C+%D7%A7%D7%A4%D7%98%D7%9F+%D7%A6%D7%95%D7%9C%D7%9C%D7%AA+%D7%90%D7%9E%D7%A8%D7%99%D7%A7%D7%90%D7%99%D7%AA%2C+%D7%99%D7%95%D7%A6%D7%90+%D7%9C%D7%9E%D7%A9%D7%99%D7%9E%D7%AA+%D7%97%D7%99%D7%9C%D7%95%D7%A5+%D7%A9%D7%9E%D7%98%D7%A8%D7%AA%D7%94+%D7%9C%D7%90%D7%AA%D7%A8+%D7%A6%D7%95%D7%9C%D7%9C%D7%AA+%D7%90%D7%97%D7%A8%D7%AA+%D7%A9%D7%A0%D7%A7%D7%9C%D7%A2%D7%94+%D7%9C%D7%9E%D7%A6%D7%95%D7%A7%D7%94.+%D7%91%D7%93%D7%A8%D7%9B%D7%9D+%D7%90%D7%9C+%D7%A2%D7%91%D7%A8+%D7%94%D7%A6%D7%95%D7%9C%D7%9C%D7%AA+%D7%A0%D7%A7%D7%9C%D7%A2%D7%99%D7%9D+%D7%92%D7%9C%D7%90%D7%A1+%D7%95%D7%94%D7%A6%D7%95%D7%95%D7%AA+%D7%A9%D7%9C%D7%95+%D7%9C%D7%9E%D7%A6%D7%95%D7%93+%D7%99%D7%9E%D7%99+%D7%A9%D7%9C+%D7%A9%D7%9C+%D7%9E%D7%95%D7%A8%D7%93%D7%99%D7%9D+%D7%A8%D7%95%D7%A1%D7%99%D7%9D+%D7%94%D7%9E%D7%97%D7%96%D7%99%D7%A7%D7%99%D7%9D+%D7%91%D7%A0%D7%A9%D7%99%D7%90+%D7%A8%D7%95%D7%A1%D7%99%D7%94+%D7%9B%D7%91%D7%9F+%D7%A2%D7%A8%D7%95%D7%91%D7%94.+%D7%A4%D7%A8%D7%95%D7%A5+%D7%9E%D7%9C%D7%97%D7%9E%D7%AA+%D7%A2%D7%95%D7%9C%D7%9D+%D7%A9%D7%9C%D7%99%D7%A9%D7%99%D7%AA+%D7%A0%D7%A8%D7%90%D7%94+%D7%A7%D7%A8%D7%95%D7%91+%D7%9E%D7%AA%D7%9E%D7%99%D7%93%2C+%D7%95%D7%A2%D7%9C+%D7%9B%D7%AA%D7%A4%D7%99%D7%95+%D7%A9%D7%9C+%D7%92%D7%9C%D7%90%D7%A1+%D7%9E%D7%95%D7%A0%D7%97%D7%AA+%D7%94%D7%90%D7%97%D7%A8%D7%99%D7%95%D7%AA+%D7%94%D7%9B%D7%91%D7%93%D7%94+%D7%9C%D7%9E%D7%A0%D7%95%D7%A2+%D7%90%D7%95%D7%AA%D7%94.%22%2C++%22duration%22%3A+%220%22%2C++%22studios%22%3A+%22Original+Film%2FG-BASE%2FMillennium+Films%2FHunter+Killer+Productions%2FHishow+Entertainment%2FSprocketHeads%2FTucker+Tooley+Entertainment%22%2C++%22writer%22%3A+%22George+Wallace%2FDon+Keith%2FPeter+Craig%2FJamie+Moss%2FArne+Schmidt%22%2C++%22code%22%3A+%22tt1846589%22%2C++%22imdbnumber%22%3A+%22tt1846589%22%2C++%22imdb%22%3A+%22tt1846589%22%2C++%22tmdb%22%3A+%22399402%22%2C++%22votes%22%3A+%2211%2C098%22%2C++%22dateadded%22%3A+%222018-12-30+10%3A17%3A12%22%2C++%22trailer%22%3A+%22XEm1M1UEjCA%22%2C++%22poster%22%3A+%22http%3A%2F%2Fimage.tmdb.org%2Ft%2Fp%2Foriginal%2F%2F6li27rYziFeLlOjQh0oPN8ZRCZD.jpg%22%2C++%22icon%22%3A+%22http%3A%2F%2Fimage.tmdb.org%2Ft%2Fp%2Foriginal%2F%2FlBvGGE4pIAE9Y7OFOuZvhYDAChQ.jpg%22%2C++%22year%22%3A+%222018%22%7D&amp;index_depth=0&amp;lang=eng",return)</action>
	</shortcut>
	<shortcut>
		<defaultID>khkmblylh-ykvtgbvhh</defaultID>
		<label>חכם בלילה</label>
		<label2>מועדף</label2>
		<icon>special://skin/extras/icons/files.png</icon>
		<thumb>http://image.tmdb.org/t/p/original//k4vmHRZ6KUsNYL2wjdbEbJHx7tG.jpg</thumb>
		<action>PlayMedia("plugin://plugin.video.ghostpremium/?url=H4sIAAAAAAAEAO29B2AcSZYlJi9tynt%2FSvVK1%2BB0oQiAYBMk2JBAEOzBiM3mkuwdaUcjKasqgcplVmVdZhZAzO2dvPfee%2B%2B999577733ujudTif33%2F8%2FXGZkAWz2zkrayZ4hgKrIHz9%2BfB8%2FIuZtu2oe3b1brfJlWWWz8bS6my8m%2Bezu7519Z%2FLk93r708eLq9%2Ftd%2Fvdhtt9dbbTPjs%2Bbx7MvvDaNW2dZ4tseVFRy8Xd87vNbJr%2FotnyPJu07fl0mt3dffrl1cGXzxc%2Fub7%2BwXfeXX158YO9119dPv9Fp2fFRfnq4ae%2F95Pjye%2B%2FeHu5CWjWTMt2slj9omx2nmXT8u6bxerT3e%2F8otPs6sHZq72f%2BL1%2Br1fV5bT48v5pe1Z88Z17D7LFwTsA%2FY2T%2FwdfVOHm%2BQAAAA%3D%3D&amp;mode=3&amp;name=%D7%97%D7%9B%D7%9D+%D7%91%D7%9C%D7%99%D7%9C%D7%94+%5B%D7%90%D7%99%D7%9B%D7%95%D7%AA+%D7%92%D7%91%D7%95%D7%94%D7%94%5D&amp;description=טדי, איש מכירות מצליח בחנות כלבו מקבל סוף סוף את הקידום הנחשק לו ייחל, אך למזלו הרע ביום למחרת, הוא מצית בטעות את החנות, העסק נסגר וטדי נשאר ללא עבודה. טדי, מנסה להשיג משרה טובה כדי להרשים את ארוסתו, אך מגלה שללא תעודת בגרות לא יוכל להתקבל לשום עבודה ראויה ונאלץ לחזור ללימודי ערב להשלמת בגרויות בבית הספר. לצערו של טדי, ולצערם של חבריו לכיתה, המורה שלהם, היא טיפוס שנוי במחלוקת, שמעבירה אותם סדרת חינוך קורעת מצחוק.&amp;data=%7B++%22originaltitle%22%3A+%22Night+School++2018+%22%2C++%22title%22%3A+%22%D7%97%D7%9B%D7%9D+%D7%91%D7%9C%D7%99%D7%9C%D7%94%22%2C++%22mediatype%22%3A+%22movie%22%2C++%22heb+title%22%3A+%22%D7%97%D7%9B%D7%9D+%D7%91%D7%9C%D7%99%D7%9C%D7%94%22%2C++%22genre%22%3A+%22%D7%A7%D7%95%D7%9E%D7%93%D7%99%D7%94%22%2C++%22rating%22%3A+%226%22%2C++%22director%22%3A+%22Malcolm+D.+Lee%22%2C++%22plot%22%3A+%22%D7%98%D7%93%D7%99%2C+%D7%90%D7%99%D7%A9+%D7%9E%D7%9B%D7%99%D7%A8%D7%95%D7%AA+%D7%9E%D7%A6%D7%9C%D7%99%D7%97+%D7%91%D7%97%D7%A0%D7%95%D7%AA+%D7%9B%D7%9C%D7%91%D7%95+%D7%9E%D7%A7%D7%91%D7%9C+%D7%A1%D7%95%D7%A3+%D7%A1%D7%95%D7%A3+%D7%90%D7%AA+%D7%94%D7%A7%D7%99%D7%93%D7%95%D7%9D+%D7%94%D7%A0%D7%97%D7%A9%D7%A7+%D7%9C%D7%95+%D7%99%D7%99%D7%97%D7%9C%2C+%D7%90%D7%9A+%D7%9C%D7%9E%D7%96%D7%9C%D7%95+%D7%94%D7%A8%D7%A2+%D7%91%D7%99%D7%95%D7%9D+%D7%9C%D7%9E%D7%97%D7%A8%D7%AA%2C+%D7%94%D7%95%D7%90+%D7%9E%D7%A6%D7%99%D7%AA+%D7%91%D7%98%D7%A2%D7%95%D7%AA+%D7%90%D7%AA+%D7%94%D7%97%D7%A0%D7%95%D7%AA%2C+%D7%94%D7%A2%D7%A1%D7%A7+%D7%A0%D7%A1%D7%92%D7%A8+%D7%95%D7%98%D7%93%D7%99+%D7%A0%D7%A9%D7%90%D7%A8+%D7%9C%D7%9C%D7%90+%D7%A2%D7%91%D7%95%D7%93%D7%94.+%D7%98%D7%93%D7%99%2C+%D7%9E%D7%A0%D7%A1%D7%94+%D7%9C%D7%94%D7%A9%D7%99%D7%92+%D7%9E%D7%A9%D7%A8%D7%94+%D7%98%D7%95%D7%91%D7%94+%D7%9B%D7%93%D7%99+%D7%9C%D7%94%D7%A8%D7%A9%D7%99%D7%9D+%D7%90%D7%AA+%D7%90%D7%A8%D7%95%D7%A1%D7%AA%D7%95%2C+%D7%90%D7%9A+%D7%9E%D7%92%D7%9C%D7%94+%D7%A9%D7%9C%D7%9C%D7%90+%D7%AA%D7%A2%D7%95%D7%93%D7%AA+%D7%91%D7%92%D7%A8%D7%95%D7%AA+%D7%9C%D7%90+%D7%99%D7%95%D7%9B%D7%9C+%D7%9C%D7%94%D7%AA%D7%A7%D7%91%D7%9C+%D7%9C%D7%A9%D7%95%D7%9D+%D7%A2%D7%91%D7%95%D7%93%D7%94+%D7%A8%D7%90%D7%95%D7%99%D7%94+%D7%95%D7%A0%D7%90%D7%9C%D7%A5+%D7%9C%D7%97%D7%96%D7%95%D7%A8+%D7%9C%D7%9C%D7%99%D7%9E%D7%95%D7%93%D7%99+%D7%A2%D7%A8%D7%91+%D7%9C%D7%94%D7%A9%D7%9C%D7%9E%D7%AA+%D7%91%D7%92%D7%A8%D7%95%D7%99%D7%95%D7%AA+%D7%91%D7%91%D7%99%D7%AA+%D7%94%D7%A1%D7%A4%D7%A8.+%D7%9C%D7%A6%D7%A2%D7%A8%D7%95+%D7%A9%D7%9C+%D7%98%D7%93%D7%99%2C+%D7%95%D7%9C%D7%A6%D7%A2%D7%A8%D7%9D+%D7%A9%D7%9C+%D7%97%D7%91%D7%A8%D7%99%D7%95+%D7%9C%D7%9B%D7%99%D7%AA%D7%94%2C+%D7%94%D7%9E%D7%95%D7%A8%D7%94+%D7%A9%D7%9C%D7%94%D7%9D%2C+%D7%94%D7%99%D7%90+%D7%98%D7%99%D7%A4%D7%95%D7%A1+%D7%A9%D7%A0%D7%95%D7%99+%D7%91%D7%9E%D7%97%D7%9C%D7%95%D7%A7%D7%AA%2C+%D7%A9%D7%9E%D7%A2%D7%91%D7%99%D7%A8%D7%94+%D7%90%D7%95%D7%AA%D7%9D+%D7%A1%D7%93%D7%A8%D7%AA+%D7%97%D7%99%D7%A0%D7%95%D7%9A+%D7%A7%D7%95%D7%A8%D7%A2%D7%AA+%D7%9E%D7%A6%D7%97%D7%95%D7%A7.%22%2C++%22duration%22%3A+%220%22%2C++%22studios%22%3A+%22HartBeat+Productions%2FWill+Packer+Productions%2FPerfect+World+Pictures%2FUniversal+Pictures%22%2C++%22writer%22%3A+%22Kevin+Hart%2FKevin+Hart%2FHarry+Ratchford%2FJoey+Wells%2FMatthew+Kellard%2FNicholas+Stoller%2FJohn+Hamburg%22%2C++%22code%22%3A+%22tt6781982%22%2C++%22imdbnumber%22%3A+%22tt6781982%22%2C++%22imdb%22%3A+%22tt6781982%22%2C++%22tmdb%22%3A+%22454293%22%2C++%22votes%22%3A+%2210%2C988%22%2C++%22dateadded%22%3A+%222018-12-30+10%3A14%3A08%22%2C++%22trailer%22%3A+%22esp4VzP_rMA%22%2C++%22poster%22%3A+%22http%3A%2F%2Fimage.tmdb.org%2Ft%2Fp%2Foriginal%2F%2FjJBimY3DXIaIaL4NeGHfR0U0rSh.jpg%22%2C++%22icon%22%3A+%22http%3A%2F%2Fimage.tmdb.org%2Ft%2Fp%2Foriginal%2F%2Fk4vmHRZ6KUsNYL2wjdbEbJHx7tG.jpg%22%2C++%22year%22%3A+%222018%22%7D&amp;index_depth=0&amp;lang=eng",return)</action>
	</shortcut>
	<shortcut>
		<defaultID>zr-ymr-ym-kvtgbvhh</defaultID>
		<label>זרעים רעים</label>
		<label2>מועדף</label2>
		<icon>special://skin/extras/icons/files.png</icon>
		<thumb>https://www.sratim.co/wp-content/uploads/2019/01/Bad-Seeds.jpg</thumb>
		<action>PlayMedia("plugin://plugin.video.ghostpremium/?url=H4sIAAAAAAAEAO29B2AcSZYlJi9tynt%2FSvVK1%2BB0oQiAYBMk2JBAEOzBiM3mkuwdaUcjKasqgcplVmVdZhZAzO2dvPfee%2B%2B999577733ujudTif33%2F8%2FXGZkAWz2zkrayZ4hgKrIHz9%2BfB8%2FIuZtu2oe3b3b5PVlXt8bN3XWFovtohxPq8Xd3%2F3pg9%2F94af49%2FiA%2F93jTx7yv09%2F%2F6EvxovV%2Fm%2Bc%2FD%2BJiBLMWwAAAA%3D%3D&amp;mode=3&amp;name=%D7%96%D7%A8%D7%A2%D7%99%D7%9D+%D7%A8%D7%A2%D7%99%D7%9D+%5B%D7%90%D7%A2%D7%9B%D7%95%D7%AA+%D7%92%D7%91%D7%95%D7%94%D7%94%5D&amp;description=ילד אשר גדל ברחוב מתפרנס ממזימות קטנות, אך כאשר הוא עובד על האדם הלא נכון הוא נאלץ לעבוד אצלו ובכך חייו משתנים.&amp;data=%7B%22title%22%3A%22%D7%96%D7%A8%D7%A2%D7%99%D7%9D+%D7%A8%D7%A2%D7%99%D7%9D++%D7%90%D7%A2%D7%9B%D7%95%D7%AA+%D7%92%D7%91%D7%95%D7%94%D7%94+%22%2C%22Season%22%3A+%22+%22%2C%22Episode%22%3A+%22+%22%2C%22originaltitle%22%3A+%22%D7%96%D7%A8%D7%A2%D7%99%D7%9D+%D7%A8%D7%A2%D7%99%D7%9D++%D7%90%D7%A2%D7%9B%D7%95%D7%AA+%D7%92%D7%91%D7%95%D7%94%D7%94+%22%2C%22year%22%3A+%222018%22%2C%22dateadded%22%3A+%222019-01-4+08%3A48%3A38%22%2C%22plot%22%3A+%22%D7%99%D7%9C%D7%93+%D7%90%D7%A9%D7%A8+%D7%92%D7%93%D7%9C+%D7%91%D7%A8%D7%97%D7%95%D7%91+%D7%9E%D7%AA%D7%A4%D7%A8%D7%A0%D7%A1+%D7%9E%D7%9E%D7%96%D7%99%D7%9E%D7%95%D7%AA+%D7%A7%D7%98%D7%A0%D7%95%D7%AA%2C+%D7%90%D7%9A+%D7%9B%D7%90%D7%A9%D7%A8+%D7%94%D7%95%D7%90+%D7%A2%D7%95%D7%91%D7%93+%D7%A2%D7%9C+%D7%94%D7%90%D7%93%D7%9D+%D7%94%D7%9C%D7%90+%D7%A0%D7%9B%D7%95%D7%9F+%D7%94%D7%95%D7%90+%D7%A0%D7%90%D7%9C%D7%A5+%D7%9C%D7%A2%D7%91%D7%95%D7%93+%D7%90%D7%A6%D7%9C%D7%95+%D7%95%D7%91%D7%9B%D7%9A+%D7%97%D7%99%D7%99%D7%95+%D7%9E%D7%A9%D7%AA%D7%A0%D7%99%D7%9D.%22%2C%22heb+title%22%3A+%22%D7%96%D7%A8%D7%A2%D7%99%D7%9D+%D7%A8%D7%A2%D7%99%D7%9D++%D7%90%D7%A2%D7%9B%D7%95%D7%AA+%D7%92%D7%91%D7%95%D7%94%D7%94+%22%2C%22mediatype%22%3A+%22movie%22%2C%22genre%22%3A+%22%D7%A7%D7%95%D7%9E%D7%93%D7%99%D7%94%22%2C%22rating%22%3A+%220%22%2C%22director%22%3A+%22+%22%2C%22studios%22%3A+%22+%22%2C%22writer%22%3A+%22+%22%2C%22code%22%3A+%22tt5542872%22%2C%22imdbnumber%22%3A+%22tt5542872%22%2C%22imdb%22%3A+%22tt5542872%22%2C%22tmdb%22%3A+%22+%22%2C%22votes%22%3A+%22+%22%2C%22trailer%22%3A+%22+%22%2C%22poster%22%3A+%22https%3A%2F%2Fwww.sratim.co%2Fwp-content%2Fuploads%2F2019%2F01%2FBad-Seeds.jpg%22%2C%22icon%22%3A+%22https%3A%2F%2Fwww.sratim.co%2Fwp-content%2Fuploads%2F2019%2F01%2FBad-Seeds.jpg%22%7D&amp;index_depth=0&amp;lang=eng",return)</action>
	</shortcut>
	<shortcut>
		<defaultID>mshtyqqvl</defaultID>
		<label>משתיק קול</label>
		<label2>מועדף</label2>
		<icon>special://skin/extras/icons/files.png</icon>
		<thumb>http://image.tmdb.org/t/p/original//s2TexorQvaskAkAGsRFYmIJbQnz.jpg</thumb>
		<action>PlayMedia("plugin://plugin.video.ghostpremium/?url=H4sIAAAAAAAEAO29B2AcSZYlJi9tynt%2FSvVK1%2BB0oQiAYBMk2JBAEOzBiM3mkuwdaUcjKasqgcplVmVdZhZAzO2dvPfee%2B%2B999577733ujudTif33%2F8%2FXGZkAWz2zkrayZ4hgKrIHz9%2BfB8%2FIuZtu2oe3b3b5PVlXu%2BPmzpri8V2UY6n1eLu7%2F70we%2F%2B8BT%2FHj%2Fkf4%2F5E%2Fn9we8vP%2Fij%2B%2FzvyXix2v%2BNk%2F8HDUSPrVUAAAA%3D&amp;mode=3&amp;name=%D7%9E%D7%A9%D7%AA%D7%99%D7%A7+%D7%A7%D7%95%D7%9C&amp;description=מתנקש בדימוס חייב לאשש מחדש את כל הכישורים הקטלנים שלו, ולהילחם נגד המעסיק שלו לשעבר.&amp;data=%7B++%22originaltitle%22%3A+%22Silencer++2018+%22%2C++%22title%22%3A+%22%D7%9E%D7%A9%D7%AA%D7%99%D7%A7+%D7%A7%D7%95%D7%9C%22%2C++%22mediatype%22%3A+%22movie%22%2C++%22heb+title%22%3A+%22%D7%9E%D7%A9%D7%AA%D7%99%D7%A7+%D7%A7%D7%95%D7%9C%22%2C++%22genre%22%3A+%22%D7%90%D7%A7%D7%A9%D7%9F%22%2C++%22rating%22%3A+%224%22%2C++%22director%22%3A+%22Timothy+Woodward+Jr.%22%2C++%22plot%22%3A+%22%D7%9E%D7%AA%D7%A0%D7%A7%D7%A9+%D7%91%D7%93%D7%99%D7%9E%D7%95%D7%A1+%D7%97%D7%99%D7%99%D7%91+%D7%9C%D7%90%D7%A9%D7%A9+%D7%9E%D7%97%D7%93%D7%A9+%D7%90%D7%AA+%D7%9B%D7%9C+%D7%94%D7%9B%D7%99%D7%A9%D7%95%D7%A8%D7%99%D7%9D+%D7%94%D7%A7%D7%98%D7%9C%D7%A0%D7%99%D7%9D+%D7%A9%D7%9C%D7%95%2C+%D7%95%D7%9C%D7%94%D7%99%D7%9C%D7%97%D7%9D+%D7%A0%D7%92%D7%93+%D7%94%D7%9E%D7%A2%D7%A1%D7%99%D7%A7+%D7%A9%D7%9C%D7%95+%D7%9C%D7%A9%D7%A2%D7%91%D7%A8.%22%2C++%22duration%22%3A+%220%22%2C++%22studios%22%3A+%22Status+Media+and+Entertainment%22%2C++%22writer%22%3A+%22Sean+Mick%22%2C++%22code%22%3A+%22tt5867226%22%2C++%22imdbnumber%22%3A+%22tt5867226%22%2C++%22imdb%22%3A+%22tt5867226%22%2C++%22tmdb%22%3A+%22528484%22%2C++%22votes%22%3A+%22481%22%2C++%22dateadded%22%3A+%222018-12-25+08%3A56%3A53%22%2C++%22trailer%22%3A+%22PRfyLsohco4%22%2C++%22poster%22%3A+%22http%3A%2F%2Fimage.tmdb.org%2Ft%2Fp%2Foriginal%2F%2Fo05ga1SaRhGdpuiLH2lkXt5WH7v.jpg%22%2C++%22icon%22%3A+%22http%3A%2F%2Fimage.tmdb.org%2Ft%2Fp%2Foriginal%2F%2Fs2TexorQvaskAkAGsRFYmIJbQnz.jpg%22%2C++%22year%22%3A+%222018%22%7D&amp;index_depth=0&amp;lang=eng",return)</action>
	</shortcut>
	<shortcut>
		<defaultID>p-vlttgmvl</defaultID>
		<label>פעולת תגמול</label>
		<label2>מועדף</label2>
		<icon>special://skin/extras/icons/files.png</icon>
		<thumb>http://image.tmdb.org/t/p/original//lVHec4MfwFOhAk9IGC0iu27KQ0O.jpg</thumb>
		<action>PlayMedia("plugin://plugin.video.ghostpremium/?url=H4sIAAAAAAAEAO29B2AcSZYlJi9tynt%2FSvVK1%2BB0oQiAYBMk2JBAEOzBiM3mkuwdaUcjKasqgcplVmVdZhZAzO2dvPfee%2B%2B999577733ujudTif33%2F8%2FXGZkAWz2zkrayZ4hgKrIHz9%2BfB8%2FIuZtu2oe3b3b5PVlXu%2BPmzpri8V2UY6n1eLu7%2F70we9%2BvM%2F%2F7uHfh%2Ff53xP%2Bd%2F%2F3dx8d7%2FC%2FD%2FiTU%2Fl6vFjt%2F8bJ%2FwOo9nKPYQAAAA%3D%3D&amp;mode=3&amp;name=%D7%A4%D7%A2%D7%95%D7%9C%D7%AA+%D7%AA%D7%92%D7%9E%D7%95%D7%9C&amp;description=מנהל בנק מתקשה לחזור לשגרה לאחר ששוד אלים שהתרחש בסניף שלו, השתבש וגבה קורבנות בנפש. בנוסף להכל, המשטרה חושדת, שהוא קשור לפשע. אכול רגשות אשם הוא חובר לשכן שלו, שוטר לשעבר, ומשכנע אותו לנסות ולהתחקות אחר השודד. לאחר שהשניים כמעט עולים על עקבותיו, הסיפור נהיה אישי, כשהשודד חוטף את אישתו וביתו של מנהל הבנק. עכשיו נאלצים השניים לצאת למרוץ כנגד הזמן להציל את היקר לו מכל.&amp;data=%7B++%22originaltitle%22%3A+%22Reprisal++2018+%22%2C++%22title%22%3A+%22%D7%A4%D7%A2%D7%95%D7%9C%D7%AA+%D7%AA%D7%92%D7%9E%D7%95%D7%9C%22%2C++%22mediatype%22%3A+%22movie%22%2C++%22heb+title%22%3A+%22%D7%A4%D7%A2%D7%95%D7%9C%D7%AA+%D7%AA%D7%92%D7%9E%D7%95%D7%9C%22%2C++%22genre%22%3A+%22%D7%90%D7%A7%D7%A9%D7%9F%2F%D7%9E%D7%95%D7%AA%D7%97%D7%9F%2F%D7%A4%D7%A9%D7%A2%22%2C++%22rating%22%3A+%224%22%2C++%22director%22%3A+%22Brian+A.+Miller%2FFederica+Arevalo%22%2C++%22plot%22%3A+%22%D7%9E%D7%A0%D7%94%D7%9C+%D7%91%D7%A0%D7%A7+%D7%9E%D7%AA%D7%A7%D7%A9%D7%94+%D7%9C%D7%97%D7%96%D7%95%D7%A8+%D7%9C%D7%A9%D7%92%D7%A8%D7%94+%D7%9C%D7%90%D7%97%D7%A8+%D7%A9%D7%A9%D7%95%D7%93+%D7%90%D7%9C%D7%99%D7%9D+%D7%A9%D7%94%D7%AA%D7%A8%D7%97%D7%A9+%D7%91%D7%A1%D7%A0%D7%99%D7%A3+%D7%A9%D7%9C%D7%95%2C+%D7%94%D7%A9%D7%AA%D7%91%D7%A9+%D7%95%D7%92%D7%91%D7%94+%D7%A7%D7%95%D7%A8%D7%91%D7%A0%D7%95%D7%AA+%D7%91%D7%A0%D7%A4%D7%A9.+%D7%91%D7%A0%D7%95%D7%A1%D7%A3+%D7%9C%D7%94%D7%9B%D7%9C%2C+%D7%94%D7%9E%D7%A9%D7%98%D7%A8%D7%94+%D7%97%D7%95%D7%A9%D7%93%D7%AA%2C+%D7%A9%D7%94%D7%95%D7%90+%D7%A7%D7%A9%D7%95%D7%A8+%D7%9C%D7%A4%D7%A9%D7%A2.+%D7%90%D7%9B%D7%95%D7%9C+%D7%A8%D7%92%D7%A9%D7%95%D7%AA+%D7%90%D7%A9%D7%9D+%D7%94%D7%95%D7%90+%D7%97%D7%95%D7%91%D7%A8+%D7%9C%D7%A9%D7%9B%D7%9F+%D7%A9%D7%9C%D7%95%2C+%D7%A9%D7%95%D7%98%D7%A8+%D7%9C%D7%A9%D7%A2%D7%91%D7%A8%2C+%D7%95%D7%9E%D7%A9%D7%9B%D7%A0%D7%A2+%D7%90%D7%95%D7%AA%D7%95+%D7%9C%D7%A0%D7%A1%D7%95%D7%AA+%D7%95%D7%9C%D7%94%D7%AA%D7%97%D7%A7%D7%95%D7%AA+%D7%90%D7%97%D7%A8+%D7%94%D7%A9%D7%95%D7%93%D7%93.+%D7%9C%D7%90%D7%97%D7%A8+%D7%A9%D7%94%D7%A9%D7%A0%D7%99%D7%99%D7%9D+%D7%9B%D7%9E%D7%A2%D7%98+%D7%A2%D7%95%D7%9C%D7%99%D7%9D+%D7%A2%D7%9C+%D7%A2%D7%A7%D7%91%D7%95%D7%AA%D7%99%D7%95%2C+%D7%94%D7%A1%D7%99%D7%A4%D7%95%D7%A8+%D7%A0%D7%94%D7%99%D7%94+%D7%90%D7%99%D7%A9%D7%99%2C+%D7%9B%D7%A9%D7%94%D7%A9%D7%95%D7%93%D7%93+%D7%97%D7%95%D7%98%D7%A3+%D7%90%D7%AA+%D7%90%D7%99%D7%A9%D7%AA%D7%95+%D7%95%D7%91%D7%99%D7%AA%D7%95+%D7%A9%D7%9C+%D7%9E%D7%A0%D7%94%D7%9C+%D7%94%D7%91%D7%A0%D7%A7.+%D7%A2%D7%9B%D7%A9%D7%99%D7%95+%D7%A0%D7%90%D7%9C%D7%A6%D7%99%D7%9D+%D7%94%D7%A9%D7%A0%D7%99%D7%99%D7%9D+%D7%9C%D7%A6%D7%90%D7%AA+%D7%9C%D7%9E%D7%A8%D7%95%D7%A5+%D7%9B%D7%A0%D7%92%D7%93+%D7%94%D7%96%D7%9E%D7%9F+%D7%9C%D7%94%D7%A6%D7%99%D7%9C+%D7%90%D7%AA+%D7%94%D7%99%D7%A7%D7%A8+%D7%9C%D7%95+%D7%9E%D7%9B%D7%9C.%22%2C++%22duration%22%3A+%220%22%2C++%22studios%22%3A+%22Emmett+Furla+Oasis+Films%2FIngenious+Media%2FKind+Hearts+Entertainment%2FCheckluck+Films%2FThe+Fyzz+Facility%22%2C++%22writer%22%3A+%22Bryce+Hammons%22%2C++%22code%22%3A+%22tt6547170%22%2C++%22imdbnumber%22%3A+%22tt6547170%22%2C++%22imdb%22%3A+%22tt6547170%22%2C++%22tmdb%22%3A+%22531593%22%2C++%22votes%22%3A+%223%2C014%22%2C++%22dateadded%22%3A+%222018-12-25+08%3A55%3A27%22%2C++%22trailer%22%3A+%22r2Z5UYpEIAU%22%2C++%22poster%22%3A+%22http%3A%2F%2Fimage.tmdb.org%2Ft%2Fp%2Foriginal%2F%2Fapfur3XEQhEoKxb7tc1PvwvYe5B.jpg%22%2C++%22icon%22%3A+%22http%3A%2F%2Fimage.tmdb.org%2Ft%2Fp%2Foriginal%2F%2FlVHec4MfwFOhAk9IGC0iu27KQ0O.jpg%22%2C++%22year%22%3A+%222018%22%7D&amp;index_depth=0&amp;lang=eng",return)</action>
	</shortcut>
	<shortcut>
		<defaultID>ymhbmtsvlvt</defaultID>
		<label>אימה במצולות</label>
		<label2>מועדף</label2>
		<icon>special://skin/extras/icons/files.png</icon>
		<thumb>http://image.tmdb.org/t/p/original//qcgCul2QhZ2BlEGhOaOAQQ405Wp.jpg</thumb>
		<action>PlayMedia("plugin://plugin.video.ghostpremium/?url=H4sIAAAAAAAEAO29B2AcSZYlJi9tynt%2FSvVK1%2BB0oQiAYBMk2JBAEOzBiM3mkuwdaUcjKasqgcplVmVdZhZAzO2dvPfee%2B%2B999577733ujudTif33%2F8%2FXGZkAWz2zkrayZ4hgKrIHz9%2BfB8%2FIuZtu2oe3b3b5PVlXu%2BPmzpri8V2UY6n1eLu7%2F70we%2F%2BcIf%2Ffcj%2FnvK%2F%2B78%2F%2F9h1Hx1%2Fyr%2Ff539P3O%2FHx9L0Af97jz96KP%2BOF6v93zj5fwBn8ej1gAAAAA%3D%3D&amp;mode=3&amp;name=%D7%90%D7%99%D7%9E%D7%94+%D7%91%D7%9E%D7%A6%D7%95%D7%9C%D7%95%D7%AA&amp;description=צוללן לשעבר בחיל הים האמריקאי נקרא למשימת הצלה מיוחדת, כאשר צוללת מחקר טובעת במעמקי האוקיינוס. במהלך משימת החילוץ, מגלים אנשי הצוות כי הם עומדים בפני מפלצת תת ימית שנחשבה לנכחדת – כריש פרהיסטורי ענק בשם מגלודון. ג'ונאס נאלץ להלחם במפלץ הקטלני בלב ים על מנת למנוע ממנו להגיע אל החוף.&amp;data=%7B++%22originaltitle%22%3A+%22The+Meg++2018+%22%2C++%22title%22%3A+%22%D7%90%D7%99%D7%9E%D7%94+%D7%91%D7%9E%D7%A6%D7%95%D7%9C%D7%95%D7%AA%22%2C++%22mediatype%22%3A+%22movie%22%2C++%22heb+title%22%3A+%22%D7%90%D7%99%D7%9E%D7%94+%D7%91%D7%9E%D7%A6%D7%95%D7%9C%D7%95%D7%AA%22%2C++%22genre%22%3A+%22%D7%90%D7%A7%D7%A9%D7%9F%2F%D7%9E%D7%93%D7%A2+%D7%91%D7%93%D7%99%D7%95%D7%A0%D7%99%2F%D7%9E%D7%95%D7%AA%D7%97%D7%9F%2F%D7%90%D7%99%D7%9E%D7%94%22%2C++%22rating%22%3A+%226%22%2C++%22director%22%3A+%22Jon+Turteltaub%2FMaxine+Zhang%2FJoe+Nolan%2FHamish+McFarlane%2FJames+Madigan%2FMatt+Johnston%2FLaura+Hutton%2FBetty+Fotofili%2FJingxuan+Chen%2FMonique+Knight%22%2C++%22plot%22%3A+%22%D7%A6%D7%95%D7%9C%D7%9C%D7%9F+%D7%9C%D7%A9%D7%A2%D7%91%D7%A8+%D7%91%D7%97%D7%99%D7%9C+%D7%94%D7%99%D7%9D+%D7%94%D7%90%D7%9E%D7%A8%D7%99%D7%A7%D7%90%D7%99+%D7%A0%D7%A7%D7%A8%D7%90+%D7%9C%D7%9E%D7%A9%D7%99%D7%9E%D7%AA+%D7%94%D7%A6%D7%9C%D7%94+%D7%9E%D7%99%D7%95%D7%97%D7%93%D7%AA%2C+%D7%9B%D7%90%D7%A9%D7%A8+%D7%A6%D7%95%D7%9C%D7%9C%D7%AA+%D7%9E%D7%97%D7%A7%D7%A8+%D7%98%D7%95%D7%91%D7%A2%D7%AA+%D7%91%D7%9E%D7%A2%D7%9E%D7%A7%D7%99+%D7%94%D7%90%D7%95%D7%A7%D7%99%D7%99%D7%A0%D7%95%D7%A1.+%D7%91%D7%9E%D7%94%D7%9C%D7%9A+%D7%9E%D7%A9%D7%99%D7%9E%D7%AA+%D7%94%D7%97%D7%99%D7%9C%D7%95%D7%A5%2C+%D7%9E%D7%92%D7%9C%D7%99%D7%9D+%D7%90%D7%A0%D7%A9%D7%99+%D7%94%D7%A6%D7%95%D7%95%D7%AA+%D7%9B%D7%99+%D7%94%D7%9D+%D7%A2%D7%95%D7%9E%D7%93%D7%99%D7%9D+%D7%91%D7%A4%D7%A0%D7%99+%D7%9E%D7%A4%D7%9C%D7%A6%D7%AA+%D7%AA%D7%AA+%D7%99%D7%9E%D7%99%D7%AA+%D7%A9%D7%A0%D7%97%D7%A9%D7%91%D7%94+%D7%9C%D7%A0%D7%9B%D7%97%D7%93%D7%AA+%E2%80%93+%D7%9B%D7%A8%D7%99%D7%A9+%D7%A4%D7%A8%D7%94%D7%99%D7%A1%D7%98%D7%95%D7%A8%D7%99+%D7%A2%D7%A0%D7%A7+%D7%91%D7%A9%D7%9D+%D7%9E%D7%92%D7%9C%D7%95%D7%93%D7%95%D7%9F.+%D7%92%2527%D7%95%D7%A0%D7%90%D7%A1+%D7%A0%D7%90%D7%9C%D7%A5+%D7%9C%D7%94%D7%9C%D7%97%D7%9D+%D7%91%D7%9E%D7%A4%D7%9C%D7%A5+%D7%94%D7%A7%D7%98%D7%9C%D7%A0%D7%99+%D7%91%D7%9C%D7%91+%D7%99%D7%9D+%D7%A2%D7%9C+%D7%9E%D7%A0%D7%AA+%D7%9C%D7%9E%D7%A0%D7%95%D7%A2+%D7%9E%D7%9E%D7%A0%D7%95+%D7%9C%D7%94%D7%92%D7%99%D7%A2+%D7%90%D7%9C+%D7%94%D7%97%D7%95%D7%A3.%22%2C++%22duration%22%3A+%220%22%2C++%22studios%22%3A+%22Apelles+Entertainment%2FGravity+Pictures%2FDi+Bonaventura+Pictures%2FFlagship+Entertainment+Group%22%2C++%22writer%22%3A+%22Belle+Avery%2FDean+Georgaris%2FSteve+Alten%2FErich+Hoeber%2FJon+Hoeber%2FJames+Vanderbilt%2FRichard+Bennett%2FDylan+Coburn%2FWarren+Mahy+%22%2C++%22code%22%3A+%22tt4779682%22%2C++%22imdbnumber%22%3A+%22tt4779682%22%2C++%22imdb%22%3A+%22tt4779682%22%2C++%22tmdb%22%3A+%22345940%22%2C++%22votes%22%3A+%2284%2C447%22%2C++%22dateadded%22%3A+%222018-12-25+08%3A58%3A16%22%2C++%22trailer%22%3A+%22bsLk0NPRFAc%22%2C++%22poster%22%3A+%22http%3A%2F%2Fimage.tmdb.org%2Ft%2Fp%2Foriginal%2F%2FrH79sB6Nkx4cMW3JzsUy7wK0rhX.jpg%22%2C++%22icon%22%3A+%22http%3A%2F%2Fimage.tmdb.org%2Ft%2Fp%2Foriginal%2F%2FqcgCul2QhZ2BlEGhOaOAQQ405Wp.jpg%22%2C++%22year%22%3A+%222018%22%7D&amp;index_depth=0&amp;lang=eng",return)</action>
	</shortcut>
	<shortcut>
		<defaultID>mpltsvtbshlg</defaultID>
		<label>מפלצות בשלג</label>
		<label2>מועדף</label2>
		<icon>special://skin/extras/icons/files.png</icon>
		<thumb>http://image.tmdb.org/t/p/original//e3pFagNdZwTRbVMVSaCgwaBpVYg.jpg</thumb>
		<action>PlayMedia("plugin://plugin.video.ghostpremium/?url=H4sIAAAAAAAEAO29B2AcSZYlJi9tynt%2FSvVK1%2BB0oQiAYBMk2JBAEOzBiM3mkuwdaUcjKasqgcplVmVdZhZAzO2dvPfee%2B%2B999577733ujudTif33%2F8%2FXGZkAWz2zkrayZ4hgKrIHz9%2BfB8%2FIuZtu2oe3b1brfJlWWWz8bS6my8m%2Bexu8%2ByLbzf55yd7L6e%2F2%2B%2F2uw23%2B2JRZxcn2WT%2B3SuvXdPWebbIlhcVtVzcPb9bvp29nZ1Xq2VeNXnzixZ3X%2B2%2F%2Fqn93%2Bf43s5PfFW%2B%2FOnfe%2Bf3fvjk%2BsV3nq6fffX77D8oX7TPy3r9k0%2FuLc6%2F0z79id9%2F8fbyZxf6b5z8P3kaf%2B8LAQAA&amp;mode=3&amp;name=%D7%9E%D7%A4%D7%9C%D7%A6%D7%95%D7%AA+%D7%91%D7%A9%D7%9C%D7%92&amp;description=בקרב קהילת מפלצות השלג 'ביגפוט' מסתובבת אגדה אורבנית המספרת אודות קיומם של יצורים קטנים ומופלאים בשם 'סמולפוט'  בני אדם . שני ביגפוט סקרנים יוצאים להרפתקה מטורפת להוכיח את השמועה ולהביא בחזרה לכפר הוכחה חיה.&amp;data=%7B++%22originaltitle%22%3A+%22Smallfoot++2018+%22%2C++%22title%22%3A+%22%D7%9E%D7%A4%D7%9C%D7%A6%D7%95%D7%AA+%D7%91%D7%A9%D7%9C%D7%92%22%2C++%22mediatype%22%3A+%22movie%22%2C++%22heb+title%22%3A+%22%D7%9E%D7%A4%D7%9C%D7%A6%D7%95%D7%AA+%D7%91%D7%A9%D7%9C%D7%92%22%2C++%22genre%22%3A+%22%D7%A7%D7%95%D7%9E%D7%93%D7%99%D7%94%2F%D7%90%D7%A0%D7%99%D7%9E%D7%A6%D7%99%D7%94%2F%D7%9E%D7%A9%D7%A4%D7%97%D7%94%2F%D7%94%D7%A8%D7%A4%D7%AA%D7%A7%D7%90%D7%95%D7%AA%2F%D7%A4%D7%A0%D7%98%D7%96%D7%99%D7%94%22%2C++%22rating%22%3A+%227%22%2C++%22director%22%3A+%22Karey+Kirkpatrick%2FJason+Reisig%22%2C++%22plot%22%3A+%22%D7%91%D7%A7%D7%A8%D7%91+%D7%A7%D7%94%D7%99%D7%9C%D7%AA+%D7%9E%D7%A4%D7%9C%D7%A6%D7%95%D7%AA+%D7%94%D7%A9%D7%9C%D7%92+%2527%D7%91%D7%99%D7%92%D7%A4%D7%95%D7%98%2527+%D7%9E%D7%A1%D7%AA%D7%95%D7%91%D7%91%D7%AA+%D7%90%D7%92%D7%93%D7%94+%D7%90%D7%95%D7%A8%D7%91%D7%A0%D7%99%D7%AA+%D7%94%D7%9E%D7%A1%D7%A4%D7%A8%D7%AA+%D7%90%D7%95%D7%93%D7%95%D7%AA+%D7%A7%D7%99%D7%95%D7%9E%D7%9D+%D7%A9%D7%9C+%D7%99%D7%A6%D7%95%D7%A8%D7%99%D7%9D+%D7%A7%D7%98%D7%A0%D7%99%D7%9D+%D7%95%D7%9E%D7%95%D7%A4%D7%9C%D7%90%D7%99%D7%9D+%D7%91%D7%A9%D7%9D+%2527%D7%A1%D7%9E%D7%95%D7%9C%D7%A4%D7%95%D7%98%2527++%D7%91%D7%A0%D7%99+%D7%90%D7%93%D7%9D+.+%D7%A9%D7%A0%D7%99+%D7%91%D7%99%D7%92%D7%A4%D7%95%D7%98+%D7%A1%D7%A7%D7%A8%D7%A0%D7%99%D7%9D+%D7%99%D7%95%D7%A6%D7%90%D7%99%D7%9D+%D7%9C%D7%94%D7%A8%D7%A4%D7%AA%D7%A7%D7%94+%D7%9E%D7%98%D7%95%D7%A8%D7%A4%D7%AA+%D7%9C%D7%94%D7%95%D7%9B%D7%99%D7%97+%D7%90%D7%AA+%D7%94%D7%A9%D7%9E%D7%95%D7%A2%D7%94+%D7%95%D7%9C%D7%94%D7%91%D7%99%D7%90+%D7%91%D7%97%D7%96%D7%A8%D7%94+%D7%9C%D7%9B%D7%A4%D7%A8+%D7%94%D7%95%D7%9B%D7%97%D7%94+%D7%97%D7%99%D7%94.%22%2C++%22duration%22%3A+%220%22%2C++%22studios%22%3A+%22Warner+Bros.+Animation%2FWarner+Animation+Group%2FWarner+Bros.+Pictures%2FZaftig+Films%22%2C++%22writer%22%3A+%22Karey+Kirkpatrick%2FClare+Sera%2FJohn+Requa%2FGlenn+Ficarra%2FSergio+Pablos%2FEyal+Podell%2FJonathon+E.+Stewart%22%2C++%22code%22%3A+%22tt6182908%22%2C++%22imdbnumber%22%3A+%22tt6182908%22%2C++%22imdb%22%3A+%22tt6182908%22%2C++%22tmdb%22%3A+%22446894%22%2C++%22votes%22%3A+%2213%2C271%22%2C++%22dateadded%22%3A+%222018-12-30+09%3A58%3A19%22%2C++%22trailer%22%3A+%22uBw6EvIxIS8%22%2C++%22poster%22%3A+%22http%3A%2F%2Fimage.tmdb.org%2Ft%2Fp%2Foriginal%2F%2F2lHG8RhwEke0Sz6Tj0X0Wzoib39.jpg%22%2C++%22icon%22%3A+%22http%3A%2F%2Fimage.tmdb.org%2Ft%2Fp%2Foriginal%2F%2Fe3pFagNdZwTRbVMVSaCgwaBpVYg.jpg%22%2C++%22year%22%3A+%222018%22%7D&amp;index_depth=0&amp;lang=eng",return)</action>
	</shortcut>
	<shortcut>
		<defaultID>td-hkhvqrhkhvpr2</defaultID>
		<label>טד, החוקר החופר 2</label>
		<label2>מועדף</label2>
		<icon>special://skin/extras/icons/files.png</icon>
		<thumb>http://image.tmdb.org/t/p/original//lYEQEH34Q7xleZH3sJEgiRWVE19.jpg</thumb>
		<action>PlayMedia("plugin://plugin.video.ghostpremium/?url=H4sIAAAAAAAEAO29B2AcSZYlJi9tynt%2FSvVK1%2BB0oQiAYBMk2JBAEOzBiM3mkuwdaUcjKasqgcplVmVdZhZAzO2dvPfee%2B%2B999577733ujudTif33%2F8%2FXGZkAWz2zkrayZ4hgKrIHz9%2BfB8%2FIuZtu2oe3b17dXU1rrNVMbssZnk1nlaLu5d3n%2F0%2BX361f%2Fbi25%2Fv%2F8Jf9NmDvZ3Vb5z8P4MoEN4wAAAA&amp;mode=3&amp;name=%D7%98%D7%93%2C+%D7%94%D7%97%D7%95%D7%A7%D7%A8+%D7%94%D7%97%D7%95%D7%A4%D7%A8+2&amp;description=לאחר שהארכיאולוגית שרה לברוף מגלה את אחת משלוש הטבעות המוזהבות של מחרוזת המלך מידאס, המעניקה את הכוח לשולט בה להפוך כל דבר לזהב, טד נוסע ללוס אנג'לס לתערוכה בה שרה תחשוף את הגילוי הארכיאולוגי בפעם הראשונה אי פעם. אך הפגישה המחודשת של טד ושרה משנה כיוון כאשר הנבל ג'ק רקהאם והצוות שלו שודדים את הטבעת וחוטפים את שרה בידיעה מלאה כי מי שמעמיד את שלוש הטבעות של מחרוזת המלך מידאס בחזרה, יזכה לרשת את כוחו ואת עושרו העצום.  טד יוצא למסע להציל את שרה ולהרוס התוכניות המרושעות של רקהאם, כשהוא נוסע בעולם לצד חבריו המומיה, בלזוני התוכי והכלב שלו ג'ף.&amp;data=%7B++%22originaltitle%22%3A+%22Tad+the+Lost+Explorer+and+the+Secret+of+King+Midas++2017+%22%2C++%22title%22%3A+%22%D7%98%D7%93%2C+%D7%94%D7%97%D7%95%D7%A7%D7%A8+%D7%94%D7%97%D7%95%D7%A4%D7%A8%22%2C++%22mediatype%22%3A+%22movie%22%2C++%22heb+title%22%3A+%22%D7%98%D7%93%2C+%D7%94%D7%97%D7%95%D7%A7%D7%A8+%D7%94%D7%97%D7%95%D7%A4%D7%A8%22%2C++%22genre%22%3A+%22%D7%90%D7%A0%D7%99%D7%9E%D7%A6%D7%99%D7%94%2F%D7%94%D7%A8%D7%A4%D7%AA%D7%A7%D7%90%D7%95%D7%AA%2F%D7%A7%D7%95%D7%9E%D7%93%D7%99%D7%94%2F%D7%9E%D7%A9%D7%A4%D7%97%D7%94%22%2C++%22rating%22%3A+%226%22%2C++%22director%22%3A+%22Enrique+Gato%2FDavid+Alonso+P%C3%A9rez+de+Algaba%22%2C++%22plot%22%3A+%22%D7%9C%D7%90%D7%97%D7%A8+%D7%A9%D7%94%D7%90%D7%A8%D7%9B%D7%99%D7%90%D7%95%D7%9C%D7%95%D7%92%D7%99%D7%AA+%D7%A9%D7%A8%D7%94+%D7%9C%D7%91%D7%A8%D7%95%D7%A3+%D7%9E%D7%92%D7%9C%D7%94+%D7%90%D7%AA+%D7%90%D7%97%D7%AA+%D7%9E%D7%A9%D7%9C%D7%95%D7%A9+%D7%94%D7%98%D7%91%D7%A2%D7%95%D7%AA+%D7%94%D7%9E%D7%95%D7%96%D7%94%D7%91%D7%95%D7%AA+%D7%A9%D7%9C+%D7%9E%D7%97%D7%A8%D7%95%D7%96%D7%AA+%D7%94%D7%9E%D7%9C%D7%9A+%D7%9E%D7%99%D7%93%D7%90%D7%A1%2C+%D7%94%D7%9E%D7%A2%D7%A0%D7%99%D7%A7%D7%94+%D7%90%D7%AA+%D7%94%D7%9B%D7%95%D7%97+%D7%9C%D7%A9%D7%95%D7%9C%D7%98+%D7%91%D7%94+%D7%9C%D7%94%D7%A4%D7%95%D7%9A+%D7%9B%D7%9C+%D7%93%D7%91%D7%A8+%D7%9C%D7%96%D7%94%D7%91%2C+%D7%98%D7%93+%D7%A0%D7%95%D7%A1%D7%A2+%D7%9C%D7%9C%D7%95%D7%A1+%D7%90%D7%A0%D7%92%2527%D7%9C%D7%A1+%D7%9C%D7%AA%D7%A2%D7%A8%D7%95%D7%9B%D7%94+%D7%91%D7%94+%D7%A9%D7%A8%D7%94+%D7%AA%D7%97%D7%A9%D7%95%D7%A3+%D7%90%D7%AA+%D7%94%D7%92%D7%99%D7%9C%D7%95%D7%99+%D7%94%D7%90%D7%A8%D7%9B%D7%99%D7%90%D7%95%D7%9C%D7%95%D7%92%D7%99+%D7%91%D7%A4%D7%A2%D7%9D+%D7%94%D7%A8%D7%90%D7%A9%D7%95%D7%A0%D7%94+%D7%90%D7%99+%D7%A4%D7%A2%D7%9D.+%D7%90%D7%9A+%D7%94%D7%A4%D7%92%D7%99%D7%A9%D7%94+%D7%94%D7%9E%D7%97%D7%95%D7%93%D7%A9%D7%AA+%D7%A9%D7%9C+%D7%98%D7%93+%D7%95%D7%A9%D7%A8%D7%94+%D7%9E%D7%A9%D7%A0%D7%94+%D7%9B%D7%99%D7%95%D7%95%D7%9F+%D7%9B%D7%90%D7%A9%D7%A8+%D7%94%D7%A0%D7%91%D7%9C+%D7%92%2527%D7%A7+%D7%A8%D7%A7%D7%94%D7%90%D7%9D+%D7%95%D7%94%D7%A6%D7%95%D7%95%D7%AA+%D7%A9%D7%9C%D7%95+%D7%A9%D7%95%D7%93%D7%93%D7%99%D7%9D+%D7%90%D7%AA+%D7%94%D7%98%D7%91%D7%A2%D7%AA+%D7%95%D7%97%D7%95%D7%98%D7%A4%D7%99%D7%9D+%D7%90%D7%AA+%D7%A9%D7%A8%D7%94+%D7%91%D7%99%D7%93%D7%99%D7%A2%D7%94+%D7%9E%D7%9C%D7%90%D7%94+%D7%9B%D7%99+%D7%9E%D7%99+%D7%A9%D7%9E%D7%A2%D7%9E%D7%99%D7%93+%D7%90%D7%AA+%D7%A9%D7%9C%D7%95%D7%A9+%D7%94%D7%98%D7%91%D7%A2%D7%95%D7%AA+%D7%A9%D7%9C+%D7%9E%D7%97%D7%A8%D7%95%D7%96%D7%AA+%D7%94%D7%9E%D7%9C%D7%9A+%D7%9E%D7%99%D7%93%D7%90%D7%A1+%D7%91%D7%97%D7%96%D7%A8%D7%94%2C+%D7%99%D7%96%D7%9B%D7%94+%D7%9C%D7%A8%D7%A9%D7%AA+%D7%90%D7%AA+%D7%9B%D7%95%D7%97%D7%95+%D7%95%D7%90%D7%AA+%D7%A2%D7%95%D7%A9%D7%A8%D7%95+%D7%94%D7%A2%D7%A6%D7%95%D7%9D.++%D7%98%D7%93+%D7%99%D7%95%D7%A6%D7%90+%D7%9C%D7%9E%D7%A1%D7%A2+%D7%9C%D7%94%D7%A6%D7%99%D7%9C+%D7%90%D7%AA+%D7%A9%D7%A8%D7%94+%D7%95%D7%9C%D7%94%D7%A8%D7%95%D7%A1+%D7%94%D7%AA%D7%95%D7%9B%D7%A0%D7%99%D7%95%D7%AA+%D7%94%D7%9E%D7%A8%D7%95%D7%A9%D7%A2%D7%95%D7%AA+%D7%A9%D7%9C+%D7%A8%D7%A7%D7%94%D7%90%D7%9D%2C+%D7%9B%D7%A9%D7%94%D7%95%D7%90+%D7%A0%D7%95%D7%A1%D7%A2+%D7%91%D7%A2%D7%95%D7%9C%D7%9D+%D7%9C%D7%A6%D7%93+%D7%97%D7%91%D7%A8%D7%99%D7%95+%D7%94%D7%9E%D7%95%D7%9E%D7%99%D7%94%2C+%D7%91%D7%9C%D7%96%D7%95%D7%A0%D7%99+%D7%94%D7%AA%D7%95%D7%9B%D7%99+%D7%95%D7%94%D7%9B%D7%9C%D7%91+%D7%A9%D7%9C%D7%95+%D7%92%2527%D7%A3.%22%2C++%22duration%22%3A+%220%22%2C++%22studios%22%3A+%22teleCinco+Cinema%2F4+Cats+Pictures%2FLightbox+Animation+Studios%2FIkiru+Films%2FLightbox+Entertainment%2FMogambo%2FTelef%C3%B3nica+Studios%2FTadeo+Jones+y+el+Secreto+de+Midas+A.I.E.%22%2C++%22writer%22%3A+%22Jordi+Gasull%2FNeil+Landau%2FJavier+L%C3%B3pez+Barreira%2FPaco+S%C3%A1ez%22%2C++%22code%22%3A+%22tt3896102%22%2C++%22imdbnumber%22%3A+%22tt3896102%22%2C++%22imdb%22%3A+%22tt3896102%22%2C++%22tmdb%22%3A+%22452773%22%2C++%22votes%22%3A+%221%2C888%22%2C++%22dateadded%22%3A+%222018-12-30+10%3A08%3A39%22%2C++%22trailer%22%3A+%223NOX6BMFllk%22%2C++%22poster%22%3A+%22http%3A%2F%2Fimage.tmdb.org%2Ft%2Fp%2Foriginal%2F%2FAsFLWRkMTWLdp9niddXarc6Epc7.jpg%22%2C++%22icon%22%3A+%22http%3A%2F%2Fimage.tmdb.org%2Ft%2Fp%2Foriginal%2F%2FlYEQEH34Q7xleZH3sJEgiRWVE19.jpg%22%2C++%22year%22%3A+%222017%22%7D&amp;index_depth=0&amp;lang=eng",return)</action>
	</shortcut>
	<shortcut>
		<defaultID>svknvthmtnqsh</defaultID>
		<label>סוכנות המתנקש</label>
		<label2>מועדף</label2>
		<icon>special://skin/extras/icons/files.png</icon>
		<thumb>http://image.tmdb.org/t/p/original//qIgpbxS6RHJXKz3mWiSGW2lncHR.jpg</thumb>
		<action>PlayMedia("plugin://plugin.video.ghostpremium/?url=H4sIAAAAAAAEAO29B2AcSZYlJi9tynt%2FSvVK1%2BB0oQiAYBMk2JBAEOzBiM3mkuwdaUcjKasqgcplVmVdZhZAzO2dvPfee%2B%2B999577733ujudTif33%2F8%2FXGZkAWz2zkrayZ4hgKrIHz9%2BfB8%2FIuZtu2oe3b3b5PVlXt8bN3XWFovtohxPq8Xd3%2F3pg9%2F9eBf%2FPrzP%2Fz7hT3bcJ8fHvz%2F%2Fsc%2F%2FnspHrtHxA%2F734Xix2v%2BNk%2F8H1dQb%2Bm0AAAA%3D&amp;mode=3&amp;name=%D7%A1%D7%95%D7%9B%D7%A0%D7%95%D7%AA+%D7%94%D7%9E%D7%AA%D7%A0%D7%A7%D7%A9&amp;description= מתנקש אשר מגלה שחיתות במשרד שבו הוא עובד מתחיל לסגור חשבון עם כל המושחתים&amp;data=%7B++%22originaltitle%22%3A+%22The+Hitman+Agency++2018+%22%2C++%22title%22%3A+%22The+Hitman+Agency%22%2C++%22mediatype%22%3A+%22movie%22%2C++%22heb+title%22%3A+%22The+Hitman+Agency%22%2C++%22genre%22%3A+%22%D7%9E%D7%95%D7%AA%D7%97%D7%9F%2F%D7%90%D7%A7%D7%A9%D7%9F%22%2C++%22rating%22%3A+%224%22%2C++%22director%22%3A+%22Dominik+Starck%22%2C++%22plot%22%3A+%22+%D7%9E%D7%AA%D7%A0%D7%A7%D7%A9+%D7%90%D7%A9%D7%A8+%D7%9E%D7%92%D7%9C%D7%94+%D7%A9%D7%97%D7%99%D7%AA%D7%95%D7%AA+%D7%91%D7%9E%D7%A9%D7%A8%D7%93+%D7%A9%D7%91%D7%95+%D7%94%D7%95%D7%90+%D7%A2%D7%95%D7%91%D7%93+%D7%9E%D7%AA%D7%97%D7%99%D7%9C+%D7%9C%D7%A1%D7%92%D7%95%D7%A8+%D7%97%D7%A9%D7%91%D7%95%D7%9F+%D7%A2%D7%9D+%D7%9B%D7%9C+%D7%94%D7%9E%D7%95%D7%A9%D7%97%D7%AA%D7%99%D7%9D%22%2C++%22duration%22%3A+%220%22%2C++%22studios%22%3A+%22Starck+Entertainment%2FRJ+Nier+Films%2FGeneration+X+Group+GmbH%22%2C++%22writer%22%3A+%22Dominik+Starck%22%2C++%22code%22%3A+%22tt8197418%22%2C++%22imdbnumber%22%3A+%22tt8197418%22%2C++%22imdb%22%3A+%22tt8197418%22%2C++%22tmdb%22%3A+%22516742%22%2C++%22votes%22%3A+%2258%22%2C++%22dateadded%22%3A+%222018-12-25+08%3A52%3A36%22%2C++%22trailer%22%3A+%22J7XrfosSGGc%22%2C++%22poster%22%3A+%22http%3A%2F%2Fimage.tmdb.org%2Ft%2Fp%2Foriginal%2F%2FdIzu9v0VH8dpz5aEhIxa0sfaD7M.jpg%22%2C++%22icon%22%3A+%22http%3A%2F%2Fimage.tmdb.org%2Ft%2Fp%2Foriginal%2F%2FqIgpbxS6RHJXKz3mWiSGW2lncHR.jpg%22%2C++%22year%22%3A+%222018%22%7D&amp;index_depth=0&amp;lang=eng",return)</action>
	</shortcut>
	<shortcut>
		<defaultID>bgydhbynkhbrym</defaultID>
		<label>בגידה בין חברים</label>
		<label2>מועדף</label2>
		<icon>special://skin/extras/icons/files.png</icon>
		<thumb>http://image.tmdb.org/t/p/original//hSE2TZqF6x46Exo6Et5aCqPWtej.jpg</thumb>
		<action>PlayMedia("plugin://plugin.video.ghostpremium/?url=H4sIAAAAAAAEAO29B2AcSZYlJi9tynt%2FSvVK1%2BB0oQiAYBMk2JBAEOzBiM3mkuwdaUcjKasqgcplVmVdZhZAzO2dvPfee%2B%2B999577733ujudTif33%2F8%2FXGZkAWz2zkrayZ4hgKrIHz9%2BfB8%2FIuZtu2oe3b3b5PVlXt8bN3XWFovtohxPq8Xd3%2F3pg9%2F94S7%2Fu8f%2FPuR%2F7%2FG%2F%2B7%2B%2F97V88Uw%2BeuC%2BOD7wvn46Xqz2f%2BPk%2FwEwP6oQdAAAAA%3D%3D&amp;mode=3&amp;name=%D7%91%D7%92%D7%99%D7%93%D7%94+%D7%91%D7%99%D7%9F+%D7%97%D7%91%D7%A8%D7%99%D7%9D&amp;description=קבוצת חברים מגבשת תוכנית מסוכנת, לשדוד יהלומים יקרים.&amp;data=%7B++%22originaltitle%22%3A+%22Setup++2011+%22%2C++%22title%22%3A+%22%D7%91%D7%92%D7%99%D7%93%D7%94+%D7%91%D7%99%D7%9F+%D7%97%D7%91%D7%A8%D7%99%D7%9D%22%2C++%22mediatype%22%3A+%22movie%22%2C++%22heb+title%22%3A+%22%D7%91%D7%92%D7%99%D7%93%D7%94+%D7%91%D7%99%D7%9F+%D7%97%D7%91%D7%A8%D7%99%D7%9D%22%2C++%22genre%22%3A+%22%D7%90%D7%A7%D7%A9%D7%9F%2F%D7%A4%D7%A9%D7%A2%2F%D7%93%D7%A8%D7%9E%D7%94%2F%D7%9E%D7%95%D7%AA%D7%97%D7%9F%22%2C++%22rating%22%3A+%224%22%2C++%22director%22%3A+%22Mike+Gunther%2FKathleen+Soltysiak%22%2C++%22plot%22%3A+%22%D7%A7%D7%91%D7%95%D7%A6%D7%AA+%D7%97%D7%91%D7%A8%D7%99%D7%9D+%D7%9E%D7%92%D7%91%D7%A9%D7%AA+%D7%AA%D7%95%D7%9B%D7%A0%D7%99%D7%AA+%D7%9E%D7%A1%D7%95%D7%9B%D7%A0%D7%AA%2C+%D7%9C%D7%A9%D7%93%D7%95%D7%93+%D7%99%D7%94%D7%9C%D7%95%D7%9E%D7%99%D7%9D+%D7%99%D7%A7%D7%A8%D7%99%D7%9D.%22%2C++%22duration%22%3A+%220%22%2C++%22studios%22%3A+%22Grindstone+Entertainment+Group%2FCheetah+Vision%2FParadox+Entertainment%2FGunny+Entertainment%2FHedge+Fund+Film+Partners%2FAction+Jackson+Films%22%2C++%22writer%22%3A+%22Mike+Behrman%2FMike+Gunther%2FMike+Behrman%2FMike+Gunther%22%2C++%22code%22%3A+%22tt1748197%22%2C++%22imdbnumber%22%3A+%22tt1748197%22%2C++%22imdb%22%3A+%22tt1748197%22%2C++%22tmdb%22%3A+%2270586%22%2C++%22votes%22%3A+%2219%2C503%22%2C++%22dateadded%22%3A+%222018-12-25+08%3A53%3A50%22%2C++%22trailer%22%3A+%22hSgFGQjyttY%22%2C++%22poster%22%3A+%22http%3A%2F%2Fimage.tmdb.org%2Ft%2Fp%2Foriginal%2F%2FtUfbdGr8nKCH5oVcBcvBN43Ga7y.jpg%22%2C++%22icon%22%3A+%22http%3A%2F%2Fimage.tmdb.org%2Ft%2Fp%2Foriginal%2F%2FhSE2TZqF6x46Exo6Et5aCqPWtej.jpg%22%2C++%22year%22%3A+%222011%22%7D&amp;index_depth=0&amp;lang=eng",return)</action>
	</shortcut>
	<shortcut>
		<defaultID>gvnyynglysh3-0-ykvttvbh</defaultID>
		<label>ג'וני אינגליש 0.3</label>
		<label2>מועדף</label2>
		<icon>special://skin/extras/icons/files.png</icon>
		<thumb>http://image.tmdb.org/t/p/original//1HO4IfZCYONEspXUAvhWiokSuI6.jpg</thumb>
		<action>PlayMedia("plugin://plugin.video.ghostpremium/?url=H4sIAAAAAAAEAO29B2AcSZYlJi9tynt%2FSvVK1%2BB0oQiAYBMk2JBAEOzBiM3mkuwdaUcjKasqgcplVmVdZhZAzO2dvPfee%2B%2B999577733ujudTif33%2F8%2FXGZkAWz2zkrayZ4hgKrIHz9%2BfB8%2FIuZtu2oe3b17dXU1rrNVMbssZnk1nlaLu5d3n%2F0%2BX371nZPf6%2Fc6efYLf9FnD%2FZ2Vr%2Fb7%2Fa73fDC009ffmf3J05e9l8o87ZZr8oqm1Hju3t7z%2B%2Ff%2FU41Xy6vt0%2BXF2XRzLdft3XxNm%2B2jy%2ByYrm9t7N7sA0Y20%2FK9avsevvpm9fbv%2Ffep%2FvbJ1%2B8%2Bnz72%2Fnk9XqyDTS%2BqOpiVix29sbt5Xjx9tLrtFrlS9Pl%2Bd36p%2BZfrX7RVz990nz1Q%2Bi7yevLvL43buqsLRbbRclE%2Bt2fPvjdH%2B7xv%2Ffx7%2FEO%2F%2F7w9%2Bcf%2Bof3hTQ98T6XpscP%2B1%2FI7%2BPFav83Tv4f8a0cRdkBAAA%3D&amp;mode=3&amp;name=%D7%92%27%D7%95%D7%A0%D7%99+%D7%90%D7%99%D7%A0%D7%92%D7%9C%D7%99%D7%A9+3.0+%5B%D7%90%D7%99%D7%9B%D7%95%D7%AA+%D7%98%D7%95%D7%91%D7%94%5D&amp;description=אחרי שני סרטים שכבשו את העולם עם הומור מפיל וקסם שיש רק לבריטים משוגעים, רואן אטקינסון, המוכר כמיסטר בין, חוזר כג'וני אינגליש, הסוכן הכי פחות חשאי שיש, לסרט אקשן קורע מצחוק. הסיפור מתחיל מספר שנים לאחר שעזב את שירות הביון לטובת הוראה, נקרא הסוכן לחזור כדי לעצור האקר מסתורי שחשף בפני העולם את זהותם של כל סוכני הביון בבריטניה.&amp;data=%7B++%22originaltitle%22%3A+%22Johnny+English+Strikes+Again++2018+%22%2C++%22title%22%3A+%22%D7%92%2527%D7%95%D7%A0%D7%99+%D7%90%D7%99%D7%A0%D7%92%D7%9C%D7%99%D7%A9+3.0%22%2C++%22mediatype%22%3A+%22movie%22%2C++%22heb+title%22%3A+%22%D7%92%2527%D7%95%D7%A0%D7%99+%D7%90%D7%99%D7%A0%D7%92%D7%9C%D7%99%D7%A9+3.0%22%2C++%22genre%22%3A+%22%D7%94%D7%A8%D7%A4%D7%AA%D7%A7%D7%90%D7%95%D7%AA%2F%D7%9E%D7%A9%D7%A4%D7%97%D7%94%2F%D7%90%D7%A7%D7%A9%D7%9F%2F%D7%A7%D7%95%D7%9E%D7%93%D7%99%D7%94%22%2C++%22rating%22%3A+%226%22%2C++%22director%22%3A+%22David+Kerr%22%2C++%22plot%22%3A+%22%D7%90%D7%97%D7%A8%D7%99+%D7%A9%D7%A0%D7%99+%D7%A1%D7%A8%D7%98%D7%99%D7%9D+%D7%A9%D7%9B%D7%91%D7%A9%D7%95+%D7%90%D7%AA+%D7%94%D7%A2%D7%95%D7%9C%D7%9D+%D7%A2%D7%9D+%D7%94%D7%95%D7%9E%D7%95%D7%A8+%D7%9E%D7%A4%D7%99%D7%9C+%D7%95%D7%A7%D7%A1%D7%9D+%D7%A9%D7%99%D7%A9+%D7%A8%D7%A7+%D7%9C%D7%91%D7%A8%D7%99%D7%98%D7%99%D7%9D+%D7%9E%D7%A9%D7%95%D7%92%D7%A2%D7%99%D7%9D%2C+%D7%A8%D7%95%D7%90%D7%9F+%D7%90%D7%98%D7%A7%D7%99%D7%A0%D7%A1%D7%95%D7%9F%2C+%D7%94%D7%9E%D7%95%D7%9B%D7%A8+%D7%9B%D7%9E%D7%99%D7%A1%D7%98%D7%A8+%D7%91%D7%99%D7%9F%2C+%D7%97%D7%95%D7%96%D7%A8+%D7%9B%D7%92%2527%D7%95%D7%A0%D7%99+%D7%90%D7%99%D7%A0%D7%92%D7%9C%D7%99%D7%A9%2C+%D7%94%D7%A1%D7%95%D7%9B%D7%9F+%D7%94%D7%9B%D7%99+%D7%A4%D7%97%D7%95%D7%AA+%D7%97%D7%A9%D7%90%D7%99+%D7%A9%D7%99%D7%A9%2C+%D7%9C%D7%A1%D7%A8%D7%98+%D7%90%D7%A7%D7%A9%D7%9F+%D7%A7%D7%95%D7%A8%D7%A2+%D7%9E%D7%A6%D7%97%D7%95%D7%A7.+%D7%94%D7%A1%D7%99%D7%A4%D7%95%D7%A8+%D7%9E%D7%AA%D7%97%D7%99%D7%9C+%D7%9E%D7%A1%D7%A4%D7%A8+%D7%A9%D7%A0%D7%99%D7%9D+%D7%9C%D7%90%D7%97%D7%A8+%D7%A9%D7%A2%D7%96%D7%91+%D7%90%D7%AA+%D7%A9%D7%99%D7%A8%D7%95%D7%AA+%D7%94%D7%91%D7%99%D7%95%D7%9F+%D7%9C%D7%98%D7%95%D7%91%D7%AA+%D7%94%D7%95%D7%A8%D7%90%D7%94%2C+%D7%A0%D7%A7%D7%A8%D7%90+%D7%94%D7%A1%D7%95%D7%9B%D7%9F+%D7%9C%D7%97%D7%96%D7%95%D7%A8+%D7%9B%D7%93%D7%99+%D7%9C%D7%A2%D7%A6%D7%95%D7%A8+%D7%94%D7%90%D7%A7%D7%A8+%D7%9E%D7%A1%D7%AA%D7%95%D7%A8%D7%99+%D7%A9%D7%97%D7%A9%D7%A3+%D7%91%D7%A4%D7%A0%D7%99+%D7%94%D7%A2%D7%95%D7%9C%D7%9D+%D7%90%D7%AA+%D7%96%D7%94%D7%95%D7%AA%D7%9D+%D7%A9%D7%9C+%D7%9B%D7%9C+%D7%A1%D7%95%D7%9B%D7%A0%D7%99+%D7%94%D7%91%D7%99%D7%95%D7%9F+%D7%91%D7%91%D7%A8%D7%99%D7%98%D7%A0%D7%99%D7%94.%22%2C++%22duration%22%3A+%220%22%2C++%22studios%22%3A+%22Universal+Pictures%2FStudioCanal%2FWorking+Title+Films%2FPerfect+World+Pictures%22%2C++%22writer%22%3A+%22William+Davies%2FNeal+Purvis%2FRobert+Wade%22%2C++%22code%22%3A+%22tt6921996%22%2C++%22imdbnumber%22%3A+%22tt6921996%22%2C++%22imdb%22%3A+%22tt6921996%22%2C++%22tmdb%22%3A+%22463272%22%2C++%22votes%22%3A+%2216%2C027%22%2C++%22dateadded%22%3A+%222018-12-17+15%3A15%3A15%22%2C++%22trailer%22%3A+%22-Qv6p6pTz5I%22%2C++%22poster%22%3A+%22http%3A%2F%2Fimage.tmdb.org%2Ft%2Fp%2Foriginal%2F%2FyCOLqh5MOGyYdo58Ap0aWvKop9h.jpg%22%2C++%22icon%22%3A+%22http%3A%2F%2Fimage.tmdb.org%2Ft%2Fp%2Foriginal%2F%2F1HO4IfZCYONEspXUAvhWiokSuI6.jpg%22%2C++%22year%22%3A+%222018%22%7D&amp;index_depth=0&amp;lang=eng",return)</action>
	</shortcut>
	<shortcut>
		<defaultID>ms-lhyhmstvry-ykvtgbvhh</defaultID>
		<label>מסע אל האי המסתורי</label>
		<label2>מועדף</label2>
		<icon>special://skin/extras/icons/files.png</icon>
		<thumb>http://image.tmdb.org/t/p/original//uWLTgXrtF7IBhXpa8rToVXHD1NQ.jpg</thumb>
		<action>PlayMedia("plugin://plugin.video.ghostpremium/?url=H4sIAAAAAAAEAO29B2AcSZYlJi9tynt%2FSvVK1%2BB0oQiAYBMk2JBAEOzBiM3mkuwdaUcjKasqgcplVmVdZhZAzO2dvPfee%2B%2B999577733ujudTif33%2F8%2FXGZkAWz2zkrayZ4hgKrIHz9%2BfB8%2FIuZtu2oe3b3b5PVlXt8bN3XWFovtohxPq8Xd3%2F3pg9%2F94T7%2Fe4p%2Fj3f5373fnz%2Fa4X9Pfn%2BvlXz00P%2FIf%2FGYP7nPvx9I0%2FFitf8bJ%2F8PwzU%2F7IcAAAA%3D&amp;mode=3&amp;name=%D7%9E%D7%A1%D7%A2+%D7%90%D7%9C+%D7%94%D7%90%D7%99+%D7%94%D7%9E%D7%A1%D7%AA%D7%95%D7%A8%D7%99+%5B%D7%90%D7%99%D7%9B%D7%95%D7%AA+%D7%92%D7%91%D7%95%D7%94%D7%94%5D&amp;description=האנק, אביו החורג החדש של שון, מנסה למנוע ממנו ללכת בעקבות האות אך כשהוא לא מצליח לעצור אותו הוא מצטרף אליו למסע, שלוקח אותם תחילה לדרום הפסיפיק ואז למקום אותו מעטים ראו או נשארו בחיים כדי לספר אודותיו. זהו מקום של יופי מהמם, צורות חיים מוזרות ומאיימות, הרי געש, הררי זהב ולפחות סוד גדול אחד. יחד עם גאבאטו, טייס ההליקופטר היחיד שמוכן לקחת סיכון ולצאת לטיול, ובתו בעלת כוח הרצון, קאיילני – הם יוצאים לחפש אחר האי, להציל את בן האנוש הבודד עליו ולברוח לפני שרעידות האדמה ירעידו את הים והאוצר שעליו ייקבר לנצח.&amp;data=%7B++%22originaltitle%22%3A+%22Journey+2%3A+The+Mysterious+Island++2012+%22%2C++%22title%22%3A+%22%D7%9E%D7%A1%D7%A2+%D7%90%D7%9C+%D7%94%D7%90%D7%99+%D7%94%D7%9E%D7%A1%D7%AA%D7%95%D7%A8%D7%99%22%2C++%22mediatype%22%3A+%22movie%22%2C++%22heb+title%22%3A+%22%D7%9E%D7%A1%D7%A2+%D7%90%D7%9C+%D7%94%D7%90%D7%99+%D7%94%D7%9E%D7%A1%D7%AA%D7%95%D7%A8%D7%99%22%2C++%22genre%22%3A+%22%D7%94%D7%A8%D7%A4%D7%AA%D7%A7%D7%90%D7%95%D7%AA%2F%D7%90%D7%A7%D7%A9%D7%9F%2F%D7%9E%D7%93%D7%A2+%D7%91%D7%93%D7%99%D7%95%D7%A0%D7%99%22%2C++%22rating%22%3A+%226%22%2C++%22director%22%3A+%22Brad+Peyton%2FAnna+Rane%2FJohn+Hockridge%2FBoyd+Shermis%22%2C++%22plot%22%3A+%22%D7%94%D7%90%D7%A0%D7%A7%2C+%D7%90%D7%91%D7%99%D7%95+%D7%94%D7%97%D7%95%D7%A8%D7%92+%D7%94%D7%97%D7%93%D7%A9+%D7%A9%D7%9C+%D7%A9%D7%95%D7%9F%2C+%D7%9E%D7%A0%D7%A1%D7%94+%D7%9C%D7%9E%D7%A0%D7%95%D7%A2+%D7%9E%D7%9E%D7%A0%D7%95+%D7%9C%D7%9C%D7%9B%D7%AA+%D7%91%D7%A2%D7%A7%D7%91%D7%95%D7%AA+%D7%94%D7%90%D7%95%D7%AA+%D7%90%D7%9A+%D7%9B%D7%A9%D7%94%D7%95%D7%90+%D7%9C%D7%90+%D7%9E%D7%A6%D7%9C%D7%99%D7%97+%D7%9C%D7%A2%D7%A6%D7%95%D7%A8+%D7%90%D7%95%D7%AA%D7%95+%D7%94%D7%95%D7%90+%D7%9E%D7%A6%D7%98%D7%A8%D7%A3+%D7%90%D7%9C%D7%99%D7%95+%D7%9C%D7%9E%D7%A1%D7%A2%2C+%D7%A9%D7%9C%D7%95%D7%A7%D7%97+%D7%90%D7%95%D7%AA%D7%9D+%D7%AA%D7%97%D7%99%D7%9C%D7%94+%D7%9C%D7%93%D7%A8%D7%95%D7%9D+%D7%94%D7%A4%D7%A1%D7%99%D7%A4%D7%99%D7%A7+%D7%95%D7%90%D7%96+%D7%9C%D7%9E%D7%A7%D7%95%D7%9D+%D7%90%D7%95%D7%AA%D7%95+%D7%9E%D7%A2%D7%98%D7%99%D7%9D+%D7%A8%D7%90%D7%95+%D7%90%D7%95+%D7%A0%D7%A9%D7%90%D7%A8%D7%95+%D7%91%D7%97%D7%99%D7%99%D7%9D+%D7%9B%D7%93%D7%99+%D7%9C%D7%A1%D7%A4%D7%A8+%D7%90%D7%95%D7%93%D7%95%D7%AA%D7%99%D7%95.+%D7%96%D7%94%D7%95+%D7%9E%D7%A7%D7%95%D7%9D+%D7%A9%D7%9C+%D7%99%D7%95%D7%A4%D7%99+%D7%9E%D7%94%D7%9E%D7%9D%2C+%D7%A6%D7%95%D7%A8%D7%95%D7%AA+%D7%97%D7%99%D7%99%D7%9D+%D7%9E%D7%95%D7%96%D7%A8%D7%95%D7%AA+%D7%95%D7%9E%D7%90%D7%99%D7%99%D7%9E%D7%95%D7%AA%2C+%D7%94%D7%A8%D7%99+%D7%92%D7%A2%D7%A9%2C+%D7%94%D7%A8%D7%A8%D7%99+%D7%96%D7%94%D7%91+%D7%95%D7%9C%D7%A4%D7%97%D7%95%D7%AA+%D7%A1%D7%95%D7%93+%D7%92%D7%93%D7%95%D7%9C+%D7%90%D7%97%D7%93.+%D7%99%D7%97%D7%93+%D7%A2%D7%9D+%D7%92%D7%90%D7%91%D7%90%D7%98%D7%95%2C+%D7%98%D7%99%D7%99%D7%A1+%D7%94%D7%94%D7%9C%D7%99%D7%A7%D7%95%D7%A4%D7%98%D7%A8+%D7%94%D7%99%D7%97%D7%99%D7%93+%D7%A9%D7%9E%D7%95%D7%9B%D7%9F+%D7%9C%D7%A7%D7%97%D7%AA+%D7%A1%D7%99%D7%9B%D7%95%D7%9F+%D7%95%D7%9C%D7%A6%D7%90%D7%AA+%D7%9C%D7%98%D7%99%D7%95%D7%9C%2C+%D7%95%D7%91%D7%AA%D7%95+%D7%91%D7%A2%D7%9C%D7%AA+%D7%9B%D7%95%D7%97+%D7%94%D7%A8%D7%A6%D7%95%D7%9F%2C+%D7%A7%D7%90%D7%99%D7%99%D7%9C%D7%A0%D7%99+%E2%80%93+%D7%94%D7%9D+%D7%99%D7%95%D7%A6%D7%90%D7%99%D7%9D+%D7%9C%D7%97%D7%A4%D7%A9+%D7%90%D7%97%D7%A8+%D7%94%D7%90%D7%99%2C+%D7%9C%D7%94%D7%A6%D7%99%D7%9C+%D7%90%D7%AA+%D7%91%D7%9F+%D7%94%D7%90%D7%A0%D7%95%D7%A9+%D7%94%D7%91%D7%95%D7%93%D7%93+%D7%A2%D7%9C%D7%99%D7%95+%D7%95%D7%9C%D7%91%D7%A8%D7%95%D7%97+%D7%9C%D7%A4%D7%A0%D7%99+%D7%A9%D7%A8%D7%A2%D7%99%D7%93%D7%95%D7%AA+%D7%94%D7%90%D7%93%D7%9E%D7%94+%D7%99%D7%A8%D7%A2%D7%99%D7%93%D7%95+%D7%90%D7%AA+%D7%94%D7%99%D7%9D+%D7%95%D7%94%D7%90%D7%95%D7%A6%D7%A8+%D7%A9%D7%A2%D7%9C%D7%99%D7%95+%D7%99%D7%99%D7%A7%D7%91%D7%A8+%D7%9C%D7%A0%D7%A6%D7%97.%22%2C++%22duration%22%3A+%220%22%2C++%22studios%22%3A+%22Walden+Media%2FNew+Line+Cinema%2FContrafilm%22%2C++%22writer%22%3A+%22Mark+Gunn%2FRichard+Outten%2FBrian+Gunn%2FMark+Gunn%2FBrian+Gunn%22%2C++%22code%22%3A+%22tt1397514%22%2C++%22imdbnumber%22%3A+%22tt1397514%22%2C++%22imdb%22%3A+%22tt1397514%22%2C++%22tmdb%22%3A+%2272545%22%2C++%22votes%22%3A+%2280%2C879%22%2C++%22dateadded%22%3A+%222018-12-16+13%3A50%3A00%22%2C++%22trailer%22%3A+%22iBSYxd38eic%22%2C++%22poster%22%3A+%22http%3A%2F%2Fimage.tmdb.org%2Ft%2Fp%2Foriginal%2F%2Fj9AGoD7PG2pvjxyMqKWSRlo7YS1.jpg%22%2C++%22icon%22%3A+%22http%3A%2F%2Fimage.tmdb.org%2Ft%2Fp%2Foriginal%2F%2FuWLTgXrtF7IBhXpa8rToVXHD1NQ.jpg%22%2C++%22year%22%3A+%222012%22%7D&amp;index_depth=0&amp;lang=eng",return)</action>
	</shortcut>
	<shortcut>
		<defaultID>dbrymlmstdrym</defaultID>
		<label>דברים לא מסתדרים</label>
		<label2>מועדף</label2>
		<icon>special://skin/extras/icons/files.png</icon>
		<thumb>http://image.tmdb.org/t/p/original//ro7keqOD8XqtBSw5cQhmbyyQNvk.jpg</thumb>
		<action>PlayMedia("plugin://plugin.video.ghostpremium/?url=H4sIAAAAAAAEAO29B2AcSZYlJi9tynt%2FSvVK1%2BB0oQiAYBMk2JBAEOzBiM3mkuwdaUcjKasqgcplVmVdZhZAzO2dvPfee%2B%2B999577733ujudTif33%2F8%2FXGZkAWz2zkrayZ4hgKrIHz9%2BfB8%2FIuZtu3p0926zO26L5fWsHBfL8%2BruF9VlkTd7d%2B8el%2BXvvrfzZl4sLxr65VnGfx%2Bvsrqln3s7u7vc5veXFr8%2Fvv%2F9%2BdvfH9%2F9%2Frs7Bzur3%2F9J%2FapY%2Ff6vjl89%2Bfz3f3P24vf54qfGi9X%2Bb5z8P7g32Mh8AAAA&amp;mode=3&amp;name=%D7%93%D7%91%D7%A8%D7%99%D7%9D+%D7%9C%D7%90+%D7%9E%D7%A1%D7%AA%D7%93%D7%A8%D7%99%D7%9D&amp;description=דרמה המתמקדת סביב שחקן פוטבול מבטיח, בשנתו האחרונה במכללה.&amp;data=%7B++%22originaltitle%22%3A+%22All+Things+Fall+Apart++2011+%22%2C++%22title%22%3A+%22%D7%93%D7%91%D7%A8%D7%99%D7%9D+%D7%9C%D7%90+%D7%9E%D7%A1%D7%AA%D7%93%D7%A8%D7%99%D7%9D%22%2C++%22mediatype%22%3A+%22movie%22%2C++%22heb+title%22%3A+%22%D7%93%D7%91%D7%A8%D7%99%D7%9D+%D7%9C%D7%90+%D7%9E%D7%A1%D7%AA%D7%93%D7%A8%D7%99%D7%9D%22%2C++%22genre%22%3A+%22%D7%93%D7%A8%D7%9E%D7%94%22%2C++%22rating%22%3A+%226%22%2C++%22director%22%3A+%22Mario+Van+Peebles%2FKalyn+Karnan%2FKathleen+Soltysiak%22%2C++%22plot%22%3A+%22%D7%93%D7%A8%D7%9E%D7%94+%D7%94%D7%9E%D7%AA%D7%9E%D7%A7%D7%93%D7%AA+%D7%A1%D7%91%D7%99%D7%91+%D7%A9%D7%97%D7%A7%D7%9F+%D7%A4%D7%95%D7%98%D7%91%D7%95%D7%9C+%D7%9E%D7%91%D7%98%D7%99%D7%97%2C+%D7%91%D7%A9%D7%A0%D7%AA%D7%95+%D7%94%D7%90%D7%97%D7%A8%D7%95%D7%A0%D7%94+%D7%91%D7%9E%D7%9B%D7%9C%D7%9C%D7%94.%22%2C++%22duration%22%3A+%220%22%2C++%22studios%22%3A+%22Cheetah+Vision%22%2C++%22writer%22%3A+%2250+Cent%2FBrian+A.+Miller%22%2C++%22code%22%3A+%22tt1606390%22%2C++%22imdbnumber%22%3A+%22tt1606390%22%2C++%22imdb%22%3A+%22tt1606390%22%2C++%22tmdb%22%3A+%2263139%22%2C++%22votes%22%3A+%222%2C345%22%2C++%22dateadded%22%3A+%222018-12-15+20%3A02%3A48%22%2C++%22trailer%22%3A+%22qxR3xpp2TIY%22%2C++%22poster%22%3A+%22http%3A%2F%2Fimage.tmdb.org%2Ft%2Fp%2Foriginal%2F%2FizVa8p54MDV2qTpd4B9UIx6HWJ5.jpg%22%2C++%22icon%22%3A+%22http%3A%2F%2Fimage.tmdb.org%2Ft%2Fp%2Foriginal%2F%2Fro7keqOD8XqtBSw5cQhmbyyQNvk.jpg%22%2C++%22year%22%3A+%222011%22%7D&amp;index_depth=0&amp;lang=eng",return)</action>
	</shortcut>
	<shortcut>
		<defaultID>ytlyhhqtnh</defaultID>
		<label>איטליה הקטנה</label>
		<label2>מועדף</label2>
		<icon>special://skin/extras/icons/files.png</icon>
		<thumb>http://image.tmdb.org/t/p/original//p5RHB5ZmTv4rQGPifojIH7UXCeg.jpg</thumb>
		<action>PlayMedia("plugin://plugin.video.ghostpremium/?url=H4sIAAAAAAAEAO29B2AcSZYlJi9tynt%2FSvVK1%2BB0oQiAYBMk2JBAEOzBiM3mkuwdaUcjKasqgcplVmVdZhZAzO2dvPfee%2B%2B999577733ujudTif33%2F8%2FXGZkAWz2zkrayZ4hgKrIHz9%2BfB8%2FIuZtu2oe3b17dXU1rrNVMbssZnk1nlaLu5d3n%2F3eJz9x%2BuInn3x69gt%2F0WcP9nZWv3Hy%2FwD9DymSMAAAAA%3D%3D&amp;mode=3&amp;name=%5BB%5D%5BCOLOR+orange%5D%D7%90%D7%99%D7%9B%D7%95%D7%AA+720+%D7%9E%D7%A7%D7%95%D7%A8+1%5B%2FB%5D%5B%2FCOLOR%5D&amp;description=ניקי חייבת לחזור לעיר הולדתה, כדי להסדיר עניין בירוקרטי, העומד בינה לבין קריירה מצליחה. אופי הביקור משתנה, כשהיא פוגשת צעיר עימו גדלה, והמפגש המחודש מצית את אש האהבה. הבעיה היחידה היא, שההורים של שניהם, שבעבר היו חברים ושותפים בפיצרייה שכונתית, נמצאים בשיאה של יריבות עסקית ואישית. השניים מנסים להתכחש לאהבתם וגם להסתיר אותה, וזאת לא מערכת היחסים הסודית היחידה, שגועשת מתחת לפני השטח.&amp;data=%7B++%22originaltitle%22%3A+%22Little+Italy+%5B2018%5D%22%2C++%22title%22%3A+%22%D7%90%D7%99%D7%98%D7%9C%D7%99%D7%94+%D7%94%D7%A7%D7%98%D7%A0%D7%94%22%2C++%22mediatype%22%3A+%22movie%22%2C++%22heb+title%22%3A+%22%D7%90%D7%99%D7%98%D7%9C%D7%99%D7%94+%D7%94%D7%A7%D7%98%D7%A0%D7%94%22%2C++%22genre%22%3A+%22%D7%A7%D7%95%D7%9E%D7%93%D7%99%D7%94%2F%D7%A8%D7%95%D7%9E%D7%A0%D7%98%D7%99%22%2C++%22rating%22%3A+%226%22%2C++%22director%22%3A+%22Donald+Petrie%22%2C++%22plot%22%3A+%22%D7%A0%D7%99%D7%A7%D7%99+%D7%97%D7%99%D7%99%D7%91%D7%AA+%D7%9C%D7%97%D7%96%D7%95%D7%A8+%D7%9C%D7%A2%D7%99%D7%A8+%D7%94%D7%95%D7%9C%D7%93%D7%AA%D7%94%2C+%D7%9B%D7%93%D7%99+%D7%9C%D7%94%D7%A1%D7%93%D7%99%D7%A8+%D7%A2%D7%A0%D7%99%D7%99%D7%9F+%D7%91%D7%99%D7%A8%D7%95%D7%A7%D7%A8%D7%98%D7%99%2C+%D7%94%D7%A2%D7%95%D7%9E%D7%93+%D7%91%D7%99%D7%A0%D7%94+%D7%9C%D7%91%D7%99%D7%9F+%D7%A7%D7%A8%D7%99%D7%99%D7%A8%D7%94+%D7%9E%D7%A6%D7%9C%D7%99%D7%97%D7%94.+%D7%90%D7%95%D7%A4%D7%99+%D7%94%D7%91%D7%99%D7%A7%D7%95%D7%A8+%D7%9E%D7%A9%D7%AA%D7%A0%D7%94%2C+%D7%9B%D7%A9%D7%94%D7%99%D7%90+%D7%A4%D7%95%D7%92%D7%A9%D7%AA+%D7%A6%D7%A2%D7%99%D7%A8+%D7%A2%D7%99%D7%9E%D7%95+%D7%92%D7%93%D7%9C%D7%94%2C+%D7%95%D7%94%D7%9E%D7%A4%D7%92%D7%A9+%D7%94%D7%9E%D7%97%D7%95%D7%93%D7%A9+%D7%9E%D7%A6%D7%99%D7%AA+%D7%90%D7%AA+%D7%90%D7%A9+%D7%94%D7%90%D7%94%D7%91%D7%94.+%D7%94%D7%91%D7%A2%D7%99%D7%94+%D7%94%D7%99%D7%97%D7%99%D7%93%D7%94+%D7%94%D7%99%D7%90%2C+%D7%A9%D7%94%D7%94%D7%95%D7%A8%D7%99%D7%9D+%D7%A9%D7%9C+%D7%A9%D7%A0%D7%99%D7%94%D7%9D%2C+%D7%A9%D7%91%D7%A2%D7%91%D7%A8+%D7%94%D7%99%D7%95+%D7%97%D7%91%D7%A8%D7%99%D7%9D+%D7%95%D7%A9%D7%95%D7%AA%D7%A4%D7%99%D7%9D+%D7%91%D7%A4%D7%99%D7%A6%D7%A8%D7%99%D7%99%D7%94+%D7%A9%D7%9B%D7%95%D7%A0%D7%AA%D7%99%D7%AA%2C+%D7%A0%D7%9E%D7%A6%D7%90%D7%99%D7%9D+%D7%91%D7%A9%D7%99%D7%90%D7%94+%D7%A9%D7%9C+%D7%99%D7%A8%D7%99%D7%91%D7%95%D7%AA+%D7%A2%D7%A1%D7%A7%D7%99%D7%AA+%D7%95%D7%90%D7%99%D7%A9%D7%99%D7%AA.+%D7%94%D7%A9%D7%A0%D7%99%D7%99%D7%9D+%D7%9E%D7%A0%D7%A1%D7%99%D7%9D+%D7%9C%D7%94%D7%AA%D7%9B%D7%97%D7%A9+%D7%9C%D7%90%D7%94%D7%91%D7%AA%D7%9D+%D7%95%D7%92%D7%9D+%D7%9C%D7%94%D7%A1%D7%AA%D7%99%D7%A8+%D7%90%D7%95%D7%AA%D7%94%2C+%D7%95%D7%96%D7%90%D7%AA+%D7%9C%D7%90+%D7%9E%D7%A2%D7%A8%D7%9B%D7%AA+%D7%94%D7%99%D7%97%D7%A1%D7%99%D7%9D+%D7%94%D7%A1%D7%95%D7%93%D7%99%D7%AA+%D7%94%D7%99%D7%97%D7%99%D7%93%D7%94%2C+%D7%A9%D7%92%D7%95%D7%A2%D7%A9%D7%AA+%D7%9E%D7%AA%D7%97%D7%AA+%D7%9C%D7%A4%D7%A0%D7%99+%D7%94%D7%A9%D7%98%D7%97.%22%2C++%22duration%22%3A+%220%22%2C++%22studios%22%3A+%22T%C3%A9l%C3%A9film+Canada%2FFirst+Take+Entertainment%22%2C++%22writer%22%3A+%22Steve+Galluccio%2FVinay+Virmani%22%2C++%22code%22%3A+%22tt6957966%22%2C++%22imdbnumber%22%3A+%22tt6957966%22%2C++%22imdb%22%3A+%22tt6957966%22%2C++%22tmdb%22%3A+%22523773%22%2C++%22votes%22%3A+%222%2C592%22%2C++%22dateadded%22%3A+%222018-11-20+03%3A10%3A54%22%2C++%22trailer%22%3A+%22I-DMrk3hqEE%22%2C++%22poster%22%3A+%22http%3A%2F%2Fimage.tmdb.org%2Ft%2Fp%2Foriginal%2F%2Fvb2dKCaQzD48glrAeQIy3IqWILx.jpg%22%2C++%22icon%22%3A+%22http%3A%2F%2Fimage.tmdb.org%2Ft%2Fp%2Foriginal%2F%2Fp5RHB5ZmTv4rQGPifojIH7UXCeg.jpg%22%2C++%22year%22%3A+%222018%22%7D&amp;index_depth=0&amp;lang=eng",return)</action>
	</shortcut>
	<shortcut>
		<defaultID>b-colororange-ykvt720mqvr1-b-color</defaultID>
		<label>הטורף 2018</label>
		<label2>מועדף</label2>
		<icon>special://skin/extras/icons/files.png</icon>
		<thumb>http://image.tmdb.org/t/p/original//wDX19m0aLGDeT9oiUAFB2UfLW0l.jpg</thumb>
		<action>PlayMedia("plugin://plugin.video.ghostpremium/?url=H4sIAAAAAAAEAO29B2AcSZYlJi9tynt%2FSvVK1%2BB0oQiAYBMk2JBAEOzBiM3mkuwdaUcjKasqgcplVmVdZhZAzO2dvPfee%2B%2B999577733ujudTif33%2F8%2FXGZkAWz2zkrayZ4hgKrIHz9%2BfB8%2FIuZtu2oe3b17dXU1rrNVMbssZnk1nlaLu5d3n%2F3ee68e%2Fl5fnR6f%2FcJf9NmDvZ3Vb5z8PythsoEwAAAA&amp;mode=3&amp;name=%5BB%5D%5BCOLOR+orange%5D%D7%90%D7%99%D7%9B%D7%95%D7%AA+720+%D7%9E%D7%A7%D7%95%D7%A8+1%5B%2FB%5D%5B%2FCOLOR%5D&amp;description=הצייד הקטלני ביותר של היקום 'הטורף', מגיח אל כדור הארץ בגרסתו החדשה והמעודכנת. כעת, הציידים המאיימים ביותר של היקום, נוחתים ברחובות של עיירה קטנה ושקטה, כשהם מחוזקים בדי-אן-איי של יצורים אחרים הקיימים ברחבי הגלקסיות מה שהופך אותם לחזקים יותר, חכמים יותר וכמובן קטלניים הרבה יותר. והכל קורה בגלל שנער צעיר מאיץ בטעות את הופעתם על פני כדור הארץ, וגורלו נתון בידיהם של כמה חיילים סוררים ומדענים פורצי חוק שינסו למנוע אסון כבד על האנושות.תודה לנוקם&amp;data=%7B++%22originaltitle%22%3A+%22The+Predator+%5B2018%5D%22%2C++%22title%22%3A+%22%D7%94%D7%98%D7%95%D7%A8%D7%A3%22%2C++%22mediatype%22%3A+%22movie%22%2C++%22heb+title%22%3A+%22%D7%94%D7%98%D7%95%D7%A8%D7%A3%22%2C++%22genre%22%3A+%22%D7%9E%D7%93%D7%A2+%D7%91%D7%93%D7%99%D7%95%D7%A0%D7%99%2F%D7%90%D7%A7%D7%A9%D7%9F%2F%D7%9E%D7%95%D7%AA%D7%97%D7%9F%2F%D7%94%D7%A8%D7%A4%D7%AA%D7%A7%D7%90%D7%95%D7%AA%22%2C++%22rating%22%3A+%226%22%2C++%22director%22%3A+%22Shane+Black%2FJoecy+Shepherd%2FIngrid+Kenning%2FAmandine+Dufraise%2FJustin+Muller%2FRichard+Cowan%2FBrandon+Lambdin%2FShamess+Shute%22%2C++%22plot%22%3A+%22%D7%94%D7%A6%D7%99%D7%99%D7%93+%D7%94%D7%A7%D7%98%D7%9C%D7%A0%D7%99+%D7%91%D7%99%D7%95%D7%AA%D7%A8+%D7%A9%D7%9C+%D7%94%D7%99%D7%A7%D7%95%D7%9D+%27%D7%94%D7%98%D7%95%D7%A8%D7%A3%27%2C+%D7%9E%D7%92%D7%99%D7%97+%D7%90%D7%9C+%D7%9B%D7%93%D7%95%D7%A8+%D7%94%D7%90%D7%A8%D7%A5+%D7%91%D7%92%D7%A8%D7%A1%D7%AA%D7%95+%D7%94%D7%97%D7%93%D7%A9%D7%94+%D7%95%D7%94%D7%9E%D7%A2%D7%95%D7%93%D7%9B%D7%A0%D7%AA.+%D7%9B%D7%A2%D7%AA%2C+%D7%94%D7%A6%D7%99%D7%99%D7%93%D7%99%D7%9D+%D7%94%D7%9E%D7%90%D7%99%D7%99%D7%9E%D7%99%D7%9D+%D7%91%D7%99%D7%95%D7%AA%D7%A8+%D7%A9%D7%9C+%D7%94%D7%99%D7%A7%D7%95%D7%9D%2C+%D7%A0%D7%95%D7%97%D7%AA%D7%99%D7%9D+%D7%91%D7%A8%D7%97%D7%95%D7%91%D7%95%D7%AA+%D7%A9%D7%9C+%D7%A2%D7%99%D7%99%D7%A8%D7%94+%D7%A7%D7%98%D7%A0%D7%94+%D7%95%D7%A9%D7%A7%D7%98%D7%94%2C+%D7%9B%D7%A9%D7%94%D7%9D+%D7%9E%D7%97%D7%95%D7%96%D7%A7%D7%99%D7%9D+%D7%91%D7%93%D7%99-%D7%90%D7%9F-%D7%90%D7%99%D7%99+%D7%A9%D7%9C+%D7%99%D7%A6%D7%95%D7%A8%D7%99%D7%9D+%D7%90%D7%97%D7%A8%D7%99%D7%9D+%D7%94%D7%A7%D7%99%D7%99%D7%9E%D7%99%D7%9D+%D7%91%D7%A8%D7%97%D7%91%D7%99+%D7%94%D7%92%D7%9C%D7%A7%D7%A1%D7%99%D7%95%D7%AA+%D7%9E%D7%94+%D7%A9%D7%94%D7%95%D7%A4%D7%9A+%D7%90%D7%95%D7%AA%D7%9D+%D7%9C%D7%97%D7%96%D7%A7%D7%99%D7%9D+%D7%99%D7%95%D7%AA%D7%A8%2C+%D7%97%D7%9B%D7%9E%D7%99%D7%9D+%D7%99%D7%95%D7%AA%D7%A8+%D7%95%D7%9B%D7%9E%D7%95%D7%91%D7%9F+%D7%A7%D7%98%D7%9C%D7%A0%D7%99%D7%99%D7%9D+%D7%94%D7%A8%D7%91%D7%94+%D7%99%D7%95%D7%AA%D7%A8.+%D7%95%D7%94%D7%9B%D7%9C+%D7%A7%D7%95%D7%A8%D7%94+%D7%91%D7%92%D7%9C%D7%9C+%D7%A9%D7%A0%D7%A2%D7%A8+%D7%A6%D7%A2%D7%99%D7%A8+%D7%9E%D7%90%D7%99%D7%A5+%D7%91%D7%98%D7%A2%D7%95%D7%AA+%D7%90%D7%AA+%D7%94%D7%95%D7%A4%D7%A2%D7%AA%D7%9D+%D7%A2%D7%9C+%D7%A4%D7%A0%D7%99+%D7%9B%D7%93%D7%95%D7%A8+%D7%94%D7%90%D7%A8%D7%A5%2C+%D7%95%D7%92%D7%95%D7%A8%D7%9C%D7%95+%D7%A0%D7%AA%D7%95%D7%9F+%D7%91%D7%99%D7%93%D7%99%D7%94%D7%9D+%D7%A9%D7%9C+%D7%9B%D7%9E%D7%94+%D7%97%D7%99%D7%99%D7%9C%D7%99%D7%9D+%D7%A1%D7%95%D7%A8%D7%A8%D7%99%D7%9D+%D7%95%D7%9E%D7%93%D7%A2%D7%A0%D7%99%D7%9D+%D7%A4%D7%95%D7%A8%D7%A6%D7%99+%D7%97%D7%95%D7%A7+%D7%A9%D7%99%D7%A0%D7%A1%D7%95+%D7%9C%D7%9E%D7%A0%D7%95%D7%A2+%D7%90%D7%A1%D7%95%D7%9F+%D7%9B%D7%91%D7%93+%D7%A2%D7%9C+%D7%94%D7%90%D7%A0%D7%95%D7%A9%D7%95%D7%AA.%D7%AA%D7%95%D7%93%D7%94+%D7%9C%D7%A0%D7%95%D7%A7%D7%9D%22%2C++%22duration%22%3A+%220%22%2C++%22studios%22%3A+%22Davis+Entertainment%2FTSG+Entertainment%2F20th+Century+Fox%2FDark+Castle+Entertainment%22%2C++%22writer%22%3A+%22Fred+Dekker%2FShane+Black%22%2C++%22code%22%3A+%22tt3829266%22%2C++%22imdbnumber%22%3A+%22tt3829266%22%2C++%22imdb%22%3A+%22tt3829266%22%2C++%22tmdb%22%3A+%22346910%22%2C++%22votes%22%3A+%2236%2C971%22%2C++%22dateadded%22%3A+%222018-11-10+04%3A32%3A16%22%2C++%22trailer%22%3A+%2250_Ala5BKBo%22%2C++%22poster%22%3A+%22http%3A%2F%2Fimage.tmdb.org%2Ft%2Fp%2Foriginal%2F%2Ff4E0ocYeToEuXvczZv6QArrMDJ.jpg%22%2C++%22icon%22%3A+%22http%3A%2F%2Fimage.tmdb.org%2Ft%2Fp%2Foriginal%2F%2FwDX19m0aLGDeT9oiUAFB2UfLW0l.jpg%22%2C++%22year%22%3A+%222018%22%7D&amp;index_depth=0&amp;lang=eng",return)</action>
	</shortcut>
	<shortcut>
		<defaultID>b-colororange-ykvt720mqvr1-b-color</defaultID>
		<label>הנחת 6</label>
		<label2>מועדף</label2>
		<icon>special://skin/extras/icons/files.png</icon>
		<thumb>http://image.tmdb.org/t/p/original//kZgnbvTK1TBI8EjMyhCMYqzk7IN.jpg</thumb>
		<action>PlayMedia("plugin://plugin.video.ghostpremium/?url=H4sIAAAAAAAEAO29B2AcSZYlJi9tynt%2FSvVK1%2BB0oQiAYBMk2JBAEOzBiM3mkuwdaUcjKasqgcplVmVdZhZAzO2dvPfee%2B%2B999577733ujudTif33%2F8%2FXGZkAWz2zkrayZ4hgKrIHz9%2BfB8%2FIuZtu2oe3b3b5PVlXu%2BPmzpri8V2UY6n1eLu7%2F70we%2F%2BcB%2F%2FHu%2Fw7w%2F49%2BPfn3885I8e%2Br%2BPF6v93zj5fwAlDm6GVQAAAA%3D%3D&amp;mode=3&amp;name=%5BB%5D%5BCOLOR+orange%5D%D7%90%D7%99%D7%9B%D7%95%D7%AA+720+%D7%9E%D7%A7%D7%95%D7%A8+1%5B%2FB%5D%5B%2FCOLOR%5D&amp;description=שני נחתים משתפים פעולה כדי להציל נערה חטופה.&amp;data=%7B++%22originaltitle%22%3A+%22The+Marine+6%3A+Close+Quarters+%5B2018%5D%22%2C++%22title%22%3A+%22%D7%94%D7%A0%D7%97%D7%AA+6%3A+%D7%A7%D7%A8%D7%95%D7%91+%D7%9C%D7%91%D7%99%D7%AA%22%2C++%22mediatype%22%3A+%22movie%22%2C++%22heb+title%22%3A+%22%D7%94%D7%A0%D7%97%D7%AA+6%3A+%D7%A7%D7%A8%D7%95%D7%91+%D7%9C%D7%91%D7%99%D7%AA%22%2C++%22genre%22%3A+%22%D7%90%D7%A7%D7%A9%D7%9F%2F%D7%93%D7%A8%D7%9E%D7%94%22%2C++%22rating%22%3A+%225%22%2C++%22director%22%3A+%22James+Nunn%22%2C++%22plot%22%3A+%22%D7%A9%D7%A0%D7%99+%D7%A0%D7%97%D7%AA%D7%99%D7%9D+%D7%9E%D7%A9%D7%AA%D7%A4%D7%99%D7%9D+%D7%A4%D7%A2%D7%95%D7%9C%D7%94+%D7%9B%D7%93%D7%99+%D7%9C%D7%94%D7%A6%D7%99%D7%9C+%D7%A0%D7%A2%D7%A8%D7%94+%D7%97%D7%98%D7%95%D7%A4%D7%94.%22%2C++%22duration%22%3A+%220%22%2C++%22studios%22%3A+%22Fiction+Films%2FWWE+Studios%22%2C++%22writer%22%3A+%22Craig+Walendziak%22%2C++%22code%22%3A+%22tt7668724%22%2C++%22imdbnumber%22%3A+%22tt7668724%22%2C++%22imdb%22%3A+%22tt7668724%22%2C++%22tmdb%22%3A+%22548928%22%2C++%22votes%22%3A+%22178%22%2C++%22dateadded%22%3A+%222018-11-19+13%3A33%3A41%22%2C++%22trailer%22%3A+%22cnSMaV_Xp0k%22%2C++%22poster%22%3A+%22http%3A%2F%2Fimage.tmdb.org%2Ft%2Fp%2Foriginal%2F%2FoYLR6uhKaGeAw3CJYOhvDgUzvJq.jpg%22%2C++%22icon%22%3A+%22http%3A%2F%2Fimage.tmdb.org%2Ft%2Fp%2Foriginal%2F%2FkZgnbvTK1TBI8EjMyhCMYqzk7IN.jpg%22%2C++%22year%22%3A+%222018%22%7D&amp;index_depth=0&amp;lang=eng",return)</action>
	</shortcut>
	<shortcut>
		<defaultID>b-colororange-ykvt720mqvr1-b-color</defaultID>
		<label>מוחות אפלים</label>
		<label2>מועדף</label2>
		<icon>special://skin/extras/icons/files.png</icon>
		<thumb>http://image.tmdb.org/t/p/original//qsPlpmllPrTfsMQYVPXHnt2ATV0.jpg</thumb>
		<action>PlayMedia("plugin://plugin.video.ghostpremium/?url=H4sIAAAAAAAEAO29B2AcSZYlJi9tynt%2FSvVK1%2BB0oQiAYBMk2JBAEOzBiM3mkuwdaUcjKasqgcplVmVdZhZAzO2dvPfee%2B%2B999577733ujudTif33%2F8%2FXGZkAWz2zkrayZ4hgKrIHz9%2BfB8%2FIuZtu2oe3b17dXU1rrNVMbssZnk1nlaLu5d3n%2F3eBw9f3H967%2FXnv%2FAXffZgb2f1Gyf%2FD8k9GCYwAAAA&amp;mode=3&amp;name=%5BB%5D%5BCOLOR+orange%5D%D7%90%D7%99%D7%9B%D7%95%D7%AA+720+%D7%9E%D7%A7%D7%95%D7%A8+1%5B%2FB%5D%5B%2FCOLOR%5D&amp;description=אחרי שמגיפה מחסלת 98% מילדי אמריקה, 2% השורדים מפתחים כוחות על ונאספים אל מחנות כליאה. נערה בת 16 נמלטת מהמחנה ומצטרפת אל קבוצת צעירים במנוסה מהממשלה.&amp;data=%7B++%22originaltitle%22%3A+%22The+Darkest+Minds+%5B2018%5D%22%2C++%22title%22%3A+%22%D7%9E%D7%95%D7%97%D7%95%D7%AA+%D7%90%D7%A4%D7%9C%D7%99%D7%9D%22%2C++%22mediatype%22%3A+%22movie%22%2C++%22heb+title%22%3A+%22%D7%9E%D7%95%D7%97%D7%95%D7%AA+%D7%90%D7%A4%D7%9C%D7%99%D7%9D%22%2C++%22genre%22%3A+%22%D7%9E%D7%93%D7%A2+%D7%91%D7%93%D7%99%D7%95%D7%A0%D7%99%2F%D7%9E%D7%95%D7%AA%D7%97%D7%9F%22%2C++%22rating%22%3A+%226%22%2C++%22director%22%3A+%22Jennifer+Yuh+Nelson%22%2C++%22plot%22%3A+%22%D7%90%D7%97%D7%A8%D7%99+%D7%A9%D7%9E%D7%92%D7%99%D7%A4%D7%94+%D7%9E%D7%97%D7%A1%D7%9C%D7%AA+98%25+%D7%9E%D7%99%D7%9C%D7%93%D7%99+%D7%90%D7%9E%D7%A8%D7%99%D7%A7%D7%94%2C+2%25+%D7%94%D7%A9%D7%95%D7%A8%D7%93%D7%99%D7%9D+%D7%9E%D7%A4%D7%AA%D7%97%D7%99%D7%9D+%D7%9B%D7%95%D7%97%D7%95%D7%AA+%D7%A2%D7%9C+%D7%95%D7%A0%D7%90%D7%A1%D7%A4%D7%99%D7%9D+%D7%90%D7%9C+%D7%9E%D7%97%D7%A0%D7%95%D7%AA+%D7%9B%D7%9C%D7%99%D7%90%D7%94.+%D7%A0%D7%A2%D7%A8%D7%94+%D7%91%D7%AA+16+%D7%A0%D7%9E%D7%9C%D7%98%D7%AA+%D7%9E%D7%94%D7%9E%D7%97%D7%A0%D7%94+%D7%95%D7%9E%D7%A6%D7%98%D7%A8%D7%A4%D7%AA+%D7%90%D7%9C+%D7%A7%D7%91%D7%95%D7%A6%D7%AA+%D7%A6%D7%A2%D7%99%D7%A8%D7%99%D7%9D+%D7%91%D7%9E%D7%A0%D7%95%D7%A1%D7%94+%D7%9E%D7%94%D7%9E%D7%9E%D7%A9%D7%9C%D7%94.%22%2C++%22duration%22%3A+%220%22%2C++%22studios%22%3A+%2221+Laps+Entertainment%22%2C++%22writer%22%3A+%22Alexandra+Bracken%2FChad+Hodge%22%2C++%22code%22%3A+%22tt4073790%22%2C++%22imdbnumber%22%3A+%22tt4073790%22%2C++%22imdb%22%3A+%22tt4073790%22%2C++%22tmdb%22%3A+%22445651%22%2C++%22votes%22%3A+%2213%2C558%22%2C++%22dateadded%22%3A+%222018-11-18+09%3A55%3A18%22%2C++%22trailer%22%3A+%22CcYGYzUsX3E%22%2C++%22poster%22%3A+%22http%3A%2F%2Fimage.tmdb.org%2Ft%2Fp%2Foriginal%2F%2F5BxrMNGl3YDiWgHCVJu8iLQoJDM.jpg%22%2C++%22icon%22%3A+%22http%3A%2F%2Fimage.tmdb.org%2Ft%2Fp%2Foriginal%2F%2FqsPlpmllPrTfsMQYVPXHnt2ATV0.jpg%22%2C++%22year%22%3A+%222018%22%7D&amp;index_depth=0&amp;lang=eng",return)</action>
	</shortcut>
	<shortcut>
		<defaultID>b-colororange-ykvt720mqvr1-b-color</defaultID>
		<label>שחור 47</label>
		<label2>מועדף</label2>
		<icon>special://skin/extras/icons/files.png</icon>
		<thumb>http://image.tmdb.org/t/p/original//gZiu9RIcMeQLUaDVqQffQTl6bhy.jpg</thumb>
		<action>PlayMedia("plugin://plugin.video.ghostpremium/?url=H4sIAAAAAAAEAO29B2AcSZYlJi9tynt%2FSvVK1%2BB0oQiAYBMk2JBAEOzBiM3mkuwdaUcjKasqgcplVmVdZhZAzO2dvPfee%2B%2B999577733ujudTif33%2F8%2FXGZkAWz2zkrayZ4hgKrIHz9%2BfB8%2FIuZtu2oe3b17dXU1rrNVMbssZnk1nlaLu5d3n%2F3e93bPPv%2Fi%2BNtf%2FMJf9NmDvZ3Vb5z8P6sIkKUwAAAA&amp;mode=3&amp;name=%5BB%5D%5BCOLOR+orange%5D%D7%90%D7%99%D7%9B%D7%95%D7%AA+720+%D7%9E%D7%A7%D7%95%D7%A8+1%5B%2FB%5D%5B%2FCOLOR%5D&amp;description=הדרמה מתרחשת באירלנד במהלך הרעב הגדול, ועוקבת אחרי ריינג 'ר אירי אשר נלחם עבור הצבא הבריטי בחו'ל.&amp;data=%7B++%22originaltitle%22%3A+%22Black+%2747+%5B2018%5D%22%2C++%22title%22%3A+%22%D7%A9%D7%97%D7%95%D7%A8+47%22%2C++%22mediatype%22%3A+%22movie%22%2C++%22heb+title%22%3A+%22%D7%A9%D7%97%D7%95%D7%A8+47%22%2C++%22genre%22%3A+%22%D7%93%D7%A8%D7%9E%D7%94%2F%D7%9E%D7%A2%D7%A8%D7%91%D7%95%D7%9F%22%2C++%22rating%22%3A+%227%22%2C++%22director%22%3A+%22Lance+Daly%22%2C++%22plot%22%3A+%22%D7%94%D7%93%D7%A8%D7%9E%D7%94+%D7%9E%D7%AA%D7%A8%D7%97%D7%A9%D7%AA+%D7%91%D7%90%D7%99%D7%A8%D7%9C%D7%A0%D7%93+%D7%91%D7%9E%D7%94%D7%9C%D7%9A+%D7%94%D7%A8%D7%A2%D7%91+%D7%94%D7%92%D7%93%D7%95%D7%9C%2C+%D7%95%D7%A2%D7%95%D7%A7%D7%91%D7%AA+%D7%90%D7%97%D7%A8%D7%99+%D7%A8%D7%99%D7%99%D7%A0%D7%92+%27%D7%A8+%D7%90%D7%99%D7%A8%D7%99+%D7%90%D7%A9%D7%A8+%D7%A0%D7%9C%D7%97%D7%9D+%D7%A2%D7%91%D7%95%D7%A8+%D7%94%D7%A6%D7%91%D7%90+%D7%94%D7%91%D7%A8%D7%99%D7%98%D7%99+%D7%91%D7%97%D7%95%27%D7%9C.%22%2C++%22duration%22%3A+%220%22%2C++%22studios%22%3A+%22Fastnet+Films%22%2C++%22writer%22%3A+%22Pierce+Ryan%2FP.J.+Dillon%2FLance+Daly%2FEugene+O%E2%80%99Brien%22%2C++%22code%22%3A+%22tt3208026%22%2C++%22imdbnumber%22%3A+%22tt3208026%22%2C++%22imdb%22%3A+%22tt3208026%22%2C++%22tmdb%22%3A+%22438145%22%2C++%22votes%22%3A+%223%2C756%22%2C++%22dateadded%22%3A+%222018-11-18+10%3A00%3A34%22%2C++%22trailer%22%3A+%22q1W1DLwg3lk%22%2C++%22poster%22%3A+%22http%3A%2F%2Fimage.tmdb.org%2Ft%2Fp%2Foriginal%2F%2Fs8zsrC8FUQtWbywL7oYY7AZ9PMQ.jpg%22%2C++%22icon%22%3A+%22http%3A%2F%2Fimage.tmdb.org%2Ft%2Fp%2Foriginal%2F%2FgZiu9RIcMeQLUaDVqQffQTl6bhy.jpg%22%2C++%22year%22%3A+%222018%22%7D&amp;index_depth=0&amp;lang=eng",return)</action>
	</shortcut>
	<shortcut>
		<defaultID>b-colororange-ykvt720mqvr1-b-color</defaultID>
		<label>כל הדרך אלייך</label>
		<label2>מועדף</label2>
		<icon>special://skin/extras/icons/files.png</icon>
		<thumb>http://image.tmdb.org/t/p/original//8kvTpqpKtjp9eK4I18tOxS874XB.jpg</thumb>
		<action>PlayMedia("plugin://plugin.video.ghostpremium/?url=H4sIAAAAAAAEAO29B2AcSZYlJi9tynt%2FSvVK1%2BB0oQiAYBMk2JBAEOzBiM3mkuwdaUcjKasqgcplVmVdZhZAzO2dvPfee%2B%2B999577733ujudTif33%2F8%2FXGZkAWz2zkrayZ4hgKrIHz9%2BfB8%2FIuZtu2oe3b1b5m2zXpVVNhtPq7u7v89P3bv7plq34%2Bf5%2BItqOcvHT%2FMJ%2Ft7b2T0YP3t1%2BuLk2%2BMHezur8ZNy%2FSq7Hr%2Fb%2B3R%2F%2B6vyumny7W%2Fnk9fryfbV1RW9WxezYjFuL8eLt5e%2FcfL%2FABBdQhFvAAAA&amp;mode=3&amp;name=%5BB%5D%5BCOLOR+orange%5D%D7%90%D7%99%D7%9B%D7%95%D7%AA+720+%D7%9E%D7%A7%D7%95%D7%A8+1%5B%2FB%5D%5B%2FCOLOR%5D&amp;description=ז'וסלן, איש עסקים מצליח, גבר נאה שמנהל חברה גדולה, שומר על כושר, רגיל לקבל כל מה שהוא רוצה, אוהב מאוד נשים, ומשקר ללא סוף. יום אחד הוא פוגש בחורה צעירה יפייפיה וכמו שהוא כבר עשה מאות פעמים, הוא מוכן להגיד ולעשות כל מה שצריך בשביל שתשים לב אליו. סדרה של צירופי מקרים משעשעים מובילה אותו להעמיד פנים שהוא מרותק לכסא גלגלים, ונדמה שמסע הכיבוש שלו מצליח עד שהוא פוגש את אחותה, שמגיעה בכסא גלגלים בעצמה.&amp;data=%7B++%22originaltitle%22%3A+%22Rolling+to+You+%5B2018%5D%22%2C++%22title%22%3A+%22%D7%9B%D7%9C+%D7%94%D7%93%D7%A8%D7%9A+%D7%90%D7%9C%D7%99%D7%99%D7%9A%22%2C++%22mediatype%22%3A+%22movie%22%2C++%22heb+title%22%3A+%22%D7%9B%D7%9C+%D7%94%D7%93%D7%A8%D7%9A+%D7%90%D7%9C%D7%99%D7%99%D7%9A%22%2C++%22genre%22%3A+%22%D7%A7%D7%95%D7%9E%D7%93%D7%99%D7%94%2F%D7%A8%D7%95%D7%9E%D7%A0%D7%98%D7%99%22%2C++%22rating%22%3A+%226%22%2C++%22director%22%3A+%22Franck+Dubosc%22%2C++%22plot%22%3A+%22%D7%96%27%D7%95%D7%A1%D7%9C%D7%9F%2C+%D7%90%D7%99%D7%A9+%D7%A2%D7%A1%D7%A7%D7%99%D7%9D+%D7%9E%D7%A6%D7%9C%D7%99%D7%97%2C+%D7%92%D7%91%D7%A8+%D7%A0%D7%90%D7%94+%D7%A9%D7%9E%D7%A0%D7%94%D7%9C+%D7%97%D7%91%D7%A8%D7%94+%D7%92%D7%93%D7%95%D7%9C%D7%94%2C+%D7%A9%D7%95%D7%9E%D7%A8+%D7%A2%D7%9C+%D7%9B%D7%95%D7%A9%D7%A8%2C+%D7%A8%D7%92%D7%99%D7%9C+%D7%9C%D7%A7%D7%91%D7%9C+%D7%9B%D7%9C+%D7%9E%D7%94+%D7%A9%D7%94%D7%95%D7%90+%D7%A8%D7%95%D7%A6%D7%94%2C+%D7%90%D7%95%D7%94%D7%91+%D7%9E%D7%90%D7%95%D7%93+%D7%A0%D7%A9%D7%99%D7%9D%2C+%D7%95%D7%9E%D7%A9%D7%A7%D7%A8+%D7%9C%D7%9C%D7%90+%D7%A1%D7%95%D7%A3.+%D7%99%D7%95%D7%9D+%D7%90%D7%97%D7%93+%D7%94%D7%95%D7%90+%D7%A4%D7%95%D7%92%D7%A9+%D7%91%D7%97%D7%95%D7%A8%D7%94+%D7%A6%D7%A2%D7%99%D7%A8%D7%94+%D7%99%D7%A4%D7%99%D7%99%D7%A4%D7%99%D7%94+%D7%95%D7%9B%D7%9E%D7%95+%D7%A9%D7%94%D7%95%D7%90+%D7%9B%D7%91%D7%A8+%D7%A2%D7%A9%D7%94+%D7%9E%D7%90%D7%95%D7%AA+%D7%A4%D7%A2%D7%9E%D7%99%D7%9D%2C+%D7%94%D7%95%D7%90+%D7%9E%D7%95%D7%9B%D7%9F+%D7%9C%D7%94%D7%92%D7%99%D7%93+%D7%95%D7%9C%D7%A2%D7%A9%D7%95%D7%AA+%D7%9B%D7%9C+%D7%9E%D7%94+%D7%A9%D7%A6%D7%A8%D7%99%D7%9A+%D7%91%D7%A9%D7%91%D7%99%D7%9C+%D7%A9%D7%AA%D7%A9%D7%99%D7%9D+%D7%9C%D7%91+%D7%90%D7%9C%D7%99%D7%95.+%D7%A1%D7%93%D7%A8%D7%94+%D7%A9%D7%9C+%D7%A6%D7%99%D7%A8%D7%95%D7%A4%D7%99+%D7%9E%D7%A7%D7%A8%D7%99%D7%9D+%D7%9E%D7%A9%D7%A2%D7%A9%D7%A2%D7%99%D7%9D+%D7%9E%D7%95%D7%91%D7%99%D7%9C%D7%94+%D7%90%D7%95%D7%AA%D7%95+%D7%9C%D7%94%D7%A2%D7%9E%D7%99%D7%93+%D7%A4%D7%A0%D7%99%D7%9D+%D7%A9%D7%94%D7%95%D7%90+%D7%9E%D7%A8%D7%95%D7%AA%D7%A7+%D7%9C%D7%9B%D7%A1%D7%90+%D7%92%D7%9C%D7%92%D7%9C%D7%99%D7%9D%2C+%D7%95%D7%A0%D7%93%D7%9E%D7%94+%D7%A9%D7%9E%D7%A1%D7%A2+%D7%94%D7%9B%D7%99%D7%91%D7%95%D7%A9+%D7%A9%D7%9C%D7%95+%D7%9E%D7%A6%D7%9C%D7%99%D7%97+%D7%A2%D7%93+%D7%A9%D7%94%D7%95%D7%90+%D7%A4%D7%95%D7%92%D7%A9+%D7%90%D7%AA+%D7%90%D7%97%D7%95%D7%AA%D7%94%2C+%D7%A9%D7%9E%D7%92%D7%99%D7%A2%D7%94+%D7%91%D7%9B%D7%A1%D7%90+%D7%92%D7%9C%D7%92%D7%9C%D7%99%D7%9D+%D7%91%D7%A2%D7%A6%D7%9E%D7%94.%22%2C++%22duration%22%3A+%220%22%2C++%22studios%22%3A+%22Gaumont%2FLGM+Productions%22%2C++%22writer%22%3A+%22Franck+Dubosc%22%2C++%22code%22%3A+%22tt6838702%22%2C++%22imdbnumber%22%3A+%22tt6838702%22%2C++%22imdb%22%3A+%22tt6838702%22%2C++%22tmdb%22%3A+%22458534%22%2C++%22votes%22%3A+%221%2C707%22%2C++%22dateadded%22%3A+%222018-11-23+04%3A08%3A55%22%2C++%22trailer%22%3A+%22i_36t_LEiZw%22%2C++%22poster%22%3A+%22http%3A%2F%2Fimage.tmdb.org%2Ft%2Fp%2Foriginal%2F%2Fkq2Q91AUB6catLkjMdIyIfPha10.jpg%22%2C++%22icon%22%3A+%22http%3A%2F%2Fimage.tmdb.org%2Ft%2Fp%2Foriginal%2F%2F8kvTpqpKtjp9eK4I18tOxS874XB.jpg%22%2C++%22year%22%3A+%222018%22%7D&amp;index_depth=0&amp;lang=eng",return)</action>
	</shortcut>
	<shortcut>
		<defaultID>b-colororange-ykvt720mqvr2-b-color</defaultID>
		<label>מלך העקרבים 2018</label>
		<label2>מועדף</label2>
		<icon>special://skin/extras/icons/files.png</icon>
		<thumb>http://image.tmdb.org/t/p/original//mSviUMejPmerwoQxdj7wR4Ky1Fd.jpg</thumb>
		<action>PlayMedia("plugin://plugin.video.ghostpremium/?url=H4sIAAAAAAAEAO29B2AcSZYlJi9tynt%2FSvVK1%2BB0oQiAYBMk2JBAEOzBiM3mkuwdaUcjKasqgcplVmVdZhZAzO2dvPfee%2B%2B999577733ujudTif33%2F8%2FXGZkAWz2zkrayZ4hgKrIHz9%2BfB8%2FIuZtu2oe3b17dXU1rrNVMbssZnk1nlaLu5d3n33399l%2Fsvudp%2Fs7v3Hy%2FwDEmhHEKQAAAA%3D%3D&amp;mode=3&amp;name=%5BB%5D%5BCOLOR+orange%5D%D7%90%D7%99%D7%9B%D7%95%D7%AA+720+%D7%9E%D7%A7%D7%95%D7%A8+2%5B%2FB%5D%5B%2FCOLOR%5D&amp;description= nkl vgercho יחד עם לוחמת בשם טאלה, שהיא אחותו של המלך נובי. יחד הם מחפשים אחר שריד אגדי המכונה ספר הנשמות, אשר יאפשר להם לשים קץ למנהיג אכזרי הרוצה לשמיד אותם.&amp;data=%7B++%22originaltitle%22%3A+%22The+Scorpion+King%3A+Book+of+Souls+%5B2018%5D%22%2C++%22title%22%3A+%22The+Scorpion+King%3A+Book+of+Souls%22%2C++%22mediatype%22%3A+%22movie%22%2C++%22heb+title%22%3A+%22The+Scorpion+King%3A+Book+of+Souls%22%2C++%22genre%22%3A+%22%D7%94%D7%A8%D7%A4%D7%AA%D7%A7%D7%90%D7%95%D7%AA%2F%D7%90%D7%A7%D7%A9%D7%9F%2F%D7%A4%D7%A0%D7%98%D7%96%D7%99%D7%94%22%2C++%22rating%22%3A+%225%22%2C++%22director%22%3A+%22Don+Michael+Paul%22%2C++%22plot%22%3A+%22+nkl+vgercho+%D7%99%D7%97%D7%93+%D7%A2%D7%9D+%D7%9C%D7%95%D7%97%D7%9E%D7%AA+%D7%91%D7%A9%D7%9D+%D7%98%D7%90%D7%9C%D7%94%2C+%D7%A9%D7%94%D7%99%D7%90+%D7%90%D7%97%D7%95%D7%AA%D7%95+%D7%A9%D7%9C+%D7%94%D7%9E%D7%9C%D7%9A+%D7%A0%D7%95%D7%91%D7%99.+%D7%99%D7%97%D7%93+%D7%94%D7%9D+%D7%9E%D7%97%D7%A4%D7%A9%D7%99%D7%9D+%D7%90%D7%97%D7%A8+%D7%A9%D7%A8%D7%99%D7%93+%D7%90%D7%92%D7%93%D7%99+%D7%94%D7%9E%D7%9B%D7%95%D7%A0%D7%94+%D7%A1%D7%A4%D7%A8+%D7%94%D7%A0%D7%A9%D7%9E%D7%95%D7%AA%2C+%D7%90%D7%A9%D7%A8+%D7%99%D7%90%D7%A4%D7%A9%D7%A8+%D7%9C%D7%94%D7%9D+%D7%9C%D7%A9%D7%99%D7%9D+%D7%A7%D7%A5+%D7%9C%D7%9E%D7%A0%D7%94%D7%99%D7%92+%D7%90%D7%9B%D7%96%D7%A8%D7%99+%D7%94%D7%A8%D7%95%D7%A6%D7%94+%D7%9C%D7%A9%D7%9E%D7%99%D7%93+%D7%90%D7%95%D7%AA%D7%9D.%22%2C++%22duration%22%3A+%220%22%2C++%22studios%22%3A+%22Universal+1440+Entertainment%22%2C++%22writer%22%3A+%22Frank+DeJohn%2FDavid+Alton+Hedges%22%2C++%22code%22%3A+%22tt7338690%22%2C++%22imdbnumber%22%3A+%22tt7338690%22%2C++%22imdb%22%3A+%22tt7338690%22%2C++%22tmdb%22%3A+%22522417%22%2C++%22votes%22%3A+%22545%22%2C++%22dateadded%22%3A+%222018-11-6+04%3A03%3A10%22%2C++%22trailer%22%3A+%22anvnDpxWyJc%22%2C++%22poster%22%3A+%22http%3A%2F%2Fimage.tmdb.org%2Ft%2Fp%2Foriginal%2F%2Ftw4iYlxu0FIX4kmlFlprScdSfeA.jpg%22%2C++%22icon%22%3A+%22http%3A%2F%2Fimage.tmdb.org%2Ft%2Fp%2Foriginal%2F%2FmSviUMejPmerwoQxdj7wR4Ky1Fd.jpg%22%2C++%22year%22%3A+%222018%22%7D&amp;index_depth=0&amp;lang=eng",return)</action>
	</shortcut>
</shortcuts>
