<?xml version='1.0' encoding='UTF-8'?>
<shortcuts>
	<shortcut>
		<defaultID>plugin.video.metalliq-forqed/movies/search</defaultID>
		<label>[COLOR cyan]חיפוש[/COLOR]</label>
		<label2>פריטים מותאמים אישית</label2>
		<icon>special://skin/extras/icons/files.png</icon>
		<thumb>special://skin/extras/icons/blank.png</thumb>
		<action>ActivateWindow(10025,"plugin://plugin.video.metalliq/movies/search",return)</action>
	</shortcut>
	<shortcut>
		<defaultID>plugin.video.metalliq/movies/tmdb/genres</defaultID>
		<label>[COLOR cyan]קטגוריות[/COLOR]</label>
		<label2>הרחבת וידאו</label2>
		<icon>DefaultShortcut.png</icon>
		<thumb>special://skin/extras/icons/blank.png</thumb>
		<action>ActivateWindow(Videos,"plugin://plugin.video.metalliq/movies/tmdb/genres",return)</action>
	</shortcut>
	<shortcut>
		<defaultID>plugin.video.metalliq-forqed/tv</defaultID>
		<label>[COLOR yellow]סדרות[/COLOR]</label>
		<label2>הרחבת וידאו</label2>
		<icon>DefaultShortcut.png</icon>
		<thumb>special://skin/extras/icons/blank.png</thumb>
		<action>ActivateWindow(Videos,"plugin://plugin.video.metalliq-forqed/tv",return)</action>
	</shortcut>
	<shortcut>
		<defaultID>plugin.video.metalliq-forqed/movies/genre/27/1</defaultID>
		<label>אימה</label>
		<label2>פריטים מותאמים אישית</label2>
		<icon>special://skin/extras/icons/files.png</icon>
		<thumb>special://skin/extras/icons/blank.png</thumb>
		<action>ActivateWindow(10025,"plugin://plugin.video.metalliq/movies/genre/27/1",return)</action>
	</shortcut>
	<shortcut>
		<defaultID>plugin.video.metalliq-forqed/movies/genre/16/1</defaultID>
		<label>אנימציה</label>
		<label2>פריטים מותאמים אישית</label2>
		<icon>special://skin/extras/icons/files.png</icon>
		<thumb>special://skin/extras/icons/blank.png</thumb>
		<action>ActivateWindow(10025,"plugin://plugin.video.metalliq/movies/genre/16/1",return)</action>
	</shortcut>
	<shortcut>
		<defaultID>plugin.video.metalliq-forqed/movies/genre/28/1</defaultID>
		<label>אקשן</label>
		<label2>פריטים מותאמים אישית</label2>
		<icon>special://skin/extras/icons/files.png</icon>
		<thumb>special://skin/extras/icons/blank.png</thumb>
		<action>ActivateWindow(10025,"plugin://plugin.video.metalliq/movies/genre/28/1",return)</action>
	</shortcut>
	<shortcut>
		<defaultID>plugin.video.metalliq-forqed/movies/genre/99/1</defaultID>
		<label>דוקומנטרי</label>
		<label2>פריטים מותאמים אישית</label2>
		<icon>special://skin/extras/icons/files.png</icon>
		<thumb>special://skin/extras/icons/blank.png</thumb>
		<action>ActivateWindow(10025,"plugin://plugin.video.metalliq/movies/genre/99/1",return)</action>
	</shortcut>
	<shortcut>
		<defaultID>plugin.video.metalliq-forqed/movies/genre/18/1</defaultID>
		<label>דרמה</label>
		<label2>פריטים מותאמים אישית</label2>
		<icon>special://skin/extras/icons/files.png</icon>
		<thumb>special://skin/extras/icons/blank.png</thumb>
		<action>ActivateWindow(10025,"plugin://plugin.video.metalliq/movies/genre/18/1",return)</action>
	</shortcut>
	<shortcut>
		<defaultID>plugin.video.metalliq-forqed/movies/genre/36/1</defaultID>
		<label>הסטוריה</label>
		<label2>פריטים מותאמים אישית</label2>
		<icon>special://skin/extras/icons/files.png</icon>
		<thumb>special://skin/extras/icons/blank.png</thumb>
		<action>ActivateWindow(10025,"plugin://plugin.video.metalliq/movies/genre/36/1",return)</action>
	</shortcut>
	<shortcut>
		<defaultID>plugin.video.metalliq-forqed/movies/genre/12/1</defaultID>
		<label>הרפתקאות</label>
		<label2>פריטים מותאמים אישית</label2>
		<icon>special://skin/extras/icons/files.png</icon>
		<thumb>special://skin/extras/icons/blank.png</thumb>
		<action>ActivateWindow(10025,"plugin://plugin.video.metalliq/movies/genre/12/1",return)</action>
	</shortcut>
	<shortcut>
		<defaultID>plugin.video.metalliq-forqed/movies/genre/878/1</defaultID>
		<label>מדע בדיוני</label>
		<label2>פריטים מותאמים אישית</label2>
		<icon>special://skin/extras/icons/files.png</icon>
		<thumb>special://skin/extras/icons/blank.png</thumb>
		<action>ActivateWindow(10025,"plugin://plugin.video.metalliq/movies/genre/878/1",return)</action>
	</shortcut>
	<shortcut>
		<defaultID>plugin.video.metalliq-forqed/movies/genre/10402/1</defaultID>
		<label>מוסיקה</label>
		<label2>פריטים מותאמים אישית</label2>
		<icon>special://skin/extras/icons/files.png</icon>
		<thumb>special://skin/extras/icons/blank.png</thumb>
		<action>ActivateWindow(10025,"plugin://plugin.video.metalliq/movies/genre/10402/1",return)</action>
	</shortcut>
	<shortcut>
		<defaultID>plugin.video.metalliq-forqed/movies/genre/53/1</defaultID>
		<label>מותחן</label>
		<label2>פריטים מותאמים אישית</label2>
		<icon>special://skin/extras/icons/files.png</icon>
		<thumb>special://skin/extras/icons/blank.png</thumb>
		<action>ActivateWindow(10025,"plugin://plugin.video.metalliq/movies/genre/53/1",return)</action>
	</shortcut>
	<shortcut>
		<defaultID>plugin.video.metalliq-forqed/movies/genre/10752/1</defaultID>
		<label>מלחמה</label>
		<label2>פריטים מותאמים אישית</label2>
		<icon>special://skin/extras/icons/files.png</icon>
		<thumb>special://skin/extras/icons/blank.png</thumb>
		<action>ActivateWindow(10025,"plugin://plugin.video.metalliq/movies/genre/10752/1",return)</action>
	</shortcut>
	<shortcut>
		<defaultID>plugin.video.metalliq-forqed/movies/genre/9648/1</defaultID>
		<label>מסתורין</label>
		<label2>פריטים מותאמים אישית</label2>
		<icon>special://skin/extras/icons/files.png</icon>
		<thumb>special://skin/extras/icons/blank.png</thumb>
		<action>ActivateWindow(10025,"plugin://plugin.video.metalliq/movies/genre/9648/1",return)</action>
	</shortcut>
	<shortcut>
		<defaultID>plugin.video.metalliq-forqed/movies/genre/37/1</defaultID>
		<label>מערבון</label>
		<label2>פריטים מותאמים אישית</label2>
		<icon>special://skin/extras/icons/files.png</icon>
		<thumb>special://skin/extras/icons/blank.png</thumb>
		<action>ActivateWindow(10025,"plugin://plugin.video.metalliq/movies/genre/37/1",return)</action>
	</shortcut>
	<shortcut>
		<defaultID>plugin.video.metalliq-forqed/movies/genre/10751/1</defaultID>
		<label>משפחה</label>
		<label2>פריטים מותאמים אישית</label2>
		<icon>special://skin/extras/icons/files.png</icon>
		<thumb>special://skin/extras/icons/blank.png</thumb>
		<action>ActivateWindow(10025,"plugin://plugin.video.metalliq/movies/genre/10751/1",return)</action>
	</shortcut>
	<shortcut>
		<defaultID>plugin.video.metalliq-forqed/movies/genre/10770/1</defaultID>
		<label>סרט טלויזיה</label>
		<label2>פריטים מותאמים אישית</label2>
		<icon>special://skin/extras/icons/files.png</icon>
		<thumb>special://skin/extras/icons/blank.png</thumb>
		<action>ActivateWindow(10025,"plugin://plugin.video.metalliq/movies/genre/10770/1",return)</action>
	</shortcut>
	<shortcut>
		<defaultID>plugin.video.metalliq-forqed/movies/genre/14/1</defaultID>
		<label>פנטזיה</label>
		<label2>פריטים מותאמים אישית</label2>
		<icon>special://skin/extras/icons/files.png</icon>
		<thumb>special://skin/extras/icons/blank.png</thumb>
		<action>ActivateWindow(10025,"plugin://plugin.video.metalliq/movies/genre/14/1",return)</action>
	</shortcut>
	<shortcut>
		<defaultID>plugin.video.metalliq-forqed/movies/genre/80/1</defaultID>
		<label>פשע</label>
		<label2>פריטים מותאמים אישית</label2>
		<icon>special://skin/extras/icons/files.png</icon>
		<thumb>special://skin/extras/icons/blank.png</thumb>
		<action>ActivateWindow(10025,"plugin://plugin.video.metalliq/movies/genre/80/1",return)</action>
	</shortcut>
	<shortcut>
		<defaultID>plugin.video.metalliq-forqed/movies/genre/35/1</defaultID>
		<label>קומדיה</label>
		<label2>פריטים מותאמים אישית</label2>
		<icon>special://skin/extras/icons/files.png</icon>
		<thumb>special://skin/extras/icons/blank.png</thumb>
		<action>ActivateWindow(10025,"plugin://plugin.video.metalliq/movies/genre/35/1",return)</action>
	</shortcut>
	<shortcut>
		<defaultID>plugin.video.metalliq-forqed/movies/genre/10749/1</defaultID>
		<label>רומנטי</label>
		<label2>פריטים מותאמים אישית</label2>
		<icon>special://skin/extras/icons/files.png</icon>
		<thumb>special://skin/extras/icons/blank.png</thumb>
		<action>ActivateWindow(10025,"plugin://plugin.video.metalliq/movies/genre/10749/1",return)</action>
	</shortcut>
</shortcuts>
