<?xml version='1.0' encoding='UTF-8'?>
<shortcuts>
	<shortcut>
		<defaultID>rvtshsrtym2016</defaultID>
		<label>ערוץ הסרטים 2016</label>
		<label2>מועדף</label2>
		<icon>special://skin/extras/icons/files.png</icon>
		<thumb>special://home/userdata/genresicons/Family.png</thumb>
		<action>PlayMedia("plugin://plugin.video.ghostpremium/?url=%5BB%5D%5BCOLOR+orange%5D%D7%A1%D7%A8%D7%98%D7%99%D7%9D%5B%2FB%5D%5B%2FCOLOR%5D%5BB%5D%D7%A1%D7%A8%D7%98%D7%99%D7%9D+%D7%97%D7%95%D7%9C+%D7%9C%D7%A6%D7%A4%D7%99%D7%99%D7%94+%D7%91%D7%A8%D7%A6%D7%A3%5B%2FB%5D%40%D7%A2%D7%A8%D7%95%D7%A5+%D7%94%D7%A1%D7%A8%D7%98%D7%99%D7%9D+2016&amp;mode=14&amp;name=%D7%A2%D7%A8%D7%95%D7%A5+%D7%94%D7%A1%D7%A8%D7%98%D7%99%D7%9D+2016&amp;description= &amp;data=+&amp;index_depth=0&amp;lang=eng",return)</action>
	</shortcut>
	<shortcut>
		<defaultID>rvtshsrtym2017</defaultID>
		<label>ערוץ הסרטים 2017</label>
		<label2>מועדף</label2>
		<icon>special://skin/extras/icons/files.png</icon>
		<thumb>special://home/userdata/genresicons/Family.png</thumb>
		<action>PlayMedia("plugin://plugin.video.ghostpremium/?url=%5BB%5D%5BCOLOR+orange%5D%D7%A1%D7%A8%D7%98%D7%99%D7%9D%5B%2FB%5D%5B%2FCOLOR%5D%5BB%5D%D7%A1%D7%A8%D7%98%D7%99%D7%9D+%D7%97%D7%95%D7%9C+%D7%9C%D7%A6%D7%A4%D7%99%D7%99%D7%94+%D7%91%D7%A8%D7%A6%D7%A3%5B%2FB%5D%40%D7%A2%D7%A8%D7%95%D7%A5+%D7%94%D7%A1%D7%A8%D7%98%D7%99%D7%9D+2017&amp;mode=14&amp;name=%D7%A2%D7%A8%D7%95%D7%A5+%D7%94%D7%A1%D7%A8%D7%98%D7%99%D7%9D+2017&amp;description= &amp;data=+&amp;index_depth=0&amp;lang=eng",return)</action>
	</shortcut>
	<shortcut>
		<defaultID>rvtshsrtym2018</defaultID>
		<label>ערוץ הסרטים 2018</label>
		<label2>מועדף</label2>
		<icon>special://skin/extras/icons/files.png</icon>
		<thumb>special://home/userdata/genresicons/Family.png</thumb>
		<action>PlayMedia("plugin://plugin.video.ghostpremium/?url=%5BB%5D%5BCOLOR+orange%5D%D7%A1%D7%A8%D7%98%D7%99%D7%9D%5B%2FB%5D%5B%2FCOLOR%5D%5BB%5D%D7%A1%D7%A8%D7%98%D7%99%D7%9D+%D7%97%D7%95%D7%9C+%D7%9C%D7%A6%D7%A4%D7%99%D7%99%D7%94+%D7%91%D7%A8%D7%A6%D7%A3%5B%2FB%5D%40%D7%A2%D7%A8%D7%95%D7%A5+%D7%94%D7%A1%D7%A8%D7%98%D7%99%D7%9D+2018&amp;mode=14&amp;name=%D7%A2%D7%A8%D7%95%D7%A5+%D7%94%D7%A1%D7%A8%D7%98%D7%99%D7%9D+2018&amp;description= &amp;data=+&amp;index_depth=0&amp;lang=eng",return)</action>
	</shortcut>
	<shortcut>
		<defaultID>rvtshsrtym2019</defaultID>
		<label>ערוץ הסרטים 2019</label>
		<label2>מועדף</label2>
		<icon>special://skin/extras/icons/files.png</icon>
		<thumb>special://home/userdata/genresicons/Family.png</thumb>
		<action>PlayMedia("plugin://plugin.video.ghostpremium/?url=%5BB%5D%5BCOLOR+orange%5D%D7%A1%D7%A8%D7%98%D7%99%D7%9D%5B%2FB%5D%5B%2FCOLOR%5D%5BB%5D%D7%A1%D7%A8%D7%98%D7%99%D7%9D+%D7%97%D7%95%D7%9C+%D7%9C%D7%A6%D7%A4%D7%99%D7%99%D7%94+%D7%91%D7%A8%D7%A6%D7%A3%5B%2FB%5D%40%D7%A2%D7%A8%D7%95%D7%A5+%D7%94%D7%A1%D7%A8%D7%98%D7%99%D7%9D+2019&amp;mode=14&amp;name=%D7%A2%D7%A8%D7%95%D7%A5+%D7%94%D7%A1%D7%A8%D7%98%D7%99%D7%9D+2019&amp;description= &amp;data=+&amp;index_depth=0&amp;lang=eng",return)</action>
	</shortcut>
	<shortcut>
		<defaultID>rvtssrtymkllybrtsp</defaultID>
		<label>כללי 1</label>
		<label2>מועדף</label2>
		<icon>special://skin/extras/icons/files.png</icon>
		<thumb>special://home/userdata/genresicons/Biography.png</thumb>
		<action>PlayMedia("plugin://plugin.video.ghostpremium/?url=%5BB%5D%5BCOLOR+orange%5D%D7%A1%D7%A8%D7%98%D7%99%D7%9D%5B%2FB%5D%5B%2FCOLOR%5D%5BB%5D%D7%A1%D7%A8%D7%98%D7%99%D7%9D+%D7%97%D7%95%D7%9C+%D7%9C%D7%A6%D7%A4%D7%99%D7%99%D7%94+%D7%91%D7%A8%D7%A6%D7%A3%5B%2FB%5D%40%D7%A2%D7%A8%D7%95%D7%A5+%D7%A1%D7%A8%D7%98%D7%99%D7%9D+%D7%9B%D7%9C%D7%9C%D7%99+%D7%91%D7%A8%D7%A6%D7%A3&amp;mode=14&amp;name=%D7%A2%D7%A8%D7%95%D7%A5+%D7%A1%D7%A8%D7%98%D7%99%D7%9D+%D7%9B%D7%9C%D7%9C%D7%99+%D7%91%D7%A8%D7%A6%D7%A3&amp;description=ברוכים הבאים לגוסט ערוצי הסרטים , מקווים שתהנו מהתוכן האיכותי. שימו לב יתכנו קישורים לא פעילים כמו בכול הרחבה זה יכול לקרות אבל יש לנו מערכת דיווחים אונליין שמאפשרת לנו לקבל את המידע המלא על כל סרט שלחצתם ולא עבד לכם. הטיפול בתקלה הינו עד 24 שעות בלי התחייבות. הצוות שלנו יעשה את מירב המאמצים על מנת לטפל בקישור התקול בזמן הקצר ביותר. יש לכם עוד שאלות רוצים לקבל עוד מידע? הצטרפו אלינו לקבוצת הטלגרם שלנו @wearenotexist ונשמח לעמוד לרשותכם המשך צפייה מהנה.&amp;data=%7B%22title%22%3A%22%40%D7%A2%D7%A8%D7%95%D7%A5+%D7%A1%D7%A8%D7%98%D7%99%D7%9D+%D7%9B%D7%9C%D7%9C%D7%99+%D7%91%D7%A8%D7%A6%D7%A3%22%2C%22Season%22%3A+%22+%22%2C%22Episode%22%3A+%22+%22%2C%22originaltitle%22%3A+%22%40%D7%A2%D7%A8%D7%95%D7%A5+%D7%A1%D7%A8%D7%98%D7%99%D7%9D+%D7%9B%D7%9C%D7%9C%D7%99+%D7%91%D7%A8%D7%A6%D7%A3%22%2C%22year%22%3A+%222018-12-15+06%3A46%3A37%22%2C%22dateadded%22%3A+%22%D7%91%D7%A8%D7%95%D7%9B%D7%99%D7%9D+%D7%94%D7%91%D7%90%D7%99%D7%9D+%D7%9C%D7%92%D7%95%D7%A1%D7%98+%D7%A2%D7%A8%D7%95%D7%A6%D7%99+%D7%94%D7%A1%D7%A8%D7%98%D7%99%D7%9D+%2C+%D7%9E%D7%A7%D7%95%D7%95%D7%99%D7%9D+%D7%A9%D7%AA%D7%94%D7%A0%D7%95+%D7%9E%D7%94%D7%AA%D7%95%D7%9B%D7%9F+%D7%94%D7%90%D7%99%D7%9B%D7%95%D7%AA%D7%99.+%D7%A9%D7%99%D7%9E%D7%95+%D7%9C%D7%91+%D7%99%D7%AA%D7%9B%D7%A0%D7%95+%D7%A7%D7%99%D7%A9%D7%95%D7%A8%D7%99%D7%9D+%D7%9C%D7%90+%D7%A4%D7%A2%D7%99%D7%9C%D7%99%D7%9D+%D7%9B%D7%9E%D7%95+%D7%91%D7%9B%D7%95%D7%9C+%D7%94%D7%A8%D7%97%D7%91%D7%94+%D7%96%D7%94+%D7%99%D7%9B%D7%95%D7%9C+%D7%9C%D7%A7%D7%A8%D7%95%D7%AA+%D7%90%D7%91%D7%9C+%D7%99%D7%A9+%D7%9C%D7%A0%D7%95+%D7%9E%D7%A2%D7%A8%D7%9B%D7%AA+%D7%93%D7%99%D7%95%D7%95%D7%97%D7%99%D7%9D+%D7%90%D7%95%D7%A0%D7%9C%D7%99%D7%99%D7%9F+%D7%A9%D7%9E%D7%90%D7%A4%D7%A9%D7%A8%D7%AA+%D7%9C%D7%A0%D7%95+%D7%9C%D7%A7%D7%91%D7%9C+%D7%90%D7%AA+%D7%94%D7%9E%D7%99%D7%93%D7%A2+%D7%94%D7%9E%D7%9C%D7%90+%D7%A2%D7%9C+%D7%9B%D7%9C+%D7%A1%D7%A8%D7%98+%D7%A9%D7%9C%D7%97%D7%A6%D7%AA%D7%9D+%D7%95%D7%9C%D7%90+%D7%A2%D7%91%D7%93+%D7%9C%D7%9B%D7%9D.+%D7%94%D7%98%D7%99%D7%A4%D7%95%D7%9C+%D7%91%D7%AA%D7%A7%D7%9C%D7%94+%D7%94%D7%99%D7%A0%D7%95+%D7%A2%D7%93+24+%D7%A9%D7%A2%D7%95%D7%AA+%D7%91%D7%9C%D7%99+%D7%94%D7%AA%D7%97%D7%99%D7%99%D7%91%D7%95%D7%AA.+%D7%94%D7%A6%D7%95%D7%95%D7%AA+%D7%A9%D7%9C%D7%A0%D7%95+%D7%99%D7%A2%D7%A9%D7%94+%D7%90%D7%AA+%D7%9E%D7%99%D7%A8%D7%91+%D7%94%D7%9E%D7%90%D7%9E%D7%A6%D7%99%D7%9D+%D7%A2%D7%9C+%D7%9E%D7%A0%D7%AA+%D7%9C%D7%98%D7%A4%D7%9C+%D7%91%D7%A7%D7%99%D7%A9%D7%95%D7%A8+%D7%94%D7%AA%D7%A7%D7%95%D7%9C+%D7%91%D7%96%D7%9E%D7%9F+%D7%94%D7%A7%D7%A6%D7%A8+%D7%91%D7%99%D7%95%D7%AA%D7%A8.+%D7%99%D7%A9+%D7%9C%D7%9B%D7%9D+%D7%A2%D7%95%D7%93+%D7%A9%D7%90%D7%9C%D7%95%D7%AA+%D7%A8%D7%95%D7%A6%D7%99%D7%9D+%D7%9C%D7%A7%D7%91%D7%9C+%D7%A2%D7%95%D7%93+%D7%9E%D7%99%D7%93%D7%A2%3F+%D7%94%D7%A6%D7%98%D7%A8%D7%A4%D7%95+%D7%90%D7%9C%D7%99%D7%A0%D7%95+%D7%9C%D7%A7%D7%91%D7%95%D7%A6%D7%AA+%D7%94%D7%98%D7%9C%D7%92%D7%A8%D7%9D+%D7%A9%D7%9C%D7%A0%D7%95+%40wearenotexist+%D7%95%D7%A0%D7%A9%D7%9E%D7%97+%D7%9C%D7%A2%D7%9E%D7%95%D7%93+%D7%9C%D7%A8%D7%A9%D7%95%D7%AA%D7%9B%D7%9D+%D7%94%D7%9E%D7%A9%D7%9A+%D7%A6%D7%A4%D7%99%D7%99%D7%94+%D7%9E%D7%94%D7%A0%D7%94.%22%2C%22plot%22%3A+%22%40%D7%A2%D7%A8%D7%95%D7%A5+%D7%A1%D7%A8%D7%98%D7%99%D7%9D+%D7%9B%D7%9C%D7%9C%D7%99+%D7%91%D7%A8%D7%A6%D7%A3%22%2C%22heb+title%22%3A+%22+%22%2C%22mediatype%22%3A+%22+%22%2C%22genre%22%3A+%22+%22%2C%22rating%22%3A+%220%22%2C%22director%22%3A+%22+%22%2C%22studios%22%3A+%22+%22%2C%22writer%22%3A+%22+%22%2C%22code%22%3A+%22+%22%2C%22imdbnumber%22%3A+%22+%22%2C%22imdb%22%3A+%22+%22%2C%22tmdb%22%3A+%22+%22%2C%22votes%22%3A+%22+%22%2C%22trailer%22%3A+%22+%22%2C%22poster%22%3A+%22http%3A%2F%2Fhdqwalls.com%2Fwallpapers%2Faquaman-2018-movie-i4.jpg%22%2C%22icon%22%3A+%22https%3A%2F%2Fi.imgur.com%2FYxrXt1g.jpg%22%7D&amp;index_depth=0&amp;lang=eng",return)</action>
	</shortcut>
	<shortcut>
		<defaultID>rvtssrtymkllybrtsp2</defaultID>
		<label>כללי 2</label>
		<label2>מועדף</label2>
		<icon>special://skin/extras/icons/files.png</icon>
		<thumb>special://home/userdata/genresicons/Family.png</thumb>
		<action>PlayMedia("plugin://plugin.video.ghostpremium/?url=%5BB%5D%5BCOLOR+orange%5D%D7%A1%D7%A8%D7%98%D7%99%D7%9D%5B%2FB%5D%5B%2FCOLOR%5D%5BB%5D%D7%A1%D7%A8%D7%98%D7%99%D7%9D+%D7%97%D7%95%D7%9C+%D7%9C%D7%A6%D7%A4%D7%99%D7%99%D7%94+%D7%91%D7%A8%D7%A6%D7%A3%5B%2FB%5D%40%D7%A2%D7%A8%D7%95%D7%A5+%D7%A1%D7%A8%D7%98%D7%99%D7%9D+%D7%9B%D7%9C%D7%9C%D7%99+%D7%91%D7%A8%D7%A6%D7%A3+2&amp;mode=14&amp;name=%D7%A2%D7%A8%D7%95%D7%A5+%D7%A1%D7%A8%D7%98%D7%99%D7%9D+%D7%9B%D7%9C%D7%9C%D7%99+%D7%91%D7%A8%D7%A6%D7%A3+2&amp;description=סרטים מבית היוצר טייגר&amp;data=+&amp;index_depth=0&amp;lang=eng",return)</action>
	</shortcut>
	<shortcut>
		<defaultID>rvtssrtyymhprymyvm</defaultID>
		<label>אימה</label>
		<label2>מועדף</label2>
		<icon>special://skin/extras/icons/files.png</icon>
		<thumb>special://home/userdata/genresicons/Horror.png</thumb>
		<action>PlayMedia("plugin://plugin.video.ghostpremium/?url=%5BB%5D%5BCOLOR+orange%5D%D7%A1%D7%A8%D7%98%D7%99%D7%9D%5B%2FB%5D%5B%2FCOLOR%5D%5BB%5D%D7%A1%D7%A8%D7%98%D7%99%D7%9D+%D7%97%D7%95%D7%9C+%D7%9C%D7%A6%D7%A4%D7%99%D7%99%D7%94+%D7%91%D7%A8%D7%A6%D7%A3%5B%2FB%5D%40%D7%A2%D7%A8%D7%95%D7%A5+%D7%A1%D7%A8%D7%98%D7%99+%D7%90%D7%99%D7%9E%D7%94+%D7%A4%D7%A8%D7%99%D7%9E%D7%99%D7%95%D7%9D&amp;mode=14&amp;name=%D7%A2%D7%A8%D7%95%D7%A5+%D7%A1%D7%A8%D7%98%D7%99+%D7%90%D7%99%D7%9E%D7%94+%D7%A4%D7%A8%D7%99%D7%9E%D7%99%D7%95%D7%9D&amp;description=[B][COLOR orange]סרטים לצפייה ברצף[/B][/COLOR]&amp;data=+&amp;index_depth=0&amp;lang=eng",return)</action>
	</shortcut>
	<shortcut>
		<defaultID>rvtssrtynymtsyhprymyvm</defaultID>
		<label>אנימציה</label>
		<label2>מועדף</label2>
		<icon>special://skin/extras/icons/files.png</icon>
		<thumb>special://home/userdata/genresicons/Animation.png</thumb>
		<action>PlayMedia("plugin://plugin.video.ghostpremium/?url=%5BB%5D%5BCOLOR+orange%5D%D7%A1%D7%A8%D7%98%D7%99%D7%9D%5B%2FB%5D%5B%2FCOLOR%5D%5BB%5D%D7%A1%D7%A8%D7%98%D7%99%D7%9D+%D7%97%D7%95%D7%9C+%D7%9C%D7%A6%D7%A4%D7%99%D7%99%D7%94+%D7%91%D7%A8%D7%A6%D7%A3%5B%2FB%5D%40%D7%A2%D7%A8%D7%95%D7%A5+%D7%A1%D7%A8%D7%98%D7%99+%D7%90%D7%A0%D7%99%D7%9E%D7%A6%D7%99%D7%94+%D7%A4%D7%A8%D7%99%D7%9E%D7%99%D7%95%D7%9D&amp;mode=14&amp;name=%D7%A2%D7%A8%D7%95%D7%A5+%D7%A1%D7%A8%D7%98%D7%99+%D7%90%D7%A0%D7%99%D7%9E%D7%A6%D7%99%D7%94+%D7%A4%D7%A8%D7%99%D7%9E%D7%99%D7%95%D7%9D&amp;description=[B][COLOR orange]סרטים לצפייה ברצף[/B][/COLOR]&amp;data=+&amp;index_depth=0&amp;lang=eng",return)</action>
	</shortcut>
	<shortcut>
		<defaultID>rvtssrtyhdrmhprymyvm</defaultID>
		<label>דרמה</label>
		<label2>מועדף</label2>
		<icon>special://skin/extras/icons/files.png</icon>
		<thumb>special://home/userdata/genresicons/Drama.png</thumb>
		<action>PlayMedia("plugin://plugin.video.ghostpremium/?url=%5BB%5D%5BCOLOR+orange%5D%D7%A1%D7%A8%D7%98%D7%99%D7%9D%5B%2FB%5D%5B%2FCOLOR%5D%5BB%5D%D7%A1%D7%A8%D7%98%D7%99%D7%9D+%D7%97%D7%95%D7%9C+%D7%9C%D7%A6%D7%A4%D7%99%D7%99%D7%94+%D7%91%D7%A8%D7%A6%D7%A3%5B%2FB%5D%40%D7%A2%D7%A8%D7%95%D7%A5+%D7%A1%D7%A8%D7%98%D7%99+%D7%94%D7%93%D7%A8%D7%9E%D7%94+%D7%A4%D7%A8%D7%99%D7%9E%D7%99%D7%95%D7%9D&amp;mode=14&amp;name=%D7%A2%D7%A8%D7%95%D7%A5+%D7%A1%D7%A8%D7%98%D7%99+%D7%94%D7%93%D7%A8%D7%9E%D7%94+%D7%A4%D7%A8%D7%99%D7%9E%D7%99%D7%95%D7%9D&amp;description=[B][COLOR orange]סרטים לצפייה ברצף[/B][/COLOR]&amp;data=+&amp;index_depth=0&amp;lang=eng",return)</action>
	</shortcut>
	<shortcut>
		<defaultID>rvtssrtyhhrptqvtprymyvm</defaultID>
		<label>הרפתקאות</label>
		<label2>מועדף</label2>
		<icon>special://skin/extras/icons/files.png</icon>
		<thumb>special://home/userdata/genresicons/Adventure.png</thumb>
		<action>PlayMedia("plugin://plugin.video.ghostpremium/?url=%5BB%5D%5BCOLOR+orange%5D%D7%A1%D7%A8%D7%98%D7%99%D7%9D%5B%2FB%5D%5B%2FCOLOR%5D%5BB%5D%D7%A1%D7%A8%D7%98%D7%99%D7%9D+%D7%97%D7%95%D7%9C+%D7%9C%D7%A6%D7%A4%D7%99%D7%99%D7%94+%D7%91%D7%A8%D7%A6%D7%A3%5B%2FB%5D%40%D7%A2%D7%A8%D7%95%D7%A5+%D7%A1%D7%A8%D7%98%D7%99+%D7%94%D7%94%D7%A8%D7%A4%D7%AA%D7%A7%D7%90%D7%95%D7%AA+%D7%A4%D7%A8%D7%99%D7%9E%D7%99%D7%95%D7%9D&amp;mode=14&amp;name=%D7%A2%D7%A8%D7%95%D7%A5+%D7%A1%D7%A8%D7%98%D7%99+%D7%94%D7%94%D7%A8%D7%A4%D7%AA%D7%A7%D7%90%D7%95%D7%AA+%D7%A4%D7%A8%D7%99%D7%9E%D7%99%D7%95%D7%9D&amp;description=[B][COLOR orange]סרטים לצפייה ברצף[/B][/COLOR]&amp;data=+&amp;index_depth=0&amp;lang=eng",return)</action>
	</shortcut>
	<shortcut>
		<defaultID>rvtssrtyhpntzyhprymyvm</defaultID>
		<label>פנטזיה</label>
		<label2>מועדף</label2>
		<icon>special://skin/extras/icons/files.png</icon>
		<thumb>special://home/userdata/genresicons/Fantasy.png</thumb>
		<action>PlayMedia("plugin://plugin.video.ghostpremium/?url=%5BB%5D%5BCOLOR+orange%5D%D7%A1%D7%A8%D7%98%D7%99%D7%9D%5B%2FB%5D%5B%2FCOLOR%5D%5BB%5D%D7%A1%D7%A8%D7%98%D7%99%D7%9D+%D7%97%D7%95%D7%9C+%D7%9C%D7%A6%D7%A4%D7%99%D7%99%D7%94+%D7%91%D7%A8%D7%A6%D7%A3%5B%2FB%5D%40%D7%A2%D7%A8%D7%95%D7%A5+%D7%A1%D7%A8%D7%98%D7%99+%D7%94%D7%A4%D7%A0%D7%98%D7%96%D7%99%D7%94+%D7%A4%D7%A8%D7%99%D7%9E%D7%99%D7%95%D7%9D&amp;mode=14&amp;name=%D7%A2%D7%A8%D7%95%D7%A5+%D7%A1%D7%A8%D7%98%D7%99+%D7%94%D7%A4%D7%A0%D7%98%D7%96%D7%99%D7%94+%D7%A4%D7%A8%D7%99%D7%9E%D7%99%D7%95%D7%9D&amp;description=[B][COLOR orange]סרטים לצפייה ברצף[/B][/COLOR]&amp;data=+&amp;index_depth=0&amp;lang=eng",return)</action>
	</shortcut>
	<shortcut>
		<defaultID>rvtssrtyhqvmdyhprymyvm</defaultID>
		<label>קומדיה</label>
		<label2>מועדף</label2>
		<icon>special://skin/extras/icons/files.png</icon>
		<thumb>special://home/userdata/genresicons/Comedy.png</thumb>
		<action>PlayMedia("plugin://plugin.video.ghostpremium/?url=%5BB%5D%5BCOLOR+orange%5D%D7%A1%D7%A8%D7%98%D7%99%D7%9D%5B%2FB%5D%5B%2FCOLOR%5D%5BB%5D%D7%A1%D7%A8%D7%98%D7%99%D7%9D+%D7%97%D7%95%D7%9C+%D7%9C%D7%A6%D7%A4%D7%99%D7%99%D7%94+%D7%91%D7%A8%D7%A6%D7%A3%5B%2FB%5D%40%D7%A2%D7%A8%D7%95%D7%A5+%D7%A1%D7%A8%D7%98%D7%99+%D7%94%D7%A7%D7%95%D7%9E%D7%93%D7%99%D7%94+%D7%A4%D7%A8%D7%99%D7%9E%D7%99%D7%95%D7%9D&amp;mode=14&amp;name=%D7%A2%D7%A8%D7%95%D7%A5+%D7%A1%D7%A8%D7%98%D7%99+%D7%94%D7%A7%D7%95%D7%9E%D7%93%D7%99%D7%94+%D7%A4%D7%A8%D7%99%D7%9E%D7%99%D7%95%D7%9D&amp;description=סרטים לצפייה&amp;data=+&amp;index_depth=0&amp;lang=eng",return)</action>
	</shortcut>
	<shortcut>
		<defaultID>rvtssrtyyldymprymyvm</defaultID>
		<label>ילדים</label>
		<label2>מועדף</label2>
		<icon>special://skin/extras/icons/files.png</icon>
		<thumb>special://home/userdata/genresicons/Animation.png</thumb>
		<action>PlayMedia("plugin://plugin.video.ghostpremium/?url=%5BB%5D%5BCOLOR+orange%5D%D7%A1%D7%A8%D7%98%D7%99%D7%9D%5B%2FB%5D%5B%2FCOLOR%5D%5BB%5D%D7%A1%D7%A8%D7%98%D7%99%D7%9D+%D7%97%D7%95%D7%9C+%D7%9C%D7%A6%D7%A4%D7%99%D7%99%D7%94+%D7%91%D7%A8%D7%A6%D7%A3%5B%2FB%5D%40%D7%A2%D7%A8%D7%95%D7%A5+%D7%A1%D7%A8%D7%98%D7%99+%D7%99%D7%9C%D7%93%D7%99%D7%9D+%D7%A4%D7%A8%D7%99%D7%9E%D7%99%D7%95%D7%9D&amp;mode=14&amp;name=%D7%A2%D7%A8%D7%95%D7%A5+%D7%A1%D7%A8%D7%98%D7%99+%D7%99%D7%9C%D7%93%D7%99%D7%9D+%D7%A4%D7%A8%D7%99%D7%9E%D7%99%D7%95%D7%9D&amp;description=[B][COLOR orange]סרטים לצפייה ברצף[/B][/COLOR]&amp;data=+&amp;index_depth=0&amp;lang=eng",return)</action>
	</shortcut>
	<shortcut>
		<defaultID>rvtssrtymdvbbymprymyvm</defaultID>
		<label>מדובבים</label>
		<label2>מועדף</label2>
		<icon>special://skin/extras/icons/files.png</icon>
		<thumb>special://home/userdata/genresicons/Animation.png</thumb>
		<action>PlayMedia("plugin://plugin.video.ghostpremium/?url=%5BB%5D%5BCOLOR+orange%5D%D7%A1%D7%A8%D7%98%D7%99%D7%9D%5B%2FB%5D%5B%2FCOLOR%5D%5BB%5D%D7%A1%D7%A8%D7%98%D7%99%D7%9D+%D7%97%D7%95%D7%9C+%D7%9C%D7%A6%D7%A4%D7%99%D7%99%D7%94+%D7%91%D7%A8%D7%A6%D7%A3%5B%2FB%5D%40%D7%A2%D7%A8%D7%95%D7%A5+%D7%A1%D7%A8%D7%98%D7%99+%D7%9E%D7%93%D7%95%D7%91%D7%91%D7%99%D7%9D+%D7%A4%D7%A8%D7%99%D7%9E%D7%99%D7%95%D7%9D&amp;mode=14&amp;name=%D7%A2%D7%A8%D7%95%D7%A5+%D7%A1%D7%A8%D7%98%D7%99+%D7%9E%D7%93%D7%95%D7%91%D7%91%D7%99%D7%9D+%D7%A4%D7%A8%D7%99%D7%9E%D7%99%D7%95%D7%9D&amp;description=[B][COLOR orange]סרטים לצפייה ברצף[/B][/COLOR]&amp;data=+&amp;index_depth=0&amp;lang=eng",return)</action>
	</shortcut>
	<shortcut>
		<defaultID>rvtssrtymd-bdyvnyprymyvm</defaultID>
		<label>מדע בדיוני</label>
		<label2>מועדף</label2>
		<icon>special://skin/extras/icons/files.png</icon>
		<thumb>special://home/userdata/genresicons/Sci-Fi.png</thumb>
		<action>PlayMedia("plugin://plugin.video.ghostpremium/?url=%5BB%5D%5BCOLOR+orange%5D%D7%A1%D7%A8%D7%98%D7%99%D7%9D%5B%2FB%5D%5B%2FCOLOR%5D%5BB%5D%D7%A1%D7%A8%D7%98%D7%99%D7%9D+%D7%97%D7%95%D7%9C+%D7%9C%D7%A6%D7%A4%D7%99%D7%99%D7%94+%D7%91%D7%A8%D7%A6%D7%A3%5B%2FB%5D%40%D7%A2%D7%A8%D7%95%D7%A5+%D7%A1%D7%A8%D7%98%D7%99+%D7%9E%D7%93%D7%A2+%D7%91%D7%93%D7%99%D7%95%D7%A0%D7%99+%D7%A4%D7%A8%D7%99%D7%9E%D7%99%D7%95%D7%9D&amp;mode=14&amp;name=%D7%A2%D7%A8%D7%95%D7%A5+%D7%A1%D7%A8%D7%98%D7%99+%D7%9E%D7%93%D7%A2+%D7%91%D7%93%D7%99%D7%95%D7%A0%D7%99+%D7%A4%D7%A8%D7%99%D7%9E%D7%99%D7%95%D7%9D&amp;description=[B][COLOR orange]סרטים לצפייה ברצף[/B][/COLOR]&amp;data=+&amp;index_depth=0&amp;lang=eng",return)</action>
	</shortcut>
	<shortcut>
		<defaultID>rvtssrtymvtkhnprymyvm</defaultID>
		<label>מותחן</label>
		<label2>מועדף</label2>
		<icon>special://skin/extras/icons/files.png</icon>
		<thumb>special://home/userdata/genresicons/Thriller.png</thumb>
		<action>PlayMedia("plugin://plugin.video.ghostpremium/?url=%5BB%5D%5BCOLOR+orange%5D%D7%A1%D7%A8%D7%98%D7%99%D7%9D%5B%2FB%5D%5B%2FCOLOR%5D%5BB%5D%D7%A1%D7%A8%D7%98%D7%99%D7%9D+%D7%97%D7%95%D7%9C+%D7%9C%D7%A6%D7%A4%D7%99%D7%99%D7%94+%D7%91%D7%A8%D7%A6%D7%A3%5B%2FB%5D%40%D7%A2%D7%A8%D7%95%D7%A5+%D7%A1%D7%A8%D7%98%D7%99+%D7%9E%D7%95%D7%AA%D7%97%D7%9F+%D7%A4%D7%A8%D7%99%D7%9E%D7%99%D7%95%D7%9D&amp;mode=14&amp;name=%D7%A2%D7%A8%D7%95%D7%A5+%D7%A1%D7%A8%D7%98%D7%99+%D7%9E%D7%95%D7%AA%D7%97%D7%9F+%D7%A4%D7%A8%D7%99%D7%9E%D7%99%D7%95%D7%9D&amp;description=[B][COLOR orange]סרטים לצפייה ברצף[/B][/COLOR]&amp;data=+&amp;index_depth=0&amp;lang=eng",return)</action>
	</shortcut>
	<shortcut>
		<defaultID>rvtssrtymmlkhmhprymyvm</defaultID>
		<label>מלחמה</label>
		<label2>מועדף</label2>
		<icon>special://skin/extras/icons/files.png</icon>
		<thumb>special://home/userdata/genresicons/War.png</thumb>
		<action>PlayMedia("plugin://plugin.video.ghostpremium/?url=%5BB%5D%5BCOLOR+orange%5D%D7%A1%D7%A8%D7%98%D7%99%D7%9D%5B%2FB%5D%5B%2FCOLOR%5D%5BB%5D%D7%A1%D7%A8%D7%98%D7%99%D7%9D+%D7%97%D7%95%D7%9C+%D7%9C%D7%A6%D7%A4%D7%99%D7%99%D7%94+%D7%91%D7%A8%D7%A6%D7%A3%5B%2FB%5D%40%D7%A2%D7%A8%D7%95%D7%A5+%D7%A1%D7%A8%D7%98%D7%99+%D7%9E%D7%9E%D7%9C%D7%97%D7%9E%D7%94+%D7%A4%D7%A8%D7%99%D7%9E%D7%99%D7%95%D7%9D&amp;mode=14&amp;name=%D7%A2%D7%A8%D7%95%D7%A5+%D7%A1%D7%A8%D7%98%D7%99+%D7%9E%D7%9E%D7%9C%D7%97%D7%9E%D7%94+%D7%A4%D7%A8%D7%99%D7%9E%D7%99%D7%95%D7%9D&amp;description=[B][COLOR orange]סרטים לצפייה ברצף[/B][/COLOR]&amp;data=+&amp;index_depth=0&amp;lang=eng",return)</action>
	</shortcut>
	<shortcut>
		<defaultID>rvtssrtymstvrynprymyvm</defaultID>
		<label>מסתורין</label>
		<label2>מועדף</label2>
		<icon>special://skin/extras/icons/files.png</icon>
		<thumb>special://home/userdata/genresicons/Mystery.png</thumb>
		<action>PlayMedia("plugin://plugin.video.ghostpremium/?url=%5BB%5D%5BCOLOR+orange%5D%D7%A1%D7%A8%D7%98%D7%99%D7%9D%5B%2FB%5D%5B%2FCOLOR%5D%5BB%5D%D7%A1%D7%A8%D7%98%D7%99%D7%9D+%D7%97%D7%95%D7%9C+%D7%9C%D7%A6%D7%A4%D7%99%D7%99%D7%94+%D7%91%D7%A8%D7%A6%D7%A3%5B%2FB%5D%40%D7%A2%D7%A8%D7%95%D7%A5+%D7%A1%D7%A8%D7%98%D7%99+%D7%9E%D7%A1%D7%AA%D7%95%D7%A8%D7%99%D7%9F+%D7%A4%D7%A8%D7%99%D7%9E%D7%99%D7%95%D7%9D&amp;mode=14&amp;name=%D7%A2%D7%A8%D7%95%D7%A5+%D7%A1%D7%A8%D7%98%D7%99+%D7%9E%D7%A1%D7%AA%D7%95%D7%A8%D7%99%D7%9F+%D7%A4%D7%A8%D7%99%D7%9E%D7%99%D7%95%D7%9D&amp;description=[B][COLOR orange]סרטים לצפייה ברצף[/B][/COLOR]&amp;data=+&amp;index_depth=0&amp;lang=eng",return)</action>
	</shortcut>
	<shortcut>
		<defaultID>rvtssrtym-rbvnymprymyvm</defaultID>
		<label>מערבונים</label>
		<label2>מועדף</label2>
		<icon>special://skin/extras/icons/files.png</icon>
		<thumb>special://home/userdata/genresicons/Western.png</thumb>
		<action>PlayMedia("plugin://plugin.video.ghostpremium/?url=%5BB%5D%5BCOLOR+orange%5D%D7%A1%D7%A8%D7%98%D7%99%D7%9D%5B%2FB%5D%5B%2FCOLOR%5D%5BB%5D%D7%A1%D7%A8%D7%98%D7%99%D7%9D+%D7%97%D7%95%D7%9C+%D7%9C%D7%A6%D7%A4%D7%99%D7%99%D7%94+%D7%91%D7%A8%D7%A6%D7%A3%5B%2FB%5D%40%D7%A2%D7%A8%D7%95%D7%A5+%D7%A1%D7%A8%D7%98%D7%99+%D7%9E%D7%A2%D7%A8%D7%91%D7%95%D7%A0%D7%99%D7%9D+%D7%A4%D7%A8%D7%99%D7%9E%D7%99%D7%95%D7%9D&amp;mode=14&amp;name=%D7%A2%D7%A8%D7%95%D7%A5+%D7%A1%D7%A8%D7%98%D7%99+%D7%9E%D7%A2%D7%A8%D7%91%D7%95%D7%A0%D7%99%D7%9D+%D7%A4%D7%A8%D7%99%D7%9E%D7%99%D7%95%D7%9D&amp;description=[B][COLOR orange]סרטים לצפייה ברצף[/B][/COLOR]&amp;data=+&amp;index_depth=0&amp;lang=eng",return)</action>
	</shortcut>
	<shortcut>
		<defaultID>rvtssrtymshpkhhprymyvm</defaultID>
		<label>משפחה</label>
		<label2>מועדף</label2>
		<icon>special://skin/extras/icons/files.png</icon>
		<thumb>special://home/userdata/genresicons/Family.png</thumb>
		<action>PlayMedia("plugin://plugin.video.ghostpremium/?url=%5BB%5D%5BCOLOR+orange%5D%D7%A1%D7%A8%D7%98%D7%99%D7%9D%5B%2FB%5D%5B%2FCOLOR%5D%5BB%5D%D7%A1%D7%A8%D7%98%D7%99%D7%9D+%D7%97%D7%95%D7%9C+%D7%9C%D7%A6%D7%A4%D7%99%D7%99%D7%94+%D7%91%D7%A8%D7%A6%D7%A3%5B%2FB%5D%40%D7%A2%D7%A8%D7%95%D7%A5+%D7%A1%D7%A8%D7%98%D7%99+%D7%9E%D7%A9%D7%A4%D7%97%D7%94+%D7%A4%D7%A8%D7%99%D7%9E%D7%99%D7%95%D7%9D&amp;mode=14&amp;name=%D7%A2%D7%A8%D7%95%D7%A5+%D7%A1%D7%A8%D7%98%D7%99+%D7%9E%D7%A9%D7%A4%D7%97%D7%94+%D7%A4%D7%A8%D7%99%D7%9E%D7%99%D7%95%D7%9D&amp;description=[B][COLOR orange]סרטים לצפייה ברצף[/B][/COLOR]&amp;data=+&amp;index_depth=0&amp;lang=eng",return)</action>
	</shortcut>
	<shortcut>
		<defaultID>rvtssrtyp-vlhprymyvm</defaultID>
		<label>פעולה</label>
		<label2>מועדף</label2>
		<icon>special://skin/extras/icons/files.png</icon>
		<thumb>special://home/userdata/genresicons/Action.png</thumb>
		<action>PlayMedia("plugin://plugin.video.ghostpremium/?url=%5BB%5D%5BCOLOR+orange%5D%D7%A1%D7%A8%D7%98%D7%99%D7%9D%5B%2FB%5D%5B%2FCOLOR%5D%5BB%5D%D7%A1%D7%A8%D7%98%D7%99%D7%9D+%D7%97%D7%95%D7%9C+%D7%9C%D7%A6%D7%A4%D7%99%D7%99%D7%94+%D7%91%D7%A8%D7%A6%D7%A3%5B%2FB%5D%40%D7%A2%D7%A8%D7%95%D7%A5+%D7%A1%D7%A8%D7%98%D7%99+%D7%A4%D7%A2%D7%95%D7%9C%D7%94+%D7%A4%D7%A8%D7%99%D7%9E%D7%99%D7%95%D7%9D&amp;mode=14&amp;name=%D7%A2%D7%A8%D7%95%D7%A5+%D7%A1%D7%A8%D7%98%D7%99+%D7%A4%D7%A2%D7%95%D7%9C%D7%94+%D7%A4%D7%A8%D7%99%D7%9E%D7%99%D7%95%D7%9D&amp;description=[B][COLOR orange]סרטים לצפייה ברצף[/B][/COLOR]&amp;data=+&amp;index_depth=0&amp;lang=eng",return)</action>
	</shortcut>
	<shortcut>
		<defaultID>rvtssrtypsh-prymyvm</defaultID>
		<label>פשע</label>
		<label2>מועדף</label2>
		<icon>special://skin/extras/icons/files.png</icon>
		<thumb>special://home/userdata/genresicons/Crime.png</thumb>
		<action>PlayMedia("plugin://plugin.video.ghostpremium/?url=%5BB%5D%5BCOLOR+orange%5D%D7%A1%D7%A8%D7%98%D7%99%D7%9D%5B%2FB%5D%5B%2FCOLOR%5D%5BB%5D%D7%A1%D7%A8%D7%98%D7%99%D7%9D+%D7%97%D7%95%D7%9C+%D7%9C%D7%A6%D7%A4%D7%99%D7%99%D7%94+%D7%91%D7%A8%D7%A6%D7%A3%5B%2FB%5D%40%D7%A2%D7%A8%D7%95%D7%A5+%D7%A1%D7%A8%D7%98%D7%99+%D7%A4%D7%A9%D7%A2+%D7%A4%D7%A8%D7%99%D7%9E%D7%99%D7%95%D7%9D&amp;mode=14&amp;name=%D7%A2%D7%A8%D7%95%D7%A5+%D7%A1%D7%A8%D7%98%D7%99+%D7%A4%D7%A9%D7%A2+%D7%A4%D7%A8%D7%99%D7%9E%D7%99%D7%95%D7%9D&amp;description=[B][COLOR orange]סרטים לצפייה ברצף[/B][/COLOR]&amp;data=+&amp;index_depth=0&amp;lang=eng",return)</action>
	</shortcut>
	<shortcut>
		<defaultID>rvtssrtyrvmntyprymyvm</defaultID>
		<label>רומנטי</label>
		<label2>מועדף</label2>
		<icon>special://skin/extras/icons/files.png</icon>
		<thumb>special://home/userdata/genresicons/Romance.png</thumb>
		<action>PlayMedia("plugin://plugin.video.ghostpremium/?url=%5BB%5D%5BCOLOR+orange%5D%D7%A1%D7%A8%D7%98%D7%99%D7%9D%5B%2FB%5D%5B%2FCOLOR%5D%5BB%5D%D7%A1%D7%A8%D7%98%D7%99%D7%9D+%D7%97%D7%95%D7%9C+%D7%9C%D7%A6%D7%A4%D7%99%D7%99%D7%94+%D7%91%D7%A8%D7%A6%D7%A3%5B%2FB%5D%40%D7%A2%D7%A8%D7%95%D7%A5+%D7%A1%D7%A8%D7%98%D7%99+%D7%A8%D7%95%D7%9E%D7%A0%D7%98%D7%99+%D7%A4%D7%A8%D7%99%D7%9E%D7%99%D7%95%D7%9D&amp;mode=14&amp;name=%D7%A2%D7%A8%D7%95%D7%A5+%D7%A1%D7%A8%D7%98%D7%99+%D7%A8%D7%95%D7%9E%D7%A0%D7%98%D7%99+%D7%A4%D7%A8%D7%99%D7%9E%D7%99%D7%95%D7%9D&amp;description=פרימיום&amp;data=+&amp;index_depth=0&amp;lang=eng",return)</action>
	</shortcut>
</shortcuts>
