<?xml version='1.0' encoding='UTF-8'?>
<shortcuts>
	<shortcut>
		<defaultID>coloryellow-i-khypvshsrtymmdvbbym-i-color</defaultID>
		<label>[COLOR yellow][I]חיפוש סרטים מדובבים[/I][/COLOR]</label>
		<label2>מועדף</label2>
		<icon>special://skin/extras/icons/files.png</icon>
		<thumb>special://skin/extras/icons/blank.png</thumb>
		<action>ActivateWindow(10025,"plugin://plugin.video.allmoviesin/?data=%20&amp;dates=%20&amp;description=%d7%97%d7%99%d7%a4%d7%95%d7%a9%20%d7%a1%d7%a8%d7%98%d7%99%d7%9d%20%d7%9e%d7%93%d7%95%d7%91%d7%91%d7%99%d7%9d&amp;eng_name=%20&amp;episode=%20&amp;fanart=https%3a%2f%2fi.pinimg.com%2foriginals%2fc1%2fcb%2fed%2fc1cbede7238494e7878f7107ed478d79.jpg&amp;fav_status=false&amp;heb_name=%20&amp;iconimage=http%3a%2f%2f2.bp.blogspot.com%2f-vDRXO2qGAFc%2fUyCAFd2LAPI%2fAAAAAAAAEco%2fpIfXWlRJG6Q%2fs1600%2fimages%2b(9).jpg&amp;id=%20&amp;isr=0&amp;mode=11&amp;name=%5bCOLOR%20yellow%5d%5bI%5d%d7%97%d7%99%d7%a4%d7%95%d7%a9%20%d7%a1%d7%a8%d7%98%d7%99%d7%9d%20%d7%9e%d7%93%d7%95%d7%91%d7%91%d7%99%d7%9d%5b%2fI%5d%5b%2fCOLOR%5d&amp;original_title=%20&amp;season=%20&amp;show_original_year=%20&amp;tmdbid=%20&amp;url=search",return)</action>
	</shortcut>
	<shortcut>
		<defaultID>coloryellow-i-khypvshsdrhmdvbbt-i-color</defaultID>
		<label>[COLOR yellow][I]חיפוש סדרה מדובבת[/I][/COLOR]</label>
		<label2>מועדף</label2>
		<icon>special://skin/extras/icons/files.png</icon>
		<thumb>special://skin/extras/icons/blank.png</thumb>
		<action>ActivateWindow(10025,"plugin://plugin.video.allmoviesin/?data=%20&amp;dates=%20&amp;description=%d7%97%d7%99%d7%a4%d7%95%d7%a9%20%d7%a1%d7%93%d7%a8%d7%94%20%d7%9e%d7%93%d7%95%d7%91%d7%91%d7%aa&amp;eng_name=%20&amp;episode=%20&amp;fanart=http%3a%2f%2fwww.bhmpics.com%2fdownload%2fstorks_4k_kids-2560x1440.jpg&amp;fav_status=false&amp;heb_name=%20&amp;iconimage=https%3a%2f%2fimage.shutterstock.com%2fimage-vector%2fmodern-children-education-logo-happy-260nw-528357007.jpg&amp;id=%20&amp;isr=0&amp;mode=45&amp;name=%5bCOLOR%20yellow%5d%5bI%5d%d7%97%d7%99%d7%a4%d7%95%d7%a9%20%d7%a1%d7%93%d7%a8%d7%94%20%d7%9e%d7%93%d7%95%d7%91%d7%91%d7%aa%5b%2fI%5d%5b%2fCOLOR%5d&amp;original_title=%20&amp;season=%20&amp;show_original_year=%20&amp;tmdbid=%20&amp;url=search",return)</action>
	</shortcut>
	<shortcut>
		<defaultID />
		<label>[COLOR cyan]סדרות מדובבות[/COLOR]</label>
		<label2>הרחבת וידאו</label2>
		<icon>DefaultShortcut.png</icon>
		<thumb>special://skin/extras/icons/blank.png</thumb>
		<action>ActivateWindow(Videos,"plugin://plugin.video.ghostpremium/?url=%5BB%5D%5BCOLOR+orange%5D%D7%99%D7%9C%D7%93%D7%99%D7%9D%5B%2FB%5D%5B%2FCOLOR%5D%5BB%5D%D7%A1%D7%93%D7%A8%D7%95%D7%AA+%D7%9C%D7%99%D7%9C%D7%93%D7%99%D7%9D+%D7%9E%D7%93%D7%95%D7%91%D7%91%D7%99%D7%9D%5B%2FB%5D&amp;mode=5&amp;name=%5BB%5D%D7%A1%D7%93%D7%A8%D7%95%D7%AA+%D7%9C%D7%99%D7%9C%D7%93%D7%99%D7%9D+%D7%9E%D7%93%D7%95%D7%91%D7%91%D7%99%D7%9D%5B%2FB%5D&amp;iconimage=https%3A%2F%2Fi.imgur.com%2FPAEeqO8.jpg&amp;fanart=https%3A%2F%2Fstudybreaks.com%2Fwp-content%2Fuploads%2F2017%2F09%2F636108819172509840-963759564_Elena.jpg&amp;description=%D7%91%D7%A8%D7%95%D7%9B%D7%99%D7%9D+%D7%94%D7%91%D7%90%D7%99%D7%9D+%D7%9C%D7%92%D7%95%D7%A1%D7%98+%D7%A1%D7%93%D7%A8%D7%95%D7%AA+%D7%9C%D7%99%D7%9C%D7%93%D7%99%D7%9D+%D7%9E%D7%93%D7%95%D7%91%D7%91%D7%99%D7%9D+%2C+%D7%9E%D7%A7%D7%95%D7%95%D7%99%D7%9D+%D7%A9%D7%AA%D7%94%D7%A0%D7%95+%D7%9E%D7%94%D7%AA%D7%95%D7%9B%D7%9F+%D7%94%D7%90%D7%99%D7%9B%D7%95%D7%AA%D7%99.+%D7%A9%D7%99%D7%9E%D7%95+%D7%9C%D7%91+%D7%99%D7%AA%D7%9B%D7%A0%D7%95+%D7%A7%D7%99%D7%A9%D7%95%D7%A8%D7%99%D7%9D+%D7%9C%D7%90+%D7%A4%D7%A2%D7%99%D7%9C%D7%99%D7%9D+%D7%9B%D7%9E%D7%95+%D7%91%D7%9B%D7%95%D7%9C+%D7%94%D7%A8%D7%97%D7%91%D7%94+%D7%96%D7%94+%D7%99%D7%9B%D7%95%D7%9C+%D7%9C%D7%A7%D7%A8%D7%95%D7%AA+%D7%90%D7%91%D7%9C+%D7%99%D7%A9+%D7%9C%D7%A0%D7%95+%D7%9E%D7%A2%D7%A8%D7%9B%D7%AA+%D7%93%D7%99%D7%95%D7%95%D7%97%D7%99%D7%9D+%D7%90%D7%95%D7%A0%D7%9C%D7%99%D7%99%D7%9F+%D7%A9%D7%9E%D7%90%D7%A4%D7%A9%D7%A8%D7%AA+%D7%9C%D7%A0%D7%95+%D7%9C%D7%A7%D7%91%D7%9C+%D7%90%D7%AA+%D7%94%D7%9E%D7%99%D7%93%D7%A2+%D7%94%D7%9E%D7%9C%D7%90+%D7%A2%D7%9C+%D7%9B%D7%9C+%D7%A1%D7%A8%D7%98+%D7%A9%D7%9C%D7%97%D7%A6%D7%AA%D7%9D+%D7%95%D7%9C%D7%90+%D7%A2%D7%91%D7%93+%D7%9C%D7%9B%D7%9D.+%D7%94%D7%98%D7%99%D7%A4%D7%95%D7%9C+%D7%91%D7%AA%D7%A7%D7%9C%D7%94+%D7%94%D7%99%D7%A0%D7%95+%D7%A2%D7%93+24+%D7%A9%D7%A2%D7%95%D7%AA+%D7%91%D7%9C%D7%99+%D7%94%D7%AA%D7%97%D7%99%D7%99%D7%91%D7%95%D7%AA.+%D7%94%D7%A6%D7%95%D7%95%D7%AA+%D7%A9%D7%9C%D7%A0%D7%95+%D7%99%D7%A2%D7%A9%D7%94+%D7%90%D7%AA+%D7%9E%D7%99%D7%A8%D7%91+%D7%94%D7%9E%D7%90%D7%9E%D7%A6%D7%99%D7%9D+%D7%A2%D7%9C+%D7%9E%D7%A0%D7%AA+%D7%9C%D7%98%D7%A4%D7%9C+%D7%91%D7%A7%D7%99%D7%A9%D7%95%D7%A8+%D7%94%D7%AA%D7%A7%D7%95%D7%9C+%D7%91%D7%96%D7%9E%D7%9F+%D7%94%D7%A7%D7%A6%D7%A8+%D7%91%D7%99%D7%95%D7%AA%D7%A8.+%D7%99%D7%A9+%D7%9C%D7%9B%D7%9D+%D7%A2%D7%95%D7%93+%D7%A9%D7%90%D7%9C%D7%95%D7%AA+%D7%A8%D7%95%D7%A6%D7%99%D7%9D+%D7%9C%D7%A7%D7%91%D7%9C+%D7%A2%D7%95%D7%93+%D7%9E%D7%99%D7%93%D7%A2%3F+%D7%94%D7%A6%D7%98%D7%A8%D7%A4%D7%95+%D7%90%D7%9C%D7%99%D7%A0%D7%95+%D7%9C%D7%A7%D7%91%D7%95%D7%A6%D7%AA+%D7%94%D7%98%D7%9C%D7%92%D7%A8%D7%9D+%D7%A9%D7%9C%D7%A0%D7%95+%40wearenotexist+%D7%95%D7%A0%D7%A9%D7%9E%D7%97+%D7%9C%D7%A2%D7%9E%D7%95%D7%93+%D7%9C%D7%A8%D7%A9%D7%95%D7%AA%D7%9B%D7%9D+%D7%94%D7%9E%D7%A9%D7%9A+%D7%A6%D7%A4%D7%99%D7%99%D7%94+%D7%9E%D7%94%D7%A0%D7%94.&amp;count=0&amp;page=&amp;cat_level= &amp;index_depth=0&amp;selected_list= &amp;lang=eng",return)</action>
	</shortcut>
	<shortcut>
		<defaultID />
		<label>[COLOR cyan]ערוצי ילדים[/COLOR]</label>
		<label2>הרחבת וידאו</label2>
		<icon>DefaultShortcut.png</icon>
		<thumb>special://skin/extras/icons/blank.png</thumb>
		<action>ActivateWindow(Videos,"plugin://plugin.video.ghostpremium/?url=%5BB%5D%5BCOLOR+orange%5D%D7%99%D7%9C%D7%93%D7%99%D7%9D%5B%2FB%5D%5B%2FCOLOR%5D%5BB%5D%D7%A2%D7%A8%D7%95%D7%A6%D7%99%D7%9D+%D7%9C%D7%99%D7%9C%D7%93%D7%99%D7%9D+%D7%A4%D7%A8%D7%99%D7%9E%D7%99%D7%95%D7%9D+%D7%91%D7%A2%D7%91%D7%A8%D7%99%D7%AA%5B%2FB%5D&amp;mode=5&amp;name=%5BB%5D%D7%A2%D7%A8%D7%95%D7%A6%D7%99%D7%9D+%D7%9C%D7%99%D7%9C%D7%93%D7%99%D7%9D+%D7%A4%D7%A8%D7%99%D7%9E%D7%99%D7%95%D7%9D+%D7%91%D7%A2%D7%91%D7%A8%D7%99%D7%AA%5B%2FB%5D&amp;iconimage=https%3A%2F%2Fi.imgur.com%2FrfV5hxl.jpg&amp;fanart=http%3A%2F%2F4.bp.blogspot.com%2F-v6v1AKOgBjg%2FVFTcj0-pqtI%2FAAAAAAAAWlk%2FA0m_sP0xTSs%2Fs1600%2FKids%252BWallpapers4.jpg&amp;description=%D7%91%D7%A8%D7%95%D7%9B%D7%99%D7%9D+%D7%94%D7%91%D7%90%D7%99%D7%9D+%D7%9C%D7%92%D7%95%D7%A1%D7%98+%D7%A2%D7%A8%D7%95%D7%A6%D7%99+%D7%94%D7%99%D7%9C%D7%93%D7%99%D7%9D+%D7%A4%D7%A8%D7%99%D7%9E%D7%99%D7%95%D7%9D+%2C+%D7%9E%D7%A7%D7%95%D7%95%D7%99%D7%9D+%D7%A9%D7%AA%D7%94%D7%A0%D7%95+%D7%9E%D7%94%D7%AA%D7%95%D7%9B%D7%9F+%D7%94%D7%90%D7%99%D7%9B%D7%95%D7%AA%D7%99.+%D7%A9%D7%99%D7%9E%D7%95+%D7%9C%D7%91+%D7%99%D7%AA%D7%9B%D7%A0%D7%95+%D7%A7%D7%99%D7%A9%D7%95%D7%A8%D7%99%D7%9D+%D7%9C%D7%90+%D7%A4%D7%A2%D7%99%D7%9C%D7%99%D7%9D+%D7%9B%D7%9E%D7%95+%D7%91%D7%9B%D7%95%D7%9C+%D7%94%D7%A8%D7%97%D7%91%D7%94+%D7%96%D7%94+%D7%99%D7%9B%D7%95%D7%9C+%D7%9C%D7%A7%D7%A8%D7%95%D7%AA+%D7%90%D7%91%D7%9C+%D7%99%D7%A9+%D7%9C%D7%A0%D7%95+%D7%9E%D7%A2%D7%A8%D7%9B%D7%AA+%D7%93%D7%99%D7%95%D7%95%D7%97%D7%99%D7%9D+%D7%90%D7%95%D7%A0%D7%9C%D7%99%D7%99%D7%9F+%D7%A9%D7%9E%D7%90%D7%A4%D7%A9%D7%A8%D7%AA+%D7%9C%D7%A0%D7%95+%D7%9C%D7%A7%D7%91%D7%9C+%D7%90%D7%AA+%D7%94%D7%9E%D7%99%D7%93%D7%A2+%D7%94%D7%9E%D7%9C%D7%90+%D7%A2%D7%9C+%D7%9B%D7%9C+%D7%A1%D7%A8%D7%98+%D7%A9%D7%9C%D7%97%D7%A6%D7%AA%D7%9D+%D7%95%D7%9C%D7%90+%D7%A2%D7%91%D7%93+%D7%9C%D7%9B%D7%9D.+%D7%94%D7%98%D7%99%D7%A4%D7%95%D7%9C+%D7%91%D7%AA%D7%A7%D7%9C%D7%94+%D7%94%D7%99%D7%A0%D7%95+%D7%A2%D7%93+24+%D7%A9%D7%A2%D7%95%D7%AA+%D7%91%D7%9C%D7%99+%D7%94%D7%AA%D7%97%D7%99%D7%99%D7%91%D7%95%D7%AA.+%D7%94%D7%A6%D7%95%D7%95%D7%AA+%D7%A9%D7%9C%D7%A0%D7%95+%D7%99%D7%A2%D7%A9%D7%94+%D7%90%D7%AA+%D7%9E%D7%99%D7%A8%D7%91+%D7%94%D7%9E%D7%90%D7%9E%D7%A6%D7%99%D7%9D+%D7%A2%D7%9C+%D7%9E%D7%A0%D7%AA+%D7%9C%D7%98%D7%A4%D7%9C+%D7%91%D7%A7%D7%99%D7%A9%D7%95%D7%A8+%D7%94%D7%AA%D7%A7%D7%95%D7%9C+%D7%91%D7%96%D7%9E%D7%9F+%D7%94%D7%A7%D7%A6%D7%A8+%D7%91%D7%99%D7%95%D7%AA%D7%A8.+%D7%99%D7%A9+%D7%9C%D7%9B%D7%9D+%D7%A2%D7%95%D7%93+%D7%A9%D7%90%D7%9C%D7%95%D7%AA+%D7%A8%D7%95%D7%A6%D7%99%D7%9D+%D7%9C%D7%A7%D7%91%D7%9C+%D7%A2%D7%95%D7%93+%D7%9E%D7%99%D7%93%D7%A2%3F+%D7%94%D7%A6%D7%98%D7%A8%D7%A4%D7%95+%D7%90%D7%9C%D7%99%D7%A0%D7%95+%D7%9C%D7%A7%D7%91%D7%95%D7%A6%D7%AA+%D7%94%D7%98%D7%9C%D7%92%D7%A8%D7%9D+%D7%A9%D7%9C%D7%A0%D7%95+%40wearenotexist+%D7%95%D7%A0%D7%A9%D7%9E%D7%97+%D7%9C%D7%A2%D7%9E%D7%95%D7%93+%D7%9C%D7%A8%D7%A9%D7%95%D7%AA%D7%9B%D7%9D+%D7%94%D7%9E%D7%A9%D7%9A+%D7%A6%D7%A4%D7%99%D7%99%D7%94+%D7%9E%D7%94%D7%A0%D7%94.&amp;count=0&amp;page=&amp;cat_level= &amp;index_depth=0&amp;selected_list= &amp;lang=eng",return)</action>
	</shortcut>
	<shortcut>
		<defaultID />
		<label>[COLOR cyan]מארזי סרטים[/COLOR]</label>
		<label2>הרחבת וידאו</label2>
		<icon>DefaultShortcut.png</icon>
		<thumb>special://skin/extras/icons/blank.png</thumb>
		<action>ActivateWindow(Videos,"plugin://plugin.video.ghostpremium/?url=%5BB%5D%5BCOLOR+orange%5D%D7%99%D7%9C%D7%93%D7%99%D7%9D%5B%2FB%5D%5B%2FCOLOR%5D%5BB%5D%D7%9E%D7%90%D7%A8%D7%96%D7%99+%D7%A1%D7%A8%D7%98%D7%99%D7%9D+%D7%9C%D7%99%D7%9C%D7%93%D7%99%D7%9D+%D7%A4%D7%A8%D7%99%D7%9E%D7%99%D7%95%D7%9D%5B%2FB%5D&amp;mode=5&amp;name=%5BB%5D%D7%9E%D7%90%D7%A8%D7%96%D7%99+%D7%A1%D7%A8%D7%98%D7%99%D7%9D+%D7%9C%D7%99%D7%9C%D7%93%D7%99%D7%9D+%D7%A4%D7%A8%D7%99%D7%9E%D7%99%D7%95%D7%9D%5B%2FB%5D&amp;iconimage=https%3A%2F%2Fi.imgur.com%2FUGxYL2M.jpg&amp;fanart=http%3A%2F%2F1.bp.blogspot.com%2F-nkYlhi9B9c4%2FUoMT1o7ltjI%2FAAAAAAAADnE%2FnLrlCoxZLo4%2Fs1600%2Fdisney-tangled-animated-movie-wallpapers-free-download.jpg&amp;description=%D7%91%D7%A8%D7%95%D7%9B%D7%99%D7%9D+%D7%94%D7%91%D7%90%D7%99%D7%9D+%D7%9C%D7%92%D7%95%D7%A1%D7%98+%D7%A1%D7%A8%D7%98%D7%99%D7%9D+%D7%9C%D7%99%D7%9C%D7%93%D7%99%D7%9D+%D7%91%D7%90%D7%99%D7%9B%D7%95%D7%AA+%D7%92%D7%91%D7%95%D7%94%D7%94+%2C+%D7%9E%D7%A7%D7%95%D7%95%D7%99%D7%9D+%D7%A9%D7%AA%D7%94%D7%A0%D7%95+%D7%9E%D7%94%D7%AA%D7%95%D7%9B%D7%9F+%D7%94%D7%90%D7%99%D7%9B%D7%95%D7%AA%D7%99.+%D7%A9%D7%99%D7%9E%D7%95+%D7%9C%D7%91+%D7%99%D7%AA%D7%9B%D7%A0%D7%95+%D7%A7%D7%99%D7%A9%D7%95%D7%A8%D7%99%D7%9D+%D7%9C%D7%90+%D7%A4%D7%A2%D7%99%D7%9C%D7%99%D7%9D+%D7%9B%D7%9E%D7%95+%D7%91%D7%9B%D7%95%D7%9C+%D7%94%D7%A8%D7%97%D7%91%D7%94+%D7%96%D7%94+%D7%99%D7%9B%D7%95%D7%9C+%D7%9C%D7%A7%D7%A8%D7%95%D7%AA+%D7%90%D7%91%D7%9C+%D7%99%D7%A9+%D7%9C%D7%A0%D7%95+%D7%9E%D7%A2%D7%A8%D7%9B%D7%AA+%D7%93%D7%99%D7%95%D7%95%D7%97%D7%99%D7%9D+%D7%90%D7%95%D7%A0%D7%9C%D7%99%D7%99%D7%9F+%D7%A9%D7%9E%D7%90%D7%A4%D7%A9%D7%A8%D7%AA+%D7%9C%D7%A0%D7%95+%D7%9C%D7%A7%D7%91%D7%9C+%D7%90%D7%AA+%D7%94%D7%9E%D7%99%D7%93%D7%A2+%D7%94%D7%9E%D7%9C%D7%90+%D7%A2%D7%9C+%D7%9B%D7%9C+%D7%A1%D7%A8%D7%98+%D7%A9%D7%9C%D7%97%D7%A6%D7%AA%D7%9D+%D7%95%D7%9C%D7%90+%D7%A2%D7%91%D7%93+%D7%9C%D7%9B%D7%9D.+%D7%94%D7%98%D7%99%D7%A4%D7%95%D7%9C+%D7%91%D7%AA%D7%A7%D7%9C%D7%94+%D7%94%D7%99%D7%A0%D7%95+%D7%A2%D7%93+24+%D7%A9%D7%A2%D7%95%D7%AA+%D7%91%D7%9C%D7%99+%D7%94%D7%AA%D7%97%D7%99%D7%99%D7%91%D7%95%D7%AA.+%D7%94%D7%A6%D7%95%D7%95%D7%AA+%D7%A9%D7%9C%D7%A0%D7%95+%D7%99%D7%A2%D7%A9%D7%94+%D7%90%D7%AA+%D7%9E%D7%99%D7%A8%D7%91+%D7%94%D7%9E%D7%90%D7%9E%D7%A6%D7%99%D7%9D+%D7%A2%D7%9C+%D7%9E%D7%A0%D7%AA+%D7%9C%D7%98%D7%A4%D7%9C+%D7%91%D7%A7%D7%99%D7%A9%D7%95%D7%A8+%D7%94%D7%AA%D7%A7%D7%95%D7%9C+%D7%91%D7%96%D7%9E%D7%9F+%D7%94%D7%A7%D7%A6%D7%A8+%D7%91%D7%99%D7%95%D7%AA%D7%A8.+%D7%99%D7%A9+%D7%9C%D7%9B%D7%9D+%D7%A2%D7%95%D7%93+%D7%A9%D7%90%D7%9C%D7%95%D7%AA+%D7%A8%D7%95%D7%A6%D7%99%D7%9D+%D7%9C%D7%A7%D7%91%D7%9C+%D7%A2%D7%95%D7%93+%D7%9E%D7%99%D7%93%D7%A2%3F+%D7%94%D7%A6%D7%98%D7%A8%D7%A4%D7%95+%D7%90%D7%9C%D7%99%D7%A0%D7%95+%D7%9C%D7%A7%D7%91%D7%95%D7%A6%D7%AA+%D7%94%D7%98%D7%9C%D7%92%D7%A8%D7%9D+%D7%A9%D7%9C%D7%A0%D7%95+%40wearenotexist+%D7%95%D7%A0%D7%A9%D7%9E%D7%97+%D7%9C%D7%A2%D7%9E%D7%95%D7%93+%D7%9C%D7%A8%D7%A9%D7%95%D7%AA%D7%9B%D7%9D+%D7%94%D7%9E%D7%A9%D7%9A+%D7%A6%D7%A4%D7%99%D7%99%D7%94+%D7%9E%D7%94%D7%A0%D7%94.&amp;count=0&amp;page=&amp;cat_level= &amp;index_depth=0&amp;selected_list= &amp;lang=eng",return)</action>
	</shortcut>
	<shortcut>
		<defaultID />
		<label>[COLOR lime]גוסט ילדים[/COLOR]</label>
		<label2>הרחבת וידאו</label2>
		<icon>DefaultShortcut.png</icon>
		<thumb>special://skin/extras/icons/blank.png</thumb>
		<action>ActivateWindow(Videos,"plugin://plugin.video.ghostpremium/?url=%5BB%5D%5BCOLOR+orange%5D%D7%99%D7%9C%D7%93%D7%99%D7%9D%5B%2FB%5D%5B%2FCOLOR%5D&amp;mode=5&amp;name=%5BB%5D%5BCOLOR+orange%5D%D7%99%D7%9C%D7%93%D7%99%D7%9D%5B%2FB%5D%5B%2FCOLOR%5D&amp;iconimage=https%3A%2F%2Fi.imgur.com%2FkTX4tKj.jpg&amp;fanart=https%3A%2F%2Fwww.pixelstalk.net%2Fwp-content%2Fuploads%2F2016%2F05%2FPictures-Download-Cute-Kids-Wallpaper-HD.jpg&amp;description=%D7%91%D7%A8%D7%95%D7%9B%D7%99%D7%9D+%D7%94%D7%91%D7%90%D7%99%D7%9D+%D7%9C%D7%92%D7%95%D7%A1%D7%98+%D7%99%D7%9C%D7%93%D7%99%D7%9D+%D7%9E%D7%A7%D7%95%D7%95%D7%99%D7%9D+%D7%A9%D7%AA%D7%94%D7%A0%D7%95+%D7%9E%D7%94%D7%AA%D7%95%D7%9B%D7%9F+%D7%94%D7%90%D7%99%D7%9B%D7%95%D7%AA%D7%99.+%D7%A9%D7%99%D7%9E%D7%95+%D7%9C%D7%91+%D7%99%D7%AA%D7%9B%D7%A0%D7%95+%D7%A7%D7%99%D7%A9%D7%95%D7%A8%D7%99%D7%9D+%D7%9C%D7%90+%D7%A4%D7%A2%D7%99%D7%9C%D7%99%D7%9D+%D7%9B%D7%9E%D7%95+%D7%91%D7%9B%D7%95%D7%9C+%D7%94%D7%A8%D7%97%D7%91%D7%94+%D7%96%D7%94+%D7%99%D7%9B%D7%95%D7%9C+%D7%9C%D7%A7%D7%A8%D7%95%D7%AA+%D7%90%D7%91%D7%9C+%D7%99%D7%A9+%D7%9C%D7%A0%D7%95+%D7%9E%D7%A2%D7%A8%D7%9B%D7%AA+%D7%93%D7%99%D7%95%D7%95%D7%97%D7%99%D7%9D+%D7%90%D7%95%D7%A0%D7%9C%D7%99%D7%99%D7%9F+%D7%A9%D7%9E%D7%90%D7%A4%D7%A9%D7%A8%D7%AA+%D7%9C%D7%A0%D7%95+%D7%9C%D7%A7%D7%91%D7%9C+%D7%90%D7%AA+%D7%94%D7%9E%D7%99%D7%93%D7%A2+%D7%94%D7%9E%D7%9C%D7%90+%D7%A2%D7%9C+%D7%9B%D7%9C+%D7%A1%D7%A8%D7%98+%D7%A9%D7%9C%D7%97%D7%A6%D7%AA%D7%9D+%D7%95%D7%9C%D7%90+%D7%A2%D7%91%D7%93+%D7%9C%D7%9B%D7%9D.+%D7%94%D7%98%D7%99%D7%A4%D7%95%D7%9C+%D7%91%D7%AA%D7%A7%D7%9C%D7%94+%D7%94%D7%99%D7%A0%D7%95+%D7%A2%D7%93+24+%D7%A9%D7%A2%D7%95%D7%AA+%D7%91%D7%9C%D7%99+%D7%94%D7%AA%D7%97%D7%99%D7%99%D7%91%D7%95%D7%AA.+%D7%94%D7%A6%D7%95%D7%95%D7%AA+%D7%A9%D7%9C%D7%A0%D7%95+%D7%99%D7%A2%D7%A9%D7%94+%D7%90%D7%AA+%D7%9E%D7%99%D7%A8%D7%91+%D7%94%D7%9E%D7%90%D7%9E%D7%A6%D7%99%D7%9D+%D7%A2%D7%9C+%D7%9E%D7%A0%D7%AA+%D7%9C%D7%98%D7%A4%D7%9C+%D7%91%D7%A7%D7%99%D7%A9%D7%95%D7%A8+%D7%94%D7%AA%D7%A7%D7%95%D7%9C+%D7%91%D7%96%D7%9E%D7%9F+%D7%94%D7%A7%D7%A6%D7%A8+%D7%91%D7%99%D7%95%D7%AA%D7%A8.+%D7%99%D7%A9+%D7%9C%D7%9B%D7%9D+%D7%A2%D7%95%D7%93+%D7%A9%D7%90%D7%9C%D7%95%D7%AA+%D7%A8%D7%95%D7%A6%D7%99%D7%9D+%D7%9C%D7%A7%D7%91%D7%9C+%D7%A2%D7%95%D7%93+%D7%9E%D7%99%D7%93%D7%A2%3F+%D7%94%D7%A6%D7%98%D7%A8%D7%A4%D7%95+%D7%90%D7%9C%D7%99%D7%A0%D7%95+%D7%9C%D7%A7%D7%91%D7%95%D7%A6%D7%AA+%D7%94%D7%98%D7%9C%D7%92%D7%A8%D7%9D+%D7%A9%D7%9C%D7%A0%D7%95+%40wearenotexist+%D7%95%D7%A0%D7%A9%D7%9E%D7%97+%D7%9C%D7%A2%D7%9E%D7%95%D7%93+%D7%9C%D7%A8%D7%A9%D7%95%D7%AA%D7%9B%D7%9D+%D7%94%D7%9E%D7%A9%D7%9A+%D7%A6%D7%A4%D7%99%D7%99%D7%94+%D7%9E%D7%94%D7%A0%D7%94&amp;count=0&amp;page=&amp;cat_level= &amp;index_depth=0&amp;selected_list= &amp;lang=eng",return)</action>
	</shortcut>
	<shortcut>
		<defaultID />
		<label>[COLOR lime]הנוקם ילדים[/COLOR]</label>
		<label2>הרחבת וידאו</label2>
		<icon>DefaultShortcut.png</icon>
		<thumb>special://skin/extras/icons/blank.png</thumb>
		<action>ActivateWindow(Videos,"plugin://plugin.video.TheFirstAvenger/?url=%D7%94%D7%A0%D7%95%D7%A7%D7%9D+%D7%94%D7%A8%D7%90%D7%A9%D7%95%D7%9F+%D7%A1%D7%A8%D7%98%D7%99%D7%9D+%D7%91%D7%AA%D7%A8%D7%92%D7%95%D7%9D+%D7%9E%D7%95%D7%91%D7%A0%D7%94+%D7%A2%D7%95%D7%9C%D7%9D+%D7%94%D7%99%D7%9C%D7%93%D7%99%D7%9D&amp;mode=5&amp;name=%D7%A2%D7%95%D7%9C%D7%9D+%D7%94%D7%99%D7%9C%D7%93%D7%99%D7%9D&amp;iconimage=https%3A%2F%2Fmedia.groo.co.il%2F_media%2Fmedia%2F2471%2F156368_229_217.jpg&amp;fanart=http%3A%2F%2Fwww.hll.co.il%2Fweb%2F8888%2Fnsf%2Fweb%2F8017%2F8156ImageFile3.jpg&amp;description=+%D7%A1%D7%A8%D7%98%D7%99+%D7%90%D7%A0%D7%99%D7%9E%D7%A6%D7%99%D7%94+%D7%91%D7%AA%D7%A8%D7%92%D7%95%D7%9D+%D7%9E%D7%95%D7%91%D7%A0%D7%94+%2B%D7%9E%D7%93%D7%95%D7%91%D7%91+%D7%9C%D7%99%D7%9C%D7%93%D7%99%D7%9D&amp;count=0&amp;page=&amp;cat_level= &amp;index_depth=0&amp;selected_list= &amp;lang=eng",return)</action>
	</shortcut>
	<shortcut>
		<defaultID />
		<label>[COLOR lime]דרגון ילדים[/COLOR]</label>
		<label2>הרחבת וידאו</label2>
		<icon>DefaultShortcut.png</icon>
		<thumb>special://skin/extras/icons/blank.png</thumb>
		<action>ActivateWindow(Videos,"plugin://plugin.video.chanandmusic/?url=%5BB%5D%5BCOLOR+++aqua%5D+%D7%99%D7%9C%D7%93%D7%99+%D7%94%D7%93%D7%A8%D7%A7%D7%95%D7%9F+%5B%2FCOLOR%5D%5B%2FB%5D%5BB%5D%5BCOLOR+coral%5D%D7%92%D7%95%D7%9F%5B%2FCOLOR%5D%5B%2FB%5D%5BB%5D%5BCOLOR+yellow%5D%D7%93%D7%A8%5B%2FCOLOR%5D%5B%2FB%5D%5BB%5D%5BCOLOR+green%5D%D7%97%D7%91%D7%AA+%5B%2FCOLOR%5D%5B%2FB%5D%5BB%5D%5BCOLOR+aqua%5D%D7%94%D7%A8%5B%2FCOLOR%5D%5B%2FB%5D&amp;mode=5&amp;name=%5BB%5D%5BCOLOR+++aqua%5D+%D7%99%D7%9C%D7%93%D7%99+%D7%94%D7%93%D7%A8%D7%A7%D7%95%D7%9F+%5B%2FCOLOR%5D%5B%2FB%5D%5BB%5D%5BCOLOR+coral%5D%D7%92%D7%95%D7%9F%5B%2FCOLOR%5D%5B%2FB%5D%5BB%5D%5BCOLOR+yellow%5D%D7%93%D7%A8%5B%2FCOLOR%5D%5B%2FB%5D%5BB%5D%5BCOLOR+green%5D%D7%97%D7%91%D7%AA+%5B%2FCOLOR%5D%5B%2FB%5D%5BB%5D%5BCOLOR+aqua%5D%D7%94%D7%A8%5B%2FCOLOR%5D%5B%2FB%5D&amp;iconimage=http%3A%2F%2Fngarba.xyz%2Fadds%2Fyos%2Fdragonkids.jpg&amp;fanart=http%3A%2F%2Fngarba.xyz%2Fadds%2Fyos%2Fdk2.jpg&amp;description=%5BB%5D%5BCOLOR+burlywood%5D%D7%94%D7%93%D7%A8%D7%A7%D7%95%D7%9F+%5B%2FCOLOR%5D%5B%2FB%5D%5BB%5D%5BCOLOR+aqua%5D+%D7%99%D7%9C%D7%93%D7%99%5B%2FCOLOR%5D%5B%2FB%5D+%D7%94%D7%A8%D7%97%D7%91%D7%94+%D7%A0%D7%95%D7%A1%D7%A4%D7%AA+%D7%9E%D7%91%D7%99%D7%AA+%D7%93%D7%A8%D7%92%D7%95%D7%9F+%D7%94%D7%A2%D7%95%D7%A1%D7%A7%D7%AA+%D7%91%D7%A2%D7%99%D7%A7%D7%A8+%D7%91%D7%AA%D7%95%D7%9B%D7%9F+%D7%9C%D7%99%D7%9C%D7%93%D7%99%D7%9D&amp;count=0&amp;page=&amp;cat_level= &amp;index_depth=0&amp;selected_list= &amp;lang=eng",return)</action>
	</shortcut>
	<shortcut>
		<defaultID />
		<label>[COLOR lime]ויקטורי ילדים[/COLOR]</label>
		<label2>הרחבת וידאו</label2>
		<icon>DefaultShortcut.png</icon>
		<thumb>special://skin/extras/icons/blank.png</thumb>
		<action>ActivateWindow(Videos,"plugin://plugin.video.allmoviesin/?url=www&amp;mode=44&amp;name=[COLOR pink][I]פינת הילדים[/I][/COLOR]&amp;iconimage=https%3A%2F%2Fwww.cityofavenal.com%2FImageRepository%2FDocument%3FdocumentID%3D1982&amp;fanart=https%3A%2F%2Fwww.desktopbackground.org%2Fdownload%2Fo%2F2013%2F09%2F27%2F645377_kids-kung-fu-panda-3-movie-4k-wallpapers_3840x2160_h.jpg&amp;description=%D7%99%D7%9C%D7%93%D7%99%D7%9D&amp;heb_name= &amp;dates= &amp;data= &amp;original_title= &amp;id= &amp;season= &amp;episode= &amp;tmdbid= &amp;eng_name= &amp;show_original_year= &amp;isr=0&amp;fav_status=false",return)</action>
	</shortcut>
	<shortcut>
		<defaultID />
		<label>[COLOR lime]טייגר ילדים[/COLOR]</label>
		<label2>הרחבת וידאו</label2>
		<icon>DefaultShortcut.png</icon>
		<thumb>special://skin/extras/icons/blank.png</thumb>
		<action>ActivateWindow(Videos,"plugin://plugin.video.tigerpower/?url=+%D7%A2%D7%95%D7%9C%D7%9D+%D7%94%D7%99%D7%9C%D7%93%D7%99%D7%9D&amp;mode=5&amp;name=+%D7%A2%D7%95%D7%9C%D7%9D+%D7%94%D7%99%D7%9C%D7%93%D7%99%D7%9D&amp;iconimage=http%3A%2F%2Fwww.scooper.co.il%2Fpr%2F1011425%2Fc6059b0b-219c-4cc3-bc8e-d8ae5272b314%2F0%2F%25D7%25A2%25D7%2595%25D7%259C%25D7%259D%2520%25D7%2594%25D7%2599%25D7%259C%25D7%2593%25D7%2599%25D7%259D.jpg&amp;fanart=http%3A%2F%2Fwww.scooper.co.il%2Fpr%2F1011425%2Fc6059b0b-219c-4cc3-bc8e-d8ae5272b314%2F0%2F%25D7%25A2%25D7%2595%25D7%259C%25D7%259D%2520%25D7%2594%25D7%2599%25D7%259C%25D7%2593%25D7%2599%25D7%259D.jpg&amp;description=+%D7%9B%D7%99+%D7%90%D7%AA%D7%9D+%D7%94%D7%97%D7%99%D7%99%D7%9D+%D7%A9%D7%9C%D7%A0%D7%95+%D7%95%D7%91%D7%99%D7%A9%D7%91%D7%99%D7%9C%D7%9B%D7%9D+%D7%90%D7%A0%D7%97%D7%A0%D7%95+%D7%97%D7%99%D7%99%D7%9D&amp;count=0&amp;page=&amp;cat_level= &amp;index_depth=0&amp;selected_list= &amp;lang=eng",return)</action>
	</shortcut>
	<shortcut>
		<defaultID />
		<label>[COLOR lime]צי'קו ילדים[/COLOR]</label>
		<label2>הרחבת וידאו</label2>
		<icon>DefaultShortcut.png</icon>
		<thumb>special://skin/extras/icons/blank.png</thumb>
		<action>ActivateWindow(Videos,"plugin://plugin.video.CHICCO/?url=%D7%A1%D7%A8%D7%98%D7%99%D7%9D%D7%A1%D7%A8%D7%98%D7%99%D7%9D+%D7%9E%D7%93%D7%95%D7%91%D7%91%D7%99%D7%9D&amp;mode=5&amp;name=%D7%A1%D7%A8%D7%98%D7%99%D7%9D+%D7%9E%D7%93%D7%95%D7%91%D7%91%D7%99%D7%9D&amp;iconimage=http%3A%2F%2Fmoridim.me%2Fimages%2Flarge%2F9424.jpg&amp;fanart=http%3A%2F%2Fmoridim.me%2Fimages%2Flarge%2F9424.jpg&amp;description=+&amp;count=0&amp;page=&amp;cat_level= &amp;index_depth=0&amp;selected_list= &amp;lang=eng",return)</action>
	</shortcut>
</shortcuts>
