<?xml version='1.0' encoding='UTF-8'?>
<shortcuts>
	<shortcut>
		<defaultID>coloraqua-khypvsh-color</defaultID>
		<label>[COLOR aqua]חיפוש[/COLOR]</label>
		<label2>מועדף</label2>
		<icon>special://skin/extras/icons/files.png</icon>
		<thumb>special://skin/extras/icons/blank.png</thumb>
		<action>ActivateWindow(10025,"plugin://plugin.video.ghostpremium/?cat_level=%20&amp;count=0&amp;description=%20&amp;fanart&amp;iconimage&amp;index_depth=0&amp;lang=%20&amp;mode=6&amp;name=%5bCOLOR%20aqua%5d%d7%97%d7%99%d7%a4%d7%95%d7%a9%5b%2fCOLOR%5d&amp;page&amp;selected_list=%20&amp;url=www",return)</action>
	</shortcut>
	<shortcut>
		<defaultID />
		<label>[COLOR aqua]קטגוריות[/COLOR]</label>
		<label2>הרחבת וידאו</label2>
		<icon>DefaultShortcut.png</icon>
		<thumb>special://skin/extras/icons/blank.png</thumb>
		<action>ActivateWindow(Videos,"plugin://plugin.video.ghostpremium/?url=cat&amp;mode=11&amp;name=%5BCOLOR+aqua%5D%D7%A7%D7%98%D7%92%D7%95%D7%A8%D7%99%D7%95%D7%AA%5B%2FCOLOR%5D&amp;iconimage=https%3A%2F%2Fi.imgur.com%2FE5boNaj.png&amp;fanart=http%3A%2F%2Fsubwallpaper.com%2FWidescreen-Wallpapers%2Fsci-fi-wallpaper-phone-For-Widescreen-Wallpaper.jpg&amp;description=&amp;count=0&amp;page=&amp;cat_level= &amp;index_depth=0&amp;selected_list= &amp;lang= ",return)</action>
	</shortcut>
	<shortcut>
		<defaultID />
		<label>[COLOR aqua]לפי שנים[/COLOR]</label>
		<label2>הרחבת וידאו</label2>
		<icon>DefaultShortcut.png</icon>
		<thumb>special://skin/extras/icons/blank.png</thumb>
		<action>ActivateWindow(Videos,"plugin://plugin.video.ghostpremium/?url=year&amp;mode=11&amp;name=%5BCOLOR+aqua%5D%D7%9C%D7%A4%D7%99+%D7%A9%D7%A0%D7%99%D7%9D%5B%2FCOLOR%5D&amp;iconimage=https%3A%2F%2Fi.imgur.com%2FBDPL6Cq.png&amp;fanart=http%3A%2F%2Fhdlatestwallpaper.com%2F%3Fedmc%3D836&amp;description=&amp;count=0&amp;page=&amp;cat_level= &amp;index_depth=0&amp;selected_list= &amp;lang= ",return)</action>
	</shortcut>
	<shortcut>
		<defaultID />
		<label>[COLOR lime]גוסט אחרונים[/COLOR]</label>
		<label2>פריטים מותאמים אישית</label2>
		<icon>DefaultShortcut.png</icon>
		<thumb>special://skin/extras/icons/blank.png</thumb>
		<action>ActivateWindow(Videos,"plugin://plugin.video.ghostpremium/?url=movie&amp;mode=18&amp;name=%5BCOLOR+aqua%5D%D7%A1%D7%A8%D7%98%D7%99%D7%9D+%D7%A9%D7%94%D7%AA%D7%95%D7%95%D7%A1%D7%A4%D7%95+%D7%9C%D7%90%D7%97%D7%A8%D7%95%D7%A0%D7%94%5B%2FCOLOR%5D&amp;iconimage=http%3A%2F%2Fwww.telugupix.com%2Fwp-content%2Fgallery%2Fprabhas-latest-hd-photos%2Fprabhas-latest-HD-photos-saaho-7.jpg&amp;fanart=https%3A%2F%2Fwww.hd-wallpapersdownload.com%2Fscript%2Fbulk-upload%2Fpictures-of-latest-hd-wallpaper.jpg&amp;description=&amp;count=0&amp;page=&amp;cat_level= &amp;index_depth=0&amp;selected_list= &amp;lang= ",return)</action>
	</shortcut>
	<shortcut>
		<defaultID />
		<label>[COLOR lime]הנוקם אחרונים[/COLOR]</label>
		<label2>הרחבת וידאו</label2>
		<icon>DefaultShortcut.png</icon>
		<thumb>special://skin/extras/icons/blank.png</thumb>
		<action>ActivateWindow(Videos,"plugin://plugin.video.TheFirstAvenger/?url=movie&amp;mode=18&amp;name=%5BCOLOR+aqua%5D%D7%A1%D7%A8%D7%98%D7%99%D7%9D+%D7%A9%D7%94%D7%AA%D7%95%D7%95%D7%A1%D7%A4%D7%95+%D7%9C%D7%90%D7%97%D7%A8%D7%95%D7%A0%D7%94%5B%2FCOLOR%5D&amp;iconimage=http%3A%2F%2Fwww.telugupix.com%2Fwp-content%2Fgallery%2Fprabhas-latest-hd-photos%2Fprabhas-latest-HD-photos-saaho-7.jpg&amp;fanart=https%3A%2F%2Fwww.hd-wallpapersdownload.com%2Fscript%2Fbulk-upload%2Fpictures-of-latest-hd-wallpaper.jpg&amp;description=&amp;count=0&amp;page=&amp;cat_level= &amp;index_depth=0&amp;selected_list= &amp;lang= ",return)</action>
	</shortcut>
	<shortcut>
		<defaultID />
		<label>[COLOR lime]צי'קו אחרונים[/COLOR]</label>
		<label2>הרחבת וידאו</label2>
		<icon>DefaultShortcut.png</icon>
		<thumb>special://skin/extras/icons/blank.png</thumb>
		<action>ActivateWindow(Videos,"plugin://plugin.video.CHICCO/?url=movie&amp;mode=18&amp;name=%5BCOLOR+aqua%5D%D7%A1%D7%A8%D7%98%D7%99%D7%9D+%D7%A9%D7%94%D7%AA%D7%95%D7%95%D7%A1%D7%A4%D7%95+%D7%9C%D7%90%D7%97%D7%A8%D7%95%D7%A0%D7%94%5B%2FCOLOR%5D&amp;iconimage=http%3A%2F%2Fwww.telugupix.com%2Fwp-content%2Fgallery%2Fprabhas-latest-hd-photos%2Fprabhas-latest-HD-photos-saaho-7.jpg&amp;fanart=https%3A%2F%2Fwww.hd-wallpapersdownload.com%2Fscript%2Fbulk-upload%2Fpictures-of-latest-hd-wallpaper.jpg&amp;description=&amp;count=0&amp;page=&amp;cat_level= &amp;index_depth=0&amp;selected_list= &amp;lang= ",return)</action>
	</shortcut>
	<shortcut>
		<defaultID />
		<label>[COLOR lime]דראגון טיוי אחרונים[/COLOR]</label>
		<label2>הרחבת וידאו</label2>
		<icon>DefaultShortcut.png</icon>
		<thumb>special://skin/extras/icons/blank.png</thumb>
		<action>ActivateWindow(Videos,"plugin://plugin.video.chanandmusic/?url=movie&amp;mode=18&amp;name=%5BCOLOR+aqua%5D%D7%A1%D7%A8%D7%98%D7%99%D7%9D+%D7%A9%D7%94%D7%AA%D7%95%D7%95%D7%A1%D7%A4%D7%95+%D7%9C%D7%90%D7%97%D7%A8%D7%95%D7%A0%D7%94%5B%2FCOLOR%5D&amp;iconimage=http%3A%2F%2Fwww.telugupix.com%2Fwp-content%2Fgallery%2Fprabhas-latest-hd-photos%2Fprabhas-latest-HD-photos-saaho-7.jpg&amp;fanart=https%3A%2F%2Fwww.hd-wallpapersdownload.com%2Fscript%2Fbulk-upload%2Fpictures-of-latest-hd-wallpaper.jpg&amp;description=&amp;count=0&amp;page=&amp;cat_level= &amp;index_depth=0&amp;selected_list= &amp;lang= ",return)</action>
	</shortcut>
	<shortcut>
		<defaultID>ktvbyvtkhrvnvt</defaultID>
		<label>[COLOR orange]כתוביות אחרונות[/COLOR]</label>
		<label2>מועדף</label2>
		<icon>special://skin/extras/icons/files.png</icon>
		<thumb>special://skin/extras/icons/blank.png</thumb>
		<action>ActivateWindow(10025,"plugin://plugin.video.allmoviesin/?data=%20&amp;dates=%20&amp;description=%d7%9b%d7%aa%d7%95%d7%91%d7%99%d7%95%d7%aa%20%d7%90%d7%97%d7%a8%d7%95%d7%a0%d7%95%d7%aa&amp;eng_name=%20&amp;episode=%20&amp;fanart=https%3a%2f%2fyouprogrammer.com%2fwp-content%2fuploads%2f2018%2f01%2fMOvies-subtitle-download-sites.png&amp;fav_status=false&amp;heb_name=%20&amp;iconimage=http%3a%2f%2fwww.stefanovettor.com%2fwp-content%2fuploads%2f2015%2f09%2fmySubtitles_logo_256.png&amp;id=%20&amp;isr=0&amp;mode=80&amp;name=%d7%9b%d7%aa%d7%95%d7%91%d7%99%d7%95%d7%aa%20%d7%90%d7%97%d7%a8%d7%95%d7%a0%d7%95%d7%aa&amp;original_title=%20&amp;season=%20&amp;show_original_year=%20&amp;tmdbid=%20&amp;url=www",return)</action>
	</shortcut>
	<shortcut>
		<defaultID>ktvbyvtlpyshnym</defaultID>
		<label>[COLOR orange]כתוביות לפי שנים[/COLOR]</label>
		<label2>מועדף</label2>
		<icon>special://skin/extras/icons/files.png</icon>
		<thumb>special://skin/extras/icons/blank.png</thumb>
		<action>ActivateWindow(10025,"plugin://plugin.video.allmoviesin/?data=%20&amp;dates=%20&amp;description=%d7%9b%d7%aa%d7%95%d7%91%d7%99%d7%95%d7%aa%20%d7%9c%d7%a4%d7%99%20%d7%a9%d7%a0%d7%99%d7%9d&amp;eng_name=%20&amp;episode=%20&amp;fanart=https%3a%2f%2fzenithwebsite.com%2fimages%2fPortweb%2fdoofreemovie-EX1.jpg&amp;fav_status=false&amp;heb_name=%20&amp;iconimage=https%3a%2f%2fwallpaper-gallery.net%2fimages%2fbest-movies-wallpapers%2fbest-movies-wallpapers-19.jpg&amp;id=%20&amp;isr=0&amp;mode=80&amp;name=%d7%9b%d7%aa%d7%95%d7%91%d7%99%d7%95%d7%aa%20%d7%9c%d7%a4%d7%99%20%d7%a9%d7%a0%d7%99%d7%9d&amp;original_title=%20&amp;season=%20&amp;show_original_year=%20&amp;tmdbid=%20&amp;url=years",return)</action>
	</shortcut>
	<shortcut>
		<defaultID>colorblue-srtymvrydym-color</defaultID>
		<label>[COLOR orange]סרטי מורידים[/COLOR]</label>
		<label2>מועדף</label2>
		<icon>special://skin/extras/icons/files.png</icon>
		<thumb>special://skin/extras/icons/blank.png</thumb>
		<action>ActivateWindow(10025,"plugin://plugin.video.allmoviesin/?data=%20&amp;dates=%20&amp;description=%d7%a1%d7%a8%d7%98%d7%99%20%d7%9e%d7%95%d7%a8%d7%99%d7%93%d7%99%d7%9d&amp;eng_name=%20&amp;episode=%20&amp;fanart=https%3a%2f%2fimages1.calcalist.co.il%2fPicServer2%2f20122005%2f329369%2f20_l.jpg&amp;fav_status=false&amp;heb_name=%20&amp;iconimage=https%3a%2f%2fmoridim.co%2fimg%2ffooterLogo.png&amp;id=%20&amp;isr=0&amp;mode=130&amp;name=%5bCOLOR%20blue%5d%d7%a1%d7%a8%d7%98%d7%99%20%d7%9e%d7%95%d7%a8%d7%99%d7%93%d7%99%d7%9d%5b%2fCOLOR%5d&amp;original_title=%20&amp;season=%20&amp;show_original_year=%20&amp;tmdbid=%20&amp;url=0",return)</action>
	</shortcut>
	<shortcut>
		<defaultID>plugin.video.chanandmusic</defaultID>
		<label>דראגון טיוי</label>
		<label2>הרחבת וידאו</label2>
		<icon>DefaultShortcut.png</icon>
		<thumb>special://skin/extras/icons/blank.png</thumb>
		<action>ActivateWindow(Videos,"plugin://plugin.video.chanandmusic",return)</action>
	</shortcut>
	<shortcut>
		<defaultID />
		<label>גוסט סרטים</label>
		<label2>הרחבת וידאו</label2>
		<icon>DefaultShortcut.png</icon>
		<thumb>special://skin/extras/icons/blank.png</thumb>
		<action>ActivateWindow(Videos,"plugin://plugin.video.ghostpremium/?url=%5BB%5D%5BCOLOR+orange%5D%D7%A1%D7%A8%D7%98%D7%99%D7%9D%5B%2FB%5D%5B%2FCOLOR%5D&amp;mode=5&amp;name=%5BB%5D%5BCOLOR+orange%5D%D7%A1%D7%A8%D7%98%D7%99%D7%9D%5B%2FB%5D%5B%2FCOLOR%5D&amp;iconimage=https%3A%2F%2Fi.imgur.com%2FGyPgQoZ.jpg&amp;fanart=https%3A%2F%2Fwww.hdwallpapers.in%2Fdownload%2Fgoosebumps_movie-HD.jpg&amp;description=%D7%91%D7%A8%D7%95%D7%9B%D7%99%D7%9D+%D7%94%D7%91%D7%90%D7%99%D7%9D+%D7%9C%D7%92%D7%95%D7%A1%D7%98+%D7%A1%D7%A8%D7%98%D7%99%D7%9D%2C++%D7%9E%D7%A7%D7%95%D7%95%D7%99%D7%9D+%D7%A9%D7%AA%D7%94%D7%A0%D7%95+%D7%9E%D7%94%D7%AA%D7%95%D7%9B%D7%9F+%D7%94%D7%90%D7%99%D7%9B%D7%95%D7%AA%D7%99.+%D7%A9%D7%99%D7%9E%D7%95+%D7%9C%D7%91+%D7%99%D7%AA%D7%9B%D7%A0%D7%95+%D7%A7%D7%99%D7%A9%D7%95%D7%A8%D7%99%D7%9D+%D7%9C%D7%90+%D7%A4%D7%A2%D7%99%D7%9C%D7%99%D7%9D+%D7%9B%D7%9E%D7%95+%D7%91%D7%9B%D7%95%D7%9C+%D7%94%D7%A8%D7%97%D7%91%D7%94+%D7%96%D7%94+%D7%99%D7%9B%D7%95%D7%9C+%D7%9C%D7%A7%D7%A8%D7%95%D7%AA+%D7%90%D7%91%D7%9C+%D7%99%D7%A9+%D7%9C%D7%A0%D7%95+%D7%9E%D7%A2%D7%A8%D7%9B%D7%AA+%D7%93%D7%99%D7%95%D7%95%D7%97%D7%99%D7%9D+%D7%90%D7%95%D7%A0%D7%9C%D7%99%D7%99%D7%9F+%D7%A9%D7%9E%D7%90%D7%A4%D7%A9%D7%A8%D7%AA+%D7%9C%D7%A0%D7%95+%D7%9C%D7%A7%D7%91%D7%9C+%D7%90%D7%AA+%D7%94%D7%9E%D7%99%D7%93%D7%A2+%D7%94%D7%9E%D7%9C%D7%90+%D7%A2%D7%9C+%D7%9B%D7%9C+%D7%A1%D7%A8%D7%98+%D7%A9%D7%9C%D7%97%D7%A6%D7%AA%D7%9D+%D7%95%D7%9C%D7%90+%D7%A2%D7%91%D7%93+%D7%9C%D7%9B%D7%9D.+%D7%94%D7%98%D7%99%D7%A4%D7%95%D7%9C+%D7%91%D7%AA%D7%A7%D7%9C%D7%94+%D7%94%D7%99%D7%A0%D7%95+%D7%A2%D7%93+24+%D7%A9%D7%A2%D7%95%D7%AA+%D7%91%D7%9C%D7%99+%D7%94%D7%AA%D7%97%D7%99%D7%99%D7%91%D7%95%D7%AA.+%D7%94%D7%A6%D7%95%D7%95%D7%AA+%D7%A9%D7%9C%D7%A0%D7%95+%D7%99%D7%A2%D7%A9%D7%94+%D7%90%D7%AA+%D7%9E%D7%99%D7%A8%D7%91+%D7%94%D7%9E%D7%90%D7%9E%D7%A6%D7%99%D7%9D+%D7%A2%D7%9C+%D7%9E%D7%A0%D7%AA+%D7%9C%D7%98%D7%A4%D7%9C+%D7%91%D7%A7%D7%99%D7%A9%D7%95%D7%A8+%D7%94%D7%AA%D7%A7%D7%95%D7%9C+%D7%91%D7%96%D7%9E%D7%9F+%D7%94%D7%A7%D7%A6%D7%A8+%D7%91%D7%99%D7%95%D7%AA%D7%A8.+%D7%99%D7%A9+%D7%9C%D7%9B%D7%9D+%D7%A2%D7%95%D7%93+%D7%A9%D7%90%D7%9C%D7%95%D7%AA+%D7%A8%D7%95%D7%A6%D7%99%D7%9D+%D7%9C%D7%A7%D7%91%D7%9C+%D7%A2%D7%95%D7%93+%D7%9E%D7%99%D7%93%D7%A2%3F+%D7%94%D7%A6%D7%98%D7%A8%D7%A4%D7%95+%D7%90%D7%9C%D7%99%D7%A0%D7%95+%D7%9C%D7%A7%D7%91%D7%95%D7%A6%D7%AA+%D7%94%D7%98%D7%9C%D7%92%D7%A8%D7%9D+%D7%A9%D7%9C%D7%A0%D7%95+%40wearenotexist+%D7%95%D7%A0%D7%A9%D7%9E%D7%97+%D7%9C%D7%A2%D7%9E%D7%95%D7%93+%D7%9C%D7%A8%D7%A9%D7%95%D7%AA%D7%9B%D7%9D+%D7%94%D7%9E%D7%A9%D7%9A+%D7%A6%D7%A4%D7%99%D7%99%D7%94+%D7%9E%D7%94%D7%A0%D7%94.&amp;count=0&amp;page=&amp;cat_level= &amp;index_depth=0&amp;selected_list= &amp;lang=eng",return)</action>
	</shortcut>
	<shortcut>
		<defaultID />
		<label>הנוקם סרטים</label>
		<label2>פריטים מותאמים אישית</label2>
		<icon>DefaultShortcut.png</icon>
		<thumb>special://skin/extras/icons/blank.png</thumb>
		<action>ActivateWindow(Videos,"plugin://plugin.video.TheFirstAvenger/?url=%D7%94%D7%A0%D7%95%D7%A7%D7%9D+%D7%94%D7%A8%D7%90%D7%A9%D7%95%D7%9F+%D7%A1%D7%A8%D7%98%D7%99%D7%9D+%D7%91%D7%AA%D7%A8%D7%92%D7%95%D7%9D+%D7%9E%D7%95%D7%91%D7%A0%D7%94&amp;mode=5&amp;name=%D7%94%D7%A0%D7%95%D7%A7%D7%9D+%D7%94%D7%A8%D7%90%D7%A9%D7%95%D7%9F+%D7%A1%D7%A8%D7%98%D7%99%D7%9D+%D7%91%D7%AA%D7%A8%D7%92%D7%95%D7%9D+%D7%9E%D7%95%D7%91%D7%A0%D7%94&amp;iconimage=http%3A%2F%2Frotter.net%2FUser_files%2Fforum%2F55654e230f143fd9.jpg&amp;fanart=https%3A%2F%2Fencrypted-tbn0.gstatic.com%2Fimages%3Fq%3Dtbn%3AANd9GcQgTZGNka5rRguggjsGafwV50o4G5GvuImnNgzVqQgx2Mikiy6c&amp;description=+&amp;count=0&amp;page=&amp;cat_level= &amp;index_depth=0&amp;selected_list= &amp;lang=eng",return)</action>
	</shortcut>
	<shortcut>
		<defaultID />
		<label>טייגר סרטים</label>
		<label2>הרחבת וידאו</label2>
		<icon>DefaultShortcut.png</icon>
		<thumb>special://skin/extras/icons/blank.png</thumb>
		<action>ActivateWindow(Videos,"plugin://plugin.video.tigerpower/?url=%D7%A1%D7%A8%D7%98%D7%99%D7%9D&amp;mode=5&amp;name=%D7%A1%D7%A8%D7%98%D7%99%D7%9D&amp;iconimage=https%3A%2F%2Ffanart.tv%2Ffanart%2Ftv%2F259052%2Fshowbackground%2Fred-widow-4fc28a2f0723d.jpg&amp;fanart=https%3A%2F%2Ffanart.tv%2Ffanart%2Ftv%2F259052%2Fshowbackground%2Fred-widow-4fc28a2f0723d.jpg&amp;description=%D7%A1%D7%A8%D7%98%D7%99%D7%9D+%D7%9E%D7%91%D7%99%D7%AA+%D7%94%D7%99%D7%95%D7%A6%D7%A8+%D7%98%D7%99%D7%99%D7%92%D7%A8&amp;count=0&amp;page=&amp;cat_level= &amp;index_depth=0&amp;selected_list= &amp;lang=eng",return)</action>
	</shortcut>
	<shortcut>
		<defaultID />
		<label>צי'קו סרטים</label>
		<label2>הרחבת וידאו</label2>
		<icon>DefaultShortcut.png</icon>
		<thumb>special://skin/extras/icons/blank.png</thumb>
		<action>ActivateWindow(Videos,"plugin://plugin.video.CHICCO/?url=%D7%A1%D7%A8%D7%98%D7%99%D7%9D%D7%A1%D7%A8%D7%98%D7%99%D7%9D+%D7%9E%D7%97%D7%95%D7%9C+%D7%A2%D7%9D+%D7%AA%D7%A8%D7%92%D7%95%D7%9D+%D7%9E%D7%95%D7%91%D7%A0%D7%94&amp;mode=5&amp;name=%D7%A1%D7%A8%D7%98%D7%99%D7%9D+%D7%9E%D7%97%D7%95%D7%9C+%D7%A2%D7%9D+%D7%AA%D7%A8%D7%92%D7%95%D7%9D+%D7%9E%D7%95%D7%91%D7%A0%D7%94&amp;iconimage=https%3A%2F%2Fimages.globes.co.il%2Fimages%2FNewGlobes%2Ffeeder%2F2015%2Fe01_84-800.jpg&amp;fanart=https%3A%2F%2Fimages.globes.co.il%2Fimages%2FNewGlobes%2Ffeeder%2F2015%2Fe01_84-800.jpg&amp;description=+&amp;count=0&amp;page=&amp;cat_level= &amp;index_depth=0&amp;selected_list= &amp;lang=eng",return)</action>
	</shortcut>
	<shortcut>
		<defaultID />
		<label>ויקטורי סרטים</label>
		<label2>הרחבת וידאו</label2>
		<icon>DefaultShortcut.png</icon>
		<thumb>special://skin/extras/icons/blank.png</thumb>
		<action>ActivateWindow(Videos,"plugin://plugin.video.allmoviesin/?url=www&amp;mode=13&amp;name=סרטים&amp;iconimage=C%3A%5CUsers%5Cneta%5CAppData%5CRoaming%5CKodi%5Caddons%5Cplugin.video.allmoviesin%5Cresources%5Clogos%2Fmovies.jpg&amp;fanart=http%3A%2F%2Fhdqwalls.com%2Fwallpapers%2Favengers-infinity-war-2018-poster-fan-made-62.jpg&amp;description=%D7%A1%D7%A8%D7%98%D7%99%D7%9D&amp;heb_name= &amp;dates= &amp;data= &amp;original_title= &amp;id= &amp;season= &amp;episode= &amp;tmdbid= &amp;eng_name= &amp;show_original_year= &amp;isr=0&amp;fav_status=false",return)</action>
	</shortcut>
	<shortcut>
		<defaultID />
		<label>דארק דרגון סרטים</label>
		<label2>הרחבת וידאו</label2>
		<icon>DefaultShortcut.png</icon>
		<thumb>special://skin/extras/icons/blank.png</thumb>
		<action>ActivateWindow(Videos,"plugin://plugin.video.darkdragon/?action=movieNavigator",return)</action>
	</shortcut>
	<shortcut>
		<defaultID />
		<label>אמבר סרטים</label>
		<label2>הרחבת וידאו</label2>
		<icon>DefaultShortcut.png</icon>
		<thumb>special://skin/extras/icons/blank.png</thumb>
		<action>ActivateWindow(Videos,"plugin://plugin.video.ember/?url=+&amp;mode=6&amp;name=סרטים&amp;iconimage=http%3A%2F%2Fimg.hebus.com%2Fhebus_2012%2F10%2F07%2Fpreview%2F1349590502_89973.jpg&amp;fanart=https%3A%2F%2Fnewevolutiondesigns.com%2Fimages%2Ffreebies%2Ffuturistic-city-wallpaper-40.jpg&amp;description=%D7%A1%D7%A8%D7%98%D7%99%D7%9D&amp;season=+&amp;rating= &amp;imdb= &amp;year= &amp;generes= &amp;id= &amp;original_title= ",return)</action>
	</shortcut>
</shortcuts>
