<?xml version='1.0' encoding='UTF-8'?>
<shortcuts>
	<shortcut>
		<defaultID>plugin.video.sdarot.tv</defaultID>
		<label>[B][COLOR lime]כניסה להרחבה[/B][/COLOR]</label>
		<label2>הרחבת וידאו</label2>
		<icon>DefaultShortcut.png</icon>
		<thumb>special://skin/extras/icons/blank.png</thumb>
		<action>ActivateWindow(Videos,"plugin://plugin.video.sdarot.tv",return)</action>
	</shortcut>
	<shortcut>
		<defaultID>plugin.video.sdarot.tv/clean</defaultID>
		<label>[B][COLOR orange]ניקוי מטמון[/B][/COLOR]</label>
		<label2>מועדף</label2>
		<icon>special://skin/extras/icons/files.png</icon>
		<thumb>special://skin/extras/icons/blank.png</thumb>
		<action>ActivateWindow(10025,"plugin://plugin.video.sdarot.tv/clean",return)</action>
	</shortcut>
	<shortcut>
		<defaultID>plugin.video.sdarot.tv/tracking_list</defaultID>
		<label>[B][COLOR yellow]סדרות מעקב[/B][/COLOR]</label>
		<label2>מועדף</label2>
		<icon>special://skin/extras/icons/files.png</icon>
		<thumb>special://skin/extras/icons/blank.png</thumb>
		<action>ActivateWindow(10025,"plugin://plugin.video.sdarot.tv/tracking_list",return)</action>
	</shortcut>
	<shortcut>
		<defaultID>plugin.video.sdarot.tv/search/0</defaultID>
		<label>[B][COLOR red]חיפוש סדרה[/B][/COLOR]</label>
		<label2>הרחבת וידאו</label2>
		<icon>DefaultShortcut.png</icon>
		<thumb>special://skin/extras/icons/blank.png</thumb>
		<action>ActivateWindow(Videos,"plugin://plugin.video.sdarot.tv/search/0",return)</action>
	</shortcut>
	<shortcut>
		<defaultID>plugin.video.sdarot.tv/index/heb/0</defaultID>
		<label>הכל א-ת</label>
		<label2>מועדף</label2>
		<icon>special://skin/extras/icons/files.png</icon>
		<thumb>special://skin/extras/icons/blank.png</thumb>
		<action>ActivateWindow(10025,"plugin://plugin.video.sdarot.tv/index/heb/0",return)</action>
	</shortcut>
	<shortcut>
		<defaultID>plugin.video.sdarot.tv/index/eng/0</defaultID>
		<label>הכל a-z</label>
		<label2>מועדף</label2>
		<icon>special://skin/extras/icons/files.png</icon>
		<thumb>special://skin/extras/icons/blank.png</thumb>
		<action>ActivateWindow(10025,"plugin://plugin.video.sdarot.tv/index/eng/0",return)</action>
	</shortcut>
	<shortcut>
		<defaultID>plugin.video.sdarot.tv/favourites</defaultID>
		<label>מועדפים</label>
		<label2>מועדף</label2>
		<icon>special://skin/extras/icons/files.png</icon>
		<thumb>special://skin/extras/icons/blank.png</thumb>
		<action>ActivateWindow(10025,"plugin://plugin.video.sdarot.tv/favourites",return)</action>
	</shortcut>
</shortcuts>
