<?xml version='1.0' encoding='UTF-8'?>
<shortcuts>
	<shortcut>
		<defaultID />
		<label>[B]סרטים מדובבים לילדים 1[/B]</label>
		<label2>הרחבת וידאו</label2>
		<icon>DefaultShortcut.png</icon>
		<thumb>image://https%3a%2f%2fi.imgur.com%2fUi72YlY.jpg/</thumb>
		<action>ActivateWindow(Videos,"plugin://plugin.video.ghostpremium/?url=%5BB%5D%5BCOLOR+orange%5D%D7%99%D7%9C%D7%93%D7%99%D7%9D%5B%2FB%5D%5B%2FCOLOR%5D%5BB%5D%D7%A1%D7%A8%D7%98%D7%99%D7%9D+%D7%9E%D7%93%D7%95%D7%91%D7%91%D7%99%D7%9D+%D7%9C%D7%99%D7%9C%D7%93%D7%99%D7%9D+1%5B%2FB%5D&amp;mode=5&amp;name=%5BB%5D%D7%A1%D7%A8%D7%98%D7%99%D7%9D+%D7%9E%D7%93%D7%95%D7%91%D7%91%D7%99%D7%9D+%D7%9C%D7%99%D7%9C%D7%93%D7%99%D7%9D+1%5B%2FB%5D&amp;iconimage=https%3A%2F%2Fi.imgur.com%2FUi72YlY.jpg&amp;fanart=https%3A%2F%2Fwww.bloglet.com%2Fgallery%2Fnew-kids-movies-you-will-also-enjoy%2Fnew-kids-movies-you-will-also-enjoy_1.jpg&amp;description=%D7%A1%D7%A8%D7%98%D7%99%D7%9D+%D7%9C%D7%99%D7%9C%D7%93%D7%99%D7%9D&amp;count=0&amp;page=&amp;cat_level= &amp;index_depth=0&amp;selected_list= &amp;lang=eng",return)</action>
	</shortcut>
	<shortcut>
		<defaultID />
		<label>[B]סרטים מדובבים לילדים 2[/B]</label>
		<label2>הרחבת וידאו</label2>
		<icon>DefaultShortcut.png</icon>
		<thumb>image://https%3a%2f%2fi.imgur.com%2f7ndoWoj.jpg/</thumb>
		<action>ActivateWindow(Videos,"plugin://plugin.video.ghostpremium/?url=%5BB%5D%5BCOLOR+orange%5D%D7%99%D7%9C%D7%93%D7%99%D7%9D%5B%2FB%5D%5B%2FCOLOR%5D%5BB%5D%D7%A1%D7%A8%D7%98%D7%99%D7%9D+%D7%9E%D7%93%D7%95%D7%91%D7%91%D7%99%D7%9D+%D7%9C%D7%99%D7%9C%D7%93%D7%99%D7%9D+2%5B%2FB%5D&amp;mode=5&amp;name=%5BB%5D%D7%A1%D7%A8%D7%98%D7%99%D7%9D+%D7%9E%D7%93%D7%95%D7%91%D7%91%D7%99%D7%9D+%D7%9C%D7%99%D7%9C%D7%93%D7%99%D7%9D+2%5B%2FB%5D&amp;iconimage=https%3A%2F%2Fi.imgur.com%2F7ndoWoj.jpg&amp;fanart=https%3A%2F%2Fi.ytimg.com%2Fvi%2FusvfwADyXBw%2Fmaxresdefault.jpg&amp;description=%D7%A1%D7%A8%D7%98%D7%99%D7%9D+%D7%9C%D7%99%D7%9C%D7%93%D7%99%D7%9D&amp;count=0&amp;page=&amp;cat_level= &amp;index_depth=0&amp;selected_list= &amp;lang=eng",return)</action>
	</shortcut>
</shortcuts>
