<?xml version='1.0' encoding='UTF-8'?>
<shortcuts>
	<shortcut>
		<defaultID />
		<label>ערוצי מדע וטבע</label>
		<label2>הרחבת וידאו</label2>
		<icon>DefaultShortcut.png</icon>
		<thumb>special://home/bg/addonsicons/nature.jpg</thumb>
		<action>ActivateWindow(Videos,"plugin://plugin.video.playlistLoader/?logos=&amp;cache=0&amp;name=%5B%D7%9E%D7%93%D7%A2+%D7%95%D7%98%D7%91%D7%A2%5D&amp;url=https%3A%2F%2Fghostbin.co%2Fpaste%2F9kcgh%2Fraw&amp;iconimage=C%3A%5Ckodi18%5Cportable_data%5Caddons%5Cplugin.video.playlistLoader%5Cresources%5Cimages%5Cdefault-list-image.png&amp;mode=2&amp;uuid=6420aeda-e7a0-43c9-81f1-3cf7c2082047",return)</action>
	</shortcut>
	<shortcut>
		<defaultID />
		<label>Titan Docs</label>
		<label2>הרחבת וידאו</label2>
		<icon>DefaultShortcut.png</icon>
		<thumb>special://home/bg/addonsicons/des.png</thumb>
		<action>ActivateWindow(Videos,"plugin://plugin.video.ghost/?mode=get_list&amp;url=https%3A%2F%2Fmagnetic.website%2FMad%2520Titan%2Fdocs.xml&amp;name=%5BCOLOR+FFffffffff%5D%2A%2A%2ATitan+Docs%2A%2A%2A%5B%2FCOLOR%5D&amp;iconimage=https%3A%2F%2Fmagnetic.website%2FMad%2520Titan%2Fmad%2520titan%2520icons%2Fdocs.png&amp;fanart=https%3A%2F%2Fmagnetic.website%2Fmenu%2520icons%2Fdocs%2520fanart.jpg&amp;description=No+information+available",return)</action>
	</shortcut>
	<shortcut>
		<defaultID />
		<label>דוקו טיוב</label>
		<label2>הרחבת וידאו</label2>
		<icon>DefaultShortcut.png</icon>
		<thumb>special://home/bg/addonsicons/shadow.png</thumb>
		<action>ActivateWindow(Videos,"plugin://plugin.video.Serviceil/?url=url&amp;mode=11&amp;name=%5BCOLOR+aqua%5D%D7%93%D7%95%D7%A7%D7%95%D7%9E%D7%A0%D7%98%D7%A8%D7%99+%5B%2FCOLOR%5D",return)</action>
	</shortcut>
	<shortcut>
		<defaultID />
		<label>The M.D docu</label>
		<label2>הרחבת וידאו</label2>
		<icon>DefaultShortcut.png</icon>
		<thumb>special://home/bg/addonsicons/magic.png</thumb>
		<action>ActivateWindow(Videos,"plugin://plugin.video.themagicdragon/?url=https%3A%2F%2Fraw.githubusercontent.com%2Ftombebbs1%2Fmagicdragon%2Fmaster%2Fdocumentaries.txt&amp;mode=1&amp;name=%5BB%5D%5BI%5D%5BCOLORgreenyellow%5DDocumentary%27s%5B%2FB%5D%5B%2FI%5D%5B%2FCOLOR%5D&amp;fanart=https%3A%2F%2Fi.imgur.com%2FU5nKN8r.jpg",return)</action>
	</shortcut>
	<shortcut>
		<defaultID />
		<label>F Documentaries</label>
		<label2>הרחבת וידאו</label2>
		<icon>DefaultShortcut.png</icon>
		<thumb>special://home/bg/addonsicons/free.png</thumb>
		<action>ActivateWindow(Videos,"plugin://plugin.video.Free/?url=https%3A%2F%2Fraw.githubusercontent.com%2FFloyd6969%2FDJV%2Fmaster%2FDocu.xml&amp;mode=1&amp;name=%5BCOLOR+red%5D%5BB%5DFree+Documentaries%5B%2FB%5D%5B%2FCOLOR%5D&amp;iconimage=https%3A%2F%2Fi.imgur.com%2FLuNWIUk.png&amp;fanart=https%3A%2F%2Fi.imgur.com%2FJXWpWyx.jpg",return)</action>
	</shortcut>
	<shortcut>
		<defaultID>plugin.video.griff.docs</defaultID>
		<label>Griffs Docs</label>
		<label2>הרחבת וידאו</label2>
		<icon>DefaultShortcut.png</icon>
		<thumb>special://home/bg/addonsicons/aa03f748.png</thumb>
		<action>ActivateWindow(Videos,"plugin://plugin.video.griff.docs",return)</action>
	</shortcut>
	<shortcut>
		<defaultID />
		<label>Documented.HD</label>
		<label2>הרחבת וידאו</label2>
		<icon>DefaultShortcut.png</icon>
		<thumb>special://home/bg/addonsicons/fdj.png</thumb>
		<action>ActivateWindow(Videos,"plugin://plugin.video.fdj.hd/?url=http%3A%2F%2Ffrenchdj.atspace.tv%2FFDJ%2FDocumented.HD%2FDocumented.HD.xml&amp;mode=1&amp;name=%5BCOLOR+lime%5D%5BB%5D.+%5BCOLOR+white%5DDocumented%5BCOLOR+lime%5D.%5BCOLOR+white%5DHD%5B%2FB%5D%5B%2FCOLOR%5D&amp;fanart=C%3A%5Ckodi18%5Cportable_data%5Caddons%5Cplugin.video.fdj.hd%5Cfanart.gif",return)</action>
	</shortcut>
	<shortcut>
		<defaultID />
		<label>Thorrent סרטי דוקו</label>
		<label2>הרחבת וידאו</label2>
		<icon>DefaultShortcut.png</icon>
		<thumb>special://home/bg/addonsicons/thorrent.png</thumb>
		<action>ActivateWindow(Videos,"plugin://plugin.video.torrent/?mode=3&amp;name=דוקומנטרי&amp;heb_name= &amp;dates= &amp;data= &amp;original_title= &amp;id= &amp;season= &amp;episode= &amp;tmdbid= &amp;eng_name= &amp;show_original_year= &amp;isr=0&amp;fanart=http%3A%2F%2Fimg.mako.co.il%2F2017%2F03%2F28%2F704104_I.jpg&amp;url=http%3A%2F%2Fapi.themoviedb.org%2F3%2Fgenre%2F99%2Fmovies%3Fapi_key%3D34142515d9d23817496eeb4ff1d223d0%26language%3Dhe%26page%3D1&amp;iconimage=http%3A%2F%2Fimg.mako.co.il%2F2017%2F03%2F28%2F704104_I.jpg&amp;description=%D7%93%D7%95%D7%A7%D7%95%D7%9E%D7%A0%D7%98%D7%A8%D7%99&amp;fav_status=false",return)</action>
	</shortcut>
	<shortcut>
		<defaultID />
		<label>The Crew docu</label>
		<label2>הרחבת וידאו</label2>
		<icon>DefaultShortcut.png</icon>
		<thumb>special://home/bg/addonsicons/crew.png</thumb>
		<action>ActivateWindow(Videos,"plugin://plugin.video.thecrew/?action=movies&amp;url=http%3A%2F%2Fwww.imdb.com%2Fsearch%2Ftitle%3Ftitle_type%3Dfeature%2Ctv_movie%2Cdocumentary%26num_votes%3D100%2C%26release_date%3D%2Cdate%5B0%5D%26genres%3Ddocumentary%26sort%3Dmoviemeter%2Casc%26count%3D40%26start%3D1",return)</action>
	</shortcut>
	<shortcut>
		<defaultID>plugin.video.ted.talks</defaultID>
		<label>TED Talks</label>
		<label2>הרחבת וידאו</label2>
		<icon>DefaultShortcut.png</icon>
		<thumb>special://home/bg/addonsicons/922c0507.jpg</thumb>
		<action>ActivateWindow(Videos,"plugin://plugin.video.ted.talks",return)</action>
	</shortcut>
</shortcuts>
