<?xml version='1.0' encoding='UTF-8'?>
<shortcuts>
	<shortcut>
		<defaultID>plugin.video.telemedia</defaultID>
		<label>Telemedia 2.0</label>
		<label2>הרחבת וידאו</label2>
		<icon>DefaultShortcut.png</icon>
		<thumb>image://C%3a%5cUsers%5cneta%5cAppData%5cRoaming%5cKodi%5caddons%5cplugin.video.telemedia%5cicon.png/</thumb>
		<action>ActivateWindow(Videos,"plugin://plugin.video.telemedia",return)</action>
	</shortcut>
	<shortcut>
		<defaultID>plugin.video.dreamspeed</defaultID>
		<label>חלום טורקי 2.0</label>
		<label2>הרחבת וידאו</label2>
		<icon>DefaultShortcut.png</icon>
		<thumb>image://C%3a%5cUsers%5cneta%5cAppData%5cRoaming%5cKodi%5caddons%5cplugin.video.dreamspeed%5cicon.png/</thumb>
		<action>ActivateWindow(Videos,"plugin://plugin.video.dreamspeed",return)</action>
	</shortcut>
	<shortcut>
		<defaultID>plugin.video.sdarot.tv</defaultID>
		<label>סדרות טיוי</label>
		<label2>הרחבת וידאו</label2>
		<icon>DefaultShortcut.png</icon>
		<thumb>image://C%3a%5cUsers%5cneta%5cAppData%5cRoaming%5cKodi%5caddons%5cplugin.video.sdarot.tv%5cicon.png/</thumb>
		<action>ActivateWindow(Videos,"plugin://plugin.video.sdarot.tv",return)</action>
	</shortcut>
	<shortcut>
		<defaultID>plugin.video.mando</defaultID>
		<label>מנדו</label>
		<label2>הרחבת וידאו</label2>
		<icon>DefaultShortcut.png</icon>
		<thumb>image://C%3a%5cUsers%5cneta%5cAppData%5cRoaming%5cKodi%5caddons%5cplugin.video.mando%5cicon.png/</thumb>
		<action>ActivateWindow(Videos,"plugin://plugin.video.mando",return)</action>
	</shortcut>
	<shortcut>
		<defaultID>plugin.video.sporthdme</defaultID>
		<label>ספורט HD</label>
		<label2>הרחבת וידאו</label2>
		<icon>DefaultShortcut.png</icon>
		<thumb>image://C%3a%5cUsers%5cneta%5cAppData%5cRoaming%5cKodi%5caddons%5cplugin.video.sporthdme%5cicon.png/</thumb>
		<action>ActivateWindow(Videos,"plugin://plugin.video.sporthdme",return)</action>
	</shortcut>
	<shortcut>
		<defaultID>plugin.video.theoath</defaultID>
		<label>השבועה ריל דבריד</label>
		<label2>הרחבת וידאו</label2>
		<icon>DefaultShortcut.png</icon>
		<thumb>image://C%3a%5cUsers%5cneta%5cAppData%5cRoaming%5cKodi%5caddons%5cplugin.video.theoath%5cicon.png/</thumb>
		<action>ActivateWindow(Videos,"plugin://plugin.video.theoath",return)</action>
	</shortcut>
	<shortcut>
		<defaultID>plugin.video.blink</defaultID>
		<label>הרחבת Blink ריל דבריד</label>
		<label2>הרחבת וידאו</label2>
		<icon>DefaultShortcut.png</icon>
		<thumb>image://C%3a%5cUsers%5cneta%5cAppData%5cRoaming%5cKodi%5caddons%5cplugin.video.blink%5cicon.png/</thumb>
		<action>ActivateWindow(Videos,"plugin://plugin.video.blink",return)</action>
	</shortcut>
	<shortcut>
		<defaultID>plugin.video.Free</defaultID>
		<label>הרחבת סרטים FREE</label>
		<label2>הרחבת וידאו</label2>
		<icon>DefaultShortcut.png</icon>
		<thumb>image://C%3a%5cUsers%5cneta%5cAppData%5cRoaming%5cKodi%5caddons%5cplugin.video.Free%5cicon.png/</thumb>
		<action>ActivateWindow(Videos,"plugin://plugin.video.Free",return)</action>
	</shortcut>
	<shortcut>
		<defaultID>plugin.video.releaseBB</defaultID>
		<label>הרחבת ReleaseBB ריל דבריד</label>
		<label2>הרחבת וידאו</label2>
		<icon>DefaultShortcut.png</icon>
		<thumb>image://C%3a%5cUsers%5cneta%5cAppData%5cRoaming%5cKodi%5caddons%5cplugin.video.releaseBB%5cicon.png/</thumb>
		<action>ActivateWindow(Videos,"plugin://plugin.video.releaseBB",return)</action>
	</shortcut>
	<shortcut>
		<defaultID>plugin.video.kids_new</defaultID>
		<label>הכל לילדים</label>
		<label2>הרחבת וידאו</label2>
		<icon>DefaultShortcut.png</icon>
		<thumb>image://C%3a%5cUsers%5cneta%5cAppData%5cRoaming%5cKodi%5caddons%5cplugin.video.kids_new%5cicon.png/</thumb>
		<action>ActivateWindow(Videos,"plugin://plugin.video.kids_new",return)</action>
	</shortcut>
	<shortcut>
		<defaultID>plugin.video.CHICCO</defaultID>
		<label>ציקו</label>
		<label2>הרחבת וידאו</label2>
		<icon>DefaultShortcut.png</icon>
		<thumb>image://C%3a%5cUsers%5cneta%5cAppData%5cRoaming%5cKodi%5caddons%5cplugin.video.CHICCO%5cicon.png/</thumb>
		<action>ActivateWindow(Videos,"plugin://plugin.video.CHICCO",return)</action>
	</shortcut>
	<shortcut>
		<defaultID>plugin.video.My.Music</defaultID>
		<label>גוסט</label>
		<label2>הרחבת וידאו</label2>
		<icon>DefaultShortcut.png</icon>
		<thumb>image://C%3a%5cUsers%5cneta%5cAppData%5cRoaming%5cKodi%5caddons%5cplugin.video.My.Music%5cicon.png/</thumb>
		<action>ActivateWindow(Videos,"plugin://plugin.video.My.Music",return)</action>
	</shortcut>
	<shortcut>
		<defaultID>plugin.video.FlashTV</defaultID>
		<label>הרחבת סרטים אקסטרה</label>
		<label2>הרחבת וידאו</label2>
		<icon>DefaultShortcut.png</icon>
		<thumb>image://C%3a%5cUsers%5cneta%5cAppData%5cRoaming%5cKodi%5caddons%5cplugin.video.FlashTV%5cicon.png/</thumb>
		<action>ActivateWindow(Videos,"plugin://plugin.video.FlashTV",return)</action>
	</shortcut>
	<shortcut>
		<defaultID>plugin.video.youtube</defaultID>
		<label>יוטיוב</label>
		<label2>הרחבת וידאו</label2>
		<icon>DefaultShortcut.png</icon>
		<thumb>image://C%3a%5cUsers%5cneta%5cAppData%5cRoaming%5cKodi%5caddons%5cplugin.video.youtube%5cicon.png/</thumb>
		<action>ActivateWindow(Videos,"plugin://plugin.video.youtube",return)</action>
	</shortcut>
</shortcuts>
