<?xml version='1.0' encoding='UTF-8'?>
<shortcuts>
	<shortcut>
		<defaultID>plugin.video.telemedia</defaultID>
		<label>Telemedia 2.0</label>
		<label2>הרחבת וידאו</label2>
		<icon>DefaultShortcut.png</icon>
		<thumb>image://C%3a%5cUsers%5cneta%5cAppData%5cRoaming%5cKodi%5caddons%5cplugin.video.telemedia%5cicon.png/</thumb>
		<action>ActivateWindow(Videos,"plugin://plugin.video.telemedia",return)</action>
	</shortcut>
	<shortcut>
		<defaultID>plugin.video.dreamspeed</defaultID>
		<label>חלום טורקי 2.0</label>
		<label2>הרחבת וידאו</label2>
		<icon>DefaultShortcut.png</icon>
		<thumb>image://C%3a%5cUsers%5cneta%5cAppData%5cRoaming%5cKodi%5caddons%5cplugin.video.dreamspeed%5cicon.png/</thumb>
		<action>ActivateWindow(Videos,"plugin://plugin.video.dreamspeed",return)</action>
	</shortcut>
	<shortcut>
		<defaultID>plugin.video.sdarot.tv</defaultID>
		<label>סדרות טיוי</label>
		<label2>הרחבת וידאו</label2>
		<icon>DefaultShortcut.png</icon>
		<thumb>image://C%3a%5cUsers%5cneta%5cAppData%5cRoaming%5cKodi%5caddons%5cplugin.video.sdarot.tv%5cicon.png/</thumb>
		<action>ActivateWindow(Videos,"plugin://plugin.video.sdarot.tv",return)</action>
	</shortcut>
</shortcuts>
