<?xml version='1.0' encoding='UTF-8'?>
<shortcuts>
	<shortcut>
		<defaultID />
		<label>סרטים</label>
		<label2>פריטים מותאמים אישית</label2>
		<icon>DefaultShortcut.png</icon>
		<thumb>special://home/bg/iconssilver/movies.png</thumb>
		<action>ActivateWindow(Videos,"plugin://script.extendedinfo?info=allmovies",return)</action>
	</shortcut>
	<shortcut>
		<defaultID />
		<label>סדרות</label>
		<label2>פריטים מותאמים אישית</label2>
		<icon>DefaultShortcut.png</icon>
		<thumb>special://home/bg/iconssilver/tvshows.png</thumb>
		<action>ActivateWindow(Videos,"plugin://script.extendedinfo?info=alltvshows",return)</action>
	</shortcut>
	<shortcut>
		<defaultID />
		<label>ערוצי עידן פלוס</label>
		<label2>פריטים מותאמים אישית</label2>
		<icon>DefaultShortcut.png</icon>
		<thumb>special://home/bg/iconssilver/livetv.png</thumb>
		<action>ActivateWindow(Videos,"plugin://plugin.video.idanplus/?moredata=&amp;name=%5BB%5D%D7%A9%D7%99%D7%93%D7%95%D7%A8%D7%99%D7%9D+%D7%97%D7%99%D7%99%D7%9D%5B%2FB%5D&amp;url=&amp;iconimage=C%253A%255CUsers%255CNir%255CAppData%255CRoaming%255CKodi%255Caddons%255Cplugin.video.idanplus%255Cicon.png&amp;module=&amp;mode=1",return)</action>
	</shortcut>
	<shortcut>
		<defaultID />
		<label>סרטים לילדים</label>
		<label2>פריטים מותאמים אישית</label2>
		<icon>DefaultShortcut.png</icon>
		<thumb>special://home/bg/iconssilver/kids.png</thumb>
		<action>ActivateWindow(Videos,"plugin://plugin.video.CHICCO/?url=%D7%A1%D7%A8%D7%98%D7%99%D7%9D%D7%A1%D7%A8%D7%98%D7%99%D7%9D+%D7%9E%D7%93%D7%95%D7%91%D7%91%D7%99%D7%9D&amp;mode=5&amp;name=%D7%A1%D7%A8%D7%98%D7%99%D7%9D+%D7%9E%D7%93%D7%95%D7%91%D7%91%D7%99%D7%9D&amp;iconimage=http%3A%2F%2Fmoridim.me%2Fimages%2Flarge%2F9424.jpg&amp;fanart=http%3A%2F%2Fmoridim.me%2Fimages%2Flarge%2F9424.jpg&amp;description=+&amp;count=0&amp;page=&amp;cat_level= &amp;index_depth=0&amp;selected_list= &amp;lang=eng",return)</action>
	</shortcut>
	<shortcut>
		<defaultID />
		<label>סדרות לילדים</label>
		<label2>הרחבת וידאו</label2>
		<icon>DefaultShortcut.png</icon>
		<thumb>special://home/bg/iconssilver/kids.png</thumb>
		<action>ActivateWindow(Videos,"plugin://plugin.video.mando/?mode=117&amp;search_db=&amp;dates=+&amp;episode=+&amp;description=kids-tvshows&amp;all_w=%7B%7D&amp;show_original_year=+&amp;fanart=+&amp;heb_name=+&amp;iconimage=+&amp;original_title=+&amp;eng_name=+&amp;data=+&amp;url=moshep15%24%24%24%24%24%24%24%24%24%24%24kids-tvshows%5E%5E%5E%5E%5E%5E%5E%5Etv%3Flimit%3D40%26page%3D1&amp;fav_status=false&amp;tmdbid=+&amp;season=+&amp;isr=0&amp;last_id=&amp;image_master=&amp;id=+&amp;name=kids-tvshows&amp;video_data=%7B%22rating%22%3A+%220%22%2C+%22episode%22%3A+0%2C+%22title%22%3A+%22kids-tvshows%22%2C+%22season%22%3A+0%2C+%22TVshowtitle%22%3A+%22%22%2C+%22mediatype%22%3A+%22movie%22%2C+%22plot%22%3A+%22kids-tvshows%22%2C+%22OriginalTitle%22%3A+%22+%22%2C+%22Tag%22%3A+%22116%22%2C+%22id%22%3A+%22+%22%7D",return)</action>
	</shortcut>
	<shortcut>
		<defaultID />
		<label>ספורט</label>
		<label2>פריטים מותאמים אישית</label2>
		<icon>DefaultShortcut.png</icon>
		<thumb>special://home/bg/iconssilver/sport.png</thumb>
		<action>ActivateWindow(Videos,"plugin://plugin.video.Rising.Tides",return)</action>
	</shortcut>
	<shortcut>
		<defaultID />
		<label>צי'קו מדיה</label>
		<label2>פריטים מותאמים אישית</label2>
		<icon>DefaultShortcut.png</icon>
		<thumb>special://home/bg/iconssilver/premium.png</thumb>
		<action>ActivateWindow(Videos,"plugin://plugin.video.Free",return)</action>
	</shortcut>
	<shortcut>
		<defaultID />
		<label>מוסיקה</label>
		<label2>פריטים מותאמים אישית</label2>
		<icon>DefaultShortcut.png</icon>
		<thumb>special://home/bg/iconssilver/music.png</thumb>
		<action>ActivateWindow(Videos,"plugin://plugin.video.Serviceil/?url=url&amp;mode=13&amp;name=%5BCOLOR+aqua%5D%D7%9E%D7%95%D7%96%D7%99%D7%A7%D7%94+%5B%2FCOLOR%5D",return)</action>
	</shortcut>
	<shortcut>
		<defaultID>1037</defaultID>
		<label>הרחבות</label>
		<label2>וידאו</label2>
		<icon>DefaultAddonVideo.png</icon>
		<thumb>special://home/bg/iconssilver/addons.png</thumb>
		<action>ActivateWindow(Videos,Addons,return)</action>
	</shortcut>
	<shortcut>
		<defaultID>1037</defaultID>
		<label>תחזוקה</label>
		<label2>פריטים מותאמים אישית</label2>
		<icon>DefaultAddonVideo.png</icon>
		<thumb>special://home/bg/iconssilver/settings.png</thumb>
		<action>ActivateWindow(AddonBrowser)</action>
	</shortcut>
	<shortcut>
		<defaultID>power</defaultID>
		<label>13012</label>
		<label2>Common Shortcut</label2>
		<icon>DefaultShortcut.png</icon>
		<thumb>special://skin/extras/icons/power.png</thumb>
		<action>ActivateWindow(shutdownmenu)</action>
		<visible>Skin.HasSetting(Home_Horizontal)</visible>
	</shortcut>
</shortcuts>
