<?xml version='1.0' encoding='UTF-8'?>
<shortcuts>
	<shortcut>
		<defaultID />
		<label>ערוצים חיים מהעולם</label>
		<label2>הרחבת וידאו</label2>
		<icon>DefaultShortcut.png</icon>
		<thumb>image://https%3a%2f%2fi.imgur.com%2fLuNWIUk.png/</thumb>
		<action>ActivateWindow(Videos,"plugin://plugin.video.Free/?mode=189&amp;dates=+&amp;episode=+&amp;description=Sports&amp;all_w=%7B%7D&amp;show_original_year=+&amp;fanart=https%3A%2F%2Fi.imgur.com%2FJXWpWyx.jpg&amp;heb_name=+&amp;iconimage=https%3A%2F%2Fi.imgur.com%2FLuNWIUk.png&amp;original_title=+&amp;eng_name=+&amp;data=+&amp;url=https%3A%2F%2Fraw.githubusercontent.com%2FFloyd6969%2FDJV%2Fmaster%2FNewFreeTV.xml&amp;fav_status=false&amp;tmdbid=+&amp;season=+&amp;isr=0&amp;last_id=&amp;image_master=&amp;id=+&amp;name=%5BCOLORred%5D%5BB%5DFree+To+Air+TV%5B%2FB%5D%5B%2FCOLOR%5D&amp;video_data=%7B%22rating%22%3A+%220%22%2C+%22episode%22%3A+0%2C+%22title%22%3A+%22%5BCOLORred%5D%5BB%5DFree+To+Air+TV%5B%2FB%5D%5B%2FCOLOR%5D%22%2C+%22season%22%3A+0%2C+%22TVshowtitle%22%3A+%22%22%2C+%22mediatype%22%3A+%22movie%22%2C+%22plot%22%3A+%22Sports%22%2C+%22OriginalTitle%22%3A+%22+%22%2C+%22Tag%22%3A+%22None%22%2C+%22id%22%3A+%22+%22%7D",return)</action>
	</shortcut>
	<shortcut>
		<defaultID />
		<label>ערוצים חיים מהעולם האבקות</label>
		<label2>הרחבת וידאו</label2>
		<icon>DefaultShortcut.png</icon>
		<thumb>image://https%3a%2f%2fi.imgur.com%2fLuNWIUk.png/</thumb>
		<action>ActivateWindow(Videos,"plugin://plugin.video.Free/?mode=189&amp;dates=+&amp;episode=+&amp;description=Sports&amp;all_w=%7B%7D&amp;show_original_year=+&amp;fanart=https%3A%2F%2Fi.imgur.com%2FJXWpWyx.jpg&amp;heb_name=+&amp;iconimage=https%3A%2F%2Fi.imgur.com%2FLuNWIUk.png&amp;original_title=+&amp;eng_name=+&amp;data=+&amp;url=https%3A%2F%2Fraw.githubusercontent.com%2FFloyd6969%2FDJV%2Fmaster%2FWWE.xml&amp;fav_status=false&amp;tmdbid=+&amp;season=+&amp;isr=0&amp;last_id=&amp;image_master=&amp;id=+&amp;name=%5BCOLORred%5D%5BB%5DFree+WWE%2FAEW%2FUFC+Replays%5B%2FB%5D%5B%2FCOLOR%5D&amp;video_data=%7B%22rating%22%3A+%220%22%2C+%22episode%22%3A+0%2C+%22title%22%3A+%22%5BCOLORred%5D%5BB%5DFree+WWE%2FAEW%2FUFC+Replays%5B%2FB%5D%5B%2FCOLOR%5D%22%2C+%22season%22%3A+0%2C+%22TVshowtitle%22%3A+%22%22%2C+%22mediatype%22%3A+%22movie%22%2C+%22plot%22%3A+%22Sports%22%2C+%22OriginalTitle%22%3A+%22+%22%2C+%22Tag%22%3A+%22None%22%2C+%22id%22%3A+%22+%22%7D",return)</action>
	</shortcut>
	<shortcut>
		<defaultID />
		<label>UFC Replays</label>
		<label2>פריטים מותאמים אישית</label2>
		<icon>DefaultShortcut.png</icon>
		<thumb>special://home/bg/addonsicons/ufc.png</thumb>
		<action>ActivateWindow(Videos,"plugin://plugin.video.ghost/?mode=get_list&amp;url=http%3A%2F%2Fthechains24.com%2FGhost-Addon%2Fghostxmls%2Fxmls1%2Fufc1.xml&amp;name=%5BCOLOR+FFffffffff%5D%5BCOLORwhite%5DUFC+Replays%5B%2FCOLOR%5D%5B%2FCOLOR%5D&amp;iconimage=http%3A%2F%2Fthechains24.com%2FGhost-Addon%2Fghostxmls%2Fxmls1%2Ffanart%2Fufc.png&amp;fanart=http%3A%2F%2Fthechains24.com%2FGhost-Addon%2Fghostxmls%2Fxmls1%2Ffanart%2Fghost2.jpg&amp;description=No+information+available",return)</action>
	</shortcut>
	<shortcut>
		<defaultID>plugin.video.Rising.Tides</defaultID>
		<label>Rising Tides</label>
		<label2>הרחבת וידאו</label2>
		<icon>DefaultShortcut.png</icon>
		<thumb>special://home/bg/addonsicons/rising.png</thumb>
		<action>ActivateWindow(Videos,"plugin://plugin.video.Rising.Tides",return)</action>
	</shortcut>
	<shortcut>
		<defaultID>plugin.video.DS9</defaultID>
		<label>LIVE +</label>
		<label2>הרחבת וידאו</label2>
		<icon>DefaultShortcut.png</icon>
		<thumb>special://home/bg/addonsicons/ds9.png</thumb>
		<action>ActivateWindow(Videos,"plugin://plugin.video.DS9",return)</action>
	</shortcut>
	<shortcut>
		<defaultID />
		<label>ערוצים &amp; replays</label>
		<label2>פריטים מותאמים אישית</label2>
		<icon>DefaultShortcut.png</icon>
		<thumb>special://home/bg/addonsicons/livesport.jpg</thumb>
		<action>ActivateWindow(Videos,"plugin://plugin.video.thecrew/?action=bluehat",return)</action>
	</shortcut>
	<shortcut>
		<defaultID>plugin.video.gridironlegends</defaultID>
		<label>ספורט אמריקאי (pinsystem)</label>
		<label2>פריטים מותאמים אישית</label2>
		<icon>DefaultShortcut.png</icon>
		<thumb>special://home/bg/addonsicons/NBA2.png</thumb>
		<action>ActivateWindow(Videos,"plugin://plugin.video.nemesisaio/?url=SPORTS&amp;mode=1&amp;name=%5BCOLOR+yellow%5D%5BB%5DLive+Sports+%26+Replays%5B%2FB%5D%5B%2FCOLOR%5D&amp;iconimage=C%3A%5Ckodi18%5Cportable_data%5Caddons%5Cplugin.video.nemesisaio%5Cresources%5CImages%5CSports.gif&amp;fanart=0&amp;description=Sports+Time%2C+Come+On+You+Reds+%23YNWA",return)</action>
	</shortcut>
	<shortcut>
		<defaultID>plugin.video.sporthdme</defaultID>
		<label>SportHD</label>
		<label2>הרחבת וידאו</label2>
		<icon>DefaultShortcut.png</icon>
		<thumb>special://home/bg/addonsicons/sporthd.png</thumb>
		<action>ActivateWindow(Videos,"plugin://plugin.video.sporthdme",return)</action>
	</shortcut>
</shortcuts>
