<?xml version='1.0' encoding='UTF-8'?>
<shortcuts>
	<shortcut>
		<defaultID>13013</defaultID>
		<label>וידג'ט רדיו הזהב</label>
		<label2>פריטים מותאמים אישית</label2>
		<icon>Reboot.png</icon>
		<thumb />
		<action>ActivateWindow(6004)</action>
	</shortcut>
	<shortcut>
		<defaultID />
		<label>ערוצי מוזיקה</label>
		<label2>פריטים מותאמים אישית</label2>
		<icon>DefaultShortcut.png</icon>
		<thumb>special://home/bg/addonsicons/music.jpg</thumb>
		<action>ActivateWindow(Videos,"plugin://plugin.video.playlistLoader/?logos=&amp;cache=0&amp;name=%5Bsimpel+music%5D&amp;url=https%3A%2F%2Fghostbin.co%2Fpaste%2Fy8h9t%2Fraw&amp;iconimage=C%3A%5Ckodi18%5Cportable_data%5Caddons%5Cplugin.video.playlistLoader%5Cresources%5Cimages%5Cdefault-list-image.png&amp;mode=2&amp;uuid=5fcd78a6-e08e-45f7-9151-da226c90cecc",return)</action>
	</shortcut>
	<shortcut>
		<defaultID>plugin.audio.99fm-playlists</defaultID>
		<label>מוסיקה+ Playlists</label>
		<label2>פריטים מותאמים אישית</label2>
		<icon>DefaultShortcut.png</icon>
		<thumb>special://home/bg/addonsicons/ef410e68.png</thumb>
		<action>ActivateWindow(Videos,"plugin://plugin.video.idanplus/?moredata=&amp;name=%5BB%5D%D7%9E%D7%95%D7%96%D7%99%D7%A7%D7%94%5B%2FB%5D&amp;url=&amp;iconimage=C%253A%255Ckodi18%255Cportable_data%255Caddons%255Cplugin.video.idanplus%255Cicon.png&amp;module=&amp;mode=14",return)</action>
	</shortcut>
	<shortcut>
		<defaultID>plugin.audio.jango</defaultID>
		<label>Jango</label>
		<label2>הרחבת מוזיקה</label2>
		<icon>DefaultShortcut.png</icon>
		<thumb>special://home/bg/addonsicons/jango.png</thumb>
		<action>ActivateWindow(Music,"plugin://plugin.audio.jango",return)</action>
	</shortcut>
	<shortcut>
		<defaultID />
		<label>פליליסטים</label>
		<label2>הרחבת וידאו</label2>
		<icon>DefaultShortcut.png</icon>
		<thumb>special://home/addons/plugin.video.idanplus/icon.png</thumb>
		<action>ActivateWindow(Videos,"plugin://plugin.video.idanplus/?moredata=&amp;name=%5BB%5D%D7%9E%D7%95%D7%96%D7%99%D7%A7%D7%94%5B%2FB%5D&amp;url=&amp;iconimage=C%253A%255Ckodi18%255Cportable_data%255Caddons%255Cplugin.video.idanplus%255Cicon.png&amp;module=&amp;mode=14",return)</action>
	</shortcut>
	<shortcut>
		<defaultID />
		<label>הופעות 1080p</label>
		<label2>פריטים מותאמים אישית</label2>
		<icon>DefaultShortcut.png</icon>
		<thumb>special://home/bg/addonsicons/live.png</thumb>
		<action>ActivateWindow(Videos,"plugin://plugin.video.asgard/?mode=get_list&amp;url=https%3A%2F%2Fnarcacist.com%2FAddon%2Ftext%2Fmusic%2Fconcerts.xml&amp;name=%5BCOLOR+FFffffffff%5DConcerts%5B%2FCOLOR%5D&amp;iconimage=C%3A%5Ckodi18%5Cportable_data%5Caddons%5Cplugin.video.asgard%5Cicon.png&amp;fanart=C%3A%5Ckodi18%5Cportable_data%5Caddons%5Cplugin.video.asgard%5Cfanart.jpg&amp;description=No+information+available",return)</action>
	</shortcut>
	<shortcut>
		<defaultID />
		<label>Live In Concert</label>
		<label2>פריטים מותאמים אישית</label2>
		<icon>DefaultShortcut.png</icon>
		<thumb>special://home/bg/addonsicons/free.png</thumb>
		<action>ActivateWindow(Videos,"plugin://plugin.video.Free/?url=https%3A%2F%2Fraw.githubusercontent.com%2FFloyd6969%2FDJV%2Fmaster%2FConcerts-Z8GWm5aZ.txt&amp;mode=1&amp;name=%5BCOLOR+red%5D%5BB%5DFree+Live+In+Concert%5B%2FB%5D%5B%2FCOLOR%5D&amp;iconimage=https%3A%2F%2Fi.imgur.com%2FLuNWIUk.png&amp;fanart=https%3A%2F%2Fi.imgur.com%2FJXWpWyx.jpg",return)</action>
	</shortcut>
	<shortcut>
		<defaultID />
		<label>מוזיקה +++</label>
		<label2>פריטים מותאמים אישית</label2>
		<icon>DefaultShortcut.png</icon>
		<thumb>special://home/bg/addonsicons/shadow.png</thumb>
		<action>ActivateWindow(Videos,"plugin://plugin.video.Serviceil/?url=url&amp;mode=13&amp;name=%5BCOLOR+aqua%5D%D7%9E%D7%95%D7%96%D7%99%D7%A7%D7%94+%5B%2FCOLOR%5D",return)</action>
	</shortcut>
	<shortcut>
		<defaultID>plugin.video.fdj.hd</defaultID>
		<label>FDJ.HD</label>
		<label2>הרחבת וידאו</label2>
		<icon>DefaultShortcut.png</icon>
		<thumb>special://home/bg/addonsicons/fdj.png</thumb>
		<action>ActivateWindow(Videos,"plugin://plugin.video.fdj.hd",return)</action>
	</shortcut>
	<shortcut>
		<defaultID />
		<label>The M.D music</label>
		<label2>הרחבת וידאו</label2>
		<icon>DefaultShortcut.png</icon>
		<thumb>special://home/bg/addonsicons/magic.png</thumb>
		<action>ActivateWindow(Videos,"plugin://plugin.video.themagicdragon/?url=https%3A%2F%2Fraw.githubusercontent.com%2Ftombebbs1%2Fmagicdragon%2Fmaster%2Fmusic.txt&amp;mode=1&amp;name=%5BB%5D%5BI%5D%5BCOLORroyalblue%5DMusic%5B%2FB%5D%5B%2FI%5D%5B%2FCOLOR%5D&amp;fanart=https%3A%2F%2Fi.imgur.com%2FU5nKN8r.jpg",return)</action>
	</shortcut>
	<shortcut>
		<defaultID>plugin.audio.My.Music</defaultID>
		<label>My Music</label>
		<label2>הרחבת מוזיקה</label2>
		<icon>DefaultShortcut.png</icon>
		<thumb>image://C%3a%5ckodi18%5cportable_data%5caddons%5cplugin.audio.My.Music%5cicon.png/</thumb>
		<action>ActivateWindow(Music,"plugin://plugin.audio.My.Music",return)</action>
	</shortcut>
	<shortcut>
		<defaultID>plugin.video.karaoketv</defaultID>
		<label>קריוקי TV</label>
		<label2>הרחבת וידאו</label2>
		<icon>DefaultShortcut.png</icon>
		<thumb>special://home/bg/addonsicons/kareoki.png</thumb>
		<action>ActivateWindow(Videos,"plugin://plugin.video.karaoketv",return)</action>
	</shortcut>
</shortcuts>
