<?xml version='1.0' encoding='UTF-8'?>
<shortcuts>
	<shortcut>
		<defaultID>plugin.video.Rising.Tides</defaultID>
		<label>Rising Tides</label>
		<label2>הרחבת וידאו</label2>
		<icon>DefaultShortcut.png</icon>
		<thumb>special://home/bg/addonsicons/rising.png</thumb>
		<action>ActivateWindow(Videos,"plugin://plugin.video.Rising.Tides",return)</action>
	</shortcut>
	<shortcut>
		<defaultID>plugin.video.DS9</defaultID>
		<label>LIVE +</label>
		<label2>הרחבת וידאו</label2>
		<icon>DefaultShortcut.png</icon>
		<thumb>special://home/bg/addonsicons/ds9.png</thumb>
		<action>ActivateWindow(Videos,"plugin://plugin.video.DS9",return)</action>
	</shortcut>
	<shortcut>
		<defaultID>plugin.video.PLsportowo</defaultID>
		<label>Sportowa TV</label>
		<label2>הרחבת וידאו</label2>
		<icon>DefaultShortcut.png</icon>
		<thumb>special://home/bg/addonsicons/ota.png</thumb>
		<action>ActivateWindow(Videos,"plugin://plugin.video.PLsportowo",return)</action>
	</shortcut>
	<shortcut>
		<defaultID />
		<label>ערוצים &amp; replays</label>
		<label2>פריטים מותאמים אישית</label2>
		<icon>DefaultShortcut.png</icon>
		<thumb>special://home/bg/addonsicons/livesport.jpg</thumb>
		<action>ActivateWindow(Videos,"plugin://plugin.video.thecrew/?action=bluehat",return)</action>
	</shortcut>
	<shortcut>
		<defaultID>plugin.video.gridironlegends</defaultID>
		<label>ספורט אמריקאי (pinsystem)</label>
		<label2>פריטים מותאמים אישית</label2>
		<icon>DefaultShortcut.png</icon>
		<thumb>special://home/bg/addonsicons/NBA2.png</thumb>
		<action>ActivateWindow(Videos,"plugin://plugin.video.nemesisaio/?url=SPORTS&amp;mode=1&amp;name=%5BCOLOR+yellow%5D%5BB%5DLive+Sports+%26+Replays%5B%2FB%5D%5B%2FCOLOR%5D&amp;iconimage=C%3A%5Ckodi18%5Cportable_data%5Caddons%5Cplugin.video.nemesisaio%5Cresources%5CImages%5CSports.gif&amp;fanart=0&amp;description=Sports+Time%2C+Come+On+You+Reds+%23YNWA",return)</action>
	</shortcut>
	<shortcut>
		<defaultID>plugin.video.sporthdme</defaultID>
		<label>SportHD</label>
		<label2>הרחבת וידאו</label2>
		<icon>DefaultShortcut.png</icon>
		<thumb>special://home/bg/addonsicons/sporthd.png</thumb>
		<action>ActivateWindow(Videos,"plugin://plugin.video.sporthdme",return)</action>
	</shortcut>
	<shortcut>
		<defaultID />
		<label>ספורט++</label>
		<label2>הרחבת וידאו</label2>
		<icon>DefaultShortcut.png</icon>
		<thumb>special://home/bg/addonsicons/victory.png</thumb>
		<action>ActivateWindow(Videos,"plugin://plugin.video.Serviceil/?url=url&amp;mode=15&amp;name=%5BCOLOR+aqua%5D%D7%A1%D7%A4%D7%95%D7%A8%D7%98+%5B%2FCOLOR%5D",return)</action>
	</shortcut>
	<shortcut>
		<defaultID />
		<label>UFC Replays</label>
		<label2>פריטים מותאמים אישית</label2>
		<icon>DefaultShortcut.png</icon>
		<thumb>special://home/bg/addonsicons/ufc.png</thumb>
		<action>ActivateWindow(Videos,"plugin://plugin.video.ghost/?mode=get_list&amp;url=http%3A%2F%2Fthechains24.com%2FGhost-Addon%2Fghostxmls%2Fxmls1%2Fufc1.xml&amp;name=%5BCOLOR+FFffffffff%5D%5BCOLORwhite%5DUFC+Replays%5B%2FCOLOR%5D%5B%2FCOLOR%5D&amp;iconimage=http%3A%2F%2Fthechains24.com%2FGhost-Addon%2Fghostxmls%2Fxmls1%2Ffanart%2Fufc.png&amp;fanart=http%3A%2F%2Fthechains24.com%2FGhost-Addon%2Fghostxmls%2Fxmls1%2Ffanart%2Fghost2.jpg&amp;description=No+information+available",return)</action>
	</shortcut>
	<shortcut>
		<defaultID>plugin.video.wrestlers</defaultID>
		<label>Wrestlers האבקות</label>
		<label2>הרחבת וידאו</label2>
		<icon>DefaultShortcut.png</icon>
		<thumb>special://home/bg/addonsicons/wres.png</thumb>
		<action>ActivateWindow(Videos,"plugin://plugin.video.wrestlers",return)</action>
	</shortcut>
	<shortcut>
		<defaultID>plugin.video.FightClub</defaultID>
		<label>Fight Club (pinsystem)</label>
		<label2>הרחבת וידאו</label2>
		<icon>DefaultShortcut.png</icon>
		<thumb>special://home/bg/addonsicons/fight.png</thumb>
		<action>ActivateWindow(Videos,"plugin://plugin.video.FightClub",return)</action>
	</shortcut>
	<shortcut>
		<defaultID />
		<label>Titan Fitness</label>
		<label2>הרחבת וידאו</label2>
		<icon>DefaultShortcut.png</icon>
		<thumb>special://home/bg/addonsicons/des.png</thumb>
		<action>ActivateWindow(Videos,"plugin://plugin.video.ghost/?mode=get_list&amp;url=https%3A%2F%2Fmagnetic.website%2FMad%2520Titan%2FFITNESS.xml&amp;name=%5BCOLOR+FFffffffff%5D%2A%2A%2ATitan+Fitness%2A%2A%2A%5B%2FCOLOR%5D&amp;iconimage=https%3A%2F%2Fmagnetic.website%2FMad%2520Titan%2Fmad%2520titan%2520icons%2Ftitan%2520fitness.png&amp;fanart=https%3A%2F%2Fcdnb.artstation.com%2Fp%2Fassets%2Fimages%2Fimages%2F007%2F218%2F475%2Flarge%2Fsvein-yngve-sandvik-antonsen-thanos-sveiny1.jpg%3F1504550732&amp;description=No+information+available",return)</action>
	</shortcut>
	<shortcut>
		<defaultID>plugin.video.Health.Plus.Woman</defaultID>
		<label>בריאות פלוס</label>
		<label2>הרחבת וידאו</label2>
		<icon>DefaultShortcut.png</icon>
		<thumb>special://home/addons/plugin.video.Health.Plus.Woman/icon.png</thumb>
		<action>ActivateWindow(Videos,"plugin://plugin.video.Health.Plus.Woman",return)</action>
	</shortcut>
</shortcuts>
