<?xml version='1.0' encoding='UTF-8'?>
<shortcuts>
	<shortcut>
		<defaultID />
		<label>(1114)  סדרות לפי עמודים</label>
		<label2>הרחבת וידאו</label2>
		<icon>DefaultShortcut.png</icon>
		<thumb>image://https%3a%2f%2ftravelmamas.com%2fwp-content%2fuploads%2f2017%2f10%2fbest_travel_movies_for_kids_frozen-837x1200.jpg/</thumb>
		<action>ActivateWindow(Videos,"plugin://plugin.video.kids_new/?mode=13&amp;next_page=&amp;description=%D7%99%D7%9C%D7%93%D7%99%D7%9D&amp;url=0&amp;iconimage=https%3A%2F%2Ftravelmamas.com%2Fwp-content%2Fuploads%2F2017%2F10%2Fbest_travel_movies_for_kids_frozen-837x1200.jpg&amp;fanart=https%3A%2F%2Fwww.slashfilm.com%2Fwp%2Fwp-content%2Fimages%2FAstro-Boy.jpg&amp;mode=13&amp;name=%281114%29++%D7%A1%D7%93%D7%A8%D7%95%D7%AA+%D7%9C%D7%A4%D7%99+%D7%A2%D7%9E%D7%95%D7%93%D7%99%D7%9D",return)</action>
	</shortcut>
	<shortcut>
		<defaultID />
		<label>(1114)  סדרות לפי לפי א-ב</label>
		<label2>הרחבת וידאו</label2>
		<icon>DefaultShortcut.png</icon>
		<thumb>image://https%3a%2f%2ftravelmamas.com%2fwp-content%2fuploads%2f2017%2f10%2fbest_travel_movies_for_kids_frozen-837x1200.jpg/</thumb>
		<action>ActivateWindow(Videos,"plugin://plugin.video.kids_new/?mode=14&amp;next_page=&amp;description=%D7%99%D7%9C%D7%93%D7%99%D7%9D&amp;url=0&amp;iconimage=https%3A%2F%2Ftravelmamas.com%2Fwp-content%2Fuploads%2F2017%2F10%2Fbest_travel_movies_for_kids_frozen-837x1200.jpg&amp;fanart=https%3A%2F%2Fwww.slashfilm.com%2Fwp%2Fwp-content%2Fimages%2FAstro-Boy.jpg&amp;mode=14&amp;name=%281114%29++%D7%A1%D7%93%D7%A8%D7%95%D7%AA+%D7%9C%D7%A4%D7%99+%D7%9C%D7%A4%D7%99+%D7%90-%D7%91",return)</action>
	</shortcut>
	<shortcut>
		<defaultID />
		<label>קדימונים לילדים</label>
		<label2>הרחבת וידאו</label2>
		<icon>DefaultShortcut.png</icon>
		<thumb>image://https%3a%2f%2fimagesvc.timeincapp.com%2fv3%2fmm%2fimage%3furl%3dhttps%253A%252F%252Fewedit.files.wordpress.com%252F2017%252F11%252Fanimationsplit.jpg%253Fw%253D2000%26w%3d700%26q%3d85/</thumb>
		<action>ActivateWindow(Videos,"plugin://plugin.video.kids_new/?mode=4&amp;next_page=&amp;description=%D7%98%D7%A8%D7%9C%D7%99%D7%99%D7%A8%D7%99%D7%9D&amp;url=www&amp;iconimage=https%3A%2F%2Fimagesvc.timeincapp.com%2Fv3%2Fmm%2Fimage%3Furl%3Dhttps%253A%252F%252Fewedit.files.wordpress.com%252F2017%252F11%252Fanimationsplit.jpg%253Fw%253D2000%26w%3D700%26q%3D85&amp;fanart=https%3A%2F%2Fcdn1.thr.com%2Fsites%2Fdefault%2Ffiles%2Fimagecache%2Flist_landscape_960x541%2F2017%2F08%2Fcoco_ferdinand_the_star_lego_ninjago_my_little_pony_-_split_-_publicity_-_h_2017_1.jpg&amp;mode=4&amp;name=%D7%A7%D7%93%D7%99%D7%9E%D7%95%D7%A0%D7%99%D7%9D+%D7%9C%D7%99%D7%9C%D7%93%D7%99%D7%9D",return)</action>
	</shortcut>
	<shortcut>
		<defaultID />
		<label>ערוצי יוטיוב לילדים</label>
		<label2>הרחבת וידאו</label2>
		<icon>DefaultShortcut.png</icon>
		<thumb>image://https%3a%2f%2fplay-lh.googleusercontent.com%2flMoItBgdPPVDJsNOVtP26EKHePkwBg-PkuY9NOrc-fumRtTFP4XhpUNk_22syN4Datc/</thumb>
		<action>ActivateWindow(Videos,"plugin://plugin.video.kids_new/?mode=52&amp;next_page=&amp;description=YOUTUBE&amp;url=www&amp;iconimage=https%3A%2F%2Fplay-lh.googleusercontent.com%2FlMoItBgdPPVDJsNOVtP26EKHePkwBg-PkuY9NOrc-fumRtTFP4XhpUNk_22syN4Datc&amp;fanart=https%3A%2F%2Fplay-lh.googleusercontent.com%2F96nxQxbB8Ug-vZjAk-3FSs6JN68iJ3JYQBpmJeA8wt9vnt6wUoxZBj61dWObvTH1DbI_&amp;mode=52&amp;name=%D7%A2%D7%A8%D7%95%D7%A6%D7%99+YOUTUBE",return)</action>
	</shortcut>
	<shortcut>
		<defaultID />
		<label>סדרות מועדפות</label>
		<label2>הרחבת וידאו</label2>
		<icon>DefaultShortcut.png</icon>
		<thumb>image://https%3a%2f%2fwww.netclipart.com%2fpp%2fm%2f186-1868147_kids-logo-tv-show-logos-childrens-logo-church.png/</thumb>
		<action>ActivateWindow(Videos,"plugin://plugin.video.kids_new/?mode=8&amp;next_page=&amp;description=%D7%A1%D7%93%D7%A8%D7%95%D7%AA+%D7%9E%D7%95%D7%A2%D7%93%D7%A4%D7%95%D7%AA&amp;url=www&amp;iconimage=https%3A%2F%2Fwww.netclipart.com%2Fpp%2Fm%2F186-1868147_kids-logo-tv-show-logos-childrens-logo-church.png&amp;fanart=https%3A%2F%2Fwww.denofgeek.com%2Fwp-content%2Fuploads%2F2020%2F03%2FUK-Kids-streaming.jpg%3Ffit%3D1200%252C675&amp;mode=8&amp;name=%D7%A1%D7%93%D7%A8%D7%95%D7%AA+%D7%9E%D7%95%D7%A2%D7%93%D7%A4%D7%95%D7%AA",return)</action>
	</shortcut>
	<shortcut>
		<defaultID>coloryellow-i-hgrllysdrh-i-color</defaultID>
		<label>[COLOR yellow][I]הגרל לי סדרה[/I][/COLOR]</label>
		<label2>מועדף</label2>
		<icon>DefaultFolder.png</icon>
		<thumb>https://images-na.ssl-images-amazon.com/images/I/51JqWrL9jGL._SY355_.png</thumb>
		<action>PlayMedia("plugin://plugin.video.kids_new/?mode=16&amp;description=%D7%94%D7%92%D7%A8%D7%9C+%D7%9C%D7%99+%D7%A1%D7%93%D7%A8%D7%94&amp;url=www&amp;iconimage=https%3A%2F%2Fimages-na.ssl-images-amazon.com%2Fimages%2FI%2F51JqWrL9jGL._SY355_.png&amp;fanart=https%3A%2F%2Fimages-na.ssl-images-amazon.com%2Fimages%2FI%2F614xI2W%252BJTL.png&amp;video_info=%7B%7D&amp;mode=16&amp;id=&amp;name=%5BCOLOR+yellow%5D%5BI%5D%D7%94%D7%92%D7%A8%D7%9C+%D7%9C%D7%99+%D7%A1%D7%93%D7%A8%D7%94%5B%2FI%5D%5B%2FCOLOR%5D",return)</action>
	</shortcut>
	<shortcut>
		<defaultID />
		<label>סדרות מדובבות צפיה ישירה</label>
		<label2>הרחבת וידאו</label2>
		<icon>DefaultShortcut.png</icon>
		<thumb>image://https%3a%2f%2fkcat123.github.io%2fFTV%2fImages%2fTV-Shows-Dubbed-Cartoons-IL.jpg/</thumb>
		<action>ActivateWindow(Videos,"plugin://plugin.video.FlashTV/?url=%D7%99%D7%9C%D7%93%D7%99%D7%9D%D7%A1%D7%93%D7%A8%D7%95%D7%AA+%D7%9E%D7%93%D7%95%D7%91%D7%91%D7%95%D7%AA&amp;mode=5&amp;name=%D7%A1%D7%93%D7%A8%D7%95%D7%AA+%D7%9E%D7%93%D7%95%D7%91%D7%91%D7%95%D7%AA&amp;iconimage=https%3A%2F%2Fkcat123.github.io%2FFTV%2FImages%2FTV-Shows-Dubbed-Cartoons-IL.jpg&amp;fanart=&amp;description=+&amp;count=0&amp;page=&amp;cat_level= &amp;index_depth=0&amp;selected_list= &amp;lang=eng",return)</action>
	</shortcut>
</shortcuts>
