<?xml version='1.0' encoding='UTF-8'?>
<shortcuts>
	<shortcut>
		<defaultID />
		<label>סדרות טיוי</label>
		<label2>הרחבת וידאו</label2>
		<icon>DefaultShortcut.png</icon>
		<thumb>image://https%3a%2f%2fi.ytimg.com%2fvi%2fB6eKLj6foMQ%2fhqdefault.jpg/</thumb>
		<action>ActivateWindow(Videos,"plugin://plugin.video.sdarot.tv/?mode=1&amp;o_name=&amp;next_page=&amp;description=%D7%A1%D7%93%D7%A8%D7%95%D7%AA&amp;url=0&amp;iconimage=https%3A%2F%2Fi.ytimg.com%2Fvi%2FB6eKLj6foMQ%2Fhqdefault.jpg&amp;fanart=https%3A%2F%2F1.bp.blogspot.com%2F-d5RdlKKZOV4%2FXik8v3-ZEBI%2FAAAAAAAAIOY%2F5cU2hwrNNLowBcYmgSnpSqzRCu1J1kMBACNcBGAsYHQ%2Fs1600%2FPhoto%252B23-01-2020%25252C%252B8%252B16%252B08.jpg&amp;mode=1&amp;name=%D7%A1%D7%93%D7%A8%D7%95%D7%AA",return)</action>
	</shortcut>
	<shortcut>
		<defaultID />
		<label>סדרות בטורקית - חלום טורקי</label>
		<label2>הרחבת וידאו</label2>
		<icon>DefaultShortcut.png</icon>
		<thumb>image://https%3a%2f%2fimg.utdstc.com%2ficons%2fturkish-live-tv-android.png%3a225/</thumb>
		<action>ActivateWindow(Videos,"plugin://plugin.video.dreamspeed/?url=01167229263760821121&amp;mode=2&amp;name=%D7%A1%D7%93%D7%A8%D7%95%D7%AA&amp;iconimage=https%3A%2F%2Fimg.utdstc.com%2Ficons%2Fturkish-live-tv-android.png%3A225&amp;fanart=https%3A%2F%2Flh3.googleusercontent.com%2FEptRQzLFvgbplw06pxQzRWqaNiP8NfGM_otuqr_zY-9ZE3hpnV8eQ-CYwFedEMtE53A&amp;description=08.11.2020&amp;fid=1-A_JdeQWaoBzDaHJ-W3Y3reCPVNzFU9_",return)</action>
	</shortcut>
	<shortcut>
		<defaultID />
		<label>חלום טורקי - מה חדש</label>
		<label2>הרחבת וידאו</label2>
		<icon>DefaultShortcut.png</icon>
		<thumb>image://http%3a%2f%2fngarba.xyz%2fadds%2fyos%2faa113.jpg/</thumb>
		<action>ActivateWindow(Videos,"plugin://plugin.video.dreamspeed/?url=www&amp;mode=4&amp;name=%D7%9E%D7%94+%D7%97%D7%93%D7%A9&amp;iconimage=http%3A%2F%2Fngarba.xyz%2Fadds%2Fyos%2Faa113.jpg&amp;fanart=http%3A%2F%2Fs1.picswalls.com%2Fwallpapers%2F2014%2F01%2F29%2Fdragon-hd-wallpaper_063723920_21.jpg&amp;description=+&amp;fid=root",return)</action>
	</shortcut>
	<shortcut>
		<defaultID />
		<label>סדרות ישראליות</label>
		<label2>הרחבת וידאו</label2>
		<icon>DefaultShortcut.png</icon>
		<thumb>image://https%3a%2f%2fkcat123.github.io%2fFTV%2fImages%2fTV-Shows-IL.jpg/</thumb>
		<action>ActivateWindow(Videos,"plugin://plugin.video.FlashTV/?url=%D7%A1%D7%93%D7%A8%D7%95%D7%AA%D7%A1%D7%93%D7%A8%D7%95%D7%AA+%D7%99%D7%A9%D7%A8%D7%90%D7%9C%D7%99%D7%95%D7%AA&amp;mode=5&amp;name=%D7%A1%D7%93%D7%A8%D7%95%D7%AA+%D7%99%D7%A9%D7%A8%D7%90%D7%9C%D7%99%D7%95%D7%AA&amp;iconimage=https%3A%2F%2Fkcat123.github.io%2FFTV%2FImages%2FTV-Shows-IL.jpg&amp;fanart=&amp;description=+&amp;count=0&amp;page=&amp;cat_level= &amp;index_depth=0&amp;selected_list= &amp;lang=eng",return)</action>
	</shortcut>
	<shortcut>
		<defaultID />
		<label>סדרות ישראליות דוקומנטריות</label>
		<label2>הרחבת וידאו</label2>
		<icon>DefaultShortcut.png</icon>
		<thumb>image://https%3a%2f%2fkcat123.github.io%2fFTV%2fImages%2fTV-Shows-Documentary-IL.jpg/</thumb>
		<action>ActivateWindow(Videos,"plugin://plugin.video.FlashTV/?url=%D7%A1%D7%93%D7%A8%D7%95%D7%AA%D7%A1%D7%93%D7%A8%D7%95%D7%AA+%D7%99%D7%A9%D7%A8%D7%90%D7%9C%D7%99%D7%95%D7%AA+%D7%93%D7%95%D7%A7%D7%95%D7%9E%D7%A0%D7%98%D7%A8%D7%99%D7%95%D7%AA&amp;mode=5&amp;name=%D7%A1%D7%93%D7%A8%D7%95%D7%AA+%D7%99%D7%A9%D7%A8%D7%90%D7%9C%D7%99%D7%95%D7%AA+%D7%93%D7%95%D7%A7%D7%95%D7%9E%D7%A0%D7%98%D7%A8%D7%99%D7%95%D7%AA&amp;iconimage=https%3A%2F%2Fkcat123.github.io%2FFTV%2FImages%2FTV-Shows-Documentary-IL.jpg&amp;fanart=&amp;description=+&amp;count=0&amp;page=&amp;cat_level= &amp;index_depth=0&amp;selected_list= &amp;lang=eng",return)</action>
	</shortcut>
	<shortcut>
		<defaultID />
		<label>סדרות ישראליות לנוער</label>
		<label2>הרחבת וידאו</label2>
		<icon>DefaultShortcut.png</icon>
		<thumb>image://https%3a%2f%2fkcat123.github.io%2fFTV%2fImages%2fTV-Shows-Young-IL.jpg/</thumb>
		<action>ActivateWindow(Videos,"plugin://plugin.video.FlashTV/?url=%D7%A1%D7%93%D7%A8%D7%95%D7%AA%D7%A1%D7%93%D7%A8%D7%95%D7%AA+%D7%99%D7%A9%D7%A8%D7%90%D7%9C%D7%99%D7%95%D7%AA+%D7%9C%D7%A0%D7%95%D7%A2%D7%A8&amp;mode=5&amp;name=%D7%A1%D7%93%D7%A8%D7%95%D7%AA+%D7%99%D7%A9%D7%A8%D7%90%D7%9C%D7%99%D7%95%D7%AA+%D7%9C%D7%A0%D7%95%D7%A2%D7%A8&amp;iconimage=https%3A%2F%2Fkcat123.github.io%2FFTV%2FImages%2FTV-Shows-Young-IL.jpg&amp;fanart=&amp;description=+&amp;count=0&amp;page=&amp;cat_level= &amp;index_depth=0&amp;selected_list= &amp;lang=eng",return)</action>
	</shortcut>
	<shortcut>
		<defaultID />
		<label>כל הסדרות לועזיות מנדו</label>
		<label2>הרחבת וידאו</label2>
		<icon>DefaultShortcut.png</icon>
		<thumb>image://%20/</thumb>
		<action>ActivateWindow(Videos,"plugin://plugin.video.mando/?mode=117&amp;search_db=&amp;dates=+&amp;episode=+&amp;description=mainscreentvshowsmando&amp;all_w=%7B%7D&amp;show_original_year=+&amp;fanart=+&amp;heb_name=+&amp;iconimage=+&amp;original_title=+&amp;eng_name=+&amp;data=+&amp;url=moshep15%24%24%24%24%24%24%24%24%24%24%24mainscreentvshowsmando%5E%5E%5E%5E%5E%5E%5E%5Etv%3Flimit%3D40%26page%3D1&amp;fav_status=false&amp;tmdbid=+&amp;season=+&amp;isr=0&amp;last_id=&amp;image_master=&amp;id=+&amp;name=mainscreentvshowsmando&amp;video_data=%7B%22rating%22%3A+%220%22%2C+%22episode%22%3A+0%2C+%22title%22%3A+%22mainscreentvshowsmando%22%2C+%22season%22%3A+0%2C+%22TVshowtitle%22%3A+%22%22%2C+%22mediatype%22%3A+%22movie%22%2C+%22plot%22%3A+%22mainscreentvshowsmando%22%2C+%22OriginalTitle%22%3A+%22+%22%2C+%22Tag%22%3A+%22116%22%2C+%22id%22%3A+%22+%22%7D",return)</action>
	</shortcut>
	<shortcut>
		<defaultID />
		<label>כל הסדרות השבועה ריל דבריד</label>
		<label2>הרחבת וידאו</label2>
		<icon>DefaultShortcut.png</icon>
		<thumb>image://C%3a%5cUsers%5cneta%5cAppData%5cRoaming%5cKodi%5caddons%5cscript.theoath.artwork%5cresources%5cmedia%5cexuary%5ctrakt.png/</thumb>
		<action>ActivateWindow(Videos,"plugin://plugin.video.theoath/?action=tvshows&amp;url=https%3A%2F%2Fapi.trakt.tv%2Fusers%2Fme%2Flists%2Fmainscreentvshowsmando%2Fitems",return)</action>
	</shortcut>
	<shortcut>
		<defaultID />
		<label>סדרות דוקומנטריות לועזיות מנדו</label>
		<label2>הרחבת וידאו</label2>
		<icon>DefaultShortcut.png</icon>
		<thumb>image://%20/</thumb>
		<action>ActivateWindow(Videos,"plugin://plugin.video.mando/?mode=117&amp;search_db=&amp;dates=+&amp;episode=+&amp;description=tvshowsrealitydocu&amp;all_w=%7B%7D&amp;show_original_year=+&amp;fanart=+&amp;heb_name=+&amp;iconimage=+&amp;original_title=+&amp;eng_name=+&amp;data=+&amp;url=moshep15%24%24%24%24%24%24%24%24%24%24%24tvshowsrealitydocu%5E%5E%5E%5E%5E%5E%5E%5Etv%3Flimit%3D40%26page%3D1&amp;fav_status=false&amp;tmdbid=+&amp;season=+&amp;isr=0&amp;last_id=&amp;image_master=&amp;id=+&amp;name=tvshowsrealitydocu&amp;video_data=%7B%22rating%22%3A+%220%22%2C+%22episode%22%3A+0%2C+%22title%22%3A+%22tvshowsrealitydocu%22%2C+%22season%22%3A+0%2C+%22TVshowtitle%22%3A+%22%22%2C+%22mediatype%22%3A+%22movie%22%2C+%22plot%22%3A+%22tvshowsrealitydocu%22%2C+%22OriginalTitle%22%3A+%22+%22%2C+%22Tag%22%3A+%22116%22%2C+%22id%22%3A+%22+%22%7D",return)</action>
	</shortcut>
	<shortcut>
		<defaultID />
		<label>סדרות טבע הרחבת מנדו</label>
		<label2>הרחבת וידאו</label2>
		<icon>DefaultShortcut.png</icon>
		<thumb>image://%20/</thumb>
		<action>ActivateWindow(Videos,"plugin://plugin.video.mando/?mode=117&amp;search_db=&amp;dates=+&amp;episode=+&amp;description=nature-tvshows&amp;all_w=%7B%7D&amp;show_original_year=+&amp;fanart=+&amp;heb_name=+&amp;iconimage=+&amp;original_title=+&amp;eng_name=+&amp;data=+&amp;url=moshep15%24%24%24%24%24%24%24%24%24%24%24nature-tvshows%5E%5E%5E%5E%5E%5E%5E%5Etv%3Flimit%3D40%26page%3D1&amp;fav_status=false&amp;tmdbid=+&amp;season=+&amp;isr=0&amp;last_id=&amp;image_master=&amp;id=+&amp;name=nature-tvshows&amp;video_data=%7B%22rating%22%3A+%220%22%2C+%22episode%22%3A+0%2C+%22title%22%3A+%22nature-tvshows%22%2C+%22season%22%3A+0%2C+%22TVshowtitle%22%3A+%22%22%2C+%22mediatype%22%3A+%22movie%22%2C+%22plot%22%3A+%22nature-tvshows%22%2C+%22OriginalTitle%22%3A+%22+%22%2C+%22Tag%22%3A+%22116%22%2C+%22id%22%3A+%22+%22%7D",return)</action>
	</shortcut>
	<shortcut>
		<defaultID />
		<label>מדיה סנטר פרקים סדרות חו"ל</label>
		<label2>הרחבת וידאו</label2>
		<icon>DefaultShortcut.png</icon>
		<thumb>image://C%3a%5cUsers%5cneta%5cAppData%5cRoaming%5cKodi%5caddons%5cplugin.video.telemedia%5cicon.png/</thumb>
		<action>ActivateWindow(Videos,"plugin://plugin.video.telemedia/?mode=31&amp;name=[COLOR khaki]מדיה סנטר ערוץ סדרות חול פרקים[/COLOR]&amp;image_master=&amp;heb_name= &amp;last_id=&amp;dates= &amp;data=-1001402567607&amp;original_title= &amp;id= &amp;season= &amp;episode= &amp;tmdbid= &amp;eng_name= &amp;show_original_year= &amp;isr=0&amp;fanart=&amp;url=-1001402567607&amp;iconimage=&amp;description=%0Afrom_plot&amp;fav_status=false&amp;groups_id=0",return)</action>
	</shortcut>
</shortcuts>
