<?xml version='1.0' encoding='UTF-8'?>
<shortcuts>
	<shortcut>
		<defaultID />
		<label>סרטים מדובבים מאסטר</label>
		<label2>הרחבת וידאו</label2>
		<icon>DefaultShortcut.png</icon>
		<thumb>image://https%3a%2f%2fkcat123.github.io%2fFTV%2fImages%2fMovies-Dubbed-IL.jpg/</thumb>
		<action>ActivateWindow(Videos,"plugin://plugin.video.FlashTV/?url=%D7%99%D7%9C%D7%93%D7%99%D7%9D%D7%A1%D7%A8%D7%98%D7%99%D7%9D+%D7%9E%D7%93%D7%95%D7%91%D7%91%D7%99%D7%9D&amp;mode=5&amp;name=%D7%A1%D7%A8%D7%98%D7%99%D7%9D+%D7%9E%D7%93%D7%95%D7%91%D7%91%D7%99%D7%9D&amp;iconimage=https%3A%2F%2Fkcat123.github.io%2FFTV%2FImages%2FMovies-Dubbed-IL.jpg&amp;fanart=&amp;description=+&amp;count=0&amp;page=&amp;cat_level= &amp;index_depth=0&amp;selected_list= &amp;lang=eng",return)</action>
	</shortcut>
	<shortcut>
		<defaultID />
		<label>סרטים מדובבים צי'קו</label>
		<label2>הרחבת וידאו</label2>
		<icon>DefaultShortcut.png</icon>
		<thumb>image://http%3a%2f%2fmoridim.me%2fimages%2flarge%2f9424.jpg/</thumb>
		<action>ActivateWindow(Videos,"plugin://plugin.video.CHICCO/?url=%D7%A1%D7%A8%D7%98%D7%99%D7%9D%D7%A1%D7%A8%D7%98%D7%99%D7%9D+%D7%9E%D7%93%D7%95%D7%91%D7%91%D7%99%D7%9D&amp;mode=5&amp;name=%D7%A1%D7%A8%D7%98%D7%99%D7%9D+%D7%9E%D7%93%D7%95%D7%91%D7%91%D7%99%D7%9D&amp;iconimage=http%3A%2F%2Fmoridim.me%2Fimages%2Flarge%2F9424.jpg&amp;fanart=http%3A%2F%2Fmoridim.me%2Fimages%2Flarge%2F9424.jpg&amp;description=+&amp;count=0&amp;page=&amp;cat_level= &amp;index_depth=0&amp;selected_list= &amp;lang=eng",return)</action>
	</shortcut>
	<shortcut>
		<defaultID>13013</defaultID>
		<label>[COLOR aqua]-----------הרחבת הכל לילדים------------[/COLOR]</label>
		<label2>פריטים מותאמים אישית</label2>
		<icon>Reboot.png</icon>
		<thumb />
		<action>[COLOR aqua]------------הרחבת הכל לילדים----------[/COLOR]</action>
	</shortcut>
	<shortcut>
		<defaultID />
		<label>(957) סרטים מדובבים עמודים</label>
		<label2>הרחבת וידאו</label2>
		<icon>DefaultShortcut.png</icon>
		<thumb>image://https%3a%2f%2fwww.flatpanelshd.com%2fpictures%2fdespicableme2-1l.jpg/</thumb>
		<action>ActivateWindow(Videos,"plugin://plugin.video.kids_new/?mode=10&amp;next_page=&amp;description=%D7%A1%D7%A8%D7%98%D7%99%D7%9D+%D7%9E%D7%93%D7%95%D7%91%D7%91%D7%99%D7%9D&amp;url=0&amp;iconimage=https%3A%2F%2Fwww.flatpanelshd.com%2Fpictures%2Fdespicableme2-1l.jpg&amp;fanart=http%3A%2F%2F4k.com%2Fwp-content%2Fuploads%2F2014%2F11%2Ftoystory3_img10_720-790x442.jpg&amp;mode=10&amp;name=%28957%29+%D7%A1%D7%A8%D7%98%D7%99%D7%9D+%D7%9E%D7%93%D7%95%D7%91%D7%91%D7%99%D7%9D+%D7%A2%D7%9E%D7%95%D7%93%D7%99%D7%9D",return)</action>
	</shortcut>
	<shortcut>
		<defaultID />
		<label>(957) סרטים מדובבים שנים</label>
		<label2>הרחבת וידאו</label2>
		<icon>DefaultShortcut.png</icon>
		<thumb>image://https%3a%2f%2fwww.flatpanelshd.com%2fpictures%2fdespicableme2-1l.jpg/</thumb>
		<action>ActivateWindow(Videos,"plugin://plugin.video.kids_new/?mode=10&amp;next_page=&amp;description=%D7%9C%D7%A4%D7%99+%D7%A9%D7%A0%D7%99%D7%9D&amp;url=0&amp;iconimage=https%3A%2F%2Fwww.flatpanelshd.com%2Fpictures%2Fdespicableme2-1l.jpg&amp;fanart=http%3A%2F%2F4k.com%2Fwp-content%2Fuploads%2F2014%2F11%2Ftoystory3_img10_720-790x442.jpg&amp;mode=10&amp;name=%28957%29+%D7%A1%D7%A8%D7%98%D7%99%D7%9D+%D7%9E%D7%93%D7%95%D7%91%D7%91%D7%99%D7%9D+%D7%A9%D7%A0%D7%99%D7%9D",return)</action>
	</shortcut>
	<shortcut>
		<defaultID />
		<label>(957) סרטים מדובבים לפי א-ב</label>
		<label2>הרחבת וידאו</label2>
		<icon>DefaultShortcut.png</icon>
		<thumb>image://https%3a%2f%2fwww.flatpanelshd.com%2fpictures%2fdespicableme2-1l.jpg/</thumb>
		<action>ActivateWindow(Videos,"plugin://plugin.video.kids_new/?mode=11&amp;next_page=&amp;description=%D7%A1%D7%A8%D7%98%D7%99%D7%9D+%D7%9E%D7%93%D7%95%D7%91%D7%91%D7%99%D7%9D&amp;url=0&amp;iconimage=https%3A%2F%2Fwww.flatpanelshd.com%2Fpictures%2Fdespicableme2-1l.jpg&amp;fanart=http%3A%2F%2F4k.com%2Fwp-content%2Fuploads%2F2014%2F11%2Ftoystory3_img10_720-790x442.jpg&amp;mode=11&amp;name=%28957%29+%D7%A1%D7%A8%D7%98%D7%99%D7%9D+%D7%9E%D7%93%D7%95%D7%91%D7%91%D7%99%D7%9D+%D7%9C%D7%A4%D7%99+%D7%90-%D7%91",return)</action>
	</shortcut>
	<shortcut>
		<defaultID>13013</defaultID>
		<label>[COLOR aqua]----------הרחבת טלמדיה----------[/COLOR]</label>
		<label2>פקודת Kodi</label2>
		<icon>Reboot.png</icon>
		<thumb />
		<action>Reboot</action>
	</shortcut>
	<shortcut>
		<defaultID />
		<label>[COLOR lightblue]קבוצת הבקשות ילדים[/COLOR]</label>
		<label2>הרחבת וידאו</label2>
		<icon>DefaultShortcut.png</icon>
		<thumb>image://C%3a%5cUsers%5cneta%5cAppData%5cRoaming%5cKodi%5caddons%5cplugin.video.telemedia%5cicon.png/</thumb>
		<action>ActivateWindow(Videos,"plugin://plugin.video.telemedia/?mode=31&amp;name=[COLOR lightblue]קבוצת הבקשות ילדים[/COLOR]&amp;image_master=&amp;heb_name= &amp;last_id=&amp;dates= &amp;data=-1001406056035&amp;original_title= &amp;id= &amp;season= &amp;episode= &amp;tmdbid= &amp;eng_name= &amp;show_original_year= &amp;isr=0&amp;fanart=&amp;url=-1001406056035&amp;iconimage=&amp;description=%0Afrom_plot&amp;fav_status=false&amp;groups_id=0",return)</action>
	</shortcut>
	<shortcut>
		<defaultID />
		<label>[COLOR khaki]קבוצת הבקשות לילדים 2[/COLOR]</label>
		<label2>הרחבת וידאו</label2>
		<icon>DefaultShortcut.png</icon>
		<thumb>image://C%3a%5cUsers%5cneta%5cAppData%5cRoaming%5cKodi%5caddons%5cplugin.video.telemedia%5cicon.png/</thumb>
		<action>ActivateWindow(Videos,"plugin://plugin.video.telemedia/?mode=31&amp;name=[COLOR khaki]קבוצת הבקשות לילדים 2[/COLOR]&amp;image_master=&amp;heb_name= &amp;last_id=&amp;dates= &amp;data=-1001169545715&amp;original_title= &amp;id= &amp;season= &amp;episode= &amp;tmdbid= &amp;eng_name= &amp;show_original_year= &amp;isr=0&amp;fanart=&amp;url=-1001169545715&amp;iconimage=&amp;description=%0Afrom_plot&amp;fav_status=false&amp;groups_id=0",return)</action>
	</shortcut>
	<shortcut>
		<defaultID />
		<label>[COLOR khaki]קבוצת הבקשות לילדים 3[/COLOR]</label>
		<label2>הרחבת וידאו</label2>
		<icon>DefaultShortcut.png</icon>
		<thumb>image://C%3a%5cUsers%5cneta%5cAppData%5cRoaming%5cKodi%5caddons%5cplugin.video.telemedia%5cicon.png/</thumb>
		<action>ActivateWindow(Videos,"plugin://plugin.video.telemedia/?mode=31&amp;name=[COLOR khaki]קבוצת הבקשות לילדים 3[/COLOR]&amp;image_master=&amp;heb_name= &amp;last_id=&amp;dates= &amp;data=-1001364848763&amp;original_title= &amp;id= &amp;season= &amp;episode= &amp;tmdbid= &amp;eng_name= &amp;show_original_year= &amp;isr=0&amp;fanart=&amp;url=-1001364848763&amp;iconimage=&amp;description=%0Afrom_plot&amp;fav_status=false&amp;groups_id=0",return)</action>
	</shortcut>
	<shortcut>
		<defaultID />
		<label>[COLOR khaki]קבוצת הבקשות לילדים 4[/COLOR]</label>
		<label2>הרחבת וידאו</label2>
		<icon>DefaultShortcut.png</icon>
		<thumb>image://C%3a%5cUsers%5cneta%5cAppData%5cRoaming%5cKodi%5caddons%5cplugin.video.telemedia%5cicon.png/</thumb>
		<action>ActivateWindow(Videos,"plugin://plugin.video.telemedia/?mode=31&amp;name=[COLOR khaki]קבוצת הבקשות לילדים 4[/COLOR]&amp;image_master=&amp;heb_name= &amp;last_id=&amp;dates= &amp;data=-1001428630061&amp;original_title= &amp;id= &amp;season= &amp;episode= &amp;tmdbid= &amp;eng_name= &amp;show_original_year= &amp;isr=0&amp;fanart=&amp;url=-1001428630061&amp;iconimage=&amp;description=%0Afrom_plot&amp;fav_status=false&amp;groups_id=0",return)</action>
	</shortcut>
	<shortcut>
		<defaultID />
		<label>[COLOR khaki]קבוצת הבקשות לילדים 5[/COLOR]</label>
		<label2>הרחבת וידאו</label2>
		<icon>DefaultShortcut.png</icon>
		<thumb>image://C%3a%5cUsers%5cneta%5cAppData%5cRoaming%5cKodi%5caddons%5cplugin.video.telemedia%5cicon.png/</thumb>
		<action>ActivateWindow(Videos,"plugin://plugin.video.telemedia/?mode=31&amp;name=[COLOR khaki]קבוצת הבקשות לילדים 5[/COLOR]&amp;image_master=&amp;heb_name= &amp;last_id=&amp;dates= &amp;data=-1001229507581&amp;original_title= &amp;id= &amp;season= &amp;episode= &amp;tmdbid= &amp;eng_name= &amp;show_original_year= &amp;isr=0&amp;fanart=&amp;url=-1001229507581&amp;iconimage=&amp;description=%F0%9F%8E%9E+%40disney_plus_il+%F0%9F%8E%9E%0Afrom_plot&amp;fav_status=false&amp;groups_id=0",return)</action>
	</shortcut>
	<shortcut>
		<defaultID />
		<label>[COLOR khaki]קבוצת הבקשות לילדים 6[/COLOR]</label>
		<label2>הרחבת וידאו</label2>
		<icon>DefaultShortcut.png</icon>
		<thumb>image://C%3a%5cUsers%5cneta%5cAppData%5cRoaming%5cKodi%5caddons%5cplugin.video.telemedia%5cicon.png/</thumb>
		<action>ActivateWindow(Videos,"plugin://plugin.video.telemedia/?mode=31&amp;name=[COLOR khaki]קבוצת הבקשות לילדים 6[/COLOR]&amp;image_master=&amp;heb_name= &amp;last_id=&amp;dates= &amp;data=-1001331856284&amp;original_title= &amp;id= &amp;season= &amp;episode= &amp;tmdbid= &amp;eng_name= &amp;show_original_year= &amp;isr=0&amp;fanart=&amp;url=-1001331856284&amp;iconimage=&amp;description=%0Afrom_plot&amp;fav_status=false&amp;groups_id=0",return)</action>
	</shortcut>
</shortcuts>
