<?xml version='1.0' encoding='UTF-8'?>
<shortcuts>
	<shortcut>
		<defaultID>24001</defaultID>
		<label>הרחבות וידאו</label>
		<label2>פריטים מותאמים אישית</label2>
		<icon>DefaultAddon.png</icon>
		<thumb>special://skin/extras/icons/movies.png</thumb>
		<action>ActivateWindow(Videos,Addons,return)</action>
	</shortcut>
	<shortcut>
		<defaultID>programs</defaultID>
		<label>הרחבות תוכנה</label>
		<label2>פריט תפריט נפוץ</label2>
		<icon>DefaultProgram.png</icon>
		<thumb>special://skin/extras/icons/programs.png</thumb>
		<action>ActivateWindow(Programs,Addons,return)</action>
	</shortcut>
	<shortcut>
		<defaultID>24001</defaultID>
		<label>הרחבות כללי</label>
		<label2>הגדרות</label2>
		<icon>DefaultAddon.png</icon>
		<thumb>special://skin/extras/icons/settings.png</thumb>
		<action>ActivateWindow(AddonBrowser)</action>
	</shortcut>
	<shortcut>
		<defaultID />
		<label>מנהל הקבצים</label>
		<label2>פריטים מותאמים אישית</label2>
		<icon>DefaultShortcut.png</icon>
		<thumb>special://skin/extras/icons/programs.png</thumb>
		<action>ActivateWindow(FileManager)</action>
	</shortcut>
	<shortcut>
		<defaultID />
		<label>הגדרת RD/Trakt</label>
		<label2>פריטים מותאמים אישית</label2>
		<icon>DefaultShortcut.png</icon>
		<thumb>special://home/bg/addonsicons/debrid.jpg</thumb>
		<action>RunAddOn(script.Chameleon.pairwith)</action>
	</shortcut>
	<shortcut>
		<defaultID>plugin.program.Settingz</defaultID>
		<label>מתקין ומגדיר</label>
		<label2>תוכנה</label2>
		<icon>DefaultShortcut.png</icon>
		<thumb>special://home/addons/plugin.program.Settingz/icon.png</thumb>
		<action>ActivateWindow(Programs,"plugin://plugin.program.Settingz",return)</action>
	</shortcut>
	<shortcut>
		<defaultID />
		<label>עדכן את הבילד</label>
		<label2>תוכנה</label2>
		<icon>DefaultShortcut.png</icon>
		<thumb>image://C%3a%5cUsers%5cneta%5cAppData%5cRoaming%5cKodi%5caddons%5cplugin.program.Ghost%5cicon.png/</thumb>
		<action>ActivateWindow(Programs,"plugin://plugin.program.Ghost/?mode=viewbuild&amp;name=+Pellucid+Premium+Ver+2",return)</action>
	</shortcut>
	<shortcut>
		<defaultID>13009</defaultID>
		<label>13009</label>
		<label2>פריטים מותאמים אישית</label2>
		<icon>Quit.png</icon>
		<thumb>special://skin/extras/icons/default.png</thumb>
		<action>ActivateWindow(10001,"plugin://plugin.close.kodi/?description&amp;fanart=C%3a%5cUsers%5cneta%5cAppData%5cRoaming%5cKodi%5caddons%5cplugin.close.kodi%5cfanart.jpg&amp;iconimage=C%3a%5cUsers%5cneta%5cAppData%5cRoaming%5cKodi%5caddons%5cplugin.close.kodi%5cresources%5cart%5cforce.png&amp;mode=736641&amp;name=%d7%a1%d7%92%d7%99%d7%a8%d7%94%20%d7%9e%d7%94%d7%99%d7%a8%d7%94%20%d7%9b%d7%95%d7%9c%d7%9c%20%d7%98%d7%95%d7%a8%d7%95%d7%a0%d7%98%d7%a8&amp;url=fclose",return)</action>
	</shortcut>
	<shortcut>
		<defaultID />
		<label>V1.6</label>
		<label2>פריטים מותאמים אישית</label2>
		<icon>DefaultShortcut.png</icon>
		<thumb>special://skin/extras/icons/favourites.png</thumb>
		<action>noop</action>
	</shortcut>
</shortcuts>
