<?xml version='1.0' encoding='UTF-8'?>
<shortcuts>
	<shortcut>
		<defaultID>plugin.video.idanplus</defaultID>
		<label>ערוצי עידן+ VOD</label>
		<label2>פריטים מותאמים אישית</label2>
		<icon>DefaultShortcut.png</icon>
		<thumb>special://home/addons/plugin.video.idanplus/icon.png</thumb>
		<action>ActivateWindow(Videos,"plugin://plugin.video.idanplus/?moredata=&amp;name=%5BB%5DVOD%5B%2FB%5D&amp;url=&amp;iconimage=C%253A%255CUsers%255CNir%255CAppData%255CRoaming%255CKodi%255Caddons%255Cplugin.video.idanplus%255Cicon.png&amp;module=&amp;mode=2",return)</action>
	</shortcut>
	<shortcut>
		<defaultID />
		<label>חיפוש תוכניות עידן +</label>
		<label2>הרחבת וידאו</label2>
		<icon>DefaultShortcut.png</icon>
		<thumb>special://skin/extras/icons/search.png</thumb>
		<action>ActivateWindow(Videos,"plugin://plugin.video.idanplus/?moredata=&amp;name=%5BB%5D%D7%97%D7%99%D7%A4%D7%95%D7%A9+%D7%AA%D7%9B%D7%A0%D7%99%D7%95%D7%AA%5B%2FB%5D&amp;url=&amp;iconimage=C%253A%255CUsers%255CNir%255CAppData%255CRoaming%255CKodi%255Caddons%255Cplugin.video.idanplus%255Cicon.png&amp;module=&amp;mode=4",return)</action>
	</shortcut>
	<shortcut>
		<defaultID>plugin.video.sdarot.tv</defaultID>
		<label>Sdarot.Tv</label>
		<label2>הרחבת וידאו</label2>
		<icon>DefaultShortcut.png</icon>
		<thumb>special://home/addons/plugin.video.sdarot.tv/icon.png</thumb>
		<action>ActivateWindow(Videos,"plugin://plugin.video.sdarot.tv",return)</action>
	</shortcut>
	<shortcut>
		<defaultID>plugin.video.Serviceil</defaultID>
		<label>VOD IL +</label>
		<label2>הרחבת וידאו</label2>
		<icon>DefaultShortcut.png</icon>
		<thumb>special://home/bg/addonsicons/services.png</thumb>
		<action>ActivateWindow(Videos,"plugin://plugin.video.Serviceil",return)</action>
	</shortcut>
	<shortcut>
		<defaultID>plugin.video.CHICCO</defaultID>
		<label>ציקו- סדרות וסרטים</label>
		<label2>הרחבת וידאו</label2>
		<icon>DefaultShortcut.png</icon>
		<thumb>special://home/addons/plugin.video.CHICCO/icon.png</thumb>
		<action>ActivateWindow(Videos,"plugin://plugin.video.CHICCO",return)</action>
	</shortcut>
	<shortcut>
		<defaultID />
		<label>טלמדיה סדרות טורקיות</label>
		<label2>הרחבת וידאו</label2>
		<icon>DefaultShortcut.png</icon>
		<thumb>special://home/bg/addonsicons/1turk.jpg</thumb>
		<action>ActivateWindow(Videos,"plugin://plugin.video.telemedia/?mode=26&amp;name=[COLOR yellow]סדרות בטורקית[/COLOR]&amp;image_master=&amp;heb_name= &amp;last_id=&amp;dates= &amp;data= &amp;original_title= &amp;id= &amp;season= &amp;episode= &amp;tmdbid= &amp;eng_name= &amp;show_original_year= &amp;isr=0&amp;fanart=http%3A%2F%2Fcoldshotproductions.net%2Fflachannelbanner.png&amp;url=https%3A%2F%2Fapi.themoviedb.org%2F3%2Fdiscover%2Ftv%3Fapi_key%3D34142515d9d23817496eeb4ff1d223d0%26language%3Dhe%26sort_by%3Dpopularity.desc%26include_null_first_air_dates%3Dfalse%26with_original_language%3Dtr%26page%3D1&amp;iconimage=http%3A%2F%2Foakhillcapital.com%2Fwp-content%2Fuploads%2F2015%2F08%2FLocalTV.jpg&amp;description=%D7%94%D7%95%D7%A1%D7%A4%D7%AA+%D7%A1%D7%93%D7%A8%D7%94+%D7%9E%D7%A7%D7%95%D7%9E%D7%99%D7%AA&amp;fav_status=false",return)</action>
	</shortcut>
	<shortcut>
		<defaultID />
		<label>Movix סדרות</label>
		<label2>פריטים מותאמים אישית</label2>
		<icon>DefaultShortcut.png</icon>
		<thumb>special://home/bg/addonsicons/movix.png</thumb>
		<action>ActivateWindow(Videos,"plugin://plugin.video.movixws/?url=http%3A%2F%2Fmovix.live%2Fseries%2F&amp;mode=2&amp;name=%D7%A1%D7%93%D7%A8%D7%95%D7%AA&amp;iconimage=C%3A%5CUsers%5Cgalil%5CAppData%5CRoaming%5CKodi%5Caddons%5Cplugin.video.movixws%5Cresources%5Clogo%2Ftv.png&amp;fanart=C%3A%5CUsers%5Cgalil%5CAppData%5CRoaming%5CKodi%5Caddons%5Cplugin.video.movixws%5Cresources%5Clogo%2Ftv.png&amp;description=%D7%A1%D7%93%D7%A8%D7%95%D7%AA",return)</action>
	</shortcut>
	<shortcut>
		<defaultID>plugin.video.wallaNew.video</defaultID>
		<label>וואלה</label>
		<label2>הרחבת וידאו</label2>
		<icon>DefaultShortcut.png</icon>
		<thumb>special://home/bg/addonsicons/walla.png</thumb>
		<action>ActivateWindow(Videos,"plugin://plugin.video.wallaNew.video",return)</action>
	</shortcut>
</shortcuts>
