{
    "name"              : "חפש ופתח את התוכן בטלמדיה",
    "plugin"            : "plugin.video.telemedia",
    "priority"          : 500,
    "assert"            : {
                            "play_movie":       ["title", "year"],
                            "play_episode":     ["showname", "season", "episode"],
                            "search_movie":     ["title"],
                            "search_episode":   ["showname"]
                          },
    "play_movie"        : [
                            "plugin://plugin.video.telemedia/?mode=14&iconimage=special://home/addons/plugin.video.telemedia/tele/Movies/movie_search.png&fanart=http://www.videomotion.co.il/wp-content/uploads/whatwedo-Pic-small.jpg&description=Tmdb&url=http%3A%2F%2Fapi.themoviedb.org%2F3%2Fsearch%2Fmovie%3Fapi_key%3Db370b60447737762ca38457bd77579b3%26query%3D%25s%26language%3Dhe%26append_to_response%3Dorigin_country%26page%3D1&name=%D7%97%D7%A4%D7%A9+%D7%A1%D7%A8%D7%98&image_master=&heb_name= &last_id=&dates= &data= &original_title= &id= &season= &episode= &tmdbid= &eng_name= &show_original_year= &isr=0&fav_status=false&groups_id=0&next_page=0",
                            {"keyboard": "{title}"},
                            {"dialog": "true"}
                          ],
    "play_episode"      : [
                            "plugin://plugin.video.telemedia/?mode=14&iconimage=special://home/addons/plugin.video.telemedia/tele/Tv_Show/search.png&fanart=http://f.frogi.co.il/news/640x300/010170efc8f.jpg&description=TMDB&url=http%3A%2F%2Fapi.themoviedb.org%2F3%2Fsearch%2Ftv%3Fapi_key%3Db370b60447737762ca38457bd77579b3%26query%3D%25s%26language%3Dhe%26page%3D1&name=%D7%97%D7%A4%D7%A9+%D7%A1%D7%99%D7%93%D7%A8%D7%94&image_master=&heb_name= &last_id=&dates= &data= &original_title= &id= &season= &episode= &tmdbid= &eng_name= &show_original_year= &isr=0&fav_status=false&groups_id=0&next_page=0",
                            {"keyboard": "{showname}"}
                          ],
    "search_movie"      : [
                            "plugin://plugin.video.telemedia/?mode=14&iconimage=special://home/addons/plugin.video.telemedia/tele/Movies/movie_search.png&fanart=http://www.videomotion.co.il/wp-content/uploads/whatwedo-Pic-small.jpg&description=Tmdb&url=http%3A%2F%2Fapi.themoviedb.org%2F3%2Fsearch%2Fmovie%3Fapi_key%3Db370b60447737762ca38457bd77579b3%26query%3D%25s%26language%3Dhe%26append_to_response%3Dorigin_country%26page%3D1&name=%D7%97%D7%A4%D7%A9+%D7%A1%D7%A8%D7%98&image_master=&heb_name= &last_id=&dates= &data= &original_title= &id= &season= &episode= &tmdbid= &eng_name= &show_original_year= &isr=0&fav_status=false&groups_id=0&next_page=0",
                            {"keyboard": "{title}"}
                          ],
    "search_episode"    : [
                            "plugin://plugin.video.telemedia/?mode=14&iconimage=special://home/addons/plugin.video.telemedia/tele/Tv_Show/search.png&fanart=http://f.frogi.co.il/news/640x300/010170efc8f.jpg&description=TMDB&url=http%3A%2F%2Fapi.themoviedb.org%2F3%2Fsearch%2Ftv%3Fapi_key%3Db370b60447737762ca38457bd77579b3%26query%3D%25s%26language%3Dhe%26page%3D1&name=%D7%97%D7%A4%D7%A9+%D7%A1%D7%99%D7%93%D7%A8%D7%94&image_master=&heb_name= &last_id=&dates= &data= &original_title= &id= &season= &episode= &tmdbid= &eng_name= &show_original_year= &isr=0&fav_status=false&groups_id=0&next_page=0",
                            {"keyboard": "{showname}"}
                          ]
}