{
    "name": "שיטת חיפוש 1",
    "plugin": "plugin.video.telemedia",
    "priority": 100,
    "assert": {
        "search_episode": [
			"showname",
			"season",
			"episode"
			
        ]
    },
    "search_episode": [
        "plugin://plugin.video.telemedia/?mode=6&iconimage=https://sitechecker.pro/wp-content/uploads/2017/12/search-engines.png&fanart=https://www.komando.com/wp-content/uploads/2017/12/computer-search.jpg&description=Search+All&url=+&name=[COLOR yellow]\u05d7\u05d9\u05e4\u05d5\u05e9 \u05db\u05dc\u05dc\u05d9[/COLOR]&image_master=&heb_name= &last_id=0$$$0&dates= &data=all&original_title= &id= &season= &episode= &tmdbid= &eng_name= &show_original_year= &isr=0&fav_status=false&groups_id=0",
        {
		"keyboard": "{showname} עונה{season}פרק{episode}"
        },
        {
            "dialog": "true"
        }
    ],
    "is_resolvable": "true"
}