<?xml version="1.0" encoding="UTF-8"?>
<template>
    <other include="widget">
        <!-- We're going to use this template for all widgets with a widgetPath element -->
        <condition tag="property" attribute="name|widgetPath" />
        <!-- Retrieve the widgetPath and widgetTarget properties -->
        <property name="content" tag="property" attribute="name|widgetPath" />
        <property name="target" tag="property" attribute="name|widgetTarget" />
		<property name="target">video</property>
        <controls>
            <control type="wraplist" id="50000">
                <skinshortcuts>visibility</skinshortcuts>
				<include>testdesign</include>
                <content limit="120" target="$SKINSHORTCUTS[target]">$SKINSHORTCUTS[content]</content>
            </control>
        </controls>
    </other>
	
    <other include="widget1">
        <!-- We're going to use this template for all widgets with a widgetPath element -->
        <condition tag="property" attribute="name|widgetPath.widget1" />
        <!-- Retrieve the widgetPath and widgetTarget properties -->
        <property name="content" tag="property" attribute="name|widgetPath.widget1" />
        <property name="target" tag="property" attribute="name|widgetTarget.widget1" />
		<property name="target">video</property>
        <controls>
            <control type="wraplist" id="50002">
                <skinshortcuts>visibility</skinshortcuts>
				<include>testdesign_plus</include>
                <content sortby="dateadded" sortorder="descending" limit="250" target="$SKINSHORTCUTS[target]">$SKINSHORTCUTS[content]</content>
            </control>
        </controls>
    </other>
	
    <other include="widget2">
        <!-- We're going to use this template for all widgets with a widgetPath element -->
        <condition tag="property" attribute="name|widgetPath.widget2" />
        <!-- Retrieve the widgetPath and widgetTarget properties -->
        <property name="content" tag="property" attribute="name|widgetPath.widget2" />
        <property name="target" tag="property" attribute="name|widgetTarget.widget2" />
		<property name="target">video</property>
        <controls>
            <control type="wraplist" id="50003">
                <skinshortcuts>visibility</skinshortcuts>
				<include>testdesign_plus_info</include>
                <content sortby="dateadded" sortorder="descending" limit="250" target="$SKINSHORTCUTS[target]">$SKINSHORTCUTS[content]</content>
            </control>
        </controls>
    </other>
</template>