{
 "name"         : "סרטים בלחיצה דרגון",
 "repository"   : "repository.Anonymous",
 "plugin"       : "plugin.video.chanandmusic",
 "priority"     : 200,
 "id"           : "direct.chanandmusic",
 "filters"      : {},
 "postprocess"  : "",
 "movies"       : [
  [
         {
	   "language": "he",
    "link"      : "plugin://plugin.video.chanandmusic/?cat_level=%20&amp;count=0&amp;description=%20&amp;fanart&amp;iconimage&amp;index_depth=0&amp;lang=%20&amp;mode=6&amp;name=%5bB%5d%5bCOLOR%20burlywood%5d%d7%97%d7%99%d7%a4%d7%95%d7%a9%5b%2fCOLOR%5d%5b%2fB%5d&amp;page&amp;selected_list=%20&amp;url=www",
    "steps"     : [
     "@keyboard: {title}",
	 ".*{title}.*"    ],
    "action"    : "PLAY"
   },
       {
	   "language": "he",
    "link"      : "plugin://plugin.video.jksp/?action=listing&amp;category=%d7%a1%d7%a8%d7%98%d7%99%d7%9d%20%d7%a2%d7%9d%20%d7%aa%d7%a8%d7%92%d7%95%d7%9d%20%d7%9e%d7%95%d7%91%d7%a0%d7%94%20-%20Movies%20with%20Subtitles",
    "steps"     : [
     "@keyboard: {title}",
	 ".*{title}.*"    ],
    "action"    : "PLAY"
   }
  ]
 ]
}