{
 "name"         : "Amber - סרטים בלחיצה",
 "repository"   : "repository.Loki",
 "plugin"       : "plugin.video.ember",
 "priority"     : 200,
 "id"           : "direct.OpenD",
 "filters"      : {},
 "postprocess"  : "",
 "movies"       : [
  [
         {
	   "language": "he",
    "link"      : "plugin://plugin.video.ember/?description=%d7%97%d7%99%d7%a4%d7%95%d7%a9%20%d7%a1%d7%a8%d7%98&amp;fanart=https%3a%2f%2fimages4.alphacoders.com%2f718%2f718986.jpg&amp;generes=%20&amp;iconimage=https%3a%2f%2fwww.pixelstalk.net%2fdownload.php%3furl%3dhttps%3a%2f%2fwww.pixelstalk.net%2fwp-content%2fuploads%2f2016%2f08%2fUltra-HD-4K-Robot-Image.jpg&amp;id=%20&amp;imdb=%20&amp;mode=5&amp;name=%d7%97%d7%99%d7%a4%d7%95%d7%a9%20%d7%a1%d7%a8%d7%98&amp;original_title=%20&amp;rating=%20&amp;season=%20&amp;url=movie_search&amp;year=%20",
    "steps"     : [
     "@keyboard: {title}",
	 ".*{title}.*"    ],
    "action"    : "PLAY"
   },
     {

    "link"      : "plugin://plugin.video.ember/?description=%d7%97%d7%99%d7%a4%d7%95%d7%a9%20%d7%a1%d7%a8%d7%98&amp;fanart=https%3a%2f%2fimages4.alphacoders.com%2f718%2f718986.jpg&amp;generes=%20&amp;iconimage=https%3a%2f%2fwww.pixelstalk.net%2fdownload.php%3furl%3dhttps%3a%2f%2fwww.pixelstalk.net%2fwp-content%2fuploads%2f2016%2f08%2fUltra-HD-4K-Robot-Image.jpg&amp;id=%20&amp;imdb=%20&amp;mode=5&amp;name=%d7%97%d7%99%d7%a4%d7%95%d7%a9%20%d7%a1%d7%a8%d7%98&amp;original_title=%20&amp;rating=%20&amp;season=%20&amp;url=movie_search&amp;year=%20",
    "steps"     : [
     "@keyboard: {title}",
	 ".*{title}.*"    ],
    "action"    : "PLAY"
   }
  ]
 ] 
}

