{
 "name"         : "[COLOR yellow]חיפוש בכול ההרחבות הקיימות בתרגום מובנה[/COLOR]",
 "repository"   : "repository.Anonymous",
 "plugin"       : "plugin.video.allmoviesin",
 "priority"     : 200,
 "id"           : "direct.Anonymous",
 "filters"      : {},
 "postprocess"  : "",
 "movies"       : [
  [
           {
  "language": "he",
    "link"      : "plugin://plugin.video.TheFirstAvenger/?cat_level=%20&amp;count=0&amp;description&amp;fanart=http%3a%2f%2fb2acpa.com%2f%7ebairdcpa%2fimages%2fTerminator.jpg&amp;iconimage=http%3a%2f%2fngarba.xyz%2fadds%2fyos%2f8.jpg&amp;index_depth=0&amp;lang=%20&amp;mode=6&amp;name=%5bB%5d%5bCOLOR%20burlywood%5d%d7%a4%d7%95%d7%a9%5b%2fCOLOR%5d%5b%2fB%5d%5bB%5d%5bCOLOR%20aqua%5d%d7%97%d7%99%5b%2fCOLOR%5d%5b%2fB%5d&amp;page&amp;selected_list=%20&amp;url=movie&quot",
    "steps"     : [
     "@keyboard: {title}",
	 ".*{title}.*"    ],
    "action"    : "PLAY"
   },
           {
	   "language": "he",
    "link"      : "plugin://plugin.video.ghostplus/?cat_level=%20&amp;count=0&amp;description&amp;fanart=http%3a%2f%2fb2acpa.com%2f%7ebairdcpa%2fimages%2fTerminator.jpg&amp;iconimage=http%3a%2f%2fngarba.xyz%2fadds%2fyos%2f8.jpg&amp;index_depth=0&amp;lang=%20&amp;mode=6&amp;name=%5bB%5d%5bCOLOR%20burlywood%5d%d7%a4%d7%95%d7%a9%5b%2fCOLOR%5d%5b%2fB%5d%5bB%5d%5bCOLOR%20aqua%5d%d7%97%d7%99%5b%2fCOLOR%5d%5b%2fB%5d&amp;page&amp;selected_list=%20&amp;url=movie&quot",
    "steps"     : [
     "@keyboard: {title}",
	 ".*{title}.*"    ],
    "action"    : "PLAY"
   },
           {
	   "language": "he",
    "link"      : "plugin://plugin.video.CHICCO/?cat_level=%20&amp;count=0&amp;description&amp;fanart=http%3a%2f%2fb2acpa.com%2f%7ebairdcpa%2fimages%2fTerminator.jpg&amp;iconimage=http%3a%2f%2fngarba.xyz%2fadds%2fyos%2f8.jpg&amp;index_depth=0&amp;lang=%20&amp;mode=6&amp;name=%5bB%5d%5bCOLOR%20burlywood%5d%d7%a4%d7%95%d7%a9%5b%2fCOLOR%5d%5b%2fB%5d%5bB%5d%5bCOLOR%20aqua%5d%d7%97%d7%99%5b%2fCOLOR%5d%5b%2fB%5d&amp;page&amp;selected_list=%20&amp;url=movie&quot",
    "steps"     : [
     "@keyboard: {title}",
	 ".*{title}.*"    ],
    "action"    : "PLAY"
   },
		   {

    "link"      : "plugin://plugin.video.killer/?cat_level=%20&amp;count=0&amp;description&amp;fanart=http%3a%2f%2fb2acpa.com%2f%7ebairdcpa%2fimages%2fTerminator.jpg&amp;iconimage=http%3a%2f%2fngarba.xyz%2fadds%2fyos%2f8.jpg&amp;index_depth=0&amp;lang=%20&amp;mode=6&amp;name=%5bB%5d%5bCOLOR%20burlywood%5d%d7%a4%d7%95%d7%a9%5b%2fCOLOR%5d%5b%2fB%5d%5bB%5d%5bCOLOR%20aqua%5d%d7%97%d7%99%5b%2fCOLOR%5d%5b%2fB%5d&amp;page&amp;selected_list=%20&amp;url=movie&quot",
    "steps"     : [
     "@keyboard: {title}",
	 ".*{title}.*"],
    "action"    : "PLAY"
   },
		   {

    "link"      : "plugin://plugin.video.allmoviesin/?data=%20&amp;dates=%20&amp;description=%5bCOLOR%20aqua%5d%5bI%5d%d7%97%d7%99%d7%a4%d7%95%d7%a9%5b%2fCOLOR%5d%5b%2fI%5d&amp;eng_name=%20&amp;episode=%20&amp;fanart=https%3a%2f%2fimage.tmdb.org%2ft%2fp%2foriginal%2f%2fmSQjVoZJaZkaHpdLIahh04bfGDr.jpg&amp;fav_status=false&amp;heb_name=%20&amp;iconimage=https%3a%2f%2fi0.wp.com%2feverydayelectronics.com%2fwp-content%2fuploads%2f2018%2f12%2fPhotoGrid_1544751030857.png%3ffit%3d1400%252C787%26ssl%3d1&amp;id=%20&amp;isr=0&amp;mode=146&amp;name=%5bCOLOR%20aqua%5d%5bI%5d%d7%97%d7%99%d7%a4%d7%95%d7%a9%5b%2fCOLOR%5d%5b%2fI%5d&amp;original_title=%20&amp;season=%20&amp;show_original_year=%20&amp;tmdbid=%20&amp;url=%25d7%25aa%25d7%25a2%25d7%259c%25d7%2595%25d7%259e%25d7%2594&quot",
    "steps"     : [
     "@keyboard: {title}",
	 ".*{title}.*"],
    "action"    : "PLAY"
   },
           {
  "language": "he",
    "link"      : "plugin://plugin.video.telemedia/?data=all&amp;dates=%20&amp;description=Search%20All&amp;eng_name=%20&amp;episode=%20&amp;fanart=https%3a%2f%2fwww.komando.com%2fwp-content%2fuploads%2f2017%2f12%2fcomputer-search.jpg&amp;fav_status=false&amp;heb_name=%20&amp;iconimage=https%3a%2f%2fsitechecker.pro%2fwp-content%2fuploads%2f2017%2f12%2fsearch-engines.png&amp;id=%20&amp;image_master&amp;isr=0&amp;last_id=0%24%24%240&amp;mode=6&amp;name=%5bCOLOR%20yellow%5dSearch%20All%5b%2fCOLOR%5d&amp;original_title=%20&amp;season=%20&amp;show_original_year=%20&amp;tmdbid=%20&amp;url=%20&quot",
    "steps"     : [
     "@keyboard: {title}",
	 ".*{title}.*"    ],
    "action"    : "PLAY"
   },

           {

    "link"      : "plugin://plugin.video.allmoviesin/?data=%20&amp;dates=%20&amp;description=%5bCOLOR%20aqua%5d%5bI%5d%d7%97%d7%99%d7%a4%d7%95%d7%a9%5b%2fCOLOR%5d%5b%2fI%5d&amp;eng_name=%20&amp;episode=%20&amp;fanart=https%3a%2f%2fimage.tmdb.org%2ft%2fp%2foriginal%2f%2f1nm0sk8UUx9jHCTHuMKe2jkt4Pn.jpg&amp;fav_status=false&amp;heb_name=%20&amp;iconimage=https%3a%2f%2fi0.wp.com%2feverydayelectronics.com%2fwp-content%2fuploads%2f2018%2f12%2fPhotoGrid_1544751030857.png%3ffit%3d1400%252C787%26ssl%3d1&amp;id=%20&amp;isr=0&amp;mode=146&amp;name=%5bCOLOR%20aqua%5d%5bI%5d%d7%97%d7%99%d7%a4%d7%95%d7%a9%5b%2fCOLOR%5d%5b%2fI%5d&amp;original_title=%20&amp;season=%20&amp;show_original_year=%20&amp;tmdbid=%20&amp;url=%25d7%25aa%25d7%25a2%25d7%259c%25d7%2595%25d7%259e%25d7%2594&quot",
    "steps"     : [
     "@keyboard: {title}",
	 ".*{title}.*"],
    "action"    : "PLAY"
   }
  ]
 ],
 "musicvideos"  : [],
 "music"        : [],
 "live"         : []
}


