{
 "name"         : "[COLOR yellow]חיפוש סרטים מדובבים[/COLOR]",
 "repository"   : "repository.Anonymous",
 "plugin"       : "plugin.video.allmoviesin",
 "priority"     : 200,
 "id"           : "direct.Anonymous",
 "filters"      : {},
 "postprocess"  : "",
 "movies"       : [
  [

           {
	   "language": "he",
    "link"      : "plugin://plugin.video.allmoviesin/?data=%20&amp;dates=%20&amp;description=%d7%97%d7%99%d7%a4%d7%95%d7%a9%20%d7%a1%d7%a8%d7%98%d7%99%d7%9d%20%d7%9e%d7%93%d7%95%d7%91%d7%91%d7%99%d7%9d&amp;eng_name=%20&amp;episode=%20&amp;fanart=https%3a%2f%2fi.pinimg.com%2foriginals%2fc1%2fcb%2fed%2fc1cbede7238494e7878f7107ed478d79.jpg&amp;fav_status=false&amp;heb_name=%20&amp;iconimage=http%3a%2f%2f2.bp.blogspot.com%2f-vDRXO2qGAFc%2fUyCAFd2LAPI%2fAAAAAAAAEco%2fpIfXWlRJG6Q%2fs1600%2fimages%2b(9).jpg&amp;id=%20&amp;isr=0&amp;mode=11&amp;name=%5bCOLOR%20yellow%5d%5bI%5d%d7%97%d7%99%d7%a4%d7%95%d7%a9%20%d7%a1%d7%a8%d7%98%d7%99%d7%9d%20%d7%9e%d7%93%d7%95%d7%91%d7%91%d7%99%d7%9d%5b%2fI%5d%5b%2fCOLOR%5d&amp;original_title=%20&amp;season=%20&amp;show_original_year=%20&amp;tmdbid=%20&amp;url=search&quot",
    "steps"     : [
     "@keyboard: {title}",
	 ".*{title}.*"    ],
    "action"    : "PLAY"
   }
  ]
 ],
 "musicvideos"  : [],
 "music"        : [],
 "live"         : []
}


