{
 "name"         : "אמבר בלחיצה",
 "repository"   : "repository.Anonymous",
 "plugin"       : "plugin.video.ember",
 "priority"     : 200,
 "id"           : "direct.ember",
 "filters"      : {},
 "postprocess"  : "",
 "movies"       : [
  [
    {
    "link"      : "plugin://plugin.video.ember/?url=movie_search&amp;mode=3&amp;name=({title})&amp;data=&amp;iconimage=&amp;fanart=&amp;description=&amp;year={year}&amp;season= &amp;episode= &amp;imdb={id}&amp;original_title= ",
    "steps"     : [],
    "action"    : "PLAY"
   },
   {
    "link"      : "plugin://plugin.video.ember/?url=movie_search&amp;mode=3&amp;name=({title})&amp;data=&amp;iconimage=&amp;fanart=&amp;description=&amp;year={year}&amp;season= &amp;episode= &amp;imdb={imdb}&amp;original_title= ",
    "steps"     : [],
    "action"    : "PLAY"
   }
  ]
 ]
}