{
 "name"         : "חיפוש בכול ההרחבות בתרגום מובנה",
 "repository"   : "repository.Anonymous",
 "plugin"       : "plugin.video.ghostpremium",
 "priority"     : 200,
 "id"           : "direct.ghost",
 "filters"      : {},
 "postprocess"  : "",
 "movies"       : [
 [
    {
	   "language": "he",
    "link"      : "plugin://plugin.video.tigerpower/?cat_level=%20&amp;count=0&amp;description=%20&amp;fanart&amp;iconimage&amp;index_depth=0&amp;lang=%20&amp;mode=6&amp;name=%5bCOLOR%20aqua%5d%d7%97%d7%99%d7%a4%d7%95%d7%a9%5b%2fCOLOR%5d&amp;page&amp;selected_list=%20&amp;url=www",
    "steps"     : [
     "@keyboard: {title}",
	 ".*{title}.*"    ],
    "action"    : "PLAY"
   }, 
    {
	   "language": "he",
    "link"      : "plugin://plugin.video.ghostpremium/?cat_level=%20&amp;count=0&amp;description=%20&amp;fanart&amp;iconimage&amp;index_depth=0&amp;lang=%20&amp;mode=6&amp;name=%5bCOLOR%20aqua%5d%d7%97%d7%99%d7%a4%d7%95%d7%a9%5b%2fCOLOR%5d&amp;page&amp;selected_list=%20&amp;url=www",
    "steps"     : [
     "@keyboard: {title}",
	 ".*{title}.*"    ],
    "action"    : "PLAY"
   },  
    {
	   "language": "he",
    "link"      : "plugin://plugin.video.CHICCO/?cat_level=%20&amp;count=0&amp;description=%20&amp;fanart&amp;iconimage&amp;index_depth=0&amp;lang=%20&amp;mode=6&amp;name=%5bCOLOR%20aqua%5d%d7%97%d7%99%d7%a4%d7%95%d7%a9%5b%2fCOLOR%5d&amp;page&amp;selected_list=%20&amp;url=www",
    "steps"     : [
     "@keyboard: {title}",
	 ".*{title}.*"    ],
    "action"    : "PLAY"
   },
    {
	   "language": "he",
    "link"      : "plugin://plugin.video.TheFirstAvenger/?cat_level=%20&amp;count=0&amp;description&amp;fanart&amp;iconimage&amp;index_depth=0&amp;lang=eng&amp;mode=6&amp;name=%5bCOLOR%20aqua%5d%d7%97%d7%99%d7%a4%d7%95%d7%a9%5b%2fCOLOR%5d&amp;page&amp;selected_list=%20&amp;url=www",
    "steps"     : [
     "@keyboard: {title}",
	 ".*{title}.*"    ],
    "action"    : "PLAY"
   },
    {

    "link"      : "plugin://plugin.video.chanandmusic/?cat_level=%20&amp;count=0&amp;description&amp;fanart&amp;iconimage&amp;index_depth=0&amp;lang=eng&amp;mode=6&amp;name=%5bCOLOR%20aqua%5d%d7%97%d7%99%d7%a4%d7%95%d7%a9%5b%2fCOLOR%5d&amp;page&amp;selected_list=%20&amp;url=www",
    "steps"     : [
     "@keyboard: {title}",
	 ".*{title}.*"],
    "action"    : "PLAY"
   },
    {
    "link"      : "plugin://plugin.video.ember/?url=movie_search&amp;mode=3&amp;name=({title})&amp;data=&amp;iconimage=&amp;fanart=&amp;description=&amp;year={year}&amp;season= &amp;episode= &amp;imdb={id}&amp;original_title= ",
    "steps"     : [],
    "action"    : "PLAY"
   },
   {
    "link"      : "plugin://plugin.video.ember/?url=movie_search&amp;mode=3&amp;name=({title})&amp;data=&amp;iconimage=&amp;fanart=&amp;description=&amp;year={year}&amp;season= &amp;episode= &amp;imdb={imdb}&amp;original_title= ",
    "steps"     : [],
    "action"    : "PLAY"
   }
  ]
 ]
}