{
 "name"         : "Smart Play [COLOR FF0084FF]-[/COLOR] Seren ([COLOR gold][B]a4k[/B][/COLOR])",
 "repository"   : "nixgates.repository",
 "plugin"       : "plugin.video.seren",
 "priority"     : 200,
 "id"           : "direct.seren.a4k.smartplay",
 "filters"      : {},
 "postprocess"  : "",
 "tvshows"      : [
  [
   {
    "link"      : "plugin://plugin.video.seren/?action=smartPlay&actionArgs=%7B%22episodeInfo%22%3A%20%7B%22art%22%3A%20%7B%22banner%22%3A%20%22{banner}%22%2C%20%22fanart%22%3A%20%22{fanart}%22%2C%20%22landscape%22%3A%20%22{fanart}%22%2C%20%22poster%22%3A%20%22{poster}%22%2C%20%22thumb%22%3A%20%22{thumbnail}%22%7D%2C%20%22ids%22%3A%20%7B%22imdb%22%3A%20%22{epimdb}%22%2C%20%22tmdb%22%3A%20%22{eptmdb}%22%2C%20%22trakt%22%3A%20%22{eptrakt}%22%2C%20%22tvdb%22%3A%20%22{epid}%22%2C%20%22tvrage%22%3A%20%22{eptvrage}%22%7D%2C%20%22info%22%3A%20%7B%22castandrole%22%3A%20%5B%5B%22%22%5D%5D%2C%20%22duration%22%3A%20%22{duration}%22%2C%20%22episode%22%3A%20%22{episode}%22%2C%20%22genre%22%3A%20%5B%22{genres}%22%5D%2C%20%22imdbnumber%22%3A%20%22{epimdb}%22%2C%20%22mediatype%22%3A%20%22episode%22%2C%20%22mpaa%22%3A%20%22{mpaa}%22%2C%20%22originaltitle%22%3A%20%22{title}%22%2C%20%22plot%22%3A%20%22{plot}%22%2C%20%22premiered%22%3A%20%22{firstaired}%22%2C%20%22rating%22%3A%20%22{rating}%22%2C%20%22season%22%3A%20%22{season}%22%2C%20%22sortepisode%22%3A%20%22{episode}%22%2C%20%22sortseason%22%3A%20%22{season}%22%2C%20%22studio%22%3A%20%22{network_clean}%22%2C%20%22title%22%3A%20%22{title}%22%2C%20%22trailer%22%3A%20%22%22%2C%20%22tvshowtitle%22%3A%20%22{clearname}%22%2C%20%22year%22%3A%20%22{epyear}%22%7D%7D%2C%20%22showInfo%22%3A%20%7B%22art%22%3A%20%7B%22banner%22%3A%20%22{banner}%22%2C%20%22fanart%22%3A%20%22{fanart}%22%2C%20%22landscape%22%3A%20%22{fanart}%22%2C%20%22poster%22%3A%20%22{poster}%22%2C%20%22thumb%22%3A%20%22{thumbnail}%22%7D%2C%20%22ids%22%3A%20%7B%22imdb%22%3A%20%22{imdb}%22%2C%20%22slug%22%3A%20%22{slug}%22%2C%20%22tmdb%22%3A%20%22{tmdb}%22%2C%20%22trakt%22%3A%20%22{trakt}%22%2C%20%22tvdb%22%3A%20%22{id}%22%2C%20%22tvrage%22%3A%20%22{tvrage}%22%7D%2C%20%22info%22%3A%20%7B%22castandrole%22%3A%20%5B%5B%22%22%5D%5D%2C%20%22country%22%3A%20%22%22%2C%20%22duration%22%3A%20%22{duration}%22%2C%20%22episodeCount%22%3A%20%22{absolute_number}%22%2C%20%22genre%22%3A%20%5B%22{genres}%22%5D%2C%20%22imdbnumber%22%3A%20%22{imdb}%22%2C%20%22mediatype%22%3A%20%22tvshow%22%2C%20%22mpaa%22%3A%20%22{mpaa}%22%2C%20%22no_seasons%22%3A%20%22{seasons}%22%2C%20%22originaltitle%22%3A%20%22{clearname}%22%2C%20%22plot%22%3A%20%22{plot}%22%2C%20%22premiered%22%3A%20%22{series_firstaired}%22%2C%20%22rating%22%3A%20%22{rating}%22%2C%20%22seasonCount%22%3A%20%22{seasons_no_specials}%22%2C%20%22showaliases%22%3A%20%5B%5D%2C%20%22status%22%3A%20%22{status}%22%2C%20%22studio%22%3A%20%22{network_clean}%22%2C%20%22trailer%22%3A%20%22%22%2C%20%22tvshowtitle%22%3A%20%22{clearname}%22%2C%20%22year%22%3A%20%22{year}%22%7D%7D%7D",
    "steps"     : [],
    "action"    : "PLAY"
   }
  ]
 ],
 "musicvideos"  : [],
 "music"        : [],
 "live"         : []
}