{
 "name"         : "StreamsRus",
 "repository"   : "repository.Loki",
 "plugin"       : "plugin.video.streamsRus",
 "priority"     : 200,
 "id"           : "direct.Anonymous",
 "filters"      : {},
 "postprocess"  : "",
 "movies"       : [
  [
         {
	   "language": "he",
    "link"      : "plugin://plugin.video.streamsRus/?description&amp;fanart=C%3a%5cUsers%5cHome%5cAppData%5cRoaming%5cKodi%5caddons%5cplugin.video.streamsRus%5cresources%5cartwork%5cfanart.png&amp;iconimage=C%3a%5cUsers%5cHome%5cAppData%5cRoaming%5cKodi%5caddons%5cplugin.video.streamsRus%5cresources%5cartwork%5cicon.png&amp;mode=3&amp;name=%5bB%5d%5bCOLOR%20red%5dALL%20MOVIES%5b%2fB%5d%5b%2fCOLOR%5d&amp;url=%26type%3dget_vod_streams%26cat_id%3d0",
    "steps"     : [
     "@keyboard: {title}",
	 ".*{title}.*"    ],
    "action"    : "PLAY"
   }
  ]
 ] 
}

