{
 "name"         : "[COLOR yellow]חיפוש בכול ההרחבות הקיימות בתרגום מובנה[/COLOR]",
 "repository"   : "repository.Anonymous",
 "plugin"       : "plugin.video.allmoviesin",
 "priority"     : 200,
 "id"           : "direct.Anonymous",
 "filters"      : {},
 "postprocess"  : "",
 "movies"       : [
  [
  	{
    "language": "en",
    "link"      : "plugin://plugin.video.anonymousflix/?cat_level=%20&amp;count=0&amp;description=%20&amp;fanart&amp;iconimage&amp;index_depth=0&amp;lang=%20&amp;mode=6&amp;name=%5bCOLOR%20aqua%5d%d7%97%d7%99%d7%a4%d7%95%d7%a9%5b%2fCOLOR%5d&amp;page&amp;selected_list=%20&amp;url=www",
    "steps"     : ["@keyboard: {title}", ".*{title}.*"],
    "action"    : "PLAY"
   },
     {
    "language": "en",
    "link"      : "plugin://plugin.video.anonymousflix/?cat_level=%20&amp;count=0&amp;description=%20&amp;fanart&amp;iconimage&amp;index_depth=0&amp;lang=%20&amp;mode=6&amp;name=%5bCOLOR%20aqua%5d%d7%97%d7%99%d7%a4%d7%95%d7%a9%5b%2fCOLOR%5d&amp;page&amp;selected_list=%20&amp;url=www",
    "steps"     : ["@keyboard: {title}", ".*{title}.*"],
    "action"    : "ACTIVATE"
   
   },
           {
	   "language": "he",
    "link"      : "plugin://plugin.video.tigerpower/?cat_level=%20&amp;count=0&amp;description=%20&amp;fanart&amp;iconimage&amp;index_depth=0&amp;lang=%20&amp;mode=6&amp;name=%5bCOLOR%20aqua%5d%d7%97%d7%99%d7%a4%d7%95%d7%a9%5b%2fCOLOR%5d&amp;page&amp;selected_list=%20&amp;url=www",
    "steps"     : [
     "@keyboard: {title}",
	 ".*{title}.*"    ],
    "action"    : "PLAY"
   },
           {
	   "language": "he",
    "link"      : "plugin://plugin.video.chanandmusic/?cat_level=%20&amp;count=0&amp;description=%20&amp;fanart&amp;iconimage&amp;index_depth=0&amp;lang=%20&amp;mode=6&amp;name=%5bB%5d%5bCOLOR%20burlywood%5d%d7%97%d7%99%d7%a4%d7%95%d7%a9%5b%2fCOLOR%5d%5b%2fB%5d&amp;page&amp;selected_list=%20&amp;url=www",
    "steps"     : [
     "@keyboard: {title}",
	 ".*{title}.*"    ],
    "action"    : "PLAY"
   },
           {
	   "language": "he",
    "link"      : "plugin://plugin.video.CHICCO/?cat_level=%20&amp;count=0&amp;description=%20&amp;fanart&amp;iconimage&amp;index_depth=0&amp;lang=%20&amp;mode=6&amp;name=%5bCOLOR%20aqua%5d%d7%97%d7%99%d7%a4%d7%95%d7%a9%5b%2fCOLOR%5d&amp;page&amp;selected_list=%20&amp;url=www",
    "steps"     : [
     "@keyboard: {title}",
	 ".*{title}.*"    ],
    "action"    : "PLAY"
   },
         {
  "language": "he",
    "link"      : "plugin://plugin.video.ghostpremium/?cat_level=%20&amp;count=0&amp;description=%20&amp;fanart&amp;iconimage&amp;index_depth=0&amp;lang=%20&amp;mode=6&amp;name=%5bCOLOR%20aqua%5d%d7%97%d7%99%d7%a4%d7%95%d7%a9%5b%2fCOLOR%5d&amp;page&amp;selected_list=%20&amp;url=www",
    "steps"     : [
     "@keyboard: {title}",
	 ".*{title}.*"    ],
    "action"    : "PLAY"
   },
           {
	   "language": "he",
    "link"      : "plugin://plugin.video.TheFirstAvenger/?cat_level=%20&amp;count=0&amp;description=%20&amp;fanart&amp;iconimage&amp;index_depth=0&amp;lang=%20&amp;mode=6&amp;name=%5bCOLOR%20aqua%5d%d7%97%d7%99%d7%a4%d7%95%d7%a9%5b%2fCOLOR%5d&amp;page&amp;selected_list=%20&amp;url=www",
    "steps"     : [
     "@keyboard: {title}",
	 ".*{title}.*"    ],
    "action"    : "PLAY"
   },
   {
    "link"      : "plugin://plugin.video.allmoviesin/?mode=4&title={title_+}&description={info[plot]}&imdb={imdb}&season=%20&episode=%20&tvdb={tmdb}&data={year}&eng_name={urltitle}&fanart={fanart}&iconimage={poster}&heb_name={urltitle}&name={urltitle}&original_title={original_title}&show_original_year={year}&id={tmdb}&url=http://api.themoviedb.org/3/movie/popular?api_key=34142515d9d23817496eeb4ff1d223d0&language=he&page=1&only_heb_servers=yes",
    "steps"     : ["(.*.*)"],
    "action"    : "Play"
   },
      {

    "link"      : "plugin://plugin.video.movixws/?description=%d7%97%d7%99%d7%a4%d7%95%d7%a9&amp;fanart=%20&amp;iconimage=%20&amp;mode=5&amp;name=%5bCOLOR%20aqua%5d%5bI%5d%d7%97%d7%99%d7%a4%d7%95%d7%a9%5b%2fI%5d%5b%2fCOLOR%5d&amp;url=www",
    "steps"     : [
     "@keyboard: {title}",
	 ".*{title}.*"],
    "action"    : "PLAY"
   }
  ]
 ],
 "tvshows"      : [
  [
       {
  "language": "he",
    "link"      : "plugin://plugin.video.ghostpremium/?cat_level=%20&amp;count=0&amp;description=%20&amp;fanart&amp;iconimage&amp;index_depth=0&amp;lang=%20&amp;mode=6&amp;name=%5bCOLOR%20aqua%5d%d7%97%d7%99%d7%a4%d7%95%d7%a9%5b%2fCOLOR%5d&amp;page&amp;selected_list=%20&amp;url=www",
    "steps"     : [
     "@keyboard: {title}",
	 ".*{title}.*"    ],
    "action"    : "PLAY"
   },
       {
  "language": "he",
    "link"      : "plugin://plugin.video.TheFirstAvengertvshow/?cat_level=%20&amp;count=0&amp;description=%20&amp;fanart&amp;iconimage&amp;index_depth=0&amp;lang=%20&amp;mode=6&amp;name=%5bCOLOR%20aqua%5d%d7%97%d7%99%d7%a4%d7%95%d7%a9%5b%2fCOLOR%5d&amp;page&amp;selected_list=%20&amp;url=www",
    "steps"     : [
     "@keyboard: {title}",
	 ".*{title}.*"    ],
    "action"    : "PLAY"
   },
   {
    "link"      : "plugin://plugin.video.allmoviesin/?mode=4&title={title_+}&season={season}&episode={episode}&description={info[plot]}&imdb={imdb}&tvdb={tmdb}&data={year}&eng_name={urltitle}&fanart={fanart}&iconimage={poster}&heb_name={urltitle}&name={urltitle}&original_title={showname}&show_original_year={year}&id={tmdb}&url=http://api.themoviedb.org/3/movie/popular?api_key=34142515d9d23817496eeb4ff1d223d0&language=he&page=1&only_heb_servers=yes",
    "steps"     : ["(.*.*)"],
    "action"    : "Play"
   },
      {

    "link"      : "plugin://plugin.video.movixws/?description=%d7%97%d7%99%d7%a4%d7%95%d7%a9&amp;fanart=%20&amp;iconimage=%20&amp;mode=5&amp;name=%5bCOLOR%20aqua%5d%5bI%5d%d7%97%d7%99%d7%a4%d7%95%d7%a9%5b%2fI%5d%5b%2fCOLOR%5d&amp;url=www",
    "steps"     : [
     "@keyboard: {clearname}",
	 "{clearname}",

	 ".*{episode}.*"
     ],
    "action"    : "PLAY"
   }
  ]
 ],
 "musicvideos"  : [],
 "music"        : [],
 "live"         : []
}


