{
 "name"         : "[COLOR lime][B]הנוקם[/B][/COLOR] - ([COLOR gold]תרגום מובנה[/COLOR])",
 "repository"   : "repository.darkdragon1",
 "plugin"       : "plugin.video.TheFirstAvenger",
 "priority"     : 200,
 "id"           : "direct.Anonymous",
 "filters"      : {},
 "postprocess"  : "",
 "movies"       : [
  [
         {
	   "language": "he",
    "link"      : "plugin://plugin.video.TheFirstAvenger/?cat_level=%20&amp;count=0&amp;description=%20&amp;fanart&amp;iconimage&amp;index_depth=0&amp;lang=%20&amp;mode=6&amp;name=%5bCOLOR%20aqua%5d%d7%97%d7%99%d7%a4%d7%95%d7%a9%5b%2fCOLOR%5d&amp;page&amp;selected_list=%20&amp;url=movie&quot",
    "steps"     : [
     "@keyboard: {title}",
	 ".*{title}.*"    ],
    "action"    : "PLAY"
   },
       {
	   "language": "he",
    "link"      : "plugin://plugin.video.TheFirstAvenger/?cat_level=%20&amp;count=0&amp;description=%20&amp;fanart&amp;iconimage&amp;index_depth=0&amp;lang=%20&amp;mode=6&amp;name=%5bCOLOR%20aqua%5d%d7%97%d7%99%d7%a4%d7%95%d7%a9%5b%2fCOLOR%5d&amp;page&amp;selected_list=%20&amp;url=movie&quot",
    "steps"     : [
     "@keyboard: {title}",
	 ".*{title}.*"    ],
    "action"    : "PLAY"
   }
  ]
 ]
}