<?xml version='1.0' encoding='UTF-8'?>
<shortcuts>
	<shortcut>
		<defaultID />
		<label>סדרות ילדים מנדו</label>
		<label2>פריטים מותאמים אישית</label2>
		<icon>DefaultShortcut.png</icon>
		<thumb />
		<action>ActivateWindow(Videos,"plugin://plugin.video.mando/?mode=117&amp;search_db=&amp;dates=+&amp;episode=+&amp;description=kidstvshows&amp;all_w=%7B%7D&amp;show_original_year=+&amp;fanart=+&amp;heb_name=+&amp;iconimage=+&amp;original_title=+&amp;eng_name=+&amp;data=+&amp;url=moshep155%24%24%24%24%24%24%24%24%24%24%24kidstvshows%5E%5E%5E%5E%5E%5E%5E%5Etv%3Flimit%3D40%26page%3D1&amp;fav_status=false&amp;tmdbid=+&amp;season=+&amp;isr=0&amp;last_id=&amp;image_master=&amp;id=+&amp;name=kidstvshows&amp;video_data=%7B%22rating%22%3A+%220%22%2C+%22episode%22%3A+0%2C+%22title%22%3A+%22kidstvshows%22%2C+%22season%22%3A+0%2C+%22TVshowtitle%22%3A+%22%22%2C+%22mediatype%22%3A+%22movie%22%2C+%22plot%22%3A+%22kidstvshows%22%2C+%22OriginalTitle%22%3A+%22+%22%2C+%22Tag%22%3A+%22116%22%2C+%22id%22%3A+%22+%22%7D",return)</action>
	</shortcut>
	<shortcut>
		<defaultID />
		<label>סדרות מדובבות טלמדיה</label>
		<label2>פריטים מותאמים אישית</label2>
		<icon>DefaultShortcut.png</icon>
		<thumb />
		<action>ActivateWindow(Videos,"plugin://plugin.video.telemedia/?mode=28&amp;name=סדרות מקומיות שלי&amp;image_master=&amp;heb_name= &amp;last_id=&amp;dates= &amp;data= &amp;original_title= &amp;id= &amp;season= &amp;episode= &amp;tmdbid= &amp;eng_name= &amp;show_original_year= &amp;isr=0&amp;fanart=http%3A%2F%2Fcoldshotproductions.net%2Fflachannelbanner.png&amp;url=www&amp;iconimage=special%3A%2F%2Fhome%2Faddons%2Fplugin.video.telemedia%2Ftele%2FTv_Show%2Fmy_tv.png&amp;description=%D7%A1%D7%93%D7%A8%D7%95%D7%AA+%D7%9E%D7%A7%D7%95%D7%9E%D7%99%D7%95%D7%AA+%D7%A9%D7%9C%D7%99&amp;fav_status=false&amp;groups_id=0",return)</action>
	</shortcut>
</shortcuts>
