<?xml version='1.0' encoding='UTF-8'?>
<shortcuts>
	<shortcut>
		<defaultID />
		<label>[COLOR aqua]טלמדיה תפריט סרטים לילדים[/COLOR]</label>
		<label2>פריטים מותאמים אישית</label2>
		<icon>DefaultShortcut.png</icon>
		<thumb />
		<action>Control.SetFocus(9012)</action>
	</shortcut>
	<shortcut>
		<defaultID />
		<label>סרטים לילדים מדיה סנטר</label>
		<label2>פריטים מותאמים אישית</label2>
		<icon>DefaultShortcut.png</icon>
		<thumb />
		<action>ActivateWindow(Videos,"plugin://plugin.video.My.Music/?url=kids&amp;mode=5&amp;name=kids&amp;iconimage=&amp;fanart=&amp;description=+&amp;count=0&amp;page=&amp;cat_level= &amp;index_depth=0&amp;selected_list= &amp;lang=eng",return)</action>
	</shortcut>
	<shortcut>
		<defaultID />
		<label>סרטים לילדים טלמדיה</label>
		<label2>פריטים מותאמים אישית</label2>
		<icon>DefaultShortcut.png</icon>
		<thumb />
		<action>ActivateWindow(Videos,"plugin://plugin.video.telemedia/?mode=14&amp;name=אנימציה&amp;image_master=&amp;heb_name= &amp;last_id=&amp;dates= &amp;data= &amp;original_title= &amp;id= &amp;season= &amp;episode= &amp;tmdbid= &amp;eng_name= &amp;show_original_year= &amp;isr=0&amp;fanart=http%3A%2F%2Fwww.printime.co.il%2Fimage%2Fusers%2F16584%2Fftp%2Fmy_files%2Fsmileynumbers1we.jpg&amp;url=http%3A%2F%2Fapi.themoviedb.org%2F3%2Fgenre%2F16%2Fmovies%3Fapi_key%3D34142515d9d23817496eeb4ff1d223d0%26language%3Dhe%26page%3D1&amp;iconimage=http%3A%2F%2Fwww.printime.co.il%2Fimage%2Fusers%2F16584%2Fftp%2Fmy_files%2Fsmileynumbers1we.jpg&amp;description=%D7%90%D7%A0%D7%99%D7%9E%D7%A6%D7%99%D7%94&amp;fav_status=false&amp;groups_id=0",return)</action>
	</shortcut>
</shortcuts>
