<?xml version='1.0' encoding='UTF-8'?>
<shortcuts>
	<shortcut>
		<defaultID />
		<label>סרטים Gramovies</label>
		<label2>פריטים מותאמים אישית</label2>
		<icon>DefaultShortcut.png</icon>
		<thumb />
		<action>ActivateWindow(Videos,"plugin://plugin.video.telemedia/?mode=31&amp;name=[COLOR lightblue]GraMovies - הקבוצה[/COLOR]&amp;image_master=&amp;heb_name= &amp;last_id=&amp;dates= &amp;data=-1001272600043&amp;original_title= &amp;id= &amp;season= &amp;episode= &amp;tmdbid= &amp;eng_name= &amp;show_original_year= &amp;isr=0&amp;fanart=C%3A%2FUsers%2Fneta%2FAppData%2FRoaming%2FKodi%2Fuserdata%2Faddon_data%2Fplugin.video.telemedia%2Flogo%2F-1001272600043_big.jpg&amp;url=-1001272600043&amp;iconimage=C%3A%2FUsers%2Fneta%2FAppData%2FRoaming%2FKodi%2Fuserdata%2Faddon_data%2Fplugin.video.telemedia%2Flogo%2F-1001272600043_small.jpg&amp;description=%D7%90%D7%99%D7%9F+%D7%A2%D7%93%D7%99%D7%99%D7%9F+%D7%A2%D7%9D+%D7%AA%D7%A8%D7%92%D7%95%D7%9D+%D7%9E%D7%95%D7%91%D7%A0%D7%94.%0Afrom_plot&amp;fav_status=false&amp;groups_id=0",return)</action>
	</shortcut>
	<shortcut>
		<defaultID />
		<label>דרמה / רומנטיקה</label>
		<label2>פריטים מותאמים אישית</label2>
		<icon>DefaultShortcut.png</icon>
		<thumb />
		<action>ActivateWindow(Videos,"plugin://plugin.video.telemedia/?mode=31&amp;name=[COLOR khaki]סרטי דרמה / רומנטיקה[/COLOR]&amp;image_master=&amp;heb_name= &amp;last_id=&amp;dates= &amp;data=-1001221056841&amp;original_title= &amp;id= &amp;season= &amp;episode= &amp;tmdbid= &amp;eng_name= &amp;show_original_year= &amp;isr=0&amp;fanart=C%3A%2FUsers%2Fneta%2FAppData%2FRoaming%2FKodi%2Fuserdata%2Faddon_data%2Fplugin.video.telemedia%2Flogo%2F-1001221056841_big.jpg&amp;url=-1001221056841&amp;iconimage=C%3A%2FUsers%2Fneta%2FAppData%2FRoaming%2FKodi%2Fuserdata%2Faddon_data%2Fplugin.video.telemedia%2Flogo%2F-1001221056841_small.jpg&amp;description=%22%D7%A6%D7%95%D7%A6%D7%99%22+-+2005%0ATsotsi%0A%0A%D7%90%D7%99%D7%9B%D7%95%D7%AA%3A+720p+BluRay.+%F0%9F%98%8D%0A%D7%AA%D7%A8%D7%92%D7%95%D7%9D+%D7%9E%D7%95%D7%91%D7%A0%D7%94.+%F0%9F%92%AC%0A%D7%93%D7%99%D7%A8%D7%95%D7%92+IMDb+%D7%9C%D7%A1%D7%A8%D7%98%3A+7.2+%E2%AD%90%EF%B8%8F%0A%D7%96%27%D7%90%D7%A0%D7%A8%3A+%23%D7%93%D7%A8%D7%9E%D7%94+%23%D7%94%D7%A8%D7%A4%D7%AA%D7%A7%D7%90%D7%94+%23%D7%A4%D7%A9%D7%A2%0A%0A%F0%9F%93%9D%D7%AA%D7%A7%D7%A6%D7%99%D7%A8%3A+%0A%D7%A9%D7%99%D7%A9%D7%94+%D7%99%D7%9E%D7%99%D7%9D+%D7%91%D7%97%D7%99%D7%99%D7%95+%D7%A9%D7%9C+%D7%A6%D7%95%D7%A6%D7%99+%28%D7%9B%D7%99%D7%A0%D7%95%D7%99+%D7%9E%D7%A7%D7%95%D7%9E%D7%99+%D7%9C%D7%92%D7%A0%D7%92%D7%A1%D7%98%D7%A8%29&amp;fav_status=false&amp;groups_id=0",return)</action>
	</shortcut>
	<shortcut>
		<defaultID />
		<label>חננאל סרטים</label>
		<label2>פריטים מותאמים אישית</label2>
		<icon>DefaultShortcut.png</icon>
		<thumb />
		<action>ActivateWindow(Videos,"plugin://plugin.video.telemedia/?mode=31&amp;name=[COLOR khaki]חננאל סרטים - ערוץ הסרטים[/COLOR]&amp;image_master=&amp;heb_name= &amp;last_id=&amp;dates= &amp;data=-1001311322186&amp;original_title= &amp;id= &amp;season= &amp;episode= &amp;tmdbid= &amp;eng_name= &amp;show_original_year= &amp;isr=0&amp;fanart=C%3A%2FUsers%2Fneta%2FAppData%2FRoaming%2FKodi%2Fuserdata%2Faddon_data%2Fplugin.video.telemedia%2Flogo%2F-1001311322186_big.jpg&amp;url=-1001311322186&amp;iconimage=C%3A%2FUsers%2Fneta%2FAppData%2FRoaming%2FKodi%2Fuserdata%2Faddon_data%2Fplugin.video.telemedia%2Flogo%2F-1001311322186_small.jpg&amp;description=%D7%91%D7%9C%D7%A2%D7%93%D7%99+%D7%9C%D7%97%D7%A0%D7%A0%D7%90%D7%9C+%D7%A1%D7%A8%D7%98%D7%99%D7%9D%E2%9D%97%F0%9F%93%A2%E2%9D%97%0A%0A%D7%97%D7%93%D7%A9%D7%95%D7%AA+%D7%94%D7%A2%D7%95%D7%9C%D7%9D+%D7%94%D7%92%D7%93%D7%95%D7%9C+-+2020.%0ANews+of+the+World%0A%0A%D7%AA%D7%A8%D7%92%D7%95%D7%9D+%D7%9E%D7%95%D7%91%D7%A0%D7%94.%F0%9F%92%AC%0A%D7%90%D7%99%D7%9B%D7%95%D7%AA%3A+WEBRip+++720p+WEBRip.+%F0%9F%98%8D%0A%D7%96%27%D7%90%D7%A0%D7%A8%3A+%23%D7%90%D7%A7%D7%A9%D7%9F+%23%D7%94%D7%A8%D7%A4%D7%AA%D7%A7%D7%90%D7%94+%23%D7%93%D7%A8%D7%9E%D7%94+%0A%0A%D7%AA%D7%A7%D7%A6%D7%99%D7%A8%3A%0A%D7%91%D7%95%D7%92%D7%A8+%D7%9E%D7%9C%D7%97%D7%9E%D7%AA+%D7%94%D7%90%D7%96%D7%A8%D7%97%D7%99%D7%9D+%28%D7%98%D7%95%D7%9D+%D7%94%D7%A0%D7%A7%D7%A1%29+%D7%9E%D7%A1%D7%9B%D7%99%D7%9D+%D7%9C%D7%9C%D7%95%D7%95%D7%AA+%D7%99%D7%9C%D7%93%D7%94&amp;fav_status=false&amp;groups_id=0",return)</action>
	</shortcut>
	<shortcut>
		<defaultID />
		<label>נתי מדיה מדובבים</label>
		<label2>פריטים מותאמים אישית</label2>
		<icon>DefaultShortcut.png</icon>
		<thumb />
		<action>ActivateWindow(Videos,"plugin://plugin.video.telemedia/?mode=31&amp;name=[COLOR khaki]סרטים מדובבים[/COLOR]&amp;image_master=&amp;heb_name= &amp;last_id=&amp;dates= &amp;data=-1001251653717&amp;original_title= &amp;id= &amp;season= &amp;episode= &amp;tmdbid= &amp;eng_name= &amp;show_original_year= &amp;isr=0&amp;fanart=C%3A%2FUsers%2Fneta%2FAppData%2FRoaming%2FKodi%2Fuserdata%2Faddon_data%2Fplugin.video.telemedia%2Flogo%2F-1001251653717_big.jpg&amp;url=-1001251653717&amp;iconimage=C%3A%2FUsers%2Fneta%2FAppData%2FRoaming%2FKodi%2Fuserdata%2Faddon_data%2Fplugin.video.telemedia%2Flogo%2F-1001251653717_small.jpg&amp;description=%D7%9B%D7%A0%D7%A1%D7%95+%D7%93%D7%97%D7%95%D7%A3%E2%9D%97%EF%B8%8F%0A%D7%9C%D7%A4%D7%A0%D7%99+%D7%A9%D7%92%D7%9D+%D7%9B%D7%90%D7%9F+%D7%A0%D7%97%D7%A1%D7%9D.%0A%0A%D7%A2%D7%A8%D7%95%D7%A5+%D7%94%D7%A1%D7%A8%D7%98%D7%99%D7%9D+%D7%94%D7%97%D7%93%D7%A9%3A%0Ahttps%3A%2F%2Ft.me%2Fjoinchat%2FSMwRm9CFjafTt-iS%0A%0A%D7%A2%D7%A8%D7%95%D7%A5+%D7%94%D7%A1%D7%93%D7%A8%D7%95%D7%AA%3A%0Ahttps%3A%2F%2Ft.me%2Fjoinchat%2FRh35f9C2A092oIlP%0A%0A%D7%95%D7%A9%D7%9E%D7%A8%D7%95+%D7%90%D7%A6%D7%9C%D7%9B%D7%9D+%D7%90%D7%AA+%D7%94%D7%9B%D7%AA%D7%95%D7%91%D7%95%D7%AA+%D7%94%D7%9C%D7%9C%D7%95%3A%0A+NatiMedia.org%0A%0Ahttps%3A%2F%2Fnatimedia.mozello.co.il%2F%0A%0A%0A%D7%A9%D7%AA%D7%A4%D7%95+%D7%91%D7%9B%D7%9C+%D7%9E%D7%A7%D7%95%D7%9D+%D7%90%D7%A4%D7%A9%D7%A8%D7%99+%F0%9F%92%AA%F0%9F%87%AE%F0%9F%87%B1%0Afrom_plot&amp;fav_status=false&amp;groups_id=0",return)</action>
	</shortcut>
	<shortcut>
		<defaultID />
		<label>סרטים sdarot 6k</label>
		<label2>פריטים מותאמים אישית</label2>
		<icon>DefaultShortcut.png</icon>
		<thumb />
		<action>ActivateWindow(Videos,"plugin://plugin.video.telemedia/?mode=31&amp;name=[COLOR khaki]סרטים 🎥 - sdarot_il - 6K[/COLOR]&amp;image_master=&amp;heb_name= &amp;last_id=&amp;dates= &amp;data=-1001252651317&amp;original_title= &amp;id= &amp;season= &amp;episode= &amp;tmdbid= &amp;eng_name= &amp;show_original_year= &amp;isr=0&amp;fanart=C%3A%2FUsers%2Fneta%2FAppData%2FRoaming%2FKodi%2Fuserdata%2Faddon_data%2Fplugin.video.telemedia%2Flogo%2F-1001252651317_big.jpg&amp;url=-1001252651317&amp;iconimage=C%3A%2FUsers%2Fneta%2FAppData%2FRoaming%2FKodi%2Fuserdata%2Faddon_data%2Fplugin.video.telemedia%2Flogo%2F-1001252651317_small.jpg&amp;description=%D7%A8%D7%95%D7%A6%D7%99%D7%9D+%D7%9C%D7%A6%D7%A4%D7%95%D7%AA+%D7%91%D7%A1%D7%A8%D7%98+%D7%91%D7%9C%D7%99+%D7%9C%D7%94%D7%95%D7%A8%D7%99%D7%93+%D7%90%D7%AA+%D7%94%D7%A7%D7%95%D7%91%D7%A5+%D7%9C%D7%9E%D7%9B%D7%A9%D7%99%D7%A8%D7%9B%D7%9D+%D7%94%D7%A1%D7%A8%D7%98+%D7%A2%D7%9C%D7%94+%D7%92%D7%9D+%D7%91%D7%A2%D7%A8%D7%95%D7%A5+%D7%A7%D7%99%D7%A9%D7%95%D7%A8%D7%99%D7%9D+%D7%9C%D7%93%D7%A8%D7%99%D7%99%D7%91+%E2%86%99%EF%B8%8F%0A%40sdarot_ildrive%0Afrom_plot&amp;fav_status=false&amp;groups_id=0",return)</action>
	</shortcut>
	<shortcut>
		<defaultID />
		<label>שלום קולנוע צרפתי</label>
		<label2>פריטים מותאמים אישית</label2>
		<icon>DefaultShortcut.png</icon>
		<thumb />
		<action>ActivateWindow(Videos,"plugin://plugin.video.telemedia/?mode=31&amp;name=[COLOR lightblue]קולנוע צרפתי - שלום סרטים[/COLOR]&amp;image_master=&amp;heb_name= &amp;last_id=&amp;dates= &amp;data=-1001377606580&amp;original_title= &amp;id= &amp;season= &amp;episode= &amp;tmdbid= &amp;eng_name= &amp;show_original_year= &amp;isr=0&amp;fanart=C%3A%2FUsers%2Fneta%2FAppData%2FRoaming%2FKodi%2Fuserdata%2Faddon_data%2Fplugin.video.telemedia%2Flogo%2F-1001377606580_big.jpg&amp;url=-1001377606580&amp;iconimage=C%3A%2FUsers%2Fneta%2FAppData%2FRoaming%2FKodi%2Fuserdata%2Faddon_data%2Fplugin.video.telemedia%2Flogo%2F-1001377606580_small.jpg&amp;description=%D7%A7%D7%95%D7%9C%D7%A0%D7%95%D7%A2+%D7%A6%D7%A8%D7%A4%D7%AA%D7%99+-+%D7%A9%D7%9C%D7%95%D7%9D+%D7%A1%D7%A8%D7%98%D7%99%D7%9D%0Afrom_plot&amp;fav_status=false&amp;groups_id=0",return)</action>
	</shortcut>
	<shortcut>
		<defaultID />
		<label>ערוץ הסרטים הקלאסיים</label>
		<label2>פריטים מותאמים אישית</label2>
		<icon>DefaultShortcut.png</icon>
		<thumb />
		<action>ActivateWindow(Videos,"plugin://plugin.video.telemedia/?mode=31&amp;name=[COLOR khaki]ערוץ הסרטים הקלאסיים[/COLOR]&amp;image_master=&amp;heb_name= &amp;last_id=&amp;dates= &amp;data=-1001499066020&amp;original_title= &amp;id= &amp;season= &amp;episode= &amp;tmdbid= &amp;eng_name= &amp;show_original_year= &amp;isr=0&amp;fanart=C%3A%2FUsers%2Fneta%2FAppData%2FRoaming%2FKodi%2Fuserdata%2Faddon_data%2Fplugin.video.telemedia%2Flogo%2F-1001499066020_big.jpg&amp;url=-1001499066020&amp;iconimage=C%3A%2FUsers%2Fneta%2FAppData%2FRoaming%2FKodi%2Fuserdata%2Faddon_data%2Fplugin.video.telemedia%2Flogo%2F-1001499066020_small.jpg&amp;description=%0Afrom_plot&amp;fav_status=false&amp;groups_id=0",return)</action>
	</shortcut>
	<shortcut>
		<defaultID />
		<label>זירה מדיה סרטים</label>
		<label2>פריטים מותאמים אישית</label2>
		<icon>DefaultShortcut.png</icon>
		<thumb />
		<action>ActivateWindow(Videos,"plugin://plugin.video.telemedia/?mode=31&amp;name=[COLOR khaki]זירה מדיה - סרטים[/COLOR]&amp;image_master=&amp;heb_name= &amp;last_id=&amp;dates= &amp;data=-1001478524149&amp;original_title= &amp;id= &amp;season= &amp;episode= &amp;tmdbid= &amp;eng_name= &amp;show_original_year= &amp;isr=0&amp;fanart=C%3A%2FUsers%2Fneta%2FAppData%2FRoaming%2FKodi%2Fuserdata%2Faddon_data%2Fplugin.video.telemedia%2Flogo%2F-1001478524149_big.jpg&amp;url=-1001478524149&amp;iconimage=C%3A%2FUsers%2Fneta%2FAppData%2FRoaming%2FKodi%2Fuserdata%2Faddon_data%2Fplugin.video.telemedia%2Flogo%2F-1001478524149_small.jpg&amp;description=%22%D7%9E%D7%9C%D7%90%D7%9B%D7%99%D7%95%D7%AA+%D7%9E%D7%91%D7%A8%D7%96%D7%9C%22+-+2004%0A%0A%D7%90%D7%99%D7%9B%D7%95%D7%AA%3A+1080p+WEB-DL.+%F0%9F%98%8D+%0A%D7%93%D7%99%D7%A8%D7%95%D7%92+IMDb+%D7%9C%D7%A1%D7%A8%D7%98%3A+7.5+%E2%AD%90%EF%B8%8F%0A%D7%96%27%D7%90%D7%A0%D7%A8%3A+%23%D7%93%D7%A8%D7%9E%D7%94+%23%D7%94%D7%99%D7%A1%D7%98%D7%95%D7%A8%D7%99%D7%94+%23%D7%91%D7%99%D7%95%D7%92%D7%A8%D7%A4%D7%99%D7%94+%0A%0A%F0%9F%93%9D+%D7%AA%D7%A7%D7%A6%D7%99%D7%A8%3A+%0A%D7%A1%D7%99%D7%A4%D7%95%D7%A8%D7%9F+%D7%A9%D7%9C+%D7%A7%D7%91%D7%95%D7%A6%D7%AA+%D7%A0%D7%A9%D7%99%D7%9D+%D7%A9%D7%94%D7%A0%D7%94%D7%99%D7%92%D7%95+%D7%9E%D7%90%D7%91%D7%A7+%D7%A2%D7%99%D7%A7%D7%A9+%D7%91%D7%A9%D7%A0%D7%AA+1912+%D7%9B%D7%93%D7%99+%D7%9C%D7%94%D7%A9%D7%99%D7%92+%D7%96%D7%9B%D7%95%D7%AA+%D7%94%D7%A6%D7%91%D7%A2%D7%94+%D7%9C%D7%A0%D7%A9%D7%99%D7%9D+%D7%91%D7%90%D7%A8%D7%A6%D7%95%D7%AA+%D7%94%D7%91%D7%A8%D7%99%D7%AA.+%0A%D7%94%D7%9F+%D7%9E%D7%A2%D7%A9%D7%A0%D7%95%D7%AA&amp;fav_status=false&amp;groups_id=0",return)</action>
	</shortcut>
</shortcuts>
