<?xml version='1.0' encoding='UTF-8'?>
<shortcuts>
	<shortcut>
		<defaultID />
		<label>סדרות חדשות</label>
		<label2>פריטים מותאמים אישית</label2>
		<icon>DefaultShortcut.png</icon>
		<thumb />
		<action>ActivateWindow(Videos,"plugin://plugin.video.mando/?mode=14&amp;dates=+&amp;episode=+&amp;description=New+Tv+shows&amp;all_w=%7B%7D&amp;show_original_year=+&amp;fanart=https%3A%2F%2Flh5.ggpht.com%2Fcr6L4oleXlecZQBbM1EfxtGggxpRK0Q1cQ8JBtLjJdeUrqDnXAeBHU30trRRnMUFfSo%3Dw300&amp;heb_name=+&amp;iconimage=C%3A%5CUsers%5Cneta%5CAppData%5CRoaming%5CKodi%5Caddons%5Cplugin.video.mando%5Cresources%5Cartwork%2Fnew_s.png&amp;original_title=+&amp;eng_name=+&amp;data=+&amp;url=https%3A%2F%2Fapi.themoviedb.org%2F3%2Fdiscover%2Ftv%3Fapi_key%3D34142515d9d23817496eeb4ff1d223d0%26language%3Den-US%26sort_by%3Dpopularity.desc%26first_air_date_year%3D2021%26timezone%3DAmerica%252FNew_York%26include_null_first_air_ates%3Dfalse%26language%3Dhe%26page%3D1&amp;fav_status=false&amp;tmdbid=+&amp;season=+&amp;isr=0&amp;last_id=&amp;image_master=&amp;id=+&amp;name=%D7%A1%D7%93%D7%A8%D7%95%D7%AA+%D7%97%D7%93%D7%A9%D7%95%D7%AA&amp;video_data=%7B%22rating%22%3A+%220%22%2C+%22episode%22%3A+0%2C+%22title%22%3A+%22%5Cu05e1%5Cu05d3%5Cu05e8%5Cu05d5%5Cu05ea+%5Cu05d7%5Cu05d3%5Cu05e9%5Cu05d5%5Cu05ea%22%2C+%22season%22%3A+0%2C+%22TVshowtitle%22%3A+%22%22%2C+%22mediatype%22%3A+%22movie%22%2C+%22plot%22%3A+%22New+Tv+shows%22%2C+%22OriginalTitle%22%3A+%22+%22%2C+%22Tag%22%3A+%223%22%2C+%22id%22%3A+%22+%22%7D",return)</action>
	</shortcut>
	<shortcut>
		<defaultID />
		<label>קטגוריות</label>
		<label2>פריטים מותאמים אישית</label2>
		<icon>DefaultShortcut.png</icon>
		<thumb />
		<action>ActivateWindow(Videos,"plugin://plugin.video.mando/?mode=18&amp;dates=+&amp;episode=+&amp;description=TMDB&amp;all_w=%7B%7D&amp;show_original_year=+&amp;fanart=https%3A%2F%2Fconsequenceofsound.net%2Fwp-content%2Fuploads%2F2019%2F11%2FCoS_2010sDecades-TVShows.jpg%3Fquality%3D80&amp;heb_name=+&amp;iconimage=C%3A%5CUsers%5Cneta%5CAppData%5CRoaming%5CKodi%5Caddons%5Cplugin.video.mando%5Cresources%5Cartwork%2Fgenre.png&amp;original_title=+&amp;eng_name=+&amp;data=+&amp;url=http%3A%2F%2Fapi.themoviedb.org%2F3%2Fgenre%2Ftv%2Flist%3Fapi_key%3D34142515d9d23817496eeb4ff1d223d0%26language%3Dhe%26page%3D1&amp;fav_status=false&amp;tmdbid=+&amp;season=+&amp;isr=0&amp;last_id=&amp;image_master=&amp;id=+&amp;name=%D7%A7%D7%98%D7%92%D7%95%D7%A8%D7%99%D7%95%D7%AA&amp;video_data=%7B%22rating%22%3A+%220%22%2C+%22episode%22%3A+0%2C+%22title%22%3A+%22%5Cu05e7%5Cu05d8%5Cu05d2%5Cu05d5%5Cu05e8%5Cu05d9%5Cu05d5%5Cu05ea%22%2C+%22season%22%3A+0%2C+%22TVshowtitle%22%3A+%22%22%2C+%22mediatype%22%3A+%22movie%22%2C+%22plot%22%3A+%22TMDB%22%2C+%22OriginalTitle%22%3A+%22+%22%2C+%22Tag%22%3A+%223%22%2C+%22id%22%3A+%22+%22%7D",return)</action>
	</shortcut>
	<shortcut>
		<defaultID />
		<label>לפי שנים</label>
		<label2>פריטים מותאמים אישית</label2>
		<icon>DefaultShortcut.png</icon>
		<thumb />
		<action>ActivateWindow(Videos,"plugin://plugin.video.mando/?mode=14&amp;dates=+&amp;episode=+&amp;description=TMDB&amp;all_w=%7B%7D&amp;show_original_year=+&amp;fanart=https%3A%2F%2Fd2yhzr6tx8qnba.cloudfront.net%2Fimages%2Fdb%2F9%2Fb6%2F58e2db43d1b69.jpeg&amp;heb_name=+&amp;iconimage=C%3A%5CUsers%5Cneta%5CAppData%5CRoaming%5CKodi%5Caddons%5Cplugin.video.mando%5Cresources%5Cartwork%2Fyears.png&amp;original_title=+&amp;eng_name=+&amp;data=+&amp;url=tv_years%26page%3D1&amp;fav_status=false&amp;tmdbid=+&amp;season=+&amp;isr=0&amp;last_id=&amp;image_master=&amp;id=+&amp;name=%D7%A9%D7%A0%D7%99%D7%9D&amp;video_data=%7B%22rating%22%3A+%220%22%2C+%22episode%22%3A+0%2C+%22title%22%3A+%22%5Cu05e9%5Cu05e0%5Cu05d9%5Cu05dd%22%2C+%22season%22%3A+0%2C+%22TVshowtitle%22%3A+%22%22%2C+%22mediatype%22%3A+%22movie%22%2C+%22plot%22%3A+%22TMDB%22%2C+%22OriginalTitle%22%3A+%22+%22%2C+%22Tag%22%3A+%223%22%2C+%22id%22%3A+%22+%22%7D",return)</action>
	</shortcut>
	<shortcut>
		<defaultID />
		<label>רשתות</label>
		<label2>פריטים מותאמים אישית</label2>
		<icon>DefaultShortcut.png</icon>
		<thumb />
		<action>ActivateWindow(Videos,"plugin://plugin.video.mando/?mode=101&amp;dates=+&amp;episode=+&amp;description=TMDB&amp;all_w=%7B%7D&amp;show_original_year=+&amp;fanart=https%3A%2F%2Fimages.pond5.com%2Ftv-networks-logos-loop-footage-042898083_prevstill.jpeg&amp;heb_name=+&amp;iconimage=C%3A%5CUsers%5Cneta%5CAppData%5CRoaming%5CKodi%5Caddons%5Cplugin.video.mando%5Cresources%5Cartwork%2Fnetworks.png&amp;original_title=+&amp;eng_name=+&amp;data=+&amp;url=tv_years%26page%3D1&amp;fav_status=false&amp;tmdbid=+&amp;season=+&amp;isr=0&amp;last_id=&amp;image_master=&amp;id=+&amp;name=%D7%A8%D7%A9%D7%AA%D7%95%D7%AA&amp;video_data=%7B%22rating%22%3A+%220%22%2C+%22episode%22%3A+0%2C+%22title%22%3A+%22%5Cu05e8%5Cu05e9%5Cu05ea%5Cu05d5%5Cu05ea%22%2C+%22season%22%3A+0%2C+%22TVshowtitle%22%3A+%22%22%2C+%22mediatype%22%3A+%22movie%22%2C+%22plot%22%3A+%22TMDB%22%2C+%22OriginalTitle%22%3A+%22+%22%2C+%22Tag%22%3A+%223%22%2C+%22id%22%3A+%22+%22%7D",return)</action>
	</shortcut>
	<shortcut>
		<defaultID />
		<label>מעקב סדרות</label>
		<label2>פריטים מותאמים אישית</label2>
		<icon>DefaultShortcut.png</icon>
		<thumb />
		<action>ActivateWindow(Videos,"plugin://plugin.video.mando/?mode=145&amp;dates=+&amp;episode=+&amp;description=History&amp;all_w=%7B%7D&amp;show_original_year=+&amp;fanart=https%3A%2F%2Fbrewminate.com%2Fwp-content%2Fuploads%2F2020%2F02%2FGeorgeThompsonTeachingHistory01.png&amp;heb_name=+&amp;iconimage=C%3A%5CUsers%5Cneta%5CAppData%5CRoaming%5CKodi%5Caddons%5Cplugin.video.mando%5Cresources%5Cartwork%2Ftracker.png&amp;original_title=+&amp;eng_name=+&amp;data=+&amp;url=tv&amp;fav_status=false&amp;tmdbid=+&amp;season=+&amp;isr=0&amp;last_id=&amp;image_master=&amp;id=+&amp;name=%D7%9E%D7%A2%D7%A7%D7%91+%D7%A1%D7%93%D7%A8%D7%95%D7%AA&amp;video_data=%7B%22rating%22%3A+%220%22%2C+%22episode%22%3A+0%2C+%22title%22%3A+%22%5Cu05de%5Cu05e2%5Cu05e7%5Cu05d1+%5Cu05e1%5Cu05d3%5Cu05e8%5Cu05d5%5Cu05ea%22%2C+%22season%22%3A+0%2C+%22TVshowtitle%22%3A+%22%22%2C+%22mediatype%22%3A+%22movie%22%2C+%22plot%22%3A+%22History%22%2C+%22OriginalTitle%22%3A+%22+%22%2C+%22Tag%22%3A+%223%22%2C+%22id%22%3A+%22+%22%7D",return)</action>
	</shortcut>
	<shortcut>
		<defaultID />
		<label>חפש</label>
		<label2>פריטים מותאמים אישית</label2>
		<icon>DefaultShortcut.png</icon>
		<thumb />
		<action>ActivateWindow(Videos,"plugin://plugin.video.mando/?mode=14&amp;dates=+&amp;episode=+&amp;description=TMDB&amp;all_w=%7B%7D&amp;show_original_year=+&amp;fanart=https%3A%2F%2Fsearchengineland.com%2Ffigz%2Fwp-content%2Fseloads%2F2017%2F12%2Fcompare-seo-ss-1920-800x450.jpg&amp;heb_name=+&amp;iconimage=C%3A%5CUsers%5Cneta%5CAppData%5CRoaming%5CKodi%5Caddons%5Cplugin.video.mando%5Cresources%5Cartwork%2Fsearch.png&amp;original_title=+&amp;eng_name=+&amp;data=+&amp;url=http%3A%2F%2Fapi.themoviedb.org%2F3%2Fsearch%2Ftv%3Fapi_key%3D34142515d9d23817496eeb4ff1d223d0%26query%3D%25s%26language%3Dhe%26page%3D1&amp;fav_status=false&amp;tmdbid=+&amp;season=+&amp;isr=0&amp;last_id=&amp;image_master=&amp;id=+&amp;name=%D7%97%D7%99%D7%A4%D7%95%D7%A9&amp;video_data=%7B%22rating%22%3A+%220%22%2C+%22episode%22%3A+0%2C+%22title%22%3A+%22%5Cu05d7%5Cu05d9%5Cu05e4%5Cu05d5%5Cu05e9%22%2C+%22season%22%3A+0%2C+%22TVshowtitle%22%3A+%22%22%2C+%22mediatype%22%3A+%22movie%22%2C+%22plot%22%3A+%22TMDB%22%2C+%22OriginalTitle%22%3A+%22+%22%2C+%22Tag%22%3A+%223%22%2C+%22id%22%3A+%22+%22%7D",return)</action>
	</shortcut>
</shortcuts>
