<?xml version='1.0' encoding='UTF-8'?>
<shortcuts>
	<shortcut>
		<defaultID />
		<label>לפי עמודים</label>
		<label2>פריטים מותאמים אישית</label2>
		<icon>DefaultShortcut.png</icon>
		<thumb />
		<action>ActivateWindow(Videos,"plugin://plugin.video.kids_new/?mode=10&amp;description=%D7%A1%D7%A8%D7%98%D7%99%D7%9D+%D7%9E%D7%93%D7%95%D7%91%D7%91%D7%99%D7%9D&amp;url=0&amp;iconimage=https%3A%2F%2Fwww.flatpanelshd.com%2Fpictures%2Fdespicableme2-1l.jpg&amp;fanart=https%3A%2F%2Fwww.flatpanelshd.com%2Fpictures%2Fdespicableme2-1l.jpg&amp;mode=10&amp;name=%280%29+%D7%A1%D7%A8%D7%98%D7%99%D7%9D+%D7%9E%D7%93%D7%95%D7%91%D7%91%D7%99%D7%9D+%D7%A2%D7%9E%D7%95%D7%93%D7%99%D7%9D",return)</action>
	</shortcut>
	<shortcut>
		<defaultID />
		<label>לפי שנים</label>
		<label2>פריטים מותאמים אישית</label2>
		<icon>DefaultShortcut.png</icon>
		<thumb />
		<action>ActivateWindow(Videos,"plugin://plugin.video.kids_new/?mode=10&amp;description=%D7%9C%D7%A4%D7%99+%D7%A9%D7%A0%D7%99%D7%9D&amp;url=0&amp;iconimage=https%3A%2F%2Fwww.flatpanelshd.com%2Fpictures%2Fdespicableme2-1l.jpg&amp;fanart=https%3A%2F%2Fwww.flatpanelshd.com%2Fpictures%2Fdespicableme2-1l.jpg&amp;mode=10&amp;name=%280%29+%D7%A1%D7%A8%D7%98%D7%99%D7%9D+%D7%9E%D7%93%D7%95%D7%91%D7%91%D7%99%D7%9D+%D7%A9%D7%A0%D7%99%D7%9D",return)</action>
	</shortcut>
	<shortcut>
		<defaultID />
		<label>לפי א-ב</label>
		<label2>פריטים מותאמים אישית</label2>
		<icon>DefaultShortcut.png</icon>
		<thumb />
		<action>ActivateWindow(Videos,"plugin://plugin.video.kids_new/?mode=11&amp;description=%D7%A1%D7%A8%D7%98%D7%99%D7%9D+%D7%9E%D7%93%D7%95%D7%91%D7%91%D7%99%D7%9D&amp;url=0&amp;iconimage=https%3A%2F%2Fwww.flatpanelshd.com%2Fpictures%2Fdespicableme2-1l.jpg&amp;fanart=https%3A%2F%2Fwww.flatpanelshd.com%2Fpictures%2Fdespicableme2-1l.jpg&amp;mode=11&amp;name=%280%29+%D7%A1%D7%A8%D7%98%D7%99%D7%9D+%D7%9E%D7%93%D7%95%D7%91%D7%91%D7%99%D7%9D+%D7%9C%D7%A4%D7%99+%D7%90-%D7%91",return)</action>
	</shortcut>
</shortcuts>
