<?xml version='1.0' encoding='UTF-8'?>
<shortcuts>
	<shortcut>
		<defaultID />
		<label>סדרות אנימציה</label>
		<label2>פריטים מותאמים אישית</label2>
		<icon>DefaultShortcut.png</icon>
		<thumb />
		<action>ActivateWindow(Videos,"plugin://plugin.video.sdarot.tv/genre/7/0",return)</action>
	</shortcut>
	<shortcut>
		<defaultID />
		<label>סדרות ילדים</label>
		<label2>פריטים מותאמים אישית</label2>
		<icon>DefaultShortcut.png</icon>
		<thumb />
		<action>ActivateWindow(Videos,"plugin://plugin.video.sdarot.tv/genre/38/0",return)</action>
	</shortcut>
	<shortcut>
		<defaultID />
		<label>סדרות לפי עמודים</label>
		<label2>פריטים מותאמים אישית</label2>
		<icon>DefaultShortcut.png</icon>
		<thumb />
		<action>ActivateWindow(Videos,"plugin://plugin.video.kids_new/?mode=13&amp;description=%D7%99%D7%9C%D7%93%D7%99%D7%9D&amp;url=0&amp;iconimage=https%3A%2F%2Ftravelmamas.com%2Fwp-content%2Fuploads%2F2017%2F10%2Fbest_travel_movies_for_kids_frozen-837x1200.jpg&amp;fanart=https%3A%2F%2Fwww.slashfilm.com%2Fwp%2Fwp-content%2Fimages%2FAstro-Boy.jpg&amp;mode=13&amp;name=%280%29++%D7%A1%D7%93%D7%A8%D7%95%D7%AA+%D7%9C%D7%A4%D7%99+%D7%A2%D7%9E%D7%95%D7%93%D7%99%D7%9D",return)</action>
	</shortcut>
	<shortcut>
		<defaultID />
		<label>סדרות לפי א-ב</label>
		<label2>פריטים מותאמים אישית</label2>
		<icon>DefaultShortcut.png</icon>
		<thumb />
		<action>ActivateWindow(Videos,"plugin://plugin.video.kids_new/?mode=14&amp;description=%D7%99%D7%9C%D7%93%D7%99%D7%9D&amp;url=0&amp;iconimage=https%3A%2F%2Ftravelmamas.com%2Fwp-content%2Fuploads%2F2017%2F10%2Fbest_travel_movies_for_kids_frozen-837x1200.jpg&amp;fanart=https%3A%2F%2Fwww.slashfilm.com%2Fwp%2Fwp-content%2Fimages%2FAstro-Boy.jpg&amp;mode=14&amp;name=%280%29++%D7%A1%D7%93%D7%A8%D7%95%D7%AA+%D7%9C%D7%A4%D7%99+%D7%9C%D7%A4%D7%99+%D7%90-%D7%91",return)</action>
	</shortcut>
	<shortcut>
		<defaultID />
		<label>סדרות מועדפות</label>
		<label2>פריטים מותאמים אישית</label2>
		<icon>DefaultShortcut.png</icon>
		<thumb />
		<action>ActivateWindow(Videos,"plugin://plugin.video.kids_new/?mode=8&amp;description=%D7%A1%D7%93%D7%A8%D7%95%D7%AA+%D7%9E%D7%95%D7%A2%D7%93%D7%A4%D7%95%D7%AA&amp;url=www&amp;iconimage=https%3A%2F%2Fwww.netclipart.com%2Fpp%2Fm%2F186-1868147_kids-logo-tv-show-logos-childrens-logo-church.png&amp;fanart=https%3A%2F%2Fwww.denofgeek.com%2Fwp-content%2Fuploads%2F2020%2F03%2FUK-Kids-streaming.jpg%3Ffit%3D1200%252C675&amp;mode=8&amp;name=%D7%A1%D7%93%D7%A8%D7%95%D7%AA+%D7%9E%D7%95%D7%A2%D7%93%D7%A4%D7%95%D7%AA",return)</action>
	</shortcut>
	<shortcut>
		<defaultID />
		<label>חפש</label>
		<label2>פריטים מותאמים אישית</label2>
		<icon>DefaultShortcut.png</icon>
		<thumb />
		<action>ActivateWindow(Videos,"plugin://plugin.video.sdarot.tv/search/0",return)</action>
	</shortcut>
</shortcuts>
