<?xml version='1.0' encoding='UTF-8'?>
<shortcuts>
	<shortcut>
		<defaultID>31251</defaultID>
		<label>$SKIN[31251|skin.pellucid|Eject Disc]</label>
		<label2>פריט תפריט נפוץ</label2>
		<icon>DefaultAddon.png</icon>
		<thumb />
		<action>EjectTray()</action>
		<visible>System.HasMediaDVD</visible>
	</shortcut>
	<shortcut>
		<defaultID>31249</defaultID>
		<label>$SKIN[31249|skin.pellucid|Live TV]</label>
		<label2>פריט תפריט נפוץ</label2>
		<icon>DefaultAddon.png</icon>
		<thumb />
		<action>ActivateWindow(TVChannels)</action>
		<visible>PVR.HasTVChannels</visible>
	</shortcut>
	<shortcut>
		<defaultID>31250</defaultID>
		<label>$SKIN[31250|skin.pellucid|Radio]</label>
		<label2>פריט תפריט נפוץ</label2>
		<icon>DefaultAddon.png</icon>
		<thumb />
		<action>ActivateWindow(Radiochannels)</action>
		<visible>PVR.HasRadioChannels</visible>
	</shortcut>
	<shortcut>
		<defaultID>movies</defaultID>
		<label>342</label>
		<label2>פריט תפריט נפוץ</label2>
		<icon>DefaultAddon.png</icon>
		<thumb />
		<action>ActivateWindow(Videos,videodb://movies/titles/)</action>
		<visible>Library.HasContent(Movies)</visible>
	</shortcut>
	<shortcut>
		<defaultID>tvshows</defaultID>
		<label>20343</label>
		<label2>פריט תפריט נפוץ</label2>
		<icon>DefaultAddon.png</icon>
		<thumb />
		<action>ActivateWindow(Videos,videodb://tvshows/titles/)</action>
		<visible>Library.HasContent(TVshows)</visible>
	</shortcut>
	<shortcut>
		<defaultID>2</defaultID>
		<label>2</label>
		<label2>פריט תפריט נפוץ</label2>
		<icon>DefaultAddon.png</icon>
		<thumb />
		<action>ActivateWindow(Music,musicdb://albums/)</action>
		<visible>Library.HasContent(Music)</visible>
	</shortcut>
	<shortcut>
		<defaultID>31229</defaultID>
		<label>$SKIN[31229|skin.pellucid|Play Music]</label>
		<label2>פריט תפריט נפוץ</label2>
		<icon>DefaultAddon.png</icon>
		<thumb />
		<action>PlayerControl(Partymode(music))</action>
		<visible>Library.HasContent(Music)</visible>
	</shortcut>
	<shortcut>
		<defaultID />
		<label>סרטים</label>
		<label2>פריטים מותאמים אישית</label2>
		<icon>DefaultShortcut.png</icon>
		<thumb>special://home/addons/skin.pellucid/extras/icons/cinema.jpg</thumb>
		<action>ActivateWindow(Videos,"plugin://plugin.video.mando",return)</action>
	</shortcut>
	<shortcut>
		<defaultID />
		<label>מדובבים</label>
		<label2>פריטים מותאמים אישית</label2>
		<icon>DefaultShortcut.png</icon>
		<thumb>special://home/addons/skin.pellucid/extras/icons/Folder_Childrens.png</thumb>
		<action>noop</action>
	</shortcut>
	<shortcut>
		<defaultID />
		<label>סדרות</label>
		<label2>פריטים מותאמים אישית</label2>
		<icon>DefaultShortcut.png</icon>
		<thumb>special://home/addons/plugin.video.mando/fanart.jpg</thumb>
		<action>noop</action>
	</shortcut>
	<shortcut>
		<defaultID />
		<label>ס.ילדים</label>
		<label2>פריטים מותאמים אישית</label2>
		<icon>DefaultShortcut.png</icon>
		<thumb>special://home/addons/plugin.video.kids_new/icon.png</thumb>
		<action>noop</action>
	</shortcut>
	<shortcut>
		<defaultID />
		<label>עידן פלוס</label>
		<label2>פריטים מותאמים אישית</label2>
		<icon>DefaultShortcut.png</icon>
		<thumb>special://home/addons/plugin.video.idanplus/fanart.jpg</thumb>
		<action>noop</action>
	</shortcut>
</shortcuts>
