<?xml version='1.0' encoding='UTF-8'?>
<shortcuts>
	<shortcut>
		<defaultID />
		<label>מדיה סנטר ילדים 1</label>
		<label2>פריטים מותאמים אישית</label2>
		<icon>DefaultShortcut.png</icon>
		<thumb />
		<action>ActivateWindow(Videos,"plugin://plugin.video.telemedia/?mode=31&amp;name=[COLOR khaki]מדיה סנטר ילדים מסך ראשי[/COLOR]&amp;image_master=&amp;heb_name= &amp;last_id=&amp;dates= &amp;data=-1001327515657&amp;original_title= &amp;id= &amp;season= &amp;episode= &amp;tmdbid= &amp;eng_name= &amp;show_original_year= &amp;isr=0&amp;fanart=&amp;url=-1001327515657&amp;iconimage=&amp;description=%0Afrom_plot&amp;fav_status=false&amp;groups_id=0",return)</action>
	</shortcut>
	<shortcut>
		<defaultID />
		<label>מדיה סנטר ילדים 2</label>
		<label2>פריטים מותאמים אישית</label2>
		<icon>DefaultShortcut.png</icon>
		<thumb />
		<action>ActivateWindow(Videos,"plugin://plugin.video.telemedia/?mode=31&amp;name=[COLOR lightblue]קבוצת הבקשות ילדים[/COLOR]&amp;image_master=&amp;heb_name= &amp;last_id=&amp;dates= &amp;data=-1001406056035&amp;original_title= &amp;id= &amp;season= &amp;episode= &amp;tmdbid= &amp;eng_name= &amp;show_original_year= &amp;isr=0&amp;fanart=&amp;url=-1001406056035&amp;iconimage=&amp;description=%0Afrom_plot&amp;fav_status=false&amp;groups_id=0",return)</action>
	</shortcut>
	<shortcut>
		<defaultID />
		<label>מדיה סנטר ילדים 3</label>
		<label2>פריטים מותאמים אישית</label2>
		<icon>DefaultShortcut.png</icon>
		<thumb />
		<action>ActivateWindow(Videos,"plugin://plugin.video.telemedia/?mode=31&amp;name=[COLOR khaki]קבוצת הבקשות לילדים 2[/COLOR]&amp;image_master=&amp;heb_name= &amp;last_id=&amp;dates= &amp;data=-1001169545715&amp;original_title= &amp;id= &amp;season= &amp;episode= &amp;tmdbid= &amp;eng_name= &amp;show_original_year= &amp;isr=0&amp;fanart=&amp;url=-1001169545715&amp;iconimage=&amp;description=%0Afrom_plot&amp;fav_status=false&amp;groups_id=0",return)</action>
	</shortcut>
	<shortcut>
		<defaultID />
		<label>מדיה סנטר ילדים 4</label>
		<label2>פריטים מותאמים אישית</label2>
		<icon>DefaultShortcut.png</icon>
		<thumb />
		<action>ActivateWindow(Videos,"plugin://plugin.video.telemedia/?mode=31&amp;name=[COLOR khaki]קבוצת הבקשות לילדים 3[/COLOR]&amp;image_master=&amp;heb_name= &amp;last_id=&amp;dates= &amp;data=-1001364848763&amp;original_title= &amp;id= &amp;season= &amp;episode= &amp;tmdbid= &amp;eng_name= &amp;show_original_year= &amp;isr=0&amp;fanart=&amp;url=-1001364848763&amp;iconimage=&amp;description=%0Afrom_plot&amp;fav_status=false&amp;groups_id=0",return)</action>
	</shortcut>
	<shortcut>
		<defaultID />
		<label>מדיה סנטר ילדים 5</label>
		<label2>פריטים מותאמים אישית</label2>
		<icon>DefaultShortcut.png</icon>
		<thumb />
		<action>ActivateWindow(Videos,"plugin://plugin.video.telemedia/?mode=31&amp;name=[COLOR khaki]קבוצת הבקשות לילדים 4[/COLOR]&amp;image_master=&amp;heb_name= &amp;last_id=&amp;dates= &amp;data=-1001428630061&amp;original_title= &amp;id= &amp;season= &amp;episode= &amp;tmdbid= &amp;eng_name= &amp;show_original_year= &amp;isr=0&amp;fanart=&amp;url=-1001428630061&amp;iconimage=&amp;description=%0Afrom_plot&amp;fav_status=false&amp;groups_id=0",return)</action>
	</shortcut>
	<shortcut>
		<defaultID />
		<label>מדיה סנטר ילדים 6</label>
		<label2>פריטים מותאמים אישית</label2>
		<icon>DefaultShortcut.png</icon>
		<thumb />
		<action>ActivateWindow(Videos,"plugin://plugin.video.telemedia/?mode=31&amp;name=[COLOR khaki]קבוצת הבקשות לילדים 5[/COLOR]&amp;image_master=&amp;heb_name= &amp;last_id=&amp;dates= &amp;data=-1001229507581&amp;original_title= &amp;id= &amp;season= &amp;episode= &amp;tmdbid= &amp;eng_name= &amp;show_original_year= &amp;isr=0&amp;fanart=&amp;url=-1001229507581&amp;iconimage=&amp;description=%0Afrom_plot&amp;fav_status=false&amp;groups_id=0",return)</action>
	</shortcut>
	<shortcut>
		<defaultID />
		<label>מדיה סנטר ילדים 7</label>
		<label2>פריטים מותאמים אישית</label2>
		<icon>DefaultShortcut.png</icon>
		<thumb />
		<action>ActivateWindow(Videos,"plugin://plugin.video.telemedia/?mode=31&amp;name=[COLOR khaki]קבוצת הבקשות לילדים 6[/COLOR]&amp;image_master=&amp;heb_name= &amp;last_id=&amp;dates= &amp;data=-1001331856284&amp;original_title= &amp;id= &amp;season= &amp;episode= &amp;tmdbid= &amp;eng_name= &amp;show_original_year= &amp;isr=0&amp;fanart=&amp;url=-1001331856284&amp;iconimage=&amp;description=%0Afrom_plot&amp;fav_status=false&amp;groups_id=0",return)</action>
	</shortcut>
	<shortcut>
		<defaultID />
		<label>נתי מדיה מדובבים</label>
		<label2>פריטים מותאמים אישית</label2>
		<icon>DefaultShortcut.png</icon>
		<thumb />
		<action>ActivateWindow(Videos,"plugin://plugin.video.telemedia/?mode=31&amp;name=[COLOR khaki]סרטים מדובבים[/COLOR]&amp;image_master=&amp;heb_name= &amp;last_id=&amp;dates= &amp;data=-1001251653717&amp;original_title= &amp;id= &amp;season= &amp;episode= &amp;tmdbid= &amp;eng_name= &amp;show_original_year= &amp;isr=0&amp;fanart=C%3A%2FUsers%2Fneta%2FAppData%2FRoaming%2FKodi%2Fuserdata%2Faddon_data%2Fplugin.video.telemedia%2Flogo%2F-1001251653717_big.jpg&amp;url=-1001251653717&amp;iconimage=C%3A%2FUsers%2Fneta%2FAppData%2FRoaming%2FKodi%2Fuserdata%2Faddon_data%2Fplugin.video.telemedia%2Flogo%2F-1001251653717_small.jpg&amp;description=%D7%9B%D7%A0%D7%A1%D7%95+%D7%93%D7%97%D7%95%D7%A3%E2%9D%97%EF%B8%8F%0A%D7%9C%D7%A4%D7%A0%D7%99+%D7%A9%D7%92%D7%9D+%D7%9B%D7%90%D7%9F+%D7%A0%D7%97%D7%A1%D7%9D.%0A%0A%D7%A2%D7%A8%D7%95%D7%A5+%D7%94%D7%A1%D7%A8%D7%98%D7%99%D7%9D+%D7%94%D7%97%D7%93%D7%A9%3A%0Ahttps%3A%2F%2Ft.me%2Fjoinchat%2FSMwRm9CFjafTt-iS%0A%0A%D7%A2%D7%A8%D7%95%D7%A5+%D7%94%D7%A1%D7%93%D7%A8%D7%95%D7%AA%3A%0Ahttps%3A%2F%2Ft.me%2Fjoinchat%2FRh35f9C2A092oIlP%0A%0A%D7%95%D7%A9%D7%9E%D7%A8%D7%95+%D7%90%D7%A6%D7%9C%D7%9B%D7%9D+%D7%90%D7%AA+%D7%94%D7%9B%D7%AA%D7%95%D7%91%D7%95%D7%AA+%D7%94%D7%9C%D7%9C%D7%95%3A%0A+NatiMedia.org%0A%0Ahttps%3A%2F%2Fnatimedia.mozello.co.il%2F%0A%0A%0A%D7%A9%D7%AA%D7%A4%D7%95+%D7%91%D7%9B%D7%9C+%D7%9E%D7%A7%D7%95%D7%9D+%D7%90%D7%A4%D7%A9%D7%A8%D7%99+%F0%9F%92%AA%F0%9F%87%AE%F0%9F%87%B1%0Afrom_plot&amp;fav_status=false&amp;groups_id=0",return)</action>
	</shortcut>
</shortcuts>
