<?xml version="1.0" encoding="UTF-8"?>
<includes>






<include name="Media_Center_Home">
<include>mainscreenallinfo</include>
<include content="widgetsinfo">
<param name="widgetid" value="9104"/>
</include>
<include>mediacentermainmenu</include>
<include>mediacentersubmenu</include>
<include>headlinelabel</include>
<include>myvideomainscreen</include>
<include>skinshortcuts-template-widget</include>

</include>


<include name="mainscreenallinfo">
<control type="multiimage">
<posx>0</posx>
<posy>0</posy>
<width>1920</width>
<height>1080</height>
<fadetime>250</fadetime>
<imagepath>$INFO[Container(9000).ListItem.Property(background)]</imagepath>
</control>
</include>





<include name="mediacentermainmenu">
<control type="group">
<include>main_menu_fade</include>
<control type="image">
<posx>0</posx>
<posy>880</posy>
<width>1920</width>
<height>250</height>
<texture>$VAR[globalbg]</texture>
<include>changemainmenuopacity</include>
</control>

<control type="list" id="9000">
<posx>20</posx>
<posy>885</posy>
<width>1920</width>
<height>300</height>
<ondown condition="Integer.IsGreater(Container(9001).NumItems,)">9001</ondown>
<onup condition="Integer.IsGreater(Container(9104).Numitems,0) + Control.IsVisible(9104) + !Container(9104).IsUpdating + !Player.HasMedia">9104</onup>
<onup condition="Integer.IsGreater(Container(9104).Numitems,0) + Control.IsVisible(9104) + !Container(9104).IsUpdating + Player.HasMedia">82001</onup>
<scrolltime tween="sine" easing="out">200</scrolltime>
<orientation>horizontal</orientation>
<itemlayout width="160" height="50">
<control type="image">
<posx>0</posx>
<posy>0</posy>
<width>120</width>
<height>120</height>
<texture>$INFO[ListItem.Thumb]</texture>
<include>changiconsize</include>
</control>
<control type="label">
<posx>0</posx>
<posy>120</posy>
<width>120</width>
<height>30</height>
<align>center</align>
<label>$INFO[ListItem.Label]</label>
</control>
</itemlayout>
<focusedlayout width="160" height="50">
<control type="label">
<visible>!Control.Hasfocus(9000)</visible>
<posx>0</posx>
<posy>120</posy>
<width>120</width>
<height>30</height>
<align>center</align>
<label>$INFO[ListItem.Label]</label>
</control>
<control type="label">
<visible>Control.Hasfocus(9000)</visible>
<animation effect="slide" start="0,0" end="0,15" time="45" tween="sine" easing="inout">Focus</animation>
<animation condition="Integer.IsGreater(Container(9001).Numitems,0) + Control.HasFocus(9000)" effect="slide" start="0,0" end="0,20" time="0" tween="sine" easing="inout">Conditional</animation>
<posx>0</posx>
<posy>120</posy>
<width>120</width>
<height>30</height>
<align>center</align>
<textcolor>yellow</textcolor>
<label>$INFO[ListItem.Label]</label>
</control>
<control type="image">
<posx>0</posx>
<posy>0</posy>
<width>120</width>
<height>120</height>
<texture>$INFO[ListItem.Thumb]</texture>
<include>changiconsize</include>
</control>
<control type="image">
<visible>control.hasfocus(9000)</visible>
<posx>0</posx>
<posy>135</posy>
<width>120</width>
<height>5</height>
<texture colordiffuse="deepskyblue">white.png</texture>
</control>
<control type="image">
<visible>Integer.IsGreater(Container(9001).Numitems,0) + Control.HasFocus(9000)</visible>
<posx>45</posx>
<posy>140</posy>
<width>25</width>
<height>25</height>
<texture colordiffuse="deepskyblue">special://skin/extras/arrows/arrow-204-xxl.png</texture>
</control>
</focusedlayout>
<content><include>skinshortcuts-mainmenu</include></content>
</control>
</control>
</include>



<include name="mediacentersubmenu">
<control type="group">
<control type="image">
<visible>control.hasfocus(9001)</visible>
<animation condition="Control.Hasfocus(9001)" effect="fade" start="0" delay="200" end="100" time="250">Conditional</animation>
<posx>380</posx>
<posy>180</posy>
<width>1140</width>
<height>640</height>
<texture colordiffuse="FF888888">white.png</texture>
</control>
<control type="image">
<animation condition="Ineteger.IsGreater(Container(9001).Numitems,0) | Control.HasFocus(9001)" effect="slide" start="0,0" end="-1000,0" time="150" tween="quadratic" easing="out">Conditional</animation>
<posx>2000</posx>
<posy>200</posy>
<width>500</width>
<height>600</height>
<texture>$VAR[globalbg]</texture>
</control>
<control type="image">
<animation condition="Ineteger.IsGreater(Container(9001).Numitems,0) | Control.HasFocus(9001)" effect="slide" start="0,0" end="1790,0" time="150" tween="quadratic" easing="out">Conditional</animation>
<posx>-1395</posx>
<posy>200</posy>
<width>600</width>
<height>600</height>
<texture>$VAR[globalbg]</texture>
</control>
<control type="image">
<animation condition="Ineteger.IsGreater(Container(9001).Numitems,0) | Control.HasFocus(9001)" effect="slide" start="0,0" end="2050,0" time="150" tween="quadratic" easing="out">Conditional</animation>
<posx>-1520</posx>
<posy>350</posy>
<width>350</width>
<height>350</height>
<texture fallback="special://skin/extras/fallbacks/NoVideo.png">$INFO[Container(9001).ListItem.Thumb]</texture>
</control>
<control type="list" id="9001">
<animation condition="Ineteger.IsGreater(Container(9001).Numitems,0) | Control.HasFocus(9001)" effect="slide" start="0,0" end="-1100,0" time="150" tween="quadratic" easing="out">Conditional</animation>
<posx>1995</posx>
<posy>200</posy>
<width>600</width>
<height>600</height>
<onback>9000</onback>
<onright>9000</onright>
<orientation>vertical</orientation>
<scrolltime tween="sine" easing="inout">350</scrolltime>
<itemlayout width="220" height="40">
<control type="label">
<posx>0</posx>
<posy>0</posy>
<width>600</width>
<height>40</height>
<align>right</align>
<font>font-18</font>
<label>$INFO[ListItem.Label]</label>
</control>
</itemlayout>
<focusedlayout width="220" height="40">
<control type="image">
<posx>200</posx>
<posy>2</posy>
<width>400</width>
<height>40</height>
<texture colordiffuse="deepskyblue">white.png</texture>
</control>
<control type="label">
<posx>0</posx>
<posy>0</posy>
<width>600</width>
<height>40</height>
<align>right</align>
<font>font-18</font>
<label>$INFO[ListItem.Label]</label>
</control>
</focusedlayout>
<content><include>skinshortcuts-submenu</include></content>
</control>
</control>
</include>


<include name="headlinelabel">
<control type="label">
<posx>0</posx>
<posy>0</posy>
<width>450</width>
<align>left</align>
<textcolor>aqua</textcolor>
<label>$INFO[Skin.String(mylabel)]</label>
</control>
</include>

</includes>
