<?xml version="1.0" encoding="UTF-8"?>
<includes>









<variable name="globalbg">
<value>special://skin/extras/main/main_menu.png</value>
</variable>



<variable name="maintextcolor">
<value condition="String.IsEqual(Skin.String(main_menu_textcolor),yellow)">yellow</value>
<value condition="String.IsEqual(Skin.String(main_menu_textcolor),blue)">blue</value>
<value condition="String.IsEqual(Skin.String(main_menu_textcolor),gray)">gray</value>
</variable>


<variable name="osdlogo">
<value condition="!String.IsEmpty(Player.Art(clearart))">$INFO[Player.Art(clearart)]</value>
<value condition="String.IsEmpty(Player.Art(clearart))">$INFO[Player.Art(clearlogo)]</value>
<value condition="String.IsEmpty(Player.Art(clearlogo)) + String.IsEmpty(Player.Art(clearart))">$INFO[Window(home).Property(SkinHelper.Player.Art.Clearlogo)]</value>
<value condition="String.IsEmpty(Player.Art(clearlogo)) + String.IsEmpty(Player.Art(clearart)) + String.IsEmpty(Window(home).Property(SkinHelper.Player.Art.Clearlogo))">$INFO[Window(home).Property(SkinHelper.Player.Art.Clearart)]</value>
</variable>



</includes>
