<?xml version="1.0" encoding="UTF-8"?>
<includes>




<include name="myvideomainscreen">
<include>WindowVideoMini</include>
</include>


<include name="WindowVideoMini">
<control type="group">
<visible>!Control.HasFocus(9001) + Player.HasVideo</visible>
<posx>2540</posx>
<animation type="WindowOpen">
<effect type="slide" start="0,0" end="-1100,0" time="250" delay="200" tween="sine" easing="inout"/>
</animation>
<posy>-80</posy>
<control type="image">
<posx>-15</posx>
<posy>100</posy>
<width>480</width>
<height>250</height>
<texture colordiffuse="black">white.png</texture>
<colordiffuse>4a000000</colordiffuse>
</control>

<control type="VideoWindow">
<posx>0</posx>
<posy>0</posy>
<width>450</width>
<height>450</height>
<aspectratio align="center" aligny="center">keep</aspectratio>
</control>
</control>
</include>






</includes>
