<?xml version="1.0" encoding="UTF-8"?>
<window type="dialog" id="1201">
<defaultcontrol always="true">4110</defaultcontrol>
	<include>Animation_DialogPopupOpenClose</include>
	<controls>
	
		<control type="group">
		<visible>Control.HasFocus(9003)</visible>
		<animation type="Visible">
			<effect type="slide" start="0" end="100" time="550" tween="cubic" easing="inout"/>
		</animation>
		<animation type="Hidden">
			<effect type="slide" start="100" end="0" time="550" tween="cubic" easing="inout"/>
		</animation>
		<left>1500</left>
		<top>30%</top>
		<width>100</width>
		<height>380</height>
		<onright>false</onright>
			<control type="image">
				<bordertexture colordiffuse="button_focus">colors/white.png</bordertexture>
			<bordersize>2</bordersize>
			<texture colordiffuse="black">colors/white.png</texture>
			</control>
			<control type="fixedlist" id="9003">
				<visible>Player.HasMedia</visible>
				<top>-100</top>
				<left>45</left>
				<onback>4110</onback>
				<onleft>Control.SetFocus(4110)</onleft>
				<ondown>false</ondown>
				<onup>false</onup>
				<onright>false</onright>
				<focusposition>5</focusposition>
				<movement>5</movement>
				<width>100%</width>
				<orientation>vertical</orientation>
				<itemlayout width="55" height="55">
					<control type="image">
						<width>40</width>
						<height>40</height>
						<texture>common/circle2.png</texture>
					</control>
					<control type="image">
						<width>40</width>
						<height>40</height>
						<texture colordiffuse="black">$INFO[ListItem.Icon]</texture>
					</control>
				</itemlayout>
				<focusedlayout width="55" height="55">
					<control type="image">
						<width>40</width>
						<height>40</height>
						<texture>common/circle2.png</texture>
					</control>
				<control type="image">
						<width>40</width>
						<height>40</height>
						<texture colordiffuse="$INFO[Skin.String(mainmenufocus)]">common/circle2.png</texture>
						<include>FocusBounce</include>
						<visible>Control.HasFocus(9003)</visible>
					</control>
					<control type="image">
						<width>40</width>
						<height>40</height>
						<texture colordiffuse="white">$INFO[ListItem.Icon]</texture>
						<visible>Control.HasFocus(9003)</visible>
					</control>
					<control type="image">
						<width>40</width>
						<height>40</height>
						<texture colordiffuse="black">$INFO[ListItem.Icon]</texture>
						<visible>!Control.HasFocus(9003)</visible>
					</control>
				</focusedlayout>
				<content>
				<item id="1">
				<icon>osd/fullscreen/buttons/previous.png</icon>
				<onclick>PlayerControl(previous)</onclick>
				<visible>[Integer.IsGreater(Playlist.Length(music),0) |  Integer.IsGreater(Playlist.Length(video),0)] + Integer.IsGreater(Container(9003).NumItems,1)</visible>
				</item>
				<item id="2">
				<icon>osd/fullscreen/buttons/play.png</icon>
				<onclick>PlayerControl(play)</onclick>
				<visible>Player.Paused</visible>
				</item>
				<item id="3">
				<icon>osd/fullscreen/buttons/pause.png</icon>
				<onclick>PlayerControl(play)</onclick>
				<visible>!Player.Paused</visible>
				</item>
				<item id="4">
				<icon>osd/fullscreen/buttons/stop.png</icon>
				<onclick>Dialog.Close(all,true)</onclick>
				<onclick>PlayerControl(stop)</onclick>
				
				</item>
				<item>
				<icon>osd/noanimate.png</icon>
				<onclick>Dialog.Close(all,true)</onclick>
				<onclick>FullScreen</onclick>
				</item>
				<item id="7">
				<icon>osd/fullscreen/buttons/next.png</icon>
				<onclick>PlayerControl(next)</onclick>
				<visible>[Integer.IsGreater(Playlist.Length(music),0) |  Integer.IsGreater(Playlist.Length(video),0)] + Integer.IsGreater(Container(9003).NumItems,0)</visible>
				</item>
				</content>
			</control>	
		</control>
		
		<control type="group">
		<width>1350</width>
		<height>650</height>
		<centertop>46%</centertop>
		<centerleft>50%</centerleft>
		<include>Animation_DialogPopupOpenClose</include>
		<include>GlobalBoxedList</include>
		<control type="image">
			<centertop>50%</centertop>
			<centerleft>80%</centerleft>
			<width>500</width>
			<height>500</height>
			<texture>$INFO[Container(4110).ListItem.Icon]</texture>
		</control>
		<include content="GlobalFadeLabel">
			<param name="top" value="15"/>
			<param name="left" value="28"/>
		</include>
		<control type="label">
			<top>592</top>
			<left>895</left>
			<font>font45</font>
			<aligny>center</aligny>
			<height>45</height>
			<textcolor>burlywood</textcolor>
			<label fallback="No Information">$INFO[Player.Duration(hh:mm:ss)] / $INFO[Player.TimeRemaining(hh:mm:ss)]</label>
		</control>
		<control type="list" id="4110">
		<top>55</top>
		<left>25</left>
		<onback>202</onback>
		<height>570</height>
		<onright>Control.SetFocus(9003)</onright>
		<focusposition>3</focusposition>
		<scrolltime tween="cubic">550</scrolltime>
		<itemlayout width="780" height="95">
		<control type="group">
		<height>67</height>
			<control type="image">
				<top>4</top>
				<bottom>4</bottom>
				<height>87</height>
				<texture colordiffuse="15FFFFFF">colors/white.png</texture>
			</control>
			<control type="label">
			<aligny>center</aligny>
			<left>5</left>
			<label>$INFO[ListItem.Label]</label>
			</control>
			<control type="label">
				<top>45</top>
				<left>5</left>
				<font>font10</font>
				<label>[I]$INFO[ListItem.Label2][/I]</label>
				<label fallback="No Information">$INFO[ListItem.Label2]</label>
			</control>
			<control type="label">
				<visible>!Integer.IsEqual(PlayList.Length(video),0) + !String.IsEmpty(VideoPlayer.offset(1).Title)</visible>
				<top>45</top>
				<left>5</left>
				<font>font10</font>
				<label>[I]$INFO[ListItem.Property(season)][/I]</label>
			</control>
		</control>
		</itemlayout>
		<focusedlayout width="780" height="95">
		<control type="group">
		<height>67</height>
			<control type="image">
				<top>4</top>
				<bottom>4</bottom>
				<height>87</height>
				<texture colordiffuse="15FFFFFF">colors/white.png</texture>
			</control>
			<control type="image">
				<top>4</top>
				<bottom>4</bottom>
				<height>87</height>
				<texture diffuse="glass.jpg" colordiffuse="45FFFFFF">colors/white.png</texture>
			</control>
			<control type="label">
			<left>5</left>
				<aligny>center</aligny>
				<label>$INFO[ListItem.Label]</label>
				<scroll>true</scroll>
			</control>
			<control type="label">
				<top>45</top>
				<left>5</left>
				<font>font10</font>
				<label fallback="No Information">[I]$INFO[ListItem.Label2][/I]</label>
			</control>
			<control type="label">
				<visible>!Integer.IsEqual(PlayList.Length(video),0) + !String.IsEmpty(VideoPlayer.offset(1).Title)</visible>
				<top>45</top>
				<left>5</left>
				<font>font10</font>
				<label>[I]$INFO[ListItem.Property(season)][/I]</label>
			</control>
		</control>
		</focusedlayout>
		<content>
		<item id="1">
			<label>$INFO[VideoPlayer.offset(1).Title]</label>
			<label2>$INFO[VideoPlayer.offset(1).Artist]</label2>
			<icon>$INFO[VideoPlayer.offset(1).Cover]</icon>
			<property name="season">$INFO[VideoPlayer.offset(1).Season, עונה ] - $INFO[VideoPlayer.offset(1).Episode, פרק ]</property>
			<onclick>Playlist.PlayOffset(1)</onclick>
			<visible>!String.IsEmpty(VideoPlayer.offset(1).Title)</visible>
		</item>
		<item id="2">
			<label>$INFO[VideoPlayer.offset(2).Title]</label>
			<label2>$INFO[VideoPlayer.offset(2).Artist]</label2>
			<icon>$INFO[VideoPlayer.offset(2).Cover]</icon>
			<property name="season">$INFO[VideoPlayer.offset(2).Season, עונה ] - $INFO[VideoPlayer.offset(2).Episode, פרק ]</property>
			<onclick>Playlist.PlayOffset(2)</onclick>
			<visible>!String.IsEmpty(VideoPlayer.offset(2).Title)</visible>
		</item>
		<item id="3">
			<label>$INFO[VideoPlayer.offset(3).Title]</label>
			<label2>$INFO[VideoPlayer.offset(3).Artist]</label2>
			<icon>$INFO[VideoPlayer.offset(3).Cover]</icon>
			<property name="season">$INFO[VideoPlayer.offset(3).Season, עונה ] - $INFO[VideoPlayer.offset(3).Episode, פרק ]</property>
			<onclick>Playlist.PlayOffset(3)</onclick>
			<visible>!String.IsEmpty(VideoPlayer.offset(3).Title)</visible>
		</item>
		<item id="4">
			<label>$INFO[VideoPlayer.offset(4).Title]</label>
			<label2>$INFO[VideoPlayer.offset(4).Artist]</label2>
			<icon>$INFO[VideoPlayer.offset(4).Cover]</icon>
			<property name="season">$INFO[VideoPlayer.offset(4).Season, עונה ] - $INFO[VideoPlayer.offset(4).Episode, פרק ]</property>
			<onclick>Playlist.PlayOffset(4)</onclick>
			<visible>!String.IsEmpty(VideoPlayer.offset(4).Title)</visible>
		</item>
		<item id="5">
			<label>$INFO[VideoPlayer.offset(5).Title]</label>
			<label2>$INFO[VideoPlayer.offset(5).Artist]</label2>
			<icon>$INFO[VideoPlayer.offset(5).Cover]</icon>
			<property name="season">$INFO[VideoPlayer.offset(5).Season, עונה ] - $INFO[VideoPlayer.offset(5).Episode, פרק ]</property>
			<onclick>Playlist.PlayOffset(5)</onclick>
			<visible>!String.IsEmpty(VideoPlayer.offset(5).Title)</visible>
		</item>
		<item id="6">
			<label>$INFO[VideoPlayer.offset(6).Title]</label>
			<label2>$INFO[VideoPlayer.offset(6).Artist]</label2>
			<icon>$INFO[VideoPlayer.offset(6).Cover]</icon>
			<property name="season">$INFO[VideoPlayer.offset(6).Season, עונה ] - $INFO[VideoPlayer.offset(6).Episode, פרק ]</property>
			<onclick>Playlist.PlayOffset(6)</onclick>
			<visible>!String.IsEmpty(VideoPlayer.offset(6).Title)</visible>
		</item>
		<item id="7">
			<label>$INFO[VideoPlayer.offset(7).Title]</label>
			<label2>$INFO[VideoPlayer.offset(7).Artist]</label2>
			<icon>$INFO[VideoPlayer.offset(7).Cover]</icon>
			<property name="season">$INFO[VideoPlayer.offset(7).Season, עונה ] - $INFO[VideoPlayer.offset(7).Episode, פרק ]</property>
			<onclick>Playlist.PlayOffset(7)</onclick>
			<visible>!String.IsEmpty(VideoPlayer.offset(7).Title)</visible>
		</item>
		<item id="8">
			<label>$INFO[VideoPlayer.offset(8).Title]</label>
			<label2>$INFO[VideoPlayer.offset(8).Artist]</label2>
			<icon>$INFO[VideoPlayer.offset(8).Cover]</icon>
			<property name="season">$INFO[VideoPlayer.offset(8).Season, עונה ] - $INFO[VideoPlayer.offset(8).Episode, פרק ]</property>
			<onclick>Playlist.PlayOffset(8)</onclick>
			<visible>!String.IsEmpty(VideoPlayer.offset(8).Title)</visible>
		</item>
		<item id="9">
			<label>$INFO[VideoPlayer.offset(9).Title]</label>
			<label2>$INFO[VideoPlayer.offset(9).Artist]</label2>
			<icon>$INFO[VideoPlayer.offset(9).Cover]</icon>
			<property name="season">$INFO[VideoPlayer.offset(9).Season, עונה ] - $INFO[VideoPlayer.offset(9).Episode, פרק ]</property>
			<onclick>Playlist.PlayOffset(9)</onclick>
			<visible>!String.IsEmpty(VideoPlayer.offset(9).Title)</visible>
		</item>
		<item id="10">
			<label>$INFO[VideoPlayer.offset(10).Title]</label>
			<label2>$INFO[VideoPlayer.offset(10).Artist]</label2>
			<icon>$INFO[VideoPlayer.offset(10).Cover]</icon>
			<property name="season">$INFO[VideoPlayer.offset(10).Season, עונה ] - $INFO[VideoPlayer.offset(10).Episode, פרק ]</property>
			<onclick>Playlist.PlayOffset(10)</onclick>
			<visible>!String.IsEmpty(VideoPlayer.offset(10).Title)</visible>
		</item>
		<item id="11">
			<label>$INFO[VideoPlayer.offset(11).Title]</label>
			<label2>$INFO[VideoPlayer.offset(11).Artist]</label2>
			<icon>$INFO[VideoPlayer.offset(11).Cover]</icon>
			<property name="season">$INFO[VideoPlayer.offset(11).Season, עונה ] - $INFO[VideoPlayer.offset(11).Episode, פרק ]</property>
			<onclick>Playlist.PlayOffset(11)</onclick>
			<visible>!String.IsEmpty(VideoPlayer.offset(11).Title)</visible>
		</item>
		<item id="12">
			<label>$INFO[VideoPlayer.offset(12).Title]</label>
			<label2>$INFO[VideoPlayer.offset(12).Artist]</label2>
			<icon>$INFO[VideoPlayer.offset(12).Cover]</icon>
			<property name="season">$INFO[VideoPlayer.offset(12).Season, עונה ] - $INFO[VideoPlayer.offset(12).Episode, פרק ]</property>
			<onclick>Playlist.PlayOffset(12)</onclick>
			<visible>!String.IsEmpty(VideoPlayer.offset(12).Title)</visible>
		</item>	
		<item id="13">
			<label>$INFO[VideoPlayer.offset(13).Title]</label>
			<label2>$INFO[VideoPlayer.offset(13).Artist]</label2>
			<icon>$INFO[VideoPlayer.offset(13).Cover]</icon>
			<property name="season">$INFO[VideoPlayer.offset(13).Season, עונה ] - $INFO[VideoPlayer.offset(13).Episode, פרק ]</property>
			<onclick>Playlist.PlayOffset(13)</onclick>
			<visible>!String.IsEmpty(VideoPlayer.offset(13).Title)</visible>
		</item>	
		<item id="14">
			<label>$INFO[VideoPlayer.offset(14).Title]</label>
			<label2>$INFO[VideoPlayer.offset(14).Artist]</label2>
			<icon>$INFO[VideoPlayer.offset(14).Cover]</icon>
			<property name="season">$INFO[VideoPlayer.offset(14).Season, עונה ] - $INFO[VideoPlayer.offset(14).Episode, פרק ]</property>
			<onclick>Playlist.PlayOffset(14)</onclick>
			<visible>!String.IsEmpty(VideoPlayer.offset(14).Title)</visible>
		</item>	
		<item id="15">
			<label>$INFO[VideoPlayer.offset(15).Title]</label>
			<label2>$INFO[VideoPlayer.offset(15).Artist]</label2>
			<icon>$INFO[VideoPlayer.offset(15).Cover]</icon>
			<property name="season">$INFO[VideoPlayer.offset(15).Season, עונה ] - $INFO[VideoPlayer.offset(15).Episode, פרק ]</property>
			<onclick>Playlist.PlayOffset(15)</onclick>
			<visible>!String.IsEmpty(VideoPlayer.offset(15).Title)</visible>
		</item>	
		<item id="16">
			<label>$INFO[VideoPlayer.offset(16).Title]</label>
			<label2>$INFO[VideoPlayer.offset(16).Artist]</label2>
			<icon>$INFO[VideoPlayer.offset(16).Cover]</icon>
			<property name="season">$INFO[VideoPlayer.offset(16).Season, עונה ] - $INFO[VideoPlayer.offset(16).Episode, פרק ]</property>
			<onclick>Playlist.PlayOffset(16)</onclick>
			<visible>!String.IsEmpty(VideoPlayer.offset(16).Title)</visible>
		</item>
		<item id="17">
			<label>$INFO[VideoPlayer.offset(17).Title]</label>
			<label2>$INFO[VideoPlayer.offset(17).Artist]</label2>
			<icon>$INFO[VideoPlayer.offset(17).Cover]</icon>
			<property name="season">$INFO[VideoPlayer.offset(17).Season, עונה ] - $INFO[VideoPlayer.offset(17).Episode, פרק ]</property>
			<onclick>Playlist.PlayOffset(17)</onclick>
			<visible>!String.IsEmpty(VideoPlayer.offset(17).Title)</visible>
		</item>	
		<item id="18">
			<label>$INFO[VideoPlayer.offset(18).Title]</label>
			<label2>$INFO[VideoPlayer.offset(18).Artist]</label2>
			<icon>$INFO[VideoPlayer.offset(18).Cover]</icon>
			<property name="season">$INFO[VideoPlayer.offset(18).Season, עונה ] - $INFO[VideoPlayer.offset(18).Episode, פרק ]</property>
			<onclick>Playlist.PlayOffset(18)</onclick>
			<visible>!String.IsEmpty(VideoPlayer.offset(18).Title)</visible>
		</item>	
		<item id="19">
			<label>$INFO[VideoPlayer.offset(19).Title]</label>
			<label2>$INFO[VideoPlayer.offset(19).Artist]</label2>
			<icon>$INFO[VideoPlayer.offset(19).Cover]</icon>
			<property name="season">$INFO[VideoPlayer.offset(19).Season, עונה ] - $INFO[VideoPlayer.offset(19).Episode, פרק ]</property>
			<onclick>Playlist.PlayOffset(19)</onclick>
			<visible>!String.IsEmpty(VideoPlayer.offset(19).Title)</visible>
		</item>		
		<item id="20">
			<label>$INFO[VideoPlayer.offset(20).Title]</label>
			<label2>$INFO[VideoPlayer.offset(20).Artist]</label2>
			<icon>$INFO[VideoPlayer.offset(20).Cover]</icon>
			<property name="season">$INFO[VideoPlayer.offset(20).Season, עונה ] - $INFO[VideoPlayer.offset(20).Episode, פרק ]</property>
			<onclick>Playlist.PlayOffset(20)</onclick>
			<visible>!String.IsEmpty(VideoPlayer.offset(20).Title)</visible>
		</item>
		<item id="21">
			<label>$INFO[VideoPlayer.offset(21).Title]</label>
			<label2>$INFO[VideoPlayer.offset(21).Artist]</label2>
			<icon>$INFO[VideoPlayer.offset(21).Cover]</icon>
			<property name="season">$INFO[VideoPlayer.offset(21).Season, עונה ] - $INFO[VideoPlayer.offset(21).Episode, פרק ]</property>
			<onclick>Playlist.PlayOffset(21)</onclick>
			<visible>!String.IsEmpty(VideoPlayer.offset(21).Title)</visible>
		</item>
		<item id="22">
			<label>$INFO[VideoPlayer.offset(22).Title]</label>
			<label2>$INFO[VideoPlayer.offset(22).Artist]</label2>
			<icon>$INFO[VideoPlayer.offset(22).Cover]</icon>
			<property name="season">$INFO[VideoPlayer.offset(22).Season, עונה ] - $INFO[VideoPlayer.offset(22).Episode, פרק ]</property>
			<onclick>Playlist.PlayOffset(22)</onclick>
			<visible>!String.IsEmpty(VideoPlayer.offset(22).Title)</visible>
		</item>
		<item id="23">
			<label>$INFO[VideoPlayer.offset(23).Title]</label>
			<label2>$INFO[VideoPlayer.offset(23).Artist]</label2>
			<icon>$INFO[VideoPlayer.offset(23).Cover]</icon>
			<property name="season">$INFO[VideoPlayer.offset(23).Season, עונה ] - $INFO[VideoPlayer.offset(23).Episode, פרק ]</property>
			<onclick>Playlist.PlayOffset(23)</onclick>
			<visible>!String.IsEmpty(VideoPlayer.offset(23).Title)</visible>
		</item>
		<item id="24">
			<label>$INFO[VideoPlayer.offset(24).Title]</label>
			<label2>$INFO[VideoPlayer.offset(24).Artist]</label2>
			<icon>$INFO[VideoPlayer.offset(24).Cover]</icon>
			<property name="season">$INFO[VideoPlayer.offset(24).Season, עונה ] - $INFO[VideoPlayer.offset(24).Episode, פרק ]</property>
			<onclick>Playlist.PlayOffset(24)</onclick>
			<visible>!String.IsEmpty(VideoPlayer.offset(24).Title)</visible>
		</item>	
		<item id="25">
			<label>$INFO[VideoPlayer.offset(25).Title]</label>
			<label2>$INFO[VideoPlayer.offset(25).Artist]</label2>
			<icon>$INFO[VideoPlayer.offset(25).Cover]</icon>
			<property name="season">$INFO[VideoPlayer.offset(25).Season, עונה ] - $INFO[VideoPlayer.offset(25).Episode, פרק ]</property>
			<onclick>Playlist.PlayOffset(25)</onclick>
			<visible>!String.IsEmpty(VideoPlayer.offset(25).Title)</visible>
		</item>
		<item id="26">
			<label>$INFO[VideoPlayer.offset(26).Title]</label>
			<label2>$INFO[VideoPlayer.offset(26).Artist]</label2>
			<icon>$INFO[VideoPlayer.offset(26).Cover]</icon>
			<onclick>Playlist.PlayOffset(26)</onclick>
			<visible>!String.IsEmpty(VideoPlayer.offset(26).Title)</visible>
		</item>
		<item id="27">
			<label>$INFO[VideoPlayer.offset(27).Title]</label>
			<label2>$INFO[VideoPlayer.offset(27).Artist]</label2>
			<icon>$INFO[VideoPlayer.offset(27).Cover]</icon>
			<onclick>Playlist.PlayOffset(27)</onclick>
			<visible>!String.IsEmpty(VideoPlayer.offset(27).Title)</visible>
		</item>	
		<item id="28">
			<label>$INFO[VideoPlayer.offset(28).Title]</label>
			<label2>$INFO[VideoPlayer.offset(28).Artist]</label2>
			<icon>$INFO[VideoPlayer.offset(28).Cover]</icon>
			<onclick>Playlist.PlayOffset(28)</onclick>
			<visible>!String.IsEmpty(VideoPlayer.offset(28).Title)</visible>
		</item>
		<item id="29">
			<label>$INFO[VideoPlayer.offset(29).Title]</label>
			<label2>$INFO[VideoPlayer.offset(29).Artist]</label2>
			<icon>$INFO[VideoPlayer.offset(29).Cover]</icon>
			<onclick>Playlist.PlayOffset(29)</onclick>
			<visible>!String.IsEmpty(VideoPlayer.offset(29).Title)</visible>
		</item>
		<item id="30">
			<label>$INFO[VideoPlayer.offset(30).Title]</label>
			<label2>$INFO[VideoPlayer.offset(30).Artist]</label2>
			<icon>$INFO[VideoPlayer.offset(30).Cover]</icon>
			<onclick>Playlist.PlayOffset(30)</onclick>
			<visible>!String.IsEmpty(VideoPlayer.offset(30).Title)</visible>
		</item>
		<item id="31">
			<label>$INFO[VideoPlayer.offset(31).Title]</label>
			<label2>$INFO[VideoPlayer.offset(31).Artist]</label2>
			<icon>$INFO[VideoPlayer.offset(31).Cover]</icon>
			<onclick>Playlist.PlayOffset(31)</onclick>
			<visible>!String.IsEmpty(VideoPlayer.offset(31).Title)</visible>
		</item>
		<item id="32">
			<label>$INFO[VideoPlayer.offset(32).Title]</label>
			<label2>$INFO[VideoPlayer.offset(32).Artist]</label2>
			<icon>$INFO[VideoPlayer.offset(32).Cover]</icon>
			<onclick>Playlist.PlayOffset(32)</onclick>
			<visible>!String.IsEmpty(VideoPlayer.offset(32).Title)</visible>
		</item>
		<item id="33">
			<label>$INFO[VideoPlayer.offset(33).Title]</label>
			<label2>$INFO[VideoPlayer.offset(33).Artist]</label2>
			<icon>$INFO[VideoPlayer.offset(33).Cover]</icon>
			<onclick>Playlist.PlayOffset(33)</onclick>
			<visible>!String.IsEmpty(VideoPlayer.offset(33).Title)</visible>
		</item>
		<item id="34">
			<label>$INFO[VideoPlayer.offset(34).Title]</label>
			<label2>$INFO[VideoPlayer.offset(34).Artist]</label2>
			<icon>$INFO[VideoPlayer.offset(34).Cover]</icon>
			<onclick>Playlist.PlayOffset(34)</onclick>
			<visible>!String.IsEmpty(VideoPlayer.offset(34).Title)</visible>
		</item>
		<item id="35">
			<label>$INFO[VideoPlayer.offset(35).Title]</label>
			<label2>$INFO[VideoPlayer.offset(35).Artist]</label2>
			<icon>$INFO[VideoPlayer.offset(35).Cover]</icon>
			<onclick>Playlist.PlayOffset(35)</onclick>
			<visible>!String.IsEmpty(VideoPlayer.offset(35).Title)</visible>
		</item>
		<item id="36">
			<label>$INFO[VideoPlayer.offset(36).Title]</label>
			<label2>$INFO[VideoPlayer.offset(36).Artist]</label2>
			<icon>$INFO[VideoPlayer.offset(36).Cover]</icon>
			<onclick>Playlist.PlayOffset(36)</onclick>
			<visible>!String.IsEmpty(VideoPlayer.offset(36).Title)</visible>
		</item>	
		<item id="37">
			<label>$INFO[VideoPlayer.offset(37).Title]</label>
			<label2>$INFO[VideoPlayer.offset(37).Artist]</label2>
			<icon>$INFO[VideoPlayer.offset(37).Cover]</icon>
			<onclick>Playlist.PlayOffset(37)</onclick>
			<visible>!String.IsEmpty(VideoPlayer.offset(37).Title)</visible>
		</item>
		<item id="38">
			<label>$INFO[VideoPlayer.offset(38).Title]</label>
			<label2>$INFO[VideoPlayer.offset(38).Artist]</label2>
			<icon>$INFO[VideoPlayer.offset(38).Cover]</icon>
			<onclick>Playlist.PlayOffset(38)</onclick>
			<visible>!String.IsEmpty(VideoPlayer.offset(38).Title)</visible>
		</item>
		<item id="39">
			<label>$INFO[VideoPlayer.offset(39).Title]</label>
			<label2>$INFO[VideoPlayer.offset(39).Artist]</label2>
			<icon>$INFO[VideoPlayer.offset(39).Cover]</icon>
			<onclick>Playlist.PlayOffset(39)</onclick>
			<visible>!String.IsEmpty(VideoPlayer.offset(39).Title)</visible>
		</item>
		<item id="40">
			<label>$INFO[VideoPlayer.offset(40).Title]</label>
			<label2>$INFO[VideoPlayer.offset(40).Artist]</label2>
			<icon>$INFO[VideoPlayer.offset(40).Cover]</icon>
			<onclick>Playlist.PlayOffset(40)</onclick>
			<visible>!String.IsEmpty(VideoPlayer.offset(40).Title)</visible>
		</item>
		</content>
		</control>
		</control>
		
	</controls>
</window>
