<?xml version="1.0" encoding="UTF-8"?>
<window type="SearchResults" id="1198">
	<defaultcontrol always="true">27001</defaultcontrol>

	<backgroundcolor>background</backgroundcolor>
	<controls>
		<control type="button" id="20000">
			<include>HiddenObject</include>
			<animation effect="fade" time="300" start="100" end="0">Focus</animation>
			<onfocus>SetFocus(2000)</onfocus>
			<onclick>noop</onclick>
			<visible allowhiddenfocus="true">Control.HasFocus(20000)</visible>
		</control>
		<control type="button" id="20001">
			<include>HiddenObject</include>
			<animation effect="fade" time="300" start="100" end="0">Focus</animation>
			<onfocus>SetFocus(2000)</onfocus>
			<onclick>noop</onclick>
			<visible allowhiddenfocus="true">Control.HasFocus(20001)</visible>
		</control>
			<control type="group">
			<include content="DefaultBackground">
			<param name="width" value="550"/>
			<param name="visible" value="true"/>
			</include>
			<include content="TopBar">
				<param name="breadcrumbs_label" value="true" />
				<param name="visible" value="false"/>
			</include>
			<include content="BottomBar">
				<param name="info_visible" value="true" />
			</include>
			<include content="ContentPanel">
				<param name="left" value="980" />
				<param name="width" value="970" />
				<param name="top" value="-20" />
				<param name="flipx" value="true" />
			</include>
			<include content="ContentPanel">
				<param name="left" value="-50" />
				<param name="width" value="1470" />
				<param name="top" value="-20" />
				<param name="flipy" value="true" />
			</include>
		</control>	
		<control type="group">
			<animation effect="fade" start="100" end="0" time="200" tween="sine" condition="$EXP[infodialog_active]">Conditional</animation>
			<!-- WIDGETS GROUP -->
			<control type="group" id="2000">
				<left>462</left>
				<animation type="Conditional" condition="Control.IsVisible(20000)" reversible="false">
					<effect type="slide" end="0,20" time="60" tween="sine" />
					<effect type="slide" end="0,-20" time="180" tween="sine" delay="80" />
				</animation>
				<animation type="Conditional" condition="Control.IsVisible(20001)" reversible="false">
					<effect type="slide" end="0,-20" time="60" tween="sine" />
					<effect type="slide" end="0,20" time="180" tween="sine" delay="80" />
				</animation>
				<include>OpenClose_Right</include>
				<!-- SEARCH RESULTS -->
				<control type="group" id="27000">
				<top>-20</top>
					<include content="Visible_Right_Delayed">
						<param name="id" value="movies"/>
					</include>
					<control type="grouplist" id="27001">
					<visible allowhiddenfocus="true">!String.IsEmpty(Skin.String(SearchInput)) + String.IsEmpty(Skin.String(DatabaseStatus))</visible>
						<include>WidgetGroupListCommon</include>
						<pagecontrol>27099</pagecontrol>
			<include content="WidgetListLandscape" condition="!Skin.HasSetting(HideMovieResults)">
              <param name="content_path" value="plugin://plugin.video.themoviedb.helper/?info=trakt_userlist&list_name=%d7%a1%d7%a8%d7%98%d7%99%d7%9d%20%d7%97%d7%93%d7%a9%d7%99%d7%9d&list_slug=24248034&owner=true&plugin_category=%d7%a1%d7%a8%d7%98%d7%99%d7%9d%20%d7%97%d7%93%d7%a9%d7%99%d7%9d&user_slug=moshep155"/>
              <!-- <param name="widget_header" value="Movies"/> -->
              <param name="widget_header" value="סרטים חדשים"/>
              <param name="widget_target" value="videos"/>
              <param name="list_id" value="27011"/>
            </include>
            <include content="WidgetListLandscape" condition="!Skin.HasSetting(HideTVShowResults)">
              <param name="content_path" value="plugin://plugin.video.themoviedb.helper/?info=trakt_userlist&list_name=%d7%a1%d7%a8%d7%98%d7%99%d7%9d%20%d7%9c%d7%99%d7%9c%d7%93%d7%99%d7%9d&list_slug=21189117&owner=true&plugin_category=%d7%a1%d7%a8%d7%98%d7%99%d7%9d%20%d7%9c%d7%99%d7%9c%d7%93%d7%99%d7%9d&user_slug=moshep155"/>
               <!-- <param name="widget_header" value="TV Shows"/> -->
              <param name="widget_header" value="סרטים לילדים"/>
              <param name="widget_target" value="videos"/>
              <param name="list_id" value="27012"/>
            </include>
            <include content="WidgetListLandscape" condition="!Skin.HasSetting(HideCollectionsResults)">
              <param name="content_path" value="plugin://plugin.video.themoviedb.helper/?info=trakt_userlist&list_name=%d7%93%d7%a8%d7%9e%d7%94&list_slug=24248029&owner=true&plugin_category=%d7%93%d7%a8%d7%9e%d7%94&user_slug=moshep155"/>
              <!-- <param name="widget_header" value="Collections"/> -->
              <param name="widget_header" value="דרמה"/>
              <param name="widget_target" value="videos"/>
              <param name="list_id" value="27013"/>
            </include>
            <include content="WidgetListLandscape" condition="!Skin.HasSetting(HidePeopleResults)">
              <param name="content_path" value="plugin://plugin.video.themoviedb.helper/?info=trakt_userlist&list_name=%d7%94%d7%99%d7%a1%d7%98%d7%95%d7%a8%d7%99%d7%94&list_slug=24248030&owner=true&plugin_category=%d7%94%d7%99%d7%a1%d7%98%d7%95%d7%a8%d7%99%d7%94&user_slug=moshep155"/>
              <!-- <param name="widget_header" value="Actors/Actresses"/> -->
              <param name="widget_header" value="היסטוריה"/>
              <param name="widget_target" value="videos"/>
              <param name="list_id" value="27014"/>
            </include>
            <include content="WidgetListLandscape" condition="!Skin.HasSetting(HideMovieKeywordResults)">
			  <param name="content_path" value="plugin://plugin.video.themoviedb.helper/?info=trakt_userlist&list_name=%d7%90%d7%a7%d7%a9%d7%9f%2f%d7%9e%d7%9c%d7%97%d7%9e%d7%94&list_slug=24248032&owner=true&plugin_category=%d7%90%d7%a7%d7%a9%d7%9f%2f%d7%9e%d7%9c%d7%97%d7%9e%d7%94&user_slug=moshep155"/>
              <!-- <param name="widget_header" value="IMDb Keywords (Movies)"/> -->
              <param name="widget_header" value="אקשן / מלחמה"/>
              <param name="widget_target" value="videos"/>
              <param name="list_id" value="27015"/>
            </include>
            <include content="WidgetListLandscape" condition="!Skin.HasSetting(HideTVShowKeywordResults)">
			  <param name="content_path" value="plugin://plugin.video.themoviedb.helper/?info=trakt_userlist&list_name=%d7%a4%d7%a0%d7%98%d7%96%d7%99%d7%94%2f%d7%9e%d7%93%d7%a2%20%d7%91%d7%93%d7%99%d7%95%d7%a0%d7%99&list_slug=24248036&owner=true&plugin_category=%d7%a4%d7%a0%d7%98%d7%96%d7%99%d7%94%2f%d7%9e%d7%93%d7%a2%20%d7%91%d7%93%d7%99%d7%95%d7%a0%d7%99&user_slug=moshep155"/>
              <!-- <param name="widget_header" value="IMDb Keywords (TV Shows)"/> -->
              <param name="widget_header" value="פנטזיה / מדע בדיוני"/>
              <param name="widget_target" value="videos"/>
              <param name="list_id" value="27016"/>
            </include>
			<include content="WidgetListLandscape" condition="!Skin.HasSetting(HideMovieResults)">
              <param name="content_path" value="plugin://plugin.video.themoviedb.helper/?info=trakt_userlist&list_name=%d7%9e%d7%95%d7%aa%d7%97%d7%9f&list_slug=25951698&owner=true&plugin_category=%d7%9e%d7%95%d7%aa%d7%97%d7%9f&user_slug=moshep155"/>
              <!-- <param name="widget_header" value="Movies"/> -->
              <param name="widget_header" value="מותחן"/>
              <param name="widget_target" value="videos"/>
              <param name="list_id" value="27117"/>
            </include>
			<include content="WidgetListLandscape" condition="!Skin.HasSetting(HideMovieResults)">
              <param name="content_path" value="plugin://plugin.video.themoviedb.helper/?info=trakt_userlist&list_name=%d7%a8%d7%95%d7%9e%d7%a0%d7%98%d7%99&list_slug=24248025&owner=true&plugin_category=%d7%a8%d7%95%d7%9e%d7%a0%d7%98%d7%99&user_slug=moshep155"/>
              <!-- <param name="widget_header" value="Movies"/> -->
              <param name="widget_header" value="רומנטי"/>
              <param name="widget_target" value="videos"/>
              <param name="list_id" value="27118"/>
            </include>
			<include content="WidgetListLandscape" condition="!Skin.HasSetting(HideMovieResults)">
              <param name="content_path" value="plugin://plugin.video.themoviedb.helper/?info=trakt_userlist&list_name=%d7%a7%d7%95%d7%9e%d7%93%d7%99%d7%94%2f%d7%9e%d7%a9%d7%a4%d7%97%d7%94%2f%d7%94%d7%a8%d7%a4%d7%aa%d7%a7%d7%90%d7%95%d7%aa&list_slug=24248028&owner=true&plugin_category=%d7%a7%d7%95%d7%9e%d7%93%d7%99%d7%94%2f%d7%9e%d7%a9%d7%a4%d7%97%d7%94%2f%d7%94%d7%a8%d7%a4%d7%aa%d7%a7%d7%90%d7%95%d7%aa&user_slug=moshep155"/>
              <!-- <param name="widget_header" value="Movies"/> -->
              <param name="widget_header" value="קומדיה / משפחה / הרפתקאות"/>
              <param name="widget_target" value="videos"/>
              <param name="list_id" value="27119"/>
            </include>
			<include content="WidgetListLandscape" condition="!Skin.HasSetting(HideMovieResults)">
              <param name="content_path" value="plugin://plugin.video.themoviedb.helper/?info=trakt_userlist&list_name=%d7%a1%d7%a8%d7%98%d7%99%d7%9d%20%d7%93%d7%95%d7%a7%d7%95%d7%9e%d7%a0%d7%98%d7%a8%d7%99%d7%9d&list_slug=24248033&owner=true&plugin_category=%d7%a1%d7%a8%d7%98%d7%99%d7%9d%20%d7%93%d7%95%d7%a7%d7%95%d7%9e%d7%a0%d7%98%d7%a8%d7%99%d7%9d&user_slug=moshep155"/>
              <!-- <param name="widget_header" value="Movies"/> -->
              <param name="widget_header" value="סרטים דוקומנטרים"/>
              <param name="widget_target" value="videos"/>
              <param name="list_id" value="27120"/>
            </include>
			<include content="WidgetListLandscape" condition="!Skin.HasSetting(HideMovieResults)">
              <param name="content_path" value="plugin://plugin.video.themoviedb.helper/?info=discover&primary_release_date.lte=2024&tmdb_id=None&tmdb_type=movie&with_id=True&with_original_language=he"/>
              <param name="widget_header" value="סרטים ישראלים"/>
              <param name="widget_target" value="videos"/>
              <param name="list_id" value="27121"/>
            </include>
			<include content="WidgetListLandscape" condition="!Skin.HasSetting(HideMovieResults)">
              <param name="content_path" value="plugin://plugin.video.themoviedb.helper/?info=discover&tmdb_type=movie&watch_region=IL&with_id=True&with_watch_providers=8"/>
              <param name="widget_header" value="נטפליקס"/>
              <param name="widget_header" value="Amazon Freevee"/>
              <param name="widget_target" value="videos"/>
              <param name="list_id" value="27122"/>
            </include>
			<include content="WidgetListLandscape" condition="!Skin.HasSetting(HideMovieResults)">
              <param name="content_path" value="plugin://plugin.video.themoviedb.helper/?info=discover&tmdb_type=movie&watch_region=IL&with_id=True&with_watch_providers=119"/>
              <!-- <param name="widget_header" value="Movies"/> -->
              <param name="widget_header" value="אמזון פריים"/>
              <param name="widget_target" value="videos"/>
              <param name="list_id" value="27123"/>
            </include>
					</control>
					<include content="WidgetScrollbar" condition="Skin.HasSetting(touchmode)">
						<param name="scrollbar_id" value="27099"/>
					</include>
				</control>
			</control>
		</control>
		
			<control type="group">
				<depth>DepthContentPanel</depth>
				<include>OpenClose_Left</include>
				<animation effect="slide" time="300" start="-492,0" end="0,0" tween="sine" easing="inout">VisibleChange</animation>
				<width>550</width>
				<top>85</top>
				<visible allowhiddenfocus="true">[String.IsEqual(ListItem.DBtype,movie) | String.IsEqual(ListItem.DBtype,tvshow) | String.IsEqual(ListItem.DBtype,season) | String.IsEqual(ListItem.DBtype,episode)]</visible>
				<control type="grouplist">
					<width max="450">450</width>
					<itemgap>35</itemgap>
					<control type="textbox">
						<height max="auto">auto</height>
						<align>right</align>
						<font>font45_title</font>
						<label>$INFO[ListItem.Label]</label>
					</control>
				<control type="grouplist">
					<itemgap>35</itemgap>
					<control type="textbox">
						<height max="auto">auto</height>
						<align>right</align>
						<font>font25_title</font>
						<label>$VAR[InfoGeneralPanel]</label>
					</control>
				<control type="grouplist">
					<itemgap>35</itemgap>
					<visible>!String.IsEmpty(ListItem.TagLine)</visible>
					<control type="textbox">
						<height max="auto">auto</height>
						<align>right</align>
						<font>font25_title</font>
						<label>[COLOR button_focus]סלוגן:[/COLOR] $INFO[ListItem.TagLine]</label>
					</control>
				<control type="grouplist">
					<control type="textbox">
						<height max="495">auto</height>
						<align>right</align>
						<font>font36_title</font>
						<bottom>25</bottom>
						<label>$INFO[ListItem.Plot]</label>
						<autoscroll fade="4000" time="4000" reat="4000">System.IdleTime(1)</autoscroll>
					</control>
			</control>
			</control>
			</control>
			</control>
			</control>
			

	</controls>
</window>
