<?xml version="1.0" encoding="utf-8"?>
<window type="dialog" id="1205">
	<defaultcontrol always="true">11601</defaultcontrol>
	<animation type="WindowOpen">
	<effect type="slide" start="0,20" end="0,0" time="250" tween="sine" easing="inout"/>
	<effect type="fade" start="0" end="100" time="250"/>
	</animation>
	<animation type="WindowClose">
	<effect type="slide" start="0,0" end="0,20" time="250" tween="sine" easing="inout"/>
	<effect type="fade" start="100" end="0" time="250"/>
	</animation>
	<onload>ClearProperty(osd_icon_viewer)</onload>
	<onload>ClearProperty(osd_episode_viewer)</onload>
	<onload>ClearProperty(osd_tvshowtitle_viewer)</onload>
	<onload>ClearProperty(osd_osdtimelivetv_viewer)</onload>
	<onload>ClearProperty(osd_title_viewer)</onload>
	<onload>ClearProperty(osd_plot_viewer)</onload>
	<controls>
	
	<control type="group">
	<width>1000</width>
	<height>400</height>
	<centerleft>50%</centerleft>
	<centertop>35%</centertop>
	<control type="group">
	<control type="image">
	<animation condition="true" effect="fade" start="100" end="95" time="0">Conditional</animation>
		<top>10</top>
		<left>10</left>
		<right>10</right>
		<bottom>10</bottom>
		<texture border="3" colordiffuse="FF181818" background="true" infill="true">common/box.png</texture>
	</control>
	<control type="image">
		<top>10</top>
		<left>10</left>
		<right>10</right>
		<bottom>10</bottom>
		<texture border="8" colordiffuse="gray" background="true" infill="true">common/box21.png</texture>
	</control>
	</control>
	<control type="image">
		<top>5%</top>
		<left>1%</left>
		<width>350</width>
		<height>350</height>
		<bordertexture colordiffuse="black" border="24" infill="true" background="true">shadows/shadow-24.png</bordertexture>
		<bordersize>24</bordersize>
		<texture>$INFO[Window(home).Property(osdtexticonperson)]</texture>
	</control>
	<control type="textbox">
		<autoscroll fade="5000" time="5000" repeat="5000">true</autoscroll>
		<width>500</width>
		<height>250</height>
		<left>46%</left>
		<top>75</top>
		<bottom>10</bottom>
		<align>left</align>
		<aligny>center</aligny>
		<label>$INFO[Window(home).Property(osdtextviewerperson)]</label>
	</control>
	</control>
	
	<control type="button" id="11601">
	<!-- fake button -->
	<width>1</width>
	<height>1</height>
	<label></label>
	<onright>Dialog.Close(1205)</onright>
	<onleft>Dialog.Close(1205)</onleft>
	<ondown>Dialog.Close(1205)</ondown>
	<onup>Dialog.Close(1205)</onup>
	<onback>Dialog.Close(1205)</onback>
	</control>
	
	</controls>
</window>
