<?xml version="1.0" encoding="UTF-8"?>
<!-- Foundation -->
<window id="1181" type="extrasettings">
    <defaultcontrol always="true">9000</defaultcontrol>
    <onload>ClearProperty(quicknavsetup,home)</onload>
	<onunload>ClearProperty(quicknavsetup,home)</onunload>	
    <controls>
		<control type="videowindow">
		</control>
		<control type="image">
			<animation condition="true" effect="fade" end="92" time="0">Conditional</animation>
			<texture colordiffuse="FF181818">colors/white.png</texture>
		</control>
		<include>DefaultBackground</include>
		<control type="group">
		<height>800</height>
		<top>200</top>
		<left>20</left>
		<centertop>50%</centertop>
		<centerleft>50%</centerleft>
		<control type="group">
		<include>OpenClose_FadeSlide_Onup</include>
		<control type="label">
		<top>-100</top>
		<label>הגדרות מעטפת</label>
		<font>font40_title</font>
		</control>
		<control type="label">
		<animation effect="fade" start="0" end="100" time="350" delay="150">Visible</animation>
		<centerleft>70%</centerleft>
		<visible>String.IsEqual(Container(9000).ListItem.Property(id),homesettings)</visible>
		<top>-100</top>
		<label>הגדרות כלליות</label>
		<font>font40_title</font>
		</control>
		<control type="label">
		<animation effect="fade" start="0" end="100" time="350" delay="150">Visible</animation>
		<centerleft>70%</centerleft>
		<visible>String.IsEqual(Container(9000).ListItem.Property(id),generalsettings)</visible>
		<top>-100</top>
		<label>הגדרות עידן פלוס</label>
		<font>font40_title</font>
		</control>
		<control type="label">
		<animation effect="fade" start="0" end="100" time="350" delay="150">Visible</animation>
		<centerleft>70%</centerleft>
		<visible>String.IsEqual(Container(9000).ListItem.Property(id),realdebrid)</visible>
		<top>-100</top>
		<label>הגדרות ריל דבריד</label>
		<font>font40_title</font>
		</control>
		<control type="label">
		<animation effect="fade" start="0" end="100" time="350" delay="150">Visible</animation>
		<centerleft>70%</centerleft>
		<visible>String.IsEqual(Container(9000).ListItem.Property(id),addonsettings)</visible>
		<top>-100</top>
		<label>הגדרת הרחבות</label>
		<font>font40_title</font>
		</control>
		<control type="label">
		<animation effect="fade" start="0" end="100" time="350" delay="150">Visible</animation>
		<centerleft>70%</centerleft>
		<visible>String.IsEqual(Container(9000).ListItem.Property(id),addonsinstall)</visible>
		<top>-100</top>
		<label>התקנת הרחבות</label>
		<font>font40_title</font>
		</control>
		<control type="label">
		<animation effect="fade" start="0" end="100" time="350" delay="150">Visible</animation>
		<centerleft>70%</centerleft>
		<visible>String.IsEqual(Container(9000).ListItem.Property(id),playersettings)</visible>
		<top>-100</top>
		<label>הגדרות נגן</label>
		<font>font40_title</font>
		</control>	
		<control type="label">
		<animation effect="fade" start="0" end="100" time="350" delay="150">Visible</animation>
		<centerleft>70%</centerleft>
		<visible>String.IsEqual(Container(9000).ListItem.Property(id),revokerealdebrid)</visible>
		<top>-100</top>
		<label>בטל ריל דבריד בהרחבות</label>
		<font>font40_title</font>
		</control>
		<control type="label">
		<animation effect="fade" start="0" end="100" time="350" delay="150">Visible</animation>
		<centerleft>70%</centerleft>
		<visible>String.IsEqual(Container(9000).ListItem.Property(id),buildupdate)</visible>
		<top>-100</top>
		<label>התקנה ועדכון</label>
		<font>font40_title</font>
		</control>
			<control type="label">
		<animation effect="fade" start="0" end="100" time="350" delay="150">Visible</animation>
		<centerleft>70%</centerleft>
		<visible>String.IsEqual(Container(9000).ListItem.Property(id),mainmenucolorsettings)</visible>
		<top>-100</top>
		<label>הגדרות צבע תפריט ראשי</label>
		<font>font40_title</font>
		</control>
		<control type="label">
		<animation effect="fade" start="0" end="100" time="350" delay="150">Visible</animation>
		<centerleft>70%</centerleft>
		<visible>String.IsEqual(Container(9000).ListItem.Property(id),globalcolormenusettings)</visible>
		<top>-100</top>
		<label>הגדרות צבע תפריטים כללי</label>
		<font>font40_title</font>
		</control>
		<control type="label">
		<animation effect="fade" start="0" end="100" time="350" delay="150">Visible</animation>
		<centerleft>70%</centerleft>
		<visible>String.IsEqual(Container(9000).ListItem.Property(id),globalcolorsettings)</visible>
		<top>-100</top>
		<label>הגדרות רקע</label>
		<font>font40_title</font>
		</control>	
		<control type="label">
		<animation effect="fade" start="0" end="100" time="350" delay="150">Visible</animation>
		<centerleft>70%</centerleft>
		<visible>String.IsEqual(Container(9000).ListItem.Property(id),homescreensettings)</visible>
		<top>-100</top>
		<label>הגדרות במסך הבית</label>
		<font>font40_title</font>
		</control>
		</control>
		<control type="list" id="9000">
			<include>OpenClose_FadeSlide_Left</include>
			<orientation>vertical</orientation>
			<scrolltime tween="cubic">550</scrolltime>
			<onright>SetFocus($INFO[Container(9000).ListItem.Property(item)])</onright>
			<itemlayout height="75" width="500">
			<control type="group">
			<height>70</height>
			<control type="label">
				<left>5</left>
				<align>left</align>
				<aligny>center</aligny>
				<label>$INFO[ListItem.Label]</label>
			</control>
			</control>
			</itemlayout>
			<focusedlayout height="75" width="500">
			<control type="group">
			<height>70</height>
			<control type="image">
				<visible>Control.HasFocus(9000)</visible>
				<texture colordiffuse="25FFFFFF">colors/white.png</texture>
			</control>
			<control type="label">
				<left>5</left>
				<align>left</align>
				<aligny>center</aligny>
				<label>$INFO[ListItem.Label]</label>
			</control>
			</control>
			</focusedlayout>
			<content>
			<item id="1">
				<label>הגדרות רקע</label>
				<property name="item">$NUMBER[10]</property>
				<property name="id">globalcolorsettings</property>
				<onclick>Control.SetFocus(10)</onclick>
			</item>
			<item id="1">
				<label>הגדרות כלליות</label>
				<property name="item">$NUMBER[11]</property>
				<property name="id">homesettings</property>
				<onclick>Control.SetFocus(11)</onclick>
			</item>
			<item id="2">
				<label>הגדרות עידן פלוס</label>
				<property name="item">$NUMBER[12]</property>
				<property name="id">generalsettings</property>
				<onclick>Control.SetFocus(12)</onclick>
			</item>
			<item id="3">
				<label>הגדרות ריל דבריד</label>
				<property name="item">$NUMBER[13]</property>
				<property name="id">realdebrid</property>
				<onclick>Control.SetFocus(13)</onclick>
			</item>
			<item id="3">
				<label>בטל ריל דבריד בהרחבות</label>
				<property name="item">$NUMBER[18]</property>
				<property name="id">revokerealdebrid</property>
				<onclick>Control.SetFocus(18)</onclick>
			</item>
			<item id="4">
				<label>הגדרות הרחבות</label>
				<property name="item">$NUMBER[14]</property>
				<property name="id">addonsettings</property>
				<onclick>Control.SetFocus(14)</onclick>
			</item>
			<item id="4">
				<label>התקנת הרחבות</label>
				<property name="item">$NUMBER[15]</property>
				<property name="id">addonsinstall</property>
				<onclick>Control.SetFocus(15)</onclick>
			</item>
			<item id="4">
				<label>הגדרות נגן</label>
				<property name="item">$NUMBER[16]</property>
				<property name="id">playersettings</property>
				<onclick>Control.SetFocus(16)</onclick>
			</item>	
			<item id="4">
				<label>התקנה ועדכון הבילד</label>
				<property name="item">$NUMBER[17]</property>
				<property name="id">buildupdate</property>
				<onclick>Control.SetFocus(17)</onclick>
			</item>
			<item id="4">
				<label>הגדרות צבע תפריט ראשי</label>
				<property name="item">$NUMBER[19]</property>
				<property name="id">mainmenucolorsettings</property>
				<onclick>Control.SetFocus(19)</onclick>
			</item>	
			<item id="4">
				<label>הגדרות צבע חלון מידע</label>
				<property name="item">$NUMBER[20]</property>
				<property name="id">infodetails</property>
				<onclick>Control.SetFocus(20)</onclick>
			</item>	
			</content>
		</control>
	
			<control type="group">
			<include>OpenClose_FadeSlide_Right</include>
			<control type="grouplist" id="10">
			<visible>String.IsEqual(Container(9000).ListItem.Property(id),globalcolorsettings)</visible>
			<centerleft>70%</centerleft>
			<itemgap>5</itemgap>
			<onleft>9000</onleft>
			<onback>9000</onback>
			<height max="850">850</height>
			<scrolltime tween="cubic">550</scrolltime>
			<control type="radiobutton" id="511">
				<label>הגדר רקע</label>
				<include>DefineWideGlobalButton</include>
				<onclick>Skin.ToggleSetting(homeimagebackground)</onclick>
				<selected>Skin.HasSetting(homeimagebackground)</selected>
			</control>
			<control type="colorbutton" id="512">
				<label>צבע רקע</label>
				<colorbox>$INFO[Skin.String(SetBackgroundColor)]</colorbox>
				<onclick>Skin.SetColor(SetBackgroundColor,color)</onclick>
				<include>DefineWideGlobalButton</include>
				<enable>Skin.HasSetting(disablebackgorundcolor)</enable>
			</control>
			<control type="radiobutton" id="513">
				<label>הפעל/בטל צבע רקע</label>
				<label2>$INFO[Skin.String(disablebackgorundcolor)]</label2>
				<include>DefineWideGlobalButton</include>
				<onclick>Skin.ToggleSetting(disablebackgorundcolor)</onclick>
				<selected>Skin.HasSetting(disablebackgorundcolor)</selected>
			</control>
			<control type="button" id="5454">
				<label>הגדר עוצמת רקע</label>
				<label2>$INFO[Skin.String(BackgroundFade)]</label2>
				<include>DefineWideGlobalButton</include>
				<onclick condition="String.IsEmpty(Skin.String(BackgroundFade,10)">Skin.SetString(BackgroundFade,10)</onclick>
				<onclick condition="Skin.String(BackgroundFade,10)">Skin.SetString(BackgroundFade,20)</onclick>
				<onclick condition="Skin.String(BackgroundFade,20)">Skin.SetString(BackgroundFade,30)</onclick>
				<onclick condition="Skin.String(BackgroundFade,30)">Skin.SetString(BackgroundFade,40)</onclick>
				<onclick condition="Skin.String(BackgroundFade,40)">Skin.SetString(BackgroundFade,50)</onclick>
				<onclick condition="Skin.String(BackgroundFade,50)">Skin.SetString(BackgroundFade,60)</onclick>
				<onclick condition="Skin.String(BackgroundFade,60)">Skin.SetString(BackgroundFade,70)</onclick>
				<onclick condition="Skin.String(BackgroundFade,70)">Skin.SetString(BackgroundFade,80)</onclick>
				<onclick condition="Skin.String(BackgroundFade,80)">Skin.SetString(BackgroundFade,90)</onclick>
				<onclick condition="Skin.String(BackgroundFade,90)">Skin.SetString(BackgroundFade,95)</onclick>
				<onclick condition="Skin.String(BackgroundFade,95)">Skin.SetString(BackgroundFade,10)</onclick>
			</control>
			<control type="button" id="4">
				<label>הגדר עוצמת פנארט</label>
				<label2>$INFO[Skin.String(BackgroundFanart)]</label2>
				<include>DefineWideGlobalButton</include>
				<onclick condition="String.IsEmpty(Skin.String(BackgroundFanart,2)">Skin.SetString(BackgroundFanart,2)</onclick>
				<onclick condition="Skin.String(BackgroundFanart,2)">Skin.SetString(BackgroundFanart,3)</onclick>
				<onclick condition="Skin.String(BackgroundFanart,3)">Skin.SetString(BackgroundFanart,4)</onclick>
				<onclick condition="Skin.String(BackgroundFanart,4)">Skin.SetString(BackgroundFanart,5)</onclick>
				<onclick condition="Skin.String(BackgroundFanart,5)">Skin.SetString(BackgroundFanart,10)</onclick>
				<onclick condition="Skin.String(BackgroundFanart,10)">Skin.SetString(BackgroundFanart,15)</onclick>
				<onclick condition="Skin.String(BackgroundFanart,15)">Skin.SetString(BackgroundFanart,20)</onclick>
				<onclick condition="Skin.String(BackgroundFanart,20)">Skin.SetString(BackgroundFanart,25)</onclick>
				<onclick condition="Skin.String(BackgroundFanart,25)">Skin.SetString(BackgroundFanart,30)</onclick>
				<onclick condition="Skin.String(BackgroundFanart,30)">Skin.SetString(BackgroundFanart,35)</onclick>
				<onclick condition="Skin.String(BackgroundFanart,35)">Skin.SetString(BackgroundFanart,40)</onclick>
				<onclick condition="Skin.String(BackgroundFanart,40)">Skin.SetString(BackgroundFanart,45)</onclick>
				<onclick condition="Skin.String(BackgroundFanart,45)">Skin.SetString(BackgroundFanart,50)</onclick>
				<onclick condition="Skin.String(BackgroundFanart,50)">Skin.SetString(BackgroundFanart,55)</onclick>
				<onclick condition="Skin.String(BackgroundFanart,55)">Skin.SetString(BackgroundFanart,60)</onclick>
				<onclick condition="Skin.String(BackgroundFanart,60)">Skin.SetString(BackgroundFanart,65)</onclick>
				<onclick condition="Skin.String(BackgroundFanart,65)">Skin.SetString(BackgroundFanart,70)</onclick>
				<onclick condition="Skin.String(BackgroundFanart,70)">Skin.SetString(BackgroundFanart,75)</onclick>
				<onclick condition="Skin.String(BackgroundFanart,75)">Skin.SetString(BackgroundFanart,80)</onclick>
				<onclick condition="Skin.String(BackgroundFanart,80)">Skin.SetString(BackgroundFanart,85)</onclick>
				<onclick condition="Skin.String(BackgroundFanart,85)">Skin.SetString(BackgroundFanart,90)</onclick>
				<onclick condition="Skin.String(BackgroundFanart,90)">Skin.SetString(BackgroundFanart,95)</onclick>
				<onclick condition="Skin.String(BackgroundFanart,95)">Skin.SetString(BackgroundFanart,2)</onclick>
				<enable>Skin.HasSetting(disablefanartview)</enable>
			</control>
			<control type="button" id="514">
				<label>הגדר קהות רקע</label>
				<label2>$INFO[Skin.String(BackgroundDarker)]</label2>
				<include>DefineWideGlobalButton</include>
				<onclick condition="String.IsEmpty(Skin.String(BackgroundDarker,5)">Skin.SetString(BackgroundDarker,5)</onclick>
				<onclick condition="Skin.String(BackgroundDarker,5)">Skin.SetString(BackgroundDarker,10)</onclick>
				<onclick condition="Skin.String(BackgroundDarker,10)">Skin.SetString(BackgroundDarker,15)</onclick>
				<onclick condition="Skin.String(BackgroundDarker,15)">Skin.SetString(BackgroundDarker,20)</onclick>
				<onclick condition="Skin.String(BackgroundDarker,20)">Skin.SetString(BackgroundDarker,25)</onclick>
				<onclick condition="Skin.String(BackgroundDarker,25)">Skin.SetString(BackgroundDarker,30)</onclick>
				<onclick condition="Skin.String(BackgroundDarker,30)">Skin.SetString(BackgroundDarker,35)</onclick>
				<onclick condition="Skin.String(BackgroundDarker,35)">Skin.SetString(BackgroundDarker,40)</onclick>
				<onclick condition="Skin.String(BackgroundDarker,40)">Skin.SetString(BackgroundDarker,45)</onclick>
				<onclick condition="Skin.String(BackgroundDarker,45)">Skin.SetString(BackgroundDarker,50)</onclick>
				<onclick condition="Skin.String(BackgroundDarker,50)">Skin.SetString(BackgroundDarker,55)</onclick>
				<onclick condition="Skin.String(BackgroundDarker,55)">Skin.SetString(BackgroundDarker,60)</onclick>
				<onclick condition="Skin.String(BackgroundDarker,60)">Skin.SetString(BackgroundDarker,65)</onclick>
				<onclick condition="Skin.String(BackgroundDarker,65)">Skin.SetString(BackgroundDarker,70)</onclick>
				<onclick condition="Skin.String(BackgroundDarker,70)">Skin.SetString(BackgroundDarker,75)</onclick>
				<onclick condition="Skin.String(BackgroundDarker,75)">Skin.SetString(BackgroundDarker,80)</onclick>
				<onclick condition="Skin.String(BackgroundDarker,80)">Skin.SetString(BackgroundDarker,85)</onclick>
				<onclick condition="Skin.String(BackgroundDarker,85)">Skin.SetString(BackgroundDarker,90)</onclick>
				<onclick condition="Skin.String(BackgroundDarker,90)">Skin.SetString(BackgroundDarker,95)</onclick>
				<onclick condition="Skin.String(BackgroundDarker,95)">Skin.SetString(BackgroundDarker,5)</onclick>
			</control>
			<control type="radiobutton" id="515">
				<label>קהות רקע צדדי</label>
				<label2>$INFO[Skin.String(disablesidesfades)]</label2>
				<include>DefineWideGlobalButton</include>
				<onclick>Skin.ToggleSetting(disablesidesfades)</onclick>
				<selected>Skin.HasSetting(disablesidesfades)</selected>
			</control>
			<control type="radiobutton" id="516">
				<label>הצללת רקע עליון</label>
				<label2>$INFO[Skin.String(SideDarkFadeTop)]</label2>
				<include>DefineWideGlobalButton</include>
				<onclick>Skin.ToggleSetting(SideDarkFadeTop)</onclick>
				<selected>Skin.HasSetting(SideDarkFadeTop)</selected>
				<enable>Skin.HasSetting(disablesidesfades)</enable>
			</control>
			<control type="radiobutton" id="517">
				<label>הצללת רקע תחתון</label>
				<label2>$INFO[Skin.String(SideDarkFadeBottom)]</label2>
				<include>DefineWideGlobalButton</include>
				<onclick>Skin.ToggleSetting(SideDarkFadeBottom)</onclick>
				<selected>Skin.HasSetting(SideDarkFadeBottom)</selected>
				<enable>Skin.HasSetting(disablesidesfades)</enable>
			</control>
			<control type="radiobutton" id="518">
				<label>הצללת רקע צד ימין</label>
				<label2>$INFO[Skin.String(DarkFadeSideLeft)]</label2>
				<include>DefineWideGlobalButton</include>
				<onclick>Skin.ToggleSetting(DarkFadeSideLeft)</onclick>
				<selected>Skin.HasSetting(DarkFadeSideLeft)</selected>
				<enable>Skin.HasSetting(disablesidesfades)</enable>
			</control>		
			<control type="radiobutton" id="519">
				<label>הצללת רקע צד שמאל</label>
				<label2>$INFO[Skin.String(DarkFadeSideRight)]</label2>
				<include>DefineWideGlobalButton</include>
				<onclick>Skin.ToggleSetting(DarkFadeSideRight)</onclick>
				<selected>Skin.HasSetting(DarkFadeSideRight)</selected>
				<enable>Skin.HasSetting(disablesidesfades)</enable>
			</control>
			<control type="radiobutton" id="520">
				<label>פנארט</label>
				<label2>$INFO[Skin.String(disablefanartview)]</label2>
				<include>DefineWideGlobalButton</include>
				<onclick>Skin.ToggleSetting(disablefanartview)</onclick>
				<selected>Skin.HasSetting(disablefanartview)</selected>
			</control>
			<control type="radiobutton" id="521">
				<label>נגן וידאו ברקע במצב גלוי</label>
				<label2>$INFO[Skin.String(displaybackgroundvideo)]</label2>
				<include>DefineWideGlobalButton</include>
				<onclick>Skin.ToggleSetting(displaybackgroundvideo)</onclick>
				<selected>Skin.HasSetting(displaybackgroundvideo)</selected>
			</control>	
			<control type="radiobutton" id="522">
				<label>נגן וידאו ברקע במצב לא גלוי</label>
				<label2>$INFO[Skin.String(displayandhidebackgroundvideo)]</label2>
				<include>DefineWideGlobalButton</include>
				<onclick>Skin.ToggleSetting(displayandhidebackgroundvideo)</onclick>
				<selected>Skin.HasSetting(displayandhidebackgroundvideo)</selected>
			</control>
			</control>
	
	
		<control type="grouplist" id="11">
			<visible>String.IsEqual(Container(9000).ListItem.Property(id),homesettings)</visible>
			<centerleft>70%</centerleft>
			<itemgap>20</itemgap>
			<onleft>9000</onleft>
			<onback>9000</onback>
			<height max="800">800</height>
			<scrolltime tween="cubic">550</scrolltime>
				<!-- TRAILER HOME WIDGETS -->
				<control type="colorbutton" id="5000">
					<label>MidTextureProgress COLOR</label>
					<label2>$INFO[Skin.String(progressmidtexturecolor)]</label2>
					<colorbox>$INFO[Skin.String(progressmidtexturecolor)]</colorbox>
					<include>DefineWideGlobalButton</include>
					<onclick>Skin.SetColor(progressmidtexturecolor, midtexture)</onclick>
				</control>	
				<control type="colorbutton" id="5002">
					<label>הגדר צבע פוקוס גלילה</label>
					<label2>$INFO[Skin.String(scrollbarfocus)]</label2>
					<colorbox>$INFO[Skin.String(scrollbarfocus)]</colorbox>
					<include>DefineWideGlobalButton</include>
					<onclick>Skin.SetColor(scrollbarfocus, choose)</onclick>
				</control>
				<control type="radiobutton" id="5004">
					<label>רקע עמום בתצוגות</label>
					<label2>$INFO[Skin.String(viewtypesbackground)]</label2>
					<include>DefineWideGlobalButton</include>
					<onclick>Skin.ToggleSetting(viewtypesbackground)</onclick>
					<selected>Skin.HasSetting(viewtypesbackground)</selected>
				</control>
				<control type="radiobutton" id="5005">
					<label>רקע עמום בתפריטים במסך הבית</label>
					<label2>$INFO[Skin.String(homeviewbackground)]</label2>
					<include>DefineWideGlobalButton</include>
					<onclick>Skin.ToggleSetting(homeviewbackground)</onclick>
					<selected>Skin.HasSetting(homeviewbackground)</selected>
				</control>
				<control type="radiobutton" id="5006">
					<label>מיני נגן בזמן ניגון וידאו</label>
					<label2>$INFO[Skin.String(minivideplayed)]</label2>
					<include>DefineWideGlobalButton</include>
					<onclick>Skin.ToggleSetting(minivideplayed)</onclick>
					<selected>Skin.HasSetting(minivideplayed)</selected>
				</control>
				<!-- <control type="radiobutton" id="5007"> -->
					<!-- <label>טריילר בוידג'טים</label> -->
					<!-- <label2>$INFO[Skin.String(PlayTrailerEnabled)]</label2> -->
					<!-- <include>DefineWideGlobalButton</include> -->
					<!-- <onclick>Skin.ToggleSetting(PlayTrailerEnabled)</onclick> -->
					<!-- <selected>Skin.HasSetting(PlayTrailerEnabled)</selected> -->
				<!-- </control> -->
			</control>
			
			<control type="grouplist" id="12">
			<visible>String.IsEqual(Container(9000).ListItem.Property(id),generalsettings)</visible>
			<centerleft>70%</centerleft>
			<itemgap>20</itemgap>
			<onleft>9000</onleft>
			<onback>9000</onback>
			<height max="800">800</height>
			<scrolltime tween="cubic">550</scrolltime>
			<control type="radiobutton" id="5000">
				<label>הפעל ערוץ באופן אוטומאט</label>
				<include>DefineWideGlobalButton</include>
				<onclick>Skin.ToggleSetting(ChannelAutoPlay)</onclick>
				<selected>Skin.HasSetting(ChannelAutoPlay)</selected>
			</control>
			<control type="radiobutton" id="5001">
				<label>הפעל ערוץ בעת הפעלת המערכת</label>
				<include>DefineWideGlobalButton</include>
				<onclick>Skin.ToggleSetting(ChannelAutoPlayOnStart)</onclick>
				<selected>Skin.HasSetting(ChannelAutoPlayOnStart)</selected>
			</control>	
			<control type="button" id="5002">
			<include>DefineWideGlobalButton</include>
				<label>בחר ערוץ להפעלה</label>
				<label2>$VAR[ChannelsLabelSet]</label2>
				<left>20</left>
				<onclick condition="String.IsEmpty(Skin.String(autoplaychannel,channel11)">Skin.SetString(autoplaychannel,channel11)</onclick>
				<onclick condition="Skin.String(autoplaychannel,channel11)">Skin.SetString(autoplaychannel,channel12)</onclick>
				<onclick condition="Skin.String(autoplaychannel,channel12)">Skin.SetString(autoplaychannel,channel13)</onclick>
				<onclick condition="Skin.String(autoplaychannel,channel13)">Skin.SetString(autoplaychannel,channel14)</onclick>
				<onclick condition="Skin.String(autoplaychannel,channel14)">Skin.SetString(autoplaychannel,channel23)</onclick>
				<onclick condition="Skin.String(autoplaychannel,channel23)">Skin.SetString(autoplaychannel,channel24)</onclick>
				<onclick condition="Skin.String(autoplaychannel,channel24)">Skin.SetString(autoplaychannel,channel25)</onclick>
				<onclick condition="Skin.String(autoplaychannel,channel25)">Skin.SetString(autoplaychannel,channel26)</onclick>
				<onclick condition="Skin.String(autoplaychannel,channel26)">Skin.SetString(autoplaychannel,channel27)</onclick>
				<onclick condition="Skin.String(autoplaychannel,channel27)">Skin.SetString(autoplaychannel,channel11)</onclick>
				<enable>Skin.HasSetting(ChannelAutoPlay) | Skin.HasSetting(ChannelAutoPlayOnStart)</enable>
			</control>
			<control type="button" id="5003">
			<include>DefineWideGlobalButton</include>
				<label>הגדר זמן להפעלה</label>
				<label2>$VAR[TimeAutoPlayChannel]</label2>
				<left>20</left>
				<onclick condition="String.IsEmpty(Skin.String(timeautoplaychannel,05)">Skin.SetString(timeautoplaychannel,05)</onclick>
				<onclick condition="Skin.String(timeautoplaychannel,05)">Skin.SetString(timeautoplaychannel,10)</onclick>
				<onclick condition="Skin.String(timeautoplaychannel,10)">Skin.SetString(timeautoplaychannel,15)</onclick>
				<onclick condition="Skin.String(timeautoplaychannel,15)">Skin.SetString(timeautoplaychannel,20)</onclick>
				<onclick condition="Skin.String(timeautoplaychannel,20)">Skin.SetString(timeautoplaychannel,05)</onclick>
				<enable>Skin.HasSetting(ChannelAutoPlay) | Skin.HasSetting(ChannelAutoPlayOnStart)</enable>
			</control>
		</control>
		
		<control type="grouplist" id="13">
			<visible>String.IsEqual(Container(9000).ListItem.Property(id),realdebrid)</visible>
			<centerleft>70%</centerleft>
			<itemgap>20</itemgap>
			<onleft>9000</onleft>
			<onback>9000</onback>
			<height max="800">800</height>
			<scrolltime tween="cubic">550</scrolltime>
			<control type="button" id="4998">
				<label>Otaku הפעל REAL DEBRID</label>
				<include>DefineWideGlobalButton</include>
				<onclick>RunPlugin(plugin://plugin.video.otaku/authRealDebrid)</onclick>
			</control>		
			<control type="button" id="4999">
				<label>Otaku הפעל All DEBRID</label>
				<include>DefineWideGlobalButton</include>
				<onclick>RunPlugin(plugin://plugin.video.otaku/authAllDebrid)</onclick>
			</control>	
			<control type="button" id="5000">
				<label>Twilight הפעל REAL DEBRID</label>
				<include>DefineWideGlobalButton</include>
				<onclick>RunPlugin(plugin://plugin.video.twilight/?mode=auth_accounts_choice&service=realdebrid&active=rd_active&isFolder=false)</onclick>
			</control>
			<control type="button" id="5001">
				<label>Twilight הפעל ALL DBRID</label>
				<include>DefineWideGlobalButton</include>
				<onclick>RunPlugin(plugin://plugin.video.twilight/?mode=auth_accounts_choice&service=alldebrid&active=rd_active&isFolder=false)</onclick>
			</control>
			<control type="button" id="5002">
				<label>Fen הפעל ריד דבריד</label>
				<include>DefineWideGlobalButton</include>
				<onclick>RunPlugin(plugin://plugin.video.fen/?mode=auth_accounts_choice&service=realdebrid&active=rd_active&isFolder=false)</onclick>	
			</control>
			<control type="button" id="5003">
				<label>הפעל all debrid fen</label>
				<include>DefineWideGlobalButton</include>
				<onclick>RunPlugin(plugin://plugin.video.fen/?mode=auth_accounts_choice&service=alldebrid&active=rd_active&isFolder=false)</onclick>	
			</control>	
			<control type="button" id="5004">
				<label>Mando הפעל ריד דבריד</label>
				<include>DefineWideGlobalButton</include>
				<onclick>RunPlugin(plugin://plugin.video.mando?mode=138&url=www)</onclick>
			</control>	
			<control type="button" id="5005">
				<label>FenLight Real Debrid הפעל</label>
				<include>DefineWideGlobalButton</include>
				<onclick>RunPlugin(plugin://plugin.video.fenlight/?mode=real_debrid.authenticate)</onclick>
			</control>
			<control type="button" id="5006">
				<label>FenLight All Debrid הפעל</label>
				<include>DefineWideGlobalButton</include>
				<onclick>RunPlugin(plugin://plugin.video.fenlight/?mode=alldebrid.authenticate)</onclick>
			</control>
			<control type="button" id="5007">
				<label>Umbrella Real Debrid הפעל</label>
				<include>DefineWideGlobalButton</include>
				<onclick>RunPlugin(plugin://plugin.video.umbrella/?action=rd_Authorize)</onclick>
			</control>	
			<control type="button" id="5008">
				<label>Umbrella All Debrid הפעל</label>
				<include>DefineWideGlobalButton</include>
				<onclick>RunPlugin(plugin://plugin.video.umbrella/?action=ad_Authorize)</onclick>
			</control>
			<control type="button" id="5009">
				<label>הפעל Real Debrid POV</label>
				<include>DefineWideGlobalButton</include>
				<onclick>PlayMedia("plugin://plugin.video.pov/?mode=myservices&amp;name=My+Services&amp;isFolder=false&amp;iconImage=special%3A%2F%2Fhome%2Faddons%2Fplugin.video.pov%2Fresources%2Fskins%2FDefault%2Fmedia%2Fsettings.png")</onclick>
			</control>		
		</control>
		
		<control type="grouplist" id="14">
			<visible>String.IsEqual(Container(9000).ListItem.Property(id),addonsettings)</visible>
			<centerleft>70%</centerleft>
			<itemgap>20</itemgap>
			<onleft>9000</onleft>
			<onback>9000</onback>
			<height max="800">800</height>
			<scrolltime tween="cubic">550</scrolltime>
			<control type="button" id="5000">
				<label>Twilight הגדרות הרחבה</label>
				<include>DefineWideGlobalButton</include>
				<onclick>Addon.OpenSettings(plugin.video.twilight)</onclick>	
				<visible>System.HasAddon(plugin.video.twilight)</visible>
			</control>	
			<control type="button" id="5001">
				<label>Fen הגדרות הרחבה</label>
				<include>DefineWideGlobalButton</include>
				<onclick>Addon.OpenSettings(plugin.video.fen)</onclick>	
				<visible>System.HasAddon(plugin.video.fen)</visible>
			</control>	
			<control type="button" id="5002">
				<label>Umbrella הגדרות הרחבה</label>
				<include>DefineWideGlobalButton</include>
				<onclick>Addon.OpenSettings(plugin.video.umbrella)</onclick>	
				<visible>System.HasAddon(plugin.video.umbrella)</visible>
			</control>	
			<control type="button" id="5003">
				<label>Mando הגדרות הרחבה</label>
				<include>DefineWideGlobalButton</include>
				<onclick>Addon.OpenSettings(plugin.video.mando)</onclick>
				<visible>System.HasAddon(plugin.video.mando)</visible>
			</control>	
			<control type="button" id="5004">
				<label>YouTube הגדרות הרחבה</label>
				<include>DefineWideGlobalButton</include>
				<onclick>Addon.OpenSettings(plugin.video.youtube)</onclick>
				<visible>System.HasAddon(plugin.video.youtube)</visible>
			</control>	
			<control type="button" id="5005">
				<label>הגדרות הרחבה עידן פלוס</label>
				<include>DefineWideGlobalButton</include>
				<onclick>Addon.OpenSettings(plugin.video.idanplus)</onclick>
				<visible>System.HasAddon(plugin.video.idanplus)</visible>
			</control>	
		</control>

		<control type="grouplist" id="15">
			<visible>String.IsEqual(Container(9000).ListItem.Property(id),addonsinstall)</visible>
			<centerleft>70%</centerleft>
			<itemgap>20</itemgap>
			<onleft>9000</onleft>
			<onback>9000</onback>
			<height max="800">800</height>
			<scrolltime tween="cubic">550</scrolltime>
				<control type="button" id="5000">
					<label>התקן inputstream.adaptive</label>
					<label2>$VAR[SystemAddonCheckinputstreamadaptive]</label2>
					<include>DefineWideGlobalButton</include>
					<onclick condition="!System.HasAddon(inputstream.adaptive)">InstallAddon(inputstream.adaptive)</onclick>
					<onclick condition="System.HasAddon(inputstream.adaptive) + !System.AddonIsEnable(inputstream.adaptive)">EnableAddon(inputstream.adaptive)</onclick>
				</control>	
				<control type="button" id="5001">
					<label>התקן inputstream.ffmpegdirect</label>
					<label2>$VAR[SystemAddonCheckskffmpegdirect]</label2>
					<include>DefineWideGlobalButton</include>
					<onclick condition="!System.HasAddon(inputstream.ffmpegdirect)">InstallAddon(inputstream.ffmpegdirect)</onclick>
					<onclick condition="System.HasAddon(inputstream.ffmpegdirect) + !System.AddonIsEnable(inputstream.ffmpegdirect)">EnableAddon(inputstream.ffmpegdirect)</onclick>
				</control>		
				<control type="button" id="5002">
					<label>התקן inputstream.rtmp</label>
					<label2>$VAR[SystemAddonCheckskinputstream]</label2>
					<include>DefineWideGlobalButton</include>
					<onclick condition="!System.HasAddon(inputstream.rtmp)">InstallAddon(inputstream.rtmp)</onclick>
					<onclick condition="System.HasAddon(inputstream.rtmp) + !System.AddonIsEnable(inputstream.rtmp)">EnableAddon(inputstream.rtmp)</onclick>
				</control>
				<control type="button" id="5003">
					<label>התקן pvr.iptvsimple</label>
					<label2>$VAR[SystemAddonCheckskiniptvsimple]</label2>
					<include>DefineWideGlobalButton</include>
					<onclick condition="!System.HasAddon(pvr.iptvsimple)">InstallAddon(pvr.iptvsimple)</onclick>
					<onclick condition="System.HasAddon(pvr.iptvsimple) + !System.AddonIsEnable(pvr.iptvsimple)">EnableAddon(pvr.iptvsimple)</onclick>
				</control>	
				<control type="button" id="5004">
					<label>התקן script.skinshortcuts</label>
					<label2>$VAR[SystemAddonCheckskinshortcuts]</label2>
					<include>DefineWideGlobalButton</include>
					<onclick condition="!System.HasAddon(script.skinshortcuts)">InstallAddon(script.skinshortcuts)</onclick>
					<onclick condition="System.HasAddon(script.skinshortcuts) + !System.AddonIsEnabled(script.skinshortcuts)">EnableAddon(script.skinshortcuts)</onclick>
				</control>
				<control type="button" id="5005">
					<label>התקן plugin.video.otaku</label>
					<label2>$VAR[SystemAddonCheckotaku]</label2>
					<include>DefineWideGlobalButton</include>
					<onclick condition="!System.HasAddon(plugin.video.otaku)">InstallAddon(plugin.video.otaku)</onclick>
					<onclick condition="System.HasAddon(plugin.video.otaku) + !System.AddonIsEnabled(plugin.video.otaku)">EnableAddon(plugin.video.otaku)</onclick>
				</control>					
			</control>


		<control type="grouplist" id="16">
			<visible>String.IsEqual(Container(9000).ListItem.Property(id),playersettings)</visible>
			<centerleft>70%</centerleft>
			<itemgap>20</itemgap>
			<onleft>9000</onleft>
			<onback>9000</onback>
			<height max="800">800</height>
			<scrolltime tween="cubic">550</scrolltime>
			<control type="colorbutton" id="5000">
			<!-- player background color -->
				<label>$INFO[Skin.String(playerosdcolor)]</label>
				<label2>הגדר צבע פוקוס בנגן</label2>
				<include>DialogSettingButton</include>
				<colorbox>$INFO[Skin.String(playerosdcolor)]</colorbox>
				<onclick>Skin.SetColor(playerosdcolor, player)</onclick>
				<visible>!Skin.HasSetting(playerosd1)</visible>
			</control>
			<control type="radiobutton" id="5001">
				<label>נגן מתקדם</label>
				<include>DialogSettingButton</include>
				<onclick>Skin.ToggleSetting(playerosd1)</onclick>
			</control>
			<control type="radiobutton" id="5003">
				<include>DialogSettingButton</include>
				<label>DarkSubs בחר בחלון כתוביות של</label>
				<label2>$INFO[Skin.String(darksubssubtitle)]</label2>
				<onclick>Skin.ToggleSetting(darksubssubtitle)</onclick>
				<selected>Skin.HasSetting(darksubssubtitle)</selected>
			</control>
			<control type="radiobutton" id="5005">
				<include>DialogSettingButton</include>
				<label>פלייליסט מתקדם</label>
				<label2>$INFO[Skin.String(advancedplaylist)]</label2>
				<onclick>Skin.ToggleSetting(advancedplaylist)</onclick>
				<selected>Skin.HasSetting(advancedplaylist)</selected>
			</control>
			</control>
			
			<control type="grouplist" id="17">
			<visible>String.IsEqual(Container(9000).ListItem.Property(id),buildupdate)</visible>
			<centerleft>70%</centerleft>
			<itemgap>20</itemgap>
			<onleft>9000</onleft>
			<onback>9000</onback>
			<height max="800">800</height>
			<scrolltime tween="cubic">550</scrolltime>
				<control type="button" id="5000">
					<label>עדכון מהיר</label>
					<include>DefineWideGlobalButton</include>
					<onclick>PlayMedia("plugin://plugin.program.kodirealdebridisraelwizard/?mode=install&amp;action=quick_update&amp;name=%D7%A7%D7%95%D7%93%D7%99+%D7%A8%D7%99%D7%9C+%D7%93%D7%91%D7%A8%D7%99%D7%93+%D7%99%D7%A9%D7%A8%D7%90%D7%9C&amp;auto_quick_update=false")</onclick>
				</control>	
				<control type="button" id="5001">
					<label>אשף ההתקנה</label>
					<include>DefineWideGlobalButton</include>
					<onclick>PlayMedia("plugin://plugin.program.kodirealdebridisraelwizard/?mode=install&amp;action=build&amp;name=%D7%A7%D7%95%D7%93%D7%99+%D7%A8%D7%99%D7%9C+%D7%93%D7%91%D7%A8%D7%99%D7%93+%D7%99%D7%A9%D7%A8%D7%90%D7%9C")</onclick>
				</control>
				<control type="button" id="5002">
					<label>מערכת מיפוי</label>
					<include>DefineWideGlobalButton</include>
					<onclick>Skin.ToggleDebug(true)</onclick>
				</control>
			</control>
			
		<control type="grouplist" id="18">
			<visible>String.IsEqual(Container(9000).ListItem.Property(id),revokerealdebrid)</visible>
			<centerleft>70%</centerleft>
			<itemgap>20</itemgap>
			<onleft>9000</onleft>
			<onback>9000</onback>
			<height max="800">800</height>
			<scrolltime tween="cubic">550</scrolltime>
				<!-- TRAILER HOME WIDGETS -->
			<control type="button" id="5400">
				<label>Twilight בטל Real Debrid</label>
				<include>DefineWideGlobalButton</include>
			    <onclick>RunPlugin(plugin://plugin.video.twilight/?mode=real_debrid.revoke_authentication)</onclick>
			</control>		
			<control type="button" id="5401">
				<label>Twilight בטל All Debrid</label>
				<include>DefineWideGlobalButton</include>
			    <onclick>RunPlugin(plugin://plugin.video.twilight/?mode=alldebrid.revoke_authentication)</onclick>
			</control>
			<control type="button" id="5402">
				<label>FenLight בטל Real Debrid</label>
				<include>DefineWideGlobalButton</include>
			    <onclick>RunPlugin(plugin://plugin.video.fenlight/?mode=real_debrid.revoke_authentication)</onclick>
			</control>		
			<control type="button" id="5403">
				<label>FenLight בטל All Debrid</label>
				<include>DefineWideGlobalButton</include>
			    <onclick>RunPlugin(plugin://plugin.video.fenlight/?mode=alldebrid.revoke_authentication)</onclick>
			</control>
			<control type="button" id="5404">
				<label>Umbrella בטל Real Debrid</label>
				<include>DefineWideGlobalButton</include>
			    <onclick>RunPlugin(plugin://plugin.video.umbrella/?action=rd_Revoke)</onclick>
			</control>		
			<control type="button" id="5405">
				<label>Umbrella בטל All Debrid</label>
				<include>DefineWideGlobalButton</include>
			    <onclick>RunPlugin(plugin://plugin.video.umbrella/?action=ad_Revoke)</onclick>
			</control>	
			<control type="button" id="5406">
				<label>Mando בטל Real Debrid</label>
				<include>DefineWideGlobalButton</include>
			    <onclick>RunPlugin(plugin://plugin.video.mando?mode=139&url=www)</onclick>
			</control>	
			</control>
			
			
			<control type="grouplist" id="19">
			<visible>String.IsEqual(Container(9000).ListItem.Property(id),mainmenucolorsettings)</visible>
			<centerleft>70%</centerleft>
			<itemgap>20</itemgap>
			<onleft>9000</onleft>
			<onback>9000</onback>
			<height max="800">800</height>
			<scrolltime tween="cubic">550</scrolltime>
				<!-- TRAILER HOME WIDGETS -->
				<control type="button" id="4996">
					<label>הגדר עוצמת רקע פוקוס תפריט ראשי</label>
					<label2>$INFO[Skin.String(homemenubgfocusfadelabelcolor)]</label2>
					<include>DefineWideGlobalButton</include>
					<include content="ChooseFadeLabelButton">
						<param name="setfadelabel">homemenubgfocusfadelabelcolor</param>
					</include>
				</control>	
				<control type="button" id="4997">
					<label>הגדר עוצמת פוקוס תפריטים</label>
					<label2>$INFO[Skin.String(homemenufocusfadelabelcolor)]</label2>
					<include>DefineWideGlobalButton</include>
					<include content="ChooseFadeLabelButton">
						<param name="setfadelabel">homemenufocusfadelabelcolor</param>
					</include>
				</control>	
				<control type="colorbutton" id="4998">
					<label>הגדר צבע פוקוס תפריט ראשי</label>
					<label2>$INFO[Skin.String(varhomemainmenusfocus)]</label2>
					<colorbox>$INFO[Skin.String(varhomemainmenusfocus)]</colorbox>
					<include>DefineWideGlobalButton</include>
					<onclick>Skin.SetColor(varhomemainmenusfocus, choose)</onclick>
				</control>	
				<control type="colorbutton" id="4999">
					<label>הגדר רקע צבע פוקוס תפריט ראשי</label>
					<label2>$INFO[Skin.String(homemainmenusfocus)]</label2>
					<colorbox>$INFO[Skin.String(homemainmenusfocus)]</colorbox>
					<include>DefineWideGlobalButton</include>
					<onclick>Skin.SetColor(homemainmenusfocus, choose)</onclick>
				</control>				
			</control>
			
			<control type="grouplist" id="20">
			<visible>String.IsEqual(Container(9000).ListItem.Property(id),infodetails)</visible>
			<centerleft>70%</centerleft>
			<itemgap>20</itemgap>
			<onleft>9000</onleft>
			<onback>9000</onback>
			<height max="800">800</height>
			<scrolltime tween="cubic">550</scrolltime>
				TRAILER HOME WIDGETS
				<control type="colorbutton" id="5001">
					<label>צבע רקע חלון מידע</label>
					<label2>$INFO[Skin.String(infodetailsbackground)]</label2>
					<colorbox>$INFO[Skin.String(infodetailsbackground)]</colorbox>
					<include>DefineWideGlobalButton</include>
					<onclick>Skin.SetColor(infodetailsbackground, choose)</onclick>
				</control>	
				<control type="colorbutton" id="5002">
					<label>הגדר צבע פוקוס בוידג'טים של חלון המידע</label>
					<label2>$INFO[Skin.String(widgetdetailshomeinfo)]</label2>
					<colorbox>$INFO[Skin.String(widgetdetailshomeinfo)]</colorbox>
					<include>DefineWideGlobalButton</include>
					<onclick>Skin.SetColor(widgetdetailshomeinfo, choose)</onclick>
				</control>					
			</control>
			
			<!-- <control type="grouplist" id="21"> -->
			<!-- <visible>String.IsEqual(Container(9000).ListItem.Property(id),homescreensettings)</visible> -->
			<!-- <centerleft>70%</centerleft> -->
			<!-- <itemgap>20</itemgap> -->
			<!-- <onleft>9000</onleft> -->
			<!-- <onback>9000</onback> -->
			<!-- <height max="800">800</height> -->
			<!-- <scrolltime tween="cubic">550</scrolltime> -->
				<!-- <!-- TRAILER HOME WIDGETS -->	 -->
			<!-- <control type="colorbutton" id="2"> -->
				<!-- <label>צבע רקע תפריטים</label> -->
				<!-- <colorbox>$INFO[Skin.String(backgroundmenuscolor)]</colorbox> -->
				<!-- <onclick>Skin.SetColor(backgroundmenuscolor,color)</onclick> -->
				<!-- <selected>Skin.HasSetting(backgroundmenuscolor)</selected> -->
				<!-- <include>DefineWideGlobalButton</include> -->
			<!-- </control> -->
			<!-- <control type="colorbutton" id="3"> -->
				<!-- <label>צבע טקסט בתפריטים</label> -->
				<!-- <colorbox>$INFO[Skin.String(backgroundtextmenuscolor)]</colorbox> -->
				<!-- <onclick>Skin.SetColor(backgroundtextmenuscolor,color)</onclick> -->
				<!-- <selected>Skin.HasSetting(backgroundtextmenuscolor)</selected> -->
				<!-- <include>DefineWideGlobalButton</include> -->
			<!-- </control> -->
			<!-- <control type="colorbutton" id="4"> -->
				<!-- <label>קווי הפרדה בתפריטים</label> -->
				<!-- <colorbox>$INFO[Skin.String(backgroundlinesmenuscolor)]</colorbox> -->
				<!-- <onclick>Skin.SetColor(backgroundlinesmenuscolor,color)</onclick> -->
				<!-- <selected>Skin.HasSetting(backgroundlinesmenuscolor)</selected> -->
				<!-- <include>DefineWideGlobalButton</include> -->
			<!-- </control> -->
			<!-- <control type="colorbutton" id="5"> -->
				<!-- <label>בחר רקע ערוצים</label> -->
				<!-- <colorbox>$INFO[Skin.String(backgroundchannelsmenuscolor)]</colorbox> -->
				<!-- <onclick>Skin.SetColor(backgroundchannelsmenuscolor,color)</onclick> -->
				<!-- <selected>Skin.HasSetting(backgroundchannelsmenuscolor)</selected> -->
				<!-- <include>DefineWideGlobalButton</include> -->
			<!-- </control>				 -->
			<!-- </control> -->
			</control>
		</control>
	</controls>
</window>
