<?xml version="1.0" encoding="utf-8"?>
<window type="idanplusdialog" id="1328">
	<defaultcontrol always="true">8401</defaultcontrol>
	<controls>
	
		<include>SetBackGroundImage</include>
		
		
		<control type="VideoWindow">
		<width>1</width>
		<height>1</height>
		</control>
		
		<!-- BUSY SPINNER -->
		<include content="BusyListSpinner">
		<param name="list_id" value="8401"/>
		<param name="top" value="20"/>
		<param name="left" value="20"/>
		</include>
		
		
		<control type="group">
		<top>550</top>
		<left>645</left>
		<right>80</right>
		<bottom>195</bottom>
		<include>GeneralBasedBackGround</include>
		</control>	
		<control type="group">
		<top>200</top>
		<left>645</left>
		<right>80</right>
		<bottom>525</bottom>
		<include>GeneralBasedBackGround</include>
		</control>
		<control type="group">
		<top>200</top>
		<left>45</left>
		<right>1270</right>
		<bottom>195</bottom>
		<include>GeneralBasedBackGround</include>
		</control>
		
		
		<control type="group">
		<animation condition="Window.IsActive(1102)" effect="fade" start="100" end="80" time="250">Conditional</animation>
		<control type="group">
			<animation type="WindowOpen">
				<effect type="slide" start="0,-125" end="0" time="250" tween="sine" easing="inout"/>
				<effect type="fade" start="0" end="100" time="250" tween="sine" easing="inout"/>
			</animation>
			<animation type="WindowClose">
				<effect type="slide" start="0" end="0,-125" time="250" tween="sine" easing="inout"/>
			<effect type="fade" start="100" end="0" time="250" tween="sine" easing="inout"/>
			</animation>
				<top>230</top>
				<left>45</left>
				<bottom>525</bottom>
				<control type="label" id="400">
					<left>40</left>
					<top>20</top>
					<right>0</right>
					<width>1720</width>
					<height>50</height>
					<align>right</align>
					<font>font14</font>
					<textcolor>button_focus2</textcolor>
					<label>עכשיו</label>
					<scroll>false</scroll>
				</control>
				<control type="label" id="401">
					<left>635</left>
					<top>0</top>
					<width>1050</width>
					<height>50</height>
					<align>left</align>
					<font>font45_title</font>
					<label>$INFO[ListItem.ChannelName]</label>
					<scroll>false</scroll>
				</control>
				<control type="label" id="402">
					<left>635</left>
					<top>65</top>
					<width>1050</width>
					<height>50</height>
					<align>left</align>
					<font>font30_title</font>
					<label>$INFO[ListItem.Title]</label>
					<scroll>true</scroll>
					<scrollspeed>40</scrollspeed>
				</control>
				<control type="progress">
					<left>635</left>
					<top>165</top>
					<width>1050</width>
					<height>12</height>
					<align>center</align>
					<aligny>center</aligny>
					<colordiffuse>88FFFFFF</colordiffuse>
					<visible>ListItem.HasEpg</visible>
					<info>ListItem.Progress</info>
				</control>
				<control type="textbox" id="403">
					<left>635</left>
					<top>110</top>
					<width>1050</width>
					<height>165</height>
					<align>left</align>
					<label>$INFO[ListItem.Date , [COLOR gray]תאריך:[/COLOR] , [COLOR button_focus]|[/COLOR] ]$INFO[ListItem.StartTime , [COLOR gray]מתחיל:[/COLOR] , [COLOR button_focus]|[/COLOR] ]$INFO[ListItem.EndTime , [COLOR gray]מסתיים:[/COLOR] ][CR][CR]$INFO[ListItem.Plot]</label>
					<scroll>false</scroll>
				</control>
			</control>
				
				<control type="group">
				<animation type="WindowOpen">
					<effect type="slide" start="0,125" end="0" time="250" tween="sine" easing="inout"/>
					<effect type="fade" start="0" end="100" time="250" tween="sine" easing="inout"/>
				</animation>
				<animation type="WindowClose">
					<effect type="slide" start="0" end="0,125" time="250" tween="sine" easing="inout"/>
				<effect type="fade" start="100" end="0" time="250" tween="sine" easing="inout"/>
				</animation>
				<top>580</top>
				<left>45</left>
				<bottom>195</bottom>
				<control type="label" id="404">
					<left>40</left>
					<top>20</top>
					<right>0</right>
					<width>1720</width>
					<height>50</height>
					<align>right</align>
					<font>font14</font>
					<textcolor>button_focus2</textcolor>
					<label>הבא</label>
					<scroll>false</scroll>
				</control>
				<control type="label" id="405">
					<left>635</left>
					<top>0</top>
					<width>1050</width>
					<height>50</height>
					<align>left</align>
					<font>font45_title</font>
					<label>$INFO[ListItem.ChannelName]</label>
					<scroll>false</scroll>
				</control>
				<control type="label" id="406">
					<left>635</left>
					<top>65</top>
					<width>1050</width>
					<height>50</height>
					<align>left</align>
					<font>font30_title</font>
					<label>$INFO[ListItem.NextTitle]</label>
					<scroll>true</scroll>
					<scrollspeed>40</scrollspeed>
				</control>
				<control type="image">
					<top>175</top>
					<left>635</left>
					<right>150</right>
					<height>1</height>
					<texture colordiffuse="gray">colors/white.png</texture>
				</control>
				<control type="textbox" id="407">
					<left>635</left>
					<top>110</top>
					<width>1050</width>
					<height>165</height>
					<align>left</align>
					<label>$INFO[ListItem.NextStartDate , [COLOR gray]תאריך:[/COLOR] , [COLOR button_focus]|[/COLOR] ]$INFO[ListItem.NextStartTime , [COLOR gray]מתחיל:[/COLOR] , [COLOR button_focus]|[/COLOR] ]$INFO[ListItem.NextEndTime , [COLOR gray]מסתיים:[/COLOR] ][CR][CR]$INFO[ListItem.NextPlot]</label>
					<scroll>false</scroll>
				</control>
			</control>
				
		</control>
		
		<control type="group">
		<right>1250</right>
		<left>40</left>
		<bottom>180</bottom>
		<top>180</top>
		<animation type="WindowOpen">
		<effect type="slide" start="-125" end="0" time="250" tween="sine" easing="inout"/>
		<effect type="fade" start="0" end="100" time="250" tween="sine" easing="inout"/>
		</animation>
		<animation type="WindowClose">
			<effect type="slide" start="0" end="-125" time="250" tween="sine" easing="inout"/>
			<effect type="fade" start="100" end="0" time="250" tween="sine" easing="inout"/>
		</animation>
		<control type="fixedlist" id="8401">
		<left>20</left>
		<top>20</top>
		<right>20</right>
		<bottom>20</bottom>
		<focusposition>3</focusposition>
		<movement>3</movement>
		<orientation>vertical</orientation>
		<scrolltime tween="cubic">550</scrolltime>
		<itemlayout width="580" height="97">
		<control type="group">
		<height>95</height>
		<!-- <control type="image"> -->
		<!-- <texture colordiffuse="15FFFFFF">colors/white.png</texture> -->
		<!-- </control> -->
		<control type="image">
			<top>-15</top>
			<left>-18</left>
			<right>425</right>
			<height>125</height>
			<bordertexture colordiffuse="black" border="24" infill="true" background="true">shadows/shadow-24.png</bordertexture>
			<bordersize>24</bordersize>
			<texture>$INFO[ListItem.Icon]</texture>
		</control>
		<control type="label">
			<left>145</left>
			<right>5</right>
			<align>left</align>
			<aligny>center</aligny>
			<label>$INFO[ListItem.Label]</label>
		</control>
		</control>
		</itemlayout>
		<focusedlayout width="580" height="97">
		<control type="group">
		<height>95</height>
		<include content="FocusedTexture">
			<param name="top">5</param>
			<param name="bottom">5</param>
			<param name="left">0</param>
			<param name="right">0</param>
			<param name="visible">Control.HasFocus(8401)</param>
		</include>
		<control type="image">
			<top>-15</top>
			<left>-18</left>
			<right>425</right>
			<height>125</height>
			<bordertexture colordiffuse="black" border="24" infill="true" background="true">shadows/shadow-24.png</bordertexture>
			<bordersize>24</bordersize>
			<texture>$INFO[ListItem.Icon]</texture>
		</control>
		<control type="label">
			<left>145</left>
			<right>5</right>
			<align>left</align>
			<aligny>center</aligny>
			<font>font32_title</font>
			<textcolor>black</textcolor>
			<label>$INFO[ListItem.Label]</label>
		</control>
		</control>
		<control type="button">
		<height>1</height>
		<width>1</width>
		<label />
		<include>SetPropertyOnfocus</include>
		</control>
		</focusedlayout>
		<content condition="ListItem.HasEpg">pvr://channels/tv/*</content>
		<content condition="!ListItem.HasEpg">plugin://plugin.video.idanplus/?iconimage=C%253A%255CUsers%255CNetag%255CAppData%255CRoaming%255CKodi%255Caddons%255Cplugin.video.idanplus%255Cicon.png&amp;mode=1&amp;module&amp;moredata&amp;name=%5bB%5d%d7%98%d7%9c%d7%95%d7%99%d7%96%d7%99%d7%94%5b%2fB%5d&amp;url</content>
		</control>
		</control>
		
		<include content="InfoDialogTopBarInfo">
		<param name="main_label" value="$INFO[ListItem.Title] $INFO[ListItem.Year,([COLOR grey],[/COLOR])]" />
		<param name="sub_label" value="$VAR[FlagDashLabel][COLOR grey]$VAR[SeasonEpisodeLabel][/COLOR]$INFO[ListItem.EpisodeName,[COLOR white][B],[/B][/COLOR]]" />
		<param name="posy" value="40" />
		</include>
		
	</controls>
</window>
