<?xml version="1.0" encoding="UTF-8"?>
<window id="9111">
	<defaultcontrol always="true">800</defaultcontrol>
	<backgroundcolor>background</backgroundcolor>
	<controls>
		
		<control type="group">
		<include content="newdefaultbackground">
			<param name="setrange" value="bgrange800"/>
			<param name="colordiffuse" value="false"/>
			<param name="visible" value="false"/>
			<param name="imagepath" value="special://skin/extras/backgrounds/bg1.jpg"/>
		</include>
		</control>
		<control type="group">
			<animation effect="fade" start="0" end="100" time="100">WindowOpen</animation>
			<animation effect="fade" start="100" end="0" time="100">WindowClose</animation>
			<animation effect="fade" start="100" end="75" time="0" condition="true">Conditional</animation>
			<visible>Window.isActive(fullscreenvideo)</visible>
			<include>ColoredBackgroundImages</include>
		</control>
		
			<control type="group">
			<animation type="WindowOpen">
				<effect type="slide" start="0,-125" end="0" time="250" tween="sine" easing="inout"/>
				<effect type="fade" start="0" end="100" time="250" tween="sine" easing="inout"/>
			</animation>
			<animation type="WindowClose">
				<effect type="slide" start="0" end="0,-125" time="250" tween="sine" easing="inout"/>
			<effect type="fade" start="100" end="0" time="250" tween="sine" easing="inout"/>
			</animation>
				<control type="label">
					<align>right</align>
					<right>75</right>
					<label>[B]$INFO[System.Time][/B]</label>
					<font>font_clock</font>
				</control>
				<control type="label">
				<top>75</top>
					<align>right</align>
					<right>75</right>
					<label>$INFO[System.Date]</label>
					<font>font37</font>
				</control>
			</control>
		
			<control type="group">
			<left>50</left>
			<control type="group">
			<animation type="WindowOpen">
				<effect type="slide" start="0,-125" end="0" time="250" tween="sine" easing="inout"/>
				<effect type="fade" start="0" end="100" time="250" tween="sine" easing="inout"/>
			</animation>
			<animation type="WindowClose">
				<effect type="slide" start="0" end="0,-125" time="250" tween="sine" easing="inout"/>
			<effect type="fade" start="100" end="0" time="250" tween="sine" easing="inout"/>
			</animation>
				<top>195</top>
				<left>50</left>
				<control type="button" id="61">
					<left>600</left>
					<top>-18</top>
					<width>1170</width>
					<height>350</height>
					<font></font>
					<onleft>false</onleft>
					<onright>false</onright>
					<onup>false</onup>
					<ondown>62</ondown>
					<texturefocus colordiffuse="08FFFFFF">colors/white.png</texturefocus>
					<texturenofocus colordiffuse="primary_background" border="21">dialogs/dialog-bg.png</texturenofocus>
					<onclick>SetProperty(TextViewer_Header,$LOCALIZE[207],home)</onclick>
					<onclick>SetProperty(TextViewer_Text,$ESCINFO[ListItem.Plot],home)</onclick>
					<onclick>ActivateWindow(1102)</onclick>
				</control>
				<control type="label" id="400">
					<left>0</left>
					<top>20</top>
					<right>0</right>
					<width>1720</width>
					<height>50</height>
					<align>right</align>
					<font>font14</font>
					<textcolor>button_focus2</textcolor>
					<label>עכשיו</label>
					<scroll>false</scroll>
				</control>
				<control type="label" id="401">
					<left>635</left>
					<top>20</top>
					<width>1050</width>
					<height>50</height>
					<align>left</align>
					<font>font14</font>
					<label>$INFO[ListItem.ChannelName]</label>
					<scroll>false</scroll>
				</control>
				<control type="label" id="402">
					<left>635</left>
					<top>65</top>
					<width>1050</width>
					<height>50</height>
					<align>left</align>
					<font>font30_title</font>
					<label>$INFO[ListItem.Title]</label>
					<scroll>true</scroll>
					<scrollspeed>40</scrollspeed>
				</control>
				<control type="progress">
					<left>635</left>
					<top>165</top>
					<width>1050</width>
					<height>12</height>
					<align>center</align>
					<aligny>center</aligny>
					<colordiffuse>88FFFFFF</colordiffuse>
					<visible>ListItem.HasEpg</visible>
					<info>ListItem.Progress</info>
				</control>
				<control type="textbox" id="403">
					<left>635</left>
					<top>110</top>
					<width>1050</width>
					<height>200</height>
					<align>left</align>
					<label>$INFO[ListItem.StartDate , [COLOR gray]תאריך:[/COLOR] , [COLOR button_focus]|[/COLOR] ]$INFO[ListItem.StartTime , [COLOR gray]מתחיל:[/COLOR] , [COLOR button_focus]|[/COLOR] ]$INFO[ListItem.EndTime , [COLOR gray]מסתיים:[/COLOR] ][CR][CR]$INFO[ListItem.Plot]</label>
					<scroll>false</scroll>
				</control>
			</control>
				
				<control type="group">
				<animation type="WindowOpen">
					<effect type="slide" start="0,125" end="0" time="250" tween="sine" easing="inout"/>
					<effect type="fade" start="0" end="100" time="250" tween="sine" easing="inout"/>
				</animation>
				<animation type="WindowClose">
					<effect type="slide" start="0" end="0,125" time="250" tween="sine" easing="inout"/>
				<effect type="fade" start="100" end="0" time="250" tween="sine" easing="inout"/>
				</animation>
				<top>565</top>
				<left>45</left>
					<control type="button" id="62">
					<left>600</left>
					<top>-18</top>
					<width>1170</width>
					<height>350</height>
					<font></font>
					<onleft>false</onleft>
					<onright>false</onright>
					<onup>61</onup>
					<ondown>9000</ondown>
					<texturefocus colordiffuse="08FFFFFF">colors/white.png</texturefocus>
					<texturenofocus colordiffuse="primary_background" border="21">dialogs/dialog-bg.png</texturenofocus>
					<onclick>SetProperty(TextViewer_Header,$LOCALIZE[207],home)</onclick>
					<onclick>SetProperty(TextViewer_Text,$ESCINFO[ListItem.NextPlot],home)</onclick>
					<onclick>ActivateWindow(1102)</onclick>
				</control>
				<control type="label" id="404">
					<left>0</left>
					<top>20</top>
					<right>0</right>
					<width>1720</width>
					<height>50</height>
					<align>right</align>
					<font>font14</font>
					<textcolor>button_focus2</textcolor>
					<label>הבא</label>
					<scroll>false</scroll>
				</control>
				<control type="label" id="405">
					<left>635</left>
					<top>20</top>
					<width>1050</width>
					<height>50</height>
					<align>left</align>
					<font>font14</font>
					<label>$INFO[ListItem.ChannelName]</label>
					<scroll>false</scroll>
				</control>
				<control type="label" id="406">
					<left>635</left>
					<top>65</top>
					<width>1050</width>
					<height>50</height>
					<align>left</align>
					<font>font30_title</font>
					<label>$INFO[ListItem.NextTitle]</label>
					<scroll>true</scroll>
					<scrollspeed>40</scrollspeed>
				</control>
				<control type="textbox" id="407">
					<left>635</left>
					<top>110</top>
					<width>1050</width>
					<height>165</height>
					<align>left</align>
					<label>$INFO[ListItem.NextStartDate , [COLOR gray]תאריך:[/COLOR] , [COLOR button_focus]|[/COLOR] ]$INFO[ListItem.NextStartTime , [COLOR gray]מתחיל:[/COLOR] , [COLOR button_focus]|[/COLOR] ]$INFO[ListItem.NextEndTime , [COLOR gray]מסתיים:[/COLOR] ][CR][CR]$INFO[ListItem.NextPlot]</label>
					<scroll>false</scroll>
				</control>
			</control>
			
			
			<control type="group">
				<top>230</top>
				<left>40</left>
				<height>600</height>
				<animation type="WindowOpen">
					<effect type="slide" start="-125,0" end="0,0" time="250" tween="sine" easing="inout"/>
					<effect type="fade" start="0" end="100" time="250" tween="sine" easing="inout"/>
				</animation>
				<animation type="WindowClose">
					<effect type="slide" start="0,0" end="-125,0" time="250" tween="sine" easing="inout"/>
				<effect type="fade" start="100" end="0" time="250" tween="sine" easing="inout"/>
				</animation>
				<top>565</top>
				<left>45</left>
				<include content="GlobalSideInfoPanelBG">
				<param name="visible" value="true"/>
				<param name="width" value="650"/>
				</include>
			<control type="list" id="800">
				<top>-30</top>
				<height>680</height>
				<onup>false</onup>
				<ondown>false</ondown>
				<onleft>false</onleft>
				<onright>false</onright>
				<right>0</right>
				<left>-30</left>
				<onleft>801</onleft>
				<scrolltime tween="cubic" easing="out">500</scrolltime>
				<orientation>vertical</orientation>
				<itemlayout width="610" height="96">
				<control type="label">
					<left>105</left>
					<height>95</height>
					<width>655</width>
					<align>left</align>
					<aligny>center</aligny>
					<font>font37</font>
					<label>$INFO[ListItem.Label]</label>
				</control>
				<control type="image">
					<top>10</top>
					<left>5</left>
					<width>85</width>
					<height>85</height>
					<texture>$INFO[ListItem.Icon]</texture>
				</control>
				<control type="progress">
					<left>105</left>
					<top>80</top>
					<width>105</width>
					<height>12</height>
					<align>center</align>
					<aligny>center</aligny>
					<colordiffuse>88FFFFFF</colordiffuse>
					<visible>ListItem.HasEpg</visible>
					<info>ListItem.Progress</info>
				</control>
				</itemlayout>
				<focusedlayout width="610" height="96">
				<control type="image">
					<top>5</top>
					<height>95</height>
					<width>610</width>
					<texture colordiffuse="25FFFFFF">colors/white.png</texture>
				</control>
				<control type="label">
					<left>105</left>
					<height>95</height>
					<width>655</width>
					<align>left</align>
					<aligny>center</aligny>
					<font>font37</font>
					<label>$INFO[ListItem.Label]</label>
				</control>
				<control type="image">
					<top>10</top>
					<left>5</left>
					<width>85</width>
					<height>85</height>
					<texture>$INFO[ListItem.Icon]</texture>
				</control>
				<control type="progress">
					<left>105</left>
					<top>80</top>
					<width>105</width>
					<height>12</height>
					<align>center</align>
					<aligny>center</aligny>
					<colordiffuse>88FFFFFF</colordiffuse>
					<visible>ListItem.HasEpg</visible>
					<info>ListItem.Progress</info>
				</control>
				</focusedlayout>
				<content>pvr://channels/radio/*</content>
			</control>
			</control>
			</control>
			
					<control type="button" id="801">
						<onright>800</onright>
						<onleft>800</onleft>
						<onback>800</onback>
						<ondown>800</ondown>
						<onup>800</onup>
						<label>$INFO[Skin.String(bgrange800)]</label>
						<label2>הגדר עוצמת רקע</label2>
						<include>MediaMenuItemsCommon</include>
						<onclick condition="String.IsEmpty(Skin.String(bgrange800,100)">Skin.SetString(bgrange800,100)</onclick>
						<onclick condition="Skin.String(bgrange800,100)">Skin.SetString(bgrange800,99)</onclick>
						<onclick condition="Skin.String(bgrange800,99)">Skin.SetString(bgrange800,98)</onclick>
						<onclick condition="Skin.String(bgrange800,98)">Skin.SetString(bgrange800,97)</onclick>
						<onclick condition="Skin.String(bgrange800,97)">Skin.SetString(bgrange800,96)</onclick>
						<onclick condition="Skin.String(bgrange800,96)">Skin.SetString(bgrange800,95)</onclick>
						<onclick condition="Skin.String(bgrange800,95)">Skin.SetString(bgrange800,94)</onclick>
						<onclick condition="Skin.String(bgrange800,94)">Skin.SetString(bgrange800,93)</onclick>
						<onclick condition="Skin.String(bgrange800,93)">Skin.SetString(bgrange800,92)</onclick>
						<onclick condition="Skin.String(bgrange800,92)">Skin.SetString(bgrange800,91)</onclick>
						<onclick condition="Skin.String(bgrange800,91)">Skin.SetString(bgrange800,90)</onclick>
						<onclick condition="Skin.String(bgrange800,90)">Skin.SetString(bgrange800,89)</onclick>
						<onclick condition="Skin.String(bgrange800,89)">Skin.SetString(bgrange800,88)</onclick>
						<onclick condition="Skin.String(bgrange800,88)">Skin.SetString(bgrange800,87)</onclick>
						<onclick condition="Skin.String(bgrange800,87)">Skin.SetString(bgrange800,86)</onclick>
						<onclick condition="Skin.String(bgrange800,86)">Skin.SetString(bgrange800,85)</onclick>
						<onclick condition="Skin.String(bgrange800,85)">Skin.SetString(bgrange800,84)</onclick>
						<onclick condition="Skin.String(bgrange800,84)">Skin.SetString(bgrange800,83)</onclick>
						<onclick condition="Skin.String(bgrange800,83)">Skin.SetString(bgrange800,82)</onclick>
						<onclick condition="Skin.String(bgrange800,82)">Skin.SetString(bgrange800,81)</onclick>
						<onclick condition="Skin.String(bgrange800,81)">Skin.SetString(bgrange800,80)</onclick>
						<onclick condition="Skin.String(bgrange800,80)">Skin.SetString(bgrange800,100)</onclick>
						<visible allowhiddenfocus="true">Control.HasFocus(801)</visible>
					</control>
		
		
		<control type="group">
		<visible>Player.HasVideo</visible>
		<animation type="WindowOpen">
			<effect type="slide" start="-125,0" end="0,0" time="250" tween="sine" easing="inout"/>
			<effect type="fade" start="0" end="100" time="250" tween="sine" easing="inout"/>
		</animation>
		<animation type="WindowClose">
			<effect type="slide" start="0,0" end="-125,0" time="250" tween="sine" easing="inout"/>
			<effect type="fade" start="100" end="0" time="250" tween="sine" easing="inout"/>
		</animation>
		<top>-50</top>
		<left>65</left>
		<width>300</width>
		<height>300</height>
		<control type="image">
			<top>35</top>
			<left>-30</left>
			<width>360</width>
			<height>230</height>
			<bordertexture border="24">masks/24-shadow.png</bordertexture>
			<bordersize>24</bordersize>
			<texture colordiffuse="black">colors/white.png</texture>
		</control>
		<control type="VideoWindow">
		<aspectratio>keep</aspectratio>
		</control>
		</control>
		
	</controls>
</window>
