<?xml version="1.0" encoding="UTF-8"?>
<window type="SearchResults" id="1199">
	<defaultcontrol always="true">27001</defaultcontrol>

	<backgroundcolor>background</backgroundcolor>
	<controls>
		<control type="button" id="20000">
			<include>HiddenObject</include>
			<animation effect="fade" time="300" start="100" end="0">Focus</animation>
			<onfocus>SetFocus(2000)</onfocus>
			<onclick>noop</onclick>
			<visible allowhiddenfocus="true">Control.HasFocus(20000)</visible>
		</control>
		<control type="button" id="20001">
			<include>HiddenObject</include>
			<animation effect="fade" time="300" start="100" end="0">Focus</animation>
			<onfocus>SetFocus(2000)</onfocus>
			<onclick>noop</onclick>
			<visible allowhiddenfocus="true">Control.HasFocus(20001)</visible>
		</control>
			<control type="group">
			<include content="DefaultBackground">
			<param name="width" value="550"/>
			<param name="visible" value="true"/>
			<param name="visiblevideobg" value="true"/>
			</include>
			<include content="TopBar">
				<param name="breadcrumbs_label" value="true" />
				<param name="visible" value="false"/>
			</include>
			<include content="BottomBar">
				<param name="info_visible" value="true" />
			</include>

			<include content="ContentPanel">
				<param name="left" value="980" />
				<param name="width" value="970" />
				<param name="top" value="-20" />
				<param name="flipx" value="true" />
			</include>
			<include content="ContentPanel">
				<param name="left" value="-50" />
				<param name="width" value="1470" />
				<param name="top" value="-20" />
				<param name="flipy" value="true" />
			</include>
		</control>	
		<control type="group">
			<animation effect="fade" start="100" end="0" time="200" tween="sine" condition="$EXP[infodialog_active]">Conditional</animation>
			<!-- WIDGETS GROUP -->
			<control type="group" id="2000">
				<left>462</left>
				<animation type="Conditional" condition="Control.IsVisible(20000)" reversible="false">
					<effect type="slide" end="0,20" time="60" tween="sine" />
					<effect type="slide" end="0,-20" time="180" tween="sine" delay="80" />
				</animation>
				<animation type="Conditional" condition="Control.IsVisible(20001)" reversible="false">
					<effect type="slide" end="0,-20" time="60" tween="sine" />
					<effect type="slide" end="0,20" time="180" tween="sine" delay="80" />
				</animation>
				<include>OpenClose_Right</include>
				<!-- SEARCH RESULTS -->
				<control type="group" id="27000">
				<top>-70</top>
					<include content="Visible_Right_Delayed">
						<param name="id" value="movies"/>
					</include>
					<control type="grouplist" id="27001">
					<visible allowhiddenfocus="true">!String.IsEmpty(Skin.String(SearchInput)) + String.IsEmpty(Skin.String(DatabaseStatus))</visible>
						<include>WidgetGroupListCommon</include>
						<pagecontrol>27099</pagecontrol>
			<include content="WidgetListLandscape" condition="!Skin.HasSetting(HideMovieResults)">
              <param name="content_path" value="plugin://plugin.video.telemedia/?data=-1001402919915&amp;dates=%20&amp;description=%0afrom_plot&amp;eng_name=%20&amp;episode=%20&amp;fanart&amp;fav_status=false&amp;groups_id=0&amp;heb_name=%20&amp;iconimage&amp;id=%20&amp;image_master&amp;isr=0&amp;last_id&amp;mode=31&amp;name=%5bCOLOR%20khaki%5d%d7%9e%d7%9b%d7%a8%d7%94%20%d7%a1%d7%a8%d7%98%d7%99%d7%9d%202%5b%2fCOLOR%5d&amp;next_page=0&amp;original_title=%20&amp;season=%20&amp;show_original_year=%20&amp;tmdbid=%20&amp;url=-1001402919915"/>
              <!-- <param name="widget_header" value="Movies"/> -->
              <param name="widget_header" value="[COLOR yellow]מכרה סרטים 2[/COLOR]"/>
              <param name="widget_target" value="videos"/>
              <param name="list_id" value="27011"/>
            </include>
            <include content="WidgetListLandscape" condition="!Skin.HasSetting(HideTVShowResults)">
              <param name="content_path" value="plugin://plugin.video.telemedia/?data=-1001332486310&amp;dates=%20&amp;description=%0afrom_plot&amp;eng_name=%20&amp;episode=%20&amp;fanart&amp;fav_status=false&amp;groups_id=0&amp;heb_name=%20&amp;iconimage&amp;id=%20&amp;image_master&amp;isr=0&amp;last_id&amp;mode=31&amp;name=%5bCOLOR%20khaki%5d%d7%9e%d7%9b%d7%a8%d7%94%20%d7%a1%d7%a8%d7%98%d7%99%d7%9d%203%5b%2fCOLOR%5d&amp;next_page=0&amp;original_title=%20&amp;season=%20&amp;show_original_year=%20&amp;tmdbid=%20&amp;url=-1001332486310"/>
               <!-- <param name="widget_header" value="TV Shows"/> -->
              <param name="widget_header" value="[COLOR yellow]מכרה סרטים 3[/COLOR]"/>
              <param name="widget_target" value="videos"/>
              <param name="list_id" value="27012"/>
            </include>
            <include content="WidgetListLandscape" condition="!Skin.HasSetting(HideCollectionsResults)">
              <param name="content_path" value="plugin://plugin.video.telemedia/?data=-1001285814211&amp;dates=%20&amp;description=%0afrom_plot&amp;eng_name=%20&amp;episode=%20&amp;fanart&amp;fav_status=false&amp;groups_id=0&amp;heb_name=%20&amp;iconimage&amp;id=%20&amp;image_master&amp;isr=0&amp;last_id&amp;mode=31&amp;name=%5bCOLOR%20khaki%5d%d7%9e%d7%9b%d7%a8%d7%94%20%d7%a1%d7%a8%d7%98%d7%99%d7%9d%204%5b%2fCOLOR%5d&amp;next_page=0&amp;original_title=%20&amp;season=%20&amp;show_original_year=%20&amp;tmdbid=%20&amp;url=-1001285814211"/>
              <!-- <param name="widget_header" value="Collections"/> -->
              <param name="widget_header" value="[COLOR yellow]מכרה סרטים 4[/COLOR]"/>
              <param name="widget_target" value="videos"/>
              <param name="list_id" value="27013"/>
            </include>
            <include content="WidgetListLandscape" condition="!Skin.HasSetting(HidePeopleResults)">
              <param name="content_path" value="plugin://plugin.video.telemedia/?data=-1001492865648&amp;dates=%20&amp;description=%0afrom_plot&amp;eng_name=%20&amp;episode=%20&amp;fanart&amp;fav_status=false&amp;groups_id=0&amp;heb_name=%20&amp;iconimage&amp;id=%20&amp;image_master&amp;isr=0&amp;last_id&amp;mode=31&amp;name=%5bCOLOR%20khaki%5d%d7%9e%d7%9b%d7%a8%d7%94%20%d7%a1%d7%a8%d7%98%d7%99%d7%9d%205%5b%2fCOLOR%5d&amp;next_page=0&amp;original_title=%20&amp;season=%20&amp;show_original_year=%20&amp;tmdbid=%20&amp;url=-1001492865648"/>
              <!-- <param name="widget_header" value="Actors/Actresses"/> -->
              <param name="widget_header" value="[COLOR yellow]מכרה סרטים 5[/COLOR]"/>
              <param name="widget_target" value="videos"/>
              <param name="list_id" value="27014"/>
            </include>
            <include content="WidgetListLandscape" condition="!Skin.HasSetting(HideMovieKeywordResults)">
			  <param name="content_path" value="plugin://plugin.video.telemedia/?data=-1001236025638&amp;dates=%20&amp;description=%d7%a2%d7%a8%d7%95%d7%a5%3a%20%20%20%20%20%20%20%20%20%20%20%20%20%20%20%40Kong_Fu_Movies%0a%d7%a4%d7%95%d7%a8%d7%95%d7%9d%20%d7%94%d7%a2%d7%a8%d7%95%d7%a5%3a%20%20%40lechima%0afrom_plot&amp;eng_name=%20&amp;episode=%20&amp;fanart&amp;fav_status=false&amp;groups_id=0&amp;heb_name=%20&amp;iconimage&amp;id=%20&amp;image_master&amp;isr=0&amp;last_id&amp;mode=31&amp;name=%5bCOLOR%20khaki%5d%d7%9e%d7%9b%d7%a8%d7%94%20%d7%a1%d7%a8%d7%98%d7%99%d7%9d%206%5b%2fCOLOR%5d&amp;next_page=0&amp;original_title=%20&amp;season=%20&amp;show_original_year=%20&amp;tmdbid=%20&amp;url=-1001236025638"/>
              <!-- <param name="widget_header" value="IMDb Keywords (Movies)"/> -->
              <param name="widget_header" value="[COLOR yellow]מכרה סרטים 6[/COLOR]"/>
              <param name="widget_target" value="videos"/>
              <param name="list_id" value="27015"/>
            </include>
            <include content="WidgetListLandscape" condition="!Skin.HasSetting(HideTVShowKeywordResults)">
			  <param name="content_path" value="plugin://plugin.video.telemedia/?data=-1001361476936&amp;dates=%20&amp;description=%0afrom_plot&amp;eng_name=%20&amp;episode=%20&amp;fanart&amp;fav_status=false&amp;groups_id=0&amp;heb_name=%20&amp;iconimage&amp;id=%20&amp;image_master&amp;isr=0&amp;last_id&amp;mode=31&amp;name=%5bCOLOR%20khaki%5d%d7%9e%d7%9b%d7%a8%d7%94%20%d7%a1%d7%a8%d7%98%d7%99%d7%9d%207%5b%2fCOLOR%5d&amp;next_page=0&amp;original_title=%20&amp;season=%20&amp;show_original_year=%20&amp;tmdbid=%20&amp;url=-1001361476936"/>
              <!-- <param name="widget_header" value="IMDb Keywords (TV Shows)"/> -->
              <param name="widget_header" value="[COLOR yellow]מכרה סרטים 7[/COLOR]"/>
              <param name="widget_target" value="videos"/>
              <param name="list_id" value="27016"/>
            </include>
			<include content="WidgetListLandscape" condition="!Skin.HasSetting(HideMovieResults)">
              <param name="content_path" value="plugin://plugin.video.telemedia/?data=-1001414565880&amp;dates=%20&amp;description=%d7%94%d7%96%d7%a8%d7%96%d7%99%d7%a8%20(2021)%20-%20%d7%aa%d7%a8%d7%92%d7%95%d7%9d%20%d7%9e%d7%95%d7%91%d7%a0%d7%94%0a%d7%90%d7%99%d7%9b%d7%95%d7%aa%3a%20FHD%20%7e%201080P%20%3d%20%d7%92%d7%91%d7%95%d7%94%d7%94%20%d7%9e%d7%90%d7%93%20%f0%9f%94%b0%0a%d7%9c%d7%95%d7%9c%d7%95%20%d7%a1%d7%a8%d7%98%d7%99%d7%9d%20-%20%40LuluSratim1%0afrom_plot&amp;eng_name=%20&amp;episode=%20&amp;fanart&amp;fav_status=false&amp;groups_id=0&amp;heb_name=%20&amp;iconimage&amp;id=%20&amp;image_master&amp;isr=0&amp;last_id&amp;mode=31&amp;name=%5bCOLOR%20khaki%5d%d7%9e%d7%9b%d7%a8%d7%94%20%d7%a1%d7%a8%d7%98%d7%99%d7%9d%208%5b%2fCOLOR%5d&amp;next_page=0&amp;original_title=%20&amp;season=%20&amp;show_original_year=%20&amp;tmdbid=%20&amp;url=-1001414565880"/>
              <!-- <param name="widget_header" value="Movies"/> -->
              <param name="widget_header" value="[COLOR yellow]מכרה סרטםי 8[/COLOR]"/>
              <param name="widget_target" value="videos"/>
              <param name="list_id" value="27117"/>
            </include>
			<include content="WidgetListLandscape" condition="!Skin.HasSetting(HideMovieResults)">
              <param name="content_path" value="plugin://plugin.video.telemedia/?data=-1001416024163&amp;dates=%20&amp;description=%d7%9e%d7%9b%d7%a8%d7%94%2018%0afrom_plot&amp;eng_name=%20&amp;episode=%20&amp;fanart&amp;fav_status=false&amp;groups_id=0&amp;heb_name=%20&amp;iconimage&amp;id=%20&amp;image_master&amp;isr=0&amp;last_id&amp;mode=31&amp;name=%5bCOLOR%20khaki%5d%d7%9e%d7%9b%d7%a8%d7%94%2018%5b%2fCOLOR%5d&amp;next_page=0&amp;original_title=%20&amp;season=%20&amp;show_original_year=%20&amp;tmdbid=%20&amp;url=-1001416024163"/>
              <!-- <param name="widget_header" value="Movies"/> -->
              <param name="widget_header" value="[COLOR yellow]מכרה סרטים 18[/COLOR]"/>
              <param name="widget_target" value="videos"/>
              <param name="list_id" value="27118"/>
            </include>
			<include content="WidgetListLandscape" condition="!Skin.HasSetting(HideMovieResults)">
              <param name="content_path" value="plugin://plugin.video.telemedia/?data=-1001592647143&amp;dates=%20&amp;description=%0afrom_plot&amp;eng_name=%20&amp;episode=%20&amp;fanart&amp;fav_status=false&amp;groups_id=0&amp;heb_name=%20&amp;iconimage&amp;id=%20&amp;image_master&amp;isr=0&amp;last_id&amp;mode=31&amp;name=%5bCOLOR%20khaki%5d%d7%a7%d7%91%d7%95%d7%a6%d7%aa%20%d7%94%d7%91%d7%a7%d7%a9%d7%95%d7%aa%20%d7%9c%d7%99%d7%9c%d7%93%d7%99%d7%9d%204%20%d7%94%d7%9e%d7%aa%d7%95%d7%a7%d7%9f%5b%2fCOLOR%5d&amp;next_page=0&amp;original_title=%20&amp;season=%20&amp;show_original_year=%20&amp;tmdbid=%20&amp;url=-1001592647143"/>
              <!-- <param name="widget_header" value="Movies"/> -->
              <param name="widget_header" value="[COLOR yellow]סרטים לילדים[/COLOR]"/>
              <param name="widget_target" value="videos"/>
              <param name="list_id" value="27119"/>
            </include>
					</control>
					<include content="WidgetScrollbar" condition="Skin.HasSetting(touchmode)">
						<param name="scrollbar_id" value="27099"/>
					</include>
				</control>
			</control>
		</control>
		
		<include>GeneralInfoSidePanel</include>
		
	</controls>
</window>
