<?xml version="1.0" encoding="utf-8"?>
<window type="dialog" id="1323">
	<defaultcontrol always="true">1000</defaultcontrol>
	<onunload>ClearProperty(MiniTextViewer_Fanart,home)</onunload>
	<onunload>ClearProperty(MiniTextViewer_Title,home)</onunload>
	<onunload>ClearProperty(MiniTextViewer_Comment,home)</onunload>
	<onunload>ClearProperty(MiniTextViewer_Year,home)</onunload>
	<onunload>ClearProperty(MiniTextViewer_Plot,home)</onunload>
	<onunload>ClearProperty(MiniTextViewer_Duration,home)</onunload>
	<onunload>ClearProperty(MiniTextViewer_Icon)</onunload>
	<include>Animation_DialogPopupOpenClose</include>
	<controls>
		<control type="group">
		<left>300</left>
		<right>300</right>
		<top>200</top>
		<bottom>200</bottom>
		<control type="button">
			<left>-2000</left>
			<top>-2000</top>
			<width>6000</width>
			<height>6000</height>
			<texturefocus />
			<texturenofocus />
			<onclick>Action(close)</onclick>
		</control>
		<control type="group">
			<control type="image">
				<left>-2</left>
				<top>-2</top>
				<right>-2</right>
				<bottom>-2</bottom>
				<texture colordiffuse="button_focus">masks/dialog-bg-large.png</texture>
			</control>
			<control type="image">
				<left>0</left>
				<top>0</top>
				<right>0</right>
				<bottom>0</bottom>
				<texture colordiffuse="black">masks/dialog-bg-large.png</texture>
			</control>
			<control type="textbox" id="$PARAM[header_id]">
				<right>200</right>
				<left>100</left>
				<height>150</height>
				<font>font45</font>
				<label>$INFO[Window(home).Property(MiniTextViewer_Title)]</label>
				<align>center</align> 
				<aligny>center</aligny>
				<textcolor>button_focus</textcolor>
				<shadowcolor>black</shadowcolor>
			</control>
			<control type="grouplist">
			<right>200</right>
			<left>20</left>
			<bottom>55</bottom>
			<top>135</top>
			<itemgap>25</itemgap>
			<control type="textbox">
				<height max="410">auto</height>
				<align>left</align>
				<pagecontrol>3000</pagecontrol>
				<font>font37</font>
				<label>$INFO[Window(home).Property(MiniTextViewer_Plot)] $INFO[Window(home).Property(MiniTextViewer_Comment)]</label>
			</control>
			<control type="group">
			<visible>!String.IsEmpty(Window(home).Property(MiniTextViewer_Duration)</visible>
			<control type="image">
				<top>2</top>
				<width>35</width>
				<height>35</height>
				<texture colordiffuse="white">$INFO[Window(home).Property(MiniTextViewer_Icon)]</texture>
			</control>
			<control type="label">
				<left>45</left>
				<height max="25">auto</height>
				<font>font12</font>
				<textcolor>white</textcolor>
				<align>left</align>
				<label>$INFO[Window(home).Property(MiniTextViewer_Duration)]</label>
				<wrapmultiline>true</wrapmultiline>
			</control>
		</control>
		</control>
			<control type="radiobutton">
				<right>30</right>
				<top>25</top>
				<width>48</width>
				<height>48</height>
				<radiowidth>48</radiowidth>
				<radioheight>48</radioheight>
				<texturefocus />
				<texturenofocus />
				<label></label>
				<textureradioofffocus colordiffuse="EEFFFFFF">dialogs/close.png</textureradioofffocus>
				<textureradiooffnofocus colordiffuse="button_focus">special://xbmc/media/vendor_icon.png</textureradiooffnofocus>
				<textureradioonfocus colordiffuse="EEFFFFFF">dialogs/close.png</textureradioonfocus>
				<textureradioonnofocus colordiffuse="button_focus">special://xbmc/media/vendor_icon.png</textureradioonnofocus>
				<onclick>Action(close)</onclick>
			</control>
			<control type="button">
				<right>10</right>
				<top>11</top>
				<width>48</width>
				<height>48</height>
				<texturefocus>dialogs/close.png</texturefocus>
				<texturenofocus>dialogs/close.png</texturenofocus>
				<onclick>Action(close)</onclick>
				<visible>Skin.HasSetting(touchmode)</visible>
			</control>
			<control type="scrollbar" id="3000">
				<include>HiddenObject</include>
				<ondown>3000</ondown>
				<onup>3000</onup>
			</control>
		<control type="button" id="1000">
			<include>HiddenObject</include>
			<onclick>Action(Close)</onclick>
			<onup>PageUp(3000)</onup>
			<ondown>PageDown(3000)</ondown>
		</control>
		<control type="button">
			<centerleft>50%</centerleft>
			<top>-35</top>
			<width>48</width>
			<height>20</height>
			<texturefocus colordiffuse="button_focus" flipy="true">overlays/arrowdown.png</texturefocus>
			<texturenofocus colordiffuse="button_focus" flipy="true">overlays/arrowdown.png</texturenofocus>
			<onclick>SetFocus(3000)</onclick>
			<onclick>Up</onclick>
		</control>
		<control type="button">
			<centerleft>50%</centerleft>
			<top>700</top>
			<width>48</width>
			<height>20</height>
			<onclick>SetFocus(3000)</onclick>
			<onclick>Down</onclick>
			<texturefocus colordiffuse="button_focus">overlays/arrowdown.png</texturefocus>
			<texturenofocus colordiffuse="button_focus">overlays/arrowdown.png</texturenofocus>
		</control>
		</control>
		</control>

	</controls>
</window>
