<?xml version="1.0" encoding="UTF-8"?>
<window type="itemcontent" id="1326">
	<defaultcontrol always="true">9000</defaultcontrol>
	<controls>
		
		<control type="VideoWindow">
		<width>1</width>
		<height>1</height>
		</control>
		
		<control type="group">
		<visible>String.IsEqual(Container(9000).ListItem.Property(id),movies)</visible>
		<include content="ExtraWideWidget">
			<param name="visible" value="String.IsEqual(Container(9001).ListItem.Property(id),docu)"/>
			<param name="list_id" value="9002"/>
			<param name="target" value="videos"/>
			<param name="ondown" value="9001"/>
			<param name="content" value="plugin://plugin.video.themoviedb.helper/?info=tmdb_v4_list&amp;list_id=8512452&amp;list_name=%d7%a1%d7%a8%d7%98%d7%99%d7%9d%20%d7%93%d7%95%d7%a7%d7%95%d7%9e%d7%a0%d7%98%d7%a8%d7%99%d7%9d&amp;plugin_category=%d7%a1%d7%a8%d7%98%d7%99%d7%9d%20%d7%93%d7%95%d7%a7%d7%95%d7%9e%d7%a0%d7%98%d7%a8%d7%99%d7%9d&amp;tmdb_type=both&amp;user_id=577263d8c3a368246c005c2b"/>
		</include>
		<include content="ExtraWideWidget">
			<param name="visible" value="String.IsEqual(Container(9001).ListItem.Property(id),newmovies)"/>
			<param name="list_id" value="9003"/>
			<param name="ondown" value="9001"/>
			<param name="target" value="videos"/>
			<param name="content" value="plugin://plugin.video.themoviedb.helper/?info=tmdb_v4_list&amp;list_id=8512446&amp;list_name=%d7%a1%d7%a8%d7%98%d7%99%d7%9d%20%d7%97%d7%93%d7%a9%d7%99%d7%9d&amp;plugin_category=%d7%a1%d7%a8%d7%98%d7%99%d7%9d%20%d7%97%d7%93%d7%a9%d7%99%d7%9d&amp;tmdb_type=both&amp;user_id=577263d8c3a368246c005c2b"/>
		</include>
		<include content="ExtraWideWidget">
			<param name="visible" value="String.IsEqual(Container(9001).ListItem.Property(id),cinemamovies)"/>
			<param name="list_id" value="9004"/>
			<param name="ondown" value="9001"/>
			<param name="target" value="videos"/>
			<param name="content" value="plugin://plugin.video.themoviedb.helper/?info=now_playing&amp;tmdb_type=movie"/>
		</include>
		<include content="ExtraWideWidget">
			<param name="visible" value="String.IsEqual(Container(9001).ListItem.Property(id),animationmovies)"/>
			<param name="list_id" value="9005"/>
			<param name="ondown" value="9001"/>
			<param name="target" value="videos"/>
			<param name="content" value="plugin://plugin.video.themoviedb.helper/?info=tmdb_v4_list&amp;list_id=8514218&amp;list_name=%d7%a1%d7%a8%d7%98%d7%99%d7%9d%20%d7%9c%d7%99%d7%9c%d7%93%d7%99%d7%9d&amp;plugin_category=%d7%a1%d7%a8%d7%98%d7%99%d7%9d%20%d7%9c%d7%99%d7%9c%d7%93%d7%99%d7%9d&amp;tmdb_type=both&amp;user_id=577263d8c3a368246c005c2b"/>
		</include>
		</control>
		
		<control type="group">
		<visible>String.IsEqual(Container(9000).ListItem.Property(id),tvshows)</visible>
		<include content="ExtraWideWidget">
			<param name="visible" value="String.IsEqual(Container(9201).ListItem.Property(id),newtvshows)"/>
			<param name="list_id" value="9202"/>
			<param name="ondown" value="9201"/>
			<param name="target" value="videos"/>
			<param name="content" value="plugin://plugin.video.themoviedb.helper/?info=tmdb_v4_list&amp;list_id=8512447&amp;list_name=%d7%a1%d7%93%d7%a8%d7%95%d7%aa%20%d7%97%d7%93%d7%a9%d7%95%d7%aa&amp;plugin_category=%d7%a1%d7%93%d7%a8%d7%95%d7%aa%20%d7%97%d7%93%d7%a9%d7%95%d7%aa&amp;tmdb_type=both&amp;user_id=577263d8c3a368246c005c2b"/>
		</include>
		<include content="ExtraWideWidget">
			<param name="visible" value="String.IsEqual(Container(9201).ListItem.Property(id),docutvshows)"/>
			<param name="list_id" value="9203"/>
			<param name="ondown" value="9201"/>
			<param name="target" value="videos"/>
			<param name="content" value="plugin://plugin.video.themoviedb.helper/?info=tmdb_v4_list&amp;list_id=8512448&amp;list_name=%d7%a1%d7%93%d7%a8%d7%95%d7%aa%20%d7%93%d7%95%d7%a7%d7%95&amp;plugin_category=%d7%a1%d7%93%d7%a8%d7%95%d7%aa%20%d7%93%d7%95%d7%a7%d7%95&amp;tmdb_type=both&amp;user_id=577263d8c3a368246c005c2b"/>
		</include>
		<include content="ExtraWideWidget">
			<param name="visible" value="String.IsEqual(Container(9201).ListItem.Property(id),realitytvshows)"/>
			<param name="list_id" value="9204"/>
			<param name="ondown" value="9201"/>
			<param name="target" value="videos"/>
			<param name="content" value="plugin://plugin.video.themoviedb.helper/?info=tmdb_v4_list&amp;list_id=8512449&amp;list_name=%d7%a1%d7%93%d7%a8%d7%95%d7%aa%20%d7%a8%d7%99%d7%90%d7%9c%d7%99%d7%98%d7%99&amp;plugin_category=%d7%a1%d7%93%d7%a8%d7%95%d7%aa%20%d7%a8%d7%99%d7%90%d7%9c%d7%99%d7%98%d7%99&amp;tmdb_type=both&amp;user_id=577263d8c3a368246c005c2b"/>
		</include>
		<include content="ExtraWideWidget">
			<param name="visible" value="String.IsEqual(Container(9201).ListItem.Property(id),oldtvshows)"/>
			<param name="list_id" value="9205"/>
			<param name="ondown" value="9201"/>
			<param name="target" value="videos"/>
			<param name="content" value="plugin://plugin.video.themoviedb.helper/?info=tmdb_v4_list&amp;list_id=8512450&amp;list_name=%d7%a1%d7%93%d7%a8%d7%95%d7%aa%20%d7%a9%d7%9c%20%d7%a4%d7%a2%d7%9d&amp;plugin_category=%d7%a1%d7%93%d7%a8%d7%95%d7%aa%20%d7%a9%d7%9c%20%d7%a4%d7%a2%d7%9d&amp;tmdb_type=both&amp;user_id=577263d8c3a368246c005c2b"/>
		</include>
		<include content="ExtraWideWidget">
			<param name="visible" value="String.IsEqual(Container(9201).ListItem.Property(id),animationtvshows)"/>
			<param name="list_id" value="9206"/>
			<param name="ondown" value="9201"/>
			<param name="target" value="videos"/>
			<param name="content" value="plugin://plugin.video.themoviedb.helper/?info=tmdb_v4_list&amp;list_id=8512870&amp;list_name=%d7%a1%d7%93%d7%a8%d7%95%d7%aa%20%d7%99%d7%9c%d7%93%d7%99%d7%9d&amp;plugin_category=%d7%a1%d7%93%d7%a8%d7%95%d7%aa%20%d7%99%d7%9c%d7%93%d7%99%d7%9d&amp;tmdb_type=both&amp;user_id=577263d8c3a368246c005c2b"/>
		</include>
		</control>
	
	<control type="group">
	<bottom>0</bottom>
	<left>0</left>
	<right>0</right>
	<control type="list" id="9000">
	<top>575</top>
	<left>620</left>
	<right>40</right>
	<orientation>horizontal</orientation>
	<scrolltime tween="cubic">550</scrolltime>
	<ondown>SetFocus($INFO[Container(9000).ListItem.Property(item)])</ondown>
	<itemlayout width="350" height="45">
	<control type="label">
		<top>5</top>
		<bottom>5</bottom>
		<left>5</left>
		<right>5</right>
		<align>center</align>
		<aligny>center</aligny>
		<font>font32_title</font>
		<label>$INFO[ListItem.Label]</label>
	</control>
	</itemlayout>
	<focusedlayout width="350" height="45">
	<control type="image">
	<texture>colors/white.png</texture>
	<visible>Control.HasFocus(9000)</visible>
	</control>
	<control type="label">
		<top>5</top>
		<bottom>5</bottom>
		<left>5</left>
		<right>5</right>
		<align>center</align>
		<aligny>center</aligny>
		<label>$INFO[ListItem.Label]</label>
		<textcolor>gray</textcolor>
		<font>font32_title</font>
		<visible>!Control.HasFocus(9000)</visible>
	</control>
	<control type="label">
		<top>5</top>
		<bottom>5</bottom>
		<left>5</left>
		<right>5</right>
		<align>center</align>
		<aligny>center</aligny>
		<label>$INFO[ListItem.Label]</label>
		<textcolor>black</textcolor>
		<font>font32_title</font>
		<visible>Control.HasFocus(9000)</visible>
	</control>
	</focusedlayout>
	<content>
	<item id="1">
		<label>סדרות</label>
		<property name="id">tvshows</property>
		<property name="item">$NUMBER[9201]</property>
		<onclick>Control.SetFocus(9201)</onclick>
	</item>
	<item id="2">
		<label>סרטים</label>
		<property name="id">movies</property>
		<property name="item">$NUMBER[9001]</property>
		<onclick>Control.SetFocus(9001)</onclick>
	</item>
	</content>
	</control>


	<control type="list" id="9001">
	<top>1000</top>
	<left>10</left>
	<orientation>horizontal</orientation>
	<scrolltime tween="cubic">550</scrolltime>
	<onback>9000</onback>
	<onright>false</onright>
	<onleft>false</onleft>
	<visible>String.IsEqual(Container(9000).ListItem.Property(id),movies)</visible>
	<onup>SetFocus($INFO[Container(9001).ListItem.Property(item)])</onup>
	<itemlayout width="450" height="80">
	<control type="label">
		<top>5</top>
		<bottom>5</bottom>
		<left>5</left>
		<right>5</right>
		<align>center</align>
		<aligny>center</aligny>
		<label>$INFO[ListItem.Label]</label>
	</control>
	</itemlayout>
	<focusedlayout width="450" height="80">
	<control type="image">
		<top>5</top>
		<bottom>5</bottom>
		<left>5</left>
		<right>5</right>
		<texture colordiffuse="white" border="15,1,15,1">stroke/stroke.png</texture>
		<visible>Control.HasFocus(9001)</visible>
	</control>
	<control type="label">
		<top>5</top>
		<bottom>5</bottom>
		<left>5</left>
		<right>5</right>
		<align>center</align>
		<aligny>center</aligny>
		<label>$INFO[ListItem.Label]</label>
		<textcolor>white</textcolor>
		<visible>!Control.HasFocus(9001)</visible>
	</control>
	<control type="label">
		<top>5</top>
		<bottom>5</bottom>
		<left>5</left>
		<right>5</right>
		<align>center</align>
		<aligny>center</aligny>
		<label>$INFO[ListItem.Label]</label>
		<textcolor>button_focus</textcolor>
		<visible>Control.HasFocus(9001)</visible>
	</control>
	</focusedlayout>
	<content>
	<item id="1">
		<label>דוקומנטרים</label>
		<property name="id">docu</property>
		<property name="item">$NUMBER[9002]</property>
		<onclick>Control.SetFocus(9002)</onclick>
	</item>
	<item id="2">
		<label>חדשים</label>
		<property name="id">newmovies</property>
		<property name="item">$NUMBER[9003]</property>
		<onclick>Control.SetFocus(9003)</onclick>
	</item>
	<item id="3">
		<label>בקולנוע</label>
		<property name="id">cinemamovies</property>
		<property name="item">$NUMBER[9004]</property>
		<onclick>Control.SetFocus(9004)</onclick>
	</item>
	<item id="3">
		<label>מדובבים</label>
		<property name="id">animationmovies</property>
		<property name="item">$NUMBER[9005]</property>
		<onclick>Control.SetFocus(9005)</onclick>
	</item>
	</content>
	</control>

	
	<control type="fixedlist" id="9201">
	<top>1000</top>
	<left>10</left>
	<orientation>horizontal</orientation>
	<scrolltime tween="cubic">550</scrolltime>
	<onback>9000</onback>
	<onright>false</onright>
	<onleft>false</onleft>
	<focusposition>2</focusposition>
	<movement>2</movement>
	<visible>String.IsEqual(Container(9000).ListItem.Property(id),tvshows)</visible>
	<onup>SetFocus($INFO[Container(9201).ListItem.Property(item)])</onup>
	<itemlayout width="380" height="80">
	<control type="label">
		<top>5</top>
		<bottom>5</bottom>
		<left>5</left>
		<right>5</right>
		<align>center</align>
		<aligny>center</aligny>
		<label>$INFO[ListItem.Label]</label>
	</control>
	</itemlayout>
	<focusedlayout width="380" height="80">
	<control type="image">
		<top>5</top>
		<bottom>5</bottom>
		<left>5</left>
		<right>5</right>
		<texture colordiffuse="white" border="15,1,15,1">stroke/stroke.png</texture>
		<visible>Control.HasFocus(9201)</visible>
	</control>
	<control type="label">
		<top>5</top>
		<bottom>5</bottom>
		<left>5</left>
		<right>5</right>
		<align>center</align>
		<aligny>center</aligny>
		<label>$INFO[ListItem.Label]</label>
		<textcolor>white</textcolor>
		<visible>!Control.HasFocus(9201)</visible>
	</control>
	<control type="label">
		<top>5</top>
		<bottom>5</bottom>
		<left>5</left>
		<right>5</right>
		<align>center</align>
		<aligny>center</aligny>
		<label>$INFO[ListItem.Label]</label>
		<textcolor>button_focus</textcolor>
		<visible>Control.HasFocus(9201)</visible>
	</control>
	</focusedlayout>
	<content>
	<item id="2">
		<label>חדשים</label>
		<property name="id">newtvshows</property>
		<property name="item">$NUMBER[9202]</property>
		<onclick>Control.SetFocus(9202)</onclick>
	</item>
	<item id="1">
		<label>דוקומנטרים</label>
		<property name="id">docutvshows</property>
		<property name="item">$NUMBER[9203]</property>
		<onclick>Control.SetFocus(9203)</onclick>
	</item>
	<item id="3">
		<label>ריאליטי</label>
		<property name="id">realitytvshows</property>
		<property name="item">$NUMBER[9204]</property>
		<onclick>Control.SetFocus(9204)</onclick>
	</item>
	<item id="3">
		<label>סדרות של פעם</label>
		<property name="id">oldtvshows</property>
		<property name="item">$NUMBER[9205]</property>
		<onclick>Control.SetFocus(9205)</onclick>
	</item>
	<item id="3">
		<label>סדרות ילדים</label>
		<property name="id">animationtvshows</property>
		<property name="item">$NUMBER[9206]</property>
		<onclick>Control.SetFocus(9206)</onclick>
	</item>
	</content>
	</control>
	
	
	</control>
	
	
	
	
	
	
	
	
	</controls>
</window>
