<?xml version="1.0" encoding="UTF-8"?>
<window type="dialog" id="1200">
<defaultcontrol always="true">4110</defaultcontrol>
	<include>Animation_DialogPopupOpenClose</include>
	<controls>
	

		
		<control type="group">
		<width>1350</width>
		<height>650</height>
		<centertop>46%</centertop>
		<centerleft>50%</centerleft>
		<include>Animation_DialogPopupOpenClose</include>
		<control type="image">
			<width>1350</width>
			<height>650</height>
			<bordertexture colordiffuse="button_focus">masks/landscape_w1140_h680.png</bordertexture>
			<bordersize>2</bordersize>
			<texture colordiffuse="black">masks/landscape_w1140_h680.png</texture>
		</control>
		<control type="textbox">
			<top>65</top>
			<left>785</left>
			<font>font37</font>
			<aligny>center</aligny>
			<height>524</height>
			<width>500</width>
			<label fallback="No Information">[I]$INFO[Control.GetLabel(4110)][/I]</label>
		</control>
		<control type="fixedlist" id="4110">
		<top>70</top>
		<left>25</left>
		<onback>202</onback>
		<width>1500</width>
		<height>505</height>
		<movement>4</movement>
		<focusposition>3</focusposition>
		<scrolltime tween="cubic">550</scrolltime>
		<itemlayout width="730" height="104">
		<control type="group">
		<height>73</height>
			<control type="image">
				<top>4</top>
				<bottom>4</bottom>
				<height>87</height>
				<texture colordiffuse="15FFFFFF">colors/white.png</texture>
			</control>
			<control type="label">
				<top>0</top>
				<left>105</left>
				<font>font37</font>
				<height>104</height>
				<label>$INFO[ListItem.Label2]</label>
				<scroll>true</scroll>
			</control>
			<control type="label">
				<top>50</top>
				<left>105</left>
				<font>font27</font>
				<height>24</height>
				<label>$INFO[ListItem.Property(genre)]</label>
			</control>
			<control type="image">
				<top>10</top>
				<left>5</left>
				<width>75</width>
				<height>75</height>
				<bordertexture colordiffuse="gray">colors/white.png</bordertexture>
				<bordersize>1</bordersize>
				<texture>$INFO[ListItem.Icon]</texture>
			</control>
		</control>
		</itemlayout>
		<focusedlayout width="730" height="104">
		<control type="group">
		<height>73</height>
			<control type="image">
				<top>4</top>
				<bottom>4</bottom>
				<height>87</height>
				<texture diffuse="glass.jpg" colordiffuse="95FFFFFF">colors/white.png</texture>
			</control>
			<control type="image">
				<top>4</top>
				<bottom>4</bottom>
				<height>87</height>
				<texture colordiffuse="15FFFFFF">colors/white.png</texture>
			</control>

			<control type="label">
				<top>0</top>
				<left>105</left>
				<font>font37</font>
				<height>104</height>
				<label>$INFO[ListItem.Label2]</label>
				<scroll>true</scroll>
			</control>
			<control type="label">
				<top>50</top>
				<left>105</left>
				<font>font27</font>
				<height>24</height>
				<label>$INFO[ListItem.Property(genre)]</label>
			</control>
			<control type="image">
				<top>10</top>
				<left>5</left>
				<width>75</width>
				<height>75</height>
				<bordertexture colordiffuse="gray">colors/white.png</bordertexture>
				<bordersize>1</bordersize>
				<texture>$INFO[ListItem.Icon]</texture>
			</control>
		</control>
		</focusedlayout>
		<content>
		<item id="1">
			<label>$INFO[VideoPlayer.offset(1).Plot]</label>
			<label2>$INFO[VideoPlayer.offset(1).Title]</label2>
			<icon>$INFO[VideoPlayer.offset(1).Art(fanart)]</icon>
			<onclick>Playlist.PlayOffset(1)</onclick>
			<visible>!String.IsEmpty(VideoPlayer.offset(1).Title)</visible>
			<property name="genre">$INFO[VideoPlayer.offset(1).Year]</property>
		</item>
		<item id="2">
			<label>$INFO[VideoPlayer.offset(2).Plot]</label>
			<label2>$INFO[VideoPlayer.offset(2).Title]</label2>
			<icon>$INFO[VideoPlayer.offset(2).Art(fanart)]</icon>
			<onclick>Playlist.PlayOffset(2)</onclick>
			<visible>!String.IsEmpty(VideoPlayer.offset(2).Title)</visible>
			<property name="genre">$INFO[VideoPlayer.offset(2).Year]</property>
		</item>
		<item id="3">
			<label>$INFO[VideoPlayer.offset(3).Plot]</label>
			<label2>$INFO[VideoPlayer.offset(3).Title]</label2>
			<icon>$INFO[VideoPlayer.offset(3).Art(fanart)]</icon>
			<onclick>Playlist.PlayOffset(3)</onclick>
			<visible>!String.IsEmpty(VideoPlayer.offset(3).Title)</visible>
			<property name="genre">$INFO[VideoPlayer.offset(3).Year]</property>
		</item>
		<item id="4">
			<label>$INFO[VideoPlayer.offset(4).Plot]</label>
			<label2>$INFO[VideoPlayer.offset(4).Title]</label2>
			<icon>$INFO[VideoPlayer.offset(4).Art(fanart)]</icon>
			<onclick>Playlist.PlayOffset(4)</onclick>
			<visible>!String.IsEmpty(VideoPlayer.offset(4).Title)</visible>
			<property name="genre">$INFO[VideoPlayer.offset(4).Year]</property>
		</item>
		<item id="5">
			<label>$INFO[VideoPlayer.offset(5).Plot]</label>
			<label2>$INFO[VideoPlayer.offset(5).Title]</label2>
			<icon>$INFO[VideoPlayer.offset(5).Art(fanart)]</icon>
			<onclick>Playlist.PlayOffset(5)</onclick>
			<visible>!String.IsEmpty(VideoPlayer.offset(5).Title)</visible>
			<property name="genre">$INFO[VideoPlayer.offset(5).Year]</property>
		</item>
		<item id="6">
			<label>$INFO[VideoPlayer.offset(6).Plot]</label>
			<label2>$INFO[VideoPlayer.offset(6).Title]</label2>
			<icon>$INFO[VideoPlayer.offset(6).Art(fanart)]</icon>
			<onclick>Playlist.PlayOffset(6)</onclick>
			<visible>!String.IsEmpty(VideoPlayer.offset(6).Title)</visible>
			<property name="genre">$INFO[VideoPlayer.offset(6).Year]</property>
		</item>
		<item id="7">
			<label>$INFO[VideoPlayer.offset(7).Plot]</label>
			<label2>$INFO[VideoPlayer.offset(7).Title]</label2>
			<icon>$INFO[VideoPlayer.offset(7).Art(fanart)]</icon>
			<onclick>Playlist.PlayOffset(7)</onclick>
			<visible>!String.IsEmpty(VideoPlayer.offset(7).Title)</visible>
			<property name="genre">$INFO[VideoPlayer.offset(7).Year]</property>
		</item>
		<item id="8">
			<label>$INFO[VideoPlayer.offset(8).Plot]</label>
			<label2>$INFO[VideoPlayer.offset(8).Title]</label2>
			<icon>$INFO[VideoPlayer.offset(8).Art(fanart)]</icon>
			<onclick>Playlist.PlayOffset(8)</onclick>
			<visible>!String.IsEmpty(VideoPlayer.offset(8).Title)</visible>
			<property name="genre">$INFO[VideoPlayer.offset(8).Year]</property>
		</item>
		<item id="9">
			<label>$INFO[VideoPlayer.offset(9).Plot]</label>
			<label2>$INFO[VideoPlayer.offset(9).Title]</label2>
			<icon>$INFO[VideoPlayer.offset(9).Art(fanart)]</icon>
			<onclick>Playlist.PlayOffset(9)</onclick>
			<visible>!String.IsEmpty(VideoPlayer.offset(9).Title)</visible>
			<property name="genre">$INFO[VideoPlayer.offset(9).Year]</property>
		</item>
		<item id="10">
			<label>$INFO[VideoPlayer.offset(10).Plot]</label>
			<label2>$INFO[VideoPlayer.offset(10).Title]</label2>
			<icon>$INFO[VideoPlayer.offset(10).Art(fanart)]</icon>
			<onclick>Playlist.PlayOffset(10)</onclick>
			<visible>!String.IsEmpty(VideoPlayer.offset(10).Title)</visible>
			<property name="genre">$INFO[VideoPlayer.offset(10).Year]</property>
		</item>
		<item id="11">
			<label>$INFO[VideoPlayer.offset(11).Plot]</label>
			<label2>$INFO[VideoPlayer.offset(11).Title]</label2>
			<icon>$INFO[VideoPlayer.offset(11).Art(fanart)]</icon>
			<onclick>Playlist.PlayOffset(11)</onclick>
			<visible>!String.IsEmpty(VideoPlayer.offset(11).Title)</visible>
			<property name="genre">$INFO[VideoPlayer.offset(11).Year]</property>
		</item>
		<item id="12">
			<label>$INFO[VideoPlayer.offset(12).Plot]</label>
			<label2>$INFO[VideoPlayer.offset(12).Title]</label2>
			<icon>$INFO[VideoPlayer.offset(12).Art(fanart)]</icon>
			<onclick>Playlist.PlayOffset(12)</onclick>
			<visible>!String.IsEmpty(VideoPlayer.offset(12).Title)</visible>
			<property name="genre">$INFO[VideoPlayer.offset(12).Year]</property>
		</item>	
		<item id="13">
			<label>$INFO[VideoPlayer.offset(13).Plot]</label>
			<label2>$INFO[VideoPlayer.offset(13).Title]</label2>
			<icon>$INFO[VideoPlayer.offset(13).Art(fanart)]</icon>
			<onclick>Playlist.PlayOffset(13)</onclick>
			<visible>!String.IsEmpty(VideoPlayer.offset(13).Title)</visible>
			<property name="genre">$INFO[VideoPlayer.offset(13).Year]</property>
		</item>	
		<item id="14">
			<label>$INFO[VideoPlayer.offset(14).Plot]</label>
			<label2>$INFO[VideoPlayer.offset(14).Title]</label2>
			<icon>$INFO[VideoPlayer.offset(14).Art(fanart)]</icon>
			<onclick>Playlist.PlayOffset(14)</onclick>
			<visible>!String.IsEmpty(VideoPlayer.offset(14).Title)</visible>
			<property name="genre">$INFO[VideoPlayer.offset(15).Year]</property>
		</item>	
		<item id="15">
			<label>$INFO[VideoPlayer.offset(15).Plot]</label>
			<label2>$INFO[VideoPlayer.offset(15).Title]</label2>
			<icon>$INFO[VideoPlayer.offset(15).Art(fanart)]</icon>
			<onclick>Playlist.PlayOffset(15)</onclick>
			<visible>!String.IsEmpty(VideoPlayer.offset(15).Title)</visible>
			<property name="genre">$INFO[VideoPlayer.offset(15).Year]</property>
		</item>	
		<item id="16">
			<label>$INFO[VideoPlayer.offset(16).Plot]</label>
			<label2>$INFO[VideoPlayer.offset(16).Title]</label2>
			<icon>$INFO[VideoPlayer.offset(16).Art(fanart)]</icon>
			<onclick>Playlist.PlayOffset(16)</onclick>
			<visible>!String.IsEmpty(VideoPlayer.offset(16).Title)</visible>
			<property name="genre">$INFO[VideoPlayer.offset(16).Year]</property>
		</item>
		<item id="17">
			<label>$INFO[VideoPlayer.offset(17).Plot]</label>
			<label2>$INFO[VideoPlayer.offset(17).Title]</label2>
			<icon>$INFO[VideoPlayer.offset(17).Art(fanart)]</icon>
			<onclick>Playlist.PlayOffset(17)</onclick>
			<visible>!String.IsEmpty(VideoPlayer.offset(17).Title)</visible>
			<property name="genre">$INFO[VideoPlayer.offset(17).Year]</property>
		</item>	
		<item id="18">
			<label>$INFO[VideoPlayer.offset(18).Plot]</label>
			<label2>$INFO[VideoPlayer.offset(18).Title]</label2>
			<icon>$INFO[VideoPlayer.offset(18).Art(fanart)]</icon>
			<onclick>Playlist.PlayOffset(18)</onclick>
			<visible>!String.IsEmpty(VideoPlayer.offset(18).Title)</visible>
			<property name="genre">$INFO[VideoPlayer.offset(18).Year]</property>
		</item>	
		<item id="19">
			<label>$INFO[VideoPlayer.offset(19).Plot]</label>
			<label2>$INFO[VideoPlayer.offset(19).Title]</label2>
			<icon>$INFO[VideoPlayer.offset(19).Art(fanart)]</icon>
			<onclick>Playlist.PlayOffset(19)</onclick>
			<visible>!String.IsEmpty(VideoPlayer.offset(19).Title)</visible>
			<property name="genre">$INFO[VideoPlayer.offset(19).Year]</property>
		</item>		
		<item id="20">
			<label>$INFO[VideoPlayer.offset(20).Plot]</label>
			<label2>$INFO[VideoPlayer.offset(20).Title]</label2>
			<icon>$INFO[VideoPlayer.offset(20).Art(fanart)]</icon>
			<onclick>Playlist.PlayOffset(20)</onclick>
			<visible>!String.IsEmpty(VideoPlayer.offset(20).Title)</visible>
			<property name="genre">$INFO[VideoPlayer.offset(20).Year]</property>
		</item>
		<item id="21">
			<label>$INFO[VideoPlayer.offset(21).Plot]</label>
			<label2>$INFO[VideoPlayer.offset(21).Title]</label2>
			<icon>$INFO[VideoPlayer.offset(21).Art(fanart)]</icon>
			<onclick>Playlist.PlayOffset(21)</onclick>
			<visible>!String.IsEmpty(VideoPlayer.offset(21).Title)</visible>
			<property name="genre">$INFO[VideoPlayer.offset(21).Year]</property>
		</item>
		<item id="22">
			<label>$INFO[VideoPlayer.offset(22).Plot]</label>
			<label2>$INFO[VideoPlayer.offset(22).Title]</label2>
			<icon>$INFO[VideoPlayer.offset(22).Art(fanart)]</icon>
			<onclick>Playlist.PlayOffset(22)</onclick>
			<visible>!String.IsEmpty(VideoPlayer.offset(22).Title)</visible>
			<property name="genre">$INFO[VideoPlayer.offset(22).Year]</property>
		</item>
		<item id="23">
			<label>$INFO[VideoPlayer.offset(23).Plot]</label>
			<label2>$INFO[VideoPlayer.offset(23).Title]</label2>
			<icon>$INFO[VideoPlayer.offset(23).Art(fanart)]</icon>
			<onclick>Playlist.PlayOffset(23)</onclick>
			<visible>!String.IsEmpty(VideoPlayer.offset(23).Title)</visible>
			<property name="genre">$INFO[VideoPlayer.offset(23).Year]</property>
		</item>
		<item id="24">
			<label>$INFO[VideoPlayer.offset(24).Plot]</label>
			<label2>$INFO[VideoPlayer.offset(24).Title]</label2>
			<icon>$INFO[VideoPlayer.offset(24).Art(fanart)]</icon>
			<onclick>Playlist.PlayOffset(24)</onclick>
			<visible>!String.IsEmpty(VideoPlayer.offset(24).Title)</visible>
			<property name="genre">$INFO[VideoPlayer.offset(24).Year]</property>
		</item>	
		<item id="25">
			<label>$INFO[VideoPlayer.offset(25).Plot]</label>
			<label2>$INFO[VideoPlayer.offset(25).Title]</label2>
			<icon>$INFO[VideoPlayer.offset(25).Art(fanart)]</icon>
			<onclick>Playlist.PlayOffset(25)</onclick>
			<visible>!String.IsEmpty(VideoPlayer.offset(25).Title)</visible>
			<property name="genre">$INFO[VideoPlayer.offset(25).Year]</property>
		</item>
		<item id="26">
			<label>$INFO[VideoPlayer.offset(26).Plot]</label>
			<label2>$INFO[VideoPlayer.offset(26).Title]</label2>
			<icon>$INFO[VideoPlayer.offset(26).Art(fanart)]</icon>
			<onclick>Playlist.PlayOffset(26)</onclick>
			<visible>!String.IsEmpty(VideoPlayer.offset(26).Title)</visible>
			<property name="genre">$INFO[VideoPlayer.offset(26).Year]</property>
		</item>
		<item id="27">
			<label>$INFO[VideoPlayer.offset(27).Plot]</label>
			<label2>$INFO[VideoPlayer.offset(27).Title]</label2>
			<icon>$INFO[VideoPlayer.offset(27).Art(fanart)]</icon>
			<onclick>Playlist.PlayOffset(27)</onclick>
			<visible>!String.IsEmpty(VideoPlayer.offset(27).Title)</visible>
			<property name="genre">$INFO[VideoPlayer.offset(27).Year]</property>
		</item>	
		<item id="28">
			<label>$INFO[VideoPlayer.offset(28).Plot]</label>
			<label2>$INFO[VideoPlayer.offset(28).Title]</label2>
			<icon>$INFO[VideoPlayer.offset(28).Art(fanart)]</icon>
			<onclick>Playlist.PlayOffset(28)</onclick>
			<visible>!String.IsEmpty(VideoPlayer.offset(28).Title)</visible>
			<property name="genre">$INFO[VideoPlayer.offset(28).Year]</property>
		</item>
		<item id="29">
			<label>$INFO[VideoPlayer.offset(29).Plot]</label>
			<label2>$INFO[VideoPlayer.offset(29).Title]</label2>
			<icon>$INFO[VideoPlayer.offset(29).Art(fanart)]</icon>
			<onclick>Playlist.PlayOffset(29)</onclick>
			<visible>!String.IsEmpty(VideoPlayer.offset(29).Title)</visible>
			<property name="genre">$INFO[VideoPlayer.offset(29).Year]</property>
		</item>
		<item id="30">
			<label>$INFO[VideoPlayer.offset(30).Plot]</label>
			<label2>$INFO[VideoPlayer.offset(30).Title]</label2>
			<icon>$INFO[VideoPlayer.offset(30).Art(fanart)]</icon>
			<onclick>Playlist.PlayOffset(30)</onclick>
			<visible>!String.IsEmpty(VideoPlayer.offset(30).Title)</visible>
			<property name="genre">$INFO[VideoPlayer.offset(30).Year]</property>
		</item>
		<item id="31">
			<label>$INFO[VideoPlayer.offset(31).Plot]</label>
			<label2>$INFO[VideoPlayer.offset(31).Title]</label2>
			<icon>$INFO[VideoPlayer.offset(31).Art(fanart)]</icon>
			<onclick>Playlist.PlayOffset(31)</onclick>
			<visible>!String.IsEmpty(VideoPlayer.offset(31).Title)</visible>
			<property name="genre">$INFO[VideoPlayer.offset(31).Year]</property>
		</item>
		<item id="32">
			<label>$INFO[VideoPlayer.offset(32).Plot]</label>
			<label2>$INFO[VideoPlayer.offset(32).Title]</label2>
			<icon>$INFO[VideoPlayer.offset(32).Art(fanart)]</icon>
			<onclick>Playlist.PlayOffset(32)</onclick>
			<visible>!String.IsEmpty(VideoPlayer.offset(32).Title)</visible>
			<property name="genre">$INFO[VideoPlayer.offset(32).Year]</property>
		</item>
		<item id="33">
			<label>$INFO[VideoPlayer.offset(33).Plot]</label>
			<label2>$INFO[VideoPlayer.offset(33).Title]</label2>
			<icon>$INFO[VideoPlayer.offset(33).Art(fanart)]</icon>
			<onclick>Playlist.PlayOffset(33)</onclick>
			<visible>!String.IsEmpty(VideoPlayer.offset(33).Title)</visible>
			<property name="genre">$INFO[VideoPlayer.offset(33).Year]</property>
		</item>
		<item id="34">
			<label>$INFO[VideoPlayer.offset(34).Plot]</label>
			<label2>$INFO[VideoPlayer.offset(34).Title]</label2>
			<icon>$INFO[VideoPlayer.offset(34).Art(fanart)]</icon>
			<onclick>Playlist.PlayOffset(34)</onclick>
			<visible>!String.IsEmpty(VideoPlayer.offset(34).Title)</visible>
			<property name="genre">$INFO[VideoPlayer.offset(34).Year]</property>
		</item>
		<item id="35">
			<label>$INFO[VideoPlayer.offset(35).Plot]</label>
			<label2>$INFO[VideoPlayer.offset(35).Title]</label2>
			<icon>$INFO[VideoPlayer.offset(35).Art(fanart)]</icon>
			<onclick>Playlist.PlayOffset(35)</onclick>
			<visible>!String.IsEmpty(VideoPlayer.offset(35).Title)</visible>
			<property name="genre">$INFO[VideoPlayer.offset(35).Year]</property>
		</item>
		<item id="36">
			<label>$INFO[VideoPlayer.offset(36).Plot]</label>
			<label2>$INFO[VideoPlayer.offset(36).Title]</label2>
			<icon>$INFO[VideoPlayer.offset(36).Art(fanart)]</icon>
			<onclick>Playlist.PlayOffset(36)</onclick>
			<visible>!String.IsEmpty(VideoPlayer.offset(36).Title)</visible>
			<property name="genre">$INFO[VideoPlayer.offset(36).Year]</property>
		</item>	
		<item id="37">
			<label>$INFO[VideoPlayer.offset(37).Plot]</label>
			<label2>$INFO[VideoPlayer.offset(37).Title]</label2>
			<icon>$INFO[VideoPlayer.offset(37).Art(fanart)]</icon>
			<onclick>Playlist.PlayOffset(37)</onclick>
			<visible>!String.IsEmpty(VideoPlayer.offset(37).Title)</visible>
			<property name="genre">$INFO[VideoPlayer.offset(37).Year]</property>
		</item>
		<item id="38">
			<label>$INFO[VideoPlayer.offset(38).Plot]</label>
			<label2>$INFO[VideoPlayer.offset(38).Title]</label2>
			<icon>$INFO[VideoPlayer.offset(38).Art(fanart)]</icon>
			<onclick>Playlist.PlayOffset(38)</onclick>
			<visible>!String.IsEmpty(VideoPlayer.offset(38).Title)</visible>
			<property name="genre">$INFO[VideoPlayer.offset(38).Year]</property>
		</item>
		<item id="39">
			<label>$INFO[VideoPlayer.offset(39).Plot]</label>
			<label2>$INFO[VideoPlayer.offset(39).Title]</label2>
			<icon>$INFO[VideoPlayer.offset(39).Art(fanart)]</icon>
			<onclick>Playlist.PlayOffset(39)</onclick>
			<visible>!String.IsEmpty(VideoPlayer.offset(39).Title)</visible>
			<property name="genre">$INFO[VideoPlayer.offset(39).Year]</property>
		</item>
		<item id="40">
			<label>$INFO[VideoPlayer.offset(40).Plot]</label>
			<label2>$INFO[VideoPlayer.offset(40).Title]</label2>
			<icon>$INFO[VideoPlayer.offset(40).Art(fanart)]</icon>
			<onclick>Playlist.PlayOffset(40)</onclick>
			<visible>!String.IsEmpty(VideoPlayer.offset(40).Title)</visible>
			<property name="genre">$INFO[VideoPlayer.offset(40).Year]</property>
		</item>
		</content>
		</control>
		</control>
		
	</controls>
</window>
