<?xml version="1.0" encoding="UTF-8"?>
<window type="SearchResults" id="1190">
	<defaultcontrol>22000</defaultcontrol>
	<backgroundcolor>background</backgroundcolor>
	<onback>close</onback>
	<include>VisibleHiddenWindowCloseWindowOpenAnim</include>
	<controls>
		<include>newdefaultbackground</include>
		
		
				<control type="group" id="22000">
				<top>-100</top>
					<include content="Visible_Right_Delayed">
						<param name="id" value="tvshows"/>
					</include>
					<control type="grouplist" id="22001">
						<include>WidgetGroupListCommon</include>
						<pagecontrol>22099</pagecontrol>
						<include content="TVShowWidgets" condition="!Skin.HasSetting(HomeMenuNoTVShowsButton)" />
					</control>
					<include content="WidgetScrollbar" condition="Skin.HasSetting(touchmode)">
						<param name="scrollbar_id" value="22099"/>
					</include>
				</control>

</controls>
</window>
