<?xml version="1.0" encoding="utf-8"?>
<window type="dialog" id="1331">
	<defaultcontrol always="true">9101</defaultcontrol>
		<animation type="WindowOpen" reversible="false">
			<effect type="zoom" start="80" end="100" center="50%,50%" delay="40" tween="back" time="50" />
			<effect type="fade" delay="240" end="100" time="50" />
		</animation>
		<animation type="WindowClose" reversible="false">
			<effect type="zoom" start="100" end="80" center="50%,50%" easing="in" tween="back" time="50" />
			<effect type="fade" start="100" end="0" time="50" />
		</animation>
		<onload>ClearProperty(CastMemebers,true)</onload>
		<onunload>ClearProperty(CastMemebers,true)</onunload>	
		<onload>ClearProperty(TrailersWidget,true)</onload>
		<onunload>ClearProperty(TrailersWidget,true)</onunload>
	<controls>
	<control type="image">
	<texture colordiffuse="75000000">colors/white.png</texture>
	</control>
	
		<control type="group">
		<animation condition="[String.IsEqual(Container(9101).ListItem.Property(menu_id),ActrosWidget) + Integer.IsGreater(Container(3500).NumItems,0)] | [String.IsEqual(Container(9101).ListItem.Property(menu_id),TrailersWidget) + Integer.IsGreater(Container(3501).NumItems,0)]" effect="slide" start="0,0" end="100,0" time="250" tween="sine" easing="inout">Conditional</animation>
		<control type="group">
		<top>205</top>
		<bottom>220</bottom>
		<left>365</left>
		<right>1320</right>
		<animation condition="[String.IsEqual(Container(9101).ListItem.Property(menu_id),ActrosWidget) + Integer.IsGreater(Container(3500).NumItems,0)] | [String.IsEqual(Container(9101).ListItem.Property(menu_id),TrailersWidget) + Integer.IsGreater(Container(3501).NumItems,0)]" effect="slide" start="0,0" end="-310,0" time="250" tween="sine" easing="inout">Conditonal</animation>
		<control type="image">
			<left>-2</left>
			<top>-2</top>
			<right>-2</right>
			<bottom>-2</bottom>
			<texture colordiffuse="gray">colors/white.png</texture>
		</control>
		<control type="image">
			<left>0</left>
			<top>0</top>
			<right>0</right>
			<bottom>0</bottom>
			<texture colordiffuse="FF181818">colors/white.png</texture>
		</control>
		<include content="NewScreenGetWidgetsOnInfo">
		<param name="list_id">3500</param>
		<param name="visible">String.IsEqual(Container(9101).ListItem.Property(menu_id),ActrosWidget)</param>
		<param name="content">$INFO[Window(home).Property(CastMemebers)]</param>
		</include>
		<include content="HomeScreenGetWidgetsOnInfo">
		<param name="list_id">3501</param>
		<param name="visible">String.IsEqual(Container(9101).ListItem.Property(menu_id),TrailersWidget)</param>
		<param name="content">$INFO[Window(home).Property(TrailersWidget)]</param>
		</include>
		</control>
	
	
	<control type="group">
	<left>300</left>
	<right>300</right>
	<top>205</top>
	<bottom>220</bottom>
		<control type="button">
			<left>-2000</left>
			<top>-2000</top>
			<width>6000</width>
			<height>6000</height>
			<texturefocus />
			<texturenofocus />
			<onclick>Action(close)</onclick>
		</control>
		<control type="group">
			<control type="image">
				<left>-2</left>
				<top>-2</top>
				<right>-2</right>
				<bottom>-2</bottom>
				<texture colordiffuse="gray">colors/white.png</texture>
			</control>
			<control type="image">
				<left>0</left>
				<top>0</top>
				<right>0</right>
				<bottom>0</bottom>
				<texture colordiffuse="FF181818">colors/white.png</texture>
			</control>
			<control type="textbox" id="$PARAM[header_id]">
				<right>200</right>
				<left>150</left>
				<height>150</height>
				<font>font45</font>
				<label>$INFO[Window(home).Property(MiniTextViewer_Title)]</label>
				<align>center</align> 
				<aligny>center</aligny>
				<textcolor>button_focus</textcolor>
				<shadowcolor>black</shadowcolor>
			</control>
			<control type="label" id="$PARAM[header_id]">
				<top>50</top>
				<right>200</right>
				<left>150</left>
				<height>150</height>
				<font>font32</font>
				<label>$INFO[Window(home).Property(GenreTextViewer)]</label>
				<align>center</align> 
				<aligny>center</aligny>
				<textcolor>button_focus</textcolor>
				<shadowcolor>black</shadowcolor>
			</control>
			<control type="grouplist">
			<right>20</right>
			<left>20</left>
			<bottom>20</bottom>
			<top>175</top>
			<itemgap>25</itemgap>
			<control type="textbox">
				<height max="315">auto</height>
				<align>center</align>
				<pagecontrol>3000</pagecontrol>
				<font>font45</font>
				<label>$INFO[Window(home).Property(MiniTextViewer_Plot)] $INFO[Window(home).Property(MiniTextViewer_Comment)]</label>
				<autoscroll fade="5500" time="5500">true</autoscroll>
			</control>
			<control type="group">
			<control type="image">
				<top>2</top>
				<width>35</width>
				<height>35</height>
				<texture colordiffuse="white">$INFO[Window(home).Property(MiniTextViewer_Icon)]</texture>
			</control>
			<control type="label">
				<left>45</left>
				<height max="25">auto</height>
				<font>font12</font>
				<textcolor>white</textcolor>
				<align>left</align>
				<label>$INFO[Window(home).Property(MiniTextViewer_Duration)]</label>
				<wrapmultiline>true</wrapmultiline>
			</control>
		</control>
		</control>
			<control type="radiobutton">
				<right>30</right>
				<top>25</top>
				<width>48</width>
				<height>48</height>
				<radiowidth>48</radiowidth>
				<radioheight>48</radioheight>
				<texturefocus />
				<texturenofocus />
				<label></label>
				<textureradioofffocus colordiffuse="EEFFFFFF">dialogs/close.png</textureradioofffocus>
				<textureradiooffnofocus colordiffuse="button_focus">special://xbmc/media/vendor_icon.png</textureradiooffnofocus>
				<textureradioonfocus colordiffuse="EEFFFFFF">dialogs/close.png</textureradioonfocus>
				<textureradioonnofocus colordiffuse="button_focus">special://xbmc/media/vendor_icon.png</textureradioonnofocus>
				<onclick>Action(close)</onclick>
			</control>
			<control type="button">
				<right>10</right>
				<top>11</top>
				<width>48</width>
				<height>48</height>
				<texturefocus>dialogs/close.png</texturefocus>
				<texturenofocus>dialogs/close.png</texturenofocus>
				<onclick>Action(close)</onclick>
				<visible>Skin.HasSetting(touchmode)</visible>
			</control>
			<control type="scrollbar" id="3000">
				<include>HiddenObject</include>
				<ondown>3000</ondown>
				<onup>3000</onup>
			</control>
		<control type="button" id="1000">
			<include>HiddenObject</include>
			<onclick>Action(Close)</onclick>
			<onup>PageUp(3000)</onup>
			<ondown>PageDown(3000)</ondown>
		</control>
		<control type="button">
			<centerleft>50%</centerleft>
			<top>-35</top>
			<width>48</width>
			<height>20</height>
			<texturefocus colordiffuse="button_focus" flipy="true">overlays/arrowdown.png</texturefocus>
			<texturenofocus colordiffuse="button_focus" flipy="true">overlays/arrowdown.png</texturenofocus>
			<onclick>SetFocus(3000)</onclick>
			<onclick>Up</onclick>
		</control>
		<control type="button">
			<centerleft>50%</centerleft>
			<top>670</top>
			<width>48</width>
			<height>20</height>
			<onclick>SetFocus(3000)</onclick>
			<onclick>Down</onclick>
			<texturefocus colordiffuse="button_focus">overlays/arrowdown.png</texturefocus>
			<texturenofocus colordiffuse="button_focus">overlays/arrowdown.png</texturenofocus>
		</control>
		</control>
		<control type="list" id="9101">
		<top>555</top>
		<left>20</left>
		<orientation>horizontal</orientation>
		<scrolltime tween="cubic">550</scrolltime>
		<onup>SetFocus($INFO[Container(9101).ListItem.Property(menu_id)])</onup>
		<itemlayout width="95" height="80">
		<control type="group">
		<width>80</width>
		<control type="image">
		<include content="ImageSizerControl">
			<param name="insideborder">0</param>
			<param name="diffuse"></param>
			<param name="colordiffuse">98181818</param>
			<param name="icon">masks/circle.png</param>
		</include>
		</control>
		<control type="image">
			<top>10</top>
			<left>10</left>
			<width>62</width>
			<height>62</height>
			<texture>$INFO[ListItem.Icon]</texture>
		</control>
		</control>
		</itemlayout>
		<focusedlayout width="280" height="80">
		<control type="group">
		<width>270</width>
		<control type="image">
		<visible>!Control.HasFocus(9101)</visible>
		<include content="ImageSizerControl">
			<param name="insideborder">0</param>
			<param name="diffuse"></param>
			<param name="colordiffuse">98181818</param>
			<param name="icon">main/menu.png</param>
		</include>
		</control>
		<control type="image">
		<visible>Control.HasFocus(9101)</visible>
		<include>_FadeVisible</include>
		<include content="ImageSizerControl">
			<param name="insideborder">0</param>
			<param name="diffuse"></param>
			<param name="colordiffuse">deeppink</param>
			<param name="icon">main/menu.png</param>
		</include>
		</control>
		<control type="image">
			<top>10</top>
			<width>62</width>
			<height>62</height>
			<texture>$INFO[ListItem.Icon]</texture>
		</control>
		<control type="label">
			<left>60</left>
			<width>200</width>
			<align>left</align>
			<aligny>center</aligny>
			<font>font45_title</font>
			<scroll>true</scroll>
			<scrolltime>45</scrolltime>
			<label>$INFO[ListItem.Label]</label>
		</control>

		</control>
		</focusedlayout>
		<content>
		<item>
			<icon>osd/fullscreen/buttons/play.png</icon>
			<label>נגן</label>
			<onclick condition="Container.Content(episodes)">RunPlugin(plugin://plugin.video.themoviedb.helper/?info=play&amp;tmdb_type=tv&amp;query=$INFO[ListItem.TvShowTitle]&amp;season=$INFO[ListItem.Season]&amp;episode=$INFO[ListItem.Episode])</onclick>
			<onclick condition="Container.Content(movies)">RunPlugin(plugin://plugin.video.themoviedb.helper/?info=play&amp;imdb_id=$INFO[ListItem.IMDBNumber]&amp;type=movie)</onclick>
			<visible>!Window.IsActive(home)</visible>
		</item>
		<item>
			<icon>osd/fullscreen/buttons/play.png</icon>
			<label>נגן</label>
			<onclick>$INFO[Window(home).Property(playmovie)]</onclick>
			<visible>Window.IsActive(home)</visible>
		</item>
		<item>
			<icon>osd/fullscreen/buttons/information.png</icon>
			<label>מידע</label>
			<onclick>false</onclick>
		</item>
		<item>
			<icon>osd/fullscreen/buttons/stop.png</icon>
			<label>עצור</label>
			<visible>Player.HasVideo</visible>
			<onclick>PlayerControl(stop)</onclick>
		</item>
		<item>
			<icon>DefaultUser.png</icon>
			<label>שחקנים</label>
			<property name="menu_id">ActrosWidget</property>
			<onclick condition="!Container(3500).IsUpdating + Integer.IsGreater(Container(3500).NumItems,0)">Control.SetFocus(3500)</onclick>
		</item>
		<item>
			<icon>DefaultMovies.png</icon>
			<label>טריילרים</label>
			<property name="menu_id">TrailersWidget</property>
			<onclick condition="!Container(3501).IsUpdating + Integer.IsGreater(Container(3501).NumItems,0)">Control.SetFocus(3501)</onclick>
		</item>
		<item>
			<icon>DefaultAddonVideo.png</icon>
			<label>קדימון</label>
			<property name="id">trailer</property>
			<onclick>PlayMedia($INFO[ListItem.Trailer],1)</onclick>
			<visible>!String.IsEmpty(ListItem.Trailer)</visible>
			<onclick>SetFocus(70005)</onclick>
		</item>
		<item>
			<icon>osd/fullscreen/buttons/settings.png</icon>
			<label>הגדרות</label>
			<onclick>ActivateWindow(1320)</onclick>
		</item>
		</content>
		</control>
		</control>
		
		</control>
		
	</controls>
</window>
