<?xml version="1.0" encoding="utf-8"?>
<window type="extrainfodialog" id="1331">
	<defaultcontrol always="true">9100</defaultcontrol>
	<onunload>ClearProprty(clearlogo_details,true)</onunload>
	<onunload>ClearProprty(playtrailer,true)</onunload>
	<onunload>ClearProperty(TMDBGetSeasons,true)</onunload>
	<!-- <animation effect="fade" start="100" end="0" time="500" delay="850" center="auto" tween="back" easing="out" reversible="true">WindowClose</animation> -->
	<controls>
	
		<!-- FAKE BACKGROUND PLAYED VIDEO -->
		<control type="VideoWindow">
		<width>1</width>
		<height>1</height>
		</control>
	
		<!-- OVERRIDE AND FORCE FOCUS -->
		<control type="button" id="9100">
		<height></height>
		<width>1</width>
		<label />
		<onfocus>SetFocus(9101,0,absolute)</onfocus>
		</control>
		
		<!-- BACKGROUND WINDOW -->
		<include>SetBackGroundImage</include>
		
		<control type="group">
		<include>OpenClose_FadeSlide_Bottom</include>
		<control type="group">
		<animation condition="ControlGroup(8110).HasFocus()" effect="slide" start="0,0" end="0,-130" time="450" delay="150">Conditional</animation>
		
		<!-- GET EPISODES AND SEASONS FOR TVSHOWS -->
		<include content="FanartViewScreenGetWidgetsOnInfo">
			<param name="list_id">3502</param>
			<param name="visiblesingleline" value="true"/>
			<param name="visiblemultiline" value="false"/>
			<param name="visible">String.IsEqual(Container(9101).ListItem.Property(menu_id),TMDBSeasons)</param>
			<param name="content">$INFO[Window(home).Property(TMDBGetSeasons)]</param>
		</include>
		
		<!-- TRAILERS -->
		<include content="BasicPostersViews">
		<param name="layoutwidth">220</param>
		<param name="layoutheight">320</param>
		<param name="top">735</param>
		<param name="left">5</param>
		<param name="right">25</param>
		<param name="bottom">0</param>
		<param name="groupwidth">220</param>
		<param name="list_id">3501</param>
		<param name="onback">9101</param>
		<param name="focusposition">3</param>
		<param name="movement">3</param>
		<param name="visible">String.IsEqual(Container(9101).ListItem.Property(menu_id),TrailersWidget)</param>
		<param name="content">$INFO[Window(home).Property(TrailersWidget)]</param>
		</include>
		
		<!-- CAST MEMBERS -->
		<include content="BasicPostersViews">
		<param name="layoutwidth">220</param>
		<param name="layoutheight">320</param>
		<param name="top">735</param>
		<param name="left">5</param>
		<param name="right">25</param>
		<param name="bottom">0</param>
		<param name="groupwidth">220</param>
		<param name="list_id">3500</param>
		<param name="onback">9101</param>
		<param name="focusposition">3</param>
		<param name="movement">3</param>
		<param name="onclick">infodialogonclick</param>
		<param name="visible">String.IsEqual(Container(9101).ListItem.Property(menu_id),ActrosWidget)</param>
		<param name="content">$INFO[Window(home).Property(CastMemebers)]</param>
		</include>	
		
		
		<!-- POSTERS -->
		<include content="BasicPostersViews">
		<param name="layoutwidth">220</param>
		<param name="layoutheight">320</param>
		<param name="top">735</param>
		<param name="left">5</param>
		<param name="right">25</param>
		<param name="bottom">0</param>
		<param name="groupwidth">220</param>
		<param name="list_id">3505</param>
		<param name="onback">9101</param>
		<param name="focusposition">3</param>
		<param name="movement">3</param>
		<param name="onclick">false</param>
		<param name="visible">String.IsEqual(Container(9101).ListItem.Property(menu_id),PostersWidget)</param>
		<param name="content">$INFO[Window(home).Property(GetGeneralPosters)]</param>
		</include>
	
	<control type="group">
	<left>600</left>
	<right>0</right>
	<top>205</top>
	<bottom>220</bottom>
		<animation condition="[String.IsEqual(Container(9101).ListItem.Property(menu_id),ActrosWidget) + Integer.IsGreater(Container(3500).NumItems,0)] | [String.IsEqual(Container(9101).ListItem.Property(menu_id),TrailersWidget) + Integer.IsGreater(Container(3501).NumItems,0)] | [String.IsEqual(Container(9101).ListItem.Property(menu_id),PostersWidget) + Integer.IsGreater(Container(3505).NumItems,0)]" effect="slide" start="0,0" end="0,-150" time="250" tween="sine" easing="inout">Conditional</animation>
		<control type="button">
			<left>-2000</left>
			<top>-2000</top>
			<width>6000</width>
			<height>6000</height>
			<texturefocus />
			<texturenofocus />
			<onclick>Action(close)</onclick>
		</control>
		<control type="group">
		<control type="button">
		<texturefocus colordiffuse="05FFFFFF">colors/white.png</texturefocus>
		<texturenofocus colordiffuse="primary_background" border="21">dialogs/dialog-bg.png</texturenofocus>
		<onclick></onclick>
		</control>
		<control type="button">
		<left>-600</left>
		<texturefocus colordiffuse="05FFFFFF">colors/white.png</texturefocus>
		<texturenofocus colordiffuse="primary_background" border="21">dialogs/dialog-bg.png</texturenofocus>
		<onclick></onclick>
		</control>
		<!-- <control type="image"> -->
			<!-- <top>15</top> -->
			<!-- <left>15</left> -->
			<!-- <right>15</right> -->
			<!-- <bottom>15</bottom> -->
			<!-- <animation condition="true" effect="fade" start="100" end="65" time="0">Conditional</animation> -->
			<!-- <texture colordiffuse="black">colors/white.png</texture> -->
		<!-- </control> -->
			<animation condition="ControlGroup(8110).HasFocus()" effect="zoom" start="100,100" end="100,152" time="450" delay="150">Conditional</animation>
		</control>
		<control type="group">
			<control type="textbox" id="$PARAM[header_id]">
				<right>200</right>
				<left>150</left>
				<height>150</height>
				<font>font45</font>
				<label>$INFO[Window(home).Property(MiniTextViewer_Title)]</label>
				<align>center</align> 
				<aligny>center</aligny>
				<textcolor>button_focus</textcolor>
				<shadowcolor>black</shadowcolor>
			</control>
			<control type="scrollbar" id="51000">
				  <description>My first scroll bar control</description>
				  <top>20</top>
				  <bottom>20</bottom>
				  <left>1300</left>
				  <width>15</width>
				  <!-- <visible>Container(50000).HasNext | Container(50000).HasPrevious</visible> -->
				  <texturesliderbackground colordiffuse="FF181818">colors/white.png</texturesliderbackground>
				  <texturesliderbar colordiffuse="button_focus">colors/white.png</texturesliderbar>
				  <texturesliderbarfocus colordiffuse="deeppink">colors/white.png</texturesliderbarfocus>
				  <textureslidernib colordiffuse="white">colors/white.png</textureslidernib>
				  <textureslidernibfocus>colors/white.png</textureslidernibfocus>
				  <pulseonselect></pulseonselect>
				  <orientation>vertical</orientation>
				  <ondown>51000</ondown>
				  <onup>51000</onup>
				  <onback>9101</onback>
			</control>
			<control type="label" id="$PARAM[header_id]">
				<top>15</top>
				<right>0</right>
				<left>-50</left>
				<height>50</height>
				<font>font32_title</font>
				<label>$INFO[Window(home).Property(CheckDBTYPE)]</label>
				<align>center</align> 
				<aligny>center</aligny>
				<textcolor>white</textcolor>
				<shadowcolor>black</shadowcolor>
			</control>
			<control type="label" id="$PARAM[header_id]">
				<top>50</top>
				<right>200</right>
				<left>150</left>
				<height>150</height>
				<font>font32</font>
				<label>$INFO[Window(home).Property(GenreTextViewer)]</label>
				<align>center</align> 
				<aligny>center</aligny>
				<textcolor>button_focus</textcolor>
				<shadowcolor>black</shadowcolor>
			</control>
			
			<control type="grouplist">
			<right>20</right>
			<left>20</left>
			<bottom>20</bottom>
			<top>175</top>
			<itemgap>25</itemgap>
			<control type="textbox" id="50000">
				<height max="315">auto</height>
				<align>center</align>
				<font>font45</font>
				<pagecontrol>51000</pagecontrol>
				<label>$INFO[Window(home).Property(MiniTextViewer_Plot)] $INFO[Window(home).Property(MiniTextViewer_Comment)]</label>
				<autoscroll>false</autoscroll>
			</control>
			<control type="textbox" id="50000">
				<visible>String.IsEmpty(Window(home).Property(MiniTextViewer_Plot) + String.IsEmpty(Window(home).Property(MiniTextViewer_Comment)</visible>
				<height max="315">auto</height>
				<align>center</align>
				<font>font60</font>
				<pagecontrol>51000</pagecontrol>
				<label>אין מידע זמין לתוכן זה</label>
				<autoscroll>false</autoscroll>
			</control>
		</control>
			<control type="radiobutton">
				<right>30</right>
				<top>25</top>
				<width>48</width>
				<height>48</height>
				<radiowidth>48</radiowidth>
				<radioheight>48</radioheight>
				<texturefocus />
				<texturenofocus />
				<label></label>
				<textureradioofffocus colordiffuse="45FFFFFF">dialogs/close.png</textureradioofffocus>
				<textureradiooffnofocus colordiffuse="45FFFFFF">special://xbmc/media/vendor_icon.png</textureradiooffnofocus>
				<textureradioonfocus colordiffuse="45FFFFFF">dialogs/close.png</textureradioonfocus>
				<textureradioonnofocus colordiffuse="45FFFFFF">special://xbmc/media/vendor_icon.png</textureradioonnofocus>
				<onclick>Action(close)</onclick>
			</control>
			<control type="button">
				<right>10</right>
				<top>11</top>
				<width>48</width>
				<height>48</height>
				<texturefocus>dialogs/close.png</texturefocus>
				<texturenofocus>dialogs/close.png</texturenofocus>
				<onclick>Action(close)</onclick>
				<visible>Skin.HasSetting(touchmode)</visible>
			</control>
			<control type="scrollbar" id="3000">
				<include>HiddenObject</include>
				<ondown>3000</ondown>
				<onup>3000</onup>
			</control>
		<control type="button" id="1000">
			<include>HiddenObject</include>
			<onclick>Action(Close)</onclick>
			<onup>PageUp(3000)</onup>
			<ondown>PageDown(3000)</ondown>
		</control>
		</control>
		
		<control type="list" id="9101">
		<top>555</top>
		<left>20</left>
		<orientation>horizontal</orientation>
		<scrolltime tween="cubic">550</scrolltime>
		<onup>51000</onup>
		<onup>SetFocus($INFO[Container(9101).ListItem.Property(menu_id)])</onup>
		<ondown>SetFocus($INFO[Container(9101).ListItem.Property(ondown)])</ondown>
		<itemlayout width="95" height="80">
		<control type="group">
		<width>80</width>
		<control type="image">
			<left>0</left>
			<right>0</right>
			<top>0</top>
			<bottom>0</bottom>
			<texture>masks/circle.png</texture>
			<colordiffuse>15FFFFFF</colordiffuse>
		</control>
		<control type="image">
			<left>5</left>
			<right>5</right>
			<top>5</top>
			<bottom>5</bottom>
			<texture>masks/circle.png</texture>
			<colordiffuse>35FFFFFF</colordiffuse>
		</control>
		<control type="image">
			<top>10</top>
			<left>10</left>
			<width>62</width>
			<height>62</height>
			<texture>$INFO[ListItem.Icon]</texture>
		</control>
		</control>
		</itemlayout>
		<focusedlayout width="280" height="80">
		<control type="group">
		<width>280</width>
		<control type="image">
			<left>0</left>
			<right>0</right>
			<top>0</top>
			<bottom>0</bottom>
			<texture>main/menu.png</texture>
			<colordiffuse>28000000</colordiffuse>
		</control>
		<control type="image">
			<visible>control.hasfocus(9101)</visible>
			<left>5</left>
			<right>5</right>
			<top>5</top>
			<bottom>5</bottom>
			<texture>main/menu.png</texture>
			<colordiffuse>button_focus</colordiffuse>
		</control>
		<control type="image">
			<visible>!control.hasfocus(9101)</visible>
			<left>5</left>
			<right>5</right>
			<top>5</top>
			<bottom>5</bottom>
			<texture>main/menu.png</texture>
			<colordiffuse>15FFFFFF</colordiffuse>
		</control>
		<control type="image">
			<top>10</top>
			<left>10</left>
			<width>62</width>
			<height>62</height>
			<texture>$INFO[ListItem.Icon]</texture>
			<colordiffuse>FFFFFFFF</colordiffuse>
		</control>
		<control type="label">
			<left>80</left>
			<align>left</align>
			<aligny>center</aligny>
			<font>font45_title</font>
			<textcolor>white</textcolor>
			<label>$INFO[ListItem.Label]</label>
		</control>
		</control>
		</focusedlayout>
		<content>
		<item>
			<icon>osd/fullscreen/buttons/play.png</icon>
			<label>בחר נגן</label>
			<onclick>Control.SetFocus(8110)</onclick>
		</item>
		<!-- <item> -->
			<!-- <icon>osd/fullscreen/buttons/play.png</icon> -->
			<!-- <label>נגן</label> -->
			<!-- <onclick>$INFO[Window(home).Property(playmovie)]</onclick> -->
			<!-- <visible>Window.IsActive(home)</visible> -->
		<!-- </item> -->
		<!-- <item> -->
			<!-- <icon>osd/fullscreen/buttons/information.png</icon> -->
			<!-- <label>מידע</label> -->
			<!-- <onclick>Dialog.Close(extrainfodialog)</onclick> -->
			<!-- <onclick>$INFO[Window(home).Property(actioninfo)]</onclick> -->
			<!-- <visible>![String.Contains(ListItem.FolderPath,telemedia) | String.Contains(ListItem.FolderPath,idanplus)]</visible> -->
		<!-- </item> -->
		<item>
			<icon>osd/fullscreen/buttons/stop.png</icon>
			<label>עצור</label>
			<visible>Player.HasVideo</visible>
			<onclick>PlayerControl(stop)</onclick>
		</item>

		<item>
			<label>מומלצים</label>
			<icon>osd/fullscreen/buttons/rating.png</icon>
			<onclick>Dialog.Close(1331)</onclick>
			<onclick>$INFO[Window(home).Property(TMDBRecommended)]</onclick>
			<onclick>$INFO[Window(home).Property(TMDBsimilar)]</onclick>
			<onclick>$INFO[Window(home).Property(TMDBVideos)]</onclick>
			<onclick>$INFO[Window(home).Property(TMDBByStudio)]</onclick>
			<onclick>$INFO[Window(home).Property(TMDBByWriter)]</onclick>
			<onclick>$INFO[Window(home).Property(TMDBByGenre)]</onclick>
			<onclick>>$INFO[Window(home).Property(TMDBByLabel)]</onclick>
			<onclick>Dialog.Close(movieInformation)</onclick>
			<onclick>ActivateWindow(1322)</onclick>
			<visible>![String.Contains(ListItem.FolderPath,telemedia) | String.Contains(ListItem.FolderPath,idanplus)]</visible>
		</item>
		<item>
			<icon>DefaultTVShows.png</icon>
			<label>פרקים</label>
			<!-- <property name="menu_id">TMDBseasons</property> -->
			<onclick>Dialog.Close(1331)</onclick>
			<onclick>$INFO[Window(home).Property(GetAllFlattersEpisode)]</onclick>
			<onclick>ActivateWindow(1334)</onclick>
		</item>
		<item>
			<icon>DefaultUser.png</icon>
			<label>שחקנים</label>
			<property name="ondown">$NUMBER[3500]</property>
			<property name="menu_id">ActrosWidget</property>
			<onclick condition="!Container(3500).IsUpdating + Integer.IsGreater(Container(3500).NumItems,0)">Control.SetFocus(3500)</onclick>
			<visible>![String.Contains(ListItem.FolderPath,telemedia) | String.Contains(ListItem.FolderPath,idanplus)]</visible>
		</item>	
		<item>
			<icon>DefaultPicture.png</icon>
			<label>פוסטרים</label>
			<property name="ondown">$NUMBER[3505]</property>
			<property name="menu_id">PostersWidget</property>
			<onclick condition="!Container(3505).IsUpdating + Integer.IsGreater(Container(3505).NumItems,0)">Control.SetFocus(3505)</onclick>
			<visible>![String.Contains(ListItem.FolderPath,telemedia) | String.Contains(ListItem.FolderPath,idanplus)]</visible>
		</item>
		<item>
			<icon>DefaultMovies.png</icon>
			<label>טריילרים</label>
			<property name="menu_id">TrailersWidget</property>
			<property name="ondown">$NUMBER[3501]</property>
			<onclick condition="!Container(3501).IsUpdating + Integer.IsGreater(Container(3501).NumItems,0)">Control.SetFocus(3501)</onclick>
			<visible>![String.Contains(ListItem.FolderPath,telemedia) | String.Contains(ListItem.FolderPath,idanplus)]</visible>
		</item>
		<item>
			<icon>DefaultAddonVideo.png</icon>
			<label>קדימון</label>
			<property name="id">trailer</property>
			<onclick>$INFO[Window(home).Property(playtrailer)]</onclick>
			<onclick>SetFocus(384884)</onclick>
			<visible>!String.Contains(ListItem.FolderPath,idanplus) | !String.Contains(ListItem.FolderPath,telemedia)</visible>
			<visible>!String.IsEmpty(ListItem.Trailer)</visible>
		</item>
		<item>
			<icon>osd/fullscreen/buttons/settings.png</icon>
			<label>הגדרות</label>
			<onclick>ActivateWindow(1320)</onclick>
		</item>
		</content>
		</control>
		</control>
		</control>
		
		<!-- clear logo property -->
		<control type="group">
		<animation condition="ControlGroup(8110).HasFocus()" effect="slide" start="0,0" end="0,-130" time="450" delay="150">Conditional</animation>
		<animation condition="[String.IsEqual(Container(9101).ListItem.Property(menu_id),ActrosWidget) + Integer.IsGreater(Container(3500).NumItems,0)] | [String.IsEqual(Container(9101).ListItem.Property(menu_id),TrailersWidget) + Integer.IsGreater(Container(3501).NumItems,0)] | [String.IsEqual(Container(9101).ListItem.Property(menu_id),PostersWidget) + Integer.IsGreater(Container(3505).NumItems,0)]" effect="slide" start="0,0" end="0,-150" time="250" tween="sine" easing="inout">Conditional</animation>
		<description>clearlogo</description>
		<control type="image">
			<centerleft>50%</centerleft>
			<top>35</top>
			<width max="480">auto</width>
			<height>140</height>
			<aspectratio>keep</aspectratio>
			<texture background="true">$INFO[Window(home).Property(clearlogo_details)]</texture>
			<!-- <animation effect="zoom" start="0,100" end="90" time="1000" delay="350" center="auto" tween="back" easing="out" reversible="true">Visible</animation> -->
			<animation effect="zoom" start="0,100" end="90" time="1000" delay="350" center="auto" tween="back" easing="out" reversible="true">WindowOpen</animation>
		</control>
		<control type="label">
		<top>775</top>
		<right>35</right>
		<align>right</align>
		<textcolor>95FFFFFF</textcolor>
		<label>$INFO[Container(3500).ListItem.Label]</label>
		<visible>Control.HasFocus(3500)</visible>
		<animation effect="fade" start="0" end="100" time="500">VisibleChange</animation>
		</control>
		<control type="label">
		<top>775</top>
		<right>35</right>
		<align>right</align>
		<textcolor>95FFFFFF</textcolor>
		<label>$INFO[Window(home).Property(GetEpisodesSeasons)]</label>
		<visible>!Control.HasFocus(3500)</visible>
		<animation effect="fade" start="0" end="100" time="500">VisibleChange</animation>
		</control>
		</control>
		
		<!-- rating -->
		<control type="group">
		<animation condition="ControlGroup(8110).HasFocus()" effect="slide" start="0,0" end="0,-130" time="450" delay="150">Conditional</animation>
		<animation condition="[String.IsEqual(Container(9101).ListItem.Property(menu_id),ActrosWidget) + Integer.IsGreater(Container(3500).NumItems,0)] | [String.IsEqual(Container(9101).ListItem.Property(menu_id),TrailersWidget) + Integer.IsGreater(Container(3501).NumItems,0)] | [String.IsEqual(Container(9101).ListItem.Property(menu_id),PostersWidget) + Integer.IsGreater(Container(3505).NumItems,0)]" effect="slide" start="0,0" end="0,-150" time="250" tween="sine" easing="inout">Conditional</animation>
		<visible>!String.IsEmpty(Window(home).Property(RatingTextViewer)</visible>
		<top>192</top>
		<left>600</left>
		<right>440</right>
		<height>130</height>
		<width>130</width>
		<control type="image">
			<texture>icons/star.png</texture>
			<colordiffuse>25FFFFFF</colordiffuse>
		</control>
		<control type="label">
			<top>8</top>
			<left>5</left>
			<right>5</right>
			<bottom>5</bottom>
			<align>center</align>
			<aligny>center</aligny>
			<textcolor>white</textcolor>
			<font>font10</font>
			<label>$INFO[Window(home).Property(RatingTextViewer)]</label>
		</control>
		</control>
		
		<control type="fixedlist" id="8110">
		<animation condition="[String.IsEqual(Container(9101).ListItem.Property(menu_id),ActrosWidget) + Integer.IsGreater(Container(3500).NumItems,0)] | [String.IsEqual(Container(9101).ListItem.Property(menu_id),TrailersWidget) + Integer.IsGreater(Container(3501).NumItems,0)] | [String.IsEqual(Container(9101).ListItem.Property(menu_id),PostersWidget) + Integer.IsGreater(Container(3505).NumItems,0)]" effect="slide" start="0,0" end="0,-150" time="250" tween="sine" easing="inout">Conditional</animation>
		<left>20</left>
		<top>230</top>
		<right>20</right>
		<bottom>250</bottom>
		<focusposition>3</focusposition>
		<movement>3</movement>
		<onright>9101</onright>
		<onback>9101</onback>
		<ondown>false</ondown>
		<onup>false</onup>
		<orientation>vertical</orientation>
		<scrolltime tween="cubic">550</scrolltime>
		<itemlayout width="600" height="102">
		<control type="group">
		<height>95</height>
		<control type="label">
			<left>5</left>
			<right>5</right>
			<align>left</align>
			<aligny>center</aligny>
			<label>$INFO[ListItem.Label]</label>
		</control>
		</control>
		</itemlayout>
		<focusedlayout width="600" height="102">
		<control type="group">
		<height>95</height>
		<control type="image">
		<animation effect="fade" start="0" end="100" time="250">VisibleChange</animation>
		<top>2</top>
		<right>2</right>
		<bottom>2</bottom>
		<texture>colors/white.png</texture>
		<visible>Control.HasFocus(8110)</visible>
		</control>
		<control type="image">
		<top>2</top>
		<right>2</right>
		<bottom>2</bottom>
		<animation effect="fade" start="0" end="100" time="250">VisibleChange</animation>
		<animation condition="true" effect="fade" start="100" end="5" time="0">Conditional</animation>
		<texture>colors/white.png</texture>
		<visible>!Control.HasFocus(8110)</visible>
		</control>
		<control type="label">
			<left>5</left>
			<right>5</right>
			<align>left</align>
			<aligny>center</aligny>
			<font>font32_title</font>
			<textcolor>black</textcolor>
			<label>$INFO[ListItem.Label]</label>
			<visible>Control.HasFocus(8110)</visible>
		</control>
		<control type="label">
			<left>5</left>
			<right>5</right>
			<align>left</align>
			<aligny>center</aligny>
			<font>font32_title</font>
			<label>$INFO[ListItem.Label]</label>
			<visible>!Control.HasFocus(8110)</visible>
		</control>
		</control>
		</focusedlayout>
		<content>
		<item>
			<label>נגן [COLOR red]סרט[/COLOR] דרך הרחבת טלמדיה</label>
			<onclick>$INFO[Window(home).Property(tmdbplaymovie)]</onclick>	
			<visible>System.HasAddon(plugin.video.themoviedb.helper) + System.AddonIsEnabled(plugin.video.themoviedb.helper)</visible>	
		</item>
		<item>
			<label>נגן [COLOR red]סרט[/COLOR] בריל דבריד בהרחבת POV</label>
			<onclick>$INFO[Window(home).Property(povplaymovie)]</onclick>	
			<visible>System.HasAddon(plugin.video.pov) + System.AddonIsEnabled(plugin.video.pov)</visible>
		</item>
		<item>
			<label>נגן [COLOR red]סרט[/COLOR] בריל דבריד דרך הרחבת טווייליט</label>
			<onclick>$INFO[Window(home).Property(twlightplaymovie)]</onclick>
			<visible>System.HasAddon(plugin.video.twilight) + System.AddonIsEnabled(plugin.video.twilight)</visible>		
		</item>	
		<item>
			<label>נגן [COLOR red]סרט[/COLOR] בריל דבריד דרך הרחבת Umbrella</label>
			<onclick>RunPlugin(plugin://plugin.video.umbrella/?action=play_Item&imdb=$INFO[ListItem.IMDBNumber])</onclick>
			<visible>System.HasAddon(plugin.video.umbrella) + System.AddonIsEnabled(plugin.video.umbrella)</visible>	
		</item>		
		<!-- <item> -->
			<!-- <label>נגן [COLOR red]סרט[/COLOR] בריל דבריד דרך הרחבת Mando</label> -->
			<!-- <onclick>$INFO[Window(home).Property(MandoGenrealMovies)]</onclick> -->
			<!-- <visible>System.HasAddon(plugin.video.mando) + System.AddonIsEnabled(plugin.video.mando)</visible>	 -->
		<!-- </item>		 -->
		<item>
			<label>נגן [COLOR red]סרט[/COLOR] בריד דבריד דרך הרחבת FenLight</label>
			<onclick>$INFO[Window(home).Property(FenLightmovie)]</onclick>
			<visible>System.HasAddon(plugin.video.fenlight) + System.AddonIsEnabled(plugin.video.fenlight)</visible>
		</item>	
		<item>
			<label>נגן [COLOR deeppink]פרק[/COLOR] דרך הרחבת טלמדיה</label>
			<onclick>$INFO[Window(home).Property(tmdbplayepisode)]</onclick>
			<visible>System.HasAddon(plugin.video.themoviedb.helper) + System.AddonIsEnabled(plugin.video.themoviedb.helper)</visible>	
		</item>		
		<item>
			<label>נגן [COLOR deeppink]פרק[/COLOR] בריל דבריד דרך הרחבת POV</label>
			<onclick>$INFO[Window(home).Property(povplayepisode)]</onclick>
			<visible>System.HasAddon(plugin.video.pov) + System.AddonIsEnabled(plugin.video.pov)</visible>
		</item>	
		<item>
			<label>נגן [COLOR deeppink]פרק[/COLOR] בריד דבריד דרך הרחבת טווייליט</label>
			<onclick>$INFO[Window(home).Property(twlightplayepisode)]</onclick>		
			<visible>System.HasAddon(plugin.video.twilight) + System.AddonIsEnabled(plugin.video.twilight)</visible>
		</item>	
		<item>
			<label>נגן [COLOR deeppink]פרק[/COLOR] בריד דבריד דרך הרחבת FenLight</label>
			<onclick>$INFO[Window(home).Property(PlayFenLightEpisode)]</onclick>
			<visible>System.HasAddon(plugin.video.fenlight) + System.AddonIsEnabled(plugin.video.fenlight)</visible>
		</item>
		
		</content>
		</control>
		
		<control type="group">
		<animation condition="ControlGroup(8110).HasFocus()" effect="slide" start="0,0" end="0,-130" time="450" delay="150">Conditional</animation>
		<visible>Player.HasVideo + String.IsEqual(Container(9101).ListItem.Property(id),trailer) + !Window.IsActive(busydialog)</visible>
		<control type="image">
		<texture colordiffuse="98000000">colors/white.png</texture>
		</control>
		<control type="group">
		<right>200</right>
		<left>200</left>
		<bottom>100</bottom>
		<top>100</top>
		<!-- fake button -->
		<control type="button" id="384884">
			<height>1</height>
			<width>1</width>
			<label></label>
			<onback>9101</onback>
			<onback>PlayerControl(stop)</onback>
		</control>
		<control type="image">
			<texture colordiffuse="black">colors/white.png</texture>
			<bordertexture colordiffuse="gray">colors/white.png</bordertexture>
			<bordersize>1</bordersize>
			</control>
		<control type="image">
			<top>100</top>
			<left>-335</left>
			<right>-335</right>
			<height>1</height>
			<texture colordiffuse="55FFFFFF">common/line1.png</texture>
		</control>
		<control type="grouplist">
		<left>10</left>
		<top>5</top>
		<orientation>vertical</orientation>
		<itemgap>5</itemgap>
		<align>left</align>
			<control type="group">
			<height max="40">auto</height>
				<control type="image">
					<top>2</top>
					<width>45</width>
					<height>45</height>
					<texture colordiffuse="orange">osd/fullscreen/buttons/play.png</texture>
				</control>
				<control type="label">
					<left>40</left>
					<align>left</align>
					<font>font32_title</font>
					<label>$INFO[VideoPlayer.Title]</label>
				</control>
			</control>
			<control type="group">
			<height max="30">auto</height>
				<control type="image">
					<left>12</left>
					<top>12</top>
					<width>25</width>
					<height>25</height>
					<texture colordiffuse="deepskyblue">icons/genre.png</texture>
				</control>
				<control type="label">
					<left>45</left>
					<align>left</align>
					<label>$INFO[VideoPlayer.Year, (,)] $INFO[ListItem.Genre]</label>
				</control>
			</control>
		</control>
		<control type="VideoWindow">
			<aspectratio scalediffuse="false">keep</aspectratio>
			<left>0</left>
			<right>0</right>
			<top>120</top>
			<bottom>20</bottom>
		</control>
		</control>
		</control>	
		</control>
		
	</controls>
</window>
