<?xml version="1.0" encoding="utf-8"?>
<window type="dialog" id="1202">
	<defaultcontrol always="true">11601</defaultcontrol>
	<animation type="WindowOpen">
	<effect type="slide" start="0,20" end="0,0" time="250" tween="sine" easing="inout"/>
	<effect type="fade" start="0" end="100" time="250"/>
	</animation>
	<animation type="WindowClose">
	<effect type="slide" start="0,0" end="0,20" time="250" tween="sine" easing="inout"/>
	<effect type="fade" start="100" end="0" time="250"/>
	</animation>
	<controls>
	
	<control type="group">
	<width>1000</width>
	<height>400</height>
	<centerleft>50%</centerleft>
	<centertop>35%</centertop>
	<control type="group">
	<control type="image">
	<animation condition="true" effect="fade" start="100" end="95" time="0">Conditional</animation>
		<top>10</top>
		<left>10</left>
		<right>10</right>
		<bottom>10</bottom>
		<texture border="3" colordiffuse="FF181818" background="true" infill="true">common/box.png</texture>
	</control>
	<control type="image">
		<top>10</top>
		<left>10</left>
		<right>10</right>
		<bottom>10</bottom>
		<texture border="8" colordiffuse="gray" background="true" infill="true">common/box21.png</texture>
	</control>
	</control>
	<control type="image">
		<top>15%</top>
		<left>1%</left>
		<width>450</width>
		<height>280</height>
		<bordertexture colordiffuse="black" border="24" infill="true" background="true">shadows/shadow-24.png</bordertexture>
		<bordersize>24</bordersize>
		<texture>$INFO[Window(home).Property(osd_icon_viewer)]</texture>
	</control>
	<control type="label">
		<width>450</width>
		<left>1%</left>
		<top>20</top>
		<bottom>10</bottom>
		<align>center</align>
		<label>$INFO[Window(home).Property(osd_episode_viewer)]</label>
	</control>
	<control type="label">
		<width>450</width>
		<left>1%</left>
		<top>330</top>
		<bottom>10</bottom>
		<align>center</align>
		<font>font32_title</font>
		<label>$INFO[Window(home).Property(osd_tvshowtitle_viewer)]</label>
	</control>
	<control type="label">
		<width>500</width>
		<left>45.5%</left>
		<top>20</top>
		<bottom>10</bottom>
		<align>center</align>
		<label>$INFO[Window(home).Property(osd_osdtimelivetv_viewer)]</label>
	</control>
	<control type="textbox">
		<autoscroll fade="5000" time="5000" repeat="5000">true</autoscroll>
		<width>500</width>
		<height>250</height>
		<left>46%</left>
		<top>75</top>
		<bottom>10</bottom>
		<align>center</align>
		<aligny>center</aligny>
		<label>[B]$INFO[Window(home).Property(osd_title_viewer)][/B][CR][I]$INFO[Window(home).Property(osd_genre_viewer)][/I][CR]$INFO[Window(home).Property(osd_plot_viewer)]</label>
	</control>
	</control>
	
	<control type="button" id="11601">
	<!-- fake button -->
	<width>1</width>
	<height>1</height>
	<label></label>
	<onright>Dialog.Close(1202)</onright>
	<onleft>Dialog.Close(1202)</onleft>
	<ondown>Dialog.Close(1202)</ondown>
	<onup>Dialog.Close(1202)</onup>
	<onback>Dialog.Close(1202)</onback>
	</control>
	
	</controls>
</window>
