<?xml version="1.0" encoding="UTF-8"?>
<!-- Foundation -->
<window id="1181" type="dialog">
    <defaultcontrol always="true">11</defaultcontrol>
    <onload>ClearProperty(quicknavsetup,home)</onload>
	<onunload>ClearProperty(quicknavsetup,home)</onunload>	
	<animation type="WindowOpen">
	<effect type="slide" start="-500" end="0" time="250" tween="sine" easing="inout"/>
	</animation>
	<animation type="WindowClose">
	<effect type="slide" start="0" end="-500" time="250" tween="sine" easing="inout"/>
	</animation>
    <controls>
    
			<control type="group">
					<control type="image">
						<top>0</top>
						<left>0</left>
						<width>550</width>
						<height>100%</height>
						<texture colordiffuse="black">lists/panel-mediamenu.png</texture>
					</control>
				<control type="label">
					<top>0</top>
					<left>0</left>
					<width>500</width>
					<align>center</align>
					<font>font45_title</font>
					<label>תפריט</label>
				</control>
				<control type="grouplist" id="11">
				<top>100</top>
					<itemgap>5</itemgap>
					<left>0</left>
					<height>100%</height>
					<onleft>6056</onleft>
					<onright>Dialog.Close(1181)</onright>
					<onup>14100</onup>
					<ondown>6051</ondown>
					<width>1000</width>
					<!-- HOME SCREEN SAVER -->
					<control type="radiobutton" id="6363">
					<label>שומר מסך</label>
					<include>MediaMenuItemsCommon</include>
					<onclick>Skin.ToggleSetting(HomeScreenSaver)</onclick>
					<selected>Skin.HasSetting(HomeScreenSaver)</selected>
				</control>
				<!-- SCREEN SAVER FADE ANIMATION -->
				<control type="radiobutton" id="6364">
					<label>הנפשה פנארט בשומר מסך</label>
					<include>MediaMenuItemsCommon</include>
					<onclick>Skin.ToggleSetting(animationfadefanrt)</onclick>
					<selected>Skin.HasSetting(animationfadefanrt)</selected>
				</control>
					<!-- HOME BACKGROUND -->
				<control type="radiobutton" id="6365">
					<label>רקע במסך הבית</label>
					<include>MediaMenuItemsCommon</include>
					<onclick>Skin.ToggleSetting(homebackground)</onclick>
					<selected>Skin.HasSetting(homebackground)</selected>
				</control>
					<!-- HOME SCRREN SHOW PLAYED INFO -->
				<control type="radiobutton" id="6366">
					<label>הצג מידע מתנגן במסך הבית</label>
					<include>MediaMenuItemsCommon</include>
					<onclick>Skin.ToggleSetting(showplayedinfohomescreen)</onclick>
					<selected>Skin.HasSetting(showplayedinfohomescreen)</selected>
				</control>
					<!-- WIDGET FOCUSED COLOR -->
				<!--<control type="button" id="6365">
					<include>MediaMenuItemsCommon</include>
					<label>הגדר רקע עוצמת פנארט</label>
					<label2>$INFO[Skin.String(BackgroundBrightFanart)]</label2>
					<left>20</left>
					<onclick condition="String.IsEmpty(Skin.String(BackgroundBrightFanart,2FFFFFF)">Skin.SetString(BackgroundBrightFanart,2FFFFFF)</onclick>
					<onclick condition="Skin.String(BackgroundBrightFanart,2FFFFFF)">Skin.SetString(BackgroundBrightFanart,5FFFFFF)</onclick>
					<onclick condition="Skin.String(BackgroundBrightFanart,5FFFFFF)">Skin.SetString(BackgroundBrightFanart,9FFFFFF)</onclick>
					<onclick condition="Skin.String(BackgroundBrightFanart,9FFFFFF)">Skin.SetString(BackgroundBrightFanart,10FFFFFF)</onclick>
					<onclick condition="Skin.String(BackgroundBrightFanart,10FFFFFF)">Skin.SetString(BackgroundBrightFanart,12FFFFFF)</onclick>
					<onclick condition="Skin.String(BackgroundBrightFanart,12FFFFFF)">Skin.SetString(BackgroundBrightFanart,14FFFFFF)</onclick>
					<onclick condition="Skin.String(BackgroundBrightFanart,14FFFFFF)">Skin.SetString(BackgroundBrightFanart,16FFFFFF)</onclick>
					<onclick condition="Skin.String(BackgroundBrightFanart,16FFFFFF)">Skin.SetString(BackgroundBrightFanart,18FFFFFF)</onclick>
					<onclick condition="Skin.String(BackgroundBrightFanart,18FFFFFF)">Skin.SetString(BackgroundBrightFanart,20FFFFFF)</onclick>
					<onclick condition="Skin.String(BackgroundBrightFanart,20FFFFFF)">Skin.SetString(BackgroundBrightFanart,22FFFFFF)</onclick>
					<onclick condition="Skin.String(BackgroundBrightFanart,22FFFFFF)">Skin.SetString(BackgroundBrightFanart,24FFFFFF)</onclick>
					<onclick condition="Skin.String(BackgroundBrightFanart,24FFFFFF)">Skin.SetString(BackgroundBrightFanart,26FFFFFF)</onclick>
					<onclick condition="Skin.String(BackgroundBrightFanart,26FFFFFF)">Skin.SetString(BackgroundBrightFanart,28FFFFFF)</onclick>
					<onclick condition="Skin.String(BackgroundBrightFanart,28FFFFFF)">Skin.SetString(BackgroundBrightFanart,2FFFFFF)</onclick>
				</control>-->
					<!-- BACKGROUNF FADE -->
				<control type="button" id="6367">
				<include>MediaMenuItemsCommon</include>
					<label>עוצמת רקע מסך הבית</label>
					<label2>$INFO[Skin.String(backgroundfade)]</label2>
					<left>20</left>
					<onclick condition="String.IsEmpty(Skin.String(backgroundfade,05FFFFFF)">Skin.SetString(backgroundfade,05FFFFFF)</onclick>
					<onclick condition="Skin.String(backgroundfade,05FFFFFF)">Skin.SetString(backgroundfade,10FFFFFF)</onclick>
					<onclick condition="Skin.String(backgroundfade,10FFFFFF)">Skin.SetString(backgroundfade,15FFFFFF)</onclick>
					<onclick condition="Skin.String(backgroundfade,15FFFFFF)">Skin.SetString(backgroundfade,20FFFFFF)</onclick>
					<onclick condition="Skin.String(backgroundfade,20FFFFFF)">Skin.SetString(backgroundfade,25FFFFFF)</onclick>
					<onclick condition="Skin.String(backgroundfade,25FFFFFF)">Skin.SetString(backgroundfade,30FFFFFF)</onclick>
					<onclick condition="Skin.String(backgroundfade,30FFFFFF)">Skin.SetString(backgroundfade,35FFFFFF)</onclick>
					<onclick condition="Skin.String(backgroundfade,35FFFFFF)">Skin.SetString(backgroundfade,40FFFFFF)</onclick>
					<onclick condition="Skin.String(backgroundfade,40FFFFFF)">Skin.SetString(backgroundfade,45FFFFFF)</onclick>
					<onclick condition="Skin.String(backgroundfade,45FFFFFF)">Skin.SetString(backgroundfade,50FFFFFF)</onclick>
					<onclick condition="Skin.String(backgroundfade,50FFFFFF)">Skin.SetString(backgroundfade,55FFFFFF)</onclick>
					<onclick condition="Skin.String(backgroundfade,55FFFFFF)">Skin.SetString(backgroundfade,60FFFFFF)</onclick>
					<onclick condition="Skin.String(backgroundfade,60FFFFFF)">Skin.SetString(backgroundfade,65FFFFFF)</onclick>
					<onclick condition="Skin.String(backgroundfade,65FFFFFF)">Skin.SetString(backgroundfade,70FFFFFF)</onclick>
					<onclick condition="Skin.String(backgroundfade,70FFFFFF)">Skin.SetString(backgroundfade,75FFFFFF)</onclick>
					<onclick condition="Skin.String(backgroundfade,75FFFFFF)">Skin.SetString(backgroundfade,80FFFFFF)</onclick>
					<onclick condition="Skin.String(backgroundfade,80FFFFFF)">Skin.SetString(backgroundfade,85FFFFFF)</onclick>
					<onclick condition="Skin.String(backgroundfade,85FFFFFF)">Skin.SetString(backgroundfade,90FFFFFF)</onclick>
					<onclick condition="Skin.String(backgroundfade,90FFFFFF)">Skin.SetString(backgroundfade,95FFFFFF)</onclick>
					<onclick condition="Skin.String(backgroundfade,95FFFFFF)">Skin.SetString(backgroundfade,99FFFFFF)</onclick>
					<onclick condition="Skin.String(backgroundfade,99FFFFFF)">Skin.SetString(backgroundfade,FFFFFFFF)</onclick>
					<onclick condition="Skin.String(backgroundfade,FFFFFFFF)">Skin.SetString(backgroundfade,05FFFFFF)</onclick>
					</control>
				<!-- BACKGROUND WIDGET -->
				<control type="button" id="6368">
					<label>בחר רקע</label>
					<label2>$INFO[Skin.String(Background)]</label2>
					<include>MediaMenuItemsCommon</include>
					<onclick>Skin.SetImage(SetHomeBackground,special://skin/extras/backgrounds/)</onclick>
				</control>
				
					<!-- HOME SCRREN SHOW PLAYED INFO -->
				<control type="radiobutton" id="6369">
					<label>מידע נוסף בסדרות</label>
					<include>MediaMenuItemsCommon</include>
					<onclick>Skin.ToggleSetting(tvshowextrainfo)</onclick>
					<selected>Skin.HasSetting(tvshowextrainfo)</selected>
				</control>
				
					<!-- WIDGET FOCUSED COLOR -->
				<control type="button" id="6370">
				<include>MediaMenuItemsCommon</include>
					<label>הגדר צבע פוקוס תפריטים</label>
					<label2>$INFO[Skin.String(colormenu)]</label2>
					<left>20</left>
					<onclick condition="String.IsEmpty(Skin.String(colormenu,black)">Skin.SetString(colormenu,black)</onclick>
					<onclick condition="Skin.String(colormenu,black)">Skin.SetString(colormenu,ffad1e4e)</onclick>
					<onclick condition="Skin.String(colormenu,ffad1e4e)">Skin.SetString(colormenu,burlywood)</onclick>
					<onclick condition="Skin.String(colormenu,burlywood)">Skin.SetString(colormenu,cyan)</onclick>
					<onclick condition="Skin.String(colormenu,cyan)">Skin.SetString(colormenu,gray)</onclick>
					<onclick condition="Skin.String(colormenu,gray)">Skin.SetString(colormenu,deepskyblue)</onclick>
					<onclick condition="Skin.String(colormenu,deepskyblue)">Skin.SetString(colormenu,black)</onclick>
				</control>
				<control type="image" id="6371">
					<top>40</top>
					<left>0</left>
					<width>400</width>
					<height>25</height>
					<texture colordiffuse="$INFO[Skin.String(colormenu)]">colors/white.png</texture>
				</control>
				<control type="button" id="6372">
				<include>MediaMenuItemsCommon</include>
					<label>צבע טקסט פוקוס תפריטים ראשיים</label>
					<label2>$INFO[Skin.String(focusedmenucolor)]</label2>
					<left>20</left>
					<onclick condition="String.IsEmpty(Skin.String(focusedmenucolor,black)">Skin.SetString(focusedmenucolor,black)</onclick>
					<onclick condition="Skin.String(focusedmenucolor,black)">Skin.SetString(focusedmenucolor,red)</onclick>
					<onclick condition="Skin.String(focusedmenucolor,red)">Skin.SetString(focusedmenucolor,white)</onclick>
					<onclick condition="Skin.String(focusedmenucolor,white)">Skin.SetString(focusedmenucolor,burlywood)</onclick>
					<onclick condition="Skin.String(focusedmenucolor,burlywood)">Skin.SetString(focusedmenucolor,black)</onclick>
				</control>
				<control type="image" id="6373">
					<top>40</top>
					<left>0</left>
					<width>400</width>
					<height>25</height>
					<texture colordiffuse="$INFO[Skin.String(focusedmenucolor)]">colors/white.png</texture>
				</control>
					<!-- WIDGET FOCUSED COLOR -->
				<!--<control type="button" id="6367">
				<include>MediaMenuItemsCommon</include>
					<label>הגדר צבע פוקוס בוידגטים</label>
					<label2>$VAR[WidgetColor_Fix]</label2>
					<left>20</left>
					<onclick condition="String.IsEmpty(Skin.String(colormenu,deepskyblue)">Skin.SetString(colormenu,deepskyblue)</onclick>
					<onclick condition="Skin.String(colormenu,deepskyblue)">Skin.SetString(colormenu,red)</onclick>
					<onclick condition="Skin.String(colormenu,red)">Skin.SetString(colormenu,burlywood)</onclick>
					<onclick condition="Skin.String(colormenu,burlywood)">Skin.SetString(colormenu,cyan)</onclick>
					<onclick condition="Skin.String(colormenu,cyan)">Skin.SetString(colormenu,gray)</onclick>
					<onclick condition="Skin.String(colormenu,gray)">Skin.SetString(colormenu,deepskyblue)</onclick>
				</control>-->
					<!-- WIDGET INFO BG FADE -->
			<!--	<control type="button" id="6368">
				<include>MediaMenuItemsCommon</include>
					<label>עוצמת רקע מידע בוידג'ט</label>
					<label2>$INFO[Skin.String(widgetinfofade)]</label2>
					<left>20</left>
					<onclick condition="String.IsEmpty(Skin.String(widgetinfofade,25)">Skin.SetString(widgetinfofade,25)</onclick>
					<onclick condition="Skin.String(widgetinfofade,25)">Skin.SetString(widgetinfofade,35)</onclick>
					<onclick condition="Skin.String(widgetinfofade,35)">Skin.SetString(widgetinfofade,45)</onclick>
					<onclick condition="Skin.String(widgetinfofade,45)">Skin.SetString(widgetinfofade,55)</onclick>
					<onclick condition="Skin.String(widgetinfofade,55)">Skin.SetString(widgetinfofade,65)</onclick>
					<onclick condition="Skin.String(widgetinfofade,65)">Skin.SetString(widgetinfofade,75)</onclick>
					<onclick condition="Skin.String(widgetinfofade,75)">Skin.SetString(widgetinfofade,25)</onclick>
				</control>-->
				<!-- WIDGET FOCUSED COLOR -->
				<!--<control type="button" id="6369">
					<include>MediaMenuItemsCommon</include>
					<label>עוצמת הרקע בוידג'ט</label>
					<label2>$INFO[Skin.String(widgetcolorbg)]</label2>
					<left>20</left>
					<onclick condition="String.IsEmpty(Skin.String(widgetcolorbg,00FFFFFF)">Skin.SetString(widgetcolorbg,00FFFFFF)</onclick>
					<onclick condition="Skin.String(widgetcolorbg,00FFFFFF)">Skin.SetString(widgetcolorbg,02FFFFFF)</onclick>
					<onclick condition="Skin.String(widgetcolorbg,02FFFFFF)">Skin.SetString(widgetcolorbg,03FFFFFF)</onclick>
					<onclick condition="Skin.String(widgetcolorbg,03FFFFFF)">Skin.SetString(widgetcolorbg,04FFFFFF)</onclick>
					<onclick condition="Skin.String(widgetcolorbg,04FFFFFF)">Skin.SetString(widgetcolorbg,05FFFFFF)</onclick>
					<onclick condition="Skin.String(widgetcolorbg,05FFFFFF)">Skin.SetString(widgetcolorbg,06FFFFFF)</onclick>
					<onclick condition="Skin.String(widgetcolorbg,06FFFFFF)">Skin.SetString(widgetcolorbg,07FFFFFF)</onclick>
					<onclick condition="Skin.String(widgetcolorbg,07FFFFFF)">Skin.SetString(widgetcolorbg,08FFFFFF)</onclick>
					<onclick condition="Skin.String(widgetcolorbg,08FFFFFF)">Skin.SetString(widgetcolorbg,09FFFFFF)</onclick>
					<onclick condition="Skin.String(widgetcolorbg,09FFFFFF)">Skin.SetString(widgetcolorbg,10FFFFFF)</onclick>
					<onclick condition="Skin.String(widgetcolorbg,10FFFFFF)">Skin.SetString(widgetcolorbg,15FFFFFF)</onclick>
					<onclick condition="Skin.String(widgetcolorbg,15FFFFFF)">Skin.SetString(widgetcolorbg,20FFFFFF)</onclick>
					<onclick condition="Skin.String(widgetcolorbg,20FFFFFF)">Skin.SetString(widgetcolorbg,25FFFFFF)</onclick>
					<onclick condition="Skin.String(widgetcolorbg,25FFFFFF)">Skin.SetString(widgetcolorbg,30FFFFFF)</onclick>
					<onclick condition="Skin.String(widgetcolorbg,30FFFFFF)">Skin.SetString(widgetcolorbg,35FFFFFF)</onclick>
					<onclick condition="Skin.String(widgetcolorbg,35FFFFFF)">Skin.SetString(widgetcolorbg,40FFFFFF)</onclick>
					<onclick condition="Skin.String(widgetcolorbg,40FFFFFF)">Skin.SetString(widgetcolorbg,45FFFFFF)</onclick>
					<onclick condition="Skin.String(widgetcolorbg,45FFFFFF)">Skin.SetString(widgetcolorbg,50FFFFFF)</onclick>
					<onclick condition="Skin.String(widgetcolorbg,50FFFFFF)">Skin.SetString(widgetcolorbg,black)</onclick>
					<onclick condition="Skin.String(widgetcolorbg,black)">Skin.SetString(widgetcolorbg,00FFFFFF)</onclick>
				</control>-->
					<!-- DIALOG VIDEO INFO ONCLICK -->
				<!--<control type="radiobutton" id="6370">
					<label>הפעל מידע בוידג'טים</label>
					<include>MediaMenuItemsCommon</include>
					<onclick>Skin.ToggleSetting(ShowWidgetPlot)</onclick>
					<selected>Skin.HasSetting(ShowWidgetPlot)</selected>
				</control>-->
				<!-- DIALOG VIDEO INFO ONCLICK -->
				<!--<control type="radiobutton" id="6371">
					<label>הפעל מידע מורחב</label>
					<include>MediaMenuItemsCommon</include>
					<onclick>Skin.ToggleSetting(videodialogenable)</onclick>
					<selected>Skin.HasSetting(videodialogenable)</selected>
				</control>	-->
				<!-- BACKGROUND WIDGET -->
				<!--<control type="radiobutton" id="6372">
					<label>רקע בוידג'ט</label>
					<include>MediaMenuItemsCommon</include>
					<onclick>Skin.ToggleSetting(widgetbg)</onclick>
					<selected>Skin.HasSetting(widgetbg)</selected>
				</control>-->

	</control>
	</control>
			
			
			
    </controls>

</window>
