<?xml version="1.0" encoding="UTF-8"?>
<window type="itemcontent" id="1326">
	<defaultcontrol always="true">9000</defaultcontrol>
	<controls>

		<control type="group">
		<visible>String.IsEqual(Container(9000).ListItem.Property(id),movies)</visible>
		<include content="ExtraWideWidget">
			<param name="visible" value="String.IsEqual(Container(9001).ListItem.Property(id),docu)"/>
			<param name="list_id" value="9002"/>
			<param name="target" value="videos"/>
			<param name="ondown" value="9001"/>
			<param name="onback" value="9001"/>
			<param name="content" value="plugin://plugin.video.themoviedb.helper/?info=tmdb_v4_list&amp;list_id=8512452&amp;list_name=%d7%a1%d7%a8%d7%98%d7%99%d7%9d%20%d7%93%d7%95%d7%a7%d7%95%d7%9e%d7%a0%d7%98%d7%a8%d7%99%d7%9d&amp;plugin_category=%d7%a1%d7%a8%d7%98%d7%99%d7%9d%20%d7%93%d7%95%d7%a7%d7%95%d7%9e%d7%a0%d7%98%d7%a8%d7%99%d7%9d&amp;tmdb_type=both&amp;user_id=577263d8c3a368246c005c2b"/>
		</include>
		<include content="ExtraWideWidget">
			<param name="visible" value="String.IsEqual(Container(9001).ListItem.Property(id),newmovies)"/>
			<param name="list_id" value="9003"/>
			<param name="ondown" value="9001"/>
			<param name="onback" value="9001"/>
			<param name="target" value="videos"/>
			<param name="content" value="plugin://plugin.video.themoviedb.helper/?info=tmdb_v4_list&amp;list_id=8512446&amp;list_name=%d7%a1%d7%a8%d7%98%d7%99%d7%9d%20%d7%97%d7%93%d7%a9%d7%99%d7%9d&amp;plugin_category=%d7%a1%d7%a8%d7%98%d7%99%d7%9d%20%d7%97%d7%93%d7%a9%d7%99%d7%9d&amp;tmdb_type=both&amp;user_id=577263d8c3a368246c005c2b"/>
		</include>
		<include content="ExtraWideWidget">
			<param name="visible" value="String.IsEqual(Container(9001).ListItem.Property(id),cinemamovies)"/>
			<param name="list_id" value="9004"/>
			<param name="ondown" value="9001"/>
			<param name="onback" value="9001"/>
			<param name="target" value="videos"/>
			<param name="content" value="plugin://plugin.video.themoviedb.helper/?info=now_playing&amp;tmdb_type=movie"/>
		</include>
		<include content="ExtraWideWidget">
			<param name="visible" value="String.IsEqual(Container(9001).ListItem.Property(id),animationmovies)"/>
			<param name="list_id" value="9005"/>
			<param name="ondown" value="9001"/>
			<param name="onback" value="9001"/>
			<param name="target" value="videos"/>
			<param name="content" value="plugin://plugin.video.themoviedb.helper/?info=tmdb_v4_list&amp;list_id=8514218&amp;list_name=%d7%a1%d7%a8%d7%98%d7%99%d7%9d%20%d7%9c%d7%99%d7%9c%d7%93%d7%99%d7%9d&amp;plugin_category=%d7%a1%d7%a8%d7%98%d7%99%d7%9d%20%d7%9c%d7%99%d7%9c%d7%93%d7%99%d7%9d&amp;tmdb_type=both&amp;user_id=577263d8c3a368246c005c2b"/>
		</include>
		<include content="ExtraWideWidget">
			<param name="visible" value="String.IsEqual(Container(9001).ListItem.Property(id),generalmovies)"/>
			<param name="list_id" value="9006"/>
			<param name="ondown" value="9001"/>
			<param name="onback" value="9001"/>
			<param name="target" value="videos"/>
			<param name="content" value="plugin://plugin.video.themoviedb.helper/?info=tmdb_v4_list&amp;list_id=8508912&amp;list_name=%d7%a1%d7%a8%d7%98%d7%99%d7%9d%20%d7%9b%d7%9c%d7%9c%d7%99&amp;plugin_category=%d7%a1%d7%a8%d7%98%d7%99%d7%9d%20%d7%9b%d7%9c%d7%9c%d7%99&amp;tmdb_type=both&amp;user_id=577263d8c3a368246c005c2b"/>
		</include>
		<include content="ExtraWideWidget">
			<param name="visible" value="String.IsEqual(Container(9001).ListItem.Property(id),updatemovies)"/>
			<param name="list_id" value="9007"/>
			<param name="ondown" value="9001"/>
			<param name="onback" value="9001"/>
			<param name="target" value="videos"/>
			<param name="content" value="plugin://plugin.video.themoviedb.helper/?info=tmdb_v4_list&amp;list_id=15241&amp;list_name=%d7%a1%d7%a8%d7%98%d7%99%d7%9d%20%d7%9e%d7%aa%d7%a2%d7%93%d7%9b%d7%9f&amp;plugin_category=%d7%a1%d7%a8%d7%98%d7%99%d7%9d%20%d7%9e%d7%aa%d7%a2%d7%93%d7%9b%d7%9f&amp;tmdb_type=both&amp;user_id=577263d8c3a368246c005c2b"/>
		</include>
		</control>
		
		<control type="group">
		<visible>String.IsEqual(Container(9000).ListItem.Property(id),tvshows)</visible>
		<include content="ExtraWideWidget">
			<param name="visible" value="String.IsEqual(Container(9201).ListItem.Property(id),newtvshows)"/>
			<param name="list_id" value="9202"/>
			<param name="ondown" value="9201"/>
			<param name="onback" value="9201"/>
			<param name="target" value="videos"/>
			<param name="content" value="plugin://plugin.video.themoviedb.helper/?info=tmdb_v4_list&amp;list_id=8512447&amp;list_name=%d7%a1%d7%93%d7%a8%d7%95%d7%aa%20%d7%97%d7%93%d7%a9%d7%95%d7%aa&amp;plugin_category=%d7%a1%d7%93%d7%a8%d7%95%d7%aa%20%d7%97%d7%93%d7%a9%d7%95%d7%aa&amp;tmdb_type=both&amp;user_id=577263d8c3a368246c005c2b"/>
		</include>
		<include content="ExtraWideWidget">
			<param name="visible" value="String.IsEqual(Container(9201).ListItem.Property(id),docutvshows)"/>
			<param name="list_id" value="9203"/>
			<param name="ondown" value="9201"/>
			<param name="onback" value="9201"/>
			<param name="target" value="videos"/>
			<param name="content" value="plugin://plugin.video.themoviedb.helper/?info=tmdb_v4_list&amp;list_id=8512448&amp;list_name=%d7%a1%d7%93%d7%a8%d7%95%d7%aa%20%d7%93%d7%95%d7%a7%d7%95&amp;plugin_category=%d7%a1%d7%93%d7%a8%d7%95%d7%aa%20%d7%93%d7%95%d7%a7%d7%95&amp;tmdb_type=both&amp;user_id=577263d8c3a368246c005c2b"/>
		</include>
		<include content="ExtraWideWidget">
			<param name="visible" value="String.IsEqual(Container(9201).ListItem.Property(id),realitytvshows)"/>
			<param name="list_id" value="9204"/>
			<param name="ondown" value="9201"/>
			<param name="onback" value="9201"/>
			<param name="target" value="videos"/>
			<param name="content" value="plugin://plugin.video.themoviedb.helper/?info=tmdb_v4_list&amp;list_id=8512449&amp;list_name=%d7%a1%d7%93%d7%a8%d7%95%d7%aa%20%d7%a8%d7%99%d7%90%d7%9c%d7%99%d7%98%d7%99&amp;plugin_category=%d7%a1%d7%93%d7%a8%d7%95%d7%aa%20%d7%a8%d7%99%d7%90%d7%9c%d7%99%d7%98%d7%99&amp;tmdb_type=both&amp;user_id=577263d8c3a368246c005c2b"/>
		</include>
		<include content="ExtraWideWidget">
			<param name="visible" value="String.IsEqual(Container(9201).ListItem.Property(id),oldtvshows)"/>
			<param name="list_id" value="9205"/>
			<param name="ondown" value="9201"/>
			<param name="onback" value="9201"/>
			<param name="target" value="videos"/>
			<param name="content" value="plugin://plugin.video.themoviedb.helper/?info=tmdb_v4_list&amp;list_id=8512450&amp;list_name=%d7%a1%d7%93%d7%a8%d7%95%d7%aa%20%d7%a9%d7%9c%20%d7%a4%d7%a2%d7%9d&amp;plugin_category=%d7%a1%d7%93%d7%a8%d7%95%d7%aa%20%d7%a9%d7%9c%20%d7%a4%d7%a2%d7%9d&amp;tmdb_type=both&amp;user_id=577263d8c3a368246c005c2b"/>
		</include>
		<include content="ExtraWideWidget">
			<param name="visible" value="String.IsEqual(Container(9201).ListItem.Property(id),animationtvshows)"/>
			<param name="list_id" value="9206"/>
			<param name="ondown" value="9201"/>
			<param name="onback" value="9201"/>
			<param name="target" value="videos"/>
			<param name="content" value="plugin://plugin.video.themoviedb.helper/?info=tmdb_v4_list&amp;list_id=8512870&amp;list_name=%d7%a1%d7%93%d7%a8%d7%95%d7%aa%20%d7%99%d7%9c%d7%93%d7%99%d7%9d&amp;plugin_category=%d7%a1%d7%93%d7%a8%d7%95%d7%aa%20%d7%99%d7%9c%d7%93%d7%99%d7%9d&amp;tmdb_type=both&amp;user_id=577263d8c3a368246c005c2b"/>
		</include>
		</control>
	

	
	<control type="group">
	<top>300</top>
	<bottom>0</bottom>
	<left>800</left>
	<right>0</right>
	<visible allowhiddenfocus="true">Control.HasFocus(9000) | Control.HasFocus(9001) | Control.HasFocus(9201)</visible>
	<animation effect="fade" start="0" end="100" time="250">Visible</animation>
	<animation effect="fade" start="100" end="0" time="250">Hidden</animation>
	<control type="list" id="9000">
	<top>0</top>
	<left>0</left>
	<right>40</right>
	<orientation>vertical</orientation>
	<scrolltime tween="cubic">550</scrolltime>
	<onright>SetFocus($INFO[Container(9000).ListItem.Property(item)])</onright>
	<itemlayout width="220" height="85">
	<control type="label">
		<top>5</top>
		<bottom>5</bottom>
		<left>5</left>
		<right>5</right>
		<align>center</align>
		<aligny>center</aligny>
		<font>font37</font>
		<label>$INFO[ListItem.Label]</label>
	</control>
	</itemlayout>
	<focusedlayout width="220" height="85">
	<control type="label">
		<top>5</top>
		<bottom>5</bottom>
		<left>5</left>
		<right>5</right>
		<align>center</align>
		<aligny>center</aligny>
		<label>$INFO[ListItem.Label]</label>
		<font>font52_title</font>
	</control>
	<control type="image">
		<visible>Control.HasFocus(9000)</visible>
		<texture border="8,8,8,8">stroke/stroke.png</texture>
		<animation effect="fadediffuse" start="FF121212" end="FFFFFFFF" time="200" condition="Control.HasFocus(9000)" pulse="true">Visible</animation>
	</control>
	</focusedlayout>
	<content>
	<item id="1">
		<label>סדרות</label>
		<property name="id">tvshows</property>
		<property name="item">$NUMBER[9201]</property>
		<onclick>Control.SetFocus(9201)</onclick>
	</item>
	<item id="2">
		<label>סרטים</label>
		<property name="id">movies</property>
		<property name="item">$NUMBER[9001]</property>
		<onclick>Control.SetFocus(9001)</onclick>
	</item>
	</content>
	</control>


	<control type="wraplist" id="9001">
	<top>-80</top>
	<left>300</left>
	<bottom>520</bottom>
	<!-- <orientation>horizontal</orientation> -->
	<scrolltime tween="cubic">550</scrolltime>
	<onback>9000</onback>
	<onright>false</onright>
	<onleft>Control.SetFocus(9000,1,absolute)</onleft>
	<focusposition>2</focusposition>
	<visible>String.IsEqual(Container(9000).ListItem.Property(id),movies)</visible>
	<onup>SetFocus($INFO[Container(9001).ListItem.Property(item)])</onup>
	<itemlayout width="220" height="65">
	<control type="label">
		<top>5</top>
		<bottom>5</bottom>
		<left>5</left>
		<right>5</right>
		<align>center</align>
		<aligny>center</aligny>
		<font>font37</font>
		<label>$INFO[ListItem.Label]</label>
	</control>
	</itemlayout>
	<focusedlayout width="220" height="65">
	<control type="label">
		<top>5</top>
		<bottom>5</bottom>
		<left>5</left>
		<right>5</right>
		<align>center</align>
		<aligny>center</aligny>
		<label>$INFO[ListItem.Label]</label>
		<font>font52_title</font>
	</control>
	<control type="image">
		<visible>Control.HasFocus(9001)</visible>
		<texture border="8,8,8,8">stroke/stroke.png</texture>
		<animation effect="fadediffuse" start="FF121212" end="FFFFFFFF" time="200" condition="Control.HasFocus(9001)" pulse="true">Visible</animation>
	</control>
	</focusedlayout>	
	<content>
	<item id="1">
		<label>דוקו</label>
		<property name="id">docu</property>
		<property name="item">$NUMBER[9002]</property>
		<onclick>Control.SetFocus(9002)</onclick>
	</item>
	<item id="2">
		<label>חדשים</label>
		<property name="id">newmovies</property>
		<property name="item">$NUMBER[9003]</property>
		<onclick>Control.SetFocus(9003)</onclick>
	</item>
	<item id="3">
		<label>בקולנוע</label>
		<property name="id">cinemamovies</property>
		<property name="item">$NUMBER[9004]</property>
		<onclick>Control.SetFocus(9004)</onclick>
	</item>
	<item id="3">
		<label>מדובבים</label>
		<property name="id">animationmovies</property>
		<property name="item">$NUMBER[9005]</property>
		<onclick>Control.SetFocus(9005)</onclick>
	</item>
	<item id="4">
		<label>כללי</label>
		<property name="id">generalmovies</property>
		<property name="item">$NUMBER[9006]</property>
		<onclick>Control.SetFocus(9006)</onclick>
	</item>
	<item id="4">
		<label>מתעדכן</label>
		<property name="id">updatemovies</property>
		<property name="item">$NUMBER[9007]</property>
		<onclick>Control.SetFocus(9007)</onclick>
	</item>
	</content>
	</control>

	
	<control type="wraplist" id="9201">
	<top>-80</top>
	<left>300</left>
	<bottom>520</bottom>
	<orientation>vertical</orientation>
	<scrolltime tween="cubic">550</scrolltime>
	<onback>9000</onback>
	<onright>false</onright>
	<onleft>Control.SetFocus(9000,0,absolute)</onleft>
	<focusposition>2</focusposition>
	<movement>2</movement>
	<focusposition>2</focusposition>
	<visible>String.IsEqual(Container(9000).ListItem.Property(id),tvshows)</visible>
	<onup>SetFocus($INFO[Container(9201).ListItem.Property(item)])</onup>
	<itemlayout width="220" height="65">
	<control type="label">
		<top>5</top>
		<bottom>5</bottom>
		<left>5</left>
		<right>5</right>
		<align>center</align>
		<aligny>center</aligny>
		<font>font37</font>
		<label>$INFO[ListItem.Label]</label>
	</control>
	</itemlayout>
	<focusedlayout width="220" height="65">
	<control type="label">
		<top>5</top>
		<bottom>5</bottom>
		<left>5</left>
		<right>5</right>
		<align>center</align>
		<aligny>center</aligny>
		<label>$INFO[ListItem.Label]</label>
		<font>font52_title</font>
	</control>
	<control type="image">
		<visible>Control.HasFocus(9201)</visible>
		<texture border="8,8,8,8">stroke/stroke.png</texture>
		<animation effect="fadediffuse" start="FF121212" end="FFFFFFFF" time="200" condition="Control.HasFocus(9201)" pulse="true">Visible</animation>
	</control>
	</focusedlayout>	
	<content>
	<item id="2">
		<label>חדשים</label>
		<property name="id">newtvshows</property>
		<property name="item">$NUMBER[9202]</property>
		<onclick>Control.SetFocus(9202)</onclick>
	</item>
	<item id="1">
		<label>דוקו</label>
		<property name="id">docutvshows</property>
		<property name="item">$NUMBER[9203]</property>
		<onclick>Control.SetFocus(9203)</onclick>
	</item>
	<item id="3">
		<label>ריאליטי</label>
		<property name="id">realitytvshows</property>
		<property name="item">$NUMBER[9204]</property>
		<onclick>Control.SetFocus(9204)</onclick>
	</item>
	<item id="3">
		<label>שאהבנו</label>
		<property name="id">oldtvshows</property>
		<property name="item">$NUMBER[9205]</property>
		<onclick>Control.SetFocus(9205)</onclick>
	</item>
	<item id="3">
		<label>מדובבים</label>
		<property name="id">animationtvshows</property>
		<property name="item">$NUMBER[9206]</property>
		<onclick>Control.SetFocus(9206)</onclick>
	</item>
	</content>
	</control>
	
	</control>
		
	</controls>
</window>
