<?xml version="1.0" encoding="utf-8"?>
<window type="dialog" id="1102">
	<defaultcontrol always="true">1060</defaultcontrol>
	<include>Animation_DialogPopupOpenClose</include>
	<controls>
		<control type="image">
			<animation condition="true" effect="fade" end="95" time="0">Conditional</animation>
			<width>1920</width>
			<height>1080</height>
			<texture colordiffuse="FF181818">colors/white.png</texture>
		</control>
		<control type="group">
		<width>1920</width>
		<height>1080</height>
			<!-- <control type="image"> -->
				<!-- <height>450</height> -->
				<!-- <bordertexture>colors/white.png</bordertexture> -->
				<!-- <bordersize>5</bordersize> -->
				<!-- <texture fallback="fallbacks/Ghostfallback.png">$VAR[widgetfanartview]</texture> -->
			<!-- </control> -->
				<control type="textbox">
				<visible>!String.IsEmpty(ListItem.Plot)</visible>
					<align>center</align>
					<aligny>center</aligny>
					<font>font45</font>
					<label>[B]$INFO[Window(home).Property(Text_Header)][/B][CR][I]$INFO[Window(home).Property(Text_HeaderGenre)][/I][CR]$INFO[Window(home).Property(TextViewer_TextDialog)]</label>
					<autoscroll time="4000" delay="4000" repeat="4000">!Control.HasFocus(1060)</autoscroll>
					<pagecontrol>1060</pagecontrol>
				</control>
			<!-- <control type="grouplist"> -->
			<!-- <top>450</top> -->
			<!-- <itemgap>15</itemgap> -->
				<!-- <control type="label"> -->
					<!-- <height max="65">auto</height> -->
					<!-- <label>$INFO[Window(home).Property(Text_Header)]</label> -->
					<!-- <font>font45_title</font> -->
				<!-- </control> -->
			<!-- <control type="grouplist"> -->
			<!-- <itemgap>175</itemgap> -->
			<!-- <align>left</align> -->
			<!-- <height>55</height> -->
			<!-- <orientation>horizontal</orientation> -->
			<!-- <control type="group"> -->
			<!-- <height max="50">auto</height> -->
			<!-- <left>50</left> -->
			<!-- <visible>!String.IsEmpty(ListItem.EndTime)</visible> -->
			<!-- <control type="image"> -->
					<!-- <width>45</width> -->
					<!-- <height>45</height> -->
					<!-- <aspectratio>keep</aspectratio> -->
					<!-- <texture>kaitoast/clock.png</texture> -->
				<!-- </control> -->
				<!-- <control type="label"> -->
				<!-- <left>50</left> -->
					<!-- <label>$INFO[ListItem.EndTime]</label> -->
				<!-- </control> -->
			<!-- </control> -->
			<!-- <control type="group"> -->
			<!-- <height max="50">auto</height> -->
			<!-- <visible>!String.IsEmpty(ListItem.Duration)</visible> -->
			<!-- <control type="image"> -->
					<!-- <width>45</width> -->
					<!-- <height>45</height> -->
					<!-- <aspectratio>keep</aspectratio> -->
					<!-- <texture>kaitoast/clock.png</texture> -->
				<!-- </control> -->
				<!-- <control type="label"> -->
				<!-- <left>50</left> -->
					<!-- <label>$INFO[ListItem.Duration]</label> -->
				<!-- </control> -->
			<!-- </control> -->
			
			<!-- <control type="group"> -->
			<!-- <height max="50">auto</height> -->
			<!-- <visible>!String.IsEmpty(ListItem.Year)</visible> -->
				<!-- <control type="label"> -->
				<!-- <left>50</left> -->
					<!-- <label>$INFO[ListItem.Year]</label> -->
				<!-- </control> -->
			<!-- </control> -->
			<!-- <control type="group"> -->
			<!-- <height max="50">auto</height> -->
			<!-- <visible>!String.IsEmpty(ListItem.Genre)</visible> -->
				<!-- <control type="label"> -->
				<!-- <left>50</left> -->
					<!-- <label>$INFO[ListItem.Genre]</label> -->
				<!-- </control> -->
			<!-- </control> -->
			<!-- </control> -->
				<!-- <control type="textbox"> -->
				<!-- <visible>!String.IsEmpty(ListItem.Plot)</visible> -->
					<!-- <height max="185">auto</height> -->
					<!-- <font>font32_title</font> -->
					<!-- <label>$INFO[Window(home).Property(TextViewer_TextDialog)]</label> -->
					<!-- <autoscroll time="4000" delay="4000" repeat="4000">!Control.HasFocus(1060)</autoscroll> -->
					<!-- <pagecontrol>1060</pagecontrol> -->
				<!-- </control> -->
		<!-- </control> -->
			<control type="image">
			<animation type="WindowOpen">
				<effect type="fade" start="0" end="100" time="1050" delay="1050" tween="sine" easing="inout"/>
			</animation>
				<top>840</top>
				<left>300</left>
				<height>150</height>
				<width>350</width>
				<aspectratio>keep</aspectratio>
				<texture fallback="fallbacks/Ghostfallback.png">$VAR[clearartlogo]</texture>
			</control>
			<control type="scrollbar" id="1060">
				<include>HiddenObject</include>
				<ondown>3000</ondown>
				<onup>3000</onup>
			</control>
		</control>

		
		
		<!-- <control type="group"> -->
			<!-- <centertop>50%</centertop> -->
			<!-- <centerleft>50%</centerleft> -->
			<!-- <control type="textbox" id="2000"> -->
				<!-- <visible>!Player.HasAudio</visible> -->
				<!-- <align>center</align> -->
				<!-- <aligny>center</aligny> -->
				<!-- <shadowcolor>black</shadowcolor> -->
				<!-- <pagecontrol>3000</pagecontrol> -->
				<!-- <font>font45</font> -->
				<!-- <label>$INFO[Window(home).Property(TextViewer_Text)]</label> -->
			<!-- </control>			 -->
			<!-- <control type="textbox" id="2001"> -->
			<!-- <visible>Player.HasAudio</visible> -->
				<!-- <align>center</align> -->
				<!-- <aligny>center</aligny> -->
				<!-- <shadowcolor>black</shadowcolor> -->
				<!-- <pagecontrol>3000</pagecontrol> -->
				<!-- <font>font45</font> -->
				<!-- <pagecontrol>3000</pagecontrol> -->
				<!-- <label>$INFO[Window(home).Property(TextViewer_TextA)]</label> -->
			<!-- </control> -->
			<!-- <control type="textbox" id="2002"> -->
				<!-- <align>center</align> -->
				<!-- <aligny>center</aligny> -->
				<!-- <shadowcolor>black</shadowcolor> -->
				<!-- <pagecontrol>3000</pagecontrol> -->
				<!-- <font>font45</font> -->
				<!-- <pagecontrol>3000</pagecontrol> -->
				<!-- <label>$INFO[Window(home).Property(OsdTextViewer)]</label> -->
			<!-- </control> -->
			<!-- <control type="textbox" id="2003"> -->
				<!-- <align>center</align> -->
				<!-- <aligny>center</aligny> -->
				<!-- <shadowcolor>black</shadowcolor> -->
				<!-- <pagecontrol>3000</pagecontrol> -->
				<!-- <font>font45</font> -->
				<!-- <pagecontrol>3000</pagecontrol> -->
				<!-- <label>$INFO[Window(home).Property(TextViewer_TextDialog)]</label> -->
			<!-- </control> -->
			<!-- <control type="textbox" id="2004"> -->
			<!-- <centerleft>50%</centerleft> -->
			<!-- <centertop>10%</centertop> -->
				<!-- <align>center</align> -->
				<!-- <aligny>center</aligny> -->
				<!-- <shadowcolor>black</shadowcolor> -->
				<!-- <pagecontrol>3000</pagecontrol> -->
				<!-- <font>font45_title</font> -->
				<!-- <pagecontrol>3000</pagecontrol> -->
				<!-- <label>$INFO[Window(home).Property(Text_Header)]</label> -->
			<!-- </control> -->
			<!-- <control type="scrollbar" id="3000"> -->
				<!-- <include>HiddenObject</include> -->
				<!-- <ondown>3000</ondown> -->
				<!-- <onup>3000</onup> -->
			<!-- </control> -->
		<!-- </control> -->
		<control type="button" id="1000">
			<include>HiddenObject</include>
			<onclick>Action(Close)</onclick>
			<onup>PageUp(3000)</onup>
			<ondown>PageDown(3000)</ondown>
		</control>
		<control type="button">
			<centerleft>50%</centerleft>
			<top>113</top>
			<width>48</width>
			<height>20</height>
			<onclick>SetFocus(3000)</onclick>
			<onclick>Up</onclick>
			<texturefocus colordiffuse="button_focus" flipy="true">overlays/arrowdown.png</texturefocus>
			<texturenofocus colordiffuse="button_focus" flipy="true">overlays/arrowdown.png</texturenofocus>
			<visible>Control.IsVisible(3000) + Integer.IsGreater(Container(2000).CurrentPage,1)</visible>
			<animation effect="zoom" start="100,0" end="100,100" center="auto" time="200" delay="10">VisibleChange</animation>
		</control>
		<control type="button">
			<centerleft>50%</centerleft>
			<top>940</top>
			<width>48</width>
			<height>20</height>
			<onclick>SetFocus(3000)</onclick>
			<onclick>Down</onclick>
			<texturefocus colordiffuse="button_focus">overlays/arrowdown.png</texturefocus>
			<texturenofocus colordiffuse="button_focus">overlays/arrowdown.png</texturenofocus>
			<visible>Control.IsVisible(3000) + !String.IsEqual(Container(2000).CurrentPage,Container(2000).NumPages)</visible>
			<animation effect="zoom" start="100,0" end="100,100" center="auto" time="200" delay="10">VisibleChange</animation>
		</control>
	</controls>
</window>
