<?xml version="1.0" encoding="UTF-8"?>
<window type="PersonSearch" id="1330">
	<defaultcontrol always="true">9000</defaultcontrol>
	<backgroundcolor>background</backgroundcolor>
	<include>_VARzoomglobalanimation</include>
	<controls>
		<include>DefaultBackground</include>
		
		<!-- <control type="image"> -->
			<!-- <top>780</top> -->
			<!-- <width>500</width> -->
			<!-- <height>480</height> -->
			<!-- <texture>logos/mysignature.png</texture> -->
		<!-- </control> -->

	
		<control type="group">
		<top>200</top>
		<bottom>200</bottom>
		<left>25</left>
		<visible allowhiddenfocus="true">![String.IsEqual(ListItem.DBtype,movie) | String.IsEqual(ListItem.DBtype,tvshow) | String.IsEqual(ListItem.DBtype,season) | String.IsEqual(ListItem.DBtype,episode) | Control.HasFocus(9001) | String.Contains(ListItem.FolderPath,telemedia)]</visible>
		<animation type="Visible">
		<effect type="fade" start="0" end="100" time="150"/>
		</animation>
		<animation type="Hidden">
		<effect type="fade" start="100" end="0" time="150"/>
		</animation>
		
		<control type="wraplist" id="9000">
		<onup>499944</onup>
		<!-- <include>OpenClose_FadeSlide_Onup</include> -->
		<orientation>vertical</orientation>
		<scrolltime tween="cubic">500</scrolltime>
		<focusposition>2</focusposition>
		<onright condition="String.IsEqual(Container(9000).ListItem.Label,סרטים)">Control.SetFocus(27001)</onright>
		<onright condition="String.IsEqual(Container(9000).ListItem.Label,סדרות)">Control.SetFocus(27002)</onright>
		<onright condition="String.IsEqual(Container(9000).ListItem.Label,עידן פלוס)">Control.SetFocus(27003)</onright>
		<onright condition="String.IsEqual(Container(9000).ListItem.Label,טלסרטים)">Control.SetFocus(37004)</onright>
		<onright condition="String.IsEqual(Container(9000).ListItem.Label,טלסדרות)">Control.SetFocus(37005)</onright>
		<onclick condition="!Integer.IsEqual(Container(9001).NumItems,0)">SetFocus(9001)</onclick>
		<onback>FullScreen</onback>	
		<onleft>fullscreen</onleft>
		<itemlayout width="282" height="113">
			<!-- <control type="image"> -->
				<!-- <left>0</left> -->
				<!-- <top>0</top> -->
				<!-- <height>113</height> -->
				<!-- <texture border="0,6,0,6">HomeBack.png</texture> -->
			<!-- </control> -->
		<control type="image">
			<left>0</left>
			<top>8</top>
			<height>9</height>
			<texture>HomeOverlay1.png</texture>
		</control>	
		<control type="image">
			<width>1</width>
			<texture>HomeSeperator.png</texture>
		</control>
		<control type="image">
			<left>280</left>
			<width>1</width>
			<texture>HomeSeperator.png</texture>
		</control>
		<control type="label">
			<align>center</align>
			<aligny>center</aligny>
			<textcolor>white</textcolor>
			<font>font32_title</font>
			<label>$INFO[ListItem.Label]</label>
		</control>
		</itemlayout>
		<focusedlayout width="282" height="113">
			<control type="image">
				<left>0</left>
				<top>0</top>
				<height>113</height>
				<texture border="0,6,0,6">HomeBack.png</texture>
			</control>
			<control type="image">
				<left>0</left>
				<top>8</top>
				<height>9</height>
				<texture>HomeOverlay1.png</texture>
			</control>	
		<control type="image">
			<width>1</width>
			<texture>HomeSeperator.png</texture>
		</control>
		<control type="label">
			<aligny>center</aligny>
			<align>center</align>
			<font>font32_title</font>
			<label>$INFO[ListItem.Label]</label>
			<textcolor>$INFO[Skin.String(backgroundtextmenuscolor)]</textcolor>
			<visible>Control.HasFocus(9000)</visible>
		</control>
		<control type="label">
			<aligny>center</aligny>
			<align>center</align>
			<font>font32_title</font>
			<label>$INFO[ListItem.Label]</label>
			<textcolor>white</textcolor>
			<visible>!Control.HasFocus(9000)</visible>
		</control>
		</focusedlayout>
		<content><include>skinshortcuts-mainmenu</include></content>
		</control>
		</control>



		<control type="group">
		<top>200</top>
		<bottom>200</bottom>
		<left>-850</left>
		<animation type="Visible">
		<effect type="slide" start="0" end="20" time="150" tween="sine" easing="inout"/>
		<effect type="fade" start="0" end="100" time="150"/>
		</animation>
		<animation type="Hidden">
		<effect type="slide" start="0" end="-20" time="150" tween="sine" easing="inout"/>
		<effect type="fade" start="100" end="0" time="150"/>
		</animation>
		<animation condition="Control.HasFocus(9001)" effect="slide" start="0" end="880" time="150" tween="sine" easing="inout">Conditional</animation>
		<control type="wraplist" id="9001">
		<onup>499944</onup>
		<!-- <include>OpenClose_FadeSlide_Onup</include> -->
		<orientation>vertical</orientation>
		<scrolltime tween="cubic">500</scrolltime>
		<focusposition>2</focusposition>
		<onback>9000</onback>	
		<onleft>fullscreen</onleft>
		<itemlayout width="282" height="113">
			<!-- <control type="image"> -->
				<!-- <left>0</left> -->
				<!-- <top>0</top> -->
				<!-- <height>113</height> -->
				<!-- <texture border="0,6,0,6">HomeBack.png</texture> -->
			<!-- </control> -->
		<control type="image">
			<left>0</left>
			<top>8</top>
			<height>9</height>
			<texture>HomeOverlay1.png</texture>
		</control>	
		<control type="image">
			<width>1</width>
			<texture>HomeSeperator.png</texture>
		</control>
		<control type="image">
			<left>280</left>
			<width>1</width>
			<texture>HomeSeperator.png</texture>
		</control>
		<control type="textbox">
			<left>10</left>
			<right>10</right>
			<align>center</align>
			<aligny>center</aligny>
			<textcolor>white</textcolor>
			<label>$INFO[ListItem.Label]</label>
		</control>
		</itemlayout>
		<focusedlayout width="282" height="113">
			<control type="image">
				<left>0</left>
				<top>0</top>
				<height>113</height>
				<texture border="0,6,0,6">HomeBack.png</texture>
			</control>
			<control type="image">
				<left>0</left>
				<top>8</top>
				<height>9</height>
				<texture>HomeOverlay1.png</texture>
			</control>	
		<control type="image">
			<width>1</width>
			<texture>HomeSeperator.png</texture>
		</control>
		<control type="textbox">
			<left>10</left>
			<right>10</right>
			<aligny>center</aligny>
			<align>center</align>
			<label>$INFO[ListItem.Label]</label>
			<textcolor>$INFO[Skin.String(backgroundtextmenuscolor)]</textcolor>
			<visible>Control.HasFocus(9000)</visible>
		</control>
		<control type="textbox">
			<left>10</left>
			<right>10</right>
			<aligny>center</aligny>
			<align>center</align>
			<label>$INFO[ListItem.Label]</label>
			<textcolor>white</textcolor>
			<visible>!Control.HasFocus(9000)</visible>
		</control>
		</focusedlayout>
		<content><include>skinshortcuts-submenu</include></content>
		</control>
		</control>
		

			<control type="group">
			<visible>String.IsEqual(Container(9000).ListItem.Label,סרטים)</visible>
			<top>-120</top>
			<animation effect="fade" start="100" end="0" time="200" tween="sine" condition="$EXP[infodialog_active]">Conditional</animation>
			<!-- WIDGETS GROUP -->
			<control type="group" id="2000">
				<left>400</left>
				<!-- SEARCH RESULTS -->
				<control type="group" id="27000">
					<include content="Visible_Right_Delayed">
						<param name="id" value="movies"/>
					</include>
				
					<control type="grouplist" id="27001">
						<include>WidgetGroupListCommon</include>
						<pagecontrol>27099</pagecontrol>
						<include content="EditedEditedWidgetPanelBigPoster" condition="!Skin.HasSetting(HideMovieResults)">
						  <param name="content_path" value="plugin://plugin.video.themoviedb.helper/?info=tmdb_v4_list&amp;list_id=8512452&amp;list_name=%d7%a1%d7%a8%d7%98%d7%99%d7%9d%20%d7%93%d7%95%d7%a7%d7%95%d7%9e%d7%a0%d7%98%d7%a8%d7%99%d7%9d&amp;plugin_category=%d7%a1%d7%a8%d7%98%d7%99%d7%9d%20%d7%93%d7%95%d7%a7%d7%95%d7%9e%d7%a0%d7%98%d7%a8%d7%99%d7%9d&amp;tmdb_type=both&amp;user_id=577263d8c3a368246c005c2b"/>
						  <param name="widget_header" value="[COLOR burlywood]Docu Movies[/COLOR]"/>
						  <param name="widget_target" value="videos"/>
						  <param name="list_id" value="27011"/>
						</include>
						<include content="EditedWidgetPanelBigPoster" condition="!Skin.HasSetting(HideTVShowResults)">
						  <param name="content_path" value="plugin://plugin.video.themoviedb.helper/?info=tmdb_v4_list&amp;list_id=8512446&amp;list_name=%d7%a1%d7%a8%d7%98%d7%99%d7%9d%20%d7%97%d7%93%d7%a9%d7%99%d7%9d&amp;plugin_category=%d7%a1%d7%a8%d7%98%d7%99%d7%9d%20%d7%97%d7%93%d7%a9%d7%99%d7%9d&amp;tmdb_type=both&amp;user_id=577263d8c3a368246c005c2b"/>
						  <param name="widget_header" value="[COLOR burlywood]New Movies[/COLOR]"/>
						  <param name="widget_target" value="videos"/>
						  <param name="list_id" value="27012"/>
						</include>	
						<include content="EditedWidgetPanelBigPoster" condition="!Skin.HasSetting(HideTVShowResults)">
						  <param name="content_path" value="plugin://plugin.video.themoviedb.helper/?info=now_playing&amp;tmdb_type=movie"/>
						  <param name="widget_header" value="[COLOR burlywood]Cinema[/COLOR] $INFO[Window(home).Property(ActorNameDeatils)]"/>
						  <param name="widget_target" value="videos"/>
						  <param name="list_id" value="27013"/>
						</include>
						<include content="EditedWidgetPanelBigPoster" condition="!Skin.HasSetting(HideTVShowResults)">
						  <param name="content_path" value="plugin://plugin.video.themoviedb.helper/?info=tmdb_v4_list&amp;list_id=8514218&amp;list_name=%d7%a1%d7%a8%d7%98%d7%99%d7%9d%20%d7%9c%d7%99%d7%9c%d7%93%d7%99%d7%9d&amp;plugin_category=%d7%a1%d7%a8%d7%98%d7%99%d7%9d%20%d7%9c%d7%99%d7%9c%d7%93%d7%99%d7%9d&amp;tmdb_type=both&amp;user_id=577263d8c3a368246c005c2b"/>
						  <param name="widget_header" value="[COLOR burlywood]Animation Movies[/COLOR] $INFO[Window(home).Property(ActorNameDeatils)]"/>
						  <param name="widget_target" value="videos"/>
						  <param name="list_id" value="27014"/>
						</include>
						<include content="EditedWidgetPanelBigPoster" condition="!Skin.HasSetting(HideTVShowResults)">
						  <param name="content_path" value="plugin://plugin.video.themoviedb.helper/?info=tmdb_v4_list&amp;list_id=8508912&amp;list_name=%d7%a1%d7%a8%d7%98%d7%99%d7%9d%20%d7%9b%d7%9c%d7%9c%d7%99&amp;plugin_category=%d7%a1%d7%a8%d7%98%d7%99%d7%9d%20%d7%9b%d7%9c%d7%9c%d7%99&amp;tmdb_type=both&amp;user_id=577263d8c3a368246c005c2b"/>
						  <param name="widget_header" value="[COLOR burlywood]General Movies[/COLOR] $INFO[Window(home).Property(ActorNameDeatils)]"/>
						  <param name="widget_target" value="videos"/>
						  <param name="list_id" value="27015"/>
						</include>
						<include content="EditedWidgetPanelBigPoster" condition="!Skin.HasSetting(HideTVShowResults)">
						  <param name="content_path" value="plugin://plugin.video.themoviedb.helper/?info=tmdb_v4_list&amp;list_id=15241&amp;list_name=%d7%a1%d7%a8%d7%98%d7%99%d7%9d%20%d7%9e%d7%aa%d7%a2%d7%93%d7%9b%d7%9f&amp;plugin_category=%d7%a1%d7%a8%d7%98%d7%99%d7%9d%20%d7%9e%d7%aa%d7%a2%d7%93%d7%9b%d7%9f&amp;tmdb_type=both&amp;user_id=577263d8c3a368246c005c2b"/>
						  <param name="widget_header" value="[COLOR burlywood]Update Movies[/COLOR] $INFO[Window(home).Property(ActorNameDeatils)]"/>
						  <param name="widget_target" value="videos"/>
						  <param name="list_id" value="27016"/>
						</include>
						<include content="EditedWidgetPanelBigPoster" condition="!Skin.HasSetting(HideTVShowResults)">
						  <param name="content_path" value="plugin://plugin.video.themoviedb.helper/?info=tmdb_v4_list&amp;list_id=18206&amp;list_name=%d7%a1%d7%a8%d7%98%d7%99%d7%9d%20%d7%9e%d7%9b%d7%9c%20%d7%94%d7%96%d7%9e%d7%a0%d7%99%d7%9d&amp;plugin_category=%d7%a1%d7%a8%d7%98%d7%99%d7%9d%20%d7%9e%d7%9b%d7%9c%20%d7%94%d7%96%d7%9e%d7%a0%d7%99%d7%9d&amp;tmdb_type=both&amp;user_id=577263d8c3a368246c005c2b"/>
						  <param name="widget_header" value="[COLOR burlywood]old Movies[/COLOR] $INFO[Window(home).Property(ActorNameDeatils)]"/>
						  <param name="widget_target" value="videos"/>
						  <param name="list_id" value="27017"/>
						</include>
						<include content="EditedWidgetPanelBigPoster" condition="!Skin.HasSetting(HideTVShowResults)">
						  <param name="content_path" value="plugin://plugin.video.themoviedb.helper/?info=tmdb_v4_list&amp;list_id=8539823&amp;list_name=%d7%94%d7%95%d7%9c%d7%9e%d7%a8%d7%a7&amp;plugin_category=%d7%94%d7%95%d7%9c%d7%9e%d7%a8%d7%a7&amp;tmdb_type=both&amp;user_id=577263d8c3a368246c005c2b"/>
						  <param name="widget_header" value="[COLOR burlywood]hallmark Movies[/COLOR] $INFO[Window(home).Property(ActorNameDeatils)]"/>
						  <param name="widget_target" value="videos"/>
						  <param name="list_id" value="27018"/>
						</include>		
						<include content="EditedWidgetPanelBigPoster" condition="!Skin.HasSetting(HideTVShowResults)">
						  <param name="content_path" value="plugin://plugin.video.themoviedb.helper/?info=tmdb_v4_list&amp;list_id=8512452&amp;list_name=%d7%a1%d7%a8%d7%98%d7%99%d7%9d%20%d7%93%d7%95%d7%a7%d7%95%d7%9e%d7%a0%d7%98%d7%a8%d7%99%d7%9d&amp;plugin_category=%d7%a1%d7%a8%d7%98%d7%99%d7%9d%20%d7%93%d7%95%d7%a7%d7%95%d7%9e%d7%a0%d7%98%d7%a8%d7%99%d7%9d&amp;tmdb_type=both&amp;user_id=577263d8c3a368246c005c2b"/>
						  <param name="widget_header" value="[COLOR burlywood]Docu Movies[/COLOR] $INFO[Window(home).Property(ActorNameDeatils)]"/>
						  <param name="widget_target" value="videos"/>
						  <param name="list_id" value="27019"/>
						</include>
						<include content="EditedWidgetPanelBigPoster" condition="!Skin.HasSetting(HideTVShowResults)">
						  <param name="content_path" value="plugin://plugin.video.themoviedb.helper/?info=discover&amp;sort_by=release_date.desc&amp;tmdb_id=None&amp;tmdb_type=movie&amp;with_id=True&amp;with_original_language=he"/>
						  <param name="widget_header" value="[COLOR burlywood]Israeli Movies[/COLOR] $INFO[Window(home).Property(ActorNameDeatils)]"/>
						  <param name="widget_target" value="videos"/>
						  <param name="list_id" value="27020"/>
						</include>
					</control>
					<include content="WidgetScrollbar" condition="Skin.HasSetting(touchmode)">
						<param name="scrollbar_id" value="27099"/>
					</include>
				</control>
			</control>	
	</control>




			<control type="group">
			<visible>String.IsEqual(Container(9000).ListItem.Label,סדרות)</visible>
			<top>-120</top>
			<animation effect="fade" start="100" end="0" time="200" tween="sine" condition="$EXP[infodialog_active]">Conditional</animation>
			<!-- WIDGETS GROUP -->
			<control type="group" id="2200">
				<left>400</left>
				<!-- SEARCH RESULTS -->
				<control type="group" id="26001">
					<include content="Visible_Right_Delayed">
						<param name="id" value="movies"/>
					</include>
				
					<control type="grouplist" id="27002">
						<include>WidgetGroupListCommon</include>
						<pagecontrol>27099</pagecontrol>
						<include content="EditedWidgetPanelBigPoster" condition="!Skin.HasSetting(HideTVShowResults)">
						  <param name="content_path" value="plugin://plugin.video.themoviedb.helper/?info=tmdb_v4_list&amp;list_id=8512447&amp;list_name=%d7%a1%d7%93%d7%a8%d7%95%d7%aa%20%d7%97%d7%93%d7%a9%d7%95%d7%aa&amp;plugin_category=%d7%a1%d7%93%d7%a8%d7%95%d7%aa%20%d7%97%d7%93%d7%a9%d7%95%d7%aa&amp;tmdb_type=both&amp;user_id=577263d8c3a368246c005c2b"/>
						  <param name="widget_header" value="[COLOR burlywood]New TvShows[/COLOR]"/>
						  <param name="widget_target" value="videos"/>
						  <param name="list_id" value="27115"/>
						</include>	
						<include content="EditedWidgetPanelBigPoster" condition="!Skin.HasSetting(HideTVShowResults)">
						  <param name="content_path" value="plugin://plugin.video.themoviedb.helper/?info=tmdb_v4_list&amp;list_id=8512448&amp;list_name=%d7%a1%d7%93%d7%a8%d7%95%d7%aa%20%d7%93%d7%95%d7%a7%d7%95&amp;plugin_category=%d7%a1%d7%93%d7%a8%d7%95%d7%aa%20%d7%93%d7%95%d7%a7%d7%95&amp;tmdb_type=both&amp;user_id=577263d8c3a368246c005c2b"/>
						  <param name="widget_header" value="[COLOR burlywood]Docu TvShows[/COLOR]"/>
						  <param name="widget_target" value="videos"/>
						  <param name="list_id" value="27116"/>
						</include>
						<include content="EditedWidgetPanelBigPoster" condition="!Skin.HasSetting(HideTVShowResults)">
						  <param name="content_path" value="plugin://plugin.video.themoviedb.helper/?info=tmdb_v4_list&amp;list_id=8512449&amp;list_name=%d7%a1%d7%93%d7%a8%d7%95%d7%aa%20%d7%a8%d7%99%d7%90%d7%9c%d7%99%d7%98%d7%99&amp;plugin_category=%d7%a1%d7%93%d7%a8%d7%95%d7%aa%20%d7%a8%d7%99%d7%90%d7%9c%d7%99%d7%98%d7%99&amp;tmdb_type=both&amp;user_id=577263d8c3a368246c005c2b"/>
						  <param name="widget_header" value="[COLOR burlywood]Reality TvShows[/COLOR]"/>
						  <param name="widget_target" value="videos"/>
						  <param name="list_id" value="27117"/>
						</include>
						<include content="EditedWidgetPanelBigPoster" condition="!Skin.HasSetting(HideTVShowResults)">
						  <param name="content_path" value="plugin://plugin.video.themoviedb.helper/?info=tmdb_v4_list&amp;list_id=8512450&amp;list_name=%d7%a1%d7%93%d7%a8%d7%95%d7%aa%20%d7%a9%d7%9c%20%d7%a4%d7%a2%d7%9d&amp;plugin_category=%d7%a1%d7%93%d7%a8%d7%95%d7%aa%20%d7%a9%d7%9c%20%d7%a4%d7%a2%d7%9d&amp;tmdb_type=both&amp;user_id=577263d8c3a368246c005c2b"/>
						  <param name="widget_header" value="[COLOR burlywood]Old TvShows[/COLOR]"/>
						  <param name="widget_target" value="videos"/>
						  <param name="list_id" value="27118"/>
						</include>
						<include content="EditedWidgetPanelBigPoster" condition="!Skin.HasSetting(HideTVShowResults)">
						  <param name="content_path" value="plugin://plugin.video.themoviedb.helper/?info=tmdb_v4_list&amp;list_id=8512870&amp;list_name=%d7%a1%d7%93%d7%a8%d7%95%d7%aa%20%d7%99%d7%9c%d7%93%d7%99%d7%9d&amp;plugin_category=%d7%a1%d7%93%d7%a8%d7%95%d7%aa%20%d7%99%d7%9c%d7%93%d7%99%d7%9d&amp;tmdb_type=both&amp;user_id=577263d8c3a368246c005c2b"/>
						  <param name="widget_header" value="[COLOR burlywood]Animation Tvshows[/COLOR]"/>
						  <param name="widget_target" value="videos"/>
						  <param name="list_id" value="27119"/>
						</include>
						<include content="EditedWidgetPanelBigPoster" condition="!Skin.HasSetting(HideTVShowResults)">
						  <param name="content_path" value="plugin://plugin.video.themoviedb.helper/?info=discover&amp;sort_by=first_air_date.desc&amp;tmdb_id=None&amp;tmdb_type=tv&amp;with_id=True&amp;with_original_language=he"/>
						  <param name="widget_header" value="[COLOR burlywood]Israeli TvShows[/COLOR]"/>
						  <param name="widget_target" value="videos"/>
						  <param name="list_id" value="27120"/>
						</include>
						<include content="EditedWidgetPanelBigPoster" condition="!Skin.HasSetting(HideTVShowResults)">
						  <param name="content_path" value="plugin://plugin.video.themoviedb.helper/?info=tmdb_v4_list&amp;list_id=138440&amp;list_name=%d7%a1%d7%93%d7%a8%d7%95%d7%aa%20%d7%9b%d7%9c%d7%9c%d7%99&amp;plugin_category=%d7%a1%d7%93%d7%a8%d7%95%d7%aa%20%d7%9b%d7%9c%d7%9c%d7%99&amp;tmdb_type=both&amp;user_id=577263d8c3a368246c005c2b"/>
						  <param name="widget_header" value="[COLOR burlywood]Genral TvShows[/COLOR]"/>
						  <param name="widget_target" value="videos"/>
						  <param name="list_id" value="27121"/>
						</include>
					</control>
					<include content="WidgetScrollbar" condition="Skin.HasSetting(touchmode)">
						<param name="scrollbar_id" value="27099"/>
					</include>
				</control>
			</control>	
	</control>



			<control type="group">
			<visible>String.IsEqual(Container(9000).ListItem.Label,עידן פלוס)</visible>
			<top>-120</top>
			<animation effect="fade" start="100" end="0" time="200" tween="sine" condition="$EXP[infodialog_active]">Conditional</animation>
			<!-- WIDGETS GROUP -->
			<control type="group" id="2203">
				<left>400</left>
				<!-- SEARCH RESULTS -->
				<control type="group" id="26000">
					<include content="Visible_Right_Delayed">
						<param name="id" value="movies"/>
					</include>
				
					<control type="grouplist" id="27003">
						<include>WidgetGroupListCommon</include>
						<pagecontrol>27099</pagecontrol>
						<include content="EditedWidgetPanelBigPoster" condition="!Skin.HasSetting(HideTVShowResults)">
						  <param name="content_path" value="pvr://channels/tv/*"/>
						  <param name="widget_header" value="[COLOR burlywood]Channells[/COLOR]"/>
						  <param name="widget_target" value="videos"/>
						  <param name="list_id" value="27312"/>
						</include>
						<include content="EditedWidgetPanelBigPoster" condition="!Skin.HasSetting(HideTVShowResults)">
						  <param name="content_path" value="plugin://plugin.video.idanplus/?iconimage=C%253A%255CUsers%255CNetag%255CAppData%255CRoaming%255CKodi%255Caddons%255Cplugin.video.idanplus%255Cresources%255Cimages%255Cmako.png&amp;mode=1&amp;module=keshet&amp;moredata&amp;name=%5bB%5d%d7%9b%d7%9c%20%d7%94%d7%aa%d7%9b%d7%a0%d7%99%d7%95%d7%aa%5b%2fB%5d&amp;url=https%253A%252F%252Fwww.mako.co.il%252Fmako-vod-index"/>
						  <param name="widget_header" value="[COLOR burlywood]Keshet 12 VOD[/COLOR]"/>
						  <param name="widget_target" value="videos"/>
						  <param name="list_id" value="27313"/>
						</include>
						<include content="EditedWidgetPanelBigPoster" condition="!Skin.HasSetting(HideTVShowResults)">
						  <param name="content_path" value="plugin://plugin.video.idanplus/?iconimage=C%253A%255CUsers%255CNetag%255CAppData%255CRoaming%255CKodi%255Caddons%255Cplugin.video.idanplus%255Cresources%255Cimages%255C13.jpg&amp;mode=0&amp;module=reshet&amp;moredata&amp;name=%5bB%5d%d7%9b%d7%9c%20%d7%94%d7%aa%d7%9b%d7%a0%d7%99%d7%95%d7%aa%5b%2fB%5d&amp;url=https%253A%252F%252F13tv.co.il%252Fall-shows%252Fall-shows-list%252F"/>
						  <param name="widget_header" value="[COLOR burlywood]Reshet 13 VOD[/COLOR]"/>
						  <param name="widget_target" value="videos"/>
						  <param name="list_id" value="27314"/>
						</include>
						<include content="EditedWidgetPanelBigPoster" condition="!Skin.HasSetting(HideTVShowResults)">
						  <param name="content_path" value="plugin://plugin.video.idanplus/?iconimage=C%253A%255CUsers%255CNetag%255CAppData%255CRoaming%255CKodi%255Caddons%255Cplugin.video.idanplus%255Cresources%255Cimages%255Ckan.jpg&amp;mode=1&amp;module=kan&amp;moredata=%25D7%259B%25D7%2590%25D7%259F%2b11__4444&amp;name=%5bB%5d%d7%9b%d7%9c%20%d7%94%d7%aa%d7%95%d7%9b%d7%a0%d7%99%d7%95%d7%aa%5b%2fB%5d&amp;url=https%253A%252F%252Fwww.kan.org.il%252Flobby%252Fkan11"/>
						  <param name="widget_header" value="[COLOR burlywood]Kan 11 VOD[/COLOR]"/>
						  <param name="widget_target" value="videos"/>
						  <param name="list_id" value="27315"/>
						</include>	
						<include content="EditedWidgetPanelBigPoster" condition="!Skin.HasSetting(HideTVShowResults)">
						  <param name="content_path" value="plugin://plugin.video.idanplus/?iconimage=C%253A%255CUsers%255CNetag%255CAppData%255CRoaming%255CKodi%255Caddons%255Cplugin.video.idanplus%255Cresources%255Cimages%255C23tv.jpg&amp;mode=1&amp;module=kan&amp;moredata=%25D7%259B%25D7%2590%25D7%259F%2b%25D7%2597%25D7%2599%25D7%25A0%25D7%2595%25D7%259B%25D7%2599%25D7%25AA%2b23__4453&amp;name=%5bB%5d%d7%99%d7%9c%d7%93%d7%99%d7%9d%20%d7%95%d7%a0%d7%95%d7%a2%d7%a8%5b%2fB%5d&amp;url=https%253A%252F%252Fwww.kankids.org.il%252Flobby-kids%252Fkids-teens%252F"/>
						  <param name="widget_header" value="[COLOR burlywood]Hinuchit 23 VOD[/COLOR]"/>
						  <param name="widget_target" value="videos"/>
						  <param name="list_id" value="27316"/>
						</include>

					</control>
					<include content="WidgetScrollbar" condition="Skin.HasSetting(touchmode)">
						<param name="scrollbar_id" value="27099"/>
					</include>
				</control>
			</control>	
	</control>



			<control type="group">
			<visible>String.IsEqual(Container(9000).ListItem.Label,טלסרטים)</visible>
			<top>-120</top>
			<animation effect="fade" start="100" end="0" time="200" tween="sine" condition="$EXP[infodialog_active]">Conditional</animation>
			<!-- WIDGETS GROUP -->
			<control type="group" id="3204">
				<left>400</left>
				<!-- SEARCH RESULTS -->
				<control type="group" id="36004">
					<include content="Visible_Right_Delayed">
						<param name="id" value="movies"/>
					</include>
				
					<control type="grouplist" id="37004">
						<include>WidgetGroupListCommon</include>
						<pagecontrol>27099</pagecontrol>
						<include content="EditedWidgetPanelBigPoster" condition="!Skin.HasSetting(HideTVShowResults)">
						  <param name="content_path" value="plugin://plugin.video.telemedia/?data=-1001402919915&amp;dates=%20&amp;description=%0afrom_plot&amp;eng_name=%20&amp;episode=%20&amp;fanart&amp;fav_status=false&amp;groups_id=0&amp;heb_name=%20&amp;iconimage&amp;id=%20&amp;image_master&amp;isr=0&amp;last_id&amp;mode=31&amp;name=%5bCOLOR%20khaki%5d%d7%9e%d7%9b%d7%a8%d7%94%20%d7%a1%d7%a8%d7%98%d7%99%d7%9d%202%5b%2fCOLOR%5d&amp;next_page=0&amp;original_title=%20&amp;season=%20&amp;show_original_year=%20&amp;tmdbid=%20&amp;url=-1001402919915"/>
						  <param name="widget_header" value="[COLOR burlywood]סרטים מדיה 2[/COLOR]"/>
						  <param name="widget_target" value="videos"/>
						  <param name="list_id" value="27414"/>
						</include>
						<include content="EditedWidgetPanelBigPoster" condition="!Skin.HasSetting(HideTVShowResults)">
						  <param name="content_path" value="plugin://plugin.video.telemedia/?data=-1001332486310&amp;dates=%20&amp;description=%0afrom_plot&amp;eng_name=%20&amp;episode=%20&amp;fanart&amp;fav_status=false&amp;groups_id=0&amp;heb_name=%20&amp;iconimage&amp;id=%20&amp;image_master&amp;isr=0&amp;last_id&amp;mode=31&amp;name=%5bCOLOR%20khaki%5d%d7%9e%d7%9b%d7%a8%d7%94%20%d7%a1%d7%a8%d7%98%d7%99%d7%9d%203%5b%2fCOLOR%5d&amp;next_page=0&amp;original_title=%20&amp;season=%20&amp;show_original_year=%20&amp;tmdbid=%20&amp;url=-1001332486310"/>
						  <param name="widget_header" value="[COLOR burlywood]סרטים מדיה 3[/COLOR]"/>
						  <param name="widget_target" value="videos"/>
						  <param name="list_id" value="27415"/>
						</include>
						<include content="EditedWidgetPanelBigPoster" condition="!Skin.HasSetting(HideTVShowResults)">
						  <param name="content_path" value="plugin://plugin.video.telemedia/?data=-1001361476936&amp;dates=%20&amp;description=%0afrom_plot&amp;eng_name=%20&amp;episode=%20&amp;fanart&amp;fav_status=false&amp;groups_id=0&amp;heb_name=%20&amp;iconimage&amp;id=%20&amp;image_master&amp;isr=0&amp;last_id&amp;mode=31&amp;name=%5bCOLOR%20khaki%5d%d7%9e%d7%9b%d7%a8%d7%94%20%d7%a1%d7%a8%d7%98%d7%99%d7%9d%207%5b%2fCOLOR%5d&amp;next_page=0&amp;original_title=%20&amp;season=%20&amp;show_original_year=%20&amp;tmdbid=%20&amp;url=-1001361476936"/>
						  <param name="widget_header" value="[COLOR burlywood]סרטים מדיה 7[/COLOR]"/>
						  <param name="widget_target" value="videos"/>
						  <param name="list_id" value="27416"/>
						</include>
						<include content="EditedWidgetPanelBigPoster" condition="!Skin.HasSetting(HideTVShowResults)">
						  <param name="content_path" value="plugin://plugin.video.telemedia/?data=-1001414565880&amp;dates=%20&amp;description=%d7%94%d7%96%d7%a8%d7%96%d7%99%d7%a8%20(2021)%20-%20%d7%aa%d7%a8%d7%92%d7%95%d7%9d%20%d7%9e%d7%95%d7%91%d7%a0%d7%94%0a%d7%90%d7%99%d7%9b%d7%95%d7%aa%3a%20FHD%20%7e%201080P%20%3d%20%d7%92%d7%91%d7%95%d7%94%d7%94%20%d7%9e%d7%90%d7%93%20%f0%9f%94%b0%0a%d7%9c%d7%95%d7%9c%d7%95%20%d7%a1%d7%a8%d7%98%d7%99%d7%9d%20-%20%40LuluSratim1%0afrom_plot&amp;eng_name=%20&amp;episode=%20&amp;fanart&amp;fav_status=false&amp;groups_id=0&amp;heb_name=%20&amp;iconimage&amp;id=%20&amp;image_master&amp;isr=0&amp;last_id&amp;mode=31&amp;name=%5bCOLOR%20khaki%5d%d7%9e%d7%9b%d7%a8%d7%94%20%d7%a1%d7%a8%d7%98%d7%99%d7%9d%208%5b%2fCOLOR%5d&amp;next_page=0&amp;original_title=%20&amp;season=%20&amp;show_original_year=%20&amp;tmdbid=%20&amp;url=-1001414565880"/>
						  <param name="widget_header" value="[COLOR burlywood]סרטים מדיה 8[/COLOR]"/>
						  <param name="widget_target" value="videos"/>
						  <param name="list_id" value="27417"/>
						</include>
						<include content="EditedWidgetPanelBigPoster" condition="!Skin.HasSetting(HideTVShowResults)">
						  <param name="content_path" value="plugin://plugin.video.telemedia/?data=-1001492865648&amp;dates=%20&amp;description=%0afrom_plot&amp;eng_name=%20&amp;episode=%20&amp;fanart&amp;fav_status=false&amp;groups_id=0&amp;heb_name=%20&amp;iconimage&amp;id=%20&amp;image_master&amp;isr=0&amp;last_id&amp;mode=31&amp;name=%5bCOLOR%20khaki%5d%d7%9e%d7%9b%d7%a8%d7%94%20%d7%a1%d7%a8%d7%98%d7%99%d7%9d%205%5b%2fCOLOR%5d&amp;next_page=0&amp;original_title=%20&amp;season=%20&amp;show_original_year=%20&amp;tmdbid=%20&amp;url=-1001492865648"/>
						  <param name="widget_header" value="[COLOR burlywood]סרטים מדיה 5[/COLOR]"/>
						  <param name="widget_target" value="videos"/>
						  <param name="list_id" value="27418"/>
						</include>
						<include content="EditedWidgetPanelBigPoster" condition="!Skin.HasSetting(HideTVShowResults)">
						  <param name="content_path" value="plugin://plugin.video.telemedia/?data=-1001416024163&amp;dates=%20&amp;description=%d7%9e%d7%9b%d7%a8%d7%94%2018%0afrom_plot&amp;eng_name=%20&amp;episode=%20&amp;fanart&amp;fav_status=false&amp;groups_id=0&amp;heb_name=%20&amp;iconimage&amp;id=%20&amp;image_master&amp;isr=0&amp;last_id&amp;mode=31&amp;name=%5bCOLOR%20khaki%5d%d7%9e%d7%9b%d7%a8%d7%94%2018%5b%2fCOLOR%5d&amp;next_page=0&amp;original_title=%20&amp;season=%20&amp;show_original_year=%20&amp;tmdbid=%20&amp;url=-1001416024163"/>
						  <param name="widget_header" value="[COLOR burlywood]סרטים מדיה 18[/COLOR]"/>
						  <param name="widget_target" value="videos"/>
						  <param name="list_id" value="27419"/>
						</include>
						<include content="EditedWidgetPanelBigPoster" condition="!Skin.HasSetting(HideTVShowResults)">
						  <param name="content_path" value="plugin://plugin.video.telemedia/?data=-1001592647143&amp;dates=%20&amp;description=%0afrom_plot&amp;eng_name=%20&amp;episode=%20&amp;fanart&amp;fav_status=false&amp;groups_id=0&amp;heb_name=%20&amp;iconimage&amp;id=%20&amp;image_master&amp;isr=0&amp;last_id&amp;mode=31&amp;name=%5bCOLOR%20khaki%5d%d7%a7%d7%91%d7%95%d7%a6%d7%aa%20%d7%94%d7%91%d7%a7%d7%a9%d7%95%d7%aa%20%d7%9c%d7%99%d7%9c%d7%93%d7%99%d7%9d%204%20%d7%94%d7%9e%d7%aa%d7%95%d7%a7%d7%9f%5b%2fCOLOR%5d&amp;next_page=0&amp;original_title=%20&amp;season=%20&amp;show_original_year=%20&amp;tmdbid=%20&amp;url=-1001592647143"/>
						  <param name="widget_header" value="[COLOR burlywood]סרטים לילדיה 4[/COLOR]"/>
						  <param name="widget_target" value="videos"/>
						  <param name="list_id" value="27420"/>
						</include>
					</control>
					<include content="WidgetScrollbar" condition="Skin.HasSetting(touchmode)">
						<param name="scrollbar_id" value="27099"/>
					</include>
				</control>
			</control>	
	</control>


			<control type="group">
			<visible>String.IsEqual(Container(9000).ListItem.Label,טלסדרות)</visible>
			<top>-120</top>
			<animation effect="fade" start="100" end="0" time="200" tween="sine" condition="$EXP[infodialog_active]">Conditional</animation>
			<!-- WIDGETS GROUP -->
			<control type="group" id="3304">
				<left>400</left>
				<!-- SEARCH RESULTS -->
				<control type="group" id="36005">
					<include content="Visible_Right_Delayed">
						<param name="id" value="movies"/>
					</include>
				
					<control type="grouplist" id="37005">
						<include>WidgetGroupListCommon</include>
						<pagecontrol>27099</pagecontrol>
						<include content="EditedWidgetPanelBigPoster" condition="!Skin.HasSetting(HideTVShowResults)">
						  <param name="content_path" value="plugin://plugin.video.telemedia/?data=%20&amp;dates=%20&amp;description=TMDB&amp;eng_name=%20&amp;episode=%20&amp;fanart=https%3a%2f%2fi.pinimg.com%2f236x%2f1c%2f49%2f8f%2f1c498f196ef8818d3d01223b72678fc4--divergent-movie-poster-divergent-.jpg&amp;fav_status=false&amp;groups_id=0&amp;heb_name=%20&amp;iconimage=special%3a%2f%2fhome%2faddons%2fplugin.video.telemedia%2ftele%2fTv_Show%2fon_air.png&amp;id=%20&amp;image_master&amp;isr=0&amp;last_id&amp;mode=14&amp;name=%d7%9e%d7%a9%d7%95%d7%93%d7%a8%20%d7%9b%d7%a2%d7%aa&amp;next_page=0&amp;original_title=%20&amp;season=%20&amp;show_original_year=%20&amp;tmdbid=%20&amp;url=https%3a%2f%2fapi.themoviedb.org%2f3%2ftv%2fon_the_air%3fapi_key%3db370b60447737762ca38457bd77579b3%26language%3dhe%26page%3d1"/>
						  <param name="widget_header" value="[COLOR burlywood]סדרות טלמדיה משודר כעת[/COLOR]"/>
						  <param name="widget_target" value="videos"/>
						  <param name="list_id" value="27514"/>
						</include>
						<include content="EditedWidgetPanelBigPoster" condition="!Skin.HasSetting(HideTVShowResults)">
						  <param name="content_path" value="plugin://plugin.video.telemedia/?data=%20&amp;dates=%20&amp;description=%d7%a1%d7%93%d7%a8%d7%95%d7%aa%20%d7%9e%d7%a7%d7%95%d7%9e%d7%99%d7%95%d7%aa%20%d7%a9%d7%9c%d7%99&amp;eng_name=%20&amp;episode=%20&amp;fanart=http%3a%2f%2fcoldshotproductions.net%2fflachannelbanner.png&amp;fav_status=false&amp;groups_id=0&amp;heb_name=%20&amp;iconimage=special%3a%2f%2fhome%2faddons%2fplugin.video.telemedia%2ftele%2fTv_Show%2fmy_tv.png&amp;id=%20&amp;image_master&amp;isr=0&amp;last_id&amp;mode=28&amp;name=%d7%a1%d7%93%d7%a8%d7%95%d7%aa%20%d7%9e%d7%a7%d7%95%d7%9e%d7%99%d7%95%d7%aa%20%d7%a9%d7%9c%d7%99&amp;next_page=0&amp;original_title=%20&amp;season=%20&amp;show_original_year=%20&amp;tmdbid=%20&amp;url=www"/>
						  <param name="widget_header" value="[COLOR burlywood]סדרות מקומיות שלי בטלמדיה[/COLOR]"/>
						  <param name="widget_target" value="videos"/>
						  <param name="list_id" value="27515"/>
						</include>
						<include content="EditedWidgetPanelBigPoster" condition="!Skin.HasSetting(HideTVShowResults)">
						  <param name="content_path" value="plugin://plugin.video.telemedia/?data=%20&amp;dates=%20&amp;description=Apple&amp;eng_name=%20&amp;episode=%20&amp;fanart=https%3a%2f%2fwww.apple.com%2fnewsroom%2fvideos%2fapple-tv-plus-%2fposters%2fApple-TV-app_571x321.jpg.large.jpg&amp;fav_status=false&amp;groups_id=0&amp;heb_name=%20&amp;iconimage=https%3a%2f%2fksassets.timeincuk.net%2fwp%2fuploads%2fsites%2f55%2f2019%2f03%2fApple-TV-screengrab-920x584.png&amp;id=%20&amp;image_master&amp;isr=0&amp;last_id&amp;mode=14&amp;name=%5bCOLOR%20blue%5dApple%20TV%2b%5b%2fCOLOR%5d&amp;next_page=0&amp;original_title=%20&amp;season=%20&amp;show_original_year=%20&amp;tmdbid=%20&amp;url=http%3a%2f%2fapi.themoviedb.org%2f3%2fdiscover%2ftv%3fapi_key%3db370b60447737762ca38457bd77579b3%26with_networks%3d2552%26language%3dhe%26sort_by%3d0%26timezone%3dAmerica%252FNew_York%26include_null_first_air_dates%3dfalse%26page%3d1"/>
						  <param name="widget_header" value="[COLOR burlywood]סדרות אפל טיוי בלטמדיה[/COLOR]"/>
						  <param name="widget_target" value="videos"/>
						  <param name="list_id" value="27516"/>
						</include>
						<include content="EditedWidgetPanelBigPoster" condition="!Skin.HasSetting(HideTVShowResults)">
						  <param name="content_path" value="plugin://plugin.video.telemedia/?data=%20&amp;dates=%20&amp;description=NetFlix&amp;eng_name=%20&amp;episode=%20&amp;fanart=https%3a%2f%2fi.ytimg.com%2fvi%2ffJ8WffxB2Pg%2fmaxresdefault.jpg&amp;fav_status=false&amp;groups_id=0&amp;heb_name=%20&amp;iconimage=https%3a%2f%2fart.pixilart.com%2f705ba833f935409.png&amp;id=%20&amp;image_master&amp;isr=0&amp;last_id&amp;mode=14&amp;name=%5bCOLOR%20red%5dNetFlix%5b%2fCOLOR%5d&amp;next_page=0&amp;original_title=%20&amp;season=%20&amp;show_original_year=%20&amp;tmdbid=%20&amp;url=http%3a%2f%2fapi.themoviedb.org%2f3%2fdiscover%2ftv%3fapi_key%3db370b60447737762ca38457bd77579b3%26with_networks%3d213%26language%3dhe%26sort_by%3d0%26timezone%3dAmerica%252FNew_York%26include_null_first_air_dates%3dfalse%26page%3d1"/>
						  <param name="widget_header" value="[COLOR burlywood]סדרות נטפליקס בטלמדיה[/COLOR]"/>
						  <param name="widget_target" value="videos"/>
						  <param name="list_id" value="27517"/>
						</include>
						<include content="EditedWidgetPanelBigPoster" condition="!Skin.HasSetting(HideTVShowResults)">
						  <param name="content_path" value="plugin://plugin.video.telemedia/?data=%20&amp;dates=%20&amp;description=HBO&amp;eng_name=%20&amp;episode=%20&amp;fanart=https%3a%2f%2fwww.hbo.com%2fcontent%2fdam%2fhbodata%2fbrand%2fhbo-static-1920.jpg&amp;fav_status=false&amp;groups_id=0&amp;heb_name=%20&amp;iconimage=https%3a%2f%2ffilmschoolrejects.com%2fwp-content%2fuploads%2f2018%2f01%2fhbo-logo.jpg&amp;id=%20&amp;image_master&amp;isr=0&amp;last_id&amp;mode=14&amp;name=%5bCOLOR%20gray%5dHBO%5b%2fCOLOR%5d&amp;next_page=0&amp;original_title=%20&amp;season=%20&amp;show_original_year=%20&amp;tmdbid=%20&amp;url=http%3a%2f%2fapi.themoviedb.org%2f3%2fdiscover%2ftv%3fapi_key%3db370b60447737762ca38457bd77579b3%26with_networks%3d49%26language%3dhe%26sort_by%3d0%26timezone%3dAmerica%252FNew_York%26include_null_first_air_dates%3dfalse%26page%3d1"/>
						  <param name="widget_header" value="[COLOR burlywood]סדרות HBO בטלמדיה[/COLOR]"/>
						  <param name="widget_target" value="videos"/>
						  <param name="list_id" value="27518"/>
						</include>
						<include content="EditedWidgetPanelBigPoster" condition="!Skin.HasSetting(HideTVShowResults)">
						  <param name="content_path" value="plugin://plugin.video.telemedia/?data=%20&amp;dates=%20&amp;description=HBO&amp;eng_name=%20&amp;episode=%20&amp;fanart=https%3a%2f%2ftvseriesfinale.com%2fwp-content%2fuploads%2f2014%2f10%2fcbs40-590x221.jpg&amp;fav_status=false&amp;groups_id=0&amp;heb_name=%20&amp;iconimage=https%3a%2f%2fcdn.freebiesupply.com%2flogos%2flarge%2f2x%2fcbs-logo-png-transparent.png&amp;id=%20&amp;image_master&amp;isr=0&amp;last_id&amp;mode=14&amp;name=%5bCOLOR%20lightblue%5dCBS%5b%2fCOLOR%5d&amp;next_page=0&amp;original_title=%20&amp;season=%20&amp;show_original_year=%20&amp;tmdbid=%20&amp;url=http%3a%2f%2fapi.themoviedb.org%2f3%2fdiscover%2ftv%3fapi_key%3db370b60447737762ca38457bd77579b3%26with_networks%3d16%26language%3dhe%26sort_by%3d0%26timezone%3dAmerica%252FNew_York%26include_null_first_air_dates%3dfalse%26page%3d1"/>
						  <param name="widget_header" value="[COLOR burlywood]סדרות CBS בטלמדיה[/COLOR]"/>
						  <param name="widget_target" value="videos"/>
						  <param name="list_id" value="27519"/>
						</include>
					</control>
					<include content="WidgetScrollbar" condition="Skin.HasSetting(touchmode)">
						<param name="scrollbar_id" value="27099"/>
					</include>
				</control>
			</control>	
	</control>

	<control type="group">
	<control type="image">
	<width>380</width>
		<texture colordiffuse="25000000">colors/white.png</texture>
	</control>
	<visible allowhiddenfocus="true">[String.IsEqual(ListItem.DBtype,movie) | String.IsEqual(ListItem.DBtype,tvshow) | String.IsEqual(ListItem.DBtype,season) | String.IsEqual(ListItem.DBtype,episode) | String.Contains(ListItem.FolderPath,telemedia)]</visible>
	<control type="group">
	<top>220</top>
	<bottom>40</bottom>
	<width>350</width>
	<left>20</left>
	<control type="image">
		<width>1</width>
		<texture>HomeSeperator.png</texture>
		<left>360</left>
	</control>
	<control type="image">
		<width>1</width>
		<texture>HomeSeperator.png</texture>
		<left>360</left>
	</control>
	<control type="grouplist">
	<itemgap>10</itemgap>
	<aligny>center</aligny>
	<orientation>vertical</orientation>
	<itemgap>0</itemgap>
	<control type="textbox">
		<height max="135">auto</height>
		<font>font36_title</font>
		<align>left</align>
		<label>$INFO[ListItem.Label]</label>
		<visible>!String.IsEmpty(ListItem.Label)</visible>
	</control>
	<control type="label">
		<height max="35">auto</height>
		<font>font13</font>
		<align>left</align>
		<label>$INFO[ListItem.Genre]</label>
		<visible>!String.IsEmpty(ListItem.Genre)</visible>
		<textcolor>yellow</textcolor>
	</control>
	<control type="textbox">
		<height max="385">auto</height>
		<align>left</align>
		<font>font25_narrow</font>
		<label>$INFO[ListItem.Plot]</label>
		<visible>!String.IsEmpty(ListItem.Plot)</visible>
	</control>
	<control type="image">
		<top>15</top>
		<height max="115">auto</height>
		<align>left</align>
		<texture>$INFO[ListItem.Art(clearlogo)]</texture>
		<visible>!String.IsEmpty(ListItem.Art(clearlogo))</visible>
	</control>
	<control type="label">
		<height max="35">auto</height>
		<font>font13</font>
		<align>left</align>
		<label>$VAR[duration_fix,Time: (,)]</label>
		<visible>!String.IsEmpty(ListItem.Duration)</visible>
		<textcolor>yellow</textcolor>
	</control>	
	<control type="label">
		<height max="35">auto</height>
		<font>font13</font>
		<align>left</align>
		<label>$INFO[ListItem.Premiered,Released: (,)]</label>
		<visible>!String.IsEmpty(ListItem.Premiered)</visible>
		<textcolor>yellow</textcolor>
	</control>
	<control type="label">
		<height max="35">auto</height>
		<font>font13</font>
		<align>left</align>
		<label>$INFO[ListItem.Studio,Network: (,)]</label>
		<textcolor>yellow</textcolor>
		<visible>!String.IsEqual(ListItem.DBTYPE,movie)</visible>
		<visible>!String.IsEmpty(ListItem.Studio)</visible>
	</control>	
	</control>
	</control>
	</control>
		<!-- <include>skinshortcuts-template-widget</include> -->
	</controls>
</window>
