<?xml version="1.0" encoding="UTF-8"?>
<window type="dialog" id="1342">
	<defaultcontrol always="true">5000</defaultcontrol>
	<include>Animation_VisibleFade</include>
	<controls>
	
	
	
	<include content="ContentPanel">
		<param name="left" value="20"/>
		<param name="width" value="1900" />
		<param name="height" value="560" />
		<param name="top" value="620" />
	</include>
	
	<control type="scrollbar" id="5000">
	<left>25</left>
	<width>10</width>
	<right>20</right>
	<top>640</top>
	<bottom>0</bottom>
	<visible>true</visible>
	<texturesliderbackground colordiffuse="45FFFFFF">colors/white.png</texturesliderbackground>
	<texturesliderbar colordiffuse="deepskyblue">colors/white.png</texturesliderbar>
	</control>
	
	<control type="grouplist">
	<left>50</left>
	<width>1840</width>
	<right>40</right>
	<top>650</top>
	<bottom>10</bottom>
	<pagecontrol>5000</pagecontrol>
	<orientation>vertical</orientation>
	<itemgap>10</itemgap>
	<control type="label">
		<font>FontOsd55</font>
		<textcolor>FF12A0C7</textcolor>
		<height max="65">auto</height>
		<label>$INFO[Window(home).Property(GetOsdLabel)]</label>
	</control>
	<control type="label">
		<font>FontOsd35</font>
		<textcolor>yellow</textcolor>
		<height max="40">auto</height>
		<label>$INFO[Window(home).Property(GetOsdGenre)]</label>
	</control>
	<control type="textbox">
		<font>font37</font>
		<height max="450">auto</height>
		<label>$INFO[Window(home).Property(GetCurrentOsdPlot)]</label>
	</control>
	</control>
	
		
	</controls>
</window>
