<?xml version="1.0" encoding="UTF-8"?>
<!-- Foundation -->
<window id="1181" type="dialog">
    <defaultcontrol always="true">9000</defaultcontrol>
    <onload>ClearProperty(quicknavsetup,home)</onload>
	<onunload>ClearProperty(quicknavsetup,home)</onunload>	
	<animation type="WindowOpen">
		<effect type="fade" start="0" end="100" time="550" delay="150"/>
	</animation>
    <controls>
	
		<include>SetBackGroundImage</include>
		
		<control type="group">
		<height>800</height>
		<top>200</top>
		<left>20</left>
		<centertop>50%</centertop>
		<centerleft>50%</centerleft>
		<control type="label">
		<top>-100</top>
		<label>הגדרות מעטפת</label>
		<font>font40_title</font>
		</control>
		<control type="label">
		<animation effect="fade" start="0" end="100" time="350" delay="150">Visible</animation>
		<centerleft>70%</centerleft>
		<visible>String.IsEqual(Container(9000).ListItem.Property(id),homesettings)</visible>
		<top>-100</top>
		<label>הגדרות דף הבית</label>
		<font>font40_title</font>
		</control>
		<control type="label">
		<animation effect="fade" start="0" end="100" time="350" delay="150">Visible</animation>
		<centerleft>70%</centerleft>
		<visible>String.IsEqual(Container(9000).ListItem.Property(id),generalsettings)</visible>
		<top>-100</top>
		<label>הגדרות עידן פלוס</label>
		<font>font40_title</font>
		</control>
		<control type="label">
		<animation effect="fade" start="0" end="100" time="350" delay="150">Visible</animation>
		<centerleft>70%</centerleft>
		<visible>String.IsEqual(Container(9000).ListItem.Property(id),realdebrid)</visible>
		<top>-100</top>
		<label>הגדרות ריל דבריד</label>
		<font>font40_title</font>
		</control>
		<control type="label">
		<animation effect="fade" start="0" end="100" time="350" delay="150">Visible</animation>
		<centerleft>70%</centerleft>
		<visible>String.IsEqual(Container(9000).ListItem.Property(id),addonsettings)</visible>
		<top>-100</top>
		<label>הגדרת הרחבות</label>
		<font>font40_title</font>
		</control>
		<control type="label">
		<animation effect="fade" start="0" end="100" time="350" delay="150">Visible</animation>
		<centerleft>70%</centerleft>
		<visible>String.IsEqual(Container(9000).ListItem.Property(id),addonsinstall)</visible>
		<top>-100</top>
		<label>התקנת הרחבות</label>
		<font>font40_title</font>
		</control>
		<control type="list" id="9000">
			<orientation>vertical</orientation>
			<scrolltime tween="cubic">550</scrolltime>
			<onright>SetFocus($INFO[Container(9000).ListItem.Property(item)])</onright>
			<itemlayout height="85" width="500">
			<control type="group">
			<height>70</height>
			<control type="label">
				<left>5</left>
				<align>left</align>
				<aligny>center</aligny>
				<label>$INFO[ListItem.Label]</label>
			</control>
			</control>
			</itemlayout>
			<focusedlayout height="85" width="500">
			<control type="group">
			<height>70</height>
			<control type="image">
				<animation condition="!Control.HasFocus(9000)" effect="fade" start="100" end="20" time="150">Conditional</animation>
				<texture colordiffuse="35FFFFFF">colors/white.png</texture>
			</control>
			<control type="label">
				<left>5</left>
				<align>left</align>
				<aligny>center</aligny>
				<label>$INFO[ListItem.Label]</label>
			</control>
			</control>
			</focusedlayout>
			<content>
			<item id="1">
				<label>הגדרות דף הבית</label>
				<property name="item">$NUMBER[11]</property>
				<property name="id">homesettings</property>
			</item>
			<item id="2">
				<label>הגדרות עידן פלוס</label>
				<property name="item">$NUMBER[12]</property>
				<property name="id">generalsettings</property>
			</item>
			<item id="3">
				<label>הגדרות ריל דבריד</label>
				<property name="item">$NUMBER[13]</property>
				<property name="id">realdebrid</property>
			</item>
			<item id="4">
				<label>הגדרות הרחבות</label>
				<property name="item">$NUMBER[14]</property>
				<property name="id">addonsettings</property>
			</item>
			<item id="4">
				<label>התקנת הרחבות</label>
				<property name="item">$NUMBER[15]</property>
				<property name="id">addonsinstall</property>
			</item>
			</content>
		</control>
	
		<control type="grouplist" id="11">
			<visible>String.IsEqual(Container(9000).ListItem.Property(id),homesettings)</visible>
			<centerleft>70%</centerleft>
			<itemgap>20</itemgap>
			<onleft>9000</onleft>
			<onback>9000</onback>
			<height max="800">800</height>
			<scrolltime tween="cubic">550</scrolltime>
				<!-- TRAILER HOME WIDGETS -->
				<control type="button" id="5000">
					<label>הגדר צבע פוקס תפריט ראשי</label>
					<label2>$INFO[Skin.String(mainmenufocus)]</label2>
					<include>DefineWideGlobalButton</include>
					<onclick>Skin.SetColor(mainmenufocus, choose)</onclick>
				</control>
				<control type="radiobutton" id="5001">
					<label>הצג מידע מורחב בסרטים ובסדרות בלחיצה על חץ ימין</label>
					<label2>$INFO[Skin.String(shortinfo)]</label2>
					<include>DefineWideGlobalButton</include>
					<onclick>Skin.ToggleSetting(shortinfo)</onclick>
					<selected>Skin.HasSetting(shortinfo)</selected>
				</control>
			</control>
			
			<control type="grouplist" id="12">
			<visible>String.IsEqual(Container(9000).ListItem.Property(id),generalsettings)</visible>
			<centerleft>70%</centerleft>
			<itemgap>20</itemgap>
			<onleft>9000</onleft>
			<onback>9000</onback>
			<height max="800">800</height>
			<scrolltime tween="cubic">550</scrolltime>
			<control type="radiobutton" id="5000">
				<label>הפעל ערוץ באופן אוטומאט</label>
				<include>DefineWideGlobalButton</include>
				<onclick>Skin.ToggleSetting(ChannelAutoPlay)</onclick>
				<selected>Skin.HasSetting(ChannelAutoPlay)</selected>
			</control>
			<control type="radiobutton" id="5001">
				<label>הפעל ערוץ בעת הפעלת המערכת</label>
				<include>DefineWideGlobalButton</include>
				<onclick>Skin.ToggleSetting(ChannelAutoPlayOnStart)</onclick>
				<selected>Skin.HasSetting(ChannelAutoPlayOnStart)</selected>
			</control>	
			<control type="button" id="5002">
			<include>DefineWideGlobalButton</include>
				<label>בחר ערוץ להפעלה</label>
				<label2>$VAR[ChannelsLabelSet]</label2>
				<left>20</left>
				<onclick condition="String.IsEmpty(Skin.String(autoplaychannel,channel11)">Skin.SetString(autoplaychannel,channel11)</onclick>
				<onclick condition="Skin.String(autoplaychannel,channel11)">Skin.SetString(autoplaychannel,channel12)</onclick>
				<onclick condition="Skin.String(autoplaychannel,channel12)">Skin.SetString(autoplaychannel,channel13)</onclick>
				<onclick condition="Skin.String(autoplaychannel,channel13)">Skin.SetString(autoplaychannel,channel14)</onclick>
				<onclick condition="Skin.String(autoplaychannel,channel14)">Skin.SetString(autoplaychannel,channel23)</onclick>
				<onclick condition="Skin.String(autoplaychannel,channel23)">Skin.SetString(autoplaychannel,channel11)</onclick>
				<enable>Skin.HasSetting(ChannelAutoPlay) | Skin.HasSetting(ChannelAutoPlayOnStart)</enable>
			</control>
			<control type="button" id="5003">
			<include>DefineWideGlobalButton</include>
				<label>הגדר זמן להפעלה</label>
				<label2>$VAR[TimeAutoPlayChannel]</label2>
				<left>20</left>
				<onclick condition="String.IsEmpty(Skin.String(timeautoplaychannel,05)">Skin.SetString(timeautoplaychannel,05)</onclick>
				<onclick condition="Skin.String(timeautoplaychannel,05)">Skin.SetString(timeautoplaychannel,10)</onclick>
				<onclick condition="Skin.String(timeautoplaychannel,10)">Skin.SetString(timeautoplaychannel,15)</onclick>
				<onclick condition="Skin.String(timeautoplaychannel,15)">Skin.SetString(timeautoplaychannel,20)</onclick>
				<onclick condition="Skin.String(timeautoplaychannel,20)">Skin.SetString(timeautoplaychannel,05)</onclick>
				<enable>Skin.HasSetting(ChannelAutoPlay) | Skin.HasSetting(ChannelAutoPlayOnStart)</enable>
			</control>
		</control>
		
		<control type="grouplist" id="13">
			<visible>String.IsEqual(Container(9000).ListItem.Property(id),realdebrid)</visible>
			<centerleft>70%</centerleft>
			<itemgap>20</itemgap>
			<onleft>9000</onleft>
			<onback>9000</onback>
			<height max="800">800</height>
			<scrolltime tween="cubic">550</scrolltime>
			<control type="button" id="5000">
				<label>Twilight הפעל ריד דבריד</label>
				<include>DefineWideGlobalButton</include>
				<onclick>RunPlugin(plugin://plugin.video.twilight/?mode=auth_accounts_choice&service=realdebrid&active=rd_active&isFolder=false)</onclick>	
			</control>	
			<control type="button" id="5001">
				<label>Fen הפעל ריד דבריד</label>
				<include>DefineWideGlobalButton</include>
				<onclick>RunPlugin(plugin://plugin.video.fen/?mode=auth_accounts_choice&service=realdebrid&active=rd_active&isFolder=false)</onclick>	
			</control>	
			<control type="button" id="5002">
				<label>Mando הפעל ריד דבריד</label>
				<include>DefineWideGlobalButton</include>
				<onclick>RunPlugin(plugin://plugin.video.mando?mode=138&url=www)</onclick>
			</control>	
		</control>
		
		<control type="grouplist" id="14">
			<visible>String.IsEqual(Container(9000).ListItem.Property(id),addonsettings)</visible>
			<centerleft>70%</centerleft>
			<itemgap>20</itemgap>
			<onleft>9000</onleft>
			<onback>9000</onback>
			<height max="800">800</height>
			<scrolltime tween="cubic">550</scrolltime>
			<control type="button" id="5000">
				<label>Twilight הגדרות הרחבה</label>
				<include>DefineWideGlobalButton</include>
				<onclick>Addon.OpenSettings(plugin.video.twilight)</onclick>	
				<visible>System.HasAddon(plugin.video.twilight)</visible>
			</control>	
			<control type="button" id="5001">
				<label>Fen הגדרות הרחבה</label>
				<include>DefineWideGlobalButton</include>
				<onclick>Addon.OpenSettings(plugin.video.fen)</onclick>	
				<visible>System.HasAddon(plugin.video.fen)</visible>
			</control>	
			<control type="button" id="5002">
				<label>Mando הגדרות הרחבה</label>
				<include>DefineWideGlobalButton</include>
				<onclick>Addon.OpenSettings(plugin.video.mando)</onclick>
				<visible>System.HasAddon(plugin.video.mando)</visible>
			</control>	
			<control type="button" id="5003">
				<label>YouTube הגדרות הרחבה</label>
				<include>DefineWideGlobalButton</include>
				<onclick>Addon.OpenSettings(plugin.video.youtube)</onclick>
				<visible>System.HasAddon(plugin.video.youtube)</visible>
			</control>	
		</control>

		<control type="grouplist" id="15">
			<visible>String.IsEqual(Container(9000).ListItem.Property(id),addonsinstall)</visible>
			<centerleft>70%</centerleft>
			<itemgap>20</itemgap>
			<onleft>9000</onleft>
			<onback>9000</onback>
			<height max="800">800</height>
			<scrolltime tween="cubic">550</scrolltime>
				<control type="button" id="5000">
					<label>התקן inputstream.adaptive</label>
					<label2>$VAR[SystemAddonChecks]</label2>
					<include>DefineWideGlobalButton</include>
					<onclick condition="!System.HasAddon(inputstream.adaptive)">InstallAddon(inputstream.adaptive)</onclick>
				</control>	
				<control type="button" id="5001">
					<label>התקן inputstream.ffmpegdirect</label>
					<label2>$VAR[SystemAddonChecks]</label2>
					<include>DefineWideGlobalButton</include>
					<onclick condition="!System.HasAddon(inputstream.ffmpegdirect)">InstallAddon(inputstream.ffmpegdirect)</onclick>
				</control>		
				<control type="button" id="5002">
					<label>התקן inputstream.rtmp</label>
					<label2>$VAR[SystemAddonChecks]</label2>
					<include>DefineWideGlobalButton</include>
					<onclick condition="!System.HasAddon(inputstream.rtmp)">InstallAddon(inputstream.rtmp)</onclick>
				</control>
				<control type="button" id="5003">
					<label>התקן pvr.iptvsimple</label>
					<label2>$VAR[SystemAddonChecks]</label2>
					<include>DefineWideGlobalButton</include>
					<onclick condition="!System.HasAddon(pvr.iptvsimple)">InstallAddon(pvr.iptvsimple)</onclick>
				</control>	
				<control type="button" id="5004">
					<label>התקן script.skinshortcuts</label>
					<label2>$VAR[SystemAddonChecks]</label2>
					<include>DefineWideGlobalButton</include>
					<onclick condition="!System.HasAddon(script.skinshortcuts)">InstallAddon(script.skinshortcuts)</onclick>
				</control>
			</control>

		</control>
	</controls>
</window>
