<?xml version="1.0" encoding="UTF-8"?>
<window>
	<defaultcontrol always="true">3110</defaultcontrol>
		<include>Animation_DialogPopupOpenClose</include>
	<controls>
	
	<control type="group">
            <include>Animation.ZoomIn</include>
            <include>Animation.FadeOut</include>
			<top>200</top>
            <centerleft>50%</centerleft>
            <width>466</width>
			<visible allowhiddenfocus="true">Control.HasFocus(3110) | Control.HasFocus(4110) | Control.HasFocus(5110)</visible>
            <control type="image">
                <description>background image</description>
                <posx>0</posx>
                <posy>-16</posy>
                <width>466</width>
                <height>210</height>
          		<bordertexture colordiffuse="button_focus">masks/poster_w460_h680.png</bordertexture>
				<bordersize>2</bordersize>
				<texture colordiffuse="black">masks/poster_w460_h680.png</texture>
                <visible>Integer.IsEqual(Container(3110).NumItems,1)</visible>
            </control>
            <control type="image">
                <description>background image</description>
                <posx>0</posx>
                <posy>-16</posy>
                <width>466</width>
                <height>280</height>
          		<bordertexture colordiffuse="button_focus">masks/poster_w460_h680.png</bordertexture>
				<bordersize>2</bordersize>
				<texture colordiffuse="black">masks/poster_w460_h680.png</texture>
                <visible>Integer.IsEqual(Container(3110).NumItems,2)</visible>
            </control>
            <control type="image">
                <description>background image</description>
                <posx>0</posx>
                <posy>-16</posy>
                <width>466</width>
                <height>350</height>
          		<bordertexture colordiffuse="button_focus">masks/poster_w460_h680.png</bordertexture>
				<bordersize>2</bordersize>
				<texture colordiffuse="black">masks/poster_w460_h680.png</texture>
                <visible>Integer.IsEqual(Container(3110).NumItems,3)</visible>
            </control>
            <control type="image">
                <description>background image</description>
                <posx>0</posx>
                <posy>-16</posy>
                <width>466</width>
                <height>420</height>
          		<bordertexture colordiffuse="button_focus">masks/poster_w460_h680.png</bordertexture>
				<bordersize>2</bordersize>
				<texture colordiffuse="black">masks/poster_w460_h680.png</texture>
                <visible>Integer.IsEqual(Container(3110).NumItems,4)</visible>
            </control>
            <control type="image">
                <description>background image</description>
                <posx>0</posx>
                <posy>-16</posy>
                <width>466</width>
                <height>490</height>
          		<bordertexture colordiffuse="button_focus">masks/poster_w460_h680.png</bordertexture>
				<bordersize>2</bordersize>
				<texture colordiffuse="black">masks/poster_w460_h680.png</texture>
                <visible>Integer.IsEqual(Container(3110).NumItems,5)</visible>
            </control>
            <control type="image">
                <description>background image</description>
                <posx>0</posx>
                <posy>-16</posy>
                <width>466</width>
                <height>560</height>
          		<bordertexture colordiffuse="button_focus">masks/poster_w460_h680.png</bordertexture>
				<bordersize>2</bordersize>
				<texture colordiffuse="black">masks/poster_w460_h680.png</texture>
                <visible>Integer.IsEqual(Container(3110).NumItems,6)</visible>
            </control>
            <control type="image">
                <description>background image</description>
                <posx>0</posx>
                <posy>-16</posy>
                <width>466</width>
                <height>630</height>
          		<bordertexture colordiffuse="button_focus">masks/poster_w460_h680.png</bordertexture>
				<bordersize>2</bordersize>
				<texture colordiffuse="black">masks/poster_w460_h680.png</texture>
                <visible>Integer.IsEqual(Container(3110).NumItems,7)</visible>
            </control>
            <control type="image">
                <description>background image</description>
                <posx>0</posx>
                <posy>-16</posy>
                <width>466</width>
                <height>695</height>
                <bordertexture colordiffuse="button_focus">masks/poster_w460_h680.png</bordertexture>
				<bordersize>2</bordersize>
				<texture colordiffuse="black">masks/poster_w460_h680.png</texture>
                <visible>Integer.IsGreater(Container(3110).NumItems,7)</visible>
            </control>
            <control type="group">
                <left>25</left>
                <top>10</top>
                <control type="label">
                    <description>Header Label</description>
                    <width>406</width>
                    <posy>0</posy>
					<align>center</align>
                    <include>FontTop</include>
                    <textcolor>Dark2</textcolor>
                    <label>תפריט ראשי</label>
                </control>
                <include>Kodi_Logo</include>
                <!-- Lines -->
                <control type="image">
                    <top>70</top>
                    <left>17</left>
                    <width>388</width>
                    <height>1</height>
                    <bottom>10</bottom>
                    <colordiffuse>Black12</colordiffuse>
                    <texture>common/white.png</texture>
                </control>
            </control>
            <control type="list" id="3110">
                <top>100</top>
                <height min="100" max="576">auto</height>
                <bottom>16</bottom>
                <left>8</left>
                <right>8</right>
                <onup>3110</onup>
                <ondown>3110</ondown>
                <onleft>Close</onleft>
                <onright>SetFocus($INFO[Container(3110).ListItem.Property(item)])</onright>
                <onback>300</onback>
                <orientation>vertical</orientation>
                <scrolltime tween="cubic">550</scrolltime>
                <itemlayout width="466" height="72">
				    <control type="image">
                        <width>100%</width>
                        <height>88%</height>
						<texture border="16" colordiffuse="White100">colors/white.png</texture>
					</control>
                    <control type="label">
                        <align>center</align>
                        <aligny>center</aligny>
                         <height>88%</height>
						<font>font32</font>
                        <textcolor>white</textcolor>
                        <include>DefContextButton</include>
                        <label>$INFO[ListItem.Label]</label>
                    </control>
			        <control type="label">
                        <align>center</align>
                        <aligny>center</aligny>
                        <height>88%</height>
						<font>font32</font>
                        <textcolor>white</textcolor>
                        <include>DefContextButton</include>
                        <label>$INFO[ListItem.Label2]</label>
                    </control>
                </itemlayout>
                <focusedlayout width="466" height="72">
				    <control type="image">
                        <width>100%</width>
                        <height>88%</height>
						<texture border="16" diffuse="glass.jpg" colordiffuse="White100">colors/white.png</texture>
					</control>
				<control type="group">
				<animation condition="Control.HasFocus(4110) | Control.HasFocus(5110)" effect="fade" start="100" end="20" time="250" deley="250" tween="sine" easing="inout">Conditional</animation>
                    <control type="image">
                        <width>100%</width>
                        <height>88%</height>
                        <texture diffuse="glass.jpg" colordiffuse="Highlight">common/white.png</texture>
                    </control>
					</control>
                    <control type="label">
                        <align>center</align>
                        <aligny>center</aligny>
                        <height>88%</height>
						<font>font32</font>
                        <textcolor>white</textcolor>
                        <include>DefContextButton</include>
                        <label>$INFO[ListItem.Label]</label>
                    </control>
			        <control type="label">
                        <align>center</align>
                        <aligny>center</aligny>
                        <height>88%</height>
						<font>font32</font>
                        <textcolor>white</textcolor>
                        <include>DefContextButton</include>
                        <label>$INFO[ListItem.Label2]</label>
                    </control>
                </focusedlayout>
				<content>
					<item>
						<label>יציאה מהמערכת</label>
						<onclick>RunScript(&quot;plugin.close.kodi&quot;)</onclick>
					</item>	
					<item>
						<label>נוגן לאחרונה</label>
						<onclick>Dialog.Close(all,true)</onclick>
						<onclick>RunAddon("plugin.video.last_played")</onclick>
					</item>
					<item>
						<label>רשימת פלייליסט</label>
						<icon>osd/fullscreen/buttons/playlist.png</icon>
						<!-- <onclick condition="!Integer.IsEqual(Playlist.Length(video),0) + Skin.HasSetting(advancedplaylist) + Player.HasVideo">ActivateWindow(1200)</onclick> -->
						<!-- <onclick condition="!Integer.IsEqual(Playlist.Length(music),0) + Skin.HasSetting(advancedplaylist) +  Player.HasAudio">ActivateWindow(1197)</onclick> -->
						<onclick>Dialog.Close(all,true)</onclick>
						<onclick condition="!Integer.IsEqual(Playlist.Length(video),0)">ActivateWindow(videoplaylist)</onclick>
						<onclick condition="!Integer.IsEqual(Playlist.Length(music),0)">ActivateWindow(musicplaylist)</onclick>
						<visible>[Integer.IsGreater(Playlist.Length(music),0) |  Integer.IsGreater(Playlist.Length(video),0)]</visible>
					</item>	
					<item>
						<label>מועדפים</label>
						<onclick>Dialog.Close(all,true)</onclick>
						<onclick>ActivateWindow(favouritesbrowser)</onclick>
					</item>
					<item>
						<label>חיפוש מתקדם</label>
						<onclick>Dialog.Close(all,true)</onclick>
						<onclick>ActivateWindow(1315)</onclick>
					</item>
					<item>
						<!-- Skin settings -->
						<label>הגדרות הבילד</label>
						<onclick>Dialog.Close(all)</onclick>
						<onclick>ActivateWindow(1181)</onclick>
					</item>
					<item>
						<!-- Skin settings -->
						<label>הגדרות מערכת</label>
						<onclick>Dialog.Close(all)</onclick>
						<onclick>ActivateWindow(settings)</onclick>
					</item>
					<item>
						<!-- Clear Twilight Cache  -->
						<label>$LOCALIZE[700052]</label>
						<onclick>PlayMedia(&quot;plugin://plugin.video.twilight/?mode=clear_all_cache&amp;isFolder=false&amp;iconImage=https%3A%2F%2Fi.imgur.com%2FRDNxy36.png&quot;)</onclick>
					</item>
					<item>
						<!-- Clear DarkSubs Cache  -->
						<label>$LOCALIZE[700053]</label>
						<onclick>RunScript(special://home/addons/service.subtitles.All_Subs/resources/modules/clean_cache_functions.py, clean_all_cache)</onclick>
					</item>

					<item>
						<label>עדכון מהיר</label>
						<onclick>PlayMedia("plugin://plugin.program.kodirealdebridisraelwizard/?mode=install&amp;action=quick_update&amp;name=%D7%A7%D7%95%D7%93%D7%99+%D7%A8%D7%99%D7%9C+%D7%93%D7%91%D7%A8%D7%99%D7%93+%D7%99%D7%A9%D7%A8%D7%90%D7%9C&amp;auto_quick_update=false")</onclick>
					</item>	
					<item>
						<label>אשף ההתקנה</label>
						<onclick>PlayMedia("plugin://plugin.program.kodirealdebridisraelwizard/?mode=install&amp;action=build&amp;name=%D7%A7%D7%95%D7%93%D7%99+%D7%A8%D7%99%D7%9C+%D7%93%D7%91%D7%A8%D7%99%D7%93+%D7%99%D7%A9%D7%A8%D7%90%D7%9C")</onclick>
					</item>
					<item id="1">
						<label>ערוץ הקומדיה</label>
						<icon>https://www.iconsdb.com/icons/preview/white/comedy-xxl.png</icon>
						<onclick>RunPlugin(plugin://plugin.video.myplaylist/?action=play_all&amp;category=comedyil)</onclick>
					</item>
					<item id="2">
						<icon>https://www.iconsdb.com/icons/preview/white/bread-xxl.png</icon>
						<label>ערוץ האוכל</label>
						<onclick>RunPlugin(plugin://plugin.video.myplaylist/?action=play_all&amp;category=foodil)</onclick>
					</item>
					<item id="3">
						<icon>https://i.imgur.com/hsC0iRt.png</icon>
						<label>ערוץ כללי</label>
						<onclick>RunPlugin(plugin://plugin.video.myplaylist/?action=play_all&amp;category=general)</onclick>
					</item>
				</content>
			</control>
		</control>

		<control type="group">
            <include>Animation.ZoomIn</include>
            <include>Animation.FadeOut</include>
			<animation type="Conditional" condition="String.IsEqual(Container(3110).ListItem.Property(id),changeview)">
				<effect type="fade" start="0" end="100" time="350" deley="150" tween="sine" easing="inout"/>
				<effect type="slide" start="50" end="0" time="350" delay="150" tween="sine" easing="inout"/>
			</animation>
			<visible allowhiddenfocus="true">String.IsEqual(Container(3110).ListItem.Property(id),changeview) | Control.HasFocus(5110)</visible>
            <top>200</top>
            <centerleft>75%</centerleft>
            <width>466</width>
            <control type="image">
                <description>background image</description>
                <posx>0</posx>
                <posy>-16</posy>
                <width>466</width>
                <height>210</height>
          		<bordertexture colordiffuse="button_focus">masks/poster_w460_h680.png</bordertexture>
				<bordersize>2</bordersize>
				<texture colordiffuse="black">masks/poster_w460_h680.png</texture>
                <visible>Integer.IsEqual(Container(5110).NumItems,1)</visible>
            </control>
            <control type="image">
                <description>background image</description>
                <posx>0</posx>
                <posy>-16</posy>
                <width>466</width>
                <height>280</height>
          		<bordertexture colordiffuse="button_focus">masks/poster_w460_h680.png</bordertexture>
				<bordersize>2</bordersize>
				<texture colordiffuse="black">masks/poster_w460_h680.png</texture>
                <visible>Integer.IsEqual(Container(5110).NumItems,2)</visible>
            </control>
            <control type="image">
                <description>background image</description>
                <posx>0</posx>
                <posy>-16</posy>
                <width>466</width>
                <height>350</height>
          		<bordertexture colordiffuse="button_focus">masks/poster_w460_h680.png</bordertexture>
				<bordersize>2</bordersize>
				<texture colordiffuse="black">masks/poster_w460_h680.png</texture>
                <visible>Integer.IsEqual(Container(5110).NumItems,3)</visible>
            </control>
            <control type="image">
                <description>background image</description>
                <posx>0</posx>
                <posy>-16</posy>
                <width>466</width>
                <height>420</height>
          		<bordertexture colordiffuse="button_focus">masks/poster_w460_h680.png</bordertexture>
				<bordersize>2</bordersize>
				<texture colordiffuse="black">masks/poster_w460_h680.png</texture>
                <visible>Integer.IsEqual(Container(5110).NumItems,4)</visible>
            </control>
            <control type="image">
                <description>background image</description>
                <posx>0</posx>
                <posy>-16</posy>
                <width>466</width>
                <height>490</height>
          		<bordertexture colordiffuse="button_focus">masks/poster_w460_h680.png</bordertexture>
				<bordersize>2</bordersize>
				<texture colordiffuse="black">masks/poster_w460_h680.png</texture>
                <visible>Integer.IsEqual(Container(5110).NumItems,5)</visible>
            </control>
            <control type="image">
                <description>background image</description>
                <posx>0</posx>
                <posy>-16</posy>
                <width>466</width>
                <height>560</height>
          		<bordertexture colordiffuse="button_focus">masks/poster_w460_h680.png</bordertexture>
				<bordersize>2</bordersize>
				<texture colordiffuse="black">masks/poster_w460_h680.png</texture>
                <visible>Integer.IsEqual(Container(5110).NumItems,6)</visible>
            </control>
            <control type="image">
                <description>background image</description>
                <posx>0</posx>
                <posy>-16</posy>
                <width>466</width>
                <height>630</height>
          		<bordertexture colordiffuse="button_focus">masks/poster_w460_h680.png</bordertexture>
				<bordersize>2</bordersize>
				<texture colordiffuse="black">masks/poster_w460_h680.png</texture>
                <visible>Integer.IsEqual(Container(5110).NumItems,7)</visible>
            </control>
            <control type="image">
                <description>background image</description>
                <posx>0</posx>
                <posy>-16</posy>
                <width>466</width>
                <height>695</height>
          		<bordertexture colordiffuse="button_focus">masks/poster_w460_h680.png</bordertexture>
				<bordersize>2</bordersize>
				<texture colordiffuse="black">masks/poster_w460_h680.png</texture>
                <visible>Integer.IsGreater(Container(5110).NumItems,8)</visible>
            </control>
            <control type="group">
                <left>25</left>
                <top>10</top>
                <control type="label">
                    <description>Header Label</description>
                    <left>0</left>
                    <width>406</width>
                    <posy>0</posy>
					<align>center</align>
                    <include>FontTop</include>
                    <textcolor>Dark2</textcolor>
                    <label>שנה תצוגה</label>
                </control>
                <include>Kodi_Logo</include>

                <!-- Lines -->
                <control type="image">
                    <top>70</top>
                    <left>17</left>
                    <width>388</width>
                    <height>1</height>
                    <bottom>10</bottom>
                    <colordiffuse>Black12</colordiffuse>
                    <texture>common/white.png</texture>
                </control>
            </control>
            <control type="list" id="5110">
                <top>100</top>
                <height min="100" max="570">auto</height>
                <bottom>16</bottom>
                <left>8</left>
                <right>8</right>
                <onup>5110</onup>
                <ondown>5110</ondown>
                <onleft>3110</onleft>
                <onright>Close</onright>
                <onback>300</onback>
                <orientation>vertical</orientation>
                <scrolltime>200</scrolltime>
				<itemlayout width="466" height="72">
				    <control type="image">
                        <width>100%</width>
                        <height>88%</height>
						<texture border="16" colordiffuse="White100">colors/white.png</texture>
					</control>
                    <control type="label">
                        <align>left</align>
                        <aligny>center</aligny>
                        <height>88%</height>
						<font>font32</font>
                        <textcolor>white</textcolor>
                        <include>DefContextButton</include>
                        <label>$INFO[ListItem.Label]</label>
                    </control>
			        <control type="label">
                        <align>right</align>
						<right>20</right>
                        <aligny>center</aligny>
                        <height>88%</height>
						<font>font10</font>
                        <textcolor>white</textcolor>
                        <include>DefContextButton</include>
                        <label>$INFO[ListItem.Label2]</label>
                    </control>
                </itemlayout>
                <focusedlayout width="466" height="72">
				    <control type="image">
                        <width>100%</width>
                        <height>88%</height>
						<texture border="16" diffuse="glass.jpg" colordiffuse="White100">colors/white.png</texture>
					</control>
				<control type="group">
					<control type="image">
					<animation effect="fade" end="100" time="250" tween="cubic" easing="inout">Visible</animation>
                        <width>100%</width>
                        <height>88%</height>
                        <texture diffuse="glass.jpg" colordiffuse="Highlight">common/white.png</texture>
						<visible>Control.HasFocus(5110)</visible>
                    </control>
					</control>
                    <control type="label">
                        <align>left</align>
                        <aligny>center</aligny>
                        <height>88%</height>
						<font>font32</font>
                        <textcolor>white</textcolor>
                        <include>DefContextButton</include>
                        <label>$INFO[ListItem.Label]</label>
                    </control>
			        <control type="label">
                        <align>right</align>
						<right>20</right>
                        <aligny>center</aligny>
                        <height>88%</height>
						<font>font10</font>
                        <textcolor>white</textcolor>
                        <include>DefContextButton</include>
                        <label>$INFO[ListItem.Label2]</label>
                    </control>
                </focusedlayout>
				<content>
					<item>
						<label>החלף תצוגת פוסטר</label>
						<label2>$INFO[Skin.String(SetViewTypePoster)]</label2>
						<onclick condition="String.IsEmpty(Skin.String(SetViewTypePoster,poster)">Skin.SetString(SetViewTypePoster,poster)</onclick>
						<onclick condition="Skin.String(SetViewTypePoster,poster)">Skin.SetString(SetViewTypePoster,squareposter)</onclick>
						<onclick condition="Skin.String(SetViewTypePoster,squareposter)">Skin.SetString(SetViewTypePoster,fanart)</onclick>
						<onclick condition="Skin.String(SetViewTypePoster,fanart)">Skin.SetString(SetViewTypePoster,poster)</onclick>
						<onclick>AlarmClock(refreshskin,ReloadSkin(),00:02,true)</onclick>
					</item>
					<item>
						<label>החלף תצוגת פנארט</label>
						<label2>$INFO[Skin.String(SetViewTypeFanart)]</label2>
						<onclick condition="String.IsEmpty(Skin.String(SetViewTypeFanart,fanart)">Skin.SetString(SetViewTypeFanart,fanart)</onclick>
						<onclick condition="Skin.String(SetViewTypeFanart,fanart)">Skin.SetString(SetViewTypeFanart,bigfanart)</onclick>
						<onclick condition="Skin.String(SetViewTypeFanart,bigfanart)">Skin.SetString(SetViewTypeFanart,fanart)</onclick>
						<!-- <onclick condition="Skin.String(SetViewType,fanart)">Skin.SetString(SetViewType,fanart)</onclick> -->
						<onclick>AlarmClock(refreshskin,ReloadSkin(),00:02,true)</onclick>
					</item>
					<item>
						<label>החלף תצוגה בעידן פלוס</label>
						<label2>$INFO[Skin.String(SetViewTypeIdanPoster)]</label2>
						<onclick condition="String.IsEmpty(Skin.String(SetViewTypeIdanPoster,poster)">Skin.SetString(SetViewTypeIdanPoster,poster)</onclick>
						<onclick condition="Skin.String(SetViewTypeIdanPoster,poster)">Skin.SetString(SetViewTypeIdanPoster,squareposter)</onclick>
						<onclick condition="Skin.String(SetViewTypeIdanPoster,squareposter)">Skin.SetString(SetViewTypeIdanPoster,poster)</onclick>
						<!-- <onclick condition="Skin.String(SetViewType,fanart)">Skin.SetString(SetViewType,fanart)</onclick> -->
						<onclick>AlarmClock(refreshskin,ReloadSkin(),00:02,true)</onclick>
					</item>
				</content>
			</control>
		<!-- <include content="UpDownArrows"> -->
			<!-- <param name="container_id" value="9000" /> -->
			<!-- <param name="posx" value="276" /> -->
			<!-- <param name="up_posy" value="-40" /> -->
			<!-- <param name="down_posy" value="500" /> -->
			<!-- <param name="down_posx" value="276" /> -->
			<!-- </include> -->
		</control>

		
	</controls>
</window>
