<?xml version="1.0" encoding="UTF-8"?>
<window>
	<include>Animation_DialogPopupOpenClose</include>
	<controls>

		<control type="image">
		<animation condition="true" effect="fade" end="95" time="0">Conditional</animation>
			<texture colordiffuse="black">colors/white.png</texture>
		</control>
		<control type="image">
		<left>40</left>
		<right>40</right>
		<top>40</top>
		<bottom>40</bottom>
			<animation condition="true" effect="fade" end="65" time="0">Conditional</animation>
			<texture colordiffuse="ff181818">masks/landscape_w1140_h680.png</texture>
			<bordertexture colordiffuse="gray">masks/landscape_w1140_h680.png</bordertexture>
			<bordersize>1</bordersize>
		</control>
		<control type="group">
			<left>50</left>
			<top>50</top>
			<bottom>50</bottom>
			<right>50</right>
			<control type="label">
				<description>Video label</description>
				<top>-45</top>
				<width>920</width>
				<height>30</height>
				<font>font30_title</font>
				<label>$INFO[Player.Filename]</label>
				<align>center</align>
				<aligny>center</aligny>
				<textcolor>grey</textcolor>
				<shadowcolor>black</shadowcolor>
				<scroll>true</scroll>
			</control>
			<control type="list" id="120">
				<onup>false</onup>
				<ondown>false</ondown>
				<onright>150</onright>
				<pagecontrol>73</pagecontrol>
				<scrolltime tween="cubic">550</scrolltime>
				<itemlayout width="1700" height="115">
				<control type="group">
				<height>120</height>
				<control type="image">
					<right>440</right>
					<texture colordiffuse="25000000">colors/white.png</texture>
				</control>
				<control type="image">
					<left>1270</left>
					<right>0</right>
					<width>320</width>
					<texture colordiffuse="25000000">colors/white.png</texture>
				</control>
				<control type="image">
					<left>1410</left>
					<right>0</right>
					<top>5</top>
					<width>50</width>
					<height>50</height>
					<texture>$INFO[ListItem.Thumb,windows/subtitles/flags/,.png]</texture>
					<aspectratio>keep</aspectratio>
				</control>
				<control type="label">
					<left>1270</left>
					<top>40</top>
					<width>320</width>
					<font>font12</font>
					<textcolor>grey</textcolor>
					<align>center</align>
					<aligny>center</aligny>
					<label>$INFO[ListItem.Label]</label>
				</control>
				<control type="image">
					<left>5</left>
					<top>88</top>
					<width>30</width>
					<height>20</height>
					<texture>windows/subtitles/icon_close_caption.png</texture>
					<visible>ListItem.property(hearing_imp)</visible>
				</control>
				<control type="image">
					<left>5</left>
					<top>88</top>
					<width>60</width>
					<height>20</height>
					<texture>windows/subtitles/icon_sync.png</texture>
					<visible>ListItem.property(sync)</visible>
				</control>
				<control type="label">
					<left>5</left>
					<aligny>center</aligny>
					<font>font12</font>
					<label>$INFO[ListItem.Label2]</label>
				</control>
				</control>
				</itemlayout>
				<focusedlayout width="1700" height="115">
				<control type="group">
				<height>120</height>
				<control type="image">
					<right>440</right>
					<texture colordiffuse="25FFFFFF">colors/white.png</texture>
					<visible>control.hasfocus(120)</visible>
				</control>
				<control type="image">
					<top>10</top>
					<bottom>10</bottom>
					<right>440</right>
					<texture colordiffuse="deepskyblue">colors/white.png</texture>
					<animation condition="true" effect="fade" end="10" time="0">Conditional</animation>
					<visible>control.hasfocus(120)</visible>
				</control>
				<control type="image">
					<left>1270</left>
					<right>0</right>
					<width>320</width>
					<texture colordiffuse="25000000">colors/white.png</texture>
				</control>
				<control type="image">
					<left>1410</left>
					<right>0</right>
					<top>5</top>
					<width>50</width>
					<height>50</height>
					<texture>$INFO[ListItem.Thumb,windows/subtitles/flags/,.png]</texture>
					<aspectratio>keep</aspectratio>
				</control>
				<control type="label">
					<left>1270</left>
					<top>40</top>
					<width>320</width>
					<font>font12</font>
					<textcolor>white</textcolor>
					<align>center</align>
					<aligny>center</aligny>
					<label>$INFO[ListItem.Label]</label>
				</control>
				<control type="image">
					<left>5</left>
					<top>88</top>
					<width>30</width>
					<height>20</height>
					<texture>windows/subtitles/icon_close_caption.png</texture>
					<visible>ListItem.property(hearing_imp)</visible>
				</control>
				<control type="image">
					<left>5</left>
					<top>88</top>
					<width>60</width>
					<height>20</height>
					<texture>windows/subtitles/icon_sync.png</texture>
					<visible>ListItem.property(sync)</visible>
				</control>
				<control type="label">
					<left>5</left>
					<aligny>center</aligny>
					<font>font12</font>
					<label>$INFO[ListItem.Label2]</label>
					<autoscroll>true</autoscroll>
				</control>
						<!-- <control type="image"> -->
							<!-- <left>810</left> -->
							<!-- <top>10</top> -->
							<!-- <width>100</width> -->
							<!-- <height>45</height> -->
							<!-- <texture fallback="flags/starrating/rating0.png">$INFO[ListItem.ActualIcon,flags/starrating/rating,.png]</texture> -->
							<!-- <aspectratio>keep</aspectratio> -->
						<!-- </control> -->
				</control>
				</focusedlayout>
				</control>
		</control>
		
			<control type="group">
				<right>0</right>
				<left>1600</left>
				<top>5</top>
				<control type="label">
					<top>50</top>
					<width>320</width>
					<height>26</height>
					<label>$LOCALIZE[24018]</label>
					<align>center</align>
					<font>font30_title</font>
					<aligny>top</aligny>
					<textcolor>button_focus</textcolor>
					<shadowcolor>black</shadowcolor>
					<wrapmultiline>true</wrapmultiline>
				</control>
				<control type="list" id="150">
					<left>50</left>
					<top>150</top>
					<width>220</width>
					<height>480</height>
					<onup>150</onup>
					<onleft>120</onleft>
					<ondown>130</ondown>
					<onback>120</onback>
					<scrolltime>200</scrolltime>
					<include content="DefaultSimpleListLayout">
						<param name="width" value="220" />
						<param name="height" value="60" />
						<param name="list_id" value="150" />
						<param name="align" value="center" />
						<param name="diffuse" value="masks/categorywidget.png" />
					</include>
				</control>
			</control>
			
			
			<control type="group">
			<right>0</right>
			<left>1650</left>
			<top>405</top>
			<width>220</width>
			<control type="grouplist">
			<onleft>120</onleft>
			<onup>150</onup>
			<onback>120</onback>
			<orientation>vertical</orientation>
			</control>
			<control type="textbox" id="140">
				<description>textarea</description>
				<top>280</top>
				<height>120</height>
				<align>center</align>
				<aligny>center</aligny>
				<wrapmultiline>true</wrapmultiline>
			</control>
			<control type="grouplist" id="130">
				<height>600</height>
				<onleft>120</onleft>
				<onup>150</onup>
				<onback>120</onback>
				<orientation>vertical</orientation>
				<itemgap>15</itemgap>
				<control type="image">
					<height>50</height>
					<aspectratio align="center">keep</aspectratio>
					<texture>DefaultIconInfo.png</texture>
				</control>
				<control type="textbox">
				<description>notification</description>
					<height>130</height>
					<label>$LOCALIZE[31096]</label>
					<align>center</align>
					<aligny>center</aligny>
				</control>
			</control>
		</control>
	</controls>
</window>
