<?xml version="1.0" encoding="UTF-8"?>
<window>
	<defaultcontrol always="true">11</defaultcontrol>
	<include>_VARzoomglobalanimation</include>
	<controls>
	
	<control type="group">
	<left>-50</left>
	<control type="group">
	<width>500</width>
	<top>14%</top>
	<height>72%</height>
	<left>67.5%</left>
	<control type="image">
		<left>1</left>
		<right>1</right>
		<top>1</top>
		<bottom>1</bottom>
		<texture colordiffuse="gray">masks/landscape_w1140_h680.png</texture>
	</control>
	<control type="image">
		<left>2</left>
		<right>2</right>
		<top>2</top>
		<bottom>2</bottom>
		<animation condition="true" effect="fade" end="85" time="0">Conditional</animation>
		<texture colordiffuse="FF181818">masks/landscape_w1140_h680.png</texture>
	</control>
	<include content="IconSizedBackGround">
		<param name="width" value="250"/>
		<param name="height" value="250"/>
		<param name="left" value="135"/>
		<param name="top" value="120"/>
		<param name="icon" value="$INFO[ListItem.Icon]"/>
	</include>
	<control type="textbox">
		<left>0</left>
		<top>15</top>
		<bottom>5</bottom>
		<width>515</width>
		<height>100</height>
		<align>center</align>
		<font>font37</font>
		<label>לוח שידורים[CR] $INFO[ListITem.ChannelName]</label>
	</control>
	<control type="textbox">
		<left>40</left>
		<top>395</top>
		<bottom>5</bottom>
		<width>445</width>
		<height>355</height>
		<align>center</align>
		<font>font37</font>
		<label>$INFO[Container(11).ListItem.Plot]</label>
		<autoscroll fade="3500" time="3500" repeat="3500">System.IdleTime(1)</autoscroll>
	</control>
	<!-- <control type="label"> -->
	<!-- <top>725</top> -->
	<!-- <align>center</align> -->
	<!-- <label>$INFO[VideoPlayer.StartTime,מתחיל: ] [COLOR burlywood]|[/COLOR] $INFO[VideoPlayer.EndTime,מסתיים: ]</label> -->
	<!-- </control> -->
	</control>
	<include content="HeaderPopupDialog">
		<param name="width">58%</param>
		<param name="height">72%</param>
		<param name="header">[B]$INFO[ListItem.StartDate][/B][CR]$INFO[ListItem.ChannelName]</param>
		<param name="rightheader">$INFO[System.Time(hh:mm)]</param>
		<param name="rightheaderfont">font45_title</param>
	</include>
	<control type="image">
	<animation effect="fade" start="0" end="100" time="350">Visible</animation>
	<animation effect="fade" start="100" end="0" time="350">Hidden</animation>
		<top>170</top>
		<left>700</left>
		<width>45</width>
		<height>45</height>
		<texture>icons/pvr/timers/bell.png</texture>
		<visible>Container(11).ListItem.HasReminder</visible>
	</control>
	<control type="textbox">
	<animation effect="fade" start="0" end="100" time="350">Visible</animation>
	<animation effect="fade" start="100" end="0" time="350">Hidden</animation>
		<left>750</left>
		<top>165</top>
		<bottom>5</bottom>
		<width>445</width>
		<height>50</height>
		<align>left</align>
		<font>font32_title</font>
		<label>הוגדר תזמון</label>
		<visible>Container(11).ListItem.HasReminder</visible>
	</control>
	<control type="fixedlist" id="11">
	<top>23.5%</top>
	<left>11.2%</left>
	<height>60%</height>
	<scrolltime tween="cubic" easing="out">500</scrolltime>
	<movement>4</movement>
	<focusposition>4</focusposition>
	<itemlayout height="72" width="1135">
	<control type="group">
	<height>70</height>
	<control type="image">		
	<texture colordiffuse="FF181818">colors/white.png</texture>
	</control>
	<control type="label">
		<left>5</left>
		<top>5</top>
		<font>font32</font>
		<aligny>center</aligny>
		<label>$INFO[ListItem.EpgEventTitle]</label>
	</control>
	<!-- <control type="textbox"> -->
		<!-- <left>5</left> -->
		<!-- <top>65</top> -->
		<!-- <bottom>5</bottom> -->
		<!-- <font>font32</font> -->
		<!-- <label>$INFO[ListItem.Plot]</label> -->
	<!-- </control> -->
	<control type="label">
		<right>5</right>
		<top>5</top>
		<align>right</align>
		<aligny>center</aligny>
		<font>font32</font>
		<label>[$INFO[ListItem.StartTime] - $INFO[ListItem.EndTime]] - $INFO[ListItem.StartDate]</label>
	</control>
	<!-- <control type="progress"> -->
		<!-- <left>5</left> -->
		<!-- <align>left</align> -->
		<!-- <top>55</top> -->
		<!-- <width>100</width> -->
		<!-- <height>12</height> -->
		<!-- <colordiffuse>88FFFFFF</colordiffuse> -->
		<!-- <visible>ListItem.HasEpg + !ListItem.IsRecording</visible> -->
		<!-- <info>ListItem.Progress</info> -->
	<!-- </control> -->
	</control>
	</itemlayout>

	<!-- <focusedlayout height="70" width="1135" condition="!System.IdleTime(3) + !String.Contains(ListItem.Plot,המידע אינו)"> -->
	<!-- <control type="group"> -->
	<!-- <height>70</height> -->
	<!-- <control type="image">		 -->
	<!-- <texture colordiffuse="deepskyblue">colors/white.png</texture> -->
	<!-- </control> -->
	<!-- <control type="image">		 -->
		<!-- <texture colordiffuse="98000000">colors/white.png</texture> -->
	<!-- </control> -->
	<!-- <control type="label"> -->
		<!-- <left>5</left> -->
		<!-- <top>5</top> -->
		<!-- <font>font32_title</font> -->
		<!-- <aligny>center</aligny> -->
		<!-- <label>$INFO[ListItem.EpgEventTitle]</label> -->
	<!-- </control> -->
	<!-- <control type="textbox"> -->
		<!-- <left>5</left> -->
		<!-- <top>65</top> -->
		<!-- <bottom>5</bottom> -->
		<!-- <font>font32</font> -->
		<!-- <label>$INFO[ListItem.Plot]</label> -->
	<!-- </control> -->
	<!-- <control type="label"> -->
		<!-- <right>5</right> -->
		<!-- <top>5</top> -->
		<!-- <align>right</align> -->
		<!-- <aligny>center</aligny> -->
		<!-- <font>font32_title</font> -->
		<!-- <label>[$INFO[ListItem.StartTime] - $INFO[ListItem.EndTime]] - $INFO[ListItem.StartDate]</label> -->
	<!-- </control> -->
	<!-- <control type="progress"> -->
		<!-- <left>5</left> -->
		<!-- <align>left</align> -->
		<!-- <top>55</top> -->
		<!-- <width>100</width> -->
		<!-- <height>12</height> -->
		<!-- <colordiffuse>88FFFFFF</colordiffuse> -->
		<!-- <visible>ListItem.HasEpg + !ListItem.IsRecording</visible> -->
		<!-- <info>ListItem.Progress</info> -->
	<!-- </control> -->
	<!-- </control> -->
	<!-- </focusedlayout> -->
	
	<focusedlayout height="72" width="1135">
	<control type="group">
	<height>70</height>
	<control type="image">		
		<texture colordiffuse="FF181818">colors/white.png</texture>
	</control>
	<control type="image">		
		<texture colordiffuse="white">colors/white.png</texture>
	</control>
	<control type="label">
		<left>5</left>
		<top>5</top>
		<aligny>center</aligny>
		<font>font32</font>
		<textcolor>black</textcolor>
		<label>$INFO[ListItem.EpgEventTitle]</label>
	</control>
	<control type="label">
		<right>5</right>
		<top>5</top>
		<align>right</align>
		<aligny>center</aligny>
		<font>font37</font>
		<textcolor>black</textcolor>
		<label>[$INFO[ListItem.StartTime] - $INFO[ListItem.EndTime]] - $INFO[ListItem.StartDate]</label>
	</control>
	<!-- <control type="label"> -->
		<!-- <left>5</left> -->
		<!-- <top>5</top> -->
		<!-- <font>font32_title</font> -->
		<!-- <label>$INFO[ListItem.EpgEventTitle]</label> -->
	<!-- </control> -->
	<!-- <control type="textbox"> -->
		<!-- <left>5</left> -->
		<!-- <top>65</top> -->
		<!-- <bottom>5</bottom> -->
		<!-- <font>font32</font> -->
		<!-- <label>$INFO[ListItem.Plot]</label> -->
	<!-- </control> -->
	<!-- <control type="label"> -->
		<!-- <right>5</right> -->
		<!-- <top>5</top> -->
		<!-- <align>right</align> -->
		<!-- <font>font12</font> -->
		<!-- <label>[$INFO[ListItem.StartTime] - $INFO[ListItem.EndTime]] - $INFO[ListItem.StartDate]</label> -->
	<!-- </control> -->
	<!-- <control type="progress"> -->
		<!-- <left>5</left> -->
		<!-- <align>left</align> -->
		<!-- <top>55</top> -->
		<!-- <width>100</width> -->
		<!-- <height>12</height> -->
		<!-- <colordiffuse>88FFFFFF</colordiffuse> -->
		<!-- <visible>ListItem.HasEpg + !ListItem.IsRecording</visible> -->
		<!-- <info>ListItem.Progress</info> -->
	<!-- </control> -->
	</control>
	</focusedlayout>
	</control>	
	</control>

	</controls>
</window>
