<?xml version="1.0" encoding="UTF-8"?>
<window>
	<defaultcontrol>996</defaultcontrol>
	<coordinates>
	<origin x="0" y="0"/>
	</coordinates>
	<onload condition="Window.IsActive(movieinformation)">Dialog.Close(12003,true)</onload>
	<!-- <onunload>XBMC.CancelAlarm(opentvguide,true)</onunload> -->
	<controls>
	 <include>GlobalOverlay</include>
		<control type="group">
            <include>Animation.ZoomIn</include>
            <include>Animation.FadeOut</include>
            <centerleft>50%</centerleft>
			<centertop>60%</centertop>
            <width>466</width>
			
			<control type="group">
                <left>0</left>
                <top>0</top>
				<height>105</height>
                <!-- Lines -->
                <control type="image">
                    <top>80</top>
                    <left>0</left>
                    <height>1</height>
                    <bottom>0</bottom>
                    <colordiffuse>1Fbbbbbb</colordiffuse>
                    <texture>colors/white.png</texture>
                </control>
            </control>
			
			<control type="image" id="999">
				<description>background image</description>
				<left>0</left>
				<top>90</top>
				<width>466</width>
				<height max="700">auto</height>
				<bordertexture colordiffuse="button_focus">masks/poster_w460_h680.png</bordertexture>
				<bordersize>2</bordersize>
				<texture colordiffuse="black">masks/poster_w460_h680.png</texture>
				<!--<texture colordiffuse="dialog_tint">colors/white.png</texture>-->
			</control>
            <control type="grouplist" id="996">
                <description>grouplist for context buttons</description>
                <posx>5</posx>
                <top>100</top>
                <width>466</width>
                <top>90</top>
				<ondown>false</ondown>
				<onup>false</onup>
                <height max="680">auto</height>
                <itemgap>10</itemgap>
                <scrolltime tween="cubic">550</scrolltime>
                <control type="button" id="1000">
				<height>70</height>
				<width>456</width>
				<left>25</left>
                    <description>Buttons</description>
					<texturenofocus border="2" diffuse="glass.jpg" colordiffuse="White100">colors/white.png</texturenofocus>
					<texturefocus diffuse="glass.jpg" colordiffuse="Highlight">colors/white.png</texturefocus>
                    <align>left</align>
                </control>

		<control type="button" id="1098">
				<description>button template</description>
				<height>70</height>
				<width>456</width>
				<left>25</left>
				<align>left</align>
				<label>TheMovieDB נגן פרק דרך</label>
				<onclick>Dialog.Close(contextment)</onclick>
				<onclick>RunPlugin(plugin://plugin.video.themoviedb.helper/?info=play&amp;tmdb_type=tv&amp;query=$INFO[ListItem.TvShowTitle]&amp;season=$INFO[ListItem.Season]&amp;episode=$INFO[ListItem.Episode])</onclick>
                <description>Buttons</description>
				<texturenofocus border="2" diffuse="glass.jpg" colordiffuse="White100">colors/white.png</texturenofocus>
				<texturefocus diffuse="glass.jpg" colordiffuse="Highlight">colors/white.png</texturefocus>
				<visible>String.IsEqual(ListItem.DBTYPE,episode)</visible>
			</control>
			<control type="button" id="1099">
				<description>button template</description>
				<height>70</height>
				<width>456</width>
				<left>25</left>
				<align>left</align>
				<label>TheMovieDB נגן סרט דרך</label>
				<onclick>Dialog.Close(contextment)</onclick>
				<onclick>RunPlugin(plugin://plugin.video.themoviedb.helper/?info=play&amp;imdb_id=$INFO[ListItem.IMDBNumber]&amp;type=movie)</onclick>
                <description>Buttons</description>
				<texturenofocus border="2" diffuse="glass.jpg" colordiffuse="White100">colors/white.png</texturenofocus>
				<texturefocus diffuse="glass.jpg" colordiffuse="Highlight">colors/white.png</texturefocus>
				<visible>String.IsEqual(ListItem.DBTYPE,movie)</visible>
			</control>
			<control type="button" id="1100">
				<description>button template</description>
				<height>70</height>
				<width>456</width>
				<left>25</left>
				<align>left</align>
				<label>Twilight נגן סרט דרך</label>
				<onclick>Dialog.Close(contextment)</onclick>
				<onclick>RunPlugin(plugin://plugin.video.twilight/?mode=playback.media&media_type=movie&tmdb_id=$INFO[ListItem.UniqueID(tmdb)])</onclick>
                <description>Buttons</description>
				<texturenofocus border="2" diffuse="glass.jpg" colordiffuse="White100">colors/white.png</texturenofocus>
				<texturefocus diffuse="glass.jpg" colordiffuse="Highlight">colors/white.png</texturefocus>
				<visible>String.IsEqual(ListItem.DBTYPE,movie)</visible>
			</control>
			<control type="button" id="1101">
				<description>button template</description>
				<height>70</height>
				<width>456</width>
				<left>25</left>
				<align>left</align>
				<label>Twilight נגן פרק דרך</label>
				<onclick>Dialog.Close(contextment)</onclick>
				<onclick>RunPlugin(plugin://plugin.video.twilight/?mode=playback.media&media_type=episode&tmdb_id=$INFO[ListItem.UniqueID(tmdb)]&season=$INFO[ListItem.Season]&episode=$INFO[ListItem.Episode]&autoplay=false)</onclick>
				<texturenofocus border="2" diffuse="glass.jpg" colordiffuse="White100">colors/white.png</texturenofocus>
				<texturefocus diffuse="glass.jpg" colordiffuse="Highlight">colors/white.png</texturefocus>
				<visible>String.IsEqual(ListItem.DBTYPE,episode)</visible>
			</control>
			<control type="button" id="1103">
				<description>button template</description>
				<height>70</height>
				<width>456</width>
				<left>25</left>
				<align>left</align>
				<label>Fenlight נגן סרט דרך</label>
				<onclick>Dialog.Close(contextment)</onclick>
				<onclick>RunPlugin(plugin://plugin.video.fenlight/?mode=playback.media&media_type=movie&tmdb_id=$INFO[ListItem.UniqueID(tmdb)])</onclick>
				<texturenofocus border="2" diffuse="glass.jpg" colordiffuse="White100">colors/white.png</texturenofocus>
				<texturefocus diffuse="glass.jpg" colordiffuse="Highlight">colors/white.png</texturefocus>
				<visible>String.IsEqual(ListItem.DBTYPE,movie)</visible>
			</control>
			<control type="button" id="1104">
				<description>button template</description>
				<height>70</height>
				<width>456</width>
				<left>25</left>
				<align>left</align>
				<label>Fenlight נגן פרק דרך</label>
				<onclick>Dialog.Close(contextment)</onclick>
				<onclick>RunPlugin(plugin://plugin.video.fenlight/?mode=playback.media&media_type=episode&tmdb_id=$INFO[ListItem.UniqueID(tmdb)]&season=$INFO[ListItem.Season]&episode=$INFO[ListItem.Episode]&autoplay=false)</onclick>
				<texturenofocus border="2" diffuse="glass.jpg" colordiffuse="White100">colors/white.png</texturenofocus>
				<texturefocus diffuse="glass.jpg" colordiffuse="Highlight">colors/white.png</texturefocus>
				<visible>String.IsEqual(ListItem.DBTYPE,episode)</visible>
			</control>
			<control type="button" id="1105">
				<description>button template</description>
				<height>70</height>
				<width>456</width>
				<left>25</left>
				<align>left</align>
				<label>Umbrella נגן סרט דרך</label>
				<onclick>Dialog.Close(contextment)</onclick>
				<onclick>RunPlugin(plugin://plugin.video.umbrella/?action=play_Item&imdb=$INFO[ListItem.IMDBNumber])</onclick>
				<texturenofocus border="2" diffuse="glass.jpg" colordiffuse="White100">colors/white.png</texturenofocus>
				<texturefocus diffuse="glass.jpg" colordiffuse="Highlight">colors/white.png</texturefocus>
				<visible>String.IsEqual(ListItem.DBTYPE,movie)</visible>
			</control>
			<control type="button" id="1106">
				<description>button template</description>
				<height>70</height>
				<width>456</width>
				<left>25</left>
				<align>left</align>
				<label>Umbrella נגן פרק דרך</label>
				<onclick>Dialog.Close(contextment)</onclick>
				<onclick>RunPlugin(plugin://plugin.video.umbrella/?action=play_Item&imdb=$INFO[ListItem.IMDBNumber]&tmdb=tmdb_id=$INFO[ListItem.UniqueID(tmdb)]&season=$INFO[ListItem.Season]&episode=$INFO[ListItem.Episode]&tvshowtitle=$INFO[ListItem.TvShowTitle]&select=0)</onclick>
				<texturenofocus border="2" diffuse="glass.jpg" colordiffuse="White100">colors/white.png</texturenofocus>
				<texturefocus diffuse="glass.jpg" colordiffuse="Highlight">colors/white.png</texturefocus>
				<visible>String.IsEqual(ListItem.DBTYPE,episode)</visible>
			</control>
            </control>
		</control>
	</controls>
</window>