<?xml version="1.0" encoding="UTF-8"?>
<window>
	<defaultcontrol always="true">9000</defaultcontrol>
	<backgroundcolor>background</backgroundcolor>
	<!-- <onload condition="!Skin.HasSetting(firsttimerun)">ActivateWindow(1112)</onload> -->
	<!-- <onload condition="Skin.HasSetting(firsttimerun)">RunScript(script.fentastic.helper,mode=check_for_update&amp;skin_id=skin.fentastic)</onload> -->
	<!-- <onload>RunScript(script.fentastic.helper,mode=check_for_profile_change&amp;skin_id=skin.fentastic)</onload> -->
	<!-- <onload condition="String.IsEmpty(Window(Home).Property(fentastic.starting_widgets))">RunScript(script.fentastic.helper,mode=starting_widgets)</onload> -->
	<!-- <onload condition="String.IsEmpty(Window(Home).Property(fentastic.starting_widgets))">SetProperty(fentastic.starting_widgets,true)</onload> -->
    <!-- <onload>Skin.SetString(TMDbHelper.MonitorContainer,99950)</onload> -->
	<!-- <onload>Skin.SetBool(TMDbHelper.Service)</onload> -->
	<include>VisibleHiddenWindowCloseWindowOpenAnim</include>
	<controls>
	
	
	<include>newdefaultbackground</include>
	<include>TopBarHomeHeader</include>
	<include>HomeVideoWindow</include>
	
	<control type="image">
		<top>880</top>
		<left>880</left>
		<width>150</width>
		<height>150</height>
		<texture>$INFO[Player.Icon]</texture>
		<bordertexture colordiffuse="black">colors/white.png</bordertexture>
		<bordersize>5</bordersize>
		<visible>Player.HasAudio</visible>
	</control>
	
	<control type="group" id="9000">
	<width>100%</width>
	<height>100%</height>
	<left>10</left>
	<top>30%</top>
	<control type="grouplist" id="2000">
	<itemgap>-25</itemgap>
	<orientation>horizontal</orientation>
		<include content="MenuListHome">
			<param name="id" value="5000"/>
			<param name="label1" value="RD הרחבת סרטים"/>
			<param name="onclick1" value="ActivateWindow(videos,plugin://plugin.video.twilight/?action=MovieList&amp;iconImage=movies&amp;mode=navigator.main&amp;name=32028)"/>
			<param name="label2" value="רשימת סרטים מתעדכן"/>
			<param name="onclick2" value="ActivateWindow(videos,plugin://plugin.video.themoviedb.helper/?basedir=special%3a%2f%2fprofile%2faddon_data%2fplugin.video.themoviedb.helper%2fnodes%2f&amp;filename=movies.json&amp;info=dir_custom_node)"/>
			<param name="label3" value="סרטים לפי ז'אנרים"/>
			<param name="onclick3" value="ActivateWindow(videos,plugin://plugin.video.themoviedb.helper/?info=genres&amp;tmdb_type=movie)"/>
			<param name="label4" value="חפש סרט"/>
			<param name="onclick4" value="ActivateWindow(videos,plugin://plugin.video.themoviedb.helper/?info=search&tmdb_type=movie)"/>
			<param name="Mainlabel" value="סרטים"/>
			<param name="onright" value="5001"/>
		</include>
		
		<include content="MenuListHome">
			<param name="id" value="5001"/>
			<param name="label1" value="RD הרחבת סדרות"/>
			<param name="onclick1" value="ActivateWindow(videos,plugin://plugin.video.twilight/?action=TVShowList&amp;iconImage=tv&amp;mode=navigator.main&amp;name=32029)"/>
			<param name="label2" value="רשימת סדרות מתעדכן"/>
			<param name="onclick2" value="ActivateWindow(videos,plugin://plugin.video.themoviedb.helper/?basedir=special%3a%2f%2fprofile%2faddon_data%2fplugin.video.themoviedb.helper%2fnodes%2f&amp;filename=serias1.json&amp;info=dir_custom_node)"/>
			<param name="label3" value="סדרות לפי ז'אנרים"/>
			<param name="onclick3" value="ActivateWindow(videos,plugin://plugin.video.themoviedb.helper/?info=trakt_genres&amp;tmdb_type=tv)"/>
			<param name="label4" value="חפש סדרה"/>
			<param name="onclick4" value="ActivateWindow(videos,plugin://plugin.video.themoviedb.helper/?info=search&amp;tmdb_id=None&amp;tmdb_type=tv)"/>
			<param name="Mainlabel" value="סדרות"/>
			<param name="onright" value="5002"/>
			<param name="onleft" value="5000"/>
		</include>
		
		<include content="MenuListHome">
			<param name="id" value="5002"/>
			<param name="label1" value="ערוצי עידן פלוס"/>
			<param name="onclick1" value="ActivateWindow(9110)"/>
			<param name="label2" value="ערוצי עידן ויאודי"/>
			<param name="onclick2" value="RunAddon(plugin.video.idanplus)"/>
			<param name="label3" value="ערוצים כלליים מתעדכן"/>
			<param name="onclick3" value="ActivateWindow(videos,plugin://plugin.video.playlistloader/?cache=0&amp;iconimage=C%3a%5cUsers%5cNetag%5cAppData%5cRoaming%5cKodi%5caddons%5cplugin.video.playlistloader%5cresources%5cimages%5cdefault-list-image.png&amp;logos&amp;mode=2&amp;name=%5bsport%5d&amp;url=https%3a%2f%2fraw.githubusercontent.com%2fmoshep15%2fback%2fmaster%2fsport.m3u&amp;uuid=909451eb-4c0d-47db-ad32-9ceeb5ee4ef1)"/>
			<param name="label4" value="חפש תוכנית בויאודי"/>
			<param name="onclick4" value="ActivateWindow(videos,plugin://plugin.video.idanplus/?iconimage=C%253A%255CUsers%255CNetag%255CAppData%255CRoaming%255CKodi%255Caddons%255Cplugin.video.idanplus%255Cicon.png&amp;mode=4&amp;module&amp;moredata&amp;name=%5bB%5d%d7%97%d7%99%d7%a4%d7%95%d7%a9%20%d7%aa%d7%9b%d7%a0%d7%99%d7%95%d7%aa%5b%2fB%5d&amp;url)"/>
			<param name="Mainlabel" value="עידן פלוס"/>
			<param name="onright" value="5003"/>
			<param name="onleft" value="5001"/>
		</include>
		
		<include content="MenuListHome">
			<param name="id" value="5003"/>
			<param name="label1" value="YouTube"/>
			<param name="onclick1" value="ActivateWindow(videos,plugin://plugin.video.youtube/channel/mine/playlists/?category_label=%d7%a8%d7%a9%d7%99%d7%9e%d7%95%d7%aa%20%d7%94%d7%a9%d7%9e%d7%a2%d7%94)"/>
			<param name="label2" value="טלמדיה סרטים"/>
			<param name="onclick2" value="ActivateWindow(videos,plugin://plugin.video.telemedia/?data=%20&amp;dates=%20&amp;description=%d7%a7%d7%91%d7%95%d7%a6%d7%95%d7%aa%20%d7%9e%d7%99%d7%93%d7%a2%20%d7%9e%d7%9c%d7%90%20%d7%a0%d7%91%d7%97%d7%a8%d7%95%d7%aa&amp;eng_name=%20&amp;episode=%20&amp;fanart=https%3a%2f%2fimg.wonderhowto.com%2fimg%2f66%2f20%2f63525837196216%2f0%2fhack-like-pro-pivot-from-victim-system-own-every-computer-network.1280x600.jpg&amp;fav_status=false&amp;groups_id=0&amp;heb_name=%20&amp;iconimage=special%3a%2f%2fhome%2faddons%2fplugin.video.telemedia%2ftele%2finfo.png&amp;id=%20&amp;image_master&amp;isr=0&amp;last_id&amp;mode=33&amp;name=%5bCOLOR%20gold%5d%d7%a7%d7%91%d7%95%d7%a6%d7%95%d7%aa%20%d7%9e%d7%99%d7%93%d7%a2%20%d7%9e%d7%9c%d7%90%20%d7%a0%d7%91%d7%97%d7%a8%d7%95%d7%aa%5b%2fCOLOR%5d&amp;next_page=0&amp;original_title=%20&amp;season=%20&amp;show_original_year=%20&amp;tmdbid=%20&amp;url=www)"/>
			<param name="label3" value="חפש סרט בטלמדיה"/>
			<param name="onclick3" value="ActivateWindow(videos,plugin://plugin.video.telemedia/?data=%20&amp;dates=%20&amp;description=Tmdb&amp;eng_name=%20&amp;episode=%20&amp;fanart=http%3a%2f%2fwww.videomotion.co.il%2fwp-content%2fuploads%2fwhatwedo-Pic-small.jpg&amp;fav_status=false&amp;groups_id=0&amp;heb_name=%20&amp;iconimage=special%3a%2f%2fhome%2faddons%2fplugin.video.telemedia%2ftele%2fMovies%2fmovie_search.png&amp;id=%20&amp;image_master&amp;isr=0&amp;last_id&amp;mode=14&amp;name=%d7%97%d7%a4%d7%a9%20%d7%a1%d7%a8%d7%98&amp;next_page=0&amp;original_title=%20&amp;season=%20&amp;show_original_year=%20&amp;tmdbid=%20&amp;url=http%3a%2f%2fapi.themoviedb.org%2f3%2fsearch%2fmovie%3fapi_key%3db370b60447737762ca38457bd77579b3%26query%3d%25s%26language%3dhe%26append_to_response%3dorigin_country%26page%3d1)"/>
			<param name="label4" value="חפש ביוטיוב"/>
			<param name="onclick4" value="ActivateWindow(videos,plugin://plugin.video.youtube/kodion/search/list/?category_label=%d7%97%d7%99%d7%a4%d7%95%d7%a9)"/>
			<param name="Mainlabel" value="אקסטרה"/>
			<param name="onright" value="5004"/>
			<param name="onleft" value="5002"/>
		</include>

		<include content="MenuListHome">
			<param name="id" value="5004"/>
			<param name="label1" value="מועדפים"/>
			<param name="onclick1" value="ActivateWindow(favouritesbrowser)"/>
			<param name="label2" value="עדכון מהיר"/>
			<param name="onclick2" value="PlayMedia(plugin://plugin.program.kodirealdebridisraelwizard/?mode=install&amp;action=quick_update&amp;name=%D7%A7%D7%95%D7%93%D7%99+%D7%A8%D7%99%D7%9C+%D7%93%D7%91%D7%A8%D7%99%D7%93+%D7%99%D7%A9%D7%A8%D7%90%D7%9C&amp;auto_quick_update=false)"/>
			<param name="label3" value="הפעל ריל דבריד"/>
			<param name="onclick3" value="RunPlugin(plugin://plugin.video.twilight/?mode=auth_accounts_choice&service=realdebrid&active=rd_active&isFolder=false)"/>
			<param name="label4" value="צא מהקודי"/>
			<param name="onclick4" value="RunScript(&quot;plugin.close.kodi&quot;)"/>
			<param name="color" value="ffad1e4e"/>
			<param name="Mainlabel" value="הגדרות / כללי"/>
			<param name="onright" value="false"/>
			<param name="onleft" value="5003"/>
		</include>

		</control>
	</control>



<control type="label">
	<top>96%</top>
	<align>right</align>
	<right>20</right>
	<left>0</left>
	<bottom>0</bottom>
	<font>font27_title</font>
	<label>$VAR[TopBarMenuKey]</label>
</control>

</controls>
</window>
