<?xml version="1.0" encoding="UTF-8"?>
<window>
	<defaultcontrol always="true">9000</defaultcontrol>
	<backgroundcolor>background</backgroundcolor>
	<onload>RunScript(script.skinshortcuts,type=buildxml&amp;mainmenuID=9000)</onload>
	<controls>

		<include>DefaultBackground</include>
		
		<control type="image">
			<top>885</top>
			<width>500</width>
			<height>320</height>
			<texture>logos/mysignature.png</texture>
		</control>
		<include content="BusyListSpinner">
			<param name="list_id" value="9002"/>
			<param name="top" value="350"/>
			<param name="left" value="850"/>
		</include>
	
		<control type="group">
		<animation type="WindowOpen">
			<effect type="slide" start="-20,0" end="0,0" time="350" tween="sine" easing="inout"/>
			<effect type="fade" start="55" end="100" time="350"/>
		</animation>
		<animation type="WindowClose">
			<effect type="slide" start="0,0" end="-20,0" time="350" tween="sine" easing="inout"/>
			<effect type="fade" start="100" end="55" time="350"/>
		</animation>
		<top>800</top>
		<height>200</height>
			<control type="image">
				<left>-150</left>
				<top>0</top>
				<width>2220</width>
				<height>113</height>
				<texture border="0,6,0,6">HomeBack.png</texture>
			</control>
			<control type="image">
				<left>0</left>
				<top>8</top>
				<width>1920</width>
				<height>9</height>
				<texture>HomeOverlay1.png</texture>
			</control>			
		<control type="wraplist" id="9000">
		<!-- <onup>499944</onup> -->
		<onup>9002</onup>
		<!-- <include>OpenClose_FadeSlide_Onup</include> -->
		<orientation>horizontal</orientation>
		<scrolltime tween="cubic">500</scrolltime>
		<focusposition>2</focusposition>
		<!-- <onleft>ActivateWindow(1326)</onleft> -->
		<onclick>Control.SetFocus(9001)</onclick>
		<ondown>Control.SetFocus(9001)</ondown>
		<itemlayout width="392" height="113">
		<control type="image">
			<width>1</width>
			<texture>HomeSeperator.png</texture>
		</control>
		<control type="label">
			<align>center</align>
			<aligny>center</aligny>
			<font>font52_title</font>
			<textcolor>white</textcolor>
			<label>$INFO[ListItem.Label]</label>
		</control>
		</itemlayout>
		<focusedlayout width="392" height="113">
		<control type="image">
			<width>1</width>
			<texture>HomeSeperator.png</texture>
		</control>
		<control type="label">
			<aligny>center</aligny>
			<align>center</align>
			<font>font52_title</font>
			<label>$INFO[ListItem.Label]</label>
			<textcolor>$INFO[Skin.String(backgroundtextmenuscolor)]</textcolor>
			<visible>Control.HasFocus(9000)</visible>
		</control>
		<control type="label">
			<aligny>center</aligny>
			<align>center</align>
			<font>font52_title</font>
			<label>$INFO[ListItem.Label]</label>
			<textcolor>white</textcolor>
			<visible>!Control.HasFocus(9000)</visible>
		</control>
		</focusedlayout>
		<content><include>skinshortcuts-mainmenu</include></content>
		</control>
		</control>
		
		<control type="group">
		<animation type="WindowOpen">
			<effect type="slide" start="20,0" end="0,0" time="350" tween="sine" easing="inout"/>
			<effect type="fade" start="55" end="100" time="350"/>
		</animation>
		<animation type="WindowClose">
			<effect type="slide" start="0,0" end="20,0" time="350" tween="sine" easing="inout"/>
			<effect type="fade" start="100" end="55" time="350"/>
		</animation>
		<top>920</top>
		<height>200</height>
			<control type="image">
				<left>-150</left>
				<top>0</top>
				<width>2220</width>
				<height>83</height>
				<texture border="0,2,0,2">HomeBack.png</texture>
			</control>
			<control type="image">
				<left>0</left>
				<top>8</top>
				<width>1920</width>
				<height>9</height>
				<texture>HomeOverlay1.png</texture>
			</control>	
		<control type="wraplist" id="9001">
		<onup>9000</onup>
		<!-- <ondown>ActivateWindow(1326)</ondown> -->
		<!-- <ondown>ActivateWindow(1330)</ondown> -->
		<ondown>600007</ondown>
		<!-- <include>OpenClose_FadeSlide_Onup</include> -->
		<orientation>horizontal</orientation>
		<scrolltime tween="cubic">500</scrolltime>
		<focusposition>2</focusposition>
		<itemlayout width="392" height="83">
		<control type="label">
			<align>center</align>
			<aligny>center</aligny>
			<textcolor>white</textcolor>
			<font>font32</font>
			<label>$INFO[ListItem.Label]</label>
		</control>
		<control type="image">
			<width>1</width>
			<texture>HomeSeperator.png</texture>
		</control>
		</itemlayout>
		<focusedlayout width="392" height="83">
		<control type="image">
			<width>1</width>
			<texture>HomeSeperator.png</texture>
		</control>
		<control type="label">
			<aligny>center</aligny>
			<align>center</align>
			<label>$INFO[ListItem.Label]</label>
			<textcolor>white</textcolor>
			<font>font32</font>
			<visible>!Control.HasFocus(9001)</visible>
		</control>		
		<control type="label">
			<aligny>center</aligny>
			<align>center</align>
			<label>$INFO[ListItem.Label]</label>
			<textcolor>$INFO[Skin.String(backgroundtextmenuscolor)]</textcolor>
			<font>font32</font>
			<visible>Control.HasFocus(9001)</visible>
		</control>

		</focusedlayout>
		<content><include>skinshortcuts-submenu</include></content>
		</control>
		</control>
		
		<control type="group">
		<top>0</top>
		<control type="grouplist" id="600007">
		<scrolltime tween="cubic">550</scrolltime>
		<top>1004</top>
		<orientation>horizontal</orientation>
		<itemgap>30</itemgap>
		<align>right</align>
		<right>20</right>
		<left>720</left>
		<onup>9001</onup>
		<onback>9000</onback>
		<onleft>false</onleft>
		<onright>false</onright>
		<control type="radiobutton" id="1111">
		<include content="OSDButtonGlobal">
			<param name="texture" value="osd/fullscreen/buttons/previous.png"/>
			</include>
			<onclick>PlayerControl(previous)</onclick>
			<visible>[Integer.IsGreater(Playlist.Length(music),0) |  Integer.IsGreater(Playlist.Length(video),0)]</visible>
		</control>
		<control type="radiobutton" id="1112">
			<include content="OSDButtonGlobal">
				<param name="texture" value="osd/fullscreen/buttons/play.png"/>
			</include>
			<onclick>PlayerControl(play)</onclick>
			<visible>Player.Paused</visible>
			<visible>Player.HasMedia</visible>
		</control>
		<control type="radiobutton" id="1113">
			<include content="OSDButtonGlobal">
			<param name="texture" value="osd/fullscreen/buttons/pause.png"/>
			</include>
			<onclick>PlayerControl(play)</onclick>
			<visible>!Player.Paused</visible>
			<visible>Player.HasMedia</visible>
		</control>
		<control type="radiobutton" id="1114">
			<include content="OSDButtonGlobal">
			<param name="texture" value="osd/fullscreen/buttons/stop.png"/>
			</include>
			<onclick condition="!Integer.IsEqual(Playlist.Length(music),0) | !Integer.IsEqual(Playlist.Length(video),0)">Playlist.Clear</onclick>
			<onclick>PlayerControl(stop)</onclick>
			<visible>Player.HasMedia</visible>		
		</control>
		<control type="radiobutton" id="1115">
			<include content="OSDButtonGlobal">
			<param name="texture" value="osd/noanimate.png"/>
			<param name="radioposx" value="0.1"/>
			</include>
			<onclick condition="!Integer.IsEqual(Playlist.Length(music),0) | !Integer.IsEqual(Playlist.Length(video),0)">Playlist.Clear</onclick>
			<onclick>FullScreen</onclick>
			<visible>Player.HasMedia</visible>	
		</control>	
		<control type="radiobutton" id="1116">
			<include content="OSDButtonGlobal">
			<param name="texture" value="osd/fullscreen/buttons/playlist.png"/>
			</include>
			<onclick condition="!Integer.IsEqual(Playlist.Length(video),0) + Skin.HasSetting(advancedplaylist) + Player.HasVideo">ActivateWindow(1200)</onclick>
			<onclick condition="!Integer.IsEqual(Playlist.Length(music),0) + Skin.HasSetting(advancedplaylist) +  Player.HasAudio">ActivateWindow(1197)</onclick>
			<onclick condition="!Integer.IsEqual(Playlist.Length(video),0)">ActivateWindow(videoplaylist)</onclick>
			<onclick condition="!Integer.IsEqual(Playlist.Length(music),0)">ActivateWindow(musicplaylist)</onclick>
			<visible>[Integer.IsGreater(Playlist.Length(music),0) |  Integer.IsGreater(Playlist.Length(video),0)]</visible>
		</control>	
		<control type="radiobutton" id="1117">
			<include content="OSDButtonGlobal">
			<param name="texture" value="osd/fullscreen/buttons/guide.png"/>
			</include>
			<onclick>ActivateWindow(pvrchannelguide)</onclick>
			<visible>VideoPlayer.HasEpg + Player.HasVideo</visible>
		</control>	
		<control type="radiobutton" id="1118">
			<include content="OSDButtonGlobal">
			<param name="texture" value="osd/fullscreen/buttons/information.png"/>
			</include>
			<onclick condition="Player.HasVideo">SetProperty(MiniTextViewer_Title,$ESCINFO[VideoPlayer.Title],home)</onclick>
			<onclick condition="Player.HasVideo">SetProperty(MiniTextViewer_Plot,$ESCINFO[VideoPlayer.Plot],home)</onclick>
			<onclick condition="Player.HasAudio">SetProperty(MiniTextViewer_Title,$ESCINFO[MusicPlayer.Title],home)</onclick>
			<onclick condition="Player.HasAudio">SetProperty(MiniTextViewer_Plot,$ESCINFO[MusicPlayer.comment],home)</onclick>
			<onclick>ActivateWindow(1323)</onclick>
			<visible>!String.IsEmpty(VideoPlayer.Plot) | !String.IsEmpty(MusicPlayer.Comment) + Player.HasMedia</visible>
		</control>
		<control type="radiobutton" id="1119">
			<include content="OSDButtonGlobal">
			<param name="texture" value="osd/fullscreen/buttons/settings.png"/>
			<param name="radioposx" value="0.4"/>
			</include>
			<onclick>ActivateWindow(1181)</onclick>
		</control>	
		<control type="radiobutton" id="1120">
			<include content="OSDButtonGlobal">
			<param name="radiowidth" value="45"/>
			<param name="radiowheight" value="45"/>
			<param name="radioposx" value="13"/>
			<param name="texture" value="icons/favourites.png"/>
			</include>
			<onclick>ActivateWindow(favouritesbrowser)</onclick>
		</control>
		<control type="radiobutton" id="1121">
			<include content="OSDButtonGlobal">
			<param name="radiowidth" value="45"/>
			<param name="radiowheight" value="45"/>
			<param name="radioposx" value="12"/>
			<param name="texture" value="icons/search.png"/>
			</include>
			<onclick>ActivateWindow(1315)</onclick>
		</control>
		<control type="radiobutton" id="1122">
			<include content="OSDButtonGlobal">
			<param name="texture" value="osd/fullscreen/buttons/guide.png"/>
			</include>
			<onclick>ActivateWindow(1318)</onclick>
		</control>	
		<control type="radiobutton" id="1126">
			<include content="OSDButtonGlobal">
			<param name="texture" value="osd/fullscreen/buttons/next.png"/>
			</include>
			<onclick>PlayerControl(next)</onclick>
			<visible>[Integer.IsGreater(Playlist.Length(music),0) |  Integer.IsGreater(Playlist.Length(video),0)]</visible>
			<visible>Player.HasMedia</visible>
		</control>
		</control>
		</control>
		
		<!-- <include content="BackgroundPlayedInfo"> -->
		<!-- <param name="label">VideoPlayer.Title</param><param name="label2">VideoPlayer.Genre</param><param name="visible">Window.IsActive(home) + Player.HasVideo</param><param name="top">160</param> -->
		<!-- </include> -->
		
				
	<control type="group">
	<top>25</top>
	<animation effect="fade" start="0" end="100" time="250">VisibleChange</animation>
	<visible>Control.HasFocus(499944)</visible>
		<control type="image">
		<width>280</width>
		<height>380</height>
		<!-- <animation condition="true" effect="fade" start="100" end="35" time="0">Conditional</animation> -->
		<texture colordiffuse="$INFO[Skin.String(backgroundchannelsmenuscolor)]" border="24">colors/white.png</texture>
		<bordertexture colordiffuse="black" border="24" infill="true" background="true">shadows/shadow-24.png</bordertexture>
		<bordersize>24</bordersize>
	</control>
	<control type="image">
		<left>55</left>
		<top>50</top>
		<width>165</width>
		<height>180</height>
		<texture>$INFO[Container(499944).ListItem.Icon]</texture>
	</control>
	<control type="image">
		<left>55</left>
		<top>50</top>
		<width>165</width>
		<height>180</height>
		<texture>$INFO[Container(499944).ListItem.Property(newsize)]</texture>
	</control>
	<control type="label">
		<top>300</top>
		<width>280</width>
		<align>center</align>
		<height>40</height>
		<label>$INFO[Container(499944).ListItem.Label]</label>
	</control>
	</control>
	
	<control type="group">
	<left>0</left>
	<top>427</top>
	<width>1450</width>
	<visible allowhiddenfocus="true">Control.HasFocus(499944)</visible>
	<animation effect="fade" start="0" end="100" time="350">VisibleChange</animation>
	<control type="image">
		<left>-150</left>
		<top>0</top>
		<width>1260</width>
		<height>83</height>
		<texture border="0,2,0,2">HomeBack.png</texture>
	</control>
	<control type="image">
		<left>-150</left>
		<top>8</top>
		<width>1360</width>
		<height>4</height>
		<texture>HomeOverlay1.png</texture>
	</control>	
	<control type="list" id="499944">
	<top>-20</top>
	<left>-30</left>
	<orientation>horizontal</orientation>
	<ondown>9000</ondown>
	<movement>4</movement>
	<focusposition>2</focusposition>
	<onleft>false</onleft>
	<onright>false</onright>
	<onup>Control.SetFocus(600007)</onup>
	<scrolltime tween="cubic">550</scrolltime>
	<itemlayout width="95" height="45">
	<control type="group">
	<width>35</width>
		<control type="image">
			<height>95</height>
			<width>1</width>
			<texture>HomeSeperator.png</texture>
		</control>
	<control type="image">
		<left>42</left>
		<top>50</top>
		<width>30</width>
		<height>30</height>
		<texture>$INFO[ListItem.Icon]</texture>
	</control>
	<control type="image">
		<left>24</left>
		<top>45</top>
		<width>40</width>
		<height>40</height>
		<texture>$INFO[ListItem.Property(newsize)]</texture>
	</control>
	</control>
	</itemlayout>
	<focusedlayout width="95" height="45">
	<control type="group">
	<width>35</width>
		<control type="image">
			<height>95</height>
			<width>1</width>
			<texture>HomeSeperator.png</texture>
		</control>
	<control type="image">
		<left>42</left>
		<top>50</top>
		<width>30</width>
		<height>30</height>
		<texture>$INFO[ListItem.Icon]</texture>
		<visible>!Control.HasFocus(499944)</visible>
	</control>
	<control type="image">
		<left>24</left>
		<top>45</top>
		<width>40</width>
		<height>40</height>
		<texture>$INFO[ListItem.Property(newsize)]</texture>
		<visible>!Control.HasFocus(499944)</visible>
	</control>
	<control type="image">
		<left>42</left>
		<top>50</top>
		<width>30</width>
		<height>30</height>
		<texture colordiffuse="$INFO[Skin.String(backgroundtextmenuscolor)]">$INFO[ListItem.Icon]</texture>
		<visible>Control.HasFocus(499944)</visible>
	</control>
	<control type="image">
		<left>24</left>
		<top>45</top>
		<width>40</width>
		<height>40</height>
		<texture colordiffuse="$INFO[Skin.String(backgroundtextmenuscolor)]">$INFO[ListItem.Property(newsize)]</texture>
		<visible>Control.HasFocus(499944)</visible>
	</control>
	</control>
	</focusedlayout>
	<content>
	<item id="1">
		<label>ערוץ הקומדיה</label>
		<icon>https://www.iconsdb.com/icons/preview/white/comedy-xxl.png</icon>
		<onclick>RunPlugin(plugin://plugin.video.myplaylist/?action=play_all&amp;category=comedyil)</onclick>
	</item>
	<item id="2">
		<icon>https://www.iconsdb.com/icons/preview/white/bread-xxl.png</icon>
		<label>ערוץ האוכל</label>
		<onclick>RunPlugin(plugin://plugin.video.myplaylist/?action=play_all&amp;category=foodil)</onclick>
	</item>
	<item id="3">
		<icon>https://i.imgur.com/hsC0iRt.png</icon>
		<label>ערוץ כללי</label>
		<onclick>RunPlugin(plugin://plugin.video.myplaylist/?action=play_all&amp;category=general)</onclick>
	</item>
	<item id="4">
		<property name="newsize">https://i.postimg.cc/qgHTWRz2/smurf.png</property>
		<label>ערוץ הדרדסים</label>
		<onclick>RunPlugin(plugin://plugin.video.myplaylist/?action=play_all&amp;category=smurfdubil)</onclick>
	</item>	
	<item id="5">
		<property name="newsize">https://i.postimg.cc/PqKc9HxP/create-a-white-logo.png</property>
		<label>ערוץ הנופש</label>
		<onclick>PlayMedia("plugin://plugin.video.idanplus/?name=%5BB%5D%D7%A2%D7%A8%D7%95%D7%A5+%D7%94%D7%A0%D7%95%D7%A4%D7%A9%5B%2FB%5D&amp;url=13nofesh&amp;mode=4&amp;iconimage=C%253A%255CUsers%255CNetag%255CAppData%255CRoaming%255CKodi%255Caddons%255Cplugin.video.idanplus%255Cresources%255Cimages%255C13nofesh.jpg&amp;module=reshet&amp;moredata=best")</onclick>
	</item>
	<item id="6">
		<property name="newsize">https://i.postimg.cc/YSmRfwW5/create-a-white-logo.png</property>
		<label>ערוץ הריאליטי</label>
		<onclick>PlayMedia("plugin://plugin.video.idanplus/?name=%5BB%5D%D7%A2%D7%A8%D7%95%D7%A5+%D7%94%D7%A8%D7%99%D7%90%D7%9C%D7%99%D7%98%D7%99%5B%2FB%5D&amp;url=13reality&amp;mode=4&amp;iconimage=C%253A%255CUsers%255CNetag%255CAppData%255CRoaming%255CKodi%255Caddons%255Cplugin.video.idanplus%255Cresources%255Cimages%255C13reality.jpg&amp;module=reshet&amp;moredata=best")</onclick>
	</item>
	<item id="7">
		<property name="newsize">https://i.imgur.com/KEkVdeg.png</property>
		<label>כאן 11</label>
		<onclick>PlayMedia("https://kan11w.media.kan.org.il/hls/live/2105694/2105694/source1_4k/chunklist.m3u8")</onclick>
	</item>	
	<item id="8">
		<property name="newsize">https://i.imgur.com/WissbNr.png</property>
		<label>קשת 12</label>
		<onclick>PlayMedia("special://skin/playlists/dd.m3u8")</onclick>
	</item>	
	<item id="9">
		<property name="newsize">https://i.imgur.com/ZYEMhW6.png</property>
		<label>רשת 13</label>
		<onclick>PlayMedia("https://d198ztbnlup2iq.cloudfront.net/out/v1/2d9050c90fb94df8b78d1d98306a1a65/index_3.m3u8")</onclick>
	</item>	
	<item id="10">
		<property name="newsize">https://i.imgur.com/Khb3h9u.png</property>
		<label>עכשיו 14</label>
		<onclick>PlayMedia("https://n-121-4.il.cdn-redge.media/livehls/oil/ch14/live/ch14/live.livx/playlist.m3u8?bitrate=1928000&audioId=1&videoId=8")</onclick>
	</item>	
	<item id="11">
		<property name="newsize">https://i.imgur.com/2eozC5s.png</property>
		<label>חדשות i24</label>
		<onclick>PlayMedia("https://bcovlive-a.akamaihd.net/d89ede8094c741b7924120b27764153c/eu-central-1/5377161796001/profile_0/chunklist.m3u8")</onclick>
	</item>	
	<item id="12">
		<property name="newsize">https://i.imgur.com/sTAe7QM.png</property>
		<label>חינוכית 23</label>
		<onclick>PlayMedia("https://kan23.media.kan.org.il/hls/live/2024691/2024691/source1_4k/chunklist.m3u8")</onclick>
	</item>
	</content>
	</control>
	</control>
	
			<!-- fake button -->
			<control type="button" id="4449">
				<posx>2000</posx>
				<posy>-10</posy>
				<width>1</width>
				<height>1</height>
				<label>-</label>
				<texturefocus>-</texturefocus>
				<texturenofocus>-</texturenofocus>
				<ondown>9000</ondown>
				<onright>Control.Move(9002,1)</onright>
				<onleft>Control.Move(9002,-1)</onleft>
				<onclick>down</onclick>
				<onclick>select</onclick>
				<onback>9002</onback>
			</control>
			
			<!-- widget info -->
			<control type="group">
				<posx>0</posx>
				<posy>-40</posy>
				<!-- <animation effect="fade" start="0" end="100" time="300" delay="600">Visible</animation> -->
				<!-- <animation effect="slide" start="100" end="0" time="300" delay="0" condition="Control.HasFocus(4449)">Hidden</animation> -->
				<!-- <animation effect="slide" start="0,400" end="0,0" time="400" delay="1000" tween="cubic" easing="inout">Visible</animation> -->

				<!-- clear logo -->
				<control type="image">
					<top>300</top>
					<left>1450</left>
					<height>120</height>
					<width>420</width>
					<aspectratio scalediffuse="true">keep</aspectratio>
					<texture colordiffuse="75FFFFFF">$INFO[ListItem.Art(clearart)]</texture>
				</control>
						
				<!-- <control type="grouplist"> -->
				<!-- <orientation>horizontal</orientation> -->
				<!-- <top>92</top> -->
				<!-- <align>right</align> -->
				<!-- <right>-905</right> -->
				<!-- <itemgap>0</itemgap> -->
				<!-- <animation effect="fade" start="0" end="100" delay="150" time="350">VisibleChange</animation> -->
				<!-- <control type="group"> -->
				<!-- <visible>Integer.IsLess(Container(9002).ListItem.Rating,9.8) + !Integer.IsLess(Container(9002).ListItem.Rating,8.1)</visible> -->
				<!-- <height>50</height> -->
				<!-- <width>1000</width> -->
				<!-- <control type="image"> -->
					<!-- <width max="25">25</width> -->
					<!-- <height mas="25">25</height> -->
					<!-- <texture>https://www.iconsdb.com/icons/preview/white/rating-xxl.png</texture> -->
				<!-- </control> -->
				<!-- <control type="label"> -->
					<!-- <top>-12</top> -->
					<!-- <left>-410</left> -->
					<!-- <width max="500">500</width> -->
					<!-- <height max="40">40</height> -->
					<!-- <align>left</align> -->
					<!-- <label>דירוג ממש גבוה מומלץ מאוד לצפיה</label> -->
				<!-- </control> -->
				<!-- </control> -->
				<!-- <control type="group"> -->
				<!-- <visible>Integer.IsLess(Container(9002).ListItem.Rating,8.0) + !Integer.IsLess(Container(9002).ListItem.Rating,7.0)</visible> -->
				<!-- <height>50</height> -->
				<!-- <width>1000</width> -->
				<!-- <control type="image"> -->
					<!-- <width max="25">25</width> -->
					<!-- <height mas="25">25</height> -->
					<!-- <texture>https://www.iconsdb.com/icons/preview/white/rating-xxl.png</texture> -->
				<!-- </control> -->
				<!-- <control type="label"> -->
					<!-- <top>-12</top> -->
					<!-- <left>-350</left> -->
					<!-- <width max="400">400</width> -->
					<!-- <height max="40">40</height> -->
					<!-- <align>left</align> -->
					<!-- <label>דירוג צפייה גבוה מומלץ לצפיה</label> -->
				<!-- </control> -->
				<!-- </control> -->
				<!-- <control type="group"> -->
				<!-- <visible>Integer.IsLess(Container(9002).ListItem.Rating,7.0) + !Integer.IsLess(Container(9002).ListItem.Rating,6.0)</visible> -->
				<!-- <height>50</height> -->
				<!-- <width>1000</width> -->
				<!-- <control type="image"> -->
					<!-- <width max="25">25</width> -->
					<!-- <height mas="25">25</height> -->
					<!-- <texture>https://www.iconsdb.com/icons/preview/white/rating-xxl.png</texture> -->
				<!-- </control> -->
				<!-- <control type="label"> -->
					<!-- <top>-12</top> -->
					<!-- <left>-350</left> -->
					<!-- <width max="400">400</width> -->
					<!-- <height max="40">40</height> -->
					<!-- <align>left</align> -->
					<!-- <label>דירוג בינוני ממליץ מאוד לצפות</label> -->
				<!-- </control> -->
				<!-- </control> -->
			<!-- <control type="group"> -->
				<!-- <visible>Integer.IsLess(Container(9002).ListItem.Rating,6.0) + !Integer.IsLess(Container(9002).ListItem.Rating,3.0)</visible> -->
				<!-- <height>50</height> -->
				<!-- <width>1000</width> -->
				<!-- <control type="image"> -->
					<!-- <width max="25">25</width> -->
					<!-- <height mas="25">25</height> -->
					<!-- <texture>https://www.iconsdb.com/icons/preview/white/rating-xxl.png</texture> -->
				<!-- </control> -->
				<!-- <control type="label"> -->
					<!-- <top>-12</top> -->
					<!-- <left>-460</left> -->
					<!-- <width max="500">500</width> -->
					<!-- <height max="40">40</height> -->
					<!-- <align>left</align> -->
					<!-- <label>דירוג ממש נמוך לא מומלץ כל כך לצפיה</label> -->
				<!-- </control> -->
				<!-- </control> -->
				<!-- </control> -->
				
				<control type="grouplist">
					<align>right</align>
					<top>35</top>
					<right>10</right>
					<left>20</left>
					<itemgap>10</itemgap>
					<height max="80">auto</height>
					<right>20</right>
					<orientation>horizontal</orientation>
				<control type="label">
					<width max="50">50</width>
					<height max="50">auto</height>
					<description>Plot Title</description>
					<font>font32</font>
					<align>right</align>
					<label>$INFO[Container(9002).ListItem.Rating]</label>
					<visible>!String.IsEmpty(Container(9002).ListItem.Rating)</visible>
				</control>
				<control type="label">
					<description>Plot Title</description>
					<width max="235">235</width>
					<height max="50">auto</height>
					<font>font32</font>
					<align>right</align>
					<label>$INFO[Container(9002).ListItem.Property(TotalEpisodes), סה"כ פרקים (,) ]</label>
					<visible>!String.IsEmpty(Container(9002).ListItem.Property(TotalEpisodes)</visible>
					<visible>String.IsEqual(Container(9002).ListItem.DBTYPE,tvshow)</visible>
				</control>
				<control type="label">
					<description>Plot Title</description>
					<width max="200">200</width>
					<height max="50">auto</height>
					<font>font32</font>
					<align>right</align>
					<label>$INFO[Container(9002).ListItem.Property(TotalSeasons), סה"כ עונות (,) ]</label>
					<visible>!String.IsEmpty(Container(9002).ListItem.Property(TotalSeasons)</visible>
					<visible>String.IsEqual(Container(9002).ListItem.DBTYPE,tvshow)</visible>
				</control>
				</control>

				<control type="grouplist">
					<align>left</align>
					<top>80</top>
					<left>600</left>
					<height max="335">auto</height>
					<right>20</right>
					<orientation>vertical</orientation>
					<control type="label">
					<visible>!String.IsEmpty(Container(9002).ListItem.Label)</visible>
					<font>font45_title</font>
					<height max="60">auto</height>
					<label>$INFO[Container(9002).ListItem.Label] $INFO[Container(9002).ListItem.Year, (,)]</label>
					</control>
				<!-- rating stars -->
					<control type="image">
						<description>Video rez Image</description>
						<width>255</width>
						<height>35</height>
						<aspectratio align="left">keep</aspectratio>
						<texture colordiffuse="deepskyblue">flags3/stars/$INFO[Container(9002).ListItem.Rating].png</texture>
						<visible>!String.IsEmpty(Container(9002).ListItem.Rating)</visible>
					</control>
					<control type="label">
						<height max="50">auto</height>
						<font>font37</font>
						<label>$INFO[Container(9002).ListItem.Studio] [COLOR deepskyblue]-[/COLOR] $INFO[Container(9002).ListItem.Genre]</label>
						<visible>!String.IsEmpty(Container(9002).ListItem.Genre) + String.IsEqual(Container(9002).ListItem.DBTYPE,tvshow)</visible>
					</control>
					<control type="label">
						<height max="45">auto</height>
						<font>font37</font>
						<label>$INFO[Container(9002).ListItem.Genre]</label>
						<visible>!String.IsEqual(Container(9002).ListItem.DBTYPE,tvshow)</visible>
					</control>
				<control type="textbox">
					<visible>!String.IsEmpty(Container(9002).ListItem.Plot)</visible>
					<font>font37</font>
					<height max="250">auto</height>
					<label>$INFO[Container(9002).ListItem.Plot]</label>
					</control>
				</control>
				
				<control type="label">
					<posx>25</posx>
					<posy>40</posy>
					<width>550</width>
					<height>30</height>
					<font>font32</font>
					<align>center</align>
					<label>$INFO[Container(9002).ListItem.Premiered, תאריך שחרור (,)]</label>
					<visible>!String.IsEmpty(Container(9002).ListItem.Premiered</visible>
					<visible>String.IsEqual(Container(9002).ListItem.DBTYPE,tvshow) | String.IsEqual(Container(9002).ListItem.DBTYPE,movie)</visible>
				</control>


			<control type="image">
				<top>91</top>
				<left>30</left>
				<right>2</right>
				<bottom>2</bottom>
				<width>555</width>
				<height>328</height>
				<animation condition="true" effect="fade" start="100" end="85" time="0">Conditional</animation>
				<texture border="3" background="true" infill="true" colordiffuse="FF181818">masks/box.png</texture>
			</control>
			<control type="image">
				<top>91</top>
				<left>30</left>
				<right>0</right>
				<bottom>0</bottom>
				<width>555</width>
				<height>328</height>
				<texture border="8" background="true" infill="true" colordiffuse="gray">masks/box21.png</texture>
			</control>
				<!-- Fanart -->
			<control type="image">
				<description>Fanart</description>
				<posx>32</posx>
				<posy>95</posy>
				<width>550</width>
				<height>320</height>
				<aspectratio>keep</aspectratio>
				<texture background="true">$INFO[Container(9002).ListItem.Art(landscape)]</texture>
				<fadetime>300</fadetime>
				<animation effect="fade" start="100" end="90" time="300" condition="true">Conditional</animation>
			</control>	
				<!-- fanrt fallback -->
			<control type="image">
				<description>Fanart</description>
				<posx>32</posx>
				<posy>95</posy>
				<width>550</width>
				<height>320</height>
				<aspectratio>keep</aspectratio>
				<texture background="true" fallback="$INFO[Container(9002).ListItem.Icon]">$INFO[Container(9002).ListItem.Art(fanart)]</texture>
				<fadetime>300</fadetime>
				<animation effect="fade" start="100" end="90" time="300" condition="true">Conditional</animation>
				<visible>String.IsEmpty(Container(9002).ListItem.Art(landscape)</visible>
			</control>			
			</control>

					<!-- rating -->

	
	<include>skinshortcuts-template-widget</include>
	
</controls>
</window>
