<?xml version="1.0" encoding="UTF-8"?>
<window>
	<defaultcontrol always="true">9000</defaultcontrol>
	<backgroundcolor>background</backgroundcolor>
	<onload>RunScript(script.skinshortcuts,type=buildxml&amp;mainmenuID=9000)</onload>
	<!-- <onload condition="!Skin.HasSetting(firsttimerun)">ActivateWindow(1112)</onload> -->
	<!-- <onload condition="Skin.HasSetting(firsttimerun)">RunScript(script.fentastic.helper,mode=check_for_update&amp;skin_id=skin.fentastic)</onload> -->
	<!-- <onload>RunScript(script.fentastic.helper,mode=check_for_profile_change&amp;skin_id=skin.fentastic)</onload> -->
	<!-- <onload condition="String.IsEmpty(Window(Home).Property(fentastic.starting_widgets))">RunScript(script.fentastic.helper,mode=starting_widgets)</onload> -->
	<!-- <onload condition="String.IsEmpty(Window(Home).Property(fentastic.starting_widgets))">SetProperty(fentastic.starting_widgets,true)</onload> -->
    <!-- <onload>Skin.SetString(TMDbHelper.MonitorContainer,99950)</onload> -->
	<!-- <onload>Skin.SetBool(TMDbHelper.Service)</onload> -->
	<include>Animation_DialogPopupOpenCloseVisible</include>
	<controls>
		<control type="group">
		<include content="newdefaultbackground">
			<param name="setrange" value="bgrange800"/>
			<param name="colordiffuse" value="false"/>
			<param name="visible" value="false"/>
			<param name="imagepath" value="special://skin/extras/backgrounds/bg1.jpg"/>
		</include>
		<control type="image">
			<width>100%</width>
			<height>100%</height>
			<!-- <bordertexture border="8">colors/white.png</bordertexture> -->
			<!-- <bordersize>8</bordersize> -->
			<texture colordiffuse="black">colors/white.png</texture>
		</control>
		</control>		
		<control type="image">
			<texture colordiffuse="85FFFFFF">colors/white.png</texture>
		</control>
		<control type="image">
			<top>10%</top>
			<width>100%</width>
			<height>69.6%</height>
			<texture colordiffuse="$INFO[Skin.String(maincolorbackground)]">colors/white.png</texture>
		</control>
		<control type="image">
			<width>100%</width>
			<height>9.5%</height>
			<texture colordiffuse="$INFO[Skin.String(maincolorbackground)]">colors/white.png</texture>
		</control>
		<control type="image">
			<width>100%</width>
			<height>9.5%</height>
			<texture colordiffuse="$INFO[Skin.String(maincolorbackgroundtop)]">colors/white.png</texture>
		</control>
		
		<control type="image">
			<left>33%</left>
			<top>10%</top>
			<width>64%</width>
			<height>69.6%</height>
			<texture colordiffuse="98181818">colors/white.png</texture>
		</control>

		<control type="group">
			<control type="label">
				<top>2%</top>
				<left>3%</left>
				<width>250</width>
				<font>font45_title</font>
				<label>תפריט ראשי</label>
		</control>
			<control type="label">
				<top>2%</top>
				<left>34%</left>
				<width>250</width>
				<font>font45_title</font>
				<label>תת תפריט</label>
			</control>
		</control>
		<control type="list" id="9000">
				<top>11%</top>
				<left>52</left>
				<width>572</width>
				<height>740</height>
				<onright condition="String.IsEqual(Container(9000).ListItem.Label,מועדפים)">9002</onright>
				<onright>9001</onright>
				<onleft condition="Player.HasMedia">Control.SetFocus(9003)</onleft>
				<onup condition="Player.HasMedia">50994</onup>
				<onup condition="!Player.HasVideo">false</onup>
				<ondown>false</ondown>
				<onclick>Control.SetFocus(9001)</onclick>
				<orientation>vertical</orientation>
				<viewtype label="535">list</viewtype>
				<preloaditems>2</preloaditems>
				<pagecontrol>260</pagecontrol>
				<itemlayout width="540" height="80">
					<control type="image">
						<posx>0</posx>
						<posy>0</posy>
						<width>80</width>
						<height>80</height>
						<texture background="true" fallback="DefaultShortcut.png">$INFO[ListItem.Icon]</texture>
					</control>
					<control type="label">
						<posx>85</posx>
						<posy>0</posy>
						<width>445</width>
						<label>$INFO[ListItem.Label]</label>
						<font>font37</font>
						<textcolor>white</textcolor>
						<selectedcolor>FF4DBAFF</selectedcolor>
						<aligny>center</aligny>
					</control>
				</itemlayout>
				<focusedlayout width="540" height="80">
					<control type="image">
						<include>FocusBounce</include>
						<animation condition="!Control.HasFocus(9000)" effect="fade" start="100" end="50" time="150">Conditional</animation>
						<top>4</top>
						<bottom>4</bottom>
						<texture colordiffuse="$INFO[Skin.String(mainmenufocus)]">masks/focus.png</texture>
					</control>
					<control type="image">
						<posx>0</posx>
						<posy>0</posy>
						<width>80</width>
						<height>80</height>
						<texture background="true" fallback="DefaultShortcut.png">$INFO[ListItem.Icon]</texture>
					</control>
					<control type="label">
						<posx>85</posx>
						<width>445</width>
						<label>$INFO[ListItem.Label]</label>
						<font>font37</font>
						<textcolor>white</textcolor>
						<selectedcolor>FF4DBAFF</selectedcolor>
						<aligny>center</aligny>
					</control>
				</focusedlayout>
				<content>
					<include>skinshortcuts-mainmenu</include>
				</content>
			</control>
	
	
			<control type="list" id="9001">
				<top>11%</top>
				<left>648</left>
				<width>1200</width>
				<height>740</height>
				<!-- <onright>9882</onright> -->
				<onright condition="Player.HasMedia">9003</onright>
				<onright condition="!Player.HasMedia">9882</onright>
				<onleft>9000</onleft>
				<onup>false</onup>
				<onback>9000</onback>
				<ondown>false</ondown>
				<movement>5</movement>
				<orientation>vertical</orientation>
				<viewtype label="535">list</viewtype>
				<preloaditems>2</preloaditems>
				<pagecontrol>9882</pagecontrol>
				<scrolltime tween="tween" easing="inout">250</scrolltime>
				<itemlayout width="1200" height="80">
					<control type="image">
						<top>80</top>
						<height>1</height>
						<texture colordiffuse="50FFFFFF">colors/white.png</texture>
					</control>
					<control type="label">
						<posx>5</posx>
						<posy>0</posy>
						<label>$INFO[ListItem.Label]</label>
						<font>font37</font>
						<textcolor>white</textcolor>
						<selectedcolor>FF4DBAFF</selectedcolor>
						<aligny>center</aligny>
					</control>
				</itemlayout>
				<focusedlayout width="1200" height="80">
					<control type="image">
						<top>4</top>
						<bottom>4</bottom>
						<visible>Control.HasFocus(9001)</visible>
						<texture colordiffuse="$INFO[Skin.String(mainmenufocus)]">masks/focus-long.png</texture>
					</control>
				<control type="image">
				<top>80</top>
					<height>1</height>
					<texture colordiffuse="50FFFFFF">masks/focus-PVR.png</texture>
				</control>
					<control type="label">
						<posx>5</posx>
						<posy>0</posy>
						<label>$INFO[ListItem.Label]</label>
						<font>font37</font>
						<textcolor>white</textcolor>
						<selectedcolor>FF4DBAFF</selectedcolor>
						<aligny>center</aligny>
					</control>
				</focusedlayout>
				<content>
					<include>skinshortcuts-submenu</include>
				</content>
			</control>
			
			<control type="list" id="9002">
			<visible>String.IsEqual(Container(9000).ListItem.Label,מועדפים)</visible>
				<top>11%</top>
				<left>648</left>
				<width>1200</width>
				<height>740</height>
				<onright>9882</onright>
				<onleft>9000</onleft>
				<onup>false</onup>
				<onback>9000</onback>
				<ondown>false</ondown>
				<movement>5</movement>
				<orientation>vertical</orientation>
				<viewtype label="535">list</viewtype>
				<preloaditems>2</preloaditems>
				<pagecontrol>9882</pagecontrol>
				<scrolltime tween="tween" easing="inout">250</scrolltime>
				<itemlayout width="1200" height="80">
				<control type="image">
					<top>80</top>
					<height>1</height>
					<texture colordiffuse="50FFFFFF">colors/white.png</texture>
				</control>
				<control type="image">
					<posy>8</posy>
					<left>15</left>
					<width>65</width>
					<height>65</height>
					<bordertexture colordiffuse="black">colors/white.png</bordertexture>
					<bordersize>2</bordersize>
					<texture>$INFO[ListItem.Icon]</texture>
				</control>
				<control type="label">
					<posx>95</posx>
					<posy>0</posy>
					<label>$INFO[ListItem.Label]</label>
					<font>font37</font>
					<textcolor>white</textcolor>
					<selectedcolor>FF4DBAFF</selectedcolor>
					<aligny>center</aligny>
				</control>
				</itemlayout>
				<focusedlayout width="1200" height="80">
				<control type="image">
					<top>4</top>
					<bottom>4</bottom>
					<visible>Control.HasFocus(9002)</visible>
					<texture colordiffuse="$INFO[Skin.String(mainmenufocus)]">masks/focus-long.png</texture>
				</control>
				<control type="image">
					<top>80</top>
					<height>1</height>
					<texture colordiffuse="50FFFFFF">masks/focus-PVR.png</texture>
				</control>
				<control type="image">
					<posy>8</posy>
					<left>15</left>
					<width>65</width>
					<height>65</height>
					<bordertexture colordiffuse="black">colors/white.png</bordertexture>
					<bordersize>2</bordersize>
					<texture>$INFO[ListItem.Icon]</texture>
				</control>
				<control type="label">
					<posx>95</posx>
					<posy>0</posy>
					<label>$INFO[ListItem.Label]</label>
					<font>font37</font>
					<textcolor>white</textcolor>
					<selectedcolor>FF4DBAFF</selectedcolor>
					<aligny>center</aligny>
				</control>
				</focusedlayout>
				<content>favourites://</content>
			</control>
			<control type="group">
			<include content="ScrollbarGlobal">
				<param name="left" value="1895"/>
				<param name="top" value="350"/>
				<param name="id" value="9882"/>
				<param name="onback" value="9001"/>
				<param name="onleft" value="9001"/>
				<param name="visible" value="!Player.HasMedia"/>
			</include>
			</control>

			<include>HomePlayingBackground</include>
			
			<control type="visualisation" id="2">
				<left>80%</left>
				<top>80%</top>
				<height>20%</height>
				<width>20%</width>
				<visible>Player.HasAudio | String.IsEmpty(VideoPlayer.Plot)</visible>
			</control>
			
			<control type="group">
			<visible>!Player.HasMedia</visible>
				<top>85%</top>
				<control type="label">
					<font>font45_title</font>
					<align>center</align>
					<label>$INFO[System.Time]</label>
				</control>
				<control type="label">
					<top>50</top>
					<align>center</align>
					<font>font45</font>
					<label>$INFO[System.Date]</label>
				</control>
			</control>

			<control type="group">
			<visible>Player.HasMedia</visible>
				<top>-10</top>
				<right>60</right>
				<control type="label">
					<font>font45_title</font>
					<align>right</align>
					<label>$INFO[System.Time]</label>
				</control>
				<control type="label">
					<top>50</top>
					<align>right</align>
					<font>font45</font>
					<label>$INFO[System.Date]</label>
				</control>
			</control>
			
			<control type="fixedlist" id="9003">
				<visible>Player.HasMedia</visible>
				<left>97.5%</left>
				<top>1.5%</top>
				<onback>9001</onback>
				<onleft>9001</onleft>
				<ondown>false</ondown>
				<onup>false</onup>
				<onright>false</onright>
				<focusposition>8</focusposition>
				<movement>8</movement>
				<width>100%</width>
				<orientation>vertical</orientation>
				<itemlayout width="55" height="55">
					<control type="image">
						<width>40</width>
						<height>40</height>
						<texture>common/circle2.png</texture>
					</control>
					<control type="image">
						<width>40</width>
						<height>40</height>
						<texture colordiffuse="black">$INFO[ListItem.Icon]</texture>
					</control>
				</itemlayout>
				<focusedlayout width="55" height="55">
					<control type="image">
						<width>40</width>
						<height>40</height>
						<texture>common/circle2.png</texture>
					</control>
				<control type="image">
						<width>40</width>
						<height>40</height>
						<texture colordiffuse="$INFO[Skin.String(mainmenufocus)]">common/circle2.png</texture>
						<include>FocusBounce</include>
						<visible>Control.HasFocus(9003)</visible>
					</control>
					<control type="image">
						<width>40</width>
						<height>40</height>
						<texture colordiffuse="white">$INFO[ListItem.Icon]</texture>
						<visible>Control.HasFocus(9003)</visible>
					</control>
					<control type="image">
						<width>40</width>
						<height>40</height>
						<texture colordiffuse="black">$INFO[ListItem.Icon]</texture>
						<visible>!Control.HasFocus(9003)</visible>
					</control>
				</focusedlayout>
				<content>
				<item>
				<icon>osd/fullscreen/buttons/previous.png</icon>
				<onclick>PlayerControl(previous)</onclick>
				<visible>Integer.IsGreater(Playlist.Length(music),0) + Integer.IsGreater(Container(9003).NumItems,1)</visible>
				</item>
				<item>
				<icon>osd/fullscreen/buttons/play.png</icon>
				<onclick>PlayerControl(play)</onclick>
				<visible>Player.Paused</visible>
				</item>
				<item>
				<icon>osd/fullscreen/buttons/pause.png</icon>
				<onclick>PlayerControl(play)</onclick>
				<visible>!Player.Paused</visible>
				</item>
				<item>
				<icon>osd/fullscreen/buttons/stop.png</icon>
				<onclick>PlayerControl(stop)</onclick>
				</item>
				<item>
				<icon>icons/now-playing/fullscreen.png</icon>
				<onclick>FullScreen</onclick>
				</item>
				<item>
				<icon>osd/fullscreen/buttons/playlist.png</icon>
				<onclick>ActivateWindow(musicplaylist)</onclick>
				<visible>Integer.IsGreater(Playlist.Length(music),0)</visible>
				</item>	
				<item>
				<icon>osd/fullscreen/buttons/next.png</icon>
				<onclick>PlayerControl(next)</onclick>
				<visible>Integer.IsGreater(Playlist.Length(music),0) + Integer.IsGreater(Container(9003).NumItems,1)</visible>
				</item>
				</content>
			</control>
			
			<control type="group">
			<visible>!Player.HasMedia</visible>
			<top>82%</top>
			<left>3%</left>
			<width>180</width>
			<height>180</height>
			<control type="image">
				<left>0</left>
				<right>0</right>
				<top>0</top>
				<bottom>0</bottom>
				<texture colordiffuse="50FFFFFF">colors/white.png</texture>
			</control>
			<control type="image">
				<left>2</left>
				<right>2</right>
				<top>2</top>
				<bottom>2</bottom>
				<texture colordiffuse="black">colors/white.png</texture>
			</control>
			<control type="image">
				<left>4</left>
				<right>4</right>
				<top>4</top>
				<bottom>4</bottom>
				<bordertexture colordiffuse="$INFO[Skin.String(maincolorbackground)]">colors/white.png</bordertexture>
				<texture fallback="fallbacks/fallback1.jpg">$INFO[ListItem.Icon]</texture>
			</control>
		</control>
		
		<control type="label">
			<visible>!Player.HasMedia</visible>
			<align>right</align>
			<top>3%</top>
			<right>65</right>
			<font>font37</font>
			<label>Version [COLOR burlywood]1.0[/COLOR]</label>
		</control>

				
</controls>
</window>
