<?xml version="1.0" encoding="UTF-8"?>
<window>
	<defaultcontrol>9000</defaultcontrol>
	<backgroundcolor>background</backgroundcolor>
	<onload condition="!Skin.HasSetting(firsttimerun)">ActivateWindow(1112)</onload>
	<onload condition="Skin.HasSetting(firsttimerun)">RunScript(script.fentastic.helper,mode=check_for_update&amp;skin_id=skin.fentastic)</onload>
	<onload>RunScript(script.fentastic.helper,mode=check_for_profile_change&amp;skin_id=skin.fentastic)</onload>
	<onload condition="String.IsEmpty(Window(Home).Property(fentastic.starting_widgets))">RunScript(script.fentastic.helper,mode=starting_widgets)</onload>
	<onload condition="String.IsEmpty(Window(Home).Property(fentastic.starting_widgets))">SetProperty(fentastic.starting_widgets,true)</onload>
    <onload>Skin.SetString(TMDbHelper.MonitorContainer,99950)</onload>
	<onload>Skin.SetBool(TMDbHelper.Service)</onload>
	<controls>
		<control type="button" id="20000">
			<include>HiddenObject</include>
			<animation effect="fade" time="300" start="100" end="0">Focus</animation>
			<onfocus>SetFocus(2000)</onfocus>
			<onclick>noop</onclick>
			<onup>9000</onup>
			<visible allowhiddenfocus="true">Control.HasFocus(20000)</visible>
		</control>
		<control type="button" id="20001">
			<include>HiddenObject</include>
			<animation effect="fade" time="300" start="100" end="0">Focus</animation>
			<onfocus>SetFocus(2000)</onfocus>
			<onclick>noop</onclick>
			<onup>9000</onup>
			<visible allowhiddenfocus="true">Control.HasFocus(20001)</visible>
		</control>
		<control type="VideoWindow">
		<left>-2000</left>
		<top>-2000</top>
		<width>1</width>
		<height>1</height>
		</control>
		<control type="group">
		<visible>Skin.HasSetting(homebackground)</visible>
		<control type="image">
			<top>0</top>
			<left>0</left>
			<width>100%</width>
			<height>100%</height>
			<texture>$INFO[ListItem.Art(fanart)]</texture>
			<fadetime>250</fadetime>
			<colordiffuse>10FFFFFF</colordiffuse>
		</control>
			<control type="image">
				<top>0</top>
				<left>0</left>
				<width>100%</width>
				<height>100%</height>
				<texture>$INFO[Skin.String(SetHomeBackground)]</texture>
				<colordiffuse>$INFO[Skin.String(backgroundfade)]</colordiffuse>
			</control>
		</control>
		
		<!-- TODO Implement auto-trailers -->
		<control type="group">
			<animation effect="fade" start="100" end="0" time="200" tween="sine" condition="$EXP[infodialog_active]">Conditional</animation>
			<!-- WIDGETS GROUP -->
			<height>1080</height>
			<control type="group" id="2000">
				<left>-25</left>
				<top>-35</top>
				<animation type="Conditional" condition="Control.IsVisible(20000)" reversible="false">
					<effect type="slide" end="0,220" time="60" tween="sine" />
					<effect type="slide" end="0,-220" time="180" tween="sine" delay="80" />
				</animation>
				<animation type="Conditional" condition="Control.IsVisible(20001)" reversible="false">
					<effect type="slide" end="0,-220" time="60" tween="sine" />
					<effect type="slide" end="0,220" time="180" tween="sine" delay="80" />
				</animation>
				<include>OpenClose_Right</include>
				<!-- ReuseLangInvoker ON Crashes fix -->
				<control type="group" id="27000">
					<visible>false</visible>
					<include content="Visible_Right_Delayed">
						<param name="id" value="addons"/>
					</include>
					<control type="grouplist" id="27001">
						<include>WidgetGroupListCommon</include>
						<pagecontrol>27010</pagecontrol>
						<include content="WidgetListSquare">
							<param name="content_path" value="addons://sources/video/"/>
							<param name="widget_header" value="$LOCALIZE[1037]"/>
							<param name="widget_target" value="videos"/>
							<param name="sortby" value="lastused"/>
							<param name="sortorder" value="descending"/>
							<param name="list_id" value="27100"/>
							<param name="fallback_icon" value="DefaultAddon.png"/>
						</include>
						<include content="WidgetListSquare">
							<param name="content_path" value="addons://sources/executable/"/>
							<param name="widget_header" value="$LOCALIZE[1043]"/>
							<param name="widget_target" value="programs"/>
							<param name="sortby" value="lastused"/>
							<param name="sortorder" value="descending"/>
							<param name="list_id" value="27300"/>
							<param name="fallback_icon" value="DefaultAddon.png"/>
						</include>
					</control>
				</control>
				<!-- MOVIES -->
				<control type="group" id="19000">
					<visible>String.IsEqual(Container(9000).ListItem.Property(id),movies)</visible>
					<include content="Visible_Right_Delayed">
						<param name="id" value="movies"/>
					</include>
					<control type="grouplist" id="19001">
						<include>WidgetGroupListCommon</include>
						<pagecontrol>19099</pagecontrol>
						<include content="MovieWidgets" condition="!Skin.HasSetting(HomeMenuNoMoviesButton)" />
					</control>
					<include content="WidgetScrollbar" condition="Skin.HasSetting(touchmode)">
						<param name="scrollbar_id" value="19099"/>
					</include>
				</control>
				<!-- TV SHOWS -->
				<control type="group" id="22000">
					<visible>String.IsEqual(Container(9000).ListItem.Property(id),tvshows)</visible>
					<include content="Visible_Right_Delayed">
						<param name="id" value="tvshows"/>
					</include>
					<control type="grouplist" id="22001">
						<include>WidgetGroupListCommon</include>
						<pagecontrol>22099</pagecontrol>
						<include content="TVShowWidgets" condition="!Skin.HasSetting(HomeMenuNoTVShowsButton)" />
					</control>
					<include content="WidgetScrollbar" condition="Skin.HasSetting(touchmode)">
						<param name="scrollbar_id" value="22099"/>
					</include>
				</control>
				<!-- IDAN PLUS -->
				<control type="group" id="25000">
					<visible>String.IsEqual(Container(9000).ListItem.Property(id),idanplus)</visible>
					<include content="Visible_Right_Delayed">
						<param name="id" value="idanplus"/>
					</include>
					<control type="grouplist" id="25001">
						<include>WidgetGroupListCommon</include>
						<pagecontrol>25099</pagecontrol>
						<include content="IdanPlusWidgets" condition="!Skin.HasSetting(HomeMenuNoIdanPlusButton)" />
					</control>
					<include content="WidgetScrollbar" condition="Skin.HasSetting(touchmode)">
						<param name="scrollbar_id" value="25099"/>
					</include>
				</control>				
				<control type="group" id="7000">
					<visible>String.IsEqual(Container(9000).ListItem.Property(id),music)</visible>
					<include content="Visible_Right_Delayed">
						<param name="id" value="music"/>
					</include>
					<control type="grouplist" id="7001">
						<include>WidgetGroupListCommon</include>
						<pagecontrol>7010</pagecontrol>
						<include content="WidgetListCategory" condition="Library.HasContent(music) + !Skin.HasSetting(home_no_categories_widget)">
							<param name="content_path" value="library://music/"/>
							<param name="widget_header" value="$LOCALIZE[31148]"/>
							<param name="widget_target" value="music"/>
							<param name="list_id" value="7900"/>
						</include>
						<include content="WidgetListSquare" condition="Library.HasContent(music)">
							<param name="content_path" value="musicdb://recentlyplayedalbums"/>
							<param name="widget_header" value="$LOCALIZE[517]"/>
							<param name="widget_target" value="music"/>
							<param name="list_id" value="7100"/>
							<param name="fallback_icon" value="DefaultMusicAlbums.png"/>
							<param name="onclick_condition" value="true"/>
							<param name="onclick_action" value="$VAR[AlbumOnClickActionVar]"/>
						</include>
						<include content="WidgetListSquare" condition="Library.HasContent(music)">
							<param name="content_path" value="musicdb://recentlyaddedalbums/"/>
							<param name="widget_header" value="$LOCALIZE[359]"/>
							<param name="widget_target" value="music"/>
							<param name="list_id" value="7200"/>
							<param name="fallback_icon" value="DefaultMusicAlbums.png"/>
							<param name="onclick_condition" value="true"/>
							<param name="onclick_action" value="$VAR[AlbumOnClickActionVar]"/>
						</include>
						<include content="WidgetListSquare" condition="Library.HasContent(music)">
							<param name="content_path" value="special://skin/playlists/random_albums.xsp"/>
							<param name="widget_header" value="$LOCALIZE[31012]"/>
							<param name="widget_target" value="music"/>
							<param name="list_id" value="7300"/>
							<param name="fallback_icon" value="DefaultMusicAlbums.png"/>
							<param name="onclick_condition" value="true"/>
							<param name="onclick_action" value="$VAR[AlbumOnClickActionVar]"/>
						</include>
						<include content="WidgetListSquare" condition="Library.HasContent(music)">
							<param name="content_path" value="special://skin/playlists/random_artists.xsp"/>
							<param name="widget_header" value="$LOCALIZE[31013]"/>
							<param name="widget_target" value="music"/>
							<param name="list_id" value="7400"/>
							<param name="fallback_icon" value="DefaultMusicArtists.png"/>
						</include>
						<include content="WidgetListSquare" condition="Library.HasContent(music)">
							<param name="content_path" value="special://skin/playlists/unplayed_albums.xsp"/>
							<param name="widget_header" value="$LOCALIZE[31014]"/>
							<param name="widget_target" value="music"/>
							<param name="list_id" value="7500"/>
							<param name="fallback_icon" value="DefaultMusicAlbums.png"/>
							<param name="onclick_condition" value="true"/>
							<param name="onclick_action" value="$VAR[AlbumOnClickActionVar]"/>
						</include>
						<include content="WidgetListSquare" condition="Library.HasContent(music)">
							<param name="content_path" value="special://skin/playlists/mostplayed_albums.xsp"/>
							<param name="widget_header" value="$LOCALIZE[31011]"/>
							<param name="widget_target" value="music"/>
							<param name="list_id" value="7600"/>
							<param name="fallback_icon" value="DefaultMusicAlbums.png"/>
							<param name="sortby" value="playcount"/>
							<param name="sortorder" value="descending"/>
							<param name="onclick_condition" value="true"/>
							<param name="onclick_action" value="$VAR[AlbumOnClickActionVar]"/>
						</include>
					</control>
					<include content="ImageWidget" condition="!Library.HasContent(music)">
						<param name="left">50</param>
						<param name="text_label" value="$LOCALIZE[31104]" />
						<param name="button_label" value="$LOCALIZE[31110]" />
						<param name="button_onclick" value="ActivateWindow(music,files)"/>
						<param name="button_id" value="7600"/>
						<param name="button2_onclick" value="Skin.SetBool(HomeMenuNoMusicButton)"/>
					</include>
					<include content="WidgetScrollbar" condition="Skin.HasSetting(touchmode)">
						<param name="scrollbar_id" value="7010"/>
					</include>
				</control>
				<control type="group" id="8000">
					<visible>String.IsEqual(Container(9000).ListItem.Property(id),addons)</visible>
					<include content="Visible_Right_Delayed">
						<param name="id" value="addons"/>
					</include>
					<control type="grouplist" id="8001">
						<include>WidgetGroupListCommon</include>
						<pagecontrol>8010</pagecontrol>
						<include content="WidgetListCategory" condition="!Skin.HasSetting(home_no_categories_widget)" >
							<param name="content_path" value="addons://"/>
							<param name="widget_header" value="$LOCALIZE[31148]"/>
							<param name="widget_target" value="addonbrowser"/>
							<param name="list_id" value="8900"/>
							<param name="visible" value="Integer.IsGreater(Container(8100).NumItems,0) | Integer.IsGreater(Container(8200).NumItems,0) | Integer.IsGreater(Container(8300).NumItems,0) | Integer.IsGreater(Container(8400).NumItems,0) | Integer.IsGreater(Container(8500).NumItems,0) | Integer.IsGreater(Container(8700).NumItems,0)"/>
						</include>
						<include content="WidgetListSquare">
							<param name="content_path" value="addons://sources/video/"/>
							<param name="widget_header" value="$LOCALIZE[1037]"/>
							<param name="widget_target" value="videos"/>
							<param name="sortby" value="lastused"/>
							<param name="sortorder" value="descending"/>
							<param name="list_id" value="8100"/>
							<param name="fallback_icon" value="DefaultAddon.png"/>
						</include>
						<include content="WidgetListSquare">
							<param name="content_path" value="addons://sources/audio/"/>
							<param name="widget_header" value="$LOCALIZE[1038]"/>
							<param name="widget_target" value="music"/>
							<param name="sortby" value="lastused"/>
							<param name="sortorder" value="descending"/>
							<param name="list_id" value="8200"/>
							<param name="fallback_icon" value="DefaultAddon.png"/>
						</include>
						<include content="WidgetListSquare">
							<param name="content_path" value="addons://sources/game/"/>
							<param name="widget_header" value="$LOCALIZE[35049]"/>
							<param name="widget_target" value="games"/>
							<param name="sortby" value="lastused"/>
							<param name="sortorder" value="descending"/>
							<param name="list_id" value="8700"/>
							<param name="fallback_icon" value="DefaultAddonGame.png"/>
							<param name="visible" value="System.GetBool(gamesgeneral.enable)"/>
						</include>
						<include content="WidgetListSquare">
							<param name="content_path" value="addons://sources/executable/"/>
							<param name="widget_header" value="$LOCALIZE[1043]"/>
							<param name="widget_target" value="programs"/>
							<param name="sortby" value="lastused"/>
							<param name="sortorder" value="descending"/>
							<param name="list_id" value="8300"/>
							<param name="fallback_icon" value="DefaultAddon.png"/>
						</include>
						<include content="WidgetListSquare" condition="System.Platform.Android">
							<param name="content_path" value="androidapp://sources/apps/"/>
							<param name="widget_header" value="$LOCALIZE[20244]"/>
							<param name="widget_target" value="programs"/>
							<param name="sortby" value="lastused"/>
							<param name="sortorder" value="descending"/>
							<param name="list_id" value="8400"/>
							<param name="fallback_icon" value="DefaultAddon.png"/>
						</include>
						<include content="WidgetListSquare">
							<param name="content_path" value="addons://sources/image/"/>
							<param name="widget_header" value="$LOCALIZE[1039]"/>
							<param name="widget_target" value="pictures"/>
							<param name="sortby" value="lastused"/>
							<param name="sortorder" value="descending"/>
							<param name="list_id" value="8500"/>
						</include>
					</control>
					<include content="ImageWidget">
						<param name="text_label" value="$LOCALIZE[31119]" />
						<param name="left">50</param>
						<param name="button_label" value="$LOCALIZE[31118]" />
						<param name="button_onclick" value="ActivateWindow(addonbrowser)"/>
						<param name="button_id" value="8600"/>
						<param name="visible" value="!Integer.IsGreater(Container(8001).NumItems,0)"/>
						<param name="button2_onclick" value="Skin.SetBool(HomeMenuNoProgramsButton)"/>
					</include>
					<include content="WidgetScrollbar" condition="Skin.HasSetting(touchmode)">
						<param name="scrollbar_id" value="8010"/>
					</include>
				</control>

				<control type="group" id="11000">
					<visible>String.IsEqual(Container(9000).ListItem.Property(id),video)</visible>
					<include content="Visible_Right_Delayed">
						<param name="id" value="video"/>
					</include>
					<control type="grouplist" id="11001">
						<include>WidgetGroupListCommon</include>
						<pagecontrol>11010</pagecontrol>
						<include content="WidgetListCategory">
							<param name="content_path" value="library://video/"/>
							<param name="widget_header" value="$LOCALIZE[31148]"/>
							<param name="widget_target" value="videos"/>
							<param name="list_id" value="11900"/>
						</include>
						<include content="WidgetListCategory">
							<param name="content_path" value="sources://video/"/>
							<param name="widget_header" value="$LOCALIZE[20094]"/>
							<param name="widget_target" value="videos"/>
							<param name="list_id" value="11100"/>
						</include>
						<include content="WidgetListCategory">
							<param name="content_path" value="special://videoplaylists/"/>
							<param name="widget_header" value="$LOCALIZE[136]"/>
							<param name="widget_target" value="videos"/>
							<param name="list_id" value="11200"/>
							<param name="icon" value="DefaultPlaylist.png"/>
						</include>
					</control>
					<include content="ImageWidget">
						<param name="text_label" value="$LOCALIZE[31105]" />
						<param name="left">50</param>
						<param name="button_label" value="$LOCALIZE[31110]" />
						<param name="button_onclick" value="ActivateWindow(videos,root)"/>
						<param name="button_id" value="11300"/>
						<param name="visible" value="!Integer.IsGreater(Container(11001).NumItems,0)"/>
						<param name="button2_onclick" value="Skin.SetBool(HomeMenuNoVideosButton)"/>
					</include>
					<include content="WidgetScrollbar" condition="Skin.HasSetting(touchmode)">
						<param name="scrollbar_id" value="11010"/>
					</include>
				</control>
				<control type="group" id="12000">
					<visible>String.IsEqual(Container(9000).ListItem.Property(id),livetv)</visible>
					<include content="Visible_Right_Delayed">
						<param name="id" value="livetv"/>
					</include>
					<control type="grouplist" id="12001">
						<include>WidgetGroupListCommon</include>
						<pagecontrol>12010</pagecontrol>
						<include content="WidgetListCategory" condition="System.HasPVRAddon + !Skin.HasSetting(home_no_categories_widget)">
							<param name="content_path" value="pvr://tv/"/>
							<param name="widget_header" value="$LOCALIZE[31148]"/>
							<param name="list_id" value="12900"/>
						</include>
						<include content="WidgetListPVR" condition="System.HasPVRAddon">
							<param name="content_path" value="pvr://channels/tv/*?view=lastplayed"/>
							<param name="sortby" value="lastplayed"/>
							<param name="sortorder" value="descending"/>
							<param name="widget_header" value="$LOCALIZE[31016]"/>
							<param name="item_limit" value="15"/>
							<param name="list_id" value="12200"/>
							<param name="info_update" value="5000"/>
						</include>
						<include content="WidgetListPVR" condition="System.HasPVRAddon">
							<param name="content_path" value="pvr://recordings/tv/active?view=flat"/>
							<param name="sortby" value="date"/>
							<param name="sortorder" value="descending"/>
							<param name="widget_header" value="$LOCALIZE[31015]"/>
							<param name="item_limit" value="15"/>
							<param name="list_id" value="12300"/>
							<param name="label" value="$INFO[ListItem.Title]$INFO[ListItem.Date, (,)]"/>
							<param name="label2" value="$VAR[SeasonEpisodeLabel]$INFO[ListItem.EpisodeName]"/>
						</include>
						<include content="WidgetListPVR" condition="System.HasPVRAddon">
							<param name="content_path" value="pvr://timers/tv/timers/?view=hidedisabled"/>
							<param name="sortorder" value="ascending"/>
							<param name="sortby" value="date"/>
							<param name="widget_header" value="$LOCALIZE[19040]"/>
							<param name="widget_target" value="tvtimers"/>
							<param name="item_limit" value="15"/>
							<param name="list_id" value="12400"/>
							<param name="label" value="$INFO[ListItem.Title]$INFO[ListItem.Date, (,)]"/>
							<param name="label2" value="$VAR[SeasonEpisodeLabel]$INFO[ListItem.EpisodeName]"/>
						</include>
						<include content="WidgetListPVR" condition="System.HasPVRAddon">
							<param name="content_path" value="pvr://channels/tv"/>
							<param name="widget_header" value="$LOCALIZE[19173]"/>
							<param name="widget_target" value="tvguide"/>
							<param name="list_id" value="12500"/>
							<param name="item_treshold" value="1"/>
						</include>
						<include content="WidgetListPVR" condition="System.HasPVRAddon">
							<param name="content_path" value="pvr://search/tv/savedsearches"/>
							<param name="sortorder" value="descending"/>
							<param name="sortby" value="date"/>
							<param name="widget_header" value="$LOCALIZE[19337]"/>
							<param name="widget_target" value="tvsearch"/>
							<param name="list_id" value="12600"/>
						</include>
					</control>
					<include content="ImageWidget" condition="!System.HasPVRAddon">
						<param name="left">50</param>
						<param name="text_label" value="$LOCALIZE[31143]" />
						<param name="button_label" value="$LOCALIZE[31144]" />
						<param name="button_onclick" value="ActivateWindow(addonbrowser,addons://default_binary_addons_source/kodi.pvrclient,return)"/>
						<param name="button_id" value="12400"/>
						<param name="button2_onclick" value="Skin.SetBool(HomeMenuNoTVButton)"/>
					</include>
					<include content="WidgetScrollbar" condition="Skin.HasSetting(touchmode)">
						<param name="scrollbar_id" value="12010"/>
					</include>
				</control>
				<control type="group" id="13000">
					<visible>String.IsEqual(Container(9000).ListItem.Property(id),radio)</visible>
					<include content="Visible_Right_Delayed">
						<param name="id" value="radio"/>
					</include>
					<control type="grouplist" id="13001">
						<include>WidgetGroupListCommon</include>
						<pagecontrol>13010</pagecontrol>
						<include content="WidgetListCategory" condition="System.HasPVRAddon">
							<param name="content_path" value="pvr://radio/"/>
							<param name="widget_header" value="$LOCALIZE[31148]"/>
							<param name="list_id" value="13900"/>
						</include>
						<include content="WidgetListPVR" condition="System.HasPVRAddon">
							<param name="content_path" value="pvr://channels/radio/*?view=lastplayed"/>
							<param name="sortby" value="lastplayed"/>
							<param name="sortorder" value="descending"/>
							<param name="widget_header" value="$LOCALIZE[31018]"/>
							<param name="item_limit" value="15"/>
							<param name="list_id" value="13200"/>
							<param name="info_update" value="5000"/>
						</include>
						<include content="WidgetListPVR" condition="System.HasPVRAddon">
							<param name="content_path" value="pvr://recordings/radio/active?view=flat"/>
							<param name="sortby" value="date"/>
							<param name="sortorder" value="descending"/>
							<param name="widget_header" value="$LOCALIZE[31015]"/>
							<param name="item_limit" value="15"/>
							<param name="list_id" value="13300"/>
							<param name="label" value="$INFO[ListItem.Title]$INFO[ListItem.Date, (,)]"/>
							<param name="label2" value="$VAR[SeasonEpisodeLabel]$INFO[ListItem.EpisodeName]"/>
						</include>
						<include content="WidgetListPVR" condition="System.HasPVRAddon">
							<param name="content_path" value="pvr://timers/radio/timers/?view=hidedisabled"/>
							<param name="sortorder" value="ascending"/>
							<param name="sortby" value="date"/>
							<param name="widget_header" value="$LOCALIZE[19040]"/>
							<param name="widget_target" value="radiotimers"/>
							<param name="item_limit" value="15"/>
							<param name="list_id" value="13400"/>
							<param name="label" value="$INFO[ListItem.Title]$INFO[ListItem.Date, (,)]"/>
							<param name="label2" value="$VAR[SeasonEpisodeLabel]$INFO[ListItem.EpisodeName]"/>
						</include>
						<include content="WidgetListPVR" condition="System.HasPVRAddon">
							<param name="content_path" value="pvr://channels/radio"/>
							<param name="widget_header" value="$LOCALIZE[19174]"/>
							<param name="widget_target" value="radioguide"/>
							<param name="list_id" value="13500"/>
							<param name="item_treshold" value="1"/>
						</include>
						<include content="WidgetListPVR" condition="System.HasPVRAddon">
							<param name="content_path" value="pvr://search/radio/savedsearches"/>
							<param name="sortorder" value="descending"/>
							<param name="sortby" value="date"/>
							<param name="widget_header" value="$LOCALIZE[19337]"/>
							<param name="widget_target" value="radiosearch"/>
							<param name="list_id" value="13600"/>
						</include>
					</control>
					<include content="ImageWidget" condition="!System.HasPVRAddon">
						<param name="text_label" value="$LOCALIZE[31143]" />
						<param name="left">50</param>
						<param name="button_label" value="$LOCALIZE[31144]" />
						<param name="button_onclick" value="ActivateWindow(addonbrowser,addons://default_binary_addons_source/kodi.pvrclient,return)"/>
						<param name="button_id" value="13400"/>
						<param name="button2_onclick" value="Skin.SetBool(HomeMenuNoRadioButton)"/>
					</include>
					<include content="WidgetScrollbar" condition="Skin.HasSetting(touchmode)">
						<param name="scrollbar_id" value="13010"/>
					</include>
				</control>

				<control type="group" id="15000">
					<visible>String.IsEqual(Container(9000).ListItem.Property(id),weather)</visible>
					<include content="Visible_Right_Delayed">
						<param name="id" value="weather"/>
					</include>
					<control type="grouplist" id="15001">
						<include>WidgetGroupListCommon</include>
						<pagecontrol>15010</pagecontrol>
						<control type="group" id="16678">
							<description>Weather info</description>
							<left>68</left>
							<right>70</right>
							<top>102</top>
							<height>360</height>
							<visible>!String.IsEmpty(Weather.plugin)</visible>
							<control type="image">
								<top>20</top>
								<left>20</left>
								<height>220</height>
								<bottom>90</bottom>
								<width>100%</width>
								<texture colordiffuse="button_focus2" border="21">masks/settingspanel-unfocused.png</texture>
							</control>
							<control type="label">
								<left>840</left>
								<top>60</top>
								<aligny>center</aligny>
								<height>24</height>
								<right>60</right>
								<align>right</align>
								<font>font30_title</font>
								<label>$INFO[Weather.Location]</label>
							</control>
							<control type="label">
								<left>840</left>
								<top>120</top>
								<aligny>center</aligny>
								<height>24</height>
								<right>60</right>
								<align>right</align>
								<font>font14</font>
								<label>$INFO[Weather.Conditions]</label>
							</control>
							<control type="label">
								<left>840</left>
								<top>180</top>
								<aligny>center</aligny>
								<height>24</height>
								<right>60</right>
								<align>right</align>
								<font>font14</font>
								<label>$INFO[Weather.Temperature]</label>
							</control>
							<control type="grouplist">
								<top>50</top>
								<left>50</left>
								<right>20</right>
								<orientation>horizontal</orientation>
								<align>left</align>
								<itemgap>-110</itemgap>
								<include content="WeatherIconHome" condition="!String.IsEmpty(Weather.Plugin)">
									<param name="label" value="Window(weather).Property(Current.Wind)" />
									<param name="texture" value="icons/weather/wind.png" />
									<param name="header" value="404" />
								</include>
								<include content="WeatherIconHome" condition="!String.IsEmpty(Weather.Plugin)">
									<param name="label" value="Window(weather).Property(Current.Humidity)" />
									<param name="texture" value="icons/weather/humidity.png" />
									<param name="header" value="406" />
								</include>
								<include content="WeatherIconHome" condition="!String.IsEmpty(Weather.Plugin)">
									<param name="label" value="Window(weather).Property(Current.Precipitation)" />
									<param name="texture" value="icons/weather/rain.png" />
									<param name="header" value="33021" />
								</include>
								<include content="WeatherIconHome" condition="!String.IsEmpty(Weather.Plugin)">
									<param name="label" value="Window(weather).Property(Today.Sunrise)" />
									<param name="texture" value="icons/weather/sunrise.png" />
									<param name="header" value="405" />
								</include>
								<include content="WeatherIconHome" condition="!String.IsEmpty(Weather.Plugin)">
									<param name="label" value="Window(weather).Property(Today.Sunset)" />
									<param name="texture" value="icons/weather/sunset.png" />
									<param name="header" value="403" />
								</include>
							</control>
						</control>
						<include content="WeatherWidget" condition="!String.IsEmpty(Weather.Plugin)">
							<param name="content_include" value="DailyItems" />
							<param name="list_id" value="15200" />
							<param name="widget_header" value="$LOCALIZE[31019]"/>
							<param name="visible" value="!String.IsEmpty(Window(weather).Property(Daily.IsFetched))" />
						</include>
						<include content="WeatherWidget" condition="!String.IsEmpty(Weather.Plugin)">
							<param name="content_include" value="HourlyItems" />
							<param name="list_id" value="15100" />
							<param name="widget_header" value="$LOCALIZE[33036]"/>
							<param name="visible" value="!String.IsEmpty(Window(weather).Property(Hourly.IsFetched))" />
						</include>
					</control>
					<include content="ImageWidget" condition="String.IsEmpty(Weather.plugin)">
						<param name="text_label" value="$LOCALIZE[31120]" />
						<param name="button_label" value="$LOCALIZE[31121]" />
						<param name="left">50</param>
						<param name="button_onclick" value="ActivateWindow(servicesettings,weather)"/>
						<param name="button_id" value="15300"/>
						<param name="button2_onclick" value="Skin.SetBool(HomeMenuNoWeatherButton)"/>
					</include>
					<include content="WidgetScrollbar" condition="Skin.HasSetting(touchmode)">
						<param name="scrollbar_id" value="15010"/>
					</include>
				</control>
				<control type="group" id="16000">
					<visible>String.IsEqual(Container(9000).ListItem.Property(id),musicvideos)</visible>
					<include content="Visible_Right_Delayed">
						<param name="id" value="musicvideos"/>
					</include>
					<control type="grouplist" id="16001">
						<pagecontrol>16010</pagecontrol>
						<include content="WidgetListCategory" condition="Library.HasContent(musicvideos) + !Skin.HasSetting(home_no_categories_widget)">
							<param name="content_path" value="library://video/musicvideos/"/>
							<param name="widget_header" value="$LOCALIZE[31148]"/>
							<param name="widget_target" value="videos"/>
							<param name="list_id" value="16900"/>
						</include>
						<include content="WidgetListEpisodes" condition="Library.HasContent(musicvideos) + !Skin.HasSetting(show_musicvideoposter)">
							<param name="content_path" value="videodb://recentlyaddedmusicvideos/"/>
							<param name="widget_header" value="$LOCALIZE[20390]"/>
							<param name="widget_target" value="videos"/>
							<param name="main_label" value="$INFO[ListItem.Label]" />
							<param name="sub_label" value="$INFO[ListItem.Artist]" />
							<param name="thumb_label" value="$INFO[ListItem.Year]" />
							<param name="fallback_image" value="DefaultMusicSongs.png" />
							<param name="list_id" value="16300"/>
						</include>
						<include content="WidgetListPoster" condition="Library.HasContent(musicvideos) + Skin.HasSetting(show_musicvideoposter)">
							<param name="content_path" value="videodb://recentlyaddedmusicvideos/"/>
							<param name="widget_header" value="$LOCALIZE[20390]"/>
							<param name="widget_target" value="videos"/>
							<param name="fallback_image" value="DefaultMusicSongs.png" />
							<param name="list_id" value="16300"/>
						</include>
						<include content="WidgetListEpisodes" condition="Library.HasContent(musicvideos) + !Skin.HasSetting(show_musicvideoposter)">
							<param name="content_path" value="special://skin/playlists/unwatched_musicvideos.xsp"/>
							<param name="widget_header" value="$LOCALIZE[31151]"/>
							<param name="widget_target" value="videos"/>
							<param name="main_label" value="$INFO[ListItem.Label]" />
							<param name="sub_label" value="$INFO[ListItem.Artist]" />
							<param name="thumb_label" value="$INFO[ListItem.Year]" />
							<param name="fallback_image" value="DefaultMusicSongs.png" />
							<param name="list_id" value="16400"/>
						</include>
						<include content="WidgetListPoster" condition="Library.HasContent(musicvideos) + Skin.HasSetting(show_musicvideoposter)">
							<param name="content_path" value="special://skin/playlists/unwatched_musicvideos.xsp"/>
							<param name="widget_header" value="$LOCALIZE[31151]"/>
							<param name="widget_target" value="videos"/>
							<param name="fallback_image" value="DefaultMusicSongs.png" />
							<param name="list_id" value="16400"/>
						</include>
						<include content="WidgetListSquare" condition="Library.HasContent(musicvideos)">
							<param name="content_path" value="special://skin/playlists/random_musicvideo_artists.xsp"/>
							<param name="widget_header" value="$LOCALIZE[31013]"/>
							<param name="widget_target" value="music"/>
							<param name="list_id" value="16200"/>
							<param name="widget_limit" value="10"/>
						</include>
						<include content="WidgetListEpisodes" condition="Library.HasContent(musicvideos) + !Skin.HasSetting(show_musicvideoposter)">
							<param name="content_path" value="special://skin/playlists/random_musicvideos.xsp"/>
							<param name="widget_header" value="$LOCALIZE[31152]"/>
							<param name="widget_target" value="videos"/>
							<param name="main_label" value="$INFO[ListItem.Label]" />
							<param name="sub_label" value="$INFO[ListItem.Artist]" />
							<param name="thumb_label" value="$INFO[ListItem.Year]" />
							<param name="fallback_image" value="DefaultMusicSongs.png" />
							<param name="list_id" value="16500"/>
						</include>
						<include content="WidgetListPoster" condition="Library.HasContent(musicvideos) + Skin.HasSetting(show_musicvideoposter)">
							<param name="content_path" value="special://skin/playlists/random_musicvideos.xsp"/>
							<param name="widget_header" value="$LOCALIZE[31152]"/>
							<param name="widget_target" value="videos"/>
							<param name="fallback_image" value="DefaultMusicSongs.png" />
							<param name="list_id" value="16500"/>
						</include>
						<include content="WidgetListCategory" condition="Library.HasContent(musicvideos)">
							<param name="content_path" value="videodb://musicvideos/studios/"/>
							<param name="widget_header" value="$LOCALIZE[20388]"/>
							<param name="widget_target" value="music"/>
							<param name="list_id" value="16600"/>
							<param name="icon" value="$VAR[WidgetStudioIconVar]"/>
							<param name="icon_height" value="70"/>
						</include>
					</control>
					<include content="ImageWidget" condition="!Library.HasContent(musicvideos)">
						<param name="text_label" value="$LOCALIZE[31104]" />
						<param name="left">50</param>
						<param name="button_label" value="$LOCALIZE[31110]" />
						<param name="button_onclick" value="ActivateWindow(videos,files,return)"/>
						<param name="button_id" value="16800"/>
						<param name="button2_onclick" value="Skin.SetBool(HomeMenuNoMusicVideoButton)"/>
					</include>
					<include content="WidgetScrollbar" condition="Skin.HasSetting(touchmode)">
						<param name="scrollbar_id" value="16010"/>
					</include>
				</control>
				<control type="group" id="4000">
					<visible>String.IsEqual(Container(9000).ListItem.Property(id),pictures)</visible>
					<include content="Visible_Right_Delayed">
						<param name="id" value="pictures"/>
					</include>
					<control type="grouplist" id="4001">
						<include>WidgetGroupListCommon</include>
						<include content="WidgetListCategory" condition="!Skin.HasSetting(HomeMenuNoPicturesButton)">
							<param name="content_path" value="sources://pictures/"/>
							<param name="widget_header" value="$LOCALIZE[20094]"/>
							<param name="widget_target" value="pictures"/>
							<param name="list_id" value="4100"/>
							<param name="icon_height" value="110"/>
						</include>
					</control>
				</control>
				<control type="group" id="17000">
					<visible>String.IsEqual(Container(9000).ListItem.Property(id),games)</visible>
					<include content="Visible_Right_Delayed">
						<param name="id" value="games"/>
					</include>
					<control type="grouplist" id="17001">
						<include>WidgetGroupListCommon</include>
						<pagecontrol>17010</pagecontrol>
						<include content="WidgetListSquare">
							<param name="content_path" value="addons://sources/game/"/>
							<param name="widget_header" value="$LOCALIZE[35049]"/>
							<param name="widget_target" value="games"/>
							<param name="sortby" value="lastused"/>
							<param name="sortorder" value="descending"/>
							<param name="list_id" value="17200"/>
							<param name="fallback_icon" value="DefaultAddonGame.png"/>
						</include>
					</control>
					<include content="ImageWidget">
						<param name="text_label" value="$LOCALIZE[31162]" />
						<param name="button_label" value="$LOCALIZE[31144]" />
						<param name="button_onclick" value="ActivateWindow(addonbrowser,addons://default_binary_addons_source/category.gameaddons,return)"/>
						<param name="button_id" value="17100"/>
						<param name="left">50</param>
						<param name="visible" value="!Integer.IsGreater(Container(17001).NumItems,0)"/>
						<param name="button2_onclick" value="Skin.SetBool(HomeMenuNoGamesButton)"/>
					</include>
					<include content="WidgetScrollbar" condition="Skin.HasSetting(touchmode)">
						<param name="scrollbar_id" value="17010"/>
					</include>
				</control>
				<control type="group" id="21000">
					<visible>String.IsEqual(Container(9000).ListItem.Property(id),disc)</visible>
					<include content="Visible_Right_Delayed">
						<param name="id" value="disc"/>
					</include>
					<include content="ImageWidget">
						<param name="text_label" value="$INFO[System.DVDLabel]" />
						<param name="left">50</param>
						<param name="button_label" value="$LOCALIZE[341]" />
						<param name="button_onclick" value="PlayDisc"/>
						<param name="button_id" value="21100"/>
						<param name="visible" value="true"/>
						<param name="button2_label" value="$LOCALIZE[13391]"/>
						<param name="button2_onclick" value="EjectTray()"/>
						<param name="button3_label" value="$LOCALIZE[600]"/>
						<param name="button3_onclick" value="RipCD"/>
						<param name="visible_3" value="System.HasMediaAudioCD"/>
					</include>
				</control>
			</control>
			<!--<include content="TopBar">
				<param name="breadcrumbs_label" value="" />
			</include>
			<!--<include>BottomBar</include>-->
			<control type="group">
				
				<include>OpenClose_Left</include>
				<control type="group">
				<control type="image">
					<!-- <left>15</left> -->
					<left>-100</left>
					<top>-18</top>
					<width>2500</width>
					<height>109</height>
					<bordertexture colordiffuse="primary_background" border="21">dialogs/dialog-bg.png</bordertexture>
					<bordersize>5</bordersize>
					<texture colordiffuse="primary_background">dialogs/dialog-bg.png</texture>
				</control>
				<control type="image" id="61">
					<left>-100</left>
					<top>-18</top>
					<width>2500</width>
					<height>100</height>
					<font></font>
					<onleft>61</onleft>
					<onright>61</onright>
					<ondown>9000</ondown>
					<onup>9000</onup>
					<bordertexture colordiffuse="primary_background" border="21">dialogs/dialog-bg.png</bordertexture>
					<bordersize>10</bordersize>
					<texture colordiffuse="FF181818">colors/white.png</texture>
				</control>
					<control type="list" id="9000">
						<left>25</left>
						<top>5</top>
						<width>1520</width>
						<bottom>0</bottom>
						<movement>7</movement>
						<focusposition>0</focusposition>
						<onfocus>ClearProperty(listposition,home)</onfocus>
						<ondown>SetFocus($INFO[Container(9000).ListItem.Property(menu_id)])</ondown>
						<!--<onup>SetFocus($INFO[Container(9000).ListItem.Property(menu_id)])</onup>-->
						<onup>false</onup>
						<onclick>SetFocus($INFO[Container(9000).ListItem.Property(menu_id)])</onclick>
						<onright>700</onright>
						<onleft>ActivateWindow(1181)</onleft>
						<orientation>horizontal</orientation>
						<scrolltime tween="cubic" easing="out">500</scrolltime>
						<focusedlayout width="280" height="95">
							<control type="group">
								<visible>Control.HasFocus(9000)</visible>
								<animation effect="fade" start="100" end="0" time="0">UnFocus</animation>
								<control type="image">
									<left>5</left>
									<top>5</top>
									<width>55</width>
									<height>55</height>
									<texture colordiffuse="button_focus2">$INFO[ListItem.Art(thumb)]</texture>
									<animation effect="fade" start="0" end="100" time="300" reversible="false">Focus</animation>
								</control>
							</control>
							<!-- SideMenu Focused Icons -->
						<control type="image">
								<left>5</left>
								<top>5</top>
								<width>55</width>
								<height>55</height>
								<texture>$INFO[ListItem.Art(thumb)]</texture>
							</control>
							<control type="label">
								<include>FocusBounce</include>
								<left>10</left>
								<top>10</top>
								<height>45</height>
								<width>225</width>
								<align>center</align>
								<aligny>center</aligny>
								<font>font32_title</font>
								<label>$INFO[ListItem.Label]</label>
								<shadowcolor>text_shadow</shadowcolor>
							</control>
							<control type="image">
							<visible>Control.HasFocus(9000)</visible>
							<animation type="Focus">
							<effect type="slide" start="-10" end="0" time="150" tween="sine" easing="inout"/>
							</animation>
								<top>55</top>
								<left>0</left>
								<width>200</width>
								<height>5</height>
								<texture>colors/white.png</texture>
							</control>
						</focusedlayout>
						<itemlayout width="280" height="95">
							<control type="image">
								<left>5</left>
								<top>5</top>
								<width>55</width>
								<height>55</height>
								<texture colordiffuse="44FFFFFF">$INFO[ListItem.Art(thumb)]</texture>
							</control>
							<control type="label">
								<left>10</left>
								<top>10</top>
								<height>45</height>
								<width>225</width>
								<align>center</align>
								<aligny>center</aligny>
								<font>font32_title</font>
								<label>$INFO[ListItem.Label]</label>
								<shadowcolor>text_shadow</shadowcolor>
							</control>
						</itemlayout>
						<content>
							<!-- MOVIES 19000 -->
							<include content="MoviesMainMenu" condition="!Skin.HasSetting(HomeMenuNoMoviesButton)" />
							<!-- TVSHOWS 22000 -->
							<include content="TVShowsMainMenu" condition="!Skin.HasSetting(HomeMenuNoTVShowsButton)" />
							<!-- IDAN PLUS 25000 -->
							<include content="IdanPlusMainMenu" condition="!Skin.HasSetting(HomeMenuNoIdanPlusButton)" />
							<item>
								<label>$LOCALIZE[2]</label>
								<onclick>ActivateWindow(Music,root,return)</onclick>
								<property name="menu_id">$NUMBER[7000]</property>
								<thumb>icons/sidemenu/music.png</thumb>
								<property name="id">music</property>
								<visible>!Skin.HasSetting(HomeMenuNoMusicButton)</visible>
							</item>
							<item>
								<label>$LOCALIZE[427]</label>
								<onclick>PlayDisc</onclick>
								<property name="menu_id">$NUMBER[21000]</property>
								<thumb>icons/sidemenu/disc.png</thumb>
								<property name="id">disc</property>
								<visible>System.HasMediaDVD</visible>
							</item>
							<item>
								<label>$LOCALIZE[20389]</label>
								<property name="menu_id">$NUMBER[16000]</property>
								<onclick>ActivateWindow(Videos,musicvideos,return)</onclick>
								<thumb>icons/sidemenu/musicvideos.png</thumb>
								<property name="id">musicvideos</property>
								<visible>!Skin.HasSetting(HomeMenuNoMusicVideoButton)</visible>
							</item>
							<item>
								<label>[B]טלויזיה[/B]</label>
								<property name="menu_id">$NUMBER[12000]</property>
								<onclick>ActivateWindow(TVGuide)</onclick>
								<thumb>icons/sidemenu/livetv.png</thumb>
								<property name="id">livetv</property>
								<visible>!Skin.HasSetting(HomeMenuNoTVButton)</visible>
							</item>
							<item>
								<label>[B]ערוצי רדיו[/B]</label>
								<property name="menu_id">$NUMBER[13000]</property>
								<onclick>ActivateWindow(RadioChannels)</onclick>
								<thumb>icons/sidemenu/radio.png</thumb>
								<property name="id">radio</property>
								<visible>!Skin.HasSetting(HomeMenuNoRadioButton)</visible>
							</item>
							<item>
								<label>$LOCALIZE[15016]</label>
								<property name="menu_id">$NUMBER[17000]</property>
								<onclick>ActivateWindow(Games)</onclick>
								<thumb>icons/sidemenu/games.png</thumb>
								<property name="id">games</property>
								<visible>System.GetBool(gamesgeneral.enable) + !Skin.HasSetting(HomeMenuNoGamesButton)</visible>
							</item>
							<item>
								<label>$LOCALIZE[24001]</label>
								<property name="menu_id">$NUMBER[8000]</property>
								<onclick>ActivateWindow(1100)</onclick>
								<thumb>icons/sidemenu/addons.png</thumb>
								<property name="id">addons</property>
								<visible>!Skin.HasSetting(HomeMenuNoProgramsButton)</visible>
							</item>
							<item>
								<label>$LOCALIZE[1]</label>
								<onclick>ActivateWindow(Pictures)</onclick>
								<property name="menu_id">$NUMBER[4000]</property>
								<thumb>icons/sidemenu/pictures.png</thumb>
								<property name="id">pictures</property>
								<visible>!Skin.HasSetting(HomeMenuNoPicturesButton)</visible>
							</item>
							<item>
								<label>$LOCALIZE[3]</label>
								<onclick>ActivateWindow(Videos,root)</onclick>
								<property name="menu_id">$NUMBER[11000]</property>
								<thumb>icons/sidemenu/videos.png</thumb>
								<property name="id">video</property>
								<visible>!Skin.HasSetting(HomeMenuNoVideosButton)</visible>
							</item>
							<item>
								<label>מועדפים</label>
								<onclick>ActivateWindow(favouritesbrowser)</onclick>
								<property name="menu_id">$NUMBER[14000]</property>
								<thumb>icons/sidemenu/favourites.png</thumb>
								<property name="id">favorites</property>
								<visible>!Skin.HasSetting(HomeMenuNoFavButton)</visible>
							</item>
							<item>
								<label>$LOCALIZE[8]</label>
								<onclick condition="!String.IsEmpty(Weather.Plugin)">ActivateWindow(Weather)</onclick>
								<onclick condition="String.IsEmpty(Weather.Plugin)">ReplaceWindow(servicesettings,weather)</onclick>
								<property name="menu_id">$NUMBER[15000]</property>
								<thumb>icons/sidemenu/weather.png</thumb>
								<property name="id">weather</property>
								<visible>!Skin.HasSetting(HomeMenuNoWeatherButton)</visible>
							</item>
						</content>
					</control>
					<control type="grouplist" id="700">
						<orientation>horizontal</orientation>
						<itemgap>0</itemgap>
						<left>1427</left>
						<width max="500">auto</width>
						<height>110</height>
						<top>-10</top>
						<onright>false</onright>
						<onleft>SetFocus(9000,0,absolute)</onleft>
						<align>justify</align>
						<ondown>SetFocus(2000)</ondown>
						<include content="IconButton">
							<param name="control_id" value="798" />
							<param name="onclick" value="Control.SetFocus(14100)" />
							<param name="icon" value="icons/favourites.png" />
							<param name="label" value="$LOCALIZE[33060]" />
						</include>
						<include content="IconButton">
							<param name="control_id" value="799" />
							<param name="onclick" value="ActivateWindow(TVGuide)" />
							<param name="icon" value="icons/tv.png" />
							<param name="label" value="$LOCALIZE[33060]" />
						</include>
					<include content="IconButton">
							<param name="control_id" value="800" />
							<param name="onclick" value="ActivateWindow(RadioGuide)" />
							<param name="icon" value="icons/radio.png" />
							<param name="label" value="$LOCALIZE[33060]" />
						</include>
						<include content="IconButton">
							<param name="control_id" value="801" />
							<param name="onclick" value="ActivateWindow(shutdownmenu)" />
							<param name="icon" value="icons/power.png" />
							<param name="label" value="$LOCALIZE[33060]" />
						</include>
						<include content="IconButton">
							<param name="control_id" value="802" />
							<param name="onclick" value="ActivateWindow(settings)" />
							<param name="icon" value="icons/settings.png" />
							<param name="label" value="$LOCALIZE[21417]" />
						</include>
						<include content="IconButton" condition="Skin.HasSetting(NoSearchResultsWindow)">
							<param name="control_id" value="803" />
							<param name="onclick" value="ActivateWindow(1107)" />
							<param name="icon" value="icons/search.png" />
							<param name="label" value="$LOCALIZE[137]" />
						</include>
						<include content="IconButton" condition="!Skin.HasSetting(NoSearchResultsWindow) + Skin.HasSetting(DefaultSearchWindowBehavior)">
							<param name="control_id" value="804" />
							<param name="onclick" value="RunScript(script.fentastic.helper,mode=search_input)" />
							<param name="icon" value="icons/search.png" />
							<param name="label" value="$LOCALIZE[137]" />
						</include>
						<include content="IconButton" condition="!Skin.HasSetting(NoSearchResultsWindow) + !Skin.HasSetting(DefaultSearchWindowBehavior)">
							<param name="control_id" value="805" />
							<param name="onclick" value="RunScript(script.fentastic.helper,mode=open_search_window)" />
							<param name="icon" value="icons/search.png" />
							<param name="label" value="$LOCALIZE[137]" />
						</include>
						<include content="IconButton">
							<param name="control_id" value="806" />
							<param name="onclick" value="Fullscreen" />
							<param name="icon" value="icons/now-playing/fullscreen.png" />
							<param name="label" value="$LOCALIZE[31000]" />
							<param name="visible" value="Player.HasMedia" />
						</include>
					</control>
				</control>


			<!--	<control type="group">
					<animation effect="slide" time="300" start="-492,0" end="0,0" tween="sine" easing="inout">VisibleChange</animation>
					<width>550</width>
					<visible>String.IsEqual(ListItem.DBtype,movie) | String.IsEqual(ListItem.DBtype,tvshow) | String.IsEqual(ListItem.DBtype,season) | String.IsEqual(ListItem.DBtype,episode)</visible>
					<include>OpenClose_Left</include>
					<control type="image">
						<left>30</left>
						<top>50</top>
						<width>395</width>
						<height>153</height>
						<texture background="true">$VAR[ClearlogoVar]</texture>
						<aspectratio align="center">keep</aspectratio>
					</control>
					<control type="textbox">
						<visible>!String.IsEqual(System.Language,Hebrew)</visible>
						<top>75</top>
						<left>30</left>
						<width>430</width>
						<aligny>center</aligny>
						<height>98</height>
						<font>font36_title</font>
						<label>[COLOR yellow]$INFO[ListItem.Label][/COLOR]</label>
						<visible>String.IsEmpty(ListItem.Art(clearlogo))</visible>
					</control>
					<control type="textbox">
						<visible>String.IsEqual(System.Language,Hebrew)</visible>
						<top>75</top>
						<left>10</left>
						<width>430</width>
						<aligny>center</aligny>
						<height>98</height>
						<font>font36_title</font>
						<align>right</align>
						<label>[COLOR yellow]$INFO[ListItem.Label][/COLOR]</label>
						<visible>String.IsEmpty(ListItem.Art(clearlogo))</visible>
					</control>
					<control type="textbox">
						<visible>!String.IsEqual(System.Language,Hebrew)</visible>
						<left>30</left>
						<top>239</top>
						<width>410</width>
						<bottom>60</bottom>
						<label>$VAR[InfoPanel]</label>
						<autoscroll delay="10000" time="3000" repeat="10000">Skin.HasSetting(autoscroll)</autoscroll>
					</control>
					<control type="textbox">
						<visible>String.IsEqual(System.Language,Hebrew)</visible>
						<left>30</left>
						<top>239</top>
						<width>410</width>
						<bottom>60</bottom>
						<align>right</align>
						<label>$VAR[InfoPanel]</label>
						<autoscroll delay="10000" time="3000" repeat="10000">Skin.HasSetting(autoscroll)</autoscroll>
					</control>
					<control type="textbox">
						<visible>!String.IsEqual(System.Language,Hebrew)</visible>
						<left>30</left>
						<top>323</top>
						<width>410</width>
						<bottom>60</bottom>
						<label>$VAR[InfoPanelEpisode]</label>
						<autoscroll delay="10000" time="3000" repeat="10000">Skin.HasSetting(autoscroll)</autoscroll>
					</control>
					<control type="textbox">
						<visible>String.IsEqual(System.Language,Hebrew)</visible>
						<left>30</left>
						<top>323</top>
						<width>410</width>
						<bottom>60</bottom>
						<align>right</align>
						<label>$VAR[InfoPanelEpisode]</label>
						<autoscroll delay="10000" time="3000" repeat="10000">Skin.HasSetting(autoscroll)</autoscroll>
					</control>
					<control type="textbox">
						<visible>!String.IsEqual(System.Language,Hebrew)</visible>
						<left>30</left>
						<top>213</top>
						<width>410</width>
						<aligny>center</aligny>
						<height>110</height>
						<bottom>60</bottom>
						<font>font36_title</font>
						<label>$LOCALIZE[700015] $INFO[ListItem.Season], $LOCALIZE[700016] $INFO[ListItem.Episode]</label>
						<visible>String.IsEqual(ListItem.DbType,episode)</visible>
					</control>
					<control type="textbox">
						<visible>String.IsEqual(System.Language,Hebrew)</visible>
						<left>30</left>
						<top>213</top>
						<width>410</width>
						<aligny>center</aligny>
						<height>110</height>
						<bottom>60</bottom>
						<align>right</align>
						<font>font36_title</font>
						<label>$LOCALIZE[700015] $INFO[ListItem.Season], $LOCALIZE[700016] $INFO[ListItem.Episode]</label>
						<visible>String.IsEqual(ListItem.DbType,episode)</visible>
					</control>
					<control type="textbox">
						<left>30</left>
						<top>467</top>
						<width>530</width>
						<height>413</height>
						<align>center</align>
						<aligny>center</aligny>
						<font>font27</font>
						<textcolor>80FFFFFF</textcolor>
						<label>$LOCALIZE[19055]</label>
						<visible>String.IsEmpty(Listitem.Plot) + String.IsEmpty(Listitem.Tagline) + !ListItem.IsCollection + !ListItem.IsParentFolder</visible>
					</control>
				</control>-->
			</control>
					
		<control type="group">
        <animation effect="slide" time="300" start="-492,0" end="0,0" tween="sine" easing="inout">VisibleChange</animation>
        <visible>![String.IsEqual(ListItem.DBtype,movie) | String.IsEqual(ListItem.DBtype,tvshow) | String.IsEqual(ListItem.DBtype,season) | String.IsEqual(ListItem.DBtype,episode)]</visible>
				<depth>DepthBars</depth>
				<animation effect="slide" end="0,-90" time="300" tween="sine" easing="inout" condition="$EXP[infodialog_active]">conditional</animation>
				<animation effect="fade" start="0" end="100" time="300">WindowOpen</animation>
				<animation effect="fade" start="100" end="0" time="200">WindowClose</animation>
				<top>30</top>
				<left>90</left>

				<!-- <control type="image"> -->
				  <!-- <left>-55</left> -->
				  <!-- <top>-20</top> -->
				  <!-- <aspectratio>keep</aspectratio> -->
				  <!-- <width>230</width> -->
				  <!-- <height>98</height> -->
				  <!-- <texture>special://skin/media/kodirdil/group_logo/kodirdil-logo.png</texture> -->
				<!-- </control> -->
				<!-- <control type="image"> -->
				  <!-- <left>55</left> -->
				  <!-- <top>0</top> -->
				  <!-- <aspectratio>keep</aspectratio> -->
				  <!-- <width>192</width> -->
				  <!-- <height>56</height> -->
				  <!-- <texture>special://skin/media/logos/letters.png</texture> -->
				<!-- </control> -->
			</control>
			
			<!--<control type="group">
			<animation condition="Skin.HasSetting(InfoWidgetEnable) + System.IdleTime(3) + !String.IsEmpty(ListItem.Plot) + [String.IsEqual(ListItem.DBTYPE,movie) | String.IsEqual(ListItem.DBTYPE,tvshow)]" effect="fade" end="100" time="150" tween="sine">Conditional</animation>
			<centerleft>50%</centerleft>
			<centertop>50%</centertop>
			<top>350</top>
			<left>650</left>
			<visible>Skin.HasSetting(InfoWidgetEnable) + System.IdleTime(3) + !String.IsEmpty(ListItem.Plot) + [String.IsEqual(ListItem.DBTYPE,movie) | String.IsEqual(ListItem.DBTYPE,tvshow)]</visible>
			<control type="image">
				<width>700</width>
				<height>400</height>
				<texture colordiffuse="black">colors/white.png</texture>
				<bordertexture colordiffuse="white">colors/white.png</bordertexture>
				<bordersize>6</bordersize>
			</control>
			<control type="textbox">
			<top>25</top>
			<left>25</left>
				<width>650</width>
				<height>350</height>
				<align>right</align>
				<aligny>center</aligny>
				<font>font25_title</font>
				<label>$INFO[ListItem.Plot]</label>
				<shadowcolor>black</shadowcolor>
				<autoscroll fade="4000" time="4000" repeat="4000">System.IdleTime(4) + !String.IsEmpty(ListItem.Plot) + [String.IsEqual(ListItem.DBTYPE,movie) | String.IsEqual(ListItem.DBTYPE,tvshow)]</autoscroll>
			</control>
			</control>-->
			<!--SCREENSAVER-->
			<include content="HomeScreenSaver">
				<param name="type">movies</param>
				<param name="id">190111</param>
			</include>
			<include content="HomeScreenSaver">
				<param name="type">tvshows</param>
				<param name="id">220111</param>
			</include>
		</control>
		<control type="group">
		<animation effect="fade" start="0" end="100" time="450" tween="sine" easing="inout">VisibleChange</animation>
		<animation effect="fade" start="0" end="100" time="450" tween="sine" easing="inout">Visible</animation>
		<animation effect="fade" start="100" end="0" time="450" tween="sine" easing="inout">Hidden</animation>
		<visible>Skin.HasSetting(showplayedinfohomescreen) + Window.IsActive(home) + Player.HasMedia</visible>
		<visible>!Window.IsActive(DialogVideoInfo.xml)</visible>
			<top>880</top>
			<left>1400</left>
			<width>550</width>
			<height>274</height>
				<control type="image">
				<animation condition="true" effect="fade" end="65" time="0">Conditional</animation>
					<bordertexture colordiffuse="FF181818">masks/menumain.png</bordertexture>
					<texture colordiffuse="FF181818">masks/menumain.png</texture>
				</control>
				<control type="image">
				<animation condition="true" effect="fade" end="25" time="0">Conditional</animation>
					<top>97</top>
					<left>45</left>
					<width>40</width>
					<height>80</height>
					<bordertexture colordiffuse="white">icons/halfcircle.png</bordertexture>
					<texture colordiffuse="white">icons/halfcircle.png</texture>
				</control>
				<control type="image">
					<animation condition="true" effect="fade" end="65" time="0">Conditional</animation>
					<top>120</top>
					<left>48</left>
					<width>35</width>
					<height>35</height>
					<aspectratio>keep</aspectratio>
					<texture colordiffuse="black">$VAR[NowPlayingIconVar]</texture>
				</control>
				<control type="grouplist">
				<top>80</top>
				<left>25</left>
				<height>185</height>
				<align>center</align>
				<aligny>center</aligny>
				<usecontrolcoords>true</usecontrolcoords>
				<orientation>horizontal</orientation>
				<control type="label">
				<scroll>true</scroll>
				<scrollspeed>40</scrollspeed>
					<top>18</top>
					<left>10</left>
					<width>350</width>
					<label>$VAR[osdchannelname_fix]$INFO[VideoPlayer.Title]</label>
					<font>font27</font>
					<shadowcolor>text_shadow</shadowcolor>
					<height>85</height>
					<align>center</align>
					<aligny>center</aligny>
					<width min="1" max="602">auto</width>
				</control>
			</control>
		</control>
				<control type="group" id="14000">
				<left>-1000</left>		
				<animation condition="Control.HasFocus(14100)" effect="slide" start="0,0" end="1000,0" time="500" tween="sine" easing="inout">Conditional</animation>
					<visible>Control.HasFocus(14100)</visible>
					<include content="Visible_Right_Delayed">
						<param name="id" value="favorites"/>
					</include>
					<control type="image">
						<top>0</top>
						<left>0</left>
						<width>565</width>
						<height>100%</height>
						<texture colordiffuse="black">lists/panel-mediamenu.png</texture>
					</control>
				<control type="label">
					<top>0</top>
					<left>0</left>
					<width>500</width>
					<align>center</align>
					<font>font45_title</font>
					<label>מועדפים</label>
				</control>
				<include content="BusyListSpinner">
					<param name="list_id" value="14100"/>
					<param name="posy" value="540"/>
					<param name="posx" value="200"/>
					<param name="visible" value="true"/>
				</include>
					<control type="list" id="14100">
						<left>0</left>
						<top>100</top>
						<right>0</right>
						<bottom>0</bottom>
						<onleft>9000</onleft>
						<onright>9000</onright>
						<onup condition="Player.HasMedia">9000</onup>
						<onup condition="!Player.HasMedia">false</onup>
						<ondown>false</ondown>
						<onback>SetFocus(9000)</onback>
						<preloaditems>2</preloaditems>
						<scrolltime tween="cubic" easing="out">500</scrolltime>
						<orientation>vertical</orientation>
						<pagecontrol>14010</pagecontrol>
						<visible>Integer.IsGreater(Container(14100).NumItems,0) | Container(14100).IsUpdating</visible>
						<itemlayout width="380" height="115">
						<control type="group">
						<include content="ProgressBar">
							<param name="left" value="45"/>
							<param name="top" value="305"/>
							<param name="width" value="363"/>
						</include>
						<control type="image">
							<top>28</top>
							<left>0</left>
							<width>50</width>
							<height>50</height>
							<aspectratio>keep</aspectratio>
							<texture diffuse="masks/addons.png">$INFO[ListItem.Icon]</texture>
						</control>
						<control type="textbox">
							<top>0</top>
							<left>80</left>
							<width>285</width>
							<height>100</height>
							<align>left</align>
							<aligny>center</aligny>
							<label>$INFO[ListItem.Label]</label>
					</control>
				</control>
						</itemlayout>
						<focusedlayout width="380" height="115">
						<control type="group">
							<include content="ProgressBar">
							<param name="left" value="45"/>
							<param name="top" value="305"/>
							<param name="width" value="363"/>
						</include>
						<control type="image">
							<top>0</top>
							<left>0</left>
							<width>500</width>
							<height>100</height>
							<texture colordiffuse="$INFO[Skin.String(colormenu)]">colors/white.png</texture>
						</control>
						<control type="image">
							<top>28</top>
							<left>0</left>
							<width>50</width>
							<height>50</height>
							<aspectratio>keep</aspectratio>
							<texture diffuse="masks/addons.png">$INFO[ListItem.Icon]</texture>
						</control>
						<control type="textbox">
							<top>0</top>
							<left>80</left>
							<width>285</width>
							<height>100</height>
							<align>left</align>
							<aligny>center</aligny>
							<label>$INFO[ListItem.Label]</label>
					</control>
					</control>
						</focusedlayout>
						<content>favourites://</content>
					</control>
					<include content="ImageWidget">
						<param name="text_label" value="$LOCALIZE[31025]" />
						<param name="button_label" value="$LOCALIZE[31116]" />
						<param name="left">50</param>
						<param name="button_onclick" value=""/>
						<param name="button_id" value="5500"/>
						<param name="visible" value="!Integer.IsGreater(Container(14100).NumItems,0) + !Container(14100).IsUpdating"/>
						<param name="visible_1" value="false"/>
						<param name="button2_onclick" value="Skin.SetBool(HomeMenuNoFavButton)"/>
					</include>
					<include content="WidgetScrollbar" condition="Skin.HasSetting(touchmode)">
						<param name="scrollbar_id" value="14010"/>
					</include>
				</control>

	</controls>
</window>
