<?xml version="1.0" encoding="UTF-8"?>
<window>
	<defaultcontrol always="true">9000</defaultcontrol>
	<backgroundcolor>background</backgroundcolor>
	<onload>RunScript(script.skinshortcuts,type=buildxml&amp;mainmenuID=9000)</onload>
	<controls>
		
		<include>SetBackGroundImage</include>

		<control type="group">
		<visible>Skin.HasSetting(homeviewbackground)</visible>
		<control type="image">
			<left>28%</left>
			<height>740</height>
			<top>122</top>
			<!-- <animation effect="slide" start="0,0" end="0,5" time="150">Focus</animation> -->
			<texture colordiffuse="65000000">colors/white.png</texture>
		</control>
		<control type="image">
			<left>0%</left>
			<width>27.8%</width>
			<height>740</height>
			<top>122</top>
			<!-- <animation effect="slide" start="0,0" end="0,5" time="150">Focus</animation> -->
			<texture colordiffuse="55000000">colors/white.png</texture>
		</control>
		<control type="image">
			<top>865</top>
			<left>0%</left>
			<width>100%</width>
			<height>650</height>
			<!-- <animation effect="slide" start="0,0" end="0,5" time="150">Focus</animation> -->
			<texture colordiffuse="55000000">colors/white.png</texture>
		</control>
		</control>

		<control type="group">
		<include>AnimationSideTop</include>
			<control type="label">
				<top>4%</top>
				<left>3%</left>
				<width>250</width>
				<font>font45_title</font>
				<label>תפריט ראשי</label>
		</control>
			<control type="label">
				<top>4%</top>
				<left>34%</left>
				<width>250</width>
				<font>font45_title</font>
				<label>תת תפריט</label>
			</control>
		</control>
		
		<control type="list" id="9000">
				<top>11%</top>
				<left>60</left>
				<width>572</width>
				<height>720</height>
				<!-- <onright condition="String.IsEqual(Container(9000).ListItem.Label,מועדפים)">9002</onright> -->
				<onleft>9003</onleft>
				<onright>9001</onright>
				<onback>73766</onback>
				<include>AnimationLeftSide</include>
				<onclick>SetFocus(9001)</onclick>
				<onup condition="Player.HasMedia">50994</onup>
				<onup condition="!Player.HasVideo">false</onup>
				<ondown>false</ondown>
				<orientation>vertical</orientation>
				<viewtype label="535">list</viewtype>
				<preloaditems>2</preloaditems>
				<pagecontrol>260</pagecontrol>
				<scrolltime tween="cubic">550</scrolltime>
				<itemlayout width="508" height="80">
				<control type="image">
					<animation effect="fade" start="0" end="100" time="350">Visible</animation>
					<include content="GlobalSetFadeLabel">
					<param name="setfadelabel">homemenubgfocusfadelabelcolor</param>
					</include>
					<top>4</top>
					<bottom>4</bottom>
					<texture colordiffuse="$INFO[Skin.String(homemainmenusfocus)]">colors/white.png</texture>
				</control>
				<control type="image">
					<posx>0</posx>
					<posy>0</posy>
					<width>80</width>
					<height>80</height>
					<texture background="true" fallback="DefaultShortcut.png">$INFO[ListItem.Icon]</texture>
				</control>
				<control type="label">
					<posx>85</posx>
					<posy>0</posy>
					<width>445</width>
					<label>$INFO[ListItem.Label]</label>
					<font>font37</font>
					<textcolor>white</textcolor>
					<selectedcolor>FF4DBAFF</selectedcolor>
					<aligny>center</aligny>
				</control>
				<control type="image">
					<top>38.5%</top>
					<left>94%</left>
					<width>20</width>
					<height>20</height>
					<aspectratio>keep</aspectratio>
					<texture colordiffuse="gray">masks/circleoutline.png</texture>
				</control>
				</itemlayout>
				<focusedlayout width="508" height="80">
				<control type="image">
					<animation effect="fade" start="0" end="100" time="350">Visible</animation>
					<include content="GlobalSetFadeLabel">
					<param name="setfadelabel">homemenubgfocusfadelabelcolor</param>
					</include>
					<top>4</top>
					<bottom>4</bottom>
					<texture colordiffuse="$INFO[Skin.String(homemainmenusfocus)]">colors/white.png</texture>
				</control>
				<control type="image">
					<animation effect="fade" start="0" end="100" time="350">Visible</animation>
					<include content="GlobalSetFadeLabel">
					<param name="setfadelabel">homemenufocusfadelabelcolor</param>
					</include>
					<top>4</top>
					<bottom>4</bottom>
					<texture colordiffuse="$INFO[Skin.String(varhomemainmenusfocus)]">colors/white.png</texture>
					<visible>Control.HasFocus(9000)</visible>
				</control>
				<control type="image">
					<include>FocusBounceMenus</include>
					<posx>0</posx>
					<posy>0</posy>
					<width>80</width>
					<height>80</height>
					<texture background="true" fallback="DefaultShortcut.png">$INFO[ListItem.Icon]</texture>
				</control>
				<control type="label">
					<posx>85</posx>
					<width>445</width>
					<label>$INFO[ListItem.Label]</label>
					<font>font37</font>
					<textcolor>white</textcolor>
					<selectedcolor>FF4DBAFF</selectedcolor>
					<aligny>center</aligny>
				</control>
				<control type="image">
					<top>38.5%</top>
					<left>94%</left>
					<width>20</width>
					<height>20</height>
					<aspectratio>keep</aspectratio>
					<texture colordiffuse="white">masks/circleoutline.png</texture>
				</control>
				</focusedlayout>
				<content>
				<include>skinshortcuts-mainmenu</include>
				</content>
			</control>
	
	
			<control type="list" id="9001">
				<top>11%</top>
				<left>638</left>
				<width>1500</width>
				<height>720</height>
				<!-- <onright>9882</onright> -->
				<onright condition="Container(9001).HasNext">9882</onright>
				<onleft>9000</onleft>
				<onup>false</onup>
				<onback>9000</onback>
				<ondown>false</ondown>
				<movement>5</movement>
				<include>AnimationRightSide</include>
				<orientation>vertical</orientation>
				<viewtype label="535">list</viewtype>
				<preloaditems>2</preloaditems>
				<pagecontrol>9882</pagecontrol>
				<scrolltime tween="cubic">550</scrolltime>
				<itemlayout width="1218" height="80">
				<control type="image">
					<animation effect="fade" start="0" end="100" time="350">Visible</animation>
					<include content="GlobalSetFadeLabel">
					<param name="setfadelabel">homemenubgfocusfadelabelcolor</param>
					</include>
					<top>4</top>
					<bottom>4</bottom>
					<texture colordiffuse="$INFO[Skin.String(homemainmenusfocus)]">colors/white.png</texture>
				</control>
				<control type="label">
					<left>15</left>
					<right>50</right>
					<label>$INFO[ListItem.Label]</label>
					<font>font37</font>
					<textcolor>white</textcolor>
					<selectedcolor>FF4DBAFF</selectedcolor>
					<aligny>center</aligny>
				</control>
				<control type="image">
					<top>38.5%</top>
					<left>97.6%</left>
					<width>20</width>
					<height>20</height>
					<aspectratio>keep</aspectratio>
					<texture colordiffuse="gray">masks/circleoutline.png</texture>
				</control>
				</itemlayout>
				<focusedlayout width="1218" height="80">
				<control type="image">
					<animation effect="fade" start="0" end="100" time="350">Visible</animation>
					<include content="GlobalSetFadeLabel">
					<param name="setfadelabel">homemenubgfocusfadelabelcolor</param>
					</include>
					<top>4</top>
					<bottom>4</bottom>
					<texture colordiffuse="$INFO[Skin.String(homemainmenusfocus)]">colors/white.png</texture>
				</control>
				<control type="image">
					<animation effect="fade" start="0" end="100" time="350">Visible</animation>
					<include content="GlobalSetFadeLabel">
					<param name="setfadelabel">homemenufocusfadelabelcolor</param>
					</include>
					<top>4</top>
					<bottom>4</bottom>
					<texture colordiffuse="$INFO[Skin.String(varhomemainmenusfocus)]">colors/white.png</texture>
					<visible>Control.HasFocus(9001)</visible>
				</control>
				<control type="label">
					<left>15</left>
					<right>50</right>
					<label>$INFO[ListItem.Label]</label>
					<font>font37</font>
					<textcolor>white</textcolor>
					<selectedcolor>FF4DBAFF</selectedcolor>
					<aligny>center</aligny>
				</control>
				<control type="image">
					<top>38.5%</top>
					<left>97.6%</left>
					<width>20</width>
					<height>20</height>
					<aspectratio>keep</aspectratio>
					<texture colordiffuse="white">masks/circleoutline.png</texture>
				</control>
				</focusedlayout>
				<content>
				<include>skinshortcuts-submenu</include>
				</content>
			</control>
		
			<control type="group">
			<include>AnimationRightSide</include>
			<include content="ScrollbarGlobal">
				<param name="left" value="1902"/>
				<param name="top" value="350"/>
				<param name="id" value="9882"/>
				<param name="onback" value="9001"/>
				<param name="onleft" value="9001"/>
				<param name="visible" value="true"/>
			</include>
			</control>

			<include>HomePlayingBackground</include>
			
			<control type="group">
			<include>AnimationSideTop</include>
				<top>-10</top>
				<right>60</right>
				<control type="label">
					<font>font45_title</font>
					<align>right</align>
					<label>$INFO[System.Time]</label>
				</control>
				<control type="label">
					<top>50</top>
					<align>right</align>
					<font>font45</font>
					<label>$INFO[System.Date]</label>
				</control>
			</control>
			
			<include content="GlobalButtonsPlayerControls">
				<param name="onright">9000</param>
				<param name="id">9003</param>
				<param name="settings">ActivateWindow(1181)</param>
			</include>
			
			<control type="list" id="73766">
			<animation condition="Player.HasMedia" effect="slide" start="0,0" end="0,350" time="250" tween="sine" easing="inout">Conditional</animation>
			<orientation>horizontal</orientation>
			<top>82%</top>
			<width>93.8%</width>
			<left>3%</left>
			<onback>9000</onback>
			<onleft>false</onleft>
			<onright>false</onright>
			<onup>9000</onup>
			<include>AnimationSideBottom</include>
			<scrolltime tween="cubic">550</scrolltime>
			<itemlayout width="180" height="180">
			<control type="image">
				<left>0</left>
				<right>0</right>
				<top>0</top>
				<bottom>0</bottom>
				<texture colordiffuse="50FFFFFF">colors/white.png</texture>
			</control>
			<control type="image">
				<left>2</left>
				<right>2</right>
				<top>2</top>
				<bottom>2</bottom>
				<texture colordiffuse="black">colors/white.png</texture>
			</control>
			<control type="image">
				<left>4</left>
				<right>4</right>
				<top>4</top>
				<bottom>4</bottom>
				<bordertexture colordiffuse="$INFO[Skin.String(maincolorbackground)]">colors/white.png</bordertexture>
				<texture fallback="fallbacks/fallback1.jpg">$INFO[ListItem.Icon]</texture>
			</control>
			</itemlayout>
			<focusedlayout width="180" height="180"> 
			<control type="group">
			<animation type="Focus">
			<effect type="zoom" start="100,100" end="115,115" time="80" center="auto"/>
			</animation>
			<control type="image">
				<left>0</left>
				<right>0</right>
				<top>0</top>
				<bottom>0</bottom>
				<texture colordiffuse="50FFFFFF">colors/white.png</texture>
			</control>
			<control type="image">
				<left>2</left>
				<right>2</right>
				<top>2</top>
				<bottom>2</bottom>
				<texture colordiffuse="black">colors/white.png</texture>
			</control>
			<control type="image">
				<left>4</left>
				<right>4</right>
				<top>4</top>
				<bottom>4</bottom>
				<bordertexture colordiffuse="$INFO[Skin.String(maincolorbackground)]">colors/white.png</bordertexture>
				<texture fallback="fallbacks/fallback1.jpg">$INFO[ListItem.Icon]</texture>
			</control>
			</control>
			</focusedlayout>
			<content>favourites://</content>
			</control>
			
			<control type="group">
			<left>98.5%</left>
			<top>88%</top>
			<animation condition="Player.HasMedia" effect="slide" start="0,0" end="0,350" time="250" tween="sine" easing="inout">Conditional</animation>
			<control type="group">
			<left>10</left>
			<visible>[Container(73766).HasNext + Container(73766).HasPrevious]</visible>
			<control type="image">
			<animation effect="fade" end="100" time="80">VisibleChange</animation>
				<top>10</top>
				<left>-2</left>
				<width>22</width>
				<height>22</height>
				<texture colordiffuse="red" flipx="true">https://www.iconsdb.com/icons/preview/white/arrow-96-xxl.png</texture>
			</control>
			<control type="image">
			<animation effect="fade" end="100" time="80">VisibleChange</animation>
				<top>10</top>
				<left>-25</left>
				<width>22</width>
				<height>22</height>
				<texture colordiffuse="red">https://www.iconsdb.com/icons/preview/white/arrow-96-xxl.png</texture>
			</control>
			</control>
			<control type="group">
			<left>10</left>
			<control type="image">
			<animation effect="fade" end="100" time="80">VisibleChange</animation>
				<top>10</top>
				<left>-25</left>
				<width>22</width>
				<height>22</height>
				<texture colordiffuse="red" flipx="true">https://www.iconsdb.com/icons/preview/white/arrow-96-xxl.png</texture>
				<visible>Container(73766).HasNext + !Container(73766).HasPrevious</visible>
			</control>
			<control type="image">
			<animation effect="fade" end="100" time="80">VisibleChange</animation>
				<top>10</top>
				<left>-25</left>
				<width>22</width>
				<height>22</height>
				<texture colordiffuse="red">https://www.iconsdb.com/icons/preview/white/arrow-96-xxl.png</texture>
				<visible>Container(73766).HasPrevious + !Container(73766).HasNext</visible>
			</control>
			</control>
			</control>
		
		<control type="label">
		<include>AnimationLeftSide</include>
			<align>left</align>
			<left>-5</left>
			<top>96%</top>
			<right>0</right>
			<font>font37</font>
			<label>$VAR[homelabelmainmenu]</label>
			<angle>90</angle>
		</control>
	

		<control type="group">
			<top>42%</top>
			<left>5</left>
			<control type="image">
			<width>30</width>
			<height>30</height>
			<animation condition="[Container(9000).HasNext]" effect="fade" start="250" end="25" time="150">Conditional</animation>
				<visible>[Container(9000).HasPrevious | Container(9000).HasNext]</visible>
				<aspectratio>keep</aspectratio>
				<texture flipy="true">buttons/spin-down.png</texture>
			</control>
			<control type="image">
				<width>30</width>
				<height>30</height>
				<animation condition="[Container(9000).HasPrevious]" effect="fade" start="250" end="25" time="150">Conditional</animation>
				<visible>[Container(9000).HasPrevious | Container(9000).HasNext]</visible>
				<top>25</top>
				<aspectratio>keep</aspectratio>
				<texture>buttons/spin-down.png</texture>
			</control>
		</control>
		
		
</controls>
</window>
