<?xml version="1.0" encoding="UTF-8"?>
<window>
	<defaultcontrol always="true">9000</defaultcontrol>
	<backgroundcolor>background</backgroundcolor>
	<onload>RunScript(script.skinshortcuts,type=buildxml&amp;mainmenuID=9000)</onload>
	<controls>

		<include content="SetBackGroundImage">
		<param name="list_id">9002</param>
		</include>
		<control type="list" id="89954">
		<width>1</width>
		<height>1</height>
		<itemlayout />
		<focusedlayout />
		<content>plugin://plugin.video.themoviedb.helper/?info=details&amp;type=movie&amp;query=$INFO[Container(9002).ListItem.Title]</content>
		</control>
		<control type="group">
		<animation condition="Control.HasFocus(9001) | Control.HasFocus(9004)" effect="zoom" center="auto" start="100,100" end="0,100" time="250" reverse="true">Conditional</animation>
		<right>1735</right>
		<left>10</left>
		<top>345</top>
		<bottom>205</bottom>
		<control type="image">
			<texture colordiffuse="gray" border="8,8,8,8">masks/box21.png</texture>
		</control>
		<control type="image">
			<top>2</top>
			<left>2</left>
			<right>2</right>
			<bottom>2</bottom>
			<texture border="8,8,8,8" colordiffuse="FF181818">masks/box.png</texture>
		</control>
		<control type="fixedlist" id="9000">
		<bottom>15</bottom>
		<top>15</top>
		<orientation>vertical</orientation>
		<scrolltime tween="cubic">500</scrolltime>
		<focusposition>4</focusposition>
		<movement>4</movement>
		<onclick>SetFocus(9001)</onclick>
		<onright>Control.SetFocus(9002)</onright>
		<onleft>Control.SetFocus(9004)</onleft>
		<ondown>false</ondown>
		<onup>false</onup>
		<itemlayout width="185" height="63">
		<control type="label">
			<align>center</align>
			<aligny>center</aligny>
			<font>font32</font>
			<textcolor>white</textcolor>
			<label>$INFO[ListItem.Label]</label>
		</control>
		</itemlayout>
		<focusedlayout width="185" height="63">
		<control type="image">
			<left>2</left>
			<right>13</right>
			<top>2</top>
			<bottom>2</bottom>
			<texture colordiffuse="white">colors/white.png</texture>
			<visible>Control.HasFocus(9000)</visible>
		</control>
		<control type="label">
			<aligny>center</aligny>
			<align>center</align>
			<font>font32</font>
			<label>$INFO[ListItem.Label]</label>
			<!-- <textcolor>$INFO[Skin.String(backgroundtextmenuscolor)]</textcolor> -->
			<visible>Control.HasFocus(9000)</visible>
		</control>
		<control type="label">
			<aligny>center</aligny>
			<align>center</align>
			<font>font32</font>
			<label>$INFO[ListItem.Label]</label>
			<textcolor>white</textcolor>
			<visible>!Control.HasFocus(9000)</visible>
		</control>
		<control type="label">
			<aligny>center</aligny>
			<align>center</align>
			<font>font32_title</font>
			<label>$INFO[ListItem.Label]</label>
			<textcolor>black</textcolor>
			<visible>Control.HasFocus(9000)</visible>
		</control>
		</focusedlayout>
		<content><include>skinshortcuts-mainmenu</include></content>
		</control>
		</control>
		
		<control type="group">
		<animation condition="Control.HasFocus(9000) | Control.HasFocus(9004)" effect="zoom" center="auto" start="100,100" end="0,100" delay="450" time="200">Conditional</animation>
		<animation condition="Control.HasFocus(9001)" effect="zoom" center="auto" start="0,100" end="100,100" delay="450" time="200">Conditional</animation>
		<visible allowhiddenfocus="true">Control.HasFocus(9001)</visible>
		<right>1735</right>
		<left>10</left>
		<top>345</top>
		<bottom>205</bottom>
			<control type="image">
			<texture colordiffuse="gray" border="8,8,8,8">masks/box21.png</texture>
		</control>
		<control type="image">
			<top>2</top>
			<left>2</left>
			<right>2</right>
			<bottom>2</bottom>
			<texture border="8,8,8,8" colordiffuse="FF181818">masks/box.png</texture>
		</control>		
		<control type="fixedlist" id="9001">
		<bottom>20</bottom>
		<top>20</top>
		<orientation>vertical</orientation>
		<scrolltime tween="cubic">500</scrolltime>
		<focusposition>3</focusposition>
		<movement>3</movement>
		<onback>9000</onback>
		<onright>9000</onright>
		<onleft>9000</onleft>
		<ondown>false</ondown>
		<onup>false</onup>
		<itemlayout width="175" height="123">
		<control type="image">
		<top>5</top>
		<left>5</left>
		<right>5</right>
		<bottom>5</bottom>
		<texture colordiffuse="25FFFFFF">colors/white.png</texture>
		</control>
		<control type="textbox">
			<left>5</left>
			<right>5</right>
			<top>5</top>
			<bottom>5</bottom>
			<align>center</align>
			<aligny>center</aligny>
			<textcolor>white</textcolor>
			<font>font12</font>
			<label>$INFO[ListItem.Label]</label>
		</control>
		</itemlayout>
		<focusedlayout width="175" height="123">
		<control type="image">
		<top>5</top>
		<left>5</left>
		<right>5</right>
		<bottom>5</bottom>
		<texture colordiffuse="25FFFFFF">colors/white.png</texture>
		</control>
		<control type="image">
		<top>5</top>
		<left>5</left>
		<right>5</right>
		<bottom>5</bottom>
		<texture diffuse="glass.jpg" colordiffuse="white">colors/white.png</texture>
		</control>		
		<control type="textbox">
			<left>5</left>
			<right>5</right>
			<top>5</top>
			<bottom>5</bottom>
			<aligny>center</aligny>
			<align>center</align>
			<font>font25_title</font>
			<label>$INFO[ListItem.Label]</label>
			<textcolor>black</textcolor>
			<visible>Control.HasFocus(9001)</visible>
		</control>
		</focusedlayout>
		<content><include>skinshortcuts-submenu</include></content>
		</control>
		</control>
		
		
		
		
		<control type="group">
		<animation condition="Control.HasFocus(9004)" effect="zoom" center="auto" start="0,100" end="100,100" delay="450" time="200">Conditional</animation>
		<visible allowhiddenfocus="true">Control.HasFocus(9004)</visible>
		<right>1735</right>
		<left>10</left>
		<top>345</top>
		<bottom>205</bottom>
			<control type="image">
			<texture colordiffuse="gray" border="8,8,8,8">masks/box21.png</texture>
		</control>
		<control type="image">
			<top>2</top>
			<left>2</left>
			<right>2</right>
			<bottom>2</bottom>
			<texture border="8,8,8,8" colordiffuse="FF181818">masks/box.png</texture>
		</control>		
		<control type="list" id="9004">
		<bottom>20</bottom>
		<top>20</top>
		<orientation>vertical</orientation>
		<scrolltime tween="cubic">500</scrolltime>
		<focusposition>1</focusposition>
		<movement>1</movement>
		<onback>9000</onback>
		<onright>9000</onright>
		<onleft>9000</onleft>
		<ondown>false</ondown>
		<onup>false</onup>
		<itemlayout width="175" height="323">
		<control type="image">
		<top>5</top>
		<left>5</left>
		<right>5</right>
		<bottom>5</bottom>
		<texture colordiffuse="25FFFFFF">colors/white.png</texture>
		</control>
		<control type="image">
			<bottom>100</bottom>
			<left>10</left>
			<right>10</right>
			<top>10</top>
			<texture fallback="fallbacks/fallback1.jpg">$INFO[ListItem.Icon]</texture>
		</control>
		<control type="textbox">
			<left>5</left>
			<right>5</right>
			<top>120</top>
			<bottom>5</bottom>
			<align>center</align>
			<aligny>center</aligny>
			<textcolor>white</textcolor>
			<font>font12</font>
			<label>$INFO[ListItem.Label]</label>
		</control>
		</itemlayout>
		<focusedlayout width="175" height="323">
		<control type="image">
		<top>5</top>
		<left>5</left>
		<right>5</right>
		<bottom>5</bottom>
		<texture colordiffuse="25FFFFFF">colors/white.png</texture>
		</control>
		<control type="image">
		<top>5</top>
		<left>5</left>
		<right>5</right>
		<bottom>5</bottom>
		<texture diffuse="glass.jpg" colordiffuse="white">colors/white.png</texture>
		</control>	
		<control type="image">
			<bottom>100</bottom>
			<left>10</left>
			<right>10</right>
			<top>10</top>
			<texture fallback="fallbacks/fallback1.jpg">$INFO[ListItem.Icon]</texture>
		</control>		
		<control type="textbox">
			<left>5</left>
			<right>5</right>
			<top>200</top>
			<bottom>5</bottom>
			<aligny>center</aligny>
			<align>center</align>
			<font>font25_title</font>
			<label>$INFO[ListItem.Label]</label>
			<textcolor>black</textcolor>
			<visible>Control.HasFocus(9004)</visible>
		</control>
		</focusedlayout>
		<content>favourites://</content>
		</control>
		</control>
		
				
				<control type="grouplist">
				<top>895</top>
				<height max="420">420</height>
				<width max="1000">1000</width>
				<align>right</align>
				<left>898</left>
				<itemgap>35</itemgap>
				<orientation>horizontal</orientation>
				<animation effect="fade" start="0" end="100" time="150">VisibleChange</animation>
					<include content="HomeWidetsDetails">
						<param name="visible">true</param>
						<param name="color">red</param>
						<param name="visibleimage">true</param>
						<param name="visiblelabel">false</param>
						<param name="fallback">fallbacks/Ghostfallback.png</param>
						<param name="image">$INFO[Container(89954).ListItem.Property(Cast.1.Thumb)]</param>
					</include>
					
					<include content="HomeWidetsDetails">
						<param name="visible">true</param>
						<param name="color">deepskyblue</param>
						<param name="visibleimage">true</param>
						<param name="visiblelabel">false</param>
						<param name="fallback">fallbacks/Ghostfallback.png</param>
						<param name="image">$INFO[Container(9002).ListItem.Art(clearlogo)]</param>
					</include>
					
					<include content="HomeWidetsDetails">
						<param name="visible">String.IsEqual(Container(9002).ListItem.DBTYPE,movie)</param>
						<param name="visibleimage">true</param>
						<param name="color">deeppink</param>
						<param name="visiblelabel">false</param>
						<param name="fallback">fallbacks/Ghostfallback.png</param>
						<param name="image">$INFO[Container(89954).ListItem.Property(Studio.1.Icon)]</param>
					</include>	
					
					<include content="HomeWidetsDetails">
						<param name="visible">!String.IsEmpty(Container(9002).ListItem.Studio) + [String.IsEqual(Container(9002).ListItem.DBTYPE,tvshow) | String.IsEqual(Container(9002).ListItem.DBTYPE,season) | String.IsEqual(Container(9002).ListItem.DBTYPE,episode)]</param>
						<param name="visibleimage">true</param>
						<param name="visiblelabel">false</param>
						<param name="extraimage">true</param>
						<param name="color">red</param>
						<param name="image">kodirdil/studiologos/$INFO[Container(9002).ListItem.Studio].png</param>
					</include>

					<include content="HomeWidetsDetails">
						<param name="visible">true</param>
						<param name="visibleimage">false</param>
						<param name="visiblelabel">true</param>
						<param name="color">orange</param>
						<param name="label">$INFO[System.Time(hh:mm:ss)]</param>
					</include>
				</control>
		
	


							
	
		<control type="group">
		<right>20</right>
		<left>192</left>
		<top>345</top>
		<bottom>205</bottom>
		<control type="group">
		<right>775</right>
		<control type="image">
			<texture colordiffuse="gray" border="8,8,8,8">masks/box21.png</texture>
		</control>
		<control type="image">
			<top>2</top>
			<left>2</left>
			<right>2</right>
			<bottom>2</bottom>
			<texture border="8,8,8,8" colordiffuse="FF181818">masks/box.png</texture>
		</control>
		
		<control type="group">
		<visible>Skin.HasSetting(fanartlandscapeflips) | [String.IsEmpty(Container(9002).ListItem.Art(fanart) | String.IsEmpty(Container(9002).ListItem.Art(landscape)]</visible>
		<control type="image">
			<top>4</top>
			<left>4</left>
			<right>4</right>
			<bottom>4</bottom>
			<fadetime>250</fadetime>
			<aspectratio>keep</aspectratio>
			<texture fallback="fallbacks/fallback1.jpg">$VAR[SetAllImageHomeWidget]</texture>
		</control>
		<control type="image">
			<top>535</top>
			<left>0</left>
			<right>0</right>
			<bottom>5</bottom>
			<fadetime>250</fadetime>
			<height>280</height>
			<texture diffuse="thumbs/thumb_diffuse.png" flipy="true">$VAR[SetAllImageHomeWidget]</texture>
		</control>
		<control type="image">
			<top>535</top>
			<left>0</left>
			<right>0</right>
			<bottom>5</bottom>
			<fadetime>250</fadetime>
			<height>280</height>
			<texture diffuse="thumbs/thumb_diffuse.png" flipy="true">$VAR[SetAllImageHomeWidget]</texture>
		</control>	
		</control>
		
		
		<control type="group">
		<visible>![Skin.HasSetting(fanartlandscapeflips) + String.IsEmpty(Container(9002).ListItem.Art(fanart) + String.IsEmpty(Container(9002).ListItem.Art(landscape)]</visible>
		<control type="group">
		<animation condition="Skin.HasSetting(fanartlandscapeflips) + ![String.IsEmpty(Container(9002).ListItem.Art(fanart) + String.IsEmpty(Container(9002).ListItem.Art(landscape)]" effect="fade" start="100" end="0" time="450" delay="150">Conditional</animation>
		<control type="image">
			<top>4</top>
			<left>4</left>
			<right>4</right>
			<bottom>4</bottom>
			<fadetime>250</fadetime>
			<aspectratio>keep</aspectratio>
			<texture>$INFO[Container(9002).ListItem.Art(fanart)]</texture>
		</control>
		<control type="image">
			<top>535</top>
			<left>0</left>
			<right>0</right>
			<bottom>5</bottom>
			<fadetime>250</fadetime>
			<height>280</height>
			<texture diffuse="thumbs/thumb_diffuse.png" flipy="true">$INFO[Container(9002).ListItem.Art(fanart)]</texture>
		</control>
		<control type="image">
			<top>535</top>
			<left>0</left>
			<right>0</right>
			<bottom>5</bottom>
			<fadetime>250</fadetime>
			<height>280</height>
			<texture diffuse="thumbs/thumb_diffuse.png" flipy="true">$INFO[Container(9002).ListItem.Art(fanart)]</texture>
		</control>
		</control>
		<control type="group">
		<animation condition="!String.IsEmpty(Container(9002).ListItem.Art(landscape) + System.IdleTime(5)" effect="fade" start="0" end="100" time="750" delay="250">Conditional</animation>
		<visible>!String.IsEmpty(Container(9002).ListItem.Art(fanart)</visible>
		<control type="image">
			<top>4</top>
			<left>4</left>
			<right>4</right>
			<bottom>4</bottom>
			<fadetime>250</fadetime>
			<aspectratio>keep</aspectratio>
			<texture>$INFO[Container(9002).ListItem.Art(landscape)]</texture>
		</control>
		<control type="image">
			<top>535</top>
			<left>0</left>
			<right>0</right>
			<bottom>5</bottom>
			<fadetime>250</fadetime>
			<height>280</height>
			<texture diffuse="thumbs/thumb_diffuse.png" flipy="true">$INFO[Container(9002).ListItem.Art(landscape)]</texture>
		</control>
		<control type="image">
			<top>535</top>
			<left>0</left>
			<right>0</right>
			<bottom>5</bottom>
			<fadetime>250</fadetime>
			<height>280</height>
			<texture diffuse="thumbs/thumb_diffuse.png" flipy="true">$INFO[Container(9002).ListItem.Art(landscape)]</texture>
		</control>
		</control>
		</control>
		<control type="image">
			<top>5</top>
			<left>5</left>
			<right>5</right>
			<bottom>5</bottom>
			<fadetime>250</fadetime>
			<texture>https://cdn.pixabay.com/photo/2024/06/30/10/28/sky-8862862_1280.png</texture>
			<visible>String.IsEqual(ListItem.Label,..)</visible>
		</control>
		<control type="image">
			<top>585</top>
			<left>0</left>
			<right>0</right>
			<bottom>5</bottom>
			<fadetime>250</fadetime>
			<height>280</height>
			<texture diffuse="thumbs/thumb_diffuse.png" flipy="true">https://cdn.pixabay.com/photo/2024/06/30/10/28/sky-8862862_1280.png</texture>
			<visible>String.IsEqual(ListItem.Label,..)</visible>
		</control>	
		</control>
		</control>
		
		
		<control type="grouplist">
		<left>905</left>
		<top>-10</top>
		<right>10</right>
		<width max="1000">1000</width>
		<bottom>800</bottom>
		<orientation>vertical</orientation>
		<itemgap>5</itemgap>
		<control type="group">
		<height max="80">80</height>
		<control type="label">
			<align>right</align>
			<font>font60</font>
			<label>$VAR[DBtypeLabeHomeWidget,[COLOR orange]סגנון:[/COLOR] ] [COLOR red]•[/COLOR] $INFO[Container(9002).ListItem.CurrentItem,[COLOR deepskyblue]אייטם:[/COLOR] ] [COLOR red]•[/COLOR] $INFO[Container(9002).NumItems,[COLOR deeppink]פריטים:[/COLOR] ]</label>
		</control>
		</control>
		<control type="label">
		<height>35</height>
		<align>right</align>
		<label>$INFO[Container(9002).ListItem.Property(TotalSeasons),[COLOR deepskyblue]סהכ עונות:[/COLOR] (,) ][COLOR red]•[/COLOR] $INFO[Container(9002).ListItem.Property(TotalEpisodes),[COLOR orange]סהכ פרקים:[/COLOR] (,)] [COLOR red]•[/COLOR] [COLOR deeppink]$VAR[SetHebStatusDialogVideoHomeWidget][/COLOR]
		</label>
		<visible>String.IsEqual(Container(9002).ListItem.DBTYPE,tvshow) + !String.IsEmpty(Container(9002).ListItem.Property(TotalSeasons) + !String.IsEmpty(Container(9002).ListItem.Property(TotalEpisodes)</visible>
		<visible>![String.Contains(Container(9002).ListItem.FolderPath,idanplus) | String.Contains(Container(9002).ListItem.FolderPath,telemedia)]</visible>
		</control>
		<control type="label">
		<height>35</height>
		<align>right</align>
		<label>[COLOR deepskyblue]אורך ה$VAR[DBtypeLabeHomeWidget]:[/COLOR] $INFO[Container(9002).ListItem.Duration] [COLOR red]•[/COLOR]$INFO[Container(9002).ListItem.Premiered, [COLOR orange]תאריך שחרור[/COLOR] (,)]</label>
		<visible>!String.Empty(Container(9002).ListItem.Duration) + !ListItem.HasEpg</visible>
		<visible>![String.Contains(Container(9002).ListItem.FolderPath,idanplus) | String.Contains(Container(9002).ListItem.FolderPath,telemedia)]</visible>
		</control>
		<control type="label">
			<height>35</height>
			<align>right</align>
			<textcolor>deepskyblue</textcolor>
			<label>$INFO[Container(9002).ListItem.Studio,[COLOR orange]רשת:[/COLOR] ]</label>
			<visible>!String.IsEmpty(Container(9002).ListItem.Studio) + String.IsEqual(Container(9002).ListItem.DBTYPE,tvshow)</visible>
			<visible>![String.Contains(Container(9002).ListItem.FolderPath,idanplus) | String.Contains(Container(9002).ListItem.FolderPath,telemedia)]</visible>
		</control>
		<control type="label">
			<height>35</height>
			<align>right</align>
			<textcolor>deepskyblue</textcolor>
			<label>$INFO[Container(9002).ListItem.Genre,[COLOR orange]ז'אנר:[/COLOR] ]</label>
			<visible>!String.IsEmpty(Container(9002).ListItem.Genre) + String.IsEqual(Container(9002).ListItem.DBTYPE,movie)</visible>
			<visible>![String.Contains(Container(9002).ListItem.FolderPath,idanplus) | String.Contains(Container(9002).ListItem.FolderPath,telemedia)]</visible>
		</control>	
		<control type="label">
			<height>35</height>
			<align>right</align>
			<textcolor>deepskyblue</textcolor>
			<label>$INFO[Container(9002).ListItem.Property(Budget),[COLOR orange]תקציב:[/COLOR] ][COLOR red] • [/COLOR]$INFO[Container(9002).ListItem.Property(Revenue),[COLOR orange]הכנסות:[/COLOR] ]</label>
			<visible>!String.IsEqual(Container(9002).ListItem.Property(Budget),$0) + String.IsEqual(Container(9002).ListItem.DBTYPE,movie)</visible>
			<visible>![String.Contains(Container(9002).ListItem.FolderPath,idanplus) | String.Contains(Container(9002).ListItem.FolderPath,telemedia)]</visible>
		</control>
			<control type="group">
			<control type="textbox">
				<right>0</right>
				<width>800</width>
				<height>127</height>
				<align>right</align>
				<textcolor>white</textcolor>
				<label>$INFO[Container(9002).ListItem.Plot,[COLOR deepskyblue]מידע[/COLOR][COLOR orange]:[/COLOR] ]</label>
				<visible>String.Contains(Container(9002).ListItem.FolderPath,idanplus) | String.Contains(Container(9002).ListItem.FolderPath,telemedia)</visible>
			</control>	
			</control>
		</control>
		
		<control type="image">
			<top>885</top>
			<width>500</width>
			<height>320</height>
			<texture>logos/mysignature.png</texture>
		</control>
		
		<control type="group">
		<right>850</right>
		<left>192</left>
		<top>325</top>
		<bottom>245</bottom>
		<control type="progress">
			<height>12</height>
			<info>ListItem.PercentPlayed</info>
			<visible>Integer.IsGreater(Container(9002).ListItem.PercentPlayed,5)</visible>
			<visible>!String.IsEqual(ListItem.Label,..)</visible>
			<animation effect="fade" start="0" end="100" time="250">Visible</animation>
			<animation effect="fade" start="100" end="0" time="250">Hidden</animation>
		</control>
		<control type="label">
			<top>-10</top>
			<left>888</left>
			<height>32</height>
			<width>50</width>
			<align>left</align>
			<width>20</width>
			<font>font10</font>
			<textcolor>orange</textcolor>
			<label>$INFO[Container(9002).ListItem.PercentPlayed]%</label>
			<visible>Integer.IsGreater(Container(9002).ListItem.PercentPlayed,5)</visible>
			<visible>!String.IsEqual(ListItem.Label,..)</visible>
			<animation effect="fade" start="0" end="100" time="250">Visible</animation>
			<animation effect="fade" start="100" end="0" time="250">Hidden</animation>
			</control>
		</control>
		
		<control type="group">
		<right>1735</right>
		<left>10</left>
		<top>302</top>
		<bottom>705</bottom>
		<control type="label">
			<animation effect="fade" start="0" end="100" time="500">VisibleChange</animation>
			<align>center</align>
			<visible>Control.HasFocus(9000)</visible>
			<textcolor>deeppink</textcolor>
			<label>תפריט ראשי</label>
		</control>
		<control type="label">
			<animation effect="fade" start="0" end="100" time="500">VisibleChange</animation>
			<align>center</align>
			<visible>Control.HasFocus(9001)</visible>
			<label>תת תפריט</label>
			<textcolor>deepskyblue</textcolor>
		</control>
		<control type="label">
			<animation effect="fade" start="0" end="100" time="500">VisibleChange</animation>
			<align>center</align>
			<visible>Control.HasFocus(9002)</visible>
			<label>תוכן</label>
			<textcolor>orange</textcolor>
		</control>
		<control type="group">
		<left>10</left>
		<visible>Control.HasFocus(9004)</visible>
		<control type="image">
			<width>35</width>
			<height>35</height>
			<texture colordiffuse="orange">https://www.iconsdb.com/icons/preview/white/star-2-xxl.png</texture>
		</control>
		<control type="label">
			<left>20</left>
			<animation effect="fade" start="0" end="100" time="500">VisibleChange</animation>
			<align>center</align>
			<label>מועדפים</label>
			<textcolor>deepskyblue</textcolor>
		</control>
		</control>
		</control>
	
	
	<control type="image">
		<top>-50</top>
		<left>-30</left>
		<width>280</width>
		<height>215</height>
		<bordertexture colordiffuse="black" border="2" infill="true" background="true">main/header-shadow-24.png</bordertexture>
		<bordersize>2</bordersize>
		<animation condition="true" effect="fade" end="40" time="0">Conditional</animation>
		<texture diffuse="glass.jpg" colordiffuse="deepskyblue">main/header.png</texture>
	</control>
	<control type="label">
		<top>-5</top>
		<height>50</height>
		<left>225</left>
		<label>Media Center</label>
		<font>font52_title</font>
	</control>
	<control type="label">
		<top>55</top>
		<height>50</height>
		<left>225</left>
		<textcolor>deepskyblue</textcolor>
		<font>font18</font>
		<label>$VAR[RatingHomeWidget] $VAR[VotesHomeWidget] $VAR[MpaaHomeWidget]</label>
	</control>
	<control type="label">
		<top>92</top>
		<height>50</height>
		<left>225</left>
		<right>1100</right>
		<textcolor>deepskyblue</textcolor>
		<font>font18</font>
		<label>$INFO[VideoPlayer.Title,[COLOR orange]Playing Now:[/COLOR] ]</label>
		<visible>Player.HasMedia</visible>
	</control>
	<control type="label">
		<top>92</top>
		<height>50</height>
		<left>225</left>
		<right>1100</right>
		<textcolor>deepskyblue</textcolor>
		<font>font18</font>
		<label>Playing Now: [COLOR orange]None[/COLOR]</label>
		<visible>!Player.HasMedia</visible>
	</control>
	<control type="grouplist">
	<top>0</top>
	<left>-10</left>
	<width max="200">280</width>
	<height max="250">85</height>
	<itemgap>10</itemgap>
	<orientation>vertical</orientation>
	<align>justify</align>
	<control type="group">
	<animation effect="fade" start="0" end="100" time="500">VisibleChange</animation>
	<height>25</height>
	<visible>Control.HasFocus(9001)</visible>
	<control type="label">
	<right>70</right>
		<align>right</align>
		<font>font10</font>
		<label>[B]לתפריט הראשי[/B]</label>
	</control>
	<control type="image">
	<top>5</top>
	<left>15</left>
		<width>50</width>
		<height>28</height>
		<texture flipx="true" colordiffuse="deepskyblue">https://www.iconsdb.com/icons/preview/color/FFF7F7/arrow-117-xxl.png</texture>
	</control>
	</control>
	<control type="group">
	<animation effect="fade" start="0" end="100" time="250">VisibleChange</animation>
	<height>25</height>
	<visible>Control.HasFocus(9000)</visible>
	<control type="label">
	<right>80</right>
		<align>right</align>
		<font>font10</font>
		<label>[B]לתת תפריט[/B]</label>
	</control>
	<control type="image">
	<top>5</top>
	<left>15</left>
		<width>50</width>
		<height>28</height>
		<texture>https://www.iconsdb.com/icons/preview/white/enter-xxl.png</texture>
		<colordiffuse>deepskyblue</colordiffuse>
	</control>
	</control>
	<control type="group">
	<animation effect="fade" start="0" end="100" time="250">VisibleChange</animation>
	<height>25</height>
	<visible>Control.HasFocus(9004)</visible>
	<control type="label">
	<right>60</right>
		<align>right</align>
		<font>font10</font>
		<label>[B]לתפריט הראשי[/B]</label>
	</control>
	<control type="image">
		<top>5</top>
		<left>15</left>
		<width>50</width>
		<height>28</height>
		<texture flipx="true">https://www.iconsdb.com/icons/preview/color/FFF7F7/arrow-117-xxl.png</texture>
		<colordiffuse>deepskyblue</colordiffuse>
	</control>
	</control>
	<control type="group">
	<animation effect="fade" start="0" end="100" time="250">VisibleChange</animation>
	<height>25</height>
	<visible>Control.HasFocus(9000)</visible>
	<control type="label">
	<right>80</right>
		<align>right</align>
		<font>font10</font>
		<label>[B]לתוכן[/B]</label>
	</control>
	<control type="image">
	<top>5</top>
	<left>15</left>
		<width>50</width>
		<height>28</height>
		<texture flipx="true" colordiffuse="red">https://www.iconsdb.com/icons/preview/color/FFF7F7/arrow-117-xxl.png</texture>
	</control>
	</control>
	<control type="group">
	<animation effect="fade" start="0" end="100" time="250">VisibleChange</animation>
	<height>25</height>
	<visible>Control.HasFocus(9000)</visible>
	<control type="label">
	<right>80</right>
		<align>right</align>
		<font>font10</font>
		<label>[B]למועדפים[/B]</label>
	</control>
	<control type="image">
	<top>5</top>
	<left>15</left>
		<width>50</width>
		<height>28</height>
		<texture colordiffuse="orange">https://www.iconsdb.com/icons/preview/color/FFF7F7/arrow-117-xxl.png</texture>
	</control>
	</control>
	<control type="group">
	<animation effect="fade" start="0" end="100" time="250">VisibleChange</animation>
	<height>25</height>
	<visible>Control.HasFocus(9002)</visible>
	<control type="label">
	<right>80</right>
		<align>right</align>
		<font>font10</font>
		<label>[B]לתפריט הראשי[/B]</label>
	</control>
	<control type="image">
	<top>5</top>
	<left>15</left>
		<width>30</width>
		<height>28</height>
		<texture colordiffuse="orange">https://www.iconsdb.com/icons/preview/color/FFF7F7/arrow-117-xxl.png</texture>
	</control>
	</control>
	<control type="group">
	<animation effect="fade" start="0" end="100" time="250">VisibleChange</animation>
	<height>25</height>
	<visible>Control.HasFocus(9002) + !String.IsEmpty(Container(9002).ListItem.Plot)</visible>
	<control type="label">
	<right>80</right>
		<align>right</align>
		<font>font10</font>
		<label>[B]מידע[/B]</label>
	</control>
	<control type="image">
	<top>5</top>
	<left>15</left>
		<width>30</width>
		<height>28</height>
		<texture flipx="true" colordiffuse="deepskyblue">https://www.iconsdb.com/icons/preview/color/FFF7F7/arrow-117-xxl.png</texture>
	</control>
	</control>
	</control>
	
	<control type="group">
	
	<right>15</right>
	<top>980</top>
	<bottom>10</bottom>
	<left>0</left>
	<control type="label">
	<align>right</align>
	<font>font_clock</font>
	<label>$INFO[System.Date]</label>
	</control>
	</control>
	
	<include content="BusyListSpinner">
		<param name="list_id" value="9002"/>
		<param name="top" value="150"/>
		<param name="left" value="850"/>
	</include>
	
		<include content="MiniVideoBottom">
			<param name="visible" value="true"/>
			<param name="top" value="755"/>
			<param name="left" value="225"/>
		</include>
	
	
				<control type="group">
				<top>345</top>
				<height>80</height>
				<width>80</width>
				<left>1046</left>
				<align>right</align>
				<animation effect="fade" start="0" end="100" time="250">VisibleChange</animation>
				<visible>String.IsEqual(Container(9002).ListItem.Year,2025)</visible>
				<control type="image">
					<top>5</top>
					<left>5</left>
					<right>5</right>
					<bottom>5</bottom>
					<texture flipx="true" diffuse="glass.jpg" colordiffuse="deeppink">icons/wflag2.png</texture>
				</control>
				<control type="label">
					<right>5</right>
					<top>5</top>
					<left>15</left>
					<width>70</width>
					<height>50</height>
					<bottom>7</bottom>
					<label>חדש</label>
					<angle>-45</angle>
					<font>font12</font>
					<align>center</align>
					<aligny>center</aligny>
					<textcolor>white</textcolor>
				</control>
				</control>
	
	<include>skinshortcuts-template-widget</include>
	
</controls>
</window>
