<?xml version="1.0" encoding="UTF-8"?>
<includes>
	<include name="Animation_FocusTextureFade">
		<animation effect="fade" start="0" end="100" time="200" tween="sine">Focus</animation>
		<animation effect="fade" start="100" end="0" time="0">UnFocus</animation>
	</include>
	<include name="FocusBounce">
		<animation type="Focus" reversible="false">
			<effect type="zoom" end="105" time="75" tween="sine" easing="out" center="auto" />
			<effect type="zoom" end="95" time="225" tween="sine" delay="100" easing="out" center="auto" />
		</animation>
	</include>
	<include name="FocusBounceMenus">
		<animation type="Focus" condition="!Skin.HasSetting(NoFocusAnimations)" reversible="false">
			<effect type="zoom" end="125" time="75" tween="sine" easing="out" center="auto" />
			<effect type="zoom" end="80" time="225" tween="sine" delay="100" easing="out" center="auto" />
		</animation>
	</include>
	<include name="Animation_DialogPopupOpenClose">
		<animation type="WindowOpen" reversible="false">
			<effect type="zoom" start="80" end="100" center="50%,50%" delay="40" tween="back" time="80" />
			<effect type="fade" delay="40" end="100" time="80" />
		</animation>
		<animation type="WindowClose" reversible="false">
			<effect type="zoom" start="100" end="80" center="50%,50%" easing="in" tween="back" time="80" />
			<effect type="fade" start="100" end="0" time="80" />
		</animation>
		<depth>DepthDialog</depth>
	</include>
	<include name="Animation_DialogPopupVisible">
		<animation type="Visible" reversible="false">
			<effect type="zoom" start="80" end="100" center="50%,50%" delay="160" tween="back" time="240" />
			<effect type="fade" delay="160" end="100" time="240" />
		</animation>
		<animation type="Hidden" reversible="false">
			<effect type="zoom" start="100" end="80" center="50%,50%" easing="in" tween="back" time="240" />
			<effect type="fade" start="100" end="0" time="240" />
		</animation>
	</include>
	<include name="Visible_Fade">
		<animation effect="fade" end="100" time="200">Visible</animation>
		<animation effect="fade" start="100" end="0" time="200">Hidden</animation>
	</include>
	<include name="Visible_Fade_fix">
		<animation effect="fade" end="100" time="150">Visible</animation>
		<animation effect="fade" start="100" end="0" time="250">Hidden</animation>
		<animation type="zoom" center="auto" start="100,100" end="80,80" time="150">Hidden</animation>
	</include>
	<include name="OpenClose_Fade">
		<animation effect="fade" end="100" time="200">WindowOpen</animation>
		<animation effect="fade" start="100" end="0" time="200">WindowClose</animation>
	</include>
	<include name="Visible_Right_Delayed">
		<include condition="Skin.HasSetting(no_slide_animations)">Visible_Fade</include>
		<include content="Vis_FadeSlide_Right_Delayed" condition="!Skin.HasSetting(no_slide_animations)">
			<param name="id" value="$PARAM[id]" />
		</include>
	</include>
	<include name="Vis_FadeSlide_Right_Delayed">
		<animation type="Conditional" condition="String.IsEqual(Container(9000).ListItem.Property(id),$PARAM[id])">
			<effect type="fade" start="0" end="100" time="300" tween="sine" delay="300" easing="out" />
			<effect type="slide" start="50" end="0" time="400" delay="300" tween="cubic" easing="out" />
		</animation>
		<animation type="Hidden">
			<effect type="fade" start="100" end="0" time="400" tween="sine" easing="out" />
			<effect type="slide" start="0" end="50" time="400" tween="cubic" easing="out" />
		</animation>
	</include>
	<!-- <include name="Visible_Right"> -->
		<!-- <include condition="Skin.HasSetting(no_slide_animations)">Visible_Fade</include> -->
		<!-- <include condition="!Skin.HasSetting(no_slide_animations)">Vis_FadeSlide_Right</include> -->
	<!-- </include> -->
	<include name="Animation_TopSlide">
		<animation type="WindowOpen" reversible="False">
			<effect type="fade" start="0" end="100" time="300"/>
			<effect type="slide" start="0,-200" end="0,0" time="300" tween="cubic" easing="out" />
		</animation>
		<animation type="WindowClose" reversible="False">
			<effect type="fade" start="100" end="0" time="300"/>
			<effect type="slide" start="0,0" end="0,-200" time="300" tween="cubic" easing="out" />
		</animation>
	</include>
	<include name="Animation_BottomSlide">
		<animation type="WindowOpen" reversible="False">
			<effect type="fade" start="0" end="250" time="250" delay="150"/>
		</animation>
		<animation type="WindowClose" reversible="False">
			<effect type="fade" start="100" end="0" time="250" delay="150"/>
		</animation>
	</include>
	<include name="Vis_FadeSlide_Right">
		<animation type="Visible" reversible="False">
			<effect type="fade" start="0" end="100" time="300" tween="sine" easing="out"/>
			<effect type="slide" start="320" end="0" time="400" tween="cubic" easing="out" />
		</animation>
		<animation type="Hidden" reversible="False">
			<effect type="fade" start="100" end="0" time="300" tween="sine" easing="out" />
			<effect type="slide" start="0" end="320" time="300" tween="cubic" easing="out" />
		</animation>
	</include>
	<!-- <include name="Visible_Left"> -->
		<!-- <include condition="Skin.HasSetting(no_slide_animations)">Visible_Fade</include> -->
		<!-- <include condition="!Skin.HasSetting(no_slide_animations)">Vis_FadeSlide_Left</include> -->
	<!-- </include> -->
	<include name="Vis_FadeSlide_Left">
		<animation type="Visible" reversible="False">
			<effect type="fade" start="0" end="100" time="300" tween="sine" easing="out" />
			<effect type="slide" start="-320" end="0" time="400" tween="cubic" easing="out" />
		</animation>
		<animation type="Hidden" reversible="False">
			<effect type="fade" start="100" end="0" time="300" tween="sine" easing="out" />
			<effect type="slide" start="0" end="-320" time="300" tween="cubic" easing="out" />
		</animation>
	</include>
	<!-- <include name="OpenClose_Left"> -->
		<!-- <include condition="Skin.HasSetting(no_slide_animations)">OpenClose_Fade</include> -->
		<!-- <include condition="!Skin.HasSetting(no_slide_animations)">OpenClose_FadeSlide_Left</include> -->
	<!-- </include> -->
	<include name="OpenClose_FadeSlide_Left">
		<animation type="WindowOpen">
			<effect type="fade" start="0" end="100" time="300" tween="sine" easing="out" />
			<effect type="slide" start="-50" end="0" time="400" tween="cubic" easing="out" />
		</animation>
		<animation type="WindowClose">
			<effect type="fade" start="100" end="0" time="300" tween="sine" easing="out" />
			<effect type="slide" start="0" end="-50" time="400" tween="cubic" easing="out" />
		</animation>
	</include>
	<!-- <include name="OpenClose_Right"> -->
		<!-- <include condition="Skin.HasSetting(no_slide_animations)">OpenClose_Fade</include> -->
		<!-- <include condition="!Skin.HasSetting(no_slide_animations)">OpenClose_FadeSlide_Right</include> -->
	<!-- </include> -->
	<include name="OpenClose_FadeSlide_Right">
		<animation type="WindowOpen">
			<effect type="fade" start="0" end="100" time="300" tween="sine" easing="out" />
			<effect type="slide" start="320" end="0" time="400" tween="cubic" easing="out" />
		</animation>
		<animation type="WindowClose">
			<effect type="fade" start="100" end="0" time="300" tween="sine" easing="out" />
			<effect type="slide" start="0" end="320" time="300" tween="cubic" easing="out" />
		</animation>
	</include>
	<include name="Keyboard_Slide_Up">
		<animation type="WindowOpen">
			<effect type="fade" start="0" end="100" time="300" tween="sine" easing="out" />
			<effect type="slide" start="0,1080" end="0,0" time="400" tween="cubic" easing="out" />
		</animation>
		<animation type="WindowClose">
			<effect type="fade" start="100" end="0" time="300" tween="sine" easing="out" />
			<effect type="slide" start="0,0" end="0,1080" time="400" tween="cubic" easing="out" />
		</animation>
	</include>
	
	<include name="SetSlideAnimation">
	<definition>
	<param name="end" default="-400"/>
	<animation condition="$PARAM[setproperty]" effect="slide" end="$PARAM[end]" time="0">Conditional</animation>
	</definition>
	</include>
	
	<include name="lefttoright_fix">
		<animation type="WindowOpen">
			<effect type="slide" start="-150" end="0" time="150" tween="sine" easing="inout"/>
			<effect type="fade" start="0" end="100" time="150" delay="50"/>
		</animation>
		<animation type="WindowClose">
			<effect type="slide" start="0" end="-150" time="150" tween="sine" easing="inout"/>
			<effect type="fade" start="100" end="0" time="150" delay="50"/>
		</animation>
	</include>
	<include name="righttoleft_fix">
		<animation type="WindowOpen">
			<effect type="slide" start="150" end="0" time="250" tween="sine" easing="inout"/>
			<effect type="fade" start="0" end="100" time="250" delay="50"/>
			</animation>
		<animation type="WindowClose">
			<effect type="slide" start="0" end="150" time="250" tween="sine" easing="inout"/>
			<effect type="fade" start="100" end="0" time="250" delay="50"/>
		</animation>
	</include>
	
	<include name="preFix_Flags_Positions">
			<animation condition="$PARAM[condition]" effect="slide" start="0" end="$PARAM[end]" time="0">Conditional</animation>
	</include>
	
	<include name="preFix_VideoOSDZoomFocused">
		<animation condition="Container($PARAM[id]).Position(0)" effect="slide" start="0" end="0" time="120" tween="sine" easing="inout">Conditional</animation>
		<animation condition="Container($PARAM[id]).Position(1)" effect="slide" start="0" end="120" time="120" tween="sine" easing="inout">Conditional</animation>
		<animation condition="Container($PARAM[id]).Position(2)" effect="slide" start="0" end="240" time="120" tween="sine" easing="inout">Conditional</animation>
		<animation condition="Container($PARAM[id]).Position(3)" effect="slide" start="0" end="360" time="120" tween="sine" easing="inout">Conditional</animation>
		<animation condition="Container($PARAM[id]).Position(4)" effect="slide" start="0" end="480" time="120" tween="sine" easing="inout">Conditional</animation>
	</include>
	
	<include name="dialogvisible">
		<animation type="Visible">
		<effect type="fade" start="0" end="100" time="350" delay="150" tween="sine" easing="inout"/>
		</animation>
		<animation type="Hidden">
		<effect type="fade" start="100" end="0" time="350" tween="sine" easing="inout"/>
		</animation>
	</include>
	
	<include name="fade_fix">
		<animation condition="true" effect="fade" end="65" time="0">Conditional</animation>
	</include>
	
	<include name="fadebganimation">
		<param name="id" default="backgroundfade"/>
		<definition>
			<animation condition="Skin.String($PARAM[id],95)" effect="fade" start="0" end="95" time="0">Conditional</animation>
			<animation condition="Skin.String($PARAM[id],90)" effect="fade" start="0" end="90" time="0">Conditional</animation>
			<animation condition="Skin.String($PARAM[id],85)" effect="fade" start="0" end="85" time="0">Conditional</animation>
			<animation condition="Skin.String($PARAM[id],80)" effect="fade" start="0" end="80" time="0">Conditional</animation>
			<animation condition="Skin.String($PARAM[id],75)" effect="fade" start="0" end="75" time="0">Conditional</animation>
			<animation condition="Skin.String($PARAM[id],70)" effect="fade" start="0" end="70" time="0">Conditional</animation>
			<animation condition="Skin.String($PARAM[id],65)" effect="fade" start="0" end="65" time="0">Conditional</animation>
			<animation condition="Skin.String($PARAM[id],60)" effect="fade" start="0" end="60" time="0">Conditional</animation>
			<animation condition="Skin.String($PARAM[id],55)" effect="fade" start="0" end="55" time="0">Conditional</animation>
			<animation condition="Skin.String($PARAM[id],50)" effect="fade" start="0" end="50" time="0">Conditional</animation>
			<animation condition="Skin.String($PARAM[id],45)" effect="fade" start="0" end="45" time="0">Conditional</animation>
			<animation condition="Skin.String($PARAM[id],40)" effect="fade" start="0" end="40" time="0">Conditional</animation>
			<animation condition="Skin.String($PARAM[id],35)" effect="fade" start="0" end="35" time="0">Conditional</animation>
			<animation condition="Skin.String($PARAM[id],30)" effect="fade" start="0" end="30" time="0">Conditional</animation>
			<animation condition="Skin.String($PARAM[id],25)" effect="fade" start="0" end="25" time="0">Conditional</animation>
			<animation condition="Skin.String($PARAM[id],20)" effect="fade" start="0" end="20" time="0">Conditional</animation>
			<animation condition="Skin.String($PARAM[id],15)" effect="fade" start="0" end="15" time="0">Conditional</animation>
			<animation condition="Skin.String($PARAM[id],10)" effect="fade" start="0" end="10" time="0">Conditional</animation>
		</definition>
	</include>
	<include name="fadebganimatonbuttonclick">
		<param name="id" default="backgroundfade"/>
		<definition>
			<onclick condition="String.IsEmpty(Skin.String($PARAM[id],95)">Skin.SetString($PARAM[id],95)</onclick>
			<onclick condition="Skin.String($PARAM[id],95)">Skin.SetString($PARAM[id],90)</onclick>
			<onclick condition="Skin.String($PARAM[id],90)">Skin.SetString($PARAM[id],85)</onclick>
			<onclick condition="Skin.String($PARAM[id],85)">Skin.SetString($PARAM[id],80)</onclick>
			<onclick condition="Skin.String($PARAM[id],80)">Skin.SetString($PARAM[id],75)</onclick>
			<onclick condition="Skin.String($PARAM[id],75)">Skin.SetString($PARAM[id],70)</onclick>
			<onclick condition="Skin.String($PARAM[id],70)">Skin.SetString($PARAM[id],65)</onclick>
			<onclick condition="Skin.String($PARAM[id],65)">Skin.SetString($PARAM[id],60)</onclick>
			<onclick condition="Skin.String($PARAM[id],60)">Skin.SetString($PARAM[id],55)</onclick>
			<onclick condition="Skin.String($PARAM[id],55)">Skin.SetString($PARAM[id],50)</onclick>
			<onclick condition="Skin.String($PARAM[id],50)">Skin.SetString($PARAM[id],45)</onclick>
			<onclick condition="Skin.String($PARAM[id],45)">Skin.SetString($PARAM[id],40)</onclick>
			<onclick condition="Skin.String($PARAM[id],40)">Skin.SetString($PARAM[id],35)</onclick>
			<onclick condition="Skin.String($PARAM[id],35)">Skin.SetString($PARAM[id],30)</onclick>
			<onclick condition="Skin.String($PARAM[id],30)">Skin.SetString($PARAM[id],25)</onclick>
			<onclick condition="Skin.String($PARAM[id],25)">Skin.SetString($PARAM[id],20)</onclick>
			<onclick condition="Skin.String($PARAM[id],20)">Skin.SetString($PARAM[id],15)</onclick>
			<onclick condition="Skin.String($PARAM[id],15)">Skin.SetString($PARAM[id],10)</onclick>
			<onclick condition="Skin.String($PARAM[id],10)">Skin.SetString($PARAM[id],95)</onclick>
		</definition>
	</include>

	<include name="Animation_DialogPopupOpenCloseVisible">
		<animation type="Visible" reversible="false">
			<effect type="zoom" start="80" end="100" center="50%,50%" delay="40" tween="back" time="80" />
			<effect type="fade" delay="40" end="100" time="80" />
		</animation>
		<animation type="Hidden" reversible="false">
			<effect type="zoom" start="100" end="80" center="50%,50%" easing="in" tween="back" time="80" />
			<effect type="fade" start="100" end="0" time="80" />
		</animation>
		<depth>DepthDialog</depth>
	</include>
	
	<include name="fade_top">
		<animation type="Visible">
			<effect type="slide" start="0,50" end="0,0" time="250" tween="sine" easing="inout"/>
			<effect type="fade" start="0" end="100" time="250" delay="50" tween="sine" easing="inout"/>
		</animation>
		<animation type="Hidden">
			<effect type="slide" start="0,0" end="0,50" time="250" tween="sine" easing="inout"/>
			<effect type="fade" start="100" end="0" time="250" delay="50" tween="sine" easing="inout"/>
		</animation>
		<animation type="WindowOpen">
			<effect type="slide" start="0,50" end="0,0" time="250" tween="sine" easing="inout"/>
			<effect type="fade" start="0" end="100" time="250" delay="50" tween="sine" easing="inout"/>
		</animation>
		<animation type="WindowClose">
			<effect type="slide" start="0,0" end="0,50" time="250" tween="sine" easing="inout"/>
			<effect type="fade" start="100" end="0" time="250" delay="50" tween="sine" easing="inout"/>
		</animation>
	</include>
	
	<include name="VisibleHiddenWindowCloseWindowOpenAnim">
		<animation type="WindowOpen">
			<effect type="fade" start="0" end="100" time="350" delay="450" tween="sine" easing="inout"/>
		</animation>
		<animation type="WindowClose">
			<effect type="fade" start="100" end="0" time="0" tween="sine" easing="inout"/>
		</animation>
		<animation type="Visible">
			<effect type="fade" start="0" end="100" time="350" delay="450" tween="sine" easing="inout"/>
		</animation>
		<animation type="Hidden">
			<effect type="fade" start="100" end="0" time="0" tween="sine" easing="inout"/>
		</animation>
	</include>
	
	    <include name="modalDialogInOutVerticalVisible">
        <animation type="Visible">
        <effect type="fade" start="0" end="100" time="250" delay="150"/>
        <effect type="slide" start="0,-48" end="0" center="auto" tween="back" easing="out" time="250" delay="150"/>	
        </animation>
        <animation type="WindowOpen">
        <effect type="fade" start="0" end="100" time="250" delay="150"/>
        <effect type="slide" start="0,-48" end="0" center="auto" tween="back" easing="out" time="250" delay="150"/>	
        </animation>
        <animation type="Hidden">
            <effect type="fade" start="100" end="0" time="250"/>
            <effect type="slide" start="0,0" end="0,-48" center="auto" tween="back" easing="out" time="450" delay="150"/>	
        </animation>
        <animation type="WindowClose">
            <effect type="fade" start="100" end="0" time="250"/>
            <effect type="slide" start="0,0" end="0,-48" center="auto" tween="back" easing="out" time="450" delay="150"/>	
        </animation>
    </include>
</includes>
