<?xml version="1.0" encoding="UTF-8"?>
<includes>
	
<include name="DialogVideo2">

	<control type="list" id="99951">
		<top>15</top>
		<left>-1008</left>
		<width>1540</width>
		<height>500</height>
		<onup>8000</onup>
		<onback>8000</onback>
		<onleft>Control.SetFocus(98883)</onleft>
		<orientation>horizontal</orientation>
		<scrolltime tween="sine" easing="inout">350</scrolltime>
		<itemlayout width="1" height="1">
		</itemlayout>
		<focusedlayout width="1" height="1">
		</focusedlayout>
			<content>plugin://plugin.video.themoviedb.helper?info=details&amp;detailed=true&amp;type=movie&amp;imdb_id=$INFO[ListItem.IMDBNumber]</content>
		</control>
		
	<control type="group">
	<visible>![Control.HasFocus(9104) | Control.HasFocus(9105) | Control.HasFocus(9106) | Control.HasFocus(9107)]</visible>
	<control type="group">
				<control type="group">		
				<control type="image">
					<left>25</left>
					<top>15</top>
					<width>420</width>
					<height>670</height>
					<bordertexture colordiffuse="white">colors/white.png</bordertexture>
					<bordersize>5</bordersize>
					<texture fallback="$PARAM[fallback_image]" background="true">$VAR[iconviewtype]</texture>
				</control>
				<control type="image">
				<animation type="Conditional" condition="String.IsEqual(Container(9102).ListItem.Property(id),information) | String.IsEqual(Container(9102).ListItem.Property(id),stop) | String.IsEqual(Container(9102).ListItem.Property(id),actros)">
					<effect type="slide" start="0" end="50" time="250" tween="sine" easing="inout"/>
					<effect type="fade" start="100" end="0" time="0"/>
				</animation>
					<left>465</left>
					<top>15</top>
					<width>1425</width>
					<height>670</height>
					<fadetime>300</fadetime>
					<bordertexture colordiffuse="white">colors/white.png</bordertexture>
					<bordersize>5</bordersize>
					<texture fallback="$PARAM[fallback_image]" background="true">$INFO[ListItem.Art(fanart)]</texture>
				</control>
				<control type="group">
				<animation type="Conditional" condition="String.IsEqual(Container(9102).ListItem.Property(id),information) | String.IsEqual(Container(9102).ListItem.Property(id),stop)">
					<effect type="slide" start="0" end="50" time="250" tween="sine" easing="inout"/>
					<effect type="fade" start="100" end="0" time="250"/>
				</animation>
					<control type="label">
					<top>48%</top>
					<right>0</right>
					<left>50%</left>
					<width>900</width>
					<height>40</height>>
					<align>right</align>
					<aligny>ceneter</aligny>
					<font>WeatherTemp</font>
					<label>סדרה חדשה</label>
					<visible>String.IsEqual(ListItem.Year,2025) + String.IsEqual(ListItem.DBTYPE,tvshow)</visible>
				</control>
				</control>
				</control>
						<control type="button" id="7">
						<visible>false</visible>
						</control>
						<control type="button" id="8">
						<visible>false</visible>
						</control>
						<control type="button" id="11">
						<visible>false</visible>
						</control>
							<control type="group">
							<animation effect="fade" start="0" end="100" time="350">Visible</animation>
							<animation effect="fade" start="100" end="0" time="250">Hidden</animation>
							<control type="label">
								<top>720</top>
								<left>0</left>
								<width>1920</width>
								<height>80</height>
								<align>center</align>
								<font>font52_title</font>
								<label>[COLOR white]$INFO[ListItem.Label][/COLOR] $INFO[ListItem.Year,([COLOR white],[/COLOR])]</label>
							</control>
								<control type="textbox">
								<autoscroll fade="7000" time="7000" repeat="4000">!Control.HasFocus(1132)</autoscroll>
									<top>785</top>
									<left>0</left>
									<width>1880</width>
									<height>145</height>
									<align>center</align>
									<aligny>center</aligny>
									<font>font45</font>
									<pagecontrol>1132</pagecontrol>
									<label>$INFO[ListItem.Plot]</label>
								</control>
								<control type="scrollbar" id="1132">
									<include>dialogvisible</include>
									<left>98.8%</left>
									<top>72%</top>
									<width>12</width>
									<height>145</height>
									<bottom>26</bottom>
									<onback>9102</onback>
									<onleft>9102</onleft>
									<orientation>vertical</orientation>
								</control>
							</control>

						<control type="group">
						<visible>String.IsEqual(Container(9102).ListItem.Property(id),information)</visible>
							<animation type="Conditional" condition="String.IsEqual(Container(9102).ListItem.Property(id),information)">
								<effect type="slide" start="50" end="0" time="250" tween="sine" easing="inout"/>
								<effect type="fade" start="0" end="100" time="250"/>
							</animation>
							<width>1495</width>
							<height>675</height>
							<left>475</left>
							<top>15</top>
							<control type="panel" id="1112">
								<orientation>vertical</orientation>
								<scrolltime tween="cubic">550</scrolltime>
								<onup>false</onup>
								<ondown>false</ondown>
								<onleft>false</onleft>
								<onright>false</onright>
								<onback>9102</onback>
									<itemlayout width="295" height="236">
									<control type="group">
										<width>235</width>
										<height>195</height>
									<control type="image">
										<left>0</left>
										<right>0</right>
										<top>0</top>
										<bottom>0</bottom>
										<texture colordiffuse="50FFFFFF">colors/white.png</texture>
									</control>
									<control type="image">
										<left>2</left>
										<right>2</right>
										<top>2</top>
										<bottom>2</bottom>
										<texture colordiffuse="black">colors/white.png</texture>
									</control>
										<control type="label">
											<top>35</top>
											<left>0</left>
											<width>235</width>
											<height>25</height>
											<align>center</align>
											<aligny>center</aligny>
											<font>font30_title</font>
											<textcolor>white</textcolor>
											<label>$INFO[ListItem.Label]</label>
										</control>
										<control type="textbox">
											<top>70</top>
											<left>0</left>
											<width>235</width>
											<height>85</height>
											<align>center</align>
											<aligny>center</aligny>
											<label fallback="n/a">$INFO[ListItem.Label2]</label>
										</control>
										</control>
										</itemlayout>
										<focusedlayout width="295" height="236">
										<control type="group">
										<width>235</width>
										<height>195</height>
										<animation type="Focus">
										<effect type="zoom" start="100" end="107" time="120" tween="sine" easing="inout" center="95,125"/>
										</animation>
										<animation type="Unfocus">
										<effect type="zoom" start="107" end="100" time="120" tween="sine" easing="inout" center="95,125"/>
										</animation>
										<control type="image">
											<left>0</left>
											<right>0</right>
											<top>0</top>
											<bottom>0</bottom>
											<texture colordiffuse="50FFFFFF">colors/white.png</texture>
										</control>
										<control type="image">
											<left>2</left>
											<right>2</right>
											<top>2</top>
											<bottom>2</bottom>
											<texture colordiffuse="black">colors/white.png</texture>
										</control>
										<control type="label">
											<top>35</top>
											<left>0</left>
											<width>235</width>
											<height>25</height>
											<align>center</align>
											<aligny>center</aligny>
											<font>font30_title</font>
											<textcolor>white</textcolor>
											<label>$INFO[ListItem.Label]</label>
										</control>
										<control type="textbox">
											<top>70</top>
											<left>0</left>
											<width>235</width>
											<height>85</height>
											<align>center</align>
											<aligny>center</aligny>
											<label fallback="n/a">$INFO[ListItem.Label2]</label>
										</control>
										</control>
										</focusedlayout>
										<content>
										<item id="1">
											<label>מסתיים</label>
											<label2>$INFO[ListItem.EndTime]</label2>
											<onclick>-</onclick>
										</item>	
										<item id="2">
											<label>מתחיל</label>
											<label2>$INFO[System.Time]</label2>
											<onclick>-</onclick>
										</item>
										<item id="3">
											<label>אורך</label>
											<label2>$VAR[duration_fix]</label2>
											<onclick>-</onclick>
										</item>	
										<item id="4">
											<label>גיל</label>
											<label2>$INFO[ListItem.Mpaa]</label2>
											<onclick>-</onclick>
										</item>
										<item id="1">
											<label>עונות</label>
											<label2>$INFO[ListItem.Property(TotalSeasons)]</label2>
											<onclick>-</onclick>
										</item>	
										<item id="5">
											<label>פרקים</label>
											<label2>$INFO[ListItem.Property(TotalEpisodes)]</label2>
											<onclick>-</onclick>
										</item>	
										<item id="6">
											<label>דירוג</label>
											<label2>$INFO[ListItem.Rating]</label2>
											<onclick>-</onclick>
										</item>
										<item id="7">
											<label>הצבעות</label>
											<label2>$INFO[ListItem.RatingAndVotes]</label2>
											<onclick>-</onclick>
										</item>	
										<item id="8">
											<label>תאריך התחלה</label>
											<label2>$INFO[ListItem.StartDate]</label2>
											<onclick>-</onclick>
										</item>										
										<item id="9">
											<label>תאריך שחרור</label>
											<label2>$INFO[ListItem.Premiered]</label2>
											<onclick>-</onclick>
										</item>
										<item id="10">
											<label>סטטוס</label>
											<label2>[COLOR burlywood]$VAR[SetHebStatusDialogVideo][/COLOR]</label2>
											<onclick>-</onclick>
										</item>
										<item id="11">
											<label>שנה</label>
											<label2>$INFO[ListItem.Year]</label2>
											<onclick>-</onclick>
										</item>
										<item id="12">
											<label>רשת</label>
											<label2>$INFO[ListItem.Property(network)]</label2>
											<onclick>-</onclick>
										</item>
										<item id="13">
											<label>סוג</label>
											<label2>$VAR[DBtypeLabel]</label2>
											<onclick>-</onclick>
										</item>
										<item id="14">
											<label>ז'אנר</label>
											<label2>$INFO[ListItem.Genre]</label2>
											<onclick>-</onclick>
										</item>										
										<item id="15">
											<label>סלוגן</label>
											<label2>$INFO[ListItem.Tagline]</label2>
											<onclick>-</onclick>
										</item>
										<item id="16">
											<visible>String.IsEqual(ListItem.Year,2024)</visible>
											<label>מצב</label>
											<label2>חדש</label2>
											<onclick>-</onclick>
										</item>
										<item id="17">
											<label>כותב</label>
											<label2>$INFO[ListItem.Writer]</label2>
											<onclick>-</onclick>
										</item>
										<item id="18">
											<label>במאי</label>
											<label2>$INFO[ListItem.Director]</label2>
											<onclick>-</onclick>
										</item>
										<item id="20">
											<label>לא נצפו</label>
											<label2>$INFO[ListItem.Property(UnWatchedEpisodes)]</label2>
											<onclick>-</onclick>
										</item>
										<item id="22">
											<label>נצפה</label>
											<label2>$INFO[ListItem.LastPlayed]</label2>
											<onclick>-</onclick>
										</item>	
										<item id="23">
											<label>תהליך צפייה</label>
											<label2>$INFO[ListItem.Progress]</label2>
											<onclick>-</onclick>
										</item>	
										</content>
										</control>
									</control>
							<control type="image">
								<animation condition="true" effect="fade" start="0" end="100" time="850" delay="1850">Visible</animation>
								<top>92%</top>
								<left>25</left>
								<width>250</width>
								<height>80</height>
								<aspectratio align="left" aligny="left">keep</aspectratio>
								<texture>$INFO[ListItem.Art(clearlogo)]</texture>
								<colordiffuse>80FFFFFF</colordiffuse>
							</control>	
							<control type="image">
								<animation condition="true" effect="fade" start="0" end="100" time="850" delay="1850">Visible</animation>
								<top>88.4%</top>
								<left>75%</left>
								<width>450</width>
								<height>125</height>
								<aspectratio align="right" aligny="right">keep</aspectratio>
								<texture>$INFO[ListItem.Art(clearart)]</texture>
								<colordiffuse>80FFFFFF</colordiffuse>
							</control>
							<control type="group">
							<visible>String.IsEqual(Container(9102).ListItem.Property(id),stop)</visible>
							<animation type="Conditional" condition="String.IsEqual(Container(9102).ListItem.Property(id),stop) + Player.HasVideo">
							<effect type="slide" start="100" end="0" time="250" tween="sine" easing="inout"/>
							</animation>
							<left>200</left>
							<top>0</top>
							<control type="image">
								<left>230</left>
								<top>-25</top>
								<right>15</right>
								<left>-15</left>
								<width>1500</width>
								<height>750</height>
								<bordertexture border="40">shadows/shadow-40.png</bordertexture>
								<bordersize>40</bordersize>
								<texture>colors/white.png</texture>
								<colordiffuse>black</colordiffuse>
							</control>	
							<control type="VideoWindow">
								<left>300</left>
								<top>35</top>
								<width>1350</width>
								<height>630</height>
								<depth>DepthBackground</depth>
								<aspectratio scalediffuse="false" align="center" aligny="center">keep</aspectratio>
							</control>
							</control>	
						</control>
						
						<control type="group">
						<animation type="Conditional" condition="!String.IsEqual(Container(9102).ListItem.Property(id),actros)">
							<effect type="slide" start="0" end="50" time="250" tween="sine" easing="inout"/>
							<effect type="fade" start="100" end="0" time="250"/>
						</animation>
						<visible>String.IsEqual(Container(9102).ListItem.Property(id),actros)</visible>
						<include content="BusyListSpinner">
							<param name="list_id" value="50022"/>
							<param name="posy" value="340"/>
							<param name="posx" value="140"/>
							<param name="visible" value="String.IsEqual(Container(9102).ListItem.Property(id),actros) + !Container(50022).IsUpdating"/>
						</include>
							<control type="image">
								<left>430</left>
								<top>-25</top>
								<right>15</right>
								<left>-15</left>
								<width>1500</width>
								<height>750</height>
								<bordertexture border="40">shadows/shadow-40.png</bordertexture>
								<bordersize>40</bordersize>
								<texture>colors/white.png</texture>
								<colordiffuse>black</colordiffuse>
							</control>	
							<control type="fixedlist" id="50022">
		
							<onback>9102</onback>
							<ondown>Control.SetFocus(9102)</ondown>
							<left>29.2%</left>
							<top>8.5%</top>
							<width>1220</width>
							<height>720</height>
							<onright>false</onright>
							<onleft>false</onleft>
							<scrolltime tween="cubic">550</scrolltime>
							<orientation>horizontal</orientation>
							<focusposition>0</focusposition>
							<itemlayout width="405" height="520">
							<control type="group">
							<width>415</width>
							<control type="image">
									<top>10</top>
									<left>10</left>
									<right>10</right>
									<bottom>10</bottom>
									<texture border="8" background="true" infill="false">masks/box21.png</texture>
								</control>
								<control type="image">
									<top>10</top>
									<left>10</left>
									<right>10</right>
									<bottom>10</bottom>
									<texture border="3" colordiffuse="95181818" background="true" infill="true">masks/box.png</texture>
								</control>
								<control type="image">
									<top>10</top>
									<left>10</left>
									<right>10</right>
									<bottom>10</bottom>
									<fadetime>250</fadetime>
									<bordertexture>common/rounded-shadow8.png</bordertexture>
									<bordersize>3</bordersize>
									<aspectratio scalediffuse="false">scale</aspectratio>
									<texture diffuse="diffuse/widgetsquare_new.png" background="true" infill="false">$INFO[ListItem.Icon]</texture>
								</control>	
								<control type="image">
									<top>89%</top>
									<left>3%</left>
									<height>45</height>
									<width>390.5</width>
									<texture colordiffuse="98000000">shadows/shadow_mask2.png</texture>
								</control>
								<control type="label">
									<top>89.8%</top>
									<left>3%</left>
									<align>center</align>
									<width>390.5</width>
									<label>$INFO[ListItem.Label]</label>
								</control>
							</control>
							</itemlayout>
							<focusedlayout width="405" height="520">
							<control type="group">
							<width>415</width>
							<animation effect="zoom" start="100,100" end="110,110" time="200" delay="50" center="auto">Focus</animation>
							<animation effect="zoom" start="110,110" end="100,100" time="180" center="auto">UnFocus</animation>
							<control type="image">
									<top>10</top>
									<left>10</left>
									<right>10</right>
									<bottom>10</bottom>
									<texture border="8" background="true" infill="false">masks/box21.png</texture>
								</control>
								<control type="image">
									<top>10</top>
									<left>10</left>
									<right>10</right>
									<bottom>10</bottom>
									<texture border="3" colordiffuse="95181818" background="true" infill="true">masks/box.png</texture>
								</control>
								<control type="image">
									<top>10</top>
									<left>10</left>
									<right>10</right>
									<bottom>10</bottom>
									<fadetime>250</fadetime>
									<bordertexture>common/rounded-shadow8.png</bordertexture>
									<bordersize>3</bordersize>
									<aspectratio scalediffuse="false">scale</aspectratio>
									<texture diffuse="diffuse/widgetsquare_new.png" background="true" infill="false">$INFO[ListItem.Icon]</texture>
								</control>	
								<control type="image">
									<top>89%</top>
									<left>3%</left>
									<height>45</height>
									<width>390.5</width>
									<texture colordiffuse="98000000">shadows/shadow_mask2.png</texture>
								</control>
								<control type="label">
									<top>89.8%</top>
									<left>3%</left>
									<align>center</align>
									<width>390.5</width>
									<label>$INFO[ListItem.Label]</label>
								</control>
							</control>
							</focusedlayout>
							<content>plugin://plugin.video.themoviedb.helper?info=cast&amp;type=movie&amp;imdb_id=$INFO[ListItem.IMDBNumber]</content>
						</control>
						</control>
					</control>
				<control type="group">
				<left>-135</left>
				<top>-50</top>
				<animation condition="Player.HasVideo + !Control.HasFocus(9102)" effect="slide" start="0,0" end="0,50" time="350" tween="sine" easing="inout">Conditional</animation>
				<control type="group">
				<animation type="Conditional" condition="Control.HasFocus(9102)">
				<effect type="fade" start="100" end="0" time="250"/>
				</animation>
				<visible>Player.HasVideo | Control.HasFocus(9104) + ![Control.HasFocus(9102)]</visible>
				<control type="group">
				<centertop>48%</centertop>
				<centerleft>82.5%</centerleft>
				<width>460</width>
				<height>935</height>
				<control type="image">
					<left>1</left>
					<right>1</right>
					<top>1</top>
					<bottom>1</bottom>
					<texture border="5" colordiffuse="gray">masks/poster_w460_h680.png</texture>
				</control>
				<control type="image">
					<left>2</left>
					<right>2</right>
					<top>2</top>
					<bottom>2</bottom>
					<texture border="5" colordiffuse="98181818">masks/poster_w460_h680.png</texture>
				</control>
				</control>
				<control type="group">
				<centertop>48%</centertop>
				<centerleft>50%</centerleft>
				<width>1500</width>
				<height>935</height>
				<control type="image">
					<left>1</left>
					<right>1</right>
					<top>1</top>
					<bottom>1</bottom>
					<texture colordiffuse="gray">masks/landscape_w1140_h680.png</texture>
				</control>
				<control type="image">
					<left>2</left>
					<right>2</right>
					<top>2</top>
					<bottom>2</bottom>
					<texture colordiffuse="FF181818">masks/landscape_w1140_h680.png</texture>
				</control>
				</control>
				<include content="SetHeaderLine">
					<param name="left" value="14.5%"/>
					<param name="top" value="8%"/>
					<param name="width" value="1455"/>
					<param name="height" value="75"/>
				</include>
				<control type="group">
				<centertop>52%</centertop>
				<centerleft>50%</centerleft>
				<width>1495</width>
				<height>720</height>
				<control type="image">
					<left>1</left>
					<right>1</right>
					<top>1</top>
					<bottom>1</bottom>
					<texture colordiffuse="black">masks/landscape_w1140_h680.png</texture>
				</control>
				<control type="VideoWindow">
					<left>80</left>
					<top>20</top>
					<width>1350</width>
					<height>680</height>
					<depth>DepthBackground</depth>
					<aspectratio>keep</aspectratio>
				</control>
				</control>
		<control type="group">
		<centerleft>92%</centerleft>
		<centertop>50%</centertop>
		<width>250</width>
		<height>750</height>
			<control type="list" id="9104">
				<align>center</align>
				<onback>9102</onback>
				<onleft>SetFocus($INFO[Container(9104).ListItem.Property(item)],0)</onleft>
				<scrolltime tween="cubic" easing="inout">500</scrolltime>
				<orientation>vertical</orientation>
				<itemlayout width="220" height="105">
				<control type="image">
					<animation condition="true" effect="fade" start="100" end="10" time="250">Conditional</animation>
					<top>0</top>
					<left>0</left>
					<width>170</width>
					<height>170</height>
					<texture colordiffuse="gray">masks/circlebutton.png</texture>
				</control>
					<control type="label">
						<top>35</top>
						<left>35</left>
						<width>100</width>
						<height>100</height>
						<align>center</align>
						<aligny>center</aligny>
						<font>font_flag</font>
						<label>$INFO[ListItem.Label]</label>
					</control>
				</itemlayout>
				<focusedlayout width="220" height="105">
				<control type="image">
					<animation condition="true" effect="fade" start="100" end="10" time="250">Conditional</animation>
					<top>0</top>
					<left>0</left>
					<width>170</width>
					<height>170</height>
					<texture colordiffuse="gray">masks/circlebutton.png</texture>
				</control>
				<control type="image">
					<animation condition="!Control.HasFocus(9104)" effect="fade" start="100" end="10" time="250">Conditional</animation>
					<top>0</top>
					<left>0</left>
					<width>170</width>
					<height>170</height>
					<bordertexture colordiffuse="white">masks/circlebutton.png</bordertexture>
					<bordersize>5</bordersize>
					<texture colordiffuse="gray">masks/circlebutton.png</texture>
				</control>
					<control type="label">
						<top>35</top>
						<left>35</left>
						<width>100</width>
						<height>100</height>
						<align>center</align>
						<aligny>center</aligny>
						<textcolor>black</textcolor>
						<font>font_flag</font>
						<label>$INFO[ListItem.Label]</label>
					</control>
					<!-- <control type="button"> -->
					<!-- <left>-1000</left> -->
					<!-- <top>-1000</top> -->
					<!-- <width>1</width> -->
					<!-- <height>1</height> -->
					<!-- <onunfocus condition="Player.HasVideo">PlayerControl(stop)</onunfocus> -->
					<!-- </control> -->
					</focusedlayout>
				<content>
				<item id="1">
					<label>קדימון</label>
					<onclick>PlayMedia($INFO[ListItem.Trailer],1)</onclick>
					<onclick>SetFocus(9104)</onclick>
					<property name="id">trailer</property>
					<visible>!Player.HasVideo</visible>
				</item>
				<item id="2">
					<visible>Player.HasMedia</visible>
					<label>עצור</label>
					<onclick>Stop</onclick>
					<onclick>Control.SetFocus(9102)</onclick>
					<property name="id">stop</property>
				</item>
				<item id="3">
					<visible>String.IsEqual(ListItem.DBTYPE,movie) + !Player.Paused</visible>
					<label>השהה</label>
					<property name="id">play</property>
					<property name="click">sendclick</property>
					<onclick>PlayerControl(play)</onclick>
				</item>
				<item id="3">
					<visible>String.IsEqual(ListItem.DBTYPE,movie) + Player.Paused</visible>
					<label>נגן</label>
					<property name="id">play</property>
					<property name="click">sendclick</property>
					<onclick>PlayerControl(play)</onclick>
				</item>
				<item id="4">
					<visible>String.IsEqual(ListItem.DBTYPE,tvshow)</visible>
					<label>פתח</label>
					<onclick>SendClick(8)</onclick>
					<property name="id">open</property>
					<property name="click">sendclick</property>
				</item>
				<item id="6">
					<label>מידע</label>
					<!-- <onclick>Control.SetFocus(1112)</onclick> -->
					<property name="id">information</property>
					<property name="item">$NUMBER[9107]</property>
					<visible>String.IsEqual(ListItem.DBTYPE,movie) | Container.Content(movies)</visible>
				</item>
				<item id="7">
					<label>טריילרים</label>
					<!-- <onclick>Control.SetFocus(1112)</onclick> -->
					<property name="id">trailer</property>
					<property name="item">$NUMBER[9105]</property>
					<onclick>SetFocus(9105)</onclick>
					<visible>String.IsEqual(ListItem.DBTYPE,movie) | Container.Content(movies)</visible>
				</item>
				<item id="7">
					<label>שחקנים</label>
					<!-- <onclick>Control.SetFocus(1112)</onclick> -->
					<property name="id">actros</property>
					<property name="item">$NUMBER[9106]</property>
					<visible>String.IsEqual(ListItem.DBTYPE,movie) | Container.Content(movies)</visible>
					<onclick>SetFocus(9106)</onclick>
					
				</item>
				</content>
			</control>
			</control>
			</control>
		<control type="group">
		<animation condition="Player.HasVideo + !Control.HasFocus(9102)" effect="fade" start="100" end="0" time="350" tween="sine" easing="inout">Conditional</animation>
		<centerleft>53%</centerleft>
		<centertop>99.5%</centertop>
		<width>880</width>
		<height>250</height>
		<control type="image">
		<visible>String.IsEqual(ListItem.DBTYPE,movie) | Container.Content(movies)</visible>
			<top>45</top>
			<left>-10</left>
			<width>850</width>
			<height>80</height>
			<bordertexture colordiffuse="black" border="24">shadows/shadow-24.png</bordertexture>
			<bordersize>24</bordersize>
			<texture colordiffuse="black">colors/white.png</texture>
		</control>
		<control type="image">
		<visible>![String.IsEqual(ListItem.DBTYPE,movie) | Container.Content(movies) + Player.HasVideo]</visible>
		<animation condition="![String.IsEqual(ListItem.DBTYPE,movie) | Container.Content(movies) + Player.HasVideo]" effect="slide" start="0" end="100" time="0">Conditional</animation>
		<animation condition="![String.IsEqual(ListItem.DBTYPE,movie) | Container.Content(movies)] + Player.HasVideo" effect="slide" start="0" end="-100" time="0">Conditional</animation>
			<top>45</top>
			<left>-10</left>
			<width>630</width>
			<height>80</height>
			<bordertexture colordiffuse="black" border="24">shadows/shadow-24.png</bordertexture>
			<bordersize>24</bordersize>
			<texture colordiffuse="black">colors/white.png</texture>
		</control>
		<control type="image">
		<visible>![String.IsEqual(ListItem.DBTYPE,movie) | Container.Content(movies)] + Player.HasVideo</visible>
		<animation condition="![String.IsEqual(ListItem.DBTYPE,movie) | Container.Content(movies) + Player.HasVideo]" effect="slide" start="0" end="-100" time="0">Conditional</animation>
		<animation condition="![String.IsEqual(ListItem.DBTYPE,movie) | Container.Content(movies)] + Player.HasVideo" effect="slide" start="0" end="100" time="0">Conditional</animation>
			<top>45</top>
			<left>-10</left>
			<width>850</width>
			<height>80</height>
			<bordertexture colordiffuse="black" border="24">shadows/shadow-24.png</bordertexture>
			<bordersize>24</bordersize>
			<texture colordiffuse="black">colors/white.png</texture>
		</control>
				<control type="list" id="9102">
				<animation condition="![String.IsEqual(ListItem.DBTYPE,movie) | Container.Content(movies)] + Player.HasVideo" effect="slide" start="0" end="-100" time="0">Conditional</animation>
				<animation condition="![String.IsEqual(ListItem.DBTYPE,movie) | Container.Content(movies)]" effect="slide" start="0" end="100" time="0">Conditional</animation>
				<align>center</align>
				<onright>false</onright>
				<onleft>false</onleft>
				<onup>SetFocus($INFO[Container(9102).ListItem.Property(item)])</onup>
				<scrolltime tween="cubic" easing="inout">500</scrolltime>
				<orientation>horizontal</orientation>
				<itemlayout width="220" height="105">
				<control type="image">
					<animation condition="true" effect="fade" start="100" end="10" time="250">Conditional</animation>
					<top>0</top>
					<left>0</left>
					<width>170</width>
					<height>170</height>
					<texture colordiffuse="gray">masks/circlebutton.png</texture>
				</control>
					<control type="label">
						<top>35</top>
						<left>35</left>
						<width>100</width>
						<height>100</height>
						<align>center</align>
						<aligny>center</aligny>
						<font>font_flag</font>
						<label>$INFO[ListItem.Label]</label>
					</control>
				</itemlayout>
				<focusedlayout width="220" height="105">
				<control type="image">
					<animation condition="true" effect="fade" start="100" end="10" time="250">Conditional</animation>
					<top>0</top>
					<left>0</left>
					<width>170</width>
					<height>170</height>
					<texture colordiffuse="gray">masks/circlebutton.png</texture>
				</control>
				<control type="image">
					<animation condition="!Control.HasFocus(9102)" effect="fade" start="100" end="10" time="250">Conditional</animation>
					<top>0</top>
					<left>0</left>
					<width>170</width>
					<height>170</height>
					<bordertexture colordiffuse="white">masks/circlebutton.png</bordertexture>
					<bordersize>5</bordersize>
					<texture colordiffuse="gray">masks/circlebutton.png</texture>
				</control>
					<control type="label">
						<top>35</top>
						<left>35</left>
						<width>100</width>
						<height>100</height>
						<align>center</align>
						<aligny>center</aligny>
						<textcolor>black</textcolor>
						<font>font_flag</font>
						<label>$INFO[ListItem.Label]</label>
					</control>
					<!-- <control type="button"> -->
					<!-- <left>-1000</left> -->
					<!-- <top>-1000</top> -->
					<!-- <width>1</width> -->
					<!-- <height>1</height> -->
					<!-- <onunfocus condition="Player.HasVideo">PlayerControl(stop)</onunfocus> -->
					<!-- </control> -->
					</focusedlayout>
				<content>
				<item id="1">
					<label>קדימון</label>
					<onclick condition="!Player.HasVideo">PlayMedia($INFO[ListItem.Trailer],1)</onclick>
					<onclick>SetFocus(9104,0)</onclick>
					<property name="id">trailer</property>
				</item>
				<item id="2">
					<visible>Player.HasMedia</visible>
					<label>עצור</label>
					<onclick>Stop</onclick>
					<property name="id">stop</property>
				</item>
				<item id="3">
					<visible>String.IsEqual(ListItem.DBTYPE,movie)</visible>
					<onclick>SendClick(8)</onclick>
					<label>נגן</label>
					<property name="id">play</property>
				</item>
				<item id="4">
					<visible>String.IsEqual(ListItem.DBTYPE,tvshow)</visible>
					<label>פתח</label>
					<onclick>SendClick(8)</onclick>
					<property name="id">open</property>
				</item>

				<item id="5">
					<label>שחקנים</label>
					<!-- <onclick>Control.SetFocus(1112)</onclick> -->
					<property name="id">actros</property>
					<property name="item">$NUMBER[50022]</property>
					<visible>Container.Content(movies) | String.IsEqual(ListItem.DBTYPE,movie) + !Integer.IsEqual(Container(50022).NumItems,0)</visible>
					<onclick>SetFocus(50022)</onclick>
				</item>
				<item id="6">
					<label>מידע</label>
					<!-- <onclick>Control.SetFocus(1112)</onclick> -->
					<property name="id">information</property>
					<property name="item">$NUMBER[1132]</property>
					<onclick>SetProperty(Text_Header,$ESCINFO[ListItem.Label],home)</onclick>
					<onclick>SetProperty(Text_HeaderGenre,$ESCINFO[ListItem.Genre],home)</onclick>
					<onclick>SetProperty(TextViewer_TextDialog,$ESCINFO[ListItem.Plot],home)</onclick>
					<onclick>ActivateWindow(1102)</onclick>
				</item>
				</content>
			</control>
	</control>

	<control type="group">
	<width>500</width>
	<height>700</height>
	<centertop>50%</centertop>
	<centerleft>70%</centerleft>
	<animation type="Visible">
		<effect type="slide" start="50,0" end="0,0" time="250" tween="sine" easing="inout"/>
		<effect type="fade" start="0" end="100" time="250"/>
	</animation>
	<animation type="Hidden">
		<effect type="slide" start="0,0" end="50,0" time="250" tween="sine" easing="inout"/>
		<effect type="fade" start="100" end="0" time="250"/>
	</animation>
	<visible>String.IsEqual(Container(9104).ListItem.Property(id),trailer) + Player.HasVideo</visible>
	<visible>!Control.HasFocus(9102)</visible>
	<control type="group">
	<top>100</top>
	<animation condition="String.IsEqual(Container(9104).ListItem.Property(id),trailer) + Player.HasVideo" effect="slide" start="0" end="-600" time="450" tween="sine" easing="inout">Conditional</animation>
	<width>520</width>
	<height>520</height>
	<control type="image">
			<left>2</left>
			<right>2</right>
			<top>2</top>
			<bottom>2</bottom>
			<texture colordiffuse="gray">masks/square_w460_h460.png</texture>
		</control>
		<control type="image">
			<left>3</left>
			<right>3</right>
			<top>3</top>
			<bottom>3</bottom>
			<texture colordiffuse="FF181818">masks/square_w460_h460.png</texture>
		</control>
		<control type="image">
			<left>6</left>
			<right>6</right>
			<top>6</top>
			<bottom>6</bottom>
			<texture diffuse="masks/square_w460_h460.png">$INFO[VideoPlayer.Cover]</texture>
		</control>
		</control>
	<control type="group">
	<width>520</width>
	<height>720</height>
	<control type="image">
			<left>2</left>
			<right>2</right>
			<top>2</top>
			<bottom>2</bottom>
			<texture colordiffuse="gray">masks/poster_w460_h680.png</texture>
		</control>
		<control type="image">
			<left>3</left>
			<right>3</right>
			<top>3</top>
			<bottom>3</bottom>
			<texture colordiffuse="FF181818">masks/poster_w460_h680.png</texture>
		</control>
		</control>
		<control type="list" id="9105">
		<left>20</left>
		<top>20</top>
		<height>695</height>
		<onback>9104</onback>
		<onright>9104</onright>
		<onup>false</onup>
		<ondown>false</ondown>
		<scrolltime tween="cubic">550</scrolltime>
		<orientation>vertical</orientation>
		<itemlayout width="500" height="115">
			<control type="group">
			<height>100</height>
			<control type="image">
				<height>45</height>
				<width>45</width>
				<left>88.2%</left>
				<top>25</top>
				<bordertexture colordiffuse="white">masks/circlebutton.png</bordertexture>
				<bordersize>4</bordersize>
				<aspectratio>keep</aspectratio>
				<texture colordiffuse="FF181818">masks/circlebutton.png</texture>
			</control>

			<control type="image">
				<left>5</left>
				<top>5</top>
				<width>85</width>
				<height>85</height>
				<texture diffuse="masks/box.png">$INFO[ListItem.Icon]</texture>
			</control>
			<control type="textbox">
				<left>105</left>
				<width>300</width>
				<height>95</height>
				<aligny>center</aligny>
				<label>$INFO[ListItem.Label]</label>
			</control>
			</control>
		</itemlayout>
		<focusedlayout width="500" height="115">
			<control type="group">
			<height>100</height>
			<control type="image">
				<visible>Control.HasFocus(9105)</visible>
				<height>95</height>
				<texture colordiffuse="25FFFFFF">colors/white.png</texture>
			</control>
			<control type="image">
				<height>45</height>
				<width>45</width>
				<left>88.2%</left>
				<top>25</top>
				<bordertexture colordiffuse="white">masks/circlebutton.png</bordertexture>
				<bordersize>4</bordersize>
				<aspectratio>keep</aspectratio>
				<texture colordiffuse="FF181818">masks/circlebutton.png</texture>
			</control>
			<control type="image">
				<left>5</left>
				<top>5</top>
				<width>85</width>
				<height>85</height>
				<texture diffuse="masks/box.png">$INFO[ListItem.Icon]</texture>
			</control>
			<control type="textbox">
				<left>105</left>
				<height>95</height>
				<width>300</width>
				<aligny>center</aligny>
				<label>$INFO[ListItem.Label]</label>
			</control>
			</control>
		</focusedlayout>
		<content>plugin://plugin.video.themoviedb.helper?info=videos&amp;type=movie&amp;imdb_id=$INFO[ListItem.IMDBNumber]</content>
		</control>
		</control>

	<control type="group">
	<width>500</width>
	<height>700</height>
	<centertop>50%</centertop>
	<centerleft>70%</centerleft>
	<animation type="Visible">
		<effect type="slide" start="50,0" end="0,0" time="250" tween="sine" easing="inout"/>
		<effect type="fade" start="0" end="100" time="250"/>
	</animation>
	<animation type="Hidden">
		<effect type="slide" start="0,0" end="50,0" time="250" tween="sine" easing="inout"/>
		<effect type="fade" start="100" end="0" time="250"/>
	</animation>
	<visible>String.IsEqual(Container(9104).ListItem.Property(id),actros) + Player.HasVideo</visible>
	<visible>!Control.HasFocus(9102)</visible>
	<control type="group">
	<top>100</top>
	<animation condition="String.IsEqual(Container(9104).ListItem.Property(id),actros) + Player.HasVideo" effect="slide" start="0" end="-485" time="450" tween="sine" easing="inout">Conditional</animation>
	<width>415</width>
	<height>520</height>
	<control type="image">
		<top>10</top>
		<left>10</left>
		<right>10</right>
		<bottom>10</bottom>
		<texture border="8" background="true" infill="false">masks/box21.png</texture>
	</control>
	<control type="image">
		<top>10</top>
		<left>10</left>
		<right>10</right>
		<bottom>10</bottom>
		<texture border="3" colordiffuse="95181818" background="true" infill="true">masks/box.png</texture>
	</control>
	<control type="image">
		<top>10</top>
		<left>10</left>
		<right>10</right>
		<bottom>10</bottom>
		<fadetime>250</fadetime>
		<bordertexture>common/rounded-shadow8.png</bordertexture>
		<bordersize>3</bordersize>
		<aspectratio scalediffuse="false">scale</aspectratio>
		<texture diffuse="diffuse/widgetsquare_new.png" background="true" infill="false">$INFO[Container(9106).ListItem.Icon]</texture>
	</control>	
	</control>
	<control type="group">
	<width>520</width>
	<height>720</height>
	<control type="image">
			<left>2</left>
			<right>2</right>
			<top>2</top>
			<bottom>2</bottom>
			<texture colordiffuse="gray">masks/poster_w460_h680.png</texture>
		</control>
		<control type="image">
			<left>3</left>
			<right>3</right>
			<top>3</top>
			<bottom>3</bottom>
			<texture colordiffuse="FF181818">masks/poster_w460_h680.png</texture>
		</control>
		</control>
		<control type="list" id="9106">
		<left>20</left>
		<top>20</top>
		<height>695</height>
		<onback>9104</onback>
		<onright>9104</onright>
		<onup>false</onup>
		<ondown>false</ondown>
		<scrolltime tween="cubic">550</scrolltime>
		<orientation>vertical</orientation>
		<itemlayout width="500" height="115">
			<control type="group">
			<height>100</height>
			<control type="image">
				<height>45</height>
				<width>45</width>
				<left>88.2%</left>
				<top>25</top>
				<bordertexture colordiffuse="white">masks/circlebutton.png</bordertexture>
				<bordersize>4</bordersize>
				<aspectratio>keep</aspectratio>
				<texture colordiffuse="FF181818">masks/circlebutton.png</texture>
			</control>
			<control type="image">
				<left>5</left>
				<top>5</top>
				<width>85</width>
				<height>85</height>
				<texture diffuse="masks/box.png">$INFO[ListItem.Icon]</texture>
			</control>
			<control type="textbox">
				<left>105</left>
				<width>300</width>
				<height>95</height>
				<aligny>center</aligny>
				<label>$INFO[ListItem.Label]</label>
			</control>
			</control>
		</itemlayout>
		<focusedlayout width="500" height="115">
			<control type="group">
			<height>100</height>
			<control type="image">
				<visible>Control.HasFocus(9106)</visible>
				<height>95</height>
				<texture colordiffuse="25FFFFFF">colors/white.png</texture>
			</control>
			<control type="image">
				<height>45</height>
				<width>45</width>
				<left>88.2%</left>
				<top>25</top>
				<bordertexture colordiffuse="white">masks/circlebutton.png</bordertexture>
				<bordersize>4</bordersize>
				<aspectratio>keep</aspectratio>
				<texture colordiffuse="FF181818">masks/circlebutton.png</texture>
			</control>
			<control type="image">
				<left>5</left>
				<top>5</top>
				<width>85</width>
				<height>85</height>
				<texture diffuse="masks/box.png">$INFO[ListItem.Icon]</texture>
			</control>
			<control type="textbox">
				<left>105</left>
				<height>95</height>
				<width>300</width>
				<aligny>center</aligny>
				<label>$INFO[ListItem.Label]</label>
			</control>
			</control>
		</focusedlayout>
		<content>plugin://plugin.video.themoviedb.helper?info=cast&amp;type=movie&amp;imdb_id=$INFO[ListItem.IMDBNumber]</content>
		</control>
		</control>
		
		
	<control type="group">
	<width>500</width>
	<height>700</height>
	<centertop>50%</centertop>
	<centerleft>70%</centerleft>
	<animation type="Visible">
		<effect type="slide" start="50,0" end="0,0" time="250" tween="sine" easing="inout"/>
		<effect type="fade" start="0" end="100" time="250"/>
	</animation>
	<animation type="Hidden">
		<effect type="slide" start="0,0" end="50,0" time="250" tween="sine" easing="inout"/>
		<effect type="fade" start="100" end="0" time="250"/>
	</animation>
	<visible>String.IsEqual(Container(9104).ListItem.Property(id),information) + Player.HasVideo</visible>
	<visible>!Control.HasFocus(9102)</visible>
	<control type="group">
	<top>100</top>
	<animation condition="String.IsEqual(Container(9104).ListItem.Property(id),information) + Player.HasVideo" effect="slide" start="0" end="-500" time="450" tween="sine" easing="inout">Conditional</animation>
	<width>415</width>
	<height>520</height>
	<control type="image">
			<left>2</left>
			<right>2</right>
			<top>2</top>
			<bottom>2</bottom>
			<texture colordiffuse="gray">masks/square_w460_h460.png</texture>
		</control>
		<control type="image">
			<left>3</left>
			<right>3</right>
			<top>3</top>
			<bottom>3</bottom>
			<texture colordiffuse="FF181818">masks/square_w460_h460.png</texture>
		</control>
		<control type="image">
			<left>6</left>
			<right>6</right>
			<top>6</top>
			<bottom>6</bottom>
			<texture fallback="fallbacks/fallback1.jpg" diffuse="masks/square_w460_h460.png">$INFO[Container(9107).ListItem.Icon]</texture>
		</control>
		</control>
	<control type="group">
	<width>520</width>
	<height>720</height>
	<control type="image">
			<left>2</left>
			<right>2</right>
			<top>2</top>
			<bottom>2</bottom>
			<texture colordiffuse="gray">masks/poster_w460_h680.png</texture>
		</control>
		<control type="image">
			<left>3</left>
			<right>3</right>
			<top>3</top>
			<bottom>3</bottom>
			<texture colordiffuse="FF181818">masks/poster_w460_h680.png</texture>
		</control>
		</control>
		<control type="list" id="9107">
		<left>20</left>
		<top>20</top>
		<height>695</height>
		<onback>9104</onback>
		<onright>9104</onright>
		<onup>false</onup>
		<ondown>false</ondown>
		<scrolltime tween="cubic">550</scrolltime>
		<orientation>vertical</orientation>
		<itemlayout width="500" height="115">
			<control type="group">
			<height>100</height>
			<control type="image">
				<height>45</height>
				<width>45</width>
				<left>88.2%</left>
				<top>25</top>
				<bordertexture colordiffuse="white">masks/circlebutton.png</bordertexture>
				<bordersize>4</bordersize>
				<aspectratio>keep</aspectratio>
				<texture colordiffuse="FF181818">masks/circlebutton.png</texture>
			</control>
   			<control type="image">
			<animation effect="fade" start="0" end="100" time="350">Visible</animation>
				<width>90</width>
				<height>90</height>
				<bordertexture colordiffuse="white">common/circle2.png</bordertexture>
				<bordersize>4</bordersize>
				<texture fallback="DefaultActorSolid.png" diffuse="common/circle2.png">$INFO[ListItem.Icon]</texture>
			</control>
   			<control type="image">
			<animation effect="fade" start="0" end="100" time="350">Visible</animation>
				<width>90</width>
				<height>90</height>
				<bordertexture colordiffuse="white">common/circle2.png</bordertexture>
				<bordersize>4</bordersize>
				<texture colordiffuse="black">$INFO[ListItem.Property(seticon)]</texture>
			</control>
			<control type="label">
				<left>105</left>
				<width>300</width>
				<height>25</height>
				<font>font36_title</font>
				<label>$INFO[ListItem.Label]</label>
			</control>
			<control type="label">
				<top>45</top>
				<left>105</left>
				<width>300</width>
				<height>25</height>
				<label>$INFO[ListItem.Label2]</label>
			</control>
			</control>
		</itemlayout>
		<focusedlayout width="500" height="115">
			<control type="group">
			<height>100</height>
			<control type="image">
				<visible>Control.HasFocus(9107)</visible>
				<height>95</height>
				<texture colordiffuse="25FFFFFF">colors/white.png</texture>
			</control>
			<control type="image">
				<height>45</height>
				<width>45</width>
				<left>88.2%</left>
				<top>25</top>
				<bordertexture colordiffuse="white">masks/circlebutton.png</bordertexture>
				<bordersize>4</bordersize>
				<aspectratio>keep</aspectratio>
				<texture colordiffuse="FF181818">masks/circlebutton.png</texture>
			</control>
   			<control type="image">
			<animation effect="fade" start="0" end="100" time="350">Visible</animation>
				<width>90</width>
				<height>90</height>
				<bordertexture colordiffuse="white">common/circle2.png</bordertexture>
				<bordersize>4</bordersize>
				<texture fallback="DefaultActorSolid.png" diffuse="common/circle2.png">$INFO[ListItem.Icon]</texture>
			</control>
   			<control type="image">
			<animation effect="fade" start="0" end="100" time="350">Visible</animation>
				<width>90</width>
				<height>90</height>
				<bordertexture colordiffuse="white">common/circle2.png</bordertexture>
				<bordersize>4</bordersize>
				<texture colordiffuse="black">$INFO[ListItem.Property(seticon)]</texture>
			</control>
			<control type="label">
				<left>105</left>
				<width>300</width>
				<height>25</height>
				<font>font36_title</font>
				<label>$INFO[ListItem.Label]</label>
			</control>
			<control type="label">
				<top>45</top>
				<left>105</left>
				<width>300</width>
				<height>25</height>
				<label>$INFO[ListItem.Label2]</label>
			</control>
			</control>
		</focusedlayout>
		<content>
		<item id="1">
			<icon>$INFO[Container(99951).ListItem.Property(Studio.1.Icon)]</icon>
			<label>רשת</label>
			<label2>$INFO[Container(99951).ListItem.Property(Studio.1.Name)]</label2>
			<onclick>-</onclick>
			<visible>!String.IsEmpty(Container(99951).ListItem.Property(Studio.1.Name)</visible>
		</item>
		<item id="2">
			<icon>$INFO[Container(99951).ListItem.Property(Cast.1.Thumb)]</icon>
			<label>צוות</label>
			<label2>$INFO[Container(99951).ListItem.Property(Cast.1.Name)]</label2>
			<onclick>-</onclick>
			<visible>!String.IsEmpty(Container(99951).ListItem.Property(Cast.1.Name)</visible>
		</item>
		<item id="3">
			<icon>$INFO[Container(99951).ListItem.Property(Director.1.Thumb)]</icon>
			<label>במאי/ת</label>
			<label2>$INFO[Container(99951).ListItem.Property(Director.1.Name)]</label2>
			<onclick>-</onclick>
			<visible>!String.IsEmpty(Container(99951).ListItem.Property(Director.1.Name)</visible>
		</item>	
		<item id="4">
			<icon>$INFO[Container(99951).ListItem.Property(Writer.1.Thumb)]</icon>
			<label>כותב/ת</label>
			<label2>$INFO[Container(99951).ListItem.Property(Writer.1.Name)]</label2>
			<onclick>-</onclick>
			<visible>!String.IsEmpty(Container(99951).ListItem.Property(Writer.1.Name)</visible>
		</item>
		<item id="5">
			<property name="seticon">icons/trakttv.png</property>
			<icon>-</icon>
			<label>תקציב</label>
			<label2>$INFO[ListItem.Property(budget)]</label2>
			<onclick>-</onclick>
			<visible>!String.IsEmpty(ListItem.Property(budget)</visible>
		</item>
		<item id="6">
			<property name="seticon">masks/language.png</property>
			<icon>-</icon>
			<label>מדינה</label>
			<label2>$INFO[ListItem.Country]</label2>
			<onclick>-</onclick>
			<visible>!String.IsEmpty(ListItem.Country)</visible>
		</item>
		</content>
		</control>
		</control>
		</control>
		<!-- <include content="newdefaultbackground"> -->
		<!-- <param name="setrange" value="bgrange"/> -->
		<!-- <param name="colordiffuse" value="FF181818"/> -->
		<!-- <param name="imagepath" value="colors/white.png"/> -->
		<!-- </include> -->
		<!-- <include content="DefaultBackground"> -->
			<!-- <param name="width" value="650"/> -->
			<!-- <param name="visible" value="false"/> -->
			<!-- <param name="visiblevideobg" value="false"/> -->
			<!-- </include> -->
		<!-- <control type="image"> -->
			<!-- <width>100%</width> -->
			<!-- <height>100%</height> -->
			<!-- <texture colordiffuse="$INFO[Skin.String(maincolorbackground)]">colors/white.png</texture> -->
		<!-- </control>			 -->
			<!-- <include content="TopBar"> -->
				<!-- <param name="breadcrumbs_label" value="true" /> -->
				<!-- <param name="visible" value="false"/> -->
			<!-- </include> -->
			<!-- <include content="BottomBar"> -->
				<!-- <param name="info_visible" value="true" /> -->
			<!-- </include> -->
			<!-- <include content="ContentPanel"> -->
				<!-- <param name="left" value="980" /> -->
				<!-- <param name="width" value="970" /> -->
				<!-- <param name="top" value="-20" /> -->
				<!-- <param name="flipx" value="true" /> -->
			<!-- </include> -->
			<!-- <include content="ContentPanel"> -->
				<!-- <param name="left" value="-50" /> -->
				<!-- <param name="width" value="1470" /> -->
				<!-- <param name="top" value="-20" /> -->
				<!-- <param name="flipy" value="true" /> -->
			<!-- </include> -->
					<!-- <control type="group"> -->
		<!-- <control type="image"> -->
			<!-- <top>0</top> -->
			<!-- <left>0</left> -->
			<!-- <width>100%</width> -->
			<!-- <height>100%</height> -->
			<!-- <texture>$INFO[Skin.String(SetHomeBackground)]</texture> -->
		<!-- </control> -->
		<!-- <control type="image"> -->
		<!-- <visible>Skin.HasSetting(homebackground)</visible> -->
		<!-- <animation condition="true" effect="fade" end="50" time="0">Conditional</animation> -->
			<!-- <top>0</top> -->
			<!-- <left>0</left> -->
			<!-- <width>1920</width> -->
			<!-- <height>1080</height> -->
			<!-- <texture colordiffuse="black">colors/white.png</texture> -->
		<!-- </control> -->
		<!-- </control> -->
		<!-- <control type="group"> -->
		<!-- <width>1720</width> -->
		<!-- <height>750</height> -->
		<!-- <centertop>50%</centertop> -->
		<!-- <centerleft>50%</centerleft> -->
			<!-- <control type="group"> -->
			<!-- <include content="DialogBackgroundMasks"> -->
				<!-- <param name="height" value="750"/> -->
				<!-- <param name="width" value="450"/> -->
				<!-- <param name="poster" value="true"/> -->
			<!-- <include content="DialogBackgroundMasks"> -->
				<!-- <param name="height" value="750"/> -->
				<!-- <param name="width" value="1250"/> -->
				<!-- <param name="left" value="470"/> -->
				<!-- <param name="fanart" value="true"/> -->
			<!-- </include> -->
			<!-- </include> -->
			<!-- </control> -->
		<!-- </control> -->
		
		<!-- <control type="group"> -->
		<!-- <width>1720</width> -->
		<!-- <height>750</height> -->
		<!-- <centertop>50%</centertop> -->
		<!-- <centerleft>50%</centerleft> -->
			<!-- <control type="group"> -->
			<!-- <include content="SmallDialogBoxCommon"> -->
				<!-- <param name="height" value="750"/> -->
				<!-- <param name="width" value="450"/> -->
				<!-- <param name="poster" value="!String.IsEqual(Container(9102).ListItem.Property(id),info)"/> -->
			<!-- <include content="SmallDialogBoxCommon"> -->
				<!-- <param name="height" value="750"/> -->
				<!-- <param name="width" value="1250"/> -->
				<!-- <param name="left" value="470"/> -->
				<!-- <param name="fanart" value="String.IsEqual(Container(9102).ListItem.Property(id),fanart)"/> -->
			<!-- </include> -->
			<!-- <include content="DialogBackgroundMasks"> -->
				<!-- <param name="top" value="620"/> -->
				<!-- <param name="left" value="520"/> -->
				<!-- <param name="height" value="220"/> -->
				<!-- <param name="width" value="450"/> -->
				<!-- <param name="left" value="470"/> -->
				<!-- <param name="landscape" value="String.IsEqual(Container(9102).ListItem.Property(id),fanart) + !String.IsEmpty(ListItem.Art(landscape)"/> -->
			<!-- </include> -->
			<!-- <include content="SmallDialogBoxCommon"> -->
				<!-- <param name="top" value="620"/> -->
				<!-- <param name="left" value="520"/> -->
				<!-- <param name="height" value="220"/> -->
				<!-- <param name="width" value="450"/> -->
				<!-- <param name="left" value="470"/> -->
				<!-- <param name="landscape" value="String.IsEqual(Container(9102).ListItem.Property(id),fanart) + !String.IsEmpty(ListItem.Art(landscape)"/> -->
			<!-- </include> -->
			<!-- </include> -->
			<!-- </control> -->
		<!-- </control> -->

		<!-- <control type="group"> -->
			<!-- <left>570</left> -->
			<!-- <top>100</top> -->
			<!-- <width>1250</width> -->
			<!-- <control type="list" id="9102"> -->
			<!-- <scrolltime tween="cubic" easing="inout">550</scrolltime> -->
			<!-- <orientation>horizontal</orientation> -->
			<!-- <ondown condition="String.IsEqual(Container(9102).ListItem.Property(id),info)">5001</ondown> -->
			<!-- <itemlayout width="250" height="50"> -->
				<!-- <control type="image"> -->
				<!-- <left>0</left> -->
				<!-- <right>0</right> -->
				<!-- <top>0</top> -->
				<!-- <bottom>0</bottom> -->
					<!-- <texture colordiffuse="button_focus">main/tab2.png</texture> -->
				<!-- </control> -->
				<!-- <control type="image"> -->
				<!-- <left>2</left> -->
				<!-- <right>2</right> -->
				<!-- <top>2</top> -->
				<!-- <bottom>2</bottom> -->
				<!-- <texture colordiffuse="black">main/tab2.png</texture> -->
				<!-- </control> -->
				<!-- <control type="label"> -->
				<!-- <top>-5</top> -->
				<!-- <label>$INFO[ListItem.Label]</label> -->
				<!-- <align>center</align> -->
				<!-- <aligny>center</aligny> -->
				<!-- </control> -->
			<!-- </itemlayout> -->
			<!-- <focusedlayout width="250" height="50"> -->
				<!-- <control type="image"> -->
				<!-- <left>0</left> -->
				<!-- <right>0</right> -->
				<!-- <top>0</top> -->
				<!-- <bottom>0</bottom> -->
					<!-- <texture colordiffuse="button_focus">main/tab2.png</texture> -->
				<!-- </control> -->
				<!-- <control type="image"> -->
				<!-- <left>2</left> -->
				<!-- <right>2</right> -->
				<!-- <top>2</top> -->
				<!-- <bottom>2</bottom> -->
				<!-- <texture colordiffuse="black">main/tab2.png</texture> -->
				<!-- </control> -->
				<!-- <control type="image"> -->
				<!-- <left>4</left> -->
				<!-- <right>4</right> -->
				<!-- <top>4</top> -->
				<!-- <bottom>4</bottom> -->
					<!-- <texture colordiffuse="ffad1e4e">main/tab2.png</texture> -->
				<!-- </control> -->
				<!-- <control type="label"> -->
				<!-- <top>-5</top> -->
				<!-- <label>$INFO[ListItem.Label]</label> -->
				<!-- <align>center</align> -->
				<!-- <aligny>center</aligny> -->
				<!-- </control> -->
			<!-- </focusedlayout> -->
			<!-- <content> -->
			<!-- <item> -->
			<!-- <visible>!Player.HasVideo + String.IsEqual(ListItem.DBTYPE,movie)</visible> -->
			<!-- <label>נגן</label> -->
			<!-- <onclick>SendClick(8)</onclick> -->
			<!-- </item> -->
			<!-- <item> -->
			<!-- <visible>!Player.HasVideo + String.IsEqual(ListItem.DBTYPE,tvshow)</visible> -->
			<!-- <label>פתח</label> -->
			<!-- <onclick>SendClick(8)</onclick> -->
			<!-- </item> -->
			<!-- <item> -->
			<!-- <visible>Player.HasVideo</visible> -->
			<!-- <label>עצור</label> -->
			<!-- <property name="id">stop</property> -->
			<!-- <onclick>PlayerControl(stop)</onclick> -->
			<!-- </item> -->
			<!-- <item> -->
			<!-- <label>טריילר</label> -->
			<!-- <visible>!String.IsEmpty(ListItem.Trailer)</visible> -->
			<!-- <property name="id">trailer</property> -->
			<!-- <onclick>PlayMedia($INFO[ListItem.Trailer],1)</onclick> -->
			<!-- </item> -->
			<!-- <item> -->
			<!-- <label>מידע</label> -->
			<!-- <property name="id">info</property> -->
			<!-- <onclick>Control.SetFocus(5001)</onclick> -->
			<!-- </item> -->
			<!-- <item> -->
			<!-- <label>פנארט</label> -->
			<!-- <property name="id">fanart</property> -->
			<!-- <onclick>-</onclick> -->
			<!-- </item> -->
			<!-- <item> -->
			<!-- <visible>Integer.IsGreater(Container(50).NumItems,0)</visible> -->
			<!-- <label>צוות</label> -->
			<!-- <property name="id">crew</property> -->
			<!-- <onclick>-</onclick> -->
			<!-- </item> -->
			<!-- <item> -->
			<!-- <label>הגדרות</label> -->
			<!-- <property name="id">settings</property> -->
			<!-- <onclick>-</onclick> -->
			<!-- </item> -->
			<!-- </content> -->
			<!-- </control> -->
		<!-- </control> -->
		
		<!-- <control type="group"> -->
		<!-- <animation effect="fade" start="0" end="100" time="250" tween="sine" easing="inout">Visible</animation> -->
		<!-- <animation effect="fade" start="100" end="0" time="250" tween="sine" easing="inout">Hidden</animation> -->
		<!-- <animation condition="Player.HasVideo + String.IsEqual(Container(9102).ListItem.Property(id),trailer)" effect="fade" start="100" end="0" time="0">Conditional</animation> -->
		<!-- <visible>![String.IsEqual(Container(9102).ListItem.Property(id),fanart) | String.IsEqual(Container(9102).ListItem.Property(id),crew)]</visible> -->
			<!-- <left>580</left> -->
			<!-- <top>180</top> -->
			<!-- <width>1225</width> -->
			<!-- <height>680</height> -->
			<!-- <control type="textbox"> -->
				<!-- <align>left</align> -->
				<!-- <aligny>center</aligny> -->
				<!-- <font>font45</font> -->
				<!-- <label>[B]$INFO[ListItem.Label][/B][CR][COLOR yellow][I]$INFO[ListItem.Genre][/COLOR][/I][CR]$INFO[ListItem.Plot]</label> -->
				<!-- <pagecontrol>5001</pagecontrol> -->
			<!-- </control> -->
		<!-- </control> -->
		
	<!-- <control type="scrollbar" id="5001"> -->
	  <!-- <visible allowhiddenfocus="true">Control.HasFocus(5001) | String.IsEqual(Container(9102).ListItem.Property(id),info)</visible> -->
	  <!-- <animation effect="fade" start="0" end="100" time="450">Visible</animation> -->
	  <!-- <animation effect="fade" start="100" end="0" time="450">Hidden</animation> -->
	  <!-- <animation condition="Control.HasFocus(5001)" effect="zoom" center="auto" start="100,100" end="100,240" time="450" tween="cubic" easing="inout">Conditional</animation> -->
	  <!-- <left>1840</left> -->
	  <!-- <top>400</top> -->
	  <!-- <width>5</width> -->
	  <!-- <height>280</height> -->
      <!-- <texturesliderbackground colordiffuse="button_focus">colors/white.png</texturesliderbackground> -->
      <!-- <texturesliderbar>colors/white.png</texturesliderbar> -->
      <!-- <texturesliderbarfocus>colors/white.png</texturesliderbarfocus> -->
      <!-- <textureslidernib>colors/white.png</textureslidernib> -->
      <!-- <textureslidernibfocus>colors/white.png</textureslidernibfocus> -->
      <!-- <pulseonselect></pulseonselect> -->
      <!-- <orientation>vertical</orientation> -->
      <!-- <showonepage>false</showonepage> -->
      <!-- <onup>2</onup> -->
      <!-- <ondown>1</ondown> -->
      <!-- <onleft>9102</onleft> -->
      <!-- <onright>9102</onright> -->
	  <!-- <onback>9102</onback> -->
	<!-- </control> -->
		
		<!-- <control type="group"> -->
		<!-- <animation effect="fade" start="0" end="100" time="250" delay="150" tween="sine" easing="inout">Visible</animation> -->
		<!-- <animation effect="fade" start="100" end="0" time="250" tween="sine" easing="inout">Hidden</animation> -->
		<!-- <visible>String.IsEqual(Container(9102).ListItem.Property(id),fanart)</visible> -->
			<!-- <left>850</left> -->
			<!-- <right>0</right> -->
			<!-- <top>835</top> -->
			<!-- <width>925</width> -->
			<!-- <height>680</height> -->
			<!-- <control type="label"> -->
				<!-- <visible>System.IdleTime(1)</visible> -->
				<!-- <animation condition="!String.IsEmpty(ListItem.TagLine)" effect="slide" start="0,0" end="0,-35" time="550" tween="sine" easing="inout">Conditional</animation> -->
				<!-- <animation condition="System.IdleTime(1)" effect="fade" start="0" end="100" time="450" tween="sine" easing="inout">Conditional</animation> -->
				<!-- <align>right</align> -->
				<!-- <font>font45</font> -->
				<!-- <label>[B]$INFO[ListItem.Label][/B]</label> -->
			<!-- </control> -->
				<!-- <control type="label"> -->
				<!-- <visible>System.IdleTime(2)</visible> -->
				<!-- <animation condition="System.IdleTime(2)" effect="fade" start="0" end="100" time="450" tween="sine" easing="inout">Conditional</animation> -->
				<!-- <top>12</top> -->
				<!-- <align>right</align> -->
				<!-- <font>font37</font> -->
				<!-- <label>$INFO[ListItem.TagLine]</label> -->
			<!-- </control> -->
			<!-- <control type="image"> -->
				<!-- <visible>System.IdleTime(3)</visible> -->
				<!-- <animation condition="System.IdleTime(3)" effect="fade" start="0" end="100" time="650" tween="sine" easing="inout">Conditional</animation>		 -->
				<!-- <top>50</top> -->
				<!-- <left>400</left> -->
				<!-- <width>550</width> -->
				<!-- <height>225</height> -->
				<!-- <texture colordiffuse="50FFFFFF">$INFO[ListItem.Art(clearart)]</texture> -->
			<!-- </control> -->
		<!-- </control> -->
		
		<!-- <control type="group"> -->
			<!-- <visible>String.IsEqual(Container(9102).ListItem.Property(id),trailer)</visible> -->
			<!-- <left>535</left> -->
			<!-- <top>180</top> -->
			<!-- <width>1320</width> -->
			<!-- <height>700</height> -->
			<!-- <control type="VideoWindow"> -->
			<!-- <aspectratio>keep</aspectratio> -->
			<!-- </control> -->
		<!-- </control> -->
		
		<!-- <control type="grouplist"> -->
			<!-- <visible>String.IsEqual(Container(9102).ListItem.Property(id),info)</visible> -->
			<!-- <animation effect="fade" start="0" end="100" time="450" tween="sine" easing="inout">Visible</animation> -->
			<!-- <top>280</top> -->
			<!-- <left>115</left> -->
			<!-- <height max="650">650</height> -->
			<!-- <width max="425">425</width> -->
			<!-- <orientation>vertical</orientation> -->
			<!-- <align>left</align> -->
			<!-- <itemgap>5</itemgap> -->
			<!-- <control type="image"> -->
				<!-- <visible>!String.IsEmpty(ListItem.Art(clearlogo)</visible> -->
				<!-- <height max="125">auto</height> -->
				<!-- <aspectratio scalediffuse="false" align="center" aligny="top">stretch</aspectratio> -->
				<!-- <texture>$INFO[ListItem.Art(clearlogo)]</texture> -->
			<!-- </control> -->
			<!-- <control type="label"> -->
				<!-- <visible>String.IsEmpty(ListItem.Art(clearlogo)</visible> -->
				<!-- <height max="65">auto</height> -->
				<!-- <font>font52_title</font> -->
				<!-- <label>$INFO[ListItem.Label]</label> -->
			<!-- </control> -->
			<!-- <control type="grouplist"> -->
				<!-- <itemgap>45</itemgap> -->
				<!-- <orientation>vertical</orientation> -->
				<!-- <control type="group"> -->
				<!-- <visible>!String.IsEmpty(ListItem.Year)</visible> -->
				<!-- <control type="label"> -->
				<!-- <align>left</align> -->
				<!-- <label>$INFO[ListItem.Year] [COLOR button_focus]:שנה[/COLOR]</label> -->
				<!-- </control> -->
				<!-- </control>	 -->

				<!-- <control type="group"> -->
				<!-- <visible>!String.IsEmpty(ListItem.Premiered)</visible> -->
				<!-- <control type="label"> -->
				<!-- <align>left</align> -->
				<!-- <label>$INFO[ListItem.Premiered] [COLOR button_focus]:תאריך שחרור[/COLOR]</label> -->
				<!-- </control> -->
				<!-- </control> -->
				
				<!-- <control type="group"> -->
				<!-- <visible>!String.IsEmpty(ListItem.RatingAndVotes)</visible> -->
				<!-- <control type="label"> -->
				<!-- <align>left</align> -->
				<!-- <label>$INFO[ListItem.RatingAndVotes] [COLOR button_focus]:הצבעות[/COLOR]</label> -->
				<!-- </control> -->
				<!-- </control> -->
				
				<!-- <control type="group"> -->
				<!-- <visible>!String.IsEmpty(ListItem.TagLine)</visible> -->
				<!-- <control type="label"> -->
				<!-- <align>left</align> -->
				<!-- <label>$INFO[ListItem.TagLine] [COLOR button_focus]:סלוגן[/COLOR]</label> -->
				<!-- </control> -->
				<!-- </control> -->
		
				<!-- <control type="group"> -->
				<!-- <visible>!String.IsEmpty(ListItem.Episode)</visible> -->
				<!-- <control type="label"> -->
				<!-- <align>left</align> -->
				<!-- <label>$INFO[ListItem.Episode] [COLOR button_focus]:פרק[/COLOR]</label> -->
				<!-- </control> -->
				<!-- </control> -->
				
				<!-- <control type="group"> -->
				<!-- <visible>!String.IsEmpty(ListItem.Season)</visible> -->
				<!-- <control type="label"> -->
				<!-- <align>left</align> -->
				<!-- <label>$INFO[ListItem.Season] [COLOR button_focus]:עונה[/COLOR]</label> -->
				<!-- </control> -->
				<!-- </control> -->

				<!-- <control type="group"> -->
				<!-- <visible>!String.IsEmpty(ListItem.Duration)</visible> -->
				<!-- <control type="label"> -->
				<!-- <align>left</align> -->
				<!-- <label>$VAR[duration_fix] [COLOR button_focus]:אורך[/COLOR]</label> -->
				<!-- </control> -->
				<!-- </control> -->
				
				<!-- <control type="group"> -->
				<!-- <visible>!String.IsEmpty(ListItem.EndTime) + [String.IsEqual(ListItem.DBTYPE,movie) | String.IsEqual(ListItem.DBTYPE,episode)]</visible> -->
				<!-- <control type="label"> -->
				<!-- <align>left</align> -->
				<!-- <label>$INFO[System.Time] [COLOR button_focus]:מתחיל בשעה[/COLOR]</label> -->
				<!-- </control> -->
				<!-- </control>	 -->

				<!-- <control type="group"> -->
				<!-- <visible>!String.IsEmpty(ListItem.EndTime) + [String.IsEqual(ListItem.DBTYPE,movie) | String.IsEqual(ListItem.DBTYPE,episode)]</visible> -->
				<!-- <control type="label"> -->
				<!-- <align>left</align> -->
				<!-- <label>$INFO[ListItem.EndTime] [COLOR button_focus]:מסתיים בשעה[/COLOR]</label> -->
				<!-- </control> -->
				<!-- </control> -->

				<!-- <control type="group"> -->
				<!-- <control type="label"> -->
				<!-- <align>left</align> -->
				<!-- <label>$VAR[DBtypeLabel] [COLOR button_focus]:סוג[/COLOR]</label> -->
				<!-- </control> -->
				<!-- </control>	 -->
				
				<!-- <control type="group"> -->
				<!-- <visible>!String.IsEmpty(ListItem.Mpaa)</visible> -->
				<!-- <control type="label"> -->
				<!-- <align>left</align> -->
				<!-- <label>$INFO[ListItem.Mpaa] [COLOR button_focus]:גיל[/COLOR]</label> -->
				<!-- </control> -->
				<!-- </control> -->
				
				
			<!-- </control> -->
		<!-- </control> -->
		
		
		<!-- <control type="group"> -->
			<!-- <top>86%</top> -->
			<!-- <left>30%</left> -->
			<!-- <width>450</width> -->
			<!-- <height>150</height> -->
			<!-- <visible>!String.IsEqual(Container(9102).ListItem.Property(id),fanart)</visible> -->
			<!-- <control type="image"> -->
				<!-- <left>0</left> -->
				<!-- <right>0</right> -->
				<!-- <top>0</top> -->
				<!-- <bottom>0</bottom> -->
					<!-- <texture colordiffuse="button_focus">colors/white.png</texture> -->
				<!-- </control> -->
				<!-- <control type="image"> -->
				<!-- <left>2</left> -->
				<!-- <right>2</right> -->
				<!-- <top>2</top> -->
				<!-- <bottom>2</bottom> -->
				<!-- <texture colordiffuse="black">colors/white.png</texture> -->
				<!-- </control> -->
				<!-- <control type="image"> -->
				<!-- <left>60</left> -->
				<!-- <top>10</top> -->
				<!-- <width>350</width> -->
				<!-- <height>125</height> -->
				<!-- <texture fallback="fallbacks/Ghostfallback.png">$INFO[ListItem.Art(clearlogo)]</texture> -->
				<!-- <aspectratio>keep</aspectratio> -->
				<!-- </control> -->
			<!-- </control> -->

		<!-- <control type="group"> -->
			<!-- <top>86%</top> -->
			<!-- <left>55%</left> -->
			<!-- <width>450</width> -->
			<!-- <height>150</height> -->
			<!-- <visible>!String.IsEqual(Container(9102).ListItem.Property(id),fanart)</visible> -->
			<!-- <control type="image"> -->
				<!-- <left>0</left> -->
				<!-- <right>0</right> -->
				<!-- <top>0</top> -->
				<!-- <bottom>0</bottom> -->
					<!-- <texture colordiffuse="button_focus">colors/white.png</texture> -->
				<!-- </control> -->
				<!-- <control type="image"> -->
				<!-- <left>2</left> -->
				<!-- <right>2</right> -->
				<!-- <top>2</top> -->
				<!-- <bottom>2</bottom> -->
				<!-- <texture colordiffuse="black">colors/white.png</texture> -->
				<!-- </control> -->
				<!-- <control type="image"> -->
				<!-- <left>60</left> -->
				<!-- <top>10</top> -->
				<!-- <width>350</width> -->
				<!-- <height>125</height> -->
				<!-- <texture fallback="fallbacks/Ghostfallback.png">$INFO[ListItem.Art(clearart)]</texture> -->
				<!-- <aspectratio>keep</aspectratio> -->
				<!-- </control> -->
			<!-- </control> -->
		
		<!-- <control type="group"> -->
			<!-- <left>6%</left> -->
			<!-- <top>7%</top> -->
			<!-- <control type="label"> -->
				<!-- <align>left</align> -->
				<!-- <label>$INFO[System.Time]</label> -->
			<!-- </control> -->
			<!-- <control type="label"> -->
				<!-- <top>35</top> -->
				<!-- <align>left</align> -->
				<!-- <label>[B]$INFO[System.Date][/B]</label> -->
			<!-- </control> -->
		<!-- </control> -->
		
		<!-- <control type="panel" id="50"> -->
		<!-- <animation effect="fade" start="0" end="100" time="250" delay="150" tween="sine" easing="inout">Visible</animation> -->
		<!-- <animation effect="fade" start="100" end="0" time="250" tween="sine" easing="inout">Hidden</animation> -->
		<!-- <visible>String.IsEqual(Container(9102).ListItem.Property(id),crew)</visible> -->
			<!-- <width>1245</width> -->
			<!-- <height>770</height> -->
			<!-- <left>572</left> -->
			<!-- <top>167</top> -->
			<!-- <orientation>horizontal</orientation> -->
			<!-- <itemlayout width="250" height="385"> -->
				<!-- <include content="SmallDialogBoxCommon"> -->
				<!-- <param name="height" value="360"/> -->
				<!-- <param name="width" value="245"/> -->
				<!-- <param name="poster" value="true"/> -->
			<!-- </include> -->
			<!-- <control type="image"> -->
			<!-- <top>315</top> -->
			<!-- <left>10</left> -->
			<!-- <height>40</height> -->
			<!-- <width>220</width> -->
			<!-- <texture diffuse="masks/landscape_w1140_h680.png" colordiffuse="98000000">colors/white.png</texture> -->
			<!-- </control> -->
			<!-- <control type="label"> -->
			<!-- <left>10</left> -->
			<!-- <top>315</top> -->
			<!-- <width>220</width> -->
			<!-- <height>40</height> -->
			<!-- <aligny>center</aligny> -->
			<!-- <align>center</align> -->
				<!-- <label>$INFO[ListItem.Label]</label> -->
			<!-- </control> -->
			<!-- </itemlayout> -->
			<!-- <focusedlayout /> -->
		<!-- </control> -->

				
				
		
	</include>
	
</includes>
