<?xml version="1.0" encoding="UTF-8"?>
<includes>



<include name="GlobalAddonTextures">
<!-- Global Texture Settings -->
<control type="group">
<width>614</width>
<height>946</height>
<top>-30</top>
<left>-20</left>
<description>global addons texture set</description>
<control type="image">
	<top>0</top>
	<left>0</left>
	<right>0</right>
	<bottom>0</bottom>
	<fadetime>250</fadetime>
	<texture fallback="fallbacks/fallback1.jpg">$INFO[ListItem.Art(poster)]</texture>
	<bordertexture border="24" colordiffuse="black" infill="true" background="true">shadows/shadow-24.png</bordertexture>
	<bordersize>24</bordersize>
	<visible>Container.Content(movies) | Container.Content(tvshows) | Container.Content(seasons)</visible>
	<visible>![String.Contains(Container.FolderPath,youtube) | String.Contains(Container.FolderPath,idanplus) | String.Contains(Container.FolderPath,telemedia)]</visible>
</control>
<control type="image">
	<top>12</top>
	<left>42</left>
	<right>12</right>
	<width>514</width>
	<bottom>12</bottom>
	<fadetime>250</fadetime>
	<texture fallback="fallbacks/fallback1.jpg" diffuse="masks/landscape-502.png">$INFO[ListItem.Icon]</texture>
	<aspectratio>keep</aspectratio>
	<visible>Container.Content(episodes)</visible>
	<visible>![String.Contains(Container.FolderPath,youtube) | String.Contains(Container.FolderPath,idanplus) | String.Contains(Container.FolderPath,telemedia)]</visible>
</control>
<control type="image">
	<top>12</top>
	<left>42</left>
	<right>12</right>
	<bottom>12</bottom>
	<width>514</width>
	<fadetime>250</fadetime>
	<texture fallback="fallbacks/fallback1.jpg" diffuse="masks/poster-50.png">$INFO[ListItem.Icon]</texture>
	<aspectratio>keep</aspectratio>
	<visible>![Container.Content(movies) | Container.Content(tvshows) | Container.Content(seasons) | Container.Content(episodes)]</visible>
	<visible>![String.Contains(Container.FolderPath,youtube) | String.Contains(Container.FolderPath,idanplus) | String.Contains(Container.FolderPath,telemedia)]</visible>
</control>
</control>
<!-- Idan Plus Texture Settings -->
<control type="group">
<description>idan plus texture set</description>
<width>520</width>
<control type="image">
	<top>12</top>
	<left>12</left>
	<right>12</right>
	<bottom>12</bottom>
	<fadetime>250</fadetime>
	<texture fallback="fallbacks/fallback1.jpg" diffuse="masks/poster-50.png">$INFO[ListItem.Icon]</texture>
	<aspectratio>keep</aspectratio>
	<visible>String.IsEqual(ListItem.DBTYPE,movie)</visible>
	<visible>String.Contains(Container.FolderPath,idanplus)</visible>
</control>
<control type="image">
	<top>12</top>
	<left>12</left>
	<right>12</right>
	<bottom>12</bottom>
	<fadetime>250</fadetime>
	<texture fallback="fallbacks/fallback1.jpg" diffuse="masks/landscape-502.png">$INFO[ListItem.Icon]</texture>
	<aspectratio>keep</aspectratio>
	<visible>!String.IsEqual(ListItem.DBTYPE,movie)</visible>
	<visible>String.Contains(Container.FolderPath,idanplus)</visible>
</control>
</control>
<!-- Telemedia Texture Settings -->
<control type="group">
<description>telemedia texture set</description>
<width>614</width>
<height>946</height>
<top>-30</top>
<left>-20</left>
<control type="image">
	<top>0</top>
	<left>0</left>
	<right>0</right>
	<bottom>0</bottom>
	<fadetime>250</fadetime>
	<texture fallback="fallbacks/fallback1.jpg">$INFO[ListItem.Art(poster)]</texture>
	<bordertexture border="24" colordiffuse="black" infill="true" background="true">shadows/shadow-24.png</bordertexture>
	<bordersize>24</bordersize>
	<visible>Container.Content(movies)</visible>
	<visible>!String.IsEqual(ListItem.DBTYPE,tvshow)</visible>
	<visible>String.Contains(Container.FolderPath,telemedia)</visible>
</control>
<control type="image">
	<top>12</top>
	<left>12</left>
	<right>12</right>
	<bottom>12</bottom>
	<fadetime>250</fadetime>
	<texture fallback="fallbacks/fallback1.jpg" diffuse="masks/landscape-502.png">$INFO[ListItem.Art(fanart)]</texture>
	<bordertexture border="24" colordiffuse="black" infill="true" background="true">shadows/shadow-24.png</bordertexture>
	<bordersize>24</bordersize>
	<aspectratio>keep</aspectratio>
	<visible>String.IsEqual(ListItem.DBTYPE,tvshow)</visible>
	<visible>String.Contains(Container.FolderPath,telemedia)</visible>
</control>
</control>
<!-- YouTube Texture Settings -->
<control type="group">
<description>youtube texture set</description>
<width>520</width>
<control type="image">
	<top>12</top>
	<left>12</left>
	<right>12</right>
	<bottom>12</bottom>
	<fadetime>250</fadetime>
	<texture fallback="fallbacks/fallback1.jpg" diffuse="masks/landscape-502.png">$INFO[ListItem.Art(fanart)]</texture>
	<aspectratio>keep</aspectratio>
	<visible>String.IsEqual(ListItem.DBTYPE,video)</visible>
	<visible>String.Contains(Container.FolderPath,youtube)</visible>
</control>
<control type="image">
	<top>12</top>
	<left>12</left>
	<right>12</right>
	<bottom>12</bottom>
	<fadetime>250</fadetime>
	<texture fallback="fallbacks/fallback1.jpg" diffuse="masks/landscape-502.png">$INFO[ListItem.Icon]</texture>
	<aspectratio>keep</aspectratio>
	<visible>!String.IsEqual(ListItem.DBTYPE,video)</visible>
	<visible>String.Contains(Container.FolderPath,youtube)</visible>
</control>
</control>
</include>


<include name="WindowSideLeft">
	<control type="image">
		<top>-25</top>
		<left>-25</left>
		<height>1200</height>
		<bordertexture border="24">shadows/24-shadow.png</bordertexture>
		<bordersize>24</bordersize>
		<texture colordiffuse="black">colors/white.png</texture>
	</control>
</include>

<include name="SetBoxedTexture">
	<control type="group">
	<top>$PARAM[top]</top>
	<left>$PARAM[left]</left>
	<height>$PARAM[height]</height>
	<width>$PARAM[width]</width>
	<control type="image">
		<top>0</top>
		<left>0</left>
		<right>0</right>
		<bottom>0</bottom>
		<bordertexture colordiffuse="gray">colors/white.png</bordertexture>
		<bordersize>1</bordersize>
		<texture colordiffuse="black">colors/white.png</texture>
	</control>
	<control type="image">
		<top>5</top>
		<left>5</left>
		<right>5</right>
		<bottom>5</bottom>
		<texture>$PARAM[texture]</texture>
	</control>
	</control>
</include>

<include name="GlobalBoxedList">
<control type="image">
	<bordertexture colordiffuse="button_focus">masks/landscape_w1140_h680.png</bordertexture>
	<bordersize>2</bordersize>
	<texture colordiffuse="black">masks/landscape_w1140_h680.png</texture>
</control>
</include>


<include name="SizedBackGround">
<param name="width" value="$PARAM[width]" default="$PARAM[width]"/>
<param name="height" value="$PARAM[height]" default="$PARAM[height]"/>
<param name="top" value="$PARAM[top]" default="$PARAM[top]"/>
<param name="SizedBgAnim" value="$PARAM[SizedBgAnim]" default="$PARAM[SizedBgAnim]"/>
<definition>
<control type="group">
<top>$PARAM[top]</top>
<width>$PARAM[width]</width>
<height>$PARAM[height]</height>
<left>$PARAM[left]</left>
<right>$PARAM[right]</right>
<include>$PARAM[SizedBgAnim]</include>
<control type="image">
	<top>2</top>
	<left>2</left>
	<right>2</right>
	<bottom>2</bottom>
	<animation condition="true" effect="fade" start="100" end="78" time="0">Conditional</animation>
	<texture border="3" background="true" infill="true" colordiffuse="FF181818">masks/box.png</texture>
</control>
<control type="image">
	<top>0</top>
	<left>0</left>
	<right>0</right>
	<bottom>0</bottom>
	<texture border="8" background="true" infill="true" colordiffuse="gray">masks/box21.png</texture>
</control>
</control>
</definition>
<nested />
</include>

<include name="IconSizedBackGround">
<param name="width" value="$PARAM[width]" default="$PARAM[width]"/>
<param name="height" value="$PARAM[height]" default="$PARAM[height]"/>
<param name="SizedBgAnim" value="$PARAM[SizedBgAnim]" default="$PARAM[SizedBgAnim]"/>
<param name="visible" value="$PARAM[visible]" default="true"/>
<definition>
<control type="group">
<top>$PARAM[top]</top>
<left>$PARAM[left]</left>
<right>$PARAM[right]</right>
<width>$PARAM[width]</width>
<height>$PARAM[height]</height>
<include>$PARAM[SizedBgAnim]</include>
<visible>$PARAM[visible]</visible>
<control type="image">
	<top>2</top>
	<left>2</left>
	<right>2</right>
	<bottom>2</bottom>
	<animation condition="true" effect="fade" start="100" end="85" time="0">Conditional</animation>
	<texture border="3" background="true" infill="true" colordiffuse="FF181818">masks/box.png</texture>
</control>
<control type="image">
	<top>0</top>
	<left>0</left>
	<right>0</right>
	<bottom>0</bottom>
	<texture border="8" background="true" infill="true" colordiffuse="gray">masks/box21.png</texture>
</control>
<control type="image">
	<top>5</top>
	<left>5</left>
	<right>5</right>
	<bottom>5</bottom>
	<texture fallback="fallbacks/fallback1.jpg">$PARAM[icon]</texture>
</control>
</control>
</definition>
<nested />
</include>

<include name="AddShadows">
	<bordertexture border="24" colordiffuse="black">shadows/shadow-24.png</bordertexture>
	<bordersize>24</bordersize>
</include>


	<include name="globalmenugb">
	<param name="width1colordiffuse" default="98000000"/>
	<param name="width2colordiffuse" default="black"/>
	<param name="visible" default="true"/>
	<definition>
	<control type="group">
	<top>$PARAM[top]</top>
	<left>$PARAM[left]</left>
	<height>$PARAM[height]</height>
	<control type="image">
		<width>$PARAM[bg1width]</width>
		<texture colordiffuse="$PARAM[width1colordiffuse]" diffuse="masks/landscape_w1140_h680.png">colors/white.png</texture>
		<visible>$PARAM[visible]</visible>
	</control>
	<control type="image">
		<left>2</left>
		<right>2</right>
		<top>2</top>
		<bottom>2</bottom>
		<width>$PARAM[bg2width]</width>
		<texture colordiffuse="$PARAM[width2colordiffuse]" diffuse="masks/landscape_w1140_h680.png">colors/white.png</texture>
		<visible>$PARAM[visible]</visible>
	</control>
	<control type="group">
	<visible>$PARAM[headervisible]</visible>
	<control type="label">
		<top>15</top>
		<left>30</left>
		<width>940</width>
		<height>40</height>
		<align>left</align>
		<font>font32_title</font>
		<label>$PARAM[header1]</label>
		<scroll>true</scroll>
	</control>
	<control type="label">
		<top>55</top>
		<left>30</left>
		<width>940</width>
		<height>40</height>
		<align>left</align>
		<label>$PARAM[header2]</label>
		<scroll>true</scroll>
	</control>
	<control type="image">
		<top>105</top>
		<left>10</left>
		<right>20</right>
		<height>1</height>
		<width>1280</width>
		<texture colordiffuse="gray">colors/white.png</texture>
	</control>
	</control>
	</control>	
	<nested />
	</definition>
	</include>
	
	<include name="VideoInfoItemInformation">
	<control type="group">
	<left>$PARAM[left]</left>
	<top>$PARAM[top]</top>
	<height>$PARAM[height]</height>
	<width>$PARAM[width]</width>
	<visible>$PARAM[visible]</visible>
	<control type="image">
		<width>520</width>
		<height>280</height>
		<fadetime>250</fadetime>
		<texture diffuse="masks/landscape1.png">$INFO[Container($PARAM[id]).ListItem.Art(fanart)]</texture>
	</control>
	<control type="textbox">
	<top>$PARAM[infotop]</top>
	<left>10</left>
	<label>$INFO[Container($PARAM[id]).ListItem.Plot]</label>
	<align>center</align>
	</control>
	</control>
	</include>

<include name="RoleCastingImages">
		<control type="group">
		<width>500</width>
		<height>100</height>
		<animation effect="fade" start="0" end="100" time="350" delay="350" tween="sine" easing="inout">Visible</animation>
		<visible>!String.IsEmpty(Container($PARAM[id]).ListItemabsolute(0).Property($PARAM[info].$PARAM[item].$PARAM[icon]) + !Container($PARAM[id]).IsUpdating</visible>
		<control type="textbox">
		<top>0</top>
		<left>100</left>
		<height>90</height>
		<aligny>center</aligny>
		<label>[B]$PARAM[info][/B][CR]$INFO[Container($PARAM[id]).ListItemabsolute(0).Property($PARAM[info].$PARAM[item].Name)]</label>
		</control>
		<control type="image">
		<width>90</width>
		<height>90</height>
		<bordertexture colordiffuse="gray">masks/circle.png</bordertexture>
		<bordersize>8</bordersize>
		<texture>masks/circle.png</texture>
		</control>
		<control type="image">
		<left>10</left>
		<top>10</top>
		<font>font45</font>
		<width>70</width>
		<height>70</height>
		<texture diffuse="masks/circle.png">$INFO[Container($PARAM[id]).ListItemabsolute(0).Property($PARAM[info].$PARAM[item].$PARAM[icon])]</texture>
		</control>
		</control>
		<nested />
	</include>
	
	<include name="ImageSizerControl">
	<left>$PARAM[insideborder]</left>
	<right>$PARAM[insideborder]</right>
	<top>$PARAM[insideborder]</top>
	<bottom>$PARAM[insideborder]</bottom>
	<texture colordiffuse="$PARAM[colordiffuse]" diffuse="$PARAM[diffuse]">$PARAM[icon]</texture>
	</include>
</includes>
