<?xml version="1.0" encoding="UTF-8"?>
<includes>


<include name="settwolabels">
	<textcolor>burlywood</textcolor>
	<label fallback="No Information">$PARAM[label1] / $PARAM[label2]</label>
</include>


<include name="GlobalLabelnfo">
<control type="group">
<top>82.2%</top>
<visible>String.IsEqual(Container(9000).ListItem.Property(id),nextaired) + Container.Content(tvshows)</visible>
<left>$PARAM[left]</left>
<control type="label">
<align>left</align>
<textcolor>gray</textcolor>
<label>[B]$PARAM[label1][/B]</label>
</control>
<control type="label">
<top>35</top>
<align>left</align>
<label>$PARAM[label2]</label>
</control>
</control>
</include>



<include name="TopBarLeft">
			<control type="grouplist">
			<height>200</height>
			<top>$PARAM[top]</top>
			<left>$PARAM[left]</left>
			<orientation>vertical</orientation>
			<align>left</align>
			<include>OpenClose_FadeSlide_Onup</include>
			<!-- <itemgap>20</itemgap> -->
			<control type="group">
			<height max="$PARAM[heightlabel1]">auto</height>
				<control type="label">
					<align>left</align>
					<font>font45_title</font>
					<label>$PARAM[label1]</label>
				</control>
			</control>
			<control type="group">
			<height max="$PARAM[heightlabel2]">auto</height>
				<control type="label">
					<align>left</align>
					<label>$PARAM[label2]</label>
				</control>
			</control>
			</control>
</include>


<include name="HomeScreenButtonsBGAutosize">
<param name="containernumber" default="600007"/>
<definition>
		<control type="group">
		<top>445</top>
		<height>50</height>
		<width>$PARAM[width]</width>
		<right>0</right>
		<visible>String.IsEqual(Container($PARAM[containernumber]).NumItems,$PARAM[numitems])</visible>
		<control type="image">
			<texture colordiffuse="$INFO[Skin.String(SetBackgroundColorHomeWidgets)]">colors/white.png</texture>
		</control>
		<control type="image">
			<right>4</right>
			<bordertexture colordiffuse="black">colors/white.png</bordertexture>
			<bordersize>1</bordersize>
			<texture>colors/white.png</texture>
		</control>
		</control>
</definition>
</include>


<include name="HomeWidetsDetails">
<param name="extraimage" default="false"/>
<definition>
<control type="group">
	<height>80</height>
	<width>160</width>
	<visible>$PARAM[visible]</visible>
	<control type="image">
		<top>0</top>
		<left>0</left>
		<right>0</right>
		<bottom>0</bottom>
		<texture colordiffuse="95FFFFFF">colors/white.png</texture>
	</control>
	<control type="image">
		<top>2</top>
		<left>2</left>
		<right>2</right>
		<bottom>2</bottom>
		<texture colordiffuse="F2181818">colors/white.png</texture>
	</control>
	<control type="image">
		<visible>$PARAM[visibleimage]</visible>
		<top>5</top>
		<left>5</left>
		<right>5</right>
		<bottom>5</bottom>
		<texture fallback="$PARAM[fallback]">$PARAM[image]</texture>
		<aspectratio scalediffuse="false">keep</aspectratio>
	</control>
	<control type="textbox">
		<animation condition="true" effect="slide" start="20,0" end="0,0" time="250" tween="sine" easing="inout">Conditional</animation>
		<visible>$PARAM[visiblelabel]</visible>
		<right>5</right>
		<top>10</top>
		<left>5</left>
		<bottom>5</bottom>
		<label>$PARAM[label]</label>
		<font>font32_title</font>
		<align>center</align>
		<aligny>center</aligny>
		<textcolor>orange</textcolor>
	</control>
	<control type="image">
	<visible>$PARAM[extraimage]</visible>
		<top>5</top>
		<left>5</left>
		<right>5</right>
		<bottom>5</bottom>
		<texture colordiffuse="85FFFFFF">kodirdil/studiologos/yes Nickelodeon.png</texture>
		<aspectratio scalediffuse="false">keep</aspectratio>
		<visible>String.Contains(ListItem.Studio,Nickelodeon)</visible>
	</control>
	</control>	
</definition>
</include>


</includes>
