<?xml version="1.0" encoding="UTF-8"?>
<includes>
	
<include name="DialogVideo2">

	<control type="group">
	<control type="group">
			<control type="image">
				<top>0</top>
				<left>0</left>
				<width>100%</width>
				<height>100%</height>
				<texture>$INFO[Skin.String(SetHomeBackground)]</texture>
				<colordiffuse>$INFO[Skin.String(backgroundfade)]</colordiffuse>
			</control>
		<control type="image">
		<visible>Skin.HasSetting(homebackground)</visible>
		<animation condition="true" effect="fade" end="50" time="0">Conditional</animation>
			<top>0</top>
			<left>0</left>
			<width>1920</width>
			<height>1080</height>
			<texture colordiffuse="black">colors/white.png</texture>
		</control>
	</control>
	<control type="group">
	<left>600</left>
	<top>875</top>
		<control type="image">
		<animation condition="true" effect="fade" end="15" time="0">Conditional</animation>
			<top>0</top>
			<left>0</left>
			<width>750</width>
			<height>280</height>
			<bordertexture colordiffuse="white">masks/menumain.png</bordertexture>
			<texture colordiffuse="gray">masks/menumain.png</texture>
		</control>
			<control type="list" id="9102">
				<top>55</top>
				<left>80</left>
				<width>750</width>
				<height>180</height>
				<align>center</align>
				<onup condition="Container(9102).HasFocus(5) + [Container(1112).HasNext | Container(1112).HasPrevious]">Control.SetFocus(1112)</onup>
				<onup condition="!Container(9102).HasFocus(5)">Control.SetFocus(1132)</onup>
				<scrolltime tween="cubic" easing="inout">500</scrolltime>
				<orientation>horizontal</orientation>
				<itemlayout width="220">
					<control type="label">
						<top>35</top>
						<left>35</left>
						<width>100</width>
						<height>100</height>
						<align>center</align>
						<aligny>center</aligny>
						<font>font_flag</font>
						<label>$INFO[ListItem.Label]</label>
					</control>
				</itemlayout>
				<focusedlayout width="220">
				<control type="image">
				<visible>Control.HasFocus(9102)</visible>
				<animation effect="fade" start="0" end="100" time="150">Visible</animation>
				<animation effect="fade" start="100" end="0" time="150">Hidden</animation>
					<top>0</top>
					<left>0</left>
					<width>170</width>
					<height>170</height>
					<bordertexture colordiffuse="white">masks/circlebutton.png</bordertexture>
					<bordersize>5</bordersize>
					<texture colordiffuse="gray">masks/circlebutton.png</texture>
				</control>
					<control type="label">
						<top>35</top>
						<left>35</left>
						<width>100</width>
						<height>100</height>
						<align>center</align>
						<aligny>center</aligny>
						<textcolor>black</textcolor>
						<font>font_flag</font>
						<label>$INFO[ListItem.Label]</label>
					</control>
					<control type="button">
					<left>-1000</left>
					<top>-1000</top>
					<width>1</width>
					<height>1</height>
					<onunfocus condition="Player.HasVideo">PlayerControl(stop)</onunfocus>
					</control>
					</focusedlayout>
				<content>
				<item id="1">
					<visible>Player.HasMedia</visible>
					<label>עצור</label>
					<onclick>Stop</onclick>
				</item>
				<item id="2">
					<visible>String.IsEqual(ListItem.DBTYPE,movie)</visible>
					<label>נגן</label>
					<onclick>SendClick(8)</onclick>
				</item>
				<item id="3">
					<visible>String.IsEqual(ListItem.DBTYPE,tvshow)</visible>
					<label>פתח</label>
					<onclick>SendClick(8)</onclick>
				</item>
				<item id="4">
					<visible>!Player.HasMedia</visible>
					<label>קדימון</label>
					<onclick>PlayMedia($INFO[ListItem.Trailer],1)</onclick>
				</item>
				<item id="5">
					<label>מידע</label>
					<onclick>Control.SetFocus(1112)</onclick>
				</item>
				</content>
			</control>
	</control>
	
	

				<control type="image">
				<animation effect="fade" start="0" end="100" time="350">Visible</animation>
					<left>15</left>
					<top>15</top>
					<width>420</width>
					<height>670</height>
					<aspectratio aligny="top">strech</aspectratio>
					<fadetime>300</fadetime>
					<bordertexture border="35" colordiffuse="black">masks/24-shadow.png</bordertexture>
					<bordersize>28.5</bordersize>
					<texture fallback="$PARAM[fallback_image]" background="true">$VAR[iconviewtype]</texture>
				</control>
				<control type="image">
				<animation type="Conditioanl" condition="Container(9102).HasFocus(5)">
				<effect type="slide" start="0" end="40" time="250" tween="sine" easing="inout"/>
				<effect type="fade" start="100" end="0" time="250"/>
				</animation>
				<animation effect="fade" start="0" end="100" time="350">Visible</animation>
					<left>415</left>
					<top>15</top>
					<width>1495</width>
					<height>670</height>
					<bordertexture border="35" colordiffuse="black">masks/24-shadow.png</bordertexture>
					<bordersize>28.5</bordersize>
					<fadetime>300</fadetime>
					<texture fallback="$PARAM[fallback_image]" background="true">$INFO[ListItem.Art(fanart)]</texture>
				</control>
				<control type="group">
				<visible>![Player.HasVideo | Container(9102).HasFocus(5)]</visible>
					<control type="label">
					<top>45%</top>
					<right>0</right>
					<left>50%</left>
					<width>900</width>
					<height>40</height>>
					<align>right</align>
					<aligny>ceneter</aligny>
					<font>WeatherTemp</font>
					<label>סדרה חדשה</label>
					<visible>String.IsEqual(ListItem.Year,2025) + String.IsEqual(ListItem.DBTYPE,tvshow)</visible>
				</control>
				</control>
						<control type="button" id="7">
						<visible>false</visible>
						</control>
						<control type="button" id="8">
						<visible>false</visible>
						</control>
						<control type="button" id="11">
						<visible>false</visible>
						</control>
							<control type="group">
							<animation effect="fade" start="0" end="100" time="350">Visible</animation>
							<animation effect="fade" start="100" end="0" time="250">Hidden</animation>
							<control type="label">
								<top>695</top>
								<left>0</left>
								<width>1920</width>
								<height>80</height>
								<align>center</align>
								<font>font52_title</font>
								<label>[COLOR white]$INFO[ListItem.Label][/COLOR] $INFO[ListItem.Year,([COLOR white],[/COLOR])]</label>
							</control>
								<control type="textbox">
								<autoscroll fade="7000" time="7000" repeat="4000">Window.IsActive(DialogVideoInfo.xml)</autoscroll>
									<top>785</top>
									<left>0</left>
									<width>1880</width>
									<height>145</height>
									<align>center</align>
									<aligny>center</aligny>
									<font>font45</font>
									<pagecontrol>1132</pagecontrol>
									<label>$INFO[ListItem.Plot]</label>
								</control>
								<control type="scrollbar" id="1132">
									<include>dialogvisible</include>
									<left>98.8%</left>
									<top>72%</top>
									<width>12</width>
									<height>145</height>
									<bottom>26</bottom>
									<onback>9102</onback>
									<onleft>9102</onleft>
									<orientation>vertical</orientation>
								</control>
							</control>

						<control type="group">
						<visible>Container(9102).HasFocus(5) | Control.HasFocus(1112)</visible>
						<animation type="Visible" reversible="false">
							<effect type="slide" start="40" end="0" tween="sine" easing="inout" time="250" />
							<effect type="fade" start="0" end="100" time="250" />
						</animation>
						<animation type="Hidden" reversible="false">
							<effect type="slide" start="0" end="40" tween="sine" easing="inout" time="250" />
							<effect type="fade" start="100" end="0" time="250" />
						</animation>
							<width>1495</width>
							<height>630</height>
							<left>435</left>
							<top>45</top>
							<control type="panel" id="1112">
								<orientation>vertical</orientation>
								<scrolltime>350</scrolltime>
								<movement>4</movement>
								<onup>false</onup>
								<ondown>false</ondown>
								<onleft>false</onleft>
								<onright>false</onright>
								<onback>9102</onback>
									<itemlayout width="210" height="210">
										<control type="image">
										<animation condition="true" effect="fade" end="50" time="0">Conditional</animation>
											<top>0</top>
											<left>0</left>
											<width>195</width>
											<height>195</height>
											<texture>colors/white.png</texture>
											<colordiffuse>black</colordiffuse>
											</control>
										<control type="label">
											<top>35</top>
											<left>0</left>
											<width>195</width>
											<height>25</height>
											<align>center</align>
											<aligny>center</aligny>
											<font>font30_title</font>
											<textcolor>white</textcolor>
											<label>$INFO[ListItem.Label]</label>
										</control>
										<control type="textbox">
											<top>70</top>
											<left>0</left>
											<width>195</width>
											<height>85</height>
											<align>center</align>
											<aligny>center</aligny>
											<label fallback="n/a">$INFO[ListItem.Label2]</label>
										</control>
										</itemlayout>
										<focusedlayout width="210" height="210">
										<control type="group">
										<animation type="Focus">
										<effect type="zoom" start="100" end="107" time="200" tween="sine" easing="inout" center="95,125"/>
										</animation>
										<animation type="Unfocus">
										<effect type="zoom" start="107" end="100" time="200" tween="sine" easing="inout" center="95,125"/>
										</animation>
										<control type="image">
										<visible>Control.HasFocus(1112)</visible>
										<animation effect="fade" start="0" end="100" time="150">Visible</animation>
										<animation effect="fade" start="100" end="0" time="150">Hidden</animation>
											<top>0</top>
											<left>0</left>
											<width>195</width>
											<height>195</height>
											<texture>colors/white.png</texture>
											<colordiffuse>button_focus</colordiffuse>
											</control>
										<control type="image">
										<animation condition="true" effect="fade" end="50" time="0">Conditional</animation>
											<top>0</top>
											<left>0</left>
											<width>195</width>
											<height>195</height>
											<texture>colors/white.png</texture>
											<colordiffuse>black</colordiffuse>
											</control>
										<control type="label">
											<top>35</top>
											<left>0</left>
											<width>195</width>
											<height>25</height>
											<align>center</align>
											<aligny>center</aligny>
											<font>font30_title</font>
											<textcolor>white</textcolor>
											<label>$INFO[ListItem.Label]</label>
										</control>
										<control type="textbox">
											<top>70</top>
											<left>0</left>
											<width>195</width>
											<height>85</height>
											<align>center</align>
											<aligny>center</aligny>
											<label fallback="n/a">$INFO[ListItem.Label2]</label>
										</control>
										</control>
										</focusedlayout>
										<content>
										<item id="1">
											<label>מסתיים</label>
											<label2>$INFO[ListItem.EndTime]</label2>
											<onclick>-</onclick>
										</item>	
										<item id="2">
											<label>מתחיל</label>
											<label2>$INFO[System.Time]</label2>
											<onclick>-</onclick>
										</item>
										<item id="3">
											<label>אורך</label>
											<label2>$VAR[duration_fix]</label2>
											<onclick>-</onclick>
										</item>	
										<item id="4">
											<label>גיל</label>
											<label2>$INFO[ListItem.Mpaa]</label2>
											<onclick>-</onclick>
										</item>
										<item id="1">
											<label>עונות</label>
											<label2>$INFO[ListItem.Property(TotalSeasons)]</label2>
											<onclick>-</onclick>
										</item>	
										<item id="5">
											<label>פרקים</label>
											<label2>$INFO[ListItem.Property(TotalEpisodes)]</label2>
											<onclick>-</onclick>
										</item>	
										<item id="6">
											<label>דירוג</label>
											<label2>$INFO[ListItem.Rating]</label2>
											<onclick>-</onclick>
										</item>
										<item id="7">
											<label>הצבעות</label>
											<label2>$INFO[ListItem.RatingAndVotes]</label2>
											<onclick>-</onclick>
										</item>	
										<item id="8">
											<label>תאריך התחלה</label>
											<label2>$INFO[ListItem.StartDate]</label2>
											<onclick>-</onclick>
										</item>										
										<item id="9">
											<label>תאריך שחרור</label>
											<label2>$INFO[ListItem.Premiered]</label2>
											<onclick>-</onclick>
										</item>
										<item id="10">
											<label>מדינה</label>
											<label2>$INFO[ListItem.Country]</label2>
											<onclick>-</onclick>
										</item>
										<item id="11">
											<label>שנה</label>
											<label2>$INFO[ListItem.Year]</label2>
											<onclick>-</onclick>
										</item>
										<item id="12">
											<label>רשת</label>
											<label2>$INFO[ListItem.Property(network)]</label2>
											<onclick>-</onclick>
										</item>
										<item id="13">
											<label>סוג</label>
											<label2>$VAR[DBtypeLabel]</label2>
											<onclick>-</onclick>
										</item>
										<item id="14">
											<label>ז'אנר</label>
											<label2>$INFO[ListItem.Genre]</label2>
											<onclick>-</onclick>
										</item>										
										<item id="15">
											<label>סלוגן</label>
											<label2>$INFO[ListItem.Tagline]</label2>
											<onclick>-</onclick>
										</item>
										<item id="16">
											<visible>String.IsEqual(ListItem.Year,2024)</visible>
											<label>מצב</label>
											<label2>חדש</label2>
											<onclick>-</onclick>
										</item>
										<item id="17">
											<label>כותב</label>
											<label2>$INFO[ListItem.Writer]</label2>
											<onclick>-</onclick>
										</item>
										<item id="18">
											<label>במאי</label>
											<label2>$INFO[ListItem.Director]</label2>
											<onclick>-</onclick>
										</item>
										<item id="20">
											<label>לא נצפו</label>
											<label2>$INFO[ListItem.Property(UnWatchedEpisodes)]</label2>
											<onclick>-</onclick>
										</item>
										<item id="22">
											<label>נצפה</label>
											<label2>$INFO[ListItem.LastPlayed]</label2>
											<onclick>-</onclick>
										</item>	
										<item id="23">
											<label>תהליך צפייה</label>
											<label2>$INFO[ListItem.Progress]</label2>
											<onclick>-</onclick>
										</item>	
										</content>
										</control>
									</control>
							<control type="image">
								<animation condition="true" effect="fade" start="0" end="100" time="850" delay="1850">Visible</animation>
								<top>92%</top>
								<left>25</left>
								<width>250</width>
								<height>80</height>
								<aspectratio align="left" aligny="left">keep</aspectratio>
								<texture>$INFO[ListItem.Art(clearlogo)]</texture>
								<colordiffuse>80FFFFFF</colordiffuse>
							</control>	
							<control type="image">
								<animation condition="true" effect="fade" start="0" end="100" time="850" delay="1850">Visible</animation>
								<top>88.4%</top>
								<left>75%</left>
								<width>450</width>
								<height>125</height>
								<aspectratio align="right" aligny="right">keep</aspectratio>
								<texture>$INFO[ListItem.Art(clearart)]</texture>
								<colordiffuse>80FFFFFF</colordiffuse>
							</control>
							<control type="group">
								<include>dialogvisible</include>
								<animation effect="fade" start="0" end="100" time="350">VisibleChange</animation>
								<width>1280</width>
								<height>720</height>
								<left>200</left>
								<top>150</top>
								<visible>Player.HasVideo</visible>
										<top>0</top>
										<left>0</left>
									<control type="image">
										<top>0</top>
										<left>0</left>
										<width>1480</width>
										<height>750</height>
										<bordertexture colordiffuse="gray">colors/white.png</bordertexture>
										<bordersize>8</bordersize>
										<texture colordiffuse="FF000000">colors/white.png</texture>
									</control>
									<control type="VideoWindow">
									<left>215</left>
									<top>25</top>
										<depth>DepthBackground</depth>
										<aspectratio scalediffuse="false" align="center" aligny="center">keep</aspectratio>
									</control>
								</control>	
						</control>
		<!-- <include content="newdefaultbackground"> -->
		<!-- <param name="setrange" value="bgrange"/> -->
		<!-- <param name="colordiffuse" value="FF181818"/> -->
		<!-- <param name="imagepath" value="colors/white.png"/> -->
		<!-- </include> -->
		<!-- <include content="DefaultBackground"> -->
			<!-- <param name="width" value="650"/> -->
			<!-- <param name="visible" value="false"/> -->
			<!-- <param name="visiblevideobg" value="false"/> -->
			<!-- </include> -->
		<!-- <control type="image"> -->
			<!-- <width>100%</width> -->
			<!-- <height>100%</height> -->
			<!-- <texture colordiffuse="$INFO[Skin.String(maincolorbackground)]">colors/white.png</texture> -->
		<!-- </control>			 -->
			<!-- <include content="TopBar"> -->
				<!-- <param name="breadcrumbs_label" value="true" /> -->
				<!-- <param name="visible" value="false"/> -->
			<!-- </include> -->
			<!-- <include content="BottomBar"> -->
				<!-- <param name="info_visible" value="true" /> -->
			<!-- </include> -->
			<!-- <include content="ContentPanel"> -->
				<!-- <param name="left" value="980" /> -->
				<!-- <param name="width" value="970" /> -->
				<!-- <param name="top" value="-20" /> -->
				<!-- <param name="flipx" value="true" /> -->
			<!-- </include> -->
			<!-- <include content="ContentPanel"> -->
				<!-- <param name="left" value="-50" /> -->
				<!-- <param name="width" value="1470" /> -->
				<!-- <param name="top" value="-20" /> -->
				<!-- <param name="flipy" value="true" /> -->
			<!-- </include> -->
					<!-- <control type="group"> -->
		<!-- <control type="image"> -->
			<!-- <top>0</top> -->
			<!-- <left>0</left> -->
			<!-- <width>100%</width> -->
			<!-- <height>100%</height> -->
			<!-- <texture>$INFO[Skin.String(SetHomeBackground)]</texture> -->
		<!-- </control> -->
		<!-- <control type="image"> -->
		<!-- <visible>Skin.HasSetting(homebackground)</visible> -->
		<!-- <animation condition="true" effect="fade" end="50" time="0">Conditional</animation> -->
			<!-- <top>0</top> -->
			<!-- <left>0</left> -->
			<!-- <width>1920</width> -->
			<!-- <height>1080</height> -->
			<!-- <texture colordiffuse="black">colors/white.png</texture> -->
		<!-- </control> -->
		<!-- </control> -->
		<!-- <control type="group"> -->
		<!-- <width>1720</width> -->
		<!-- <height>750</height> -->
		<!-- <centertop>50%</centertop> -->
		<!-- <centerleft>50%</centerleft> -->
			<!-- <control type="group"> -->
			<!-- <include content="DialogBackgroundMasks"> -->
				<!-- <param name="height" value="750"/> -->
				<!-- <param name="width" value="450"/> -->
				<!-- <param name="poster" value="true"/> -->
			<!-- <include content="DialogBackgroundMasks"> -->
				<!-- <param name="height" value="750"/> -->
				<!-- <param name="width" value="1250"/> -->
				<!-- <param name="left" value="470"/> -->
				<!-- <param name="fanart" value="true"/> -->
			<!-- </include> -->
			<!-- </include> -->
			<!-- </control> -->
		<!-- </control> -->
		
		<!-- <control type="group"> -->
		<!-- <width>1720</width> -->
		<!-- <height>750</height> -->
		<!-- <centertop>50%</centertop> -->
		<!-- <centerleft>50%</centerleft> -->
			<!-- <control type="group"> -->
			<!-- <include content="SmallDialogBoxCommon"> -->
				<!-- <param name="height" value="750"/> -->
				<!-- <param name="width" value="450"/> -->
				<!-- <param name="poster" value="!String.IsEqual(Container(9102).ListItem.Property(id),info)"/> -->
			<!-- <include content="SmallDialogBoxCommon"> -->
				<!-- <param name="height" value="750"/> -->
				<!-- <param name="width" value="1250"/> -->
				<!-- <param name="left" value="470"/> -->
				<!-- <param name="fanart" value="String.IsEqual(Container(9102).ListItem.Property(id),fanart)"/> -->
			<!-- </include> -->
			<!-- <include content="DialogBackgroundMasks"> -->
				<!-- <param name="top" value="620"/> -->
				<!-- <param name="left" value="520"/> -->
				<!-- <param name="height" value="220"/> -->
				<!-- <param name="width" value="450"/> -->
				<!-- <param name="left" value="470"/> -->
				<!-- <param name="landscape" value="String.IsEqual(Container(9102).ListItem.Property(id),fanart) + !String.IsEmpty(ListItem.Art(landscape)"/> -->
			<!-- </include> -->
			<!-- <include content="SmallDialogBoxCommon"> -->
				<!-- <param name="top" value="620"/> -->
				<!-- <param name="left" value="520"/> -->
				<!-- <param name="height" value="220"/> -->
				<!-- <param name="width" value="450"/> -->
				<!-- <param name="left" value="470"/> -->
				<!-- <param name="landscape" value="String.IsEqual(Container(9102).ListItem.Property(id),fanart) + !String.IsEmpty(ListItem.Art(landscape)"/> -->
			<!-- </include> -->
			<!-- </include> -->
			<!-- </control> -->
		<!-- </control> -->

		<!-- <control type="group"> -->
			<!-- <left>570</left> -->
			<!-- <top>100</top> -->
			<!-- <width>1250</width> -->
			<!-- <control type="list" id="9102"> -->
			<!-- <scrolltime tween="cubic" easing="inout">550</scrolltime> -->
			<!-- <orientation>horizontal</orientation> -->
			<!-- <ondown condition="String.IsEqual(Container(9102).ListItem.Property(id),info)">5001</ondown> -->
			<!-- <itemlayout width="250" height="50"> -->
				<!-- <control type="image"> -->
				<!-- <left>0</left> -->
				<!-- <right>0</right> -->
				<!-- <top>0</top> -->
				<!-- <bottom>0</bottom> -->
					<!-- <texture colordiffuse="button_focus">main/tab2.png</texture> -->
				<!-- </control> -->
				<!-- <control type="image"> -->
				<!-- <left>2</left> -->
				<!-- <right>2</right> -->
				<!-- <top>2</top> -->
				<!-- <bottom>2</bottom> -->
				<!-- <texture colordiffuse="black">main/tab2.png</texture> -->
				<!-- </control> -->
				<!-- <control type="label"> -->
				<!-- <top>-5</top> -->
				<!-- <label>$INFO[ListItem.Label]</label> -->
				<!-- <align>center</align> -->
				<!-- <aligny>center</aligny> -->
				<!-- </control> -->
			<!-- </itemlayout> -->
			<!-- <focusedlayout width="250" height="50"> -->
				<!-- <control type="image"> -->
				<!-- <left>0</left> -->
				<!-- <right>0</right> -->
				<!-- <top>0</top> -->
				<!-- <bottom>0</bottom> -->
					<!-- <texture colordiffuse="button_focus">main/tab2.png</texture> -->
				<!-- </control> -->
				<!-- <control type="image"> -->
				<!-- <left>2</left> -->
				<!-- <right>2</right> -->
				<!-- <top>2</top> -->
				<!-- <bottom>2</bottom> -->
				<!-- <texture colordiffuse="black">main/tab2.png</texture> -->
				<!-- </control> -->
				<!-- <control type="image"> -->
				<!-- <left>4</left> -->
				<!-- <right>4</right> -->
				<!-- <top>4</top> -->
				<!-- <bottom>4</bottom> -->
					<!-- <texture colordiffuse="ffad1e4e">main/tab2.png</texture> -->
				<!-- </control> -->
				<!-- <control type="label"> -->
				<!-- <top>-5</top> -->
				<!-- <label>$INFO[ListItem.Label]</label> -->
				<!-- <align>center</align> -->
				<!-- <aligny>center</aligny> -->
				<!-- </control> -->
			<!-- </focusedlayout> -->
			<!-- <content> -->
			<!-- <item> -->
			<!-- <visible>!Player.HasVideo + String.IsEqual(ListItem.DBTYPE,movie)</visible> -->
			<!-- <label>נגן</label> -->
			<!-- <onclick>SendClick(8)</onclick> -->
			<!-- </item> -->
			<!-- <item> -->
			<!-- <visible>!Player.HasVideo + String.IsEqual(ListItem.DBTYPE,tvshow)</visible> -->
			<!-- <label>פתח</label> -->
			<!-- <onclick>SendClick(8)</onclick> -->
			<!-- </item> -->
			<!-- <item> -->
			<!-- <visible>Player.HasVideo</visible> -->
			<!-- <label>עצור</label> -->
			<!-- <property name="id">stop</property> -->
			<!-- <onclick>PlayerControl(stop)</onclick> -->
			<!-- </item> -->
			<!-- <item> -->
			<!-- <label>טריילר</label> -->
			<!-- <visible>!String.IsEmpty(ListItem.Trailer)</visible> -->
			<!-- <property name="id">trailer</property> -->
			<!-- <onclick>PlayMedia($INFO[ListItem.Trailer],1)</onclick> -->
			<!-- </item> -->
			<!-- <item> -->
			<!-- <label>מידע</label> -->
			<!-- <property name="id">info</property> -->
			<!-- <onclick>Control.SetFocus(5001)</onclick> -->
			<!-- </item> -->
			<!-- <item> -->
			<!-- <label>פנארט</label> -->
			<!-- <property name="id">fanart</property> -->
			<!-- <onclick>-</onclick> -->
			<!-- </item> -->
			<!-- <item> -->
			<!-- <visible>Integer.IsGreater(Container(50).NumItems,0)</visible> -->
			<!-- <label>צוות</label> -->
			<!-- <property name="id">crew</property> -->
			<!-- <onclick>-</onclick> -->
			<!-- </item> -->
			<!-- <item> -->
			<!-- <label>הגדרות</label> -->
			<!-- <property name="id">settings</property> -->
			<!-- <onclick>-</onclick> -->
			<!-- </item> -->
			<!-- </content> -->
			<!-- </control> -->
		<!-- </control> -->
		
		<!-- <control type="group"> -->
		<!-- <animation effect="fade" start="0" end="100" time="250" tween="sine" easing="inout">Visible</animation> -->
		<!-- <animation effect="fade" start="100" end="0" time="250" tween="sine" easing="inout">Hidden</animation> -->
		<!-- <animation condition="Player.HasVideo + String.IsEqual(Container(9102).ListItem.Property(id),trailer)" effect="fade" start="100" end="0" time="0">Conditional</animation> -->
		<!-- <visible>![String.IsEqual(Container(9102).ListItem.Property(id),fanart) | String.IsEqual(Container(9102).ListItem.Property(id),crew)]</visible> -->
			<!-- <left>580</left> -->
			<!-- <top>180</top> -->
			<!-- <width>1225</width> -->
			<!-- <height>680</height> -->
			<!-- <control type="textbox"> -->
				<!-- <align>left</align> -->
				<!-- <aligny>center</aligny> -->
				<!-- <font>font45</font> -->
				<!-- <label>[B]$INFO[ListItem.Label][/B][CR][COLOR yellow][I]$INFO[ListItem.Genre][/COLOR][/I][CR]$INFO[ListItem.Plot]</label> -->
				<!-- <pagecontrol>5001</pagecontrol> -->
			<!-- </control> -->
		<!-- </control> -->
		
	<!-- <control type="scrollbar" id="5001"> -->
	  <!-- <visible allowhiddenfocus="true">Control.HasFocus(5001) | String.IsEqual(Container(9102).ListItem.Property(id),info)</visible> -->
	  <!-- <animation effect="fade" start="0" end="100" time="450">Visible</animation> -->
	  <!-- <animation effect="fade" start="100" end="0" time="450">Hidden</animation> -->
	  <!-- <animation condition="Control.HasFocus(5001)" effect="zoom" center="auto" start="100,100" end="100,240" time="450" tween="cubic" easing="inout">Conditional</animation> -->
	  <!-- <left>1840</left> -->
	  <!-- <top>400</top> -->
	  <!-- <width>5</width> -->
	  <!-- <height>280</height> -->
      <!-- <texturesliderbackground colordiffuse="button_focus">colors/white.png</texturesliderbackground> -->
      <!-- <texturesliderbar>colors/white.png</texturesliderbar> -->
      <!-- <texturesliderbarfocus>colors/white.png</texturesliderbarfocus> -->
      <!-- <textureslidernib>colors/white.png</textureslidernib> -->
      <!-- <textureslidernibfocus>colors/white.png</textureslidernibfocus> -->
      <!-- <pulseonselect></pulseonselect> -->
      <!-- <orientation>vertical</orientation> -->
      <!-- <showonepage>false</showonepage> -->
      <!-- <onup>2</onup> -->
      <!-- <ondown>1</ondown> -->
      <!-- <onleft>9102</onleft> -->
      <!-- <onright>9102</onright> -->
	  <!-- <onback>9102</onback> -->
	<!-- </control> -->
		
		<!-- <control type="group"> -->
		<!-- <animation effect="fade" start="0" end="100" time="250" delay="150" tween="sine" easing="inout">Visible</animation> -->
		<!-- <animation effect="fade" start="100" end="0" time="250" tween="sine" easing="inout">Hidden</animation> -->
		<!-- <visible>String.IsEqual(Container(9102).ListItem.Property(id),fanart)</visible> -->
			<!-- <left>850</left> -->
			<!-- <right>0</right> -->
			<!-- <top>835</top> -->
			<!-- <width>925</width> -->
			<!-- <height>680</height> -->
			<!-- <control type="label"> -->
				<!-- <visible>System.IdleTime(1)</visible> -->
				<!-- <animation condition="!String.IsEmpty(ListItem.TagLine)" effect="slide" start="0,0" end="0,-35" time="550" tween="sine" easing="inout">Conditional</animation> -->
				<!-- <animation condition="System.IdleTime(1)" effect="fade" start="0" end="100" time="450" tween="sine" easing="inout">Conditional</animation> -->
				<!-- <align>right</align> -->
				<!-- <font>font45</font> -->
				<!-- <label>[B]$INFO[ListItem.Label][/B]</label> -->
			<!-- </control> -->
				<!-- <control type="label"> -->
				<!-- <visible>System.IdleTime(2)</visible> -->
				<!-- <animation condition="System.IdleTime(2)" effect="fade" start="0" end="100" time="450" tween="sine" easing="inout">Conditional</animation> -->
				<!-- <top>12</top> -->
				<!-- <align>right</align> -->
				<!-- <font>font37</font> -->
				<!-- <label>$INFO[ListItem.TagLine]</label> -->
			<!-- </control> -->
			<!-- <control type="image"> -->
				<!-- <visible>System.IdleTime(3)</visible> -->
				<!-- <animation condition="System.IdleTime(3)" effect="fade" start="0" end="100" time="650" tween="sine" easing="inout">Conditional</animation>		 -->
				<!-- <top>50</top> -->
				<!-- <left>400</left> -->
				<!-- <width>550</width> -->
				<!-- <height>225</height> -->
				<!-- <texture colordiffuse="50FFFFFF">$INFO[ListItem.Art(clearart)]</texture> -->
			<!-- </control> -->
		<!-- </control> -->
		
		<!-- <control type="group"> -->
			<!-- <visible>String.IsEqual(Container(9102).ListItem.Property(id),trailer)</visible> -->
			<!-- <left>535</left> -->
			<!-- <top>180</top> -->
			<!-- <width>1320</width> -->
			<!-- <height>700</height> -->
			<!-- <control type="VideoWindow"> -->
			<!-- <aspectratio>keep</aspectratio> -->
			<!-- </control> -->
		<!-- </control> -->
		
		<!-- <control type="grouplist"> -->
			<!-- <visible>String.IsEqual(Container(9102).ListItem.Property(id),info)</visible> -->
			<!-- <animation effect="fade" start="0" end="100" time="450" tween="sine" easing="inout">Visible</animation> -->
			<!-- <top>280</top> -->
			<!-- <left>115</left> -->
			<!-- <height max="650">650</height> -->
			<!-- <width max="425">425</width> -->
			<!-- <orientation>vertical</orientation> -->
			<!-- <align>left</align> -->
			<!-- <itemgap>5</itemgap> -->
			<!-- <control type="image"> -->
				<!-- <visible>!String.IsEmpty(ListItem.Art(clearlogo)</visible> -->
				<!-- <height max="125">auto</height> -->
				<!-- <aspectratio scalediffuse="false" align="center" aligny="top">stretch</aspectratio> -->
				<!-- <texture>$INFO[ListItem.Art(clearlogo)]</texture> -->
			<!-- </control> -->
			<!-- <control type="label"> -->
				<!-- <visible>String.IsEmpty(ListItem.Art(clearlogo)</visible> -->
				<!-- <height max="65">auto</height> -->
				<!-- <font>font52_title</font> -->
				<!-- <label>$INFO[ListItem.Label]</label> -->
			<!-- </control> -->
			<!-- <control type="grouplist"> -->
				<!-- <itemgap>45</itemgap> -->
				<!-- <orientation>vertical</orientation> -->
				<!-- <control type="group"> -->
				<!-- <visible>!String.IsEmpty(ListItem.Year)</visible> -->
				<!-- <control type="label"> -->
				<!-- <align>left</align> -->
				<!-- <label>$INFO[ListItem.Year] [COLOR button_focus]:שנה[/COLOR]</label> -->
				<!-- </control> -->
				<!-- </control>	 -->

				<!-- <control type="group"> -->
				<!-- <visible>!String.IsEmpty(ListItem.Premiered)</visible> -->
				<!-- <control type="label"> -->
				<!-- <align>left</align> -->
				<!-- <label>$INFO[ListItem.Premiered] [COLOR button_focus]:תאריך שחרור[/COLOR]</label> -->
				<!-- </control> -->
				<!-- </control> -->
				
				<!-- <control type="group"> -->
				<!-- <visible>!String.IsEmpty(ListItem.RatingAndVotes)</visible> -->
				<!-- <control type="label"> -->
				<!-- <align>left</align> -->
				<!-- <label>$INFO[ListItem.RatingAndVotes] [COLOR button_focus]:הצבעות[/COLOR]</label> -->
				<!-- </control> -->
				<!-- </control> -->
				
				<!-- <control type="group"> -->
				<!-- <visible>!String.IsEmpty(ListItem.TagLine)</visible> -->
				<!-- <control type="label"> -->
				<!-- <align>left</align> -->
				<!-- <label>$INFO[ListItem.TagLine] [COLOR button_focus]:סלוגן[/COLOR]</label> -->
				<!-- </control> -->
				<!-- </control> -->
		
				<!-- <control type="group"> -->
				<!-- <visible>!String.IsEmpty(ListItem.Episode)</visible> -->
				<!-- <control type="label"> -->
				<!-- <align>left</align> -->
				<!-- <label>$INFO[ListItem.Episode] [COLOR button_focus]:פרק[/COLOR]</label> -->
				<!-- </control> -->
				<!-- </control> -->
				
				<!-- <control type="group"> -->
				<!-- <visible>!String.IsEmpty(ListItem.Season)</visible> -->
				<!-- <control type="label"> -->
				<!-- <align>left</align> -->
				<!-- <label>$INFO[ListItem.Season] [COLOR button_focus]:עונה[/COLOR]</label> -->
				<!-- </control> -->
				<!-- </control> -->

				<!-- <control type="group"> -->
				<!-- <visible>!String.IsEmpty(ListItem.Duration)</visible> -->
				<!-- <control type="label"> -->
				<!-- <align>left</align> -->
				<!-- <label>$VAR[duration_fix] [COLOR button_focus]:אורך[/COLOR]</label> -->
				<!-- </control> -->
				<!-- </control> -->
				
				<!-- <control type="group"> -->
				<!-- <visible>!String.IsEmpty(ListItem.EndTime) + [String.IsEqual(ListItem.DBTYPE,movie) | String.IsEqual(ListItem.DBTYPE,episode)]</visible> -->
				<!-- <control type="label"> -->
				<!-- <align>left</align> -->
				<!-- <label>$INFO[System.Time] [COLOR button_focus]:מתחיל בשעה[/COLOR]</label> -->
				<!-- </control> -->
				<!-- </control>	 -->

				<!-- <control type="group"> -->
				<!-- <visible>!String.IsEmpty(ListItem.EndTime) + [String.IsEqual(ListItem.DBTYPE,movie) | String.IsEqual(ListItem.DBTYPE,episode)]</visible> -->
				<!-- <control type="label"> -->
				<!-- <align>left</align> -->
				<!-- <label>$INFO[ListItem.EndTime] [COLOR button_focus]:מסתיים בשעה[/COLOR]</label> -->
				<!-- </control> -->
				<!-- </control> -->

				<!-- <control type="group"> -->
				<!-- <control type="label"> -->
				<!-- <align>left</align> -->
				<!-- <label>$VAR[DBtypeLabel] [COLOR button_focus]:סוג[/COLOR]</label> -->
				<!-- </control> -->
				<!-- </control>	 -->
				
				<!-- <control type="group"> -->
				<!-- <visible>!String.IsEmpty(ListItem.Mpaa)</visible> -->
				<!-- <control type="label"> -->
				<!-- <align>left</align> -->
				<!-- <label>$INFO[ListItem.Mpaa] [COLOR button_focus]:גיל[/COLOR]</label> -->
				<!-- </control> -->
				<!-- </control> -->
				
				
			<!-- </control> -->
		<!-- </control> -->
		
		
		<!-- <control type="group"> -->
			<!-- <top>86%</top> -->
			<!-- <left>30%</left> -->
			<!-- <width>450</width> -->
			<!-- <height>150</height> -->
			<!-- <visible>!String.IsEqual(Container(9102).ListItem.Property(id),fanart)</visible> -->
			<!-- <control type="image"> -->
				<!-- <left>0</left> -->
				<!-- <right>0</right> -->
				<!-- <top>0</top> -->
				<!-- <bottom>0</bottom> -->
					<!-- <texture colordiffuse="button_focus">colors/white.png</texture> -->
				<!-- </control> -->
				<!-- <control type="image"> -->
				<!-- <left>2</left> -->
				<!-- <right>2</right> -->
				<!-- <top>2</top> -->
				<!-- <bottom>2</bottom> -->
				<!-- <texture colordiffuse="black">colors/white.png</texture> -->
				<!-- </control> -->
				<!-- <control type="image"> -->
				<!-- <left>60</left> -->
				<!-- <top>10</top> -->
				<!-- <width>350</width> -->
				<!-- <height>125</height> -->
				<!-- <texture fallback="fallbacks/Ghostfallback.png">$INFO[ListItem.Art(clearlogo)]</texture> -->
				<!-- <aspectratio>keep</aspectratio> -->
				<!-- </control> -->
			<!-- </control> -->

		<!-- <control type="group"> -->
			<!-- <top>86%</top> -->
			<!-- <left>55%</left> -->
			<!-- <width>450</width> -->
			<!-- <height>150</height> -->
			<!-- <visible>!String.IsEqual(Container(9102).ListItem.Property(id),fanart)</visible> -->
			<!-- <control type="image"> -->
				<!-- <left>0</left> -->
				<!-- <right>0</right> -->
				<!-- <top>0</top> -->
				<!-- <bottom>0</bottom> -->
					<!-- <texture colordiffuse="button_focus">colors/white.png</texture> -->
				<!-- </control> -->
				<!-- <control type="image"> -->
				<!-- <left>2</left> -->
				<!-- <right>2</right> -->
				<!-- <top>2</top> -->
				<!-- <bottom>2</bottom> -->
				<!-- <texture colordiffuse="black">colors/white.png</texture> -->
				<!-- </control> -->
				<!-- <control type="image"> -->
				<!-- <left>60</left> -->
				<!-- <top>10</top> -->
				<!-- <width>350</width> -->
				<!-- <height>125</height> -->
				<!-- <texture fallback="fallbacks/Ghostfallback.png">$INFO[ListItem.Art(clearart)]</texture> -->
				<!-- <aspectratio>keep</aspectratio> -->
				<!-- </control> -->
			<!-- </control> -->
		
		<!-- <control type="group"> -->
			<!-- <left>6%</left> -->
			<!-- <top>7%</top> -->
			<!-- <control type="label"> -->
				<!-- <align>left</align> -->
				<!-- <label>$INFO[System.Time]</label> -->
			<!-- </control> -->
			<!-- <control type="label"> -->
				<!-- <top>35</top> -->
				<!-- <align>left</align> -->
				<!-- <label>[B]$INFO[System.Date][/B]</label> -->
			<!-- </control> -->
		<!-- </control> -->
		
		<!-- <control type="panel" id="50"> -->
		<!-- <animation effect="fade" start="0" end="100" time="250" delay="150" tween="sine" easing="inout">Visible</animation> -->
		<!-- <animation effect="fade" start="100" end="0" time="250" tween="sine" easing="inout">Hidden</animation> -->
		<!-- <visible>String.IsEqual(Container(9102).ListItem.Property(id),crew)</visible> -->
			<!-- <width>1245</width> -->
			<!-- <height>770</height> -->
			<!-- <left>572</left> -->
			<!-- <top>167</top> -->
			<!-- <orientation>horizontal</orientation> -->
			<!-- <itemlayout width="250" height="385"> -->
				<!-- <include content="SmallDialogBoxCommon"> -->
				<!-- <param name="height" value="360"/> -->
				<!-- <param name="width" value="245"/> -->
				<!-- <param name="poster" value="true"/> -->
			<!-- </include> -->
			<!-- <control type="image"> -->
			<!-- <top>315</top> -->
			<!-- <left>10</left> -->
			<!-- <height>40</height> -->
			<!-- <width>220</width> -->
			<!-- <texture diffuse="masks/landscape_w1140_h680.png" colordiffuse="98000000">colors/white.png</texture> -->
			<!-- </control> -->
			<!-- <control type="label"> -->
			<!-- <left>10</left> -->
			<!-- <top>315</top> -->
			<!-- <width>220</width> -->
			<!-- <height>40</height> -->
			<!-- <aligny>center</aligny> -->
			<!-- <align>center</align> -->
				<!-- <label>$INFO[ListItem.Label]</label> -->
			<!-- </control> -->
			<!-- </itemlayout> -->
			<!-- <focusedlayout /> -->
		<!-- </control> -->

				
				
		
	</include>
	
</includes>
