<?xml version="1.0" encoding="UTF-8"?>
<includes>


<include name="GlobalRoundedMenu">
<control type="fixedlist" id="$PARAM[id]">
				<top>$PARAM[top]</top>
				<left>$PARAM[left]</left>
				<width>$PARAM[width]</width>
				<height>$PARAM[height]</height>
				<onback>112</onback>
				<onright>112</onright>
				<movement>7</movement>
				<onright>false</onright>
				<onleft>false</onleft>
				<focusposition>1</focusposition>
				<onleft>SetFocus($INFO[Container($PARAM[id]).ListItem.Property(item)])</onleft>
				<scrolltime tween="cubic">550</scrolltime>
				<itemlayout width="220" height="115">
				<control type="image">
					<animation condition="true" effect="fade" start="100" end="10" time="250">Conditional</animation>
					<top>0</top>
					<left>0</left>
					<width>170</width>
					<height>170</height>
					<texture colordiffuse="gray">masks/circlebutton.png</texture>
				</control>
					<control type="label">
						<top>35</top>
						<left>35</left>
						<width>100</width>
						<height>100</height>
						<align>center</align>
						<aligny>center</aligny>
						<font>font_flag</font>
						<label>$INFO[ListItem.Label]</label>
					</control>
				</itemlayout>
				<focusedlayout width="220" height="115">
				<control type="image">
					<animation condition="true" effect="fade" start="100" end="10" time="250">Conditional</animation>
					<top>0</top>
					<left>0</left>
					<width>170</width>
					<height>170</height>
					<texture colordiffuse="gray">masks/circlebutton.png</texture>
				</control>
				<control type="image">
					<animation condition="!Control.HasFocus($PARAM[id])" effect="fade" start="100" end="10" time="250">Conditional</animation>
					<top>0</top>
					<left>0</left>
					<width>170</width>
					<height>170</height>
					<bordertexture colordiffuse="white">masks/circlebutton.png</bordertexture>
					<bordersize>5</bordersize>
					<texture colordiffuse="gray">masks/circlebutton.png</texture>
					<visible>Control.HasFocus($PARAM[id])</visible>
				</control>
					<control type="label">
						<top>35</top>
						<left>35</left>
						<width>100</width>
						<height>100</height>
						<align>center</align>
						<aligny>center</aligny>
						<textcolor>black</textcolor>
						<font>font_flag</font>
						<label>$INFO[ListItem.Label]</label>
					</control>
					</focusedlayout>
				<content>
				<include>$PARAM[content]</include>
				</content>
			</control>
			<nested />
</include>


<include name="InfoPnaelDialogInformation">
<param name="onback">115</param>
<definition>
<include content="VideoInfoItemInformation">
	<param name="top">350</param>
	<param name="left">950</param>
	<param name="width">500</param>
	<param name="height">500</param>
	<param name="infotop">300</param>
	<param name="id">$PARAM[id]</param>
	<param name="visible">$PARAM[visible]</param>
</include>
<include content="BusyListSpinner">
	<param name="top">193</param>
	<param name="left">1380</param>
	<param name="list_id">$PARAM[id]</param>
</include>
<control type="list" id="$PARAM[id]">
<top>$PARAM[top]</top>
<left>$PARAM[left]</left>
<width>$PARAM[width]</width>
<height>$PARAM[height]</height>
<onback>$PARAM[onback]</onback>
<onright>$PARAM[onback]</onright>
<orientation>vertical</orientation>
<scrolltime tween="cubic">550</scrolltime>
<visible>$PARAM[visible]</visible>
<onleft>$PARAM[onleft]</onleft>
<onright>$PARAM[onright]</onright>
<itemlayout width="$PARAM[layoutwidth]" height="$PARAM[layoutheight]">
<control type="group">
<width>$PARAM[groupwidth]</width>
<height>$PARAM[groupheight]</height>
<control type="image">
<top>10</top>
<texture diffuse="masks/poster.png">$INFO[ListItem.Icon]</texture>
</control>
<control type="textbox">
<height>$PARAM[layoutheight]</height>
<left>105%</left>
<align>left</align>
<aligny>center</aligny>
<font>font10</font>
<width>$PARAM[layoutwidth]</width>
<label>[B]$INFO[ListItem.Year, (,)] $INFO[ListItem.Label][/B][CR][COLOR burlywood]$INFO[ListItem.Genre][/COLOR]</label>
</control>
</control>
</itemlayout>
<focusedlayout width="$PARAM[layoutwidth]" height="$PARAM[layoutheight]">
<control type="group">
<width>$PARAM[groupwidth]</width>
<height>$PARAM[groupheight]</height>
<control type="image">
<top>-5</top>
<width>$PARAM[focuswidth]</width>
<height>$PARAM[layoutheight]</height>
<texture colordiffuse="15FFFFFF">colors/white.png</texture>
<visible>Control.HasFocus($PARAM[id])</visible>
</control>
<control type="image">
<top>10</top>
<texture diffuse="masks/poster.png">$INFO[ListItem.Icon]</texture>
</control>
<control type="textbox">
<height>$PARAM[layoutheight]</height>
<left>105%</left>
<align>left</align>
<aligny>center</aligny>
<font>font10</font>
<width>$PARAM[layoutwidth]</width>
<label>[B]$INFO[ListItem.Year, (,)] $INFO[ListItem.Label][/B][CR][COLOR burlywood]$INFO[ListItem.Genre][/COLOR]</label>
</control>
</control>
</focusedlayout>
<content>$PARAM[content]</content>
</control>
<nested />
</definition>
</include>


		<include name="GlobalButtonsPlayerControls">
		<param name="onright" value="$PARAM[onright]" default="$PARAM[onright]"/>
		<param name="id" value="$PARAM[id]" default="$PARAM[id]"/>
		<param name="settings" value="$PARAM[settings]" default="$PARAM[settings]"/>
		<param name="left" default="-125"/>
		<definition>
			<control type="group">
			<height>1080</height>
			<width>200</width>
			<centertop>50%</centertop>
			<left>$PARAM[left]</left>
			<include>AnimationLeftSide</include>
			<animation type="Conditional" condition="Control.HasFocus($PARAM[id])">
			<effect type="slide" start="0" end="100" time="350" delay="150" tween="sine" easing="inout"/>
			</animation>
			<control type="group">
			<left>40%</left>
			<top>35.1%</top>
			<control type="image">
				<height>200</height>
				<width>50</width>
				<bordertexture colordiffuse="button_focus">masks/landscape_w1140_h680.png</bordertexture>
				<bordersize>2</bordersize>
				<texture colordiffuse="black">masks/landscape_w1140_h680.png</texture>
			</control>
			<control type="label">
				<left>-85</left>
				<height>100</height>
				<width>170</width>
				<align>center</align>
				<top>14%</top>
				<font>font37</font>
				<label>$INFO[Control.GetLabel($PARAM[id])]</label>
				<angle>90</angle>
			</control>
			</control>
			<control type="group">
				<left>-5%</left>
				<control type="image">
				<top>39.2%</top>
				<height>120</height>
				<width>100</width>
				<bordertexture colordiffuse="button_focus">masks/landscape_w1140_h680.png</bordertexture>
				<bordersize>2</bordersize>
				<texture colordiffuse="black">masks/landscape_w1140_h680.png</texture>
				<visible>Integer.IsEqual(Container($PARAM[id]).NumItems,2)</visible>
			</control>
			<control type="image">
				<top>35.1%</top>
				<height>200</height>
				<width>100</width>
				<bordertexture colordiffuse="button_focus">masks/landscape_w1140_h680.png</bordertexture>
				<bordersize>2</bordersize>
				<texture colordiffuse="black">masks/landscape_w1140_h680.png</texture>
				<visible>Integer.IsEqual(Container($PARAM[id]).NumItems,3)</visible>
			</control>
			<control type="image">
				<top>33.5%</top>
				<height>250</height>
				<width>100</width>
				<bordertexture colordiffuse="button_focus">masks/landscape_w1140_h680.png</bordertexture>
				<bordersize>2</bordersize>
				<texture colordiffuse="black">masks/landscape_w1140_h680.png</texture>
				<visible>Integer.IsEqual(Container($PARAM[id]).NumItems,4)</visible>
			</control>
			<control type="image">
				<top>26.5%</top>
				<height>350</height>
				<width>100</width>
				<bordertexture colordiffuse="button_focus">masks/landscape_w1140_h680.png</bordertexture>
				<bordersize>2</bordersize>
				<texture colordiffuse="black">masks/landscape_w1140_h680.png</texture>
				<visible>Integer.IsEqual(Container($PARAM[id]).NumItems,5)</visible>
			</control>
			<control type="image">
				<top>26.5%</top>
				<height>400</height>
				<width>100</width>
				<bordertexture colordiffuse="button_focus">masks/landscape_w1140_h680.png</bordertexture>
				<bordersize>2</bordersize>
				<texture colordiffuse="black">masks/landscape_w1140_h680.png</texture>
				<visible>Integer.IsEqual(Container($PARAM[id]).NumItems,6)</visible>
			</control>
			<control type="image">
				<top>25.8%</top>
				<height>400</height>
				<width>100</width>
				<bordertexture colordiffuse="button_focus">masks/landscape_w1140_h680.png</bordertexture>
				<bordersize>2</bordersize>
				<texture colordiffuse="black">masks/landscape_w1140_h680.png</texture>
				<visible>Integer.IsEqual(Container($PARAM[id]).NumItems,7)</visible>
			</control>
			<control type="image">
				<top>24.5%</top>
				<height>450</height>
				<width>100</width>
				<bordertexture colordiffuse="button_focus">masks/landscape_w1140_h680.png</bordertexture>
				<bordersize>2</bordersize>
				<texture colordiffuse="black">masks/landscape_w1140_h680.png</texture>
				<visible>Integer.IsEqual(Container($PARAM[id]).NumItems,8)</visible>
			</control>
			<control type="image">
				<top>20.5%</top>
				<height>520</height>
				<width>100</width>
				<bordertexture colordiffuse="button_focus">masks/landscape_w1140_h680.png</bordertexture>
				<bordersize>2</bordersize>
				<texture colordiffuse="black">masks/landscape_w1140_h680.png</texture>
				<visible>Integer.IsEqual(Container($PARAM[id]).NumItems,9)</visible>
			</control>
			<control type="image">
				<top>20.5%</top>
				<height>570</height>
				<width>100</width>
				<bordertexture colordiffuse="button_focus">masks/landscape_w1140_h680.png</bordertexture>
				<bordersize>2</bordersize>
				<texture colordiffuse="black">masks/landscape_w1140_h680.png</texture>
				<visible>Integer.IsEqual(Container($PARAM[id]).NumItems,10)</visible>
			</control>
			<control type="fixedlist" id="$PARAM[id]">
				<top>1.8%</top>
				<left>43</left>
				<ondown>false</ondown>
				<onup>false</onup>
				<onright>$PARAM[onright]</onright>
				<focusposition>8</focusposition>
				<movement>8</movement>
				<orientation>vertical</orientation>
				<itemlayout width="55" height="55">
					<control type="image">
						<width>40</width>
						<height>40</height>
						<texture>common/circle2.png</texture>
					</control>
					<control type="image">
						<width>40</width>
						<height>40</height>
						<texture colordiffuse="black">$INFO[ListItem.Icon]</texture>
					</control>
					<control type="image">
						<top>5</top>
						<left>5</left>
						<width>30</width>
						<height>30</height>
						<texture colordiffuse="black">$INFO[ListItem.Property(myicon)]</texture>
					</control>
				</itemlayout>
				<focusedlayout width="55" height="55">
					<control type="image">
						<width>40</width>
						<height>40</height>
						<texture>common/circle2.png</texture>
					</control>
				<control type="image">
						<width>40</width>
						<height>40</height>
						<texture colordiffuse="$INFO[Skin.String(mainmenufocus)]">common/circle2.png</texture>
						<include>FocusBounce</include>
						<visible>Control.HasFocus($PARAM[id])</visible>
					</control>
					<control type="image">
						<width>40</width>
						<height>40</height>
						<texture colordiffuse="white">$INFO[ListItem.Icon]</texture>
						<visible>Control.HasFocus($PARAM[id])</visible>
					</control>
					<control type="image">
						<width>40</width>
						<height>40</height>
						<texture colordiffuse="black">$INFO[ListItem.Icon]</texture>
						<visible>!Control.HasFocus($PARAM[id])</visible>
					</control>
					<control type="image">
						<top>5</top>
						<left>5</left>
						<width>30</width>
						<height>30</height>
						<texture colordiffuse="black">$INFO[ListItem.Property(myicon)]</texture>
						<visible>!Control.HasFocus($PARAM[id])</visible>
					</control>
					<control type="image">
						<top>5</top>
						<left>5</left>
						<width>30</width>
						<height>30</height>
						<texture colordiffuse="white">$INFO[ListItem.Property(myicon)]</texture>
						<visible>Control.HasFocus($PARAM[id])</visible>
					</control>
				</focusedlayout>
				<content>
				<item id="1">
				<label>הגדרות</label>
					<icon>osd/fullscreen/buttons/settings.png</icon>
					<onclick>$PARAM[settings]</onclick>
				</item>
				<item id="2">
					<label>חיפוש</label>
					<icon>DefaultMusicSearch.png</icon>
					<onclick condition="Window.IsActive(home)">ActivateWindow(1315)</onclick>
					<onclick condition="Control.IsVisible(515)">SendClick(19)</onclick>
					<onclick condition="Window.IsActive(tvchannels) + Control.IsVisible(9003)">SendClick(19)</onclick>
				</item>
				<item id="3">
					<label>הקודם</label>
					<icon>osd/fullscreen/buttons/previous.png</icon>
					<onclick>PlayerControl(previous)</onclick>
					<visible>[Integer.IsGreater(Playlist.Length(music),0) |  Integer.IsGreater(Playlist.Length(video),0)] + Integer.IsGreater(Container(9003).NumItems,1)
					</visible>
					<visible>Player.HasMedia</visible>
				</item>
				<item id="4">
					<label>נגן</label>
					<icon>osd/fullscreen/buttons/play.png</icon>
					<onclick>PlayerControl(play)</onclick>
					<visible>Player.Paused</visible>
					<visible>Player.HasMedia</visible>
				</item>
				<item id="5">
					<label>השהה</label>
					<icon>osd/fullscreen/buttons/pause.png</icon>
					<onclick>PlayerControl(play)</onclick>
					<visible>!Player.Paused</visible>
					<visible>Player.HasMedia</visible>
				</item>
				<item id="6">
					<label>עצור</label>
					<icon>osd/fullscreen/buttons/stop.png</icon>
					<onclick condition="!Integer.IsEqual(Playlist.Length(music),0) | !Integer.IsEqual(Playlist.Length(video),0)">Playlist.Clear</onclick>
					<onclick>PlayerControl(stop)</onclick>
					<visible>Player.HasMedia</visible>
				</item>
				<item id="7">
					<label>מסך מלא</label>
					<icon>osd/noanimate.png</icon>
					<onclick>FullScreen</onclick>
					<visible>Player.HasMedia</visible>
				</item>
				<item id="8">
					<label>פלייליסט</label>
					<onclick condition="!Integer.IsEqual(Playlist.Length(video),0) + Skin.HasSetting(advancedplaylist) + Player.HasVideo">ActivateWindow(1200)</onclick>
					<onclick condition="!Integer.IsEqual(Playlist.Length(music),0) + Skin.HasSetting(advancedplaylist) +  Player.HasAudio">ActivateWindow(1197)</onclick>
					<onclick condition="!Integer.IsEqual(Playlist.Length(video),0) + !Skin.HasSetting(advancedplaylist) + Player.HasVideo">ActivateWindow(videoplaylist)</onclick>
					<onclick condition="!Integer.IsEqual(Playlist.Length(music),0) + !Skin.HasSetting(advancedplaylist) + Player.HasAudio">ActivateWindow(musicplaylist)</onclick>
					<icon>osd/fullscreen/buttons/playlist.png</icon>
					<visible>!Integer.IsEqual(PlayList.Length(music),0) | !Integer.IsEqual(PlayList.Length(video),0)</visible>
					<visible>Player.HasMedia</visible>
				</item>	
				<item id="9">
					<label>הבא</label>
					<icon>osd/fullscreen/buttons/next.png</icon>
					<onclick>PlayerControl(next)</onclick>
					<visible>[Integer.IsGreater(Playlist.Length(music),0) |  Integer.IsGreater(Playlist.Length(video),0)] + Integer.IsGreater(Container(9003).NumItems,0)
					</visible>
					<visible>Player.HasMedia</visible>
				</item>	
				<item id="10">
					<label>מועדפים</label>
					<property name="myicon">icons/favourites.png</property>
					<onclick>ActivateWindow(favouritesbrowser)</onclick>
				</item>
				<item id="11">
				<label>מידע</label>
					<icon>osd/fullscreen/buttons/information.png</icon>
					<onclick>SetProperty(Text_Header,$ESCINFO[VideoPlayer.Title],home)</onclick>
					<onclick>SetProperty(Text_HeaderGenre,$ESCINFO[VideoPlayer.Genre],home)</onclick>
					<onclick>SetProperty(TextViewer_TextDialog,$ESCINFO[VideoPlayer.Plot],home)</onclick>
					<onclick>ActivateWindow(1102)</onclick>
					<visible>!String.IsEmpty(VideoPlayer.Plot)</visible>
				</item>
				</content>
			</control>	
			</control>
			</control>
		</definition>
		</include>
		
</includes>
