<?xml version="1.0" encoding="UTF-8"?>
<includes>
	
<include name="DialogVideo4">

	<control type="group">
	<centerleft>50%</centerleft>
	<width>100%</width>
	<left>2.5%</left>
	<include content="SetBoxedTexture">
		 <param name="top">25</param>
		 <param name="left">25</param>
		 <param name="width">415</param>
		 <param name="height">650</param>
		 <param name="texture">$VAR[iconviewtype]</param>
	</include>
	<include content="SetBoxedTexture">
		 <param name="top">25</param>
		 <param name="left">25%</param>
		 <param name="width">1315</param>
		 <param name="height">650</param>
		 <param name="texture">$INFO[ListItem.Art(fanart)]</param>
	</include>
	</control>
	<control type="group">
	<top>65%</top>
	<centerleft>50%</centerleft>
	<width>1730</width>
	<height>250</height>
	<control type="label">
		<align>center</align>
		<font>font45_title</font>
		<label>$INFO[ListItem.Label]</label>
	</control>
	<control type="textbox">
		<top>80</top>
		<align>center</align>
		<font>font45</font>
		<label>$INFO[ListItem.Plot]</label>
	</control>
	</control>
	
	<control type="group">
	<top>89.7%</top>
	<centerleft>50%</centerleft>
	<width>140</width>
	<height>140</height>

		<control type="image">
			<left>-35%</left>
			<top>25%</top>
			<width>250</width>
			<height>80</height>
			<bordertexture colordiffuse="black" border="24">shadows/shadow-24.png</bordertexture>
			<bordersize>24</bordersize>
			<texture colordiffuse="black">colors/white.png</texture>
		</control>
	<control type="image">
		<top>0</top>
		<left>0</left>
		<bordertexture colordiffuse="white">masks/circlebutton.png</bordertexture>
		<bordersize>5</bordersize>
		<texture colordiffuse="gray">masks/circlebutton.png</texture>
	</control>
	<control type="label">
		<align>center</align>
		<aligny>center</aligny>
		<font>font20_title</font>
		<textcolor>black</textcolor>
		<label>בחר</label>
	</control>
	<control type="button" id="9102">
		<height>1</height>
		<width>1</width>
		<onclick>-</onclick>
		<visible allowhiddenfocus="true">false</visible>
		<onright>SetProperty(Text_Header,$ESCINFO[ListItem.Label],home)</onright>
		<onright>SetProperty(Text_HeaderGenre,$ESCINFO[ListItem.Genre],home)</onright>
		<onright>SetProperty(TextViewer_TextDialog,$ESCINFO[ListItem.Plot],home)</onright>
		<onright>ActivateWindow(1102)</onright>
		<onleft>Control.SetFocus(9103)</onleft>
	</control>
	<control type="image">
		<left>114%</left>
		<top>44%</top>
		<width>25</width>
		<height>25</height>
		<aspectratio>keep</aspectratio>
		<texture colordiffuse="45FFFFFF">overlays/arrowright.png</texture>
	</control>
	<control type="label">
		<left>52%</left>
		<top>4%</top>
		<width>120</width>
		<align>center</align>
		<aligny>center</aligny>
		<font>font20_title</font>
		<textcolor>white</textcolor>
		<label>מידע</label>
	</control>
	<control type="image">
		<left>-23%</left>
		<top>44%</top>
		<width>25</width>
		<height>25</height>
		<aspectratio>keep</aspectratio>
		<texture colordiffuse="45FFFFFF" flipx="true">overlays/arrowright.png</texture>
	</control>
	<control type="label">
		<left>-32%</left>
		<top>4%</top>
		<width>120</width>
		<align>center</align>
		<aligny>center</aligny>
		<font>font20_title</font>
		<textcolor>white</textcolor>
		<label>עוד</label>
	</control>
	</control>	
	
	<control type="group">
	<centerleft>50%</centerleft>
	<top>62%</top>
	<width>95%</width>
	<height>450</height>
	<animation type="Visible">
		<effect type="slide" start="0,550" end="0,0" time="350" tween="sine" easing="inout"/>
		<effect type="fade" start="0" end="100" time="350"/>
	</animation>
	<animation type="Hidden">
		<effect type="slide" start="0,0" end="0,550" time="350" tween="sine" easing="inout"/>
		<effect type="fade" start="100" end="0" time="350"/>
	</animation>
	<visible>Control.HasFocus(9103)</visible>
	<control type="image">
		<width>100%</width>
		<height>500</height>
		<bordertexture colordiffuse="black" border="24">shadows/shadow-24.png</bordertexture>
		<bordersize>24</bordersize>
		<texture colordiffuse="black">colors/white.png</texture>
	</control>
	<control type="image">
		<centertop>50%</centertop>
		<left>2%</left>
		<width>250</width>
		<height>250</height>
		<texture diffuse="diffuse/diffuse_cd.png">$VAR[iconviewtype]</texture>
	</control>
	<control type="panel" id="9103">
	<onback>9102</onback>
	<centertop>60%</centertop>
	<left>25%</left>
	<align>left</align>
	<orientation>horizontal</orientation>
	<itemlayout width="465" height="80">
	<control type="group">
	<width>250</width>
		<control type="label">
			<font>font25_title</font>
			<label>$INFO[ListItem.Label]</label>
		</control>
		<control type="label">
			<top>25</top>
			<font>font25_narrow</font>
			<label>$INFO[ListItem.Label2]</label>
		</control>
	</control>
	</itemlayout>
	<focusedlayout width="465" height="80">
	<control type="group">
	<width>250</width>
		<control type="label">
			<font>font25_title</font>
			<label>$INFO[ListItem.Label]</label>
		</control>
		<control type="label">
			<top>25</top>
			<font>font25_narrow</font>
			<label>$INFO[ListItem.Label2]</label>
		</control>
	</control>
	</focusedlayout>
	<content>
	<item id="1">
		<label>שנה</label>
		<label2>$INFO[ListItem.Year]</label2>
		<onclick>-</onclick>
		<visible>!String.IsEmpty(ListItem.Year)</visible>
	</item>
	<item id="2">
		<label>ז'אנר</label>
		<label2>$INFO[ListItem.Genre]</label2>
		<onclick>-</onclick>
		<visible>!String.IsEmpty(ListItem.Genre)</visible>
	</item>
	<item id="3">
		<label>הצבעות</label>
		<label2>$INFO[ListItem.RatingAndVotes]</label2>
		<onclick>-</onclick>
		<visible>!String.IsEmpty(ListItem.RatingAndVotes)</visible>
	</item>
	<item id="4">
		<label>מיקום</label>
		<label2>$INFO[ListItem.Path]</label2>
		<onclick>-</onclick>
	</item>
	<item id="4">
		<label>שעה</label>
		<label2>$INFO[ListItem.EndTime]</label2>
		<onclick>-</onclick>
	</item>
	<item id="4">
		<label>תאריך</label>
		<label2>$INFO[ListItem.Date]</label2>
		<onclick>-</onclick>
	</item>
	</content>
	</control>
	</control>
		
	
</include>

</includes>
