<?xml version="1.0" encoding="UTF-8"?>
<includes>



<include name="GlobalAddonTextures">
<!-- Global Texture Settings -->
<control type="group">
<width>614</width>
<height>946</height>
<top>-30</top>
<left>-20</left>
<description>global addons texture set</description>
<control type="image">
	<top>0</top>
	<left>0</left>
	<right>0</right>
	<bottom>0</bottom>
	<fadetime>250</fadetime>
	<texture fallback="fallbacks/fallback1.jpg">$INFO[ListItem.Art(poster)]</texture>
	<bordertexture border="24" colordiffuse="black" infill="true" background="true">shadows/shadow-24.png</bordertexture>
	<bordersize>24</bordersize>
	<visible>Container.Content(movies) | Container.Content(tvshows) | Container.Content(seasons)</visible>
	<visible>![String.Contains(Container.FolderPath,youtube) | String.Contains(Container.FolderPath,idanplus) | String.Contains(Container.FolderPath,telemedia)]</visible>
</control>
<control type="image">
	<top>12</top>
	<left>42</left>
	<right>12</right>
	<width>514</width>
	<bottom>12</bottom>
	<fadetime>250</fadetime>
	<texture fallback="fallbacks/fallback1.jpg" diffuse="masks/landscape-502.png">$INFO[ListItem.Icon]</texture>
	<aspectratio>keep</aspectratio>
	<visible>Container.Content(episodes)</visible>
	<visible>![String.Contains(Container.FolderPath,youtube) | String.Contains(Container.FolderPath,idanplus) | String.Contains(Container.FolderPath,telemedia)]</visible>
</control>
<control type="image">
	<top>12</top>
	<left>42</left>
	<right>12</right>
	<bottom>12</bottom>
	<width>514</width>
	<fadetime>250</fadetime>
	<texture fallback="fallbacks/fallback1.jpg" diffuse="masks/poster-50.png">$INFO[ListItem.Icon]</texture>
	<aspectratio>keep</aspectratio>
	<visible>![Container.Content(movies) | Container.Content(tvshows) | Container.Content(seasons) | Container.Content(episodes)]</visible>
	<visible>![String.Contains(Container.FolderPath,youtube) | String.Contains(Container.FolderPath,idanplus) | String.Contains(Container.FolderPath,telemedia)]</visible>
</control>
</control>
<!-- Idan Plus Texture Settings -->
<control type="group">
<description>idan plus texture set</description>
<width>520</width>
<control type="image">
	<top>12</top>
	<left>12</left>
	<right>12</right>
	<bottom>12</bottom>
	<fadetime>250</fadetime>
	<texture fallback="fallbacks/fallback1.jpg" diffuse="masks/poster-50.png">$INFO[ListItem.Icon]</texture>
	<aspectratio>keep</aspectratio>
	<visible>String.IsEqual(ListItem.DBTYPE,movie)</visible>
	<visible>String.Contains(Container.FolderPath,idanplus)</visible>
</control>
<control type="image">
	<top>12</top>
	<left>12</left>
	<right>12</right>
	<bottom>12</bottom>
	<fadetime>250</fadetime>
	<texture fallback="fallbacks/fallback1.jpg" diffuse="masks/landscape-502.png">$INFO[ListItem.Icon]</texture>
	<aspectratio>keep</aspectratio>
	<visible>!String.IsEqual(ListItem.DBTYPE,movie)</visible>
	<visible>String.Contains(Container.FolderPath,idanplus)</visible>
</control>
</control>
<!-- Telemedia Texture Settings -->
<control type="group">
<description>telemedia texture set</description>
<width>614</width>
<height>946</height>
<top>-30</top>
<left>-20</left>
<control type="image">
	<top>0</top>
	<left>0</left>
	<right>0</right>
	<bottom>0</bottom>
	<fadetime>250</fadetime>
	<texture fallback="fallbacks/fallback1.jpg">$INFO[ListItem.Art(poster)]</texture>
	<bordertexture border="24" colordiffuse="black" infill="true" background="true">shadows/shadow-24.png</bordertexture>
	<bordersize>24</bordersize>
	<visible>Container.Content(movies)</visible>
	<visible>!String.IsEqual(ListItem.DBTYPE,tvshow)</visible>
	<visible>String.Contains(Container.FolderPath,telemedia)</visible>
</control>
<control type="image">
	<top>12</top>
	<left>12</left>
	<right>12</right>
	<bottom>12</bottom>
	<fadetime>250</fadetime>
	<texture fallback="fallbacks/fallback1.jpg" diffuse="masks/landscape-502.png">$INFO[ListItem.Art(fanart)]</texture>
	<bordertexture border="24" colordiffuse="black" infill="true" background="true">shadows/shadow-24.png</bordertexture>
	<bordersize>24</bordersize>
	<aspectratio>keep</aspectratio>
	<visible>String.IsEqual(ListItem.DBTYPE,tvshow)</visible>
	<visible>String.Contains(Container.FolderPath,telemedia)</visible>
</control>
</control>
<!-- YouTube Texture Settings -->
<control type="group">
<description>youtube texture set</description>
<width>520</width>
<control type="image">
	<top>12</top>
	<left>12</left>
	<right>12</right>
	<bottom>12</bottom>
	<fadetime>250</fadetime>
	<texture fallback="fallbacks/fallback1.jpg" diffuse="masks/landscape-502.png">$INFO[ListItem.Art(fanart)]</texture>
	<aspectratio>keep</aspectratio>
	<visible>String.IsEqual(ListItem.DBTYPE,video)</visible>
	<visible>String.Contains(Container.FolderPath,youtube)</visible>
</control>
<control type="image">
	<top>12</top>
	<left>12</left>
	<right>12</right>
	<bottom>12</bottom>
	<fadetime>250</fadetime>
	<texture fallback="fallbacks/fallback1.jpg" diffuse="masks/landscape-502.png">$INFO[ListItem.Icon]</texture>
	<aspectratio>keep</aspectratio>
	<visible>!String.IsEqual(ListItem.DBTYPE,video)</visible>
	<visible>String.Contains(Container.FolderPath,youtube)</visible>
</control>
</control>
</include>


<include name="WindowSideLeft">
	<control type="image">
		<top>-25</top>
		<left>-25</left>
		<height>1200</height>
		<bordertexture border="24">shadows/24-shadow.png</bordertexture>
		<bordersize>24</bordersize>
		<texture colordiffuse="black">colors/white.png</texture>
	</control>
</include>

<include name="SetBoxedTexture">
	<control type="group">
	<top>$PARAM[top]</top>
	<left>$PARAM[left]</left>
	<height>$PARAM[height]</height>
	<width>$PARAM[width]</width>
	<control type="image">
		<top>0</top>
		<left>0</left>
		<right>0</right>
		<bottom>0</bottom>
		<bordertexture colordiffuse="gray">colors/white.png</bordertexture>
		<bordersize>1</bordersize>
		<texture colordiffuse="black">colors/white.png</texture>
	</control>
	<control type="image">
		<top>5</top>
		<left>5</left>
		<right>5</right>
		<bottom>5</bottom>
		<texture>$PARAM[texture]</texture>
	</control>
	</control>
</include>

<include name="GlobalBoxedList">
<control type="image">
	<bordertexture colordiffuse="button_focus">masks/landscape_w1140_h680.png</bordertexture>
	<bordersize>2</bordersize>
	<texture colordiffuse="black">masks/landscape_w1140_h680.png</texture>
</control>
</include>

</includes>
