<?xml version="1.0" encoding="UTF-8"?>
<includes>
	
	
<include name="Osd_2">
<control type="group">
		<include>Animation_BottomSlide</include>
				<control type="button" id="187">
				<!-- fake button -->
				<include>HiddenObject</include>
					<onup>200</onup>
					<ondown>201</ondown>
					<onleft>StepBack</onleft>
					<onright condition="!Player.Paused">StepForward</onright>
					<onright condition="Player.Paused">PlayerControl(FrameAdvance(1))</onright>
				</control>
			<control type="image">
				<top>80%</top>
				<left>-40</left>
				<width>120%</width>
				<height>240</height>
				<texture flipy="true">frame/osdfade.png</texture>
			</control>
			<control type="image">
				<top>-100</top>
				<left>-40</left>
				<width>120%</width>
				<height>350</height>
				<texture>frame/osdfade.png</texture>
			</control>
		<control type="group">
		<width>1200</width>
		<include>Animation_BottomSlide</include>
			<control type="list" id="201">
				<top>985</top>
				<left>0</left>
				<width>1400</width>
				<height>200</height>
				<orientation>horizontal</orientation>
				<onup condition="String.IsEqual(Container(201).ListItem.Property(item),nextplayed)">ClearProperty(Text_Header)</onup>
				<onup condition="String.IsEqual(Container(201).ListItem.Property(item),nextplayed)">ClearProperty(Text_HeaderGenre)</onup>
				<onup condition="String.IsEqual(Container(201).ListItem.Property(item),nextplayed)">ClearProperty(TextViewer_TextDialog)</onup>
				<onup condition="String.IsEqual(Container(201).ListItem.Property(item),nextplayed)">SetProperty(Text_Header,$ESCINFO[VideoPlayer.offset(1).Title],home)</onup>
				<onup condition="String.IsEqual(Container(201).ListItem.Property(item),nextplayed)">SetProperty(Text_HeaderGenre,$ESCINFO[VideoPlayer.offset(1).Genre],home)</onup>
				<onup condition="String.IsEqual(Container(201).ListItem.Property(item),nextplayed)">SetProperty(TextViewer_TextDialog,$ESCINFO[VideoPlayer.offset(1).Plot],home)</onup>
				<onup condition="String.IsEqual(Container(201).ListItem.Property(item),nextplayed)">ActivateWindow(1102)</onup>
		
				<onup condition="String.IsEqual(Container(201).ListItem.Property(item),previousplayed)">ClearProperty(Text_Header)</onup>
				<onup condition="String.IsEqual(Container(201).ListItem.Property(item),previousplayed)">ClearProperty(Text_HeaderGenre)</onup>
				<onup condition="String.IsEqual(Container(201).ListItem.Property(item),previousplayed)">ClearProperty(TextViewer_TextDialog)</onup>
				<onup condition="String.IsEqual(Container(201).ListItem.Property(item),previousplayed)">SetProperty(Text_Header,$ESCINFO[VideoPlayer.offset(-1).Title],home)</onup>
				<onup condition="String.IsEqual(Container(201).ListItem.Property(item),previousplayed)">SetProperty(Text_HeaderGenre,$ESCINFO[VideoPlayer.offset(-1).Genre],home)</onup>
				<onup condition="String.IsEqual(Container(201).ListItem.Property(item),previousplayed)">SetProperty(TextViewer_TextDialog,$ESCINFO[VideoPlayer.offset(-1).Plot],home)</onup>
				<onup condition="String.IsEqual(Container(201).ListItem.Property(item),previousplayed)">ActivateWindow(1102)</onup>
				
				<onup>SetFocus($INFO[Container(201).ListItem.Property(id)])</onup>
				<itemlayout width="80" height="50">
					<control type="image">
						<top>15</top>
						<left>15</left>
						<width>75</width>
						<height>75</height>
						<aspectratio>keep</aspectratio>
						<bordertexture colordiffuse="white">buttons/roundbutton-fo.png</bordertexture>
						<bordersize>8</bordersize>
						<texture colordiffuse="FF181818">$INFO[ListItem.Icon]</texture>
					</control>
				</itemlayout>
				<focusedlayout width="80" height="50">
					<control type="image">
					<include>FocusBounce</include>
						<top>0</top>
						<left>0</left>
						<width>105</width>
						<height>105</height>
						<aspectratio>keep</aspectratio>
						<texture colordiffuse="FF448AFF">buttons/roundbutton-fo.png</texture>
						<visible>Control.HasFocus(201)</visible>
					</control>
					<control type="image">
						<top>15</top>
						<left>15</left>
						<width>75</width>
						<height>75</height>
						<aspectratio>keep</aspectratio>
						<bordertexture colordiffuse="white">buttons/roundbutton-fo.png</bordertexture>
						<bordersize>8</bordersize>
						<texture colordiffuse="$INFO[Skin.String(playerosdcolor)]">$INFO[ListItem.Icon]</texture>
					</control>
				</focusedlayout>
				<content>
				<item id="110">
					<icon>osd/fullscreen/buttons/settings.png</icon>
					<onclick>SetProperty(settingslist_content,osd,home)</onclick>
					<onclick>SetProperty(settingslist_header,$LOCALIZE[5],home)</onclick>
					<onclick>ActivateWindow(1101)</onclick>
				</item>
				<item id="1">
					<icon>osd/fullscreen/buttons/settings-subtitle.png</icon>
					<onclick>Control.SetFocus(124050)</onclick>
					<visible>!VideoPlayer.Content(LiveTV) | VideoPlayer.HasSubtitles</visible>
					<property name="id">$NUMBER[124050]</property>
				</item>
				<item id="99">
					<icon>osd/fullscreen/buttons/information.png</icon>
					<property name="showinfo">true</property>
					<property name="id">$NUMBER[4330]</property>
					<onclick>false</onclick>
					<onclick>SetProperty(Text_Header,$ESCINFO[VideoPlayer.Title],home)</onclick>
					<onclick>SetProperty(Text_HeaderGenre,$ESCINFO[VideoPlayer.Genre],home)</onclick>
					<onclick>SetProperty(TextViewer_TextDialog,$ESCINFO[VideoPlayer.Plot],home)</onclick>
					<onclick condition="!String.IsEmpty(VideoPlayer.Plot)">ActivateWindow(1102)</onclick>
					
				</item>
				<item id="238">
					<icon>osd/fullscreen/buttons/rds.png</icon>
					<property name="mediaflags">true</property>
					<onclick>-</onclick>
				</item>
				<item id="185">
					<icon>osd/fullscreen/buttons/channels.png</icon>
					<onclick>Control.SetFocus(278400)</onclick>
					<property name="id">$NUMBER[278400]</property>
				</item>
				<item id="186">
					<icon>osd/fullscreen/buttons/guide.png</icon>
					<onclick>Dialog.Close(all,true)</onclick>
					<onclick>ActivateWindow(tvguide)</onclick>
				</item>
				<item id="287">
					<icon>osd/fullscreen/buttons/calendar.png</icon>
					<onclick>Dialog.Close(all,true)</onclick>
					<onclick>ActivateWindow(pvrchannelguide)</onclick>
					<visible>VideoPlayer.Content(livetv) + VideoPlayer.HasEpg</visible>
				</item>
				<item id="100">
					<icon>kodirdil/next_audio_track/next_audio_track.png</icon>
					<onclick>Control.SetFocus(124056)</onclick>
					<property name="id">$NUMBER[124056]</property>
				</item>	
				<item id="35">
					<icon>osd/fullscreen/buttons/playlist.png</icon>
					<visible>!Integer.IsEqual(Playlist.Length(video),0) + !String.IsEmpty(VideoPlayer.offset(1).Title)</visible>
					<onclick>Dialog.Close(all,true)</onclick>
					<!-- <onclick>ActivateWindow(videoplaylist)</onclick> -->
					<onclick condition="String.Contains(Player.Folderpath,telemedia)">ActivateWindow(1200)</onclick>
					<onclick condition="!String.Contains(Player.Folderpath,telemedia)">ActivateWindow(1201)</onclick>
					<property name="id">$NUMBER[234311]</property>
					<property name="playlist">true</property>
				</item>
				<item id="2">
					<icon>icons/recent.png</icon>
					<onclick condition="!Player.Paused">PlayerControl(Play)</onclick>
					<!-- Open Twilight "Playback Options" window for current playing movie -->
					<onclick condition="VideoPlayer.Content(movies)">RunPlugin(plugin://plugin.video.twilight/?mode=playback_choice&media_type=movie&poster=$VAR[NowPlayingPosterVar]&meta=$INFO[VideoPlayer.IMDBNumber])</onclick>
					<!-- Open Twilight "Playback Options" window for current playing episode -->
					<onclick condition="VideoPlayer.Content(episodes)">RunPlugin(plugin://plugin.video.twilight//?mode=playback_choice&media_type=episode&poster=$VAR[NowPlayingPosterVar]&meta=$INFO[VideoPlayer.UniqueID(tmdb)]&season=$INFO[VideoPlayer.Season]&episode=$INFO[VideoPlayer.Episode])</onclick>
					<animation condition="![VideoPlayer.Content(movies) | VideoPlayer.Content(episodes)]" effect="fade" start="100" end="45" time="0">Conditional</animation>
					<visible>VideoPlayer.Content(movies) | VideoPlayer.Content(episodes)</visible>
				</item>
				<item id="25">
					<icon>osd/fullscreen/buttons/previous.png</icon>
					<onclick>PlayerControl(Previous)</onclick>
					<visible>!String.IsEmpty(VideoPlayer.offset(-1).Title) | Player.HasSceneMarkers</visible>
					<visible>!VideoPlayer.Content(LiveTv)</visible>
					<property name="item">previousplayed</property>
				</item>
				<item id="3">
					<icon>osd/fullscreen/buttons/rewind.png</icon>
					<onclick>Control.SetFocus(124051)</onclick>
					<visible>[Player.SeekEnabled + !VideoPlayer.Content(livetv)]</visible>
					<property name="id">$NUMBER[124051]</property>
				</item>
				<item id="4">
					<icon>osd/fullscreen/buttons/stop.png</icon>
					<onclick>PlayerControl(Stop)</onclick>
					<property name="id">$NUMBER[87]</property>
				</item>
				<item id="5">
					<icon>osd/fullscreen/buttons/play.png</icon>
					<visible>Player.PauseEnabled + Player.Paused</visible>
					<onclick>PlayerControl(Play)</onclick>
					<property name="id">$NUMBER[87]</property>
				</item>
				<item id="6">
					<icon>osd/fullscreen/buttons/pause.png</icon>
					<visible>Player.PauseEnabled + !Player.Paused</visible>
					<onclick>PlayerControl(Play)</onclick>
					<property name="id">$NUMBER[87]</property>
				</item>
				<item id="7">
					<icon>osd/fullscreen/buttons/forward.png</icon>
					<visible>[Player.SeekEnabled + !VideoPlayer.Content(livetv)]</visible>
					<onclick>Control.SetFocus(124054)</onclick>
					<property name="id">$NUMBER[124054]</property>
				</item>
				<item id="8">
					<icon>osd/fullscreen/buttons/next.png</icon>
					<onclick>PlayerControl(Next)</onclick>
					<visible>!String.IsEmpty(VideoPlayer.offset(1).Title) | Player.HasSceneMarkers</visible>
					<visible>!VideoPlayer.Content(LiveTV)</visible>
					<property name="item">nextplayed</property>
				</item>
				<item id="9">
					<icon>osd/fullscreen/buttons/next.png</icon>
					<onclick>Control.SetFocus(278402)</onclick>
					<visible>!Integer.IsGreater(Container(278402).NumItems,2) + String.IsEmpty(VideoPlayer.offset(1).Title)</visible>
					<visible>VideoPlayer.Content(episodes)</visible>
					<property name="nextitem">nextepisode</property>
					<property name="id">$NUMBER[278402]</property>
				</item>
				<item id="10">
					<icon>osd/fullscreen/buttons/next.png</icon>
					<visible>VideoPlayer.Content(LiveTv)</visible>
					<property name="livetv">livestream</property>
				</item>				
				<item id="11">
					<icon>DefaultAddonPVRClient.png</icon>
					<property name="item">episodes</property>
					<property name="id">$NUMBER[278401]</property>
					<onclick>SetFocus(278401)</onclick>
					<visible>VideoPlayer.Content(episodes)</visible>
					</item>
				</content>
				</control>
			</control>
		
		
		<!-- TODO Add new MPAA icons, Info message at start of playback (title, year, mpaa, audio and video codec) -->
		<include condition="Skin.HasSetting(touchmode)">TouchBackOSDButton</include>
		<control type="group">
			<include>Animation_BottomSlide</include>
			<bottom>0</bottom>
			<height>180</height>

			<control type="label">
				<animation effect="slide" end="0,-20" time="150" condition="VideoPlayer.Content(LiveTV)">conditional</animation>
				<right>20</right>
				<top>0</top>
				<align>right</align>
				<aligny>center</aligny>
				<width>1000</width>
				<height>50</height>
				<label>$VAR[OSDHelpTextVar]</label>
				<shadowcolor>black</shadowcolor>
			</control>
		</control>

	<control type="group" id="124049">
		<top>640</top>
		<include content="OsdSubMenuGlobal">
			<param name="list_id" value="124050"/>
			<param name="listitemid" value="201"/>
			<param name="listitemnumber" value="1"/>
			<param name="left" value="25"/>
			<param name="content" value="OsdSubTitleItms"/>
		</include>
	</control>	
	<control type="group" id="124051">
		<top>640</top>
		<animation condition="Integer.IsGreater(Container(201).NumItems,4) + Integer.IsEqual(Container(201).NumItems,8)" effect="slide" end="100" time="0">Conditional</animation>
		<animation condition="Integer.IsGreater(Container(201).NumItems,4) + Integer.IsEqual(Container(201).NumItems,6)" effect="slide" end="80" time="0">Conditional</animation>
		<animation condition="Integer.IsGreater(Container(201).NumItems,4) + Integer.IsEqual(Container(201).NumItems,7)" effect="slide" end="-315" time="0">Conditional</animation>
		<animation condition="Integer.IsGreater(Container(201).NumItems,4) + Integer.IsEqual(Container(201).NumItems,11)" effect="slide" end="160" time="0">Conditional</animation>
		<animation condition="Integer.IsGreater(Container(201).NumItems,4) + Integer.IsEqual(Container(201).NumItems,7)" effect="slide" end="160" time="0">Conditional</animation>
		<animation condition="Integer.IsGreater(Container(201).NumItems,4) + Integer.IsEqual(Container(201).NumItems,13)" effect="slide" end="240" time="0">Conditional</animation>	
		<animation condition="Integer.IsGreater(Container(201).NumItems,4) + Integer.IsEqual(Container(201).NumItems,14)" effect="slide" end="320" time="0">Conditional</animation>

		<include content="OsdSubMenuGlobal">
			<param name="list_id" value="124052"/>
			<param name="listitemid" value="201"/>
			<param name="listitemnumber" value="3"/>
			<param name="left" value="285"/>
			<param name="content" value="RewindOsdSubTitleItms"/>
		</include>
	</control>
	<control type="group" id="124053">
		<top>640</top>
		<animation condition="Integer.IsGreater(Container(201).NumItems,4) + Integer.IsEqual(Container(201).NumItems,8)" effect="slide" end="100" time="0">Conditional</animation>
		<animation condition="Integer.IsGreater(Container(201).NumItems,4) + Integer.IsEqual(Container(201).NumItems,6)" effect="slide" end="80" time="0">Conditional</animation>
		<animation condition="Integer.IsGreater(Container(201).NumItems,4) + Integer.IsEqual(Container(201).NumItems,7)" effect="slide" end="-315" time="0">Conditional</animation>
		<animation condition="Integer.IsGreater(Container(201).NumItems,4) + Integer.IsEqual(Container(201).NumItems,11)" effect="slide" end="160" time="0">Conditional</animation>
		<animation condition="Integer.IsGreater(Container(201).NumItems,4) + Integer.IsEqual(Container(201).NumItems,7)" effect="slide" end="160" time="0">Conditional</animation>
		<animation condition="Integer.IsGreater(Container(201).NumItems,4) + Integer.IsEqual(Container(201).NumItems,13)" effect="slide" end="240" time="0">Conditional</animation>
		<animation condition="Integer.IsGreater(Container(201).NumItems,4) + Integer.IsEqual(Container(201).NumItems,14)" effect="slide" end="320" time="0">Conditional</animation>
		
		<include content="OsdSubMenuGlobal">
			<param name="list_id" value="124054"/>
			<param name="listitemid" value="201"/>
			<param name="listitemnumber" value="7"/>
			<param name="left" value="505"/>
			<param name="content" value="ForwadeOsdSubTitleItms"/>
		</include>
	</control>
	<control type="group" id="124055">
		<top>640</top>
		<animation condition="Integer.IsGreater(Container(201).NumItems,4) + Integer.IsEqual(Container(201).NumItems,8)" effect="slide" end="230" time="0">Conditional</animation>
		<animation condition="Integer.IsGreater(Container(201).NumItems,4) + Integer.IsEqual(Container(201).NumItems,6)" effect="slide" end="80" time="0">Conditional</animation>
		<animation condition="Integer.IsGreater(Container(201).NumItems,4) + Integer.IsEqual(Container(201).NumItems,11)" effect="slide" end="160" time="0">Conditional</animation>
		<animation condition="Integer.IsGreater(Container(201).NumItems,4) + Integer.IsEqual(Container(201).NumItems,7)" effect="slide" end="160" time="0">Conditional</animation>
		<animation condition="Integer.IsGreater(Container(201).NumItems,4) + Integer.IsEqual(Container(201).NumItems,13)" effect="slide" end="160" time="0">Conditional</animation>
		<animation condition="Integer.IsGreater(Container(201).NumItems,4) + Integer.IsEqual(Container(201).NumItems,12)" effect="slide" end="240" time="0">Conditional</animation>
		<animation condition="Integer.IsGreater(Container(201).NumItems,4) + Integer.IsEqual(Container(201).NumItems,14)" effect="slide" end="160" time="0">Conditional</animation>

		<include content="OsdSubMenuGlobal">
			<param name="list_id" value="124056"/>
			<param name="listitemid" value="201"/>
			<param name="listitemnumber" value="100"/>
			<param name="left" value="135"/>
			<param name="listtop" value="75"/>
			<param name="content" value="AudioOsdSubTitleItms"/>
		</include>
	</control>
	
		<include content="SetGrouplist">
			<param name="groupvisible">!String.IsEmpty(VideoPlayer.offset(1).Title) + String.IsEqual(Container(201).ListItem.Property(item),nextplayed) + [String.Contains(Player.FolderPath,telemedia) | String.Contains(Player.FolderPath,youtube) | String.Contains(Player.FolderPath,idanplus)]</param>
			<param name="icon">$INFO[VideoPlayer.offset(1).Cover]</param>
			<param name="top">540</param>
			<param name="height">405</param>
			<param name="rightheader">הבא</param>
			<param name="toplabel">$INFO[VideoPlayer.offset(1).Title] $INFO[VideoPlayer.offset(1).Year,(,)]</param>
			<param name="toplabelvisible">!String.IsEmpty(VideoPlayer.offset(1).Title)</param>
			<param name="middlelabelvisible">!String.IsEmpty(VideoPlayer.offset(1).plot)</param>
			<param name="middleplot">$INFO[VideoPlayer.offset(1).Plot]</param>
			<param name="visiblebottomlabel">true</param>
			<param name="bottomtitle">$INFO[VideoPlayer.offset(1).Year, [COLOR FF448AFF]שנה: [/COLOR], •]$INFO[VideoPlayer.offset(1).Genre, [COLOR FF448AFF]ז'אנר:[/COLOR] ]</param>
		</include>
		
		<include content="SetGrouplist">
			<param name="groupvisible">![String.Contains(Player.FolderPath,telemedia) + String.IsEmpty(VideoPlayer.offset(1).Title] + String.IsEqual(Container(201).ListItem.Property(item),nextplayed) + VideoPlayer.Content(episodes)</param>
			<param name="icon">$INFO[VideoPlayer.offset(1).Cover]</param>
			<param name="top">540</param>
			<param name="height">405</param>
			<param name="rightheader">הבא $VAR[NextEpisodePlaying]</param>
			<param name="toplabel">$INFO[VideoPlayer.offset(1).Title] $INFO[VideoPlayer.offset(1).Year,(,)]</param>
			<param name="toplabelvisible">!String.IsEmpty(VideoPlayer.offset(1).Title)</param>
			<param name="middlelabelvisible">!String.IsEmpty(VideoPlayer.offset(1).plot)</param>
			<param name="middleplot">$INFO[VideoPlayer.offset(1).Plot]</param>
			<param name="visiblebottomlabel">true</param>
			<param name="bottomtitle">$INFO[VideoPlayer.offset(1).Season, [COLOR FF448AFF]עונה: [/COLOR], •]$INFO[VideoPlayer.offset(1).Episode, [COLOR FF448AFF]פרק:[/COLOR] ]</param>
		</include>
		
		<include content="SetGrouplist">
			<param name="groupvisible">!String.IsEmpty(VideoPlayer.offset(-1).Title) + String.IsEqual(Container(201).ListItem.Property(item),previousplayed)</param>
			<param name="icon">$INFO[VideoPlayer.offset(-1).Cover]</param>
			<param name="top">540</param>
			<param name="height">405</param>
			<param name="rightheader">הקודם $VAR[PreviousEpisodePlaying]</param>
			<param name="toplabel">$INFO[VideoPlayer.offset(-1).Title] $INFO[VideoPlayer.offset(-1).Year,(,)]</param>
			<param name="toplabelvisible">!String.IsEmpty(VideoPlayer.offset(-1).Title)</param>
			<param name="middlelabelvisible">!String.IsEmpty(VideoPlayer.offset(-1).plot)</param>
			<param name="middleplot">$INFO[VideoPlayer.offset(-1).Plot]</param>
			<param name="visiblebottomlabel">true</param>
			<param name="bottomtitle">$INFO[VideoPlayer.offset(-1).Season, [COLOR FF448AFF]עונה: [/COLOR], •]$INFO[VideoPlayer.offset(-1).Episode, [COLOR FF448AFF]פרק:[/COLOR] ]</param>
		</include>
		
		<include content="SetGrouplist">
			<param name="groupvisible">String.IsEqual(Container(201).ListItem.Property(showinfo),true)</param>
			<param name="icon">$INFO[Player.Art(fanart)]</param>
			<param name="top">540</param>
			<param name="height">405</param>
			<param name="rightheader">משודר כעת $VAR[NowPlayingEpsiode]</param>
			<param name="toplabel">$VAR[GlobalTitleInfo]</param>
			<param name="toplabelvisible">!String.IsEmpty(VideoPlayer.Title)</param>
			<param name="middlelabelvisible">!String.IsEmpty(VideoPlayer.plot)</param>
			<param name="middleplot">$INFO[VideoPlayer.Plot]</param>
			<param name="visiblebottomlabel">!String.IsEmpty(VideoPlayer.Duration)</param>
			<param name="bottomtitle">$VAR[InfoTimeAndDuration] $VAR[InfoSeasonEpisode]</param>
			<param name="secvisiblebottomlabel">VideoPlayer.Content(LiveTv)</param>
			<param name="secbottomtitle">$INFO[VideoPlayer.StartTime, [COLOR FF448AFF]מתחיל: [/COLOR], •]$INFO[VideoPlayer.EndTime, [COLOR FF448AFF]מסתיים:[/COLOR] ]</param>
		</include>
	
		<include content="SetGrouplist">
			<param name="groupvisible">String.IsEqual(Container(201).ListItem.Property(livetv),livestream)</param>
			<param name="icon">$INFO[Player.offset(1).Icon]</param>
			<param name="top">540</param>
			<param name="height">405</param>
			<param name="rightheader">התוכנית הבאה בערוץ $INFO[VideoPlayer.ChannelName]</param>
			<param name="toplabel">$INFO[VideoPlayer.NextTitle]</param>
			<param name="toplabelvisible">!String.IsEmpty(VideoPlayer.NextTitle)</param>
			<param name="middlelabelvisible">!String.IsEmpty(VideoPlayer.plot)</param>
			<param name="middleplot">$INFO[VideoPlayer.NextPlot]</param>
			<param name="visiblebottomlabel">!String.IsEmpty(VideoPlayer.NextStartTime)</param>
			<param name="bottomtitle">$INFO[VideoPlayer.NextStartTime, [COLOR FF448AFF]מתחיל: [/COLOR], •]$INFO[VideoPlayer.NextEndTime, [COLOR FF448AFF]מסתיים:[/COLOR] ]</param>
			<param name="secvisiblebottomlabel">false</param>
			<param name="secbottomtitle">none</param>
		</include>
		
	
	
	<control type="group">
	<top>52%</top>
	<include content="SetChannels">
		<param name="id" value="278400"/>
		<param name="visible" value="Container(201).HasFocus(185) | Control.HasFocus(278400)"/>
		<param name="itemlayoutwidth" value="840"/>
		<param name="itemlayoutheight" value="280"/>
		<param name="grouptwidth" value="825"/>
		<param name="groupheight" value="$PARAM[itemlayoutheigh]"/>
	</include>
	</control>
	
	<control type="group">
	<visible>String.IsEqual(Container(201).ListItem.Property(item),episodes)</visible>
	<animation type="Visible">
		<effect type="fade" start="0" end="100" time="450" tween="sine" easing="inout"/>
	</animation>
	<animation type="hidden">
		<effect type="fade" start="100" end="0" time="450" tween="sine" easing="inout"/>
	</animation>
	<include content="GlobalBusySpinner">
		<param name="top">0</param>
		<param name="left">50</param>
		<param name="list_id">278401</param>
	</include>
	<top>52%</top>
	<width>100%</width>
	<height>450</height>
	<control type="fixedlist" id="278401">
		<orientation>horizontal</orientation>
		<scrolltime tween="cubic">550</scrolltime>
		<focusposition>0</focusposition>
		<movement>2</movement>
		<onback>201</onback>
		<oninfo>false</oninfo>
		<ondown>Control.SetFocus(201)</ondown>
		<onleft>false</onleft>
		<onright>false</onright>
		<itemlayout width="635" height="350">
		<control type="image">
			<width>662</width>
			<height>362</height>
			<left>-1%</left>
			<top>-2%</top>
			<bordertexture colordiffuse="white" border="24">shadows/shadow-24.png</bordertexture>
			<bordersize>24</bordersize>
			<texture colordiffuse="white">colors/white.png</texture>
		</control>
		<control type="image">
			<width>650</width>
			<bordertexture colordiffuse="black" border="24">shadows/shadow-24.png</bordertexture>
			<bordersize>24</bordersize>
			<texture colordiffuse="black">colors/white.png</texture>
		</control>
		<control type="group">
		<top>10%</top>
		<width>650</width>
		<control type="image">
			<left>7%</left>
			<top>17%</top>
			<width>32%</width>
			<height>65%</height>
			<texture>$INFO[ListItem.Icon]</texture>
		</control>
		<control type="label">
			<top>0%</top>
			<left>7%</left>
			<right>25</right>
			<height>65%</height>
			<align>left</align>
			<label>$INFO[VideoPlayer.Season,[COLOR FF448AFF]עונה[/COLOR] ] - $INFO[VideoPlayer.Episode,[COLOR FF448AFF]פרק[/COLOR] ]</label>
		</control>
		<control type="textbox">
			<top>14%</top>
			<left>42%</left>
			<right>25</right>
			<height>70%</height>
			<align>left</align>
			<aligny>center</aligny>
			<textcolor>white</textcolor>
			<selectedcolor>burlywood</selectedcolor>
			<label>[B]$INFO[VideoPlayer.Title][/B][CR]$INFO[VideoPlayer.Plot]</label>
		</control>
		</control>
		</itemlayout>
		<focusedlayout width="635" height="350">
		<control type="image">
			<width>662</width>
			<height>362</height>
			<left>-1%</left>
			<top>-2%</top>
			<bordertexture colordiffuse="white" border="24">shadows/shadow-24.png</bordertexture>
			<bordersize>24</bordersize>
			<texture colordiffuse="white">colors/white.png</texture>
		</control>
		<control type="image">
			<animation type="Visible">
			<effect type="fade" start="0" end="100" time="450" tween="sine" easing="inout"/>
			</animation>
			<animation type="hidden">
			<effect type="fade" start="100" end="0" time="450" tween="sine" easing="inout"/>
			</animation>
			<width>680</width>
			<height>385</height>
			<left>-2%</left>
			<top>-5%</top>
			<bordertexture colordiffuse="black" border="24">shadows/shadow-24.png</bordertexture>
			<bordersize>24</bordersize>
			<texture colordiffuse="$INFO[Skin.String(playerosdcolor)]">colors/white.png</texture>
			<visible>Control.HasFocus(278401)</visible>
		</control>
		<control type="image">
			<width>650</width>
			<bordertexture colordiffuse="black" border="24">shadows/shadow-24.png</bordertexture>
			<bordersize>24</bordersize>
			<texture colordiffuse="black">colors/white.png</texture>
		</control>
		<control type="group">
		<top>10%</top>
		<width>650</width>
		<control type="image">
			<left>7%</left>
			<top>17%</top>
			<width>32%</width>
			<height>65%</height>
			<texture>$INFO[ListItem.Icon]</texture>
		</control>
		<control type="label">
			<top>0%</top>
			<left>7%</left>
			<right>25</right>
			<height>65%</height>
			<align>left</align>
			<label>$INFO[VideoPlayer.Season,[COLOR FF448AFF]עונה[/COLOR] ] - $INFO[VideoPlayer.Episode,[COLOR FF448AFF]פרק[/COLOR] ]</label>
		</control>
		<control type="textbox">
			<top>14%</top>
			<left>42%</left>
			<right>25</right>
			<height>70%</height>
			<align>left</align>
			<aligny>center</aligny>
			<textcolor>white</textcolor>
			<selectedcolor>burlywood</selectedcolor>
			<label>[B]$INFO[VideoPlayer.Title][/B][CR]$INFO[VideoPlayer.Plot]</label>
			<autoscroll fade="4000" time="4000" repeat="4000">System.IdleTime(1) + Control.HasFocus(278401)</autoscroll>
		</control>
		</control>
		</focusedlayout>
		<content>plugin://plugin.video.themoviedb.helper?info=episodes&amp;tmdb_type=tv&amp;imdb_id=$INFO[VideoPlayer.IMDBNumber]&amp;season=$INFO[VideoPlayer.Season]</content>
		</control>
		</control>
		

	<control type="group">
	<visible>String.IsEqual(Container(201).ListItem.Property(nextitem),nextepisode)</visible>
	<animation type="Visible">
		<effect type="fade" start="0" end="100" time="450" tween="sine" easing="inout"/>
	</animation>
	<animation type="hidden">
		<effect type="fade" start="100" end="0" time="450" tween="sine" easing="inout"/>
	</animation>
	<include content="GlobalBusySpinner">
		<param name="top">0</param>
		<param name="left">50</param>
		<param name="list_id">278402</param>
	</include>
	<top>50%</top>
	<width>100%</width>
	<height>500</height>
	<control type="fixedlist" id="278402">
		<orientation>horizontal</orientation>
		<scrolltime tween="cubic">550</scrolltime>
		<focusposition>0</focusposition>
		<movement>2</movement>
		<onback>201</onback>
		<oninfo>false</oninfo>
		<ondown>Control.SetFocus(201)</ondown>
		<onleft>false</onleft>
		<onright>false</onright>
		<itemlayout width="1920" height="410">
			<!-- info background -->
			<control type="image">
				<top>10</top>
				<left>-50</left>
				<width>150%</width>
				<include>ObdShadow</include>
			</control>
		<control type="image">
			<top>8.9%</top>
			<left>0</left>
			<width>500</width>
			<height>350</height>
			<texture>$INFO[ListItem.Icon]</texture>
		</control>
		<control type="label">
			<top>8%</top>
			<right>5</right>
			<height>15%</height>
			<align>right</align>
			<font>font32_title</font>
			<label>הפרק הבא</label>
		</control>
		<control type="label">
			<top>8%</top>
			<left>27%</left>
			<right>25</right>
			<height>65%</height>
			<align>left</align>
			<font>font30_title</font>
			<label>$INFO[VideoPlayer.Season,[COLOR FF448AFF]עונה[/COLOR] ] - $INFO[VideoPlayer.Episode,[COLOR FF448AFF]פרק[/COLOR] ]</label>
		</control>
		<control type="textbox">
			<top>27</top>
			<left>27%</left>
			<height>250</height>
			<right>25</right>
			<align>left</align>
			<aligny>center</aligny>
			<textcolor>white</textcolor>
			<font>font45_title</font>
			<bottom>25</bottom>
			<selectedcolor>burlywood</selectedcolor>
			<label>[B]$INFO[VideoPlayer.TvShowTitle] - $INFO[VideoPlayer.Title][/B][CR]$INFO[VideoPlayer.Plot]</label>
		</control>
		</itemlayout>
		<focusedlayout width="1920" height="410">
			<!-- info background -->
			<control type="image">
				<top>10</top>
				<left>-50</left>
				<width>150%</width>
				<include>ObdShadow</include>
			</control>
		<control type="image">
			<top>8.9%</top>
			<left>0</left>
			<width>500</width>
			<height>350</height>
			<texture>$INFO[ListItem.Icon]</texture>
		</control>
		<control type="label">
			<top>8%</top>
			<right>5</right>
			<height>15%</height>
			<align>right</align>
			<font>font40_title</font>
			<label>הפרק הבא $INFO[VideoPlayer.Season,[COLOR FF448AFF]עונה[/COLOR] ] - $INFO[VideoPlayer.Episode,[COLOR FF448AFF]פרק[/COLOR] ]</label>
		</control>
		<control type="textbox">
			<top>27%</top>
			<left>27%</left>
			<right>25</right>
			<height>250</height>
			<align>left</align>
			<aligny>center</aligny>
			<textcolor>white</textcolor>
			<font>font45</font>
			<bottom>5</bottom>
			<selectedcolor>burlywood</selectedcolor>
			<label>[B]$INFO[VideoPlayer.TvShowTitle] - $INFO[VideoPlayer.Title][/B][CR]$INFO[VideoPlayer.Plot]</label>
			<autoscroll fade="7000" time="7000" repeat="4000">true</autoscroll>
		</control>
		</focusedlayout>
		<content>plugin://plugin.video.themoviedb.helper?info=next_recommendation&amp;type=tv&amp;imdb_id=$INFO[Videoplayer.IMDBNumber]&amp;season=$INFO[VideoPlayer.Season]&amp;episode=$INFO[VideoPlayer.Episode]</content>
		</control>
		</control>

			<control type="label">
			<animation effect="fade" end="100" time="250">VisibleChange</animation>
			<animation effect="fade" start="0" end="100" time="300" delay="250">Visible</animation>
			<animation effect="fade" start="100" end="0" time="100">Hidden</animation>
				<centerleft>73.8%</centerleft>
				<centertop>94.2%</centertop>
				<width>50%</width>
				<height>60</height>
				<align>right</align>
				<aligny>top</aligny>
				<label>$VAR[MenuLabelDescription]</label>
				<font>font25</font>
				<include>Animation_BottomSlide</include>
			</control>
			
			<control type="button">
			<animation effect="fade" start="0" end="100" time="250">Visible</animation>
			<animation effect="fade" start="100" end="0" time="250">Hidden</animation>
			<visible allowhiddenfocus="true">String.IsEqual(Container(201).ListItem.Property(nextitem),nextepisode) + Control.HasFocus(278402)</visible>
			<top>45%</top>
			<left>0.2%</left>
			<width>auto</width>
			<height>auto</height>
			<textcolor>white</textcolor>
			<shadowcolor>black</shadowcolor>
			<texturenofocus colordiffuse="FF448AFF">colors/white.png</texturenofocus>
			<label>לחץ להפעלת הפרק הבא</label>
			</control>
			
			
			<control type="group">
			<bottom>0</bottom>
			<height>190</height>
			<control type="group">
			<include>Animation_BottomSlide</include>
				<animation effect="fade" time="200">VisibleChange</animation>
				<control type="grouplist">
					<visible>[PVR.IsRecordingPlayingChannel + !Player.ChannelPreviewActive] | PVR.IsPlayingActiveRecording</visible>
					<left>20</left>
					<centertop>125</centertop>
					<height>60</height>
					<align>left</align>
					<orientation>horizontal</orientation>
					<itemgap>-5</itemgap>
					<control type="image">
						<top>100</top>
						<left>20</left>
						<width>60</width>
						<height>60</height>
						<aligny>center</aligny>
						<texture>osd/fullscreen/buttons/record.png</texture>
					</control>
					<control type="label">
						<top>110</top>
						<left>90</left>
						<width>400</width>
						<height>60</height>
						<aligny>center</aligny>
						<font>font25_title</font>
						<label>[COLOR red][B]$LOCALIZE[19158][/B][/COLOR]</label>
					</control>
				</control>
				
				<control type="grouplist">
					<right>20</right>
					<centertop>125</centertop>
					<width>800</width>
					<height>50</height>
					<align>right</align>
					<include>Animation_BottomSlide</include>
					<orientation>horizontal</orientation>
					<itemgap>10</itemgap>
					<visible>Player.ShowInfo + !Player.ChannelPreviewActive + Window.IsActive(visualisation)</visible>
					<animation effect="fade" start="0" end="100" time="200" delay="1000">Visible</animation>
					<include content="MediaFlag">
						<param name="texture" value="flags/rds/rds.png" />
						<param name="visible" value="RDS.HasRDS" />
					</include>
					<include content="MediaFlag">
						<param name="texture" value="$INFO[MusicPlayer.Codec,flags/audiocodec/,.png]" />
					</include>
					<include content="MediaFlag">
						<param name="texture" value="$INFO[MusicPlayer.Channels,flags/audiochannel/,.png]" />
					</include>
					<control type="group">
						<visible>!String.IsEmpty(MusicPlayer.SampleRate)</visible>
						<width>115</width>
						<control type="label">
							<width>115</width>
							<height>60</height>
							<align>center</align>
							<aligny>center</aligny>
							<label>$INFO[MusicPlayer.SampleRate, ,kHz]</label>
							<font>font_flag</font>
						</control>
						<include content="MediaFlag">
							<param name="texture" value="flags/flag.png" />
						</include>
					</control>
					<control type="group">
						<visible>!String.IsEmpty(MusicPlayer.BitRate)</visible>
						<width>115</width>
						<control type="label">
							<width>115</width>
							<height>60</height>
							<align>center</align>
							<aligny>center</aligny>
							<label>$INFO[MusicPlayer.BitRate, ,kbps ]</label>
							<font>font_flag</font>
						</control>
						<include content="MediaFlag">
							<param name="texture" value="flags/flag.png" />
						</include>
					</control>
					<control type="group">
						<visible>!String.IsEmpty(MusicPlayer.BitsPerSample)</visible>
						<width>115</width>
						<control type="label">
							<width>115</width>
							<height>60</height>
							<align>center</align>
							<aligny>center</aligny>
							<label>$INFO[MusicPlayer.BitsPerSample, ,bit]</label>
							<font>font_flag</font>
						</control>
						<include content="MediaFlag">
							<param name="texture" value="flags/flag.png" />
						</include>
					</control>
				</control>
			</control>
			<control type="label">
				<centerleft>74%</centerleft>
				<centertop>158</centertop>
				<width>50%</width>
				<height>60</height>
				<align>right</align>
				<aligny>top</aligny>
				<label>$VAR[SeekTimeLabelVar]</label>
				<font>font45</font>
				<shadowcolor>black</shadowcolor>
				<visible>!Player.ChannelPreviewActive | VideoPlayer.HasEpg</visible>
			</control>
			<control type="label" id="40000">
				<centertop>25</centertop>
				<height>50</height>
				<align>right</align>
				<right>5</right>
				<label>$VAR[SeekLabel]</label>
				<font>font45</font>
				<shadowcolor>black</shadowcolor>
			</control>
			<control type="group">
				<control type="progress">
					<left>0</left>
					<top>70</top>
					<width>100%</width>
					<height>16</height>
					<info>Player.ProgressCache</info>
					<texturebg border="3" colordiffuse="00FFFFFF">colors/white50.png</texturebg>
					<midtexture>colors/white50.png</midtexture>
				</control>
				<control type="progress">
					<left>0</left>
					<top>70</top>
					<width>100%</width>
					<height>16</height>
					<info>Player.Progress</info>
					<texturebg border="3" colordiffuse="60FFFFFF">colors/white50.png</texturebg>
					<midtexture colordiffuse="$INFO[Skin.String(playerosdcolor)]">colors/white.png</midtexture>
				</control>
				<control type="slider">
					<top>70</top>
					<left>0</left>
					<width>100%</width>
					<height>16</height>
					<texturesliderbar colordiffuse="00FFFFFF">osd/progress/nub_leftright.png</texturesliderbar>
					<textureslidernib colordiffuse="white">osd/progress/nub_leftright.png</textureslidernib>
					<textureslidernibfocus colordiffuse="white">osd/progress/nub_leftright.png</textureslidernibfocus>
					<info>Player.Progress</info>
					<onup>200</onup>
					<ondown>200</ondown>
					<action>seek</action>
				</control>
			</control>
			<control type="ranges">
				<left>0</left>
				<top>70</top>
				<width>100%</width>
				<height>8</height>
				<texturebg border="3" colordiffuse="00FFFFFF">colors/white50.png</texturebg>
				<lefttexture>colors/white.png</lefttexture>
				<midtexture colordiffuse="FFFF0000">colors/white.png</midtexture>
				<righttexture>colors/white.png</righttexture>
				<info>Player.Editlist</info>
			</control>
			<control type="ranges">
				<left>0</left>
				<top>82</top>
				<width>100%</width>
				<height>8</height>
				<texturebg border="3" colordiffuse="00FFFFFF">colors/red50.png</texturebg>
				<righttexture>colors/red.png</righttexture>
				<info>Player.Cuts</info>
			</control>
			<control type="ranges">
				<left>0</left>
				<top>82</top>
				<width>100%</width>
				<height>4</height>
				<texturebg border="3" colordiffuse="00FFFFFF">colors/white50.png</texturebg>
				<righttexture>colors/white.png</righttexture>
				<info>Player.SceneMarkers</info>
			</control>
			<control type="ranges">
				<left>0</left>
				<top>82</top>
				<width>100%</width>
				<height>4</height>
				<texturebg border="3" colordiffuse="00FFFFFF">colors/white50.png</texturebg>
				<righttexture>colors/white.png</righttexture>
				<info>Player.Chapters</info>
			</control>
		</control>





		<control type="group">
			<visible>String.IsEqual(Container(201).ListItem.Property(tv),livetv)</visible>
			<animation effect="fade" start="0" end="100" time="300" delay="250">Visible</animation>
			<animation effect="fade" start="100" end="0" time="100">Hidden</animation>
			<include>Animation_BottomSlide</include>
			<top>520</top>
			<height>405</height>
			<!-- info background -->
			<control type="image">
			<animation condition="true" effect="fade" end="85" time="0">Conditional</animation>
				<top>10</top>
				<left>-50</left>
				<width>150%</width>
				<include>ObdShadow</include>
			</control>
			<control type="image">
				<depth>DepthOSD+</depth>
				<left>5</left>
				<bottom>25</bottom>
				<width>345</width>
				<height>345</height>
				<bordertexture>colors/white.png</bordertexture>
				<bordersize>8</bordersize>
				<texture fallback="DefaultVideo.png" background="true">$INFO[Player.offset(1).Icon]</texture>
				<!-- <bordertexture border="21" infill="false">overlays/shadow.png</bordertexture>
				<bordersize>20</bordersize> -->
				<include>OpenClose_Left</include>
			</control>
				<control type="label">
					<top>35</top>
					<height max="45">45</height>
					<label fallback="10005">התוכנית הבאה</label>
					<align>right</align>
					<font>font45_title</font>
					<autoscroll delay="5000" repeat="7500" time="5000"></autoscroll>
				</control>
			<control type="grouplist">
			<top>105</top>
				<left>370</left>
				<right>20</right>
				<align>left</align>
				<aligny>center</aligny>
				<orientation>vertical</orientation>
				<itemgap>35</itemgap>
				<control type="label">
				<height>45</height>
					<label fallback="10005">$INFO[VideoPlayer.NextTitle]</label>
					<align>left</align>
					<font>font52_title</font>
					<autoscroll delay="5000" repeat="7500" time="5000">true</autoscroll>
				</control>
				<control type="textbox">
				<height>115</height>
					<label fallback="10005">$INFO[VideoPlayer.NextPlot]</label>
					<align>left</align>
					<font>font45</font>
					<autoscroll delay="5000" repeat="7500" time="5000">true</autoscroll>
				</control>
				<control type="label">
					<height>40</height>
					<label fallback="10005">[COLOR FF448AFF][[/COLOR]$INFO[VideoPlayer.NextStartTime][COLOR FF448AFF]][/COLOR] - [COLOR FF448AFF][[/COLOR]$INFO[VideoPlayer.NextEndTime][COLOR FF448AFF]][/COLOR]</label>
					<align>left</align>
				</control>
			</control>
		</control>

		<control type="grouplist">
		<top>10</top>
		<left>65%</left>
			<width max="650">650</width>
			<height>125</height>
			<align>right</align>
			<itemgap>30</itemgap>
			<control type="group">
			<height>50</height>
			<control type="label">
				<left>200</left>
				<right>5</right>
				<height>50</height>
				<font>font_clock</font>
				<align>right</align>
				<label>$INFO[System.Time]</label>
			</control>
			<control type="image">
				<left>50%</left>
				<width>150</width>
				<height>100</height>
				<align>right</align>
				<colordiffuse>85FFFFFF</colordiffuse>
				<aspectratio scalediffuse="false" align="left" aligny="left">keep</aspectratio>
				<texture>kodirdil/studiologos/$INFO[VideoPlayer.Studio].png</texture>
			</control>
			</control>
			<control type="group">
			<height>50</height>
			<control type="label">
				<top>0</top>
				<right>0</right>
				<left>100</left>
				<font>font25</font>
				<align>right</align>
				<label>$INFO[System.Date]</label>
			</control>
			</control>
	</control>
	
	
			<control type="grouplist">
			<animation type="WindowOpen">
				<effect type="fade" start="0" end="100" time="150" delay="120" tween="sine" easing="inout"/>
			</animation>
			<animation type="WindowClose">
				<effect type="fade" start="100" end="0" time="150" delay="120" tween="sine" easing="inout"/>
			</animation>
			<visible>VideoPlayer.Content(movies)</visible>
			<visible>![Player.HasSceneMarkers | Player.ChapterCount]</visible>
			<top>25</top>
			<left>25</left>
			<itemgap>20</itemgap>
			<width>1200</width>
			<height max="70">70</height>
			<orientation>horizontal</orientation>
			<control type="image">	
				<width>250</width>
				<align>left</align>
				<texture>$INFO[Player.Art(clearlogo)]</texture>
				<visible>!String.IsEmpty(Player.Art(clearlogo)</visible>
			</control>
			<control type="grouplist">
			<control type="label">
				<right>0</right>
				<width>550</width>
				<align>left</align>
				<font>font13</font>
				<height>70</height>
				<aligny>center</aligny>
				<label>$INFO[VideoPlayer.Genre]</label>
			</control>

		</control>
		</control>
	
		<control type="grouplist">
			<animation type="WindowOpen">
				<effect type="fade" start="0" end="100" time="150" delay="120" tween="sine" easing="inout"/>
			</animation>
			<animation type="WindowClose">
				<effect type="fade" start="100" end="0" time="150" delay="120" tween="sine" easing="inout"/>
			</animation>
			<visible>VideoPlayer.Content(movies) + [Player.HasSceneMarkers | Player.ChapterCount]</visible>
			<top>25</top>
			<left>25</left>
			<itemgap>20</itemgap>
			<width>1200</width>
			<height max="120">auto</height>
			<orientation>horizontal</orientation>
			<control type="image">	
				<width>250</width>
				<align>left</align>
				<height max="125">auto</height>
				<texture>$INFO[Player.Art(clearlogo)]</texture>
				<visible>!String.IsEmpty(Player.Art(clearlogo)</visible>
			</control>
			<control type="grouplist">
			<control type="label">
				<right>0</right>
				<width>850</width>
				<align>left</align>
				<font>font45</font>
				<height>40</height>
				<aligny>center</aligny>
				<label>$INFO[VideoPlayer.Title]</label>
			</control>
			<control type="label">
				<right>0</right>
				<width>550</width>
				<align>left</align>
				<font>font13</font>
				<height>40</height>
				<aligny>center</aligny>
				<label>$INFO[VideoPlayer.Genre]</label>
			</control>
			<control type="group">
			<width>550</width>
				<control type="image">
				<top>0</top>
				<left>-10</left>
				<width>40</width>
				<height>40</height>
				<align>left</align>
				<texture>overlays/watched/OverlayPlaying-List.png</texture>
			</control>
			<control type="label">
				<right>0</right>
				<left>25</left>
				<align>left</align>
				<font>font13</font>
				<height>40</height>
				<aligny>center</aligny>
				<label>$VAR[CheckChapers] • $VAR[CheckEndTime]</label>
			</control>
			</control>
		</control>
		</control>
		
		
		<control type="grouplist">
			<animation type="WindowOpen">
				<effect type="fade" start="0" end="100" time="150" delay="120" tween="sine" easing="inout"/>
			</animation>
			<animation type="WindowClose">
				<effect type="fade" start="100" end="0" time="150" delay="120" tween="sine" easing="inout"/>
			</animation>
			<visible>VideoPlayer.Content(episodes)</visible>
			<top>25</top>
			<left>25</left>
			<itemgap>20</itemgap>
			<width>1200</width>
			<height max="135">auto</height>
			<orientation>horizontal</orientation>
			<control type="image">	
			<visible>!String.IsEmpty(Player.Art(clearlogo)</visible>
				<width>250</width>
				<align>left</align>
				<texture>$INFO[Player.Art(clearlogo)]</texture>
			</control>
			<control type="grouplist">
			<control type="label">
				<right>0</right>
				<width>550</width>
				<align>left</align>
				<font>font45</font>
				<height>45</height>
				<aligny>center</aligny>
				<label>$INFO[VideoPlayer.Title] $INFO[VideoPlayer.Year,(,)]</label>
			</control>
			<control type="label">
				<right>0</right>
				<width>550</width>
				<align>left</align>
				<font>font13</font>
				<height>45</height>
				<aligny>center</aligny>
				<label>$INFO[VideoPlayer.Genre]</label>
				<visible>!String.IsEmpty(VideoPlayer.Genre)</visible>
			</control>
			<control type="group">
			<width>550</width>
			<control type="image">
				<top>-2</top>
				<left>-10</left>
				<width>40</width>
				<height>40</height>
				<align>left</align>
				<texture>overlays/watched/OverlayPlaying-List.png</texture>
			</control>
			<control type="label">
				<right>0</right>
				<left>30</left>
				<align>left</align>
				<font>font13</font>
				<height>35</height>
				<aligny>center</aligny>
				<label>$VAR[CheckEpisodeLabel] $VAR[CheckChapers]</label>
			</control>
			</control>
			
		</control>
		</control>
		
		
		<control type="group">
		<top>84.2%</top>
		<centerleft>50%</centerleft>
		<height>125</height>
		<align>center</align>
		<visible>String.IsEqual(Container(201).ListItem.Property(mediaflags),true)</visible>
		<animation effect="fade" start="0" end="100" time="300" delay="250">Visible</animation>
		<animation effect="fade" start="100" end="0" time="100">Hidden</animation>>
		<include>Animation_BottomSlide</include>
		<control type="grouplist">
			<itemgap>0</itemgap>
			<align>center</align>
			<orientation>horizontal</orientation>
				<include content="mediaflagsobj">
				<param name="visible" value="!String.IsEmpty(VideoPlayer.VideoResolution)"/>
				<param name="label" value="Res"/>
				<param name="infolabel" value="$INFO[VideoPlayer.VideoResolution]"/>
				</include>
				<include content="mediaflagsobj">
				<param name="visible" value="!String.IsEmpty(VideoPlayer.HdrType)"/>
				<param name="label" value="Hdr"/>
				<param name="infolabel" value="$INFO[VideoPlayer.HdrType]"/>
				</include>
				<include content="mediaflagsobj">
				<param name="visible" value="!String.IsEmpty(VideoPlayer.SubtitlesLanguage)"/>
				<param name="label" value="SubLang"/>
				<param name="infolabel" value="$INFO[VideoPlayer.SubtitlesLanguage]"/>
				</include>
				<include content="mediaflagsobj">
				<param name="visible" value="!String.IsEmpty(VideoPlayer.AudioLanguage)"/>
				<param name="label" value="AudioLang"/>
				<param name="infolabel" value="$INFO[VideoPlayer.AudioLanguage]"/>
				</include>
				<include content="mediaflagsobj">
				<param name="visible" value="!String.IsEmpty(VideoPlayer.LastPlayed)"/>
				<param name="label" value="LastPlay"/>
				<param name="infolabel" value="$INFO[VideoPlayer.LastPlayed]"/>
				</include>
				<include content="mediaflagsobj">
				<param name="visible" value="!String.IsEmpty(VideoPlayer.VideoCodec)"/>
				<param name="label" value="Codec"/>
				<param name="infolabel" value="$INFO[VideoPlayer.VideoCodec]"/>
				</include>
				
		</control>
	</control>
					
		
			<control type="grouplist">
			<animation type="WindowOpen">
				<effect type="fade" start="0" end="100" time="150" delay="120" tween="sine" easing="inout"/>
			</animation>
			<animation type="WindowClose">
				<effect type="fade" start="100" end="0" time="150" delay="120" tween="sine" easing="inout"/>
			</animation>
			<visible>![VideoPlayer.Content(movies) | VideoPlayer.Content(episodes) | VideoPlayer.Content(tvshows) | VideoPlayer.Content(seasons)]</visible>
			<top>25</top>
			<left>25</left>
			<itemgap>20</itemgap>
			<width>1200</width>
			<height max="135">auto</height>
			<orientation>horizontal</orientation>
			<control type="grouplist">
			<control type="label">
			<visible>VideoPlayer.Content(LiveTv)</visible>
				<right>0</right>
				<width>850</width>
				<align>left</align>
				<font>font45</font>
				<height>55</height>
				<aligny>center</aligny>
				<label>$INFO[VideoPlayer.Title]</label>
			</control>
			<control type="textbox">
			<visible>!VideoPlayer.Content(LiveTv)</visible>
				<right>0</right>
				<width>550</width>
				<align>left</align>
				<font>font27</font>
				<height>75</height>
				<aligny>center</aligny>
				<label>$INFO[VideoPlayer.Title]</label>
			</control>
			<control type="group">
			<width>850</width>
			<visible>VideoPlayer.Content(LiveTv) + VideoPlayer.HasEpg</visible>
			<control type="image">
				<top>0</top>
				<left>-10</left>
				<width>45</width>
				<height>40</height>
				<align>left</align>
				<texture>overlays/watched/OverlayPlaying-List.png</texture>
			</control>
			<control type="label">
				<right>0</right>
				<left>30</left>
				<align>left</align>
				<font>font13</font>
				<height>35</height>
				<aligny>center</aligny>
				<label>$INFO[VideoPlayer.NextTitle, [COLOR FF448AFF]הבא: [/COLOR], •]$INFO[VideoPlayer.NextStartTime, [COLOR FF448AFF]מתחיל:[/COLOR] ] $INFO[VideoPlayer.NextEndTime, [COLOR FF448AFF]מסתיים:[/COLOR] ]</label>
			</control>
			</control>
		</control>
		</control>
		
		<!-- <control type="group"> -->
			<!-- <depth>DepthOSD</depth> -->
			<!-- <visible>String.IsEqual(Container(201).ListItem.Property(playlist),true) + Integer.IsGreater(Playlist.Length(video),1)</visible> -->
			<!-- <animation effect="fade" start="0" end="100" time="300" delay="250">Visible</animation> -->
			<!-- <animation effect="fade" start="100" end="0" time="100">Hidden</animation> -->
			<!-- <include>Animation_BottomSlide</include> -->
			<!-- <control type="group"> -->
				<!-- <control type="fixedlist" id="234311"> -->
				<!-- <top>150</top> -->
					<!-- <left>0</left> -->
					<!-- <top>list_top_offset</top> -->
					<!-- <width>2200</width> -->
					<!-- <bottom>list_bottom</bottom> -->
					<!-- <onback>201</onback> -->
					<!-- <ondown>201</ondown> -->
					<!-- <height>700</height> -->
					<!-- <focusposition>3</focusposition> -->
					<!-- <pagecontrol>60</pagecontrol> -->
					<!-- <scrolltime tween="cubic" easing="out">500</scrolltime> -->
					<!-- <movement>4</movement> -->
					<!-- <focusposition>4</focusposition> -->
					<!-- <itemlayout height="60" width="1900" condition="!System.IdleTime(0)"> -->
					<!-- <control type="image">		 -->
						<!-- <top>0</top> -->
						<!-- <left>-100</left> -->
						<!-- <width>2425</width> -->
						<!-- <height>100</height> -->
						<!-- <bordertexture border="32">masks/24-shadow.png</bordertexture> -->
						<!-- <bordersize>24</bordersize> -->
						<!-- <texture colordiffuse="black">colors/white.png</texture> -->
					<!-- </control> -->
					<!-- <control type="label"> -->
						<!-- <left>5</left> -->
						<!-- <top>25</top> -->
						<!-- <bottom>0</bottom> -->
						<!-- <align>left</align> -->
						<!-- <font>font13</font> -->
						<!-- <label>$INFO[ListItem.Label]</label> -->
						<!-- <scroll>true</scroll> -->
					<!-- </control> -->
					<!-- <control type="textbox"> -->
						<!-- <top>25</top> -->
						<!-- <left>72%</left> -->
						<!-- <width>550</width> -->
						<!-- <align>right</align> -->
						<!-- <label>$INFO[ListItem.Property(SetPlot)]</label> -->
						<!-- <bottom>0</bottom> -->
					<!-- </control> -->
					<!-- </itemlayout> -->
					<!-- <focusedlayout height="60" width="1900" condition="!System.IdleTime(0)"> -->
					<!-- </focusedlayout> -->
					<!-- <focusedlayout height="320" width="1900" condition="System.IdleTime(0)"> -->
					<!-- <control type="group"> -->
						<!-- <top>5</top> -->
						<!-- <animation effect="fade" start="0" end="100" time="200">Focus</animation> -->
					<!-- <control type="image">		 -->
						<!-- <top>0</top> -->
						<!-- <left>-100</left> -->
						<!-- <width>925</width> -->
						<!-- <height>350</height> -->
						<!-- <bordertexture border="32">masks/24-shadow.png</bordertexture> -->
						<!-- <bordersize>24</bordersize> -->
						<!-- <texture colordiffuse="black">colors/white.png</texture> -->
					<!-- </control> -->
					<!-- <control type="image"> -->
					<!-- <animation condition="true" effect="fade" end="65" time="0">Conditional</animation> -->
						<!-- <top>25</top> -->
						<!-- <left>800</left> -->
						<!-- <width>1350</width> -->
						<!-- <height>300</height> -->
						<!-- <texture>colors/white.png</texture> -->
						<!-- <colordiffuse>black</colordiffuse> -->
					<!-- </control> -->
					<!-- <control type="image"> -->
						<!-- <left>-15</left> -->
						<!-- <top>30</top> -->
						<!-- <width>320</width> -->
						<!-- <height>280</height> -->
						<!-- <aspectratio align="center" aligny="center">keep</aspectratio> -->
						<!-- <texture fallback="DefaultTVShows.png" >$INFO[Listitem.Icon]</texture> -->
					<!-- </control> -->
					<!-- <control type="textbox"> -->
						<!-- <left>5</left> -->
						<!-- <top>25</top> -->
						<!-- <bottom>0</bottom> -->
						<!-- <align>left</align> -->
						<!-- <font>font13</font> -->
						<!-- <label>$INFO[ListItem.Label]</label> -->
						<!-- <scroll>true</scroll> -->
					<!-- </control> -->
					<!-- <control type="label"> -->
						<!-- <left>15%</left> -->
						<!-- <top>25%</top> -->
						<!-- <bottom>0</bottom> -->
						<!-- <align>center</align> -->
						<!-- <font>font13</font> -->
						<!-- <textcolor>FF448AFF</textcolor> -->
						<!-- <label>$INFO[ListItem.Property(Duration)]</label> -->
					<!-- </control> -->
					<!-- <control type="textbox"> -->
						<!-- <top>25</top> -->
						<!-- <left>43%</left> -->
						<!-- <width>1050</width> -->
						<!-- <align>left</align> -->
						<!-- <label>$INFO[ListItem.Property(SetPlot)]</label> -->
						<!-- <bottom>0</bottom> -->
					<!-- </control> -->
				<!-- </control> -->
					<!-- </focusedlayout> -->
					<!-- <content> -->
					<!-- <include content="PlaylistItems"> -->
						<!-- <param name="itemnumber" value="1"/> -->
					<!-- </include>	 -->
					<!-- <include content="PlaylistItems"> -->
						<!-- <param name="itemnumber" value="2"/> -->
					<!-- </include>	 -->
					<!-- <include content="PlaylistItems"> -->
						<!-- <param name="itemnumber" value="3"/> -->
					<!-- </include> -->
					<!-- <include content="PlaylistItems"> -->
						<!-- <param name="itemnumber" value="4"/> -->
					<!-- </include> -->
					<!-- <include content="PlaylistItems"> -->
						<!-- <param name="itemnumber" value="5"/> -->
					<!-- </include> -->
					<!-- <include content="PlaylistItems"> -->
						<!-- <param name="itemnumber" value="6"/> -->
					<!-- </include> -->
					<!-- <include content="PlaylistItems"> -->
						<!-- <param name="itemnumber" value="7"/> -->
					<!-- </include> -->
					<!-- <include content="PlaylistItems"> -->
						<!-- <param name="itemnumber" value="8"/> -->
					<!-- </include> -->
					<!-- <include content="PlaylistItems"> -->
						<!-- <param name="itemnumber" value="9"/> -->
					<!-- </include> -->
					<!-- <include content="PlaylistItems"> -->
						<!-- <param name="itemnumber" value="10"/> -->
					<!-- </include> -->
					<!-- <include content="PlaylistItems"> -->
						<!-- <param name="itemnumber" value="11"/> -->
					<!-- </include> -->
					<!-- <include content="PlaylistItems"> -->
						<!-- <param name="itemnumber" value="12"/> -->
					<!-- </include> -->
					<!-- <include content="PlaylistItems"> -->
						<!-- <param name="itemnumber" value="13"/> -->
					<!-- </include> -->
					<!-- <include content="PlaylistItems"> -->
						<!-- <param name="itemnumber" value="14"/> -->
					<!-- </include> -->
					<!-- <include content="PlaylistItems"> -->
						<!-- <param name="itemnumber" value="15"/> -->
					<!-- </include> -->
					<!-- <include content="PlaylistItems"> -->
						<!-- <param name="itemnumber" value="16"/> -->
					<!-- </include> -->
					<!-- <include content="PlaylistItems"> -->
						<!-- <param name="itemnumber" value="17"/> -->
					<!-- </include> -->
					<!-- <include content="PlaylistItems"> -->
						<!-- <param name="itemnumber" value="18"/> -->
					<!-- </include> -->
					<!-- <include content="PlaylistItems"> -->
						<!-- <param name="itemnumber" value="19"/> -->
					<!-- </include> -->
					<!-- <include content="PlaylistItems"> -->
						<!-- <param name="itemnumber" value="20"/> -->
					<!-- </include> -->
					<!-- <include content="PlaylistItems"> -->
						<!-- <param name="itemnumber" value="21"/> -->
					<!-- </include> -->
					<!-- <include content="PlaylistItems"> -->
						<!-- <param name="itemnumber" value="22"/> -->
					<!-- </include>	 -->
					<!-- <include content="PlaylistItems"> -->
						<!-- <param name="itemnumber" value="23"/> -->
					<!-- </include>	 -->
					<!-- <include content="PlaylistItems"> -->
						<!-- <param name="itemnumber" value="23"/> -->
					<!-- </include> -->
					<!-- <include content="PlaylistItems"> -->
						<!-- <param name="itemnumber" value="25"/> -->
					<!-- </include> -->
					<!-- <include content="PlaylistItems"> -->
						<!-- <param name="itemnumber" value="26"/> -->
					<!-- </include> -->
					<!-- <include content="PlaylistItems"> -->
						<!-- <param name="itemnumber" value="27"/> -->
					<!-- </include> -->
					<!-- <include content="PlaylistItems"> -->
						<!-- <param name="itemnumber" value="28"/> -->
					<!-- </include> -->
					<!-- <include content="PlaylistItems"> -->
						<!-- <param name="itemnumber" value="29"/> -->
					<!-- </include> -->
					<!-- <include content="PlaylistItems"> -->
						<!-- <param name="itemnumber" value="30"/> -->
					<!-- </include> -->
					<!-- <include content="PlaylistItems"> -->
						<!-- <param name="itemnumber" value="31"/> -->
					<!-- </include> -->
					<!-- <include content="PlaylistItems"> -->
						<!-- <param name="itemnumber" value="32"/> -->
					<!-- </include> -->
					<!-- <include content="PlaylistItems"> -->
						<!-- <param name="itemnumber" value="33"/> -->
					<!-- </include> -->
					<!-- <include content="PlaylistItems"> -->
						<!-- <param name="itemnumber" value="34"/> -->
					<!-- </include> -->
					<!-- <include content="PlaylistItems"> -->
						<!-- <param name="itemnumber" value="35"/> -->
					<!-- </include> -->
					<!-- <include content="PlaylistItems"> -->
						<!-- <param name="itemnumber" value="36"/> -->
					<!-- </include> -->
					<!-- <include content="PlaylistItems"> -->
						<!-- <param name="itemnumber" value="37"/> -->
					<!-- </include> -->
					<!-- <include content="PlaylistItems"> -->
						<!-- <param name="itemnumber" value="38"/> -->
					<!-- </include> -->
					<!-- <include content="PlaylistItems"> -->
						<!-- <param name="itemnumber" value="39"/> -->
					<!-- </include> -->
					<!-- <include content="PlaylistItems"> -->
						<!-- <param name="itemnumber" value="40"/> -->
					<!-- </include> -->
					<!-- <include content="PlaylistItems"> -->
						<!-- <param name="itemnumber" value="41"/> -->
					<!-- </include> -->
					<!-- <include content="PlaylistItems"> -->
						<!-- <param name="itemnumber" value="42"/> -->
					<!-- </include> -->
					<!-- <include content="PlaylistItems"> -->
						<!-- <param name="itemnumber" value="43"/> -->
					<!-- </include>	 -->
					<!-- <include content="PlaylistItems"> -->
						<!-- <param name="itemnumber" value="44"/> -->
					<!-- </include>	 -->
					<!-- <include content="PlaylistItems"> -->
						<!-- <param name="itemnumber" value="45"/> -->
					<!-- </include> -->
					<!-- <include content="PlaylistItems"> -->
						<!-- <param name="itemnumber" value="46"/> -->
					<!-- </include> -->
					<!-- <include content="PlaylistItems"> -->
						<!-- <param name="itemnumber" value="47"/> -->
					<!-- </include> -->
					<!-- <include content="PlaylistItems"> -->
						<!-- <param name="itemnumber" value="48"/> -->
					<!-- </include> -->
					<!-- <include content="PlaylistItems"> -->
						<!-- <param name="itemnumber" value="49"/> -->
					<!-- </include> -->
					<!-- <include content="PlaylistItems"> -->
						<!-- <param name="itemnumber" value="50"/> -->
					<!-- </include> -->
					<!-- <include content="PlaylistItems"> -->
						<!-- <param name="itemnumber" value="51"/> -->
					<!-- </include> -->
					<!-- <include content="PlaylistItems"> -->
						<!-- <param name="itemnumber" value="52"/> -->
					<!-- </include> -->
					<!-- <include content="PlaylistItems"> -->
						<!-- <param name="itemnumber" value="53"/> -->
					<!-- </include> -->
					<!-- <include content="PlaylistItems"> -->
						<!-- <param name="itemnumber" value="54"/> -->
					<!-- </include> -->
					<!-- <include content="PlaylistItems"> -->
						<!-- <param name="itemnumber" value="55"/> -->
					<!-- </include> -->
					<!-- <include content="PlaylistItems"> -->
						<!-- <param name="itemnumber" value="56"/> -->
					<!-- </include> -->
					<!-- <include content="PlaylistItems"> -->
						<!-- <param name="itemnumber" value="57"/> -->
					<!-- </include> -->
					<!-- <include content="PlaylistItems"> -->
						<!-- <param name="itemnumber" value="58"/> -->
					<!-- </include> -->
					<!-- <include content="PlaylistItems"> -->
						<!-- <param name="itemnumber" value="59"/> -->
					<!-- </include> -->
					<!-- <include content="PlaylistItems"> -->
						<!-- <param name="itemnumber" value="60"/> -->
					<!-- </include> -->
					<!-- <include content="PlaylistItems"> -->
						<!-- <param name="itemnumber" value="61"/> -->
					<!-- </include> -->
					<!-- <include content="PlaylistItems"> -->
						<!-- <param name="itemnumber" value="62"/> -->
					<!-- </include> -->
					<!-- <include content="PlaylistItems"> -->
						<!-- <param name="itemnumber" value="63"/> -->
					<!-- </include> -->
					<!-- </content> -->
				<!-- </control> -->
			<!-- </control> -->

		<!-- </control> -->
			<!-- <control type="textbox"> -->
			<!-- <animation type="Visible"> -->
				<!-- <effect type="fade" start="0" end="100" time="850" delay="150"/> -->
			<!-- </animation> -->
			<!-- <visible>String.EndsWith(Player.TimeRemaining,0:55) | String.EndsWith(Player.TimeRemaining,0:54) | String.EndsWith(Player.TimeRemaining,0:53) | String.EndsWith(Player.TimeRemaining,0:52) | String.EndsWith(Player.TimeRemaining,0:51) | String.EndsWith(Player.TimeRemaining,0:50) | String.EndsWith(Player.TimeRemaining,0:49) | String.EndsWith(Player.TimeRemaining,0:48) | String.EndsWith(Player.TimeRemaining,0:47) | String.EndsWith(Player.TimeRemaining,0:46) | String.EndsWith(Player.TimeRemaining,0:45)</visible> -->
			<!-- <visible>VideoPlayer.Content(episodes)</visible> -->
			<!-- <top>885</top> -->
			<!-- <left>0</left>	 -->
			<!-- <align>right</align> -->
			<!-- <height>55</height> -->
			<!-- <aligny>center</aligny> -->
			<!-- <font>small</font> -->
			<!-- <label>התוכנית תסתיים בעוד 55 שניות לחץ על כפתור הבא על מנת לעבור לפרק הבא</label> -->
		<!-- </control> -->
		
	</control>
</include>
</includes>
