<?xml version="1.0" encoding="UTF-8"?>
<includes>
	
<include name="DialogVideo5">

<control type="group" id="2700">
<animation type="Conditional" condition="[String.IsEqual(Container(9000).ListItem.Property(id),trailer) + Player.HasVideo + !Window.IsActive(busydialog)] | Window.IsActive(1102)">
<effect type="zoom" start="100,100" end="98,98" center="50%,50%" time="150"/>
<effect type="fade" start="100" end="20" time="150"/>
</animation>

<include content="globalmenugb">
	<param name="height">1080</param>
	<param name="bg1width">1920</param>
	<param name="bg2width">1920</param>
	<param name="headervisible">true</param>
	<param name="width1colordiffuse">75000000</param>
	<param name="width2colordiffuse">75000000</param>
	<param name="header1">$INFO[ListItem.Genre] [COLOR deepskyblue]|[/COLOR] $INFO[ListItem.Label] [COLOR deepskyblue]|[/COLOR] $INFO[ListItem.Premiered] [COLOR deepskyblue]|[/COLOR] $INFO[ListItem.RatingAndVotes,[,]]</param>
	<param name="header2">$VAR[_VarStudio]</param>
	<param name="visible">false</param>
</include>
<control type="image">
<width>605</width>
<left>68%</left>
<visible>Container.Content(movies) | Container.Content(tvshows) | Container.Content(seasons)</visible>
<include content="ImageSizerControl">
	<param name="insideborder">15</param>
	<param name="diffuse">masks/poster_w460_h680.png</param>
	<param name="icon">$VAR[IconViewImage]</param>
</include>
</control>
<control type="image">
<width>475</width>
<height>250</height>
<left>73%</left>
<top>30%</top>
<visible>Container.Content(episodes)</visible>
<include content="ImageSizerControl">
	<param name="insideborder">15</param>
	<param name="diffuse">masks/landscape-2.png</param>
	<param name="icon">$INFO[ListItem.Icon]</param>
</include>
</control>

	<include content="DialogVideoInfoWidgetListBigPoster">
		<param name="content_path" value="$VAR[SetCastingTMDBExtended]"/>
		<param name="widget_header" value="[COLOR burlywood]TvShows[/COLOR]"/>
		<param name="focusedbutton">PersonCastingInfo</param>
		<param name="personlist_id">$PARAM[list_id]</param>
		<param name="onclick">OpenContainerDialog</param>
		<param name="onback">9000</param>
		<param name="widget_target" value="videos"/>
		<param name="onup">InfoDialogPersonDetails</param>
		<param name="width">1250</param>
		<param name="left">25</param>
		<param name="top">120</param>
		<param name="list_id" value="27002"/>
	</include>

<control type="grouplist">
<top>82.5%</top>
<left>20</left>
<height>185</height>
<orientation>vertical</orientation>
<itemgap>0</itemgap>
<control type="label">
	<width>1200</width>
	<height>55</height>
	<align>left</align>
	<font>font45_title</font>
	<label> $INFO[ListItem.Year,(,)] $INFO[ListItem.Label]</label>
</control>
<control type="textbox">
	<width>1200</width>
	<height>205</height>
	<align>left</align>
	<label>$INFO[ListItem.Plot]</label>
</control>
</control>

<control type="image">
<left>54%</left>
<top>0</top>
<width>300</width>
<height>100</height>
<texture>$INFO[ListItem.Property(network),kodirdil/studiologos/,.png]</texture>
<aspectratio>keep</aspectratio>
<animation effect="fade" start="0" end="100" time="250" tween="sine" easing="inout">Visible</animation>
<animation effect="fade" start="100" end="0" time="250" tween="sine" easing="inout">Hidden</animation>
<visible>Container.Content(tvshows) | Container.Content(seasons) | Container.Content(episodes)</visible>
</control>
<control type="image">
<left>54%</left>
<top>0</top>
<width>250</width>
<height>100</height>
<bordertexture colordiffuse="25FFFFFF">colors/white.png</bordertexture>
<bordersize>1</bordersize>
<texture>$INFO[Container(99954).ListItem.Property(Studio.1.Icon)]</texture>
<aspectratio>keep</aspectratio>
<animation effect="fade" start="0" end="100" time="250" tween="sine" easing="inout">Visible</animation>
<animation effect="fade" start="100" end="0" time="250" tween="sine" easing="inout">Hidden</animation>
<visible>Container.Content(movies)</visible>
</control>

<control type="image">
<left>52%</left>
<top>42%</top>
<width>220</width>
<height>120</height>
<texture>$INFO[ListItem.Art(clearlogo)]</texture>
<aspectratio>keep</aspectratio>
</control>

<control type="list" id="9000">
<top>470</top>
<left>20</left>
<orientation>horizontal</orientation>
<scrolltime tween="cubic">550</scrolltime>
<onup>SetFocus($INFO[Container(9000).ListItem.Property(menu_id)])</onup>
<itemlayout width="95" height="80">
<control type="group">
<width>80</width>
<control type="image">
<include content="ImageSizerControl">
	<param name="insideborder">0</param>
	<param name="diffuse"></param>
	<param name="colordiffuse">98181818</param>
	<param name="icon">masks/circle.png</param>
</include>
</control>
<control type="image">
	<top>10</top>
	<left>10</left>
	<width>62</width>
	<height>62</height>
	<texture>$INFO[ListItem.Icon]</texture>
</control>
</control>
</itemlayout>
<focusedlayout width="230" height="80">
<control type="group">
<width>220</width>
<control type="image">
<visible>!Control.HasFocus(9000)</visible>
<include content="ImageSizerControl">
	<param name="insideborder">0</param>
	<param name="diffuse"></param>
	<param name="colordiffuse">98181818</param>
	<param name="icon">main/menu.png</param>
</include>
</control>
<control type="image">
<visible>Control.HasFocus(9000)</visible>
<include>_FadeVisible</include>
<include content="ImageSizerControl">
	<param name="insideborder">0</param>
	<param name="diffuse"></param>
	<param name="colordiffuse">deeppink</param>
	<param name="icon">main/menu.png</param>
</include>
</control>
<control type="image">
	<top>10</top>
	<width>62</width>
	<height>62</height>
	<texture>$INFO[ListItem.Icon]</texture>
</control>
<control type="label">
	<left>70</left>
	<width>200</width>
	<align>left</align>
	<aligny>center</aligny>
	<label>$INFO[ListItem.Label]</label>
</control>
</control>
</focusedlayout>
<content>
<item>
<icon>osd/fullscreen/buttons/play.png</icon>
<label>נגן</label>
<onclick>Control.SetFocus(8110)</onclick>
<visible>Container.Content(movies) | Container.Content(episodes)</visible>
</item>
<item>
<icon>osd/fullscreen/buttons/play.png</icon>
<label>נגן</label>
<onclick>SendClick(8)</onclick>
<visible>Container.Content(tvshows) | Container.Content(seasons)</visible>
</item>
<item>
<icon>osd/fullscreen/buttons/stop.png</icon>
<label>עצור</label>
<visible>Player.HasVideo</visible>
</item>
<item id="5">
	<icon>DefaultAddonInfoProvider.png</icon>
	<label>מידע</label>
	<onclick>SetProperty(Text_Header,$ESCINFO[ListItem.Label],home)</onclick>
	<onclick>SetProperty(Text_HeaderGenre,$ESCINFO[ListItem.Genre],home)</onclick>
	<onclick>SetProperty(TextViewer_TextDialog,$ESCINFO[ListItem.Plot],home)</onclick>
	<onclick>ActivateWindow(1102)</onclick>
</item>
<item id="6">
	<icon>DefaultYear.png</icon>
	<label>לוח שידורים</label>
	<onclick>ActivateWindow(1318)</onclick>
	<visible>Container.Content(tvshows) | Container.Content(seasons) | Container.Content(episodes)</visible>
</item>
<item>
	<icon>DefaultUser.png</icon>
	<label>שחקנים</label>
	<property name="menu_id">$NUMBER[27002]</property>
	<onclick condition="!Container(27002).IsUpdating">Control.SetFocus(27002)</onclick>
	<visible>!String.Contains(Container.FolderPath,telemedia)</visible>
</item>
<item>
	<icon>DefaultUser.png</icon>
	<label>כללי</label>
	<onclick condition="!Container(27002).IsUpdating">Control.SetFocus(27002)</onclick>
	<visible>String.Contains(Container.FolderPath,telemedia)</visible>
</item>
<item>
	<icon>DefaultMovies.png</icon>
	<label>מומלצים</label>
	<onclick>SetProperty(TMDBRecommended,plugin://plugin.video.themoviedb.helper?info=recommendations&amp;tmdb_type=$VAR[_VarTMDBType]&amp;tmdb_id=$INFO[ListItem.Property(tmdb_id)],home)</onclick>
	<onclick>SetProperty(TMDBsimilar,plugin://plugin.video.themoviedb.helper?info=similar&amp;tmdb_type=$VAR[_VarTMDBType]&amp;tmdb_id=$INFO[ListItem.Property(tmdb_id)],home)</onclick>
	<onclick>SetProperty(TMDBVideos,plugin://plugin.video.themoviedb.helper?info=videos&amp;tmdb_type=$VAR[_VarTMDBType]&amp;tmdb_id=$INFO[ListItem.Property(tmdb_id)],home)</onclick>
	<onclick>SetProperty(TMDBByStudio,plugin://plugin.video.themoviedb.helper?info=discover&amp;type=$VAR[_VarTMDBType]&amp;with_companies=$INFO[ListItem.Studio],home)</onclick>
	<onclick>SetProperty(TMDBByWriter,plugin://plugin.video.themoviedb.helper?info=discover&amp;type=$VAR[_VarTMDBType]&amp;with_people=$INFO[ListItem.Writer],home)</onclick>
	<onclick>SetProperty(TMDBByGenre,plugin://plugin.video.themoviedb.helper?info=discover&amp;type=$VAR[_VarTMDBType]&amp;with_genres=$INFO[ListItem.Genre],home)</onclick>
	<onclick>SetProperty(TMDBByLabel,$INFO[ListItem.Label],home)</onclick>
	<onclick>Dialog.Close(movieInformation)</onclick>
	<onclick>ActivateWindow(1322)</onclick>
</item>
<item>
	<icon>DefaultAddSource.png</icon>
	<label>הוסף</label>
	<onclick condition="Skin.HasSetting(ExtendedInfoTMDB)">action(contextmenu,videos)</onclick>
</item>
<item>
	<icon>DefaultAddonVideo.png</icon>
	<label>קדימון</label>
	<property name="id">trailer</property>
	<onclick>PlayMedia($INFO[ListItem.Trailer],1)</onclick>
	<onclick>SetFocus(70005)</onclick>
</item>
<item>
	<icon>osd/fullscreen/buttons/settings.png</icon>
	<label>הגדרות</label>
	<onclick>ActivateWindow(1320)</onclick>
</item>
</content>
</control>
<!-- <include>ActrosLabelName</include> -->
</control>
<include>ExtraDetailsInfo</include>
<include>VideoTrailerPlaying</include>
<include>ChoosePlayer</include>
</include>

<include name="OpenContainerDialog">
	<onclick condition="Skin.HasSetting(ExtendedInfoTMDB)">Dialog.Close(movieInformation)</onclick>
	<onclick condition="Skin.HasSetting(ExtendedInfoTMDB)">ActivateWindow(1316)</onclick>
	
	<onclick condition="!Skin.HasSetting(ExtendedInfoTMDB)">SetProperty(DialogTmdbResults,Runscript(plugin.video.themoviedb.helper,recommendations=27003|info=stars_in_movies|true|info||27004|info=stars_in_tvshows|true|info||27005|info=images|true|info,window_id=1319,type=$VAR[_VarTMDBType],tmdb_id=$INFO[Container(27002).ListItem.Property(tmdb_id)],nextpage=false),home)</onclick>
	<onclick condition="!Skin.HasSetting(ExtendedInfoTMDB)">$INFO[Window(home).Property(DialogTmdbResults)]</onclick>
</include>

<include name="ChoosePlayer">
<control type="group">
			<top>420</top>
            <centerleft>15%</centerleft>
            <width>466</width>
			<include>_FadeVisible</include>
			<visible allowhiddenfocus="true">ControlGroup(8110).HasFocus()</visible>
			<control type="group">
			<visible>Integer.IsEqual(Container(8110).NumItems,1)</visible>
			<include content="SizedBackGround">
				<param name="width">466</param>
				<param name="height">150</param>
			</include>
			</control>
			<control type="group">
			<visible>Integer.IsEqual(Container(8110).NumItems,2)</visible>
			<include content="SizedBackGround">
				<param name="width">466</param>
				<param name="height">200</param>
			</include>
			</control>
			<control type="group">
			<visible>Integer.IsEqual(Container(8110).NumItems,3)</visible>
			<include content="SizedBackGround">
				<param name="width">466</param>
				<param name="height">250</param>
			</include>
			</control>
			<control type="group">
			<visible>Integer.IsEqual(Container(8110).NumItems,4)</visible>
			<include content="SizedBackGround">
				<param name="width">466</param>
				<param name="height">300</param>
			</include>
			</control>
			<control type="group">
			<visible>Integer.IsEqual(Container(8110).NumItems,5)</visible>
			<include content="SizedBackGround">
				<param name="width">466</param>
				<param name="height">350</param>
			</include>
			</control>
			<control type="group">
			<visible>Integer.IsEqual(Container(8110).NumItems,6)</visible>
			<include content="SizedBackGround">
				<param name="width">466</param>
				<param name="height">400</param>
			</include>
			</control>	
			<control type="group">
			<visible>Integer.IsEqual(Container(8110).NumItems,7)</visible>
			<include content="SizedBackGround">
				<param name="width">466</param>
				<param name="height">450</param>
			</include>
			</control>	
			<control type="group">
			<visible>Integer.IsEqual(Container(8110).NumItems,8)</visible>
			<include content="SizedBackGround">
				<param name="width">466</param>
				<param name="height">500</param>
			</include>
			</control>
            <control type="group">
                <left>25</left>
                <top>5</top>
                <control type="label">
                    <description>Header Label</description>
                    <width>406</width>
                    <posy>0</posy>
					<align>center</align>
                    <include>FontTop</include>
                    <textcolor>Dark2</textcolor>
                    <label>בחר נגן</label>
                </control>
                <include>Kodi_Logo</include>
                <!-- Lines -->
                <control type="image">
                    <top>50</top>
                    <left>17</left>
                    <width>388</width>
                    <height>1</height>
                    <bottom>10</bottom>
                    <colordiffuse>Black12</colordiffuse>
                    <texture>common/white.png</texture>
                </control>
            </control>
			
			<control type="grouplist" id="8110">
			<top>80</top>
			<left>5</left>
			<width max="466">456</width>
			<orientation>vertical</orientation>
			<itemgap>5</itemgap>
			<onback>9000</onback>
			<control type="button" id="96">
				<height max="50">50</height>
				<label>TheMovieDB נגן פרק דרך</label>
				<align>left</align>
				<onclick>Dialog.Close(movieinformation)</onclick>
				<onclick>RunPlugin(plugin://plugin.video.themoviedb.helper/?info=play&amp;tmdb_type=tv&amp;query=$INFO[ListItem.TvShowTitle]&amp;season=$INFO[ListItem.Season]&amp;episode=$INFO[ListItem.Episode])</onclick>
				<texturefocus colordiffuse="button_focus">colors/white.png</texturefocus>
				<texturenofocus />		
				<visible>Container.Content(episodes)</visible>		
				<visible>System.HasAddon(plugin.video.themoviedb.helper) + System.AddonIsEnabled(plugin.video.themoviedb.helper)</visible>				
			</control>	
			<control type="button" id="97">
				<height max="50">50</height>
				<label>TheMovieDB נגן סרט דרך</label>
				<align>left</align>
				<onclick>Dialog.Close(movieinformation)</onclick>
				<onclick>RunPlugin(plugin://plugin.video.themoviedb.helper/?info=play&amp;imdb_id=$INFO[ListItem.IMDBNumber]&amp;type=movie)</onclick>
				<texturefocus colordiffuse="button_focus">colors/white.png</texturefocus>
				<texturenofocus />		
				<visible>Container.Content(movies)</visible>	
				<visible>System.HasAddon(plugin.video.themoviedb.helper) + System.AddonIsEnabled(plugin.video.themoviedb.helper)</visible>				
			</control>		
			<control type="button" id="98">
				<height max="50">50</height>
				<label>Umbrella נגן פרק דרך</label>
				<align>left</align>
				<onclick>Dialog.Close(movieinformation)</onclick>
				<onclick>RunPlugin(plugin://plugin.video.umbrella/?action=play_Item&imdb=$INFO[ListItem.IMDBNumber]&tmdb=tmdb_id=$INFO[ListItem.UniqueID(tmdb)]&season=$INFO[ListItem.Season]&episode=$INFO[ListItem.Episode]&tvshowtitle=$INFO[ListItem.TvShowTitle]&select=0)</onclick>
				<texturefocus colordiffuse="button_focus">colors/white.png</texturefocus>
				<texturenofocus />		
				<visible>Container.Content(episodes)</visible>
				<visible>!String.Contains(Container.FolderPath, plugin.video.themoviedb.helper)</visible>
				<visible>System.HasAddon(plugin.video.umbrella) + System.AddonIsEnabled(plugin.video.umbrella)</visible>
			</control>
			<control type="button" id="99">
				<height max="50">50</height>
				<label>Umbrella נגן סרט דרך</label>
				<align>left</align>
				<onclick>Dialog.Close(movieinformation)</onclick>
				<onclick>RunPlugin(plugin://plugin.video.umbrella/?action=play_Item&imdb=$INFO[ListItem.IMDBNumber])</onclick>
				<texturefocus colordiffuse="button_focus">colors/white.png</texturefocus>
				<texturenofocus />		
				<visible>Container.Content(movies)</visible>		
				<visible>!String.Contains(Container.FolderPath, plugin.video.themoviedb.helper)</visible>	
				<visible>System.HasAddon(plugin.video.umbrella) + System.AddonIsEnabled(plugin.video.umbrella)</visible>				
			</control>
			<control type="button" id="100">
				<height max="50">50</height>
				<label>Twilight נגן סרט דרך</label>
				<align>left</align>
				<onclick>RunPlugin(plugin://plugin.video.twilight/?mode=playback.media&media_type=movie&tmdb_id=$INFO[ListItem.UniqueID(tmdb)])</onclick>
				<texturefocus colordiffuse="button_focus">colors/white.png</texturefocus>
				<texturenofocus />	
				<visible>Container.Content(movies)</visible>	
				<visible>!String.Contains(Container.FolderPath, plugin.video.themoviedb.helper)</visible>
				<visible>System.HasAddon(plugin.video.twilight) + System.AddonIsEnabled(plugin.video.twilight)</visible>				
			</control>
			<control type="button" id="101">
				<height max="50">50</height>
				<align>left</align>
				<label>Twilight נגן פרק דרך</label>
				<onclick>RunPlugin(plugin://plugin.video.twilight/?mode=playback.media&media_type=episode&tmdb_id=$INFO[ListItem.UniqueID(tmdb)]&season=$INFO[ListItem.Season]&episode=$INFO[ListItem.Episode]&autoplay=false)</onclick>
				<texturefocus colordiffuse="button_focus">colors/white.png</texturefocus>
				<texturenofocus />			
				<visible>Container.Content(episodes)</visible>
				<visible>!String.Contains(Container.FolderPath, plugin.video.themoviedb.helper)</visible>
				<visible>System.HasAddon(plugin.video.twilight) + System.AddonIsEnabled(plugin.video.twilight)</visible>
			</control>	
			<control type="button" id="102">
				<height max="50">50</height>
				<align>left</align>
				<label>Fenlight נגן סרט דרך</label>
				<onclick>RunPlugin(plugin://plugin.video.fenlight/?mode=playback.media&media_type=movie&tmdb_id=$INFO[ListItem.UniqueID(tmdb)])</onclick>
				<texturefocus colordiffuse="button_focus">colors/white.png</texturefocus>
				<texturenofocus />
				<visible>Container.Content(movies)</visible>
				<visible>!String.Contains(Container.FolderPath, plugin.video.themoviedb.helper)</visible>	
				<visible>System.HasAddon(plugin.video.fenlight) + System.AddonIsEnabled(plugin.video.fenlight)</visible>
			</control>	
			<control type="button" id="103">
				<height max="50">50</height>
				<align>left</align>
				<label>Fenlight נגן פרק דרך</label>
				<onclick>RunPlugin(plugin://plugin.video.fenlight/?mode=playback.media&media_type=episode&tmdb_id=$INFO[ListItem.UniqueID(tmdb)]&season=$INFO[ListItem.Season]&episode=$INFO[ListItem.Episode]&autoplay=false)</onclick>
				<texturefocus colordiffuse="button_focus">colors/white.png</texturefocus>
				<texturenofocus />		
				<visible>Container.Content(episodes)</visible>	
				<visible>!String.Contains(Container.FolderPath, plugin.video.themoviedb.helper)</visible>	
				<visible>System.HasAddon(plugin.video.fenlight) + System.AddonIsEnabled(plugin.video.fenlight)</visible>
			</control>	

			</control>
			</control>
	</include>

<include name="VideoTrailerPlaying">
<control type="group">
<width>1300</width>
<height>850</height>
<centerleft>50%</centerleft>
<centertop>50%</centertop>
<animation type="Conditional" condition="[String.IsEqual(Container(9000).ListItem.Property(id),trailer) + Player.HasVideo + !Window.IsActive(busydialog)] | Window.IsActive(1102)">
<effect type="zoom" start="98,98" end="100,100" center="50%,50%" time="150"/>
<effect type="fade" start="20" end="100" time="150"/>
</animation>
<visible>Player.HasVideo + !Window.IsActive(busydialog)</visible>
<visible>String.IsEqual(Container(9000).ListItem.Property(id),trailer)</visible>
<include content="globalmenugb">
	<param name="height">850</param>
	<param name="bg1width">1300</param>
	<param name="bg2width">1300</param>
	<param name="headervisible">true</param>
	<param name="header1">$INFO[Videoplayer.Title]</param>
	<param name="header2">$INFO[ListItem.Label] $INFO[ListItem.Studio]</param>
	<param name="width1colordiffuse">black</param>
	<param name="width2colordiffuse">black</param>
</include>
<control type="VideoWindow">
<top>50</top>
<left>25</left>
<height>850</height>
<width>1250</width>
<aspectratio scalediffuse="false">keep</aspectratio>
</control>

<!-- fake Button -->
<control type="button" id="70005">
<width>1</width>
<height>1</height>
<onback>PlayerControl(stop)</onback>
<onback>9000</onback>
</control>
</control>
</include>

<include name="ActrosLabelName">
<control type="group">
<top>42%</top>
<left>48%</left>
<width>370</width>
<include>_FadeVisible</include>
<visible>Control.HasFocus(27002) + !Window.IsActive(busydialog)</visible>
<control type="label">
	<align>left</align>
	<font>font45_title</font>
	<label>$INFO[Container(27002).ListItem.Label]</label>
</control>
<control type="label">
	<top>65</top>
	<right>55</right>
	<align>left</align>
	<textcolor>gray</textcolor>
	<label>$INFO[Container(27002).ListItem.Property(Character), משחק/ת בתפקיד: ]</label>
</control>
<control type="label">
	<top>65</top>
	<align>left</align>
	<textcolor>gray</textcolor>
	<label>$INFO[Container(27002).ListItem.Property(Age), Age: ]</label>
	<visible>String.IsEmpty(Container(27002).ListItem.Property(Birthday)</visible>
</control>
</control>
</include>


<include name="ExtraDetailsInfo">
<control type="group">
<animation type="Conditional" condition="[String.IsEqual(Container(9000).ListItem.Property(id),trailer) + Player.HasVideo + !Window.IsActive(busydialog)] | Window.IsActive(1102)">
<effect type="zoom" start="100,100" end="98,98" center="50%,50%" time="150"/>
<effect type="fade" start="100" end="20" time="150"/>
</animation>
	<control type="list" id="20071">
	<left>20</left>
	<top>55%</top>
	<height>700</height>
	<width>380</width>
	<onback>9104</onback>
	<onright>9104</onright>
	<onup>false</onup>
	<ondown>false</ondown>
	<scrolltime tween="cubic">550</scrolltime>
	<itemlayout width="95" height="95">
	<control type="group">
	<width>80</width>
	<height>80</height>
	<control type="image">
	<top>2</top>
	<left>2</left>
	<right>2</right>
	<bottom>2</bottom>
	<texture colordiffuse="white">masks/circle.png</texture>
	</control>
	<control type="image">
		<top>4</top>
		<left>4</left>
		<right>4</right>
		<bottom>4</bottom>
		<texture colordiffuse="FF181818">masks/circle.png</texture>
	</control>
	<control type="image">
		<top>6</top>
		<left>6</left>
		<right>6</right>
		<bottom>6</bottom>
		<texture fallback="icons/trakttv.png" diffuse="masks/circle.png">$INFO[ListItem.Icon]</texture>
	</control>
	<control type="image">
		<aspectratio>keep</aspectratio>
		<width>55</width>
		<height>55</height>
		<left>13</left>
		<top>15</top>
		<texture diffuse="masks/circle.png">$INFO[ListItem.Property(IconThumb)]</texture>
	</control>
	<control type="label">
		<align>left</align>
		<left>95</left>
		<width>350</width>
		<label fallback="n/a">[B]$INFO[ListItem.Label][/B]</label>
	</control>
	<control type="label">
		<top>35</top>
		<align>left</align>
		<left>95</left>
		<width>350</width>
		<textcolor>gray</textcolor>
		<label fallback="n/a">$INFO[ListItem.Label2]</label>
	</control>
	</control>
	</itemlayout>
	<focusedlayout width="95" height="95">
	<control type="group">
	<width>80</width>
	<height>80</height>
	<control type="image">
	<top>2</top>
	<left>2</left>
	<right>2</right>
	<bottom>2</bottom>
	<texture colordiffuse="white">masks/circle.png</texture>
	</control>
	<control type="image">
		<top>4</top>
		<left>4</left>
		<right>4</right>
		<bottom>4</bottom>
		<texture colordiffuse="FF181818">masks/circle.png</texture>
	</control>
	<control type="image">
		<top>6</top>
		<left>6</left>
		<right>6</right>
		<bottom>6</bottom>
		<texture fallback="icons/trakttv.png" diffuse="masks/circle.png">$INFO[ListItem.Icon]</texture>
	</control>
	<control type="image">
		<aspectratio>keep</aspectratio>
		<width>55</width>
		<height>55</height>
		<left>13</left>
		<top>15</top>
		<texture diffuse="masks/circle.png">$INFO[ListItem.Property(IconThumb)]</texture>
	</control>	
	<control type="label">
		<align>left</align>
		<left>95</left>
		<width>350</width>
		<label fallback="n/a">[B]$INFO[ListItem.Label][/B]</label>
	</control>
	<control type="label">
		<top>35</top>
		<align>left</align>
		<left>95</left>
		<width>350</width>
		<textcolor>gray</textcolor>
		<label fallback="n/a">$INFO[ListItem.Label2]</label>
	</control>
	</control>
	</focusedlayout>
	<content>
	<item>
		<property name="IconThumb">$INFO[Container(99954).ListItem.Property(Studio.1.Icon)]</property>
		<label>סטודיו</label>
		<label2>$INFO[Container(99954).ListItem.Property(Studio.1.Name)]</label2>	
	</item>
	<item>
		<icon>$INFO[Container(99954).ListItem.Property(Director.1.Thumb)]</icon>
		<label>במאי</label>
		<label2>$INFO[Container(99954).ListItem.Property(Director.1.Name)]</label2>	
	</item>
	<item>
		<icon>$INFO[Container(99954).ListItem.Property(Writer.1.Thumb)]</icon>
		<label>תסריטאי</label>
		<label2>$INFO[Container(99954).ListItem.Property(Writer.1.Name)]</label2>	
	</item>
	</content>
	</control>
	

<control type="list" id="20072">
	<left>460</left>
	<top>55%</top>
	<height>700</height>
	<width>380</width>
	<onback>9104</onback>
	<onright>9104</onright>
	<onup>false</onup>
	<ondown>false</ondown>
	<scrolltime tween="cubic">550</scrolltime>
	<itemlayout width="95" height="95">
	<control type="group">
	<width>80</width>
	<height>80</height>
	<control type="image">
	<top>2</top>
	<left>2</left>
	<right>2</right>
	<bottom>2</bottom>
	<texture colordiffuse="white">masks/circle.png</texture>
	</control>
	<control type="image">
		<top>4</top>
		<left>4</left>
		<right>4</right>
		<bottom>4</bottom>
		<texture colordiffuse="FF181818">masks/circle.png</texture>
	</control>
	<control type="image">
		<top>6</top>
		<left>6</left>
		<right>6</right>
		<bottom>6</bottom>
		<texture fallback="icons/trakttv.png" diffuse="masks/circle.png">$INFO[ListItem.Icon]</texture>
	</control>
	<control type="image">
		<aspectratio>keep</aspectratio>
		<width>55</width>
		<height>55</height>
		<left>15</left>
		<top>15</top>
		<texture diffuse="masks/circle.png">$INFO[ListItem.Property(IconThumb)]</texture>
	</control>
	<control type="label">
		<align>left</align>
		<left>95</left>
		<width>350</width>
		<label fallback="n/a">[B]$INFO[ListItem.Label][/B]</label>
	</control>
	<control type="label">
		<top>35</top>
		<align>left</align>
		<left>95</left>
		<width>350</width>
		<textcolor>gray</textcolor>
		<label fallback="n/a">$INFO[ListItem.Label2]</label>
	</control>
	</control>
	</itemlayout>
	<focusedlayout width="95" height="95">
	<control type="group">
	<width>80</width>
	<height>80</height>
	<control type="image">
	<top>2</top>
	<left>2</left>
	<right>2</right>
	<bottom>2</bottom>
	<texture colordiffuse="white">masks/circle.png</texture>
	</control>
	<control type="image">
		<top>4</top>
		<left>4</left>
		<right>4</right>
		<bottom>4</bottom>
		<texture colordiffuse="FF181818">masks/circle.png</texture>
	</control>
	<control type="image">
		<top>6</top>
		<left>6</left>
		<right>6</right>
		<bottom>6</bottom>
		<texture fallback="icons/trakttv.png" diffuse="masks/circle.png">$INFO[ListItem.Icon]</texture>
	</control>
	<control type="image">
		<aspectratio>keep</aspectratio>
		<width>55</width>
		<height>55</height>
		<left>15</left>
		<top>15</top>
		<texture diffuse="masks/circle.png">$INFO[ListItem.Property(IconThumb)]</texture>
	</control>
	<control type="label">
		<align>left</align>
		<left>95</left>
		<width>350</width>
		<label fallback="n/a">[B]$INFO[ListItem.Label][/B]</label>
	</control>
	<control type="label">
		<top>35</top>
		<align>left</align>
		<left>95</left>
		<width>350</width>
		<textcolor>gray</textcolor>
		<label fallback="n/a">$INFO[ListItem.Label2]</label>
	</control>
	</control>
	</focusedlayout>
	<content>

	<item>
		<icon>$INFO[Container(99954).ListItem.Property(Cast.1.Thumb)]</icon>
		<label>צוות</label>
		<label2>$INFO[Container(99954).ListItem.Property(Cast.1.Name)]</label2>	
	</item>
	<item>
		<icon>$INFO[Container(99954).ListItem.Property(Producer.1.Thumb)]</icon>
		<label>מפיק</label>
		<label2>$INFO[Container(99954).ListItem.Property(Producer.1.Name)]</label2>	
	</item>
	<item>
		<icon>$INFO[Container(99954).ListItem.Property(Sound_Department.1.Thumb)]</icon>
		<label>אחראי על הסאונד</label>
		<label2>$INFO[Container(99954).ListItem.Property(Sound_Department.1.Name)]</label2>	
	</item>
	</content>
	</control>
	

<control type="list" id="20073">
	<left>905</left>
	<top>55%</top>
	<height>700</height>
	<width>380</width>
	<onback>9104</onback>
	<onright>9104</onright>
	<onup>false</onup>
	<ondown>false</ondown>
	<scrolltime tween="cubic">550</scrolltime>
	<itemlayout width="95" height="95">
	<control type="group">
	<width>80</width>
	<height>80</height>
	<control type="image">
	<top>2</top>
	<left>2</left>
	<right>2</right>
	<bottom>2</bottom>
	<texture colordiffuse="white">masks/circle.png</texture>
	</control>
	<control type="image">
		<top>4</top>
		<left>4</left>
		<right>4</right>
		<bottom>4</bottom>
		<texture colordiffuse="FF181818">masks/circle.png</texture>
	</control>
	<control type="image">
		<top>6</top>
		<left>6</left>
		<right>6</right>
		<bottom>6</bottom>
		<texture fallback="icons/trakttv.png" diffuse="masks/circle.png">$INFO[ListItem.Icon]</texture>
	</control>
	<control type="image">
		<aspectratio>keep</aspectratio>
		<width>55</width>
		<height>55</height>
		<left>15</left>
		<top>15</top>
		<texture diffuse="masks/circle.png">$INFO[ListItem.Property(IconThumb)]</texture>
	</control>
	<control type="label">
		<align>left</align>
		<left>95</left>
		<width>350</width>
		<label fallback="n/a">[B]$INFO[ListItem.Label][/B]</label>
	</control>
	<control type="label">
		<top>35</top>
		<align>left</align>
		<left>95</left>
		<width>350</width>
		<textcolor>gray</textcolor>
		<label fallback="n/a">$INFO[ListItem.Label2]</label>
	</control>
	</control>
	</itemlayout>
	<focusedlayout width="95" height="95">
	<control type="group">
	<width>80</width>
	<height>80</height>
	<control type="image">
	<top>2</top>
	<left>2</left>
	<right>2</right>
	<bottom>2</bottom>
	<texture colordiffuse="white">masks/circle.png</texture>
	</control>
	<control type="image">
		<top>4</top>
		<left>4</left>
		<right>4</right>
		<bottom>4</bottom>
		<texture colordiffuse="FF181818">masks/circle.png</texture>
	</control>
	<control type="image">
		<top>6</top>
		<left>6</left>
		<right>6</right>
		<bottom>6</bottom>
		<texture fallback="icons/trakttv.png" diffuse="masks/circle.png">$INFO[ListItem.Icon]</texture>
	</control>
	<control type="image">
		<aspectratio>keep</aspectratio>
		<width>55</width>
		<height>55</height>
		<left>15</left>
		<top>15</top>
		<texture diffuse="masks/circle.png">$INFO[ListItem.Property(IconThumb)]</texture>
	</control>
	<control type="label">
		<align>left</align>
		<left>95</left>
		<width>350</width>
		<label fallback="n/a">[B]$INFO[ListItem.Label][/B]</label>
	</control>
	<control type="label">
		<top>35</top>
		<align>left</align>
		<left>95</left>
		<width>350</width>
		<textcolor>gray</textcolor>
		<label fallback="n/a">$INFO[ListItem.Label2]</label>
	</control>
	</control>
	</focusedlayout>
	<content>
	<item>
		<icon>icons/trakttv.png</icon>
		<label>תקציב</label>
		<label2>$INFO[Container(99954).ListItem.Property(Budget)]</label2>	
	</item>
	<item>
		<icon>masks/language.png</icon>
		<label>מדינה</label>
		<label2>$INFO[ListItem.Country]</label2>	
	</item>
	<item>
		<icon>$INFO[Container(99954).ListItem.Property(Photography.1.Thumb)]</icon>
		<label>אחראי על הגרפיקה</label>
		<label2>$INFO[Container(99954).ListItem.Property(Photography.1.Name)]</label2>	
	</item>
	</content>
	</control>
	</control>
	</include>

</includes>
