<?xml version="1.0" encoding="UTF-8"?>
<includes>
	
<include name="DialogVideo3">
	
	
	<control type="group">
	<control type="list" id="99950">
		<top>15</top>
		<left>-1008</left>
		<width>1540</width>
		<height>500</height>
		<onup>8000</onup>
		<onback>8000</onback>
		<onleft>Control.SetFocus(98883)</onleft>
		<orientation>horizontal</orientation>
		<scrolltime tween="sine" easing="inout">350</scrolltime>
		<itemlayout width="1" height="1">
		</itemlayout>
		<focusedlayout width="1" height="1">
		</focusedlayout>
			<content>plugin://plugin.video.themoviedb.helper?info=details&amp;detailed=true&amp;type=movie&amp;imdb_id=$INFO[ListItem.IMDBNumber]</content>
		</control>
		
		
		<control type="list" id="99951">
		<top>15</top>
		<left>-1008</left>
		<width>1540</width>
		<height>500</height>
		<onup>8000</onup>
		<onback>8000</onback>
		<onleft>Control.SetFocus(98883)</onleft>
		<orientation>horizontal</orientation>
		<scrolltime tween="sine" easing="inout">350</scrolltime>
		<itemlayout width="1" height="1">
		</itemlayout>
		<focusedlayout width="1" height="1">
		</focusedlayout>
			<content>plugin://plugin.video.themoviedb.helper?info=details&amp;detailed=true&amp;type=movie&amp;imdb_id=$INFO[Container(9103).ListItem.IMDBNumber]</content>
		</control>
		
		
		<control type="label">
		<label>אין מידע</label>
		<top>500</top>
		<left>1050</left>
		<font>font52_title</font>
		<visible>Container(9102).HasFocus(7) | Container(9102).HasFocus(8) | Container(9102).HasFocus(9) | Container(9102).HasFocus(10) | Container(9102).HasFocus(11) | Container(9102).HasFocus(12)</visible>
		<visible>Integer.IsEqual(Container(9103).NumItems,0)</visible>
		</control>
		
						<control type="group">
						<include content="BusyListSpinner">
							<param name="list_id" value="50022"/>
							<param name="posy" value="340"/>
							<param name="posx" value="140"/>
							<param name="visible" value="String.IsEqual(Container(9102).ListItem.Property(id),actros) + !Container(50022).IsUpdating"/>
						</include>
							<control type="fixedlist" id="50022">
							<visible>String.IsEqual(Container(9102).ListItem.Property(id),actros)</visible>
							<include>dialogvisible</include>
							<onback>9102</onback>
							<ondown>Control.SetFocus(9102)</ondown>
							<left>31.8%</left>
							<top>6.5%</top>
							<width>1220</width>
							<height>720</height>
							<onright>false</onright>
							<onleft>false</onleft>
							<scrolltime tween="cubic">550</scrolltime>
							<orientation>horizontal</orientation>
							<focusposition>0</focusposition>
							<itemlayout width="405" height="520">
							<control type="group">
							<width>415</width>
							<control type="image">
									<top>10</top>
									<left>10</left>
									<right>10</right>
									<bottom>10</bottom>
									<texture border="8" background="true" infill="false">masks/box21.png</texture>
								</control>
								<control type="image">
									<top>10</top>
									<left>10</left>
									<right>10</right>
									<bottom>10</bottom>
									<texture border="3" colordiffuse="95181818" background="true" infill="true">masks/box.png</texture>
								</control>
								<control type="image">
									<top>10</top>
									<left>10</left>
									<right>10</right>
									<bottom>10</bottom>
									<fadetime>250</fadetime>
									<bordertexture>common/rounded-shadow8.png</bordertexture>
									<bordersize>3</bordersize>
									<aspectratio scalediffuse="false">scale</aspectratio>
									<texture diffuse="diffuse/widgetsquare_new.png" background="true" infill="false">$INFO[ListItem.Icon]</texture>
								</control>	
								<control type="image">
									<top>89%</top>
									<left>3%</left>
									<height>45</height>
									<width>390.5</width>
									<texture colordiffuse="98000000">shadows/shadow_mask2.png</texture>
								</control>
								<control type="label">
									<top>89.8%</top>
									<left>3%</left>
									<align>center</align>
									<width>390.5</width>
									<label>$INFO[ListItem.Label]</label>
								</control>
							</control>
							</itemlayout>
							<focusedlayout width="405" height="520">
							<control type="group">
							<width>415</width>
							<animation effect="zoom" start="100,100" end="110,110" time="200" delay="50" center="auto">Focus</animation>
							<animation effect="zoom" start="110,110" end="100,100" time="180" center="auto">UnFocus</animation>
							<control type="image">
									<top>10</top>
									<left>10</left>
									<right>10</right>
									<bottom>10</bottom>
									<texture border="8" background="true" infill="false">masks/box21.png</texture>
								</control>
								<control type="image">
									<top>10</top>
									<left>10</left>
									<right>10</right>
									<bottom>10</bottom>
									<texture border="3" colordiffuse="95181818" background="true" infill="true">masks/box.png</texture>
								</control>
								<control type="image">
									<top>10</top>
									<left>10</left>
									<right>10</right>
									<bottom>10</bottom>
									<fadetime>250</fadetime>
									<bordertexture>common/rounded-shadow8.png</bordertexture>
									<bordersize>3</bordersize>
									<aspectratio scalediffuse="false">scale</aspectratio>
									<texture diffuse="diffuse/widgetsquare_new.png" background="true" infill="false">$INFO[ListItem.Icon]</texture>
								</control>	
								<control type="image">
									<top>89%</top>
									<left>3%</left>
									<height>45</height>
									<width>390.5</width>
									<texture colordiffuse="98000000">shadows/shadow_mask2.png</texture>
								</control>
								<control type="label">
									<top>89.8%</top>
									<left>3%</left>
									<align>center</align>
									<width>390.5</width>
									<label>$INFO[ListItem.Label]</label>
								</control>
							</control>
							</focusedlayout>
							<content>plugin://plugin.video.themoviedb.helper?info=cast&amp;type=movie&amp;imdb_id=$INFO[ListItem.IMDBNumber]</content>
						</control>
						</control>
		
		<control type="group">
			<top>5%</top>
			<left>2%</left>
			<width>100%</width>
			<height>95%</height>
				<include>dialogvisible</include>
				<control type="image">
					<top>0</top>
					<left>0</left>
					<width>550</width>
					<height>85%</height>
					<bordertexture border="35" colordiffuse="black">masks/24-shadow.png</bordertexture>
					<bordersize>25.5</bordersize>
					<texture>$VAR[SetImageIconViewType]</texture>
				</control>
				<control type="image">
					<top>0</top>
					<left>0</left>
					<width>550</width>
					<height>85%</height>
					<bordertexture border="35" colordiffuse="black">masks/24-shadow.png</bordertexture>
					<bordersize>25.5</bordersize>
					<texture>$INFO[Container(9103).ListItem.Art(poster)]</texture>
				</control>
				<control type="image">
				<visible>Container(9102).HasFocus(1) | Container(9102).HasFocus(2) | Container(9102).HasFocus(3) | Container(9102).HasFocus(4)</visible>
				<include>dialogvisible</include>
				<animation type="Conditional" condition="String.IsEqual(Container(9102).ListItem.Property(id),stop) + !Player.HasMedia">
					<effect type="slide" start="0,0" end="50,0" time="250" tween="sine" easing="inout"/>
					<effect type="fade" start="100" end="0" time="250"/>
				</animation>
				<animation type="Conditional" condition="String.IsEqual(Container(9102).ListItem.Property(id),stop) + Player.HasMedia">
					<effect type="fade" start="100" end="0" time="250"/>
				</animation>
					<top>0</top>
					<left>29%</left>
					<width>1250</width>
					<height>545</height>
					<bordertexture border="35" colordiffuse="black">masks/24-shadow.png</bordertexture>
					<bordersize>25.5</bordersize>
					<texture>$INFO[ListItem.Art(fanart)]</texture>
				</control>
				<control type="image">
				<visible>String.IsEqual(Container(9102).ListItem.Property(id),actros) + String.IsEqual(Container(50022).NumItems,0) + !Container(50022).IsUpdating</visible>
				<include>dialogvisible</include>
				<animation type="Conditional" condition="String.IsEqual(Container(9102).ListItem.Property(id),stop) + !Player.HasMedia">
					<effect type="slide" start="0,0" end="50,0" time="250" tween="sine" easing="inout"/>
					<effect type="fade" start="100" end="0" time="250"/>
				</animation>
				<animation type="Conditional" condition="String.IsEqual(Container(9102).ListItem.Property(id),stop) + Player.HasMedia">
					<effect type="fade" start="100" end="0" time="250"/>
				</animation>
					<top>0</top>
					<left>29%</left>
					<width>1250</width>
					<height>545</height>
					<bordertexture border="35" colordiffuse="black">masks/24-shadow.png</bordertexture>
					<bordersize>25.5</bordersize>
					<texture>$INFO[ListItem.Art(fanart)]</texture>
				</control>
				<control type="group">
				<left>28%</left>
				<top>-10</top>
				<left>-70</left>
				<visible>String.IsEqual(Container(9102).ListItem.Property(id),stop)</visible>
				<include>dialogvisible</include>
				<animation type="Conditional" condition="!String.IsEqual(Container(9102).ListItem.Property(id),stop)">
					<effect type="fade" start="100" end="0" time="250"/>
				</animation>
				<control type="image">
					<left>-5</left>
					<width>1250</width>
					<height>668</height>
					<bordertexture border="40">shadows/shadow-40.png</bordertexture>
					<bordersize>40</bordersize>
					<texture>colors/white.png</texture>
					<colordiffuse>black</colordiffuse>
				</control>
				<control type="VideoWindow">
					<left>45</left>
					<top>45</top>
					<width>1050</width>
					<height>550</height>
					<depth>DepthBackground</depth>
					<aspectratio scalediffuse="false" align="left" aligny="center">keep</aspectratio>
				</control>
				</control>
				
				<control type="image">
				<include>dialogvisible</include>
				<visible>Container(9102).HasFocus(1) | Container(9102).HasFocus(2) | Container(9102).HasFocus(3) | Container(9102).HasFocus(4) | Container(9102).HasFocus(5) | String.IsEqual(Container(9102).ListItem.Property(id),actros) | String.IsEqual(Container(9102).ListItem.Property(id),trailer)</visible>
					<top>370</top>
					<left>1475</left>
					<width>260</width>
					<height>260</height>
					<texture diffuse="icons/cdart-mask.png">$VAR[discartset]</texture>
				</control>
				<control type="image">
				<animation type="Visible">
				<effect type="fade" start="0" end="100" time="420" delay="150" tween="sine" easing="inout"/>
				</animation>
				<animation type="Hidden">
				<effect type="fade" start="100" end="0" time="420" tween="sine" easing="inout"/>
				</animation>
				<visible>Container(9102).HasFocus(1) | Container(9102).HasFocus(2) | Container(9102).HasFocus(3) | Container(9102).HasFocus(4) | Container(9102).HasFocus(5) | String.IsEqual(Container(9102).ListItem.Property(id),actros) | String.IsEqual(Container(9102).ListItem.Property(id),trailer)</visible>
					<top>620</top>
					<left>1475</left>
					<width>260</width>
					<height>40</height>
					<texture flipy="true" diffuse="icons/cdart-mask.png">$VAR[discartset]</texture>
					<colordiffuse>45FFFFFF</colordiffuse>
				</control>
		</control>
			
		<control type="button" id="7">
			<visible>false</visible>
		</control>
		<control type="button" id="8">
			<visible>false</visible>
		</control>
		<control type="button" id="11">
			<visible>false</visible>
		</control>
					
		<control type="group">
		<top>50%</top>
		<left>32%</left>
			<width>1200</width>
			<height>95%</height>
			<include>dialogvisible</include>
			<visible>Container(9102).HasFocus(1) | Container(9102).HasFocus(2) | Container(9102).HasFocus(3) | Container(9102).HasFocus(4) | Container(9102).HasFocus(5) | Container(9102).HasFocus(6)</visible>
				<control type="label">
					<top>6%</top>
					<left>0</left>
					<height>105</height>
					<width>750</width>
					<align>left</align>
					<font>font52_title</font>
					<bottom>0</bottom>
					<scroll>true</scroll>
					<scrolltime>45</scrolltime>
					<label>[COLOR white]$INFO[ListItem.Label][/COLOR] $INFO[ListItem.Year,([COLOR white],[/COLOR])]</label>
				</control>
				<control type="textbox">
					<top>13.5%</top>
					<left>0</left>
					<height>255</height>
					<align>left</align>
					<font>font30_title</font>
					<bottom>0</bottom>
					<pagecontrol>161</pagecontrol>
					<label>[COLOR deepskyblue][I]$INFO[ListItem.Genre][/I][/COLOR][CR]$INFO[ListItem.Plot]</label>
					</control>
				</control>
				
				<!-- <control type="image"> -->
				<!-- <include>dialogvisible</include> -->
				<!-- <visible>Container(9102).HasFocus(1) | Container(9102).HasFocus(2) | Container(9102).HasFocus(3) | Container(9102).HasFocus(4) | Container(9102).HasFocus(5)</visible> -->
				<!-- <visible>!String.IsEmpty(ListItem.Art(clearlogo)</visible> -->
					<!-- <top>41.5%</top> -->
					<!-- <bottom>10</bottom> -->
					<!-- <left>32.5%</left> -->
					<!-- <width>400</width> -->
					<!-- <height>125</height> -->
					<!-- <align>left</align> -->
					<!-- <aspectratio aligny="bottom" align="left">keep</aspectratio> -->
					<!-- <texture diffuse="masks/categorywidget.png">$INFO[ListItem.Art(clearlogo)]</texture> -->
				<!-- </control> -->
				
			<control type="scrollbar" id="161">
			<visible>Container(9102).HasFocus(1) | Container(9102).HasFocus(2) | Container(9102).HasFocus(3) | Container(9102).HasFocus(4) | Container(9102).HasFocus(5)</visible>
			<include>dialogvisible</include>
				<left>98%</left>
				<top>62%</top>
				<width>12</width>
				<height>255</height>
				<bottom>26</bottom>
				<onback>9102</onback>
				<onleft>9102</onleft>
				<orientation>vertical</orientation>
			</control>
		
			<control type="group">
			<animation type="WindowOpen">
				<effect type="slide" start="0,500" end="0,0" time="450" tween="sine" easing="inout"/>
			</animation>
				<top>86%</top>
				<left>0</left>
				<width>1900</width>
				<height>320</height>
				<control type="list" id="9102">
				  <onback>98883</onback>
				  <onleft condition="Player.HasVideo">Stop</onleft>
				  <onright condition="Player.HasVideo">Stop</onright>
				  <onup condition="![Container(9102).HasFocus(1) | Container(9102).HasFocus(2) | Container(9102).HasFocus(3) | Container(9102).HasFocus(4) | Container(9102).HasFocus(5)]">9103</onup>
				  <onup condition="Container(9102).HasFocus(1) | Container(9102).HasFocus(2) | Container(9102).HasFocus(3) | Container(9102).HasFocus(4) | Container(9102).HasFocus(5)">161</onup>
				  <onup condition="String.IsEqual(Container(9102).ListItem.Property(id),actros)">SetFocus($INFO[Container(9102).ListItem.Property(item)])</onup>
				  <orientation>horizontal</orientation>
					<itemlayout height="120" width="145">
					<control type="label">
					<top>0</top>
					<left>0</left>
					<width>170</width>
					<height>170</height>
					<align>center</align>
					<aligny>center</aligny>
					<font>font_flag</font>
					<label>$INFO[ListItem.Property(textTitle)]</label>
					</control>
					</itemlayout>
					<focusedlayout height="120" width="145">
					<control type="image">
						<visible>Control.HasFocus(9102)</visible>
						<animation effect="fade" end="100" time="250">Visible</animation>
							<top>0</top>
							<left>0</left>
							<width>170</width>
							<height>170</height>
							<bordertexture colordiffuse="white">masks/circlebutton.png</bordertexture>
							<bordersize>5</bordersize>
							<texture colordiffuse="gray">masks/circlebutton.png</texture>
					</control>
						<control type="label">
						<top>0</top>
						<left>0</left>
						<width>170</width>
						<height>170</height>
						<align>center</align>
						<aligny>center</aligny>
						<font>font_flag</font>
						<textcolor>black</textcolor>
						<label>$INFO[ListItem.Property(textTitle)]</label>
						<visible>Control.HasFocus(9102)</visible>
					</control>
					<control type="label">
						<top>0</top>
						<left>0</left>
						<width>170</width>
						<height>170</height>
						<align>center</align>
						<aligny>center</aligny>
						<font>font_flag</font>
						<textcolor>45FFFFFF</textcolor>
						<label>$INFO[ListItem.Property(textTitle)]</label>
						<visible>!Control.HasFocus(9102)</visible>
					</control>
					<!-- <control type="button"> -->
						<!-- <visible>false</visible> -->
						<!-- <onunfocus condition="Player.HasVideo">AlarmClock(stoptrailer,PlayerControl(stop),00:01,true)</onunfocus> -->
						<!-- <onleft>stop</onleft> -->
					<!-- </control> -->
					</focusedlayout>
				  <content>

						<item id="1">
						<visible>String.IsEqual(ListItem.DBTYPE,movie)</visible>
							<label>נגן</label>
							<property name="textTitle">נגן</property>
							<onclick>SendClick(8)</onclick>
						</item>
						<item id="2">
						<visible>Player.HasMedia</visible>
							<label>עצור</label>
							<property name="textTitle">עצור</property>
							<property name="id">stop</property>
							<onclick>Stop</onclick>
						</item>
						<item id="3">
						<visible>String.IsEqual(ListItem.DBTYPE,tvshow)</visible>
							<label>פתח</label>
							<property name="textTitle">פתח</property>
							<onclick>SendClick(8)</onclick>
						</item>
						<item id="4">
						<visible>!Player.HasMedia</visible>
							<label>קדימון</label>
							<property name="textTitle">קדימון</property>
							<property name="id">trailer</property>
							<onclick>PlayMedia($INFO[ListItem.Trailer],1)</onclick>
						</item>
						<item id="5">
							<property name="textTitle">עוד</property>
							<label>עוד</label>
							<onclick>-</onclick>
						</item>
						<item id="6">
							<label>שחקנים</label>
							<property name="textTitle">שחקנים</property>
							<property name="id">actros</property>
							<property name="item">$NUMBER[50022]</property>
							<onclick>Control.SetFocus(50022)</onclick>
						</item>
						<item id="7">
						<visible>String.IsEmpty(Window(Home).Property(TMDbHelper.IsUpdating)) + String.IsEmpty(Window(Home).Property(TMDbHelper.IsUpdatingrecommendations))</visible>
							<label>plugin://plugin.video.themoviedb.helper?info=recommendations&amp;type=movie&amp;imdb_id=$INFO[ListItem.IMDBNumber]</label>
							<property name="textTitle">מומלצים</property>
						</item>
						<item id="8">
						<visible>String.IsEmpty(Window(Home).Property(TMDbHelper.IsUpdating)) + String.IsEmpty(Window(Home).Property(TMDbHelper.IsUpdatingsimilar))</visible>
							<visible>!String.IsEmpty(ListItem.IMDBNumber)</visible>
							<label>plugin://plugin.video.themoviedb.helper?info=similar&amp;type=movie&amp;imdb_id=$INFO[ListItem.IMDBNumber]</label>
							<property name="textTitle">דומים</property>
						</item>
						<item id="9">
						<visible>String.IsEmpty(Window(Home).Property(TMDbHelper.IsUpdating)) + String.IsEmpty(Window(Home).Property(TMDbHelper.IsUpdatingvideos))</visible>
							<label>plugin://plugin.video.themoviedb.helper?info=videos&amp;type=movie&amp;imdb_id=$INFO[ListItem.IMDBNumber]</label>
							<property name="textTitle">טריילרים</property>
						</item>
						<item id="10">
						<visible>String.IsEmpty(Window(Home).Property(TMDbHelper.IsUpdating)) + String.IsEmpty(Window(Home).Property(TMDbHelper.IsUpdatingStudio))</visible>
						<visible>!String.IsEmpty(ListItem.Writer)</visible>
							<label>plugin://plugin.video.themoviedb.helper?info=discover&amp;type=movie&amp;with_companies=$INFO[ListItem.Studio]</label>
							<property name="textTitle">רשת</property>
						</item>
						<item id="11">
						<visible>String.IsEmpty(Window(Home).Property(TMDbHelper.IsUpdating)) + String.IsEmpty(Window(Home).Property(TMDbHelper.IsUpdatingWriter))</visible>
							<label>plugin://plugin.video.themoviedb.helper?info=discover&amp;type=movie&amp;with_people=$INFO[ListItem.Writer]</label>
							<property name="textTitle">תסריטאי</property>
						</item>
						<item id="12">
						<visible>String.IsEmpty(Window(Home).Property(TMDbHelper.IsUpdating)) + String.IsEmpty(Window(Home).Property(TMDbHelper.IsUpdatinDirector))</visible>
						<visible>!String.IsEmpty(ListItem.Director)</visible>
							<label>plugin://plugin.video.themoviedb.helper?info=discover&amp;type=movie&amp;with_people=$INFO[ListItem.Director]</label>
							<property name="textTitle">במאי</property>
						</item>
						<item id="13">
						<visible>String.IsEmpty(Window(Home).Property(TMDbHelper.IsUpdating)) + String.IsEmpty(Window(Home).Property(TMDbHelper.IsUpdatincollection))</visible>
							<label>plugin://plugin.video.themoviedb.helper/?info=collection&amp;tmdb_type=collection&amp;tmdb_id=$INFO[ListItem.Property(Set.TMDb_ID)]</label>
							<property name="textTitle">אוסף</property>
						</item>
						<item id="14">
							
							<property name="textTitle">מידע נוסף</property>
							<property name="id">extrainfo</property>
							<onclick>SetFocus(1112)</onclick>
						</item>
				  </content>
				</control>
				</control>


						<control type="group">
						<visible>String.IsEqual(Container(9102).ListItem.Property(id),extrainfo) | Control.HasFocus(1112)</visible>
						<animation type="Visible" reversible="false">
							<effect type="slide" start="40" end="0" tween="sine" easing="inout" time="250" />
							<effect type="fade" start="0" end="100" time="250" />
						</animation>
						<animation type="Hidden" reversible="false">
							<effect type="slide" start="0" end="40" tween="sine" easing="inout" time="250" />
							<effect type="fade" start="100" end="0" time="250" />
						</animation>
							<width>1395</width>
							<height>820</height>
							<left>585</left>
							<top>80</top>
							<control type="panel" id="1112">
								<orientation>vertical</orientation>
								<scrolltime>350</scrolltime>
								<movement>4</movement>
								<onup>false</onup>
								<ondown>false</ondown>
								<onleft>false</onleft>
								<onright>false</onright>
								<onback>9102</onback>
								<focusposition>4</focusposition>
								<itemlayout width="220" height="220">
									<control type="group">
										<width>200</width>
										<height>200</height>
									<control type="image">
										<left>0</left>
										<right>0</right>
										<top>0</top>
										<bottom>0</bottom>
										<texture colordiffuse="50FFFFFF">colors/white.png</texture>
									</control>
									<control type="image">
										<left>2</left>
										<right>2</right>
										<top>2</top>
										<bottom>2</bottom>
										<texture colordiffuse="black">colors/white.png</texture>
									</control>
										<control type="label">
											<top>35</top>
											<left>0</left>
											<width>195</width>
											<height>25</height>
											<align>center</align>
											<aligny>center</aligny>
											<font>font30_title</font>
											<textcolor>white</textcolor>
											<label>$INFO[ListItem.Label]</label>
										</control>
										<control type="textbox">
											<top>70</top>
											<left>0</left>
											<width>195</width>
											<height>85</height>
											<align>center</align>
											<aligny>center</aligny>
											<label fallback="n/a">$INFO[ListItem.Label2]</label>
										</control>
										</control>
										</itemlayout>
										<focusedlayout width="220" height="220">
										<control type="group">
										<width>200</width>
										<height>200</height>
										<animation type="Focus">
										<effect type="zoom" start="100" end="107" time="120" tween="sine" easing="inout" center="95,125"/>
										</animation>
										<animation type="Unfocus">
										<effect type="zoom" start="107" end="100" time="120" tween="sine" easing="inout" center="95,125"/>
										</animation>
										<control type="image">
											<left>0</left>
											<right>0</right>
											<top>0</top>
											<bottom>0</bottom>
											<texture colordiffuse="50FFFFFF">colors/white.png</texture>
										</control>
										<control type="image">
											<left>2</left>
											<right>2</right>
											<top>2</top>
											<bottom>2</bottom>
											<texture colordiffuse="black">colors/white.png</texture>
										</control>
										<control type="label">
											<top>35</top>
											<left>0</left>
											<width>195</width>
											<height>25</height>
											<align>center</align>
											<aligny>center</aligny>
											<font>font30_title</font>
											<textcolor>white</textcolor>
											<label>$INFO[ListItem.Label]</label>
										</control>
										<control type="textbox">
											<top>70</top>
											<left>0</left>
											<width>195</width>
											<height>85</height>
											<align>center</align>
											<aligny>center</aligny>
											<label fallback="n/a">$INFO[ListItem.Label2]</label>
										</control>
										</control>
										</focusedlayout>
										<content>
										<item id="1">
											<label>מסתיים</label>
											<label2>$INFO[ListItem.EndTime]</label2>
											<onclick>-</onclick>
										</item>	
										<item id="2">
											<label>מתחיל</label>
											<label2>$INFO[System.Time]</label2>
											<onclick>-</onclick>
										</item>
										<item id="3">
											<label>אורך</label>
											<label2>$VAR[duration_fix]</label2>
											<onclick>-</onclick>
										</item>	
										<item id="4">
											<label>גיל</label>
											<label2>$INFO[ListItem.Mpaa]</label2>
											<onclick>-</onclick>
										</item>
										<item id="6">
											<label>דירוג</label>
											<label2>$INFO[ListItem.Rating]</label2>
											<onclick>-</onclick>
										</item>
										<item id="7">
											<label>הצבעות</label>
											<label2>$INFO[ListItem.RatingAndVotes]</label2>
											<onclick>-</onclick>
										</item>	
										<item id="8">
											<label>תאריך התחלה</label>
											<label2>$INFO[ListItem.StartDate]</label2>
											<onclick>-</onclick>
										</item>										
										<item id="9">
											<label>תאריך שחרור</label>
											<label2>$INFO[ListItem.Premiered]</label2>
											<onclick>-</onclick>
										</item>
										<item id="10">
											<label>מדינה</label>
											<label2>$INFO[ListItem.Country]</label2>
											<onclick>-</onclick>
										</item>
										<item id="11">
											<label>שנה</label>
											<label2>$INFO[ListItem.Year]</label2>
											<onclick>-</onclick>
										</item>
										<item id="12">
											<label>רשת</label>
											<label2>$INFO[ListItem.Property(network)]</label2>
											<onclick>-</onclick>
										</item>
									<item id="12">
											<label>רשת</label>
											<label2>$INFO[ListItem.Studio]</label2>
											<onclick>-</onclick>
											<visible>!String.IsEmpty(ListItem.Property(network)</visible>
										</item>
										<item id="13">
											<label>סוג</label>
											<label2>$VAR[DBtypeLabel]</label2>
											<onclick>-</onclick>
										</item>
										<item id="14">
											<label>ז'אנר</label>
											<label2>$INFO[ListItem.Genre]</label2>
											<onclick>-</onclick>
										</item>										
										<item id="15">
											<label>סלוגן</label>
											<label2>$INFO[ListItem.Tagline]</label2>
											<onclick>-</onclick>
										</item>
										<item id="16">
											<visible>String.IsEqual(ListItem.Year,2025)</visible>
											<label>מצב</label>
											<label2>חדש</label2>
											<onclick>-</onclick>
										</item>
										<item id="17">
											<label>כותב</label>
											<label2>$INFO[ListItem.Writer]</label2>
											<onclick>-</onclick>
										</item>
										<item id="18">
											<label>במאי</label>
											<label2>$INFO[ListItem.Director]</label2>
											<onclick>-</onclick>
										</item>
										<item id="22">
											<label>נצפה</label>
											<label2>$INFO[ListItem.LastPlayed]</label2>
											<onclick>-</onclick>
										</item>	
										<item id="23">
											<label>תהליך צפייה</label>
											<label2>$INFO[ListItem.Progress]</label2>
											<onclick>-</onclick>
										</item>	
										</content>
										</control>
									</control>
				
			<control type="fixedlist" id="9103">
				<top>5%</top>
				<left>32%</left>
				<width>1500</width>
				<height>80%</height>
				<onup>false</onup>
				<ondown>false</ondown>
				<scrolltime tween="cubic">550</scrolltime>
				<onback>9102</onback>
				<movement>4</movement>
				<visible>!Integer.IsEqual(Container(9102).NumItems,0) + !Container.IsUpdating</visible>
				<visible>![String.IsEqual(Container(9102).ListItem.Property(id),extrainfo) | Control.HasFocus(1112)]</visible>
				<animation type="Visible" reversible="false">
					<effect type="slide" start="40" end="0" tween="sine" easing="inout" time="250" />
					<effect type="fade" start="0" end="100" time="250" />
				</animation>
				<animation type="Hidden" reversible="false">
					<effect type="slide" start="0" end="40" tween="sine" easing="inout" time="250" />
					<effect type="fade" start="100" end="0" time="250" />
				</animation>
				<focusposition>1</focusposition>
					<itemlayout width="220" height="218">
						<control type="image">
						<include>dialogvisible</include>
							<top>0</top>
							<left>0</left>
							<width>1350</width>
							<height>220</height>
							<bordertexture border="21" infill="false">overlays/shadow.png</bordertexture>
							<bordersize>20</bordersize>
							<texture>colors/white.png</texture>
							<colordiffuse>45FFFFFF</colordiffuse>
						</control>
						<control type="image">
						<animation condition="true" effect="fade" end="45" time="0">Conditional</animation>
							<top>0</top>
							<left>0</left>
							<width>1350</width>
							<height>220</height>
							<bordertexture border="21" infill="false">overlays/shadow.png</bordertexture>
							<bordersize>20</bordersize>
							<texture colordiffuse="black">colors/white.png</texture>
						</control>
						<control type="image">
							<top>10</top>
							<left>10</left>
							<right>10</right>
							<bottom>10</bottom>
							<width>210</width>
							<height>200</height>
							<bordertexture border="21" infill="false">overlays/shadow.png</bordertexture>
							<bordersize>20</bordersize>
							<texture>$INFO[ListItem.Icon]</texture>
						</control>
						<control type="textbox">
							<top>35</top>
							<left>225</left>
							<width>1000</width>
							<height>140</height>
							<align>left</align>
							<aligny>center</aligny>
							<label>[B]$INFO[ListItem.Label][/B][CR][I]$INFO[ListItem.Genre][/I][CR]$INFO[ListItem.Plot]</label>
						</control>
					</itemlayout>
					<focusedlayout width="220" height="218">
						<control type="image">
						<include>dialogvisible</include>
							<top>0</top>
							<left>0</left>
							<width>1350</width>
							<height>220</height>
							<bordertexture border="21" infill="false">overlays/shadow.png</bordertexture>
							<bordersize>20</bordersize>
							<texture>colors/white.png</texture>
							<colordiffuse>45FFFFFF</colordiffuse>
						</control>
					<control type="image">
						<animation condition="true" effect="fade" end="45" time="0">Conditional</animation>
							<top>0</top>
							<left>0</left>
							<width>1350</width>
							<height>220</height>
							<bordertexture border="21" infill="false">overlays/shadow.png</bordertexture>
							<bordersize>20</bordersize>
							<texture colordiffuse="black">colors/white.png</texture>
							<colordiffuse>45FFFFFF</colordiffuse>
						</control>
						<control type="image">
						<visible>Control.HasFocus(9103)</visible>

							<top>0</top>
							<left>0</left>
							<width>1350</width>
							<height>220</height>
							<bordertexture border="21" infill="false">overlays/shadow.png</bordertexture>
							<bordersize>20</bordersize>
							<texture>colors/white.png</texture>
							<colordiffuse>ffad1e4e</colordiffuse>
						</control>
						<control type="image">
							<top>10</top>
							<left>10</left>
							<right>10</right>
							<bottom>10</bottom>
							<width>210</width>
							<height>200</height>
							<bordertexture border="21" infill="false">overlays/shadow.png</bordertexture>
							<bordersize>20</bordersize>
							<texture>$INFO[ListItem.Icon]</texture>
						</control>
						<control type="textbox">
						<autoscroll fade="5000" time="5000" repeat="5000">Control.HasFocus(9103)</autoscroll>
							<top>35</top>
							<left>225</left>
							<width>1000</width>
							<height>140</height>
							<align>left</align>
							<aligny>center</aligny>
							<label>[B]$INFO[ListItem.Label]$INFO[ListItem.Year, (,)][/B][CR][I]$INFO[ListItem.Genre][/I][CR]$INFO[ListItem.Plot]</label>
						</control>
					</focusedlayout>
					<content>$INFO[Control.GetLabel(9102)]</content>
				</control>-->
		
		
				<!-- <include content="custom.widget"> -->
					<!-- <param name="string_id">9103</param> -->
					<!-- <param name="onback">9102</param> -->
					<!-- <param name="top">280</param> -->
					<!-- <param name="left">75</param> -->
					<!-- <param name="expvisible">![Container(9102).HasFocus(1) | Container(9102).HasFocus(2) | Container(9102).HasFocus(3) | Container(9102).HasFocus(4) | Container(9102).HasFocus(5)]</param> -->
					<!-- <param name="content">$INFO[Control.GetLabel(9102)]</param> -->
				<!-- </include> -->
				
				<!-- <include content="fanart.view"> -->
					<!-- <param name="visible">![Container(9102).HasFocus(1) | Container(9102).HasFocus(2) | Container(9102).HasFocus(3) | Container(9102).HasFocus(4) | Container(9102).HasFocus(5)]</param> -->
					<!-- <param name="setvisibleenable">!Control.HasFocus(9103)</param> -->
					<!-- <param name="fanart_id">9103</param> -->
					<!-- <param name="image">$VAR[imagevideoinfo]</param> -->
				<!-- </include> -->
								
				<!-- <include content="UpDownArrows"> -->
					<!-- <param name="container_id" value="9103" /> -->
					<!-- <param name="posx" value="1700" /> -->
					<!-- <param name="up_posy" value="440" /> -->
					<!-- <param name="down_posy" value="820" /> -->
					<!-- <param name="down_posx">1710</param> -->
				<!-- </include> -->
				
				
				<control type="group" id="$PARAM[list_id]599">
					<height>160</height>
					<left>1690</left>
					<posy>595</posy>
					<visible>Container(99951).IsUpdating + !Integer.IsGreater(Container(9103).NumItems,1) | [Container(9103).IsUpdating + !Integer.IsGreater(Container(9103).NumItems,1)]</visible>
					<visible>![Container(9102).HasFocus(1) | Container(9102).HasFocus(2) | Container(9102).HasFocus(3) | Container(9102).HasFocus(4) | Container(9102).HasFocus(5)]</visible>
					<control type="image">
						<width>80</width>
						<height>80</height>
						<aspectratio aligny="center">keep</aspectratio>
						<texture colordiffuse="button_focus2">dialogs/extendedprogress/loading-back.png</texture>
					</control>
					<control type="image">
						<width>80</width>
						<height>80</height>
						<aspectratio aligny="center">keep</aspectratio>
						<texture>dialogs/extendedprogress/loading.png</texture>
						<animation effect="rotate" center="auto" start="360" end="0" time="750" loop="true" condition="true">Conditional</animation>
					</control>
				</control>
				
				
				<!--<include content="BusyListSpinner">
					<param name="list_id" value="9103"/>
					<param name="posy" value="595"/>
					<param name="posx" value="1690"/>
					<param name="visible" value="![Container(9102).HasFocus(1) | Container(9102).HasFocus(2) | Container(9102).HasFocus(3) | Container(9102).HasFocus(4) | Container(9102).HasFocus(5)]"/>
				</include>-->
				
			<control type="group">			
			<include content="BusyListSpinner">
				<param name="list_id" value="99950"/>
				<param name="posy" value="240"/>
				<param name="posx" value="640"/>
				<param name="visible" value="Container(9102).HasFocus(1) | Container(9102).HasFocus(2) | Container(9102).HasFocus(3) | Container(9102).HasFocus(4) | [Container(9102).HasFocus(5) + Player.HasVideo]"/>
			</include>

			<control type="grouplist" id="5004">
			<include>dialogvisible</include>
			<visible>Container(9102).HasFocus(5)</visible>
				<top>5%</top>
				<left>30%</left>
				<height max="650">650</height>
				<width max="350">350</width>
				<aligny>justify</aligny>
				<orientation>vertical</orientation>
				<include>SideRightAnimation</include>
				<animation type="Visible">
				<effect type="fade" end="100" time="250"/>
				</animation>
				<control type="group">
					<height>80</height>
					<include content="SetYourImage">
					<param name="diffuse" value="masks/circlebutton.png"/>
					<param name="id" value="99950"/>
					<param name="label" value="writer"/>
					<param name="SetYourFreeTextLabel" value="תסריטאי"/>
					</include>
				</control>
				<control type="group">
					<height>80</height>
					<include content="SetYourImage">
					<param name="diffuse" value="masks/circlebutton.png"/>
					<param name="id" value="99950"/>
					<param name="label" value="director"/>
					<param name="SetYourFreeTextLabel" value="במאי"/>
					</include>
				</control>
				<control type="group">
					<height>80</height>
					<include content="SetYourImage">
					<param name="diffuse" value="masks/circlebutton.png"/>
					<param name="id" value="99950"/>
					<param name="label" value="crew"/>
					<param name="SetYourFreeTextLabel" value="צוות"/>
					</include>
				</control>	
				<control type="group">
					<height>80</height>
					<include content="SetYourImage">
					<param name="diffuse" value="masks/circlebutton.png"/>
					<param name="id" value="99950"/>
					<param name="label" value="cast"/>
					<param name="SetYourFreeTextLabel" value="ליהוק"/>
					</include>
				</control>
			</control>
		</control>
			
			<control type="grouplist">
			<include>dialogvisible</include>
			<visible>Container(9102).HasFocus(5)</visible>
				<top>5%</top>
				<left>52%</left>
				<height max="650">650</height>
				<width max="350">350</width>
				<aligny>justify</aligny>
				<orientation>vertical</orientation>
				<include>SideRightAnimation</include>
				<animation type="Visible">
				<effect type="fade" end="100" time="250"/>
				</animation>
				<control type="group">
					<height>80</height>
					<include content="SetYourImage2">
					<param name="icon" value="icons/trakttv.png"/>
					<param name="id" value="99950"/>
					<param name="label" value="budget"/>
					<param name="SetYourFreeTextLabel" value="תקציב"/>
					</include>
				</control>
				<control type="group">
					<height>80</height>
					<include content="SetYourImage2">
					<param name="icon" value="icons/list.png"/>
					<param name="id" value="99950"/>
					<param name="label2" value="$INFO[ListItem.Studio]"/>
					<param name="setlabelvisibe" value="false"/>
					<param name="SetYourFreeTextLabel" value="רשת"/>
					</include>
				</control>
				<control type="group">
					<height>80</height>
					<include content="SetYourImage2">
					<param name="icon" value="icons/star.png"/>
					<param name="id" value="99950"/>
					<param name="label2" value="$INFO[ListItem.RatingAndVotes]"/>
					<param name="setlabelvisibe" value="false"/>
					<param name="SetYourFreeTextLabel" value="הצבעות"/>
					</include>
				</control>
				<control type="group">
					<height>80</height>
					<include content="SetYourImage2">
					<param name="icon" value="icons/recent.png"/>
					<param name="id" value="99950"/>
					<param name="label2" value="$INFO[ListItem.Premiered]"/>
					<param name="setlabelvisibe" value="false"/>
					<param name="SetYourFreeTextLabel" value="שוחרר"/>
					</include>
				</control>
			</control>
			
			<control type="grouplist">
			<include>dialogvisible</include>
			<visible>Container(9102).HasFocus(5)</visible>
				<top>5%</top>
				<left>75%</left>
				<height max="650">650</height>
				<width max="350">350</width>
				<aligny>justify</aligny>
				<orientation>vertical</orientation>
				<include>SideRightAnimation</include>
				<animation type="Visible">
				<effect type="fade" end="100" time="250"/>
				</animation>
				<control type="group">
					<height>80</height>
					<include content="SetYourImage2">
					<param name="icon" value="masks/earth-americas.png"/>
					<param name="id" value="99950"/>
					<param name="label3" value="Country"/>
					<param name="setlabelvisibe" value="false"/>
					<param name="SetYourFreeTextLabel" value="מדינה"/>
					</include>
				</control>
				<control type="group">
					<height>80</height>
					<include content="SetYourImage2">
					<param name="icon" value="masks/language.png"/>
					<param name="id" value="99950"/>
					<param name="label3" value="Language"/>
					<param name="setlabelvisibe" value="false"/>
					<param name="SetYourFreeTextLabel" value="שפה"/>
					</include>
				</control>
				<control type="group">
					<height>80</height>
					<include content="SetYourImage2">
					<param name="icon" value="icons/coins.png"/>
					<param name="id" value="99950"/>
					<param name="label2" value="$INFO[ListItem.Property(Revenue)]"/>
					<param name="setlabelvisibe" value="false"/>
					<param name="SetYourFreeTextLabel" value="הכנסות"/>
					</include>
				</control>
			</control>

				
			<control type="group">
			<left>-600</left>
			<visible>false</visible>
			<include content="BusyListSpinner">
				<param name="list_id" value="99951"/>
				<param name="posy" value="240"/>
				<param name="posx" value="640"/>
				<param name="visible" value="![Container(9102).HasFocus(1) | Container(9102).HasFocus(2) | Container(9102).HasFocus(3) | Container(9102).HasFocus(4) | Container(9102).HasFocus(5)] + !Container(9103).IsUpdating"/>
			</include>
			<control type="grouplist" id="5009">
			<include>dialogvisible</include>
				<top>2%</top>
				<left>25%</left>
				<height max="650">650</height>
				<width max="350">350</width>
				<aligny>justify</aligny>
				<orientation>vertical</orientation>
				<include>SideRightAnimation</include>
				<animation type="Visible">
				<effect type="fade" end="100" time="250"/>
				</animation>
				<control type="group">
					<height>80</height>
					<include content="SetYourImage">
					<param name="diffuse" value="masks/circlebutton.png"/>
					<param name="id" value="99951"/>
					<param name="label" value="writer"/>
					<param name="SetYourFreeTextLabel" value="תסריטאי"/>
					</include>
				</control>
				<control type="group">
					<height>80</height>
					<include content="SetYourImage">
					<param name="diffuse" value="masks/circlebutton.png"/>
					<param name="id" value="99951"/>
					<param name="label" value="director"/>
					<param name="SetYourFreeTextLabel" value="במאי"/>
					</include>
				</control>
				<control type="group">
					<height>80</height>
					<include content="SetYourImage">
					<param name="diffuse" value="masks/circlebutton.png"/>
					<param name="id" value="99951"/>
					<param name="label" value="crew"/>
					<param name="SetYourFreeTextLabel" value="צוות"/>
					</include>
				</control>	
				<control type="group">
					<height>80</height>
					<include content="SetYourImage">
					<param name="diffuse" value="masks/circlebutton.png"/>
					<param name="id" value="99951"/>
					<param name="label" value="cast"/>
					<param name="SetYourFreeTextLabel" value="ליהוק"/>
					</include>
				</control>
			</control>
		</control>


			<control type="grouplist">
			<include>dialogvisible</include>
			<!-- <visible>![Container(9102).HasFocus(1) | Container(9102).HasFocus(2) | Container(9102).HasFocus(3) | Container(9102).HasFocus(4) | Container(9102).HasFocus(5)] + !Container(9103).IsUpdating</visible> -->
			<visible>false</visible>
				<top>2%</top>
				<left>37%</left>
				<height max="650">650</height>
				<width max="350">350</width>
				<aligny>justify</aligny>
				<orientation>vertical</orientation>
				<include>SideRightAnimation</include>
				<animation type="Visible">
				<effect type="fade" end="100" time="250"/>
				</animation>
				<control type="group">
					<height>80</height>
					<include content="SetYourImage2">
					<param name="icon" value="icons/trakttv.png"/>
					<param name="id" value="99951"/>
					<param name="label" value="budget"/>
					<param name="SetYourFreeTextLabel" value="תקציב"/>
					</include>
				</control>
				<control type="group">
					<height>80</height>
					<include content="SetYourImage2">
					<param name="icon" value="icons/list.png"/>
					<param name="id" value="99951"/>
					<param name="label2" value="$INFO[ListItem.Studio]"/>
					<param name="setlabelvisibe" value="false"/>
					<param name="SetYourFreeTextLabel" value="רשת"/>
					</include>
				</control>
				<control type="group">
					<height>80</height>
					<include content="SetYourImage2">
					<param name="icon" value="icons/star.png"/>
					<param name="id" value="99951"/>
					<param name="label2" value="$INFO[ListItem.RatingAndVotes]"/>
					<param name="setlabelvisibe" value="false"/>
					<param name="SetYourFreeTextLabel" value="הצבעות"/>
					</include>
				</control>
				<control type="group">
					<height>80</height>
					<include content="SetYourImage2">
					<param name="icon" value="icons/recent.png"/>
					<param name="id" value="99951"/>
					<param name="label2" value="$INFO[ListItem.Premiered]"/>
					<param name="setlabelvisibe" value="false"/>
					<param name="SetYourFreeTextLabel" value="שוחרר"/>
					</include>
				</control>
			</control>
			
			<control type="grouplist">
			<include>dialogvisible</include>
			<!-- <visible>![Container(9102).HasFocus(1) | Container(9102).HasFocus(2) | Container(9102).HasFocus(3) | Container(9102).HasFocus(4) | Container(9102).HasFocus(5)] + !Container(9103).IsUpdating</visible> -->
			<visible>false</visible>
				<top>2%</top>
				<left>75%</left>
				<height max="650">650</height>
				<width max="350">350</width>
				<aligny>justify</aligny>
				<orientation>vertical</orientation>
				<include>SideRightAnimation</include>
				<animation type="Visible">
				<effect type="fade" end="100" time="250"/>
				</animation>
				<control type="group">
					<height>80</height>
					<include content="SetYourImage2">
					<param name="icon" value="masks/earth-americas.png"/>
					<param name="id" value="99951"/>
					<param name="label3" value="Country"/>
					<param name="setlabelvisibe" value="false"/>
					<param name="SetYourFreeTextLabel" value="מדינה"/>
					</include>
				</control>
				<control type="group">
					<height>80</height>
					<include content="SetYourImage2">
					<param name="icon" value="masks/language.png"/>
					<param name="id" value="99951"/>
					<param name="label3" value="Language"/>
					<param name="setlabelvisibe" value="false"/>
					<param name="SetYourFreeTextLabel" value="שפה"/>
					</include>
				</control>
				<control type="group">
					<height>80</height>
					<include content="SetYourImage2">
					<param name="icon" value="icons/coins.png"/>
					<param name="id" value="99951"/>
					<param name="label2" value="$INFO[ListItem.Property(Revenue)]"/>
					<param name="setlabelvisibe" value="false"/>
					<param name="SetYourFreeTextLabel" value="הכנסות"/>
					</include>
				</control>
			</control>		
		</control>		
		
	</include>
	
</includes>
