<?xml version="1.0" encoding="UTF-8"?>
<includes>
	
	
<include name="Osd_2">

<!-- based player bottom background -->
<control type="image">
	<top>200</top>
	<height>1200</height>
	<left>0</left>
	<right>0</right>
	<texture colordiffuse="$INFO[Skin.String(AdvancedPlayedColorBackGround)]">shadows/shadow_mask.png</texture>
	<include>PlayerOnMenuBackgroundDarker</include>
	<include>osdanimationsfromtoptobottom</include>
</control>

<!-- telemedia current image -->
<include content="SetCurrentPreviousNextImage">
<param name="top" value="Pad500"/>
<param name="height" value="450"/>
<param name="width" value="320"/>
<param name="visible" value="String.Contains(Player.FolderPath,telemedia) + $EXP[CurrentPlayerVisible]"/>
<param name="icon1" value="$INFO[Player.Icon]"/>
</include>

<!-- current movies none telemedia image -->
<include content="SetCurrentPreviousNextImage">
<param name="top" value="Pad500"/>
<param name="height" value="450"/>
<param name="width" value="320"/>
<param name="visible" value="!VideoPlayer.Content(episodes) + ![String.Contains(Player.FolderPath,telemedia) | String.Contains(Player.FolderPath,idanplus) | VideoPlayer.Content(livetv)] + $EXP[CurrentPlayerVisible]"/>
<param name="icon1" value="$INFO[VideoPlayer.Art(poster)]"/>
</include>


<!-- current movies none telemedia image -->
<include content="SetCurrentPreviousNextImage">
<param name="top" value="Pad500"/>
<param name="height" value="450"/>
<param name="width" value="320"/>
<param name="visible" value="String.Contains(Player.FolderPath,telemedia) + $EXP[CurrentPlayerVisible]"/>
<param name="icon1" value="$VAR[GetPlayerCurrentImage]"/>
</include>

<!-- next movies none telemedia image -->
<include content="SetCurrentPreviousNextImage">
<param name="top" value="Pad500"/>
<param name="height" value="450"/>
<param name="width" value="320"/>
<param name="visible" value="String.Contains(Player.FolderPath,telemedia) + String.IsEqual(Container(201).ListItem.Property(menu_id),next)"/>
<param name="icon1" value="$INFO[VideoPlayer.offset(1).Art(poster)]"/>
</include>

<!-- previous movies none telemedia image -->
<include content="SetCurrentPreviousNextImage">
<param name="top" value="Pad500"/>
<param name="height" value="450"/>
<param name="width" value="320"/>
<param name="visible" value="String.Contains(Player.FolderPath,telemedia) + String.IsEqual(Container(201).ListItem.Property(menu_id),previous)"/>
<param name="icon1" value="$INFO[VideoPlayer.offset(-1).Art(poster)]"/>
</include>

<!-- idanplus current played image -->
<include content="SetCurrentPreviousNextImage">
<param name="top" value="Pad700"/>
<param name="height" value="250"/>
<param name="width" value="450"/>
<param name="visible" value="String.Contains(Player.FolderPath,idanplus) + $EXP[CurrentPlayerVisible]"/>
<param name="icon1" value="$INFO[Player.Icon]"/>
</include>

<!-- next program live tv image -->
<include content="SetCurrentPreviousNextImage">
<param name="top" value="Pad700"/>
<param name="height" value="250"/>
<param name="width" value="450"/>
<param name="visible" value="VideoPlayer.Content(livetv) + String.IsEqual(Container(201).ListItem.Property(menu_id),next)"/>
<param name="icon1" value="$INFO[Player.Icon]"/>
</include>

<!-- idanplus live tv current played image -->
<include content="SetCurrentPreviousNextImage">
<param name="top" value="Pad700"/>
<param name="height" value="250"/>
<param name="width" value="450"/>
<param name="visible" value="VideoPlayer.Content(livetv) + $EXP[CurrentPlayerVisible]"/>
<param name="icon1" value="$INFO[VideoPlayer.Cover]"/>
</include>

<!-- idanplus next played image -->
<include content="SetCurrentPreviousNextImage">
<param name="top" value="Pad700"/>
<param name="height" value="250"/>
<param name="width" value="450"/>
<param name="visible" value="String.Contains(Player.FolderPath,idanplus) + String.IsEqual(Container(201).ListItem.Property(menu_id),next)"/>
<param name="icon1" value="$INFO[VideoPlayer.offset(1).Cover]"/>
</include>

<!-- idanplus previous played image -->
<include content="SetCurrentPreviousNextImage">
<param name="top" value="Pad700"/>
<param name="height" value="250"/>
<param name="width" value="450"/>
<param name="visible" value="String.Contains(Player.FolderPath,idanplus) + String.IsEqual(Container(201).ListItem.Property(menu_id),previous)"/>
<param name="icon1" value="$INFO[VideoPlayer.offset(-1).Cover]"/>
</include>

<!-- idanplus previous played image -->
<include content="SetCurrentPreviousNextImage">
<param name="top" value="Pad700"/>
<param name="height" value="250"/>
<param name="width" value="450"/>
<param name="visible" value="VideoPlayer.Content(episodes) + $EXP[CurrentPlayerVisible] + !String.IsEmpty(Window(home).Property(PlayerGetImage))"/>
<param name="icon1" value="$INFO[Window(home).Property(PlayerGetImage)]"/>
</include>

<!-- pvr bigposter -->
<include content="SetCurrentPreviousNextImage">
<param name="top" value="480"/>
<param name="height" value="450"/>
<param name="width" value="320"/>
<param name="visible" value="String.IsEqual(Container(201).ListItem.Property(menu_id),pvrchannels) + !String.IsEmpty(Container(5000).ListItem.Icon)"/>
<param name="icon1" value="$INFO[Container(5000).ListItem.Icon]"/>
</include>

<!-- castmembers bigposter -->
<include content="SetCurrentPreviousNextImage">
<param name="top" value="480"/>
<param name="height" value="450"/>
<param name="width" value="320"/>
<param name="visible" value="String.IsEqual(Container(201).ListItem.Property(menu_id),castmembers) + !String.IsEmpty(Container(5004).ListItem.Icon)"/>
<param name="icon1" value="$INFO[Container(5004).ListItem.Icon]"/>
</include>

<!-- similar bigposter -->
<include content="SetCurrentPreviousNextImage">
<param name="top" value="480"/>
<param name="height" value="450"/>
<param name="width" value="320"/>
<param name="visible" value="String.IsEqual(Container(201).ListItem.Property(menu_id),similarmoviesorshows) + !String.IsEmpty(Container(5002).ListItem.Icon)"/>
<param name="icon1" value="$INFO[Container(5002).ListItem.Icon]"/>
</include>

<!-- recommendetion bigposter -->
<include content="SetCurrentPreviousNextImage">
<param name="top" value="480"/>
<param name="height" value="450"/>
<param name="width" value="320"/>
<param name="visible" value="String.IsEqual(Container(201).ListItem.Property(menu_id),recommendedmoviesorshows) + !String.IsEmpty(Container(5003).ListItem.Icon)"/>
<param name="icon1" value="$INFO[Container(5003).ListItem.Icon]"/>
</include>

<!-- network bigposter -->
<include content="SetCurrentPreviousNextImage">
<param name="top" value="480"/>
<param name="height" value="450"/>
<param name="width" value="320"/>
<param name="visible" value="String.IsEqual(Container(201).ListItem.Property(menu_id),playernetworksimilar) + !String.IsEmpty(Container(5005).ListItem.Icon)"/>
<param name="icon1" value="$INFO[Container(5005).ListItem.Icon]"/>
</include>


<!-- INFORMATION FOR CURRENT NEXT PREVIOUS EPISODES IDANPLUS -->
<control type="group">
<top>Pad700</top>
<visible>String.Contains(Player.Folderpath,idanplus) | VideoPlayer.Content(episodes)</visible>
<include content="InsideSide">
<param name="pad" value="Pad10"/>
</include>
<!-- CurrentPlayed Info -->
<include content="SetCurrentPreviousNextContent">
<param name="width" value="450"/>
<param name="height" value="250"/>
<param name="top" value="Pad0"/>
<param name="bottom" value="Pad10"/>
<param name="left" value="Pad10"/>
<param name="right" value="Pad0"/>
<param name="visible" value="!String.IsEmpty(VideoPlayer.Title) + $EXP[CurrentPlayerVisible]"/>
<param name="infoanimation" value="FromRightToLeftOpenCloseAnimation"/>
<param name="freetext" value="מתנגן כעת"/>
<param name="title" value="$VAR[GetPlayerCurrentTitle]"/>
<param name="genre" value="$VAR[GetPlayerCurrentGenre]"/>
<param name="plot" value="$VAR[GetPlayerCurrentPlot]"/>
<param name="infoleft" value="Pad480"/>
</include>

<!-- Previous Info -->
<include content="SetCurrentPreviousNextContent">
<param name="width" value="450"/>
<param name="height" value="250"/>
<param name="top" value="Pad0"/>
<param name="bottom" value="Pad10"/>
<param name="left" value="Pad10"/>
<param name="right" value="Pad0"/>
<param name="visible" value="Integer.IsGreater(Playlist.Length(video),2) + !String.IsEmpty(VideoPlayer.offset(-1).Title) + String.IsEqual(Container(201).ListItem.Property(menu_id),previous)"/>
<param name="freetext" value="הפרק הקודם"/>
<param name="infoanimation" value="FromRightToLeftOpenCloseAnimation"/>
<param name="title" value="$VAR[GetPlayerPreviousTitle]"/>
<param name="genre" value="$VAR[GetPlayerPreviousGenre]"/>
<param name="plot" value="$VAR[GetPlayerPreviousPlot]"/>
<param name="infoleft" value="Pad480"/>
</include>

<!-- Next Info -->
<include content="SetCurrentPreviousNextContent">
<param name="width" value="450"/>
<param name="height" value="250"/>
<param name="top" value="Pad0"/>
<param name="bottom" value="Pad10"/>
<param name="left" value="Pad10"/>
<param name="right" value="Pad0"/>
<param name="visible" value="Integer.IsGreater(Playlist.Length(video),2) + !String.IsEmpty(VideoPlayer.offset(1).Title) + String.IsEqual(Container(201).ListItem.Property(menu_id),next)"/>
<param name="freetext" value="הפרק הבא"/>
<param name="infoanimation" value="FromRightToLeftOpenCloseAnimation"/>
<param name="title" value="$VAR[GetPlayerNextTitle]"/>
<param name="genre" value="$VAR[GetPlayerNextGenre]"/>
<param name="plot" value="$VAR[GetPlayerNextPlot]"/>
<param name="infoleft" value="Pad480"/>
</include>
</control>

<!-- INFORMATION FOR CURRENT NEXT PREVIOUS MOVIES -->
<control type="group">
<top>Pad500</top>
<visible>String.Contains(Player.Folderpath,telemedia) | VideoPlayer.Content(movies)</visible>
<include content="InsideSide">
<param name="pad" value="Pad10"/>
</include>
<!-- CurrentPlayed Info -->
<include content="SetCurrentPreviousNextContent">
<param name="width" value="320"/>
<param name="height" value="450"/>
<param name="top" value="Pad0"/>
<param name="bottom" value="Pad10"/>
<param name="left" value="Pad10"/>
<param name="right" value="Pad0"/>
<param name="visible" value="!String.IsEmpty(VideoPlayer.Title) + $EXP[CurrentPlayerVisible]"/>
<param name="infoanimation" value="FromRightToLeftOpenCloseAnimation"/>
<param name="freetext" value="מתנגן כעת"/>
<param name="title" value="$VAR[GetPlayerCurrentTitle]"/>
<param name="genre" value="$VAR[GetPlayerCurrentGenre]"/>
<param name="plot" value="$VAR[GetPlayerCurrentPlot]"/>
<param name="infoleft" value="Pad360"/>
</include>

<!-- Previous Info -->
<include content="SetCurrentPreviousNextContent">
<param name="width" value="320"/>
<param name="height" value="450"/>
<param name="top" value="Pad0"/>
<param name="bottom" value="Pad10"/>
<param name="left" value="Pad10"/>
<param name="right" value="Pad0"/>
<param name="visible" value="Integer.IsGreater(Playlist.Length(video),2) + !String.IsEmpty(VideoPlayer.offset(-1).Title) + String.IsEqual(Container(201).ListItem.Property(menu_id),previous)"/>
<param name="freetext" value="הסרט הקודם"/>
<param name="infoanimation" value="FromRightToLeftOpenCloseAnimation"/>
<param name="title" value="$VAR[GetPlayerPreviousTitle]"/>
<param name="genre" value="$VAR[GetPlayerPreviousGenre]"/>
<param name="plot" value="$VAR[GetPlayerPreviousPlot]"/>
<param name="infoleft" value="Pad360"/>
</include>

<!-- Next Info -->
<include content="SetCurrentPreviousNextContent">
<param name="width" value="320"/>
<param name="height" value="450"/>
<param name="top" value="Pad0"/>
<param name="bottom" value="Pad10"/>
<param name="left" value="Pad10"/>
<param name="right" value="Pad0"/>
<param name="visible" value="Integer.IsGreater(Playlist.Length(video),2) + !String.IsEmpty(VideoPlayer.offset(1).Title) + String.IsEqual(Container(201).ListItem.Property(menu_id),next)"/>
<param name="freetext" value="הסרט הבא"/>
<param name="infoanimation" value="FromRightToLeftOpenCloseAnimation"/>
<param name="title" value="$VAR[GetPlayerNextTitle]"/>
<param name="genre" value="$VAR[GetPlayerNextGenre]"/>
<param name="plot" value="$VAR[GetPlayerNextPlot]"/>
<param name="infoleft" value="Pad360"/>
</include>
</control>

<!-- CURRENT IDANPLUS LIVETV INFORMATION -->
<control type="group">
<top>Pad500</top>
<visible>VideoPlayer.Content(livetv)</visible>
<include content="InsideSide">
<param name="pad" value="Pad10"/>
</include>
<!-- CurrentPlayed Info -->
<include content="SetCurrentPreviousNextContent">
<param name="width" value="320"/>
<param name="height" value="450"/>
<param name="top" value="Pad0"/>
<param name="bottom" value="Pad10"/>
<param name="left" value="Pad10"/>
<param name="right" value="Pad0"/>
<param name="visible" value="!String.IsEmpty(VideoPlayer.Title) + $EXP[CurrentPlayerVisible]"/>
<param name="infoanimation" value="FromRightToLeftOpenCloseAnimation"/>
<param name="freetext" value="מתנגן כעת"/>
<param name="title" value="$INFO[VideoPlayer.Title]"/>
<param name="genre" value="מתחיל $INFO[VideoPlayer.StartTime] - מסתיים $INFO[VideoPlayer.EndTime]"/>
<param name="plot" value="$INFO[VideoPlayer.Plot]"/>
<param name="infoleft" value="Pad480"/>
</include>

<!-- Next Info -->
<include content="SetCurrentPreviousNextContent">
<param name="width" value="320"/>
<param name="height" value="450"/>
<param name="top" value="Pad0"/>
<param name="bottom" value="Pad10"/>
<param name="left" value="Pad10"/>
<param name="right" value="Pad0"/>
<param name="visible" value="String.IsEqual(Container(201).ListItem.Property(menu_id),next)"/>
<param name="freetext" value="התוכנית הבאה"/>
<param name="infoanimation" value="FromRightToLeftOpenCloseAnimation"/>
<param name="title" value="$INFO[VideoPlayer.NextTitle]"/>
<param name="genre" value="מתחיל $INFO[VideoPlayer.NextStartTime] - מסתיים $INFO[VideoPlayer.NextEndTime]"/>
<param name="plot" value="$INFO[VideoPlayer.NextPlot]"/>
<param name="infoleft" value="Pad480"/>
</include>
</control>


<!-- PLAYER SLIDER -->
<include content="SetSlideOsdRange">
<param name="height" value="Pad15"/>
<param name="top" value="PadSlider"/>
<param name="bottom" value="Pad0"/>
<param naem="left" value="Pad10"/>
<param name="right" value="Pad10"/>
<param name="animation" value="osdanimationsbottom2top"/>
</include>

<!-- PVR CHANNELS -->
<include content="BasicPostersViews">
<param name="top" value="620"/>
<param name="left" value="360"/>
<param name="right" value="20"/>
<param name="focusposition" value="3"/>
<param name="movement" value="3"/>
<param name="list_id">5000</param>
<param name="animation">osdanimationsbottom2top</param>
<param name="onup">OnupGetInfoWidgetPlayerPVR</param>
<param name="visible" value="String.IsEqual(Container(201).ListItem.Property(menu_id),pvrchannels)"/>
<param name="content" value="pvr://channels/tv/*"/>
</include>

<!-- EPISODES SEASONS PLAYED -->
<include content="BasicFanartsViews">
<param name="top" value="680"/>
<param name="left" value="Pad20"/>
<param name="right" value="20"/>
<param name="focusposition" value="31"/>
<param name="movement" value="3"/>
<param name="list_id">5001</param>
<param name="onup">OnupGetInfoWidgetPlayerEpisode</param>
<param name="animation">osdanimationsbottom2top</param>
<param name="visible">String.IsEqual(Container(201).ListItem.Property(menu_id),episodesview)</param>
<param name="content">$INFO[Window(home).Property(PlayerFlatternSeasons)]</param>
</include>

<!-- SIMILAR MOVIES OR TVSHOWS WIDGET -->
<include content="BasicPostersViews">
<param name="top" value="620"/>
<param name="left" value="360"/>
<param name="right" value="20"/>
<param name="focusposition" value="3"/>
<param name="movement" value="3"/>
<param name="list_id">5002</param>
<param name="onup">OnupGetInfoWidgetPlayer</param>
<param name="onclick">GetEPisodesOfTvshowsOnckclick</param>
<param name="animation">osdanimationsbottom2top</param>
<param name="visible">String.IsEqual(Container(201).ListItem.Property(menu_id),similarmoviesorshows)</param>
<param name="content">$INFO[Window(home).Property(GetSimilarMoviesOrShows)]</param>
</include>


<!-- RECOMMENDETIONS MOVIES OR TVSHOWS WIDGET -->
<include content="BasicPostersViews">
<param name="top" value="620"/>
<param name="left" value="360"/>
<param name="right" value="20"/>
<param name="focusposition" value="3"/>
<param name="movement" value="3"/>
<param name="list_id">5003</param>
<param name="onup">OnupGetInfoWidgetPlayer</param>
<param name="onclick">GetEPisodesOfTvshowsOnckclick</param>
<param name="animation">osdanimationsbottom2top</param>
<param name="visible">String.IsEqual(Container(201).ListItem.Property(menu_id),recommendedmoviesorshows)</param>
<param name="content">$INFO[Window(home).Property(GetReccomendedMoviesOrShows)]</param>
</include>

<!-- GET CAST MEMBETS OF MOVIES OR TVHOSWS -->
<include content="BasicPostersViews">
<param name="top" value="620"/>
<param name="left" value="360"/>
<param name="right" value="20"/>
<param name="focusposition" value="3"/>
<param name="movement" value="3"/>
<param name="list_id">5004</param>
<param name="onclick">getcastmembrcontent</param>
<param name="onup">OnupGetInfoWidgetPlayerCAST</param>
<param name="animation">osdanimationsbottom2top</param>
<param name="visible">String.IsEqual(Container(201).ListItem.Property(menu_id),castmembers)</param>
<param name="content">$INFO[Window(home).Property(GetCastMembers)]</param>
</include>

<!-- GET NETWORK COMPANIES MOVIES OR TVSHOWS -->
<include content="BasicPostersViews">
<param name="top" value="620"/>
<param name="left" value="360"/>
<param name="right" value="20"/>
<param name="focusposition" value="3"/>
<param name="movement" value="3"/>
<param name="list_id">5005</param>
<param name="onup">OnupGetInfoWidgetPlayer</param>
<param name="onclick">GetEPisodesOfTvshowsOnckclick</param>
<param name="animation">osdanimationsbottom2top</param>
<param name="visible">String.IsEqual(Container(201).ListItem.Property(menu_id),playernetworksimilar)</param>
<param name="content">$INFO[Window(home).Property(GetPlayerNetworkWidget)]</param>
</include>

<!-- TVSHOW NEXT EPISODE TO PLAY -->
<!-- <include content="NextEPisodePlayed"> -->
<!-- <param name="list_id">5006</param> -->
<!-- <param name="visible">String.IsEqual(Container(201).ListItem.Property(menu_id),GetNextPlayedEpisode)</param> -->
<!-- <param name="content">plugin://plugin.video.themoviedb.helper?info=next_recommendation&amp;type=tv&amp;tmdb_id=$INFO[ListItem.UniqueID(tmdb)]&amp;season=$INFO[VideoPlayer.Season]&amp;episode=$INFO[VideoPlayer.Episode]</param> -->
<!-- </include> -->

<!-- PLAYER TIME ABOVE SILDER -->
<include>GetPlayerTime</include>

<!-- CLEAR LOGO FOR MOVIES AND TVSHOWS -->
<control type="image">
	<centerleft>15%</centerleft>
	<top>10</top>
	<width max="480">auto</width>
	<height>120</height>
	<aspectratio align="left">keep</aspectratio>
	<texture background="true">$INFO[Window(home).Property(PlayerGetClearLogo)]</texture>
	<animation effect="zoom" start="0,100" end="90" time="1000" delay="350" center="200,200" tween="back" easing="out" reversible="true">WindowOpen</animation>
	<animation effect="zoom" start="90" end="0,100" time="1000" delay="350" center="200,200" tween="back" easing="out" reversible="true">WindowClose</animation>
</control>

<!-- CURRENT ITEM PLAYED NETWORK ICON FOR TVSHOW OR MOVIES -->
<include content="GetIconImage">
<param name="visible">true</param>
<param name="bottom">940</param>
<param name="top">0</param>
<param name="left">1720</param>
<param name="right">0</param>
<param name="visible">true</param>
<param name="visibleframe">false</param>
<param name="animation">osdanimationsfromtoptobottom</param>
<param name="aspectratio">scale</param>
<param name="fallback">false</param>
<param name="image" value="$INFO[Window(home).Property(PlayingNetworkIconCompany)]"/>
</include>


<control type="label">
<align>right</align>
<right>Pad10</right>
<top>1025</top>
<label>$INFO[ListItem.Label]</label>
</control>

<!-- SEEK TIME PLAYER FORWADE -->
<control type="group">
<height>60</height>
<left>Pad10</left>
<right>Pad10</right>
<bottom>300</bottom>
<top>885</top>
<control type="label">
<left>Pad10</left>
<height>40</height>
<top>-40</top>
<align>left</align>
<label>העבר קדימה</label>
<font>font32_title</font>
</control>
<animation effect="fade" start="0" end="100" time="350">VisibleChange</animation>
<visible>String.IsEqual(Container(201).ListItem.Property(menu_id),TimeForwade)</visible>
<include>osdanimationsbottom2top</include>
<include>GeneralBasedBackGround</include>
<control type="list" id="8000">
<orientation>horizontal</orientation>
<onback>201</onback>
<onright>false</onright>
<onleft>false</onleft>
<scrolltime tween="cubic">550</scrolltime>
<itemlayout width="145">
<control type="group">
<width>180</width>
<control type="label">
<left>20</left>
<align>left</align>
<aligny>center</aligny>
<label>$INFO[ListItem.Label]</label>
</control>
</control>
</itemlayout>
<focusedlayout width="145">
<control type="group">
<width>180</width>
<control type="label">
<left>20</left>
<align>left</align>
<aligny>center</aligny>
<label>$INFO[ListItem.Label]</label>
<textcolor>deepskyblue</textcolor>
<visible>Control.HasFocus(8000)</visible>
</control>
<control type="label">
<left>20</left>
<align>left</align>
<aligny>center</aligny>
<label>$INFO[ListItem.Label]</label>
<textcolor>white</textcolor>
<visible>!Control.HasFocus(8000)</visible>
</control>
</control>
</focusedlayout>
<content>
<item>
<label>1 דקה</label>
<onclick>seek(60)</onclick>
</item>
<item>
<label>2 דקות</label>
<onclick>seek(120)</onclick>
</item>
<item>
<label>3 דקות</label>
<onclick>seek(180)</onclick>
</item>
<item>
<label>5 דקות</label>
<onclick>seek(300)</onclick>
</item>
<item>
<label>10 דקות</label>
<onclick>seek(600)</onclick>
</item>
<item>
<label>15 דקות</label>
<onclick>seek(900)</onclick>
</item>
<item>
<label>20 דקות</label>
<onclick>seek(1200)</onclick>
</item>
<item>
<label>25 דקות</label>
<onclick>seek(1500)</onclick>
</item>
<item>
<label>30 דקות</label>
<onclick>seek(1700)</onclick>
</item>
<item>
<label>35 דקות</label>
<onclick>seek(2000)</onclick>
</item>
<item>
<label>40 דקות</label>
<onclick>seek(2300)</onclick>
</item>
<item>
<label>45 דקות</label>
<onclick>seek(2600)</onclick>
</item>
<item>
<label>50 דקות</label>
<onclick>seek(2900)</onclick>
</item>
</content>
</control>
</control>



<!-- SEEK TIME PLAYER BACKWARDDS -->
<control type="group">
<height>60</height>
<left>Pad10</left>
<right>10</right>
<bottom>300</bottom>
<top>885</top>
<control type="label">
<left>Pad10</left>
<height>40</height>
<top>-40</top>
<align>left</align>
<label>העבר אחורה</label>
<font>font32_title</font>
</control>
<animation effect="fade" start="0" end="100" time="350">VisibleChange</animation>
<visible>String.IsEqual(Container(201).ListItem.Property(menu_id),TimeBackwards)</visible>
<include>osdanimationsbottom2top</include>
<include>GeneralBasedBackGround</include>
<control type="list" id="8001">
<orientation>horizontal</orientation>
<onright>false</onright>
<onleft>false</onleft>
<scrolltime tween="cubic">550</scrolltime>
<onback>201</onback>
<itemlayout width="145">
<control type="group">
<width>180</width>
<control type="label">
<left>20</left>
<align>left</align>
<aligny>center</aligny>
<label>$INFO[ListItem.Label]</label>
</control>
</control>
</itemlayout>
<focusedlayout width="145">
<control type="group">
<width>180</width>
<control type="label">
<left>20</left>
<align>left</align>
<aligny>center</aligny>
<label>$INFO[ListItem.Label]</label>
<textcolor>deepskyblue</textcolor>
<visible>Control.HasFocus(8001)</visible>
</control>
<control type="label">
<left>20</left>
<align>left</align>
<aligny>center</aligny>
<label>$INFO[ListItem.Label]</label>
<textcolor>white</textcolor>
<visible>!Control.HasFocus(8001)</visible>
</control>
</control>
</focusedlayout>
<content>
<item>
<label>1 דקה</label>
<onclick>seek(-60)</onclick>
</item>
<item>
<label>2 דקות</label>
<onclick>seek(-120)</onclick>
</item>
<item>
<label>3 דקות</label>
<onclick>seek(-180)</onclick>
</item>
<item>
<label>5 דקות</label>
<onclick>seek(-300)</onclick>
</item>
<item>
<label>10 דקות</label>
<onclick>seek(-600)</onclick>
</item>
<item>
<label>15 דקות</label>
<onclick>seek(-900)</onclick>
</item>
<item>
<label>20 דקות</label>
<onclick>seek(-1200)</onclick>
</item>
<item>
<label>25 דקות</label>
<onclick>seek(-1500)</onclick>
</item>
<item>
<label>30 דקות</label>
<onclick>seek(-1700)</onclick>
</item>
<item>
<label>35 דקות</label>
<onclick>seek(-2000)</onclick>
</item>
<item>
<label>40 דקות</label>
<onclick>seek(-2300)</onclick>
</item>
<item>
<label>45 דקות</label>
<onclick>seek(-2600)</onclick>
</item>
<item>
<label>50 דקות</label>
<onclick>seek(-2900)</onclick>
</item>
</content>
</control>
</control>

<!-- CHECK WIDGETS CONTENT STATUS -->
<include content="NoWidgetsContent">
<param name="left">600</param>
<param name="right">300</param>
<param name="widgetstatuslabel">אין מידע או תוכן עבור עידן פלוס</param>
<param name="visible">String.IsEqual(Container(201).ListItem.Property(menu_id),pvrchannels) + Integer.IsEqual(Container(5000).NumItems,0)</param>
</include>
<include content="NoWidgetsContent">
<param name="widgetstatuslabel">אין תוכן פרקים עבור סדרות</param>
<param name="visible">String.IsEqual(Container(201).ListItem.Property(menu_id),episodesview) + Integer.IsEqual(Container(5001).NumItems,0)</param>
</include>
<include content="NoWidgetsContent">
<param name="widgetstatuslabel">אין תוכן עבור שחקנים</param>
<param name="visible">String.IsEqual(Container(201).ListItem.Property(menu_id),castmembers) + Integer.IsEqual(Container(5004).NumItems,0)</param>
</include>
<include content="NoWidgetsContent">
<param name="left">600</param>
<param name="right">300</param>
<param name="widgetstatuslabel">אין תוכן דומה לסרטים או סדרות</param>
<param name="visible">String.IsEqual(Container(201).ListItem.Property(menu_id),similarmoviesorshows) + Integer.IsEqual(Container(5002).NumItems,0)</param>
</include>
<include content="NoWidgetsContent">
<param name="left">600</param>
<param name="right">300</param>
<param name="widgetstatuslabel">אין תוכן המלצות עבור סרטים וסדרות</param>
<param name="visible">String.IsEqual(Container(201).ListItem.Property(menu_id),recommendedmoviesorshows) + Integer.IsEqual(Container(5003).NumItems,0)</param>
</include>
<include content="NoWidgetsContent">
<param name="left">600</param>
<param name="right">300</param>
<param name="widgetstatuslabel">אין תוכן עבור סדרות מאותו הרשת</param>
<param name="visible">String.IsEqual(Container(201).ListItem.Property(menu_id),playernetworksimilar) + Integer.IsEqual(Container(5005).NumItems,0)</param>
</include>

<!-- CONFIGURE MAIN MENU PLAYER -->
<control type="group">
<include>osdanimationsbottom2top</include>
<control type="list" id="201">
<onup>SetFocus($INFO[Container(201).ListItem.Property(onup)])</onup>
<include content="MeinMenuPlayer">
<param name="left" value="Pad10"/>
<param naem="right" value="Pad10"/>
<param name="bottom" value="Pad10"/>
<param name="top" value="1025"/>
<param name="height" value="50"/>
</include>
<content>
<item>
	<property name="menu_id">previous</property>
	<icon>osd/fullscreen/buttons/previous.png</icon>
	<label>הקודם</label>
	<onclick>Playlist.PlayOffset(-1)</onclick>
	<visible>VideoPlayer.Hasprevious | !String.IsEmpty(VideoPlayer.offset(-1).Title)</visible>
	<visible>!VideoPlayer.Content(livetv)</visible>
</item>
	<item>
		<property name="menu_id">TimeBackwards</property>
		<property name="onup">$NUMBER[8001]</property>
		<icon>osd/fullscreen/buttons/rewind.png</icon>
		<onclick>Control.SetFocus(8001)</onclick>
		<visible>Player.SeekEnabled</visible>
		<label>העבר אחורה בזמן</label>
	</item>
<item>
	<property name="menu_id">current</property>
	<icon>osd/fullscreen/buttons/play.png</icon>
	<label>מתנגן כעת</label>
	<onclick>PlayerControl(play)</onclick>
	<visible>Player.Paused + !VideoPlayer.Content(livetv)</visible>
</item>
<item>
	<property name="menu_id">current</property>
	<icon>osd/fullscreen/buttons/pause.png</icon>
	<label>מתנגן כעת</label>
	<onclick>PlayerControl(play)</onclick>
	<visible>!Player.Paused + !VideoPlayer.Content(livetv)</visible>
	</item>
<item>
	<!-- <property name="menu_id">current</property> -->
	<icon>osd/fullscreen/buttons/stop.png</icon>
	<label>עצור</label>
	<onclick>playlist.clear</onclick>
	<onclick>PlayerControl(stop)</onclick>
</item>
<item>
	<property name="menu_id">videoinformation</property>
	<icon>osd/fullscreen/buttons/information.png</icon>
	<label>מידע מורחב</label>
	<onclick></onclick>
</item>
<item>
	<label>החלף מקור ניגון</label>
	<icon>icons/recent.png</icon>
	<onclick>ActivateWindow(1340)</onclick>
	<visible>VideoPlayer.Content(movies) | VideoPlayer.Content(episodes)</visible>
</item>
<item>
	<property name="menu_id">pvrchannels</property>
	<property name="onup">$NUMBER[5000]</property>
	<icon>osd/fullscreen/buttons/channels.png</icon>
	<onclick>Control.SetFocus(5000)</onclick>
	<label>ערוצי עידן פלוס</label>
</item>
<item>
	<property name="menu_id">episodesview</property>
	<property name="onup">$NUMBER[5001]</property>
	<icon>DefaultAddonPVRClient.png</icon>
	<onclick>Control.SetFocus(5001)</onclick>
	<visible>VideoPlayer.Content(episodes)</visible>
	<label>כל פרקי העונה</label>
</item>
<item>
	<property name="menu_id">castmembers</property>
	<property name="onup">$NUMBER[5004]</property>
	<icon>DefaultUser.png</icon>
	<onclick>Control.SetFocus(5004)</onclick>
	<visible>!VideoPlayer.Content(livetv)</visible>
	<visible>VideoPlayer.Content(movies) | VideoPlayer.Content(episodes)</visible>
	<label>שחקנים</label>
</item>
<item>
	<property name="menu_id">similarmoviesorshows</property>
	<property name="onup">$NUMBER[5002]</property>
	<icon>DefaultAddonVideo.png</icon>
	<onclick>Control.SetFocus(5002)</onclick>
	<visible>!VideoPlayer.Content(livetv)</visible>
	<visible>VideoPlayer.Content(movies) | VideoPlayer.Content(episodes)</visible>
	<label>סרטים או סדרות דומים</label>
</item>
<item>
	<property name="menu_id">recommendedmoviesorshows</property>
	<property name="onup">$NUMBER[5003]</property>
	<icon>DefaultDirector.png</icon>
	<onclick>Control.SetFocus(5003)</onclick>
	<visible>!VideoPlayer.Content(livetv)</visible>
	<visible>VideoPlayer.Content(movies) | VideoPlayer.Content(episodes)</visible>
	<label>סרטים או סדרות מומלצים</label>
</item>
<item>
	<property name="menu_id">playernetworksimilar</property>
	<property name="onup">$NUMBER[5005]</property>
	<icon>DefaultNetwork.png</icon>
	<onclick>Control.SetFocus(5005)</onclick>
	<visible>VideoPlayer.Content(movies) | VideoPlayer.Content(episodes)</visible>
	<label>סרטים או סדרות מאותו הרשת</label>
</item>
<item>
	<label>פלייליסט</label>
	<visible>!Integer.IsEqual(Playlist.Length(video),0)</visible>
	<icon>osd/fullscreen/buttons/playlist.png</icon>
	<onclick>Dialog.Close(videoosd)</onclick>
	<onclick>ActivateWindow(videoplaylist)</onclick>
</item>
<item>
	<label>הפעל או בטל כתוביות</label>
	<property name="subtitle">osd/fullscreen/buttons/teletext.png</property>
	<visible>VideoPlayer.HasSubtitles</visible>
	<onclick>ShowSubtitles</onclick>
</item>
<item id="1">
	<icon>osd/fullscreen/buttons/subs.png</icon>
	<label>חפש כתוביות</label>
	<onclick condition="Skin.HasSetting(darksubssubtitle)">RunScript(service.subtitles.All_Subs,sub_window_unpause)</onclick>
	<onclick condition="!Skin.HasSetting(darksubssubtitle)">ActivateWindow(SubtitleSearch)</onclick>
	<visible>!VideoPlayer.Content(LiveTV)</visible>
</item>
<item>
	<label>החלף אודיו שמע $INFO[VideoPlayer.AudioLanguage]</label>
	<icon>https://www.iconsdb.com/icons/preview/white/audio-xxl.png</icon>
	<onclick>AudioNextLanguage</onclick>
	<visible>!String.IsEmpty(VideoPlayer.AudioLanguage)</visible>
</item>
<item>
	<label>הגדרות אודיו</label>
	<icon>osd/fullscreen/buttons/audio.png</icon>
	<onclick>ActivateWindow(osdaudiosettings)</onclick>
	<label>הגדרות אודיו</label>
</item>
<item>
	<label>הגדרות וידאו</label>
	<icon>osd/fullscreen/buttons/settings.png</icon>
	<onclick>ActivateWindow(osdvideosettings)</onclick>
</item>
<item>
	<property name="menu_id">TimeForwade</property>
	<property name="onup">$NUMBER[8000]</property>
	<icon>osd/fullscreen/buttons/forward.png</icon>
	<onclick>Control.SetFocus(8000)</onclick>
	<visible>Player.SeekEnabled</visible>
	<label>העבר קדימה בזמן</label>
</item>
<item>
	<property name="menu_id">next</property>
	<icon>osd/fullscreen/buttons/next.png</icon>
	<label>הבא בתור לניגון</label>
	<onclick>Action(SkipNext)</onclick>
	<visible>VideoPlayer.HasNext | !String.IsEmpty(VideoPlayer.offset(1).Title)</visible>
</item>
</content>
</control>
</control>

<control type="group">
<top>880</top>
<left>Pad10</left>
<right>450</right>
<height>120</height>
<include>FromRightToLeftOpenCloseAnimation</include>
<animation effect="fade" start="0" end="100" time="350">VisibleChange</animation>
<visible>String.IsEqual(Container(201).ListItem.Property(menu_id),videoinformation)</visible>
<control type="grouplist">
<align>right</align>
<orientation>horizontal</orientation>
<itemgap>15</itemgap>
<include content="ExtraPlayerInformation">
<param name="label1">רזולוציה</param>
<param name="label2">$INFO[VideoPlayer.VideoResolution]</param>
<param name="visible">VideoResolution</param>
</include>
<include content="ExtraPlayerInformation">
<param name="label1">שפת אודיו</param>
<param name="label2">$INFO[VideoPlayer.AudioLanguage]</param>
<param name="visible">AudioLanguage</param>
</include>
<include content="ExtraPlayerInformation">
<param name="label1">שפת כתובית</param>
<param name="label2">$INFO[VideoPlayer.SubtitlesLanguage]</param>
<param name="visible">SubtitlesLanguage</param>
</include>
<include content="ExtraPlayerInformation">
<param name="label1">מקודד</param>
<param name="label2">$INFO[VideoPlayer.VideoCodec]</param>
<param name="visible">VideoCodec</param>
</include>
<include content="ExtraPlayerInformation">
<param name="label1">יחס וידאו</param>
<param name="label2">$INFO[VideoPlayer.VideoAspect]</param>
<param name="visible">VideoAspect</param>
</include>
</control>
</control>

<control type="grouplist">
<include>FromRightToLeftOpenCloseAnimation</include>
<animation effect="fade" start="0" end="100" time="350">VisibleChange</animation>
<visible>String.IsEqual(Container(201).ListItem.Property(menu_id),videoinformation)</visible>
<right>450</right>
<align>bottom</align>
<aligny>bottom</aligny>
<bottom>220</bottom>
<orientation>vertical</orientation>
<itemgap>15</itemgap>
<include content="ExtraPlayerInformationLabel">
<param name="label">מתנגן עכשיו: $INFO[VideoPlayer.Title] $INFO[VideoPlayer.Year,(,)]</param>
<param name="visible">!String.IsEmpty(VideoPlayer.Title)</param>
</include>
<include content="ExtraPlayerInformationLabel">
<param name="label">$INFO[VideoPlayer.TvShowTitle]</param>
<param name="visible">!String.IsEmpty(VideoPlayer.TvShowTitle) + VideoPlayer.Content(episodes)</param>
</include>
<include content="ExtraPlayerInformationLabel">
<param name="label">ז'אנר המתנגן: $INFO[VideoPlayer.Genre]</param>
<param name="visible">!String.IsEmpty(VideoPlayer.Genre)</param>
</include>
<include content="ExtraPlayerInformationLabel">
<param name="label">רשת המתנגן: $INFO[VideoPlayer.Studio]</param>
<param name="visible">!String.IsEmpty(VideoPlayer.Studio)</param>
</include>
<include content="ExtraPlayerInformationLabel">
<param name="label">שוחרר בתאריך: $INFO[VideoPlayer.Primiered]</param>
<param name="visible">!String.IsEmpty(VideoPlayer.Primiered)</param>
</include>
<include content="ExtraPlayerInformationLabel">
<param name="label">[COLOR burlywood]הסרט מדובב לעברית[/COLOR]</param>
<param name="visible">String.Contains(VideoPlayer.Plot,מדובב)</param>
</include>
<include content="ExtraPlayerInformationLabel">
<param name="label">$VAR[ReamainingTimeView]</param>
<param name="visible">!String.IsEmpty(Player.TimeRemaining)</param>
</include>
<include content="ExtraPlayerInformationLabel">
<param name="label">[COLOR red]אורך התוכן המתנגן:[/COLOR] $VAR[duratioOSD_fix]</param>
<param name="visible">!String.IsEmpty(VideoPlayer.Duration)</param>
</include>
</control>

<!-- CURRENT ITEM PLAYED NETWORK ICON FOR TVSHOW OR MOVIES -->
<include content="SetCurrentPreviousNextImage">
<param name="left">1490</param>
<param name="top" value="290"/>
<param name="height" value="650"/>
<param name="width" value="420"/>
<param name="visible" value="String.IsEqual(Container(201).ListItem.Property(menu_id),videoinformation)"/>
<param name="icon1" value="$VAR[GetImageAndIconPlayed]"/>
</include>

</include>
<!-- END INCLUDE -->



	<include name="SetCurrentPreviousNextImage">
	<param name="bottom" default="Pad10"/>
	<param name="left" default="Pad20"/>
	<param name="right" default="Pad10"/>
	<param name="iconanimation" default="FromLeftToRightOpenCloseAnimation"/>
	<definition>
	<control type="group">
	<top>$PARAM[top]</top>
	<bottom>$PARAM[bottom]</bottom>
	<right>$PARAM[right]</right>
	<left>$PARAM[left]</left>
	<width>$PARAM[width]</width>
	<height>$PARAM[height]</height>
	<visible>$PARAM[visible]</visible>
	<include>$PARAM[iconanimation]</include>
	<control type="image">
		<include content="InsideSide">
		<param name="pad" value="Pad0"/>
		</include>
		<texture border="16" colordiffuse="gray">masks/box21.png</texture>
	</control>
	<control type="image">
		<include content="InsideSide">
		<param name="pad" value="Pad2"/>
		</include>
		<texture border="16" colordiffuse="85181818">masks/box.png</texture>
	</control>
	<control type="image">
		<include content="InsideSide">
		<param name="pad" value="Pad5"/>
		</include>
		<texture>$PARAM[icon1]</texture>
	</control>
	</control>
	</definition>
	</include>


	<include name="SetCurrentPreviousNextContent">
	<control type="grouplist">
	<top>$PARAM[top]</top>
	<bottom>$PARAM[bottom]</bottom>
	<height>$PARAM[height]</height>
	<align>bottom</align>
	<orientation>vertical</orientation>
	<left>$PARAM[infoleft]</left>
	<include>$PARAM[infoanimation]</include>
	<visible>$PARAM[visible]</visible>
	<align>left</align>
	<control type="label">
		<align>left</align>
		<height max="45">auto</height>
		<label>$PARAM[freetext]</label>
		<textcolor>button_focus</textcolor>
		<font>font37</font>
	</control>
	<control type="label">
		<align>left</align>
		<height max="55">auto</height>
		<label>$PARAM[title]</label>
		<font>font45_title</font>
		<visible>!String.IsEmpty(VideoPlayer.Title)</visible>
	</control>
	<control type="label">
		<align>left</align>
		<height max="38">auto</height>
		<label>[COLOR deeppink]שם הפרק:[/COLOR] $INFO[VideoPlayer.Title] [COLOR red]•[/COLOR] [COLOR deeppink]עונה:[/COLOR] $INFO[VideoPlayer.Season,(,)] [COLOR red]•[/COLOR] [COLOR deeppink]פרק:[/COLOR] $INFO[VideoPlayer.Episode,(,)]</label>
		<visible>!String.IsEmpty(VideoPlayer.TvShowTitle) + VideoPlayer.Content(episodes)</visible>
	</control>
	<control type="label">
		<align>left</align>
		<height max="38">auto</height>
		<label>[I]$PARAM[genre][/I]</label>
		<textcolor>yellow</textcolor>
		<font>font12</font>
		<visible>!String.IsEmpty(VideoPlayer.Genre)</visible>
	</control>
	<control type="textbox">
		<align>left</align>
		<height max="160">auto</height>
		<label>$PARAM[plot]</label>
		<visible>!String.IsEmpty(VideoPlayer.Plot)</visible>
		<autoscroll fade="5000" time="5000" repeat="5000">true</autoscroll>
	</control>
	</control>
	</include>


	<include name="GetPlayerTime">
	<control type="group">
	<include>osdanimationsfromtoptobottom</include>
	<top>965</top>
	<left>Pad20</left>
	<right>Pad10</right>
	<height>50</height>
	<control type="label">
	<align>left</align>
	<font>font12</font>
	<label>אורך $INFO[Player.Duration]</label>
	</control>
	<control type="label">
	<align>center</align>
	<font>font12</font>
	<label>זמן שנותר $INFO[Player.TimeRemaining]</label>
	</control>
	<control type="label">
	<align>right</align>
	<font>font12</font>
	<label>זמן שמתנגן $INFO[Player.Time]</label>
	</control>
	</control>
	</include>

<include name="InsideSide">
<param name="left" default="$PARAM[pad]"/>
<param name="right" default="$PARAM[pad]"/>
<param name="top" default="$PARAM[pad]"/>
<param name="bottom" default="$PARAM[pad]"/>
<definition>
<left>$PARAM[pad]</left>
<right>$PARAM[pad]</right>
<top>$PARAM[pad]</top>
<bottom>$PARAM[pad]</bottom>
</definition>
</include>

<constant name="Pad0">0</constant>
<constant name="Pad2">2</constant>
<constant name="Pad5">5</constant>
<constant name="Pad10">10</constant>
<constant name="Pad15">15</constant>
<constant name="Pad20">20</constant>
<constant name="Pad350">350</constant>
<constant name="Pad360">360</constant>
<constant name="Pad480">480</constant>
<constant name="Pad500">500</constant>
<constant name="Pad700">700</constant>
<constant name="PadSlider">1000</constant>

<variable name="GetPlayerCurrentImage">
<value condition="!String.IsEmpty(VideoPlayer.Cover)">$INFO[VideoPlayer.Cover]</value>
<value condition="!String.IsEmpty(VideoPlayer.Art(poster)">$INFO[VideoPlayer.Art(poster)]</value>
</variable>

<variable name="GetPlayerCurrentTitle">
<value condition="VideoPlayer.Content(episodes)">$INFO[VideoPlayer.TvShowTitle] $INFO[VideoPlayer.Year, (,)]</value>
<value condition="!VideoPlayer.Content(episodes)">$INFO[VideoPlayer.Title] $INFO[VideoPlayer.Year, (,)]</value>
</variable>

<variable name="GetPlayerCurrentGenre">
<value condition="!String.IsEmpty(VideoPlayer.Genre)">$INFO[VideoPlayer.Genre]</value>
<value condition="!String.IsEmpty(Player.Genre)">$INFO[Player.Genre]</value>
</variable>

<variable name="GetPlayerCurrentPlot">
<value condition="!String.IsEmpty(VideoPlayer.Plot)">$INFO[VideoPlayer.Plot]</value>
<value condition="!String.IsEmpty(Player.Plot)">$INFO[Player.Plot]</value>
<value condition="!String.IsEmpty(VideoPlayer.PlotOutline)">$INFO[VideoPlayer.PlotOutline]</value>
</variable>


<!-- PREVIOUS INFO VARIABLE SET -->
<variable name="GetPlayerPreviousCoverIcon">
<value condition="!String.IsEmpty(VideoPlayer.offset(-1).Cover)">$INFO[VideoPlayer.offset(-1).Cover]</value>
<value condition="!String.IsEmpty(VideoPlayer.offset(-1).Icon)">$INFO[VideoPlayer.offset(-1).Icon]</value>
<value condition="!String.IsEmpty(Player.offset(-1).Icon)">$INFO[Player.offset(-1).Icon]</value>
</variable>

<variable name="GetPlayerPreviousTitle">
<value condition="!String.IsEmpty(VideoPlayer.offset(-1).Title)">$INFO[VideoPlayer.offset(-1).Title]</value>
<value condition="!String.IsEmpty(VideoPlayer.offset(-1).Label)">$INFO[VideoPlayer.offset(-1).Label]</value>
<value condition="!String.IsEmpty(Player.offset(-1).Title)">$INFO[Player.offset(-1).Title]</value>
</variable>

<variable name="GetPlayerPreviousGenre">
<value condition="!String.IsEmpty(VideoPlayer.offset(-1).Genre)">$INFO[VideoPlayer.offset(-1).Genre]</value>
<value condition="!String.IsEmpty(Player.offset(-1).Genre)">$INFO[Player.offset(-1).Genre]</value>
</variable>

<variable name="GetPlayerPreviousPlot">
<value condition="!String.IsEmpty(VideoPlayer.offset(-1).Plot)">$INFO[VideoPlayer.offset(-1).Plot]</value>
<value condition="!String.IsEmpty(Player.offset(-1).Plot)">$INFO[Player.offset(-1).Plot]</value>
<value condition="!String.IsEmpty(VideoPlayer.offset(-1).PlotOutline)">$INFO[VideoPlayer.offset(-1).PlotOutline]</value>
</variable>


<!-- NEXT INFO VARIABLE SET -->
<variable name="GetPlayerNextCoverIcon">
<value condition="!String.IsEmpty(VideoPlayer.offset(1).Cover)">$INFO[VideoPlayer.offset(1).Cover]</value>
<value condition="!String.IsEmpty(VideoPlayer.offset(1).Icon)">$INFO[VideoPlayer.offset(1).Icon]</value>
<value condition="!String.IsEmpty(Player.offset(1).Icon)">$INFO[Player.offset(1).Icon]</value>
</variable>

<variable name="GetPlayerNextTitle">
<value condition="!String.IsEmpty(VideoPlayer.offset(1).Title)">$INFO[VideoPlayer.offset(1).Title]</value>
<value condition="!String.IsEmpty(VideoPlayer.offset(1).Label)">$INFO[VideoPlayer.offset(1).Label]</value>
<value condition="!String.IsEmpty(Player.offset(1).Title)">$INFO[Player.offset(1).Title]</value>
</variable>

<variable name="GetPlayerNextGenre">
<value condition="!String.IsEmpty(VideoPlayer.offset(1).Genre)">$INFO[VideoPlayer.offset(1).Genre]</value>
<value condition="!String.IsEmpty(Player.offset(1).Genre)">$INFO[Player.offset(1).Genre]</value>
</variable>

<variable name="GetPlayerNextPlot">
<value condition="!String.IsEmpty(VideoPlayer.offset(1).Plot)">$INFO[VideoPlayer.offset(1).Plot]</value>
<value condition="!String.IsEmpty(Player.offset(1).Plot)">$INFO[Player.offset(1).Plot]</value>
<value condition="!String.IsEmpty(VideoPlayer.offset(1).PlotOutline)">$INFO[VideoPlayer.offset(1).PlotOutline]</value>
</variable>

<variable name="GetImageAndIconPlayed">
<value condition="VideoPlayer.Content(movies) | VideoPlayer.Content(episodes)">$INFO[Player.Art(poster)]</value>
<value condition="![VideoPlayer.Content(movies) + VideoPlayer.Content(episodes)]">$INFO[VideoPlayer.Cover]</value>
<value>$INFO[VideoPlayer.Cover]</value>
</variable>

<!-- SET VISIBILITY FOR CURRENT PLAYED CONTENT -->
<expression name="CurrentPlayerVisible">![String.IsEqual(Container(201).ListItem.Property(menu_id),previous) | String.IsEqual(Container(201).ListItem.Property(menu_id),next) | String.IsEqual(Container(201).ListItem.Property(menu_id),pvrchannels) | String.IsEqual(Container(201).ListItem.Property(menu_id),episodesview) |String.IsEqual(Container(201).ListItem.Property(menu_id),playernetworksimilar) | String.IsEqual(Container(201).ListItem.Property(menu_id),castmembers) | String.IsEqual(Container(201).ListItem.Property(menu_id),recommendedmoviesorshows) | String.IsEqual(Container(201).ListItem.Property(menu_id),similarmoviesorshows) | String.IsEqual(Container(201).ListItem.Property(menu_id),TimeForwade) | String.IsEqual(Container(201).ListItem.Property(menu_id),TimeBackwards) | String.IsEqual(Container(201).ListItem.Property(menu_id),videoinformation)]</expression>

<!-- ANIMATIONS FROM LEFT TO RIGHT -->
<include name="FromLeftToRightOpenCloseAnimation">
<animation type="WindowOpen">
<effect type="slide" start="-20,0" end="0,0" time="250" tween="sine" easing="inout"/>
<effect type="fade" start="0" end="100" time="250"/>
</animation>
<animation type="WindowClose">
<effect type="slide" start="0,0" end="-20,0" time="250" tween="sine" easing="inout"/>
<effect type="fade" start="100" end="0" time="250"/>
</animation>
</include>


<!-- ANIMATIONS FROM RIGHT TO LEFT -->
<include name="FromRightToLeftOpenCloseAnimation">
<animation type="WindowOpen">
<effect type="slide" start="20,0" end="0,0" time="250" tween="sine" easing="inout"/>
<effect type="fade" start="0" end="100" time="250"/>
</animation>
<animation type="WindowClose">
<effect type="slide" start="0,0" end="20,0" time="250" tween="sine" easing="inout"/>
<effect type="fade" start="100" end="0" time="250"/>
</animation>
</include>


<!-- MAIN MENU PLAYER -->
<include name="MeinMenuPlayer">
<top>$PARAM[top]</top>
<left>$PARAM[left]</left>
<right>$PARAM[right]</right>
<bottom>$PARAM[bottom]</bottom>
<height>$PARAM[height]</height>
<orientation>horizontal</orientation>
<itemlayout width="50" height="45">
<control type="group">
<width>45</width>
<control type="image">
<texture colordiffuse="45FFFFFF">common/circle2.png</texture>
<bordertexture colordiffuse="FF181818">common/circle2.png</bordertexture>
<bordersize>2</bordersize>
</control>
<control type="image">
	<left>10</left>
	<right>10</right>
	<bottom>10</bottom>
	<top>10</top>
	<texture>$INFO[ListItem.Icon]</texture>
</control>
<control type="image">
	<left>10</left>
	<right>10</right>
	<bottom>10</bottom>
	<top>10</top>
	<texture>$INFO[ListItem.Property(subtitle)]</texture>
	<colordiffuse>burlywood</colordiffuse>
	<visible>VideoPlayer.SubtitlesEnabled</visible>
</control>
<control type="image">
	<left>10</left>
	<right>10</right>
	<bottom>10</bottom>
	<top>10</top>
	<texture>$INFO[ListItem.Property(subtitle)]</texture>
	<colordiffuse>white</colordiffuse>
	<visible>!VideoPlayer.SubtitlesEnabled</visible>
</control>
</control>
</itemlayout>
<focusedlayout width="50" height="45">
<control type="group">
<width>45</width>
<control type="image">
<texture colordiffuse="45FFFFFF">common/circle2.png</texture>
<bordertexture colordiffuse="FF181818">common/circle2.png</bordertexture>
<bordersize>2</bordersize>
</control>
<control type="image">
<visible>Control.HasFocus(201)</visible>
<texture colordiffuse="button_focus">common/circle2.png</texture>
<bordertexture colordiffuse="FF181818">common/circle2.png</bordertexture>
<bordersize>2</bordersize>
</control>
<control type="image">
	<left>10</left>
	<right>10</right>
	<bottom>10</bottom>
	<top>10</top>
	<texture>$INFO[ListItem.Icon]</texture>
</control>
<control type="image">
	<left>10</left>
	<right>10</right>
	<bottom>10</bottom>
	<top>10</top>
	<texture>$INFO[ListItem.Property(subtitle)]</texture>
	<colordiffuse>deeppink</colordiffuse>
	<visible>VideoPlayer.SubtitlesEnabled</visible>
</control>
<control type="image">
	<left>10</left>
	<right>10</right>
	<bottom>10</bottom>
	<top>10</top>
	<texture>$INFO[ListItem.Property(subtitle)]</texture>
	<colordiffuse>white</colordiffuse>
	<visible>!VideoPlayer.SubtitlesEnabled</visible>
</control>
</control>
</focusedlayout>
</include>

<include name="ExtraPlayerInformation">
<control type="group">
<width>300</width>
<visible>!String.IsEmpty(VideoPlayer.$PARAM[visible]</visible>
<control type="image">
<width>150</width>
<height>60</height>
<texture>colors/white.png</texture>
<colordiffuse>15FFFFFF</colordiffuse>
</control>
<control type="image">
<left>150</left>
<width>150</width>
<height>60</height>
<texture>colors/white.png</texture>
<colordiffuse>25FFFFFF</colordiffuse>
</control>
<control type="label">
<width>150</width>
<height>60</height>
<align>center</align>
<aligny>center</aligny>
<label>$PARAM[label1]</label>
</control>
<control type="label">
<left>150</left>
<width>150</width>
<height>60</height>
<align>center</align>
<aligny>center</aligny>
<label>$PARAM[label2]</label>
</control>
</control>
</include>

<include name="ExtraPlayerInformationLabel">
<control type="group">
<visible>$PARAM[visible]</visible>
<height>50</height>
<control type="label">
<align>right</align>
<label>$PARAM[label]</label>
<font>font37</font>
</control>
</control>
</include>


</includes>
