<?xml version="1.0" encoding="UTF-8"?>
<includes>
	
<include name="DialogVideo1">

	<include>SetBackGroundImage</include>	
	<control type="list" id="99951">
		<top>15</top>
		<left>-1008</left>
		<width>1540</width>
		<height>500</height>
		<onup>8000</onup>
		<onback>8000</onback>
		<onleft>Control.SetFocus(98883)</onleft>
		<orientation>horizontal</orientation>
		<scrolltime tween="sine" easing="inout">350</scrolltime>
		<itemlayout />
		<focusedlayout />
			<content condition="Container.Content(movies)">plugin://plugin.video.themoviedb.helper?info=details&amp;detailed=true&amp;type=movie&amp;imdb_id=$INFO[ListItem.IMDBNumber]</content>
			<content condition="Container.Content(tvshows) | Container.Content(seasons) | Container.Content(episodes)">plugin://plugin.video.themoviedb.helper?info=details&amp;detailed=true&amp;type=tv&amp;imdb_id=$INFO[ListItem.IMDBNumber]</content>	
		</control>	
		<control type="list" id="99952">
		<top>15</top>
		<left>-1008</left>
		<width>1540</width>
		<height>500</height>
		<onup>8000</onup>
		<onback>8000</onback>
		<onleft>Control.SetFocus(98883)</onleft>
		<orientation>horizontal</orientation>
		<scrolltime tween="sine" easing="inout">350</scrolltime>
		<itemlayout />
		<focusedlayout />
			<content>plugin://plugin.video.themoviedb.helper/?info=details&amp;type=person&amp;query=$INFO[Container(50).ListItem.Title]</content>
		</control>
		
	<control type="group">
	<left>-60</left>
	<top>-30</top>
	<control type="group">
	<animation type="WindowOpen">
	<effect type="slide" start="-125,0" end="0" time="250" tween="sine" easing="inout"/>
	<effect type="fade" start="0" end="100" time="250" tween="sine" easing="inout"/>
	</animation>
	<animation type="WindowClose">
	<effect type="slide" start="0,0" end="-125,0" time="250" tween="sine" easing="inout"/>
	<effect type="fade" start="100" end="0" time="250" tween="sine" easing="inout"/>
	</animation>
	<centertop>55.5%</centertop>
	<centerleft>84.5%</centerleft>
	<width>480</width>
	<height>855</height>
	<control type="image">
		<left>1</left>
		<right>1</right>
		<top>1</top>
		<bottom>1</bottom>
		<texture border="5" colordiffuse="gray">masks/poster_w460_h680.png</texture>
	</control>
	<control type="image">
		<left>2</left>
		<right>2</right>
		<top>2</top>
		<bottom>2</bottom>
		<texture border="5" colordiffuse="98181818">masks/poster_w460_h680.png</texture>
		</control>
	</control>
	<control type="group">
	<animation type="WindowOpen">
	<effect type="slide" start="125,0" end="0" time="250" tween="sine" easing="inout"/>
	<effect type="fade" start="0" end="100" time="250" tween="sine" easing="inout"/>
	</animation>
	<animation type="WindowClose">
	<effect type="slide" start="0,0" end="125,0" time="250" tween="sine" easing="inout"/>
	<effect type="fade" start="100" end="0" time="250" tween="sine" easing="inout"/>
	</animation>
	<centertop>55.5%</centertop>
	<centerleft>48.5%</centerleft>
	<width>1680</width>
	<height>855</height>
	<control type="image">
		<left>1</left>
		<right>1</right>
		<top>1</top>
		<bottom>1</bottom>
		<texture colordiffuse="gray">masks/landscape_w1140_h680.png</texture>
	</control>
	<control type="image">
		<left>2</left>
		<right>2</right>
		<top>2</top>
		<bottom>2</bottom>
		<texture colordiffuse="FF181818">masks/landscape_w1140_h680.png</texture>
	</control>
	</control>

	<control type="group">
		<control type="group">
			<animation type="WindowOpen">
				<effect type="slide" start="0,-125" end="0" time="250" tween="sine" easing="inout"/>
				<effect type="fade" start="0" end="100" time="250" tween="sine" easing="inout"/>
			</animation>
			<animation type="WindowClose">
				<effect type="slide" start="0" end="0,-125" time="250" tween="sine" easing="inout"/>
			<effect type="fade" start="100" end="0" time="250" tween="sine" easing="inout"/>
			</animation>

			<control type="label">
				<left>16</left>
				<top>-105</top>
				<width>1920</width>
				<height>390</height>
				<align>center</align>
				<aligny>center</aligny>
				<font>font45_title</font>
				<label>$INFO[ListItem.Label]</label>
			</control>
			<control type="label">
				<left>16</left>
				<top>-55</top>
				<width>1920</width>
				<height>390</height>
				<align>center</align>
				<aligny>center</aligny>
				<font>font15</font>
				<label>$INFO[ListItem.Year]</label>
			</control>
		</control>
		<control type="group">
		<left>-100</left>
		<top>-25</top>
		<control type="group">
			<animation type="WindowOpen">
				<effect type="slide" start="-125" end="0" time="250" tween="sine" easing="inout"/>
				<effect type="fade" start="0" end="100" time="250" tween="sine" easing="inout"/>
			</animation>
			<animation type="WindowClose">
				<effect type="slide" start="0" end="-125" time="250" tween="sine" easing="inout"/>
			<effect type="fade" start="100" end="0" time="250" tween="sine" easing="inout"/>
			</animation>
		<left>30</left>
		<width>550</width>
			<control type="image">
				<top>0</top>
				<left>0</left>
				<width>100%</width>
				<height>100%</height>
				<texture>$INFO[Skin.String(SetHomeBackground)]</texture>
				<colordiffuse>$INFO[Skin.String(backgroundfade)]</colordiffuse>
			</control>
			<control type="image">
				<animation condition="true" effect="fade" end="5" time="0">Conditional</animation>
				<top>0</top>
				<left>0</left>
				<width>1920</width>
				<height>1080</height>
				<texture colordiffuse="FF181818">colors/white.png</texture>
			</control>
			<control type="image">
				<left>180</left>
				<top>200</top>
				<height>770</height>
				<width>470</width>
				<aspectratio>scale</aspectratio>
				<bordertexture border="21" infill="false">overlays/shadow.png</bordertexture>
				<bordersize>20</bordersize>
				<texture colordiffuse="FF181818">frame/osdfade.png</texture>
				<animation condition="true" effect="fade" end="50" time="0">Conditional</animation>
			</control>
			<control type="image">
				<top>205</top>
				<left>185</left>
				<width>460</width>
				<height>760</height>
				<aspectratio scalediffuse="false">scale</aspectratio>
				<bordertexture border="35" colordiffuse="black">masks/24-shadow.png</bordertexture>
				<bordersize>25.5</bordersize>
				<texture fallback="fallbacks/fallback1.jpg">$INFO[ListItem.Icon]</texture>
				<visible>Container.Content(tvshows) | Container.Content(seasons) | Container.Content(episodes)</visible>
				<visible>!Control.HasFocus(50)</visible>
				<animation effect="fade" start="0" end="100" time="250">VisibleChange</animation>
			</control>
			<control type="image">
				<top>205</top>
				<left>185</left>
				<width>460</width>
				<height>760</height>
				<aspectratio scalediffuse="false">scale</aspectratio>
				<bordertexture border="35" colordiffuse="black">masks/24-shadow.png</bordertexture>
				<bordersize>25.5</bordersize>
				<texture fallback="fallbacks/fallback1.jpg">$INFO[ListItem.Art(poster)]</texture>
				<visible>Container.Content(movies)</visible>
				<visible>!Control.HasFocus(50)</visible>
				<animation effect="fade" start="0" end="100" time="250">VisibleChange</animation>
			</control>
			<control type="image">
				<top>205</top>
				<left>185</left>
				<width>460</width>
				<height>760</height>
				<aspectratio scalediffuse="false">scale</aspectratio>
				<bordertexture border="35" colordiffuse="black">masks/24-shadow.png</bordertexture>
				<bordersize>25.5</bordersize>
				<texture fallback="fallbacks/fallback1.jpg">$INFO[Container(50).ListItem.Icon]</texture>
				<visible>Control.HasFocus(50)</visible>
				<animation effect="fade" start="0" end="100" time="250">VisibleChange</animation>
			</control>
		</control>
		
		
		<control type="group">
		<animation effect="fade" start="0" end="100" time="350" delay="350" tween="sine" easing="inout">VisibleChange</animation>
			<animation type="WindowOpen">
				<effect type="slide" start="0,125" end="0" time="250" tween="sine" easing="inout"/>
				<effect type="fade" start="0" end="100" time="250" tween="sine" easing="inout"/>
			</animation>
			<animation type="WindowClose">
				<effect type="slide" start="0" end="0,125" time="250" tween="sine" easing="inout"/>
			<effect type="fade" start="100" end="0" time="250" tween="sine" easing="inout"/>
			</animation>
				<left>210</left>
				<top>940</top>
				<height>140</height>
				<width>470</width>
				<control type="image">
				<aspectratio>scale</aspectratio>
				<bordertexture border="21" infill="false">overlays/shadow.png</bordertexture>
				<bordersize>20</bordersize>
				<texture colordiffuse="FF181818">frame/osdfade.png</texture>
				<animation condition="true" effect="fade" end="50" time="0">Conditional</animation>
			</control>
			<control type="image">
				<left>25</left>
				<top>35</top>
				<right>15</right>
				<height>75</height>
				<width>420</width>
				<texture fallback="fallbacks/Ghostfallback.png">$INFO[ListItem.Art(clearlogo)]</texture>
				<!-- <aspectratio aling="center" aligny="center" scalediffuse="false">keep</aspectratio> -->
				<visible>!Control.HasFocus(50)</visible>
				<animation effect="fade" start="0" end="100" time="250">VisibleChange</animation>
			</control>
			<control type="label">
				<left>20</left>
				<right>10</right>
				<height>140</height>
				<width>425</width>
				<align>center</align>
				<aligny>center</aligny>
				<font>font45_title</font>
				<label>$INFO[Container(50).ListItem.Label]</label>
				<visible>Control.HasFocus(50)</visible>
				<animation effect="fade" start="0" end="100" time="250">VisibleChange</animation>
			</control>
		</control>
			
		<control type="group">
			<animation type="WindowOpen">
				<effect type="slide" start="0,125" end="0" time="250" tween="sine" easing="inout"/>
				<effect type="fade" start="0" end="100" time="250" tween="sine" easing="inout"/>
			</animation>
			<animation type="WindowClose">
				<effect type="slide" start="0" end="0,125" time="250" tween="sine" easing="inout"/>
			<effect type="fade" start="100" end="0" time="250" tween="sine" easing="inout"/>
			</animation>
		<width>820</width>
		<height>480</height>
		<left>650</left>
		<top>600</top>
			<control type="image">
				<aspectratio>scale</aspectratio>
				<bordertexture border="21" infill="false">overlays/shadow.png</bordertexture>
				<bordersize>20</bordersize>
				<texture colordiffuse="FF181818">frame/osdfade.png</texture>
				<animation condition="true" effect="fade" end="50" time="0">Conditional</animation>
			</control>
			<control type="button" id="11123">
				<width>780</width>
				<height>410</height>
				<left>20</left>
				<top>20</top>
				<onback>112</onback>
				<onup>50</onup>
				<ondown>112</ondown>
				<onright>9500</onright>
				<visible allowhiddenfocus="true">Control.HasFocus(11123)</visible>
				<texturefocus colordiffuse="15FFFFFF">colors/white.png</texturefocus>
				<texturenofocus>-</texturenofocus>
				<onclick>-</onclick>
			</control>
			<control type="textbox">
				<autoscroll fade="5000" time="5000" repeat="5000">!Control.HasFocus(1134) | !Control.HasFocus(50)</autoscroll>
				<visible>!Control.HasFocus(50)</visible>
				<left>35</left>
				<top>35</top>
				<width>735</width>
				<height>385</height>
				<align>left</align>
				<aligny>center</aligny>
				<label>[CR][COLOR button_focus]מידע[/COLOR][CR]$INFO[ListItem.Plot]</label>
				<pagecontrol>1134</pagecontrol>
				<include>_FadeVisible</include>
			</control>
			<control type="textbox">
			<visible>Control.HasFocus(50)</visible>
				<autoscroll fade="5000" time="5000" repeat="5000">!Control.HasFocus(1134)</autoscroll>
				<left>35</left>
				<top>35</top>
				<width>735</width>
				<height>385</height>
				<align>left</align>
				<aligny>center</aligny>
				<label>$VAR[PersonDetailsInfo]</label>
				<pagecontrol>1134</pagecontrol>
				<include>_FadeVisible</include>
			</control>
			<control type="scrollbar" id="1134">
			<top>35</top>
			<left>785</left>
				<width>10</width>
				<height>385</height>
				<onback>112</onback>
				<orientation>vertical</orientation>
			</control>
			<control type="textbox">
			<visible>String.IsEmpty(ListItem.Plot)</visible>
				<left>30</left>
				<width>735</width>
				<height>375</height>
				<align>left</align>
				<font>font45</font>
				<aligny>center</aligny>
				<label>אין מידע זמין</label>
			</control>
		</control>
		
		<control type="group">
			<animation type="WindowOpen">
				<effect type="slide" start="0,-125" end="0" time="250" tween="sine" easing="inout"/>
				<effect type="fade" start="0" end="100" time="250" tween="sine" easing="inout"/>
			</animation>
			<animation type="WindowClose">
				<effect type="slide" start="0" end="0,-125" time="250" tween="sine" easing="inout"/>
				<effect type="fade" start="100" end="0" time="250" tween="sine" easing="inout"/>
			</animation>
			<top>200</top>
			<left>660</left>
			<height>420</height>
			<width>1220</width>
			<control type="image">
				<left>-10</left>
				<height>425</height>
				<width>1260</width>
				<aspectratio>scale</aspectratio>
				<bordertexture border="21" infill="false">overlays/shadow.png</bordertexture>
				<bordersize>20</bordersize>
				<texture colordiffuse="FF181818">frame/osdfade.png</texture>
				<animation condition="true" effect="fade" end="50" time="0">Conditional</animation>
			</control>
			<control type="group">
			<animation effect="fade" start="0" end="100" time="350" tween="sine">Visible</animation>
			<animation effect="fade" start="100" end="0" time="250">Hidden</animation>
			<control type="image">
			<visible>!String.IsEmpty(ListItem.Art(banner)) + Integer.IsEqual(Container(50).NumItems,0) + String.IsEqual(Container(112).ListItem.Property(info),actros)</visible>
			<left>-5</left>
			<top>5</top>
				<height>415</height>
				<width>1250</width>
				<bordertexture border="35" colordiffuse="black">masks/24-shadow.png</bordertexture>
				<bordersize>25.5</bordersize>
				<texture>$INFO[ListItem.Art(banner)]</texture>
			</control>
			<control type="image">
			<visible>String.IsEmpty(ListItem.Art(banner)) + Integer.IsEqual(Container(50).NumItems,0) + String.IsEqual(Container(112).ListItem.Property(info),actros)</visible>
			<left>-5</left>
			<top>5</top>
				<height>415</height>
				<width>1250</width>
				<bordertexture border="35" colordiffuse="black">masks/24-shadow.png</bordertexture>
				<bordersize>25.5</bordersize>
				<aspectratio scalediffuse="false" alingy="bottom" align="center">scale</aspectratio>
				<texture>$INFO[ListItem.Art(fanart)]</texture>
			</control>
			<control type="image">
			<visible>!String.IsEqual(Container(112).ListItem.Property(info),actros)</visible>
			<visible>String.IsEmpty(ListItem.Art(banner)</visible>
			<left>-5</left>
			<top>5</top>
				<height>415</height>
				<width>1250</width>
				<bordertexture border="35" colordiffuse="black">masks/24-shadow.png</bordertexture>
				<bordersize>25.5</bordersize>
				<aspectratio scalediffuse="false" alingy="bottom" align="center">scale</aspectratio>
				<texture>$INFO[ListItem.Art(fanart)]</texture>
			</control>
			<control type="image">
			<visible>!String.IsEmpty(ListItem.Art(banner)</visible>
			<visible>!String.IsEqual(Container(112).ListItem.Property(info),actros)</visible>
			<left>-5</left>
			<top>5</top>
				<height>415</height>
				<width>1250</width>
				<bordertexture border="35" colordiffuse="black">masks/24-shadow.png</bordertexture>
				<bordersize>25.5</bordersize>
				<texture>$INFO[ListItem.Art(banner)]</texture>
			</control>
			</control>
			<control type="group">
			<visible>String.IsEqual(Container(112).ListItem.Property(info),actros)</visible>
					<animation effect="fade" start="0" end="100" time="350" tween="sine">Visible</animation>
					<animation effect="fade" start="100" end="0" time="250">Hidden</animation>
					<include content="BusyListSpinner">
						<param name="list_id" value="50"/>
						<param name="top" value="125"/>
						<param name="left" value="550"/>
					</include>
					<control type="fixedlist" id="50">
					<left>0</left>
					<top>35</top>
					<onback>112</onback>
					<onclick condition="!Skin.HasSetting(actroswindow)">Dialog.Close(movieinformation)</onclick>
					<onclick condition="!Skin.HasSetting(actroswindow)">ActivateWindow(1316)</onclick>
					<onup condition="Skin.HasSetting(actroswindow)">Dialog.Close(movieinformation)</onup>
					<onup condition="Skin.HasSetting(actroswindow)">ActivateWindow(1316)</onup>
					<scrolltime tween="cubic">550</scrolltime>
					<movement>3</movement>
					<focusposition>0</focusposition>
					<orientation>horizontal</orientation>
					<itemlayout width="260" height="393">
					<control type="group">
						<include content="BigInfoWallMovieLayout">
						<param name="focused" value="false" />
						<param name="list_id" value="50" />
						</include>
					</control>
				</itemlayout>
				<focusedlayout width="260" height="393">
					<control type="group">
						<depth>DepthContentPopout</depth>
						<include content="BigInfoWallMovieLayout">
						<param name="focused" value="true" />
						<param name="list_id" value="50" />
						</include>
					</control>
					<control type="button">
						<width>1</width>
						<height>1</height>
						<label></label>
						<onfocus>SetProperty(moviesTMDB,plugin://plugin.video.themoviedb.helper/?info=stars_in_movies&amp;tmdb_type=person&amp;tmdb_id=$INFO[Container(50).ListItem.Property(tmdb_id)],home)</onfocus>
						<onfocus>SetProperty(tvshowsTMDB,plugin://plugin.video.themoviedb.helper/?info=stars_in_tvshows&amp;tmdb_type=person&amp;tmdb_id=$INFO[Container(50).ListItem.Property(tmdb_id)],home)</onfocus>
						<onfocus>SetProperty(imagesTMDB,plugin://plugin.video.themoviedb.helper/?info=images&amp;tmdb_type=person&amp;tmdb_id=$INFO[Container(50).ListItem.Property(tmdb_id)],home)</onfocus>
						<onfocus>SetProperty(crewinbothTMDB,plugin://plugin.video.themoviedb.helper/?info=crew_in_both&amp;tmdb_type=person&amp;tmdb_id=$INFO[Container(50).ListItem.Property(tmdb_id)],home)</onfocus>
						<onfocus>SetProperty(getimageTMDB,$INFO[Container(50).ListItem.Icon],home)</onfocus>
						<onfocus>SetProperty(getacrtornameTMDB,$INFO[Container(50).ListItem.Label],home)</onfocus>
					</control>
				</focusedlayout>
				<content>$VAR[_VarCastType]</content>
			</control>
			</control>
		</control>
				
		<control type="group">
			<animation type="WindowOpen">
				<effect type="slide" start="125" end="0" time="250" tween="sine" easing="inout"/>
				<effect type="fade" start="0" end="100" time="250" tween="sine" easing="inout"/>
			</animation>
			<animation type="WindowClose">
				<effect type="slide" start="0" end="125" time="250" tween="sine" easing="inout"/>
			<effect type="fade" start="100" end="0" time="250" tween="sine" easing="inout"/>
			</animation>
			<top>600</top>
			<left>1450</left>
			<height>420</height>
			<width>450</width>
			<control type="image">
				<left>-10</left>
				<height>480</height>
				<width>470</width>
				<aspectratio>scale</aspectratio>
				<bordertexture border="21" infill="false">overlays/shadow.png</bordertexture>
				<bordersize>20</bordersize>
				<texture colordiffuse="FF181818">frame/osdfade.png</texture>
				<animation condition="true" effect="fade" end="50" time="0">Conditional</animation>
			</control>
			<control type="grouplist" id="9500">
			<top>25</top>
			<left>15</left>
			<height>425</height>
			<onback>112</onback>
			<onup>false</onup>
			<ondown>false</ondown>
				<orientation>vertical</orientation>
				<itemgap>-7</itemgap>
				<aligny>justify</aligny>
				<align>left</align>
				
					<control type="button" id="120">
					<include>DialogVideoInfoButton</include>
					<visible>!String.IsEmpty(ListItem.RatingAndVotes)</visible>
						<label>$INFO[ListItem.RatingAndVotes] [COLOR button_focus]:הצבעות[/COLOR]</label>
					</control>

					<control type="button" id="121">
					<include>DialogVideoInfoButton</include>
					<visible>!String.IsEmpty(ListItem.Genre)</visible>
						<label>$INFO[ListItem.Genre] [COLOR button_focus]:ז'אנר[/COLOR]</label>
					</control>
					
					<control type="button" id="122">
					<include>DialogVideoInfoButton</include>
					<visible>!String.IsEmpty(ListItem.Property(budget)) + !String.StartsWith(ListItem.Property(budget),$0)</visible>
						<label>$INFO[ListItem.Property(budget)] [COLOR button_focus]:תקציב[/COLOR]</label>
					</control>
					
					<control type="button" id="162">
					<include>DialogVideoInfoButton</include>
					<visible>!String.IsEmpty(ListItem.Property(Revenue)) + !String.StartsWith(ListItem.Property(Revenue),$0)</visible>
						<label>$INFO[ListItem.Property(Revenue)] [COLOR button_focus]:הכנסה[/COLOR]</label>
					</control>

					<control type="button" id="123">
					<include>DialogVideoInfoButton</include>
					<visible>String.IsEqual(ListItem.DBTYPE,tvshow) | String.IsEqual(ListItem.DBTYPE,season) | String.IsEqual(ListItem.DBTYPE,episode)</visible>
						<label>$VAR[SetHebStatusDialogVideo] [COLOR button_focus]:מצב[/COLOR]</label>
					</control>
					
					<control type="button" id="124">
					<include>DialogVideoInfoButton</include>
					<visible>!String.IsEmpty(ListItem.Property(network)) + [String.IsEqual(ListItem.DBTYPE,tvshow) | String.IsEqual(ListItem.DBTYPE,season) | String.IsEqual(ListItem.DBTYPE,episode)]</visible>	
						<label>$INFO[ListItem.Property(network)] [COLOR button_focus]:רשת[/COLOR]</label>
					</control>
	
					<control type="button" id="125">
					<include>DialogVideoInfoButton</include>
					<visible>!String.IsEmpty(ListItem.Studio) + String.IsEqual(ListItem.DBTYPE,movie)</visible>
						<label>$INFO[ListItem.Studio] [COLOR button_focus]:רשת[/COLOR]</label>
					</control>
		
					<control type="button" id="126">
					<include>DialogVideoInfoButton</include>
					<visible>!String.IsEmpty(ListItem.TagLine)</visible>
						<label>$INFO[ListItem.TagLine] [COLOR button_focus]:סלוגן[/COLOR]</label>
					</control>

					<control type="button" id="227">
					<include>DialogVideoInfoButton</include>
					<visible>!String.IsEmpty(ListItem.Mpaa)</visible>
						<label>$INFO[ListItem.Mpaa] [COLOR button_focus]:גיל[/COLOR]</label>
					</control>
	
					<control type="button" id="128">
					<include>DialogVideoInfoButton</include>
					<visible>!String.IsEmpty(ListItem.Property(TotalSeasons)) + [String.IsEqual(ListItem.DBTYPE,tvshow) | String.IsEqual(ListItem.DBTYPE,season) | String.IsEqual(ListItem.DBTYPE,episode)]</visible>
						<label>$INFO[ListItem.Property(TotalSeasons)] [COLOR button_focus]:עונות[/COLOR]</label>
					</control>
					
					<control type="button" id="129">
					<include>DialogVideoInfoButton</include>
					<visible>!String.IsEmpty(ListItem.Property(TotalEpisodes)) + [String.IsEqual(ListItem.DBTYPE,tvshow) | String.IsEqual(ListItem.DBTYPE,season) | String.IsEqual(ListItem.DBTYPE,episode)]</visible>				
						<label>$INFO[ListItem.Property(TotalEpisodes)] [COLOR button_focus]:פרקים[/COLOR]</label>
					</control>

					<control type="button" id="130">
					<include>DialogVideoInfoButton</include>
					<visible>!String.IsEmpty(ListItem.Premiered)</visible>
						<label>$INFO[ListItem.Premiered] [COLOR button_focus]:שוחרר[/COLOR]</label>
					</control>
				
					<control type="button" id="131">
					<include>DialogVideoInfoButton</include>
					<visible>String.IsEqual(ListItem.DBTYPE,movie) + !Integer.IsEqual(ListItem.PercentPlayed,0)</visible>
						<label>$INFO[ListItem.PercentPlayed]% [COLOR button_focus]:נצפה[/COLOR]</label>
					</control>
					
					<control type="button" id="132">
					<include>DialogVideoInfoButton</include>
					<visible>String.IsEqual(ListItem.DBTYPE,movie) + !String.IsEqual(ListItem.Duration)</visible>
						<label>$INFO[System.Time] [COLOR button_focus]:מתחיל[/COLOR]</label>
					</control>
					
					<control type="button" id="133">
					<include>DialogVideoInfoButton</include>
					<visible>String.IsEqual(ListItem.DBTYPE,movie) + !String.IsEqual(ListItem.EndTimeResume)</visible>
						<label>$INFO[ListItem.EndTimeResume] [COLOR button_focus]:מסתיים[/COLOR]</label>
					</control>
					
					<control type="button" id="134">
					<include>DialogVideoInfoButton</include>
					<visible>String.IsEqual(ListItem.DBTYPE,movie) + !String.IsEqual(ListItem.Duration)</visible>
						<label>$INFO[ListItem.Duration] [COLOR button_focus]:אורך[/COLOR]</label>
					</control>
					
					<control type="button" id="135">
					<include>DialogVideoInfoButton</include>
						<label>$VAR[DBtypeLabel] [COLOR button_focus]:סוג[/COLOR]</label>
					</control>

					<control type="button" id="136">
					<include>DialogVideoInfoButton</include>
					<textoffsetx>25</textoffsetx>
					<visible>!String.IsEmpty(ListItem.Country)</visible>
						<label>$INFO[ListItem.Country] [COLOR button_focus]:מדינה[/COLOR]</label>
					</control>

					<control type="button" id="137">
					<include>DialogVideoInfoButton</include>
					<visible>!String.IsEmpty(ListItem.Director)</visible>
						<label>$INFO[ListItem.Director] [COLOR button_focus]:במאי[/COLOR]</label>
					</control>
					
					<control type="button" id="138">
					<include>DialogVideoInfoButton</include>
					<visible>!String.IsEmpty(ListItem.Writer)</visible>
						<label>$INFO[ListItem.Writer] [COLOR button_focus]:תסריטאי[/COLOR]</label>
					</control>
					
				</control>
			</control>
			
			<control type="group">
			<animation type="WindowOpen">
				<effect type="slide" start="0,125" end="0" time="250" tween="sine" easing="inout"/>
				<effect type="fade" start="0" end="100" time="250" tween="sine" easing="inout"/>
			</animation>
			<animation type="WindowClose">
				<effect type="slide" start="0" end="0,125" time="250" tween="sine" easing="inout"/>
			<effect type="fade" start="100" end="0" time="250" tween="sine" easing="inout"/>
			</animation>
			<left>675</left>
			<animation condition="String.IsEqual(Container(112).NumItems,6)" effect="slide" start="0,0" end="0,60" time="0">Conditional</animation>
			<control type="fixedlist" id="112">
				<top>215</top>
				<left>85%</left>
				<width>770</width>
				<height>1200</height>
				<align>center</align>
				<movement>7</movement>
				<onright>false</onright>
				<onleft>false</onleft>
				<focusposition>1</focusposition>
				<onleft>SetFocus($INFO[Container(112).ListItem.Property(menu_id)])</onleft>
				<scrolltime tween="cubic">550</scrolltime>
				<itemlayout width="220" height="115">
				<control type="image">
					<animation condition="true" effect="fade" start="100" end="10" time="250">Conditional</animation>
					<top>0</top>
					<left>0</left>
					<width>170</width>
					<height>170</height>
					<texture colordiffuse="gray">masks/circlebutton.png</texture>
				</control>
					<control type="label">
						<top>35</top>
						<left>35</left>
						<width>100</width>
						<height>100</height>
						<align>center</align>
						<aligny>center</aligny>
						<font>font_flag</font>
						<label>$INFO[ListItem.Label]</label>
					</control>
				</itemlayout>
				<focusedlayout width="220" height="115">
				<control type="image">
					<animation condition="true" effect="fade" start="100" end="10" time="250">Conditional</animation>
					<top>0</top>
					<left>0</left>
					<width>170</width>
					<height>170</height>
					<texture colordiffuse="gray">masks/circlebutton.png</texture>
				</control>
				<control type="image">
					<animation condition="!Control.HasFocus(112)" effect="fade" start="100" end="10" time="250">Conditional</animation>
					<top>0</top>
					<left>0</left>
					<width>170</width>
					<height>170</height>
					<bordertexture colordiffuse="white">masks/circlebutton.png</bordertexture>
					<bordersize>5</bordersize>
					<texture colordiffuse="gray">masks/circlebutton.png</texture>
				</control>
					<control type="label">
						<top>35</top>
						<left>35</left>
						<width>100</width>
						<height>100</height>
						<align>center</align>
						<aligny>center</aligny>
						<textcolor>black</textcolor>
						<font>font_flag</font>
						<label>$INFO[ListItem.Label]</label>
					</control>
					<!-- <control type="button"> -->
					<!-- <left>-1000</left> -->
					<!-- <top>-1000</top> -->
					<!-- <width>1</width> -->
					<!-- <height>1</height> -->
					<!-- <onunfocus condition="Player.HasVideo">PlayerControl(stop)</onunfocus> -->
					<!-- </control> -->
					</focusedlayout>
				<content>
				<item id="1">
					<visible>Player.HasMedia</visible>
					<label>עצור</label>
					<onclick>Stop</onclick>
				</item>
				<item id="3">
					<label>נגן</label>
					<onclick>Control.SetFocus(8110)</onclick>
					<visible>!String.Contains(Container.FolderPath,plugin.video.themoviedb.helper)</visible>
				</item>
				<item id="9">
					<label>שחקנים</label>
					<property name="info">actros</property>
					<onclick condition="!Container(50).IsUpdating)">Control.SetFocus(50,0,absolute)</onclick>
				</item>
				<item id="4">
					<visible>!Player.HasMedia</visible>
					<visible>!String.IsEmpty(ListItem.Trailer)</visible>
					<label>קדימון</label>
					<onclick>SetFocus(9104,0,absolute)</onclick>
					<onclick>PlayMedia($INFO[ListItem.Trailer],1)</onclick>
				</item>
				<item id="5">
					<label>מידע</label>
					<property name="menu_id">$NUMBER[9500]</property>
					<onclick>SetProperty(Text_Header,$ESCINFO[ListItem.Label],home)</onclick>
					<onclick>SetProperty(Text_HeaderGenre,$ESCINFO[ListItem.Genre],home)</onclick>
					<onclick>SetProperty(TextViewer_TextDialog,$ESCINFO[ListItem.Plot],home)</onclick>
					<onclick>ActivateWindow(1102)</onclick>
				</item>
				<item id="7">
					<label>דירוג</label>
					<onclick>SendClick(7)</onclick>
				</item>
				<item id="8">
					<label>פנארט</label>
					<onclick>SendClick(10)</onclick>
				</item>
				<item id="10">
				<label>הגדרות</label>
				<onclick>ActivateWindow(1317)</onclick>
				</item>
				</content>
			</control>
		</control>
		
	
			<control type="button" id="7">
				<visible>false</visible>
			</control>
			<control type="button" id="8">
				<visible>false</visible>
			</control>
			<control type="button" id="10">
				<visible>false</visible>
			</control>
			<control type="button" id="11">
				<visible>false</visible>
			</control>
		</control>
	
		<control type="group">
			<animation type="WindowOpen">
				<effect type="slide" start="125" end="0" time="250" tween="sine" easing="inout"/>
				<effect type="fade" start="0" end="100" time="250" tween="sine" easing="inout"/>
			</animation>
			<animation type="WindowClose">
				<effect type="slide" start="0" end="125" time="250" tween="sine" easing="inout"/>
			<effect type="fade" start="100" end="0" time="250" tween="sine" easing="inout"/>
			</animation>
		<include content="NextPreviousIndicatorID">
			<param name="indicator">HasNext</param>
			<param name="top">700</param>>
			<param name="left">1905</param>
			<param name="id">9500</param>
			<param name="flipy">false</param>
				<include content="NextPreviousIndicatorID">
					<param name="indicator">HasPrevious</param>
					<param name="top">700</param>>
					<param name="left">1905</param>
					<param name="id">9500</param>
					<param name="flipy">true</param>
				</include>
		</include>
		</control>
		</control>
	
	
			<control type="group">
			<left>-60</left>
			<top>163</top>
				<visible>Player.HasVideo | Control.HasFocus(9104)</visible>
				<animation condition="!Player.HasVideo" effect="fade" start="100" end="0" time="150">Conditional</animation>
				<animation condition="Player.HasVideo" effect="fade" start="0" end="100" time="550">Conditional</animation>
				<control type="group">
				<centertop>48%</centertop>
				<centerleft>82.5%</centerleft>
				<width>577</width>
				<height>855</height>
				<control type="image">
					<left>1</left>
					<right>1</right>
					<top>1</top>
					<bottom>1</bottom>
					<texture border="5" colordiffuse="gray">masks/poster_w460_h680.png</texture>
				</control>
				<control type="image">
					<left>2</left>
					<right>2</right>
					<top>2</top>
					<bottom>2</bottom>
					<texture border="5" colordiffuse="98181818">masks/poster_w460_h680.png</texture>
				</control>
				</control>
				<control type="group">
				<centertop>48%</centertop>
				<centerleft>50%</centerleft>
				<width>1680</width>
				<height>855</height>
				<control type="image">
					<left>1</left>
					<right>1</right>
					<top>1</top>
					<bottom>1</bottom>
					<texture colordiffuse="gray">masks/landscape_w1140_h680.png</texture>
				</control>
				<control type="image">
					<left>2</left>
					<right>2</right>
					<top>2</top>
					<bottom>2</bottom>
					<texture colordiffuse="FF181818">masks/landscape_w1140_h680.png</texture>
				</control>
				</control>
				<include content="SetHeaderLine">
					<param name="left" value="9.5%"/>
					<param name="top" value="4%"/>
					<param name="width" value="1655"/>
					<param name="height" value="75"/>
					<param name="header" value="[B]$INFO[ListItem.Label][/B][CR]$INFO[VideoPlayer.Title]"/>
				</include>
				<control type="group">
				<centertop>52%</centertop>
				<centerleft>50%</centerleft>
				<width>1675</width>
				<height>720</height>
				<control type="image">
					<left>1</left>
					<right>1</right>
					<top>1</top>
					<bottom>1</bottom>
					<texture colordiffuse="black">masks/landscape_w1140_h680.png</texture>
				</control>
				<control type="VideoWindow">
					<left>80</left>
					<top>10</top>
					<width>1500</width>
					<height>700</height>
					<depth>DepthBackground</depth>
					<aspectratio>keep</aspectratio>
				</control>
				</control>
		<control type="group">
		<centerleft>95.8%</centerleft>
		<centertop>55%</centertop>
		<width>250</width>
		<height>750</height>
			<control type="list" id="9104">
				<align>center</align>
				<onback>stop</onback>
				<onback>112</onback>
				<onleft>SetFocus($INFO[Container(9104).ListItem.Property(item)],0)</onleft>
				<scrolltime tween="cubic" easing="inout">500</scrolltime>
				<orientation>vertical</orientation>
				<itemlayout width="220" height="105">
				<control type="image">
					<animation condition="true" effect="fade" start="100" end="10" time="250">Conditional</animation>
					<top>0</top>
					<left>0</left>
					<width>170</width>
					<height>170</height>
					<texture colordiffuse="gray">masks/circlebutton.png</texture>
				</control>
					<control type="label">
						<top>35</top>
						<left>35</left>
						<width>100</width>
						<height>100</height>
						<align>center</align>
						<aligny>center</aligny>
						<font>font_flag</font>
						<label>$INFO[ListItem.Label]</label>
					</control>
				</itemlayout>
				<focusedlayout width="220" height="105">
				<control type="image">
					<animation condition="true" effect="fade" start="100" end="10" time="250">Conditional</animation>
					<top>0</top>
					<left>0</left>
					<width>170</width>
					<height>170</height>
					<texture colordiffuse="gray">masks/circlebutton.png</texture>
				</control>
				<control type="image">
					<animation condition="!Control.HasFocus(9104)" effect="fade" start="100" end="10" time="250">Conditional</animation>
					<top>0</top>
					<left>0</left>
					<width>170</width>
					<height>170</height>
					<bordertexture colordiffuse="white">masks/circlebutton.png</bordertexture>
					<bordersize>5</bordersize>
					<texture colordiffuse="gray">masks/circlebutton.png</texture>
				</control>
					<control type="label">
						<top>35</top>
						<left>35</left>
						<width>100</width>
						<height>100</height>
						<align>center</align>
						<aligny>center</aligny>
						<textcolor>black</textcolor>
						<font>font_flag</font>
						<label>$INFO[ListItem.Label]</label>
					</control>
					<!-- <control type="button"> -->
					<!-- <left>-1000</left> -->
					<!-- <top>-1000</top> -->
					<!-- <width>1</width> -->
					<!-- <height>1</height> -->
					<!-- <onunfocus condition="Player.HasVideo">PlayerControl(stop)</onunfocus> -->
					<!-- </control> -->
					</focusedlayout>
				<content>
				<item id="1">
					<label>קדימון</label>
					<onclick>PlayMedia($INFO[ListItem.Trailer],1)</onclick>
					<onclick>SetFocus(9104)</onclick>
					<property name="id">trailer</property>
					<visible>!Player.HasVideo</visible>
				</item>
				<item id="2">
					<visible>Player.HasMedia</visible>
					<label>עצור</label>
					<onclick>stop</onclick>
					<onclick>SetFocus(112)</onclick>
					<property name="id">stop</property>
				</item>
				<item id="3">
					<visible>String.IsEqual(ListItem.DBTYPE,movie) + !Player.Paused</visible>
					<label>השהה</label>
					<property name="id">play</property>
					<property name="click">sendclick</property>
					<onclick>PlayerControl(play)</onclick>
				</item>
				<item id="3">
					<visible>String.IsEqual(ListItem.DBTYPE,movie) + Player.Paused</visible>
					<label>נגן</label>
					<property name="id">play</property>
					<property name="click">sendclick</property>
					<onclick>PlayerControl(play)</onclick>
				</item>
				<item id="4">
					<visible>String.IsEqual(ListItem.DBTYPE,tvshow)</visible>
					<label>פתח</label>
					<onclick>SendClick(8)</onclick>
					<property name="id">open</property>
					<property name="click">sendclick</property>
				</item>
				<item id="6">
					<label>מידע</label>
					<!-- <onclick>Control.SetFocus(1112)</onclick> -->
					<property name="id">information</property>
					<property name="item">$NUMBER[9107]</property>
					<visible>String.IsEqual(ListItem.DBTYPE,movie) | Container.Content(movies) | Container.Content(tvshows) | Container.Content(seasons) | Container.Content(episodes)</visible>
				</item>
				<item id="7">
					<label>טריילרים</label>
					<!-- <onclick>Control.SetFocus(1112)</onclick> -->
					<property name="id">trailer</property>
					<property name="item">$NUMBER[9105]</property>
					<onclick>SetFocus(9105)</onclick>
					<visible>Container.Content(movies) | Container.Content(tvshows) | Container.Content(seasons) | Container.Content(episodes)</visible>
				</item>
				<item id="7">
					<label>שחקנים</label>
					<!-- <onclick>Control.SetFocus(1112)</onclick> -->
					<property name="id">actros</property>
					<property name="item">$NUMBER[9106]</property>
					<visible>Container.Content(movies) | Container.Content(tvshows) | Container.Content(seasons) | Container.Content(episodes)</visible>
					<onclick>SetFocus(9106)</onclick>
				</item>
				</content>
			</control>
			</control>
			</control>



	<control type="group">
	<width>500</width>
	<height>700</height>
	<centertop>58%</centertop>
	<centerleft>75%</centerleft>
	<animation type="Visible">
		<effect type="slide" start="50,0" end="0,0" time="250" tween="sine" easing="inout"/>
		<effect type="fade" start="0" end="100" time="250"/>
	</animation>
	<animation type="Hidden">
		<effect type="slide" start="0,0" end="50,0" time="250" tween="sine" easing="inout"/>
		<effect type="fade" start="100" end="0" time="250"/>
	</animation>
	<include content="BusyListSpinner">
		<param name="list_id" value="9105"/>
		<param name="top" value="350"/>
		<param name="left" value="250"/>
		<param name="visible" value="String.IsEqual(Container(9104).ListItem.Property(id),trailer) + Player.HasVideo"/>
	</include>
	<visible>String.IsEqual(Container(9104).ListItem.Property(id),trailer) + Player.HasVideo</visible>
	<visible>!ControlGroup(9102).HasFocus()</visible>
	<control type="group">
	<top>100</top>
	<animation condition="String.IsEqual(Container(9104).ListItem.Property(id),trailer) + Player.HasVideo" effect="slide" start="0" end="-600" time="450" tween="sine" easing="inout">Conditional</animation>
	<width>520</width>
	<height>520</height>
	<control type="image">
			<left>2</left>
			<right>2</right>
			<top>2</top>
			<bottom>2</bottom>
			<texture colordiffuse="gray">masks/square_w460_h460.png</texture>
		</control>
		<control type="image">
			<left>3</left>
			<right>3</right>
			<top>3</top>
			<bottom>3</bottom>
			<texture colordiffuse="FF181818">masks/square_w460_h460.png</texture>
		</control>
		<control type="image">
			<left>6</left>
			<right>6</right>
			<top>6</top>
			<bottom>6</bottom>
			<texture diffuse="masks/square_w460_h460.png">$INFO[VideoPlayer.Cover]</texture>
		</control>
		</control>
	<control type="group">
	<width>520</width>
	<height>720</height>
	<control type="image">
			<left>2</left>
			<right>2</right>
			<top>2</top>
			<bottom>2</bottom>
			<texture colordiffuse="gray">masks/poster_w460_h680.png</texture>
		</control>
		<control type="image">
			<left>3</left>
			<right>3</right>
			<top>3</top>
			<bottom>3</bottom>
			<texture colordiffuse="FF181818">masks/poster_w460_h680.png</texture>
		</control>
		</control>
		<control type="list" id="9105">
		<left>20</left>
		<top>20</top>
		<height>695</height>
		<onback>9104</onback>
		<onright>9104</onright>
		<onup>false</onup>
		<ondown>false</ondown>
		<scrolltime tween="cubic">550</scrolltime>
		<orientation>vertical</orientation>
		<itemlayout width="500" height="115">
			<control type="group">
			<height>100</height>
			<control type="image">
				<height>45</height>
				<width>45</width>
				<left>88.2%</left>
				<top>25</top>
				<bordertexture colordiffuse="white">masks/circlebutton.png</bordertexture>
				<bordersize>4</bordersize>
				<aspectratio>keep</aspectratio>
				<texture colordiffuse="FF181818">masks/circlebutton.png</texture>
			</control>

			<control type="image">
				<left>5</left>
				<top>5</top>
				<width>85</width>
				<height>85</height>
				<texture diffuse="masks/box.png">$INFO[ListItem.Icon]</texture>
			</control>
			<control type="textbox">
				<left>105</left>
				<width>300</width>
				<height>95</height>
				<aligny>center</aligny>
				<label>$INFO[ListItem.Label]</label>
			</control>
			</control>
		</itemlayout>
		<focusedlayout width="500" height="115">
			<control type="group">
			<height>100</height>
			<control type="image">
				<visible>Control.HasFocus(9105)</visible>
				<height>95</height>
				<texture colordiffuse="25FFFFFF">colors/white.png</texture>
			</control>
			<control type="image">
				<height>45</height>
				<width>45</width>
				<left>88.2%</left>
				<top>25</top>
				<bordertexture colordiffuse="white">masks/circlebutton.png</bordertexture>
				<bordersize>4</bordersize>
				<aspectratio>keep</aspectratio>
				<texture colordiffuse="FF181818">masks/circlebutton.png</texture>
			</control>
			<control type="image">
				<left>5</left>
				<top>5</top>
				<width>85</width>
				<height>85</height>
				<texture diffuse="masks/box.png">$INFO[ListItem.Icon]</texture>
			</control>
			<control type="textbox">
				<left>105</left>
				<height>95</height>
				<width>300</width>
				<aligny>center</aligny>
				<label>$INFO[ListItem.Label]</label>
			</control>
			</control>
		</focusedlayout>
		<content>$VAR[_VarCastTypeTrailers]</content>
		</control>
		</control>	
		
	<control type="group">
	<width>500</width>
	<height>700</height>
	<centertop>58%</centertop>
	<centerleft>75%</centerleft>
	<animation type="Visible">
		<effect type="slide" start="50,0" end="0,0" time="250" tween="sine" easing="inout"/>
		<effect type="fade" start="0" end="100" time="250"/>
	</animation>
	<animation type="Hidden">
		<effect type="slide" start="0,0" end="50,0" time="250" tween="sine" easing="inout"/>
		<effect type="fade" start="100" end="0" time="250"/>
	</animation>
	<include content="BusyListSpinner">
		<param name="list_id" value="9106"/>
		<param name="top" value="350"/>
		<param name="left" value="250"/>
		<param name="visible" value="String.IsEqual(Container(9104).ListItem.Property(id),actros) + Player.HasVideo"/>
	</include>
	<visible>String.IsEqual(Container(9104).ListItem.Property(id),actros) + Player.HasVideo</visible>
	<visible>!ControlGroup(9102).HasFocus()</visible>
	<control type="group">
	<top>100</top>
	<animation condition="String.IsEqual(Container(9104).ListItem.Property(id),actros) + Player.HasVideo" effect="slide" start="0" end="-485" time="450" tween="sine" easing="inout">Conditional</animation>
	<width>415</width>
	<height>520</height>
	<control type="image">
		<top>10</top>
		<left>10</left>
		<right>10</right>
		<bottom>10</bottom>
		<texture border="8" background="true" infill="false">masks/box21.png</texture>
	</control>
	<control type="image">
		<top>10</top>
		<left>10</left>
		<right>10</right>
		<bottom>10</bottom>
		<texture border="3" colordiffuse="95181818" background="true" infill="true">masks/box.png</texture>
	</control>
	<control type="image">
		<top>10</top>
		<left>10</left>
		<right>10</right>
		<bottom>10</bottom>
		<fadetime>250</fadetime>
		<bordertexture>common/rounded-shadow8.png</bordertexture>
		<bordersize>3</bordersize>
		<aspectratio scalediffuse="false">scale</aspectratio>
		<texture diffuse="diffuse/widgetsquare_new.png" background="true" infill="false">$INFO[Container(9106).ListItem.Icon]</texture>
	</control>	
	</control>
	<control type="group">
	<width>520</width>
	<height>720</height>
	<control type="image">
			<left>2</left>
			<right>2</right>
			<top>2</top>
			<bottom>2</bottom>
			<texture colordiffuse="gray">masks/poster_w460_h680.png</texture>
		</control>
		<control type="image">
			<left>3</left>
			<right>3</right>
			<top>3</top>
			<bottom>3</bottom>
			<texture colordiffuse="FF181818">masks/poster_w460_h680.png</texture>
		</control>
		</control>
		<control type="list" id="9106">
		<left>20</left>
		<top>20</top>
		<height>695</height>
		<onback>9104</onback>
		<onright>9104</onright>
		<onup>false</onup>
		<ondown>false</ondown>
		<scrolltime tween="cubic">550</scrolltime>
		<orientation>vertical</orientation>
		<itemlayout width="500" height="115">
			<control type="group">
			<height>100</height>
			<control type="image">
				<height>45</height>
				<width>45</width>
				<left>88.2%</left>
				<top>25</top>
				<bordertexture colordiffuse="white">masks/circlebutton.png</bordertexture>
				<bordersize>4</bordersize>
				<aspectratio>keep</aspectratio>
				<texture colordiffuse="FF181818">masks/circlebutton.png</texture>
			</control>
			<control type="image">
				<left>5</left>
				<top>5</top>
				<width>85</width>
				<height>85</height>
				<texture diffuse="masks/box.png">$INFO[ListItem.Icon]</texture>
			</control>
			<control type="textbox">
				<left>105</left>
				<width>300</width>
				<height>95</height>
				<aligny>center</aligny>
				<label>$INFO[ListItem.Label]</label>
			</control>
			</control>
		</itemlayout>
		<focusedlayout width="500" height="115">
			<control type="group">
			<height>100</height>
			<control type="image">
				<visible>Control.HasFocus(9106)</visible>
				<height>95</height>
				<texture colordiffuse="25FFFFFF">colors/white.png</texture>
			</control>
			<control type="image">
				<height>45</height>
				<width>45</width>
				<left>88.2%</left>
				<top>25</top>
				<bordertexture colordiffuse="white">masks/circlebutton.png</bordertexture>
				<bordersize>4</bordersize>
				<aspectratio>keep</aspectratio>
				<texture colordiffuse="FF181818">masks/circlebutton.png</texture>
			</control>
			<control type="image">
				<left>5</left>
				<top>5</top>
				<width>85</width>
				<height>85</height>
				<texture diffuse="masks/box.png">$INFO[ListItem.Icon]</texture>
			</control>
			<control type="textbox">
				<left>105</left>
				<height>95</height>
				<width>300</width>
				<aligny>center</aligny>
				<label>$INFO[ListItem.Label]</label>
			</control>
			</control>
		</focusedlayout>
		<content>$VAR[_VarCastType]</content>
		</control>
		</control>
		
		
	<control type="group">
	<width>500</width>
	<height>700</height>
	<centertop>58%</centertop>
	<centerleft>75%</centerleft>
	<animation type="Visible">
		<effect type="slide" start="50,0" end="0,0" time="250" tween="sine" easing="inout"/>
		<effect type="fade" start="0" end="100" time="250"/>
	</animation>
	<animation type="Hidden">
		<effect type="slide" start="0,0" end="50,0" time="250" tween="sine" easing="inout"/>
		<effect type="fade" start="100" end="0" time="250"/>
	</animation>
	<include content="BusyListSpinner">
		<param name="list_id" value="9107"/>
		<param name="top" value="350"/>
		<param name="left" value="250"/>
		<param name="visible" value="String.IsEqual(Container(9104).ListItem.Property(id),information) + Player.HasVideo"/>
	</include>
	<visible>String.IsEqual(Container(9104).ListItem.Property(id),information) + Player.HasVideo</visible>
	<visible>!ControlGroup(9102).HasFocus()</visible>
	<control type="group">
	<top>100</top>
	<animation condition="String.IsEqual(Container(9104).ListItem.Property(id),information) + Player.HasVideo" effect="slide" start="0" end="-500" time="450" tween="sine" easing="inout">Conditional</animation>
	<width>415</width>
	<height>520</height>
	<control type="image">
			<left>2</left>
			<right>2</right>
			<top>2</top>
			<bottom>2</bottom>
			<texture colordiffuse="gray">masks/square_w460_h460.png</texture>
		</control>
		<control type="image">
			<left>3</left>
			<right>3</right>
			<top>3</top>
			<bottom>3</bottom>
			<texture colordiffuse="FF181818">masks/square_w460_h460.png</texture>
		</control>
		<control type="image">
			<left>6</left>
			<right>6</right>
			<top>6</top>
			<bottom>6</bottom>
			<texture fallback="fallbacks/fallback1.jpg" diffuse="masks/square_w460_h460.png">$INFO[Container(9107).ListItem.Icon]</texture>
		</control>
		</control>
	<control type="group">
	<width>520</width>
	<height>720</height>
	<control type="image">
			<left>2</left>
			<right>2</right>
			<top>2</top>
			<bottom>2</bottom>
			<texture colordiffuse="gray">masks/poster_w460_h680.png</texture>
		</control>
		<control type="image">
			<left>3</left>
			<right>3</right>
			<top>3</top>
			<bottom>3</bottom>
			<texture colordiffuse="FF181818">masks/poster_w460_h680.png</texture>
		</control>
		</control>
		<control type="list" id="9107">
		<left>20</left>
		<top>20</top>
		<height>695</height>
		<onback>9104</onback>
		<onright>9104</onright>
		<onup>false</onup>
		<ondown>false</ondown>
		<scrolltime tween="cubic">550</scrolltime>
		<orientation>vertical</orientation>
		<itemlayout width="500" height="115">
			<control type="group">
			<height>100</height>
			<control type="image">
				<height>45</height>
				<width>45</width>
				<left>88.2%</left>
				<top>25</top>
				<bordertexture colordiffuse="white">masks/circlebutton.png</bordertexture>
				<bordersize>4</bordersize>
				<aspectratio>keep</aspectratio>
				<texture colordiffuse="FF181818">masks/circlebutton.png</texture>
			</control>
   			<control type="image">
			<animation effect="fade" start="0" end="100" time="350">Visible</animation>
				<width>90</width>
				<height>90</height>
				<bordertexture colordiffuse="white">common/circle2.png</bordertexture>
				<bordersize>4</bordersize>
				<texture fallback="DefaultActorSolid.png" diffuse="common/circle2.png">$INFO[ListItem.Icon]</texture>
			</control>
   			<control type="image">
			<animation effect="fade" start="0" end="100" time="350">Visible</animation>
				<width>90</width>
				<height>90</height>
				<bordertexture colordiffuse="white">common/circle2.png</bordertexture>
				<bordersize>4</bordersize>
				<texture colordiffuse="black">$INFO[ListItem.Property(seticon)]</texture>
			</control>
			<control type="label">
				<left>105</left>
				<width>300</width>
				<height>25</height>
				<font>font36_title</font>
				<label>$INFO[ListItem.Label]</label>
			</control>
			<control type="label">
				<top>45</top>
				<left>105</left>
				<width>300</width>
				<height>25</height>
				<label>$INFO[ListItem.Label2]</label>
			</control>
			</control>
		</itemlayout>
		<focusedlayout width="500" height="115">
			<control type="group">
			<height>100</height>
			<control type="image">
				<visible>Control.HasFocus(9107)</visible>
				<height>95</height>
				<texture colordiffuse="25FFFFFF">colors/white.png</texture>
			</control>
			<control type="image">
				<height>45</height>
				<width>45</width>
				<left>88.2%</left>
				<top>25</top>
				<bordertexture colordiffuse="white">masks/circlebutton.png</bordertexture>
				<bordersize>4</bordersize>
				<aspectratio>keep</aspectratio>
				<texture colordiffuse="FF181818">masks/circlebutton.png</texture>
			</control>
   			<control type="image">
			<animation effect="fade" start="0" end="100" time="350">Visible</animation>
				<width>90</width>
				<height>90</height>
				<bordertexture colordiffuse="white">common/circle2.png</bordertexture>
				<bordersize>4</bordersize>
				<texture fallback="DefaultActorSolid.png" diffuse="common/circle2.png">$INFO[ListItem.Icon]</texture>
			</control>
   			<control type="image">
			<animation effect="fade" start="0" end="100" time="350">Visible</animation>
				<width>90</width>
				<height>90</height>
				<bordertexture colordiffuse="white">common/circle2.png</bordertexture>
				<bordersize>4</bordersize>
				<texture colordiffuse="black">$INFO[ListItem.Property(seticon)]</texture>
			</control>
			<control type="label">
				<left>105</left>
				<width>300</width>
				<height>25</height>
				<font>font36_title</font>
				<label>$INFO[ListItem.Label]</label>
			</control>
			<control type="label">
				<top>45</top>
				<left>105</left>
				<width>300</width>
				<height>25</height>
				<label>$INFO[ListItem.Label2]</label>
			</control>
			</control>
		</focusedlayout>
		<content>
		<item id="1">
			<icon>$INFO[Container(99951).ListItem.Property(Studio.1.Icon)]</icon>
			<label>רשת</label>
			<label2>$INFO[Container(99951).ListItem.Property(Studio.1.Name)]</label2>
			<onclick>-</onclick>
			<visible>!String.IsEmpty(Container(99951).ListItem.Property(Studio.1.Name)</visible>
		</item>
		<item id="2">
			<icon>$INFO[Container(99951).ListItem.Property(Cast.1.Thumb)]</icon>
			<label>צוות</label>
			<label2>$INFO[Container(99951).ListItem.Property(Cast.1.Name)]</label2>
			<onclick>-</onclick>
			<visible>!String.IsEmpty(Container(99951).ListItem.Property(Cast.1.Name)</visible>
		</item>
		<item id="3">
			<icon>$INFO[Container(99951).ListItem.Property(Director.1.Thumb)]</icon>
			<label>במאי/ת</label>
			<label2>$INFO[Container(99951).ListItem.Property(Director.1.Name)]</label2>
			<onclick>-</onclick>
			<visible>!String.IsEmpty(Container(99951).ListItem.Property(Director.1.Name)</visible>
		</item>	
		<item id="4">
			<icon>$INFO[Container(99951).ListItem.Property(Writer.1.Thumb)]</icon>
			<label>כותב/ת</label>
			<label2>$INFO[Container(99951).ListItem.Property(Writer.1.Name)]</label2>
			<onclick>-</onclick>
			<visible>!String.IsEmpty(Container(99951).ListItem.Property(Writer.1.Name)</visible>
		</item>
		<item id="5">
			<property name="seticon">icons/trakttv.png</property>
			<icon>-</icon>
			<label>תקציב</label>
			<label2>$INFO[ListItem.Property(budget)]</label2>
			<onclick>-</onclick>
			<visible>!String.IsEmpty(ListItem.Property(budget)</visible>
		</item>
		<item id="6">
			<property name="seticon">masks/language.png</property>
			<icon>-</icon>
			<label>מדינה</label>
			<label2>$INFO[ListItem.Country]</label2>
			<onclick>-</onclick>
			<visible>!String.IsEmpty(ListItem.Country)</visible>
		</item>
		</content>
		</control>
		</control>
		
		
		
			<control type="group">
			<top>220</top>
            <centerleft>77%</centerleft>
            <width>466</width>
			<include>_FadeVisible</include>
			<visible allowhiddenfocus="true">ControlGroup(8110).HasFocus()</visible>
			<control type="group">
			<visible>Integer.IsEqual(Container(8110).NumItems,1)</visible>
			<include content="SizedBackGround">
				<param name="width">466</param>
				<param name="height">200</param>
			</include>
			</control>
			<control type="group">
			<visible>Integer.IsEqual(Container(8110).NumItems,2)</visible>
			<include content="SizedBackGround">
				<param name="width">466</param>
				<param name="height">200</param>
			</include>
			</control>
			<control type="group">
			<visible>Integer.IsEqual(Container(8110).NumItems,3)</visible>
			<include content="SizedBackGround">
				<param name="width">466</param>
				<param name="height">250</param>
			</include>
			</control>
			<control type="group">
			<visible>Integer.IsEqual(Container(8110).NumItems,4)</visible>
			<include content="SizedBackGround">
				<param name="width">466</param>
				<param name="height">300</param>
			</include>
			</control>
			<control type="group">
			<visible>Integer.IsEqual(Container(8110).NumItems,5)</visible>
			<include content="SizedBackGround">
				<param name="width">466</param>
				<param name="height">350</param>
			</include>
			</control>
			<control type="group">
			<visible>Integer.IsEqual(Container(8110).NumItems,6)</visible>
			<include content="SizedBackGround">
				<param name="width">466</param>
				<param name="height">400</param>
			</include>
			</control>	
			<control type="group">
			<visible>Integer.IsEqual(Container(8110).NumItems,7)</visible>
			<include content="SizedBackGround">
				<param name="width">466</param>
				<param name="height">450</param>
			</include>
			</control>	
			<control type="group">
			<visible>Integer.IsEqual(Container(8110).NumItems,8)</visible>
			<include content="SizedBackGround">
				<param name="width">466</param>
				<param name="height">500</param>
			</include>
			</control>
            <control type="group">
                <left>25</left>
                <top>5</top>
                <control type="label">
                    <description>Header Label</description>
                    <width>406</width>
                    <posy>0</posy>
					<align>center</align>
                    <include>FontTop</include>
                    <textcolor>Dark2</textcolor>
                    <label>בחר נגן</label>
                </control>
                <include>Kodi_Logo</include>
                <!-- Lines -->
                <control type="image">
                    <top>50</top>
                    <left>17</left>
                    <width>388</width>
                    <height>1</height>
                    <bottom>10</bottom>
                    <colordiffuse>Black12</colordiffuse>
                    <texture>common/white.png</texture>
                </control>
            </control>
			
			<control type="grouplist" id="8110">
			<top>80</top>
			<left>5</left>
			<width max="466">456</width>
			<orientation>vertical</orientation>
			<itemgap>5</itemgap>
			<onright>112</onright>
			<onback>112</onback>
			<control type="button" id="98">
				<height max="50">50</height>
				<label>Umbrella נגן פרק דרך</label>
				<align>left</align>
				<onclick>Dialog.Close(movieinformation)</onclick>
				<onclick>RunPlugin(plugin://plugin.video.umbrella/?action=play_Item&imdb=$INFO[ListItem.IMDBNumber]&tmdb=tmdb_id=$INFO[ListItem.UniqueID(tmdb)]&season=$INFO[ListItem.Season]&episode=$INFO[ListItem.Episode]&tvshowtitle=$INFO[ListItem.TvShowTitle]&select=0)</onclick>
				<texturefocus colordiffuse="button_focus">colors/white.png</texturefocus>
				<texturenofocus />		
				<visible>Container.Content(episodes)</visible>							
			</control>
			<control type="button" id="99">
				<height max="50">50</height>
				<label>Umbrella נגן סרט דרך</label>
				<align>left</align>
				<onclick>Dialog.Close(movieinformation)</onclick>
				<onclick>RunPlugin(plugin://plugin.video.umbrella/?action=play_Item&imdb=$INFO[ListItem.IMDBNumber])</onclick>
				<texturefocus colordiffuse="button_focus">colors/white.png</texturefocus>
				<texturenofocus />		
				<visible>Container.Content(movies)</visible>							
			</control>
			<control type="button" id="100">
				<height max="50">50</height>
				<label>Twilight נגן סרט דרך</label>
				<align>left</align>
				<onclick>RunPlugin(plugin://plugin.video.twilight/?mode=playback.media&media_type=movie&tmdb_id=$INFO[ListItem.UniqueID(tmdb)])</onclick>
				<texturefocus colordiffuse="button_focus">colors/white.png</texturefocus>
				<texturenofocus />	
				<visible>Container.Content(movies)</visible>				
			</control>
			<control type="button" id="101">
				<height max="50">50</height>
				<align>left</align>
				<label>Twilight נגן פרק דרך</label>
				<onclick>RunPlugin(plugin://plugin.video.twilight/?mode=playback.media&media_type=episode&tmdb_id=$INFO[ListItem.UniqueID(tmdb)]&season=$INFO[ListItem.Season]&episode=$INFO[ListItem.Episode]&autoplay=false)</onclick>
				<texturefocus colordiffuse="button_focus">colors/white.png</texturefocus>
				<texturenofocus />			
				<visible>Container.Content(episodes)</visible>
			</control>	
			<control type="button" id="102">
				<height max="50">50</height>
				<align>left</align>
				<label>Fenlight נגן סרט דרך</label>
				<onclick>RunPlugin(plugin://plugin.video.fenlight/?mode=playback.media&media_type=movie&tmdb_id=$INFO[ListItem.UniqueID(tmdb)])</onclick>
				<texturefocus colordiffuse="button_focus">colors/white.png</texturefocus>
				<texturenofocus />
				<visible>Container.Content(movies)</visible>				
			</control>	
			<control type="button" id="103">
				<height max="50">50</height>
				<align>left</align>
				<label>Fenlight נגן פרק דרך</label>
				<onclick>RunPlugin(plugin://plugin.video.fenlight/?mode=playback.media&media_type=episode&tmdb_id=$INFO[ListItem.UniqueID(tmdb)]&season=$INFO[ListItem.Season]&episode=$INFO[ListItem.Episode]&autoplay=false)</onclick>
				<texturefocus colordiffuse="button_focus">colors/white.png</texturefocus>
				<texturenofocus />		
				<visible>Container.Content(episodes)</visible>				
			</control>	

			</control>
			</control>
		</control>
</include>
	
</includes>
