<?xml version="1.0" encoding="UTF-8"?>
<includes>
	
<include name="OsdSubMenu">
		<control type="group">
		<include>Animation_BottomSlide</include>
		<visible allowhiddenfocus="true">Container($PARAM[listnumber]).HasFocus($PARAM[listiditemnumber]) | Control.HasFocus($PARAM[list_id])</visible>
		<left>$PARAM[left]</left>
		<width max="800">800</width>
		<control type="image">
			<top>0</top>
			<left>0</left>
			<height>100</height>
			<width max="435">435</width>
			<bordertexture border="2">masks/categorywidget-unfocused.png</bordertexture>
			<bordersize>2</bordersize>
			<texture border="21" colordiffuse="black">masks/categorywidget-unfocused.png</texture>
		</control>
			<animation type="Visible">
				<effect type="slide" start="0,25" end="0,0" time="250" tween="sine" easing="inout" reversible="false"/>
				<effect type="fade" start="0" end="100" time="250" delay="80"/>
			</animation>
			<animation type="Hidden">
				<effect type="slide" start="0,0" end="0,25" time="250" tween="sine" easing="inout" reversible="false"/>
				<effect type="fade" start="100" end="0" time="250" delay="80"/>
			</animation>
			<control type="grouplist" id="$PARAM[list_id]">
			<animation condition="ControlGroup($PARAM[list_id]).HasFocus()" effect="slide" start="0,0" end="0,-15" time="150" tween="cubic" easing="inout">Conditional</animation>			
					<top>27</top>
					<left>-185</left>
					<width max="800">800</width>
					<height>220</height>
					<itemgap>120</itemgap>
					<align>center</align>
					<onback>201</onback>
					<onright>false</onright>
					<ondown>201</ondown>
					<orientation>horizontal</orientation>
						<!-- <control type="button" id="124002"> -->
							<!-- <width>45</width> -->
							<!-- <height>45</height> -->
							<!-- <texturenofocus>https://www.iconsdb.com/icons/preview/white/redo-5-xxl.png</texturenofocus> -->
							<!-- <texturefocus colordiffuse="button_focus">https://www.iconsdb.com/icons/preview/white/redo-5-xxl.png</texturefocus> -->
							<!-- <disabledcolor>25FFFFFF</disabledcolor> -->
							<!-- <invalidcolor>25FFFFFF</invalidcolor> -->
							<!-- If current playing media is episode -->
							<!-- If season_number_for_next_episode_button AND episode_number_for_next_episode_button (from Twilight - player.py) are NOT 0 -->
							<!-- <visible>!String.IsEqual(VideoPlayer.UniqueID(season_number_for_next_episode_button), 0) + !String.IsEqual(VideoPlayer.UniqueID(episode_number_for_next_episode_button), 0)</visible> -->
							<!-- If video is unpaused - pause -->
							<!-- <onclick condition="!Player.Paused">PlayerControl(Play)</onclick> -->
							<!-- Rescrape and select source for next episode -->
							<!-- <onclick>RunPlugin(plugin://plugin.video.twilight/?mode=playback.media&media_type=episode&tmdb_id=$INFO[VideoPlayer.UniqueID(tmdb)]&season=$INFO[VideoPlayer.UniqueID(season_number_for_next_episode_button)]&episode=$INFO[VideoPlayer.UniqueID(episode_number_for_next_episode_button)]&autoplay=false)</onclick> -->
							<!-- <enable>VideoPlayer.Content(episodes)</enable> -->
							<!-- <animation condition="!VideoPlayer.Content(episodes)" effect="fade" start="100" end="45" time="0">Conditional</animation> -->
						<!-- </control> -->
						<control type="button" id="124003">
							<width>45</width>
							<height>45</height>
							<texturenofocus>https://www.iconsdb.com/icons/preview/white/arrow-242-xxl.png</texturenofocus>
							<texturefocus colordiffuse="button_focus">https://www.iconsdb.com/icons/preview/white/arrow-242-xxl.png</texturefocus>
							<onclick condition="!Player.Paused">PlayerControl(Play)</onclick>
							<!-- Open Twilight "Playback Options" window for current playing movie -->
							<onclick condition="VideoPlayer.Content(movies)">RunPlugin(plugin://plugin.video.twilight/?mode=playback_choice&media_type=movie&poster=$VAR[NowPlayingPosterVar]&meta=$INFO[VideoPlayer.IMDBNumber])</onclick>
							<!-- Open Twilight "Playback Options" window for current playing episode -->
							<onclick condition="VideoPlayer.Content(episodes)">RunPlugin(plugin://plugin.video.twilight//?mode=playback_choice&media_type=episode&poster=$VAR[NowPlayingPosterVar]&meta=$INFO[VideoPlayer.UniqueID(tmdb)]&season=$INFO[VideoPlayer.Season]&episode=$INFO[VideoPlayer.Episode])</onclick>												
							<disabledcolor>25FFFFFF</disabledcolor>
							<invalidcolor>25FFFFFF</invalidcolor>
							<enable>VideoPlayer.Content(movies) | VideoPlayer.Content(episodes)</enable>
							<animation condition="![VideoPlayer.Content(movies) | VideoPlayer.Content(episodes)]" effect="fade" start="100" end="45" time="0">Conditional</animation>
						</control>
						<!-- <control type="button" id="124004"> -->
							<!-- <width>45</width> -->
							<!-- <height>45</height> -->
							<!-- <texturenofocus>https://www.iconsdb.com/icons/preview/white/arrow-3-xxl.png</texturenofocus> -->
							<!-- <texturefocus colordiffuse="button_focus">https://www.iconsdb.com/icons/preview/white/arrow-3-xxl.png</texturefocus> -->
							<!-- <disabledcolor>25FFFFFF</disabledcolor> -->
							<!-- <invalidcolor>25FFFFFF</invalidcolor> -->
								<!-- If current playing media is episode -->
							<!-- If season_number_for_next_episode_button AND episode_number_for_next_episode_button (from Twilight - player.py) are NOT 0 -->
							<!-- <visible>!String.IsEqual(VideoPlayer.UniqueID(season_number_for_next_episode_button), 0) + !String.IsEqual(VideoPlayer.UniqueID(episode_number_for_next_episode_button), 0)</visible> -->
							<!-- If video is unpaused - pause -->
							<!-- <onclick condition="!Player.Paused">PlayerControl(Play)</onclick> -->
							<!-- Rescrape and select source for next episode -->
							<!-- <onclick>RunPlugin(plugin://plugin.video.twilight/?mode=playback.media&media_type=episode&tmdb_id=$INFO[VideoPlayer.UniqueID(tmdb)]&season=$INFO[VideoPlayer.UniqueID(season_number_for_next_episode_button)]&episode=$INFO[VideoPlayer.UniqueID(episode_number_for_next_episode_button)]&autoplay=true)</onclick> -->
							<!-- <enable>VideoPlayer.Content(episodes)</enable> -->
							<!-- <animation condition="!VideoPlayer.Content(episodes)" effect="fade" start="100" end="45" time="0">Conditional</animation> -->
						<!-- </control> -->
					</control>	
				</control>		
</include>

			<include name="OsdSubMneuLabelText">
				<control type="label">
				<left>170</left>
				<top>60</top>
				<width max="420">420</width>
				<height>50</height>
				<align>center</align>
				<font>font12</font>
				<label>$PARAM[label]</label>
				<visible>$PARAM[visible]</visible>
				<visible>ControlGroup(124001).HasFocus()</visible>
				</control>
			</include>

			<include name="OsdSubMenuGlobal">
			<param name="listtop" default="25"/>
			<definition>
			<control type="group" id="145049">
				<include>Animation_BottomSlide</include>
				<visible allowhiddenfocus="true">Container($PARAM[listitemid]).HasFocus($PARAM[listitemnumber]) | Control.HasFocus($PARAM[list_id])</visible>
				<height>300</height>
				<width max="350">350</width>
				<animation type="Visible">
					<effect type="slide" start="0,25" end="0,0" time="250" tween="sine" easing="inout" reversible="false"/>
					<effect type="fade" start="0" end="100" time="250" delay="80"/>
				</animation>
				<animation type="Hidden">
					<effect type="slide" start="0,0" end="0,25" time="250" tween="sine" easing="inout" reversible="false"/>
					<effect type="fade" start="100" end="0" time="250" delay="80"/>
				</animation>
				<control type="image">
					<top>0</top>
					<left>0</left>
					<right>0</right>
					<bottom>0</bottom>
					<texture border="3" colordiffuse="98000000" background="true" infill="true">common/box.png</texture>
				</control>
				<control type="image">
					<top>0</top>
					<left>0</left>
					<right>0</right>
					<bottom>0</bottom>
					<texture border="3" colordiffuse="98181818" background="true" infill="true">common/box.png</texture>
				</control>
				<control type="image">
					<top>0</top>
					<left>0</left>
					<right>0</right>
					<bottom>0</bottom>
					<texture border="8" colordiffuse="gray" background="true" infill="true">common/box21.png</texture>
				</control>
				<top>$PARAM[top]</top>
				<left>$PARAM[left]</left>
					<control type="list" id="$PARAM[list_id]">
					<height>250</height>
					<top>$PARAM[listtop]</top>
					<onup>false</onup>
					<ondown>false</ondown>
					<onback>201</onback>
					<onright>201</onright>
					<onleft>201</onleft>
						<scrolltime>350</scrolltime>
						<orientation>vertical</orientation>
						<itemlayout width="350" height="50">
							<control type="label">
								<height>50</height>
								<align>center</align>
								<aligny>center</aligny>
								<label>$INFO[ListItem.Label]</label>
							</control>
						</itemlayout>
						<focusedlayout width="350" height="50">
							<control type="image">
							<animation condition="true" effect="fade" end="50" time="0">Conditional</animation>
							<visible>Control.HasFocus($PARAM[list_id])</visible>
								<top>0</top>
								<left>0</left>
								<texture colordiffuse="$INFO[Skin.String(playerosdcolor)]">colors/white.png</texture>
							</control>
							<control type="label">
								<height>50</height>
								<align>center</align>
								<aligny>center</aligny>
								<label>$INFO[ListItem.Label]</label>
							</control>
						</focusedlayout>
						<content>
							<include>$PARAM[content]</include>
						</content>
					</control>
			</control>
		</definition>
	</include>
	
	
	<include name="SetChannels">
	<param name="visible" default="true"/>
	<param name="itemlayoutwidth" default="740"/>
	<param name="itemlayoutheight" default="280"/>
	<param name="grouptwidth" default="725"/>
	<param name="groupheight" default="$PARAM[itemlayoutheigh]"/>
	<definition>
		<control type="group">
		<animation effect="fade" start="0" end="100" time="300" delay="250">Visible</animation>
		<animation effect="fade" start="100" end="0" time="100">Hidden</animation>
		<include>Animation_BottomSlide</include>
		<visible>$PARAM[visible]</visible>
		<top>0</top>
		<left>0</left>		
			<include content="BusyListSpinner">
				<param name="list_id" value="$PARAM[id]"/>
				<param name="posy" value="180"/>
				<param name="posx" value="50"/>
			</include>
			<control type="fixedlist" id="$PARAM[id]">
				<top>50</top>
				<left>5</left>
				<orientation>horizontal</orientation>
				<scrolltime tween="cubic" easing="out">500</scrolltime>
				<onback>201</onback>
				<ondown>201</ondown>
				<onright>false</onright>
				<onleft>false</onleft>
				<onup>ClearProperty(osd_icon_viewer)</onup>
				<onup>ClearProperty(osd_title_viewer)</onup>
				<onup>ClearProperty(osd_genre_viewer)</onup>
				<onup>ClearProperty(osd_plot_viewer)</onup>
				<onup>ClearProperty(osd_episode_viewer)</onup>
				<onup>ClearProperty(osd_tvshowtitle_viewer)</onup>
				<onup>ClearProperty(osd_osdtimelivetv_viewer)</onup>
				<onup>SetProperty(osd_icon_viewer,$INFO[ListItem.Icon],home)</onup>
				<onup condition="!String.IsEmpty(ListItem.Season)">SetProperty(osd_episode_viewer,$INFO[ListItem.Season,עונה [COLOR burlywood](,)[/COLOR] ] - $INFO[ListItem.Episode, פרק [COLOR burlywood](,)[/COLOR] ],home)</onup>
				<onup>SetProperty(osd_title_viewer,$INFO[ListItem.Title],home)</onup>
				<onup>SetProperty(osd_genre_viewer,$INFO[ListItem.Genre],home)</onup>
				<onup>SetProperty(osd_plot_viewer,$ESCINFO[ListItem.Plot],home)</onup>
				<onup>SetProperty(osd_tvshowtitle_viewer,$ESCINFO[ListItem.TvShowTitle]$ESCINFO[ListItem.ChannelName],home)</onup>
				<onup condition="!String.IsEmpty(ListItem.EndTime)">SetProperty(osd_osdtimelivetv_viewer,$INFO[ListItem.StartTime,מתחיל [COLOR burlywood](,)[/COLOR] ] - $INFO[ListItem.EndTime, מסתיים [COLOR burlywood](,)[/COLOR] ],home)</onup>
				<onup>ActivateWindow(1202)</onup>
				<focusposition>0</focusposition>
				<movement>4</movement>
				<itemlayout width="$PARAM[itemlayoutwidth]" height="$PARAM[itemlayoutheight]">
					<control type="group">
					<width>$PARAM[grouptwidth]</width>
					<height>$PARAM[groupheight]</height>
						<control type="image">
							<animation condition="true" effect="fade" start="100" end="95" time="0">Conditional</animation>
							<top>10</top>
							<left>10</left>
							<right>10</right>
							<bottom>10</bottom>
							<texture border="3" colordiffuse="FF181818" background="true" infill="true">common/box.png</texture>
						</control>
						<control type="image">
							<top>10</top>
							<left>10</left>
							<right>10</right>
							<bottom>10</bottom>
							<texture border="8" colordiffuse="gray" background="true" infill="true">common/box21.png</texture>
						</control>
					<control type="image">
						<top>25</top>
						<bottom>10</bottom>
						<left>3%</left>
						<width>$PARAM[iconwidh]</width>
						<height>82%</height>
						<bordertexture colordiffuse="gray">masks/addons.png</bordertexture>
						<bordersize>2</bordersize>
						<include condition="$PARAM[orintationvisible]">aspectratiotrue</include>
						<texture diffuse="masks/addons.png">$INFO[ListItem.Icon]</texture>
					</control>
					<control type="image">
						<top>85%</top>
						<left>94.5%</left>
						<width>45</width>
						<height>45</height>
						<texture>overlays/watched/OverlayPlaying-List.png</texture>
						<visible>ListItem.IsPlaying</visible>
					</control>
					<control type="textbox">
						<top>21%</top>
						<bottom>75</bottom>
						<height>165</height>
						<left>$PARAM[infoleft]</left>
						<right>15</right>
						<align>left</align>
						<aligny>center</aligny>
						<textcolor>white</textcolor>
						<label>$VAR[OsdContentRightPlot]</label>
					</control>
					<control type="label">
						<top>3%</top>
						<bottom>0</bottom>
						<left>0</left>
						<right>3%</right>
						<align>right</align>
						<textcolor>white</textcolor>
						<font>font12</font>
						<label>$VAR[OsdContentRightLabel]</label>
					</control>
					</control>
				</itemlayout>
				<focusedlayout width="$PARAM[itemlayoutwidth]" height="$PARAM[itemlayoutheight]">
					<control type="group">
					<width>$PARAM[grouptwidth]</width>
					<height>$PARAM[groupheight]</height>
						<control type="image">
							<animation condition="true" effect="fade" start="100" end="95" time="0">Conditional</animation>
							<top>10</top>
							<left>10</left>
							<right>10</right>
							<bottom>10</bottom>
							<texture border="3" colordiffuse="FF181818" background="true" infill="true">common/box.png</texture>
						</control>
						<control type="image">
							<top>10</top>
							<left>10</left>
							<right>10</right>
							<bottom>10</bottom>
							<texture border="8" colordiffuse="gray" background="true" infill="true">common/box21.png</texture>
						</control>
						<control type="image">
						<visible>Control.HasFocus($PARAM[id])</visible>
						<include>Visible_Fade</include>
							<top>12</top>
							<left>12</left>
							<right>12</right>
							<bottom>12</bottom>
							<texture border="8" colordiffuse="15FFFFFF" background="true" infill="true">colors/white.png</texture>
						</control>
					<control type="image">
						<top>25</top>
						<bottom>10</bottom>
						<left>3%</left>
						<width>$PARAM[iconwidh]</width>
						<height>82%</height>
						<bordertexture colordiffuse="gray">masks/addons.png</bordertexture>
						<bordersize>2</bordersize>
						<include condition="$PARAM[orintationvisible]">aspectratiotrue</include>
						<texture diffuse="masks/addons.png">$INFO[ListItem.Icon]</texture>
					</control>
					<control type="image">
						<top>85%</top>
						<left>94.5%</left>
						<width>45</width>
						<height>45</height>
						<texture>overlays/watched/OverlayPlaying-List.png</texture>
						<visible>ListItem.IsPlaying</visible>
					</control>
					<control type="textbox">
						<top>21%</top>
						<bottom>75</bottom>
						<height>165</height>
						<left>$PARAM[infoleft]</left>
						<right>15</right>
						<align>left</align>
						<aligny>center</aligny>
						<textcolor>white</textcolor>
						<label>$VAR[OsdContentRightPlot]</label>
						<autoscroll fade="4000" time="4000" repeat="4000">Control.HasFocus($PARAM[id])</autoscroll>
					</control>
					<control type="label">
						<top>3%</top>
						<bottom>0</bottom>
						<left>0</left>
						<right>3%</right>
						<align>right</align>
						<textcolor>white</textcolor>
						<font>font12</font>
						<label>$VAR[OsdContentRightLabel]</label>
					</control>
					</control>
				</focusedlayout>
				<content>$PARAM[content]</content>
			</control>
		</control>
	</definition>
	</include>
</includes>
