<?xml version="1.0" encoding="UTF-8"?>
<includes>


<include name="GlobalRoundedMenu">
<control type="fixedlist" id="$PARAM[id]">
				<top>$PARAM[top]</top>
				<left>$PARAM[left]</left>
				<width>$PARAM[width]</width>
				<height>$PARAM[height]</height>
				<onback>112</onback>
				<onright>112</onright>
				<movement>7</movement>
				<onright>false</onright>
				<onleft>false</onleft>
				<focusposition>1</focusposition>
				<onleft>SetFocus($INFO[Container($PARAM[id]).ListItem.Property(item)])</onleft>
				<scrolltime tween="cubic">550</scrolltime>
				<itemlayout width="220" height="115">
				<control type="image">
					<animation condition="true" effect="fade" start="100" end="10" time="250">Conditional</animation>
					<top>0</top>
					<left>0</left>
					<width>170</width>
					<height>170</height>
					<texture colordiffuse="gray">masks/circlebutton.png</texture>
				</control>
					<control type="label">
						<top>35</top>
						<left>35</left>
						<width>100</width>
						<height>100</height>
						<align>center</align>
						<aligny>center</aligny>
						<font>font_flag</font>
						<label>$INFO[ListItem.Label]</label>
					</control>
				</itemlayout>
				<focusedlayout width="220" height="115">
				<control type="image">
					<animation condition="true" effect="fade" start="100" end="10" time="250">Conditional</animation>
					<top>0</top>
					<left>0</left>
					<width>170</width>
					<height>170</height>
					<texture colordiffuse="gray">masks/circlebutton.png</texture>
				</control>
				<control type="image">
					<animation condition="!Control.HasFocus($PARAM[id])" effect="fade" start="100" end="10" time="250">Conditional</animation>
					<top>0</top>
					<left>0</left>
					<width>170</width>
					<height>170</height>
					<bordertexture colordiffuse="white">masks/circlebutton.png</bordertexture>
					<bordersize>5</bordersize>
					<texture colordiffuse="gray">masks/circlebutton.png</texture>
					<visible>Control.HasFocus($PARAM[id])</visible>
				</control>
					<control type="label">
						<top>35</top>
						<left>35</left>
						<width>100</width>
						<height>100</height>
						<align>center</align>
						<aligny>center</aligny>
						<textcolor>black</textcolor>
						<font>font_flag</font>
						<label>$INFO[ListItem.Label]</label>
					</control>
					</focusedlayout>
				<content>
				<include>$PARAM[content]</include>
				</content>
			</control>
			<nested />
</include>


<include name="InfoPnaelDialogInformation">
<param name="onback">115</param>
<definition>
<include content="VideoInfoItemInformation">
	<param name="top">350</param>
	<param name="left">950</param>
	<param name="width">500</param>
	<param name="height">500</param>
	<param name="infotop">300</param>
	<param name="id">$PARAM[id]</param>
	<param name="visible">$PARAM[visible]</param>
</include>
<include content="BusyListSpinner">
	<param name="top">193</param>
	<param name="left">1380</param>
	<param name="list_id">$PARAM[id]</param>
</include>
<control type="list" id="$PARAM[id]">
<top>$PARAM[top]</top>
<left>$PARAM[left]</left>
<width>$PARAM[width]</width>
<height>$PARAM[height]</height>
<onback>$PARAM[onback]</onback>
<onright>$PARAM[onback]</onright>
<orientation>vertical</orientation>
<scrolltime tween="cubic">550</scrolltime>
<visible>$PARAM[visible]</visible>
<onleft>$PARAM[onleft]</onleft>
<onright>$PARAM[onright]</onright>
<itemlayout width="$PARAM[layoutwidth]" height="$PARAM[layoutheight]">
<control type="group">
<width>$PARAM[groupwidth]</width>
<height>$PARAM[groupheight]</height>
<control type="image">
<top>10</top>
<texture diffuse="masks/poster.png">$INFO[ListItem.Icon]</texture>
</control>
<control type="textbox">
<height>$PARAM[layoutheight]</height>
<left>105%</left>
<align>left</align>
<aligny>center</aligny>
<font>font10</font>
<width>$PARAM[layoutwidth]</width>
<label>[B]$INFO[ListItem.Year, (,)] $INFO[ListItem.Label][/B][CR][COLOR burlywood]$INFO[ListItem.Genre][/COLOR]</label>
</control>
</control>
</itemlayout>
<focusedlayout width="$PARAM[layoutwidth]" height="$PARAM[layoutheight]">
<control type="group">
<width>$PARAM[groupwidth]</width>
<height>$PARAM[groupheight]</height>
<control type="image">
<top>-5</top>
<width>$PARAM[focuswidth]</width>
<height>$PARAM[layoutheight]</height>
<texture colordiffuse="15FFFFFF">colors/white.png</texture>
<visible>Control.HasFocus($PARAM[id])</visible>
</control>
<control type="image">
<top>10</top>
<texture diffuse="masks/poster.png">$INFO[ListItem.Icon]</texture>
</control>
<control type="textbox">
<height>$PARAM[layoutheight]</height>
<left>105%</left>
<align>left</align>
<aligny>center</aligny>
<font>font10</font>
<width>$PARAM[layoutwidth]</width>
<label>[B]$INFO[ListItem.Year, (,)] $INFO[ListItem.Label][/B][CR][COLOR burlywood]$INFO[ListItem.Genre][/COLOR]</label>
</control>
</control>
</focusedlayout>
<content>$PARAM[content]</content>
</control>
<nested />
</definition>
</include>


		<include name="GlobalButtonsPlayerControls">
		<param name="onright" value="$PARAM[onright]" default="$PARAM[onright]"/>
		<param name="id" value="$PARAM[id]" default="$PARAM[id]"/>
		<param name="settings" value="$PARAM[settings]" default="$PARAM[settings]"/>
		<param name="left" default="-125"/>
		<param name="end" default="100"/>
		<definition>
			<control type="group">
			<height>1080</height>
			<width>200</width>
			<centertop>50%</centertop>
			<left>$PARAM[left]</left>
			<include>AnimationLeftSide</include>
			<animation type="Conditional" condition="Control.HasFocus($PARAM[id])">
			<effect type="slide" start="0" end="$PARAM[end]" time="350" delay="150" tween="sine" easing="inout"/>
			</animation>
			<control type="group">
			<left>40%</left>
			<top>35.1%</top>
			<control type="image">
				<height>200</height>
				<width>50</width>
				<bordertexture colordiffuse="button_focus">masks/landscape_w1140_h680.png</bordertexture>
				<bordersize>2</bordersize>
				<texture colordiffuse="black">masks/landscape_w1140_h680.png</texture>
			</control>
			<control type="label">
				<left>-85</left>
				<height>100</height>
				<width>170</width>
				<align>center</align>
				<top>14%</top>
				<font>font37</font>
				<label>$INFO[Control.GetLabel($PARAM[id])]</label>
				<angle>90</angle>
			</control>
			</control>
			<control type="group">
				<left>-5%</left>
				<control type="image">
				<top>39.2%</top>
				<height>120</height>
				<width>100</width>
				<bordertexture colordiffuse="button_focus">masks/landscape_w1140_h680.png</bordertexture>
				<bordersize>2</bordersize>
				<texture colordiffuse="black">masks/landscape_w1140_h680.png</texture>
				<visible>Integer.IsEqual(Container($PARAM[id]).NumItems,2)</visible>
			</control>
			<control type="image">
				<top>35.1%</top>
				<height>200</height>
				<width>100</width>
				<bordertexture colordiffuse="button_focus">masks/landscape_w1140_h680.png</bordertexture>
				<bordersize>2</bordersize>
				<texture colordiffuse="black">masks/landscape_w1140_h680.png</texture>
				<visible>Integer.IsEqual(Container($PARAM[id]).NumItems,3)</visible>
			</control>
			<control type="image">
				<top>33.5%</top>
				<height>280</height>
				<width>100</width>
				<bordertexture colordiffuse="button_focus">masks/landscape_w1140_h680.png</bordertexture>
				<bordersize>2</bordersize>
				<texture colordiffuse="black">masks/landscape_w1140_h680.png</texture>
				<visible>Integer.IsEqual(Container($PARAM[id]).NumItems,4)</visible>
			</control>
			<control type="image">
				<top>26.5%</top>
				<height>350</height>
				<width>100</width>
				<bordertexture colordiffuse="button_focus">masks/landscape_w1140_h680.png</bordertexture>
				<bordersize>2</bordersize>
				<texture colordiffuse="black">masks/landscape_w1140_h680.png</texture>
				<visible>Integer.IsEqual(Container($PARAM[id]).NumItems,5)</visible>
			</control>
			<control type="image">
				<top>26.5%</top>
				<height>400</height>
				<width>100</width>
				<bordertexture colordiffuse="button_focus">masks/landscape_w1140_h680.png</bordertexture>
				<bordersize>2</bordersize>
				<texture colordiffuse="black">masks/landscape_w1140_h680.png</texture>
				<visible>Integer.IsEqual(Container($PARAM[id]).NumItems,6)</visible>
			</control>
			<control type="image">
				<top>25.8%</top>
				<height>400</height>
				<width>100</width>
				<bordertexture colordiffuse="button_focus">masks/landscape_w1140_h680.png</bordertexture>
				<bordersize>2</bordersize>
				<texture colordiffuse="black">masks/landscape_w1140_h680.png</texture>
				<visible>Integer.IsEqual(Container($PARAM[id]).NumItems,7)</visible>
			</control>
			<control type="image">
				<top>24.5%</top>
				<height>480</height>
				<width>100</width>
				<bordertexture colordiffuse="button_focus">masks/landscape_w1140_h680.png</bordertexture>
				<bordersize>2</bordersize>
				<texture colordiffuse="black">masks/landscape_w1140_h680.png</texture>
				<visible>Integer.IsEqual(Container($PARAM[id]).NumItems,8)</visible>
			</control>
			<control type="image">
				<top>20.5%</top>
				<height>520</height>
				<width>100</width>
				<bordertexture colordiffuse="button_focus">masks/landscape_w1140_h680.png</bordertexture>
				<bordersize>2</bordersize>
				<texture colordiffuse="black">masks/landscape_w1140_h680.png</texture>
				<visible>Integer.IsEqual(Container($PARAM[id]).NumItems,9)</visible>
			</control>
			<control type="image">
				<top>20.5%</top>
				<height>570</height>
				<width>100</width>
				<bordertexture colordiffuse="button_focus">masks/landscape_w1140_h680.png</bordertexture>
				<bordersize>2</bordersize>
				<texture colordiffuse="black">masks/landscape_w1140_h680.png</texture>
				<visible>Integer.IsEqual(Container($PARAM[id]).NumItems,10)</visible>
			</control>
			<control type="fixedlist" id="$PARAM[id]">
				<top>1.8%</top>
				<left>43</left>
				<ondown>false</ondown>
				<onup>false</onup>
				<onright condition="Control.IsVisible(50)">50</onright>
				<onright condition="Control.IsVisible(51)">51</onright>
				<onright condition="Control.IsVisible(501)">501</onright>
				<onright condition="Control.IsVisible(505)">505</onright>
				<onright condition="Control.IsVisible(515)">515</onright>
				<onright condition="Control.IsVisible(516)">516</onright>
				<onright condition="Control.IsVisible(9000) + Window.IsActive(home)">9000</onright>
				<focusposition>8</focusposition>
				<movement>8</movement>
				<orientation>vertical</orientation>
				<itemlayout width="55" height="55">
					<control type="image">
						<width>40</width>
						<height>40</height>
						<texture>common/circle2.png</texture>
					</control>
					<control type="image">
						<width>40</width>
						<height>40</height>
						<texture colordiffuse="black">$INFO[ListItem.Icon]</texture>
					</control>
					<control type="image">
						<top>5</top>
						<left>5</left>
						<width>30</width>
						<height>30</height>
						<texture colordiffuse="black">$INFO[ListItem.Property(myicon)]</texture>
					</control>
				</itemlayout>
				<focusedlayout width="55" height="55">
					<control type="image">
						<width>40</width>
						<height>40</height>
						<texture>common/circle2.png</texture>
					</control>
				<control type="image">
						<width>40</width>
						<height>40</height>
						<texture colordiffuse="$INFO[Skin.String(mainmenufocus)]">common/circle2.png</texture>
						<include>FocusBounce</include>
						<visible>Control.HasFocus($PARAM[id])</visible>
					</control>
					<control type="image">
						<width>40</width>
						<height>40</height>
						<texture colordiffuse="white">$INFO[ListItem.Icon]</texture>
						<visible>Control.HasFocus($PARAM[id])</visible>
					</control>
					<control type="image">
						<width>40</width>
						<height>40</height>
						<texture colordiffuse="black">$INFO[ListItem.Icon]</texture>
						<visible>!Control.HasFocus($PARAM[id])</visible>
					</control>
					<control type="image">
						<top>5</top>
						<left>5</left>
						<width>30</width>
						<height>30</height>
						<texture colordiffuse="black">$INFO[ListItem.Property(myicon)]</texture>
						<visible>!Control.HasFocus($PARAM[id])</visible>
					</control>
					<control type="image">
						<top>5</top>
						<left>5</left>
						<width>30</width>
						<height>30</height>
						<texture colordiffuse="white">$INFO[ListItem.Property(myicon)]</texture>
						<visible>Control.HasFocus($PARAM[id])</visible>
					</control>
				</focusedlayout>
				<content>
				<item id="1">
				<label>הגדרות</label>
					<icon>osd/fullscreen/buttons/settings.png</icon>
					<onclick>$PARAM[settings]</onclick>
				</item>
				<item id="2">
					<label>חיפוש</label>
					<icon>DefaultMusicSearch.png</icon>
					<onclick condition="Window.IsActive(home)">ActivateWindow(1315)</onclick>
					<onclick condition="Control.IsVisible(515)">SendClick(19)</onclick>
					<onclick condition="Window.IsActive(tvchannels) + Control.IsVisible(9003)">SendClick(19)</onclick>
				</item>
				<item id="3">
					<label>הקודם</label>
					<icon>osd/fullscreen/buttons/previous.png</icon>
					<onclick>PlayerControl(previous)</onclick>
					<visible>[Integer.IsGreater(Playlist.Length(music),0) |  Integer.IsGreater(Playlist.Length(video),0)] + Integer.IsGreater(Container(9003).NumItems,1)
					</visible>
					<visible>Player.HasMedia</visible>
				</item>
				<item id="4">
					<label>נגן</label>
					<icon>osd/fullscreen/buttons/play.png</icon>
					<onclick>PlayerControl(play)</onclick>
					<visible>Player.Paused</visible>
					<visible>Player.HasMedia</visible>
				</item>
				<item id="5">
					<label>השהה</label>
					<icon>osd/fullscreen/buttons/pause.png</icon>
					<onclick>PlayerControl(play)</onclick>
					<visible>!Player.Paused</visible>
					<visible>Player.HasMedia</visible>
				</item>
				<item id="6">
					<label>עצור</label>
					<icon>osd/fullscreen/buttons/stop.png</icon>
					<onclick condition="!Integer.IsEqual(Playlist.Length(music),0) | !Integer.IsEqual(Playlist.Length(video),0)">Playlist.Clear</onclick>
					<onclick>PlayerControl(stop)</onclick>
					<visible>Player.HasMedia</visible>
				</item>
				<item id="7">
					<label>מסך מלא</label>
					<icon>osd/noanimate.png</icon>
					<onclick>FullScreen</onclick>
					<visible>Player.HasMedia</visible>
				</item>
				<item id="8">
					<label>פלייליסט</label>
					<icon>osd/fullscreen/buttons/playlist.png</icon>
					<!-- <onclick condition="!Integer.IsEqual(Playlist.Length(video),0) + Skin.HasSetting(advancedplaylist) + Player.HasVideo">ActivateWindow(1200)</onclick> -->
					<!-- <onclick condition="!Integer.IsEqual(Playlist.Length(music),0) + Skin.HasSetting(advancedplaylist) +  Player.HasAudio">ActivateWindow(1197)</onclick> -->
					<onclick condition="!Integer.IsEqual(Playlist.Length(video),0)">ActivateWindow(videoplaylist)</onclick>
					<onclick condition="!Integer.IsEqual(Playlist.Length(music),0)">ActivateWindow(musicplaylist)</onclick>
					<visible>[Integer.IsGreater(Playlist.Length(music),0) |  Integer.IsGreater(Playlist.Length(video),0)]</visible>
				</item>	
				<item id="9">
					<label>הבא</label>
					<icon>osd/fullscreen/buttons/next.png</icon>
					<onclick>PlayerControl(next)</onclick>
					<visible>[Integer.IsGreater(Playlist.Length(music),0) |  Integer.IsGreater(Playlist.Length(video),0)] + Integer.IsGreater(Container(9003).NumItems,0)
					</visible>
					<visible>Player.HasMedia</visible>
				</item>	
				<item id="10">
					<label>מועדפים</label>
					<property name="myicon">icons/favourites.png</property>
					<onclick>ActivateWindow(favouritesbrowser)</onclick>
				</item>
				<item id="11">
				<label>מידע</label>
					<icon>osd/fullscreen/buttons/information.png</icon>
					<onclick condition="Player.HasVideo">SetProperty(MiniTextViewer_Title,$ESCINFO[VideoPlayer.Title],home)</onclick>
					<onclick condition="Player.HasVideo">SetProperty(MiniTextViewer_Plot,$ESCINFO[VideoPlayer.Plot],home)</onclick>
					<onclick condition="Player.HasAudio">SetProperty(MiniTextViewer_Title,$ESCINFO[MusicPlayer.Title],home)</onclick>
					<onclick condition="Player.HasAudio">SetProperty(MiniTextViewer_Plot,$ESCINFO[MusicPlayer.comment],home)</onclick>
					<onclick>ActivateWindow(1323)</onclick>
					<visible>!String.IsEmpty(VideoPlayer.Plot) | !String.IsEmpty(MusicPlayer.Comment) + Player.HasMedia</visible>
				</item>
				</content>
			</control>	
			</control>
			</control>
		</definition>
		</include>
	
	<include name="globalhorizontalbuttons">
	<control type="list" id="29003">
		<include content="setlisthorizontalview">
		<param name="orientation" value="horizontal"/>
		</include>
		<top>40</top>
		<left>20</left>
		<onback>false</onback>
		<ondown>9000</ondown>
		<onback condition="Control.IsVisible(501)">501</onback>
		<onback condition="Control.IsVisible(516)">515</onback>
		<onback condition="Control.IsVisible(516)">516</onback>
		<height>120</height>
		<itemlayout width="55" height="55">
		<control type="image">
			<width>40</width>
			<height>40</height>
			<texture>common/circle2.png</texture>
		</control>
		<control type="image">
			<width>40</width>
			<height>40</height>
			<texture colordiffuse="black">$INFO[ListItem.Icon]</texture>
		</control>
		</itemlayout>
		<focusedlayout width="55" height="55">
		<control type="image">
			<width>40</width>
			<height>40</height>
			<texture>common/circle2.png</texture>
		</control>
		<control type="image">
			<width>40</width>
			<height>40</height>
			<texture colordiffuse="$INFO[Skin.String(mainmenufocus)]">common/circle2.png</texture>
			<include>FocusBounce</include>
			<visible>Control.HasFocus(29003)</visible>
		</control>
		<control type="image">
			<width>40</width>
			<height>40</height>
			<texture colordiffuse="white">$INFO[ListItem.Icon]</texture>
			<visible>Control.HasFocus(29003)</visible>
			</control>
		<control type="image">
			<width>40</width>
			<height>40</height>
			<texture colordiffuse="black">$INFO[ListItem.Icon]</texture>
			<visible>!Control.HasFocus(29003)</visible>
		</control>
		</focusedlayout>
		<content>
		<item id="1">
			<label>הקודם</label>
			<icon>osd/fullscreen/buttons/previous.png</icon>
			<onclick>PlayerControl(previous)</onclick>
			<visible>!Integer.IsEqual(Playlist.Length(music),0) | !Integer.IsEqual(Playlist.Length(video),0) + [!String.IsEmpty(MusicPlayer.offset(-1).Title) | !String.IsEmpty(VideoPlayer.offset(-1).Title)]</visible>
		</item>
		<item id="8">
			<label>אחורה 30 שניות</label>
			<icon>osd/fullscreen/buttons/rewind.png</icon>
			<onclick>seek(-100)</onclick>
			<visible>!VideoPlayer.Contnet(LiveTv)</visible>
		</item>
		<item id="2">
			<label>נגן</label>	
			<icon>osd/fullscreen/buttons/play.png</icon>
			<onclick>PlayerControl(play)</onclick>
			<visible>Player.Paused</visible>
		</item>
		<item id="3">
			<label>השהה</label>
			<icon>osd/fullscreen/buttons/pause.png</icon>
			<onclick>PlayerControl(play)</onclick>
			<visible>!Player.Paused</visible>
		</item>
		<item id="4">
			<label>עצור</label>
			<icon>osd/fullscreen/buttons/stop.png</icon>
			<onclick>Dialog.Close(all,true)</onclick>
			<onclick>PlayerControl(stop)</onclick>
		</item>
		<item id="5">
			<label>מסך מלא</label>
			<icon>osd/noanimate.png</icon>
			<onclick>Dialog.Close(all,true)</onclick>
			<onclick>FullScreen</onclick>
		</item>
		<item id="8">
			<label>קדימה 30 שניות</label>
			<icon>osd/fullscreen/buttons/forward.png</icon>
			<onclick>seek(100)</onclick>
			<visible>!VideoPlayer.Contnet(LiveTv)</visible>
		</item>
		<item id="7">
			<label>הבא</label>
			<icon>osd/fullscreen/buttons/next.png</icon>
			<onclick>PlayerControl(next)</onclick>
			<visible>!Integer.IsEqual(Playlist.Length(music),0) | !Integer.IsEqual(Playlist.Length(video),0) + [!String.IsEmpty(MusicPlayer.offset(1).Title) | !String.IsEmpty(VideoPlayer.offset(1).Title)]</visible>
		</item>
		<item id="9">
			<label>פלייליסט</label>
			<onclick condition="Player.HasAudio">ActivateWindow(audioplaylist)</onclick>
			<onclick condition="Player.HasVideo">ActivateWindow(videoplaylist)</onclick>
			<!-- <onclick>ActivateWindow(1200)</onclick> -->
			<icon>osd/fullscreen/buttons/playlist.png</icon>
			<!-- <onclick>ActivateWindow(musicplaylist)</onclick> -->
			<visible>!String.IsEmpty(VideoPlayer.offset(1).Title) + Integer.IsGreater(Playlist.Length(video),0)</visible>
			<visible>Player.HasVideo</visible>
		</item>
		<item id="10">
			<label>פלייליסט</label>
			<onclick condition="Player.HasAudio">ActivateWindow(musicplaylist)</onclick>
			<onclick condition="Player.HasVideo">ActivateWindow(videoplaylist)</onclick>
			<!-- <onclick>ActivateWindow(1197)</onclick> -->
			<icon>osd/fullscreen/buttons/playlist.png</icon>
			<!-- <onclick>ActivateWindow(musicplaylist)</onclick> -->
			<visible>!String.IsEmpty(MusicPlayer.offset(1).Title) + Integer.IsGreater(Playlist.Length(music),0)</visible>
			<visible>Player.HasAudio</visible>
		</item>
		<item id="11">
			<label>הגדרות</label>
			<onclick>SetFocus(9000)</onclick>
			<icon>osd/fullscreen/buttons/settings.png</icon>
		</item>	
		<item id="12">
			<label>חפש בתוך הרשימה</label>
			<onclick>SendClick(19)</onclick>
			<icon>DefaultPVRSearch.png</icon>
		</item>	
		</content>
		</control>
</include>



<include name="SetWidgetInfo">
	<control type="list" id="$PARAM[list_id]">
	<animation type="Visible">
		<effect type="slide" start="50,0" end="0,0" time="250" tween="sine" easing="inout"/>
		<effect type="fade" start="0" end="100" time="250"/>
	</animation>
	<animation type="Hidden">
		<effect type="slide" start="0,0" end="50,0" time="250" tween="sine" easing="inout"/>
		<effect type="fade" start="100" end="0" time="250"/>
	</animation>
		<scrolltime tween="cubic">500</scrolltime>
		<left>$PARAM[listleft]</left>
		<right>$PARAM[listright[</right>
		<top>$PARAM[listtop]</top>
		<bottom>$PARAM[listbottom]</bottom>
		<onback>9115</onback>
		<onright>SetProperty(MiniTextViewer_Title,$ESCINFO[Container($PARAM[list_id]).ListItem.Label],home)</onright>
		<onright>SetProperty(Text_HeaderGenre,$ESCINFO[Container($PARAM[list_id]).ListItem.Genre],home)</onright>
		<onright>SetProperty(MiniTextViewer_Plot,$ESCINFO[Container($PARAM[list_id]).ListItem.Plot],home)</onright>
		<onright>ActivateWindow(1102)</onright>
		<visible>$PARAM[visible]</visible>
		<itemlayout width="595" height="62">
		<control type="group">
		<height>57</height>
		<control type="image">
		<texture colordiffuse="5FFFFFF">colors/white.png</texture>
		</control>
		<control type="label">
		<left>5</left>
		<right>200</right>
		<align>left</align>
		<aligny>center</aligny>
		<label>$INFO[ListItem.Label]</label>
		</control>
		<control type="label">
		<left>300</left>
		<right>5</right>
		<align>right</align>
		<aligny>center</aligny>
		<label>$INFO[ListItem.Year] • $INFO[ListItem.Rating]</label>
		</control>
		</control>
		</itemlayout>
		<focusedlayout width="595" height="72" condition="!System.IdleTime(0)">
		<control type="group">
		<height>68</height>
		<control type="image">
		<texture colordiffuse="5FFFFFF">colors/white.png</texture>
		</control>
		<control type="image">
		<texture colordiffuse="25FFFFFF">colors/white.png</texture>
		<visible>Control.HasFocus($PARAM[list_id])</visible>
		</control>
		<control type="label">
		<top>-5</top>
		<height>35</height>
		<left>5</left>
		<right>200</right>
		<align>left</align>
		<label>$INFO[ListItem.Label]</label>
		</control>
		<control type="label">
		<top>32</top>
		<left>5</left>
		<right>200</right>
		<align>left</align>
		<aligny>center</aligny>
		<font>font12</font>
		<shadowcolor>black</shadowcolor>
		<label>[I]$INFO[ListItem.Genre][/I]</label>
		</control>
		<control type="label">
		<left>300</left>
		<right>5</right>
		<align>right</align>
		<aligny>center</aligny>
		<label>$INFO[ListItem.Year] • $INFO[ListItem.Rating]</label>
		</control>
		</control>
		</focusedlayout>
		<content target="videos">$PARAM[content]</content>
		</control>
</include>	



	<include name="HomeScreenGetWidgetsOnInfo">
	<definition>
	<control type="fixedlist" id="$PARAM[list_id]">
	<top>10</top>
	<bottom>10</bottom>
	<left>5</left>
	<right>5</right>
	<onup>false</onup>
	<ondown>false</ondown>
	<visible allowhiddenfocus="true">$PARAM[visible]</visible>
	<onback>9101</onback>
	<scrolltime tween="cubic">550</scrolltime>
	<orientation>vertical</orientation>
	<itemlayout width="220" height="320">
		<control type="image">
		<bottom>5</bottom>
		<texture diffuse="glass.jpg" colordiffuse="gray">colors/white.png</texture>
		</control>
		<control type="image">
		<top>10</top>
		<bottom>10</bottom>
		<left>10</left>
		<right>10</right>
		<height>220</height>
			<texture>$INFO[ListItem.Icon]</texture>
		</control>
		<control type="textbox">
		<bottom>5</bottom>
		<top>235</top>
		<align>center</align>
		<font>font13</font>
		<label>$INFO[ListItem.Label]</label>
		</control>
	</itemlayout>
	<focusedlayout width="220" height="320">
		<control type="image">
		<bottom>5</bottom>
		<texture diffuse="glass.jpg" colordiffuse="gray">colors/white.png</texture>
		<visible>!Control.HasFocus($PARAM[list_id])</visible>
		</control>
		<control type="image">
		<bottom>5</bottom>
		<texture diffuse="glass.jpg" colordiffuse="deepskyblue">colors/white.png</texture>
		<visible>Control.HasFocus($PARAM[list_id])</visible>
		</control>
		<control type="image">
			<top>10</top>
			<bottom>10</bottom>
			<left>10</left>
			<right>10</right>
			<height>220</height>
			<texture>$INFO[ListItem.Icon]</texture>
		</control>
		<control type="textbox">
		<bottom>5</bottom>
		<top>235</top>
		<align>center</align>
		<font>font13</font>
		<label>$INFO[ListItem.Label]</label>
		</control>
	</focusedlayout>
	<content target="videos">$PARAM[content]</content>
	</control>
	</definition>
	</include>



	<include name="NewScreenGetWidgetsOnInfo">
	<definition>
	<control type="fixedlist" id="$PARAM[list_id]">
	<top>10</top>
	<bottom>10</bottom>
	<left>5</left>
	<right>5</right>
	<onup>false</onup>
	<ondown>false</ondown>
	<visible allowhiddenfocus="true">$PARAM[visible]</visible>
	<onback>9101</onback>
	<onclick>Dialog.Close(1331,true)</onclick>
	<onclick>SetProperty(getacrtornameTMDB,$INFO[ListItem.Label],home)</onclick>
	<onclick>Runscript(plugin.video.themoviedb.helper,recommendations=27003|info=stars_in_movies|true|info||27004|info=stars_in_tvshows|true|info||27005|info=images|true|info,window_id=1319,type=$VAR[_VarTMDBType],tmdb_id=$INFO[Container(9002).ListItem.Property(tmdb_id)],nextpage=false),home)</onclick>
	<scrolltime tween="cubic">550</scrolltime>
	<orientation>vertical</orientation>
	<itemlayout width="220" height="320">
		<control type="image">
		<bottom>5</bottom>
		<texture diffuse="glass.jpg" colordiffuse="gray">colors/white.png</texture>
		</control>
		<control type="image">
		<top>10</top>
		<bottom>10</bottom>
		<left>10</left>
		<right>10</right>
		<height>220</height>
			<texture>$INFO[ListItem.Icon]</texture>
		</control>
		<control type="textbox">
		<bottom>5</bottom>
		<top>235</top>
		<align>center</align>
		<font>font13</font>
		<label>$INFO[ListItem.Label]</label>
		</control>
	</itemlayout>
	<focusedlayout width="220" height="320">
		<control type="image">
		<bottom>5</bottom>
		<texture diffuse="glass.jpg" colordiffuse="gray">colors/white.png</texture>
		<visible>!Control.HasFocus($PARAM[list_id])</visible>
		</control>
		<control type="image">
		<bottom>5</bottom>
		<texture diffuse="glass.jpg" colordiffuse="deepskyblue">colors/white.png</texture>
		<visible>Control.HasFocus($PARAM[list_id])</visible>
		</control>
		<control type="image">
			<top>10</top>
			<bottom>10</bottom>
			<left>10</left>
			<right>10</right>
			<height>220</height>
			<texture>$INFO[ListItem.Icon]</texture>
		</control>
		<control type="textbox">
		<bottom>5</bottom>
		<top>235</top>
		<align>center</align>
		<font>font13</font>
		<label>$INFO[ListItem.Label]</label>
		</control>
	</focusedlayout>
	<content target="videos">$PARAM[content]</content>
	</control>
	</definition>
	</include>
</includes>
