<?xml version="1.0" encoding="UTF-8"?>
<includes>
	
	
<include name="Osd_2">
<control type="group">
	<animation type="Conditional" condition="Window.IsActive(1102)">
	<effect type="fade" start="100" end="15" time="250"/>
	</animation>
		<control type="list" id="99956">
		<top>15</top>
		<left>-1008</left>
		<width>1540</width>
		<height>500</height>
		<onup>8000</onup>
		<onback>8000</onback>
		<onleft>Control.SetFocus(98883)</onleft>
		<orientation>horizontal</orientation>
		<scrolltime tween="sine" easing="inout">350</scrolltime>
		<itemlayout />
		<focusedlayout />
			<content>plugin://plugin.video.themoviedb.helper/?info=details&amp;type=person&amp;query=$INFO[Container(278405).ListItem.Title]</content>
		</control>

		<include>Animation_BottomSlide</include>
		<control type="image">
		<height>140</height>
		<animation condition="true" effect="fade" start="100" end="80" time="0">Conditional</animation>
		<texture colordiffuse="FF181818">colors/white.png</texture>
		</control>
				<control type="button" id="187">
				<!-- fake button -->
				<include>HiddenObject</include>
					<onup>200</onup>
					<ondown>201</ondown>
					<onleft>StepBack</onleft>
					<onright condition="!Player.Paused">StepForward</onright>
					<onright condition="Player.Paused">PlayerControl(FrameAdvance(1))</onright>
				</control>
			<control type="group">
			<animation condition="$EXP[osdslideuptrueplot]" effect="slide" start="0,0" end="0,-200" time="450" tween="cubic" easing="inout">Conditional</animation>
			<animation condition="true" effect="fade" start="100" end="95" time="0">Conditional</animation>
			<top>84%</top>
			<left>-50</left>
			<width>2000</width>
			<height>850</height>
			<control type="image">
				<top>10</top>
				<left>10</left>
				<right>10</right>
				<bottom>10</bottom>
				<texture border="3" colordiffuse="FF181818" background="true" infill="true">common/box.png</texture>
			</control>
			<control type="image">
				<top>10</top>
				<left>10</left>
				<right>10</right>
				<bottom>10</bottom>
				<texture border="8" colordiffuse="gray" background="true" infill="true">common/box21.png</texture>
			</control>
			</control>
			<include content="GlobalFadeLabel">
				<param name="top" value="85.5%"/>
				<param name="left" value="5"/>
				<param name="width" value="850"/>
				<param name="visible" value="!$EXP[osdslideuptrueplot]"/>
			</include>
		<control type="group">
		<width>1200</width>
		<include>Animation_BottomSlide</include>
			<control type="list" id="201">
				<top>985</top>
				<left>0</left>
				<width>1400</width>
				<height>200</height>
				<orientation>horizontal</orientation>
				<onup>ClearProperty(Text_Header)</onup>
				<onup>ClearProperty(Text_HeaderGenre)</onup>
				<onup>ClearProperty(TextViewer_TextDialog)</onup>
				
				<onup condition="String.IsEqual(Container(201).ListItem.Property(nextitem),nextitemid)">SetProperty(Text_Header,$ESCINFO[Container(278403).ListItem.Label],home)</onup>
				<onup condition="String.IsEqual(Container(201).ListItem.Property(nextitem),nextitemid)">SetProperty(Text_HeaderGenre,$ESCINFO[Container(278403).ListItem.Genre],home)</onup>
				<onup condition="String.IsEqual(Container(201).ListItem.Property(nextitem),nextitemid)">SetProperty(TextViewer_TextDialog,$ESCINFO[Container(278403).ListItem.Plot],home)</onup>
				<onup condition="String.IsEqual(Container(201).ListItem.Property(nextitem),nextitemid)">ActivateWindow(1102)</onup>
				
				
				
				<onup condition="String.IsEqual(Container(201).ListItem.Property(item),nextplayed)">SetProperty(Text_Header,$ESCINFO[VideoPlayer.offset(1).Title],home)</onup>
				<onup condition="String.IsEqual(Container(201).ListItem.Property(item),nextplayed)">SetProperty(Text_HeaderGenre,$ESCINFO[VideoPlayer.offset(1).Genre],home)</onup>
				<onup condition="String.IsEqual(Container(201).ListItem.Property(item),nextplayed)">SetProperty(TextViewer_TextDialog,$ESCINFO[VideoPlayer.offset(1).Plot],home)</onup>
				<onup condition="String.IsEqual(Container(201).ListItem.Property(item),nextplayed)">ActivateWindow(1102)</onup>
		
				<onup condition="String.IsEqual(Container(201).ListItem.Property(item),previousplayed)">SetProperty(Text_Header,$ESCINFO[VideoPlayer.offset(-1).Title],home)</onup>
				<onup condition="String.IsEqual(Container(201).ListItem.Property(item),previousplayed)">SetProperty(Text_HeaderGenre,$ESCINFO[VideoPlayer.offset(-1).Genre],home)</onup>
				<onup condition="String.IsEqual(Container(201).ListItem.Property(item),previousplayed)">SetProperty(TextViewer_TextDialog,$ESCINFO[VideoPlayer.offset(-1).Plot],home)</onup>
				<onup condition="String.IsEqual(Container(201).ListItem.Property(item),previousplayed)">ActivateWindow(1102)</onup>
				
				<onup condition="String.IsEqual(Container(201).ListItem.Property(livetv),livestream)">SetProperty(Text_Header,$ESCINFO[VideoPlayer.NextTitle, התוכנית הבאה - ],home)</onup>
				<onup condition="String.IsEqual(Container(201).ListItem.Property(livetv),livestream)">SetProperty(Text_HeaderGenre,$INFO[VideoPlayer.NextStartTime,מתחיל ] $INFO[VideoPlayer.NextEndTime,מסתיים ],home)</onup>
				<onup condition="String.IsEqual(Container(201).ListItem.Property(livetv),livestream)">SetProperty(TextViewer_TextDialog,$ESCINFO[VideoPlayer.NextPlot],home)</onup>
				<onup condition="String.IsEqual(Container(201).ListItem.Property(livetv),livestream)">ActivateWindow(1102)</onup>
				
				<onup>SetFocus($INFO[Container(201).ListItem.Property(id)])</onup>
				<itemlayout width="80" height="50">
				<control type="image">
					<top>15</top>
					<left>15</left>
					<width>75</width>
					<height>75</height>
					<aspectratio>keep</aspectratio>
					<bordertexture colordiffuse="white">buttons/roundbutton-fo.png</bordertexture>
					<bordersize>8</bordersize>
					<texture colordiffuse="FF181818">$INFO[ListItem.Icon]</texture>
				</control>
				<control type="image">
					<top>15</top>
					<left>15</left>
					<width>75</width>
					<height>75</height>
					<aspectratio>keep</aspectratio>
					<bordertexture colordiffuse="white">buttons/roundbutton-fo.png</bordertexture>
					<bordersize>8</bordersize>
					<texture colordiffuse="deeppink">$INFO[ListItem.Property(subtitle)]</texture>
					<visible>VideoPlayer.SubtitlesEnabled</visible>
				</control>
				<control type="textbox">
					<width>105</width>
					<height>105</height>
					<align>center</align>
					<aligny>center</aligny>
					<font>font_flag</font>
					<label>$INFO[ListItem.Label]</label>
				</control>
				</itemlayout>
				<focusedlayout width="80" height="50">
				<control type="image">
					<include>FocusBounce</include>
					<top>0</top>
					<left>0</left>
					<width>105</width>
					<height>105</height>
					<aspectratio>keep</aspectratio>
					<texture colordiffuse="FF448AFF">buttons/roundbutton-fo.png</texture>
					<visible>Control.HasFocus(201)</visible>
				</control>
				<control type="image">
					<top>15</top>
					<left>15</left>
					<width>75</width>
					<height>75</height>
					<aspectratio>keep</aspectratio>
					<bordertexture colordiffuse="white">buttons/roundbutton-fo.png</bordertexture>
					<bordersize>8</bordersize>
					<texture colordiffuse="$INFO[Skin.String(playerosdcolor)]">$INFO[ListItem.Icon]</texture>
				</control>
				<control type="image">
					<top>15</top>
					<left>15</left>
					<width>75</width>
					<height>75</height>
					<aspectratio>keep</aspectratio>
					<bordertexture colordiffuse="white">buttons/roundbutton-fo.png</bordertexture>
					<bordersize>8</bordersize>
					<texture colordiffuse="red">$INFO[ListItem.Property(subtitle)]</texture>
					<visible>VideoPlayer.SubtitlesEnabled</visible>
				</control>
				<control type="textbox">
					<width>105</width>
					<height>105</height>
					<align>center</align>
					<aligny>center</aligny>
					<font>font_flag</font>
					<label>$INFO[ListItem.Label]</label>
				</control>
				</focusedlayout>
				<content>
				<item id="110">
					<icon>osd/fullscreen/buttons/settings.png</icon>
					<onclick>SetProperty(settingslist_content,osd,home)</onclick>
					<onclick>SetProperty(settingslist_header,$LOCALIZE[5],home)</onclick>
					<onclick>ActivateWindow(1101)</onclick>
				</item>
				<item id="1">
					<icon>osd/fullscreen/buttons/settings-subtitle.png</icon>
					<onclick>Control.SetFocus(124050)</onclick>
					<visible>!VideoPlayer.Content(LiveTV) | VideoPlayer.HasSubtitles</visible>
					<property name="id">$NUMBER[124050]</property>
				</item>
				<item id="120">
					<icon>osd/fullscreen/buttons/teletext.png</icon>
					<visible>!VideoPlayer.Content(livetv)</visible>
					<visible>VideoPlayer.HasSubtitles</visible>
					<property name="subtitle">osd/fullscreen/buttons/teletext.png</property>
					<onclick>ShowSubtitles</onclick>
				</item>
				<item id="99">
					<icon>osd/fullscreen/buttons/information.png</icon>
					<property name="showinfo">true</property>
					<property name="id">$NUMBER[4330]</property>
					<onclick>false</onclick>
					<onclick>SetProperty(Text_Header,$ESCINFO[VideoPlayer.Title],home)</onclick>
					<onclick>SetProperty(Text_HeaderGenre,$ESCINFO[VideoPlayer.Genre],home)</onclick>
					<onclick>SetProperty(TextViewer_TextDialog,$ESCINFO[VideoPlayer.Plot],home)</onclick>
					<onclick condition="!String.IsEmpty(VideoPlayer.Plot)">ActivateWindow(1102)</onclick>
					
				</item>
				<item id="185">
					<icon>osd/fullscreen/buttons/channels.png</icon>
					<onclick>Dialog.Close(videoosd)</onclick>
					<onclick>ActivateWindow(tvchannels)</onclick>
					<property name="id">$NUMBER[278400]</property>
					<property name="livetv">livetvstream</property>
				</item>
				<item id="186">
					<icon>osd/fullscreen/buttons/guide.png</icon>
					<onclick>Dialog.Close(all,true)</onclick>
					<onclick>ActivateWindow(tvguide)</onclick>
				</item>
				<item id="287">
					<icon>osd/fullscreen/buttons/calendar.png</icon>
					<onclick>Dialog.Close(all,true)</onclick>
					<onclick>ActivateWindow(pvrchannelguide)</onclick>
					<visible>VideoPlayer.Content(livetv) + VideoPlayer.HasEpg</visible>
				</item>
				<item id="100">
					<icon>kodirdil/next_audio_track/next_audio_track.png</icon>
					<onclick>Control.SetFocus(124056)</onclick>
					<property name="id">$NUMBER[124056]</property>
				</item>	
				<item id="35">
					<icon>osd/fullscreen/buttons/playlist.png</icon>
					<visible>!Integer.IsEqual(Playlist.Length(video),0) + !String.IsEmpty(VideoPlayer.offset(1).Title)</visible>
					<onclick>Dialog.Close(all,true)</onclick>
					<!-- <onclick>ActivateWindow(videoplaylist)</onclick> -->
					<onclick>Dialog.Close(videoosd)</onclick>
					<onclick condition="!Skin.HasSetting(advancedplaylist)">ActivateWindow(videoplaylist)</onclick>
					<onclick condition="Skin.HasSetting(advancedplaylist)">ActivateWindow(1200)</onclick>
					<property name="id">$NUMBER[234311]</property>
					<property name="playlist">true</property>
				</item>
				<item id="222">
					<icon>icons/recent.png</icon>
					<visible>VideoPlayer.Content(episodes) | VideoPlayer.Content(movies)</visible>
					<property name="id">$NUMBER[124068]</property>
					<onclick>SetFocus(124068)</onclick>
				</item>
				<item id="25">
					<icon>osd/fullscreen/buttons/previous.png</icon>
					<onclick>PlayerControl(Previous)</onclick>
					<visible>!String.IsEmpty(VideoPlayer.offset(-1).Title) | Player.HasSceneMarkers</visible>
					<visible>!VideoPlayer.Content(LiveTv)</visible>
					<property name="item">previousplayed</property>
				</item>
				<item id="3">
					<icon>osd/fullscreen/buttons/rewind.png</icon>
					<onclick>Control.SetFocus(124051)</onclick>
					<visible>[Player.SeekEnabled + !VideoPlayer.Content(livetv)]</visible>
					<property name="id">$NUMBER[124051]</property>
				</item>
				<item id="4">
					<icon>osd/fullscreen/buttons/stop.png</icon>
					<onclick condition="!String.IsEmpty(VideoPlayer.offset(1).Title)">Playlist.Clear</onclick>
					<onclick>PlayerControl(Stop)</onclick>
					<property name="id">$NUMBER[87]</property>
				</item>
				<item id="5">
					<icon>osd/fullscreen/buttons/play.png</icon>
					<visible>Player.PauseEnabled + Player.Paused</visible>
					<onclick>PlayerControl(Play)</onclick>
					<property name="id">$NUMBER[87]</property>
				</item>
				<item id="6">
					<icon>osd/fullscreen/buttons/pause.png</icon>
					<visible>Player.PauseEnabled + !Player.Paused</visible>
					<onclick>PlayerControl(Play)</onclick>
					<property name="id">$NUMBER[87]</property>
				</item>
				<item id="7">
					<icon>osd/fullscreen/buttons/forward.png</icon>
					<visible>[Player.SeekEnabled + !VideoPlayer.Content(livetv)]</visible>
					<onclick>Control.SetFocus(124054)</onclick>
					<property name="id">$NUMBER[124054]</property>
				</item>
				<item id="8">
					<icon>osd/fullscreen/buttons/next.png</icon>
					<onclick>PlayerControl(Next)</onclick>
					<visible>!String.IsEmpty(VideoPlayer.offset(1).Title) | Player.HasSceneMarkers</visible>
					<visible>!VideoPlayer.Content(LiveTV)</visible>
					<property name="item">nextplayed</property>
				</item>
				<item id="10">
					<icon>osd/fullscreen/buttons/next.png</icon>
					<onclick>RunPlugin(plugin://plugin.video.twilight/?mode=playback.media&media_type=episode&tmdb_id=$INFO[VideoPlayer.UniqueID(tmdb)]&season=$INFO[VideoPlayer.UniqueID(season_number_for_next_episode_button)]&episode=$INFO[VideoPlayer.UniqueID(episode_number_for_next_episode_button)]&autoplay=false)</onclick>
					<visible>!Integer.IsGreater(Container(278403).NumItems,1) + String.IsEmpty(VideoPlayer.offset(1).Title)</visible>
					<visible>VideoPlayer.Content(episodes)</visible>
					<visible>!String.IsEmpty(VideoPlayer.UniqueID(episode_number_for_next_episode_button)</visible>
					<property name="nextitem">nextitemid</property>
				</item>
				<item id="40">
					<icon>osd/fullscreen/buttons/next.png</icon>
					<onclick>Control.SetFocus(278403)</onclick>
					<visible>!Integer.IsGreater(Container(278403).NumItems,1) + String.IsEmpty(VideoPlayer.offset(1).Title)</visible>
					<visible>VideoPlayer.Content(movies) | VideoPlayer.Content(episodes)</visible>
					<visible>String.IsEmpty(VideoPlayer.UniqueID(episode_number_for_next_episode_button)</visible>
					<property name="nextitem">nextitemid</property>
				</item>
				<item id="11">
					<icon>osd/fullscreen/buttons/next.png</icon>
					<visible>VideoPlayer.Content(LiveTv)</visible>
					<property name="livetv">livestream</property>
					<onclick>SetProperty(Text_Header,$ESCINFO[VideoPlayer.NextTitle, התוכנית הבאה - ],home)</onclick>
					<onclick>SetProperty(Text_HeaderGenre,$INFO[VideoPlayer.NextStartTime,מתחיל ] $INFO[VideoPlayer.NextEndTime,מסתיים ],home)</onclick>
					<onclick>SetProperty(TextViewer_TextDialog,$ESCINFO[VideoPlayer.NextPlot],home)</onclick>
					<onclick>ActivateWindow(1102)</onclick>
				</item>				
				<item id="12">
					<icon>DefaultAddonPVRClient.png</icon>
					<property name="item">episodes</property>
					<property name="id">$NUMBER[278401]</property>
					<onclick>SetFocus(278401)</onclick>
					<visible>VideoPlayer.Content(episodes)</visible>
					</item>	
				<item id="13">
					<icon>DefaultDirector.png</icon>
					<property name="item">similarmovies</property>
					<property name="id">$NUMBER[278404]</property>
					<onclick>SetFocus(278404)</onclick>
					<visible>VideoPlayer.Content(movies)</visible>
				</item>	
				<item id="14">
					<icon>DefaultUser.png</icon>
					<property name="item">actrosplayed</property>
					<property name="id">$NUMBER[278405]</property>
					<onclick>SetFocus(278405)</onclick>
					<visible>VideoPlayer.Content(movies) | VideoPlayer.Content(episodes)</visible>
				</item>
				<item id="14">
					<label>סנכרן כתוביות</label>
					<onclick>subtitledelay</onclick>
					<visible>VideoPlayer.Content(movies) | VideoPlayer.Content(episodes)</visible>
				</item>
				</content>
				</control>
			</control>
		
		
		<!-- TODO Add new MPAA icons, Info message at start of playback (title, year, mpaa, audio and video codec) -->
		<include condition="Skin.HasSetting(touchmode)">TouchBackOSDButton</include>
		<control type="group">
			<include>Animation_BottomSlide</include>
			<bottom>0</bottom>
			<height>180</height>

			<control type="label">
				<animation effect="slide" end="0,-20" time="150" condition="VideoPlayer.Content(LiveTV)">conditional</animation>
				<right>20</right>
				<top>0</top>
				<align>right</align>
				<aligny>center</aligny>
				<width>1000</width>
				<height>50</height>
				<label>$VAR[OSDHelpTextVar]</label>
				<shadowcolor>black</shadowcolor>
			</control>
		</control>

	<control type="group">
		<top>600</top>
		<animation condition="Integer.IsGreater(Container(201).NumItems,7) " effect="slide" end="435" time="0">Conditional</animation>
		<include content="OsdSubMenuGlobal">
			<param name="list_id" value="124068"/>
			<param name="listitemid" value="201"/>
			<param name="listitemnumber" value="222"/>
			<param name="left" value="25"/>
			<param name="content" value="NextPlayEpisode"/>
		</include>
	</control>	

	<control type="group" id="124049">
		<top>600</top>
		<include content="OsdSubMenuGlobal">
			<param name="list_id" value="124050"/>
			<param name="listitemid" value="201"/>
			<param name="listitemnumber" value="1"/>
			<param name="left" value="25"/>
			<param name="content" value="OsdSubTitleItms"/>
		</include>
	</control>	
	<control type="group" id="124051">
		<top>600</top>
		<animation condition="Integer.IsGreater(Container(201).NumItems,4) + Integer.IsEqual(Container(201).NumItems,8)" effect="slide" end="100" time="0">Conditional</animation>
		<animation condition="Integer.IsGreater(Container(201).NumItems,4) + Integer.IsEqual(Container(201).NumItems,6)" effect="slide" end="80" time="0">Conditional</animation>
		<animation condition="Integer.IsGreater(Container(201).NumItems,4) + Integer.IsEqual(Container(201).NumItems,7)" effect="slide" end="-315" time="0">Conditional</animation>
		<animation condition="Integer.IsGreater(Container(201).NumItems,4) + Integer.IsEqual(Container(201).NumItems,11)" effect="slide" end="160" time="0">Conditional</animation>
		<animation condition="Integer.IsGreater(Container(201).NumItems,4) + Integer.IsEqual(Container(201).NumItems,7)" effect="slide" end="160" time="0">Conditional</animation>
		<animation condition="Integer.IsGreater(Container(201).NumItems,4) + Integer.IsEqual(Container(201).NumItems,13)" effect="slide" end="240" time="0">Conditional</animation>	
		<animation condition="Integer.IsGreater(Container(201).NumItems,4) + Integer.IsEqual(Container(201).NumItems,14)" effect="slide" end="320" time="0">Conditional</animation>

		<include content="OsdSubMenuGlobal">
			<param name="list_id" value="124052"/>
			<param name="listitemid" value="201"/>
			<param name="listitemnumber" value="3"/>
			<param name="left" value="285"/>
			<param name="content" value="RewindOsdSubTitleItms"/>
		</include>
	</control>
	<control type="group" id="124053">
		<top>600</top>
		<animation condition="Integer.IsGreater(Container(201).NumItems,4) + Integer.IsEqual(Container(201).NumItems,8)" effect="slide" end="100" time="0">Conditional</animation>
		<animation condition="Integer.IsGreater(Container(201).NumItems,4) + Integer.IsEqual(Container(201).NumItems,6)" effect="slide" end="80" time="0">Conditional</animation>
		<animation condition="Integer.IsGreater(Container(201).NumItems,4) + Integer.IsEqual(Container(201).NumItems,7)" effect="slide" end="-315" time="0">Conditional</animation>
		<animation condition="Integer.IsGreater(Container(201).NumItems,4) + Integer.IsEqual(Container(201).NumItems,11)" effect="slide" end="160" time="0">Conditional</animation>
		<animation condition="Integer.IsGreater(Container(201).NumItems,4) + Integer.IsEqual(Container(201).NumItems,7)" effect="slide" end="160" time="0">Conditional</animation>
		<animation condition="Integer.IsGreater(Container(201).NumItems,4) + Integer.IsEqual(Container(201).NumItems,13)" effect="slide" end="240" time="0">Conditional</animation>
		<animation condition="Integer.IsGreater(Container(201).NumItems,4) + Integer.IsEqual(Container(201).NumItems,14)" effect="slide" end="320" time="0">Conditional</animation>
		
		<include content="OsdSubMenuGlobal">
			<param name="list_id" value="124054"/>
			<param name="listitemid" value="201"/>
			<param name="listitemnumber" value="7"/>
			<param name="left" value="505"/>
			<param name="content" value="ForwadeOsdSubTitleItms"/>
		</include>
	</control>
	<control type="group" id="124055">
		<top>600</top>
		<animation condition="Integer.IsGreater(Container(201).NumItems,4) + Integer.IsEqual(Container(201).NumItems,8)" effect="slide" end="230" time="0">Conditional</animation>
		<animation condition="Integer.IsGreater(Container(201).NumItems,4) + Integer.IsEqual(Container(201).NumItems,6)" effect="slide" end="80" time="0">Conditional</animation>
		<animation condition="Integer.IsGreater(Container(201).NumItems,4) + Integer.IsEqual(Container(201).NumItems,11)" effect="slide" end="160" time="0">Conditional</animation>
		<animation condition="Integer.IsGreater(Container(201).NumItems,4) + Integer.IsEqual(Container(201).NumItems,7)" effect="slide" end="160" time="0">Conditional</animation>
		<animation condition="Integer.IsGreater(Container(201).NumItems,4) + Integer.IsEqual(Container(201).NumItems,13)" effect="slide" end="160" time="0">Conditional</animation>
		<animation condition="Integer.IsGreater(Container(201).NumItems,4) + Integer.IsEqual(Container(201).NumItems,12)" effect="slide" end="240" time="0">Conditional</animation>
		<animation condition="Integer.IsGreater(Container(201).NumItems,4) + Integer.IsEqual(Container(201).NumItems,14)" effect="slide" end="160" time="0">Conditional</animation>

		<include content="OsdSubMenuGlobal">
			<param name="list_id" value="124056"/>
			<param name="listitemid" value="201"/>
			<param name="listitemnumber" value="100"/>
			<param name="left" value="135"/>
			<param name="listtop" value="75"/>
			<param name="content" value="AudioOsdSubTitleItms"/>
		</include>
	</control>
	
	
	
		<include content="SetGrouplist">
			<param name="groupvisible">!String.IsEmpty(VideoPlayer.offset(1).Title) + String.IsEqual(Container(201).ListItem.Property(item),nextplayed) + [String.Contains(Player.FolderPath,telemedia) | String.Contains(Player.FolderPath,youtube) | String.Contains(Player.FolderPath,idanplus)]</param>
			<param name="icon">$VAR[NextVideoIcon]</param>
			<param name="rightheader">הבא</param>
			<param name="toplabel">$INFO[VideoPlayer.offset(1).Title] $INFO[VideoPlayer.offset(1).Year,(,)]</param>
			<param name="toplabelvisible">!String.IsEmpty(VideoPlayer.offset(1).Title)</param>
			<param name="middlelabelvisible">!String.IsEmpty(VideoPlayer.offset(1).plot)</param>
			<param name="middleplot">$INFO[VideoPlayer.offset(1).Plot]</param>
			<param name="visiblebottomlabel">true</param>
			<param name="bottomtitle">$INFO[VideoPlayer.offset(1).Year, [COLOR FF448AFF]שנה: [/COLOR], •]$INFO[VideoPlayer.offset(1).Genre, [COLOR FF448AFF]ז'אנר:[/COLOR] ]</param>
		</include>
		
		<include content="SetGrouplist">
			<param name="groupvisible">![String.Contains(Player.FolderPath,telemedia) + String.IsEmpty(VideoPlayer.offset(1).Title] + String.IsEqual(Container(201).ListItem.Property(item),nextplayed) + VideoPlayer.Content(episodes)</param>
			<param name="icon">$INFO[VideoPlayer.offset(1).Cover]</param>
			<param name="rightheader">הבא $VAR[NextEpisodePlaying]</param>
			<param name="toplabel">$INFO[VideoPlayer.offset(1).Title] $INFO[VideoPlayer.offset(1).Year,(,)]</param>
			<param name="toplabelvisible">!String.IsEmpty(VideoPlayer.offset(1).Title)</param>
			<param name="middlelabelvisible">!String.IsEmpty(VideoPlayer.offset(1).plot)</param>
			<param name="middleplot">$INFO[VideoPlayer.offset(1).Plot]</param>
			<param name="visiblebottomlabel">true</param>
			<param name="bottomtitle">$INFO[VideoPlayer.offset(1).Season, [COLOR burlywood]עונה: [/COLOR], •]$INFO[VideoPlayer.offset(1).Episode, [COLOR burlywood]פרק:[/COLOR] ]</param>
		</include>
		
		<include content="SetGrouplist">
			<param name="groupvisible">!String.IsEmpty(VideoPlayer.offset(-1).Title) + String.IsEqual(Container(201).ListItem.Property(item),previousplayed)</param>
			<param name="icon">$VAR[PreviousVideoIcon]</param>
			<param name="rightheader">הקודם $VAR[PreviousEpisodePlaying]</param>
			<param name="toplabel">$INFO[VideoPlayer.offset(-1).Title] $INFO[VideoPlayer.offset(-1).Year,(,)]</param>
			<param name="toplabelvisible">!String.IsEmpty(VideoPlayer.offset(-1).Title)</param>
			<param name="middlelabelvisible">!String.IsEmpty(VideoPlayer.offset(-1).plot)</param>
			<param name="middleplot">$INFO[VideoPlayer.offset(-1).Plot]</param>
			<param name="visiblebottomlabel">true</param>
			<param name="bottomtitle">$INFO[VideoPlayer.offset(-1).Season, [COLOR burlywood]עונה: [/COLOR], •]$INFO[VideoPlayer.offset(-1).Episode, [COLOR burlywood]פרק:[/COLOR] ]</param>
		</include>
		
		<include content="SetGrouplist">
			<param name="groupvisible">String.IsEqual(Container(201).ListItem.Property(showinfo),true)</param>
			<param name="icon">$VAR[EpisodeIconCheck]</param>
			<param name="rightheader">משודר כעת $VAR[NowPlayingEpsiode]</param>
			<param name="toplabel">$VAR[GlobalTitleInfo]</param>
			<param name="toplabelvisible">!String.IsEmpty(VideoPlayer.Title)</param>
			<param name="middlelabelvisible">!String.IsEmpty(VideoPlayer.plot)</param>
			<param name="middleplot">$INFO[VideoPlayer.Plot]</param>
			<param name="visiblebottomlabel">!String.IsEmpty(VideoPlayer.Duration)</param>
			<param name="bottomtitle">$VAR[InfoTimeAndDuration] $VAR[InfoSeasonEpisode]</param>
			<param name="secvisiblebottomlabel">VideoPlayer.Content(LiveTv)</param>
			<param name="secbottomtitle">$INFO[VideoPlayer.StartTime, [COLOR FF448AFF]מתחיל: [/COLOR], •]$INFO[VideoPlayer.EndTime, [COLOR FF448AFF]מסתיים:[/COLOR] ]</param>
		</include>
	
		<include content="SetGrouplist">
			<param name="groupvisible">String.IsEqual(Container(201).ListItem.Property(livetv),livestream)</param>
			<param name="icon">$INFO[Player.offset(1).Icon]</param>
			<param name="rightheader">התוכנית הבאה בערוץ: $INFO[VideoPlayer.ChannelName]</param>
			<param name="toplabel">$INFO[VideoPlayer.NextTitle]</param>
			<param name="toplabelvisible">!String.IsEmpty(VideoPlayer.NextTitle)</param>
			<param name="middlelabelvisible">!String.IsEmpty(VideoPlayer.plot)</param>
			<param name="middleplot">$INFO[VideoPlayer.NextPlot]</param>
			<param name="visiblebottomlabel">!String.IsEmpty(VideoPlayer.NextStartTime)</param>
			<param name="bottomtitle">$INFO[VideoPlayer.NextStartTime, [COLOR FF448AFF]מתחיל: [/COLOR], •]$INFO[VideoPlayer.NextEndTime, [COLOR FF448AFF]מסתיים:[/COLOR] ]</param>
			<param name="secvisiblebottomlabel">false</param>
			<param name="secbottomtitle">none</param>
		</include>
		
	
	
	<control type="fixedlist" id="278400">
	<visible>String.IsEqual(Container(201).ListItem.Property(livetv),livetvstream)</visible>
	<animation effect="fade" start="0" end="100" time="250">Visible</animation>
	<animation effect="fade" start="100" end="0" time="250">Hidden</animation>
	<height>500</height>
	<top>55%</top>
	<onback>201</onback>
	<ondown>201</ondown>
	<include>livetvonupvideoosdviewer</include>
	<orientation>horizontal</orientation>
	<scrolltime tween="cubic">550</scrolltime>
	<focusdposition>0</focusdposition>
	<movement>2</movement>
	<itemlayout width="600" height="250">
	<control type="group">
	<width>580</width>
	<include content="SizedBackGround">
		<param name="width">580</param>
		<param name="height">250</param>
	</include>
	<include content="IconSizedBackGround">
		<param name="top">15</param>
		<param name="left">15</param>
		<param name="width">220</param>
		<param name="height">220</param>
		<param name="icon">$INFO[Player.Icon]</param>
	</include>
	<control type="textbox">
	<top>10</top>
	<left>42%</left>
	<width>320</width>
	<height>225</height>
	<align>left</align>
	<aligny>center</aligny>
	<font>font20</font>
	<label>[B]$INFO[VideoPlayer.ChannelName][CR][/B][COLOR burlywood]$INFO[VideoPlayer.Title][/COLOR][CR]$INFO[VideoPlayer.Plot]</label>
	</control>
	</control>
	</itemlayout>
	<focusedlayout width="600" height="250">
	<control type="group">
	<width>580</width>
		<control type="image">
		<top>5</top>
		<left>5</left>
		<right>5</right>
		<bottom>5</bottom>
		<width>570</width>
		<texture colordiffuse="deepskyblue">colors/white.png</texture>
		<visible>Control.HasFocus(278400)</visible>
	</control>
	<include content="SizedBackGround">
		<param name="width">580</param>
		<param name="height">250</param>
	</include>
	<include content="IconSizedBackGround">
		<param name="top">15</param>
		<param name="left">15</param>
		<param name="width">220</param>
		<param name="height">220</param>
		<param name="icon">$INFO[Player.Icon]</param>
	</include>
	<control type="textbox">
	<top>10</top>
	<left>42%</left>
	<width>320</width>
	<height>225</height>
	<align>left</align>
	<font>font20</font>
	<aligny>center</aligny>
	<label>[B]$INFO[VideoPlayer.ChannelName][CR][/B][COLOR burlywood]$INFO[VideoPlayer.Title][/COLOR][CR]$INFO[VideoPlayer.Plot]</label>
	</control>
	</control>

	</focusedlayout>
	<content>pvr://channels/tv/*</content>
	</control>
	
	<control type="group">
	<top>52%</top>
	<include content="SetChannels">
		<param name="id" value="278401"/>
		<param name="visible" value="String.IsEqual(Container(201).ListItem.Property(item),episodes)"/>
		<param name="onup">episodesonupvideoosdviewer</param>
		<param name="itemlayoutwidth" value="640"/>
		<param name="itemlayoutheight" value="280"/>
		<param name="grouptwidth" value="625"/>
		<param name="iconwidh" value="45%"/>
		<param name="infoleft" value="45%"/>
		<param name="groupheight" value="$PARAM[itemlayoutheigh]"/>
		<param name="orintationvisible" value="false"/>
		<param name="content" value="plugin://plugin.video.themoviedb.helper?info=episodes&amp;tmdb_type=tv&amp;imdb_id=$INFO[VideoPlayer.IMDBNumber]&amp;season=$INFO[VideoPlayer.Season]"/>
	</include>
	</control>
	
	<control type="group">
	<top>52%</top>
	<include content="SetChannels">
		<param name="id" value="278404"/>
		<param name="visible" value="String.IsEqual(Container(201).ListItem.Property(item),similarmovies)"/>
		<param name="onup">moviesonupvideoosdviewer</param>
		<param name="itemlayoutwidth" value="640"/>
		<param name="itemlayoutheight" value="280"/>
		<param name="grouptwidth" value="625"/>
		<param name="iconwidh" value="28%"/>
		<param name="infoleft" value="35%"/>
		<param name="orintationvisible" value="true"/>
		<param name="groupheight" value="$PARAM[itemlayoutheigh]"/>
		<param name="content" value="plugin://plugin.video.themoviedb.helper?info=recommendations&amp;type=$VAR[_VarOsdVideoType]&amp;imdb_id=$INFO[VideoPlayer.IMDBNumber]"/>
	</include>
	</control>
	
	<control type="group">
	<top>52%</top>
	<include content="SetChannels">
		<param name="id" value="278405"/>
		<param name="visible" value="String.IsEqual(Container(201).ListItem.Property(item),actrosplayed)"/>
		<param name="onup">actrosonupvideoosdviewer</param>
		<param name="itemlayoutwidth" value="640"/>
		<param name="itemlayoutheight" value="280"/>
		<param name="grouptwidth" value="625"/>
		<param name="iconwidh" value="35%"/>
		<param name="infoleft" value="40%"/>
		<param name="characterleft" value="40%"/>
		<param name="onclick" value="OsdPersondetailsonclick"/>
		<param name="orintationvisible" value="false"/>
		<param name="groupheight" value="$PARAM[itemlayoutheigh]"/>
		<param name="content" value="plugin://plugin.video.themoviedb.helper?info=cast&amp;type=$VAR[_VarOsdVideoType]&amp;imdb_id=$INFO[VideoPlayer.IMDBNumber]"/>
	</include>
	</control>


	<control type="group">
		<visible>String.IsEqual(Container(201).ListItem.Property(nextitem),nextitemid)</visible>
		<animation effect="fade" start="0" end="100" time="300" delay="250">Visible</animation>
		<animation effect="fade" start="100" end="0" time="100">Hidden</animation>
		<include>Animation_BottomSlide</include>
	<include content="BusyListSpinner">
		<param name="top">150</param>
		<param name="left">50</param>
		<param name="list_id">278403</param>
	</include>
	<top>60%</top>
	<width>100%</width>
	<height>500</height>
	<control type="fixedlist" id="278403">
		<orientation>horizontal</orientation>
		<scrolltime tween="cubic">550</scrolltime>
		<focusposition>0</focusposition>
		<movement>2</movement>
		<onback>201</onback>
		<oninfo>false</oninfo>
		<ondown>Control.SetFocus(201)</ondown>
		<onleft>false</onleft>
		<onright>false</onright>
		<itemlayout />
		<focusedlayout width="1920" height="410">
			<!-- info background -->
		<control type="image">
			<top>14%</top>
			<left>-10</left>
			<width>420</width>
			<height>270</height>
			<bordertexture colordiffuse="black" border="24" infill="true" background="true">shadows/shadow-24.png</bordertexture>
			<bordersize>24</bordersize>
			<texture fallback="fallbacks/fallback1.jpg">$INFO[ListItem.Art(fanart)]</texture>
			<visible>VideoPlayer.Content(movies)</visible>
		</control>
		<control type="image">
			<top>14%</top>
			<left>-10</left>
			<width>420</width>
			<height>270</height>
			<bordertexture colordiffuse="black" border="24" infill="true" background="true">shadows/shadow-24.png</bordertexture>
			<bordersize>24</bordersize>
			<texture fallback="fallbacks/fallback1.jpg">$INFO[ListItem.Icon]</texture>
			<visible>VideoPlayer.Content(episodes)</visible>
		</control>
		<control type="label">
			<top>18%</top>
			<right>5</right>
			<height>15%</height>
			<align>right</align>
			<font>font30_title</font>
			<label>המלצת הסרט הבא לצפייה</label>
			<visible>VideoPlayer.Content(movies)</visible>
		</control>
		<control type="label">
			<top>18%</top>
			<right>5</right>
			<height>15%</height>
			<align>right</align>
			<font>font30_title</font>
			<label>הפרק הבא: $INFO[VideoPlayer.Season,[COLOR burlywood]עונה[/COLOR] ] - $INFO[VideoPlayer.Episode,[COLOR burlywood]פרק[/COLOR] ]</label>
			<visible>VideoPlayer.Content(episodes)</visible>
		</control>
		<control type="textbox">
			<top>23%</top>
			<left>21%</left>
			<right>25</right>
			<height>205</height>
			<align>left</align>
			<aligny>center</aligny>
			<textcolor>white</textcolor>
			<font>font45</font>
			<bottom>15</bottom>
			<selectedcolor>burlywood</selectedcolor>
			<label>[B]$INFO[VideoPlayer.Title] $INFO[VideoPlayer.Year,(,)][/B][CR]$INFO[VideoPlayer.Plot]</label>
		</control>
		</focusedlayout>
		<content condition="VideoPlayer.Content(movies)">plugin://plugin.video.themoviedb.helper?info=next_recommendation&amp;type=movie&amp;imdb_id=$INFO[VideoPlayer.IMDBNumber]</content>
		<content condition="VideoPlayer.Content(episodes)">plugin://plugin.video.themoviedb.helper?info=next_recommendation&amp;type=tv&amp;imdb_id=$INFO[Videoplayer.IMDBNumber]&amp;season=$INFO[VideoPlayer.Season]&amp;episode=$INFO[VideoPlayer.Episode]</content>
		</control>
		</control>


			<control type="label">
			<animation effect="fade" end="100" time="250">VisibleChange</animation>
			<animation effect="fade" start="0" end="100" time="300" delay="250">Visible</animation>
			<animation effect="fade" start="100" end="0" time="100">Hidden</animation>
				<centerleft>73.8%</centerleft>
				<centertop>94.2%</centertop>
				<width>50%</width>
				<height>60</height>
				<align>right</align>
				<aligny>top</aligny>
				<label>$VAR[MenuLabelDescription]</label>
				<font>font25</font>
				<include>Animation_BottomSlide</include>
			</control>
			
			<control type="button">
			<animation effect="fade" start="0" end="100" time="250">Visible</animation>
			<animation effect="fade" start="100" end="0" time="250">Hidden</animation>
			<visible allowhiddenfocus="true">String.IsEqual(Container(201).ListItem.Property(nextitem),nextitemid) + Control.HasFocus(278403)</visible>
			<top>57%</top>
			<left>0.2%</left>
			<width>auto</width>
			<height>auto</height>
			<textcolor>white</textcolor>
			<shadowcolor>black</shadowcolor>
			<texturenofocus colordiffuse="black">colors/white.png</texturenofocus>
			<label>לחץ להפעלת הפרק הבא</label>
			<visible>VideoPlayer.Content(episodes)</visible>
			<!-- fake button-->
			</control>
			
			<control type="button">
			<animation effect="fade" start="0" end="100" time="250">Visible</animation>
			<animation effect="fade" start="100" end="0" time="250">Hidden</animation>
			<visible allowhiddenfocus="true">String.IsEqual(Container(201).ListItem.Property(nextitem),nextitemid) + Control.HasFocus(278403)</visible>
			<top>57%</top>
			<left>0.2%</left>
			<width>auto</width>
			<height>auto</height>
			<textcolor>white</textcolor>
			<shadowcolor>black</shadowcolor>
			<texturenofocus colordiffuse="black">colors/white.png</texturenofocus>
			<label>לחץ להפעלת הסרט הבא</label>
			<visible>VideoPlayer.Content(movies)</visible>
			<!-- fake button-->
			</control>
			
			
			<control type="group">
			<bottom>0</bottom>
			<height>190</height>
			<control type="group">
			<include>Animation_BottomSlide</include>
				<animation effect="fade" time="200">VisibleChange</animation>
				<control type="grouplist">
					<visible>[PVR.IsRecordingPlayingChannel + !Player.ChannelPreviewActive] | PVR.IsPlayingActiveRecording</visible>
					<left>20</left>
					<centertop>125</centertop>
					<height>60</height>
					<align>left</align>
					<orientation>horizontal</orientation>
					<itemgap>-5</itemgap>
					<control type="image">
						<top>100</top>
						<left>20</left>
						<width>60</width>
						<height>60</height>
						<aligny>center</aligny>
						<texture>osd/fullscreen/buttons/record.png</texture>
					</control>
					<control type="label">
						<top>110</top>
						<left>90</left>
						<width>400</width>
						<height>60</height>
						<aligny>center</aligny>
						<font>font25_title</font>
						<label>[COLOR red][B]$LOCALIZE[19158][/B][/COLOR]</label>
					</control>
				</control>
				
				<control type="grouplist">
					<right>20</right>
					<centertop>125</centertop>
					<width>800</width>
					<height>50</height>
					<align>right</align>
					<include>Animation_BottomSlide</include>
					<orientation>horizontal</orientation>
					<itemgap>10</itemgap>
					<visible>Player.ShowInfo + !Player.ChannelPreviewActive + Window.IsActive(visualisation)</visible>
					<animation effect="fade" start="0" end="100" time="200" delay="1000">Visible</animation>
					<include content="MediaFlag">
						<param name="texture" value="flags/rds/rds.png" />
						<param name="visible" value="RDS.HasRDS" />
					</include>
					<include content="MediaFlag">
						<param name="texture" value="$INFO[MusicPlayer.Codec,flags/audiocodec/,.png]" />
					</include>
					<include content="MediaFlag">
						<param name="texture" value="$INFO[MusicPlayer.Channels,flags/audiochannel/,.png]" />
					</include>
					<control type="group">
						<visible>!String.IsEmpty(MusicPlayer.SampleRate)</visible>
						<width>115</width>
						<control type="label">
							<width>115</width>
							<height>60</height>
							<align>center</align>
							<aligny>center</aligny>
							<label>$INFO[MusicPlayer.SampleRate, ,kHz]</label>
							<font>font_flag</font>
						</control>
						<include content="MediaFlag">
							<param name="texture" value="flags/flag.png" />
						</include>
					</control>
					<control type="group">
						<visible>!String.IsEmpty(MusicPlayer.BitRate)</visible>
						<width>115</width>
						<control type="label">
							<width>115</width>
							<height>60</height>
							<align>center</align>
							<aligny>center</aligny>
							<label>$INFO[MusicPlayer.BitRate, ,kbps ]</label>
							<font>font_flag</font>
						</control>
						<include content="MediaFlag">
							<param name="texture" value="flags/flag.png" />
						</include>
					</control>
					<control type="group">
						<visible>!String.IsEmpty(MusicPlayer.BitsPerSample)</visible>
						<width>115</width>
						<control type="label">
							<width>115</width>
							<height>60</height>
							<align>center</align>
							<aligny>center</aligny>
							<label>$INFO[MusicPlayer.BitsPerSample, ,bit]</label>
							<font>font_flag</font>
						</control>
						<include content="MediaFlag">
							<param name="texture" value="flags/flag.png" />
						</include>
					</control>
				</control>
			</control>
			<control type="label">
				<centerleft>74%</centerleft>
				<centertop>158</centertop>
				<width>50%</width>
				<height>60</height>
				<align>right</align>
				<aligny>top</aligny>
				<label>$VAR[SeekTimeLabelVar]</label>
				<font>font45</font>
				<shadowcolor>black</shadowcolor>
				<visible>!Player.ChannelPreviewActive | VideoPlayer.HasEpg</visible>
			</control>
			<control type="label" id="40000">
				<centertop>25</centertop>
				<height>50</height>
				<align>right</align>
				<right>5</right>
				<label>$VAR[SeekLabel]</label>
				<font>font45</font>
				<shadowcolor>black</shadowcolor>
			</control>
			<control type="group">
				<control type="progress">
					<left>0</left>
					<top>70</top>
					<width>100%</width>
					<height>16</height>
					<info>Player.ProgressCache</info>
					<texturebg border="3" colordiffuse="00FFFFFF">colors/white50.png</texturebg>
					<midtexture>colors/white50.png</midtexture>
				</control>
				<control type="progress">
					<left>0</left>
					<top>70</top>
					<width>100%</width>
					<height>16</height>
					<info>Player.Progress</info>
					<texturebg border="3" colordiffuse="60FFFFFF">colors/white50.png</texturebg>
					<midtexture colordiffuse="$INFO[Skin.String(playerosdcolor)]">colors/white.png</midtexture>
				</control>
				<control type="slider">
					<top>70</top>
					<left>0</left>
					<width>100%</width>
					<height>16</height>
					<texturesliderbar colordiffuse="00FFFFFF">osd/progress/nub_leftright.png</texturesliderbar>
					<textureslidernib colordiffuse="white">osd/progress/nub_leftright.png</textureslidernib>
					<textureslidernibfocus colordiffuse="white">osd/progress/nub_leftright.png</textureslidernibfocus>
					<info>Player.Progress</info>
					<onup>200</onup>
					<ondown>200</ondown>
					<action>seek</action>
				</control>
			</control>
			<control type="ranges">
				<left>0</left>
				<top>70</top>
				<width>100%</width>
				<height>8</height>
				<texturebg border="3" colordiffuse="00FFFFFF">colors/white50.png</texturebg>
				<lefttexture>colors/white.png</lefttexture>
				<midtexture colordiffuse="FFFF0000">colors/white.png</midtexture>
				<righttexture>colors/white.png</righttexture>
				<info>Player.Editlist</info>
			</control>
			<control type="ranges">
				<left>0</left>
				<top>82</top>
				<width>100%</width>
				<height>8</height>
				<texturebg border="3" colordiffuse="00FFFFFF">colors/red50.png</texturebg>
				<righttexture>colors/red.png</righttexture>
				<info>Player.Cuts</info>
			</control>
			<control type="ranges">
				<left>0</left>
				<top>82</top>
				<width>100%</width>
				<height>4</height>
				<texturebg border="3" colordiffuse="00FFFFFF">colors/white50.png</texturebg>
				<righttexture>colors/white.png</righttexture>
				<info>Player.SceneMarkers</info>
			</control>
			<control type="ranges">
				<left>0</left>
				<top>82</top>
				<width>100%</width>
				<height>4</height>
				<texturebg border="3" colordiffuse="00FFFFFF">colors/white50.png</texturebg>
				<righttexture>colors/white.png</righttexture>
				<info>Player.Chapters</info>
			</control>
		</control>





		<control type="group">
			<visible>String.IsEqual(Container(201).ListItem.Property(tv),livetv)</visible>
			<animation effect="fade" start="0" end="100" time="300" delay="250">Visible</animation>
			<animation effect="fade" start="100" end="0" time="100">Hidden</animation>
			<include>Animation_BottomSlide</include>
			<top>520</top>
			<height>405</height>
			<!-- info background -->
			<control type="image">
			<animation condition="true" effect="fade" end="85" time="0">Conditional</animation>
				<top>10</top>
				<left>-50</left>
				<width>150%</width>
				<include>ObdShadow</include>
			</control>
			<control type="image">
				<depth>DepthOSD+</depth>
				<left>5</left>
				<bottom>25</bottom>
				<width>345</width>
				<height>345</height>
				<bordertexture>colors/white.png</bordertexture>
				<bordersize>8</bordersize>
				<texture fallback="DefaultVideo.png" background="true">$INFO[Player.offset(1).Icon]</texture>
				<!-- <bordertexture border="21" infill="false">overlays/shadow.png</bordertexture>
				<bordersize>20</bordersize> -->
				<include>OpenClose_Left</include>
			</control>
				<control type="label">
					<top>35</top>
					<height max="45">45</height>
					<label fallback="10005">התוכנית הבאה</label>
					<align>right</align>
					<font>font45_title</font>
					<autoscroll delay="5000" repeat="7500" time="5000"></autoscroll>
				</control>
			<control type="grouplist">
			<top>105</top>
				<left>370</left>
				<right>20</right>
				<align>left</align>
				<aligny>center</aligny>
				<orientation>vertical</orientation>
				<itemgap>35</itemgap>
				<control type="label">
				<height>45</height>
					<label fallback="10005">$INFO[VideoPlayer.NextTitle]</label>
					<align>left</align>
					<font>font52_title</font>
					<autoscroll delay="5000" repeat="7500" time="5000">true</autoscroll>
				</control>
				<control type="textbox">
				<height>115</height>
					<label fallback="10005">$INFO[VideoPlayer.NextPlot]</label>
					<align>left</align>
					<font>font45</font>
					<autoscroll delay="5000" repeat="7500" time="5000">true</autoscroll>
				</control>
				<control type="label">
					<height>40</height>
					<label fallback="10005">[COLOR FF448AFF][[/COLOR]$INFO[VideoPlayer.NextStartTime][COLOR FF448AFF]][/COLOR] - [COLOR FF448AFF][[/COLOR]$INFO[VideoPlayer.NextEndTime][COLOR FF448AFF]][/COLOR]</label>
					<align>left</align>
				</control>
			</control>
		</control>
	
		<control type="group">
		<top>85.5%</top>
		<height>125</height>
		<align>right</align>
		<animation effect="fade" start="0" end="100" time="300" delay="250">Visible</animation>
		<animation effect="fade" start="100" end="0" time="100">Hidden</animation>
		<include>Animation_BottomSlide</include>
		<visible>!$EXP[osdslideuptrueplot]</visible>
		<control type="grouplist">
			<itemgap>0</itemgap>
			<align>right</align>
			<right>5</right>
			<orientation>horizontal</orientation>
				<include content="mediaflagsobj">
				<param name="visible" value="!String.IsEmpty(VideoPlayer.VideoResolution)"/>
				<param name="label" value="Res"/>
				<param name="infolabel" value="$INFO[VideoPlayer.VideoResolution]"/>
				</include>
				<include content="mediaflagsobj">
				<param name="visible" value="!String.IsEmpty(VideoPlayer.HdrType)"/>
				<param name="label" value="Hdr"/>
				<param name="infolabel" value="$INFO[VideoPlayer.HdrType]"/>
				</include>
				<include content="mediaflagsobj">
				<param name="visible" value="!String.IsEmpty(VideoPlayer.SubtitlesLanguage)"/>
				<param name="label" value="SubLang"/>
				<param name="infolabel" value="$INFO[VideoPlayer.SubtitlesLanguage]"/>
				</include>
				<include content="mediaflagsobj">
				<param name="visible" value="!String.IsEmpty(VideoPlayer.AudioLanguage)"/>
				<param name="label" value="AudioLang"/>
				<param name="infolabel" value="$INFO[VideoPlayer.AudioLanguage]"/>
				</include>
				<include content="mediaflagsobj">
				<param name="visible" value="!String.IsEmpty(VideoPlayer.LastPlayed)"/>
				<param name="label" value="LastPlay"/>
				<param name="infolabel" value="$INFO[VideoPlayer.LastPlayed]"/>
				</include>
				<include content="mediaflagsobj">
				<param name="visible" value="!String.IsEmpty(VideoPlayer.VideoCodec)"/>
				<param name="label" value="Codec"/>
				<param name="infolabel" value="$INFO[VideoPlayer.VideoCodec]"/>
				</include>
				
		</control>
	</control>
					
		
	<!-- ################### -->
	<include>LeftTopBarOsd</include>
	<include>RightTopBarOsd</include>
	<!-- ################## -->


	<control type="group">
	<animation type="Visible">
	<effect type="slide" start="0,20" end="0,0" time="250" tween="sine" easing="inout"/>
	<effect type="fade" start="0" end="100" time="250"/>
	</animation>
	<animation type="Hidden">
	<effect type="slide" start="0,0" end="0,20" time="250" tween="sine" easing="inout"/>
	<effect type="fade" start="100" end="0" time="250"/>
	</animation>
	<include content="BusyListSpinner">
		<param name="top">50</param>
		<param name="left">320</param>
		<param name="list_id">99956</param>
	</include>
	<visible>Control.HasFocus(11601)</visible>
	<width>1000</width>
	<height>400</height>
	<centerleft>50%</centerleft>
	<centertop>35%</centertop>
	<control type="group">
	<control type="image">
	<animation condition="true" effect="fade" start="100" end="95" time="0">Conditional</animation>
		<top>10</top>
		<left>10</left>
		<right>10</right>
		<bottom>10</bottom>
		<texture border="3" colordiffuse="FF181818" background="true" infill="true">common/box.png</texture>
	</control>
	<control type="image">
		<top>10</top>
		<left>10</left>
		<right>10</right>
		<bottom>10</bottom>
		<texture border="8" colordiffuse="gray" background="true" infill="true">common/box21.png</texture>
	</control>
	</control>
	<control type="image">
		<top>5%</top>
		<left>1%</left>
		<width>350</width>
		<height>350</height>
		<bordertexture colordiffuse="black" border="24" infill="true" background="true">shadows/shadow-24.png</bordertexture>
		<bordersize>24</bordersize>
		<texture>$INFO[Container(278405).ListItem.Icon]</texture>
	</control>
	<control type="textbox">
		<autoscroll fade="5000" time="5000" repeat="5000">true</autoscroll>
		<width>500</width>
		<height>250</height>
		<left>36%</left>
		<top>75</top>
		<bottom>10</bottom>
		<align>left</align>
		<aligny>center</aligny>
		<label>$VAR[osdPersonDetailsInfo]</label>
	</control>
	</control>
	
	<control type="button" id="11601">
	<!-- fake button -->
	<width>1</width>
	<height>1</height>
	<label></label>
	<onright>278405</onright>
	<onleft>278405</onleft>
	<ondown>278405</ondown>
	<onup>278405</onup>
	<onback>278405</onback>
	</control>

</control>
</include>
</includes>
