<?xml version="1.0" encoding="utf-8"?>
<window>
	<defaultcontrol></defaultcontrol>
	<onload>ActivateWindow(musicosd)</onload>
	<backgroundcolor>background</backgroundcolor>
	<onload condition="System.AddonIsEnabled(script.artistslideshow) + !Skin.HasSetting(hide_background_fanart)">RunScript(script.artistslideshow)</onload>
	<onload condition="Window.IsActive(9110)">Dialog.Close(9110)</onload>
	<include>_VARzoomglobalanimation</include>
	<controls>
	
	<include>SetBackGroundImage</include>
	<control type="group">
	<left>0</left>
		<control type="group">
			<width>1920</width>
			<height>250</height>
		<include content="GeneralBasedBackGround">
		<param name="imagebackground" value="false"/>
		</include>
		<control type="image">
			<top>15</top>
			<left>15</left>
			<right>15</right>
			<bottom>15</bottom>
			<animation condition="true" effect="fade" start="100" end="65" time="0">Conditional</animation>
			<texture colordiffuse="black">colors/white.png</texture>
		</control>
		<control type="label">
			<scroll>true</scroll>
			<scrollspeed>20</scrollspeed>
			<top>0</top>
			<left>25</left>
			<width>1875</width>
			<height>100%</height>
			<align>center</align>
			<textcolor>45FFFFFF</textcolor>
			<label fallback="No Information">$INFO[MusicPlayer.Artist] $INFO[MusicPlayer.Artist] $INFO[MusicPlayer.Artist] $INFO[MusicPlayer.Artist] $INFO[MusicPlayer.Artist] $INFO[MusicPlayer.Artist] $INFO[MusicPlayer.Artist] $INFO[MusicPlayer.Artist] $INFO[MusicPlayer.Artist] $INFO[MusicPlayer.Artist] $INFO[MusicPlayer.Artist] $INFO[MusicPlayer.Artist] $INFO[MusicPlayer.Artist]</label>
			<font>WeatherTemp</font>
			<visible>!String.IsEmpty(MusicPlayer.Artist)</visible>
		</control>
		<control type="label">
			<scroll>true</scroll>
			<scrollspeed>20</scrollspeed>
			<left>25</left>
			<width>1875</width>
			<height>100%</height>
			<align>center</align>
			<textcolor>45FFFFFF</textcolor>
			<label fallback="No Information">No Artist Information No Artist Information No Artist Information No Artist Information No Artist Information No Artist Information No Artist Information No Artist Information No Artist Information No Artist Information No Artist Information No Artist Information No Artist Information</label>
			<font>WeatherTemp</font>
			<visible>String.IsEmpty(MusicPlayer.Artist)</visible>
		</control>
		<control type="label">
			<scroll>true</scroll>
			<scrollspeed>40</scrollspeed>
			<top>150</top>
			<left>25</left>
			<width>1875</width>
			<align>center</align>
			<textcolor>98FFFFFF</textcolor>
			<label fallback="No Information">$INFO[MusicPlayer.Title] - $INFO[MusicPlayer.Title] - $INFO[MusicPlayer.Title] - $INFO[MusicPlayer.Title] - $INFO[MusicPlayer.Title] - $INFO[MusicPlayer.Title] - $INFO[MusicPlayer.Title] - $INFO[MusicPlayer.Title] - $INFO[MusicPlayer.Title] - $INFO[MusicPlayer.Title] - $INFO[MusicPlayer.Title] - $INFO[MusicPlayer.Title] - $INFO[MusicPlayer.Title] - $INFO[MusicPlayer.Title] - $INFO[MusicPlayer.Title] - $INFO[MusicPlayer.Title] - $INFO[MusicPlayer.Title] - $INFO[MusicPlayer.Title] - $INFO[MusicPlayer.Title] - $INFO[MusicPlayer.Title] - $INFO[MusicPlayer.Title] - $INFO[MusicPlayer.Title] - $INFO[MusicPlayer.Title]</label>
			<font>font45</font>
			<visible>!String.IsEmpty(MusicPlayer.Title)</visible>
		</control>
		<control type="label">
		<scroll>true</scroll>
			<scrollspeed>40</scrollspeed>
			<top>150</top>
			<left>25</left>
			<width>1875</width>
			<align>center</align>
			<textcolor>98FFFFFF</textcolor>
			<label fallback="No Information">No Title - No Title - No Title - No Title - No Title - No Title - No Title - No Title - No Title - No Title - No Title - No Title - No Title - No Title - No Title - No Title - No Title - No Title - No Title - No Title - No Title - No Title - No Title</label>
			<font>font45</font>
			<visible>String.IsEmpty(MusicPlayer.Title)</visible>
		</control>
		</control>			
	</control>
	

		<control type="group">
		<visible>!Window.IsActive(musicosd)</visible>
		<include content="MusicOsdNext">
			<param name="visible" value="![ControlGroup(201).HasFocus(607) | ControlGroup(201).HasFocus(600)]"/><param name="title" value="$VAR[_VarMusicOsdTitle]"/><param name="artist" value="$VAR[_VarMusicOsdArtist]"/><param name="album" value="$VAR[_VarMusicOsdAlbum]"/><param name="genre" value="$VAR[_VarMusicOsdGenre]"/><param name="year" value="$VAR[_VarMusicOsdYear]"/><param name="plot" value="$VAR[_VarMusicOsdPlot]"/><param name="header" value="מתנגן כעת"/><param name="icon" value="$INFO[MusicPlayer.Cover]"/>
		</include>
		<include content="MusicOsdNext">
			<param name="visible" value="ControlGroup(201).HasFocus(607)"/><param name="title" value="$VAR[_VarMusicOsdNextTitle]"/><param name="artist" value="$VAR[_VarMusicOsdNextArtist]"/><param name="album" value="$VAR[_VarMusicOsdNextAlbum]"/><param name="genre" value="$VAR[_VarMusicOsdNextGenre]"/><param name="year" value="$VAR[_VarMusicOsdNextYear]"/><param name="plot" value="$VAR[_VarMusicOsdNextPlot]"/><param name="header" value="הבא בתור"/><param name="icon" value="$INFO[MusicPlayer.offset(1).Cover]"/>
		</include>
		<include content="MusicOsdNext">
			<param name="visible" value="ControlGroup(201).HasFocus(600)"/><param name="title" value="$VAR[_VarMusicOsdPreviousTitle]"/><param name="artist" value="$VAR[_VarMusicOsdPreviousArtist]"/><param name="album" value="$VAR[_VarMusicOsdPreviousAlbum]"/><param name="genre" value="$VAR[_VarMusicOsdPreviousGenre]"/><param name="year" value="$VAR[_VarMusicOsdPreviousYear]"/><param name="plot" value="$VAR[_VarMusicOsdPreviousPlot]"/><param name="header" value="הקודם"/><param name="icon" value="$INFO[MusicPlayer.offset(-1).Cover]"/>
		</include>
		</control>
	</controls>
</window>
