<?xml version="1.0" encoding="utf-8"?>
<?xml version="1.0" encoding="utf-8"?>
<window>
	<onload condition="!Player.PauseEnabled">SetFocus(603)</onload>
	<defaultcontrol always="true">602</defaultcontrol>
	<depth>DepthOSD</depth>
	<animation type="WindowOpen">
		<effect type="slide" start="0,200" end="0,-40" time="850" fade="150" tween="back" easing="inout"/>
	</animation>
	<animation type="WindowClose">
		<effect type="fade" start="10" end="0" time="450" fade="150" tween="sine" easing="inout"/>
	</animation>
	<controls>
	
	
		<include condition="Skin.HasSetting(touchmode)">TouchBackOSDButton</include>
		<control type="group" id="200">
		<control type="group">
		<animation condition="ControlGroup(201).HasFocus(607) + !ControlGroup(202).HasFocus() + MusicPlayer.Offset(1).Exists" effect="slide" start="0,0" end="0,-350" time="250">Conditional</animation>
		<animation condition="ControlGroup(201).HasFocus(600) + !ControlGroup(202).HasFocus() + MusicPlayer.Offset(-1).Exists" effect="slide" start="0,0" end="0,-350" time="250">Conditional</animation>
		<animation effect="fade" start="100" end="0" time="550" delay="250">Hidden</animation>
		<left>-50</left>
		<width>2000</width>
		<height>1450</height>
			<control type="image">
				<top>10</top>
				<left>10</left>
				<right>10</right>
				<bottom>10</bottom>
				<texture border="3" colordiffuse="98000000" background="true" infill="true">common/box.png</texture>
			</control>
			<control type="image">
				<top>10</top>
				<left>10</left>
				<right>10</right>
				<bottom>10</bottom>
				<texture border="3" colordiffuse="98181818" background="true" infill="true">common/box.png</texture>
			</control>
			<control type="image">
				<top>10</top>
				<left>10</left>
				<right>10</right>
				<bottom>10</bottom>
				<texture border="8" colordiffuse="gray" background="true" infill="true">common/box21.png</texture>
			</control>
			</control>
			<bottom>0</bottom>
			<height>120</height>
			<visible>!Window.IsActive(osdaudiosettings) + !Window.IsActive(osdvideosettings) + !Window.IsActive(playerprocessinfo)</visible>
			<animation type="Visible" reversible="false">
				<effect type="fade" start="0" end="100" time="300"/>
				<effect type="slide" start="0,200" end="0,0" time="300" tween="cubic" easing="out" />
			</animation>
			<animation type="Hidden" reversible="false">
				<effect type="fade" start="100" end="0" time="300"/>
				<effect type="slide" start="0,0" end="0,200" time="300" tween="cubic" easing="out" />
			</animation>
			
			<control type="grouplist" id="201">
				<left>20</left>
				<top>85</top>
				<width>50%</width>
				<height>135</height>
				<itemgap>10</itemgap>
				<scrolltime tween="sine">200</scrolltime>
				<orientation>horizontal</orientation>
				<onup condition="!Window.IsActive(1102)">87</onup>
				<onup condition="Window.IsActive(1102)">22332</onup>
				<ondown>noop</ondown>
				<onleft>70048</onleft>
				<onright>70040</onright>
				<control type="radiobutton" id="600">
					<include content="OSDButton">
						<param name="texture" value="osd/fullscreen/buttons/previous.png"/>
					</include>
					<onclick>PlayerControl(Previous)</onclick>
					<visible>Player.ChapterCount | MusicPlayer.HasPrevious | [Player.SeekEnabled + MusicPlayer.Content(livetv)]</visible>
				</control>
				<control type="radiobutton" id="601">
					<include content="OSDButton">
						<param name="texture" value="osd/fullscreen/buttons/rewind.png"/>
					</include>
					<onclick>seek(-100)</onclick>
					<visible>[Player.SeekEnabled + !MusicPlayer.Content(livetv)] + !Player.Paused</visible>
				</control>
				<control type="group" id="698">
					<width>76</width>
					<height>76</height>
					<visible>Player.PauseEnabled</visible>
					<control type="button" id="602">
						<left>0</left>
						<top>0</top>
						<width>74</width>
						<height>74</height>
						<label></label>
						<font></font>
						<texturefocus colordiffuse="button_focus">osd/fullscreen/buttons/button-fo.png</texturefocus>
						<texturenofocus />
						<onleft>601</onleft>
						<onright>603</onright>
						<onup>87</onup>
						<ondown>noop</ondown>
						<onclick>PlayerControl(Play)</onclick>
					</control>
					<control type="image">
						<left>0</left>
						<top>0</top>
						<width>74</width>
						<height>74</height>
						<animation center="38,38" effect="zoom" end="100" reversible="false" start="95" time="480" tween="back" condition="Control.HasFocus(602)">Conditional</animation>
						<texture colordiffuse="white">$VAR[PlayerControlsPlayImageVar]</texture>
					</control>
				</control>
				<control type="radiobutton" id="603">
					<include content="OSDButton">
						<param name="texture" value="osd/fullscreen/buttons/stop.png"/>
					</include>
					<onclick>PlayerControl(Stop)</onclick>
				</control>
				<control type="radiobutton" id="606">
					<include content="OSDButton">
						<param name="texture" value="osd/fullscreen/buttons/forward.png"/>
					</include>
					<onclick>seek(100)</onclick>
					<visible>[Player.SeekEnabled + !MusicPlayer.Content(livetv)] + !Player.Paused</visible>
				</control>
				<control type="radiobutton" id="607">
					<include content="OSDButton">
						<param name="texture" value="osd/fullscreen/buttons/next.png"/>
					</include>
					<onclick>PlayerControl(Next)</onclick>
					<visible>Player.ChapterCount | MusicPlayer.HasNext | PVR.IsTimeShift | Integer.IsGreater(PlayList.Length(music),1)</visible>
				</control>
				<control type="radiobutton" id="608">
					<textureradioonfocus colordiffuse="white">osd/fullscreen/buttons/record-white.png</textureradioonfocus>
					<textureradioonnofocus>osd/fullscreen/buttons/record-white.png</textureradioonnofocus>
					<textureradioofffocus colordiffuse="white">osd/fullscreen/buttons/record.png</textureradioofffocus>
					<textureradiooffnofocus>osd/fullscreen/buttons/record.png</textureradiooffnofocus>
					<texturefocus colordiffuse="button_focus">osd/fullscreen/buttons/button-fo.png</texturefocus>
					<width>76</width>
					<animation center="38,38" effect="zoom" end="100" reversible="false" start="95" time="480" tween="back">Focus</animation>
					<height>76</height>
					<radiowidth>74</radiowidth>
					<radioheight>74</radioheight>
					<font></font>
					<texturenofocus />
					<radioposx>1</radioposx>
					<radioposy>0</radioposy>
					<selected>!PVR.IsRecordingPlayingChannel</selected>
					<onclick>PVR.ToggleRecordPlayingChannel</onclick>
					<visible>PVR.CanRecordPlayingChannel</visible>
					<visible>MusicPlayer.Content(livetv)</visible>
				</control>
			</control>

		<control type="grouplist">
		<left>0.5%</left>
		<top>-35</top>
		<orientation>horizontal</orientation>
		<itemgap>5</itemgap>
		<align>left</align>
		<animation condition="fade" start="0" end="100" time="550">Visible</animation>
		<animation condition="fade" start="100" end="0" time="550">Hidden</animation>
		<control type="button">
			<visible>!String.IsEmpty(MusicPlayer.BitRate)</visible>
			<width>170</width>
			<height>35</height>
			<texturenofocus diffuse="masks/categorywidget.png">colors/white.png</texturenofocus>
			<texturefocus/>
			<textcolor>98000000</textcolor>
			<font>font25_title</font>
			<align>center</align>
			<label>$INFO[MusicPlayer.BitRate, BitRate ]</label>
		</control>
		<control type="button">
			<visible>!String.IsEmpty(MusicPlayer.Channels)</visible>
			<width>170</width>
			<height>35</height>
			<texturenofocus diffuse="masks/categorywidget.png">colors/white.png</texturenofocus>
			<texturefocus/>
			<textcolor>98000000</textcolor>
			<font>font25_title</font>
			<align>center</align>
			<label>$INFO[MusicPlayer.Channels, Channels ]</label>
		</control>
		<control type="button">
			<visible>!String.IsEmpty(MusicPlayer.Codec)</visible>
			<width>170</width>
			<height>35</height>
			<texturenofocus diffuse="masks/categorywidget.png">colors/white.png</texturenofocus>
			<texturefocus/>
			<textcolor>98000000</textcolor>
			<font>font25_title</font>
			<align>center</align>
			<label>$INFO[MusicPlayer.Codec, Codec ]</label>
		</control>
		</control>
		
		<control type="label">
			<animation condition="fade" start="0" end="100" time="550">VisibleChange</animation>
			<visible>ControlGroup(202).HasFocus()</visible>
			<top>-35</top>
			<align>right</align>
			<right>5</right>
			<font>font32_title</font>
			<label>$VAR[_VARMusicOsdButtonsLabel]</label>
		</control>
		
			<control type="group">
			<animation effect="fade" start="0" end="100" time="350" delay="150">VisibleChange</animation>
			<height>40</height>
				<control type="label">
					<top>20</top>
					<left>0</left>
					<right>10</right>
					<align>right</align>
					<font>font10</font>
					<label>$INFO[MusicPlayer.Duration] $INFO[MusicPlayer.TimeRemaining,/ ]</label>
					<visible>![String.IsEmpty(MusicPlayer.Duration) + String.IsEmpty(MusicPlayer.TimeRemaining)]</visible>
				</control>
				<control type="label">
					<top>20</top>
					<left>0</left>
					<right>10</right>
					<align>right</align>
					<font>font10</font>
					<label>שידור חי</label>
					<visible>String.IsEmpty(MusicPlayer.Duration) + String.IsEmpty(MusicPlayer.TimeRemaining)</visible>
				</control>
				<control type="label">
				<visible>Player.Paused</visible>
					<top>20</top>
					<left>10</left>
					<align>left</align>
					<font>font10</font>
					<label>Now Paused....</label>
				</control>
				<control type="fadelabel" id="1">
					<description>My First fadelabel</description>
					<left>-10</left>
					<top>20</top>
					<visible>!Player.Paused</visible>
					<scrollout>false</scrollout>
					<pauseatend>15000</pauseatend>
					<label>Now Playing....</label>
					<label condition="MusicPlayer.Offset(1).Exists">$INFO[MusicPlayer.offset(1).Title,[COLOR deepskyblue]Next:[/COLOR] ]</label>
					<label condition="!String.IsEmpty(MusicPlayer.Title)">$INFO[MusicPlayer.Title,[COLOR FFF79015]Play Now:[/COLOR] ]</label>
					<font>font10</font>
					<textoffsetx>20</textoffsetx>
					<scroll>false</scroll>
					<randomize>true</randomize>
			  </control>
			  <control type="label" id="2">
				<top>20</top>
				<description>buffering value</description>
				<label>$VAR[SeekLabel]</label>
				<width>1920</width>
				<height>25</height>
				<align>center</align>
				<font>font10</font>
			</control>
			</control>
			
			<control type="grouplist" id="202">
				<left>945</left>
				<top>85</top>
				<width>50%</width>
				<width>1850</width>
				<height>135</height>
				<align>right</align>
				<itemgap>10</itemgap>
				<scrolltime tween="sine">200</scrolltime>
				<orientation>horizontal</orientation>
				<onup>87</onup>
				<ondown>noop</ondown>
				<onleft>608</onleft>
				<onright>600</onright>
				<control type="radiobutton" id="70040">
					<include content="OSDButton">
						<param name="texture" value="osd/fullscreen/buttons/channels.png"/>
					</include>
					<onclick>Dialog.Close(MusicOSD)</onclick>
					<onclick>ActivateWindow(PVROSDChannels)</onclick>
					<visible>MusicPlayer.Content(LiveTV)</visible>
				</control>
				<control type="radiobutton" id="70041">
					<include content="OSDButton">
						<param name="texture" value="osd/fullscreen/buttons/guide.png"/>
					</include>
					<onclick>Dialog.Close(MusicOSD)</onclick>
					<onclick>ActivateWindow(PVRChannelGuide)</onclick>
					<visible>MusicPlayer.Content(LiveTV) + VideoPlayer.HasEPG</visible>
				</control>
				<control type="radiobutton" id="70050">
					<include content="OSDButton">
						<param name="texture" value="osd/fullscreen/buttons/rds.png"/>
					</include>
					<onclick>Dialog.Close(MusicOSD)</onclick>
					<onclick>ActivateWindow(PVRRadioRDSInfo)</onclick>
					<visible>MusicPlayer.Content(LiveTV) + RDS.HasRadiotext</visible>
				</control>
				<control type="radiobutton" id="70051">
				<onup>ActivateWindow(1197)</onup>
					<include content="OSDButton">
						<param name="texture" value="osd/fullscreen/buttons/playlist.png"/>
					</include>
					<!-- <onclick>Dialog.Close(all, true)</onclick> -->
					<!-- <onclick>ActivateWindow(musicplaylist)</onclick> -->
					<onclick>Dialog.Close(musicosd)</onclick>
					<onclick condition="!Skin.HasSetting(advancedplaylist)">ActivateWindow(musicplaylist)</onclick>
					<onclick condition="Skin.HasSetting(advancedplaylist)">ActivateWindow(1197)</onclick>
					<visible>Integer.IsGreater(Playlist.Length(music),0) + Integer.IsGreater(Container(22030).NumItems,1)</visible>
				</control>
				<control type="radiobutton" id="70052">
					<include content="OSDButton">
						<param name="texture" value="osd/fullscreen/buttons/rating.png"/>
					</include>
					<onclick>SetRating</onclick>
				</control>
				<control type="group" id="699">
					<width>76</width>
					<height>76</height>
					<visible>![MusicPlayer.Content(LiveTV) | MusicPartyMode.Enabled]</visible>
					<control type="button" id="70053">
						<left>0</left>
						<top>0</top>
						<width>74</width>
						<height>74</height>
						<label></label>
						<font></font>
						<texturefocus colordiffuse="button_focus">osd/fullscreen/buttons/button-fo.png</texturefocus>
						<texturenofocus />
						<onleft>70052</onleft>
						<onright>70054</onright>
						<onup>87</onup>
						<ondown>noop</ondown>
						<onclick>PlayerControl(Repeat)</onclick>
					</control>
					<control type="image">
						<left>0</left>
						<top>0</top>
						<width>74</width>
						<height>74</height>
						<animation center="38,38" effect="zoom" end="100" reversible="false" start="95" time="480" tween="back" condition="Control.HasFocus(70053)">Conditional</animation>
						<texture colordiffuse="white">$VAR[PlayerControlsRepeatImageVar]</texture>
					</control>
				</control>
				<control type="radiobutton" id="70054">
					<textureradioonfocus colordiffuse="white">osd/fullscreen/buttons/random-on.png</textureradioonfocus>
					<textureradioonnofocus>osd/fullscreen/buttons/random-on.png</textureradioonnofocus>
					<textureradioofffocus colordiffuse="white">osd/fullscreen/buttons/random-off.png</textureradioofffocus>
					<textureradiooffnofocus>osd/fullscreen/buttons/random-off.png</textureradiooffnofocus>
					<textureradioondisabled colordiffuse="disabled">osd/fullscreen/buttons/random-on.png</textureradioondisabled>
					<textureradiooffdisabled colordiffuse="disabled">osd/fullscreen/buttons/random-off.png</textureradiooffdisabled>
					<texturefocus colordiffuse="button_focus">osd/fullscreen/buttons/button-fo.png</texturefocus>
					<width>76</width>
					<animation center="38,38" effect="zoom" end="100" reversible="false" start="95" time="480" tween="back">Focus</animation>
					<height>76</height>
					<radiowidth>74</radiowidth>
					<radioheight>74</radioheight>
					<font></font>
					<texturenofocus />
					<radioposx>1</radioposx>
					<radioposy>0</radioposy>
					<selected>Playlist.IsRandom</selected>
					<visible>![MusicPlayer.Content(LiveTV) | MusicPartyMode.Enabled]</visible>
					<onclick>PlayerControl(Random)</onclick>
				</control>
				<control type="radiobutton" id="70055">
					<include content="OSDButton">
						<param name="texture" value="osd/fullscreen/buttons/settings-subtitle.png"/>
					</include>
					<onclick>Close</onclick>
					<onclick condition="!String.IsEmpty(Skin.String(LyricScript_Path))">RunScript($INFO[Skin.String(LyricScript_Path)])</onclick>
					<onclick condition="String.IsEmpty(Skin.String(LyricScript_Path))">Skin.SetAddon(LyricScript_Path,xbmc.python.lyrics)</onclick>
					<onclick condition="String.IsEmpty(Skin.String(LyricScript_Path))">Close</onclick>
					<onclick condition="String.IsEmpty(Skin.String(LyricScript_Path))">RunScript($INFO[Skin.String(LyricScript_Path)])</onclick>
				</control>
				<control type="radiobutton" id="70048">
					<include content="OSDButton">
						<param name="texture" value="osd/fullscreen/buttons/settings.png"/>
					</include>
					<onclick>ActivateWindow(1105)</onclick>
				</control>
			</control>
		</control>
		
		<control type="group">
			<bottom>45</bottom>
			<height>5</height>
			<width>100%</width>
			<control type="button" id="87">
				<include>HiddenObject</include>
				<onup>12123</onup>
				<ondown>200</ondown>
				<onleft>StepBack</onleft>
				<onright>StepForward</onright>
			</control>
				<control type="progress">
					<left>0</left>
					<top>-5</top>
					<info>Player.ProgressCache</info>
					<texturebg border="3" colordiffuse="black">colors/white50.png</texturebg>
					<midtexture colordiffuse="white">colors/white50.png</midtexture>
				</control>
				<control type="progress">
					<left>0</left>
					<top>-5</top>
					<info>Player.Progress</info>
					<texturebg border="3" colordiffuse="black">colors/white50.png</texturebg>
					<midtexture colordiffuse="white">colors/white50.png</midtexture>
				</control>
			<control type="slider">
				<left>0</left>
				<top>-5</top>
				<onup>8010</onup>
				<ondown>650</ondown>
				<texturesliderbar colordiffuse="00FFFFFF">osd/progress/nub_leftright.png</texturesliderbar>
				<textureslidernib colordiffuse="burlywood">osd/progress/nub_leftright.png</textureslidernib>
				<textureslidernibfocus colordiffuse="gray">osd/progress/nub_leftright.png</textureslidernibfocus>
				<info>Player.Progress</info>
				<onup>201</onup>
				<ondown>200</ondown>
				<action>seek</action>
			</control>
		</control>
			
				<control type="button" id="12123">
				<width>736</width>
				<height>410</height>
				<left>589</left>
				<top>470</top>
				<onback>200</onback>
				<onup>50</onup>
				<ondown>200</ondown>
				<onright>9500</onright>
				<visible allowhiddenfocus="true">Control.HasFocus(12123)</visible>
				<texturefocus colordiffuse="25FFFFFF">colors/white.png</texturefocus>
				<texturenofocus>-</texturenofocus>
					<onclick>SetProperty(TextViewer_Header,$LOCALIZE[207],home)</onclick>
					<onclick>SetProperty(TextViewer_TextDialog,$ESCVAR[MusicInfoTextboxVarosd],home)</onclick>
					<onclick>ActivateWindow(1102)</onclick>
			</control>

		<control type="group">
		<visible allowhiddenfocus="true">Integer.IsGreater(Container(22030).NumItems,1)</visible>
		<include>Animation_DialogPopupOpenCloseVisible</include>
		<visible allowhiddenfocus="true">ControlGroup(202).HasFocus(70051) + Control.HasFocus(22030)</visible>
		<left>20%</left>
		<top>15%</top>
		<width>1280</width>
		<height>600</height>
	<control type="image">
			<top>10</top>
			<left>10</left>
			<right>10</right>
			<bottom>10</bottom>
			<texture border="5" colordiffuse="FF181818" background="true" infill="true">common/box.png</texture>
		</control>
		<control type="image">
			<top>10</top>
			<left>10</left>
			<right>10</right>
			<bottom>10</bottom>
			<texture border="5" colordiffuse="gray" infill="false" background="true">common/box21.png</texture>
		</control>
		<control type="image">
		<left>64%</left>
		<top>4%</top>
		<width>420</width>
		<height>550</height>
		<fadetime>250</fadetime>
		<texture diffuse="masks/poster-50.png">$INFO[Container(22030).ListItem.Icon]</texture>
		</control>
		<control type="panel" id="22030">
		<top>35</top>
		<left>25</left>
		<width>730</width>
		<height>535</height>
		<onback>202</onback>
		<focusposition>2</focusposition>
			<itemlayout width="730" height="67">
				<control type="group">
				<height>60</height>
					<include content="View502Layouts">
					<param name="focused" value="false"/>
					</include>
				</control>
				</itemlayout>
				<focusedlayout width="730" height="67">
				<control type="group">
				<height>60</height>
					<include content="View502Layouts">
						<param name="focused" value="true"/>
					</include>
				</control>
				</focusedlayout>
			<content>
		<item id="1">
			<label>$INFO[MusicPlayer.offset(1).Title]</label>
			<icon>$INFO[MusicPlayer.offset(1).Cover]</icon>
			<onclick>Playlist.PlayOffset(1)</onclick>
			<visible>!String.IsEmpty(MusicPlayer.offset(1).Title)</visible>
		</item>
		<item id="2">
			<label>$INFO[MusicPlayer.offset(2).Title]</label>
			<icon>$INFO[MusicPlayer.offset(2).Cover]</icon>
			<onclick>Playlist.PlayOffset(2)</onclick>
			<visible>!String.IsEmpty(MusicPlayer.offset(2).Title)</visible>
		</item>
		<item id="3">
			<label>$INFO[MusicPlayer.offset(3).Title]</label>
			<icon>$INFO[MusicPlayer.offset(3).Cover]</icon>
			<onclick>Playlist.PlayOffset(3)</onclick>
			<visible>!String.IsEmpty(MusicPlayer.offset(3).Title)</visible>
		</item>
		<item id="4">
			<label>$INFO[MusicPlayer.offset(4).Title]</label>
			<icon>$INFO[MusicPlayer.offset(4).Cover]</icon>
			<onclick>Playlist.PlayOffset(4)</onclick>
			<visible>!String.IsEmpty(MusicPlayer.offset(4).Title)</visible>
		</item>
		<item id="5">
			<label>$INFO[MusicPlayer.offset(5).Title]</label>
			<icon>$INFO[MusicPlayer.offset(5).Cover]</icon>
			<onclick>Playlist.PlayOffset(5)</onclick>
			<visible>!String.IsEmpty(MusicPlayer.offset(5).Title)</visible>
		</item>
		<item id="6">
			<label>$INFO[MusicPlayer.offset(6).Title]</label>
			<icon>$INFO[MusicPlayer.offset(6).Cover]</icon>
			<onclick>Playlist.PlayOffset(6)</onclick>
			<visible>!String.IsEmpty(MusicPlayer.offset(6).Title)</visible>
		</item>
		<item id="7">
			<label>$INFO[MusicPlayer.offset(7).Title]</label>
			<icon>$INFO[MusicPlayer.offset(7).Cover]</icon>
			<onclick>Playlist.PlayOffset(7)</onclick>
			<visible>!String.IsEmpty(MusicPlayer.offset(7).Title)</visible>
		</item>
		<item id="8">
			<label>$INFO[MusicPlayer.offset(8).Title]</label>
			<icon>$INFO[MusicPlayer.offset(8).Cover]</icon>
			<onclick>Playlist.PlayOffset(8)</onclick>
			<visible>!String.IsEmpty(MusicPlayer.offset(8).Title)</visible>
		</item>
		<item id="9">
			<label>$INFO[MusicPlayer.offset(9).Title]</label>
			<icon>$INFO[MusicPlayer.offset(9).Cover]</icon>
			<onclick>Playlist.PlayOffset(9)</onclick>
			<visible>!String.IsEmpty(MusicPlayer.offset(9).Title)</visible>
		</item>
		<item id="10">
			<label>$INFO[MusicPlayer.offset(10).Title]</label>
			<icon>$INFO[MusicPlayer.offset(10).Cover]</icon>
			<onclick>Playlist.PlayOffset(10)</onclick>
			<visible>!String.IsEmpty(MusicPlayer.offset(10).Title)</visible>
		</item>
		<item id="11">
			<label>$INFO[MusicPlayer.offset(11).Title]</label>
			<icon>$INFO[MusicPlayer.offset(11).Cover]</icon>
			<onclick>Playlist.PlayOffset(11)</onclick>
			<visible>!String.IsEmpty(MusicPlayer.offset(11).Title)</visible>
		</item>
		<item id="12">
			<label>$INFO[MusicPlayer.offset(12).Title]</label>
			<icon>$INFO[MusicPlayer.offset(12).Cover]</icon>
			<onclick>Playlist.PlayOffset(12)</onclick>
			<visible>!String.IsEmpty(MusicPlayer.offset(12).Title)</visible>
		</item>	
		<item id="13">
			<label>$INFO[MusicPlayer.offset(13).Title]</label>
			<icon>$INFO[MusicPlayer.offset(13).Cover]</icon>
			<onclick>Playlist.PlayOffset(13)</onclick>
			<visible>!String.IsEmpty(MusicPlayer.offset(13).Title)</visible>
		</item>	
		<item id="14">
			<label>$INFO[MusicPlayer.offset(14).Title]</label>
			<icon>$INFO[MusicPlayer.offset(14).Cover]</icon>
			<onclick>Playlist.PlayOffset(14)</onclick>
			<visible>!String.IsEmpty(MusicPlayer.offset(14).Title)</visible>
		</item>	
		<item id="15">
			<label>$INFO[MusicPlayer.offset(15).Title]</label>
			<icon>$INFO[MusicPlayer.offset(15).Cover]</icon>
			<onclick>Playlist.PlayOffset(15)</onclick>
			<visible>!String.IsEmpty(MusicPlayer.offset(15).Title)</visible>
		</item>	
		<item id="16">
			<label>$INFO[MusicPlayer.offset(16).Title]</label>
			<icon>$INFO[MusicPlayer.offset(16).Cover]</icon>
			<onclick>Playlist.PlayOffset(16)</onclick>
			<visible>!String.IsEmpty(MusicPlayer.offset(16).Title)</visible>
		</item>
		<item id="17">
			<label>$INFO[MusicPlayer.offset(17).Title]</label>
			<icon>$INFO[MusicPlayer.offset(17).Cover]</icon>
			<onclick>Playlist.PlayOffset(17)</onclick>
			<visible>!String.IsEmpty(MusicPlayer.offset(17).Title)</visible>
		</item>	
		<item id="18">
			<label>$INFO[MusicPlayer.offset(18).Title]</label>
			<icon>$INFO[MusicPlayer.offset(18).Cover]</icon>
			<onclick>Playlist.PlayOffset(18)</onclick>
			<visible>!String.IsEmpty(MusicPlayer.offset(18).Title)</visible>
		</item>	
		<item id="19">
			<label>$INFO[MusicPlayer.offset(19).Title]</label>
			<icon>$INFO[MusicPlayer.offset(19).Cover]</icon>
			<onclick>Playlist.PlayOffset(19)</onclick>
			<visible>!String.IsEmpty(MusicPlayer.offset(19).Title)</visible>
		</item>		
		<item id="20">
			<label>$INFO[MusicPlayer.offset(20).Title]</label>
			<icon>$INFO[MusicPlayer.offset(20).Cover]</icon>
			<onclick>Playlist.PlayOffset(20)</onclick>
			<visible>!String.IsEmpty(MusicPlayer.offset(20).Title)</visible>
		</item>
		<item id="21">
			<label>$INFO[MusicPlayer.offset(21).Title]</label>
			<icon>$INFO[MusicPlayer.offset(21).Cover]</icon>
			<onclick>Playlist.PlayOffset(21)</onclick>
			<visible>!String.IsEmpty(MusicPlayer.offset(21).Title)</visible>
		</item>
		<item id="22">
			<label>$INFO[MusicPlayer.offset(22).Title]</label>
			<icon>$INFO[MusicPlayer.offset(22).Cover]</icon>
			<onclick>Playlist.PlayOffset(22)</onclick>
			<visible>!String.IsEmpty(MusicPlayer.offset(22).Title)</visible>
		</item>
		<item id="23">
			<label>$INFO[MusicPlayer.offset(23).Title]</label>
			<icon>$INFO[MusicPlayer.offset(23).Cover]</icon>
			<onclick>Playlist.PlayOffset(23)</onclick>
			<visible>!String.IsEmpty(MusicPlayer.offset(23).Title)</visible>
		</item>
		<item id="24">
			<label>$INFO[MusicPlayer.offset(24).Title]</label>
			<icon>$INFO[MusicPlayer.offset(24).Cover]</icon>
			<onclick>Playlist.PlayOffset(24)</onclick>
			<visible>!String.IsEmpty(MusicPlayer.offset(24).Title)</visible>
		</item>	
		<item id="25">
			<label>$INFO[MusicPlayer.offset(25).Title]</label>
			<icon>$INFO[MusicPlayer.offset(25).Cover]</icon>
			<onclick>Playlist.PlayOffset(25)</onclick>
			<visible>!String.IsEmpty(MusicPlayer.offset(25).Title)</visible>
		</item>
		<item id="26">
			<label>$INFO[MusicPlayer.offset(26).Title]</label>
			<icon>$INFO[MusicPlayer.offset(26).Cover]</icon>
			<onclick>Playlist.PlayOffset(26)</onclick>
			<visible>!String.IsEmpty(MusicPlayer.offset(26).Title)</visible>
		</item>
		<item id="27">
			<label>$INFO[MusicPlayer.offset(27).Title]</label>
			<icon>$INFO[MusicPlayer.offset(27).Cover]</icon>
			<onclick>Playlist.PlayOffset(27)</onclick>
			<visible>!String.IsEmpty(MusicPlayer.offset(27).Title)</visible>
		</item>	
		<item id="28">
			<label>$INFO[MusicPlayer.offset(28).Title]</label>
			<icon>$INFO[MusicPlayer.offset(28).Cover]</icon>
			<onclick>Playlist.PlayOffset(28)</onclick>
			<visible>!String.IsEmpty(MusicPlayer.offset(28).Title)</visible>
		</item>
		<item id="29">
			<label>$INFO[MusicPlayer.offset(29).Title]</label>
			<icon>$INFO[MusicPlayer.offset(29).Cover]</icon>
			<onclick>Playlist.PlayOffset(29)</onclick>
			<visible>!String.IsEmpty(MusicPlayer.offset(29).Title)</visible>
		</item>
		<item id="30">
			<label>$INFO[MusicPlayer.offset(30).Title]</label>
			<icon>$INFO[MusicPlayer.offset(30).Cover]</icon>
			<onclick>Playlist.PlayOffset(30)</onclick>
			<visible>!String.IsEmpty(MusicPlayer.offset(30).Title)</visible>
		</item>
		<item id="31">
			<label>$INFO[MusicPlayer.offset(31).Title]</label>
			<icon>$INFO[MusicPlayer.offset(31).Cover]</icon>
			<onclick>Playlist.PlayOffset(31)</onclick>
			<visible>!String.IsEmpty(MusicPlayer.offset(31).Title)</visible>
		</item>
		<item id="32">
			<label>$INFO[MusicPlayer.offset(32).Title]</label>
			<icon>$INFO[MusicPlayer.offset(32).Cover]</icon>
			<onclick>Playlist.PlayOffset(32)</onclick>
			<visible>!String.IsEmpty(MusicPlayer.offset(32).Title)</visible>
		</item>
		<item id="33">
			<label>$INFO[MusicPlayer.offset(33).Title]</label>
			<icon>$INFO[MusicPlayer.offset(33).Cover]</icon>
			<onclick>Playlist.PlayOffset(33)</onclick>
			<visible>!String.IsEmpty(MusicPlayer.offset(33).Title)</visible>
		</item>
		<item id="34">
			<label>$INFO[MusicPlayer.offset(34).Title]</label>
			<icon>$INFO[MusicPlayer.offset(34).Cover]</icon>
			<onclick>Playlist.PlayOffset(34)</onclick>
			<visible>!String.IsEmpty(MusicPlayer.offset(34).Title)</visible>
		</item>
		<item id="35">
			<label>$INFO[MusicPlayer.offset(35).Title]</label>
			<icon>$INFO[MusicPlayer.offset(35).Cover]</icon>
			<onclick>Playlist.PlayOffset(35)</onclick>
			<visible>!String.IsEmpty(MusicPlayer.offset(35).Title)</visible>
		</item>
		<item id="36">
			<label>$INFO[MusicPlayer.offset(36).Title]</label>
			<icon>$INFO[MusicPlayer.offset(36).Cover]</icon>
			<onclick>Playlist.PlayOffset(36)</onclick>
			<visible>!String.IsEmpty(MusicPlayer.offset(36).Title)</visible>
		</item>	
		<item id="37">
			<label>$INFO[MusicPlayer.offset(37).Title]</label>
			<icon>$INFO[MusicPlayer.offset(37).Cover]</icon>
			<onclick>Playlist.PlayOffset(37)</onclick>
			<visible>!String.IsEmpty(MusicPlayer.offset(37).Title)</visible>
		</item>
		<item id="38">
			<label>$INFO[MusicPlayer.offset(38).Title]</label>
			<icon>$INFO[MusicPlayer.offset(38).Cover]</icon>
			<onclick>Playlist.PlayOffset(38)</onclick>
			<visible>!String.IsEmpty(MusicPlayer.offset(38).Title)</visible>
		</item>
		<item id="39">
			<label>$INFO[MusicPlayer.offset(39).Title]</label>
			<icon>$INFO[MusicPlayer.offset(39).Cover]</icon>
			<onclick>Playlist.PlayOffset(39)</onclick>
			<visible>!String.IsEmpty(MusicPlayer.offset(39).Title)</visible>
		</item>
		<item id="40">
			<label>$INFO[MusicPlayer.offset(40).Title]</label>
			<icon>$INFO[MusicPlayer.offset(40).Cover]</icon>
			<onclick>Playlist.PlayOffset(40)</onclick>
			<visible>!String.IsEmpty(MusicPlayer.offset(40).Title)</visible>
		</item>
		</content>
		</control>
		</control>	
	
		<control type="group">
		<visible>ControlGroup(201).HasFocus(607) + !ControlGroup(202).HasFocus() + MusicPlayer.Offset(1).Exists</visible>
		<animation condition="ControlGroup(201).HasFocus(607) + !ControlGroup(202).HasFocus() + MusicPlayer.Offset(1).Exists" effect="fade" start="0" end="100" time="550" delay="250">Conditional</animation>
		<animation effect="fade" start="100" end="0" time="550" delay="250">Hidden</animation>
		<top>58%</top>
		<height>280</height>
		<control type="group">
		<width>280</width>
		<height>280</height>
			<control type="image">
			<top>0</top>
			<left>0</left>
			<right>0</right>
			<bottom>0</bottom>
			<texture border="5" colordiffuse="FF181818" background="true" infill="true">common/box.png</texture>
		</control>
		<control type="image">
			<top>2</top>
			<left>2</left>
			<right>2</right>
			<bottom>2</bottom>
			<texture border="5" colordiffuse="gray" infill="false" background="true">common/box21.png</texture>
		</control>
		<control type="image">
			<top>10</top>
			<left>10</left>
			<right>10</right>
			<bottom>10</bottom>
			<texture>$INFO[MusicPlayer.offset(1).Cover]</texture>
		</control>
		</control>
		<control type="label">
			<top>-200</top>
			<right>5</right>
			<align>right</align>
			<aligny>center</aligny>
			<font>font45_title</font>
			<label>השיר הבא</label>
		</control>	
		<control type="textbox">
			<left>15%</left>
			<align>left</align>
			<aligny>center</aligny>
			<label>$INFO[MusicPlayer.offset(1).Title][CR][B]$INFO[MusicPlayer.offset(1).Artist][/B][CR]$INFO[MusicPlayer.offset(1).Album]</label>
		</control>	
		</control>
		
		<control type="group">
		<visible>ControlGroup(201).HasFocus(600) + !ControlGroup(202).HasFocus() + MusicPlayer.Offset(-1).Exists</visible>
		<animation condition="ControlGroup(201).HasFocus(600) + !ControlGroup(202).HasFocus() + MusicPlayer.Offset(-1).Exists" effect="fade" start="0" end="100" time="550" delay="250">Conditional</animation>
		<animation effect="fade" start="100" end="0" time="550" delay="250">Hidden</animation>
		<top>58%</top>
		<height>280</height>
		<control type="group">
		<width>280</width>
		<height>280</height>
			<control type="image">
			<top>0</top>
			<left>0</left>
			<right>0</right>
			<bottom>0</bottom>
			<texture border="5" colordiffuse="FF181818" background="true" infill="true">common/box.png</texture>
		</control>
		<control type="image">
			<top>2</top>
			<left>2</left>
			<right>2</right>
			<bottom>2</bottom>
			<texture border="5" colordiffuse="gray" infill="false" background="true">common/box21.png</texture>
		</control>
		<control type="image">
			<top>10</top>
			<left>10</left>
			<right>10</right>
			<bottom>10</bottom>
			<texture>$INFO[MusicPlayer.offset(-1).Cover]</texture>
		</control>
		</control>
		<control type="label">
			<top>-200</top>
			<right>5</right>
			<align>right</align>
			<aligny>center</aligny>
			<font>font45_title</font>
			<label>השיר הקודם</label>
		</control>	
		<control type="textbox">
			<left>15%</left>
			<align>left</align>
			<aligny>center</aligny>
			<label>$INFO[MusicPlayer.offset(-1).Title][CR][B]$INFO[MusicPlayer.offset(-1).Artist][/B][CR]$INFO[MusicPlayer.offset(-1).Album]</label>
		</control>	
		</control>
	</controls>
</window>
