<?xml version="1.0" encoding="utf-8"?>
<window>
	<defaultcontrol></defaultcontrol>
	<backgroundcolor>background</backgroundcolor>
	<onload condition="System.AddonIsEnabled(script.artistslideshow) + !Skin.HasSetting(hide_background_fanart)">RunScript(script.artistslideshow)</onload>
	<onload condition="Window.IsActive(9110)">Dialog.Close(9110)</onload>
	<include>VisibleHiddenWindowCloseWindowOpenAnim</include>
	<controls>
	

		<include content="newdefaultbackground">
			<param name="setrange" value="bgrange510"/>
			<param name="colordiffuse" value="false"/>
			<param name="imagepath" value="special://skin/extras/backgrounds/bg1.jpg"/>
		</include>

	<control type="group">
	<left>0</left>
		<control type="group">
		<animation type="WindowOpen">
			<effect type="slide" start="0,-125" end="0" time="250" tween="sine" easing="inout"/>
			<effect type="fade" start="0" end="100" time="250" tween="sine" easing="inout"/>
		</animation>
		<animation type="WindowClose">
			<effect type="slide" start="0" end="0,-125" time="250" tween="sine" easing="inout"/>
			<effect type="fade" start="100" end="0" time="250" tween="sine" easing="inout"/>
		</animation>
			<width>1920</width>
			<height>250</height>
		<control type="label">
			<scroll>true</scroll>
			<scrollspeed>20</scrollspeed>
			<top>0</top>
			<left>0</left>
			<height>100%</height>
			<align>center</align>
			<textcolor>45FFFFFF</textcolor>
			<label fallback="No Information">$INFO[MusicPlayer.Artist] $INFO[MusicPlayer.Artist] $INFO[MusicPlayer.Artist] $INFO[MusicPlayer.Artist] $INFO[MusicPlayer.Artist] $INFO[MusicPlayer.Artist] $INFO[MusicPlayer.Artist] $INFO[MusicPlayer.Artist] $INFO[MusicPlayer.Artist] $INFO[MusicPlayer.Artist] $INFO[MusicPlayer.Artist] $INFO[MusicPlayer.Artist] $INFO[MusicPlayer.Artist]</label>
			<font>WeatherTemp</font>
			<visible>!String.IsEmpty(MusicPlayer.Artist)</visible>
		</control>
		<control type="label">
			<scroll>true</scroll>
			<scrollspeed>20</scrollspeed>
			<top>0</top>
			<left>0</left>
			<height>100%</height>
			<align>center</align>
			<textcolor>45FFFFFF</textcolor>
			<label fallback="No Information">No Artist Information No Artist Information No Artist Information No Artist Information No Artist Information No Artist Information No Artist Information No Artist Information No Artist Information No Artist Information No Artist Information No Artist Information No Artist Information</label>
			<font>WeatherTemp</font>
			<visible>String.IsEmpty(MusicPlayer.Artist)</visible>
		</control>
		<control type="label">
		<scroll>true</scroll>
			<scrollspeed>40</scrollspeed>
			<top>150</top>
			<left>0</left>
			<width>1920</width>
			<align>center</align>
			<textcolor>98FFFFFF</textcolor>
			<label fallback="No Information">$INFO[MusicPlayer.Title] - $INFO[MusicPlayer.Title] - $INFO[MusicPlayer.Title] - $INFO[MusicPlayer.Title] - $INFO[MusicPlayer.Title] - $INFO[MusicPlayer.Title] - $INFO[MusicPlayer.Title] - $INFO[MusicPlayer.Title] - $INFO[MusicPlayer.Title] - $INFO[MusicPlayer.Title] - $INFO[MusicPlayer.Title] - $INFO[MusicPlayer.Title] - $INFO[MusicPlayer.Title] - $INFO[MusicPlayer.Title] - $INFO[MusicPlayer.Title] - $INFO[MusicPlayer.Title] - $INFO[MusicPlayer.Title] - $INFO[MusicPlayer.Title] - $INFO[MusicPlayer.Title] - $INFO[MusicPlayer.Title] - $INFO[MusicPlayer.Title] - $INFO[MusicPlayer.Title] - $INFO[MusicPlayer.Title]</label>
			<font>font45</font>
			<visible>!String.IsEmpty(MusicPlayer.Title)</visible>
		</control>
		<control type="label">
		<scroll>true</scroll>
			<scrollspeed>40</scrollspeed>
			<top>150</top>
			<left>0</left>
			<width>1920</width>
			<align>center</align>
			<textcolor>98FFFFFF</textcolor>
			<label fallback="No Information">No Title - No Title - No Title - No Title - No Title - No Title - No Title - No Title - No Title - No Title - No Title - No Title - No Title - No Title - No Title - No Title - No Title - No Title - No Title - No Title - No Title - No Title - No Title</label>
			<font>font45</font>
			<visible>String.IsEmpty(MusicPlayer.Title)</visible>
		</control>
		</control>
		
		<!-- <control type="group"> -->
		<!-- <animation type="WindowOpen"> -->
				<!-- <effect type="slide" start="0,-125" end="0" time="250" tween="sine" easing="inout"/> -->
				<!-- <effect type="fade" start="0" end="100" time="250" tween="sine" easing="inout"/> -->
		<!-- </animation> -->
		<!-- <animation type="WindowClose"> -->
				<!-- <effect type="slide" start="0" end="0,-125" time="250" tween="sine" easing="inout"/> -->
				<!-- <effect type="fade" start="100" end="0" time="250" tween="sine" easing="inout"/> -->
		<!-- </animation> -->
		<!-- <top>275</top> -->
		<!-- <left>60</left> -->
		<!-- <width>455</width> -->
		<!-- <height>165</height> -->
			<!-- <control type="image">			 -->
				<!-- <left>-10</left> -->
				<!-- <aspectratio>scale</aspectratio> -->
				<!-- <bordertexture border="21" infill="false">overlays/shadow.png</bordertexture> -->
				<!-- <bordersize>20</bordersize> -->
				<!-- <texture colordiffuse="black">frame/osdfade.png</texture> -->
			<!-- </control> -->
			<!-- <control type="textbox"> -->
				<!-- <top>10</top> -->
				<!-- <left>10</left> -->
				<!-- <width>425</width> -->
				<!-- <align>center</align> -->
				<!-- <aligny>center</aligny> -->
				<!-- <bottom>20</bottom> -->
				<!-- <label>[COLOR deepskyblue]מתנגן עכשיו[/COLOR][CR]$INFO[MusicPlayer.Title]</label> -->
			<!-- </control> -->
	<!-- </control> -->
	
	
		<!-- <control type="group"> -->
		<!-- <animation type="WindowOpen"> -->
			<!-- <effect type="slide" start="125" end="0" time="250" tween="sine" easing="inout"/> -->
			<!-- <effect type="fade" start="0" end="100" time="250" tween="sine" easing="inout"/> -->
		<!-- </animation> -->
		<!-- <animation type="WindowClose"> -->
			<!-- <effect type="slide" start="0" end="125" time="250" tween="sine" easing="inout"/> -->
			<!-- <effect type="fade" start="100" end="0" time="250" tween="sine" easing="inout"/> -->
		<!-- </animation> -->
			<!-- <top>450</top> -->
			<!-- <left>1250</left> -->
			<!-- <height>420</height> -->
			<!-- <width>450</width> -->
			<!-- <control type="image"> -->
				<!-- <left>-10</left> -->
				<!-- <height>450</height> -->
				<!-- <width>470</width> -->
				<!-- <aspectratio>scale</aspectratio> -->
				<!-- <bordertexture border="21" infill="false">overlays/shadow.png</bordertexture> -->
				<!-- <bordersize>20</bordersize> -->
				<!-- <texture colordiffuse="black">frame/osdfade.png</texture> -->
			<!-- </control> -->
			<!-- <control type="grouplist" id="9500"> -->
			<!-- <top>25</top> -->
			<!-- <left>15</left> -->
			<!-- <height>400</height> -->
			<!-- <onback>112</onback> -->
			<!-- <onup>false</onup> -->
			<!-- <ondown>false</ondown> -->
				<!-- <orientation>vertical</orientation> -->
				<!-- <itemgap>0</itemgap> -->
				<!-- <aligny>justify</aligny> -->
				<!-- <align>left</align> -->
				
					<!-- <control type="button" id="121"> -->
					<!-- <include>DialogVideoInfoButton</include> -->
						<!-- <label>$INFO[MusicPlayer.Genre] [COLOR button_focus]:ז'אנר[/COLOR]</label> -->
						<!-- <visible>!String.IsEmpty(MusicPlayer.Genre)</visible> -->
					<!-- </control> -->

					<!-- <control type="button" id="122"> -->
					<!-- <include>DialogVideoInfoButton</include> -->
						<!-- <label>$INFO[MusicPlayer.Title] [COLOR button_focus]:שם[/COLOR]</label> -->
						<!-- <visible>!String.IsEmpty(MusicPlayer.Title)</visible> -->
					<!-- </control> -->

					<!-- <control type="button" id="123"> -->
					<!-- <include>DialogVideoInfoButton</include> -->
						<!-- <label>$INFO[MusicPlayer.Album] [COLOR button_focus]:אלבום[/COLOR]</label> -->
						<!-- <visible>!String.IsEmpty(MusicPlayer.Album)</visible> -->
					<!-- </control> -->
					
					<!-- <control type="button" id="124"> -->
					<!-- <include>DialogVideoInfoButton</include> -->
						<!-- <label>$INFO[MusicPlayer.Artist] [COLOR button_focus]:אומן[/COLOR]</label> -->
						<!-- <visible>!String.IsEmpty(MusicPlayer.Artist)</visible> -->
					<!-- </control> -->
	
					<!-- <control type="button" id="125"> -->
					<!-- <include>DialogVideoInfoButton</include> -->
					<!-- <visible>!String.IsEmpty(ListItem.Studio) + String.IsEqual(ListItem.DBTYPE,movie)</visible> -->
						<!-- <label>$INFO[ListItem.Studio] [COLOR button_focus]:רשת[/COLOR]</label> -->
					<!-- </control> -->
		
					<!-- <control type="button" id="126"> -->
					<!-- <include>DialogVideoInfoButton</include> -->
						<!-- <label>$INFO[MusicPlayer.Property(Artist_Born)] [COLOR button_focus]:אומן ת.ל[/COLOR]</label> -->
						<!-- <visible>!String.IsEmpty(MusicPlayer.Property(Artist_Born))</visible> -->
					<!-- </control> -->

					<!-- <control type="button" id="126"> -->
					<!-- <include>DialogVideoInfoButton</include> -->
						<!-- <label>$INFO[MusicPlayer.Year] [COLOR button_focus]:שנה[/COLOR]</label> -->
						<!-- <visible>!String.IsEmpty(MusicPlayer.Year)</visible> -->
					<!-- </control> -->
					
					<!-- <control type="button" id="127"> -->
					<!-- <include>DialogVideoInfoButton</include> -->
						<!-- <label>$INFO[MusicPlayer.Duration] [COLOR button_focus]:אורך[/COLOR]</label> -->
						<!-- <visible>!String.IsEmpty(MusicPlayer.Duration)</visible> -->
					<!-- </control> -->

					<!-- <control type="button" id="128"> -->
					<!-- <include>DialogVideoInfoButton</include> -->
						<!-- <label>$INFO[MusicPlayer.TimeRemaining] [COLOR button_focus]:זמן לסיום[/COLOR]</label> -->
						<!-- <visible>!String.IsEmpty(MusicPlayer.TimeRemaining)</visible> -->
					<!-- </control> -->

					<!-- <control type="button" id="129"> -->
					<!-- <include>DialogVideoInfoButton</include> -->
						<!-- <label>$INFO[MusicPlayer.Channels] [COLOR button_focus]:ערוצים[/COLOR]</label> -->
						<!-- <visible>!String.IsEmpty(MusicPlayer.Channels)</visible> -->
					<!-- </control> -->

					<!-- <control type="button" id="130"> -->
					<!-- <include>DialogVideoInfoButton</include> -->
						<!-- <label>$INFO[MusicPlayer.BitRate] [COLOR button_focus]:איכות[/COLOR]</label> -->
						<!-- <visible>!String.IsEmpty(MusicPlayer.BitRate)</visible> -->
					<!-- </control> -->
				<!-- </control> -->
			<!-- </control> -->
	
	
			<!-- <control type="group"> -->
			<!-- <animation type="WindowOpen"> -->
				<!-- <effect type="slide" start="0,125" end="0" time="250" tween="sine" easing="inout"/> -->
				<!-- <effect type="fade" start="0" end="100" time="250" tween="sine" easing="inout"/> -->
			<!-- </animation> -->
			<!-- <animation type="WindowClose"> -->
				<!-- <effect type="slide" start="0" end="0,125" time="250" tween="sine" easing="inout"/> -->
			<!-- <effect type="fade" start="100" end="0" time="250" tween="sine" easing="inout"/> -->
			<!-- </animation> -->
			<!-- <top>450</top> -->
			<!-- <left>500</left> -->
			<!-- <height>450</height> -->
			<!-- <width>765</width> -->
			<!-- <control type="image"> -->
				<!-- <left>-10</left> -->
				<!-- <height>450</height> -->
				<!-- <aspectratio>scale</aspectratio> -->
				<!-- <bordertexture border="21" infill="false">overlays/shadow.png</bordertexture> -->
				<!-- <bordersize>20</bordersize> -->
				<!-- <texture colordiffuse="black">frame/osdfade.png</texture> -->
			<!-- </control> -->
			<!-- <control type="textbox"> -->
				<!-- <left>25</left> -->
				<!-- <top>30</top> -->
				<!-- <width>685</width> -->
				<!-- <label>$VAR[MusicInfoTextboxVarosd]</label> -->
				<!-- <aligny>center</aligny> -->
				<!-- <pagecontrol>1135</pagecontrol> -->
				<!-- <bottom>40</bottom> -->
				<!-- <autoscroll fade="5000" time="5000" repeat="5000">true</autoscroll> -->
				<!-- <visible>!MusicPlayer.Content(livetv)</visible> -->
			<!-- </control> -->
			<!-- <control type="button" id="12123"> -->
				<!-- <width>780</width> -->
				<!-- <height>410</height> -->
				<!-- <left>20</left> -->
				<!-- <top>20</top> -->
				<!-- <onback>112</onback> -->
				<!-- <onup>50</onup> -->
				<!-- <ondown>112</ondown> -->
				<!-- <onright>9500</onright> -->
				<!-- <visible allowhiddenfocus="true">Control.HasFocus(11123)</visible> -->
				<!-- <texturefocus colordiffuse="button_focus">colors/white.png</texturefocus> -->
				<!-- <texturenofocus>-</texturenofocus> -->
					<!-- <onclick>SetProperty(TextViewer_Header,$LOCALIZE[207],home)</onclick> -->
					<!-- <onclick>SetProperty(TextViewer_TextDialog,$ESCINFO[ListItem.Plot],home)</onclick> -->
					<!-- <onclick>ActivateWindow(1102)</onclick> -->
			<!-- </control> -->
			<!-- <control type="textbox"> -->
				<!-- <left>25</left> -->
				<!-- <top>30</top> -->
				<!-- <width>685</width> -->
				<!-- <label>אין מידע זמין</label> -->
				<!-- <aligny>center</aligny> -->
				<!-- <align>center</align> -->
				<!-- <pagecontrol>1135</pagecontrol> -->
				<!-- <bottom>40</bottom> -->
				<!-- <font>font45_title</font> -->
				<!-- <autoscroll fade="5000" time="5000" repeat="5000">true</autoscroll> -->
				<!-- <visible>!MusicPlayer.Content(livetv) + [String.IsEmpty(MusicPlayer.Comment) + String.IsEmpty(MusicPlayer.Property(Album_Description) + String.IsEmpty(MusicPlayer.Property(Artist_Description)]</visible> -->
			<!-- </control> -->
			<!-- <control type="textbox"> -->
				<!-- <left>25</left> -->
				<!-- <top>30</top> -->
				<!-- <width>685</width> -->
				<!-- <label fallback="אין מידע זמין">$INFO[VideoPlayer.Plot]</label> -->
				<!-- <bottom>40</bottom> -->
				<!-- <visible>MusicPlayer.Content(livetv)</visible> -->
				<!-- <pagecontrol>1135</pagecontrol> -->
			<!-- </control> -->
			<!-- </control> -->
		
						<!-- <control type="image"> -->
							<!-- <animation type="WindowOpen"> -->
								<!-- <effect type="slide" start="0,-125" end="0" time="250" tween="sine" easing="inout"/> -->
								<!-- <effect type="fade" start="0" end="100" time="250" tween="sine" easing="inout"/> -->
							<!-- </animation> -->
							<!-- <animation type="WindowClose"> -->
								<!-- <effect type="slide" start="0" end="0,-125" time="250" tween="sine" easing="inout"/> -->
							<!-- <effect type="fade" start="100" end="0" time="250" tween="sine" easing="inout"/> -->
							<!-- </animation> -->
							<!-- <top>275</top> -->
							<!-- <left>490</left> -->
							<!-- <width>1220</width> -->
							<!-- <height>165</height> -->
							<!-- <aspectratio>scale</aspectratio> -->
							<!-- <bordertexture border="21" infill="false">overlays/shadow.png</bordertexture> -->
							<!-- <bordersize>20</bordersize> -->
							<!-- <texture colordiffuse="black">frame/osdfade.png</texture> -->
						<!-- </control> -->
						
					<!-- <control type="group"> -->
					<!-- <animation type="WindowOpen"> -->
						<!-- <effect type="slide" start="0,-125" end="0" time="250" tween="sine" easing="inout"/> -->
						<!-- <effect type="fade" start="0" end="100" time="250" tween="sine" easing="inout"/> -->
					<!-- </animation> -->
					<!-- <animation type="WindowClose"> -->
						<!-- <effect type="slide" start="0" end="0,-125" time="250" tween="sine" easing="inout"/> -->
					<!-- <effect type="fade" start="100" end="0" time="250" tween="sine" easing="inout"/> -->
					<!-- </animation> -->
					<!-- <visible>!VideoPlayer.Content(livetv)</visible> -->
						<!-- <left>130</left> -->
						<!-- <top>320</top>		 -->
						<!-- <control type="group"> -->
						<!-- <left>700</left> -->
						<!-- <top>-120</top> -->
							<!-- <control type="textbox"> -->
							<!-- <animation condition="String.EndsWith(Player.TimeRemaining,0:12) | String.EndsWith(Player.TimeRemaining,0:11) | String.EndsWith(Player.TimeRemaining,0:10) | String.EndsWith(Player.TimeRemaining,0:09) | String.EndsWith(Player.TimeRemaining,0:08) | String.EndsWith(Player.TimeRemaining,0:07) | String.EndsWith(Player.TimeRemaining,0:06) | String.EndsWith(Player.TimeRemaining,0:05) | String.EndsWith(Player.TimeRemaining,0:04) | String.EndsWith(Player.TimeRemaining,0:03) | String.EndsWith(Player.TimeRemaining,0:02) | String.EndsWith(Player.TimeRemaining,0:01)" effect="slide" end="-350" time="450" tween="cubic" easing="out">Conditional</animation> -->
							<!-- <top>65</top> -->
							<!-- <left>50</left> -->
							<!-- <width>450</width> -->
							<!-- <height>180</height> -->
							<!-- <align>center</align> -->
							<!-- <aligny>center</aligny> -->
							<!-- <font>small</font> -->
							<!-- <label>$VAR[nexthomescreen]</label> -->
						<!-- </control> -->
						<!-- <control type="textbox"> -->
						<!-- <animation type="Visible"> -->
							<!-- <effect type="fade" start="0" end="100" time="850" delay="150"/> -->
						<!-- </animation> -->
						<!-- <animation condition="String.EndsWith(Player.TimeRemaining,0:12) | String.EndsWith(Player.TimeRemaining,0:11) | String.EndsWith(Player.TimeRemaining,0:10) | String.EndsWith(Player.TimeRemaining,0:09) | String.EndsWith(Player.TimeRemaining,0:08) | String.EndsWith(Player.TimeRemaining,0:07) | String.EndsWith(Player.TimeRemaining,0:06) | String.EndsWith(Player.TimeRemaining,0:05) | String.EndsWith(Player.TimeRemaining,0:04) | String.EndsWith(Player.TimeRemaining,0:03) | String.EndsWith(Player.TimeRemaining,0:02) | String.EndsWith(Player.TimeRemaining,0:01)" effect="slide" end="0,25" time="350" tween="cubic" easing="out">Conditional</animation> -->
							<!-- <visible>String.EndsWith(Player.TimeRemaining,0:12) | String.EndsWith(Player.TimeRemaining,0:11) | String.EndsWith(Player.TimeRemaining,0:10) | String.EndsWith(Player.TimeRemaining,0:09) | String.EndsWith(Player.TimeRemaining,0:08) | String.EndsWith(Player.TimeRemaining,0:07) | String.EndsWith(Player.TimeRemaining,0:06) | String.EndsWith(Player.TimeRemaining,0:05) | String.EndsWith(Player.TimeRemaining,0:04) | String.EndsWith(Player.TimeRemaining,0:03) | String.EndsWith(Player.TimeRemaining,0:02) | String.EndsWith(Player.TimeRemaining,0:01)</visible> -->
							<!-- <top>25</top> -->
							<!-- <left>240</left> -->
							<!-- <width>450</width> -->
							<!-- <height>250</height> -->
							<!-- <align>center</align> -->
							<!-- <aligny>center</aligny> -->
							<!-- <font>small</font> -->
							<!-- <label>מספר שניות עוברים לתוכן הבא</label> -->
						<!-- </control> -->
						<!-- <control type="group"> -->
						<!-- <top>115</top> -->
						<!-- <left>240</left> -->

						<!-- <control type="textbox"> -->
						<!-- <animation type="Visible"> -->
							<!-- <effect type="fade" start="0" end="100" time="1050" delay="150"/> -->
						<!-- </animation> -->
							<!-- <visible>String.EndsWith(Player.TimeRemaining,0:09)</visible> -->
							<!-- <top>-120</top> -->
							<!-- <left>0</left> -->
							<!-- <width>450</width> -->
							<!-- <height>250</height> -->
							<!-- <align>center</align> -->
							<!-- <aligny>center</aligny> -->
							<!-- <font>large</font> -->
							<!-- <label>בעוד -09-</label> -->
						<!-- </control> -->
						<!-- <control type="textbox"> -->
							<!-- <visible>String.EndsWith(Player.TimeRemaining,0:08)</visible> -->
							<!-- <top>-120</top> -->
							<!-- <left>0</left> -->
							<!-- <width>450</width> -->
							<!-- <height>250</height> -->
							<!-- <align>center</align> -->
							<!-- <aligny>center</aligny> -->
							<!-- <font>large</font> -->
							<!-- <label>בעוד -08-</label> -->
						<!-- </control> -->
						<!-- <control type="textbox"> -->
							<!-- <visible>String.EndsWith(Player.TimeRemaining,0:07)</visible> -->
							<!-- <top>-120</top> -->
							<!-- <left>0</left> -->
							<!-- <width>450</width> -->
							<!-- <height>250</height> -->
							<!-- <align>center</align> -->
							<!-- <aligny>center</aligny> -->
							<!-- <font>large</font> -->
							<!-- <label>בעוד -07-</label> -->
						<!-- </control> -->
						<!-- <control type="textbox"> -->
							<!-- <visible>String.EndsWith(Player.TimeRemaining,0:06)</visible> -->
							<!-- <top>-120</top> -->
							<!-- <left>0</left> -->
							<!-- <width>450</width> -->
							<!-- <height>250</height> -->
							<!-- <align>center</align> -->
							<!-- <aligny>center</aligny> -->
							<!-- <font>large</font> -->
							<!-- <label>בעוד -06-</label> -->
						<!-- </control> -->
						<!-- <control type="textbox"> -->
							<!-- <visible>String.EndsWith(Player.TimeRemaining,0:05)</visible> -->
							<!-- <top>-120</top> -->
							<!-- <left>0</left> -->
							<!-- <width>450</width> -->
							<!-- <height>250</height> -->
							<!-- <align>center</align> -->
							<!-- <aligny>center</aligny> -->
							<!-- <font>large</font> -->
							<!-- <label>בעוד -05-</label> -->
						<!-- </control> -->
						<!-- <control type="textbox"> -->
							<!-- <visible>String.EndsWith(Player.TimeRemaining,0:04)</visible> -->
							<!-- <top>-120</top> -->
							<!-- <left>0</left> -->
							<!-- <width>450</width> -->
							<!-- <height>250</height> -->
							<!-- <align>center</align> -->
							<!-- <aligny>center</aligny> -->
							<!-- <font>large</font> -->
							<!-- <label>בעוד -04-</label> -->
						<!-- </control> -->
						<!-- <control type="textbox"> -->

							<!-- <visible>String.EndsWith(Player.TimeRemaining,0:03)</visible> -->
							<!-- <top>-120</top> -->
							<!-- <left>0</left> -->
							<!-- <width>450</width> -->
							<!-- <height>250</height> -->
							<!-- <align>center</align> -->
							<!-- <aligny>center</aligny> -->
							<!-- <font>large</font> -->
							<!-- <label>בעוד -03-</label> -->
						<!-- </control> -->
						<!-- <control type="textbox"> -->
							<!-- <visible>String.EndsWith(Player.TimeRemaining,0:02)</visible> -->
							<!-- <top>-120</top> -->
							<!-- <left>0</left> -->
							<!-- <width>450</width> -->
							<!-- <height>250</height> -->
							<!-- <align>center</align> -->
							<!-- <aligny>center</aligny> -->
							<!-- <font>large</font> -->
							<!-- <label>בעוד -02-</label> -->
						<!-- </control> -->
						<!-- <control type="textbox"> -->
							<!-- <visible>String.EndsWith(Player.TimeRemaining,0:01)</visible> -->
							<!-- <top>-120</top> -->
							<!-- <left>0</left> -->
							<!-- <width>450</width> -->
							<!-- <height>250</height> -->
							<!-- <align>center</align> -->
							<!-- <aligny>center</aligny> -->
							<!-- <font>large</font> -->
							<!-- <label>בעוד -01-</label> -->
						<!-- </control> -->
					<!-- </control> -->
					<!-- </control> -->
				<!-- </control> -->



			<!-- <control type="group"> -->
			<!-- <animation type="WindowOpen"> -->
				<!-- <effect type="slide" start="0,125" end="0" time="250" tween="sine" easing="inout"/> -->
				<!-- <effect type="fade" start="0" end="100" time="250" tween="sine" easing="inout"/> -->
			<!-- </animation> -->
			<!-- <animation type="WindowClose"> -->
				<!-- <effect type="slide" start="0" end="0,125" time="250" tween="sine" easing="inout"/> -->
			<!-- <effect type="fade" start="100" end="0" time="250" tween="sine" easing="inout"/> -->
			<!-- </animation> -->
			<!-- <top>450</top> -->
			<!-- <left>65</left> -->
			<!-- <height>450</height> -->
			<!-- <width>450</width> -->
			<!-- <control type="image"> -->
				<!-- <left>-10</left> -->
				<!-- <height>450</height> -->
				<!-- <aspectratio>scale</aspectratio> -->
				<!-- <bordertexture border="21" infill="false">overlays/shadow.png</bordertexture> -->
				<!-- <bordersize>20</bordersize> -->
				<!-- <texture colordiffuse="black">frame/osdfade.png</texture> -->
			<!-- </control> -->
			<!-- <control type="image"> -->
				<!-- <top>30</top> -->
				<!-- <left>20</left> -->
				<!-- <height>392</height> -->
				<!-- <width>400</width> -->
				<!-- <texture>$INFO[MusicPlayer.Cover]</texture> -->
			<!-- </control> -->

			<!-- </control>				 -->
			
			
			
	</control>
	
		<!-- <control type="visualisation" id="2"> -->
			<!-- <visible>[Player.ShowInfo | Window.IsActive(musicosd)]</visible> -->
			<!-- <include>OpenClose_Left</include> -->
			<!-- <include>Visible_Left</include> -->
			<!-- <left>420</left> -->
			<!-- <top>145</top> -->
			<!-- <width>1920</width> -->
			<!-- <height>500</height> -->
			<!-- <visible>Player.HasAudio</visible> -->
		<!-- </control> -->
		<!-- <control type="group"> -->
			<!-- <width>1920</width> -->
			<!-- <height>250</height> -->
		<!-- <control type="label"> -->
			<!-- <scroll>true</scroll> -->
			<!-- <scrollspeed>20</scrollspeed> -->
			<!-- <top>0</top> -->
			<!-- <left>0</left> -->
			<!-- <height>100%</height> -->
			<!-- <align>center</align> -->
			<!-- <textcolor>45FFFFFF</textcolor> -->
			<!-- <label fallback="No Information">$INFO[MusicPlayer.Artist] $INFO[MusicPlayer.Artist] $INFO[MusicPlayer.Artist] $INFO[MusicPlayer.Artist] $INFO[MusicPlayer.Artist] $INFO[MusicPlayer.Artist] $INFO[MusicPlayer.Artist] $INFO[MusicPlayer.Artist] $INFO[MusicPlayer.Artist] $INFO[MusicPlayer.Artist] $INFO[MusicPlayer.Artist] $INFO[MusicPlayer.Artist] $INFO[MusicPlayer.Artist]</label> -->
			<!-- <font>WeatherTemp</font> -->
		<!-- </control> -->
		<!-- <control type="label"> -->
		<!-- <scroll>true</scroll> -->
			<!-- <scrollspeed>40</scrollspeed> -->
			<!-- <top>150</top> -->
			<!-- <left>0</left> -->
			<!-- <width>1920</width> -->
			<!-- <align>center</align> -->
			<!-- <textcolor>98FFFFFF</textcolor> -->
			<!-- <label fallback="No Information">$INFO[MusicPlayer.Title] - $INFO[MusicPlayer.Title] - $INFO[MusicPlayer.Title] - $INFO[MusicPlayer.Title] - $INFO[MusicPlayer.Title] - $INFO[MusicPlayer.Title] - $INFO[MusicPlayer.Title] - $INFO[MusicPlayer.Title] - $INFO[MusicPlayer.Title] - $INFO[MusicPlayer.Title] - $INFO[MusicPlayer.Title] - $INFO[MusicPlayer.Title] - $INFO[MusicPlayer.Title] - $INFO[MusicPlayer.Title] - $INFO[MusicPlayer.Title] - $INFO[MusicPlayer.Title] - $INFO[MusicPlayer.Title] - $INFO[MusicPlayer.Title] - $INFO[MusicPlayer.Title] - $INFO[MusicPlayer.Title] - $INFO[MusicPlayer.Title] - $INFO[MusicPlayer.Title] - $INFO[MusicPlayer.Title]</label> -->
			<!-- <font>font45</font> -->
		<!-- </control> -->
		<!-- </control> -->
		<!-- <include>newdefaultbackground</include> -->
		<!-- <control type="group"> -->
			<!-- <visible>!Visualisation.Enabled + [[String.IsEmpty(Player.Art(fanart)) + String.IsEmpty(Window(Visualisation).Property(ArtistSlideshow.Image))] | Skin.HasSetting(hide_background_fanart)]</visible> -->
			<!-- <include>ColoredBackgroundImages</include> -->
		<!-- </control> -->
		<!-- <control type="group"> -->
			<!-- <visible>[Player.ShowInfo | Window.IsActive(musicosd)]</visible> -->
			<!-- <height>460</height> -->
			<!-- <include>OpenClose_Left</include> -->
			<!-- <include>Visible_Left</include> -->
			<!-- <bottom>0</bottom> -->
			<!-- <control type="image"> -->
				<!-- <left>0</left> -->
				<!-- <width>120%</width> -->
				<!-- <height>295</height> -->
				<!-- <bordertexture border="21" infill="false">overlays/shadow.png</bordertexture> -->
				<!-- <bordersize>20</bordersize> -->
				<!-- <texture colordiffuse="black">frame/osdfade.png</texture> -->
			<!-- </control> -->
			<!-- <control type="image"> -->
				<!-- <left>0</left> -->
				<!-- <width>120%</width> -->
				<!-- <height>295</height> -->
				<!-- <bordertexture border="21" infill="false">overlays/shadow.png</bordertexture> -->
				<!-- <bordersize>20</bordersize> -->
				<!-- <texture flipy="true" colordiffuse="85FFFFFF">frame/osdfade.png</texture> -->
			<!-- </control> -->
			<!-- <control type="image"> -->
				<!-- <left>20</left> -->
				<!-- <top>-130</top> -->
				<!-- <include>Visible_Left</include> -->
				<!-- <visible>[Player.ShowInfo | Window.IsActive(musicosd)]</visible> -->
				<!-- <width>400</width> -->
				<!-- <height>400</height> -->
				<!-- <fadetime>400</fadetime> -->
				<!-- <aspectratio aligny="bottom">keep</aspectratio> -->
				<!-- <texture fallback="DefaultAlbumCover.png" border="2">$INFO[MusicPlayer.Cover]</texture> -->
				<!-- <bordertexture colordiffuse="border_alpha">colors/black.png</bordertexture> -->
				<!-- <bordersize>4</bordersize> -->
			<!-- </control> -->
			<!-- <control type="group"> -->
				<!-- <visible>[Player.ShowInfo | Window.IsActive(musicosd)]</visible> -->
				<!-- <include>Visible_Left</include> -->
				<!-- <left>440</left> -->
				<!-- <top>20</top> -->
				<!-- <control type="label"> -->
					<!-- <top>10</top> -->
					<!-- <width>1450</width> -->
					<!-- <height>50</height> -->
					<!-- <aligny>center</aligny> -->
					<!-- <label>[B]$INFO[MusicPlayer.TrackNumber,,. ]$INFO[Player.Title][/B]</label> -->
					<!-- <font>font45</font> -->
					<!-- <shadowcolor>black</shadowcolor> -->
					<!-- <scroll>true</scroll> -->
				<!-- </control> -->
				<!-- <control type="label"> -->
						<!-- <top>70</top> -->
						<!-- <width>520</width> -->
						<!-- <height>50</height> -->
						<!-- <aligny>center</aligny> -->
						<!-- <label>$INFO[MusicPlayer.Artist]</label> -->
						<!-- <font>font45</font> -->
						<!-- <shadowcolor>black</shadowcolor> -->
						<!-- <scroll>true</scroll> -->
						<!-- <visible>!String.IsEmpty(MusicPlayer.Artist)</visible> -->
					<!-- </control> -->
				<!-- <control type="grouplist"> -->
					<!-- <top>135</top> -->
					<!-- <width max="1450">1450</width> -->
					<!-- <height>50</height> -->
					<!-- <align>left</align> -->
					<!-- <orientation>horizontal</orientation> -->
					<!-- <itemgap>0</itemgap> -->
					<!-- <control type="label"> -->
						<!-- <width>280</width> -->
						<!-- <height>40</height> -->
						<!-- <label>[COLOR button_focus]שנה:[/COLOR] $INFO[MusicPlayer.Year]</label> -->
						<!-- <font>font37</font> -->
						<!-- <shadowcolor>black</shadowcolor> -->
						<!-- <aligny>center</aligny> -->
						<!-- <align>left</align> -->
						<!-- <visible>!String.IsEmpty(MusicPlayer.Year)</visible> -->
					<!-- </control> -->
					<!-- <control type="label"> -->
						<!-- <width>280</width> -->
						<!-- <height>40</height> -->
						<!-- <label>[COLOR button_focus]זמן:[/COLOR] $INFO[MusicPlayer.Time]</label> -->
						<!-- <font>font37</font> -->
						<!-- <shadowcolor>black</shadowcolor> -->
						<!-- <aligny>center</aligny> -->
						<!-- <align>left</align> -->
						<!-- <visible>!String.IsEmpty(MusicPlayer.Time)</visible> -->
					<!-- </control> -->
					<!-- <control type="label"> -->
						<!-- <width>280</width> -->
						<!-- <height>40</height> -->
						<!-- <label>[COLOR button_focus]מסתיים:[/COLOR] $INFO[Player.TimeRemaining]</label> -->
						<!-- <font>font37</font> -->
						<!-- <shadowcolor>black</shadowcolor> -->
						<!-- <aligny>center</aligny> -->
						<!-- <align>left</align> -->
						<!-- <visible>!String.IsEmpty(MusicPlayer.Time)</visible> -->
					<!-- </control> -->
					<!-- <control type="label"> -->
						<!-- <width>280</width> -->
						<!-- <height>40</height> -->
						<!-- <label>[COLOR button_focus]אורך:[/COLOR] $INFO[MusicPlayer.Duration]</label> -->
						<!-- <font>font37</font> -->
						<!-- <shadowcolor>black</shadowcolor> -->
						<!-- <aligny>center</aligny> -->
						<!-- <align>left</align> -->
						<!-- <visible>!String.IsEmpty(MusicPlayer.Time)</visible> -->
					<!-- </control> -->
					<!-- <control type="label"> -->
						<!-- <width>280</width> -->
						<!-- <height>40</height> -->
						<!-- <label>[COLOR button_focus]ז'אנר:[/COLOR] $INFO[MusicPlayer.Genre]</label> -->
						<!-- <font>font37</font> -->
						<!-- <shadowcolor>black</shadowcolor> -->
						<!-- <aligny>center</aligny> -->
						<!-- <align>left</align> -->
						<!-- <scroll>true</scroll> -->
						<!-- <visible>!String.IsEmpty(MusicPlayer.Genre)</visible> -->
					<!-- </control> -->
					<!-- <control type="image"> -->
					<!-- <visible>!String.IsEqual(MusicPlayer.Rating,0) + Integer.IsGreater(MusicPlayer.Rating,0)</visible> -->
						<!-- <width>280</width> -->
						<!-- <height>40</height> -->
						<!-- <texture fallback="flags/starrating/0.png">$INFO[MusicPlayer.Rating,flags/starrating/,.png]</texture> -->
						<!-- <aspectratio>keep</aspectratio> -->
						<!-- <aligny>center</aligny> -->
						<!-- <align>left</align> -->
					<!-- </control> -->
				<!-- </control> -->
				<!-- <control type="label"> -->
					<!-- <top>165</top> -->
					<!-- <width>1450</width> -->
					<!-- <height>40</height> -->
					<!-- <aligny>center</aligny> -->
					<!-- <label>$INFO[MusicPlayer.Album]$VAR[MultiDiscVar]</label> -->
					<!-- <font>font37</font> -->
					<!-- <shadowcolor>black</shadowcolor> -->
					<!-- <scroll>true</scroll> -->
				<!-- </control> -->
				<!-- <control type="label"> -->
					<!-- <top>210</top> -->
					<!-- <width>1450</width> -->
					<!-- <height>40</height> -->
					<!-- <aligny>center</aligny> -->
					<!-- <label>$VAR[OSDNextLabelVar]</label> -->
					<!-- <shadowcolor>black</shadowcolor> -->
					<!-- <scroll>true</scroll> -->
					<!-- <visible>Integer.IsGreater(Playlist.Length(music),1) + !MusicPlayer.Content(livetv)</visible> -->
				<!-- </control> -->
				<!-- <control type="label"> -->
					<!-- <top>210</top> -->
					<!-- <width>1450</width> -->
					<!-- <height>40</height> -->
					<!-- <aligny>center</aligny> -->
					<!-- <label>[COLOR button_focus]הבא:[/COLOR] $INFO[VideoPlayer.NextTitle] [[COLOR button_focus]מתחיל:[/COLOR] $INFO[VideoPlayer.NextStartTime] - [COLOR button_focus]מסתיים:[/COLOR] $INFO[VideoPlayer.NextEndTime]]</label> -->
					<!-- <shadowcolor>black</shadowcolor> -->
					<!-- <scroll>true</scroll> -->
					<!-- <visible>MusicPlayer.Content(livetv)</visible> -->
				<!-- </control> -->
				<!-- <control type="label"> -->
				<!-- <visible>Player.Seeking + Player.SeekEnabled</visible> -->
					<!-- <top>280</top> -->
					<!-- <left>-400</left> -->
					<!-- <width>250</width> -->
					<!-- <height>100</height> -->
					<!-- <align>left</align> -->
					<!-- <label>$INFO[Player.SeekOffset]</label> -->
				<!-- </control> -->
			<!-- </control> -->
		<!-- </control> -->
		

	

	<control type="group">
	<animation type="Conditional" condition="Window.IsActive(musicosd)">
		<effect type="slide" start="0,0" end="0,-80" time="850" fade="150" tween="back" easing="inout"/>
	</animation>
	<width>100%</width>
	<height>100%</height>
		<top>PadSize</top>
		<bottom>200</bottom>
		<control type="group">
		<width>1920</width>
		<height>PadSize</height>
		<include content="DefSquareSizeBoxImage">
		<param name="border" value="false"/>
		</include>
		</control>
		<control type="group">
		<width>100%</width>
		<height>PadSize</height>
		<control type="group">
		<top>0</top>
		<left>30</left>
		<width>420</width>
		<height>420</height>
		<include content="SetCdArt">
			<param name="cdarticon" value="MusicPlayer.Cover"/>
		</include>
		</control>
		<control type="group">
		<width>PadSize</width>
		<height>PadSize</height>
			<include content="DefSquareSizeBoxImage">
				<param name="image" value="$INFO[MusicPlayer.Cover]"/>
				<param name="border" value="true"/>
			</include>
			</control>
			<control type="grouplist">
				<left>PadSize</left>
				<height>450</height>
				<top>15</top>
				<right>0</right>
				<align>left</align>
				<itemgap>0</itemgap>
				<bottom>0</bottom>
				<orientation>vertical</orientation>
					<control type="image">
					<width>180</width>
					<height>40</height>
					<right>10</right>
					<texture fallback="flags3/stars/8.9.png" colordiffuse="deepskyblue">flags3/stars/$INFO[MusicPlayer.Rating].png</texture>
				</control>
					<control type="textbox">
					<visible>!String.IsEmpty(MusicPlayer.Title)</visible>
						<height>auto</height>
						<align>left</align>
						<aspectratio align="left">keep</aspectratio>
						<label>$INFO[MusicPlayer.Title,[COLOR deepskyblue]Title[/COLOR] ]</label>
					</control>
					<control type="textbox">
					<visible>!String.IsEmpty(VideoPlayer.Plot)</visible>
						<height>auto</height>
						<align>left</align>
						<aspectratio align="left">keep</aspectratio>
						<label>$INFO[VideoPlayer.Plot,[COLOR deepskyblue]Plot[/COLOR] ]</label>
					</control>
					<control type="label">
					<visible>!String.IsEmpty(MusicPlayer.Artist)</visible>
						<height>40</height>
						<align>left</align>
						<aspectratio align="left">keep</aspectratio>
						<label>$INFO[MusicPlayer.Artist,[COLOR deepskyblue]Artist[/COLOR] ]</label>
					</control>
					<control type="label">
					<visible>!String.IsEmpty(MusicPlayer.Album)</visible>
						<height>40</height>
						<align>left</align>
						<aspectratio align="left">keep</aspectratio>
						<label>$INFO[MusicPlayer.Album,[COLOR deepskyblue]Album[/COLOR] ]</label>
					</control>
					<control type="label">
					<visible>!String.IsEmpty(MusicPlayer.Genre)</visible>
						<height>40</height>
						<align>left</align>
						<aspectratio align="left">keep</aspectratio>
						<label>$INFO[MusicPlayer.Genre,[COLOR deepskyblue]Genre[/COLOR] ]</label>
					</control>
					<control type="label">
					<visible>!String.IsEmpty(MusicPlayer.Year)</visible>
						<height>40</height>
						<align>left</align>
						<aspectratio align="left">keep</aspectratio>
						<label>$INFO[MusicPlayer.Year,[COLOR deepskyblue]Release Date[/COLOR] ]</label>
					</control>
					<control type="textbox">
						<top>15</top>
						<height max="250">auto</height>
						<align>left</align>
						<label fallback="No Information">$VAR[MusicInfoTextboxVarosd,[COLOR deepskyblue],[/COLOR] ]</label>
						<bottom>15</bottom>
						<autoscroll fade="4000" time="4000" repeat="4000">true</autoscroll>
					</control>
			</control>
			
		</control>
	</control>
	</controls>
</window>
