<?xml version="1.0" encoding="utf-8"?>
<window>
	<defaultcontrol></defaultcontrol>
	<backgroundcolor>background</backgroundcolor>
	<onload condition="System.AddonIsEnabled(script.artistslideshow) + !Skin.HasSetting(hide_background_fanart)">RunScript(script.artistslideshow)</onload>
	<onload condition="Window.IsActive(9110)">Dialog.Close(9110)</onload>
	<include>VisibleHiddenWindowCloseWindowOpenAnim</include>
	<controls>
	

		<!-- <include content="newdefaultbackground"> -->
			<!-- <param name="setrange" value="bgrange5000"/> -->
			<!-- <param name="colordiffuse" value="false"/> -->
			<!-- <param name="imagepath" value="special://skin/extras/backgrounds/bg1.jpg"/> -->
		<!-- </include> -->
		<include content="DefaultBackground">
		<param name="width" value="650"/>
		<param name="visible" value="false"/>
		</include>
		<include content="TopBar">
			<param name="breadcrumbs_label" value="true" />
			<param name="visible" value="false"/>
		</include>
		<include content="BottomBar">
			<param name="info_visible" value="true" />
		</include>
		
	<control type="group">
	<left>0</left>
		<control type="group">
		<animation type="WindowOpen">
			<effect type="slide" start="0,-125" end="0" time="250" tween="sine" easing="inout"/>
			<effect type="fade" start="0" end="100" time="250" tween="sine" easing="inout"/>
		</animation>
		<animation type="WindowClose">
			<effect type="slide" start="0" end="0,-125" time="250" tween="sine" easing="inout"/>
			<effect type="fade" start="100" end="0" time="250" tween="sine" easing="inout"/>
		</animation>
			<width>1920</width>
			<height>250</height>
		<control type="label">
			<scroll>true</scroll>
			<scrollspeed>20</scrollspeed>
			<top>0</top>
			<left>0</left>
			<height>100%</height>
			<align>center</align>
			<textcolor>45FFFFFF</textcolor>
			<label fallback="No Information">$INFO[MusicPlayer.Artist] $INFO[MusicPlayer.Artist] $INFO[MusicPlayer.Artist] $INFO[MusicPlayer.Artist] $INFO[MusicPlayer.Artist] $INFO[MusicPlayer.Artist] $INFO[MusicPlayer.Artist] $INFO[MusicPlayer.Artist] $INFO[MusicPlayer.Artist] $INFO[MusicPlayer.Artist] $INFO[MusicPlayer.Artist] $INFO[MusicPlayer.Artist] $INFO[MusicPlayer.Artist]</label>
			<font>WeatherTemp</font>
			<visible>!String.IsEmpty(MusicPlayer.Artist)</visible>
		</control>
		<control type="label">
			<scroll>true</scroll>
			<scrollspeed>20</scrollspeed>
			<top>0</top>
			<left>0</left>
			<height>100%</height>
			<align>center</align>
			<textcolor>45FFFFFF</textcolor>
			<label fallback="No Information">No Artist Information No Artist Information No Artist Information No Artist Information No Artist Information No Artist Information No Artist Information No Artist Information No Artist Information No Artist Information No Artist Information No Artist Information No Artist Information</label>
			<font>WeatherTemp</font>
			<visible>String.IsEmpty(MusicPlayer.Artist)</visible>
		</control>
		<control type="label">
		<scroll>true</scroll>
			<scrollspeed>40</scrollspeed>
			<top>150</top>
			<left>0</left>
			<width>1920</width>
			<align>center</align>
			<textcolor>98FFFFFF</textcolor>
			<label fallback="No Information">$INFO[MusicPlayer.Title] - $INFO[MusicPlayer.Title] - $INFO[MusicPlayer.Title] - $INFO[MusicPlayer.Title] - $INFO[MusicPlayer.Title] - $INFO[MusicPlayer.Title] - $INFO[MusicPlayer.Title] - $INFO[MusicPlayer.Title] - $INFO[MusicPlayer.Title] - $INFO[MusicPlayer.Title] - $INFO[MusicPlayer.Title] - $INFO[MusicPlayer.Title] - $INFO[MusicPlayer.Title] - $INFO[MusicPlayer.Title] - $INFO[MusicPlayer.Title] - $INFO[MusicPlayer.Title] - $INFO[MusicPlayer.Title] - $INFO[MusicPlayer.Title] - $INFO[MusicPlayer.Title] - $INFO[MusicPlayer.Title] - $INFO[MusicPlayer.Title] - $INFO[MusicPlayer.Title] - $INFO[MusicPlayer.Title]</label>
			<font>font45</font>
			<visible>!String.IsEmpty(MusicPlayer.Title)</visible>
		</control>
		<control type="label">
		<scroll>true</scroll>
			<scrollspeed>40</scrollspeed>
			<top>150</top>
			<left>0</left>
			<width>1920</width>
			<align>center</align>
			<textcolor>98FFFFFF</textcolor>
			<label fallback="No Information">No Title - No Title - No Title - No Title - No Title - No Title - No Title - No Title - No Title - No Title - No Title - No Title - No Title - No Title - No Title - No Title - No Title - No Title - No Title - No Title - No Title - No Title - No Title</label>
			<font>font45</font>
			<visible>String.IsEmpty(MusicPlayer.Title)</visible>
		</control>
		</control>			
	</control>
	

	<control type="group">
	<animation type="Conditional" condition="Window.IsActive(musicosd)">
		<effect type="slide" start="0,0" end="0,-80" time="850" fade="150" tween="back" easing="inout"/>
	</animation>
	<width>100%</width>
	<height>100%</height>
		<top>PadSize</top>
		<bottom>200</bottom>
			<control type="group">
			<top>-10</top>
			<left>-30</left>
			<height>500</height>
			<width>120%</width>
			<control type="image">
				<top>10</top>
				<left>10</left>
				<right>10</right>
				<bottom>10</bottom>
				<texture border="3" colordiffuse="98000000" background="true" infill="true">common/box.png</texture>
			</control>
			<control type="image">
				<top>10</top>
				<left>10</left>
				<right>10</right>
				<bottom>10</bottom>
				<texture border="3" colordiffuse="98181818" background="true" infill="true">common/box.png</texture>
			</control>
			</control>
		<control type="group">
		<width>100%</width>
		<height>PadSize</height>
		<control type="group">
		<top>0</top>
		<left>30</left>
		<width>420</width>
		<height>420</height>
		<include content="SetCdArt">
			<param name="cdarticon" value="MusicPlayer.Cover"/>
		</include>
		</control>
		<control type="group">
		<width>PadSize</width>
		<height>PadSize</height>
			<include content="DefSquareSizeBoxImage">
				<param name="image" value="$INFO[MusicPlayer.Cover]"/>
				<param name="border" value="true"/>
			</include>
			</control>
			<control type="grouplist">
				<left>PadSize</left>
				<height>450</height>
				<top>15</top>
				<right>0</right>
				<align>left</align>
				<itemgap>0</itemgap>
				<bottom>0</bottom>
				<orientation>vertical</orientation>
					<control type="image">
					<width>180</width>
					<height>40</height>
					<right>10</right>
					<texture fallback="flags3/stars/8.9.png" colordiffuse="deepskyblue">flags3/stars/$INFO[MusicPlayer.Rating].png</texture>
				</control>
					<control type="textbox">
					<visible>!String.IsEmpty(MusicPlayer.Title)</visible>
						<height>auto</height>
						<align>left</align>
						<aspectratio align="left">keep</aspectratio>
						<label>$INFO[MusicPlayer.Title,[COLOR deepskyblue]Title[/COLOR] ]</label>
					</control>
					<control type="textbox">
					<visible>!String.IsEmpty(VideoPlayer.Plot)</visible>
						<height>auto</height>
						<align>left</align>
						<aspectratio align="left">keep</aspectratio>
						<label>$INFO[VideoPlayer.Plot,[COLOR deepskyblue]Plot[/COLOR] ]</label>
					</control>
					<control type="label">
					<visible>!String.IsEmpty(MusicPlayer.Artist)</visible>
						<height>40</height>
						<align>left</align>
						<aspectratio align="left">keep</aspectratio>
						<label>$INFO[MusicPlayer.Artist,[COLOR deepskyblue]Artist[/COLOR] ]</label>
					</control>
					<control type="label">
					<visible>!String.IsEmpty(MusicPlayer.Album)</visible>
						<height>40</height>
						<align>left</align>
						<aspectratio align="left">keep</aspectratio>
						<label>$INFO[MusicPlayer.Album,[COLOR deepskyblue]Album[/COLOR] ]</label>
					</control>
					<control type="label">
					<visible>!String.IsEmpty(MusicPlayer.Genre)</visible>
						<height>40</height>
						<align>left</align>
						<aspectratio align="left">keep</aspectratio>
						<label>$INFO[MusicPlayer.Genre,[COLOR deepskyblue]Genre[/COLOR] ]</label>
					</control>
					<control type="label">
					<visible>!String.IsEmpty(MusicPlayer.Year)</visible>
						<height>40</height>
						<align>left</align>
						<aspectratio align="left">keep</aspectratio>
						<label>$INFO[MusicPlayer.Year,[COLOR deepskyblue]Release Date[/COLOR] ]</label>
					</control>
					<control type="textbox">
						<top>15</top>
						<height max="250">auto</height>
						<align>left</align>
						<label fallback="No Information">$VAR[MusicInfoTextboxVarosd,[COLOR deepskyblue],[/COLOR] ]</label>
						<bottom>15</bottom>
						<autoscroll fade="4000" time="4000" repeat="4000">true</autoscroll>
					</control>
			</control>
			
		</control>
	</control>
	</controls>
</window>
