<?xml version="1.0" encoding="UTF-8"?>
<window>
	<defaultcontrol always="true">50</defaultcontrol>
	<backgroundcolor>background</backgroundcolor>
	<menucontrol>9000</menucontrol>
	<views>51,50</views>
	<controls>
		
			<control type="VideoWindow">
				<width>1</width>
				<height>1</height>
				<left>-2000</left>
				<top>-2000</top>
			</control>
		
			<include>SetBackGroundImage</include>
			<control type="group">	
			<animation effect="fade" start="100" end="0" time="200" tween="sine" condition="$EXP[infodialog_active]">Conditional</animation>
			<include>View_50_MusicWall</include>
			<include condition="Skin.String(audiosetview,51)">View_51_MusicList</include>
			<control type="group">
				<include>OpenClose_Left</include>
				<visible>Control.Isvisible(54) | Control.IsVisible(55)</visible>
				<include>Visible_Left</include>
				<include>ListThumbInfoPanel</include>
			</control>
			<include>TopBar</include>
					
			<include content="middleBar">
				<param name="id" value="51"/>
			</include>
			
			<include>MediaMenuMouseOverlay</include>
			<control type="group">
				<include>MediaMenuCommon</include>
				<control type="grouplist" id="9000">
					<top>50</top>
					<onleft>false</onleft>
					<onback condition="Player.HasMedia">19003</onback>
					<onback condition="!Player.HasMedia">50</onback>
					<onright condition="Player.HasMedia">19003</onright>
					<onright condition="!Player.HasMedia">50</onright>
					<include>MediaMenuListCommon</include>
					<control type="label" id="203">
						<description>Actions</description>
						<include>MediaMenuLabelCommon</include>
						<label>$LOCALIZE[31020]</label>
					</control>
					<control type="radiobutton" id="618">
						<include>MediaMenuItemsCommon</include>
						<label>רקע</label>
						<onclick>Skin.ToggleSetting(ShowCaseBackGround)</onclick>
						<selected>Skin.HasSetting(ShowCaseBackGround)</selected>
					</control>
					<control type="togglebutton" id="619">
						<include>MediaMenuItemsCommon</include>
						<label>$LOCALIZE[653]</label>
						<onclick>UpdateLibrary(music)</onclick>
						<visible>!Container.Content(addons)+ String.IsEmpty(Container.PluginName)</visible>
						<altlabel>$LOCALIZE[13353]</altlabel>
						<usealttexture>library.isscanningmusic</usealttexture>
					</control>
					<control type="radiobutton" id="16">
						<label>$LOCALIZE[589]</label>
						<include>MediaMenuItemsCommon</include>
					</control>
					<control type="button" id="17">
						<label>נעל תצוגה</label>
						<label2>[B]$INFO[Skin.String(audiosetview)][/B]</label2>
						<include>MediaMenuItemsCommon</include>
						<onclick condition="String.IsEmpty(Skin.String(audiosetview,50)">Skin.SetString(audiosetview,50)</onclick>
						<onclick condition="Skin.String(audiosetview,50)">Skin.SetString(audiosetview,51)</onclick>
						<onclick condition="Skin.String(audiosetview,51)">Skin.SetString(audiosetview,50)</onclick>
					</control>
					<control type="button" id="18">
						<label>רענן תצוגה</label>
						<label2>[B]$INFO[Skin.String(audiosetview)][/B]</label2>
						<include>MediaMenuItemsCommon</include>
						<onclick>ReloadSkin()</onclick>
					</control>
					<control type="button" id="612">
						<include>MediaMenuItemsCommon</include>
						<label>$LOCALIZE[31056]</label>
						<onclick>ActivateWindow(musicplaylist)</onclick>
						<visible>Integer.IsGreater(Playlist.Length(music),0)</visible>
					</control>
					<control type="button" id="621">
						<include>MediaMenuItemsCommon</include>
						<label>$LOCALIZE[21452]</label>
						<onclick>ActivateWindow(addonbrowser,addons://more/audio/,return)</onclick>
						<visible>Container.Content(addons)</visible>
					</control>
					<control type="button" id="624">
						<include>MediaMenuItemsCommon</include>
						<label>$LOCALIZE[10140]</label>
						<onclick>Addon.OpenSettings($INFO[Container.PluginName])</onclick>
						<visible>!String.IsEmpty(Container.PluginName)</visible>
					</control>
					<control type="button" id="622">
						<include>MediaMenuItemsCommon</include>
						<label>$LOCALIZE[31117]</label>
						<onclick condition="System.AddonIsEnabled(plugin.library.node.editor)">ActivateWindow(programs,plugin://plugin.library.node.editor/?ltype=music,return)</onclick>
						<onclick condition="System.HasAddon(plugin.library.node.editor) + !System.AddonIsEnabled(plugin.library.node.editor)">EnableAddon(plugin.library.node.editor)</onclick>
						<onclick condition="!System.HasAddon(plugin.library.node.editor)">InstallAddon(plugin.library.node.editor)</onclick>
						<visible>String.IsEmpty(Container.FolderPath) + String.IsEmpty(Container.PluginName)</visible>
					</control>
					<!-- <include>MediaMenuNowPlaying</include> -->
				</control>
			</control>
		</control>
		<!-- <include>HomeVideoWindow</include> -->
			<control type="group">
			<include>GlobalFadeLabel</include>
			<visible>Player.HasMedia</visible>
			<bottom>4</bottom>
			<height>10</height>
			<width>100%</width>
			<left>0</left>
			<control type="button" id="87">
				<include>HiddenObject</include>
				<onup>12123</onup>
				<ondown>200</ondown>
				<onleft>StepBack</onleft>
				<onright>StepForward</onright>
			</control>
			<control type="slider">
				<left>0</left>
				<top>-5</top>
				<onup>8010</onup>
				<ondown>650</ondown>
				<texturesliderbar colordiffuse="00FFFFFF">osd/progress/nub_leftright.png</texturesliderbar>
				<textureslidernib>osd/progress/nub_leftright.png</textureslidernib>
				<textureslidernibfocus colordiffuse="button_focus">osd/progress/nub_leftright.png</textureslidernibfocus>
				<info>Player.Progress</info>
				<onup>201</onup>
				<ondown>200</ondown>
				<visible>Player.SeekEnabled + !Control.HasFocus(87) + !MusicPlayer.Content(LiveTV)</visible>
				<action>seek</action>
			</control>
			<control type="slider">
				<left>0</left>
				<top>-5</top>
				<onup>8010</onup>
				<ondown>650</ondown>
				<texturesliderbar colordiffuse="00FFFFFF">osd/progress/nub_leftright.png</texturesliderbar>
				<textureslidernib colordiffuse="button_focus">osd/progress/nub_leftright.png</textureslidernib>
				<textureslidernibfocus colordiffuse="button_focus">osd/progress/nub_leftright.png</textureslidernibfocus>
				<info>Player.Progress</info>
				<onup>201</onup>
				<ondown>200</ondown>
				<visible>Player.SeekEnabled + Control.HasFocus(87) + !MusicPlayer.Content(LiveTV)</visible>
				<action>seek</action>
			</control>
			<control type="slider">
				<left>0</left>
				<top>-5</top>
				<onup>8010</onup>
				<ondown>650</ondown>
				<texturesliderbar colordiffuse="00FFFFFF">osd/progress/nub_leftright.png</texturesliderbar>
				<textureslidernib>osd/progress/nub_leftright.png</textureslidernib>
				<textureslidernibfocus colordiffuse="button_focus">osd/progress/nub_leftright.png</textureslidernibfocus>
				<info>PVR.TimeshiftProgressPlayPos</info>
				<onup>201</onup>
				<ondown>200</ondown>
				<action>pvr.seek</action>
				<visible>Player.SeekEnabled + !Control.HasFocus(87) + MusicPlayer.Content(LiveTV)</visible>
			</control>
			<control type="slider">
				<left>0</left>
				<top>-5</top>
				<onup>8010</onup>
				<ondown>650</ondown>
				<texturesliderbar colordiffuse="00FFFFFF">osd/progress/nub_leftright.png</texturesliderbar>
				<textureslidernib colordiffuse="button_focus">osd/progress/nub_leftright.png</textureslidernib>
				<textureslidernibfocus colordiffuse="button_focus">osd/progress/nub_leftright.png</textureslidernibfocus>
				<info>PVR.TimeshiftProgressPlayPos</info>
				<onup>201</onup>
				<ondown>200</ondown>
				<action>pvr.seek</action>
				<visible>Player.SeekEnabled + Control.HasFocus(87) + MusicPlayer.Content(LiveTV)</visible>
			</control>
				<control type="progress">
					<left>0</left>
					<top>-5</top>
					<info>Player.ProgressCache</info>
					<texturebg border="3" colordiffuse="45FFFFFF">colors/white50.png</texturebg>
					<midtexture colordiffuse="$INFO[Skin.String(mainmenufocus)]">colors/white50.png</midtexture>
				</control>
		</control>
		
		<control type="group">
		<visible allowhiddenfocus="true">Control.HasFocus(19003)</visible>
		<animation type="Visible">
		<effect type="slide" start="-25" end="0" time="350" tween="sine" easing="inout"/>
		<effect type="fade" start="0" end="100" time="350"/>
		</animation>
		<animation type="Hidden">
		<effect type="slide" start="0" end="-25" time="350" tween="sine" easing="inout"/>
		<effect type="fade" start="100" end="0" time="350"/>
		</animation>
		<width>800</width>
		<height>150</height>
		<centertop>50%</centertop>
		<centerleft>50%</centerleft>
		<control type="image">
			<centerleft>53.8%</centerleft>
			<height>65</height>
			<width>550</width>
			<bordertexture colordiffuse="button_focus">masks/landscape_w1140_h680.png</bordertexture>
			<bordersize>2</bordersize>
			<texture colordiffuse="black">masks/landscape_w1140_h680.png</texture>
			<visible>Integer.IsEqual(Container(19003).NumItems,9)</visible>
		</control>
		<control type="image">
			<centerleft>50.5%</centerleft>
			<height>65</height>
			<width>500</width>
			<bordertexture colordiffuse="button_focus">masks/landscape_w1140_h680.png</bordertexture>
			<bordersize>2</bordersize>
			<texture colordiffuse="black">masks/landscape_w1140_h680.png</texture>
			<visible>Integer.IsEqual(Container(19003).NumItems,8)</visible>
		</control>
		<control type="image">
			<centerleft>43.5%</centerleft>
			<height>65</height>
			<width>400</width>
			<bordertexture colordiffuse="button_focus">masks/landscape_w1140_h680.png</bordertexture>
			<bordersize>2</bordersize>
			<texture colordiffuse="black">masks/landscape_w1140_h680.png</texture>
			<visible>Integer.IsEqual(Container(19003).NumItems,6)</visible>
		</control>
		<control type="image">
			<centerleft>40.5%</centerleft>
			<height>65</height>
			<width>350</width>
			<bordertexture colordiffuse="button_focus">masks/landscape_w1140_h680.png</bordertexture>
			<bordersize>2</bordersize>
			<texture colordiffuse="black">masks/landscape_w1140_h680.png</texture>
			<visible>Integer.IsEqual(Container(19003).NumItems,5)</visible>
		</control>
		<control type="image">
			<centerleft>58%</centerleft>
			<height>65</height>
			<width>300</width>
			<bordertexture colordiffuse="button_focus">masks/landscape_w1140_h680.png</bordertexture>
			<bordersize>2</bordersize>
			<texture colordiffuse="black">masks/landscape_w1140_h680.png</texture>
			<visible>Integer.IsEqual(Container(19003).NumItems,4)</visible>
		</control>
		<control type="image">
			<centerleft>50%</centerleft>
			<height>65</height>
			<width>250</width>
			<bordertexture colordiffuse="button_focus">masks/landscape_w1140_h680.png</bordertexture>
			<bordersize>2</bordersize>
			<texture colordiffuse="black">masks/landscape_w1140_h680.png</texture>
			<visible>Integer.IsEqual(Container(19003).NumItems,3)</visible>
		</control>
		<control type="list" id="19003">
		<include content="setlisthorizontalview">
		<param name="orientation" value="horizontal"/>
		</include>
		<top>8%</top>
		<centerleft>62%</centerleft>
		<onback>50</onback>
		<itemlayout width="55" height="55">
		<control type="image">
			<width>40</width>
			<height>40</height>
			<texture>common/circle2.png</texture>
		</control>
		<control type="image">
			<width>40</width>
			<height>40</height>
			<texture colordiffuse="black">$INFO[ListItem.Icon]</texture>
		</control>
		</itemlayout>
		<focusedlayout width="55" height="55">
		<control type="image">
			<width>40</width>
			<height>40</height>
			<texture>common/circle2.png</texture>
		</control>
		<control type="image">
			<width>40</width>
			<height>40</height>
			<texture colordiffuse="$INFO[Skin.String(mainmenufocus)]">common/circle2.png</texture>
			<include>FocusBounce</include>
			<visible>Control.HasFocus(19003)</visible>
		</control>
		<control type="image">
			<width>40</width>
			<height>40</height>
			<texture colordiffuse="white">$INFO[ListItem.Icon]</texture>
			<visible>Control.HasFocus(19003)</visible>
			</control>
		<control type="image">
			<width>40</width>
			<height>40</height>
			<texture colordiffuse="black">$INFO[ListItem.Icon]</texture>
			<visible>!Control.HasFocus(19003)</visible>
		</control>
		</focusedlayout>
		<content>
		<item id="1">
			<icon>osd/fullscreen/buttons/previous.png</icon>
			<onclick>PlayerControl(previous)</onclick>
			<visible>!Integer.IsEqual(Playlist.Length(music),0) + !String.IsEmpty(MusicPlayer.offset(-1).Title)</visible>
		</item>
		<item id="8">
			<icon>osd/fullscreen/buttons/rewind.png</icon>
			<onclick>seek(-100)</onclick>
			<visible>!VideoPlayer.Contnet(LiveTv)</visible>
		</item>
		<item id="2">
			<icon>osd/fullscreen/buttons/play.png</icon>
			<onclick>PlayerControl(play)</onclick>
			<visible>Player.Paused</visible>
		</item>
		<item id="3">
			<icon>osd/fullscreen/buttons/pause.png</icon>
			<onclick>PlayerControl(play)</onclick>
			<visible>!Player.Paused</visible>
		</item>
		<item id="4">
			<icon>osd/fullscreen/buttons/stop.png</icon>
			<onclick>Dialog.Close(all,true)</onclick>
			<onclick>PlayerControl(stop)</onclick>
		</item>
		<item id="5">
			<icon>osd/noanimate.png</icon>
			<onclick>Dialog.Close(all,true)</onclick>
			<onclick>FullScreen</onclick>
		</item>
		<item id="8">
			<icon>osd/fullscreen/buttons/forward.png</icon>
			<onclick>seek(100)</onclick>
			<visible>!VideoPlayer.Contnet(LiveTv)</visible>
		</item>
		<item id="7">
			<icon>osd/fullscreen/buttons/next.png</icon>
			<onclick>PlayerControl(next)</onclick>
			<visible>!Integer.IsEqual(Playlist.Length(music),0)</visible>
		</item>
		<item id="9">
			<icon>osd/fullscreen/buttons/playlist.png</icon>
			<onclick condition="!Skin.HasSetting(advancedplaylist)">ActivateWindow(musicplaylist)</onclick>
			<onclick condition="Skin.HasSetting(advancedplaylist)">ActivateWindow(1201)</onclick>
			<visible>!Integer.IsEqual(Playlist.Length(video),0)</visible>
			<visible>Player.HasVideo</visible>
		</item>
		<item id="10">
			<onclick condition="!Skin.HasSetting(advancedplaylist)">ActivateWindow(musicplaylist)</onclick>
			<onclick condition="Skin.HasSetting(advancedplaylist)">ActivateWindow(1197)</onclick>
			<icon>osd/fullscreen/buttons/playlist.png</icon>
			<!-- <onclick>ActivateWindow(musicplaylist)</onclick> -->
			<visible>!Integer.IsEqual(Playlist.Length(music),0)</visible>
			<visible>Player.HasAudio</visible>
		</item>
		<item id="11">
			<onclick>SetFocus(9000)</onclick>
			<icon>osd/fullscreen/buttons/settings.png</icon>
		</item>	
		</content>
		</control>	
		</control>
		
	</controls>
</window>
