<?xml version="1.0" encoding="UTF-8"?>
<window>
	<defaultcontrol always="true">505</defaultcontrol>
	<backgroundcolor>background</backgroundcolor>
	<menucontrol>9000</menucontrol>
	<views>505</views>
	<include>VisibleHiddenWindowCloseWindowOpenAnim</include>
	<controls>
	
			<control type="VideoWindow">
				<height>1</height>
				<width>1</width>
				<left>-2000</left>
				<top>-2000</top>
			</control>
		<include>newdefaultbackground</include>
			<include content="GlobalSideInfoPanelBG">
			<param name="visible" value="Control.IsVisible(505)"/>
			<param name="width" value="650"/>
			</include>
		<control type="group">
			<animation effect="fade" start="100" end="0" time="200" tween="sine" condition="$EXP[infodialog_active]">Conditional</animation>
			<include>View_505_PlayList</include>
			<!--<include condition="Window.IsActive(musicplaylist)">View_503_NowPlaying</include>-->
			<include>CommonScrollbars</include>
			<control type="group">
				<include>OpenClose_Left</include>
				<include>Visible_Left</include>
				<include>ListThumbInfoPanel</include>
			</control>
			<include content="TopBar" condition="Window.IsActive(videoplaylist)">
				<param name="breadcrumbs_label" value="$LOCALIZE[31065]" />
				<param name="sublabel">$LOCALIZE[31073] - $INFO[Container.TotalTime,,  ∙  ]$INFO[Container.CurrentItem,,/]$INFO[Container.NumItems]</param>
			</include>
			<include content="TopBar" condition="Window.IsActive(musicplaylist)">
				<param name="breadcrumbs_label" value="$LOCALIZE[31066]" />
				<param name="sublabel">$LOCALIZE[31074] - $INFO[Container.TotalTime]</param>
			</include>
			<include content="BottomBar">
				<param name="info_visible" value="true" />
			</include>
			<include>MediaMenuMouseOverlay</include>
			<control type="group">
				<include>MediaMenuCommon</include>
				<control type="grouplist" id="9000">
					<top>50</top>
					<onleft>505</onleft>
					<onright>505</onright>
					<include>MediaMenuListCommon</include>
					<control type="label" id="203">
						<description>Actions</description>
						<include>MediaMenuLabelCommon</include>
						<label>$LOCALIZE[31020]</label>
					</control>
					<control type="radiobutton" id="20">
						<height>80</height>
						<align>left</align>
						<aligny>center</aligny>
						<texturefocus colordiffuse="button_focus">masks/focus.png</texturefocus>
						<texturenofocus />
						<radioposx>280</radioposx>
						<textoffsetx>20</textoffsetx>
						<label>$LOCALIZE[191]</label>
					</control>
					<control type="button" id="26">
						<height>80</height>
						<align>left</align>
						<aligny>center</aligny>
						<texturefocus colordiffuse="button_focus">masks/focus.png</texturefocus>
						<texturenofocus />
						<textoffsetx>20</textoffsetx>
						<label></label>
					</control>
					<control type="button" id="21">
						<height>80</height>
						<align>left</align>
						<aligny>center</aligny>
						<texturefocus colordiffuse="button_focus">masks/focus.png</texturefocus>
						<texturenofocus />
						<textoffsetx>20</textoffsetx>
						<label>$LOCALIZE[190]</label>
					</control>
					<control type="button" id="22">
						<height>80</height>
						<align>left</align>
						<aligny>center</aligny>
						<texturefocus colordiffuse="button_focus">masks/focus.png</texturefocus>
						<texturenofocus />
						<textoffsetx>20</textoffsetx>
						<label>$LOCALIZE[192]</label>
					</control>
					<include>MediaMenuNowPlaying</include>
				</control>
			</control>
		</control>
	</controls>
</window>
