<?xml version="1.0" encoding="UTF-8"?>
<window>
	<defaultcontrol always="true">505</defaultcontrol>
	<backgroundcolor>background</backgroundcolor>
	<menucontrol>9000</menucontrol>
	<views>505</views>
	<controls>
	
			<include>DefaultBackground</include>
			<include content="BackgroundPlayedInfo">
			<param name="label">MusicPlayer.Artist</param><param name="label2">MusicPlayer.Title</param>
			</include>
			
			<control type="group">
			<animation effect="fade" start="100" end="0" time="500" tween="sine" condition="$EXP[infodialog_active]">Conditional</animation>
			<include>View_505_PlayList</include>
			<include>CommonScrollbars</include>
			<include>MediaMenuMouseOverlay</include>
			<control type="group">
			<left>35</left>
			<top>300</top>
			<bottom>220</bottom>
			<right>905</right>
			<visible allowhiddenfocus="true">ControlGroup(9000).HasFocus() | Control.HasFocus(29003)</visible>
				<include>MediaMenuCommon</include>
				<control type="grouplist" id="9000">
					<top>45</top>
					<onleft>false</onleft>
					<onright>505</onright>
					<bottom>0</bottom>
					<itemgap>8</itemgap>
					<onback>505</onback>
				<control type="label" id="200">
					<height>65</height>
					<include>MediaMenuLabelCommon</include>
					<label>$LOCALIZE[14018]</label>
				</control>
				<control type="button" id="6051">
					<height>50</height>
					<texturenofocus colordiffuse="98000000">colors/white</texturenofocus>
					<texturefocus colordiffuse="45FFFFFF">colors/white.png</texturefocus>
					<label>$LOCALIZE[31023]</label>
					<label2>[B]$INFO[Container.Viewmode][/B]</label2>
					<onclick>Container.NextViewMode</onclick>
				</control>
					<control type="label" id="203">
						<height>65</height>
						<description>Actions</description>
						<include>MediaMenuLabelCommon</include>
						<label>$LOCALIZE[31020]</label>
					</control>
					<control type="radiobutton" id="20">
						<align>left</align>
						<aligny>center</aligny>
						<height>50</height>
						<texturenofocus colordiffuse="98000000">colors/white</texturenofocus>
						<texturefocus colordiffuse="45FFFFFF">colors/white.png</texturefocus>
						<radioposx>280</radioposx>
						<textoffsetx>20</textoffsetx>
						<label>$LOCALIZE[191]</label>
					</control>
					<control type="button" id="26">
						<align>left</align>
						<aligny>center</aligny>
						<height>50</height>
						<texturenofocus colordiffuse="98000000">colors/white</texturenofocus>
						<texturefocus colordiffuse="45FFFFFF">colors/white.png</texturefocus>
						<textoffsetx>20</textoffsetx>
						<label></label>
					</control>
					<control type="button" id="21">
						<align>left</align>
						<aligny>center</aligny>
						<height>50</height>
						<texturenofocus colordiffuse="98000000">colors/white</texturenofocus>
						<texturefocus colordiffuse="45FFFFFF">colors/white.png</texturefocus>
						<textoffsetx>20</textoffsetx>
						<label>$LOCALIZE[190]</label>
					</control>
					<control type="button" id="22">
						<align>left</align>
						<aligny>center</aligny>
						<height>50</height>
						<texturenofocus colordiffuse="98000000">colors/white</texturenofocus>
						<texturefocus colordiffuse="45FFFFFF">colors/white.png</texturefocus>
						<textoffsetx>20</textoffsetx>
						<label>נקה רשימה</label>
					</control>
					<control type="button" id="123">
						<align>left</align>
						<aligny>center</aligny>
						<height>50</height>
						<texturenofocus colordiffuse="98000000">colors/white</texturenofocus>
						<texturefocus colordiffuse="45FFFFFF">colors/white.png</texturefocus>
						<textoffsetx>20</textoffsetx>
						<label>הגדל מסך</label>
						<onclick>FullScreen</onclick>
					</control>
				</control>
			</control>
		</control>

			<!-- <include content="GlobalButtonsPlayerControls"> -->
				<!-- <param name="onright">505</param> -->
				<!-- <param name="id">9003</param> -->
				<!-- <param name="settings">Control.SetFocus(9000)</param> -->
			<!-- </include> -->
			
		<control type="fadelabel">
		<include>OpenClose_FadeSlide_Bottom</include>
		<visible>!Window.IsActive(songinformation)</visible>
			<width>1200</width>
			<height>50</height>
			<top>1020</top>
			<left>350</left>
			<pauseatend>5200</pauseatend>
			<visible>true</visible>
			<scroll>false</scroll>
			<scrollout>false</scrollout>
			<randomize>true</randomize>
			<align>center</align>
			<info condition="Player.HasAudio">MusicPlayer.Title, [COLOR burlywood]Playing Now:[/COLOR] </info>
			<info condition="Player.HasAudio + !String.IsEmpty(MusicPlayer.offset(1).Title)">MusicPlayer.offset(1).Title, [COLOR burlywood]Comming Next:[/COLOR] </info>
			<info condition="Player.HasVideo">VideoPlayer.Title, [COLOR burlywood]Playing Now:[/COLOR] </info>
			<info condition="Player.HasVideo + !String.IsEmpty(VideoPlayer.offset(1).Title)">VideoPlayer.offset(1).Title, [COLOR burlywood]Comming Next:[/COLOR] </info>
			<include>_VARTopanim</include>
			<visible>Player.HasMedia</visible>
			</control>
	</controls>
</window>
