<?xml version="1.0" encoding="UTF-8"?>
<window>
	<defaultcontrol always="true">505</defaultcontrol>
	<backgroundcolor>background</backgroundcolor>
	<menucontrol>9000</menucontrol>
	<views>505</views>
	<controls>
	
			<control type="VideoWindow">
			<height>1</height>
			<width>1</width>
			<left>-2000</left>
			<top>-2000</top>
			</control>
			
			<include>DefaultBackground</include>
			<control type="image">
			<texture colordiffuse="98000000">colors/white.png</texture>
			<!-- <animation condition="true" start="0" end="20" time="0">Conditional</animation> -->
			</control>
			<include content="FadeTopBottomBar">
			<param name="top" value="true"/><param name="bottom" value="true"/><param name="rightwidth" value="500"/><param name="sideright" value="false"/><param name="sideleft" value="false"/>
			</include>
			
			
			<include content="BackgroundPlayedInfo">
			<param name="label">MusicPlayer.Artist</param><param name="label2">MusicPlayer.Title</param>
			</include>
			
			<control type="group">
			<animation effect="fade" start="100" end="0" time="200" tween="sine" condition="$EXP[infodialog_active]">Conditional</animation>
			<include>View_505_PlayList</include>
			<include>CommonScrollbars</include>
			<include>MediaMenuMouseOverlay</include>
			<control type="group">
				<include>MediaMenuCommon</include>
				<control type="grouplist" id="9000">
					<top>50</top>
					<onleft>false</onleft>
					<onright>505</onright>
					<right>1920</right>
				<control type="label" id="200">
					<include>MediaMenuLabelCommon</include>
					<label>$LOCALIZE[14018]</label>
				</control>
				<control type="button" id="6051">
					<include>MediaMenuItemsCommon</include>
					<label>$LOCALIZE[31023]</label>
					<label2>[B]$INFO[Container.Viewmode][/B]</label2>
					<onclick>Container.NextViewMode</onclick>
				</control>
					<control type="label" id="203">
						<description>Actions</description>
						<include>MediaMenuLabelCommon</include>
						<label>$LOCALIZE[31020]</label>
					</control>
					<control type="radiobutton" id="20">
						<height>80</height>
						<align>left</align>
						<aligny>center</aligny>
						<texturefocus colordiffuse="button_focus">masks/focus.png</texturefocus>
						<texturenofocus />
						<radioposx>280</radioposx>
						<textoffsetx>20</textoffsetx>
						<label>$LOCALIZE[191]</label>
					</control>
					<control type="button" id="26">
						<height>80</height>
						<align>left</align>
						<aligny>center</aligny>
						<texturefocus colordiffuse="button_focus">masks/focus.png</texturefocus>
						<texturenofocus />
						<textoffsetx>20</textoffsetx>
						<label></label>
					</control>
					<control type="button" id="21">
						<height>80</height>
						<align>left</align>
						<aligny>center</aligny>
						<texturefocus colordiffuse="button_focus">masks/focus.png</texturefocus>
						<texturenofocus />
						<textoffsetx>20</textoffsetx>
						<label>$LOCALIZE[190]</label>
					</control>
					<control type="button" id="22">
						<height>80</height>
						<align>left</align>
						<aligny>center</aligny>
						<texturefocus colordiffuse="button_focus">masks/focus.png</texturefocus>
						<texturenofocus />
						<textoffsetx>20</textoffsetx>
						<label>$LOCALIZE[192]</label>
					</control>
				</control>
			</control>
		</control>

			<!-- <include content="GlobalButtonsPlayerControls"> -->
				<!-- <param name="onright">505</param> -->
				<!-- <param name="id">9003</param> -->
				<!-- <param name="settings">Control.SetFocus(9000)</param> -->
			<!-- </include> -->
			
		<control type="fadelabel">
		<include>OpenClose_FadeSlide_Bottom</include>
		<visible>!Window.IsActive(songinformation)</visible>
			<width>1200</width>
			<height>50</height>
			<top>1020</top>
			<left>350</left>
			<pauseatend>5200</pauseatend>
			<visible>true</visible>
			<scroll>false</scroll>
			<scrollout>false</scrollout>
			<randomize>true</randomize>
			<align>center</align>
			<info condition="Player.HasAudio">MusicPlayer.Title, [COLOR burlywood]Playing Now:[/COLOR] </info>
			<info condition="Player.HasAudio + !String.IsEmpty(MusicPlayer.offset(1).Title)">MusicPlayer.offset(1).Title, [COLOR burlywood]Comming Next:[/COLOR] </info>
			<info condition="Player.HasVideo">VideoPlayer.Title, [COLOR burlywood]Playing Now:[/COLOR] </info>
			<info condition="Player.HasVideo + !String.IsEmpty(VideoPlayer.offset(1).Title)">VideoPlayer.offset(1).Title, [COLOR burlywood]Comming Next:[/COLOR] </info>
			<include>_VARTopanim</include>
			<visible>Player.HasMedia</visible>
			</control>
	</controls>
</window>
