<?xml version="1.0" encoding="UTF-8"?>
<window>
	<defaultcontrol always="true">617</defaultcontrol>
	<onload condition="String.IsEqual(Skin.String(lockview),501)">501</onload>
	<!-- <onload condition="String.IsEqual(Skin.String(lockview),502)">502</onload> -->
	<!-- <onload condition="String.IsEqual(Skin.String(lockview),509)">509</onload> -->
	<!-- <onload condition="String.IsEqual(Skin.String(lockview),510)">510</onload> -->
	<onload condition="String.IsEqual(Skin.String(lockview),515)">515</onload>
	<onload condition="String.IsEqual(Skin.String(lockview),516)">516</onload>
	<views>617,516</views>
	<menucontrol>9000</menucontrol>
	<onunload>ClearProperty(TextViewer_TextDialog)</onunload>
	<include>_VARzoomglobalanimation</include>
	<controls>
		<control type="list" id="99951">
			<width>1</width>
			<height>1</height>
			<itemlayout />
			<focusedlayout />
			<content condition="Container.Content(movies)">plugin://plugin.video.themoviedb.helper/?info=details&amp;type=movie&amp;imdb_id=$INFO[ListItem.IMDBNumber]</content>
			<content condition="Container.Content(tvshows) | Container.Content(seasons) | Container.Content(episodes)">plugin://plugin.video.themoviedb.helper/?info=details&amp;type=tv&amp;tmdb_id=$INFO[ListItem.Property(tmdb_id)]</content>
		</control>
		<control type="VideoWindow">
			<width>1</width>
			<height>1</height>
			<left>-2000</left>
			<top>-2000</top>
		</control>
	
			<include>SetBackGroundImage</include>
			
			<include content="FadeTopBottomBar">
			<param name="top" value="true"/><param name="bottom" value="true"/><param name="rightwidth" value="500"/>
			</include>
				
			<control type="group">
			<animation type="Conditional" condition="Window.IsActive(movieinformation)">
			<effect type="zoom" start="100,100" end="98,98" center="50%,50%" time="150"/>
			<effect type="fade" start="100" end="20" time="250"/>
			</animation>
			<!-- <include>View_501_FanArt</include> -->
			<!-- <include condition="String.IsEqual(Skin.String(lockview),502)">View_502_Square</include> -->
			<!-- <include condition="String.IsEqual(Skin.String(lockview),509)">View_509_Posters</include> -->
			<!-- <include condition="String.IsEqual(Skin.String(lockview),510)">View_510_PostersPanel</include> -->
			<!-- <include>View_515_WideList</include> -->
			<include>View_617_SimpleList</include>
			<include>View_516_WideList</include>
			</control>
			
			
			<include content="MyVideoNavInfo">
				<param name="visible" value="Control.Isvisible(56) + !String.Contains(ListItem.FolderPath,idanplus)"/>
				<param name="iconvisible" value="String.IsEqual(ListItem.DBTYPE,video) | String.IsEqual(ListItem.DBTYPE,episode)"/>
				<param name="progressinclude" value="WatchProgressPercentPlayedEpisodes"/>
			</include>

			<include content="MyVideoNavInfo">
				<param name="visible" value="Control.Isvisible(56) + String.Contains(ListItem.FolderPath,idanplus)"/>
				<param name="iconvisible" value="true"/>
				<param name="progressinclude" value="WatchProgressPercentPlayed"/>
			</include>
			
			<include content="MyVideoNavInfo">
				<param name="visible" value="Control.Isvisible(57)"/>
				<param name="iconvisible" value="true"/>
				<param name="progressinclude" value="PercentPlayedProgress"/>
			</include>
				
			<include content="TopLeftBar">
				<param name="visible" value="Control.IsVisible(501) | Control.IsVisible(515) | Control.IsVisible(516) | Control.IsVisible(617)"/>
			</include>
			<!-- <include content="BottomBar"> -->
				<!-- <param name="info_visible" value="true" /> -->
			<!-- </include> -->
			<include content="middleBar">
				<param name="id" value="501"/>
			</include>
			<include content="middleBar">
				<param name="id" value="515"/>
			</include>
			<include content="middleBar">
				<param name="id" value="516"/>
			</include>
			<include content="middleBar">
				<param name="id" value="617"/>
			</include>
			
			<control type="grouplist">
			<orientation>horizontal</orientation>
			<visible>Control.IsVisible(617) + Player.HasVideo</visible>
			<top>95%</top>
			<height>100</height>
			<width>1920</width>
			<align>center</align>
			<itemgap>0</itemgap>
				<control type="group">
				<width>185</width>
				<height max="45">auto</height>
					<include content="BottomTimeInfo">
						<param name="icon" value="clock.png"/><param name="info" value="Player.Time(hh:mm:ss)"/>
					</include>
				</control>
				<control type="group">
				<width>145</width>
				<height max="45">auto</height>
					<include content="BottomTimeInfo">
						<param name="icon" value="arrow.png"/><param name="info" value="System.Time"/>
					</include>
				</control>
				<control type="group">
				<width>145</width>
				<height max="45">auto</height>
					<include content="BottomTimeInfo">
						<param name="icon" value="finishtime.png"/><param name="info" value="Player.TimeRemaining(hh:mm:ss)"/>
					</include>
				</control>
			</control>
		
		<control type="list" id="59632">
			<visible>String.IsEqual(ListItem.DBTYPE,tvshow) | Container.Content(tvshows)</visible>
			<content sortby="year" sortorder="ascending">$INFO[ListItem.FolderPath]</content>
			<itemlayout/>
			<focusedlayout/>
		</control>
		
		<control type="label" id="55005">
		<visible allowhiddenfocus="true">false</visible>
			<left>550</left>
			<width>1000</width>
			<height>50</height>
			<label>$INFO[Container(59632).ListItem(0).Year]$INFO[Container(59632).ListItem(-1).Year, - ]</label>
		</control>
		
		<control type="label" id="55006">
			<visible allowhiddenfocus="true">false</visible>
			<left>550</left>
			<width>1000</width>
			<height>50</height>
			<label>$INFO[Container(59632).ListItem(0).Label]$INFO[Container(59632).ListItem(-1).Label, עד ]</label>
		</control>
		
			<!-- <include content="GlobalButtonsPlayerControls"> -->
				<!-- <param name="onright">515</param> -->
				<!-- <param name="id">9003</param> -->
				<!-- <param name="left">-130</param> -->
				<!-- <param name="end">100</param> -->
				<!-- <param name="settings">Control.SetFocus(9000)</param> -->
			<!-- </include> -->
			
			<include>MediaMenuMouseOverlay</include>
			
			
			<control type="group">
			<height>100%</height>
			<width>500</width>
			<left>-520</left>
			<animation type="Conditional" condition="Control.HasFocus(29003) | ControlGroup(9000).HasFocus()" reversible="true">
			<effect type="slide" start="0" end="520" time="400" tween="cubic" easing="out" />
			</animation>
		<control type="image">
			<width>4000</width>
			<height>100%</height>
			<aspectratio>scale</aspectratio>
			<texture colordiffuse="80FFFFFF">colors/black.png</texture>
			<visible>$EXP[sidebar_visible] + !System.HasActiveModalDialog</visible>
			<animation effect="fade" time="200">VisibleChange</animation>
		</control>
		<control type="image">
			<left>0</left>
			<top>0</top>
			<width>520</width>
			<height>100%</height>
			<texture colordiffuse="button_focus" border="0,0,52,0">lists/contentpanel-fade.png</texture>
		</control>
			<include>globalhorizontalbuttons</include>
			<control type="grouplist" id="9000">
			<left>0</left>
			<top>100</top>
			<itemgap>0</itemgap>
			<onright condition="Control.IsVisible(501)">501</onright>
			<onright condition="Control.IsVisible(515)">515</onright>
			<onright condition="Control.IsVisible(516)">516</onright>
			<onright condition="Control.IsVisible(617)">617</onright>
			<onup condition="Player.HasMedia">29003</onup>
			<!-- <onright>9003</onright> -->
			<orientation>vertical</orientation>
			<onback>50</onback>
			<itemgap>7</itemgap>
			<ondown>9001</ondown>
			<control type="label" id="5000">
				<include>MediaMenuLabelCommon</include>
				<label>$LOCALIZE[14018]</label>
			</control>
			<control type="button" id="5001">
				<include>MediaMenuItemsCommon</include>
				<label>$LOCALIZE[31023]</label>
				<label2>[B]$INFO[Container.Viewmode][/B]</label2>
				<visible>Integer.IsGreater(Container.ViewCount,0)</visible>
				<onclick>Container.NextViewMode</onclick>
			</control>
			<control type="button" id="5002">
				<include>MediaMenuItemsCommon</include>
				<label>$LOCALIZE[31022]</label>
				<label2>[B]$INFO[Container.SortMethod][/B]</label2>
				<visible>Control.IsEnabled(3)</visible>
				<onclick>SendClick(3)</onclick>
			</control>
			<control type="button" id="5003">
				<include>MediaMenuItemsCommon</include>
				<label>$LOCALIZE[31032]</label>
				<label2>[B]$INFO[Container.SortOrder][/B]</label2>
				<visible>Control.IsEnabled(4)</visible>
				<onclick>SendClick(4)</onclick>
			</control>
			<include condition="Window.IsVisible(Videos) | Window.IsVisible(Music)">MediaMenuSearchButton</include>
			<control type="button" id="19">
				<visible>Container.CanFilter + !Container.CanFilterAdvanced</visible>
				<include>MediaMenuItemsCommon</include>
				<onclick>right</onclick>
				<label>$LOCALIZE[587]</label>
			</control>
			<control type="button" id="5004">
				<visible>Container.CanFilterAdvanced</visible>
				<include>MediaMenuItemsCommon</include>
				<label>$LOCALIZE[587]</label>
				<onclick>right</onclick>
				<onclick>Filter</onclick>
			</control>
			<control type="button" id="5005">
				<description>Watched Toggle</description>
				<include>MediaMenuItemsCommon</include>
				<label>כמות פריטים</label>
				<label2>[B]$INFO[Container.NumItems][/B]</label2>
				<visible>Container.Content(movies) | Container.Content(sets) | Container.Content(tvshows) | Container.content(seasons) | Container.Content(episodes) | Container.Content(MusicVideos)</visible>
			</control>
			<control type="label" id="5006">
				<include>MediaMenuLabelCommon</include>
				<label>$LOCALIZE[31020]</label>
			</control>
			<control type="radiobutton" id="16">
				<description>PartyMode</description>
				<label>$LOCALIZE[589]</label>
				<include>MediaMenuItemsCommon</include>
				<visible>Container.Content(MusicVideos)</visible>
			</control>
			<control type="radiobutton" id="11">
				<description>Unlock Shares</description>
				<include>MediaMenuItemsCommon</include>
				<label>$LOCALIZE[20336]</label>
				<onclick>mastermode</onclick>
				<selected>system.ismaster</selected>
				<visible>system.haslocks</visible>
			</control>
			<control type="togglebutton" id="20">
				<description>Update library</description>
				<include>MediaMenuItemsCommon</include>
				<label>$LOCALIZE[653]</label>
				<onclick>UpdateLibrary(video)</onclick>
				<visible>!Container.Content(addons)+ String.IsEmpty(Container.PluginName)</visible>
				<altlabel>$LOCALIZE[13353]</altlabel>
				<usealttexture>library.isscanningvideo</usealttexture>
			</control>
			<!-- <control type="button" id="612"> -->
				<!-- <description>Go to playlist</description> -->
				<!-- <include>MediaMenuItemsCommon</include> -->
				<!-- <label>$LOCALIZE[31056]</label> -->
				<!-- <onclick>ActivateWindow(videoplaylist)</onclick> -->
			<!-- <visible>Integer.IsGreater(Playlist.Length(video),0)</visible> -->
			<!-- </control> -->
			<control type="button" id="10">
				<description>Get more</description>
				<include>MediaMenuItemsCommon</include>
			</control>
			<control type="button" id="5007">
				<description>Get more</description>
				<include>MediaMenuItemsCommon</include>
				<label>$LOCALIZE[21452]</label>
				<onclick>ActivateWindow(addonbrowser,addons://more/video/,return)</onclick>
			<visible>Container.Content(addons)</visible>
			</control>
			<control type="button" id="5008">
				<include>MediaMenuItemsCommon</include>
				<label>$LOCALIZE[31117]</label>
				<onclick condition="System.AddonIsEnabled(plugin.library.node.editor)">ActivateWindow(programs,plugin://plugin.library.node.editor/?ltype=video,return)</onclick>
				<onclick condition="System.HasAddon(plugin.library.node.editor) + !System.AddonIsEnabled(plugin.library.node.editor)">EnableAddon(plugin.library.node.editor)</onclick>
				<onclick condition="!System.HasAddon(plugin.library.node.editor)">InstallAddon(plugin.library.node.editor)</onclick>
				<visible>Container.Content() + String.IsEmpty(Container.PluginName)</visible>
			</control>
			<control type="button" id="5009">
				<include>MediaMenuItemsCommon</include>
				<label>$LOCALIZE[31009]</label>
				<onclick>InstallAddon(resource.images.studios.white)</onclick>
				<visible>Container.Content(studios) + !System.AddonIsEnabled(resource.images.studios.white)</visible>
			</control>
			<control type="button" id="5010">
				<include>MediaMenuItemsCommon</include>
				<label>$LOCALIZE[10140]</label>
				<onclick>Addon.OpenSettings($INFO[Container.PluginName])</onclick>
				<visible>!String.IsEmpty(Container.PluginName)</visible>
			</control>
			<control type="button" id="5111">
				<include>MediaMenuItemsCommon</include>
				<label>רשימת פלייליסט</label>
				<onclick>ActivateWindow(videoplaylist)</onclick>
				<visible>!Integer.IsEqual(Playlist.Length(video),0)</visible>
			</control>	
			<control type="button" id="5011">
				<include>MediaMenuItemsCommon</include>
				<label>הגדר תצוגה</label>
				<label2>$INFO[Skin.String(lockview)]</label2>
				<onclick condition="String.IsEmpty(Skin.String(lockview,515)">Skin.SetString(lockview,515)</onclick>
				<!-- <onclick condition="Skin.String(lockview,502)">Skin.SetString(lockview,509)</onclick> -->
				<!-- <onclick condition="Skin.String(lockview,509)">Skin.SetString(lockview,510)</onclick> -->
				<!-- <onclick condition="Skin.String(lockview,510)">Skin.SetString(lockview,512)</onclick> -->
				<!-- <onclick condition="Skin.String(lockview,512)">Skin.SetString(lockview,515)</onclick> -->
				<onclick condition="Skin.String(lockview,515)">Skin.SetString(lockview,516)</onclick>
				<onclick condition="Skin.String(lockview,516">Skin.SetString(lockview,515)</onclick>
			</control>
			<control type="button" id="6111">
				<include>MediaMenuItemsCommon</include>
				<label>רענן תצוגה לצפיה בתצוגה שנבחרה</label>
				<onclick>ReloadSkin()</onclick>
			</control>
			<control type="colorbutton" id="5012">
				<include>MediaMenuItemsCommon</include>
				<label>בחר צבע פוקוס</label>
				<label2>$INFO[Skin.String(colorboxfocus)]</label2>
				<colorbox>$INFO[Skin.String(colorboxfocus)]</colorbox>
				<onclick>Skin.SetColor(colorboxfocus, player)</onclick>
				<visible>String.IsEqual(Skin.String(lockview),515) + Control.IsVisible(515)</visible>
			</control>
			<control type="colorbutton" id="5013">
				<include>MediaMenuItemsCommon</include>
				<label>בחר רקע צבע פוקוס</label>
				<label2>$INFO[Skin.String(515_bgfocuscolor)]</label2>
				<colorbox>$INFO[Skin.String(515_bgfocuscolor)]</colorbox>
				<onclick>Skin.SetColor(515_bgfocuscolor, player)</onclick>
				<visible>String.IsEqual(Skin.String(lockview),515) + Control.IsVisible(515)</visible>
			</control>
			<control type="button" id="5014">
				<include>MediaMenuItemsCommon</include>
				<label>$INFO[Skin.String(extendedfadelabel)]</label>
				<label2>עמעם את רקע הפוקוס</label2>
				<include content="ChooseFadeLabelButton">
				<param name="setfadelabel">extendedfadelabel</param>
				<visible>String.IsEqual(Skin.String(lockview),515) + Control.IsVisible(515)</visible>
			</include>
			</control>
			<control type="button" id="5015">
				<include>MediaMenuItemsCommon</include>
				<label>$INFO[Skin.String(extendedfocusfadelabel)]</label>
				<label2>עמעם את  הפוקוס</label2>
				<include content="ChooseFadeLabelButton">
				<param name="setfadelabel">extendedfocusfadelabel</param>
				<visible>String.IsEqual(Skin.String(lockview),515) + Control.IsVisible(515)</visible>
				</include>
			</control>
			<control type="radiobutton" id="5016">
				<label>ללא פוסטר</label>
				<label2>$INFO[Skin.String(DisablePoster)]</label2>
				<include>MediaMenuItemsCommon</include>
				<onclick>Skin.ToggleSetting(DisablePoster)</onclick>
				<selected>!Skin.HasSetting(DisablePoster)</selected>
				<visible>String.IsEqual(Skin.String(lockview),515) + Control.IsVisible(515)</visible>
			</control>	
			</control>
			</control>
	</controls>
</window>