<?xml version="1.0" encoding="UTF-8"?>
<window>
	<defaultcontrol always="true">502</defaultcontrol>
	<views>502,56,57</views>
	<menucontrol>9000</menucontrol>
	<onunload>ClearProperty(TextViewer_TextDialog)</onunload>
	<controls>
				
			<control type="VideoWindow">
				<height>1</height>
				<width>1</width>
				<left>-2000</left>
				<top>-2000</top>
			</control>
			
			<include>newdefaultbackground</include>
			<include content="GlobalSideInfoPanelBG">
			<param name="visible" value="Control.IsVisible(50) | Control.IsVisible(51) | Control.IsVisible(56) | Control.IsVisible(505) | Control.IsVisible(57)"/>
			<param name="width" value="650"/>
			</include>

			<control type="group">
			<include>View_502_FanArt</include>
			<include>View_56_WideInfoWall</include>
			<include>View_57_WideInfoWall</include>
			
				<control type="grouplist">
				<width>520</width>
				<itemgap>25</itemgap>
				<left>20</left>
				<right>0</right>
				<top>105</top>
				<include>OpenClose_Left</include>
				<include>Visible_Left</include>
				<visible>Control.Isvisible(56) + !String.Contains(ListItem.FolderPath,idanplus)</visible>
					<control type="image">
						<left>0</left>
						<top>0</top>
						<height>200</height>
						<texture background="true">$VAR[ClearlogoVar]</texture>
						<aspectratio align="center">keep</aspectratio>
						<visible>String.IsEqual(ListItem.DBTYPE,season)</visible>
					</control>
					<control type="image">
						<top>0</top>
						<left>0</left>
						<width>575</width>
						<height>280</height>
						<fadetime>250</fadetime>
						<bordertexture border="32">masks/24-shadow.png</bordertexture>
						<bordersize>24</bordersize>
						<texture>$INFO[ListItem.Art(fanart)]</texture>
						<visible>String.IsEmpty(ListItem.Art(clearlogo) + String.IsEqual(ListItem.DBTYPE,season)</visible>
					</control>
					<control type="image">
					<visible>String.IsEqual(ListItem.DBTYPE,video) | String.IsEqual(ListItem.DBTYPE,episode)</visible>
						<top>0</top>
						<left>0</left>
						<width>550</width>
						<height>280</height>
						<aspectratio>keep</aspectratio>
						<texture>$INFO[ListItem.Icon]</texture>
					</control>
					<control type="textbox">
						<left>0</left>
						<visible>String.IsEqual(System.Language,Hebrew)</visible>
						<height>auto</height>
						<align>left</align>
						<font>font32_title</font>
						<visible>String.IsEqual(ListItem.DBTYPE,episode) | String.IsEqual(ListItem.DBTYPE,season)</visible>
						<label>עונה: $INFO[ListItem.Season] פרק: $INFO[ListItem.Episode]</label>
					</control>
					<control type="textbox">
					<visible>!String.IsEqual(ListItem.Label,..)</visible>
						<height>auto</height>
						<align>right</align>
						<label>$VAR[InfoGeneralPanel]</label>
					</control>
					<control type="grouplist">
					<height max="245">auto</height>
					<control type="textbox">
					<visible>!String.IsEqual(ListItem.Label,..)</visible>
						<height max="245">245</height>
						<align>right</align>
						<label>$VAR[CheckPlot]</label>
						<autoscroll time="4000" repeat="4000">true</autoscroll>
					</control>
					</control>
				</control>



				<control type="grouplist">
				<width>520</width>
				<itemgap>25</itemgap>
				<left>20</left>
				<right>0</right>
				<top>105</top>
				<include>OpenClose_Left</include>
				<include>Visible_Left</include>
				<visible>Control.Isvisible(56) + String.Contains(ListItem.FolderPath,idanplus)</visible>
				<control type="image">
					<top>0</top>
					<left>0</left>
					<width>550</width>
					<height>280</height>
					<aspectratio>keep</aspectratio>
					<texture>$INFO[ListItem.Icon]</texture>
				</control>
					<control type="textbox">
						<left>0</left>
						<visible>String.IsEqual(System.Language,Hebrew)</visible>
						<height>auto</height>
						<align>left</align>
						<font>font32_title</font>
						<visible>String.IsEqual(ListItem.DBTYPE,episode) | String.IsEqual(ListItem.DBTYPE,season)</visible>
						<label>עונה: $INFO[ListItem.Season] פרק: $INFO[ListItem.Episode]</label>
					</control>
					<control type="textbox">
					<visible>!String.IsEqual(ListItem.Label,..)</visible>
						<height>auto</height>
						<align>right</align>
						<label>$VAR[InfoGeneralPanel]</label>
					</control>
					<control type="progress">
						<left>0</left>
						<right>0</right>
						<top>0</top>
						<height>12</height>
						<colordiffuse>88FFFFFF</colordiffuse>
						<visible>!Integer.IsEqual(ListItem.PercentPlayed,0) + !String.IsEmpty(ListItem.PercentPlayed)</visible>
						<info>ListItem.PercentPlayed</info>
					</control>
					<control type="grouplist">
					<height max="245">auto</height>
					<control type="textbox">
					<visible>!String.IsEqual(ListItem.Label,..)</visible>
						<height max="245">245</height>
						<align>right</align>
						<label>$VAR[CheckPlot]</label>
						<autoscroll time="4000" repeat="4000">true</autoscroll>
					</control>
					</control>
				</control>

				
				<control type="grouplist">
				<width>500</width>
				<itemgap>35</itemgap>
				<left>50</left>
				<right>0</right>
				<top>105</top>
				<include>OpenClose_Left</include>
				<include>Visible_Left</include>
				<visible>Control.IsVisible(57)</visible>
				<control type="image">
					<top>0</top>
					<left>0</left>
					<width>500</width>
					<height>280</height>
					<aspectratio>keep</aspectratio>
					<texture>$INFO[ListItem.Icon]</texture>
				</control>
					<control type="textbox">
						<visible>String.IsEqual(System.Language,Hebrew)</visible>
						<height>auto</height>
						<align>left</align>
						<font>font32_title</font>
						<visible>String.IsEqual(ListItem.DBTYPE,episode) | String.IsEqual(ListItem.DBTYPE,season)</visible>
						<label>עונה: $INFO[ListItem.Season] פרק: $INFO[ListItem.Episode]</label>
					</control>
					<control type="textbox">
					<visible>!String.IsEqual(ListItem.Label,..)</visible>
					<height>auto</height>
					<align>right</align>
					<label>$VAR[InfoGeneralPanel]</label>
					</control>
					<control type="progress">
						<left>0</left>
						<right>0</right>
						<top>0</top>
						<height>12</height>
						<colordiffuse>88FFFFFF</colordiffuse>
						<visible>!Integer.IsEqual(ListItem.PercentPlayed,0) + !String.IsEmpty(ListItem.PercentPlayed)</visible>
						<info>ListItem.PercentPlayed</info>
					</control>
					<control type="grouplist">
					<height max="335">auto</height>
					<control type="textbox">
					<visible>!String.IsEqual(ListItem.Label,..)</visible>
						<height max="335">335</height>
						<align>right</align>
						<label>$VAR[CheckPlot]</label>
						<autoscroll time="4000" repeat="4000">true</autoscroll>
					</control>
					</control>
				</control>
						
			<control type="group">
			<width>650</width>
			<include>OpenClose_Left</include>
			<include>Visible_Left</include>
			<visible>Control.IsVisible(52)</visible>
				<control type="image">
					<visible>!Window.IsActive(DialogMusicInfo.xml)</visible>
					<depth>DepthBackground</depth>
					<left>-50</left>
					<top>-50</top>
					<height>120%</height>
					<aspectratio>scale</aspectratio>
					<bordertexture border="21" infill="false">overlays/shadow.png</bordertexture>
					<bordersize>20</bordersize>
					<texture colordiffuse="black">frame/osdfade.png</texture>
				</control>
				<control type="image">
					<top>10%</top>
					<left>20%</left>
					<width>350</width>
					<height>350</height>
					<texture>$INFO[ListItem.Icon]</texture>
				</control>
				<control type="textbox">
				<visible>!String.IsEqual(ListItem.Label,..)</visible>
					<top>500</top>
					<align>right</align>
					<width>495</width>
					<label>$INFO[ListItem.Duration , [COLOR button_focus] אורך:[/COLOR] ][CR]$INFO[ListItem.EndTime , [COLOR button_focus] מסתיים:[/COLOR] ][CR]$INFO[ListItem.Premiered	 , [COLOR button_focus] תאריך הוצאה:[/COLOR] ][CR][CR]$INFO[ListItem.Label]</label>
					<bottom>25</bottom>
				</control>
			</control>
			<include content="TopBar">
				<param name="breadcrumbs_label" value="$VAR[BreadcrumbsVideoVar]" />
			</include>
			<include content="BottomBar">
				<param name="info_visible" value="true" />
			</include>
			<!-- <control type="group"> -->
				<!-- <depth>DepthBars</depth> -->
				<!-- <include>OpenClose_Right</include> -->
				<!-- <visible>Control.IsVisible(502) | Control.IsVisible(56) | Control.IsVisible(51)</visible> -->
				<!-- <include>Visible_Right</include> -->
				<!-- <bottom>0</bottom> -->
				<!-- <height>70</height> -->
				<!-- <animation effect="fade" start="0" end="100" time="300" delay="300">WindowOpen</animation> -->
				<!-- <animation effect="fade" start="100" end="0" time="200">WindowClose</animation> -->
				<!-- <include content="mediaflagsinfo"> -->
					<!-- <param name="visible">Control.IsVisible(502)</param> -->
					<!-- <param name="width">1080</param> -->
					<!-- <param name="left">765</param> -->
				<!-- </include> -->
				<!-- <include content="mediaflagsinfo"> -->
					<!-- <param name="visible">Control.IsVisible(56)</param> -->
					<!-- <param name="width">1230</param> -->
					<!-- <param name="left">625</param> -->
				<!-- </include> -->
				<!-- <include content="mediaflagsinfo"> -->
					<!-- <param name="visible">Control.IsVisible(51)</param> -->
					<!-- <param name="width">1230</param> -->
					<!-- <param name="left">635</param> -->
				<!-- </include> -->
			<!-- </control> -->
			<include>CommonScrollbars</include>
			<include>MediaMenuMouseOverlay</include>
			<control type="group">
				<include>MediaMenuCommon</include>
				<control type="grouplist" id="9000">
					<top>50</top>
					<include>MediaMenuListCommon</include>
					<control type="button" id="10">
						<description>Watched Toggle</description>
						<include>MediaMenuItemsCommon</include>
						<label>$LOCALIZE[20367]</label>
						<label2>[B]$INFO[Container.NumItems][/B]</label2>
						<visible>Container.Content(movies) | Container.Content(sets) | Container.Content(tvshows) | Container.content(seasons) | Container.Content(episodes) | Container.Content(MusicVideos)</visible>
					</control>
					<control type="label" id="203">
						<include>MediaMenuLabelCommon</include>
						<label>$LOCALIZE[31020]</label>
					</control>
					<control type="radiobutton" id="16">
						<description>PartyMode</description>
						<label>$LOCALIZE[589]</label>
						<include>MediaMenuItemsCommon</include>
						<visible>Container.Content(MusicVideos)</visible>
					</control>
					<control type="radiobutton" id="11">
						<description>Unlock Shares</description>
						<include>MediaMenuItemsCommon</include>
						<label>$LOCALIZE[20336]</label>
						<onclick>mastermode</onclick>
						<selected>system.ismaster</selected>
						<visible>system.haslocks</visible>
					</control>
					<control type="togglebutton" id="619">
						<description>Update library</description>
						<include>MediaMenuItemsCommon</include>
						<label>$LOCALIZE[653]</label>
						<onclick>UpdateLibrary(video)</onclick>
						<visible>!Container.Content(addons)+ String.IsEmpty(Container.PluginName)</visible>
						<altlabel>$LOCALIZE[13353]</altlabel>
						<usealttexture>library.isscanningvideo</usealttexture>
					</control>
					<control type="button" id="612">
						<description>Go to playlist</description>
						<include>MediaMenuItemsCommon</include>
						<label>$LOCALIZE[31056]</label>
						<onclick>ActivateWindow(videoplaylist)</onclick>
						<visible>Integer.IsGreater(Playlist.Length(video),0)</visible>
					</control>
					<control type="button" id="621">
						<description>Get more</description>
						<include>MediaMenuItemsCommon</include>
						<label>$LOCALIZE[21452]</label>
						<onclick>ActivateWindow(addonbrowser,addons://more/video/,return)</onclick>
						<visible>Container.Content(addons)</visible>
					</control>
					<control type="button" id="622">
						<include>MediaMenuItemsCommon</include>
						<label>$LOCALIZE[31117]</label>
						<onclick condition="System.AddonIsEnabled(plugin.library.node.editor)">ActivateWindow(programs,plugin://plugin.library.node.editor/?ltype=video,return)</onclick>
						<onclick condition="System.HasAddon(plugin.library.node.editor) + !System.AddonIsEnabled(plugin.library.node.editor)">EnableAddon(plugin.library.node.editor)</onclick>
						<onclick condition="!System.HasAddon(plugin.library.node.editor)">InstallAddon(plugin.library.node.editor)</onclick>
						<visible>Container.Content() + String.IsEmpty(Container.PluginName)</visible>
					</control>
					<control type="button" id="623">
						<include>MediaMenuItemsCommon</include>
						<label>$LOCALIZE[31009]</label>
						<onclick>InstallAddon(resource.images.studios.white)</onclick>
						<visible>Container.Content(studios) + !System.AddonIsEnabled(resource.images.studios.white)</visible>
					</control>
					<control type="button" id="624">
						<include>MediaMenuItemsCommon</include>
						<label>$LOCALIZE[10140]</label>
						<onclick>Addon.OpenSettings($INFO[Container.PluginName])</onclick>
						<visible>!String.IsEmpty(Container.PluginName)</visible>
					</control>
					<control type="button" id="625">
						<include>MediaMenuItemsCommon</include>
						<include content="changesetcolor">
							<param name="stringid">colorbgflags</param>
							<param name="label">צבע רקע דגלים</param>
						</include>
					</control>
					<control type="button" id="626">
						<include>MediaMenuItemsCommon</include>
						<include content="changesetcolor">
							<param name="stringid">colorbgflagstext</param>
							<param name="label">צבע טקסט דגלים</param>
						</include>
					</control>
					<control type="button" id="627">
						<include>MediaMenuItemsCommon</include>
						<include content="changesetcolor">
							<param name="stringid">colorbgflagstextinfo</param>
							<param name="label">צבע טקסט מידע</param>
						</include>
					</control>
					<include>MediaMenuNowPlaying</include>
				</control>
			</control>
		</control>
	</controls>
</window>