<?xml version="1.0" encoding="UTF-8"?>
<window>
	<defaultcontrol always="true">502</defaultcontrol>
	<views>502,56,57</views>
	<menucontrol>9000</menucontrol>
	<onunload>ClearProperty(TextViewer_TextDialog)</onunload>
	<include>VisibleHiddenWindowCloseWindowOpenAnim</include>
	<controls>
				
			<control type="VideoWindow">
				<height>1</height>
				<width>1</width>
				<left>-2000</left>
				<top>-2000</top>
			</control>
			
			<include>newdefaultbackground</include>
			<include content="GlobalSideInfoPanelBG">
			<param name="visible" value="Control.IsVisible(50) | Control.IsVisible(51) | Control.IsVisible(56) | Control.IsVisible(505) | Control.IsVisible(57)"/>
			<param name="width" value="650"/>
			</include>

			<control type="group">
			<include>View_502_FanArt</include>
			<!-- <include>View_56_WideInfoWall</include> -->
			<!-- <include>View_57_WideInfoWall</include> -->
			</control>
			
			
			<include content="MyVideoNavInfo">
				<param name="visible" value="Control.Isvisible(56) + !String.Contains(ListItem.FolderPath,idanplus)"/>
				<param name="iconvisible" value="String.IsEqual(ListItem.DBTYPE,video) | String.IsEqual(ListItem.DBTYPE,episode)"/>
				<param name="progressinclude" value="WatchProgressPercentPlayedEpisodes"/>
			</include>

			<include content="MyVideoNavInfo">
				<param name="visible" value="Control.Isvisible(56) + String.Contains(ListItem.FolderPath,idanplus)"/>
				<param name="iconvisible" value="true"/>
				<param name="progressinclude" value="WatchProgressPercentPlayed"/>
			</include>
			
			<include content="MyVideoNavInfo">
				<param name="visible" value="Control.Isvisible(57)"/>
				<param name="iconvisible" value="true"/>
				<param name="progressinclude" value="PercentPlayedProgress"/>
			</include>
				
						
			<include content="TopBar">
				<param name="breadcrumbs_label" value="$VAR[BreadcrumbsVideoVar]" />
			</include>
			<include content="BottomBar">
				<param name="info_visible" value="true" />
			</include>
		
			<include content="middleBar">
				<param name="id" value="502"/>
			</include>
		
		<control type="list" id="59632">
			<visible>Container.Content(tvshows)</visible>
			<content sortby="year" sortorder="ascending">$INFO[ListItem.FolderPath]</content>
			<itemlayout/>
			<focusedlayout/>
		</control>
		
		<control type="label" id="55005">
		<visible allowhiddenfocus="true">false</visible>
			<left>550</left>
			<width>1000</width>
			<height>50</height>
			<label>$INFO[Container(59632).ListItem(0).Year]$INFO[Container(59632).ListItem(-1).Year, - ]</label>
		</control>
			<!-- <control type="group"> -->
				<!-- <depth>DepthBars</depth> -->
				<!-- <include>OpenClose_Right</include> -->
				<!-- <visible>Control.IsVisible(502) | Control.IsVisible(56) | Control.IsVisible(51)</visible> -->
				<!-- <include>Visible_Right</include> -->
				<!-- <bottom>0</bottom> -->
				<!-- <height>70</height> -->
				<!-- <animation effect="fade" start="0" end="100" time="300" delay="300">WindowOpen</animation> -->
				<!-- <animation effect="fade" start="100" end="0" time="200">WindowClose</animation> -->
				<!-- <include content="mediaflagsinfo"> -->
					<!-- <param name="visible">Control.IsVisible(502)</param> -->
					<!-- <param name="width">1080</param> -->
					<!-- <param name="left">765</param> -->
				<!-- </include> -->
				<!-- <include content="mediaflagsinfo"> -->
					<!-- <param name="visible">Control.IsVisible(56)</param> -->
					<!-- <param name="width">1230</param> -->
					<!-- <param name="left">625</param> -->
				<!-- </include> -->
				<!-- <include content="mediaflagsinfo"> -->
					<!-- <param name="visible">Control.IsVisible(51)</param> -->
					<!-- <param name="width">1230</param> -->
					<!-- <param name="left">635</param> -->
				<!-- </include> -->
			<!-- </control> -->
			<include>CommonScrollbars</include>
			<include>MediaMenuMouseOverlay</include>
			<control type="group">
				<include>MediaMenuCommon</include>
				<control type="grouplist" id="9000">
					<top>50</top>
					<include>MediaMenuListCommon</include>
					<control type="button" id="10">
						<description>Watched Toggle</description>
						<include>MediaMenuItemsCommon</include>
						<label>$LOCALIZE[20367]</label>
						<label2>[B]$INFO[Container.NumItems][/B]</label2>
						<visible>Container.Content(movies) | Container.Content(sets) | Container.Content(tvshows) | Container.content(seasons) | Container.Content(episodes) | Container.Content(MusicVideos)</visible>
					</control>
					<control type="label" id="203">
						<include>MediaMenuLabelCommon</include>
						<label>$LOCALIZE[31020]</label>
					</control>
					<control type="radiobutton" id="16">
						<description>PartyMode</description>
						<label>$LOCALIZE[589]</label>
						<include>MediaMenuItemsCommon</include>
						<visible>Container.Content(MusicVideos)</visible>
					</control>
					<control type="radiobutton" id="11">
						<description>Unlock Shares</description>
						<include>MediaMenuItemsCommon</include>
						<label>$LOCALIZE[20336]</label>
						<onclick>mastermode</onclick>
						<selected>system.ismaster</selected>
						<visible>system.haslocks</visible>
					</control>
					<control type="togglebutton" id="619">
						<description>Update library</description>
						<include>MediaMenuItemsCommon</include>
						<label>$LOCALIZE[653]</label>
						<onclick>UpdateLibrary(video)</onclick>
						<visible>!Container.Content(addons)+ String.IsEmpty(Container.PluginName)</visible>
						<altlabel>$LOCALIZE[13353]</altlabel>
						<usealttexture>library.isscanningvideo</usealttexture>
					</control>
					<control type="button" id="612">
						<description>Go to playlist</description>
						<include>MediaMenuItemsCommon</include>
						<label>$LOCALIZE[31056]</label>
						<onclick>ActivateWindow(videoplaylist)</onclick>
						<visible>Integer.IsGreater(Playlist.Length(video),0)</visible>
					</control>
					<control type="button" id="621">
						<description>Get more</description>
						<include>MediaMenuItemsCommon</include>
						<label>$LOCALIZE[21452]</label>
						<onclick>ActivateWindow(addonbrowser,addons://more/video/,return)</onclick>
						<visible>Container.Content(addons)</visible>
					</control>
					<control type="button" id="622">
						<include>MediaMenuItemsCommon</include>
						<label>$LOCALIZE[31117]</label>
						<onclick condition="System.AddonIsEnabled(plugin.library.node.editor)">ActivateWindow(programs,plugin://plugin.library.node.editor/?ltype=video,return)</onclick>
						<onclick condition="System.HasAddon(plugin.library.node.editor) + !System.AddonIsEnabled(plugin.library.node.editor)">EnableAddon(plugin.library.node.editor)</onclick>
						<onclick condition="!System.HasAddon(plugin.library.node.editor)">InstallAddon(plugin.library.node.editor)</onclick>
						<visible>Container.Content() + String.IsEmpty(Container.PluginName)</visible>
					</control>
					<control type="button" id="623">
						<include>MediaMenuItemsCommon</include>
						<label>$LOCALIZE[31009]</label>
						<onclick>InstallAddon(resource.images.studios.white)</onclick>
						<visible>Container.Content(studios) + !System.AddonIsEnabled(resource.images.studios.white)</visible>
					</control>
					<control type="button" id="624">
						<include>MediaMenuItemsCommon</include>
						<label>$LOCALIZE[10140]</label>
						<onclick>Addon.OpenSettings($INFO[Container.PluginName])</onclick>
						<visible>!String.IsEmpty(Container.PluginName)</visible>
					</control>
					<control type="radiobutton" id="625">
						<include>MediaMenuItemsCommon</include>
						<label>הצג לוגו סטוגיו</label>
						<onclick>Skin.ToggleSetting(showstudioflags)</onclick>
						<selected>Skin.HasSetting(showstudioflags)</selected>
						<visible>Control.Isvisible(502)</visible>
					</control>
					<include>MediaMenuNowPlaying</include>
				</control>
			</control>
	</controls>
</window>