<?xml version="1.0" encoding="UTF-8"?>
<includes>
    <include name="Custom1MainMenu">
        <item>
            <label>[B]עידן פלוס[/B]</label>
            <onclick>ActivateWindow(Videos,plugin://plugin.video.idanplus,return)</onclick>
            <property name="menu_id">$NUMBER[23000]</property>
            <thumb>icons/sidemenu/livetv.png</thumb>
            <property name="id">custom1</property>
            <visible>!Skin.HasSetting(HomeMenuNoCustom1Button)</visible>
        </item>
    </include>
</includes>