<?xml version="1.0" encoding="UTF-8"?>
<includes>
    <include name="SearchHistory">
        <item>
            <label>$NUMBER[love boat]</label>
            <onclick>RunScript(script.fentastic.helper,mode=re_search)</onclick>
        </item>
        <item>
            <label>$NUMBER[ספינת אהבה]</label>
            <onclick>RunScript(script.fentastic.helper,mode=re_search)</onclick>
        </item>
        <item>
            <label>$NUMBER[חברים]</label>
            <onclick>RunScript(script.fentastic.helper,mode=re_search)</onclick>
        </item>
    </include>
</includes>