<?xml version="1.0" encoding="UTF-8"?>
<includes>
    <include name="IdanPlusWidgets">
        <include content="WidgetListCategoryStacked">
            <param name="content_path" value="plugin://plugin.video.themoviedb.helper/?info=dir_custom_node&amp;filename=idanplus.json&amp;basedir=special%3A%2F%2Fprofile%2Faddon_data%2Fplugin.video.themoviedb.helper%2Fnodes%2F"/>
            <param name="widget_header" value="עידן פלוס"/>
            <param name="widget_target" value="videos"/>
            <param name="list_id" value="25011"/>
        </include>
        <include content="WidgetListEpisodesStacked">
            <param name="content_path" value="$INFO[Window(Home).Property(fentastic.25011.path)]"/>
            <param name="widget_header" value="$INFO[Window(Home).Property(fentastic.25011.label)]"/>
            <param name="widget_target" value="videos"/>
            <param name="list_id" value="250111"/>
        </include>
        <include content="WidgetListCategoryStacked">
            <param name="content_path" value="plugin://plugin.video.idanplus/?name=%5BB%5DVOD%5B%2FB%5D&amp;url=&amp;mode=2&amp;iconimage=C%253A%255CUsers%255Cneta%255CAppData%255CRoaming%255CKodi%255Caddons%255Cplugin.video.idanplus%255Cicon.png&amp;module=&amp;moredata="/>
            <param name="widget_header" value="VOD"/>
            <param name="widget_target" value="videos"/>
            <param name="list_id" value="25012"/>
        </include>
        <include content="WidgetListEpisodesStacked">
            <param name="content_path" value="$INFO[Window(Home).Property(fentastic.25012.path)]"/>
            <param name="widget_header" value="$INFO[Window(Home).Property(fentastic.25012.label)]"/>
            <param name="widget_target" value="videos"/>
            <param name="list_id" value="250121"/>
        </include>
        <include content="WidgetListCategoryStacked">
            <param name="content_path" value="plugin://plugin.video.idanplus/?name=%5BB%5D%D7%9E%D7%95%D7%96%D7%99%D7%A7%D7%94+-+100fm%5B%2FB%5D&amp;url=&amp;mode=0&amp;iconimage=C%253A%255CUsers%255Cneta%255CAppData%255CRoaming%255CKodi%255Caddons%255Cplugin.video.idanplus%255Cresources%255Cimages%255C100fm.jpg&amp;module=100fm&amp;moredata="/>
            <param name="widget_header" value="מוזיקה - 100fm"/>
            <param name="widget_target" value="videos"/>
            <param name="list_id" value="25013"/>
        </include>
        <include content="WidgetListEpisodesStacked">
            <param name="content_path" value="$INFO[Window(Home).Property(fentastic.25013.path)]"/>
            <param name="widget_header" value="$INFO[Window(Home).Property(fentastic.25013.label)]"/>
            <param name="widget_target" value="videos"/>
            <param name="list_id" value="250131"/>
        </include>
    </include>
</includes>