<?xml version="1.0" encoding="UTF-8"?>
<includes>
    <include name="SearchHistory">
        <item>
            <label>$NUMBER[old movies]</label>
            <onclick>RunScript(script.fentastic.helper,mode=re_search)</onclick>
        </item>
        <item>
            <label>$NUMBER[netflix 2025]</label>
            <onclick>RunScript(script.fentastic.helper,mode=re_search)</onclick>
        </item>
        <item>
            <label>$NUMBER[romantic movies]</label>
            <onclick>RunScript(script.fentastic.helper,mode=re_search)</onclick>
        </item>
        <item>
            <label>$NUMBER[minecraft]</label>
            <onclick>RunScript(script.fentastic.helper,mode=re_search)</onclick>
        </item>
        <item>
            <label>$NUMBER[netflix movies]</label>
            <onclick>RunScript(script.fentastic.helper,mode=re_search)</onclick>
        </item>
        <item>
            <label>$NUMBER[new shows]</label>
            <onclick>RunScript(script.fentastic.helper,mode=re_search)</onclick>
        </item>
        <item>
            <label>$NUMBER[רובוטריקים]</label>
            <onclick>RunScript(script.fentastic.helper,mode=re_search)</onclick>
        </item>
        <item>
            <label>$NUMBER[הדרדסים]</label>
            <onclick>RunScript(script.fentastic.helper,mode=re_search)</onclick>
        </item>
        <item>
            <label>$NUMBER[אחותי בהפרעה]</label>
            <onclick>RunScript(script.fentastic.helper,mode=re_search)</onclick>
        </item>
        <item>
            <label>$NUMBER[apple tv shows]</label>
            <onclick>RunScript(script.fentastic.helper,mode=re_search)</onclick>
        </item>
        <item>
            <label>$NUMBER[tabu]</label>
            <onclick>RunScript(script.fentastic.helper,mode=re_search)</onclick>
        </item>
        <item>
            <label>$NUMBER[family movies]</label>
            <onclick>RunScript(script.fentastic.helper,mode=re_search)</onclick>
        </item>
        <item>
            <label>$NUMBER[animation movies]</label>
            <onclick>RunScript(script.fentastic.helper,mode=re_search)</onclick>
        </item>
        <item>
            <label>$NUMBER[taboo]</label>
            <onclick>RunScript(script.fentastic.helper,mode=re_search)</onclick>
        </item>
        <item>
            <label>$NUMBER[netflix shows]</label>
            <onclick>RunScript(script.fentastic.helper,mode=re_search)</onclick>
        </item>
        <item>
            <label>$NUMBER[love movies]</label>
            <onclick>RunScript(script.fentastic.helper,mode=re_search)</onclick>
        </item>
        <item>
            <label>$NUMBER[comedy shows]</label>
            <onclick>RunScript(script.fentastic.helper,mode=re_search)</onclick>
        </item>
        <item>
            <label>$NUMBER[hallmark movies]</label>
            <onclick>RunScript(script.fentastic.helper,mode=re_search)</onclick>
        </item>
        <item>
            <label>$NUMBER[ci fi]</label>
            <onclick>RunScript(script.fentastic.helper,mode=re_search)</onclick>
        </item>
        <item>
            <label>$NUMBER[docu movies]</label>
            <onclick>RunScript(script.fentastic.helper,mode=re_search)</onclick>
        </item>
        <item>
            <label>$NUMBER[love]</label>
            <onclick>RunScript(script.fentastic.helper,mode=re_search)</onclick>
        </item>
        <item>
            <label>$NUMBER[cancer]</label>
            <onclick>RunScript(script.fentastic.helper,mode=re_search)</onclick>
        </item>
        <item>
            <label>$NUMBER[love story movies]</label>
            <onclick>RunScript(script.fentastic.helper,mode=re_search)</onclick>
        </item>
        <item>
            <label>$NUMBER[new kids movies]</label>
            <onclick>RunScript(script.fentastic.helper,mode=re_search)</onclick>
        </item>
        <item>
            <label>$NUMBER[kids movies]</label>
            <onclick>RunScript(script.fentastic.helper,mode=re_search)</onclick>
        </item>
        <item>
            <label>$NUMBER[קיאנו]</label>
            <onclick>RunScript(script.fentastic.helper,mode=re_search)</onclick>
        </item>
        <item>
            <label>$NUMBER[sandra]</label>
            <onclick>RunScript(script.fentastic.helper,mode=re_search)</onclick>
        </item>
        <item>
            <label>$NUMBER[hulu shows]</label>
            <onclick>RunScript(script.fentastic.helper,mode=re_search)</onclick>
        </item>
        <item>
            <label>$NUMBER[bbc docu]</label>
            <onclick>RunScript(script.fentastic.helper,mode=re_search)</onclick>
        </item>
        <item>
            <label>$NUMBER[bbc nature]</label>
            <onclick>RunScript(script.fentastic.helper,mode=re_search)</onclick>
        </item>
        <item>
            <label>$NUMBER[tiny]</label>
            <onclick>RunScript(script.fentastic.helper,mode=re_search)</onclick>
        </item>
        <item>
            <label>$NUMBER[docu serias]</label>
            <onclick>RunScript(script.fentastic.helper,mode=re_search)</onclick>
        </item>
        <item>
            <label>$NUMBER[adult]</label>
            <onclick>RunScript(script.fentastic.helper,mode=re_search)</onclick>
        </item>
        <item>
            <label>$NUMBER[amazon prime]</label>
            <onclick>RunScript(script.fentastic.helper,mode=re_search)</onclick>
        </item>
        <item>
            <label>$NUMBER[top movies]</label>
            <onclick>RunScript(script.fentastic.helper,mode=re_search)</onclick>
        </item>
        <item>
            <label>$NUMBER[הדרדסים מדובב]</label>
            <onclick>RunScript(script.fentastic.helper,mode=re_search)</onclick>
        </item>
        <item>
            <label>$NUMBER[כראמל]</label>
            <onclick>RunScript(script.fentastic.helper,mode=re_search)</onclick>
        </item>
        <item>
            <label>$NUMBER[reality shows]</label>
            <onclick>RunScript(script.fentastic.helper,mode=re_search)</onclick>
        </item>
        <item>
            <label>$NUMBER[appletv shows]</label>
            <onclick>RunScript(script.fentastic.helper,mode=re_search)</onclick>
        </item>
        <item>
            <label>$NUMBER[appltv shows]</label>
            <onclick>RunScript(script.fentastic.helper,mode=re_search)</onclick>
        </item>
        <item>
            <label>$NUMBER[Win or Lose]</label>
            <onclick>RunScript(script.fentastic.helper,mode=re_search)</onclick>
        </item>
        <item>
            <label>$NUMBER[מחזור כישור]</label>
            <onclick>RunScript(script.fentastic.helper,mode=re_search)</onclick>
        </item>
        <item>
            <label>$NUMBER[סיינפלד]</label>
            <onclick>RunScript(script.fentastic.helper,mode=re_search)</onclick>
        </item>
        <item>
            <label>$NUMBER[food]</label>
            <onclick>RunScript(script.fentastic.helper,mode=re_search)</onclick>
        </item>
        <item>
            <label>$NUMBER[סטרייק]</label>
            <onclick>RunScript(script.fentastic.helper,mode=re_search)</onclick>
        </item>
        <item>
            <label>$NUMBER[Strike]</label>
            <onclick>RunScript(script.fentastic.helper,mode=re_search)</onclick>
        </item>
        <item>
            <label>$NUMBER[moder talking]</label>
            <onclick>RunScript(script.fentastic.helper,mode=re_search)</onclick>
        </item>
        <item>
            <label>$NUMBER[nature shows]</label>
            <onclick>RunScript(script.fentastic.helper,mode=re_search)</onclick>
        </item>
        <item>
            <label>$NUMBER[dogs]</label>
            <onclick>RunScript(script.fentastic.helper,mode=re_search)</onclick>
        </item>
        <item>
            <label>$NUMBER[hallmark dogs]</label>
            <onclick>RunScript(script.fentastic.helper,mode=re_search)</onclick>
        </item>
        <item>
            <label>$NUMBER[hallmark]</label>
            <onclick>RunScript(script.fentastic.helper,mode=re_search)</onclick>
        </item>
        <item>
            <label>$NUMBER[best movies]</label>
            <onclick>RunScript(script.fentastic.helper,mode=re_search)</onclick>
        </item>
        <item>
            <label>$NUMBER[kids shows netflix]</label>
            <onclick>RunScript(script.fentastic.helper,mode=re_search)</onclick>
        </item>
        <item>
            <label>$NUMBER[ג'קי צ'אן]</label>
            <onclick>RunScript(script.fentastic.helper,mode=re_search)</onclick>
        </item>
        <item>
            <label>$NUMBER[mini serias]</label>
            <onclick>RunScript(script.fentastic.helper,mode=re_search)</onclick>
        </item>
        <item>
            <label>$NUMBER[kids shows]</label>
            <onclick>RunScript(script.fentastic.helper,mode=re_search)</onclick>
        </item>
        <item>
            <label>$NUMBER[סנדרה בולוק]</label>
            <onclick>RunScript(script.fentastic.helper,mode=re_search)</onclick>
        </item>
        <item>
            <label>$NUMBER[ג'קי]</label>
            <onclick>RunScript(script.fentastic.helper,mode=re_search)</onclick>
        </item>
        <item>
            <label>$NUMBER[chan]</label>
            <onclick>RunScript(script.fentastic.helper,mode=re_search)</onclick>
        </item>
        <item>
            <label>$NUMBER[ז'קי צאן]</label>
            <onclick>RunScript(script.fentastic.helper,mode=re_search)</onclick>
        </item>
        <item>
            <label>$NUMBER[new movies]</label>
            <onclick>RunScript(script.fentastic.helper,mode=re_search)</onclick>
        </item>
        <item>
            <label>$NUMBER[reality tv]</label>
            <onclick>RunScript(script.fentastic.helper,mode=re_search)</onclick>
        </item>
        <item>
            <label>$NUMBER[netflix reality]</label>
            <onclick>RunScript(script.fentastic.helper,mode=re_search)</onclick>
        </item>
        <item>
            <label>$NUMBER[docu shows]</label>
            <onclick>RunScript(script.fentastic.helper,mode=re_search)</onclick>
        </item>
        <item>
            <label>$NUMBER[bbc new shows]</label>
            <onclick>RunScript(script.fentastic.helper,mode=re_search)</onclick>
        </item>
        <item>
            <label>$NUMBER[חברים]</label>
            <onclick>RunScript(script.fentastic.helper,mode=re_search)</onclick>
        </item>
        <item>
            <label>$NUMBER[מטריקס]</label>
            <onclick>RunScript(script.fentastic.helper,mode=re_search)</onclick>
        </item>
        <item>
            <label>$NUMBER[התיבה של נוח]</label>
            <onclick>RunScript(script.fentastic.helper,mode=re_search)</onclick>
        </item>
        <item>
            <label>$NUMBER[shows 2025]</label>
            <onclick>RunScript(script.fentastic.helper,mode=re_search)</onclick>
        </item>
        <item>
            <label>$NUMBER[national new shows]</label>
            <onclick>RunScript(script.fentastic.helper,mode=re_search)</onclick>
        </item>
        <item>
            <label>$NUMBER[תיבת]</label>
            <onclick>RunScript(script.fentastic.helper,mode=re_search)</onclick>
        </item>
        <item>
            <label>$NUMBER[תיבת נח]</label>
            <onclick>RunScript(script.fentastic.helper,mode=re_search)</onclick>
        </item>
        <item>
            <label>$NUMBER[תיבת נוח]</label>
            <onclick>RunScript(script.fentastic.helper,mode=re_search)</onclick>
        </item>
        <item>
            <label>$NUMBER[2025 movies]</label>
            <onclick>RunScript(script.fentastic.helper,mode=re_search)</onclick>
        </item>
        <item>
            <label>$NUMBER[rated movies]</label>
            <onclick>RunScript(script.fentastic.helper,mode=re_search)</onclick>
        </item>
        <item>
            <label>$NUMBER[hallmark shows]</label>
            <onclick>RunScript(script.fentastic.helper,mode=re_search)</onclick>
        </item>
        <item>
            <label>$NUMBER[amazon new shows]</label>
            <onclick>RunScript(script.fentastic.helper,mode=re_search)</onclick>
        </item>
        <item>
            <label>$NUMBER[amazon]</label>
            <onclick>RunScript(script.fentastic.helper,mode=re_search)</onclick>
        </item>
        <item>
            <label>$NUMBER[netflix]</label>
            <onclick>RunScript(script.fentastic.helper,mode=re_search)</onclick>
        </item>
        <item>
            <label>$NUMBER[jennifer]</label>
            <onclick>RunScript(script.fentastic.helper,mode=re_search)</onclick>
        </item>
        <item>
            <label>$NUMBER[matrix]</label>
            <onclick>RunScript(script.fentastic.helper,mode=re_search)</onclick>
        </item>
        <item>
            <label>$NUMBER[jump]</label>
            <onclick>RunScript(script.fentastic.helper,mode=re_search)</onclick>
        </item>
        <item>
            <label>$NUMBER[sonic]</label>
            <onclick>RunScript(script.fentastic.helper,mode=re_search)</onclick>
        </item>
        <item>
            <label>$NUMBER[bbc docu shows]</label>
            <onclick>RunScript(script.fentastic.helper,mode=re_search)</onclick>
        </item>
        <item>
            <label>$NUMBER[bbs docu]</label>
            <onclick>RunScript(script.fentastic.helper,mode=re_search)</onclick>
        </item>
        <item>
            <label>$NUMBER[new netflix movies]</label>
            <onclick>RunScript(script.fentastic.helper,mode=re_search)</onclick>
        </item>
        <item>
            <label>$NUMBER[best old movies]</label>
            <onclick>RunScript(script.fentastic.helper,mode=re_search)</onclick>
        </item>
        <item>
            <label>$NUMBER[new docu shows]</label>
            <onclick>RunScript(script.fentastic.helper,mode=re_search)</onclick>
        </item>
        <item>
            <label>$NUMBER[אהבה]</label>
            <onclick>RunScript(script.fentastic.helper,mode=re_search)</onclick>
        </item>
        <item>
            <label>$NUMBER[מקס סטיל]</label>
            <onclick>RunScript(script.fentastic.helper,mode=re_search)</onclick>
        </item>
        <item>
            <label>$NUMBER[netflix new shows]</label>
            <onclick>RunScript(script.fentastic.helper,mode=re_search)</onclick>
        </item>
        <item>
            <label>$NUMBER[amazon shows]</label>
            <onclick>RunScript(script.fentastic.helper,mode=re_search)</onclick>
        </item>
        <item>
            <label>$NUMBER[ג'רי]</label>
            <onclick>RunScript(script.fentastic.helper,mode=re_search)</onclick>
        </item>
        <item>
            <label>$NUMBER[רובטריקים]</label>
            <onclick>RunScript(script.fentastic.helper,mode=re_search)</onclick>
        </item>
        <item>
            <label>$NUMBER[Blood and Bone]</label>
            <onclick>RunScript(script.fentastic.helper,mode=re_search)</onclick>
        </item>
        <item>
            <label>$NUMBER[Charming the Hearts of Men]</label>
            <onclick>RunScript(script.fentastic.helper,mode=re_search)</onclick>
        </item>
        <item>
            <label>$NUMBER[love boat]</label>
            <onclick>RunScript(script.fentastic.helper,mode=re_search)</onclick>
        </item>
        <item>
            <label>$NUMBER[ספינת אהבה]</label>
            <onclick>RunScript(script.fentastic.helper,mode=re_search)</onclick>
        </item>
    </include>
</includes>