<?xml version="1.0" encoding="UTF-8"?>
<includes>
    <include name="TVShowWidgets">
        <include content="WidgetListCategoryStacked">
            <param name="content_path" value="plugin://plugin.video.themoviedb.helper/?info=dir_custom_node&amp;filename=serias1.json&amp;basedir=special%3A%2F%2Fprofile%2Faddon_data%2Fplugin.video.themoviedb.helper%2Fnodes%2F"/>
            <param name="widget_header" value="סדרות"/>
            <param name="widget_target" value="videos"/>
            <param name="list_id" value="22011"/>
        </include>
        <include content="WidgetListBigPosterStacked">
            <param name="content_path" value="$INFO[Window(Home).Property(fentastic.22011.path)]"/>
            <param name="widget_header" value="$INFO[Window(Home).Property(fentastic.22011.label)]"/>
            <param name="widget_target" value="videos"/>
            <param name="list_id" value="220111"/>
        </include>
        <include content="WidgetListCategoryStacked">
            <param name="content_path" value="plugin://plugin.video.twilight/?name=32029&amp;iconImage=tv&amp;mode=navigator.main&amp;action=TVShowList"/>
            <param name="widget_header" value="סדרות RD"/>
            <param name="widget_target" value="videos"/>
            <param name="list_id" value="22012"/>
        </include>
        <include content="WidgetListEpisodesStacked">
            <param name="content_path" value="$INFO[Window(Home).Property(fentastic.22012.path)]"/>
            <param name="widget_header" value="$INFO[Window(Home).Property(fentastic.22012.label)]"/>
            <param name="widget_target" value="videos"/>
            <param name="list_id" value="220121"/>
        </include>
        <include content="WidgetListCategoryStacked">
            <param name="content_path" value="plugin://plugin.video.themoviedb.helper/?info=dir_custom_node&amp;filename=seriaslists.json&amp;basedir=special%3A%2F%2Fprofile%2Faddon_data%2Fplugin.video.themoviedb.helper%2Fnodes%2F"/>
            <param name="widget_header" value="סדרות לפי רשימות"/>
            <param name="widget_target" value="videos"/>
            <param name="list_id" value="22013"/>
        </include>
        <include content="WidgetListEpisodesStacked">
            <param name="content_path" value="$INFO[Window(Home).Property(fentastic.22013.path)]"/>
            <param name="widget_header" value="$INFO[Window(Home).Property(fentastic.22013.label)]"/>
            <param name="widget_target" value="videos"/>
            <param name="list_id" value="220131"/>
        </include>
    </include>
</includes>