<?xml version="1.0" encoding="UTF-8"?>
<includes>
    <include name="TVShowWidgets">
        <include content="WidgetListCategoryStacked">
            <param name="content_path" value="plugin://plugin.video.themoviedb.helper/?info=dir_custom_node&amp;filename=serias1.json&amp;basedir=special%3A%2F%2Fprofile%2Faddon_data%2Fplugin.video.themoviedb.helper%2Fnodes%2F"/>
            <param name="widget_header" value="סדרות"/>
            <param name="widget_target" value="videos"/>
            <param name="list_id" value="22011"/>
        </include>
        <include content="WidgetListBigEpisodesStacked">
            <param name="content_path" value="$INFO[Window(Home).Property(fentastic.22011.path)]"/>
            <param name="widget_header" value="$INFO[Window(Home).Property(fentastic.22011.label)]"/>
            <param name="widget_target" value="videos"/>
            <param name="list_id" value="220111"/>
        </include>
        <include content="WidgetListCategoryStacked">
            <param name="content_path" value="plugin://plugin.video.themoviedb.helper/?info=dir_custom_node&amp;filename=network.json&amp;basedir=special%3A%2F%2Fprofile%2Faddon_data%2Fplugin.video.themoviedb.helper%2Fnodes%2F"/>
            <param name="widget_header" value="רשתות"/>
            <param name="widget_target" value="videos"/>
            <param name="list_id" value="22012"/>
        </include>
        <include content="WidgetListBigEpisodesStacked">
            <param name="content_path" value="$INFO[Window(Home).Property(fentastic.22012.path)]"/>
            <param name="widget_header" value="$INFO[Window(Home).Property(fentastic.22012.label)]"/>
            <param name="widget_target" value="videos"/>
            <param name="list_id" value="220121"/>
        </include>
        <include content="WidgetListCategoryStacked">
            <param name="content_path" value="plugin://plugin.video.themoviedb.helper/?info=dir_custom_node&amp;filename=network1.json&amp;basedir=special%3A%2F%2Fprofile%2Faddon_data%2Fplugin.video.themoviedb.helper%2Fnodes%2F"/>
            <param name="widget_header" value="רשתות"/>
            <param name="widget_target" value="videos"/>
            <param name="list_id" value="22013"/>
        </include>
        <include content="WidgetListBigEpisodesStacked">
            <param name="content_path" value="$INFO[Window(Home).Property(fentastic.22013.path)]"/>
            <param name="widget_header" value="$INFO[Window(Home).Property(fentastic.22013.label)]"/>
            <param name="widget_target" value="videos"/>
            <param name="list_id" value="220131"/>
        </include>
        <include content="WidgetListCategoryStacked">
            <param name="content_path" value="plugin://plugin.video.themoviedb.helper/?info=dir_custom_node&amp;filename=animshows.json&amp;basedir=special%3A%2F%2Fprofile%2Faddon_data%2Fplugin.video.themoviedb.helper%2Fnodes%2F"/>
            <param name="widget_header" value="ילדים"/>
            <param name="widget_target" value="videos"/>
            <param name="list_id" value="22014"/>
        </include>
        <include content="WidgetListBigEpisodesStacked">
            <param name="content_path" value="$INFO[Window(Home).Property(fentastic.22014.path)]"/>
            <param name="widget_header" value="$INFO[Window(Home).Property(fentastic.22014.label)]"/>
            <param name="widget_target" value="videos"/>
            <param name="list_id" value="220141"/>
        </include>
        <include content="WidgetListCategoryStacked">
            <param name="content_path" value="plugin://plugin.video.telemedia/?mode=101&amp;iconimage=special://home/addons/plugin.video.telemedia/tele/Tv_Show/network.png&amp;fanart=https://images.pond5.com/tv-networks-logos-loop-footage-042898083_prevstill.jpeg&amp;description=TMDB&amp;url=tv_years%26page%3D1&amp;name=%D7%A1%D7%93%D7%A8%D7%95%D7%AA+%D7%9E%D7%A8%D7%A9%D7%AA%D7%95%D7%AA+%D7%A9%D7%95%D7%A0%D7%95%D7%AA&amp;image_master=&amp;heb_name= &amp;last_id=&amp;dates= &amp;data= &amp;original_title= &amp;id= &amp;season= &amp;episode= &amp;tmdbid= &amp;eng_name= &amp;show_original_year= &amp;isr=0&amp;fav_status=false&amp;groups_id=0&amp;next_page=0"/>
            <param name="widget_header" value="רשתות"/>
            <param name="widget_target" value="videos"/>
            <param name="list_id" value="22015"/>
        </include>
        <include content="WidgetListEpisodesStacked">
            <param name="content_path" value="$INFO[Window(Home).Property(fentastic.22015.path)]"/>
            <param name="widget_header" value="$INFO[Window(Home).Property(fentastic.22015.label)]"/>
            <param name="widget_target" value="videos"/>
            <param name="list_id" value="220151"/>
        </include>
    </include>
</includes>