<?xml version="1.0" encoding="UTF-8"?>
<includes>
    <include name="SearchHistory">
        <item>
            <label>$NUMBER[history serias]</label>
            <onclick>RunScript(script.fentastic.helper,mode=re_search)</onclick>
        </item>
        <item>
            <label>$NUMBER[back to]</label>
            <onclick>RunScript(script.fentastic.helper,mode=re_search)</onclick>
        </item>
        <item>
            <label>$NUMBER[love]</label>
            <onclick>RunScript(script.fentastic.helper,mode=re_search)</onclick>
        </item>
        <item>
            <label>$NUMBER[my demon]</label>
            <onclick>RunScript(script.fentastic.helper,mode=re_search)</onclick>
        </item>
        <item>
            <label>$NUMBER[netflix serias]</label>
            <onclick>RunScript(script.fentastic.helper,mode=re_search)</onclick>
        </item>
        <item>
            <label>$NUMBER[netflix 2025]</label>
            <onclick>RunScript(script.fentastic.helper,mode=re_search)</onclick>
        </item>
        <item>
            <label>$NUMBER[national geographic]</label>
            <onclick>RunScript(script.fentastic.helper,mode=re_search)</onclick>
        </item>
        <item>
            <label>$NUMBER[hallmark movies]</label>
            <onclick>RunScript(script.fentastic.helper,mode=re_search)</onclick>
        </item>
        <item>
            <label>$NUMBER[romantic movies]</label>
            <onclick>RunScript(script.fentastic.helper,mode=re_search)</onclick>
        </item>
        <item>
            <label>$NUMBER[new movies]</label>
            <onclick>RunScript(script.fentastic.helper,mode=re_search)</onclick>
        </item>
        <item>
            <label>$NUMBER[netfllix new]</label>
            <onclick>RunScript(script.fentastic.helper,mode=re_search)</onclick>
        </item>
        <item>
            <label>$NUMBER[old top movies]</label>
            <onclick>RunScript(script.fentastic.helper,mode=re_search)</onclick>
        </item>
    </include>
</includes>