<?xml version="1.0" encoding="utf-8"?>
<window>
	<defaultcontrol always="true">201</defaultcontrol>
	<depth>DepthOSD</depth>
	<controls>
	<control type="group">
	<include>Animation_BottomSlide</include>
	<!-- bottom background -->
		<control type="image">
			<left>-50</left>
			<right>0</right>
			<top>931</top>
			<width>120%</width>
			<height>854</height>
				<bordertexture border="32">masks/24-shadow.png</bordertexture>
				<bordersize>24</bordersize>
				<texture colordiffuse="black">colors/white.png</texture>
			<!-- <aspectratio align="center" aligny="bottom">keep</aspectratio> -->
		</control>
		

		<control type="button">
			<description>background close area</description>
			<left>0</left>
			<top>0</top>
			<width>100%</width>
			<bottom>280</bottom>
			<texturefocus />
			<texturenofocus />
			<onclick>Action(close)</onclick>
		</control>
		<control type="group">
		<visible>Control.HasFocus(43434) | ControlGroup(201).HasFocus(610) + !ControlGroup(202).HasFocus()</visible>
		<visible>!VideoPlayer.Content(livetv)</visible>
		<animation condition="Window.IsActive(VideoOSDBookmarks.xml)" effect="fade" start="100" end="0" time="0">Conditional</animation>
		<include>dialogvisible</include>
		<left>-1015</left>
		<top>30</top>
			<control type="image">		
				<top>785</top>
				<left>992</left>
				<width>820</width>
				<height>160</height>
				<bordertexture border="32">masks/24-shadow.png</bordertexture>
				<bordersize>24</bordersize>
				<texture colordiffuse="black">colors/white.png</texture>
			</control>
		<control type="label">
			<top>800</top>
			<left>1050</left>
			<width>580</width>
			<height>35</height>
			<align>left</align>
			<font>font52_title</font>
			<label>דלג קדימה</label>
		</control>		
	<control type="list" id="43434">
		<include>DialogSeekVideoOSD</include>
			<itemlayout width="120">
				<control type="label">
					<top>0</top>
					<left>10</left>
					<width>80</width>
					<height>35</height>
					<align>center</align>
					<font>font20_title</font>
					<label>$INFO[ListItem.Label]</label>
				</control>
			</itemlayout>
			<focusedlayout width="120">
				<control type="label">
					<top>0</top>
					<left>10</left>
					<width>80</width>
					<height>35</height>
					<align>center</align>
					<font>font20_title</font>
					<label>$INFO[ListItem.Label]</label>
				</control>
			</focusedlayout>
				<content>
					<item id="1">
						<label>5 $LOCALIZE[700035]</label>
						<onclick>seek(300)</onclick>
					</item>
					<item id="2">
						<label>10 $LOCALIZE[700035]</label>
						<onclick>seek(600)</onclick>
					</item>
					<item id="3">
						<label>15 $LOCALIZE[700035]</label>
						<onclick>seek(900)</onclick>
					</item>
					<item id="4">
						<label>20 $LOCALIZE[700035]</label>
						<onclick>seek(1200)</onclick>
					</item>
					<item id="5">
						<label>25 $LOCALIZE[700035]</label>
						<onclick>seek(1500)</onclick>
					</item>
				</content>
			</control>
		</control>
		
		<control type="group">
		<left>-1015</left>
		<top>30</top>
		<visible>Control.HasFocus(43435) | ControlGroup(201).HasFocus(605) + !ControlGroup(202).HasFocus()</visible>
		<visible>!VideoPlayer.Content(livetv)</visible>
		<animation condition="Window.IsActive(VideoOSDBookmarks.xml)" effect="fade" start="100" end="0" time="0">Conditional</animation>
		<include>dialogvisible</include>
		<left>15%</left>
			<control type="image">		
				<top>785</top>
				<left>992</left>
				<width>820</width>
				<height>160</height>
				<bordertexture border="32">masks/24-shadow.png</bordertexture>
				<bordersize>24</bordersize>
				<texture colordiffuse="black">colors/white.png</texture>
			</control>
					<control type="label">
					<top>800</top>
					<left>1050</left>
					<width>580</width>
					<height>35</height>
					<align>left</align>
					<font>font52_title</font>
					<label>דלג אחורה</label>
					</control>
		<control type="list" id="43435">
		<include>DialogSeekVideoOSD</include>
			<itemlayout width="120">
				<control type="label">
					<top>0</top>
					<left>10</left>
					<width>80</width>
					<height>35</height>
					<align>center</align>
					<font>font20_title</font>
					<label>$INFO[ListItem.Label]</label>
				</control>
			</itemlayout>
			<focusedlayout width="120">
				<control type="label">
					<top>0</top>
					<left>10</left>
					<width>80</width>
					<height>35</height>
					<align>center</align>
					<font>font20_title</font>
					<label>$INFO[ListItem.Label]</label>
				</control>
			</focusedlayout>
				<content>
					<item id="1">
						<label>5 $LOCALIZE[700035]</label>
						<onclick>seek(-300)</onclick>
					</item>
					<item id="2">
						<label>10 $LOCALIZE[700035]</label>
						<onclick>seek(-600)</onclick>
					</item>
					<item id="3">
						<label>15 $LOCALIZE[700035]</label>
						<onclick>seek(-900)</onclick>
					</item>
					<item id="4">
						<label>20 $LOCALIZE[700035]</label>
						<onclick>seek(-1200)</onclick>
					</item>
					<item id="5">
						<label>25 $LOCALIZE[700035]</label>
						<onclick>seek(-1500)</onclick>
					</item>
				</content>
			</control>
		</control>
		
		<include content="ZoomFocusd">
			<param id="id">43434</param>
			<param name="Control_id">43434</param>
				<include content="ZoomFocusd">
					<param id="id">43435</param>
					<param name="Control_id">43435</param>
				</include>
		</include>
		
		<include condition="Skin.HasSetting(touchmode)">TouchBackOSDButton</include>
		<control type="group">
			<bottom>0</bottom>
			<height>180</height>
			<visible>![Window.IsVisible(SliderDialog) | Window.IsVisible(1110) | Window.IsVisible(osdaudiosettings) | Window.IsVisible(osdvideosettings) | Window.IsVisible(VideoBookmarks) | Window.IsVisible(playerprocessinfo) | Window.IsVisible(osdcmssettings) | Window.IsVisible(PVROSDChannels) | Window.IsVisible(pvrchannelguide)]</visible>
			<animation effect="fade" time="200">VisibleChange</animation>
			<control type="group" id="200">
				<control type="grouplist" id="201">
					<left>20</left>
					<top>90</top>
					<width>1200</width>
					<height>135</height>
					<itemgap>10</itemgap>
					<scrolltime tween="sine">200</scrolltime>
					<orientation>horizontal</orientation>
					<onup condition="Control.HasFocus(43434) | ControlGroup(201).HasFocus(606)">Control.SetFocus(43434,0)</onup>
					<onup condition="Control.HasFocus(43435) | ControlGroup(201).HasFocus(601)">Control.SetFocus(43435,0)</onup>
					<ondown>noop</ondown>
					<onleft>70048</onleft>
					<onright>804</onright>
					<align>left</align>		
					<control type="radiobutton" id="602">
						<include content="OSDButton">
						<param name="texture" value="osd/fullscreen/buttons/teletext.png"/>
						</include>
						<onclick>ActivateWindow(osdsubtitlesettings)</onclick>
						<visible>!VideoPlayer.Content(LiveTV) | VideoPlayer.HasSubtitles</visible>
					</control>
					<control type="radiobutton" id="603">
					<description>DarkSubs Subtitles Window Button</description>
						<include content="OSDButton">
							<param name="texture" value="osd/fullscreen/buttons/settings-subtitle.png"/>
						</include>
						<onclick condition="!Skin.HasSetting(ChooseSubtitlesButtonOpensKodiWindow)">RunScript(service.subtitles.All_Subs,sub_window_unpause)</onclick>
						<onclick condition="Skin.HasSetting(ChooseSubtitlesButtonOpensKodiWindow)">ActivateWindow(SubtitleSearch)</onclick>
						<visible>!VideoPlayer.Content(LiveTV) | VideoPlayer.HasSubtitles</visible>
					</control>
					<control type="radiobutton" id="604">
						<include content="OSDButton">
							<param name="texture" value="osd/fullscreen/buttons/previous.png"/>
						</include>
						<onclick>PlayerControl(previous)</onclick>
						<visible>Integer.IsGreater(Playlist.Length(video),1) | [Player.HasSceneMarkers | Integer.IsGreater(Player.ChapterCount,1)]</visible>
						<visible>!VideoPlayer.Content(livetv)</visible>
					</control>
					<control type="radiobutton" id="605">
					<onup>43435</onup>
						<include content="OSDButton">
							<param name="texture" value="osd/fullscreen/buttons/rewind.png"/>
						</include>
						<onclick>PlayerControl(rewind)</onclick>
						<visible>[Player.SeekEnabled + !VideoPlayer.Content(livetv)] + !Player.Paused</visible>
					</control>
					<control type="radiobutton" id="606">
						<include content="OSDButton">
							<param name="texture" value="osd/fullscreen/buttons/play.png"/>
						</include>
						<onclick>PlayerControl(Play)</onclick>
						<visible>Player.Paused + Player.PauseEnabled + !VideoPlayer.Content(LiveTV)</visible>
					</control>
					<control type="radiobutton" id="607">
						<include content="OSDButton">
							<param name="texture" value="osd/fullscreen/buttons/pause.png"/>
						</include>
						<onclick>PlayerControl(Play)</onclick>
						<visible>!Player.Paused + Player.PauseEnabled + !VideoPlayer.Content(LiveTV)</visible>
					</control>
					<control type="radiobutton" id="608">
						<include content="OSDButton">
							<param name="texture" value="osd/fullscreen/buttons/stop.png"/>
						</include>
						<onclick>PlayerControl(Stop)</onclick>
					</control>
					<control type="radiobutton" id="609">
					<visible>Skin.HasSetting(wideosdinfo)</visible>
						<include content="OSDButton">
							<param name="texture" value="osd/fullscreen/buttons/information.png"/>
						</include>
						<onclick>ActivateWindow(1181)</onclick>
						<!--<onclick>action(info)</onclick>-->
					</control>
					<control type="radiobutton" id="610">
					<onup>43434</onup>
						<include content="OSDButton">
							<param name="texture" value="osd/fullscreen/buttons/forward.png"/>
						</include>
						<onclick>PlayerControl(Forward)</onclick>
						<visible>[Player.SeekEnabled + !VideoPlayer.Content(livetv)] + !Player.Paused</visible>
					</control>
					<control type="radiobutton" id="611">
					<onup>43434</onup>
						<include content="OSDButton">
							<param name="texture" value="osd/fullscreen/buttons/next.png"/>
						</include>
						<onclick>PlayerControl(next)</onclick>
						<visible>Integer.IsGreater(Playlist.Length(video),1) | [Player.HasSceneMarkers | Integer.IsGreater(Player.ChapterCount,1)]</visible>
						<visible>!VideoPlayer.Content(livetv)</visible>
					</control>
					<control type="radiobutton" id="612">
						<textureradioonfocus colordiffuse="white">osd/fullscreen/buttons/record-white.png</textureradioonfocus>
						<textureradioonnofocus>osd/fullscreen/buttons/record-white.png</textureradioonnofocus>
						<textureradioofffocus colordiffuse="white">osd/fullscreen/buttons/record.png</textureradioofffocus>
						<textureradiooffnofocus>osd/fullscreen/buttons/record.png</textureradiooffnofocus>
						<texturefocus colordiffuse="button_focus">osd/fullscreen/buttons/button-fo.png</texturefocus>
						<width>76</width>
						<animation center="38,38" effect="zoom" end="100" reversible="false" start="95" time="480" tween="back">Focus</animation>
						<height>76</height>
						<radiowidth>74</radiowidth>
						<radioheight>74</radioheight>
						<font></font>
						<texturenofocus />
						<radioposx>1</radioposx>
						<radioposy>0</radioposy>
						<selected>!PVR.IsRecordingPlayingChannel</selected>
						<onclick>PVR.ToggleRecordPlayingChannel</onclick>
						<visible>PVR.CanRecordPlayingChannel</visible>
						<visible>VideoPlayer.Content(livetv)</visible>
					</control>
					<control type="radiobutton" id="613">
						<include content="OSDButton">
							<param name="texture" value="osd/fullscreen/buttons/home.png"/>
						</include>
						<onclick>PlayerControl(ShowVideoMenu)</onclick>
						<visible>VideoPlayer.HasMenu</visible>
					</control>
					<control type="radiobutton" id="614">
						<include content="OSDButton">
							<param name="texture" value="osd/fullscreen/buttons/channels.png"/>
						</include>
						<onclick>Dialog.Close(VideoOSD)</onclick>
						<onclick>ActivateWindow(PVROSDChannels)</onclick>
						<visible>VideoPlayer.Content(livetv)</visible>
					</control>
					<control type="radiobutton" id="615">
						<include content="OSDButton">
							<param name="texture" value="osd/fullscreen/buttons/guide.png"/>
						</include>
						<onclick>Dialog.Close(VideoOSD)</onclick>
						<onclick>ActivateWindow(pvrchannelguide)</onclick>
						<visible>VideoPlayer.Content(livetv) + VideoPlayer.HasEPG</visible>
					</control>
					<control type="radiobutton" id="616">
						<description>Twilight Switch Source Button</description>
						<include content="OSDButtonAdvanced">
							<param name="texture" value="kodirdil/twilight_icon/twilight.png"/>
							<param name="label">$LOCALIZE[700055]</param>
							<param name="width">68</param>
							<param name="height">62</param>
							<param name="radiowidth">57</param>
							<param name="radioheight">57</param>
							<param name="textoffsetx">-6</param>
							<param name="textoffsety">55</param>
						</include>
						<!-- If current playing media is movie or episode -->
						<visible>VideoPlayer.Content(movies) | VideoPlayer.Content(episodes)</visible>
						<!-- If current playing addon is NOT Idan Plus -->
						<visible>!String.Contains(Player.Folderpath, plugin.video.idanplus)</visible>
						<!-- If not Live TV (pvr) -->
						<visible>!VideoPlayer.Content(LiveTV)</visible>
						<!-- If video is unpaused - pause -->
						<onclick condition="!Player.Paused">PlayerControl(Play)</onclick>
						<!-- Open Twilight "Playback Options" window for current playing movie -->
						<onclick condition="VideoPlayer.Content(movies)">RunPlugin(plugin://plugin.video.twilight/?mode=playback_choice&media_type=movie&poster=$VAR[NowPlayingPosterVar]&meta=$INFO[VideoPlayer.IMDBNumber])</onclick>
						<!-- Open Twilight "Playback Options" window for current playing episode -->
						<onclick condition="VideoPlayer.Content(episodes)">RunPlugin(plugin://plugin.video.twilight//?mode=playback_choice&media_type=episode&poster=$VAR[NowPlayingPosterVar]&meta=$INFO[VideoPlayer.UniqueID(tmdb)]&season=$INFO[VideoPlayer.Season]&episode=$INFO[VideoPlayer.Episode])</onclick>
					</control>
					<control type="button" id="617">
						<description>Episodes Playlist Menu</description>
						<width>auto</width>
						<height>76</height>
						<align>center</align>
						<texturenofocus>-</texturenofocus>
						<texturefocus colordiffuse="button_focus">colors/white.png</texturefocus>
						<label>[B]$LOCALIZE[700054][/B]</label>
						<!-- If current playing addon is Idan Plus -->
						<visible>String.Contains(Player.Folderpath, plugin.video.idanplus)</visible>
						<!-- If Kodi's video playlist has items -->
						<visible>Integer.IsGreater(Playlist.Length(video),0)</visible>
						<onclick>Dialog.Close(all,true)</onclick>
						<onclick>ActivateWindow(videoplaylist)</onclick>
						<onclick></onclick>
					</control>
					<control type="radiobutton" id="618">
						<description>Idan Plus Channels Menu</description>
						<width>76</width>
						<height>76</height>
						<include content="OSDButton">
							<param name="texture" value="osd/fullscreen/buttons/channels.png"/>
						</include>	
						<onclick>ActivateWindow(1123)</onclick>
						<visible>!VideoPlayer.Content(LiveTV)</visible>
					</control>
					<control type="button" id="619">
						<description>Switch to next Audio track</description>
						<texturenofocus colordiffuse="grey_a">kodirdil/next_audio_track/next_audio_track.png</texturenofocus>
						<texturefocus colordiffuse="button_focus">kodirdil/next_audio_track/next_audio_track.png</texturefocus>
						<width>76</width>
						<height>76</height>
						<visible>Integer.IsGreater(VideoPlayer.AudioStreamCount,1)</visible>
						<onclick>AudioNextLanguage</onclick>
					</control>
					<control type="radiobutton" id="620">
						<include content="OSDButton">
							<param name="texture" value="osd/fullscreen/buttons/teletext.png"/>
						</include>
						<onclick>Dialog.Close(VideoOSD)</onclick>
						<onclick>ActivateWindow(Teletext)</onclick>
						<visible>VideoPlayer.HasTeletext</visible>
					</control><control type="radiobutton" id="70047">
						<include content="OSDButton">
							<param name="texture" value="osd/fullscreen/buttons/stereoscopic.png"/>
						</include>
						<visible>VideoPlayer.IsStereoscopic</visible>
						<onclick>SetProperty(settingslist_content,3d,home)</onclick>
						<onclick>SetProperty(settingslist_header,$LOCALIZE[36501],home)</onclick>
						<onclick>ActivateWindow(1101)</onclick>
					</control>
					<control type="radiobutton" id="621">
						<include content="OSDButton">
							<param name="texture" value="osd/fullscreen/buttons/settings.png"/>
						</include>
						<onclick>SetProperty(settingslist_content,osd,home)</onclick>
						<onclick>SetProperty(settingslist_header,$LOCALIZE[5],home)</onclick>
						<onclick>ActivateWindow(1101)</onclick>
					</control>
					<control type="button" id="622">
						<description>enable subtitle</description>
						<width>auto</width>
						<height>76</height>
						<align>center</align>
						<texturenofocus>-</texturenofocus>
						<texturefocus colordiffuse="button_focus">colors/white.png</texturefocus>
						<label>[B]הפעל כתובית[/B]</label>
						<!-- If current playing addon is Idan Plus -->
						<visible>!VideoPlayer.Content(LiveTV) + VideoPlayer.HasSubtitles + !VideoPlayer.SubtitlesEnabled</visible>
						<!-- If Kodi's video playlist has items -->
						<onclick>ShowSubtitles</onclick>
					</control>
					<control type="button" id="623">
						<description>enable subtitle</description>
						<width>auto</width>
						<height>76</height>
						<align>center</align>
						<texturenofocus>-</texturenofocus>
						<texturefocus colordiffuse="button_focus">colors/white.png</texturefocus>
						<label>[B]בטל כתובית[/B]</label>
						<!-- If current playing addon is Idan Plus -->
						<visible>!VideoPlayer.Content(LiveTV) + VideoPlayer.HasSubtitles + VideoPlayer.SubtitlesEnabled</visible>
						<!-- If Kodi's video playlist has items -->
						<onclick>ShowSubtitles</onclick>
					</control>
					<control type="button" id="624">
						<description>enable subtitle</description>
						<width>auto</width>
						<height>76</height>
						<align>center</align>
						<texturenofocus>-</texturenofocus>
						<texturefocus colordiffuse="button_focus">colors/white.png</texturefocus>
						<label>$VAR[subtitlelanguage_fix]</label>
						<onclick></onclick>
						<visible>String.IsEqual(VideoPlayer.SubtitlesLanguage,heb)</visible>
					</control>
					<control type="button" id="625">
						<description>enable subtitle</description>
						<width>auto</width>
						<height>76</height>
						<align>center</align>
						<texturenofocus>-</texturenofocus>
						<texturefocus colordiffuse="button_focus">colors/white.png</texturefocus>
						<label>סימניות</label>
						<onclick>ActivateWindow(videobookmarks)</onclick>
					</control>
				</control>
			</control>
			
			
				<control type="grouplist">
				<animation condition="VideoPlayer.Content(LiveTv)" effect="slide" end="200" time="0">Conditional</animation>
				<visible>!Player.Paused | !Skin.HasSetting(ShowPlayerPauseWindow)</visible>
				<animation effect="fade" start="0" end="100" time="450">VisibleChange</animation>
					<centertop>12%</centertop>
					<centerleft>45%</centerleft>
					<height>50</height>
					<align>center</align>
					<width>100%</width>
					<include>Animation_BottomSlide</include>
					<orientation>horizontal</orientation>
					<itemgap>5</itemgap>
					<visible>Player.ShowInfo</visible>
					<animation effect="fade" start="0" end="100" time="200" delay="1000">Visible</animation>
					<control type="group">
					<width>120</width>
					<include content="MediaLabelFlag">
						<param name="labelflag">$INFO[VideoPlayer.AudioLanguage]</param>
						<param name="flagvisible">VideoPlayer.AudioLanguage</param>
						<param name="freelabel">-Audio</param>
					</include>
					</control>
					<include content="MediaFlag">
					<param name="texture" value="$INFO[VideoPlayer.VideoCodec,flags/videocodec/,.png]" />
					</include>
					<include content="MediaFlag">
					<param name="texture" value="$INFO[VideoPlayer.VideoResolution,flags/videoresolution/,.png]" />
					</include>
					<include content="MediaFlag">
						<param name="texture" value="$INFO[VideoPlayer.HdrType,flags/videohdr/,.png]" />
						<param name="visible" value="!String.IsEmpty(VideoPlayer.HdrType)" />
					</include>
					<include content="MediaFlag">
						<param name="texture" value="$INFO[VideoPlayer.VideoAspect,flags/aspectratio/,.png]" />
					</include>
					<include content="MediaFlag">
						<param name="texture" value="$INFO[VideoPlayer.AudioCodec,flags/audiocodec/,.png]" />
					</include>
					<include content="MediaFlag">
						<param name="texture" value="$INFO[VideoPlayer.AudioChannels,flags/audiochannel/,.png]" />
					</include>
					<control type="group">
					<width>120</width>
					<include content="MediaLabelFlag">
						<param name="labelflag">$VAR[SetLabelflag]</param>
						<param name="flagvisible">Player.Process(VideoFPS)</param>
						<param name="freelabel">.fps</param>
					</include>
					</control>
				</control>

		</control>
		
		
		
				<control type="group">
				<top>885</top>
				<control type="group">
				<control type="progress">
					<left>0</left>
					<top>70</top>
					<width>100%</width>
					<height>16</height>
					<info>Player.ProgressCache</info>
					<texturebg border="3" colordiffuse="00FFFFFF">colors/white50.png</texturebg>
					<midtexture>colors/white50.png</midtexture>
				</control>
				<control type="progress">
					<left>0</left>
					<top>70</top>
					<width>100%</width>
					<height>16</height>
					<info>Player.Progress</info>
					<texturebg border="3" colordiffuse="60FFFFFF">colors/white50.png</texturebg>
					<midtexture colordiffuse="button_focus">colors/white.png</midtexture>
				</control>
				<control type="slider" id="401">
					<left>0</left>
					<top>65</top>
					<width>100%</width>
					<height>26</height>
					<texturesliderbar colordiffuse="00FFFFFF">osd/progress/nub_bar.png</texturesliderbar>
					<textureslidernib colordiffuse="button_focus2">osd/progress/nub_bar.png</textureslidernib>
					<textureslidernibfocus colordiffuse="button_focus">colors/white.png</textureslidernibfocus>
					<info>Player.Progress</info>
					<visible>Player.SeekEnabled</visible>
				</control>
			</control>
			<control type="ranges">
				<left>0</left>
				<top>70</top>
				<width>100%</width>
				<height>8</height>
				<texturebg border="3" colordiffuse="00FFFFFF">colors/white50.png</texturebg>
				<lefttexture>colors/white.png</lefttexture>
				<midtexture colordiffuse="FFFF0000">colors/white.png</midtexture>
				<righttexture>colors/white.png</righttexture>
				<info>Player.Editlist</info>
			</control>
			<control type="ranges">
				<left>0</left>
				<top>82</top>
				<width>100%</width>
				<height>8</height>
				<texturebg border="3" colordiffuse="00FFFFFF">colors/red50.png</texturebg>
				<righttexture>colors/red.png</righttexture>
				<info>Player.Cuts</info>
			</control>
			<control type="ranges">
				<left>0</left>
				<top>82</top>
				<width>100%</width>
				<height>4</height>
				<texturebg border="3" colordiffuse="00FFFFFF">colors/white50.png</texturebg>
				<righttexture>colors/white.png</righttexture>
				<info>Player.SceneMarkers</info>
			</control>
			<control type="ranges">
				<left>0</left>
				<top>82</top>
				<width>100%</width>
				<height>4</height>
				<texturebg border="3" colordiffuse="00FFFFFF">colors/white50.png</texturebg>
				<righttexture>colors/white.png</righttexture>
				<info>Player.Chapters</info>
			</control>
		</control>
		
		<control type="group">
		<visible>!Player.Paused + !String.IsEmpty(VideoPlayer.Plot) + ControlGroup(201).HasFocus(609)</visible>
		<animation effect="fade" start="0" end="100" time="250">Visible</animation>
		<animation effect="fade" start="100" end="0" time="250">Hidden</animation>
		<top>500</top>
		<left>-700</left>
		<width>3000</width>
		<height>400</height>
			<control type="button" id="61">
				<left>600</left>
				<top>-18</top>
				<font></font>
				<onleft>61</onleft>
				<onright>61</onright>
				<ondown>9000</ondown>
				<onup>9000</onup>
				<texturenofocus colordiffuse="primary_background" border="21">dialogs/dialog-bg.png</texturenofocus>
				<onclick>SetProperty(TextViewer_Header,$LOCALIZE[207],home)</onclick>
				<onclick>SetProperty(TextViewer_Text,$ESCINFO[ListItem.Plot],home)</onclick>
				<onclick>ActivateWindow(1102)</onclick>
			</control>
			<control type="image">
				<centertop>48%</centertop>
				<left>725</left>
				<width>320</width>
				<height>320</height>
				<texture>$INFO[VideoPlayer.Cover]</texture>
			</control>
			<control type="label">
			<visible>!String.IsEmpty(VideoPlayer.Title)</visible>
				<centertop>57%</centertop>
				<left>1100</left>
				<font>font40_title</font>
				<label>$INFO[VideoPlayer.Title][CR][I]$INFO[VideoPlayer.Genre][/I]</label>
			</control>
			<control type="textbox">
			<autoscroll fade="4000" time="4000" repeat="4000">true</autoscroll>
			<visible>!String.IsEmpty(VideoPlayer.Plot)</visible>
				<centertop>65%</centertop>
				<left>1100</left>
				<width>1000</width>
				<height>175</height>
				<align>left</align>
				<aligny>center</aligny>
				<label>$INFO[VideoPlayer.Plot]</label>
			</control>
			<control type="label">
				<top>340</top>
				<left>700</left>
				<width>1920</width>
				<height>50</height>
				<right>5</right>
				<align>right</align>
				<label>$VAR[duratioOSD_fix, [COLOR gray]אורך:[/COLOR]]$VAR[videoosdresolution]$VAR[videoosdtimeremaining]</label>
			</control>
	</control>
	</control>
	
			<control type="label">
				<left>-10</left>
				<top>955</top>
				<align>right</align>
				<aligny>center</aligny>
				<width>1920</width>
				<height>144</height>
				<label>$VAR[OSDHelpTextVar]</label>
				
				</control>
	
	<control type="group">
	<animation type="WindowOpen">
	<effect type="fade" start="0" end="100" time="250" delay="150"/>
	</animation>
	<animation type="WindowClose">
	<effect type="fade" start="100" end="0" time="250" delay="150"/>
	</animation>
	<visible>!Skin.HasSetting(wideosdinfo)</visible>
	<!-- top background -->
	<control type="image">
	<animation condition="true" effect="fade" end="85" time="0">Conditional</animation>
		<left>0</left>
		<right>0</right>
		<top>0</top>
		<width>100%</width>
		<height>144</height>
		<texture colordiffuse="black" background="true">colors/white.png</texture>
		<!-- <aspectratio align="center" aligny="bottom">keep</aspectratio> -->
	</control>
	<control type="image">
		<top>5</top>
		<left>5</left>
		<width>130</width>
		<height>130</height>
		<texture>$INFO[Player.Icon]</texture>
	</control>
	<control type="image">
	<visible>String.IsEmpty(Player.Icon)</visible>
		<top>5</top>
		<left>5</left>
		<width>130</width>
		<height>130</height>
		<texture>$INFO[VideoPlayer.Cover]</texture>
	</control>
	<control type="textbox">
	<autoscroll time="5000" delay="5000" repeat="5000">true</autoscroll>
		<top>0</top>
		<left>1150</left>
		<right>0</right>
		<width>750</width>
		<height>140</height>
		<align>right</align>
		<aligny>center</aligny>
		<label>$VAR[duratioOSD_fix, [COLOR gray]אורך:[/COLOR]]$VAR[videoosdresolution]$VAR[videoosdtimeremaining]$VAR[osdgenreinfo][CR]$INFO[VideoPlayer.Plot]</label>
	</control>
			<control type="group">
			<visible>Skin.HasSetting(rssenable)</visible>
			<control type="image">
				<animation condition="true" effect="fade" end="85" time="0">Conditional</animation>
				<left>0</left>
				<right>0</right>
				<top>39</top>
				<width>100%</width>
				<height>35</height>
				<texture colordiffuse="black" background="true">colors/white.png</texture>
				<!-- <aspectratio align="center" aligny="bottom">keep</aspectratio> -->
			</control>
			<control type="image">
				<left>0</left>
				<right>0</right>
				<top>30</top>
				<width>100%</width>
				<height>8</height>
				<texture colordiffuse="FF181818" background="true">colors/white.png</texture>
				<!-- <aspectratio align="center" aligny="bottom">keep</aspectratio> -->
			</control>
				<depth>DepthBars</depth>
				<top>115</top>
				<height>72</height>
				<control type="rss">
					<left>0</left>
					<bottom>0</bottom>
					<height>39</height>
					<width>100%</width>
					<font>font30_title</font>
					<urlset>1</urlset>
					<hitrect x="-100" y="0" w="1" h="1" />
					<titlecolor>gray</titlecolor>
					<textcolor>white</textcolor>
					<headlinecolor>white</headlinecolor>
				</control>
			</control>
	<control type="grouplist">
	<top>2</top>
	<left>142</left>
	<width>650</width>
	<height>130</height>
	<left>20</left>
	<itemgap>20</itemgap>
	<orientation>vertical</orientation>
	<align>justify</align>
	<control type="group">
	<visible>!String.IsEmpty(VideoPlayer.Title)</visible>
	<height>80</height>
	<control type="textbox">
		<top>0</top>
		<left>10</left>
		<label>$INFO[VideoPlayer.Title][CR]$INFO[VideoPlayer.TvShowTitle]</label>
	</control>
	</control>
	<control type="group">
	<visible>!String.IsEmpty(VideoPlayer.EndTime)</visible>
	<height>60</height>
	<control type="textbox">
		<top>30</top>
		<left>10</left>
		<font>font25_narrow</font>
		<label>$INFO[VideoPlayer.EndTime, סיום: ]</label>
	</control>
	</control>
	<control type="group">
	<height>80</height>
	<width>450</width>
	<control type="progress">
		<left>10</left>
		<top>45</top>
		<width>70%</width>
		<height>8</height>
		<info>Player.ProgressCache</info>
		<texturebg border="3" colordiffuse="00FFFFFF">colors/white50.png</texturebg>
		<midtexture>colors/white50.png</midtexture>
	</control>
	<control type="progress">
		<left>10</left>
		<top>45</top>
		<width>70%</width>
		<height>8</height>
		<info>Player.Progress</info>
		<texturebg border="3" colordiffuse="60FFFFFF">colors/white50.png</texturebg>
		<midtexture colordiffuse="deepskyblue">colors/white.png</midtexture>
	</control>
	</control>
	</control>
	
	
	<!-- next chapter view-->
		<control type="group">
		<include>dialogvisible</include>
		<visible>ControlGroup(201).HasFocus(611) + !String.IsEmpty(VideoPlayer.offset(1).Title) + !Player.Paused</visible>
			<top>58.8%</top>
			<left>-1%</left>
			<width>1920</width>
			<height>320</height>
			<control type="label">
			<top>-25</top>
			<left>30</left>
			<width>1000</width>
			<align>left</align>
			<font>font14</font>
			<shadowcolor>black</shadowcolor>
			<label>הפרק הבא</label>
			</control>
			<control type="image">		
				<top>0</top>
				<left>0</left>
				<width>1048</width>
				<height>340</height>
				<bordertexture border="32">masks/24-shadow.png</bordertexture>
				<bordersize>24</bordersize>
				<texture colordiffuse="black">colors/white.png</texture>
			</control>
			<control type="textbox">
				<top>25</top>
				<left>40</left>
				<width>950</width>
				<bottom>15</bottom>
				<label>[COLOR yellow]Time: [/COLOR]$INFO[VideoPlayer.Duration] [COLOR yellow]End: [/COLOR]$INFO[Player.FinishTime][COLOR yellow] Finish: [/COLOR]$INFO[Player.TimeRemaining][CR][COLOR yellow]Next: [/COLOR] $INFO[VideoPlayer.offset(1).Title][CR][COLOR yellow]INFO: [/COLOR] $INFO[VideoPlayer.offset(1).Plot]</label>
			</control>
		</control>
		
	<!-- next chapter view-->
		<control type="group">
		<include>dialogvisible</include>
		<visible>ControlGroup(201).HasFocus(604) + !String.IsEmpty(VideoPlayer.offset(-1).Title) + !Player.Paused</visible>
			<top>58.8%</top>
			<left>-1%</left>
			<width>1920</width>
			<height>320</height>
			<control type="label">
			<top>-25</top>
			<left>30</left>
			<width>1000</width>
			<align>left</align>
			<font>font14</font>
			<shadowcolor>black</shadowcolor>
			<label>הפרק הקודם</label>
			</control>
			<control type="image">		
				<top>0</top>
				<left>0</left>
				<width>1048</width>
				<height>340</height>
				<bordertexture border="32">masks/24-shadow.png</bordertexture>
				<bordersize>24</bordersize>
				<texture colordiffuse="black">colors/white.png</texture>
			</control>
			<control type="textbox">
				<top>25</top>
				<left>40</left>
				<width>950</width>
				<bottom>15</bottom>
				<label>[COLOR yellow]Time: [/COLOR]$INFO[VideoPlayer.Duration] [COLOR yellow]End: [/COLOR]$INFO[Player.FinishTime][COLOR yellow] Finish: [/COLOR]$INFO[Player.TimeRemaining][CR][COLOR yellow]Previous: [/COLOR] $INFO[VideoPlayer.offset(-1).Title][CR][COLOR yellow]INFO: [/COLOR] $INFO[VideoPlayer.offset(-1).Plot]</label>
			</control>
		</control>
			
	
</control>
	</controls>
</window>
