<?xml version="1.0" encoding="UTF-8"?>
<includes>

	<include name="View_505_PlayList">
		<visible>Control.IsVisible(505) | Integer.IsGreater(Container.NumItems,-1) | !Container.IsUpdating</visible>
		<control type="group">
		<top>325</top>
		<bottom>180</bottom>
		<control type="group">
		<left>125</left>
		<right>900</right>
		<include>OpenClose_FadeSlide_Left</include>
		<visible>!Window.IsActive(dialogbusy)</visible>
			<control type="image">
			<top>2</top>
			<left>2</left>
			<right>2</right>
			<bottom>2</bottom>
			<animation condition="true" effect="fade" start="100" end="85" time="0">Conditional</animation>
			<texture border="3" background="true" infill="true" colordiffuse="FF181818">masks/box.png</texture>
		</control>
		<control type="image">
			<top>0</top>
			<left>0</left>
			<right>0</right>
			<bottom>0</bottom>
			<texture border="8" background="true" infill="true" colordiffuse="gray">masks/box21.png</texture>
		</control>
		<control type="image">
			<top>5</top>
			<left>5</left>
			<right>5</right>
			<bottom>5</bottom>
			<fadetime>250</fadetime>
			<aspectratio scalediffuse="false">scale</aspectratio>
			<texture fallback="fallbacks/fallback1.jpg">$INFO[ListItem.Art(fanart)]</texture>
		</control>
		<control type="image">
			<top>5</top>
			<left>5</left>
			<right>5</right>
			<bottom>5</bottom>
			<fadetime>250</fadetime>
			<aspectratio scalediffuse="false">scale</aspectratio>
			<texture fallback="fallbacks/fallback1.jpg">$INFO[ListItem.Icon]</texture>
			<visible>String.IsEmpty(ListItem.Art(fanart)</visible>
		</control>
		</control>
		<control type="group">
		<visible>!Window.IsActive(dialogbusy)</visible>
		<include>OpenClose_FadeSlide_Left</include>
		<top>865</top>
		<bottom>420</bottom>
		<left>125</left>
		<right>900</right>
		<control type="image">
			<top>5</top>
			<left>5</left>
			<right>5</right>
			<bottom>5</bottom>
			<fadetime>250</fadetime>
			<aspectratio scalediffuse="false">scale</aspectratio>
			<texture fallback="fallbacks/fallback1.jpg">$INFO[ListItem.Art(fanart)]</texture>
		</control>
		<control type="image">
			<top>5</top>
			<left>5</left>
			<right>5</right>
			<bottom>5</bottom>
			<fadetime>250</fadetime>
			<aspectratio scalediffuse="false">scale</aspectratio>
			<texture fallback="fallbacks/fallback1.jpg">$INFO[ListItem.Icon]</texture>
			<visible>String.IsEmpty(ListItem.Art(fanart)</visible>
		</control>
		<control type="image">
			<left>0</left>
			<right>0</right>
			<bottom>5</bottom>
			<fadetime>250</fadetime>
			<height>280</height>
			<texture diffuse="thumbs/thumb_diffuse.png" flipy="true">$INFO[ListItem.Art(fanart)]</texture>
		</control>
		<control type="image">
			<left>0</left>
			<right>0</right>
			<bottom>5</bottom>
			<fadetime>250</fadetime>
			<height>280</height>
			<texture diffuse="thumbs/thumb_diffuse.png" flipy="true">$INFO[ListItem.Icon]</texture>
			<visible>String.IsEmpty(ListItem.Art(fanart)</visible>
		</control>
		</control>
		<control type="group">
			<left>1035</left>
			<right>100</right>
			<visible>!Window.IsActive(dialogbusy)</visible>
			<include>OpenClose_FadeSlide_Right</include>
			<control type="fixedlist" id="505">
				<scrolltime tween="cubic">500</scrolltime>
				<orientation>vertical</orientation>
				<focusposition>4</focusposition>
				<movement>4</movement>
				<ondown>false</ondown>
				<onup>false</onup>
				<onleft>9000</onleft>
				<onright condition="!String.IsEmpty(ListItem.Comment) | !String.IsEmpty(ListItem.Plot)">SetProperty(MiniTextViewer_Title,$ESCINFO[ListItem.Title],home)</onright>
				<onright condition="!String.IsEmpty(ListItem.Comment) | !String.IsEmpty(ListItem.Plot)">SetProperty(MiniTextViewer_Comment,$ESCINFO[ListItem.Comment],home)</onright>
				<onright condition="!String.IsEmpty(ListItem.Comment) | !String.IsEmpty(ListItem.Plot)">SetProperty(MiniTextViewer_Plot,$ESCINFO[ListItem.Plot],home)</onright>
				<onright condition="!String.IsEmpty(ListItem.Comment) | !String.IsEmpty(ListItem.Plot)">SetProperty(MiniTextViewer_Duration,$VAR[PropertyViewTypeLabel],home)</onright>
				<onright condition="!String.IsEmpty(ListItem.Comment) | !String.IsEmpty(ListItem.Plot)">SetProperty(MiniTextViewer_Icon,$VAR[PropertyViewTypeIcon],home)</onright>
				<onright condition="!String.IsEmpty(ListItem.Comment) | !String.IsEmpty(ListItem.Plot)">ActivateWindow(1323)</onright>
				<itemlayout width="750" height="64">
				<control type="image">
					<animation effect="fade" start="0" end="100" time="0">Visible</animation>
					<include content="GlobalSetFadeLabel">
					<param name="setfadelabel">homemenubgfocusfadelabelcolor</param>
					</include>
					<top>4</top>
					<bottom>4</bottom>
					<texture colordiffuse="$INFO[Skin.String(homemainmenusfocus)]">colors/white.png</texture>
				</control>
				<control type="image">
					<left>5</left>
					<top>14</top>
					<width>35</width>
					<height>35</height>
					<texture colordiffuse="white">$VAR[ListWatchedIconVar]</texture>
					<visible>![String.Contains(ListItem.Label,חיפוש) | String.Contains(ListItem.Label,עמוד הבא)]</visible>
				</control>
				<control type="image">
					<left>5</left>
					<top>14</top>
					<width>35</width>
					<height>35</height>
					<texture colordiffuse="white">$VAR[ListWatchedIconVar]</texture>
					<visible>![String.Contains(ListItem.Label,חיפוש) | String.Contains(ListItem.Label,עמוד הבא)]</visible>
				</control>
				<control type="label">
					<left>40</left>
					<right>185</right>
					<align>left</align>
					<aligny>center</aligny>
					<font>font32</font>
					<label>$INFO[ListItem.Label]</label>
				</control>
				<control type="label">
					<right>5</right>
					<align>right</align>
					<aligny>center</aligny>
					<font>font32</font>
					<label fallback="00:00">$INFO[ListItem.Duration]</label>
				</control>
				</itemlayout>
				<focusedlayout width="750" height="64">
				<control type="image">
					<visible>!ListItem.IsPlaying</visible>
					<visible>!String.Contains(Container.FolderPath,telemedia)</visible>
					<texture>colors/white.png</texture>
					<colordiffuse>15FFFFFF</colordiffuse>
				</control>	
				<control type="image">
					<visible>ListItem.IsPlaying</visible>
					<visible>!String.Contains(Container.FolderPath,telemedia)</visible>
					<texture>colors/white.png</texture>
					<colordiffuse>15FFFFFF</colordiffuse>
				</control>
				<control type="image">
					<left>5</left>
					<top>14</top>
					<width>35</width>
					<height>35</height>
					<texture>$VAR[ListWatchedIconVar]</texture>
					<visible>![String.Contains(ListItem.Label,חיפוש) | String.Contains(ListItem.Label,עמוד הבא)]</visible>
					<visible>ListItem.IsPlaying</visible>
				</control>
				<control type="image">
					<left>5</left>
					<top>14</top>
					<width>35</width>
					<height>35</height>
					<texture colordiffuse="white">$VAR[ListWatchedIconVar]</texture>
					<visible>![String.Contains(ListItem.Label,חיפוש) | String.Contains(ListItem.Label,עמוד הבא)]</visible>
					<visible>!ListItem.IsPlaying</visible>
				</control>
				<control type="image">
					<top>25</top>
					<right>-35</right>
					<align>right</align>
					<height>20</height>
					<width>20</width>
					<texture>common/arrow-small-right.png</texture>
					<aspectratio>keep</aspectratio>
					<animation effect="slide" start="-5" end="5" time="500" condition="!String.IsEmpty(ListItem.Plot) | !String.IsEmpty(ListItem.Comment)" pulse="true">Conditional</animation>
					<visible>!String.IsEmpty(ListItem.Plot) | !String.IsEmpty(ListItem.Comment)</visible>
				</control>
				<control type="label">
					<left>40</left>
					<align>left</align>
					<aligny>center</aligny>
					<font>font45_title</font>
					<textcolor>white</textcolor>
					<label>$INFO[ListItem.Label]</label>
					<scroll>true</scroll>
				</control>
				<control type="label">
					<right>5</right>
					<align>right</align>
					<aligny>center</aligny>
					<font>font45_title</font>
					<textcolor>white</textcolor>
					<label fallback="00:00">$INFO[ListItem.Duration]</label>
				</control>
				</focusedlayout>
			</control>
		</control>
		</control>
		<include>MiniVideoBottom</include>
	</include>
	
</includes>
