<?xml version="1.0" encoding="UTF-8"?>
<includes>
	<include name="View_516_WideList">
	<control type="group">
	<animation condition="Window.IsActive(1323)" effect="fade" start="100" end="20" time="250">Conditional</animation>
	<visible>[Container.Content(movies) | Container.Content(tvshows) | Container.Content(seasons) | Container.Content(episodes)]</visible>
	<visible>![String.Contains(Container.FolderPath,idanplus) | String.Contains(Container.FolderPath,telemedia)]</visible>
	<visible>Integer.IsGreater(Container(516).NumItems,) + !Container(516).IsUpdating</visible>
	<include content="ListContainerWide">
		<param name="list_id" value="516"/>
		<param name="left" value="20"/>
		<param name="top" value="140"/>
		<param name="bottom" value="40"/>
		<param name="right" value="1070"/>
	</include>
	</control>
	<include>ContainerRightInfoLabel</include>
	<include>IconSetListContainer</include>
	</include>
	
	<include name="ListContainerWide">
	<control type="fixedlist" id="$PARAM[list_id]">
	<left>$PARAM[left]</left>
	<top>$PARAM[top]</top>
	<bottom>$PARAM[bottom]</bottom>
	<right>$PARAM[right]</right>
	<visible>[Container.Content(movies) | Container.Content(tvshows) | Container.Content(seasons) | Container.Content(episodes)]</visible>
	<visible>![String.Contains(Container.FolderPath,idanplus) | String.Contains(Container.FolderPath,telemedia)]</visible>
	<onright condition="!String.IsEmpty(ListItem.Plot) + $EXP[EnableAddons]">Action(info)</onright>
	<onright condition="!String.IsEmpty(ListItem.Plot) + !$EXP[EnableAddons]">SetProperty(MiniTextViewer_Title,$ESCINFO[ListItem.Label],home)</onright>
	<onright condition="!String.IsEmpty(ListItem.Plot) + !$EXP[EnableAddons]">SetProperty(MiniTextViewer_Genre,$ESCINFO[ListItem.Genre],home)</onright>
	<onright condition="!String.IsEmpty(ListItem.Plot) + !$EXP[EnableAddons]">SetProperty(MiniTextViewer_Plot,$ESCINFO[ListItem.Plot],home)</onright>
	<onright condition="!String.IsEmpty(ListItem.Plot) + !$EXP[EnableAddons]">SetProperty(MiniTextViewer_Fanart,$ESCINFO[ListItem.Art(fanart)],home)</onright>
	<onright condition="!String.IsEmpty(ListItem.Plot) + !$EXP[EnableAddons]">ActivateWindow(1323)</onright>
	<onleft>9000</onleft>
	<focusposition>5</focusposition>
	<movement>6</movement>
	<scrolltime tween="cubic">550</scrolltime>
	<viewtype label="Fixed List">fixedlist</viewtype>
	<itemlayout height="74">
	<control type="group">
	<height>75</height>
	<left>5</left>
	<control type="label">
		<right>200</right>
		<font>font37</font>
		<align>left</align>
		<label>$INFO[ListItem.Label]</label>
		<visible>!String.IsEmpty(ListItem.Year)</visible>
	</control>
	<control type="label">
		<right>50</right>
		<font>font37</font>
		<align>left</align>
		<label>$INFO[ListItem.Label]</label>
		<visible>String.IsEmpty(ListItem.Year)</visible>
	</control>
	<control type="label">
		<right>50</right>
		<left>0</left>
		<right>20</right>
		<font>font37</font>
		<align>right</align>
	<label>$INFO[ListItem.Year]</label>
	</control>
	<control type="image">
		<right>0</right>
		<top>10</top>
		<width>35</width>
		<height>35</height>
		<texture colordiffuse="white">$VAR[ListWatchedIconVar]</texture>
		<visible>![String.Contains(ListItem.Label,חיפוש) | String.Contains(ListItem.Label,עמוד הבא)]</visible>
	</control>
	<control type="image">
		<top>10</top>
		<left>40</left>
		<width>55</width>
		<height>55</height>
		<texture>icons/back.png</texture>
		<visible>String.IsEqual(ListItem.Label,..)</visible>
	</control>
	</control>
	</itemlayout>
	<focusedlayout height="74">
	<animation effect="slide" start="0,-5" end="0,0" time="50">Focus</animation>
	<control type="image">
	<height>75</height>
		<top>-5</top>
		<texture>masks/focus-long.png</texture>
	</control>
	<control type="group">
	<height>75</height>
	<left>5</left>
	<control type="label">
		<right>200</right>
		<font>font45_title</font>
		<align>left</align>
		<textcolor>black</textcolor>
		<label>$INFO[ListItem.Label]</label>
		<visible>!String.IsEmpty(ListItem.Year)</visible>
	</control>
	<control type="label">
		<right>50</right>
		<font>font45_title</font>
		<align>left</align>
		<textcolor>black</textcolor>
		<label>$INFO[ListItem.Label]</label>
		<visible>String.IsEmpty(ListItem.Year)</visible>
	</control>
	<control type="label">
		<left>0</left>
		<right>50</right>
		<align>right</align>
		<font>font45_title</font>
		<textcolor>black</textcolor>
		<label>$INFO[ListItem.Year]</label>
	</control>
	<control type="image">
		<right>0</right>
		<top>15</top>
		<width>35</width>
		<height>35</height>
		<texture colordiffuse="black">$VAR[ListWatchedIconVar]</texture>
		<visible>![String.Contains(ListItem.Label,חיפוש) | String.Contains(ListItem.Label,עמוד הבא)]</visible>
	</control>
	<control type="image">
		<top>10</top>
		<left>40</left>
		<width>55</width>
		<height>55</height>
		<texture colordiffuse="black">icons/back.png</texture>
		<visible>String.IsEqual(ListItem.Label,..)</visible>
	</control>
	</control>
	</focusedlayout>
	</control>
	</include>
	
	<include name="ContainerRightInfoLabel">
	<control type="group">
	<visible>Container.Content(movies) | Container.Content(tvshows) | Container.Content(seasons) | Container.Content(episodes)</visible>
	<visible>![String.Contains(Container.FolderPath,idanplus) | String.Contains(Container.FolderPath,telemedia)]</visible>
	<control type="grouplist">
	<visible>Control.IsVisible(516)</visible>
	<visible>Integer.IsGreater(Container(516).NumItems,0) + !Container(516).IsUpdating</visible>
	<visible>String.IsEqual(ListItem.DBTYPE,movie) | String.IsEqual(ListItem.DBTYPE,tvshow) | String.IsEqual(ListItem.DBTYPE,season)</visible>
	<visible>!String.Contains(Container.FolderPath,idanplus)</visible>
	<visible>Integer.IsGreater(Container(516).NumItems,0) + !Container(516).IsUpdating</visible>
	<orientation>vertical</orientation>
	<animation condition="Window.IsActive(1323)" effect="fade" start="100" end="20" time="250">Conditional</animation>
	<top>140</top>
	<bottom>40</bottom>
	<right>20</right>
	<left>880</left>
	<itemgap>10</itemgap>
		<control type="image">
			<align>right</align>
			<height max="550">550</height>
			<fadetime>250</fadetime>
			<texture diffuse="masks/landscape-2.png">$INFO[ListItem.Art(landscape)]</texture>
			<visible>!String.IsEmpty(ListItem.Art(landscape)</visible>
		</control>
		<control type="image">
			<align>right</align>
			<height max="550">550</height>
			<fadetime>250</fadetime>
			<texture diffuse="masks/landscape-2.png">$INFO[ListItem.Art(fanart)]</texture>
			<visible>!String.IsEmpty(ListItem.Art(fanart) + String.IsEmpty(ListItem.Art(landscape)</visible>
		</control>
		<control type="label">
			<align>right</align>
			<height max="35">auto</height>
			<textcolor>red</textcolor>
			<label>$VAR[duration_fix, אורך: , [COLOR burlywood]-[/COLOR]]$INFO[ListItem.Premiered , תאריך שחרור: ]</label>
			<visible>Container.Content(movies)</visible>
		</control>
		<control type="label">
			<align>right</align>
			<font>font22_title</font>
			<height max="35">auto</height>
			<label>$VAR[NextAiredDayLabel,הפרק האחרון שודר בתאריך: ] - $INFO[ListItem.Property(Next_Aired.Episode),פרק: ] $INFO[ListItem.Property(Next_Aired.Season), עונה: ] - $INFO[ListItem.Property(Next_Aired), בתאריך: ]</label>
			<textcolor>red</textcolor>
			<visible>String.IsEqual(ListItem.DBTYPE,tvshow)</visible>
			<visible>!String.IsEmpty(ListItem.Property(Next_Aired.Short)</visible>
		</control>
		<control type="label">
			<align>right</align>
			<font>font22_title</font>
			<height max="35">auto</height>
			<label>$VAR[NextAiredDayLabel,הפרק הבא ישודר בתאריך: ] - $INFO[ListItem.Property(Next_Aired.Episode),פרק: ] $INFO[ListItem.Property(Next_Aired.Season), עונה: ] - $INFO[ListItem.Property(Next_Aired), בתאריך: ]</label>
			<textcolor>red</textcolor>
			<visible>String.IsEqual(ListItem.DBTYPE,season)</visible>
			<visible>!String.IsEmpty(ListItem.Property(Next_Aired.Short)</visible>
		</control>
		<control type="label">
			<align>right</align>
			<font>font22_title</font>
			<height max="35">auto</height>
			<label>$INFO[ListItem.Property(Creator),[COLOR white][B]יוצר/י התוכנית:[/COLOR][/B] ]</label>
			<textcolor>burlywood</textcolor>
			<visible>String.IsEqual(ListItem.DBTYPE,tvshow) | String.IsEqual(ListItem.DBTYPE,season) | String.IsEqual(ListItem.DBTYPE,episode)</visible>
			<visible>!String.IsEmpty(ListItem.Property(Creator))</visible>
		</control>
		<control type="label">
			<align>right</align>
			<height max="35">35</height>
			<font>font22_title</font>
			<textcolor>burlywood</textcolor>
			<label>$VAR[SetYearRange] $INFO[Control.GetLabel(55006),[B][COLOR white]עונות בסדרה:[/B][/COLOR] ]</label>
			<visible>Container.Content(tvshows)</visible>
		</control>	
		<control type="label">
			<align>right</align>
			<height max="35">35</height>
			<font>font22_title</font>
			<label>$INFO[ListItem.EndTimeResume,[COLOR red]התוכן יסתיים מהנקודה שבו הפסקת בשעה:[/COLOR] , [COLOR burlywood]-[/COLOR] ,] $INFO[ListItem.EndTime,[COLOR red]בצפיה מחדש הסיום בשעה:[/COLOR] ]</label>
			<visible>!String.IsEmpty(ListItem.EndTimeResume)</visible>
			<visible>ListItem.IsResumable</visible>
		</control>
		<control type="label">
			<align>right</align>
			<font>font22_title</font>
			<height max="35">auto</height>
			<label>$VAR[SetHebStatus]</label>
			<visible>String.IsEqual(ListItem.DBTYPE,tvshow) | String.IsEqual(ListItem.DBTYPE,season)</visible>
		</control>
		<control type="label">
			<align>right</align>
			<font>font40_title</font>
			<height max="45">auto</height>
			<label>$INFO[ListItem.Label] $INFO[ListItem.Year,(,)]</label>
		</control>
		<control type="label">
			<align>right</align>
			<font>font32_title</font>
			<height max="32">auto</height>
			<textcolor>burlywood</textcolor>
			<label>$INFO[ListItem.Genre]</label>
		</control>
		<control type="group">
		<height>25</height>
		<visible>!Integer.IsEqual(ListItem.PercentPlayed,0)</visible>
		<control type="progress">
			<top>15</top>
			<align>right</align>
			<width>800</width>
			<height>15</height>
			<right>0</right>
			<info>ListItem.PercentPlayed</info>
		</control>
		<control type="label">
			<top>8</top>
			<height>15</height>
			<font>font20_title</font>
			<align>right</align>
			<right>800</right>
			<label>$INFO[ListItem.PercentPlayed]% </label>
		</control>
		</control>
		<control type="textbox">
			<align>right</align>
			<font>font37</font>
			<height max="auto">auto</height>
			<label>$INFO[ListItem.Plot]</label>
		</control>
	</control>
		
	<control type="grouplist">
	<visible>Control.IsVisible(516)</visible>
	<visible>Integer.IsGreater(Container(516).NumItems,0) + !Container(516).IsUpdating</visible>
	<visible>String.IsEqual(ListItem.DBTYPE,episode)</visible>
	<visible>![String.Contains(Container.FolderPath,idanplus) | String.Contains(Container.FolderPath,telemedia)]</visible>
	<visible>Integer.IsGreater(Container(516).NumItems,0) + !Container(516).IsUpdating</visible>
	<orientation>vertical</orientation>
	<animation condition="Window.IsActive(1323)" effect="fade" start="100" end="20" time="250">Conditional</animation>
	<top>140</top>
	<bottom>40</bottom>
	<right>20</right>
	<left>880</left>
	<itemgap>8</itemgap>
		<control type="image">
			<align>right</align>
			<height max="550">550</height>
			<fadetime>250</fadetime>
			<texture diffuse="masks/landscape-2.png">$INFO[ListItem.Icon]</texture>
		</control>
		<control type="label">
			<align>right</align>
			<height max="35">auto</height>
			<textcolor>red</textcolor>
			<label>$VAR[duration_fix, אורך: , [COLOR burlywood]-[/COLOR]]$INFO[ListItem.Premiered , תאריך שחרור: ]</label>
			<visible>Container.Content(episodes)</visible>
		</control>
		<control type="label">
			<align>right</align>
			<height max="35">35</height>
			<font>font22_title</font>
			<label>$INFO[ListItem.EndTimeResume,[COLOR red]התוכן יסתיים מהנקודה שבו הפסקת בשעה:[/COLOR] , [COLOR burlywood]-[/COLOR] ,] $INFO[ListItem.EndTime,[COLOR red]בצפיה מחדש הסיום בשעה:[/COLOR] ]</label>
			<visible>!String.IsEmpty(ListItem.EndTimeResume)</visible>
			<visible>ListItem.IsResumable</visible>
		</control>
		<control type="label">
			<align>right</align>
			<font>font22_title</font>
			<height max="35">auto</height>
			<label>$VAR[SetHebStatus]</label>
		</control>
		<control type="label">
			<align>right</align>
			<font>font40_title</font>
			<height max="45">auto</height>
			<label>$INFO[ListItem.Label] $INFO[ListItem.Year,(,)]</label>
		</control>
		<control type="label">
			<align>right</align>
			<font>font32_title</font>
			<height max="30">auto</height>
			<textcolor>burlywood</textcolor>
			<label>$INFO[ListItem.Genre]</label>
		</control>
	<control type="group">
		<height>25</height>
		<visible>!Integer.IsEqual(ListItem.PercentPlayed,0)</visible>
		<control type="progress">
			<top>15</top>
			<align>right</align>
			<width>800</width>
			<height>15</height>
			<right>0</right>
			<info>ListItem.PercentPlayed</info>
		</control>
		<control type="label">
			<top>8</top>
			<height>15</height>
			<font>font20_title</font>
			<align>right</align>
			<right>800</right>
			<label>$INFO[ListItem.PercentPlayed]% </label>
		</control>
		</control>
		<control type="textbox">
			<align>right</align>
			<font>font37</font>
			<height max="auto">auto</height>
			<label>$INFO[ListItem.Plot]</label>
		</control>
	</control>
	
	
	<control type="grouplist">
	<visible>Control.IsVisible(516)</visible>
	<visible>Integer.IsGreater(Container(516).NumItems,0) + !Container(516).IsUpdating</visible>
	<visible>![String.IsEqual(ListItem.DBTYPE,movie) | String.IsEqual(ListItem.DBTYPE,tvshow) | String.IsEqual(ListItem.DBTYPE,season) | String.IsEqual(ListItem.DBTYPE,episode)]</visible>
	<visible>!String.Contains(Container.FolderPath,telemedia)</visible>
	<visible>Integer.IsGreater(Container(516).NumItems,0) + !Container(516).IsUpdating</visible>
	<orientation>vertical</orientation>
	<animation condition="Window.IsActive(1323)" effect="fade" start="100" end="20" time="250">Conditional</animation>
	<top>140</top>
	<bottom>80</bottom>
	<right>20</right>
	<left>880</left>
	<itemgap>15</itemgap>
		<control type="image">
			<align>right</align>
			<height max="550">550</height>
			<fadetime>250</fadetime>
			<texture diffuse="masks/landscape-2.png">$INFO[ListItem.Art(landscape)]</texture>
			<visible>!String.IsEmpty(ListItem.Art(landscape)</visible>
		</control>
		<control type="image">
			<align>right</align>
			<height max="550">550</height>
			<fadetime>250</fadetime>
			<texture diffuse="masks/landscape-2.png">$INFO[ListItem.Art(fanart)]</texture>
			<visible>!String.IsEmpty(ListItem.Art(fanart) + String.IsEmpty(ListItem.Art(landscape)</visible>
		</control>
		<control type="label">
			<align>right</align>
			<font>font45_title</font>
			<height max="50">auto</height>
			<label>$INFO[ListItem.Label] $INFO[ListItem.Year,(,)]</label>
		</control>
		<control type="label">
			<align>right</align>
			<font>font32_title</font>
			<height max="30">auto</height>
			<textcolor>burlywood</textcolor>
			<label>$INFO[ListItem.Genre]</label>
		</control>
		<control type="textbox">
			<align>right</align>
			<font>font45</font>
			<height max="auto">auto</height>
			<label>$INFO[ListItem.Plot]</label>
		</control>
	</control>
	
	<control type="grouplist">
	<visible>Control.IsVisible(516)</visible>
	<visible>String.Contains(Container.FolderPath,youtube)</visible>
	<visible>Integer.IsGreater(Container(516).NumItems,0) + !Container(516).IsUpdating</visible>
	<orientation>vertical</orientation>
	<animation condition="Window.IsActive(1323)" effect="fade" start="100" end="20" time="250">Conditional</animation>
	<top>140</top>
	<bottom>80</bottom>
	<right>20</right>
	<left>880</left>
	<itemgap>15</itemgap>
		<control type="image">
			<align>right</align>
			<height max="550">550</height>
			<fadetime>250</fadetime>
			<texture diffuse="masks/landscape-2.png">$INFO[ListItem.Art(landscape)]</texture>
			<visible>!String.IsEmpty(ListItem.Art(landscape)</visible>
		</control>
		<control type="image">
			<align>right</align>
			<height max="550">550</height>
			<fadetime>250</fadetime>
			<texture diffuse="masks/landscape-2.png">$INFO[ListItem.Art(fanart)]</texture>
			<visible>!String.IsEmpty(ListItem.Art(fanart) + String.IsEmpty(ListItem.Art(landscape)</visible>
		</control>
	<control type="group">
		<height>25</height>
		<visible>Integer.IsGreater(ListItem.PercentPlayed,5)</visible>
		<control type="progress">
			<top>15</top>
			<align>right</align>
			<width>800</width>
			<height>15</height>
			<right>0</right>
			<info>ListItem.PercentPlayed</info>
		</control>
		<control type="label">
			<top>8</top>
			<height>15</height>
			<font>font20_title</font>
			<align>right</align>
			<right>800</right>
			<label>$INFO[ListItem.PercentPlayed]% </label>
		</control>
		</control>
		<control type="textbox">
			<align>right</align>
			<font>font45_title</font>
			<height max="auto">auto</height>
			<label>$INFO[ListItem.Label]</label>
		</control>
		<control type="textbox">
			<align>right</align>
			<font>font45</font>
			<height max="auto">auto</height>
			<label>$INFO[ListItem.Plot]</label>
		</control>
	</control>
	</control>
	</include>

	<include name="IconSetListContainer">
	<control type="group">
	<animation condition="Window.IsActive(1323)" effect="fade" start="100" end="20" time="250">Conditional</animation>
	<visible>![String.IsEqual(ListItem.DBTYPE,movie) | String.IsEqual(ListItem.DBTYPE,tvshow) | String.IsEqual(ListItem.DBTYPE,season) | String.IsEqual(ListItem.DBTYPE,episode)]</visible>
	<visible>ListItem.IsFolder</visible>
	<visible>Control.IsVisible(516)</visible>
	<visible>![String.Contains(Container.FolderPath,telemedia) | String.Contains(Container.FolderPath,youtube) | String.Contains(Container.FolderPath,idanplus)]</visible>
	<visible>Integer.IsGreater(Container(516).NumItems,0) + !Container(516).IsUpdating</visible>
	<top>140</top>
	<bottom>40</bottom>
	<left>900</left>
	<right>420</right>
	<control type="image">
		<top>200</top>
		<align>right</align>
		<fadetime>250</fadetime>
		<height>530</height>
		<texture fallback="fallbacks/fallback1.jpg" diffuse="masks/landscape_w1140_h680.png">$INFO[ListItem.Icon]</texture>	
		<visible>Integer.IsEqual(Container(516).NumItems,7)</visible>
	</control>
	<control type="image">
		<top>100</top>
		<align>right</align>
		<fadetime>250</fadetime>
		<height>715</height>
		<texture fallback="fallbacks/fallback1.jpg" diffuse="masks/landscape_w1140_h680.png">$INFO[ListItem.Icon]</texture>	
		<visible>Integer.IsEqual(Container(516).NumItems,9)</visible>
	</control>
	<control type="image">
		<top>140</top>
		<align>right</align>
		<fadetime>250</fadetime>
		<height>715</height>
		<texture fallback="fallbacks/fallback1.jpg" diffuse="masks/landscape_w1140_h680.png">$INFO[ListItem.Icon]</texture>	
		<visible>Integer.IsGreater(Container(516).NumItems,9)</visible>
	</control>
	</control>
	<control type="group">
	<animation condition="Window.IsActive(1323)" effect="fade" start="100" end="20" time="250">Conditional</animation>
	<visible>Control.IsVisible(516)</visible>
	<top>140</top>
	<bottom>40</bottom>
	<left>880</left>
	<right>20</right>
	<control type="image">
		<align>right</align>
		<fadetime>250</fadetime>
		<texture diffuse="masks/landscape_w1140_h680.png">$INFO[ListItem.Icon]</texture>
		<visible>String.Contains(Container.FolderPath,idanplus)</visible>
	</control>
	</control>
	</include>

</includes>
