	<?xml version="1.0" encoding="UTF-8"?>
<includes>
	<include name="View_617_SimpleList">
	<control type="group">
	<visible>Control.Isvisible(617)</visible>
		<animation type="Visible">
			<effect type="fade" start="0" end="100" time="300" tween="sine" easing="out" />
			<effect type="slide" start="-50" end="0" time="400" tween="cubic" easing="out" />
		</animation>
		<animation type="Hidden">
			<effect type="fade" start="100" end="0" time="300" tween="sine" easing="out" />
			<effect type="slide" start="0" end="-50" time="400" tween="cubic" easing="out" />
		</animation>
		<include>Animation_DialogPopupOpenClose</include>
	<left>10</left>
	<top>300</top>
	<bottom>220</bottom>
		<control type="group">
		<right>920</right>
		<include>GeneralBasedBackGround</include>
		<control type="group">
		<!-- icon episode view -->
		<control type="image">
			<top>10</top>
			<left>10</left>
			<right>10</right>
			<bottom>10</bottom>
			<fadetime>250</fadetime>
			<aspectratio>keep</aspectratio>
			<texture>$VAR[SetAllImages]</texture>
			<visible>!String.IsEqual(ListItem.DBTYPE,episode)</visible>
		</control>
		<control type="image">
			<top>10</top>
			<left>10</left>
			<right>10</right>
			<bottom>10</bottom>
			<fadetime>250</fadetime>
			<aspectratio>keep</aspectratio>
			<texture>$INFO[ListItem.Icon]</texture>
			<visible>String.IsEqual(ListItem.DBTYPE,episode)</visible>
		</control>
		<control type="image">
			<top>10</top>
			<left>10</left>
			<right>10</right>
			<bottom>10</bottom>
			<fadetime>250</fadetime>
			<texture>https://cdn.pixabay.com/photo/2024/06/30/10/28/sky-8862862_1280.png</texture>
			<visible>String.IsEqual(ListItem.Label,..)</visible>
			<visible>!Window.IsActive(busydialog) + !Container(617).IsUpdating</visible>
		</control>
		<control type="image">
			<top>565</top>
			<left>0</left>
			<right>0</right>
			<bottom>5</bottom>
			<fadetime>250</fadetime>
			<height>280</height>
			<texture diffuse="thumbs/thumb_diffuse.png" flipy="true">https://cdn.pixabay.com/photo/2024/06/30/10/28/sky-8862862_1280.png</texture>
			<visible>String.IsEqual(ListItem.Label,..)</visible>
			<visible>!Window.IsActive(busydialog) + !Container(617).IsUpdating</visible>
		</control>		
		</control>
		</control>
		
		<!-- show seasons and episodes in the buttom of episodes lists -->
		<include content="SeasonsEpsiodesVideoNav">
		<param name="itemnumber" value="2"/>
		<param name="top" value="572"/>
		</include>
			
		
	<control type="fixedlist" id="617">
	<!-- <visible>![Container.Content(movies) | Container.Content(tvshows) | Container.Content(seasons) | Container.Content(episodes)]</visible> -->
	<left>995</left>
	<onleft>9000</onleft>
	<orientation>vertical</orientation>
	<scrolltime tween="cubic">550</scrolltime>
	<focusposition>3</focusposition>
	<viewtype label="simplelist">simplelist</viewtype>
	<movement>3</movement>
	<ondown>false</ondown>
	<onup>false</onup>
	<include>WidgetDetailsOnRight</include>
	<include content="mainhomewidget">
	<param name="itemlayoutwidth" value="910"/>
	<param name="focusedlayoutidletmewidth" value="910"/>
	<param name="list_id" value="617"/>
	</include>
	</control>
	</control>
	</include>
	
	
		<include name="MiniVideoBottom">
		<param name="top" default="680"/>
		<param name="left" default="80"/>
		<definition>
		<control type="group">
		<top>$PARAM[top]</top>
		<left>$PARAM[left]</left>
		<width>350</width>
		<height>220</height>
		<include>OpenClose_NoFadeSlide_Left</include>
		<visible>Player.HasVideo</visible>
		<visible>Skin.HasSetting(minivideplayed)</visible>
		<visible>$PARAM[visible]</visible>
			<control type="image">
			<right>0</right>
			<left>-6</left>
			<top>10</top>
			<bottom>0</bottom>
			<width>368</width>
			<height>200</height>
			<texture colordiffuse="black">colors/white.png</texture>
			</control>
			<control type="image">
				<width>368</width>
				<height>200</height>
				<right>0</right>
				<left>-6</left>
				<top>10</top>
				<bottom>0</bottom>
				<texture border="8" background="true" infill="true" colordiffuse="gray">masks/box21.png</texture>
			</control>
			<control type="VideoWindow">
			<left>0</left>
			<right>0</right>
			<bottom>20</bottom>
			<top>20</top>
			<aspectratio scalediffuse="false">keep</aspectratio>
			</control>
		</control>
		</definition>
	</include>

	
	<include name="SetStatusInfo2">
	<control type="group">
	<animation condition="Control.HasFocus(5000018)" effect="zoom" center="70%,50%" start="100,100" end="120,120" time="250">Conditional</animation>
		<left>300</left>
		<right>300</right>
		<top>200</top>
		<bottom>200</bottom>
	<visible allowhiddenfocus="true">Control.HasFocus(5000018) | Control.HasFocus(500014) | Control.HasFocus(3001)</visible>
	<control type="image">
		<left>-2</left>
		<top>-2</top>
		<right>-2</right>
		<bottom>-2</bottom>
	<texture colordiffuse="button_focus">masks/dialog-bg-large.png</texture>
	</control>
	<control type="image">
		<left>0</left>
		<top>0</top>
		<right>0</right>
		<bottom>0</bottom>
		<texture colordiffuse="black">masks/dialog-bg-large.png</texture>
	</control>
	<control type="button" id="5000018">
		<left>-2000</left>
		<top>-2000</top>
		<width>6000</width>
		<height>6000</height>
		<texturefocus />
		<texturenofocus />
		<onright>Control.SetFocus(500014)</onright>
		<onleft>Control.SetFocus(500014)</onleft>
		<onback>500014</onback>
		<ondown>617</ondown>
		<onup>617</onup>
	</control>
	<control type="button" id="500014">
		<left>-2000</left>
		<top>-2000</top>
		<width>6000</width>
		<height>6000</height>
		<texturefocus />
		<texturenofocus />
		<onright>Control.SetFocus(5000018)</onright>
		<ondown>Control.SetFocus(3001)</ondown>
		<onup>Control.SetFocus(3001)</onup>
		<onback>617</onback>
	</control>
	<control type="scrollbar" id="3001">
		<onback>617</onback>
		<include>HiddenObject</include>
		<ondown>3001</ondown>
		<onup>3001</onup>
	</control>
		<control type="button">
			<centerleft>50%</centerleft>
			<top>-35</top>
			<width>48</width>
			<height>20</height>
			<texturefocus colordiffuse="button_focus" flipy="true">overlays/arrowdown.png</texturefocus>
			<texturenofocus colordiffuse="button_focus" flipy="true">overlays/arrowdown.png</texturenofocus>
			<onclick>SetFocus(3000)</onclick>
			<onclick>Up</onclick>
		</control>
		<control type="button">
			<centerleft>50%</centerleft>
			<top>700</top>
			<width>48</width>
			<height>20</height>
			<onclick>SetFocus(3000)</onclick>
			<onclick>Down</onclick>
			<texturefocus colordiffuse="button_focus">overlays/arrowdown.png</texturefocus>
			<texturenofocus colordiffuse="button_focus">overlays/arrowdown.png</texturenofocus>
		</control>
	<control type="grouplist" id="3001">
	<left>40</left>
	<top>15</top>
	<right>40</right>
	<bottom>15</bottom>
	<aligny>center</aligny>
	<orientation>vertical</orientation>
	<itemgap>15</itemgap>
	<pagecontrol>3001</pagecontrol>
		<control type="label">
			<align>right</align>
			<height max="35">auto</height>
			<textcolor>red</textcolor>
			<font>font37</font>
			<label>$VAR[duration_fix,אורך: , [COLOR burlywood]-[/COLOR]]$INFO[ListItem.Premiered , תאריך שחרור: ]</label>
			<visible>Container.Content(movies)</visible>
		</control>
		<control type="label">
			<align>right</align>
			<font>font37</font>
			<height max="35">auto</height>
			<label>הפרק האחרון $INFO[ListItem.Property(Next_Aired.Episode),פרק] - $INFO[ListItem.Property(Next_Aired.Season),עונה] - $INFO[ListItem.Property(Next_Aired), שוחרר בתאריך: ] - $VAR[NextAiredDayLabel,ב]</label>
			<textcolor>red</textcolor>
			<visible>String.IsEqual(ListItem.DBTYPE,tvshow)</visible>
			<visible>!String.IsEmpty(ListItem.Property(Next_Aired.Short)</visible>
		</control>
		<control type="label">
			<align>right</align>
			<font>font37</font>
			<height max="35">auto</height>
			<label>$VAR[NextAiredDayLabel,הפרק הבא ישודר בתאריך: ] - $INFO[ListItem.Property(Next_Aired.Episode),פרק: ] $INFO[ListItem.Property(Next_Aired.Season), עונה: ] - $INFO[ListItem.Property(Next_Aired), בתאריך: ]</label>
			<textcolor>red</textcolor>
			<visible>String.IsEqual(ListItem.DBTYPE,season)</visible>
			<visible>!String.IsEmpty(ListItem.Property(Next_Aired.Short)</visible>
		</control>
		<control type="label">
			<align>right</align>
			<font>font37</font>
			<height max="35">auto</height>
			<label>$INFO[ListItem.Property(Creator),[COLOR white][B]יוצר/י התוכנית:[/COLOR][/B] ]</label>
			<textcolor>burlywood</textcolor>
			<visible>String.IsEqual(ListItem.DBTYPE,tvshow) | String.IsEqual(ListItem.DBTYPE,season) | String.IsEqual(ListItem.DBTYPE,episode)</visible>
			<visible>!String.IsEmpty(ListItem.Property(Creator))</visible>
		</control>
		<control type="label">
			<align>right</align>
			<height max="35">auto</height>
			<font>font37</font>
			<textcolor>burlywood</textcolor>
			<label>$VAR[SetYearRange] $INFO[Control.GetLabel(55006),[B][COLOR white]עונות בסדרה:[/B][/COLOR] ]</label>
			<visible>Container.Content(tvshows)</visible>
		</control>	
		<control type="textbox">
			<align>right</align>
			<height max="95">auto</height>
			<font>font37</font>
			<label>$INFO[ListItem.EndTimeResume,[COLOR burlywood]התוכן יסתיים מהנקודה שבו הפסקת בשעה[/COLOR] , [COLOR burlywood]-[/COLOR] ,] $INFO[ListItem.EndTime,[COLOR burlywood]בצפיה מחדש הסיום יהיה בשעה[/COLOR] ] [COLOR burlywood]-[/COLOR] $INFO[ListItem.PercentPlayed,[COLOR burlywood]צפית ב:[/COLOR] ]% [COLOR burlywood]מהתוכנית[/COLOR]</label>
			<visible>!String.IsEmpty(ListItem.EndTimeResume)</visible>
			<visible>ListItem.IsResumable</visible>
		</control>
		<control type="textbox">
			<align>right</align>
			<font>font37</font>
			<height max="92">auto</height>
			<label>$INFO[ListItem.Studio,[COLOR button_focus]רשת: [/COLOR], [COLOR deeppink]•[/COLOR]] $VAR[SetHebStatus]</label>
			<visible>String.IsEqual(ListItem.DBTYPE,tvshow) | String.IsEqual(ListItem.DBTYPE,season)</visible>
		</control>
		<control type="textbox">
			<align>right</align>
			<font>font37</font>
			<height max="85">auto</height>
			<label>$INFO[ListItem.Premiered,[COLOR button_focus]שוחרר בתאריך: [/COLOR], [COLOR deeppink]•[/COLOR]] $VAR[CheckTotalEpisodes] $VAR[CheckUnWatchedTotalEpisodes] $VAR[CheckWatchedTotalEpisodes]</label>
		</control>
		<control type="textbox">
			<align>right</align>
			<font>font37</font>
			<height max="45">auto</height>
			<label>$INFO[ListItem.Episode,תקציר לפרק ]</label>
			<visible>String.IsEqual(ListItem.DBTYPE,episode)</visible>
		</control>
		<control type="label">
			<align>right</align>
			<font>font40_title</font>
			<height max="45">auto</height>
			<label>$INFO[ListItem.Label] $INFO[ListItem.Year,(,)]</label>
		</control>
		<control type="label">
			<align>right</align>
			<font>font32_title</font>
			<height max="32">auto</height>
			<textcolor>burlywood</textcolor>
			<label>$INFO[ListItem.Genre]</label>
		</control>
		<control type="group">
		<height>25</height>
		<visible>!Integer.IsEqual(ListItem.PercentPlayed,0)</visible>
		<control type="progress">
			<top>15</top>
			<align>right</align>
			<width>800</width>
			<height>15</height>
			<right>0</right>
			<info>ListItem.PercentPlayed</info>
		</control>
		<control type="label">
			<top>8</top>
			<height>15</height>
			<font>font20_title</font>
			<align>right</align>
			<right>800</right>
			<label>$INFO[ListItem.PercentPlayed]% </label>
		</control>
		</control>
		<control type="textbox">
			<align>right</align>
			<font>font45</font>
			<height max="auto">auto</height>
			<label>$INFO[ListItem.Plot]</label>
		</control>
	</control>
	</control>
	
		<control type="group">
		<top>170</top>
		<height>50</height>
			<control type="label">
			<align>center</align>
			<font>font45_title</font>
			<visible>String.Contains(Container(617).ListItem.Label,mp4) | String.Contains(Container(617).ListItem.Label,mkv) | String.Contains(Container(617).ListItem.Label,MP4) | String.Contains(Container(617).ListItem.Label,Mp4) | String.Contains(Container(617).ListItem.Label,MKV)</visible>
			<label>לפניך מספר מקורות לבחירה לניגון התוכן</label>
			<animation effect="fade" start="0" end="500" time="400">VisibleChange</animation>
		</control>
		</control>
		
	</include>
	
</includes>
