<?xml version="1.0" encoding="UTF-8"?>
<includes>
	<include name="View_53_Shift">
		<control type="group">
			<description>Poster Viewtype</description>
			<centertop>55%</centertop>
			<left>0</left>
			<height>880</height>
			<control type="group">
				<visible>Control.IsVisible(53)</visible>
				<animation effect="fade" start="0" end="100" time="350">WindowOpen</animation>
				<animation effect="fade" start="100" end="0" time="350">WindowClose</animation>
				<animation effect="slide" start="0,-550" end="0,0" time="350" tween="sine" easing="inout">Visible</animation>
				<animation effect="slide" start="0,0" end="0,-550" time="350" tween="sine" easing="inout">Hidden</animation>
				<animation effect="fade" time="350">VisibleChange</animation>
				<!-- <control type="image">
					<left>0</left>
					<top>760</top>
					<width>100%</width>
					<height>110</height>
					<texture colordiffuse="button_focus2">dialogs/dialog-bg-nobo.png</texture>
				</control>
				<control type="image">
					<left>0</left>
					<top>35</top>
					<width>100%</width>
					<height>190</height>
					<texture colordiffuse="button_focus2">dialogs/dialog-bg-nobo.png</texture>
				</control> -->
			</control>
			<control type="group">
				<visible>Control.IsVisible(53)</visible>
				<include>Visible_Right</include>
				<include>OpenClose_Right</include>
				<top>160</top>
						<control type="image">
						<left>775</left>
						<top>600</top>
						<width>340</width>
						<height>110</height>
						<visible>Control.HasFocus(53)</visible>
						<animation effect="fade" time="200">VisibleChange</animation>
						<texture colordiffuse="button_focus">masks/categorywidget.png</texture>
						<animation effect="slide" start="0,0" end="-460,0" time="300" tween="sine" easing="inout" condition="Integer.IsEqual(Container.Position,0) | Integer.IsEqual(Container.Position,0)">Conditional</animation>
						<animation effect="slide" start="0,0" end="-258,0" time="300" tween="sine" easing="inout" condition="Integer.IsEqual(Container.Position,1) | Integer.IsEqual(Container.Position,0)">Conditional</animation>
						<animation effect="slide" start="0,0" end="210,0" time="300" tween="sine" easing="inout" condition="Integer.IsEqual(Container.Position,2) | Integer.IsEqual(Container.Position,2)">Conditional</animation>
						<animation effect="slide" start="0,0" end="684,0" time="300" tween="sine" easing="inout" condition="Integer.IsEqual(Container.Position,3) | Integer.IsEqual(Container.Position,3)">Conditional</animation>
						<!-- <animation effect="slide" start="0,0" end="564,0" time="300" tween="sine" easing="inout" condition="Integer.IsEqual(Container.Position,4) | Integer.IsEqual(Container.Position,4)">Conditional</animation> -->
					</control>
				<control type="fixedlist" id="53">
					<left>25</left>
					<top>0</top>
					<width>111%</width>
					<height>995</height>
					<focusposition>1</focusposition>
					<movement>2</movement>
					<pagecontrol>5199</pagecontrol>
					<scrolltime tween="cubic" easing="out">500</scrolltime>
					<orientation>horizontal</orientation>
					<visible>Container.Content(videos)</visible>
					<onleft>53</onleft>
					<onup>9000</onup>
					<ondown>5199</ondown>
					<onright>53</onright>
					<preloaditems>1</preloaditems>
					<viewtype label="31100">icon</viewtype>
					<itemlayout width="475">
					<control type="group">
					<top>100</top>
							<control type="image">
							<animation condition="true" effect="fade" end="50" time="0">Conditional</animation>
							<top>10</top>
							<width>416</width>
							<height>286</height>
							<texture diffuse="masks/landscape1.png">colors/white.png</texture>
							<colordiffuse>black</colordiffuse>
						</control>

						<!-- Widget Image -->
						<control type="image">
							<top>10</top>
							<width>416</width>
							<height>192</height>
							<texture diffuse="masks/landscapeinfo-artwork.png" fallback="$PARAM[fallback_image]" background="true">$VAR[InfoWallThumbVar]</texture>
						</control>
						<control type="image">
						<visible>!String.IsEqual(ListItem.Label,..)</visible>
							<top>200</top>
							<width>416</width>
							<height>40</height>
							<texture>colors/white.png</texture>
							<colordiffuse>black</colordiffuse>
						</control>
							<control type="progress">
							<left>25</left>
							<right>0</right>
							<top>305</top>
							<width>365</width>
							<height>12</height>
							<colordiffuse>88FFFFFF</colordiffuse>
							<visible>!String.IsEqual(ListItem.DBtype,episode) + !Integer.IsEqual(ListItem.PercentPlayed,0) + !String.IsEmpty(ListItem.PercentPlayed)</visible>
							<info>ListItem.PercentPlayed</info>
						</control>
						<control type="progress">
							<left>25</left>
							<right>0</right>
							<top>305</top>
							<width>365</width>
							<height>12</height>
							<colordiffuse>88FFFFFF</colordiffuse>
							<visible>String.IsEqual(ListItem.DBtype,episode) + !Integer.IsEqual(ListItem.Property(WatchedProgress),0)</visible>
							<info>ListItem.Property(WatchedProgress)</info>
						</control>
						<control type="label">
						<visible>!String.IsEqual(ListItem.Label,..)</visible>
							<left>148</left>
							<top>206</top>
							<width>260</width>
							<label fallback="n/a">$INFO[ListItem.Rating]</label>
							<font>font20_title</font>
							<shadowcolor>text_shadow</shadowcolor>
							<align>right</align>
						</control>
						<control type="label">
						<visible>!String.IsEqual(ListItem.Label,..) + $EXP[resumable]</visible>
						<visible>!ListItem.IsFolder</visible>
							<left>5</left>
							<top>206</top>
							<width>260</width>
							<label fallback="n/a">$INFO[ListItem.Studio]</label>
							<font>font20_title</font>
							<shadowcolor>text_shadow</shadowcolor>
							<align>left</align>
						</control>
						<control type="label">
							<left>35</left>
							<top>206</top>
							<width>100</width>
							<label>$INFO[ListItem.Property(WatchedProgress)]%</label>
							<font>font20_title</font>
							<shadowcolor>text_shadow</shadowcolor>
							<align>left</align>
							<visible>String.IsEqual(ListItem.DBtype,episode) + !Integer.IsEqual(Container($PARAM[id]).ListItem.Property(WatchedProgress),0)</visible>
						</control>
						<control type="image">
							<left>0</left>
							<top>206</top>
							<width>32</width>
							<height>32</height>
							<texture>$VAR[WallWatchedIconVar]</texture>
						</control>
						<control type="image">
						<visible>ListItem.IsFolder + !String.IsEqual(ListItem.Label,..)</visible>
							<top>210</top>
							<bottom>0</bottom>
							<left>2</left>
							<width>25</width>
							<height>25</height>
							<texture>overlays/folder.png</texture>
							<colordiffuse>white</colordiffuse>
						</control>
						<control type="label">
						<visible>ListItem.IsResumable + !Integer.IsEqual(ListItem.PercentPlayed,0) + !String.IsEmpty(ListItem.PercentPlayed)</visible>
							<scroll>false</scroll>
								<top>206</top>
								<left>35</left>
								<width>75</width>
								<height>40</height>
								<align>left</align>
								<font>font20_title</font>
								<label>[B]$INFO[ListItem.PercentPlayed]%[/B]</label>
							</control>
						<control type="label">
							<left>40</left>
							<top>230</top>
							<width>336</width>
							<height>80</height>
							<font>font12</font>
							<align>center</align>
							<aligny>center</aligny>
							<scroll>$PARAM[focused]</scroll>
							<label>$INFO[ListItem.Label]</label>
							<visible>!$PARAM[focused]</visible>
						</control>
						<control type="label">
							<left>40</left>
							<top>230</top>
							<width>336</width>
							<height>80</height>
							<font>font12</font>
							<align>center</align>
							<aligny>center</aligny>
							<scroll>!$PARAM[focused]</scroll>
							<label>$INFO[ListItem.Label]</label>
							<visible>$PARAM[focused]</visible>
						</control>
						<control type="group">
							<visible>!Window.IsActive(videos)</visible>
							<control type="label">
								<left>11%</left>
								<top>227</top>
								<width>90%</width>
								<label>$PARAM[sub_label]</label>
								<font>font12</font>
								<shadowcolor>text_shadow</shadowcolor>
								<scroll>$PARAM[focused]</scroll>
								<align>center</align>
							</control>
							<control type="label">
								<left>11%</left>
								<top>257</top>
								<width>90%</width>
								<label>$PARAM[main_label]</label>
								<font>font10</font>
								<shadowcolor>text_shadow</shadowcolor>
								<scroll>$PARAM[focused]</scroll>
								<align>center</align>
							</control>
						</control>
						<control type="textbox">
							<left>20</left>
							<top>510</top>
							<width>330</width>
							<height>95</height>
							<align>center</align>
							<aligny>center</aligny>
							<label>[COLOR yellow]$INFO[ListItem.Label][/COLOR]</label>
							<autoscroll time="3000" delay="3000" repeat="3000">False</autoscroll>
						</control>
						</control>
					</itemlayout>
					<focusedlayout width="475">
					<control type="group">
					<top>100</top>
							<control type="image">
							<animation condition="true" effect="fade" end="50" time="0">Conditional</animation>
							<top>10</top>
							<width>416</width>
							<height>286</height>
							<texture diffuse="masks/landscape1.png">colors/white.png</texture>
							<colordiffuse>black</colordiffuse>
						</control>

						<!-- Widget Image -->
						<control type="image">
							<top>10</top>
							<width>416</width>
							<height>192</height>
							<texture diffuse="masks/landscapeinfo-artwork.png" fallback="$PARAM[fallback_image]" background="true">$VAR[InfoWallThumbVar]</texture>
						</control>
						<control type="image">
						<visible>!String.IsEqual(ListItem.Label,..)</visible>
							<top>200</top>
							<width>416</width>
							<height>40</height>
							<texture>colors/white.png</texture>
							<colordiffuse>black</colordiffuse>
						</control>
							<control type="progress">
							<left>25</left>
							<right>0</right>
							<top>305</top>
							<width>365</width>
							<height>12</height>
							<colordiffuse>88FFFFFF</colordiffuse>
							<visible>!String.IsEqual(ListItem.DBtype,episode) + !Integer.IsEqual(ListItem.PercentPlayed,0) + !String.IsEmpty(ListItem.PercentPlayed)</visible>
							<info>ListItem.PercentPlayed</info>
						</control>
						<control type="progress">
							<left>25</left>
							<right>0</right>
							<top>305</top>
							<width>365</width>
							<height>12</height>
							<colordiffuse>88FFFFFF</colordiffuse>
							<visible>String.IsEqual(ListItem.DBtype,episode) + !Integer.IsEqual(ListItem.Property(WatchedProgress),0)</visible>
							<info>ListItem.Property(WatchedProgress)</info>
						</control>
						<control type="label">
						<visible>!String.IsEqual(ListItem.Label,..)</visible>
							<left>148</left>
							<top>206</top>
							<width>260</width>
							<label fallback="n/a">$INFO[ListItem.Rating]</label>
							<font>font20_title</font>
							<shadowcolor>text_shadow</shadowcolor>
							<align>right</align>
						</control>
						<control type="label">
						<visible>!String.IsEqual(ListItem.Label,..) + $EXP[resumable]</visible>
						<visible>!ListItem.IsFolder</visible>
							<left>5</left>
							<top>206</top>
							<width>260</width>
							<label fallback="n/a">$INFO[ListItem.Studio]</label>
							<font>font20_title</font>
							<shadowcolor>text_shadow</shadowcolor>
							<align>left</align>
						</control>
						<control type="label">
							<left>35</left>
							<top>206</top>
							<width>100</width>
							<label>$INFO[ListItem.Property(WatchedProgress)]%</label>
							<font>font20_title</font>
							<shadowcolor>text_shadow</shadowcolor>
							<align>left</align>
							<visible>String.IsEqual(ListItem.DBtype,episode) + !Integer.IsEqual(Container($PARAM[id]).ListItem.Property(WatchedProgress),0)</visible>
						</control>
						<control type="image">
							<left>0</left>
							<top>206</top>
							<width>32</width>
							<height>32</height>
							<texture>$VAR[WallWatchedIconVar]</texture>
						</control>
						<control type="image">
						<visible>ListItem.IsFolder + !String.IsEqual(ListItem.Label,..)</visible>
							<top>210</top>
							<bottom>0</bottom>
							<left>2</left>
							<width>25</width>
							<height>25</height>
							<texture>overlays/folder.png</texture>
							<colordiffuse>white</colordiffuse>
						</control>
						<control type="label">
						<visible>ListItem.IsResumable + !Integer.IsEqual(ListItem.PercentPlayed,0) + !String.IsEmpty(ListItem.PercentPlayed)</visible>
							<scroll>false</scroll>
								<top>206</top>
								<left>35</left>
								<width>75</width>
								<height>40</height>
								<align>left</align>
								<font>font20_title</font>
								<label>[B]$INFO[ListItem.PercentPlayed]%[/B]</label>
							</control>
						<control type="label">
							<left>40</left>
							<top>230</top>
							<width>336</width>
							<height>80</height>
							<font>font12</font>
							<align>center</align>
							<aligny>center</aligny>
							<scroll>$PARAM[focused]</scroll>
							<label>$INFO[ListItem.Label]</label>
							<visible>!$PARAM[focused]</visible>
						</control>
						<control type="label">
							<left>40</left>
							<top>230</top>
							<width>336</width>
							<height>80</height>
							<font>font12</font>
							<align>center</align>
							<aligny>center</aligny>
							<scroll>!$PARAM[focused]</scroll>
							<label>$INFO[ListItem.Label]</label>
							<visible>$PARAM[focused]</visible>
						</control>
						<control type="group">
							<visible>!Window.IsActive(videos)</visible>
							<control type="label">
								<left>11%</left>
								<top>227</top>
								<width>90%</width>
								<label>$PARAM[sub_label]</label>
								<font>font12</font>
								<shadowcolor>text_shadow</shadowcolor>
								<scroll>$PARAM[focused]</scroll>
								<align>center</align>
							</control>
							<control type="label">
								<left>11%</left>
								<top>257</top>
								<width>90%</width>
								<label>$PARAM[main_label]</label>
								<font>font10</font>
								<shadowcolor>text_shadow</shadowcolor>
								<scroll>$PARAM[focused]</scroll>
								<align>center</align>
							</control>
						</control>

						<control type="textbox">
							<left>20</left>
							<top>510</top>
							<width>330</width>
							<height>95</height>
							<align>center</align>
							<aligny>center</aligny>
							<label>[COLOR yellow]$INFO[ListItem.Label][/COLOR]</label>
							<autoscroll time="3000" delay="3000" repeat="3000">True</autoscroll>
						</control>

						</control>

					</focusedlayout>
				</control>
			</control>
			<include>ShiftTextbox</include>
			<control type="group">
				<visible>Control.IsVisible(53)</visible>
				<include>Visible_Right</include>
				<include>OpenClose_Right</include>
				<control type="panel">
					<left>20</left>
					<top>48</top>
					<width>1880</width>
					<height>180</height>
					<orientation>horizontal</orientation>
					<visible>ListItem.IsCollection</visible>
					<animation effect="fade" time="200">VisibleChange</animation>
					<focusedlayout height="40" width="628">
						<control type="label">
							<textoffsetx>10</textoffsetx>
							<height>40</height>
							<width>628</width>
							<aligny>center</aligny>
							<label>$INFO[ListItem.Year,[COLOR button_focus],[/COLOR]  -  ]$INFO[ListItem.Title]</label>
							<shadowcolor>text_shadow</shadowcolor>
						</control>
					</focusedlayout>
					<itemlayout height="40" width="628">
						<control type="label">
							<textoffsetx>10</textoffsetx>
							<height>40</height>
							<width>628</width>
							<aligny>center</aligny>
							<label>$INFO[ListItem.Year,[COLOR button_focus],[/COLOR]  -  ]$INFO[ListItem.Title]</label>
							<shadowcolor>text_shadow</shadowcolor>
						</control>
					</itemlayout>
					<content sortby="year" sortorder="ascending">$VAR[InfoListPathVar]</content>
				</control>
			</control>
		</control>
	</include>
	<include name="ShiftTextbox">
		<control type="group">
		<animation effect="slide" start="0,-550" end="0,0" time="250" tween="sine" easing="inout">WindowOpen</animation>
		<animation effect="slide" start="0,0" end="0,-550" time="250" tween="sine" easing="inout">WindowClose</animation>
		<animation effect="slide" start="0,-550" end="0,0" time="250" tween="sine" easing="inout">Visible</animation>
		<animation effect="slide" start="0,0" end="0,-550" time="250" tween="sine" easing="inout">Hidden</animation>
		<top>-165</top>
		<left>25</left>
		<height>350</height>
		<visible>Control.IsVisible(53)</visible>
			<control type="image">
				<top>0</top>
				<left>0</left>
				<width>350</width>
				<height>350</height>
				<texture>$INFO[ListItem.Icon]</texture>
			</control>
			<control type="textbox">
			<top>65</top>
				<left>20%</left>
				<right>30</right>
				<align>left</align>
				<aligny>center</aligny>
				<width>35%</width>
				<label>$INFO[ListItem.Plot]</label>
				<shadowcolor>text_shadow</shadowcolor>
				<bottom>35</bottom>
				<autoscroll fade="5000" time="5000" repeat="5000">true</autoscroll>
			</control>
			<control type="textbox">
				<top>65</top>
				<left>65%</left>
				<right>20</right>
				<align>left</align>
				<aligny>center</aligny>
				<label>$INFO[ListItem.Label,[COLOR button_focus][B]• [/B][/COLOR] [B]כותרת - [/B] ] $INFO[ListItem.Duration(hh:mm:ss),[COLOR button_focus][B]• [/B][/COLOR] [B]זמן - [/B] ] $INFO[ListItem.Premiered,[COLOR button_focus][B]• [/B][/COLOR] [B]תאריך הוצאה - [/B] ] $INFO[ListItem.Year,[COLOR button_focus][B]• [/B][/COLOR] [B]שנה - [/B] ]</label>
				<shadowcolor>text_shadow</shadowcolor>
				<bottom>35</bottom>
			</control>
		</control>
	</include>
</includes>