<?xml version="1.0" encoding="UTF-8"?>
<includes>
	<include name="View_502_FanArt">
		<control type="group">
			<include>OpenClose_Left</include>
			<visible>Control.IsVisible(502)</visible>
			<include>Visible_Left</include>
			<include content="ListContainer">
				<param name="left" value="20" />
				<param name="right" value="1220" />
				<param name="list_id" value="502" />
				<param name="viewtype_label" value="$LOCALIZE[20445]" />
			</include>
			<include content="NextPreviousIndicator">
			<param name="indicator">HasNext</param>
			<param name="flipy">false</param>
				<include content="NextPreviousIndicator">
					<param name="indicator">HasPrevious</param>
					<param name="flipy">true</param>
				</include>
			</include>
		</control>
		<control type="group">
			<depth>DepthContentPanel</depth>
			<include>OpenClose_Right</include>
			<visible>Control.IsVisible(502)</visible>
			<include>Visible_Right</include>
			<control type="group">
				<right>-20</right>
				<width>1235</width>
				<include content="ContentPanel">
					<param name="width" value="1235" />
					<param name="left" value="0" />
					<param name="top" value="-20" />
					<param name="flipx" value="true" />
				</include>
				<control type="group">
					<control type="label">
						<top>630</top>
						<left>100</left>
						<right>0</right>
						<width>1100</width>
						<height>0</height>
						<align>right</align>
						<font>font52_title</font>
						<label>[COLOR white]$INFO[ListItem.Label][/COLOR] $INFO[ListItem.Year,([COLOR white],[/COLOR])]</label>
					</control>
				</control>
				<control type="image">
					<left>58</left>
					<right>36</right>
					<top>5</top>
					<width>1145</width>
					<height>574</height>
					<fadetime>250</fadetime>
					<texture fallback="special://skin/extras/home-images/movie.jpg" background="true">$VAR[checkiconwall]</texture>
					<!-- <aspectratio align="center" aligny="bottom">keep</aspectratio> -->
				</control>
					<control type="image">
						<left>58</left>
						<right>0</right>
						<top>580</top>
						<width>1147</width>
						<height>40</height>
						<texture background="true" infill="true">colors/white.png</texture>
						<colordiffuse>black</colordiffuse>
					</control>
					<control type="label">
						<top>585</top>
						<left>10</left>
						<right>0</right>
						<width>1185</width>
						<height>644</height>
						<bottom>0</bottom>
						<align>right</align>
						<font>font10</font>
						<label>$INFO[ListItem.RatingAndVotes]</label>
					</control>
					<control type="label">
					<visible>String.IsEqual(ListItem.DBTYPE,movie)</visible>
						<top>585</top>
						<left>65</left>
						<right>0</right>
						<width>555</width>
						<height>644</height>
						<bottom>0</bottom>
						<align>left</align>
						<font>font10</font>
						<label>$INFO[ListItem.Studio]</label>
					</control>
					<control type="label">
						<top>585</top>
						<left>65</left>
						<right>0</right>
						<width>1185</width>
						<height>644</height>
						<bottom>0</bottom>
						<align>left</align>
						<font>font10</font>
						<label>$VAR[fixseasonslabel]</label>
					</control>
					<control type="textbox">
					<visible>!String.IsEqual(System.Language,Hebrew)</visible>
						<top>710</top>
						<left>100</left>
						<right>0</right>
						<width>1100</width>
						<bottom>120</bottom>
						<align>right</align>
					<label>$VAR[PlotTextBoxVar]</label>
					<autoscroll time="3000" delay="7000" repeat="5000">!System.HasActiveModalDialog + Skin.HasSetting(AutoScroll)</autoscroll>
					</control>
					<control type="textbox">
					<visible>String.IsEqual(System.Language,Hebrew)</visible>
						<top>710</top>
						<left>100</left>
						<right>0</right>
						<width>1100</width>
						<bottom>120</bottom>
						<align>right</align>
						<label fallback="n/a">$VAR[PlotTextBoxVar]</label>
						<autoscroll time="3000" delay="7000" repeat="5000">!System.HasActiveModalDialog + Skin.HasSetting(AutoScroll)</autoscroll>
					</control>
				<control type="group">
				<animation effect="fade" end="100" delay="150" time="250">Visible</animation>
				<animation effect="fade" end="0" delay="150" time="250">Hidden</animation>
					<top>0</top>
					<left>1154</left>
					<visible>String.IsEqual(ListItem.Year,2024)</visible>
				<control type="image">
					<top>-</top>
					<left>0</left>
					<width>50</width>
					<height>80</height>
					<texture colordiffuse="black">overlays/overlaywatched.png</texture>
				</control>
				<control type="label">
					<top>-35</top>
					<left>5</left>
					<width>50</width>
					<height>120</height>
					<align>center</align>
					<aligny>center</aligny>
					<font>font20_title</font>
					<angle>-60</angle>
					<textcolor>white</textcolor>
					<label>חדש</label>
				</control>
			</control>
	
					<!--<include content="ProgressBar">
					<!-- 38 -->	
					<!--<param name="left" value="100"/>
					<param name="top" value="737"/>
					<param name="width" value="1040"/>
					</include>-->
						<control type="progress">
						<animation effect="fade" start="0" end="100" time="250">Visible</animation>
						<animation effect="fade" start="100" end="0" time="250">Hidden</animation>
							<left>60</left>
							<right>0</right>
							<top>640</top>
							<width>350</width>
							<height>12</height>
							<colordiffuse>88FFFFFF</colordiffuse>
							<visible>!Integer.IsEqual(ListItem.Property(WatchedProgress),0) + [String.IsEqual(ListItem.DBTYPE,episode) | String.IsEqual(ListItem.DBTYPE,movie)]</visible>
							<info>Container(502).ListItem.Property(WatchedProgress)</info>
						</control>
				<control type="scrollbar" id="502600">
					<left>20</left>
					<top>list_top_offset</top>
					<width>12</width>
					<bottom>list_bottom_offset</bottom>
					<onleft>502</onleft>
					<onright>502</onright>
					<orientation>vertical</orientation>
					<animation effect="zoom" end="50,100" time="300" tween="sine" center="20,0" easing="inout" condition="!Control.HasFocus(502600)">conditional</animation>
				</control>
				<control type="group">
					<left>40</left>
					<top>770</top>
					<visible>ListItem.IsCollection + String.IsEmpty(ListItem.PlotOutline) + String.IsEmpty(ListItem.Plot)</visible>
					<include content="InfoList">
						<param name="bottom" value="108" />
						<param name="width" value="1000" />
						<param name="sortby" value="year" />
						<param name="sortorder" value="ascending" />
						<param name="font" value="font13" />
					</include>
				</control>
			</control>
		</control>
	</include>
</includes>
