<?xml version="1.0" encoding="UTF-8"?>
<includes>


		<include name="View_511_PostersPanelTvshows">
	
		<control type="group">
		<visible>Control.IsVisible(511)</visible>
		<include content="newdefaultbackground">
			<param name="setrange" value="bgrange511"/>
			<param name="colordiffuse" value="false"/>
			<param name="imagepath" value="special://skin/extras/backgrounds/bg1.jpg"/>
		</include>
		</control>
	
		<control type="group">
			<include>OpenClose_Right</include>
			<left>0</left>
			<top>0</top>
			<visible>Control.IsVisible(511)</visible>
			<include>Visible_Right</include>
			<control type="panel" id="511">
			<visible>Container.Content(tvshows) | Container.Content(seasons) | Container.Content(episodes)</visible>
			<visible>!String.Contains(Container.FolderPath,idanplus)</visible>
				<left>0</left>
				<top>0</top>
				<width>100%</width>
				<height>100%</height>
				<onleft>9000</onleft>
				<onup>false</onup>
				<ondown>false</ondown>
				<focusposition>2</focusposition>
				<orientation>vertical</orientation>
				<viewtype label="Posters">List</viewtype>
				<preloaditems>2</preloaditems>
				<pagecontrol>5311</pagecontrol>
				<scrolltime tween="cubic" easing="out">500</scrolltime>
				<itemlayout width="314" height="475" condition="Container.Content(tvshows) | Container.Content(seasons)">
							<control type="group">
					<control type="image">
						<width>345</width>
						<height>485</height>
						<include>ObdShadow</include>
						</control>
					<control type="image">
						<top>40</top>
						<left>5</left>
						<height>405</height>
						<width>335</width>
						<bordertexture border="24">masks/24-shadow.png</bordertexture>
						<bordersize>24</bordersize>
						<texture fallback="fallbacks/fallback1.jpg">$INFO[ListItem.Art(poster)]</texture>
					</control>
					<control type="image">
					<visible>String.IsEmpty(ListItem.Art(poster)</visible>
						<top>40</top>
						<left>5</left>
						<height>405</height>
						<width>335</width>
						<bordertexture border="24">masks/24-shadow.png</bordertexture>
						<bordersize>24</bordersize>
						<texture fallback="fallbacks/fallback1.jpg">$INFO[ListItem.Icon]</texture>
					</control>					
					<control type="progress">
						<left>25</left>
						<top>305</top>
						<width>250</width>
						<height>1</height>
						<texturebg></texturebg>
						<midtexture colordiffuse="button_focus" border="3">progress/texturebg_alt_white.png</midtexture>
						<info>Container($PARAM[id]).ListItem.Property(WatchedProgress)</info>
						<visible>[String.IsEqual(ListItem.DBtype,movie) + !String.IsEmpty(Container($PARAM[id]).ListItem.Property(WatchedProgress)) + !Integer.IsEqual(Container($PARAM[id]).ListItem.Property(WatchedProgress),0)] | [Integer.IsGreater(Container($PARAM[id]).ListItem.Property(UnwatchedEpisodes),0) + !String.IsEmpty(Container($PARAM[id]).ListItem.Property(WatchedProgress)) + !Integer.IsEqual(Container($PARAM[id]).ListItem.Property(WatchedProgress),0)] | [String.IsEqual(ListItem.DBtype,episode) + !String.IsEmpty(Container($PARAM[id]).ListItem.Property(WatchedProgress)) + !Integer.IsEqual(Container($PARAM[id]).ListItem.Property(WatchedProgress),0)]</visible>
						<include condition="$PARAM[focused]">Animation_FocusTextureFade</include>
					</control>
					<control type="label">
						<scroll>false</scroll>
						<left>10</left>
						<top>332</top>
						<width>100</width>
						<label>$INFO[ListItem.Property(WatchedProgress)]%</label>
						<font>font20_title</font>
						<shadowcolor>text_shadow</shadowcolor>
						<align>left</align>
						<visible>!Integer.IsEqual(Container($PARAM[id]).ListItem.Property(WatchedProgress),0) + [String.IsEqual(ListItem.DBTYPE,tvshow) | [String.IsEqual(ListItem.DBTYPE,episode)]</visible>
					</control>
					<control type="label">
						<top>20</top>
						<width>340</width>
						<height>35</height>
						<align>center</align>
						<label>מתנגן עכשיו</label>
						<visible>ListItem.IsPlaying</visible>
					</control>
					<control type="label">
						<left>34</left>
						<top>418</top>
						<bottom>0</bottom>
						<align>center</align>
						<width>275</width>
						<label>$INFO[ListItem.Label]</label>
					</control>
					<control type="label">
						<visible>!ListItem.IsPlaying</visible>
						<left>25</left>
						<top>25</top>
						<bottom>0</bottom>
						<align>center</align>
						<label>$INFO[ListItem.Year]</label>
					</control>
				</control>
			<control type="group">
					<left>25</left>
					<top>25</top>
					<height>420</height>
					<width>295</width>
					<visible>String.IsEqual(ListItem.Label,..)</visible>
					<control type="image">
						<texture colordiffuse="black">colors/white.png</texture>
						<bordersize>1</bordersize>
					</control>
					<control type="textbox">
						<align>center</align>
						<aligny>center</aligny>
						<font>font45</font>
						<label>[B]חזרה לדף הקודם[/B]</label>
					</control>
					</control>
					<control type="group">
					<left>25</left>
					<top>25</top>
					<height>430</height>
					<width>295</width>
					<visible>String.Contains(ListItem.Label,עמוד הבא) | String.Contains(ListItem.Label,Next Page)</visible>
					<control type="image">
						<texture colordiffuse="black">colors/white.png</texture>
						<bordersize>1</bordersize>
					</control>
					<control type="textbox">
						<align>center</align>
						<aligny>center</aligny>
						<font>font45</font>
						<label>[B]הדף הבא[/B]</label>
					</control>
					</control>
				</itemlayout>
				
				<itemlayout width="475" height="352" condition="Container.Content(episodes)">
					<control type="image">
						<width>505</width>
						<height>385</height>
						<include>ObdShadow</include>
						</control>
					<control type="image">
						<top>40</top>
						<left>5</left>
						<height>305</height>
						<width>495</width>
						<bordertexture border="24">masks/24-shadow.png</bordertexture>
						<bordersize>24</bordersize>
						<texture fallback="fallbacks/fallback1.jpg">$INFO[ListItem.Icon]</texture>
					</control>
					<control type="label">
						<top>22</top>
						<left>35</left>
						<align>center</align>
						<width>435</width>
						<label>$INFO[ListItem.Label]</label>
					</control>
					<control type="label">
						<top>317</top>
						<left>35</left>
						<width>435</width>
						<align>center</align>
						<label>$INFO[ListItem.Episode, פרק ]</label>
					</control>	
				</itemlayout>
				
				<focusedlayout width="475" height="352" condition="Container.Content(episodes)">
					<control type="image">
						<top>12</top>
						<left>12</left>
						<width>482</width>
						<height>362</height>
						<bordertexture>kodirdil/shadows/poster shadow small.png</bordertexture>
						<bordersize>4</bordersize>
						<texture border="5" colordiffuse="button_focus">colors/white.png</texture>
						<visible>$PARAM[focused]</visible>
						<include condition="$PARAM[focused]">Animation_FocusTextureFade</include>
					</control>
					<control type="image">
						<width>505</width>
						<height>385</height>
						<include>ObdShadow</include>
						</control>
					<control type="image">
						<top>40</top>
						<left>5</left>
						<height>305</height>
						<width>495</width>
						<bordertexture border="24">masks/24-shadow.png</bordertexture>
						<bordersize>24</bordersize>
						<texture fallback="fallbacks/fallback1.jpg">$INFO[ListItem.Icon]</texture>
					</control>
					<control type="label">
						<top>22</top>
						<left>35</left>
						<align>center</align>
						<width>435</width>
						<textcolor>burlywood</textcolor>
						<label>$INFO[ListItem.Label]</label>
						<scroll>true</scroll>
					</control>
					<control type="label">
						<top>317</top>
						<left>35</left>
						<width>435</width>
						<align>center</align>
						<textcolor>burlywood</textcolor>
						<label>$INFO[ListItem.Episode, פרק ]</label>
					</control>		
					<control type="group">
						<control type="image">
						<top>63</top>
						<left>28</left>
						<height>258</height>
						<width>448</width>
						<texture colordiffuse="95000000">colors/white.png</texture>
					</control>
					<control type="textbox">
						<top>63</top>
						<left>28</left>
						<height>258</height>
						<width>448</width>
						<align>center</align>
						<aligny>center</aligny>
						<label>$INFO[ListItem.Plot]</label>
						<autoscroll fade="4000" time="4000" repeat="4000">System.Idletime(8)</autoscroll>
					</control>
					</control>
				</focusedlayout>
				
				<focusedlayout width="314" height="475" condition="Container.Content(tvshows) | Container.Content(seasons)">
					<control type="group">
					<control type="progress">
						<left>25</left>
						<top>305</top>
						<width>250</width>
						<height>1</height>
						<texturebg></texturebg>
						<midtexture colordiffuse="button_focus" border="3">progress/texturebg_alt_white.png</midtexture>
						<info>Container($PARAM[id]).ListItem.Property(WatchedProgress)</info>
						<visible>[String.IsEqual(ListItem.DBtype,movie) + !String.IsEmpty(Container($PARAM[id]).ListItem.Property(WatchedProgress)) + !Integer.IsEqual(Container($PARAM[id]).ListItem.Property(WatchedProgress),0)] | [Integer.IsGreater(Container($PARAM[id]).ListItem.Property(UnwatchedEpisodes),0) + !String.IsEmpty(Container($PARAM[id]).ListItem.Property(WatchedProgress)) + !Integer.IsEqual(Container($PARAM[id]).ListItem.Property(WatchedProgress),0)] | [String.IsEqual(ListItem.DBtype,episode) + !String.IsEmpty(Container($PARAM[id]).ListItem.Property(WatchedProgress)) + !Integer.IsEqual(Container($PARAM[id]).ListItem.Property(WatchedProgress),0)]</visible>
						<include condition="$PARAM[focused]">Animation_FocusTextureFade</include>
					</control>
					<control type="image">
						<top>10</top>
						<left>10</left>
						<width>325</width>
						<height>465</height>
						<bordertexture>kodirdil/shadows/poster shadow small.png</bordertexture>
						<bordersize>4</bordersize>
						<texture border="5" colordiffuse="button_focus">colors/white.png</texture>
						<visible>$PARAM[focused]</visible>
						<include condition="$PARAM[focused]">Animation_FocusTextureFade</include>
					</control>
					<control type="image">
						<width>345</width>
						<height>485</height>
						<include>ObdShadow</include>
						</control>
					<control type="image">
						<top>40</top>
						<left>5</left>
						<height>405</height>
						<width>335</width>
						<bordertexture border="24">masks/24-shadow.png</bordertexture>
						<bordersize>24</bordersize>
						<texture fallback="fallbacks/fallback1.jpg">$INFO[ListItem.Art(poster)]</texture>
					</control>
					<control type="image">
					<visible>String.IsEmpty(ListItem.Art(poster)</visible>
						<top>40</top>
						<left>5</left>
						<height>405</height>
						<width>335</width>
						<bordertexture border="24">masks/24-shadow.png</bordertexture>
						<bordersize>24</bordersize>
						<texture fallback="fallbacks/fallback1.jpg">$INFO[ListItem.Icon]</texture>
					</control>		
					<control type="label">
						<top>20</top>
						<width>340</width>
						<height>35</height>
						<align>center</align>
						<label>מתנגן עכשיו</label>
						<visible>ListItem.IsPlaying</visible>
					</control>
					<control type="label">
						<left>34</left>
						<top>418</top>
						<bottom>0</bottom>
						<align>center</align>
						<width>275</width>
						<scroll>true</scroll>
						<label>$INFO[ListItem.Label]</label>
					</control>
					<control type="label">
						<visible>!ListItem.IsPlaying</visible>
						<left>25</left>
						<top>25</top>
						<bottom>0</bottom>
						<align>center</align>
						<label>$INFO[ListItem.Year]</label>
					</control>
			</control>
			<control type="group">
					<left>25</left>
					<top>25</top>
					<height>420</height>
					<width>295</width>
					<visible>String.IsEqual(ListItem.Label,..)</visible>
					<control type="image">
						<texture colordiffuse="black">colors/white.png</texture>
						<bordersize>1</bordersize>
					</control>
					<control type="textbox">
						<align>center</align>
						<aligny>center</aligny>
						<font>font45</font>
						<label>[B]חזרה לדף הקודם[/B]</label>
					</control>
					</control>
					<control type="group">
					<left>25</left>
					<top>25</top>
					<height>430</height>
					<width>295</width>
					<visible>String.Contains(ListItem.Label,עמוד הבא) | String.Contains(ListItem.Label,Next Page)</visible>
					<control type="image">
						<texture colordiffuse="black">colors/white.png</texture>
						<bordersize>1</bordersize>
					</control>
					<control type="textbox">
						<align>center</align>
						<aligny>center</aligny>
						<font>font45</font>
						<label>[B]הדף הבא[/B]</label>
					</control>
					</control>
				</focusedlayout>
		</control>
		</control>
		<include>View511InfoPanel</include>
		<include>View511ScrollBarControl</include>
	</include>

	<include name="View511InfoPanel">
		<control type="group">
		<visible>Control.IsVisible(511) + [Container.Content(tvshows) | String.IsEqual(ListItem.DBTYPE,tvshow)] + !Container(511).IsUpdating</visible>
		<visible>!ControlGroup(9000).HasFocus()</visible>
		<visible>![String.Contains(ListItem.Label,עמוד הבא) | String.Contains(ListItem.Label,Next Page) | String.IsEqual(ListItem.Label,..)]</visible>
		<width>1350</width>
		<height>500</height>
		<left>15%</left>
		<top>25%</top>
			<visible>System.IdleTime(4)</visible>
			<animation condition="System.IdleTime(4)" effect="zoom" start="0,100" end="100,100" time="350" center="auto">Conditional</animation>
			<control type="image">
				<texture colordiffuse="black">colors/white.png</texture>
				<bordertexture colordiffuse="white">colors/white.png</bordertexture>
				<bordersize>20</bordersize>
			</control>
			<control type="image">
			<visible>System.IdleTime(5)</visible>
			<animation condition="System.IdleTime(5) + Control.IsVisible(511)" effect="fade" start="0" end="100" time="350" delay="100">Conditional</animation>
			<top>40</top>
			<left>995</left>
			<width>320</width>
			<height>420</height>
				<texture>$INFO[ListItem.Icon]</texture>
				<bordertexture colordiffuse="white">colors/white.png</bordertexture>
				<bordersize>5</bordersize>
			</control>
			<control type="label">
			<left>25</left>
			<top>18</top>
			<align>left</align>
			<font>font10</font>
				<label>$INFO[ListItem.Rating, דירוג ]</label>
			</control>
			<control type="textbox">
				<visible>System.IdleTime(5)</visible>
				<animation condition="System.IdleTime(5) + Control.IsVisible(511)" effect="fade" start="0" end="100" time="250" delay="100">Conditional</animation>
				<left>25</left>
				<top>35</top>
				<width>950</width>
				<height>370</height>
				<align>center</align>
				<aligny>center</aligny>
				<font>font37</font>
				<label>[B]$INFO[ListItem.Label] $INFO[ListItem.Year, (,)][/B][CR][I]$INFO[ListItem.Genre][/I][CR]$INFO[ListItem.Plot]</label>
				<autoscroll fade="7000" time="7000" repeat="7000">System.IdleTime(12)</autoscroll>
			</control>
			<control type="label">
			<visible>System.IdleTime(6)</visible>
			<animation condition="System.IdleTime(6) + Control.IsVisible(511)" effect="fade" start="0" end="100" time="250" delay="100">Conditional</animation>
				<left>55</left>
				<top>435</top>
				<width>900</width>
				<align>center</align>
				<label>$VAR[ShortInfoPanel]</label>
				<scroll>true</scroll>
			</control>
		</control>
	</include>

	<include name="View511ScrollBarControl">
	<control type="scrollbar" id="5311">
	  <visible>Control.IsVisible(511)</visible>	
      <description>My first scroll bar control</description>
      <left>1910</left>
      <top>20</top>
      <width>15</width>
      <height>98%</height>
      <visible>true</visible>
      <texturesliderbackground colordiffuse="ffad1e4e">colors/white.png</texturesliderbackground>
      <texturesliderbar>colors/white.png</texturesliderbar>
      <texturesliderbarfocus>colors/white.png</texturesliderbarfocus>
      <textureslidernib>colors/white.png</textureslidernib>
      <textureslidernibfocus>colors/white.png</textureslidernibfocus>
      <pulseonselect></pulseonselect>
      <orientation>vertical</orientation>
      <showonepage>false</showonepage>
      <onup>2</onup>
      <ondown>3</ondown>
      <onleft>1</onleft>
      <onright>1</onright>
	</control>
	</include>

</includes>
