<?xml version="1.0" encoding="UTF-8"?>
<includes>
	<include name="View_501_FanArt">
	
	
	<control type="group">
	<left>2%</left>
	<top>14%</top>
	<height>835</height>
	<control type="group">
	<left>8%</left>
		<width>500</width>
		<control type="image">
			<top>10</top>
			<left>10</left>
			<right>10</right>
			<bottom>10</bottom>
			<texture border="5" colordiffuse="FF181818" background="true" infill="true">common/box.png</texture>
		</control>
		<control type="image">
			<top>10</top>
			<left>10</left>
			<right>10</right>
			<bottom>10</bottom>
			<texture border="5" colordiffuse="gray" infill="false" background="true">common/box21.png</texture>
		</control>
		<control type="image">
			<top>12</top>
			<left>12</left>
			<right>12</right>
			<bottom>12</bottom>
			<aspectratio>keep</aspectratio>
			<!-- <bordertexture border="5" colordiffuse="gray" infill="false" background="true">common/box21.png</bordertexture> -->
			<!-- <bordersize>5</bordersize> -->
			<texture fallback="fallbacks/fallback1.jpg" border="5">$INFO[ListItem.Art(poster)]</texture>
			<visible>!String.IsEmpty(ListItem.Art(poster)</visible>
		</control>
		<control type="image">
			<top>12</top>
			<left>12</left>
			<right>12</right>
			<bottom>12</bottom>
			<aspectratio>keep</aspectratio>
			<!-- <bordertexture border="5" colordiffuse="gray" infill="false" background="true">common/box21.png</bordertexture> -->
			<!-- <bordersize>5</bordersize> -->
			<texture fallback="fallbacks/fallback1.jpg" border="5">$INFO[ListItem.Icon]</texture>
			<visible>String.IsEmpty(ListItem.Art(poster)</visible>
		</control>
		</control>
	<visible>Control.IsVisible(501)</visible>
		<control type="fixedlist" id="501">
			<left>35%</left>
			<onleft>9000</onleft>
			<ondown>false</ondown>
			<onup>false</onup>
			<onright condition="![String.Contains(ListItem.Label,..) | String.IsEmpty(ListItem.Plot)]">43455</onright>
			<viewtype label="List">List</viewtype>
			<scrolltime>250</scrolltime>
			<movement>8</movement>
			<focusposition>6</focusposition>
			<itemlayout width="1080" height="60">
			<control type="group">
			<height>60</height>
				<control type="label">
					<width>860</width>
					<left>5</left>
					<top>toplabel</top>
					<align>left</align>
					<aligny>center</aligny>
					<font>font37</font>
					<label>$INFO[ListItem.Label]</label>
				</control>
				<control type="label">
					<right>50</right>
					<top>toplabel</top>
					<align>right</align>
					<aligny>center</aligny>
					<font>font37</font>
					<label>$INFO[ListItem.Year]</label>
				</control>
				<control type="label">
				<visible>String.Contains(ListItem.Label,מדובב) | String.Contains(ListItem.Plot,מדובב)</visible>
					<width>120</width>
					<right>140</right>
					<top>toplabel</top>
					<align>right</align>
					<aligny>center</aligny>
					<textcolor>white</textcolor>
					<font>font37</font>
					<label>מדובב</label>
					<scroll>true</scroll>
				</control>
				<control type="image">
					<left>96%</left>
					<top>14</top>
					<width>35</width>
					<height>35</height>
					<texture colordiffuse="white">$VAR[ListWatchedIconVar]</texture>
				</control>
			</control>
			</itemlayout>
			<focusedlayout width="1080" height="60">
				<control type="group">
				<height>60</height>
				<control type="image">
				<width>1115</width>
				<!-- <animation effect="slide" start="0,0" end="0,5" time="150">Focus</animation> -->
					<texture colordiffuse="25FFFFFF">colors/white.png</texture>
				</control>
				<control type="image">
					<left>96%</left>
					<top>14</top>
					<width>35</width>
					<height>35</height>
					<texture colordiffuse="white">$VAR[ListWatchedIconVar]</texture>
				</control>
				<control type="label">
					<width>860</width>
					<left>5</left>
					<top>toplabel</top>
					<align>left</align>
					<aligny>center</aligny>
					<textcolor>white</textcolor>
					<font>font37</font>
					<label>$INFO[ListItem.Label]</label>
					<scroll>true</scroll>
				</control>
				<control type="label">
					<right>50</right>
					<top>toplabel</top>
					<align>right</align>
					<aligny>center</aligny>
					<font>font37</font>
					<textcolor>white</textcolor>
					<label>$INFO[ListItem.Year]</label>
				</control>
				<control type="label">
				<visible>String.Contains(ListItem.Label,מדובב) | String.Contains(ListItem.Plot,מדובב)</visible>
					<width>120</width>
					<right>140</right>
					<top>toplabel</top>
					<align>right</align>
					<aligny>center</aligny>
					<textcolor>white</textcolor>
					<font>font37</font>
					<label>מדובב</label>
					<scroll>true</scroll>
				</control>
				<control type="group">
				<visible>![String.Contains(ListItem.Label,..) | String.IsEmpty(ListItem.Plot)]</visible>
				<visible>![String.Contains(ListItem.Label,חיפוש) | String.Contains(ListItem.Label,עמוד הבא)]</visible>
				<left>1070</left>
				<top>4</top>
					<control type="image">
						<left>14</left>
						<top>15</top>
						<width>25</width>
						<height>25</height>
						<texture>kaitoast/arrow.png</texture>
					</control>
					<control type="image">
						<left>7</left>
						<top>17</top>
						<width>18</width>
						<height>18</height>
						<texture colordiffuse="black">common/circle2.png</texture>
					</control>
					<control type="image">
						<left>2</left>
						<top>15</top>
						<width>25</width>
						<height>25</height>
						<texture colordiffuse="black">kaitoast/info.png</texture>
					</control>
					<control type="image">
						<left>2</left>
						<top>15</top>
						<width>25</width>
						<height>25</height>
						<texture>kaitoast/info.png</texture>
					</control>
				</control>
				</control>
			</focusedlayout>
		</control>
	</control>
	<include>fakebuttonview501</include>
	<include>InfoPanel501View</include>
	</include>
	
	<include name="fakebuttonview501">
		<control type="button" id="43455">
			<width>1</width>
			<height>1</height>
			<left>-2000</left>
		<onclick>-</onclick>
		<ondown>501</ondown>
		<onup>501</onup>
		<onback>501</onback>
		</control>
	</include>
	
	<include name="InfoPanel501View">
		<control type="group">
		<visible>Control.HasFocus(43455) + ![String.Contains(ListItem.Label,..) | String.IsEmpty(ListItem.Plot)]</visible>
		<animation type="Visible">
			<effect type="slide" start="0,20" end="0,0" time="250" tween="sine" easing="inout"/>
			<effect type="fade" start="0" end="100" time="250"/>
		</animation>
		<animation type="Hidden">
			<effect type="slide" start="0,0" end="0,20" time="250" tween="sine" easing="inout"/>
			<effect type="fade" start="100" end="0" time="250"/>
		</animation>
		<left>18%</left>
		<top>25%</top>
		<width>1200</width>
		<height>500</height>
		<control type="image">
			<top>10</top>
			<left>10</left>
			<right>10</right>
			<bottom>10</bottom>
			<texture border="5" colordiffuse="FF181818" background="true" infill="true">common/box.png</texture>
		</control>
		<control type="image">
			<top>10</top>
			<left>10</left>
			<right>10</right>
			<bottom>10</bottom>
			<texture border="5" colordiffuse="gray" infill="false" background="true">common/box21.png</texture>
		</control>
		<control type="textbox">
			<right>25</right>
			<left>25</left>
			<bottom>25</bottom>
			<top>25</top>
			<align>center</align>
			<aligny>center</aligny>
			<font>font37</font>
			<textcolor>white</textcolor>
			<label>[I]$INFO[ListItem.Genre][/I][CR]$INFO[ListItem.Plot]</label>
			<autoscroll fade="7000" time="7000" repeat="4000">System.IdleTime(10)</autoscroll>
		</control>
		</control>
	</include>
	
</includes>
