<?xml version="1.0" encoding="UTF-8"?>
<includes>
	<include name="View_617_SimpleList">
	<control type="group">
	<visible>![Container.Content(movies) | Container.Content(tvshows) | Container.Content(seasons) | Container.Content(episodes)] | String.Contains(Container.FolderPath,idanplus) | String.Contains(Container.FolderPath,telemedia)</visible>
	<visible>Control.IsVisible(617) | Integer.IsGreater(Container.NumItems,-1) | !Container.IsUpdating</visible>
	<control type="group">
	<include>OpenClose_FadeSlide_Left</include>
	<left>40</left>
	<right>880</right>
	<top>300</top>
	<bottom>200</bottom>
		<control type="image">
			<top>2</top>
			<left>2</left>
			<right>2</right>
			<bottom>2</bottom>
			<animation condition="true" effect="fade" start="100" end="85" time="0">Conditional</animation>
			<texture border="3" background="true" infill="true" colordiffuse="FF181818">masks/box.png</texture>
		</control>
		<control type="image">
			<top>0</top>
			<left>0</left>
			<right>0</right>
			<bottom>0</bottom>
			<texture border="8" background="true" infill="true" colordiffuse="gray">masks/box21.png</texture>
		</control>
		<control type="progress">
			<top>-25</top>
			<right>50</right>
			<height>12</height>
			<info>ListItem.PercentPlayed</info>
			<visible>Integer.IsGreater(ListItem.PercentPlayed,5)</visible>
			<visible>!String.IsEqual(ListItem.Label,..)</visible>
			<animation effect="fade" start="0" end="100" time="250">Visible</animation>
			<animation effect="fade" start="100" end="0" time="250">Hidden</animation>
		</control>
		<control type="label">
			<top>-36</top>
			<right>0</right>
			<height>32</height>
			<width>50</width>
			<align>right</align>
			<width>20</width>
			<font>font10</font>
			<label>$INFO[ListItem.PercentPlayed]%</label>
			<visible>Integer.IsGreater(ListItem.PercentPlayed,5)</visible>
			<visible>!String.IsEqual(ListItem.Label,..)</visible>
			<animation effect="fade" start="0" end="100" time="250">Visible</animation>
			<animation effect="fade" start="100" end="0" time="250">Hidden</animation>
			</control>
		<control type="group">
		<visible>!String.Contains(Container.FolderPath,telemedia)</visible>
		<control type="image">
			<top>5</top>
			<left>5</left>
			<right>5</right>
			<bottom>5</bottom>
			<fadetime>250</fadetime>
			<aspectratio scalediffuse="false">scale</aspectratio>
			<texture fallback="fallbacks/fallback1.jpg">$INFO[ListItem.Icon]</texture>
		</control>
		<control type="image">
			<top>585</top>
			<left>0</left>
			<right>0</right>
			<bottom>5</bottom>
			<fadetime>250</fadetime>
			<height>280</height>
			<texture diffuse="thumbs/thumb_diffuse.png" flipy="true">$INFO[ListItem.Icon]</texture>
		</control>
		</control>
		<control type="group">
		<visible>String.Contains(Container.FolderPath,telemedia)</visible>
		<control type="image">
			<top>5</top>
			<left>5</left>
			<right>5</right>
			<bottom>5</bottom>
			<fadetime>250</fadetime>
			<aspectratio scalediffuse="false">scale</aspectratio>
			<texture fallback="fallbacks/fallback1.jpg">$INFO[ListItem.Art(fanart)]</texture>
		</control>
		<control type="image">
			<top>585</top>
			<left>0</left>
			<right>0</right>
			<bottom>5</bottom>
			<fadetime>250</fadetime>
			<height>280</height>
			<texture diffuse="thumbs/thumb_diffuse.png" flipy="true">$INFO[ListItem.Art(fanart)]</texture>
		</control>
		</control>
	</control>
	
	<control type="group">
	<height>-100</height>
	<left>15</left>
	<centertop>50%</centertop>
	<include>OpenClose_FadeSlide_Left</include>
	<control type="image">
	<top>-15</top>
	<width>15</width>
	<height>15</height>
	<texture flipy="true">common/arrow-small.png</texture>
	<visible>Container(617).HasPrevious</visible>
	</control>
	<control type="image">
	<width>15</width>
	<height>15</height>
	<texture>common/arrow-small.png</texture>
	<visible>Container(617).HasNext</visible>
	</control>
	</control>
	
	<control type="fixedlist" id="617">
	<left>1050</left>
	<right>0</right>
	<top>300</top>
	<bottom>200</bottom>
	<onleft>9000</onleft>
	<include>OpenClose_FadeSlide_Right</include>
	<visible>![Container.Content(movies) | Container.Content(tvshows) | Container.Content(seasons) | Container.Content(episodes)] | String.Contains(Container.FolderPath,idanplus) | String.Contains(Container.FolderPath,telemedia)</visible>
	<orientation>vertical</orientation>
	<scrolltime tween="cubic">550</scrolltime>
	<focusposition>3</focusposition>
	<movement>3</movement>
	<onright condition="$EXP[EnableAddons]">Action(info)</onright>
	<onright condition="!String.IsEmpty(ListItem.Plot) | !String.IsEmpty(ListItem.Comment) + !$EXP[EnableAddons]">SetProperty(MiniTextViewer_Title,$ESCINFO[ListItem.Label],home)</onright>
	<onright condition="!String.IsEmpty(ListItem.Plot) | !String.IsEmpty(ListItem.Comment) + !$EXP[EnableAddons]">SetProperty(MiniTextViewer_Year,$ESCINFO[ListItem.Year],home)</onright>
	<onright condition="!String.IsEmpty(ListItem.Plot) | !String.IsEmpty(ListItem.Comment) + !$EXP[EnableAddons]">SetProperty(MiniTextViewer_Icon,$VAR[PropertyViewTypeIcon],home)</onright>
	<onright condition="!String.IsEmpty(ListItem.Plot) | !String.IsEmpty(ListItem.Comment) + !$EXP[EnableAddons]">SetProperty(MiniTextViewer_Plot,$ESCINFO[ListItem.Plot],home)</onright>
	<onright condition="!String.IsEmpty(ListItem.Plot) | !String.IsEmpty(ListItem.Comment) + !$EXP[EnableAddons]">SetProperty(MiniTextViewer_Comment,$ESCINFO[ListItem.Comment],home)</onright>
	<onright condition="!String.IsEmpty(ListItem.Plot) | !String.IsEmpty(ListItem.Comment) + !$EXP[EnableAddons]">SetProperty(MiniTextViewer_Fanart,$ESCINFO[ListItem.Art(fanart)],home)</onright>
	<onright condition="!String.IsEmpty(ListItem.Plot) | !String.IsEmpty(ListItem.Comment) + !$EXP[EnableAddons]">SetProperty(MiniTextViewer_Duration,$VAR[PropertyViewTypeLabel],home)</onright>
	<onright condition="!String.IsEmpty(ListItem.Plot) | !String.IsEmpty(ListItem.Comment) + !$EXP[EnableAddons]">ActivateWindow(1323)</onright>
	<itemlayout width="830" height="82">
	<control type="label">
		<aligny>center</aligny>
		<align>left</align>
		<left>55</left>
		<right>5</right>
		<label>$INFO[ListItem.Label]</label>
		<visible>$EXP[Visibledurationyeatrating]</visible>
	</control>
	<control type="label">
		<aligny>center</aligny>
		<align>left</align>
		<left>55</left>
		<right>125</right>
		<label>$INFO[ListItem.Label]</label>
		<visible>!$EXP[Visibledurationyeatrating]</visible>
	</control>
	<control type="label">
		<aligny>center</aligny>
		<align>right</align>
		<left>5</left>
		<right>5</right>
		<textcolor>white</textcolor>
		<label>$VAR[ViewTypeGlobalLabel]</label>
	</control>
	<control type="image">
		<left>5</left>
		<top>27</top>
		<width>35</width>
		<height>35</height>
		<texture colordiffuse="white">$VAR[ListWatchedIconVar]</texture>
		<visible>![String.Contains(ListItem.Label,חיפוש) | String.Contains(ListItem.Label,עמוד הבא)]</visible>
	</control>
	<control type="image">
		<top>20</top>
		<left>0</left>
		<width>55</width>
		<height>55</height>
		<texture>icons/back.png</texture>
		<visible>String.IsEqual(ListItem.Label,..)</visible>
	</control>
	</itemlayout>
	<focusedlayout width="830" height="82">
	<control type="image">
		<visible>!ListItem.IsPlaying</visible>
		<visible>!String.Contains(Container.FolderPath,telemedia)</visible>
		<texture>masks/focus-long.png</texture>
		<colordiffuse>white</colordiffuse>
	</control>
	<control type="image">
		<visible>!ListItem.IsPlaying</visible>
		<visible>String.Contains(Container.FolderPath,telemedia)</visible>
		<texture>masks/focus-long.png</texture>
		<colordiffuse>15FFFFFF</colordiffuse>
	</control>
	<control type="image">
		<visible>ListItem.IsPlaying</visible>
		<texture>masks/focus-long.png</texture>
		<colordiffuse>15FFFFFF</colordiffuse>
	</control>
	<control type="image">
		<top>20</top>
		<left>0</left>
		<width>55</width>
		<height>55</height>
		<texture colordiffuse="black">icons/back.png</texture>
		<visible>String.IsEqual(ListItem.Label,..)</visible>
	</control>
	<control type="label">
		<aligny>center</aligny>
		<align>left</align>
		<left>45</left>
		<right>5</right>
		<textcolor>black</textcolor>
		<font>font40_title</font>
		<label>$INFO[ListItem.Label]</label>
		<visible>$EXP[Visibledurationyeatrating]</visible>
		<visible>!String.Contains(Container.FolderPath,telemedia)</visible>
		<scroll>true</scroll>
	</control>
	<control type="label">
		<aligny>center</aligny>
		<align>left</align>
		<left>45</left>
		<right>5</right>
		<textcolor>white</textcolor>
		<font>font40_title</font>
		<label>$INFO[ListItem.Label]</label>
		<visible>$EXP[Visibledurationyeatrating]</visible>
		<visible>String.Contains(Container.FolderPath,telemedia)</visible>
		<scroll>true</scroll>
	</control>
	<control type="label">
		<aligny>center</aligny>
		<align>left</align>
		<left>45</left>
		<right>155</right>
		<textcolor>black</textcolor>
		<font>font40_title</font>
		<label>$INFO[ListItem.Label]</label>
		<visible>$EXP[Visibleorduarationyearating]</visible>
		<visible>!String.Contains(Container.FolderPath,telemedia)</visible>
		<scroll>true</scroll>
	</control>
	<control type="label">
		<aligny>center</aligny>
		<align>left</align>
		<left>45</left>
		<right>155</right>
		<textcolor>white</textcolor>
		<font>font40_title</font>
		<label>$INFO[ListItem.Label]</label>
		<visible>$EXP[Visibleorduarationyearating]</visible>
		<visible>String.Contains(Container.FolderPath,telemedia)</visible>
		<scroll>true</scroll>
	</control>
	<control type="label">
		<aligny>center</aligny>
		<align>right</align>
		<left>5</left>
		<right>5</right>
		<font>font40_title</font>
		<textcolor>black</textcolor>
		<label>$VAR[ViewTypeGlobalLabel]</label>
		<visible>!String.Contains(Container.FolderPath,telemedia)</visible>
	</control>
	<control type="label">
		<aligny>center</aligny>
		<align>right</align>
		<left>5</left>
		<right>5</right>
		<font>font40_title</font>
		<textcolor>white</textcolor>
		<label>$VAR[ViewTypeGlobalLabel]</label>
		<visible>String.Contains(Container.FolderPath,telemedia)</visible>
	</control>
	<control type="image">
	<visible>![String.Contains(Container.FolderPath,telemedia) | ListItem.IsPlaying]</visible>
		<left>5</left>
		<top>25</top>
		<width>35</width>
		<height>35</height>
		<texture colordiffuse="black">$VAR[ListWatchedIconVar]</texture>
		<visible>![String.Contains(ListItem.Label,חיפוש) | String.Contains(ListItem.Label,עמוד הבא)]</visible>
	</control>
	<control type="image">
	<visible>String.Contains(Container.FolderPath,telemedia) | ListItem.IsPlaying</visible>
		<left>5</left>
		<top>25</top>
		<width>35</width>
		<height>35</height>
		<texture colordiffuse="white">$VAR[ListWatchedIconVar]</texture>
		<visible>![String.Contains(ListItem.Label,חיפוש) | String.Contains(ListItem.Label,עמוד הבא)]</visible>
	</control>
	<control type="image">
		<top>30</top>
		<right>-25</right>
		<align>right</align>
		<height>20</height>
		<width>20</width>
		<texture>common/arrow-small-right.png</texture>
		<aspectratio>keep</aspectratio>
		<animation effect="slide" start="-5" end="5" time="500" condition="!String.IsEmpty(ListItem.Plot) | !String.IsEmpty(ListItem.Comment)" pulse="true">Conditional</animation>
		<visible>!String.IsEmpty(ListItem.Plot) | !String.IsEmpty(ListItem.Comment)</visible>
	</control>
	</focusedlayout>
	</control>
	</control>
		<control type="group">
		<top>90%</top>
		<visible>Control.IsVisible(617)</visible>
		<animation type="Visible">
		<effect type="fade" start="0" end="100" time="250"/>
		<effect type="slide" start="0,20" end="0,0" time="250" tween="back" easing="inout"/>
		</animation>
		<control type="label">
			<align>center</align>
			<height>40</height>
			<font>font32_title</font>
			<label>השיר הבא יתנגן בעוד 10 שניות</label>
			<visible>String.EndsWith(MusicPlayer.TimeRemaining(hh:mm:ss),00:00:10)</visible>
		</control>
		<control type="label">
			<align>center</align>
			<height>40</height>
			<font>font32_title</font>
			<label>השיר הבא יתנגן בעוד 9 שניות</label>
			<visible>String.EndsWith(MusicPlayer.TimeRemaining(hh:mm:ss),00:00:09)</visible>
		</control>
		<control type="label">
			<align>center</align>
			<height>40</height>
			<font>font32_title</font>
			<label>השיר הבא יתנגן בעוד 8 שניות</label>
			<visible>String.EndsWith(MusicPlayer.TimeRemaining(hh:mm:ss),00:00:08)</visible>
		</control>
		<control type="label">
			<align>center</align>
			<height>40</height>
			<font>font32_title</font>
			<label>השיר הבא יתנגן בעוד 7 שניות</label>
			<visible>String.EndsWith(MusicPlayer.TimeRemaining(hh:mm:ss),00:00:07)</visible>
		</control>
		<control type="label">
			<align>center</align>
			<height>40</height>
			<font>font32_title</font>
			<label>השיר הבא יתנגן בעוד 6 שניות</label>
			<visible>String.EndsWith(MusicPlayer.TimeRemaining(hh:mm:ss),00:00:06)</visible>
		</control>
		<control type="label">
			<align>center</align>
			<height>40</height>
			<font>font32_title</font>
			<label>השיר הבא יתנגן בעוד 5 שניות</label>
			<visible>String.EndsWith(MusicPlayer.TimeRemaining(hh:mm:ss),00:00:05)</visible>
		</control>
		<control type="label">
			<align>center</align>
			<height>40</height>
			<font>font32_title</font>
			<label>השיר הבא יתנגן בעוד 4 שניות</label>
			<visible>String.EndsWith(MusicPlayer.TimeRemaining(hh:mm:ss),00:00:04)</visible>
		</control>
		<control type="label">
			<align>center</align>
			<height>40</height>
			<font>font32_title</font>
			<label>השיר הבא יתנגן בעוד 3 שניות</label>
			<visible>String.EndsWith(MusicPlayer.TimeRemaining(hh:mm:ss),00:00:03)</visible>
		</control>
		<control type="label">
			<align>center</align>
			<height>40</height>
			<font>font32_title</font>
			<label>השיר הבא יתנגן בעוד 2 שניות</label>
			<visible>String.EndsWith(MusicPlayer.TimeRemaining(hh:mm:ss),00:00:02)</visible>
		</control>
		<control type="label">
			<align>center</align>
			<height>40</height>
			<font>font32_title</font>
			<label>עובר לשיר הבא</label>
			<visible>String.EndsWith(MusicPlayer.TimeRemaining(hh:mm:ss),00:00:01)</visible>
		</control>
		</control>	
	</include>
	
</includes>
