<?xml version="1.0" encoding="UTF-8"?>
<includes>
	<include name="View_505_PlayList">
		<control type="group">
			<include>OpenClose_Right</include>
			<left>0</left>
			<top>25</top>
			<visible>Control.IsVisible(505)</visible>
			<include>Visible_Right</include>
			<control type="group">
				<top>-20</top>
				<left>-80</left>
				<include>OpenClose_Right</include>
				<include>Visible_Right</include>
				<visible>Control.IsVisible(505)</visible>
			</control>
			<control type="panel" id="505">
				<left>585</left>
				<top>35</top>
				<width>82%</width>
				<height>1050</height>
				<onleft>9000</onleft>
				<onright>531</onright>
				<onup>false</onup>
				<ondown>false</ondown>
				<orientation>vertical</orientation>
				<viewtype label="List">Panel</viewtype>
				<preloaditems>2</preloaditems>
				<pagecontrol>531</pagecontrol>
				<scrolltime tween="cubic" easing="out">500</scrolltime>
				<visible>Control.IsVisible(505)</visible>
				<itemlayout width="325" height="325">
				<control type="group">
					<control type="image">
						<width>350</width>
						<height>320</height>
						<include>ObdShadow</include>
						</control>
					<control type="image">
						<top>40</top>
						<left>5</left>
						<width>340</width>
						<height>240</height>
						<bordertexture border="24">masks/24-shadow.png</bordertexture>
						<bordersize>24</bordersize>
						<texture fallback="fallbacks/fallback1.jpg">$INFO[ListItem.Art(fanart)]</texture>
					</control>
					<control type="image">
					<visible>String.IsEmpty(ListItem.Art(fanart)</visible>
						<top>40</top>
						<left>5</left>
						<width>340</width>
						<height>240</height>
						<bordertexture border="24">masks/24-shadow.png</bordertexture>
						<bordersize>24</bordersize>
						<texture fallback="fallbacks/fallback1.jpg">$INFO[ListItem.Art(poster)]</texture>
					</control>					
					<control type="progress">
						<left>25</left>
						<top>305</top>
						<width>250</width>
						<height>1</height>
						<texturebg></texturebg>
						<midtexture colordiffuse="button_focus" border="3">progress/texturebg_alt_white.png</midtexture>
						<info>Container($PARAM[id]).ListItem.Property(WatchedProgress)</info>
						<visible>[String.IsEqual(ListItem.DBtype,movie) + !String.IsEmpty(Container($PARAM[id]).ListItem.Property(WatchedProgress)) + !Integer.IsEqual(Container($PARAM[id]).ListItem.Property(WatchedProgress),0)] | [Integer.IsGreater(Container($PARAM[id]).ListItem.Property(UnwatchedEpisodes),0) + !String.IsEmpty(Container($PARAM[id]).ListItem.Property(WatchedProgress)) + !Integer.IsEqual(Container($PARAM[id]).ListItem.Property(WatchedProgress),0)] | [String.IsEqual(ListItem.DBtype,episode) + !String.IsEmpty(Container($PARAM[id]).ListItem.Property(WatchedProgress)) + !Integer.IsEqual(Container($PARAM[id]).ListItem.Property(WatchedProgress),0)]</visible>
						<include condition="$PARAM[focused]">Animation_FocusTextureFade</include>
					</control>
					<control type="label">
						<scroll>false</scroll>
						<left>10</left>
						<top>232</top>
						<width>100</width>
						<label>$INFO[ListItem.Property(WatchedProgress)]%</label>
						<font>font20_title</font>
						<shadowcolor>text_shadow</shadowcolor>
						<align>left</align>
						<visible>!Integer.IsEqual(Container($PARAM[id]).ListItem.Property(WatchedProgress),0) + [String.IsEqual(ListItem.DBTYPE,tvshow) | [String.IsEqual(ListItem.DBTYPE,episode)]</visible>
					</control>
					<control type="label">
						<top>20</top>
						<width>340</width>
						<height>35</height>
						<align>center</align>
						<label>מתנגן עכשיו</label>
						<visible>ListItem.IsPlaying</visible>
					</control>
					<control type="label">
						<left>25</left>
						<top>255</top>
						<bottom>0</bottom>
						<align>center</align>
						<label>$INFO[ListItem.Label]</label>
					</control>
					<control type="label">
						<visible>!ListItem.IsPlaying</visible>
						<left>25</left>
						<top>25</top>
						<bottom>0</bottom>
						<align>center</align>
						<label>$INFO[ListItem.Year]</label>
					</control>
				</control>
				</itemlayout>
				<focusedlayout width="325" height="325">
					<control type="group">
					<control type="progress">
						<left>25</left>
						<top>305</top>
						<width>250</width>
						<height>1</height>
						<texturebg></texturebg>
						<midtexture colordiffuse="button_focus" border="3">progress/texturebg_alt_white.png</midtexture>
						<info>Container($PARAM[id]).ListItem.Property(WatchedProgress)</info>
						<visible>[String.IsEqual(ListItem.DBtype,movie) + !String.IsEmpty(Container($PARAM[id]).ListItem.Property(WatchedProgress)) + !Integer.IsEqual(Container($PARAM[id]).ListItem.Property(WatchedProgress),0)] | [Integer.IsGreater(Container($PARAM[id]).ListItem.Property(UnwatchedEpisodes),0) + !String.IsEmpty(Container($PARAM[id]).ListItem.Property(WatchedProgress)) + !Integer.IsEqual(Container($PARAM[id]).ListItem.Property(WatchedProgress),0)] | [String.IsEqual(ListItem.DBtype,episode) + !String.IsEmpty(Container($PARAM[id]).ListItem.Property(WatchedProgress)) + !Integer.IsEqual(Container($PARAM[id]).ListItem.Property(WatchedProgress),0)]</visible>
						<include condition="$PARAM[focused]">Animation_FocusTextureFade</include>
					</control>
					<control type="image">
						<top>0</top>
						<left>0</left>
						<width>350</width>
						<height>320</height>
						<bordertexture>kodirdil/shadows/poster shadow small.png</bordertexture>
						<bordersize>4</bordersize>
						<texture border="5" colordiffuse="button_focus">colors/white.png</texture>
						<visible>$PARAM[focused]</visible>
						<include condition="$PARAM[focused]">Animation_FocusTextureFade</include>
					</control>
					<control type="image">
						<width>350</width>
						<height>320</height>
						<include>ObdShadow</include>
					</control>
					<control type="image">
						<top>40</top>
						<left>5</left>
						<width>340</width>
						<height>240</height>
						<bordertexture border="24">masks/24-shadow.png</bordertexture>
						<bordersize>24</bordersize>
						<texture fallback="fallbacks/fallback1.jpg">$INFO[ListItem.Art(fanart)]</texture>
					</control>
					<control type="image">
					<visible>String.IsEmpty(ListItem.Art(fanart)</visible>
						<top>40</top>
						<left>5</left>
						<width>340</width>
						<height>240</height>
						<bordertexture border="24">masks/24-shadow.png</bordertexture>
						<bordersize>24</bordersize>
						<texture fallback="fallbacks/fallback1.jpg">$INFO[ListItem.Art(poster)]</texture>
					</control>		
					<control type="label">
						<top>20</top>
						<width>340</width>
						<height>35</height>
						<align>center</align>
						<label>מתנגן עכשיו</label>
						<visible>ListItem.IsPlaying</visible>
					</control>
					<control type="label">
						<left>25</left>
						<top>255</top>
						<bottom>0</bottom>
						<align>center</align>
						<label>$INFO[ListItem.Label]</label>
					</control>
					<control type="label">
						<visible>!ListItem.IsPlaying</visible>
						<left>25</left>
						<top>25</top>
						<bottom>0</bottom>
						<align>center</align>
						<label>$INFO[ListItem.Year]</label>
					</control>
			</control>
				</focusedlayout>
		</control>
	</control>
	</include>
</includes>
