<?xml version="1.0" encoding="UTF-8"?>
<includes>

	<include name="InfoWallPictureLayout">
		<param name="focused">false</param>
		<definition>
			<control type="image">
				<top>-10</top>
				<width>376</width>
				<height>380</height>
				<texture>dialogs/dialog-bg-nobo.png</texture>
				<bordertexture border="21" infill="false">overlays/shadow.png</bordertexture>
				<bordersize>20</bordersize>
			</control>
			<control type="image">
				<top>-14</top>
				<left>-4</left>
				<width>384</width>
				<height>388</height>
				<texture colordiffuse="button_focus">colors/grey.png</texture>
				<bordertexture border="21" infill="false">overlays/shadow.png</bordertexture>
				<bordersize>20</bordersize>
				<visible>$PARAM[focused]</visible>
				<include condition="$PARAM[focused]">Animation_FocusTextureFade</include>
			</control>
			<control type="image">
				<left>20</left>
				<top>10</top>
				<width>336</width>
				<height>300</height>
				<texture border="2" background="true">$VAR[InfoWallThumbVar]</texture>
				<aspectratio>keep</aspectratio>
			</control>
			<control type="label">
				<left>20</left>
				<top>318</top>
				<width>338</width>
				<textoffsetx>20</textoffsetx>
				<height>20</height>
				<align>center</align>
				<aligny>center</aligny>
				<font>font12</font>
				<label>$INFO[ListItem.Label]</label>
			</control>
		</definition>
	</include>

	<include name="InfoWallMusicLayout">
		<param name="fallback_image">DefaultFolder.png</param>
		<param name="main_label">$INFO[ListItem.Artist]</param>
		<param name="sub_label">$INFO[ListItem.Title]</param>
		<param name="single_label">$INFO[ListItem.Label]</param>
		<param name="focused">false</param>
		<definition>

			<!-- Focused Object-->
			<control type="image">
				<animation type="Focus">
					<effect type="zoom" start="100" end="105" time="200" tween="sine" easing="inout" center="245,150" />
				</animation>
				<animation type="Unfocus">
					<effect type="zoom" start="105" end="100" time="200" tween="sine" easing="inout" center="245,150" />
				</animation>
				<top>7</top>
				<left>8</left>
				<width>270</width>
				<height>320</height>
				<texture colordiffuse="black">colors/white.png</texture>
				<bordertexture colordiffuse="white">colors/white.png</bordertexture>
				<bordersize>6</bordersize>
				<visible>$PARAM[focused] + [Control.HasFocus(14100) | ControlGroup(400).HasFocus | Control.HasFocus(450)]</visible>
			</control>

			<control type="image">
				<left>0</left>
				<top>0</top>
				<width>280</width>
				<height>280</height>
				<texture diffuse="masks/addons.png" fallback="$PARAM[fallback_image]" background="true">$VAR[InfoWallThumbVar]</texture>
				<aspectratio>keep</aspectratio>
				<bordersize>20</bordersize>
			</control>
			<control type="textbox">
				<left>28</left>
				<top>252</top>
				<width>226</width>
				<height>80</height>
				<font>font12</font>
				<align>center</align>
				<aligny>center</aligny>
				<label>$PARAM[single_label]</label>
				<visible>!String.IsEqual(ListItem.DBType,album)</visible>
			</control>
			<control type="group">
				<visible>String.IsEqual(ListItem.DBType,album)</visible>
				<control type="label">
					<left>29</left>
					<top>256</top>
					<width>224</width>
					<label>$PARAM[sub_label]</label>
					<font>font10</font>
					<shadowcolor>text_shadow</shadowcolor>
					<scroll>$PARAM[focused]</scroll>
					<align>center</align>
				</control>
				<control type="label">
					<left>29</left>
					<top>284</top>
					<width>224</width>
					<label>$PARAM[main_label]</label>
					<font>font12</font>
					<shadowcolor>text_shadow</shadowcolor>
					<scroll>$PARAM[focused]</scroll>
					<align>center</align>
				</control>
			</control>
			<control type="group">
				<left>133</left>
				<top>2</top>
				<include condition="Skin.HasSetting(circle_rating) | Skin.HasSetting(circle_userrating)">RatingCircle</include>
			</control>
		</definition>
	</include>

	<include name="InfoWallEpisodeLayout">
		<param name="main_label">$INFO[ListItem.Title]</param>
		<param name="sub_label">$INFO[ListItem.TVShowTitle]</param>
		<param name="networks_label">$INFO[ListItem.Label]</param>
		<param name="thumb_label">$INFO[ListItem.Season,,x]$INFO[ListItem.Episode]</param>
		<param name="fallback_image">DefaultTVShows.png</param>
		<param name="focused">false</param>
		<definition>
		<control type="group">
			<include content="ProgressBar">
				<param name="left" value="37"/>
				<param name="top" value="245"/>
				<param name="width" value="270"/>
			</include>
			<!-- Focused Object-->			
					<control type="image">
					<include>FocusBounce</include>
							<top>15</top>
							<left>15</left>
							<width>295</width>
							<height>405</height>
							<texture colordiffuse="$INFO[Skin.String(widgethomefocus)]">colors/white.png</texture>
							<visible>$PARAM[focused] + Control.HasFocus($PARAM[list_id])</visible>
					</control>			
					<control type="image">
							<top>0</top>
							<left>0</left>
							<width>325</width>
							<height>435</height>
							<bordertexture border="35" colordiffuse="black">masks/24-shadow.png</bordertexture>
							<bordersize>25.5</bordersize>
							<texture colordiffuse="black">colors/white.png</texture>
						</control>
						<control type="image">
							<top>12</top>
							<left>12</left>
							<width>302</width>
							<height>412</height>
							<bordertexture border="21" infill="false">overlays/shadow.png</bordertexture>
							<bordersize>20</bordersize>
							<texture>$VAR[IconVar_Fix]</texture>
						</control>
						<control type="progress">
							<left>38</left>
							<top>312</top>
							<width>250</width>
							<height>12</height>
							<align>center</align>
							<aligny>center</aligny>
							<colordiffuse>88FFFFFF</colordiffuse>
							<visible>ListItem.HasEpg</visible>
							<info>ListItem.Progress</info>
						</control>
						<control type="textbox">
						<autoscroll time="4000" fade="4000" repeat="4000">Control.HasFocus($PARAM[list_id]) + $PARAM[focused]</autoscroll>
						<visible>ListItem.HasEpg</visible>
							<top>315</top>
							<left>35</left>
							<width>255</width>
							<height>105</height>
							<align>center</align>
							<aligny>center</aligny>
							<label>$INFO[ListItem.Label]</label>
						</control>
						<!-- <control type="image"> -->
						<!-- <visible>ListItem.IsFolder + $PARAM[focused] + Control.HasFocus($PARAM[list_id])</visible> -->
							<!-- <top>385</top> -->
							<!-- <bottom>0</bottom> -->
							<!-- <left>28</left> -->
							<!-- <width>25</width> -->
							<!-- <height>25</height> -->
							<!-- <texture>overlays/folder.png</texture> -->
							<!-- <colordiffuse>button_focus</colordiffuse> -->
						<!-- </control> -->
						<control type="progress">
							<visible>!$PARAM[focused]</visible>
							<visible>!String.IsEqual(ListItem.DBTYPE,tvshow)</visible>
							<include content="WatchProgressPercentPlayed">
								<param name="top" value="420"/>
								<param name="left" value="27"/>
								<param name="width" value="273"/>
							</include>
						</control>
					</control>
					
				<control type="group">
				<left>60</left>
				<top>40</top>
				<visible>Skin.HasSetting(TrailerEnable) + $PARAM[focused] + Control.HasFocus($PARAM[list_id])</visible>
				<control type="button">
				<enable>$PARAM[focused] + Control.HasFocus($PARAM[list_id])</enable>
				<visible>$PARAM[focused] + Control.HasFocus($PARAM[list_id])</visible>
					<top>0</top>
					<left>0</left>
					<width>1</width>
					<height>1</height>
					<label></label>
					<onup>CancelAlarm(playtrailer,true)</onup>
					<ondown>CancelAlarm(playtrailer,true)</ondown>
					<onfocus condition="!Player.HasVideo + Skin.HasSetting(TrailerEnable) + $PARAM[focused] + Control.HasFocus($PARAM[list_id])">AlarmClock(playtrailer,PlayMedia($INFO[ListItem.Trailer],1),00:05,true)</onfocus>
					<onunfocus>CancelAlarm(playtrailer,true)</onunfocus>
					<onunfocus condition="Skin.HasSetting(TrailerEnable)">PlayerControl(stop)</onunfocus>
				</control>
				<control type="image">
				<visible>$PARAM[focused] + Control.HasFocus($PARAM[list_id]) + Player.HasVideo + Window.IsActive(home)</visible>
					<top>0</top>
					<left>250</left>
					<width>585</width>
					<height>350</height>
					<bordertexture colordiffuse="button_focus">colors/white.png</bordertexture>
					<bordersize>5</bordersize>
					<texture colordiffuse="black">colors/white.png</texture>
				</control>
				<control type="VideoWindow">
					<visible>$PARAM[focused] + Control.HasFocus($PARAM[list_id])</visible>
					<top>-20</top>
					<left>260</left>
					<width>565</width>
					<height>390</height>
					<aspectratio>keep</aspectratio>
				</control>
				</control>
		</definition>
	</include>




	<include name="WidgetGeneralInfoWallEpisodeLayout">
		<param name="main_label">$INFO[ListItem.Title]</param>
		<param name="sub_label">$INFO[ListItem.TVShowTitle]</param>
		<param name="networks_label">$INFO[ListItem.Label]</param>
		<param name="thumb_label">$INFO[ListItem.Season,,x]$INFO[ListItem.Episode]</param>
		<param name="fallback_image">DefaultTVShows.png</param>
		<param name="focused">false</param>
		<definition>
		<control type="group">
			<include content="ProgressBar">
				<param name="left" value="37"/>
				<param name="top" value="245"/>
				<param name="width" value="270"/>
			</include>
			<!-- Focused Object-->			
					<control type="image">
					<include>FocusBounce</include>
							<top>15</top>
							<left>15</left>
							<width>295</width>
							<height>405</height>
							<texture colordiffuse="$INFO[Skin.String(widgethomefocus)]">colors/white.png</texture>
							<visible>$PARAM[focused] + Control.HasFocus($PARAM[list_id])</visible>
					</control>			
					<control type="image">
							<top>0</top>
							<left>0</left>
							<width>325</width>
							<height>435</height>
							<bordertexture border="35" colordiffuse="black">masks/24-shadow.png</bordertexture>
							<bordersize>25.5</bordersize>
							<texture colordiffuse="black">colors/white.png</texture>
						</control>
						<control type="image">
							<top>12</top>
							<left>12</left>
							<width>302</width>
							<height>412</height>
							<bordertexture border="21" infill="false">overlays/shadow.png</bordertexture>
							<bordersize>20</bordersize>
							<texture>$VAR[IconVar_Fix]</texture>
						</control>
						<control type="progress">
							<left>38</left>
							<top>312</top>
							<width>250</width>
							<height>12</height>
							<align>center</align>
							<aligny>center</aligny>
							<colordiffuse>88FFFFFF</colordiffuse>
							<visible>ListItem.HasEpg</visible>
							<info>ListItem.Progress</info>
						</control>
						<control type="textbox">
						<autoscroll time="4000" fade="4000" repeat="4000">Control.HasFocus($PARAM[list_id]) + $PARAM[focused]</autoscroll>
						<visible>ListItem.HasEpg</visible>
							<top>315</top>
							<left>35</left>
							<width>255</width>
							<height>105</height>
							<align>center</align>
							<aligny>center</aligny>
							<label>$INFO[ListItem.Label]</label>
						</control>

						<control type="image">
						<visible>ListItem.IsFolder + $PARAM[focused] + Control.HasFocus($PARAM[list_id])</visible>
							<top>385</top>
							<bottom>0</bottom>
							<left>28</left>
							<width>25</width>
							<height>25</height>
							<texture>overlays/folder.png</texture>
							<colordiffuse>button_focus</colordiffuse>
						</control>
					</control>
					
				<control type="group">
				<left>60</left>
				<top>40</top>
				<visible>Skin.HasSetting(TrailerEnable) + $PARAM[focused] + Control.HasFocus($PARAM[list_id])</visible>
				<control type="button">
				<enable>$PARAM[focused] + Control.HasFocus($PARAM[list_id])</enable>
				<visible>$PARAM[focused] + Control.HasFocus($PARAM[list_id])</visible>
					<top>0</top>
					<left>0</left>
					<width>1</width>
					<height>1</height>
					<label></label>
					<onup>CancelAlarm(playtrailer,true)</onup>
					<ondown>CancelAlarm(playtrailer,true)</ondown>
					<onfocus condition="!Player.HasVideo + Skin.HasSetting(TrailerEnable) + $PARAM[focused] + Control.HasFocus($PARAM[list_id])">AlarmClock(playtrailer,PlayMedia($INFO[ListItem.Trailer],1),00:05,true)</onfocus>
					<onunfocus>CancelAlarm(playtrailer,true)</onunfocus>
					<onunfocus condition="Skin.HasSetting(TrailerEnable)">PlayerControl(stop)</onunfocus>
				</control>
				<control type="image">
				<visible>$PARAM[focused] + Control.HasFocus($PARAM[list_id]) + Player.HasVideo + Window.IsActive(home)</visible>
					<top>0</top>
					<left>250</left>
					<width>585</width>
					<height>350</height>
					<bordertexture colordiffuse="button_focus">colors/white.png</bordertexture>
					<bordersize>5</bordersize>
					<texture colordiffuse="black">colors/white.png</texture>
				</control>
				<control type="VideoWindow">
					<visible>$PARAM[focused] + Control.HasFocus($PARAM[list_id])</visible>
					<top>-20</top>
					<left>260</left>
					<width>565</width>
					<height>390</height>
					<aspectratio>keep</aspectratio>
				</control>
				</control>
		</definition>
	</include>

	<include name="BigInfoWallEpisodeLayout">
		<param name="main_label">$INFO[ListItem.Title][CR]$INFO[ListItem.Year]</param>
		<param name="sub_label">$INFO[ListItem.TVShowTitle]</param>
		<param name="networks_label">$INFO[ListItem.Label]</param>
		<param name="thumb_label">$INFO[ListItem.Season,,x]$INFO[ListItem.Episode]</param>
		<param name="fallback_image">DefaultTVShows.png</param>
		<param name="focused">false</param>
		<definition>
		<control type="group">
		<visible>ListItem.HasEpg</visible>
			<include content="ProgressBar">
				<param name="left" value="45"/>
				<param name="top" value="305"/>
				<param name="width" value="363"/>
			</include>
			<width>495</width>
			<height>250</height>
			<control type="group">
			<visible>$PARAM[focused] + Control.HasFocus($PARAM[list_id])</visible>
			<include>Animation_FocusTextureFade</include>
            <control type="image">
                <left>3</left>
                <top>3</top>
                <right>3</right>
                <bottom>3</bottom>
                <texture colordiffuse="Dark2" border="20">common/selectbox.png</texture>
            </control>
            <control type="image">
                <left>3</left>
                <top>3</top>
                <right>3</right>
                <bottom>3</bottom>
                <texture colordiffuse="Dark1" border="20">common/gradient-selectbox.png</texture>
            </control>
			</control>
        <control type="image">
            <left>10</left>
            <top>10</top>
            <right>10</right>
            <bottom>10</bottom>
            <texture colordiffuse="75181818" border="4" background="true">common/diffuse_box.png</texture>
        </control>			
        <control type="image">
            <left>10</left>
            <top>10</top>
            <right>10</right>
            <bottom>10</bottom>
            <texture colordiffuse="FFA7A7A7" border="4" background="true" infill="false">common/box21.png</texture>
			</control>
			<control type="image">
				<top>15</top>
				<left>20</left>
				<width>150</width>
				<height>150</height>
				<texture diffuse="masks/settingspanel.png">$INFO[ListItem.Icon]</texture>
			</control>
			<control type="textbox">
			<visible>!ListItem.IsPlaying</visible>
				<left>37%</left>
				<top>2%</top>
				<width>265</width>
				<height>145</height>
				<align>left</align>
				<aligny>center</aligny>
				<font>font13</font>
				<label>$INFO[ListItem.Plot]</label>
			</control>
			<control type="textbox">
			<visible>ListItem.IsPlaying</visible>
				<left>35%</left>
				<top>2%</top>
				<width>265</width>
				<height>145</height>
				<align>left</align>
				<aligny>center</aligny>
				<font>font13</font>
				<textcolor>orange</textcolor>
				<label>$INFO[ListItem.Plot]</label>
			</control>
			<control type="textbox">
				<left>4%</left>
				<top>52%</top>
				<width>215</width>
				<height>115</height>
				<align>left</align>
				<aligny>center</aligny>
				<font>font12</font>
				<visible>!String.IsEmpty(ListItem.StartTime)</visible>
				<label>[COLOR button_focus]$INFO[ListItem.StartTime,[[COLOR white],[/COLOR]]][/COLOR][COLOR red] • [/COLOR][COLOR button_focus]$INFO[ListItem.EndTime,[[COLOR white],[/COLOR]]][/COLOR]</label>
			</control>
			<control type="label">
				<left>5%</left>
				<top>82%</top>
				<width>415</width>
				<height>35</height>
				<align>left</align>
				<aligny>center</aligny>
				<font>font12</font>
				<visible>!String.IsEmpty(ListItem.StartTime)</visible>
				<label>$INFO[ListItem.NextTitle, [COLOR button_focus]הבא:[/COLOR] ]</label>
			</control>
			<control type="progress">
				<left>42%</left>
				<top>73%</top>
				<width>212</width>
				<height>12</height>
				<info>ListItem.Progress</info>
			</control>
		</control>
		
		
		<control type="group">
		<visible>!ListItem.HasEpg</visible>
			<include content="ProgressBar">
				<param name="left" value="45"/>
				<param name="top" value="305"/>
				<param name="width" value="363"/>
			</include>
			<width>495</width>
			<height>250</height>
			<control type="group">
			<visible>$PARAM[focused] + Control.HasFocus($PARAM[list_id])</visible>
			<include>Animation_FocusTextureFade</include>
            <control type="image">
                <left>3</left>
                <top>3</top>
                <right>3</right>
                <bottom>3</bottom>
                <texture colordiffuse="Dark2" border="20">common/selectbox.png</texture>
            </control>
            <control type="image">
                <left>3</left>
                <top>3</top>
                <right>3</right>
                <bottom>3</bottom>
                <texture colordiffuse="Dark1" border="20">common/gradient-selectbox.png</texture>
            </control>
			</control>
        <control type="image">
            <left>10</left>
            <top>10</top>
            <right>10</right>
            <bottom>10</bottom>
            <texture colordiffuse="75181818" border="4" background="true">common/diffuse_box.png</texture>
        </control>				
        <control type="image">
            <left>10</left>
            <top>10</top>
            <right>10</right>
            <bottom>10</bottom>
            <texture colordiffuse="FFA7A7A7" border="4" background="true" infill="false">common/box21.png</texture>
			</control>
			<control type="image">
				<top>15</top>
				<left>20</left>
				<width>150</width>
				<height>150</height>
				<texture diffuse="masks/settingspanel.png">$INFO[ListItem.Icon]</texture>
			</control>
			<control type="textbox">
			<visible>!ListItem.IsPlaying</visible>
				<left>40%</left>
				<top>7%</top>
				<width>265</width>
				<height>140</height>
				<align>left</align>
				<aligny>center</aligny>
				<font>font13</font>
				<label>$INFO[ListItem.Plot]</label>
				<autoscroll fade="3000" time="4000" repeat="4000">$PARAM[focused]</autoscroll>
			</control>
			<control type="textbox">
			<visible>ListItem.IsPlaying</visible>
				<left>40%</left>
				<top>7%</top>
				<width>265</width>
				<height>140</height>
				<align>left</align>
				<aligny>center</aligny>
				<font>font13</font>
				<textcolor>orange</textcolor>
				<label>$INFO[ListItem.Plot]</label>
				<autoscroll fade="3000" time="4000" repeat="4000">$PARAM[focused]</autoscroll>
			</control>
			<control type="label">
			<visible>!ListItem.IsPlaying</visible>
				<left>4%</left>
				<top>75%</top>
				<width>425</width>
				<height>50</height>
				<align>left</align>
				<aligny>center</aligny>
				<font>font32</font>
				<label>$INFO[ListItem.Label]</label>
			</control>
			<control type="label">
			<visible>ListItem.IsPlaying</visible>
				<left>4%</left>
				<top>75%</top>
				<width>425</width>
				<height>50</height>
				<align>left</align>
				<aligny>center</aligny>
				<font>font32</font>
				<textcolor>orange</textcolor>
				<label>$INFO[ListItem.Label]</label>
			</control>
		</control>
		
		</definition>
	</include>


	<include name="InfoWallMovieLayoutSearch">
		<param name="focused">false</param>
		<definition>
		<control type="group">
		<!-- <control type="progress"> -->
			<!-- <left>25</left> -->
			<!-- <top>265</top> -->
			<!-- <width>250</width> -->
			<!-- <height>1</height> -->
			<!-- <texturebg></texturebg> -->
			<!-- <midtexture colordiffuse="button_focus" border="3">progress/texturebg_alt_white.png</midtexture> -->
			<!-- <info>Container($PARAM[id]).ListItem.Property(WatchedProgress)</info> -->
			<!-- <visible>[String.IsEqual(ListItem.DBtype,movie) + !String.IsEmpty(Container($PARAM[id]).ListItem.Property(WatchedProgress)) + !Integer.IsEqual(Container($PARAM[id]).ListItem.Property(WatchedProgress),0)] | [Integer.IsGreater(Container($PARAM[id]).ListItem.Property(UnwatchedEpisodes),0) + !String.IsEmpty(Container($PARAM[id]).ListItem.Property(WatchedProgress)) + !Integer.IsEqual(Container($PARAM[id]).ListItem.Property(WatchedProgress),0)] | [String.IsEqual(ListItem.DBtype,episode) + !String.IsEmpty(Container($PARAM[id]).ListItem.Property(WatchedProgress)) + !Integer.IsEqual(Container($PARAM[id]).ListItem.Property(WatchedProgress),0)]</visible> -->
			<!-- <include condition="$PARAM[focused]">Animation_FocusTextureFade</include> -->
		<!-- </control> -->

					<control type="image">
						<animation condition="true" effect="fade" end="50" time="0">Conditional</animation>
						<top>5</top>
						<left>5</left>
						<width>400</width>
						<height>250</height>
						<texture diffuse="masks/landscape1.png">colors/white.png</texture>
						<colordiffuse>black</colordiffuse>
					</control>
					<control type="image">
						<include>FocusBounce</include>
						<top>-5</top>
						<left>-5</left>
						<width>420</width>
						<height>270</height>
						<texture colordiffuse="button_focus" diffuse="masks/landscape1.png">colors/white.png</texture>
						<visible>$PARAM[focused] + Control.HasFocus($PARAM[list_id])</visible>
					</control>
					<control type="image">
						<top>5</top>
						<left>5</left>
						<width>400</width>
						<height>180</height>
						<texture fallback="NoPreview.png" diffuse="masks/landscapeinfo-artwork.png">$VAR[WideCheckIconWallSearch]</texture>
					</control>
					<control type="image">
					<visible>![String.IsEqual(ListItem.DBTYPE,movie) | String.IsEqual(ListItem.DBTYPE,tvshow) | String.IsEqual(ListItem.DBTYPE,episode)]</visible>
						<top>5</top>
						<left>5</left>
						<width>400</width>
						<height>180</height>
						<aspectratio>keep</aspectratio>
						<texture fallback="NoPreview.png" diffuse="masks/landscapeinfo-artwork.png">$INFO[ListItem.Icon]</texture>
					</control>
					<control type="label">
					<scroll>false</scroll>
						<top>205</top>
						<left>12</left>
						<width>385</width>
						<height>40</height>
						<align>center</align>
						<aligny>center</aligny>
						<font>font13</font>
						<label>$INFO[ListItem.Label]</label>
						<visible>!$PARAM[focused]</visible>
					</control>
					<control type="label">
					<scroll>$PARAM[focused]</scroll>
						<top>205</top>
						<left>12</left>
						<width>385</width>
						<height>40</height>
						<align>center</align>
						<aligny>center</aligny>
						<font>font13</font>
						<textcolor>white</textcolor>
						<label>$INFO[ListItem.Label]</label>
						<visible>$PARAM[focused]</visible>
					</control>
			</control>
		</definition>
	</include>


	<include name="AudioInfoWallMovieLayoutSearch">
		<param name="focused">false</param>
		<definition>
		<control type="group">
		<!-- <control type="progress"> -->
			<!-- <left>25</left> -->
			<!-- <top>265</top> -->
			<!-- <width>250</width> -->
			<!-- <height>1</height> -->
			<!-- <texturebg></texturebg> -->
			<!-- <midtexture colordiffuse="button_focus" border="3">progress/texturebg_alt_white.png</midtexture> -->
			<!-- <info>Container($PARAM[id]).ListItem.Property(WatchedProgress)</info> -->
			<!-- <visible>[String.IsEqual(ListItem.DBtype,movie) + !String.IsEmpty(Container($PARAM[id]).ListItem.Property(WatchedProgress)) + !Integer.IsEqual(Container($PARAM[id]).ListItem.Property(WatchedProgress),0)] | [Integer.IsGreater(Container($PARAM[id]).ListItem.Property(UnwatchedEpisodes),0) + !String.IsEmpty(Container($PARAM[id]).ListItem.Property(WatchedProgress)) + !Integer.IsEqual(Container($PARAM[id]).ListItem.Property(WatchedProgress),0)] | [String.IsEqual(ListItem.DBtype,episode) + !String.IsEmpty(Container($PARAM[id]).ListItem.Property(WatchedProgress)) + !Integer.IsEqual(Container($PARAM[id]).ListItem.Property(WatchedProgress),0)]</visible> -->
			<!-- <include condition="$PARAM[focused]">Animation_FocusTextureFade</include> -->
		<!-- </control> -->
					<control type="image">
						<animation condition="true" effect="fade" end="50" time="0">Conditional</animation>
						<top>5</top>
						<left>5</left>
						<width>400</width>
						<height>280</height>
						<texture diffuse="masks/landscape1.png">colors/white.png</texture>
						<colordiffuse>black</colordiffuse>
					</control>
					<control type="image">
						<include>FocusBounce</include>
						<top>-5</top>
						<left>-5</left>
						<width>420</width>
						<height>300</height>
						<texture colordiffuse="$INFO[Skin.String(widgethomefocus)]" diffuse="masks/landscape1.png">colors/white.png</texture>
						<visible>$PARAM[focused] + Control.HasFocus($PARAM[list_id])</visible>
					</control>
					<control type="image">
						<top>35</top>
						<left>5</left>
						<width>400</width>
						<height>180</height>
						<aspectratio>keep</aspectratio>
						<bordertexture>kodirdil/shadows/poster shadow small.png</bordertexture>
						<bordersize>5</bordersize>
						<texture fallback="NoPreview.png">$INFO[ListItem.Icon]</texture>
					</control>

					<control type="label">
					<scroll>false</scroll>
						<top>235</top>
						<left>12</left>
						<width>385</width>
						<height>40</height>
						<align>center</align>
						<aligny>center</aligny>
						<font>font13</font>
						<textcolor>white</textcolor>
						<label>$INFO[ListItem.Label]</label>
						<visible>!$PARAM[focused]</visible>
					</control>
					<control type="label">
						<scroll>$PARAM[focused]</scroll>
						<top>235</top>
						<left>12</left>
						<width>385</width>
						<height>40</height>
						<align>center</align>
						<aligny>center</aligny>
						<font>font27</font>
						<textcolor>white</textcolor>
						<label>$INFO[ListItem.Label]</label>
						<visible>$PARAM[focused]</visible>
					</control>
					<control type="label">
					<visible>!String.IsEqual(ListItem.Label,..)</visible>
						<left>0</left>
						<right>0</right>
						<top>192</top>
						<height>440</height>
						<bottom>0</bottom>
						<width>395</width>
						<label>$INFO[ListItem.Rating]</label>
						<font>font20_title</font>
						<shadowcolor>text_shadow</shadowcolor>
						<align>right</align>
					</control>
					<control type="label">
					<visible>!String.IsEqual(ListItem.Label,..) + $EXP[resumable]</visible>
						<left>14</left>
						<right>0</right>
						<top>192</top>
						<height>440</height>
						<bottom>0</bottom>
						<width>245</width>
						<label>$INFO[ListItem.Studio]</label>
						<font>font20_title</font>
						<shadowcolor>text_shadow</shadowcolor>
						<align>left</align>
					</control>
					<control type="label">
						<scroll>false</scroll>
						<left>40</left>
						<top>194</top>
						<width>100</width>
						<label>$INFO[ListItem.Property(WatchedProgress)]%</label>
						<font>font20_title</font>
						<shadowcolor>text_shadow</shadowcolor>
						<align>left</align>
						<visible>ListItem.IsResumable + !Integer.IsEqual(Container($PARAM[id]).ListItem.Property(WatchedProgress),0)</visible>
					</control>
					<control type="label">
					<visible>ListItem.IsResumable + !Integer.IsEqual(ListItem.PercentPlayed,0)]</visible>
						<scroll>false</scroll>
						<left>40</left>
						<top>194</top>
						<width>100</width>
						<font>font20_title</font>
						<shadowcolor>text_shadow</shadowcolor>
						<align>left</align>
					<label>[B]$INFO[ListItem.PercentPlayed]%[/B]</label>
				</control>
			</control>
		</definition>
	</include>

	<include name="InfoWallMovieLayout">
		<param name="focused">false</param>
		<definition>
		<control type="group">
		<height max="435">435</height>
		<!-- <control type="progress"> -->
			<!-- <left>25</left> -->
			<!-- <top>265</top> -->
			<!-- <width>250</width> -->
			<!-- <height>1</height> -->
			<!-- <texturebg></texturebg> -->
			<!-- <midtexture colordiffuse="button_focus" border="3">progress/texturebg_alt_white.png</midtexture> -->
			<!-- <info>Container($PARAM[id]).ListItem.Property(WatchedProgress)</info> -->
			<!-- <visible>[String.IsEqual(ListItem.DBtype,movie) + !String.IsEmpty(Container($PARAM[id]).ListItem.Property(WatchedProgress)) + !Integer.IsEqual(Container($PARAM[id]).ListItem.Property(WatchedProgress),0)] | [Integer.IsGreater(Container($PARAM[id]).ListItem.Property(UnwatchedEpisodes),0) + !String.IsEmpty(Container($PARAM[id]).ListItem.Property(WatchedProgress)) + !Integer.IsEqual(Container($PARAM[id]).ListItem.Property(WatchedProgress),0)] | [String.IsEqual(ListItem.DBtype,episode) + !String.IsEmpty(Container($PARAM[id]).ListItem.Property(WatchedProgress)) + !Integer.IsEqual(Container($PARAM[id]).ListItem.Property(WatchedProgress),0)]</visible> -->
			<!-- <include condition="$PARAM[focused]">Animation_FocusTextureFade</include> -->
		<!-- </control> -->
		<control type="image">
			<include>FocusBounce</include>
			<top>15</top>
			<left>15</left>
			<width>295</width>
			<height>405</height>
			<texture colordiffuse="$INFO[Skin.String(widgethomefocus)]">colors/white.png</texture>
			<visible>Control.HasFocus($PARAM[list_id]) + $PARAM[focused]</visible>
		</control>
		<control type="image">
			<top>0</top>
			<left>0</left>
			<width>325</width>
			<height>435</height>
			<bordertexture border="35" colordiffuse="black">masks/24-shadow.png</bordertexture>
			<bordersize>25.5</bordersize>
			<texture colordiffuse="black">colors/white.png</texture>
		</control>
		<control type="image">
			<top>30</top>
			<left>30</left>
			<width>265</width>
			<height>220</height>
			<texture>$INFO[ListItem.Icon]</texture>
		</control>
		<control type="textbox">
			<top>255</top>
			<left>30</left>
			<width>265</width>
			<height>155</height>
			<align>center</align>
			<aligny>center</aligny>
			<font>font27</font>
			<label>$INFO[ListItem.Label]</label>
			<bottom>5</bottom>
			<autoscroll fade="5000" time="5000" repeat="5000">Control.HasFocus($PARAM[list_id]) + $PARAM[focused]</autoscroll>
		</control>
		</control>
		</definition>
	</include>

	<include name="BigInfoWallMovieLayout">
	<param name="labeltop" value="$PARAM[labeltop]" default="95%"/>
	<param name="reflection" value="$PARAM[reflection]" default="false"/>
	<param name="list_id" value="$PARAM[list_id]" default="false"/>
	<param name="focused" value="$PARAM[focused]" default="false" />
	<param name="homefocusview" value="$PARAM[homefocusview]" default="false" />
	<param name="postericon" value="$PARAM[postericon]" default="false" />
	<param name="fanarticon" value="$PARAM[fanarticon]" default="false" />
	<param name="postenoratioicon" value="$PARAM[postenoratioicon]" default="false" />
	<param name="newleft" value="$PARAM[newleft]" default="0"/>
	<param name="newtop" value="$PARAM[newtop]" default="0"/>
		<definition>
		<control type="group">
		<include>Animation.SelectBoxHome</include>
			<control type="group">
			<visible>$PARAM[focused] + Control.HasFocus($PARAM[list_id])</visible>
            <control type="image">
                <left>3</left>
                <top>3</top>
                <right>3</right>
                <bottom>3</bottom>
				<include>BackGroundShadow</include>
                <texture colordiffuse="cyan" border="20">common/selectbox.png</texture>
            </control>
            <control type="image">
                <left>3</left>
                <top>3</top>
                <right>3</right>
                <bottom>3</bottom>
				<include>BackGroundShadow</include>
                <texture colordiffuse="deepskyblue" border="20">common/gradient-selectbox.png</texture>
            </control>
			</control>
		</control>
		<control type="group">
		<visible>$PARAM[homefocusview]</visible>
		<include>Animation.SelectBoxHome</include>
			<control type="group">
            <control type="image">
                <left>3</left>
                <top>3</top>
                <right>3</right>
                <bottom>3</bottom>
				<include>BackGroundShadow</include>
                <texture colordiffuse="cyan" border="20">common/selectbox.png</texture>
            </control>
            <control type="image">
                <left>3</left>
                <top>3</top>
                <right>3</right>
                <bottom>3</bottom>
				<include>BackGroundShadow</include>
                <texture colordiffuse="deepskyblue" border="20">common/gradient-selectbox.png</texture>
            </control>
			</control>
		</control>
        <control type="image">
            <left>10</left>
            <top>10</top>
            <right>10</right>
            <bottom>10</bottom>
			<include>BackGroundShadow</include>
            <texture colordiffuse="FF181818" border="4" background="true">common/diffuse_box.png</texture>
        </control>
		<control type="image">
            <left>10</left>
            <top>10</top>
            <right>10</right>
            <bottom>10</bottom>
			<include>BackGroundShadow</include>
            <texture diffuse="diffuse/widgetposter_new.png" background="true" fallback="DefaultGenre.png">$VAR[widgetpostertview]</texture>
			<visible>$PARAM[postenoratioicon]</visible>
		  </control>
		<control type="image">
            <left>10</left>
            <top>10</top>
            <right>10</right>
            <bottom>10</bottom>
            <aspectratio scalediffuse="false">scale</aspectratio>
			<include>BackGroundShadow</include>
            <texture diffuse="diffuse/widgetposter_new.png" background="true" fallback="DefaultGenre.png">$VAR[widgetpostertview]</texture>
			<visible>$PARAM[postericon]</visible>
		  </control>
		<control type="image">
            <left>10</left>
            <top>10</top>
            <right>10</right>
            <bottom>10</bottom>
			<include>BackGroundShadow</include>
            <texture diffuse="diffuse/widgetposter_new.png" background="true" fallback="DefaultGenre.png">$VAR[widgetfanartview]</texture>
			<visible>$PARAM[fanarticon]</visible>
		</control>
        <control type="image">
            <left>10</left>
            <top>10</top>
            <right>10</right>
            <bottom>10</bottom>
			<include>BackGroundShadow</include>
            <texture colordiffuse="gray" border="4" background="true" infill="false">common/box21.png</texture>
        </control>
		<control type="group">
			<left>$PARAM[newleft]</left>
			<top>$PARAM[newtop]</top>
			<visible>String.IsEqual(ListItem.Year,2024)</visible>
			<control type="image">
				<include>fade_fix</include>
				<top>10</top>
				<left>0</left>
				<width>57</width>
				<height>55</height>
				<texture colordiffuse="black">overlays/overlaywatched.png</texture>
			</control>
			<control type="label">
				<top>5</top>
				<left>10</left>
				<width>55</width>
				<height>55</height>
				<align>center</align>
				<aligny>center</aligny>
				<bottom>0</bottom>
				<angle>-45</angle>
				<textcolor>white</textcolor>
				<font>font_flag</font>
				<label>חדש</label>
				</control>
			</control>	
		
		<!-- <control type="image"> -->
            <!-- <left>10</left> -->
            <!-- <top>100%</top> -->
            <!-- <right>10</right> -->
            <!-- <bottom>0</bottom> -->
			<!-- <height>400</height> -->
            <!-- <aspectratio scalediffuse="false">scale</aspectratio> -->
            <!-- <texture flipy="true" diffuse="diffuse/listposter-ref-widgets.png" background="true" fallback="DefaultGenre.png">$INFO[ListItem.Icon]</texture> -->
			<!-- <visible>$PARAM[reflectionposter] + [String.IsEqual(Skin.String(viewtype),poster) | String.IsEqual(Skin.String(viewtype),squareposter)]</visible> -->
        <!-- </control> -->
		<!-- <control type="image"> -->
            <!-- <left>10</left> -->
            <!-- <top>100%</top> -->
            <!-- <right>10</right> -->
            <!-- <bottom>0</bottom> -->
			<!-- <height>400</height> -->
            <!-- <aspectratio scalediffuse="false">scale</aspectratio> -->
            <!-- <texture flipy="true" diffuse="diffuse/listposter-ref-widgets.png" background="true" fallback="DefaultGenre.png">$INFO[ListItem.Art(fanart)]</texture> -->
			<!-- <visible>$PARAM[reflectionfanart] + [String.IsEqual(Skin.String(viewtype),fanart) | String.IsEqual(Skin.String(viewtype),mediumfanart)]</visible> -->
        <!-- </control> -->
		<control type="label">
			<top>$PARAM[labeltop]</top>
			<right>10</right>
			<left>10</left>
			<align>center</align>
			<bottom>10</bottom>
			<font>font10</font>
			<label>$INFO[ListItem.Label]</label>
			<visible>$PARAM[enable.label]</visible>
		</control>
				
			<control type="group">
				<visible>$PARAM[focused] + String.IsEqual(Skin.String(viewtype),fanart) + Skin.HasSetting(cdenable)</visible>
				<top>75</top>
				<left>15</left>
				<control type="image">
				<animation type="Focus">
				<effect type="rotate" end="360" time="5000" center="140%,80%" loop="true" pulse="true" reversible="false"/>
				</animation>
				<width>220</width>
				<height>220</height>
				<texture diffuse="diffuse/diffuse_cd.png">$INFO[ListItem.Art(discart)]</texture>
			</control>
		</control>
		</definition>
	</include>

	<include name="View_54_InfoWall">
		<control type="group">
			<include>OpenClose_Right</include>
			<left>80</left>
			<top>0</top>
			<visible>Control.IsVisible(54)</visible>
			<include>Visible_Right</include>
			<control type="panel" id="54">
				<left>480</left>
				<top>10</top>
				<right>15</right>
				<height>100%</height>
				<onleft>9000</onleft>
				<onright>531</onright>
				<onup condition="Integer.IsGreater(Container.NumPages,1)">54</onup>
				<onup condition="!Integer.IsGreater(Container.NumPages,1)">9000</onup>
				<ondown>54</ondown>
				<viewtype label="31101">icon</viewtype>
				<preloaditems>2</preloaditems>
				<pagecontrol>531</pagecontrol>
				<scrolltime tween="cubic" easing="out">500</scrolltime>
				<visible>Container.Content(artists) | Container.Content(albums) | Container.Content(sets) | Container.Content(movies) | Container.Content(tvshows) | Container.Content(seasons) | Container.Content(musicvideos) | Container.Content(images) | Container.Content(videos) | Container.Content(games)</visible>
				<itemlayout height="445" width="310" condition="Container.Content(movies) | Container.Content(sets) | Container.Content(tvshows) | Container.Content(seasons) | [Container.Content(musicvideos) + Skin.HasSetting(show_musicvideoposter)]">
					<control type="group">
						<left>30</left>
						<top>120</top>
						<include>BigInfoWallMovieLayout</include>
					</control>
				</itemlayout>
				<focusedlayout height="445" width="310" condition="Container.Content(movies) | Container.Content(sets) | Container.Content(tvshows) | Container.Content(seasons) | [Container.Content(musicvideos) + Skin.HasSetting(show_musicvideoposter)]">
					<control type="group">
						<depth>DepthContentPopout</depth>
						<left>30</left>
						<!-- <animation effect="zoom" start="100" end="103" time="200" tween="sine" easing="inout" center="190,300">Focus</animation>
						<animation effect="zoom" start="103" end="100" time="200" tween="sine" easing="inout" center="190,300">UnFocus</animation> -->
						<top>120</top>
						<include content="BigInfoWallMovieLayout">
							<param name="focused" value="true" />
						</include>
					</control>
				</focusedlayout>
				<!-- infowall spacing -->
				<itemlayout height="301" width="410" condition="Container.Content(episodes) | Container.Content(videos) | [Container.Content(musicvideos) + !Skin.HasSetting(show_musicvideoposter)]">
					<control type="group">
						<left>64</left>
						<top>110</top>
						<include content="BigInfoWallEpisodeLayout">
							<param name="focused" value="false" />
							<param name="thumb_label" value="$INFO[ListItem.Label2]" />
						</include>
					</control>
				</itemlayout>
				<focusedlayout height="301" width="410" condition="Container.Content(episodes) | Container.Content(videos) | [Container.Content(musicvideos) + !Skin.HasSetting(show_musicvideoposter)]">
					<control type="group">
						<depth>DepthContentPopout</depth>
						<animation effect="zoom" start="100" end="110" time="200" tween="sine" easing="inout" center="180,100">Focus</animation>
						<animation effect="zoom" start="110" end="100" time="200" tween="sine" easing="inout" center="180,100">UnFocus</animation>
						<left>64</left>
						<top>110</top>
						<include content="BigInfoWallEpisodeLayout">
							<param name="focused" value="true" />
							<param name="thumb_label" value="$INFO[ListItem.Label2]" />
						</include>
					</control>
				</focusedlayout>
				<itemlayout height="410" width="310" condition="Container.Content(artists) | Container.Content(albums)">
					<control type="group">
						<top>150</top>
						<left>40</left>
						<include>InfoWallMusicLayout</include>
					</control>
				</itemlayout>
				<focusedlayout height="410" width="310" condition="Container.Content(artists) | Container.Content(albums)">
					<control type="group">
						<depth>DepthContentPopout</depth>
						<animation effect="zoom" start="100" end="115" time="200" tween="sine" easing="inout" center="200,350">Focus</animation>
						<animation effect="zoom" start="115" end="100" time="200" tween="sine" easing="inout" center="200,350">UnFocus</animation>
						<top>150</top>
						<left>40</left>
						<include content="InfoWallMusicLayout">
							<param name="focused" value="true" />
						</include>
					</control>
				</focusedlayout>
				<itemlayout height="401" width="378" condition="Container.Content(images)">
					<control type="group">
						<left>0</left>
						<top>150</top>
						<include>InfoWallPictureLayout</include>
					</control>
				</itemlayout>
				<focusedlayout height="401" width="378" condition="Container.Content(images)">
					<control type="group">
						<depth>DepthContentPopout</depth>
						<left>0</left>
						<top>150</top>
						<animation effect="zoom" start="100" end="110" time="200" tween="sine" easing="inout" center="180,330">Focus</animation>
						<animation effect="zoom" start="110" end="100" time="200" tween="sine" easing="inout" center="180,330">UnFocus</animation>
						<include content="InfoWallPictureLayout">
							<param name="focused" value="true" />
						</include>
					</control>
				</focusedlayout>
			</control>
		</control>
	</include>

</includes>
