	<?xml version="1.0" encoding="UTF-8"?>
<includes>
	<include name="View_617_SimpleList">
	<control type="group">
	<visible>Control.Isvisible(617) + !Container(617).IsUpdating + Integer.IsGreater(Container(617).NumItems,0)</visible>
		<left>5</left>
		<top>85</top>
		<bottom>5</bottom>
		<control type="group">
		<right>1220</right>
		<include>GeneralBasedBackGround</include>
		<include>OpenClose_NoFadeSlide_Left</include>
		<control type="group">
		<!-- icon episode view -->
		<control type="image">
			<top>15</top>
			<left>15</left>
			<right>15</right>
			<bottom>15</bottom>
			<fadetime>250</fadetime>
			<texture diffuse="masks/poster_w460_h680.png" border="21">$VAR[GetPosterIconImage]</texture>
			<visible>![String.Contains(ListItem.FolderPath,idanplus) | String.IsEqual(ListItem.DBTYPE,episode)]</visible>
		</control>
		<control type="image">
			<top>15</top>
			<left>15</left>
			<right>15</right>
			<bottom>15</bottom>
			<fadetime>250</fadetime>
			<texture>fallbacks/fallback1.jpg</texture>
			<visible>String.IsEmpty(ListItem.Art(poster) + String.IsEmpty(ListItem.Icon)</visible>
			<visible>String.IsEqual(ListItem.Label,..) | String.Contains(ListItem.Label,עמוד הבא)</visible>
		</control>
		<control type="image">
			<top>15</top>
			<left>15</left>
			<right>15</right>
			<bottom>15</bottom>
			<fadetime>250</fadetime>
			<texture fallback="fallbacks/fallback1.jpg">$INFO[ListItem.Icon]</texture>
			<aspectratio>keep</aspectratio>
			<visible>String.Contains(ListItem.FolderPath,idanplus) | String.Contains(ListItem.FolderPath,youtube) | String.IsEqual(ListItem.DBTYPE,episode)</visible>
		</control>
		</control>
		</control>
		
		<!-- show seasons and episodes in the buttom of episodes lists -->
		<!-- <include content="SeasonsEpsiodesVideoNav"> -->
		<!-- <param name="itemnumber" value="2"/> -->
		<!-- <param name="top" value="572"/> -->
		<!-- </include> -->
			
		
	<control type="fixedlist" id="617">
	<!-- <visible>![Container.Content(movies) | Container.Content(tvshows) | Container.Content(seasons) | Container.Content(episodes)]</visible> -->
	<left>695</left>
	<onleft>9000</onleft>
	<orientation>vertical</orientation>
	<scrolltime tween="cubic">550</scrolltime>
	<focusposition>6</focusposition>
	<viewtype label="simplelist">simplelist</viewtype>
	<movement>6</movement>
	<ondown>false</ondown>
	<onup>false</onup>
	<include>WidgetDetailsOnRight</include>
	<include>HomeWidgetOpenClose_NoFadeSlide_Right</include>
	<itemlayout width="1220" height="76">
	<control type="group">
	<height>76</height>
	<include content="GeneralBasedBackGround">
	<param name="visible">String.IsEqual(Skin.String(EnableLocalFocusedLayoutFrames),false)</param>
	</include>
	<control type="label">
		<aligny>center</aligny>
		<align>left</align>
		<left>40</left>
		<right>200</right>
		<label>$INFO[ListItem.Label]</label>
		<textcolor>$INFO[Skin.String(TextBackGroundColor)]</textcolor>
		<visible>![String.IsEmpty(ListItem.Rating) | String.IsEmpty(ListItem.Year)]</visible>
	</control>
	<control type="label">
		<aligny>center</aligny>
		<align>left</align>
		<left>40</left>
		<right>5</right>
		<textcolor>$INFO[Skin.String(TextBackGroundColor)]</textcolor>
		<label>$INFO[ListItem.Label]</label>
		<visible>[String.IsEmpty(ListItem.Rating) | String.IsEmpty(ListItem.Year)]</visible>
	</control>
	<control type="label">
		<aligny>center</aligny>
		<align>right</align>
		<left>300</left>
		<right>15</right>
		<textcolor>$INFO[Skin.String(TextBackGroundColor)]</textcolor>
		<label>$VAR[ViewTypeGlobalLabel]</label>
	</control>
	<control type="image">
		<left>5</left>
		<top>25</top>
		<width>35</width>
		<height>35</height>
		<texture colordiffuse="$INFO[Skin.String(TextBackGroundColor)]">$VAR[ListWatchedIconVar]</texture>
		<visible>![String.Contains(ListItem.Label,חיפוש) | String.Contains(ListItem.Label,עמוד הבא)]</visible>
	</control>
	<control type="image">
		<top>10</top>
		<left>400</left>
		<width>55</width>
		<height>55</height>
		<texture colordiffuse="$INFO[Skin.String(TextBackGroundColor)]">icons/back.png</texture>
		<visible>String.IsEqual(ListItem.Label,..)</visible>
	</control>
	</control>
	</itemlayout>
	
	<focusedlayout width="1220" height="76" condition="String.IsEmpty(ListItem.Genre)">
	<control type="group">
	<height>76</height>
	<include content="GeneralBasedBackGround">
	<param name="visible">String.IsEqual(Skin.String(EnableLocalFocusedLayoutFrames),false)</param>
	</include>
	<control type="image">
		<top>5</top>
		<left>5</left>
		<right>5</right>
		<bottom>5</bottom>
		<texture colordiffuse="white" border="20">masks/box.png</texture>
		<visible>Control.HasFocus(617)</visible>
	</control>
	<control type="label">
		<aligny>center</aligny>
		<align>left</align>
		<left>40</left>
		<right>200</right>
		<label>$INFO[ListItem.Label]</label>
		<textcolor>black</textcolor>
		<visible>![String.IsEmpty(ListItem.Rating) | String.IsEmpty(ListItem.Year)]</visible>
	</control>
	<control type="label">
		<aligny>center</aligny>
		<align>left</align>
		<left>40</left>
		<right>5</right>
		<textcolor>black</textcolor>
		<label>$INFO[ListItem.Label]</label>
		<visible>[String.IsEmpty(ListItem.Rating) | String.IsEmpty(ListItem.Year)]</visible>
	</control>
	<control type="label">
		<aligny>center</aligny>
		<align>right</align>
		<left>300</left>
		<right>15</right>
		<textcolor>black</textcolor>
		<label>$VAR[ViewTypeGlobalLabel]</label>
	</control>
	<control type="image">
		<left>5</left>
		<top>25</top>
		<width>35</width>
		<height>35</height>
		<texture colordiffuse="black">$VAR[ListWatchedIconVar]</texture>
		<visible>![String.Contains(ListItem.Label,חיפוש) | String.Contains(ListItem.Label,עמוד הבא)]</visible>
	</control>
	<control type="image">
		<top>10</top>
		<left>400</left>
		<width>55</width>
		<height>55</height>
		<texture colordiffuse="black">icons/back.png</texture>
		<visible>String.IsEqual(ListItem.Label,..)</visible>
	</control>
	</control>
	</focusedlayout>		
		
	<focusedlayout width="1220" height="80" condition="!String.IsEmpty(ListItem.Genre)">
	<control type="group">
	<height>80</height>
	<include content="GeneralBasedBackGround">
	<param name="visible">String.IsEqual(Skin.String(EnableLocalFocusedLayoutFrames),false)</param>
	</include>
	<control type="image">
		<top>5</top>
		<left>5</left>
		<right>5</right>
		<bottom>5</bottom>
		<texture border="20">masks/box.png</texture>
		<visible>Control.HasFocus(617)</visible>
		</control>	
	<!-- ON UNFOCUS -->
	<control type="group">
	<visible>!Control.HasFocus(617)</visible>
	<control type="image">
		<left>5</left>
		<top>8</top>
		<width>35</width>
		<height>35</height>
		<texture colordiffuse="$INFO[Skin.String(TextBackGroundColor)]">$VAR[ListWatchedIconVar]</texture>
	</control>
	<control type="label">
		<align>left</align>
		<left>40</left>
		<right>200</right>
		<label>$INFO[ListItem.Label]</label>
		<textcolor>$INFO[Skin.String(TextBackGroundColor)]</textcolor>
		<visible>!String.Contains(ListItem.FolderPath,idanplus)</visible>
	</control>
	<control type="label">
		<align>left</align>
		<left>40</left>
		<right>5</right>
		<label>$INFO[ListItem.Label]</label>
		<textcolor>$INFO[Skin.String(TextBackGroundColor)]</textcolor>
		<visible>String.Contains(ListItem.FolderPath,idanplus)</visible>
	</control>
	<control type="image">
		<left>5</left>
		<top>40</top>
		<width>35</width>
		<height>35</height>
		<texture colordiffuse="$INFO[Skin.String(TextBackGroundColor)]">osd/fullscreen/buttons/play.png</texture>
	</control>
	<control type="label">
		<top>40</top>
		<align>left</align>
		<left>40</left>
		<font>font10</font>
		<label>$INFO[ListItem.Duration,אורך: ] [COLOR red]•[/COLOR] $INFO[System.Time,זמן נוכחי: ] [COLOR red]•[/COLOR] $INFO[ListItem.EndTime,מסתיים: ]</label>
		<textcolor>$INFO[Skin.String(TextBackGroundColor)]</textcolor>
		<visible>String.IsEmpty(ListItem.Property(TotalSeasons)</visible>
		<visible>String.IsEqual(ListItem.DBTYPE,movie) | Container.Content(movies)</visible>
	</control>
	<control type="label">
		<top>40</top>
		<align>left</align>
		<left>40</left>
		<font>font10</font>
		<label>$INFO[ListItem.Property(TotalSeasons),עונות: ] [COLOR red]•[/COLOR] $INFO[ListItem.Property(TotalEpisodes),פרקים: ]</label>
		<textcolor>$INFO[Skin.String(TextBackGroundColor)]</textcolor>
		<visible>String.IsEqual(ListItem.DBTYPE,tvshow) | Container.Content(tvshows)</visible>
	</control>
	<control type="label">
		<top>40</top>
		<align>left</align>
		<left>40</left>
		<font>font10</font>
		<label>[B]$INFO[ListItem.Property(TotalEpisodes),פרקים לעונה: [COLOR red]•[/COLOR] ] $INFO[ListItem.Property(UnWatchedEpisodes),לא נצפו: ][/B]</label>
		<textcolor>$INFO[Skin.String(TextBackGroundColor)]</textcolor>
		<visible>[String.IsEqual(ListItem.DBTYPE,season) | Container.Content(seasons)] </visible>
	</control>
	<control type="label">
		<aligny>center</aligny>
		<align>right</align>
		<left>300</left>
		<right>15</right>
		<textcolor>$INFO[Skin.String(TextBackGroundColor)]</textcolor>
		<label>$VAR[ViewTypeGlobalLabel]</label>
	</control>	
	</control>
	<!-- ON FOCUS -->
	<control type="group">
	<visible>Control.HasFocus(617)</visible>
	<control type="image">
		<left>5</left>
		<top>40</top>
		<width>35</width>
		<height>35</height>
		<texture colordiffuse="red">osd/fullscreen/buttons/play.png</texture>
	</control>	
	<control type="image">
		<left>5</left>
		<top>8</top>
		<width>35</width>
		<height>35</height>
		<texture colordiffuse="black">$VAR[ListWatchedIconVar]</texture>
	</control>
	<control type="label">
		<align>left</align>
		<left>40</left>
		<right>5</right>
		<font>font32_title</font>
		<label>$INFO[ListItem.Label]</label>
		<textcolor>black</textcolor>
		<visible>String.Contains(ListItem.FolderPath,idanplus)</visible>
	</control>
	<control type="label">
		<align>left</align>
		<left>40</left>
		<right>200</right>
		<font>font32_title</font>
		<label>$INFO[ListItem.Label]</label>
		<textcolor>black</textcolor>
		<visible>!String.Contains(ListItem.FolderPath,idanplus)</visible>
	</control>
	<control type="label">
		<top>40</top>
		<align>left</align>
		<left>40</left>
		<font>font10</font>
		<textcolor>black</textcolor>
		<label>[B]$INFO[ListItem.Duration,אורך: ] [COLOR red]•[/COLOR] $INFO[System.Time,זמן נוכחי: ] [COLOR red]•[/COLOR] $INFO[ListItem.EndTime,מסתיים: ][/B]</label>
		<visible>String.IsEmpty(ListItem.Property(TotalSeasons)</visible>
		<visible>String.IsEmpty(ListItem.Property(TotalEpisodes)</visible>
		<visible>!String.Contains(ListItem.FolderPath,idanplus)</visible>
		<visible>!String.IsEqual(ListItem.DBTYPE,episode)</visible>
	</control>
	<control type="label">
		<top>40</top>
		<align>left</align>
		<left>40</left>
		<font>font10</font>
		<textcolor>black</textcolor>
		<label>[B]$INFO[ListItem.Duration,אורך: ] [COLOR red]•[/COLOR] $INFO[System.Time,זמן נוכחי: ] [COLOR red]•[/COLOR] $INFO[ListItem.EndTime,מסתיים: ][/B]</label>
		<visible>String.IsEqual(ListItem.DBTYPE,movie) | Container.Content(movies)</visible>
		<visible>String.Contains(ListItem.FolderPath,idanplus) + Window.IsActive(home)</visible>
	</control>
	<control type="label">
		<top>40</top>
		<align>left</align>
		<left>40</left>
		<font>font10</font>
		<textcolor>black</textcolor>
		<label>[B]$INFO[ListItem.Property(TotalSeasons),עונות: ] [COLOR red]•[/COLOR] $INFO[ListItem.Property(TotalEpisodes),פרקים: ][/B]</label>
		<visible>[String.IsEqual(ListItem.DBTYPE,tvshow) | Container.Content(tvshows)] </visible>
	</control>
	<control type="label">
		<top>40</top>
		<align>left</align>
		<left>40</left>
		<font>font10</font>
		<textcolor>black</textcolor>
		<label>[B]$INFO[ListItem.Property(TotalEpisodes),פרקים לעונה: ] [COLOR red]•[/COLOR] $INFO[ListItem.Property(UnWatchedEpisodes),לא נצפו: ][/B]</label>
		<visible>[String.IsEqual(ListItem.DBTYPE,season) | Container.Content(seasons)] </visible>
	</control>
	<control type="label">
		<top>40</top>
		<align>left</align>
		<left>40</left>
		<font>font10</font>
		<textcolor>black</textcolor>
		<label>[B]$INFO[Listitem.Premiered, הפרק שודר בתאריך: ] [COLOR red]•[/COLOR] $INFO[Listitem.EndTime, התוכנית תסתיים בשעה: ][/B]</label>
		<visible>[String.IsEqual(ListItem.DBTYPE,episode) | Container.Content(episodes)] </visible>
	</control>
	<control type="label">
		<aligny>center</aligny>
		<align>right</align>
		<left>300</left>
		<right>15</right>
		<font>font32_title</font>
		<textcolor>black</textcolor>
		<label>$VAR[ViewTypeGlobalLabel]</label>
	</control>
	<control type="progress">
		<top>57</top>
		<align>right</align>
		<right>15</right>
		<left>800</left>
		<height>12</height>
		<texturebg colordiffuse="gray">colors/white.png</texturebg>
		<midtexture colordiffuse="red">colors/white.png</midtexture>
		<info>ListItem.PercentPlayed</info>
		<visible>Integer.IsGreater(ListItem.PercentPlayed,2)</visible>
	</control>
	</control>
	<control type="image">
		<top>10</top>
		<left>400</left>
		<width>55</width>
		<height>55</height>
		<texture colordiffuse="black">icons/back.png</texture>
		<visible>String.IsEqual(ListItem.Label,..)</visible>
	</control>	
	</control>
	<control type="button">
		<height>1</height>
		<width>1</width>
		<label/>
		<include>SetPropertyOnfocus</include>
	</control>
	</focusedlayout>
	</control>
	</control>
	</include>
	
	
		<include name="MiniVideoBottom">
		<param name="top" default="5"/>
		<param name="left" default="10"/>
		<param name="right" default="1450"/>
		<param name="bottom" default="795"/>
		<definition>
		<control type="group">
		<top>$PARAM[top]</top>
		<left>$PARAM[left]</left>
		<right>$PARAM[right]</right>
		<bottom>$PARAM[bottom]</bottom>
		<include>GeneralBasedBackGround</include>
		<include>OpenClose_NoFadeSlide_Left</include>
		<visible>Player.HasVideo</visible>
		<!-- <visible>Skin.HasSetting(minivideplayed)</visible> -->
		<visible>$PARAM[visible]</visible>
		<control type="VideoWindow">
			<left>20</left>
			<right>20</right>
			<bottom>20</bottom>
			<top>20</top>
			<aspectratio scalediffuse="false">keep</aspectratio>
		</control>
		</control>
		</definition>
	</include>

	
	<include name="SetStatusInfo2">
	<control type="group">
	<animation condition="Control.HasFocus(5000018)" effect="zoom" center="70%,50%" start="100,100" end="120,120" time="250">Conditional</animation>
		<left>300</left>
		<right>300</right>
		<top>200</top>
		<bottom>200</bottom>
	<visible allowhiddenfocus="true">Control.HasFocus(5000018) | Control.HasFocus(500014) | Control.HasFocus(3001)</visible>
	<control type="image">
		<left>-2</left>
		<top>-2</top>
		<right>-2</right>
		<bottom>-2</bottom>
	<texture colordiffuse="button_focus">masks/dialog-bg-large.png</texture>
	</control>
	<control type="image">
		<left>0</left>
		<top>0</top>
		<right>0</right>
		<bottom>0</bottom>
		<texture colordiffuse="black">masks/dialog-bg-large.png</texture>
	</control>
	<control type="button" id="5000018">
		<left>-2000</left>
		<top>-2000</top>
		<width>6000</width>
		<height>6000</height>
		<texturefocus />
		<texturenofocus />
		<onright>Control.SetFocus(500014)</onright>
		<onleft>Control.SetFocus(500014)</onleft>
		<onback>500014</onback>
		<ondown>617</ondown>
		<onup>617</onup>
	</control>
	<control type="button" id="500014">
		<left>-2000</left>
		<top>-2000</top>
		<width>6000</width>
		<height>6000</height>
		<texturefocus />
		<texturenofocus />
		<onright>Control.SetFocus(5000018)</onright>
		<ondown>Control.SetFocus(3001)</ondown>
		<onup>Control.SetFocus(3001)</onup>
		<onback>617</onback>
	</control>
	<control type="scrollbar" id="3001">
		<onback>617</onback>
		<include>HiddenObject</include>
		<ondown>3001</ondown>
		<onup>3001</onup>
	</control>
		<control type="button">
			<centerleft>50%</centerleft>
			<top>-35</top>
			<width>48</width>
			<height>20</height>
			<texturefocus colordiffuse="button_focus" flipy="true">overlays/arrowdown.png</texturefocus>
			<texturenofocus colordiffuse="button_focus" flipy="true">overlays/arrowdown.png</texturenofocus>
			<onclick>SetFocus(3000)</onclick>
			<onclick>Up</onclick>
		</control>
		<control type="button">
			<centerleft>50%</centerleft>
			<top>700</top>
			<width>48</width>
			<height>20</height>
			<onclick>SetFocus(3000)</onclick>
			<onclick>Down</onclick>
			<texturefocus colordiffuse="button_focus">overlays/arrowdown.png</texturefocus>
			<texturenofocus colordiffuse="button_focus">overlays/arrowdown.png</texturenofocus>
		</control>
	<control type="grouplist" id="3001">
	<left>40</left>
	<top>15</top>
	<right>40</right>
	<bottom>15</bottom>
	<aligny>center</aligny>
	<orientation>vertical</orientation>
	<itemgap>15</itemgap>
	<pagecontrol>3001</pagecontrol>
		<control type="label">
			<align>right</align>
			<height max="35">auto</height>
			<textcolor>red</textcolor>
			<font>font37</font>
			<label>$VAR[duration_fix,אורך: , [COLOR burlywood]-[/COLOR]]$INFO[ListItem.Premiered , תאריך שחרור: ]</label>
			<visible>Container.Content(movies)</visible>
		</control>
		<control type="label">
			<align>right</align>
			<font>font37</font>
			<height max="35">auto</height>
			<label>הפרק האחרון $INFO[ListItem.Property(Next_Aired.Episode),פרק] - $INFO[ListItem.Property(Next_Aired.Season),עונה] - $INFO[ListItem.Property(Next_Aired), שוחרר בתאריך: ] - $VAR[NextAiredDayLabel,ב]</label>
			<textcolor>red</textcolor>
			<visible>String.IsEqual(ListItem.DBTYPE,tvshow)</visible>
			<visible>!String.IsEmpty(ListItem.Property(Next_Aired.Short)</visible>
		</control>
		<control type="label">
			<align>right</align>
			<font>font37</font>
			<height max="35">auto</height>
			<label>$VAR[NextAiredDayLabel,הפרק הבא ישודר בתאריך: ] - $INFO[ListItem.Property(Next_Aired.Episode),פרק: ] $INFO[ListItem.Property(Next_Aired.Season), עונה: ] - $INFO[ListItem.Property(Next_Aired), בתאריך: ]</label>
			<textcolor>red</textcolor>
			<visible>String.IsEqual(ListItem.DBTYPE,season)</visible>
			<visible>!String.IsEmpty(ListItem.Property(Next_Aired.Short)</visible>
		</control>
		<control type="label">
			<align>right</align>
			<font>font37</font>
			<height max="35">auto</height>
			<label>$INFO[ListItem.Property(Creator),[COLOR white][B]יוצר/י התוכנית:[/COLOR][/B] ]</label>
			<textcolor>burlywood</textcolor>
			<visible>String.IsEqual(ListItem.DBTYPE,tvshow) | String.IsEqual(ListItem.DBTYPE,season) | String.IsEqual(ListItem.DBTYPE,episode)</visible>
			<visible>!String.IsEmpty(ListItem.Property(Creator))</visible>
		</control>
		<control type="label">
			<align>right</align>
			<height max="35">auto</height>
			<font>font37</font>
			<textcolor>burlywood</textcolor>
			<label>$VAR[SetYearRange] $INFO[Control.GetLabel(55006),[B][COLOR white]עונות בסדרה:[/B][/COLOR] ]</label>
			<visible>Container.Content(tvshows)</visible>
		</control>	
		<control type="textbox">
			<align>right</align>
			<height max="95">auto</height>
			<font>font37</font>
			<label>$INFO[ListItem.EndTimeResume,[COLOR burlywood]התוכן יסתיים מהנקודה שבו הפסקת בשעה[/COLOR] , [COLOR burlywood]-[/COLOR] ,] $INFO[ListItem.EndTime,[COLOR burlywood]בצפיה מחדש הסיום יהיה בשעה[/COLOR] ] [COLOR burlywood]-[/COLOR] $INFO[ListItem.PercentPlayed,[COLOR burlywood]צפית ב:[/COLOR] ]% [COLOR burlywood]מהתוכנית[/COLOR]</label>
			<visible>!String.IsEmpty(ListItem.EndTimeResume)</visible>
			<visible>ListItem.IsResumable</visible>
		</control>
		<control type="textbox">
			<align>right</align>
			<font>font37</font>
			<height max="92">auto</height>
			<label>$INFO[ListItem.Studio,[COLOR button_focus]רשת: [/COLOR], [COLOR deeppink]•[/COLOR]] $VAR[SetHebStatus]</label>
			<visible>String.IsEqual(ListItem.DBTYPE,tvshow) | String.IsEqual(ListItem.DBTYPE,season)</visible>
		</control>
		<control type="textbox">
			<align>right</align>
			<font>font37</font>
			<height max="85">auto</height>
			<label>$INFO[ListItem.Premiered,[COLOR button_focus]שוחרר בתאריך: [/COLOR], [COLOR deeppink]•[/COLOR]] $VAR[CheckTotalEpisodes] $VAR[CheckUnWatchedTotalEpisodes] $VAR[CheckWatchedTotalEpisodes]</label>
		</control>
		<control type="textbox">
			<align>right</align>
			<font>font37</font>
			<height max="45">auto</height>
			<label>$INFO[ListItem.Episode,תקציר לפרק ]</label>
			<visible>String.IsEqual(ListItem.DBTYPE,episode)</visible>
		</control>
		<control type="label">
			<align>right</align>
			<font>font40_title</font>
			<height max="45">auto</height>
			<label>$INFO[ListItem.Label] $INFO[ListItem.Year,(,)]</label>
		</control>
		<control type="label">
			<align>right</align>
			<font>font32_title</font>
			<height max="32">auto</height>
			<textcolor>burlywood</textcolor>
			<label>$INFO[ListItem.Genre]</label>
		</control>
		<control type="group">
		<height>25</height>
		<visible>!Integer.IsEqual(ListItem.PercentPlayed,0)</visible>
		<control type="progress">
			<top>15</top>
			<align>right</align>
			<width>800</width>
			<height>15</height>
			<right>0</right>
			<info>ListItem.PercentPlayed</info>
		</control>
		<control type="label">
			<top>8</top>
			<height>15</height>
			<font>font20_title</font>
			<align>right</align>
			<right>800</right>
			<label>$INFO[ListItem.PercentPlayed]% </label>
		</control>
		</control>
		<control type="textbox">
			<align>right</align>
			<font>font45</font>
			<height max="auto">auto</height>
			<label>$INFO[ListItem.Plot]</label>
		</control>
	</control>
	</control>
	
		<control type="group">
		<top>170</top>
		<height>50</height>
			<control type="label">
			<align>center</align>
			<font>font45_title</font>
			<visible>String.Contains(Container(617).ListItem.Label,mp4) | String.Contains(Container(617).ListItem.Label,mkv) | String.Contains(Container(617).ListItem.Label,MP4) | String.Contains(Container(617).ListItem.Label,Mp4) | String.Contains(Container(617).ListItem.Label,MKV)</visible>
			<label>לפניך מספר מקורות לבחירה לניגון התוכן</label>
			<animation effect="fade" start="0" end="500" time="400">VisibleChange</animation>
		</control>
		</control>
		
	</include>
	
</includes>
