<?xml version="1.0" encoding="UTF-8"?>
<includes>


	<include name="View_502_Square">

	<control type="group">
	<visible>Control.IsVisible(502)</visible>
	<include content="newdefaultbackground">
		<param name="setrange" value="bgrange502"/>
			<param name="colordiffuse" value="false"/>
			<param name="imagepath" value="special://skin/extras/backgrounds/bg1.jpg"/>
		</include>
	</include>
	</control>
		
		<control type="group">
			<include>OpenClose_Right</include>
			<left>0</left>
			<top>0</top>
			<visible>Control.IsVisible(502)</visible>
			<include>Visible_Right</include>
			<include content="GlobalSideInfoPanelBG">
			<param name="visible" value="Control.IsVisible(502)"/>
			<param name="width" value="650"/>
			</include>
			<include>InfoPanelView502</include>
			<control type="panel" id="502">
			<visible>Container.Content(movies)</visible>
				<left>585</left>
				<top>35</top>
				<width>82%</width>
				<height>1050</height>
				<onleft>9000</onleft>
				<onright>false</onright>
				<onup>false</onup>
				<ondown>false</ondown>
				<orientation>vertical</orientation>
				<viewtype label="Square">Panel</viewtype>
				<preloaditems>2</preloaditems>
				<pagecontrol>531</pagecontrol>
				<scrolltime tween="cubic" easing="out">500</scrolltime>
				<itemlayout width="325" height="325">
				<control type="group">
					<control type="image">
						<width>350</width>
						<height>320</height>
						<include>ObdShadow</include>
						</control>
					<control type="image">
						<top>40</top>
						<left>5</left>
						<width>340</width>
						<height>240</height>
						<bordertexture border="24">masks/24-shadow.png</bordertexture>
						<bordersize>24</bordersize>
						<texture fallback="fallbacks/fallback1.jpg">$INFO[ListItem.Art(fanart)]</texture>
					</control>
					<control type="image">
					<visible>String.IsEmpty(ListItem.Art(fanart)</visible>
						<top>40</top>
						<left>5</left>
						<width>340</width>
						<height>240</height>
						<bordertexture border="24">masks/24-shadow.png</bordertexture>
						<bordersize>24</bordersize>
						<texture fallback="fallbacks/fallback1.jpg">$INFO[ListItem.Art(poster)]</texture>
					</control>					
					<control type="progress">
						<left>25</left>
						<top>305</top>
						<width>250</width>
						<height>1</height>
						<texturebg></texturebg>
						<midtexture colordiffuse="button_focus" border="3">progress/texturebg_alt_white.png</midtexture>
						<info>Container($PARAM[id]).ListItem.Property(WatchedProgress)</info>
						<visible>[String.IsEqual(ListItem.DBtype,movie) + !String.IsEmpty(Container($PARAM[id]).ListItem.Property(WatchedProgress)) + !Integer.IsEqual(Container($PARAM[id]).ListItem.Property(WatchedProgress),0)] | [Integer.IsGreater(Container($PARAM[id]).ListItem.Property(UnwatchedEpisodes),0) + !String.IsEmpty(Container($PARAM[id]).ListItem.Property(WatchedProgress)) + !Integer.IsEqual(Container($PARAM[id]).ListItem.Property(WatchedProgress),0)] | [String.IsEqual(ListItem.DBtype,episode) + !String.IsEmpty(Container($PARAM[id]).ListItem.Property(WatchedProgress)) + !Integer.IsEqual(Container($PARAM[id]).ListItem.Property(WatchedProgress),0)]</visible>
						<include condition="$PARAM[focused]">Animation_FocusTextureFade</include>
					</control>
					<control type="label">
						<scroll>false</scroll>
						<left>10</left>
						<top>232</top>
						<width>100</width>
						<label>$INFO[ListItem.Property(WatchedProgress)]%</label>
						<font>font20_title</font>
						<shadowcolor>text_shadow</shadowcolor>
						<align>left</align>
						<visible>!Integer.IsEqual(Container($PARAM[id]).ListItem.Property(WatchedProgress),0) + [String.IsEqual(ListItem.DBTYPE,tvshow) | [String.IsEqual(ListItem.DBTYPE,episode)]</visible>
					</control>
					<control type="label">
						<top>20</top>
						<width>340</width>
						<height>35</height>
						<align>center</align>
						<label>מתנגן עכשיו</label>
						<visible>ListItem.IsPlaying</visible>
					</control>
					<control type="label">
						<left>25</left>
						<top>255</top>
						<bottom>0</bottom>
						<align>center</align>
						<label>$INFO[ListItem.Label]</label>
					</control>
					<control type="label">
						<visible>!ListItem.IsPlaying</visible>
						<left>25</left>
						<top>25</top>
						<bottom>0</bottom>
						<align>center</align>
						<label>$INFO[ListItem.Year]</label>
					</control>
				</control>
				</itemlayout>
				<focusedlayout width="325" height="325">
					<control type="group">
					<control type="progress">
						<left>25</left>
						<top>305</top>
						<width>250</width>
						<height>1</height>
						<texturebg></texturebg>
						<midtexture colordiffuse="button_focus" border="3">progress/texturebg_alt_white.png</midtexture>
						<info>Container($PARAM[id]).ListItem.Property(WatchedProgress)</info>
						<visible>[String.IsEqual(ListItem.DBtype,movie) + !String.IsEmpty(Container($PARAM[id]).ListItem.Property(WatchedProgress)) + !Integer.IsEqual(Container($PARAM[id]).ListItem.Property(WatchedProgress),0)] | [Integer.IsGreater(Container($PARAM[id]).ListItem.Property(UnwatchedEpisodes),0) + !String.IsEmpty(Container($PARAM[id]).ListItem.Property(WatchedProgress)) + !Integer.IsEqual(Container($PARAM[id]).ListItem.Property(WatchedProgress),0)] | [String.IsEqual(ListItem.DBtype,episode) + !String.IsEmpty(Container($PARAM[id]).ListItem.Property(WatchedProgress)) + !Integer.IsEqual(Container($PARAM[id]).ListItem.Property(WatchedProgress),0)]</visible>
						<include condition="$PARAM[focused]">Animation_FocusTextureFade</include>
					</control>
					<control type="image">
						<top>0</top>
						<left>0</left>
						<width>350</width>
						<height>320</height>
						<bordertexture>kodirdil/shadows/poster shadow small.png</bordertexture>
						<bordersize>4</bordersize>
						<texture border="5" colordiffuse="button_focus">colors/white.png</texture>
						<visible>$PARAM[focused]</visible>
						<include condition="$PARAM[focused]">Animation_FocusTextureFade</include>
					</control>
					<control type="image">
						<width>350</width>
						<height>320</height>
						<include>ObdShadow</include>
					</control>
					<control type="image">
						<top>40</top>
						<left>5</left>
						<width>340</width>
						<height>240</height>
						<bordertexture border="24">masks/24-shadow.png</bordertexture>
						<bordersize>24</bordersize>
						<texture fallback="fallbacks/fallback1.jpg">$INFO[ListItem.Art(fanart)]</texture>
					</control>
					<control type="image">
					<visible>String.IsEmpty(ListItem.Art(fanart)</visible>
						<top>40</top>
						<left>5</left>
						<width>340</width>
						<height>240</height>
						<bordertexture border="24">masks/24-shadow.png</bordertexture>
						<bordersize>24</bordersize>
						<texture fallback="fallbacks/fallback1.jpg">$INFO[ListItem.Art(poster)]</texture>
					</control>		
					<control type="label">
						<top>20</top>
						<width>340</width>
						<height>35</height>
						<align>center</align>
						<label>מתנגן עכשיו</label>
						<visible>ListItem.IsPlaying</visible>
					</control>
					<control type="label">
						<left>25</left>
						<top>255</top>
						<bottom>0</bottom>
						<align>center</align>
						<label>$INFO[ListItem.Label]</label>
					</control>
					<control type="label">
						<visible>!ListItem.IsPlaying</visible>
						<left>25</left>
						<top>25</top>
						<bottom>0</bottom>
						<align>center</align>
						<label>$INFO[ListItem.Year]</label>
					</control>
			</control>
				</focusedlayout>
		</control>
		</control>
	</include>
	
	<include name="InfoPanelView502">
		<control type="group">
			<left>15</left>
			<top>125</top>
			<width>550</width>
			<align>top</align>
				<control type="image">
					<top>0</top>
					<left>0</left>
					<height>280</height>
					<texture>$INFO[ListItem.Art(fanart)]</texture>
				</control>
				<control type="grouplist">
				<top>280</top>
				<aligny>center</aligny>
				<height max="625">625</height>
				<align>right</align>
				<right>0</right>
				<itemgap>35</itemgap>
					<control type="textbox">
					<height>auto</height>
						<align>right</align>
						<aligny>center</aligny>
						<font>font45_title</font>
						<label>$INFO[ListItem.Label][CR][I]$INFO[ListItem.Genre][/I]</label>
					</control>
					<control type="textbox">
					<height>auto</height>
					<align>right</align>
					<aligny>center</aligny>
					<font>font37</font>
					<label>$INFO[ListItem.Plot]</label>
					<autoscroll fade="4000" time="4000" repeat="4000">true</autoscroll>
					</control>
				</control>
		</control>
	</include>
	
</includes>
