<?xml version="1.0" encoding="UTF-8"?>
<includes>

	<include name="View_505_PlayList">
	<control type="group">
	<width>620</width>
	<height>820</height>
	<left>50</left>
	<centertop>50%</centertop>
	<control type="fixedlist" id="505">
	<onleft>9003</onleft>
	<onright condition="ListItem.IsPlaying">seek(5)</onright>
	<onup>false</onup>
	<ondown>false</ondown>
	<movement>3</movement>
	<focusposition>3</focusposition>
	<pagecontrol>73</pagecontrol>
	<bottom>15</bottom>
	<top>15</top>
	<visible>Control.IsVisible(505)</visible>
	<scrolltime tween="cubic">550</scrolltime>
	<viewtype label="535">list</viewtype>	
	<itemlayout width="620" height="132">
		<control type="group">
		<left>0</left>	
		<include content="PlaylistItemLayouts">
			<param name="width" value="120"/>
			<param name="height" value="120"/>
			<param name="titleheight" value="80"/>
			<param name="focus">false</param>
			<param name="left">0</param>
			<param name="progressvisible">false</param>
		</include>
		</control>
	</itemlayout>
	<focusedlayout width="620" height="132">
		<control type="group">
		<left>0</left>
		<include content="PlaylistItemLayouts">
			<param name="width" value="120"/>
			<param name="height" value="120"/>
			<param name="titleheight" value="80"/>
			<param name="focus">true</param>
			<param name="left">0</param>
			<param name="progressvisible">false</param>
		</include>
		</control>
	</focusedlayout>
	</control>
	</control>
	<include>505TopInfoLabel</include>
	<include>505BottomInfoLabel</include>
	</include>
	
	
	<include name="505TopInfoLabel">
	<control type="group">
	<left>35%</left>
	<top>11%</top>
	<control type="image">
	<width>1200</width>
	<height>420</height>
	<bordertexture border="24" infill="true" colordiffuse="black">shadows/shadow-24.png</bordertexture>
	<bordersize>24</bordersize>
	<texture colordiffuse="black">colors/white.png</texture>
	</control>
	<control type="label">
	<align>left</align>
	<top>20</top>
	<left>45</left>
	<label>$VAR[nooffsetplaylistlabel]</label>
	</control>
	<control type="label">
	<top>20</top>
	<align>right</align>
	<right>85</right>
	<label>משודר כעת</label>
	<textcolor>burlywood</textcolor>
	</control>
	<control type="grouplist">
	<itemgap>20</itemgap>
	<top>80</top>
	<left>40</left>
	<height>300</height>
	<width>1120</width>
	<orientation>horizontal</orientation>
	<include content="IconSizedBackGround">
	<param name="width">300</param>
	<param name="height">300</param>
	<param name="icon">$VAR[nooffsetplaylisticon]</param>
	</include>
	<control type="grouplist">
	<orientation>vertical</orientation>
	<control type="group">
	<control type="label">
		<top>0</top>
		<height>120</height>
		<width>1100</width>
		<top>0</top>
		<align>left</align>
		<font>font32_title</font>
		<label>$VAR[nooffsettitletitle]</label>
	</control>
	<control type="label">
		<top>40</top>
		<height>120</height>
		<width>1100</width>
		<top>0</top>
		<align>left</align>
		<font>font20</font>
		<label>$VAR[nooffsettitleartist]</label>
	</control>
	<control type="image">
		<top>120</top>
		<width>1100</width>
		<height>1</height>
		<texture colordiffuse="gray">colors/white.png</texture>
	</control>
	<control type="textbox">
		<top>140</top>
		<height>140</height>
		<width>1000</width>
		<top>0</top>
		<align>left</align>
		<font>font37</font>
		<label>$VAR[nooffsettitleplot]</label>
	</control>

			<control type="group">
			<width>800</width>
			<height>150</height>
			<top>170</top>
			<visible>String.IsEmpty(VideoPlayer.Plot) + String.IsEmpty(MusicPlayer.Comment)</visible>
				<control type="progress">
					<left>0</left>
					<info>Player.ProgressCache</info>
					<texturebg border="3" colordiffuse="00FFFFFF">colors/white50.png</texturebg>
					<midtexture>colors/white50.png</midtexture>
				</control>
				<control type="progress">
					<left>0</left>
					<info>Player.Progress</info>
					<texturebg border="3" colordiffuse="60FFFFFF">colors/white50.png</texturebg>
					<midtexture colordiffuse="$INFO[Skin.String(playerosdcolor)]">colors/white.png</midtexture>
				</control>
				<!-- <control type="slider"> -->
					<!-- <left>0</left> -->
					<!-- <width>50</width> -->
					<!-- <texturesliderbar colordiffuse="00FFFFFF">osd/progress/nub_leftright.png</texturesliderbar> -->
					<!-- <textureslidernib colordiffuse="white">osd/progress/nub_leftright.png</textureslidernib> -->
					<!-- <textureslidernibfocus colordiffuse="white">osd/progress/nub_leftright.png</textureslidernibfocus> -->
					<!-- <info>Player.Progress</info> -->
					<!-- <onup>200</onup> -->
					<!-- <ondown>200</ondown> -->
					<!-- <action>seek</action> -->
				<!-- </control> -->
			</control>	

	</control>
	</control>
	</control>
	</control>
	</include>
	
	
	<include name="505BottomInfoLabel">
	<control type="group">
	<left>35%</left>
	<top>50%</top>
	<control type="image">
	<width>1200</width>
	<height>420</height>
	<bordertexture border="24" infill="true" colordiffuse="black">shadows/shadow-24.png</bordertexture>
	<bordersize>24</bordersize>
	<texture colordiffuse="black">colors/white.png</texture>
	</control>
	<control type="label">
	<align>left</align>
	<top>20</top>
	<left>45</left>
	<label>$VAR[offsetplaylistlabel]</label>
	</control>
	<control type="label">
	<top>20</top>
	<align>right</align>
	<right>85</right>
	<label>$VAR[_VARPlayListDBTYPE]</label>
	<textcolor>burlywood</textcolor>
	</control>
	<control type="grouplist">
	<itemgap>20</itemgap>
	<top>80</top>
	<left>40</left>
	<height>300</height>
	<width>1120</width>
	<orientation>horizontal</orientation>
	<include content="IconSizedBackGround">
	<param name="width">300</param>
	<param name="height">300</param>
	<param name="icon">$VAR[offsetplaylisticon]</param>
	</include>
	<control type="grouplist">
	<orientation>vertical</orientation>
	<control type="group">
	<control type="label">
		<top>0</top>
		<height>120</height>
		<width>1100</width>
		<top>0</top>
		<align>left</align>
		<font>font32_title</font>
		<label>$VAR[offsettitletitle]</label>
	</control>
	<control type="label">
		<top>40</top>
		<height>120</height>
		<width>1100</width>
		<top>0</top>
		<align>left</align>
		<font>font20</font>
		<label>$VAR[offsettitleartist]</label>
	</control>
	<control type="image">
		<top>120</top>
		<width>1100</width>
		<height>1</height>
		<texture colordiffuse="gray">colors/white.png</texture>
	</control>
	<control type="textbox">
		<top>140</top>
		<height>140</height>
		<width>1000</width>
		<top>0</top>
		<align>left</align>
		<font>font37</font>
		<label>$VAR[offsettitleplot]</label>
	</control>
	</control>
	</control>
	</control>
	</control>
	</include>
	
	<include name="PlaylistItemLayouts">
	<param name="progressvisible" default="true"/>
	<param name="titleheight" default="80"/>
	<definition>
	<control type="group">
	<visible>ListItem.IsPlaying</visible>
	<control type="progress">
		<left>0</left>
		<info>Player.Progress</info>
		<texturebg colordiffuse="02FFFFFF">colors/white.png</texturebg>
		<midtexture colordiffuse="15FFFFFF">colors/white.png</midtexture>
		</control>
	</control>	
	<control type="image">
		<height>130</height>
		<animation condition="true" effect="fade" end="35" time="0">Conditional</animation>
		<texture colordiffuse="gray">colors/white.png</texture>
		<visible>$PARAM[focus]</visible>
	</control>
	<control type="image">
		<left>$PARAM[focusleft]</left>
		<top>2</top>
		<right>2</right>
		<bottom>2</bottom>
		<left>2</left>
		<texture colordiffuse="15FFFFFF">colors/white.png</texture>
	</control>
	<control type="group">
	<left>$PARAM[left]</left>
	<top>5</top>
	<bottom>5</bottom>
	<include content="IconSizedBackGround">
		<param name="width">$PARAM[width]</param>
		<param name="height">$PARAM[height]</param>
		<param name="icon">$INFO[ListItem.Icon]</param>
		<param name="visible">!String.Contains(Player.FolderPath,telemedia)</param>
	</include>
	<include content="IconSizedBackGround">
		<param name="width">$PARAM[width]</param>
		<param name="height">$PARAM[height]</param>
		<param name="icon">$INFO[ListItem.Art(poster)]</param>
		<param name="visible">String.Contains(Player.FolderPath,telemedia)</param>
	</include>
	<control type="label">
		<top>20</top>
		<left>125</left>
		<right>50</right>
		<height>35</height>
		<align>left</align>
		<font>font32_title</font>
		<label>$INFO[ListItem.Title]</label>
		<scroll>$PARAM[focus]</scroll>
	</control>
	<control type="label">
		<top>60</top>
		<left>125</left>
		<right>50</right>
		<height>35</height>
		<align>left</align>
		<font>font20</font>
		<label fallback="No Information">$INFO[ListItem.Artist]</label>
		<visible>Container.Content(songs)</visible>
	</control>
	<control type="label">
		<top>60</top>
		<left>125</left>
		<right>50</right>
		<height>35</height>
		<align>left</align>
		<font>font20</font>
		<label fallback="No Information">$INFO[ListItem.Genre]</label>
		<visible>!Container.Content(songs)</visible>
	</control>
	<control type="progress">
		<top>110</top>
		<height>10</height>
		<left>125</left>
		<width>422</width>
		<info>ListItem.PercentPlayed</info>
		<visible>!Integer.IsEqual(ListItem.PercentPlayed,0)</visible>
	</control>
	<control type="label">
		<align>right</align>
		<right>5</right>
		<bottom>10</bottom>
		<font>font10</font>
		<label>$INFO[ListItem.PercentPlayed]%</label>
		<visible>Integer.IsGreater(ListItem.PercentPlayed,5)</visible>
	</control>
	<control type="image">
		<right>5</right>
		<top>50</top>
		<width>35</width>
		<height>35</height>
		<texture>$VAR[ListWatchedIconVar]</texture>
	</control>	
	<control type="image">
		<left>570</left>
		<top>50</top>
		<width>35</width>
		<height>35</height>
		<texture>osd/fullscreen/buttons/pause.png</texture>
		<visible>ListItem.IsPlaying + Player.Paused</visible>
		<animation effect="fade" start="0" end="100" time="250">Visible</animation>
	</control>

	</control>
	</definition>
	</include>
	
</includes>
