<?xml version="1.0" encoding="UTF-8"?>
<includes>
	<include name="View_50_List">
		<control type="group">
			<include>OpenClose_Right</include>
			<left>596</left>
			<visible>Control.IsVisible(50)</visible>
			<include>Visible_Right</include>
			<include content="ListContainer">
				<param name="list_id" value="50" />
				<param name="right" value="594" />
				<param name="viewtype_label" value="$LOCALIZE[535]" />
			</include>
			<control type="group">
				<depth>DepthContentPanel</depth>
				<control type="group">
					<right>-20</right>
					<width>634</width>
					<!-- right content panel -->
					<!-- <include content="ContentPanel">
						<param name="left" value="0" />
						<param name="top" value="-20" />
						<param name="width" value="656" />
						<param name="flipx" value="true" />
					</include> -->
					<include content="RightListPanel">
						<param name="list_id" value="50" />
					</include>
					<control type="scrollbar" id="50600">
						<left>35</left>
						<top>210</top>
						<width>12</width>
						<bottom>200</bottom>
						<onleft>50</onleft>
						<onright>50</onright>
						<orientation>vertical</orientation>
						<animation effect="zoom" end="50,100" time="300" tween="sine" center="35,0" easing="inout" condition="!Control.HasFocus(50600)">conditional</animation>
					</control>
				</control>
			</control>
		</control>
	</include>
	<include name="RightListPanel">
		<control type="group">
			<depth>DepthContentPanel</depth>
			<control type="group">
				<right>-32</right>
				<!-- right content panel -->
				<include content="ContentPanel">
					<param name="left" value="-150" />
					<param name="top" value="-20" />
					<param name="width" value="806" />
					<param name="flipx" value="true" />
				</include>
				<control type="group">
					<visible>!Container.Content(songs)</visible>
					<control type="image">
						<depth>DepthContentPopout</depth>
						<left>48</left>
						<top>160</top>
						<width>540</width>
						<height>850</height>
						<bottom>124</bottom>
						<fadetime>200</fadetime>
						<aspectratio aligny="top">keep</aspectratio>
						<texture diffuse="masks/poster-50.png" fallback="DefaultVideo.png" background="true">$VAR[InfoWallThumbVar]</texture>
					</control>
					<control type="group">
						<left>540</left>
						<top>143</top>
						<include content="RatingCircle">
							<param name="animation" value="True" />
							<param name="left">-72</param>
							<param name="top">17</param>
							<param name="width">119</param>
							<param name="height">119</param>
							<param name="label-left">-16</param>
							<param name="label-top">38</param>
							<param name="cornerdiffuse">overlays/overlaybg4.png</param>
						</include>
					</control>
					<include content="ProgressBar">
						<!-- 48 -->
						<param name="left" value="100"/>
						<param name="top" value="120"/>
						<param name="width" value="435"/>
					</include>
				</control>
				<control type="group">
					<visible>Control.IsVisible(503) + Window.IsActive(musicplaylist)</visible>
					<control type="image">
						<left>58</left>
						<top>110</top>
						<width>540</width>
						<height>470</height>
						<aspectratio aligny="bottom">keep</aspectratio>
						<fadetime>300</fadetime>
						<texture fallback="DefaultAudio.png" background="true">$INFO[Player.Icon]</texture>
					</control>
					<control type="group">
						<left>301</left>
						<top>560</top>
						<control type="group">
							<animation effect="fade" time="0" condition="$PARAM[animation]">VisibleChange</animation>
							<include content="UserRatingContent" condition="Skin.HasSetting(circle_userrating)">
								<param name="infolabel" value="MusicPlayer.UserRating" />
							</include>
							<include content="UserRatingContent" condition="Skin.HasSetting(circle_rating)">
								<param name="infolabel" value="MusicPlayer.Rating" />
							</include>
						</control>
					</control>
					<control type="textbox" id="15599">
						<visible>Player.HasAudio + Window.IsActive(musicplaylist)</visible>
						<left>58</left>
						<top>600</top>
						<width>540</width>
						<bottom>70</bottom>
						<autoscroll time="3000" delay="7000" repeat="5000">!System.HasModalDialog + Skin.HasSetting(AutoScroll)</autoscroll>
						<label>[COLOR button_focus][B]$LOCALIZE[31000]: [/COLOR]$INFO[musicplayer.Playlistposition,]$INFO[musicplayer.Playlistlength,/][/B][CR]$VAR[NowPlayingInfoVar]</label>
					</control>
					<control type="textbox" id="15599">
						<visible>!Player.HasAudio + Window.IsActive(musicplaylist)</visible>
						<left>58</left>
						<top>640</top>
						<width>540</width>
						<bottom>70</bottom>
						<autoscroll time="3000" delay="7000" repeat="5000">!System.HasModalDialog + Skin.HasSetting(AutoScroll)</autoscroll>
						<label>[COLOR button_focus][B]$LOCALIZE[31000]: [/COLOR]$LOCALIZE[36623][/B]</label>
					</control>
				</control>
			</control>
		</control>
	</include>
	<include name="ListContainer">
		<param name="left">0</param>
		<param name="right">0</param>
		<definition>
			<control type="fixedlist" id="$PARAM[list_id]">
				<left>$PARAM[left]</left>
				<right>$PARAM[right]</right>
				<top>list_top_offset</top>
				<bottom>list_bottom_offset</bottom>
				<movement>6</movement>
				<focusposition>5</focusposition>
				<scrolltime tween="cubic" easing="out">500</scrolltime>
				<orientation>vertical</orientation>
				<pagecontrol>$PARAM[list_id]600</pagecontrol>
				<onleft>9000</onleft>
				<!-- <onright>$PARAM[list_id]600</onright> -->
				<onright>SetProperty(TextViewer_Header,$LOCALIZE[207],home)</onright>
				<onright>SetProperty(TextViewer_TextDialog,$ESCINFO[ListItem.Plot],home)</onright>
				<onright>ActivateWindow(1102)</onright>
				<onup>false</onup>
				<ondown>false</ondown>
				<viewtype label="$PARAM[viewtype_label]">list</viewtype>
				<visible>$PARAM[visible]</visible>
				<focusedlayout height="list_item_height">
					<control type="image">
						<animation type="Focus">
							<effect type="slide" start="0,-5" end="0,0" time="140" tween="sine" easing="in"/>
							<effect type="slide" start="0,5" end="0,0" time="140" tween="sine" easing="out"/>
						</animation>
						<animation condition="true" effect="fade" end="65" time="0">Conditional</animation>
						<left>0</left>
						<right>0</right>
						<top>0</top>
						<bottom>0</bottom>
						<texture colordiffuse="white">masks/focus.png</texture>
						<visible>Control.HasFocus($PARAM[list_id])</visible>
					</control>
					<control type="label">
						<left>70</left>
						<right>70</right>
						<top>0</top>
						<bottom>0</bottom>
						<aligny>center</aligny>
						<scroll>true</scroll>
						<font>font32_title</font>
						<textcolor>black</textcolor>
						<label>$VAR[ListLabelVar]</label>
						
					</control>
					<control type="label">
						<left>70</left>
						<right>10</right>
						<top>0</top>
						<bottom>0</bottom>
						<aligny>center</aligny>
						<align>right</align>
						<font>font32_title</font>
						<textcolor>black</textcolor>
						<label>$INFO[ListItem.Year]</label>
						
					</control>
					<control type="image">
						<left>21</left>
						<centertop>50%</centertop>
						<width>42</width>
						<height>42</height>
						<texture colordiffuse="black">$VAR[ListWatchedIconVar]</texture>
						<animation effect="fade" start="30" end="100" time="300" reversible="false">Focus</animation>
					</control>
					<control type="image">
						<left>21</left>
						<centertop>50%</centertop>
						<width>32</width>
						<height>32</height>
						<texture colordiffuse="button_focus">$VAR[ListWatchedIconVar]</texture>
						<animation effect="fade" start="0" end="100" time="300" reversible="false">Focus</animation>
						<animation effect="fade" time="150">VisibleChange</animation>
						<visible>!Control.HasFocus($PARAM[list_id])</visible>
					</control>
				</focusedlayout>
				<itemlayout height="list_item_height">
					<control type="label">
						<left>70</left>
						<right>70</right>
						<top>0</top>
						<bottom>0</bottom>
						<aligny>center</aligny>
						<font>font27</font>
						<label>$VAR[ListLabelVar]</label>
						<shadowcolor>text_shadow</shadowcolor>
					</control>
					<control type="label">
						<left>70</left>
						<right>10</right>
						<top>0</top>
						<bottom>0</bottom>
						<aligny>center</aligny>
						<align>right</align>
						<font>font27</font>
						<label>$INFO[ListItem.Year]</label>
						<shadowcolor>text_shadow</shadowcolor>
					</control>
					<control type="image">
						<left>21</left>
						<centertop>50%</centertop>
						<width>32</width>
						<height>32</height>
						<texture colordiffuse="grey">$VAR[ListWatchedIconVar]</texture>
					</control>
				</itemlayout>
			</control>
		</definition>
	</include>
	<include name="ListThumbInfoPanel">
		<param name="fallback_image"></param>
		<param name="flip_bg">false</param>
		<definition>
			<control type="group">
				<depth>DepthContentPanel</depth>
				<include content="ContentPanel">
					<param name="width" value="806" />
					<param name="flipx" value="$PARAM[flip_bg]" />
				</include>
				<!-- image control -->
				<control type="image">
					<left>40</left>
					<top>110</top>
					<width>540</width>
					<height>320</height>
					<aspectratio aligny="top">strech</aspectratio>
					<fadetime>300</fadetime>
					<bordertexture border="21" infill="false">overlays/shadow.png</bordertexture>
					<bordersize>20</bordersize>
					<texture fallback="$PARAM[fallback_image]" background="true">$VAR[IconWallThumbVar]</texture>
					<visible>!String.IsEqual(ListItem.DbType,episode) + !String.IsEqual(ListItem.DBType,song) + !Container.Content(addons)</visible>
				</control>
				<control type="image">
					<left>30</left>
					<top>110</top>
					<width>540</width>
					<height>470</height>
					<aspectratio aligny="top">keep</aspectratio>
					<fadetime>300</fadetime>
					<texture diffuse="masks/landscapeinfo.png" fallback="$PARAM[fallback_image]" background="true">$VAR[IconWallThumbVar]</texture>
					<visible>Container.Content(addons)</visible>
				</control>
				<control type="image">
					<left>30</left>
					<top>110</top>
					<width>540</width>
					<height>303</height>
					<!-- <aspectratio aligny="top">scale</aspectratio> -->
					<fadetime>300</fadetime>
					<bordertexture border="21" infill="false">overlays/shadow.png</bordertexture>
					<bordersize>20</bordersize>
					<texture>$INFO[ListItem.Icon]</texture>
					<visible>String.IsEqual(ListItem.DbType,episode)</visible>
				</control>
				<control type="image">
					<left>30</left>
					<top>110</top>
					<width>540</width>
					<height>270</height>
					<aspectratio aligny="bottom">keep</aspectratio>
					<fadetime>300</fadetime>
					<texture fallback="DefaultAudio.png" background="true">$VAR[IconWallThumbVar]</texture>
					<visible>String.IsEqual(ListItem.DBType,song)</visible>
				</control>
				<control type="image">
					<left>50</left>
					<top>400</top>
					<width>200</width>
					<height>50</height>
					<texture>$INFO[ListItem.Art(clearlogo)]</texture>
					<aspectratio align="left" aligny="left">keep</aspectratio>
					<visible>String.IsEqual(ListItem.DbType,episode)</visible>
				</control>
				<!-- <control type="group">
					<left>273</left>
					<top>394</top>
					<include condition="Skin.HasSetting(circle_rating) | Skin.HasSetting(circle_userrating)">RatingCircle</include>
					<animation effect="slide" end="0,-140" time="0" condition="String.IsEqual(ListItem.DbType,episode)">conditional</animation>
					<visible>!String.IsEqual(ListItem.DbType,episode)</visible>
				</control> -->
				<include content="ProgressBar">
					<!-- 30 -->
					<param name="left" value="50"/>
					<param name="top" value="95"/>
					<param name="width" value="460"/>
				</include>
				<control type="group">
					<visible>!Container.Content() | !String.isempty(ListItem.Plot)</visible>
					<left>0</left>
					<!-- Plot control -->
				<!--	<control type="textbox">
						<visible>!String.IsEqual(System.Language,Hebrew)</visible>
						<top>800</top>
						<width>550</width>
						<bottom>80</bottom>
						<label>$VAR[InfoPanel]</label>
						<autoscroll time="3000" delay="10000" repeat="10000">!System.HasModalDialog + Skin.HasSetting(AutoScroll)</autoscroll>
					</control>
					<control type="textbox">
						<visible>String.IsEqual(System.Language,Hebrew)</visible>
						<top>800</top>
						<width>550</width>
						<bottom>80</bottom>
						<align>center</align>
						<label>$VAR[InfoPanel]</label>
						<autoscroll time="3000" delay="10000" repeat="10000">!System.HasModalDialog + Skin.HasSetting(AutoScroll)</autoscroll>
					</control>-->
					<control type="textbox" id="15500">
						<left>20</left>
						<top>450</top>
						<width>540</width>
						<bottom>45</bottom>
						<align>right</align>
						<autoscroll time="3000" delay="7000" repeat="5000">!System.HasModalDialog + Skin.HasSetting(AutoScroll)</autoscroll>
						<label>$VAR[Premiered_fix][CR]$VAR[duraiton_view_fix][CR][CR]$VAR[ListBoxInfoVar]</label>
						<visible>!String.IsEqual(ListItem.DbType,movie) + !String.IsEqual(ListItem.DbType,tvshow) + !String.IsEqual(ListItem.DbType,season) + !String.IsEqual(ListItem.DbType,episode) + !String.IsEqual(ListItem.DBType,song)</visible>
					</control>
					<control type="progress">
							<animation type="Visible">
							<effect type="fade" start="0" end="100" time="250" delay="150" tween="sine" easing="inout"/>
							</animation>
							<animation type="Hidden">
							<effect type="fade" start="100" end="0" time="250" tween="sine" easing="inout"/>
							</animation>
							<left>60</left>
							<top>422</top>
							<width>500</width>
							<height>12</height>
							<align>center</align>
							<aligny>center</aligny>
							<colordiffuse>88FFFFFF</colordiffuse>
							<info>ListItem.PercentPlayed</info>
							<visible>Integer.IsGreater(ListItem.PercentPlayed,1)</visible>
						</control>
					<!-- Plot control episodes -->
					<control type="textbox" id="15501">
						<visible>!String.IsEqual(System.Language,Hebrew)</visible>
						<top>583</top>
						<width>540</width>
						<bottom>50</bottom>
						<autoscroll time="3000" delay="7000" repeat="5000">!System.HasModalDialog + Skin.HasSetting(AutoScroll)</autoscroll>
						<label>$VAR[InfoPanelEpisode]</label>
					</control>
					<control type="textbox" id="15502">
						<visible>String.IsEqual(System.Language,Hebrew)</visible>
						<top>583</top>
						<width>540</width>
						<bottom>50</bottom>
						<align>right</align>
						<autoscroll time="3000" delay="7000" repeat="5000">!System.HasModalDialog + Skin.HasSetting(AutoScroll)</autoscroll>
						<label>$VAR[InfoPanelEpisode]</label>
					</control>
					<control type="textbox">
						<visible>!String.IsEqual(System.Language,Hebrew)</visible>
						<top>518</top>
						<width>550</width>
						<aligny>center</aligny>
						<height>110</height>
						<bottom>70</bottom>
						<font>font36_title</font>
						<label>$LOCALIZE[700015] $INFO[ListItem.Season], $LOCALIZE[700016] $INFO[ListItem.Episode]</label>
						<visible>String.IsEqual(ListItem.DbType,episode)</visible>
					</control>
					<control type="textbox">
						<visible>String.IsEqual(System.Language,Hebrew)</visible>
						<top>488</top>
						<width>550</width>
						<aligny>center</aligny>
						<height>110</height>
						<bottom>70</bottom>
						<align>right</align>
						<font>font36_title</font>
						<label>$LOCALIZE[700015] $INFO[ListItem.Season], $LOCALIZE[700016] $INFO[ListItem.Episode]</label>
						<visible>String.IsEqual(ListItem.DbType,episode)</visible>
					</control>
					<control type="textbox" id="15503">
						<left>45</left>
						<top>450</top>
						<width>450</width>
						<bottom>45</bottom>
						<align>right</align>
						<autoscroll time="3000" delay="3000" repeat="5000">!System.HasModalDialog + Skin.HasSetting(AutoScroll)</autoscroll>
						<label>$VAR[ListBoxInfoVar]</label>
						<visible>String.IsEqual(ListItem.DBType,song)</visible>
					</control>
				</control>
				<control type="group">
					<left>20</left>
					<top>640</top>
					<visible>ListItem.IsCollection + String.IsEmpty(ListItem.Plot)</visible>
					<include content="InfoList">
						<param name="bottom" value="100" />
						<param name="width" value="540" />
						<param name="sortby" value="year" />
						<param name="sortorder" value="ascending" />
						<param name="font" value="font13" />
					</include>
				</control>
				<control type="group">
					<visible>!ListItem.IsCollection + String.IsEmpty(Control.GetLabel(15500)) + Control.IsVisible(15500)</visible>
					<control type="textbox">
						<left>30</left>
						<top>460</top>
						<width>540</width>
						<height>413</height>
						<align>center</align>
						<aligny>center</aligny>
						<font>font27</font>
						<textcolor>80FFFFFF</textcolor>
						<label>$LOCALIZE[19055]</label>
						<visible>!ListItem.IsParentFolder</visible>
						<visible>!Integer.IsGreater(Container(42000).NumItems,0) + !Integer.IsGreater(Container(43000).NumItems,0)</visible>
						<visible>!Container.Content() | !String.isempty(ListItem.Plot)</visible>
					</control>
					<control type="group">
						<left>20</left>
						<top>640</top>
						<visible>!String.IsEmpty(ListItem.DBID)</visible>
						<include content="InfoList">
							<param name="list_id" value="42000" />
							<param name="bottom" value="100" />
							<param name="width" value="540" />
							<param name="sortby" value="year" />
							<param name="sortorder" value="ascending" />
							<param name="item_label" value="$INFO[ListItem.Year,[COLOR button_focus],[/COLOR]  -  ]$INFO[ListItem.Label]" />
							<param name="visible" value="String.IsEqual(ListItem.DBType,artist)" />
						</include>
						<include content="InfoList">
							<param name="list_id" value="43000" />
							<param name="bottom" value="100" />
							<param name="width" value="540" />
							<param name="sortby" value="track" />
							<param name="sortorder" value="ascending" />
							<param name="item_label" value="$INFO[ListItem.Duration,[COLOR button_focus],[/COLOR]  -  ]$INFO[ListItem.Label]" />
							<param name="visible" value="String.IsEqual(ListItem.DBType,album)" />
						</include>
					</control>
				</control>
			</control>
		</definition>
	</include>
</includes>