<?xml version="1.0" encoding="UTF-8"?>
<includes>
	<include name="View_515_WideList">
	<control type="group">
	<height>950</height>
	<left>10</left>
	<centertop>53%</centertop>
	<visible>Control.IsVisible(515)</visible>
	<visible>!Container(515).IsUpdating + Control.IsVisible(515) + Integer.IsGreater(Container(515).NumItems,0)</visible>
	<control type="image">
		<top>-5</top>
		<left>67.8%</left>
		<width>645</width>
		<fadetime>250</fadetime>
		<height>958</height>
		<bordertexture colordiffuse="black" border="20">shadows/shadow-20.png</bordertexture>
		<bordersize>20</bordersize>
		<texture colordiffuse="black">colors/white.png</texture>
		<include>AnimationRightSide</include>
		<visible>Container.Content(movies) | Container.Content(tvshows) | Container.Content(seasons) | Container.Content(episodes)</visible>
	</control>
	<control type="group">
	<control type="image">
		<top>-5</top>
		<left>67.8%</left>
		<width>645</width>
		<fadetime>250</fadetime>
		<bordertexture colordiffuse="black" border="20">shadows/shadow-20.png</bordertexture>
		<bordersize>20</bordersize>
		<include>AnimationRightSideVisible</include>
		<texture fallback="fallbacks/fallback1.jpg">$INFO[ListItem.Icon]</texture>
		<visible>Integer.IsGreater(Container(515).NumItems,7)</visible>
		<visible>![Container.Content(movies) | Container.Content(tvshows) | Container.Content(seasons) | Container.Content(episodes)]</visible>
	</control>
	<control type="image">
		<top>-5</top>
		<left>67.8%</left>
		<width>645</width>
		<fadetime>250</fadetime>
		<bordertexture colordiffuse="black" border="20">shadows/shadow-20.png</bordertexture>
		<bordersize>20</bordersize>
		<include>AnimationRightSideVisible</include>
		<texture fallback="fallbacks/fallback1.jpg">$INFO[ListItem.Icon]</texture>
		<visible>Integer.IsEqual(Container(515).NumItems,7)</visible>
		<visible>![Container.Content(movies) | Container.Content(tvshows) | Container.Content(seasons) | Container.Content(episodes)]</visible>
	</control>
	<control type="image">
		<top>-5</top>
		<left>67.8%</left>
		<width>645</width>
		<fadetime>250</fadetime>
		<bordertexture colordiffuse="black" border="20">shadows/shadow-20.png</bordertexture>
		<bordersize>20</bordersize>
		<include>AnimationRightSideVisible</include>
		<texture fallback="fallbacks/fallback1.jpg">$INFO[ListItem.Icon]</texture>
		<visible>Integer.IsEqual(Container(515).NumItems,6)</visible>
		<visible>![Container.Content(movies) | Container.Content(tvshows) | Container.Content(seasons) | Container.Content(episodes)]</visible>
	</control>
	<control type="image">
		<top>13.2%</top>
		<left>67.8%</left>
		<width>645</width>
		<fadetime>250</fadetime>
		<height>825</height>
		<bordertexture colordiffuse="black" border="20">shadows/shadow-20.png</bordertexture>
		<bordersize>20</bordersize>
		<include>AnimationRightSideVisible</include>
		<texture fallback="fallbacks/fallback1.jpg">$INFO[ListItem.Icon]</texture>
		<visible>Integer.IsEqual(Container(515).NumItems,5)</visible>
		<visible>![Container.Content(movies) | Container.Content(tvshows) | Container.Content(seasons) | Container.Content(episodes)]</visible>
	</control>
	<control type="image">
		<top>27.2%</top>
		<left>67.8%</left>
		<width>645</width>
		<fadetime>250</fadetime>
		<height>560</height>
		<bordertexture colordiffuse="black" border="20">shadows/shadow-20.png</bordertexture>
		<bordersize>20</bordersize>
		<include>AnimationRightSideVisible</include>
		<texture fallback="fallbacks/fallback1.jpg">$INFO[ListItem.Icon]</texture>
		<visible>Integer.IsEqual(Container(515).NumItems,3)</visible>
		<visible>![Container.Content(movies) | Container.Content(tvshows) | Container.Content(seasons) | Container.Content(episodes)]</visible>
	</control>
	<control type="image">
		<top>27.2%</top>
		<left>67.8%</left>
		<width>645</width>
		<fadetime>250</fadetime>
		<height>430</height>
		<bordertexture colordiffuse="black" border="20">shadows/shadow-20.png</bordertexture>
		<bordersize>20</bordersize>
		<include>AnimationRightSideVisible</include>
		<texture fallback="fallbacks/fallback1.jpg">$INFO[ListItem.Icon]</texture>
		<visible>Integer.IsEqual(Container(515).NumItems,2)</visible>
		<visible>![Container.Content(movies) | Container.Content(tvshows) | Container.Content(seasons) | Container.Content(episodes)]</visible>
	</control>
	</control>
	<control type="group">
	<width>605</width>
	<left>735</left>
	<include>AnimationSideTop</include>
	<visible>Skin.HasSetting(DisablePoster)</visible>
	<control type="image">
		<width>605</width>
		<top>-8</top>
		<fadetime>250</fadetime>
		<bordertexture colordiffuse="black" border="24">shadows/shadow-24.png</bordertexture>
		<bordersize>24</bordersize>
		<texture fallback="fallbacks/fallback1.jpg" diffuse="masks/poster_w460_h680.png">$INFO[ListItem.Art(poster)]</texture>
		<visible>!Container.Content(seasons)</visible>
		<visible>!String.IsEqual(ListItem.Label,..)</visible>
	</control>
	<control type="image">
		<width>605</width>
		<top>-8</top>
		<fadetime>250</fadetime>
		<bordertexture colordiffuse="black" border="24">shadows/shadow-24.png</bordertexture>
		<bordersize>24</bordersize>
		<texture fallback="fallbacks/fallback1.jpg" diffuse="masks/poster_w460_h680.png">$INFO[ListItem(1).Art(poster)]</texture>
		<visible>!Container.Content(seasons)</visible>
		<visible>String.IsEqual(ListItem.Label,..)</visible>
	</control>
	<control type="image">
		<width>605</width>
		<top>-8</top>
		<fadetime>250</fadetime>
		<bordertexture colordiffuse="black" border="24">shadows/shadow-24.png</bordertexture>
		<bordersize>24</bordersize>
		<texture fallback="fallbacks/fallback1.jpg" diffuse="masks/poster_w460_h680.png">$INFO[ListItem.Icon]</texture>
		<visible>![Container.Content(movies) | Container.Content(tvshows) | Container.Content(episodes)]</visible>
		<visible>!String.IsEqual(ListItem.Label,..)</visible>
	</control>
	<control type="image">
		<width>605</width>
		<top>-8</top>
		<fadetime>250</fadetime>
		<bordertexture colordiffuse="black" border="24">shadows/shadow-24.png</bordertexture>
		<bordersize>24</bordersize>
		<texture fallback="fallbacks/fallback1.jpg" diffuse="masks/poster_w460_h680.png">$INFO[ListItem(1).Icon]</texture>
		<visible>![Container.Content(movies) | Container.Content(tvshows) | Container.Content(episodes)]</visible>
		<visible>String.IsEqual(ListItem.Label,..)</visible>
	</control>
	<control type="image">
		<width>605</width>
		<top>-8</top>
		<fadetime>250</fadetime>
		<bordertexture colordiffuse="black" border="24">shadows/shadow-24.png</bordertexture>
		<bordersize>24</bordersize>
		<texture fallback="fallbacks/fallback1.jpg" diffuse="masks/poster_w460_h680.png">$INFO[ListItem.Icon]</texture>
		<include>AnimationSideTop</include>
		<visible>![Container.Content(seasons) | Container.Content(movies) | Container.Content(tvshows) | Container.Content(episodes)]</visible>
	</control>
	<control type="image">
		<left>40</left>
		<top>875</top>
		<width>120</width>
		<height>50</height>
		<fadetime>250</fadetime>
		<bordertexture colordiffuse="25FFFFFF">colors/white.png</bordertexture>
		<bordersize>2</bordersize>
		<aspectratio align="left" aligny="top">keep</aspectratio>
		<texture>$INFO[Container(99951).ListItem.Property(Studio.1.Icon)]</texture>
		<visible>Container.Content(movies) | String.IsEqual(ListItem.DBTYPE,movie)</visible>
	</control>
	<control type="image">
		<left>30</left>
		<top>870</top>
		<width>200</width>
		<height>50</height>
		<bordertexture colordiffuse="25FFFFFF">colors/white.png</bordertexture>
		<bordersize>2</bordersize>
		<aspectratio align="left" aligny="top">keep</aspectratio>
		<texture>kodirdil/studiologos/$INFO[ListItem.Property(network)].png</texture>
		<visible>Container.Content(tvshows) | Container.Content(seasons) | Container.Content(episodes)</visible>
	</control>
	</control>
	<control type="group">
	<width>620</width>
	<height>335</height>
	<left>1300</left>
	<include>AnimationRightSide</include>
	<visible>Container.Content(movies) | Container.Content(tvshows) | Container.Content(seasons) | Container.Content(episodes)</visible>
	<control type="image">
		<fadetime>250</fadetime>
		<bordertexture colordiffuse="black" border="24">shadows/shadow-24.png</bordertexture>
		<bordersize>24</bordersize>
		<texture fallback="fallbacks/fallback1.jpg" diffuse="masks/landscape_w1140_h680.png">$INFO[ListItem(1).Art(fanart)]</texture>
		<visible>!Container.Content(episodes)</visible>
		<visible>String.IsEqual(ListItem.Label,..)</visible>
	</control>
		<control type="image">
		<fadetime>250</fadetime>
		<bordertexture colordiffuse="black" border="24">shadows/shadow-24.png</bordertexture>
		<bordersize>24</bordersize>
		<texture fallback="fallbacks/fallback1.jpg" diffuse="masks/landscape_w1140_h680.png">$INFO[ListItem.Art(fanart)]</texture>
		<visible>!Container.Content(episodes)</visible>
		<visible>!String.IsEqual(ListItem.Label,..)</visible>
	</control>
	<control type="image">		
		<fadetime>250</fadetime>
		<bordertexture colordiffuse="black" border="24">shadows/shadow-24.png</bordertexture>
		<bordersize>24</bordersize>
		<texture fallback="fallbacks/fallback1.jpg" diffuse="masks/landscape_w1140_h680.png">$INFO[ListItem(1).Icon]</texture>
		<include>AnimationRightSide</include>
		<visible>![Container.Content(movies) | Container.Content(tvshows) | Container.Content(seasons)]</visible>
		<visible>String.IsEqual(ListItem.Label,..)</visible>
	</control>
	<control type="image">
		<fadetime>250</fadetime>
		<bordertexture colordiffuse="black" border="24">shadows/shadow-24.png</bordertexture>
		<bordersize>24</bordersize>
		<texture fallback="fallbacks/fallback1.jpg" diffuse="masks/landscape_w1140_h680.png">$INFO[ListItem.Icon]</texture>
		<include>AnimationRightSide</include>
		<visible>![Container.Content(movies) | Container.Content(tvshows) | Container.Content(seasons)]</visible>
		<visible>!String.IsEqual(ListItem.Label,..)</visible>
	</control>
	</control>
	<control type="fixedlist" id="515">
	<onleft>9003</onleft>
	<onright condition="Container.Content(movies) | Container.Content(tvshows) | Container.Content(seasons) | Container.Content(episodes)">Action(info)</onright>
	<onup>false</onup>
	<ondown>false</ondown>
	<movement>3</movement>
	<focusposition>3</focusposition>
	<pagecontrol>73</pagecontrol>
	<bottom>15</bottom>
	<top>15</top>
	<visible>Control.IsVisible(515)</visible>
	<include>AnimationLeftSide</include>
	<scrolltime tween="cubic">550</scrolltime>
	<viewtype label="535">list</viewtype>	
	<itemlayout width="750" height="132" condition="Skin.HasSetting(DisablePoster)">
		<control type="group">
		<left>0</left>	
		<include content="501ListViewLayouts">
			<param name="width" value="120"/>
			<param name="height" value="120"/>
			<param name="focus">false</param>
			<param name="left">0</param>
			<param name="statusshows">false</param>
		</include>
		</control>
	</itemlayout>
	<focusedlayout width="750" height="132" condition="Skin.HasSetting(DisablePoster)">
		<control type="group">
		<left>0</left>
		<include content="501ListViewLayouts">
			<param name="width" value="120"/>
			<param name="height" value="120"/>
			<param name="focus">true</param>
			<param name="left">0</param>
			<param name="statusshows">true</param>
		</include>
		</control>
	</focusedlayout>
	<itemlayout width="1305" height="132" condition="!Skin.HasSetting(DisablePoster)">
		<control type="group">
		<left>0</left>	
		<include content="501ExtnededListViewLayouts">
			<param name="width" value="120"/>
			<param name="height" value="120"/>
			<param name="focus">false</param>
			<param name="left">0</param>
			<param name="statusshows">false</param>
		</include>
		</control>
	</itemlayout>
	<focusedlayout width="1305" height="132" condition="!Skin.HasSetting(DisablePoster)">
		<control type="group">
		<left>0</left>
		<include content="501ExtnededListViewLayouts">
			<param name="width" value="120"/>
			<param name="height" value="120"/>
			<param name="focus">true</param>
			<param name="left">0</param>
			<param name="statusshows">true</param>
		</include>
		</control>
	</focusedlayout>
	</control>
	</control>
	<include>infopanel501</include>
	<include>fanartinfolabel</include>
	<include>PosterViewType</include>
	<!-- <include>501extrasinfo</include> -->
	</include>
	
	<include name="501ExtnededListViewLayouts">
	<control type="group">
	<height>125</height>
	<control type="image">
	<include content="GlobalSetFadeLabel">
	<param name="setfadelabel">extendedfadelabel</param>
	</include>
		<texture colordiffuse="$INFO[Skin.String(515_bgfocuscolor)]">colors/white.png</texture>
	</control>
	<control type="image">
	<include content="GlobalSetFadeLabel">
	<param name="setfadelabel">extendedfocusfadelabel</param>
	</include>
		<texture colordiffuse="$INFO[Skin.String(colorboxfocus)]">colors/white.png</texture>
		<visible>$PARAM[focus]</visible>
	</control>
	<control type="label">
		<top>0</top>
		<left>125</left>
		<align>left</align>
		<aligny>center</aligny>
		<font>font32_title</font>
		<right>500</right>
		<label>$INFO[ListItem.Label]</label>
		<visible>!$EXP[MediaType] + !String.Contains(Container.FolderPath,telemedia)</visible>
	</control>
	<include content="IconSizedBackGround">
		<param name="top">2</param>
		<param name="width">$PARAM[width]</param>
		<param name="height">$PARAM[height]</param>
		<param name="icon">$VAR[IconViewImage]</param>
	</include>
	</control>
	<control type="group">
	<height>125</height>
	<visible>$EXP[MediaType]</visible>
	<visible>!String.Contains(Container.FolderPath,telemedia)</visible>
	<control type="image">
		<top>47</top>
		<right>5</right>
		<width>40</width>
		<height>40</height>
		<texture>$VAR[ListWatchedIconVar]</texture>
	</control>
	<control type="label">
		<top>45</top>
		<width>120</width>
		<align>center</align>
		<right>25</right>
		<label fallback="N/A">$INFO[ListItem.Year]</label>
	</control>
	<control type="image">
		<width>32</width>
		<height>32</height>
		<right>125</right>
		<top>40%</top>
		<texture>$VAR[SetNewInLayouts]</texture>
	</control>
	<control type="label">
		<top>45</top>
		<width>85</width>
		<align>right</align>
		<right>170</right>
		<label fallback="0.0">$INFO[ListItem.Rating]</label>
		<visible>Container.Content(tvshows) | Container.Content(seasons) | Container.Content(episodes)</visible>
	</control>
	<control type="label">
		<top>45</top>
		<width>255</width>
		<align>right</align>
		<right>220</right>
		<label fallback="n/a">$INFO[ListItem.Property(network)] [COLOR deeppink]•[/COLOR]</label>
		<visible>Container.Content(tvshows) | Container.Content(seasons) | Container.Content(episodes)</visible>
	</control>
	<control type="label">
		<top>45</top>
		<width>255</width>
		<align>right</align>
		<right>245</right>
		<label>n/a</label>
		<visible>String.IsEmpty(ListItem.Property(network)) + [Container.Content(tvshows) | Container.Content(seasons) | Container.Content(episodes)]</visible>
	</control>
	<control type="label">
		<top>45</top>
		<width>255</width>
		<align>right</align>
		<right>170</right>
		<label fallback="0.0">$INFO[ListItem.RatingAndVotes]</label>
		<visible>Container.Content(movies)</visible>
	</control>
	<control type="label">
		<top>25</top>
		<left>125</left>
		<align>left</align>
		<font>font32_title</font>
		<right>500</right>
		<label>$INFO[ListItem.Label]</label>
	</control>
	<control type="label">
		<top>45</top>
		<left>125</left>
		<align>left</align>
		<aligny>center</aligny>
		<font>font32</font>
		<right>750</right>
		<label>[I]$INFO[ListItem.Genre][/I]</label>
		<scroll>$PARAM[focus]</scroll>
	</control>
	<control type="progress">
		<right>10</right>
		<top>105</top>
		<width>150</width>
		<height>12</height>
		<info>ListItem.PercentPlayed</info>
		<visible>Integer.IsGreater(ListItem.PercentPlayed,0)</visible>
	</control>
	</control>
	<control type="group">
	<visible>String.Contains(Container.FolderPath,telemedia)</visible>
		<control type="label">
		<top>45</top>
		<width>120</width>
		<align>right</align>
		<right>50</right>
		<label fallback="n/a">$INFO[ListItem.Rating]</label>
		<visible>!String.IsEqual(ListItem.Label,..)</visible>
		<visible>!String.IsEqual(ListItem.DBTYPE,tvshow)</visible>
	</control>
	<control type="label">
		<top>20</top>
		<left>125</left>
		<align>left</align>
		<font>font32_title</font>
		<right>200</right>
		<label>$INFO[ListItem.Label]</label>
		<visible>!String.IsEqual(ListItem.DBTYPE,tvshow) + !String.IsEqual(ListItem.DBTYPE,movies)</visible>
	</control>
	<control type="label">
		<left>125</left>
		<align>left</align>
		<aligny>center</aligny>
		<font>font32_title</font>
		<right>200</right>
		<label>$INFO[ListItem.Label]</label>
		<visible>String.IsEmpty(ListItem.Genre) + [String.IsEqual(ListItem.DBTYPE,tvshow) | String.IsEqual(ListItem.DBTYPE,movies)]</visible>
	</control>
	<control type="label">
		<top>20</top>
		<left>125</left>
		<align>left</align>
		<font>font32_title</font>
		<right>200</right>
		<label>$INFO[ListItem.Label]</label>
		<visible>!String.IsEmpty(ListItem.Genre) + String.IsEqual(ListItem.DBTYPE,movies)</visible>
	</control>
	<control type="label">
		<top>55</top>
		<left>125</left>
		<align>left</align>
		<font>font32</font>
		<right>200</right>
		<label>[I]$INFO[ListItem.Genre][/I]</label>
		<visible>String.IsEqual(ListItem.DBTYPE,movies)</visible>
	</control>
	</control>
	</include>
	
	
	<include name="501ListViewLayouts">
	<param name="progressvisible" default="true"/>
	<param name="titleheight" default="80"/>
	<definition>
	<control type="image">
		<height>130</height>
		<animation condition="true" effect="fade" end="35" time="0">Conditional</animation>
		<texture colordiffuse="gray">colors/white.png</texture>
		<visible>$PARAM[focus]</visible>
	</control>
	<control type="image">
		<left>$PARAM[focusleft]</left>
		<top>2</top>
		<right>2</right>
		<bottom>2</bottom>
		<left>2</left>
		<texture colordiffuse="15FFFFFF">colors/white.png</texture>
	</control>
	<control type="group">
	<left>$PARAM[left]</left>
	<top>5</top>
	<bottom>5</bottom>
	<control type="image">
	<top>15</top>
	<height>100</height>
	<width>100</width>
	<texture>icons/back.png</texture>
	<visible>String.IsEqual(ListItem.Label,..)</visible>
	</control>
	<include content="IconSizedBackGround">
		<param name="width">$PARAM[width]</param>
		<param name="height">$PARAM[height]</param>
		<param name="icon">$VAR[IconViewImage]</param>
		<param name="visible">!String.IsEqual(ListItem.Label,..)</param>
	</include>
	<control type="label">
		<top>20</top>
		<left>125</left>
		<right>135</right>
		<height>95</height>
		<align>left</align>
		<font>font32_title</font>
		<label>$INFO[listItem.Label]</label>
		<scroll>$PARAM[focusleft]</scroll>
		<visible>Container.Content(tvshows) | Container.Content(seasons)</visible>
	</control>
	<control type="label">
		<top>55</top>
		<left>125</left>
		<right>135</right>
		<height>95</height>
		<align>left</align>
		<font>font32</font>
		<label>[I]$INFO[ListItem.Genre][/I]</label>
		<scroll>$PARAM[focusleft]</scroll>
		<visible>Container.Content(tvshows) | Container.Content(seasons)</visible>
	</control>
	<control type="label">
		<top>15</top>
		<left>125</left>
		<right>135</right>
		<height>95</height>
		<align>left</align>
		<font>font32_title</font>
		<label>$INFO[listItem.TvShowTitle]</label>
		<scroll>$PARAM[focusleft]</scroll>
		<visible>Container.Content(episodes)</visible>
	</control>
	<control type="label">
		<top>60</top>
		<left>125</left>
		<right>135</right>
		<height>95</height>
		<align>left</align>
		<font>font32</font>
		<label>$INFO[ListItem.Label]</label>
		<scroll>$PARAM[focusleft]</scroll>
		<visible>Container.Content(episodes)</visible>
	</control>
	<control type="label">
		<top>20</top>
		<left>125</left>
		<right>135</right>
		<height>95</height>
		<align>left</align>
		<font>font32_title</font>
		<label>$INFO[listItem.Label]</label>
		<scroll>$PARAM[focusleft]</scroll>
		<visible>Container.Content(movies)</visible>
	</control>
	<control type="label">
		<top>55</top>
		<left>125</left>
		<right>135</right>
		<height>95</height>
		<align>left</align>
		<font>font32</font>
		<label>[I]$INFO[ListItem.Genre][/I]</label>
		<scroll>$PARAM[focusleft]</scroll>
		<visible>Container.Content(movies)</visible>
	</control>
	<control type="label">
		<top>15</top>
		<left>125</left>
		<right>135</right>
		<height>85</height>
		<align>left</align>
		<aligny>center</aligny>
		<font>font32_title</font>
		<label>$INFO[listItem.Label][CR][I]$INFO[ListItem.Genre][/I]</label>
		<scroll>$PARAM[focusleft]</scroll>
		<visible>![Container.Content(tvshows) | Container.Content(seasons) | Container.Content(episodes) | Container.Content(movies)]</visible>
		<visible>!String.Contains(Container.FolderPath,idanplus)</visible>
	</control>
	<control type="label">
		<top>15</top>
		<left>125</left>
		<right>135</right>
		<height>85</height>
		<align>left</align>
		<aligny>center</aligny>
		<font>font32</font>
		<label>$INFO[listItem.Label][CR][I]$INFO[ListItem.Genre][/I]</label>
		<scroll>$PARAM[focusleft]</scroll>
		<visible>![Container.Content(tvshows) | Container.Content(seasons) | Container.Content(episodes) | Container.Content(movies)]</visible>
		<visible>String.Contains(Container.FolderPath,idanplus)</visible>
	</control>
	<control type="image">
		<top>40</top>
		<right>20</right>
		<width>40</width>
		<height>40</height>
		<texture>$VAR[ListWatchedIconVar]</texture>
	</control>
	</control>
	</definition>
	</include>
	
	<include name="infopanel501">
	<control type="grouplist">
	<height>720</height>
	<width>580</width>
	<left>1340</left>
	<top>425</top>
	<itemgap>0</itemgap>
	<include>AnimationRightSide</include>
	<visible>Control.IsVisible(515)</visible>
	<visible>!String.IsEqual(ListItem.Label,..)</visible>
	<visible>Container.Content(movies) | Container.Content(tvshows) | Container.Content(seasons) | Container.Content(episodes)</visible>
	<animation effect="fade" start="0" end="100" time="550">VisibleChange</animation>
	<control type="group">
	<visible>Container.Content(movies)</visible>
	<visible>Integer.IsGreater(ListItem.PercentPlayed,5)</visible>
	<width>570</width>
	<height>20</height>
	<control type="label">
		<top>-8</top>
		<right>0</right>
		<height>12</height>
		<align>right</align>
		<font>font10</font>
		<width>80</width>
		<label>$INFO[ListItem.PercentPlayed]%</label>
	</control>
	<control type="progress">
		<top>2</top>
		<right>55</right>
		<height>12</height>
		<align>left</align>
		<width>515</width>
		<info>ListItem.PercentPlayed</info>
	</control>
	</control>
	<control type="group">
	<visible>Container.Content(tvshows) | Container.Content(seasons) | Container.Content(episodes)</visible>
	<visible>Integer.IsGreater(ListItem.Property(WatchedProgress),5)</visible>
	<width>570</width>
	<height>20</height>
	<control type="label">
		<top>-8</top>
		<right>0</right>
		<height>12</height>
		<align>right</align>
		<font>font10</font>
		<width>80</width>
		<label>$INFO[ListItem.Property(WatchedProgress)]%</label>
	</control>
	<control type="progress">
		<top>2</top>
		<right>55</right>
		<height>12</height>
		<align>left</align>
		<width>515</width>
		<info>ListItem.Property(WatchedProgress)</info>
	</control>
	</control>
	<control type="label">
		<align>right</align>
		<right>10</right>
		<height>95</height>
		<font>font20</font>
		<label>$VAR[NextAiredDayLabel,הפרק הבא ישודר ביום: ][CR]$INFO[ListItem.Property(Next_Aired.Name),שם הפרק הבא: ] - $INFO[ListItem.Property(Next_Aired.Season),עונה: ][CR]$INFO[ListItem.Property(Next_Aired),תאריך שידור: ][CR][COLOR button_focus]מידע[/COLOR][CR]$INFO[ListItem.Plot]</label>
		<visible>Container.Content(seasons)</visible>
		<visible>!String.IsEmpty(ListItem.Property(Next_Aired.Day)) + !String.IsEmpty(ListItem.Property(Next_Aired))</visible>
	</control>
	<control type="label">
		<align>right</align>
		<right>10</right>
		<height>95</height>
		<font>font20</font>
		<label>$VAR[LastAiredDayLabel,הפרק האחרון שודר ביום: ][CR]$INFO[ListItem.Property(Last_Aired.Name),הפרק ששודר: ] - $INFO[ListItem.Property(Last_Aired.Season),עונה: ][CR]$INFO[ListItem.Property(Last_Aired),תאריך שידור: ][CR][COLOR button_focus]מידע[/COLOR][CR]$INFO[ListItem.Plot]</label>
		<visible>Container.Content(tvshows)</visible>
		<visible>!String.IsEmpty(ListItem.Property(Next_Aired.Day)) + !String.IsEmpty(ListItem.Property(Last_Aired))</visible>
	</control>
	<control type="group">
	<height>55</height>
	<visible>Container.Content(tvshows) | Container.Content(seasons) | Container.Content(episodes)</visible>
	<control type="label">
		<align>right</align>
		<right>10</right>
		<font>font20</font>
		<visible>Container.Content(episodes) | Container.Content(tvshows) | Container.Content(seasons)</visible>
		<label>[B]$VAR[SetHebStatusDialogVideo][/B]</label>
		<visible>String.IsEmpty(ListItem.Property(Next_Aired.Day))</visible>
	</control>

	<control type="label">
		<align>left</align>
		<right>40</right>
		<font>font20</font>
		<visible>Container.Content(episodes)</visible>
		<label>[B]$INFO[ListItem.Season, עונה: ] / $INFO[ListItem.Episode, פרק: ][/B]</label>
	</control>
	</control>
	<control type="label">
		<align>right</align>
		<right>40</right>
		<font>font20</font>
		<height>35</height>
		<visible>Container.Content(seasons) | Container.Content(tvshows)</visible>
		<label>[B]$INFO[ListItem.Property(TotalSeasons),עונות: ] / $INFO[ListItem.Property(TotalEpisodes), פרקים: ][/B]</label>
		<visible>!String.IsEmpty(ListItem.ListItem.Property(TotalSeasons)</visible>
	</control>
	<control type="label">
		<height max="auto">65</height>
		<align>left</align>
		<font>font45_title</font>
		<label>$INFO[ListItem.Label]</label>
		<visible>[Container.Content(seasons) | Container.Content(movies) | Container.Content(tvshows) | Container.Content(episodes)]</visible>
		<visible>!String.IsEmpty(ListItem.Label)</visible>
	</control>
	<control type="label">
		<height max="auto">45</height>
		<align>left</align>
		<font>font32_title</font>
		<textcolor>white</textcolor>
		<label>$INFO[ListItem.Premiered,השתחרר: ] [COLOR burlywood]-[/COLOR] $INFO[ListItem.Year,שנה: ]</label>
		<visible>[Container.Content(seasons) | Container.Content(movies) | Container.Content(tvshows) | Container.Content(episodes)]</visible>
		<visible>!String.IsEmpty(ListItem.Year)</visible>
	</control>
	<control type="label">
		<height max="auto">45</height>
		<align>left</align>
		<font>font27</font>
		<textcolor>burlywood</textcolor>
		<label>[I]$INFO[ListItem.Genre][/I]</label>
		<visible>!String.IsEmpty(ListItem.Genre)</visible>
	</control>
	<control type="label">
		<height max="auto">45</height>
		<align>left</align>
		<font>font32</font>
		<textcolor>white</textcolor>
		<visible>!String.IsEmpty(ListItem.Rating)</visible>
		<label>$INFO[ListItem.RatingAndVotes, הצבעות ] [COLOR burlywood]|[/COLOR] $INFO[ListItem.Rating, דירוג ]</label>
	</control>
	<control type="group">
	<height max="445">auto</height>
	<control type="textbox">
		<height>355</height>
		<align>left</align>
		<font>font37</font>
		<label>$INFO[ListItem.Plot]</label>
		<visible>Integer.IsGreater(ListItem.PercentPlayed,5) + Container.Content(movies)</visible>
	</control>
	<control type="textbox">
		<height>405</height>
		<align>left</align>
		<font>font37</font>
		<label>$INFO[ListItem.Plot]</label>
		<visible>!Integer.IsGreater(ListItem.PercentPlayed,5) + Container.Content(movies)</visible>
	</control>
	<control type="textbox">
		<height>200</height>
		<align>left</align>
		<font>font37</font>
		<label>$INFO[ListItem.Plot]</label>
		<visible>!Container.Content(movies)</visible>
	</control>
	</control>
	</control>
	</include>
		
	
	<variable name="SetNewInLayouts">
	<value condition="!String.IsEqual(ListItem.Year,2025)">icons/poster-new.png</value>
	<value condition="String.IsEqual(ListItem.Year,2025)">icons/new.png</value>
	</variable>
	
</includes>
