<?xml version="1.0" encoding="UTF-8"?>
<!-- Foundation -->
<window id="6901" type="dialog">
    <defaultcontrol always="true">5</defaultcontrol>


<controls>

<control type="image">
<posx>0</posx>
<posy>0</posy>
<width>fsw</width>
<height>fsh</height>
<texture>special://skin/extras/specialbuttons/background.jpg</texture>
</control>

<control type="multiimage">
<posx>0</posx>
<posy>0</posy>
<width>fsw</width>
<height>fsh</height>
<fadetime>350</fadetime>
<imagepath>$INFO[Container(5).ListItem.Art(fanart)]</imagepath>
</control>

<control type="image">
<posx>-100</posx>
<posy>300</posy>
<width>2200</width>
<height>580</height>
<texture>special://skin/extras/common/context_middle.png</texture>
</control>

<control type="image">
<posx>-100</posx>
<posy>50</posy>
<width>2200</width>
<height>250</height>
<texture>special://skin/extras/common/context_middle.png</texture>
</control>

<control type="image">
<posx>-100</posx>
<posy>0</posy>
<width>2200</width>
<height>50</height>
<texture>special://skin/extras/common/context_middle.png</texture>
</control>

<control type="group">
<control type="label">
<posx>35</posx>
<posy>300</posy>
<width>500</width>
<height>40</height>
<align>center</align>
<font>font-21-newrecommnded</font>
<label>$INFO[Container(5).ListItem.Label]</label>
</control>

<control type="label">
<posx>200</posx>
<posy>380</posy>
<width>250</width>
<height>40</height>
<textcolor>burlywood</textcolor>
<label>[B]תקציר סדרה:[/B]</label>
</control>

</control>

<control type="label">
<posx>1505</posx>
<posy>700</posy>
<width>250</width>
<height>40</height>
<align>right</align>
<label>[COLOR cyan]$INFO[Container(5).NumItems][/COLOR] [COLOR white]כמות סדרות:[/COLOR]</label>
</control>

<control type="image">
<visible>!Integer.IsGreater(Container(5).NumItems,0)</visible>
<posx>800</posx>
<posy>500</posy>
<width>120</width>
<height>120</height>
<texture>special://skin/extras/specialbuttons/loading.gif</texture>
</control>


<control type="multiimage">
<centerleft>90%</centerleft>
<posy>330</posy>
<width>350</width>
<height>520</height>
<fadetime>350</fadetime>
<imagepath>$INFO[Container(5).ListItem.Thumb]</imagepath>
</control>

<control type="textbox">
<posx>0</posx>
<posy>470</posy>
<width>500</width>
<height>320</height>
<align>right</align>
<autoscroll fade="2550" time="3000" repeat="4000"></autoscroll>
<label>$INFO[Container(5).ListItem.Plot]</label>
</control>


<include content="basetvshowcontent">
<param name="basetvshowid" value="5"/>
<param name="basetvshowcontnet" value="plugin://plugin.audio.My.Music/?cat_level=%20&amp;count=0&amp;description=%5bB%5d%5bCOLOR%20burlywood%5d%20%d7%a9.%d7%a7%20%5b%2fCOLOR%5d%5b%2fB%5d&amp;fanart=https%3a%2f%2ffunender.com%2fwp-content%2fuploads%2f2017%2f11%2fTop-10-Box-Office-Weekend-Movies-Report-October-27-29-2017.jpg&amp;iconimage=http%3a%2f%2fngarba.xyz%2fadds%2fyos%2fphoto10.jpg&amp;index_depth=0&amp;lang=eng&amp;mode=5&amp;name=tvshow-newdesign-comedy&amp;page&amp;selected_list=%20&amp;url=%d7%a1%d7%93%d7%a8%d7%95%d7%aatvshow-newdesigntvshow-newdesign-comedy&quot"/>
</include>



<include content="sessionone">
<param name="seesionone" value="500"/>
<param name="labelname" value="אמת או חובה"/>
<param name="network" value="[COLOR red](UNKNOWN)[/COLOR]"/>
<param name="baseepisodidcontent" value="plugin://plugin.video.mando/?all_w=%7b%7d&amp;data=2020&amp;dates=%20&amp;description=%5bCOLOR%20aqua%5d%20%d7%a9%d7%95%d7%93%d7%a8%20%d7%91%d7%aa%d7%90%d7%a8%d7%99%d7%9a%2027-04-2020%5b%2fCOLOR%5d%0aAfter%20a%20traumatic%20year%2c%20all%20an%20Indian-American%20teen%20wants%20is%20to%20go%20from%20pariah%20to%20popular%20--%20but%20friends%2c%20family%20and%20feeling%20won%27t%20make%20it%20easy%20on%20her.&amp;eng_name=%20&amp;episode=%20&amp;fanart=https%3a%2f%2fimage.tmdb.org%2ft%2fp%2foriginal%2f%2fa51slt8xs4smZJNys29AfHDCy2R.jpg&amp;fav_status=false&amp;heb_name=%d7%90%d7%9e%d7%aa%20%d7%90%d7%95%20%d7%97%d7%95%d7%91%d7%94&amp;iconimage=https%3a%2f%2fimage.tmdb.org%2ft%2fp%2foriginal%2f%2fgc1oGZ6F2eQm48d63wqxRBbrTAb.jpg&amp;id=100883&amp;image_master&amp;isr=0&amp;last_id&amp;mode=19&amp;name=%5bCOLOR%20white%5d%d7%a2%d7%95%d7%a0%d7%94%201%5b%2fCOLOR%5d&amp;original_title=Never%20Have%20I%20Ever&amp;season=1&amp;show_original_year=2020&amp;tmdbid=378746&amp;url=https%3a%2f%2fapi.themoviedb.org%2f3%2ftv%2f100883%3fapi_key%3d34142515d9d23817496eeb4ff1d223d0%26language%3den%26append_to_response%3dexternal_ids&amp;video_data=%7b%22rating%22%3a%20%220%22%2c%20%22episode%22%3a%200%2c%20%22title%22%3a%20%22%5bCOLOR%20white%5d%5cu05e2%5cu05d5%5cu05e0%5cu05d4%201%5b%2fCOLOR%5d%22%2c%20%22season%22%3a%200%2c%20%22TVshowtitle%22%3a%20%22%22%2c%20%22mediatype%22%3a%20%22movie%22%2c%20%22plot%22%3a%20%22%5bCOLOR%20aqua%5d%20%5cu05e9%5cu05d5%5cu05d3%5cu05e8%20%5cu05d1%5cu05ea%5cu05d0%5cu05e8%5cu05d9%5cu05da%2027-04-2020%5b%2fCOLOR%5d%5cnAfter%20a%20traumatic%20year%2c%20all%20an%20Indian-American%20teen%20wants%20is%20to%20go%20from%20pariah%20to%20popular%20--%20but%20friends%2c%20family%20and%20feeling%20won%27t%20make%20it%20easy%20on%20her.%22%2c%20%22OriginalTitle%22%3a%20%22Never%20Have%20I%20Ever%22%2c%20%22Tag%22%3a%20%2216%22%2c%20%22year%22%3a%20%222020%22%7d&quot"/>
</include>

<include content="sessionone">
<param name="seesionone" value="501"/>
<param name="labelname" value="בבלוק שלי"/>
<param name="network" value="[COLOR red](UNKNOWN)[/COLOR]"/>
<param name="baseepisodidcontent" value="plugin://plugin.video.mando/?all_w=%7b%7d&amp;data=2020&amp;dates=%20&amp;description=%5bCOLOR%20aqua%5d%20%d7%a9%d7%95%d7%93%d7%a8%20%d7%91%d7%aa%d7%90%d7%a8%d7%99%d7%9a%2011-03-2020%5b%2fCOLOR%5d%0aA%20coming%20of%20age%20comedy%20following%20a%20diverse%20group%20of%20teenage%20friends%20as%20they%20confront%20the%20challenges%20of%20growing%20up%20in%20gritty%20inner-city%20Los%20Angeles.&amp;eng_name=%20&amp;episode=%20&amp;fanart=https%3a%2f%2fimage.tmdb.org%2ft%2fp%2foriginal%2f%2fjt7c70Axkhy7o9u00JT8Lygfd3H.jpg&amp;fav_status=false&amp;heb_name=%d7%91%d7%91%d7%9c%d7%95%d7%a7%20%d7%a9%d7%9c%d7%99&amp;iconimage=https%3a%2f%2fimage.tmdb.org%2ft%2fp%2foriginal%2f%2fm0W57cScS2xgzQmRR4MWHEgBNSH.jpg&amp;id=76747&amp;image_master&amp;isr=0&amp;last_id&amp;mode=19&amp;name=%5bCOLOR%20white%5d%d7%a2%d7%95%d7%a0%d7%94%203%5b%2fCOLOR%5d&amp;original_title=On%20My%20Block&amp;season=3&amp;show_original_year=2018&amp;tmdbid=339273&amp;url=https%3a%2f%2fapi.themoviedb.org%2f3%2ftv%2f76747%3fapi_key%3d34142515d9d23817496eeb4ff1d223d0%26language%3den%26append_to_response%3dexternal_ids&amp;video_data=%7b%22rating%22%3a%20%220%22%2c%20%22episode%22%3a%200%2c%20%22title%22%3a%20%22%5bCOLOR%20white%5d%5cu05e2%5cu05d5%5cu05e0%5cu05d4%203%5b%2fCOLOR%5d%22%2c%20%22season%22%3a%200%2c%20%22TVshowtitle%22%3a%20%22%22%2c%20%22mediatype%22%3a%20%22movie%22%2c%20%22plot%22%3a%20%22%5bCOLOR%20aqua%5d%20%5cu05e9%5cu05d5%5cu05d3%5cu05e8%20%5cu05d1%5cu05ea%5cu05d0%5cu05e8%5cu05d9%5cu05da%2011-03-2020%5b%2fCOLOR%5d%5cnA%20coming%20of%20age%20comedy%20following%20a%20diverse%20group%20of%20teenage%20friends%20as%20they%20confront%20the%20challenges%20of%20growing%20up%20in%20gritty%20inner-city%20Los%20Angeles.%22%2c%20%22OriginalTitle%22%3a%20%22On%20My%20Block%22%2c%20%22Tag%22%3a%20%2216%22%2c%20%22year%22%3a%20%222020%22%7d&quot"/>
</include>

<include content="sessionone">
<param name="seesionone" value="502"/>
<param name="labelname" value="בוגרת-כזה"/>
<param name="network" value="[COLOR red](UNKNOWN)[/COLOR]"/>
<param name="baseepisodidcontent" value="plugin://plugin.video.mando/?all_w=%7b%7d&amp;data=2020&amp;dates=%20&amp;description=%5bCOLOR%20aqua%5d%20%d7%a9%d7%95%d7%93%d7%a8%20%d7%91%d7%aa%d7%90%d7%a8%d7%99%d7%9a%2016-01-2020%5b%2fCOLOR%5d%0aZoey%20Johnson%20heads%20to%20college%20and%20begins%20her%20hilarious%20journey%20to%20adulthood%20but%20quickly%20discovers%20that%20not%20everything%20goes%20her%20way%20once%20she%20leaves%20the%20nest.&amp;eng_name=%20&amp;episode=%20&amp;fanart=https%3a%2f%2fimage.tmdb.org%2ft%2fp%2foriginal%2f%2f3g7h5KFgnfIaPjACCxDtSxXUX39.jpg&amp;fav_status=false&amp;heb_name=%d7%91%d7%95%d7%92%d7%a8%d7%aa-%d7%9b%d7%96%d7%94&amp;iconimage=https%3a%2f%2fimage.tmdb.org%2ft%2fp%2foriginal%2f%2f3jmhnqezp4sCqigz0n2M0f7pQ5A.jpg&amp;id=71885&amp;image_master&amp;isr=0&amp;last_id&amp;mode=19&amp;name=%5bCOLOR%20white%5d%d7%a2%d7%95%d7%a0%d7%94%203%5b%2fCOLOR%5d&amp;original_title=grown-ish&amp;season=3&amp;show_original_year=2018&amp;tmdbid=332802&amp;url=https%3a%2f%2fapi.themoviedb.org%2f3%2ftv%2f71885%3fapi_key%3d34142515d9d23817496eeb4ff1d223d0%26language%3den%26append_to_response%3dexternal_ids&amp;video_data=%7b%22rating%22%3a%20%220%22%2c%20%22episode%22%3a%200%2c%20%22title%22%3a%20%22%5bCOLOR%20white%5d%5cu05e2%5cu05d5%5cu05e0%5cu05d4%203%5b%2fCOLOR%5d%22%2c%20%22season%22%3a%200%2c%20%22TVshowtitle%22%3a%20%22%22%2c%20%22mediatype%22%3a%20%22movie%22%2c%20%22plot%22%3a%20%22%5bCOLOR%20aqua%5d%20%5cu05e9%5cu05d5%5cu05d3%5cu05e8%20%5cu05d1%5cu05ea%5cu05d0%5cu05e8%5cu05d9%5cu05da%2016-01-2020%5b%2fCOLOR%5d%5cnZoey%20Johnson%20heads%20to%20college%20and%20begins%20her%20hilarious%20journey%20to%20adulthood%20but%20quickly%20discovers%20that%20not%20everything%20goes%20her%20way%20once%20she%20leaves%20the%20nest.%22%2c%20%22OriginalTitle%22%3a%20%22grown-ish%22%2c%20%22Tag%22%3a%20%2216%22%2c%20%22year%22%3a%20%222020%22%7d&quot"/>
</include>

<include content="sessionone">
<param name="seesionone" value="502"/>
<param name="labelname" value="ביחד ולחוד"/>
<param name="network" value="[COLOR red](UNKNOWN)[/COLOR]"/>
<param name="baseepisodidcontent" value="plugin://plugin.video.mando/?all_w=%7b%7d&amp;data=2018&amp;dates=%20&amp;description=%5bCOLOR%20aqua%5d%20%d7%a9%d7%95%d7%93%d7%a8%20%d7%91%d7%aa%d7%90%d7%a8%d7%99%d7%9a%2026-03-2018%5b%2fCOLOR%5d%0aLena%20and%20Martin%20were%20once%20madly%20in%20love.%20But%2c%20like%20many%20marriages%2c%20time%20and%20circumstance%20eventually%20took%20their%20toll%2c%20and%20they%20decide%20that%20everyone%27s%20lives%20would%20be%20better%20if%20they%20got%20a%20divorce.%20Facing%20a%20daunting%20real%20estate%20market%2c%20the%20couple%20decide%20not%20to%20sell%20their%20house%20and%20to%20%22Bird%20Nest%22%20instead.%20The%20%27on-duty%27%20parent%20will%20live%20in%20the%20house%20while%20the%20%27off-duty%27%20parent%20will%20live%20in%20the%20detached%20garage.%20As%20Lena%20begins%20to%20dip%20her%20toes%20into%20the%20dating%20waters%2c%20Martin%20begins%20to%20see%20his%20own%20culpability%20in%20his%20marriage%20falling%20apart.&amp;eng_name=%20&amp;episode=%20&amp;fanart=https%3a%2f%2fimage.tmdb.org%2ft%2fp%2foriginal%2f%2fniNPjH3d11CrOw0BbxNZe8QgBIC.jpg&amp;fav_status=false&amp;heb_name=%d7%91%d7%99%d7%97%d7%93%20%d7%95%d7%9c%d7%97%d7%95%d7%93&amp;iconimage=https%3a%2f%2fimage.tmdb.org%2ft%2fp%2foriginal%2f%2fzzyDGeOUtJ1HWPho7Lkhel518Io.jpg&amp;id=71764&amp;image_master&amp;isr=0&amp;last_id&amp;mode=19&amp;name=%5bCOLOR%20white%5d%d7%a2%d7%95%d7%a0%d7%94%201%5b%2fCOLOR%5d&amp;original_title=Splitting%20Up%20Together&amp;season=1&amp;show_original_year=2018&amp;tmdbid=328595&amp;url=https%3a%2f%2fapi.themoviedb.org%2f3%2ftv%2f71764%3fapi_key%3d34142515d9d23817496eeb4ff1d223d0%26language%3den%26append_to_response%3dexternal_ids&amp;video_data=%7b%22rating%22%3a%20%220%22%2c%20%22episode%22%3a%200%2c%20%22title%22%3a%20%22%5bCOLOR%20white%5d%5cu05e2%5cu05d5%5cu05e0%5cu05d4%201%5b%2fCOLOR%5d%22%2c%20%22season%22%3a%200%2c%20%22TVshowtitle%22%3a%20%22%22%2c%20%22mediatype%22%3a%20%22movie%22%2c%20%22plot%22%3a%20%22%5bCOLOR%20aqua%5d%20%5cu05e9%5cu05d5%5cu05d3%5cu05e8%20%5cu05d1%5cu05ea%5cu05d0%5cu05e8%5cu05d9%5cu05da%2026-03-2018%5b%2fCOLOR%5d%5cnLena%20and%20Martin%20were%20once%20madly%20in%20love.%20But%2c%20like%20many%20marriages%2c%20time%20and%20circumstance%20eventually%20took%20their%20toll%2c%20and%20they%20decide%20that%20everyone%27s%20lives%20would%20be%20better%20if%20they%20got%20a%20divorce.%20Facing%20a%20daunting%20real%20estate%20market%2c%20the%20couple%20decide%20not%20to%20sell%20their%20house%20and%20to%20%5c%22Bird%20Nest%5c%22%20instead.%20The%20%27on-duty%27%20parent%20will%20live%20in%20the%20house%20while%20the%20%27off-duty%27%20parent%20will%20live%20in%20the%20detached%20garage.%20As%20Lena%20begins%20to%20dip%20her%20toes%20into%20the%20dating%20waters%2c%20Martin%20begins%20to%20see%20his%20own%20culpability%20in%20his%20marriage%20falling%20apart.%22%2c%20%22OriginalTitle%22%3a%20%22Splitting%20Up%20Together%22%2c%20%22Tag%22%3a%20%2216%22%2c%20%22year%22%3a%20%222018%22%7d&quot"/>
</include>

<include content="sessiontwo">
<param name="sessiontwo" value="503"/>
<param name="labelname" value="ביחד ולחוד"/>
<param name="network" value="[COLOR red](UNKNOWN)[/COLOR]"/>
<param name="baseepisodidcontent" value="plugin://plugin.video.mando/?all_w=%7b%7d&amp;data=2018&amp;dates=%20&amp;description=%5bCOLOR%20aqua%5d%20%d7%a9%d7%95%d7%93%d7%a8%20%d7%91%d7%aa%d7%90%d7%a8%d7%99%d7%9a%2016-10-2018%5b%2fCOLOR%5d%0aLena%20and%20Martin%20were%20once%20madly%20in%20love.%20But%2c%20like%20many%20marriages%2c%20time%20and%20circumstance%20eventually%20took%20their%20toll%2c%20and%20they%20decide%20that%20everyone%27s%20lives%20would%20be%20better%20if%20they%20got%20a%20divorce.%20Facing%20a%20daunting%20real%20estate%20market%2c%20the%20couple%20decide%20not%20to%20sell%20their%20house%20and%20to%20%22Bird%20Nest%22%20instead.%20The%20%27on-duty%27%20parent%20will%20live%20in%20the%20house%20while%20the%20%27off-duty%27%20parent%20will%20live%20in%20the%20detached%20garage.%20As%20Lena%20begins%20to%20dip%20her%20toes%20into%20the%20dating%20waters%2c%20Martin%20begins%20to%20see%20his%20own%20culpability%20in%20his%20marriage%20falling%20apart.&amp;eng_name=%20&amp;episode=%20&amp;fanart=https%3a%2f%2fimage.tmdb.org%2ft%2fp%2foriginal%2f%2fniNPjH3d11CrOw0BbxNZe8QgBIC.jpg&amp;fav_status=false&amp;heb_name=%d7%91%d7%99%d7%97%d7%93%20%d7%95%d7%9c%d7%97%d7%95%d7%93&amp;iconimage=https%3a%2f%2fimage.tmdb.org%2ft%2fp%2foriginal%2f%2fjMxlolm8TcNKNNMRyjxWqvpiIQ8.jpg&amp;id=71764&amp;image_master&amp;isr=0&amp;last_id&amp;mode=19&amp;name=%5bCOLOR%20white%5d%d7%a2%d7%95%d7%a0%d7%94%202%5b%2fCOLOR%5d&amp;original_title=Splitting%20Up%20Together&amp;season=2&amp;show_original_year=2018&amp;tmdbid=328595&amp;url=https%3a%2f%2fapi.themoviedb.org%2f3%2ftv%2f71764%3fapi_key%3d34142515d9d23817496eeb4ff1d223d0%26language%3den%26append_to_response%3dexternal_ids&amp;video_data=%7b%22rating%22%3a%20%220%22%2c%20%22episode%22%3a%200%2c%20%22title%22%3a%20%22%5bCOLOR%20white%5d%5cu05e2%5cu05d5%5cu05e0%5cu05d4%202%5b%2fCOLOR%5d%22%2c%20%22season%22%3a%200%2c%20%22TVshowtitle%22%3a%20%22%22%2c%20%22mediatype%22%3a%20%22movie%22%2c%20%22plot%22%3a%20%22%5bCOLOR%20aqua%5d%20%5cu05e9%5cu05d5%5cu05d3%5cu05e8%20%5cu05d1%5cu05ea%5cu05d0%5cu05e8%5cu05d9%5cu05da%2016-10-2018%5b%2fCOLOR%5d%5cnLena%20and%20Martin%20were%20once%20madly%20in%20love.%20But%2c%20like%20many%20marriages%2c%20time%20and%20circumstance%20eventually%20took%20their%20toll%2c%20and%20they%20decide%20that%20everyone%27s%20lives%20would%20be%20better%20if%20they%20got%20a%20divorce.%20Facing%20a%20daunting%20real%20estate%20market%2c%20the%20couple%20decide%20not%20to%20sell%20their%20house%20and%20to%20%5c%22Bird%20Nest%5c%22%20instead.%20The%20%27on-duty%27%20parent%20will%20live%20in%20the%20house%20while%20the%20%27off-duty%27%20parent%20will%20live%20in%20the%20detached%20garage.%20As%20Lena%20begins%20to%20dip%20her%20toes%20into%20the%20dating%20waters%2c%20Martin%20begins%20to%20see%20his%20own%20culpability%20in%20his%20marriage%20falling%20apart.%22%2c%20%22OriginalTitle%22%3a%20%22Splitting%20Up%20Together%22%2c%20%22Tag%22%3a%20%2216%22%2c%20%22year%22%3a%20%222018%22%7d&quot"/>
</include>


<include content="sessionone">
<param name="seesionone" value="504"/>
<param name="labelname" value="בית ספר לאבירים"/>
<param name="network" value="[COLOR red](UNKNOWN)[/COLOR]"/>
<param name="baseepisodidcontent" value="plugin://plugin.video.mando/?all_w=%7b%7d&amp;data=2018&amp;dates=%20&amp;description=%5bCOLOR%20aqua%5d%20%d7%a9%d7%95%d7%93%d7%a8%20%d7%91%d7%aa%d7%90%d7%a8%d7%99%d7%9a%2019-02-2018%5b%2fCOLOR%5d%0aTwo%20mismatched%20students%20at%20a%20magical%20school%20for%20knights%20in%20training%20form%20an%20unlikely%20alliance%20to%20protect%20each%20other%e2%80%99s%20secret%20and%20pursue%20their%20dreams.&amp;eng_name=%20&amp;episode=%20&amp;fanart=https%3a%2f%2fimage.tmdb.org%2ft%2fp%2foriginal%2f%2fwyGGTsNdB8NeiW8lMcx61mhBl7F.jpg&amp;fav_status=false&amp;heb_name=%d7%91%d7%99%d7%aa%20%d7%a1%d7%a4%d7%a8%20%d7%9c%d7%90%d7%91%d7%99%d7%a8%d7%99%d7%9d&amp;iconimage=https%3a%2f%2fimage.tmdb.org%2ft%2fp%2foriginal%2f%2fd7HoqHO9IDCtLY6htctkRBnjR7D.jpg&amp;id=75419&amp;image_master&amp;isr=0&amp;last_id&amp;mode=19&amp;name=%5bCOLOR%20white%5d%d7%a2%d7%95%d7%a0%d7%94%201%5b%2fCOLOR%5d&amp;original_title=Knight%20Squad&amp;season=1&amp;show_original_year=2018&amp;tmdbid=330494&amp;url=https%3a%2f%2fapi.themoviedb.org%2f3%2ftv%2f75419%3fapi_key%3d34142515d9d23817496eeb4ff1d223d0%26language%3den%26append_to_response%3dexternal_ids&amp;video_data=%7b%22rating%22%3a%20%220%22%2c%20%22episode%22%3a%200%2c%20%22title%22%3a%20%22%5bCOLOR%20white%5d%5cu05e2%5cu05d5%5cu05e0%5cu05d4%201%5b%2fCOLOR%5d%22%2c%20%22season%22%3a%200%2c%20%22TVshowtitle%22%3a%20%22%22%2c%20%22mediatype%22%3a%20%22movie%22%2c%20%22plot%22%3a%20%22%5bCOLOR%20aqua%5d%20%5cu05e9%5cu05d5%5cu05d3%5cu05e8%20%5cu05d1%5cu05ea%5cu05d0%5cu05e8%5cu05d9%5cu05da%2019-02-2018%5b%2fCOLOR%5d%5cnTwo%20mismatched%20students%20at%20a%20magical%20school%20for%20knights%20in%20training%20form%20an%20unlikely%20alliance%20to%20protect%20each%20other%5cu2019s%20secret%20and%20pursue%20their%20dreams.%22%2c%20%22OriginalTitle%22%3a%20%22Knight%20Squad%22%2c%20%22Tag%22%3a%20%2216%22%2c%20%22year%22%3a%20%222018%22%7d&quot"/>
</include>

<include content="sessiontwo">
<param name="sessiontwo" value="505"/>
<param name="labelname" value="בית ספר לאבירים"/>
<param name="network" value="[COLOR red](UNKNOWN)[/COLOR]"/>
<param name="baseepisodidcontent" value="plugin://plugin.video.mando/?all_w=%7b%7d&amp;data=2019&amp;dates=%20&amp;description=%5bCOLOR%20aqua%5d%20%d7%a9%d7%95%d7%93%d7%a8%20%d7%91%d7%aa%d7%90%d7%a8%d7%99%d7%9a%2002-02-2019%5b%2fCOLOR%5d%0aTwo%20mismatched%20students%20at%20a%20magical%20school%20for%20knights%20in%20training%20form%20an%20unlikely%20alliance%20to%20protect%20each%20other%e2%80%99s%20secret%20and%20pursue%20their%20dreams.&amp;eng_name=%20&amp;episode=%20&amp;fanart=https%3a%2f%2fimage.tmdb.org%2ft%2fp%2foriginal%2f%2fwyGGTsNdB8NeiW8lMcx61mhBl7F.jpg&amp;fav_status=false&amp;heb_name=%d7%91%d7%99%d7%aa%20%d7%a1%d7%a4%d7%a8%20%d7%9c%d7%90%d7%91%d7%99%d7%a8%d7%99%d7%9d&amp;iconimage=https%3a%2f%2fimage.tmdb.org%2ft%2fp%2foriginal%2f%2fygglLYvILADpfl0RqwutWiZt3xs.jpg&amp;id=75419&amp;image_master&amp;isr=0&amp;last_id&amp;mode=19&amp;name=%5bCOLOR%20white%5d%d7%a2%d7%95%d7%a0%d7%94%202%5b%2fCOLOR%5d&amp;original_title=Knight%20Squad&amp;season=2&amp;show_original_year=2018&amp;tmdbid=330494&amp;url=https%3a%2f%2fapi.themoviedb.org%2f3%2ftv%2f75419%3fapi_key%3d34142515d9d23817496eeb4ff1d223d0%26language%3den%26append_to_response%3dexternal_ids&amp;video_data=%7b%22rating%22%3a%20%220%22%2c%20%22episode%22%3a%200%2c%20%22title%22%3a%20%22%5bCOLOR%20white%5d%5cu05e2%5cu05d5%5cu05e0%5cu05d4%202%5b%2fCOLOR%5d%22%2c%20%22season%22%3a%200%2c%20%22TVshowtitle%22%3a%20%22%22%2c%20%22mediatype%22%3a%20%22movie%22%2c%20%22plot%22%3a%20%22%5bCOLOR%20aqua%5d%20%5cu05e9%5cu05d5%5cu05d3%5cu05e8%20%5cu05d1%5cu05ea%5cu05d0%5cu05e8%5cu05d9%5cu05da%2002-02-2019%5b%2fCOLOR%5d%5cnTwo%20mismatched%20students%20at%20a%20magical%20school%20for%20knights%20in%20training%20form%20an%20unlikely%20alliance%20to%20protect%20each%20other%5cu2019s%20secret%20and%20pursue%20their%20dreams.%22%2c%20%22OriginalTitle%22%3a%20%22Knight%20Squad%22%2c%20%22Tag%22%3a%20%2216%22%2c%20%22year%22%3a%20%222019%22%7d&quot"/>
</include>

<include content="sessionone">
<param name="seesionone" value="506"/>
<param name="labelname" value="בלגן בבית"/>
<param name="network" value="[COLOR red](UNKNOWN)[/COLOR]"/>
<param name="baseepisodidcontent" value="plugin://plugin.video.mando/?all_w=%7b%7d&amp;data=2019&amp;dates=%20&amp;description=%5bCOLOR%20aqua%5d%20%d7%a9%d7%95%d7%93%d7%a8%20%d7%91%d7%aa%d7%90%d7%a8%d7%99%d7%9a%2016-04-2019%5b%2fCOLOR%5d%0aAfter%20dropping%20everything%20to%20make%20the%20move%20from%20skyscrapers%20to%20farmhouses%2c%20Rio%20and%20Mike%20soon%20realize%20that%20the%20simpler%20life%20isn%27t%20as%20easy%20as%20they%20planned.&amp;eng_name=%20&amp;episode=%20&amp;fanart=https%3a%2f%2fimage.tmdb.org%2ft%2fp%2foriginal%2f%2fkYrt0YXHncGcTJRjUTLxG0Ix4bh.jpg&amp;fav_status=false&amp;heb_name=%d7%91%d7%9c%d7%92%d7%9f%20%d7%91%d7%91%d7%99%d7%aa&amp;iconimage=https%3a%2f%2fimage.tmdb.org%2ft%2fp%2foriginal%2f%2f6Efl8ghvVLSU9Qs5sKCGsrOqO31.jpg&amp;id=86129&amp;image_master&amp;isr=0&amp;last_id&amp;mode=19&amp;name=%5bCOLOR%20white%5d%d7%a2%d7%95%d7%a0%d7%94%201%5b%2fCOLOR%5d&amp;original_title=Bless%20This%20Mess&amp;season=1&amp;show_original_year=2019&amp;tmdbid=357882&amp;url=https%3a%2f%2fapi.themoviedb.org%2f3%2ftv%2f86129%3fapi_key%3d34142515d9d23817496eeb4ff1d223d0%26language%3den%26append_to_response%3dexternal_ids&amp;video_data=%7b%22rating%22%3a%20%220%22%2c%20%22episode%22%3a%200%2c%20%22title%22%3a%20%22%5bCOLOR%20white%5d%5cu05e2%5cu05d5%5cu05e0%5cu05d4%201%5b%2fCOLOR%5d%22%2c%20%22season%22%3a%200%2c%20%22TVshowtitle%22%3a%20%22%22%2c%20%22mediatype%22%3a%20%22movie%22%2c%20%22plot%22%3a%20%22%5bCOLOR%20aqua%5d%20%5cu05e9%5cu05d5%5cu05d3%5cu05e8%20%5cu05d1%5cu05ea%5cu05d0%5cu05e8%5cu05d9%5cu05da%2016-04-2019%5b%2fCOLOR%5d%5cnAfter%20dropping%20everything%20to%20make%20the%20move%20from%20skyscrapers%20to%20farmhouses%2c%20Rio%20and%20Mike%20soon%20realize%20that%20the%20simpler%20life%20isn%27t%20as%20easy%20as%20they%20planned.%22%2c%20%22OriginalTitle%22%3a%20%22Bless%20This%20Mess%22%2c%20%22Tag%22%3a%20%2216%22%2c%20%22year%22%3a%20%222019%22%7d&quot"/>
</include>

<include content="sessiontwo">
<param name="sessiontwo" value="507"/>
<param name="labelname" value="בלגן בבית"/>
<param name="network" value="[COLOR red](UNKNOWN)[/COLOR]"/>
<param name="baseepisodidcontent" value="plugin://plugin.video.mando/?all_w=%7b%7d&amp;data=2019&amp;dates=%20&amp;description=%5bCOLOR%20aqua%5d%20%d7%a9%d7%95%d7%93%d7%a8%20%d7%91%d7%aa%d7%90%d7%a8%d7%99%d7%9a%2024-09-2019%5b%2fCOLOR%5d%0aAfter%20dropping%20everything%20to%20make%20the%20move%20from%20skyscrapers%20to%20farmhouses%2c%20Rio%20and%20Mike%20soon%20realize%20that%20the%20simpler%20life%20isn%27t%20as%20easy%20as%20they%20planned.&amp;eng_name=%20&amp;episode=%20&amp;fanart=https%3a%2f%2fimage.tmdb.org%2ft%2fp%2foriginal%2f%2fkYrt0YXHncGcTJRjUTLxG0Ix4bh.jpg&amp;fav_status=false&amp;heb_name=%d7%91%d7%9c%d7%92%d7%9f%20%d7%91%d7%91%d7%99%d7%aa&amp;iconimage=https%3a%2f%2fimage.tmdb.org%2ft%2fp%2foriginal%2f%2f7bTNwjb0qQ9NEVkMbYXh8FGtaTI.jpg&amp;id=86129&amp;image_master&amp;isr=0&amp;last_id&amp;mode=19&amp;name=%5bCOLOR%20white%5d%d7%a2%d7%95%d7%a0%d7%94%202%5b%2fCOLOR%5d&amp;original_title=Bless%20This%20Mess&amp;season=2&amp;show_original_year=2019&amp;tmdbid=357882&amp;url=https%3a%2f%2fapi.themoviedb.org%2f3%2ftv%2f86129%3fapi_key%3d34142515d9d23817496eeb4ff1d223d0%26language%3den%26append_to_response%3dexternal_ids&amp;video_data=%7b%22rating%22%3a%20%220%22%2c%20%22episode%22%3a%200%2c%20%22title%22%3a%20%22%5bCOLOR%20white%5d%5cu05e2%5cu05d5%5cu05e0%5cu05d4%202%5b%2fCOLOR%5d%22%2c%20%22season%22%3a%200%2c%20%22TVshowtitle%22%3a%20%22%22%2c%20%22mediatype%22%3a%20%22movie%22%2c%20%22plot%22%3a%20%22%5bCOLOR%20aqua%5d%20%5cu05e9%5cu05d5%5cu05d3%5cu05e8%20%5cu05d1%5cu05ea%5cu05d0%5cu05e8%5cu05d9%5cu05da%2024-09-2019%5b%2fCOLOR%5d%5cnAfter%20dropping%20everything%20to%20make%20the%20move%20from%20skyscrapers%20to%20farmhouses%2c%20Rio%20and%20Mike%20soon%20realize%20that%20the%20simpler%20life%20isn%27t%20as%20easy%20as%20they%20planned.%22%2c%20%22OriginalTitle%22%3a%20%22Bless%20This%20Mess%22%2c%20%22Tag%22%3a%20%2216%22%2c%20%22year%22%3a%20%222019%22%7d&quot"/>
</include>

<include content="sessionone">
<param name="seesionone" value="508"/>
<param name="labelname" value="הבית של רייבן"/>
<param name="network" value="[COLOR red](UNKNOWN)[/COLOR]"/>
<param name="baseepisodidcontent" value="plugin://plugin.video.mando/?all_w=%7b%7d&amp;data=2017&amp;dates=%20&amp;description=%5bCOLOR%20aqua%5d%20%d7%a9%d7%95%d7%93%d7%a8%20%d7%91%d7%aa%d7%90%d7%a8%d7%99%d7%9a%2021-07-2017%5b%2fCOLOR%5d%0aBest%20friends%20Raven%20and%20Chelsea%2c%20now%20both%20divorced%20mothers%2c%20are%20raising%20their%20children%20in%20a%20house%20together.%20Their%20house%20is%20turned%20upside%20down%20when%20they%20realize%20one%20of%20Raven%27s%20children%20inherited%20the%20same%20psychic%20abilities%20as%20their%20mother.&amp;eng_name=%20&amp;episode=%20&amp;fanart=https%3a%2f%2fimage.tmdb.org%2ft%2fp%2foriginal%2f%2fpAcD2zxjUlpbAAooUMWiGtcopgb.jpg&amp;fav_status=false&amp;heb_name=%d7%94%d7%91%d7%99%d7%aa%20%d7%a9%d7%9c%20%d7%a8%d7%99%d7%99%d7%91%d7%9f&amp;iconimage=https%3a%2f%2fimage.tmdb.org%2ft%2fp%2foriginal%2f%2fuCEsAAaMhAf2F0WCLfXaElDbhbt.jpg&amp;id=72027&amp;image_master&amp;isr=0&amp;last_id&amp;mode=19&amp;name=%5bCOLOR%20white%5d%d7%a2%d7%95%d7%a0%d7%94%201%5b%2fCOLOR%5d&amp;original_title=Raven%27s%20Home&amp;season=1&amp;show_original_year=2017&amp;tmdbid=326569&amp;url=https%3a%2f%2fapi.themoviedb.org%2f3%2ftv%2f72027%3fapi_key%3d34142515d9d23817496eeb4ff1d223d0%26language%3den%26append_to_response%3dexternal_ids&amp;video_data=%7b%22rating%22%3a%20%220%22%2c%20%22episode%22%3a%200%2c%20%22title%22%3a%20%22%5bCOLOR%20white%5d%5cu05e2%5cu05d5%5cu05e0%5cu05d4%201%5b%2fCOLOR%5d%22%2c%20%22season%22%3a%200%2c%20%22TVshowtitle%22%3a%20%22%22%2c%20%22mediatype%22%3a%20%22movie%22%2c%20%22plot%22%3a%20%22%5bCOLOR%20aqua%5d%20%5cu05e9%5cu05d5%5cu05d3%5cu05e8%20%5cu05d1%5cu05ea%5cu05d0%5cu05e8%5cu05d9%5cu05da%2021-07-2017%5b%2fCOLOR%5d%5cnBest%20friends%20Raven%20and%20Chelsea%2c%20now%20both%20divorced%20mothers%2c%20are%20raising%20their%20children%20in%20a%20house%20together.%20Their%20house%20is%20turned%20upside%20down%20when%20they%20realize%20one%20of%20Raven%27s%20children%20inherited%20the%20same%20psychic%20abilities%20as%20their%20mother.%22%2c%20%22OriginalTitle%22%3a%20%22Raven%27s%20Home%22%2c%20%22Tag%22%3a%20%2216%22%2c%20%22year%22%3a%20%222017%22%7d&quot"/>
</include>

<include content="sessiontwo">
<param name="sessiontwo" value="509"/>
<param name="labelname" value="הבית של רייבן"/>
<param name="network" value="[COLOR red](UNKNOWN)[/COLOR]"/>
<param name="baseepisodidcontent" value="plugin://plugin.video.mando/?all_w=%7b%7d&amp;data=2018&amp;dates=%20&amp;description=%5bCOLOR%20aqua%5d%20%d7%a9%d7%95%d7%93%d7%a8%20%d7%91%d7%aa%d7%90%d7%a8%d7%99%d7%9a%2024-06-2018%5b%2fCOLOR%5d%0aBest%20friends%20Raven%20and%20Chelsea%2c%20now%20both%20divorced%20mothers%2c%20are%20raising%20their%20children%20in%20a%20house%20together.%20Their%20house%20is%20turned%20upside%20down%20when%20they%20realize%20one%20of%20Raven%27s%20children%20inherited%20the%20same%20psychic%20abilities%20as%20their%20mother.&amp;eng_name=%20&amp;episode=%20&amp;fanart=https%3a%2f%2fimage.tmdb.org%2ft%2fp%2foriginal%2f%2fpAcD2zxjUlpbAAooUMWiGtcopgb.jpg&amp;fav_status=false&amp;heb_name=%d7%94%d7%91%d7%99%d7%aa%20%d7%a9%d7%9c%20%d7%a8%d7%99%d7%99%d7%91%d7%9f&amp;iconimage=https%3a%2f%2fimage.tmdb.org%2ft%2fp%2foriginal%2f%2f1e1V8yYKnBUdMVQvz5w7t78I8Cs.jpg&amp;id=72027&amp;image_master&amp;isr=0&amp;last_id&amp;mode=19&amp;name=%5bCOLOR%20white%5d%d7%a2%d7%95%d7%a0%d7%94%202%5b%2fCOLOR%5d&amp;original_title=Raven%27s%20Home&amp;season=2&amp;show_original_year=2017&amp;tmdbid=326569&amp;url=https%3a%2f%2fapi.themoviedb.org%2f3%2ftv%2f72027%3fapi_key%3d34142515d9d23817496eeb4ff1d223d0%26language%3den%26append_to_response%3dexternal_ids&amp;video_data=%7b%22rating%22%3a%20%220%22%2c%20%22episode%22%3a%200%2c%20%22title%22%3a%20%22%5bCOLOR%20white%5d%5cu05e2%5cu05d5%5cu05e0%5cu05d4%202%5b%2fCOLOR%5d%22%2c%20%22season%22%3a%200%2c%20%22TVshowtitle%22%3a%20%22%22%2c%20%22mediatype%22%3a%20%22movie%22%2c%20%22plot%22%3a%20%22%5bCOLOR%20aqua%5d%20%5cu05e9%5cu05d5%5cu05d3%5cu05e8%20%5cu05d1%5cu05ea%5cu05d0%5cu05e8%5cu05d9%5cu05da%2024-06-2018%5b%2fCOLOR%5d%5cnBest%20friends%20Raven%20and%20Chelsea%2c%20now%20both%20divorced%20mothers%2c%20are%20raising%20their%20children%20in%20a%20house%20together.%20Their%20house%20is%20turned%20upside%20down%20when%20they%20realize%20one%20of%20Raven%27s%20children%20inherited%20the%20same%20psychic%20abilities%20as%20their%20mother.%22%2c%20%22OriginalTitle%22%3a%20%22Raven%27s%20Home%22%2c%20%22Tag%22%3a%20%2216%22%2c%20%22year%22%3a%20%222018%22%7d&quot"/>
</include>

<include content="sessionthree">
<param name="sessionthree" value="510"/>
<param name="labelname" value="הבית של רייבן"/>
<param name="network" value="[COLOR red](NETFLIX)[/COLOR]"/>
<param name="baseepisodidcontent" value="plugin://plugin.video.mando/?all_w=%7b%7d&amp;data=2019&amp;dates=%20&amp;description=%5bCOLOR%20aqua%5d%20%d7%a9%d7%95%d7%93%d7%a8%20%d7%91%d7%aa%d7%90%d7%a8%d7%99%d7%9a%2017-06-2019%5b%2fCOLOR%5d%0aBest%20friends%20Raven%20and%20Chelsea%2c%20now%20both%20divorced%20mothers%2c%20are%20raising%20their%20children%20in%20a%20house%20together.%20Their%20house%20is%20turned%20upside%20down%20when%20they%20realize%20one%20of%20Raven%27s%20children%20inherited%20the%20same%20psychic%20abilities%20as%20their%20mother.&amp;eng_name=%20&amp;episode=%20&amp;fanart=https%3a%2f%2fimage.tmdb.org%2ft%2fp%2foriginal%2f%2fpAcD2zxjUlpbAAooUMWiGtcopgb.jpg&amp;fav_status=false&amp;heb_name=%d7%94%d7%91%d7%99%d7%aa%20%d7%a9%d7%9c%20%d7%a8%d7%99%d7%99%d7%91%d7%9f&amp;iconimage=https%3a%2f%2fimage.tmdb.org%2ft%2fp%2foriginal%2f%2fbzMfHLkProgr4nJSlUCxDK9XF6a.jpg&amp;id=72027&amp;image_master&amp;isr=0&amp;last_id&amp;mode=19&amp;name=%5bCOLOR%20white%5d%d7%a2%d7%95%d7%a0%d7%94%203%5b%2fCOLOR%5d&amp;original_title=Raven%27s%20Home&amp;season=3&amp;show_original_year=2017&amp;tmdbid=326569&amp;url=https%3a%2f%2fapi.themoviedb.org%2f3%2ftv%2f72027%3fapi_key%3d34142515d9d23817496eeb4ff1d223d0%26language%3den%26append_to_response%3dexternal_ids&amp;video_data=%7b%22rating%22%3a%20%220%22%2c%20%22episode%22%3a%200%2c%20%22title%22%3a%20%22%5bCOLOR%20white%5d%5cu05e2%5cu05d5%5cu05e0%5cu05d4%203%5b%2fCOLOR%5d%22%2c%20%22season%22%3a%200%2c%20%22TVshowtitle%22%3a%20%22%22%2c%20%22mediatype%22%3a%20%22movie%22%2c%20%22plot%22%3a%20%22%5bCOLOR%20aqua%5d%20%5cu05e9%5cu05d5%5cu05d3%5cu05e8%20%5cu05d1%5cu05ea%5cu05d0%5cu05e8%5cu05d9%5cu05da%2017-06-2019%5b%2fCOLOR%5d%5cnBest%20friends%20Raven%20and%20Chelsea%2c%20now%20both%20divorced%20mothers%2c%20are%20raising%20their%20children%20in%20a%20house%20together.%20Their%20house%20is%20turned%20upside%20down%20when%20they%20realize%20one%20of%20Raven%27s%20children%20inherited%20the%20same%20psychic%20abilities%20as%20their%20mother.%22%2c%20%22OriginalTitle%22%3a%20%22Raven%27s%20Home%22%2c%20%22Tag%22%3a%20%2216%22%2c%20%22year%22%3a%20%222019%22%7d&quot"/>
</include>


<include content="sessionone">
<param name="seesionone" value="511"/>
<param name="labelname" value="חדשים בשכונה"/>
<param name="network" value="[COLOR red](UNKNOWN)[/COLOR]"/>
<param name="baseepisodidcontent" value="plugin://plugin.video.mando/?all_w=%7b%7d&amp;data=2018&amp;dates=%20&amp;description=%5bCOLOR%20aqua%5d%20%d7%a9%d7%95%d7%93%d7%a8%20%d7%91%d7%aa%d7%90%d7%a8%d7%99%d7%9a%2001-10-2018%5b%2fCOLOR%5d%0aThe%20nicest%20guy%20in%20the%20Midwest%20moves%20his%20family%20into%20a%20tough%20neighborhood%20in%20Los%20Angeles%20where%20not%20everyone%20appreciates%20his%20extreme%20neighborliness.%20That%20includes%20their%20new%20next-door%20neighbor%20Calvin.&amp;eng_name=%20&amp;episode=%20&amp;fanart=https%3a%2f%2fimage.tmdb.org%2ft%2fp%2foriginal%2f%2fcQsZMKCphdsOssvv55YYRlJh8HB.jpg&amp;fav_status=false&amp;heb_name=%d7%97%d7%93%d7%a9%d7%99%d7%9d%20%d7%91%d7%a9%d7%9b%d7%95%d7%a0%d7%94&amp;iconimage=https%3a%2f%2fimage.tmdb.org%2ft%2fp%2foriginal%2f%2ftTkBTNObklICocsg0pDm6fMqz5O.jpg&amp;id=81144&amp;image_master&amp;isr=0&amp;last_id&amp;mode=19&amp;name=%5bCOLOR%20white%5d%d7%a2%d7%95%d7%a0%d7%94%201%5b%2fCOLOR%5d&amp;original_title=The%20Neighborhood&amp;season=1&amp;show_original_year=2018&amp;tmdbid=348851&amp;url=https%3a%2f%2fapi.themoviedb.org%2f3%2ftv%2f81144%3fapi_key%3d34142515d9d23817496eeb4ff1d223d0%26language%3den%26append_to_response%3dexternal_ids&amp;video_data=%7b%22rating%22%3a%20%220%22%2c%20%22episode%22%3a%200%2c%20%22title%22%3a%20%22%5bCOLOR%20white%5d%5cu05e2%5cu05d5%5cu05e0%5cu05d4%201%5b%2fCOLOR%5d%22%2c%20%22season%22%3a%200%2c%20%22TVshowtitle%22%3a%20%22%22%2c%20%22mediatype%22%3a%20%22movie%22%2c%20%22plot%22%3a%20%22%5bCOLOR%20aqua%5d%20%5cu05e9%5cu05d5%5cu05d3%5cu05e8%20%5cu05d1%5cu05ea%5cu05d0%5cu05e8%5cu05d9%5cu05da%2001-10-2018%5b%2fCOLOR%5d%5cnThe%20nicest%20guy%20in%20the%20Midwest%20moves%20his%20family%20into%20a%20tough%20neighborhood%20in%20Los%20Angeles%20where%20not%20everyone%20appreciates%20his%20extreme%20neighborliness.%20That%20includes%20their%20new%20next-door%20neighbor%20Calvin.%22%2c%20%22OriginalTitle%22%3a%20%22The%20Neighborhood%22%2c%20%22Tag%22%3a%20%2216%22%2c%20%22year%22%3a%20%222018%22%7d&quot"/>
</include>

<include content="sessiontwo">
<param name="sessiontwo" value="512"/>
<param name="labelname" value="חדשים בשכונה"/>
<param name="network" value="[COLOR red](UNKNOWN)[/COLOR]"/>
<param name="baseepisodidcontent" value="plugin://plugin.video.mando/?all_w=%7b%7d&amp;data=2019&amp;dates=%20&amp;description=%5bCOLOR%20aqua%5d%20%d7%a9%d7%95%d7%93%d7%a8%20%d7%91%d7%aa%d7%90%d7%a8%d7%99%d7%9a%2023-09-2019%5b%2fCOLOR%5d%0aThe%20nicest%20guy%20in%20the%20Midwest%20moves%20his%20family%20into%20a%20tough%20neighborhood%20in%20Los%20Angeles%20where%20not%20everyone%20appreciates%20his%20extreme%20neighborliness.%20That%20includes%20their%20new%20next-door%20neighbor%20Calvin.&amp;eng_name=%20&amp;episode=%20&amp;fanart=https%3a%2f%2fimage.tmdb.org%2ft%2fp%2foriginal%2f%2fcQsZMKCphdsOssvv55YYRlJh8HB.jpg&amp;fav_status=false&amp;heb_name=%d7%97%d7%93%d7%a9%d7%99%d7%9d%20%d7%91%d7%a9%d7%9b%d7%95%d7%a0%d7%94&amp;iconimage=https%3a%2f%2fimage.tmdb.org%2ft%2fp%2foriginal%2f%2fjmZiHosuU6kExlCQ53DR1nSew0J.jpg&amp;id=81144&amp;image_master&amp;isr=0&amp;last_id&amp;mode=19&amp;name=%5bCOLOR%20white%5d%d7%a2%d7%95%d7%a0%d7%94%202%5b%2fCOLOR%5d&amp;original_title=The%20Neighborhood&amp;season=2&amp;show_original_year=2018&amp;tmdbid=348851&amp;url=https%3a%2f%2fapi.themoviedb.org%2f3%2ftv%2f81144%3fapi_key%3d34142515d9d23817496eeb4ff1d223d0%26language%3den%26append_to_response%3dexternal_ids&amp;video_data=%7b%22rating%22%3a%20%220%22%2c%20%22episode%22%3a%200%2c%20%22title%22%3a%20%22%5bCOLOR%20white%5d%5cu05e2%5cu05d5%5cu05e0%5cu05d4%202%5b%2fCOLOR%5d%22%2c%20%22season%22%3a%200%2c%20%22TVshowtitle%22%3a%20%22%22%2c%20%22mediatype%22%3a%20%22movie%22%2c%20%22plot%22%3a%20%22%5bCOLOR%20aqua%5d%20%5cu05e9%5cu05d5%5cu05d3%5cu05e8%20%5cu05d1%5cu05ea%5cu05d0%5cu05e8%5cu05d9%5cu05da%2023-09-2019%5b%2fCOLOR%5d%5cnThe%20nicest%20guy%20in%20the%20Midwest%20moves%20his%20family%20into%20a%20tough%20neighborhood%20in%20Los%20Angeles%20where%20not%20everyone%20appreciates%20his%20extreme%20neighborliness.%20That%20includes%20their%20new%20next-door%20neighbor%20Calvin.%22%2c%20%22OriginalTitle%22%3a%20%22The%20Neighborhood%22%2c%20%22Tag%22%3a%20%2216%22%2c%20%22year%22%3a%20%222019%22%7d&quot"/>
</include>

<include content="sessionone">
<param name="seesionone" value="513"/>
<param name="labelname" value="מיסטר איגלסיאס"/>
<param name="network" value="[COLOR red](UNKNOWN)[/COLOR]"/>
<param name="baseepisodidcontent" value="plugin://plugin.video.mando/?all_w=%7b%7d&amp;data=2019&amp;dates=%20&amp;description=%5bCOLOR%20aqua%5d%20%d7%a9%d7%95%d7%93%d7%a8%20%d7%91%d7%aa%d7%90%d7%a8%d7%99%d7%9a%2021-06-2019%5b%2fCOLOR%5d%0aHilarious%20high%20school%20teacher%20Gabriel%20Iglesias%20tries%20to%20make%20a%20difference%20in%20the%20lives%20of%20some%20smart%20but%20underperforming%20students%20at%20his%20alma%20mater.&amp;eng_name=%20&amp;episode=%20&amp;fanart=https%3a%2f%2fimage.tmdb.org%2ft%2fp%2foriginal%2f%2fwGHiggyQ5qCZjo5Eyf5euEIs6Le.jpg&amp;fav_status=false&amp;heb_name=%d7%9e%d7%99%d7%a1%d7%98%d7%a8%20%d7%90%d7%99%d7%92%d7%9c%d7%a1%d7%99%d7%90%d7%a1&amp;iconimage=https%3a%2f%2fimage.tmdb.org%2ft%2fp%2foriginal%2f%2fpuc1OGZjiggLc6qr4bHbZTaJMG3.jpg&amp;id=88378&amp;image_master&amp;isr=0&amp;last_id&amp;mode=19&amp;name=%5bCOLOR%20white%5d%d7%a2%d7%95%d7%a0%d7%94%201%5b%2fCOLOR%5d&amp;original_title=Mr.%20Iglesias&amp;season=1&amp;show_original_year=2019&amp;tmdbid=352207&amp;url=https%3a%2f%2fapi.themoviedb.org%2f3%2ftv%2f88378%3fapi_key%3d34142515d9d23817496eeb4ff1d223d0%26language%3den%26append_to_response%3dexternal_ids&amp;video_data=%7b%22rating%22%3a%20%220%22%2c%20%22episode%22%3a%200%2c%20%22title%22%3a%20%22%5bCOLOR%20white%5d%5cu05e2%5cu05d5%5cu05e0%5cu05d4%201%5b%2fCOLOR%5d%22%2c%20%22season%22%3a%200%2c%20%22TVshowtitle%22%3a%20%22%22%2c%20%22mediatype%22%3a%20%22movie%22%2c%20%22plot%22%3a%20%22%5bCOLOR%20aqua%5d%20%5cu05e9%5cu05d5%5cu05d3%5cu05e8%20%5cu05d1%5cu05ea%5cu05d0%5cu05e8%5cu05d9%5cu05da%2021-06-2019%5b%2fCOLOR%5d%5cnHilarious%20high%20school%20teacher%20Gabriel%20Iglesias%20tries%20to%20make%20a%20difference%20in%20the%20lives%20of%20some%20smart%20but%20underperforming%20students%20at%20his%20alma%20mater.%22%2c%20%22OriginalTitle%22%3a%20%22Mr.%20Iglesias%22%2c%20%22Tag%22%3a%20%2216%22%2c%20%22year%22%3a%20%222019%22%7d&quot"/>
</include>

<include content="sessiontwo">
<param name="sessiontwo" value="514"/>
<param name="labelname" value="מיסטר איגלסיאס"/>
<param name="network" value="[COLOR red](UNKNOWN)[/COLOR]"/>
<param name="baseepisodidcontent" value="plugin://plugin.video.mando/?all_w=%7b%7d&amp;data=2020&amp;dates=%20&amp;description=%5bCOLOR%20aqua%5d%20%d7%a9%d7%95%d7%93%d7%a8%20%d7%91%d7%aa%d7%90%d7%a8%d7%99%d7%9a%2017-06-2020%5b%2fCOLOR%5d%0aHilarious%20high%20school%20teacher%20Gabriel%20Iglesias%20tries%20to%20make%20a%20difference%20in%20the%20lives%20of%20some%20smart%20but%20underperforming%20students%20at%20his%20alma%20mater.&amp;eng_name=%20&amp;episode=%20&amp;fanart=https%3a%2f%2fimage.tmdb.org%2ft%2fp%2foriginal%2f%2fwGHiggyQ5qCZjo5Eyf5euEIs6Le.jpg&amp;fav_status=false&amp;heb_name=%d7%9e%d7%99%d7%a1%d7%98%d7%a8%20%d7%90%d7%99%d7%92%d7%9c%d7%a1%d7%99%d7%90%d7%a1&amp;iconimage=https%3a%2f%2fimage.tmdb.org%2ft%2fp%2foriginal%2f%2frR2rqTQrMSwx95KnZqyxcAI6IIL.jpg&amp;id=88378&amp;image_master&amp;isr=0&amp;last_id&amp;mode=19&amp;name=%5bCOLOR%20white%5d%d7%a2%d7%95%d7%a0%d7%94%202%5b%2fCOLOR%5d&amp;original_title=Mr.%20Iglesias&amp;season=2&amp;show_original_year=2019&amp;tmdbid=352207&amp;url=https%3a%2f%2fapi.themoviedb.org%2f3%2ftv%2f88378%3fapi_key%3d34142515d9d23817496eeb4ff1d223d0%26language%3den%26append_to_response%3dexternal_ids&amp;video_data=%7b%22rating%22%3a%20%220%22%2c%20%22episode%22%3a%200%2c%20%22title%22%3a%20%22%5bCOLOR%20white%5d%5cu05e2%5cu05d5%5cu05e0%5cu05d4%202%5b%2fCOLOR%5d%22%2c%20%22season%22%3a%200%2c%20%22TVshowtitle%22%3a%20%22%22%2c%20%22mediatype%22%3a%20%22movie%22%2c%20%22plot%22%3a%20%22%5bCOLOR%20aqua%5d%20%5cu05e9%5cu05d5%5cu05d3%5cu05e8%20%5cu05d1%5cu05ea%5cu05d0%5cu05e8%5cu05d9%5cu05da%2017-06-2020%5b%2fCOLOR%5d%5cnHilarious%20high%20school%20teacher%20Gabriel%20Iglesias%20tries%20to%20make%20a%20difference%20in%20the%20lives%20of%20some%20smart%20but%20underperforming%20students%20at%20his%20alma%20mater.%22%2c%20%22OriginalTitle%22%3a%20%22Mr.%20Iglesias%22%2c%20%22Tag%22%3a%20%2216%22%2c%20%22year%22%3a%20%222020%22%7d&quot"/>
</include>

<include content="sessionone">
<param name="seesionone" value="515"/>
<param name="labelname" value="ממי"/>
<param name="network" value="[COLOR red](UNKNOWN)[/COLOR]"/>
<param name="baseepisodidcontent" value="plugin://plugin.video.mando/?all_w=%7b%7d&amp;data=2019&amp;dates=%20&amp;description=%5bCOLOR%20aqua%5d%20%d7%a9%d7%95%d7%93%d7%a8%20%d7%91%d7%aa%d7%90%d7%a8%d7%99%d7%9a%2026-09-2019%5b%2fCOLOR%5d%0aAan%20irreverent%20and%20outrageous%20take%20on%20true%20family%20love%e2%80%90and%20dysfunction.%20Newly%20sober%20single%20mom%20Christy%20struggles%20to%20raise%20two%20children%20in%20a%20world%20full%20of%20temptations%20and%20pitfalls.%20Testing%20her%20sobriety%20is%20her%20formerly%20estranged%20mother%2c%20now%20back%20in%20Christy%27s%20life%20and%20eager%20to%20share%20passive-aggressive%20insights%20into%20her%20daughter%27s%20many%20mistakes.&amp;eng_name=%20&amp;episode=%20&amp;fanart=https%3a%2f%2fimage.tmdb.org%2ft%2fp%2foriginal%2f%2fq3WMUtu4h2mwgehn8F5481RFVej.jpg&amp;fav_status=false&amp;heb_name=%d7%9e%d7%9e%d7%99&amp;iconimage=https%3a%2f%2fimage.tmdb.org%2ft%2fp%2foriginal%2f%2fyAlTtsURJu1p3UO9v4gLaGJQHL8.jpg&amp;id=49011&amp;image_master&amp;isr=0&amp;last_id&amp;mode=19&amp;name=%5bCOLOR%20white%5d%d7%a2%d7%95%d7%a0%d7%94%207%5b%2fCOLOR%5d&amp;original_title=Mom&amp;season=7&amp;show_original_year=2013&amp;tmdbid=266967&amp;url=https%3a%2f%2fapi.themoviedb.org%2f3%2ftv%2f49011%3fapi_key%3d34142515d9d23817496eeb4ff1d223d0%26language%3den%26append_to_response%3dexternal_ids&amp;video_data=%7b%22rating%22%3a%20%220%22%2c%20%22episode%22%3a%200%2c%20%22title%22%3a%20%22%5bCOLOR%20white%5d%5cu05e2%5cu05d5%5cu05e0%5cu05d4%207%5b%2fCOLOR%5d%22%2c%20%22season%22%3a%200%2c%20%22TVshowtitle%22%3a%20%22%22%2c%20%22mediatype%22%3a%20%22movie%22%2c%20%22plot%22%3a%20%22%5bCOLOR%20aqua%5d%20%5cu05e9%5cu05d5%5cu05d3%5cu05e8%20%5cu05d1%5cu05ea%5cu05d0%5cu05e8%5cu05d9%5cu05da%2026-09-2019%5b%2fCOLOR%5d%5cnAan%20irreverent%20and%20outrageous%20take%20on%20true%20family%20love%5cu2010and%20dysfunction.%20Newly%20sober%20single%20mom%20Christy%20struggles%20to%20raise%20two%20children%20in%20a%20world%20full%20of%20temptations%20and%20pitfalls.%20Testing%20her%20sobriety%20is%20her%20formerly%20estranged%20mother%2c%20now%20back%20in%20Christy%27s%20life%20and%20eager%20to%20share%20passive-aggressive%20insights%20into%20her%20daughter%27s%20many%20mistakes.%22%2c%20%22OriginalTitle%22%3a%20%22Mom%22%2c%20%22Tag%22%3a%20%2216%22%2c%20%22year%22%3a%20%222019%22%7d&quot"/>
</include>

<include content="sessionone">
<param name="seesionone" value="516"/>
<param name="labelname" value="סידני במקסימום"/>
<param name="network" value="[COLOR red](UNKNOWN)[/COLOR]"/>
<param name="baseepisodidcontent" value="plugin://plugin.video.mando/?all_w=%7b%7d&amp;data=2019&amp;dates=%20&amp;description=%5bCOLOR%20aqua%5d%20%d7%a9%d7%95%d7%93%d7%a8%20%d7%91%d7%aa%d7%90%d7%a8%d7%99%d7%9a%2025-01-2019%5b%2fCOLOR%5d%0aOutgoing%2013-year-old%20Sydney%20is%20on%20the%20fast%20track%20to%20growing%20up%2c%20despite%20the%20goodhearted%20efforts%20of%20her%20protective%20father%2c%20Max.%20As%20Sydney%20attempts%20to%20spread%20her%20wings%20and%20make%20more%20decisions%20for%20herself%2c%20Max%20does%20everything%20he%20can%20to%20rein%20her%20in%20and%20keep%20her%20his%20little%20girl.%20But%20in%20so%20doing%2c%20his%20mother%2c%20Judy%2c%20is%20reminded%20of%20his%20own%20antics%20at%20Sydney%27s%20age%2c%20and%20the%20parallels%20--%20illustrated%20by%20comical%20flashback%20sequences%20starring%20a%20young%20Max%20--%20are%20both%20amusing%20and%20enlightening.&amp;eng_name=%20&amp;episode=%20&amp;fanart=https%3a%2f%2fimage.tmdb.org%2ft%2fp%2foriginal%2f%2fcnJZajMGUSqUJsBGTqUeNvg6nNv.jpg&amp;fav_status=false&amp;heb_name=%d7%a1%d7%99%d7%93%d7%a0%d7%99%20%d7%91%d7%9e%d7%a7%d7%a1%d7%99%d7%9e%d7%95%d7%9d&amp;iconimage=https%3a%2f%2fimage.tmdb.org%2ft%2fp%2foriginal%2f%2fhEK2rKRvbQL6p66TRjkmuKBxdRI.jpg&amp;id=84915&amp;image_master&amp;isr=0&amp;last_id&amp;mode=19&amp;name=%5bCOLOR%20white%5d%d7%a2%d7%95%d7%a0%d7%94%201%5b%2fCOLOR%5d&amp;original_title=Sydney%20to%20the%20Max&amp;season=1&amp;show_original_year=2019&amp;tmdbid=355732&amp;url=https%3a%2f%2fapi.themoviedb.org%2f3%2ftv%2f84915%3fapi_key%3d34142515d9d23817496eeb4ff1d223d0%26language%3den%26append_to_response%3dexternal_ids&amp;video_data=%7b%22rating%22%3a%20%220%22%2c%20%22episode%22%3a%200%2c%20%22title%22%3a%20%22%5bCOLOR%20white%5d%5cu05e2%5cu05d5%5cu05e0%5cu05d4%201%5b%2fCOLOR%5d%22%2c%20%22season%22%3a%200%2c%20%22TVshowtitle%22%3a%20%22%22%2c%20%22mediatype%22%3a%20%22movie%22%2c%20%22plot%22%3a%20%22%5bCOLOR%20aqua%5d%20%5cu05e9%5cu05d5%5cu05d3%5cu05e8%20%5cu05d1%5cu05ea%5cu05d0%5cu05e8%5cu05d9%5cu05da%2025-01-2019%5b%2fCOLOR%5d%5cnOutgoing%2013-year-old%20Sydney%20is%20on%20the%20fast%20track%20to%20growing%20up%2c%20despite%20the%20goodhearted%20efforts%20of%20her%20protective%20father%2c%20Max.%20As%20Sydney%20attempts%20to%20spread%20her%20wings%20and%20make%20more%20decisions%20for%20herself%2c%20Max%20does%20everything%20he%20can%20to%20rein%20her%20in%20and%20keep%20her%20his%20little%20girl.%20But%20in%20so%20doing%2c%20his%20mother%2c%20Judy%2c%20is%20reminded%20of%20his%20own%20antics%20at%20Sydney%27s%20age%2c%20and%20the%20parallels%20--%20illustrated%20by%20comical%20flashback%20sequences%20starring%20a%20young%20Max%20--%20are%20both%20amusing%20and%20enlightening.%22%2c%20%22OriginalTitle%22%3a%20%22Sydney%20to%20the%20Max%22%2c%20%22Tag%22%3a%20%2216%22%2c%20%22year%22%3a%20%222019%22%7d&quot"/>
</include>

<include content="sessiontwo">
<param name="sessiontwo" value="517"/>
<param name="labelname" value="סידני במקסימום"/>
<param name="network" value="[COLOR red](UNKNOWN)[/COLOR]"/>
<param name="baseepisodidcontent" value="plugin://plugin.video.mando/?all_w=%7b%7d&amp;data=2019&amp;dates=%20&amp;description=%5bCOLOR%20aqua%5d%20%d7%a9%d7%95%d7%93%d7%a8%20%d7%91%d7%aa%d7%90%d7%a8%d7%99%d7%9a%2013-12-2019%5b%2fCOLOR%5d%0aOutgoing%2013-year-old%20Sydney%20is%20on%20the%20fast%20track%20to%20growing%20up%2c%20despite%20the%20goodhearted%20efforts%20of%20her%20protective%20father%2c%20Max.%20As%20Sydney%20attempts%20to%20spread%20her%20wings%20and%20make%20more%20decisions%20for%20herself%2c%20Max%20does%20everything%20he%20can%20to%20rein%20her%20in%20and%20keep%20her%20his%20little%20girl.%20But%20in%20so%20doing%2c%20his%20mother%2c%20Judy%2c%20is%20reminded%20of%20his%20own%20antics%20at%20Sydney%27s%20age%2c%20and%20the%20parallels%20--%20illustrated%20by%20comical%20flashback%20sequences%20starring%20a%20young%20Max%20--%20are%20both%20amusing%20and%20enlightening.&amp;eng_name=%20&amp;episode=%20&amp;fanart=https%3a%2f%2fimage.tmdb.org%2ft%2fp%2foriginal%2f%2fcnJZajMGUSqUJsBGTqUeNvg6nNv.jpg&amp;fav_status=false&amp;heb_name=%d7%a1%d7%99%d7%93%d7%a0%d7%99%20%d7%91%d7%9e%d7%a7%d7%a1%d7%99%d7%9e%d7%95%d7%9d&amp;iconimage=https%3a%2f%2fimage.tmdb.org%2ft%2fp%2foriginal%2f%2ftmCzraikRJK9daM24HEekyPwgHq.jpg&amp;id=84915&amp;image_master&amp;isr=0&amp;last_id&amp;mode=19&amp;name=%5bCOLOR%20white%5d%d7%a2%d7%95%d7%a0%d7%94%202%5b%2fCOLOR%5d&amp;original_title=Sydney%20to%20the%20Max&amp;season=2&amp;show_original_year=2019&amp;tmdbid=355732&amp;url=https%3a%2f%2fapi.themoviedb.org%2f3%2ftv%2f84915%3fapi_key%3d34142515d9d23817496eeb4ff1d223d0%26language%3den%26append_to_response%3dexternal_ids&amp;video_data=%7b%22rating%22%3a%20%220%22%2c%20%22episode%22%3a%200%2c%20%22title%22%3a%20%22%5bCOLOR%20white%5d%5cu05e2%5cu05d5%5cu05e0%5cu05d4%202%5b%2fCOLOR%5d%22%2c%20%22season%22%3a%200%2c%20%22TVshowtitle%22%3a%20%22%22%2c%20%22mediatype%22%3a%20%22movie%22%2c%20%22plot%22%3a%20%22%5bCOLOR%20aqua%5d%20%5cu05e9%5cu05d5%5cu05d3%5cu05e8%20%5cu05d1%5cu05ea%5cu05d0%5cu05e8%5cu05d9%5cu05da%2013-12-2019%5b%2fCOLOR%5d%5cnOutgoing%2013-year-old%20Sydney%20is%20on%20the%20fast%20track%20to%20growing%20up%2c%20despite%20the%20goodhearted%20efforts%20of%20her%20protective%20father%2c%20Max.%20As%20Sydney%20attempts%20to%20spread%20her%20wings%20and%20make%20more%20decisions%20for%20herself%2c%20Max%20does%20everything%20he%20can%20to%20rein%20her%20in%20and%20keep%20her%20his%20little%20girl.%20But%20in%20so%20doing%2c%20his%20mother%2c%20Judy%2c%20is%20reminded%20of%20his%20own%20antics%20at%20Sydney%27s%20age%2c%20and%20the%20parallels%20--%20illustrated%20by%20comical%20flashback%20sequences%20starring%20a%20young%20Max%20--%20are%20both%20amusing%20and%20enlightening.%22%2c%20%22OriginalTitle%22%3a%20%22Sydney%20to%20the%20Max%22%2c%20%22Tag%22%3a%20%2216%22%2c%20%22year%22%3a%20%222019%22%7d&quot"/>
</include>

<include content="sessionone">
<param name="seesionone" value="518"/>
<param name="labelname" value="עושה בית ספר"/>
<param name="network" value="[COLOR red](UNKNOWN)[/COLOR]"/>
<param name="baseepisodidcontent" value="plugin://plugin.video.mando/?all_w=%7b%7d&amp;data=2019&amp;dates=%20&amp;description=%5bCOLOR%20aqua%5d%20%d7%a9%d7%95%d7%93%d7%a8%20%d7%91%d7%aa%d7%90%d7%a8%d7%99%d7%9a%2009-01-2019%5b%2fCOLOR%5d%0aIt%e2%80%99s%201990-something%2c%20and%20since%20Lainey%20still%20hasn%e2%80%99t%20achieved%20rock%20%e2%80%98n%e2%80%99%20roll%20greatness%2c%20she%20returns%20to%20William%20Penn%20Academy%20as%20the%20new%20music%20teacher.&amp;eng_name=%20&amp;episode=%20&amp;fanart=https%3a%2f%2fimage.tmdb.org%2ft%2fp%2foriginal%2f%2fzWHYEoXIk1DMZZKhW16zB1G4xI3.jpg&amp;fav_status=false&amp;heb_name=%d7%a2%d7%95%d7%a9%d7%94%20%d7%91%d7%99%d7%aa%20%d7%a1%d7%a4%d7%a8&amp;iconimage=https%3a%2f%2fimage.tmdb.org%2ft%2fp%2foriginal%2f%2fdROiRmBIdyUM4JCS2DFoMxZPZYT.jpg&amp;id=81924&amp;image_master&amp;isr=0&amp;last_id&amp;mode=19&amp;name=%5bCOLOR%20white%5d%d7%a2%d7%95%d7%a0%d7%94%201%5b%2fCOLOR%5d&amp;original_title=Schooled&amp;season=1&amp;show_original_year=2019&amp;tmdbid=352016&amp;url=https%3a%2f%2fapi.themoviedb.org%2f3%2ftv%2f81924%3fapi_key%3d34142515d9d23817496eeb4ff1d223d0%26language%3den%26append_to_response%3dexternal_ids&amp;video_data=%7b%22rating%22%3a%20%220%22%2c%20%22episode%22%3a%200%2c%20%22title%22%3a%20%22%5bCOLOR%20white%5d%5cu05e2%5cu05d5%5cu05e0%5cu05d4%201%5b%2fCOLOR%5d%22%2c%20%22season%22%3a%200%2c%20%22TVshowtitle%22%3a%20%22%22%2c%20%22mediatype%22%3a%20%22movie%22%2c%20%22plot%22%3a%20%22%5bCOLOR%20aqua%5d%20%5cu05e9%5cu05d5%5cu05d3%5cu05e8%20%5cu05d1%5cu05ea%5cu05d0%5cu05e8%5cu05d9%5cu05da%2009-01-2019%5b%2fCOLOR%5d%5cnIt%5cu2019s%201990-something%2c%20and%20since%20Lainey%20still%20hasn%5cu2019t%20achieved%20rock%20%5cu2018n%5cu2019%20roll%20greatness%2c%20she%20returns%20to%20William%20Penn%20Academy%20as%20the%20new%20music%20teacher.%22%2c%20%22OriginalTitle%22%3a%20%22Schooled%22%2c%20%22Tag%22%3a%20%2216%22%2c%20%22year%22%3a%20%222019%22%7d&quot"/>
</include>

<include content="sessiontwo">
<param name="sessiontwo" value="519"/>
<param name="labelname" value="עושה בית ספר"/>
<param name="network" value="[COLOR red](UNKNOWN)[/COLOR]"/>
<param name="baseepisodidcontent" value="plugin://plugin.video.mando/?all_w=%7b%7d&amp;data=2019&amp;dates=%20&amp;description=%5bCOLOR%20aqua%5d%20%d7%a9%d7%95%d7%93%d7%a8%20%d7%91%d7%aa%d7%90%d7%a8%d7%99%d7%9a%2024-09-2019%5b%2fCOLOR%5d%0aIt%e2%80%99s%201990-something%2c%20and%20since%20Lainey%20still%20hasn%e2%80%99t%20achieved%20rock%20%e2%80%98n%e2%80%99%20roll%20greatness%2c%20she%20returns%20to%20William%20Penn%20Academy%20as%20the%20new%20music%20teacher.&amp;eng_name=%20&amp;episode=%20&amp;fanart=https%3a%2f%2fimage.tmdb.org%2ft%2fp%2foriginal%2f%2fzWHYEoXIk1DMZZKhW16zB1G4xI3.jpg&amp;fav_status=false&amp;heb_name=%d7%a2%d7%95%d7%a9%d7%94%20%d7%91%d7%99%d7%aa%20%d7%a1%d7%a4%d7%a8&amp;iconimage=https%3a%2f%2fimage.tmdb.org%2ft%2fp%2foriginal%2f%2fv3lhBc4mxdctDpA6GWxl4QTk0Oh.jpg&amp;id=81924&amp;image_master&amp;isr=0&amp;last_id&amp;mode=19&amp;name=%5bCOLOR%20white%5d%d7%a2%d7%95%d7%a0%d7%94%202%5b%2fCOLOR%5d&amp;original_title=Schooled&amp;season=2&amp;show_original_year=2019&amp;tmdbid=352016&amp;url=https%3a%2f%2fapi.themoviedb.org%2f3%2ftv%2f81924%3fapi_key%3d34142515d9d23817496eeb4ff1d223d0%26language%3den%26append_to_response%3dexternal_ids&amp;video_data=%7b%22rating%22%3a%20%220%22%2c%20%22episode%22%3a%200%2c%20%22title%22%3a%20%22%5bCOLOR%20white%5d%5cu05e2%5cu05d5%5cu05e0%5cu05d4%202%5b%2fCOLOR%5d%22%2c%20%22season%22%3a%200%2c%20%22TVshowtitle%22%3a%20%22%22%2c%20%22mediatype%22%3a%20%22movie%22%2c%20%22plot%22%3a%20%22%5bCOLOR%20aqua%5d%20%5cu05e9%5cu05d5%5cu05d3%5cu05e8%20%5cu05d1%5cu05ea%5cu05d0%5cu05e8%5cu05d9%5cu05da%2024-09-2019%5b%2fCOLOR%5d%5cnIt%5cu2019s%201990-something%2c%20and%20since%20Lainey%20still%20hasn%5cu2019t%20achieved%20rock%20%5cu2018n%5cu2019%20roll%20greatness%2c%20she%20returns%20to%20William%20Penn%20Academy%20as%20the%20new%20music%20teacher.%22%2c%20%22OriginalTitle%22%3a%20%22Schooled%22%2c%20%22Tag%22%3a%20%2216%22%2c%20%22year%22%3a%20%222019%22%7d&quot"/>
</include>

<include content="sessionone">
<param name="seesionone" value="520"/>
<param name="labelname" value="תוססים"/>
<param name="network" value="[COLOR red](NETFLIX)[/COLOR]"/>
<param name="baseepisodidcontent" value="plugin://plugin.video.mando/?all_w=%7b%7d&amp;data=2020&amp;dates=%20&amp;description=%5bCOLOR%20aqua%5d%20%d7%a9%d7%95%d7%93%d7%a8%20%d7%91%d7%aa%d7%90%d7%a8%d7%99%d7%9a%2010-04-2020%5b%2fCOLOR%5d%0aTwo%20rival%20brothers%20must%20work%20together%20to%20keep%20their%20brewery%20in%20business%2c%20but%20shenanigans%20keep%20foaming%20up%20their%20company%20with%20chaos.&amp;eng_name=%20&amp;episode=%20&amp;fanart=https%3a%2f%2fimage.tmdb.org%2ft%2fp%2foriginal%2f%2fxFKGnTjWOJBLIFlVg71lWORx8Qn.jpg&amp;fav_status=false&amp;heb_name=%d7%aa%d7%95%d7%a1%d7%a1%d7%99%d7%9d&amp;iconimage=https%3a%2f%2fimage.tmdb.org%2ft%2fp%2foriginal%2f%2fkJ7dyj7iF7zMaSWxtlIqQrl2BZj.jpg&amp;id=101531&amp;image_master&amp;isr=0&amp;last_id&amp;mode=19&amp;name=%5bCOLOR%20white%5d%d7%a2%d7%95%d7%a0%d7%94%201%5b%2fCOLOR%5d&amp;original_title=Brews%20Brothers&amp;season=1&amp;show_original_year=2020&amp;tmdbid=378024&amp;url=https%3a%2f%2fapi.themoviedb.org%2f3%2ftv%2f101531%3fapi_key%3d34142515d9d23817496eeb4ff1d223d0%26language%3den%26append_to_response%3dexternal_ids&amp;video_data=%7b%22rating%22%3a%20%220%22%2c%20%22episode%22%3a%200%2c%20%22title%22%3a%20%22%5bCOLOR%20white%5d%5cu05e2%5cu05d5%5cu05e0%5cu05d4%201%5b%2fCOLOR%5d%22%2c%20%22season%22%3a%200%2c%20%22TVshowtitle%22%3a%20%22%22%2c%20%22mediatype%22%3a%20%22movie%22%2c%20%22plot%22%3a%20%22%5bCOLOR%20aqua%5d%20%5cu05e9%5cu05d5%5cu05d3%5cu05e8%20%5cu05d1%5cu05ea%5cu05d0%5cu05e8%5cu05d9%5cu05da%2010-04-2020%5b%2fCOLOR%5d%5cnTwo%20rival%20brothers%20must%20work%20together%20to%20keep%20their%20brewery%20in%20business%2c%20but%20shenanigans%20keep%20foaming%20up%20their%20company%20with%20chaos.%22%2c%20%22OriginalTitle%22%3a%20%22Brews%20Brothers%22%2c%20%22Tag%22%3a%20%2216%22%2c%20%22year%22%3a%20%222020%22%7d&quot"/>
</include>

<include content="sessionone">
<param name="seesionone" value="521"/>
<param name="labelname" value="הקריירה השנייה של קרול"/>
<param name="network" value="[COLOR red](UNKNOWN)[/COLOR]"/>
<param name="baseepisodidcontent" value="plugin://plugin.video.mando/?all_w=%7b%7d&amp;data=2019&amp;dates=%20&amp;description=%5bCOLOR%20aqua%5d%20%d7%a9%d7%95%d7%93%d7%a8%20%d7%91%d7%aa%d7%90%d7%a8%d7%99%d7%9a%2025-09-2019%5b%2fCOLOR%5d%0aAfter%20raising%20her%20two%20children%2c%20getting%20divorced%20and%20retiring%20from%20teaching%2c%20Carol%20Chambers%20embarks%20on%20a%20unique%20second%20act%3a%20she%e2%80%99s%20going%20to%20become%20a%20doctor.&amp;eng_name=%20&amp;episode=%20&amp;fanart=https%3a%2f%2fimage.tmdb.org%2ft%2fp%2foriginal%2f%2f4Z3n0XWdz0pml081HA6h9TGXcGz.jpg&amp;fav_status=false&amp;heb_name=Carol%27s%20Second%20Act&amp;iconimage=https%3a%2f%2fimage.tmdb.org%2ft%2fp%2foriginal%2f%2fx8eMgkOBvX1zev761Wb7QC4q6nm.jpg&amp;id=92462&amp;image_master&amp;isr=0&amp;last_id&amp;mode=19&amp;name=%5bCOLOR%20white%5d%d7%a2%d7%95%d7%a0%d7%94%201%5b%2fCOLOR%5d&amp;original_title=Carol%27s%20Second%20Act&amp;season=1&amp;show_original_year=2019&amp;tmdbid=364075&amp;url=https%3a%2f%2fapi.themoviedb.org%2f3%2ftv%2f92462%3fapi_key%3d34142515d9d23817496eeb4ff1d223d0%26language%3den%26append_to_response%3dexternal_ids&amp;video_data=%7b%22rating%22%3a%20%220%22%2c%20%22episode%22%3a%200%2c%20%22title%22%3a%20%22%5bCOLOR%20white%5d%5cu05e2%5cu05d5%5cu05e0%5cu05d4%201%5b%2fCOLOR%5d%22%2c%20%22season%22%3a%200%2c%20%22TVshowtitle%22%3a%20%22%22%2c%20%22mediatype%22%3a%20%22movie%22%2c%20%22plot%22%3a%20%22%5bCOLOR%20aqua%5d%20%5cu05e9%5cu05d5%5cu05d3%5cu05e8%20%5cu05d1%5cu05ea%5cu05d0%5cu05e8%5cu05d9%5cu05da%2025-09-2019%5b%2fCOLOR%5d%5cnAfter%20raising%20her%20two%20children%2c%20getting%20divorced%20and%20retiring%20from%20teaching%2c%20Carol%20Chambers%20embarks%20on%20a%20unique%20second%20act%3a%20she%5cu2019s%20going%20to%20become%20a%20doctor.%22%2c%20%22OriginalTitle%22%3a%20%22Carol%27s%20Second%20Act%22%2c%20%22Tag%22%3a%20%2216%22%2c%20%22year%22%3a%20%222019%22%7d&quot"/>
</include>

<include content="sessionone">
<param name="seesionone" value="522"/>
<param name="labelname" value="אמא אמריקאית"/>
<param name="network" value="[COLOR red](UNKNOWN)[/COLOR]"/>
<param name="baseepisodidcontent" value="plugin://plugin.video.mando/?all_w=%7b%7d&amp;data=2017&amp;dates=%20&amp;description=%5bCOLOR%20aqua%5d%20%d7%a9%d7%95%d7%93%d7%a8%20%d7%91%d7%aa%d7%90%d7%a8%d7%99%d7%9a%2027-09-2017%5b%2fCOLOR%5d%0aA%20family%20comedy%20narrated%20by%20Katie%2c%20a%20strong-willed%20mother%2c%20raising%20her%20flawed%20family%20in%20a%20wealthy%20town%20filled%20with%20perfect%20wives%20and%20their%20perfect%20offspring.&amp;eng_name=%20&amp;episode=%20&amp;fanart=https%3a%2f%2fimage.tmdb.org%2ft%2fp%2foriginal%2f%2fr6vdoyVm82MkpDcmIFbZkhbmHC9.jpg&amp;fav_status=false&amp;heb_name=%d7%90%d7%9e%d7%90%20%d7%90%d7%9e%d7%a8%d7%99%d7%a7%d7%90%d7%99%d7%aa&amp;iconimage=https%3a%2f%2fimage.tmdb.org%2ft%2fp%2foriginal%2f%2fmyvcefAlQcynrdnaOKXrvXPlr4a.jpg&amp;id=67117&amp;image_master&amp;isr=0&amp;last_id&amp;mode=19&amp;name=%5bCOLOR%20white%5d%d7%a2%d7%95%d7%a0%d7%94%202%5b%2fCOLOR%5d&amp;original_title=American%20Housewife&amp;season=2&amp;show_original_year=2016&amp;tmdbid=253478&amp;url=https%3a%2f%2fapi.themoviedb.org%2f3%2ftv%2f67117%3fapi_key%3d34142515d9d23817496eeb4ff1d223d0%26language%3den%26append_to_response%3dexternal_ids&amp;video_data=%7b%22rating%22%3a%20%220%22%2c%20%22episode%22%3a%200%2c%20%22title%22%3a%20%22%5bCOLOR%20white%5d%5cu05e2%5cu05d5%5cu05e0%5cu05d4%202%5b%2fCOLOR%5d%22%2c%20%22season%22%3a%200%2c%20%22TVshowtitle%22%3a%20%22%22%2c%20%22mediatype%22%3a%20%22movie%22%2c%20%22plot%22%3a%20%22%5bCOLOR%20aqua%5d%20%5cu05e9%5cu05d5%5cu05d3%5cu05e8%20%5cu05d1%5cu05ea%5cu05d0%5cu05e8%5cu05d9%5cu05da%2027-09-2017%5b%2fCOLOR%5d%5cnA%20family%20comedy%20narrated%20by%20Katie%2c%20a%20strong-willed%20mother%2c%20raising%20her%20flawed%20family%20in%20a%20wealthy%20town%20filled%20with%20perfect%20wives%20and%20their%20perfect%20offspring.%22%2c%20%22OriginalTitle%22%3a%20%22American%20Housewife%22%2c%20%22Tag%22%3a%20%2216%22%2c%20%22year%22%3a%20%222017%22%7d&quot"/>
</include>
<include content="sessiontwo">
<param name="sessiontwo" value="523"/>
<param name="labelname" value="אמא אמריקאית"/>
<param name="network" value="[COLOR red](UNKNOWN)[/COLOR]"/>
<param name="baseepisodidcontent" value="plugin://plugin.video.mando/?all_w=%7b%7d&amp;data=2018&amp;dates=%20&amp;description=%5bCOLOR%20aqua%5d%20%d7%a9%d7%95%d7%93%d7%a8%20%d7%91%d7%aa%d7%90%d7%a8%d7%99%d7%9a%2026-09-2018%5b%2fCOLOR%5d%0aA%20family%20comedy%20narrated%20by%20Katie%2c%20a%20strong-willed%20mother%2c%20raising%20her%20flawed%20family%20in%20a%20wealthy%20town%20filled%20with%20perfect%20wives%20and%20their%20perfect%20offspring.&amp;eng_name=%20&amp;episode=%20&amp;fanart=https%3a%2f%2fimage.tmdb.org%2ft%2fp%2foriginal%2f%2fr6vdoyVm82MkpDcmIFbZkhbmHC9.jpg&amp;fav_status=false&amp;heb_name=%d7%90%d7%9e%d7%90%20%d7%90%d7%9e%d7%a8%d7%99%d7%a7%d7%90%d7%99%d7%aa&amp;iconimage=https%3a%2f%2fimage.tmdb.org%2ft%2fp%2foriginal%2f%2fjSPisILXNLVeikYJxcim96lgNAQ.jpg&amp;id=67117&amp;image_master&amp;isr=0&amp;last_id&amp;mode=19&amp;name=%5bCOLOR%20white%5d%d7%a2%d7%95%d7%a0%d7%94%203%5b%2fCOLOR%5d&amp;original_title=American%20Housewife&amp;season=3&amp;show_original_year=2016&amp;tmdbid=253478&amp;url=https%3a%2f%2fapi.themoviedb.org%2f3%2ftv%2f67117%3fapi_key%3d34142515d9d23817496eeb4ff1d223d0%26language%3den%26append_to_response%3dexternal_ids&amp;video_data=%7b%22rating%22%3a%20%220%22%2c%20%22episode%22%3a%200%2c%20%22title%22%3a%20%22%5bCOLOR%20white%5d%5cu05e2%5cu05d5%5cu05e0%5cu05d4%203%5b%2fCOLOR%5d%22%2c%20%22season%22%3a%200%2c%20%22TVshowtitle%22%3a%20%22%22%2c%20%22mediatype%22%3a%20%22movie%22%2c%20%22plot%22%3a%20%22%5bCOLOR%20aqua%5d%20%5cu05e9%5cu05d5%5cu05d3%5cu05e8%20%5cu05d1%5cu05ea%5cu05d0%5cu05e8%5cu05d9%5cu05da%2026-09-2018%5b%2fCOLOR%5d%5cnA%20family%20comedy%20narrated%20by%20Katie%2c%20a%20strong-willed%20mother%2c%20raising%20her%20flawed%20family%20in%20a%20wealthy%20town%20filled%20with%20perfect%20wives%20and%20their%20perfect%20offspring.%22%2c%20%22OriginalTitle%22%3a%20%22American%20Housewife%22%2c%20%22Tag%22%3a%20%2216%22%2c%20%22year%22%3a%20%222018%22%7d&quot"/>
</include>
<include content="sessionthree">
<param name="sessionthree" value="524"/>
<param name="labelname" value="אמא אמריקאית"/>
<param name="network" value="[COLOR red](NETFLIX)[/COLOR]"/>
<param name="baseepisodidcontent" value="plugin://plugin.video.mando/?all_w=%7b%7d&amp;data=2019&amp;dates=%20&amp;description=%5bCOLOR%20aqua%5d%20%d7%a9%d7%95%d7%93%d7%a8%20%d7%91%d7%aa%d7%90%d7%a8%d7%99%d7%9a%2026-09-2019%5b%2fCOLOR%5d%0aA%20family%20comedy%20narrated%20by%20Katie%2c%20a%20strong-willed%20mother%2c%20raising%20her%20flawed%20family%20in%20a%20wealthy%20town%20filled%20with%20perfect%20wives%20and%20their%20perfect%20offspring.&amp;eng_name=%20&amp;episode=%20&amp;fanart=https%3a%2f%2fimage.tmdb.org%2ft%2fp%2foriginal%2f%2fr6vdoyVm82MkpDcmIFbZkhbmHC9.jpg&amp;fav_status=false&amp;heb_name=%d7%90%d7%9e%d7%90%20%d7%90%d7%9e%d7%a8%d7%99%d7%a7%d7%90%d7%99%d7%aa&amp;iconimage=https%3a%2f%2fimage.tmdb.org%2ft%2fp%2foriginal%2f%2feDyz0S3q8Gli6dE3k80ukqO3Kjn.jpg&amp;id=67117&amp;image_master&amp;isr=0&amp;last_id&amp;mode=19&amp;name=%5bCOLOR%20white%5d%d7%a2%d7%95%d7%a0%d7%94%204%5b%2fCOLOR%5d&amp;original_title=American%20Housewife&amp;season=4&amp;show_original_year=2016&amp;tmdbid=253478&amp;url=https%3a%2f%2fapi.themoviedb.org%2f3%2ftv%2f67117%3fapi_key%3d34142515d9d23817496eeb4ff1d223d0%26language%3den%26append_to_response%3dexternal_ids&amp;video_data=%7b%22rating%22%3a%20%220%22%2c%20%22episode%22%3a%200%2c%20%22title%22%3a%20%22%5bCOLOR%20white%5d%5cu05e2%5cu05d5%5cu05e0%5cu05d4%204%5b%2fCOLOR%5d%22%2c%20%22season%22%3a%200%2c%20%22TVshowtitle%22%3a%20%22%22%2c%20%22mediatype%22%3a%20%22movie%22%2c%20%22plot%22%3a%20%22%5bCOLOR%20aqua%5d%20%5cu05e9%5cu05d5%5cu05d3%5cu05e8%20%5cu05d1%5cu05ea%5cu05d0%5cu05e8%5cu05d9%5cu05da%2026-09-2019%5b%2fCOLOR%5d%5cnA%20family%20comedy%20narrated%20by%20Katie%2c%20a%20strong-willed%20mother%2c%20raising%20her%20flawed%20family%20in%20a%20wealthy%20town%20filled%20with%20perfect%20wives%20and%20their%20perfect%20offspring.%22%2c%20%22OriginalTitle%22%3a%20%22American%20Housewife%22%2c%20%22Tag%22%3a%20%2216%22%2c%20%22year%22%3a%20%222019%22%7d&quot"/>
</include>

<include content="sessionone">
<param name="seesionone" value="525"/>
<param name="labelname" value="מועדון הבייביסיטריות"/>
<param name="network" value="[COLOR red](UNKNOWN)[/COLOR]"/>
<param name="baseepisodidcontent" value="plugin://plugin.video.mando/?all_w=%7b%7d&amp;data=2020&amp;dates=%20&amp;description=%5bCOLOR%20aqua%5d%20%d7%a9%d7%95%d7%93%d7%a8%20%d7%91%d7%aa%d7%90%d7%a8%d7%99%d7%9a%2003-07-2020%5b%2fCOLOR%5d%0aIn%20this%20contemporary%20take%20on%20the%20beloved%20book%20series%2c%20five%20best%20friends%20launch%20a%20baby-sitting%20business%20that%27s%20big%20on%20fun%20and%20adventure.&amp;eng_name=%20&amp;episode=%20&amp;fanart=https%3a%2f%2fimage.tmdb.org%2ft%2fp%2foriginal%2f%2flhk5vgXN4Mnz4YWDw5RDqTaqPLd.jpg&amp;fav_status=false&amp;heb_name=%d7%9e%d7%95%d7%a2%d7%93%d7%95%d7%9f%20%d7%94%d7%91%d7%99%d7%99%d7%91%d7%99%d7%a1%d7%99%d7%98%d7%a8%d7%99%d7%95%d7%aa&amp;iconimage=https%3a%2f%2fimage.tmdb.org%2ft%2fp%2foriginal%2f%2fpuyNXdEWx2Biqb23dKotLFe9DXs.jpg&amp;id=100412&amp;image_master&amp;isr=0&amp;last_id&amp;mode=19&amp;name=%5bCOLOR%20white%5d%d7%a2%d7%95%d7%a0%d7%94%201%5b%2fCOLOR%5d&amp;original_title=The%20Baby-Sitters%20Club&amp;season=1&amp;show_original_year=2020&amp;tmdbid=376698&amp;url=https%3a%2f%2fapi.themoviedb.org%2f3%2ftv%2f100412%3fapi_key%3d34142515d9d23817496eeb4ff1d223d0%26language%3den%26append_to_response%3dexternal_ids&amp;video_data=%7b%22rating%22%3a%20%220%22%2c%20%22episode%22%3a%200%2c%20%22title%22%3a%20%22%5bCOLOR%20white%5d%5cu05e2%5cu05d5%5cu05e0%5cu05d4%201%5b%2fCOLOR%5d%22%2c%20%22season%22%3a%200%2c%20%22TVshowtitle%22%3a%20%22%22%2c%20%22mediatype%22%3a%20%22movie%22%2c%20%22plot%22%3a%20%22%5bCOLOR%20aqua%5d%20%5cu05e9%5cu05d5%5cu05d3%5cu05e8%20%5cu05d1%5cu05ea%5cu05d0%5cu05e8%5cu05d9%5cu05da%2003-07-2020%5b%2fCOLOR%5d%5cnIn%20this%20contemporary%20take%20on%20the%20beloved%20book%20series%2c%20five%20best%20friends%20launch%20a%20baby-sitting%20business%20that%27s%20big%20on%20fun%20and%20adventure.%22%2c%20%22OriginalTitle%22%3a%20%22The%20Baby-Sitters%20Club%22%2c%20%22Tag%22%3a%20%2216%22%2c%20%22year%22%3a%20%222020%22%7d&quot"/>
</include>

<include content="sessionone">
<param name="seesionone" value="526"/>
<param name="labelname" value="גבר מי שנשאר אחרון"/>
<param name="network" value="[COLOR red](UNKNOWN)[/COLOR]"/>
<param name="baseepisodidcontent" value="plugin://plugin.video.mando/?all_w=%7b%7d&amp;data=2016&amp;dates=%20&amp;description=%5bCOLOR%20aqua%5d%20%d7%a9%d7%95%d7%93%d7%a8%20%d7%91%d7%aa%d7%90%d7%a8%d7%99%d7%9a%2023-09-2016%5b%2fCOLOR%5d%0aA%20married%20father%20of%20three%20tries%20to%20maintain%20his%20manliness%20in%20a%20world%20increasingly%20dominated%20by%20women.&amp;eng_name=%20&amp;episode=%20&amp;fanart=https%3a%2f%2fimage.tmdb.org%2ft%2fp%2foriginal%2f%2fm6APcUIeNdFormiiKsGaG8Hdu49.jpg&amp;fav_status=false&amp;heb_name=%d7%92%d7%91%d7%a8%20%d7%9e%d7%99%20%d7%a9%d7%a0%d7%a9%d7%90%d7%a8%20%d7%90%d7%97%d7%a8%d7%95%d7%9f&amp;iconimage=https%3a%2f%2fimage.tmdb.org%2ft%2fp%2foriginal%2f%2fuFy9moEdX7n6rXVTVB0fyWDj95I.jpg&amp;id=39297&amp;image_master&amp;isr=0&amp;last_id&amp;mode=19&amp;name=%5bCOLOR%20white%5d%d7%a2%d7%95%d7%a0%d7%94%206%5b%2fCOLOR%5d&amp;original_title=Last%20Man%20Standing&amp;season=6&amp;show_original_year=2011&amp;tmdbid=248834&amp;url=https%3a%2f%2fapi.themoviedb.org%2f3%2ftv%2f39297%3fapi_key%3d34142515d9d23817496eeb4ff1d223d0%26language%3den%26append_to_response%3dexternal_ids&amp;video_data=%7b%22rating%22%3a%20%220%22%2c%20%22episode%22%3a%200%2c%20%22title%22%3a%20%22%5bCOLOR%20white%5d%5cu05e2%5cu05d5%5cu05e0%5cu05d4%206%5b%2fCOLOR%5d%22%2c%20%22season%22%3a%200%2c%20%22TVshowtitle%22%3a%20%22%22%2c%20%22mediatype%22%3a%20%22movie%22%2c%20%22plot%22%3a%20%22%5bCOLOR%20aqua%5d%20%5cu05e9%5cu05d5%5cu05d3%5cu05e8%20%5cu05d1%5cu05ea%5cu05d0%5cu05e8%5cu05d9%5cu05da%2023-09-2016%5b%2fCOLOR%5d%5cnA%20married%20father%20of%20three%20tries%20to%20maintain%20his%20manliness%20in%20a%20world%20increasingly%20dominated%20by%20women.%22%2c%20%22OriginalTitle%22%3a%20%22Last%20Man%20Standing%22%2c%20%22Tag%22%3a%20%2216%22%2c%20%22year%22%3a%20%222016%22%7d&quot"/>
</include>
<include content="sessiontwo">
<param name="sessiontwo" value="527"/>
<param name="labelname" value="גבר מי שנשאר אחרון"/>
<param name="network" value="[COLOR red](UNKNOWN)[/COLOR]"/>
<param name="baseepisodidcontent" value="plugin://plugin.video.mando/?all_w=%7b%7d&amp;data=2018&amp;dates=%20&amp;description=%5bCOLOR%20aqua%5d%20%d7%a9%d7%95%d7%93%d7%a8%20%d7%91%d7%aa%d7%90%d7%a8%d7%99%d7%9a%2028-09-2018%5b%2fCOLOR%5d%0aA%20married%20father%20of%20three%20tries%20to%20maintain%20his%20manliness%20in%20a%20world%20increasingly%20dominated%20by%20women.&amp;eng_name=%20&amp;episode=%20&amp;fanart=https%3a%2f%2fimage.tmdb.org%2ft%2fp%2foriginal%2f%2fm6APcUIeNdFormiiKsGaG8Hdu49.jpg&amp;fav_status=false&amp;heb_name=%d7%92%d7%91%d7%a8%20%d7%9e%d7%99%20%d7%a9%d7%a0%d7%a9%d7%90%d7%a8%20%d7%90%d7%97%d7%a8%d7%95%d7%9f&amp;iconimage=https%3a%2f%2fimage.tmdb.org%2ft%2fp%2foriginal%2f%2fwF06ePL5zO8hZhRKo2B9nW0ICx6.jpg&amp;id=39297&amp;image_master&amp;isr=0&amp;last_id&amp;mode=19&amp;name=%5bCOLOR%20white%5d%d7%a2%d7%95%d7%a0%d7%94%207%5b%2fCOLOR%5d&amp;original_title=Last%20Man%20Standing&amp;season=7&amp;show_original_year=2011&amp;tmdbid=248834&amp;url=https%3a%2f%2fapi.themoviedb.org%2f3%2ftv%2f39297%3fapi_key%3d34142515d9d23817496eeb4ff1d223d0%26language%3den%26append_to_response%3dexternal_ids&amp;video_data=%7b%22rating%22%3a%20%220%22%2c%20%22episode%22%3a%200%2c%20%22title%22%3a%20%22%5bCOLOR%20white%5d%5cu05e2%5cu05d5%5cu05e0%5cu05d4%207%5b%2fCOLOR%5d%22%2c%20%22season%22%3a%200%2c%20%22TVshowtitle%22%3a%20%22%22%2c%20%22mediatype%22%3a%20%22movie%22%2c%20%22plot%22%3a%20%22%5bCOLOR%20aqua%5d%20%5cu05e9%5cu05d5%5cu05d3%5cu05e8%20%5cu05d1%5cu05ea%5cu05d0%5cu05e8%5cu05d9%5cu05da%2028-09-2018%5b%2fCOLOR%5d%5cnA%20married%20father%20of%20three%20tries%20to%20maintain%20his%20manliness%20in%20a%20world%20increasingly%20dominated%20by%20women.%22%2c%20%22OriginalTitle%22%3a%20%22Last%20Man%20Standing%22%2c%20%22Tag%22%3a%20%2216%22%2c%20%22year%22%3a%20%222018%22%7d&quot"/>
</include>
<include content="sessionthree">
<param name="sessionthree" value="528"/>
<param name="labelname" value="גבר מי שנשאר אחרון"/>
<param name="network" value="[COLOR red](NETFLIX)[/COLOR]"/>
<param name="baseepisodidcontent" value="plugin://plugin.video.mando/?all_w=%7b%7d&amp;data=2020&amp;dates=%20&amp;description=%5bCOLOR%20aqua%5d%20%d7%a9%d7%95%d7%93%d7%a8%20%d7%91%d7%aa%d7%90%d7%a8%d7%99%d7%9a%2002-01-2020%5b%2fCOLOR%5d%0aA%20married%20father%20of%20three%20tries%20to%20maintain%20his%20manliness%20in%20a%20world%20increasingly%20dominated%20by%20women.&amp;eng_name=%20&amp;episode=%20&amp;fanart=https%3a%2f%2fimage.tmdb.org%2ft%2fp%2foriginal%2f%2fm6APcUIeNdFormiiKsGaG8Hdu49.jpg&amp;fav_status=false&amp;heb_name=%d7%92%d7%91%d7%a8%20%d7%9e%d7%99%20%d7%a9%d7%a0%d7%a9%d7%90%d7%a8%20%d7%90%d7%97%d7%a8%d7%95%d7%9f&amp;iconimage=https%3a%2f%2fimage.tmdb.org%2ft%2fp%2foriginal%2f%2fmFcPQDN50uSGpjxWevswqiZDkcq.jpg&amp;id=39297&amp;image_master&amp;isr=0&amp;last_id&amp;mode=19&amp;name=%5bCOLOR%20white%5d%d7%a2%d7%95%d7%a0%d7%94%208%5b%2fCOLOR%5d&amp;original_title=Last%20Man%20Standing&amp;season=8&amp;show_original_year=2011&amp;tmdbid=248834&amp;url=https%3a%2f%2fapi.themoviedb.org%2f3%2ftv%2f39297%3fapi_key%3d34142515d9d23817496eeb4ff1d223d0%26language%3den%26append_to_response%3dexternal_ids&amp;video_data=%7b%22rating%22%3a%20%220%22%2c%20%22episode%22%3a%200%2c%20%22title%22%3a%20%22%5bCOLOR%20white%5d%5cu05e2%5cu05d5%5cu05e0%5cu05d4%208%5b%2fCOLOR%5d%22%2c%20%22season%22%3a%200%2c%20%22TVshowtitle%22%3a%20%22%22%2c%20%22mediatype%22%3a%20%22movie%22%2c%20%22plot%22%3a%20%22%5bCOLOR%20aqua%5d%20%5cu05e9%5cu05d5%5cu05d3%5cu05e8%20%5cu05d1%5cu05ea%5cu05d0%5cu05e8%5cu05d9%5cu05da%2002-01-2020%5b%2fCOLOR%5d%5cnA%20married%20father%20of%20three%20tries%20to%20maintain%20his%20manliness%20in%20a%20world%20increasingly%20dominated%20by%20women.%22%2c%20%22OriginalTitle%22%3a%20%22Last%20Man%20Standing%22%2c%20%22Tag%22%3a%20%2216%22%2c%20%22year%22%3a%20%222020%22%7d&quot"/>
</include>

<include content="sessionone">
<param name="seesionone" value="529"/>
<param name="labelname" value="חד הוריים"/>
<param name="network" value="[COLOR gray](ABC)[/COLOR]"/>
<param name="baseepisodidcontent" value="plugin://plugin.video.mando/?all_w=%7b%7d&amp;data=2018&amp;dates=%20&amp;description=%5bCOLOR%20aqua%5d%20%d7%a9%d7%95%d7%93%d7%a8%20%d7%91%d7%aa%d7%90%d7%a8%d7%99%d7%9a%2026-09-2018%5b%2fCOLOR%5d%0aA%20group%20of%20single%20parents%20lean%20on%20each%20other%20to%20help%20raise%20their%207-year-old%20kids%20and%20maintain%20some%20kind%20of%20personal%20lives%20outside%20of%20parenthood.&amp;eng_name=%20&amp;episode=%20&amp;fanart=https%3a%2f%2fimage.tmdb.org%2ft%2fp%2foriginal%2f%2fvKJGkOo3yqbpbZBv6133r8F3eUt.jpg&amp;fav_status=false&amp;heb_name=%d7%97%d7%93%20%d7%94%d7%95%d7%a8%d7%99%d7%99%d7%9d&amp;iconimage=https%3a%2f%2fimage.tmdb.org%2ft%2fp%2foriginal%2f%2fsgEfoSCQD2WvlNQYJ7cjsNYUdoG.jpg&amp;id=81127&amp;image_master&amp;isr=0&amp;last_id&amp;mode=19&amp;name=%5bCOLOR%20white%5d%d7%a2%d7%95%d7%a0%d7%94%201%5b%2fCOLOR%5d&amp;original_title=Single%20Parents&amp;season=1&amp;show_original_year=2018&amp;tmdbid=350179&amp;url=https%3a%2f%2fapi.themoviedb.org%2f3%2ftv%2f81127%3fapi_key%3d34142515d9d23817496eeb4ff1d223d0%26language%3den%26append_to_response%3dexternal_ids&amp;video_data=%7b%22rating%22%3a%20%220%22%2c%20%22episode%22%3a%200%2c%20%22title%22%3a%20%22%5bCOLOR%20white%5d%5cu05e2%5cu05d5%5cu05e0%5cu05d4%201%5b%2fCOLOR%5d%22%2c%20%22season%22%3a%200%2c%20%22TVshowtitle%22%3a%20%22%22%2c%20%22mediatype%22%3a%20%22movie%22%2c%20%22plot%22%3a%20%22%5bCOLOR%20aqua%5d%20%5cu05e9%5cu05d5%5cu05d3%5cu05e8%20%5cu05d1%5cu05ea%5cu05d0%5cu05e8%5cu05d9%5cu05da%2026-09-2018%5b%2fCOLOR%5d%5cnA%20group%20of%20single%20parents%20lean%20on%20each%20other%20to%20help%20raise%20their%207-year-old%20kids%20and%20maintain%20some%20kind%20of%20personal%20lives%20outside%20of%20parenthood.%22%2c%20%22OriginalTitle%22%3a%20%22Single%20Parents%22%2c%20%22Tag%22%3a%20%2216%22%2c%20%22year%22%3a%20%222018%22%7d&quot"/>
</include>
<include content="sessiontwo">
<param name="sessiontwo" value="530"/>
<param name="labelname" value="חד הוריים"/>
<param name="network" value="[COLOR gray](ABC)[/COLOR]"/>
<param name="baseepisodidcontent" value="plugin://plugin.video.mando/?all_w=%7b%7d&amp;data=2019&amp;dates=%20&amp;description=%5bCOLOR%20aqua%5d%20%d7%a9%d7%95%d7%93%d7%a8%20%d7%91%d7%aa%d7%90%d7%a8%d7%99%d7%9a%2025-09-2019%5b%2fCOLOR%5d%0aA%20group%20of%20single%20parents%20lean%20on%20each%20other%20to%20help%20raise%20their%207-year-old%20kids%20and%20maintain%20some%20kind%20of%20personal%20lives%20outside%20of%20parenthood.&amp;eng_name=%20&amp;episode=%20&amp;fanart=https%3a%2f%2fimage.tmdb.org%2ft%2fp%2foriginal%2f%2fvKJGkOo3yqbpbZBv6133r8F3eUt.jpg&amp;fav_status=false&amp;heb_name=%d7%97%d7%93%20%d7%94%d7%95%d7%a8%d7%99%d7%99%d7%9d&amp;iconimage=https%3a%2f%2fimage.tmdb.org%2ft%2fp%2foriginal%2f%2fqL2MIOtTNLEKXGFZ0oKBqwbujIi.jpg&amp;id=81127&amp;image_master&amp;isr=0&amp;last_id&amp;mode=19&amp;name=%5bCOLOR%20white%5d%d7%a2%d7%95%d7%a0%d7%94%202%5b%2fCOLOR%5d&amp;original_title=Single%20Parents&amp;season=2&amp;show_original_year=2018&amp;tmdbid=350179&amp;url=https%3a%2f%2fapi.themoviedb.org%2f3%2ftv%2f81127%3fapi_key%3d34142515d9d23817496eeb4ff1d223d0%26language%3den%26append_to_response%3dexternal_ids&amp;video_data=%7b%22rating%22%3a%20%220%22%2c%20%22episode%22%3a%200%2c%20%22title%22%3a%20%22%5bCOLOR%20white%5d%5cu05e2%5cu05d5%5cu05e0%5cu05d4%202%5b%2fCOLOR%5d%22%2c%20%22season%22%3a%200%2c%20%22TVshowtitle%22%3a%20%22%22%2c%20%22mediatype%22%3a%20%22movie%22%2c%20%22plot%22%3a%20%22%5bCOLOR%20aqua%5d%20%5cu05e9%5cu05d5%5cu05d3%5cu05e8%20%5cu05d1%5cu05ea%5cu05d0%5cu05e8%5cu05d9%5cu05da%2025-09-2019%5b%2fCOLOR%5d%5cnA%20group%20of%20single%20parents%20lean%20on%20each%20other%20to%20help%20raise%20their%207-year-old%20kids%20and%20maintain%20some%20kind%20of%20personal%20lives%20outside%20of%20parenthood.%22%2c%20%22OriginalTitle%22%3a%20%22Single%20Parents%22%2c%20%22Tag%22%3a%20%2216%22%2c%20%22year%22%3a%20%222019%22%7d&quot"/>
</include>


<!--
<include content="sessionone">
<param name="seesionone" value="508"/>
<param name="labelname" value="ית של רייבן"/>
<param name="network" value="[COLOR red](UNKNOWN)[/COLOR]"/>
<param name="baseepisodidcontent" value=""/>
</include>

<include content="sessiontwo">
<param name="sessiontwo" value="509"/>
<param name="labelname" value="הבית של רייבן"/>
<param name="network" value="[COLOR red](UNKNOWN)[/COLOR]"/>
<param name="baseepisodidcontent" value=""/>
</include>

<include content="sessionthree">
<param name="sessionthree" value="510"/>
<param name="labelname" value="הבית של רייבן"/>
<param name="network" value="[COLOR red](NETFLIX)[/COLOR]"/>
<param name="baseepisodidcontent" value=""/>
</include>
-->


</controls>
</window>
