<?xml version="1.0" encoding="UTF-8"?>
<!-- Foundation -->
<window id="6857" type="dialog">
    <defaultcontrol always="true">35</defaultcontrol>


<controls>

<control type="group">
<animation type="WindowOpen">
<effect type="slide" start="0,0" end="0,-1000" time="350" tween="sine" easing="inout"/>
</animation>
<posy>1730</posy>
<control type="image">
<posx>0</posx>
<posy>0</posy>
<width>1920</width>
<height>350</height>
<texture>black.png</texture>
<colordiffuse>77000000</colordiffuse>
</control>
<control type="image">
<posx>350</posx>
<posy>0</posy>
<width>1000</width>
<height>350</height>
<texture>black.png</texture>
</control>
<control type="image">
<posx>1740</posx>
<posy>0</posy>
<width>220</width>
<height>450</height>
<texture>black.png</texture>
</control>
<control type="group">
<posy>140</posy>
<control type="image">
<posx>1350</posx>
<posy>0</posy>
<width>65</width>
<height>65</height>
<aspectratio>keep</aspectratio>
<texture colordiffuse="deepskyblue">special://skin/extras/arrows/arrow-25-xxl.png</texture>
</control>
<control type="image">
<posx>280</posx>
<posy>0</posy>
<width>65</width>
<height>65</height>
<aspectratio>keep</aspectratio>
<texture flipx="true" colordiffuse="deepskyblue">special://skin/extras/arrows/arrow-25-xxl.png</texture>
</control>
</control>
<control type="image">
<posx>1820</posx>
<posy>0</posy>
<width>65</width>
<height>65</height>
<aspectratio>keep</aspectratio>
<texture colordiffuse="deepskyblue">special://skin/extras/arrows/arrowup.png</texture>
</control>
<control type="image">
<posx>1820</posx>
<posy>300</posy>
<width>65</width>
<height>65</height>
<aspectratio>keep</aspectratio>
<texture colordiffuse="deepskyblue">special://skin/extras/arrows/arrowdown.png</texture>
</control>
</control>

<control type="image">
<posx>1770</posx>
<posy>820</posy>
<width>150</width>
<height>40</height>
<texture>special://skin/extras/test/Ghost.jpg</texture>
</control>

<control type="group">
<posy>50</posy>
<include content="newtvshows">
<param name="baseid" value="5"/>
<param name="listid" value="35"/>
<param name="listidfocus" value="1"/>
<param name="basecontent" value="plugin://plugin.audio.My.Music/?cat_level=%20&amp;count=0&amp;description=%20&amp;fanart&amp;iconimage&amp;index_depth=0&amp;lang=eng&amp;mode=5&amp;name=tvshowyesgo-drama&amp;page&amp;selected_list=%20&amp;url=%d7%a1%d7%93%d7%a8%d7%95%d7%aatvshow-yesgotvshowyesgo-drama&quot"/>
</include>

<!--<include content="newtvshows">
<param name="baseid" value="6"/>
<param name="listid" value="35"/>
<param name="listidfocus" value="2"/>
<param name="basecontent" value="plugin://plugin.audio.My.Music/?cat_level=%20&amp;count=0&amp;description=%20&amp;fanart&amp;iconimage&amp;index_depth=0&amp;lang=eng&amp;mode=5&amp;name=tvshows1&amp;page&amp;selected_list=%20&amp;url=tvshows1&quot"/>
</include>-->

<include content="baseepisods">
<param name="baseid" value="5"/>
<param name="labelname" value="אנשים נורמלים"/>
<param name="baseeipisod" value="500"/>
<param name="networkname" value="HULU"/>
<param name="networkcolor" value="green"/>
<param name="notvisible" value="![control.hasfocus(6) | Container(35).HasFocus(2)]"/>
<param name="baseepisodcontent" value="plugin://plugin.video.shadow/?all_w=%7b%7d&amp;data=2020&amp;dates=%20&amp;description=%5bCOLOR%20aqua%5d%20Aired%20At%2026-04-2020%5b%2fCOLOR%5d%0aMarianne%20and%20Connell%20weave%20in%20and%20out%20of%20each%20other%e2%80%99s%20lives%20in%20this%20exploration%20of%20sex%2c%20power%20and%20the%20desire%20to%20love%20and%20be%20loved.%20Adaptation%20of%20Sally%20Rooney%e2%80%99s%20best-selling%20novel.&amp;eng_name=%20&amp;episode=%20&amp;fanart=https%3a%2f%2fimage.tmdb.org%2ft%2fp%2foriginal%2f%2ffzWcuKTNo4QjSAPWKegtsYqCXyc.jpg&amp;fav_status=false&amp;heb_name=Normal%20People&amp;iconimage=https%3a%2f%2fimage.tmdb.org%2ft%2fp%2foriginal%2f%2f6lcE64s2XuAjJSNvUhdbVvgT5vX.jpg&amp;id=89905&amp;image_master&amp;isr=0&amp;last_id&amp;mode=19&amp;name=%5bCOLOR%20white%5dSeason%201%5b%2fCOLOR%5d&amp;original_title=Normal%20People&amp;season=1&amp;show_original_year=2020&amp;tmdbid=371806&amp;url=https%3a%2f%2fapi.themoviedb.org%2f3%2ftv%2f89905%3fapi_key%3d34142515d9d23817496eeb4ff1d223d0%26language%3den%26append_to_response%3dexternal_ids&amp;video_data=%7b%22rating%22%3a%20%220%22%2c%20%22episode%22%3a%200%2c%20%22title%22%3a%20%22%5bCOLOR%20white%5dSeason%201%5b%2fCOLOR%5d%22%2c%20%22season%22%3a%200%2c%20%22TVshowtitle%22%3a%20%22%22%2c%20%22mediatype%22%3a%20%22movie%22%2c%20%22plot%22%3a%20%22%5bCOLOR%20aqua%5d%20Aired%20At%2026-04-2020%5b%2fCOLOR%5d%5cnMarianne%20and%20Connell%20weave%20in%20and%20out%20of%20each%20other%5cu2019s%20lives%20in%20this%20exploration%20of%20sex%2c%20power%20and%20the%20desire%20to%20love%20and%20be%20loved.%20Adaptation%20of%20Sally%20Rooney%5cu2019s%20best-selling%20novel.%22%2c%20%22OriginalTitle%22%3a%20%22Normal%20People%22%2c%20%22Tag%22%3a%20%2216%22%2c%20%22year%22%3a%20%222020%22%7d&quot"/>
</include>

<include content="baseepisods">
<param name="baseid" value="5"/>
<param name="labelname" value="האנטומיה"/>
<param name="baseeipisod" value="501"/>
<param name="networkname" value="ABC"/>
<param name="networkcolor" value="gray"/>
<param name="notvisible" value="![control.hasfocus(6) | Container(35).HasFocus(2)]"/>
<param name="baseepisodcontent" value="plugin://plugin.video.mando/?all_w=%7b%7d&amp;data=2019&amp;dates=%20&amp;description=%5bCOLOR%20aqua%5d%20%d7%a9%d7%95%d7%93%d7%a8%20%d7%91%d7%aa%d7%90%d7%a8%d7%99%d7%9a%2026-09-2019%5b%2fCOLOR%5d%0aFollows%20the%20personal%20and%20professional%20lives%20of%20a%20group%20of%20doctors%20at%20Seattle%e2%80%99s%20Grey%20Sloan%20Memorial%20Hospital.&amp;eng_name=%20&amp;episode=%20&amp;fanart=https%3a%2f%2fimage.tmdb.org%2ft%2fp%2foriginal%2f%2fedmk8xjGBsYVIf4QtLY9WMaMcXZ.jpg&amp;fav_status=false&amp;heb_name=%d7%94%d7%90%d7%a0%d7%98%d7%95%d7%9e%d7%99%d7%94%20%d7%a9%d7%9c%20%d7%92%d7%a8%d7%99%d7%99&amp;iconimage=https%3a%2f%2fimage.tmdb.org%2ft%2fp%2foriginal%2f%2feDIfEk8dHysaea0ICkKtLUc3xro.jpg&amp;id=1416&amp;image_master&amp;isr=0&amp;last_id&amp;mode=19&amp;name=%5bCOLOR%20white%5d%d7%a2%d7%95%d7%a0%d7%94%2016%5b%2fCOLOR%5d&amp;original_title=Grey%27s%20Anatomy&amp;season=16&amp;show_original_year=2005&amp;tmdbid=73762&amp;url=https%3a%2f%2fapi.themoviedb.org%2f3%2ftv%2f1416%3fapi_key%3d34142515d9d23817496eeb4ff1d223d0%26language%3den%26append_to_response%3dexternal_ids&amp;video_data=%7b%22rating%22%3a%20%220%22%2c%20%22episode%22%3a%200%2c%20%22title%22%3a%20%22%5bCOLOR%20white%5d%5cu05e2%5cu05d5%5cu05e0%5cu05d4%2016%5b%2fCOLOR%5d%22%2c%20%22season%22%3a%200%2c%20%22TVshowtitle%22%3a%20%22%22%2c%20%22mediatype%22%3a%20%22movie%22%2c%20%22plot%22%3a%20%22%5bCOLOR%20aqua%5d%20%5cu05e9%5cu05d5%5cu05d3%5cu05e8%20%5cu05d1%5cu05ea%5cu05d0%5cu05e8%5cu05d9%5cu05da%2026-09-2019%5b%2fCOLOR%5d%5cnFollows%20the%20personal%20and%20professional%20lives%20of%20a%20group%20of%20doctors%20at%20Seattle%5cu2019s%20Grey%20Sloan%20Memorial%20Hospital.%22%2c%20%22OriginalTitle%22%3a%20%22Grey%27s%20Anatomy%22%2c%20%22Tag%22%3a%20%2216%22%2c%20%22year%22%3a%20%222019%22%7d&quot"/>
</include>

<include content="baseepisods">
<param name="baseid" value="5"/>
<param name="labelname" value="ילדות טובות"/>
<param name="baseeipisod" value="502"/>
<param name="networkname" value="UNKNOWN"/>
<param name="networkcolor" value="gray"/>
<param name="notvisible" value="![control.hasfocus(6) | Container(35).HasFocus(2)]"/>
<param name="baseepisodcontent" value="plugin://plugin.video.mando/?all_w=%7b%7d&amp;data=2020&amp;dates=%20&amp;description=%5bCOLOR%20aqua%5d%20%d7%a9%d7%95%d7%93%d7%a8%20%d7%91%d7%aa%d7%90%d7%a8%d7%99%d7%9a%2016-02-2020%5b%2fCOLOR%5d%0aThree%20%22good%20girl%22%20suburban%20wives%20and%20mothers%20suddenly%20find%20themselves%20in%20desperate%20circumstances%20and%20decide%20to%20stop%20playing%20it%20safe%20and%20risk%20everything%20to%20take%20their%20power%20back.&amp;eng_name=%20&amp;episode=%20&amp;fanart=https%3a%2f%2fimage.tmdb.org%2ft%2fp%2foriginal%2f%2fm0jCWNvCIVfJaXyo8AtpbIMfhDz.jpg&amp;fav_status=false&amp;heb_name=%d7%99%d7%9c%d7%93%d7%95%d7%aa%20%d7%98%d7%95%d7%91%d7%95%d7%aa&amp;iconimage=https%3a%2f%2fimage.tmdb.org%2ft%2fp%2foriginal%2f%2fm6SX8Rea9yJlbyD3497LigNNsp4.jpg&amp;id=71715&amp;image_master&amp;isr=0&amp;last_id&amp;mode=19&amp;name=%5bCOLOR%20white%5d%d7%a2%d7%95%d7%a0%d7%94%203%5b%2fCOLOR%5d&amp;original_title=Good%20Girls&amp;season=3&amp;show_original_year=2018&amp;tmdbid=328577&amp;url=https%3a%2f%2fapi.themoviedb.org%2f3%2ftv%2f71715%3fapi_key%3d34142515d9d23817496eeb4ff1d223d0%26language%3den%26append_to_response%3dexternal_ids&amp;video_data=%7b%22rating%22%3a%20%220%22%2c%20%22episode%22%3a%200%2c%20%22title%22%3a%20%22%5bCOLOR%20white%5d%5cu05e2%5cu05d5%5cu05e0%5cu05d4%203%5b%2fCOLOR%5d%22%2c%20%22season%22%3a%200%2c%20%22TVshowtitle%22%3a%20%22%22%2c%20%22mediatype%22%3a%20%22movie%22%2c%20%22plot%22%3a%20%22%5bCOLOR%20aqua%5d%20%5cu05e9%5cu05d5%5cu05d3%5cu05e8%20%5cu05d1%5cu05ea%5cu05d0%5cu05e8%5cu05d9%5cu05da%2016-02-2020%5b%2fCOLOR%5d%5cnThree%20%5c%22good%20girl%5c%22%20suburban%20wives%20and%20mothers%20suddenly%20find%20themselves%20in%20desperate%20circumstances%20and%20decide%20to%20stop%20playing%20it%20safe%20and%20risk%20everything%20to%20take%20their%20power%20back.%22%2c%20%22OriginalTitle%22%3a%20%22Good%20Girls%22%2c%20%22Tag%22%3a%20%2216%22%2c%20%22year%22%3a%20%222020%22%7d&quot"/>
</include>

<include content="baseepisods">
<param name="baseid" value="5"/>
<param name="labelname" value="קייטי קין"/>
<param name="baseeipisod" value="503"/>
<param name="networkname" value="UNKNOWN"/>
<param name="networkcolor" value="gray"/>
<param name="notvisible" value="![control.hasfocus(6) | Container(35).HasFocus(2)]"/>
<param name="baseepisodcontent" value="plugin://plugin.video.mando/?all_w=%7b%7d&amp;data=2020&amp;dates=%20&amp;description=%5bCOLOR%20aqua%5d%20%d7%a9%d7%95%d7%93%d7%a8%20%d7%91%d7%aa%d7%90%d7%a8%d7%99%d7%9a%2006-02-2020%5b%2fCOLOR%5d%0aA%20group%20of%20aspiring%20artists%20living%20in%20New%20York%20City%20try%20to%20make%20their%20dreams%20come%20true.&amp;eng_name=%20&amp;episode=%20&amp;fanart=https%3a%2f%2fimage.tmdb.org%2ft%2fp%2foriginal%2f%2fuRsPp966MaMEeDqnmtKgxNVz4GR.jpg&amp;fav_status=false&amp;heb_name=%d7%a7%d7%99%d7%99%d7%98%d7%99%20%d7%a7%d7%99%d7%9f&amp;iconimage=https%3a%2f%2fimage.tmdb.org%2ft%2fp%2foriginal%2f%2fbUTZY7EHg9mWrORKFY4piD0PehY.jpg&amp;id=87539&amp;image_master&amp;isr=0&amp;last_id&amp;mode=19&amp;name=%5bCOLOR%20white%5d%d7%a2%d7%95%d7%a0%d7%94%201%5b%2fCOLOR%5d&amp;original_title=Katy%20Keene&amp;season=1&amp;show_original_year=2020&amp;tmdbid=360898&amp;url=https%3a%2f%2fapi.themoviedb.org%2f3%2ftv%2f87539%3fapi_key%3d34142515d9d23817496eeb4ff1d223d0%26language%3den%26append_to_response%3dexternal_ids&amp;video_data=%7b%22rating%22%3a%20%220%22%2c%20%22episode%22%3a%200%2c%20%22title%22%3a%20%22%5bCOLOR%20white%5d%5cu05e2%5cu05d5%5cu05e0%5cu05d4%201%5b%2fCOLOR%5d%22%2c%20%22season%22%3a%200%2c%20%22TVshowtitle%22%3a%20%22%22%2c%20%22mediatype%22%3a%20%22movie%22%2c%20%22plot%22%3a%20%22%5bCOLOR%20aqua%5d%20%5cu05e9%5cu05d5%5cu05d3%5cu05e8%20%5cu05d1%5cu05ea%5cu05d0%5cu05e8%5cu05d9%5cu05da%2006-02-2020%5b%2fCOLOR%5d%5cnA%20group%20of%20aspiring%20artists%20living%20in%20New%20York%20City%20try%20to%20make%20their%20dreams%20come%20true.%22%2c%20%22OriginalTitle%22%3a%20%22Katy%20Keene%22%2c%20%22Tag%22%3a%20%2216%22%2c%20%22year%22%3a%20%222020%22%7d&quot"/>
</include>

<include content="baseepisods">
<param name="baseid" value="5"/>
<param name="labelname" value="בפנים נווה מדבר"/>
<param name="baseeipisod" value="504"/>
<param name="networkname" value="UNKNOWN"/>
<param name="networkcolor" value="gray"/>
<param name="notvisible" value="![control.hasfocus(6) | Container(35).HasFocus(2)]"/>
<param name="baseepisodcontent" value="plugin://plugin.video.mando/?all_w=%7b%7d&amp;data=2020&amp;dates=%20&amp;description=%5bCOLOR%20aqua%5d%20%d7%a9%d7%95%d7%93%d7%a8%20%d7%91%d7%aa%d7%90%d7%a8%d7%99%d7%9a%2020-04-2020%5b%2fCOLOR%5d%0aAfter%20a%20few%20years%20dedicating%20themselves%20to%20robbing%20jewelers%2c%20banks%20and%20casinos%2c%20it%20is%20time%20for%20Macarena%20and%20Zulema%20to%20separate.&amp;eng_name=%20&amp;episode=%20&amp;fanart=https%3a%2f%2fimage.tmdb.org%2ft%2fp%2foriginal%2f%2f7wm4CH6LbsFul4wWmmfXGcStVsk.jpg&amp;fav_status=false&amp;heb_name=%d7%91%d7%a4%d7%a0%d7%99%d7%9d%3a%20%d7%a0%d7%95%d7%95%d7%94%20%d7%94%d7%9e%d7%93%d7%91%d7%a8&amp;iconimage=https%3a%2f%2fimage.tmdb.org%2ft%2fp%2foriginal%2f%2f7EOWkNGxXq2MBZxfV3ZxjRM4vlH.jpg&amp;id=45871&amp;image_master&amp;isr=0&amp;last_id&amp;mode=19&amp;name=%5bCOLOR%20white%5d%d7%a2%d7%95%d7%a0%d7%94%201%5b%2fCOLOR%5d&amp;original_title=Locked%20Up%3a%20The%20Oasis&amp;season=1&amp;show_original_year=2020&amp;tmdbid=364495&amp;url=https%3a%2f%2fapi.themoviedb.org%2f3%2ftv%2f45871%3fapi_key%3d34142515d9d23817496eeb4ff1d223d0%26language%3den%26append_to_response%3dexternal_ids&amp;video_data=%7b%22rating%22%3a%20%220%22%2c%20%22episode%22%3a%200%2c%20%22title%22%3a%20%22%5bCOLOR%20white%5d%5cu05e2%5cu05d5%5cu05e0%5cu05d4%201%5b%2fCOLOR%5d%22%2c%20%22season%22%3a%200%2c%20%22TVshowtitle%22%3a%20%22%22%2c%20%22mediatype%22%3a%20%22movie%22%2c%20%22plot%22%3a%20%22%5bCOLOR%20aqua%5d%20%5cu05e9%5cu05d5%5cu05d3%5cu05e8%20%5cu05d1%5cu05ea%5cu05d0%5cu05e8%5cu05d9%5cu05da%2020-04-2020%5b%2fCOLOR%5d%5cnAfter%20a%20few%20years%20dedicating%20themselves%20to%20robbing%20jewelers%2c%20banks%20and%20casinos%2c%20it%20is%20time%20for%20Macarena%20and%20Zulema%20to%20separate.%22%2c%20%22OriginalTitle%22%3a%20%22Locked%20Up%3a%20The%20Oasis%22%2c%20%22Tag%22%3a%20%2216%22%2c%20%22year%22%3a%20%222020%22%7d&quot"/>
</include>

<include content="baseepisods">
<param name="baseid" value="5"/>
<param name="labelname" value="במדרון"/>
<param name="baseeipisod" value="505"/>
<param name="networkname" value="UNKNOWN"/>
<param name="networkcolor" value="gray"/>
<param name="notvisible" value="![control.hasfocus(6) | Container(35).HasFocus(2)]"/>
<param name="baseepisodcontent" value="plugin://plugin.video.mando/?all_w=%7b%7d&amp;data=2020&amp;dates=%20&amp;description=%5bCOLOR%20aqua%5d%20%d7%a9%d7%95%d7%93%d7%a8%20%d7%91%d7%aa%d7%90%d7%a8%d7%99%d7%9a%2023-04-2020%5b%2fCOLOR%5d%0aAlain%20Delambre%2c%20unemployed%20and%2057%2c%20is%20lured%20by%20an%20attractive%20job%20opening.%20But%20things%20get%20ugly%20when%20he%20realizes%20he%e2%80%99s%20a%20pawn%20in%20a%20cruel%20corporate%20game.&amp;eng_name=%20&amp;episode=%20&amp;fanart=https%3a%2f%2fimage.tmdb.org%2ft%2fp%2foriginal%2f%2fkUiaHY2RtzG3wUfJVCxffs7mQBL.jpg&amp;fav_status=false&amp;heb_name=%d7%91%d7%9e%d7%93%d7%a8%d7%95%d7%9f&amp;iconimage=https%3a%2f%2fimage.tmdb.org%2ft%2fp%2foriginal%2f%2fw03BnGtfcaEoqBITyXkdbeHgmTE.jpg&amp;id=101690&amp;image_master&amp;isr=0&amp;last_id&amp;mode=19&amp;name=%5bCOLOR%20white%5d%d7%a2%d7%95%d7%a0%d7%94%201%5b%2fCOLOR%5d&amp;original_title=Inhuman%20Resources&amp;season=1&amp;show_original_year=2020&amp;tmdbid=377349&amp;url=https%3a%2f%2fapi.themoviedb.org%2f3%2ftv%2f101690%3fapi_key%3d34142515d9d23817496eeb4ff1d223d0%26language%3den%26append_to_response%3dexternal_ids&amp;video_data=%7b%22rating%22%3a%20%220%22%2c%20%22episode%22%3a%200%2c%20%22title%22%3a%20%22%5bCOLOR%20white%5d%5cu05e2%5cu05d5%5cu05e0%5cu05d4%201%5b%2fCOLOR%5d%22%2c%20%22season%22%3a%200%2c%20%22TVshowtitle%22%3a%20%22%22%2c%20%22mediatype%22%3a%20%22movie%22%2c%20%22plot%22%3a%20%22%5bCOLOR%20aqua%5d%20%5cu05e9%5cu05d5%5cu05d3%5cu05e8%20%5cu05d1%5cu05ea%5cu05d0%5cu05e8%5cu05d9%5cu05da%2023-04-2020%5b%2fCOLOR%5d%5cnAlain%20Delambre%2c%20unemployed%20and%2057%2c%20is%20lured%20by%20an%20attractive%20job%20opening.%20But%20things%20get%20ugly%20when%20he%20realizes%20he%5cu2019s%20a%20pawn%20in%20a%20cruel%20corporate%20game.%22%2c%20%22OriginalTitle%22%3a%20%22Inhuman%20Resources%22%2c%20%22Tag%22%3a%20%2216%22%2c%20%22year%22%3a%20%222020%22%7d&quot"/>
</include>

<include content="baseepisods">
<param name="baseid" value="5"/>
<param name="labelname" value="דם ומים"/>
<param name="baseeipisod" value="506"/>
<param name="networkname" value="UNKNOWN"/>
<param name="networkcolor" value="gray"/>
<param name="notvisible" value="![control.hasfocus(6) | Container(35).HasFocus(2)]"/>
<param name="baseepisodcontent" value="plugin://plugin.video.mando/?all_w=%7b%7d&amp;data=2020&amp;dates=%20&amp;description=%5bCOLOR%20aqua%5d%20%d7%a9%d7%95%d7%93%d7%a8%20%d7%91%d7%aa%d7%90%d7%a8%d7%99%d7%9a%2020-05-2020%5b%2fCOLOR%5d%0aAfter%20crossing%20paths%20at%20a%20party%2c%20a%20Cape%20Town%20teen%20sets%20out%20to%20prove%20whether%20a%20private-school%20swimming%20star%20is%20her%20sister%20who%20was%20abducted%20at%20birth.&amp;eng_name=%20&amp;episode=%20&amp;fanart=https%3a%2f%2fimage.tmdb.org%2ft%2fp%2foriginal%2f%2ft6lVnN6fsCwxbE4TYkBHOtTWBO1.jpg&amp;fav_status=false&amp;heb_name=%d7%93%d7%9d%20%d7%95%d7%9e%d7%99%d7%9d&amp;iconimage=https%3a%2f%2fimage.tmdb.org%2ft%2fp%2foriginal%2f%2f8mjZqzdL46DCbOkt2lxM9CP11hj.jpg&amp;id=103411&amp;image_master&amp;isr=0&amp;last_id&amp;mode=19&amp;name=%5bCOLOR%20white%5d%d7%a2%d7%95%d7%a0%d7%94%201%5b%2fCOLOR%5d&amp;original_title=Blood%20%26%20Water&amp;season=1&amp;show_original_year=2020&amp;tmdbid=381969&amp;url=https%3a%2f%2fapi.themoviedb.org%2f3%2ftv%2f103411%3fapi_key%3d34142515d9d23817496eeb4ff1d223d0%26language%3den%26append_to_response%3dexternal_ids&amp;video_data=%7b%22rating%22%3a%20%220%22%2c%20%22episode%22%3a%200%2c%20%22title%22%3a%20%22%5bCOLOR%20white%5d%5cu05e2%5cu05d5%5cu05e0%5cu05d4%201%5b%2fCOLOR%5d%22%2c%20%22season%22%3a%200%2c%20%22TVshowtitle%22%3a%20%22%22%2c%20%22mediatype%22%3a%20%22movie%22%2c%20%22plot%22%3a%20%22%5bCOLOR%20aqua%5d%20%5cu05e9%5cu05d5%5cu05d3%5cu05e8%20%5cu05d1%5cu05ea%5cu05d0%5cu05e8%5cu05d9%5cu05da%2020-05-2020%5b%2fCOLOR%5d%5cnAfter%20crossing%20paths%20at%20a%20party%2c%20a%20Cape%20Town%20teen%20sets%20out%20to%20prove%20whether%20a%20private-school%20swimming%20star%20is%20her%20sister%20who%20was%20abducted%20at%20birth.%22%2c%20%22OriginalTitle%22%3a%20%22Blood%20%26%20Water%22%2c%20%22Tag%22%3a%20%2216%22%2c%20%22year%22%3a%20%222020%22%7d&quot"/>
</include>

<include content="baseepisods">
<param name="baseid" value="5"/>
<param name="labelname" value="הצד האפל של התשוקה"/>
<param name="baseeipisod" value="507"/>
<param name="networkname" value="UNKNOWN"/>
<param name="networkcolor" value="gray"/>
<param name="notvisible" value="![control.hasfocus(6) | Container(35).HasFocus(2)]"/>
<param name="baseepisodcontent" value="plugin://plugin.video.mando/?all_w=%7b%7d&amp;data=2020&amp;dates=%20&amp;description=%5bCOLOR%20aqua%5d%20%d7%a9%d7%95%d7%93%d7%a8%20%d7%91%d7%aa%d7%90%d7%a8%d7%99%d7%9a%2015-07-2020%5b%2fCOLOR%5d%0aMarried%20Alma%20spends%20a%20fateful%20weekend%20away%20from%20home%20that%20ignites%20passion%2c%20ends%20in%20tragedy%20and%20leads%20her%20to%20question%20the%20truth%20about%20those%20close%20to%20her.&amp;eng_name=%20&amp;episode=%20&amp;fanart=https%3a%2f%2fimage.tmdb.org%2ft%2fp%2foriginal%2f%2fvmVeGFUTXEKwAUpFH9bZwow9zIk.jpg&amp;fav_status=false&amp;heb_name=%d7%94%d7%a6%d7%93%20%d7%94%d7%90%d7%a4%d7%9c%20%d7%a9%d7%9c%20%d7%94%d7%aa%d7%a9%d7%95%d7%a7%d7%94&amp;iconimage=https%3a%2f%2fimage.tmdb.org%2ft%2fp%2foriginal%2f%2fuxFNAo2A6ZRcgNASLk02hJUbybn.jpg&amp;id=105214&amp;image_master&amp;isr=0&amp;last_id&amp;mode=19&amp;name=%5bCOLOR%20white%5d%d7%a2%d7%95%d7%a0%d7%94%201%5b%2fCOLOR%5d&amp;original_title=Dark%20Desire&amp;season=1&amp;show_original_year=2020&amp;tmdbid=383611&amp;url=https%3a%2f%2fapi.themoviedb.org%2f3%2ftv%2f105214%3fapi_key%3d34142515d9d23817496eeb4ff1d223d0%26language%3den%26append_to_response%3dexternal_ids&amp;video_data=%7b%22rating%22%3a%20%220%22%2c%20%22episode%22%3a%200%2c%20%22title%22%3a%20%22%5bCOLOR%20white%5d%5cu05e2%5cu05d5%5cu05e0%5cu05d4%201%5b%2fCOLOR%5d%22%2c%20%22season%22%3a%200%2c%20%22TVshowtitle%22%3a%20%22%22%2c%20%22mediatype%22%3a%20%22movie%22%2c%20%22plot%22%3a%20%22%5bCOLOR%20aqua%5d%20%5cu05e9%5cu05d5%5cu05d3%5cu05e8%20%5cu05d1%5cu05ea%5cu05d0%5cu05e8%5cu05d9%5cu05da%2015-07-2020%5b%2fCOLOR%5d%5cnMarried%20Alma%20spends%20a%20fateful%20weekend%20away%20from%20home%20that%20ignites%20passion%2c%20ends%20in%20tragedy%20and%20leads%20her%20to%20question%20the%20truth%20about%20those%20close%20to%20her.%22%2c%20%22OriginalTitle%22%3a%20%22Dark%20Desire%22%2c%20%22Tag%22%3a%20%2216%22%2c%20%22year%22%3a%20%222020%22%7d&quot"/>
</include>

<include content="baseepisods">
<param name="baseid" value="5"/>
<param name="labelname" value="עוקבים"/>
<param name="baseeipisod" value="508"/>
<param name="networkname" value="UNKNOWN"/>
<param name="networkcolor" value="gray"/>
<param name="notvisible" value="![control.hasfocus(6) | Container(35).HasFocus(2)]"/>
<param name="baseepisodcontent" value="plugin://plugin.video.mando/?all_w=%7b%7d&amp;data=2020&amp;dates=%20&amp;description=%5bCOLOR%20aqua%5d%20%d7%a9%d7%95%d7%93%d7%a8%20%d7%91%d7%aa%d7%90%d7%a8%d7%99%d7%9a%2027-02-2020%5b%2fCOLOR%5d%0aWhen%20an%20aspiring%20actress%20hits%20it%20big%20thanks%20to%20a%20candid%20Instagram%20post%2c%20the%20lives%20of%20several%20Tokyo%20women%20cross%20as%20they%20struggle%20to%20define%20happiness%20IRL.&amp;eng_name=%20&amp;episode=%20&amp;fanart=https%3a%2f%2fimage.tmdb.org%2ft%2fp%2foriginal%2f%2fkx1nN9RarsgM3f0L33uq3LCmWJM.jpg&amp;fav_status=false&amp;heb_name=%d7%a2%d7%95%d7%a7%d7%91%d7%99%d7%9d&amp;iconimage=https%3a%2f%2fimage.tmdb.org%2ft%2fp%2foriginal%2f%2fro0p7PD2MtBDV46lD7gNnUGsFq3.jpg&amp;id=98772&amp;image_master&amp;isr=0&amp;last_id&amp;mode=19&amp;name=%5bCOLOR%20white%5d%d7%a2%d7%95%d7%a0%d7%94%201%5b%2fCOLOR%5d&amp;original_title=Followers&amp;season=1&amp;show_original_year=2020&amp;tmdbid=376333&amp;url=https%3a%2f%2fapi.themoviedb.org%2f3%2ftv%2f98772%3fapi_key%3d34142515d9d23817496eeb4ff1d223d0%26language%3den%26append_to_response%3dexternal_ids&amp;video_data=%7b%22rating%22%3a%20%220%22%2c%20%22episode%22%3a%200%2c%20%22title%22%3a%20%22%5bCOLOR%20white%5d%5cu05e2%5cu05d5%5cu05e0%5cu05d4%201%5b%2fCOLOR%5d%22%2c%20%22season%22%3a%200%2c%20%22TVshowtitle%22%3a%20%22%22%2c%20%22mediatype%22%3a%20%22movie%22%2c%20%22plot%22%3a%20%22%5bCOLOR%20aqua%5d%20%5cu05e9%5cu05d5%5cu05d3%5cu05e8%20%5cu05d1%5cu05ea%5cu05d0%5cu05e8%5cu05d9%5cu05da%2027-02-2020%5b%2fCOLOR%5d%5cnWhen%20an%20aspiring%20actress%20hits%20it%20big%20thanks%20to%20a%20candid%20Instagram%20post%2c%20the%20lives%20of%20several%20Tokyo%20women%20cross%20as%20they%20struggle%20to%20define%20happiness%20IRL.%22%2c%20%22OriginalTitle%22%3a%20%22Followers%22%2c%20%22Tag%22%3a%20%2216%22%2c%20%22year%22%3a%20%222020%22%7d&quot"/>
</include>

<include content="baseepisods">
<param name="baseid" value="5"/>
<param name="labelname" value="עקורים"/>
<param name="baseeipisod" value="509"/>
<param name="networkname" value="UNKNOWN"/>
<param name="networkcolor" value="gray"/>
<param name="notvisible" value="![control.hasfocus(6) | Container(35).HasFocus(2)]"/>
<param name="baseepisodcontent" value="plugin://plugin.video.mando/?all_w=%7b%7d&amp;data=2020&amp;dates=%20&amp;description=%5bCOLOR%20aqua%5d%20%d7%a9%d7%95%d7%93%d7%a8%20%d7%91%d7%aa%d7%90%d7%a8%d7%99%d7%9a%2001-03-2020%5b%2fCOLOR%5d%0aFour%20strangers%20%e2%80%94%20a%20flight%20attendant%20escaping%20a%20suburban%20cult%2c%20an%20Afghan%20refugee%20fleeing%20persecution%2c%20a%20young%20Australian%20father%20escaping%20a%20dead-end%20job%2c%20and%20a%20bureaucrat%20caught%20up%20in%20a%20national%20scandal%20%e2%80%94%20are%20stuck%20in%20an%20immigration%20detention%20center%20in%20the%20Australian%20desert.%20Inspired%20by%20true%20events.&amp;eng_name=%20&amp;episode=%20&amp;fanart=https%3a%2f%2fimage.tmdb.org%2ft%2fp%2foriginal%2f%2fjTCCIYrpdA1pB8mHLXWIu7PfHb0.jpg&amp;fav_status=false&amp;heb_name=%d7%a2%d7%a7%d7%95%d7%a8%d7%99%d7%9d&amp;iconimage=https%3a%2f%2fimage.tmdb.org%2ft%2fp%2foriginal%2f%2fi3GrdpvcYEIS3INh1Pj9sikcRIA.jpg&amp;id=89446&amp;image_master&amp;isr=0&amp;last_id&amp;mode=19&amp;name=%5bCOLOR%20white%5d%d7%a2%d7%95%d7%a0%d7%94%201%5b%2fCOLOR%5d&amp;original_title=Stateless&amp;season=1&amp;show_original_year=2020&amp;tmdbid=368855&amp;url=https%3a%2f%2fapi.themoviedb.org%2f3%2ftv%2f89446%3fapi_key%3d34142515d9d23817496eeb4ff1d223d0%26language%3den%26append_to_response%3dexternal_ids&amp;video_data=%7b%22rating%22%3a%20%220%22%2c%20%22episode%22%3a%200%2c%20%22title%22%3a%20%22%5bCOLOR%20white%5d%5cu05e2%5cu05d5%5cu05e0%5cu05d4%201%5b%2fCOLOR%5d%22%2c%20%22season%22%3a%200%2c%20%22TVshowtitle%22%3a%20%22%22%2c%20%22mediatype%22%3a%20%22movie%22%2c%20%22plot%22%3a%20%22%5bCOLOR%20aqua%5d%20%5cu05e9%5cu05d5%5cu05d3%5cu05e8%20%5cu05d1%5cu05ea%5cu05d0%5cu05e8%5cu05d9%5cu05da%2001-03-2020%5b%2fCOLOR%5d%5cnFour%20strangers%20%5cu2014%20a%20flight%20attendant%20escaping%20a%20suburban%20cult%2c%20an%20Afghan%20refugee%20fleeing%20persecution%2c%20a%20young%20Australian%20father%20escaping%20a%20dead-end%20job%2c%20and%20a%20bureaucrat%20caught%20up%20in%20a%20national%20scandal%20%5cu2014%20are%20stuck%20in%20an%20immigration%20detention%20center%20in%20the%20Australian%20desert.%20Inspired%20by%20true%20events.%22%2c%20%22OriginalTitle%22%3a%20%22Stateless%22%2c%20%22Tag%22%3a%20%2216%22%2c%20%22year%22%3a%20%222020%22%7d&quot"/>
</include>

<include content="baseepisods">
<param name="baseid" value="5"/>
<param name="labelname" value="הילד"/>
<param name="baseeipisod" value="510"/>
<param name="networkname" value="UNKNOWN"/>
<param name="networkcolor" value="gray"/>
<param name="notvisible" value="![control.hasfocus(6) | Container(35).HasFocus(2)]"/>
<param name="baseepisodcontent" value="plugin://plugin.video.sdarot.tv/season/5658/1/%D7%94%D7%99%D7%9C%D7%93/%C3%87ocuk&quot"/>
</include>

<include content="baseepisods">
<param name="baseid" value="5"/>
<param name="labelname" value="אם אב ובן"/>
<param name="baseeipisod" value="511"/>
<param name="networkname" value="UNKNOWN"/>
<param name="networkcolor" value="gray"/>
<param name="notvisible" value="![control.hasfocus(6) | Container(35).HasFocus(2)]"/>
<param name="baseepisodcontent" value="plugin://plugin.video.mando/?all_w=%7b%7d&amp;data=2019&amp;dates=%20&amp;description=%5bCOLOR%20aqua%5d%20%d7%a9%d7%95%d7%93%d7%a8%20%d7%91%d7%aa%d7%90%d7%a8%d7%99%d7%9a%2006-03-2019%5b%2fCOLOR%5d%0aMax%20is%20a%20charismatic%20self-made%20American%20businessman%20with%20media%20outlets%20in%20London%20and%20around%20the%20world.%20When%20the%20self-destructive%20lifestyle%20of%20his%2030%20year-old%20son%2c%20Caden%2c%20%20spirals%20out%20of%20control%2c%20the%20devastating%20consequences%20threaten%20the%20future%20of%20the%20family%2c%20its%20empire%2c%20and%20a%20country%20on%20the%20brink%20of%20change.&amp;eng_name=%20&amp;episode=%20&amp;fanart=https%3a%2f%2fimage.tmdb.org%2ft%2fp%2foriginal%2f%2fm73kr10bLumn4sXIDjU4Xk2WCAy.jpg&amp;fav_status=false&amp;heb_name=%d7%90%d7%9d%20%d7%90%d7%91%20%d7%91%d7%9f&amp;iconimage=https%3a%2f%2fimage.tmdb.org%2ft%2fp%2foriginal%2f%2ff7AwO17xGnZ40rDT9F19rZ9W2g.jpg&amp;id=80058&amp;image_master&amp;isr=0&amp;last_id&amp;mode=19&amp;name=%5bCOLOR%20white%5d%d7%a2%d7%95%d7%a0%d7%94%201%5b%2fCOLOR%5d&amp;original_title=MotherFatherSon&amp;season=1&amp;show_original_year=2019&amp;tmdbid=357612&amp;url=https%3a%2f%2fapi.themoviedb.org%2f3%2ftv%2f80058%3fapi_key%3d34142515d9d23817496eeb4ff1d223d0%26language%3den%26append_to_response%3dexternal_ids&amp;video_data=%7b%22rating%22%3a%20%220%22%2c%20%22episode%22%3a%200%2c%20%22title%22%3a%20%22%5bCOLOR%20white%5d%5cu05e2%5cu05d5%5cu05e0%5cu05d4%201%5b%2fCOLOR%5d%22%2c%20%22season%22%3a%200%2c%20%22TVshowtitle%22%3a%20%22%22%2c%20%22mediatype%22%3a%20%22movie%22%2c%20%22plot%22%3a%20%22%5bCOLOR%20aqua%5d%20%5cu05e9%5cu05d5%5cu05d3%5cu05e8%20%5cu05d1%5cu05ea%5cu05d0%5cu05e8%5cu05d9%5cu05da%2006-03-2019%5b%2fCOLOR%5d%5cnMax%20is%20a%20charismatic%20self-made%20American%20businessman%20with%20media%20outlets%20in%20London%20and%20around%20the%20world.%20When%20the%20self-destructive%20lifestyle%20of%20his%2030%20year-old%20son%2c%20Caden%2c%20%20spirals%20out%20of%20control%2c%20the%20devastating%20consequences%20threaten%20the%20future%20of%20the%20family%2c%20its%20empire%2c%20and%20a%20country%20on%20the%20brink%20of%20change.%22%2c%20%22OriginalTitle%22%3a%20%22MotherFatherSon%22%2c%20%22Tag%22%3a%20%2216%22%2c%20%22year%22%3a%20%222019%22%7d&quot"/>
</include>

<include content="baseepisods">
<param name="baseid" value="5"/>
<param name="labelname" value="אנחנו הנחשול"/>
<param name="baseeipisod" value="512"/>
<param name="networkname" value="UNKNOWN"/>
<param name="networkcolor" value="gray"/>
<param name="notvisible" value="![control.hasfocus(6) | Container(35).HasFocus(2)]"/>
<param name="baseepisodcontent" value="plugin://plugin.video.mando/?all_w=%7b%7d&amp;data=2019&amp;dates=%20&amp;description=%5bCOLOR%20aqua%5d%20%d7%a9%d7%95%d7%93%d7%a8%20%d7%91%d7%aa%d7%90%d7%a8%d7%99%d7%9a%2001-11-2019%5b%2fCOLOR%5d%0aA%20mysterious%20classmate%20leads%20four%20idealistic%20teens%20in%20a%20revolt%20against%20a%20rising%20tide%20of%20nationalistic%20fervor%2c%20but%20their%20movement%20takes%20a%20dark%20turn.&amp;eng_name=%20&amp;episode=%20&amp;fanart=https%3a%2f%2fimage.tmdb.org%2ft%2fp%2foriginal%2f%2fAfoFTPEw16EcPyuBH4oaXMkjzNb.jpg&amp;fav_status=false&amp;heb_name=Wir%20Sind%20Die%20Welle&amp;iconimage=https%3a%2f%2fimage.tmdb.org%2ft%2fp%2foriginal%2f%2f28FYDS4KgPNBd4laI5JhJORjONq.jpg&amp;id=94660&amp;image_master&amp;isr=0&amp;last_id&amp;mode=19&amp;name=%5bCOLOR%20white%5d%d7%a2%d7%95%d7%a0%d7%94%201%5b%2fCOLOR%5d&amp;original_title=We%20Are%20the%20Wave&amp;season=1&amp;show_original_year=2019&amp;tmdbid=368386&amp;url=https%3a%2f%2fapi.themoviedb.org%2f3%2ftv%2f94660%3fapi_key%3d34142515d9d23817496eeb4ff1d223d0%26language%3den%26append_to_response%3dexternal_ids&amp;video_data=%7b%22rating%22%3a%20%220%22%2c%20%22episode%22%3a%200%2c%20%22title%22%3a%20%22%5bCOLOR%20white%5d%5cu05e2%5cu05d5%5cu05e0%5cu05d4%201%5b%2fCOLOR%5d%22%2c%20%22season%22%3a%200%2c%20%22TVshowtitle%22%3a%20%22%22%2c%20%22mediatype%22%3a%20%22movie%22%2c%20%22plot%22%3a%20%22%5bCOLOR%20aqua%5d%20%5cu05e9%5cu05d5%5cu05d3%5cu05e8%20%5cu05d1%5cu05ea%5cu05d0%5cu05e8%5cu05d9%5cu05da%2001-11-2019%5b%2fCOLOR%5d%5cnA%20mysterious%20classmate%20leads%20four%20idealistic%20teens%20in%20a%20revolt%20against%20a%20rising%20tide%20of%20nationalistic%20fervor%2c%20but%20their%20movement%20takes%20a%20dark%20turn.%22%2c%20%22OriginalTitle%22%3a%20%22We%20Are%20the%20Wave%22%2c%20%22Tag%22%3a%20%2216%22%2c%20%22year%22%3a%20%222019%22%7d&quot"/>
</include>

<include content="baseepisods">
<param name="baseid" value="5"/>
<param name="labelname" value="בובה רוסית"/>
<param name="baseeipisod" value="513"/>
<param name="networkname" value="UNKNOWN"/>
<param name="networkcolor" value="gray"/>
<param name="notvisible" value="![control.hasfocus(6) | Container(35).HasFocus(2)]"/>
<param name="baseepisodcontent" value="plugin://plugin.video.mando/?all_w=%7b%7d&amp;data=2019&amp;dates=%20&amp;description=%5bCOLOR%20aqua%5d%20%d7%a9%d7%95%d7%93%d7%a8%20%d7%91%d7%aa%d7%90%d7%a8%d7%99%d7%9a%2001-02-2019%5b%2fCOLOR%5d%0aNadia%20keeps%20dying%20and%20reliving%20her%2036th%20birthday%20party.%20She%27s%20trapped%20in%20a%20surreal%20time%20loop%20--%20and%20staring%20down%20the%20barrel%20of%20her%20own%20mortality.&amp;eng_name=%20&amp;episode=%20&amp;fanart=https%3a%2f%2fimage.tmdb.org%2ft%2fp%2foriginal%2f%2fAq6rWq3yIytfaSad4qabTUl8n0J.jpg&amp;fav_status=false&amp;heb_name=%d7%91%d7%95%d7%91%d7%94%20%d7%a8%d7%95%d7%a1%d7%99%d7%aa&amp;iconimage=https%3a%2f%2fimage.tmdb.org%2ft%2fp%2foriginal%2f%2f4WijEAbnGMJifP6uepGALci3Jf.jpg&amp;id=84977&amp;image_master&amp;isr=0&amp;last_id&amp;mode=19&amp;name=%5bCOLOR%20white%5d%d7%a2%d7%95%d7%a0%d7%94%201%5b%2fCOLOR%5d&amp;original_title=Russian%20Doll&amp;season=1&amp;show_original_year=2019&amp;tmdbid=356640&amp;url=https%3a%2f%2fapi.themoviedb.org%2f3%2ftv%2f84977%3fapi_key%3d34142515d9d23817496eeb4ff1d223d0%26language%3den%26append_to_response%3dexternal_ids&amp;video_data=%7b%22rating%22%3a%20%220%22%2c%20%22episode%22%3a%200%2c%20%22title%22%3a%20%22%5bCOLOR%20white%5d%5cu05e2%5cu05d5%5cu05e0%5cu05d4%201%5b%2fCOLOR%5d%22%2c%20%22season%22%3a%200%2c%20%22TVshowtitle%22%3a%20%22%22%2c%20%22mediatype%22%3a%20%22movie%22%2c%20%22plot%22%3a%20%22%5bCOLOR%20aqua%5d%20%5cu05e9%5cu05d5%5cu05d3%5cu05e8%20%5cu05d1%5cu05ea%5cu05d0%5cu05e8%5cu05d9%5cu05da%2001-02-2019%5b%2fCOLOR%5d%5cnNadia%20keeps%20dying%20and%20reliving%20her%2036th%20birthday%20party.%20She%27s%20trapped%20in%20a%20surreal%20time%20loop%20--%20and%20staring%20down%20the%20barrel%20of%20her%20own%20mortality.%22%2c%20%22OriginalTitle%22%3a%20%22Russian%20Doll%22%2c%20%22Tag%22%3a%20%2216%22%2c%20%22year%22%3a%20%222019%22%7d&quot"/>
</include>

<include content="baseepisods">
<param name="baseid" value="5"/>
<param name="labelname" value="טד לאסו"/>
<param name="baseeipisod" value="514"/>
<param name="networkname" value="UNKNOWN"/>
<param name="networkcolor" value="gray"/>
<param name="notvisible" value="![control.hasfocus(6) | Container(35).HasFocus(2)]"/>
<param name="baseepisodcontent" value="plugin://plugin.video.mando/?all_w=%7b%7d&amp;data=2020&amp;dates=%20&amp;description=%5bCOLOR%20aqua%5d%20%d7%a9%d7%95%d7%93%d7%a8%20%d7%91%d7%aa%d7%90%d7%a8%d7%99%d7%9a%2014-08-2020%5b%2fCOLOR%5d%0aTed%20Lasso%2c%20an%20American%20football%20coach%2c%20moves%20to%20England%20when%20he%e2%80%99s%20hired%20to%20manage%20a%20soccer%20team%e2%80%94despite%20having%20no%20experience.%20With%20cynical%20players%20and%20a%20doubtful%20town%2c%20will%20he%20get%20them%20to%20see%20the%20Ted%20Lasso%20Way%3f&amp;eng_name=%20&amp;episode=%20&amp;fanart=https%3a%2f%2fimage.tmdb.org%2ft%2fp%2foriginal%2f%2f8rDij8tYynUfu2hMVXynAp2pSjY.jpg&amp;fav_status=false&amp;heb_name=%d7%98%d7%93%20%d7%9c%d7%90%d7%a1%d7%95&amp;iconimage=https%3a%2f%2fimage.tmdb.org%2ft%2fp%2foriginal%2f%2foX7QdfiQEbyvIvpKgJHRCgbrLdK.jpg&amp;id=97546&amp;image_master&amp;isr=0&amp;last_id&amp;mode=19&amp;name=%5bCOLOR%20white%5d%d7%a2%d7%95%d7%a0%d7%94%201%5b%2fCOLOR%5d&amp;original_title=Ted%20Lasso&amp;season=1&amp;show_original_year=2020&amp;tmdbid=383203&amp;url=https%3a%2f%2fapi.themoviedb.org%2f3%2ftv%2f97546%3fapi_key%3d34142515d9d23817496eeb4ff1d223d0%26language%3den%26append_to_response%3dexternal_ids&amp;video_data=%7b%22rating%22%3a%20%220%22%2c%20%22episode%22%3a%200%2c%20%22title%22%3a%20%22%5bCOLOR%20white%5d%5cu05e2%5cu05d5%5cu05e0%5cu05d4%201%5b%2fCOLOR%5d%22%2c%20%22season%22%3a%200%2c%20%22TVshowtitle%22%3a%20%22%22%2c%20%22mediatype%22%3a%20%22movie%22%2c%20%22plot%22%3a%20%22%5bCOLOR%20aqua%5d%20%5cu05e9%5cu05d5%5cu05d3%5cu05e8%20%5cu05d1%5cu05ea%5cu05d0%5cu05e8%5cu05d9%5cu05da%2014-08-2020%5b%2fCOLOR%5d%5cnTed%20Lasso%2c%20an%20American%20football%20coach%2c%20moves%20to%20England%20when%20he%5cu2019s%20hired%20to%20manage%20a%20soccer%20team%5cu2014despite%20having%20no%20experience.%20With%20cynical%20players%20and%20a%20doubtful%20town%2c%20will%20he%20get%20them%20to%20see%20the%20Ted%20Lasso%20Way%3f%22%2c%20%22OriginalTitle%22%3a%20%22Ted%20Lasso%22%2c%20%22Tag%22%3a%20%2216%22%2c%20%22year%22%3a%20%222020%22%7d&quot"/>
</include>

<!--<include content="baseepisods">
<param name="baseid" value="6"/>
<param name="labelname" value="אהבה על הרצף"/>
<param name="baseeipisod" value="800"/>
<param name="networkname" value="Unknown"/>
<param name="networkcolor" value="red"/>
<param name="notvisible" value="![control.hasfocus(5) | Container(35).HasFocus(1)]"/>
<param name="baseepisodcontent" value="plugin://plugin.video.mando/?all_w=%7b%7d&amp;data=2019&amp;dates=%20&amp;description=%5bCOLOR%20aqua%5d%20%d7%a9%d7%95%d7%93%d7%a8%20%d7%91%d7%aa%d7%90%d7%a8%d7%99%d7%9a%2019-11-2019%5b%2fCOLOR%5d%0aSeven%20singles%20take%20their%20first%20steps%20into%20the%20world%20of%20dating%3b%20this%20uplifting%20four-part%20documentary%20follows%20young%20adults%20on%20the%20autism%20spectrum%20as%20they%20explore%20the%20unpredictable%20world%20of%20love%20and%20relationships.&amp;eng_name=%20&amp;episode=%20&amp;fanart=https%3a%2f%2fimage.tmdb.org%2ft%2fp%2foriginal%2f%2f4ZQBTq0WghXYgsJO6vKtKNw5aBU.jpg&amp;fav_status=false&amp;heb_name=%d7%90%d7%94%d7%91%d7%94%20%d7%a2%d7%9c%20%d7%94%d7%a8%d7%a6%d7%a3&amp;iconimage=https%3a%2f%2fimage.tmdb.org%2ft%2fp%2foriginal%2f%2fzMsuBnjsKDMUrAZ0Ey6Ux3bVtn7.jpg&amp;id=95730&amp;image_master&amp;isr=0&amp;last_id&amp;mode=19&amp;name=%5bCOLOR%20white%5d%d7%a2%d7%95%d7%a0%d7%94%201%5b%2fCOLOR%5d&amp;original_title=Love%20on%20the%20Spectrum&amp;season=1&amp;show_original_year=2019&amp;tmdbid=372611&amp;url=https%3a%2f%2fapi.themoviedb.org%2f3%2ftv%2f95730%3fapi_key%3d34142515d9d23817496eeb4ff1d223d0%26language%3den%26append_to_response%3dexternal_ids&amp;video_data=%7b%22rating%22%3a%20%220%22%2c%20%22episode%22%3a%200%2c%20%22title%22%3a%20%22%5bCOLOR%20white%5d%5cu05e2%5cu05d5%5cu05e0%5cu05d4%201%5b%2fCOLOR%5d%22%2c%20%22season%22%3a%200%2c%20%22TVshowtitle%22%3a%20%22%22%2c%20%22mediatype%22%3a%20%22movie%22%2c%20%22plot%22%3a%20%22%5bCOLOR%20aqua%5d%20%5cu05e9%5cu05d5%5cu05d3%5cu05e8%20%5cu05d1%5cu05ea%5cu05d0%5cu05e8%5cu05d9%5cu05da%2019-11-2019%5b%2fCOLOR%5d%5cnSeven%20singles%20take%20their%20first%20steps%20into%20the%20world%20of%20dating%3b%20this%20uplifting%20four-part%20documentary%20follows%20young%20adults%20on%20the%20autism%20spectrum%20as%20they%20explore%20the%20unpredictable%20world%20of%20love%20and%20relationships.%22%2c%20%22OriginalTitle%22%3a%20%22Love%20on%20the%20Spectrum%22%2c%20%22Tag%22%3a%20%2216%22%2c%20%22year%22%3a%20%222019%22%7d&quot"/>
</include>-->

<!--tvshow1-->
<!--<include content="baseepisods">
<param name="baseid" value="6"/>
<param name="labelname" value="אהבה על הרצף"/>
<param name="baseeipisod" value="800"/>
<param name="networkname" value="Unknown"/>
<param name="networkcolor" value="red"/>
<param name="notvisible" value="![control.hasfocus(5) | Container(35).HasFocus(1)]"/>
<param name="baseepisodcontent" value="plugin://plugin.video.mando/?all_w=%7b%7d&amp;data=2019&amp;dates=%20&amp;description=%5bCOLOR%20aqua%5d%20%d7%a9%d7%95%d7%93%d7%a8%20%d7%91%d7%aa%d7%90%d7%a8%d7%99%d7%9a%2019-11-2019%5b%2fCOLOR%5d%0aSeven%20singles%20take%20their%20first%20steps%20into%20the%20world%20of%20dating%3b%20this%20uplifting%20four-part%20documentary%20follows%20young%20adults%20on%20the%20autism%20spectrum%20as%20they%20explore%20the%20unpredictable%20world%20of%20love%20and%20relationships.&amp;eng_name=%20&amp;episode=%20&amp;fanart=https%3a%2f%2fimage.tmdb.org%2ft%2fp%2foriginal%2f%2f4ZQBTq0WghXYgsJO6vKtKNw5aBU.jpg&amp;fav_status=false&amp;heb_name=%d7%90%d7%94%d7%91%d7%94%20%d7%a2%d7%9c%20%d7%94%d7%a8%d7%a6%d7%a3&amp;iconimage=https%3a%2f%2fimage.tmdb.org%2ft%2fp%2foriginal%2f%2fzMsuBnjsKDMUrAZ0Ey6Ux3bVtn7.jpg&amp;id=95730&amp;image_master&amp;isr=0&amp;last_id&amp;mode=19&amp;name=%5bCOLOR%20white%5d%d7%a2%d7%95%d7%a0%d7%94%201%5b%2fCOLOR%5d&amp;original_title=Love%20on%20the%20Spectrum&amp;season=1&amp;show_original_year=2019&amp;tmdbid=372611&amp;url=https%3a%2f%2fapi.themoviedb.org%2f3%2ftv%2f95730%3fapi_key%3d34142515d9d23817496eeb4ff1d223d0%26language%3den%26append_to_response%3dexternal_ids&amp;video_data=%7b%22rating%22%3a%20%220%22%2c%20%22episode%22%3a%200%2c%20%22title%22%3a%20%22%5bCOLOR%20white%5d%5cu05e2%5cu05d5%5cu05e0%5cu05d4%201%5b%2fCOLOR%5d%22%2c%20%22season%22%3a%200%2c%20%22TVshowtitle%22%3a%20%22%22%2c%20%22mediatype%22%3a%20%22movie%22%2c%20%22plot%22%3a%20%22%5bCOLOR%20aqua%5d%20%5cu05e9%5cu05d5%5cu05d3%5cu05e8%20%5cu05d1%5cu05ea%5cu05d0%5cu05e8%5cu05d9%5cu05da%2019-11-2019%5b%2fCOLOR%5d%5cnSeven%20singles%20take%20their%20first%20steps%20into%20the%20world%20of%20dating%3b%20this%20uplifting%20four-part%20documentary%20follows%20young%20adults%20on%20the%20autism%20spectrum%20as%20they%20explore%20the%20unpredictable%20world%20of%20love%20and%20relationships.%22%2c%20%22OriginalTitle%22%3a%20%22Love%20on%20the%20Spectrum%22%2c%20%22Tag%22%3a%20%2216%22%2c%20%22year%22%3a%20%222019%22%7d&quot"/>
</include>-->
</control>


<control type="group">
<control type="multiimage">
<posx>1635</posx>
<posy>850</posy>
<width>280</width>
<height>150</height>
<imagepath>https://i.imgur.com/C7KDiR8.png</imagepath>
</control>
</control>
<control type="list" id="35">
<posx>1600</posx>
<posy>800</posy>
<width>550</width>
<height>650</height>
<onright condition="Container(35).HasFocus(1)">Control.SetFocus(5)</onright>
<onright condition="Container(35).HasFocus(2)">Control.SetFocus(6)</onright>
<onleft condition="Container(35).HasFocus(1)">Control.SetFocus(5)</onleft>
<onleft condition="Container(35).HasFocus(2)">Control.SetFocus(6)</onleft>
<orientation>vertical</orientation>
<itemlayout width="150" height="340">
<control type="label">
<posx>180</posx>
<posy>100</posy>
<width>200</width>
<height>40</height>
<align>center</align>
<textcolor>white</textcolor>
<label>$INFO[ListItem.Label]</label>
</control>
<control type="label">
<posx>145</posx>
<posy>170</posy>
<width>200</width>
<height>40</height>
<align>center</align>
<textcolor>white</textcolor>
<label>$INFO[ListItem.Label2]</label>
</control>
</itemlayout>
<focusedlayout width="150" height="340">
<control type="label">
<animation condition="Control.HasFocus(35)" effect="fade" start="0" end="100" time="1100">Conditional</animation>
<posx>180</posx>
<posy>100</posy>
<width>150</width>
<height>40</height>
<align>center</align>
<textcolor>white</textcolor>
<label>[B]$INFO[ListItem.Label][/B]</label>
</control>
<control type="label">
<visible>!control.hasfocus(35)</visible>
<posx>145</posx>
<posy>170</posy>
<width>200</width>
<height>40</height>
<align>center</align>
<textcolor>white</textcolor>
<label>$INFO[ListItem.Label2]</label>
</control>
<control type="label">

<visible>control.hasfocus(35)</visible>
<posx>145</posx>
<posy>170</posy>
<width>200</width>
<height>40</height>
<align>center</align>
<textcolor>cyan</textcolor>
<label>$INFO[ListItem.Label2]</label>
</control>
</focusedlayout>
<content>
<item id="1">
<label>-1-</label>
<label2>יס-גו-דרמה</label2>
<onclick>Control.SetFocus(5)</onclick>
</item>

<!--<item id="2">
<label>-2-</label>
<label2>סדרות דוקו</label2>
<onclick>Control.SetFocus(6)</onclick>
</item>-->
</content>
</control>

</controls>
</window>
