<?xml version="1.0" encoding="UTF-8"?>
<!-- Foundation -->
<window id="6910" type="dialog">
    <defaultcontrol always="true">5</defaultcontrol>

<controls>

<control type="image">
<posx>0</posx>
<posy>0</posy>
<width>fsw</width>
<height>fsh</height>
<texture colordiffuse="black">white.png</texture>
</control>



<control type="multiimage">
<posx>0</posx>
<posy>0</posy>
<width>fsw</width>
<height>fsh</height>
<fadetime>350</fadetime>
<imagepath>$INFO[Container(5).ListItem.Art(fanart)]</imagepath>
</control>

<control type="group">
<posx>-200</posx>
<control type="image">
<description>episodenamebg</description>
<posy>150</posy>
<width>2400</width>
<height>50</height>
<texture>special://skin/extras/common/context_middle.png</texture>
</control>
<control type="image">
<description>eipisodinfobg</description>
<posy>200</posy>
<width>2400</width>
<height>250</height>
<texture>special://skin/extras/common/context_middle.png</texture>
</control>
<control type="image">
<description>tvshowbgandinfo</description>
<posy>450</posy>
<width>2400</width>
<height>500</height>
<texture>special://skin/extras/common/context_middle.png</texture>
</control>
</control>

<control type="label">
<visible>!Integer.IsGreater(Container(5).NumItems,0)</visible>
<animation condition="!Integer.IsGreater(Container(5).NumItems,0)" effect="fade" start="0" end="100" time="1100" pulse="true">Conditional</animation>
<posx>800</posx>
<posy>600</posy>
<width>800</width>
<height>50</height>
<label>טוען סדרות נא להמתין...</label>
</control>



<include content="basetvshowscontent">
<param name="episodenameid" value="5"/>
<param name="tvsshowcontent" value="plugin://plugin.audio.My.Music/?cat_level=%20&amp;count=0&amp;description=%5bB%5d%5bCOLOR%20burlywood%5d%20%d7%a9.%d7%a7%20%5b%2fCOLOR%5d%5b%2fB%5d&amp;fanart=https%3a%2f%2ffunender.com%2fwp-content%2fuploads%2f2017%2f11%2fTop-10-Box-Office-Weekend-Movies-Report-October-27-29-2017.jpg&amp;iconimage=http%3a%2f%2fngarba.xyz%2fadds%2fyos%2fphoto10.jpg&amp;index_depth=0&amp;lang=eng&amp;mode=5&amp;name=tvshow-crime-new-design&amp;page&amp;selected_list=%20&amp;url=%d7%a1%d7%93%d7%a8%d7%95%d7%aatvshow-newdesigntvshow-crime-new-design&quot"/>
</include>


<include content="epissodescontente">
<param name="episodeslistid" value="500"/>
<param name="tvshowname" value="אן סי איי אס"/>
<param name="networkname" value="UNKNOWN"/>
<param name="episodeslistcontent" value="plugin://plugin.video.mando/?all_w=%7b%7d&amp;data=2015&amp;dates=%20&amp;description=%5bCOLOR%20aqua%5d%20%d7%a9%d7%95%d7%93%d7%a8%20%d7%91%d7%aa%d7%90%d7%a8%d7%99%d7%9a%2022-09-2015%5b%2fCOLOR%5d%0aFrom%20murder%20and%20espionage%20to%20terrorism%20and%20stolen%20submarines%2c%20a%20team%20of%20special%20agents%20investigates%20any%20crime%20that%20has%20a%20shred%20of%20evidence%20connected%20to%20Navy%20and%20Marine%20Corps%20personnel%2c%20regardless%20of%20rank%20or%20position.&amp;eng_name=%20&amp;episode=%20&amp;fanart=https%3a%2f%2fimage.tmdb.org%2ft%2fp%2foriginal%2f%2f4VuCtYBvZGq6Rk3gloigwlsTefE.jpg&amp;fav_status=false&amp;heb_name=%d7%90%d7%9f-%d7%a1%d7%99-%d7%90%d7%99%d7%99-%d7%90%d7%a1&amp;iconimage=https%3a%2f%2fimage.tmdb.org%2ft%2fp%2foriginal%2f%2fokufSToV75PV7QKVP2jDqtZe2iy.jpg&amp;id=4614&amp;image_master&amp;isr=0&amp;last_id&amp;mode=19&amp;name=%5bCOLOR%20white%5d%d7%a2%d7%95%d7%a0%d7%94%2013%5b%2fCOLOR%5d&amp;original_title=NCIS&amp;season=13&amp;show_original_year=2003&amp;tmdbid=72108&amp;url=https%3a%2f%2fapi.themoviedb.org%2f3%2ftv%2f4614%3fapi_key%3d34142515d9d23817496eeb4ff1d223d0%26language%3den%26append_to_response%3dexternal_ids&amp;video_data=%7b%22rating%22%3a%20%220%22%2c%20%22episode%22%3a%200%2c%20%22title%22%3a%20%22%5bCOLOR%20white%5d%5cu05e2%5cu05d5%5cu05e0%5cu05d4%2013%5b%2fCOLOR%5d%22%2c%20%22season%22%3a%200%2c%20%22TVshowtitle%22%3a%20%22%22%2c%20%22mediatype%22%3a%20%22movie%22%2c%20%22plot%22%3a%20%22%5bCOLOR%20aqua%5d%20%5cu05e9%5cu05d5%5cu05d3%5cu05e8%20%5cu05d1%5cu05ea%5cu05d0%5cu05e8%5cu05d9%5cu05da%2022-09-2015%5b%2fCOLOR%5d%5cnFrom%20murder%20and%20espionage%20to%20terrorism%20and%20stolen%20submarines%2c%20a%20team%20of%20special%20agents%20investigates%20any%20crime%20that%20has%20a%20shred%20of%20evidence%20connected%20to%20Navy%20and%20Marine%20Corps%20personnel%2c%20regardless%20of%20rank%20or%20position.%22%2c%20%22OriginalTitle%22%3a%20%22NCIS%22%2c%20%22Tag%22%3a%20%2216%22%2c%20%22year%22%3a%20%222015%22%7d&quot"/>
</include>
<include content="sessiontwocontent">
<param name="sessiontwocontentid" value="501"/>
<param name="tvshowname" value="אן סי איי אס"/>
<param name="networkname" value="UNKNOWN"/>
<param name="sessiontwocontent" value="plugin://plugin.video.mando/?all_w=%7b%7d&amp;data=2016&amp;dates=%20&amp;description=%5bCOLOR%20aqua%5d%20%d7%a9%d7%95%d7%93%d7%a8%20%d7%91%d7%aa%d7%90%d7%a8%d7%99%d7%9a%2020-09-2016%5b%2fCOLOR%5d%0aFrom%20murder%20and%20espionage%20to%20terrorism%20and%20stolen%20submarines%2c%20a%20team%20of%20special%20agents%20investigates%20any%20crime%20that%20has%20a%20shred%20of%20evidence%20connected%20to%20Navy%20and%20Marine%20Corps%20personnel%2c%20regardless%20of%20rank%20or%20position.&amp;eng_name=%20&amp;episode=%20&amp;fanart=https%3a%2f%2fimage.tmdb.org%2ft%2fp%2foriginal%2f%2f4VuCtYBvZGq6Rk3gloigwlsTefE.jpg&amp;fav_status=false&amp;heb_name=%d7%90%d7%9f-%d7%a1%d7%99-%d7%90%d7%99%d7%99-%d7%90%d7%a1&amp;iconimage=https%3a%2f%2fimage.tmdb.org%2ft%2fp%2foriginal%2f%2f9WE9lXwNsyvA8dQ5bsNEmVZa8mS.jpg&amp;id=4614&amp;image_master&amp;isr=0&amp;last_id&amp;mode=19&amp;name=%5bCOLOR%20white%5d%d7%a2%d7%95%d7%a0%d7%94%2014%5b%2fCOLOR%5d&amp;original_title=NCIS&amp;season=14&amp;show_original_year=2003&amp;tmdbid=72108&amp;url=https%3a%2f%2fapi.themoviedb.org%2f3%2ftv%2f4614%3fapi_key%3d34142515d9d23817496eeb4ff1d223d0%26language%3den%26append_to_response%3dexternal_ids&amp;video_data=%7b%22rating%22%3a%20%220%22%2c%20%22episode%22%3a%200%2c%20%22title%22%3a%20%22%5bCOLOR%20white%5d%5cu05e2%5cu05d5%5cu05e0%5cu05d4%2014%5b%2fCOLOR%5d%22%2c%20%22season%22%3a%200%2c%20%22TVshowtitle%22%3a%20%22%22%2c%20%22mediatype%22%3a%20%22movie%22%2c%20%22plot%22%3a%20%22%5bCOLOR%20aqua%5d%20%5cu05e9%5cu05d5%5cu05d3%5cu05e8%20%5cu05d1%5cu05ea%5cu05d0%5cu05e8%5cu05d9%5cu05da%2020-09-2016%5b%2fCOLOR%5d%5cnFrom%20murder%20and%20espionage%20to%20terrorism%20and%20stolen%20submarines%2c%20a%20team%20of%20special%20agents%20investigates%20any%20crime%20that%20has%20a%20shred%20of%20evidence%20connected%20to%20Navy%20and%20Marine%20Corps%20personnel%2c%20regardless%20of%20rank%20or%20position.%22%2c%20%22OriginalTitle%22%3a%20%22NCIS%22%2c%20%22Tag%22%3a%20%2216%22%2c%20%22year%22%3a%20%222016%22%7d&quot"/>
</include>
<include content="sessionthreecontent">
<param name="sessionthreecontentid" value="502"/>
<param name="tvshowname" value="אן סי איי אס"/>
<param name="networkname" value="UNKNOWN"/>
<param name="sessionthreecontent" value="plugin://plugin.video.mando/?all_w=%7b%7d&amp;data=2017&amp;dates=%20&amp;description=%5bCOLOR%20aqua%5d%20%d7%a9%d7%95%d7%93%d7%a8%20%d7%91%d7%aa%d7%90%d7%a8%d7%99%d7%9a%2026-09-2017%5b%2fCOLOR%5d%0aFrom%20murder%20and%20espionage%20to%20terrorism%20and%20stolen%20submarines%2c%20a%20team%20of%20special%20agents%20investigates%20any%20crime%20that%20has%20a%20shred%20of%20evidence%20connected%20to%20Navy%20and%20Marine%20Corps%20personnel%2c%20regardless%20of%20rank%20or%20position.&amp;eng_name=%20&amp;episode=%20&amp;fanart=https%3a%2f%2fimage.tmdb.org%2ft%2fp%2foriginal%2f%2f4VuCtYBvZGq6Rk3gloigwlsTefE.jpg&amp;fav_status=false&amp;heb_name=%d7%90%d7%9f-%d7%a1%d7%99-%d7%90%d7%99%d7%99-%d7%90%d7%a1&amp;iconimage=https%3a%2f%2fimage.tmdb.org%2ft%2fp%2foriginal%2f%2fjaeLT47Llte3HhwPIpMl6YWLfrr.jpg&amp;id=4614&amp;image_master&amp;isr=0&amp;last_id&amp;mode=19&amp;name=%5bCOLOR%20white%5d%d7%a2%d7%95%d7%a0%d7%94%2015%5b%2fCOLOR%5d&amp;original_title=NCIS&amp;season=15&amp;show_original_year=2003&amp;tmdbid=72108&amp;url=https%3a%2f%2fapi.themoviedb.org%2f3%2ftv%2f4614%3fapi_key%3d34142515d9d23817496eeb4ff1d223d0%26language%3den%26append_to_response%3dexternal_ids&amp;video_data=%7b%22rating%22%3a%20%220%22%2c%20%22episode%22%3a%200%2c%20%22title%22%3a%20%22%5bCOLOR%20white%5d%5cu05e2%5cu05d5%5cu05e0%5cu05d4%2015%5b%2fCOLOR%5d%22%2c%20%22season%22%3a%200%2c%20%22TVshowtitle%22%3a%20%22%22%2c%20%22mediatype%22%3a%20%22movie%22%2c%20%22plot%22%3a%20%22%5bCOLOR%20aqua%5d%20%5cu05e9%5cu05d5%5cu05d3%5cu05e8%20%5cu05d1%5cu05ea%5cu05d0%5cu05e8%5cu05d9%5cu05da%2026-09-2017%5b%2fCOLOR%5d%5cnFrom%20murder%20and%20espionage%20to%20terrorism%20and%20stolen%20submarines%2c%20a%20team%20of%20special%20agents%20investigates%20any%20crime%20that%20has%20a%20shred%20of%20evidence%20connected%20to%20Navy%20and%20Marine%20Corps%20personnel%2c%20regardless%20of%20rank%20or%20position.%22%2c%20%22OriginalTitle%22%3a%20%22NCIS%22%2c%20%22Tag%22%3a%20%2216%22%2c%20%22year%22%3a%20%222017%22%7d&quot"/>
</include>
<include content="sessionfourcontent">
<param name="sessionfourcontentid" value="503"/>
<param name="tvshowname" value="אן סי איי אס"/>
<param name="networkname" value="UNKNOWN"/>
<param name="sessionfourcontent" value="plugin://plugin.video.mando/?all_w=%7b%7d&amp;data=2018&amp;dates=%20&amp;description=%5bCOLOR%20aqua%5d%20%d7%a9%d7%95%d7%93%d7%a8%20%d7%91%d7%aa%d7%90%d7%a8%d7%99%d7%9a%2025-09-2018%5b%2fCOLOR%5d%0aFrom%20murder%20and%20espionage%20to%20terrorism%20and%20stolen%20submarines%2c%20a%20team%20of%20special%20agents%20investigates%20any%20crime%20that%20has%20a%20shred%20of%20evidence%20connected%20to%20Navy%20and%20Marine%20Corps%20personnel%2c%20regardless%20of%20rank%20or%20position.&amp;eng_name=%20&amp;episode=%20&amp;fanart=https%3a%2f%2fimage.tmdb.org%2ft%2fp%2foriginal%2f%2f4VuCtYBvZGq6Rk3gloigwlsTefE.jpg&amp;fav_status=false&amp;heb_name=%d7%90%d7%9f-%d7%a1%d7%99-%d7%90%d7%99%d7%99-%d7%90%d7%a1&amp;iconimage=https%3a%2f%2fimage.tmdb.org%2ft%2fp%2foriginal%2f%2flfW6jBXCtPMiyAlpdEfBNUvLkDG.jpg&amp;id=4614&amp;image_master&amp;isr=0&amp;last_id&amp;mode=19&amp;name=%5bCOLOR%20white%5d%d7%a2%d7%95%d7%a0%d7%94%2016%5b%2fCOLOR%5d&amp;original_title=NCIS&amp;season=16&amp;show_original_year=2003&amp;tmdbid=72108&amp;url=https%3a%2f%2fapi.themoviedb.org%2f3%2ftv%2f4614%3fapi_key%3d34142515d9d23817496eeb4ff1d223d0%26language%3den%26append_to_response%3dexternal_ids&amp;video_data=%7b%22rating%22%3a%20%220%22%2c%20%22episode%22%3a%200%2c%20%22title%22%3a%20%22%5bCOLOR%20white%5d%5cu05e2%5cu05d5%5cu05e0%5cu05d4%2016%5b%2fCOLOR%5d%22%2c%20%22season%22%3a%200%2c%20%22TVshowtitle%22%3a%20%22%22%2c%20%22mediatype%22%3a%20%22movie%22%2c%20%22plot%22%3a%20%22%5bCOLOR%20aqua%5d%20%5cu05e9%5cu05d5%5cu05d3%5cu05e8%20%5cu05d1%5cu05ea%5cu05d0%5cu05e8%5cu05d9%5cu05da%2025-09-2018%5b%2fCOLOR%5d%5cnFrom%20murder%20and%20espionage%20to%20terrorism%20and%20stolen%20submarines%2c%20a%20team%20of%20special%20agents%20investigates%20any%20crime%20that%20has%20a%20shred%20of%20evidence%20connected%20to%20Navy%20and%20Marine%20Corps%20personnel%2c%20regardless%20of%20rank%20or%20position.%22%2c%20%22OriginalTitle%22%3a%20%22NCIS%22%2c%20%22Tag%22%3a%20%2216%22%2c%20%22year%22%3a%20%222018%22%7d&quot"/>
</include>
<include content="sessionfivecontent">
<param name="sessionfivecontentid" value="504"/>
<param name="tvshowname" value="אן סי איי אס"/>
<param name="networkname" value="UNKNOWN"/>
<param name="sessionfivecontent" value="plugin://plugin.video.mando/?all_w=%7b%7d&amp;data=2019&amp;dates=%20&amp;description=%5bCOLOR%20aqua%5d%20%d7%a9%d7%95%d7%93%d7%a8%20%d7%91%d7%aa%d7%90%d7%a8%d7%99%d7%9a%2024-09-2019%5b%2fCOLOR%5d%0aFrom%20murder%20and%20espionage%20to%20terrorism%20and%20stolen%20submarines%2c%20a%20team%20of%20special%20agents%20investigates%20any%20crime%20that%20has%20a%20shred%20of%20evidence%20connected%20to%20Navy%20and%20Marine%20Corps%20personnel%2c%20regardless%20of%20rank%20or%20position.&amp;eng_name=%20&amp;episode=%20&amp;fanart=https%3a%2f%2fimage.tmdb.org%2ft%2fp%2foriginal%2f%2f4VuCtYBvZGq6Rk3gloigwlsTefE.jpg&amp;fav_status=false&amp;heb_name=%d7%90%d7%9f-%d7%a1%d7%99-%d7%90%d7%99%d7%99-%d7%90%d7%a1&amp;iconimage=https%3a%2f%2fimage.tmdb.org%2ft%2fp%2foriginal%2f%2fgK2yIQjtMGYmlLjIbHQuSadzJ9n.jpg&amp;id=4614&amp;image_master&amp;isr=0&amp;last_id&amp;mode=19&amp;name=%5bCOLOR%20white%5d%d7%a2%d7%95%d7%a0%d7%94%2017%5b%2fCOLOR%5d&amp;original_title=NCIS&amp;season=17&amp;show_original_year=2003&amp;tmdbid=72108&amp;url=https%3a%2f%2fapi.themoviedb.org%2f3%2ftv%2f4614%3fapi_key%3d34142515d9d23817496eeb4ff1d223d0%26language%3den%26append_to_response%3dexternal_ids&amp;video_data=%7b%22rating%22%3a%20%220%22%2c%20%22episode%22%3a%200%2c%20%22title%22%3a%20%22%5bCOLOR%20white%5d%5cu05e2%5cu05d5%5cu05e0%5cu05d4%2017%5b%2fCOLOR%5d%22%2c%20%22season%22%3a%200%2c%20%22TVshowtitle%22%3a%20%22%22%2c%20%22mediatype%22%3a%20%22movie%22%2c%20%22plot%22%3a%20%22%5bCOLOR%20aqua%5d%20%5cu05e9%5cu05d5%5cu05d3%5cu05e8%20%5cu05d1%5cu05ea%5cu05d0%5cu05e8%5cu05d9%5cu05da%2024-09-2019%5b%2fCOLOR%5d%5cnFrom%20murder%20and%20espionage%20to%20terrorism%20and%20stolen%20submarines%2c%20a%20team%20of%20special%20agents%20investigates%20any%20crime%20that%20has%20a%20shred%20of%20evidence%20connected%20to%20Navy%20and%20Marine%20Corps%20personnel%2c%20regardless%20of%20rank%20or%20position.%22%2c%20%22OriginalTitle%22%3a%20%22NCIS%22%2c%20%22Tag%22%3a%20%2216%22%2c%20%22year%22%3a%20%222019%22%7d&quot"/>
</include>




<include content="epissodescontente">
<param name="episodeslistid" value="505"/>
<param name="tvshowname" value="לוס אנגלס"/>
<param name="networkname" value="UNKNOWN"/>
<param name="episodeslistcontent" value="plugin://plugin.video.mando/?all_w=%7b%7d&amp;data=2014&amp;dates=%20&amp;description=%5bCOLOR%20aqua%5d%20%d7%a9%d7%95%d7%93%d7%a8%20%d7%91%d7%aa%d7%90%d7%a8%d7%99%d7%9a%2029-09-2014%5b%2fCOLOR%5d%0aThe%20exploits%20of%20the%20Los%20Angeles%e2%80%93based%20Office%20of%20Special%20Projects%20(OSP)%2c%20an%20elite%20division%20of%20the%20Naval%20Criminal%20Investigative%20Service%20that%20specializes%20in%20undercover%20assignments.&amp;eng_name=%20&amp;episode=%20&amp;fanart=https%3a%2f%2fimage.tmdb.org%2ft%2fp%2foriginal%2f%2fj4ltPl0cHMd16UO80vbxFx1Td1w.jpg&amp;fav_status=false&amp;heb_name=%d7%90%d7%9f-%d7%a1%d7%99-%d7%90%d7%99%d7%99-%d7%90%d7%a1%3a%20%d7%9c%d7%95%d7%a1%20%d7%90%d7%a0%d7%92%27%d7%9c%d7%a1&amp;iconimage=https%3a%2f%2fimage.tmdb.org%2ft%2fp%2foriginal%2f%2fmOdbBrY4FRX6shYKkvvDcujv4Iz.jpg&amp;id=17610&amp;image_master&amp;isr=0&amp;last_id&amp;mode=19&amp;name=%5bCOLOR%20white%5d%d7%a2%d7%95%d7%a0%d7%94%206%5b%2fCOLOR%5d&amp;original_title=NCIS%3a%20Los%20Angeles&amp;season=6&amp;show_original_year=2009&amp;tmdbid=95441&amp;url=https%3a%2f%2fapi.themoviedb.org%2f3%2ftv%2f17610%3fapi_key%3d34142515d9d23817496eeb4ff1d223d0%26language%3den%26append_to_response%3dexternal_ids&amp;video_data=%7b%22rating%22%3a%20%220%22%2c%20%22episode%22%3a%200%2c%20%22title%22%3a%20%22%5bCOLOR%20white%5d%5cu05e2%5cu05d5%5cu05e0%5cu05d4%206%5b%2fCOLOR%5d%22%2c%20%22season%22%3a%200%2c%20%22TVshowtitle%22%3a%20%22%22%2c%20%22mediatype%22%3a%20%22movie%22%2c%20%22plot%22%3a%20%22%5bCOLOR%20aqua%5d%20%5cu05e9%5cu05d5%5cu05d3%5cu05e8%20%5cu05d1%5cu05ea%5cu05d0%5cu05e8%5cu05d9%5cu05da%2029-09-2014%5b%2fCOLOR%5d%5cnThe%20exploits%20of%20the%20Los%20Angeles%5cu2013based%20Office%20of%20Special%20Projects%20(OSP)%2c%20an%20elite%20division%20of%20the%20Naval%20Criminal%20Investigative%20Service%20that%20specializes%20in%20undercover%20assignments.%22%2c%20%22OriginalTitle%22%3a%20%22NCIS%3a%20Los%20Angeles%22%2c%20%22Tag%22%3a%20%2216%22%2c%20%22year%22%3a%20%222014%22%7d&quot"/>
</include>
<include content="sessiontwocontent">
<param name="sessiontwocontentid" value="506"/>
<param name="tvshowname" value="לוס אנגלס"/>
<param name="networkname" value="UNKNOWN"/>
<param name="sessiontwocontent" value="plugin://plugin.video.mando/?all_w=%7b%7d&amp;data=2015&amp;dates=%20&amp;description=%5bCOLOR%20aqua%5d%20%d7%a9%d7%95%d7%93%d7%a8%20%d7%91%d7%aa%d7%90%d7%a8%d7%99%d7%9a%2021-09-2015%5b%2fCOLOR%5d%0aThe%20exploits%20of%20the%20Los%20Angeles%e2%80%93based%20Office%20of%20Special%20Projects%20(OSP)%2c%20an%20elite%20division%20of%20the%20Naval%20Criminal%20Investigative%20Service%20that%20specializes%20in%20undercover%20assignments.&amp;eng_name=%20&amp;episode=%20&amp;fanart=https%3a%2f%2fimage.tmdb.org%2ft%2fp%2foriginal%2f%2fj4ltPl0cHMd16UO80vbxFx1Td1w.jpg&amp;fav_status=false&amp;heb_name=%d7%90%d7%9f-%d7%a1%d7%99-%d7%90%d7%99%d7%99-%d7%90%d7%a1%3a%20%d7%9c%d7%95%d7%a1%20%d7%90%d7%a0%d7%92%27%d7%9c%d7%a1&amp;iconimage=https%3a%2f%2fimage.tmdb.org%2ft%2fp%2foriginal%2f%2f6I7uH8SmUwqwLuWyVMvdUoTJyoL.jpg&amp;id=17610&amp;image_master&amp;isr=0&amp;last_id&amp;mode=19&amp;name=%5bCOLOR%20white%5d%d7%a2%d7%95%d7%a0%d7%94%207%5b%2fCOLOR%5d&amp;original_title=NCIS%3a%20Los%20Angeles&amp;season=7&amp;show_original_year=2009&amp;tmdbid=95441&amp;url=https%3a%2f%2fapi.themoviedb.org%2f3%2ftv%2f17610%3fapi_key%3d34142515d9d23817496eeb4ff1d223d0%26language%3den%26append_to_response%3dexternal_ids&amp;video_data=%7b%22rating%22%3a%20%220%22%2c%20%22episode%22%3a%200%2c%20%22title%22%3a%20%22%5bCOLOR%20white%5d%5cu05e2%5cu05d5%5cu05e0%5cu05d4%207%5b%2fCOLOR%5d%22%2c%20%22season%22%3a%200%2c%20%22TVshowtitle%22%3a%20%22%22%2c%20%22mediatype%22%3a%20%22movie%22%2c%20%22plot%22%3a%20%22%5bCOLOR%20aqua%5d%20%5cu05e9%5cu05d5%5cu05d3%5cu05e8%20%5cu05d1%5cu05ea%5cu05d0%5cu05e8%5cu05d9%5cu05da%2021-09-2015%5b%2fCOLOR%5d%5cnThe%20exploits%20of%20the%20Los%20Angeles%5cu2013based%20Office%20of%20Special%20Projects%20(OSP)%2c%20an%20elite%20division%20of%20the%20Naval%20Criminal%20Investigative%20Service%20that%20specializes%20in%20undercover%20assignments.%22%2c%20%22OriginalTitle%22%3a%20%22NCIS%3a%20Los%20Angeles%22%2c%20%22Tag%22%3a%20%2216%22%2c%20%22year%22%3a%20%222015%22%7d&quot"/>
</include>
<include content="sessionthreecontent">
<param name="sessionthreecontentid" value="507"/>
<param name="tvshowname" value="לוס אנגלס"/>
<param name="networkname" value="UNKNOWN"/>
<param name="sessionthreecontent" value="plugin://plugin.video.mando/?all_w=%7b%7d&amp;data=2016&amp;dates=%20&amp;description=%5bCOLOR%20aqua%5d%20%d7%a9%d7%95%d7%93%d7%a8%20%d7%91%d7%aa%d7%90%d7%a8%d7%99%d7%9a%2025-09-2016%5b%2fCOLOR%5d%0aThe%20exploits%20of%20the%20Los%20Angeles%e2%80%93based%20Office%20of%20Special%20Projects%20(OSP)%2c%20an%20elite%20division%20of%20the%20Naval%20Criminal%20Investigative%20Service%20that%20specializes%20in%20undercover%20assignments.&amp;eng_name=%20&amp;episode=%20&amp;fanart=https%3a%2f%2fimage.tmdb.org%2ft%2fp%2foriginal%2f%2fj4ltPl0cHMd16UO80vbxFx1Td1w.jpg&amp;fav_status=false&amp;heb_name=%d7%90%d7%9f-%d7%a1%d7%99-%d7%90%d7%99%d7%99-%d7%90%d7%a1%3a%20%d7%9c%d7%95%d7%a1%20%d7%90%d7%a0%d7%92%27%d7%9c%d7%a1&amp;iconimage=https%3a%2f%2fimage.tmdb.org%2ft%2fp%2foriginal%2f%2fmqb8PRrcsUIerrFNXkF8xSYim0o.jpg&amp;id=17610&amp;image_master&amp;isr=0&amp;last_id&amp;mode=19&amp;name=%5bCOLOR%20white%5d%d7%a2%d7%95%d7%a0%d7%94%208%5b%2fCOLOR%5d&amp;original_title=NCIS%3a%20Los%20Angeles&amp;season=8&amp;show_original_year=2009&amp;tmdbid=95441&amp;url=https%3a%2f%2fapi.themoviedb.org%2f3%2ftv%2f17610%3fapi_key%3d34142515d9d23817496eeb4ff1d223d0%26language%3den%26append_to_response%3dexternal_ids&amp;video_data=%7b%22rating%22%3a%20%220%22%2c%20%22episode%22%3a%200%2c%20%22title%22%3a%20%22%5bCOLOR%20white%5d%5cu05e2%5cu05d5%5cu05e0%5cu05d4%208%5b%2fCOLOR%5d%22%2c%20%22season%22%3a%200%2c%20%22TVshowtitle%22%3a%20%22%22%2c%20%22mediatype%22%3a%20%22movie%22%2c%20%22plot%22%3a%20%22%5bCOLOR%20aqua%5d%20%5cu05e9%5cu05d5%5cu05d3%5cu05e8%20%5cu05d1%5cu05ea%5cu05d0%5cu05e8%5cu05d9%5cu05da%2025-09-2016%5b%2fCOLOR%5d%5cnThe%20exploits%20of%20the%20Los%20Angeles%5cu2013based%20Office%20of%20Special%20Projects%20(OSP)%2c%20an%20elite%20division%20of%20the%20Naval%20Criminal%20Investigative%20Service%20that%20specializes%20in%20undercover%20assignments.%22%2c%20%22OriginalTitle%22%3a%20%22NCIS%3a%20Los%20Angeles%22%2c%20%22Tag%22%3a%20%2216%22%2c%20%22year%22%3a%20%222016%22%7d&quot"/>
</include>
<include content="sessionfourcontent">
<param name="sessionfourcontentid" value="508"/>
<param name="tvshowname" value="לוס אנגלס"/>
<param name="networkname" value="UNKNOWN"/>
<param name="sessionfourcontent" value="plugin://plugin.video.mando/?all_w=%7b%7d&amp;data=2017&amp;dates=%20&amp;description=%5bCOLOR%20aqua%5d%20%d7%a9%d7%95%d7%93%d7%a8%20%d7%91%d7%aa%d7%90%d7%a8%d7%99%d7%9a%2001-10-2017%5b%2fCOLOR%5d%0aThe%20exploits%20of%20the%20Los%20Angeles%e2%80%93based%20Office%20of%20Special%20Projects%20(OSP)%2c%20an%20elite%20division%20of%20the%20Naval%20Criminal%20Investigative%20Service%20that%20specializes%20in%20undercover%20assignments.&amp;eng_name=%20&amp;episode=%20&amp;fanart=https%3a%2f%2fimage.tmdb.org%2ft%2fp%2foriginal%2f%2fj4ltPl0cHMd16UO80vbxFx1Td1w.jpg&amp;fav_status=false&amp;heb_name=%d7%90%d7%9f-%d7%a1%d7%99-%d7%90%d7%99%d7%99-%d7%90%d7%a1%3a%20%d7%9c%d7%95%d7%a1%20%d7%90%d7%a0%d7%92%27%d7%9c%d7%a1&amp;iconimage=https%3a%2f%2fimage.tmdb.org%2ft%2fp%2foriginal%2f%2fdjftKmC5nAi3VqUhBkddwmb6Wli.jpg&amp;id=17610&amp;image_master&amp;isr=0&amp;last_id&amp;mode=19&amp;name=%5bCOLOR%20white%5d%d7%a2%d7%95%d7%a0%d7%94%209%5b%2fCOLOR%5d&amp;original_title=NCIS%3a%20Los%20Angeles&amp;season=9&amp;show_original_year=2009&amp;tmdbid=95441&amp;url=https%3a%2f%2fapi.themoviedb.org%2f3%2ftv%2f17610%3fapi_key%3d34142515d9d23817496eeb4ff1d223d0%26language%3den%26append_to_response%3dexternal_ids&amp;video_data=%7b%22rating%22%3a%20%220%22%2c%20%22episode%22%3a%200%2c%20%22title%22%3a%20%22%5bCOLOR%20white%5d%5cu05e2%5cu05d5%5cu05e0%5cu05d4%209%5b%2fCOLOR%5d%22%2c%20%22season%22%3a%200%2c%20%22TVshowtitle%22%3a%20%22%22%2c%20%22mediatype%22%3a%20%22movie%22%2c%20%22plot%22%3a%20%22%5bCOLOR%20aqua%5d%20%5cu05e9%5cu05d5%5cu05d3%5cu05e8%20%5cu05d1%5cu05ea%5cu05d0%5cu05e8%5cu05d9%5cu05da%2001-10-2017%5b%2fCOLOR%5d%5cnThe%20exploits%20of%20the%20Los%20Angeles%5cu2013based%20Office%20of%20Special%20Projects%20(OSP)%2c%20an%20elite%20division%20of%20the%20Naval%20Criminal%20Investigative%20Service%20that%20specializes%20in%20undercover%20assignments.%22%2c%20%22OriginalTitle%22%3a%20%22NCIS%3a%20Los%20Angeles%22%2c%20%22Tag%22%3a%20%2216%22%2c%20%22year%22%3a%20%222017%22%7d&quot"/>
</include>
<include content="sessionfivecontent">
<param name="sessionfivecontentid" value="509"/>
<param name="tvshowname" value="לוס אנגלס"/>
<param name="networkname" value="UNKNOWN"/>
<param name="sessionfivecontent" value="plugin://plugin.video.mando/?all_w=%7b%7d&amp;data=2018&amp;dates=%20&amp;description=%5bCOLOR%20aqua%5d%20%d7%a9%d7%95%d7%93%d7%a8%20%d7%91%d7%aa%d7%90%d7%a8%d7%99%d7%9a%2030-09-2018%5b%2fCOLOR%5d%0aThe%20exploits%20of%20the%20Los%20Angeles%e2%80%93based%20Office%20of%20Special%20Projects%20(OSP)%2c%20an%20elite%20division%20of%20the%20Naval%20Criminal%20Investigative%20Service%20that%20specializes%20in%20undercover%20assignments.&amp;eng_name=%20&amp;episode=%20&amp;fanart=https%3a%2f%2fimage.tmdb.org%2ft%2fp%2foriginal%2f%2fj4ltPl0cHMd16UO80vbxFx1Td1w.jpg&amp;fav_status=false&amp;heb_name=%d7%90%d7%9f-%d7%a1%d7%99-%d7%90%d7%99%d7%99-%d7%90%d7%a1%3a%20%d7%9c%d7%95%d7%a1%20%d7%90%d7%a0%d7%92%27%d7%9c%d7%a1&amp;iconimage=https%3a%2f%2fimage.tmdb.org%2ft%2fp%2foriginal%2f%2fr4Pk6agjUir9hLBH2KhQzEx8OwV.jpg&amp;id=17610&amp;image_master&amp;isr=0&amp;last_id&amp;mode=19&amp;name=%5bCOLOR%20white%5d%d7%a2%d7%95%d7%a0%d7%94%2010%5b%2fCOLOR%5d&amp;original_title=NCIS%3a%20Los%20Angeles&amp;season=10&amp;show_original_year=2009&amp;tmdbid=95441&amp;url=https%3a%2f%2fapi.themoviedb.org%2f3%2ftv%2f17610%3fapi_key%3d34142515d9d23817496eeb4ff1d223d0%26language%3den%26append_to_response%3dexternal_ids&amp;video_data=%7b%22rating%22%3a%20%220%22%2c%20%22episode%22%3a%200%2c%20%22title%22%3a%20%22%5bCOLOR%20white%5d%5cu05e2%5cu05d5%5cu05e0%5cu05d4%2010%5b%2fCOLOR%5d%22%2c%20%22season%22%3a%200%2c%20%22TVshowtitle%22%3a%20%22%22%2c%20%22mediatype%22%3a%20%22movie%22%2c%20%22plot%22%3a%20%22%5bCOLOR%20aqua%5d%20%5cu05e9%5cu05d5%5cu05d3%5cu05e8%20%5cu05d1%5cu05ea%5cu05d0%5cu05e8%5cu05d9%5cu05da%2030-09-2018%5b%2fCOLOR%5d%5cnThe%20exploits%20of%20the%20Los%20Angeles%5cu2013based%20Office%20of%20Special%20Projects%20(OSP)%2c%20an%20elite%20division%20of%20the%20Naval%20Criminal%20Investigative%20Service%20that%20specializes%20in%20undercover%20assignments.%22%2c%20%22OriginalTitle%22%3a%20%22NCIS%3a%20Los%20Angeles%22%2c%20%22Tag%22%3a%20%2216%22%2c%20%22year%22%3a%20%222018%22%7d&quot"/>
</include>



<include content="epissodescontente">
<param name="episodeslistid" value="510"/>
<param name="tvshowname" value="ניו אורלינס"/>
<param name="networkname" value="UNKNOWN"/>
<param name="episodeslistcontent" value="plugin://plugin.video.mando/?all_w=%7b%7d&amp;data=2015&amp;dates=%20&amp;description=%5bCOLOR%20aqua%5d%20%d7%a9%d7%95%d7%93%d7%a8%20%d7%91%d7%aa%d7%90%d7%a8%d7%99%d7%9a%2022-09-2015%5b%2fCOLOR%5d%0aA%20drama%20about%20the%20local%20field%20office%20that%20investigates%20criminal%20cases%20affecting%20military%20personnel%20in%20The%20Big%20Easy%2c%20a%20city%20known%20for%20its%20music%2c%20entertainment%20and%20decadence.&amp;eng_name=%20&amp;episode=%20&amp;fanart=https%3a%2f%2fimage.tmdb.org%2ft%2fp%2foriginal%2f%2fq10iri9a2BruHhVESNWW31yFHCJ.jpg&amp;fav_status=false&amp;heb_name=%d7%90%d7%9f-%d7%a1%d7%99-%d7%90%d7%99%d7%99-%d7%90%d7%a1%3a%20%d7%a0%d7%99%d7%95%20%d7%90%d7%95%d7%a8%d7%9c%d7%99%d7%a0%d7%a1&amp;iconimage=https%3a%2f%2fimage.tmdb.org%2ft%2fp%2foriginal%2f%2fbPTpWdGknMpfLqX2PsMz524s0yH.jpg&amp;id=61387&amp;image_master&amp;isr=0&amp;last_id&amp;mode=19&amp;name=%5bCOLOR%20white%5d%d7%a2%d7%95%d7%a0%d7%94%202%5b%2fCOLOR%5d&amp;original_title=NCIS%3a%20New%20Orleans&amp;season=2&amp;show_original_year=2014&amp;tmdbid=278125&amp;url=https%3a%2f%2fapi.themoviedb.org%2f3%2ftv%2f61387%3fapi_key%3d34142515d9d23817496eeb4ff1d223d0%26language%3den%26append_to_response%3dexternal_ids&amp;video_data=%7b%22rating%22%3a%20%220%22%2c%20%22episode%22%3a%200%2c%20%22title%22%3a%20%22%5bCOLOR%20white%5d%5cu05e2%5cu05d5%5cu05e0%5cu05d4%202%5b%2fCOLOR%5d%22%2c%20%22season%22%3a%200%2c%20%22TVshowtitle%22%3a%20%22%22%2c%20%22mediatype%22%3a%20%22movie%22%2c%20%22plot%22%3a%20%22%5bCOLOR%20aqua%5d%20%5cu05e9%5cu05d5%5cu05d3%5cu05e8%20%5cu05d1%5cu05ea%5cu05d0%5cu05e8%5cu05d9%5cu05da%2022-09-2015%5b%2fCOLOR%5d%5cnA%20drama%20about%20the%20local%20field%20office%20that%20investigates%20criminal%20cases%20affecting%20military%20personnel%20in%20The%20Big%20Easy%2c%20a%20city%20known%20for%20its%20music%2c%20entertainment%20and%20decadence.%22%2c%20%22OriginalTitle%22%3a%20%22NCIS%3a%20New%20Orleans%22%2c%20%22Tag%22%3a%20%2216%22%2c%20%22year%22%3a%20%222015%22%7d&quot"/>
</include>
<include content="sessiontwocontent">
<param name="sessiontwocontentid" value="511"/>
<param name="tvshowname" value="ניו אורלינס"/>
<param name="networkname" value="UNKNOWN"/>
<param name="sessiontwocontent" value="plugin://plugin.video.mando/?all_w=%7b%7d&amp;data=2016&amp;dates=%20&amp;description=%5bCOLOR%20aqua%5d%20%d7%a9%d7%95%d7%93%d7%a8%20%d7%91%d7%aa%d7%90%d7%a8%d7%99%d7%9a%2020-09-2016%5b%2fCOLOR%5d%0aA%20drama%20about%20the%20local%20field%20office%20that%20investigates%20criminal%20cases%20affecting%20military%20personnel%20in%20The%20Big%20Easy%2c%20a%20city%20known%20for%20its%20music%2c%20entertainment%20and%20decadence.&amp;eng_name=%20&amp;episode=%20&amp;fanart=https%3a%2f%2fimage.tmdb.org%2ft%2fp%2foriginal%2f%2fq10iri9a2BruHhVESNWW31yFHCJ.jpg&amp;fav_status=false&amp;heb_name=%d7%90%d7%9f-%d7%a1%d7%99-%d7%90%d7%99%d7%99-%d7%90%d7%a1%3a%20%d7%a0%d7%99%d7%95%20%d7%90%d7%95%d7%a8%d7%9c%d7%99%d7%a0%d7%a1&amp;iconimage=https%3a%2f%2fimage.tmdb.org%2ft%2fp%2foriginal%2f%2fnP8GPIXkWq25jL2jecNmSrulYvu.jpg&amp;id=61387&amp;image_master&amp;isr=0&amp;last_id&amp;mode=19&amp;name=%5bCOLOR%20white%5d%d7%a2%d7%95%d7%a0%d7%94%203%5b%2fCOLOR%5d&amp;original_title=NCIS%3a%20New%20Orleans&amp;season=3&amp;show_original_year=2014&amp;tmdbid=278125&amp;url=https%3a%2f%2fapi.themoviedb.org%2f3%2ftv%2f61387%3fapi_key%3d34142515d9d23817496eeb4ff1d223d0%26language%3den%26append_to_response%3dexternal_ids&amp;video_data=%7b%22rating%22%3a%20%220%22%2c%20%22episode%22%3a%200%2c%20%22title%22%3a%20%22%5bCOLOR%20white%5d%5cu05e2%5cu05d5%5cu05e0%5cu05d4%203%5b%2fCOLOR%5d%22%2c%20%22season%22%3a%200%2c%20%22TVshowtitle%22%3a%20%22%22%2c%20%22mediatype%22%3a%20%22movie%22%2c%20%22plot%22%3a%20%22%5bCOLOR%20aqua%5d%20%5cu05e9%5cu05d5%5cu05d3%5cu05e8%20%5cu05d1%5cu05ea%5cu05d0%5cu05e8%5cu05d9%5cu05da%2020-09-2016%5b%2fCOLOR%5d%5cnA%20drama%20about%20the%20local%20field%20office%20that%20investigates%20criminal%20cases%20affecting%20military%20personnel%20in%20The%20Big%20Easy%2c%20a%20city%20known%20for%20its%20music%2c%20entertainment%20and%20decadence.%22%2c%20%22OriginalTitle%22%3a%20%22NCIS%3a%20New%20Orleans%22%2c%20%22Tag%22%3a%20%2216%22%2c%20%22year%22%3a%20%222016%22%7d&quot"/>
</include>
<include content="sessionthreecontent">
<param name="sessionthreecontentid" value="512"/>
<param name="tvshowname" value="ניו אורלינס"/>
<param name="networkname" value="UNKNOWN"/>
<param name="sessionthreecontent" value="plugin://plugin.video.mando/?all_w=%7b%7d&amp;data=2017&amp;dates=%20&amp;description=%5bCOLOR%20aqua%5d%20%d7%a9%d7%95%d7%93%d7%a8%20%d7%91%d7%aa%d7%90%d7%a8%d7%99%d7%9a%2026-09-2017%5b%2fCOLOR%5d%0aA%20drama%20about%20the%20local%20field%20office%20that%20investigates%20criminal%20cases%20affecting%20military%20personnel%20in%20The%20Big%20Easy%2c%20a%20city%20known%20for%20its%20music%2c%20entertainment%20and%20decadence.&amp;eng_name=%20&amp;episode=%20&amp;fanart=https%3a%2f%2fimage.tmdb.org%2ft%2fp%2foriginal%2f%2fq10iri9a2BruHhVESNWW31yFHCJ.jpg&amp;fav_status=false&amp;heb_name=%d7%90%d7%9f-%d7%a1%d7%99-%d7%90%d7%99%d7%99-%d7%90%d7%a1%3a%20%d7%a0%d7%99%d7%95%20%d7%90%d7%95%d7%a8%d7%9c%d7%99%d7%a0%d7%a1&amp;iconimage=https%3a%2f%2fimage.tmdb.org%2ft%2fp%2foriginal%2f%2f2xNT9IUkBe1Cr28T820mWjkg3TY.jpg&amp;id=61387&amp;image_master&amp;isr=0&amp;last_id&amp;mode=19&amp;name=%5bCOLOR%20white%5d%d7%a2%d7%95%d7%a0%d7%94%204%5b%2fCOLOR%5d&amp;original_title=NCIS%3a%20New%20Orleans&amp;season=4&amp;show_original_year=2014&amp;tmdbid=278125&amp;url=https%3a%2f%2fapi.themoviedb.org%2f3%2ftv%2f61387%3fapi_key%3d34142515d9d23817496eeb4ff1d223d0%26language%3den%26append_to_response%3dexternal_ids&amp;video_data=%7b%22rating%22%3a%20%220%22%2c%20%22episode%22%3a%200%2c%20%22title%22%3a%20%22%5bCOLOR%20white%5d%5cu05e2%5cu05d5%5cu05e0%5cu05d4%204%5b%2fCOLOR%5d%22%2c%20%22season%22%3a%200%2c%20%22TVshowtitle%22%3a%20%22%22%2c%20%22mediatype%22%3a%20%22movie%22%2c%20%22plot%22%3a%20%22%5bCOLOR%20aqua%5d%20%5cu05e9%5cu05d5%5cu05d3%5cu05e8%20%5cu05d1%5cu05ea%5cu05d0%5cu05e8%5cu05d9%5cu05da%2026-09-2017%5b%2fCOLOR%5d%5cnA%20drama%20about%20the%20local%20field%20office%20that%20investigates%20criminal%20cases%20affecting%20military%20personnel%20in%20The%20Big%20Easy%2c%20a%20city%20known%20for%20its%20music%2c%20entertainment%20and%20decadence.%22%2c%20%22OriginalTitle%22%3a%20%22NCIS%3a%20New%20Orleans%22%2c%20%22Tag%22%3a%20%2216%22%2c%20%22year%22%3a%20%222017%22%7d&quot"/>
</include>
<include content="sessionfourcontent">
<param name="sessionfourcontentid" value="513"/>
<param name="tvshowname" value="ניו אורלינס"/>
<param name="networkname" value="UNKNOWN"/>
<param name="sessionfourcontent" value="plugin://plugin.video.mando/?all_w=%7b%7d&amp;data=2018&amp;dates=%20&amp;description=%5bCOLOR%20aqua%5d%20%d7%a9%d7%95%d7%93%d7%a8%20%d7%91%d7%aa%d7%90%d7%a8%d7%99%d7%9a%2025-09-2018%5b%2fCOLOR%5d%0aA%20drama%20about%20the%20local%20field%20office%20that%20investigates%20criminal%20cases%20affecting%20military%20personnel%20in%20The%20Big%20Easy%2c%20a%20city%20known%20for%20its%20music%2c%20entertainment%20and%20decadence.&amp;eng_name=%20&amp;episode=%20&amp;fanart=https%3a%2f%2fimage.tmdb.org%2ft%2fp%2foriginal%2f%2fq10iri9a2BruHhVESNWW31yFHCJ.jpg&amp;fav_status=false&amp;heb_name=%d7%90%d7%9f-%d7%a1%d7%99-%d7%90%d7%99%d7%99-%d7%90%d7%a1%3a%20%d7%a0%d7%99%d7%95%20%d7%90%d7%95%d7%a8%d7%9c%d7%99%d7%a0%d7%a1&amp;iconimage=https%3a%2f%2fimage.tmdb.org%2ft%2fp%2foriginal%2f%2fnIc1fd865mUJ2dgHxCQ4jKTUv6e.jpg&amp;id=61387&amp;image_master&amp;isr=0&amp;last_id&amp;mode=19&amp;name=%5bCOLOR%20white%5d%d7%a2%d7%95%d7%a0%d7%94%205%5b%2fCOLOR%5d&amp;original_title=NCIS%3a%20New%20Orleans&amp;season=5&amp;show_original_year=2014&amp;tmdbid=278125&amp;url=https%3a%2f%2fapi.themoviedb.org%2f3%2ftv%2f61387%3fapi_key%3d34142515d9d23817496eeb4ff1d223d0%26language%3den%26append_to_response%3dexternal_ids&amp;video_data=%7b%22rating%22%3a%20%220%22%2c%20%22episode%22%3a%200%2c%20%22title%22%3a%20%22%5bCOLOR%20white%5d%5cu05e2%5cu05d5%5cu05e0%5cu05d4%205%5b%2fCOLOR%5d%22%2c%20%22season%22%3a%200%2c%20%22TVshowtitle%22%3a%20%22%22%2c%20%22mediatype%22%3a%20%22movie%22%2c%20%22plot%22%3a%20%22%5bCOLOR%20aqua%5d%20%5cu05e9%5cu05d5%5cu05d3%5cu05e8%20%5cu05d1%5cu05ea%5cu05d0%5cu05e8%5cu05d9%5cu05da%2025-09-2018%5b%2fCOLOR%5d%5cnA%20drama%20about%20the%20local%20field%20office%20that%20investigates%20criminal%20cases%20affecting%20military%20personnel%20in%20The%20Big%20Easy%2c%20a%20city%20known%20for%20its%20music%2c%20entertainment%20and%20decadence.%22%2c%20%22OriginalTitle%22%3a%20%22NCIS%3a%20New%20Orleans%22%2c%20%22Tag%22%3a%20%2216%22%2c%20%22year%22%3a%20%222018%22%7d&quot"/>
</include>
<include content="sessionfivecontent">
<param name="sessionfivecontentid" value="514"/>
<param name="tvshowname" value="ניו אורלינס"/>
<param name="networkname" value="UNKNOWN"/>
<param name="sessionfivecontent" value="plugin://plugin.video.mando/?all_w=%7b%7d&amp;data=2019&amp;dates=%20&amp;description=%5bCOLOR%20aqua%5d%20%d7%a9%d7%95%d7%93%d7%a8%20%d7%91%d7%aa%d7%90%d7%a8%d7%99%d7%9a%2024-09-2019%5b%2fCOLOR%5d%0aA%20drama%20about%20the%20local%20field%20office%20that%20investigates%20criminal%20cases%20affecting%20military%20personnel%20in%20The%20Big%20Easy%2c%20a%20city%20known%20for%20its%20music%2c%20entertainment%20and%20decadence.&amp;eng_name=%20&amp;episode=%20&amp;fanart=https%3a%2f%2fimage.tmdb.org%2ft%2fp%2foriginal%2f%2fq10iri9a2BruHhVESNWW31yFHCJ.jpg&amp;fav_status=false&amp;heb_name=%d7%90%d7%9f-%d7%a1%d7%99-%d7%90%d7%99%d7%99-%d7%90%d7%a1%3a%20%d7%a0%d7%99%d7%95%20%d7%90%d7%95%d7%a8%d7%9c%d7%99%d7%a0%d7%a1&amp;iconimage=https%3a%2f%2fimage.tmdb.org%2ft%2fp%2foriginal%2f%2fAkFlhbRl7HZVWpIqaMPVXCuOQHI.jpg&amp;id=61387&amp;image_master&amp;isr=0&amp;last_id&amp;mode=19&amp;name=%5bCOLOR%20white%5d%d7%a2%d7%95%d7%a0%d7%94%206%5b%2fCOLOR%5d&amp;original_title=NCIS%3a%20New%20Orleans&amp;season=6&amp;show_original_year=2014&amp;tmdbid=278125&amp;url=https%3a%2f%2fapi.themoviedb.org%2f3%2ftv%2f61387%3fapi_key%3d34142515d9d23817496eeb4ff1d223d0%26language%3den%26append_to_response%3dexternal_ids&amp;video_data=%7b%22rating%22%3a%20%220%22%2c%20%22episode%22%3a%200%2c%20%22title%22%3a%20%22%5bCOLOR%20white%5d%5cu05e2%5cu05d5%5cu05e0%5cu05d4%206%5b%2fCOLOR%5d%22%2c%20%22season%22%3a%200%2c%20%22TVshowtitle%22%3a%20%22%22%2c%20%22mediatype%22%3a%20%22movie%22%2c%20%22plot%22%3a%20%22%5bCOLOR%20aqua%5d%20%5cu05e9%5cu05d5%5cu05d3%5cu05e8%20%5cu05d1%5cu05ea%5cu05d0%5cu05e8%5cu05d9%5cu05da%2024-09-2019%5b%2fCOLOR%5d%5cnA%20drama%20about%20the%20local%20field%20office%20that%20investigates%20criminal%20cases%20affecting%20military%20personnel%20in%20The%20Big%20Easy%2c%20a%20city%20known%20for%20its%20music%2c%20entertainment%20and%20decadence.%22%2c%20%22OriginalTitle%22%3a%20%22NCIS%3a%20New%20Orleans%22%2c%20%22Tag%22%3a%20%2216%22%2c%20%22year%22%3a%20%222019%22%7d&quot"/>
</include>

<include content="epissodescontente">
<param name="episodeslistid" value="515"/>
<param name="tvshowname" value="סוחבות"/>
<param name="networkname" value="UNKNOWN"/>
<param name="episodeslistcontent" value="plugin://plugin.video.shadow/?all_w=%7b%7d&amp;data=2019&amp;dates=%20&amp;description=%5bCOLOR%20aqua%5d%20Aired%20At%2014-06-2019%5b%2fCOLOR%5d%0aA%20grieving%20teen%20finds%20an%20unexpected%20connection%20with%20two%20classmates%20at%20her%20new%20high%20school%20after%20they%20all%20land%20in%20the%20same%20Shoplifters%20Anonymous%20group.&amp;eng_name=%20&amp;episode=%20&amp;fanart=https%3a%2f%2fimage.tmdb.org%2ft%2fp%2foriginal%2f%2fA0oBPYwFP2p4tTM2goSK2RnJ41O.jpg&amp;fav_status=false&amp;heb_name=%d7%a1%d7%95%d7%97%d7%91%d7%95%d7%aa&amp;iconimage=https%3a%2f%2fimage.tmdb.org%2ft%2fp%2foriginal%2f%2fuYQFtQ74DRNarCdBi7AkSG11UR6.jpg&amp;id=89852&amp;image_master&amp;isr=0&amp;last_id&amp;mode=19&amp;name=%5bCOLOR%20white%5dSeason%201%5b%2fCOLOR%5d&amp;original_title=Trinkets&amp;season=1&amp;show_original_year=2019&amp;tmdbid=364082&amp;url=https%3a%2f%2fapi.themoviedb.org%2f3%2ftv%2f89852%3fapi_key%3d34142515d9d23817496eeb4ff1d223d0%26language%3den%26append_to_response%3dexternal_ids&amp;video_data=%7b%22rating%22%3a%20%220%22%2c%20%22episode%22%3a%200%2c%20%22title%22%3a%20%22%5bCOLOR%20white%5dSeason%201%5b%2fCOLOR%5d%22%2c%20%22season%22%3a%200%2c%20%22TVshowtitle%22%3a%20%22%22%2c%20%22mediatype%22%3a%20%22movie%22%2c%20%22plot%22%3a%20%22%5bCOLOR%20aqua%5d%20Aired%20At%2014-06-2019%5b%2fCOLOR%5d%5cnA%20grieving%20teen%20finds%20an%20unexpected%20connection%20with%20two%20classmates%20at%20her%20new%20high%20school%20after%20they%20all%20land%20in%20the%20same%20Shoplifters%20Anonymous%20group.%22%2c%20%22OriginalTitle%22%3a%20%22Trinkets%22%2c%20%22Tag%22%3a%20%2216%22%2c%20%22year%22%3a%20%222019%22%7d&quot"/>
</include>
<include content="sessiontwocontent">
<param name="sessiontwocontentid" value="516"/>
<param name="tvshowname" value="סוחבות"/>
<param name="networkname" value="UNKNOWN"/>
<param name="sessiontwocontent" value="plugin://plugin.video.shadow/?all_w=%7b%7d&amp;data=2020&amp;dates=%20&amp;description=%5bCOLOR%20aqua%5d%20Aired%20At%2025-08-2020%5b%2fCOLOR%5d%0aA%20grieving%20teen%20finds%20an%20unexpected%20connection%20with%20two%20classmates%20at%20her%20new%20high%20school%20after%20they%20all%20land%20in%20the%20same%20Shoplifters%20Anonymous%20group.&amp;eng_name=%20&amp;episode=%20&amp;fanart=https%3a%2f%2fimage.tmdb.org%2ft%2fp%2foriginal%2f%2fA0oBPYwFP2p4tTM2goSK2RnJ41O.jpg&amp;fav_status=false&amp;heb_name=%d7%a1%d7%95%d7%97%d7%91%d7%95%d7%aa&amp;iconimage=https%3a%2f%2fimage.tmdb.org%2ft%2fp%2foriginal%2f%2fauhOk2XgSGMUrdCUjH7p6NtR37l.jpg&amp;id=89852&amp;image_master&amp;isr=0&amp;last_id&amp;mode=19&amp;name=%5bCOLOR%20white%5dSeason%202%5b%2fCOLOR%5d&amp;original_title=Trinkets&amp;season=2&amp;show_original_year=2019&amp;tmdbid=364082&amp;url=https%3a%2f%2fapi.themoviedb.org%2f3%2ftv%2f89852%3fapi_key%3d34142515d9d23817496eeb4ff1d223d0%26language%3den%26append_to_response%3dexternal_ids&amp;video_data=%7b%22rating%22%3a%20%220%22%2c%20%22episode%22%3a%200%2c%20%22title%22%3a%20%22%5bCOLOR%20white%5dSeason%202%5b%2fCOLOR%5d%22%2c%20%22season%22%3a%200%2c%20%22TVshowtitle%22%3a%20%22%22%2c%20%22mediatype%22%3a%20%22movie%22%2c%20%22plot%22%3a%20%22%5bCOLOR%20aqua%5d%20Aired%20At%2025-08-2020%5b%2fCOLOR%5d%5cnA%20grieving%20teen%20finds%20an%20unexpected%20connection%20with%20two%20classmates%20at%20her%20new%20high%20school%20after%20they%20all%20land%20in%20the%20same%20Shoplifters%20Anonymous%20group.%22%2c%20%22OriginalTitle%22%3a%20%22Trinkets%22%2c%20%22Tag%22%3a%20%2216%22%2c%20%22year%22%3a%20%222020%22%7d&quot"/>
</include>

<!--
<include content="epissodescontente">
<param name="episodeslistid" value="503"/>
<param name="tvshowname" value=""/>
<param name="networkname" value="UNKNOWN"/>
<param name="episodeslistcontent" value=""/>
</include>
<include content="sessiontwocontent">
<param name="sessiontwocontentid" value="504"/>
<param name="tvshowname" value=""/>
<param name="networkname" value="UNKNOWN"/>
<param name="sessiontwocontent" value=""/>
</include>
<include content="sessionthreecontent">
<param name="sessionthreecontentid" value="505"/>
<param name="tvshowname" value=""/>
<param name="networkname" value="UNKNOWN"/>
<param name="sessionthreecontent" value=""/>
</include>
<include content="sessionfourcontent">
<param name="sessionfourcontentid" value="510"/>
<param name="tvshowname" value=""/>
<param name="networkname" value="UNKNOWN"/>
<param name="sessionfourcontent" value=""/>
</include>
<include content="sessionfivecontent">
<param name="sessionfivecontentid" value="529"/>
<param name="tvshowname" value=""/>
<param name="networkname" value="UNKNOWN"/>
<param name="sessionfivecontent" value=""/>
</include>
-->

</controls>
</window>
