<?xml version="1.0" encoding="UTF-8"?>
<!-- Foundation -->
<window id="4024" type="dialog">
    <defaultcontrol always="true">5</defaultcontrol>

<controls>

<control type="multiimage">
<posx>0</posx>
<posy>0</posy>
<width>fsw</width>
<height>fsh</height>
<fadetime>350</fadetime>
<imagepath>$INFO[Container(5).ListItem.Art(fanart)]</imagepath>
</control>

<control type="group">
<posx>-200</posx>
<control type="image">
<description>episodenamebg</description>
<posy>150</posy>
<width>2400</width>
<height>50</height>
<texture>special://skin/extras/common/context_middle.png</texture>
</control>
<control type="image">
<description>eipisodinfobg</description>
<posy>200</posy>
<width>2400</width>
<height>250</height>
<texture>special://skin/extras/common/context_middle.png</texture>
</control>
<control type="image">
<description>tvshowbgandinfo</description>
<posy>450</posy>
<width>2400</width>
<height>500</height>
<texture>special://skin/extras/common/context_middle.png</texture>
</control>
</control>





<include content="basetvshowscontent">
<param name="episodenameid" value="5"/>
<param name="tvsshowcontent" value="plugin://plugin.video.mando/?all_w=%7b%7d&amp;data=%20&amp;dates=%20&amp;description=TMDB&amp;eng_name=%20&amp;episode=%20&amp;fanart=https%3a%2f%2fimage.businessinsider.com%2f5d5ea69fcd97841fea3d3b36%3fwidth%3d1100%26format%3djpeg%26auto%3dwebp&amp;fav_status=false&amp;heb_name=%20&amp;iconimage=C%3a%5cUsers%5cneta%5cAppData%5cRoaming%5cKodi%5caddons%5cplugin.video.mando%5cresources%5cartwork_shinobi%2fpopular.png&amp;id=%20&amp;image_master&amp;isr=0&amp;last_id&amp;mode=14&amp;name=%5bCOLOR%20orange%5d%5bB%5d%d7%9e%d7%90%d7%a0%d7%93%d7%95%20%5bCOLOR%20aqua%5d%20%d7%a4%d7%95%d7%a4%d7%95%d7%9c%d7%a8%d7%99%20%5b%2fCOLOR%5d%5b%2fB%5d&amp;original_title=%20&amp;season=%20&amp;show_original_year=%20&amp;tmdbid=%20&amp;url=http%3a%2f%2fapi.themoviedb.org%2f3%2ftv%2fpopular%3fapi_key%3d34142515d9d23817496eeb4ff1d223d0%26language%3dhe%26page%3d1&amp;video_data=%7b%22rating%22%3a%20%220%22%2c%20%22episode%22%3a%200%2c%20%22title%22%3a%20%22%5bCOLOR%20orange%5d%5bB%5d%5cu05de%5cu05d0%5cu05e0%5cu05d3%5cu05d5%20%5bCOLOR%20aqua%5d%20%5cu05e4%5cu05d5%5cu05e4%5cu05d5%5cu05dc%5cu05e8%5cu05d9%20%5b%2fCOLOR%5d%5b%2fB%5d%22%2c%20%22season%22%3a%200%2c%20%22TVshowtitle%22%3a%20%22%22%2c%20%22mediatype%22%3a%20%22movie%22%2c%20%22plot%22%3a%20%22TMDB%22%2c%20%22OriginalTitle%22%3a%20%22%20%22%2c%20%22Tag%22%3a%20%223%22%7d&quot"/>
</include>

<include content="epissodescontente">
<param name="episodeslistid" value="500"/>
<param name="tvshowname" value="לוציפר"/>
<param name="networkname" value="NETFLIX"/>
<param name="episodeslistcontent" value="plugin://plugin.video.mando/?all_w=%7b%7d&amp;data=2020&amp;dates=%20&amp;description=%5bCOLOR%20aqua%5d%20%d7%a9%d7%95%d7%93%d7%a8%20%d7%91%d7%aa%d7%90%d7%a8%d7%99%d7%9a%2021-08-2020%5b%2fCOLOR%5d%0aBored%20and%20unhappy%20as%20the%20Lord%20of%20Hell%2c%20Lucifer%20Morningstar%20abandoned%20his%20throne%20and%20retired%20to%20Los%20Angeles%2c%20where%20he%20has%20teamed%20up%20with%20LAPD%20detective%20Chloe%20Decker%20to%20take%20down%20criminals.%c2%a0But%20the%20longer%20he%27s%20away%20from%20the%20underworld%2c%20the%20greater%20the%20threat%20that%20the%20worst%20of%20humanity%20could%20escape.&amp;eng_name=%20&amp;episode=%20&amp;fanart=https%3a%2f%2fimage.tmdb.org%2ft%2fp%2foriginal%2f%2fta5oblpMlEcIPIS2YGcq9XEkWK2.jpg&amp;fav_status=false&amp;heb_name=%d7%9c%d7%95%d7%a6%d7%99%d7%a4%d7%a8&amp;iconimage=https%3a%2f%2fimage.tmdb.org%2ft%2fp%2foriginal%2f%2f4EYPN5mVIhKLfxGruy7Dy41dTVn.jpg&amp;id=63174&amp;image_master&amp;isr=0&amp;last_id&amp;mode=19&amp;name=%5bCOLOR%20white%5d%d7%a2%d7%95%d7%a0%d7%94%205%5b%2fCOLOR%5d&amp;original_title=Lucifer&amp;season=5&amp;show_original_year=2016&amp;tmdbid=295685&amp;url=https%3a%2f%2fapi.themoviedb.org%2f3%2ftv%2f63174%3fapi_key%3d34142515d9d23817496eeb4ff1d223d0%26language%3den%26append_to_response%3dexternal_ids&amp;video_data=%7b%22rating%22%3a%20%220%22%2c%20%22episode%22%3a%200%2c%20%22title%22%3a%20%22%5bCOLOR%20white%5d%5cu05e2%5cu05d5%5cu05e0%5cu05d4%205%5b%2fCOLOR%5d%22%2c%20%22season%22%3a%200%2c%20%22TVshowtitle%22%3a%20%22%22%2c%20%22mediatype%22%3a%20%22movie%22%2c%20%22plot%22%3a%20%22%5bCOLOR%20aqua%5d%20%5cu05e9%5cu05d5%5cu05d3%5cu05e8%20%5cu05d1%5cu05ea%5cu05d0%5cu05e8%5cu05d9%5cu05da%2021-08-2020%5b%2fCOLOR%5d%5cnBored%20and%20unhappy%20as%20the%20Lord%20of%20Hell%2c%20Lucifer%20Morningstar%20abandoned%20his%20throne%20and%20retired%20to%20Los%20Angeles%2c%20where%20he%20has%20teamed%20up%20with%20LAPD%20detective%20Chloe%20Decker%20to%20take%20down%20criminals.%5cu00a0But%20the%20longer%20he%27s%20away%20from%20the%20underworld%2c%20the%20greater%20the%20threat%20that%20the%20worst%20of%20humanity%20could%20escape.%22%2c%20%22OriginalTitle%22%3a%20%22Lucifer%22%2c%20%22Tag%22%3a%20%2216%22%2c%20%22year%22%3a%20%222020%22%7d&quot"/>
</include>
<include content="sessiontwocontent">
<param name="sessiontwocontentid" value="501"/>
<param name="tvshowname" value="לוציפר"/>
<param name="networkname" value="NETFLIX"/>
<param name="sessiontwocontent" value="plugin://plugin.video.mando/?all_w=%7b%7d&amp;data=2019&amp;dates=%20&amp;description=%5bCOLOR%20aqua%5d%20%d7%a9%d7%95%d7%93%d7%a8%20%d7%91%d7%aa%d7%90%d7%a8%d7%99%d7%9a%2008-05-2019%5b%2fCOLOR%5d%0aBored%20and%20unhappy%20as%20the%20Lord%20of%20Hell%2c%20Lucifer%20Morningstar%20abandoned%20his%20throne%20and%20retired%20to%20Los%20Angeles%2c%20where%20he%20has%20teamed%20up%20with%20LAPD%20detective%20Chloe%20Decker%20to%20take%20down%20criminals.%c2%a0But%20the%20longer%20he%27s%20away%20from%20the%20underworld%2c%20the%20greater%20the%20threat%20that%20the%20worst%20of%20humanity%20could%20escape.&amp;eng_name=%20&amp;episode=%20&amp;fanart=https%3a%2f%2fimage.tmdb.org%2ft%2fp%2foriginal%2f%2fta5oblpMlEcIPIS2YGcq9XEkWK2.jpg&amp;fav_status=false&amp;heb_name=%d7%9c%d7%95%d7%a6%d7%99%d7%a4%d7%a8&amp;iconimage=https%3a%2f%2fimage.tmdb.org%2ft%2fp%2foriginal%2f%2fq1li5do60mMrIONZcjwUNNZZpT4.jpg&amp;id=63174&amp;image_master&amp;isr=0&amp;last_id&amp;mode=19&amp;name=%5bCOLOR%20white%5d%d7%a2%d7%95%d7%a0%d7%94%204%5b%2fCOLOR%5d&amp;original_title=Lucifer&amp;season=4&amp;show_original_year=2016&amp;tmdbid=295685&amp;url=https%3a%2f%2fapi.themoviedb.org%2f3%2ftv%2f63174%3fapi_key%3d34142515d9d23817496eeb4ff1d223d0%26language%3den%26append_to_response%3dexternal_ids&amp;video_data=%7b%22rating%22%3a%20%220%22%2c%20%22episode%22%3a%200%2c%20%22title%22%3a%20%22%5bCOLOR%20white%5d%5cu05e2%5cu05d5%5cu05e0%5cu05d4%204%5b%2fCOLOR%5d%22%2c%20%22season%22%3a%200%2c%20%22TVshowtitle%22%3a%20%22%22%2c%20%22mediatype%22%3a%20%22movie%22%2c%20%22plot%22%3a%20%22%5bCOLOR%20aqua%5d%20%5cu05e9%5cu05d5%5cu05d3%5cu05e8%20%5cu05d1%5cu05ea%5cu05d0%5cu05e8%5cu05d9%5cu05da%2008-05-2019%5b%2fCOLOR%5d%5cnBored%20and%20unhappy%20as%20the%20Lord%20of%20Hell%2c%20Lucifer%20Morningstar%20abandoned%20his%20throne%20and%20retired%20to%20Los%20Angeles%2c%20where%20he%20has%20teamed%20up%20with%20LAPD%20detective%20Chloe%20Decker%20to%20take%20down%20criminals.%5cu00a0But%20the%20longer%20he%27s%20away%20from%20the%20underworld%2c%20the%20greater%20the%20threat%20that%20the%20worst%20of%20humanity%20could%20escape.%22%2c%20%22OriginalTitle%22%3a%20%22Lucifer%22%2c%20%22Tag%22%3a%20%2216%22%2c%20%22year%22%3a%20%222019%22%7d&quot"/>
</include>
<include content="sessionthreecontent">
<param name="sessionthreecontentid" value="502"/>
<param name="tvshowname" value="לוציפר"/>
<param name="networkname" value="NETFLIX"/>
<param name="sessionthreecontent" value="plugin://plugin.video.mando/?all_w=%7b%7d&amp;data=2017&amp;dates=%20&amp;description=%5bCOLOR%20aqua%5d%20%d7%a9%d7%95%d7%93%d7%a8%20%d7%91%d7%aa%d7%90%d7%a8%d7%99%d7%9a%2002-10-2017%5b%2fCOLOR%5d%0aBored%20and%20unhappy%20as%20the%20Lord%20of%20Hell%2c%20Lucifer%20Morningstar%20abandoned%20his%20throne%20and%20retired%20to%20Los%20Angeles%2c%20where%20he%20has%20teamed%20up%20with%20LAPD%20detective%20Chloe%20Decker%20to%20take%20down%20criminals.%c2%a0But%20the%20longer%20he%27s%20away%20from%20the%20underworld%2c%20the%20greater%20the%20threat%20that%20the%20worst%20of%20humanity%20could%20escape.&amp;eng_name=%20&amp;episode=%20&amp;fanart=https%3a%2f%2fimage.tmdb.org%2ft%2fp%2foriginal%2f%2fta5oblpMlEcIPIS2YGcq9XEkWK2.jpg&amp;fav_status=false&amp;heb_name=%d7%9c%d7%95%d7%a6%d7%99%d7%a4%d7%a8&amp;iconimage=https%3a%2f%2fimage.tmdb.org%2ft%2fp%2foriginal%2f%2f3wAYNK29W5PHusoFwPMBO5ei8R1.jpg&amp;id=63174&amp;image_master&amp;isr=0&amp;last_id&amp;mode=19&amp;name=%5bCOLOR%20white%5d%d7%a2%d7%95%d7%a0%d7%94%203%5b%2fCOLOR%5d&amp;original_title=Lucifer&amp;season=3&amp;show_original_year=2016&amp;tmdbid=295685&amp;url=https%3a%2f%2fapi.themoviedb.org%2f3%2ftv%2f63174%3fapi_key%3d34142515d9d23817496eeb4ff1d223d0%26language%3den%26append_to_response%3dexternal_ids&amp;video_data=%7b%22rating%22%3a%20%220%22%2c%20%22episode%22%3a%200%2c%20%22title%22%3a%20%22%5bCOLOR%20white%5d%5cu05e2%5cu05d5%5cu05e0%5cu05d4%203%5b%2fCOLOR%5d%22%2c%20%22season%22%3a%200%2c%20%22TVshowtitle%22%3a%20%22%22%2c%20%22mediatype%22%3a%20%22movie%22%2c%20%22plot%22%3a%20%22%5bCOLOR%20aqua%5d%20%5cu05e9%5cu05d5%5cu05d3%5cu05e8%20%5cu05d1%5cu05ea%5cu05d0%5cu05e8%5cu05d9%5cu05da%2002-10-2017%5b%2fCOLOR%5d%5cnBored%20and%20unhappy%20as%20the%20Lord%20of%20Hell%2c%20Lucifer%20Morningstar%20abandoned%20his%20throne%20and%20retired%20to%20Los%20Angeles%2c%20where%20he%20has%20teamed%20up%20with%20LAPD%20detective%20Chloe%20Decker%20to%20take%20down%20criminals.%5cu00a0But%20the%20longer%20he%27s%20away%20from%20the%20underworld%2c%20the%20greater%20the%20threat%20that%20the%20worst%20of%20humanity%20could%20escape.%22%2c%20%22OriginalTitle%22%3a%20%22Lucifer%22%2c%20%22Tag%22%3a%20%2216%22%2c%20%22year%22%3a%20%222017%22%7d&quot"/>
</include>
<include content="sessionfourcontent">
<param name="sessionfourcontentid" value="509"/>
<param name="tvshowname" value="לוציפר"/>
<param name="networkname" value="NETFLIX"/>
<param name="sessionfourcontent" value="plugin://plugin.video.mando/?all_w=%7b%7d&amp;data=2016&amp;dates=%20&amp;description=%5bCOLOR%20aqua%5d%20%d7%a9%d7%95%d7%93%d7%a8%20%d7%91%d7%aa%d7%90%d7%a8%d7%99%d7%9a%2019-09-2016%5b%2fCOLOR%5d%0aBored%20and%20unhappy%20as%20the%20Lord%20of%20Hell%2c%20Lucifer%20Morningstar%20abandoned%20his%20throne%20and%20retired%20to%20Los%20Angeles%2c%20where%20he%20has%20teamed%20up%20with%20LAPD%20detective%20Chloe%20Decker%20to%20take%20down%20criminals.%c2%a0But%20the%20longer%20he%27s%20away%20from%20the%20underworld%2c%20the%20greater%20the%20threat%20that%20the%20worst%20of%20humanity%20could%20escape.&amp;eng_name=%20&amp;episode=%20&amp;fanart=https%3a%2f%2fimage.tmdb.org%2ft%2fp%2foriginal%2f%2fta5oblpMlEcIPIS2YGcq9XEkWK2.jpg&amp;fav_status=false&amp;heb_name=%d7%9c%d7%95%d7%a6%d7%99%d7%a4%d7%a8&amp;iconimage=https%3a%2f%2fimage.tmdb.org%2ft%2fp%2foriginal%2f%2fzfUp0LO9ZpleAZxwMrjQj0n4b3X.jpg&amp;id=63174&amp;image_master&amp;isr=0&amp;last_id&amp;mode=19&amp;name=%5bCOLOR%20white%5d%d7%a2%d7%95%d7%a0%d7%94%202%5b%2fCOLOR%5d&amp;original_title=Lucifer&amp;season=2&amp;show_original_year=2016&amp;tmdbid=295685&amp;url=https%3a%2f%2fapi.themoviedb.org%2f3%2ftv%2f63174%3fapi_key%3d34142515d9d23817496eeb4ff1d223d0%26language%3den%26append_to_response%3dexternal_ids&amp;video_data=%7b%22rating%22%3a%20%220%22%2c%20%22episode%22%3a%200%2c%20%22title%22%3a%20%22%5bCOLOR%20white%5d%5cu05e2%5cu05d5%5cu05e0%5cu05d4%202%5b%2fCOLOR%5d%22%2c%20%22season%22%3a%200%2c%20%22TVshowtitle%22%3a%20%22%22%2c%20%22mediatype%22%3a%20%22movie%22%2c%20%22plot%22%3a%20%22%5bCOLOR%20aqua%5d%20%5cu05e9%5cu05d5%5cu05d3%5cu05e8%20%5cu05d1%5cu05ea%5cu05d0%5cu05e8%5cu05d9%5cu05da%2019-09-2016%5b%2fCOLOR%5d%5cnBored%20and%20unhappy%20as%20the%20Lord%20of%20Hell%2c%20Lucifer%20Morningstar%20abandoned%20his%20throne%20and%20retired%20to%20Los%20Angeles%2c%20where%20he%20has%20teamed%20up%20with%20LAPD%20detective%20Chloe%20Decker%20to%20take%20down%20criminals.%5cu00a0But%20the%20longer%20he%27s%20away%20from%20the%20underworld%2c%20the%20greater%20the%20threat%20that%20the%20worst%20of%20humanity%20could%20escape.%22%2c%20%22OriginalTitle%22%3a%20%22Lucifer%22%2c%20%22Tag%22%3a%20%2216%22%2c%20%22year%22%3a%20%222016%22%7d&quot"/>
</include>
<include content="sessionfivecontent">
<param name="sessionfivecontentid" value="529"/>
<param name="tvshowname" value="לוציפר"/>
<param name="networkname" value="NETFLIX"/>
<param name="sessionfivecontent" value="plugin://plugin.video.mando/?all_w=%7b%7d&amp;data=2016&amp;dates=%20&amp;description=%5bCOLOR%20aqua%5d%20%d7%a9%d7%95%d7%93%d7%a8%20%d7%91%d7%aa%d7%90%d7%a8%d7%99%d7%9a%2019-09-2016%5b%2fCOLOR%5d%0aBored%20and%20unhappy%20as%20the%20Lord%20of%20Hell%2c%20Lucifer%20Morningstar%20abandoned%20his%20throne%20and%20retired%20to%20Los%20Angeles%2c%20where%20he%20has%20teamed%20up%20with%20LAPD%20detective%20Chloe%20Decker%20to%20take%20down%20criminals.%c2%a0But%20the%20longer%20he%27s%20away%20from%20the%20underworld%2c%20the%20greater%20the%20threat%20that%20the%20worst%20of%20humanity%20could%20escape.&amp;eng_name=%20&amp;episode=%20&amp;fanart=https%3a%2f%2fimage.tmdb.org%2ft%2fp%2foriginal%2f%2fta5oblpMlEcIPIS2YGcq9XEkWK2.jpg&amp;fav_status=false&amp;heb_name=%d7%9c%d7%95%d7%a6%d7%99%d7%a4%d7%a8&amp;iconimage=https%3a%2f%2fimage.tmdb.org%2ft%2fp%2foriginal%2f%2fzfUp0LO9ZpleAZxwMrjQj0n4b3X.jpg&amp;id=63174&amp;image_master&amp;isr=0&amp;last_id&amp;mode=19&amp;name=%5bCOLOR%20white%5d%d7%a2%d7%95%d7%a0%d7%94%202%5b%2fCOLOR%5d&amp;original_title=Lucifer&amp;season=2&amp;show_original_year=2016&amp;tmdbid=295685&amp;url=https%3a%2f%2fapi.themoviedb.org%2f3%2ftv%2f63174%3fapi_key%3d34142515d9d23817496eeb4ff1d223d0%26language%3den%26append_to_response%3dexternal_ids&amp;video_data=%7b%22rating%22%3a%20%220%22%2c%20%22episode%22%3a%200%2c%20%22title%22%3a%20%22%5bCOLOR%20white%5d%5cu05e2%5cu05d5%5cu05e0%5cu05d4%202%5b%2fCOLOR%5d%22%2c%20%22season%22%3a%200%2c%20%22TVshowtitle%22%3a%20%22%22%2c%20%22mediatype%22%3a%20%22movie%22%2c%20%22plot%22%3a%20%22%5bCOLOR%20aqua%5d%20%5cu05e9%5cu05d5%5cu05d3%5cu05e8%20%5cu05d1%5cu05ea%5cu05d0%5cu05e8%5cu05d9%5cu05da%2019-09-2016%5b%2fCOLOR%5d%5cnBored%20and%20unhappy%20as%20the%20Lord%20of%20Hell%2c%20Lucifer%20Morningstar%20abandoned%20his%20throne%20and%20retired%20to%20Los%20Angeles%2c%20where%20he%20has%20teamed%20up%20with%20LAPD%20detective%20Chloe%20Decker%20to%20take%20down%20criminals.%5cu00a0But%20the%20longer%20he%27s%20away%20from%20the%20underworld%2c%20the%20greater%20the%20threat%20that%20the%20worst%20of%20humanity%20could%20escape.%22%2c%20%22OriginalTitle%22%3a%20%22Lucifer%22%2c%20%22Tag%22%3a%20%2216%22%2c%20%22year%22%3a%20%222016%22%7d&quot"/>
</include>


<include content="epissodescontente">
<param name="episodeslistid" value="503"/>
<param name="tvshowname" value="חוק וסדר"/>
<param name="networkname" value="NETFLIX"/>
<param name="episodeslistcontent" value="plugin://plugin.video.mando/?all_w=%7b%7d&amp;data=2019&amp;dates=%20&amp;description=%5bCOLOR%20aqua%5d%20%d7%a9%d7%95%d7%93%d7%a8%20%d7%91%d7%aa%d7%90%d7%a8%d7%99%d7%9a%2026-09-2019%5b%2fCOLOR%5d%0aIn%20the%20criminal%20justice%20system%2c%20sexually-based%20offenses%20are%20considered%20especially%20heinous.%20In%20New%20York%20City%2c%20the%20dedicated%20detectives%20who%20investigate%20these%20vicious%20felonies%20are%20members%20of%20an%20elite%20squad%20known%20as%20the%20Special%20Victims%20Unit.%20These%20are%20their%20stories.&amp;eng_name=%20&amp;episode=%20&amp;fanart=https%3a%2f%2fimage.tmdb.org%2ft%2fp%2foriginal%2f%2fcD9PxbrdWYgL7MUpD9eOYuiSe2P.jpg&amp;fav_status=false&amp;heb_name=%d7%97%d7%95%d7%a7%20%d7%95%d7%a1%d7%93%d7%a8%3a%20%d7%9e%d7%93%d7%95%d7%a8%20%d7%9e%d7%99%d7%95%d7%97%d7%93&amp;iconimage=https%3a%2f%2fimage.tmdb.org%2ft%2fp%2foriginal%2f%2fePz8PmkoNyBNPAN3SuGg2GHWRtf.jpg&amp;id=2734&amp;image_master&amp;isr=0&amp;last_id&amp;mode=19&amp;name=%5bCOLOR%20white%5d%d7%a2%d7%95%d7%a0%d7%94%2021%5b%2fCOLOR%5d&amp;original_title=Law%20%26%20Order%3a%20Special%20Victims%20Unit&amp;season=21&amp;show_original_year=1999&amp;tmdbid=75692&amp;url=https%3a%2f%2fapi.themoviedb.org%2f3%2ftv%2f2734%3fapi_key%3d34142515d9d23817496eeb4ff1d223d0%26language%3den%26append_to_response%3dexternal_ids&amp;video_data=%7b%22rating%22%3a%20%220%22%2c%20%22episode%22%3a%200%2c%20%22title%22%3a%20%22%5bCOLOR%20white%5d%5cu05e2%5cu05d5%5cu05e0%5cu05d4%2021%5b%2fCOLOR%5d%22%2c%20%22season%22%3a%200%2c%20%22TVshowtitle%22%3a%20%22%22%2c%20%22mediatype%22%3a%20%22movie%22%2c%20%22plot%22%3a%20%22%5bCOLOR%20aqua%5d%20%5cu05e9%5cu05d5%5cu05d3%5cu05e8%20%5cu05d1%5cu05ea%5cu05d0%5cu05e8%5cu05d9%5cu05da%2026-09-2019%5b%2fCOLOR%5d%5cnIn%20the%20criminal%20justice%20system%2c%20sexually-based%20offenses%20are%20considered%20especially%20heinous.%20In%20New%20York%20City%2c%20the%20dedicated%20detectives%20who%20investigate%20these%20vicious%20felonies%20are%20members%20of%20an%20elite%20squad%20known%20as%20the%20Special%20Victims%20Unit.%20These%20are%20their%20stories.%22%2c%20%22OriginalTitle%22%3a%20%22Law%20%26%20Order%3a%20Special%20Victims%20Unit%22%2c%20%22Tag%22%3a%20%2216%22%2c%20%22year%22%3a%20%222019%22%7d&quot"/>
</include>
<include content="sessiontwocontent">
<param name="sessiontwocontentid" value="504"/>
<param name="tvshowname" value="חוק וסדר"/>
<param name="networkname" value="NETFLIX"/>
<param name="sessiontwocontent" value="plugin://plugin.video.mando/?all_w=%7b%7d&amp;data=2018&amp;dates=%20&amp;description=%5bCOLOR%20aqua%5d%20%d7%a9%d7%95%d7%93%d7%a8%20%d7%91%d7%aa%d7%90%d7%a8%d7%99%d7%9a%2027-09-2018%5b%2fCOLOR%5d%0aIn%20the%20criminal%20justice%20system%2c%20sexually-based%20offenses%20are%20considered%20especially%20heinous.%20In%20New%20York%20City%2c%20the%20dedicated%20detectives%20who%20investigate%20these%20vicious%20felonies%20are%20members%20of%20an%20elite%20squad%20known%20as%20the%20Special%20Victims%20Unit.%20These%20are%20their%20stories.&amp;eng_name=%20&amp;episode=%20&amp;fanart=https%3a%2f%2fimage.tmdb.org%2ft%2fp%2foriginal%2f%2fcD9PxbrdWYgL7MUpD9eOYuiSe2P.jpg&amp;fav_status=false&amp;heb_name=%d7%97%d7%95%d7%a7%20%d7%95%d7%a1%d7%93%d7%a8%3a%20%d7%9e%d7%93%d7%95%d7%a8%20%d7%9e%d7%99%d7%95%d7%97%d7%93&amp;iconimage=https%3a%2f%2fimage.tmdb.org%2ft%2fp%2foriginal%2f%2fyb8dhag59L0JKAVh1Yz1i1MJW4f.jpg&amp;id=2734&amp;image_master&amp;isr=0&amp;last_id&amp;mode=19&amp;name=%5bCOLOR%20white%5d%d7%a2%d7%95%d7%a0%d7%94%2020%5b%2fCOLOR%5d&amp;original_title=Law%20%26%20Order%3a%20Special%20Victims%20Unit&amp;season=20&amp;show_original_year=1999&amp;tmdbid=75692&amp;url=https%3a%2f%2fapi.themoviedb.org%2f3%2ftv%2f2734%3fapi_key%3d34142515d9d23817496eeb4ff1d223d0%26language%3den%26append_to_response%3dexternal_ids&amp;video_data=%7b%22rating%22%3a%20%220%22%2c%20%22episode%22%3a%200%2c%20%22title%22%3a%20%22%5bCOLOR%20white%5d%5cu05e2%5cu05d5%5cu05e0%5cu05d4%2020%5b%2fCOLOR%5d%22%2c%20%22season%22%3a%200%2c%20%22TVshowtitle%22%3a%20%22%22%2c%20%22mediatype%22%3a%20%22movie%22%2c%20%22plot%22%3a%20%22%5bCOLOR%20aqua%5d%20%5cu05e9%5cu05d5%5cu05d3%5cu05e8%20%5cu05d1%5cu05ea%5cu05d0%5cu05e8%5cu05d9%5cu05da%2027-09-2018%5b%2fCOLOR%5d%5cnIn%20the%20criminal%20justice%20system%2c%20sexually-based%20offenses%20are%20considered%20especially%20heinous.%20In%20New%20York%20City%2c%20the%20dedicated%20detectives%20who%20investigate%20these%20vicious%20felonies%20are%20members%20of%20an%20elite%20squad%20known%20as%20the%20Special%20Victims%20Unit.%20These%20are%20their%20stories.%22%2c%20%22OriginalTitle%22%3a%20%22Law%20%26%20Order%3a%20Special%20Victims%20Unit%22%2c%20%22Tag%22%3a%20%2216%22%2c%20%22year%22%3a%20%222018%22%7d&quot"/>
</include>
<include content="sessionthreecontent">
<param name="sessionthreecontentid" value="505"/>
<param name="tvshowname" value="חוק וסדר"/>
<param name="networkname" value="NETFLIX"/>
<param name="sessionthreecontent" value="plugin://plugin.video.mando/?all_w=%7b%7d&amp;data=2017&amp;dates=%20&amp;description=%5bCOLOR%20aqua%5d%20%d7%a9%d7%95%d7%93%d7%a8%20%d7%91%d7%aa%d7%90%d7%a8%d7%99%d7%9a%2027-09-2017%5b%2fCOLOR%5d%0aIn%20the%20criminal%20justice%20system%2c%20sexually-based%20offenses%20are%20considered%20especially%20heinous.%20In%20New%20York%20City%2c%20the%20dedicated%20detectives%20who%20investigate%20these%20vicious%20felonies%20are%20members%20of%20an%20elite%20squad%20known%20as%20the%20Special%20Victims%20Unit.%20These%20are%20their%20stories.&amp;eng_name=%20&amp;episode=%20&amp;fanart=https%3a%2f%2fimage.tmdb.org%2ft%2fp%2foriginal%2f%2fcD9PxbrdWYgL7MUpD9eOYuiSe2P.jpg&amp;fav_status=false&amp;heb_name=%d7%97%d7%95%d7%a7%20%d7%95%d7%a1%d7%93%d7%a8%3a%20%d7%9e%d7%93%d7%95%d7%a8%20%d7%9e%d7%99%d7%95%d7%97%d7%93&amp;iconimage=https%3a%2f%2fimage.tmdb.org%2ft%2fp%2foriginal%2f%2fyzMQBlirydvKp4Zgr5FbXlsrRmw.jpg&amp;id=2734&amp;image_master&amp;isr=0&amp;last_id&amp;mode=19&amp;name=%5bCOLOR%20white%5d%d7%a2%d7%95%d7%a0%d7%94%2019%5b%2fCOLOR%5d&amp;original_title=Law%20%26%20Order%3a%20Special%20Victims%20Unit&amp;season=19&amp;show_original_year=1999&amp;tmdbid=75692&amp;url=https%3a%2f%2fapi.themoviedb.org%2f3%2ftv%2f2734%3fapi_key%3d34142515d9d23817496eeb4ff1d223d0%26language%3den%26append_to_response%3dexternal_ids&amp;video_data=%7b%22rating%22%3a%20%220%22%2c%20%22episode%22%3a%200%2c%20%22title%22%3a%20%22%5bCOLOR%20white%5d%5cu05e2%5cu05d5%5cu05e0%5cu05d4%2019%5b%2fCOLOR%5d%22%2c%20%22season%22%3a%200%2c%20%22TVshowtitle%22%3a%20%22%22%2c%20%22mediatype%22%3a%20%22movie%22%2c%20%22plot%22%3a%20%22%5bCOLOR%20aqua%5d%20%5cu05e9%5cu05d5%5cu05d3%5cu05e8%20%5cu05d1%5cu05ea%5cu05d0%5cu05e8%5cu05d9%5cu05da%2027-09-2017%5b%2fCOLOR%5d%5cnIn%20the%20criminal%20justice%20system%2c%20sexually-based%20offenses%20are%20considered%20especially%20heinous.%20In%20New%20York%20City%2c%20the%20dedicated%20detectives%20who%20investigate%20these%20vicious%20felonies%20are%20members%20of%20an%20elite%20squad%20known%20as%20the%20Special%20Victims%20Unit.%20These%20are%20their%20stories.%22%2c%20%22OriginalTitle%22%3a%20%22Law%20%26%20Order%3a%20Special%20Victims%20Unit%22%2c%20%22Tag%22%3a%20%2216%22%2c%20%22year%22%3a%20%222017%22%7d&quot"/>
</include>
<include content="sessionfourcontent">
<param name="sessionfourcontentid" value="510"/>
<param name="tvshowname" value="חוק וסדר"/>
<param name="networkname" value="NETFLIX"/>
<param name="sessionfourcontent" value="plugin://plugin.video.mando/?all_w=%7b%7d&amp;data=2016&amp;dates=%20&amp;description=%5bCOLOR%20aqua%5d%20%d7%a9%d7%95%d7%93%d7%a8%20%d7%91%d7%aa%d7%90%d7%a8%d7%99%d7%9a%2019-09-2016%5b%2fCOLOR%5d%0aBored%20and%20unhappy%20as%20the%20Lord%20of%20Hell%2c%20Lucifer%20Morningstar%20abandoned%20his%20throne%20and%20retired%20to%20Los%20Angeles%2c%20where%20he%20has%20teamed%20up%20with%20LAPD%20detective%20Chloe%20Decker%20to%20take%20down%20criminals.%c2%a0But%20the%20longer%20he%27s%20away%20from%20the%20underworld%2c%20the%20greater%20the%20threat%20that%20the%20worst%20of%20humanity%20could%20escape.&amp;eng_name=%20&amp;episode=%20&amp;fanart=https%3a%2f%2fimage.tmdb.org%2ft%2fp%2foriginal%2f%2fta5oblpMlEcIPIS2YGcq9XEkWK2.jpg&amp;fav_status=false&amp;heb_name=%d7%9c%d7%95%d7%a6%d7%99%d7%a4%d7%a8&amp;iconimage=https%3a%2f%2fimage.tmdb.org%2ft%2fp%2foriginal%2f%2fzfUp0LO9ZpleAZxwMrjQj0n4b3X.jpg&amp;id=63174&amp;image_master&amp;isr=0&amp;last_id&amp;mode=19&amp;name=%5bCOLOR%20white%5d%d7%a2%d7%95%d7%a0%d7%94%202%5b%2fCOLOR%5d&amp;original_title=Lucifer&amp;season=2&amp;show_original_year=2016&amp;tmdbid=295685&amp;url=https%3a%2f%2fapi.themoviedb.org%2f3%2ftv%2f63174%3fapi_key%3d34142515d9d23817496eeb4ff1d223d0%26language%3den%26append_to_response%3dexternal_ids&amp;video_data=%7b%22rating%22%3a%20%220%22%2c%20%22episode%22%3a%200%2c%20%22title%22%3a%20%22%5bCOLOR%20white%5d%5cu05e2%5cu05d5%5cu05e0%5cu05d4%202%5b%2fCOLOR%5d%22%2c%20%22season%22%3a%200%2c%20%22TVshowtitle%22%3a%20%22%22%2c%20%22mediatype%22%3a%20%22movie%22%2c%20%22plot%22%3a%20%22%5bCOLOR%20aqua%5d%20%5cu05e9%5cu05d5%5cu05d3%5cu05e8%20%5cu05d1%5cu05ea%5cu05d0%5cu05e8%5cu05d9%5cu05da%2019-09-2016%5b%2fCOLOR%5d%5cnBored%20and%20unhappy%20as%20the%20Lord%20of%20Hell%2c%20Lucifer%20Morningstar%20abandoned%20his%20throne%20and%20retired%20to%20Los%20Angeles%2c%20where%20he%20has%20teamed%20up%20with%20LAPD%20detective%20Chloe%20Decker%20to%20take%20down%20criminals.%5cu00a0But%20the%20longer%20he%27s%20away%20from%20the%20underworld%2c%20the%20greater%20the%20threat%20that%20the%20worst%20of%20humanity%20could%20escape.%22%2c%20%22OriginalTitle%22%3a%20%22Lucifer%22%2c%20%22Tag%22%3a%20%2216%22%2c%20%22year%22%3a%20%222016%22%7d&quot"/>
</include>

<!--
<include content="epissodescontente">
<param name="episodeslistid" value="503"/>
<param name="tvshowname" value=""/>
<param name="networkname" value="UNKNOWN"/>
<param name="episodeslistcontent" value=""/>
</include>
<include content="sessiontwocontent">
<param name="sessiontwocontentid" value="504"/>
<param name="tvshowname" value=""/>
<param name="networkname" value="UNKNOWN"/>
<param name="sessiontwocontent" value=""/>
</include>
<include content="sessionthreecontent">
<param name="sessionthreecontentid" value="505"/>
<param name="tvshowname" value=""/>
<param name="networkname" value="UNKNOWN"/>
<param name="sessionthreecontent" value=""/>
</include>
<include content="sessionfourcontent">
<param name="sessionfourcontentid" value="510"/>
<param name="tvshowname" value=""/>
<param name="networkname" value="UNKNOWN"/>
<param name="sessionfourcontent" value=""/>
</include>
-->

</controls>
</window>
