<?xml version="1.0" encoding="UTF-8"?>
<!-- Foundation -->
<window id="6909" type="dialog">
    <defaultcontrol always="true">5</defaultcontrol>


<controls>

<control type="image">
<posx>0</posx>
<posy>0</posy>
<width>fsw</width>
<height>fsh</height>
<texture>special://skin/extras/specialbuttons/background.jpg</texture>
</control>

<control type="multiimage">
<posx>0</posx>
<posy>0</posy>
<width>fsw</width>
<height>fsh</height>
<fadetime>350</fadetime>
<imagepath>$INFO[Container(5).ListItem.Art(fanart)]</imagepath>
</control>

<control type="image">
<posx>-100</posx>
<posy>300</posy>
<width>2200</width>
<height>580</height>
<texture>special://skin/extras/common/context_middle.png</texture>
</control>

<control type="image">
<posx>-100</posx>
<posy>50</posy>
<width>2200</width>
<height>250</height>
<texture>special://skin/extras/common/context_middle.png</texture>
</control>

<control type="image">
<posx>-100</posx>
<posy>0</posy>
<width>2200</width>
<height>50</height>
<texture>special://skin/extras/common/context_middle.png</texture>
</control>

<control type="group">
<control type="label">
<posx>35</posx>
<posy>300</posy>
<width>500</width>
<height>40</height>
<align>center</align>
<font>font-21-newrecommnded</font>
<label>$INFO[Container(5).ListItem.Label]</label>
</control>

<control type="label">
<posx>200</posx>
<posy>380</posy>
<width>250</width>
<height>40</height>
<textcolor>burlywood</textcolor>
<label>[B]תקציר סדרה:[/B]</label>
</control>

</control>

<control type="label">
<posx>1505</posx>
<posy>700</posy>
<width>250</width>
<height>40</height>
<align>right</align>
<label>[COLOR cyan]$INFO[Container(5).NumItems][/COLOR] [COLOR white]כמות סדרות:[/COLOR]</label>
</control>

<control type="image">
<visible>!Integer.IsGreater(Container(5).NumItems,0)</visible>
<posx>800</posx>
<posy>500</posy>
<width>120</width>
<height>120</height>
<texture>special://skin/extras/specialbuttons/loading.gif</texture>
</control>


<control type="multiimage">
<centerleft>90%</centerleft>
<posy>330</posy>
<width>350</width>
<height>520</height>
<fadetime>350</fadetime>
<imagepath>$INFO[Container(5).ListItem.Thumb]</imagepath>
</control>

<control type="textbox">
<posx>0</posx>
<posy>470</posy>
<width>500</width>
<height>320</height>
<align>right</align>
<autoscroll fade="2550" time="3000" repeat="4000"></autoscroll>
<label>$INFO[Container(5).ListItem.Plot]</label>
</control>


<include content="basetvshowcontent">
<param name="basetvshowid" value="5"/>
<param name="basetvshowcontnet" value="plugin://plugin.audio.My.Music/?cat_level=%20&amp;count=0&amp;description=%5bB%5d%5bCOLOR%20burlywood%5d%20%d7%a9.%d7%a7%20%5b%2fCOLOR%5d%5b%2fB%5d&amp;fanart=https%3a%2f%2ffunender.com%2fwp-content%2fuploads%2f2017%2f11%2fTop-10-Box-Office-Weekend-Movies-Report-October-27-29-2017.jpg&amp;iconimage=http%3a%2f%2fngarba.xyz%2fadds%2fyos%2fphoto10.jpg&amp;index_depth=0&amp;lang=eng&amp;mode=5&amp;name=tvshow-food&amp;page&amp;selected_list=%20&amp;url=%d7%a1%d7%93%d7%a8%d7%95%d7%aatvshow-newdesigntvshow-food&quot"/>
</include>

<include content="sessionone">
<param name="seesionone" value="500"/>
<param name="labelname" value="נשנושי לילה מתוקים"/>
<param name="network" value="[COLOR red](UNKNOWN)[/COLOR]"/>
<param name="baseepisodidcontent" value="plugin://plugin.video.mando/?all_w=%7b%7d&amp;data=2020&amp;dates=%20&amp;description=%5bCOLOR%20aqua%5d%20%d7%a9%d7%95%d7%93%d7%a8%20%d7%91%d7%aa%d7%90%d7%a8%d7%99%d7%9a%2025-05-2020%5b%2fCOLOR%5d%0aPark%20Jin%20Sung%20runs%20an%20odd%20little%20late-night%20restaurant%20where%20customers%20only%20choose%20which%20drinks%20they%20want%20and%20their%20appetizers%20are%20chosen%20by%20Park%2c%20who%20customizes%20the%20dishes%20to%20match%20their%20drinks.%20His%20goal%20is%20to%20provide%20diners%20with%20warmth%20and%20comfort%20through%20delicious%20food%20and%20excellent%20customer%20service.%20Seeing%20customers%20enjoy%20their%20food%20also%20gives%20him%20a%20great%20measure%20of%20happiness.%20At%20the%20urging%20of%20one%20of%20his%20regular%20customers%2c%20Park%20becomes%20the%20host%20of%20a%20new%20variety%20show%20called%20Midnight%20Snack%20Couple%2c%20which%20shoots%20him%20to%20popularity%20and%20fame.%0a%0aRegular%20customer%20Kim%20Ah%20Jin%20is%20a%20passionate%20PD.%20She%20usually%20has%20a%20smile%20on%20her%20face%20and%20always%20looks%20on%20the%20bright%20side.%20Her%20optimism%20is%20only%20matched%20by%20her%20love%20of%20food%20and%20drinking.%20After%20working%20hard%20as%20a%20crew%20member%20in%20production%20teams%20for%20many%20years%2c%20she%20finally%20gets%20her%20break%20as%20a%20PD%20when%20she%20convinces%20Park%20Jin%20Sung%20to%20become%20the%20host%20of%20her%20TV%20show.&amp;eng_name=%20&amp;episode=%20&amp;fanart=https%3a%2f%2fimage.tmdb.org%2ft%2fp%2foriginal%2f%2f9302AuPxlc7PffJWfZdtX4qr0rq.jpg&amp;fav_status=false&amp;heb_name=%ec%95%bc%ec%8b%9d%eb%82%a8%eb%85%80&amp;iconimage=https%3a%2f%2fimage.tmdb.org%2ft%2fp%2foriginal%2f%2fuG3BucXwT06i2srb9T6gleWwjZo.jpg&amp;id=99493&amp;image_master&amp;isr=0&amp;last_id&amp;mode=19&amp;name=%5bCOLOR%20white%5d%d7%a2%d7%95%d7%a0%d7%94%201%5b%2fCOLOR%5d&amp;original_title=Sweet%20Munchies&amp;season=1&amp;show_original_year=2020&amp;tmdbid=380702&amp;url=https%3a%2f%2fapi.themoviedb.org%2f3%2ftv%2f99493%3fapi_key%3d34142515d9d23817496eeb4ff1d223d0%26language%3den%26append_to_response%3dexternal_ids&amp;video_data=%7b%22rating%22%3a%20%220%22%2c%20%22episode%22%3a%200%2c%20%22title%22%3a%20%22%5bCOLOR%20white%5d%5cu05e2%5cu05d5%5cu05e0%5cu05d4%201%5b%2fCOLOR%5d%22%2c%20%22season%22%3a%200%2c%20%22TVshowtitle%22%3a%20%22%22%2c%20%22mediatype%22%3a%20%22movie%22%2c%20%22plot%22%3a%20%22%5bCOLOR%20aqua%5d%20%5cu05e9%5cu05d5%5cu05d3%5cu05e8%20%5cu05d1%5cu05ea%5cu05d0%5cu05e8%5cu05d9%5cu05da%2025-05-2020%5b%2fCOLOR%5d%5cnPark%20Jin%20Sung%20runs%20an%20odd%20little%20late-night%20restaurant%20where%20customers%20only%20choose%20which%20drinks%20they%20want%20and%20their%20appetizers%20are%20chosen%20by%20Park%2c%20who%20customizes%20the%20dishes%20to%20match%20their%20drinks.%20His%20goal%20is%20to%20provide%20diners%20with%20warmth%20and%20comfort%20through%20delicious%20food%20and%20excellent%20customer%20service.%20Seeing%20customers%20enjoy%20their%20food%20also%20gives%20him%20a%20great%20measure%20of%20happiness.%20At%20the%20urging%20of%20one%20of%20his%20regular%20customers%2c%20Park%20becomes%20the%20host%20of%20a%20new%20variety%20show%20called%20Midnight%20Snack%20Couple%2c%20which%20shoots%20him%20to%20popularity%20and%20fame.%5cn%5cnRegular%20customer%20Kim%20Ah%20Jin%20is%20a%20passionate%20PD.%20She%20usually%20has%20a%20smile%20on%20her%20face%20and%20always%20looks%20on%20the%20bright%20side.%20Her%20optimism%20is%20only%20matched%20by%20her%20love%20of%20food%20and%20drinking.%20After%20working%20hard%20as%20a%20crew%20member%20in%20production%20teams%20for%20many%20years%2c%20she%20finally%20gets%20her%20break%20as%20a%20PD%20when%20she%20convinces%20Park%20Jin%20Sung%20to%20become%20the%20host%20of%20her%20TV%20show.%22%2c%20%22OriginalTitle%22%3a%20%22Sweet%20Munchies%22%2c%20%22Tag%22%3a%20%2216%22%2c%20%22year%22%3a%20%222020%22%7d&quot"/>
</include>

<include content="sessionone">
<param name="seesionone" value="501"/>
<param name="labelname" value="גורדון רמזי מבשל הרפתקה"/>
<param name="network" value="[COLOR red](UNKNOWN)[/COLOR]"/>
<param name="baseepisodidcontent" value="plugin://plugin.video.mando/?all_w=%7b%7d&amp;data=2019&amp;dates=%20&amp;description=%5bCOLOR%20aqua%5d%20%d7%a9%d7%95%d7%93%d7%a8%20%d7%91%d7%aa%d7%90%d7%a8%d7%99%d7%9a%2021-07-2019%5b%2fCOLOR%5d%0aFollow%20Gordon%20Ramsay%20as%20he%20meets%20with%20indigenous%20people%20around%20the%20globe%20to%20learn%20about%20the%20cultures%2c%20dishes%20and%20flavors%20unique%20to%20each%20location.%20Each%20episode%20concludes%20with%20Ramsay%20challenging%20himself%20with%20a%20local%20food%20legend%20by%20his%20side%20-%20putting%20his%20newfound%20skills%20to%20the%20test%20as%20they%20cook%20a%20feast%20together%20for%20the%20natives.&amp;eng_name=%20&amp;episode=%20&amp;fanart=https%3a%2f%2fimage.tmdb.org%2ft%2fp%2foriginal%2f%2f78jm0DTfEu8EBGo3Lsok3I8Nd1b.jpg&amp;fav_status=false&amp;heb_name=%d7%92%d7%95%d7%a8%d7%93%d7%95%d7%9f%20%d7%a8%d7%9e%d7%96%d7%99%20%d7%9e%d7%91%d7%a9%d7%9c%20%d7%94%d7%a8%d7%a4%d7%aa%d7%a7%d7%94&amp;iconimage=https%3a%2f%2fimage.tmdb.org%2ft%2fp%2foriginal%2f%2fnQX2UKdL8uzQy3vYH7RrK3drWup.jpg&amp;id=91405&amp;image_master&amp;isr=0&amp;last_id&amp;mode=19&amp;name=%5bCOLOR%20white%5d%d7%a2%d7%95%d7%a0%d7%94%201%5b%2fCOLOR%5d&amp;original_title=Gordon%20Ramsay%3a%20Uncharted&amp;season=1&amp;show_original_year=2019&amp;tmdbid=365920&amp;url=https%3a%2f%2fapi.themoviedb.org%2f3%2ftv%2f91405%3fapi_key%3d34142515d9d23817496eeb4ff1d223d0%26language%3den%26append_to_response%3dexternal_ids&amp;video_data=%7b%22rating%22%3a%20%220%22%2c%20%22episode%22%3a%200%2c%20%22title%22%3a%20%22%5bCOLOR%20white%5d%5cu05e2%5cu05d5%5cu05e0%5cu05d4%201%5b%2fCOLOR%5d%22%2c%20%22season%22%3a%200%2c%20%22TVshowtitle%22%3a%20%22%22%2c%20%22mediatype%22%3a%20%22movie%22%2c%20%22plot%22%3a%20%22%5bCOLOR%20aqua%5d%20%5cu05e9%5cu05d5%5cu05d3%5cu05e8%20%5cu05d1%5cu05ea%5cu05d0%5cu05e8%5cu05d9%5cu05da%2021-07-2019%5b%2fCOLOR%5d%5cnFollow%20Gordon%20Ramsay%20as%20he%20meets%20with%20indigenous%20people%20around%20the%20globe%20to%20learn%20about%20the%20cultures%2c%20dishes%20and%20flavors%20unique%20to%20each%20location.%20Each%20episode%20concludes%20with%20Ramsay%20challenging%20himself%20with%20a%20local%20food%20legend%20by%20his%20side%20-%20putting%20his%20newfound%20skills%20to%20the%20test%20as%20they%20cook%20a%20feast%20together%20for%20the%20natives.%22%2c%20%22OriginalTitle%22%3a%20%22Gordon%20Ramsay%3a%20Uncharted%22%2c%20%22Tag%22%3a%20%2216%22%2c%20%22year%22%3a%20%222019%22%7d&quot"/>
</include>

<include content="sessionone">
<param name="seesionone" value="502"/>
<param name="labelname" value="מכוער וטעים"/>
<param name="network" value="[COLOR red](UNKNOWN)[/COLOR]"/>
<param name="baseepisodidcontent" value="plugin://plugin.video.mando/?all_w=%7b%7d&amp;data=2018&amp;dates=%20&amp;description=%5bCOLOR%20aqua%5d%20%d7%a9%d7%95%d7%93%d7%a8%20%d7%91%d7%aa%d7%90%d7%a8%d7%99%d7%9a%2023-02-2018%5b%2fCOLOR%5d%0aStar%20chef%20David%20Chang%20leads%20friends%20on%20a%20mouthwatering%2c%20cross-cultural%20hunt%20for%20the%20world%27s%20most%20satisfying%20grub.%20All%20the%20flavor.%20None%20of%20the%20BS.&amp;eng_name=%20&amp;episode=%20&amp;fanart=https%3a%2f%2fimage.tmdb.org%2ft%2fp%2foriginal%2f%2fm01WDPSfuILqVW5niJ411vKGBgX.jpg&amp;fav_status=false&amp;heb_name=%d7%9e%d7%9b%d7%95%d7%a2%d7%a8%20%d7%95%d7%98%d7%a2%d7%99%d7%9d&amp;iconimage=https%3a%2f%2fimage.tmdb.org%2ft%2fp%2foriginal%2f%2fgjnjLomnOaLSk5q2E5W8KQKTJoq.jpg&amp;id=77416&amp;image_master&amp;isr=0&amp;last_id&amp;mode=19&amp;name=%5bCOLOR%20white%5d%d7%a2%d7%95%d7%a0%d7%94%201%5b%2fCOLOR%5d&amp;original_title=Ugly%20Delicious&amp;season=1&amp;show_original_year=2018&amp;tmdbid=341573&amp;url=https%3a%2f%2fapi.themoviedb.org%2f3%2ftv%2f77416%3fapi_key%3d34142515d9d23817496eeb4ff1d223d0%26language%3den%26append_to_response%3dexternal_ids&amp;video_data=%7b%22rating%22%3a%20%220%22%2c%20%22episode%22%3a%200%2c%20%22title%22%3a%20%22%5bCOLOR%20white%5d%5cu05e2%5cu05d5%5cu05e0%5cu05d4%201%5b%2fCOLOR%5d%22%2c%20%22season%22%3a%200%2c%20%22TVshowtitle%22%3a%20%22%22%2c%20%22mediatype%22%3a%20%22movie%22%2c%20%22plot%22%3a%20%22%5bCOLOR%20aqua%5d%20%5cu05e9%5cu05d5%5cu05d3%5cu05e8%20%5cu05d1%5cu05ea%5cu05d0%5cu05e8%5cu05d9%5cu05da%2023-02-2018%5b%2fCOLOR%5d%5cnStar%20chef%20David%20Chang%20leads%20friends%20on%20a%20mouthwatering%2c%20cross-cultural%20hunt%20for%20the%20world%27s%20most%20satisfying%20grub.%20All%20the%20flavor.%20None%20of%20the%20BS.%22%2c%20%22OriginalTitle%22%3a%20%22Ugly%20Delicious%22%2c%20%22Tag%22%3a%20%2216%22%2c%20%22year%22%3a%20%222018%22%7d&quot"/>
</include>
<include content="sessiontwo">
<param name="sessiontwo" value="503"/>
<param name="labelname" value="מכוער וטעים"/>
<param name="network" value="[COLOR red](UNKNOWN)[/COLOR]"/>
<param name="baseepisodidcontent" value="plugin://plugin.video.mando/?all_w=%7b%7d&amp;data=2020&amp;dates=%20&amp;description=%5bCOLOR%20aqua%5d%20%d7%a9%d7%95%d7%93%d7%a8%20%d7%91%d7%aa%d7%90%d7%a8%d7%99%d7%9a%2006-03-2020%5b%2fCOLOR%5d%0aStar%20chef%20David%20Chang%20leads%20friends%20on%20a%20mouthwatering%2c%20cross-cultural%20hunt%20for%20the%20world%27s%20most%20satisfying%20grub.%20All%20the%20flavor.%20None%20of%20the%20BS.&amp;eng_name=%20&amp;episode=%20&amp;fanart=https%3a%2f%2fimage.tmdb.org%2ft%2fp%2foriginal%2f%2fm01WDPSfuILqVW5niJ411vKGBgX.jpg&amp;fav_status=false&amp;heb_name=%d7%9e%d7%9b%d7%95%d7%a2%d7%a8%20%d7%95%d7%98%d7%a2%d7%99%d7%9d&amp;iconimage=https%3a%2f%2fimage.tmdb.org%2ft%2fp%2foriginal%2f%2fpGUDBXAh3GNPVkMK0nH0abx1zOd.jpg&amp;id=77416&amp;image_master&amp;isr=0&amp;last_id&amp;mode=19&amp;name=%5bCOLOR%20white%5d%d7%a2%d7%95%d7%a0%d7%94%202%5b%2fCOLOR%5d&amp;original_title=Ugly%20Delicious&amp;season=2&amp;show_original_year=2018&amp;tmdbid=341573&amp;url=https%3a%2f%2fapi.themoviedb.org%2f3%2ftv%2f77416%3fapi_key%3d34142515d9d23817496eeb4ff1d223d0%26language%3den%26append_to_response%3dexternal_ids&amp;video_data=%7b%22rating%22%3a%20%220%22%2c%20%22episode%22%3a%200%2c%20%22title%22%3a%20%22%5bCOLOR%20white%5d%5cu05e2%5cu05d5%5cu05e0%5cu05d4%202%5b%2fCOLOR%5d%22%2c%20%22season%22%3a%200%2c%20%22TVshowtitle%22%3a%20%22%22%2c%20%22mediatype%22%3a%20%22movie%22%2c%20%22plot%22%3a%20%22%5bCOLOR%20aqua%5d%20%5cu05e9%5cu05d5%5cu05d3%5cu05e8%20%5cu05d1%5cu05ea%5cu05d0%5cu05e8%5cu05d9%5cu05da%2006-03-2020%5b%2fCOLOR%5d%5cnStar%20chef%20David%20Chang%20leads%20friends%20on%20a%20mouthwatering%2c%20cross-cultural%20hunt%20for%20the%20world%27s%20most%20satisfying%20grub.%20All%20the%20flavor.%20None%20of%20the%20BS.%22%2c%20%22OriginalTitle%22%3a%20%22Ugly%20Delicious%22%2c%20%22Tag%22%3a%20%2216%22%2c%20%22year%22%3a%20%222020%22%7d&quot"/>
</include>

<include content="sessionone">
<param name="seesionone" value="504"/>
<param name="labelname" value="ארוחה למיליונרים"/>
<param name="network" value="[COLOR red](UNKNOWN)[/COLOR]"/>
<param name="baseepisodidcontent" value="plugin://plugin.video.sdarot.tv/season/4133/1/%D7%90%D7%A8%D7%95%D7%97%D7%94+%D7%9C%D7%9E%D7%99%D7%9C%D7%99%D7%95%D7%A0%D7%A8%D7%99%D7%9D/Million+Pound+Menu&quot"/>
</include>
<include content="sessiontwo">
<param name="sessiontwo" value="505"/>
<param name="labelname" value="ארוחה למיליונרים"/>
<param name="network" value="[COLOR red](UNKNOWN)[/COLOR]"/>
<param name="baseepisodidcontent" value="plugin://plugin.video.sdarot.tv/season/4133/2/%D7%90%D7%A8%D7%95%D7%97%D7%94+%D7%9C%D7%9E%D7%99%D7%9C%D7%99%D7%95%D7%A0%D7%A8%D7%99%D7%9D/Million+Pound+Menu&quot"/>
</include>

<include content="sessionone">
<param name="seesionone" value="506"/>
<param name="labelname" value="שעות לגיהנום ובחזרה"/>
<param name="network" value="[COLOR red](UNKNOWN)[/COLOR]"/>
<param name="baseepisodidcontent" value="plugin://plugin.video.sdarot.tv/season/5191/1/24+%D7%A9%D7%A2%D7%95%D7%AA+%D7%9C%D7%92%D7%99%D7%94%D7%A0%D7%95%D7%9D+%D7%95%D7%91%D7%97%D7%96%D7%A8%D7%94/24+Hours+to+Hell+and+Back&quot"/>
</include>
<include content="sessiontwo">
<param name="sessiontwo" value="507"/>
<param name="labelname" value="שעות לגיהנום ובחזרה"/>
<param name="network" value="[COLOR red](UNKNOWN)[/COLOR]"/>
<param name="baseepisodidcontent" value="plugin://plugin.video.sdarot.tv/season/5191/2/24+%D7%A9%D7%A2%D7%95%D7%AA+%D7%9C%D7%92%D7%99%D7%94%D7%A0%D7%95%D7%9D+%D7%95%D7%91%D7%97%D7%96%D7%A8%D7%94/24+Hours+to+Hell+and+Back&quot"/>
</include>

<!--
<include content="sessionone">
<param name="seesionone" value="508"/>
<param name="labelname" value="ית של רייבן"/>
<param name="network" value="[COLOR red](UNKNOWN)[/COLOR]"/>
<param name="baseepisodidcontent" value=""/>
</include>

<include content="sessiontwo">
<param name="sessiontwo" value="509"/>
<param name="labelname" value="הבית של רייבן"/>
<param name="network" value="[COLOR red](UNKNOWN)[/COLOR]"/>
<param name="baseepisodidcontent" value=""/>
</include>

<include content="sessionthree">
<param name="sessionthree" value="510"/>
<param name="labelname" value="הבית של רייבן"/>
<param name="network" value="[COLOR red](NETFLIX)[/COLOR]"/>
<param name="baseepisodidcontent" value=""/>
</include>
-->


</controls>
</window>
