<?xml version="1.0" encoding="UTF-8"?>
<!-- Foundation -->
<window id="6900" type="dialog">
    <defaultcontrol always="true">5</defaultcontrol>
    	<onload>ClearProperty(quicknavsetup,home)</onload>
		<onload>Dialog.Close(6671)</onload>
		<onload>Dialog.Close(6675)</onload>
		<onunload>ClearProperty(quicknavsetup,home)</onunload>

<controls>

			<control type="group">
			<control type="list" id="5">
			<animation type="WindowOpen">
			<effect type="slide" start="1000,0" end="0,0" tween="cubic" easing="out" time="350"/>
			</animation>
			<animation type="WindowClose">
			<effect type="slide" start="0,0" end="1000,0" tween="cubic" easing="inout" time="350"/>
			</animation>
			<posx>1650</posx>
			<posy>705</posy>
			<width>18-col</width>
			<height>365</height>
			<ondown>5</ondown>
			<onup>5</onup>
			<orientation>vertical</orientation>
			<onleft>Dialog.Close(6900)</onleft>
			<onback>Dialog.Close(6900)</onback>
			<scrolltime tweeb="cubic" easing="inout">450</scrolltime>
			<itemlayout width="4-col" height="115">
				<control type="image">
					<posx>0</posx>
					<posy>20</posy>
					<width>4-col-textbox</width>
					<height>105</height>
					<texture>special://skin/extras/common/context_middle.png</texture>
				</control>
				<control type="label">
					<posx>20</posx>
					<posy>0</posy>
					<width>252</width>
					<height>3-row</height>
					<wrapmultiline>true</wrapmultiline>
					<aligny>center</aligny>
					<align>center</align>
					<textcolor>cyan</textcolor>
					<shadowcolor>black</shadowcolor>
					<label>[B][CAPITALIZE]$INFO[ListItem.label][/CAPITALIZE][/B]</label>
				</control>
				<control type="label">
					<posx>20</posx>
					<posy>40</posy>
					<width>252</width>
					<height>3-row</height>
					<wrapmultiline>true</wrapmultiline>
					<aligny>center</aligny>
					<align>center</align>
					<font>font-16</font>
					<textcolor>yellow</textcolor>
					<shadowcolor></shadowcolor>
					<label>[CAPITALIZE]$INFO[ListItem.label2][/CAPITALIZE]</label>
				</control>
			</itemlayout>
			<focusedlayout width="4-col" height="115">
			<control type="image">
					<posx>0</posx>
					<posy>20</posy>
					<width>4-col-textbox</width>
					<height>105</height>
					<texture>special://skin/extras/common/context_middle.png</texture>
				</control>
				<control type="image">
					<posx>15</posx>
					<posy>22</posy>
					<width>255</width>
					<height>100</height>
					<texture>white.png</texture>
					<colordiffuse>purple</colordiffuse>
					<aspectratio>stretch</aspectratio>
				</control>
				<control type="label">
					<posx>20</posx>
					<posy>0</posy>
					<width>252</width>
					<height>3-row</height>
					<wrapmultiline>true</wrapmultiline>
					<aligny>center</aligny>
					<align>center</align>
					<textcolor>cyan</textcolor>
					<shadowcolor>black</shadowcolor>
					<label>[B][CAPITALIZE]$INFO[ListItem.label][/CAPITALIZE][/B]</label>
				</control>
				<control type="label">
					<posx>20</posx>
					<posy>40</posy>
					<width>252</width>
					<height>3-row</height>
					<wrapmultiline>true</wrapmultiline>
					<aligny>center</aligny>
					<align>center</align>
					<font>font-16</font>
					<textcolor>white</textcolor>
					<shadowcolor>black</shadowcolor>
					<label>[CAPITALIZE]$INFO[ListItem.label2][/CAPITALIZE]</label>
				</control>
			</focusedlayout>
			<content>
			<item>
				<label>סדרות</label>
				<label2>קומדיה / קומדיה / קומדיה</label2>
				<onclick>Dialog.Close(6852)</onclick>
				<onclick>ActivateWindow(6901)</onclick>
				</item>
			<item>
				<label>סדרות</label>
				<label2>פשע / פשע / פשע</label2>
				<onclick>Dialog.Close(6852)</onclick>
				<onclick>ActivateWindow(6902)</onclick>
				</item>
			<item>
				<label>סדרות עיצוב חדש</label>
				<label2>פשע / פשע / פשע</label2>
				<onclick>Dialog.Close(6852)</onclick>
				<onclick>ActivateWindow(6910)</onclick>
				</item>
			<item>
				<label>סדרות</label>
				<label2>דרמה / דרמה / דרמה</label2>
				<onclick>Dialog.Close(6852)</onclick>
				<onclick>ActivateWindow(6905)</onclick>
				</item>
			<item>
				<label>סדרות</label>
				<label2>מ.בדיוני / מ.בדיוני</label2>
				<onclick>Dialog.Close(6852)</onclick>
				<onclick>ActivateWindow(6906)</onclick>
				</item>
			<item>
				<label>סדרות</label>
				<label2>דוקו / דוקו / דוקו</label2>
				<onclick>Dialog.Close(6852)</onclick>
				<onclick>ActivateWindow(6903)</onclick>
				</item>
			<item>
				<label>סדרות</label>
				<label2>אוכל / אוכל / אוכל</label2>
				<onclick>Dialog.Close(6852)</onclick>
				<onclick>ActivateWindow(6909)</onclick>
				</item>
			<item>
				<label>סדרות</label>
				<label2>ויוה / ויוה / ויוה</label2>
				<onclick>Dialog.Close(6852)</onclick>
				<onclick>ActivateWindow(6907)</onclick>
				</item>
			<item>
				<label>סדרות</label>
				<label2>נוסטלגיה / נוסטלגיה</label2>
				<onclick>Dialog.Close(6852)</onclick>
				<onclick>ActivateWindow(6908)</onclick>
				</item>
			</content>
		</control>
		</control>

</controls>
</window>
