<?xml version="1.0" encoding="UTF-8"?>
<!-- Foundation -->
<window id="6905" type="dialog">
    <defaultcontrol always="true">5</defaultcontrol>


<controls>

<control type="image">
<posx>0</posx>
<posy>0</posy>
<width>fsw</width>
<height>fsh</height>
<texture>special://skin/extras/specialbuttons/background.jpg</texture>
</control>

<control type="multiimage">
<posx>0</posx>
<posy>0</posy>
<width>fsw</width>
<height>fsh</height>
<fadetime>350</fadetime>
<imagepath>$INFO[Container(5).ListItem.Art(fanart)]</imagepath>
</control>

<control type="image">
<posx>-100</posx>
<posy>300</posy>
<width>2200</width>
<height>580</height>
<texture>special://skin/extras/common/context_middle.png</texture>
</control>

<control type="image">
<posx>-100</posx>
<posy>50</posy>
<width>2200</width>
<height>250</height>
<texture>special://skin/extras/common/context_middle.png</texture>
</control>

<control type="image">
<posx>-100</posx>
<posy>0</posy>
<width>2200</width>
<height>50</height>
<texture>special://skin/extras/common/context_middle.png</texture>
</control>

<control type="group">
<control type="label">
<posx>35</posx>
<posy>300</posy>
<width>500</width>
<height>40</height>
<align>center</align>
<font>font-21-newrecommnded</font>
<label>$INFO[Container(5).ListItem.Label]</label>
</control>

<control type="label">
<posx>200</posx>
<posy>380</posy>
<width>250</width>
<height>40</height>
<textcolor>burlywood</textcolor>
<label>[B]תקציר סדרה:[/B]</label>
</control>

</control>

<control type="label">
<posx>1505</posx>
<posy>700</posy>
<width>250</width>
<height>40</height>
<align>right</align>
<label>[COLOR cyan]$INFO[Container(5).NumItems][/COLOR] [COLOR white]כמות סדרות:[/COLOR]</label>
</control>

<control type="image">
<visible>!Integer.IsGreater(Container(5).NumItems,0)</visible>
<posx>800</posx>
<posy>500</posy>
<width>120</width>
<height>120</height>
<texture>special://skin/extras/specialbuttons/loading.gif</texture>
</control>


<control type="multiimage">
<centerleft>90%</centerleft>
<posy>330</posy>
<width>350</width>
<height>520</height>
<fadetime>350</fadetime>
<imagepath>$INFO[Container(5).ListItem.Thumb]</imagepath>
</control>

<control type="textbox">
<posx>0</posx>
<posy>470</posy>
<width>500</width>
<height>320</height>
<align>right</align>
<autoscroll fade="2550" time="3000" repeat="4000"></autoscroll>
<label>$INFO[Container(5).ListItem.Plot]</label>
</control>


<include content="basetvshowcontent">
<param name="basetvshowid" value="5"/>
<param name="basetvshowcontnet" value="plugin://plugin.audio.My.Music/?cat_level=%20&amp;count=0&amp;description=%5bB%5d%5bCOLOR%20burlywood%5d%20%d7%a9.%d7%a7%20%5b%2fCOLOR%5d%5b%2fB%5d&amp;fanart=https%3a%2f%2ffunender.com%2fwp-content%2fuploads%2f2017%2f11%2fTop-10-Box-Office-Weekend-Movies-Report-October-27-29-2017.jpg&amp;iconimage=http%3a%2f%2fngarba.xyz%2fadds%2fyos%2fphoto10.jpg&amp;index_depth=0&amp;lang=eng&amp;mode=5&amp;name=tvshow-newdesign-drama&amp;page&amp;selected_list=%20&amp;url=%d7%a1%d7%93%d7%a8%d7%95%d7%aatvshow-newdesigntvshow-newdesign-drama&quot"/>
</include>

<include content="sessionone">
<param name="seesionone" value="500"/>
<param name="labelname" value="הגבר של המשפחה"/>
<param name="network" value="[COLOR red](UNKNOWN)[/COLOR]"/>
<param name="baseepisodidcontent" value="plugin://plugin.video.mando/?all_w=%7b%7d&amp;data=2019&amp;dates=%20&amp;description=%5bCOLOR%20aqua%5d%20%d7%a9%d7%95%d7%93%d7%a8%20%d7%91%d7%aa%d7%90%d7%a8%d7%99%d7%9a%2020-09-2019%5b%2fCOLOR%5d%0aThe%20story%20of%20a%20middle-class%20man%20who%20works%20for%20a%20special%20cell%20of%20the%20National%20Investigation%20Agency.%20While%20he%20tries%20to%20protect%20the%20nation%20from%20terrorists%2c%20he%20also%20has%20to%20protect%20his%20family%20from%20the%20impact%20of%20his%20secretive%2c%20high-pressure%2c%20and%20low%20paying%20job.&amp;eng_name=%20&amp;episode=%20&amp;fanart=https%3a%2f%2fimage.tmdb.org%2ft%2fp%2foriginal%2f%2f7EuIWYlo4WmOhJe56lfVCQaqhBC.jpg&amp;fav_status=false&amp;heb_name=%d7%94%d7%92%d7%91%d7%a8%20%d7%a9%d7%9c%20%d7%94%d7%9e%d7%a9%d7%a4%d7%97%d7%94&amp;iconimage=https%3a%2f%2fimage.tmdb.org%2ft%2fp%2foriginal%2f%2fArZia3RQFa3SrLYXNGdtcyUzldw.jpg&amp;id=93352&amp;image_master&amp;isr=0&amp;last_id&amp;mode=19&amp;name=%5bCOLOR%20white%5d%d7%a2%d7%95%d7%a0%d7%94%201%5b%2fCOLOR%5d&amp;original_title=The%20Family%20Man&amp;season=1&amp;show_original_year=2019&amp;tmdbid=369284&amp;url=https%3a%2f%2fapi.themoviedb.org%2f3%2ftv%2f93352%3fapi_key%3d34142515d9d23817496eeb4ff1d223d0%26language%3den%26append_to_response%3dexternal_ids&amp;video_data=%7b%22rating%22%3a%20%220%22%2c%20%22episode%22%3a%200%2c%20%22title%22%3a%20%22%5bCOLOR%20white%5d%5cu05e2%5cu05d5%5cu05e0%5cu05d4%201%5b%2fCOLOR%5d%22%2c%20%22season%22%3a%200%2c%20%22TVshowtitle%22%3a%20%22%22%2c%20%22mediatype%22%3a%20%22movie%22%2c%20%22plot%22%3a%20%22%5bCOLOR%20aqua%5d%20%5cu05e9%5cu05d5%5cu05d3%5cu05e8%20%5cu05d1%5cu05ea%5cu05d0%5cu05e8%5cu05d9%5cu05da%2020-09-2019%5b%2fCOLOR%5d%5cnThe%20story%20of%20a%20middle-class%20man%20who%20works%20for%20a%20special%20cell%20of%20the%20National%20Investigation%20Agency.%20While%20he%20tries%20to%20protect%20the%20nation%20from%20terrorists%2c%20he%20also%20has%20to%20protect%20his%20family%20from%20the%20impact%20of%20his%20secretive%2c%20high-pressure%2c%20and%20low%20paying%20job.%22%2c%20%22OriginalTitle%22%3a%20%22The%20Family%20Man%22%2c%20%22Tag%22%3a%20%2216%22%2c%20%22year%22%3a%20%222019%22%7d&quot"/>
</include>

<include content="sessionone">
<param name="seesionone" value="501"/>
<param name="labelname" value="המתמחה"/>
<param name="network" value="[COLOR red](UNKNOWN)[/COLOR]"/>
<param name="baseepisodidcontent" value="plugin://plugin.video.mando/?all_w=%7b%7d&amp;data=2018&amp;dates=%20&amp;description=%5bCOLOR%20aqua%5d%20%d7%a9%d7%95%d7%93%d7%a8%20%d7%91%d7%aa%d7%90%d7%a8%d7%99%d7%9a%2021-01-2018%5b%2fCOLOR%5d%0aA%20tough%2c%20brilliant%20senior%20resident%20guides%20an%20idealistic%20young%20doctor%20through%20his%20first%20day%2c%20pulling%20back%20the%20curtain%20on%20what%20really%20happens%2c%20both%20good%20and%20bad%2c%20in%20modern-day%20medicine.&amp;eng_name=%20&amp;episode=%20&amp;fanart=https%3a%2f%2fimage.tmdb.org%2ft%2fp%2foriginal%2f%2fbycbvRHAYxcUfkJlIyX6GZ7nGuZ.jpg&amp;fav_status=false&amp;heb_name=%d7%94%d7%9e%d7%aa%d7%9e%d7%97%d7%94&amp;iconimage=https%3a%2f%2fimage.tmdb.org%2ft%2fp%2foriginal%2f%2fvdulvK71w2sDoleJnc4jfWJhpEj.jpg&amp;id=74016&amp;image_master&amp;isr=0&amp;last_id&amp;mode=19&amp;name=%5bCOLOR%20white%5d%d7%a2%d7%95%d7%a0%d7%94%201%5b%2fCOLOR%5d&amp;original_title=The%20Resident&amp;season=1&amp;show_original_year=2018&amp;tmdbid=328569&amp;url=https%3a%2f%2fapi.themoviedb.org%2f3%2ftv%2f74016%3fapi_key%3d34142515d9d23817496eeb4ff1d223d0%26language%3den%26append_to_response%3dexternal_ids&amp;video_data=%7b%22rating%22%3a%20%220%22%2c%20%22episode%22%3a%200%2c%20%22title%22%3a%20%22%5bCOLOR%20white%5d%5cu05e2%5cu05d5%5cu05e0%5cu05d4%201%5b%2fCOLOR%5d%22%2c%20%22season%22%3a%200%2c%20%22TVshowtitle%22%3a%20%22%22%2c%20%22mediatype%22%3a%20%22movie%22%2c%20%22plot%22%3a%20%22%5bCOLOR%20aqua%5d%20%5cu05e9%5cu05d5%5cu05d3%5cu05e8%20%5cu05d1%5cu05ea%5cu05d0%5cu05e8%5cu05d9%5cu05da%2021-01-2018%5b%2fCOLOR%5d%5cnA%20tough%2c%20brilliant%20senior%20resident%20guides%20an%20idealistic%20young%20doctor%20through%20his%20first%20day%2c%20pulling%20back%20the%20curtain%20on%20what%20really%20happens%2c%20both%20good%20and%20bad%2c%20in%20modern-day%20medicine.%22%2c%20%22OriginalTitle%22%3a%20%22The%20Resident%22%2c%20%22Tag%22%3a%20%2216%22%2c%20%22year%22%3a%20%222018%22%7d&quot"/>
</include>
<include content="sessiontwo">
<param name="sessiontwo" value="502"/>
<param name="labelname" value="המתמחה"/>
<param name="network" value="[COLOR red](UNKNOWN)[/COLOR]"/>
<param name="baseepisodidcontent" value="plugin://plugin.video.mando/?all_w=%7b%7d&amp;data=2018&amp;dates=%20&amp;description=%5bCOLOR%20aqua%5d%20%d7%a9%d7%95%d7%93%d7%a8%20%d7%91%d7%aa%d7%90%d7%a8%d7%99%d7%9a%2024-09-2018%5b%2fCOLOR%5d%0aA%20tough%2c%20brilliant%20senior%20resident%20guides%20an%20idealistic%20young%20doctor%20through%20his%20first%20day%2c%20pulling%20back%20the%20curtain%20on%20what%20really%20happens%2c%20both%20good%20and%20bad%2c%20in%20modern-day%20medicine.&amp;eng_name=%20&amp;episode=%20&amp;fanart=https%3a%2f%2fimage.tmdb.org%2ft%2fp%2foriginal%2f%2fbycbvRHAYxcUfkJlIyX6GZ7nGuZ.jpg&amp;fav_status=false&amp;heb_name=%d7%94%d7%9e%d7%aa%d7%9e%d7%97%d7%94&amp;iconimage=https%3a%2f%2fimage.tmdb.org%2ft%2fp%2foriginal%2f%2frujHsZxj9IPvhdp3aWpUxH8qHAI.jpg&amp;id=74016&amp;image_master&amp;isr=0&amp;last_id&amp;mode=19&amp;name=%5bCOLOR%20white%5d%d7%a2%d7%95%d7%a0%d7%94%202%5b%2fCOLOR%5d&amp;original_title=The%20Resident&amp;season=2&amp;show_original_year=2018&amp;tmdbid=328569&amp;url=https%3a%2f%2fapi.themoviedb.org%2f3%2ftv%2f74016%3fapi_key%3d34142515d9d23817496eeb4ff1d223d0%26language%3den%26append_to_response%3dexternal_ids&amp;video_data=%7b%22rating%22%3a%20%220%22%2c%20%22episode%22%3a%200%2c%20%22title%22%3a%20%22%5bCOLOR%20white%5d%5cu05e2%5cu05d5%5cu05e0%5cu05d4%202%5b%2fCOLOR%5d%22%2c%20%22season%22%3a%200%2c%20%22TVshowtitle%22%3a%20%22%22%2c%20%22mediatype%22%3a%20%22movie%22%2c%20%22plot%22%3a%20%22%5bCOLOR%20aqua%5d%20%5cu05e9%5cu05d5%5cu05d3%5cu05e8%20%5cu05d1%5cu05ea%5cu05d0%5cu05e8%5cu05d9%5cu05da%2024-09-2018%5b%2fCOLOR%5d%5cnA%20tough%2c%20brilliant%20senior%20resident%20guides%20an%20idealistic%20young%20doctor%20through%20his%20first%20day%2c%20pulling%20back%20the%20curtain%20on%20what%20really%20happens%2c%20both%20good%20and%20bad%2c%20in%20modern-day%20medicine.%22%2c%20%22OriginalTitle%22%3a%20%22The%20Resident%22%2c%20%22Tag%22%3a%20%2216%22%2c%20%22year%22%3a%20%222018%22%7d&quot"/>
</include>
<include content="sessionthree">
<param name="sessionthree" value="503"/>
<param name="labelname" value="המתמחה"/>
<param name="network" value="[COLOR red](NETFLIX)[/COLOR]"/>
<param name="baseepisodidcontent" value="plugin://plugin.video.mando/?all_w=%7b%7d&amp;data=2019&amp;dates=%20&amp;description=%5bCOLOR%20aqua%5d%20%d7%a9%d7%95%d7%93%d7%a8%20%d7%91%d7%aa%d7%90%d7%a8%d7%99%d7%9a%2024-09-2019%5b%2fCOLOR%5d%0aA%20tough%2c%20brilliant%20senior%20resident%20guides%20an%20idealistic%20young%20doctor%20through%20his%20first%20day%2c%20pulling%20back%20the%20curtain%20on%20what%20really%20happens%2c%20both%20good%20and%20bad%2c%20in%20modern-day%20medicine.&amp;eng_name=%20&amp;episode=%20&amp;fanart=https%3a%2f%2fimage.tmdb.org%2ft%2fp%2foriginal%2f%2fbycbvRHAYxcUfkJlIyX6GZ7nGuZ.jpg&amp;fav_status=false&amp;heb_name=%d7%94%d7%9e%d7%aa%d7%9e%d7%97%d7%94&amp;iconimage=https%3a%2f%2fimage.tmdb.org%2ft%2fp%2foriginal%2f%2fk1Df8EkXpsEogBj1FXbLfn2mm4i.jpg&amp;id=74016&amp;image_master&amp;isr=0&amp;last_id&amp;mode=19&amp;name=%5bCOLOR%20white%5d%d7%a2%d7%95%d7%a0%d7%94%203%5b%2fCOLOR%5d&amp;original_title=The%20Resident&amp;season=3&amp;show_original_year=2018&amp;tmdbid=328569&amp;url=https%3a%2f%2fapi.themoviedb.org%2f3%2ftv%2f74016%3fapi_key%3d34142515d9d23817496eeb4ff1d223d0%26language%3den%26append_to_response%3dexternal_ids&amp;video_data=%7b%22rating%22%3a%20%220%22%2c%20%22episode%22%3a%200%2c%20%22title%22%3a%20%22%5bCOLOR%20white%5d%5cu05e2%5cu05d5%5cu05e0%5cu05d4%203%5b%2fCOLOR%5d%22%2c%20%22season%22%3a%200%2c%20%22TVshowtitle%22%3a%20%22%22%2c%20%22mediatype%22%3a%20%22movie%22%2c%20%22plot%22%3a%20%22%5bCOLOR%20aqua%5d%20%5cu05e9%5cu05d5%5cu05d3%5cu05e8%20%5cu05d1%5cu05ea%5cu05d0%5cu05e8%5cu05d9%5cu05da%2024-09-2019%5b%2fCOLOR%5d%5cnA%20tough%2c%20brilliant%20senior%20resident%20guides%20an%20idealistic%20young%20doctor%20through%20his%20first%20day%2c%20pulling%20back%20the%20curtain%20on%20what%20really%20happens%2c%20both%20good%20and%20bad%2c%20in%20modern-day%20medicine.%22%2c%20%22OriginalTitle%22%3a%20%22The%20Resident%22%2c%20%22Tag%22%3a%20%2216%22%2c%20%22year%22%3a%20%222019%22%7d&quot"/>
</include>

<include content="sessionone">
<param name="seesionone" value="504"/>
<param name="labelname" value="הפוליטיקאי"/>
<param name="network" value="[COLOR red](UNKNOWN)[/COLOR]"/>
<param name="baseepisodidcontent" value="plugin://plugin.video.mando/?all_w=%7b%7d&amp;data=2019&amp;dates=%20&amp;description=%5bCOLOR%20aqua%5d%20%d7%a9%d7%95%d7%93%d7%a8%20%d7%91%d7%aa%d7%90%d7%a8%d7%99%d7%9a%2027-09-2019%5b%2fCOLOR%5d%0aPayton%20has%20known%20since%20childhood%20that%20he%27s%20going%20to%20be%20president.%20First%20he%27ll%20have%20to%20navigate%20the%20most%20treacherous%20political%20landscape%3a%20high%20school.&amp;eng_name=%20&amp;episode=%20&amp;fanart=https%3a%2f%2fimage.tmdb.org%2ft%2fp%2foriginal%2f%2fcbYBtM8QR8ujHi9Zxsqk2lWbiLG.jpg&amp;fav_status=false&amp;heb_name=%d7%94%d7%a4%d7%95%d7%9c%d7%99%d7%98%d7%99%d7%a7%d7%90%d7%99&amp;iconimage=https%3a%2f%2fimage.tmdb.org%2ft%2fp%2foriginal%2f%2flBzLHqxJKtMTBarLTnNjBWv299A.jpg&amp;id=83127&amp;image_master&amp;isr=0&amp;last_id&amp;mode=19&amp;name=%5bCOLOR%20white%5d%d7%a2%d7%95%d7%a0%d7%94%201%5b%2fCOLOR%5d&amp;original_title=The%20Politician&amp;season=1&amp;show_original_year=2019&amp;tmdbid=361411&amp;url=https%3a%2f%2fapi.themoviedb.org%2f3%2ftv%2f83127%3fapi_key%3d34142515d9d23817496eeb4ff1d223d0%26language%3den%26append_to_response%3dexternal_ids&amp;video_data=%7b%22rating%22%3a%20%220%22%2c%20%22episode%22%3a%200%2c%20%22title%22%3a%20%22%5bCOLOR%20white%5d%5cu05e2%5cu05d5%5cu05e0%5cu05d4%201%5b%2fCOLOR%5d%22%2c%20%22season%22%3a%200%2c%20%22TVshowtitle%22%3a%20%22%22%2c%20%22mediatype%22%3a%20%22movie%22%2c%20%22plot%22%3a%20%22%5bCOLOR%20aqua%5d%20%5cu05e9%5cu05d5%5cu05d3%5cu05e8%20%5cu05d1%5cu05ea%5cu05d0%5cu05e8%5cu05d9%5cu05da%2027-09-2019%5b%2fCOLOR%5d%5cnPayton%20has%20known%20since%20childhood%20that%20he%27s%20going%20to%20be%20president.%20First%20he%27ll%20have%20to%20navigate%20the%20most%20treacherous%20political%20landscape%3a%20high%20school.%22%2c%20%22OriginalTitle%22%3a%20%22The%20Politician%22%2c%20%22Tag%22%3a%20%2216%22%2c%20%22year%22%3a%20%222019%22%7d&quot"/>
</include>
<include content="sessiontwo">
<param name="sessiontwo" value="505"/>
<param name="labelname" value="הפוליטיקאי"/>
<param name="network" value="[COLOR red](UNKNOWN)[/COLOR]"/>
<param name="baseepisodidcontent" value="plugin://plugin.video.mando/?all_w=%7b%7d&amp;data=2020&amp;dates=%20&amp;description=%5bCOLOR%20aqua%5d%20%d7%a9%d7%95%d7%93%d7%a8%20%d7%91%d7%aa%d7%90%d7%a8%d7%99%d7%9a%2019-06-2020%5b%2fCOLOR%5d%0aPayton%20has%20known%20since%20childhood%20that%20he%27s%20going%20to%20be%20president.%20First%20he%27ll%20have%20to%20navigate%20the%20most%20treacherous%20political%20landscape%3a%20high%20school.&amp;eng_name=%20&amp;episode=%20&amp;fanart=https%3a%2f%2fimage.tmdb.org%2ft%2fp%2foriginal%2f%2fcbYBtM8QR8ujHi9Zxsqk2lWbiLG.jpg&amp;fav_status=false&amp;heb_name=%d7%94%d7%a4%d7%95%d7%9c%d7%99%d7%98%d7%99%d7%a7%d7%90%d7%99&amp;iconimage=https%3a%2f%2fimage.tmdb.org%2ft%2fp%2foriginal%2f%2f9JyZGTpilHSa1o142iwS7TuVwOs.jpg&amp;id=83127&amp;image_master&amp;isr=0&amp;last_id&amp;mode=19&amp;name=%5bCOLOR%20white%5d%d7%a2%d7%95%d7%a0%d7%94%202%5b%2fCOLOR%5d&amp;original_title=The%20Politician&amp;season=2&amp;show_original_year=2019&amp;tmdbid=361411&amp;url=https%3a%2f%2fapi.themoviedb.org%2f3%2ftv%2f83127%3fapi_key%3d34142515d9d23817496eeb4ff1d223d0%26language%3den%26append_to_response%3dexternal_ids&amp;video_data=%7b%22rating%22%3a%20%220%22%2c%20%22episode%22%3a%200%2c%20%22title%22%3a%20%22%5bCOLOR%20white%5d%5cu05e2%5cu05d5%5cu05e0%5cu05d4%202%5b%2fCOLOR%5d%22%2c%20%22season%22%3a%200%2c%20%22TVshowtitle%22%3a%20%22%22%2c%20%22mediatype%22%3a%20%22movie%22%2c%20%22plot%22%3a%20%22%5bCOLOR%20aqua%5d%20%5cu05e9%5cu05d5%5cu05d3%5cu05e8%20%5cu05d1%5cu05ea%5cu05d0%5cu05e8%5cu05d9%5cu05da%2019-06-2020%5b%2fCOLOR%5d%5cnPayton%20has%20known%20since%20childhood%20that%20he%27s%20going%20to%20be%20president.%20First%20he%27ll%20have%20to%20navigate%20the%20most%20treacherous%20political%20landscape%3a%20high%20school.%22%2c%20%22OriginalTitle%22%3a%20%22The%20Politician%22%2c%20%22Tag%22%3a%20%2216%22%2c%20%22year%22%3a%20%222020%22%7d&quot"/>
</include>

<include content="sessionone">
<param name="seesionone" value="506"/>
<param name="labelname" value="ירח שחור"/>
<param name="network" value="[COLOR red](UNKNOWN)[/COLOR]"/>
<param name="baseepisodidcontent" value="plugin://plugin.video.mando/?all_w=%7b%7d&amp;data=2020&amp;dates=%20&amp;description=%5bCOLOR%20aqua%5d%20%d7%a9%d7%95%d7%93%d7%a8%20%d7%91%d7%aa%d7%90%d7%a8%d7%99%d7%9a%2031-01-2020%5b%2fCOLOR%5d%0aIn%2017th-century%20Italy%2c%20a%20teenager%20learns%20about%20her%20destiny%20among%20a%20family%20of%20witches%2c%20just%20as%20her%20boyfriend%27s%20father%20hunts%20her%20down%20for%20witchcraft.&amp;eng_name=%20&amp;episode=%20&amp;fanart=https%3a%2f%2fimage.tmdb.org%2ft%2fp%2foriginal%2f%2ffaN1IRB3QTInzayMIuXrDjXet4A.jpg&amp;fav_status=false&amp;heb_name=%d7%99%d7%a8%d7%97%20%d7%a9%d7%97%d7%95%d7%a8&amp;iconimage=https%3a%2f%2fimage.tmdb.org%2ft%2fp%2foriginal%2f%2fi2MFeH9oAc24WZg7WFhhlfUgcot.jpg&amp;id=96346&amp;image_master&amp;isr=0&amp;last_id&amp;mode=19&amp;name=%5bCOLOR%20white%5d%d7%a2%d7%95%d7%a0%d7%94%201%5b%2fCOLOR%5d&amp;original_title=Luna%20Nera&amp;season=1&amp;show_original_year=2020&amp;tmdbid=347394&amp;url=https%3a%2f%2fapi.themoviedb.org%2f3%2ftv%2f96346%3fapi_key%3d34142515d9d23817496eeb4ff1d223d0%26language%3den%26append_to_response%3dexternal_ids&amp;video_data=%7b%22rating%22%3a%20%220%22%2c%20%22episode%22%3a%200%2c%20%22title%22%3a%20%22%5bCOLOR%20white%5d%5cu05e2%5cu05d5%5cu05e0%5cu05d4%201%5b%2fCOLOR%5d%22%2c%20%22season%22%3a%200%2c%20%22TVshowtitle%22%3a%20%22%22%2c%20%22mediatype%22%3a%20%22movie%22%2c%20%22plot%22%3a%20%22%5bCOLOR%20aqua%5d%20%5cu05e9%5cu05d5%5cu05d3%5cu05e8%20%5cu05d1%5cu05ea%5cu05d0%5cu05e8%5cu05d9%5cu05da%2031-01-2020%5b%2fCOLOR%5d%5cnIn%2017th-century%20Italy%2c%20a%20teenager%20learns%20about%20her%20destiny%20among%20a%20family%20of%20witches%2c%20just%20as%20her%20boyfriend%27s%20father%20hunts%20her%20down%20for%20witchcraft.%22%2c%20%22OriginalTitle%22%3a%20%22Luna%20Nera%22%2c%20%22Tag%22%3a%20%2216%22%2c%20%22year%22%3a%20%222020%22%7d&quot"/>
</include>

<include content="sessionone">
<param name="seesionone" value="507"/>
<param name="labelname" value="מיליארדים"/>
<param name="network" value="[COLOR red](UNKNOWN)[/COLOR]"/>
<param name="baseepisodidcontent" value="plugin://plugin.video.mando/?all_w=%7b%7d&amp;data=2018&amp;dates=%20&amp;description=%5bCOLOR%20aqua%5d%20%d7%a9%d7%95%d7%93%d7%a8%20%d7%91%d7%aa%d7%90%d7%a8%d7%99%d7%9a%2025-03-2018%5b%2fCOLOR%5d%0aA%20complex%20drama%20about%20power%20politics%20in%20the%20world%20of%20New%20York%20high%20finance.%20%0a%0aShrewd%2c%20savvy%20U.S.%20Attorney%20Chuck%20Rhoades%20and%20the%20brilliant%2c%20ambitious%20hedge%20fund%20king%20Bobby%20%22Axe%22%20Axelrod%20are%20on%20an%20explosive%20collision%20course%2c%20with%20each%20using%20all%20of%20his%20considerable%20smarts%2c%20power%20and%20influence%20to%20outmaneuver%20the%20other.%20The%20stakes%20are%20in%20the%20billions%20in%20this%20timely%2c%20provocative%20series.&amp;eng_name=%20&amp;episode=%20&amp;fanart=https%3a%2f%2fimage.tmdb.org%2ft%2fp%2foriginal%2f%2fjFclWhCwbW6r7ecQ3vF83QXnEWJ.jpg&amp;fav_status=false&amp;heb_name=%d7%9e%d7%99%d7%9c%d7%99%d7%90%d7%a8%d7%93%d7%99%d7%9d&amp;iconimage=https%3a%2f%2fimage.tmdb.org%2ft%2fp%2foriginal%2f%2fmkU1D3lGVqyMFstT9aS2GpHIPRJ.jpg&amp;id=62852&amp;image_master&amp;isr=0&amp;last_id&amp;mode=19&amp;name=%5bCOLOR%20white%5d%d7%a2%d7%95%d7%a0%d7%94%203%5b%2fCOLOR%5d&amp;original_title=Billions&amp;season=3&amp;show_original_year=2016&amp;tmdbid=279536&amp;url=https%3a%2f%2fapi.themoviedb.org%2f3%2ftv%2f62852%3fapi_key%3d34142515d9d23817496eeb4ff1d223d0%26language%3den%26append_to_response%3dexternal_ids&amp;video_data=%7b%22rating%22%3a%20%220%22%2c%20%22episode%22%3a%200%2c%20%22title%22%3a%20%22%5bCOLOR%20white%5d%5cu05e2%5cu05d5%5cu05e0%5cu05d4%203%5b%2fCOLOR%5d%22%2c%20%22season%22%3a%200%2c%20%22TVshowtitle%22%3a%20%22%22%2c%20%22mediatype%22%3a%20%22movie%22%2c%20%22plot%22%3a%20%22%5bCOLOR%20aqua%5d%20%5cu05e9%5cu05d5%5cu05d3%5cu05e8%20%5cu05d1%5cu05ea%5cu05d0%5cu05e8%5cu05d9%5cu05da%2025-03-2018%5b%2fCOLOR%5d%5cnA%20complex%20drama%20about%20power%20politics%20in%20the%20world%20of%20New%20York%20high%20finance.%20%5cn%5cnShrewd%2c%20savvy%20U.S.%20Attorney%20Chuck%20Rhoades%20and%20the%20brilliant%2c%20ambitious%20hedge%20fund%20king%20Bobby%20%5c%22Axe%5c%22%20Axelrod%20are%20on%20an%20explosive%20collision%20course%2c%20with%20each%20using%20all%20of%20his%20considerable%20smarts%2c%20power%20and%20influence%20to%20outmaneuver%20the%20other.%20The%20stakes%20are%20in%20the%20billions%20in%20this%20timely%2c%20provocative%20series.%22%2c%20%22OriginalTitle%22%3a%20%22Billions%22%2c%20%22Tag%22%3a%20%2216%22%2c%20%22year%22%3a%20%222018%22%7d&quot"/>
</include>
<include content="sessiontwo">
<param name="sessiontwo" value="508"/>
<param name="labelname" value="מיליארדים"/>
<param name="network" value="[COLOR red](UNKNOWN)[/COLOR]"/>
<param name="baseepisodidcontent" value="plugin://plugin.video.mando/?all_w=%7b%7d&amp;data=2019&amp;dates=%20&amp;description=%5bCOLOR%20aqua%5d%20%d7%a9%d7%95%d7%93%d7%a8%20%d7%91%d7%aa%d7%90%d7%a8%d7%99%d7%9a%2017-03-2019%5b%2fCOLOR%5d%0aA%20complex%20drama%20about%20power%20politics%20in%20the%20world%20of%20New%20York%20high%20finance.%20%0a%0aShrewd%2c%20savvy%20U.S.%20Attorney%20Chuck%20Rhoades%20and%20the%20brilliant%2c%20ambitious%20hedge%20fund%20king%20Bobby%20%22Axe%22%20Axelrod%20are%20on%20an%20explosive%20collision%20course%2c%20with%20each%20using%20all%20of%20his%20considerable%20smarts%2c%20power%20and%20influence%20to%20outmaneuver%20the%20other.%20The%20stakes%20are%20in%20the%20billions%20in%20this%20timely%2c%20provocative%20series.&amp;eng_name=%20&amp;episode=%20&amp;fanart=https%3a%2f%2fimage.tmdb.org%2ft%2fp%2foriginal%2f%2fjFclWhCwbW6r7ecQ3vF83QXnEWJ.jpg&amp;fav_status=false&amp;heb_name=%d7%9e%d7%99%d7%9c%d7%99%d7%90%d7%a8%d7%93%d7%99%d7%9d&amp;iconimage=https%3a%2f%2fimage.tmdb.org%2ft%2fp%2foriginal%2f%2fpScouEoPinStggWOTJfQqaXUS7x.jpg&amp;id=62852&amp;image_master&amp;isr=0&amp;last_id&amp;mode=19&amp;name=%5bCOLOR%20white%5d%d7%a2%d7%95%d7%a0%d7%94%204%5b%2fCOLOR%5d&amp;original_title=Billions&amp;season=4&amp;show_original_year=2016&amp;tmdbid=279536&amp;url=https%3a%2f%2fapi.themoviedb.org%2f3%2ftv%2f62852%3fapi_key%3d34142515d9d23817496eeb4ff1d223d0%26language%3den%26append_to_response%3dexternal_ids&amp;video_data=%7b%22rating%22%3a%20%220%22%2c%20%22episode%22%3a%200%2c%20%22title%22%3a%20%22%5bCOLOR%20white%5d%5cu05e2%5cu05d5%5cu05e0%5cu05d4%204%5b%2fCOLOR%5d%22%2c%20%22season%22%3a%200%2c%20%22TVshowtitle%22%3a%20%22%22%2c%20%22mediatype%22%3a%20%22movie%22%2c%20%22plot%22%3a%20%22%5bCOLOR%20aqua%5d%20%5cu05e9%5cu05d5%5cu05d3%5cu05e8%20%5cu05d1%5cu05ea%5cu05d0%5cu05e8%5cu05d9%5cu05da%2017-03-2019%5b%2fCOLOR%5d%5cnA%20complex%20drama%20about%20power%20politics%20in%20the%20world%20of%20New%20York%20high%20finance.%20%5cn%5cnShrewd%2c%20savvy%20U.S.%20Attorney%20Chuck%20Rhoades%20and%20the%20brilliant%2c%20ambitious%20hedge%20fund%20king%20Bobby%20%5c%22Axe%5c%22%20Axelrod%20are%20on%20an%20explosive%20collision%20course%2c%20with%20each%20using%20all%20of%20his%20considerable%20smarts%2c%20power%20and%20influence%20to%20outmaneuver%20the%20other.%20The%20stakes%20are%20in%20the%20billions%20in%20this%20timely%2c%20provocative%20series.%22%2c%20%22OriginalTitle%22%3a%20%22Billions%22%2c%20%22Tag%22%3a%20%2216%22%2c%20%22year%22%3a%20%222019%22%7d&quot"/>
</include>
<include content="sessionthree">
<param name="sessionthree" value="509"/>
<param name="labelname" value="מיליארדים"/>
<param name="network" value="[COLOR red](NETFLIX)[/COLOR]"/>
<param name="baseepisodidcontent" value="plugin://plugin.video.mando/?all_w=%7b%7d&amp;data=2020&amp;dates=%20&amp;description=%5bCOLOR%20aqua%5d%20%d7%a9%d7%95%d7%93%d7%a8%20%d7%91%d7%aa%d7%90%d7%a8%d7%99%d7%9a%2003-05-2020%5b%2fCOLOR%5d%0aA%20complex%20drama%20about%20power%20politics%20in%20the%20world%20of%20New%20York%20high%20finance.%20%0a%0aShrewd%2c%20savvy%20U.S.%20Attorney%20Chuck%20Rhoades%20and%20the%20brilliant%2c%20ambitious%20hedge%20fund%20king%20Bobby%20%22Axe%22%20Axelrod%20are%20on%20an%20explosive%20collision%20course%2c%20with%20each%20using%20all%20of%20his%20considerable%20smarts%2c%20power%20and%20influence%20to%20outmaneuver%20the%20other.%20The%20stakes%20are%20in%20the%20billions%20in%20this%20timely%2c%20provocative%20series.&amp;eng_name=%20&amp;episode=%20&amp;fanart=https%3a%2f%2fimage.tmdb.org%2ft%2fp%2foriginal%2f%2fjFclWhCwbW6r7ecQ3vF83QXnEWJ.jpg&amp;fav_status=false&amp;heb_name=%d7%9e%d7%99%d7%9c%d7%99%d7%90%d7%a8%d7%93%d7%99%d7%9d&amp;iconimage=https%3a%2f%2fimage.tmdb.org%2ft%2fp%2foriginal%2f%2frDCBoXNOcwBGSgZdyegRD7dlS9y.jpg&amp;id=62852&amp;image_master&amp;isr=0&amp;last_id&amp;mode=19&amp;name=%5bCOLOR%20white%5d%d7%a2%d7%95%d7%a0%d7%94%205%5b%2fCOLOR%5d&amp;original_title=Billions&amp;season=5&amp;show_original_year=2016&amp;tmdbid=279536&amp;url=https%3a%2f%2fapi.themoviedb.org%2f3%2ftv%2f62852%3fapi_key%3d34142515d9d23817496eeb4ff1d223d0%26language%3den%26append_to_response%3dexternal_ids&amp;video_data=%7b%22rating%22%3a%20%220%22%2c%20%22episode%22%3a%200%2c%20%22title%22%3a%20%22%5bCOLOR%20white%5d%5cu05e2%5cu05d5%5cu05e0%5cu05d4%205%5b%2fCOLOR%5d%22%2c%20%22season%22%3a%200%2c%20%22TVshowtitle%22%3a%20%22%22%2c%20%22mediatype%22%3a%20%22movie%22%2c%20%22plot%22%3a%20%22%5bCOLOR%20aqua%5d%20%5cu05e9%5cu05d5%5cu05d3%5cu05e8%20%5cu05d1%5cu05ea%5cu05d0%5cu05e8%5cu05d9%5cu05da%2003-05-2020%5b%2fCOLOR%5d%5cnA%20complex%20drama%20about%20power%20politics%20in%20the%20world%20of%20New%20York%20high%20finance.%20%5cn%5cnShrewd%2c%20savvy%20U.S.%20Attorney%20Chuck%20Rhoades%20and%20the%20brilliant%2c%20ambitious%20hedge%20fund%20king%20Bobby%20%5c%22Axe%5c%22%20Axelrod%20are%20on%20an%20explosive%20collision%20course%2c%20with%20each%20using%20all%20of%20his%20considerable%20smarts%2c%20power%20and%20influence%20to%20outmaneuver%20the%20other.%20The%20stakes%20are%20in%20the%20billions%20in%20this%20timely%2c%20provocative%20series.%22%2c%20%22OriginalTitle%22%3a%20%22Billions%22%2c%20%22Tag%22%3a%20%2216%22%2c%20%22year%22%3a%20%222020%22%7d&quot"/>
</include>

<include content="sessionone">
<param name="seesionone" value="510"/>
<param name="labelname" value="משנות כיוון"/>
<param name="network" value="[COLOR red](UNKNOWN)[/COLOR]"/>
<param name="baseepisodidcontent" value="plugin://plugin.video.mando/?all_w=%7b%7d&amp;data=2020&amp;dates=%20&amp;description=%5bCOLOR%20aqua%5d%20%d7%a9%d7%95%d7%93%d7%a8%20%d7%91%d7%aa%d7%90%d7%a8%d7%99%d7%9a%2028-02-2020%5b%2fCOLOR%5d%0aA%20group%20of%20friends%20set%20out%20on%20a%20road%20trip%20when%20an%20unexpected%20fourth%20passenger%20forces%20an%20abrupt%20change%20of%20plans.&amp;eng_name=%20&amp;episode=%20&amp;fanart=https%3a%2f%2fimage.tmdb.org%2ft%2fp%2foriginal%2f%2f7ZuUJCU7I5Gih75DXnvflLcU7N6.jpg&amp;fav_status=false&amp;heb_name=%d7%9e%d7%a9%d7%a0%d7%95%d7%aa%20%d7%9b%d7%99%d7%95%d7%95%d7%9f&amp;iconimage=https%3a%2f%2fimage.tmdb.org%2ft%2fp%2foriginal%2f%2f1hHQntkBMaV88UUMuQQTSck8f0R.jpg&amp;id=99385&amp;image_master&amp;isr=0&amp;last_id&amp;mode=19&amp;name=%5bCOLOR%20white%5d%d7%a2%d7%95%d7%a0%d7%94%201%5b%2fCOLOR%5d&amp;original_title=Unstoppable&amp;season=1&amp;show_original_year=2020&amp;tmdbid=376414&amp;url=https%3a%2f%2fapi.themoviedb.org%2f3%2ftv%2f99385%3fapi_key%3d34142515d9d23817496eeb4ff1d223d0%26language%3den%26append_to_response%3dexternal_ids&amp;video_data=%7b%22rating%22%3a%20%220%22%2c%20%22episode%22%3a%200%2c%20%22title%22%3a%20%22%5bCOLOR%20white%5d%5cu05e2%5cu05d5%5cu05e0%5cu05d4%201%5b%2fCOLOR%5d%22%2c%20%22season%22%3a%200%2c%20%22TVshowtitle%22%3a%20%22%22%2c%20%22mediatype%22%3a%20%22movie%22%2c%20%22plot%22%3a%20%22%5bCOLOR%20aqua%5d%20%5cu05e9%5cu05d5%5cu05d3%5cu05e8%20%5cu05d1%5cu05ea%5cu05d0%5cu05e8%5cu05d9%5cu05da%2028-02-2020%5b%2fCOLOR%5d%5cnA%20group%20of%20friends%20set%20out%20on%20a%20road%20trip%20when%20an%20unexpected%20fourth%20passenger%20forces%20an%20abrupt%20change%20of%20plans.%22%2c%20%22OriginalTitle%22%3a%20%22Unstoppable%22%2c%20%22Tag%22%3a%20%2216%22%2c%20%22year%22%3a%20%222020%22%7d&quot"/>
</include>

<include content="sessionone">
<param name="seesionone" value="511"/>
<param name="labelname" value="נאחזת בקרח"/>
<param name="network" value="[COLOR red](UNKNOWN)[/COLOR]"/>
<param name="baseepisodidcontent" value="plugin://plugin.video.mando/?all_w=%7b%7d&amp;data=2020&amp;dates=%20&amp;description=%5bCOLOR%20aqua%5d%20%d7%a9%d7%95%d7%93%d7%a8%20%d7%91%d7%aa%d7%90%d7%a8%d7%99%d7%9a%2001-01-2020%5b%2fCOLOR%5d%0aKat%20Baker%20is%20an%20up-and-coming%2c%20high-level%20single%20skater%20who%20is%20about%20to%20turn%20in%20her%20skates%20after%20a%20disastrous%20fall.%20When%20Kat%20seizes%20an%20opportunity%20to%20continue%20her%20career%20as%20a%20pair%20skater%20with%20a%20talented%20bad-boy%20partner%2c%20she%20risks%20exposing%20a%20fiercely%20kept%20secret%20that%20could%20unravel%20her%20entire%20life.&amp;eng_name=%20&amp;episode=%20&amp;fanart=https%3a%2f%2fimage.tmdb.org%2ft%2fp%2foriginal%2f%2fo5Rl0MZlblO7y83FmAEhDlJGOna.jpg&amp;fav_status=false&amp;heb_name=%d7%a0%d7%90%d7%97%d7%96%d7%aa%20%d7%91%d7%a7%d7%a8%d7%97&amp;iconimage=https%3a%2f%2fimage.tmdb.org%2ft%2fp%2foriginal%2f%2fi2hTXoUvTx93pi8tckXzKMGOJfG.jpg&amp;id=83050&amp;image_master&amp;isr=0&amp;last_id&amp;mode=19&amp;name=%5bCOLOR%20white%5d%d7%a2%d7%95%d7%a0%d7%94%201%5b%2fCOLOR%5d&amp;original_title=Spinning%20Out&amp;season=1&amp;show_original_year=2020&amp;tmdbid=360858&amp;url=https%3a%2f%2fapi.themoviedb.org%2f3%2ftv%2f83050%3fapi_key%3d34142515d9d23817496eeb4ff1d223d0%26language%3den%26append_to_response%3dexternal_ids&amp;video_data=%7b%22rating%22%3a%20%220%22%2c%20%22episode%22%3a%200%2c%20%22title%22%3a%20%22%5bCOLOR%20white%5d%5cu05e2%5cu05d5%5cu05e0%5cu05d4%201%5b%2fCOLOR%5d%22%2c%20%22season%22%3a%200%2c%20%22TVshowtitle%22%3a%20%22%22%2c%20%22mediatype%22%3a%20%22movie%22%2c%20%22plot%22%3a%20%22%5bCOLOR%20aqua%5d%20%5cu05e9%5cu05d5%5cu05d3%5cu05e8%20%5cu05d1%5cu05ea%5cu05d0%5cu05e8%5cu05d9%5cu05da%2001-01-2020%5b%2fCOLOR%5d%5cnKat%20Baker%20is%20an%20up-and-coming%2c%20high-level%20single%20skater%20who%20is%20about%20to%20turn%20in%20her%20skates%20after%20a%20disastrous%20fall.%20When%20Kat%20seizes%20an%20opportunity%20to%20continue%20her%20career%20as%20a%20pair%20skater%20with%20a%20talented%20bad-boy%20partner%2c%20she%20risks%20exposing%20a%20fiercely%20kept%20secret%20that%20could%20unravel%20her%20entire%20life.%22%2c%20%22OriginalTitle%22%3a%20%22Spinning%20Out%22%2c%20%22Tag%22%3a%20%2216%22%2c%20%22year%22%3a%20%222020%22%7d&quot"/>
</include>

<include content="sessionone">
<param name="seesionone" value="512"/>
<param name="labelname" value="קול קטן"/>
<param name="network" value="[COLOR red](UNKNOWN)[/COLOR]"/>
<param name="baseepisodidcontent" value="plugin://plugin.video.mando/?all_w=%7b%7d&amp;data=2020&amp;dates=%20&amp;description=%5bCOLOR%20aqua%5d%20%d7%a9%d7%95%d7%93%d7%a8%20%d7%91%d7%aa%d7%90%d7%a8%d7%99%d7%9a%2010-07-2020%5b%2fCOLOR%5d%0aA%20love%20letter%20to%20the%20diverse%20musicality%20of%20New%20York%20and%20an%20exploration%20the%20universal%20journey%20of%20finding%20your%20authentic%20voice%20in%20your%20early%2020s%20%e2%80%94%20and%20the%20courage%20to%20use%20it.&amp;eng_name=%20&amp;episode=%20&amp;fanart=https%3a%2f%2fimage.tmdb.org%2ft%2fp%2foriginal%2f%2fwRDOlYGIEqeupAaggkMfjiuib1j.jpg&amp;fav_status=false&amp;heb_name=%d7%a7%d7%95%d7%9c%20%d7%a7%d7%98%d7%9f&amp;iconimage=https%3a%2f%2fimage.tmdb.org%2ft%2fp%2foriginal%2f%2fvxzWAyNw7T7r7a6aQdPe2bahMPh.jpg&amp;id=103783&amp;image_master&amp;isr=0&amp;last_id&amp;mode=19&amp;name=%5bCOLOR%20white%5d%d7%a2%d7%95%d7%a0%d7%94%201%5b%2fCOLOR%5d&amp;original_title=Little%20Voice&amp;season=1&amp;show_original_year=2020&amp;tmdbid=361564&amp;url=https%3a%2f%2fapi.themoviedb.org%2f3%2ftv%2f103783%3fapi_key%3d34142515d9d23817496eeb4ff1d223d0%26language%3den%26append_to_response%3dexternal_ids&amp;video_data=%7b%22rating%22%3a%20%220%22%2c%20%22episode%22%3a%200%2c%20%22title%22%3a%20%22%5bCOLOR%20white%5d%5cu05e2%5cu05d5%5cu05e0%5cu05d4%201%5b%2fCOLOR%5d%22%2c%20%22season%22%3a%200%2c%20%22TVshowtitle%22%3a%20%22%22%2c%20%22mediatype%22%3a%20%22movie%22%2c%20%22plot%22%3a%20%22%5bCOLOR%20aqua%5d%20%5cu05e9%5cu05d5%5cu05d3%5cu05e8%20%5cu05d1%5cu05ea%5cu05d0%5cu05e8%5cu05d9%5cu05da%2010-07-2020%5b%2fCOLOR%5d%5cnA%20love%20letter%20to%20the%20diverse%20musicality%20of%20New%20York%20and%20an%20exploration%20the%20universal%20journey%20of%20finding%20your%20authentic%20voice%20in%20your%20early%2020s%20%5cu2014%20and%20the%20courage%20to%20use%20it.%22%2c%20%22OriginalTitle%22%3a%20%22Little%20Voice%22%2c%20%22Tag%22%3a%20%2216%22%2c%20%22year%22%3a%20%222020%22%7d&quot"/>
</include>

<include content="sessionone">
<param name="seesionone" value="513"/>
<param name="labelname" value="שקר לבן"/>
<param name="network" value="[COLOR red](UNKNOWN)[/COLOR]"/>
<param name="baseepisodidcontent" value="plugin://plugin.video.mando/?all_w=%7b%7d&amp;data=2019&amp;dates=%20&amp;description=%5bCOLOR%20aqua%5d%20%d7%a9%d7%95%d7%93%d7%a8%20%d7%91%d7%aa%d7%90%d7%a8%d7%99%d7%9a%2023-09-2019%5b%2fCOLOR%5d%0aBurned%20out%20and%20taken%20for%20granted%2c%20a%20working%20mom%20suspects%20her%20partner%20is%20cheating%2c%20so%20to%20win%20back%20his%20attentions%2c%20she%20feigns%20a%20medical%20diagnosis.&amp;eng_name=%20&amp;episode=%20&amp;fanart=https%3a%2f%2fimage.tmdb.org%2ft%2fp%2foriginal%2f%2fkwAzUl0qO6KOZco3JyhyY1vhDdE.jpg&amp;fav_status=false&amp;heb_name=%d7%a9%d7%a7%d7%a8%20%d7%9c%d7%91%d7%9f&amp;iconimage=https%3a%2f%2fimage.tmdb.org%2ft%2fp%2foriginal%2f%2fsDebnv87NykodIiPfJiYxrPBgxp.jpg&amp;id=87778&amp;image_master&amp;isr=0&amp;last_id&amp;mode=19&amp;name=%5bCOLOR%20white%5d%d7%a2%d7%95%d7%a0%d7%94%201%5b%2fCOLOR%5d&amp;original_title=Mythomaniac&amp;season=1&amp;show_original_year=2019&amp;tmdbid=361569&amp;url=https%3a%2f%2fapi.themoviedb.org%2f3%2ftv%2f87778%3fapi_key%3d34142515d9d23817496eeb4ff1d223d0%26language%3den%26append_to_response%3dexternal_ids&amp;video_data=%7b%22rating%22%3a%20%220%22%2c%20%22episode%22%3a%200%2c%20%22title%22%3a%20%22%5bCOLOR%20white%5d%5cu05e2%5cu05d5%5cu05e0%5cu05d4%201%5b%2fCOLOR%5d%22%2c%20%22season%22%3a%200%2c%20%22TVshowtitle%22%3a%20%22%22%2c%20%22mediatype%22%3a%20%22movie%22%2c%20%22plot%22%3a%20%22%5bCOLOR%20aqua%5d%20%5cu05e9%5cu05d5%5cu05d3%5cu05e8%20%5cu05d1%5cu05ea%5cu05d0%5cu05e8%5cu05d9%5cu05da%2023-09-2019%5b%2fCOLOR%5d%5cnBurned%20out%20and%20taken%20for%20granted%2c%20a%20working%20mom%20suspects%20her%20partner%20is%20cheating%2c%20so%20to%20win%20back%20his%20attentions%2c%20she%20feigns%20a%20medical%20diagnosis.%22%2c%20%22OriginalTitle%22%3a%20%22Mythomaniac%22%2c%20%22Tag%22%3a%20%2216%22%2c%20%22year%22%3a%20%222019%22%7d&quot"/>
</include>

<include content="sessionone">
<param name="seesionone" value="514"/>
<param name="labelname" value="וידה"/>
<param name="network" value="[COLOR red](UNKNOWN)[/COLOR]"/>
<param name="baseepisodidcontent" value="plugin://plugin.video.shadow/?all_w=%7b%7d&amp;data=2018&amp;dates=%20&amp;description=%5bCOLOR%20aqua%5d%20Aired%20At%2006-05-2018%5b%2fCOLOR%5d%0aTwo%20Mexican-American%20sisters%20from%20the%20Eastside%20of%20Los%20Angeles%20who%20couldn%27t%20be%20more%20different%20or%20distanced%20from%20each%20other%20are%20forced%20to%20return%20to%20their%20old%20neighborhood%2c%20where%20they%20are%20confronted%20by%20the%20past%20and%20surprising%20truth%20about%20their%20mother%e2%80%99s%20identity.&amp;eng_name=%20&amp;episode=%20&amp;fanart=https%3a%2f%2fimage.tmdb.org%2ft%2fp%2foriginal%2f%2fcTY1hT53oqRwQ3yIRbN6010cT1E.jpg&amp;fav_status=false&amp;heb_name=%d7%95%d7%99%d7%93%d7%94&amp;iconimage=https%3a%2f%2fimage.tmdb.org%2ft%2fp%2foriginal%2f%2fsIi09yHthYd3MaTirhiqKFrcwXq.jpg&amp;id=77031&amp;image_master&amp;isr=0&amp;last_id&amp;mode=19&amp;name=%5bCOLOR%20white%5dSeason%201%5b%2fCOLOR%5d&amp;original_title=Vida&amp;season=1&amp;show_original_year=2018&amp;tmdbid=340976&amp;url=https%3a%2f%2fapi.themoviedb.org%2f3%2ftv%2f77031%3fapi_key%3d34142515d9d23817496eeb4ff1d223d0%26language%3den%26append_to_response%3dexternal_ids&amp;video_data=%7b%22rating%22%3a%20%220%22%2c%20%22episode%22%3a%200%2c%20%22title%22%3a%20%22%5bCOLOR%20white%5dSeason%201%5b%2fCOLOR%5d%22%2c%20%22season%22%3a%200%2c%20%22TVshowtitle%22%3a%20%22%22%2c%20%22mediatype%22%3a%20%22movie%22%2c%20%22plot%22%3a%20%22%5bCOLOR%20aqua%5d%20Aired%20At%2006-05-2018%5b%2fCOLOR%5d%5cnTwo%20Mexican-American%20sisters%20from%20the%20Eastside%20of%20Los%20Angeles%20who%20couldn%27t%20be%20more%20different%20or%20distanced%20from%20each%20other%20are%20forced%20to%20return%20to%20their%20old%20neighborhood%2c%20where%20they%20are%20confronted%20by%20the%20past%20and%20surprising%20truth%20about%20their%20mother%5cu2019s%20identity.%22%2c%20%22OriginalTitle%22%3a%20%22Vida%22%2c%20%22Tag%22%3a%20%2216%22%2c%20%22year%22%3a%20%222018%22%7d&quot"/>
</include>
<include content="sessiontwo">
<param name="sessiontwo" value="515"/>
<param name="labelname" value="וידה"/>
<param name="network" value="[COLOR red](UNKNOWN)[/COLOR]"/>
<param name="baseepisodidcontent" value="plugin://plugin.video.shadow/?all_w=%7b%7d&amp;data=2019&amp;dates=%20&amp;description=%5bCOLOR%20aqua%5d%20Aired%20At%2026-05-2019%5b%2fCOLOR%5d%0aTwo%20Mexican-American%20sisters%20from%20the%20Eastside%20of%20Los%20Angeles%20who%20couldn%27t%20be%20more%20different%20or%20distanced%20from%20each%20other%20are%20forced%20to%20return%20to%20their%20old%20neighborhood%2c%20where%20they%20are%20confronted%20by%20the%20past%20and%20surprising%20truth%20about%20their%20mother%e2%80%99s%20identity.&amp;eng_name=%20&amp;episode=%20&amp;fanart=https%3a%2f%2fimage.tmdb.org%2ft%2fp%2foriginal%2f%2fcTY1hT53oqRwQ3yIRbN6010cT1E.jpg&amp;fav_status=false&amp;heb_name=%d7%95%d7%99%d7%93%d7%94&amp;iconimage=https%3a%2f%2fimage.tmdb.org%2ft%2fp%2foriginal%2f%2fvQCCFA00dgfhh599cBkgLQ3lOn6.jpg&amp;id=77031&amp;image_master&amp;isr=0&amp;last_id&amp;mode=19&amp;name=%5bCOLOR%20white%5dSeason%202%5b%2fCOLOR%5d&amp;original_title=Vida&amp;season=2&amp;show_original_year=2018&amp;tmdbid=340976&amp;url=https%3a%2f%2fapi.themoviedb.org%2f3%2ftv%2f77031%3fapi_key%3d34142515d9d23817496eeb4ff1d223d0%26language%3den%26append_to_response%3dexternal_ids&amp;video_data=%7b%22rating%22%3a%20%220%22%2c%20%22episode%22%3a%200%2c%20%22title%22%3a%20%22%5bCOLOR%20white%5dSeason%202%5b%2fCOLOR%5d%22%2c%20%22season%22%3a%200%2c%20%22TVshowtitle%22%3a%20%22%22%2c%20%22mediatype%22%3a%20%22movie%22%2c%20%22plot%22%3a%20%22%5bCOLOR%20aqua%5d%20Aired%20At%2026-05-2019%5b%2fCOLOR%5d%5cnTwo%20Mexican-American%20sisters%20from%20the%20Eastside%20of%20Los%20Angeles%20who%20couldn%27t%20be%20more%20different%20or%20distanced%20from%20each%20other%20are%20forced%20to%20return%20to%20their%20old%20neighborhood%2c%20where%20they%20are%20confronted%20by%20the%20past%20and%20surprising%20truth%20about%20their%20mother%5cu2019s%20identity.%22%2c%20%22OriginalTitle%22%3a%20%22Vida%22%2c%20%22Tag%22%3a%20%2216%22%2c%20%22year%22%3a%20%222019%22%7d&quot"/>
</include>
<include content="sessionthree">
<param name="sessionthree" value="516"/>
<param name="labelname" value="וידה"/>
<param name="network" value="[COLOR red](NETFLIX)[/COLOR]"/>
<param name="baseepisodidcontent" value="plugin://plugin.video.shadow/?all_w=%7b%7d&amp;data=2020&amp;dates=%20&amp;description=%5bCOLOR%20aqua%5d%20Aired%20At%2026-04-2020%5b%2fCOLOR%5d%0aTwo%20Mexican-American%20sisters%20from%20the%20Eastside%20of%20Los%20Angeles%20who%20couldn%27t%20be%20more%20different%20or%20distanced%20from%20each%20other%20are%20forced%20to%20return%20to%20their%20old%20neighborhood%2c%20where%20they%20are%20confronted%20by%20the%20past%20and%20surprising%20truth%20about%20their%20mother%e2%80%99s%20identity.&amp;eng_name=%20&amp;episode=%20&amp;fanart=https%3a%2f%2fimage.tmdb.org%2ft%2fp%2foriginal%2f%2fcTY1hT53oqRwQ3yIRbN6010cT1E.jpg&amp;fav_status=false&amp;heb_name=%d7%95%d7%99%d7%93%d7%94&amp;iconimage=https%3a%2f%2fimage.tmdb.org%2ft%2fp%2foriginal%2f%2fiomYAOIFslz3HsQEpf6dTfmuhEb.jpg&amp;id=77031&amp;image_master&amp;isr=0&amp;last_id&amp;mode=19&amp;name=%5bCOLOR%20white%5dSeason%203%5b%2fCOLOR%5d&amp;original_title=Vida&amp;season=3&amp;show_original_year=2018&amp;tmdbid=340976&amp;url=https%3a%2f%2fapi.themoviedb.org%2f3%2ftv%2f77031%3fapi_key%3d34142515d9d23817496eeb4ff1d223d0%26language%3den%26append_to_response%3dexternal_ids&amp;video_data=%7b%22rating%22%3a%20%220%22%2c%20%22episode%22%3a%200%2c%20%22title%22%3a%20%22%5bCOLOR%20white%5dSeason%203%5b%2fCOLOR%5d%22%2c%20%22season%22%3a%200%2c%20%22TVshowtitle%22%3a%20%22%22%2c%20%22mediatype%22%3a%20%22movie%22%2c%20%22plot%22%3a%20%22%5bCOLOR%20aqua%5d%20Aired%20At%2026-04-2020%5b%2fCOLOR%5d%5cnTwo%20Mexican-American%20sisters%20from%20the%20Eastside%20of%20Los%20Angeles%20who%20couldn%27t%20be%20more%20different%20or%20distanced%20from%20each%20other%20are%20forced%20to%20return%20to%20their%20old%20neighborhood%2c%20where%20they%20are%20confronted%20by%20the%20past%20and%20surprising%20truth%20about%20their%20mother%5cu2019s%20identity.%22%2c%20%22OriginalTitle%22%3a%20%22Vida%22%2c%20%22Tag%22%3a%20%2216%22%2c%20%22year%22%3a%20%222020%22%7d&quot"/>
</include>

<include content="sessionone">
<param name="seesionone" value="517"/>
<param name="labelname" value="נותנות בראש"/>
<param name="network" value="[COLOR red](UNKNOWN)[/COLOR]"/>
<param name="baseepisodidcontent" value="plugin://plugin.video.shadow/?all_w=%7b%7d&amp;data=2020&amp;dates=%20&amp;description=%5bCOLOR%20aqua%5d%20Aired%20At%2014-08-2020%5b%2fCOLOR%5d%0aAfter%20joining%20forces%20with%20a%20veteran%20bounty%20hunter%2c%20sixteen-year-old%20fraternal%20twin%20sisters%20Sterling%20and%20Blair%20dive%20into%20the%20world%20of%20bail%20skipping%20baddies%20while%20still%20navigating%20the%20high%20stakes%20of%20teenage%20love%20and%20sex.&amp;eng_name=%20&amp;episode=%20&amp;fanart=https%3a%2f%2fimage.tmdb.org%2ft%2fp%2foriginal%2f%2f63LRRGIWQxvJiW4G1fRyS70ZE6Y.jpg&amp;fav_status=false&amp;heb_name=%d7%a0%d7%95%d7%aa%d7%a0%d7%95%d7%aa%20%d7%91%d7%a8%d7%90%d7%a9&amp;iconimage=https%3a%2f%2fimage.tmdb.org%2ft%2fp%2foriginal%2f%2fgFtJaWcLAJJsSzfuWcLSeAS8aVl.jpg&amp;id=90766&amp;image_master&amp;isr=0&amp;last_id&amp;mode=19&amp;name=%5bCOLOR%20white%5dSeason%201%5b%2fCOLOR%5d&amp;original_title=Teenage%20Bounty%20Hunters&amp;season=1&amp;show_original_year=2020&amp;tmdbid=385713&amp;url=https%3a%2f%2fapi.themoviedb.org%2f3%2ftv%2f90766%3fapi_key%3d34142515d9d23817496eeb4ff1d223d0%26language%3den%26append_to_response%3dexternal_ids&amp;video_data=%7b%22rating%22%3a%20%220%22%2c%20%22episode%22%3a%200%2c%20%22title%22%3a%20%22%5bCOLOR%20white%5dSeason%201%5b%2fCOLOR%5d%22%2c%20%22season%22%3a%200%2c%20%22TVshowtitle%22%3a%20%22%22%2c%20%22mediatype%22%3a%20%22movie%22%2c%20%22plot%22%3a%20%22%5bCOLOR%20aqua%5d%20Aired%20At%2014-08-2020%5b%2fCOLOR%5d%5cnAfter%20joining%20forces%20with%20a%20veteran%20bounty%20hunter%2c%20sixteen-year-old%20fraternal%20twin%20sisters%20Sterling%20and%20Blair%20dive%20into%20the%20world%20of%20bail%20skipping%20baddies%20while%20still%20navigating%20the%20high%20stakes%20of%20teenage%20love%20and%20sex.%22%2c%20%22OriginalTitle%22%3a%20%22Teenage%20Bounty%20Hunters%22%2c%20%22Tag%22%3a%20%2216%22%2c%20%22year%22%3a%20%222020%22%7d&quot"/>
</include>

<include content="sessionone">
<param name="seesionone" value="518"/>
<param name="labelname" value="גרינליף"/>
<param name="network" value="[COLOR red](UNKNOWN)[/COLOR]"/>
<param name="baseepisodidcontent" value="plugin://plugin.video.mando/?all_w=%7b%7d&amp;data=2018&amp;dates=%20&amp;description=%5bCOLOR%20aqua%5d%20%d7%a9%d7%95%d7%93%d7%a8%20%d7%91%d7%aa%d7%90%d7%a8%d7%99%d7%9a%2028-08-2018%5b%2fCOLOR%5d%0aThe%20unscrupulous%20world%20of%20the%20Greenleaf%20family%20and%20their%20sprawling%20Memphis%20megachurch%2c%20where%20scandalous%20secrets%20and%20lies%20are%20as%20numerous%20as%20the%20faithful.%20Born%20of%20the%20church%2c%20the%20Greenleaf%20family%20love%20and%20care%20for%20each%20other%2c%20but%20beneath%20the%20surface%20lies%20a%20den%20of%20iniquity%e2%80%94greed%2c%20adultery%2c%20sibling%20rivalry%20and%20conflicting%20values%e2%80%94that%20threatens%20to%20tear%20apart%20the%20very%20core%20of%20their%20faith%20that%20holds%20them%20together.&amp;eng_name=%20&amp;episode=%20&amp;fanart=https%3a%2f%2fimage.tmdb.org%2ft%2fp%2foriginal%2f%2fxhpELezB7GxS6PEb1nOPAjXici1.jpg&amp;fav_status=false&amp;heb_name=%d7%92%d7%a8%d7%99%d7%a0%d7%9c%d7%99%d7%a3&amp;iconimage=https%3a%2f%2fimage.tmdb.org%2ft%2fp%2foriginal%2f%2f9vxQC7dKExHC9VXTgGx04eTKCfu.jpg&amp;id=66830&amp;image_master&amp;isr=0&amp;last_id&amp;mode=19&amp;name=%5bCOLOR%20white%5d%d7%a2%d7%95%d7%a0%d7%94%203%5b%2fCOLOR%5d&amp;original_title=Greenleaf&amp;season=3&amp;show_original_year=2016&amp;tmdbid=306391&amp;url=https%3a%2f%2fapi.themoviedb.org%2f3%2ftv%2f66830%3fapi_key%3d34142515d9d23817496eeb4ff1d223d0%26language%3den%26append_to_response%3dexternal_ids&amp;video_data=%7b%22rating%22%3a%20%220%22%2c%20%22episode%22%3a%200%2c%20%22title%22%3a%20%22%5bCOLOR%20white%5d%5cu05e2%5cu05d5%5cu05e0%5cu05d4%203%5b%2fCOLOR%5d%22%2c%20%22season%22%3a%200%2c%20%22TVshowtitle%22%3a%20%22%22%2c%20%22mediatype%22%3a%20%22movie%22%2c%20%22plot%22%3a%20%22%5bCOLOR%20aqua%5d%20%5cu05e9%5cu05d5%5cu05d3%5cu05e8%20%5cu05d1%5cu05ea%5cu05d0%5cu05e8%5cu05d9%5cu05da%2028-08-2018%5b%2fCOLOR%5d%5cnThe%20unscrupulous%20world%20of%20the%20Greenleaf%20family%20and%20their%20sprawling%20Memphis%20megachurch%2c%20where%20scandalous%20secrets%20and%20lies%20are%20as%20numerous%20as%20the%20faithful.%20Born%20of%20the%20church%2c%20the%20Greenleaf%20family%20love%20and%20care%20for%20each%20other%2c%20but%20beneath%20the%20surface%20lies%20a%20den%20of%20iniquity%5cu2014greed%2c%20adultery%2c%20sibling%20rivalry%20and%20conflicting%20values%5cu2014that%20threatens%20to%20tear%20apart%20the%20very%20core%20of%20their%20faith%20that%20holds%20them%20together.%22%2c%20%22OriginalTitle%22%3a%20%22Greenleaf%22%2c%20%22Tag%22%3a%20%2216%22%2c%20%22year%22%3a%20%222018%22%7d&quot"/>
</include>
<include content="sessiontwo">
<param name="sessiontwo" value="519"/>
<param name="labelname" value="גרינליף"/>
<param name="network" value="[COLOR red](UNKNOWN)[/COLOR]"/>
<param name="baseepisodidcontent" value="plugin://plugin.video.mando/?all_w=%7b%7d&amp;data=2019&amp;dates=%20&amp;description=%5bCOLOR%20aqua%5d%20%d7%a9%d7%95%d7%93%d7%a8%20%d7%91%d7%aa%d7%90%d7%a8%d7%99%d7%9a%2003-09-2019%5b%2fCOLOR%5d%0aThe%20unscrupulous%20world%20of%20the%20Greenleaf%20family%20and%20their%20sprawling%20Memphis%20megachurch%2c%20where%20scandalous%20secrets%20and%20lies%20are%20as%20numerous%20as%20the%20faithful.%20Born%20of%20the%20church%2c%20the%20Greenleaf%20family%20love%20and%20care%20for%20each%20other%2c%20but%20beneath%20the%20surface%20lies%20a%20den%20of%20iniquity%e2%80%94greed%2c%20adultery%2c%20sibling%20rivalry%20and%20conflicting%20values%e2%80%94that%20threatens%20to%20tear%20apart%20the%20very%20core%20of%20their%20faith%20that%20holds%20them%20together.&amp;eng_name=%20&amp;episode=%20&amp;fanart=https%3a%2f%2fimage.tmdb.org%2ft%2fp%2foriginal%2f%2fxhpELezB7GxS6PEb1nOPAjXici1.jpg&amp;fav_status=false&amp;heb_name=%d7%92%d7%a8%d7%99%d7%a0%d7%9c%d7%99%d7%a3&amp;iconimage=https%3a%2f%2fimage.tmdb.org%2ft%2fp%2foriginal%2f%2f54VjGm4gouRiFJHKS72Gkf1HE7u.jpg&amp;id=66830&amp;image_master&amp;isr=0&amp;last_id&amp;mode=19&amp;name=%5bCOLOR%20white%5d%d7%a2%d7%95%d7%a0%d7%94%204%5b%2fCOLOR%5d&amp;original_title=Greenleaf&amp;season=4&amp;show_original_year=2016&amp;tmdbid=306391&amp;url=https%3a%2f%2fapi.themoviedb.org%2f3%2ftv%2f66830%3fapi_key%3d34142515d9d23817496eeb4ff1d223d0%26language%3den%26append_to_response%3dexternal_ids&amp;video_data=%7b%22rating%22%3a%20%220%22%2c%20%22episode%22%3a%200%2c%20%22title%22%3a%20%22%5bCOLOR%20white%5d%5cu05e2%5cu05d5%5cu05e0%5cu05d4%204%5b%2fCOLOR%5d%22%2c%20%22season%22%3a%200%2c%20%22TVshowtitle%22%3a%20%22%22%2c%20%22mediatype%22%3a%20%22movie%22%2c%20%22plot%22%3a%20%22%5bCOLOR%20aqua%5d%20%5cu05e9%5cu05d5%5cu05d3%5cu05e8%20%5cu05d1%5cu05ea%5cu05d0%5cu05e8%5cu05d9%5cu05da%2003-09-2019%5b%2fCOLOR%5d%5cnThe%20unscrupulous%20world%20of%20the%20Greenleaf%20family%20and%20their%20sprawling%20Memphis%20megachurch%2c%20where%20scandalous%20secrets%20and%20lies%20are%20as%20numerous%20as%20the%20faithful.%20Born%20of%20the%20church%2c%20the%20Greenleaf%20family%20love%20and%20care%20for%20each%20other%2c%20but%20beneath%20the%20surface%20lies%20a%20den%20of%20iniquity%5cu2014greed%2c%20adultery%2c%20sibling%20rivalry%20and%20conflicting%20values%5cu2014that%20threatens%20to%20tear%20apart%20the%20very%20core%20of%20their%20faith%20that%20holds%20them%20together.%22%2c%20%22OriginalTitle%22%3a%20%22Greenleaf%22%2c%20%22Tag%22%3a%20%2216%22%2c%20%22year%22%3a%20%222019%22%7d&quot"/>
</include>
<include content="sessionthree">
<param name="sessionthree" value="520"/>
<param name="labelname" value="גרינליף"/>
<param name="network" value="[COLOR red](NETFLIX)[/COLOR]"/>
<param name="baseepisodidcontent" value="plugin://plugin.video.mando/?all_w=%7b%7d&amp;data=2020&amp;dates=%20&amp;description=%5bCOLOR%20aqua%5d%20%d7%a9%d7%95%d7%93%d7%a8%20%d7%91%d7%aa%d7%90%d7%a8%d7%99%d7%9a%2023-06-2020%5b%2fCOLOR%5d%0aThe%20unscrupulous%20world%20of%20the%20Greenleaf%20family%20and%20their%20sprawling%20Memphis%20megachurch%2c%20where%20scandalous%20secrets%20and%20lies%20are%20as%20numerous%20as%20the%20faithful.%20Born%20of%20the%20church%2c%20the%20Greenleaf%20family%20love%20and%20care%20for%20each%20other%2c%20but%20beneath%20the%20surface%20lies%20a%20den%20of%20iniquity%e2%80%94greed%2c%20adultery%2c%20sibling%20rivalry%20and%20conflicting%20values%e2%80%94that%20threatens%20to%20tear%20apart%20the%20very%20core%20of%20their%20faith%20that%20holds%20them%20together.&amp;eng_name=%20&amp;episode=%20&amp;fanart=https%3a%2f%2fimage.tmdb.org%2ft%2fp%2foriginal%2f%2fxhpELezB7GxS6PEb1nOPAjXici1.jpg&amp;fav_status=false&amp;heb_name=%d7%92%d7%a8%d7%99%d7%a0%d7%9c%d7%99%d7%a3&amp;iconimage=https%3a%2f%2fimage.tmdb.org%2ft%2fp%2foriginal%2f%2fdnKwzDle0E7tHnddW9gbFf44GzH.jpg&amp;id=66830&amp;image_master&amp;isr=0&amp;last_id&amp;mode=19&amp;name=%5bCOLOR%20white%5d%d7%a2%d7%95%d7%a0%d7%94%205%5b%2fCOLOR%5d&amp;original_title=Greenleaf&amp;season=5&amp;show_original_year=2016&amp;tmdbid=306391&amp;url=https%3a%2f%2fapi.themoviedb.org%2f3%2ftv%2f66830%3fapi_key%3d34142515d9d23817496eeb4ff1d223d0%26language%3den%26append_to_response%3dexternal_ids&amp;video_data=%7b%22rating%22%3a%20%220%22%2c%20%22episode%22%3a%200%2c%20%22title%22%3a%20%22%5bCOLOR%20white%5d%5cu05e2%5cu05d5%5cu05e0%5cu05d4%205%5b%2fCOLOR%5d%22%2c%20%22season%22%3a%200%2c%20%22TVshowtitle%22%3a%20%22%22%2c%20%22mediatype%22%3a%20%22movie%22%2c%20%22plot%22%3a%20%22%5bCOLOR%20aqua%5d%20%5cu05e9%5cu05d5%5cu05d3%5cu05e8%20%5cu05d1%5cu05ea%5cu05d0%5cu05e8%5cu05d9%5cu05da%2023-06-2020%5b%2fCOLOR%5d%5cnThe%20unscrupulous%20world%20of%20the%20Greenleaf%20family%20and%20their%20sprawling%20Memphis%20megachurch%2c%20where%20scandalous%20secrets%20and%20lies%20are%20as%20numerous%20as%20the%20faithful.%20Born%20of%20the%20church%2c%20the%20Greenleaf%20family%20love%20and%20care%20for%20each%20other%2c%20but%20beneath%20the%20surface%20lies%20a%20den%20of%20iniquity%5cu2014greed%2c%20adultery%2c%20sibling%20rivalry%20and%20conflicting%20values%5cu2014that%20threatens%20to%20tear%20apart%20the%20very%20core%20of%20their%20faith%20that%20holds%20them%20together.%22%2c%20%22OriginalTitle%22%3a%20%22Greenleaf%22%2c%20%22Tag%22%3a%20%2216%22%2c%20%22year%22%3a%20%222020%22%7d&quot"/>
</include>

<include content="sessionone">
<param name="seesionone" value="521"/>
<param name="labelname" value="גון הנבל"/>
<param name="network" value="[COLOR red](UNKNOWN)[/COLOR]"/>
<param name="baseepisodidcontent" value="plugin://plugin.video.mando/?all_w=%7b%7d&amp;data=2018&amp;dates=%20&amp;description=%5bCOLOR%20aqua%5d%20%d7%a9%d7%95%d7%93%d7%a8%20%d7%91%d7%aa%d7%90%d7%a8%d7%99%d7%9a%2025-11-2018%5b%2fCOLOR%5d%0aThis%20true%20crime%20anthology%2c%20based%20on%20the%20podcast%20of%20the%20same%20name%2c%20follows%20the%20terrifyingly%20true%20story%20of%20Orange%20County%20interior%20designer%20Debra%20Newell%e2%80%99s%20romance%20with%20John%20Meehan%2c%20a%20handsome%20and%20romantic%20charmer%20who%20sweeps%20Debra%20off%20her%20feet%20and%20pulls%20her%20into%20his%20web%20of%20lies.&amp;eng_name=%20&amp;episode=%20&amp;fanart=https%3a%2f%2fimage.tmdb.org%2ft%2fp%2foriginal%2f%2fovVbeHOHxlKaK0Ce6uJb2Z4UZuo.jpg&amp;fav_status=false&amp;heb_name=%d7%92%27%d7%95%d7%9f%20%d7%94%d7%a0%d7%91%d7%9c&amp;iconimage=https%3a%2f%2fimage.tmdb.org%2ft%2fp%2foriginal%2f%2f5QWYsyYuVIdfF7GmUPBZDshILKr.jpg&amp;id=83251&amp;image_master&amp;isr=0&amp;last_id&amp;mode=19&amp;name=%5bCOLOR%20white%5d%d7%a2%d7%95%d7%a0%d7%94%201%5b%2fCOLOR%5d&amp;original_title=Dirty%20John&amp;season=1&amp;show_original_year=2018&amp;tmdbid=351254&amp;url=https%3a%2f%2fapi.themoviedb.org%2f3%2ftv%2f83251%3fapi_key%3d34142515d9d23817496eeb4ff1d223d0%26language%3den%26append_to_response%3dexternal_ids&amp;video_data=%7b%22rating%22%3a%20%220%22%2c%20%22episode%22%3a%200%2c%20%22title%22%3a%20%22%5bCOLOR%20white%5d%5cu05e2%5cu05d5%5cu05e0%5cu05d4%201%5b%2fCOLOR%5d%22%2c%20%22season%22%3a%200%2c%20%22TVshowtitle%22%3a%20%22%22%2c%20%22mediatype%22%3a%20%22movie%22%2c%20%22plot%22%3a%20%22%5bCOLOR%20aqua%5d%20%5cu05e9%5cu05d5%5cu05d3%5cu05e8%20%5cu05d1%5cu05ea%5cu05d0%5cu05e8%5cu05d9%5cu05da%2025-11-2018%5b%2fCOLOR%5d%5cnThis%20true%20crime%20anthology%2c%20based%20on%20the%20podcast%20of%20the%20same%20name%2c%20follows%20the%20terrifyingly%20true%20story%20of%20Orange%20County%20interior%20designer%20Debra%20Newell%5cu2019s%20romance%20with%20John%20Meehan%2c%20a%20handsome%20and%20romantic%20charmer%20who%20sweeps%20Debra%20off%20her%20feet%20and%20pulls%20her%20into%20his%20web%20of%20lies.%22%2c%20%22OriginalTitle%22%3a%20%22Dirty%20John%22%2c%20%22Tag%22%3a%20%2216%22%2c%20%22year%22%3a%20%222018%22%7d&quot"/>
</include>
<include content="sessiontwo">
<param name="sessiontwo" value="522"/>
<param name="labelname" value="גון הנבל"/>
<param name="network" value="[COLOR red](UNKNOWN)[/COLOR]"/>
<param name="baseepisodidcontent" value="plugin://plugin.video.shadow/?all_w=%7b%7d&amp;data=2020&amp;dates=%20&amp;description=%5bCOLOR%20aqua%5d%20Aired%20At%2002-06-2020%5b%2fCOLOR%5d%0aThis%20true%20crime%20anthology%2c%20based%20on%20the%20podcast%20of%20the%20same%20name%2c%20follows%20the%20terrifyingly%20true%20story%20of%20Orange%20County%20interior%20designer%20Debra%20Newell%e2%80%99s%20romance%20with%20John%20Meehan%2c%20a%20handsome%20and%20romantic%20charmer%20who%20sweeps%20Debra%20off%20her%20feet%20and%20pulls%20her%20into%20his%20web%20of%20lies.&amp;eng_name=%20&amp;episode=%20&amp;fanart=https%3a%2f%2fimage.tmdb.org%2ft%2fp%2foriginal%2f%2fovVbeHOHxlKaK0Ce6uJb2Z4UZuo.jpg&amp;fav_status=false&amp;heb_name=%d7%92%27%d7%95%d7%9f%20%d7%94%d7%a0%d7%91%d7%9c&amp;iconimage=https%3a%2f%2fimage.tmdb.org%2ft%2fp%2foriginal%2f%2fepIeL5ru4ETHTL3X3XOmT1ryd84.jpg&amp;id=83251&amp;image_master&amp;isr=0&amp;last_id&amp;mode=19&amp;name=%5bCOLOR%20white%5dSeason%202%5b%2fCOLOR%5d&amp;original_title=Dirty%20John&amp;season=2&amp;show_original_year=2018&amp;tmdbid=351254&amp;url=https%3a%2f%2fapi.themoviedb.org%2f3%2ftv%2f83251%3fapi_key%3d34142515d9d23817496eeb4ff1d223d0%26language%3den%26append_to_response%3dexternal_ids&amp;video_data=%7b%22rating%22%3a%20%220%22%2c%20%22episode%22%3a%200%2c%20%22title%22%3a%20%22%5bCOLOR%20white%5dSeason%202%5b%2fCOLOR%5d%22%2c%20%22season%22%3a%200%2c%20%22TVshowtitle%22%3a%20%22%22%2c%20%22mediatype%22%3a%20%22movie%22%2c%20%22plot%22%3a%20%22%5bCOLOR%20aqua%5d%20Aired%20At%2002-06-2020%5b%2fCOLOR%5d%5cnThis%20true%20crime%20anthology%2c%20based%20on%20the%20podcast%20of%20the%20same%20name%2c%20follows%20the%20terrifyingly%20true%20story%20of%20Orange%20County%20interior%20designer%20Debra%20Newell%5cu2019s%20romance%20with%20John%20Meehan%2c%20a%20handsome%20and%20romantic%20charmer%20who%20sweeps%20Debra%20off%20her%20feet%20and%20pulls%20her%20into%20his%20web%20of%20lies.%22%2c%20%22OriginalTitle%22%3a%20%22Dirty%20John%22%2c%20%22Tag%22%3a%20%2216%22%2c%20%22year%22%3a%20%222020%22%7d&quot"/>
</include>

<include content="sessionone">
<param name="seesionone" value="523"/>
<param name="labelname" value="חדר מאה וארבע"/>
<param name="network" value="[COLOR red](UNKNOWN)[/COLOR]"/>
<param name="baseepisodidcontent" value="plugin://plugin.video.mando/?all_w=%7b%7d&amp;data=2018&amp;dates=%20&amp;description=%5bCOLOR%20aqua%5d%20%d7%a9%d7%95%d7%93%d7%a8%20%d7%91%d7%aa%d7%90%d7%a8%d7%99%d7%9a%2009-11-2018%5b%2fCOLOR%5d%0aAn%20anthology%20series%20set%20in%20a%20single%20hotel%20room%2c%20where%20every%20guest%20who%20comes%20to%20stay%20reveals%20a%20unique%20set%20of%20circumstances%20and%20quirks.&amp;eng_name=%20&amp;episode=%20&amp;fanart=https%3a%2f%2fimage.tmdb.org%2ft%2fp%2foriginal%2f%2f686dTZOJf2UBW9Uoq3m6j32tZfN.jpg&amp;fav_status=false&amp;heb_name=%d7%97%d7%93%d7%a8%20104&amp;iconimage=https%3a%2f%2fimage.tmdb.org%2ft%2fp%2foriginal%2f%2fhaa6ey7SBkmoIb0f1BU7m5P91CD.jpg&amp;id=72581&amp;image_master&amp;isr=0&amp;last_id&amp;mode=19&amp;name=%5bCOLOR%20white%5d%d7%a2%d7%95%d7%a0%d7%94%202%5b%2fCOLOR%5d&amp;original_title=Room%20104&amp;season=2&amp;show_original_year=2017&amp;tmdbid=328308&amp;url=https%3a%2f%2fapi.themoviedb.org%2f3%2ftv%2f72581%3fapi_key%3d34142515d9d23817496eeb4ff1d223d0%26language%3den%26append_to_response%3dexternal_ids&amp;video_data=%7b%22rating%22%3a%20%220%22%2c%20%22episode%22%3a%200%2c%20%22title%22%3a%20%22%5bCOLOR%20white%5d%5cu05e2%5cu05d5%5cu05e0%5cu05d4%202%5b%2fCOLOR%5d%22%2c%20%22season%22%3a%200%2c%20%22TVshowtitle%22%3a%20%22%22%2c%20%22mediatype%22%3a%20%22movie%22%2c%20%22plot%22%3a%20%22%5bCOLOR%20aqua%5d%20%5cu05e9%5cu05d5%5cu05d3%5cu05e8%20%5cu05d1%5cu05ea%5cu05d0%5cu05e8%5cu05d9%5cu05da%2009-11-2018%5b%2fCOLOR%5d%5cnAn%20anthology%20series%20set%20in%20a%20single%20hotel%20room%2c%20where%20every%20guest%20who%20comes%20to%20stay%20reveals%20a%20unique%20set%20of%20circumstances%20and%20quirks.%22%2c%20%22OriginalTitle%22%3a%20%22Room%20104%22%2c%20%22Tag%22%3a%20%2216%22%2c%20%22year%22%3a%20%222018%22%7d&quot"/>
</include>
<include content="sessiontwo">
<param name="sessiontwo" value="524"/>
<param name="labelname" value="חדר מאה וארבע"/>
<param name="network" value="[COLOR red](UNKNOWN)[/COLOR]"/>
<param name="baseepisodidcontent" value="plugin://plugin.video.mando/?all_w=%7b%7d&amp;data=2019&amp;dates=%20&amp;description=%5bCOLOR%20aqua%5d%20%d7%a9%d7%95%d7%93%d7%a8%20%d7%91%d7%aa%d7%90%d7%a8%d7%99%d7%9a%2013-09-2019%5b%2fCOLOR%5d%0aAn%20anthology%20series%20set%20in%20a%20single%20hotel%20room%2c%20where%20every%20guest%20who%20comes%20to%20stay%20reveals%20a%20unique%20set%20of%20circumstances%20and%20quirks.&amp;eng_name=%20&amp;episode=%20&amp;fanart=https%3a%2f%2fimage.tmdb.org%2ft%2fp%2foriginal%2f%2f686dTZOJf2UBW9Uoq3m6j32tZfN.jpg&amp;fav_status=false&amp;heb_name=%d7%97%d7%93%d7%a8%20104&amp;iconimage=https%3a%2f%2fimage.tmdb.org%2ft%2fp%2foriginal%2f%2f6xs2koFT54bYFZKi22dwbW3CXS5.jpg&amp;id=72581&amp;image_master&amp;isr=0&amp;last_id&amp;mode=19&amp;name=%5bCOLOR%20white%5d%d7%a2%d7%95%d7%a0%d7%94%203%5b%2fCOLOR%5d&amp;original_title=Room%20104&amp;season=3&amp;show_original_year=2017&amp;tmdbid=328308&amp;url=https%3a%2f%2fapi.themoviedb.org%2f3%2ftv%2f72581%3fapi_key%3d34142515d9d23817496eeb4ff1d223d0%26language%3den%26append_to_response%3dexternal_ids&amp;video_data=%7b%22rating%22%3a%20%220%22%2c%20%22episode%22%3a%200%2c%20%22title%22%3a%20%22%5bCOLOR%20white%5d%5cu05e2%5cu05d5%5cu05e0%5cu05d4%203%5b%2fCOLOR%5d%22%2c%20%22season%22%3a%200%2c%20%22TVshowtitle%22%3a%20%22%22%2c%20%22mediatype%22%3a%20%22movie%22%2c%20%22plot%22%3a%20%22%5bCOLOR%20aqua%5d%20%5cu05e9%5cu05d5%5cu05d3%5cu05e8%20%5cu05d1%5cu05ea%5cu05d0%5cu05e8%5cu05d9%5cu05da%2013-09-2019%5b%2fCOLOR%5d%5cnAn%20anthology%20series%20set%20in%20a%20single%20hotel%20room%2c%20where%20every%20guest%20who%20comes%20to%20stay%20reveals%20a%20unique%20set%20of%20circumstances%20and%20quirks.%22%2c%20%22OriginalTitle%22%3a%20%22Room%20104%22%2c%20%22Tag%22%3a%20%2216%22%2c%20%22year%22%3a%20%222019%22%7d&quot"/>
</include>
<include content="sessionthree">
<param name="sessionthree" value="525"/>
<param name="labelname" value="חדר מאה וארבע"/>
<param name="network" value="[COLOR red](NETFLIX)[/COLOR]"/>
<param name="baseepisodidcontent" value="plugin://plugin.video.mando/?all_w=%7b%7d&amp;data=2020&amp;dates=%20&amp;description=%5bCOLOR%20aqua%5d%20%d7%a9%d7%95%d7%93%d7%a8%20%d7%91%d7%aa%d7%90%d7%a8%d7%99%d7%9a%2024-07-2020%5b%2fCOLOR%5d%0aAn%20anthology%20series%20set%20in%20a%20single%20hotel%20room%2c%20where%20every%20guest%20who%20comes%20to%20stay%20reveals%20a%20unique%20set%20of%20circumstances%20and%20quirks.&amp;eng_name=%20&amp;episode=%20&amp;fanart=https%3a%2f%2fimage.tmdb.org%2ft%2fp%2foriginal%2f%2f686dTZOJf2UBW9Uoq3m6j32tZfN.jpg&amp;fav_status=false&amp;heb_name=%d7%97%d7%93%d7%a8%20104&amp;iconimage=https%3a%2f%2fimage.tmdb.org%2ft%2fp%2foriginal%2f%2fwOyn9r9VC2pJhXasUKxlpEmCAGV.jpg&amp;id=72581&amp;image_master&amp;isr=0&amp;last_id&amp;mode=19&amp;name=%5bCOLOR%20white%5d%d7%a2%d7%95%d7%a0%d7%94%204%5b%2fCOLOR%5d&amp;original_title=Room%20104&amp;season=4&amp;show_original_year=2017&amp;tmdbid=328308&amp;url=https%3a%2f%2fapi.themoviedb.org%2f3%2ftv%2f72581%3fapi_key%3d34142515d9d23817496eeb4ff1d223d0%26language%3den%26append_to_response%3dexternal_ids&amp;video_data=%7b%22rating%22%3a%20%220%22%2c%20%22episode%22%3a%200%2c%20%22title%22%3a%20%22%5bCOLOR%20white%5d%5cu05e2%5cu05d5%5cu05e0%5cu05d4%204%5b%2fCOLOR%5d%22%2c%20%22season%22%3a%200%2c%20%22TVshowtitle%22%3a%20%22%22%2c%20%22mediatype%22%3a%20%22movie%22%2c%20%22plot%22%3a%20%22%5bCOLOR%20aqua%5d%20%5cu05e9%5cu05d5%5cu05d3%5cu05e8%20%5cu05d1%5cu05ea%5cu05d0%5cu05e8%5cu05d9%5cu05da%2024-07-2020%5b%2fCOLOR%5d%5cnAn%20anthology%20series%20set%20in%20a%20single%20hotel%20room%2c%20where%20every%20guest%20who%20comes%20to%20stay%20reveals%20a%20unique%20set%20of%20circumstances%20and%20quirks.%22%2c%20%22OriginalTitle%22%3a%20%22Room%20104%22%2c%20%22Tag%22%3a%20%2216%22%2c%20%22year%22%3a%20%222020%22%7d&quot"/>
</include>

<include content="sessionone">
<param name="seesionone" value="526"/>
<param name="labelname" value="סדר אותי"/>
<param name="network" value="[COLOR gray](HBO)[/COLOR]"/>
<param name="baseepisodidcontent" value="plugin://plugin.video.shadow/?all_w=%7b%7d&amp;data=2018&amp;dates=%20&amp;description=%5bCOLOR%20aqua%5d%20Aired%20At%2019-01-2018%5b%2fCOLOR%5d%0aJump%20into%20the%20daily%20routines%20of%20a%20diverse%20group%20of%20New%20Yorkers%20and%20how%20they%20light%20things%20up.%20%e2%80%9cThe%20Guy%e2%80%9d%20is%20a%20nameless%20pot%20deliveryman%20whose%20client%20base%20includes%20an%20eccentric%20group%20of%20characters%20with%20neuroses%20as%20diverse%20as%20the%20city.&amp;eng_name=%20&amp;episode=%20&amp;fanart=https%3a%2f%2fimage.tmdb.org%2ft%2fp%2foriginal%2f%2f1gGqDyfSAkoXENPSvSYXxBTePT9.jpg&amp;fav_status=false&amp;heb_name=%d7%a1%d7%93%d7%a8%20%d7%90%d7%95%d7%aa%d7%99&amp;iconimage=https%3a%2f%2fimage.tmdb.org%2ft%2fp%2foriginal%2f%2f2AxWXd4rELTNaF3xy5Xni84ntYY.jpg&amp;id=67243&amp;image_master&amp;isr=0&amp;last_id&amp;mode=19&amp;name=%5bCOLOR%20white%5dSeason%202%5b%2fCOLOR%5d&amp;original_title=High%20Maintenance&amp;season=2&amp;show_original_year=2016&amp;tmdbid=314324&amp;url=https%3a%2f%2fapi.themoviedb.org%2f3%2ftv%2f67243%3fapi_key%3d34142515d9d23817496eeb4ff1d223d0%26language%3den%26append_to_response%3dexternal_ids&amp;video_data=%7b%22rating%22%3a%20%220%22%2c%20%22episode%22%3a%200%2c%20%22title%22%3a%20%22%5bCOLOR%20white%5dSeason%202%5b%2fCOLOR%5d%22%2c%20%22season%22%3a%200%2c%20%22TVshowtitle%22%3a%20%22%22%2c%20%22mediatype%22%3a%20%22movie%22%2c%20%22plot%22%3a%20%22%5bCOLOR%20aqua%5d%20Aired%20At%2019-01-2018%5b%2fCOLOR%5d%5cnJump%20into%20the%20daily%20routines%20of%20a%20diverse%20group%20of%20New%20Yorkers%20and%20how%20they%20light%20things%20up.%20%5cu201cThe%20Guy%5cu201d%20is%20a%20nameless%20pot%20deliveryman%20whose%20client%20base%20includes%20an%20eccentric%20group%20of%20characters%20with%20neuroses%20as%20diverse%20as%20the%20city.%22%2c%20%22OriginalTitle%22%3a%20%22High%20Maintenance%22%2c%20%22Tag%22%3a%20%2216%22%2c%20%22year%22%3a%20%222018%22%7d&quot"/>
</include>
<include content="sessiontwo">
<param name="sessiontwo" value="527"/>
<param name="labelname" value="סדר אותי"/>
<param name="network" value="[COLOR gray](HBO)[/COLOR]"/>
<param name="baseepisodidcontent" value="plugin://plugin.video.shadow/?all_w=%7b%7d&amp;data=2019&amp;dates=%20&amp;description=%5bCOLOR%20aqua%5d%20Aired%20At%2020-01-2019%5b%2fCOLOR%5d%0aJump%20into%20the%20daily%20routines%20of%20a%20diverse%20group%20of%20New%20Yorkers%20and%20how%20they%20light%20things%20up.%20%e2%80%9cThe%20Guy%e2%80%9d%20is%20a%20nameless%20pot%20deliveryman%20whose%20client%20base%20includes%20an%20eccentric%20group%20of%20characters%20with%20neuroses%20as%20diverse%20as%20the%20city.&amp;eng_name=%20&amp;episode=%20&amp;fanart=https%3a%2f%2fimage.tmdb.org%2ft%2fp%2foriginal%2f%2f1gGqDyfSAkoXENPSvSYXxBTePT9.jpg&amp;fav_status=false&amp;heb_name=%d7%a1%d7%93%d7%a8%20%d7%90%d7%95%d7%aa%d7%99&amp;iconimage=https%3a%2f%2fimage.tmdb.org%2ft%2fp%2foriginal%2f%2f1wmIS7wRsFFVwhVMsA2oi7K878h.jpg&amp;id=67243&amp;image_master&amp;isr=0&amp;last_id&amp;mode=19&amp;name=%5bCOLOR%20white%5dSeason%203%5b%2fCOLOR%5d&amp;original_title=High%20Maintenance&amp;season=3&amp;show_original_year=2016&amp;tmdbid=314324&amp;url=https%3a%2f%2fapi.themoviedb.org%2f3%2ftv%2f67243%3fapi_key%3d34142515d9d23817496eeb4ff1d223d0%26language%3den%26append_to_response%3dexternal_ids&amp;video_data=%7b%22rating%22%3a%20%220%22%2c%20%22episode%22%3a%200%2c%20%22title%22%3a%20%22%5bCOLOR%20white%5dSeason%203%5b%2fCOLOR%5d%22%2c%20%22season%22%3a%200%2c%20%22TVshowtitle%22%3a%20%22%22%2c%20%22mediatype%22%3a%20%22movie%22%2c%20%22plot%22%3a%20%22%5bCOLOR%20aqua%5d%20Aired%20At%2020-01-2019%5b%2fCOLOR%5d%5cnJump%20into%20the%20daily%20routines%20of%20a%20diverse%20group%20of%20New%20Yorkers%20and%20how%20they%20light%20things%20up.%20%5cu201cThe%20Guy%5cu201d%20is%20a%20nameless%20pot%20deliveryman%20whose%20client%20base%20includes%20an%20eccentric%20group%20of%20characters%20with%20neuroses%20as%20diverse%20as%20the%20city.%22%2c%20%22OriginalTitle%22%3a%20%22High%20Maintenance%22%2c%20%22Tag%22%3a%20%2216%22%2c%20%22year%22%3a%20%222019%22%7d&quot"/>
</include>
<include content="sessionthree">
<param name="sessionthree" value="528"/>
<param name="labelname" value="סדר אותי"/>
<param name="network" value="[COLOR gray](HBO)[/COLOR]"/>
<param name="baseepisodidcontent" value="plugin://plugin.video.shadow/?all_w=%7b%7d&amp;data=2020&amp;dates=%20&amp;description=%5bCOLOR%20aqua%5d%20Aired%20At%2007-02-2020%5b%2fCOLOR%5d%0aJump%20into%20the%20daily%20routines%20of%20a%20diverse%20group%20of%20New%20Yorkers%20and%20how%20they%20light%20things%20up.%20%e2%80%9cThe%20Guy%e2%80%9d%20is%20a%20nameless%20pot%20deliveryman%20whose%20client%20base%20includes%20an%20eccentric%20group%20of%20characters%20with%20neuroses%20as%20diverse%20as%20the%20city.&amp;eng_name=%20&amp;episode=%20&amp;fanart=https%3a%2f%2fimage.tmdb.org%2ft%2fp%2foriginal%2f%2f1gGqDyfSAkoXENPSvSYXxBTePT9.jpg&amp;fav_status=false&amp;heb_name=%d7%a1%d7%93%d7%a8%20%d7%90%d7%95%d7%aa%d7%99&amp;iconimage=https%3a%2f%2fimage.tmdb.org%2ft%2fp%2foriginal%2f%2fmNnAkSSIBl9p3VZsBUI81oxqvuA.jpg&amp;id=67243&amp;image_master&amp;isr=0&amp;last_id&amp;mode=19&amp;name=%5bCOLOR%20white%5dSeason%204%5b%2fCOLOR%5d&amp;original_title=High%20Maintenance&amp;season=4&amp;show_original_year=2016&amp;tmdbid=314324&amp;url=https%3a%2f%2fapi.themoviedb.org%2f3%2ftv%2f67243%3fapi_key%3d34142515d9d23817496eeb4ff1d223d0%26language%3den%26append_to_response%3dexternal_ids&amp;video_data=%7b%22rating%22%3a%20%220%22%2c%20%22episode%22%3a%200%2c%20%22title%22%3a%20%22%5bCOLOR%20white%5dSeason%204%5b%2fCOLOR%5d%22%2c%20%22season%22%3a%200%2c%20%22TVshowtitle%22%3a%20%22%22%2c%20%22mediatype%22%3a%20%22movie%22%2c%20%22plot%22%3a%20%22%5bCOLOR%20aqua%5d%20Aired%20At%2007-02-2020%5b%2fCOLOR%5d%5cnJump%20into%20the%20daily%20routines%20of%20a%20diverse%20group%20of%20New%20Yorkers%20and%20how%20they%20light%20things%20up.%20%5cu201cThe%20Guy%5cu201d%20is%20a%20nameless%20pot%20deliveryman%20whose%20client%20base%20includes%20an%20eccentric%20group%20of%20characters%20with%20neuroses%20as%20diverse%20as%20the%20city.%22%2c%20%22OriginalTitle%22%3a%20%22High%20Maintenance%22%2c%20%22Tag%22%3a%20%2216%22%2c%20%22year%22%3a%20%222020%22%7d&quot"/>
</include>

<include content="sessionone">
<param name="seesionone" value="529"/>
<param name="labelname" value="שיי טאון"/>
<param name="network" value="[COLOR red](UNKNOWN)[/COLOR]"/>
<param name="baseepisodidcontent" value="plugin://plugin.video.mando/?all_w=%7b%7d&amp;data=2018&amp;dates=%20&amp;description=%5bCOLOR%20aqua%5d%20%d7%a9%d7%95%d7%93%d7%a8%20%d7%91%d7%aa%d7%90%d7%a8%d7%99%d7%9a%2007-01-2018%5b%2fCOLOR%5d%0aA%20relevant%2c%20timely%20and%20distinctive%20coming-of-age%20story%20following%20a%20half%20dozen%20interrelated%20characters%20in%20the%20South%20Side%20of%20Chicago.%20The%20story%20centers%20on%20Brandon%2c%20an%20ambitious%20and%20confident%20young%20man%20who%20dreams%20about%20opening%20a%20restaurant%20of%20his%20own%20someday%2c%20but%20is%20conflicted%20between%20the%20promise%20of%20a%20new%20life%20and%20his%20responsibility%20to%20his%20mother%20and%20teenage%20brother%20back%20in%20the%20South%20Side.&amp;eng_name=%20&amp;episode=%20&amp;fanart=https%3a%2f%2fimage.tmdb.org%2ft%2fp%2foriginal%2f%2fksrNJ9q62NjmmtXNbI9os3kivZp.jpg&amp;fav_status=false&amp;heb_name=%d7%a9%d7%99%d7%99%20%d7%98%d7%90%d7%95%d7%9f&amp;iconimage=https%3a%2f%2fimage.tmdb.org%2ft%2fp%2foriginal%2f%2fjztLRRiPJfTlAe7VwilzoQizHps.jpg&amp;id=72071&amp;image_master&amp;isr=0&amp;last_id&amp;mode=19&amp;name=%5bCOLOR%20white%5d%d7%a2%d7%95%d7%a0%d7%94%201%5b%2fCOLOR%5d&amp;original_title=The%20Chi&amp;season=1&amp;show_original_year=2018&amp;tmdbid=336602&amp;url=https%3a%2f%2fapi.themoviedb.org%2f3%2ftv%2f72071%3fapi_key%3d34142515d9d23817496eeb4ff1d223d0%26language%3den%26append_to_response%3dexternal_ids&amp;video_data=%7b%22rating%22%3a%20%220%22%2c%20%22episode%22%3a%200%2c%20%22title%22%3a%20%22%5bCOLOR%20white%5d%5cu05e2%5cu05d5%5cu05e0%5cu05d4%201%5b%2fCOLOR%5d%22%2c%20%22season%22%3a%200%2c%20%22TVshowtitle%22%3a%20%22%22%2c%20%22mediatype%22%3a%20%22movie%22%2c%20%22plot%22%3a%20%22%5bCOLOR%20aqua%5d%20%5cu05e9%5cu05d5%5cu05d3%5cu05e8%20%5cu05d1%5cu05ea%5cu05d0%5cu05e8%5cu05d9%5cu05da%2007-01-2018%5b%2fCOLOR%5d%5cnA%20relevant%2c%20timely%20and%20distinctive%20coming-of-age%20story%20following%20a%20half%20dozen%20interrelated%20characters%20in%20the%20South%20Side%20of%20Chicago.%20The%20story%20centers%20on%20Brandon%2c%20an%20ambitious%20and%20confident%20young%20man%20who%20dreams%20about%20opening%20a%20restaurant%20of%20his%20own%20someday%2c%20but%20is%20conflicted%20between%20the%20promise%20of%20a%20new%20life%20and%20his%20responsibility%20to%20his%20mother%20and%20teenage%20brother%20back%20in%20the%20South%20Side.%22%2c%20%22OriginalTitle%22%3a%20%22The%20Chi%22%2c%20%22Tag%22%3a%20%2216%22%2c%20%22year%22%3a%20%222018%22%7d&quot"/>
</include>
<include content="sessiontwo">
<param name="sessiontwo" value="530"/>
<param name="labelname" value="שיי טאון"/>
<param name="network" value="[COLOR red](UNKNOWN)[/COLOR]"/>
<param name="baseepisodidcontent" value="plugin://plugin.video.mando/?all_w=%7b%7d&amp;data=2019&amp;dates=%20&amp;description=%5bCOLOR%20aqua%5d%20%d7%a9%d7%95%d7%93%d7%a8%20%d7%91%d7%aa%d7%90%d7%a8%d7%99%d7%9a%2007-04-2019%5b%2fCOLOR%5d%0aA%20relevant%2c%20timely%20and%20distinctive%20coming-of-age%20story%20following%20a%20half%20dozen%20interrelated%20characters%20in%20the%20South%20Side%20of%20Chicago.%20The%20story%20centers%20on%20Brandon%2c%20an%20ambitious%20and%20confident%20young%20man%20who%20dreams%20about%20opening%20a%20restaurant%20of%20his%20own%20someday%2c%20but%20is%20conflicted%20between%20the%20promise%20of%20a%20new%20life%20and%20his%20responsibility%20to%20his%20mother%20and%20teenage%20brother%20back%20in%20the%20South%20Side.&amp;eng_name=%20&amp;episode=%20&amp;fanart=https%3a%2f%2fimage.tmdb.org%2ft%2fp%2foriginal%2f%2fksrNJ9q62NjmmtXNbI9os3kivZp.jpg&amp;fav_status=false&amp;heb_name=%d7%a9%d7%99%d7%99%20%d7%98%d7%90%d7%95%d7%9f&amp;iconimage=https%3a%2f%2fimage.tmdb.org%2ft%2fp%2foriginal%2f%2f2Nnj5CTExYvm6u3PemVgXdgmSM9.jpg&amp;id=72071&amp;image_master&amp;isr=0&amp;last_id&amp;mode=19&amp;name=%5bCOLOR%20white%5d%d7%a2%d7%95%d7%a0%d7%94%202%5b%2fCOLOR%5d&amp;original_title=The%20Chi&amp;season=2&amp;show_original_year=2018&amp;tmdbid=336602&amp;url=https%3a%2f%2fapi.themoviedb.org%2f3%2ftv%2f72071%3fapi_key%3d34142515d9d23817496eeb4ff1d223d0%26language%3den%26append_to_response%3dexternal_ids&amp;video_data=%7b%22rating%22%3a%20%220%22%2c%20%22episode%22%3a%200%2c%20%22title%22%3a%20%22%5bCOLOR%20white%5d%5cu05e2%5cu05d5%5cu05e0%5cu05d4%202%5b%2fCOLOR%5d%22%2c%20%22season%22%3a%200%2c%20%22TVshowtitle%22%3a%20%22%22%2c%20%22mediatype%22%3a%20%22movie%22%2c%20%22plot%22%3a%20%22%5bCOLOR%20aqua%5d%20%5cu05e9%5cu05d5%5cu05d3%5cu05e8%20%5cu05d1%5cu05ea%5cu05d0%5cu05e8%5cu05d9%5cu05da%2007-04-2019%5b%2fCOLOR%5d%5cnA%20relevant%2c%20timely%20and%20distinctive%20coming-of-age%20story%20following%20a%20half%20dozen%20interrelated%20characters%20in%20the%20South%20Side%20of%20Chicago.%20The%20story%20centers%20on%20Brandon%2c%20an%20ambitious%20and%20confident%20young%20man%20who%20dreams%20about%20opening%20a%20restaurant%20of%20his%20own%20someday%2c%20but%20is%20conflicted%20between%20the%20promise%20of%20a%20new%20life%20and%20his%20responsibility%20to%20his%20mother%20and%20teenage%20brother%20back%20in%20the%20South%20Side.%22%2c%20%22OriginalTitle%22%3a%20%22The%20Chi%22%2c%20%22Tag%22%3a%20%2216%22%2c%20%22year%22%3a%20%222019%22%7d&quot"/>
</include>
<include content="sessionthree">
<param name="sessionthree" value="531"/>
<param name="labelname" value="שיי טאון"/>
<param name="network" value="[COLOR red](UNKNOWN)[/COLOR]"/>
<param name="baseepisodidcontent" value="plugin://plugin.video.mando/?all_w=%7b%7d&amp;data=2020&amp;dates=%20&amp;description=%5bCOLOR%20aqua%5d%20%d7%a9%d7%95%d7%93%d7%a8%20%d7%91%d7%aa%d7%90%d7%a8%d7%99%d7%9a%2021-06-2020%5b%2fCOLOR%5d%0aA%20relevant%2c%20timely%20and%20distinctive%20coming-of-age%20story%20following%20a%20half%20dozen%20interrelated%20characters%20in%20the%20South%20Side%20of%20Chicago.%20The%20story%20centers%20on%20Brandon%2c%20an%20ambitious%20and%20confident%20young%20man%20who%20dreams%20about%20opening%20a%20restaurant%20of%20his%20own%20someday%2c%20but%20is%20conflicted%20between%20the%20promise%20of%20a%20new%20life%20and%20his%20responsibility%20to%20his%20mother%20and%20teenage%20brother%20back%20in%20the%20South%20Side.&amp;eng_name=%20&amp;episode=%20&amp;fanart=https%3a%2f%2fimage.tmdb.org%2ft%2fp%2foriginal%2f%2fksrNJ9q62NjmmtXNbI9os3kivZp.jpg&amp;fav_status=false&amp;heb_name=%d7%a9%d7%99%d7%99%20%d7%98%d7%90%d7%95%d7%9f&amp;iconimage=https%3a%2f%2fimage.tmdb.org%2ft%2fp%2foriginal%2f%2fe2k6QJ9G7zfKDzPaBhSDeZTeWQY.jpg&amp;id=72071&amp;image_master&amp;isr=0&amp;last_id&amp;mode=19&amp;name=%5bCOLOR%20white%5d%d7%a2%d7%95%d7%a0%d7%94%203%5b%2fCOLOR%5d&amp;original_title=The%20Chi&amp;season=3&amp;show_original_year=2018&amp;tmdbid=336602&amp;url=https%3a%2f%2fapi.themoviedb.org%2f3%2ftv%2f72071%3fapi_key%3d34142515d9d23817496eeb4ff1d223d0%26language%3den%26append_to_response%3dexternal_ids&amp;video_data=%7b%22rating%22%3a%20%220%22%2c%20%22episode%22%3a%200%2c%20%22title%22%3a%20%22%5bCOLOR%20white%5d%5cu05e2%5cu05d5%5cu05e0%5cu05d4%203%5b%2fCOLOR%5d%22%2c%20%22season%22%3a%200%2c%20%22TVshowtitle%22%3a%20%22%22%2c%20%22mediatype%22%3a%20%22movie%22%2c%20%22plot%22%3a%20%22%5bCOLOR%20aqua%5d%20%5cu05e9%5cu05d5%5cu05d3%5cu05e8%20%5cu05d1%5cu05ea%5cu05d0%5cu05e8%5cu05d9%5cu05da%2021-06-2020%5b%2fCOLOR%5d%5cnA%20relevant%2c%20timely%20and%20distinctive%20coming-of-age%20story%20following%20a%20half%20dozen%20interrelated%20characters%20in%20the%20South%20Side%20of%20Chicago.%20The%20story%20centers%20on%20Brandon%2c%20an%20ambitious%20and%20confident%20young%20man%20who%20dreams%20about%20opening%20a%20restaurant%20of%20his%20own%20someday%2c%20but%20is%20conflicted%20between%20the%20promise%20of%20a%20new%20life%20and%20his%20responsibility%20to%20his%20mother%20and%20teenage%20brother%20back%20in%20the%20South%20Side.%22%2c%20%22OriginalTitle%22%3a%20%22The%20Chi%22%2c%20%22Tag%22%3a%20%2216%22%2c%20%22year%22%3a%20%222020%22%7d&quot"/>
</include>

<!--
<include content="sessionone">
<param name="seesionone" value="508"/>
<param name="labelname" value=""/>
<param name="network" value="[COLOR red](UNKNOWN)[/COLOR]"/>
<param name="baseepisodidcontent" value=""/>
</include>

<include content="sessiontwo">
<param name="sessiontwo" value="509"/>
<param name="labelname" value=""/>
<param name="network" value="[COLOR red](UNKNOWN)[/COLOR]"/>
<param name="baseepisodidcontent" value=""/>
</include>

<include content="sessionthree">
<param name="sessionthree" value="510"/>
<param name="labelname" value=""/>
<param name="network" value="[COLOR red](NETFLIX)[/COLOR]"/>
<param name="baseepisodidcontent" value=""/>
</include>
-->


</controls>
</window>
