<?xml version="1.0" encoding="UTF-8"?>
<!-- Foundation -->
<window id="6721" type="dialog">
    <defaultcontrol always="true">5</defaultcontrol>
<animation type="WindowOpen">
<effect type="slide" start="0" end="2000" time="350" tween="cubic" easing="inout"/>
</animation>
<animation type="WindowClose">
<effect type="slide" start="2000" end="0" time="350" tween="cubic" easing="inout"/>
</animation>
  <controls>

<control type="group">
<posx>-2000</posx>
<control type="image">
<posx>380</posx>
<posy>10</posy>
<width>1150</width>
<height>370</height>
<texture>black.png</texture>
</control>

<include content="kidseriasnew">
<param name="outtadeedyear" value="[2019]"/>
<param name="visibleimage" value="https://static.sdarot.life/series/5267.jpg" />
<param name="visibleid" value="אמפיביה" />
<param name="textboxid" value="סדרת אנימציה חדשה על נערה המקבלת תיבה מסתורית כמתנת יום הולדת 13, ומוצאת עצמה באי קסום, מתיידדת ומגנה על שלל חיות קסומות.
אמפיביה מתעדת את הרפתקואתיה הקומיות של אן בת ה-13, שאחרי שגנבה תחיבת נגינה מסתורית, היא מועברת באורח קסם לעולם אמפיביה, איזור ביצות פרוע מלא באנשי צפרדע מדברים." />
</include>

<include content="kidseriasnew">
<param name="outtadeedyear" value="[2020]"/>
<param name="visibleimage" value="https://static.sdarot.life/series/5465.jpg" />
<param name="visibleid" value="זה פוני" />
<param name="textboxid" value="עלילותיהם של אנני, ילדה הגרה בחוות הוריה בעיר הגדולה, וחברה הטוב ביותר שהוא פוני מדבר." />
</include>

<include content="kidseriasnew">
<param name="imagerestrected" value="special://skin/extras/specialbuttons/restrected.png"/>
<param name="outtadeedyear" value="[1997]"/>
<param name="visibleimage" value="https://static.sdarot.life/series/76.jpg" />
<param name="visibleid" value="פארק" />
<param name="textboxid" value="סדרת אנימציה לנערים ולמבוגרים אשר הפכה לסדרת קאלט בארהב, המתארת את עלילותיהם שלארבעה ילדים יוצאי דופן, בסאות' פארק, עיירה לא לגמרי נורמלית בקולורדו. הסדרה נוצרה על-ידי שני גאוני הקומיקס טריי פארקר ומאט סטון. סאות' פארק היא גם ביתם של שף, טבח הקפיטריה הבית-ספרית, מר האנקי הלא הוא קקי חג-המולד, טימי הילד הנכה האהוב על כולם, ישו הצלוב, באטרס התמים וסלבריטיז שמגיעים לבקר בעיירה.הסדרה באה כדי לבקר את מה שקורה באמריקה ובכל העולם, בדרך ההומוריסטית של העניין." />
</include>

<include content="kidseriasnew">
<param name="outtadeedyear" value="[2019]"/>
<param name="visibleimage" value="https://static.sdarot.life/series/4960.jpg" />
<param name="visibleid" value="אבא משתדל" />
<param name="textboxid" value="טל פרידמן הוא יוסי וייס, מדריך טיולים לחול שפוטר לאחרונה ומנסה לאחר שנים של נוכחות אפסית בבית להתחבר מחדש לבני משפחתו ובעיקר לבתו דנה בעלת הצרכים המיוחדים." />
</include>

<control type="group">

<control type="list" id="5">
<scrolltime tween="sine" easing="out">450</scrolltime>
<posx>1130</posx>
<posy>0</posy>
<width>1000</width>
<height>370</height>
<orientation>vertical</orientation>
<itemlayout width="200" height="40">
<control type="label">
<posx>100</posx>
<posy>0</posy>
<width>300</width>
<height>400</height>
<textcolor>white</textcolor>
<align>right</align>
<label>$INFO[ListItem.Label]</label>
</control>
</itemlayout>
<focusedlayout width="200" height="40">
<control type="image">
<posx>60</posx>
<posy>10</posy>
<width>340</width>
<height>35</height>
<texture colordiffuse="deepskyblue">white.png</texture>
</control>
<control type="label">
<posx>100</posx>
<posy>0</posy>
<width>300</width>
<height>400</height>
<textcolor>white</textcolor>
<align>right</align>
<scroll>true</scroll>
<label>$INFO[ListItem.Label]</label>
</control>
</focusedlayout>
<content>plugin://plugin.video.telemedia/?data=-1001432275130&amp;dates=%20&amp;description=%d7%91%d7%93%d7%99%d7%a7%d7%94%0afrom_plot&amp;eng_name=%20&amp;episode=%20&amp;fanart&amp;fav_status=false&amp;heb_name=%20&amp;iconimage&amp;id=%20&amp;image_master&amp;isr=0&amp;last_id&amp;mode=31&amp;name=%5bCOLOR%20khaki%5d%d7%a4%d7%a8%d7%a7%d7%99%d7%9d%20%d7%a1%d7%93%d7%a8%d7%95%d7%aa%20%d7%99%d7%9c%d7%93%d7%99%d7%9d%5b%2fCOLOR%5d&amp;original_title=%20&amp;season=%20&amp;show_original_year=%20&amp;tmdbid=%20&amp;url=-1001432275130&quot</content>
</control>
</control>
</control>
		
   </controls>
</window>
