<?xml version="1.0" encoding="UTF-8"?>
<!-- Foundation -->
<window id="6903" type="dialog">
    <defaultcontrol always="true">5</defaultcontrol>


<controls>

<control type="image">
<posx>0</posx>
<posy>0</posy>
<width>fsw</width>
<height>fsh</height>
<texture>special://skin/extras/specialbuttons/background.jpg</texture>
</control>

<control type="multiimage">
<posx>0</posx>
<posy>0</posy>
<width>fsw</width>
<height>fsh</height>
<fadetime>350</fadetime>
<imagepath>$INFO[Container(5).ListItem.Art(fanart)]</imagepath>
</control>

<control type="image">
<posx>-100</posx>
<posy>300</posy>
<width>2200</width>
<height>580</height>
<texture>special://skin/extras/common/context_middle.png</texture>
</control>

<control type="image">
<posx>-100</posx>
<posy>50</posy>
<width>2200</width>
<height>250</height>
<texture>special://skin/extras/common/context_middle.png</texture>
</control>

<control type="image">
<posx>-100</posx>
<posy>0</posy>
<width>2200</width>
<height>50</height>
<texture>special://skin/extras/common/context_middle.png</texture>
</control>

<control type="group">
<control type="label">
<posx>35</posx>
<posy>300</posy>
<width>500</width>
<height>40</height>
<align>center</align>
<font>font-21-newrecommnded</font>
<label>$INFO[Container(5).ListItem.Label]</label>
</control>

<control type="label">
<posx>200</posx>
<posy>380</posy>
<width>250</width>
<height>40</height>
<textcolor>burlywood</textcolor>
<label>[B]תקציר סדרה:[/B]</label>
</control>

</control>

<control type="label">
<posx>1505</posx>
<posy>700</posy>
<width>250</width>
<height>40</height>
<align>right</align>
<label>[COLOR cyan]$INFO[Container(5).NumItems][/COLOR] [COLOR white]כמות סדרות:[/COLOR]</label>
</control>

<control type="image">
<visible>!Integer.IsGreater(Container(5).NumItems,0)</visible>
<posx>800</posx>
<posy>500</posy>
<width>120</width>
<height>120</height>
<texture>special://skin/extras/specialbuttons/loading.gif</texture>
</control>


<control type="multiimage">
<centerleft>90%</centerleft>
<posy>330</posy>
<width>350</width>
<height>520</height>
<fadetime>350</fadetime>
<imagepath>$INFO[Container(5).ListItem.Thumb]</imagepath>
</control>

<control type="textbox">
<posx>0</posx>
<posy>470</posy>
<width>500</width>
<height>320</height>
<align>right</align>
<autoscroll fade="2550" time="3000" repeat="4000"></autoscroll>
<label>$INFO[Container(5).ListItem.Plot]</label>
</control>
<!--onlycrimetvshow-->

<include content="basetvshowcontent">
<param name="basetvshowid" value="5"/>
<param name="basetvshowcontnet" value="plugin://plugin.audio.My.Music/?cat_level=%20&amp;count=0&amp;description=%5bB%5d%5bCOLOR%20burlywood%5d%20%d7%a9.%d7%a7%20%5b%2fCOLOR%5d%5b%2fB%5d&amp;fanart=https%3a%2f%2ffunender.com%2fwp-content%2fuploads%2f2017%2f11%2fTop-10-Box-Office-Weekend-Movies-Report-October-27-29-2017.jpg&amp;iconimage=http%3a%2f%2fngarba.xyz%2fadds%2fyos%2fphoto10.jpg&amp;index_depth=0&amp;lang=eng&amp;mode=5&amp;name=tvshow-newdesign-docu&amp;page&amp;selected_list=%20&amp;url=%d7%a1%d7%93%d7%a8%d7%95%d7%aatvshow-newdesigntvshow-newdesign-docu&quot"/>
</include>


<include content="sessionone">
<param name="seesionone" value="500"/>
<param name="labelname" value="לעודד"/>
<param name="network" value="[COLOR red](UNKNOWN)[/COLOR]"/>
<param name="baseepisodidcontent" value="plugin://plugin.video.mando/?all_w=%7b%7d&amp;data=2020&amp;dates=%20&amp;description=%5bCOLOR%20aqua%5d%20%d7%a9%d7%95%d7%93%d7%a8%20%d7%91%d7%aa%d7%90%d7%a8%d7%99%d7%9a%2008-01-2020%5b%2fCOLOR%5d%0aThe%20stakes%20on%20the%20mat%20are%20high%2c%20but%20for%20these%20cheerleaders%2c%20the%20only%20thing%20more%20brutal%20than%20their%20workouts%20and%20more%20exceptional%20than%20their%20performances%20are%20the%20stories%20of%20adversity%20and%20triumph%20behind%20the%20athletes%20themselves.&amp;eng_name=%20&amp;episode=%20&amp;fanart=https%3a%2f%2fimage.tmdb.org%2ft%2fp%2foriginal%2f%2fwsvgLbPxXg7E86rrhFRuAGHJFAW.jpg&amp;fav_status=false&amp;heb_name=Cheer&amp;iconimage=https%3a%2f%2fimage.tmdb.org%2ft%2fp%2foriginal%2f%2f4QVDoqNaBZRYOy5HFHBxkPnuGEN.jpg&amp;id=97401&amp;image_master&amp;isr=0&amp;last_id&amp;mode=19&amp;name=%5bCOLOR%20white%5d%d7%a2%d7%95%d7%a0%d7%94%201%5b%2fCOLOR%5d&amp;original_title=Cheer&amp;season=1&amp;show_original_year=2020&amp;tmdbid=374441&amp;url=https%3a%2f%2fapi.themoviedb.org%2f3%2ftv%2f97401%3fapi_key%3d34142515d9d23817496eeb4ff1d223d0%26language%3den%26append_to_response%3dexternal_ids&amp;video_data=%7b%22rating%22%3a%20%220%22%2c%20%22episode%22%3a%200%2c%20%22title%22%3a%20%22%5bCOLOR%20white%5d%5cu05e2%5cu05d5%5cu05e0%5cu05d4%201%5b%2fCOLOR%5d%22%2c%20%22season%22%3a%200%2c%20%22TVshowtitle%22%3a%20%22%22%2c%20%22mediatype%22%3a%20%22movie%22%2c%20%22plot%22%3a%20%22%5bCOLOR%20aqua%5d%20%5cu05e9%5cu05d5%5cu05d3%5cu05e8%20%5cu05d1%5cu05ea%5cu05d0%5cu05e8%5cu05d9%5cu05da%2008-01-2020%5b%2fCOLOR%5d%5cnThe%20stakes%20on%20the%20mat%20are%20high%2c%20but%20for%20these%20cheerleaders%2c%20the%20only%20thing%20more%20brutal%20than%20their%20workouts%20and%20more%20exceptional%20than%20their%20performances%20are%20the%20stories%20of%20adversity%20and%20triumph%20behind%20the%20athletes%20themselves.%22%2c%20%22OriginalTitle%22%3a%20%22Cheer%22%2c%20%22Tag%22%3a%20%2216%22%2c%20%22year%22%3a%20%222020%22%7d&quot"/>
</include>

<include content="sessionone">
<param name="seesionone" value="501"/>
<param name="labelname" value="המחיר לצרכן"/>
<param name="network" value="[COLOR red](UNKNOWN)[/COLOR]"/>
<param name="baseepisodidcontent" value="plugin://plugin.video.mando/?all_w=%7b%7d&amp;data=2019&amp;dates=%20&amp;description=%5bCOLOR%20aqua%5d%20%d7%a9%d7%95%d7%93%d7%a8%20%d7%91%d7%aa%d7%90%d7%a8%d7%99%d7%9a%2027-11-2019%5b%2fCOLOR%5d%0aThis%20investigative%20docuseries%20shows%20how%20negligence%20and%20deceit%20in%20the%20production%20and%20marketing%20of%20popular%20consumer%20items%20can%20result%20in%20dire%20outcomes.&amp;eng_name=%20&amp;episode=%20&amp;fanart=https%3a%2f%2fimage.tmdb.org%2ft%2fp%2foriginal%2f%2fRdTUmkhkZOD7KFaq5hqMp6KXPy.jpg&amp;fav_status=false&amp;heb_name=%d7%94%d7%9e%d7%97%d7%99%d7%a8%20%d7%9c%d7%a6%d7%a8%d7%9b%d7%9f&amp;iconimage=https%3a%2f%2fimage.tmdb.org%2ft%2fp%2foriginal%2f%2fjpl52EgOhjtb57630jGP5FPSFRL.jpg&amp;id=95417&amp;image_master&amp;isr=0&amp;last_id&amp;mode=19&amp;name=%5bCOLOR%20white%5d%d7%a2%d7%95%d7%a0%d7%94%201%5b%2fCOLOR%5d&amp;original_title=Broken&amp;season=1&amp;show_original_year=2019&amp;tmdbid=372333&amp;url=https%3a%2f%2fapi.themoviedb.org%2f3%2ftv%2f95417%3fapi_key%3d34142515d9d23817496eeb4ff1d223d0%26language%3den%26append_to_response%3dexternal_ids&amp;video_data=%7b%22rating%22%3a%20%220%22%2c%20%22episode%22%3a%200%2c%20%22title%22%3a%20%22%5bCOLOR%20white%5d%5cu05e2%5cu05d5%5cu05e0%5cu05d4%201%5b%2fCOLOR%5d%22%2c%20%22season%22%3a%200%2c%20%22TVshowtitle%22%3a%20%22%22%2c%20%22mediatype%22%3a%20%22movie%22%2c%20%22plot%22%3a%20%22%5bCOLOR%20aqua%5d%20%5cu05e9%5cu05d5%5cu05d3%5cu05e8%20%5cu05d1%5cu05ea%5cu05d0%5cu05e8%5cu05d9%5cu05da%2027-11-2019%5b%2fCOLOR%5d%5cnThis%20investigative%20docuseries%20shows%20how%20negligence%20and%20deceit%20in%20the%20production%20and%20marketing%20of%20popular%20consumer%20items%20can%20result%20in%20dire%20outcomes.%22%2c%20%22OriginalTitle%22%3a%20%22Broken%22%2c%20%22Tag%22%3a%20%2216%22%2c%20%22year%22%3a%20%222019%22%7d&quot"/>
</include>

<include content="sessionone">
<param name="seesionone" value="502"/>
<param name="labelname" value="המסלול הבוער"/>
<param name="network" value="[COLOR red](UNKNOWN)[/COLOR]"/>
<param name="baseepisodidcontent" value="plugin://plugin.video.mando/?all_w=%7b%7d&amp;data=2020&amp;dates=%20&amp;description=%5bCOLOR%20aqua%5d%20%d7%a9%d7%95%d7%93%d7%a8%20%d7%91%d7%aa%d7%90%d7%a8%d7%99%d7%9a%2019-06-2020%5b%2fCOLOR%5d%0aTeams%20compete%20to%20navigate%20rooms%20flooded%20with%20lava%20by%20leaping%20from%20chairs%2c%20hanging%20from%20curtains%20and%20swinging%20from%20chandeliers.&amp;eng_name=%20&amp;episode=%20&amp;fanart=https%3a%2f%2fimage.tmdb.org%2ft%2fp%2foriginal%2f%2f5yMtF9rG7ENthXFpmegi4c9bpNs.jpg&amp;fav_status=false&amp;heb_name=%d7%94%d7%9e%d7%a1%d7%9c%d7%95%d7%9c%20%d7%94%d7%91%d7%95%d7%a2%d7%a8&amp;iconimage=https%3a%2f%2fimage.tmdb.org%2ft%2fp%2foriginal%2f%2f1vXTHdFisjps1S7bTVFR43tymeT.jpg&amp;id=104999&amp;image_master&amp;isr=0&amp;last_id&amp;mode=19&amp;name=%5bCOLOR%20white%5d%d7%a2%d7%95%d7%a0%d7%94%201%5b%2fCOLOR%5d&amp;original_title=Floor%20is%20Lava&amp;season=1&amp;show_original_year=2020&amp;tmdbid=383101&amp;url=https%3a%2f%2fapi.themoviedb.org%2f3%2ftv%2f104999%3fapi_key%3d34142515d9d23817496eeb4ff1d223d0%26language%3den%26append_to_response%3dexternal_ids&amp;video_data=%7b%22rating%22%3a%20%220%22%2c%20%22episode%22%3a%200%2c%20%22title%22%3a%20%22%5bCOLOR%20white%5d%5cu05e2%5cu05d5%5cu05e0%5cu05d4%201%5b%2fCOLOR%5d%22%2c%20%22season%22%3a%200%2c%20%22TVshowtitle%22%3a%20%22%22%2c%20%22mediatype%22%3a%20%22movie%22%2c%20%22plot%22%3a%20%22%5bCOLOR%20aqua%5d%20%5cu05e9%5cu05d5%5cu05d3%5cu05e8%20%5cu05d1%5cu05ea%5cu05d0%5cu05e8%5cu05d9%5cu05da%2019-06-2020%5b%2fCOLOR%5d%5cnTeams%20compete%20to%20navigate%20rooms%20flooded%20with%20lava%20by%20leaping%20from%20chairs%2c%20hanging%20from%20curtains%20and%20swinging%20from%20chandeliers.%22%2c%20%22OriginalTitle%22%3a%20%22Floor%20is%20Lava%22%2c%20%22Tag%22%3a%20%2216%22%2c%20%22year%22%3a%20%222020%22%7d&quot"/>
</include>

<include content="sessionone">
<param name="seesionone" value="503"/>
<param name="labelname" value="זאק אפרון עם שתי רגליים על הקרקע"/>
<param name="network" value="[COLOR red](UNKNOWN)[/COLOR]"/>
<param name="baseepisodidcontent" value="plugin://plugin.video.mando/?all_w=%7b%7d&amp;data=2020&amp;dates=%20&amp;description=%5bCOLOR%20aqua%5d%20%d7%a9%d7%95%d7%93%d7%a8%20%d7%91%d7%aa%d7%90%d7%a8%d7%99%d7%9a%2010-07-2020%5b%2fCOLOR%5d%0aActor%20Zac%20Efron%20journeys%20around%20the%20world%20with%20wellness%20expert%20Darin%20Olien%20in%20a%20travel%20show%20that%20explores%20healthy%2c%20sustainable%20ways%20to%20live.&amp;eng_name=%20&amp;episode=%20&amp;fanart=https%3a%2f%2fimage.tmdb.org%2ft%2fp%2foriginal%2f%2fprs7zCDXmcoN0iDxac91LGO1QKZ.jpg&amp;fav_status=false&amp;heb_name=%d7%96%d7%90%d7%a7%20%d7%90%d7%a4%d7%a8%d7%95%d7%9f%3a%20%d7%a2%d7%9d%20%d7%a9%d7%aa%d7%99%20%d7%a8%d7%92%d7%9c%d7%99%d7%99%d7%9d%20%d7%a2%d7%9c%20%d7%94%d7%a7%d7%a8%d7%a7%d7%a2&amp;iconimage=https%3a%2f%2fimage.tmdb.org%2ft%2fp%2foriginal%2f%2fnTqODanm64hil8eCO867X1kBGR2.jpg&amp;id=105288&amp;image_master&amp;isr=0&amp;last_id&amp;mode=19&amp;name=%5bCOLOR%20white%5d%d7%a2%d7%95%d7%a0%d7%94%201%5b%2fCOLOR%5d&amp;original_title=Down%20to%20Earth%20with%20Zac%20Efron&amp;season=1&amp;show_original_year=2020&amp;tmdbid=384505&amp;url=https%3a%2f%2fapi.themoviedb.org%2f3%2ftv%2f105288%3fapi_key%3d34142515d9d23817496eeb4ff1d223d0%26language%3den%26append_to_response%3dexternal_ids&amp;video_data=%7b%22rating%22%3a%20%220%22%2c%20%22episode%22%3a%200%2c%20%22title%22%3a%20%22%5bCOLOR%20white%5d%5cu05e2%5cu05d5%5cu05e0%5cu05d4%201%5b%2fCOLOR%5d%22%2c%20%22season%22%3a%200%2c%20%22TVshowtitle%22%3a%20%22%22%2c%20%22mediatype%22%3a%20%22movie%22%2c%20%22plot%22%3a%20%22%5bCOLOR%20aqua%5d%20%5cu05e9%5cu05d5%5cu05d3%5cu05e8%20%5cu05d1%5cu05ea%5cu05d0%5cu05e8%5cu05d9%5cu05da%2010-07-2020%5b%2fCOLOR%5d%5cnActor%20Zac%20Efron%20journeys%20around%20the%20world%20with%20wellness%20expert%20Darin%20Olien%20in%20a%20travel%20show%20that%20explores%20healthy%2c%20sustainable%20ways%20to%20live.%22%2c%20%22OriginalTitle%22%3a%20%22Down%20to%20Earth%20with%20Zac%20Efron%22%2c%20%22Tag%22%3a%20%2216%22%2c%20%22year%22%3a%20%222020%22%7d&quot"/>
</include>

<include content="sessionone">
<param name="seesionone" value="504"/>
<param name="labelname" value="יוצרים את החיתוך"/>
<param name="network" value="[COLOR red](UNKNOWN)[/COLOR]"/>
<param name="baseepisodidcontent" value="plugin://plugin.video.mando/?all_w=%7b%7d&amp;data=2020&amp;dates=%20&amp;description=%5bCOLOR%20aqua%5d%20%d7%a9%d7%95%d7%93%d7%a8%20%d7%91%d7%aa%d7%90%d7%a8%d7%99%d7%9a%2027-03-2020%5b%2fCOLOR%5d%0aHeidi%20Klum%20and%20Tim%20Gunn%20host%2012%20designers%20who%20face%20challenges%20and%20assignments%20that%20will%20test%20their%20design%20skills%20and%20their%20abilities%20to%20run%20all%20aspects%20of%20a%20business.&amp;eng_name=%20&amp;episode=%20&amp;fanart=https%3a%2f%2fimage.tmdb.org%2ft%2fp%2foriginal%2f%2ftPQ6OuMnZvs0wOvVJXjG48B15Qe.jpg&amp;fav_status=false&amp;heb_name=%d7%97%d7%99%d7%aa%d7%95%d7%9a%20%d7%9e%d7%93%d7%95%d7%99%d7%99%d7%a7&amp;iconimage=https%3a%2f%2fimage.tmdb.org%2ft%2fp%2foriginal%2f%2fu76V00LQUfmDEUvAK5zZpLKbpal.jpg&amp;id=101046&amp;image_master&amp;isr=0&amp;last_id&amp;mode=19&amp;name=%5bCOLOR%20white%5d%d7%a2%d7%95%d7%a0%d7%94%201%5b%2fCOLOR%5d&amp;original_title=Making%20the%20Cut&amp;season=1&amp;show_original_year=2020&amp;tmdbid=369626&amp;url=https%3a%2f%2fapi.themoviedb.org%2f3%2ftv%2f101046%3fapi_key%3d34142515d9d23817496eeb4ff1d223d0%26language%3den%26append_to_response%3dexternal_ids&amp;video_data=%7b%22rating%22%3a%20%220%22%2c%20%22episode%22%3a%200%2c%20%22title%22%3a%20%22%5bCOLOR%20white%5d%5cu05e2%5cu05d5%5cu05e0%5cu05d4%201%5b%2fCOLOR%5d%22%2c%20%22season%22%3a%200%2c%20%22TVshowtitle%22%3a%20%22%22%2c%20%22mediatype%22%3a%20%22movie%22%2c%20%22plot%22%3a%20%22%5bCOLOR%20aqua%5d%20%5cu05e9%5cu05d5%5cu05d3%5cu05e8%20%5cu05d1%5cu05ea%5cu05d0%5cu05e8%5cu05d9%5cu05da%2027-03-2020%5b%2fCOLOR%5d%5cnHeidi%20Klum%20and%20Tim%20Gunn%20host%2012%20designers%20who%20face%20challenges%20and%20assignments%20that%20will%20test%20their%20design%20skills%20and%20their%20abilities%20to%20run%20all%20aspects%20of%20a%20business.%22%2c%20%22OriginalTitle%22%3a%20%22Making%20the%20Cut%22%2c%20%22Tag%22%3a%20%2216%22%2c%20%22year%22%3a%20%222020%22%7d&quot"/>
</include>

<include content="sessionone">
<param name="seesionone" value="505"/>
<param name="labelname" value="חם לוהט רותח"/>
<param name="network" value="[COLOR red](UNKNOWN)[/COLOR]"/>
<param name="baseepisodidcontent" value="plugin://plugin.video.mando/?all_w=%7b%7d&amp;data=2020&amp;dates=%20&amp;description=%5bCOLOR%20aqua%5d%20%d7%a9%d7%95%d7%93%d7%a8%20%d7%91%d7%aa%d7%90%d7%a8%d7%99%d7%9a%2017-04-2020%5b%2fCOLOR%5d%0aOn%20the%20shores%20of%20paradise%2c%20gorgeous%20singles%20meet%20and%20mingle.%20But%20there%e2%80%99s%20a%20twist.%20To%20win%20a%20%24100%2c000%20grand%20prize%2c%20they%e2%80%99ll%20have%20to%20give%20up%20sex.&amp;eng_name=%20&amp;episode=%20&amp;fanart=https%3a%2f%2fimage.tmdb.org%2ft%2fp%2foriginal%2f%2ftZ6NIahRDY9nYs1mY1mnzQwCwcL.jpg&amp;fav_status=false&amp;heb_name=%d7%97%d7%9d%2c%20%d7%9c%d7%95%d7%94%d7%98%2c%20%d7%a8%d7%95%d7%aa%d7%97!&amp;iconimage=https%3a%2f%2fimage.tmdb.org%2ft%2fp%2foriginal%2f%2fkycB8lepmNMVKTY4KCkoXH1ydwx.jpg&amp;id=102085&amp;image_master&amp;isr=0&amp;last_id&amp;mode=19&amp;name=%5bCOLOR%20white%5d%d7%a2%d7%95%d7%a0%d7%94%201%5b%2fCOLOR%5d&amp;original_title=Too%20Hot%20to%20Handle&amp;season=1&amp;show_original_year=2020&amp;tmdbid=379962&amp;url=https%3a%2f%2fapi.themoviedb.org%2f3%2ftv%2f102085%3fapi_key%3d34142515d9d23817496eeb4ff1d223d0%26language%3den%26append_to_response%3dexternal_ids&amp;video_data=%7b%22rating%22%3a%20%220%22%2c%20%22episode%22%3a%200%2c%20%22title%22%3a%20%22%5bCOLOR%20white%5d%5cu05e2%5cu05d5%5cu05e0%5cu05d4%201%5b%2fCOLOR%5d%22%2c%20%22season%22%3a%200%2c%20%22TVshowtitle%22%3a%20%22%22%2c%20%22mediatype%22%3a%20%22movie%22%2c%20%22plot%22%3a%20%22%5bCOLOR%20aqua%5d%20%5cu05e9%5cu05d5%5cu05d3%5cu05e8%20%5cu05d1%5cu05ea%5cu05d0%5cu05e8%5cu05d9%5cu05da%2017-04-2020%5b%2fCOLOR%5d%5cnOn%20the%20shores%20of%20paradise%2c%20gorgeous%20singles%20meet%20and%20mingle.%20But%20there%5cu2019s%20a%20twist.%20To%20win%20a%20%24100%2c000%20grand%20prize%2c%20they%5cu2019ll%20have%20to%20give%20up%20sex.%22%2c%20%22OriginalTitle%22%3a%20%22Too%20Hot%20to%20Handle%22%2c%20%22Tag%22%3a%20%2216%22%2c%20%22year%22%3a%20%222020%22%7d&quot"/>
</include>

<include content="sessionone">
<param name="seesionone" value="506"/>
<param name="labelname" value="חתונה מהחלומות"/>
<param name="network" value="[COLOR red](UNKNOWN)[/COLOR]"/>
<param name="baseepisodidcontent" value="plugin://plugin.video.mando/?all_w=%7b%7d&amp;data=2020&amp;dates=%20&amp;description=%5bCOLOR%20aqua%5d%20%d7%a9%d7%95%d7%93%d7%a8%20%d7%91%d7%aa%d7%90%d7%a8%d7%99%d7%9a%2001-07-2020%5b%2fCOLOR%5d%0aIn%20this%20reality%20show%2c%20couples%20overcome%20obstacles%20to%20celebrate%20their%20love%20in%20surprise%20dream%20weddings%20designed%20by%20three%20experts%20in%20less%20than%20a%20week.&amp;eng_name=%20&amp;episode=%20&amp;fanart=https%3a%2f%2fimage.tmdb.org%2ft%2fp%2foriginal%2f%2fsa7psYyNSPaiLSobQK3bGdhS6ia.jpg&amp;fav_status=false&amp;heb_name=%d7%97%d7%aa%d7%95%d7%a0%d7%94%20%d7%9e%d7%94%d7%97%d7%9c%d7%95%d7%9e%d7%95%d7%aa&amp;iconimage=https%3a%2f%2fimage.tmdb.org%2ft%2fp%2foriginal%2f%2f5xNtHWWxt3vGSrfbPLdhSxmhMOp.jpg&amp;id=105203&amp;image_master&amp;isr=0&amp;last_id&amp;mode=19&amp;name=%5bCOLOR%20white%5d%d7%a2%d7%95%d7%a0%d7%94%201%5b%2fCOLOR%5d&amp;original_title=Say%20I%20Do&amp;season=1&amp;show_original_year=2020&amp;tmdbid=384126&amp;url=https%3a%2f%2fapi.themoviedb.org%2f3%2ftv%2f105203%3fapi_key%3d34142515d9d23817496eeb4ff1d223d0%26language%3den%26append_to_response%3dexternal_ids&amp;video_data=%7b%22rating%22%3a%20%220%22%2c%20%22episode%22%3a%200%2c%20%22title%22%3a%20%22%5bCOLOR%20white%5d%5cu05e2%5cu05d5%5cu05e0%5cu05d4%201%5b%2fCOLOR%5d%22%2c%20%22season%22%3a%200%2c%20%22TVshowtitle%22%3a%20%22%22%2c%20%22mediatype%22%3a%20%22movie%22%2c%20%22plot%22%3a%20%22%5bCOLOR%20aqua%5d%20%5cu05e9%5cu05d5%5cu05d3%5cu05e8%20%5cu05d1%5cu05ea%5cu05d0%5cu05e8%5cu05d9%5cu05da%2001-07-2020%5b%2fCOLOR%5d%5cnIn%20this%20reality%20show%2c%20couples%20overcome%20obstacles%20to%20celebrate%20their%20love%20in%20surprise%20dream%20weddings%20designed%20by%20three%20experts%20in%20less%20than%20a%20week.%22%2c%20%22OriginalTitle%22%3a%20%22Say%20I%20Do%22%2c%20%22Tag%22%3a%20%2216%22%2c%20%22year%22%3a%20%222020%22%7d&quot"/>
</include>

<include content="sessionone">
<param name="seesionone" value="507"/>
<param name="labelname" value="מבשלים עם קנביס"/>
<param name="network" value="[COLOR red](UNKNOWN)[/COLOR]"/>
<param name="baseepisodidcontent" value="plugin://plugin.video.mando/?all_w=%7b%7d&amp;data=2020&amp;dates=%20&amp;description=%5bCOLOR%20aqua%5d%20%d7%a9%d7%95%d7%93%d7%a8%20%d7%91%d7%aa%d7%90%d7%a8%d7%99%d7%9a%2020-04-2020%5b%2fCOLOR%5d%0aCooking%20competition%20where%20the%20aim%20is%20to%20get%20the%20show%27s%20hosts%20high%20by%20infusing%20cannabis%20in%20their%20meals.&amp;eng_name=%20&amp;episode=%20&amp;fanart=https%3a%2f%2fimage.tmdb.org%2ft%2fp%2foriginal%2f%2fuG1k50JFrJcle7LtnuOtP324fy1.jpg&amp;fav_status=false&amp;heb_name=%d7%9e%d7%91%d7%a9%d7%9c%d7%99%d7%9d%20%d7%a2%d7%9d%20%d7%a7%d7%a0%d7%91%d7%99%d7%a1&amp;iconimage=https%3a%2f%2fimage.tmdb.org%2ft%2fp%2foriginal%2f%2fjUShMoQeIwexTotKxARxJ9Ern2D.jpg&amp;id=102246&amp;image_master&amp;isr=0&amp;last_id&amp;mode=19&amp;name=%5bCOLOR%20white%5d%d7%a2%d7%95%d7%a0%d7%94%201%5b%2fCOLOR%5d&amp;original_title=Cooked%20With%20Cannabis&amp;season=1&amp;show_original_year=2020&amp;tmdbid=379831&amp;url=https%3a%2f%2fapi.themoviedb.org%2f3%2ftv%2f102246%3fapi_key%3d34142515d9d23817496eeb4ff1d223d0%26language%3den%26append_to_response%3dexternal_ids&amp;video_data=%7b%22rating%22%3a%20%220%22%2c%20%22episode%22%3a%200%2c%20%22title%22%3a%20%22%5bCOLOR%20white%5d%5cu05e2%5cu05d5%5cu05e0%5cu05d4%201%5b%2fCOLOR%5d%22%2c%20%22season%22%3a%200%2c%20%22TVshowtitle%22%3a%20%22%22%2c%20%22mediatype%22%3a%20%22movie%22%2c%20%22plot%22%3a%20%22%5bCOLOR%20aqua%5d%20%5cu05e9%5cu05d5%5cu05d3%5cu05e8%20%5cu05d1%5cu05ea%5cu05d0%5cu05e8%5cu05d9%5cu05da%2020-04-2020%5b%2fCOLOR%5d%5cnCooking%20competition%20where%20the%20aim%20is%20to%20get%20the%20show%27s%20hosts%20high%20by%20infusing%20cannabis%20in%20their%20meals.%22%2c%20%22OriginalTitle%22%3a%20%22Cooked%20With%20Cannabis%22%2c%20%22Tag%22%3a%20%2216%22%2c%20%22year%22%3a%20%222020%22%7d&quot"/>
</include>

<include content="sessionone">
<param name="seesionone" value="508"/>
<param name="labelname" value="מסמנים את סאנסט"/>
<param name="network" value="[COLOR red](UNKNOWN)[/COLOR]"/>
<param name="baseepisodidcontent" value="plugin://plugin.video.mando/?all_w=%7b%7d&amp;data=2019&amp;dates=%20&amp;description=%5bCOLOR%20aqua%5d%20%d7%a9%d7%95%d7%93%d7%a8%20%d7%91%d7%aa%d7%90%d7%a8%d7%99%d7%9a%2022-03-2019%5b%2fCOLOR%5d%0aThe%20elite%20real%20estate%20brokers%20at%20The%20Oppenheim%20Group%20sell%20the%20luxe%20life%20to%20affluent%20buyers%20in%20LA.%20The%20drama%20ramps%20up%20when%20a%20new%20agent%20joins%20the%20team.&amp;eng_name=%20&amp;episode=%20&amp;fanart=https%3a%2f%2fimage.tmdb.org%2ft%2fp%2foriginal%2f%2fzzAPTDTHi7wrP99iD6x940wLjPy.jpg&amp;fav_status=false&amp;heb_name=%d7%9e%d7%a1%d7%9e%d7%a0%d7%99%d7%9d%20%d7%90%d7%aa%20%d7%a1%d7%90%d7%a0%d7%a1%d7%98&amp;iconimage=https%3a%2f%2fimage.tmdb.org%2ft%2fp%2foriginal%2f%2f8gn2N4YwgTqBspa7XpOZUwzV3gp.jpg&amp;id=87826&amp;image_master&amp;isr=0&amp;last_id&amp;mode=19&amp;name=%5bCOLOR%20white%5d%d7%a2%d7%95%d7%a0%d7%94%201%5b%2fCOLOR%5d&amp;original_title=Selling%20Sunset&amp;season=1&amp;show_original_year=2019&amp;tmdbid=361394&amp;url=https%3a%2f%2fapi.themoviedb.org%2f3%2ftv%2f87826%3fapi_key%3d34142515d9d23817496eeb4ff1d223d0%26language%3den%26append_to_response%3dexternal_ids&amp;video_data=%7b%22rating%22%3a%20%220%22%2c%20%22episode%22%3a%200%2c%20%22title%22%3a%20%22%5bCOLOR%20white%5d%5cu05e2%5cu05d5%5cu05e0%5cu05d4%201%5b%2fCOLOR%5d%22%2c%20%22season%22%3a%200%2c%20%22TVshowtitle%22%3a%20%22%22%2c%20%22mediatype%22%3a%20%22movie%22%2c%20%22plot%22%3a%20%22%5bCOLOR%20aqua%5d%20%5cu05e9%5cu05d5%5cu05d3%5cu05e8%20%5cu05d1%5cu05ea%5cu05d0%5cu05e8%5cu05d9%5cu05da%2022-03-2019%5b%2fCOLOR%5d%5cnThe%20elite%20real%20estate%20brokers%20at%20The%20Oppenheim%20Group%20sell%20the%20luxe%20life%20to%20affluent%20buyers%20in%20LA.%20The%20drama%20ramps%20up%20when%20a%20new%20agent%20joins%20the%20team.%22%2c%20%22OriginalTitle%22%3a%20%22Selling%20Sunset%22%2c%20%22Tag%22%3a%20%2216%22%2c%20%22year%22%3a%20%222019%22%7d&quot"/>
</include>
<include content="sessiontwo">
<param name="sessiontwo" value="509"/>
<param name="labelname" value="מסמנים את סאנסט"/>
<param name="network" value="[COLOR red](UNKNOWN)[/COLOR]"/>
<param name="baseepisodidcontent" value="plugin://plugin.video.mando/?all_w=%7b%7d&amp;data=2020&amp;dates=%20&amp;description=%5bCOLOR%20aqua%5d%20%d7%a9%d7%95%d7%93%d7%a8%20%d7%91%d7%aa%d7%90%d7%a8%d7%99%d7%9a%2022-05-2020%5b%2fCOLOR%5d%0aThe%20elite%20real%20estate%20brokers%20at%20The%20Oppenheim%20Group%20sell%20the%20luxe%20life%20to%20affluent%20buyers%20in%20LA.%20The%20drama%20ramps%20up%20when%20a%20new%20agent%20joins%20the%20team.&amp;eng_name=%20&amp;episode=%20&amp;fanart=https%3a%2f%2fimage.tmdb.org%2ft%2fp%2foriginal%2f%2fzzAPTDTHi7wrP99iD6x940wLjPy.jpg&amp;fav_status=false&amp;heb_name=%d7%9e%d7%a1%d7%9e%d7%a0%d7%99%d7%9d%20%d7%90%d7%aa%20%d7%a1%d7%90%d7%a0%d7%a1%d7%98&amp;iconimage=https%3a%2f%2fimage.tmdb.org%2ft%2fp%2foriginal%2f%2f8gn2N4YwgTqBspa7XpOZUwzV3gp.jpg&amp;id=87826&amp;image_master&amp;isr=0&amp;last_id&amp;mode=19&amp;name=%5bCOLOR%20white%5d%d7%a2%d7%95%d7%a0%d7%94%202%5b%2fCOLOR%5d&amp;original_title=Selling%20Sunset&amp;season=2&amp;show_original_year=2019&amp;tmdbid=361394&amp;url=https%3a%2f%2fapi.themoviedb.org%2f3%2ftv%2f87826%3fapi_key%3d34142515d9d23817496eeb4ff1d223d0%26language%3den%26append_to_response%3dexternal_ids&amp;video_data=%7b%22rating%22%3a%20%220%22%2c%20%22episode%22%3a%200%2c%20%22title%22%3a%20%22%5bCOLOR%20white%5d%5cu05e2%5cu05d5%5cu05e0%5cu05d4%202%5b%2fCOLOR%5d%22%2c%20%22season%22%3a%200%2c%20%22TVshowtitle%22%3a%20%22%22%2c%20%22mediatype%22%3a%20%22movie%22%2c%20%22plot%22%3a%20%22%5bCOLOR%20aqua%5d%20%5cu05e9%5cu05d5%5cu05d3%5cu05e8%20%5cu05d1%5cu05ea%5cu05d0%5cu05e8%5cu05d9%5cu05da%2022-05-2020%5b%2fCOLOR%5d%5cnThe%20elite%20real%20estate%20brokers%20at%20The%20Oppenheim%20Group%20sell%20the%20luxe%20life%20to%20affluent%20buyers%20in%20LA.%20The%20drama%20ramps%20up%20when%20a%20new%20agent%20joins%20the%20team.%22%2c%20%22OriginalTitle%22%3a%20%22Selling%20Sunset%22%2c%20%22Tag%22%3a%20%2216%22%2c%20%22year%22%3a%20%222020%22%7d&quot"/>
</include>

<include content="sessionone">
<param name="seesionone" value="511"/>
<param name="labelname" value="רוצח נעלם בחשכה"/>
<param name="network" value="[COLOR red](UNKNOWN)[/COLOR]"/>
<param name="baseepisodidcontent" value="plugin://plugin.video.mando/?all_w=%7b%7d&amp;data=2020&amp;dates=%20&amp;description=%5bCOLOR%20aqua%5d%20%d7%a9%d7%95%d7%93%d7%a8%20%d7%91%d7%aa%d7%90%d7%a8%d7%99%d7%9a%2028-06-2020%5b%2fCOLOR%5d%0aGripping%20examination%20of%20the%20unsolved%20crimes%20of%20the%20Golden%20State%20Killer%20who%20terrorized%20California%20in%20the%201970s%20and%201980s.&amp;eng_name=%20&amp;episode=%20&amp;fanart=https%3a%2f%2fimage.tmdb.org%2ft%2fp%2foriginal%2f%2fgMW7mFjUHU77xtb4hQFXTQ7DFbw.jpg&amp;fav_status=false&amp;heb_name=I%27ll%20Be%20Gone%20in%20the%20Dark&amp;iconimage=https%3a%2f%2fimage.tmdb.org%2ft%2fp%2foriginal%2f%2fwP8ypum7Jpy1UBfR6HLxdvMkqX6.jpg&amp;id=103023&amp;image_master&amp;isr=0&amp;last_id&amp;mode=19&amp;name=%5bCOLOR%20white%5d%d7%a2%d7%95%d7%a0%d7%94%201%5b%2fCOLOR%5d&amp;original_title=I%27ll%20Be%20Gone%20in%20the%20Dark&amp;season=1&amp;show_original_year=2020&amp;tmdbid=377346&amp;url=https%3a%2f%2fapi.themoviedb.org%2f3%2ftv%2f103023%3fapi_key%3d34142515d9d23817496eeb4ff1d223d0%26language%3den%26append_to_response%3dexternal_ids&amp;video_data=%7b%22rating%22%3a%20%220%22%2c%20%22episode%22%3a%200%2c%20%22title%22%3a%20%22%5bCOLOR%20white%5d%5cu05e2%5cu05d5%5cu05e0%5cu05d4%201%5b%2fCOLOR%5d%22%2c%20%22season%22%3a%200%2c%20%22TVshowtitle%22%3a%20%22%22%2c%20%22mediatype%22%3a%20%22movie%22%2c%20%22plot%22%3a%20%22%5bCOLOR%20aqua%5d%20%5cu05e9%5cu05d5%5cu05d3%5cu05e8%20%5cu05d1%5cu05ea%5cu05d0%5cu05e8%5cu05d9%5cu05da%2028-06-2020%5b%2fCOLOR%5d%5cnGripping%20examination%20of%20the%20unsolved%20crimes%20of%20the%20Golden%20State%20Killer%20who%20terrorized%20California%20in%20the%201970s%20and%201980s.%22%2c%20%22OriginalTitle%22%3a%20%22I%27ll%20Be%20Gone%20in%20the%20Dark%22%2c%20%22Tag%22%3a%20%2216%22%2c%20%22year%22%3a%20%222020%22%7d&quot"/>
</include>

<include content="sessionone">
<param name="seesionone" value="512"/>
<param name="labelname" value="בייביז"/>
<param name="network" value="[COLOR red](UNKNOWN)[/COLOR]"/>
<param name="baseepisodidcontent" value="plugin://plugin.video.mando/?all_w=%7b%7d&amp;data=2020&amp;dates=%20&amp;description=%5bCOLOR%20aqua%5d%20%d7%a9%d7%95%d7%93%d7%a8%20%d7%91%d7%aa%d7%90%d7%a8%d7%99%d7%9a%2021-02-2020%5b%2fCOLOR%5d%0aFrom%20nature%20to%20nurture%2c%20this%20docuseries%20explores%20the%20groundbreaking%20science%20that%20reveals%20how%20infants%20discover%20life%20during%20their%20very%20first%20year.&amp;eng_name=%20&amp;episode=%20&amp;fanart=https%3a%2f%2fimage.tmdb.org%2ft%2fp%2foriginal%2f%2fk7jwjVndS4N8DkNk1OytoA26J7W.jpg&amp;fav_status=false&amp;heb_name=Babies&amp;iconimage=https%3a%2f%2fimage.tmdb.org%2ft%2fp%2foriginal%2f%2f589KLazVsFempHgjTqAjBUdUJ1T.jpg&amp;id=99103&amp;image_master&amp;isr=0&amp;last_id&amp;mode=19&amp;name=%5bCOLOR%20white%5d%d7%a2%d7%95%d7%a0%d7%94%201%5b%2fCOLOR%5d&amp;original_title=Babies&amp;season=1&amp;show_original_year=2020&amp;tmdbid=376756&amp;url=https%3a%2f%2fapi.themoviedb.org%2f3%2ftv%2f99103%3fapi_key%3d34142515d9d23817496eeb4ff1d223d0%26language%3den%26append_to_response%3dexternal_ids&amp;video_data=%7b%22rating%22%3a%20%220%22%2c%20%22episode%22%3a%200%2c%20%22title%22%3a%20%22%5bCOLOR%20white%5d%5cu05e2%5cu05d5%5cu05e0%5cu05d4%201%5b%2fCOLOR%5d%22%2c%20%22season%22%3a%200%2c%20%22TVshowtitle%22%3a%20%22%22%2c%20%22mediatype%22%3a%20%22movie%22%2c%20%22plot%22%3a%20%22%5bCOLOR%20aqua%5d%20%5cu05e9%5cu05d5%5cu05d3%5cu05e8%20%5cu05d1%5cu05ea%5cu05d0%5cu05e8%5cu05d9%5cu05da%2021-02-2020%5b%2fCOLOR%5d%5cnFrom%20nature%20to%20nurture%2c%20this%20docuseries%20explores%20the%20groundbreaking%20science%20that%20reveals%20how%20infants%20discover%20life%20during%20their%20very%20first%20year.%22%2c%20%22OriginalTitle%22%3a%20%22Babies%22%2c%20%22Tag%22%3a%20%2216%22%2c%20%22year%22%3a%20%222020%22%7d&quot"/>
</include>
<include content="sessiontwo">
<param name="sessiontwo" value="513"/>
<param name="labelname" value="בייביז"/>
<param name="network" value="[COLOR red](UNKNOWN)[/COLOR]"/>
<param name="baseepisodidcontent" value="plugin://plugin.video.mando/?all_w=%7b%7d&amp;data=2020&amp;dates=%20&amp;description=%5bCOLOR%20aqua%5d%20%d7%a9%d7%95%d7%93%d7%a8%20%d7%91%d7%aa%d7%90%d7%a8%d7%99%d7%9a%2019-06-2020%5b%2fCOLOR%5d%0aFrom%20nature%20to%20nurture%2c%20this%20docuseries%20explores%20the%20groundbreaking%20science%20that%20reveals%20how%20infants%20discover%20life%20during%20their%20very%20first%20year.&amp;eng_name=%20&amp;episode=%20&amp;fanart=https%3a%2f%2fimage.tmdb.org%2ft%2fp%2foriginal%2f%2fk7jwjVndS4N8DkNk1OytoA26J7W.jpg&amp;fav_status=false&amp;heb_name=Babies&amp;iconimage=https%3a%2f%2fimage.tmdb.org%2ft%2fp%2foriginal%2f%2fm3vDzamSJDHdzMs7RVaPenhJcXi.jpg&amp;id=99103&amp;image_master&amp;isr=0&amp;last_id&amp;mode=19&amp;name=%5bCOLOR%20white%5d%d7%a2%d7%95%d7%a0%d7%94%202%5b%2fCOLOR%5d&amp;original_title=Babies&amp;season=2&amp;show_original_year=2020&amp;tmdbid=376756&amp;url=https%3a%2f%2fapi.themoviedb.org%2f3%2ftv%2f99103%3fapi_key%3d34142515d9d23817496eeb4ff1d223d0%26language%3den%26append_to_response%3dexternal_ids&amp;video_data=%7b%22rating%22%3a%20%220%22%2c%20%22episode%22%3a%200%2c%20%22title%22%3a%20%22%5bCOLOR%20white%5d%5cu05e2%5cu05d5%5cu05e0%5cu05d4%202%5b%2fCOLOR%5d%22%2c%20%22season%22%3a%200%2c%20%22TVshowtitle%22%3a%20%22%22%2c%20%22mediatype%22%3a%20%22movie%22%2c%20%22plot%22%3a%20%22%5bCOLOR%20aqua%5d%20%5cu05e9%5cu05d5%5cu05d3%5cu05e8%20%5cu05d1%5cu05ea%5cu05d0%5cu05e8%5cu05d9%5cu05da%2019-06-2020%5b%2fCOLOR%5d%5cnFrom%20nature%20to%20nurture%2c%20this%20docuseries%20explores%20the%20groundbreaking%20science%20that%20reveals%20how%20infants%20discover%20life%20during%20their%20very%20first%20year.%22%2c%20%22OriginalTitle%22%3a%20%22Babies%22%2c%20%22Tag%22%3a%20%2216%22%2c%20%22year%22%3a%20%222020%22%7d&quot"/>
</include>

<include content="sessionone">
<param name="seesionone" value="514"/>
<param name="labelname" value="וירוס ללא גבולות"/>
<param name="network" value="[COLOR red](UNKNOWN)[/COLOR]"/>
<param name="baseepisodidcontent" value="plugin://plugin.video.mando/?all_w=%7b%7d&amp;data=2020&amp;dates=%20&amp;description=%5bCOLOR%20aqua%5d%20%d7%a9%d7%95%d7%93%d7%a8%20%d7%91%d7%aa%d7%90%d7%a8%d7%99%d7%9a%2022-01-2020%5b%2fCOLOR%5d%0aIn%20this%20docuseries%2c%20meet%20the%20heroes%20on%20the%20front%20lines%20of%20the%20battle%20against%20influenza%20and%20learn%20about%20their%20efforts%20to%20stop%20the%20next%20global%20outbreak.&amp;eng_name=%20&amp;episode=%20&amp;fanart=https%3a%2f%2fimage.tmdb.org%2ft%2fp%2foriginal%2f%2f9sTIxPFsjdcMjI1GdfC9JyQ4rTw.jpg&amp;fav_status=false&amp;heb_name=Pandemic%3a%20How%20to%20Prevent%20an%20Outbreak&amp;iconimage=https%3a%2f%2fimage.tmdb.org%2ft%2fp%2foriginal%2f%2fcHo4wXphisnd2MFZFa6EHDJLwkA.jpg&amp;id=96557&amp;image_master&amp;isr=0&amp;last_id&amp;mode=19&amp;name=%5bCOLOR%20white%5d%d7%a2%d7%95%d7%a0%d7%94%201%5b%2fCOLOR%5d&amp;original_title=Pandemic%3a%20How%20to%20Prevent%20an%20Outbreak&amp;season=1&amp;show_original_year=2020&amp;tmdbid=375599&amp;url=https%3a%2f%2fapi.themoviedb.org%2f3%2ftv%2f96557%3fapi_key%3d34142515d9d23817496eeb4ff1d223d0%26language%3den%26append_to_response%3dexternal_ids&amp;video_data=%7b%22rating%22%3a%20%220%22%2c%20%22episode%22%3a%200%2c%20%22title%22%3a%20%22%5bCOLOR%20white%5d%5cu05e2%5cu05d5%5cu05e0%5cu05d4%201%5b%2fCOLOR%5d%22%2c%20%22season%22%3a%200%2c%20%22TVshowtitle%22%3a%20%22%22%2c%20%22mediatype%22%3a%20%22movie%22%2c%20%22plot%22%3a%20%22%5bCOLOR%20aqua%5d%20%5cu05e9%5cu05d5%5cu05d3%5cu05e8%20%5cu05d1%5cu05ea%5cu05d0%5cu05e8%5cu05d9%5cu05da%2022-01-2020%5b%2fCOLOR%5d%5cnIn%20this%20docuseries%2c%20meet%20the%20heroes%20on%20the%20front%20lines%20of%20the%20battle%20against%20influenza%20and%20learn%20about%20their%20efforts%20to%20stop%20the%20next%20global%20outbreak.%22%2c%20%22OriginalTitle%22%3a%20%22Pandemic%3a%20How%20to%20Prevent%20an%20Outbreak%22%2c%20%22Tag%22%3a%20%2216%22%2c%20%22year%22%3a%20%222020%22%7d&quot"/>
</include>

<include content="sessionone">
<param name="seesionone" value="515"/>
<param name="labelname" value="הצד האפל של הרשת"/>
<param name="network" value="[COLOR red](UNKNOWN)[/COLOR]"/>
<param name="baseepisodidcontent" value="plugin://plugin.video.shadow/?all_w=%7b%7d&amp;data=2016&amp;dates=%20&amp;description=%5bCOLOR%20aqua%5d%20Aired%20At%2021-01-2016%5b%2fCOLOR%5d%0aA%20documentary%20series%20that%20explores%20the%20furthest%20reaches%20of%20the%20internet%20and%20the%20people%20who%20frequent%20it%2c%20Dark%20Net%20provides%20a%20revealing%20and%20cautionary%20look%20inside%20a%20vast%20cyber%20netherworld%20rarely%20witnessed%20by%20most%20of%20us.%20Provocative%2c%20thought-provoking%20and%20frequently%20profound%2c%20each%20episode%20illuminates%20an%20exciting%2c%20ever-expanding%20frontier%20where%20people%20can%20do%20anything%20and%20see%20anything%2c%20whether%20they%20should%20or%20not.&amp;eng_name=%20&amp;episode=%20&amp;fanart=https%3a%2f%2fimage.tmdb.org%2ft%2fp%2foriginal%2f%2f94zsM5qGXgjg8Q3Ii7CQdY3WY3r.jpg&amp;fav_status=false&amp;heb_name=%d7%94%d7%a6%d7%93%20%d7%94%d7%90%d7%a4%d7%9c%20%d7%a9%d7%9c%20%d7%94%d7%a8%d7%a9%d7%aa&amp;iconimage=https%3a%2f%2fimage.tmdb.org%2ft%2fp%2foriginal%2f%2fuvFpbOduxV9ZKEauAtDt81l94cc.jpg&amp;id=64607&amp;image_master&amp;isr=0&amp;last_id&amp;mode=19&amp;name=%5bCOLOR%20white%5dSeason%201%5b%2fCOLOR%5d&amp;original_title=Dark%20Net&amp;season=1&amp;show_original_year=2016&amp;tmdbid=303598&amp;url=https%3a%2f%2fapi.themoviedb.org%2f3%2ftv%2f64607%3fapi_key%3d34142515d9d23817496eeb4ff1d223d0%26language%3den%26append_to_response%3dexternal_ids&amp;video_data=%7b%22rating%22%3a%20%220%22%2c%20%22episode%22%3a%200%2c%20%22title%22%3a%20%22%5bCOLOR%20white%5dSeason%201%5b%2fCOLOR%5d%22%2c%20%22season%22%3a%200%2c%20%22TVshowtitle%22%3a%20%22%22%2c%20%22mediatype%22%3a%20%22movie%22%2c%20%22plot%22%3a%20%22%5bCOLOR%20aqua%5d%20Aired%20At%2021-01-2016%5b%2fCOLOR%5d%5cnA%20documentary%20series%20that%20explores%20the%20furthest%20reaches%20of%20the%20internet%20and%20the%20people%20who%20frequent%20it%2c%20Dark%20Net%20provides%20a%20revealing%20and%20cautionary%20look%20inside%20a%20vast%20cyber%20netherworld%20rarely%20witnessed%20by%20most%20of%20us.%20Provocative%2c%20thought-provoking%20and%20frequently%20profound%2c%20each%20episode%20illuminates%20an%20exciting%2c%20ever-expanding%20frontier%20where%20people%20can%20do%20anything%20and%20see%20anything%2c%20whether%20they%20should%20or%20not.%22%2c%20%22OriginalTitle%22%3a%20%22Dark%20Net%22%2c%20%22Tag%22%3a%20%2216%22%2c%20%22year%22%3a%20%222016%22%7d&quot"/>
</include>
<include content="sessiontwo">
<param name="sessiontwo" value="516"/>
<param name="labelname" value="הצד האפל של הרשת"/>
<param name="network" value="[COLOR red](UNKNOWN)[/COLOR]"/>
<param name="baseepisodidcontent" value="plugin://plugin.video.shadow/?all_w=%7b%7d&amp;data=2017&amp;dates=%20&amp;description=%5bCOLOR%20aqua%5d%20Aired%20At%2006-04-2017%5b%2fCOLOR%5d%0aA%20documentary%20series%20that%20explores%20the%20furthest%20reaches%20of%20the%20internet%20and%20the%20people%20who%20frequent%20it%2c%20Dark%20Net%20provides%20a%20revealing%20and%20cautionary%20look%20inside%20a%20vast%20cyber%20netherworld%20rarely%20witnessed%20by%20most%20of%20us.%20Provocative%2c%20thought-provoking%20and%20frequently%20profound%2c%20each%20episode%20illuminates%20an%20exciting%2c%20ever-expanding%20frontier%20where%20people%20can%20do%20anything%20and%20see%20anything%2c%20whether%20they%20should%20or%20not.&amp;eng_name=%20&amp;episode=%20&amp;fanart=https%3a%2f%2fimage.tmdb.org%2ft%2fp%2foriginal%2f%2f94zsM5qGXgjg8Q3Ii7CQdY3WY3r.jpg&amp;fav_status=false&amp;heb_name=%d7%94%d7%a6%d7%93%20%d7%94%d7%90%d7%a4%d7%9c%20%d7%a9%d7%9c%20%d7%94%d7%a8%d7%a9%d7%aa&amp;iconimage=https%3a%2f%2fimage.tmdb.org%2ft%2fp%2foriginal%2f%2f3oETJciTmUM160AhG4e09RBnmFJ.jpg&amp;id=64607&amp;image_master&amp;isr=0&amp;last_id&amp;mode=19&amp;name=%5bCOLOR%20white%5dSeason%202%5b%2fCOLOR%5d&amp;original_title=Dark%20Net&amp;season=2&amp;show_original_year=2016&amp;tmdbid=303598&amp;url=https%3a%2f%2fapi.themoviedb.org%2f3%2ftv%2f64607%3fapi_key%3d34142515d9d23817496eeb4ff1d223d0%26language%3den%26append_to_response%3dexternal_ids&amp;video_data=%7b%22rating%22%3a%20%220%22%2c%20%22episode%22%3a%200%2c%20%22title%22%3a%20%22%5bCOLOR%20white%5dSeason%202%5b%2fCOLOR%5d%22%2c%20%22season%22%3a%200%2c%20%22TVshowtitle%22%3a%20%22%22%2c%20%22mediatype%22%3a%20%22movie%22%2c%20%22plot%22%3a%20%22%5bCOLOR%20aqua%5d%20Aired%20At%2006-04-2017%5b%2fCOLOR%5d%5cnA%20documentary%20series%20that%20explores%20the%20furthest%20reaches%20of%20the%20internet%20and%20the%20people%20who%20frequent%20it%2c%20Dark%20Net%20provides%20a%20revealing%20and%20cautionary%20look%20inside%20a%20vast%20cyber%20netherworld%20rarely%20witnessed%20by%20most%20of%20us.%20Provocative%2c%20thought-provoking%20and%20frequently%20profound%2c%20each%20episode%20illuminates%20an%20exciting%2c%20ever-expanding%20frontier%20where%20people%20can%20do%20anything%20and%20see%20anything%2c%20whether%20they%20should%20or%20not.%22%2c%20%22OriginalTitle%22%3a%20%22Dark%20Net%22%2c%20%22Tag%22%3a%20%2216%22%2c%20%22year%22%3a%20%222017%22%7d&quot"/>
</include>

<include content="sessionone">
<param name="seesionone" value="517"/>
<param name="labelname" value="המרוץ לדראג של רו פול"/>
<param name="network" value="[COLOR red](UNKNOWN)[/COLOR]"/>
<param name="baseepisodidcontent" value="plugin://plugin.video.sdarot.tv/season/5688/1/%D7%94%D7%9E%D7%A8%D7%95%D7%A5+%D7%9C%D7%93%D7%A8%D7%90%D7%92+%D7%A9%D7%9C+%D7%A8%D7%95+%D7%A4%D7%95%D7%9C%3A+VIP/RuPaul%27s+Secret+Celebrity+Drag+Race&quot"/>
</include>

<include content="sessionone">
<param name="seesionone" value="518"/>
<param name="labelname" value="שולחן השף"/>
<param name="network" value="[COLOR red](UNKNOWN)[/COLOR]"/>
<param name="baseepisodidcontent" value="plugin://plugin.video.mando/?all_w=%7b%7d&amp;data=2018&amp;dates=%20&amp;description=%5bCOLOR%20aqua%5d%20%d7%a9%d7%95%d7%93%d7%a8%20%d7%91%d7%aa%d7%90%d7%a8%d7%99%d7%9a%2013-04-2018%5b%2fCOLOR%5d%0aIn%20this%20Emmy-nominated%20docuseries%2c%20find%20out%20what%27s%20inside%20the%20kitchens%20and%20minds%20of%20the%20international%20culinary%20stars%20who%20are%20redefining%20gourmet%20food.&amp;eng_name=%20&amp;episode=%20&amp;fanart=https%3a%2f%2fimage.tmdb.org%2ft%2fp%2foriginal%2f%2fp01jpJELpRXEJ1bt3yOLxwJ09bq.jpg&amp;fav_status=false&amp;heb_name=%d7%a9%d7%95%d7%9c%d7%97%d7%9f%20%d7%94%d7%a9%d7%a3&amp;iconimage=https%3a%2f%2fimage.tmdb.org%2ft%2fp%2foriginal%2f%2fjDpevwJ7K3tMpdV5QCAeZ8YjZTf.jpg&amp;id=62391&amp;image_master&amp;isr=0&amp;last_id&amp;mode=19&amp;name=%5bCOLOR%20white%5d%d7%a2%d7%95%d7%a0%d7%94%204%5b%2fCOLOR%5d&amp;original_title=Chef%27s%20Table&amp;season=4&amp;show_original_year=2015&amp;tmdbid=268972&amp;url=https%3a%2f%2fapi.themoviedb.org%2f3%2ftv%2f62391%3fapi_key%3d34142515d9d23817496eeb4ff1d223d0%26language%3den%26append_to_response%3dexternal_ids&amp;video_data=%7b%22rating%22%3a%20%220%22%2c%20%22episode%22%3a%200%2c%20%22title%22%3a%20%22%5bCOLOR%20white%5d%5cu05e2%5cu05d5%5cu05e0%5cu05d4%204%5b%2fCOLOR%5d%22%2c%20%22season%22%3a%200%2c%20%22TVshowtitle%22%3a%20%22%22%2c%20%22mediatype%22%3a%20%22movie%22%2c%20%22plot%22%3a%20%22%5bCOLOR%20aqua%5d%20%5cu05e9%5cu05d5%5cu05d3%5cu05e8%20%5cu05d1%5cu05ea%5cu05d0%5cu05e8%5cu05d9%5cu05da%2013-04-2018%5b%2fCOLOR%5d%5cnIn%20this%20Emmy-nominated%20docuseries%2c%20find%20out%20what%27s%20inside%20the%20kitchens%20and%20minds%20of%20the%20international%20culinary%20stars%20who%20are%20redefining%20gourmet%20food.%22%2c%20%22OriginalTitle%22%3a%20%22Chef%27s%20Table%22%2c%20%22Tag%22%3a%20%2216%22%2c%20%22year%22%3a%20%222018%22%7d&quot"/>
</include>
<include content="sessiontwo">
<param name="sessiontwo" value="519"/>
<param name="labelname" value="שולחן השף"/>
<param name="network" value="[COLOR red](UNKNOWN)[/COLOR]"/>
<param name="baseepisodidcontent" value="plugin://plugin.video.mando/?all_w=%7b%7d&amp;data=2018&amp;dates=%20&amp;description=%5bCOLOR%20aqua%5d%20%d7%a9%d7%95%d7%93%d7%a8%20%d7%91%d7%aa%d7%90%d7%a8%d7%99%d7%9a%2028-09-2018%5b%2fCOLOR%5d%0aIn%20this%20Emmy-nominated%20docuseries%2c%20find%20out%20what%27s%20inside%20the%20kitchens%20and%20minds%20of%20the%20international%20culinary%20stars%20who%20are%20redefining%20gourmet%20food.&amp;eng_name=%20&amp;episode=%20&amp;fanart=https%3a%2f%2fimage.tmdb.org%2ft%2fp%2foriginal%2f%2fp01jpJELpRXEJ1bt3yOLxwJ09bq.jpg&amp;fav_status=false&amp;heb_name=%d7%a9%d7%95%d7%9c%d7%97%d7%9f%20%d7%94%d7%a9%d7%a3&amp;iconimage=https%3a%2f%2fimage.tmdb.org%2ft%2fp%2foriginal%2f%2fs43K8z4lU0ocuQltfWDXEJaAaFm.jpg&amp;id=62391&amp;image_master&amp;isr=0&amp;last_id&amp;mode=19&amp;name=%5bCOLOR%20white%5d%d7%a2%d7%95%d7%a0%d7%94%205%5b%2fCOLOR%5d&amp;original_title=Chef%27s%20Table&amp;season=5&amp;show_original_year=2015&amp;tmdbid=268972&amp;url=https%3a%2f%2fapi.themoviedb.org%2f3%2ftv%2f62391%3fapi_key%3d34142515d9d23817496eeb4ff1d223d0%26language%3den%26append_to_response%3dexternal_ids&amp;video_data=%7b%22rating%22%3a%20%220%22%2c%20%22episode%22%3a%200%2c%20%22title%22%3a%20%22%5bCOLOR%20white%5d%5cu05e2%5cu05d5%5cu05e0%5cu05d4%205%5b%2fCOLOR%5d%22%2c%20%22season%22%3a%200%2c%20%22TVshowtitle%22%3a%20%22%22%2c%20%22mediatype%22%3a%20%22movie%22%2c%20%22plot%22%3a%20%22%5bCOLOR%20aqua%5d%20%5cu05e9%5cu05d5%5cu05d3%5cu05e8%20%5cu05d1%5cu05ea%5cu05d0%5cu05e8%5cu05d9%5cu05da%2028-09-2018%5b%2fCOLOR%5d%5cnIn%20this%20Emmy-nominated%20docuseries%2c%20find%20out%20what%27s%20inside%20the%20kitchens%20and%20minds%20of%20the%20international%20culinary%20stars%20who%20are%20redefining%20gourmet%20food.%22%2c%20%22OriginalTitle%22%3a%20%22Chef%27s%20Table%22%2c%20%22Tag%22%3a%20%2216%22%2c%20%22year%22%3a%20%222018%22%7d&quot"/>
</include>
<include content="sessionthree">
<param name="sessionthree" value="520"/>
<param name="labelname" value="שולחן השף"/>
<param name="network" value="[COLOR red](NETFLIX)[/COLOR]"/>
<param name="baseepisodidcontent" value="plugin://plugin.video.mando/?all_w=%7b%7d&amp;data=2019&amp;dates=%20&amp;description=%5bCOLOR%20aqua%5d%20%d7%a9%d7%95%d7%93%d7%a8%20%d7%91%d7%aa%d7%90%d7%a8%d7%99%d7%9a%2022-02-2019%5b%2fCOLOR%5d%0aIn%20this%20Emmy-nominated%20docuseries%2c%20find%20out%20what%27s%20inside%20the%20kitchens%20and%20minds%20of%20the%20international%20culinary%20stars%20who%20are%20redefining%20gourmet%20food.&amp;eng_name=%20&amp;episode=%20&amp;fanart=https%3a%2f%2fimage.tmdb.org%2ft%2fp%2foriginal%2f%2fp01jpJELpRXEJ1bt3yOLxwJ09bq.jpg&amp;fav_status=false&amp;heb_name=%d7%a9%d7%95%d7%9c%d7%97%d7%9f%20%d7%94%d7%a9%d7%a3&amp;iconimage=https%3a%2f%2fimage.tmdb.org%2ft%2fp%2foriginal%2f%2f4WwPcy3sC3Lp7XDvCOB6RZGnRc.jpg&amp;id=62391&amp;image_master&amp;isr=0&amp;last_id&amp;mode=19&amp;name=%5bCOLOR%20white%5d%d7%a2%d7%95%d7%a0%d7%94%206%5b%2fCOLOR%5d&amp;original_title=Chef%27s%20Table&amp;season=6&amp;show_original_year=2015&amp;tmdbid=268972&amp;url=https%3a%2f%2fapi.themoviedb.org%2f3%2ftv%2f62391%3fapi_key%3d34142515d9d23817496eeb4ff1d223d0%26language%3den%26append_to_response%3dexternal_ids&amp;video_data=%7b%22rating%22%3a%20%220%22%2c%20%22episode%22%3a%200%2c%20%22title%22%3a%20%22%5bCOLOR%20white%5d%5cu05e2%5cu05d5%5cu05e0%5cu05d4%206%5b%2fCOLOR%5d%22%2c%20%22season%22%3a%200%2c%20%22TVshowtitle%22%3a%20%22%22%2c%20%22mediatype%22%3a%20%22movie%22%2c%20%22plot%22%3a%20%22%5bCOLOR%20aqua%5d%20%5cu05e9%5cu05d5%5cu05d3%5cu05e8%20%5cu05d1%5cu05ea%5cu05d0%5cu05e8%5cu05d9%5cu05da%2022-02-2019%5b%2fCOLOR%5d%5cnIn%20this%20Emmy-nominated%20docuseries%2c%20find%20out%20what%27s%20inside%20the%20kitchens%20and%20minds%20of%20the%20international%20culinary%20stars%20who%20are%20redefining%20gourmet%20food.%22%2c%20%22OriginalTitle%22%3a%20%22Chef%27s%20Table%22%2c%20%22Tag%22%3a%20%2216%22%2c%20%22year%22%3a%20%222019%22%7d&quot"/>
</include>

<include content="sessionone">
<param name="seesionone" value="521"/>
<param name="labelname" value="הצלחתי"/>
<param name="network" value="[COLOR red](NETFLIX)[/COLOR]"/>
<param name="baseepisodidcontent" value="plugin://plugin.video.mando/?all_w=%7b%7d&amp;data=2018&amp;dates=%20&amp;description=%5bCOLOR%20aqua%5d%20%d7%a9%d7%95%d7%93%d7%a8%20%d7%91%d7%aa%d7%90%d7%a8%d7%99%d7%9a%2009-03-2018%5b%2fCOLOR%5d%0aHome%20bakers%20with%20a%20terrible%20track%20record%20take%20a%20crack%20at%20re-creating%20edible%20masterpieces%20for%20a%20%2410%2c000%20prize.%20It%27s%20part%20reality%20contest%2c%20part%20hot%20mess.&amp;eng_name=%20&amp;episode=%20&amp;fanart=https%3a%2f%2fimage.tmdb.org%2ft%2fp%2foriginal%2f%2fvxa8VrOpHgIBxXIVHmhe6SoEjVn.jpg&amp;fav_status=false&amp;heb_name=%d7%94%d7%a6%d7%9c%d7%97%d7%aa%d7%99!&amp;iconimage=https%3a%2f%2fimage.tmdb.org%2ft%2fp%2foriginal%2f%2f3wLAkbQu2Ld1rjiEeFvHnqmO5zN.jpg&amp;id=77791&amp;image_master&amp;isr=0&amp;last_id&amp;mode=19&amp;name=%5bCOLOR%20white%5d%d7%a2%d7%95%d7%a0%d7%94%201%5b%2fCOLOR%5d&amp;original_title=Nailed%20It!&amp;season=1&amp;show_original_year=2018&amp;tmdbid=343290&amp;url=https%3a%2f%2fapi.themoviedb.org%2f3%2ftv%2f77791%3fapi_key%3d34142515d9d23817496eeb4ff1d223d0%26language%3den%26append_to_response%3dexternal_ids&amp;video_data=%7b%22rating%22%3a%20%220%22%2c%20%22episode%22%3a%200%2c%20%22title%22%3a%20%22%5bCOLOR%20white%5d%5cu05e2%5cu05d5%5cu05e0%5cu05d4%201%5b%2fCOLOR%5d%22%2c%20%22season%22%3a%200%2c%20%22TVshowtitle%22%3a%20%22%22%2c%20%22mediatype%22%3a%20%22movie%22%2c%20%22plot%22%3a%20%22%5bCOLOR%20aqua%5d%20%5cu05e9%5cu05d5%5cu05d3%5cu05e8%20%5cu05d1%5cu05ea%5cu05d0%5cu05e8%5cu05d9%5cu05da%2009-03-2018%5b%2fCOLOR%5d%5cnHome%20bakers%20with%20a%20terrible%20track%20record%20take%20a%20crack%20at%20re-creating%20edible%20masterpieces%20for%20a%20%2410%2c000%20prize.%20It%27s%20part%20reality%20contest%2c%20part%20hot%20mess.%22%2c%20%22OriginalTitle%22%3a%20%22Nailed%20It!%22%2c%20%22Tag%22%3a%20%2216%22%2c%20%22year%22%3a%20%222018%22%7d&quot"/>
</include>
<include content="sessiontwo">
<param name="sessiontwo" value="522"/>
<param name="labelname" value="הצלחתי"/>
<param name="network" value="[COLOR red](NETFLIX)[/COLOR]"/>
<param name="baseepisodidcontent" value="plugin://plugin.video.mando/?all_w=%7b%7d&amp;data=2018&amp;dates=%20&amp;description=%5bCOLOR%20aqua%5d%20%d7%a9%d7%95%d7%93%d7%a8%20%d7%91%d7%aa%d7%90%d7%a8%d7%99%d7%9a%2029-06-2018%5b%2fCOLOR%5d%0aHome%20bakers%20with%20a%20terrible%20track%20record%20take%20a%20crack%20at%20re-creating%20edible%20masterpieces%20for%20a%20%2410%2c000%20prize.%20It%27s%20part%20reality%20contest%2c%20part%20hot%20mess.&amp;eng_name=%20&amp;episode=%20&amp;fanart=https%3a%2f%2fimage.tmdb.org%2ft%2fp%2foriginal%2f%2fvxa8VrOpHgIBxXIVHmhe6SoEjVn.jpg&amp;fav_status=false&amp;heb_name=%d7%94%d7%a6%d7%9c%d7%97%d7%aa%d7%99!&amp;iconimage=https%3a%2f%2fimage.tmdb.org%2ft%2fp%2foriginal%2f%2fgiFIFM2EsHYqv0RvlP0EpffrhKG.jpg&amp;id=77791&amp;image_master&amp;isr=0&amp;last_id&amp;mode=19&amp;name=%5bCOLOR%20white%5d%d7%a2%d7%95%d7%a0%d7%94%202%5b%2fCOLOR%5d&amp;original_title=Nailed%20It!&amp;season=2&amp;show_original_year=2018&amp;tmdbid=343290&amp;url=https%3a%2f%2fapi.themoviedb.org%2f3%2ftv%2f77791%3fapi_key%3d34142515d9d23817496eeb4ff1d223d0%26language%3den%26append_to_response%3dexternal_ids&amp;video_data=%7b%22rating%22%3a%20%220%22%2c%20%22episode%22%3a%200%2c%20%22title%22%3a%20%22%5bCOLOR%20white%5d%5cu05e2%5cu05d5%5cu05e0%5cu05d4%202%5b%2fCOLOR%5d%22%2c%20%22season%22%3a%200%2c%20%22TVshowtitle%22%3a%20%22%22%2c%20%22mediatype%22%3a%20%22movie%22%2c%20%22plot%22%3a%20%22%5bCOLOR%20aqua%5d%20%5cu05e9%5cu05d5%5cu05d3%5cu05e8%20%5cu05d1%5cu05ea%5cu05d0%5cu05e8%5cu05d9%5cu05da%2029-06-2018%5b%2fCOLOR%5d%5cnHome%20bakers%20with%20a%20terrible%20track%20record%20take%20a%20crack%20at%20re-creating%20edible%20masterpieces%20for%20a%20%2410%2c000%20prize.%20It%27s%20part%20reality%20contest%2c%20part%20hot%20mess.%22%2c%20%22OriginalTitle%22%3a%20%22Nailed%20It!%22%2c%20%22Tag%22%3a%20%2216%22%2c%20%22year%22%3a%20%222018%22%7d&quot"/>
</include>

<include content="sessionone">
<param name="seesionone" value="523"/>
<param name="labelname" value="בייק אוף ישראל"/>
<param name="network" value="[COLOR red](UNKNOWN)[/COLOR]"/>
<param name="baseepisodidcontent" value="plugin://plugin.video.sdarot.tv/season/2278/1/%D7%91%D7%99%D7%99%D7%A7+%D7%90%D7%95%D7%A3+%D7%99%D7%A9%D7%A8%D7%90%D7%9C/Bake+Off+Israel&quot"/>
</include>
<include content="sessiontwo">
<param name="sessiontwo" value="524"/>
<param name="labelname" value="בייק אוף ישראל"/>
<param name="network" value="[COLOR red](UNKNOWN)[/COLOR]"/>
<param name="baseepisodidcontent" value="plugin://plugin.video.sdarot.tv/season/2278/2/%D7%91%D7%99%D7%99%D7%A7+%D7%90%D7%95%D7%A3+%D7%99%D7%A9%D7%A8%D7%90%D7%9C/Bake+Off+Israel&quot"/>
</include>

<!--
<include content="sessionone">
<param name="seesionone" value="508"/>
<param name="labelname" value="ית של רייבן"/>
<param name="network" value="[COLOR red](UNKNOWN)[/COLOR]"/>
<param name="baseepisodidcontent" value=""/>
</include>

<include content="sessiontwo">
<param name="sessiontwo" value="509"/>
<param name="labelname" value="הבית של רייבן"/>
<param name="network" value="[COLOR red](UNKNOWN)[/COLOR]"/>
<param name="baseepisodidcontent" value=""/>
</include>

<include content="sessionthree">
<param name="sessionthree" value="510"/>
<param name="labelname" value="הבית של רייבן"/>
<param name="network" value="[COLOR red](NETFLIX)[/COLOR]"/>
<param name="baseepisodidcontent" value=""/>
</include>
-->


</controls>
</window>
