<?xml version="1.0" encoding="UTF-8"?>
<!-- Foundation -->
<window id="6907" type="dialog">
    <defaultcontrol always="true">5</defaultcontrol>


<controls>

<control type="image">
<posx>0</posx>
<posy>0</posy>
<width>fsw</width>
<height>fsh</height>
<texture>special://skin/extras/specialbuttons/background.jpg</texture>
</control>

<control type="multiimage">
<posx>0</posx>
<posy>0</posy>
<width>fsw</width>
<height>fsh</height>
<fadetime>350</fadetime>
<imagepath>$INFO[Container(5).ListItem.Art(fanart)]</imagepath>
</control>

<control type="image">
<posx>-100</posx>
<posy>300</posy>
<width>2200</width>
<height>580</height>
<texture>special://skin/extras/common/context_middle.png</texture>
</control>

<control type="image">
<posx>-100</posx>
<posy>50</posy>
<width>2200</width>
<height>250</height>
<texture>special://skin/extras/common/context_middle.png</texture>
</control>

<control type="image">
<posx>-100</posx>
<posy>0</posy>
<width>2200</width>
<height>50</height>
<texture>special://skin/extras/common/context_middle.png</texture>
</control>

<control type="group">
<control type="label">
<posx>35</posx>
<posy>300</posy>
<width>500</width>
<height>40</height>
<align>center</align>
<font>font-21-newrecommnded</font>
<label>$INFO[Container(5).ListItem.Label]</label>
</control>

<control type="label">
<posx>200</posx>
<posy>380</posy>
<width>250</width>
<height>40</height>
<textcolor>burlywood</textcolor>
<label>[B]תקציר סדרה:[/B]</label>
</control>

</control>

<control type="label">
<posx>1505</posx>
<posy>700</posy>
<width>250</width>
<height>40</height>
<align>right</align>
<label>[COLOR cyan]$INFO[Container(5).NumItems][/COLOR] [COLOR white]כמות סדרות:[/COLOR]</label>
</control>

<control type="image">
<visible>!Integer.IsGreater(Container(5).NumItems,0)</visible>
<posx>800</posx>
<posy>500</posy>
<width>120</width>
<height>120</height>
<texture>special://skin/extras/specialbuttons/loading.gif</texture>
</control>


<control type="multiimage">
<centerleft>90%</centerleft>
<posy>330</posy>
<width>350</width>
<height>520</height>
<fadetime>350</fadetime>
<imagepath>$INFO[Container(5).ListItem.Thumb]</imagepath>
</control>

<control type="textbox">
<posx>0</posx>
<posy>470</posy>
<width>500</width>
<height>320</height>
<align>right</align>
<autoscroll fade="2550" time="3000" repeat="4000"></autoscroll>
<label>$INFO[Container(5).ListItem.Plot]</label>
</control>


<include content="basetvshowcontent">
<param name="basetvshowid" value="5"/>
<param name="basetvshowcontnet" value="plugin://plugin.audio.My.Music/?cat_level=%20&amp;count=0&amp;description=%5bB%5d%5bCOLOR%20burlywood%5d%20%d7%a9.%d7%a7%20%5b%2fCOLOR%5d%5b%2fB%5d&amp;fanart=https%3a%2f%2ffunender.com%2fwp-content%2fuploads%2f2017%2f11%2fTop-10-Box-Office-Weekend-Movies-Report-October-27-29-2017.jpg&amp;iconimage=http%3a%2f%2fngarba.xyz%2fadds%2fyos%2fphoto10.jpg&amp;index_depth=0&amp;lang=eng&amp;mode=5&amp;name=tvshow-vivaplus&amp;page&amp;selected_list=%20&amp;url=%d7%a1%d7%93%d7%a8%d7%95%d7%aatvshow-newdesigntvshow-vivaplus&quot"/>
</include>

<include content="sessionone">
<param name="seesionone" value="500"/>
<param name="labelname" value="רוחות של אהבה"/>
<param name="network" value="[COLOR red](UNKNOWN)[/COLOR]"/>
<param name="baseepisodidcontent" value="plugin://plugin.video.sdarot.tv/season/5448/1/%D7%A8%D7%95%D7%97%D7%95%D7%AA+%D7%A9%D7%9C+%D7%90%D7%94%D7%91%D7%94/Hercai&quot"/>
</include>
<include content="sessiontwo">
<param name="sessiontwo" value="502"/>
<param name="labelname" value="רוחות של אהבה"/>
<param name="network" value="[COLOR red](UNKNOWN)[/COLOR]"/>
<param name="baseepisodidcontent" value="plugin://plugin.video.sdarot.tv/season/5448/2/%D7%A8%D7%95%D7%97%D7%95%D7%AA+%D7%A9%D7%9C+%D7%90%D7%94%D7%91%D7%94/Hercai&quot"/>
</include>

<include content="sessionone">
<param name="seesionone" value="502"/>
<param name="labelname" value="הילד"/>
<param name="network" value="[COLOR red](UNKNOWN)[/COLOR]"/>
<param name="baseepisodidcontent" value="plugin://plugin.video.sdarot.tv/season/5658/1/%D7%94%D7%99%D7%9C%D7%93/%C3%87ocuk&quot"/>
</include>

<!--
<include content="sessionone">
<param name="seesionone" value="508"/>
<param name="labelname" value="ית של רייבן"/>
<param name="network" value="[COLOR red](UNKNOWN)[/COLOR]"/>
<param name="baseepisodidcontent" value=""/>
</include>

<include content="sessiontwo">
<param name="sessiontwo" value="509"/>
<param name="labelname" value="הבית של רייבן"/>
<param name="network" value="[COLOR red](UNKNOWN)[/COLOR]"/>
<param name="baseepisodidcontent" value=""/>
</include>

<include content="sessionthree">
<param name="sessionthree" value="510"/>
<param name="labelname" value="הבית של רייבן"/>
<param name="network" value="[COLOR red](NETFLIX)[/COLOR]"/>
<param name="baseepisodidcontent" value=""/>
</include>
-->


</controls>
</window>
