<?xml version="1.0" encoding="UTF-8"?>
<!-- Foundation -->
<window id="6945" type="dialog">
    <defaultcontrol always="true">5</defaultcontrol>
<controls>




<control type="image">
<posx>0</posx>
<posy>0</posy>
<width>1920</width>
<height>1080</height>
<texture>black.png</texture>
</control>

<control type="label">
<animation condition="!Integer.IsGreater(Container(5).NumItems,0)" effect="fade" start="0" end="100" time="1100" pulse="true">Conditional</animation>
<visible>!Integer.IsGreater(Container(5).NumItems,0)</visible>
<posx>500</posx>
<posy>500</posy>
<width>500</width>
<label>טוען סרטים נטפליקס.....</label>
</control>

<include content="moviebetflixdesign">
<param name="stringid" value="5"/>
<param name="sortby" value="random"/>
<param name="sortorder" value="random"/>
<param name="content" value="plugin://plugin.video.thecrew/?action=movies&amp;url=https%3a%2f%2fapi.trakt.tv%2fusers%2fme%2flists%2fforthenetflixview%2fitems&quot"/>
</include>

<control type="image">
<visible>Integer.IsGreater(Container(5).NumItems,0)</visible>
<posx>1860</posx>
<posy>220</posy>
<width>35</width>
<height>35</height>
<texture>special://skin/extras/test/netflixlogo.png</texture>
</control>

<control type="label">
<visible>Integer.IsGreater(Container(5).NumItems,0)</visible>
<posx>1810</posx>
<posy>218</posy>
<width>500</width>
<label>[B]סרט[/B]</label>
</control>
</controls>
</window>
