<?xml version="1.0" encoding="UTF-8"?>
<!-- Foundation -->
<window id="6756" type="dialog">
    <defaultcontrol always="true">2164</defaultcontrol>
	
<controls>
			<control type="multiimage">
			<posx>0</posx>
			<posy>0</posy>
			<width>1920</width>
			<height>1080</height>
			<imagepath background="true">special://skin/extras/specialbuttons/background.jpg</imagepath>
			<aspectratio aligny="top">scale</aspectratio>
			<timeperimage>80000</timeperimage>
			<randomize>true</randomize>
			<fadetime>650</fadetime>
		</control>

<control type="group">
		<animation type="WindowOpen">
			<effect type="slide" start="0,0" end="-2220,0" tween="cubic" easing="inout" time="650"/>
			</animation>
			<animation type="WindowClose">
			<effect type="slide" start="-2220,0" end="2200,0" tween="cubic" easing="inout" time="650"/>
			</animation>
<posx>2200</posx>

<control type="group">
<posx>1420</posx>
<posy>200</posy>
<control type="image">
<posx>0</posx>
<posy>0</posy>
<width>535</width>
<height>750</height>
<texture colordiffuse="black">white.png</texture>
</control>
</control>

<include content="recommendedmovies">
<param name="recommndedcompompare" value="5"/>
<param name="recommendedid" value="5"/>
<param name="recommendedcontent" value="plugin://plugin.video.telemedia/?data=-1001327515657&amp;dates=%20&amp;description=%d7%91%0afrom_plot&amp;eng_name=%20&amp;episode=%20&amp;fanart&amp;fav_status=false&amp;heb_name=%20&amp;iconimage&amp;id=%20&amp;image_master&amp;isr=0&amp;last_id&amp;mode=31&amp;name=%5bCOLOR%20khaki%5d%d7%a2%d7%95%d7%9c%d7%9d%20%d7%94%d7%9e%d7%95%d7%96%d7%99%d7%a7%d7%94%20%d7%a9%d7%9c%20%d7%92%d7%95%d7%a1%d7%98%5b%2fCOLOR%5d&amp;original_title=%20&amp;season=%20&amp;show_original_year=%20&amp;tmdbid=%20&amp;url=-1001327515657&quot"/>
</include>

<!--קליפים-->

<include content="takzirrecommendedplus">
<param name="recommndedcompompare" value="5"/>
<param name="labeleidd" value="עומרי חיים"/>
<param name="recommndedfanart" value="https://i1.sndcdn.com/artworks-000678242347-9j32wu-t500x500.jpg"/>
<param name="reocommndedlabel" value="סט להיטים 2020 די ג'יי עומרי חיים"/>
<param name="recommndedegenre" value="מוזיקה"/>
<param name="recommendedyear" value="2020"/>
<param name="recommdendplot" value="סט להיטים מזרחי 2020 עומרי חיים  ממיטב השירים"/>
</include>

<include content="takzirrecommendedplus">
<param name="recommndedcompompare" value="5"/>
<param name="labeleidd" value="רז סיסו"/>
<param name="recommndedfanart" value="https://i.ytimg.com/vi/UohXbNrmE6Q/maxresdefault.jpg"/>
<param name="reocommndedlabel" value="דיג'יי רז סיסו - סט הלהיטים 2020"/>
<param name="recommndedegenre" value="סט להיטים"/>
<param name="recommendedyear" value="2020"/>
<param name="recommdendplot" value="סט להיטים מזרחי דיגי רז סיסו כל הלהיטים החדשים"/>
</include>

<include content="takzirrecommendedplus">
<param name="recommndedcompompare" value="5"/>
<param name="labeleidd" value="Tomorrowland"/>
<param name="recommndedfanart" value="https://i.ytimg.com/vi/18_3ZPK-hvU/maxresdefault.jpg"/>
<param name="reocommndedlabel" value="Armin van Buuren"/>
<param name="recommndedegenre" value="מוזיקה"/>
<param name="recommendedyear" value="2019"/>
<param name="recommdendplot" value="נולד ב-25 בדצמבר 1976 בליידן, הולנד) הוא מפיק טראנס ו-DJ הולנדי. ואן ביורן מדורג בכל שנה מאז שנת 2002 בחמשת המקומות הראשונים בדירוג 100 התקליטנים הטובים בעולם של מגזין DJ Mag, מתוכן חמש פעמים במקום הראשון.. חשיפתו המשמעותית לקהל הרחב התרחשה דרך תוכנית רדיו שבועית שהוא משדר מאז שנת 2001, בשם A State of Trance, שבשיאה האזינו לה כ-37 מיליון בני אדם מ-84 מדינות שונות. בשנת 2014 שירו  היה מועמד לפרס גראמי, ובכך הפך ואן ביורן לאמן הטראנס הרביעי בהיסטוריה לקבל מועמדות לפרס זה. כמו כן, אלבומו משנת 2008  הגיע למקום הראשון במצעד התקליטים ההולנדי ובכך הפך לאומן הטראנס הראשון שעשה כן."/>
</include>

<include content="takzirrecommendedplus">
<param name="recommndedcompompare" value="5"/>
<param name="labeleidd" value="eyalgolanlivekesaria"/>
<param name="recommndedfanart" value="https://i.ytimg.com/vi/zN9mUNn9Y9w/maxresdefault.jpg"/>
<param name="reocommndedlabel" value="אייל גולן חגיגה בקיסריה ללא קהל"/>
<param name="recommndedegenre" value="הופעה חיה"/>
<param name="recommendedyear" value="2020"/>
<param name="recommdendplot" value="לצד הקורונה החליט אייל גולן להופיע על במת קיסרייה ללא קהל ולתת שואו להרים את מצב רוחם של עם ישראל צפיה מהנה"/>
</include>

<include content="takzirrecommendedplus">
<param name="recommndedcompompare" value="5"/>
<param name="labeleidd" value="liornarkisliveyahalom"/>
<param name="recommndedfanart" value="https://i.ytimg.com/vi/PHF3xaEjbOI/maxresdefault.jpg"/>
<param name="reocommndedlabel" value="ליאור נרקים מופע יהלום בקיסרייה"/>
<param name="recommndedegenre" value="הופעה חיה"/>
<param name="recommendedyear" value="2015"/>
<param name="recommdendplot" value="ליאור נרקיס נולד בחולון כבן זקונים לדוד וחנה נרקיס. נרקיס החל לשיר בגיל 16. בשנת 1994 הוציא את אלבומו הראשון, תפילת חיי, שהיה אלבום עם לחנים טורקיים, וכלל בעיקר שירים בסגנון טורקי. מתוך האלבום התבלט השיר המצליח שהיה להיט גדול באותה תקופה, כמו פרפר."/>
</include>

<include content="takzirrecommendedplus">
<param name="recommndedcompompare" value="5"/>
<param name="labeleidd" value="איתי לוי"/>
<param name="recommndedfanart" value="https://tribona.co.il/media/k2/items/cache/d00a29dd85b2cb5422a2126e53c83a83_XL.jpg"/>
<param name="reocommndedlabel" value="איתי לוי בהופעה חיה"/>
<param name="recommndedegenre" value="הופעה חיה"/>
<param name="recommendedyear" value="2020"/>
<param name="recommdendplot" value="איתי לוי בהיכל מנורה - ההופעה המלאה"/>
</include>

<include content="takzirrecommendedplus">
<param name="recommndedcompompare" value="5"/>
<param name="labeleidd" value="zapa"/>
<param name="recommndedfanart" value="https://www.israelhayom.co.il/sites/default/files/styles/1200x627/public/images/articles/2020/05/06/15887642766181_b.jpg"/>
<param name="reocommndedlabel" value="ליאור נרקים בהופעה חיה בזאפה"/>
<param name="recommndedegenre" value="הופעה חיה"/>
<param name="recommendedyear" value="2020"/>
<param name="recommdendplot" value="ליאור נרקים בהופעה חיה בזאפה"/>
</include>

<!--קליפים-->

<control type="image">
<visible>Control.HasFocus(6)</visible>
<posx>1430</posx>
<posy>270</posy>
<width>500</width>
<height>280</height>
<texture colordiffuse="white" border="1,1,1,1">special://skin/extras/views/cover_panel_fo.png</texture>
</control>

<control type="image">
<visible>Control.HasFocus(5)</visible>
<posx>1430</posx>
<posy>270</posy>
<width>500</width>
<height>280</height>
<texture colordiffuse="white" border="1,1,1,1">special://skin/extras/views/cover_panel_fo.png</texture>
</control>


				<control type="grouplist" id="2164">
				<posx>1500</posx>
				<posy>210</posy>
				<width>600</width>
				<height>100</height>
				<itemgap>30</itemgap>
				<orientation>horizontal</orientation>
					<control type="button" id="94">
					<label>קליפים והופעות חיות מעורבב</label>
					<texturefocus colordiffuse="white" border="8,8,8,8">special://skin/extras/views/default_button_fo.png</texturefocus>
					<width>auto</width>
					<height>56</height>
					<align>center</align>
					<font>Font-Header-Bold-addline</font>
					<textcolor>FF999999</textcolor>
					<focusedcolor>FFFFFFFF</focusedcolor>
					<textoffsetx>5</textoffsetx>
					<radioposx>5</radioposx>
					<radiowidth>32</radiowidth>
					<radioheight>32</radioheight>
					<ondown>5</ondown>
					<onclick>setfocus(5)</onclick>
					<onfocus>Skin.SetString(Section,5)</onfocus>
				</control>
				</control>
</control>
</controls>
</window>
