<?xml version="1.0" encoding="UTF-8"?>
<!-- Foundation -->
<window id="6908" type="dialog">
    <defaultcontrol always="true">5</defaultcontrol>

<controls>

<control type="image">
<posx>0</posx>
<posy>0</posy>
<width>fsw</width>
<height>fsh</height>
<texture colordiffuse="black">white.png</texture>
</control>



<control type="multiimage">
<posx>0</posx>
<posy>0</posy>
<width>fsw</width>
<height>fsh</height>
<fadetime>350</fadetime>
<imagepath>$INFO[Container(5).ListItem.Art(fanart)]</imagepath>
</control>

<control type="group">
<posx>-200</posx>
<control type="image">
<description>episodenamebg</description>
<posy>150</posy>
<width>2400</width>
<height>50</height>
<texture>special://skin/extras/common/context_middle.png</texture>
</control>
<control type="image">
<description>eipisodinfobg</description>
<posy>200</posy>
<width>2400</width>
<height>250</height>
<texture>special://skin/extras/common/context_middle.png</texture>
</control>
<control type="image">
<description>tvshowbgandinfo</description>
<posy>450</posy>
<width>2400</width>
<height>500</height>
<texture>special://skin/extras/common/context_middle.png</texture>
</control>
</control>

<control type="label">
<visible>!Integer.IsGreater(Container(5).NumItems,0)</visible>
<animation condition="!Integer.IsGreater(Container(5).NumItems,0)" effect="fade" start="0" end="100" time="1100" pulse="true">Conditional</animation>
<posx>800</posx>
<posy>600</posy>
<width>800</width>
<height>50</height>
<label>טוען סדרות נא להמתין...</label>
</control>



<include content="basetvshowscontent">
<param name="episodenameid" value="5"/>
<param name="tvsshowcontent" value="plugin://plugin.audio.My.Music/?cat_level=%20&amp;count=0&amp;description=%5bB%5d%5bCOLOR%20burlywood%5d%20%d7%a9.%d7%a7%20%5b%2fCOLOR%5d%5b%2fB%5d&amp;fanart=https%3a%2f%2ffunender.com%2fwp-content%2fuploads%2f2017%2f11%2fTop-10-Box-Office-Weekend-Movies-Report-October-27-29-2017.jpg&amp;iconimage=http%3a%2f%2fngarba.xyz%2fadds%2fyos%2fphoto10.jpg&amp;index_depth=0&amp;lang=eng&amp;mode=5&amp;name=tvshow-nostalgy&amp;page&amp;selected_list=%20&amp;url=%d7%a1%d7%93%d7%a8%d7%95%d7%aatvshow-newdesigntvshow-nostalgy&quot"/>
</include>

<include content="epissodescontente">
<param name="episodeslistid" value="500"/>
<param name="tvshowname" value="סיינפלד"/>
<param name="networkname" value="UNKNOWN"/>
<param name="episodeslistcontent" value="plugin://plugin.video.mando/?all_w=%7b%7d&amp;data=1993&amp;dates=%20&amp;description=%5bCOLOR%20aqua%5d%20%d7%a9%d7%95%d7%93%d7%a8%20%d7%91%d7%aa%d7%90%d7%a8%d7%99%d7%9a%2016-09-1993%5b%2fCOLOR%5d%0aA%20stand-up%20comedian%20and%20his%20three%20offbeat%20friends%20weather%20the%20pitfalls%20and%20payoffs%20of%20life%20in%20New%20York%20City%20in%20the%20%2790s.%20It%27s%20a%20show%20about%20nothing.&amp;eng_name=%20&amp;episode=%20&amp;fanart=https%3a%2f%2fimage.tmdb.org%2ft%2fp%2foriginal%2f%2flyTCCuymqg8egIaQXZAY5vE4MB0.jpg&amp;fav_status=false&amp;heb_name=%d7%a1%d7%99%d7%99%d7%a0%d7%a4%d7%9c%d7%93&amp;iconimage=https%3a%2f%2fimage.tmdb.org%2ft%2fp%2foriginal%2f%2fuCzVp0m8lOncGEcQbNBcdXtk2M7.jpg&amp;id=1400&amp;image_master&amp;isr=0&amp;last_id&amp;mode=19&amp;name=%5bCOLOR%20white%5d%d7%a2%d7%95%d7%a0%d7%94%205%5b%2fCOLOR%5d&amp;original_title=Seinfeld&amp;season=5&amp;show_original_year=1989&amp;tmdbid=79169&amp;url=https%3a%2f%2fapi.themoviedb.org%2f3%2ftv%2f1400%3fapi_key%3d34142515d9d23817496eeb4ff1d223d0%26language%3den%26append_to_response%3dexternal_ids&amp;video_data=%7b%22rating%22%3a%20%220%22%2c%20%22episode%22%3a%200%2c%20%22title%22%3a%20%22%5bCOLOR%20white%5d%5cu05e2%5cu05d5%5cu05e0%5cu05d4%205%5b%2fCOLOR%5d%22%2c%20%22season%22%3a%200%2c%20%22TVshowtitle%22%3a%20%22%22%2c%20%22mediatype%22%3a%20%22movie%22%2c%20%22plot%22%3a%20%22%5bCOLOR%20aqua%5d%20%5cu05e9%5cu05d5%5cu05d3%5cu05e8%20%5cu05d1%5cu05ea%5cu05d0%5cu05e8%5cu05d9%5cu05da%2016-09-1993%5b%2fCOLOR%5d%5cnA%20stand-up%20comedian%20and%20his%20three%20offbeat%20friends%20weather%20the%20pitfalls%20and%20payoffs%20of%20life%20in%20New%20York%20City%20in%20the%20%2790s.%20It%27s%20a%20show%20about%20nothing.%22%2c%20%22OriginalTitle%22%3a%20%22Seinfeld%22%2c%20%22Tag%22%3a%20%2216%22%2c%20%22year%22%3a%20%221993%22%7d&quot"/>
</include>
<include content="sessiontwocontent">
<param name="sessiontwocontentid" value="501"/>
<param name="tvshowname" value="סיינפלד"/>
<param name="networkname" value="UNKNOWN"/>
<param name="sessiontwocontent" value="plugin://plugin.video.mando/?all_w=%7b%7d&amp;data=1994&amp;dates=%20&amp;description=%5bCOLOR%20aqua%5d%20%d7%a9%d7%95%d7%93%d7%a8%20%d7%91%d7%aa%d7%90%d7%a8%d7%99%d7%9a%2022-09-1994%5b%2fCOLOR%5d%0aA%20stand-up%20comedian%20and%20his%20three%20offbeat%20friends%20weather%20the%20pitfalls%20and%20payoffs%20of%20life%20in%20New%20York%20City%20in%20the%20%2790s.%20It%27s%20a%20show%20about%20nothing.&amp;eng_name=%20&amp;episode=%20&amp;fanart=https%3a%2f%2fimage.tmdb.org%2ft%2fp%2foriginal%2f%2flyTCCuymqg8egIaQXZAY5vE4MB0.jpg&amp;fav_status=false&amp;heb_name=%d7%a1%d7%99%d7%99%d7%a0%d7%a4%d7%9c%d7%93&amp;iconimage=https%3a%2f%2fimage.tmdb.org%2ft%2fp%2foriginal%2f%2feSGiX8k1vsBXREv4UdOj9zL2bJ2.jpg&amp;id=1400&amp;image_master&amp;isr=0&amp;last_id&amp;mode=19&amp;name=%5bCOLOR%20white%5d%d7%a2%d7%95%d7%a0%d7%94%206%5b%2fCOLOR%5d&amp;original_title=Seinfeld&amp;season=6&amp;show_original_year=1989&amp;tmdbid=79169&amp;url=https%3a%2f%2fapi.themoviedb.org%2f3%2ftv%2f1400%3fapi_key%3d34142515d9d23817496eeb4ff1d223d0%26language%3den%26append_to_response%3dexternal_ids&amp;video_data=%7b%22rating%22%3a%20%220%22%2c%20%22episode%22%3a%200%2c%20%22title%22%3a%20%22%5bCOLOR%20white%5d%5cu05e2%5cu05d5%5cu05e0%5cu05d4%206%5b%2fCOLOR%5d%22%2c%20%22season%22%3a%200%2c%20%22TVshowtitle%22%3a%20%22%22%2c%20%22mediatype%22%3a%20%22movie%22%2c%20%22plot%22%3a%20%22%5bCOLOR%20aqua%5d%20%5cu05e9%5cu05d5%5cu05d3%5cu05e8%20%5cu05d1%5cu05ea%5cu05d0%5cu05e8%5cu05d9%5cu05da%2022-09-1994%5b%2fCOLOR%5d%5cnA%20stand-up%20comedian%20and%20his%20three%20offbeat%20friends%20weather%20the%20pitfalls%20and%20payoffs%20of%20life%20in%20New%20York%20City%20in%20the%20%2790s.%20It%27s%20a%20show%20about%20nothing.%22%2c%20%22OriginalTitle%22%3a%20%22Seinfeld%22%2c%20%22Tag%22%3a%20%2216%22%2c%20%22year%22%3a%20%221994%22%7d&quot"/>
</include>
<include content="sessionthreecontent">
<param name="sessionthreecontentid" value="502"/>
<param name="tvshowname" value="סיינפלד"/>
<param name="networkname" value="UNKNOWN"/>
<param name="sessionthreecontent" value="plugin://plugin.video.mando/?all_w=%7b%7d&amp;data=1995&amp;dates=%20&amp;description=%5bCOLOR%20aqua%5d%20%d7%a9%d7%95%d7%93%d7%a8%20%d7%91%d7%aa%d7%90%d7%a8%d7%99%d7%9a%2021-09-1995%5b%2fCOLOR%5d%0aA%20stand-up%20comedian%20and%20his%20three%20offbeat%20friends%20weather%20the%20pitfalls%20and%20payoffs%20of%20life%20in%20New%20York%20City%20in%20the%20%2790s.%20It%27s%20a%20show%20about%20nothing.&amp;eng_name=%20&amp;episode=%20&amp;fanart=https%3a%2f%2fimage.tmdb.org%2ft%2fp%2foriginal%2f%2flyTCCuymqg8egIaQXZAY5vE4MB0.jpg&amp;fav_status=false&amp;heb_name=%d7%a1%d7%99%d7%99%d7%a0%d7%a4%d7%9c%d7%93&amp;iconimage=https%3a%2f%2fimage.tmdb.org%2ft%2fp%2foriginal%2f%2fxqIK89x8lZ3Z6Aqdb5n4eKeYRet.jpg&amp;id=1400&amp;image_master&amp;isr=0&amp;last_id&amp;mode=19&amp;name=%5bCOLOR%20white%5d%d7%a2%d7%95%d7%a0%d7%94%207%5b%2fCOLOR%5d&amp;original_title=Seinfeld&amp;season=7&amp;show_original_year=1989&amp;tmdbid=79169&amp;url=https%3a%2f%2fapi.themoviedb.org%2f3%2ftv%2f1400%3fapi_key%3d34142515d9d23817496eeb4ff1d223d0%26language%3den%26append_to_response%3dexternal_ids&amp;video_data=%7b%22rating%22%3a%20%220%22%2c%20%22episode%22%3a%200%2c%20%22title%22%3a%20%22%5bCOLOR%20white%5d%5cu05e2%5cu05d5%5cu05e0%5cu05d4%207%5b%2fCOLOR%5d%22%2c%20%22season%22%3a%200%2c%20%22TVshowtitle%22%3a%20%22%22%2c%20%22mediatype%22%3a%20%22movie%22%2c%20%22plot%22%3a%20%22%5bCOLOR%20aqua%5d%20%5cu05e9%5cu05d5%5cu05d3%5cu05e8%20%5cu05d1%5cu05ea%5cu05d0%5cu05e8%5cu05d9%5cu05da%2021-09-1995%5b%2fCOLOR%5d%5cnA%20stand-up%20comedian%20and%20his%20three%20offbeat%20friends%20weather%20the%20pitfalls%20and%20payoffs%20of%20life%20in%20New%20York%20City%20in%20the%20%2790s.%20It%27s%20a%20show%20about%20nothing.%22%2c%20%22OriginalTitle%22%3a%20%22Seinfeld%22%2c%20%22Tag%22%3a%20%2216%22%2c%20%22year%22%3a%20%221995%22%7d&quot"/>
</include>
<include content="sessionfourcontent">
<param name="sessionfourcontentid" value="503"/>
<param name="tvshowname" value="סיינפלד"/>
<param name="networkname" value="UNKNOWN"/>
<param name="sessionfourcontent" value="plugin://plugin.video.mando/?all_w=%7b%7d&amp;data=1996&amp;dates=%20&amp;description=%5bCOLOR%20aqua%5d%20%d7%a9%d7%95%d7%93%d7%a8%20%d7%91%d7%aa%d7%90%d7%a8%d7%99%d7%9a%2019-09-1996%5b%2fCOLOR%5d%0aA%20stand-up%20comedian%20and%20his%20three%20offbeat%20friends%20weather%20the%20pitfalls%20and%20payoffs%20of%20life%20in%20New%20York%20City%20in%20the%20%2790s.%20It%27s%20a%20show%20about%20nothing.&amp;eng_name=%20&amp;episode=%20&amp;fanart=https%3a%2f%2fimage.tmdb.org%2ft%2fp%2foriginal%2f%2flyTCCuymqg8egIaQXZAY5vE4MB0.jpg&amp;fav_status=false&amp;heb_name=%d7%a1%d7%99%d7%99%d7%a0%d7%a4%d7%9c%d7%93&amp;iconimage=https%3a%2f%2fimage.tmdb.org%2ft%2fp%2foriginal%2f%2flSgtUzNEl0rSYMvK0SKBFXtjPJR.jpg&amp;id=1400&amp;image_master&amp;isr=0&amp;last_id&amp;mode=19&amp;name=%5bCOLOR%20white%5d%d7%a2%d7%95%d7%a0%d7%94%208%5b%2fCOLOR%5d&amp;original_title=Seinfeld&amp;season=8&amp;show_original_year=1989&amp;tmdbid=79169&amp;url=https%3a%2f%2fapi.themoviedb.org%2f3%2ftv%2f1400%3fapi_key%3d34142515d9d23817496eeb4ff1d223d0%26language%3den%26append_to_response%3dexternal_ids&amp;video_data=%7b%22rating%22%3a%20%220%22%2c%20%22episode%22%3a%200%2c%20%22title%22%3a%20%22%5bCOLOR%20white%5d%5cu05e2%5cu05d5%5cu05e0%5cu05d4%208%5b%2fCOLOR%5d%22%2c%20%22season%22%3a%200%2c%20%22TVshowtitle%22%3a%20%22%22%2c%20%22mediatype%22%3a%20%22movie%22%2c%20%22plot%22%3a%20%22%5bCOLOR%20aqua%5d%20%5cu05e9%5cu05d5%5cu05d3%5cu05e8%20%5cu05d1%5cu05ea%5cu05d0%5cu05e8%5cu05d9%5cu05da%2019-09-1996%5b%2fCOLOR%5d%5cnA%20stand-up%20comedian%20and%20his%20three%20offbeat%20friends%20weather%20the%20pitfalls%20and%20payoffs%20of%20life%20in%20New%20York%20City%20in%20the%20%2790s.%20It%27s%20a%20show%20about%20nothing.%22%2c%20%22OriginalTitle%22%3a%20%22Seinfeld%22%2c%20%22Tag%22%3a%20%2216%22%2c%20%22year%22%3a%20%221996%22%7d&quot"/>
</include>
<include content="sessionfivecontent">
<param name="sessionfivecontentid" value="504"/>
<param name="tvshowname" value="סיינפלד"/>
<param name="networkname" value="UNKNOWN"/>
<param name="sessionfivecontent" value="plugin://plugin.video.mando/?all_w=%7b%7d&amp;data=1997&amp;dates=%20&amp;description=%5bCOLOR%20aqua%5d%20%d7%a9%d7%95%d7%93%d7%a8%20%d7%91%d7%aa%d7%90%d7%a8%d7%99%d7%9a%2025-09-1997%5b%2fCOLOR%5d%0aA%20stand-up%20comedian%20and%20his%20three%20offbeat%20friends%20weather%20the%20pitfalls%20and%20payoffs%20of%20life%20in%20New%20York%20City%20in%20the%20%2790s.%20It%27s%20a%20show%20about%20nothing.&amp;eng_name=%20&amp;episode=%20&amp;fanart=https%3a%2f%2fimage.tmdb.org%2ft%2fp%2foriginal%2f%2flyTCCuymqg8egIaQXZAY5vE4MB0.jpg&amp;fav_status=false&amp;heb_name=%d7%a1%d7%99%d7%99%d7%a0%d7%a4%d7%9c%d7%93&amp;iconimage=https%3a%2f%2fimage.tmdb.org%2ft%2fp%2foriginal%2f%2ffpnDcEOLKQo30pQLJ4zcbf11SG5.jpg&amp;id=1400&amp;image_master&amp;isr=0&amp;last_id&amp;mode=19&amp;name=%5bCOLOR%20white%5d%d7%a2%d7%95%d7%a0%d7%94%209%5b%2fCOLOR%5d&amp;original_title=Seinfeld&amp;season=9&amp;show_original_year=1989&amp;tmdbid=79169&amp;url=https%3a%2f%2fapi.themoviedb.org%2f3%2ftv%2f1400%3fapi_key%3d34142515d9d23817496eeb4ff1d223d0%26language%3den%26append_to_response%3dexternal_ids&amp;video_data=%7b%22rating%22%3a%20%220%22%2c%20%22episode%22%3a%200%2c%20%22title%22%3a%20%22%5bCOLOR%20white%5d%5cu05e2%5cu05d5%5cu05e0%5cu05d4%209%5b%2fCOLOR%5d%22%2c%20%22season%22%3a%200%2c%20%22TVshowtitle%22%3a%20%22%22%2c%20%22mediatype%22%3a%20%22movie%22%2c%20%22plot%22%3a%20%22%5bCOLOR%20aqua%5d%20%5cu05e9%5cu05d5%5cu05d3%5cu05e8%20%5cu05d1%5cu05ea%5cu05d0%5cu05e8%5cu05d9%5cu05da%2025-09-1997%5b%2fCOLOR%5d%5cnA%20stand-up%20comedian%20and%20his%20three%20offbeat%20friends%20weather%20the%20pitfalls%20and%20payoffs%20of%20life%20in%20New%20York%20City%20in%20the%20%2790s.%20It%27s%20a%20show%20about%20nothing.%22%2c%20%22OriginalTitle%22%3a%20%22Seinfeld%22%2c%20%22Tag%22%3a%20%2216%22%2c%20%22year%22%3a%20%221997%22%7d&quot"/>
</include>




<include content="epissodescontente">
<param name="episodeslistid" value="505"/>
<param name="tvshowname" value="חברים"/>
<param name="networkname" value="UNKNOWN"/>
<param name="episodeslistcontent" value="plugin://plugin.video.mando/?all_w=%7b%7d&amp;data=1999&amp;dates=%20&amp;description=%5bCOLOR%20aqua%5d%20%d7%a9%d7%95%d7%93%d7%a8%20%d7%91%d7%aa%d7%90%d7%a8%d7%99%d7%9a%2023-09-1999%5b%2fCOLOR%5d%0aThe%20misadventures%20of%20a%20group%20of%20friends%20as%20they%20navigate%20the%20pitfalls%20of%20work%2c%20life%20and%20love%20in%20Manhattan.&amp;eng_name=%20&amp;episode=%20&amp;fanart=https%3a%2f%2fimage.tmdb.org%2ft%2fp%2foriginal%2f%2fl0qVZIpXtIo7km9u5Yqh0nKPOr5.jpg&amp;fav_status=false&amp;heb_name=%d7%97%d7%91%d7%a8%d7%99%d7%9d&amp;iconimage=https%3a%2f%2fimage.tmdb.org%2ft%2fp%2foriginal%2f%2f17CVMqSQPpfMLZEV50rFjtFsQbJ.jpg&amp;id=1668&amp;image_master&amp;isr=0&amp;last_id&amp;mode=19&amp;name=%5bCOLOR%20white%5d%d7%a2%d7%95%d7%a0%d7%94%206%5b%2fCOLOR%5d&amp;original_title=Friends&amp;season=6&amp;show_original_year=1994&amp;tmdbid=79168&amp;url=https%3a%2f%2fapi.themoviedb.org%2f3%2ftv%2f1668%3fapi_key%3d34142515d9d23817496eeb4ff1d223d0%26language%3den%26append_to_response%3dexternal_ids&amp;video_data=%7b%22rating%22%3a%20%220%22%2c%20%22episode%22%3a%200%2c%20%22title%22%3a%20%22%5bCOLOR%20white%5d%5cu05e2%5cu05d5%5cu05e0%5cu05d4%206%5b%2fCOLOR%5d%22%2c%20%22season%22%3a%200%2c%20%22TVshowtitle%22%3a%20%22%22%2c%20%22mediatype%22%3a%20%22movie%22%2c%20%22plot%22%3a%20%22%5bCOLOR%20aqua%5d%20%5cu05e9%5cu05d5%5cu05d3%5cu05e8%20%5cu05d1%5cu05ea%5cu05d0%5cu05e8%5cu05d9%5cu05da%2023-09-1999%5b%2fCOLOR%5d%5cnThe%20misadventures%20of%20a%20group%20of%20friends%20as%20they%20navigate%20the%20pitfalls%20of%20work%2c%20life%20and%20love%20in%20Manhattan.%22%2c%20%22OriginalTitle%22%3a%20%22Friends%22%2c%20%22Tag%22%3a%20%2216%22%2c%20%22year%22%3a%20%221999%22%7d&quot"/>
</include>
<include content="sessiontwocontent">
<param name="sessiontwocontentid" value="506"/>
<param name="tvshowname" value="חברים"/>
<param name="networkname" value="UNKNOWN"/>
<param name="sessiontwocontent" value="plugin://plugin.video.mando/?all_w=%7b%7d&amp;data=2000&amp;dates=%20&amp;description=%5bCOLOR%20aqua%5d%20%d7%a9%d7%95%d7%93%d7%a8%20%d7%91%d7%aa%d7%90%d7%a8%d7%99%d7%9a%2012-10-2000%5b%2fCOLOR%5d%0aThe%20misadventures%20of%20a%20group%20of%20friends%20as%20they%20navigate%20the%20pitfalls%20of%20work%2c%20life%20and%20love%20in%20Manhattan.&amp;eng_name=%20&amp;episode=%20&amp;fanart=https%3a%2f%2fimage.tmdb.org%2ft%2fp%2foriginal%2f%2fl0qVZIpXtIo7km9u5Yqh0nKPOr5.jpg&amp;fav_status=false&amp;heb_name=%d7%97%d7%91%d7%a8%d7%99%d7%9d&amp;iconimage=https%3a%2f%2fimage.tmdb.org%2ft%2fp%2foriginal%2f%2fzkgqWPWzgy97N2646P4qKDSxZ27.jpg&amp;id=1668&amp;image_master&amp;isr=0&amp;last_id&amp;mode=19&amp;name=%5bCOLOR%20white%5d%d7%a2%d7%95%d7%a0%d7%94%207%5b%2fCOLOR%5d&amp;original_title=Friends&amp;season=7&amp;show_original_year=1994&amp;tmdbid=79168&amp;url=https%3a%2f%2fapi.themoviedb.org%2f3%2ftv%2f1668%3fapi_key%3d34142515d9d23817496eeb4ff1d223d0%26language%3den%26append_to_response%3dexternal_ids&amp;video_data=%7b%22rating%22%3a%20%220%22%2c%20%22episode%22%3a%200%2c%20%22title%22%3a%20%22%5bCOLOR%20white%5d%5cu05e2%5cu05d5%5cu05e0%5cu05d4%207%5b%2fCOLOR%5d%22%2c%20%22season%22%3a%200%2c%20%22TVshowtitle%22%3a%20%22%22%2c%20%22mediatype%22%3a%20%22movie%22%2c%20%22plot%22%3a%20%22%5bCOLOR%20aqua%5d%20%5cu05e9%5cu05d5%5cu05d3%5cu05e8%20%5cu05d1%5cu05ea%5cu05d0%5cu05e8%5cu05d9%5cu05da%2012-10-2000%5b%2fCOLOR%5d%5cnThe%20misadventures%20of%20a%20group%20of%20friends%20as%20they%20navigate%20the%20pitfalls%20of%20work%2c%20life%20and%20love%20in%20Manhattan.%22%2c%20%22OriginalTitle%22%3a%20%22Friends%22%2c%20%22Tag%22%3a%20%2216%22%2c%20%22year%22%3a%20%222000%22%7d&quot"/>
</include>
<include content="sessionthreecontent">
<param name="sessionthreecontentid" value="507"/>
<param name="tvshowname" value="חברים"/>
<param name="networkname" value="UNKNOWN"/>
<param name="sessionthreecontent" value="plugin://plugin.video.mando/?all_w=%7b%7d&amp;data=2001&amp;dates=%20&amp;description=%5bCOLOR%20aqua%5d%20%d7%a9%d7%95%d7%93%d7%a8%20%d7%91%d7%aa%d7%90%d7%a8%d7%99%d7%9a%2027-09-2001%5b%2fCOLOR%5d%0aThe%20misadventures%20of%20a%20group%20of%20friends%20as%20they%20navigate%20the%20pitfalls%20of%20work%2c%20life%20and%20love%20in%20Manhattan.&amp;eng_name=%20&amp;episode=%20&amp;fanart=https%3a%2f%2fimage.tmdb.org%2ft%2fp%2foriginal%2f%2fl0qVZIpXtIo7km9u5Yqh0nKPOr5.jpg&amp;fav_status=false&amp;heb_name=%d7%97%d7%91%d7%a8%d7%99%d7%9d&amp;iconimage=https%3a%2f%2fimage.tmdb.org%2ft%2fp%2foriginal%2f%2feX6ykN12njMQLHX4VnVOwhjCBJ3.jpg&amp;id=1668&amp;image_master&amp;isr=0&amp;last_id&amp;mode=19&amp;name=%5bCOLOR%20white%5d%d7%a2%d7%95%d7%a0%d7%94%208%5b%2fCOLOR%5d&amp;original_title=Friends&amp;season=8&amp;show_original_year=1994&amp;tmdbid=79168&amp;url=https%3a%2f%2fapi.themoviedb.org%2f3%2ftv%2f1668%3fapi_key%3d34142515d9d23817496eeb4ff1d223d0%26language%3den%26append_to_response%3dexternal_ids&amp;video_data=%7b%22rating%22%3a%20%220%22%2c%20%22episode%22%3a%200%2c%20%22title%22%3a%20%22%5bCOLOR%20white%5d%5cu05e2%5cu05d5%5cu05e0%5cu05d4%208%5b%2fCOLOR%5d%22%2c%20%22season%22%3a%200%2c%20%22TVshowtitle%22%3a%20%22%22%2c%20%22mediatype%22%3a%20%22movie%22%2c%20%22plot%22%3a%20%22%5bCOLOR%20aqua%5d%20%5cu05e9%5cu05d5%5cu05d3%5cu05e8%20%5cu05d1%5cu05ea%5cu05d0%5cu05e8%5cu05d9%5cu05da%2027-09-2001%5b%2fCOLOR%5d%5cnThe%20misadventures%20of%20a%20group%20of%20friends%20as%20they%20navigate%20the%20pitfalls%20of%20work%2c%20life%20and%20love%20in%20Manhattan.%22%2c%20%22OriginalTitle%22%3a%20%22Friends%22%2c%20%22Tag%22%3a%20%2216%22%2c%20%22year%22%3a%20%222001%22%7d&quot"/>
</include>
<include content="sessionfourcontent">
<param name="sessionfourcontentid" value="508"/>
<param name="tvshowname" value="חברים"/>
<param name="networkname" value="UNKNOWN"/>
<param name="sessionfourcontent" value="plugin://plugin.video.mando/?all_w=%7b%7d&amp;data=2002&amp;dates=%20&amp;description=%5bCOLOR%20aqua%5d%20%d7%a9%d7%95%d7%93%d7%a8%20%d7%91%d7%aa%d7%90%d7%a8%d7%99%d7%9a%2023-09-2002%5b%2fCOLOR%5d%0aThe%20misadventures%20of%20a%20group%20of%20friends%20as%20they%20navigate%20the%20pitfalls%20of%20work%2c%20life%20and%20love%20in%20Manhattan.&amp;eng_name=%20&amp;episode=%20&amp;fanart=https%3a%2f%2fimage.tmdb.org%2ft%2fp%2foriginal%2f%2fl0qVZIpXtIo7km9u5Yqh0nKPOr5.jpg&amp;fav_status=false&amp;heb_name=%d7%97%d7%91%d7%a8%d7%99%d7%9d&amp;iconimage=https%3a%2f%2fimage.tmdb.org%2ft%2fp%2foriginal%2f%2f6ZkatWeJV8Ggbk45h41aegYc7B2.jpg&amp;id=1668&amp;image_master&amp;isr=0&amp;last_id&amp;mode=19&amp;name=%5bCOLOR%20white%5d%d7%a2%d7%95%d7%a0%d7%94%209%5b%2fCOLOR%5d&amp;original_title=Friends&amp;season=9&amp;show_original_year=1994&amp;tmdbid=79168&amp;url=https%3a%2f%2fapi.themoviedb.org%2f3%2ftv%2f1668%3fapi_key%3d34142515d9d23817496eeb4ff1d223d0%26language%3den%26append_to_response%3dexternal_ids&amp;video_data=%7b%22rating%22%3a%20%220%22%2c%20%22episode%22%3a%200%2c%20%22title%22%3a%20%22%5bCOLOR%20white%5d%5cu05e2%5cu05d5%5cu05e0%5cu05d4%209%5b%2fCOLOR%5d%22%2c%20%22season%22%3a%200%2c%20%22TVshowtitle%22%3a%20%22%22%2c%20%22mediatype%22%3a%20%22movie%22%2c%20%22plot%22%3a%20%22%5bCOLOR%20aqua%5d%20%5cu05e9%5cu05d5%5cu05d3%5cu05e8%20%5cu05d1%5cu05ea%5cu05d0%5cu05e8%5cu05d9%5cu05da%2023-09-2002%5b%2fCOLOR%5d%5cnThe%20misadventures%20of%20a%20group%20of%20friends%20as%20they%20navigate%20the%20pitfalls%20of%20work%2c%20life%20and%20love%20in%20Manhattan.%22%2c%20%22OriginalTitle%22%3a%20%22Friends%22%2c%20%22Tag%22%3a%20%2216%22%2c%20%22year%22%3a%20%222002%22%7d&quot"/>
</include>
<include content="sessionfivecontent">
<param name="sessionfivecontentid" value="509"/>
<param name="tvshowname" value="חברים"/>
<param name="networkname" value="UNKNOWN"/>
<param name="sessionfivecontent" value="plugin://plugin.video.mando/?all_w=%7b%7d&amp;data=2003&amp;dates=%20&amp;description=%5bCOLOR%20aqua%5d%20%d7%a9%d7%95%d7%93%d7%a8%20%d7%91%d7%aa%d7%90%d7%a8%d7%99%d7%9a%2025-09-2003%5b%2fCOLOR%5d%0aThe%20misadventures%20of%20a%20group%20of%20friends%20as%20they%20navigate%20the%20pitfalls%20of%20work%2c%20life%20and%20love%20in%20Manhattan.&amp;eng_name=%20&amp;episode=%20&amp;fanart=https%3a%2f%2fimage.tmdb.org%2ft%2fp%2foriginal%2f%2fl0qVZIpXtIo7km9u5Yqh0nKPOr5.jpg&amp;fav_status=false&amp;heb_name=%d7%97%d7%91%d7%a8%d7%99%d7%9d&amp;iconimage=https%3a%2f%2fimage.tmdb.org%2ft%2fp%2foriginal%2f%2fez2r6aKeoRhlL6gUK7TI9I4O8BZ.jpg&amp;id=1668&amp;image_master&amp;isr=0&amp;last_id&amp;mode=19&amp;name=%5bCOLOR%20white%5d%d7%a2%d7%95%d7%a0%d7%94%2010%5b%2fCOLOR%5d&amp;original_title=Friends&amp;season=10&amp;show_original_year=1994&amp;tmdbid=79168&amp;url=https%3a%2f%2fapi.themoviedb.org%2f3%2ftv%2f1668%3fapi_key%3d34142515d9d23817496eeb4ff1d223d0%26language%3den%26append_to_response%3dexternal_ids&amp;video_data=%7b%22rating%22%3a%20%220%22%2c%20%22episode%22%3a%200%2c%20%22title%22%3a%20%22%5bCOLOR%20white%5d%5cu05e2%5cu05d5%5cu05e0%5cu05d4%2010%5b%2fCOLOR%5d%22%2c%20%22season%22%3a%200%2c%20%22TVshowtitle%22%3a%20%22%22%2c%20%22mediatype%22%3a%20%22movie%22%2c%20%22plot%22%3a%20%22%5bCOLOR%20aqua%5d%20%5cu05e9%5cu05d5%5cu05d3%5cu05e8%20%5cu05d1%5cu05ea%5cu05d0%5cu05e8%5cu05d9%5cu05da%2025-09-2003%5b%2fCOLOR%5d%5cnThe%20misadventures%20of%20a%20group%20of%20friends%20as%20they%20navigate%20the%20pitfalls%20of%20work%2c%20life%20and%20love%20in%20Manhattan.%22%2c%20%22OriginalTitle%22%3a%20%22Friends%22%2c%20%22Tag%22%3a%20%2216%22%2c%20%22year%22%3a%20%222003%22%7d&quot"/>
</include>




<include content="epissodescontente">
<param name="episodeslistid" value="510"/>
<param name="tvshowname" value="הנסיך המדליק מבל אייר"/>
<param name="networkname" value="UNKNOWN"/>
<param name="episodeslistcontent" value="plugin://plugin.video.mando/?all_w=%7b%7d&amp;data=1991&amp;dates=%20&amp;description=%5bCOLOR%20aqua%5d%20%d7%a9%d7%95%d7%93%d7%a8%20%d7%91%d7%aa%d7%90%d7%a8%d7%99%d7%9a%2009-09-1991%5b%2fCOLOR%5d%0aWill%2c%20a%20street-smart%20teenager%2c%20moves%20from%20the%20tough%20streets%20of%20West%20Philly%20to%20posh%20Bel-Air%20to%20live%20with%20his%20Uncle%20Philip%2c%20Aunt%20Vivian%2c%20his%20cousins%20%e2%80%94%20spoiled%20Hilary%2c%20preppy%20Carlton%20and%20young%20Ashley%20%e2%80%94%20and%20their%20sophisticated%20British%20butler%2c%20Geoffrey.%20Though%20Will%e2%80%99s%20antics%20and%20upbringing%20contrast%20greatly%20with%20the%20upper-class%20lifestyle%20of%20his%20extended%20relatives%2c%20he%20soon%20finds%20himself%20right%20at%20home%20as%20a%20loved%20part%20of%20the%20family.&amp;eng_name=%20&amp;episode=%20&amp;fanart=https%3a%2f%2fimage.tmdb.org%2ft%2fp%2foriginal%2f%2fbyHpstWGQai1p2FpiyUuxLBiPxh.jpg&amp;fav_status=false&amp;heb_name=%d7%94%d7%a0%d7%a1%d7%99%d7%9a%20%d7%94%d7%9e%d7%93%d7%9c%d7%99%d7%a7%20%d7%9e%d7%91%d7%9c%20%d7%90%d7%99%d7%99%d7%a8&amp;iconimage=https%3a%2f%2fimage.tmdb.org%2ft%2fp%2foriginal%2f%2f54Tqn3zorDtYXoVD6oQkmFk8q2t.jpg&amp;id=1892&amp;image_master&amp;isr=0&amp;last_id&amp;mode=19&amp;name=%5bCOLOR%20white%5d%d7%a2%d7%95%d7%a0%d7%94%202%5b%2fCOLOR%5d&amp;original_title=The%20Fresh%20Prince%20of%20Bel-Air&amp;season=2&amp;show_original_year=1990&amp;tmdbid=76738&amp;url=https%3a%2f%2fapi.themoviedb.org%2f3%2ftv%2f1892%3fapi_key%3d34142515d9d23817496eeb4ff1d223d0%26language%3den%26append_to_response%3dexternal_ids&amp;video_data=%7b%22rating%22%3a%20%220%22%2c%20%22episode%22%3a%200%2c%20%22title%22%3a%20%22%5bCOLOR%20white%5d%5cu05e2%5cu05d5%5cu05e0%5cu05d4%202%5b%2fCOLOR%5d%22%2c%20%22season%22%3a%200%2c%20%22TVshowtitle%22%3a%20%22%22%2c%20%22mediatype%22%3a%20%22movie%22%2c%20%22plot%22%3a%20%22%5bCOLOR%20aqua%5d%20%5cu05e9%5cu05d5%5cu05d3%5cu05e8%20%5cu05d1%5cu05ea%5cu05d0%5cu05e8%5cu05d9%5cu05da%2009-09-1991%5b%2fCOLOR%5d%5cnWill%2c%20a%20street-smart%20teenager%2c%20moves%20from%20the%20tough%20streets%20of%20West%20Philly%20to%20posh%20Bel-Air%20to%20live%20with%20his%20Uncle%20Philip%2c%20Aunt%20Vivian%2c%20his%20cousins%20%5cu2014%20spoiled%20Hilary%2c%20preppy%20Carlton%20and%20young%20Ashley%20%5cu2014%20and%20their%20sophisticated%20British%20butler%2c%20Geoffrey.%20Though%20Will%5cu2019s%20antics%20and%20upbringing%20contrast%20greatly%20with%20the%20upper-class%20lifestyle%20of%20his%20extended%20relatives%2c%20he%20soon%20finds%20himself%20right%20at%20home%20as%20a%20loved%20part%20of%20the%20family.%22%2c%20%22OriginalTitle%22%3a%20%22The%20Fresh%20Prince%20of%20Bel-Air%22%2c%20%22Tag%22%3a%20%2216%22%2c%20%22year%22%3a%20%221991%22%7d&quot"/>
</include>
<include content="sessiontwocontent">
<param name="sessiontwocontentid" value="511"/>
<param name="tvshowname" value="הנסיך המדליק מבל אייר"/>
<param name="networkname" value="UNKNOWN"/>
<param name="sessiontwocontent" value="plugin://plugin.video.mando/?all_w=%7b%7d&amp;data=1992&amp;dates=%20&amp;description=%5bCOLOR%20aqua%5d%20%d7%a9%d7%95%d7%93%d7%a8%20%d7%91%d7%aa%d7%90%d7%a8%d7%99%d7%9a%2014-09-1992%5b%2fCOLOR%5d%0aWill%2c%20a%20street-smart%20teenager%2c%20moves%20from%20the%20tough%20streets%20of%20West%20Philly%20to%20posh%20Bel-Air%20to%20live%20with%20his%20Uncle%20Philip%2c%20Aunt%20Vivian%2c%20his%20cousins%20%e2%80%94%20spoiled%20Hilary%2c%20preppy%20Carlton%20and%20young%20Ashley%20%e2%80%94%20and%20their%20sophisticated%20British%20butler%2c%20Geoffrey.%20Though%20Will%e2%80%99s%20antics%20and%20upbringing%20contrast%20greatly%20with%20the%20upper-class%20lifestyle%20of%20his%20extended%20relatives%2c%20he%20soon%20finds%20himself%20right%20at%20home%20as%20a%20loved%20part%20of%20the%20family.&amp;eng_name=%20&amp;episode=%20&amp;fanart=https%3a%2f%2fimage.tmdb.org%2ft%2fp%2foriginal%2f%2fbyHpstWGQai1p2FpiyUuxLBiPxh.jpg&amp;fav_status=false&amp;heb_name=%d7%94%d7%a0%d7%a1%d7%99%d7%9a%20%d7%94%d7%9e%d7%93%d7%9c%d7%99%d7%a7%20%d7%9e%d7%91%d7%9c%20%d7%90%d7%99%d7%99%d7%a8&amp;iconimage=https%3a%2f%2fimage.tmdb.org%2ft%2fp%2foriginal%2f%2fq2qXI0wnEEwCRTYaBj6Gkuyv0Ao.jpg&amp;id=1892&amp;image_master&amp;isr=0&amp;last_id&amp;mode=19&amp;name=%5bCOLOR%20white%5d%d7%a2%d7%95%d7%a0%d7%94%203%5b%2fCOLOR%5d&amp;original_title=The%20Fresh%20Prince%20of%20Bel-Air&amp;season=3&amp;show_original_year=1990&amp;tmdbid=76738&amp;url=https%3a%2f%2fapi.themoviedb.org%2f3%2ftv%2f1892%3fapi_key%3d34142515d9d23817496eeb4ff1d223d0%26language%3den%26append_to_response%3dexternal_ids&amp;video_data=%7b%22rating%22%3a%20%220%22%2c%20%22episode%22%3a%200%2c%20%22title%22%3a%20%22%5bCOLOR%20white%5d%5cu05e2%5cu05d5%5cu05e0%5cu05d4%203%5b%2fCOLOR%5d%22%2c%20%22season%22%3a%200%2c%20%22TVshowtitle%22%3a%20%22%22%2c%20%22mediatype%22%3a%20%22movie%22%2c%20%22plot%22%3a%20%22%5bCOLOR%20aqua%5d%20%5cu05e9%5cu05d5%5cu05d3%5cu05e8%20%5cu05d1%5cu05ea%5cu05d0%5cu05e8%5cu05d9%5cu05da%2014-09-1992%5b%2fCOLOR%5d%5cnWill%2c%20a%20street-smart%20teenager%2c%20moves%20from%20the%20tough%20streets%20of%20West%20Philly%20to%20posh%20Bel-Air%20to%20live%20with%20his%20Uncle%20Philip%2c%20Aunt%20Vivian%2c%20his%20cousins%20%5cu2014%20spoiled%20Hilary%2c%20preppy%20Carlton%20and%20young%20Ashley%20%5cu2014%20and%20their%20sophisticated%20British%20butler%2c%20Geoffrey.%20Though%20Will%5cu2019s%20antics%20and%20upbringing%20contrast%20greatly%20with%20the%20upper-class%20lifestyle%20of%20his%20extended%20relatives%2c%20he%20soon%20finds%20himself%20right%20at%20home%20as%20a%20loved%20part%20of%20the%20family.%22%2c%20%22OriginalTitle%22%3a%20%22The%20Fresh%20Prince%20of%20Bel-Air%22%2c%20%22Tag%22%3a%20%2216%22%2c%20%22year%22%3a%20%221992%22%7d&quot"/>
</include>
<include content="sessionthreecontent">
<param name="sessionthreecontentid" value="512"/>
<param name="tvshowname" value="הנסיך המדליק מבל אייר"/>
<param name="networkname" value="UNKNOWN"/>
<param name="sessionthreecontent" value="plugin://plugin.video.mando/?all_w=%7b%7d&amp;data=1993&amp;dates=%20&amp;description=%5bCOLOR%20aqua%5d%20%d7%a9%d7%95%d7%93%d7%a8%20%d7%91%d7%aa%d7%90%d7%a8%d7%99%d7%9a%2020-09-1993%5b%2fCOLOR%5d%0aWill%2c%20a%20street-smart%20teenager%2c%20moves%20from%20the%20tough%20streets%20of%20West%20Philly%20to%20posh%20Bel-Air%20to%20live%20with%20his%20Uncle%20Philip%2c%20Aunt%20Vivian%2c%20his%20cousins%20%e2%80%94%20spoiled%20Hilary%2c%20preppy%20Carlton%20and%20young%20Ashley%20%e2%80%94%20and%20their%20sophisticated%20British%20butler%2c%20Geoffrey.%20Though%20Will%e2%80%99s%20antics%20and%20upbringing%20contrast%20greatly%20with%20the%20upper-class%20lifestyle%20of%20his%20extended%20relatives%2c%20he%20soon%20finds%20himself%20right%20at%20home%20as%20a%20loved%20part%20of%20the%20family.&amp;eng_name=%20&amp;episode=%20&amp;fanart=https%3a%2f%2fimage.tmdb.org%2ft%2fp%2foriginal%2f%2fbyHpstWGQai1p2FpiyUuxLBiPxh.jpg&amp;fav_status=false&amp;heb_name=%d7%94%d7%a0%d7%a1%d7%99%d7%9a%20%d7%94%d7%9e%d7%93%d7%9c%d7%99%d7%a7%20%d7%9e%d7%91%d7%9c%20%d7%90%d7%99%d7%99%d7%a8&amp;iconimage=https%3a%2f%2fimage.tmdb.org%2ft%2fp%2foriginal%2f%2fZlHr5gONLpXPtKTzCzTL8zD2Jc.jpg&amp;id=1892&amp;image_master&amp;isr=0&amp;last_id&amp;mode=19&amp;name=%5bCOLOR%20white%5d%d7%a2%d7%95%d7%a0%d7%94%204%5b%2fCOLOR%5d&amp;original_title=The%20Fresh%20Prince%20of%20Bel-Air&amp;season=4&amp;show_original_year=1990&amp;tmdbid=76738&amp;url=https%3a%2f%2fapi.themoviedb.org%2f3%2ftv%2f1892%3fapi_key%3d34142515d9d23817496eeb4ff1d223d0%26language%3den%26append_to_response%3dexternal_ids&amp;video_data=%7b%22rating%22%3a%20%220%22%2c%20%22episode%22%3a%200%2c%20%22title%22%3a%20%22%5bCOLOR%20white%5d%5cu05e2%5cu05d5%5cu05e0%5cu05d4%204%5b%2fCOLOR%5d%22%2c%20%22season%22%3a%200%2c%20%22TVshowtitle%22%3a%20%22%22%2c%20%22mediatype%22%3a%20%22movie%22%2c%20%22plot%22%3a%20%22%5bCOLOR%20aqua%5d%20%5cu05e9%5cu05d5%5cu05d3%5cu05e8%20%5cu05d1%5cu05ea%5cu05d0%5cu05e8%5cu05d9%5cu05da%2020-09-1993%5b%2fCOLOR%5d%5cnWill%2c%20a%20street-smart%20teenager%2c%20moves%20from%20the%20tough%20streets%20of%20West%20Philly%20to%20posh%20Bel-Air%20to%20live%20with%20his%20Uncle%20Philip%2c%20Aunt%20Vivian%2c%20his%20cousins%20%5cu2014%20spoiled%20Hilary%2c%20preppy%20Carlton%20and%20young%20Ashley%20%5cu2014%20and%20their%20sophisticated%20British%20butler%2c%20Geoffrey.%20Though%20Will%5cu2019s%20antics%20and%20upbringing%20contrast%20greatly%20with%20the%20upper-class%20lifestyle%20of%20his%20extended%20relatives%2c%20he%20soon%20finds%20himself%20right%20at%20home%20as%20a%20loved%20part%20of%20the%20family.%22%2c%20%22OriginalTitle%22%3a%20%22The%20Fresh%20Prince%20of%20Bel-Air%22%2c%20%22Tag%22%3a%20%2216%22%2c%20%22year%22%3a%20%221993%22%7d&quot"/>
</include>
<include content="sessionfourcontent">
<param name="sessionfourcontentid" value="513"/>
<param name="tvshowname" value="הנסיך המדליק מבל אייר"/>
<param name="networkname" value="UNKNOWN"/>
<param name="sessionfourcontent" value="plugin://plugin.video.mando/?all_w=%7b%7d&amp;data=1994&amp;dates=%20&amp;description=%5bCOLOR%20aqua%5d%20%d7%a9%d7%95%d7%93%d7%a8%20%d7%91%d7%aa%d7%90%d7%a8%d7%99%d7%9a%2019-09-1994%5b%2fCOLOR%5d%0aWill%2c%20a%20street-smart%20teenager%2c%20moves%20from%20the%20tough%20streets%20of%20West%20Philly%20to%20posh%20Bel-Air%20to%20live%20with%20his%20Uncle%20Philip%2c%20Aunt%20Vivian%2c%20his%20cousins%20%e2%80%94%20spoiled%20Hilary%2c%20preppy%20Carlton%20and%20young%20Ashley%20%e2%80%94%20and%20their%20sophisticated%20British%20butler%2c%20Geoffrey.%20Though%20Will%e2%80%99s%20antics%20and%20upbringing%20contrast%20greatly%20with%20the%20upper-class%20lifestyle%20of%20his%20extended%20relatives%2c%20he%20soon%20finds%20himself%20right%20at%20home%20as%20a%20loved%20part%20of%20the%20family.&amp;eng_name=%20&amp;episode=%20&amp;fanart=https%3a%2f%2fimage.tmdb.org%2ft%2fp%2foriginal%2f%2fbyHpstWGQai1p2FpiyUuxLBiPxh.jpg&amp;fav_status=false&amp;heb_name=%d7%94%d7%a0%d7%a1%d7%99%d7%9a%20%d7%94%d7%9e%d7%93%d7%9c%d7%99%d7%a7%20%d7%9e%d7%91%d7%9c%20%d7%90%d7%99%d7%99%d7%a8&amp;iconimage=https%3a%2f%2fimage.tmdb.org%2ft%2fp%2foriginal%2f%2fpDuFQ84IyCJIeY9j1HnK0Aex2Km.jpg&amp;id=1892&amp;image_master&amp;isr=0&amp;last_id&amp;mode=19&amp;name=%5bCOLOR%20white%5d%d7%a2%d7%95%d7%a0%d7%94%205%5b%2fCOLOR%5d&amp;original_title=The%20Fresh%20Prince%20of%20Bel-Air&amp;season=5&amp;show_original_year=1990&amp;tmdbid=76738&amp;url=https%3a%2f%2fapi.themoviedb.org%2f3%2ftv%2f1892%3fapi_key%3d34142515d9d23817496eeb4ff1d223d0%26language%3den%26append_to_response%3dexternal_ids&amp;video_data=%7b%22rating%22%3a%20%220%22%2c%20%22episode%22%3a%200%2c%20%22title%22%3a%20%22%5bCOLOR%20white%5d%5cu05e2%5cu05d5%5cu05e0%5cu05d4%205%5b%2fCOLOR%5d%22%2c%20%22season%22%3a%200%2c%20%22TVshowtitle%22%3a%20%22%22%2c%20%22mediatype%22%3a%20%22movie%22%2c%20%22plot%22%3a%20%22%5bCOLOR%20aqua%5d%20%5cu05e9%5cu05d5%5cu05d3%5cu05e8%20%5cu05d1%5cu05ea%5cu05d0%5cu05e8%5cu05d9%5cu05da%2019-09-1994%5b%2fCOLOR%5d%5cnWill%2c%20a%20street-smart%20teenager%2c%20moves%20from%20the%20tough%20streets%20of%20West%20Philly%20to%20posh%20Bel-Air%20to%20live%20with%20his%20Uncle%20Philip%2c%20Aunt%20Vivian%2c%20his%20cousins%20%5cu2014%20spoiled%20Hilary%2c%20preppy%20Carlton%20and%20young%20Ashley%20%5cu2014%20and%20their%20sophisticated%20British%20butler%2c%20Geoffrey.%20Though%20Will%5cu2019s%20antics%20and%20upbringing%20contrast%20greatly%20with%20the%20upper-class%20lifestyle%20of%20his%20extended%20relatives%2c%20he%20soon%20finds%20himself%20right%20at%20home%20as%20a%20loved%20part%20of%20the%20family.%22%2c%20%22OriginalTitle%22%3a%20%22The%20Fresh%20Prince%20of%20Bel-Air%22%2c%20%22Tag%22%3a%20%2216%22%2c%20%22year%22%3a%20%221994%22%7d&quot"/>
</include>
<include content="sessionfivecontent">
<param name="sessionfivecontentid" value="514"/>
<param name="tvshowname" value="הנסיך המדליק מבל אייר"/>
<param name="networkname" value="UNKNOWN"/>
<param name="sessionfivecontent" value="plugin://plugin.video.mando/?all_w=%7b%7d&amp;data=1995&amp;dates=%20&amp;description=%5bCOLOR%20aqua%5d%20%d7%a9%d7%95%d7%93%d7%a8%20%d7%91%d7%aa%d7%90%d7%a8%d7%99%d7%9a%2018-09-1995%5b%2fCOLOR%5d%0aWill%2c%20a%20street-smart%20teenager%2c%20moves%20from%20the%20tough%20streets%20of%20West%20Philly%20to%20posh%20Bel-Air%20to%20live%20with%20his%20Uncle%20Philip%2c%20Aunt%20Vivian%2c%20his%20cousins%20%e2%80%94%20spoiled%20Hilary%2c%20preppy%20Carlton%20and%20young%20Ashley%20%e2%80%94%20and%20their%20sophisticated%20British%20butler%2c%20Geoffrey.%20Though%20Will%e2%80%99s%20antics%20and%20upbringing%20contrast%20greatly%20with%20the%20upper-class%20lifestyle%20of%20his%20extended%20relatives%2c%20he%20soon%20finds%20himself%20right%20at%20home%20as%20a%20loved%20part%20of%20the%20family.&amp;eng_name=%20&amp;episode=%20&amp;fanart=https%3a%2f%2fimage.tmdb.org%2ft%2fp%2foriginal%2f%2fbyHpstWGQai1p2FpiyUuxLBiPxh.jpg&amp;fav_status=false&amp;heb_name=%d7%94%d7%a0%d7%a1%d7%99%d7%9a%20%d7%94%d7%9e%d7%93%d7%9c%d7%99%d7%a7%20%d7%9e%d7%91%d7%9c%20%d7%90%d7%99%d7%99%d7%a8&amp;iconimage=https%3a%2f%2fimage.tmdb.org%2ft%2fp%2foriginal%2f%2fonT0gSiBwOtzP2uIhrIiUm3cEt4.jpg&amp;id=1892&amp;image_master&amp;isr=0&amp;last_id&amp;mode=19&amp;name=%5bCOLOR%20white%5d%d7%a2%d7%95%d7%a0%d7%94%206%5b%2fCOLOR%5d&amp;original_title=The%20Fresh%20Prince%20of%20Bel-Air&amp;season=6&amp;show_original_year=1990&amp;tmdbid=76738&amp;url=https%3a%2f%2fapi.themoviedb.org%2f3%2ftv%2f1892%3fapi_key%3d34142515d9d23817496eeb4ff1d223d0%26language%3den%26append_to_response%3dexternal_ids&amp;video_data=%7b%22rating%22%3a%20%220%22%2c%20%22episode%22%3a%200%2c%20%22title%22%3a%20%22%5bCOLOR%20white%5d%5cu05e2%5cu05d5%5cu05e0%5cu05d4%206%5b%2fCOLOR%5d%22%2c%20%22season%22%3a%200%2c%20%22TVshowtitle%22%3a%20%22%22%2c%20%22mediatype%22%3a%20%22movie%22%2c%20%22plot%22%3a%20%22%5bCOLOR%20aqua%5d%20%5cu05e9%5cu05d5%5cu05d3%5cu05e8%20%5cu05d1%5cu05ea%5cu05d0%5cu05e8%5cu05d9%5cu05da%2018-09-1995%5b%2fCOLOR%5d%5cnWill%2c%20a%20street-smart%20teenager%2c%20moves%20from%20the%20tough%20streets%20of%20West%20Philly%20to%20posh%20Bel-Air%20to%20live%20with%20his%20Uncle%20Philip%2c%20Aunt%20Vivian%2c%20his%20cousins%20%5cu2014%20spoiled%20Hilary%2c%20preppy%20Carlton%20and%20young%20Ashley%20%5cu2014%20and%20their%20sophisticated%20British%20butler%2c%20Geoffrey.%20Though%20Will%5cu2019s%20antics%20and%20upbringing%20contrast%20greatly%20with%20the%20upper-class%20lifestyle%20of%20his%20extended%20relatives%2c%20he%20soon%20finds%20himself%20right%20at%20home%20as%20a%20loved%20part%20of%20the%20family.%22%2c%20%22OriginalTitle%22%3a%20%22The%20Fresh%20Prince%20of%20Bel-Air%22%2c%20%22Tag%22%3a%20%2216%22%2c%20%22year%22%3a%20%221995%22%7d&quot"/>
</include>




<include content="epissodescontente">
<param name="episodeslistid" value="515"/>
<param name="tvshowname" value="מרוששות"/>
<param name="networkname" value="UNKNOWN"/>
<param name="episodeslistcontent" value="plugin://plugin.video.mando/?all_w=%7b%7d&amp;data=2012&amp;dates=%20&amp;description=%5bCOLOR%20aqua%5d%20%d7%a9%d7%95%d7%93%d7%a8%20%d7%91%d7%aa%d7%90%d7%a8%d7%99%d7%9a%2024-09-2012%5b%2fCOLOR%5d%0aComedy%20about%20the%20unlikely%20friendship%20that%20develops%20between%20two%20very%20different%20young%20women%20who%20meet%20waitressing%20at%20a%20diner%20in%20trendy%20Williamsburg%2c%20Brooklyn%2c%20and%20form%20a%20bond%20over%20one%20day%20owning%20their%20own%20successful%20cupcake%20business.%20Only%20one%20thing%20stands%20in%20their%20way%20%e2%80%93%20they%e2%80%99re%20broke.&amp;eng_name=%20&amp;episode=%20&amp;fanart=https%3a%2f%2fimage.tmdb.org%2ft%2fp%2foriginal%2f%2fhiGp7DQiEXxDCqAfhIIPbYuQ28U.jpg&amp;fav_status=false&amp;heb_name=%d7%9e%d7%a8%d7%95%d7%a9%d7%a9%d7%95%d7%aa&amp;iconimage=https%3a%2f%2fimage.tmdb.org%2ft%2fp%2foriginal%2f%2fobrpa3zCtZOvF7ej9NZsq60yw4Q.jpg&amp;id=39340&amp;image_master&amp;isr=0&amp;last_id&amp;mode=19&amp;name=%5bCOLOR%20white%5d%d7%a2%d7%95%d7%a0%d7%94%202%5b%2fCOLOR%5d&amp;original_title=2%20Broke%20Girls&amp;season=2&amp;show_original_year=2011&amp;tmdbid=248741&amp;url=https%3a%2f%2fapi.themoviedb.org%2f3%2ftv%2f39340%3fapi_key%3d34142515d9d23817496eeb4ff1d223d0%26language%3den%26append_to_response%3dexternal_ids&amp;video_data=%7b%22rating%22%3a%20%220%22%2c%20%22episode%22%3a%200%2c%20%22title%22%3a%20%22%5bCOLOR%20white%5d%5cu05e2%5cu05d5%5cu05e0%5cu05d4%202%5b%2fCOLOR%5d%22%2c%20%22season%22%3a%200%2c%20%22TVshowtitle%22%3a%20%22%22%2c%20%22mediatype%22%3a%20%22movie%22%2c%20%22plot%22%3a%20%22%5bCOLOR%20aqua%5d%20%5cu05e9%5cu05d5%5cu05d3%5cu05e8%20%5cu05d1%5cu05ea%5cu05d0%5cu05e8%5cu05d9%5cu05da%2024-09-2012%5b%2fCOLOR%5d%5cnComedy%20about%20the%20unlikely%20friendship%20that%20develops%20between%20two%20very%20different%20young%20women%20who%20meet%20waitressing%20at%20a%20diner%20in%20trendy%20Williamsburg%2c%20Brooklyn%2c%20and%20form%20a%20bond%20over%20one%20day%20owning%20their%20own%20successful%20cupcake%20business.%20Only%20one%20thing%20stands%20in%20their%20way%20%5cu2013%20they%5cu2019re%20broke.%22%2c%20%22OriginalTitle%22%3a%20%222%20Broke%20Girls%22%2c%20%22Tag%22%3a%20%2216%22%2c%20%22year%22%3a%20%222012%22%7d&quot"/>
</include>
<include content="sessiontwocontent">
<param name="sessiontwocontentid" value="516"/>
<param name="tvshowname" value="מרוששות"/>
<param name="networkname" value="UNKNOWN"/>
<param name="sessiontwocontent" value="plugin://plugin.video.mando/?all_w=%7b%7d&amp;data=2013&amp;dates=%20&amp;description=%5bCOLOR%20aqua%5d%20%d7%a9%d7%95%d7%93%d7%a8%20%d7%91%d7%aa%d7%90%d7%a8%d7%99%d7%9a%2023-09-2013%5b%2fCOLOR%5d%0aComedy%20about%20the%20unlikely%20friendship%20that%20develops%20between%20two%20very%20different%20young%20women%20who%20meet%20waitressing%20at%20a%20diner%20in%20trendy%20Williamsburg%2c%20Brooklyn%2c%20and%20form%20a%20bond%20over%20one%20day%20owning%20their%20own%20successful%20cupcake%20business.%20Only%20one%20thing%20stands%20in%20their%20way%20%e2%80%93%20they%e2%80%99re%20broke.&amp;eng_name=%20&amp;episode=%20&amp;fanart=https%3a%2f%2fimage.tmdb.org%2ft%2fp%2foriginal%2f%2fhiGp7DQiEXxDCqAfhIIPbYuQ28U.jpg&amp;fav_status=false&amp;heb_name=%d7%9e%d7%a8%d7%95%d7%a9%d7%a9%d7%95%d7%aa&amp;iconimage=https%3a%2f%2fimage.tmdb.org%2ft%2fp%2foriginal%2f%2fu3ybWPrTIYIwmDfEYGV7ACBTQZO.jpg&amp;id=39340&amp;image_master&amp;isr=0&amp;last_id&amp;mode=19&amp;name=%5bCOLOR%20white%5d%d7%a2%d7%95%d7%a0%d7%94%203%5b%2fCOLOR%5d&amp;original_title=2%20Broke%20Girls&amp;season=3&amp;show_original_year=2011&amp;tmdbid=248741&amp;url=https%3a%2f%2fapi.themoviedb.org%2f3%2ftv%2f39340%3fapi_key%3d34142515d9d23817496eeb4ff1d223d0%26language%3den%26append_to_response%3dexternal_ids&amp;video_data=%7b%22rating%22%3a%20%220%22%2c%20%22episode%22%3a%200%2c%20%22title%22%3a%20%22%5bCOLOR%20white%5d%5cu05e2%5cu05d5%5cu05e0%5cu05d4%203%5b%2fCOLOR%5d%22%2c%20%22season%22%3a%200%2c%20%22TVshowtitle%22%3a%20%22%22%2c%20%22mediatype%22%3a%20%22movie%22%2c%20%22plot%22%3a%20%22%5bCOLOR%20aqua%5d%20%5cu05e9%5cu05d5%5cu05d3%5cu05e8%20%5cu05d1%5cu05ea%5cu05d0%5cu05e8%5cu05d9%5cu05da%2023-09-2013%5b%2fCOLOR%5d%5cnComedy%20about%20the%20unlikely%20friendship%20that%20develops%20between%20two%20very%20different%20young%20women%20who%20meet%20waitressing%20at%20a%20diner%20in%20trendy%20Williamsburg%2c%20Brooklyn%2c%20and%20form%20a%20bond%20over%20one%20day%20owning%20their%20own%20successful%20cupcake%20business.%20Only%20one%20thing%20stands%20in%20their%20way%20%5cu2013%20they%5cu2019re%20broke.%22%2c%20%22OriginalTitle%22%3a%20%222%20Broke%20Girls%22%2c%20%22Tag%22%3a%20%2216%22%2c%20%22year%22%3a%20%222013%22%7d&quot"/>
</include>
<include content="sessionthreecontent">
<param name="sessionthreecontentid" value="517"/>
<param name="tvshowname" value="מרוששות"/>
<param name="networkname" value="UNKNOWN"/>
<param name="sessionthreecontent" value="plugin://plugin.video.mando/?all_w=%7b%7d&amp;data=2014&amp;dates=%20&amp;description=%5bCOLOR%20aqua%5d%20%d7%a9%d7%95%d7%93%d7%a8%20%d7%91%d7%aa%d7%90%d7%a8%d7%99%d7%9a%2027-10-2014%5b%2fCOLOR%5d%0aComedy%20about%20the%20unlikely%20friendship%20that%20develops%20between%20two%20very%20different%20young%20women%20who%20meet%20waitressing%20at%20a%20diner%20in%20trendy%20Williamsburg%2c%20Brooklyn%2c%20and%20form%20a%20bond%20over%20one%20day%20owning%20their%20own%20successful%20cupcake%20business.%20Only%20one%20thing%20stands%20in%20their%20way%20%e2%80%93%20they%e2%80%99re%20broke.&amp;eng_name=%20&amp;episode=%20&amp;fanart=https%3a%2f%2fimage.tmdb.org%2ft%2fp%2foriginal%2f%2fhiGp7DQiEXxDCqAfhIIPbYuQ28U.jpg&amp;fav_status=false&amp;heb_name=%d7%9e%d7%a8%d7%95%d7%a9%d7%a9%d7%95%d7%aa&amp;iconimage=https%3a%2f%2fimage.tmdb.org%2ft%2fp%2foriginal%2f%2fad3LBoAGPRaVL4TQ6U2IMS8RRJ.jpg&amp;id=39340&amp;image_master&amp;isr=0&amp;last_id&amp;mode=19&amp;name=%5bCOLOR%20white%5d%d7%a2%d7%95%d7%a0%d7%94%204%5b%2fCOLOR%5d&amp;original_title=2%20Broke%20Girls&amp;season=4&amp;show_original_year=2011&amp;tmdbid=248741&amp;url=https%3a%2f%2fapi.themoviedb.org%2f3%2ftv%2f39340%3fapi_key%3d34142515d9d23817496eeb4ff1d223d0%26language%3den%26append_to_response%3dexternal_ids&amp;video_data=%7b%22rating%22%3a%20%220%22%2c%20%22episode%22%3a%200%2c%20%22title%22%3a%20%22%5bCOLOR%20white%5d%5cu05e2%5cu05d5%5cu05e0%5cu05d4%204%5b%2fCOLOR%5d%22%2c%20%22season%22%3a%200%2c%20%22TVshowtitle%22%3a%20%22%22%2c%20%22mediatype%22%3a%20%22movie%22%2c%20%22plot%22%3a%20%22%5bCOLOR%20aqua%5d%20%5cu05e9%5cu05d5%5cu05d3%5cu05e8%20%5cu05d1%5cu05ea%5cu05d0%5cu05e8%5cu05d9%5cu05da%2027-10-2014%5b%2fCOLOR%5d%5cnComedy%20about%20the%20unlikely%20friendship%20that%20develops%20between%20two%20very%20different%20young%20women%20who%20meet%20waitressing%20at%20a%20diner%20in%20trendy%20Williamsburg%2c%20Brooklyn%2c%20and%20form%20a%20bond%20over%20one%20day%20owning%20their%20own%20successful%20cupcake%20business.%20Only%20one%20thing%20stands%20in%20their%20way%20%5cu2013%20they%5cu2019re%20broke.%22%2c%20%22OriginalTitle%22%3a%20%222%20Broke%20Girls%22%2c%20%22Tag%22%3a%20%2216%22%2c%20%22year%22%3a%20%222014%22%7d&quot"/>
</include>
<include content="sessionfourcontent">
<param name="sessionfourcontentid" value="518"/>
<param name="tvshowname" value="מרוששות"/>
<param name="networkname" value="UNKNOWN"/>
<param name="sessionfourcontent" value="plugin://plugin.video.mando/?all_w=%7b%7d&amp;data=2015&amp;dates=%20&amp;description=%5bCOLOR%20aqua%5d%20%d7%a9%d7%95%d7%93%d7%a8%20%d7%91%d7%aa%d7%90%d7%a8%d7%99%d7%9a%2012-11-2015%5b%2fCOLOR%5d%0aComedy%20about%20the%20unlikely%20friendship%20that%20develops%20between%20two%20very%20different%20young%20women%20who%20meet%20waitressing%20at%20a%20diner%20in%20trendy%20Williamsburg%2c%20Brooklyn%2c%20and%20form%20a%20bond%20over%20one%20day%20owning%20their%20own%20successful%20cupcake%20business.%20Only%20one%20thing%20stands%20in%20their%20way%20%e2%80%93%20they%e2%80%99re%20broke.&amp;eng_name=%20&amp;episode=%20&amp;fanart=https%3a%2f%2fimage.tmdb.org%2ft%2fp%2foriginal%2f%2fhiGp7DQiEXxDCqAfhIIPbYuQ28U.jpg&amp;fav_status=false&amp;heb_name=%d7%9e%d7%a8%d7%95%d7%a9%d7%a9%d7%95%d7%aa&amp;iconimage=https%3a%2f%2fimage.tmdb.org%2ft%2fp%2foriginal%2f%2fm0F3nVq0bZL4Hl68Vtjpa5rIxZ5.jpg&amp;id=39340&amp;image_master&amp;isr=0&amp;last_id&amp;mode=19&amp;name=%5bCOLOR%20white%5d%d7%a2%d7%95%d7%a0%d7%94%205%5b%2fCOLOR%5d&amp;original_title=2%20Broke%20Girls&amp;season=5&amp;show_original_year=2011&amp;tmdbid=248741&amp;url=https%3a%2f%2fapi.themoviedb.org%2f3%2ftv%2f39340%3fapi_key%3d34142515d9d23817496eeb4ff1d223d0%26language%3den%26append_to_response%3dexternal_ids&amp;video_data=%7b%22rating%22%3a%20%220%22%2c%20%22episode%22%3a%200%2c%20%22title%22%3a%20%22%5bCOLOR%20white%5d%5cu05e2%5cu05d5%5cu05e0%5cu05d4%205%5b%2fCOLOR%5d%22%2c%20%22season%22%3a%200%2c%20%22TVshowtitle%22%3a%20%22%22%2c%20%22mediatype%22%3a%20%22movie%22%2c%20%22plot%22%3a%20%22%5bCOLOR%20aqua%5d%20%5cu05e9%5cu05d5%5cu05d3%5cu05e8%20%5cu05d1%5cu05ea%5cu05d0%5cu05e8%5cu05d9%5cu05da%2012-11-2015%5b%2fCOLOR%5d%5cnComedy%20about%20the%20unlikely%20friendship%20that%20develops%20between%20two%20very%20different%20young%20women%20who%20meet%20waitressing%20at%20a%20diner%20in%20trendy%20Williamsburg%2c%20Brooklyn%2c%20and%20form%20a%20bond%20over%20one%20day%20owning%20their%20own%20successful%20cupcake%20business.%20Only%20one%20thing%20stands%20in%20their%20way%20%5cu2013%20they%5cu2019re%20broke.%22%2c%20%22OriginalTitle%22%3a%20%222%20Broke%20Girls%22%2c%20%22Tag%22%3a%20%2216%22%2c%20%22year%22%3a%20%222015%22%7d&quot"/>
</include>
<include content="sessionfivecontent">
<param name="sessionfivecontentid" value="519"/>
<param name="tvshowname" value="מרוששות"/>
<param name="networkname" value="UNKNOWN"/>
<param name="sessionfivecontent" value="plugin://plugin.video.mando/?all_w=%7b%7d&amp;data=2016&amp;dates=%20&amp;description=%5bCOLOR%20aqua%5d%20%d7%a9%d7%95%d7%93%d7%a8%20%d7%91%d7%aa%d7%90%d7%a8%d7%99%d7%9a%2010-10-2016%5b%2fCOLOR%5d%0aComedy%20about%20the%20unlikely%20friendship%20that%20develops%20between%20two%20very%20different%20young%20women%20who%20meet%20waitressing%20at%20a%20diner%20in%20trendy%20Williamsburg%2c%20Brooklyn%2c%20and%20form%20a%20bond%20over%20one%20day%20owning%20their%20own%20successful%20cupcake%20business.%20Only%20one%20thing%20stands%20in%20their%20way%20%e2%80%93%20they%e2%80%99re%20broke.&amp;eng_name=%20&amp;episode=%20&amp;fanart=https%3a%2f%2fimage.tmdb.org%2ft%2fp%2foriginal%2f%2fhiGp7DQiEXxDCqAfhIIPbYuQ28U.jpg&amp;fav_status=false&amp;heb_name=%d7%9e%d7%a8%d7%95%d7%a9%d7%a9%d7%95%d7%aa&amp;iconimage=https%3a%2f%2fimage.tmdb.org%2ft%2fp%2foriginal%2f%2ftSUA9GxoOtDEXOe9zQkiVk6U3pk.jpg&amp;id=39340&amp;image_master&amp;isr=0&amp;last_id&amp;mode=19&amp;name=%5bCOLOR%20white%5d%d7%a2%d7%95%d7%a0%d7%94%206%5b%2fCOLOR%5d&amp;original_title=2%20Broke%20Girls&amp;season=6&amp;show_original_year=2011&amp;tmdbid=248741&amp;url=https%3a%2f%2fapi.themoviedb.org%2f3%2ftv%2f39340%3fapi_key%3d34142515d9d23817496eeb4ff1d223d0%26language%3den%26append_to_response%3dexternal_ids&amp;video_data=%7b%22rating%22%3a%20%220%22%2c%20%22episode%22%3a%200%2c%20%22title%22%3a%20%22%5bCOLOR%20white%5d%5cu05e2%5cu05d5%5cu05e0%5cu05d4%206%5b%2fCOLOR%5d%22%2c%20%22season%22%3a%200%2c%20%22TVshowtitle%22%3a%20%22%22%2c%20%22mediatype%22%3a%20%22movie%22%2c%20%22plot%22%3a%20%22%5bCOLOR%20aqua%5d%20%5cu05e9%5cu05d5%5cu05d3%5cu05e8%20%5cu05d1%5cu05ea%5cu05d0%5cu05e8%5cu05d9%5cu05da%2010-10-2016%5b%2fCOLOR%5d%5cnComedy%20about%20the%20unlikely%20friendship%20that%20develops%20between%20two%20very%20different%20young%20women%20who%20meet%20waitressing%20at%20a%20diner%20in%20trendy%20Williamsburg%2c%20Brooklyn%2c%20and%20form%20a%20bond%20over%20one%20day%20owning%20their%20own%20successful%20cupcake%20business.%20Only%20one%20thing%20stands%20in%20their%20way%20%5cu2013%20they%5cu2019re%20broke.%22%2c%20%22OriginalTitle%22%3a%20%222%20Broke%20Girls%22%2c%20%22Tag%22%3a%20%2216%22%2c%20%22year%22%3a%20%222016%22%7d&quot"/>
</include>




<include content="epissodescontente">
<param name="episodeslistid" value="520"/>
<param name="tvshowname" value="האוס"/>
<param name="networkname" value="UNKNOWN"/>
<param name="episodeslistcontent" value="plugin://plugin.video.mando/?all_w=%7b%7d&amp;data=2007&amp;dates=%20&amp;description=%5bCOLOR%20aqua%5d%20%d7%a9%d7%95%d7%93%d7%a8%20%d7%91%d7%aa%d7%90%d7%a8%d7%99%d7%9a%2025-09-2007%5b%2fCOLOR%5d%0aDr.%20Gregory%20House%2c%20a%20drug-addicted%2c%20unconventional%2c%20misanthropic%20medical%20genius%2c%20leads%20a%20team%20of%20diagnosticians%20at%20the%20fictional%20Princeton%e2%80%93Plainsboro%20Teaching%20Hospital%20in%20New%20Jersey.&amp;eng_name=%20&amp;episode=%20&amp;fanart=https%3a%2f%2fimage.tmdb.org%2ft%2fp%2foriginal%2f%2fhiK4qc0tZijQ9KNUnBIS1k4tdMJ.jpg&amp;fav_status=false&amp;heb_name=%d7%94%d7%90%d7%95%d7%a1&amp;iconimage=https%3a%2f%2fimage.tmdb.org%2ft%2fp%2foriginal%2f%2fCryJFbwif5U1VViZ5EkmeomD3q.jpg&amp;id=1408&amp;image_master&amp;isr=0&amp;last_id&amp;mode=19&amp;name=%5bCOLOR%20white%5d%d7%a2%d7%95%d7%a0%d7%94%204%5b%2fCOLOR%5d&amp;original_title=House&amp;season=4&amp;show_original_year=2004&amp;tmdbid=73255&amp;url=https%3a%2f%2fapi.themoviedb.org%2f3%2ftv%2f1408%3fapi_key%3d34142515d9d23817496eeb4ff1d223d0%26language%3den%26append_to_response%3dexternal_ids&amp;video_data=%7b%22rating%22%3a%20%220%22%2c%20%22episode%22%3a%200%2c%20%22title%22%3a%20%22%5bCOLOR%20white%5d%5cu05e2%5cu05d5%5cu05e0%5cu05d4%204%5b%2fCOLOR%5d%22%2c%20%22season%22%3a%200%2c%20%22TVshowtitle%22%3a%20%22%22%2c%20%22mediatype%22%3a%20%22movie%22%2c%20%22plot%22%3a%20%22%5bCOLOR%20aqua%5d%20%5cu05e9%5cu05d5%5cu05d3%5cu05e8%20%5cu05d1%5cu05ea%5cu05d0%5cu05e8%5cu05d9%5cu05da%2025-09-2007%5b%2fCOLOR%5d%5cnDr.%20Gregory%20House%2c%20a%20drug-addicted%2c%20unconventional%2c%20misanthropic%20medical%20genius%2c%20leads%20a%20team%20of%20diagnosticians%20at%20the%20fictional%20Princeton%5cu2013Plainsboro%20Teaching%20Hospital%20in%20New%20Jersey.%22%2c%20%22OriginalTitle%22%3a%20%22House%22%2c%20%22Tag%22%3a%20%2216%22%2c%20%22year%22%3a%20%222007%22%7d&quot"/>
</include>
<include content="sessiontwocontent">
<param name="sessiontwocontentid" value="521"/>
<param name="tvshowname" value="האוס"/>
<param name="networkname" value="UNKNOWN"/>
<param name="sessiontwocontent" value="plugin://plugin.video.mando/?all_w=%7b%7d&amp;data=2008&amp;dates=%20&amp;description=%5bCOLOR%20aqua%5d%20%d7%a9%d7%95%d7%93%d7%a8%20%d7%91%d7%aa%d7%90%d7%a8%d7%99%d7%9a%2016-09-2008%5b%2fCOLOR%5d%0aDr.%20Gregory%20House%2c%20a%20drug-addicted%2c%20unconventional%2c%20misanthropic%20medical%20genius%2c%20leads%20a%20team%20of%20diagnosticians%20at%20the%20fictional%20Princeton%e2%80%93Plainsboro%20Teaching%20Hospital%20in%20New%20Jersey.&amp;eng_name=%20&amp;episode=%20&amp;fanart=https%3a%2f%2fimage.tmdb.org%2ft%2fp%2foriginal%2f%2fhiK4qc0tZijQ9KNUnBIS1k4tdMJ.jpg&amp;fav_status=false&amp;heb_name=%d7%94%d7%90%d7%95%d7%a1&amp;iconimage=https%3a%2f%2fimage.tmdb.org%2ft%2fp%2foriginal%2f%2fbwE3QGVeC7E5VycnIPVzPtzpBId.jpg&amp;id=1408&amp;image_master&amp;isr=0&amp;last_id&amp;mode=19&amp;name=%5bCOLOR%20white%5d%d7%a2%d7%95%d7%a0%d7%94%205%5b%2fCOLOR%5d&amp;original_title=House&amp;season=5&amp;show_original_year=2004&amp;tmdbid=73255&amp;url=https%3a%2f%2fapi.themoviedb.org%2f3%2ftv%2f1408%3fapi_key%3d34142515d9d23817496eeb4ff1d223d0%26language%3den%26append_to_response%3dexternal_ids&amp;video_data=%7b%22rating%22%3a%20%220%22%2c%20%22episode%22%3a%200%2c%20%22title%22%3a%20%22%5bCOLOR%20white%5d%5cu05e2%5cu05d5%5cu05e0%5cu05d4%205%5b%2fCOLOR%5d%22%2c%20%22season%22%3a%200%2c%20%22TVshowtitle%22%3a%20%22%22%2c%20%22mediatype%22%3a%20%22movie%22%2c%20%22plot%22%3a%20%22%5bCOLOR%20aqua%5d%20%5cu05e9%5cu05d5%5cu05d3%5cu05e8%20%5cu05d1%5cu05ea%5cu05d0%5cu05e8%5cu05d9%5cu05da%2016-09-2008%5b%2fCOLOR%5d%5cnDr.%20Gregory%20House%2c%20a%20drug-addicted%2c%20unconventional%2c%20misanthropic%20medical%20genius%2c%20leads%20a%20team%20of%20diagnosticians%20at%20the%20fictional%20Princeton%5cu2013Plainsboro%20Teaching%20Hospital%20in%20New%20Jersey.%22%2c%20%22OriginalTitle%22%3a%20%22House%22%2c%20%22Tag%22%3a%20%2216%22%2c%20%22year%22%3a%20%222008%22%7d&quot"/>
</include>
<include content="sessionthreecontent">
<param name="sessionthreecontentid" value="522"/>
<param name="tvshowname" value="האוס"/>
<param name="networkname" value="UNKNOWN"/>
<param name="sessionthreecontent" value="plugin://plugin.video.mando/?all_w=%7b%7d&amp;data=2009&amp;dates=%20&amp;description=%5bCOLOR%20aqua%5d%20%d7%a9%d7%95%d7%93%d7%a8%20%d7%91%d7%aa%d7%90%d7%a8%d7%99%d7%9a%2021-09-2009%5b%2fCOLOR%5d%0aDr.%20Gregory%20House%2c%20a%20drug-addicted%2c%20unconventional%2c%20misanthropic%20medical%20genius%2c%20leads%20a%20team%20of%20diagnosticians%20at%20the%20fictional%20Princeton%e2%80%93Plainsboro%20Teaching%20Hospital%20in%20New%20Jersey.&amp;eng_name=%20&amp;episode=%20&amp;fanart=https%3a%2f%2fimage.tmdb.org%2ft%2fp%2foriginal%2f%2fhiK4qc0tZijQ9KNUnBIS1k4tdMJ.jpg&amp;fav_status=false&amp;heb_name=%d7%94%d7%90%d7%95%d7%a1&amp;iconimage=https%3a%2f%2fimage.tmdb.org%2ft%2fp%2foriginal%2f%2fhhcJGHhq2xMUCp2sGRrw523M7Zx.jpg&amp;id=1408&amp;image_master&amp;isr=0&amp;last_id&amp;mode=19&amp;name=%5bCOLOR%20white%5d%d7%a2%d7%95%d7%a0%d7%94%206%5b%2fCOLOR%5d&amp;original_title=House&amp;season=6&amp;show_original_year=2004&amp;tmdbid=73255&amp;url=https%3a%2f%2fapi.themoviedb.org%2f3%2ftv%2f1408%3fapi_key%3d34142515d9d23817496eeb4ff1d223d0%26language%3den%26append_to_response%3dexternal_ids&amp;video_data=%7b%22rating%22%3a%20%220%22%2c%20%22episode%22%3a%200%2c%20%22title%22%3a%20%22%5bCOLOR%20white%5d%5cu05e2%5cu05d5%5cu05e0%5cu05d4%206%5b%2fCOLOR%5d%22%2c%20%22season%22%3a%200%2c%20%22TVshowtitle%22%3a%20%22%22%2c%20%22mediatype%22%3a%20%22movie%22%2c%20%22plot%22%3a%20%22%5bCOLOR%20aqua%5d%20%5cu05e9%5cu05d5%5cu05d3%5cu05e8%20%5cu05d1%5cu05ea%5cu05d0%5cu05e8%5cu05d9%5cu05da%2021-09-2009%5b%2fCOLOR%5d%5cnDr.%20Gregory%20House%2c%20a%20drug-addicted%2c%20unconventional%2c%20misanthropic%20medical%20genius%2c%20leads%20a%20team%20of%20diagnosticians%20at%20the%20fictional%20Princeton%5cu2013Plainsboro%20Teaching%20Hospital%20in%20New%20Jersey.%22%2c%20%22OriginalTitle%22%3a%20%22House%22%2c%20%22Tag%22%3a%20%2216%22%2c%20%22year%22%3a%20%222009%22%7d&quot"/>
</include>
<include content="sessionfourcontent">
<param name="sessionfourcontentid" value="523"/>
<param name="tvshowname" value="האוס"/>
<param name="networkname" value="UNKNOWN"/>
<param name="sessionfourcontent" value="plugin://plugin.video.mando/?all_w=%7b%7d&amp;data=2010&amp;dates=%20&amp;description=%5bCOLOR%20aqua%5d%20%d7%a9%d7%95%d7%93%d7%a8%20%d7%91%d7%aa%d7%90%d7%a8%d7%99%d7%9a%2020-09-2010%5b%2fCOLOR%5d%0aDr.%20Gregory%20House%2c%20a%20drug-addicted%2c%20unconventional%2c%20misanthropic%20medical%20genius%2c%20leads%20a%20team%20of%20diagnosticians%20at%20the%20fictional%20Princeton%e2%80%93Plainsboro%20Teaching%20Hospital%20in%20New%20Jersey.&amp;eng_name=%20&amp;episode=%20&amp;fanart=https%3a%2f%2fimage.tmdb.org%2ft%2fp%2foriginal%2f%2fhiK4qc0tZijQ9KNUnBIS1k4tdMJ.jpg&amp;fav_status=false&amp;heb_name=%d7%94%d7%90%d7%95%d7%a1&amp;iconimage=https%3a%2f%2fimage.tmdb.org%2ft%2fp%2foriginal%2f%2fz0zkn4BME4M9ycaHldChWR3m7XL.jpg&amp;id=1408&amp;image_master&amp;isr=0&amp;last_id&amp;mode=19&amp;name=%5bCOLOR%20white%5d%d7%a2%d7%95%d7%a0%d7%94%207%5b%2fCOLOR%5d&amp;original_title=House&amp;season=7&amp;show_original_year=2004&amp;tmdbid=73255&amp;url=https%3a%2f%2fapi.themoviedb.org%2f3%2ftv%2f1408%3fapi_key%3d34142515d9d23817496eeb4ff1d223d0%26language%3den%26append_to_response%3dexternal_ids&amp;video_data=%7b%22rating%22%3a%20%220%22%2c%20%22episode%22%3a%200%2c%20%22title%22%3a%20%22%5bCOLOR%20white%5d%5cu05e2%5cu05d5%5cu05e0%5cu05d4%207%5b%2fCOLOR%5d%22%2c%20%22season%22%3a%200%2c%20%22TVshowtitle%22%3a%20%22%22%2c%20%22mediatype%22%3a%20%22movie%22%2c%20%22plot%22%3a%20%22%5bCOLOR%20aqua%5d%20%5cu05e9%5cu05d5%5cu05d3%5cu05e8%20%5cu05d1%5cu05ea%5cu05d0%5cu05e8%5cu05d9%5cu05da%2020-09-2010%5b%2fCOLOR%5d%5cnDr.%20Gregory%20House%2c%20a%20drug-addicted%2c%20unconventional%2c%20misanthropic%20medical%20genius%2c%20leads%20a%20team%20of%20diagnosticians%20at%20the%20fictional%20Princeton%5cu2013Plainsboro%20Teaching%20Hospital%20in%20New%20Jersey.%22%2c%20%22OriginalTitle%22%3a%20%22House%22%2c%20%22Tag%22%3a%20%2216%22%2c%20%22year%22%3a%20%222010%22%7d&quot"/>
</include>
<include content="sessionfivecontent">
<param name="sessionfivecontentid" value="524"/>
<param name="tvshowname" value="האוס"/>
<param name="networkname" value="UNKNOWN"/>
<param name="sessionfivecontent" value="plugin://plugin.video.mando/?all_w=%7b%7d&amp;data=2011&amp;dates=%20&amp;description=%5bCOLOR%20aqua%5d%20%d7%a9%d7%95%d7%93%d7%a8%20%d7%91%d7%aa%d7%90%d7%a8%d7%99%d7%9a%2003-10-2011%5b%2fCOLOR%5d%0aDr.%20Gregory%20House%2c%20a%20drug-addicted%2c%20unconventional%2c%20misanthropic%20medical%20genius%2c%20leads%20a%20team%20of%20diagnosticians%20at%20the%20fictional%20Princeton%e2%80%93Plainsboro%20Teaching%20Hospital%20in%20New%20Jersey.&amp;eng_name=%20&amp;episode=%20&amp;fanart=https%3a%2f%2fimage.tmdb.org%2ft%2fp%2foriginal%2f%2fhiK4qc0tZijQ9KNUnBIS1k4tdMJ.jpg&amp;fav_status=false&amp;heb_name=%d7%94%d7%90%d7%95%d7%a1&amp;iconimage=https%3a%2f%2fimage.tmdb.org%2ft%2fp%2foriginal%2f%2ffqMpdjiGe4jejxTm1NAWnhRV6CM.jpg&amp;id=1408&amp;image_master&amp;isr=0&amp;last_id&amp;mode=19&amp;name=%5bCOLOR%20white%5d%d7%a2%d7%95%d7%a0%d7%94%208%5b%2fCOLOR%5d&amp;original_title=House&amp;season=8&amp;show_original_year=2004&amp;tmdbid=73255&amp;url=https%3a%2f%2fapi.themoviedb.org%2f3%2ftv%2f1408%3fapi_key%3d34142515d9d23817496eeb4ff1d223d0%26language%3den%26append_to_response%3dexternal_ids&amp;video_data=%7b%22rating%22%3a%20%220%22%2c%20%22episode%22%3a%200%2c%20%22title%22%3a%20%22%5bCOLOR%20white%5d%5cu05e2%5cu05d5%5cu05e0%5cu05d4%208%5b%2fCOLOR%5d%22%2c%20%22season%22%3a%200%2c%20%22TVshowtitle%22%3a%20%22%22%2c%20%22mediatype%22%3a%20%22movie%22%2c%20%22plot%22%3a%20%22%5bCOLOR%20aqua%5d%20%5cu05e9%5cu05d5%5cu05d3%5cu05e8%20%5cu05d1%5cu05ea%5cu05d0%5cu05e8%5cu05d9%5cu05da%2003-10-2011%5b%2fCOLOR%5d%5cnDr.%20Gregory%20House%2c%20a%20drug-addicted%2c%20unconventional%2c%20misanthropic%20medical%20genius%2c%20leads%20a%20team%20of%20diagnosticians%20at%20the%20fictional%20Princeton%5cu2013Plainsboro%20Teaching%20Hospital%20in%20New%20Jersey.%22%2c%20%22OriginalTitle%22%3a%20%22House%22%2c%20%22Tag%22%3a%20%2216%22%2c%20%22year%22%3a%20%222011%22%7d&quot"/>
</include>



<include content="epissodescontente">
<param name="episodeslistid" value="525"/>
<param name="tvshowname" value="בנות גילמור"/>
<param name="networkname" value="UNKNOWN"/>
<param name="episodeslistcontent" value="plugin://plugin.video.mando/?all_w=%7b%7d&amp;data=2002&amp;dates=%20&amp;description=%5bCOLOR%20aqua%5d%20%d7%a9%d7%95%d7%93%d7%a8%20%d7%91%d7%aa%d7%90%d7%a8%d7%99%d7%9a%2024-09-2002%5b%2fCOLOR%5d%0aSet%20in%20the%20charming%20town%20of%20Stars%20Hollow%2c%20Connecticut%2c%20the%20series%20follows%20the%20captivating%20lives%20of%20Lorelai%20and%20Rory%20Gilmore%2c%20a%20mother%2fdaughter%20pair%20who%20have%20a%20relationship%20most%20people%20only%20dream%20of.&amp;eng_name=%20&amp;episode=%20&amp;fanart=https%3a%2f%2fimage.tmdb.org%2ft%2fp%2foriginal%2f%2f9YLMZClDOs2cmVGiFXx1slAE4sP.jpg&amp;fav_status=false&amp;heb_name=%d7%91%d7%a0%d7%95%d7%aa%20%d7%92%d7%99%d7%9c%d7%9e%d7%95%d7%a8&amp;iconimage=https%3a%2f%2fimage.tmdb.org%2ft%2fp%2foriginal%2f%2fek6Qp5E7fV8jZPkbH9EjtPXA5OF.jpg&amp;id=4586&amp;image_master&amp;isr=0&amp;last_id&amp;mode=19&amp;name=%5bCOLOR%20white%5d%d7%a2%d7%95%d7%a0%d7%94%203%5b%2fCOLOR%5d&amp;original_title=Gilmore%20Girls&amp;season=3&amp;show_original_year=2000&amp;tmdbid=76568&amp;url=https%3a%2f%2fapi.themoviedb.org%2f3%2ftv%2f4586%3fapi_key%3d34142515d9d23817496eeb4ff1d223d0%26language%3den%26append_to_response%3dexternal_ids&amp;video_data=%7b%22rating%22%3a%20%220%22%2c%20%22episode%22%3a%200%2c%20%22title%22%3a%20%22%5bCOLOR%20white%5d%5cu05e2%5cu05d5%5cu05e0%5cu05d4%203%5b%2fCOLOR%5d%22%2c%20%22season%22%3a%200%2c%20%22TVshowtitle%22%3a%20%22%22%2c%20%22mediatype%22%3a%20%22movie%22%2c%20%22plot%22%3a%20%22%5bCOLOR%20aqua%5d%20%5cu05e9%5cu05d5%5cu05d3%5cu05e8%20%5cu05d1%5cu05ea%5cu05d0%5cu05e8%5cu05d9%5cu05da%2024-09-2002%5b%2fCOLOR%5d%5cnSet%20in%20the%20charming%20town%20of%20Stars%20Hollow%2c%20Connecticut%2c%20the%20series%20follows%20the%20captivating%20lives%20of%20Lorelai%20and%20Rory%20Gilmore%2c%20a%20mother%2fdaughter%20pair%20who%20have%20a%20relationship%20most%20people%20only%20dream%20of.%22%2c%20%22OriginalTitle%22%3a%20%22Gilmore%20Girls%22%2c%20%22Tag%22%3a%20%2216%22%2c%20%22year%22%3a%20%222002%22%7d&quot"/>
</include>
<include content="sessiontwocontent">
<param name="sessiontwocontentid" value="526"/>
<param name="tvshowname" value="בנות גילמור"/>
<param name="networkname" value="UNKNOWN"/>
<param name="sessiontwocontent" value="plugin://plugin.video.mando/?all_w=%7b%7d&amp;data=2003&amp;dates=%20&amp;description=%5bCOLOR%20aqua%5d%20%d7%a9%d7%95%d7%93%d7%a8%20%d7%91%d7%aa%d7%90%d7%a8%d7%99%d7%9a%2023-09-2003%5b%2fCOLOR%5d%0aSet%20in%20the%20charming%20town%20of%20Stars%20Hollow%2c%20Connecticut%2c%20the%20series%20follows%20the%20captivating%20lives%20of%20Lorelai%20and%20Rory%20Gilmore%2c%20a%20mother%2fdaughter%20pair%20who%20have%20a%20relationship%20most%20people%20only%20dream%20of.&amp;eng_name=%20&amp;episode=%20&amp;fanart=https%3a%2f%2fimage.tmdb.org%2ft%2fp%2foriginal%2f%2f9YLMZClDOs2cmVGiFXx1slAE4sP.jpg&amp;fav_status=false&amp;heb_name=%d7%91%d7%a0%d7%95%d7%aa%20%d7%92%d7%99%d7%9c%d7%9e%d7%95%d7%a8&amp;iconimage=https%3a%2f%2fimage.tmdb.org%2ft%2fp%2foriginal%2f%2f2bSi8GC6DtkPeIr4rlYYia6lZcj.jpg&amp;id=4586&amp;image_master&amp;isr=0&amp;last_id&amp;mode=19&amp;name=%5bCOLOR%20white%5d%d7%a2%d7%95%d7%a0%d7%94%204%5b%2fCOLOR%5d&amp;original_title=Gilmore%20Girls&amp;season=4&amp;show_original_year=2000&amp;tmdbid=76568&amp;url=https%3a%2f%2fapi.themoviedb.org%2f3%2ftv%2f4586%3fapi_key%3d34142515d9d23817496eeb4ff1d223d0%26language%3den%26append_to_response%3dexternal_ids&amp;video_data=%7b%22rating%22%3a%20%220%22%2c%20%22episode%22%3a%200%2c%20%22title%22%3a%20%22%5bCOLOR%20white%5d%5cu05e2%5cu05d5%5cu05e0%5cu05d4%204%5b%2fCOLOR%5d%22%2c%20%22season%22%3a%200%2c%20%22TVshowtitle%22%3a%20%22%22%2c%20%22mediatype%22%3a%20%22movie%22%2c%20%22plot%22%3a%20%22%5bCOLOR%20aqua%5d%20%5cu05e9%5cu05d5%5cu05d3%5cu05e8%20%5cu05d1%5cu05ea%5cu05d0%5cu05e8%5cu05d9%5cu05da%2023-09-2003%5b%2fCOLOR%5d%5cnSet%20in%20the%20charming%20town%20of%20Stars%20Hollow%2c%20Connecticut%2c%20the%20series%20follows%20the%20captivating%20lives%20of%20Lorelai%20and%20Rory%20Gilmore%2c%20a%20mother%2fdaughter%20pair%20who%20have%20a%20relationship%20most%20people%20only%20dream%20of.%22%2c%20%22OriginalTitle%22%3a%20%22Gilmore%20Girls%22%2c%20%22Tag%22%3a%20%2216%22%2c%20%22year%22%3a%20%222003%22%7d&quot"/>
</include>
<include content="sessionthreecontent">
<param name="sessionthreecontentid" value="527"/>
<param name="tvshowname" value="בנות גילמור"/>
<param name="networkname" value="UNKNOWN"/>
<param name="sessionthreecontent" value="plugin://plugin.video.mando/?all_w=%7b%7d&amp;data=2004&amp;dates=%20&amp;description=%5bCOLOR%20aqua%5d%20%d7%a9%d7%95%d7%93%d7%a8%20%d7%91%d7%aa%d7%90%d7%a8%d7%99%d7%9a%2021-09-2004%5b%2fCOLOR%5d%0aSet%20in%20the%20charming%20town%20of%20Stars%20Hollow%2c%20Connecticut%2c%20the%20series%20follows%20the%20captivating%20lives%20of%20Lorelai%20and%20Rory%20Gilmore%2c%20a%20mother%2fdaughter%20pair%20who%20have%20a%20relationship%20most%20people%20only%20dream%20of.&amp;eng_name=%20&amp;episode=%20&amp;fanart=https%3a%2f%2fimage.tmdb.org%2ft%2fp%2foriginal%2f%2f9YLMZClDOs2cmVGiFXx1slAE4sP.jpg&amp;fav_status=false&amp;heb_name=%d7%91%d7%a0%d7%95%d7%aa%20%d7%92%d7%99%d7%9c%d7%9e%d7%95%d7%a8&amp;iconimage=https%3a%2f%2fimage.tmdb.org%2ft%2fp%2foriginal%2f%2f4dU4EQ3V6jymy9zS7fDfaQolaH8.jpg&amp;id=4586&amp;image_master&amp;isr=0&amp;last_id&amp;mode=19&amp;name=%5bCOLOR%20white%5d%d7%a2%d7%95%d7%a0%d7%94%205%5b%2fCOLOR%5d&amp;original_title=Gilmore%20Girls&amp;season=5&amp;show_original_year=2000&amp;tmdbid=76568&amp;url=https%3a%2f%2fapi.themoviedb.org%2f3%2ftv%2f4586%3fapi_key%3d34142515d9d23817496eeb4ff1d223d0%26language%3den%26append_to_response%3dexternal_ids&amp;video_data=%7b%22rating%22%3a%20%220%22%2c%20%22episode%22%3a%200%2c%20%22title%22%3a%20%22%5bCOLOR%20white%5d%5cu05e2%5cu05d5%5cu05e0%5cu05d4%205%5b%2fCOLOR%5d%22%2c%20%22season%22%3a%200%2c%20%22TVshowtitle%22%3a%20%22%22%2c%20%22mediatype%22%3a%20%22movie%22%2c%20%22plot%22%3a%20%22%5bCOLOR%20aqua%5d%20%5cu05e9%5cu05d5%5cu05d3%5cu05e8%20%5cu05d1%5cu05ea%5cu05d0%5cu05e8%5cu05d9%5cu05da%2021-09-2004%5b%2fCOLOR%5d%5cnSet%20in%20the%20charming%20town%20of%20Stars%20Hollow%2c%20Connecticut%2c%20the%20series%20follows%20the%20captivating%20lives%20of%20Lorelai%20and%20Rory%20Gilmore%2c%20a%20mother%2fdaughter%20pair%20who%20have%20a%20relationship%20most%20people%20only%20dream%20of.%22%2c%20%22OriginalTitle%22%3a%20%22Gilmore%20Girls%22%2c%20%22Tag%22%3a%20%2216%22%2c%20%22year%22%3a%20%222004%22%7d&quot"/>
</include>
<include content="sessionfourcontent">
<param name="sessionfourcontentid" value="528"/>
<param name="tvshowname" value="בנות גילמור"/>
<param name="networkname" value="UNKNOWN"/>
<param name="sessionfourcontent" value="plugin://plugin.video.mando/?all_w=%7b%7d&amp;data=2005&amp;dates=%20&amp;description=%5bCOLOR%20aqua%5d%20%d7%a9%d7%95%d7%93%d7%a8%20%d7%91%d7%aa%d7%90%d7%a8%d7%99%d7%9a%2013-09-2005%5b%2fCOLOR%5d%0aSet%20in%20the%20charming%20town%20of%20Stars%20Hollow%2c%20Connecticut%2c%20the%20series%20follows%20the%20captivating%20lives%20of%20Lorelai%20and%20Rory%20Gilmore%2c%20a%20mother%2fdaughter%20pair%20who%20have%20a%20relationship%20most%20people%20only%20dream%20of.&amp;eng_name=%20&amp;episode=%20&amp;fanart=https%3a%2f%2fimage.tmdb.org%2ft%2fp%2foriginal%2f%2f9YLMZClDOs2cmVGiFXx1slAE4sP.jpg&amp;fav_status=false&amp;heb_name=%d7%91%d7%a0%d7%95%d7%aa%20%d7%92%d7%99%d7%9c%d7%9e%d7%95%d7%a8&amp;iconimage=https%3a%2f%2fimage.tmdb.org%2ft%2fp%2foriginal%2f%2fqF5yHazEXxQR81UimX8LbaHiwvD.jpg&amp;id=4586&amp;image_master&amp;isr=0&amp;last_id&amp;mode=19&amp;name=%5bCOLOR%20white%5d%d7%a2%d7%95%d7%a0%d7%94%206%5b%2fCOLOR%5d&amp;original_title=Gilmore%20Girls&amp;season=6&amp;show_original_year=2000&amp;tmdbid=76568&amp;url=https%3a%2f%2fapi.themoviedb.org%2f3%2ftv%2f4586%3fapi_key%3d34142515d9d23817496eeb4ff1d223d0%26language%3den%26append_to_response%3dexternal_ids&amp;video_data=%7b%22rating%22%3a%20%220%22%2c%20%22episode%22%3a%200%2c%20%22title%22%3a%20%22%5bCOLOR%20white%5d%5cu05e2%5cu05d5%5cu05e0%5cu05d4%206%5b%2fCOLOR%5d%22%2c%20%22season%22%3a%200%2c%20%22TVshowtitle%22%3a%20%22%22%2c%20%22mediatype%22%3a%20%22movie%22%2c%20%22plot%22%3a%20%22%5bCOLOR%20aqua%5d%20%5cu05e9%5cu05d5%5cu05d3%5cu05e8%20%5cu05d1%5cu05ea%5cu05d0%5cu05e8%5cu05d9%5cu05da%2013-09-2005%5b%2fCOLOR%5d%5cnSet%20in%20the%20charming%20town%20of%20Stars%20Hollow%2c%20Connecticut%2c%20the%20series%20follows%20the%20captivating%20lives%20of%20Lorelai%20and%20Rory%20Gilmore%2c%20a%20mother%2fdaughter%20pair%20who%20have%20a%20relationship%20most%20people%20only%20dream%20of.%22%2c%20%22OriginalTitle%22%3a%20%22Gilmore%20Girls%22%2c%20%22Tag%22%3a%20%2216%22%2c%20%22year%22%3a%20%222005%22%7d&quot"/>
</include>
<include content="sessionfivecontent">
<param name="sessionfivecontentid" value="529"/>
<param name="tvshowname" value="בנות גילמור"/>
<param name="networkname" value="UNKNOWN"/>
<param name="sessionfivecontent" value="plugin://plugin.video.mando/?all_w=%7b%7d&amp;data=2006&amp;dates=%20&amp;description=%5bCOLOR%20aqua%5d%20%d7%a9%d7%95%d7%93%d7%a8%20%d7%91%d7%aa%d7%90%d7%a8%d7%99%d7%9a%2026-09-2006%5b%2fCOLOR%5d%0aSet%20in%20the%20charming%20town%20of%20Stars%20Hollow%2c%20Connecticut%2c%20the%20series%20follows%20the%20captivating%20lives%20of%20Lorelai%20and%20Rory%20Gilmore%2c%20a%20mother%2fdaughter%20pair%20who%20have%20a%20relationship%20most%20people%20only%20dream%20of.&amp;eng_name=%20&amp;episode=%20&amp;fanart=https%3a%2f%2fimage.tmdb.org%2ft%2fp%2foriginal%2f%2f9YLMZClDOs2cmVGiFXx1slAE4sP.jpg&amp;fav_status=false&amp;heb_name=%d7%91%d7%a0%d7%95%d7%aa%20%d7%92%d7%99%d7%9c%d7%9e%d7%95%d7%a8&amp;iconimage=https%3a%2f%2fimage.tmdb.org%2ft%2fp%2foriginal%2f%2ftiOgT19QjKN0hBEOB5wg0h4Ri45.jpg&amp;id=4586&amp;image_master&amp;isr=0&amp;last_id&amp;mode=19&amp;name=%5bCOLOR%20white%5d%d7%a2%d7%95%d7%a0%d7%94%207%5b%2fCOLOR%5d&amp;original_title=Gilmore%20Girls&amp;season=7&amp;show_original_year=2000&amp;tmdbid=76568&amp;url=https%3a%2f%2fapi.themoviedb.org%2f3%2ftv%2f4586%3fapi_key%3d34142515d9d23817496eeb4ff1d223d0%26language%3den%26append_to_response%3dexternal_ids&amp;video_data=%7b%22rating%22%3a%20%220%22%2c%20%22episode%22%3a%200%2c%20%22title%22%3a%20%22%5bCOLOR%20white%5d%5cu05e2%5cu05d5%5cu05e0%5cu05d4%207%5b%2fCOLOR%5d%22%2c%20%22season%22%3a%200%2c%20%22TVshowtitle%22%3a%20%22%22%2c%20%22mediatype%22%3a%20%22movie%22%2c%20%22plot%22%3a%20%22%5bCOLOR%20aqua%5d%20%5cu05e9%5cu05d5%5cu05d3%5cu05e8%20%5cu05d1%5cu05ea%5cu05d0%5cu05e8%5cu05d9%5cu05da%2026-09-2006%5b%2fCOLOR%5d%5cnSet%20in%20the%20charming%20town%20of%20Stars%20Hollow%2c%20Connecticut%2c%20the%20series%20follows%20the%20captivating%20lives%20of%20Lorelai%20and%20Rory%20Gilmore%2c%20a%20mother%2fdaughter%20pair%20who%20have%20a%20relationship%20most%20people%20only%20dream%20of.%22%2c%20%22OriginalTitle%22%3a%20%22Gilmore%20Girls%22%2c%20%22Tag%22%3a%20%2216%22%2c%20%22year%22%3a%20%222006%22%7d&quot"/>
</include>



<include content="epissodescontente">
<param name="episodeslistid" value="530"/>
<param name="tvshowname" value="איי-קרלי"/>
<param name="networkname" value="UNKNOWN"/>
<param name="episodeslistcontent" value="plugin://plugin.video.mando/?all_w=%7b%7d&amp;data=2008&amp;dates=%20&amp;description=%5bCOLOR%20aqua%5d%20%d7%a9%d7%95%d7%93%d7%a8%20%d7%91%d7%aa%d7%90%d7%a8%d7%99%d7%9a%2027-09-2008%5b%2fCOLOR%5d%0aWatch%20Carly%2c%20Sam%2c%20and%20Freddie%2c%20as%20they%20try%20to%20balance%20their%20everyday%208th%20grade%20lives%20with%20their%20newfound%20fame%20managing%20and%20starring%20in%20the%20most%20awesome%20show%20on%20the%20web.&amp;eng_name=%20&amp;episode=%20&amp;fanart=https%3a%2f%2fimage.tmdb.org%2ft%2fp%2foriginal%2f%2fAcmi2eVIXff5fHG0XOFDGzhwqwr.jpg&amp;fav_status=false&amp;heb_name=iCarly&amp;iconimage=https%3a%2f%2fimage.tmdb.org%2ft%2fp%2foriginal%2f%2fbaQahNtAOqBubNZGuAeNurGdK5H.jpg&amp;id=5371&amp;image_master&amp;isr=0&amp;last_id&amp;mode=19&amp;name=%5bCOLOR%20white%5d%d7%a2%d7%95%d7%a0%d7%94%202%5b%2fCOLOR%5d&amp;original_title=iCarly&amp;season=2&amp;show_original_year=2007&amp;tmdbid=82493&amp;url=https%3a%2f%2fapi.themoviedb.org%2f3%2ftv%2f5371%3fapi_key%3d34142515d9d23817496eeb4ff1d223d0%26language%3den%26append_to_response%3dexternal_ids&amp;video_data=%7b%22rating%22%3a%20%220%22%2c%20%22episode%22%3a%200%2c%20%22title%22%3a%20%22%5bCOLOR%20white%5d%5cu05e2%5cu05d5%5cu05e0%5cu05d4%202%5b%2fCOLOR%5d%22%2c%20%22season%22%3a%200%2c%20%22TVshowtitle%22%3a%20%22%22%2c%20%22mediatype%22%3a%20%22movie%22%2c%20%22plot%22%3a%20%22%5bCOLOR%20aqua%5d%20%5cu05e9%5cu05d5%5cu05d3%5cu05e8%20%5cu05d1%5cu05ea%5cu05d0%5cu05e8%5cu05d9%5cu05da%2027-09-2008%5b%2fCOLOR%5d%5cnWatch%20Carly%2c%20Sam%2c%20and%20Freddie%2c%20as%20they%20try%20to%20balance%20their%20everyday%208th%20grade%20lives%20with%20their%20newfound%20fame%20managing%20and%20starring%20in%20the%20most%20awesome%20show%20on%20the%20web.%22%2c%20%22OriginalTitle%22%3a%20%22iCarly%22%2c%20%22Tag%22%3a%20%2216%22%2c%20%22year%22%3a%20%222008%22%7d&quot"/>
</include>
<include content="sessiontwocontent">
<param name="sessiontwocontentid" value="531"/>
<param name="tvshowname" value="איי-קרלי"/>
<param name="networkname" value="UNKNOWN"/>
<param name="sessiontwocontent" value="plugin://plugin.video.mando/?all_w=%7b%7d&amp;data=2009&amp;dates=%20&amp;description=%5bCOLOR%20aqua%5d%20%d7%a9%d7%95%d7%93%d7%a8%20%d7%91%d7%aa%d7%90%d7%a8%d7%99%d7%9a%2012-09-2009%5b%2fCOLOR%5d%0aWatch%20Carly%2c%20Sam%2c%20and%20Freddie%2c%20as%20they%20try%20to%20balance%20their%20everyday%208th%20grade%20lives%20with%20their%20newfound%20fame%20managing%20and%20starring%20in%20the%20most%20awesome%20show%20on%20the%20web.&amp;eng_name=%20&amp;episode=%20&amp;fanart=https%3a%2f%2fimage.tmdb.org%2ft%2fp%2foriginal%2f%2fAcmi2eVIXff5fHG0XOFDGzhwqwr.jpg&amp;fav_status=false&amp;heb_name=iCarly&amp;iconimage=https%3a%2f%2fimage.tmdb.org%2ft%2fp%2foriginal%2f%2fpCqRgmwiOjQtCnX5vjlzPp9Uhu2.jpg&amp;id=5371&amp;image_master&amp;isr=0&amp;last_id&amp;mode=19&amp;name=%5bCOLOR%20white%5d%d7%a2%d7%95%d7%a0%d7%94%203%5b%2fCOLOR%5d&amp;original_title=iCarly&amp;season=3&amp;show_original_year=2007&amp;tmdbid=82493&amp;url=https%3a%2f%2fapi.themoviedb.org%2f3%2ftv%2f5371%3fapi_key%3d34142515d9d23817496eeb4ff1d223d0%26language%3den%26append_to_response%3dexternal_ids&amp;video_data=%7b%22rating%22%3a%20%220%22%2c%20%22episode%22%3a%200%2c%20%22title%22%3a%20%22%5bCOLOR%20white%5d%5cu05e2%5cu05d5%5cu05e0%5cu05d4%203%5b%2fCOLOR%5d%22%2c%20%22season%22%3a%200%2c%20%22TVshowtitle%22%3a%20%22%22%2c%20%22mediatype%22%3a%20%22movie%22%2c%20%22plot%22%3a%20%22%5bCOLOR%20aqua%5d%20%5cu05e9%5cu05d5%5cu05d3%5cu05e8%20%5cu05d1%5cu05ea%5cu05d0%5cu05e8%5cu05d9%5cu05da%2012-09-2009%5b%2fCOLOR%5d%5cnWatch%20Carly%2c%20Sam%2c%20and%20Freddie%2c%20as%20they%20try%20to%20balance%20their%20everyday%208th%20grade%20lives%20with%20their%20newfound%20fame%20managing%20and%20starring%20in%20the%20most%20awesome%20show%20on%20the%20web.%22%2c%20%22OriginalTitle%22%3a%20%22iCarly%22%2c%20%22Tag%22%3a%20%2216%22%2c%20%22year%22%3a%20%222009%22%7d&quot"/>
</include>
<include content="sessionthreecontent">
<param name="sessionthreecontentid" value="532"/>
<param name="tvshowname" value="איי-קרלי"/>
<param name="networkname" value="UNKNOWN"/>
<param name="sessionthreecontent" value="plugin://plugin.video.mando/?all_w=%7b%7d&amp;data=2010&amp;dates=%20&amp;description=%5bCOLOR%20aqua%5d%20%d7%a9%d7%95%d7%93%d7%a8%20%d7%91%d7%aa%d7%90%d7%a8%d7%99%d7%9a%2030-07-2010%5b%2fCOLOR%5d%0aWatch%20Carly%2c%20Sam%2c%20and%20Freddie%2c%20as%20they%20try%20to%20balance%20their%20everyday%208th%20grade%20lives%20with%20their%20newfound%20fame%20managing%20and%20starring%20in%20the%20most%20awesome%20show%20on%20the%20web.&amp;eng_name=%20&amp;episode=%20&amp;fanart=https%3a%2f%2fimage.tmdb.org%2ft%2fp%2foriginal%2f%2fAcmi2eVIXff5fHG0XOFDGzhwqwr.jpg&amp;fav_status=false&amp;heb_name=iCarly&amp;iconimage=https%3a%2f%2fimage.tmdb.org%2ft%2fp%2foriginal%2f%2f4dS3td8ITGP87XQ5pZqjDyUge23.jpg&amp;id=5371&amp;image_master&amp;isr=0&amp;last_id&amp;mode=19&amp;name=%5bCOLOR%20white%5d%d7%a2%d7%95%d7%a0%d7%94%204%5b%2fCOLOR%5d&amp;original_title=iCarly&amp;season=4&amp;show_original_year=2007&amp;tmdbid=82493&amp;url=https%3a%2f%2fapi.themoviedb.org%2f3%2ftv%2f5371%3fapi_key%3d34142515d9d23817496eeb4ff1d223d0%26language%3den%26append_to_response%3dexternal_ids&amp;video_data=%7b%22rating%22%3a%20%220%22%2c%20%22episode%22%3a%200%2c%20%22title%22%3a%20%22%5bCOLOR%20white%5d%5cu05e2%5cu05d5%5cu05e0%5cu05d4%204%5b%2fCOLOR%5d%22%2c%20%22season%22%3a%200%2c%20%22TVshowtitle%22%3a%20%22%22%2c%20%22mediatype%22%3a%20%22movie%22%2c%20%22plot%22%3a%20%22%5bCOLOR%20aqua%5d%20%5cu05e9%5cu05d5%5cu05d3%5cu05e8%20%5cu05d1%5cu05ea%5cu05d0%5cu05e8%5cu05d9%5cu05da%2030-07-2010%5b%2fCOLOR%5d%5cnWatch%20Carly%2c%20Sam%2c%20and%20Freddie%2c%20as%20they%20try%20to%20balance%20their%20everyday%208th%20grade%20lives%20with%20their%20newfound%20fame%20managing%20and%20starring%20in%20the%20most%20awesome%20show%20on%20the%20web.%22%2c%20%22OriginalTitle%22%3a%20%22iCarly%22%2c%20%22Tag%22%3a%20%2216%22%2c%20%22year%22%3a%20%222010%22%7d&quot"/>
</include>
<include content="sessionfourcontent">
<param name="sessionfourcontentid" value="533"/>
<param name="tvshowname" value="איי-קרלי"/>
<param name="networkname" value="UNKNOWN"/>
<param name="sessionfourcontent" value="plugin://plugin.video.mando/?all_w=%7b%7d&amp;data=2011&amp;dates=%20&amp;description=%5bCOLOR%20aqua%5d%20%d7%a9%d7%95%d7%93%d7%a8%20%d7%91%d7%aa%d7%90%d7%a8%d7%99%d7%9a%2013-08-2011%5b%2fCOLOR%5d%0aWatch%20Carly%2c%20Sam%2c%20and%20Freddie%2c%20as%20they%20try%20to%20balance%20their%20everyday%208th%20grade%20lives%20with%20their%20newfound%20fame%20managing%20and%20starring%20in%20the%20most%20awesome%20show%20on%20the%20web.&amp;eng_name=%20&amp;episode=%20&amp;fanart=https%3a%2f%2fimage.tmdb.org%2ft%2fp%2foriginal%2f%2fAcmi2eVIXff5fHG0XOFDGzhwqwr.jpg&amp;fav_status=false&amp;heb_name=iCarly&amp;iconimage=https%3a%2f%2fimage.tmdb.org%2ft%2fp%2foriginal%2f%2f3HVRcj0qJdXGy6FYs0U3rKpob5j.jpg&amp;id=5371&amp;image_master&amp;isr=0&amp;last_id&amp;mode=19&amp;name=%5bCOLOR%20white%5d%d7%a2%d7%95%d7%a0%d7%94%205%5b%2fCOLOR%5d&amp;original_title=iCarly&amp;season=5&amp;show_original_year=2007&amp;tmdbid=82493&amp;url=https%3a%2f%2fapi.themoviedb.org%2f3%2ftv%2f5371%3fapi_key%3d34142515d9d23817496eeb4ff1d223d0%26language%3den%26append_to_response%3dexternal_ids&amp;video_data=%7b%22rating%22%3a%20%220%22%2c%20%22episode%22%3a%200%2c%20%22title%22%3a%20%22%5bCOLOR%20white%5d%5cu05e2%5cu05d5%5cu05e0%5cu05d4%205%5b%2fCOLOR%5d%22%2c%20%22season%22%3a%200%2c%20%22TVshowtitle%22%3a%20%22%22%2c%20%22mediatype%22%3a%20%22movie%22%2c%20%22plot%22%3a%20%22%5bCOLOR%20aqua%5d%20%5cu05e9%5cu05d5%5cu05d3%5cu05e8%20%5cu05d1%5cu05ea%5cu05d0%5cu05e8%5cu05d9%5cu05da%2013-08-2011%5b%2fCOLOR%5d%5cnWatch%20Carly%2c%20Sam%2c%20and%20Freddie%2c%20as%20they%20try%20to%20balance%20their%20everyday%208th%20grade%20lives%20with%20their%20newfound%20fame%20managing%20and%20starring%20in%20the%20most%20awesome%20show%20on%20the%20web.%22%2c%20%22OriginalTitle%22%3a%20%22iCarly%22%2c%20%22Tag%22%3a%20%2216%22%2c%20%22year%22%3a%20%222011%22%7d&quot"/>
</include>
<include content="sessionfivecontent">
<param name="sessionfivecontentid" value="534"/>
<param name="tvshowname" value="איי-קרלי"/>
<param name="networkname" value="UNKNOWN"/>
<param name="sessionfivecontent" value="plugin://plugin.video.mando/?all_w=%7b%7d&amp;data=2012&amp;dates=%20&amp;description=%5bCOLOR%20aqua%5d%20%d7%a9%d7%95%d7%93%d7%a8%20%d7%91%d7%aa%d7%90%d7%a8%d7%99%d7%9a%2024-03-2012%5b%2fCOLOR%5d%0aWatch%20Carly%2c%20Sam%2c%20and%20Freddie%2c%20as%20they%20try%20to%20balance%20their%20everyday%208th%20grade%20lives%20with%20their%20newfound%20fame%20managing%20and%20starring%20in%20the%20most%20awesome%20show%20on%20the%20web.&amp;eng_name=%20&amp;episode=%20&amp;fanart=https%3a%2f%2fimage.tmdb.org%2ft%2fp%2foriginal%2f%2fAcmi2eVIXff5fHG0XOFDGzhwqwr.jpg&amp;fav_status=false&amp;heb_name=iCarly&amp;iconimage=https%3a%2f%2fimage.tmdb.org%2ft%2fp%2foriginal%2f%2f7gXyzzQQOfgr8wM8GRnPEbWxL29.jpg&amp;id=5371&amp;image_master&amp;isr=0&amp;last_id&amp;mode=19&amp;name=%5bCOLOR%20white%5d%d7%a2%d7%95%d7%a0%d7%94%206%5b%2fCOLOR%5d&amp;original_title=iCarly&amp;season=6&amp;show_original_year=2007&amp;tmdbid=82493&amp;url=https%3a%2f%2fapi.themoviedb.org%2f3%2ftv%2f5371%3fapi_key%3d34142515d9d23817496eeb4ff1d223d0%26language%3den%26append_to_response%3dexternal_ids&amp;video_data=%7b%22rating%22%3a%20%220%22%2c%20%22episode%22%3a%200%2c%20%22title%22%3a%20%22%5bCOLOR%20white%5d%5cu05e2%5cu05d5%5cu05e0%5cu05d4%206%5b%2fCOLOR%5d%22%2c%20%22season%22%3a%200%2c%20%22TVshowtitle%22%3a%20%22%22%2c%20%22mediatype%22%3a%20%22movie%22%2c%20%22plot%22%3a%20%22%5bCOLOR%20aqua%5d%20%5cu05e9%5cu05d5%5cu05d3%5cu05e8%20%5cu05d1%5cu05ea%5cu05d0%5cu05e8%5cu05d9%5cu05da%2024-03-2012%5b%2fCOLOR%5d%5cnWatch%20Carly%2c%20Sam%2c%20and%20Freddie%2c%20as%20they%20try%20to%20balance%20their%20everyday%208th%20grade%20lives%20with%20their%20newfound%20fame%20managing%20and%20starring%20in%20the%20most%20awesome%20show%20on%20the%20web.%22%2c%20%22OriginalTitle%22%3a%20%22iCarly%22%2c%20%22Tag%22%3a%20%2216%22%2c%20%22year%22%3a%20%222012%22%7d&quot"/>
</include>


<include content="epissodescontente">
<param name="episodeslistid" value="534"/>
<param name="tvshowname" value="מסע בין כוכבים אנטרפרייז"/>
<param name="networkname" value="UNKNOWN"/>
<param name="episodeslistcontent" value="plugin://plugin.video.mando/?all_w=%7b%7d&amp;data=2001&amp;dates=%20&amp;description=%5bCOLOR%20aqua%5d%20%d7%a9%d7%95%d7%93%d7%a8%20%d7%91%d7%aa%d7%90%d7%a8%d7%99%d7%9a%2026-09-2001%5b%2fCOLOR%5d%0aDuring%20the%20mid-22nd%20century%2c%20a%20century%20before%20Captain%20Kirk%27s%20five-year%20mission%2c%20Jonathan%20Archer%20captains%20the%20United%20Earth%20ship%20Enterprise%20during%20the%20early%20years%20of%20Starfleet%2c%20leading%20up%20to%20the%20Earth-Romulan%20War%20and%20the%20formation%20of%20the%20Federation.&amp;eng_name=%20&amp;episode=%20&amp;fanart=https%3a%2f%2fimage.tmdb.org%2ft%2fp%2foriginal%2f%2fx05NmXlom9ZbpYsyNR3oqlq6wcz.jpg&amp;fav_status=false&amp;heb_name=%d7%9e%d7%a1%d7%a2%20%d7%91%d7%99%d7%9f%20%d7%9b%d7%95%d7%9b%d7%91%d7%99%d7%9d%3a%20%d7%90%d7%a0%d7%98%d7%a8%d7%a4%d7%a8%d7%99%d7%99%d7%96&amp;iconimage=https%3a%2f%2fimage.tmdb.org%2ft%2fp%2foriginal%2f%2f8a7dDjv4mDanIKdBsS97knZ0Jna.jpg&amp;id=314&amp;image_master&amp;isr=0&amp;last_id&amp;mode=19&amp;name=%5bCOLOR%20white%5d%d7%a2%d7%95%d7%a0%d7%94%201%5b%2fCOLOR%5d&amp;original_title=Star%20Trek%3a%20Enterprise&amp;season=1&amp;show_original_year=2001&amp;tmdbid=73893&amp;url=https%3a%2f%2fapi.themoviedb.org%2f3%2ftv%2f314%3fapi_key%3d34142515d9d23817496eeb4ff1d223d0%26language%3den%26append_to_response%3dexternal_ids&amp;video_data=%7b%22rating%22%3a%20%220%22%2c%20%22episode%22%3a%200%2c%20%22title%22%3a%20%22%5bCOLOR%20white%5d%5cu05e2%5cu05d5%5cu05e0%5cu05d4%201%5b%2fCOLOR%5d%22%2c%20%22season%22%3a%200%2c%20%22TVshowtitle%22%3a%20%22%22%2c%20%22mediatype%22%3a%20%22movie%22%2c%20%22plot%22%3a%20%22%5bCOLOR%20aqua%5d%20%5cu05e9%5cu05d5%5cu05d3%5cu05e8%20%5cu05d1%5cu05ea%5cu05d0%5cu05e8%5cu05d9%5cu05da%2026-09-2001%5b%2fCOLOR%5d%5cnDuring%20the%20mid-22nd%20century%2c%20a%20century%20before%20Captain%20Kirk%27s%20five-year%20mission%2c%20Jonathan%20Archer%20captains%20the%20United%20Earth%20ship%20Enterprise%20during%20the%20early%20years%20of%20Starfleet%2c%20leading%20up%20to%20the%20Earth-Romulan%20War%20and%20the%20formation%20of%20the%20Federation.%22%2c%20%22OriginalTitle%22%3a%20%22Star%20Trek%3a%20Enterprise%22%2c%20%22Tag%22%3a%20%2216%22%2c%20%22year%22%3a%20%222001%22%7d&quot"/>
</include>
<include content="sessiontwocontent">
<param name="sessiontwocontentid" value="535"/>
<param name="tvshowname" value="מסע בין כוכבים אנטרפרייז"/>
<param name="networkname" value="UNKNOWN"/>
<param name="sessiontwocontent" value="plugin://plugin.video.mando/?all_w=%7b%7d&amp;data=2003&amp;dates=%20&amp;description=%5bCOLOR%20aqua%5d%20%d7%a9%d7%95%d7%93%d7%a8%20%d7%91%d7%aa%d7%90%d7%a8%d7%99%d7%9a%2006-09-2003%5b%2fCOLOR%5d%0aDuring%20the%20mid-22nd%20century%2c%20a%20century%20before%20Captain%20Kirk%27s%20five-year%20mission%2c%20Jonathan%20Archer%20captains%20the%20United%20Earth%20ship%20Enterprise%20during%20the%20early%20years%20of%20Starfleet%2c%20leading%20up%20to%20the%20Earth-Romulan%20War%20and%20the%20formation%20of%20the%20Federation.&amp;eng_name=%20&amp;episode=%20&amp;fanart=https%3a%2f%2fimage.tmdb.org%2ft%2fp%2foriginal%2f%2fx05NmXlom9ZbpYsyNR3oqlq6wcz.jpg&amp;fav_status=false&amp;heb_name=%d7%9e%d7%a1%d7%a2%20%d7%91%d7%99%d7%9f%20%d7%9b%d7%95%d7%9b%d7%91%d7%99%d7%9d%3a%20%d7%90%d7%a0%d7%98%d7%a8%d7%a4%d7%a8%d7%99%d7%99%d7%96&amp;iconimage=https%3a%2f%2fimage.tmdb.org%2ft%2fp%2foriginal%2f%2f4ZVib0wikk9nM5mWWzSgdjXDYmN.jpg&amp;id=314&amp;image_master&amp;isr=0&amp;last_id&amp;mode=19&amp;name=%5bCOLOR%20white%5d%d7%a2%d7%95%d7%a0%d7%94%202%5b%2fCOLOR%5d&amp;original_title=Star%20Trek%3a%20Enterprise&amp;season=2&amp;show_original_year=2001&amp;tmdbid=73893&amp;url=https%3a%2f%2fapi.themoviedb.org%2f3%2ftv%2f314%3fapi_key%3d34142515d9d23817496eeb4ff1d223d0%26language%3den%26append_to_response%3dexternal_ids&amp;video_data=%7b%22rating%22%3a%20%220%22%2c%20%22episode%22%3a%200%2c%20%22title%22%3a%20%22%5bCOLOR%20white%5d%5cu05e2%5cu05d5%5cu05e0%5cu05d4%202%5b%2fCOLOR%5d%22%2c%20%22season%22%3a%200%2c%20%22TVshowtitle%22%3a%20%22%22%2c%20%22mediatype%22%3a%20%22movie%22%2c%20%22plot%22%3a%20%22%5bCOLOR%20aqua%5d%20%5cu05e9%5cu05d5%5cu05d3%5cu05e8%20%5cu05d1%5cu05ea%5cu05d0%5cu05e8%5cu05d9%5cu05da%2006-09-2003%5b%2fCOLOR%5d%5cnDuring%20the%20mid-22nd%20century%2c%20a%20century%20before%20Captain%20Kirk%27s%20five-year%20mission%2c%20Jonathan%20Archer%20captains%20the%20United%20Earth%20ship%20Enterprise%20during%20the%20early%20years%20of%20Starfleet%2c%20leading%20up%20to%20the%20Earth-Romulan%20War%20and%20the%20formation%20of%20the%20Federation.%22%2c%20%22OriginalTitle%22%3a%20%22Star%20Trek%3a%20Enterprise%22%2c%20%22Tag%22%3a%20%2216%22%2c%20%22year%22%3a%20%222003%22%7d&quot"/>
</include>
<include content="sessionthreecontent">
<param name="sessionthreecontentid" value="536"/>
<param name="tvshowname" value="מסע בין כוכבים אנטרפרייז"/>
<param name="networkname" value="UNKNOWN"/>
<param name="sessionthreecontent" value="plugin://plugin.video.mando/?all_w=%7b%7d&amp;data=2004&amp;dates=%20&amp;description=%5bCOLOR%20aqua%5d%20%d7%a9%d7%95%d7%93%d7%a8%20%d7%91%d7%aa%d7%90%d7%a8%d7%99%d7%9a%2028-11-2004%5b%2fCOLOR%5d%0aDuring%20the%20mid-22nd%20century%2c%20a%20century%20before%20Captain%20Kirk%27s%20five-year%20mission%2c%20Jonathan%20Archer%20captains%20the%20United%20Earth%20ship%20Enterprise%20during%20the%20early%20years%20of%20Starfleet%2c%20leading%20up%20to%20the%20Earth-Romulan%20War%20and%20the%20formation%20of%20the%20Federation.&amp;eng_name=%20&amp;episode=%20&amp;fanart=https%3a%2f%2fimage.tmdb.org%2ft%2fp%2foriginal%2f%2fx05NmXlom9ZbpYsyNR3oqlq6wcz.jpg&amp;fav_status=false&amp;heb_name=%d7%9e%d7%a1%d7%a2%20%d7%91%d7%99%d7%9f%20%d7%9b%d7%95%d7%9b%d7%91%d7%99%d7%9d%3a%20%d7%90%d7%a0%d7%98%d7%a8%d7%a4%d7%a8%d7%99%d7%99%d7%96&amp;iconimage=https%3a%2f%2fimage.tmdb.org%2ft%2fp%2foriginal%2f%2fag7kPi1ifDYHk2sUZuf72rHS9J5.jpg&amp;id=314&amp;image_master&amp;isr=0&amp;last_id&amp;mode=19&amp;name=%5bCOLOR%20white%5d%d7%a2%d7%95%d7%a0%d7%94%203%5b%2fCOLOR%5d&amp;original_title=Star%20Trek%3a%20Enterprise&amp;season=3&amp;show_original_year=2001&amp;tmdbid=73893&amp;url=https%3a%2f%2fapi.themoviedb.org%2f3%2ftv%2f314%3fapi_key%3d34142515d9d23817496eeb4ff1d223d0%26language%3den%26append_to_response%3dexternal_ids&amp;video_data=%7b%22rating%22%3a%20%220%22%2c%20%22episode%22%3a%200%2c%20%22title%22%3a%20%22%5bCOLOR%20white%5d%5cu05e2%5cu05d5%5cu05e0%5cu05d4%203%5b%2fCOLOR%5d%22%2c%20%22season%22%3a%200%2c%20%22TVshowtitle%22%3a%20%22%22%2c%20%22mediatype%22%3a%20%22movie%22%2c%20%22plot%22%3a%20%22%5bCOLOR%20aqua%5d%20%5cu05e9%5cu05d5%5cu05d3%5cu05e8%20%5cu05d1%5cu05ea%5cu05d0%5cu05e8%5cu05d9%5cu05da%2028-11-2004%5b%2fCOLOR%5d%5cnDuring%20the%20mid-22nd%20century%2c%20a%20century%20before%20Captain%20Kirk%27s%20five-year%20mission%2c%20Jonathan%20Archer%20captains%20the%20United%20Earth%20ship%20Enterprise%20during%20the%20early%20years%20of%20Starfleet%2c%20leading%20up%20to%20the%20Earth-Romulan%20War%20and%20the%20formation%20of%20the%20Federation.%22%2c%20%22OriginalTitle%22%3a%20%22Star%20Trek%3a%20Enterprise%22%2c%20%22Tag%22%3a%20%2216%22%2c%20%22year%22%3a%20%222004%22%7d&quot"/>
</include>
<include content="sessionfourcontent">
<param name="sessionfourcontentid" value="537"/>
<param name="tvshowname" value="מסע בין כוכבים אנטרפרייז"/>
<param name="networkname" value="UNKNOWN"/>
<param name="sessionfourcontent" value="plugin://plugin.video.mando/?all_w=%7b%7d&amp;data=2004&amp;dates=%20&amp;description=%5bCOLOR%20aqua%5d%20%d7%a9%d7%95%d7%93%d7%a8%20%d7%91%d7%aa%d7%90%d7%a8%d7%99%d7%9a%2008-10-2004%5b%2fCOLOR%5d%0aDuring%20the%20mid-22nd%20century%2c%20a%20century%20before%20Captain%20Kirk%27s%20five-year%20mission%2c%20Jonathan%20Archer%20captains%20the%20United%20Earth%20ship%20Enterprise%20during%20the%20early%20years%20of%20Starfleet%2c%20leading%20up%20to%20the%20Earth-Romulan%20War%20and%20the%20formation%20of%20the%20Federation.&amp;eng_name=%20&amp;episode=%20&amp;fanart=https%3a%2f%2fimage.tmdb.org%2ft%2fp%2foriginal%2f%2fx05NmXlom9ZbpYsyNR3oqlq6wcz.jpg&amp;fav_status=false&amp;heb_name=%d7%9e%d7%a1%d7%a2%20%d7%91%d7%99%d7%9f%20%d7%9b%d7%95%d7%9b%d7%91%d7%99%d7%9d%3a%20%d7%90%d7%a0%d7%98%d7%a8%d7%a4%d7%a8%d7%99%d7%99%d7%96&amp;iconimage=https%3a%2f%2fimage.tmdb.org%2ft%2fp%2foriginal%2f%2f6akvhEy1cRoQY7ocQwsmiaOTGW4.jpg&amp;id=314&amp;image_master&amp;isr=0&amp;last_id&amp;mode=19&amp;name=%5bCOLOR%20white%5d%d7%a2%d7%95%d7%a0%d7%94%204%5b%2fCOLOR%5d&amp;original_title=Star%20Trek%3a%20Enterprise&amp;season=4&amp;show_original_year=2001&amp;tmdbid=73893&amp;url=https%3a%2f%2fapi.themoviedb.org%2f3%2ftv%2f314%3fapi_key%3d34142515d9d23817496eeb4ff1d223d0%26language%3den%26append_to_response%3dexternal_ids&amp;video_data=%7b%22rating%22%3a%20%220%22%2c%20%22episode%22%3a%200%2c%20%22title%22%3a%20%22%5bCOLOR%20white%5d%5cu05e2%5cu05d5%5cu05e0%5cu05d4%204%5b%2fCOLOR%5d%22%2c%20%22season%22%3a%200%2c%20%22TVshowtitle%22%3a%20%22%22%2c%20%22mediatype%22%3a%20%22movie%22%2c%20%22plot%22%3a%20%22%5bCOLOR%20aqua%5d%20%5cu05e9%5cu05d5%5cu05d3%5cu05e8%20%5cu05d1%5cu05ea%5cu05d0%5cu05e8%5cu05d9%5cu05da%2008-10-2004%5b%2fCOLOR%5d%5cnDuring%20the%20mid-22nd%20century%2c%20a%20century%20before%20Captain%20Kirk%27s%20five-year%20mission%2c%20Jonathan%20Archer%20captains%20the%20United%20Earth%20ship%20Enterprise%20during%20the%20early%20years%20of%20Starfleet%2c%20leading%20up%20to%20the%20Earth-Romulan%20War%20and%20the%20formation%20of%20the%20Federation.%22%2c%20%22OriginalTitle%22%3a%20%22Star%20Trek%3a%20Enterprise%22%2c%20%22Tag%22%3a%20%2216%22%2c%20%22year%22%3a%20%222004%22%7d&quot"/>
</include>

<!--
<include content="epissodescontente">
<param name="episodeslistid" value="503"/>
<param name="tvshowname" value=""/>
<param name="networkname" value="UNKNOWN"/>
<param name="episodeslistcontent" value=""/>
</include>
<include content="sessiontwocontent">
<param name="sessiontwocontentid" value="504"/>
<param name="tvshowname" value=""/>
<param name="networkname" value="UNKNOWN"/>
<param name="sessiontwocontent" value=""/>
</include>
<include content="sessionthreecontent">
<param name="sessionthreecontentid" value="505"/>
<param name="tvshowname" value=""/>
<param name="networkname" value="UNKNOWN"/>
<param name="sessionthreecontent" value=""/>
</include>
<include content="sessionfourcontent">
<param name="sessionfourcontentid" value="510"/>
<param name="tvshowname" value=""/>
<param name="networkname" value="UNKNOWN"/>
<param name="sessionfourcontent" value=""/>
</include>
<include content="sessionfivecontent">
<param name="sessionfivecontentid" value="529"/>
<param name="tvshowname" value=""/>
<param name="networkname" value="UNKNOWN"/>
<param name="sessionfivecontent" value=""/>
</include>
-->

</controls>
</window>
