<?xml version="1.0" encoding="UTF-8"?>
<!-- Foundation -->
<window id="6850" type="dialog">
    <defaultcontrol always="true">35</defaultcontrol>


<controls>



<include content="yesgomoviesnotrailer">
<description>יס גו סרטים-1</description>
<param name="stringid" value="5"/>
<param name="itemidnumber" value="1"/>
<param name="yesgocontent" value="plugin://plugin.video.telemedia/?data=-1001194333743&amp;dates=%20&amp;description=%d7%92%0afrom_plot&amp;eng_name=%20&amp;episode=%20&amp;fanart&amp;fav_status=false&amp;heb_name=%20&amp;iconimage&amp;id=%20&amp;image_master&amp;isr=0&amp;last_id&amp;mode=31&amp;name=%5bCOLOR%20khaki%5d%d7%92%d7%95%d7%a1%d7%98-%d7%a1%d7%a8%d7%98%d7%99%d7%9d-%d7%99%d7%a1-%d7%92%d7%95-1%5b%2fCOLOR%5d&amp;original_title=%20&amp;season=%20&amp;show_original_year=%20&amp;tmdbid=%20&amp;url=-1001194333743&quot"/>
</include>

<description>יס-גו סרטים 2</description>
<include content="yesgomoviesnotrailer">
<param name="stringid" value="6"/>
<param name="itemidnumber" value="2"/>
<param name="yesgocontent" value="plugin://plugin.video.telemedia/?data=-1001434431506&amp;dates=%20&amp;description=%d7%92%0afrom_plot&amp;eng_name=%20&amp;episode=%20&amp;fanart&amp;fav_status=false&amp;heb_name=%20&amp;iconimage&amp;id=%20&amp;image_master&amp;isr=0&amp;last_id&amp;mode=31&amp;name=%5bCOLOR%20khaki%5d%d7%92%d7%95%d7%a1%d7%98-%d7%a1%d7%a8%d7%98%d7%99%d7%9d-%d7%99%d7%a1-%d7%92%d7%95-2%5b%2fCOLOR%5d&amp;original_title=%20&amp;season=%20&amp;show_original_year=%20&amp;tmdbid=%20&amp;url=-1001434431506&quot"/>
</include>

<description>יס גו סרטים-3</description>
<include content="yesgomoviesnotrailer">
<param name="stringid" value="7"/>
<param name="itemidnumber" value="3"/>
<param name="yesgocontent" value="plugin://plugin.video.telemedia/?data=-1001248174719&amp;dates=%20&amp;description=%d7%92%0afrom_plot&amp;eng_name=%20&amp;episode=%20&amp;fanart&amp;fav_status=false&amp;heb_name=%20&amp;iconimage&amp;id=%20&amp;image_master&amp;isr=0&amp;last_id&amp;mode=31&amp;name=%5bCOLOR%20khaki%5d%d7%92%d7%95%d7%a1%d7%98-%d7%a1%d7%a8%d7%98%d7%99%d7%9d-%d7%99%d7%a1-%d7%92%d7%95-3%5b%2fCOLOR%5d&amp;original_title=%20&amp;season=%20&amp;show_original_year=%20&amp;tmdbid=%20&amp;url=-1001248174719&quot"/>
</include>

<description>יס גו סרטים-4</description>
<include content="yesgomoviesnotrailer">
<param name="stringid" value="8"/>
<param name="itemidnumber" value="4"/>
<param name="yesgocontent" value="plugin://plugin.video.telemedia/?data=-1001290594671&amp;dates=%20&amp;description=%d7%92%d7%95%d7%a1%d7%98-%d7%a1%d7%a8%d7%98%d7%99%d7%9d-%d7%99%d7%a1-%d7%92%d7%95-4%0afrom_plot&amp;eng_name=%20&amp;episode=%20&amp;fanart&amp;fav_status=false&amp;heb_name=%20&amp;iconimage&amp;id=%20&amp;image_master&amp;isr=0&amp;last_id&amp;mode=31&amp;name=%5bCOLOR%20khaki%5d%d7%92%d7%95%d7%a1%d7%98-%d7%a1%d7%a8%d7%98%d7%99%d7%9d-%d7%99%d7%a1-%d7%92%d7%95-4%5b%2fCOLOR%5d&amp;original_title=%20&amp;season=%20&amp;show_original_year=%20&amp;tmdbid=%20&amp;url=-1001290594671&quot"/>
</include>

<control type="group">
<control type="multiimage">
<posx>1635</posx>
<posy>870</posy>
<width>280</width>
<height>150</height>
<imagepath>special://skin/extras/test/C7KDiR8.png</imagepath>
</control>
</control>
<control type="list" id="35">
<posx>1600</posx>
<posy>800</posy>
<width>550</width>
<height>650</height>
<onright condition="Container(35).HasFocus(1)">Control.SetFocus(5)</onright>
<onright condition="Container(35).HasFocus(2)">Control.SetFocus(6)</onright>
<onright condition="Container(35).HasFocus(3)">Control.SetFocus(7)</onright>
<onright condition="Container(35).HasFocus(4)">Control.SetFocus(8)</onright>
<onleft condition="Container(35).HasFocus(1)">Control.SetFocus(5)</onleft>
<onleft condition="Container(35).HasFocus(2)">Control.SetFocus(6)</onleft>
<onleft condition="Container(35).HasFocus(3)">Control.SetFocus(7)</onleft>
<onleft condition="Container(35).HasFocus(4)">Control.SetFocus(8)</onleft>
<onback>Dialog.Close(6837)</onback>
<orientation>vertical</orientation>
<scrolltime tween="sine" easing="inout">350</scrolltime>
<itemlayout width="150" height="340">
<control type="label">
<posx>180</posx>
<posy>120</posy>
<width>200</width>
<height>40</height>
<align>center</align>
<textcolor>white</textcolor>
<label>$INFO[ListItem.Label]</label>
</control>
<control type="label">
<posx>120</posx>
<posy>170</posy>
<width>200</width>
<height>40</height>
<align>center</align>
<textcolor>white</textcolor>
<label>$INFO[ListItem.Label2]</label>
</control>
</itemlayout>
<focusedlayout width="150" height="340">
<control type="label">
<animation condition="Control.HasFocus(35)" effect="fade" start="0" end="100" time="1100" pulse="true">Conditional</animation>
<posx>180</posx>
<posy>120</posy>
<width>150</width>
<height>40</height>
<align>center</align>
<textcolor>white</textcolor>
<label>[B]$INFO[ListItem.Label][/B]</label>
</control>
<control type="label">
<visible>!control.hasfocus(35)</visible>
<posx>120</posx>
<posy>170</posy>
<width>200</width>
<height>40</height>
<align>center</align>
<textcolor>white</textcolor>
<label>$INFO[ListItem.Label2]</label>
</control>
<control type="label">
<visible>control.hasfocus(35)</visible>
<posx>120</posx>
<posy>170</posy>
<width>200</width>
<height>40</height>
<align>center</align>
<textcolor>yellow</textcolor>
<label>$INFO[ListItem.Label2]</label>
</control>
</focusedlayout>
<content>
<item id="1">
<label>-1-</label>
<label2>yes1</label2>
<onclick>Control.SetFocus(5)</onclick>

</item>
<item id="2">
<label>-2-</label>
<label2>yes2</label2>
<onclick>Control.SetFocus(6)</onclick>
</item>

<item id="3">
<label>-3-</label>
<label2>yes3</label2>
<onclick>Control.SetFocus(7)</onclick>
</item>

<item id="4">
<label>-4-</label>
<label2>yes4</label2>
<onclick>Control.SetFocus(8)</onclick>
</item>
</content>
</control>

</controls>
</window>
