<?xml version="1.0" encoding="UTF-8"?>
<!-- Foundation -->
<window id="6945" type="dialog">
    <defaultcontrol always="true">5</defaultcontrol>
<controls>




<control type="image">
<posx>0</posx>
<posy>0</posy>
<width>1920</width>
<height>1080</height>
<texture>black.png</texture>
</control>

<control type="label">
<animation condition="!Integer.IsGreater(Container(500).NumItems,0)" effect="fade" start="0" end="100" time="1100" pulse="true">Conditional</animation>
<visible>!Integer.IsGreater(Container(500).NumItems,0)</visible>
<posx>500</posx>
<posy>500</posy>
<width>500</width>
<label>טוען סרטים נטפליקס.....</label>
</control>

<include content="moviebetflixdesign">
<param name="stringid" value="500"/>
<param name="itemnumber" value="1"/>
<param name="sortby" value="random"/>
<param name="sortorder" value="random"/>
<param name="content" value="plugin://plugin.video.thecrew/?action=movies&amp;url=https%3a%2f%2fapi.trakt.tv%2fusers%2fme%2flists%2fforthenetflixview%2fitems&quot"/>
</include>

<include content="moviebetflixdesign">
<param name="stringid" value="501"/>
<param name="itemnumber" value="2"/>
<param name="sortby" value="random"/>
<param name="sortorder" value="random"/>
<param name="content" value="plugin://plugin.video.thecrew/?action=movies&amp;url=https%3a%2f%2fapi.trakt.tv%2fusers%2fme%2flists%2fdocunetflixmovies%2fitems&quot"/>
</include>


<control type="label">
<animation condition="!Control.HasFocus(5)" effect="slide" start="0,0" end="-1500,0" time="450" tween="sine" easing="inout">Conditional</animation>
<posx>60</posx>
<posy>438</posy>
<width>500</width>
<font>font30_title</font>
<label>[B]תפריט[/B]</label>
</control>

<control type="image">
<visible>Integer.IsGreater(Container(500).NumItems,0)</visible>
<posx>1860</posx>
<posy>220</posy>
<width>35</width>
<height>35</height>
<texture>special://skin/extras/test/netflixlogo.png</texture>
</control>

<control type="label">
<visible>Integer.IsGreater(Container(500).NumItems,0)</visible>
<posx>1810</posx>
<posy>218</posy>
<width>500</width>
<label>[B]סרט[/B]</label>
</control>


<control type="list" id="5">
<animation condition="Control.HasFocus(5)" effect="slide" start="0,0" end="500,0" time="450" tween="sine" easing="inout">Conditional</animation>
<posx>-500</posx>
<posy>500</posy>
<width>800</width>
<height>100</height>
<onright condition="Container(5).HasFocus(1)">500</onright>
<onright condition="Container(5).HasFocus(2)">501</onright>
<orientation>vertical</orientation>
<itemlayout width="100" height="50">
<control type="image">
<posx>15</posx>
<posy>10</posy>
<width>200</width>
<height>40</height>
<bordertexture colordiffuse="gray">white.png</bordertexture>
<bordersize>1</bordersize>
<texture colordiffuse="black">white.png</texture>
</control>
<control type="label">
<posx>10</posx>
<posy>5</posy>
<width>200</width>
<height>50</height>
<align>center</align>
<label>$INFO[ListItem.Label]</label>
</control>
</itemlayout>
<focusedlayout width="100" height="50">
<control type="image">
<posx>15</posx>
<posy>10</posy>
<width>200</width>
<height>40</height>
<bordertexture colordiffuse="gray">white.png</bordertexture>
<bordersize>1</bordersize>
<texture colordiffuse="black">white.png</texture>
</control>
<control type="image">
<posx>0</posx>
<posy>5</posy>
<width>235</width>
<height>50</height>
<texture>special://skin/extras/common/roundedbutton-nofocus-red.png</texture>
</control>
<control type="label">
<posx>10</posx>
<posy>5</posy>
<width>200</width>
<height>50</height>
<align>center</align>
<label>$INFO[ListItem.Label]</label>
</control>
</focusedlayout>
<content>
<item id="1">
<label>סרטים 1</label>
<onclick>Control.SetFocus(500)</onclick>
</item>
<item id="2">
<label>דוקומנטרי</label>
<onclick>Control.SetFocus(501)</onclick>
</item>
</content>
</control>

</controls>
</window>
