<?xml version="1.0" encoding="UTF-8"?>
<!-- Foundation -->
<window id="6723" type="dialog">
    <defaultcontrol always="true">2164</defaultcontrol>
<controls>


<control type="group">
<animation effect="fade" time="450">VisibleChange</animation>
<control type="image">
<posx>0</posx>
<posy>0</posy>
<width>1920</width>
<height>1080</height>
<texture colordiffuse="black">black.png</texture>
</control>



<control type="image">
<posx>40</posx>
<posy>160</posy>
<width>600</width>
<height>60</height>
<texture colordiffuse="deepskyblue">white.png</texture>
</control>

<control type="image">
<posx>40</posx>
<posy>400</posy>
<width>600</width>
<height>60</height>
<texture colordiffuse="deepskyblue">white.png</texture>
</control>
<control type="image">
<posx>40</posx>
<posy>565</posy>
<width>600</width>
<height>60</height>
<texture colordiffuse="deepskyblue">white.png</texture>
</control>
</control>

<control type="image">
<posx>1670</posx>
<posy>800</posy>
<width>60</width>
<height>50</height>
<texture>special://skin/extras/arrows/arrow-142-512.png</texture>
<aspectratio>keep</aspectratio>
</control>

<control type="image">
<posx>1670</posx>
<posy>1030</posy>
<width>80</width>
<height>50</height>
<texture>special://skin/extras/arrows/arrow-204-512.png</texture>
<aspectratio>keep</aspectratio>
</control>

<control type="label">
<posx>285</posx>
<posy>155</posy>
<width>200</width>
<height>100</height>
<label>[B]תקציר[/B]</label>
<font>font-32</font>
<textcolor>white</textcolor>
</control>

<control type="label">
<posx>240</posx>
<posy>395</posy>
<width>400</width>
<height>100</height>
<label>[B]מידע נוסף[/B]</label>
<font>font-32</font>
</control>
	
<include content="extraspowerserias">
<param name="id" value="1"/>
<param name="stringcompareid" value="1"/>
<param name="textboxinfo" value="סדרת טבע בת 11 פרקים בהפקת BBC, מצולמים ברזולוציה גבוהה ובאמצעים טכנולוגיים פורצי-דרך. מראותיו המרהיבים של כדור-הארץ נפרשים לעינינו כפי שלא נראו מעולם - נופי-בראשית קסומים ויצורים שלא צולמו בטבע עד עתה.
סרטי הסדרה צולמו במשך 4 שנים תמימות בידי מיטב צלמי הטבע, שנדדו ברחבי העולם והגיעו גם למקומות שרגל אנוש לא דרכה בהם - נהרות שוצפים, גיאיות עמוקים, פסגות נישאות, מעמקי-מערות, מדבריות-ענק ועוד. דמיינו את מדבר גובי מכוסה שלג, את הנוף הנראה ממרומי מפלי אנחל שבוונצואלה, נדידות-ענק של בעלי-חיים ובעלי-כנף, סופות חול ועוד...
ומפליא מכול, המראות עוצרי-הנשימה מוכיחים כי חלק גדול מכדור-הארץ שלנו טרם נחשף לעינינו עד כה."/>
<param name="genreid" value="דוקומנטרי"/>
<param name="yearid" value="2006"/>
<param name="posxid" value="320"/>
<param name="posyid" value="880"/>
<param name="bigfanart" value="https://image.tmdb.org/t/p/original/8nf5uN54i4hOdEY7HWlEFKLvzuw.jpg"/>
<param name="clearlogo" value="https://fanart.tv/fanart/tv/79257/clearlogo/planetearth-79257-2.png"/>
<param name="yescontent" value="plugin://plugin.video.sdarot.tv/season/730/1/%D7%A2%D7%95%D7%9C%D7%9D+%D7%9E%D7%95%D7%A4%D7%9C%D7%90/Planet+Earth&quot"/>
</include>


<include content="unextraspowerserias">
<param name="unid" value="2"/>
<param name="unstringcompareid" value="2"/>
<param name="untextboxinfo" value="חיילת בשם אדורה מוצאת חרב קסומה – ואת זהותה כגיבורה האגדית שי-רה. היא מצטרפת למרד, אבל חברתה הטובה ביותר נשארת נאמנה לשבט הרשע."/>
<param name="ungenreid" value="דוקומנטרי"/>
<param name="unyearid" value="2016"/>
<param name="unposxid" value="320"/>
<param name="unposyid" value="880"/>
<param name="unbigfanart" value="https://images-na.ssl-images-amazon.com/images/I/91kYTDgknHL._SL1500_.jpg"/>
<param name="unclearlogo" value="https://fanart.tv/fanart/tv/318408/hdtvlogo/planet-earth-ii-58267db3389a9.png"/>
<param name="unyescontent" value="plugin://plugin.video.sdarot.tv/season/2599/1/%D7%A2%D7%95%D7%9C%D7%9D+%D7%9E%D7%95%D7%A4%D7%9C%D7%90+2/Planet+Earth+II&quot"/>
</include>

<include content="extraspowerserias">
<param name="id" value="3"/>
<param name="stringcompareid" value="3"/>
<param name="textboxinfo" value="סדרה של הבי.בי.סי.
במרחבי האוקיינוס השקט, יש גן עדן שאין דומה לו. באיים הגעשיים הקסומים, איי גלפאגוס, החיים מתנהלים בבידוד מוחלט משאר העולם. התוצאה: ארץ פלאות ביולוגית של תגליות מפתיעות.
200 שנה אחרי שצ'ארלס דארווין דרך בראשונה על איי גלפאגוס, דיוויד אטנבורו נוסע אל קבוצת-האיים הפראית והמסתורית הזאת. כאן, בין הצמחים ובעלי החיים שבאיים, גיבש דארווין את התיאוריה המהפכנית שלו בדבר האבולוציה והבררה הטבעית. המדענים של ימינו ממשיכים לגלות תגליות מפתיעות במסגרת מחקריהם על ההיסטוריה האבולוציונית של האיים. ובזכות אטנבורו, גם לנו, הצופים, מתאפשר מבט ייחודי, ומקרוב, על האיים הקסומים הללו. בין היתר, איי גלפאגוס הם ביתם של צבי גלפאגוס העצומים, המצויים בסכנת הכחדה."/>
<param name="genreid" value="דוקומנטרי"/>
<param name="yearid" value="2013"/>
<param name="posxid" value="320"/>
<param name="posyid" value="880"/>
<param name="bigfanart" value="https://images-na.ssl-images-amazon.com/images/I/91ZkqIpZA1L._SL1500_.jpg"/>
<param name="clearlogo" value="https://fanart.tv/fanart/tv/265373/hdtvlogo/galapagos-with-david-attenborough-52509b6340a38.png"/>
<param name="yescontent" value="plugin://plugin.video.sdarot.tv/season/1130/1/%D7%90%D7%99%D7%99+%D7%92%D7%9C%D7%90%D7%A4%D7%92%D7%95%D7%A1/Galapagos&quot"/>
</include>


<include content="extraspowerserias">
<param name="id" value="4"/>
<param name="stringcompareid" value="4"/>
<param name="textboxinfo" value="הכוכב הכחול היא הסדרה הראשונה העוסקת באופן מקיף וממצה בתולדות האוקיינוסים. התמונות המדהימות של הסיפור הימי הזה חושפות את הים במצבו המפחיד, אך גם המושך ביותר. התמונות מגלות כמה מסודותיו הכמוסים ביתר של הים. היכנסו לעולם של יופי עוצר נשימה וגלו זנים חדשים, בקרו במקומות שטרם נראו, והיו עדים לסיפורי הישרדות שטרם תועדו במצלמה. חוויית הצפייה בדי-וי-די מתעצמת בזכות האיכות הטכנית של הסדרה ובזכות איכות הקול. פס-הקול המשובח הולחן בידי המלחין עטור הפרסים ג'ורג' פנטון."/>
<param name="genreid" value="דוקומנטרי"/>
<param name="yearid" value="2001"/>
<param name="posxid" value="320"/>
<param name="posyid" value="880"/>
<param name="bigfanart" value="https://image.tmdb.org/t/p/w780/wR0Obs4NKr27uPz0rqFdAtSUSfI.jpg"/>
<param name="clearlogo" value="https://fanart.tv/fanart/tv/74372/clearlogo/TheBluePlanet-74372.png"/>
<param name="yescontent" value="plugin://plugin.video.sdarot.tv/season/814/1/%D7%94%D7%9B%D7%95%D7%9B%D7%91+%D7%94%D7%9B%D7%97%D7%95%D7%9C/The+Blue+Planet&quot"/>
</include>

<include content="extraspowerserias">
<param name="id" value="5"/>
<param name="stringcompareid" value="5"/>
<param name="textboxinfo" value="הכוכב הכחול II היא סדרת טבע דוקומנטרית בהפקת BBC וכמו קודמתה מ-2001, מוגשת בידי אגדת הטלויזיה, סר דייויד אטנבורו, המציג שלל יצורים מופלאים, חלקם עוד לא תועדו מעולם. הצילומים ארכו מעל ארבע שנים, הצריכו 125 מסעות ב-39 ארצות והפיקו יותר מ-6000 שעות צילומים תת מימיים מרהיבים במהלך מעל 4000 צלילות. שיר הנושא בוצע על ידי להקת רדיוהד בליווי תזמורת ה-BBC."/>
<param name="genreid" value="דוקומנטרי"/>
<param name="yearid" value="2017"/>
<param name="posxid" value="320"/>
<param name="posyid" value="880"/>
<param name="bigfanart" value="https://images-na.ssl-images-amazon.com/images/I/71DwnJCz4QL._RI_.jpg"/>
<param name="clearlogo" value="https://fanart.tv/fanart/tv/330942/hdclearart/blue-planet-ii-5ab3c29894674.png"/>
<param name="yescontent" value="plugin://plugin.video.sdarot.tv/season/3131/1/%D7%94%D7%9B%D7%95%D7%9B%D7%91+%D7%94%D7%9B%D7%97%D7%95%D7%9C+II/Blue+Planet+II&quot"/>
</include>

<include content="extraspowerserias">
<param name="id" value="6"/>
<param name="stringcompareid" value="6"/>
<param name="textboxinfo" value="סדרה מבית ה-BBC החוקרת את מגוון המערכות האקולוגיות המצויות באוקיינוס הגדול ביותר בעולם, האוקיינוס השקט. עצום באופן בלתי נתפס, הוא מכיל 99 אחוז מים ורק אחוז 1 של אדמה, ניתן להכניס בו את כל יבשות העולם ועדיין יהיה לו מקום ליבשת נוספת כמו אפריקה."/>
<param name="genreid" value="דוקומנטרי"/>
<param name="yearid" value="2009"/>
<param name="posxid" value="320"/>
<param name="posyid" value="880"/>
<param name="bigfanart" value="https://i.ytimg.com/sh/IGl4UgZzV_ZA3Iepb6ySLA/market.jpg"/>
<param name="yescontent" value="plugin://plugin.video.sdarot.tv/season/944/1/%D7%93%D7%A8%D7%95%D7%9D+%D7%94%D7%90%D7%95%D7%A7%D7%99%D7%90%D7%A0%D7%95%D7%A1+%D7%94%D7%A9%D7%A7%D7%98/South+Pacific&quot"/>
</include>


<control type="image">
<posx>1300</posx>
<posy>300</posy>
<width>150</width>
<height>150</height>
<texture>special://skin/extras/arrows/play-3-512.png</texture>
</control>

				<control type="grouplist" id="2164">
				<posx>1500</posx>
				<posy>860</posy>
				<width>400</width>
				<height>150</height>
				<itemgap>0</itemgap>
				<focusposition>2</focusposition>
				 <scrolltime tween="cubic" easing="inout">350</scrolltime>
				<orientation>vertical</orientation>
					<control type="button" id="94">
					<label>עולם מופלא</label>
					<animation effect="zoom" center="auto" time="50" start="100,100" end="120,120">Focus</animation>
					<texturefocus colordiffuse="black" border="8,8,8,8">white.png</texturefocus>
					<textcolor>white</textcolor>
					<focusedcolor>deeppink</focusedcolor>
					<width>409</width>
					<height>56</height>
					<align>center</align>
					<font>Font-Header-Bold-addline</font>
					<textcolor>FF999999</textcolor>
					<focusedcolor>FFFFFFFF</focusedcolor>
					<textoffsetx>5</textoffsetx>
					<radioposx>5</radioposx>
					<radiowidth>32</radiowidth>
					<radioheight>32</radioheight>
					<onleft>1</onleft>
					<onclick>setfocus(1)</onclick>
					<onfocus>Skin.SetString(Section,1)</onfocus>
				</control>
					<control type="button" id="95">
					<label>עולם מופלא 2</label>
					<animation effect="zoom" center="auto" time="50" start="100,100" end="120,120">Focus</animation>
					<texturefocus colordiffuse="black" border="8,8,8,8">white.png</texturefocus>
					<textcolor>white</textcolor>
					<focusedcolor>deeppink</focusedcolor>
					<width>409</width>
					<height>56</height>
					<align>center</align>
					<font>Font-Header-Bold-addline</font>
					<textcolor>FF999999</textcolor>
					<focusedcolor>FFFFFFFF</focusedcolor>
					<textoffsetx>5</textoffsetx>
					<radioposx>5</radioposx>
					<radiowidth>32</radiowidth>
					<radioheight>32</radioheight>
					<onleft>2</onleft>
					<onclick>setfocus(2)</onclick>
					<onfocus>Skin.SetString(Section,2)</onfocus>
				</control>
				<control type="button" id="96">
					<label>איי גלאפגוס</label>
					<animation effect="zoom" center="auto" time="50" start="100,100" end="120,120">Focus</animation>
					<texturefocus colordiffuse="black" border="8,8,8,8">white.png</texturefocus>
					<textcolor>white</textcolor>
					<focusedcolor>deeppink</focusedcolor>
					<width>409</width>
					<height>56</height>
					<align>center</align>
					<font>Font-Header-Bold-addline</font>
					<textcolor>FF999999</textcolor>
					<focusedcolor>FFFFFFFF</focusedcolor>
					<textoffsetx>5</textoffsetx>
					<radioposx>5</radioposx>
					<radiowidth>32</radiowidth>
					<radioheight>32</radioheight>
					<onleft>3</onleft>
					<onclick>setfocus(3)</onclick>
					<onfocus>Skin.SetString(Section,3)</onfocus>
				</control>
				<control type="button" id="97">
					<label>הכוכב הכחול</label>
					<animation effect="zoom" center="auto" time="50" start="100,100" end="120,120">Focus</animation>
					<texturefocus colordiffuse="black" border="8,8,8,8">white.png</texturefocus>
					<textcolor>white</textcolor>
					<focusedcolor>deeppink</focusedcolor>
					<width>409</width>
					<height>56</height>
					<align>center</align>
					<font>Font-Header-Bold-addline</font>
					<textcolor>FF999999</textcolor>
					<focusedcolor>FFFFFFFF</focusedcolor>
					<textoffsetx>5</textoffsetx>
					<radioposx>5</radioposx>
					<radiowidth>32</radiowidth>
					<radioheight>32</radioheight>
					<onleft>4</onleft>
					<onclick>setfocus(4)</onclick>
					<onfocus>Skin.SetString(Section,4)</onfocus>
				</control>
				<control type="button" id="98">
					<label>II הכוכב הכחול</label>
					<animation effect="zoom" center="auto" time="50" start="100,100" end="120,120">Focus</animation>
					<texturefocus colordiffuse="black" border="8,8,8,8">white.png</texturefocus>
					<textcolor>white</textcolor>
					<focusedcolor>deeppink</focusedcolor>
					<width>409</width>
					<height>56</height>
					<align>center</align>
					<font>Font-Header-Bold-addline</font>
					<textcolor>FF999999</textcolor>
					<focusedcolor>FFFFFFFF</focusedcolor>
					<textoffsetx>5</textoffsetx>
					<radioposx>5</radioposx>
					<radiowidth>32</radiowidth>
					<radioheight>32</radioheight>
					<onleft>5</onleft>
					<onclick>setfocus(5)</onclick>
					<onfocus>Skin.SetString(Section,5)</onfocus>
				</control>
				<control type="button" id="99">
					<label>דרום האוקיאנוס השקט</label>
					<animation effect="zoom" center="auto" time="50" start="100,100" end="120,120">Focus</animation>
					<texturefocus colordiffuse="black" border="8,8,8,8">white.png</texturefocus>
					<textcolor>white</textcolor>
					<focusedcolor>deeppink</focusedcolor>
					<width>409</width>
					<height>56</height>
					<align>center</align>
					<font>Font-Header-Bold-addline</font>
					<textcolor>FF999999</textcolor>
					<focusedcolor>FFFFFFFF</focusedcolor>
					<textoffsetx>5</textoffsetx>
					<radioposx>5</radioposx>
					<radiowidth>32</radiowidth>
					<radioheight>32</radioheight>
					<onleft>6</onleft>
					<onclick>setfocus(6)</onclick>
					<onfocus>Skin.SetString(Section,6)</onfocus>
				</control>
				</control>	
   </controls>
</window>
