<?xml version="1.0" encoding="UTF-8"?>
<!-- Foundation -->
<window id="6943" type="dialog">
    <defaultcontrol always="true">35</defaultcontrol>


<controls>

<control type="group">
<animation type="WindowOpen">
<effect type="slide" start="0,0" end="0,-1000" time="350" tween="sine" easing="inout"/>
</animation>
<posy>1730</posy>
<control type="image">
<posx>0</posx>
<posy>0</posy>
<width>1920</width>
<height>350</height>
<texture>black.png</texture>
<colordiffuse>77000000</colordiffuse>
</control>
<control type="image">
<posx>350</posx>
<posy>0</posy>
<width>1000</width>
<height>350</height>
<texture>black.png</texture>
</control>
<control type="image">
<posx>1740</posx>
<posy>0</posy>
<width>220</width>
<height>450</height>
<texture>black.png</texture>
</control>
<control type="group">
<posy>140</posy>
<control type="image">
<posx>1350</posx>
<posy>0</posy>
<width>65</width>
<height>65</height>
<aspectratio>keep</aspectratio>
<texture colordiffuse="deepskyblue">special://skin/extras/arrows/arrow-25-xxl.png</texture>
</control>
<control type="image">
<posx>280</posx>
<posy>0</posy>
<width>65</width>
<height>65</height>
<aspectratio>keep</aspectratio>
<texture flipx="true" colordiffuse="deepskyblue">special://skin/extras/arrows/arrow-25-xxl.png</texture>
</control>
</control>
<control type="image">
<posx>1820</posx>
<posy>0</posy>
<width>65</width>
<height>65</height>
<aspectratio>keep</aspectratio>
<texture colordiffuse="deepskyblue">special://skin/extras/arrows/arrowup.png</texture>
</control>
<control type="image">
<posx>1820</posx>
<posy>300</posy>
<width>65</width>
<height>65</height>
<aspectratio>keep</aspectratio>
<texture colordiffuse="deepskyblue">special://skin/extras/arrows/arrowdown.png</texture>
</control>
</control>

<control type="image">
<posx>1770</posx>
<posy>820</posy>
<width>150</width>
<height>40</height>
<texture>special://skin/extras/test/Ghost.jpg</texture>
</control>

<!--קשת-->
<control type="group">
<posy>50</posy>
<include content="newtvshows">
<param name="baseid" value="5"/>
<param name="listid" value="35"/>
<param name="listidfocus" value="1"/>
<param name="sortby" value="random"/>
<param name="sortorder" value="random"/>
<param name="basecontent" value="plugin://plugin.audio.My.Music/?cat_level=%20&amp;count=0&amp;description=%20Music%20in%20categories%2024-7%20&amp;fanart=https%3a%2f%2fi.ytimg.com%2fvi%2fW7c9SfSdXRA%2fmaxresdefault.jpg&amp;iconimage=https%3a%2f%2fpbs.twimg.com%2fprofile_images%2f974265887384657921%2futXy1ElP_400x400.jpg&amp;index_depth=0&amp;lang=eng&amp;mode=5&amp;name=%d7%a7%d7%a9%d7%aa&amp;page&amp;selected_list=%20&amp;url=%d7%a2%d7%99%d7%93%d7%9f%20%d7%a4%d7%9c%d7%95%d7%a1%d7%a7%d7%a9%d7%aa&quot"/>
</include>
<!--קשת-->


<!--רשת-->
<include content="newtvshows">
<param name="baseid" value="6"/>
<param name="listid" value="35"/>
<param name="listidfocus" value="2"/>
<param name="sortby" value="random"/>
<param name="sortorder" value="random"/>
<param name="basecontent" value="plugin://plugin.audio.My.Music/?cat_level=%20&amp;count=0&amp;description=%20Music%20in%20categories%2024-7%20&amp;fanart=https%3a%2f%2fi.ytimg.com%2fvi%2fW7c9SfSdXRA%2fmaxresdefault.jpg&amp;iconimage=https%3a%2f%2fpbs.twimg.com%2fprofile_images%2f974265887384657921%2futXy1ElP_400x400.jpg&amp;index_depth=0&amp;lang=eng&amp;mode=5&amp;name=%d7%a8%d7%a9%d7%aa&amp;page&amp;selected_list=%20&amp;url=%d7%a2%d7%99%d7%93%d7%9f%20%d7%a4%d7%9c%d7%95%d7%a1%d7%a8%d7%a9%d7%aa&quot"/>
</include>
<!--רשת-->

<!--כאן11-->
<include content="newtvshows">
<param name="baseid" value="7"/>
<param name="listid" value="35"/>
<param name="listidfocus" value="3"/>
<param name="sortby" value="random"/>
<param name="sortorder" value="random"/>
<param name="basecontent" value="plugin://plugin.audio.My.Music/?cat_level=%20&amp;count=0&amp;description=%20Music%20in%20categories%2024-7%20&amp;fanart=https%3a%2f%2fi.ytimg.com%2fvi%2fW7c9SfSdXRA%2fmaxresdefault.jpg&amp;iconimage=https%3a%2f%2fpbs.twimg.com%2fprofile_images%2f974265887384657921%2futXy1ElP_400x400.jpg&amp;index_depth=0&amp;lang=eng&amp;mode=5&amp;name=%d7%9b%d7%90%d7%9f%2011&amp;page&amp;selected_list=%20&amp;url=%d7%a2%d7%99%d7%93%d7%9f%20%d7%a4%d7%9c%d7%95%d7%a1%d7%9b%d7%90%d7%9f%2011&quot"/>
</include>
<!--כאן11-->

<!--קשת-->
<include content="baseepisods">
<param name="baseid" value="5"/>
<param name="labelname" value="בית ספר למוסיקה"/>
<param name="baseeipisod" value="500"/>
<param name="networkname" value="KESHET"/>
<param name="networkcolor" value="red"/>
<param name="onup" value="5"/>
<param name="onback" value="5"/>
<param name="notvisible" value="![control.hasfocus(6) | control.hasfocus(7) | Container(35).HasFocus(2) | Container(35).HasFocus(3)]"/>
<param name="baseepisodcontent" value="plugin://plugin.video.idanplus/?iconimage=https%253A%252F%252Fimg.mako.co.il%252F2020%252F07%252F01%252FMUSIC-SCHOOL-2020-I.JPG&amp;mode=3&amp;module=keshet&amp;moredata&amp;name=%5bCOLOR%20burlywood%5d%5bB%5d%d7%a2%d7%95%d7%a0%d7%94%204%5b%2fB%5d%5b%2fCOLOR%5d&amp;url=http%253A%252F%252Fwww.mako.co.il%252Fmako-vod-keshet%252Fmusic-school-s4&quot"/>
</include>

<include content="baseepisods">
<param name="baseid" value="5"/>
<param name="labelname" value="אחד למיליון"/>
<param name="baseeipisod" value="501"/>
<param name="networkname" value="KESHET"/>
<param name="networkcolor" value="red"/>
<param name="onup" value="5"/>
<param name="onback" value="5"/>
<param name="notvisible" value="![control.hasfocus(6) | control.hasfocus(7) | Container(35).HasFocus(2) | Container(35).HasFocus(3)]"/>
<param name="baseepisodcontent" value="plugin://plugin.video.idanplus/?iconimage=https%253A%252F%252Fimg.mako.co.il%252F2018%252F05%252F01%252Fi-pic-plus-logo.png&amp;mode=3&amp;module=keshet&amp;moredata&amp;name=%5bCOLOR%20burlywood%5d%5bB%5d%d7%a2%d7%95%d7%a0%d7%94%202%5b%2fB%5d%5b%2fCOLOR%5d&amp;url=http%253A%252F%252Fwww.mako.co.il%252Fmako-vod-keshet%252Fone_in_a_milion-s2&quot"/>
</include>

<include content="baseepisods">
<param name="baseid" value="5"/>
<param name="labelname" value="המטבח המנצח"/>
<param name="baseeipisod" value="502"/>
<param name="networkname" value="KESHET"/>
<param name="networkcolor" value="red"/>
<param name="onup" value="5"/>
<param name="onback" value="5"/>
<param name="notvisible" value="![control.hasfocus(6) | control.hasfocus(7) | Container(35).HasFocus(2) | Container(35).HasFocus(3)]"/>
<param name="baseepisodcontent" value="plugin://plugin.video.idanplus/?iconimage=https%253A%252F%252Fimg.mako.co.il%252F2018%252F10%252F11%252Fi-pic-plus-logo-new.jpg&amp;mode=3&amp;module=keshet&amp;moredata&amp;name=%5bCOLOR%20burlywood%5d%5bB%5d%d7%a2%d7%95%d7%a0%d7%94%202%5b%2fB%5d%5b%2fCOLOR%5d&amp;url=http%253A%252F%252Fwww.mako.co.il%252Fmako-vod-keshet%252Fmkr_israel-s2&quot"/>
</include>

<include content="baseepisods">
<param name="baseid" value="5"/>
<param name="labelname" value="ערב טוב גיא פינס"/>
<param name="baseeipisod" value="503"/>
<param name="networkname" value="KESHET"/>
<param name="networkcolor" value="red"/>
<param name="onup" value="5"/>
<param name="onback" value="5"/>
<param name="notvisible" value="![control.hasfocus(6) | control.hasfocus(7) | Container(35).HasFocus(2) | Container(35).HasFocus(3)]"/>
<param name="baseepisodcontent" value="plugin://plugin.video.idanplus/?iconimage=https%253A%252F%252Fimg.mako.co.il%252F2018%252F12%252F25%252FHD-erev-tov-1-9_b.jpg&amp;mode=3&amp;module=keshet&amp;moredata&amp;name=%5bCOLOR%20burlywood%5d%5bB%5d%d7%a2%d7%95%d7%a0%d7%94%203%5b%2fB%5d%5b%2fCOLOR%5d&amp;url=http%253A%252F%252Fwww.mako.co.il%252Fmako-vod-keshet%252Fgood-evening-with-guy-pines-s3&quot"/>
</include>

<include content="baseepisods">
<param name="baseid" value="5"/>
<param name="labelname" value="חדשות הבוקר עם ניב רסקין"/>
<param name="baseeipisod" value="504"/>
<param name="networkname" value="KESHET"/>
<param name="networkcolor" value="red"/>
<param name="onup" value="5"/>
<param name="onback" value="5"/>
<param name="notvisible" value="![control.hasfocus(6) | control.hasfocus(7) | Container(35).HasFocus(2) | Container(35).HasFocus(3)]"/>
<param name="baseepisodcontent" value="plugin://plugin.video.idanplus/?iconimage=https%253A%252F%252Fimg.mako.co.il%252F2020%252F07%252F14%252Fniv-raskin-yahatz-3-%2525281%252529.jpg&amp;mode=3&amp;module=keshet&amp;moredata&amp;name=%5bCOLOR%20burlywood%5d%5bB%5d2020%5b%2fB%5d%5b%2fCOLOR%5d&amp;url=http%253A%252F%252Fwww.mako.co.il%252Fmako-vod-keshet%252Fmorning_news-2020&quot"/>
</include>

<include content="baseepisods">
<param name="baseid" value="5"/>
<param name="labelname" value="חי בלילה עם נדב בורנשטיין"/>
<param name="baseeipisod" value="505"/>
<param name="networkname" value="KESHET"/>
<param name="networkcolor" value="red"/>
<param name="onup" value="5"/>
<param name="onback" value="5"/>
<param name="notvisible" value="![control.hasfocus(6) | control.hasfocus(7) | Container(35).HasFocus(2) | Container(35).HasFocus(3)]"/>
<param name="baseepisodcontent" value="plugin://plugin.video.idanplus/?iconimage=https%253A%252F%252Fimg.mako.co.il%252F2016%252F09%252F22%252Fhay_balalya.jpg&amp;mode=3&amp;module=keshet&amp;moredata&amp;name=%5bCOLOR%20burlywood%5d%5bB%5d%d7%a2%d7%95%d7%a0%d7%94%2012%5b%2fB%5d%5b%2fCOLOR%5d&amp;url=http%253A%252F%252Fwww.mako.co.il%252Fmako-vod-keshet%252Flive-at-night-s12&quot"/>
</include>

<include content="baseepisods">
<param name="baseid" value="5"/>
<param name="labelname" value="סברי מרנן"/>
<param name="baseeipisod" value="506"/>
<param name="networkname" value="KESHET"/>
<param name="networkcolor" value="red"/>
<param name="onup" value="5"/>
<param name="onback" value="5"/>
<param name="notvisible" value="![control.hasfocus(6) | control.hasfocus(7) | Container(35).HasFocus(2) | Container(35).HasFocus(3)]"/>
<param name="baseepisodcontent" value="plugin://plugin.video.idanplus/?iconimage=https%253A%252F%252Fimg.mako.co.il%252F2017%252F11%252F02%252Fi-pic-plus-logo.jpg&amp;mode=3&amp;module=keshet&amp;moredata&amp;name=%5bCOLOR%20burlywood%5d%5bB%5d%d7%a2%d7%95%d7%a0%d7%94%206%5b%2fB%5d%5b%2fCOLOR%5d&amp;url=http%253A%252F%252Fwww.mako.co.il%252Fmako-vod-keshet%252Fsabri-maranan-s6&quot"/>
</include>

<include content="baseepisods">
<param name="baseid" value="5"/>
<param name="labelname" value="מי רוצה להיות מיליונר"/>
<param name="baseeipisod" value="507"/>
<param name="networkname" value="KESHET"/>
<param name="networkcolor" value="red"/>
<param name="onup" value="5"/>
<param name="onback" value="5"/>
<param name="notvisible" value="![control.hasfocus(6) | control.hasfocus(7) | Container(35).HasFocus(2) | Container(35).HasFocus(3)]"/>
<param name="baseepisodcontent" value="plugin://plugin.video.idanplus/?iconimage=https%253A%252F%252Fimg.mako.co.il%252F2020%252F07%252F13%252FI_624X383_WWTBAM_2020.jpg&amp;mode=3&amp;module=keshet&amp;moredata&amp;name=%5bCOLOR%20burlywood%5d%5bB%5d%d7%a2%d7%95%d7%a0%d7%94%201%5b%2fB%5d%5b%2fCOLOR%5d&amp;url=http%253A%252F%252Fwww.mako.co.il%252Fmako-vod-keshet%252Fwho_wants_to_be_a_millionaire-s1&quot"/>
</include>

<include content="baseepisods">
<param name="baseid" value="5"/>
<param name="labelname" value="ארץ נהדרת"/>
<param name="baseeipisod" value="508"/>
<param name="networkname" value="KESHET"/>
<param name="networkcolor" value="red"/>
<param name="onup" value="5"/>
<param name="onback" value="5"/>
<param name="notvisible" value="![control.hasfocus(6) | control.hasfocus(7) | Container(35).HasFocus(2) | Container(35).HasFocus(3)]"/>
<param name="baseepisodcontent" value="plugin://plugin.video.idanplus/?iconimage=https%253A%252F%252Fimg.mako.co.il%252F2020%252F01%252F07%252FERETZ-2020-I.jpg&amp;mode=3&amp;module=keshet&amp;moredata&amp;name=%5bCOLOR%20burlywood%5d%5bB%5d%d7%a2%d7%95%d7%a0%d7%94%2017%5b%2fB%5d%5b%2fCOLOR%5d&amp;url=http%253A%252F%252Fwww.mako.co.il%252Fmako-vod-keshet%252Feretz_nehederet-s17&quot"/>
</include>

<include content="baseepisods">
<param name="baseid" value="5"/>
<param name="labelname" value="המתחזים"/>
<param name="baseeipisod" value="509"/>
<param name="networkname" value="KESHET"/>
<param name="networkcolor" value="red"/>
<param name="onup" value="5"/>
<param name="onback" value="5"/>
<param name="notvisible" value="![control.hasfocus(6) | control.hasfocus(7) | Container(35).HasFocus(2) | Container(35).HasFocus(3)]"/>
<param name="baseepisodcontent" value="plugin://plugin.video.idanplus/?iconimage=https%253A%252F%252Fimg.mako.co.il%252F2018%252F07%252F29%252Fi-pic-plus-logo.png&amp;mode=3&amp;module=keshet&amp;moredata&amp;name=%5bCOLOR%20burlywood%5d%5bB%5d%d7%a2%d7%95%d7%a0%d7%94%201%5b%2fB%5d%5b%2fCOLOR%5d&amp;url=http%253A%252F%252Fwww.mako.co.il%252Fmako-vod-keshet%252FThe-impostors-s1&quot"/>
</include>

<include content="baseepisods">
<param name="baseid" value="5"/>
<param name="labelname" value="עובדה עם אילנה דיין"/>
<param name="baseeipisod" value="510"/>
<param name="networkname" value="KESHET"/>
<param name="networkcolor" value="red"/>
<param name="onup" value="5"/>
<param name="onback" value="5"/>
<param name="notvisible" value="![control.hasfocus(6) | control.hasfocus(7) | Container(35).HasFocus(2) | Container(35).HasFocus(3)]"/>
<param name="baseepisodcontent" value="plugin://plugin.video.idanplus/?iconimage=https%253A%252F%252Fimg.mako.co.il%252F2019%252F12%252F18%252FI_624X383_New_UVda.jpg&amp;mode=3&amp;module=keshet&amp;moredata&amp;name=%5bCOLOR%20burlywood%5d%5bB%5d2020%5b%2fB%5d%5b%2fCOLOR%5d&amp;url=http%253A%252F%252Fwww.mako.co.il%252Fmako-vod-keshet%252Fuvda-2020&quot"/>
</include>

<include content="baseepisods">
<param name="baseid" value="5"/>
<param name="labelname" value="מונית הכסף"/>
<param name="baseeipisod" value="511"/>
<param name="networkname" value="KESHET"/>
<param name="networkcolor" value="red"/>
<param name="onup" value="5"/>
<param name="onback" value="5"/>
<param name="notvisible" value="![control.hasfocus(6) | control.hasfocus(7) | Container(35).HasFocus(2) | Container(35).HasFocus(3)]"/>
<param name="baseepisodcontent" value="plugin://plugin.video.sdarot.tv/season/1246/9/%D7%9E%D7%95%D7%A0%D7%99%D7%AA+%D7%94%D7%9B%D7%A1%D7%A3/Monit+Hakesef&quot"/>
</include>

<include content="baseepisods">
<param name="baseid" value="5"/>
<param name="labelname" value="ישראל מבשלת יחד"/>
<param name="baseeipisod" value="512"/>
<param name="networkname" value="KESHET"/>
<param name="networkcolor" value="red"/>
<param name="onup" value="5"/>
<param name="onback" value="5"/>
<param name="notvisible" value="![control.hasfocus(6) | control.hasfocus(7) | Container(35).HasFocus(2) | Container(35).HasFocus(3)]"/>
<param name="baseepisodcontent" value="plugin://plugin.video.idanplus/?iconimage=https%253A%252F%252Fimg.mako.co.il%252F2020%252F04%252F02%252FI.jpg&amp;mode=3&amp;module=keshet&amp;moredata&amp;name=%5bCOLOR%20burlywood%5d%5bB%5d%d7%a2%d7%95%d7%a0%d7%94%201%5b%2fB%5d%5b%2fCOLOR%5d&amp;url=http%253A%252F%252Fwww.mako.co.il%252Fmako-vod-keshet%252Fisrael_cooks_together-s1&quot"/>
</include>

<include content="baseepisods">
<param name="baseid" value="5"/>
<param name="labelname" value="המתמחים"/>
<param name="baseeipisod" value="513"/>
<param name="networkname" value="KESHET"/>
<param name="networkcolor" value="red"/>
<param name="onup" value="5"/>
<param name="onback" value="5"/>
<param name="notvisible" value="![control.hasfocus(6) | control.hasfocus(7) | Container(35).HasFocus(2) | Container(35).HasFocus(3)]"/>
<param name="baseepisodcontent" value="plugin://plugin.video.idanplus/?iconimage=https%253A%252F%252Fimg.mako.co.il%252F2017%252F07%252F24%252Fi-hamitmahim-ona-2.png&amp;mode=3&amp;module=keshet&amp;moredata&amp;name=%5bCOLOR%20burlywood%5d%5bB%5d%d7%a2%d7%95%d7%a0%d7%94%203%5b%2fB%5d%5b%2fCOLOR%5d&amp;url=http%253A%252F%252Fwww.mako.co.il%252Fmako-vod-keshet%252Fthe-interns-s3&quot"/>
</include>
<!--קשת-->


<!--רשת-->
<include content="baseepisods">
<param name="baseid" value="6"/>
<param name="labelname" value="הישרדות ישראל"/>
<param name="baseeipisod" value="800"/>
<param name="networkname" value="RESHET"/>
<param name="networkcolor" value="red"/>
<param name="onup" value="6"/>
<param name="onback" value="6"/>
<param name="notvisible" value="![control.hasfocus(5) | control.hasfocus(7) | Container(35).HasFocus(1) | Container(35).HasFocus(3)]"/>
<param name="baseepisodcontent" value="plugin://plugin.video.idanplus/?iconimage=https%253A%252F%252Fmedia.reshet.tv%252Fimage%252Fupload%252Ft_app_16x9%252Cq_auto%252Cf_auto%252Fv1592210938%252FSuperTankerMobile_pshnnn.jpg&amp;mode=2&amp;module=reshet&amp;moredata&amp;name=%5bCOLOR%20burlywood%5d%5bB%5d%d7%a4%d7%a8%d7%a7%d7%99%d7%9d%20%d7%9e%d7%9c%d7%90%d7%99%d7%9d%5b%2fB%5d%5b%2fCOLOR%5d&amp;url=https%253A%252F%252F13tv.co.il%252Fmood%252Fsurvivor%252Fseason-04-vip%252Fepisodes%252F&quot"/>
</include>
<include content="baseepisods">
<param name="baseid" value="6"/>
<param name="labelname" value="אמבוש"/>
<param name="baseeipisod" value="801"/>
<param name="networkname" value="RESHET"/>
<param name="networkcolor" value="red"/>
<param name="onup" value="6"/>
<param name="onback" value="6"/>
<param name="notvisible" value="![control.hasfocus(5) | control.hasfocus(7) | Container(35).HasFocus(1) | Container(35).HasFocus(3)]"/>
<param name="baseepisodcontent" value="plugin://plugin.video.idanplus/?iconimage=https%253A%252F%252Fmedia.reshet.tv%252Fimage%252Fupload%252Ft_app_16x9%252Cq_auto%252Cf_auto%252Fv1587912978%252FSuperTankerMobile-2_xngeao.jpg&amp;mode=2&amp;module=reshet&amp;moredata&amp;name=%5bCOLOR%20burlywood%5d%5bB%5d%d7%a4%d7%a8%d7%a7%d7%99%d7%9d%20%d7%9e%d7%9c%d7%90%d7%99%d7%9d%5b%2fB%5d%5b%2fCOLOR%5d&amp;url=https%253A%252F%252F13tv.co.il%252Fentertainment%252Fambush%252Fseason-02%252Fepisodes%252F&quot"/>
</include>
<include content="baseepisods">
<param name="baseid" value="6"/>
<param name="labelname" value="נבסו"/>
<param name="baseeipisod" value="802"/>
<param name="networkname" value="RESHET"/>
<param name="networkcolor" value="red"/>
<param name="onup" value="6"/>
<param name="onback" value="6"/>
<param name="notvisible" value="![control.hasfocus(5) | control.hasfocus(7) | Container(35).HasFocus(1) | Container(35).HasFocus(3)]"/>
<param name="baseepisodcontent" value="plugin://plugin.video.idanplus/?iconimage=https%253A%252F%252Fmedia.reshet.tv%252Fimage%252Fupload%252Ft_app_16x9%252Cq_auto%252Cf_auto%252Fv1590411193%252FSupertanker_Mobile_002_gqdgzy.jpg&amp;mode=2&amp;module=reshet&amp;moredata&amp;name=%5bCOLOR%20burlywood%5d%5bB%5d%d7%a2%d7%95%d7%a0%d7%94%202%20%7c%20%d7%a4%d7%a8%d7%a7%d7%99%d7%9d%20%d7%9e%d7%9c%d7%90%d7%99%d7%9d%5b%2fB%5d%5b%2fCOLOR%5d&amp;url=https%253A%252F%252F13tv.co.il%252Fparenthood%252Fnevsoo%252Fseason-02%252Fepisodes%252F&quot"/>
</include>
<include content="baseepisods">
<param name="baseid" value="6"/>
<param name="labelname" value="שנות השמונים"/>
<param name="baseeipisod" value="803"/>
<param name="networkname" value="RESHET"/>
<param name="networkcolor" value="red"/>
<param name="onup" value="6"/>
<param name="onback" value="6"/>
<param name="notvisible" value="![control.hasfocus(5) | control.hasfocus(7) | Container(35).HasFocus(1) | Container(35).HasFocus(3)]"/>
<param name="baseepisodcontent" value="plugin://plugin.video.idanplus/?iconimage=https%253A%252F%252Fmedia.reshet.tv%252Fimage%252Fupload%252Ft_app_16x9%252Cq_auto%252Cf_auto%252Fv1573485223%252FSuperTanker_Mobile_mwk39v.jpg&amp;mode=2&amp;module=reshet&amp;moredata&amp;name=%5bCOLOR%20burlywood%5d%5bB%5d%d7%a2%d7%95%d7%a0%d7%94%205%20%7c%20%d7%a4%d7%a8%d7%a7%d7%99%d7%9d%20%d7%9e%d7%9c%d7%90%d7%99%d7%9d%5b%2fB%5d%5b%2fCOLOR%5d&amp;url=https%253A%252F%252F13tv.co.il%252Ffeatured-series%252Fshnot-hashmonim%252Fseason-05%252Fepisodes%252F&quot"/>
</include>
<include content="baseepisods">
<param name="baseid" value="6"/>
<param name="labelname" value="קובי וליטל"/>
<param name="baseeipisod" value="804"/>
<param name="networkname" value="RESHET"/>
<param name="networkcolor" value="red"/>
<param name="onup" value="6"/>
<param name="onback" value="6"/>
<param name="notvisible" value="![control.hasfocus(5) | control.hasfocus(7) | Container(35).HasFocus(1) | Container(35).HasFocus(3)]"/>
<param name="baseepisodcontent" value="plugin://plugin.video.idanplus/?iconimage=https%253A%252F%252Fmedia.reshet.tv%252Fimage%252Fupload%252Ft_app_16x9%252Cq_auto%252Cf_auto%252Fv1584470448%252Fkoby_lital_ymvky9.jpg&amp;mode=2&amp;module=reshet&amp;moredata&amp;name=%5bCOLOR%20burlywood%5d%5bB%5d%d7%a4%d7%a8%d7%a7%d7%99%d7%9d%20%d7%9e%d7%9c%d7%90%d7%99%d7%9d%5b%2fB%5d%5b%2fCOLOR%5d&amp;url=https%253A%252F%252F13tv.co.il%252Fentertainment%252Fkobi-and-lital%252Fseason-01%252Fepisodes%252F&quot"/>
</include>
<include content="baseepisods">
<param name="baseid" value="6"/>
<param name="labelname" value="שי בשידור"/>
<param name="baseeipisod" value="805"/>
<param name="networkname" value="RESHET"/>
<param name="networkcolor" value="red"/>
<param name="onup" value="6"/>
<param name="onback" value="6"/>
<param name="notvisible" value="![control.hasfocus(5) | control.hasfocus(7) | Container(35).HasFocus(1) | Container(35).HasFocus(3)]"/>
<param name="baseepisodcontent" value="plugin://plugin.video.idanplus/?iconimage=https%253A%252F%252Fmedia.reshet.tv%252Fimage%252Fupload%252Ft_app_16x9%252Cq_auto%252Cf_auto%252Fv1590444236%252FSupertanker_ShayBeshidur_Homep_rtenjf.jpg&amp;mode=2&amp;module=reshet&amp;moredata&amp;name=%5bCOLOR%20burlywood%5d%5bB%5d%d7%a4%d7%a8%d7%a7%d7%99%d7%9d%20%d7%9e%d7%9c%d7%90%d7%99%d7%9d%5b%2fB%5d%5b%2fCOLOR%5d&amp;url=https%253A%252F%252F13tv.co.il%252Fentertainment%252Fshai-beshidur%252Fseason-07%252Fepisodes%252F&quot"/>
</include>
<include content="baseepisods">
<param name="baseid" value="6"/>
<param name="labelname" value="המסע המופלא של אהרוני וגידי"/>
<param name="baseeipisod" value="806"/>
<param name="networkname" value="RESHET"/>
<param name="networkcolor" value="red"/>
<param name="onup" value="6"/>
<param name="onback" value="6"/>
<param name="notvisible" value="![control.hasfocus(5) | control.hasfocus(7) | Container(35).HasFocus(1) | Container(35).HasFocus(3)]"/>
<param name="baseepisodcontent" value="plugin://plugin.video.idanplus/?iconimage=https%253A%252F%252Fmedia.reshet.tv%252Fimage%252Fupload%252Ft_app_16x9%252Cq_auto%252Cf_auto%252Fv1582489868%252Fnrsxrt_kequ7l.jpg&amp;mode=2&amp;module=reshet&amp;moredata&amp;name=%5bCOLOR%20burlywood%5d%5bB%5d%d7%a4%d7%a8%d7%a7%d7%99%d7%9d%20%d7%9e%d7%9c%d7%90%d7%99%d7%9d%5b%2fB%5d%5b%2fCOLOR%5d&amp;url=https%253A%252F%252F13tv.co.il%252Fyummies%252Fthe-amazing-journey%252Fseason-08%252Fepisodes%252F&quot"/>
</include>
<!--רשת-->

<!--כאן11-->
<include content="baseepisods">
<param name="baseid" value="7"/>
<param name="labelname" value="שבעה עולמות כוכב אחד"/>
<param name="baseeipisod" value="905"/>
<param name="networkname" value="כאן 11"/>
<param name="networkcolor" value="red"/>
<param name="onup" value="7"/>
<param name="onback" value="7"/>
<param name="notvisible" value="![control.hasfocus(5) | control.hasfocus(6) | Container(35).HasFocus(1) | Container(35).HasFocus(2)]"/>
<param name="baseepisodcontent" value="plugin://plugin.video.idanplus/?iconimage=https%253A%252F%252Fkanweb.blob.core.windows.net%252Fdownload%252Fpictures%252F2020%252F6%252F28%252Fimgid%253D35908_A.jpeg&amp;mode=2&amp;module=kan&amp;moredata&amp;name=%20%5bCOLOR%20orange%5d%5bB%5d%d7%a9%d7%91%d7%a2%d7%94%20%d7%a2%d7%95%d7%9c%d7%9e%d7%95%d7%aa%2c%20%d7%9b%d7%95%d7%9b%d7%91%20%d7%90%d7%97%d7%93%5b%2fB%5d%5b%2fCOLOR%5d%20-%20%5bCOLOR%20yellow%5d%d7%9b%d7%90%d7%9f%2011%5b%2fCOLOR%5d%20&amp;url=1571&quot"/>
</include>
<include content="baseepisods">
<param name="baseid" value="7"/>
<param name="labelname" value="מתחילים מאפס"/>
<param name="baseeipisod" value="906"/>
<param name="networkname" value="כאן 11"/>
<param name="networkcolor" value="red"/>
<param name="onup" value="7"/>
<param name="onback" value="7"/>
<param name="notvisible" value="![control.hasfocus(5) | control.hasfocus(6) | Container(35).HasFocus(1) | Container(35).HasFocus(2)]"/>
<param name="baseepisodcontent" value="plugin://plugin.video.idanplus/?iconimage=https%253A%252F%252Fkanweb.blob.core.windows.net%252Fdownload%252Fpictures%252F2020%252F7%252F22%252Fimgid%253D36866_A.jpeg&amp;mode=2&amp;module=kan&amp;moredata=kan%257C%257C%257C%25D7%259B%25D7%2590%25D7%259F%2b11&amp;name=%5bCOLOR%20orange%5d%5bB%5d%d7%9e%d7%aa%d7%97%d7%99%d7%9c%d7%99%d7%9d%20%d7%9e%d7%90%d7%a4%d7%a1%5b%2fB%5d%5b%2fCOLOR%5d&amp;url=1616&quot"/>
</include>
<include content="baseepisods">
<param name="baseid" value="7"/>
<param name="labelname" value="היהודים באים"/>
<param name="baseeipisod" value="907"/>
<param name="networkname" value="כאן 11"/>
<param name="networkcolor" value="red"/>
<param name="onup" value="7"/>
<param name="onback" value="7"/>
<param name="notvisible" value="![control.hasfocus(5) | control.hasfocus(6) | Container(35).HasFocus(1) | Container(35).HasFocus(2)]"/>
<param name="baseepisodcontent" value="plugin://plugin.video.idanplus/?iconimage=https%253A%252F%252Fkanweb.blob.core.windows.net%252Fdownload%252Fpictures%252F2020%252F5%252F7%252Fimgid%253D33071_A.jpeg&amp;mode=2&amp;module=kan&amp;moredata=kan%257C%257C%257C%25D7%259B%25D7%2590%25D7%259F%2b11&amp;name=%5bCOLOR%20orange%5d%5bB%5d%d7%94%d7%99%d7%94%d7%95%d7%93%d7%99%d7%9d%20%d7%91%d7%90%d7%99%d7%9d%5b%2fB%5d%5b%2fCOLOR%5d&amp;url=47&quot"/>
</include>
<include content="baseepisods">
<param name="baseid" value="7"/>
<param name="labelname" value="ארוחת ארבע"/>
<param name="baseeipisod" value="908"/>
<param name="networkname" value="כאן 11"/>
<param name="networkcolor" value="red"/>
<param name="onup" value="7"/>
<param name="onback" value="7"/>
<param name="notvisible" value="![control.hasfocus(5) | control.hasfocus(6) | Container(35).HasFocus(1) | Container(35).HasFocus(2)]"/>
<param name="baseepisodcontent" value="plugin://plugin.video.idanplus/?iconimage=https%253A%252F%252Fkanweb.blob.core.windows.net%252Fdownload%252Fpictures%252F2020%252F4%252F10%252Fimgid%253D31750_A.jpeg&amp;mode=2&amp;module=kan&amp;moredata&amp;name=%20%5bCOLOR%20orange%5d%5bB%5d%d7%90%d7%a8%d7%95%d7%97%d7%aa%20%d7%90%d7%a8%d7%91%d7%a2%5b%2fB%5d%5b%2fCOLOR%5d%20-%20%5bCOLOR%20yellow%5d%d7%9b%d7%90%d7%9f%2011%5b%2fCOLOR%5d%20&amp;url=1604&quot"/>
</include>
<include content="baseepisods">
<param name="baseid" value="7"/>
<param name="labelname" value="האזרח גואטה"/>
<param name="baseeipisod" value="909"/>
<param name="networkname" value="כאן 11"/>
<param name="networkcolor" value="red"/>
<param name="onup" value="7"/>
<param name="onback" value="7"/>
<param name="notvisible" value="![control.hasfocus(5) | control.hasfocus(6) | Container(35).HasFocus(1) | Container(35).HasFocus(2)]"/>
<param name="baseepisodcontent" value="plugin://plugin.video.idanplus/?iconimage=https%253A%252F%252Fkanweb.blob.core.windows.net%252Fdownload%252Fpictures%252F2019%252F5%252F14%252Fimgid%253D12544_A.jpeg&amp;mode=2&amp;module=kan&amp;moredata&amp;name=%20%5bCOLOR%20orange%5d%5bB%5d%d7%94%d7%90%d7%96%d7%a8%d7%97%20%d7%92%d7%95%d7%90%d7%98%d7%94%5b%2fB%5d%5b%2fCOLOR%5d%20-%20%5bCOLOR%20yellow%5d%d7%9b%d7%90%d7%9f%2011%5b%2fCOLOR%5d%20&amp;url=1462&quot"/>
</include>
<include content="baseepisods">
<param name="baseid" value="7"/>
<param name="labelname" value="זהו זה"/>
<param name="baseeipisod" value="910"/>
<param name="networkname" value="כאן 11"/>
<param name="networkcolor" value="red"/>
<param name="onup" value="7"/>
<param name="onback" value="7"/>
<param name="notvisible" value="![control.hasfocus(5) | control.hasfocus(6) | Container(35).HasFocus(1) | Container(35).HasFocus(2)]"/>
<param name="baseepisodcontent" value="plugin://plugin.video.idanplus/?iconimage=https%253A%252F%252Fkanweb.blob.core.windows.net%252Fdownload%252Fpictures%252F2020%252F3%252F26%252Fimgid%253D30844_A.jpeg&amp;mode=2&amp;module=kan&amp;moredata=kan%257C%257C%257C%25D7%259B%25D7%2590%25D7%259F%2b11&amp;name=%5bCOLOR%20orange%5d%5bB%5d%d7%96%d7%94%d7%95%20%d7%96%d7%94%202020%5b%2fB%5d%5b%2fCOLOR%5d&amp;url=1595&quot"/>
</include>
<include content="baseepisods">
<param name="baseid" value="7"/>
<param name="labelname" value="זהו זה"/>
<param name="baseeipisod" value="910"/>
<param name="networkname" value="כאן 11"/>
<param name="networkcolor" value="red"/>
<param name="onup" value="7"/>
<param name="onback" value="7"/>
<param name="notvisible" value="![control.hasfocus(5) | control.hasfocus(6) | Container(35).HasFocus(1) | Container(35).HasFocus(2)]"/>
<param name="baseepisodcontent" value="plugin://plugin.video.idanplus/?iconimage=https%253A%252F%252Fkanweb.blob.core.windows.net%252Fdownload%252Fpictures%252F2020%252F3%252F26%252Fimgid%253D30844_A.jpeg&amp;mode=2&amp;module=kan&amp;moredata=kan%257C%257C%257C%25D7%259B%25D7%2590%25D7%259F%2b11&amp;name=%5bCOLOR%20orange%5d%5bB%5d%d7%96%d7%94%d7%95%20%d7%96%d7%94%202020%5b%2fB%5d%5b%2fCOLOR%5d&amp;url=1595&quot"/>
</include>
<include content="baseepisods">
<param name="baseid" value="7"/>
<param name="labelname" value="מנאייכ"/>
<param name="baseeipisod" value="911"/>
<param name="networkname" value="כאן 11"/>
<param name="networkcolor" value="red"/>
<param name="onup" value="7"/>
<param name="onback" value="7"/>
<param name="notvisible" value="![control.hasfocus(5) | control.hasfocus(6) | Container(35).HasFocus(1) | Container(35).HasFocus(2)]"/>
<param name="baseepisodcontent" value="plugin://plugin.video.idanplus/?iconimage=https%253A%252F%252Fkanweb.blob.core.windows.net%252Fdownload%252Fpictures%252F2020%252F7%252F21%252Fimgid%253D36796_A.jpeg&amp;mode=2&amp;module=kan&amp;moredata=kan%257C%257C%257C%25D7%259B%25D7%2590%25D7%259F%2b11&amp;name=%5bCOLOR%20orange%5d%5bB%5d%d7%9e%d7%a0%d7%90%d7%99%d7%99%d7%9b%5b%2fB%5d%5b%2fCOLOR%5d&amp;url=1636&quot"/>
</include>
<!--כאן11-->

</control>


<control type="group">
<control type="multiimage">
<posx>1635</posx>
<posy>850</posy>
<width>280</width>
<height>150</height>
<imagepath>https://i.imgur.com/C7KDiR8.png</imagepath>
</control>
</control>
<control type="list" id="35">
<posx>1600</posx>
<posy>800</posy>
<width>550</width>
<height>650</height>
<onback>Dialog.Close(6943)</onback>
<onback>ActivateWindow(6942)</onback>
<onright condition="Container(35).HasFocus(1)">Control.SetFocus(5)</onright>
<onright condition="Container(35).HasFocus(2)">Control.SetFocus(6)</onright>
<onright condition="Container(35).HasFocus(3)">Control.SetFocus(7)</onright>
<onleft condition="Container(35).HasFocus(1)">Control.SetFocus(5)</onleft>
<onleft condition="Container(35).HasFocus(2)">Control.SetFocus(6)</onleft>
<onleft condition="Container(35).HasFocus(3)">Control.SetFocus(7)</onleft>
<orientation>vertical</orientation>
<itemlayout width="150" height="340">
<control type="label">
<posx>180</posx>
<posy>100</posy>
<width>200</width>
<height>40</height>
<align>center</align>
<textcolor>white</textcolor>
<label>$INFO[ListItem.Label]</label>
</control>
<control type="label">
<posx>155</posx>
<posy>165</posy>
<width>200</width>
<height>40</height>
<align>center</align>
<textcolor>white</textcolor>
<label>$INFO[ListItem.Label2]</label>
</control>
</itemlayout>
<focusedlayout width="150" height="340">
<control type="label">
<animation condition="Control.HasFocus(35)" effect="fade" start="0" end="100" time="1100">Conditional</animation>
<posx>180</posx>
<posy>100</posy>
<width>150</width>
<height>40</height>
<align>center</align>
<textcolor>white</textcolor>
<label>[B]$INFO[ListItem.Label][/B]</label>
</control>
<control type="label">
<visible>!control.hasfocus(35)</visible>
<posx>155</posx>
<posy>165</posy>
<width>200</width>
<height>40</height>
<align>center</align>
<textcolor>white</textcolor>
<label>$INFO[ListItem.Label2]</label>
</control>
<control type="label">

<visible>control.hasfocus(35)</visible>
<posx>155</posx>
<posy>165</posy>
<width>200</width>
<height>40</height>
<align>center</align>
<textcolor>cyan</textcolor>
<label>$INFO[ListItem.Label2]</label>
</control>
</focusedlayout>
<content>
<item id="1">
<label>-1-</label>
<label2>קשת</label2>
<onclick>Control.SetFocus(5)</onclick>
</item>

<item id="2">
<label>-2-</label>
<label2>רשת</label2>
<onclick>Control.SetFocus(6)</onclick>
</item>

<item id="3">
<label>-3-</label>
<label2>כאן 11</label2>
<onclick>Control.SetFocus(7)</onclick>
</item>
</content>
</control>

</controls>
</window>
