<?xml version="1.0" encoding="UTF-8"?>
<!-- Foundation -->
<window id="6845" type="dialog">
    <defaultcontrol always="true">35</defaultcontrol>


<controls>



<include content="yesgomoviesdesign">
<description>ציקו סרטים אחרונים</description>
<param name="stringid" value="5"/>
<param name="itemidnumber" value="1"/>
<param name="sortbycontent" value="dateadded"/>
<param name="sortordercontent" value="descending"/>
<param name="yesgocontent" value="plugin://plugin.video.CHICCO/?cat_level=%20&amp;count=0&amp;description&amp;fanart=http%3a%2f%2fsf.co.ua%2f12%2f09%2fwallpaper-2230830.jpg&amp;iconimage=http%3a%2f%2fngarba.xyz%2fadds%2fyos%2f16.jpg&amp;index_depth=0&amp;lang=%20&amp;mode=18&amp;name=%5bB%5d%5bCOLOR%20burlywood%5d-%d7%90%d7%97%d7%a8%d7%95%d7%a0%d7%99%d7%9d%20%5b%2fCOLOR%5d%5b%2fB%5d%5bB%5d%5bCOLOR%20aqua%5d%d7%a1%d7%a8%d7%98%d7%99%d7%9d-%20%5b%2fCOLOR%5d%5b%2fB%5d&amp;page&amp;selected_list=%20&amp;url=movie&quot"/>
</include>

<description>ציקו סרטים ישראלים</description>
<include content="yesgomoviesdesign">
<param name="stringid" value="6"/>
<param name="itemidnumber" value="2"/>
<param name="sortbycontent" value="dateadded"/>
<param name="sortordercontent" value="descending"/>
<param name="yesgocontent" value="plugin://plugin.video.CHICCO/?cat_level=%20&amp;count=0&amp;description=%20&amp;fanart=http%3a%2f%2fimages.peer5.net%2fimages%2fb%2fshowphoto_773.jpg&amp;iconimage=http%3a%2f%2fimages.peer5.net%2fimages%2fb%2fshowphoto_773.jpg&amp;index_depth=0&amp;lang=eng&amp;mode=5&amp;name=%d7%a1%d7%a8%d7%98%d7%99%d7%9d%20%d7%99%d7%a9%d7%a8%d7%90%d7%9c%d7%99%d7%9d&amp;page&amp;selected_list=%20&amp;url=%d7%a1%d7%a8%d7%98%d7%99%d7%9d%d7%a1%d7%a8%d7%98%d7%99%d7%9d%20%d7%99%d7%a9%d7%a8%d7%90%d7%9c%d7%99%d7%9d&quot"/>
</include>

<description>ציקו סרטים מדובבים</description>
<include content="yesgomoviesdesign">
<param name="stringid" value="7"/>
<param name="itemidnumber" value="3"/>
<param name="sortbycontent" value="dateadded"/>
<param name="sortordercontent" value="descending"/>
<param name="yesgocontent" value="plugin://plugin.video.CHICCO/?cat_level=%20&amp;count=0&amp;description=%20&amp;fanart=http%3a%2f%2fmoridim.me%2fimages%2flarge%2f9424.jpg&amp;iconimage=http%3a%2f%2fmoridim.me%2fimages%2flarge%2f9424.jpg&amp;index_depth=0&amp;lang=eng&amp;mode=5&amp;name=%d7%a1%d7%a8%d7%98%d7%99%d7%9d%20%d7%9e%d7%93%d7%95%d7%91%d7%91%d7%99%d7%9d&amp;page&amp;selected_list=%20&amp;url=%d7%a1%d7%a8%d7%98%d7%99%d7%9d%d7%a1%d7%a8%d7%98%d7%99%d7%9d%20%d7%9e%d7%93%d7%95%d7%91%d7%91%d7%99%d7%9d&quot"/>
</include>

<control type="group">
<control type="multiimage">
<posx>1635</posx>
<posy>870</posy>
<width>280</width>
<height>150</height>
<imagepath>special://skin/extras/test/C7KDiR8.png</imagepath>
</control>
</control>
<control type="list" id="35">
<posx>1600</posx>
<posy>800</posy>
<width>550</width>
<height>650</height>
<onright condition="Container(35).HasFocus(1)">Control.SetFocus(5)</onright>
<onright condition="Container(35).HasFocus(2)">Control.SetFocus(6)</onright>
<onright condition="Container(35).HasFocus(3)">Control.SetFocus(7)</onright>
<onright condition="Container(35).HasFocus(4)">Control.SetFocus(8)</onright>
<onleft condition="Container(35).HasFocus(1)">Control.SetFocus(5)</onleft>
<onleft condition="Container(35).HasFocus(2)">Control.SetFocus(6)</onleft>
<onleft condition="Container(35).HasFocus(3)">Control.SetFocus(7)</onleft>
<onleft condition="Container(35).HasFocus(4)">Control.SetFocus(8)</onleft>
<onback>Dialog.Close(6837)</onback>
<orientation>vertical</orientation>
<scrolltime tween="sine" easing="inout">350</scrolltime>
<itemlayout width="150" height="340">
<control type="label">
<posx>180</posx>
<posy>120</posy>
<width>200</width>
<height>40</height>
<align>center</align>
<textcolor>white</textcolor>
<label>$INFO[ListItem.Label]</label>
</control>
<control type="label">
<posx>120</posx>
<posy>170</posy>
<width>200</width>
<height>40</height>
<align>center</align>
<textcolor>white</textcolor>
<label>$INFO[ListItem.Label2]</label>
</control>
</itemlayout>
<focusedlayout width="150" height="340">
<control type="label">
<animation condition="Control.HasFocus(35)" effect="fade" start="0" end="100" time="1100" pulse="true">Conditional</animation>
<posx>180</posx>
<posy>120</posy>
<width>150</width>
<height>40</height>
<align>center</align>
<textcolor>white</textcolor>
<label>[B]$INFO[ListItem.Label][/B]</label>
</control>
<control type="label">
<visible>!control.hasfocus(35)</visible>
<posx>120</posx>
<posy>170</posy>
<width>200</width>
<height>40</height>
<align>center</align>
<textcolor>white</textcolor>
<label>$INFO[ListItem.Label2]</label>
</control>
<control type="label">
<visible>control.hasfocus(35)</visible>
<posx>120</posx>
<posy>170</posy>
<width>200</width>
<height>40</height>
<align>center</align>
<textcolor>yellow</textcolor>
<label>$INFO[ListItem.Label2]</label>
</control>
</focusedlayout>
<content>
<item id="1">
<label>-1-</label>
<label2>yes1</label2>
<onclick>Control.SetFocus(5)</onclick>

</item>
<item id="2">
<label>-2-</label>
<label2>yes2</label2>
<onclick>Control.SetFocus(6)</onclick>
</item>

<item id="3">
<label>-3-</label>
<label2>yes3</label2>
<onclick>Control.SetFocus(7)</onclick>
</item>

<!--<item id="4">
<label>-4-</label>
<label2>yes4</label2>
<onclick>Control.SetFocus(8)</onclick>
</item>-->
</content>
</control>

</controls>
</window>
