<?xml version="1.0" encoding="UTF-8"?>
<!-- Foundation -->
<window id="6677" type="dialog">
    <defaultcontrol always="true">35</defaultcontrol>
    	<onload>ClearProperty(quicknavsetup,home)</onload>
	<onunload>ClearProperty(quicknavsetup,home)</onunload>
<controls>

<control type="multiimage">
<posx>0</posx>
<posy>0</posy>
<width>1920</width>
<height>1080</height>
<fadetime>550</fadetime>
<timeperimage>45000</timeperimage>
<imagepath>special://skin/extras/tvshowswallpapers/</imagepath>
</control>

<control type="label">
<posx>40</posx>
<posy>-15</posy>
<width>1920</width>
<height>200</height>
<font>font-extra-big</font>
<textcolor>white</textcolor>
<shadowcolor>black</shadowcolor>
<label>ברוכים הבאים לעולם הסדרות</label>
</control>

<control type="group">
<posx>-250</posx>
<control type="image">
<posx>500</posx>
<posy>200</posy>
<width>900</width>
<height>800</height>
<texture>special://skin/extras/common/context_middle.png</texture>
</control>

<control type="image">
<posx>1350</posx>
<posy>200</posy>
<width>380</width>
<height>800</height>
<texture>special://skin/extras/common/context_middle.png</texture>
</control>


<control type="image">
<animation condition="![Container(35).HasFocus(822) | Container(35).HasFocus(819)]" effect="slide" start="0,0" end="1000,0" time="250" tween="sine" easing="inout">Conditional</animation>
<posx>1700</posx>
<posy>350</posy>
<width>480</width>
<height>400</height>
<texture>special://skin/extras/common/context_middle.png</texture>
</control>

<include content="teleepisoedgroups">
<param name="stringid" value="500"/>
<param name="itemidnumber" value="800"/>
<param name="buttononclick" value=""/>
<param name="content" value="plugin://plugin.video.telemedia/?data=0&amp;dates=%20&amp;description=%0afrom_plot&amp;eng_name=%20&amp;episode=%20&amp;fanart&amp;fav_status=false&amp;heb_name=%20&amp;iconimage&amp;id=%20&amp;image_master=%24%24%24&amp;isr=0&amp;last_id=0%24%24%240%24%24%240%24%24%240&amp;mode=2&amp;name=%5bCOLOR%20khaki%5d%d7%a4%d7%a8%d7%a7%d7%99%d7%9d%20%d7%97%d7%95%22%d7%9c%20%d7%91%d7%aa%d7%a8%d7%92%d7%95%d7%9d%20%d7%9e%d7%95%d7%91%d7%a0%d7%94%5b%2fCOLOR%5d&amp;original_title=%d7%a4%d7%a8%d7%a7%d7%99%d7%9d%20%d7%97%d7%95%22%d7%9c%20%d7%91%d7%aa%d7%a8%d7%92%d7%95%d7%9d%20%d7%9e%d7%95%d7%91%d7%a0%d7%94&amp;season=%20&amp;show_original_year=%20&amp;tmdbid=%20&amp;url=-1001359722575&quot"/>
</include>

<include content="teleepisoedgroups">
<param name="stringid" value="501"/>
<param name="itemidnumber" value="801"/>
<param name="buttononclick" value="ActivateWindow(10025,&quot;plugin://plugin.video.telemedia/?data=0&amp;dates=%20&amp;description=%d7%9e%d7%a9%d7%94%20%d7%a1%d7%93%d7%a8%d7%95%d7%aa%20%d7%90%d7%9e%d7%a8%d7%99%d7%a7%d7%90%d7%99%d7%95%d7%aa%20%d7%aa%d7%9e%d7%99%d7%9b%d7%94%0afrom_plot&amp;eng_name=%20&amp;episode=%20&amp;fanart=C%3a%5cUsers%5cneta%5cAppData%5cRoaming%5cKodi%5cuserdata%5caddon_data%5cplugin.video.telemedia%5clogo%5c-1001111423143_big.jpg&amp;fav_status=false&amp;heb_name=%20&amp;iconimage=C%3a%5cUsers%5cneta%5cAppData%5cRoaming%5cKodi%5cuserdata%5caddon_data%5cplugin.video.telemedia%5clogo%5c-1001111423143_small.jpg&amp;id=%20&amp;image_master=C%3a%5cUsers%5cneta%5cAppData%5cRoaming%5cKodi%5cuserdata%5caddon_data%5cplugin.video.telemedia%5clogo%5c-1001111423143_small.jpg%24%24%24C%3a%5cUsers%5cneta%5cAppData%5cRoaming%5cKodi%5cuserdata%5caddon_data%5cplugin.video.telemedia%5clogo%5c-1001111423143_big.jpg&amp;isr=0&amp;last_id=0%24%24%240%24%24%240%24%24%240&amp;mode=2&amp;name=%5bCOLOR%20lightblue%5d%d7%9e%d7%a9%d7%94%20%d7%a1%d7%93%d7%a8%d7%95%d7%aa%20%d7%90%d7%9e%d7%a8%d7%99%d7%a7%d7%90%d7%99%d7%95%d7%aa%20%d7%aa%d7%9e%d7%99%d7%9b%d7%94%5b%2fCOLOR%5d&amp;original_title=%d7%9e%d7%a9%d7%94%20%d7%a1%d7%93%d7%a8%d7%95%d7%aa%20%d7%90%d7%9e%d7%a8%d7%99%d7%a7%d7%90%d7%99%d7%95%d7%aa%20%d7%aa%d7%9e%d7%99%d7%9b%d7%94&amp;season=%20&amp;show_original_year=%20&amp;tmdbid=%20&amp;url=-1001111423143&quot;,return)"/>
<param name="content" value="plugin://plugin.video.telemedia/?data=0&amp;dates=%20&amp;description=%d7%9e%d7%a9%d7%94%20%d7%a1%d7%93%d7%a8%d7%95%d7%aa%20%d7%90%d7%9e%d7%a8%d7%99%d7%a7%d7%90%d7%99%d7%95%d7%aa%20%d7%aa%d7%9e%d7%99%d7%9b%d7%94%0afrom_plot&amp;eng_name=%20&amp;episode=%20&amp;fanart=C%3a%5cUsers%5cneta%5cAppData%5cRoaming%5cKodi%5cuserdata%5caddon_data%5cplugin.video.telemedia%5clogo%5c-1001111423143_big.jpg&amp;fav_status=false&amp;heb_name=%20&amp;iconimage=C%3a%5cUsers%5cneta%5cAppData%5cRoaming%5cKodi%5cuserdata%5caddon_data%5cplugin.video.telemedia%5clogo%5c-1001111423143_small.jpg&amp;id=%20&amp;image_master=C%3a%5cUsers%5cneta%5cAppData%5cRoaming%5cKodi%5cuserdata%5caddon_data%5cplugin.video.telemedia%5clogo%5c-1001111423143_small.jpg%24%24%24C%3a%5cUsers%5cneta%5cAppData%5cRoaming%5cKodi%5cuserdata%5caddon_data%5cplugin.video.telemedia%5clogo%5c-1001111423143_big.jpg&amp;isr=0&amp;last_id=0%24%24%240%24%24%240%24%24%240&amp;mode=2&amp;name=%5bCOLOR%20lightblue%5d%d7%9e%d7%a9%d7%94%20%d7%a1%d7%93%d7%a8%d7%95%d7%aa%20%d7%90%d7%9e%d7%a8%d7%99%d7%a7%d7%90%d7%99%d7%95%d7%aa%20%d7%aa%d7%9e%d7%99%d7%9b%d7%94%5b%2fCOLOR%5d&amp;original_title=%d7%9e%d7%a9%d7%94%20%d7%a1%d7%93%d7%a8%d7%95%d7%aa%20%d7%90%d7%9e%d7%a8%d7%99%d7%a7%d7%90%d7%99%d7%95%d7%aa%20%d7%aa%d7%9e%d7%99%d7%9b%d7%94&amp;season=%20&amp;show_original_year=%20&amp;tmdbid=%20&amp;url=-1001111423143&quot"/>
</include>


<include content="teleepisoedgroups">
<param name="stringid" value="503"/>
<param name="itemidnumber" value="803"/>
<param name="buttononclick" value="ActivateWindow(10025,&quot;plugin://plugin.video.telemedia/?data=0&amp;dates=%20&amp;description=%d7%9c%d7%95%d7%9c%d7%95%20%d7%a1%d7%a8%d7%98%d7%99%d7%9d%20-%20%40LuluSratim1%0afrom_plot&amp;eng_name=%20&amp;episode=%20&amp;fanart=C%3a%5cUsers%5cneta%5cAppData%5cRoaming%5cKodi%5cuserdata%5caddon_data%5cplugin.video.telemedia%5clogo%5c-1001113093484_big.jpg&amp;fav_status=false&amp;heb_name=%20&amp;iconimage=C%3a%5cUsers%5cneta%5cAppData%5cRoaming%5cKodi%5cuserdata%5caddon_data%5cplugin.video.telemedia%5clogo%5c-1001113093484_small.jpg&amp;id=%20&amp;image_master=C%3a%5cUsers%5cneta%5cAppData%5cRoaming%5cKodi%5cuserdata%5caddon_data%5cplugin.video.telemedia%5clogo%5c-1001113093484_small.jpg%24%24%24C%3a%5cUsers%5cneta%5cAppData%5cRoaming%5cKodi%5cuserdata%5caddon_data%5cplugin.video.telemedia%5clogo%5c-1001113093484_big.jpg&amp;isr=0&amp;last_id=0%24%24%240%24%24%240%24%24%240&amp;mode=2&amp;name=%5bCOLOR%20khaki%5d%d7%9c%d7%95%d7%9c%d7%95%20%d7%a1%d7%a8%d7%98%d7%99%d7%9d%20%7e%20%d7%a1%d7%93%d7%a8%d7%95%d7%aa%5b%2fCOLOR%5d&amp;original_title=%d7%9c%d7%95%d7%9c%d7%95%20%d7%a1%d7%a8%d7%98%d7%99%d7%9d%20%7e%20%d7%a1%d7%93%d7%a8%d7%95%d7%aa&amp;season=%20&amp;show_original_year=%20&amp;tmdbid=%20&amp;url=-1001113093484&quot;,return)"/>
<param name="content" value="plugin://plugin.video.telemedia/?data=0&amp;dates=%20&amp;description=%d7%9c%d7%95%d7%9c%d7%95%20%d7%a1%d7%a8%d7%98%d7%99%d7%9d%20-%20%40LuluSratim1%0afrom_plot&amp;eng_name=%20&amp;episode=%20&amp;fanart=C%3a%5cUsers%5cneta%5cAppData%5cRoaming%5cKodi%5cuserdata%5caddon_data%5cplugin.video.telemedia%5clogo%5c-1001113093484_big.jpg&amp;fav_status=false&amp;heb_name=%20&amp;iconimage=C%3a%5cUsers%5cneta%5cAppData%5cRoaming%5cKodi%5cuserdata%5caddon_data%5cplugin.video.telemedia%5clogo%5c-1001113093484_small.jpg&amp;id=%20&amp;image_master=C%3a%5cUsers%5cneta%5cAppData%5cRoaming%5cKodi%5cuserdata%5caddon_data%5cplugin.video.telemedia%5clogo%5c-1001113093484_small.jpg%24%24%24C%3a%5cUsers%5cneta%5cAppData%5cRoaming%5cKodi%5cuserdata%5caddon_data%5cplugin.video.telemedia%5clogo%5c-1001113093484_big.jpg&amp;isr=0&amp;last_id=0%24%24%240%24%24%240%24%24%240&amp;mode=2&amp;name=%5bCOLOR%20khaki%5d%d7%9c%d7%95%d7%9c%d7%95%20%d7%a1%d7%a8%d7%98%d7%99%d7%9d%20%7e%20%d7%a1%d7%93%d7%a8%d7%95%d7%aa%5b%2fCOLOR%5d&amp;original_title=%d7%9c%d7%95%d7%9c%d7%95%20%d7%a1%d7%a8%d7%98%d7%99%d7%9d%20%7e%20%d7%a1%d7%93%d7%a8%d7%95%d7%aa&amp;season=%20&amp;show_original_year=%20&amp;tmdbid=%20&amp;url=-1001113093484&quot"/>
</include>

<include content="teleepisoedgroups">
<param name="stringid" value="504"/>
<param name="itemidnumber" value="804"/>
<param name="buttononclick" value="ActivateWindow(10025,&quot;plugin://plugin.video.telemedia/?data=0&amp;dates=%20&amp;description=%d7%91%d7%9c%d7%a2%d7%93%d7%99%20%d7%9c%d7%97%d7%a0%d7%a0%d7%90%d7%9c%20%d7%a1%d7%a8%d7%98%d7%99%d7%9d%e2%9d%97%f0%9f%93%a2%e2%9d%97%0a%0a%d7%90%d7%99%d7%9a%20%d7%9c%d7%9e%d7%9b%d7%95%d7%a8%20%d7%a1%d7%9e%d7%99%d7%9d%20%d7%91%d7%a8%d7%a9%d7%aa%20(%d7%91%d7%9e%d7%94%d7%99%d7%a8%d7%95%d7%aa)%0aHow%20to%20Sell%20Drugs%20Online%3a%20Fast%0a%0a%d7%a2%d7%95%d7%a0%d7%94%202%20%d7%a4%d7%a8%d7%a7%206%0a%0a%e2%9b%94%20%d7%a4%d7%a8%d7%a7%20%d7%90%d7%97%d7%a8%d7%95%d7%9f%20%d7%9c%d7%a2%d7%95%d7%a0%d7%94%20%e2%9b%94%0a%0a%d7%aa%d7%a8%d7%92%d7%95%d7%9d%20%d7%9e%d7%95%d7%91%d7%a0%d7%94.%f0%9f%92%ac%0a%d7%94%d7%a1%d7%93%d7%a8%d7%94%20%d7%91%d7%92%d7%a8%d7%9e%d7%a0%d7%99%d7%aa.%f0%9f%87%a9%f0%9f%87%aa%0a%d7%90%d7%99%d7%9b%d7%95%d7%aa%3a%20HDTV%20%2b%201080p%20HDTV.%20%f0%9f%98%8d%0a%d7%a9%d7%99%d7%93%d7%95%d7%a8%3a%202020%0a%0a%d7%aa%d7%a7%d7%a6%d7%99%d7%a8%3a%0a%d7%97%d7%a0%d7%95%d7%9f%20%d7%a6%d7%a2%d7%99%d7%a8%20%d7%9e%d7%aa%d7%97%d7%99%d7%9c%20%d7%9c%d7%9e%d7%9b%d7%95%d7%a8%20%d7%90%d7%a7%d7%a1%d7%98%d7%96%d7%99%20%d7%91%d7%90%d7%99%d7%a0%d7%98%d7%a8%d7%a0%d7%98%20%d7%9b%d7%93%d7%99%20%d7%9c%d7%96%d7%9b%d7%95%d7%aa%20%d7%a9%d7%95%d7%91%20%d7%91%d7%9c%d7%99%d7%91%d7%94%20%d7%a9%d7%9c%20%d7%94%d7%90%d7%a7%d7%a1%d7%99%d7%aa%20%d7%a9%d7%9c%d7%95%20%e2%80%93%20%d7%95%d7%94%d7%95%d7%a4%d7%9a%20%d7%9c%d7%90%d7%97%d7%93%20%d7%94%d7%a1%d7%95%d7%97%d7%a8%d7%99%d7%9d%20%d7%94%d7%92%d7%93%d7%95%d7%9c%d7%99%d7%9d%20%d7%91%d7%90%d7%99%d7%a8%d7%95%d7%a4%d7%94.%0a%0a%d7%9c%d7%94%d7%a6%d7%98%d7%a8%d7%a4%d7%95%d7%aa%e2%86%99%ef%b8%8f%0ahttps%3a%2f%2ft.me%2fChananel_Movies%0a%0a%d7%94%d7%95%d7%a2%d7%9c%d7%94%20%d7%a2%22%d7%99%20%d7%97%d7%a0%d7%a0%d7%90%d7%9c%20%d7%a1%d7%a8%d7%98%d7%99%d7%9d%e2%9d%a4%0a%0a%d7%a6%d7%a4%d7%99%d7%99%d7%94%20%d7%9e%d7%94%d7%a0%d7%94%20%f0%9f%98%8e%0afrom_plot&amp;eng_name=%20&amp;episode=%20&amp;fanart=C%3a%5cUsers%5cneta%5cAppData%5cRoaming%5cKodi%5cuserdata%5caddon_data%5cplugin.video.telemedia%5clogo%5c-1001446460815_big.jpg&amp;fav_status=false&amp;heb_name=%20&amp;iconimage=C%3a%5cUsers%5cneta%5cAppData%5cRoaming%5cKodi%5cuserdata%5caddon_data%5cplugin.video.telemedia%5clogo%5c-1001446460815_small.jpg&amp;id=%20&amp;image_master=C%3a%5cUsers%5cneta%5cAppData%5cRoaming%5cKodi%5cuserdata%5caddon_data%5cplugin.video.telemedia%5clogo%5c-1001446460815_small.jpg%24%24%24C%3a%5cUsers%5cneta%5cAppData%5cRoaming%5cKodi%5cuserdata%5caddon_data%5cplugin.video.telemedia%5clogo%5c-1001446460815_big.jpg&amp;isr=0&amp;last_id=0%24%24%240%24%24%240%24%24%240&amp;mode=2&amp;name=%5bCOLOR%20khaki%5d%d7%97%d7%a0%d7%a0%d7%90%d7%9c%20%d7%a1%d7%a8%d7%98%d7%99%d7%9d%20-%20%d7%a2%d7%a8%d7%95%d7%a5%20%d7%94%d7%a1%d7%93%d7%a8%d7%95%d7%aa%5b%2fCOLOR%5d&amp;original_title=%d7%97%d7%a0%d7%a0%d7%90%d7%9c%20%d7%a1%d7%a8%d7%98%d7%99%d7%9d%20-%20%d7%a2%d7%a8%d7%95%d7%a5%20%d7%94%d7%a1%d7%93%d7%a8%d7%95%d7%aa&amp;season=%20&amp;show_original_year=%20&amp;tmdbid=%20&amp;url=-1001446460815&quot;,return)"/>
<param name="content" value="plugin://plugin.video.telemedia/?data=0&amp;dates=%20&amp;description=%d7%91%d7%9c%d7%a2%d7%93%d7%99%20%d7%9c%d7%97%d7%a0%d7%a0%d7%90%d7%9c%20%d7%a1%d7%a8%d7%98%d7%99%d7%9d%e2%9d%97%f0%9f%93%a2%e2%9d%97%0a%0a%d7%90%d7%99%d7%9a%20%d7%9c%d7%9e%d7%9b%d7%95%d7%a8%20%d7%a1%d7%9e%d7%99%d7%9d%20%d7%91%d7%a8%d7%a9%d7%aa%20(%d7%91%d7%9e%d7%94%d7%99%d7%a8%d7%95%d7%aa)%0aHow%20to%20Sell%20Drugs%20Online%3a%20Fast%0a%0a%d7%a2%d7%95%d7%a0%d7%94%202%20%d7%a4%d7%a8%d7%a7%206%0a%0a%e2%9b%94%20%d7%a4%d7%a8%d7%a7%20%d7%90%d7%97%d7%a8%d7%95%d7%9f%20%d7%9c%d7%a2%d7%95%d7%a0%d7%94%20%e2%9b%94%0a%0a%d7%aa%d7%a8%d7%92%d7%95%d7%9d%20%d7%9e%d7%95%d7%91%d7%a0%d7%94.%f0%9f%92%ac%0a%d7%94%d7%a1%d7%93%d7%a8%d7%94%20%d7%91%d7%92%d7%a8%d7%9e%d7%a0%d7%99%d7%aa.%f0%9f%87%a9%f0%9f%87%aa%0a%d7%90%d7%99%d7%9b%d7%95%d7%aa%3a%20HDTV%20%2b%201080p%20HDTV.%20%f0%9f%98%8d%0a%d7%a9%d7%99%d7%93%d7%95%d7%a8%3a%202020%0a%0a%d7%aa%d7%a7%d7%a6%d7%99%d7%a8%3a%0a%d7%97%d7%a0%d7%95%d7%9f%20%d7%a6%d7%a2%d7%99%d7%a8%20%d7%9e%d7%aa%d7%97%d7%99%d7%9c%20%d7%9c%d7%9e%d7%9b%d7%95%d7%a8%20%d7%90%d7%a7%d7%a1%d7%98%d7%96%d7%99%20%d7%91%d7%90%d7%99%d7%a0%d7%98%d7%a8%d7%a0%d7%98%20%d7%9b%d7%93%d7%99%20%d7%9c%d7%96%d7%9b%d7%95%d7%aa%20%d7%a9%d7%95%d7%91%20%d7%91%d7%9c%d7%99%d7%91%d7%94%20%d7%a9%d7%9c%20%d7%94%d7%90%d7%a7%d7%a1%d7%99%d7%aa%20%d7%a9%d7%9c%d7%95%20%e2%80%93%20%d7%95%d7%94%d7%95%d7%a4%d7%9a%20%d7%9c%d7%90%d7%97%d7%93%20%d7%94%d7%a1%d7%95%d7%97%d7%a8%d7%99%d7%9d%20%d7%94%d7%92%d7%93%d7%95%d7%9c%d7%99%d7%9d%20%d7%91%d7%90%d7%99%d7%a8%d7%95%d7%a4%d7%94.%0a%0a%d7%9c%d7%94%d7%a6%d7%98%d7%a8%d7%a4%d7%95%d7%aa%e2%86%99%ef%b8%8f%0ahttps%3a%2f%2ft.me%2fChananel_Movies%0a%0a%d7%94%d7%95%d7%a2%d7%9c%d7%94%20%d7%a2%22%d7%99%20%d7%97%d7%a0%d7%a0%d7%90%d7%9c%20%d7%a1%d7%a8%d7%98%d7%99%d7%9d%e2%9d%a4%0a%0a%d7%a6%d7%a4%d7%99%d7%99%d7%94%20%d7%9e%d7%94%d7%a0%d7%94%20%f0%9f%98%8e%0afrom_plot&amp;eng_name=%20&amp;episode=%20&amp;fanart=C%3a%5cUsers%5cneta%5cAppData%5cRoaming%5cKodi%5cuserdata%5caddon_data%5cplugin.video.telemedia%5clogo%5c-1001446460815_big.jpg&amp;fav_status=false&amp;heb_name=%20&amp;iconimage=C%3a%5cUsers%5cneta%5cAppData%5cRoaming%5cKodi%5cuserdata%5caddon_data%5cplugin.video.telemedia%5clogo%5c-1001446460815_small.jpg&amp;id=%20&amp;image_master=C%3a%5cUsers%5cneta%5cAppData%5cRoaming%5cKodi%5cuserdata%5caddon_data%5cplugin.video.telemedia%5clogo%5c-1001446460815_small.jpg%24%24%24C%3a%5cUsers%5cneta%5cAppData%5cRoaming%5cKodi%5cuserdata%5caddon_data%5cplugin.video.telemedia%5clogo%5c-1001446460815_big.jpg&amp;isr=0&amp;last_id=0%24%24%240%24%24%240%24%24%240&amp;mode=2&amp;name=%5bCOLOR%20khaki%5d%d7%97%d7%a0%d7%a0%d7%90%d7%9c%20%d7%a1%d7%a8%d7%98%d7%99%d7%9d%20-%20%d7%a2%d7%a8%d7%95%d7%a5%20%d7%94%d7%a1%d7%93%d7%a8%d7%95%d7%aa%5b%2fCOLOR%5d&amp;original_title=%d7%97%d7%a0%d7%a0%d7%90%d7%9c%20%d7%a1%d7%a8%d7%98%d7%99%d7%9d%20-%20%d7%a2%d7%a8%d7%95%d7%a5%20%d7%94%d7%a1%d7%93%d7%a8%d7%95%d7%aa&amp;season=%20&amp;show_original_year=%20&amp;tmdbid=%20&amp;url=-1001446460815&quot"/>
</include>

<include content="teleepisoedgroups">
<param name="stringid" value="506"/>
<param name="itemidnumber" value="806"/>
<param name="buttononclick" value="ActivateWindow(10025,&quot;plugin://plugin.video.telemedia/?data=0&amp;dates=%20&amp;description=%0afrom_plot&amp;eng_name=%20&amp;episode=%20&amp;fanart=C%3a%5cUsers%5cneta%5cAppData%5cRoaming%5cKodi%5cuserdata%5caddon_data%5cplugin.video.telemedia%5clogo%5c-1001263688465_big.jpg&amp;fav_status=false&amp;heb_name=%20&amp;iconimage=C%3a%5cUsers%5cneta%5cAppData%5cRoaming%5cKodi%5cuserdata%5caddon_data%5cplugin.video.telemedia%5clogo%5c-1001263688465_small.jpg&amp;id=%20&amp;image_master=C%3a%5cUsers%5cneta%5cAppData%5cRoaming%5cKodi%5cuserdata%5caddon_data%5cplugin.video.telemedia%5clogo%5c-1001263688465_small.jpg%24%24%24C%3a%5cUsers%5cneta%5cAppData%5cRoaming%5cKodi%5cuserdata%5caddon_data%5cplugin.video.telemedia%5clogo%5c-1001263688465_big.jpg&amp;isr=0&amp;last_id=0%24%24%240%24%24%240%24%24%240&amp;mode=2&amp;name=%5bCOLOR%20khaki%5d%d7%a0%d7%aa%d7%99%20%d7%9e%d7%93%d7%99%d7%94%20-%20%d7%a1%d7%93%d7%a8%d7%95%d7%aa%20%d7%9c%d7%95%d7%a2%d7%96%d7%99%d7%95%d7%aa%5b%2fCOLOR%5d&amp;original_title=%d7%a0%d7%aa%d7%99%20%d7%9e%d7%93%d7%99%d7%94%20-%20%d7%a1%d7%93%d7%a8%d7%95%d7%aa%20%d7%9c%d7%95%d7%a2%d7%96%d7%99%d7%95%d7%aa&amp;season=%20&amp;show_original_year=%20&amp;tmdbid=%20&amp;url=-1001263688465&quot;,return)"/>
<param name="content" value="plugin://plugin.video.telemedia/?data=0&amp;dates=%20&amp;description=%0afrom_plot&amp;eng_name=%20&amp;episode=%20&amp;fanart=C%3a%5cUsers%5cneta%5cAppData%5cRoaming%5cKodi%5cuserdata%5caddon_data%5cplugin.video.telemedia%5clogo%5c-1001263688465_big.jpg&amp;fav_status=false&amp;heb_name=%20&amp;iconimage=C%3a%5cUsers%5cneta%5cAppData%5cRoaming%5cKodi%5cuserdata%5caddon_data%5cplugin.video.telemedia%5clogo%5c-1001263688465_small.jpg&amp;id=%20&amp;image_master=C%3a%5cUsers%5cneta%5cAppData%5cRoaming%5cKodi%5cuserdata%5caddon_data%5cplugin.video.telemedia%5clogo%5c-1001263688465_small.jpg%24%24%24C%3a%5cUsers%5cneta%5cAppData%5cRoaming%5cKodi%5cuserdata%5caddon_data%5cplugin.video.telemedia%5clogo%5c-1001263688465_big.jpg&amp;isr=0&amp;last_id=0%24%24%240%24%24%240%24%24%240&amp;mode=2&amp;name=%5bCOLOR%20khaki%5d%d7%a0%d7%aa%d7%99%20%d7%9e%d7%93%d7%99%d7%94%20-%20%d7%a1%d7%93%d7%a8%d7%95%d7%aa%20%d7%9c%d7%95%d7%a2%d7%96%d7%99%d7%95%d7%aa%5b%2fCOLOR%5d&amp;original_title=%d7%a0%d7%aa%d7%99%20%d7%9e%d7%93%d7%99%d7%94%20-%20%d7%a1%d7%93%d7%a8%d7%95%d7%aa%20%d7%9c%d7%95%d7%a2%d7%96%d7%99%d7%95%d7%aa&amp;season=%20&amp;show_original_year=%20&amp;tmdbid=%20&amp;url=-1001263688465&quot"/>
</include>

<include content="teleepisoedgroups">
<param name="stringid" value="507"/>
<param name="itemidnumber" value="807"/>
<param name="buttononclick" value="ActivateWindow(10025,&quot;plugin://plugin.video.telemedia/?data=0&amp;dates=%20&amp;description=%d7%a9%d7%91%d7%aa%20%d7%a9%d7%9c%d7%95%d7%9d%e2%9d%a3%0afrom_plot&amp;eng_name=%20&amp;episode=%20&amp;fanart=C%3a%5cUsers%5cneta%5cAppData%5cRoaming%5cKodi%5cuserdata%5caddon_data%5cplugin.video.telemedia%5clogo%5c-1001176071512_big.jpg&amp;fav_status=false&amp;heb_name=%20&amp;iconimage=C%3a%5cUsers%5cneta%5cAppData%5cRoaming%5cKodi%5cuserdata%5caddon_data%5cplugin.video.telemedia%5clogo%5c-1001176071512_small.jpg&amp;id=%20&amp;image_master=C%3a%5cUsers%5cneta%5cAppData%5cRoaming%5cKodi%5cuserdata%5caddon_data%5cplugin.video.telemedia%5clogo%5c-1001176071512_small.jpg%24%24%24C%3a%5cUsers%5cneta%5cAppData%5cRoaming%5cKodi%5cuserdata%5caddon_data%5cplugin.video.telemedia%5clogo%5c-1001176071512_big.jpg&amp;isr=0&amp;last_id=0%24%24%240%24%24%240%24%24%240&amp;mode=2&amp;name=%5bCOLOR%20khaki%5d%d7%93%d7%91%20%d7%a1%d7%a8%d7%98%d7%99%d7%9d%20-%20%d7%a2%d7%a8%d7%95%d7%a5%20%d7%94%d7%a1%d7%93%d7%a8%d7%95%d7%aa%5b%2fCOLOR%5d&amp;original_title=%d7%93%d7%91%20%d7%a1%d7%a8%d7%98%d7%99%d7%9d%20-%20%d7%a2%d7%a8%d7%95%d7%a5%20%d7%94%d7%a1%d7%93%d7%a8%d7%95%d7%aa&amp;season=%20&amp;show_original_year=%20&amp;tmdbid=%20&amp;url=-1001176071512&quot;,return)"/>
<param name="content" value="plugin://plugin.video.telemedia/?data=0&amp;dates=%20&amp;description=%d7%a9%d7%91%d7%aa%20%d7%a9%d7%9c%d7%95%d7%9d%e2%9d%a3%0afrom_plot&amp;eng_name=%20&amp;episode=%20&amp;fanart=C%3a%5cUsers%5cneta%5cAppData%5cRoaming%5cKodi%5cuserdata%5caddon_data%5cplugin.video.telemedia%5clogo%5c-1001176071512_big.jpg&amp;fav_status=false&amp;heb_name=%20&amp;iconimage=C%3a%5cUsers%5cneta%5cAppData%5cRoaming%5cKodi%5cuserdata%5caddon_data%5cplugin.video.telemedia%5clogo%5c-1001176071512_small.jpg&amp;id=%20&amp;image_master=C%3a%5cUsers%5cneta%5cAppData%5cRoaming%5cKodi%5cuserdata%5caddon_data%5cplugin.video.telemedia%5clogo%5c-1001176071512_small.jpg%24%24%24C%3a%5cUsers%5cneta%5cAppData%5cRoaming%5cKodi%5cuserdata%5caddon_data%5cplugin.video.telemedia%5clogo%5c-1001176071512_big.jpg&amp;isr=0&amp;last_id=0%24%24%240%24%24%240%24%24%240&amp;mode=2&amp;name=%5bCOLOR%20khaki%5d%d7%93%d7%91%20%d7%a1%d7%a8%d7%98%d7%99%d7%9d%20-%20%d7%a2%d7%a8%d7%95%d7%a5%20%d7%94%d7%a1%d7%93%d7%a8%d7%95%d7%aa%5b%2fCOLOR%5d&amp;original_title=%d7%93%d7%91%20%d7%a1%d7%a8%d7%98%d7%99%d7%9d%20-%20%d7%a2%d7%a8%d7%95%d7%a5%20%d7%94%d7%a1%d7%93%d7%a8%d7%95%d7%aa&amp;season=%20&amp;show_original_year=%20&amp;tmdbid=%20&amp;url=-1001176071512&quot"/>
</include>

<include content="teleepisoedgroups">
<param name="stringid" value="509"/>
<param name="itemidnumber" value="809"/>
<param name="buttononclick" value="ActivateWindow(10025,&quot;plugin://plugin.video.telemedia/?data=0&amp;dates=%20&amp;description=%d7%a2%d7%95%d7%9c%d7%9d%20%d7%94%d7%9e%d7%93%d7%99%d7%94%20%f0%9f%92%bb%f0%9f%93%ba%20%d7%a1%d7%93%d7%a8%d7%95%d7%aa%20%d7%91%d7%a1%d7%a4%d7%a8%d7%93%d7%99%d7%aa%f0%9f%87%aa%f0%9f%87%b8%20%f0%9f%87%aa%f0%9f%87%b8%0a%0a%0a%e2%9a%9c%20%d7%90%d7%94%d7%91%d7%94%20%d7%9e%d7%a0%d7%a6%d7%97%d7%aa%20-%20Triunfo%20del%20amor%0a%0a%e2%9a%9c%20%d7%91%d7%99%d7%aa%20%d7%94%d7%a0%d7%99%d7%99%d7%a8%20-%20Money%20Heist%0a%0a%e2%9a%9c%20%d7%97%d7%99%d7%99%d7%9d%20%d7%a9%d7%9c%d7%99%20-%20Sos%20mi%20vida%0a%0a%e2%9a%9c%20%d7%a8%d7%95%d7%91%d7%99%20-%20Rwby%0a%0a%e2%9a%9c%20%d7%90%d7%99%d7%a9%d7%94%20%d7%a8%d7%a2%d7%94%20-%20La%20dona%0a%0a%e2%9a%9c%20%d7%90%d7%a1%d7%a4%d7%a8%d7%a0%d7%a1%d7%94%20-%20Esperanza%20mia%0a%0a%e2%9a%9c%20%d7%aa%d7%a9%d7%95%d7%a7%d7%aa%20%d7%94%d7%a0%d7%a6%d7%99%d7%9d%20-%20Pasi%c3%b3n%20De%20Gavilanes%0a%0a%e2%9a%9c%20%d7%9c%d7%90%d7%94%d7%95%d7%91%20%d7%a2%d7%93%20%d7%9e%d7%95%d7%95%d7%aa%20-%20Amar%20a%20muerte%0a%0a%0a%d7%95%d7%9c%d7%a2%d7%95%d7%93%20%d7%a1%d7%93%d7%a8%d7%95%d7%aa%20%d7%91%d7%a1%d7%a4%d7%a8%d7%93%d7%99%d7%aa%f0%9f%98%8b%20%d7%91%d7%90%d7%99%d7%9b%d7%95%d7%99%d7%95%d7%aa%f0%9f%94%a5%0a%d7%9c%d7%97%d7%a6%d7%95%20%d7%a2%d7%9c%20%d7%94%d7%a7%d7%99%d7%a9%d7%95%d7%a8%20%d7%94%d7%91%d7%90%20%e2%86%99%ef%b8%8f%0ahttps%3a%2f%2ft.me%2fjoinchat%2fAAAAAEWu18CBptmjr2-CRw%0a%0a%d7%9c%d7%a9%d7%90%d7%a8%20%d7%94%d7%a7%d7%91%d7%95%d7%a6%d7%95%d7%aa%20%d7%95%d7%94%d7%a2%d7%a8%d7%95%d7%a6%d7%99%d7%9d%f0%9f%91%a5%e2%86%99%ef%b8%8f%0ahttps%3a%2f%2ft.me%2fThe_media_world%20%f0%9f%93%ba%0afrom_plot&amp;eng_name=%20&amp;episode=%20&amp;fanart=C%3a%5cUsers%5cneta%5cAppData%5cRoaming%5cKodi%5cuserdata%5caddon_data%5cplugin.video.telemedia%5clogo%5c-1001187672566_big.jpg&amp;fav_status=false&amp;heb_name=%20&amp;iconimage=C%3a%5cUsers%5cneta%5cAppData%5cRoaming%5cKodi%5cuserdata%5caddon_data%5cplugin.video.telemedia%5clogo%5c-1001187672566_small.jpg&amp;id=%20&amp;image_master=C%3a%5cUsers%5cneta%5cAppData%5cRoaming%5cKodi%5cuserdata%5caddon_data%5cplugin.video.telemedia%5clogo%5c-1001187672566_small.jpg%24%24%24C%3a%5cUsers%5cneta%5cAppData%5cRoaming%5cKodi%5cuserdata%5caddon_data%5cplugin.video.telemedia%5clogo%5c-1001187672566_big.jpg&amp;isr=0&amp;last_id=0%24%24%240%24%24%240%24%24%240&amp;mode=2&amp;name=%5bCOLOR%20khaki%5d%d7%a2%d7%a8%d7%95%d7%a5%20%d7%a1%d7%93%d7%a8%d7%95%d7%aa%20-%20%d7%a2%d7%95%d7%9c%d7%9d%20%d7%94%d7%9e%d7%93%d7%99%d7%94%5b%2fCOLOR%5d&amp;original_title=%d7%a2%d7%a8%d7%95%d7%a5%20%d7%a1%d7%93%d7%a8%d7%95%d7%aa%20-%20%d7%a2%d7%95%d7%9c%d7%9d%20%d7%94%d7%9e%d7%93%d7%99%d7%94&amp;season=%20&amp;show_original_year=%20&amp;tmdbid=%20&amp;url=-1001187672566&quot;,return)"/>
<param name="content" value="plugin://plugin.video.telemedia/?data=0&amp;dates=%20&amp;description=%d7%a2%d7%95%d7%9c%d7%9d%20%d7%94%d7%9e%d7%93%d7%99%d7%94%20%f0%9f%92%bb%f0%9f%93%ba%20%d7%a1%d7%93%d7%a8%d7%95%d7%aa%20%d7%91%d7%a1%d7%a4%d7%a8%d7%93%d7%99%d7%aa%f0%9f%87%aa%f0%9f%87%b8%20%f0%9f%87%aa%f0%9f%87%b8%0a%0a%0a%e2%9a%9c%20%d7%90%d7%94%d7%91%d7%94%20%d7%9e%d7%a0%d7%a6%d7%97%d7%aa%20-%20Triunfo%20del%20amor%0a%0a%e2%9a%9c%20%d7%91%d7%99%d7%aa%20%d7%94%d7%a0%d7%99%d7%99%d7%a8%20-%20Money%20Heist%0a%0a%e2%9a%9c%20%d7%97%d7%99%d7%99%d7%9d%20%d7%a9%d7%9c%d7%99%20-%20Sos%20mi%20vida%0a%0a%e2%9a%9c%20%d7%a8%d7%95%d7%91%d7%99%20-%20Rwby%0a%0a%e2%9a%9c%20%d7%90%d7%99%d7%a9%d7%94%20%d7%a8%d7%a2%d7%94%20-%20La%20dona%0a%0a%e2%9a%9c%20%d7%90%d7%a1%d7%a4%d7%a8%d7%a0%d7%a1%d7%94%20-%20Esperanza%20mia%0a%0a%e2%9a%9c%20%d7%aa%d7%a9%d7%95%d7%a7%d7%aa%20%d7%94%d7%a0%d7%a6%d7%99%d7%9d%20-%20Pasi%c3%b3n%20De%20Gavilanes%0a%0a%e2%9a%9c%20%d7%9c%d7%90%d7%94%d7%95%d7%91%20%d7%a2%d7%93%20%d7%9e%d7%95%d7%95%d7%aa%20-%20Amar%20a%20muerte%0a%0a%0a%d7%95%d7%9c%d7%a2%d7%95%d7%93%20%d7%a1%d7%93%d7%a8%d7%95%d7%aa%20%d7%91%d7%a1%d7%a4%d7%a8%d7%93%d7%99%d7%aa%f0%9f%98%8b%20%d7%91%d7%90%d7%99%d7%9b%d7%95%d7%99%d7%95%d7%aa%f0%9f%94%a5%0a%d7%9c%d7%97%d7%a6%d7%95%20%d7%a2%d7%9c%20%d7%94%d7%a7%d7%99%d7%a9%d7%95%d7%a8%20%d7%94%d7%91%d7%90%20%e2%86%99%ef%b8%8f%0ahttps%3a%2f%2ft.me%2fjoinchat%2fAAAAAEWu18CBptmjr2-CRw%0a%0a%d7%9c%d7%a9%d7%90%d7%a8%20%d7%94%d7%a7%d7%91%d7%95%d7%a6%d7%95%d7%aa%20%d7%95%d7%94%d7%a2%d7%a8%d7%95%d7%a6%d7%99%d7%9d%f0%9f%91%a5%e2%86%99%ef%b8%8f%0ahttps%3a%2f%2ft.me%2fThe_media_world%20%f0%9f%93%ba%0afrom_plot&amp;eng_name=%20&amp;episode=%20&amp;fanart=C%3a%5cUsers%5cneta%5cAppData%5cRoaming%5cKodi%5cuserdata%5caddon_data%5cplugin.video.telemedia%5clogo%5c-1001187672566_big.jpg&amp;fav_status=false&amp;heb_name=%20&amp;iconimage=C%3a%5cUsers%5cneta%5cAppData%5cRoaming%5cKodi%5cuserdata%5caddon_data%5cplugin.video.telemedia%5clogo%5c-1001187672566_small.jpg&amp;id=%20&amp;image_master=C%3a%5cUsers%5cneta%5cAppData%5cRoaming%5cKodi%5cuserdata%5caddon_data%5cplugin.video.telemedia%5clogo%5c-1001187672566_small.jpg%24%24%24C%3a%5cUsers%5cneta%5cAppData%5cRoaming%5cKodi%5cuserdata%5caddon_data%5cplugin.video.telemedia%5clogo%5c-1001187672566_big.jpg&amp;isr=0&amp;last_id=0%24%24%240%24%24%240%24%24%240&amp;mode=2&amp;name=%5bCOLOR%20khaki%5d%d7%a2%d7%a8%d7%95%d7%a5%20%d7%a1%d7%93%d7%a8%d7%95%d7%aa%20-%20%d7%a2%d7%95%d7%9c%d7%9d%20%d7%94%d7%9e%d7%93%d7%99%d7%94%5b%2fCOLOR%5d&amp;original_title=%d7%a2%d7%a8%d7%95%d7%a5%20%d7%a1%d7%93%d7%a8%d7%95%d7%aa%20-%20%d7%a2%d7%95%d7%9c%d7%9d%20%d7%94%d7%9e%d7%93%d7%99%d7%94&amp;season=%20&amp;show_original_year=%20&amp;tmdbid=%20&amp;url=-1001187672566&quot"/>
</include>

<include content="teleepisoedgroups">
<param name="stringid" value="511"/>
<param name="itemidnumber" value="811"/>
<param name="buttononclick" value="ActivateWindow(10025,&quot;plugin://plugin.video.telemedia/?data=0&amp;dates=%20&amp;description=%f0%9f%8c%90%f0%9f%8e%9e%20%d7%9e%d7%a9%d7%94%20%d7%a1%d7%93%d7%a8%d7%95%d7%aa%20%d7%90%d7%9e%d7%a8%d7%99%d7%a7%d7%90%d7%99%d7%95%d7%aa%20%f0%9f%8e%9e%f0%9f%8c%90%0a%0a%d7%a6%d7%95%d7%95%d7%aa%20%22%d7%9e%d7%a9%d7%94%20%d7%a1%d7%93%d7%a8%d7%95%d7%aa%22%20%f0%9f%8e%9e%20%0a%d7%9e%d7%90%d7%97%d7%9c%20%d7%9c%d7%9b%d7%9c%20%d7%9e%d7%a9%d7%aa%d7%9e%d7%a9%d7%99%20%d7%94%d7%a2%d7%a8%d7%95%d7%a5%20%0a%d7%a9%d7%91%d7%aa%20%d7%a9%d7%9c%d7%95%d7%9d%20%f0%9f%a4%9d%e2%9d%a4%ef%b8%8f%f0%9f%98%8d%20%e2%9d%a4%ef%b8%8f%f0%9f%98%8d%0a%d7%a0%d7%aa%d7%a8%d7%90%d7%94%20%d7%91%d7%9e%d7%95%d7%a6%d7%90%22%d7%a9%20%e2%9c%8c%ef%b8%8f%f0%9f%a4%9e%f0%9f%a4%9f%0a%0a%d7%a0.%d7%91%20%d7%90%d7%a1%d7%95%d7%a8%20%d7%9c%d7%93%d7%91%d7%a8%20%d7%91%d7%a7%d7%91%d7%95%d7%a6%d7%94%20%d7%a2%d7%93%20%d7%9e%d7%95%d7%a6%d7%90%d7%99%20%d7%a9%d7%91%d7%aa%0afrom_plot&amp;eng_name=%20&amp;episode=%20&amp;fanart=C%3a%5cUsers%5cneta%5cAppData%5cRoaming%5cKodi%5cuserdata%5caddon_data%5cplugin.video.telemedia%5clogo%5c-1001070679095_big.jpg&amp;fav_status=false&amp;heb_name=%20&amp;iconimage=C%3a%5cUsers%5cneta%5cAppData%5cRoaming%5cKodi%5cuserdata%5caddon_data%5cplugin.video.telemedia%5clogo%5c-1001070679095_small.jpg&amp;id=%20&amp;image_master=C%3a%5cUsers%5cneta%5cAppData%5cRoaming%5cKodi%5cuserdata%5caddon_data%5cplugin.video.telemedia%5clogo%5c-1001070679095_small.jpg%24%24%24C%3a%5cUsers%5cneta%5cAppData%5cRoaming%5cKodi%5cuserdata%5caddon_data%5cplugin.video.telemedia%5clogo%5c-1001070679095_big.jpg&amp;isr=0&amp;last_id=0%24%24%240%24%24%240%24%24%240&amp;mode=2&amp;name=%5bCOLOR%20khaki%5d%d7%9e%d7%a9%d7%94%20%d7%a1%d7%93%d7%a8%d7%95%d7%aa%20%d7%90%d7%9e%d7%a8%d7%99%d7%a7%d7%90%d7%99%d7%95%d7%aa%e2%81%a6%f0%9f%8e%9e%ef%b8%8f%e2%81%a9%f0%9f%8c%90%5b%2fCOLOR%5d&amp;original_title=%d7%9e%d7%a9%d7%94%20%d7%a1%d7%93%d7%a8%d7%95%d7%aa%20%d7%90%d7%9e%d7%a8%d7%99%d7%a7%d7%90%d7%99%d7%95%d7%aa%e2%81%a6%f0%9f%8e%9e%ef%b8%8f%e2%81%a9%f0%9f%8c%90&amp;season=%20&amp;show_original_year=%20&amp;tmdbid=%20&amp;url=-1001070679095&quot;,return)"/>
<param name="content" value="plugin://plugin.video.telemedia/?data=0&amp;dates=%20&amp;description=%f0%9f%8c%90%f0%9f%8e%9e%20%d7%9e%d7%a9%d7%94%20%d7%a1%d7%93%d7%a8%d7%95%d7%aa%20%d7%90%d7%9e%d7%a8%d7%99%d7%a7%d7%90%d7%99%d7%95%d7%aa%20%f0%9f%8e%9e%f0%9f%8c%90%0a%0a%d7%a6%d7%95%d7%95%d7%aa%20%22%d7%9e%d7%a9%d7%94%20%d7%a1%d7%93%d7%a8%d7%95%d7%aa%22%20%f0%9f%8e%9e%20%0a%d7%9e%d7%90%d7%97%d7%9c%20%d7%9c%d7%9b%d7%9c%20%d7%9e%d7%a9%d7%aa%d7%9e%d7%a9%d7%99%20%d7%94%d7%a2%d7%a8%d7%95%d7%a5%20%0a%d7%a9%d7%91%d7%aa%20%d7%a9%d7%9c%d7%95%d7%9d%20%f0%9f%a4%9d%e2%9d%a4%ef%b8%8f%f0%9f%98%8d%20%e2%9d%a4%ef%b8%8f%f0%9f%98%8d%0a%d7%a0%d7%aa%d7%a8%d7%90%d7%94%20%d7%91%d7%9e%d7%95%d7%a6%d7%90%22%d7%a9%20%e2%9c%8c%ef%b8%8f%f0%9f%a4%9e%f0%9f%a4%9f%0a%0a%d7%a0.%d7%91%20%d7%90%d7%a1%d7%95%d7%a8%20%d7%9c%d7%93%d7%91%d7%a8%20%d7%91%d7%a7%d7%91%d7%95%d7%a6%d7%94%20%d7%a2%d7%93%20%d7%9e%d7%95%d7%a6%d7%90%d7%99%20%d7%a9%d7%91%d7%aa%0afrom_plot&amp;eng_name=%20&amp;episode=%20&amp;fanart=C%3a%5cUsers%5cneta%5cAppData%5cRoaming%5cKodi%5cuserdata%5caddon_data%5cplugin.video.telemedia%5clogo%5c-1001070679095_big.jpg&amp;fav_status=false&amp;heb_name=%20&amp;iconimage=C%3a%5cUsers%5cneta%5cAppData%5cRoaming%5cKodi%5cuserdata%5caddon_data%5cplugin.video.telemedia%5clogo%5c-1001070679095_small.jpg&amp;id=%20&amp;image_master=C%3a%5cUsers%5cneta%5cAppData%5cRoaming%5cKodi%5cuserdata%5caddon_data%5cplugin.video.telemedia%5clogo%5c-1001070679095_small.jpg%24%24%24C%3a%5cUsers%5cneta%5cAppData%5cRoaming%5cKodi%5cuserdata%5caddon_data%5cplugin.video.telemedia%5clogo%5c-1001070679095_big.jpg&amp;isr=0&amp;last_id=0%24%24%240%24%24%240%24%24%240&amp;mode=2&amp;name=%5bCOLOR%20khaki%5d%d7%9e%d7%a9%d7%94%20%d7%a1%d7%93%d7%a8%d7%95%d7%aa%20%d7%90%d7%9e%d7%a8%d7%99%d7%a7%d7%90%d7%99%d7%95%d7%aa%e2%81%a6%f0%9f%8e%9e%ef%b8%8f%e2%81%a9%f0%9f%8c%90%5b%2fCOLOR%5d&amp;original_title=%d7%9e%d7%a9%d7%94%20%d7%a1%d7%93%d7%a8%d7%95%d7%aa%20%d7%90%d7%9e%d7%a8%d7%99%d7%a7%d7%90%d7%99%d7%95%d7%aa%e2%81%a6%f0%9f%8e%9e%ef%b8%8f%e2%81%a9%f0%9f%8c%90&amp;season=%20&amp;show_original_year=%20&amp;tmdbid=%20&amp;url=-1001070679095&quot"/>
</include>

<include content="teleepisoedgroups">
<param name="stringid" value="512"/>
<param name="itemidnumber" value="812"/>
<param name="buttononclick" value="ActivateWindow(10025,&quot;plugin://plugin.video.telemedia/?data=0&amp;dates=%20&amp;description=%d7%a9%d7%91%d7%aa%20%d7%a9%d7%9c%d7%95%d7%9d%f0%9f%92%90%0a%d7%a0%d7%a9%d7%95%d7%91%20%d7%91%d7%9e%d7%95%d7%a6%d7%90%d7%a9%0afrom_plot&amp;eng_name=%20&amp;episode=%20&amp;fanart=C%3a%5cUsers%5cneta%5cAppData%5cRoaming%5cKodi%5cuserdata%5caddon_data%5cplugin.video.telemedia%5clogo%5c-1001163146338_big.jpg&amp;fav_status=false&amp;heb_name=%20&amp;iconimage=C%3a%5cUsers%5cneta%5cAppData%5cRoaming%5cKodi%5cuserdata%5caddon_data%5cplugin.video.telemedia%5clogo%5c-1001163146338_small.jpg&amp;id=%20&amp;image_master=C%3a%5cUsers%5cneta%5cAppData%5cRoaming%5cKodi%5cuserdata%5caddon_data%5cplugin.video.telemedia%5clogo%5c-1001163146338_small.jpg%24%24%24C%3a%5cUsers%5cneta%5cAppData%5cRoaming%5cKodi%5cuserdata%5caddon_data%5cplugin.video.telemedia%5clogo%5c-1001163146338_big.jpg&amp;isr=0&amp;last_id=0%24%24%240%24%24%240%24%24%240&amp;mode=2&amp;name=%5bCOLOR%20lightblue%5d%e2%9a%9c%d7%94%d7%a2%d7%95%d7%9c%d7%9d%20%d7%94%d7%98%d7%95%d7%a8%d7%a7%d7%99%20%d7%a9%d7%9c%20%d7%90%d7%a8%d7%99%20%d7%9e%d7%93%d7%99%d7%94%20%e2%9a%9c%5b%2fCOLOR%5d&amp;original_title=%e2%9a%9c%d7%94%d7%a2%d7%95%d7%9c%d7%9d%20%d7%94%d7%98%d7%95%d7%a8%d7%a7%d7%99%20%d7%a9%d7%9c%20%d7%90%d7%a8%d7%99%20%d7%9e%d7%93%d7%99%d7%94%20%e2%9a%9c&amp;season=%20&amp;show_original_year=%20&amp;tmdbid=%20&amp;url=-1001163146338&quot;,return)"/>
<param name="content" value="plugin://plugin.video.telemedia/?data=0&amp;dates=%20&amp;description=%d7%a9%d7%91%d7%aa%20%d7%a9%d7%9c%d7%95%d7%9d%f0%9f%92%90%0a%d7%a0%d7%a9%d7%95%d7%91%20%d7%91%d7%9e%d7%95%d7%a6%d7%90%d7%a9%0afrom_plot&amp;eng_name=%20&amp;episode=%20&amp;fanart=C%3a%5cUsers%5cneta%5cAppData%5cRoaming%5cKodi%5cuserdata%5caddon_data%5cplugin.video.telemedia%5clogo%5c-1001163146338_big.jpg&amp;fav_status=false&amp;heb_name=%20&amp;iconimage=C%3a%5cUsers%5cneta%5cAppData%5cRoaming%5cKodi%5cuserdata%5caddon_data%5cplugin.video.telemedia%5clogo%5c-1001163146338_small.jpg&amp;id=%20&amp;image_master=C%3a%5cUsers%5cneta%5cAppData%5cRoaming%5cKodi%5cuserdata%5caddon_data%5cplugin.video.telemedia%5clogo%5c-1001163146338_small.jpg%24%24%24C%3a%5cUsers%5cneta%5cAppData%5cRoaming%5cKodi%5cuserdata%5caddon_data%5cplugin.video.telemedia%5clogo%5c-1001163146338_big.jpg&amp;isr=0&amp;last_id=0%24%24%240%24%24%240%24%24%240&amp;mode=2&amp;name=%5bCOLOR%20lightblue%5d%e2%9a%9c%d7%94%d7%a2%d7%95%d7%9c%d7%9d%20%d7%94%d7%98%d7%95%d7%a8%d7%a7%d7%99%20%d7%a9%d7%9c%20%d7%90%d7%a8%d7%99%20%d7%9e%d7%93%d7%99%d7%94%20%e2%9a%9c%5b%2fCOLOR%5d&amp;original_title=%e2%9a%9c%d7%94%d7%a2%d7%95%d7%9c%d7%9d%20%d7%94%d7%98%d7%95%d7%a8%d7%a7%d7%99%20%d7%a9%d7%9c%20%d7%90%d7%a8%d7%99%20%d7%9e%d7%93%d7%99%d7%94%20%e2%9a%9c&amp;season=%20&amp;show_original_year=%20&amp;tmdbid=%20&amp;url=-1001163146338&quot"/>
</include>

<include content="teleepisoedgroups">
<param name="stringid" value="513"/>
<param name="itemidnumber" value="813"/>
<param name="buttononclick" value="ActivateWindow(10025,&quot;plugin://plugin.video.telemedia/?data=0&amp;dates=%20&amp;description=%d7%9c%d7%a7%d7%a8%d7%90%d7%aa%20%d7%a4%d7%a8%d7%a7%20%d7%94%d7%91%d7%9b%d7%95%d7%a8%d7%94%20%d7%a9%d7%9c%20%d7%94%d7%93%d7%a8%d7%9e%d7%94%20%d7%94%d7%98%d7%95%d7%a8%d7%a7%d7%99%d7%aa%20%22%d7%94%d7%99%d7%9c%d7%93%22%20%d7%a9%d7%99%d7%a9%d7%95%d7%93%d7%a8%20%d7%91%d7%99%d7%95%d7%9d%20%d7%a8%d7%90%d7%a9%d7%95%d7%9f%20%d7%94%d7%a7%d7%a8%d7%95%d7%91%2026.7%20%d7%91%d7%a9%d7%a2%d7%94%2020%3a40%20%d7%91%d7%a2%d7%a8%d7%95%d7%a5%20%d7%94%d7%93%d7%a8%d7%9e%d7%95%d7%aa%20%d7%94%d7%98%d7%95%d7%a8%d7%a7%d7%99%d7%95%d7%aa%2b%20%d7%91%d7%9b%d7%99%d7%9b%d7%95%d7%91%d7%9d%20%d7%a9%d7%9c%20%d7%a0%d7%90%d7%96%d7%9f%20%d7%a7%d7%a1%d7%9c%20(%22%d7%a4%d7%96%d7%99%d7%9c%d7%98%22)%20%d7%95%d7%a1%d7%a8%d7%90%d7%94%d7%98%20%d7%aa%27%d7%90%d7%95%d7%9e%d7%9f%2c%20%d7%94%d7%9b%d7%99%d7%a8%d7%95%20%d7%90%d7%aa%20%d7%90%d7%a4%d7%94.%0a%0a%e2%80%a2%20%d7%90%d7%a4%d7%94%20%d7%94%d7%95%d7%90%20%d7%99%d7%9c%d7%93%20%d7%a8%d7%92%d7%99%d7%a9%20%d7%95%d7%98%d7%95%d7%91%20%d7%9c%d7%91%20%d7%a9%d7%a8%d7%a7%20%d7%9e%d7%97%d7%a4%d7%a9%20%d7%90%d7%94%d7%91%d7%aa%20%d7%90%d7%9d%20%d7%95%d7%94%d7%95%d7%90%20%d7%99%d7%a2%d7%a9%d7%94%20%d7%94%d7%9b%d7%9c%20%d7%9b%d7%93%d7%99%20%d7%a9%d7%90%d7%9e%d7%90%20%d7%a9%d7%9c%d7%95%20%d7%aa%d7%90%d7%94%d7%91%20%d7%90%d7%95%d7%aa%d7%95%20.%d7%90%d7%99%d7%9e%d7%95%20%d7%94%d7%91%d7%99%d7%95%d7%9c%d7%95%d7%92%d7%99%d7%aa%20%d7%a9%d7%9c%20%d7%90%d7%a4%d7%94%20%d7%94%d7%99%d7%aa%d7%94%20%d7%91%d7%9e%d7%a6%d7%95%d7%a7%d7%94%20%d7%95%d7%95%d7%99%d7%aa%d7%a8%d7%94%20%d7%a2%d7%9c%20%d7%90%d7%9e%d7%94%d7%95%d7%aa%d7%94%20%d7%a2%d7%9c%20%d7%9e%d7%a0%d7%aa%20%d7%9c%d7%aa%d7%aa%20%d7%9c%d7%90%d7%a4%d7%94%20%d7%a2%d7%aa%d7%99%d7%93%20%d7%98%d7%95%d7%91%20%d7%99%d7%95%d7%aa%d7%a8.%20%d7%a9%d7%95%d7%9c%d7%94%2c%20%d7%9b%d7%9c%d7%94%20%d7%a9%d7%9c%20%d7%9e%d7%a9%d7%a4%d7%97%d7%94%20%d7%a2%d7%a9%d7%99%d7%a8%d7%94%2c%20%d7%9e%d7%91%d7%98%d7%99%d7%97%d7%94%20%d7%9c%d7%94%d7%99%d7%95%d7%aa%20%d7%90%d7%9d%20%d7%9c%d7%aa%d7%99%d7%a0%d7%95%d7%a7%20%d7%a9%d7%9c%d7%94%20%d7%9c%d7%9b%d7%9c%20%d7%94%d7%97%d7%99%d7%99%d7%9d%20%d7%95%d7%9e%d7%92%d7%93%d7%9c%d7%aa%20%d7%90%d7%95%d7%aa%d7%95.%20%d7%94%d7%93%d7%91%d7%a8%d7%99%d7%9d%20%d7%9e%d7%a9%d7%aa%d7%a0%d7%99%d7%9d%20%d7%a2%d7%9d%20%d7%9c%d7%99%d7%93%d7%aa%d7%95%20%d7%a9%d7%9c%20%d7%94%d7%99%d7%9c%d7%93%20%d7%a9%d7%9c%20%d7%a9%d7%95%d7%9c%d7%94%20%d7%a2%d7%a6%d7%9e%d7%94.%0a%0a%22%d7%94%d7%99%d7%9c%d7%93%22%20-%20%d7%a4%d7%a8%d7%a7%20%d7%94%d7%91%d7%9b%d7%95%d7%a8%d7%94%2026.7%20%d7%91%d7%a9%d7%a2%d7%94%2020%3a40%20%d7%91%d7%a2%d7%a8%d7%95%d7%a5%20%d7%94%d7%93%d7%a8%d7%9e%d7%95%d7%aa%20%d7%94%d7%98%d7%95%d7%a8%d7%a7%d7%99%d7%95%d7%aa%2b%0a%0a%d7%94%d7%99%d7%9c%d7%93%20%20%20%d7%a2%d7%a8%d7%95%d7%a5%20%d7%94%d7%a1%d7%93%d7%a8%d7%94%20%e2%86%99%ef%b8%8f%0ahttps%3a%2f%2ft.me%2fjoinchat%2fAAAAAFGEM3TKT-8PqPLr2Q%0a%0a%f0%9f%91%88%20%d7%a4%d7%a8%d7%a7%20%d7%94%d7%91%d7%9b%d7%95%d7%a8%d7%94%20%d7%9e%d7%97%d7%9b%d7%94%20%d7%9c%d7%9b%d7%9d%20%d7%91%d7%a2%d7%a8%d7%95%d7%a5%20%d7%94%d7%a1%d7%93%d7%a8%d7%94%20%f0%9f%91%89%0afrom_plot&amp;eng_name=%20&amp;episode=%20&amp;fanart=C%3a%5cUsers%5cneta%5cAppData%5cRoaming%5cKodi%5cuserdata%5caddon_data%5cplugin.video.telemedia%5clogo%5c-1001353450963_big.jpg&amp;fav_status=false&amp;heb_name=%20&amp;iconimage=C%3a%5cUsers%5cneta%5cAppData%5cRoaming%5cKodi%5cuserdata%5caddon_data%5cplugin.video.telemedia%5clogo%5c-1001353450963_small.jpg&amp;id=%20&amp;image_master=C%3a%5cUsers%5cneta%5cAppData%5cRoaming%5cKodi%5cuserdata%5caddon_data%5cplugin.video.telemedia%5clogo%5c-1001353450963_small.jpg%24%24%24C%3a%5cUsers%5cneta%5cAppData%5cRoaming%5cKodi%5cuserdata%5caddon_data%5cplugin.video.telemedia%5clogo%5c-1001353450963_big.jpg&amp;isr=0&amp;last_id=0%24%24%240%24%24%240%24%24%240&amp;mode=2&amp;name=%5bCOLOR%20khaki%5d%d7%93%d7%91%20%d7%a1%d7%93%d7%a8%d7%95%d7%aa%20%d7%98%d7%95%d7%a8%d7%a7%d7%99%d7%95%d7%aa%20-%20%d7%94%d7%a2%d7%a8%d7%95%d7%a5%5b%2fCOLOR%5d&amp;original_title=%d7%93%d7%91%20%d7%a1%d7%93%d7%a8%d7%95%d7%aa%20%d7%98%d7%95%d7%a8%d7%a7%d7%99%d7%95%d7%aa%20-%20%d7%94%d7%a2%d7%a8%d7%95%d7%a5&amp;season=%20&amp;show_original_year=%20&amp;tmdbid=%20&amp;url=-1001353450963&quot;,return)"/>
<param name="content" value="plugin://plugin.video.telemedia/?data=0&amp;dates=%20&amp;description=%d7%9c%d7%a7%d7%a8%d7%90%d7%aa%20%d7%a4%d7%a8%d7%a7%20%d7%94%d7%91%d7%9b%d7%95%d7%a8%d7%94%20%d7%a9%d7%9c%20%d7%94%d7%93%d7%a8%d7%9e%d7%94%20%d7%94%d7%98%d7%95%d7%a8%d7%a7%d7%99%d7%aa%20%22%d7%94%d7%99%d7%9c%d7%93%22%20%d7%a9%d7%99%d7%a9%d7%95%d7%93%d7%a8%20%d7%91%d7%99%d7%95%d7%9d%20%d7%a8%d7%90%d7%a9%d7%95%d7%9f%20%d7%94%d7%a7%d7%a8%d7%95%d7%91%2026.7%20%d7%91%d7%a9%d7%a2%d7%94%2020%3a40%20%d7%91%d7%a2%d7%a8%d7%95%d7%a5%20%d7%94%d7%93%d7%a8%d7%9e%d7%95%d7%aa%20%d7%94%d7%98%d7%95%d7%a8%d7%a7%d7%99%d7%95%d7%aa%2b%20%d7%91%d7%9b%d7%99%d7%9b%d7%95%d7%91%d7%9d%20%d7%a9%d7%9c%20%d7%a0%d7%90%d7%96%d7%9f%20%d7%a7%d7%a1%d7%9c%20(%22%d7%a4%d7%96%d7%99%d7%9c%d7%98%22)%20%d7%95%d7%a1%d7%a8%d7%90%d7%94%d7%98%20%d7%aa%27%d7%90%d7%95%d7%9e%d7%9f%2c%20%d7%94%d7%9b%d7%99%d7%a8%d7%95%20%d7%90%d7%aa%20%d7%90%d7%a4%d7%94.%0a%0a%e2%80%a2%20%d7%90%d7%a4%d7%94%20%d7%94%d7%95%d7%90%20%d7%99%d7%9c%d7%93%20%d7%a8%d7%92%d7%99%d7%a9%20%d7%95%d7%98%d7%95%d7%91%20%d7%9c%d7%91%20%d7%a9%d7%a8%d7%a7%20%d7%9e%d7%97%d7%a4%d7%a9%20%d7%90%d7%94%d7%91%d7%aa%20%d7%90%d7%9d%20%d7%95%d7%94%d7%95%d7%90%20%d7%99%d7%a2%d7%a9%d7%94%20%d7%94%d7%9b%d7%9c%20%d7%9b%d7%93%d7%99%20%d7%a9%d7%90%d7%9e%d7%90%20%d7%a9%d7%9c%d7%95%20%d7%aa%d7%90%d7%94%d7%91%20%d7%90%d7%95%d7%aa%d7%95%20.%d7%90%d7%99%d7%9e%d7%95%20%d7%94%d7%91%d7%99%d7%95%d7%9c%d7%95%d7%92%d7%99%d7%aa%20%d7%a9%d7%9c%20%d7%90%d7%a4%d7%94%20%d7%94%d7%99%d7%aa%d7%94%20%d7%91%d7%9e%d7%a6%d7%95%d7%a7%d7%94%20%d7%95%d7%95%d7%99%d7%aa%d7%a8%d7%94%20%d7%a2%d7%9c%20%d7%90%d7%9e%d7%94%d7%95%d7%aa%d7%94%20%d7%a2%d7%9c%20%d7%9e%d7%a0%d7%aa%20%d7%9c%d7%aa%d7%aa%20%d7%9c%d7%90%d7%a4%d7%94%20%d7%a2%d7%aa%d7%99%d7%93%20%d7%98%d7%95%d7%91%20%d7%99%d7%95%d7%aa%d7%a8.%20%d7%a9%d7%95%d7%9c%d7%94%2c%20%d7%9b%d7%9c%d7%94%20%d7%a9%d7%9c%20%d7%9e%d7%a9%d7%a4%d7%97%d7%94%20%d7%a2%d7%a9%d7%99%d7%a8%d7%94%2c%20%d7%9e%d7%91%d7%98%d7%99%d7%97%d7%94%20%d7%9c%d7%94%d7%99%d7%95%d7%aa%20%d7%90%d7%9d%20%d7%9c%d7%aa%d7%99%d7%a0%d7%95%d7%a7%20%d7%a9%d7%9c%d7%94%20%d7%9c%d7%9b%d7%9c%20%d7%94%d7%97%d7%99%d7%99%d7%9d%20%d7%95%d7%9e%d7%92%d7%93%d7%9c%d7%aa%20%d7%90%d7%95%d7%aa%d7%95.%20%d7%94%d7%93%d7%91%d7%a8%d7%99%d7%9d%20%d7%9e%d7%a9%d7%aa%d7%a0%d7%99%d7%9d%20%d7%a2%d7%9d%20%d7%9c%d7%99%d7%93%d7%aa%d7%95%20%d7%a9%d7%9c%20%d7%94%d7%99%d7%9c%d7%93%20%d7%a9%d7%9c%20%d7%a9%d7%95%d7%9c%d7%94%20%d7%a2%d7%a6%d7%9e%d7%94.%0a%0a%22%d7%94%d7%99%d7%9c%d7%93%22%20-%20%d7%a4%d7%a8%d7%a7%20%d7%94%d7%91%d7%9b%d7%95%d7%a8%d7%94%2026.7%20%d7%91%d7%a9%d7%a2%d7%94%2020%3a40%20%d7%91%d7%a2%d7%a8%d7%95%d7%a5%20%d7%94%d7%93%d7%a8%d7%9e%d7%95%d7%aa%20%d7%94%d7%98%d7%95%d7%a8%d7%a7%d7%99%d7%95%d7%aa%2b%0a%0a%d7%94%d7%99%d7%9c%d7%93%20%20%20%d7%a2%d7%a8%d7%95%d7%a5%20%d7%94%d7%a1%d7%93%d7%a8%d7%94%20%e2%86%99%ef%b8%8f%0ahttps%3a%2f%2ft.me%2fjoinchat%2fAAAAAFGEM3TKT-8PqPLr2Q%0a%0a%f0%9f%91%88%20%d7%a4%d7%a8%d7%a7%20%d7%94%d7%91%d7%9b%d7%95%d7%a8%d7%94%20%d7%9e%d7%97%d7%9b%d7%94%20%d7%9c%d7%9b%d7%9d%20%d7%91%d7%a2%d7%a8%d7%95%d7%a5%20%d7%94%d7%a1%d7%93%d7%a8%d7%94%20%f0%9f%91%89%0afrom_plot&amp;eng_name=%20&amp;episode=%20&amp;fanart=C%3a%5cUsers%5cneta%5cAppData%5cRoaming%5cKodi%5cuserdata%5caddon_data%5cplugin.video.telemedia%5clogo%5c-1001353450963_big.jpg&amp;fav_status=false&amp;heb_name=%20&amp;iconimage=C%3a%5cUsers%5cneta%5cAppData%5cRoaming%5cKodi%5cuserdata%5caddon_data%5cplugin.video.telemedia%5clogo%5c-1001353450963_small.jpg&amp;id=%20&amp;image_master=C%3a%5cUsers%5cneta%5cAppData%5cRoaming%5cKodi%5cuserdata%5caddon_data%5cplugin.video.telemedia%5clogo%5c-1001353450963_small.jpg%24%24%24C%3a%5cUsers%5cneta%5cAppData%5cRoaming%5cKodi%5cuserdata%5caddon_data%5cplugin.video.telemedia%5clogo%5c-1001353450963_big.jpg&amp;isr=0&amp;last_id=0%24%24%240%24%24%240%24%24%240&amp;mode=2&amp;name=%5bCOLOR%20khaki%5d%d7%93%d7%91%20%d7%a1%d7%93%d7%a8%d7%95%d7%aa%20%d7%98%d7%95%d7%a8%d7%a7%d7%99%d7%95%d7%aa%20-%20%d7%94%d7%a2%d7%a8%d7%95%d7%a5%5b%2fCOLOR%5d&amp;original_title=%d7%93%d7%91%20%d7%a1%d7%93%d7%a8%d7%95%d7%aa%20%d7%98%d7%95%d7%a8%d7%a7%d7%99%d7%95%d7%aa%20-%20%d7%94%d7%a2%d7%a8%d7%95%d7%a5&amp;season=%20&amp;show_original_year=%20&amp;tmdbid=%20&amp;url=-1001353450963&quot"/>
</include>

<include content="teleepisoedgroups">
<param name="stringid" value="514"/>
<param name="itemidnumber" value="814"/>
<param name="buttononclick" value="ActivateWindow(10025,&quot;plugin://plugin.video.telemedia/?data=0&amp;dates=%20&amp;description=%d7%a9%d7%99%d7%9e%d7%95%20%d7%9c%d7%91%20%d7%9e%d7%a9%d7%aa%d7%9e%d7%a9%d7%99%d7%9d%20%d7%99%d7%a7%d7%a8%d7%99%d7%9d%e2%9d%a3%0a%d7%94%d7%a7%d7%91%d7%95%d7%a6%d7%94%20%d7%a9%d7%95%d7%9e%d7%a8%d7%aa%20%d7%a9%d7%91%d7%aa..%20%d7%a2%d7%9c%20%d7%9b%d7%9f%20%d7%99%d7%a9%20%d7%9c%d7%9b%d7%91%d7%93%20%d7%95%d7%9c%d7%90%20%d7%9c%d7%a9%d7%9c%d7%95%d7%97%20%d7%94%d7%95%d7%93%d7%a2%d7%95%d7%aa%20%d7%91%d7%a9%d7%91%d7%aa%20%d7%91%d7%a7%d7%91%d7%95%d7%a6%d7%94%20%d7%94%d7%97%d7%9c%20%d7%9e%d7%94%d7%95%d7%93%d7%a2%d7%94%20%d7%96%d7%90%d7%aa%20!%20%0a%0a%e2%9b%94%ef%b8%8f%20%d7%9b%d7%9c%20%d7%91%d7%a7%d7%a9%d7%94%20%d7%a9%d7%9c%20%d7%a1%d7%a8%d7%98%20%d7%aa%d7%99%d7%9e%d7%97%d7%a7%20%d7%90%d7%95%d7%98%d7%95%d7%9e%d7%98%d7%99%d7%aa!%20%e2%9b%94%ef%b8%8f%0a%0a%f0%9f%98%8d%20%d7%a9%d7%91%d7%aa%20%d7%a9%d7%9c%d7%95%d7%9d%20-%20%d7%9e%d7%a6%d7%95%d7%95%d7%aa%20%d7%93%d7%91%20%d7%a1%d7%a8%d7%98%d7%99%d7%9d%20%f0%9f%98%8d%0afrom_plot&amp;eng_name=%20&amp;episode=%20&amp;fanart=C%3a%5cUsers%5cneta%5cAppData%5cRoaming%5cKodi%5cuserdata%5caddon_data%5cplugin.video.telemedia%5clogo%5c-1001182281112_big.jpg&amp;fav_status=false&amp;heb_name=%20&amp;iconimage=C%3a%5cUsers%5cneta%5cAppData%5cRoaming%5cKodi%5cuserdata%5caddon_data%5cplugin.video.telemedia%5clogo%5c-1001182281112_small.jpg&amp;id=%20&amp;image_master=C%3a%5cUsers%5cneta%5cAppData%5cRoaming%5cKodi%5cuserdata%5caddon_data%5cplugin.video.telemedia%5clogo%5c-1001182281112_small.jpg%24%24%24C%3a%5cUsers%5cneta%5cAppData%5cRoaming%5cKodi%5cuserdata%5caddon_data%5cplugin.video.telemedia%5clogo%5c-1001182281112_big.jpg&amp;isr=0&amp;last_id=0%24%24%240%24%24%240%24%24%240&amp;mode=2&amp;name=%5bCOLOR%20lightblue%5d%d7%93%d7%91%20%d7%a1%d7%93%d7%a8%d7%95%d7%aa%20%d7%98%d7%95%d7%a8%d7%a7%d7%99%d7%95%d7%aa%5b%2fCOLOR%5d&amp;original_title=%d7%93%d7%91%20%d7%a1%d7%93%d7%a8%d7%95%d7%aa%20%d7%98%d7%95%d7%a8%d7%a7%d7%99%d7%95%d7%aa&amp;season=%20&amp;show_original_year=%20&amp;tmdbid=%20&amp;url=-1001182281112&quot;,return)"/>
<param name="content" value="plugin://plugin.video.telemedia/?data=0&amp;dates=%20&amp;description=%d7%a9%d7%99%d7%9e%d7%95%20%d7%9c%d7%91%20%d7%9e%d7%a9%d7%aa%d7%9e%d7%a9%d7%99%d7%9d%20%d7%99%d7%a7%d7%a8%d7%99%d7%9d%e2%9d%a3%0a%d7%94%d7%a7%d7%91%d7%95%d7%a6%d7%94%20%d7%a9%d7%95%d7%9e%d7%a8%d7%aa%20%d7%a9%d7%91%d7%aa..%20%d7%a2%d7%9c%20%d7%9b%d7%9f%20%d7%99%d7%a9%20%d7%9c%d7%9b%d7%91%d7%93%20%d7%95%d7%9c%d7%90%20%d7%9c%d7%a9%d7%9c%d7%95%d7%97%20%d7%94%d7%95%d7%93%d7%a2%d7%95%d7%aa%20%d7%91%d7%a9%d7%91%d7%aa%20%d7%91%d7%a7%d7%91%d7%95%d7%a6%d7%94%20%d7%94%d7%97%d7%9c%20%d7%9e%d7%94%d7%95%d7%93%d7%a2%d7%94%20%d7%96%d7%90%d7%aa%20!%20%0a%0a%e2%9b%94%ef%b8%8f%20%d7%9b%d7%9c%20%d7%91%d7%a7%d7%a9%d7%94%20%d7%a9%d7%9c%20%d7%a1%d7%a8%d7%98%20%d7%aa%d7%99%d7%9e%d7%97%d7%a7%20%d7%90%d7%95%d7%98%d7%95%d7%9e%d7%98%d7%99%d7%aa!%20%e2%9b%94%ef%b8%8f%0a%0a%f0%9f%98%8d%20%d7%a9%d7%91%d7%aa%20%d7%a9%d7%9c%d7%95%d7%9d%20-%20%d7%9e%d7%a6%d7%95%d7%95%d7%aa%20%d7%93%d7%91%20%d7%a1%d7%a8%d7%98%d7%99%d7%9d%20%f0%9f%98%8d%0afrom_plot&amp;eng_name=%20&amp;episode=%20&amp;fanart=C%3a%5cUsers%5cneta%5cAppData%5cRoaming%5cKodi%5cuserdata%5caddon_data%5cplugin.video.telemedia%5clogo%5c-1001182281112_big.jpg&amp;fav_status=false&amp;heb_name=%20&amp;iconimage=C%3a%5cUsers%5cneta%5cAppData%5cRoaming%5cKodi%5cuserdata%5caddon_data%5cplugin.video.telemedia%5clogo%5c-1001182281112_small.jpg&amp;id=%20&amp;image_master=C%3a%5cUsers%5cneta%5cAppData%5cRoaming%5cKodi%5cuserdata%5caddon_data%5cplugin.video.telemedia%5clogo%5c-1001182281112_small.jpg%24%24%24C%3a%5cUsers%5cneta%5cAppData%5cRoaming%5cKodi%5cuserdata%5caddon_data%5cplugin.video.telemedia%5clogo%5c-1001182281112_big.jpg&amp;isr=0&amp;last_id=0%24%24%240%24%24%240%24%24%240&amp;mode=2&amp;name=%5bCOLOR%20lightblue%5d%d7%93%d7%91%20%d7%a1%d7%93%d7%a8%d7%95%d7%aa%20%d7%98%d7%95%d7%a8%d7%a7%d7%99%d7%95%d7%aa%5b%2fCOLOR%5d&amp;original_title=%d7%93%d7%91%20%d7%a1%d7%93%d7%a8%d7%95%d7%aa%20%d7%98%d7%95%d7%a8%d7%a7%d7%99%d7%95%d7%aa&amp;season=%20&amp;show_original_year=%20&amp;tmdbid=%20&amp;url=-1001182281112&quot"/>
</include>

<include content="teleepisoedgroups">
<param name="stringid" value="515"/>
<param name="itemidnumber" value="815"/>
<param name="buttononclick" value="ActivateWindow(10025,&quot;plugin://plugin.video.telemedia/?data=0&amp;dates=%20&amp;description=%d7%a9%d7%99%d7%9e%d7%95%20%d7%9c%d7%91%20%d7%9e%d7%a9%d7%aa%d7%9e%d7%a9%d7%99%d7%9d%20%d7%99%d7%a7%d7%a8%d7%99%d7%9d%e2%9d%a3%0a%d7%94%d7%a7%d7%91%d7%95%d7%a6%d7%94%20%d7%a9%d7%95%d7%9e%d7%a8%d7%aa%20%d7%a9%d7%91%d7%aa..%20%d7%a2%d7%9c%20%d7%9b%d7%9f%20%d7%99%d7%a9%20%d7%9c%d7%9b%d7%91%d7%93%20%d7%95%d7%9c%d7%90%20%d7%9c%d7%a9%d7%9c%d7%95%d7%97%20%d7%94%d7%95%d7%93%d7%a2%d7%95%d7%aa%20%d7%91%d7%a9%d7%91%d7%aa%20%d7%91%d7%a7%d7%91%d7%95%d7%a6%d7%94%20%d7%94%d7%97%d7%9c%20%d7%9e%d7%94%d7%95%d7%93%d7%a2%d7%94%20%d7%96%d7%90%d7%aa%20!%20%0a%0a%e2%9b%94%ef%b8%8f%20%d7%9b%d7%9c%20%d7%91%d7%a7%d7%a9%d7%94%20%d7%a9%d7%9c%20%d7%a1%d7%a8%d7%98%20%d7%aa%d7%99%d7%9e%d7%97%d7%a7%20%d7%90%d7%95%d7%98%d7%95%d7%9e%d7%98%d7%99%d7%aa!%20%e2%9b%94%ef%b8%8f%0a%0a%f0%9f%98%8d%20%d7%a9%d7%91%d7%aa%20%d7%a9%d7%9c%d7%95%d7%9d%20-%20%d7%9e%d7%a6%d7%95%d7%95%d7%aa%20%d7%93%d7%91%20%d7%a1%d7%a8%d7%98%d7%99%d7%9d%20%f0%9f%98%8d%0afrom_plot&amp;eng_name=%20&amp;episode=%20&amp;fanart=C%3a%5cUsers%5cneta%5cAppData%5cRoaming%5cKodi%5cuserdata%5caddon_data%5cplugin.video.telemedia%5clogo%5c-1001263243779_big.jpg&amp;fav_status=false&amp;heb_name=%20&amp;iconimage=C%3a%5cUsers%5cneta%5cAppData%5cRoaming%5cKodi%5cuserdata%5caddon_data%5cplugin.video.telemedia%5clogo%5c-1001263243779_small.jpg&amp;id=%20&amp;image_master=C%3a%5cUsers%5cneta%5cAppData%5cRoaming%5cKodi%5cuserdata%5caddon_data%5cplugin.video.telemedia%5clogo%5c-1001263243779_small.jpg%24%24%24C%3a%5cUsers%5cneta%5cAppData%5cRoaming%5cKodi%5cuserdata%5caddon_data%5cplugin.video.telemedia%5clogo%5c-1001263243779_big.jpg&amp;isr=0&amp;last_id=0%24%24%240%24%24%240%24%24%240&amp;mode=2&amp;name=%5bCOLOR%20lightblue%5d%d7%93%d7%91%20%d7%a1%d7%93%d7%a8%d7%95%d7%aa%20%d7%a7%d7%95%d7%a8%d7%99%d7%90%d7%a0%d7%99%d7%95%d7%aa%5b%2fCOLOR%5d&amp;original_title=%d7%93%d7%91%20%d7%a1%d7%93%d7%a8%d7%95%d7%aa%20%d7%a7%d7%95%d7%a8%d7%99%d7%90%d7%a0%d7%99%d7%95%d7%aa&amp;season=%20&amp;show_original_year=%20&amp;tmdbid=%20&amp;url=-1001263243779&quot;,return)"/>
<param name="content" value="plugin://plugin.video.telemedia/?data=0&amp;dates=%20&amp;description=%d7%a9%d7%99%d7%9e%d7%95%20%d7%9c%d7%91%20%d7%9e%d7%a9%d7%aa%d7%9e%d7%a9%d7%99%d7%9d%20%d7%99%d7%a7%d7%a8%d7%99%d7%9d%e2%9d%a3%0a%d7%94%d7%a7%d7%91%d7%95%d7%a6%d7%94%20%d7%a9%d7%95%d7%9e%d7%a8%d7%aa%20%d7%a9%d7%91%d7%aa..%20%d7%a2%d7%9c%20%d7%9b%d7%9f%20%d7%99%d7%a9%20%d7%9c%d7%9b%d7%91%d7%93%20%d7%95%d7%9c%d7%90%20%d7%9c%d7%a9%d7%9c%d7%95%d7%97%20%d7%94%d7%95%d7%93%d7%a2%d7%95%d7%aa%20%d7%91%d7%a9%d7%91%d7%aa%20%d7%91%d7%a7%d7%91%d7%95%d7%a6%d7%94%20%d7%94%d7%97%d7%9c%20%d7%9e%d7%94%d7%95%d7%93%d7%a2%d7%94%20%d7%96%d7%90%d7%aa%20!%20%0a%0a%e2%9b%94%ef%b8%8f%20%d7%9b%d7%9c%20%d7%91%d7%a7%d7%a9%d7%94%20%d7%a9%d7%9c%20%d7%a1%d7%a8%d7%98%20%d7%aa%d7%99%d7%9e%d7%97%d7%a7%20%d7%90%d7%95%d7%98%d7%95%d7%9e%d7%98%d7%99%d7%aa!%20%e2%9b%94%ef%b8%8f%0a%0a%f0%9f%98%8d%20%d7%a9%d7%91%d7%aa%20%d7%a9%d7%9c%d7%95%d7%9d%20-%20%d7%9e%d7%a6%d7%95%d7%95%d7%aa%20%d7%93%d7%91%20%d7%a1%d7%a8%d7%98%d7%99%d7%9d%20%f0%9f%98%8d%0afrom_plot&amp;eng_name=%20&amp;episode=%20&amp;fanart=C%3a%5cUsers%5cneta%5cAppData%5cRoaming%5cKodi%5cuserdata%5caddon_data%5cplugin.video.telemedia%5clogo%5c-1001263243779_big.jpg&amp;fav_status=false&amp;heb_name=%20&amp;iconimage=C%3a%5cUsers%5cneta%5cAppData%5cRoaming%5cKodi%5cuserdata%5caddon_data%5cplugin.video.telemedia%5clogo%5c-1001263243779_small.jpg&amp;id=%20&amp;image_master=C%3a%5cUsers%5cneta%5cAppData%5cRoaming%5cKodi%5cuserdata%5caddon_data%5cplugin.video.telemedia%5clogo%5c-1001263243779_small.jpg%24%24%24C%3a%5cUsers%5cneta%5cAppData%5cRoaming%5cKodi%5cuserdata%5caddon_data%5cplugin.video.telemedia%5clogo%5c-1001263243779_big.jpg&amp;isr=0&amp;last_id=0%24%24%240%24%24%240%24%24%240&amp;mode=2&amp;name=%5bCOLOR%20lightblue%5d%d7%93%d7%91%20%d7%a1%d7%93%d7%a8%d7%95%d7%aa%20%d7%a7%d7%95%d7%a8%d7%99%d7%90%d7%a0%d7%99%d7%95%d7%aa%5b%2fCOLOR%5d&amp;original_title=%d7%93%d7%91%20%d7%a1%d7%93%d7%a8%d7%95%d7%aa%20%d7%a7%d7%95%d7%a8%d7%99%d7%90%d7%a0%d7%99%d7%95%d7%aa&amp;season=%20&amp;show_original_year=%20&amp;tmdbid=%20&amp;url=-1001263243779&quot"/>
</include>

<include content="teleepisoedgroups">
<param name="stringid" value="520"/>
<param name="itemidnumber" value="820"/>
<param name="buttononclick" value="ActivateWindow(10025,&quot;plugin://plugin.video.telemedia/?data=0&amp;dates=%20&amp;description=%f0%9f%87%ae%f0%9f%87%b1%d7%94%d7%97%d7%99%d7%99%d7%9d%20%d7%a2%d7%a6%d7%9e%d7%9d%7b%d7%90%d7%9c%d7%95%20%d7%90%d7%a0%d7%97%d7%a0%d7%95%7d%f0%9f%91%86%d7%9b%d7%9c%20%d7%a2%d7%95%d7%a0%d7%94%204%f0%9f%91%86%f0%9f%91%b8%f0%9f%87%ae%f0%9f%87%b1%0afrom_plot&amp;eng_name=%20&amp;episode=%20&amp;fanart=C%3a%5cUsers%5cneta%5cAppData%5cRoaming%5cKodi%5cuserdata%5caddon_data%5cplugin.video.telemedia%5clogo%5c-1001287860274_big.jpg&amp;fav_status=false&amp;groups_id=0&amp;heb_name=%20&amp;iconimage=C%3a%5cUsers%5cneta%5cAppData%5cRoaming%5cKodi%5cuserdata%5caddon_data%5cplugin.video.telemedia%5clogo%5c-1001287860274_small.jpg&amp;id=%20&amp;image_master=C%3a%5cUsers%5cneta%5cAppData%5cRoaming%5cKodi%5cuserdata%5caddon_data%5cplugin.video.telemedia%5clogo%5c-1001287860274_small.jpg%24%24%24C%3a%5cUsers%5cneta%5cAppData%5cRoaming%5cKodi%5cuserdata%5caddon_data%5cplugin.video.telemedia%5clogo%5c-1001287860274_big.jpg&amp;isr=0&amp;last_id=0%24%24%240%24%24%240%24%24%240&amp;mode=2&amp;name=%5bCOLOR%20khaki%5d%f0%9f%8e%ac%d7%a2%d7%95%d7%9c%d7%9d%20%d7%94%d7%9e%d7%93%d7%99%d7%94%20%d7%a9%d7%9c%20%d7%90%d7%9c%d7%99%d7%a8%d7%9f%20%d7%92%d7%95%d7%96%d7%9c%d7%9f%f0%9f%8e%ac%5b%2fCOLOR%5d&amp;original_title=%f0%9f%8e%ac%d7%a2%d7%95%d7%9c%d7%9d%20%d7%94%d7%9e%d7%93%d7%99%d7%94%20%d7%a9%d7%9c%20%d7%90%d7%9c%d7%99%d7%a8%d7%9f%20%d7%92%d7%95%d7%96%d7%9c%d7%9f%f0%9f%8e%ac&amp;season=%20&amp;show_original_year=%20&amp;tmdbid=%20&amp;url=-1001287860274&quot;,return)"/>
<param name="content" value="plugin://plugin.video.telemedia/?data=0&amp;dates=%20&amp;description=%f0%9f%87%ae%f0%9f%87%b1%d7%94%d7%97%d7%99%d7%99%d7%9d%20%d7%a2%d7%a6%d7%9e%d7%9d%7b%d7%90%d7%9c%d7%95%20%d7%90%d7%a0%d7%97%d7%a0%d7%95%7d%f0%9f%91%86%d7%9b%d7%9c%20%d7%a2%d7%95%d7%a0%d7%94%204%f0%9f%91%86%f0%9f%91%b8%f0%9f%87%ae%f0%9f%87%b1%0afrom_plot&amp;eng_name=%20&amp;episode=%20&amp;fanart=C%3a%5cUsers%5cneta%5cAppData%5cRoaming%5cKodi%5cuserdata%5caddon_data%5cplugin.video.telemedia%5clogo%5c-1001287860274_big.jpg&amp;fav_status=false&amp;groups_id=0&amp;heb_name=%20&amp;iconimage=C%3a%5cUsers%5cneta%5cAppData%5cRoaming%5cKodi%5cuserdata%5caddon_data%5cplugin.video.telemedia%5clogo%5c-1001287860274_small.jpg&amp;id=%20&amp;image_master=C%3a%5cUsers%5cneta%5cAppData%5cRoaming%5cKodi%5cuserdata%5caddon_data%5cplugin.video.telemedia%5clogo%5c-1001287860274_small.jpg%24%24%24C%3a%5cUsers%5cneta%5cAppData%5cRoaming%5cKodi%5cuserdata%5caddon_data%5cplugin.video.telemedia%5clogo%5c-1001287860274_big.jpg&amp;isr=0&amp;last_id=0%24%24%240%24%24%240%24%24%240&amp;mode=2&amp;name=%5bCOLOR%20khaki%5d%f0%9f%8e%ac%d7%a2%d7%95%d7%9c%d7%9d%20%d7%94%d7%9e%d7%93%d7%99%d7%94%20%d7%a9%d7%9c%20%d7%90%d7%9c%d7%99%d7%a8%d7%9f%20%d7%92%d7%95%d7%96%d7%9c%d7%9f%f0%9f%8e%ac%5b%2fCOLOR%5d&amp;original_title=%f0%9f%8e%ac%d7%a2%d7%95%d7%9c%d7%9d%20%d7%94%d7%9e%d7%93%d7%99%d7%94%20%d7%a9%d7%9c%20%d7%90%d7%9c%d7%99%d7%a8%d7%9f%20%d7%92%d7%95%d7%96%d7%9c%d7%9f%f0%9f%8e%ac&amp;season=%20&amp;show_original_year=%20&amp;tmdbid=%20&amp;url=-1001287860274&quot"/>
</include>

<include content="teleepisoedgroups">
<param name="stringid" value="521"/>
<param name="itemidnumber" value="821"/>
<param name="buttononclick" value="ActivateWindow(10025,&quot;plugin://plugin.video.telemedia/?data=0&amp;dates=%20&amp;description=%e2%99%a6%ef%b8%8f%20%d7%90%d7%9e%d7%91%d7%95%d7%a9%20%d7%90%d7%a7%d7%a1%d7%98%d7%a8%d7%99%d7%9d%e2%99%a6%ef%b8%8f%0a%0a%d7%a2%d7%95%d7%a0%d7%94%202%20%d7%a4%d7%a8%d7%a7%2012%0a%0a%d7%90%d7%99%d7%9b%d7%95%d7%99%d7%95%d7%aa%3a%20360p%20%2b%20430p%20%2b%20540p%20%e2%9c%85%20%0a%0a%f0%9f%92%a0%20%40sdarot_il%0afrom_plot&amp;eng_name=%20&amp;episode=%20&amp;fanart=C%3a%5cUsers%5cneta%5cAppData%5cRoaming%5cKodi%5cuserdata%5caddon_data%5cplugin.video.telemedia%5clogo%5c-1001262774018_big.jpg&amp;fav_status=false&amp;heb_name=%20&amp;iconimage=C%3a%5cUsers%5cneta%5cAppData%5cRoaming%5cKodi%5cuserdata%5caddon_data%5cplugin.video.telemedia%5clogo%5c-1001262774018_small.jpg&amp;id=%20&amp;image_master=C%3a%5cUsers%5cneta%5cAppData%5cRoaming%5cKodi%5cuserdata%5caddon_data%5cplugin.video.telemedia%5clogo%5c-1001262774018_small.jpg%24%24%24C%3a%5cUsers%5cneta%5cAppData%5cRoaming%5cKodi%5cuserdata%5caddon_data%5cplugin.video.telemedia%5clogo%5c-1001262774018_big.jpg&amp;isr=0&amp;last_id=0%24%24%240%24%24%240%24%24%240&amp;mode=2&amp;name=%5bCOLOR%20khaki%5d%d7%a1%d7%93%d7%a8%d7%95%d7%aa%20%f0%9f%93%ba%20-%20sdarot_il%20-%203.3K%5b%2fCOLOR%5d&amp;original_title=%d7%a1%d7%93%d7%a8%d7%95%d7%aa%20%f0%9f%93%ba%20-%20sdarot_il%20-%203.3K&amp;season=%20&amp;show_original_year=%20&amp;tmdbid=%20&amp;url=-1001262774018&quot;,return)"/>
<param name="content" value="plugin://plugin.video.telemedia/?data=0&amp;dates=%20&amp;description=%e2%99%a6%ef%b8%8f%20%d7%90%d7%9e%d7%91%d7%95%d7%a9%20%d7%90%d7%a7%d7%a1%d7%98%d7%a8%d7%99%d7%9d%e2%99%a6%ef%b8%8f%0a%0a%d7%a2%d7%95%d7%a0%d7%94%202%20%d7%a4%d7%a8%d7%a7%2012%0a%0a%d7%90%d7%99%d7%9b%d7%95%d7%99%d7%95%d7%aa%3a%20360p%20%2b%20430p%20%2b%20540p%20%e2%9c%85%20%0a%0a%f0%9f%92%a0%20%40sdarot_il%0afrom_plot&amp;eng_name=%20&amp;episode=%20&amp;fanart=C%3a%5cUsers%5cneta%5cAppData%5cRoaming%5cKodi%5cuserdata%5caddon_data%5cplugin.video.telemedia%5clogo%5c-1001262774018_big.jpg&amp;fav_status=false&amp;heb_name=%20&amp;iconimage=C%3a%5cUsers%5cneta%5cAppData%5cRoaming%5cKodi%5cuserdata%5caddon_data%5cplugin.video.telemedia%5clogo%5c-1001262774018_small.jpg&amp;id=%20&amp;image_master=C%3a%5cUsers%5cneta%5cAppData%5cRoaming%5cKodi%5cuserdata%5caddon_data%5cplugin.video.telemedia%5clogo%5c-1001262774018_small.jpg%24%24%24C%3a%5cUsers%5cneta%5cAppData%5cRoaming%5cKodi%5cuserdata%5caddon_data%5cplugin.video.telemedia%5clogo%5c-1001262774018_big.jpg&amp;isr=0&amp;last_id=0%24%24%240%24%24%240%24%24%240&amp;mode=2&amp;name=%5bCOLOR%20khaki%5d%d7%a1%d7%93%d7%a8%d7%95%d7%aa%20%f0%9f%93%ba%20-%20sdarot_il%20-%203.3K%5b%2fCOLOR%5d&amp;original_title=%d7%a1%d7%93%d7%a8%d7%95%d7%aa%20%f0%9f%93%ba%20-%20sdarot_il%20-%203.3K&amp;season=%20&amp;show_original_year=%20&amp;tmdbid=%20&amp;url=-1001262774018&quot"/>
</include>

<include content="teleepisoedgroups">
<param name="stringid" value="522"/>
<param name="itemidnumber" value="822"/>
<param name="buttononclick" value="ActivateWindow(10025,&quot;plugin://plugin.video.telemedia/?data=0&amp;dates=%20&amp;description=%d7%93%d7%91%20%d7%a1%d7%a8%d7%98%d7%99%d7%9d%20-%20%d7%a6%d7%a4%d7%99%d7%99%d7%94%20%d7%99%d7%a9%d7%99%d7%a8%d7%94%20%f0%9f%8e%ac%0a%0a%23%d7%a1%d7%a8%d7%98%0a%0a%d7%90%d7%91%d7%90%2c%20%d7%97%d7%99%d7%99%d7%9c%2c%20%d7%91%d7%9f%0a%0a%d7%90%d7%99%d7%9b%d7%95%d7%aa%3a%20WEB-DL%201080p%20%f0%9f%98%8d%0a%0a%d7%9c%d7%aa%d7%a7%d7%a6%d7%99%d7%a8%20%d7%94%d7%a1%d7%a8%d7%98%20%e2%86%99%ef%b8%8f%0ahttps%3a%2f%2ft.me%2fc%2f1304123481%2f6176%0a%0a%e2%86%99%ef%b8%8f%20%d7%93%d7%91%20%d7%a1%d7%a8%d7%98%d7%99%d7%9d%20%e2%96%aa%ef%b8%8e%20%d7%a6%d7%99%d7%a8%d7%95%d7%a3%20%e2%86%99%ef%b8%8f%0ahttp%3a%2f%2ft.me%2fJoinDovMovies_Channel%0afrom_plot&amp;eng_name=%20&amp;episode=%20&amp;fanart=C%3a%5cUsers%5cneta%5cAppData%5cRoaming%5cKodi%5cuserdata%5caddon_data%5cplugin.video.telemedia%5clogo%5c-1001492635411_big.jpg&amp;fav_status=false&amp;groups_id=0&amp;heb_name=%20&amp;iconimage=C%3a%5cUsers%5cneta%5cAppData%5cRoaming%5cKodi%5cuserdata%5caddon_data%5cplugin.video.telemedia%5clogo%5c-1001492635411_small.jpg&amp;id=%20&amp;image_master=C%3a%5cUsers%5cneta%5cAppData%5cRoaming%5cKodi%5cuserdata%5caddon_data%5cplugin.video.telemedia%5clogo%5c-1001492635411_small.jpg%24%24%24C%3a%5cUsers%5cneta%5cAppData%5cRoaming%5cKodi%5cuserdata%5caddon_data%5cplugin.video.telemedia%5clogo%5c-1001492635411_big.jpg&amp;isr=0&amp;last_id=0%24%24%240%24%24%240%24%24%240&amp;mode=2&amp;name=%5bCOLOR%20khaki%5d%d7%93%d7%91%20%d7%a1%d7%a8%d7%98%d7%99%d7%9d%20-%20%d7%a6%d7%a4%d7%99%d7%99%d7%94%20%d7%99%d7%a9%d7%99%d7%a8%d7%94%5b%2fCOLOR%5d&amp;original_title=%d7%93%d7%91%20%d7%a1%d7%a8%d7%98%d7%99%d7%9d%20-%20%d7%a6%d7%a4%d7%99%d7%99%d7%94%20%d7%99%d7%a9%d7%99%d7%a8%d7%94&amp;season=%20&amp;show_original_year=%20&amp;tmdbid=%20&amp;url=-1001492635411&quot;,return)"/>
<param name="content" value="plugin://plugin.video.telemedia/?data=0&amp;dates=%20&amp;description=%d7%93%d7%91%20%d7%a1%d7%a8%d7%98%d7%99%d7%9d%20-%20%d7%a6%d7%a4%d7%99%d7%99%d7%94%20%d7%99%d7%a9%d7%99%d7%a8%d7%94%20%f0%9f%8e%ac%0a%0a%23%d7%a1%d7%a8%d7%98%0a%0a%d7%90%d7%91%d7%90%2c%20%d7%97%d7%99%d7%99%d7%9c%2c%20%d7%91%d7%9f%0a%0a%d7%90%d7%99%d7%9b%d7%95%d7%aa%3a%20WEB-DL%201080p%20%f0%9f%98%8d%0a%0a%d7%9c%d7%aa%d7%a7%d7%a6%d7%99%d7%a8%20%d7%94%d7%a1%d7%a8%d7%98%20%e2%86%99%ef%b8%8f%0ahttps%3a%2f%2ft.me%2fc%2f1304123481%2f6176%0a%0a%e2%86%99%ef%b8%8f%20%d7%93%d7%91%20%d7%a1%d7%a8%d7%98%d7%99%d7%9d%20%e2%96%aa%ef%b8%8e%20%d7%a6%d7%99%d7%a8%d7%95%d7%a3%20%e2%86%99%ef%b8%8f%0ahttp%3a%2f%2ft.me%2fJoinDovMovies_Channel%0afrom_plot&amp;eng_name=%20&amp;episode=%20&amp;fanart=C%3a%5cUsers%5cneta%5cAppData%5cRoaming%5cKodi%5cuserdata%5caddon_data%5cplugin.video.telemedia%5clogo%5c-1001492635411_big.jpg&amp;fav_status=false&amp;groups_id=0&amp;heb_name=%20&amp;iconimage=C%3a%5cUsers%5cneta%5cAppData%5cRoaming%5cKodi%5cuserdata%5caddon_data%5cplugin.video.telemedia%5clogo%5c-1001492635411_small.jpg&amp;id=%20&amp;image_master=C%3a%5cUsers%5cneta%5cAppData%5cRoaming%5cKodi%5cuserdata%5caddon_data%5cplugin.video.telemedia%5clogo%5c-1001492635411_small.jpg%24%24%24C%3a%5cUsers%5cneta%5cAppData%5cRoaming%5cKodi%5cuserdata%5caddon_data%5cplugin.video.telemedia%5clogo%5c-1001492635411_big.jpg&amp;isr=0&amp;last_id=0%24%24%240%24%24%240%24%24%240&amp;mode=2&amp;name=%5bCOLOR%20khaki%5d%d7%93%d7%91%20%d7%a1%d7%a8%d7%98%d7%99%d7%9d%20-%20%d7%a6%d7%a4%d7%99%d7%99%d7%94%20%d7%99%d7%a9%d7%99%d7%a8%d7%94%5b%2fCOLOR%5d&amp;original_title=%d7%93%d7%91%20%d7%a1%d7%a8%d7%98%d7%99%d7%9d%20-%20%d7%a6%d7%a4%d7%99%d7%99%d7%94%20%d7%99%d7%a9%d7%99%d7%a8%d7%94&amp;season=%20&amp;show_original_year=%20&amp;tmdbid=%20&amp;url=-1001492635411&quot"/>
</include>

<control type="list" id="35">
<posx>1310</posx>
<posy>210</posy>
<width>500</width>
<height>780</height>
<onleft condition="Container(35).HasFocus(800)">500</onleft>
<onleft condition="Container(35).HasFocus(801)">501</onleft>
<onleft condition="Container(35).HasFocus(802)">502</onleft>
<onleft condition="Container(35).HasFocus(803)">503</onleft>
<onleft condition="Container(35).HasFocus(804)">504</onleft>
<onleft condition="Container(35).HasFocus(805)">505</onleft>
<onleft condition="Container(35).HasFocus(806)">506</onleft>
<onleft condition="Container(35).HasFocus(807)">507</onleft>
<onleft condition="Container(35).HasFocus(808)">508</onleft>
<onleft condition="Container(35).HasFocus(809)">509</onleft>
<onleft condition="Container(35).HasFocus(810)">510</onleft>
<onleft condition="Container(35).HasFocus(811)">511</onleft>
<onleft condition="Container(35).HasFocus(812)">512</onleft>
<onleft condition="Container(35).HasFocus(813)">513</onleft>
<onleft condition="Container(35).HasFocus(814)">514</onleft>
<onleft condition="Container(35).HasFocus(815)">515</onleft>
<onleft condition="Container(35).HasFocus(816)">516</onleft>
<onleft condition="Container(35).HasFocus(817)">517</onleft>
<onleft condition="Container(35).HasFocus(819)">519</onleft>
<onleft condition="Container(35).HasFocus(820)">520</onleft>
<onleft condition="Container(35).HasFocus(821)">521</onleft>
<onleft condition="Container(35).HasFocus(822)">522</onleft>
<orientation>vertical</orientation>
<movement>2</movement>
<itemlayout width="120" height="50">
<control type="label">
<posx>60</posx>
<posy>15</posy>
<width>335</width>
<align>right</align>
<label>$INFO[ListItem.Label]</label>
</control>
</itemlayout>
<focusedlayout width="120" height="50">
<control type="image">
<posx>40</posx>
<posy>0</posy>
<width>380</width>
<height>90</height>
<texture border="40">special://skin/extras/common/roundedbutton-nofocus.png</texture>
</control>
<control type="image">
<animation condition="!Control.HasFocus(35)" effect="fade" start="100" end="45" time="150">Conditioanl</animation>
<posx>62</posx>
<posy>58</posy>
<width>335</width>
<height>10</height>
<texture colordiffuse="cyan">special://skin/extras/test/progress-bg.png</texture>
</control>
<control type="label">
<posx>60</posx>
<posy>15</posy>
<width>335</width>
<align>right</align>
<label>$INFO[ListItem.Label]</label>
</control>
</focusedlayout>
<content>
<item id="800">
<label>גוסט פרקים אחרונים</label>
<onclick>control.setfocus(500)</onclick>
</item>
<item id="801">
<label>משה סדרות אמריקאיות</label>
<onclick>control.setfocus(501)</onclick>
</item>
<item id="803">
<label>לולו סדרות אחרונות</label>
<onclick>control.setfocus(503)</onclick>
</item>
<item id="804">
<label>חננאל סדרות אחרונות</label>
<onclick>control.setfocus(504)</onclick>
</item>
<item id="806">
<label>נתי מדיה סדרות לועזיות</label>
<onclick>control.setfocus(506)</onclick>
</item>
<item id="807">
<label>דב סדרות אחרונות</label>
<onclick>control.setfocus(507)</onclick>
</item>
<item id="809">
<label>עולם המדיה סדרות אחרונות</label>
<onclick>control.setfocus(509)</onclick>
</item>
<item id="811">
<label>משה סדרות אמריקראיות 2</label>
<onclick>control.setfocus(511)</onclick>
</item>
<item id="812">
<label>ארי מדיה העולם הטורקי</label>
<onclick>control.setfocus(512)</onclick>
</item>
<item id="813">
<label>דב סדרות טורקיות</label>
<onclick>control.setfocus(513)</onclick>
</item>
<item id="814">
<label>דב סדרות טורקיות 2</label>
<onclick>control.setfocus(514)</onclick>
</item>
<item id="815">
<label>דב סדרות קוריאניות</label>
<onclick>control.setfocus(515)</onclick>
</item>
<item id="820">
<label>אלירן גוזלן מדיה</label>
<onclick>control.setfocus(520)</onclick>
</item>
<item id="821">
<label>sdarot_il - 3.3K</label>
<onclick>control.setfocus(521)</onclick>
</item>
<item id="822">
<label>דב סדרות צפיה ישירה</label>
<onclick>control.setfocus(522)</onclick>
</item>
</content>
</control>
</control>
</controls>
</window>
