<?xml version="1.0" encoding="UTF-8"?>
<!-- Foundation -->
<window id="6822" type="dialog">
    <defaultcontrol always="true">5</defaultcontrol>

<animation type="WindowOpen">
<effect type="slide" start="0,0" end="0,1000" time="350" tween="sine" easing="inout"/>
</animation>
<animation type="WindowClose">
<effect type="slide" start="0,1000" end="0,0" time="350" tween="sine" easing="inout"/>
</animation>
<controls>

<!--עדכון ממאגר הסרטים הגדול-->

<control type="group">
<posy>-1000</posy>

<control type="label">
<visible>!IsEmpty(Container(5).ListItem.Label)</visible>
<posx>1895</posx>
<posy>0</posy>
<width>650</width>
<height>50</height>
<align>right</align>
<font>font-21-recommnded</font>
<label>$INFO[Container(5).ListItem.Label]</label>
</control>
<control type="group">
<posy>-40</posy>
<control type="label">
<visible>!IsEmpty(Container(5).ListItem.Genre)</visible>
<posx>1900</posx>
<posy>100</posy>
<width>650</width>
<height>40</height>
<align>right</align>
<label>[COLOR gray][I]$INFO[Container(5).ListItem.Genre ][/COLOR][/I] סגנון: </label>
</control>
<control type="label">
<visible>!IsEmpty(Container(5).ListItem.Year)</visible>
<posx>1900</posx>
<posy>140</posy>
<width>920</width>
<height>40</height>
<align>right</align>
<label>[COLOR gray][I]$INFO[Container(5).ListItem.Year ][/COLOR][/I] שנה: </label>
</control>
</control>
<control type="textbox">
<visible>!IsEmpty(Container(5).ListItem.Plot)</visible>
<posx>1300</posx>
<posy>150</posy>
<width>600</width>
<height>135</height>
<align>right</align>
<autoscroll fade="2550" time="4550" repeat="4000"></autoscroll>
<label>$INFO[Container(5).ListItem.Plot]</label>
</control>
<control type="image">
<visible>!Integer.IsGreater(Container(5).NumItems,0)</visible>
<posx>800</posx>
<posy>150</posy>
<width>120</width>
<height>120</height>
<aspectratio>keep</aspectratio>
<texture>special://skin/extras/specialbuttons/loading.gif</texture>
</control>
<control type="list" id="5">
<posx>20</posx>
<posy>20</posy>
<width>1200</width>
<height>500</height>
<onup>Dialog.Close(6822)</onup>
<onup>ActivateWindow(10025,&quot;plugin://plugin.video.telemedia/?data=-1001402382061&amp;dates=%20&amp;description=%d7%92%27%d7%95%d7%9e%d7%a0%d7%92%27%d7%99%20%3a%20%d7%94%d7%a9%d7%9c%d7%91%20%d7%94%d7%91%d7%90%20%0a%d7%90%d7%99%d7%9b%d7%95%d7%aa%20%3a%20%d7%92%d7%a8%d7%95%d7%a2%d7%94%20%f0%9f%a4%ae%0a%e2%81%a6%e2%81%a6%d7%aa%d7%a8%d7%92%d7%95%d7%9d%20%d7%9e%d7%95%d7%91%d7%a0%d7%94%20%0a%40oriyatv%0afrom_plot&amp;eng_name=%20&amp;episode=%20&amp;fanart=C%3a%2fUsers%2fneta%2fAppData%2fRoaming%2fKodi%2fuserdata%2faddon_data%2fplugin.video.telemedia%2flogo%2f-1001402382061_big.jpg&amp;fav_status=false&amp;heb_name=%20&amp;iconimage=C%3a%2fUsers%2fneta%2fAppData%2fRoaming%2fKodi%2fuserdata%2faddon_data%2fplugin.video.telemedia%2flogo%2f-1001402382061_small.jpg&amp;id=%20&amp;image_master&amp;isr=0&amp;last_id&amp;mode=31&amp;name=%5bCOLOR%20khaki%5d%d7%9e%d7%90%d7%92%d7%a8%20%d7%a1%d7%a8%d7%98%d7%99%d7%9d%20%d7%9e%d7%9b%d7%9c%20%d7%94%d7%96%d7%9e%d7%a0%d7%99%d7%9d%5b%2fCOLOR%5d&amp;original_title=%20&amp;season=%20&amp;show_original_year=%20&amp;tmdbid=%20&amp;url=-1001402382061&quot;,return)</onup>
<scrolltime tween="sine" easing="inout">550</scrolltime>
<orientation>horizontal</orientation>
<itemlayout width="220" height="40">
<control type="image">
<posx>0</posx>
<posy>0</posy>
<width>200</width>
<height>280</height>
<texture>$INFO[ListItem.Thumb]</texture>
</control>
</itemlayout>
<focusedlayout width="220" height="40">
<control type="image">
<posx>0</posx>
<posy>0</posy>
<width>200</width>
<height>280</height>
<bordertexture colordiffuse="gray">white.png</bordertexture>
<bordersize>8</bordersize>
<texture>$INFO[ListItem.Thumb]</texture>
</control>
</focusedlayout>
<content>plugin://plugin.video.telemedia/?data=-1001402382061&amp;dates=%20&amp;description=%d7%92%27%d7%95%d7%9e%d7%a0%d7%92%27%d7%99%20%3a%20%d7%94%d7%a9%d7%9c%d7%91%20%d7%94%d7%91%d7%90%20%0a%d7%90%d7%99%d7%9b%d7%95%d7%aa%20%3a%20%d7%92%d7%a8%d7%95%d7%a2%d7%94%20%f0%9f%a4%ae%0a%e2%81%a6%e2%81%a6%d7%aa%d7%a8%d7%92%d7%95%d7%9d%20%d7%9e%d7%95%d7%91%d7%a0%d7%94%20%0a%40oriyatv%0afrom_plot&amp;eng_name=%20&amp;episode=%20&amp;fanart=C%3a%2fUsers%2fneta%2fAppData%2fRoaming%2fKodi%2fuserdata%2faddon_data%2fplugin.video.telemedia%2flogo%2f-1001402382061_big.jpg&amp;fav_status=false&amp;heb_name=%20&amp;iconimage=C%3a%2fUsers%2fneta%2fAppData%2fRoaming%2fKodi%2fuserdata%2faddon_data%2fplugin.video.telemedia%2flogo%2f-1001402382061_small.jpg&amp;id=%20&amp;image_master&amp;isr=0&amp;last_id&amp;mode=31&amp;name=%5bCOLOR%20khaki%5d%d7%9e%d7%90%d7%92%d7%a8%20%d7%a1%d7%a8%d7%98%d7%99%d7%9d%20%d7%9e%d7%9b%d7%9c%20%d7%94%d7%96%d7%9e%d7%a0%d7%99%d7%9d%5b%2fCOLOR%5d&amp;original_title=%20&amp;season=%20&amp;show_original_year=%20&amp;tmdbid=%20&amp;url=-1001402382061&quot</content>
</control>
</control>


</controls>
</window>
