<?xml version="1.0" encoding="UTF-8"?>
<!-- Foundation -->
<window id="6684" type="dialog">
    <defaultcontrol always="true">5</defaultcontrol>
    	<onload>ClearProperty(quicknavsetup,home)</onload>
		<onload>Dialog.Close(6671)</onload>
		<onload>Dialog.Close(6675)</onload>
		<onunload>ClearProperty(quicknavsetup,home)</onunload>

<controls>

			<control type="group">
			<animation condition="Window.IsActive(6763)" effect="slide" start="0,0" end="-800,0" time="250" tween="sine" easing="inout">Conditional</animation>
			<control type="list" id="5">
			<animation type="WindowOpen">
			<effect type="slide" start="-1500,0" end="1500,0" tween="cubic" easing="out" time="350"/>
			</animation>
			<animation type="WindowClose">
			<effect type="slide" start="1500,0" end="-1000,0" tween="cubic" easing="inout" time="350"/>
			</animation>
			<posx>-1500</posx>
			<posy>730</posy>
			<width>18-col</width>
			<height>345</height>
			<ondown>9012</ondown>
			<onup>9012</onup>
			<orientation>vertical</orientation>
			<onright>Dialog.Close(6684)</onright>
			<onback>Dialog.Close(6684)</onback>
			<scrolltime tweeb="cubic" easing="inout">450</scrolltime>
			<itemlayout width="4-col" height="115">
				<control type="image">
					<posx>0</posx>
					<posy>20</posy>
					<width>4-col-textbox</width>
					<height>105</height>
					<texture>special://skin/extras/common/context_middle.png</texture>
				</control>
				<control type="label">
					<posx>20</posx>
					<posy>0</posy>
					<width>252</width>
					<height>3-row</height>
					<wrapmultiline>true</wrapmultiline>
					<aligny>center</aligny>
					<align>center</align>
					<textcolor>white</textcolor>
					<shadowcolor></shadowcolor>
					<label>[B][CAPITALIZE]$INFO[ListItem.label][/CAPITALIZE][/B]</label>
				</control>
				<control type="label">
					<posx>20</posx>
					<posy>40</posy>
					<width>252</width>
					<height>3-row</height>
					<wrapmultiline>true</wrapmultiline>
					<aligny>center</aligny>
					<align>center</align>
					<font>font-16</font>
					<textcolor>white</textcolor>
					<shadowcolor></shadowcolor>
					<label>[CAPITALIZE]$INFO[ListItem.label2][/CAPITALIZE]</label>
				</control>
			</itemlayout>
			<focusedlayout width="4-col" height="115">
			<control type="image">
					<posx>0</posx>
					<posy>20</posy>
					<width>4-col-textbox</width>
					<height>105</height>
					<texture>special://skin/extras/common/context_middle.png</texture>
				</control>
				<control type="image">
					<posx>15</posx>
					<posy>22</posy>
					<width>255</width>
					<height>100</height>
					<texture>white.png</texture>
					<colordiffuse>deeppink</colordiffuse>
					<aspectratio>stretch</aspectratio>
				</control>
				<control type="label">
					<posx>20</posx>
					<posy>0</posy>
					<width>252</width>
					<height>3-row</height>
					<wrapmultiline>true</wrapmultiline>
					<aligny>center</aligny>
					<align>center</align>
					<textcolor>white</textcolor>
					<shadowcolor></shadowcolor>
					<label>[B][CAPITALIZE]$INFO[ListItem.label][/CAPITALIZE][/B]</label>
				</control>
				<control type="label">
					<posx>20</posx>
					<posy>40</posy>
					<width>252</width>
					<height>3-row</height>
					<wrapmultiline>true</wrapmultiline>
					<aligny>center</aligny>
					<align>center</align>
					<font>font-16</font>
					<textcolor>white</textcolor>
					<shadowcolor></shadowcolor>
					<label>[CAPITALIZE]$INFO[ListItem.label2][/CAPITALIZE]</label>
				</control>
			</focusedlayout>
			<content>
			<item>
				<label>עולם הילדים</label>
				<label2>[COLOR yellow]סרטים מדובבים[/COLOR]</label2>
				<onclick>Dialog.Close(6684)</onclick>
				<onclick>ActivateWindow(6920)</onclick>
				</item>
		<!--	<item>
				<label>עולם הילדים</label>
				<label2>[COLOR yellow]סרטים מדובבים ובתרגום מובנה[/COLOR]</label2>
				<onclick>Dialog.Close(6684)</onclick>
				<onclick>ActivateWindow(6818)</onclick>
				</item>-->
				<item>
				<label>סדרות ילדים</label>
				<label2>[COLOR yellow]מדובב[/COLOR]</label2>
				<onclick>Dialog.Close(6684)</onclick>
				<onclick>ActivateWindow(6810)</onclick>
				</item>
				<item>
				<label>סדרות ילדים</label>
				<label2>[COLOR yellow]אנימציה[/COLOR]</label2>
				<onclick>Dialog.Close(6684)</onclick>
				<onclick>ActivateWindow(6811)</onclick>
				</item>
				<item>
				<label>סדרות ילדים</label>
				<label2>[COLOR yellow]דיסני[/COLOR]</label2>
				<onclick>Dialog.Close(6684)</onclick>
				<onclick>ActivateWindow(6847)</onclick>
				</item>
				<item>
				<label>סדרות ילדים</label>
				<label2>[COLOR yellow]אנימה[/COLOR]</label2>
				<onclick>Dialog.Close(6684)</onclick>
				<onclick>ActivateWindow(6812)</onclick>
				</item>
				<item>
				<label>סדרות ילדים</label>
				<label2>[COLOR yellow]פרקים בלבד[/COLOR]</label2>
				<onclick>Dialog.Close(6684)</onclick>
				<onclick>ActivateWindow(6846)</onclick>
				</item>
				<item>
				<label>המלצות סרטים</label>
				<label2>סרטים לילדים</label2>
				<onclick>Dialog.Close(6684)</onclick>
				<onclick>ActivateWindow(6763)</onclick>
				</item>
				<item>
				<label>סרטים לילדים</label>
				<label2>סגנון נטפליקס</label2>
				<onclick>Dialog.Close(6684)</onclick>
				<onclick>ActivateWindow(6685)</onclick>
				</item>
				<item>
				<label>סרטים לילדים</label>
				<label2>עיצוב מתקדם</label2>
				<onclick>Dialog.Close(6684)</onclick>
				<onclick>ActivateWindow(6698)</onclick>
				</item>
				<item>
				<label>סרטים לילדים</label>
				<label2>עיצוב חדשני</label2>
				<onclick>Dialog.Close(6684)</onclick>
				<onclick>ActivateWindow(6720)</onclick>
				</item>
			</content>
		</control>
		</control>

</controls>
</window>
