<?xml version="1.0" encoding="UTF-8"?>
<!-- Foundation -->
<window id="6861" type="dialog">
    <defaultcontrol always="true">135</defaultcontrol>
	
<controls>



<include content="ghostlatestmoviesoldnew">
<param name="stringid" value="255"/>
<param name="itemnumber" value="1"/>
<param name="sortby" value="random"/>
<param name="sortorder" value="random"/>
<param name="content" value="plugin://plugin.video.shadow/?all_w=%7b%7d&amp;data=%20&amp;dates=%20&amp;description=mainscreenmovies3&amp;eng_name=%20&amp;episode=%20&amp;fanart=%20&amp;fav_status=false&amp;heb_name=%20&amp;iconimage=%20&amp;id=%20&amp;image_master&amp;isr=0&amp;last_id&amp;mode=117&amp;name=mainscreenmovies3&amp;original_title=%20&amp;season=%20&amp;show_original_year=%20&amp;tmdbid=%20&amp;url=moshep15%24%24%24%24%24%24%24%24%24%24%24mainscreenmovies3%5e%5e%5e%5e%5e%5e%5e%5emovie&amp;video_data=%7b%22rating%22%3a%20%220%22%2c%20%22episode%22%3a%200%2c%20%22title%22%3a%20%22mainscreenmovies3%22%2c%20%22season%22%3a%200%2c%20%22TVshowtitle%22%3a%20%22%22%2c%20%22mediatype%22%3a%20%22movie%22%2c%20%22plot%22%3a%20%22mainscreenmovies3%22%2c%20%22OriginalTitle%22%3a%20%22%20%22%2c%20%22Tag%22%3a%20%22116%22%7d&quot"/>
</include>

<include content="ghostlatestmoviesoldnew">
<param name="stringid" value="256"/>
<param name="itemnumber" value="2"/>
<param name="sortby" value="random"/>
<param name="sortorder" value="random"/>
<param name="content" value="plugin://plugin.video.shadow/?all_w=%7b%7d&amp;data=%20&amp;dates=%20&amp;description=mainscreenmovies2&amp;eng_name=%20&amp;episode=%20&amp;fanart=%20&amp;fav_status=false&amp;heb_name=%20&amp;iconimage=%20&amp;id=%20&amp;image_master&amp;isr=0&amp;last_id&amp;mode=117&amp;name=mainscreenmovies2&amp;original_title=%20&amp;season=%20&amp;show_original_year=%20&amp;tmdbid=%20&amp;url=moshep15%24%24%24%24%24%24%24%24%24%24%24mainscreenmovies2%5e%5e%5e%5e%5e%5e%5e%5emovie&amp;video_data=%7b%22rating%22%3a%20%220%22%2c%20%22episode%22%3a%200%2c%20%22title%22%3a%20%22mainscreenmovies2%22%2c%20%22season%22%3a%200%2c%20%22TVshowtitle%22%3a%20%22%22%2c%20%22mediatype%22%3a%20%22movie%22%2c%20%22plot%22%3a%20%22mainscreenmovies2%22%2c%20%22OriginalTitle%22%3a%20%22%20%22%2c%20%22Tag%22%3a%20%22116%22%7d&quot"/>
</include>

<include content="ghostlatestmoviesoldnew">
<param name="stringid" value="257"/>
<param name="itemnumber" value="3"/>
<param name="sortby" value="random"/>
<param name="sortorder" value="random"/>
<param name="content" value="plugin://plugin.video.shadow/?all_w=%7b%7d&amp;data=%20&amp;dates=%20&amp;description=mainscreenmovies&amp;eng_name=%20&amp;episode=%20&amp;fanart=%20&amp;fav_status=false&amp;heb_name=%20&amp;iconimage=%20&amp;id=%20&amp;image_master&amp;isr=0&amp;last_id&amp;mode=117&amp;name=mainscreenmovies&amp;original_title=%20&amp;season=%20&amp;show_original_year=%20&amp;tmdbid=%20&amp;url=moshep15%24%24%24%24%24%24%24%24%24%24%24mainscreenmovies%5e%5e%5e%5e%5e%5e%5e%5emovie&amp;video_data=%7b%22rating%22%3a%20%220%22%2c%20%22episode%22%3a%200%2c%20%22title%22%3a%20%22mainscreenmovies%22%2c%20%22season%22%3a%200%2c%20%22TVshowtitle%22%3a%20%22%22%2c%20%22mediatype%22%3a%20%22movie%22%2c%20%22plot%22%3a%20%22mainscreenmovies%22%2c%20%22OriginalTitle%22%3a%20%22%20%22%2c%20%22Tag%22%3a%20%22116%22%7d&quot"/>
</include>

<include content="ghostlatestmoviesoldnew">
<param name="stringid" value="258"/>
<param name="itemnumber" value="4"/>
<param name="sortby" value="random"/>
<param name="sortorder" value="random"/>
<param name="content" value="plugin://plugin.video.shadow/?all_w=%7b%7d&amp;data=%20&amp;dates=%20&amp;description=netflixmovies&amp;eng_name=%20&amp;episode=%20&amp;fanart=%20&amp;fav_status=false&amp;heb_name=%20&amp;iconimage=%20&amp;id=%20&amp;image_master&amp;isr=0&amp;last_id&amp;mode=117&amp;name=netflixmovies&amp;original_title=%20&amp;season=%20&amp;show_original_year=%20&amp;tmdbid=%20&amp;url=moshep15%24%24%24%24%24%24%24%24%24%24%24netflixmovies%5e%5e%5e%5e%5e%5e%5e%5emovie&amp;video_data=%7b%22rating%22%3a%20%220%22%2c%20%22episode%22%3a%200%2c%20%22title%22%3a%20%22netflixmovies%22%2c%20%22season%22%3a%200%2c%20%22TVshowtitle%22%3a%20%22%22%2c%20%22mediatype%22%3a%20%22movie%22%2c%20%22plot%22%3a%20%22netflixmovies%22%2c%20%22OriginalTitle%22%3a%20%22%20%22%2c%20%22Tag%22%3a%20%22116%22%7d&quot"/>
</include>

<include content="ghostlatestmoviesoldnew">
<param name="stringid" value="259"/>
<param name="itemnumber" value="5"/>
<param name="sortby" value="random"/>
<param name="sortorder" value="random"/>
<param name="content" value="plugin://plugin.video.shadow/?all_w=%7b%7d&amp;data=%20&amp;dates=%20&amp;description=netflixmovies2&amp;eng_name=%20&amp;episode=%20&amp;fanart=%20&amp;fav_status=false&amp;heb_name=%20&amp;iconimage=%20&amp;id=%20&amp;image_master&amp;isr=0&amp;last_id&amp;mode=117&amp;name=netflixmovies2&amp;original_title=%20&amp;season=%20&amp;show_original_year=%20&amp;tmdbid=%20&amp;url=moshep15%24%24%24%24%24%24%24%24%24%24%24netflixmovies2%5e%5e%5e%5e%5e%5e%5e%5emovie&amp;video_data=%7b%22rating%22%3a%20%220%22%2c%20%22episode%22%3a%200%2c%20%22title%22%3a%20%22netflixmovies2%22%2c%20%22season%22%3a%200%2c%20%22TVshowtitle%22%3a%20%22%22%2c%20%22mediatype%22%3a%20%22movie%22%2c%20%22plot%22%3a%20%22netflixmovies2%22%2c%20%22OriginalTitle%22%3a%20%22%20%22%2c%20%22Tag%22%3a%20%22116%22%7d&quot"/>
</include>

<include content="ghostlatestmoviesoldnew">
<param name="stringid" value="260"/>
<param name="itemnumber" value="6"/>
<param name="sortby" value="random"/>
<param name="sortorder" value="random"/>
<param name="content" value="plugin://plugin.video.shadow/?all_w=%7b%7d&amp;data=%20&amp;dates=%20&amp;description=netflixmovies3&amp;eng_name=%20&amp;episode=%20&amp;fanart=%20&amp;fav_status=false&amp;heb_name=%20&amp;iconimage=%20&amp;id=%20&amp;image_master&amp;isr=0&amp;last_id&amp;mode=117&amp;name=netflixmovies3&amp;original_title=%20&amp;season=%20&amp;show_original_year=%20&amp;tmdbid=%20&amp;url=moshep15%24%24%24%24%24%24%24%24%24%24%24netflixmovies3%5e%5e%5e%5e%5e%5e%5e%5emovie&amp;video_data=%7b%22rating%22%3a%20%220%22%2c%20%22episode%22%3a%200%2c%20%22title%22%3a%20%22netflixmovies3%22%2c%20%22season%22%3a%200%2c%20%22TVshowtitle%22%3a%20%22%22%2c%20%22mediatype%22%3a%20%22movie%22%2c%20%22plot%22%3a%20%22netflixmovies3%22%2c%20%22OriginalTitle%22%3a%20%22%20%22%2c%20%22Tag%22%3a%20%22116%22%7d&quot"/>
</include>

<include content="ghostlatestmoviesoldnew">
<param name="stringid" value="261"/>
<param name="itemnumber" value="7"/>
<param name="sortby" value="random"/>
<param name="sortorder" value="random"/>
<param name="content" value="plugin://plugin.video.shadow/?all_w=%7b%7d&amp;data=%20&amp;dates=%20&amp;description=netflixmovies4&amp;eng_name=%20&amp;episode=%20&amp;fanart=%20&amp;fav_status=false&amp;heb_name=%20&amp;iconimage=%20&amp;id=%20&amp;image_master&amp;isr=0&amp;last_id&amp;mode=117&amp;name=netflixmovies4&amp;original_title=%20&amp;season=%20&amp;show_original_year=%20&amp;tmdbid=%20&amp;url=moshep15%24%24%24%24%24%24%24%24%24%24%24netflixmovies4%5e%5e%5e%5e%5e%5e%5e%5emovie&amp;video_data=%7b%22rating%22%3a%20%220%22%2c%20%22episode%22%3a%200%2c%20%22title%22%3a%20%22netflixmovies4%22%2c%20%22season%22%3a%200%2c%20%22TVshowtitle%22%3a%20%22%22%2c%20%22mediatype%22%3a%20%22movie%22%2c%20%22plot%22%3a%20%22netflixmovies4%22%2c%20%22OriginalTitle%22%3a%20%22%20%22%2c%20%22Tag%22%3a%20%22116%22%7d&quot"/>
</include>

<include content="ghostlatestmoviesoldnew">
<param name="stringid" value="262"/>
<param name="itemnumber" value="8"/>
<param name="sortby" value="random"/>
<param name="sortorder" value="random"/>
<param name="content" value="plugin://plugin.video.shadow/?all_w=%7b%7d&amp;data=%20&amp;dates=%20&amp;description=netflixmovies5&amp;eng_name=%20&amp;episode=%20&amp;fanart=%20&amp;fav_status=false&amp;heb_name=%20&amp;iconimage=%20&amp;id=%20&amp;image_master&amp;isr=0&amp;last_id&amp;mode=117&amp;name=netflixmovies5&amp;original_title=%20&amp;season=%20&amp;show_original_year=%20&amp;tmdbid=%20&amp;url=moshep15%24%24%24%24%24%24%24%24%24%24%24netflixmovies5%5e%5e%5e%5e%5e%5e%5e%5emovie&amp;video_data=%7b%22rating%22%3a%20%220%22%2c%20%22episode%22%3a%200%2c%20%22title%22%3a%20%22netflixmovies5%22%2c%20%22season%22%3a%200%2c%20%22TVshowtitle%22%3a%20%22%22%2c%20%22mediatype%22%3a%20%22movie%22%2c%20%22plot%22%3a%20%22netflixmovies5%22%2c%20%22OriginalTitle%22%3a%20%22%20%22%2c%20%22Tag%22%3a%20%22116%22%7d&quot"/>
</include>

<include content="ghostlatestmoviesoldnew">
<param name="stringid" value="263"/>
<param name="itemnumber" value="9"/>
<param name="sortby" value="random"/>
<param name="sortorder" value="random"/>
<param name="content" value="plugin://plugin.video.shadow/?all_w=%7b%7d&amp;data=%20&amp;dates=%20&amp;description=netflixmovies6&amp;eng_name=%20&amp;episode=%20&amp;fanart=%20&amp;fav_status=false&amp;heb_name=%20&amp;iconimage=%20&amp;id=%20&amp;image_master&amp;isr=0&amp;last_id&amp;mode=117&amp;name=netflixmovies6&amp;original_title=%20&amp;season=%20&amp;show_original_year=%20&amp;tmdbid=%20&amp;url=moshep15%24%24%24%24%24%24%24%24%24%24%24netflixmovies6%5e%5e%5e%5e%5e%5e%5e%5emovie&amp;video_data=%7b%22rating%22%3a%20%220%22%2c%20%22episode%22%3a%200%2c%20%22title%22%3a%20%22netflixmovies6%22%2c%20%22season%22%3a%200%2c%20%22TVshowtitle%22%3a%20%22%22%2c%20%22mediatype%22%3a%20%22movie%22%2c%20%22plot%22%3a%20%22netflixmovies6%22%2c%20%22OriginalTitle%22%3a%20%22%20%22%2c%20%22Tag%22%3a%20%22116%22%7d&quot"/>
</include>

<include content="ghostlatestmoviesoldnew">
<param name="stringid" value="264"/>
<param name="itemnumber" value="10"/>
<param name="sortby" value="random"/>
<param name="sortorder" value="random"/>
<param name="content" value="plugin://plugin.video.shadow/?all_w=%7b%7d&amp;data=%20&amp;dates=%20&amp;description=netflixmovies7&amp;eng_name=%20&amp;episode=%20&amp;fanart=%20&amp;fav_status=false&amp;heb_name=%20&amp;iconimage=%20&amp;id=%20&amp;image_master&amp;isr=0&amp;last_id&amp;mode=117&amp;name=netflixmovies7&amp;original_title=%20&amp;season=%20&amp;show_original_year=%20&amp;tmdbid=%20&amp;url=moshep15%24%24%24%24%24%24%24%24%24%24%24netflixmovies7%5e%5e%5e%5e%5e%5e%5e%5emovie&amp;video_data=%7b%22rating%22%3a%20%220%22%2c%20%22episode%22%3a%200%2c%20%22title%22%3a%20%22netflixmovies7%22%2c%20%22season%22%3a%200%2c%20%22TVshowtitle%22%3a%20%22%22%2c%20%22mediatype%22%3a%20%22movie%22%2c%20%22plot%22%3a%20%22netflixmovies7%22%2c%20%22OriginalTitle%22%3a%20%22%20%22%2c%20%22Tag%22%3a%20%22116%22%7d&quot"/>
</include>

<include content="ghostlatestmoviesoldnew">
<param name="stringid" value="265"/>
<param name="itemnumber" value="11"/>
<param name="sortby" value="random"/>
<param name="sortorder" value="random"/>
<param name="content" value="plugin://plugin.video.shadow/?all_w=%7b%7d&amp;data=%20&amp;dates=%20&amp;description=netflixmovies8&amp;eng_name=%20&amp;episode=%20&amp;fanart=%20&amp;fav_status=false&amp;heb_name=%20&amp;iconimage=%20&amp;id=%20&amp;image_master&amp;isr=0&amp;last_id&amp;mode=117&amp;name=netflixmovies8&amp;original_title=%20&amp;season=%20&amp;show_original_year=%20&amp;tmdbid=%20&amp;url=moshep15%24%24%24%24%24%24%24%24%24%24%24netflixmovies8%5e%5e%5e%5e%5e%5e%5e%5emovie&amp;video_data=%7b%22rating%22%3a%20%220%22%2c%20%22episode%22%3a%200%2c%20%22title%22%3a%20%22netflixmovies8%22%2c%20%22season%22%3a%200%2c%20%22TVshowtitle%22%3a%20%22%22%2c%20%22mediatype%22%3a%20%22movie%22%2c%20%22plot%22%3a%20%22netflixmovies8%22%2c%20%22OriginalTitle%22%3a%20%22%20%22%2c%20%22Tag%22%3a%20%22116%22%7d&quot"/>
</include>

<control type="group">
<control type="image">
<posx>5</posx>
<posy>5</posy>
<width>160</width>
<height>260</height>
<texture>black.png</texture>
</control>
<control type="image">
<posx>60</posx>
<posy>10</posy>
<width>55</width>
<height>35</height>
<texture>special://skin/extras/arrows/arrow-142-512.png</texture>
</control>
<control type="image">
<posx>60</posx>
<posy>220</posy>
<width>55</width>
<height>35</height>
<texture flipy="true">special://skin/extras/arrows/arrow-142-512.png</texture>
</control>

<control type="list" id="135">
<posx>0</posx>
<posy>100</posy>
<width>500</width>
<height>200</height>
<onright condition="Container(135).HasFocus(1)">255</onright>
<onright condition="Container(135).HasFocus(2)">256</onright>
<onright condition="Container(135).HasFocus(3)">257</onright>
<onright condition="Container(135).HasFocus(4)">258</onright>
<onright condition="Container(135).HasFocus(5)">259</onright>
<onright condition="Container(135).HasFocus(6)">260</onright>
<onright condition="Container(135).HasFocus(7)">261</onright>
<onright condition="Container(135).HasFocus(8)">262</onright>
<onright condition="Container(135).HasFocus(9)">263</onright>
<onright condition="Container(135).HasFocus(10)">264</onright>
<onright condition="Container(135).HasFocus(11)">265</onright>
<onback>9000</onback>
<orientation>vertical</orientation>
<itemlayout width="220" height="240">
<control type="label">
<posx>0</posx>
<posy>0</posy>
<width>170</width>
<height>40</height>
<align>center</align>
<label>$INFO[ListItem.Label]</label>
</control>
</itemlayout>
<focusedlayout width="220" height="240">
<control type="label">
<visible>!control.hasfocus(135)</visible>
<posx>0</posx>
<posy>0</posy>
<width>170</width>
<height>40</height>
<align>center</align>
<label>$INFO[ListItem.Label]</label>
</control>
<control type="label">
<animation effect="fade" start="0" end="100" pulse="true" time="1100">Focus</animation>
<visible>control.hasfocus(135)</visible>
<posx>0</posx>
<posy>0</posy>
<width>170</width>
<height>40</height>
<align>center</align>
<textcolor>yellow</textcolor>
<label>[B]$INFO[ListItem.Label][/B]</label>
</control>
<control type="label">
<posx>0</posx>
<posy>50</posy>
<width>170</width>
<height>40</height>
<align>center</align>
<textcolor>burlywood</textcolor>
<label>$INFO[ListItem.Label2]</label>
</control>
</focusedlayout>
<content>
<item id="1">
<label>סרטים כללי</label>
<label2>-1-</label2>
<onclick>control.setfocus(255)</onclick>
</item>
<item id="2">
<label>סרטים כללי</label>
<label2>-2-</label2>
<onclick>control.setfocus(256)</onclick>
</item>
<item id="3">
<label>סרטים כללי</label>
<label2>-3-</label2>
<onclick>control.setfocus(257)</onclick>
</item>
<item id="4">
<label>סרטים 1</label>
<label2>החדשים</label2>
<onclick>control.setfocus(258)</onclick>
</item>
<item id="5">
<label>סרטים 2</label>
<label2>נוסטלגיה</label2>
<onclick>control.setfocus(259)</onclick>
</item>
<item id="6">
<label>סרטים 3</label>
<label2>רומנטיקה</label2>
<onclick>control.setfocus(260)</onclick>
</item>
<item id="7">
<label>סרטים 4</label>
<label2>משפחה</label2>
<onclick>control.setfocus(261)</onclick>
</item>
<item id="8">
<label>סרטים 5</label>
<label2>טבע ודוקו</label2>
<onclick>control.setfocus(262)</onclick>
</item>
<item id="9">
<label>סרטים 6</label>
<label2>משפחה</label2>
<onclick>control.setfocus(263)</onclick>
</item>
<item id="10">
<label>סרטים 7</label>
<onclick>control.setfocus(264)</onclick>
</item>
<item id="11">
<label>סרטים 8</label>
<onclick>control.setfocus(265)</onclick>
</item>
</content>
</control>
</control>

</controls>
</window>
