<?xml version="1.0" encoding="UTF-8"?>
<!-- Foundation -->
<window id="6811" type="dialog">
    <defaultcontrol always="true">5</defaultcontrol>


<controls>

<!--סדרות ילדים-->
<!--kidsseriastvshows2-->
<control type="image">
<posx>0</posx>
<posy>0</posy>
<width>fsw</width>
<height>fsh</height>
<texture>special://skin/extras/specialbuttons/background.jpg</texture>
</control>

<control type="multiimage">
<posx>0</posx>
<posy>0</posy>
<width>fsw</width>
<height>fsh</height>
<fadetime>350</fadetime>
<imagepath>$INFO[Container(5).ListItem.Art(fanart)]</imagepath>
</control>

<control type="image">
<posx>-100</posx>
<posy>300</posy>
<width>2200</width>
<height>580</height>
<texture>special://skin/extras/common/context_middle.png</texture>
</control>

<control type="image">
<posx>-100</posx>
<posy>50</posy>
<width>2200</width>
<height>250</height>
<texture>special://skin/extras/common/context_middle.png</texture>
</control>

<control type="image">
<posx>-100</posx>
<posy>0</posy>
<width>2200</width>
<height>50</height>
<texture>special://skin/extras/common/context_middle.png</texture>
</control>

<control type="group">
<control type="textbox">
<posx>15</posx>
<posy>300</posy>
<width>550</width>
<height>140</height>
<align>center</align>
<font>font-21-newrecommnded</font>
<label>$INFO[Container(5).ListItem.Label]</label>
</control>

<control type="label">
<posx>200</posx>
<posy>420</posy>
<width>250</width>
<height>40</height>
<textcolor>burlywood</textcolor>
<label>[B]תקציר סדרה:[/B]</label>
</control>

</control>

<control type="label">
<posx>1505</posx>
<posy>700</posy>
<width>250</width>
<height>40</height>
<align>right</align>
<label>[COLOR cyan]$INFO[Container(5).NumItems][/COLOR] [COLOR white]כמות סדרות:[/COLOR]</label>
</control>

<control type="image">
<visible>!Integer.IsGreater(Container(5).NumItems,0)</visible>
<posx>800</posx>
<posy>500</posy>
<width>120</width>
<height>120</height>
<texture>special://skin/extras/specialbuttons/loading.gif</texture>
</control>


<control type="multiimage">
<centerleft>90%</centerleft>
<posy>330</posy>
<width>350</width>
<height>520</height>
<fadetime>350</fadetime>
<imagepath>$INFO[Container(5).ListItem.Thumb]</imagepath>
</control>

<control type="textbox">
<posx>0</posx>
<posy>470</posy>
<width>500</width>
<height>320</height>
<align>right</align>
<autoscroll fade="2550" time="3000" repeat="4000"></autoscroll>
<label>$INFO[Container(5).ListItem.Plot]</label>
</control>


<include content="basetvshowcontent">
<param name="basetvshowid" value="5"/>
<param name="basetvshowcontnet" value="plugin://plugin.audio.My.Music/?cat_level=%20&amp;count=0&amp;description=%5bB%5d%5bCOLOR%20burlywood%5d%d7%94%d7%93%d7%a8%d7%a7%d7%95%d7%9f%20%5b%2fCOLOR%5d%5b%2fB%5d%5bB%5d%5bCOLOR%20aqua%5d%20%d7%99%d7%9c%d7%93%d7%99%5b%2fCOLOR%5d%5b%2fB%5d%20%d7%94%d7%a8%d7%97%d7%91%d7%94%20%d7%a0%d7%95%d7%a1%d7%a4%d7%aa%20%d7%9e%d7%91%d7%99%d7%aa%20%d7%93%d7%a8%d7%92%d7%95%d7%9f%20%d7%94%d7%a2%d7%95%d7%a1%d7%a7%d7%aa%20%d7%91%d7%a2%d7%99%d7%a7%d7%a8%20%d7%91%d7%aa%d7%95%d7%9b%d7%9f%20%d7%9c%d7%99%d7%9c%d7%93%d7%99%d7%9d&amp;fanart=http%3a%2f%2fgetwallpapers.com%2fwallpaper%2ffull%2f8%2f4%2f8%2f917833-widescreen-homestuck-wallpaper-kids-1920x1080-ipad.jpg&amp;iconimage=http%3a%2f%2fngarba.xyz%2fadds%2fyos%2f13.jpg&amp;index_depth=0&amp;lang=eng&amp;mode=5&amp;name=%d7%a1%d7%93%d7%a8%d7%95%d7%aa%20%d7%90%d7%a0%d7%99%d7%9e%d7%a6%d7%99%d7%94%20%d7%9c%d7%99%d7%9c%d7%93%d7%99%d7%9d&amp;page&amp;selected_list=%20&amp;url=%d7%99%d7%9c%d7%93%d7%99%d7%9d%d7%a1%d7%93%d7%a8%d7%95%d7%aa%20%d7%90%d7%a0%d7%99%d7%9e%d7%a6%d7%99%d7%94%20%d7%9c%d7%99%d7%9c%d7%93%d7%99%d7%9d&quot"/>
</include>

<include content="sessionone">
<param name="seesionone" value="500"/>
<param name="labelname" value="איש משפחה"/>
<param name="network" value="[COLOR red](UNKNOWN)[/COLOR]"/>
<param name="baseepisodidcontent" value="plugin://plugin.video.mando/?all_w=%7b%7d&amp;data=2017&amp;dates=%20&amp;description=%5bCOLOR%20aqua%5d%20%d7%a9%d7%95%d7%93%d7%a8%20%d7%91%d7%aa%d7%90%d7%a8%d7%99%d7%9a%2001-10-2017%5b%2fCOLOR%5d%0aSick%2c%20twisted%2c%20politically%20incorrect%20and%20Freakin%27%20Sweet%20animated%20series%20featuring%20the%20adventures%20of%20the%20dysfunctional%20Griffin%20family.%20Bumbling%20Peter%20and%20long-suffering%20Lois%20have%20three%20kids.%20Stewie%20(a%20brilliant%20but%20sadistic%20baby%20bent%20on%20killing%20his%20mother%20and%20taking%20over%20the%20world)%2c%20Meg%20(the%20oldest%2c%20and%20is%20the%20most%20unpopular%20girl%20in%20town)%20and%20Chris%20(the%20middle%20kid%2c%20he%27s%20not%20very%20bright%20but%20has%20a%20passion%20for%20movies).%20The%20final%20member%20of%20the%20family%20is%20Brian%20-%20a%20talking%20dog%20and%20much%20more%20than%20a%20pet%2c%20he%20keeps%20Stewie%20in%20check%20whilst%20sipping%20Martinis%20and%20sorting%20through%20his%20own%20life%20issues.&amp;eng_name=%20&amp;episode=%20&amp;fanart=https%3a%2f%2fimage.tmdb.org%2ft%2fp%2foriginal%2f%2f4oE4vT4q0AD2cX3wcMBVzCsME8G.jpg&amp;fav_status=false&amp;heb_name=%d7%90%d7%99%d7%a9%20%d7%9e%d7%a9%d7%a4%d7%97%d7%94&amp;iconimage=https%3a%2f%2fimage.tmdb.org%2ft%2fp%2foriginal%2f%2fd7J5yIW4T2zsFMUYf0PkW1TLN5U.jpg&amp;id=1434&amp;image_master&amp;isr=0&amp;last_id&amp;mode=19&amp;name=%5bCOLOR%20white%5d%d7%a2%d7%95%d7%a0%d7%94%2016%5b%2fCOLOR%5d&amp;original_title=Family%20Guy&amp;season=16&amp;show_original_year=1999&amp;tmdbid=75978&amp;url=https%3a%2f%2fapi.themoviedb.org%2f3%2ftv%2f1434%3fapi_key%3d34142515d9d23817496eeb4ff1d223d0%26language%3den%26append_to_response%3dexternal_ids&amp;video_data=%7b%22rating%22%3a%20%220%22%2c%20%22episode%22%3a%200%2c%20%22title%22%3a%20%22%5bCOLOR%20white%5d%5cu05e2%5cu05d5%5cu05e0%5cu05d4%2016%5b%2fCOLOR%5d%22%2c%20%22season%22%3a%200%2c%20%22TVshowtitle%22%3a%20%22%22%2c%20%22mediatype%22%3a%20%22movie%22%2c%20%22plot%22%3a%20%22%5bCOLOR%20aqua%5d%20%5cu05e9%5cu05d5%5cu05d3%5cu05e8%20%5cu05d1%5cu05ea%5cu05d0%5cu05e8%5cu05d9%5cu05da%2001-10-2017%5b%2fCOLOR%5d%5cnSick%2c%20twisted%2c%20politically%20incorrect%20and%20Freakin%27%20Sweet%20animated%20series%20featuring%20the%20adventures%20of%20the%20dysfunctional%20Griffin%20family.%20Bumbling%20Peter%20and%20long-suffering%20Lois%20have%20three%20kids.%20Stewie%20(a%20brilliant%20but%20sadistic%20baby%20bent%20on%20killing%20his%20mother%20and%20taking%20over%20the%20world)%2c%20Meg%20(the%20oldest%2c%20and%20is%20the%20most%20unpopular%20girl%20in%20town)%20and%20Chris%20(the%20middle%20kid%2c%20he%27s%20not%20very%20bright%20but%20has%20a%20passion%20for%20movies).%20The%20final%20member%20of%20the%20family%20is%20Brian%20-%20a%20talking%20dog%20and%20much%20more%20than%20a%20pet%2c%20he%20keeps%20Stewie%20in%20check%20whilst%20sipping%20Martinis%20and%20sorting%20through%20his%20own%20life%20issues.%22%2c%20%22OriginalTitle%22%3a%20%22Family%20Guy%22%2c%20%22Tag%22%3a%20%2216%22%2c%20%22year%22%3a%20%222017%22%7d&quot"/>
</include>
<include content="sessiontwo">
<param name="sessiontwo" value="501"/>
<param name="labelname" value="איש משפחה"/>
<param name="network" value="[COLOR red](UNKNOWN)[/COLOR]"/>
<param name="baseepisodidcontent" value="plugin://plugin.video.mando/?all_w=%7b%7d&amp;data=2018&amp;dates=%20&amp;description=%5bCOLOR%20aqua%5d%20%d7%a9%d7%95%d7%93%d7%a8%20%d7%91%d7%aa%d7%90%d7%a8%d7%99%d7%9a%2030-09-2018%5b%2fCOLOR%5d%0aSick%2c%20twisted%2c%20politically%20incorrect%20and%20Freakin%27%20Sweet%20animated%20series%20featuring%20the%20adventures%20of%20the%20dysfunctional%20Griffin%20family.%20Bumbling%20Peter%20and%20long-suffering%20Lois%20have%20three%20kids.%20Stewie%20(a%20brilliant%20but%20sadistic%20baby%20bent%20on%20killing%20his%20mother%20and%20taking%20over%20the%20world)%2c%20Meg%20(the%20oldest%2c%20and%20is%20the%20most%20unpopular%20girl%20in%20town)%20and%20Chris%20(the%20middle%20kid%2c%20he%27s%20not%20very%20bright%20but%20has%20a%20passion%20for%20movies).%20The%20final%20member%20of%20the%20family%20is%20Brian%20-%20a%20talking%20dog%20and%20much%20more%20than%20a%20pet%2c%20he%20keeps%20Stewie%20in%20check%20whilst%20sipping%20Martinis%20and%20sorting%20through%20his%20own%20life%20issues.&amp;eng_name=%20&amp;episode=%20&amp;fanart=https%3a%2f%2fimage.tmdb.org%2ft%2fp%2foriginal%2f%2f4oE4vT4q0AD2cX3wcMBVzCsME8G.jpg&amp;fav_status=false&amp;heb_name=%d7%90%d7%99%d7%a9%20%d7%9e%d7%a9%d7%a4%d7%97%d7%94&amp;iconimage=https%3a%2f%2fimage.tmdb.org%2ft%2fp%2foriginal%2f%2f1DFGzACH8XmPXJOzwgkywQGG7Ic.jpg&amp;id=1434&amp;image_master&amp;isr=0&amp;last_id&amp;mode=19&amp;name=%5bCOLOR%20white%5d%d7%a2%d7%95%d7%a0%d7%94%2017%5b%2fCOLOR%5d&amp;original_title=Family%20Guy&amp;season=17&amp;show_original_year=1999&amp;tmdbid=75978&amp;url=https%3a%2f%2fapi.themoviedb.org%2f3%2ftv%2f1434%3fapi_key%3d34142515d9d23817496eeb4ff1d223d0%26language%3den%26append_to_response%3dexternal_ids&amp;video_data=%7b%22rating%22%3a%20%220%22%2c%20%22episode%22%3a%200%2c%20%22title%22%3a%20%22%5bCOLOR%20white%5d%5cu05e2%5cu05d5%5cu05e0%5cu05d4%2017%5b%2fCOLOR%5d%22%2c%20%22season%22%3a%200%2c%20%22TVshowtitle%22%3a%20%22%22%2c%20%22mediatype%22%3a%20%22movie%22%2c%20%22plot%22%3a%20%22%5bCOLOR%20aqua%5d%20%5cu05e9%5cu05d5%5cu05d3%5cu05e8%20%5cu05d1%5cu05ea%5cu05d0%5cu05e8%5cu05d9%5cu05da%2030-09-2018%5b%2fCOLOR%5d%5cnSick%2c%20twisted%2c%20politically%20incorrect%20and%20Freakin%27%20Sweet%20animated%20series%20featuring%20the%20adventures%20of%20the%20dysfunctional%20Griffin%20family.%20Bumbling%20Peter%20and%20long-suffering%20Lois%20have%20three%20kids.%20Stewie%20(a%20brilliant%20but%20sadistic%20baby%20bent%20on%20killing%20his%20mother%20and%20taking%20over%20the%20world)%2c%20Meg%20(the%20oldest%2c%20and%20is%20the%20most%20unpopular%20girl%20in%20town)%20and%20Chris%20(the%20middle%20kid%2c%20he%27s%20not%20very%20bright%20but%20has%20a%20passion%20for%20movies).%20The%20final%20member%20of%20the%20family%20is%20Brian%20-%20a%20talking%20dog%20and%20much%20more%20than%20a%20pet%2c%20he%20keeps%20Stewie%20in%20check%20whilst%20sipping%20Martinis%20and%20sorting%20through%20his%20own%20life%20issues.%22%2c%20%22OriginalTitle%22%3a%20%22Family%20Guy%22%2c%20%22Tag%22%3a%20%2216%22%2c%20%22year%22%3a%20%222018%22%7d&quot"/>
</include>
<include content="sessionthree">
<param name="sessionthree" value="502"/>
<param name="labelname" value="איש משפחה"/>
<param name="network" value="[COLOR red](NETFLIX)[/COLOR]"/>
<param name="baseepisodidcontent" value="plugin://plugin.video.mando/?all_w=%7b%7d&amp;data=2019&amp;dates=%20&amp;description=%5bCOLOR%20aqua%5d%20%d7%a9%d7%95%d7%93%d7%a8%20%d7%91%d7%aa%d7%90%d7%a8%d7%99%d7%9a%2029-09-2019%5b%2fCOLOR%5d%0aSick%2c%20twisted%2c%20politically%20incorrect%20and%20Freakin%27%20Sweet%20animated%20series%20featuring%20the%20adventures%20of%20the%20dysfunctional%20Griffin%20family.%20Bumbling%20Peter%20and%20long-suffering%20Lois%20have%20three%20kids.%20Stewie%20(a%20brilliant%20but%20sadistic%20baby%20bent%20on%20killing%20his%20mother%20and%20taking%20over%20the%20world)%2c%20Meg%20(the%20oldest%2c%20and%20is%20the%20most%20unpopular%20girl%20in%20town)%20and%20Chris%20(the%20middle%20kid%2c%20he%27s%20not%20very%20bright%20but%20has%20a%20passion%20for%20movies).%20The%20final%20member%20of%20the%20family%20is%20Brian%20-%20a%20talking%20dog%20and%20much%20more%20than%20a%20pet%2c%20he%20keeps%20Stewie%20in%20check%20whilst%20sipping%20Martinis%20and%20sorting%20through%20his%20own%20life%20issues.&amp;eng_name=%20&amp;episode=%20&amp;fanart=https%3a%2f%2fimage.tmdb.org%2ft%2fp%2foriginal%2f%2f4oE4vT4q0AD2cX3wcMBVzCsME8G.jpg&amp;fav_status=false&amp;heb_name=%d7%90%d7%99%d7%a9%20%d7%9e%d7%a9%d7%a4%d7%97%d7%94&amp;iconimage=https%3a%2f%2fimage.tmdb.org%2ft%2fp%2foriginal%2f%2fz6XArTPKg7nMDNiilkvFsUjys3r.jpg&amp;id=1434&amp;image_master&amp;isr=0&amp;last_id&amp;mode=19&amp;name=%5bCOLOR%20white%5d%d7%a2%d7%95%d7%a0%d7%94%2018%5b%2fCOLOR%5d&amp;original_title=Family%20Guy&amp;season=18&amp;show_original_year=1999&amp;tmdbid=75978&amp;url=https%3a%2f%2fapi.themoviedb.org%2f3%2ftv%2f1434%3fapi_key%3d34142515d9d23817496eeb4ff1d223d0%26language%3den%26append_to_response%3dexternal_ids&amp;video_data=%7b%22rating%22%3a%20%220%22%2c%20%22episode%22%3a%200%2c%20%22title%22%3a%20%22%5bCOLOR%20white%5d%5cu05e2%5cu05d5%5cu05e0%5cu05d4%2018%5b%2fCOLOR%5d%22%2c%20%22season%22%3a%200%2c%20%22TVshowtitle%22%3a%20%22%22%2c%20%22mediatype%22%3a%20%22movie%22%2c%20%22plot%22%3a%20%22%5bCOLOR%20aqua%5d%20%5cu05e9%5cu05d5%5cu05d3%5cu05e8%20%5cu05d1%5cu05ea%5cu05d0%5cu05e8%5cu05d9%5cu05da%2029-09-2019%5b%2fCOLOR%5d%5cnSick%2c%20twisted%2c%20politically%20incorrect%20and%20Freakin%27%20Sweet%20animated%20series%20featuring%20the%20adventures%20of%20the%20dysfunctional%20Griffin%20family.%20Bumbling%20Peter%20and%20long-suffering%20Lois%20have%20three%20kids.%20Stewie%20(a%20brilliant%20but%20sadistic%20baby%20bent%20on%20killing%20his%20mother%20and%20taking%20over%20the%20world)%2c%20Meg%20(the%20oldest%2c%20and%20is%20the%20most%20unpopular%20girl%20in%20town)%20and%20Chris%20(the%20middle%20kid%2c%20he%27s%20not%20very%20bright%20but%20has%20a%20passion%20for%20movies).%20The%20final%20member%20of%20the%20family%20is%20Brian%20-%20a%20talking%20dog%20and%20much%20more%20than%20a%20pet%2c%20he%20keeps%20Stewie%20in%20check%20whilst%20sipping%20Martinis%20and%20sorting%20through%20his%20own%20life%20issues.%22%2c%20%22OriginalTitle%22%3a%20%22Family%20Guy%22%2c%20%22Tag%22%3a%20%2216%22%2c%20%22year%22%3a%20%222019%22%7d&quot"/>
</include>

<include content="sessionone">
<param name="seesionone" value="503"/>
<param name="labelname" value="אבא אמריקאי"/>
<param name="network" value="[COLOR red](UNKNOWN)[/COLOR]"/>
<param name="baseepisodidcontent" value="plugin://plugin.video.mando/?all_w=%7b%7d&amp;data=2016&amp;dates=%20&amp;description=%5bCOLOR%20aqua%5d%20%d7%a9%d7%95%d7%93%d7%a8%20%d7%91%d7%aa%d7%90%d7%a8%d7%99%d7%9a%2025-01-2016%5b%2fCOLOR%5d%0aThe%20series%20focuses%20on%20an%20eccentric%20motley%20crew%20that%20is%20the%20Smith%20family%20and%20their%20three%20housemates%3a%20Father%2c%20husband%2c%20and%20breadwinner%20Stan%20Smith%3b%20his%20better%20half%20housewife%2c%20Francine%20Smith%3b%20their%20college-aged%20daughter%2c%20Hayley%20Smith%3b%20and%20their%20high-school-aged%20son%2c%20Steve%20Smith.%20Outside%20of%20the%20Smith%20family%2c%20there%20are%20three%20additional%20main%20characters%2c%20including%20Hayley%27s%20boyfriend%20turned%20husband%2c%20Jeff%20Fischer%3b%20the%20family%27s%20man-in-a-goldfish-body%20pet%2c%20Klaus%3b%20and%20most%20notably%20the%20family%27s%20zany%20alien%2c%20Roger%2c%20who%20is%20%22full%20of%20masquerades%2c%20brazenness%2c%20and%20shocking%20antics.%22&amp;eng_name=%20&amp;episode=%20&amp;fanart=https%3a%2f%2fimage.tmdb.org%2ft%2fp%2foriginal%2f%2f2OeS0YPFpqCmi7SA5W6aOPIChc3.jpg&amp;fav_status=false&amp;heb_name=%d7%90%d7%91%d7%90%20%d7%90%d7%9e%d7%a8%d7%99%d7%a7%d7%90%d7%99&amp;iconimage=https%3a%2f%2fimage.tmdb.org%2ft%2fp%2foriginal%2f%2fv2Xf0gvXOOoaLwo6IEu6bnCK9qy.jpg&amp;id=1433&amp;image_master&amp;isr=0&amp;last_id&amp;mode=19&amp;name=%5bCOLOR%20white%5d%d7%a2%d7%95%d7%a0%d7%94%2013%5b%2fCOLOR%5d&amp;original_title=American%20Dad!&amp;season=13&amp;show_original_year=2005&amp;tmdbid=73141&amp;url=https%3a%2f%2fapi.themoviedb.org%2f3%2ftv%2f1433%3fapi_key%3d34142515d9d23817496eeb4ff1d223d0%26language%3den%26append_to_response%3dexternal_ids&amp;video_data=%7b%22rating%22%3a%20%220%22%2c%20%22episode%22%3a%200%2c%20%22title%22%3a%20%22%5bCOLOR%20white%5d%5cu05e2%5cu05d5%5cu05e0%5cu05d4%2013%5b%2fCOLOR%5d%22%2c%20%22season%22%3a%200%2c%20%22TVshowtitle%22%3a%20%22%22%2c%20%22mediatype%22%3a%20%22movie%22%2c%20%22plot%22%3a%20%22%5bCOLOR%20aqua%5d%20%5cu05e9%5cu05d5%5cu05d3%5cu05e8%20%5cu05d1%5cu05ea%5cu05d0%5cu05e8%5cu05d9%5cu05da%2025-01-2016%5b%2fCOLOR%5d%5cnThe%20series%20focuses%20on%20an%20eccentric%20motley%20crew%20that%20is%20the%20Smith%20family%20and%20their%20three%20housemates%3a%20Father%2c%20husband%2c%20and%20breadwinner%20Stan%20Smith%3b%20his%20better%20half%20housewife%2c%20Francine%20Smith%3b%20their%20college-aged%20daughter%2c%20Hayley%20Smith%3b%20and%20their%20high-school-aged%20son%2c%20Steve%20Smith.%20Outside%20of%20the%20Smith%20family%2c%20there%20are%20three%20additional%20main%20characters%2c%20including%20Hayley%27s%20boyfriend%20turned%20husband%2c%20Jeff%20Fischer%3b%20the%20family%27s%20man-in-a-goldfish-body%20pet%2c%20Klaus%3b%20and%20most%20notably%20the%20family%27s%20zany%20alien%2c%20Roger%2c%20who%20is%20%5c%22full%20of%20masquerades%2c%20brazenness%2c%20and%20shocking%20antics.%5c%22%22%2c%20%22OriginalTitle%22%3a%20%22American%20Dad!%22%2c%20%22Tag%22%3a%20%2216%22%2c%20%22year%22%3a%20%222016%22%7d&quot"/>
</include>
<include content="sessiontwo">
<param name="sessiontwo" value="504"/>
<param name="labelname" value="אבא אמריקאי"/>
<param name="network" value="[COLOR red](UNKNOWN)[/COLOR]"/>
<param name="baseepisodidcontent" value="plugin://plugin.video.mando/?all_w=%7b%7d&amp;data=2016&amp;dates=%20&amp;description=%5bCOLOR%20aqua%5d%20%d7%a9%d7%95%d7%93%d7%a8%20%d7%91%d7%aa%d7%90%d7%a8%d7%99%d7%9a%2007-11-2016%5b%2fCOLOR%5d%0aThe%20series%20focuses%20on%20an%20eccentric%20motley%20crew%20that%20is%20the%20Smith%20family%20and%20their%20three%20housemates%3a%20Father%2c%20husband%2c%20and%20breadwinner%20Stan%20Smith%3b%20his%20better%20half%20housewife%2c%20Francine%20Smith%3b%20their%20college-aged%20daughter%2c%20Hayley%20Smith%3b%20and%20their%20high-school-aged%20son%2c%20Steve%20Smith.%20Outside%20of%20the%20Smith%20family%2c%20there%20are%20three%20additional%20main%20characters%2c%20including%20Hayley%27s%20boyfriend%20turned%20husband%2c%20Jeff%20Fischer%3b%20the%20family%27s%20man-in-a-goldfish-body%20pet%2c%20Klaus%3b%20and%20most%20notably%20the%20family%27s%20zany%20alien%2c%20Roger%2c%20who%20is%20%22full%20of%20masquerades%2c%20brazenness%2c%20and%20shocking%20antics.%22&amp;eng_name=%20&amp;episode=%20&amp;fanart=https%3a%2f%2fimage.tmdb.org%2ft%2fp%2foriginal%2f%2f2OeS0YPFpqCmi7SA5W6aOPIChc3.jpg&amp;fav_status=false&amp;heb_name=%d7%90%d7%91%d7%90%20%d7%90%d7%9e%d7%a8%d7%99%d7%a7%d7%90%d7%99&amp;iconimage=https%3a%2f%2fimage.tmdb.org%2ft%2fp%2foriginal%2f%2frGx5RoL9NN4NqO8oX89vqlyqK4C.jpg&amp;id=1433&amp;image_master&amp;isr=0&amp;last_id&amp;mode=19&amp;name=%5bCOLOR%20white%5d%d7%a2%d7%95%d7%a0%d7%94%2014%5b%2fCOLOR%5d&amp;original_title=American%20Dad!&amp;season=14&amp;show_original_year=2005&amp;tmdbid=73141&amp;url=https%3a%2f%2fapi.themoviedb.org%2f3%2ftv%2f1433%3fapi_key%3d34142515d9d23817496eeb4ff1d223d0%26language%3den%26append_to_response%3dexternal_ids&amp;video_data=%7b%22rating%22%3a%20%220%22%2c%20%22episode%22%3a%200%2c%20%22title%22%3a%20%22%5bCOLOR%20white%5d%5cu05e2%5cu05d5%5cu05e0%5cu05d4%2014%5b%2fCOLOR%5d%22%2c%20%22season%22%3a%200%2c%20%22TVshowtitle%22%3a%20%22%22%2c%20%22mediatype%22%3a%20%22movie%22%2c%20%22plot%22%3a%20%22%5bCOLOR%20aqua%5d%20%5cu05e9%5cu05d5%5cu05d3%5cu05e8%20%5cu05d1%5cu05ea%5cu05d0%5cu05e8%5cu05d9%5cu05da%2007-11-2016%5b%2fCOLOR%5d%5cnThe%20series%20focuses%20on%20an%20eccentric%20motley%20crew%20that%20is%20the%20Smith%20family%20and%20their%20three%20housemates%3a%20Father%2c%20husband%2c%20and%20breadwinner%20Stan%20Smith%3b%20his%20better%20half%20housewife%2c%20Francine%20Smith%3b%20their%20college-aged%20daughter%2c%20Hayley%20Smith%3b%20and%20their%20high-school-aged%20son%2c%20Steve%20Smith.%20Outside%20of%20the%20Smith%20family%2c%20there%20are%20three%20additional%20main%20characters%2c%20including%20Hayley%27s%20boyfriend%20turned%20husband%2c%20Jeff%20Fischer%3b%20the%20family%27s%20man-in-a-goldfish-body%20pet%2c%20Klaus%3b%20and%20most%20notably%20the%20family%27s%20zany%20alien%2c%20Roger%2c%20who%20is%20%5c%22full%20of%20masquerades%2c%20brazenness%2c%20and%20shocking%20antics.%5c%22%22%2c%20%22OriginalTitle%22%3a%20%22American%20Dad!%22%2c%20%22Tag%22%3a%20%2216%22%2c%20%22year%22%3a%20%222016%22%7d&quot"/>
</include>
<include content="sessionthree">
<param name="sessionthree" value="505"/>
<param name="labelname" value="אבא אמריקאי"/>
<param name="network" value="[COLOR red](NETFLIX)[/COLOR]"/>
<param name="baseepisodidcontent" value="plugin://plugin.video.mando/?all_w=%7b%7d&amp;data=2018&amp;dates=%20&amp;description=%5bCOLOR%20aqua%5d%20%d7%a9%d7%95%d7%93%d7%a8%20%d7%91%d7%aa%d7%90%d7%a8%d7%99%d7%9a%2012-02-2018%5b%2fCOLOR%5d%0aThe%20series%20focuses%20on%20an%20eccentric%20motley%20crew%20that%20is%20the%20Smith%20family%20and%20their%20three%20housemates%3a%20Father%2c%20husband%2c%20and%20breadwinner%20Stan%20Smith%3b%20his%20better%20half%20housewife%2c%20Francine%20Smith%3b%20their%20college-aged%20daughter%2c%20Hayley%20Smith%3b%20and%20their%20high-school-aged%20son%2c%20Steve%20Smith.%20Outside%20of%20the%20Smith%20family%2c%20there%20are%20three%20additional%20main%20characters%2c%20including%20Hayley%27s%20boyfriend%20turned%20husband%2c%20Jeff%20Fischer%3b%20the%20family%27s%20man-in-a-goldfish-body%20pet%2c%20Klaus%3b%20and%20most%20notably%20the%20family%27s%20zany%20alien%2c%20Roger%2c%20who%20is%20%22full%20of%20masquerades%2c%20brazenness%2c%20and%20shocking%20antics.%22&amp;eng_name=%20&amp;episode=%20&amp;fanart=https%3a%2f%2fimage.tmdb.org%2ft%2fp%2foriginal%2f%2f2OeS0YPFpqCmi7SA5W6aOPIChc3.jpg&amp;fav_status=false&amp;heb_name=%d7%90%d7%91%d7%90%20%d7%90%d7%9e%d7%a8%d7%99%d7%a7%d7%90%d7%99&amp;iconimage=https%3a%2f%2fimage.tmdb.org%2ft%2fp%2foriginal%2f%2fcrgfFDtq5CmcqKiqZ2Di2LsDPIU.jpg&amp;id=1433&amp;image_master&amp;isr=0&amp;last_id&amp;mode=19&amp;name=%5bCOLOR%20white%5d%d7%a2%d7%95%d7%a0%d7%94%2015%5b%2fCOLOR%5d&amp;original_title=American%20Dad!&amp;season=15&amp;show_original_year=2005&amp;tmdbid=73141&amp;url=https%3a%2f%2fapi.themoviedb.org%2f3%2ftv%2f1433%3fapi_key%3d34142515d9d23817496eeb4ff1d223d0%26language%3den%26append_to_response%3dexternal_ids&amp;video_data=%7b%22rating%22%3a%20%220%22%2c%20%22episode%22%3a%200%2c%20%22title%22%3a%20%22%5bCOLOR%20white%5d%5cu05e2%5cu05d5%5cu05e0%5cu05d4%2015%5b%2fCOLOR%5d%22%2c%20%22season%22%3a%200%2c%20%22TVshowtitle%22%3a%20%22%22%2c%20%22mediatype%22%3a%20%22movie%22%2c%20%22plot%22%3a%20%22%5bCOLOR%20aqua%5d%20%5cu05e9%5cu05d5%5cu05d3%5cu05e8%20%5cu05d1%5cu05ea%5cu05d0%5cu05e8%5cu05d9%5cu05da%2012-02-2018%5b%2fCOLOR%5d%5cnThe%20series%20focuses%20on%20an%20eccentric%20motley%20crew%20that%20is%20the%20Smith%20family%20and%20their%20three%20housemates%3a%20Father%2c%20husband%2c%20and%20breadwinner%20Stan%20Smith%3b%20his%20better%20half%20housewife%2c%20Francine%20Smith%3b%20their%20college-aged%20daughter%2c%20Hayley%20Smith%3b%20and%20their%20high-school-aged%20son%2c%20Steve%20Smith.%20Outside%20of%20the%20Smith%20family%2c%20there%20are%20three%20additional%20main%20characters%2c%20including%20Hayley%27s%20boyfriend%20turned%20husband%2c%20Jeff%20Fischer%3b%20the%20family%27s%20man-in-a-goldfish-body%20pet%2c%20Klaus%3b%20and%20most%20notably%20the%20family%27s%20zany%20alien%2c%20Roger%2c%20who%20is%20%5c%22full%20of%20masquerades%2c%20brazenness%2c%20and%20shocking%20antics.%5c%22%22%2c%20%22OriginalTitle%22%3a%20%22American%20Dad!%22%2c%20%22Tag%22%3a%20%2216%22%2c%20%22year%22%3a%20%222018%22%7d&quot"/>
</include>

<include content="sessionone">
<param name="seesionone" value="506"/>
<param name="labelname" value="משפחת סימפסון"/>
<param name="network" value="[COLOR red](UNKNOWN)[/COLOR]"/>
<param name="baseepisodidcontent" value="plugin://plugin.video.mando/?all_w=%7b%7d&amp;data=2017&amp;dates=%20&amp;description=%5bCOLOR%20aqua%5d%20%d7%a9%d7%95%d7%93%d7%a8%20%d7%91%d7%aa%d7%90%d7%a8%d7%99%d7%9a%2001-10-2017%5b%2fCOLOR%5d%0aSet%20in%20Springfield%2c%20the%20average%20American%20town%2c%20the%20show%20focuses%20on%20the%20antics%20and%20everyday%20adventures%20of%20the%20Simpson%20family%3b%20Homer%2c%20Marge%2c%20Bart%2c%20Lisa%20and%20Maggie%2c%20as%20well%20as%20a%20virtual%20cast%20of%20thousands.%20Since%20the%20beginning%2c%20the%20series%20has%20been%20a%20pop%20culture%20icon%2c%20attracting%20hundreds%20of%20celebrities%20to%20guest%20star.%20The%20show%20has%20also%20made%20name%20for%20itself%20in%20its%20fearless%20satirical%20take%20on%20politics%2c%20media%20and%20American%20life%20in%20general.&amp;eng_name=%20&amp;episode=%20&amp;fanart=https%3a%2f%2fimage.tmdb.org%2ft%2fp%2foriginal%2f%2fadZ9ldSlkGfLfsHNbh37ZThCcgU.jpg&amp;fav_status=false&amp;heb_name=%d7%9e%d7%a9%d7%a4%d7%97%d7%aa%20%d7%a1%d7%99%d7%9e%d7%a4%d7%a1%d7%95%d7%9f&amp;iconimage=https%3a%2f%2fimage.tmdb.org%2ft%2fp%2foriginal%2f%2fs1iNPNxaqdv7a9LoRWJ4Xrrb501.jpg&amp;id=456&amp;image_master&amp;isr=0&amp;last_id&amp;mode=19&amp;name=%5bCOLOR%20white%5d%d7%a2%d7%95%d7%a0%d7%94%2029%5b%2fCOLOR%5d&amp;original_title=The%20Simpsons&amp;season=29&amp;show_original_year=1989&amp;tmdbid=71663&amp;url=https%3a%2f%2fapi.themoviedb.org%2f3%2ftv%2f456%3fapi_key%3d34142515d9d23817496eeb4ff1d223d0%26language%3den%26append_to_response%3dexternal_ids&amp;video_data=%7b%22rating%22%3a%20%220%22%2c%20%22episode%22%3a%200%2c%20%22title%22%3a%20%22%5bCOLOR%20white%5d%5cu05e2%5cu05d5%5cu05e0%5cu05d4%2029%5b%2fCOLOR%5d%22%2c%20%22season%22%3a%200%2c%20%22TVshowtitle%22%3a%20%22%22%2c%20%22mediatype%22%3a%20%22movie%22%2c%20%22plot%22%3a%20%22%5bCOLOR%20aqua%5d%20%5cu05e9%5cu05d5%5cu05d3%5cu05e8%20%5cu05d1%5cu05ea%5cu05d0%5cu05e8%5cu05d9%5cu05da%2001-10-2017%5b%2fCOLOR%5d%5cnSet%20in%20Springfield%2c%20the%20average%20American%20town%2c%20the%20show%20focuses%20on%20the%20antics%20and%20everyday%20adventures%20of%20the%20Simpson%20family%3b%20Homer%2c%20Marge%2c%20Bart%2c%20Lisa%20and%20Maggie%2c%20as%20well%20as%20a%20virtual%20cast%20of%20thousands.%20Since%20the%20beginning%2c%20the%20series%20has%20been%20a%20pop%20culture%20icon%2c%20attracting%20hundreds%20of%20celebrities%20to%20guest%20star.%20The%20show%20has%20also%20made%20name%20for%20itself%20in%20its%20fearless%20satirical%20take%20on%20politics%2c%20media%20and%20American%20life%20in%20general.%22%2c%20%22OriginalTitle%22%3a%20%22The%20Simpsons%22%2c%20%22Tag%22%3a%20%2216%22%2c%20%22year%22%3a%20%222017%22%7d&quot"/>
</include>
<include content="sessiontwo">
<param name="sessiontwo" value="507"/>
<param name="labelname" value="משפחת סימפסון"/>
<param name="network" value="[COLOR red](UNKNOWN)[/COLOR]"/>
<param name="baseepisodidcontent" value="plugin://plugin.video.mando/?all_w=%7b%7d&amp;data=2018&amp;dates=%20&amp;description=%5bCOLOR%20aqua%5d%20%d7%a9%d7%95%d7%93%d7%a8%20%d7%91%d7%aa%d7%90%d7%a8%d7%99%d7%9a%2030-09-2018%5b%2fCOLOR%5d%0aSet%20in%20Springfield%2c%20the%20average%20American%20town%2c%20the%20show%20focuses%20on%20the%20antics%20and%20everyday%20adventures%20of%20the%20Simpson%20family%3b%20Homer%2c%20Marge%2c%20Bart%2c%20Lisa%20and%20Maggie%2c%20as%20well%20as%20a%20virtual%20cast%20of%20thousands.%20Since%20the%20beginning%2c%20the%20series%20has%20been%20a%20pop%20culture%20icon%2c%20attracting%20hundreds%20of%20celebrities%20to%20guest%20star.%20The%20show%20has%20also%20made%20name%20for%20itself%20in%20its%20fearless%20satirical%20take%20on%20politics%2c%20media%20and%20American%20life%20in%20general.&amp;eng_name=%20&amp;episode=%20&amp;fanart=https%3a%2f%2fimage.tmdb.org%2ft%2fp%2foriginal%2f%2fadZ9ldSlkGfLfsHNbh37ZThCcgU.jpg&amp;fav_status=false&amp;heb_name=%d7%9e%d7%a9%d7%a4%d7%97%d7%aa%20%d7%a1%d7%99%d7%9e%d7%a4%d7%a1%d7%95%d7%9f&amp;iconimage=https%3a%2f%2fimage.tmdb.org%2ft%2fp%2foriginal%2f%2fsj24nG5NSTiz8kR7YstmTR3h1AQ.jpg&amp;id=456&amp;image_master&amp;isr=0&amp;last_id&amp;mode=19&amp;name=%5bCOLOR%20white%5d%d7%a2%d7%95%d7%a0%d7%94%2030%5b%2fCOLOR%5d&amp;original_title=The%20Simpsons&amp;season=30&amp;show_original_year=1989&amp;tmdbid=71663&amp;url=https%3a%2f%2fapi.themoviedb.org%2f3%2ftv%2f456%3fapi_key%3d34142515d9d23817496eeb4ff1d223d0%26language%3den%26append_to_response%3dexternal_ids&amp;video_data=%7b%22rating%22%3a%20%220%22%2c%20%22episode%22%3a%200%2c%20%22title%22%3a%20%22%5bCOLOR%20white%5d%5cu05e2%5cu05d5%5cu05e0%5cu05d4%2030%5b%2fCOLOR%5d%22%2c%20%22season%22%3a%200%2c%20%22TVshowtitle%22%3a%20%22%22%2c%20%22mediatype%22%3a%20%22movie%22%2c%20%22plot%22%3a%20%22%5bCOLOR%20aqua%5d%20%5cu05e9%5cu05d5%5cu05d3%5cu05e8%20%5cu05d1%5cu05ea%5cu05d0%5cu05e8%5cu05d9%5cu05da%2030-09-2018%5b%2fCOLOR%5d%5cnSet%20in%20Springfield%2c%20the%20average%20American%20town%2c%20the%20show%20focuses%20on%20the%20antics%20and%20everyday%20adventures%20of%20the%20Simpson%20family%3b%20Homer%2c%20Marge%2c%20Bart%2c%20Lisa%20and%20Maggie%2c%20as%20well%20as%20a%20virtual%20cast%20of%20thousands.%20Since%20the%20beginning%2c%20the%20series%20has%20been%20a%20pop%20culture%20icon%2c%20attracting%20hundreds%20of%20celebrities%20to%20guest%20star.%20The%20show%20has%20also%20made%20name%20for%20itself%20in%20its%20fearless%20satirical%20take%20on%20politics%2c%20media%20and%20American%20life%20in%20general.%22%2c%20%22OriginalTitle%22%3a%20%22The%20Simpsons%22%2c%20%22Tag%22%3a%20%2216%22%2c%20%22year%22%3a%20%222018%22%7d&quot"/>
</include>
<include content="sessionthree">
<param name="sessionthree" value="508"/>
<param name="labelname" value="משפחת סימפסון"/>
<param name="network" value="[COLOR red](NETFLIX)[/COLOR]"/>
<param name="baseepisodidcontent" value="plugin://plugin.video.mando/?all_w=%7b%7d&amp;data=2019&amp;dates=%20&amp;description=%5bCOLOR%20aqua%5d%20%d7%a9%d7%95%d7%93%d7%a8%20%d7%91%d7%aa%d7%90%d7%a8%d7%99%d7%9a%2029-09-2019%5b%2fCOLOR%5d%0aSet%20in%20Springfield%2c%20the%20average%20American%20town%2c%20the%20show%20focuses%20on%20the%20antics%20and%20everyday%20adventures%20of%20the%20Simpson%20family%3b%20Homer%2c%20Marge%2c%20Bart%2c%20Lisa%20and%20Maggie%2c%20as%20well%20as%20a%20virtual%20cast%20of%20thousands.%20Since%20the%20beginning%2c%20the%20series%20has%20been%20a%20pop%20culture%20icon%2c%20attracting%20hundreds%20of%20celebrities%20to%20guest%20star.%20The%20show%20has%20also%20made%20name%20for%20itself%20in%20its%20fearless%20satirical%20take%20on%20politics%2c%20media%20and%20American%20life%20in%20general.&amp;eng_name=%20&amp;episode=%20&amp;fanart=https%3a%2f%2fimage.tmdb.org%2ft%2fp%2foriginal%2f%2fadZ9ldSlkGfLfsHNbh37ZThCcgU.jpg&amp;fav_status=false&amp;heb_name=%d7%9e%d7%a9%d7%a4%d7%97%d7%aa%20%d7%a1%d7%99%d7%9e%d7%a4%d7%a1%d7%95%d7%9f&amp;iconimage=https%3a%2f%2fimage.tmdb.org%2ft%2fp%2foriginal%2f%2ftAqaCYauV6TGaU4Q9ALipgFl20V.jpg&amp;id=456&amp;image_master&amp;isr=0&amp;last_id&amp;mode=19&amp;name=%5bCOLOR%20white%5d%d7%a2%d7%95%d7%a0%d7%94%2031%5b%2fCOLOR%5d&amp;original_title=The%20Simpsons&amp;season=31&amp;show_original_year=1989&amp;tmdbid=71663&amp;url=https%3a%2f%2fapi.themoviedb.org%2f3%2ftv%2f456%3fapi_key%3d34142515d9d23817496eeb4ff1d223d0%26language%3den%26append_to_response%3dexternal_ids&amp;video_data=%7b%22rating%22%3a%20%220%22%2c%20%22episode%22%3a%200%2c%20%22title%22%3a%20%22%5bCOLOR%20white%5d%5cu05e2%5cu05d5%5cu05e0%5cu05d4%2031%5b%2fCOLOR%5d%22%2c%20%22season%22%3a%200%2c%20%22TVshowtitle%22%3a%20%22%22%2c%20%22mediatype%22%3a%20%22movie%22%2c%20%22plot%22%3a%20%22%5bCOLOR%20aqua%5d%20%5cu05e9%5cu05d5%5cu05d3%5cu05e8%20%5cu05d1%5cu05ea%5cu05d0%5cu05e8%5cu05d9%5cu05da%2029-09-2019%5b%2fCOLOR%5d%5cnSet%20in%20Springfield%2c%20the%20average%20American%20town%2c%20the%20show%20focuses%20on%20the%20antics%20and%20everyday%20adventures%20of%20the%20Simpson%20family%3b%20Homer%2c%20Marge%2c%20Bart%2c%20Lisa%20and%20Maggie%2c%20as%20well%20as%20a%20virtual%20cast%20of%20thousands.%20Since%20the%20beginning%2c%20the%20series%20has%20been%20a%20pop%20culture%20icon%2c%20attracting%20hundreds%20of%20celebrities%20to%20guest%20star.%20The%20show%20has%20also%20made%20name%20for%20itself%20in%20its%20fearless%20satirical%20take%20on%20politics%2c%20media%20and%20American%20life%20in%20general.%22%2c%20%22OriginalTitle%22%3a%20%22The%20Simpsons%22%2c%20%22Tag%22%3a%20%2216%22%2c%20%22year%22%3a%20%222019%22%7d&quot"/>
</include>

<include content="sessionone">
<param name="seesionone" value="509"/>
<param name="labelname" value="קרן אור כוכב"/>
<param name="network" value="[COLOR red](UNKNOWN)[/COLOR]"/>
<param name="baseepisodidcontent" value="plugin://plugin.video.mando/?all_w=%7b%7d&amp;data=2020&amp;dates=%20&amp;description=%5bCOLOR%20aqua%5d%20%d7%a9%d7%95%d7%93%d7%a8%20%d7%91%d7%aa%d7%90%d7%a8%d7%99%d7%9a%2003-04-2020%5b%2fCOLOR%5d%0aZoey%20is%20excited%20to%20tackle%20second%20grade%2c%20but%20when%20danger%20beckons%2c%20she%20sneaks%20away%20and%20with%20her%20signature%20call%20out%20and%20transforms%20into%20StarBeam%2c%20the%20speediest%2c%20most%20powerful%20and%20most%20enthusiastic%20superhero%20to%20ever%20sip%20from%20a%20juicebox.&amp;eng_name=%20&amp;episode=%20&amp;fanart=https%3a%2f%2fimage.tmdb.org%2ft%2fp%2foriginal%2f%2fxQAEXoSlnY7t8BAsLxPqrDhfmmd.jpg&amp;fav_status=false&amp;heb_name=%d7%a7%d7%a8%d7%9f%20%d7%90%d7%95%d7%a8%20%d7%9b%d7%95%d7%9b%d7%91&amp;iconimage=https%3a%2f%2fimage.tmdb.org%2ft%2fp%2foriginal%2f%2fijJruqW5r7YtxUfWHbcV49y8NJ8.jpg&amp;id=101396&amp;image_master&amp;isr=0&amp;last_id&amp;mode=19&amp;name=%5bCOLOR%20white%5d%d7%a2%d7%95%d7%a0%d7%94%201%5b%2fCOLOR%5d&amp;original_title=StarBeam&amp;season=1&amp;show_original_year=2020&amp;tmdbid=379016&amp;url=https%3a%2f%2fapi.themoviedb.org%2f3%2ftv%2f101396%3fapi_key%3d34142515d9d23817496eeb4ff1d223d0%26language%3den%26append_to_response%3dexternal_ids&amp;video_data=%7b%22rating%22%3a%20%220%22%2c%20%22episode%22%3a%200%2c%20%22title%22%3a%20%22%5bCOLOR%20white%5d%5cu05e2%5cu05d5%5cu05e0%5cu05d4%201%5b%2fCOLOR%5d%22%2c%20%22season%22%3a%200%2c%20%22TVshowtitle%22%3a%20%22%22%2c%20%22mediatype%22%3a%20%22movie%22%2c%20%22plot%22%3a%20%22%5bCOLOR%20aqua%5d%20%5cu05e9%5cu05d5%5cu05d3%5cu05e8%20%5cu05d1%5cu05ea%5cu05d0%5cu05e8%5cu05d9%5cu05da%2003-04-2020%5b%2fCOLOR%5d%5cnZoey%20is%20excited%20to%20tackle%20second%20grade%2c%20but%20when%20danger%20beckons%2c%20she%20sneaks%20away%20and%20with%20her%20signature%20call%20out%20and%20transforms%20into%20StarBeam%2c%20the%20speediest%2c%20most%20powerful%20and%20most%20enthusiastic%20superhero%20to%20ever%20sip%20from%20a%20juicebox.%22%2c%20%22OriginalTitle%22%3a%20%22StarBeam%22%2c%20%22Tag%22%3a%20%2216%22%2c%20%22year%22%3a%20%222020%22%7d&quot"/>
</include>

<include content="sessionone">
<param name="seesionone" value="510"/>
<param name="labelname" value="שש ידיים"/>
<param name="network" value="[COLOR red](UNKNOWN)[/COLOR]"/>
<param name="baseepisodidcontent" value="plugin://plugin.video.mando/?all_w=%7b%7d&amp;data=2019&amp;dates=%20&amp;description=%5bCOLOR%20aqua%5d%20%d7%a9%d7%95%d7%93%d7%a8%20%d7%91%d7%aa%d7%90%d7%a8%d7%99%d7%9a%2003-10-2019%5b%2fCOLOR%5d%0aOrphans%20raised%20by%20a%20martial%20arts%20master%20are%20plunged%20into%20a%20mystery%20involving%20demonic%20powers%2c%20drug%20cartels%2c%20ancient%20rituals%20and%20blood%20sacrifice.&amp;eng_name=%20&amp;episode=%20&amp;fanart=https%3a%2f%2fimage.tmdb.org%2ft%2fp%2foriginal%2f%2fqFkKeqoho9belJ6bHDMGtfxWrsI.jpg&amp;fav_status=false&amp;heb_name=%d7%a9%d7%a9%20%d7%99%d7%93%d7%99%d7%99%d7%9d&amp;iconimage=https%3a%2f%2fimage.tmdb.org%2ft%2fp%2foriginal%2f%2fjbkOWYxp1LiRfGTj7XPQR8r9hUR.jpg&amp;id=93953&amp;image_master&amp;isr=0&amp;last_id&amp;mode=19&amp;name=%5bCOLOR%20white%5d%d7%a2%d7%95%d7%a0%d7%94%201%5b%2fCOLOR%5d&amp;original_title=Seis%20Manos&amp;season=1&amp;show_original_year=2019&amp;tmdbid=366544&amp;url=https%3a%2f%2fapi.themoviedb.org%2f3%2ftv%2f93953%3fapi_key%3d34142515d9d23817496eeb4ff1d223d0%26language%3den%26append_to_response%3dexternal_ids&amp;video_data=%7b%22rating%22%3a%20%220%22%2c%20%22episode%22%3a%200%2c%20%22title%22%3a%20%22%5bCOLOR%20white%5d%5cu05e2%5cu05d5%5cu05e0%5cu05d4%201%5b%2fCOLOR%5d%22%2c%20%22season%22%3a%200%2c%20%22TVshowtitle%22%3a%20%22%22%2c%20%22mediatype%22%3a%20%22movie%22%2c%20%22plot%22%3a%20%22%5bCOLOR%20aqua%5d%20%5cu05e9%5cu05d5%5cu05d3%5cu05e8%20%5cu05d1%5cu05ea%5cu05d0%5cu05e8%5cu05d9%5cu05da%2003-10-2019%5b%2fCOLOR%5d%5cnOrphans%20raised%20by%20a%20martial%20arts%20master%20are%20plunged%20into%20a%20mystery%20involving%20demonic%20powers%2c%20drug%20cartels%2c%20ancient%20rituals%20and%20blood%20sacrifice.%22%2c%20%22OriginalTitle%22%3a%20%22Seis%20Manos%22%2c%20%22Tag%22%3a%20%2216%22%2c%20%22year%22%3a%20%222019%22%7d&quot"/>
</include>

<include content="sessionone">
<param name="seesionone" value="511"/>
<param name="labelname" value="אולטרמן"/>
<param name="network" value="[COLOR red](UNKNOWN)[/COLOR]"/>
<param name="baseepisodidcontent" value="plugin://plugin.video.mando/?all_w=%7b%7d&amp;data=2019&amp;dates=%20&amp;description=%5bCOLOR%20aqua%5d%20%d7%a9%d7%95%d7%93%d7%a8%20%d7%91%d7%aa%d7%90%d7%a8%d7%99%d7%9a%2001-04-2019%5b%2fCOLOR%5d%0aDecades%20ago%2c%20a%20hero%20from%20the%20stars%20left%20this%20world%20in%20peace.%20Now%2c%20the%20son%20of%20Ultraman%20must%20rise%20to%20protect%20the%20Earth%20from%20a%20new%20alien%20threat.&amp;eng_name=%20&amp;episode=%20&amp;fanart=https%3a%2f%2fimage.tmdb.org%2ft%2fp%2foriginal%2f%2fvgoeMt2R5DdwK7DCbJJUS2Vkah7.jpg&amp;fav_status=false&amp;heb_name=%d7%90%d7%95%d7%9c%d7%98%d7%a8%d7%9e%d7%9f&amp;iconimage=https%3a%2f%2fimage.tmdb.org%2ft%2fp%2foriginal%2f%2f5Qn2oAVfIs9juoN4tJ0gnk3aKoK.jpg&amp;id=80795&amp;image_master&amp;isr=0&amp;last_id&amp;mode=19&amp;name=%5bCOLOR%20white%5d%d7%a2%d7%95%d7%a0%d7%94%201%5b%2fCOLOR%5d&amp;original_title=Ultraman&amp;season=1&amp;show_original_year=2019&amp;tmdbid=356041&amp;url=https%3a%2f%2fapi.themoviedb.org%2f3%2ftv%2f80795%3fapi_key%3d34142515d9d23817496eeb4ff1d223d0%26language%3den%26append_to_response%3dexternal_ids&amp;video_data=%7b%22rating%22%3a%20%220%22%2c%20%22episode%22%3a%200%2c%20%22title%22%3a%20%22%5bCOLOR%20white%5d%5cu05e2%5cu05d5%5cu05e0%5cu05d4%201%5b%2fCOLOR%5d%22%2c%20%22season%22%3a%200%2c%20%22TVshowtitle%22%3a%20%22%22%2c%20%22mediatype%22%3a%20%22movie%22%2c%20%22plot%22%3a%20%22%5bCOLOR%20aqua%5d%20%5cu05e9%5cu05d5%5cu05d3%5cu05e8%20%5cu05d1%5cu05ea%5cu05d0%5cu05e8%5cu05d9%5cu05da%2001-04-2019%5b%2fCOLOR%5d%5cnDecades%20ago%2c%20a%20hero%20from%20the%20stars%20left%20this%20world%20in%20peace.%20Now%2c%20the%20son%20of%20Ultraman%20must%20rise%20to%20protect%20the%20Earth%20from%20a%20new%20alien%20threat.%22%2c%20%22OriginalTitle%22%3a%20%22Ultraman%22%2c%20%22Tag%22%3a%20%2216%22%2c%20%22year%22%3a%20%222019%22%7d&quot"/>
</include>

<include content="sessionone">
<param name="seesionone" value="512"/>
<param name="labelname" value="מכשפים סיפורי ארקדיה"/>
<param name="network" value="[COLOR red](UNKNOWN)[/COLOR]"/>
<param name="baseepisodidcontent" value="plugin://plugin.video.shadow/?all_w=%7b%7d&amp;data=2020&amp;dates=%20&amp;description=%5bCOLOR%20aqua%5d%20Aired%20At%2007-08-2020%5b%2fCOLOR%5d%0aMerlin%e2%80%99s%20apprentice%20joins%20Arcadia%e2%80%99s%20heroes%20on%20a%20time-bending%20adventure%20in%20Camelot%2c%20where%20conflict%20is%20brewing%20between%20the%20human%2c%20troll%20and%20magical%20worlds.&amp;eng_name=%20&amp;episode=%20&amp;fanart=https%3a%2f%2fimage.tmdb.org%2ft%2fp%2foriginal%2f%2foTFDGizS4kszfUOG9uBqsIfG3sN.jpg&amp;fav_status=false&amp;heb_name=%d7%9e%d7%9b%d7%a9%d7%a4%d7%99%d7%9d%3a%20%d7%a1%d7%99%d7%a4%d7%95%d7%a8%d7%99%20%d7%90%d7%a8%d7%a7%d7%93%d7%99%d7%94&amp;iconimage=https%3a%2f%2fimage.tmdb.org%2ft%2fp%2foriginal%2f%2fi4oak5wwXAP92qaIdDu0f5j2PBg.jpg&amp;id=105797&amp;image_master&amp;isr=0&amp;last_id&amp;mode=19&amp;name=%5bCOLOR%20white%5dSeason%201%5b%2fCOLOR%5d&amp;original_title=Wizards%3a%20Tales%20of%20Arcadia&amp;season=1&amp;show_original_year=2020&amp;tmdbid=365658&amp;url=https%3a%2f%2fapi.themoviedb.org%2f3%2ftv%2f105797%3fapi_key%3d34142515d9d23817496eeb4ff1d223d0%26language%3den%26append_to_response%3dexternal_ids&amp;video_data=%7b%22rating%22%3a%20%220%22%2c%20%22episode%22%3a%200%2c%20%22title%22%3a%20%22%5bCOLOR%20white%5dSeason%201%5b%2fCOLOR%5d%22%2c%20%22season%22%3a%200%2c%20%22TVshowtitle%22%3a%20%22%22%2c%20%22mediatype%22%3a%20%22movie%22%2c%20%22plot%22%3a%20%22%5bCOLOR%20aqua%5d%20Aired%20At%2007-08-2020%5b%2fCOLOR%5d%5cnMerlin%5cu2019s%20apprentice%20joins%20Arcadia%5cu2019s%20heroes%20on%20a%20time-bending%20adventure%20in%20Camelot%2c%20where%20conflict%20is%20brewing%20between%20the%20human%2c%20troll%20and%20magical%20worlds.%22%2c%20%22OriginalTitle%22%3a%20%22Wizards%3a%20Tales%20of%20Arcadia%22%2c%20%22Tag%22%3a%20%2216%22%2c%20%22year%22%3a%20%222020%22%7d&quot"/>
</include>

<include content="sessionone">
<param name="seesionone" value="513"/>
<param name="labelname" value="קיפו ויצורי הפלא"/>
<param name="network" value="[COLOR red](UNKNOWN)[/COLOR]"/>
<param name="baseepisodidcontent" value="plugin://plugin.video.mando/?all_w=%7b%7d&amp;data=2020&amp;dates=%20&amp;description=%5bCOLOR%20aqua%5d%20%d7%a9%d7%95%d7%93%d7%a8%20%d7%91%d7%aa%d7%90%d7%a8%d7%99%d7%9a%2014-01-2020%5b%2fCOLOR%5d%0aA%20sheltered%20girl%20gets%20a%20crash%20course%20in%20survival%20when%20a%20mutant%20attack%20sends%20her%20to%20the%20surface%2c%20far%20from%20the%20safety%20of%20her%20underground%20home.&amp;eng_name=%20&amp;episode=%20&amp;fanart=https%3a%2f%2fimage.tmdb.org%2ft%2fp%2foriginal%2f%2fuaCBOSZnFSJtOLWSvxA2NVreGv1.jpg&amp;fav_status=false&amp;heb_name=%d7%a7%d7%99%d7%a4%d7%95%20%d7%95%d7%99%d7%a6%d7%95%d7%a8%d7%99%20%d7%94%d7%a4%d7%9c%d7%90&amp;iconimage=https%3a%2f%2fimage.tmdb.org%2ft%2fp%2foriginal%2f%2f1xDOCJDjMZEBhS4YMQDGE3pJkW1.jpg&amp;id=95599&amp;image_master&amp;isr=0&amp;last_id&amp;mode=19&amp;name=%5bCOLOR%20white%5d%d7%a2%d7%95%d7%a0%d7%94%201%5b%2fCOLOR%5d&amp;original_title=Kipo%20and%20the%20Age%20of%20Wonderbeasts&amp;season=1&amp;show_original_year=2020&amp;tmdbid=365463&amp;url=https%3a%2f%2fapi.themoviedb.org%2f3%2ftv%2f95599%3fapi_key%3d34142515d9d23817496eeb4ff1d223d0%26language%3den%26append_to_response%3dexternal_ids&amp;video_data=%7b%22rating%22%3a%20%220%22%2c%20%22episode%22%3a%200%2c%20%22title%22%3a%20%22%5bCOLOR%20white%5d%5cu05e2%5cu05d5%5cu05e0%5cu05d4%201%5b%2fCOLOR%5d%22%2c%20%22season%22%3a%200%2c%20%22TVshowtitle%22%3a%20%22%22%2c%20%22mediatype%22%3a%20%22movie%22%2c%20%22plot%22%3a%20%22%5bCOLOR%20aqua%5d%20%5cu05e9%5cu05d5%5cu05d3%5cu05e8%20%5cu05d1%5cu05ea%5cu05d0%5cu05e8%5cu05d9%5cu05da%2014-01-2020%5b%2fCOLOR%5d%5cnA%20sheltered%20girl%20gets%20a%20crash%20course%20in%20survival%20when%20a%20mutant%20attack%20sends%20her%20to%20the%20surface%2c%20far%20from%20the%20safety%20of%20her%20underground%20home.%22%2c%20%22OriginalTitle%22%3a%20%22Kipo%20and%20the%20Age%20of%20Wonderbeasts%22%2c%20%22Tag%22%3a%20%2216%22%2c%20%22year%22%3a%20%222020%22%7d&quot"/>
</include>
<include content="sessiontwo">
<param name="sessiontwo" value="514"/>
<param name="labelname" value="קיפו ויצורי הפלא"/>
<param name="network" value="[COLOR red](UNKNOWN)[/COLOR]"/>
<param name="baseepisodidcontent" value="plugin://plugin.video.mando/?all_w=%7b%7d&amp;data=2020&amp;dates=%20&amp;description=%5bCOLOR%20aqua%5d%20%d7%a9%d7%95%d7%93%d7%a8%20%d7%91%d7%aa%d7%90%d7%a8%d7%99%d7%9a%2012-06-2020%5b%2fCOLOR%5d%0aA%20sheltered%20girl%20gets%20a%20crash%20course%20in%20survival%20when%20a%20mutant%20attack%20sends%20her%20to%20the%20surface%2c%20far%20from%20the%20safety%20of%20her%20underground%20home.&amp;eng_name=%20&amp;episode=%20&amp;fanart=https%3a%2f%2fimage.tmdb.org%2ft%2fp%2foriginal%2f%2fuaCBOSZnFSJtOLWSvxA2NVreGv1.jpg&amp;fav_status=false&amp;heb_name=%d7%a7%d7%99%d7%a4%d7%95%20%d7%95%d7%99%d7%a6%d7%95%d7%a8%d7%99%20%d7%94%d7%a4%d7%9c%d7%90&amp;iconimage=https%3a%2f%2fimage.tmdb.org%2ft%2fp%2foriginal%2f%2f1Gwu1BMROLmeyUfRwrrSZFsz3zK.jpg&amp;id=95599&amp;image_master&amp;isr=0&amp;last_id&amp;mode=19&amp;name=%5bCOLOR%20white%5d%d7%a2%d7%95%d7%a0%d7%94%202%5b%2fCOLOR%5d&amp;original_title=Kipo%20and%20the%20Age%20of%20Wonderbeasts&amp;season=2&amp;show_original_year=2020&amp;tmdbid=365463&amp;url=https%3a%2f%2fapi.themoviedb.org%2f3%2ftv%2f95599%3fapi_key%3d34142515d9d23817496eeb4ff1d223d0%26language%3den%26append_to_response%3dexternal_ids&amp;video_data=%7b%22rating%22%3a%20%220%22%2c%20%22episode%22%3a%200%2c%20%22title%22%3a%20%22%5bCOLOR%20white%5d%5cu05e2%5cu05d5%5cu05e0%5cu05d4%202%5b%2fCOLOR%5d%22%2c%20%22season%22%3a%200%2c%20%22TVshowtitle%22%3a%20%22%22%2c%20%22mediatype%22%3a%20%22movie%22%2c%20%22plot%22%3a%20%22%5bCOLOR%20aqua%5d%20%5cu05e9%5cu05d5%5cu05d3%5cu05e8%20%5cu05d1%5cu05ea%5cu05d0%5cu05e8%5cu05d9%5cu05da%2012-06-2020%5b%2fCOLOR%5d%5cnA%20sheltered%20girl%20gets%20a%20crash%20course%20in%20survival%20when%20a%20mutant%20attack%20sends%20her%20to%20the%20surface%2c%20far%20from%20the%20safety%20of%20her%20underground%20home.%22%2c%20%22OriginalTitle%22%3a%20%22Kipo%20and%20the%20Age%20of%20Wonderbeasts%22%2c%20%22Tag%22%3a%20%2216%22%2c%20%22year%22%3a%20%222020%22%7d&quot"/>
</include>

<include content="sessionone">
<param name="seesionone" value="515"/>
<param name="labelname" value="צעד וחצי"/>
<param name="network" value="[COLOR red](NETFLIX)[/COLOR]"/>
<param name="baseepisodidcontent" value="plugin://plugin.video.mando/?all_w=%7b%7d&amp;data=2020&amp;dates=%20&amp;description=%5bCOLOR%20aqua%5d%20%d7%a9%d7%95%d7%93%d7%a8%20%d7%91%d7%aa%d7%90%d7%a8%d7%99%d7%9a%2021-08-2020%5b%2fCOLOR%5d%0aA%20foul-mouthed%20high%20school%20basketball%20coach%20is%20sure%20he%27ll%20hit%20the%20big%20leagues%20if%20he%20can%20only%20turn%20his%20terrible%20team%20around.%20Good%20luck%20with%20that.&amp;eng_name=%20&amp;episode=%20&amp;fanart=https%3a%2f%2fimage.tmdb.org%2ft%2fp%2foriginal%2f%2frpHJRtrmy1MIOS3hoYJQ2vK32mE.jpg&amp;fav_status=false&amp;heb_name=%d7%a6%d7%a2%d7%93%20%d7%95%d7%97%d7%a6%d7%99&amp;iconimage=https%3a%2f%2fimage.tmdb.org%2ft%2fp%2foriginal%2f%2f3umUQ5DcZe7mSZGImCAStl2FRbm.jpg&amp;id=106238&amp;image_master&amp;isr=0&amp;last_id&amp;mode=19&amp;name=%5bCOLOR%20white%5d%d7%a2%d7%95%d7%a0%d7%94%201%5b%2fCOLOR%5d&amp;original_title=Hoops&amp;season=1&amp;show_original_year=2020&amp;tmdbid=374971&amp;url=https%3a%2f%2fapi.themoviedb.org%2f3%2ftv%2f106238%3fapi_key%3d34142515d9d23817496eeb4ff1d223d0%26language%3den%26append_to_response%3dexternal_ids&amp;video_data=%7b%22rating%22%3a%20%220%22%2c%20%22episode%22%3a%200%2c%20%22title%22%3a%20%22%5bCOLOR%20white%5d%5cu05e2%5cu05d5%5cu05e0%5cu05d4%201%5b%2fCOLOR%5d%22%2c%20%22season%22%3a%200%2c%20%22TVshowtitle%22%3a%20%22%22%2c%20%22mediatype%22%3a%20%22movie%22%2c%20%22plot%22%3a%20%22%5bCOLOR%20aqua%5d%20%5cu05e9%5cu05d5%5cu05d3%5cu05e8%20%5cu05d1%5cu05ea%5cu05d0%5cu05e8%5cu05d9%5cu05da%2021-08-2020%5b%2fCOLOR%5d%5cnA%20foul-mouthed%20high%20school%20basketball%20coach%20is%20sure%20he%27ll%20hit%20the%20big%20leagues%20if%20he%20can%20only%20turn%20his%20terrible%20team%20around.%20Good%20luck%20with%20that.%22%2c%20%22OriginalTitle%22%3a%20%22Hoops%22%2c%20%22Tag%22%3a%20%2216%22%2c%20%22year%22%3a%20%222020%22%7d&quot"/>
</include>

<include content="sessionone">
<param name="seesionone" value="516"/>
<param name="labelname" value="רכבת האינסוף"/>
<param name="network" value="[COLOR red](UNKNOWN)[/COLOR]"/>
<param name="baseepisodidcontent" value="plugin://plugin.video.mando/?all_w=%7b%7d&amp;data=2019&amp;dates=%20&amp;description=%5bCOLOR%20aqua%5d%20%d7%a9%d7%95%d7%93%d7%a8%20%d7%91%d7%aa%d7%90%d7%a8%d7%99%d7%9a%2005-08-2019%5b%2fCOLOR%5d%0aPassengers%20on%20board%20the%20mysterious%20Infinity%20Train%20must%20explore%20a%20series%20of%20endless%20cars%20that%20each%20contain%20unique%20worlds%20and%20puzzles%20to%20solve%20in%20order%20to%20unravel%20the%20mysteries%20of%20the%20train%20-%20and%20within%20themselves%20-%20to%20open%20the%20doorway%20home.&amp;eng_name=%20&amp;episode=%20&amp;fanart=https%3a%2f%2fimage.tmdb.org%2ft%2fp%2foriginal%2f%2fjv83yJGFNeTkHslJvcG1zVh6sqL.jpg&amp;fav_status=false&amp;heb_name=Infinity%20Train&amp;iconimage=https%3a%2f%2fimage.tmdb.org%2ft%2fp%2foriginal%2f%2fwEhc48kGjoWw8qcHu2Lar7NFrgG.jpg&amp;id=91425&amp;image_master&amp;isr=0&amp;last_id&amp;mode=19&amp;name=%5bCOLOR%20white%5d%d7%a2%d7%95%d7%a0%d7%94%201%5b%2fCOLOR%5d&amp;original_title=Infinity%20Train&amp;season=1&amp;show_original_year=2019&amp;tmdbid=335425&amp;url=https%3a%2f%2fapi.themoviedb.org%2f3%2ftv%2f91425%3fapi_key%3d34142515d9d23817496eeb4ff1d223d0%26language%3den%26append_to_response%3dexternal_ids&amp;video_data=%7b%22rating%22%3a%20%220%22%2c%20%22episode%22%3a%200%2c%20%22title%22%3a%20%22%5bCOLOR%20white%5d%5cu05e2%5cu05d5%5cu05e0%5cu05d4%201%5b%2fCOLOR%5d%22%2c%20%22season%22%3a%200%2c%20%22TVshowtitle%22%3a%20%22%22%2c%20%22mediatype%22%3a%20%22movie%22%2c%20%22plot%22%3a%20%22%5bCOLOR%20aqua%5d%20%5cu05e9%5cu05d5%5cu05d3%5cu05e8%20%5cu05d1%5cu05ea%5cu05d0%5cu05e8%5cu05d9%5cu05da%2005-08-2019%5b%2fCOLOR%5d%5cnPassengers%20on%20board%20the%20mysterious%20Infinity%20Train%20must%20explore%20a%20series%20of%20endless%20cars%20that%20each%20contain%20unique%20worlds%20and%20puzzles%20to%20solve%20in%20order%20to%20unravel%20the%20mysteries%20of%20the%20train%20-%20and%20within%20themselves%20-%20to%20open%20the%20doorway%20home.%22%2c%20%22OriginalTitle%22%3a%20%22Infinity%20Train%22%2c%20%22Tag%22%3a%20%2216%22%2c%20%22year%22%3a%20%222019%22%7d&quot"/>
</include>
<include content="sessiontwo">
<param name="sessiontwo" value="517"/>
<param name="labelname" value="רכבת האינסוף"/>
<param name="network" value="[COLOR red](UNKNOWN)[/COLOR]"/>
<param name="baseepisodidcontent" value="plugin://plugin.video.mando/?all_w=%7b%7d&amp;data=2020&amp;dates=%20&amp;description=%5bCOLOR%20aqua%5d%20%d7%a9%d7%95%d7%93%d7%a8%20%d7%91%d7%aa%d7%90%d7%a8%d7%99%d7%9a%2005-01-2020%5b%2fCOLOR%5d%0aPassengers%20on%20board%20the%20mysterious%20Infinity%20Train%20must%20explore%20a%20series%20of%20endless%20cars%20that%20each%20contain%20unique%20worlds%20and%20puzzles%20to%20solve%20in%20order%20to%20unravel%20the%20mysteries%20of%20the%20train%20-%20and%20within%20themselves%20-%20to%20open%20the%20doorway%20home.&amp;eng_name=%20&amp;episode=%20&amp;fanart=https%3a%2f%2fimage.tmdb.org%2ft%2fp%2foriginal%2f%2fjv83yJGFNeTkHslJvcG1zVh6sqL.jpg&amp;fav_status=false&amp;heb_name=Infinity%20Train&amp;iconimage=https%3a%2f%2fimage.tmdb.org%2ft%2fp%2foriginal%2f%2fwAm6kfhlS6ha9LBfeKVCJWwn574.jpg&amp;id=91425&amp;image_master&amp;isr=0&amp;last_id&amp;mode=19&amp;name=%5bCOLOR%20white%5d%d7%a2%d7%95%d7%a0%d7%94%202%5b%2fCOLOR%5d&amp;original_title=Infinity%20Train&amp;season=2&amp;show_original_year=2019&amp;tmdbid=335425&amp;url=https%3a%2f%2fapi.themoviedb.org%2f3%2ftv%2f91425%3fapi_key%3d34142515d9d23817496eeb4ff1d223d0%26language%3den%26append_to_response%3dexternal_ids&amp;video_data=%7b%22rating%22%3a%20%220%22%2c%20%22episode%22%3a%200%2c%20%22title%22%3a%20%22%5bCOLOR%20white%5d%5cu05e2%5cu05d5%5cu05e0%5cu05d4%202%5b%2fCOLOR%5d%22%2c%20%22season%22%3a%200%2c%20%22TVshowtitle%22%3a%20%22%22%2c%20%22mediatype%22%3a%20%22movie%22%2c%20%22plot%22%3a%20%22%5bCOLOR%20aqua%5d%20%5cu05e9%5cu05d5%5cu05d3%5cu05e8%20%5cu05d1%5cu05ea%5cu05d0%5cu05e8%5cu05d9%5cu05da%2005-01-2020%5b%2fCOLOR%5d%5cnPassengers%20on%20board%20the%20mysterious%20Infinity%20Train%20must%20explore%20a%20series%20of%20endless%20cars%20that%20each%20contain%20unique%20worlds%20and%20puzzles%20to%20solve%20in%20order%20to%20unravel%20the%20mysteries%20of%20the%20train%20-%20and%20within%20themselves%20-%20to%20open%20the%20doorway%20home.%22%2c%20%22OriginalTitle%22%3a%20%22Infinity%20Train%22%2c%20%22Tag%22%3a%20%2216%22%2c%20%22year%22%3a%20%222020%22%7d&quot"/>
</include>
<include content="sessionthree">
<param name="sessionthree" value="518"/>
<param name="labelname" value="רכבת האינסוף"/>
<param name="network" value="[COLOR red](NETFLIX)[/COLOR]"/>
<param name="baseepisodidcontent" value="plugin://plugin.video.mando/?all_w=%7b%7d&amp;data=2020&amp;dates=%20&amp;description=%5bCOLOR%20aqua%5d%20%d7%a9%d7%95%d7%93%d7%a8%20%d7%91%d7%aa%d7%90%d7%a8%d7%99%d7%9a%2013-08-2020%5b%2fCOLOR%5d%0aPassengers%20on%20board%20the%20mysterious%20Infinity%20Train%20must%20explore%20a%20series%20of%20endless%20cars%20that%20each%20contain%20unique%20worlds%20and%20puzzles%20to%20solve%20in%20order%20to%20unravel%20the%20mysteries%20of%20the%20train%20-%20and%20within%20themselves%20-%20to%20open%20the%20doorway%20home.&amp;eng_name=%20&amp;episode=%20&amp;fanart=https%3a%2f%2fimage.tmdb.org%2ft%2fp%2foriginal%2f%2fjv83yJGFNeTkHslJvcG1zVh6sqL.jpg&amp;fav_status=false&amp;heb_name=Infinity%20Train&amp;iconimage=https%3a%2f%2fimage.tmdb.org%2ft%2fp%2foriginal%2f%2fc234zOS7kifNN2mb6BbIy7Z09oO.jpg&amp;id=91425&amp;image_master&amp;isr=0&amp;last_id&amp;mode=19&amp;name=%5bCOLOR%20white%5d%d7%a2%d7%95%d7%a0%d7%94%203%5b%2fCOLOR%5d&amp;original_title=Infinity%20Train&amp;season=3&amp;show_original_year=2019&amp;tmdbid=335425&amp;url=https%3a%2f%2fapi.themoviedb.org%2f3%2ftv%2f91425%3fapi_key%3d34142515d9d23817496eeb4ff1d223d0%26language%3den%26append_to_response%3dexternal_ids&amp;video_data=%7b%22rating%22%3a%20%220%22%2c%20%22episode%22%3a%200%2c%20%22title%22%3a%20%22%5bCOLOR%20white%5d%5cu05e2%5cu05d5%5cu05e0%5cu05d4%203%5b%2fCOLOR%5d%22%2c%20%22season%22%3a%200%2c%20%22TVshowtitle%22%3a%20%22%22%2c%20%22mediatype%22%3a%20%22movie%22%2c%20%22plot%22%3a%20%22%5bCOLOR%20aqua%5d%20%5cu05e9%5cu05d5%5cu05d3%5cu05e8%20%5cu05d1%5cu05ea%5cu05d0%5cu05e8%5cu05d9%5cu05da%2013-08-2020%5b%2fCOLOR%5d%5cnPassengers%20on%20board%20the%20mysterious%20Infinity%20Train%20must%20explore%20a%20series%20of%20endless%20cars%20that%20each%20contain%20unique%20worlds%20and%20puzzles%20to%20solve%20in%20order%20to%20unravel%20the%20mysteries%20of%20the%20train%20-%20and%20within%20themselves%20-%20to%20open%20the%20doorway%20home.%22%2c%20%22OriginalTitle%22%3a%20%22Infinity%20Train%22%2c%20%22Tag%22%3a%20%2216%22%2c%20%22year%22%3a%20%222020%22%7d&quot"/>
</include>

<include content="sessionone">
<param name="seesionone" value="519"/>
<param name="labelname" value="רובוטריקים המלחמה על סייברטרון"/>
<param name="network" value="[COLOR red](UNKNOWN)[/COLOR]"/>
<param name="baseepisodidcontent" value="plugin://plugin.video.mando/?all_w=%7b%7d&amp;data=2020&amp;dates=%20&amp;description=%5bCOLOR%20aqua%5d%20%d7%a9%d7%95%d7%93%d7%a8%20%d7%91%d7%aa%d7%90%d7%a8%d7%99%d7%9a%2030-07-2020%5b%2fCOLOR%5d%0aOn%20their%20dying%20planet%2c%20the%20Autobots%20and%20Decepticons%20battle%20fiercely%20for%20control%20of%20the%20AllSpark%20in%20the%20Transformers%20universe%27s%20origin%20story.&amp;eng_name=%20&amp;episode=%20&amp;fanart=https%3a%2f%2fimage.tmdb.org%2ft%2fp%2foriginal%2f%2fbxZrG6wsmKMoUC1q4ByTWDRHaOh.jpg&amp;fav_status=false&amp;heb_name=%d7%a8%d7%95%d7%91%d7%95%d7%98%d7%a8%d7%99%d7%a7%d7%99%d7%9d%3a%20%d7%94%d7%9e%d7%9c%d7%97%d7%9e%d7%94%20%d7%a2%d7%9c%20%d7%a1%d7%99%d7%99%d7%91%d7%a8%d7%98%d7%a8%d7%95%d7%9f%20%e2%80%93%20%d7%94%d7%98%d7%a8%d7%99%d7%9c%d7%95%d7%92%d7%99%d7%94&amp;iconimage=https%3a%2f%2fimage.tmdb.org%2ft%2fp%2foriginal%2f%2fq6XBIrlT8XiBg4KbK5ivQAW78q7.jpg&amp;id=100617&amp;image_master&amp;isr=0&amp;last_id&amp;mode=19&amp;name=%5bCOLOR%20white%5d%d7%a2%d7%95%d7%a0%d7%94%201%5b%2fCOLOR%5d&amp;original_title=Transformers%3a%20War%20for%20Cybertron&amp;season=1&amp;show_original_year=2020&amp;tmdbid=377694&amp;url=https%3a%2f%2fapi.themoviedb.org%2f3%2ftv%2f100617%3fapi_key%3d34142515d9d23817496eeb4ff1d223d0%26language%3den%26append_to_response%3dexternal_ids&amp;video_data=%7b%22rating%22%3a%20%220%22%2c%20%22episode%22%3a%200%2c%20%22title%22%3a%20%22%5bCOLOR%20white%5d%5cu05e2%5cu05d5%5cu05e0%5cu05d4%201%5b%2fCOLOR%5d%22%2c%20%22season%22%3a%200%2c%20%22TVshowtitle%22%3a%20%22%22%2c%20%22mediatype%22%3a%20%22movie%22%2c%20%22plot%22%3a%20%22%5bCOLOR%20aqua%5d%20%5cu05e9%5cu05d5%5cu05d3%5cu05e8%20%5cu05d1%5cu05ea%5cu05d0%5cu05e8%5cu05d9%5cu05da%2030-07-2020%5b%2fCOLOR%5d%5cnOn%20their%20dying%20planet%2c%20the%20Autobots%20and%20Decepticons%20battle%20fiercely%20for%20control%20of%20the%20AllSpark%20in%20the%20Transformers%20universe%27s%20origin%20story.%22%2c%20%22OriginalTitle%22%3a%20%22Transformers%3a%20War%20for%20Cybertron%22%2c%20%22Tag%22%3a%20%2216%22%2c%20%22year%22%3a%20%222020%22%7d&quot"/>
</include>


<include content="sessionone">
<param name="seesionone" value="520"/>
<param name="labelname" value="ארצר"/>
<param name="network" value="[COLOR red](UNKNOWN)[/COLOR]"/>
<param name="baseepisodidcontent" value="plugin://plugin.video.mando/?all_w=%7b%7d&amp;data=2017&amp;dates=%20&amp;description=%5bCOLOR%20aqua%5d%20%d7%a9%d7%95%d7%93%d7%a8%20%d7%91%d7%aa%d7%90%d7%a8%d7%99%d7%9a%2005-04-2017%5b%2fCOLOR%5d%0aSterling%20Archer%20is%20the%20world%27s%20most%20daunting%20spy.%20He%20works%20for%20ISIS%2c%20a%20spy%20agency%20run%20by%20his%20mother.%20In%20between%20dealing%20with%20his%20boss%20and%20his%20co-workers%20-%20one%20of%20whom%20is%20his%20ex-girlfriend%20-%20Archer%20manages%20to%20annoy%20or%20seduce%20everyone%20that%20crosses%20his%20path.%20His%20antics%20are%20only%20excusable%20because%20at%20the%20end%20of%20the%20day%2c%20he%20still%20somehow%20always%20manages%20to%20thwart%20whatever%20crises%20was%20threatening%20mankind.&amp;eng_name=%20&amp;episode=%20&amp;fanart=https%3a%2f%2fimage.tmdb.org%2ft%2fp%2foriginal%2f%2fDlP2rlOmWqDdS12X8LeVkZTMJi.jpg&amp;fav_status=false&amp;heb_name=%d7%90%d7%a8%d7%a6%27%d7%a8&amp;iconimage=https%3a%2f%2fimage.tmdb.org%2ft%2fp%2foriginal%2f%2fk10h9wJW06YcCA2aOKWaJWfVjHQ.jpg&amp;id=10283&amp;image_master&amp;isr=0&amp;last_id&amp;mode=19&amp;name=%5bCOLOR%20white%5d%d7%a2%d7%95%d7%a0%d7%94%208%5b%2fCOLOR%5d&amp;original_title=Archer&amp;season=8&amp;show_original_year=2009&amp;tmdbid=110381&amp;url=https%3a%2f%2fapi.themoviedb.org%2f3%2ftv%2f10283%3fapi_key%3d34142515d9d23817496eeb4ff1d223d0%26language%3den%26append_to_response%3dexternal_ids&amp;video_data=%7b%22rating%22%3a%20%220%22%2c%20%22episode%22%3a%200%2c%20%22title%22%3a%20%22%5bCOLOR%20white%5d%5cu05e2%5cu05d5%5cu05e0%5cu05d4%208%5b%2fCOLOR%5d%22%2c%20%22season%22%3a%200%2c%20%22TVshowtitle%22%3a%20%22%22%2c%20%22mediatype%22%3a%20%22movie%22%2c%20%22plot%22%3a%20%22%5bCOLOR%20aqua%5d%20%5cu05e9%5cu05d5%5cu05d3%5cu05e8%20%5cu05d1%5cu05ea%5cu05d0%5cu05e8%5cu05d9%5cu05da%2005-04-2017%5b%2fCOLOR%5d%5cnSterling%20Archer%20is%20the%20world%27s%20most%20daunting%20spy.%20He%20works%20for%20ISIS%2c%20a%20spy%20agency%20run%20by%20his%20mother.%20In%20between%20dealing%20with%20his%20boss%20and%20his%20co-workers%20-%20one%20of%20whom%20is%20his%20ex-girlfriend%20-%20Archer%20manages%20to%20annoy%20or%20seduce%20everyone%20that%20crosses%20his%20path.%20His%20antics%20are%20only%20excusable%20because%20at%20the%20end%20of%20the%20day%2c%20he%20still%20somehow%20always%20manages%20to%20thwart%20whatever%20crises%20was%20threatening%20mankind.%22%2c%20%22OriginalTitle%22%3a%20%22Archer%22%2c%20%22Tag%22%3a%20%2216%22%2c%20%22year%22%3a%20%222017%22%7d&quot"/>
</include>
<include content="sessiontwo">
<param name="sessiontwo" value="521"/>
<param name="labelname" value="ארצר"/>
<param name="network" value="[COLOR red](UNKNOWN)[/COLOR]"/>
<param name="baseepisodidcontent" value="plugin://plugin.video.mando/?all_w=%7b%7d&amp;data=2018&amp;dates=%20&amp;description=%5bCOLOR%20aqua%5d%20%d7%a9%d7%95%d7%93%d7%a8%20%d7%91%d7%aa%d7%90%d7%a8%d7%99%d7%9a%2025-04-2018%5b%2fCOLOR%5d%0aSterling%20Archer%20is%20the%20world%27s%20most%20daunting%20spy.%20He%20works%20for%20ISIS%2c%20a%20spy%20agency%20run%20by%20his%20mother.%20In%20between%20dealing%20with%20his%20boss%20and%20his%20co-workers%20-%20one%20of%20whom%20is%20his%20ex-girlfriend%20-%20Archer%20manages%20to%20annoy%20or%20seduce%20everyone%20that%20crosses%20his%20path.%20His%20antics%20are%20only%20excusable%20because%20at%20the%20end%20of%20the%20day%2c%20he%20still%20somehow%20always%20manages%20to%20thwart%20whatever%20crises%20was%20threatening%20mankind.&amp;eng_name=%20&amp;episode=%20&amp;fanart=https%3a%2f%2fimage.tmdb.org%2ft%2fp%2foriginal%2f%2fDlP2rlOmWqDdS12X8LeVkZTMJi.jpg&amp;fav_status=false&amp;heb_name=%d7%90%d7%a8%d7%a6%27%d7%a8&amp;iconimage=https%3a%2f%2fimage.tmdb.org%2ft%2fp%2foriginal%2f%2feXu3OQ1tRgiKsiKMifvNdwwwTQc.jpg&amp;id=10283&amp;image_master&amp;isr=0&amp;last_id&amp;mode=19&amp;name=%5bCOLOR%20white%5d%d7%a2%d7%95%d7%a0%d7%94%209%5b%2fCOLOR%5d&amp;original_title=Archer&amp;season=9&amp;show_original_year=2009&amp;tmdbid=110381&amp;url=https%3a%2f%2fapi.themoviedb.org%2f3%2ftv%2f10283%3fapi_key%3d34142515d9d23817496eeb4ff1d223d0%26language%3den%26append_to_response%3dexternal_ids&amp;video_data=%7b%22rating%22%3a%20%220%22%2c%20%22episode%22%3a%200%2c%20%22title%22%3a%20%22%5bCOLOR%20white%5d%5cu05e2%5cu05d5%5cu05e0%5cu05d4%209%5b%2fCOLOR%5d%22%2c%20%22season%22%3a%200%2c%20%22TVshowtitle%22%3a%20%22%22%2c%20%22mediatype%22%3a%20%22movie%22%2c%20%22plot%22%3a%20%22%5bCOLOR%20aqua%5d%20%5cu05e9%5cu05d5%5cu05d3%5cu05e8%20%5cu05d1%5cu05ea%5cu05d0%5cu05e8%5cu05d9%5cu05da%2025-04-2018%5b%2fCOLOR%5d%5cnSterling%20Archer%20is%20the%20world%27s%20most%20daunting%20spy.%20He%20works%20for%20ISIS%2c%20a%20spy%20agency%20run%20by%20his%20mother.%20In%20between%20dealing%20with%20his%20boss%20and%20his%20co-workers%20-%20one%20of%20whom%20is%20his%20ex-girlfriend%20-%20Archer%20manages%20to%20annoy%20or%20seduce%20everyone%20that%20crosses%20his%20path.%20His%20antics%20are%20only%20excusable%20because%20at%20the%20end%20of%20the%20day%2c%20he%20still%20somehow%20always%20manages%20to%20thwart%20whatever%20crises%20was%20threatening%20mankind.%22%2c%20%22OriginalTitle%22%3a%20%22Archer%22%2c%20%22Tag%22%3a%20%2216%22%2c%20%22year%22%3a%20%222018%22%7d&quot"/>
</include>
<include content="sessionthree">
<param name="sessionthree" value="522"/>
<param name="labelname" value="ארצר"/>
<param name="network" value="[COLOR red](NETFLIX)[/COLOR]"/>
<param name="baseepisodidcontent" value="plugin://plugin.video.mando/?all_w=%7b%7d&amp;data=2019&amp;dates=%20&amp;description=%5bCOLOR%20aqua%5d%20%d7%a9%d7%95%d7%93%d7%a8%20%d7%91%d7%aa%d7%90%d7%a8%d7%99%d7%9a%2029-05-2019%5b%2fCOLOR%5d%0aSterling%20Archer%20is%20the%20world%27s%20most%20daunting%20spy.%20He%20works%20for%20ISIS%2c%20a%20spy%20agency%20run%20by%20his%20mother.%20In%20between%20dealing%20with%20his%20boss%20and%20his%20co-workers%20-%20one%20of%20whom%20is%20his%20ex-girlfriend%20-%20Archer%20manages%20to%20annoy%20or%20seduce%20everyone%20that%20crosses%20his%20path.%20His%20antics%20are%20only%20excusable%20because%20at%20the%20end%20of%20the%20day%2c%20he%20still%20somehow%20always%20manages%20to%20thwart%20whatever%20crises%20was%20threatening%20mankind.&amp;eng_name=%20&amp;episode=%20&amp;fanart=https%3a%2f%2fimage.tmdb.org%2ft%2fp%2foriginal%2f%2fDlP2rlOmWqDdS12X8LeVkZTMJi.jpg&amp;fav_status=false&amp;heb_name=%d7%90%d7%a8%d7%a6%27%d7%a8&amp;iconimage=https%3a%2f%2fimage.tmdb.org%2ft%2fp%2foriginal%2f%2foSn0NGPsVeT7D6KnzPAcQemg9rJ.jpg&amp;id=10283&amp;image_master&amp;isr=0&amp;last_id&amp;mode=19&amp;name=%5bCOLOR%20white%5d%d7%a2%d7%95%d7%a0%d7%94%2010%5b%2fCOLOR%5d&amp;original_title=Archer&amp;season=10&amp;show_original_year=2009&amp;tmdbid=110381&amp;url=https%3a%2f%2fapi.themoviedb.org%2f3%2ftv%2f10283%3fapi_key%3d34142515d9d23817496eeb4ff1d223d0%26language%3den%26append_to_response%3dexternal_ids&amp;video_data=%7b%22rating%22%3a%20%220%22%2c%20%22episode%22%3a%200%2c%20%22title%22%3a%20%22%5bCOLOR%20white%5d%5cu05e2%5cu05d5%5cu05e0%5cu05d4%2010%5b%2fCOLOR%5d%22%2c%20%22season%22%3a%200%2c%20%22TVshowtitle%22%3a%20%22%22%2c%20%22mediatype%22%3a%20%22movie%22%2c%20%22plot%22%3a%20%22%5bCOLOR%20aqua%5d%20%5cu05e9%5cu05d5%5cu05d3%5cu05e8%20%5cu05d1%5cu05ea%5cu05d0%5cu05e8%5cu05d9%5cu05da%2029-05-2019%5b%2fCOLOR%5d%5cnSterling%20Archer%20is%20the%20world%27s%20most%20daunting%20spy.%20He%20works%20for%20ISIS%2c%20a%20spy%20agency%20run%20by%20his%20mother.%20In%20between%20dealing%20with%20his%20boss%20and%20his%20co-workers%20-%20one%20of%20whom%20is%20his%20ex-girlfriend%20-%20Archer%20manages%20to%20annoy%20or%20seduce%20everyone%20that%20crosses%20his%20path.%20His%20antics%20are%20only%20excusable%20because%20at%20the%20end%20of%20the%20day%2c%20he%20still%20somehow%20always%20manages%20to%20thwart%20whatever%20crises%20was%20threatening%20mankind.%22%2c%20%22OriginalTitle%22%3a%20%22Archer%22%2c%20%22Tag%22%3a%20%2216%22%2c%20%22year%22%3a%20%222019%22%7d&quot"/>
</include>

<!--
<include content="sessionone">
<param name="seesionone" value="508"/>
<param name="labelname" value=""/>
<param name="network" value="[COLOR red](UNKNOWN)[/COLOR]"/>
<param name="baseepisodidcontent" value=""/>
</include>

<include content="sessiontwo">
<param name="sessiontwo" value="509"/>
<param name="labelname" value=""/>
<param name="network" value="[COLOR red](UNKNOWN)[/COLOR]"/>
<param name="baseepisodidcontent" value=""/>
</include>

<include content="sessionthree">
<param name="sessionthree" value="510"/>
<param name="labelname" value=""/>
<param name="network" value="[COLOR red](NETFLIX)[/COLOR]"/>
<param name="baseepisodidcontent" value=""/>
</include>
-->
</controls>
</window>
