<?xml version="1.0" encoding="UTF-8"?>
<!-- Foundation -->
<window id="6858" type="dialog">
    <defaultcontrol always="true">35</defaultcontrol>


<controls>

<control type="group">
<animation type="WindowOpen">
<effect type="slide" start="0,0" end="0,-1000" time="350" tween="sine" easing="inout"/>
</animation>
<posy>1730</posy>
<control type="image">
<posx>0</posx>
<posy>0</posy>
<width>1920</width>
<height>350</height>
<texture>black.png</texture>
<colordiffuse>77000000</colordiffuse>
</control>
<control type="image">
<posx>350</posx>
<posy>0</posy>
<width>1000</width>
<height>350</height>
<texture>black.png</texture>
</control>
<control type="image">
<posx>1740</posx>
<posy>0</posy>
<width>220</width>
<height>450</height>
<texture>black.png</texture>
</control>
<control type="group">
<posy>140</posy>
<control type="image">
<posx>1350</posx>
<posy>0</posy>
<width>65</width>
<height>65</height>
<aspectratio>keep</aspectratio>
<texture colordiffuse="deepskyblue">special://skin/extras/arrows/arrow-25-xxl.png</texture>
</control>
<control type="image">
<posx>280</posx>
<posy>0</posy>
<width>65</width>
<height>65</height>
<aspectratio>keep</aspectratio>
<texture flipx="true" colordiffuse="deepskyblue">special://skin/extras/arrows/arrow-25-xxl.png</texture>
</control>
</control>
<control type="image">
<posx>1820</posx>
<posy>0</posy>
<width>65</width>
<height>65</height>
<aspectratio>keep</aspectratio>
<texture colordiffuse="deepskyblue">special://skin/extras/arrows/arrowup.png</texture>
</control>
<control type="image">
<posx>1820</posx>
<posy>300</posy>
<width>65</width>
<height>65</height>
<aspectratio>keep</aspectratio>
<texture colordiffuse="deepskyblue">special://skin/extras/arrows/arrowdown.png</texture>
</control>
</control>

<control type="image">
<posx>1770</posx>
<posy>820</posy>
<width>150</width>
<height>40</height>
<texture>special://skin/extras/test/Ghost.jpg</texture>
</control>

<control type="group">
<posy>50</posy>
<include content="newtvshows">
<param name="baseid" value="5"/>
<param name="listid" value="35"/>
<param name="listidfocus" value="1"/>
<param name="basecontent" value="plugin://plugin.audio.My.Music/?cat_level=%20&amp;count=0&amp;description=%20&amp;fanart&amp;iconimage&amp;index_depth=0&amp;lang=eng&amp;mode=5&amp;name=tvshowyesgo-action&amp;page&amp;selected_list=%20&amp;url=%d7%a1%d7%93%d7%a8%d7%95%d7%aatvshow-yesgotvshowyesgo-action&quot"/>
</include>

<!--<include content="newtvshows">
<param name="baseid" value="6"/>
<param name="listid" value="35"/>
<param name="listidfocus" value="2"/>
<param name="basecontent" value="plugin://plugin.audio.My.Music/?cat_level=%20&amp;count=0&amp;description=%20&amp;fanart&amp;iconimage&amp;index_depth=0&amp;lang=eng&amp;mode=5&amp;name=tvshows1&amp;page&amp;selected_list=%20&amp;url=tvshows1&quot"/>
</include>-->

<include content="baseepisods">
<param name="baseid" value="5"/>
<param name="labelname" value="מוקד 911"/>
<param name="baseeipisod" value="500"/>
<param name="networkname" value="Unknown"/>
<param name="networkcolor" value="green"/>
<param name="notvisible" value="![control.hasfocus(6) | Container(35).HasFocus(2)]"/>
<param name="baseepisodcontent" value="plugin://plugin.video.mando/?all_w=%7b%7d&amp;data=2019&amp;dates=%20&amp;description=%5bCOLOR%20aqua%5d%20%d7%a9%d7%95%d7%93%d7%a8%20%d7%91%d7%aa%d7%90%d7%a8%d7%99%d7%9a%2023-09-2019%5b%2fCOLOR%5d%0aExplore%20the%20high-pressure%20experiences%20of%20police%20officers%2c%20paramedics%20and%20firefighters%20who%20are%20thrust%20into%20the%20most%20frightening%2c%20shocking%20and%20heart-stopping%20situations.%20These%20emergency%20responders%20must%20try%20to%20balance%20saving%20those%20who%20are%20at%20their%20most%20vulnerable%20with%20solving%20the%20problems%20in%20their%20own%20lives.&amp;eng_name=%20&amp;episode=%20&amp;fanart=https%3a%2f%2fimage.tmdb.org%2ft%2fp%2foriginal%2f%2fv11aUVzPKSOJ9nKL1EMMbQaU5VC.jpg&amp;fav_status=false&amp;heb_name=%d7%9e%d7%95%d7%a7%d7%93%20911&amp;iconimage=https%3a%2f%2fimage.tmdb.org%2ft%2fp%2foriginal%2f%2fhtX1x0gq8Y5bN9vtGzERf9nbOTK.jpg&amp;id=75219&amp;image_master&amp;isr=0&amp;last_id&amp;mode=19&amp;name=%5bCOLOR%20white%5d%d7%a2%d7%95%d7%a0%d7%94%203%5b%2fCOLOR%5d&amp;original_title=9-1-1&amp;season=3&amp;show_original_year=2018&amp;tmdbid=337907&amp;url=https%3a%2f%2fapi.themoviedb.org%2f3%2ftv%2f75219%3fapi_key%3d34142515d9d23817496eeb4ff1d223d0%26language%3den%26append_to_response%3dexternal_ids&amp;video_data=%7b%22rating%22%3a%20%220%22%2c%20%22episode%22%3a%200%2c%20%22title%22%3a%20%22%5bCOLOR%20white%5d%5cu05e2%5cu05d5%5cu05e0%5cu05d4%203%5b%2fCOLOR%5d%22%2c%20%22season%22%3a%200%2c%20%22TVshowtitle%22%3a%20%22%22%2c%20%22mediatype%22%3a%20%22movie%22%2c%20%22plot%22%3a%20%22%5bCOLOR%20aqua%5d%20%5cu05e9%5cu05d5%5cu05d3%5cu05e8%20%5cu05d1%5cu05ea%5cu05d0%5cu05e8%5cu05d9%5cu05da%2023-09-2019%5b%2fCOLOR%5d%5cnExplore%20the%20high-pressure%20experiences%20of%20police%20officers%2c%20paramedics%20and%20firefighters%20who%20are%20thrust%20into%20the%20most%20frightening%2c%20shocking%20and%20heart-stopping%20situations.%20These%20emergency%20responders%20must%20try%20to%20balance%20saving%20those%20who%20are%20at%20their%20most%20vulnerable%20with%20solving%20the%20problems%20in%20their%20own%20lives.%22%2c%20%22OriginalTitle%22%3a%20%229-1-1%22%2c%20%22Tag%22%3a%20%2216%22%2c%20%22year%22%3a%20%222019%22%7d&quot"/>
</include>

<include content="baseepisods">
<param name="baseid" value="5"/>
<param name="labelname" value="מקגייוור"/>
<param name="baseeipisod" value="501"/>
<param name="networkname" value="Unknown"/>
<param name="networkcolor" value="gray"/>
<param name="notvisible" value="![control.hasfocus(6) | Container(35).HasFocus(2)]"/>
<param name="baseepisodcontent" value="plugin://plugin.video.mando/?all_w=%7b%7d&amp;data=2020&amp;dates=%20&amp;description=%5bCOLOR%20aqua%5d%20%d7%a9%d7%95%d7%93%d7%a8%20%d7%91%d7%aa%d7%90%d7%a8%d7%99%d7%9a%2007-02-2020%5b%2fCOLOR%5d%0a20-something%20Angus%20MacGyver%20creates%20a%20clandestine%20organization%20where%20he%20uses%20his%20knack%20for%20solving%20problems%20in%20unconventional%20ways%20to%20help%20prevent%20disasters%20from%20happening.&amp;eng_name=%20&amp;episode=%20&amp;fanart=https%3a%2f%2fimage.tmdb.org%2ft%2fp%2foriginal%2f%2fvgpv838FuMI4DGqjwgXn83VL3na.jpg&amp;fav_status=false&amp;heb_name=%d7%9e%d7%a7%d7%92%d7%99%d7%99%d7%95%d7%95%d7%a8&amp;iconimage=https%3a%2f%2fimage.tmdb.org%2ft%2fp%2foriginal%2f%2fzV4aJXDMmjbxQp1oSm3P6CkyjeR.jpg&amp;id=67133&amp;image_master&amp;isr=0&amp;last_id&amp;mode=19&amp;name=%5bCOLOR%20white%5d%d7%a2%d7%95%d7%a0%d7%94%204%5b%2fCOLOR%5d&amp;original_title=MacGyver&amp;season=4&amp;show_original_year=2016&amp;tmdbid=311902&amp;url=https%3a%2f%2fapi.themoviedb.org%2f3%2ftv%2f67133%3fapi_key%3d34142515d9d23817496eeb4ff1d223d0%26language%3den%26append_to_response%3dexternal_ids&amp;video_data=%7b%22rating%22%3a%20%220%22%2c%20%22episode%22%3a%200%2c%20%22title%22%3a%20%22%5bCOLOR%20white%5d%5cu05e2%5cu05d5%5cu05e0%5cu05d4%204%5b%2fCOLOR%5d%22%2c%20%22season%22%3a%200%2c%20%22TVshowtitle%22%3a%20%22%22%2c%20%22mediatype%22%3a%20%22movie%22%2c%20%22plot%22%3a%20%22%5bCOLOR%20aqua%5d%20%5cu05e9%5cu05d5%5cu05d3%5cu05e8%20%5cu05d1%5cu05ea%5cu05d0%5cu05e8%5cu05d9%5cu05da%2007-02-2020%5b%2fCOLOR%5d%5cn20-something%20Angus%20MacGyver%20creates%20a%20clandestine%20organization%20where%20he%20uses%20his%20knack%20for%20solving%20problems%20in%20unconventional%20ways%20to%20help%20prevent%20disasters%20from%20happening.%22%2c%20%22OriginalTitle%22%3a%20%22MacGyver%22%2c%20%22Tag%22%3a%20%2216%22%2c%20%22year%22%3a%20%222020%22%7d&quot"/>
</include>

<include content="baseepisods">
<param name="baseid" value="5"/>
<param name="labelname" value="תחנה 19"/>
<param name="baseeipisod" value="502"/>
<param name="networkname" value="Unknown"/>
<param name="networkcolor" value="gray"/>
<param name="notvisible" value="![control.hasfocus(6) | Container(35).HasFocus(2)]"/>
<param name="baseepisodcontent" value="plugin://plugin.video.mando/?all_w=%7b%7d&amp;data=2020&amp;dates=%20&amp;description=%5bCOLOR%20aqua%5d%20%d7%a9%d7%95%d7%93%d7%a8%20%d7%91%d7%aa%d7%90%d7%a8%d7%99%d7%9a%2022-01-2020%5b%2fCOLOR%5d%0aA%20group%20of%20heroic%20firefighters%20at%20Seattle%20Fire%20Station%2019%e2%80%94from%20captain%20to%20newest%20recruit%e2%80%94risk%20their%20lives%20and%20hearts%20both%20in%20the%20line%20of%20duty%20and%20off%20the%20clock.%20These%20brave%20men%20and%20women%20are%20like%20family%2c%20literally%20and%20figuratively%2c%20and%20together%20they%20put%20their%20own%20lives%20in%20jeopardy%20as%20first%20responders%20to%20save%20the%20lives%20of%20others.&amp;eng_name=%20&amp;episode=%20&amp;fanart=https%3a%2f%2fimage.tmdb.org%2ft%2fp%2foriginal%2f%2fqPO43E0tnw9Gjh9EzkNmc3AKlE3.jpg&amp;fav_status=false&amp;heb_name=%d7%aa%d7%97%d7%a0%d7%94%2019&amp;iconimage=https%3a%2f%2fimage.tmdb.org%2ft%2fp%2foriginal%2f%2fqMDjV4R3j9kvtwhxl1A16QmDZhU.jpg&amp;id=76773&amp;image_master&amp;isr=0&amp;last_id&amp;mode=19&amp;name=%5bCOLOR%20white%5d%d7%a2%d7%95%d7%a0%d7%94%203%5b%2fCOLOR%5d&amp;original_title=Station%2019&amp;season=3&amp;show_original_year=2018&amp;tmdbid=341852&amp;url=https%3a%2f%2fapi.themoviedb.org%2f3%2ftv%2f76773%3fapi_key%3d34142515d9d23817496eeb4ff1d223d0%26language%3den%26append_to_response%3dexternal_ids&amp;video_data=%7b%22rating%22%3a%20%220%22%2c%20%22episode%22%3a%200%2c%20%22title%22%3a%20%22%5bCOLOR%20white%5d%5cu05e2%5cu05d5%5cu05e0%5cu05d4%203%5b%2fCOLOR%5d%22%2c%20%22season%22%3a%200%2c%20%22TVshowtitle%22%3a%20%22%22%2c%20%22mediatype%22%3a%20%22movie%22%2c%20%22plot%22%3a%20%22%5bCOLOR%20aqua%5d%20%5cu05e9%5cu05d5%5cu05d3%5cu05e8%20%5cu05d1%5cu05ea%5cu05d0%5cu05e8%5cu05d9%5cu05da%2022-01-2020%5b%2fCOLOR%5d%5cnA%20group%20of%20heroic%20firefighters%20at%20Seattle%20Fire%20Station%2019%5cu2014from%20captain%20to%20newest%20recruit%5cu2014risk%20their%20lives%20and%20hearts%20both%20in%20the%20line%20of%20duty%20and%20off%20the%20clock.%20These%20brave%20men%20and%20women%20are%20like%20family%2c%20literally%20and%20figuratively%2c%20and%20together%20they%20put%20their%20own%20lives%20in%20jeopardy%20as%20first%20responders%20to%20save%20the%20lives%20of%20others.%22%2c%20%22OriginalTitle%22%3a%20%22Station%2019%22%2c%20%22Tag%22%3a%20%2216%22%2c%20%22year%22%3a%20%222020%22%7d&quot"/>
</include>

<include content="baseepisods">
<param name="baseid" value="5"/>
<param name="labelname" value="אריות הים"/>
<param name="baseeipisod" value="503"/>
<param name="networkname" value="Unknown"/>
<param name="networkcolor" value="gray"/>
<param name="notvisible" value="![control.hasfocus(6) | Container(35).HasFocus(2)]"/>
<param name="baseepisodcontent" value="plugin://plugin.video.mando/?all_w=%7b%7d&amp;data=2019&amp;dates=%20&amp;description=%5bCOLOR%20aqua%5d%20%d7%a9%d7%95%d7%93%d7%a8%20%d7%91%d7%aa%d7%90%d7%a8%d7%99%d7%9a%2001-10-2019%5b%2fCOLOR%5d%0aThe%20lives%20of%20the%20elite%20Navy%20Seals%20as%20they%20train%2c%20plan%20and%20execute%20the%20most%20dangerous%2c%20high-stakes%20missions%20our%20country%20can%20ask.&amp;eng_name=%20&amp;episode=%20&amp;fanart=https%3a%2f%2fimage.tmdb.org%2ft%2fp%2foriginal%2f%2f4Y1nxoNFdPqPFvmmR9r0HXuP0mE.jpg&amp;fav_status=false&amp;heb_name=%d7%90%d7%a8%d7%99%d7%95%d7%aa%20%d7%94%d7%99%d7%9d&amp;iconimage=https%3a%2f%2fimage.tmdb.org%2ft%2fp%2foriginal%2f%2fdhwKmZdqhKhhrzpdnF0154mzNCQ.jpg&amp;id=71789&amp;image_master&amp;isr=0&amp;last_id&amp;mode=19&amp;name=%5bCOLOR%20white%5d%d7%a2%d7%95%d7%a0%d7%94%203%5b%2fCOLOR%5d&amp;original_title=SEAL%20Team&amp;season=3&amp;show_original_year=2017&amp;tmdbid=328686&amp;url=https%3a%2f%2fapi.themoviedb.org%2f3%2ftv%2f71789%3fapi_key%3d34142515d9d23817496eeb4ff1d223d0%26language%3den%26append_to_response%3dexternal_ids&amp;video_data=%7b%22rating%22%3a%20%220%22%2c%20%22episode%22%3a%200%2c%20%22title%22%3a%20%22%5bCOLOR%20white%5d%5cu05e2%5cu05d5%5cu05e0%5cu05d4%203%5b%2fCOLOR%5d%22%2c%20%22season%22%3a%200%2c%20%22TVshowtitle%22%3a%20%22%22%2c%20%22mediatype%22%3a%20%22movie%22%2c%20%22plot%22%3a%20%22%5bCOLOR%20aqua%5d%20%5cu05e9%5cu05d5%5cu05d3%5cu05e8%20%5cu05d1%5cu05ea%5cu05d0%5cu05e8%5cu05d9%5cu05da%2001-10-2019%5b%2fCOLOR%5d%5cnThe%20lives%20of%20the%20elite%20Navy%20Seals%20as%20they%20train%2c%20plan%20and%20execute%20the%20most%20dangerous%2c%20high-stakes%20missions%20our%20country%20can%20ask.%22%2c%20%22OriginalTitle%22%3a%20%22SEAL%20Team%22%2c%20%22Tag%22%3a%20%2216%22%2c%20%22year%22%3a%20%222019%22%7d&quot"/>
</include>

<include content="baseepisods">
<param name="baseid" value="5"/>
<param name="labelname" value="יממ"/>
<param name="baseeipisod" value="504"/>
<param name="networkname" value="Unknown"/>
<param name="networkcolor" value="gray"/>
<param name="notvisible" value="![control.hasfocus(6) | Container(35).HasFocus(2)]"/>
<param name="baseepisodcontent" value="plugin://plugin.video.mando/?all_w=%7b%7d&amp;data=2018&amp;dates=%20&amp;description=%5bCOLOR%20aqua%5d%20%d7%a9%d7%95%d7%93%d7%a8%20%d7%91%d7%aa%d7%90%d7%a8%d7%99%d7%9a%2027-09-2018%5b%2fCOLOR%5d%0aFollows%20a%20locally%20born%20and%20bred%20S.W.A.T.%20lieutenant%20who%20is%20torn%20between%20loyalty%20to%20the%20streets%20and%20duty%20to%20his%20fellow%20officers%20when%20he%27s%20tasked%20to%20run%20a%20highly-trained%20unit%20that%27s%20the%20last%20stop%20for%20solving%20crimes%20in%20Los%20Angeles.&amp;eng_name=%20&amp;episode=%20&amp;fanart=https%3a%2f%2fimage.tmdb.org%2ft%2fp%2foriginal%2f%2fAuY5Wuiwgc2CeuzM0I2poSe4E0x.jpg&amp;fav_status=false&amp;heb_name=%d7%a1%d7%95%d7%95%d7%90%d7%98&amp;iconimage=https%3a%2f%2fimage.tmdb.org%2ft%2fp%2foriginal%2f%2f5LkqvZwp0LXzpumpnFp5eMgaMGE.jpg&amp;id=71790&amp;image_master&amp;isr=0&amp;last_id&amp;mode=19&amp;name=%5bCOLOR%20white%5d%d7%a2%d7%95%d7%a0%d7%94%202%5b%2fCOLOR%5d&amp;original_title=S.W.A.T.&amp;season=2&amp;show_original_year=2017&amp;tmdbid=328687&amp;url=https%3a%2f%2fapi.themoviedb.org%2f3%2ftv%2f71790%3fapi_key%3d34142515d9d23817496eeb4ff1d223d0%26language%3den%26append_to_response%3dexternal_ids&amp;video_data=%7b%22rating%22%3a%20%220%22%2c%20%22episode%22%3a%200%2c%20%22title%22%3a%20%22%5bCOLOR%20white%5d%5cu05e2%5cu05d5%5cu05e0%5cu05d4%202%5b%2fCOLOR%5d%22%2c%20%22season%22%3a%200%2c%20%22TVshowtitle%22%3a%20%22%22%2c%20%22mediatype%22%3a%20%22movie%22%2c%20%22plot%22%3a%20%22%5bCOLOR%20aqua%5d%20%5cu05e9%5cu05d5%5cu05d3%5cu05e8%20%5cu05d1%5cu05ea%5cu05d0%5cu05e8%5cu05d9%5cu05da%2027-09-2018%5b%2fCOLOR%5d%5cnFollows%20a%20locally%20born%20and%20bred%20S.W.A.T.%20lieutenant%20who%20is%20torn%20between%20loyalty%20to%20the%20streets%20and%20duty%20to%20his%20fellow%20officers%20when%20he%27s%20tasked%20to%20run%20a%20highly-trained%20unit%20that%27s%20the%20last%20stop%20for%20solving%20crimes%20in%20Los%20Angeles.%22%2c%20%22OriginalTitle%22%3a%20%22S.W.A.T.%22%2c%20%22Tag%22%3a%20%2216%22%2c%20%22year%22%3a%20%222018%22%7d&quot"/>
</include>

<include content="baseepisods">
<param name="baseid" value="5"/>
<param name="labelname" value="לוס אנג'לס"/>
<param name="baseeipisod" value="505"/>
<param name="networkname" value="Unknown"/>
<param name="networkcolor" value="gray"/>
<param name="notvisible" value="![control.hasfocus(6) | Container(35).HasFocus(2)]"/>
<param name="baseepisodcontent" value="plugin://plugin.video.mando/?all_w=%7b%7d&amp;data=2018&amp;dates=%20&amp;description=%5bCOLOR%20aqua%5d%20%d7%a9%d7%95%d7%93%d7%a8%20%d7%91%d7%aa%d7%90%d7%a8%d7%99%d7%9a%2030-09-2018%5b%2fCOLOR%5d%0aThe%20exploits%20of%20the%20Los%20Angeles%e2%80%93based%20Office%20of%20Special%20Projects%20(OSP)%2c%20an%20elite%20division%20of%20the%20Naval%20Criminal%20Investigative%20Service%20that%20specializes%20in%20undercover%20assignments.&amp;eng_name=%20&amp;episode=%20&amp;fanart=https%3a%2f%2fimage.tmdb.org%2ft%2fp%2foriginal%2f%2fj4ltPl0cHMd16UO80vbxFx1Td1w.jpg&amp;fav_status=false&amp;heb_name=%d7%90%d7%9f-%d7%a1%d7%99-%d7%90%d7%99%d7%99-%d7%90%d7%a1%3a%20%d7%9c%d7%95%d7%a1%20%d7%90%d7%a0%d7%92%27%d7%9c%d7%a1&amp;iconimage=https%3a%2f%2fimage.tmdb.org%2ft%2fp%2foriginal%2f%2fr4Pk6agjUir9hLBH2KhQzEx8OwV.jpg&amp;id=17610&amp;image_master&amp;isr=0&amp;last_id&amp;mode=19&amp;name=%5bCOLOR%20white%5d%d7%a2%d7%95%d7%a0%d7%94%2010%5b%2fCOLOR%5d&amp;original_title=NCIS%3a%20Los%20Angeles&amp;season=10&amp;show_original_year=2009&amp;tmdbid=95441&amp;url=https%3a%2f%2fapi.themoviedb.org%2f3%2ftv%2f17610%3fapi_key%3d34142515d9d23817496eeb4ff1d223d0%26language%3den%26append_to_response%3dexternal_ids&amp;video_data=%7b%22rating%22%3a%20%220%22%2c%20%22episode%22%3a%200%2c%20%22title%22%3a%20%22%5bCOLOR%20white%5d%5cu05e2%5cu05d5%5cu05e0%5cu05d4%2010%5b%2fCOLOR%5d%22%2c%20%22season%22%3a%200%2c%20%22TVshowtitle%22%3a%20%22%22%2c%20%22mediatype%22%3a%20%22movie%22%2c%20%22plot%22%3a%20%22%5bCOLOR%20aqua%5d%20%5cu05e9%5cu05d5%5cu05d3%5cu05e8%20%5cu05d1%5cu05ea%5cu05d0%5cu05e8%5cu05d9%5cu05da%2030-09-2018%5b%2fCOLOR%5d%5cnThe%20exploits%20of%20the%20Los%20Angeles%5cu2013based%20Office%20of%20Special%20Projects%20(OSP)%2c%20an%20elite%20division%20of%20the%20Naval%20Criminal%20Investigative%20Service%20that%20specializes%20in%20undercover%20assignments.%22%2c%20%22OriginalTitle%22%3a%20%22NCIS%3a%20Los%20Angeles%22%2c%20%22Tag%22%3a%20%2216%22%2c%20%22year%22%3a%20%222018%22%7d&quot"/>
</include>

<include content="baseepisods">
<param name="baseid" value="5"/>
<param name="labelname" value="הוואי 5-0"/>
<param name="baseeipisod" value="506"/>
<param name="networkname" value="Unknown"/>
<param name="networkcolor" value="gray"/>
<param name="notvisible" value="![control.hasfocus(6) | Container(35).HasFocus(2)]"/>
<param name="baseepisodcontent" value="plugin://plugin.video.mando/?all_w=%7b%7d&amp;data=2018&amp;dates=%20&amp;description=%5bCOLOR%20aqua%5d%20%d7%a9%d7%95%d7%93%d7%a8%20%d7%91%d7%aa%d7%90%d7%a8%d7%99%d7%9a%2028-09-2018%5b%2fCOLOR%5d%0aSteve%20McGarrett%20returns%20home%20to%20Oahu%2c%20in%20order%20to%20find%20his%20father%27s%20killer.%20The%20governor%20offers%20him%20the%20chance%20to%20run%20his%20own%20task%20force%20(Five-0).%20Steve%27s%20team%20is%20joined%20by%20Chin%20Ho%20Kelly%2c%20Danny%20%22Danno%22%20Williams%2c%20and%20Kono%20Kalakaua.&amp;eng_name=%20&amp;episode=%20&amp;fanart=https%3a%2f%2fimage.tmdb.org%2ft%2fp%2foriginal%2f%2fej5VNvBy4VqCqsuamY4oe4EiwFb.jpg&amp;fav_status=false&amp;heb_name=%d7%94%d7%95%d7%95%d7%90%d7%99%205-0&amp;iconimage=https%3a%2f%2fimage.tmdb.org%2ft%2fp%2foriginal%2f%2ffr1TgbDEr5cVCLPEmRuNzlwsCmF.jpg&amp;id=32798&amp;image_master&amp;isr=0&amp;last_id&amp;mode=19&amp;name=%5bCOLOR%20white%5d%d7%a2%d7%95%d7%a0%d7%94%209%5b%2fCOLOR%5d&amp;original_title=Hawaii%20Five-0&amp;season=9&amp;show_original_year=2010&amp;tmdbid=164541&amp;url=https%3a%2f%2fapi.themoviedb.org%2f3%2ftv%2f32798%3fapi_key%3d34142515d9d23817496eeb4ff1d223d0%26language%3den%26append_to_response%3dexternal_ids&amp;video_data=%7b%22rating%22%3a%20%220%22%2c%20%22episode%22%3a%200%2c%20%22title%22%3a%20%22%5bCOLOR%20white%5d%5cu05e2%5cu05d5%5cu05e0%5cu05d4%209%5b%2fCOLOR%5d%22%2c%20%22season%22%3a%200%2c%20%22TVshowtitle%22%3a%20%22%22%2c%20%22mediatype%22%3a%20%22movie%22%2c%20%22plot%22%3a%20%22%5bCOLOR%20aqua%5d%20%5cu05e9%5cu05d5%5cu05d3%5cu05e8%20%5cu05d1%5cu05ea%5cu05d0%5cu05e8%5cu05d9%5cu05da%2028-09-2018%5b%2fCOLOR%5d%5cnSteve%20McGarrett%20returns%20home%20to%20Oahu%2c%20in%20order%20to%20find%20his%20father%27s%20killer.%20The%20governor%20offers%20him%20the%20chance%20to%20run%20his%20own%20task%20force%20(Five-0).%20Steve%27s%20team%20is%20joined%20by%20Chin%20Ho%20Kelly%2c%20Danny%20%5c%22Danno%5c%22%20Williams%2c%20and%20Kono%20Kalakaua.%22%2c%20%22OriginalTitle%22%3a%20%22Hawaii%20Five-0%22%2c%20%22Tag%22%3a%20%2216%22%2c%20%22year%22%3a%20%222018%22%7d&quot"/>
</include>

<include content="baseepisods">
<param name="baseid" value="5"/>
<param name="labelname" value="הטירון"/>
<param name="baseeipisod" value="507"/>
<param name="networkname" value="Unknown"/>
<param name="networkcolor" value="gray"/>
<param name="notvisible" value="![control.hasfocus(6) | Container(35).HasFocus(2)]"/>
<param name="baseepisodcontent" value="plugin://plugin.video.mando/?all_w=%7b%7d&amp;data=2019&amp;dates=%20&amp;description=%5bCOLOR%20aqua%5d%20%d7%a9%d7%95%d7%93%d7%a8%20%d7%91%d7%aa%d7%90%d7%a8%d7%99%d7%9a%2028-09-2019%5b%2fCOLOR%5d%0aStarting%20over%20isn%e2%80%99t%20easy%2c%20especially%20for%20small-town%20guy%20John%20Nolan%20who%2c%20after%20a%20life-altering%20incident%2c%20is%20pursuing%20his%20dream%20of%20being%20an%20LAPD%20officer.%20As%20the%20force%e2%80%99s%20oldest%20rookie%2c%20he%e2%80%99s%20met%20with%20skepticism%20from%20some%20higher-ups%20who%20see%20him%20as%20just%20a%20walking%20midlife%20crisis.&amp;eng_name=%20&amp;episode=%20&amp;fanart=https%3a%2f%2fimage.tmdb.org%2ft%2fp%2foriginal%2f%2fzm338zlp9l7bcmJEM86rApTj7nI.jpg&amp;fav_status=false&amp;heb_name=%d7%94%d7%98%d7%99%d7%a8%d7%95%d7%9f&amp;iconimage=https%3a%2f%2fimage.tmdb.org%2ft%2fp%2foriginal%2f%2farPUIveaNTdlZeSrOPrgof6UvhQ.jpg&amp;id=79744&amp;image_master&amp;isr=0&amp;last_id&amp;mode=19&amp;name=%5bCOLOR%20white%5d%d7%a2%d7%95%d7%a0%d7%94%202%5b%2fCOLOR%5d&amp;original_title=The%20Rookie&amp;season=2&amp;show_original_year=2018&amp;tmdbid=350665&amp;url=https%3a%2f%2fapi.themoviedb.org%2f3%2ftv%2f79744%3fapi_key%3d34142515d9d23817496eeb4ff1d223d0%26language%3den%26append_to_response%3dexternal_ids&amp;video_data=%7b%22rating%22%3a%20%220%22%2c%20%22episode%22%3a%200%2c%20%22title%22%3a%20%22%5bCOLOR%20white%5d%5cu05e2%5cu05d5%5cu05e0%5cu05d4%202%5b%2fCOLOR%5d%22%2c%20%22season%22%3a%200%2c%20%22TVshowtitle%22%3a%20%22%22%2c%20%22mediatype%22%3a%20%22movie%22%2c%20%22plot%22%3a%20%22%5bCOLOR%20aqua%5d%20%5cu05e9%5cu05d5%5cu05d3%5cu05e8%20%5cu05d1%5cu05ea%5cu05d0%5cu05e8%5cu05d9%5cu05da%2028-09-2019%5b%2fCOLOR%5d%5cnStarting%20over%20isn%5cu2019t%20easy%2c%20especially%20for%20small-town%20guy%20John%20Nolan%20who%2c%20after%20a%20life-altering%20incident%2c%20is%20pursuing%20his%20dream%20of%20being%20an%20LAPD%20officer.%20As%20the%20force%5cu2019s%20oldest%20rookie%2c%20he%5cu2019s%20met%20with%20skepticism%20from%20some%20higher-ups%20who%20see%20him%20as%20just%20a%20walking%20midlife%20crisis.%22%2c%20%22OriginalTitle%22%3a%20%22The%20Rookie%22%2c%20%22Tag%22%3a%20%2216%22%2c%20%22year%22%3a%20%222019%22%7d&quot"/>
</include>

<include content="baseepisods">
<param name="baseid" value="5"/>
<param name="labelname" value="הומלנד"/>
<param name="baseeipisod" value="508"/>
<param name="networkname" value="Unknown"/>
<param name="networkcolor" value="gray"/>
<param name="notvisible" value="![control.hasfocus(6) | Container(35).HasFocus(2)]"/>
<param name="baseepisodcontent" value="plugin://plugin.video.mando/?all_w=%7b%7d&amp;data=2020&amp;dates=%20&amp;description=%5bCOLOR%20aqua%5d%20%d7%a9%d7%95%d7%93%d7%a8%20%d7%91%d7%aa%d7%90%d7%a8%d7%99%d7%9a%2009-02-2020%5b%2fCOLOR%5d%0aCIA%20officer%20Carrie%20Mathison%20is%20tops%20in%20her%20field%20despite%20being%20bipolar%2c%20which%20makes%20her%20volatile%20and%20unpredictable.%20With%20the%20help%20of%20her%20long-time%20mentor%20Saul%20Berenson%2c%20Carrie%20fearlessly%20risks%20everything%2c%20including%20her%20personal%20well-being%20and%20even%20sanity%2c%20at%20every%20turn.&amp;eng_name=%20&amp;episode=%20&amp;fanart=https%3a%2f%2fimage.tmdb.org%2ft%2fp%2foriginal%2f%2f391ixi0wVbFtFLQnOy8ZncWv2io.jpg&amp;fav_status=false&amp;heb_name=%d7%94%d7%95%d7%9e%d7%9c%d7%a0%d7%93&amp;iconimage=https%3a%2f%2fimage.tmdb.org%2ft%2fp%2foriginal%2f%2flUcMje4uEuUp5UxG2LF7c9KlI4Z.jpg&amp;id=1407&amp;image_master&amp;isr=0&amp;last_id&amp;mode=19&amp;name=%5bCOLOR%20white%5d%d7%a2%d7%95%d7%a0%d7%94%208%5b%2fCOLOR%5d&amp;original_title=Homeland&amp;season=8&amp;show_original_year=2011&amp;tmdbid=247897&amp;url=https%3a%2f%2fapi.themoviedb.org%2f3%2ftv%2f1407%3fapi_key%3d34142515d9d23817496eeb4ff1d223d0%26language%3den%26append_to_response%3dexternal_ids&amp;video_data=%7b%22rating%22%3a%20%220%22%2c%20%22episode%22%3a%200%2c%20%22title%22%3a%20%22%5bCOLOR%20white%5d%5cu05e2%5cu05d5%5cu05e0%5cu05d4%208%5b%2fCOLOR%5d%22%2c%20%22season%22%3a%200%2c%20%22TVshowtitle%22%3a%20%22%22%2c%20%22mediatype%22%3a%20%22movie%22%2c%20%22plot%22%3a%20%22%5bCOLOR%20aqua%5d%20%5cu05e9%5cu05d5%5cu05d3%5cu05e8%20%5cu05d1%5cu05ea%5cu05d0%5cu05e8%5cu05d9%5cu05da%2009-02-2020%5b%2fCOLOR%5d%5cnCIA%20officer%20Carrie%20Mathison%20is%20tops%20in%20her%20field%20despite%20being%20bipolar%2c%20which%20makes%20her%20volatile%20and%20unpredictable.%20With%20the%20help%20of%20her%20long-time%20mentor%20Saul%20Berenson%2c%20Carrie%20fearlessly%20risks%20everything%2c%20including%20her%20personal%20well-being%20and%20even%20sanity%2c%20at%20every%20turn.%22%2c%20%22OriginalTitle%22%3a%20%22Homeland%22%2c%20%22Tag%22%3a%20%2216%22%2c%20%22year%22%3a%20%222020%22%7d&quot"/>
</include>

<include content="baseepisods">
<param name="baseid" value="5"/>
<param name="labelname" value="חופים של סודות"/>
<param name="baseeipisod" value="509"/>
<param name="networkname" value="Unknown"/>
<param name="networkcolor" value="gray"/>
<param name="notvisible" value="![control.hasfocus(6) | Container(35).HasFocus(2)]"/>
<param name="baseepisodcontent" value="plugin://plugin.video.mando/?all_w=%7b%7d&amp;data=2020&amp;dates=%20&amp;description=%5bCOLOR%20aqua%5d%20%d7%a9%d7%95%d7%93%d7%a8%20%d7%91%d7%aa%d7%90%d7%a8%d7%99%d7%9a%2015-04-2020%5b%2fCOLOR%5d%0aA%20tight-knit%20group%20of%20teens%20unearths%20a%20long-buried%20secret%2c%20setting%20off%20a%20chain%20of%20illicit%20events%20that%20takes%20them%20on%20an%20adventure%20they%27ll%20never%20forget.&amp;eng_name=%20&amp;episode=%20&amp;fanart=https%3a%2f%2fimage.tmdb.org%2ft%2fp%2foriginal%2f%2fcdk9uWz5AQlWZN7Mg5BkNyrpnok.jpg&amp;fav_status=false&amp;heb_name=%d7%97%d7%95%d7%a4%d7%99%d7%9d%20%d7%a9%d7%9c%20%d7%a1%d7%95%d7%93%d7%95%d7%aa&amp;iconimage=https%3a%2f%2fimage.tmdb.org%2ft%2fp%2foriginal%2f%2fovDgO2LPfwdVRfvScAqo9aMiIW.jpg&amp;id=100757&amp;image_master&amp;isr=0&amp;last_id&amp;mode=19&amp;name=%5bCOLOR%20white%5d%d7%a2%d7%95%d7%a0%d7%94%201%5b%2fCOLOR%5d&amp;original_title=Outer%20Banks&amp;season=1&amp;show_original_year=2020&amp;tmdbid=379169&amp;url=https%3a%2f%2fapi.themoviedb.org%2f3%2ftv%2f100757%3fapi_key%3d34142515d9d23817496eeb4ff1d223d0%26language%3den%26append_to_response%3dexternal_ids&amp;video_data=%7b%22rating%22%3a%20%220%22%2c%20%22episode%22%3a%200%2c%20%22title%22%3a%20%22%5bCOLOR%20white%5d%5cu05e2%5cu05d5%5cu05e0%5cu05d4%201%5b%2fCOLOR%5d%22%2c%20%22season%22%3a%200%2c%20%22TVshowtitle%22%3a%20%22%22%2c%20%22mediatype%22%3a%20%22movie%22%2c%20%22plot%22%3a%20%22%5bCOLOR%20aqua%5d%20%5cu05e9%5cu05d5%5cu05d3%5cu05e8%20%5cu05d1%5cu05ea%5cu05d0%5cu05e8%5cu05d9%5cu05da%2015-04-2020%5b%2fCOLOR%5d%5cnA%20tight-knit%20group%20of%20teens%20unearths%20a%20long-buried%20secret%2c%20setting%20off%20a%20chain%20of%20illicit%20events%20that%20takes%20them%20on%20an%20adventure%20they%27ll%20never%20forget.%22%2c%20%22OriginalTitle%22%3a%20%22Outer%20Banks%22%2c%20%22Tag%22%3a%20%2216%22%2c%20%22year%22%3a%20%222020%22%7d&quot"/>
</include>

<include content="baseepisods">
<param name="baseid" value="5"/>
<param name="labelname" value="פניוורת"/>
<param name="baseeipisod" value="510"/>
<param name="networkname" value="Unknown"/>
<param name="networkcolor" value="gray"/>
<param name="notvisible" value="![control.hasfocus(6) | Container(35).HasFocus(2)]"/>
<param name="baseepisodcontent" value="plugin://plugin.video.mando/?all_w=%7b%7d&amp;data=2019&amp;dates=%20&amp;description=%5bCOLOR%20aqua%5d%20%d7%a9%d7%95%d7%93%d7%a8%20%d7%91%d7%aa%d7%90%d7%a8%d7%99%d7%9a%2028-07-2019%5b%2fCOLOR%5d%0aThe%20origin%20story%20of%20Bruce%20Wayne%27s%20legendary%20butler%2c%20Alfred%20Pennyworth%2c%20a%20former%20British%20SAS%20soldier%20who%20forms%20a%20security%20company%20and%20goes%20to%20work%20with%20Thomas%20Wayne%2c%20Bruce%27s%20billionaire%20father%2c%20in%201960s%20London.&amp;eng_name=%20&amp;episode=%20&amp;fanart=https%3a%2f%2fimage.tmdb.org%2ft%2fp%2foriginal%2f%2ffOdbXYcLTthRYlOA77LkKI9fxu3.jpg&amp;fav_status=false&amp;heb_name=%d7%a4%d7%a0%d7%99%d7%95%d7%95%d7%a8%d7%aa%20%27&amp;iconimage=https%3a%2f%2fimage.tmdb.org%2ft%2fp%2foriginal%2f%2f3rtfCKLtoUQGRFVDTW9smD3P3Eq.jpg&amp;id=79588&amp;image_master&amp;isr=0&amp;last_id&amp;mode=19&amp;name=%5bCOLOR%20white%5d%d7%a2%d7%95%d7%a0%d7%94%201%5b%2fCOLOR%5d&amp;original_title=Pennyworth&amp;season=1&amp;show_original_year=2019&amp;tmdbid=363008&amp;url=https%3a%2f%2fapi.themoviedb.org%2f3%2ftv%2f79588%3fapi_key%3d34142515d9d23817496eeb4ff1d223d0%26language%3den%26append_to_response%3dexternal_ids&amp;video_data=%7b%22rating%22%3a%20%220%22%2c%20%22episode%22%3a%200%2c%20%22title%22%3a%20%22%5bCOLOR%20white%5d%5cu05e2%5cu05d5%5cu05e0%5cu05d4%201%5b%2fCOLOR%5d%22%2c%20%22season%22%3a%200%2c%20%22TVshowtitle%22%3a%20%22%22%2c%20%22mediatype%22%3a%20%22movie%22%2c%20%22plot%22%3a%20%22%5bCOLOR%20aqua%5d%20%5cu05e9%5cu05d5%5cu05d3%5cu05e8%20%5cu05d1%5cu05ea%5cu05d0%5cu05e8%5cu05d9%5cu05da%2028-07-2019%5b%2fCOLOR%5d%5cnThe%20origin%20story%20of%20Bruce%20Wayne%27s%20legendary%20butler%2c%20Alfred%20Pennyworth%2c%20a%20former%20British%20SAS%20soldier%20who%20forms%20a%20security%20company%20and%20goes%20to%20work%20with%20Thomas%20Wayne%2c%20Bruce%27s%20billionaire%20father%2c%20in%201960s%20London.%22%2c%20%22OriginalTitle%22%3a%20%22Pennyworth%22%2c%20%22Tag%22%3a%20%2216%22%2c%20%22year%22%3a%20%222019%22%7d&quot"/>
</include>

<include content="baseepisods">
<param name="baseid" value="5"/>
<param name="labelname" value="כוכב בודד"/>
<param name="baseeipisod" value="511"/>
<param name="networkname" value="Unknown"/>
<param name="networkcolor" value="gray"/>
<param name="notvisible" value="![control.hasfocus(6) | Container(35).HasFocus(2)]"/>
<param name="baseepisodcontent" value="plugin://plugin.video.mando/?all_w=%7b%7d&amp;data=2020&amp;dates=%20&amp;description=%5bCOLOR%20aqua%5d%20%d7%a9%d7%95%d7%93%d7%a8%20%d7%91%d7%aa%d7%90%d7%a8%d7%99%d7%9a%2019-01-2020%5b%2fCOLOR%5d%0aNearly%2020%20years%20ago%2c%20Owen%20Strand%20was%20the%20lone%20survivor%20of%20his%20Manhattan%20firehouse%20on%209%2f11.%20In%20the%20wake%20of%20the%20attack%2c%20Owen%20had%20the%20unenviable%20task%20of%20rebuilding%20his%20station.%20After%20a%20similar%20tragedy%20happens%20to%20a%20firehouse%20in%20Austin%2c%20Owen%2c%20along%20with%20his%20troubled%20firefighter%20son%2c%20T.K.%2c%20takes%20his%20progressive%20philosophies%20of%20life%20and%20firefighting%20down%20to%20Texas%2c%20where%20he%20helps%20them%20start%20anew.%20On%20the%20surface%2c%20Owen%20is%20all%20about%20big-city%20style%20and%20swagger%2c%20but%20underneath%20he%20struggles%20with%20a%20secret%20he%20hides%20from%20the%20world%20-%20one%20that%20could%20very%20well%20end%20his%20life.&amp;eng_name=%20&amp;episode=%20&amp;fanart=https%3a%2f%2fimage.tmdb.org%2ft%2fp%2foriginal%2f%2f7oRFxlpItB3BOfcxfEIgUlFQq2R.jpg&amp;fav_status=false&amp;heb_name=911%20-%20%d7%9b%d7%95%d7%9b%d7%91%20%d7%91%d7%95%d7%93%d7%93&amp;iconimage=https%3a%2f%2fimage.tmdb.org%2ft%2fp%2foriginal%2f%2fcKZ15eWIPj11oVL7kFvScAbhuxx.jpg&amp;id=89393&amp;image_master&amp;isr=0&amp;last_id&amp;mode=19&amp;name=%5bCOLOR%20white%5d%d7%a2%d7%95%d7%a0%d7%94%201%5b%2fCOLOR%5d&amp;original_title=9-1-1%3a%20Lone%20Star&amp;season=1&amp;show_original_year=2020&amp;tmdbid=364080&amp;url=https%3a%2f%2fapi.themoviedb.org%2f3%2ftv%2f89393%3fapi_key%3d34142515d9d23817496eeb4ff1d223d0%26language%3den%26append_to_response%3dexternal_ids&amp;video_data=%7b%22rating%22%3a%20%220%22%2c%20%22episode%22%3a%200%2c%20%22title%22%3a%20%22%5bCOLOR%20white%5d%5cu05e2%5cu05d5%5cu05e0%5cu05d4%201%5b%2fCOLOR%5d%22%2c%20%22season%22%3a%200%2c%20%22TVshowtitle%22%3a%20%22%22%2c%20%22mediatype%22%3a%20%22movie%22%2c%20%22plot%22%3a%20%22%5bCOLOR%20aqua%5d%20%5cu05e9%5cu05d5%5cu05d3%5cu05e8%20%5cu05d1%5cu05ea%5cu05d0%5cu05e8%5cu05d9%5cu05da%2019-01-2020%5b%2fCOLOR%5d%5cnNearly%2020%20years%20ago%2c%20Owen%20Strand%20was%20the%20lone%20survivor%20of%20his%20Manhattan%20firehouse%20on%209%2f11.%20In%20the%20wake%20of%20the%20attack%2c%20Owen%20had%20the%20unenviable%20task%20of%20rebuilding%20his%20station.%20After%20a%20similar%20tragedy%20happens%20to%20a%20firehouse%20in%20Austin%2c%20Owen%2c%20along%20with%20his%20troubled%20firefighter%20son%2c%20T.K.%2c%20takes%20his%20progressive%20philosophies%20of%20life%20and%20firefighting%20down%20to%20Texas%2c%20where%20he%20helps%20them%20start%20anew.%20On%20the%20surface%2c%20Owen%20is%20all%20about%20big-city%20style%20and%20swagger%2c%20but%20underneath%20he%20struggles%20with%20a%20secret%20he%20hides%20from%20the%20world%20-%20one%20that%20could%20very%20well%20end%20his%20life.%22%2c%20%22OriginalTitle%22%3a%20%229-1-1%3a%20Lone%20Star%22%2c%20%22Tag%22%3a%20%2216%22%2c%20%22year%22%3a%20%222020%22%7d&quot"/>
</include>

<include content="baseepisods">
<param name="baseid" value="5"/>
<param name="labelname" value="הארט לחיות"/>
<param name="baseeipisod" value="512"/>
<param name="networkname" value="Unknown"/>
<param name="networkcolor" value="gray"/>
<param name="notvisible" value="![control.hasfocus(6) | Container(35).HasFocus(2)]"/>
<param name="baseepisodcontent" value="plugin://plugin.video.mando/?all_w=%7b%7d&amp;data=2020&amp;dates=%20&amp;description=%5bCOLOR%20aqua%5d%20%d7%a9%d7%95%d7%93%d7%a8%20%d7%91%d7%aa%d7%90%d7%a8%d7%99%d7%9a%2020-07-2020%5b%2fCOLOR%5d%0aTired%20of%20being%20the%20comedic%20sidekick%2c%20Kevin%20Hart%20gets%20his%20wish%20when%20a%20famous%20director%20offers%20him%20his%20dream%20%e2%80%93%20to%20be%20a%20leading%20man%20action%20star%20%e2%80%93%20but%20there%e2%80%99s%20a%20catch%3a%20Kevin%20must%20first%20train%20at%20the%20world%e2%80%99s%20greatest%20action%20star%20school%2c%20run%20by%20a%20lunatic.&amp;eng_name=%20&amp;episode=%20&amp;fanart=https%3a%2f%2fimage.tmdb.org%2ft%2fp%2foriginal%2f%2fkkOpA6yu9Hj2AwNiYKqoBMqUCMK.jpg&amp;fav_status=false&amp;heb_name=%d7%94%d7%90%d7%a8%d7%98%20%d7%9c%d7%97%d7%99%d7%95%d7%aa&amp;iconimage=https%3a%2f%2fimage.tmdb.org%2ft%2fp%2foriginal%2f%2flyRnZamD1uDDX85MAwTa1KTBRAA.jpg&amp;id=99072&amp;image_master&amp;isr=0&amp;last_id&amp;mode=19&amp;name=%5bCOLOR%20white%5d%d7%a2%d7%95%d7%a0%d7%94%201%5b%2fCOLOR%5d&amp;original_title=Die%20Hart&amp;season=1&amp;show_original_year=2020&amp;tmdbid=377298&amp;url=https%3a%2f%2fapi.themoviedb.org%2f3%2ftv%2f99072%3fapi_key%3d34142515d9d23817496eeb4ff1d223d0%26language%3den%26append_to_response%3dexternal_ids&amp;video_data=%7b%22rating%22%3a%20%220%22%2c%20%22episode%22%3a%200%2c%20%22title%22%3a%20%22%5bCOLOR%20white%5d%5cu05e2%5cu05d5%5cu05e0%5cu05d4%201%5b%2fCOLOR%5d%22%2c%20%22season%22%3a%200%2c%20%22TVshowtitle%22%3a%20%22%22%2c%20%22mediatype%22%3a%20%22movie%22%2c%20%22plot%22%3a%20%22%5bCOLOR%20aqua%5d%20%5cu05e9%5cu05d5%5cu05d3%5cu05e8%20%5cu05d1%5cu05ea%5cu05d0%5cu05e8%5cu05d9%5cu05da%2020-07-2020%5b%2fCOLOR%5d%5cnTired%20of%20being%20the%20comedic%20sidekick%2c%20Kevin%20Hart%20gets%20his%20wish%20when%20a%20famous%20director%20offers%20him%20his%20dream%20%5cu2013%20to%20be%20a%20leading%20man%20action%20star%20%5cu2013%20but%20there%5cu2019s%20a%20catch%3a%20Kevin%20must%20first%20train%20at%20the%20world%5cu2019s%20greatest%20action%20star%20school%2c%20run%20by%20a%20lunatic.%22%2c%20%22OriginalTitle%22%3a%20%22Die%20Hart%22%2c%20%22Tag%22%3a%20%2216%22%2c%20%22year%22%3a%20%222020%22%7d&quot"/>
</include>

<!--tvshow1-->
<!--<include content="baseepisods">
<param name="baseid" value="6"/>
<param name="labelname" value="אהבה על הרצף"/>
<param name="baseeipisod" value="800"/>
<param name="networkname" value="Unknown"/>
<param name="networkcolor" value="red"/>
<param name="notvisible" value="![control.hasfocus(5) | Container(35).HasFocus(1)]"/>
<param name="baseepisodcontent" value="plugin://plugin.video.mando/?all_w=%7b%7d&amp;data=2019&amp;dates=%20&amp;description=%5bCOLOR%20aqua%5d%20%d7%a9%d7%95%d7%93%d7%a8%20%d7%91%d7%aa%d7%90%d7%a8%d7%99%d7%9a%2019-11-2019%5b%2fCOLOR%5d%0aSeven%20singles%20take%20their%20first%20steps%20into%20the%20world%20of%20dating%3b%20this%20uplifting%20four-part%20documentary%20follows%20young%20adults%20on%20the%20autism%20spectrum%20as%20they%20explore%20the%20unpredictable%20world%20of%20love%20and%20relationships.&amp;eng_name=%20&amp;episode=%20&amp;fanart=https%3a%2f%2fimage.tmdb.org%2ft%2fp%2foriginal%2f%2f4ZQBTq0WghXYgsJO6vKtKNw5aBU.jpg&amp;fav_status=false&amp;heb_name=%d7%90%d7%94%d7%91%d7%94%20%d7%a2%d7%9c%20%d7%94%d7%a8%d7%a6%d7%a3&amp;iconimage=https%3a%2f%2fimage.tmdb.org%2ft%2fp%2foriginal%2f%2fzMsuBnjsKDMUrAZ0Ey6Ux3bVtn7.jpg&amp;id=95730&amp;image_master&amp;isr=0&amp;last_id&amp;mode=19&amp;name=%5bCOLOR%20white%5d%d7%a2%d7%95%d7%a0%d7%94%201%5b%2fCOLOR%5d&amp;original_title=Love%20on%20the%20Spectrum&amp;season=1&amp;show_original_year=2019&amp;tmdbid=372611&amp;url=https%3a%2f%2fapi.themoviedb.org%2f3%2ftv%2f95730%3fapi_key%3d34142515d9d23817496eeb4ff1d223d0%26language%3den%26append_to_response%3dexternal_ids&amp;video_data=%7b%22rating%22%3a%20%220%22%2c%20%22episode%22%3a%200%2c%20%22title%22%3a%20%22%5bCOLOR%20white%5d%5cu05e2%5cu05d5%5cu05e0%5cu05d4%201%5b%2fCOLOR%5d%22%2c%20%22season%22%3a%200%2c%20%22TVshowtitle%22%3a%20%22%22%2c%20%22mediatype%22%3a%20%22movie%22%2c%20%22plot%22%3a%20%22%5bCOLOR%20aqua%5d%20%5cu05e9%5cu05d5%5cu05d3%5cu05e8%20%5cu05d1%5cu05ea%5cu05d0%5cu05e8%5cu05d9%5cu05da%2019-11-2019%5b%2fCOLOR%5d%5cnSeven%20singles%20take%20their%20first%20steps%20into%20the%20world%20of%20dating%3b%20this%20uplifting%20four-part%20documentary%20follows%20young%20adults%20on%20the%20autism%20spectrum%20as%20they%20explore%20the%20unpredictable%20world%20of%20love%20and%20relationships.%22%2c%20%22OriginalTitle%22%3a%20%22Love%20on%20the%20Spectrum%22%2c%20%22Tag%22%3a%20%2216%22%2c%20%22year%22%3a%20%222019%22%7d&quot"/>
</include>-->
</control>


<control type="group">
<control type="multiimage">
<posx>1635</posx>
<posy>850</posy>
<width>280</width>
<height>150</height>
<imagepath>https://i.imgur.com/C7KDiR8.png</imagepath>
</control>
</control>
<control type="list" id="35">
<posx>1600</posx>
<posy>800</posy>
<width>550</width>
<height>650</height>
<onright condition="Container(35).HasFocus(1)">Control.SetFocus(5)</onright>
<onright condition="Container(35).HasFocus(2)">Control.SetFocus(6)</onright>
<onleft condition="Container(35).HasFocus(1)">Control.SetFocus(5)</onleft>
<onleft condition="Container(35).HasFocus(2)">Control.SetFocus(6)</onleft>
<orientation>vertical</orientation>
<itemlayout width="150" height="340">
<control type="label">
<posx>180</posx>
<posy>100</posy>
<width>200</width>
<height>40</height>
<align>center</align>
<textcolor>white</textcolor>
<label>$INFO[ListItem.Label]</label>
</control>
<control type="label">
<posx>145</posx>
<posy>170</posy>
<width>200</width>
<height>40</height>
<align>center</align>
<textcolor>white</textcolor>
<label>$INFO[ListItem.Label2]</label>
</control>
</itemlayout>
<focusedlayout width="150" height="340">
<control type="label">
<animation condition="Control.HasFocus(35)" effect="fade" start="0" end="100" time="1100">Conditional</animation>
<posx>180</posx>
<posy>100</posy>
<width>150</width>
<height>40</height>
<align>center</align>
<textcolor>white</textcolor>
<label>[B]$INFO[ListItem.Label][/B]</label>
</control>
<control type="label">
<visible>!control.hasfocus(35)</visible>
<posx>145</posx>
<posy>170</posy>
<width>200</width>
<height>40</height>
<align>center</align>
<textcolor>white</textcolor>
<label>$INFO[ListItem.Label2]</label>
</control>
<control type="label">

<visible>control.hasfocus(35)</visible>
<posx>145</posx>
<posy>170</posy>
<width>200</width>
<height>40</height>
<align>center</align>
<textcolor>cyan</textcolor>
<label>$INFO[ListItem.Label2]</label>
</control>
</focusedlayout>
<content>
<item id="1">
<label>-1-</label>
<label2>יס-גו-פעולה</label2>
<onclick>Control.SetFocus(5)</onclick>
</item>

<!--<item id="2">
<label>-2-</label>
<label2>סדרות דוקו</label2>
<onclick>Control.SetFocus(6)</onclick>
</item>-->
</content>
</control>

</controls>
</window>
