<?xml version="1.0" encoding="UTF-8"?>
<!-- Foundation -->
<window id="6902" type="dialog">
    <defaultcontrol always="true">5</defaultcontrol>


<controls>

<control type="image">
<posx>0</posx>
<posy>0</posy>
<width>fsw</width>
<height>fsh</height>
<texture>special://skin/extras/specialbuttons/background.jpg</texture>
</control>

<control type="multiimage">
<posx>0</posx>
<posy>0</posy>
<width>fsw</width>
<height>fsh</height>
<fadetime>350</fadetime>
<imagepath>$INFO[Container(5).ListItem.Art(fanart)]</imagepath>
</control>

<control type="image">
<posx>-100</posx>
<posy>300</posy>
<width>2200</width>
<height>580</height>
<texture>special://skin/extras/common/context_middle.png</texture>
</control>

<control type="image">
<posx>-100</posx>
<posy>50</posy>
<width>2200</width>
<height>250</height>
<texture>special://skin/extras/common/context_middle.png</texture>
</control>

<control type="image">
<posx>-100</posx>
<posy>0</posy>
<width>2200</width>
<height>50</height>
<texture>special://skin/extras/common/context_middle.png</texture>
</control>

<control type="group">
<control type="label">
<posx>35</posx>
<posy>300</posy>
<width>500</width>
<height>40</height>
<align>center</align>
<font>font-21-newrecommnded</font>
<label>$INFO[Container(5).ListItem.Label]</label>
</control>

<control type="label">
<posx>200</posx>
<posy>380</posy>
<width>250</width>
<height>40</height>
<textcolor>burlywood</textcolor>
<label>[B]תקציר סדרה:[/B]</label>
</control>

</control>

<control type="label">
<posx>1505</posx>
<posy>700</posy>
<width>250</width>
<height>40</height>
<align>right</align>
<label>[COLOR cyan]$INFO[Container(5).NumItems][/COLOR] [COLOR white]כמות סדרות:[/COLOR]</label>
</control>

<control type="image">
<visible>!Integer.IsGreater(Container(5).NumItems,0)</visible>
<posx>800</posx>
<posy>500</posy>
<width>120</width>
<height>120</height>
<texture>special://skin/extras/specialbuttons/loading.gif</texture>
</control>


<control type="multiimage">
<centerleft>90%</centerleft>
<posy>330</posy>
<width>350</width>
<height>520</height>
<fadetime>350</fadetime>
<imagepath>$INFO[Container(5).ListItem.Thumb]</imagepath>
</control>

<control type="textbox">
<posx>0</posx>
<posy>470</posy>
<width>500</width>
<height>320</height>
<align>right</align>
<autoscroll fade="2550" time="3000" repeat="4000"></autoscroll>
<label>$INFO[Container(5).ListItem.Plot]</label>
</control>
<!--onlycrimetvshow-->

<include content="basetvshowcontent">
<param name="basetvshowid" value="5"/>
<param name="basetvshowcontnet" value="plugin://plugin.audio.My.Music/?cat_level=%20&amp;count=0&amp;description=%5bB%5d%5bCOLOR%20burlywood%5d%20%d7%a9.%d7%a7%20%5b%2fCOLOR%5d%5b%2fB%5d&amp;fanart=https%3a%2f%2ffunender.com%2fwp-content%2fuploads%2f2017%2f11%2fTop-10-Box-Office-Weekend-Movies-Report-October-27-29-2017.jpg&amp;iconimage=http%3a%2f%2fngarba.xyz%2fadds%2fyos%2fphoto10.jpg&amp;index_depth=0&amp;lang=eng&amp;mode=5&amp;name=tvshow-newdesign-crime&amp;page&amp;selected_list=%20&amp;url=%d7%a1%d7%93%d7%a8%d7%95%d7%aatvshow-newdesigntvshow-newdesign-crime&quot"/>
</include>



<include content="sessionone">
<param name="seesionone" value="500"/>
<param name="labelname" value="אבסנטיה"/>
<param name="network" value="[COLOR red](UNKNOWN)[/COLOR]"/>
<param name="baseepisodidcontent" value="plugin://plugin.video.mando/?all_w=%7b%7d&amp;data=2017&amp;dates=%20&amp;description=%5bCOLOR%20aqua%5d%20%d7%a9%d7%95%d7%93%d7%a8%20%d7%91%d7%aa%d7%90%d7%a8%d7%99%d7%9a%2025-09-2017%5b%2fCOLOR%5d%0aA%20missing%20FBI%20agent%20reappears%20six%20years%20after%20being%20declared%20dead.&amp;eng_name=%20&amp;episode=%20&amp;fanart=https%3a%2f%2fimage.tmdb.org%2ft%2fp%2foriginal%2f%2fjE3lK1sX9AUWh4GVxUdD9CUeexo.jpg&amp;fav_status=false&amp;heb_name=%d7%90%d7%91%d7%a1%d7%a0%d7%98%d7%99%d7%94&amp;iconimage=https%3a%2f%2fimage.tmdb.org%2ft%2fp%2foriginal%2f%2ft3yVaAlmCLBwbqTrKGcWHwuCmkh.jpg&amp;id=72755&amp;image_master&amp;isr=0&amp;last_id&amp;mode=19&amp;name=%5bCOLOR%20white%5d%d7%a2%d7%95%d7%a0%d7%94%201%5b%2fCOLOR%5d&amp;original_title=Absentia&amp;season=1&amp;show_original_year=2017&amp;tmdbid=330500&amp;url=https%3a%2f%2fapi.themoviedb.org%2f3%2ftv%2f72755%3fapi_key%3d34142515d9d23817496eeb4ff1d223d0%26language%3den%26append_to_response%3dexternal_ids&amp;video_data=%7b%22rating%22%3a%20%220%22%2c%20%22episode%22%3a%200%2c%20%22title%22%3a%20%22%5bCOLOR%20white%5d%5cu05e2%5cu05d5%5cu05e0%5cu05d4%201%5b%2fCOLOR%5d%22%2c%20%22season%22%3a%200%2c%20%22TVshowtitle%22%3a%20%22%22%2c%20%22mediatype%22%3a%20%22movie%22%2c%20%22plot%22%3a%20%22%5bCOLOR%20aqua%5d%20%5cu05e9%5cu05d5%5cu05d3%5cu05e8%20%5cu05d1%5cu05ea%5cu05d0%5cu05e8%5cu05d9%5cu05da%2025-09-2017%5b%2fCOLOR%5d%5cnA%20missing%20FBI%20agent%20reappears%20six%20years%20after%20being%20declared%20dead.%22%2c%20%22OriginalTitle%22%3a%20%22Absentia%22%2c%20%22Tag%22%3a%20%2216%22%2c%20%22year%22%3a%20%222017%22%7d&quot"/>
</include>

<include content="sessiontwo">
<param name="sessiontwo" value="502"/>
<param name="labelname" value="אבסנטיה"/>
<param name="network" value="[COLOR red](UNKNOWN)[/COLOR]"/>
<param name="baseepisodidcontent" value="plugin://plugin.video.mando/?all_w=%7b%7d&amp;data=2019&amp;dates=%20&amp;description=%5bCOLOR%20aqua%5d%20%d7%a9%d7%95%d7%93%d7%a8%20%d7%91%d7%aa%d7%90%d7%a8%d7%99%d7%9a%2026-03-2019%5b%2fCOLOR%5d%0aA%20missing%20FBI%20agent%20reappears%20six%20years%20after%20being%20declared%20dead.&amp;eng_name=%20&amp;episode=%20&amp;fanart=https%3a%2f%2fimage.tmdb.org%2ft%2fp%2foriginal%2f%2fjE3lK1sX9AUWh4GVxUdD9CUeexo.jpg&amp;fav_status=false&amp;heb_name=%d7%90%d7%91%d7%a1%d7%a0%d7%98%d7%99%d7%94&amp;iconimage=https%3a%2f%2fimage.tmdb.org%2ft%2fp%2foriginal%2f%2fi1cUkbt4OsU0H3mOxkrT3bsM8DR.jpg&amp;id=72755&amp;image_master&amp;isr=0&amp;last_id&amp;mode=19&amp;name=%5bCOLOR%20white%5d%d7%a2%d7%95%d7%a0%d7%94%202%5b%2fCOLOR%5d&amp;original_title=Absentia&amp;season=2&amp;show_original_year=2017&amp;tmdbid=330500&amp;url=https%3a%2f%2fapi.themoviedb.org%2f3%2ftv%2f72755%3fapi_key%3d34142515d9d23817496eeb4ff1d223d0%26language%3den%26append_to_response%3dexternal_ids&amp;video_data=%7b%22rating%22%3a%20%220%22%2c%20%22episode%22%3a%200%2c%20%22title%22%3a%20%22%5bCOLOR%20white%5d%5cu05e2%5cu05d5%5cu05e0%5cu05d4%202%5b%2fCOLOR%5d%22%2c%20%22season%22%3a%200%2c%20%22TVshowtitle%22%3a%20%22%22%2c%20%22mediatype%22%3a%20%22movie%22%2c%20%22plot%22%3a%20%22%5bCOLOR%20aqua%5d%20%5cu05e9%5cu05d5%5cu05d3%5cu05e8%20%5cu05d1%5cu05ea%5cu05d0%5cu05e8%5cu05d9%5cu05da%2026-03-2019%5b%2fCOLOR%5d%5cnA%20missing%20FBI%20agent%20reappears%20six%20years%20after%20being%20declared%20dead.%22%2c%20%22OriginalTitle%22%3a%20%22Absentia%22%2c%20%22Tag%22%3a%20%2216%22%2c%20%22year%22%3a%20%222019%22%7d&quot"/>
</include>

<include content="sessionthree">
<param name="sessionthree" value="503"/>
<param name="labelname" value="אבסנטיה"/>
<param name="network" value="[COLOR red](NETFLIX)[/COLOR]"/>
<param name="baseepisodidcontent" value="plugin://plugin.video.mando/?all_w=%7b%7d&amp;data=2020&amp;dates=%20&amp;description=%5bCOLOR%20aqua%5d%20%d7%a9%d7%95%d7%93%d7%a8%20%d7%91%d7%aa%d7%90%d7%a8%d7%99%d7%9a%2017-07-2020%5b%2fCOLOR%5d%0aA%20missing%20FBI%20agent%20reappears%20six%20years%20after%20being%20declared%20dead.&amp;eng_name=%20&amp;episode=%20&amp;fanart=https%3a%2f%2fimage.tmdb.org%2ft%2fp%2foriginal%2f%2fjE3lK1sX9AUWh4GVxUdD9CUeexo.jpg&amp;fav_status=false&amp;heb_name=%d7%90%d7%91%d7%a1%d7%a0%d7%98%d7%99%d7%94&amp;iconimage=https%3a%2f%2fimage.tmdb.org%2ft%2fp%2foriginal%2f%2fyZxKtG0QMq4YEq7dlR97C0dmUS2.jpg&amp;id=72755&amp;image_master&amp;isr=0&amp;last_id&amp;mode=19&amp;name=%5bCOLOR%20white%5d%d7%a2%d7%95%d7%a0%d7%94%203%5b%2fCOLOR%5d&amp;original_title=Absentia&amp;season=3&amp;show_original_year=2017&amp;tmdbid=330500&amp;url=https%3a%2f%2fapi.themoviedb.org%2f3%2ftv%2f72755%3fapi_key%3d34142515d9d23817496eeb4ff1d223d0%26language%3den%26append_to_response%3dexternal_ids&amp;video_data=%7b%22rating%22%3a%20%220%22%2c%20%22episode%22%3a%200%2c%20%22title%22%3a%20%22%5bCOLOR%20white%5d%5cu05e2%5cu05d5%5cu05e0%5cu05d4%203%5b%2fCOLOR%5d%22%2c%20%22season%22%3a%200%2c%20%22TVshowtitle%22%3a%20%22%22%2c%20%22mediatype%22%3a%20%22movie%22%2c%20%22plot%22%3a%20%22%5bCOLOR%20aqua%5d%20%5cu05e9%5cu05d5%5cu05d3%5cu05e8%20%5cu05d1%5cu05ea%5cu05d0%5cu05e8%5cu05d9%5cu05da%2017-07-2020%5b%2fCOLOR%5d%5cnA%20missing%20FBI%20agent%20reappears%20six%20years%20after%20being%20declared%20dead.%22%2c%20%22OriginalTitle%22%3a%20%22Absentia%22%2c%20%22Tag%22%3a%20%2216%22%2c%20%22year%22%3a%20%222020%22%7d&quot"/>
</include>


<include content="sessionone">
<param name="seesionone" value="504"/>
<param name="labelname" value="אף-בי-איי"/>
<param name="network" value="[COLOR red](UNKNOWN)[/COLOR]"/>
<param name="baseepisodidcontent" value="plugin://plugin.video.mando/?all_w=%7b%7d&amp;data=2018&amp;dates=%20&amp;description=%5bCOLOR%20aqua%5d%20%d7%a9%d7%95%d7%93%d7%a8%20%d7%91%d7%aa%d7%90%d7%a8%d7%99%d7%9a%2025-09-2018%5b%2fCOLOR%5d%0aThe%20New%20York%20office%20of%20the%20FBI%20brings%20to%20bear%20all%20their%20talents%2c%20intellect%20and%20technical%20expertise%20on%20major%20cases%20in%20order%20to%20keep%20their%20city%20and%20the%20country%20safe.&amp;eng_name=%20&amp;episode=%20&amp;fanart=https%3a%2f%2fimage.tmdb.org%2ft%2fp%2foriginal%2f%2f1sMk4Vh6VxGoct7Eu4hC3Ikfd5K.jpg&amp;fav_status=false&amp;heb_name=%d7%90%d7%a3-%d7%91%d7%99-%d7%90%d7%99%d7%99&amp;iconimage=https%3a%2f%2fimage.tmdb.org%2ft%2fp%2foriginal%2f%2fuJZUfoGqtiuGfGXtVgYqIafZ1Ii.jpg&amp;id=80748&amp;image_master&amp;isr=0&amp;last_id&amp;mode=19&amp;name=%5bCOLOR%20white%5d%d7%a2%d7%95%d7%a0%d7%94%201%5b%2fCOLOR%5d&amp;original_title=FBI&amp;season=1&amp;show_original_year=2018&amp;tmdbid=350071&amp;url=https%3a%2f%2fapi.themoviedb.org%2f3%2ftv%2f80748%3fapi_key%3d34142515d9d23817496eeb4ff1d223d0%26language%3den%26append_to_response%3dexternal_ids&amp;video_data=%7b%22rating%22%3a%20%220%22%2c%20%22episode%22%3a%200%2c%20%22title%22%3a%20%22%5bCOLOR%20white%5d%5cu05e2%5cu05d5%5cu05e0%5cu05d4%201%5b%2fCOLOR%5d%22%2c%20%22season%22%3a%200%2c%20%22TVshowtitle%22%3a%20%22%22%2c%20%22mediatype%22%3a%20%22movie%22%2c%20%22plot%22%3a%20%22%5bCOLOR%20aqua%5d%20%5cu05e9%5cu05d5%5cu05d3%5cu05e8%20%5cu05d1%5cu05ea%5cu05d0%5cu05e8%5cu05d9%5cu05da%2025-09-2018%5b%2fCOLOR%5d%5cnThe%20New%20York%20office%20of%20the%20FBI%20brings%20to%20bear%20all%20their%20talents%2c%20intellect%20and%20technical%20expertise%20on%20major%20cases%20in%20order%20to%20keep%20their%20city%20and%20the%20country%20safe.%22%2c%20%22OriginalTitle%22%3a%20%22FBI%22%2c%20%22Tag%22%3a%20%2216%22%2c%20%22year%22%3a%20%222018%22%7d&quot"/>
</include>

<include content="sessiontwo">
<param name="sessiontwo" value="505"/>
<param name="labelname" value="אף-בי-איי"/>
<param name="network" value="[COLOR red](UNKNOWN)[/COLOR]"/>
<param name="baseepisodidcontent" value="plugin://plugin.video.mando/?all_w=%7b%7d&amp;data=2019&amp;dates=%20&amp;description=%5bCOLOR%20aqua%5d%20%d7%a9%d7%95%d7%93%d7%a8%20%d7%91%d7%aa%d7%90%d7%a8%d7%99%d7%9a%2024-09-2019%5b%2fCOLOR%5d%0aThe%20New%20York%20office%20of%20the%20FBI%20brings%20to%20bear%20all%20their%20talents%2c%20intellect%20and%20technical%20expertise%20on%20major%20cases%20in%20order%20to%20keep%20their%20city%20and%20the%20country%20safe.&amp;eng_name=%20&amp;episode=%20&amp;fanart=https%3a%2f%2fimage.tmdb.org%2ft%2fp%2foriginal%2f%2f1sMk4Vh6VxGoct7Eu4hC3Ikfd5K.jpg&amp;fav_status=false&amp;heb_name=%d7%90%d7%a3-%d7%91%d7%99-%d7%90%d7%99%d7%99&amp;iconimage=https%3a%2f%2fimage.tmdb.org%2ft%2fp%2foriginal%2f%2fnKulwcleWvL9Aoa9VLIT0TQpHqC.jpg&amp;id=80748&amp;image_master&amp;isr=0&amp;last_id&amp;mode=19&amp;name=%5bCOLOR%20white%5d%d7%a2%d7%95%d7%a0%d7%94%202%5b%2fCOLOR%5d&amp;original_title=FBI&amp;season=2&amp;show_original_year=2018&amp;tmdbid=350071&amp;url=https%3a%2f%2fapi.themoviedb.org%2f3%2ftv%2f80748%3fapi_key%3d34142515d9d23817496eeb4ff1d223d0%26language%3den%26append_to_response%3dexternal_ids&amp;video_data=%7b%22rating%22%3a%20%220%22%2c%20%22episode%22%3a%200%2c%20%22title%22%3a%20%22%5bCOLOR%20white%5d%5cu05e2%5cu05d5%5cu05e0%5cu05d4%202%5b%2fCOLOR%5d%22%2c%20%22season%22%3a%200%2c%20%22TVshowtitle%22%3a%20%22%22%2c%20%22mediatype%22%3a%20%22movie%22%2c%20%22plot%22%3a%20%22%5bCOLOR%20aqua%5d%20%5cu05e9%5cu05d5%5cu05d3%5cu05e8%20%5cu05d1%5cu05ea%5cu05d0%5cu05e8%5cu05d9%5cu05da%2024-09-2019%5b%2fCOLOR%5d%5cnThe%20New%20York%20office%20of%20the%20FBI%20brings%20to%20bear%20all%20their%20talents%2c%20intellect%20and%20technical%20expertise%20on%20major%20cases%20in%20order%20to%20keep%20their%20city%20and%20the%20country%20safe.%22%2c%20%22OriginalTitle%22%3a%20%22FBI%22%2c%20%22Tag%22%3a%20%2216%22%2c%20%22year%22%3a%20%222019%22%7d&quot"/>
</include>

<include content="sessionone">
<param name="seesionone" value="506"/>
<param name="labelname" value="אף.בי.איי: המבוקשים ביותר"/>
<param name="network" value="[COLOR red](UNKNOWN)[/COLOR]"/>
<param name="baseepisodidcontent" value="plugin://plugin.video.mando/?all_w=%7b%7d&amp;data=2020&amp;dates=%20&amp;description=%5bCOLOR%20aqua%5d%20%d7%a9%d7%95%d7%93%d7%a8%20%d7%91%d7%aa%d7%90%d7%a8%d7%99%d7%9a%2007-01-2020%5b%2fCOLOR%5d%0aThe%20Fugitive%20Task%20Force%20relentlessly%20tracks%20and%20captures%20the%20notorious%20criminals%20on%20the%20Bureau%e2%80%99s%20Most%20Wanted%20list.%20Seasoned%20agent%20Jess%20LaCroix%20oversees%20the%20highly%20skilled%20team%20that%20functions%20as%20a%20mobile%20undercover%20unit%20that%20is%20always%20out%20in%20the%20field%2c%20pursuing%20those%20who%20are%20most%20desperate%20to%20elude%20justice.&amp;eng_name=%20&amp;episode=%20&amp;fanart=https%3a%2f%2fimage.tmdb.org%2ft%2fp%2foriginal%2f%2ftE55HywLgM7fvvlmiMaWPOTjAqc.jpg&amp;fav_status=false&amp;heb_name=%d7%90%d7%a3.%d7%91%d7%99.%d7%90%d7%99%d7%99%3a%20%d7%94%d7%9e%d7%91%d7%95%d7%a7%d7%a9%d7%99%d7%9d%20%d7%91%d7%99%d7%95%d7%aa%d7%a8&amp;iconimage=https%3a%2f%2fimage.tmdb.org%2ft%2fp%2foriginal%2f%2fuhwzWXHZnhIS9rqO4OQd1bZlZAQ.jpg&amp;id=94372&amp;image_master&amp;isr=0&amp;last_id&amp;mode=19&amp;name=%5bCOLOR%20white%5d%d7%a2%d7%95%d7%a0%d7%94%201%5b%2fCOLOR%5d&amp;original_title=FBI%3a%20Most%20Wanted&amp;season=1&amp;show_original_year=2020&amp;tmdbid=364088&amp;url=https%3a%2f%2fapi.themoviedb.org%2f3%2ftv%2f94372%3fapi_key%3d34142515d9d23817496eeb4ff1d223d0%26language%3den%26append_to_response%3dexternal_ids&amp;video_data=%7b%22rating%22%3a%20%220%22%2c%20%22episode%22%3a%200%2c%20%22title%22%3a%20%22%5bCOLOR%20white%5d%5cu05e2%5cu05d5%5cu05e0%5cu05d4%201%5b%2fCOLOR%5d%22%2c%20%22season%22%3a%200%2c%20%22TVshowtitle%22%3a%20%22%22%2c%20%22mediatype%22%3a%20%22movie%22%2c%20%22plot%22%3a%20%22%5bCOLOR%20aqua%5d%20%5cu05e9%5cu05d5%5cu05d3%5cu05e8%20%5cu05d1%5cu05ea%5cu05d0%5cu05e8%5cu05d9%5cu05da%2007-01-2020%5b%2fCOLOR%5d%5cnThe%20Fugitive%20Task%20Force%20relentlessly%20tracks%20and%20captures%20the%20notorious%20criminals%20on%20the%20Bureau%5cu2019s%20Most%20Wanted%20list.%20Seasoned%20agent%20Jess%20LaCroix%20oversees%20the%20highly%20skilled%20team%20that%20functions%20as%20a%20mobile%20undercover%20unit%20that%20is%20always%20out%20in%20the%20field%2c%20pursuing%20those%20who%20are%20most%20desperate%20to%20elude%20justice.%22%2c%20%22OriginalTitle%22%3a%20%22FBI%3a%20Most%20Wanted%22%2c%20%22Tag%22%3a%20%2216%22%2c%20%22year%22%3a%20%222020%22%7d&quot"/>
</include>


<include content="sessionone">
<param name="seesionone" value="507"/>
<param name="labelname" value="אפל"/>
<param name="network" value="[COLOR red](UNKNOWN)[/COLOR]"/>
<param name="baseepisodidcontent" value="plugin://plugin.video.mando/?all_w=%7b%7d&amp;data=2017&amp;dates=%20&amp;description=%5bCOLOR%20aqua%5d%20%d7%a9%d7%95%d7%93%d7%a8%20%d7%91%d7%aa%d7%90%d7%a8%d7%99%d7%9a%2001-12-2017%5b%2fCOLOR%5d%0aA%20missing%20child%20causes%20four%20families%20to%20help%20each%20other%20for%20answers.%20What%20they%20could%20not%20imagine%20is%20that%20this%20mystery%20would%20be%20connected%20to%20innumerable%20other%20secrets%20of%20the%20small%20town.&amp;eng_name=%20&amp;episode=%20&amp;fanart=https%3a%2f%2fimage.tmdb.org%2ft%2fp%2foriginal%2f%2f3lBDg3i6nn5R2NKFCJ6oKyUo2j5.jpg&amp;fav_status=false&amp;heb_name=%d7%90%d7%a4%d7%9c&amp;iconimage=https%3a%2f%2fimage.tmdb.org%2ft%2fp%2foriginal%2f%2fspN6icwSwuAuOcuZLC9bKjK6N2i.jpg&amp;id=70523&amp;image_master&amp;isr=0&amp;last_id&amp;mode=19&amp;name=%5bCOLOR%20white%5d%d7%a2%d7%95%d7%a0%d7%94%201%5b%2fCOLOR%5d&amp;original_title=Dark&amp;season=1&amp;show_original_year=2017&amp;tmdbid=334824&amp;url=https%3a%2f%2fapi.themoviedb.org%2f3%2ftv%2f70523%3fapi_key%3d34142515d9d23817496eeb4ff1d223d0%26language%3den%26append_to_response%3dexternal_ids&amp;video_data=%7b%22rating%22%3a%20%220%22%2c%20%22episode%22%3a%200%2c%20%22title%22%3a%20%22%5bCOLOR%20white%5d%5cu05e2%5cu05d5%5cu05e0%5cu05d4%201%5b%2fCOLOR%5d%22%2c%20%22season%22%3a%200%2c%20%22TVshowtitle%22%3a%20%22%22%2c%20%22mediatype%22%3a%20%22movie%22%2c%20%22plot%22%3a%20%22%5bCOLOR%20aqua%5d%20%5cu05e9%5cu05d5%5cu05d3%5cu05e8%20%5cu05d1%5cu05ea%5cu05d0%5cu05e8%5cu05d9%5cu05da%2001-12-2017%5b%2fCOLOR%5d%5cnA%20missing%20child%20causes%20four%20families%20to%20help%20each%20other%20for%20answers.%20What%20they%20could%20not%20imagine%20is%20that%20this%20mystery%20would%20be%20connected%20to%20innumerable%20other%20secrets%20of%20the%20small%20town.%22%2c%20%22OriginalTitle%22%3a%20%22Dark%22%2c%20%22Tag%22%3a%20%2216%22%2c%20%22year%22%3a%20%222017%22%7d&quot"/>
</include>

<include content="sessiontwo">
<param name="sessiontwo" value="508"/>
<param name="labelname" value="אפל"/>
<param name="network" value="[COLOR red](UNKNOWN)[/COLOR]"/>
<param name="baseepisodidcontent" value="plugin://plugin.video.mando/?all_w=%7b%7d&amp;data=2019&amp;dates=%20&amp;description=%5bCOLOR%20aqua%5d%20%d7%a9%d7%95%d7%93%d7%a8%20%d7%91%d7%aa%d7%90%d7%a8%d7%99%d7%9a%2021-06-2019%5b%2fCOLOR%5d%0aA%20missing%20child%20causes%20four%20families%20to%20help%20each%20other%20for%20answers.%20What%20they%20could%20not%20imagine%20is%20that%20this%20mystery%20would%20be%20connected%20to%20innumerable%20other%20secrets%20of%20the%20small%20town.&amp;eng_name=%20&amp;episode=%20&amp;fanart=https%3a%2f%2fimage.tmdb.org%2ft%2fp%2foriginal%2f%2f3lBDg3i6nn5R2NKFCJ6oKyUo2j5.jpg&amp;fav_status=false&amp;heb_name=%d7%90%d7%a4%d7%9c&amp;iconimage=https%3a%2f%2fimage.tmdb.org%2ft%2fp%2foriginal%2f%2f4IPFQ7gb50dEDXSML7ENtt2TiN5.jpg&amp;id=70523&amp;image_master&amp;isr=0&amp;last_id&amp;mode=19&amp;name=%5bCOLOR%20white%5d%d7%a2%d7%95%d7%a0%d7%94%202%5b%2fCOLOR%5d&amp;original_title=Dark&amp;season=2&amp;show_original_year=2017&amp;tmdbid=334824&amp;url=https%3a%2f%2fapi.themoviedb.org%2f3%2ftv%2f70523%3fapi_key%3d34142515d9d23817496eeb4ff1d223d0%26language%3den%26append_to_response%3dexternal_ids&amp;video_data=%7b%22rating%22%3a%20%220%22%2c%20%22episode%22%3a%200%2c%20%22title%22%3a%20%22%5bCOLOR%20white%5d%5cu05e2%5cu05d5%5cu05e0%5cu05d4%202%5b%2fCOLOR%5d%22%2c%20%22season%22%3a%200%2c%20%22TVshowtitle%22%3a%20%22%22%2c%20%22mediatype%22%3a%20%22movie%22%2c%20%22plot%22%3a%20%22%5bCOLOR%20aqua%5d%20%5cu05e9%5cu05d5%5cu05d3%5cu05e8%20%5cu05d1%5cu05ea%5cu05d0%5cu05e8%5cu05d9%5cu05da%2021-06-2019%5b%2fCOLOR%5d%5cnA%20missing%20child%20causes%20four%20families%20to%20help%20each%20other%20for%20answers.%20What%20they%20could%20not%20imagine%20is%20that%20this%20mystery%20would%20be%20connected%20to%20innumerable%20other%20secrets%20of%20the%20small%20town.%22%2c%20%22OriginalTitle%22%3a%20%22Dark%22%2c%20%22Tag%22%3a%20%2216%22%2c%20%22year%22%3a%20%222019%22%7d&quot"/>
</include>

<include content="sessionthree">
<param name="sessionthree" value="509"/>
<param name="labelname" value="אפל"/>
<param name="network" value="[COLOR red](UNKNOWN)[/COLOR]"/>
<param name="baseepisodidcontent" value="plugin://plugin.video.mando/?all_w=%7b%7d&amp;data=2020&amp;dates=%20&amp;description=%5bCOLOR%20aqua%5d%20%d7%a9%d7%95%d7%93%d7%a8%20%d7%91%d7%aa%d7%90%d7%a8%d7%99%d7%9a%2027-06-2020%5b%2fCOLOR%5d%0aA%20missing%20child%20causes%20four%20families%20to%20help%20each%20other%20for%20answers.%20What%20they%20could%20not%20imagine%20is%20that%20this%20mystery%20would%20be%20connected%20to%20innumerable%20other%20secrets%20of%20the%20small%20town.&amp;eng_name=%20&amp;episode=%20&amp;fanart=https%3a%2f%2fimage.tmdb.org%2ft%2fp%2foriginal%2f%2f3lBDg3i6nn5R2NKFCJ6oKyUo2j5.jpg&amp;fav_status=false&amp;heb_name=%d7%90%d7%a4%d7%9c&amp;iconimage=https%3a%2f%2fimage.tmdb.org%2ft%2fp%2foriginal%2f%2f5Dk9V5K7IlFQTTHbuc6KvKWLD55.jpg&amp;id=70523&amp;image_master&amp;isr=0&amp;last_id&amp;mode=19&amp;name=%5bCOLOR%20white%5d%d7%a2%d7%95%d7%a0%d7%94%203%5b%2fCOLOR%5d&amp;original_title=Dark&amp;season=3&amp;show_original_year=2017&amp;tmdbid=334824&amp;url=https%3a%2f%2fapi.themoviedb.org%2f3%2ftv%2f70523%3fapi_key%3d34142515d9d23817496eeb4ff1d223d0%26language%3den%26append_to_response%3dexternal_ids&amp;video_data=%7b%22rating%22%3a%20%220%22%2c%20%22episode%22%3a%200%2c%20%22title%22%3a%20%22%5bCOLOR%20white%5d%5cu05e2%5cu05d5%5cu05e0%5cu05d4%203%5b%2fCOLOR%5d%22%2c%20%22season%22%3a%200%2c%20%22TVshowtitle%22%3a%20%22%22%2c%20%22mediatype%22%3a%20%22movie%22%2c%20%22plot%22%3a%20%22%5bCOLOR%20aqua%5d%20%5cu05e9%5cu05d5%5cu05d3%5cu05e8%20%5cu05d1%5cu05ea%5cu05d0%5cu05e8%5cu05d9%5cu05da%2027-06-2020%5b%2fCOLOR%5d%5cnA%20missing%20child%20causes%20four%20families%20to%20help%20each%20other%20for%20answers.%20What%20they%20could%20not%20imagine%20is%20that%20this%20mystery%20would%20be%20connected%20to%20innumerable%20other%20secrets%20of%20the%20small%20town.%22%2c%20%22OriginalTitle%22%3a%20%22Dark%22%2c%20%22Tag%22%3a%20%2216%22%2c%20%22year%22%3a%20%222020%22%7d&quot"/>
</include>


<include content="sessionone">
<param name="seesionone" value="510"/>
<param name="labelname" value="מודוס"/>
<param name="network" value="[COLOR red](UNKNOWN)[/COLOR]"/>
<param name="baseepisodidcontent" value="plugin://plugin.video.shadow/?all_w=%7b%7d&amp;data=2015&amp;dates=%20&amp;description=%5bCOLOR%20aqua%5d%20Aired%20At%2023-09-2015%5b%2fCOLOR%5d%0aDuring%20a%20snowy%20Christmas%20season%20in%20Sweden%2c%20psychologist%20and%20profiler%20Inger%20Johanne%20Vik%20finds%20not%20only%20herself%20but%20also%20her%20autistic%20daughter%20drawn%20into%20the%20investigation%20of%20a%20number%20of%20disturbing%20deaths%2c%20through%20which%20she%20meets%20detective%20Ingvar%20Nyman%20of%20%e2%80%9cRikskrim%2c%e2%80%9d%20a%20Swedish%20national%20police%20force.&amp;eng_name=%20&amp;episode=%20&amp;fanart=https%3a%2f%2fimage.tmdb.org%2ft%2fp%2foriginal%2f%2fwA5wSZWWvuXwxu0F6H8YCZri1hv.jpg&amp;fav_status=false&amp;heb_name=%d7%9e%d7%95%d7%93%d7%95%d7%a1&amp;iconimage=https%3a%2f%2fimage.tmdb.org%2ft%2fp%2foriginal%2f%2fkJlPDnDYJJ70X1S9AnqBrQTOPE7.jpg&amp;id=64023&amp;image_master&amp;isr=0&amp;last_id&amp;mode=19&amp;name=%5bCOLOR%20white%5dSeason%201%5b%2fCOLOR%5d&amp;original_title=Modus&amp;season=1&amp;show_original_year=2015&amp;tmdbid=301046&amp;url=https%3a%2f%2fapi.themoviedb.org%2f3%2ftv%2f64023%3fapi_key%3d34142515d9d23817496eeb4ff1d223d0%26language%3den%26append_to_response%3dexternal_ids&amp;video_data=%7b%22rating%22%3a%20%220%22%2c%20%22episode%22%3a%200%2c%20%22title%22%3a%20%22%5bCOLOR%20white%5dSeason%201%5b%2fCOLOR%5d%22%2c%20%22season%22%3a%200%2c%20%22TVshowtitle%22%3a%20%22%22%2c%20%22mediatype%22%3a%20%22movie%22%2c%20%22plot%22%3a%20%22%5bCOLOR%20aqua%5d%20Aired%20At%2023-09-2015%5b%2fCOLOR%5d%5cnDuring%20a%20snowy%20Christmas%20season%20in%20Sweden%2c%20psychologist%20and%20profiler%20Inger%20Johanne%20Vik%20finds%20not%20only%20herself%20but%20also%20her%20autistic%20daughter%20drawn%20into%20the%20investigation%20of%20a%20number%20of%20disturbing%20deaths%2c%20through%20which%20she%20meets%20detective%20Ingvar%20Nyman%20of%20%5cu201cRikskrim%2c%5cu201d%20a%20Swedish%20national%20police%20force.%22%2c%20%22OriginalTitle%22%3a%20%22Modus%22%2c%20%22Tag%22%3a%20%2216%22%2c%20%22year%22%3a%20%222015%22%7d&quot"/>
</include>
<include content="sessiontwo">
<param name="sessiontwo" value="511"/>
<param name="labelname" value="מודוס"/>
<param name="network" value="[COLOR red](UNKNOWN)[/COLOR]"/>
<param name="baseepisodidcontent" value="plugin://plugin.video.shadow/?all_w=%7b%7d&amp;data=2017&amp;dates=%20&amp;description=%5bCOLOR%20aqua%5d%20Aired%20At%2002-11-2017%5b%2fCOLOR%5d%0aDuring%20a%20snowy%20Christmas%20season%20in%20Sweden%2c%20psychologist%20and%20profiler%20Inger%20Johanne%20Vik%20finds%20not%20only%20herself%20but%20also%20her%20autistic%20daughter%20drawn%20into%20the%20investigation%20of%20a%20number%20of%20disturbing%20deaths%2c%20through%20which%20she%20meets%20detective%20Ingvar%20Nyman%20of%20%e2%80%9cRikskrim%2c%e2%80%9d%20a%20Swedish%20national%20police%20force.&amp;eng_name=%20&amp;episode=%20&amp;fanart=https%3a%2f%2fimage.tmdb.org%2ft%2fp%2foriginal%2f%2fwA5wSZWWvuXwxu0F6H8YCZri1hv.jpg&amp;fav_status=false&amp;heb_name=%d7%9e%d7%95%d7%93%d7%95%d7%a1&amp;iconimage=https%3a%2f%2fimage.tmdb.org%2ft%2fp%2foriginal%2f%2flDho5ZCVv2UPGTq8dWsfnai4rEl.jpg&amp;id=64023&amp;image_master&amp;isr=0&amp;last_id&amp;mode=19&amp;name=%5bCOLOR%20white%5dSeason%202%5b%2fCOLOR%5d&amp;original_title=Modus&amp;season=2&amp;show_original_year=2015&amp;tmdbid=301046&amp;url=https%3a%2f%2fapi.themoviedb.org%2f3%2ftv%2f64023%3fapi_key%3d34142515d9d23817496eeb4ff1d223d0%26language%3den%26append_to_response%3dexternal_ids&amp;video_data=%7b%22rating%22%3a%20%220%22%2c%20%22episode%22%3a%200%2c%20%22title%22%3a%20%22%5bCOLOR%20white%5dSeason%202%5b%2fCOLOR%5d%22%2c%20%22season%22%3a%200%2c%20%22TVshowtitle%22%3a%20%22%22%2c%20%22mediatype%22%3a%20%22movie%22%2c%20%22plot%22%3a%20%22%5bCOLOR%20aqua%5d%20Aired%20At%2002-11-2017%5b%2fCOLOR%5d%5cnDuring%20a%20snowy%20Christmas%20season%20in%20Sweden%2c%20psychologist%20and%20profiler%20Inger%20Johanne%20Vik%20finds%20not%20only%20herself%20but%20also%20her%20autistic%20daughter%20drawn%20into%20the%20investigation%20of%20a%20number%20of%20disturbing%20deaths%2c%20through%20which%20she%20meets%20detective%20Ingvar%20Nyman%20of%20%5cu201cRikskrim%2c%5cu201d%20a%20Swedish%20national%20police%20force.%22%2c%20%22OriginalTitle%22%3a%20%22Modus%22%2c%20%22Tag%22%3a%20%2216%22%2c%20%22year%22%3a%20%222017%22%7d&quot"/>
</include>

<include content="sessionone">
<param name="seesionone" value="512"/>
<param name="labelname" value="דם סמיך"/>
<param name="network" value="[COLOR red](UNKNOWN)[/COLOR]"/>
<param name="baseepisodidcontent" value="plugin://plugin.video.mando/?all_w=%7b%7d&amp;data=2018&amp;dates=%20&amp;description=%5bCOLOR%20aqua%5d%20%d7%a9%d7%95%d7%93%d7%a8%20%d7%91%d7%aa%d7%90%d7%a8%d7%99%d7%9a%2008-10-2018%5b%2fCOLOR%5d%0aCat%20Hogan%20returns%20to%20West%20Meath%20upon%20her%20mother%27s%20sudden%20death%20-%20she%20has%20an%20accident%20at%20home%20and%20died%20(or%20was%20it%20an%20accident%3f).%20Blood%20is%20about%20old%20secrets%2c%20older%20betrayals%2c%20mind%20games%20and%20the%20lies%20family%20tell%20each%20other.&amp;eng_name=%20&amp;episode=%20&amp;fanart=https%3a%2f%2fimage.tmdb.org%2ft%2fp%2foriginal%2f%2fzG77NEGLlmcTS7wFW1dAQA5Wcle.jpg&amp;fav_status=false&amp;heb_name=%d7%93%d7%9d%20%d7%a1%d7%9e%d7%99%d7%9a&amp;iconimage=https%3a%2f%2fimage.tmdb.org%2ft%2fp%2foriginal%2f%2fo1VI6tqRdhF2YjITCZXDpyh0etx.jpg&amp;id=84768&amp;image_master&amp;isr=0&amp;last_id&amp;mode=19&amp;name=%5bCOLOR%20white%5d%d7%a2%d7%95%d7%a0%d7%94%201%5b%2fCOLOR%5d&amp;original_title=Blood&amp;season=1&amp;show_original_year=2018&amp;tmdbid=353462&amp;url=https%3a%2f%2fapi.themoviedb.org%2f3%2ftv%2f84768%3fapi_key%3d34142515d9d23817496eeb4ff1d223d0%26language%3den%26append_to_response%3dexternal_ids&amp;video_data=%7b%22rating%22%3a%20%220%22%2c%20%22episode%22%3a%200%2c%20%22title%22%3a%20%22%5bCOLOR%20white%5d%5cu05e2%5cu05d5%5cu05e0%5cu05d4%201%5b%2fCOLOR%5d%22%2c%20%22season%22%3a%200%2c%20%22TVshowtitle%22%3a%20%22%22%2c%20%22mediatype%22%3a%20%22movie%22%2c%20%22plot%22%3a%20%22%5bCOLOR%20aqua%5d%20%5cu05e9%5cu05d5%5cu05d3%5cu05e8%20%5cu05d1%5cu05ea%5cu05d0%5cu05e8%5cu05d9%5cu05da%2008-10-2018%5b%2fCOLOR%5d%5cnCat%20Hogan%20returns%20to%20West%20Meath%20upon%20her%20mother%27s%20sudden%20death%20-%20she%20has%20an%20accident%20at%20home%20and%20died%20(or%20was%20it%20an%20accident%3f).%20Blood%20is%20about%20old%20secrets%2c%20older%20betrayals%2c%20mind%20games%20and%20the%20lies%20family%20tell%20each%20other.%22%2c%20%22OriginalTitle%22%3a%20%22Blood%22%2c%20%22Tag%22%3a%20%2216%22%2c%20%22year%22%3a%20%222018%22%7d&quot"/>
</include>
<include content="sessiontwo">
<param name="sessiontwo" value="513"/>
<param name="labelname" value="דם סמיך"/>
<param name="network" value="[COLOR red](UNKNOWN)[/COLOR]"/>
<param name="baseepisodidcontent" value="plugin://plugin.video.mando/?all_w=%7b%7d&amp;data=2020&amp;dates=%20&amp;description=%5bCOLOR%20aqua%5d%20%d7%a9%d7%95%d7%93%d7%a8%20%d7%91%d7%aa%d7%90%d7%a8%d7%99%d7%9a%2024-02-2020%5b%2fCOLOR%5d%0aCat%20Hogan%20returns%20to%20West%20Meath%20upon%20her%20mother%27s%20sudden%20death%20-%20she%20has%20an%20accident%20at%20home%20and%20died%20(or%20was%20it%20an%20accident%3f).%20Blood%20is%20about%20old%20secrets%2c%20older%20betrayals%2c%20mind%20games%20and%20the%20lies%20family%20tell%20each%20other.&amp;eng_name=%20&amp;episode=%20&amp;fanart=https%3a%2f%2fimage.tmdb.org%2ft%2fp%2foriginal%2f%2fzG77NEGLlmcTS7wFW1dAQA5Wcle.jpg&amp;fav_status=false&amp;heb_name=%d7%93%d7%9d%20%d7%a1%d7%9e%d7%99%d7%9a&amp;iconimage=https%3a%2f%2fimage.tmdb.org%2ft%2fp%2foriginal%2f%2faY23kASw02LgWBfoqBjLhCTZDTH.jpg&amp;id=84768&amp;image_master&amp;isr=0&amp;last_id&amp;mode=19&amp;name=%5bCOLOR%20white%5d%d7%a2%d7%95%d7%a0%d7%94%202%5b%2fCOLOR%5d&amp;original_title=Blood&amp;season=2&amp;show_original_year=2018&amp;tmdbid=353462&amp;url=https%3a%2f%2fapi.themoviedb.org%2f3%2ftv%2f84768%3fapi_key%3d34142515d9d23817496eeb4ff1d223d0%26language%3den%26append_to_response%3dexternal_ids&amp;video_data=%7b%22rating%22%3a%20%220%22%2c%20%22episode%22%3a%200%2c%20%22title%22%3a%20%22%5bCOLOR%20white%5d%5cu05e2%5cu05d5%5cu05e0%5cu05d4%202%5b%2fCOLOR%5d%22%2c%20%22season%22%3a%200%2c%20%22TVshowtitle%22%3a%20%22%22%2c%20%22mediatype%22%3a%20%22movie%22%2c%20%22plot%22%3a%20%22%5bCOLOR%20aqua%5d%20%5cu05e9%5cu05d5%5cu05d3%5cu05e8%20%5cu05d1%5cu05ea%5cu05d0%5cu05e8%5cu05d9%5cu05da%2024-02-2020%5b%2fCOLOR%5d%5cnCat%20Hogan%20returns%20to%20West%20Meath%20upon%20her%20mother%27s%20sudden%20death%20-%20she%20has%20an%20accident%20at%20home%20and%20died%20(or%20was%20it%20an%20accident%3f).%20Blood%20is%20about%20old%20secrets%2c%20older%20betrayals%2c%20mind%20games%20and%20the%20lies%20family%20tell%20each%20other.%22%2c%20%22OriginalTitle%22%3a%20%22Blood%22%2c%20%22Tag%22%3a%20%2216%22%2c%20%22year%22%3a%20%222020%22%7d&quot"/>
</include>

<include content="sessionone">
<param name="seesionone" value="514"/>
<param name="labelname" value="משלחת חיפוש"/>
<param name="network" value="[COLOR red](UNKNOWN)[/COLOR]"/>
<param name="baseepisodidcontent" value="plugin://plugin.video.mando/?all_w=%7b%7d&amp;data=2016&amp;dates=%20&amp;description=%5bCOLOR%20aqua%5d%20%d7%a9%d7%95%d7%93%d7%a8%20%d7%91%d7%aa%d7%90%d7%a8%d7%99%d7%9a%2021-11-2016%5b%2fCOLOR%5d%0aA%20dark%20comedy%20about%20four%20self-absorbed%20twenty-somethings%20who%20become%20entangled%20in%20an%20ominous%20mystery%20when%20a%20former%20college%20acquaintance%20suddenly%20disappears.&amp;eng_name=%20&amp;episode=%20&amp;fanart=https%3a%2f%2fimage.tmdb.org%2ft%2fp%2foriginal%2f%2fwz6yA3SUqH1m6C89XHxCOnux5tH.jpg&amp;fav_status=false&amp;heb_name=%d7%9e%d7%a9%d7%9c%d7%97%d7%aa%20%d7%97%d7%99%d7%a4%d7%95%d7%a9&amp;iconimage=https%3a%2f%2fimage.tmdb.org%2ft%2fp%2foriginal%2f%2flmLYZUtS0uqnAcxlhO5scjrzdYr.jpg&amp;id=67697&amp;image_master&amp;isr=0&amp;last_id&amp;mode=19&amp;name=%5bCOLOR%20white%5d%d7%a2%d7%95%d7%a0%d7%94%201%5b%2fCOLOR%5d&amp;original_title=Search%20Party&amp;season=1&amp;show_original_year=2016&amp;tmdbid=309523&amp;url=https%3a%2f%2fapi.themoviedb.org%2f3%2ftv%2f67697%3fapi_key%3d34142515d9d23817496eeb4ff1d223d0%26language%3den%26append_to_response%3dexternal_ids&amp;video_data=%7b%22rating%22%3a%20%220%22%2c%20%22episode%22%3a%200%2c%20%22title%22%3a%20%22%5bCOLOR%20white%5d%5cu05e2%5cu05d5%5cu05e0%5cu05d4%201%5b%2fCOLOR%5d%22%2c%20%22season%22%3a%200%2c%20%22TVshowtitle%22%3a%20%22%22%2c%20%22mediatype%22%3a%20%22movie%22%2c%20%22plot%22%3a%20%22%5bCOLOR%20aqua%5d%20%5cu05e9%5cu05d5%5cu05d3%5cu05e8%20%5cu05d1%5cu05ea%5cu05d0%5cu05e8%5cu05d9%5cu05da%2021-11-2016%5b%2fCOLOR%5d%5cnA%20dark%20comedy%20about%20four%20self-absorbed%20twenty-somethings%20who%20become%20entangled%20in%20an%20ominous%20mystery%20when%20a%20former%20college%20acquaintance%20suddenly%20disappears.%22%2c%20%22OriginalTitle%22%3a%20%22Search%20Party%22%2c%20%22Tag%22%3a%20%2216%22%2c%20%22year%22%3a%20%222016%22%7d&quot"/>
</include>
<include content="sessiontwo">
<param name="sessiontwo" value="515"/>
<param name="labelname" value="משלחת חיפוש"/>
<param name="network" value="[COLOR red](UNKNOWN)[/COLOR]"/>
<param name="baseepisodidcontent" value="plugin://plugin.video.mando/?all_w=%7b%7d&amp;data=2017&amp;dates=%20&amp;description=%5bCOLOR%20aqua%5d%20%d7%a9%d7%95%d7%93%d7%a8%20%d7%91%d7%aa%d7%90%d7%a8%d7%99%d7%9a%2019-11-2017%5b%2fCOLOR%5d%0aA%20dark%20comedy%20about%20four%20self-absorbed%20twenty-somethings%20who%20become%20entangled%20in%20an%20ominous%20mystery%20when%20a%20former%20college%20acquaintance%20suddenly%20disappears.&amp;eng_name=%20&amp;episode=%20&amp;fanart=https%3a%2f%2fimage.tmdb.org%2ft%2fp%2foriginal%2f%2fwz6yA3SUqH1m6C89XHxCOnux5tH.jpg&amp;fav_status=false&amp;heb_name=%d7%9e%d7%a9%d7%9c%d7%97%d7%aa%20%d7%97%d7%99%d7%a4%d7%95%d7%a9&amp;iconimage=https%3a%2f%2fimage.tmdb.org%2ft%2fp%2foriginal%2f%2f41gBgWJrTMPi6SmVWFLAbyMZh9J.jpg&amp;id=67697&amp;image_master&amp;isr=0&amp;last_id&amp;mode=19&amp;name=%5bCOLOR%20white%5d%d7%a2%d7%95%d7%a0%d7%94%202%5b%2fCOLOR%5d&amp;original_title=Search%20Party&amp;season=2&amp;show_original_year=2016&amp;tmdbid=309523&amp;url=https%3a%2f%2fapi.themoviedb.org%2f3%2ftv%2f67697%3fapi_key%3d34142515d9d23817496eeb4ff1d223d0%26language%3den%26append_to_response%3dexternal_ids&amp;video_data=%7b%22rating%22%3a%20%220%22%2c%20%22episode%22%3a%200%2c%20%22title%22%3a%20%22%5bCOLOR%20white%5d%5cu05e2%5cu05d5%5cu05e0%5cu05d4%202%5b%2fCOLOR%5d%22%2c%20%22season%22%3a%200%2c%20%22TVshowtitle%22%3a%20%22%22%2c%20%22mediatype%22%3a%20%22movie%22%2c%20%22plot%22%3a%20%22%5bCOLOR%20aqua%5d%20%5cu05e9%5cu05d5%5cu05d3%5cu05e8%20%5cu05d1%5cu05ea%5cu05d0%5cu05e8%5cu05d9%5cu05da%2019-11-2017%5b%2fCOLOR%5d%5cnA%20dark%20comedy%20about%20four%20self-absorbed%20twenty-somethings%20who%20become%20entangled%20in%20an%20ominous%20mystery%20when%20a%20former%20college%20acquaintance%20suddenly%20disappears.%22%2c%20%22OriginalTitle%22%3a%20%22Search%20Party%22%2c%20%22Tag%22%3a%20%2216%22%2c%20%22year%22%3a%20%222017%22%7d&quot"/>
</include>
<include content="sessionthree">
<param name="sessionthree" value="516"/>
<param name="labelname" value="משלחת חיפוש"/>
<param name="network" value="[COLOR red](NETFLIX)[/COLOR]"/>
<param name="baseepisodidcontent" value="plugin://plugin.video.mando/?all_w=%7b%7d&amp;data=2020&amp;dates=%20&amp;description=%5bCOLOR%20aqua%5d%20%d7%a9%d7%95%d7%93%d7%a8%20%d7%91%d7%aa%d7%90%d7%a8%d7%99%d7%9a%2025-06-2020%5b%2fCOLOR%5d%0aA%20dark%20comedy%20about%20four%20self-absorbed%20twenty-somethings%20who%20become%20entangled%20in%20an%20ominous%20mystery%20when%20a%20former%20college%20acquaintance%20suddenly%20disappears.&amp;eng_name=%20&amp;episode=%20&amp;fanart=https%3a%2f%2fimage.tmdb.org%2ft%2fp%2foriginal%2f%2fwz6yA3SUqH1m6C89XHxCOnux5tH.jpg&amp;fav_status=false&amp;heb_name=%d7%9e%d7%a9%d7%9c%d7%97%d7%aa%20%d7%97%d7%99%d7%a4%d7%95%d7%a9&amp;iconimage=https%3a%2f%2fimage.tmdb.org%2ft%2fp%2foriginal%2f%2f8ldHjc3Hx29NKK0bfgaYZkIwQWN.jpg&amp;id=67697&amp;image_master&amp;isr=0&amp;last_id&amp;mode=19&amp;name=%5bCOLOR%20white%5d%d7%a2%d7%95%d7%a0%d7%94%203%5b%2fCOLOR%5d&amp;original_title=Search%20Party&amp;season=3&amp;show_original_year=2016&amp;tmdbid=309523&amp;url=https%3a%2f%2fapi.themoviedb.org%2f3%2ftv%2f67697%3fapi_key%3d34142515d9d23817496eeb4ff1d223d0%26language%3den%26append_to_response%3dexternal_ids&amp;video_data=%7b%22rating%22%3a%20%220%22%2c%20%22episode%22%3a%200%2c%20%22title%22%3a%20%22%5bCOLOR%20white%5d%5cu05e2%5cu05d5%5cu05e0%5cu05d4%203%5b%2fCOLOR%5d%22%2c%20%22season%22%3a%200%2c%20%22TVshowtitle%22%3a%20%22%22%2c%20%22mediatype%22%3a%20%22movie%22%2c%20%22plot%22%3a%20%22%5bCOLOR%20aqua%5d%20%5cu05e9%5cu05d5%5cu05d3%5cu05e8%20%5cu05d1%5cu05ea%5cu05d0%5cu05e8%5cu05d9%5cu05da%2025-06-2020%5b%2fCOLOR%5d%5cnA%20dark%20comedy%20about%20four%20self-absorbed%20twenty-somethings%20who%20become%20entangled%20in%20an%20ominous%20mystery%20when%20a%20former%20college%20acquaintance%20suddenly%20disappears.%22%2c%20%22OriginalTitle%22%3a%20%22Search%20Party%22%2c%20%22Tag%22%3a%20%2216%22%2c%20%22year%22%3a%20%222020%22%7d&quot"/>
</include>

<include content="sessionone">
<param name="seesionone" value="517"/>
<param name="labelname" value="שוד המאה"/>
<param name="network" value="[COLOR red](NETFLIX)[/COLOR]"/>
<param name="baseepisodidcontent" value="plugin://plugin.video.mando/?all_w=%7b%7d&amp;data=2020&amp;dates=%20&amp;description=%5bCOLOR%20aqua%5d%20%d7%a9%d7%95%d7%93%d7%a8%20%d7%91%d7%aa%d7%90%d7%a8%d7%99%d7%9a%2014-08-2020%5b%2fCOLOR%5d%0aBased%20on%20the%201994%20robbery%20of%20US%2433%20million%20from%20Colombia%27s%20central%20bank%2c%20which%20turned%20the%20country%20upside%20down.&amp;eng_name=%20&amp;episode=%20&amp;fanart=https%3a%2f%2fimage.tmdb.org%2ft%2fp%2foriginal%2f%2f7iBs4QZXYDwQt5Cf0mhrOWKbYFT.jpg&amp;fav_status=false&amp;heb_name=%d7%a9%d7%95%d7%93%20%d7%94%d7%9e%d7%90%d7%94&amp;iconimage=https%3a%2f%2fimage.tmdb.org%2ft%2fp%2foriginal%2f%2fj52EFofX8hCoenmvDC4AOppoPWu.jpg&amp;id=104555&amp;image_master&amp;isr=0&amp;last_id&amp;mode=19&amp;name=%5bCOLOR%20white%5d%d7%a2%d7%95%d7%a0%d7%94%201%5b%2fCOLOR%5d&amp;original_title=The%20Great%20Heist&amp;season=1&amp;show_original_year=2020&amp;tmdbid=383619&amp;url=https%3a%2f%2fapi.themoviedb.org%2f3%2ftv%2f104555%3fapi_key%3d34142515d9d23817496eeb4ff1d223d0%26language%3den%26append_to_response%3dexternal_ids&amp;video_data=%7b%22rating%22%3a%20%220%22%2c%20%22episode%22%3a%200%2c%20%22title%22%3a%20%22%5bCOLOR%20white%5d%5cu05e2%5cu05d5%5cu05e0%5cu05d4%201%5b%2fCOLOR%5d%22%2c%20%22season%22%3a%200%2c%20%22TVshowtitle%22%3a%20%22%22%2c%20%22mediatype%22%3a%20%22movie%22%2c%20%22plot%22%3a%20%22%5bCOLOR%20aqua%5d%20%5cu05e9%5cu05d5%5cu05d3%5cu05e8%20%5cu05d1%5cu05ea%5cu05d0%5cu05e8%5cu05d9%5cu05da%2014-08-2020%5b%2fCOLOR%5d%5cnBased%20on%20the%201994%20robbery%20of%20US%2433%20million%20from%20Colombia%27s%20central%20bank%2c%20which%20turned%20the%20country%20upside%20down.%22%2c%20%22OriginalTitle%22%3a%20%22The%20Great%20Heist%22%2c%20%22Tag%22%3a%20%2216%22%2c%20%22year%22%3a%20%222020%22%7d&quot"/>
</include>

<!--
<include content="sessionone">
<param name="seesionone" value="508"/>
<param name="labelname" value="ית של רייבן"/>
<param name="network" value="[COLOR red](UNKNOWN)[/COLOR]"/>
<param name="baseepisodidcontent" value=""/>
</include>

<include content="sessiontwo">
<param name="sessiontwo" value="509"/>
<param name="labelname" value="הבית של רייבן"/>
<param name="network" value="[COLOR red](UNKNOWN)[/COLOR]"/>
<param name="baseepisodidcontent" value=""/>
</include>

<include content="sessionthree">
<param name="sessionthree" value="510"/>
<param name="labelname" value="הבית של רייבן"/>
<param name="network" value="[COLOR red](NETFLIX)[/COLOR]"/>
<param name="baseepisodidcontent" value=""/>
</include>
-->


</controls>
</window>
