<?xml version="1.0" encoding="UTF-8"?>
<!-- Foundation -->
<window id="6719" type="dialog">
    <defaultcontrol always="true">2164</defaultcontrol>
    	<onload>ClearProperty(quicknavsetup,home)</onload>
	<onunload>ClearProperty(quicknavsetup,home)</onunload>	

  <controls>

<control type="image">
<posx>0</posx>
<posy>0</posy>
<width>1920</width>
<height>1080</height>
<texture colordiffuse="black">white.png</texture>
</control>

<include content="thirddesignmovies">
<param name="compareextrasid" value="4"/>
<param name="id" value="4"/>
<param name="onup" value="94"/>
<param name="content" value="plugin://plugin.video.telemedia/?data=-1001391880148&amp;dates=%20&amp;description=%d7%90%d7%a1%d7%a7%d7%99%d7%9e%d7%95%20%d7%9c%d7%99%d7%9e%d7%95%d7%9f%208%20-%20%d7%91%d7%9c%d7%95%d7%96%20%d7%9c%d7%a7%d7%99%d7%a5%20-%201988-%20%d7%a1%d7%a8%d7%98%20%d7%99%d7%a9%d7%a8%d7%90%d7%9c%d7%99%0afrom_plot&amp;eng_name=%20&amp;episode=%20&amp;fanart&amp;fav_status=false&amp;heb_name=%20&amp;iconimage&amp;id=%20&amp;image_master&amp;isr=0&amp;last_id&amp;mode=31&amp;name=%5bCOLOR%20khaki%5d%d7%9e%d7%9b%d7%a8%d7%94%20%d7%a1%d7%a8%d7%98%d7%99%d7%9d%2016%5b%2fCOLOR%5d&amp;original_title=%20&amp;season=%20&amp;show_original_year=%20&amp;tmdbid=%20&amp;url=-1001391880148&quot%5bCOLOR%20khaki%5d%d7%9e%d7%9b%d7%a8%d7%94%20%d7%a1%d7%a8%d7%98%d7%99%d7%9d%2013%5b%2fCOLOR%5d&amp;original_title=%20&amp;season=%20&amp;show_original_year=%20&amp;tmdbid=%20&amp;url=-1001266073501&quot"/>
</include>

<include content="thirddesignmovies">
<param name="compareextrasid" value="5"/>
<param name="id" value="5"/>
<param name="onup" value="95"/>
<param name="content" value="plugin://plugin.video.telemedia/?data=-1001238308275&amp;dates=%20&amp;description=%0afrom_plot&amp;eng_name=%20&amp;episode=%20&amp;fanart&amp;fav_status=false&amp;heb_name=%20&amp;iconimage&amp;id=%20&amp;image_master&amp;isr=0&amp;last_id&amp;mode=31&amp;name=%5bCOLOR%20khaki%5d%d7%9e%d7%9b%d7%a8%d7%94%20%d7%a1%d7%a8%d7%98%d7%99%d7%9d%2017%5b%2fCOLOR%5d&amp;original_title=%20&amp;season=%20&amp;show_original_year=%20&amp;tmdbid=%20&amp;url=-1001238308275&quot"/>
</include>

<include content="thirddesignmovies">
<param name="compareextrasid" value="6"/>
<param name="id" value="6"/>
<param name="onup" value="96"/>
<param name="content" value="plugin://plugin.video.telemedia/?data=-1001427387282&amp;dates=%20&amp;description=%0afrom_plot&amp;eng_name=%20&amp;episode=%20&amp;fanart&amp;fav_status=false&amp;heb_name=%20&amp;iconimage&amp;id=%20&amp;image_master&amp;isr=0&amp;last_id&amp;mode=31&amp;name=%5bCOLOR%20khaki%5d%d7%9e%d7%9b%d7%a8%d7%94%20%d7%a1%d7%a8%d7%98%d7%99%d7%9d%2018%5b%2fCOLOR%5d&amp;original_title=%20&amp;season=%20&amp;show_original_year=%20&amp;tmdbid=%20&amp;url=-1001427387282&quot"/>
</include>		
		
		
				<control type="grouplist" id="2164">
				<posx>25</posx>
				<posy>230</posy>
				<width>800</width>
				<height>100</height>
				<itemgap>0</itemgap>
				<orientation>horizontal</orientation>
					<control type="button" id="94">
					<label>סרטים 1</label>
					<texturefocus colordiffuse="white" border="8,8,8,8">special://skin/extras/views/default_button_fo.png</texturefocus>
					<width>209</width>
					<height>56</height>
					<align>center</align>
					<font>Font-Header-Bold-addline</font>
					<textcolor>FF999999</textcolor>
					<focusedcolor>FFFFFFFF</focusedcolor>
					<textoffsetx>5</textoffsetx>
					<radioposx>5</radioposx>
					<radiowidth>32</radiowidth>
					<radioheight>32</radioheight>
					<ondown>4</ondown>
					<onclick>setfocus(4)</onclick>
					<onfocus>Skin.SetString(Section,4)</onfocus>
				</control>
					<control type="button" id="95">
					<label>סרטים 2</label>
					<texturefocus colordiffuse="white" border="8,8,8,8">special://skin/extras/views/default_button_fo.png</texturefocus>
					<width>209</width>
					<height>56</height>
					<align>center</align>
					<font>Font-Header-Bold-addline</font>
					<textcolor>FF999999</textcolor>
					<focusedcolor>FFFFFFFF</focusedcolor>
					<textoffsetx>5</textoffsetx>
					<radioposx>5</radioposx>
					<radiowidth>32</radiowidth>
					<radioheight>32</radioheight>
					<ondown>5</ondown>
					<onclick>setfocus(5)</onclick>
					<onfocus>Skin.SetString(Section,5)</onfocus>
				</control>
					<control type="button" id="96">
					<label>סרטים 3</label>
					<texturefocus colordiffuse="white" border="8,8,8,8">special://skin/extras/views/default_button_fo.png</texturefocus>
					<width>209</width>
					<height>56</height>
					<align>center</align>
					<font>Font-Header-Bold-addline</font>
					<textcolor>FF999999</textcolor>
					<focusedcolor>FFFFFFFF</focusedcolor>
					<textoffsetx>5</textoffsetx>
					<radioposx>5</radioposx>
					<radiowidth>32</radiowidth>
					<radioheight>32</radioheight>
					<ondown>6</ondown>
					<onclick>setfocus(6)</onclick>
					<onfocus>Skin.SetString(Section,6)</onfocus>
				</control>
				</control>
				
		
		
   </controls>
</window>
