<?xml version="1.0" encoding="UTF-8"?>
<!-- Foundation -->
<window id="6674" type="dialog">
    <defaultcontrol always="true">2164</defaultcontrol>
    	<onload>ClearProperty(quicknavsetup,home)</onload>
		<onload>Dialog.Close(6671)</onload>
		<onload>Dialog.Close(6675)</onload>
		<onunload>ClearProperty(quicknavsetup,home)</onunload>

<controls>

<control type="image">
<posx>0</posx>
<posy>0</posy>
<width>1920</width>
<height>1080</height>
<texture>black.png</texture>
</control>

<!--מכרה סרטים 18-->
<include content="extramovieswidgets">
<param name="widgetposx" value="255" />
<param name="widgetposy" value="535" />
<param name="focusposx" value="255" />
<param name="focusposy" value="550" />
<param name="stringid" value="4" />
<param name="compareid" value="4" />
<param name="stringondown" value="5" />
<param name="infoidfocus" value="Control.IsVisible(4) | Control.HasFocus(4)" />
<param name="infoidnofocus" value="!Control.HasFocus(5)" />
<param name="contentdateadded" value="dateadded" />
<param name="contentdescending" value="descending" />
<param name="content" value="plugin://plugin.video.FlashTV/?cat_level=%20&amp;count=0&amp;description=%20&amp;fanart&amp;iconimage=https%3a%2f%2fi.imgur.com%2fYZ5lAQV.png&amp;index_depth=0&amp;lang=eng&amp;mode=5&amp;name=%d7%a1%d7%a8%d7%98%d7%99%d7%9d-HD&amp;page&amp;selected_list=%20&amp;url=%d7%a1%d7%a8%d7%98%d7%99%d7%9d%d7%a1%d7%a8%d7%98%d7%99%d7%9d-HD&quot" />
</include>

<!--סרטים קומדיה-->
<include content="extramovieswidgets">
<param name="widgetposx" value="255" />
<param name="widgetposy" value="825" />
<param name="focusposx" value="255" />
<param name="focusposy" value="840" />
<param name="stringid" value="5" />
<param name="compareid" value="4" />
<param name="stringonup" value="4" />
<param name="infoidfocus" value="Control.HasFocus(5)" />
<param name="infoidnofocus" value="!Control.HasFocus(4)" />
<param name="contentdateadded" value="dateadded" />
<param name="contentdescending" value="descending" />
<param name="content" value="plugin://plugin.video.CHICCO/?cat_level=%20&amp;count=0&amp;description&amp;fanart=http%3a%2f%2fsf.co.ua%2f12%2f09%2fwallpaper-2230830.jpg&amp;iconimage=http%3a%2f%2fngarba.xyz%2fadds%2fyos%2f16.jpg&amp;index_depth=0&amp;lang=%20&amp;mode=18&amp;name=%5bB%5d%5bCOLOR%20burlywood%5d-%d7%90%d7%97%d7%a8%d7%95%d7%a0%d7%99%d7%9d%20%5b%2fCOLOR%5d%5b%2fB%5d%5bB%5d%5bCOLOR%20aqua%5d%d7%a1%d7%a8%d7%98%d7%99%d7%9d-%20%5b%2fCOLOR%5d%5b%2fB%5d&amp;page&amp;selected_list=%20&amp;url=movie&quot" />
</include>



<!--סרטים רןמנטיים-->
<include content="extramovieswidgets">
<param name="widgetposx" value="255" />
<param name="widgetposy" value="535" />
<param name="focusposx" value="255" />
<param name="focusposy" value="550" />
<param name="stringid" value="6" />
<param name="compareid" value="5" />
<param name="stringondown" value="7" />
<param name="infoidfocus" value="Control.IsVisible(6) | Control.HasFocus(6)" />
<param name="infoidnofocus" value="!Control.HasFocus(7)" />
<param name="contentdateadded" value="dateadded" />
<param name="contentdescending" value="descending" />
<param name="content" value="plugin://plugin.video.CHICCO/?cat_level=%20&amp;count=0&amp;description=%20&amp;fanart=https%3a%2f%2fi1.wp.com%2fwww.thenerddaily.com%2fwp-content%2fuploads%2f2019%2f12%2f2020-Movie-Releases.jpg%3fresize%3d768%252C570%26ssl%3d1&amp;iconimage=https%3a%2f%2fi1.wp.com%2fwww.thenerddaily.com%2fwp-content%2fuploads%2f2019%2f12%2f2020-Movie-Releases.jpg%3fresize%3d768%252C570%26ssl%3d1&amp;index_depth=0&amp;lang=eng&amp;mode=5&amp;name=2020&amp;page&amp;selected_list=%20&amp;url=%d7%a1%d7%a8%d7%98%d7%99%d7%9d%d7%a1%d7%a8%d7%98%d7%99%d7%9d%20%d7%9e%d7%97%d7%95%d7%9c%20%d7%a2%d7%9d%20%d7%aa%d7%a8%d7%92%d7%95%d7%9d%20%d7%9e%d7%95%d7%91%d7%a0%d7%942020&quot" />
</include>

<!--מדע בדיוני-->
<include content="extramovieswidgets">
<param name="widgetposx" value="255" />
<param name="widgetposy" value="825" />
<param name="focusposx" value="255" />
<param name="focusposy" value="840" />
<param name="stringid" value="7" />
<param name="compareid" value="5" />
<param name="stringonup" value="6" />
<param name="infoidfocus" value="Control.HasFocus(7)" />
<param name="infoidnofocus" value="!Control.HasFocus(6)" />
<param name="contentdateadded" value="dateadded" />
<param name="contentdescending" value="descending" />
<param name="content" value="plugin://plugin.video.CHICCO/?cat_level=%20&amp;count=0&amp;description=%20&amp;fanart=https%3a%2f%2f3.bp.blogspot.com%2f-mWI1YCokjGk%2fWywIK00sV2I%2fAAAAAAAAH0I%2fIlLV2RDE94kRWHyqjxZfwd5_c0_DRpEkgCLcBGAs%2fs1600%2fmovie%252Bposters%252B2018.jpeg&amp;iconimage=https%3a%2f%2f3.bp.blogspot.com%2f-mWI1YCokjGk%2fWywIK00sV2I%2fAAAAAAAAH0I%2fIlLV2RDE94kRWHyqjxZfwd5_c0_DRpEkgCLcBGAs%2fs1600%2fmovie%252Bposters%252B2018.jpeg&amp;index_depth=0&amp;lang=eng&amp;mode=5&amp;name=2019&amp;page&amp;selected_list=%20&amp;url=%d7%a1%d7%a8%d7%98%d7%99%d7%9d%d7%a1%d7%a8%d7%98%d7%99%d7%9d%20%d7%9e%d7%97%d7%95%d7%9c%20%d7%a2%d7%9d%20%d7%aa%d7%a8%d7%92%d7%95%d7%9d%20%d7%9e%d7%95%d7%91%d7%a0%d7%942019&quot" />
</include>


<!--movies 13-->
<include content="extramovieswidgets">
<param name="widgetposx" value="255" />
<param name="widgetposy" value="535" />
<param name="focusposx" value="255" />
<param name="focusposy" value="550" />
<param name="stringid" value="8" />
<param name="compareid" value="6" />
<param name="stringondown" value="9" />
<param name="infoidfocus" value="Control.IsVisible(8) | Control.HasFocus(8)" />
<param name="infoidnofocus" value="!Control.HasFocus(9)" />
<param name="content" value="plugin://plugin.video.telemedia/?data=-1001402567607&amp;dates=%20&amp;description=%0afrom_plot&amp;eng_name=%20&amp;episode=%20&amp;fanart&amp;fav_status=false&amp;heb_name=%20&amp;iconimage&amp;id=%20&amp;image_master&amp;isr=0&amp;last_id&amp;mode=31&amp;name=%5bCOLOR%20khaki%5d%d7%a2%d7%a8%d7%95%d7%a5%20%d7%a1%d7%a8%d7%98%d7%99%20%d7%98%d7%91%d7%a2%20%d7%95%d7%93%d7%95%d7%a7%d7%95%5b%2fCOLOR%5d&amp;original_title=%20&amp;season=%20&amp;show_original_year=%20&amp;tmdbid=%20&amp;url=-1001402567607&quot" />
</include>

<!--movies 14-->
<include content="extramovieswidgets">
<param name="widgetposx" value="255" />
<param name="widgetposy" value="825" />
<param name="focusposx" value="255" />
<param name="focusposy" value="840" />
<param name="stringid" value="9" />
<param name="compareid" value="6" />
<param name="stringonup" value="8" />
<param name="infoidfocus" value="Control.HasFocus(9)" />
<param name="infoidnofocus" value="!Control.HasFocus(8)" />
<param name="contentdateadded" value="dateadded" />
<param name="contentdescending" value="descending" />
<param name="content" value="plugin://plugin.video.FlashTV/?cat_level=%20&amp;count=0&amp;description=%d7%93%d7%95%d7%a7%d7%95%d7%9e%d7%a0%d7%98%d7%a8%d7%99&amp;fanart=https%3a%2f%2fwww.planwallpaper.com%2fstatic%2fimages%2f2015-wallpaper_111525594_269.jpg&amp;iconimage=http%3a%2f%2fwww.hdiphone6wallpapers.net%2fiphone-6-backgrounds%2fiphone-6-wallpapers-1%2fiphone-6-wallpapers-hd-722bq7l7-1080x1920.jpg&amp;index_depth=0&amp;lang=eng&amp;mode=12&amp;name=%d7%93%d7%95%d7%a7%d7%95%d7%9e%d7%a0%d7%98%d7%a8%d7%99&amp;page&amp;selected_list=%20&amp;url=www&quot" />
</include>


		<control type="grouplist" id="2164">
			<posx>10</posx>
			<top>450</top>
			<width>1900</width>
			<height>726</height>
			<itemgap>35</itemgap>
			<onup>2164</onup>
			<ondown>2164</ondown>
			<orientation>vertical</orientation>

			<!-- General -->
					<control type="button" id="94">
					<label>סרטים אחרונים</label>
					<texturefocus colordiffuse="white" border="8,8,8,8">special://skin/extras/views/default_button_fo.png</texturefocus>
					<width>209</width>
					<height>56</height>
					<align>center</align>
					<font>Font-Header-Bold-addline</font>
					<textcolor>FF999999</textcolor>
					<focusedcolor>FFFFFFFF</focusedcolor>
					<textoffsetx>5</textoffsetx>
					<radioposx>5</radioposx>
					<radiowidth>32</radiowidth>
					<radioheight>32</radioheight>
					<onup>4</onup>
					<onright>4</onright>
					<onclick>setfocus(4)</onclick>
					<onfocus>Skin.SetString(Section,4)</onfocus>
				</control>
			<control type="button" id="95">
					<label>HD סרטים</label>
					<texturefocus colordiffuse="white" border="8,8,8,8">special://skin/extras/views/default_button_fo.png</texturefocus>
					<width>209</width>
					<height>56</height>
					<align>center</align>
					<font>Font-Header-Bold-addline</font>
					<textcolor>FF999999</textcolor>
					<focusedcolor>FFFFFFFF</focusedcolor>
					<textoffsetx>5</textoffsetx>
					<radioposx>5</radioposx>
					<radiowidth>32</radiowidth>
					<radioheight>32</radioheight>
					<onup>5</onup>
					<onright>6</onright>
					<onclick>setfocus(6)</onclick>
					<onfocus>Skin.SetString(Section,5)</onfocus>
				</control>
				<control type="button" id="96">
					<label>טבע ודוקו</label>
					<texturefocus colordiffuse="white" border="8,8,8,8">special://skin/extras/views/default_button_fo.png</texturefocus>
					<width>209</width>
					<height>56</height>
					<align>center</align>
					<font>Font-Header-Bold-addline</font>
					<textcolor>FF999999</textcolor>
					<focusedcolor>FFFFFFFF</focusedcolor>
					<textoffsetx>5</textoffsetx>
					<radioposx>5</radioposx>
					<radiowidth>32</radiowidth>
					<radioheight>32</radioheight>
					<onup>5</onup>
					<onright>8</onright>
					<onclick>setfocus(8)</onclick>
					<onfocus>Skin.SetString(Section,6)</onfocus>
				</control>
		</control>

</controls>
</window>
