<?xml version="1.0" encoding="UTF-8"?>
<!-- Foundation -->
<window id="6694" type="dialog">
    <defaultcontrol always="true">5</defaultcontrol>
    	<onload>ClearProperty(quicknavsetup,home)</onload>
	<onunload>ClearProperty(quicknavsetup,home)</onunload>	

  <controls>

<control type="image">
<posx>0</posx>
<posy>0</posy>
<width>1920</width>
<height>1080</height>
<texture colordiffuse="black">white.png</texture>
</control>

<control type="group">



				<control type="multiimage">
				<animation condition="Window.IsActive(DialogVideoInfo.xml)" effect="fade" start="100" end="0" time="150">Conditional</animation>
				<description>Fanart</description>
				<posx>0</posx>
				<posy>0</posy>
				<width>1920</width>
				<height>1080</height>
				<aspectratio>scale</aspectratio>
				<imagepath background="true">$INFO[Container(5).ListItem.Art(fanart)]</imagepath>
				<timeperimage>5000</timeperimage>
				<randomize>true</randomize>
				<fadetime>650</fadetime>
				<animation effect="fade" start="100" end="70" time="300" condition="true">Conditional</animation>
				<visible>!Player.HasVideo</visible>
			</control>

				<control type="image">
				<left>0</left>
				<top>400</top>
				<width>1920</width>
				<height>680</height>
				<texture background="true">views\showcase_floor.png</texture>
			</control>
			<control type="group">
			<animation condition="Window.IsActive(DialogVideoInfo.xml)" effect="slide" tween="cubic" easing="inout" start="0,0" end="0,1400" time="850">Conditional</animation>
					<control type="image">
					<description>background image</description>
					<left>0</left>
					<top>200</top>
					<width>1920</width>
					<height>380</height>
					<texture border="40" colordiffuse="$INFO[Window(home).Property(ImageColor)]">special://skin/extras/common/roundedbutton-nofocus.png</texture>
				</control>
				<control type="group">
				<posy>280</posy>
				<control type="label">
					<posx>1880</posx>
					<posy>-70</posy>
					<width>1400</width>
					<height>100</height>
					<font>font-21-power</font>
					<textcolor>white</textcolor>
					<align>right</align>
					<label>$INFO[Container(5).ListItem.Label]</label>
					<wrapmultiline>false</wrapmultiline>	
				</control>

				<control type="label">
					<description>Plot Title</description>
					<posx>1880</posx>
					<posy>45</posy>
					<width>1000</width>
					<height>40</height>
					<align>right</align>
					<textcolor>gray</textcolor>
					<label>$INFO[Container(5).ListItem.Genre][CR]$INFO[Container(5).ListItem.Year]</label>
				</control>
				<control type="textbox">
					<description>Plot Title</description>
					<posx>880</posx>
					<posy>120</posy>
					<width>1000</width>
					<height>150</height>
					
					<align>right</align>
					<textcolor>white</textcolor>
					<label>$INFO[Container(5).ListItem.Plot]</label>
					<autoscroll time="2500" fade="2500" repeat="4000">Control.HasFocus(5)</autoscroll>
				</control>
				</control>
				<control type="image">
				<description>Fanart</description>
				<animation condition="control.hasfocus(5)" effect="rotate" center="auto" start="0" end="-360" time="50000" pulse="true">Conditional</animation>
				<posx>130</posx>
				<posy>265</posy>
				<width>250</width>
				<height>250</height>
				<texture diffuse="special://skin/extras/cdart-mask.png" background="true">$INFO[Container(5).ListItem.Thumb]</texture>
				<visible>!Player.HasVideo</visible>
			</control>
	</control>
		 <control type="wraplist" id="5">
		<left>0</left>
		<top>540</top>
		<width>1910</width>
		<height>525</height>
		<onleft>53</onleft>
		<onright>53</onright>
		<onup>6</onup>
		<ondown>72</ondown>
		<pagecontrol>72</pagecontrol>
		<scrolltime tween="sine" easing="out">450</scrolltime>
		<focusposition>0</focusposition>
		<orientation>horizontal</orientation>
		<preloaditems>2</preloaditems>
		<itemlayout height="525" width="294">
			<control type="group">

				<top>30</top>
				<animation effect="fade" time="0" delay="800">Visible</animation>
				<control type="group">
					<control type="image">
						<texture background="true">thumbs/boxes/back_sets.png</texture>
						<left>-55</left>
						<top>-20</top>
						<width>380</width>
						<height>469</height>
						<bordersize>20</bordersize>
					</control>
					<control type="image">
						<texture background="true" fallback="DefaultVideo.png">$INFO[ListItem.Thumb]</texture>
						<left>0</left>
						<top>-10</top>
						<width>300</width>
						<height>424</height>
						<align>center</align>
						<aspectratio scalediffuse="false">scale</aspectratio>
						<bordertexture border="20">thumbs/thumb_shadow_aa.png</bordertexture>
						<bordersize>20</bordersize>
					</control>
					<control type="group">
					
						<left>0</left>
						<top>22</top>
					</control>
					<control type="image">
						<texture background="true" flipy="true" diffuse="thumbs/thumb_diffuse.png" fallback="DefaultVideo.png">$INFO[ListItem.Thumb]</texture>
								<aspectratio scalediffuse="false" aligny="top">stretch</aspectratio>
								<left>15</left>
								<top>420</top>
								<width>270</width>
								<height>406</height>
								<colordiffuse>d1FFFFFF</colordiffuse>
					</control>
					<control type="image">
						<texture background="true" flipy="true" diffuse="thumbs/thumb_diffuse.png">thumbs/boxes/sets.png</texture>
								<aspectratio scalediffuse="false" aligny="top">stretch</aspectratio>
								<left>15</left>
								<top>420</top>
								<width>270</width>
								<height>406</height>
								<colordiffuse>d1FFFFFF</colordiffuse>
					</control>
				</control>
				</control>
		</itemlayout>
		<focusedlayout height="525" width="294">
			<control type="group">
				<top>30</top>
				<animation effect="fade" time="0" delay="800">Visible</animation>
				<control type="group">
					<control type="image">
						<texture background="true">thumbs/boxes/back_sets.png</texture>
						<left>-55</left>
						<top>-20</top>
						<width>380</width>
						<height>469</height>
						<bordersize>20</bordersize>
					</control>
					<control type="image">
						<texture background="true" fallback="DefaultVideo.png">$INFO[ListItem.Thumb]</texture>
						<left>0</left>
						<top>-10</top>
						<width>300</width>
						<height>424</height>
						<align>center</align>
						<aspectratio scalediffuse="false">scale</aspectratio>
						<bordertexture border="20">thumbs/thumb_shadow_aa.png</bordertexture>
						<bordersize>20</bordersize>
					</control>
					<control type="group">
				
						<left>0</left>
						<top>22</top>
					</control>
					<control type="image">
						<texture background="true" flipy="true" diffuse="thumbs/thumb_diffuse.png" fallback="DefaultVideo.png">$INFO[ListItem.Thumb]</texture>
								<aspectratio scalediffuse="false" aligny="top">stretch</aspectratio>
								<left>15</left>
								<top>420</top>
								<width>270</width>
								<height>406</height>
								<colordiffuse>d1FFFFFF</colordiffuse>
					</control>
					<control type="image">
						<texture background="true" flipy="true" diffuse="thumbs/thumb_diffuse.png">thumbs/boxes/sets.png</texture>
								<aspectratio scalediffuse="false" aligny="top">stretch</aspectratio>
								<left>15</left>
								<top>420</top>
								<width>270</width>
								<height>406</height>
								<colordiffuse>d1FFFFFF</colordiffuse>
					</control>
					<control type="image">
					<animation effect="fade" time="450">VisibleChange</animation>
					<visible>control.hasfocus(5)</visible>
					<posx>45</posx>
					<posy>420</posy>
					<width>200</width>
					<height>15</height>
					<texture colrodiffuse="grey">white.png</texture>
					</control>
				</control>
			</control>
		</focusedlayout>
		<content sortby="dateadded" sortorder="descending">plugin://plugin.video.mando/?all_w=%7b%7d&amp;data=%20&amp;dates=%20&amp;description=vod4&amp;eng_name=%20&amp;episode=%20&amp;fanart=%20&amp;fav_status=false&amp;heb_name=%20&amp;iconimage=%20&amp;id=%20&amp;image_master&amp;isr=0&amp;last_id&amp;mode=117&amp;name=vod4&amp;original_title=%20&amp;season=%20&amp;show_original_year=%20&amp;tmdbid=%20&amp;url=moshep155%24%24%24%24%24%24%24%24%24%24%24vod4%5e%5e%5e%5e%5e%5e%5e%5emovie&amp;video_data=%7b%22rating%22%3a%20%220%22%2c%20%22episode%22%3a%200%2c%20%22title%22%3a%20%22vod4%22%2c%20%22season%22%3a%200%2c%20%22TVshowtitle%22%3a%20%22%22%2c%20%22mediatype%22%3a%20%22movie%22%2c%20%22poster%22%3a%20%22%20%22%2c%20%22plot%22%3a%20%22vod4%22%2c%20%22OriginalTitle%22%3a%20%22%20%22%2c%20%22Tag%22%3a%20%22116%22%2c%20%22tvshow%22%3a%20%22%22%7d&quot</content>
		</control>
			<!-- scroll -->

		</control>
				

		
   </controls>
</window>
