<?xml version="1.0" encoding="UTF-8"?>
<!-- RD -->
<window id="6697" type="dialog">
    <defaultcontrol always="true">194</defaultcontrol>
    	<onload>ClearProperty(quicknavsetup,home)</onload>
	<onunload>ClearProperty(quicknavsetup,home)</onunload>	

  <controls>

<control type="image">
<posx>0</posx>
<posy>0</posy>
<width>1920</width>
<height>1080</height>
<texture>special://skin/extras/specialbuttons/background.jpg</texture>
</control>





<include content="extrasmovies">
<param name="compareextrasid" value="4"/>
<param name="idlist" value="4"/>
<param name="buttonid" value="194"/>
<param name="contentdateadded" value="dateadded" />
<param name="contentdescending" value="descending" />
<param name="supercontent" value="plugin://plugin.video.mando/?all_w=%7b%7d&amp;data=%20&amp;dates=%20&amp;description=drama&amp;eng_name=%20&amp;episode=%20&amp;fanart=%20&amp;fav_status=false&amp;heb_name=%20&amp;iconimage=%20&amp;id=%20&amp;image_master&amp;isr=0&amp;last_id&amp;mode=117&amp;name=drama&amp;original_title=%20&amp;season=%20&amp;show_original_year=%20&amp;tmdbid=%20&amp;url=moshep155%24%24%24%24%24%24%24%24%24%24%24drama%5e%5e%5e%5e%5e%5e%5e%5emovie&amp;video_data=%7b%22rating%22%3a%20%220%22%2c%20%22episode%22%3a%200%2c%20%22title%22%3a%20%22drama%22%2c%20%22season%22%3a%200%2c%20%22TVshowtitle%22%3a%20%22%22%2c%20%22mediatype%22%3a%20%22movie%22%2c%20%22poster%22%3a%20%22%20%22%2c%20%22plot%22%3a%20%22drama%22%2c%20%22OriginalTitle%22%3a%20%22%20%22%2c%20%22Tag%22%3a%20%22116%22%2c%20%22tvshow%22%3a%20%22%22%7d&quot"/>
</include>


<include content="extrasmovies">
<param name="compareextrasid" value="5"/>
<param name="idlist" value="5"/>
<param name="buttonid" value="195"/>
<param name="contentdateadded" value="dateadded" />
<param name="contentdescending" value="descending" />
<param name="supercontent" value="plugin://plugin.video.mando/?all_w=%7b%7d&amp;data=%20&amp;dates=%20&amp;description=comedy&amp;eng_name=%20&amp;episode=%20&amp;fanart=%20&amp;fav_status=false&amp;heb_name=%20&amp;iconimage=%20&amp;id=%20&amp;image_master&amp;isr=0&amp;last_id&amp;mode=117&amp;name=comedy&amp;original_title=%20&amp;season=%20&amp;show_original_year=%20&amp;tmdbid=%20&amp;url=moshep155%24%24%24%24%24%24%24%24%24%24%24comedy%5e%5e%5e%5e%5e%5e%5e%5emovie&amp;video_data=%7b%22rating%22%3a%20%220%22%2c%20%22episode%22%3a%200%2c%20%22title%22%3a%20%22comedy%22%2c%20%22season%22%3a%200%2c%20%22TVshowtitle%22%3a%20%22%22%2c%20%22mediatype%22%3a%20%22movie%22%2c%20%22poster%22%3a%20%22%20%22%2c%20%22plot%22%3a%20%22comedy%22%2c%20%22OriginalTitle%22%3a%20%22%20%22%2c%20%22Tag%22%3a%20%22116%22%2c%20%22tvshow%22%3a%20%22%22%7d&quot"/>
</include>

<include content="extrasmovies">
<param name="compareextrasid" value="6"/>
<param name="idlist" value="6"/>
<param name="buttonid" value="196"/>
<param name="contentdateadded" value="dateadded" />
<param name="contentdescending" value="descending" />
<param name="supercontent" value="plugin://plugin.video.mando/?all_w=%7b%7d&amp;data=%20&amp;dates=%20&amp;description=family&amp;eng_name=%20&amp;episode=%20&amp;fanart=%20&amp;fav_status=false&amp;heb_name=%20&amp;iconimage=%20&amp;id=%20&amp;image_master&amp;isr=0&amp;last_id&amp;mode=117&amp;name=family&amp;original_title=%20&amp;season=%20&amp;show_original_year=%20&amp;tmdbid=%20&amp;url=moshep155%24%24%24%24%24%24%24%24%24%24%24family%5e%5e%5e%5e%5e%5e%5e%5emovie&amp;video_data=%7b%22rating%22%3a%20%220%22%2c%20%22episode%22%3a%200%2c%20%22title%22%3a%20%22family%22%2c%20%22season%22%3a%200%2c%20%22TVshowtitle%22%3a%20%22%22%2c%20%22mediatype%22%3a%20%22movie%22%2c%20%22poster%22%3a%20%22%20%22%2c%20%22plot%22%3a%20%22family%22%2c%20%22OriginalTitle%22%3a%20%22%20%22%2c%20%22Tag%22%3a%20%22116%22%2c%20%22tvshow%22%3a%20%22%22%7d&quot"/>
</include>

<include content="extrasmovies">
<param name="compareextrasid" value="7"/>
<param name="idlist" value="7"/>
<param name="buttonid" value="197"/>
<param name="contentdateadded" value="dateadded" />
<param name="contentdescending" value="descending" />
<param name="supercontent" value="plugin://plugin.video.mando/?all_w=%7b%7d&amp;data=%20&amp;dates=%20&amp;description=romany&amp;eng_name=%20&amp;episode=%20&amp;fanart=%20&amp;fav_status=false&amp;heb_name=%20&amp;iconimage=%20&amp;id=%20&amp;image_master&amp;isr=0&amp;last_id&amp;mode=117&amp;name=romany&amp;original_title=%20&amp;season=%20&amp;show_original_year=%20&amp;tmdbid=%20&amp;url=moshep155%24%24%24%24%24%24%24%24%24%24%24romany%5e%5e%5e%5e%5e%5e%5e%5emovie&amp;video_data=%7b%22rating%22%3a%20%220%22%2c%20%22episode%22%3a%200%2c%20%22title%22%3a%20%22romany%22%2c%20%22season%22%3a%200%2c%20%22TVshowtitle%22%3a%20%22%22%2c%20%22mediatype%22%3a%20%22movie%22%2c%20%22poster%22%3a%20%22%20%22%2c%20%22plot%22%3a%20%22romany%22%2c%20%22OriginalTitle%22%3a%20%22%20%22%2c%20%22Tag%22%3a%20%22116%22%2c%20%22tvshow%22%3a%20%22%22%7d&quot"/>
</include>

<include content="extrasmovies">
<param name="compareextrasid" value="8"/>
<param name="idlist" value="8"/>
<param name="buttonid" value="198"/>
<param name="contentdateadded" value="dateadded" />
<param name="contentdescending" value="descending" />
<param name="supercontent" value="plugin://plugin.video.mando/?all_w=%7b%7d&amp;data=%20&amp;dates=%20&amp;description=action&amp;eng_name=%20&amp;episode=%20&amp;fanart=%20&amp;fav_status=false&amp;heb_name=%20&amp;iconimage=%20&amp;id=%20&amp;image_master&amp;isr=0&amp;last_id&amp;mode=117&amp;name=action&amp;original_title=%20&amp;season=%20&amp;show_original_year=%20&amp;tmdbid=%20&amp;url=moshep155%24%24%24%24%24%24%24%24%24%24%24action%5e%5e%5e%5e%5e%5e%5e%5emovie&amp;video_data=%7b%22rating%22%3a%20%220%22%2c%20%22episode%22%3a%200%2c%20%22title%22%3a%20%22action%22%2c%20%22season%22%3a%200%2c%20%22TVshowtitle%22%3a%20%22%22%2c%20%22mediatype%22%3a%20%22movie%22%2c%20%22poster%22%3a%20%22%20%22%2c%20%22plot%22%3a%20%22action%22%2c%20%22OriginalTitle%22%3a%20%22%20%22%2c%20%22Tag%22%3a%20%22116%22%2c%20%22tvshow%22%3a%20%22%22%7d&quot"/>
</include>

					<control type="grouplist" id="2164">
					<posx>100</posx>
					<posy>890</posy>
					<width>1800</width>
					<height>300</height>
					<itemgap>-75</itemgap>
					<orientation>horizontal</orientation>
					<control type="button" id="194">
					<animation effect="zoom" center="auto" start="100,100" end="110,110" time="250">Focus</animation>
					<posx>-50</posx>
					<posy>890</posy>
					<texturefocus>special://skin/extras/specialbuttons/drama.png</texturefocus>
					<texturenofocus>special://skin/extras/specialbuttons/drama.png</texturenofocus>
					<width>409</width>
					<height>256</height>
					<onup>4</onup>
					<onfocus>Skin.SetString(Section,4)</onfocus>
				</control>	
					<control type="button" id="195">
					<animation effect="zoom" center="auto" start="100,100" end="110,110" time="250">Focus</animation>
					<posx>0</posx>
					<posy>0</posy>
					<texturefocus>special://skin/extras/specialbuttons/comedy.png</texturefocus>
					<texturenofocus>special://skin/extras/specialbuttons/comedy.png</texturenofocus>
					<width>409</width>
					<height>256</height>
					<onup>5</onup>
					<onfocus>Skin.SetString(Section,5)</onfocus>
				</control>				
					<control type="button" id="196">
					<animation effect="zoom" center="auto" start="100,100" end="110,110" time="250">Focus</animation>
					<posx>0</posx>
					<posy>0</posy>
					<texturefocus>special://skin/extras/specialbuttons/family.png</texturefocus>
					<texturenofocus>special://skin/extras/specialbuttons/family.png</texturenofocus>
					<width>409</width>
					<height>256</height>
					<onup>6</onup>
					<onfocus>Skin.SetString(Section,6)</onfocus>
				</control>	
					<control type="button" id="197">
					<animation effect="zoom" center="auto" start="100,100" end="110,110" time="250">Focus</animation>
					<posx>0</posx>
					<posy>0</posy>
					<texturefocus>special://skin/extras/specialbuttons/romanty.png</texturefocus>
					<texturenofocus>special://skin/extras/specialbuttons/romanty.png</texturenofocus>
					<width>409</width>
					<height>256</height>
					<onup>7</onup>
					<onfocus>Skin.SetString(Section,7)</onfocus>
				</control>		
				<control type="button" id="198">
					<animation effect="zoom" center="auto" start="100,100" end="110,110" time="250">Focus</animation>
					<posx>0</posx>
					<posy>0</posy>
					<texturefocus>special://skin/extras/specialbuttons/action.png</texturefocus>
					<texturenofocus>special://skin/extras/specialbuttons/action.png</texturenofocus>
					<width>409</width>
					<height>256</height>
					<onup>8</onup>
					<onfocus>Skin.SetString(Section,8)</onfocus>
				</control>	

				</control>				
		
   </controls>
</window>
