<?xml version="1.0" encoding="UTF-8"?>
<!-- Foundation -->
<window id="6573" type="dialog">
    <defaultcontrol always="true">2164</defaultcontrol>
    	<onload>ClearProperty(quicknavsetup,home)</onload>
		<onload>Dialog.Close(6671)</onload>
		<onload>Dialog.Close(6675)</onload>
		<onunload>ClearProperty(quicknavsetup,home)</onunload>

<controls>

<control type="group">
<animation type="WindowOpen">
<effect type="slide" start="-1000,0" end="0,0" time="250" delay="150" twen="sine" easing="inout"/>
</animation>
<animation type="WindowClose">
<effect type="slide" start="0,0" end="-2200,0" time="250" delay="150" twen="sine" easing="inout"/>
</animation>
<include content="widgetpower">
<param name="widtetid" value="4"/>
<param name="widgetidcompare" value="4"/>
<param name="widgetcontent" value="plugin://plugin.video.idanplus/?iconimage=https%253A%252F%252Fimg.mako.co.il%252F2019%252F01%252F17%252Fhadashot-collage-hd_b.jpg&amp;mode=3&amp;module=keshet&amp;moredata&amp;name=%5bCOLOR%20burlywood%5d%5bB%5d%d7%94%d7%9e%d7%94%d7%93%d7%95%d7%a8%d7%94%20%d7%94%d7%9e%d7%a8%d7%9b%d7%96%d7%99%d7%aa%5b%2fB%5d%5b%2fCOLOR%5d&amp;url=http%253A%252F%252Fwww.mako.co.il%252Fmako-vod-channel2-news%252Fmain-newscast&quot"/>
</include>
</control>


<control type="group">
<animation type="WindowOpen">
<effect type="slide" start="-1000,0" end="0,0" time="250" delay="150" twen="sine" easing="inout"/>
</animation>
<animation type="WindowClose">
<effect type="slide" start="0,0" end="-2200,0" time="250" delay="150" twen="sine" easing="inout"/>
</animation>
<include content="widgetpower">
<param name="widtetid" value="5"/>
<param name="widgetidcompare" value="5"/>
<param name="widgetcontent" value="plugin://plugin.video.idanplus/?iconimage=https%253A%252F%252Fimg.mako.co.il%252F2019%252F01%252F17%252Fhadashot-collage-hd_b.jpg&amp;mode=3&amp;module=keshet&amp;moredata&amp;name=%5bCOLOR%20burlywood%5d%5bB%5d%d7%90%d7%95%d7%9c%d7%a4%d7%9f%20%d7%a9%d7%99%d7%a9%d7%99%5b%2fB%5d%5b%2fCOLOR%5d&amp;url=http%253A%252F%252Fwww.mako.co.il%252Fmako-vod-channel2-news%252Fulpan-shishi&quot"/>
</include>
</control>

<control type="group">
<animation type="WindowOpen">
<effect type="slide" start="-1000,0" end="0,0" time="250" delay="150" twen="sine" easing="inout"/>
</animation>
<animation type="WindowClose">
<effect type="slide" start="0,0" end="-2200,0" time="250" delay="150" twen="sine" easing="inout"/>
</animation>
<include content="widgetpower">
<param name="widtetid" value="6"/>
<param name="widgetidcompare" value="6"/>
<param name="widgetcontent" value="plugin://plugin.video.idanplus/?iconimage=https%253A%252F%252Fimg.mako.co.il%252F2019%252F01%252F17%252Fhadashot-collage-hd_b.jpg&amp;mode=3&amp;module=keshet&amp;moredata&amp;name=%5bCOLOR%20burlywood%5d%5bB%5d%d7%aa%d7%9b%d7%a0%d7%99%d7%aa%20%d7%97%d7%99%d7%a1%d7%9b%d7%95%d7%9f%5b%2fB%5d%5b%2fCOLOR%5d&amp;url=http%253A%252F%252Fwww.mako.co.il%252Fmako-vod-channel2-news%252Feconomy&quot"/>
</include>
</control>

<control type="group">
<animation type="WindowOpen">
<effect type="slide" start="-1000,0" end="0,0" time="250" delay="150" twen="sine" easing="inout"/>
</animation>
<animation type="WindowClose">
<effect type="slide" start="0,0" end="-2200,0" time="250" delay="150" twen="sine" easing="inout"/>
</animation>
<include content="widgetpower">
<param name="widtetid" value="7"/>
<param name="widgetidcompare" value="7"/>
<param name="widgetcontent" value="plugin://plugin.video.idanplus/?iconimage=https%253A%252F%252Fimg.mako.co.il%252F2019%252F01%252F17%252Fhadashot-collage-hd_b.jpg&amp;mode=3&amp;module=keshet&amp;moredata&amp;name=%5bCOLOR%20burlywood%5d%5bB%5d%d7%97%d7%93%d7%a9%d7%95%d7%aa%20%d7%a1%d7%95%d7%a3%20%d7%94%d7%a9%d7%91%d7%95%d7%a2%5b%2fB%5d%5b%2fCOLOR%5d&amp;url=http%253A%252F%252Fwww.mako.co.il%252Fmako-vod-channel2-news%252Fweekend-news&quot"/>
</include>
</control>

<control type="group">
<animation type="WindowOpen">
<effect type="slide" start="-1000,0" end="0,0" time="250" delay="150" twen="sine" easing="inout"/>
</animation>
<animation type="WindowClose">
<effect type="slide" start="0,0" end="-2200,0" time="250" delay="150" twen="sine" easing="inout"/>
</animation>
<include content="widgetpower">
<param name="widtetid" value="8"/>
<param name="widgetidcompare" value="8"/>
<param name="widgetcontent" value="plugin://plugin.video.idanplus/?iconimage=https%253A%252F%252Fimg.mako.co.il%252F2019%252F01%252F17%252Fhadashot-collage-hd_b.jpg&amp;mode=3&amp;module=keshet&amp;moredata&amp;name=%5bCOLOR%20burlywood%5d%5bB%5d%d7%97%d7%9e%d7%a9%20%d7%a2%d7%9d%20%d7%a8%d7%a4%d7%99%20%d7%a8%d7%a9%d7%a3%5b%2fB%5d%5b%2fCOLOR%5d&amp;url=http%253A%252F%252Fwww.mako.co.il%252Fmako-vod-channel2-news%252Frafi_reshef&quot"/>
</include>
</control>

<control type="group">
<animation type="WindowOpen">
<effect type="slide" start="-1000,0" end="0,0" time="250" delay="150" twen="sine" easing="inout"/>
</animation>
<animation type="WindowClose">
<effect type="slide" start="0,0" end="-2200,0" time="250" delay="150" twen="sine" easing="inout"/>
</animation>
<include content="widgetpower">
<param name="widtetid" value="9"/>
<param name="widgetidcompare" value="9"/>
<param name="widgetcontent" value="plugin://plugin.video.idanplus/?iconimage=https%253A%252F%252Fimg.mako.co.il%252F2019%252F01%252F17%252Fhadashot-collage-hd_b.jpg&amp;mode=3&amp;module=keshet&amp;moredata&amp;name=%5bCOLOR%20burlywood%5d%5bB%5d%d7%a9%d7%a9%20%d7%a2%d7%9d%20%d7%a2%d7%95%d7%93%d7%93%20%d7%91%d7%9f%20%d7%a2%d7%9e%d7%99%5b%2fB%5d%5b%2fCOLOR%5d&amp;url=http%253A%252F%252Fwww.mako.co.il%252Fmako-vod-channel2-news%252Foded_ben_ami&quot"/>
</include>
</control>

<control type="group">
<animation type="WindowOpen">
<effect type="slide" start="-1000,0" end="0,0" time="250" delay="150" twen="sine" easing="inout"/>
</animation>
<animation type="WindowClose">
<effect type="slide" start="0,0" end="-2200,0" time="250" delay="150" twen="sine" easing="inout"/>
</animation>
<include content="widgetpower">
<param name="widtetid" value="10"/>
<param name="widgetidcompare" value="10"/>
<param name="widgetcontent" value="plugin://plugin.video.idanplus/?iconimage=https%253A%252F%252Fimg.mako.co.il%252F2019%252F01%252F17%252Fhadashot-collage-hd_b.jpg&amp;mode=3&amp;module=keshet&amp;moredata&amp;name=%5bCOLOR%20burlywood%5d%5bB%5d%d7%a4%d7%92%d7%95%d7%a9%20%d7%90%d7%aa%20%d7%94%d7%a2%d7%99%d7%aa%d7%95%d7%a0%d7%95%d7%aa%5b%2fB%5d%5b%2fCOLOR%5d&amp;url=http%253A%252F%252Fwww.mako.co.il%252Fmako-vod-channel2-news%252Fmeet_the_press&quot"/>
</include>
</control>

<control type="group">
<animation type="WindowOpen">
<effect type="slide" start="-1000,0" end="0,0" time="250" delay="150" twen="sine" easing="inout"/>
</animation>
<animation type="WindowClose">
<effect type="slide" start="0,0" end="-2200,0" time="250" delay="150" twen="sine" easing="inout"/>
</animation>
<include content="widgetpower">
<param name="widtetid" value="11"/>
<param name="widgetidcompare" value="11"/>
<param name="widgetcontent" value="plugin://plugin.video.idanplus/?iconimage=https%253A%252F%252Fimg.mako.co.il%252F2019%252F01%252F17%252Fhadashot-collage-hd_b.jpg&amp;mode=3&amp;module=keshet&amp;moredata&amp;name=%5bCOLOR%20burlywood%5d%5bB%5d%d7%93%d7%95%d7%a7%d7%95%20%d7%97%d7%93%d7%a9%d7%95%d7%aa%5b%2fB%5d%5b%2fCOLOR%5d&amp;url=http%253A%252F%252Fwww.mako.co.il%252Fmako-vod-channel2-news%252Fdoco&quot"/>
</include>
</control>

<control type="group">
<animation type="WindowOpen">
<effect type="slide" start="-1000,0" end="0,0" time="250" delay="150" twen="sine" easing="inout"/>
</animation>
<animation type="WindowClose">
<effect type="slide" start="0,0" end="-2200,0" time="250" delay="150" twen="sine" easing="inout"/>
</animation>
<include content="widgetpower">
<param name="widtetid" value="12"/>
<param name="widgetidcompare" value="12"/>
<param name="widgetcontent" value="plugin://plugin.video.idanplus/?iconimage=https%253A%252F%252Fimg.mako.co.il%252F2019%252F01%252F17%252Fhadashot-collage-hd_b.jpg&amp;mode=3&amp;module=keshet&amp;moredata&amp;name=%5bCOLOR%20burlywood%5d%5bB%5d%d7%9e%d7%94%d7%93%d7%95%d7%a8%d7%94%20%d7%a8%d7%90%d7%a9%d7%95%d7%a0%d7%94%5b%2fB%5d%5b%2fCOLOR%5d&amp;url=http%253A%252F%252Fwww.mako.co.il%252Fmako-vod-channel2-news%252Ffirst_edition&quot"/>
</include>
</control>

<control type="group">
<animation type="WindowOpen">
<effect type="slide" start="-1000,0" end="0,0" time="250" delay="150" twen="sine" easing="inout"/>
</animation>
<animation type="WindowClose">
<effect type="slide" start="0,0" end="-2200,0" time="250" delay="150" twen="sine" easing="inout"/>
</animation>
<include content="widgetpower">
<param name="widtetid" value="13"/>
<param name="widgetidcompare" value="13"/>
<param name="widgetcontent" value="plugin://plugin.video.idanplus/?iconimage=https%253A%252F%252Fimg.mako.co.il%252F2019%252F01%252F17%252Fhadashot-collage-hd_b.jpg&amp;mode=3&amp;module=keshet&amp;moredata&amp;name=%5bCOLOR%20burlywood%5d%5bB%5d%d7%94%d7%9e%d7%94%d7%93%d7%95%d7%a8%d7%94%20%d7%94%d7%9e%d7%95%d7%a7%d7%93%d7%9e%d7%aa%5b%2fB%5d%5b%2fCOLOR%5d&amp;url=http%253A%252F%252Fwww.mako.co.il&quot"/>
</include>
</control>

		<control type="grouplist" id="2164">
		<scrolltime tween="sine" easing="out">450</scrolltime>
			<animation type="WindowOpen">
			<effect type="slide" start="1000,0" end="0,0" tween="cubic" easing="out" time="350"/>
			</animation>
			<animation type="WindowClose">
			<effect type="slide" start="0,0" end="1000,0" tween="cubic" easing="inout" time="350"/>
			</animation>
			<posx>1655</posx>
			<top>400</top>
			<width>1900</width>
			<height>300</height>
			<itemgap>15</itemgap>
			<onup>2164</onup>
			<ondown>2164</ondown>
			<onright>Dialog.Close(6573)</onright>
			<onright>ActivateWindow(6680)</onright>
			<onback>Dialog.Close(6573)</onback>
			<onback>ActivateWindow(6680)</onback>
			<orientation>vertical</orientation>

			<!-- General -->
					<control type="button" id="94">
					<label>[B]המהדורה המרכזית[/B]</label>
					<texturefocus colordiffuse="red">white.png</texturefocus>
					 <texturenofocus colordiffuse="77000000">black.png</texturenofocus>
					<width>280</width>
					<height>60</height>
					<align>center</align>
					<textcolor>white</textcolor>
					<focusedcolor>white</focusedcolor>
					<textoffsetx>-25</textoffsetx>
					<radioposx>-20</radioposx>
					<radiowidth>152</radiowidth>
					<radioheight>32</radioheight>
					<onleft>4</onleft>
					<onclick>setfocus(4)</onclick>
					<onfocus>Skin.SetString(Section,4)</onfocus>
				</control>
					<control type="button" id="95">
					<label>[B]אולפן שישי[/B]</label>
					<texturefocus colordiffuse="red">white.png</texturefocus>
					 <texturenofocus colordiffuse="77000000">black.png</texturenofocus>
					<width>280</width>
					<height>60</height>
					<align>center</align>
					<textcolor>white</textcolor>
					<focusedcolor>white</focusedcolor>
					<textoffsetx>-25</textoffsetx>
					<radioposx>-20</radioposx>
					<radiowidth>152</radiowidth>
					<radioheight>32</radioheight>
					<onleft>5</onleft>
					<onclick>setfocus(5)</onclick>
					<onfocus>Skin.SetString(Section,5)</onfocus>
				</control>
				<control type="button" id="96">
					<label>[B]תכנית חיסכון[/B]</label>
					<texturefocus colordiffuse="red">white.png</texturefocus>
					 <texturenofocus colordiffuse="77000000">black.png</texturenofocus>
					<width>280</width>
					<height>60</height>
					<align>center</align>
					<textcolor>white</textcolor>
					<focusedcolor>white</focusedcolor>
					<textoffsetx>-25</textoffsetx>
					<radioposx>-20</radioposx>
					<radiowidth>152</radiowidth>
					<radioheight>32</radioheight>
					<onleft>6</onleft>
					<onclick>setfocus(6)</onclick>
					<onfocus>Skin.SetString(Section,6)</onfocus>
				</control>
				<control type="button" id="97">
					<label>[B]חדשות סוף השבוע[/B]</label>
					<texturefocus colordiffuse="red">white.png</texturefocus>
					 <texturenofocus colordiffuse="77000000">black.png</texturenofocus>
					<width>280</width>
					<height>60</height>
					<align>center</align>
					<textcolor>white</textcolor>
					<focusedcolor>white</focusedcolor>
					<textoffsetx>-25</textoffsetx>
					<radioposx>-20</radioposx>
					<radiowidth>152</radiowidth>
					<radioheight>32</radioheight>
					<onleft>7</onleft>
					<onclick>setfocus(7)</onclick>
					<onfocus>Skin.SetString(Section,7)</onfocus>
				</control>
				<control type="button" id="98">
					<label>[B]חמש עם רפי רשף[/B]</label>
					<texturefocus colordiffuse="red">white.png</texturefocus>
					 <texturenofocus colordiffuse="77000000">black.png</texturenofocus>
					<width>280</width>
					<height>60</height>
					<align>center</align>
					<textcolor>white</textcolor>
					<focusedcolor>white</focusedcolor>
					<textoffsetx>-25</textoffsetx>
					<radioposx>-20</radioposx>
					<radiowidth>152</radiowidth>
					<radioheight>32</radioheight>
					<onleft>8</onleft>
					<onclick>setfocus(8)</onclick>
					<onfocus>Skin.SetString(Section,8)</onfocus>
				</control>
				<control type="button" id="99">
					<label>[B]שש עם עודד בן עמי[/B]</label>
					<texturefocus colordiffuse="red">white.png</texturefocus>
					 <texturenofocus colordiffuse="77000000">black.png</texturenofocus>
					<width>280</width>
					<height>60</height>
					<align>center</align>
					<textcolor>white</textcolor>
					<focusedcolor>white</focusedcolor>
					<textoffsetx>-25</textoffsetx>
					<radioposx>-20</radioposx>
					<radiowidth>152</radiowidth>
					<radioheight>32</radioheight>
					<onleft>9</onleft>
					<onclick>setfocus(9)</onclick>
					<onfocus>Skin.SetString(Section,9)</onfocus>
				</control>
				<control type="button" id="100">
					<label>[B]פגוש את העיתונות[/B]</label>
					<texturefocus colordiffuse="red">white.png</texturefocus>
					 <texturenofocus colordiffuse="77000000">black.png</texturenofocus>
					<width>280</width>
					<height>60</height>
					<align>center</align>
					<textcolor>white</textcolor>
					<focusedcolor>white</focusedcolor>
					<textoffsetx>-25</textoffsetx>
					<radioposx>-20</radioposx>
					<radiowidth>152</radiowidth>
					<radioheight>32</radioheight>
					<onleft>10</onleft>
					<onclick>setfocus(10)</onclick>
					<onfocus>Skin.SetString(Section,10)</onfocus>
				</control>
				<control type="button" id="101">
					<label>[B]דוקו חדשות[/B]</label>
					<texturefocus colordiffuse="red">white.png</texturefocus>
					 <texturenofocus colordiffuse="77000000">black.png</texturenofocus>
					<width>280</width>
					<height>60</height>
					<align>center</align>
					<textcolor>white</textcolor>
					<focusedcolor>white</focusedcolor>
					<textoffsetx>-25</textoffsetx>
					<radioposx>-20</radioposx>
					<radiowidth>152</radiowidth>
					<radioheight>32</radioheight>
					<onleft>11</onleft>
					<onclick>setfocus(11)</onclick>
					<onfocus>Skin.SetString(Section,11)</onfocus>
				</control>
				<control type="button" id="102">
					<label>[B]מהדורה ראשונה[/B]</label>
					<texturefocus colordiffuse="red">white.png</texturefocus>
					 <texturenofocus colordiffuse="77000000">black.png</texturenofocus>
					<width>280</width>
					<height>60</height>
					<align>center</align>
					<textcolor>white</textcolor>
					<focusedcolor>white</focusedcolor>
					<textoffsetx>-25</textoffsetx>
					<radioposx>-20</radioposx>
					<radiowidth>152</radiowidth>
					<radioheight>32</radioheight>
					<onleft>12</onleft>
					<onclick>setfocus(12)</onclick>
					<onfocus>Skin.SetString(Section,12)</onfocus>
				</control>
				<control type="button" id="103">
					<label>[B]המהדורה המוקדמת[/B]</label>
					<texturefocus colordiffuse="red">white.png</texturefocus>
					 <texturenofocus colordiffuse="77000000">black.png</texturenofocus>
					<width>280</width>
					<height>60</height>
					<align>center</align>
					<textcolor>white</textcolor>
					<focusedcolor>white</focusedcolor>
					<textoffsetx>-25</textoffsetx>
					<radioposx>-20</radioposx>
					<radiowidth>152</radiowidth>
					<radioheight>32</radioheight>
					<onleft>13</onleft>
					<onclick>setfocus(13)</onclick>
					<onfocus>Skin.SetString(Section,13)</onfocus>
				</control>
		</control>
<include>ghostglobalnews</include>
</controls>
</window>
