<?xml version="1.0" encoding="UTF-8"?>
<!-- Foundation -->
<window id="6855" type="dialog">
    <defaultcontrol always="true">35</defaultcontrol>


<controls>

<control type="group">
<animation type="WindowOpen">
<effect type="slide" start="0,0" end="0,-1000" time="350" tween="sine" easing="inout"/>
</animation>
<posy>1730</posy>
<control type="image">
<posx>0</posx>
<posy>0</posy>
<width>1920</width>
<height>350</height>
<texture>black.png</texture>
<colordiffuse>77000000</colordiffuse>
</control>
<control type="image">
<posx>350</posx>
<posy>0</posy>
<width>1000</width>
<height>350</height>
<texture>black.png</texture>
</control>
<control type="image">
<posx>1740</posx>
<posy>0</posy>
<width>220</width>
<height>450</height>
<texture>black.png</texture>
</control>
<control type="group">
<posy>140</posy>
<control type="image">
<posx>1350</posx>
<posy>0</posy>
<width>65</width>
<height>65</height>
<aspectratio>keep</aspectratio>
<texture colordiffuse="deepskyblue">special://skin/extras/arrows/arrow-25-xxl.png</texture>
</control>
<control type="image">
<posx>280</posx>
<posy>0</posy>
<width>65</width>
<height>65</height>
<aspectratio>keep</aspectratio>
<texture flipx="true" colordiffuse="deepskyblue">special://skin/extras/arrows/arrow-25-xxl.png</texture>
</control>
</control>
<control type="image">
<posx>1820</posx>
<posy>0</posy>
<width>65</width>
<height>65</height>
<aspectratio>keep</aspectratio>
<texture colordiffuse="deepskyblue">special://skin/extras/arrows/arrowup.png</texture>
</control>
<control type="image">
<posx>1820</posx>
<posy>300</posy>
<width>65</width>
<height>65</height>
<aspectratio>keep</aspectratio>
<texture colordiffuse="deepskyblue">special://skin/extras/arrows/arrowdown.png</texture>
</control>
</control>

<control type="image">
<posx>1770</posx>
<posy>820</posy>
<width>150</width>
<height>40</height>
<texture>special://skin/extras/test/Ghost.jpg</texture>
</control>

<control type="group">
<posy>50</posy>
<include content="newtvshows">
<param name="baseid" value="5"/>
<param name="listid" value="35"/>
<param name="listidfocus" value="1"/>
<param name="sortby" value="dateadded"/>
<param name="sortorder" value="descending"/>
<param name="basecontent" value="plugin://plugin.audio.My.Music/?cat_level=%20&amp;count=0&amp;description=%20&amp;fanart&amp;iconimage&amp;index_depth=0&amp;lang=eng&amp;mode=5&amp;name=tvshowyesgo-comedy&amp;page&amp;selected_list=%20&amp;url=%d7%a1%d7%93%d7%a8%d7%95%d7%aatvshow-yesgotvshowyesgo-comedy&quot"/>
</include>

<!--<include content="newtvshows">
<param name="baseid" value="6"/>
<param name="listid" value="35"/>
<param name="listidfocus" value="2"/>
<param name="basecontent" value="plugin://plugin.audio.My.Music/?cat_level=%20&amp;count=0&amp;description=%20&amp;fanart&amp;iconimage&amp;index_depth=0&amp;lang=eng&amp;mode=5&amp;name=tvshows1&amp;page&amp;selected_list=%20&amp;url=tvshows1&quot"/>
</include>-->

<include content="baseepisods">
<param name="baseid" value="5"/>
<param name="labelname" value="אני עם קיילי"/>
<param name="baseeipisod" value="500"/>
<param name="networkname" value="NETFLIX"/>
<param name="networkcolor" value="red"/>
<param name="notvisible" value="![control.hasfocus(6) | Container(35).HasFocus(2)]"/>
<param name="baseepisodcontent" value="plugin://plugin.video.mando/?all_w=%7b%7d&amp;data=2020&amp;dates=%20&amp;description=%5bCOLOR%20aqua%5d%20%d7%a9%d7%95%d7%93%d7%a8%20%d7%91%d7%aa%d7%90%d7%a8%d7%99%d7%9a%2003-02-2020%5b%2fCOLOR%5d%0aAfter%20a%20brush%20with%20the%20law%2c%20teen%20celebrity%20Kaylie%20Konrad%20swaps%20social%20stardom%20for%20court-ordered%20chaos%20as%20a%20middle%20school%20wilderness%20club%20leader.&amp;eng_name=%20&amp;episode=%20&amp;fanart=https%3a%2f%2fimage.tmdb.org%2ft%2fp%2foriginal%2f%2f7ctMlY5kunum93nKo0HKlIRrgzc.jpg&amp;fav_status=false&amp;heb_name=%d7%90%d7%a0%d7%99%20%d7%a2%d7%9d%20%d7%a7%d7%99%d7%99%d7%9c%d7%99&amp;iconimage=https%3a%2f%2fimage.tmdb.org%2ft%2fp%2foriginal%2f%2fcwPcjWv3BJ0CbN88xVTbVdGwmIF.jpg&amp;id=93960&amp;image_master&amp;isr=0&amp;last_id&amp;mode=19&amp;name=%5bCOLOR%20white%5d%d7%a2%d7%95%d7%a0%d7%94%203%5b%2fCOLOR%5d&amp;original_title=Team%20Kaylie&amp;season=3&amp;show_original_year=2019&amp;tmdbid=None&amp;url=https%3a%2f%2fapi.themoviedb.org%2f3%2ftv%2f93960%3fapi_key%3d34142515d9d23817496eeb4ff1d223d0%26language%3den%26append_to_response%3dexternal_ids&amp;video_data=%7b%22rating%22%3a%20%220%22%2c%20%22episode%22%3a%200%2c%20%22title%22%3a%20%22%5bCOLOR%20white%5d%5cu05e2%5cu05d5%5cu05e0%5cu05d4%203%5b%2fCOLOR%5d%22%2c%20%22season%22%3a%200%2c%20%22TVshowtitle%22%3a%20%22%22%2c%20%22mediatype%22%3a%20%22movie%22%2c%20%22plot%22%3a%20%22%5bCOLOR%20aqua%5d%20%5cu05e9%5cu05d5%5cu05d3%5cu05e8%20%5cu05d1%5cu05ea%5cu05d0%5cu05e8%5cu05d9%5cu05da%2003-02-2020%5b%2fCOLOR%5d%5cnAfter%20a%20brush%20with%20the%20law%2c%20teen%20celebrity%20Kaylie%20Konrad%20swaps%20social%20stardom%20for%20court-ordered%20chaos%20as%20a%20middle%20school%20wilderness%20club%20leader.%22%2c%20%22OriginalTitle%22%3a%20%22Team%20Kaylie%22%2c%20%22Tag%22%3a%20%2216%22%2c%20%22year%22%3a%20%222020%22%7d&quot"/>
</include>


<include content="baseepisods">
<param name="baseid" value="5"/>
<param name="labelname" value="חמוץ מתוק"/>
<param name="baseeipisod" value="501"/>
<param name="networkname" value="UNKNOWN"/>
<param name="networkcolor" value="red"/>
<param name="notvisible" value="![control.hasfocus(6) | Container(35).HasFocus(2)]"/>
<param name="baseepisodcontent" value="plugin://plugin.video.mando/?all_w=%7b%7d&amp;data=2019&amp;dates=%20&amp;description=%5bCOLOR%20aqua%5d%20%d7%a9%d7%95%d7%93%d7%a8%20%d7%91%d7%aa%d7%90%d7%a8%d7%99%d7%9a%2027-09-2019%5b%2fCOLOR%5d%0aA%20%2790s-set%20single-camera%20comedy%20about%20a%20hip-hop-loving%20Asian%20kid%20growing%20up%20in%20suburban%20Orlando%2c%20being%20raised%20by%20an%20immigrant%20father%20obsessed%20with%20all%20things%20American%20and%20an%20immigrant%20mother%20often%20bewildered%20by%20white%20culture.&amp;eng_name=%20&amp;episode=%20&amp;fanart=https%3a%2f%2fimage.tmdb.org%2ft%2fp%2foriginal%2f%2fci3JFUT7kUvwMVKTXZMjfvfgbMZ.jpg&amp;fav_status=false&amp;heb_name=%d7%97%d7%9e%d7%95%d7%a5%20%d7%9e%d7%aa%d7%95%d7%a7&amp;iconimage=https%3a%2f%2fimage.tmdb.org%2ft%2fp%2foriginal%2f%2fpl9goLDKE5wG7JgMikAKimCmApx.jpg&amp;id=61692&amp;image_master&amp;isr=0&amp;last_id&amp;mode=19&amp;name=%5bCOLOR%20white%5d%d7%a2%d7%95%d7%a0%d7%94%206%5b%2fCOLOR%5d&amp;original_title=Fresh%20Off%20the%20Boat&amp;season=6&amp;show_original_year=2015&amp;tmdbid=281618&amp;url=https%3a%2f%2fapi.themoviedb.org%2f3%2ftv%2f61692%3fapi_key%3d34142515d9d23817496eeb4ff1d223d0%26language%3den%26append_to_response%3dexternal_ids&amp;video_data=%7b%22rating%22%3a%20%220%22%2c%20%22episode%22%3a%200%2c%20%22title%22%3a%20%22%5bCOLOR%20white%5d%5cu05e2%5cu05d5%5cu05e0%5cu05d4%206%5b%2fCOLOR%5d%22%2c%20%22season%22%3a%200%2c%20%22TVshowtitle%22%3a%20%22%22%2c%20%22mediatype%22%3a%20%22movie%22%2c%20%22plot%22%3a%20%22%5bCOLOR%20aqua%5d%20%5cu05e9%5cu05d5%5cu05d3%5cu05e8%20%5cu05d1%5cu05ea%5cu05d0%5cu05e8%5cu05d9%5cu05da%2027-09-2019%5b%2fCOLOR%5d%5cnA%20%2790s-set%20single-camera%20comedy%20about%20a%20hip-hop-loving%20Asian%20kid%20growing%20up%20in%20suburban%20Orlando%2c%20being%20raised%20by%20an%20immigrant%20father%20obsessed%20with%20all%20things%20American%20and%20an%20immigrant%20mother%20often%20bewildered%20by%20white%20culture.%22%2c%20%22OriginalTitle%22%3a%20%22Fresh%20Off%20the%20Boat%22%2c%20%22Tag%22%3a%20%2216%22%2c%20%22year%22%3a%20%222019%22%7d&quot"/>
</include>


<include content="baseepisods">
<param name="baseid" value="5"/>
<param name="labelname" value="מצחיקה בשחור"/>
<param name="baseeipisod" value="502"/>
<param name="networkname" value="UNKNOWN"/>
<param name="networkcolor" value="red"/>
<param name="notvisible" value="![control.hasfocus(6) | Container(35).HasFocus(2)]"/>
<param name="baseepisodcontent" value="plugin://plugin.video.shadow/?all_w=%7b%7d&amp;data=2019&amp;dates=%20&amp;description=%5bCOLOR%20aqua%5d%20Aired%20At%2002-08-2019%5b%2fCOLOR%5d%0aA%20narrative%20series%20set%20in%20a%20limitless%20magical%20reality%20full%20of%20dynamic%2c%20hilarious%20characters%20and%20celebrity%20guests%20presenting%20sketches%20performed%20by%20a%20core%20cast%20of%20black%20women.&amp;eng_name=%20&amp;episode=%20&amp;fanart=https%3a%2f%2fimage.tmdb.org%2ft%2fp%2foriginal%2f%2fzAMy5kbmY2PNbhLM1RZZmyGA4qg.jpg&amp;fav_status=false&amp;heb_name=%d7%9e%d7%a6%d7%97%d7%99%d7%a7%d7%94%20%d7%91%d7%a9%d7%97%d7%95%d7%a8&amp;iconimage=https%3a%2f%2fimage.tmdb.org%2ft%2fp%2foriginal%2f%2fegevVXUJ5FMlT7ZCKaW2kLbWlu1.jpg&amp;id=90877&amp;image_master&amp;isr=0&amp;last_id&amp;mode=19&amp;name=%5bCOLOR%20white%5dSeason%201%5b%2fCOLOR%5d&amp;original_title=A%20Black%20Lady%20Sketch%20Show&amp;season=1&amp;show_original_year=2019&amp;tmdbid=366433&amp;url=https%3a%2f%2fapi.themoviedb.org%2f3%2ftv%2f90877%3fapi_key%3d34142515d9d23817496eeb4ff1d223d0%26language%3den%26append_to_response%3dexternal_ids&amp;video_data=%7b%22rating%22%3a%20%220%22%2c%20%22episode%22%3a%200%2c%20%22title%22%3a%20%22%5bCOLOR%20white%5dSeason%201%5b%2fCOLOR%5d%22%2c%20%22season%22%3a%200%2c%20%22TVshowtitle%22%3a%20%22%22%2c%20%22mediatype%22%3a%20%22movie%22%2c%20%22plot%22%3a%20%22%5bCOLOR%20aqua%5d%20Aired%20At%2002-08-2019%5b%2fCOLOR%5d%5cnA%20narrative%20series%20set%20in%20a%20limitless%20magical%20reality%20full%20of%20dynamic%2c%20hilarious%20characters%20and%20celebrity%20guests%20presenting%20sketches%20performed%20by%20a%20core%20cast%20of%20black%20women.%22%2c%20%22OriginalTitle%22%3a%20%22A%20Black%20Lady%20Sketch%20Show%22%2c%20%22Tag%22%3a%20%2216%22%2c%20%22year%22%3a%20%222019%22%7d&quot"/>
</include>

<include content="baseepisods">
<param name="baseid" value="5"/>
<param name="labelname" value="היוניקורן"/>
<param name="baseeipisod" value="503"/>
<param name="networkname" value="Unknown"/>
<param name="networkcolor" value="red"/>
<param name="notvisible" value="![control.hasfocus(6) | Container(35).HasFocus(2)]"/>
<param name="baseepisodcontent" value="plugin://plugin.video.mando/?all_w=%7b%7d&amp;data=2019&amp;dates=%20&amp;description=%5bCOLOR%20aqua%5d%20%d7%a9%d7%95%d7%93%d7%a8%20%d7%91%d7%aa%d7%90%d7%a8%d7%99%d7%9a%2016-09-2019%5b%2fCOLOR%5d%0aA%20tight-knit%20group%20of%20best%20friends%20and%20family%20helps%20Wade%20embrace%20his%20%e2%80%9cnew%20normal%e2%80%9d%20in%20the%20wake%20of%20the%20loss%20of%20his%20wife.%20As%20a%20sometimes%20ill-equipped%20but%20always%20devoted%20single%20parent%20to%20his%20two%20adolescent%20daughters%2c%20he%20is%20taking%20the%20major%20step%20of%20dating%20again.&amp;eng_name=%20&amp;episode=%20&amp;fanart=https%3a%2f%2fimage.tmdb.org%2ft%2fp%2foriginal%2f%2fayIks9Q9q4kkreJoDnALYS5nC5G.jpg&amp;fav_status=false&amp;heb_name=%d7%94%d7%99%d7%95%d7%a0%d7%99%d7%a7%d7%95%d7%a8%d7%9f&amp;iconimage=https%3a%2f%2fimage.tmdb.org%2ft%2fp%2foriginal%2f%2fzJXs8eHEO90Djd4pLwOKFU3rvKl.jpg&amp;id=89611&amp;image_master&amp;isr=0&amp;last_id&amp;mode=19&amp;name=%5bCOLOR%20white%5d%d7%a2%d7%95%d7%a0%d7%94%201%5b%2fCOLOR%5d&amp;original_title=The%20Unicorn&amp;season=1&amp;show_original_year=2019&amp;tmdbid=361732&amp;url=https%3a%2f%2fapi.themoviedb.org%2f3%2ftv%2f89611%3fapi_key%3d34142515d9d23817496eeb4ff1d223d0%26language%3den%26append_to_response%3dexternal_ids&amp;video_data=%7b%22rating%22%3a%20%220%22%2c%20%22episode%22%3a%200%2c%20%22title%22%3a%20%22%5bCOLOR%20white%5d%5cu05e2%5cu05d5%5cu05e0%5cu05d4%201%5b%2fCOLOR%5d%22%2c%20%22season%22%3a%200%2c%20%22TVshowtitle%22%3a%20%22%22%2c%20%22mediatype%22%3a%20%22movie%22%2c%20%22plot%22%3a%20%22%5bCOLOR%20aqua%5d%20%5cu05e9%5cu05d5%5cu05d3%5cu05e8%20%5cu05d1%5cu05ea%5cu05d0%5cu05e8%5cu05d9%5cu05da%2016-09-2019%5b%2fCOLOR%5d%5cnA%20tight-knit%20group%20of%20best%20friends%20and%20family%20helps%20Wade%20embrace%20his%20%5cu201cnew%20normal%5cu201d%20in%20the%20wake%20of%20the%20loss%20of%20his%20wife.%20As%20a%20sometimes%20ill-equipped%20but%20always%20devoted%20single%20parent%20to%20his%20two%20adolescent%20daughters%2c%20he%20is%20taking%20the%20major%20step%20of%20dating%20again.%22%2c%20%22OriginalTitle%22%3a%20%22The%20Unicorn%22%2c%20%22Tag%22%3a%20%2216%22%2c%20%22year%22%3a%20%222019%22%7d&quot"/>
</include>

<include content="baseepisods">
<param name="baseid" value="5"/>
<param name="labelname" value="משפחה מודרנית"/>
<param name="baseeipisod" value="504"/>
<param name="networkname" value="Unknown"/>
<param name="networkcolor" value="red"/>
<param name="notvisible" value="![control.hasfocus(6) | Container(35).HasFocus(2)]"/>
<param name="baseepisodcontent" value="plugin://plugin.video.mando/?all_w=%7b%7d&amp;data=2019&amp;dates=%20&amp;description=%5bCOLOR%20aqua%5d%20%d7%a9%d7%95%d7%93%d7%a8%20%d7%91%d7%aa%d7%90%d7%a8%d7%99%d7%9a%2025-09-2019%5b%2fCOLOR%5d%0aThe%20Pritchett-Dunphy-Tucker%20clan%20is%20a%20wonderfully%20large%20and%20blended%20family.%20They%20give%20us%20an%20honest%20and%20often%20hilarious%20look%20into%20the%20sometimes%20warm%2c%20sometimes%20twisted%2c%20embrace%20of%20the%20modern%20family.&amp;eng_name=%20&amp;episode=%20&amp;fanart=https%3a%2f%2fimage.tmdb.org%2ft%2fp%2foriginal%2f%2fx4lxFIhhrDI4nWtV8osnYwbGESV.jpg&amp;fav_status=false&amp;heb_name=%d7%9e%d7%a9%d7%a4%d7%97%d7%94%20%d7%9e%d7%95%d7%93%d7%a8%d7%a0%d7%99%d7%aa&amp;iconimage=https%3a%2f%2fimage.tmdb.org%2ft%2fp%2foriginal%2f%2foTLdXCBZU3AgVZ3IPeoIV06omU9.jpg&amp;id=1421&amp;image_master&amp;isr=0&amp;last_id&amp;mode=19&amp;name=%5bCOLOR%20white%5d%d7%a2%d7%95%d7%a0%d7%94%2011%5b%2fCOLOR%5d&amp;original_title=Modern%20Family&amp;season=11&amp;show_original_year=2009&amp;tmdbid=95011&amp;url=https%3a%2f%2fapi.themoviedb.org%2f3%2ftv%2f1421%3fapi_key%3d34142515d9d23817496eeb4ff1d223d0%26language%3den%26append_to_response%3dexternal_ids&amp;video_data=%7b%22rating%22%3a%20%220%22%2c%20%22episode%22%3a%200%2c%20%22title%22%3a%20%22%5bCOLOR%20white%5d%5cu05e2%5cu05d5%5cu05e0%5cu05d4%2011%5b%2fCOLOR%5d%22%2c%20%22season%22%3a%200%2c%20%22TVshowtitle%22%3a%20%22%22%2c%20%22mediatype%22%3a%20%22movie%22%2c%20%22plot%22%3a%20%22%5bCOLOR%20aqua%5d%20%5cu05e9%5cu05d5%5cu05d3%5cu05e8%20%5cu05d1%5cu05ea%5cu05d0%5cu05e8%5cu05d9%5cu05da%2025-09-2019%5b%2fCOLOR%5d%5cnThe%20Pritchett-Dunphy-Tucker%20clan%20is%20a%20wonderfully%20large%20and%20blended%20family.%20They%20give%20us%20an%20honest%20and%20often%20hilarious%20look%20into%20the%20sometimes%20warm%2c%20sometimes%20twisted%2c%20embrace%20of%20the%20modern%20family.%22%2c%20%22OriginalTitle%22%3a%20%22Modern%20Family%22%2c%20%22Tag%22%3a%20%2216%22%2c%20%22year%22%3a%20%222019%22%7d&quot"/>
</include>

<include content="baseepisods">
<param name="baseid" value="5"/>
<param name="labelname" value="קאסל"/>
<param name="baseeipisod" value="505"/>
<param name="networkname" value="Unknown"/>
<param name="networkcolor" value="red"/>
<param name="notvisible" value="![control.hasfocus(6) | Container(35).HasFocus(2)]"/>
<param name="baseepisodcontent" value="plugin://plugin.video.mando/?all_w=%7b%7d&amp;data=2015&amp;dates=%20&amp;description=%5bCOLOR%20aqua%5d%20%d7%a9%d7%95%d7%93%d7%a8%20%d7%91%d7%aa%d7%90%d7%a8%d7%99%d7%9a%2021-09-2015%5b%2fCOLOR%5d%0aAfter%20a%20serial%20killer%20imitates%20the%20plots%20of%20his%20novels%2c%20successful%20mystery%20novelist%20Richard%20%22Rick%22%20Castle%20receives%20permission%20from%20the%20Mayor%20of%20New%20York%20City%20to%20tag%20along%20with%20an%20NYPD%20homicide%20investigation%20team%20for%20research%20purposes.&amp;eng_name=%20&amp;episode=%20&amp;fanart=https%3a%2f%2fimage.tmdb.org%2ft%2fp%2foriginal%2f%2fr54UMcnen0Egd1z1B2VKSrN6or8.jpg&amp;fav_status=false&amp;heb_name=%d7%a7%d7%90%d7%a1%d7%9c&amp;iconimage=https%3a%2f%2fimage.tmdb.org%2ft%2fp%2foriginal%2f%2fhi4X1MfBWlLuGlm0VDpLWDCdQM5.jpg&amp;id=1419&amp;image_master&amp;isr=0&amp;last_id&amp;mode=19&amp;name=%5bCOLOR%20white%5d%d7%a2%d7%95%d7%a0%d7%94%208%5b%2fCOLOR%5d&amp;original_title=Castle&amp;season=8&amp;show_original_year=2009&amp;tmdbid=83462&amp;url=https%3a%2f%2fapi.themoviedb.org%2f3%2ftv%2f1419%3fapi_key%3d34142515d9d23817496eeb4ff1d223d0%26language%3den%26append_to_response%3dexternal_ids&amp;video_data=%7b%22rating%22%3a%20%220%22%2c%20%22episode%22%3a%200%2c%20%22title%22%3a%20%22%5bCOLOR%20white%5d%5cu05e2%5cu05d5%5cu05e0%5cu05d4%208%5b%2fCOLOR%5d%22%2c%20%22season%22%3a%200%2c%20%22TVshowtitle%22%3a%20%22%22%2c%20%22mediatype%22%3a%20%22movie%22%2c%20%22plot%22%3a%20%22%5bCOLOR%20aqua%5d%20%5cu05e9%5cu05d5%5cu05d3%5cu05e8%20%5cu05d1%5cu05ea%5cu05d0%5cu05e8%5cu05d9%5cu05da%2021-09-2015%5b%2fCOLOR%5d%5cnAfter%20a%20serial%20killer%20imitates%20the%20plots%20of%20his%20novels%2c%20successful%20mystery%20novelist%20Richard%20%5c%22Rick%5c%22%20Castle%20receives%20permission%20from%20the%20Mayor%20of%20New%20York%20City%20to%20tag%20along%20with%20an%20NYPD%20homicide%20investigation%20team%20for%20research%20purposes.%22%2c%20%22OriginalTitle%22%3a%20%22Castle%22%2c%20%22Tag%22%3a%20%2216%22%2c%20%22year%22%3a%20%222015%22%7d&quot"/>
</include>

<include content="baseepisods">
<param name="baseid" value="5"/>
<param name="labelname" value="אחותי בהפרעה"/>
<param name="baseeipisod" value="506"/>
<param name="networkname" value="Unknown"/>
<param name="networkcolor" value="red"/>
<param name="notvisible" value="![control.hasfocus(6) | Container(35).HasFocus(2)]"/>
<param name="baseepisodcontent" value="plugin://plugin.video.mando/?all_w=%7b%7d&amp;data=2019&amp;dates=%20&amp;description=%5bCOLOR%20aqua%5d%20%d7%a9%d7%95%d7%93%d7%a8%20%d7%91%d7%aa%d7%90%d7%a8%d7%99%d7%9a%2010-01-2019%5b%2fCOLOR%5d%0aFed%20up%20with%20her%20father%2c%20a%20woman%20moves%20in%20with%20her%20older%20half-sister%2c%20and%20her%20fianc%c3%a9.&amp;eng_name=%20&amp;episode=%20&amp;fanart=https%3a%2f%2fimage.tmdb.org%2ft%2fp%2foriginal%2f%2f4wj9XyahAHhoXaiwaD3ANRlU5o.jpg&amp;fav_status=false&amp;heb_name=%d7%90%d7%97%d7%95%d7%aa%d7%99%20%d7%91%d7%94%d7%a4%d7%a8%d7%a2%d7%94&amp;iconimage=https%3a%2f%2fimage.tmdb.org%2ft%2fp%2foriginal%2f%2fvYUCvlFMNmEHGcfOdqP6ikvwisl.jpg&amp;id=83376&amp;image_master&amp;isr=0&amp;last_id&amp;mode=19&amp;name=%5bCOLOR%20white%5d%d7%a2%d7%95%d7%a0%d7%94%201%5b%2fCOLOR%5d&amp;original_title=Fam&amp;season=1&amp;show_original_year=2019&amp;tmdbid=356093&amp;url=https%3a%2f%2fapi.themoviedb.org%2f3%2ftv%2f83376%3fapi_key%3d34142515d9d23817496eeb4ff1d223d0%26language%3den%26append_to_response%3dexternal_ids&amp;video_data=%7b%22rating%22%3a%20%220%22%2c%20%22episode%22%3a%200%2c%20%22title%22%3a%20%22%5bCOLOR%20white%5d%5cu05e2%5cu05d5%5cu05e0%5cu05d4%201%5b%2fCOLOR%5d%22%2c%20%22season%22%3a%200%2c%20%22TVshowtitle%22%3a%20%22%22%2c%20%22mediatype%22%3a%20%22movie%22%2c%20%22plot%22%3a%20%22%5bCOLOR%20aqua%5d%20%5cu05e9%5cu05d5%5cu05d3%5cu05e8%20%5cu05d1%5cu05ea%5cu05d0%5cu05e8%5cu05d9%5cu05da%2010-01-2019%5b%2fCOLOR%5d%5cnFed%20up%20with%20her%20father%2c%20a%20woman%20moves%20in%20with%20her%20older%20half-sister%2c%20and%20her%20fianc%5cu00e9.%22%2c%20%22OriginalTitle%22%3a%20%22Fam%22%2c%20%22Tag%22%3a%20%2216%22%2c%20%22year%22%3a%20%222019%22%7d&quot"/>
</include>

<include content="baseepisods">
<param name="baseid" value="5"/>
<param name="labelname" value="איי-גיי והמלכה"/>
<param name="baseeipisod" value="507"/>
<param name="networkname" value="Unknown"/>
<param name="networkcolor" value="red"/>
<param name="notvisible" value="![control.hasfocus(6) | Container(35).HasFocus(2)]"/>
<param name="baseepisodcontent" value="plugin://plugin.video.mando/?all_w=%7b%7d&amp;data=2020&amp;dates=%20&amp;description=%5bCOLOR%20aqua%5d%20%d7%a9%d7%95%d7%93%d7%a8%20%d7%91%d7%aa%d7%90%d7%a8%d7%99%d7%9a%2010-01-2020%5b%2fCOLOR%5d%0aWhile%20traveling%20across%20the%20country%20in%20a%20run-down%20RV%2c%20drag%20queen%20Ruby%20Red%20discovers%20an%20unlikely%20sidekick%20in%20AJ%3a%20a%20tough-talking%2010-year-old%20stowaway.&amp;eng_name=%20&amp;episode=%20&amp;fanart=https%3a%2f%2fimage.tmdb.org%2ft%2fp%2foriginal%2f%2fr0LmYTmcxrqrajYrBKyHvcIQEIJ.jpg&amp;fav_status=false&amp;heb_name=%d7%90%d7%99%d7%99-%d7%92%27%d7%99%d7%99%20%d7%95%d7%94%d7%9e%d7%9c%d7%9b%d7%94&amp;iconimage=https%3a%2f%2fimage.tmdb.org%2ft%2fp%2foriginal%2f%2f82sBbnWHuGBKTAMvZYfOZd6hqMQ.jpg&amp;id=84896&amp;image_master&amp;isr=0&amp;last_id&amp;mode=19&amp;name=%5bCOLOR%20white%5d%d7%a2%d7%95%d7%a0%d7%94%201%5b%2fCOLOR%5d&amp;original_title=AJ%20and%20the%20Queen&amp;season=1&amp;show_original_year=2020&amp;tmdbid=354305&amp;url=https%3a%2f%2fapi.themoviedb.org%2f3%2ftv%2f84896%3fapi_key%3d34142515d9d23817496eeb4ff1d223d0%26language%3den%26append_to_response%3dexternal_ids&amp;video_data=%7b%22rating%22%3a%20%220%22%2c%20%22episode%22%3a%200%2c%20%22title%22%3a%20%22%5bCOLOR%20white%5d%5cu05e2%5cu05d5%5cu05e0%5cu05d4%201%5b%2fCOLOR%5d%22%2c%20%22season%22%3a%200%2c%20%22TVshowtitle%22%3a%20%22%22%2c%20%22mediatype%22%3a%20%22movie%22%2c%20%22plot%22%3a%20%22%5bCOLOR%20aqua%5d%20%5cu05e9%5cu05d5%5cu05d3%5cu05e8%20%5cu05d1%5cu05ea%5cu05d0%5cu05e8%5cu05d9%5cu05da%2010-01-2020%5b%2fCOLOR%5d%5cnWhile%20traveling%20across%20the%20country%20in%20a%20run-down%20RV%2c%20drag%20queen%20Ruby%20Red%20discovers%20an%20unlikely%20sidekick%20in%20AJ%3a%20a%20tough-talking%2010-year-old%20stowaway.%22%2c%20%22OriginalTitle%22%3a%20%22AJ%20and%20the%20Queen%22%2c%20%22Tag%22%3a%20%2216%22%2c%20%22year%22%3a%20%222020%22%7d&quot"/>
</include>

<include content="baseepisods">
<param name="baseid" value="5"/>
<param name="labelname" value="ארבע חתונות ולוויה"/>
<param name="baseeipisod" value="508"/>
<param name="networkname" value="Unknown"/>
<param name="networkcolor" value="red"/>
<param name="notvisible" value="![control.hasfocus(6) | Container(35).HasFocus(2)]"/>
<param name="baseepisodcontent" value="plugin://plugin.video.mando/?all_w=%7b%7d&amp;data=2019&amp;dates=%20&amp;description=%5bCOLOR%20aqua%5d%20%d7%a9%d7%95%d7%93%d7%a8%20%d7%91%d7%aa%d7%90%d7%a8%d7%99%d7%9a%2031-07-2019%5b%2fCOLOR%5d%0aMaya%2c%20the%20young%20communications%20director%20for%20a%20New%20York%20senatorial%20campaign%2c%20receives%20a%20wedding%20invitation%20from%20her%20college%20schoolmate%20now%20living%20in%20London.%20She%20leaves%20her%20professional%20and%20personal%20life%20behind%2c%20in%20favor%20of%20traveling%20to%20England%20and%20reconnecting%20with%20old%20friends%20and%20ends%20up%20in%20the%20midst%20of%20their%20personal%20crises.%20Relationships%20are%20forged%20and%20broken%2c%20political%20scandals%20exposed%2c%20London%20social%20life%20lampooned%2c%20love%20affairs%20ignited%20and%20doused%2c%20and%20of%20course%2c%20there%20are%20four%20weddings%e2%80%a6and%20a%20funeral.&amp;eng_name=%20&amp;episode=%20&amp;fanart=https%3a%2f%2fimage.tmdb.org%2ft%2fp%2foriginal%2f%2fzAxsyGYwfOSbfDH5Sa5xvUXocxB.jpg&amp;fav_status=false&amp;heb_name=%d7%90%d7%a8%d7%91%d7%a2%20%d7%97%d7%aa%d7%95%d7%a0%d7%95%d7%aa%20%d7%95%d7%9c%d7%95%d7%95%d7%99%d7%94%20%d7%90%d7%97%d7%aa&amp;iconimage=https%3a%2f%2fimage.tmdb.org%2ft%2fp%2foriginal%2f%2fm5VODP9P2914zhCaZZYQEJt6tW7.jpg&amp;id=84282&amp;image_master&amp;isr=0&amp;last_id&amp;mode=19&amp;name=%5bCOLOR%20white%5d%d7%a2%d7%95%d7%a0%d7%94%201%5b%2fCOLOR%5d&amp;original_title=Four%20Weddings%20and%20a%20Funeral&amp;season=1&amp;show_original_year=2019&amp;tmdbid=362415&amp;url=https%3a%2f%2fapi.themoviedb.org%2f3%2ftv%2f84282%3fapi_key%3d34142515d9d23817496eeb4ff1d223d0%26language%3den%26append_to_response%3dexternal_ids&amp;video_data=%7b%22rating%22%3a%20%220%22%2c%20%22episode%22%3a%200%2c%20%22title%22%3a%20%22%5bCOLOR%20white%5d%5cu05e2%5cu05d5%5cu05e0%5cu05d4%201%5b%2fCOLOR%5d%22%2c%20%22season%22%3a%200%2c%20%22TVshowtitle%22%3a%20%22%22%2c%20%22mediatype%22%3a%20%22movie%22%2c%20%22plot%22%3a%20%22%5bCOLOR%20aqua%5d%20%5cu05e9%5cu05d5%5cu05d3%5cu05e8%20%5cu05d1%5cu05ea%5cu05d0%5cu05e8%5cu05d9%5cu05da%2031-07-2019%5b%2fCOLOR%5d%5cnMaya%2c%20the%20young%20communications%20director%20for%20a%20New%20York%20senatorial%20campaign%2c%20receives%20a%20wedding%20invitation%20from%20her%20college%20schoolmate%20now%20living%20in%20London.%20She%20leaves%20her%20professional%20and%20personal%20life%20behind%2c%20in%20favor%20of%20traveling%20to%20England%20and%20reconnecting%20with%20old%20friends%20and%20ends%20up%20in%20the%20midst%20of%20their%20personal%20crises.%20Relationships%20are%20forged%20and%20broken%2c%20political%20scandals%20exposed%2c%20London%20social%20life%20lampooned%2c%20love%20affairs%20ignited%20and%20doused%2c%20and%20of%20course%2c%20there%20are%20four%20weddings%5cu2026and%20a%20funeral.%22%2c%20%22OriginalTitle%22%3a%20%22Four%20Weddings%20and%20a%20Funeral%22%2c%20%22Tag%22%3a%20%2216%22%2c%20%22year%22%3a%20%222019%22%7d&quot"/>
</include>


<include content="baseepisods">
<param name="baseid" value="5"/>
<param name="labelname" value="טד לאסו"/>
<param name="baseeipisod" value="509"/>
<param name="networkname" value="Unknown"/>
<param name="networkcolor" value="red"/>
<param name="notvisible" value="![control.hasfocus(6) | Container(35).HasFocus(2)]"/>
<param name="baseepisodcontent" value="plugin://plugin.video.shadow/?all_w=%7b%7d&amp;data=2020&amp;dates=%20&amp;description=%5bCOLOR%20aqua%5d%20Aired%20At%2014-08-2020%5b%2fCOLOR%5d%0aTed%20Lasso%2c%20an%20American%20football%20coach%2c%20moves%20to%20England%20when%20he%e2%80%99s%20hired%20to%20manage%20a%20soccer%20team%e2%80%94despite%20having%20no%20experience.%20With%20cynical%20players%20and%20a%20doubtful%20town%2c%20will%20he%20get%20them%20to%20see%20the%20Ted%20Lasso%20Way%3f&amp;eng_name=%20&amp;episode=%20&amp;fanart=https%3a%2f%2fimage.tmdb.org%2ft%2fp%2foriginal%2f%2f8rDij8tYynUfu2hMVXynAp2pSjY.jpg&amp;fav_status=false&amp;heb_name=%d7%98%d7%93%20%d7%9c%d7%90%d7%a1%d7%95&amp;iconimage=https%3a%2f%2fimage.tmdb.org%2ft%2fp%2foriginal%2f%2foX7QdfiQEbyvIvpKgJHRCgbrLdK.jpg&amp;id=97546&amp;image_master&amp;isr=0&amp;last_id&amp;mode=19&amp;name=%5bCOLOR%20white%5dSeason%201%5b%2fCOLOR%5d&amp;original_title=Ted%20Lasso&amp;season=1&amp;show_original_year=2020&amp;tmdbid=383203&amp;url=https%3a%2f%2fapi.themoviedb.org%2f3%2ftv%2f97546%3fapi_key%3d34142515d9d23817496eeb4ff1d223d0%26language%3den%26append_to_response%3dexternal_ids&amp;video_data=%7b%22rating%22%3a%20%220%22%2c%20%22episode%22%3a%200%2c%20%22title%22%3a%20%22%5bCOLOR%20white%5dSeason%201%5b%2fCOLOR%5d%22%2c%20%22season%22%3a%200%2c%20%22TVshowtitle%22%3a%20%22%22%2c%20%22mediatype%22%3a%20%22movie%22%2c%20%22plot%22%3a%20%22%5bCOLOR%20aqua%5d%20Aired%20At%2014-08-2020%5b%2fCOLOR%5d%5cnTed%20Lasso%2c%20an%20American%20football%20coach%2c%20moves%20to%20England%20when%20he%5cu2019s%20hired%20to%20manage%20a%20soccer%20team%5cu2014despite%20having%20no%20experience.%20With%20cynical%20players%20and%20a%20doubtful%20town%2c%20will%20he%20get%20them%20to%20see%20the%20Ted%20Lasso%20Way%3f%22%2c%20%22OriginalTitle%22%3a%20%22Ted%20Lasso%22%2c%20%22Tag%22%3a%20%2216%22%2c%20%22year%22%3a%20%222020%22%7d&quot"/>
</include>

<include content="baseepisods">
<param name="baseid" value="5"/>
<param name="labelname" value="משפחה אחת"/>
<param name="baseeipisod" value="510"/>
<param name="networkname" value="Unknown"/>
<param name="networkcolor" value="red"/>
<param name="notvisible" value="![control.hasfocus(6) | Container(35).HasFocus(2)]"/>
<param name="baseepisodcontent" value="plugin://plugin.video.mando/?all_w=%7b%7d&amp;data=2019&amp;dates=%20&amp;description=%5bCOLOR%20aqua%5d%20%d7%a9%d7%95%d7%93%d7%a8%20%d7%91%d7%aa%d7%90%d7%a8%d7%99%d7%9a%2009-07-2019%5b%2fCOLOR%5d%0aA%20free-spirited%20mom%20moves%20her%20family%20from%20the%20west%20coast%20to%20the%20Midwest%20and%20gets%20to%20know%20her%20extended%20family.&amp;eng_name=%20&amp;episode=%20&amp;fanart=https%3a%2f%2fimage.tmdb.org%2ft%2fp%2foriginal%2f%2fzm2hLe6In6e5JApezusJgxCq8kZ.jpg&amp;fav_status=false&amp;heb_name=%d7%9e%d7%a9%d7%a4%d7%97%d7%94%20%d7%90%d7%97%d7%aa&amp;iconimage=https%3a%2f%2fimage.tmdb.org%2ft%2fp%2foriginal%2f%2frccPbjzJcdFp46aYZm4z6XrpqkN.jpg&amp;id=87093&amp;image_master&amp;isr=0&amp;last_id&amp;mode=19&amp;name=%5bCOLOR%20white%5d%d7%a2%d7%95%d7%a0%d7%94%201%5b%2fCOLOR%5d&amp;original_title=Family%20Reunion&amp;season=1&amp;show_original_year=2019&amp;tmdbid=365488&amp;url=https%3a%2f%2fapi.themoviedb.org%2f3%2ftv%2f87093%3fapi_key%3d34142515d9d23817496eeb4ff1d223d0%26language%3den%26append_to_response%3dexternal_ids&amp;video_data=%7b%22rating%22%3a%20%220%22%2c%20%22episode%22%3a%200%2c%20%22title%22%3a%20%22%5bCOLOR%20white%5d%5cu05e2%5cu05d5%5cu05e0%5cu05d4%201%5b%2fCOLOR%5d%22%2c%20%22season%22%3a%200%2c%20%22TVshowtitle%22%3a%20%22%22%2c%20%22mediatype%22%3a%20%22movie%22%2c%20%22plot%22%3a%20%22%5bCOLOR%20aqua%5d%20%5cu05e9%5cu05d5%5cu05d3%5cu05e8%20%5cu05d1%5cu05ea%5cu05d0%5cu05e8%5cu05d9%5cu05da%2009-07-2019%5b%2fCOLOR%5d%5cnA%20free-spirited%20mom%20moves%20her%20family%20from%20the%20west%20coast%20to%20the%20Midwest%20and%20gets%20to%20know%20her%20extended%20family.%22%2c%20%22OriginalTitle%22%3a%20%22Family%20Reunion%22%2c%20%22Tag%22%3a%20%2216%22%2c%20%22year%22%3a%20%222019%22%7d&quot"/>
</include>

<include content="baseepisods">
<param name="baseid" value="5"/>
<param name="labelname" value="קמפינג"/>
<param name="baseeipisod" value="511"/>
<param name="networkname" value="Unknown"/>
<param name="networkcolor" value="red"/>
<param name="notvisible" value="![control.hasfocus(6) | Container(35).HasFocus(2)]"/>
<param name="baseepisodcontent" value="plugin://plugin.video.shadow/?all_w=%7b%7d&amp;data=2018&amp;dates=%20&amp;description=%5bCOLOR%20aqua%5d%20Aired%20At%2014-10-2018%5b%2fCOLOR%5d%0aA%20not-so-happily%20married%20couple%27s%20meticulously%20planned%20camping%20trip%20is%20derailed%20by%20uninvited%20guests%20and%20forces%20of%20nature%2c%20turning%20the%20weekend%20into%20a%20test%20of%20marriage%20and%20friendships.&amp;eng_name=%20&amp;episode=%20&amp;fanart=https%3a%2f%2fimage.tmdb.org%2ft%2fp%2foriginal%2f%2fdCiH0D0StKCr3HJpRVtKe3L4G9z.jpg&amp;fav_status=false&amp;heb_name=%d7%a7%d7%9e%d7%a4%d7%99%d7%a0%d7%92&amp;iconimage=https%3a%2f%2fimage.tmdb.org%2ft%2fp%2foriginal%2f%2f3ykZmmCVIlScUywQyqZKDBfkzX4.jpg&amp;id=78101&amp;image_master&amp;isr=0&amp;last_id&amp;mode=19&amp;name=%5bCOLOR%20white%5dSeason%201%5b%2fCOLOR%5d&amp;original_title=Camping&amp;season=1&amp;show_original_year=2018&amp;tmdbid=349942&amp;url=https%3a%2f%2fapi.themoviedb.org%2f3%2ftv%2f78101%3fapi_key%3d34142515d9d23817496eeb4ff1d223d0%26language%3den%26append_to_response%3dexternal_ids&amp;video_data=%7b%22rating%22%3a%20%220%22%2c%20%22episode%22%3a%200%2c%20%22title%22%3a%20%22%5bCOLOR%20white%5dSeason%201%5b%2fCOLOR%5d%22%2c%20%22season%22%3a%200%2c%20%22TVshowtitle%22%3a%20%22%22%2c%20%22mediatype%22%3a%20%22movie%22%2c%20%22plot%22%3a%20%22%5bCOLOR%20aqua%5d%20Aired%20At%2014-10-2018%5b%2fCOLOR%5d%5cnA%20not-so-happily%20married%20couple%27s%20meticulously%20planned%20camping%20trip%20is%20derailed%20by%20uninvited%20guests%20and%20forces%20of%20nature%2c%20turning%20the%20weekend%20into%20a%20test%20of%20marriage%20and%20friendships.%22%2c%20%22OriginalTitle%22%3a%20%22Camping%22%2c%20%22Tag%22%3a%20%2216%22%2c%20%22year%22%3a%20%222018%22%7d&quot"/>
</include>

<include content="baseepisods">
<param name="baseid" value="5"/>
<param name="labelname" value="סוכן חשאי"/>
<param name="baseeipisod" value="512"/>
<param name="networkname" value="Unknown"/>
<param name="networkcolor" value="red"/>
<param name="notvisible" value="![control.hasfocus(6) | Container(35).HasFocus(2)]"/>
<param name="baseepisodcontent" value="plugin://plugin.video.mando/?all_w=%7b%7d&amp;data=2020&amp;dates=%20&amp;description=%5bCOLOR%20aqua%5d%20%d7%a9%d7%95%d7%93%d7%a8%20%d7%91%d7%aa%d7%90%d7%a8%d7%99%d7%9a%2020-02-2020%5b%2fCOLOR%5d%0aWhen%20an%20arrogant%2c%20maverick%20National%20Security%20Agent%20comes%20over%20from%20the%20US%20to%20join%20a%20newly-formed%20team%20tackling%20cybercrime%20at%20Britain%27s%20security%20headquarters%2c%20he%20enlists%20an%20inept%20and%20tactless%20computer%20analyst%20Joseph%20in%20a%20power%20grab%20that%20threatens%20to%20disrupt%20the%20team%e2%80%99s%20ability%20to%20combat%20cyber%20terrorism.&amp;eng_name=%20&amp;episode=%20&amp;fanart=https%3a%2f%2fimage.tmdb.org%2ft%2fp%2foriginal%2f%2fxD7fmgc2MdQvKg9NzHt2rzn8z7V.jpg&amp;fav_status=false&amp;heb_name=%d7%a1%d7%95%d7%9b%d7%9f%20%d7%97%d7%a9%d7%90%d7%99&amp;iconimage=https%3a%2f%2fimage.tmdb.org%2ft%2fp%2foriginal%2f%2fkKHbY7kGhU9gAkkEVYv9fDTqWg6.jpg&amp;id=88110&amp;image_master&amp;isr=0&amp;last_id&amp;mode=19&amp;name=%5bCOLOR%20white%5d%d7%a2%d7%95%d7%a0%d7%94%201%5b%2fCOLOR%5d&amp;original_title=Intelligence&amp;season=1&amp;show_original_year=2020&amp;tmdbid=374093&amp;url=https%3a%2f%2fapi.themoviedb.org%2f3%2ftv%2f88110%3fapi_key%3d34142515d9d23817496eeb4ff1d223d0%26language%3den%26append_to_response%3dexternal_ids&amp;video_data=%7b%22rating%22%3a%20%220%22%2c%20%22episode%22%3a%200%2c%20%22title%22%3a%20%22%5bCOLOR%20white%5d%5cu05e2%5cu05d5%5cu05e0%5cu05d4%201%5b%2fCOLOR%5d%22%2c%20%22season%22%3a%200%2c%20%22TVshowtitle%22%3a%20%22%22%2c%20%22mediatype%22%3a%20%22movie%22%2c%20%22plot%22%3a%20%22%5bCOLOR%20aqua%5d%20%5cu05e9%5cu05d5%5cu05d3%5cu05e8%20%5cu05d1%5cu05ea%5cu05d0%5cu05e8%5cu05d9%5cu05da%2020-02-2020%5b%2fCOLOR%5d%5cnWhen%20an%20arrogant%2c%20maverick%20National%20Security%20Agent%20comes%20over%20from%20the%20US%20to%20join%20a%20newly-formed%20team%20tackling%20cybercrime%20at%20Britain%27s%20security%20headquarters%2c%20he%20enlists%20an%20inept%20and%20tactless%20computer%20analyst%20Joseph%20in%20a%20power%20grab%20that%20threatens%20to%20disrupt%20the%20team%5cu2019s%20ability%20to%20combat%20cyber%20terrorism.%22%2c%20%22OriginalTitle%22%3a%20%22Intelligence%22%2c%20%22Tag%22%3a%20%2216%22%2c%20%22year%22%3a%20%222020%22%7d&quot"/>
</include>

<!--tvshow1-->
<!--
<include content="baseepisods">
<param name="baseid" value="5"/>
<param name="labelname" value=""/>
<param name="baseeipisod" value="500"/>
<param name="networkname" value="Unknown"/>
<param name="networkcolor" value="red"/>
<param name="notvisible" value="![control.hasfocus(6) | Container(35).HasFocus(2)]"/>
<param name="baseepisodcontent" value=""/>
</include>
-->
</control>


<control type="group">
<control type="multiimage">
<posx>1635</posx>
<posy>850</posy>
<width>280</width>
<height>150</height>
<imagepath>https://i.imgur.com/C7KDiR8.png</imagepath>
</control>
</control>
<control type="list" id="35">
<posx>1600</posx>
<posy>800</posy>
<width>550</width>
<height>650</height>
<onright condition="Container(35).HasFocus(1)">Control.SetFocus(5)</onright>
<onright condition="Container(35).HasFocus(2)">Control.SetFocus(6)</onright>
<onleft condition="Container(35).HasFocus(1)">Control.SetFocus(5)</onleft>
<onleft condition="Container(35).HasFocus(2)">Control.SetFocus(6)</onleft>
<orientation>vertical</orientation>
<itemlayout width="150" height="340">
<control type="label">
<posx>180</posx>
<posy>100</posy>
<width>200</width>
<height>40</height>
<align>center</align>
<textcolor>white</textcolor>
<label>$INFO[ListItem.Label]</label>
</control>
<control type="label">
<posx>145</posx>
<posy>170</posy>
<width>200</width>
<height>40</height>
<align>center</align>
<textcolor>white</textcolor>
<label>$INFO[ListItem.Label2]</label>
</control>
</itemlayout>
<focusedlayout width="150" height="340">
<control type="label">
<animation condition="Control.HasFocus(35)" effect="fade" start="0" end="100" time="1100">Conditional</animation>
<posx>180</posx>
<posy>100</posy>
<width>150</width>
<height>40</height>
<align>center</align>
<textcolor>white</textcolor>
<label>[B]$INFO[ListItem.Label][/B]</label>
</control>
<control type="label">
<visible>!control.hasfocus(35)</visible>
<posx>145</posx>
<posy>170</posy>
<width>200</width>
<height>40</height>
<align>center</align>
<textcolor>white</textcolor>
<label>$INFO[ListItem.Label2]</label>
</control>
<control type="label">

<visible>control.hasfocus(35)</visible>
<posx>145</posx>
<posy>170</posy>
<width>200</width>
<height>40</height>
<align>center</align>
<textcolor>cyan</textcolor>
<label>$INFO[ListItem.Label2]</label>
</control>
</focusedlayout>
<content>
<item id="1">
<label>-1-</label>
<label2>יס-גו-קומדיה</label2>
<onclick>Control.SetFocus(5)</onclick>
</item>

<!--<item id="2">
<label>-2-</label>
<label2>סדרות דוקו</label2>
<onclick>Control.SetFocus(6)</onclick>
</item>-->
</content>
</control>

</controls>
</window>
