<?xml version="1.0" encoding="UTF-8"?>
<!-- Foundation -->
<window id="6742" type="dialog">
    <defaultcontrol always="true">5</defaultcontrol>
    	<onload>ClearProperty(quicknavsetup,home)</onload>
		<onload>Dialog.Close(6671)</onload>
		<onload>Dialog.Close(6675)</onload>
		<onunload>ClearProperty(quicknavsetup,home)</onunload>

<controls>


			<control type="group">
			<animation type="WindowOpen">
			<effect type="slide" start="1000,0" end="-100,0" tween="cubic" easing="out" time="350"/>
			</animation>
			<animation type="WindowClose">
			<effect type="slide" start="0,0" end="1000,0" tween="cubic" easing="inout" time="350"/>
			</animation>
		
			<control type="label">
			<posx>1800</posx>
			<posy>705</posy>
			<width>350</width>
			<height>40</height>
			<label>תפריט מנדו</label>
			</control>
			<control type="list" id="5">
			<onleft>Dialog.Close(6742)</onleft>
			<onback>Dialog.Close(6742)</onback>
			<onback>ActivateWindow(6686)</onback>
			<onright>Dialog.Close(6742)</onright>
			<onright>ActivateWindow(6686)</onright>
			<posx>1650</posx>
			<posy>715</posy>
			<width>18-col</width>
			<height>365</height>
			<ondown>5</ondown>
			<onup>5</onup>
			<orientation>vertical</orientation>
			<onleft>Dialog.Close(6680)</onleft>
			<onback>Dialog.Close(6680)</onback>
			<scrolltime tweeb="cubic" easing="inout">450</scrolltime>
			<itemlayout width="4-col" height="115">
				<control type="image">
					<posx>105</posx>
					<posy>20</posy>
					<width>4-col-textbox</width>
					<height>105</height>
					<texture>black.png</texture>
					<colordiffuse>77000000</colordiffuse>
					<aspectratio>stretch</aspectratio>
				</control>
			<control type="image">
					<posx>0</posx>
					<posy>20</posy>
					<width>100</width>
					<height>105</height>
					<texture>black.png</texture>
					<colordiffuse>77000000</colordiffuse>
					<aspectratio>stretch</aspectratio>
				</control>
				
				<control type="multiimage">
					<posx>0</posx>
					<posy>20</posy>
					<width>100</width>
					<height>105</height>
					<imagepath>$INFO[ListITem.Thumb]</imagepath>
				</control>
				
				<control type="label">
					<posx>120</posx>
					<posy>0</posy>
					<width>252</width>
					<height>3-row</height>
					<wrapmultiline>true</wrapmultiline>
					<aligny>center</aligny>
					<align>center</align>
					<textcolor>white</textcolor>
					<shadowcolor></shadowcolor>
					<label>[B][CAPITALIZE]$INFO[ListItem.label][/CAPITALIZE][/B]</label>
				</control>
				<control type="label">
					<posx>120</posx>
					<posy>30</posy>
					<width>252</width>
					<height>3-row</height>
					<wrapmultiline>true</wrapmultiline>
					<aligny>center</aligny>
					<align>center</align>
					<font>font-16</font>
					<textcolor>white</textcolor>
					<shadowcolor></shadowcolor>
					<label>[CAPITALIZE]$INFO[ListItem.label2][/CAPITALIZE]</label>
				</control>
			</itemlayout>
			<focusedlayout width="4-col" height="115">
				<control type="image">
					<posx>105</posx>
					<posy>20</posy>
					<width>4-col-textbox</width>
					<height>105</height>
					<texture>white.png</texture>
					<colordiffuse>red</colordiffuse>
					<aspectratio>stretch</aspectratio>
				</control>
			<control type="image">
					<posx>0</posx>
					<posy>20</posy>
					<width>100</width>
					<height>105</height>
					<texture>black.png</texture>
					<colordiffuse>77000000</colordiffuse>
					<aspectratio>stretch</aspectratio>
				</control>
				<control type="multiimage">
				<animation effect="rotatey" center="45" start="-360" end="360" time="550" reversible="true">Focus</animation>
					<posx>0</posx>
					<posy>20</posy>
					<width>100</width>
					<height>105</height>
					<imagepath>$INFO[ListITem.Thumb]</imagepath>
				</control>
				<control type="label">
					<posx>120</posx>
					<posy>0</posy>
					<width>252</width>
					<height>3-row</height>
					<wrapmultiline>true</wrapmultiline>
					<aligny>center</aligny>
					<align>center</align>
					<textcolor>white</textcolor>
					<shadowcolor></shadowcolor>
					<label>[B][CAPITALIZE]$INFO[ListItem.label][/CAPITALIZE][/B]</label>
				</control>
				<control type="label">
					<posx>120</posx>
					<posy>30</posy>
					<width>252</width>
					<height>3-row</height>
					<wrapmultiline>true</wrapmultiline>
					<aligny>center</aligny>
					<align>center</align>
					<font>font-16</font>
					<textcolor>white</textcolor>
					<shadowcolor></shadowcolor>
					<label>[CAPITALIZE]$INFO[ListItem.label2][/CAPITALIZE]</label>
				</control>
			</focusedlayout>
			<content>
			<item>
			<label>כניסה להרחבה</label>
			<label2>כניסה להרחבת מנדו</label2>
			<thumb>https://i.imgur.com/W9HZ387.jpg</thumb>
			<onclick>Dialog.Close(6742)</onclick>
			<onclick>RunAddon(plugin.video.mando)</onclick>
			</item>
			<item>
			<label>סרטים</label>
			<label2>סרטים ריל דבריד</label2>
			<thumb>https://i.imgur.com/YXYbGtt.png</thumb>
			<onclick>Dialog.Close(6742)</onclick>
			<onclick>ActivateWindow(10025,&quot;plugin://plugin.video.mando/?all_w=%7b%7d&amp;data=%20&amp;dates=%20&amp;description=Movies&amp;eng_name=%20&amp;episode=%20&amp;fanart=https%3a%2f%2ftownsquare.media%2fsite%2f295%2ffiles%2f2019%2f12%2f2020-movies-collage.jpg%3fw%3d980%26q%3d75&amp;fav_status=false&amp;heb_name=%20&amp;iconimage=C%3a%5cUsers%5cneta%5cAppData%5cRoaming%5cKodi%5caddons%5cplugin.video.mando%5cresources%5cartwork%2fmovies.png&amp;id=%20&amp;image_master&amp;isr=0&amp;last_id&amp;mode=2&amp;name=%d7%a1%d7%a8%d7%98%d7%99%d7%9d&amp;original_title=%20&amp;season=%20&amp;show_original_year=%20&amp;tmdbid=%20&amp;url=www&amp;video_data=%7b%22rating%22%3a%20%220%22%2c%20%22episode%22%3a%200%2c%20%22title%22%3a%20%22%5cu05e1%5cu05e8%5cu05d8%5cu05d9%5cu05dd%22%2c%20%22season%22%3a%200%2c%20%22TVshowtitle%22%3a%20%22%22%2c%20%22mediatype%22%3a%20%22movie%22%2c%20%22plot%22%3a%20%22Movies%22%2c%20%22OriginalTitle%22%3a%20%22%20%22%2c%20%22Tag%22%3a%20%22None%22%7d&quot;,return)</onclick>
			</item>
			<item>
			<label>סדרות</label>
			<label2>סדרות ריל דבריד</label2>
			<thumb>https://i.imgur.com/ZSpzbrs.png</thumb>
			<onclick>Dialog.Close(6742)</onclick>
			<onclick>ActivateWindow(10025,&quot;plugin://plugin.video.mando/?all_w=%7b%7d&amp;data=%20&amp;dates=%20&amp;description=TV&amp;eng_name=%20&amp;episode=%20&amp;fanart=https%3a%2f%2fcdn.mos.cms.futurecdn.net%2fqCD39X4DjbpgxD7ZFW63eG.jpg&amp;fav_status=false&amp;heb_name=%20&amp;iconimage=C%3a%5cUsers%5cneta%5cAppData%5cRoaming%5cKodi%5caddons%5cplugin.video.mando%5cresources%5cartwork%2ftv.png&amp;id=%20&amp;image_master&amp;isr=0&amp;last_id&amp;mode=3&amp;name=%d7%a1%d7%93%d7%a8%d7%95%d7%aa&amp;original_title=%20&amp;season=%20&amp;show_original_year=%20&amp;tmdbid=%20&amp;url=www&amp;video_data=%7b%22rating%22%3a%20%220%22%2c%20%22episode%22%3a%200%2c%20%22title%22%3a%20%22%5cu05e1%5cu05d3%5cu05e8%5cu05d5%5cu05ea%22%2c%20%22season%22%3a%200%2c%20%22TVshowtitle%22%3a%20%22%22%2c%20%22mediatype%22%3a%20%22movie%22%2c%20%22plot%22%3a%20%22TV%22%2c%20%22OriginalTitle%22%3a%20%22%20%22%2c%20%22Tag%22%3a%20%22None%22%7d&quot;,return)</onclick>
			</item>
			<item>
			<label>עולם הטראקט</label>
			<label2>טראקט ריל דבריד</label2>
			<thumb>https://i.imgur.com/WFFGKRB.png</thumb>
			<onclick>Dialog.Close(6742)</onclick>
			<onclick>ActivateWindow(10025,&quot;plugin://plugin.video.mando/?all_w=%7b%7d&amp;data=%20&amp;dates=%20&amp;description=No%20account%20needed)&amp;eng_name=%20&amp;episode=%20&amp;fanart=https%3a%2f%2fcdn.mos.cms.futurecdn.net%2fqCD39X4DjbpgxD7ZFW63eG.jpg&amp;fav_status=false&amp;heb_name=%20&amp;iconimage=C%3a%5cUsers%5cneta%5cAppData%5cRoaming%5cKodi%5caddons%5cplugin.video.mando%5cresources%5cartwork%2ftrakt.png&amp;id=%20&amp;image_master&amp;isr=0&amp;last_id&amp;mode=21&amp;name=%d7%a2%d7%95%d7%9c%d7%9d%20%d7%94%d7%98%d7%a8%d7%90%d7%a7%d7%98&amp;original_title=%20&amp;season=%20&amp;show_original_year=%20&amp;tmdbid=%20&amp;url=www&amp;video_data=%7b%22rating%22%3a%20%220%22%2c%20%22episode%22%3a%200%2c%20%22title%22%3a%20%22%5cu05e2%5cu05d5%5cu05dc%5cu05dd%20%5cu05d4%5cu05d8%5cu05e8%5cu05d0%5cu05e7%5cu05d8%22%2c%20%22season%22%3a%200%2c%20%22TVshowtitle%22%3a%20%22%22%2c%20%22mediatype%22%3a%20%22movie%22%2c%20%22plot%22%3a%20%22No%20account%20needed)%22%2c%20%22OriginalTitle%22%3a%20%22%20%22%2c%20%22Tag%22%3a%20%22None%22%7d&quot;,return)</onclick>
			</item>
			<item>
			<label>טראקט</label>
			<label2>טראקט ריל דבריד</label2>
			<thumb>https://i.imgur.com/WFFGKRB.png</thumb>
			<onclick>Dialog.Close(6742)</onclick>
			<onclick>ActivateWindow(10025,&quot;plugin://plugin.video.mando/?all_w=%7b%7d&amp;data=%20&amp;dates=%20&amp;description=TV&amp;eng_name=%20&amp;episode=%20&amp;fanart=https%3a%2f%2fbestdroidplayer.com%2fwp-content%2fuploads%2f2019%2f06%2ftrakt-what-is-how-use-on-kodi.png&amp;fav_status=false&amp;heb_name=%20&amp;iconimage=C%3a%5cUsers%5cneta%5cAppData%5cRoaming%5cKodi%5caddons%5cplugin.video.mando%5cresources%5cartwork%2ftrakt.png&amp;id=%20&amp;image_master&amp;isr=0&amp;last_id&amp;mode=114&amp;name=%d7%98%d7%a8%d7%90%d7%a7%d7%98&amp;original_title=%20&amp;season=%20&amp;show_original_year=%20&amp;tmdbid=%20&amp;url=www&amp;video_data=%7b%22rating%22%3a%20%220%22%2c%20%22episode%22%3a%200%2c%20%22title%22%3a%20%22%5cu05d8%5cu05e8%5cu05d0%5cu05e7%5cu05d8%22%2c%20%22season%22%3a%200%2c%20%22TVshowtitle%22%3a%20%22%22%2c%20%22mediatype%22%3a%20%22movie%22%2c%20%22plot%22%3a%20%22TV%22%2c%20%22OriginalTitle%22%3a%20%22%20%22%2c%20%22Tag%22%3a%20%22None%22%7d&quot;,return)</onclick>
			</item>
			<item>
			<label>חיפוש</label>
			<label2>חיפוש כללי</label2>
			<thumb>https://i.imgur.com/3nkHLKF.png</thumb>
			<onclick>Dialog.Close(6742)</onclick>
			<onclick>ActivateWindow(10025,&quot;plugin://plugin.video.mando/?all_w=%7b%7d&amp;data=%20&amp;dates=%20&amp;description=Search&amp;eng_name=%20&amp;episode=%20&amp;fanart=https%3a%2f%2fsearchengineland.com%2ffigz%2fwp-content%2fseloads%2f2017%2f12%2fcompare-seo-ss-1920-800x450.jpg&amp;fav_status=false&amp;heb_name=%20&amp;iconimage=C%3a%5cUsers%5cneta%5cAppData%5cRoaming%5cKodi%5caddons%5cplugin.video.mando%5cresources%5cartwork%2fsearch.png&amp;id=%20&amp;image_master&amp;isr=0&amp;last_id&amp;mode=5&amp;name=%d7%97%d7%99%d7%a4%d7%95%d7%a9&amp;original_title=%20&amp;season=%20&amp;show_original_year=%20&amp;tmdbid=%20&amp;url=www&amp;video_data=%7b%22rating%22%3a%20%220%22%2c%20%22episode%22%3a%200%2c%20%22title%22%3a%20%22%5cu05d7%5cu05d9%5cu05e4%5cu05d5%5cu05e9%22%2c%20%22season%22%3a%200%2c%20%22TVshowtitle%22%3a%20%22%22%2c%20%22mediatype%22%3a%20%22movie%22%2c%20%22plot%22%3a%20%22Search%22%2c%20%22OriginalTitle%22%3a%20%22%20%22%2c%20%22Tag%22%3a%20%22None%22%7d&quot;,return)</onclick>
			</item>
			<item>
			<label>היסטוריית חיפוש</label>
			<label2>מנדו היסטוריית חיפוש</label2>
			<thumb>https://i.imgur.com/3nkHLKF.png</thumb>
			<onclick>Dialog.Close(6742)</onclick>
			<onclick>ActivateWindow(10025,&quot;plugin://plugin.video.mando/?all_w=%7b%7d&amp;data=%20&amp;dates=%20&amp;description=TMDB&amp;eng_name=%20&amp;episode=%20&amp;fanart=http%3a%2f%2ff.frogi.co.il%2fnews%2f640x300%2f010170efc8f.jpg&amp;fav_status=false&amp;heb_name=%20&amp;iconimage=C%3a%5cUsers%5cneta%5cAppData%5cRoaming%5cKodi%5caddons%5cplugin.video.mando%5cresources%5cartwork%2fsearch.png&amp;id=%20&amp;image_master&amp;isr=0&amp;last_id&amp;mode=143&amp;name=%d7%94%d7%99%d7%a1%d7%98%d7%95%d7%a8%d7%99%d7%99%d7%aa%20%d7%97%d7%99%d7%a4%d7%95%d7%a9&amp;original_title=%20&amp;season=%20&amp;show_original_year=%20&amp;tmdbid=%20&amp;url=both&amp;video_data=%7b%22rating%22%3a%20%220%22%2c%20%22episode%22%3a%200%2c%20%22title%22%3a%20%22%5cu05d4%5cu05d9%5cu05e1%5cu05d8%5cu05d5%5cu05e8%5cu05d9%5cu05d9%5cu05ea%20%5cu05d7%5cu05d9%5cu05e4%5cu05d5%5cu05e9%22%2c%20%22season%22%3a%200%2c%20%22TVshowtitle%22%3a%20%22%22%2c%20%22mediatype%22%3a%20%22movie%22%2c%20%22plot%22%3a%20%22TMDB%22%2c%20%22OriginalTitle%22%3a%20%22%20%22%2c%20%22Tag%22%3a%20%22None%22%7d&quot;,return)</onclick>
			</item>
			<item>
			<label>נוגן לאחרונה</label>
			<label2>מנדו נוגן לאחרונה</label2>
			<thumb>https://i.imgur.com/kLI9ecX.png</thumb>
			<onclick>Dialog.Close(6742)</onclick>
			<onclick>ActivateWindow(10025,&quot;plugin://plugin.video.mando/?all_w=%7b%7d&amp;data=%20&amp;dates=%20&amp;description=Last%20Played&amp;eng_name=%20&amp;episode=%20&amp;fanart=https%3a%2f%2fencrypted-tbn0.gstatic.com%2fimages%3fq%3dtbn%253AANd9GcT5GMHNjPCi4oCp4PHArgKQ-SBzF4wYdyRKbf0hj0t2qQxqffmO%26usqp%3dCAU&amp;fav_status=false&amp;heb_name=%20&amp;iconimage=C%3a%5cUsers%5cneta%5cAppData%5cRoaming%5cKodi%5caddons%5cplugin.video.mando%5cresources%5cartwork%2flast.png&amp;id=%20&amp;image_master&amp;isr=0&amp;last_id&amp;mode=144&amp;name=%d7%a0%d7%95%d7%92%d7%9f%20%d7%9c%d7%90%d7%97%d7%a8%d7%95%d7%a0%d7%94&amp;original_title=%20&amp;season=%20&amp;show_original_year=%20&amp;tmdbid=%20&amp;url=www&amp;video_data=%7b%22rating%22%3a%20%220%22%2c%20%22episode%22%3a%200%2c%20%22title%22%3a%20%22%5cu05e0%5cu05d5%5cu05d2%5cu05df%20%5cu05dc%5cu05d0%5cu05d7%5cu05e8%5cu05d5%5cu05e0%5cu05d4%22%2c%20%22season%22%3a%200%2c%20%22TVshowtitle%22%3a%20%22%22%2c%20%22mediatype%22%3a%20%22movie%22%2c%20%22plot%22%3a%20%22Last%20Played%22%2c%20%22OriginalTitle%22%3a%20%22%20%22%2c%20%22Tag%22%3a%20%22None%22%7d&quot;,return)</onclick>
			</item>
			</content>
			</control>
			</control>
			

</controls>
</window>
