<?xml version="1.0" encoding="UTF-8"?>
<!-- Foundation -->
<window id="6690" type="dialog">
    <defaultcontrol always="true">5</defaultcontrol>
    	<onload>ClearProperty(quicknavsetup,home)</onload>
		<onload>Dialog.Close(6670)</onload>
		<onload>Dialog.Close(6675)</onload>
		<onunload>ClearProperty(quicknavsetup,home)</onunload>
	<animation type="WindowOpen">
	<effect type="slide" start="0,0" end="500,0" time="250" delay="150" twen="sine" easing="inout"/>
	</animation>
	<animation type="WindowClose">
	<effect type="slide" start="500,0" end="-1200,0" time="250" delay="150" twen="sine" easing="inout"/>
	</animation>
<controls>

<control type="group">
<posx>-500</posx>
<control type="image">
<posx>0</posx>
<posy>0</posy>
<width>250</width>
<height>1200</height>
<texture>black.png</texture>
</control>

<control type="image">
<animation condition="IsEmpty(Container(5).ListItem.Plot)" effect="slide" start="0,0" end="-2000,0" delay="150" time="250" tween="cubic" easing="inout">Conditional</animation>
<posx>250</posx>
<posy>350</posy>
<width>1200</width>
<height>180</height>
<texture>black.png</texture>
</control>

<control type="group">
<control type="textbox">
<autoscroll delay="2500" time="2500" repeat="4000"></autoscroll>
<animation condition="IsEmpty(Container(5).ListItem.Plot)" effect="slide" start="0,0" end="-2000,0" fade="150" time="850" tween="cubic" easing="inout">Conditional</animation>
<posx>500</posx>
<posy>355</posy>
<width>950</width>
<height>170</height>
<align>right</align>
<font>small</font>
<label>$INFO[Container(5).ListItem.Label][CR]$INFO[Container(5).ListItem.Plot]</label>
</control>


<control type="wraplist" id="5">
<scrolltime tween="cubio" easing="out">350</scrolltime>
<posx>0</posx>
<posy>0</posy>
<width>400</width>
<height>1100</height>
<onright>Dialog.Close(6690)</onright>
<onright>ActivateWindow(6680)</onright>
<onback>Dialog.Close(6690)</onback>
<onback>ActivateWindow(6680)</onback>
<focusposition>2</focusposition>
<itemlayout width="300" height="180">
<control type="image">
<posx>0</posx>
<posy>0</posy>
<width>240</width>
<height>150</height>
<texture>$INFO[ListItem.Thumb]</texture>
</control>
</itemlayout>
<focusedlayout width="300" height="180">
<control type="image">
<posx>0</posx>
<posy>0</posy>
<width>240</width>
<height>150</height>
<texture>$INFO[ListItem.Thumb]</texture>
</control>
</focusedlayout>
<content>plugin://plugin.video.idanplus/?iconimage=C%253A%255CUsers%255Cneta%255CAppData%255CRoaming%255CKodi%255Caddons%255Cplugin.video.idanplus%255Cicon.png&amp;mode=3&amp;module&amp;moredata&amp;name=%5bB%5d%d7%a8%d7%93%d7%99%d7%95%5b%2fB%5d&amp;url&quot</content>
</control>
<control type="image">
<posx>0</posx>
<posy>355</posy>
<width>240</width>
<height>160</height>
<texture colordiffuse="deepskyblue" border="8,8,8,8">special://skin/extras/views/default_button_fo.png</texture>
</control>
</control>
</control>
</controls>
</window>
