<?xml version="1.0" encoding="UTF-8"?>
<!-- Foundation -->
<window id="6863" type="dialog">
    <defaultcontrol always="true">35</defaultcontrol>


<controls>

<control type="group">
<animation type="WindowOpen">
<effect type="slide" start="0,0" end="0,-1000" time="350" tween="sine" easing="inout"/>
</animation>
<posy>1730</posy>
<control type="image">
<posx>0</posx>
<posy>0</posy>
<width>1920</width>
<height>350</height>
<texture>black.png</texture>
<colordiffuse>77000000</colordiffuse>
</control>
<control type="image">
<posx>350</posx>
<posy>0</posy>
<width>1000</width>
<height>350</height>
<texture>black.png</texture>
</control>
<control type="image">
<posx>1740</posx>
<posy>0</posy>
<width>220</width>
<height>450</height>
<texture>black.png</texture>
</control>
<control type="group">
<posy>140</posy>
<control type="image">
<posx>1350</posx>
<posy>0</posy>
<width>65</width>
<height>65</height>
<aspectratio>keep</aspectratio>
<texture colordiffuse="deepskyblue">special://skin/extras/arrows/arrow-25-xxl.png</texture>
</control>
<control type="image">
<posx>280</posx>
<posy>0</posy>
<width>65</width>
<height>65</height>
<aspectratio>keep</aspectratio>
<texture flipx="true" colordiffuse="deepskyblue">special://skin/extras/arrows/arrow-25-xxl.png</texture>
</control>
</control>
<control type="image">
<posx>1820</posx>
<posy>0</posy>
<width>65</width>
<height>65</height>
<aspectratio>keep</aspectratio>
<texture colordiffuse="deepskyblue">special://skin/extras/arrows/arrowup.png</texture>
</control>
<control type="image">
<posx>1820</posx>
<posy>300</posy>
<width>65</width>
<height>65</height>
<aspectratio>keep</aspectratio>
<texture colordiffuse="deepskyblue">special://skin/extras/arrows/arrowdown.png</texture>
</control>
</control>

<control type="image">
<posx>1770</posx>
<posy>820</posy>
<width>150</width>
<height>40</height>
<texture>special://skin/extras/test/Ghost.jpg</texture>
</control>

<control type="group">
<posy>50</posy>
<include content="newtvshows">
<param name="baseid" value="5"/>
<param name="listid" value="35"/>
<param name="listidfocus" value="1"/>
<param name="basecontent" value="plugin://plugin.audio.My.Music/?cat_level=%20&amp;count=0&amp;description=%20&amp;fanart&amp;iconimage&amp;index_depth=0&amp;lang=eng&amp;mode=5&amp;name=tvshowyesgo-crime&amp;page&amp;selected_list=%20&amp;url=%d7%a1%d7%93%d7%a8%d7%95%d7%aatvshow-yesgotvshowyesgo-crime&quot"/>
</include>


<include content="baseepisods">
<param name="baseid" value="5"/>
<param name="labelname" value="סוגרות חשבונות"/>
<param name="baseeipisod" value="500"/>
<param name="networkname" value="Unknown"/>
<param name="networkcolor" value="red"/>
<param name="notvisible" value="![control.hasfocus(6) | Container(35).HasFocus(2)]"/>
<param name="baseepisodcontent" value="plugin://plugin.video.mando/?all_w=%7b%7d&amp;data=2020&amp;dates=%20&amp;description=%5bCOLOR%20aqua%5d%20%d7%a9%d7%95%d7%93%d7%a8%20%d7%91%d7%aa%d7%90%d7%a8%d7%99%d7%9a%2015-02-2020%5b%2fCOLOR%5d%0aOn%20the%20surface%20Kitty%2c%20Margot%2c%20Bree%20and%20Olivia%20appear%20to%20have%20nothing%20in%20common%20-%20but%20there%e2%80%99s%20one%20passion%20which%20unites%20them%3a%20to%20expose%20injustice.%20They%20form%20their%20own%20secret%20society%2c%20DGM%20-%20they%20Don%e2%80%99t%20Get%20Mad%2c%20they%20Get%20Even%20-%20playing%20anonymous%20pranks%20to%20expose%20bullies.&amp;eng_name=%20&amp;episode=%20&amp;fanart=https%3a%2f%2fimage.tmdb.org%2ft%2fp%2foriginal%2f%2fenVwFLjnIKVaAwXQL2fDGydfkwE.jpg&amp;fav_status=false&amp;heb_name=%d7%a1%d7%95%d7%92%d7%a8%d7%95%d7%aa%20%d7%97%d7%a9%d7%91%d7%95%d7%a0%d7%95%d7%aa&amp;iconimage=https%3a%2f%2fimage.tmdb.org%2ft%2fp%2foriginal%2f%2fpBdetJCfSof9XrHAY1mTicclXRr.jpg&amp;id=99335&amp;image_master&amp;isr=0&amp;last_id&amp;mode=19&amp;name=%5bCOLOR%20white%5d%d7%a2%d7%95%d7%a0%d7%94%201%5b%2fCOLOR%5d&amp;original_title=Get%20Even&amp;season=1&amp;show_original_year=2020&amp;tmdbid=376945&amp;url=https%3a%2f%2fapi.themoviedb.org%2f3%2ftv%2f99335%3fapi_key%3d34142515d9d23817496eeb4ff1d223d0%26language%3den%26append_to_response%3dexternal_ids&amp;video_data=%7b%22rating%22%3a%20%220%22%2c%20%22episode%22%3a%200%2c%20%22title%22%3a%20%22%5bCOLOR%20white%5d%5cu05e2%5cu05d5%5cu05e0%5cu05d4%201%5b%2fCOLOR%5d%22%2c%20%22season%22%3a%200%2c%20%22TVshowtitle%22%3a%20%22%22%2c%20%22mediatype%22%3a%20%22movie%22%2c%20%22plot%22%3a%20%22%5bCOLOR%20aqua%5d%20%5cu05e9%5cu05d5%5cu05d3%5cu05e8%20%5cu05d1%5cu05ea%5cu05d0%5cu05e8%5cu05d9%5cu05da%2015-02-2020%5b%2fCOLOR%5d%5cnOn%20the%20surface%20Kitty%2c%20Margot%2c%20Bree%20and%20Olivia%20appear%20to%20have%20nothing%20in%20common%20-%20but%20there%5cu2019s%20one%20passion%20which%20unites%20them%3a%20to%20expose%20injustice.%20They%20form%20their%20own%20secret%20society%2c%20DGM%20-%20they%20Don%5cu2019t%20Get%20Mad%2c%20they%20Get%20Even%20-%20playing%20anonymous%20pranks%20to%20expose%20bullies.%22%2c%20%22OriginalTitle%22%3a%20%22Get%20Even%22%2c%20%22Tag%22%3a%20%2216%22%2c%20%22year%22%3a%20%222020%22%7d&quot"/>
</include>

<include content="baseepisods">
<param name="baseid" value="5"/>
<param name="labelname" value="הזר"/>
<param name="baseeipisod" value="501"/>
<param name="networkname" value="Unknown"/>
<param name="networkcolor" value="red"/>
<param name="notvisible" value="![control.hasfocus(6) | Container(35).HasFocus(2)]"/>
<param name="baseepisodcontent" value="plugin://plugin.video.sdarot.tv/season/5154/1/%D7%94%D7%96%D7%A8/The+Outsider&quot"/>
</include>

<include content="baseepisods">
<param name="baseid" value="5"/>
<param name="labelname" value="שער שבע"/>
<param name="baseeipisod" value="502"/>
<param name="networkname" value="Unknown"/>
<param name="networkcolor" value="red"/>
<param name="notvisible" value="![control.hasfocus(6) | Container(35).HasFocus(2)]"/>
<param name="baseepisodcontent" value="plugin://plugin.video.mando/?all_w=%7b%7d&amp;data=2020&amp;dates=%20&amp;description=%5bCOLOR%20aqua%5d%20%d7%a9%d7%95%d7%93%d7%a8%20%d7%91%d7%aa%d7%90%d7%a8%d7%99%d7%9a%2021-02-2020%5b%2fCOLOR%5d%0aA%20determined%20woman%20works%20to%20rid%20an%20Argentine%20soccer%20club%20of%20the%20violent%20crime%20and%20corruption%20surrounding%20its%20intense%20fanbase.&amp;eng_name=%20&amp;episode=%20&amp;fanart=https%3a%2f%2fimage.tmdb.org%2ft%2fp%2foriginal%2f%2feYrPeNV0W3zKfyZB9Ml9DQy7RPq.jpg&amp;fav_status=false&amp;heb_name=%d7%a9%d7%a2%d7%a8%207&amp;iconimage=https%3a%2f%2fimage.tmdb.org%2ft%2fp%2foriginal%2f%2fnLQkRwxwKJqbnJZG3vh0UcyYVxj.jpg&amp;id=99633&amp;image_master&amp;isr=0&amp;last_id&amp;mode=19&amp;name=%5bCOLOR%20white%5d%d7%a2%d7%95%d7%a0%d7%94%201%5b%2fCOLOR%5d&amp;original_title=Puerta%207&amp;season=1&amp;show_original_year=2020&amp;tmdbid=368934&amp;url=https%3a%2f%2fapi.themoviedb.org%2f3%2ftv%2f99633%3fapi_key%3d34142515d9d23817496eeb4ff1d223d0%26language%3den%26append_to_response%3dexternal_ids&amp;video_data=%7b%22rating%22%3a%20%220%22%2c%20%22episode%22%3a%200%2c%20%22title%22%3a%20%22%5bCOLOR%20white%5d%5cu05e2%5cu05d5%5cu05e0%5cu05d4%201%5b%2fCOLOR%5d%22%2c%20%22season%22%3a%200%2c%20%22TVshowtitle%22%3a%20%22%22%2c%20%22mediatype%22%3a%20%22movie%22%2c%20%22plot%22%3a%20%22%5bCOLOR%20aqua%5d%20%5cu05e9%5cu05d5%5cu05d3%5cu05e8%20%5cu05d1%5cu05ea%5cu05d0%5cu05e8%5cu05d9%5cu05da%2021-02-2020%5b%2fCOLOR%5d%5cnA%20determined%20woman%20works%20to%20rid%20an%20Argentine%20soccer%20club%20of%20the%20violent%20crime%20and%20corruption%20surrounding%20its%20intense%20fanbase.%22%2c%20%22OriginalTitle%22%3a%20%22Puerta%207%22%2c%20%22Tag%22%3a%20%2216%22%2c%20%22year%22%3a%20%222020%22%7d&quot"/>
</include>

<include content="baseepisods">
<param name="baseid" value="5"/>
<param name="labelname" value="בלב האוקיינוס"/>
<param name="baseeipisod" value="503"/>
<param name="networkname" value="Unknown"/>
<param name="networkcolor" value="red"/>
<param name="notvisible" value="![control.hasfocus(6) | Container(35).HasFocus(2)]"/>
<param name="baseepisodcontent" value="plugin://plugin.video.mando/?all_w=%7b%7d&amp;data=2019&amp;dates=%20&amp;description=%5bCOLOR%20aqua%5d%20%d7%a9%d7%95%d7%93%d7%a8%20%d7%91%d7%aa%d7%90%d7%a8%d7%99%d7%9a%2022-11-2019%5b%2fCOLOR%5d%0aTwo%20sisters%20discover%20disturbing%20family%20secrets%20after%20a%20string%20of%20mysterious%20deaths%20occur%20on%20a%20luxury%20ship%20traveling%20from%20Spain%20to%20Brazil%20in%20the%201940s.&amp;eng_name=%20&amp;episode=%20&amp;fanart=https%3a%2f%2fimage.tmdb.org%2ft%2fp%2foriginal%2f%2fgaktroJakyvAuiY2umSMLyjROis.jpg&amp;fav_status=false&amp;heb_name=%d7%91%d7%9c%d7%91%20%d7%94%d7%90%d7%95%d7%a7%d7%99%d7%99%d7%a0%d7%95%d7%a1&amp;iconimage=https%3a%2f%2fimage.tmdb.org%2ft%2fp%2foriginal%2f%2flzrnCDxQDvciVPWH9idxKRNaLKk.jpg&amp;id=88239&amp;image_master&amp;isr=0&amp;last_id&amp;mode=19&amp;name=%5bCOLOR%20white%5d%d7%a2%d7%95%d7%a0%d7%94%202%5b%2fCOLOR%5d&amp;original_title=High%20Seas&amp;season=2&amp;show_original_year=2019&amp;tmdbid=353568&amp;url=https%3a%2f%2fapi.themoviedb.org%2f3%2ftv%2f88239%3fapi_key%3d34142515d9d23817496eeb4ff1d223d0%26language%3den%26append_to_response%3dexternal_ids&amp;video_data=%7b%22rating%22%3a%20%220%22%2c%20%22episode%22%3a%200%2c%20%22title%22%3a%20%22%5bCOLOR%20white%5d%5cu05e2%5cu05d5%5cu05e0%5cu05d4%202%5b%2fCOLOR%5d%22%2c%20%22season%22%3a%200%2c%20%22TVshowtitle%22%3a%20%22%22%2c%20%22mediatype%22%3a%20%22movie%22%2c%20%22plot%22%3a%20%22%5bCOLOR%20aqua%5d%20%5cu05e9%5cu05d5%5cu05d3%5cu05e8%20%5cu05d1%5cu05ea%5cu05d0%5cu05e8%5cu05d9%5cu05da%2022-11-2019%5b%2fCOLOR%5d%5cnTwo%20sisters%20discover%20disturbing%20family%20secrets%20after%20a%20string%20of%20mysterious%20deaths%20occur%20on%20a%20luxury%20ship%20traveling%20from%20Spain%20to%20Brazil%20in%20the%201940s.%22%2c%20%22OriginalTitle%22%3a%20%22High%20Seas%22%2c%20%22Tag%22%3a%20%2216%22%2c%20%22year%22%3a%20%222019%22%7d&quot"/>
</include>

<include content="baseepisods">
<param name="baseid" value="5"/>
<param name="labelname" value="השריף"/>
<param name="baseeipisod" value="504"/>
<param name="networkname" value="Unknown"/>
<param name="networkcolor" value="red"/>
<param name="notvisible" value="![control.hasfocus(6) | Container(35).HasFocus(2)]"/>
<param name="baseepisodcontent" value="plugin://plugin.video.mando/?all_w=%7b%7d&amp;data=2020&amp;dates=%20&amp;description=%5bCOLOR%20aqua%5d%20%d7%a9%d7%95%d7%93%d7%a8%20%d7%91%d7%aa%d7%90%d7%a8%d7%99%d7%9a%2002-01-2020%5b%2fCOLOR%5d%0aWhen%20the%20Los%20Angeles%20County%e2%80%99s%20Sheriff%20dies%2c%20an%20arcane%20rule%20forged%20back%20in%20the%20Wild%20West%20thrusts%20the%20most%20unlikely%20man%20into%20the%20job%3a%20a%20fifth-generation%20lawman%2c%20more%20comfortable%20taking%20down%20bad%20guys%20than%20navigating%20a%20sea%20of%20politics%2c%20who%20won%e2%80%99t%20rest%20until%20justice%20is%20served.&amp;eng_name=%20&amp;episode=%20&amp;fanart=https%3a%2f%2fimage.tmdb.org%2ft%2fp%2foriginal%2f%2fyVOA48U97i9NJYovcxuxuLL1po5.jpg&amp;fav_status=false&amp;heb_name=%d7%94%d7%a9%d7%a8%d7%99%d7%a3&amp;iconimage=https%3a%2f%2fimage.tmdb.org%2ft%2fp%2foriginal%2f%2ftJHcuQO7aZGFY472Q2KuQbAO0JP.jpg&amp;id=89498&amp;image_master&amp;isr=0&amp;last_id&amp;mode=19&amp;name=%5bCOLOR%20white%5d%d7%a2%d7%95%d7%a0%d7%94%201%5b%2fCOLOR%5d&amp;original_title=Deputy&amp;season=1&amp;show_original_year=2020&amp;tmdbid=354265&amp;url=https%3a%2f%2fapi.themoviedb.org%2f3%2ftv%2f89498%3fapi_key%3d34142515d9d23817496eeb4ff1d223d0%26language%3den%26append_to_response%3dexternal_ids&amp;video_data=%7b%22rating%22%3a%20%220%22%2c%20%22episode%22%3a%200%2c%20%22title%22%3a%20%22%5bCOLOR%20white%5d%5cu05e2%5cu05d5%5cu05e0%5cu05d4%201%5b%2fCOLOR%5d%22%2c%20%22season%22%3a%200%2c%20%22TVshowtitle%22%3a%20%22%22%2c%20%22mediatype%22%3a%20%22movie%22%2c%20%22plot%22%3a%20%22%5bCOLOR%20aqua%5d%20%5cu05e9%5cu05d5%5cu05d3%5cu05e8%20%5cu05d1%5cu05ea%5cu05d0%5cu05e8%5cu05d9%5cu05da%2002-01-2020%5b%2fCOLOR%5d%5cnWhen%20the%20Los%20Angeles%20County%5cu2019s%20Sheriff%20dies%2c%20an%20arcane%20rule%20forged%20back%20in%20the%20Wild%20West%20thrusts%20the%20most%20unlikely%20man%20into%20the%20job%3a%20a%20fifth-generation%20lawman%2c%20more%20comfortable%20taking%20down%20bad%20guys%20than%20navigating%20a%20sea%20of%20politics%2c%20who%20won%5cu2019t%20rest%20until%20justice%20is%20served.%22%2c%20%22OriginalTitle%22%3a%20%22Deputy%22%2c%20%22Tag%22%3a%20%2216%22%2c%20%22year%22%3a%20%222020%22%7d&quot"/>
</include>

<include content="baseepisods">
<param name="baseid" value="5"/>
<param name="labelname" value="פרויד"/>
<param name="baseeipisod" value="505"/>
<param name="networkname" value="Unknown"/>
<param name="networkcolor" value="red"/>
<param name="notvisible" value="![control.hasfocus(6) | Container(35).HasFocus(2)]"/>
<param name="baseepisodcontent" value="plugin://plugin.video.mando/?all_w=%7b%7d&amp;data=2020&amp;dates=%20&amp;description=%5bCOLOR%20aqua%5d%20%d7%a9%d7%95%d7%93%d7%a8%20%d7%91%d7%aa%d7%90%d7%a8%d7%99%d7%9a%2015-03-2020%5b%2fCOLOR%5d%0aEager%20to%20make%20his%20name%20in%2019th-century%20Vienna%2c%20a%20hungry%20young%20Sigmund%20Freud%20joins%20a%20psychic%20and%20an%20inspector%20to%20solve%20a%20string%20of%20bloody%20mysteries.&amp;eng_name=%20&amp;episode=%20&amp;fanart=https%3a%2f%2fimage.tmdb.org%2ft%2fp%2foriginal%2f%2fpXgwkDYoA1mjHFLrfXaXvwI3kca.jpg&amp;fav_status=false&amp;heb_name=%d7%a4%d7%a8%d7%95%d7%99%d7%93&amp;iconimage=https%3a%2f%2fimage.tmdb.org%2ft%2fp%2foriginal%2f%2flWMwa2ZtO9yPUSEAGAQttVWxkpR.jpg&amp;id=99509&amp;image_master&amp;isr=0&amp;last_id&amp;mode=19&amp;name=%5bCOLOR%20white%5d%d7%a2%d7%95%d7%a0%d7%94%201%5b%2fCOLOR%5d&amp;original_title=Freud&amp;season=1&amp;show_original_year=2020&amp;tmdbid=373881&amp;url=https%3a%2f%2fapi.themoviedb.org%2f3%2ftv%2f99509%3fapi_key%3d34142515d9d23817496eeb4ff1d223d0%26language%3den%26append_to_response%3dexternal_ids&amp;video_data=%7b%22rating%22%3a%20%220%22%2c%20%22episode%22%3a%200%2c%20%22title%22%3a%20%22%5bCOLOR%20white%5d%5cu05e2%5cu05d5%5cu05e0%5cu05d4%201%5b%2fCOLOR%5d%22%2c%20%22season%22%3a%200%2c%20%22TVshowtitle%22%3a%20%22%22%2c%20%22mediatype%22%3a%20%22movie%22%2c%20%22plot%22%3a%20%22%5bCOLOR%20aqua%5d%20%5cu05e9%5cu05d5%5cu05d3%5cu05e8%20%5cu05d1%5cu05ea%5cu05d0%5cu05e8%5cu05d9%5cu05da%2015-03-2020%5b%2fCOLOR%5d%5cnEager%20to%20make%20his%20name%20in%2019th-century%20Vienna%2c%20a%20hungry%20young%20Sigmund%20Freud%20joins%20a%20psychic%20and%20an%20inspector%20to%20solve%20a%20string%20of%20bloody%20mysteries.%22%2c%20%22OriginalTitle%22%3a%20%22Freud%22%2c%20%22Tag%22%3a%20%2216%22%2c%20%22year%22%3a%20%222020%22%7d&quot"/>
</include>

<include content="baseepisods">
<param name="baseid" value="5"/>
<param name="labelname" value="המפרץ"/>
<param name="baseeipisod" value="506"/>
<param name="networkname" value="Unknown"/>
<param name="networkcolor" value="red"/>
<param name="notvisible" value="![control.hasfocus(6) | Container(35).HasFocus(2)]"/>
<param name="baseepisodcontent" value="plugin://plugin.video.mando/?all_w=%7b%7d&amp;data=2019&amp;dates=%20&amp;description=%5bCOLOR%20aqua%5d%20%d7%a9%d7%95%d7%93%d7%a8%20%d7%91%d7%aa%d7%90%d7%a8%d7%99%d7%9a%2020-03-2019%5b%2fCOLOR%5d%0aFamily%20Liaison%20Officer%20Lisa%20Armstrong%20becomes%20a%20little%20too%20emotionally%20involved%20with%20a%20case%20(to%20the%20point%20where%20she%20might%20compromise%20it)%20concerning%20a%20pair%20of%20missing%20Morecambe%20twins%20to%20whose%20distraught%20parents%20she%20is%20assigned.&amp;eng_name=%20&amp;episode=%20&amp;fanart=https%3a%2f%2fimage.tmdb.org%2ft%2fp%2foriginal%2f%2f2rJcG9Ti9Bj3bKOsCKYy5nu6U1j.jpg&amp;fav_status=false&amp;heb_name=%d7%94%d7%9e%d7%a4%d7%a8%d7%a5&amp;iconimage=https%3a%2f%2fimage.tmdb.org%2ft%2fp%2foriginal%2f%2f9tszP1BJaIbXnFx9tJ9dliOFqhA.jpg&amp;id=87773&amp;image_master&amp;isr=0&amp;last_id&amp;mode=19&amp;name=%5bCOLOR%20white%5d%d7%a2%d7%95%d7%a0%d7%94%201%5b%2fCOLOR%5d&amp;original_title=The%20Bay&amp;season=1&amp;show_original_year=2019&amp;tmdbid=362272&amp;url=https%3a%2f%2fapi.themoviedb.org%2f3%2ftv%2f87773%3fapi_key%3d34142515d9d23817496eeb4ff1d223d0%26language%3den%26append_to_response%3dexternal_ids&amp;video_data=%7b%22rating%22%3a%20%220%22%2c%20%22episode%22%3a%200%2c%20%22title%22%3a%20%22%5bCOLOR%20white%5d%5cu05e2%5cu05d5%5cu05e0%5cu05d4%201%5b%2fCOLOR%5d%22%2c%20%22season%22%3a%200%2c%20%22TVshowtitle%22%3a%20%22%22%2c%20%22mediatype%22%3a%20%22movie%22%2c%20%22plot%22%3a%20%22%5bCOLOR%20aqua%5d%20%5cu05e9%5cu05d5%5cu05d3%5cu05e8%20%5cu05d1%5cu05ea%5cu05d0%5cu05e8%5cu05d9%5cu05da%2020-03-2019%5b%2fCOLOR%5d%5cnFamily%20Liaison%20Officer%20Lisa%20Armstrong%20becomes%20a%20little%20too%20emotionally%20involved%20with%20a%20case%20(to%20the%20point%20where%20she%20might%20compromise%20it)%20concerning%20a%20pair%20of%20missing%20Morecambe%20twins%20to%20whose%20distraught%20parents%20she%20is%20assigned.%22%2c%20%22OriginalTitle%22%3a%20%22The%20Bay%22%2c%20%22Tag%22%3a%20%2216%22%2c%20%22year%22%3a%20%222019%22%7d&quot"/>
</include>

<include content="baseepisods">
<param name="baseid" value="5"/>
<param name="labelname" value="לומר את האמת"/>
<param name="baseeipisod" value="507"/>
<param name="networkname" value="Unknown"/>
<param name="networkcolor" value="red"/>
<param name="notvisible" value="![control.hasfocus(6) | Container(35).HasFocus(2)]"/>
<param name="baseepisodcontent" value="plugin://plugin.video.mando/?all_w=%7b%7d&amp;data=2019&amp;dates=%20&amp;description=%5bCOLOR%20aqua%5d%20%d7%a9%d7%95%d7%93%d7%a8%20%d7%91%d7%aa%d7%90%d7%a8%d7%99%d7%9a%2006-12-2019%5b%2fCOLOR%5d%0aDescend%20into%20the%20world%20of%20true-crime%20podcasts.%20New%20evidence%20compels%20podcaster%20Poppy%20Parnell%20to%20reopen%20the%20murder%20case%20that%20made%20her%20a%20media%20sensation.&amp;eng_name=%20&amp;episode=%20&amp;fanart=https%3a%2f%2fimage.tmdb.org%2ft%2fp%2foriginal%2f%2fuiRlo9ndklmwGsC1e3P2nDceFU1.jpg&amp;fav_status=false&amp;heb_name=%d7%9c%d7%95%d7%9e%d7%a8%20%d7%90%d7%aa%20%d7%94%d7%90%d7%9e%d7%aa&amp;iconimage=https%3a%2f%2fimage.tmdb.org%2ft%2fp%2foriginal%2f%2f3T2TJ61ems7ArVGwb6kiVuKcdUk.jpg&amp;id=80054&amp;image_master&amp;isr=0&amp;last_id&amp;mode=19&amp;name=%5bCOLOR%20white%5d%d7%a2%d7%95%d7%a0%d7%94%201%5b%2fCOLOR%5d&amp;original_title=Truth%20Be%20Told&amp;season=1&amp;show_original_year=2019&amp;tmdbid=351527&amp;url=https%3a%2f%2fapi.themoviedb.org%2f3%2ftv%2f80054%3fapi_key%3d34142515d9d23817496eeb4ff1d223d0%26language%3den%26append_to_response%3dexternal_ids&amp;video_data=%7b%22rating%22%3a%20%220%22%2c%20%22episode%22%3a%200%2c%20%22title%22%3a%20%22%5bCOLOR%20white%5d%5cu05e2%5cu05d5%5cu05e0%5cu05d4%201%5b%2fCOLOR%5d%22%2c%20%22season%22%3a%200%2c%20%22TVshowtitle%22%3a%20%22%22%2c%20%22mediatype%22%3a%20%22movie%22%2c%20%22plot%22%3a%20%22%5bCOLOR%20aqua%5d%20%5cu05e9%5cu05d5%5cu05d3%5cu05e8%20%5cu05d1%5cu05ea%5cu05d0%5cu05e8%5cu05d9%5cu05da%2006-12-2019%5b%2fCOLOR%5d%5cnDescend%20into%20the%20world%20of%20true-crime%20podcasts.%20New%20evidence%20compels%20podcaster%20Poppy%20Parnell%20to%20reopen%20the%20murder%20case%20that%20made%20her%20a%20media%20sensation.%22%2c%20%22OriginalTitle%22%3a%20%22Truth%20Be%20Told%22%2c%20%22Tag%22%3a%20%2216%22%2c%20%22year%22%3a%20%222019%22%7d&quot"/>
</include>

<include content="baseepisods">
<param name="baseid" value="5"/>
<param name="labelname" value="למה נשים רוצחות"/>
<param name="baseeipisod" value="508"/>
<param name="networkname" value="Unknown"/>
<param name="networkcolor" value="red"/>
<param name="notvisible" value="![control.hasfocus(6) | Container(35).HasFocus(2)]"/>
<param name="baseepisodcontent" value="plugin://plugin.video.mando/?all_w=%7b%7d&amp;data=2019&amp;dates=%20&amp;description=%5bCOLOR%20aqua%5d%20%d7%a9%d7%95%d7%93%d7%a8%20%d7%91%d7%aa%d7%90%d7%a8%d7%99%d7%9a%2015-08-2019%5b%2fCOLOR%5d%0aThree%20women%20living%20in%20three%20different%20decades%3a%20a%20housewife%20in%20the%20%2760s%2c%20a%20socialite%20in%20the%20%2780s%20and%20a%20lawyer%20in%202018%2c%20deal%20with%20infidelity%20in%20their%20marriages.&amp;eng_name=%20&amp;episode=%20&amp;fanart=https%3a%2f%2fimage.tmdb.org%2ft%2fp%2foriginal%2f%2fwgu90fpDfSbXxGvu1l2zunPRQGb.jpg&amp;fav_status=false&amp;heb_name=%d7%9c%d7%9e%d7%94%20%d7%a0%d7%a9%d7%99%d7%9d%20%d7%a8%d7%95%d7%a6%d7%97%d7%95%d7%aa&amp;iconimage=https%3a%2f%2fimage.tmdb.org%2ft%2fp%2foriginal%2f%2fa6yrDXLGP54Mx7EfvQJFW8vfzbj.jpg&amp;id=87428&amp;image_master&amp;isr=0&amp;last_id&amp;mode=19&amp;name=%5bCOLOR%20white%5d%d7%a2%d7%95%d7%a0%d7%94%201%5b%2fCOLOR%5d&amp;original_title=Why%20Women%20Kill&amp;season=1&amp;show_original_year=2019&amp;tmdbid=365069&amp;url=https%3a%2f%2fapi.themoviedb.org%2f3%2ftv%2f87428%3fapi_key%3d34142515d9d23817496eeb4ff1d223d0%26language%3den%26append_to_response%3dexternal_ids&amp;video_data=%7b%22rating%22%3a%20%220%22%2c%20%22episode%22%3a%200%2c%20%22title%22%3a%20%22%5bCOLOR%20white%5d%5cu05e2%5cu05d5%5cu05e0%5cu05d4%201%5b%2fCOLOR%5d%22%2c%20%22season%22%3a%200%2c%20%22TVshowtitle%22%3a%20%22%22%2c%20%22mediatype%22%3a%20%22movie%22%2c%20%22plot%22%3a%20%22%5bCOLOR%20aqua%5d%20%5cu05e9%5cu05d5%5cu05d3%5cu05e8%20%5cu05d1%5cu05ea%5cu05d0%5cu05e8%5cu05d9%5cu05da%2015-08-2019%5b%2fCOLOR%5d%5cnThree%20women%20living%20in%20three%20different%20decades%3a%20a%20housewife%20in%20the%20%2760s%2c%20a%20socialite%20in%20the%20%2780s%20and%20a%20lawyer%20in%202018%2c%20deal%20with%20infidelity%20in%20their%20marriages.%22%2c%20%22OriginalTitle%22%3a%20%22Why%20Women%20Kill%22%2c%20%22Tag%22%3a%20%2216%22%2c%20%22year%22%3a%20%222019%22%7d&quot"/>
</include>

<include content="baseepisods">
<param name="baseid" value="5"/>
<param name="labelname" value="נשק קטלני"/>
<param name="baseeipisod" value="509"/>
<param name="networkname" value="Unknown"/>
<param name="networkcolor" value="red"/>
<param name="notvisible" value="![control.hasfocus(6) | Container(35).HasFocus(2)]"/>
<param name="baseepisodcontent" value="plugin://plugin.video.mando/?all_w=%7b%7d&amp;data=2018&amp;dates=%20&amp;description=%5bCOLOR%20aqua%5d%20%d7%a9%d7%95%d7%93%d7%a8%20%d7%91%d7%aa%d7%90%d7%a8%d7%99%d7%9a%2025-09-2018%5b%2fCOLOR%5d%0aA%20slightly%20unhinged%20former%20Navy%20SEAL%20lands%20a%20job%20as%20a%20police%20officer%20in%20Los%20Angeles%20where%20he%27s%20partnered%20with%20a%20veteran%20detective%20trying%20to%20keep%20maintain%20a%20low%20stress%20level%20in%20his%20life.&amp;eng_name=%20&amp;episode=%20&amp;fanart=https%3a%2f%2fimage.tmdb.org%2ft%2fp%2foriginal%2f%2fyqZ5ACKeNJ30mylUEzvtWZu4pGU.jpg&amp;fav_status=false&amp;heb_name=%d7%a0%d7%a9%d7%a7%20%d7%a7%d7%98%d7%9c%d7%a0%d7%99&amp;iconimage=https%3a%2f%2fimage.tmdb.org%2ft%2fp%2foriginal%2f%2fjbMZkxLHVDSKiZh0HppCthRW96k.jpg&amp;id=67116&amp;image_master&amp;isr=0&amp;last_id&amp;mode=19&amp;name=%5bCOLOR%20white%5d%d7%a2%d7%95%d7%a0%d7%94%203%5b%2fCOLOR%5d&amp;original_title=Lethal%20Weapon&amp;season=3&amp;show_original_year=2016&amp;tmdbid=311790&amp;url=https%3a%2f%2fapi.themoviedb.org%2f3%2ftv%2f67116%3fapi_key%3d34142515d9d23817496eeb4ff1d223d0%26language%3den%26append_to_response%3dexternal_ids&amp;video_data=%7b%22rating%22%3a%20%220%22%2c%20%22episode%22%3a%200%2c%20%22title%22%3a%20%22%5bCOLOR%20white%5d%5cu05e2%5cu05d5%5cu05e0%5cu05d4%203%5b%2fCOLOR%5d%22%2c%20%22season%22%3a%200%2c%20%22TVshowtitle%22%3a%20%22%22%2c%20%22mediatype%22%3a%20%22movie%22%2c%20%22plot%22%3a%20%22%5bCOLOR%20aqua%5d%20%5cu05e9%5cu05d5%5cu05d3%5cu05e8%20%5cu05d1%5cu05ea%5cu05d0%5cu05e8%5cu05d9%5cu05da%2025-09-2018%5b%2fCOLOR%5d%5cnA%20slightly%20unhinged%20former%20Navy%20SEAL%20lands%20a%20job%20as%20a%20police%20officer%20in%20Los%20Angeles%20where%20he%27s%20partnered%20with%20a%20veteran%20detective%20trying%20to%20keep%20maintain%20a%20low%20stress%20level%20in%20his%20life.%22%2c%20%22OriginalTitle%22%3a%20%22Lethal%20Weapon%22%2c%20%22Tag%22%3a%20%2216%22%2c%20%22year%22%3a%20%222018%22%7d&quot"/>
</include>

<include content="baseepisods">
<param name="baseid" value="5"/>
<param name="labelname" value="סמויים"/>
<param name="baseeipisod" value="510"/>
<param name="networkname" value="Unknown"/>
<param name="networkcolor" value="red"/>
<param name="notvisible" value="![control.hasfocus(6) | Container(35).HasFocus(2)]"/>
<param name="baseepisodcontent" value="plugin://plugin.video.mando/?all_w=%7b%7d&amp;data=2019&amp;dates=%20&amp;description=%5bCOLOR%20aqua%5d%20%d7%a9%d7%95%d7%93%d7%a8%20%d7%91%d7%aa%d7%90%d7%a8%d7%99%d7%9a%2024-02-2019%5b%2fCOLOR%5d%0aUndercover%20agents%20infiltrate%20a%20drug%20kingpin%27s%20operation%20by%20posing%20as%20a%20couple%20at%20the%20campground%20where%20he%20spends%20his%20weekends.%20Inspired%20by%20real%20events.&amp;eng_name=%20&amp;episode=%20&amp;fanart=https%3a%2f%2fimage.tmdb.org%2ft%2fp%2foriginal%2f%2fxyEXsa59TIu8ELeIMQtXyXpmRMh.jpg&amp;fav_status=false&amp;heb_name=%d7%a1%d7%9e%d7%95%d7%99%d7%99%d7%9d&amp;iconimage=https%3a%2f%2fimage.tmdb.org%2ft%2fp%2foriginal%2f%2fvxMMFnDCMw9ZCSHNQSb2XLNr7gt.jpg&amp;id=86942&amp;image_master&amp;isr=0&amp;last_id&amp;mode=19&amp;name=%5bCOLOR%20white%5d%d7%a2%d7%95%d7%a0%d7%94%201%5b%2fCOLOR%5d&amp;original_title=Undercover&amp;season=1&amp;show_original_year=2019&amp;tmdbid=349695&amp;url=https%3a%2f%2fapi.themoviedb.org%2f3%2ftv%2f86942%3fapi_key%3d34142515d9d23817496eeb4ff1d223d0%26language%3den%26append_to_response%3dexternal_ids&amp;video_data=%7b%22rating%22%3a%20%220%22%2c%20%22episode%22%3a%200%2c%20%22title%22%3a%20%22%5bCOLOR%20white%5d%5cu05e2%5cu05d5%5cu05e0%5cu05d4%201%5b%2fCOLOR%5d%22%2c%20%22season%22%3a%200%2c%20%22TVshowtitle%22%3a%20%22%22%2c%20%22mediatype%22%3a%20%22movie%22%2c%20%22plot%22%3a%20%22%5bCOLOR%20aqua%5d%20%5cu05e9%5cu05d5%5cu05d3%5cu05e8%20%5cu05d1%5cu05ea%5cu05d0%5cu05e8%5cu05d9%5cu05da%2024-02-2019%5b%2fCOLOR%5d%5cnUndercover%20agents%20infiltrate%20a%20drug%20kingpin%27s%20operation%20by%20posing%20as%20a%20couple%20at%20the%20campground%20where%20he%20spends%20his%20weekends.%20Inspired%20by%20real%20events.%22%2c%20%22OriginalTitle%22%3a%20%22Undercover%22%2c%20%22Tag%22%3a%20%2216%22%2c%20%22year%22%3a%20%222019%22%7d&quot"/>
</include>

<include content="baseepisods">
<param name="baseid" value="5"/>
<param name="labelname" value="נותנות בראש"/>
<param name="baseeipisod" value="511"/>
<param name="networkname" value="Unknown"/>
<param name="networkcolor" value="red"/>
<param name="notvisible" value="![control.hasfocus(6) | Container(35).HasFocus(2)]"/>
<param name="baseepisodcontent" value="plugin://plugin.video.shadow/?all_w=%7b%7d&amp;data=2020&amp;dates=%20&amp;description=%5bCOLOR%20aqua%5d%20Aired%20At%2014-08-2020%5b%2fCOLOR%5d%0aAfter%20joining%20forces%20with%20a%20veteran%20bounty%20hunter%2c%20sixteen-year-old%20fraternal%20twin%20sisters%20Sterling%20and%20Blair%20dive%20into%20the%20world%20of%20bail%20skipping%20baddies%20while%20still%20navigating%20the%20high%20stakes%20of%20teenage%20love%20and%20sex.&amp;eng_name=%20&amp;episode=%20&amp;fanart=https%3a%2f%2fimage.tmdb.org%2ft%2fp%2foriginal%2f%2f63LRRGIWQxvJiW4G1fRyS70ZE6Y.jpg&amp;fav_status=false&amp;heb_name=%d7%a0%d7%95%d7%aa%d7%a0%d7%95%d7%aa%20%d7%91%d7%a8%d7%90%d7%a9&amp;iconimage=https%3a%2f%2fimage.tmdb.org%2ft%2fp%2foriginal%2f%2fgFtJaWcLAJJsSzfuWcLSeAS8aVl.jpg&amp;id=90766&amp;image_master&amp;isr=0&amp;last_id&amp;mode=19&amp;name=%5bCOLOR%20white%5dSeason%201%5b%2fCOLOR%5d&amp;original_title=Teenage%20Bounty%20Hunters&amp;season=1&amp;show_original_year=2020&amp;tmdbid=385713&amp;url=https%3a%2f%2fapi.themoviedb.org%2f3%2ftv%2f90766%3fapi_key%3d34142515d9d23817496eeb4ff1d223d0%26language%3den%26append_to_response%3dexternal_ids&amp;video_data=%7b%22rating%22%3a%20%220%22%2c%20%22episode%22%3a%200%2c%20%22title%22%3a%20%22%5bCOLOR%20white%5dSeason%201%5b%2fCOLOR%5d%22%2c%20%22season%22%3a%200%2c%20%22TVshowtitle%22%3a%20%22%22%2c%20%22mediatype%22%3a%20%22movie%22%2c%20%22plot%22%3a%20%22%5bCOLOR%20aqua%5d%20Aired%20At%2014-08-2020%5b%2fCOLOR%5d%5cnAfter%20joining%20forces%20with%20a%20veteran%20bounty%20hunter%2c%20sixteen-year-old%20fraternal%20twin%20sisters%20Sterling%20and%20Blair%20dive%20into%20the%20world%20of%20bail%20skipping%20baddies%20while%20still%20navigating%20the%20high%20stakes%20of%20teenage%20love%20and%20sex.%22%2c%20%22OriginalTitle%22%3a%20%22Teenage%20Bounty%20Hunters%22%2c%20%22Tag%22%3a%20%2216%22%2c%20%22year%22%3a%20%222020%22%7d&quot"/>
</include>

<include content="baseepisods">
<param name="baseid" value="5"/>
<param name="labelname" value="שוד המאה"/>
<param name="baseeipisod" value="512"/>
<param name="networkname" value="Unknown"/>
<param name="networkcolor" value="red"/>
<param name="notvisible" value="![control.hasfocus(6) | Container(35).HasFocus(2)]"/>
<param name="baseepisodcontent" value="plugin://plugin.video.mando/?all_w=%7b%7d&amp;data=2020&amp;dates=%20&amp;description=%5bCOLOR%20aqua%5d%20%d7%a9%d7%95%d7%93%d7%a8%20%d7%91%d7%aa%d7%90%d7%a8%d7%99%d7%9a%2014-08-2020%5b%2fCOLOR%5d%0aBased%20on%20the%201994%20robbery%20of%20US%2433%20million%20from%20Colombia%27s%20central%20bank%2c%20which%20turned%20the%20country%20upside%20down.&amp;eng_name=%20&amp;episode=%20&amp;fanart=https%3a%2f%2fimage.tmdb.org%2ft%2fp%2foriginal%2f%2f7iBs4QZXYDwQt5Cf0mhrOWKbYFT.jpg&amp;fav_status=false&amp;heb_name=%d7%a9%d7%95%d7%93%20%d7%94%d7%9e%d7%90%d7%94&amp;iconimage=https%3a%2f%2fimage.tmdb.org%2ft%2fp%2foriginal%2f%2fj52EFofX8hCoenmvDC4AOppoPWu.jpg&amp;id=104555&amp;image_master&amp;isr=0&amp;last_id&amp;mode=19&amp;name=%5bCOLOR%20white%5d%d7%a2%d7%95%d7%a0%d7%94%201%5b%2fCOLOR%5d&amp;original_title=The%20Great%20Heist&amp;season=1&amp;show_original_year=2020&amp;tmdbid=383619&amp;url=https%3a%2f%2fapi.themoviedb.org%2f3%2ftv%2f104555%3fapi_key%3d34142515d9d23817496eeb4ff1d223d0%26language%3den%26append_to_response%3dexternal_ids&amp;video_data=%7b%22rating%22%3a%20%220%22%2c%20%22episode%22%3a%200%2c%20%22title%22%3a%20%22%5bCOLOR%20white%5d%5cu05e2%5cu05d5%5cu05e0%5cu05d4%201%5b%2fCOLOR%5d%22%2c%20%22season%22%3a%200%2c%20%22TVshowtitle%22%3a%20%22%22%2c%20%22mediatype%22%3a%20%22movie%22%2c%20%22plot%22%3a%20%22%5bCOLOR%20aqua%5d%20%5cu05e9%5cu05d5%5cu05d3%5cu05e8%20%5cu05d1%5cu05ea%5cu05d0%5cu05e8%5cu05d9%5cu05da%2014-08-2020%5b%2fCOLOR%5d%5cnBased%20on%20the%201994%20robbery%20of%20US%2433%20million%20from%20Colombia%27s%20central%20bank%2c%20which%20turned%20the%20country%20upside%20down.%22%2c%20%22OriginalTitle%22%3a%20%22The%20Great%20Heist%22%2c%20%22Tag%22%3a%20%2216%22%2c%20%22year%22%3a%20%222020%22%7d&quot"/>
</include>

<!--tvshow1-->
<!--
<include content="baseepisods">
<param name="baseid" value="5"/>
<param name="labelname" value=""/>
<param name="baseeipisod" value="500"/>
<param name="networkname" value="Unknown"/>
<param name="networkcolor" value="red"/>
<param name="notvisible" value="![control.hasfocus(6) | Container(35).HasFocus(2)]"/>
<param name="baseepisodcontent" value=""/>
</include>
-->



</control>


<control type="group">
<control type="multiimage">
<posx>1635</posx>
<posy>850</posy>
<width>280</width>
<height>150</height>
<imagepath>https://i.imgur.com/C7KDiR8.png</imagepath>
</control>
</control>
<control type="list" id="35">
<posx>1600</posx>
<posy>800</posy>
<width>550</width>
<height>650</height>
<onright condition="Container(35).HasFocus(1)">Control.SetFocus(5)</onright>
<onright condition="Container(35).HasFocus(2)">Control.SetFocus(6)</onright>
<onleft condition="Container(35).HasFocus(1)">Control.SetFocus(5)</onleft>
<onleft condition="Container(35).HasFocus(2)">Control.SetFocus(6)</onleft>
<orientation>vertical</orientation>
<itemlayout width="150" height="340">
<control type="label">
<posx>180</posx>
<posy>100</posy>
<width>200</width>
<height>40</height>
<align>center</align>
<textcolor>white</textcolor>
<label>$INFO[ListItem.Label]</label>
</control>
<control type="label">
<posx>145</posx>
<posy>170</posy>
<width>200</width>
<height>40</height>
<align>center</align>
<textcolor>white</textcolor>
<label>$INFO[ListItem.Label2]</label>
</control>
</itemlayout>
<focusedlayout width="150" height="340">
<control type="label">
<animation condition="Control.HasFocus(35)" effect="fade" start="0" end="100" time="1100">Conditional</animation>
<posx>180</posx>
<posy>100</posy>
<width>150</width>
<height>40</height>
<align>center</align>
<textcolor>white</textcolor>
<label>[B]$INFO[ListItem.Label][/B]</label>
</control>
<control type="label">
<visible>!control.hasfocus(35)</visible>
<posx>145</posx>
<posy>170</posy>
<width>200</width>
<height>40</height>
<align>center</align>
<textcolor>white</textcolor>
<label>$INFO[ListItem.Label2]</label>
</control>
<control type="label">

<visible>control.hasfocus(35)</visible>
<posx>145</posx>
<posy>170</posy>
<width>200</width>
<height>40</height>
<align>center</align>
<textcolor>cyan</textcolor>
<label>$INFO[ListItem.Label2]</label>
</control>
</focusedlayout>
<content>
<item id="1">
<label>-1-</label>
<label2>פשע</label2>
<onclick>Control.SetFocus(5)</onclick>
</item>

<!--<item id="2">
<label>-2-</label>
<label2>סדרות דוקו</label2>
<onclick>Control.SetFocus(6)</onclick>
</item>-->
</content>
</control>

</controls>
</window>
