<?xml version="1.0" encoding="UTF-8"?>
<!-- Foundation -->
<window id="6750" type="dialog">
<onunload>Control.SetFocus(9000)</onunload>
<defaultcontrol always="true">25</defaultcontrol>
<controls>

			<control type="multiimage">
			<posx>0</posx>
			<posy>0</posy>
			<width>1920</width>
			<height>1080</height>
			<imagepath background="true">special://skin/extras/specialbuttons/background.jpg</imagepath>
			<aspectratio aligny="top">scale</aspectratio>
			<timeperimage>80000</timeperimage>
			<randomize>true</randomize>
			<fadetime>650</fadetime>
		</control>

			<control type="list" id="25">
			<posx>1630</posx>
			<posy>60</posy>
			<width>18-col</width>
			<height>1040</height>
			<ondown>5</ondown>
			<onup>5</onup>
			<orientation>vertical</orientation>
			<onleft>Dialog.Close(6680)</onleft>
			<onback>Dialog.Close(6680)</onback>
			<scrolltime tweeb="cubic" easing="inout">450</scrolltime>
			<itemlayout width="4-col" height="115">
				<control type="image">
					<posx>0</posx>
					<posy>20</posy>
					<width>4-col-textbox</width>
					<height>105</height>
					<texture>special://skin/extras/common/context_middle.png</texture>
				</control>
				<control type="label">
					<posx>20</posx>
					<posy>0</posy>
					<width>252</width>
					<height>3-row</height>
					<wrapmultiline>true</wrapmultiline>
					<aligny>center</aligny>
					<align>center</align>
					<textcolor>white</textcolor>
					<shadowcolor></shadowcolor>
					<label>[B][CAPITALIZE]$INFO[ListItem.label][/CAPITALIZE][/B]</label>
				</control>
				<control type="label">
					<posx>20</posx>
					<posy>30</posy>
					<width>252</width>
					<height>3-row</height>
					<wrapmultiline>true</wrapmultiline>
					<aligny>center</aligny>
					<align>center</align>
					<font>font-16</font>
					<textcolor>white</textcolor>
					<shadowcolor></shadowcolor>
					<label>[CAPITALIZE]$INFO[ListItem.label2][/CAPITALIZE]</label>
				</control>
			</itemlayout>
			<focusedlayout width="4-col" height="115">
			<control type="image">
					<posx>0</posx>
					<posy>20</posy>
					<width>4-col-textbox</width>
					<height>105</height>
					<texture>special://skin/extras/common/context_middle.png</texture>
				</control>
				<control type="image">
				<visible>!Control.HasFocus(25)</visible>
					<posx>15</posx>
					<posy>22</posy>
					<width>235</width>
					<height>100</height>
					<texture>white.png</texture>
					<colordiffuse>green</colordiffuse>
					<aspectratio>stretch</aspectratio>
				</control>
				<control type="image">
				<visible>Control.HasFocus(25)</visible>
					<posx>15</posx>
					<posy>22</posy>
					<width>235</width>
					<height>100</height>
					<texture>white.png</texture>
					<colordiffuse>red</colordiffuse>
					<aspectratio>stretch</aspectratio>
				</control>
				<control type="label">
					<posx>20</posx>
					<posy>0</posy>
					<width>252</width>
					<height>3-row</height>
					<wrapmultiline>true</wrapmultiline>
					<aligny>center</aligny>
					<align>center</align>
					<textcolor>white</textcolor>
					<shadowcolor></shadowcolor>
					<label>[B][CAPITALIZE]$INFO[ListItem.label][/CAPITALIZE][/B]</label>
				</control>
				<control type="label">
					<posx>20</posx>
					<posy>30</posy>
					<width>252</width>
					<height>3-row</height>
					<wrapmultiline>true</wrapmultiline>
					<aligny>center</aligny>
					<align>center</align>
					<font>font-16</font>
					<textcolor>white</textcolor>
					<shadowcolor></shadowcolor>
					<label>[CAPITALIZE]$INFO[ListItem.label2][/CAPITALIZE]</label>
				</control>
			</focusedlayout>
			<content>
			<item>
				<label>דאנס</label>
				<label2>Dance EDM</label2>
				<onclick>Control.SetFocus(5)</onclick>
				</item>
			<item>
				<label>האוס</label>
				<label2>דיפ האוס</label2>
				<onclick>Control.SetFocus(6)</onclick>
				</item>
			<item>
				<label>אלקטרוני</label>
				<label2>מוזיקה אלקטרונית</label2>
				<onclick>Control.SetFocus(7)</onclick>
				</item>
			<item>
				<label>היפ הופ</label>
				<label2>מוזיקת היפ הופ</label2>
				<onclick>Control.SetFocus(8)</onclick>
			</item>
			<item>
				<label>האוס</label>
				<label2>מוזיקת האוס</label2>
				<onclick>Control.SetFocus(9)</onclick>
			</item>
			<item>
				<label>טראנס</label>
				<label2>מוזיקת טראנס</label2>
				<onclick>Control.SetFocus(10)</onclick>
			</item>
		    <item>
				<label>רגיי</label>
				<label2>מוזיקת רגיי</label2>
				<onclick>Control.SetFocus(11)</onclick>
			</item>
			<item>
				<label>לנגן</label>
				<label2>קפיצה לנגן</label2>
				<onclick>Control.SetFocus(8005)</onclick>
			</item>
			</content>
		</control>

			
		<control type="group">
		<posx>0</posx>
		<posy>80</posy>
		<control type="group">
		<posx>540</posx>
		<posy>510</posy>
		<height>350</height>
		<control type="image">
		<posx>0</posx>
		<posy>-220</posy>
		<width>1060</width>
		<height>330</height>
		<bordertexture colordiffuse="gray">white.png</bordertexture>
		<bordersize>3</bordersize>
		<texture>black.png</texture>
		</control>
		<control type="panel" id="8005">
		<posy>0</posy>
		<posx>-10</posx>
		<width>1000</width>
		<height>80</height>
		<orientation>horizontal</orientation>
		<ondown>402</ondown>
		<onback>25</onback>
		<itemlayout width="80" height="80">
	<control type="image">
		<posx>15</posx>
		<posy>15</posy>
		<width>45</width>
		<height>45</height>
		<texture colordiffuse="white">$INFO[ListItem.Thumb]</texture>
		</control>
		</itemlayout>
		<focusedlayout width="80" height="80">
	<control type="image">
		<posx>15</posx>
		<posy>15</posy>
		<width>45</width>
		<height>45</height>
		<texture colordiffuse="orange">$INFO[ListItem.Thumb]</texture>
	</control>
		</focusedlayout>
		<content>
		<item>
		<thumb>special://skin/extras/osd/rewind.png</thumb>
		<onclick>PlayerControl(rewind)</onclick>
		</item>
		<item>
		<thumb>special://skin/extras/osd/previous.png</thumb>
		<onclick>PlayerControl(previous)</onclick>
		</item>
		<item>
		<thumb>special://skin/extras/osd/stop.png</thumb>
		<onclick>Control.SetFocus(5)</onclick>
		<onclick>PlayerControl(Stop)</onclick>
		
		<onclick>ClearProperty(home)</onclick>
		</item>
		<item>
		<visible>Player.Paused</visible>
		<thumb>special://skin/extras/osd/play.png</thumb>
		<onclick>play</onclick>
		</item>
		<item>
		<visible>!Player.Paused</visible>
		<thumb>special://skin/extras/osd/pause.png</thumb>
		<onclick>pause</onclick>
		</item>

		<item>
		<thumb>special://skin/extras/osd/skipnext.png</thumb>
		<onclick>PlayerControl(next)</onclick>
		</item>
		<item>
		<thumb>special://skin/extras/osd/forward.png</thumb>
		<onclick>PlayerControl(forward)</onclick>
		</item>
		</content>
		</control>
		<control type="group">
		<height>350</height>
		<width>480</width>
		
		<control type="videowindow">
		<description>video</description>
		<top>-10</top>
		<posx>1370</posx>
		<width>480</width>
		<height>350</height>
		<aspectratio scalediffuse="false">stretch</aspectratio>
		</control>
		</control>
		</control>
			
			
			
				<control type="group">
						<posx>550</posx>
						<posy>580</posy>
						<control type="progress">
							<description>Progressbar Cache</description>
							<posx>0</posx>
							<posy>0</posy>
							<width>440</width>
							<height>18</height>
							<info>Player.ProgressCache</info>
							<texturebg colordiffuse="grey_a" border="1,1,1,1">special://skin/extras/osd/2.png</texturebg>
							<midtexture colordiffuse="grey_a" border="1,1,1,1">special://skin/extras/osd/5.png</midtexture>
						</control>
						<control type="progress">
							<description>Progressbar</description>
							<posx>0</posx>
							<posy>0</posy>
							<width>440</width>
							<height>18</height>
							<texturebg diffuse="special://skin/extras/circle.png" colordiffuse="darkgrey" border="1,0,1,0">special://skin/extras/osd/4.png</texturebg>
							<midtexture diffuse="special://skin/extras/circle.png" colordiffuse="deepskyblue" border="1,0,1,0">special://skin/extras/osd/5.png</midtexture>
							<lefttexture>-</lefttexture>
							<righttexture>-</righttexture>
							<info>Player.Progress</info>
						</control>

            <control type="slider" id="402">
                <posx>0</posx>
                <posy>0</posy>
                <width>440</width>
                <height>20</height>
				<onup>Control.SetFocus(8005)</onup>
				<onback>25</onback>
                <texturesliderbar diffuse="special://skin/extras/circle.png" colordiffuse="00FFFFFF">white.png</texturesliderbar>
                <textureslidernib diffuse="special://skin/extras/circle.png" colordiffuse="burlywood">white.png</textureslidernib>
				<textureslidernibfocus diffuse="special://skin/extras/circle.png" colordiffuse="">white.png</textureslidernibfocus>
                <orientation>horizontal</orientation>
				<action>seek</action>
            </control>
			</control>
			</control>
<include content="powerofmusic">
<param name="grouposx" value="0"/>
<param name="grouposy" value="360"/>
<param name="labeltileoflist" value="מוזיקה דאנס"/>
<param name="powerofmusicid" value="5"/>
<param name="onright" value="8005"/>
<param name="onback" value="6"/>
<param name="powerofmusiccontent" value="plugin://plugin.audio.soundcloud/discover/?selection=soundcloud%3asystem-playlists%3acharts-trending%3adanceedm%3ail&quot"/>
</include>

<include content="powerofmusic">
<param name="grouposx" value="0"/>
<param name="grouposy" value="0"/>
<param name="labeltileoflist" value="דיפ האוס"/>
<param name="powerofmusicid" value="6"/>
<param name="onright" value="8005"/>
<param name="onback" value="6"/>
<param name="powerofmusiccontent" value="plugin://plugin.audio.soundcloud/discover/?selection=soundcloud%3asystem-playlists%3acharts-trending%3adeephouse%3ail&quot"/>
</include>

<include content="powerofmusic">
<param name="grouposx" value="0"/>
<param name="grouposy" value="720"/>
<param name="labeltileoflist" value="מוזיקה אלקטרונית"/>
<param name="powerofmusicid" value="7"/>
<param name="onright" value="8005"/>
<param name="onback" value="5"/>
<param name="powerofmusiccontent" value="plugin://plugin.audio.soundcloud/discover/?selection=soundcloud%3asystem-playlists%3acharts-trending%3aelectronic%3ail&quot"/>
</include>

<include content="powerofmusic">
<param name="grouposx" value="550"/>
<param name="grouposy" value="720"/>
<param name="labeltileoflist" value="מוזיקת היפ הופ"/>
<param name="powerofmusicid" value="8"/>
<param name="onright" value="8005"/>
<param name="onback" value="5"/>
<param name="powerofmusiccontent" value="plugin://plugin.audio.soundcloud/discover/?selection=soundcloud%3asystem-playlists%3acharts-trending%3ahiphoprap%3ail&quot"/>
</include>

<include content="powerofmusic">
<param name="grouposx" value="1100"/>
<param name="grouposy" value="720"/>
<param name="labeltileoflist" value="מוזיקת האוס"/>
<param name="powerofmusicid" value="9"/>
<param name="onright" value="8005"/>
<param name="onback" value="5"/>
<param name="powerofmusiccontent" value="plugin://plugin.audio.soundcloud/discover/?selection=soundcloud%3asystem-playlists%3acharts-trending%3ahouse%3ail&quot"/>
</include>

<include content="powerofmusic">
<param name="grouposx" value="550"/>
<param name="grouposy" value="0"/>
<param name="labeltileoflist" value="מוזיקת טראנס"/>
<param name="powerofmusicid" value="10"/>
<param name="onright" value="8005"/>
<param name="onback" value="6"/>
<param name="powerofmusiccontent" value="plugin://plugin.audio.soundcloud/discover/?selection=soundcloud%3asystem-playlists%3acharts-trending%3atrance%3ail&quot"/>
</include>
<include content="powerofmusic">
<param name="grouposx" value="1100"/>
<param name="grouposy" value="0"/>
<param name="labeltileoflist" value="מוזיקת רגיי"/>
<param name="powerofmusicid" value="11"/>
<param name="onright" value="8005"/>
<param name="onback" value="6"/>
<param name="powerofmusiccontent" value="plugin://plugin.audio.soundcloud/discover/?selection=soundcloud%3asystem-playlists%3acharts-trending%3areggae%3ail&quot"/>
</include>


</controls>
</window>
