<?xml version="1.0" encoding="UTF-8"?>
<!-- Foundation -->
<window id="6710" type="dialog">
    <defaultcontrol always="true">5</defaultcontrol>
    	<onload>ClearProperty(quicknavsetup,home)</onload>
		<onload>Dialog.Close(6671)</onload>
		<onload>Dialog.Close(6675)</onload>
		<onunload>ClearProperty(quicknavsetup,home)</onunload>

<controls>

			<control type="group">
			<control type="list" id="5">
			<animation type="WindowOpen">
			<effect type="slide" start="-1500,0" end="1500,0" tween="cubic" easing="out" time="350"/>
			</animation>
			<animation type="WindowClose">
			<effect type="slide" start="1500,0" end="0,0" tween="cubic" easing="inout" time="350"/>
			</animation>
			<posx>-1500</posx>
			<posy>725</posy>
			<width>18-col</width>
			<height>345</height>
			<ondown>9012</ondown>
			<onup>9012</onup>
			<onright>Dialog.Close(6710)</onright>
			<onback>Dialog.Close(6710)</onback>
			<orientation>vertical</orientation>
			<scrolltime tweeb="cubic" easing="inout">450</scrolltime>
			<itemlayout width="4-col" height="115">
				<control type="image">
					<posx>0</posx>
					<posy>20</posy>
					<width>4-col-textbox</width>
					<height>105</height>
					<texture>black.png</texture>
					<colordiffuse>77000000</colordiffuse>
					<aspectratio>stretch</aspectratio>
				</control>
				<control type="label">
					<posx>20</posx>
					<posy>0</posy>
					<width>252</width>
					<height>3-row</height>
					<wrapmultiline>true</wrapmultiline>
					<aligny>center</aligny>
					<align>center</align>
					<textcolor>white</textcolor>
					<shadowcolor></shadowcolor>
					<label>[B][CAPITALIZE]$INFO[ListItem.label][/CAPITALIZE][/B]</label>
				</control>
				<control type="label">
					<posx>20</posx>
					<posy>40</posy>
					<width>252</width>
					<height>3-row</height>
					<wrapmultiline>true</wrapmultiline>
					<aligny>center</aligny>
					<align>center</align>
					<font>font-16</font>
					<textcolor>white</textcolor>
					<shadowcolor></shadowcolor>
					<label>[CAPITALIZE]$INFO[ListItem.label2][/CAPITALIZE]</label>
				</control>
			</itemlayout>
			<focusedlayout width="4-col" height="115">
				<control type="image">
				<animation effect="fade" start="100" end="65" time="0">Focus</animation>
					<posx>0</posx>
					<posy>20</posy>
					<width>4-col-textbox</width>
					<height>105</height>
					<texture>white.png</texture>
					<colordiffuse>deepskyblue</colordiffuse>
					<aspectratio>stretch</aspectratio>
				</control>
				<control type="label">
					<posx>20</posx>
					<posy>0</posy>
					<width>252</width>
					<height>3-row</height>
					<wrapmultiline>true</wrapmultiline>
					<aligny>center</aligny>
					<align>center</align>
					<textcolor>white</textcolor>
					<shadowcolor>black</shadowcolor>
					<label>[B][CAPITALIZE]$INFO[ListItem.label][/CAPITALIZE][/B]</label>
				</control>
				<control type="label">
					<posx>20</posx>
					<posy>40</posy>
					<width>252</width>
					<height>3-row</height>
					<wrapmultiline>true</wrapmultiline>
					<aligny>center</aligny>
					<align>center</align>
					<font>font-16</font>
					<textcolor>yellow</textcolor>
					<shadowcolor></shadowcolor>
					<label>[CAPITALIZE]$INFO[ListItem.label2][/CAPITALIZE]</label>
				</control>
			</focusedlayout>
			<content>
			<item>
				<label>סרטים 1</label>
				<label2>מכרה סרטים 1-6</label2>
				<onclick>Dialog.Close(6710)</onclick>
				<onclick>ActivateWindow(6670)</onclick>
				</item>
				<item>
				<label>סרטים 2</label>
				<label2>מכרה סרטים 7-12</label2>
				<onclick>Dialog.Close(6710)</onclick>
				<onclick>ActivateWindow(6672)</onclick>
				</item>
				<item>
				<label>סרטים 3</label>
				<label2>מכרה סרטים 13-18</label2>
				<onclick>Dialog.Close(6710)</onclick>
				<onclick>ActivateWindow(6673)</onclick>
				</item>
				<item>
				<label>סרטים 4</label>
				<label2>HD, סרטים טבע, ודוקו</label2>
				<onclick>Dialog.Close(6710)</onclick>
				<onclick>ActivateWindow(6674)</onclick>
				</item>
				<item>
				<label>סרטים 5</label>
				<label2>VOD סרטים</label2>
				<onclick>Dialog.Close(6710)</onclick>
				<onclick>ActivateWindow(6669)</onclick>
				</item>
			</content>
		</control>
		</control>

</controls>
</window>
