<?xml version="1.0" encoding="UTF-8"?>
<!-- Foundation -->
<window id="6947" type="dialog">
    <defaultcontrol always="true">5</defaultcontrol>
<controls>




<control type="image">
<posx>0</posx>
<posy>0</posy>
<width>1920</width>
<height>1080</height>
<texture>black.png</texture>
</control>

<control type="label">
<animation condition="!Integer.IsGreater(Container(5).NumItems,0)" effect="fade" start="0" end="100" time="1100" pulse="true">Conditional</animation>
<visible>!Integer.IsGreater(Container(5).NumItems,0)</visible>
<posx>700</posx>
<posy>500</posy>
<width>1000</width>
<label>טוען סרטים ישראלים סגנון טפליקס</label>
</control>

<include content="moviebetflixdesign">
<param name="stringid" value="5"/>
<param name="sortby" value="dateadded"/>
<param name="sortorder" value="descending"/>
<param name="content" value="plugin://plugin.video.FlashTV/?cat_level=%20&amp;count=0&amp;description=%20&amp;fanart&amp;iconimage=https%3a%2f%2fi.imgur.com%2fz6AQYIn.png&amp;index_depth=0&amp;lang=eng&amp;mode=5&amp;name=%d7%a1%d7%a8%d7%98%d7%99%d7%9d%20%d7%99%d7%a9%d7%a8%d7%90%d7%9c%d7%99%d7%9d&amp;page&amp;selected_list=%20&amp;url=%d7%a1%d7%a8%d7%98%d7%99%d7%9d%d7%a1%d7%a8%d7%98%d7%99%d7%9d%20%d7%99%d7%a9%d7%a8%d7%90%d7%9c%d7%99%d7%9d&quot"/>
</include>

</controls>
</window>
