<?xml version="1.0" encoding="UTF-8"?>

<includes>



<include name="mainscreensvshows">
<control type="image">
<posx>0</posx>
<posy>300</posy>
<width>1920</width>
<height>350</height>
<texture>black.png</texture>
<colordiffuse>77000000</colordiffuse>
</control>
<control type="image">
<posx>550</posx>
<posy>300</posy>
<width>1005</width>
<height>350</height>
<texture>black.png</texture>
</control>
<control type="image">
<posx>5</posx>
<posy>300</posy>
<width>165</width>
<height>350</height>
<texture>black.png</texture>
</control>
<control type="image">
<posx>550</posx>
<posy>340</posy>
<width>1000</width>
<height>2</height>
<texture>special://skin/extras/info/infopanel_line.png</texture>
</control>
<control type="group">
<posx>200</posx>
<posy>440</posy>
<control type="image">
<posx>1355</posx>
<posy>0</posy>
<width>65</width>
<height>65</height>
<aspectratio>keep</aspectratio>
<texture colordiffuse="deepskyblue">special://skin/extras/arrows/arrow-25-xxl.png</texture>
</control>
<control type="image">
<posx>280</posx>
<posy>0</posy>
<width>65</width>
<height>65</height>
<aspectratio>keep</aspectratio>
<texture flipx="true" colordiffuse="deepskyblue">special://skin/extras/arrows/arrow-25-xxl.png</texture>
</control>
</control>
<control type="image">
<posx>55</posx>
<posy>300</posy>
<width>65</width>
<height>65</height>
<aspectratio>keep</aspectratio>
<texture colordiffuse="deepskyblue">special://skin/extras/arrows/arrowup.png</texture>
</control>
<control type="image">
<posx>55</posx>
<posy>595</posy>
<width>65</width>
<height>65</height>
<aspectratio>keep</aspectratio>
<texture colordiffuse="deepskyblue">special://skin/extras/arrows/arrowdown.png</texture>
</control>

<control type="image">
<posx>15</posx>
<posy>380</posy>
<width>140</width>
<height>40</height>
<texture>special://skin/extras/test/Ghost.jpg</texture>
</control>

<!--<control type="group">
<visible>![Player.HasAudio | Player.HasVideo]</visible>
<visible>Control.HasFocus(335) + Container(335).HasFocus(1)</visible>
<control type="image">
<posx>720</posx>
<posy>670</posy>
<width>500</width>
<height>50</height>
<texture>special://skin/extras/common/context_middle.png</texture>
</control>
<control type="label">
<posx>670</posx>
<posy>670</posy>
<width>600</width>
<height>40</height>
<align>center</align>
<label>לחץ חץ תחתון לסדרות ישראליות</label>
</control>
</control>
<control type="group">
<visible>![Player.HasAudio | Player.HasVideo]</visible>
<visible>Control.HasFocus(335) + Container(335).HasFocus(2)</visible>
<control type="image">
<posx>720</posx>
<posy>670</posy>
<width>500</width>
<height>50</height>
<texture>special://skin/extras/common/context_middle.png</texture>
</control>
<control type="label">
<posx>670</posx>
<posy>670</posy>
<width>600</width>
<height>40</height>
<align>center</align>
<label>לחץ חץ עליון לסדרות חו"ל</label>
</control>
</control>-->

<control type="group">
<control type="multiimage">
<posx>-130</posx>
<posy>400</posy>
<width>280</width>
<height>150</height>
<imagepath>https://i.imgur.com/C7KDiR8.png</imagepath>
</control>
</control>
<control type="list" id="335">
<posx>-165</posx>
<posy>350</posy>
<width>550</width>
<height>350</height>
<onback>9000</onback>
<onright condition="Container(335).HasFocus(1)">Control.SetFocus(7765)</onright>
<onright condition="Container(335).HasFocus(2)">Control.SetFocus(7766)</onright>
<orientation>vertical</orientation>
<itemlayout width="150" height="340">
<control type="label">
<posx>180</posx>
<posy>100</posy>
<width>150</width>
<height>40</height>
<align>center</align>
<textcolor>white</textcolor>
<label>$INFO[ListItem.Label]</label>
</control>
<control type="label">
<posx>180</posx>
<posy>160</posy>
<width>150</width>
<height>40</height>
<align>center</align>
<textcolor>white</textcolor>
<label>$INFO[ListItem.Label2]</label>
</control>
</itemlayout>
<focusedlayout width="150" height="340">
<control type="label">
<visible>!control.HasFocus(335)</visible>
<posx>180</posx>
<posy>100</posy>
<width>150</width>
<height>40</height>
<align>center</align>
<textcolor>white</textcolor>
<label>[B]$INFO[ListItem.Label][/B]</label>
</control>
<control type="label">
<animation condition="Control.HasFocus(335)" effect="fade" start="0" end="100" time="1100" pulse="true">Conditional</animation>
<visible>control.HasFocus(335)</visible>
<posx>180</posx>
<posy>100</posy>
<width>150</width>
<height>40</height>
<align>center</align>
<textcolor>cyan</textcolor>
<label>[B]$INFO[ListItem.Label][/B]</label>
</control>
<control type="label">
<visible>!control.hasfocus(335)</visible>
<posx>180</posx>
<posy>160</posy>
<width>150</width>
<height>40</height>
<align>center</align>
<textcolor>white</textcolor>
<label>$INFO[ListItem.Label2]</label>
</control>
<control type="label">
<visible>control.hasfocus(335)</visible>
<posx>180</posx>
<posy>160</posy>
<width>150</width>
<height>40</height>
<align>center</align>
<textcolor>yellow</textcolor>
<label>$INFO[ListItem.Label2]</label>
</control>
</focusedlayout>
<content>
<item id="1">
<label>-1-</label>
<label2>סדרות</label2>
<onclick>Control.SetFocus(7765)</onclick>
</item>
<!--<item id="2">
<label>-2-</label>
<label2>ישראלי</label2>
<onclick>Control.SetFocus(7766)</onclick>
</item>-->
</content>
</control>

<include content="mainscreentvshowcontent">
<param name="baseitemlistnumber" value="335"/>
<param name="mainscrrenitemnumber" value="1"/>
<param name="tvshowmainscreenbaseid" value="7765"/>
<param name="sortbyfocus" value="dateadded"/>
<param name="sortbyorderfocus" value="descending"/>
<param name="tvshowmainscreecontent" value="plugin://plugin.audio.My.Music/?cat_level=%20&amp;count=0&amp;description=%20&amp;fanart&amp;iconimage&amp;index_depth=0&amp;lang=eng&amp;mode=5&amp;name=mainscreentvshows&amp;page&amp;selected_list=%20&amp;url=%d7%a1%d7%93%d7%a8%d7%95%d7%aamainscreentvshows&quot"/>
</include>
<!--<include content="mainscreentvshowcontent">
<param name="baseitemlistnumber" value="335"/>
<param name="mainscrrenitemnumber" value="2"/>
<param name="tvshowmainscreenbaseid" value="7766"/>
<param name="sortbyfocus" value="dateadded"/>
<param name="sortbyorderfocus" value="descending"/>
<param name="tvshowmainscreecontent" value="plugin://plugin.audio.My.Music/?cat_level=%20&amp;count=0&amp;description=%5bB%5d%5bCOLOR%20burlywood%5d%20%d7%a9.%d7%a7%20%5b%2fCOLOR%5d%5b%2fB%5d&amp;fanart=https%3a%2f%2ffunender.com%2fwp-content%2fuploads%2f2017%2f11%2fTop-10-Box-Office-Weekend-Movies-Report-October-27-29-2017.jpg&amp;iconimage=http%3a%2f%2fngarba.xyz%2fadds%2fyos%2fphoto10.jpg&amp;index_depth=0&amp;lang=eng&amp;mode=5&amp;name=mainscreenisraelitvshow&amp;page&amp;selected_list=%20&amp;url=%d7%a1%d7%93%d7%a8%d7%95%d7%aamainscreenisraelitvshow&quot"/>
</include>-->

<include content="mainscreentvhosepissodss">
<param name="mainscreentvhosepissods" value="6636"/>
<param name="baseidocntainer" value="7765"/>
<param name="tvshowlabelname" value="ביו האקרים"/>
<param name="networkcolor" value="red"/>
<param name="networkname" value="UNKNOWN"/>
<param name="notfocusid" value="2"/>
<param name="mainscreentvhosepissodscontent" value="plugin://plugin.video.shadow/?all_w=%7b%7d&amp;data=2020&amp;dates=%20&amp;description=%5bCOLOR%20aqua%5d%20Aired%20At%2020-08-2020%5b%2fCOLOR%5d%0aMia%20goes%20to%20medical%20school%20to%20get%20close%20to%20a%20professor%20she%20suspects%20had%20a%20hand%20in%20her%20past%20family%20tragedy%20and%20gets%20tangled%20in%20the%20world%20of%20biohacking.&amp;eng_name=%20&amp;episode=%20&amp;fanart=https%3a%2f%2fimage.tmdb.org%2ft%2fp%2foriginal%2f%2f3l96kBw60kOyfWh0hG2cphA6ST1.jpg&amp;fav_status=false&amp;heb_name=%d7%91%d7%99%d7%95-%d7%94%d7%90%d7%a7%d7%a8%d7%99%d7%9d&amp;iconimage=https%3a%2f%2fimage.tmdb.org%2ft%2fp%2foriginal%2f%2f4MkglHEepiB914UuIO8QF5Ulz2X.jpg&amp;id=100074&amp;image_master&amp;isr=0&amp;last_id&amp;mode=19&amp;name=%5bCOLOR%20white%5dSeason%201%5b%2fCOLOR%5d&amp;original_title=Biohackers&amp;season=1&amp;show_original_year=2020&amp;tmdbid=381016&amp;url=https%3a%2f%2fapi.themoviedb.org%2f3%2ftv%2f100074%3fapi_key%3d34142515d9d23817496eeb4ff1d223d0%26language%3den%26append_to_response%3dexternal_ids&amp;video_data=%7b%22rating%22%3a%20%220%22%2c%20%22episode%22%3a%200%2c%20%22title%22%3a%20%22%5bCOLOR%20white%5dSeason%201%5b%2fCOLOR%5d%22%2c%20%22season%22%3a%200%2c%20%22TVshowtitle%22%3a%20%22%22%2c%20%22mediatype%22%3a%20%22movie%22%2c%20%22plot%22%3a%20%22%5bCOLOR%20aqua%5d%20Aired%20At%2020-08-2020%5b%2fCOLOR%5d%5cnMia%20goes%20to%20medical%20school%20to%20get%20close%20to%20a%20professor%20she%20suspects%20had%20a%20hand%20in%20her%20past%20family%20tragedy%20and%20gets%20tangled%20in%20the%20world%20of%20biohacking.%22%2c%20%22OriginalTitle%22%3a%20%22Biohackers%22%2c%20%22Tag%22%3a%20%2216%22%2c%20%22year%22%3a%20%222020%22%7d&quot"/>
</include>

<include content="mainscreentvhosepissodss">
<param name="mainscreentvhosepissods" value="6637"/>
<param name="baseidocntainer" value="7765"/>
<param name="tvshowlabelname" value="סוכן חשאי"/>
<param name="networkcolor" value="red"/>
<param name="networkname" value="NETFLIX"/>
<param name="notfocusid" value="2"/>
<param name="mainscreentvhosepissodscontent" value="plugin://plugin.video.mando/?all_w=%7b%7d&amp;data=2020&amp;dates=%20&amp;description=%5bCOLOR%20aqua%5d%20%d7%a9%d7%95%d7%93%d7%a8%20%d7%91%d7%aa%d7%90%d7%a8%d7%99%d7%9a%2020-02-2020%5b%2fCOLOR%5d%0aWhen%20an%20arrogant%2c%20maverick%20National%20Security%20Agent%20comes%20over%20from%20the%20US%20to%20join%20a%20newly-formed%20team%20tackling%20cybercrime%20at%20Britain%27s%20security%20headquarters%2c%20he%20enlists%20an%20inept%20and%20tactless%20computer%20analyst%20Joseph%20in%20a%20power%20grab%20that%20threatens%20to%20disrupt%20the%20team%e2%80%99s%20ability%20to%20combat%20cyber%20terrorism.&amp;eng_name=%20&amp;episode=%20&amp;fanart=https%3a%2f%2fimage.tmdb.org%2ft%2fp%2foriginal%2f%2fxD7fmgc2MdQvKg9NzHt2rzn8z7V.jpg&amp;fav_status=false&amp;heb_name=%d7%a1%d7%95%d7%9b%d7%9f%20%d7%97%d7%a9%d7%90%d7%99&amp;iconimage=https%3a%2f%2fimage.tmdb.org%2ft%2fp%2foriginal%2f%2fkKHbY7kGhU9gAkkEVYv9fDTqWg6.jpg&amp;id=88110&amp;image_master&amp;isr=0&amp;last_id&amp;mode=19&amp;name=%5bCOLOR%20white%5d%d7%a2%d7%95%d7%a0%d7%94%201%5b%2fCOLOR%5d&amp;original_title=Intelligence&amp;season=1&amp;show_original_year=2020&amp;tmdbid=374093&amp;url=https%3a%2f%2fapi.themoviedb.org%2f3%2ftv%2f88110%3fapi_key%3d34142515d9d23817496eeb4ff1d223d0%26language%3den%26append_to_response%3dexternal_ids&amp;video_data=%7b%22rating%22%3a%20%220%22%2c%20%22episode%22%3a%200%2c%20%22title%22%3a%20%22%5bCOLOR%20white%5d%5cu05e2%5cu05d5%5cu05e0%5cu05d4%201%5b%2fCOLOR%5d%22%2c%20%22season%22%3a%200%2c%20%22TVshowtitle%22%3a%20%22%22%2c%20%22mediatype%22%3a%20%22movie%22%2c%20%22plot%22%3a%20%22%5bCOLOR%20aqua%5d%20%5cu05e9%5cu05d5%5cu05d3%5cu05e8%20%5cu05d1%5cu05ea%5cu05d0%5cu05e8%5cu05d9%5cu05da%2020-02-2020%5b%2fCOLOR%5d%5cnWhen%20an%20arrogant%2c%20maverick%20National%20Security%20Agent%20comes%20over%20from%20the%20US%20to%20join%20a%20newly-formed%20team%20tackling%20cybercrime%20at%20Britain%27s%20security%20headquarters%2c%20he%20enlists%20an%20inept%20and%20tactless%20computer%20analyst%20Joseph%20in%20a%20power%20grab%20that%20threatens%20to%20disrupt%20the%20team%5cu2019s%20ability%20to%20combat%20cyber%20terrorism.%22%2c%20%22OriginalTitle%22%3a%20%22Intelligence%22%2c%20%22Tag%22%3a%20%2216%22%2c%20%22year%22%3a%20%222020%22%7d&quot"/>
</include>

<include content="mainscreentvhosepissodss">
<param name="mainscreentvhosepissods" value="6639"/>
<param name="baseidocntainer" value="7765"/>
<param name="tvshowlabelname" value="רובוטריקים המלחמה על סייברטרון"/>
<param name="networkcolor" value="red"/>
<param name="networkname" value="NETFLIX"/>
<param name="notfocusid" value="2"/>
<param name="mainscreentvhosepissodscontent" value="plugin://plugin.video.mando/?all_w=%7b%7d&amp;data=2020&amp;dates=%20&amp;description=%5bCOLOR%20aqua%5d%20%d7%a9%d7%95%d7%93%d7%a8%20%d7%91%d7%aa%d7%90%d7%a8%d7%99%d7%9a%2030-07-2020%5b%2fCOLOR%5d%0aOn%20their%20dying%20planet%2c%20the%20Autobots%20and%20Decepticons%20battle%20fiercely%20for%20control%20of%20the%20AllSpark%20in%20the%20Transformers%20universe%27s%20origin%20story.&amp;eng_name=%20&amp;episode=%20&amp;fanart=https%3a%2f%2fimage.tmdb.org%2ft%2fp%2foriginal%2f%2fbxZrG6wsmKMoUC1q4ByTWDRHaOh.jpg&amp;fav_status=false&amp;heb_name=%d7%a8%d7%95%d7%91%d7%95%d7%98%d7%a8%d7%99%d7%a7%d7%99%d7%9d%3a%20%d7%94%d7%9e%d7%9c%d7%97%d7%9e%d7%94%20%d7%a2%d7%9c%20%d7%a1%d7%99%d7%99%d7%91%d7%a8%d7%98%d7%a8%d7%95%d7%9f%20%e2%80%93%20%d7%94%d7%98%d7%a8%d7%99%d7%9c%d7%95%d7%92%d7%99%d7%94&amp;iconimage=https%3a%2f%2fimage.tmdb.org%2ft%2fp%2foriginal%2f%2fq6XBIrlT8XiBg4KbK5ivQAW78q7.jpg&amp;id=100617&amp;image_master&amp;isr=0&amp;last_id&amp;mode=19&amp;name=%5bCOLOR%20white%5d%d7%a2%d7%95%d7%a0%d7%94%201%5b%2fCOLOR%5d&amp;original_title=Transformers%3a%20War%20for%20Cybertron&amp;season=1&amp;show_original_year=2020&amp;tmdbid=377694&amp;url=https%3a%2f%2fapi.themoviedb.org%2f3%2ftv%2f100617%3fapi_key%3d34142515d9d23817496eeb4ff1d223d0%26language%3den%26append_to_response%3dexternal_ids&amp;video_data=%7b%22rating%22%3a%20%220%22%2c%20%22episode%22%3a%200%2c%20%22title%22%3a%20%22%5bCOLOR%20white%5d%5cu05e2%5cu05d5%5cu05e0%5cu05d4%201%5b%2fCOLOR%5d%22%2c%20%22season%22%3a%200%2c%20%22TVshowtitle%22%3a%20%22%22%2c%20%22mediatype%22%3a%20%22movie%22%2c%20%22plot%22%3a%20%22%5bCOLOR%20aqua%5d%20%5cu05e9%5cu05d5%5cu05d3%5cu05e8%20%5cu05d1%5cu05ea%5cu05d0%5cu05e8%5cu05d9%5cu05da%2030-07-2020%5b%2fCOLOR%5d%5cnOn%20their%20dying%20planet%2c%20the%20Autobots%20and%20Decepticons%20battle%20fiercely%20for%20control%20of%20the%20AllSpark%20in%20the%20Transformers%20universe%27s%20origin%20story.%22%2c%20%22OriginalTitle%22%3a%20%22Transformers%3a%20War%20for%20Cybertron%22%2c%20%22Tag%22%3a%20%2216%22%2c%20%22year%22%3a%20%222020%22%7d&quot"/>
</include>

<include content="mainscreentvhosepissodss">
<param name="mainscreentvhosepissods" value="6635"/>
<param name="baseidocntainer" value="7765"/>
<param name="tvshowlabelname" value="ארץ לאבקראפט"/>
<param name="networkcolor" value="red"/>
<param name="networkname" value="NETFLIX"/>
<param name="notfocusid" value="2"/>
<param name="mainscreentvhosepissodscontent" value="plugin://plugin.video.mando/?all_w=%7b%7d&amp;data=2020&amp;dates=%20&amp;description=%5bCOLOR%20aqua%5d%20%d7%a9%d7%95%d7%93%d7%a8%20%d7%91%d7%aa%d7%90%d7%a8%d7%99%d7%9a%2016-08-2020%5b%2fCOLOR%5d%0aThe%20anthology%20horror%20series%20follows%2025-year-old%20Atticus%20Black%2c%20who%20joins%20up%20with%20his%20friend%20Letitia%20and%20his%20Uncle%20George%20to%20embark%20on%20a%20road%20trip%20across%201950s%20Jim%20Crow%20America%20to%20find%20his%20missing%20father.%20They%20must%20survive%20and%20overcome%20both%20the%20racist%20terrors%20of%20white%20America%20and%20the%20malevolent%20spirits%20that%20could%20be%20ripped%20from%20a%20Lovecraft%20paperback.&amp;eng_name=%20&amp;episode=%20&amp;fanart=https%3a%2f%2fimage.tmdb.org%2ft%2fp%2foriginal%2f%2fcpZeRsIRcOXXHAotqOuTgNdothK.jpg&amp;fav_status=false&amp;heb_name=%d7%90%d7%a8%d7%a5%20%d7%9c%d7%90%d7%91%d7%a7%d7%a8%d7%90%d7%a4%d7%98&amp;iconimage=https%3a%2f%2fimage.tmdb.org%2ft%2fp%2foriginal%2f%2f8ptPi5yy5C3cyQ0xQ2YCGn3T9Nk.jpg&amp;id=82816&amp;image_master&amp;isr=0&amp;last_id&amp;mode=19&amp;name=%5bCOLOR%20white%5d%d7%a2%d7%95%d7%a0%d7%94%201%5b%2fCOLOR%5d&amp;original_title=Lovecraft%20Country&amp;season=1&amp;show_original_year=2020&amp;tmdbid=357864&amp;url=https%3a%2f%2fapi.themoviedb.org%2f3%2ftv%2f82816%3fapi_key%3d34142515d9d23817496eeb4ff1d223d0%26language%3den%26append_to_response%3dexternal_ids&amp;video_data=%7b%22rating%22%3a%20%220%22%2c%20%22episode%22%3a%200%2c%20%22title%22%3a%20%22%5bCOLOR%20white%5d%5cu05e2%5cu05d5%5cu05e0%5cu05d4%201%5b%2fCOLOR%5d%22%2c%20%22season%22%3a%200%2c%20%22TVshowtitle%22%3a%20%22%22%2c%20%22mediatype%22%3a%20%22movie%22%2c%20%22plot%22%3a%20%22%5bCOLOR%20aqua%5d%20%5cu05e9%5cu05d5%5cu05d3%5cu05e8%20%5cu05d1%5cu05ea%5cu05d0%5cu05e8%5cu05d9%5cu05da%2016-08-2020%5b%2fCOLOR%5d%5cnThe%20anthology%20horror%20series%20follows%2025-year-old%20Atticus%20Black%2c%20who%20joins%20up%20with%20his%20friend%20Letitia%20and%20his%20Uncle%20George%20to%20embark%20on%20a%20road%20trip%20across%201950s%20Jim%20Crow%20America%20to%20find%20his%20missing%20father.%20They%20must%20survive%20and%20overcome%20both%20the%20racist%20terrors%20of%20white%20America%20and%20the%20malevolent%20spirits%20that%20could%20be%20ripped%20from%20a%20Lovecraft%20paperback.%22%2c%20%22OriginalTitle%22%3a%20%22Lovecraft%20Country%22%2c%20%22Tag%22%3a%20%2216%22%2c%20%22year%22%3a%20%222020%22%7d&quot"/>
</include>

<include content="mainscreentvhosepissodss">
<param name="mainscreentvhosepissods" value="6640"/>
<param name="baseidocntainer" value="7765"/>
<param name="tvshowlabelname" value="כוכב בודד"/>
<param name="networkcolor" value="red"/>
<param name="networkname" value="UNKNOWN"/>
<param name="notfocusid" value="2"/>
<param name="mainscreentvhosepissodscontent" value="plugin://plugin.video.mando/?all_w=%7b%7d&amp;data=2020&amp;dates=%20&amp;description=%5bCOLOR%20aqua%5d%20%d7%a9%d7%95%d7%93%d7%a8%20%d7%91%d7%aa%d7%90%d7%a8%d7%99%d7%9a%2019-01-2020%5b%2fCOLOR%5d%0aNearly%2020%20years%20ago%2c%20Owen%20Strand%20was%20the%20lone%20survivor%20of%20his%20Manhattan%20firehouse%20on%209%2f11.%20In%20the%20wake%20of%20the%20attack%2c%20Owen%20had%20the%20unenviable%20task%20of%20rebuilding%20his%20station.%20After%20a%20similar%20tragedy%20happens%20to%20a%20firehouse%20in%20Austin%2c%20Owen%2c%20along%20with%20his%20troubled%20firefighter%20son%2c%20T.K.%2c%20takes%20his%20progressive%20philosophies%20of%20life%20and%20firefighting%20down%20to%20Texas%2c%20where%20he%20helps%20them%20start%20anew.%20On%20the%20surface%2c%20Owen%20is%20all%20about%20big-city%20style%20and%20swagger%2c%20but%20underneath%20he%20struggles%20with%20a%20secret%20he%20hides%20from%20the%20world%20-%20one%20that%20could%20very%20well%20end%20his%20life.&amp;eng_name=%20&amp;episode=%20&amp;fanart=https%3a%2f%2fimage.tmdb.org%2ft%2fp%2foriginal%2f%2f7oRFxlpItB3BOfcxfEIgUlFQq2R.jpg&amp;fav_status=false&amp;heb_name=911%20-%20%d7%9b%d7%95%d7%9b%d7%91%20%d7%91%d7%95%d7%93%d7%93&amp;iconimage=https%3a%2f%2fimage.tmdb.org%2ft%2fp%2foriginal%2f%2fcKZ15eWIPj11oVL7kFvScAbhuxx.jpg&amp;id=89393&amp;image_master&amp;isr=0&amp;last_id&amp;mode=19&amp;name=%5bCOLOR%20white%5d%d7%a2%d7%95%d7%a0%d7%94%201%5b%2fCOLOR%5d&amp;original_title=9-1-1%3a%20Lone%20Star&amp;season=1&amp;show_original_year=2020&amp;tmdbid=364080&amp;url=https%3a%2f%2fapi.themoviedb.org%2f3%2ftv%2f89393%3fapi_key%3d34142515d9d23817496eeb4ff1d223d0%26language%3den%26append_to_response%3dexternal_ids&amp;video_data=%7b%22rating%22%3a%20%220%22%2c%20%22episode%22%3a%200%2c%20%22title%22%3a%20%22%5bCOLOR%20white%5d%5cu05e2%5cu05d5%5cu05e0%5cu05d4%201%5b%2fCOLOR%5d%22%2c%20%22season%22%3a%200%2c%20%22TVshowtitle%22%3a%20%22%22%2c%20%22mediatype%22%3a%20%22movie%22%2c%20%22plot%22%3a%20%22%5bCOLOR%20aqua%5d%20%5cu05e9%5cu05d5%5cu05d3%5cu05e8%20%5cu05d1%5cu05ea%5cu05d0%5cu05e8%5cu05d9%5cu05da%2019-01-2020%5b%2fCOLOR%5d%5cnNearly%2020%20years%20ago%2c%20Owen%20Strand%20was%20the%20lone%20survivor%20of%20his%20Manhattan%20firehouse%20on%209%2f11.%20In%20the%20wake%20of%20the%20attack%2c%20Owen%20had%20the%20unenviable%20task%20of%20rebuilding%20his%20station.%20After%20a%20similar%20tragedy%20happens%20to%20a%20firehouse%20in%20Austin%2c%20Owen%2c%20along%20with%20his%20troubled%20firefighter%20son%2c%20T.K.%2c%20takes%20his%20progressive%20philosophies%20of%20life%20and%20firefighting%20down%20to%20Texas%2c%20where%20he%20helps%20them%20start%20anew.%20On%20the%20surface%2c%20Owen%20is%20all%20about%20big-city%20style%20and%20swagger%2c%20but%20underneath%20he%20struggles%20with%20a%20secret%20he%20hides%20from%20the%20world%20-%20one%20that%20could%20very%20well%20end%20his%20life.%22%2c%20%22OriginalTitle%22%3a%20%229-1-1%3a%20Lone%20Star%22%2c%20%22Tag%22%3a%20%2216%22%2c%20%22year%22%3a%20%222020%22%7d&quot"/>
</include>

<include content="mainscreentvhosepissodss">
<param name="mainscreentvhosepissods" value="6641"/>
<param name="baseidocntainer" value="7765"/>
<param name="tvshowlabelname" value="קיפו ויצורי הפלא"/>
<param name="networkcolor" value="red"/>
<param name="networkname" value="NETFLIX"/>
<param name="notfocusid" value="2"/>
<param name="mainscreentvhosepissodscontent" value="plugin://plugin.video.mando/?all_w=%7b%7d&amp;data=2020&amp;dates=%20&amp;description=%5bCOLOR%20aqua%5d%20%d7%a9%d7%95%d7%93%d7%a8%20%d7%91%d7%aa%d7%90%d7%a8%d7%99%d7%9a%2014-01-2020%5b%2fCOLOR%5d%0aA%20sheltered%20girl%20gets%20a%20crash%20course%20in%20survival%20when%20a%20mutant%20attack%20sends%20her%20to%20the%20surface%2c%20far%20from%20the%20safety%20of%20her%20underground%20home.&amp;eng_name=%20&amp;episode=%20&amp;fanart=https%3a%2f%2fimage.tmdb.org%2ft%2fp%2foriginal%2f%2fuaCBOSZnFSJtOLWSvxA2NVreGv1.jpg&amp;fav_status=false&amp;heb_name=%d7%a7%d7%99%d7%a4%d7%95%20%d7%95%d7%99%d7%a6%d7%95%d7%a8%d7%99%20%d7%94%d7%a4%d7%9c%d7%90&amp;iconimage=https%3a%2f%2fimage.tmdb.org%2ft%2fp%2foriginal%2f%2f1xDOCJDjMZEBhS4YMQDGE3pJkW1.jpg&amp;id=95599&amp;image_master&amp;isr=0&amp;last_id&amp;mode=19&amp;name=%5bCOLOR%20white%5d%d7%a2%d7%95%d7%a0%d7%94%201%5b%2fCOLOR%5d&amp;original_title=Kipo%20and%20the%20Age%20of%20Wonderbeasts&amp;season=1&amp;show_original_year=2020&amp;tmdbid=365463&amp;url=https%3a%2f%2fapi.themoviedb.org%2f3%2ftv%2f95599%3fapi_key%3d34142515d9d23817496eeb4ff1d223d0%26language%3den%26append_to_response%3dexternal_ids&amp;video_data=%7b%22rating%22%3a%20%220%22%2c%20%22episode%22%3a%200%2c%20%22title%22%3a%20%22%5bCOLOR%20white%5d%5cu05e2%5cu05d5%5cu05e0%5cu05d4%201%5b%2fCOLOR%5d%22%2c%20%22season%22%3a%200%2c%20%22TVshowtitle%22%3a%20%22%22%2c%20%22mediatype%22%3a%20%22movie%22%2c%20%22plot%22%3a%20%22%5bCOLOR%20aqua%5d%20%5cu05e9%5cu05d5%5cu05d3%5cu05e8%20%5cu05d1%5cu05ea%5cu05d0%5cu05e8%5cu05d9%5cu05da%2014-01-2020%5b%2fCOLOR%5d%5cnA%20sheltered%20girl%20gets%20a%20crash%20course%20in%20survival%20when%20a%20mutant%20attack%20sends%20her%20to%20the%20surface%2c%20far%20from%20the%20safety%20of%20her%20underground%20home.%22%2c%20%22OriginalTitle%22%3a%20%22Kipo%20and%20the%20Age%20of%20Wonderbeasts%22%2c%20%22Tag%22%3a%20%2216%22%2c%20%22year%22%3a%20%222020%22%7d&quot"/>
</include>

<include content="mainscreentvhosepissodss">
<param name="mainscreentvhosepissods" value="6642"/>
<param name="baseidocntainer" value="7765"/>
<param name="tvshowlabelname" value="לוציפר"/>
<param name="networkcolor" value="red"/>
<param name="networkname" value="NETFLIX"/>
<param name="notfocusid" value="2"/>
<param name="mainscreentvhosepissodscontent" value="plugin://plugin.video.mando/?all_w=%7b%7d&amp;data=2020&amp;dates=%20&amp;description=%5bCOLOR%20aqua%5d%20%d7%a9%d7%95%d7%93%d7%a8%20%d7%91%d7%aa%d7%90%d7%a8%d7%99%d7%9a%2021-08-2020%5b%2fCOLOR%5d%0aBored%20and%20unhappy%20as%20the%20Lord%20of%20Hell%2c%20Lucifer%20Morningstar%20abandoned%20his%20throne%20and%20retired%20to%20Los%20Angeles%2c%20where%20he%20has%20teamed%20up%20with%20LAPD%20detective%20Chloe%20Decker%20to%20take%20down%20criminals.%c2%a0But%20the%20longer%20he%27s%20away%20from%20the%20underworld%2c%20the%20greater%20the%20threat%20that%20the%20worst%20of%20humanity%20could%20escape.&amp;eng_name=%20&amp;episode=%20&amp;fanart=https%3a%2f%2fimage.tmdb.org%2ft%2fp%2foriginal%2f%2fta5oblpMlEcIPIS2YGcq9XEkWK2.jpg&amp;fav_status=false&amp;heb_name=%d7%9c%d7%95%d7%a6%d7%99%d7%a4%d7%a8&amp;iconimage=https%3a%2f%2fimage.tmdb.org%2ft%2fp%2foriginal%2f%2f96D5o8ywmEbGvBfttj1JLXtJRhg.jpg&amp;id=63174&amp;image_master&amp;isr=0&amp;last_id&amp;mode=19&amp;name=%5bCOLOR%20white%5d%d7%a2%d7%95%d7%a0%d7%94%205%5b%2fCOLOR%5d&amp;original_title=Lucifer&amp;season=5&amp;show_original_year=2016&amp;tmdbid=295685&amp;url=https%3a%2f%2fapi.themoviedb.org%2f3%2ftv%2f63174%3fapi_key%3d34142515d9d23817496eeb4ff1d223d0%26language%3den%26append_to_response%3dexternal_ids&amp;video_data=%7b%22rating%22%3a%20%220%22%2c%20%22episode%22%3a%200%2c%20%22title%22%3a%20%22%5bCOLOR%20white%5d%5cu05e2%5cu05d5%5cu05e0%5cu05d4%205%5b%2fCOLOR%5d%22%2c%20%22season%22%3a%200%2c%20%22TVshowtitle%22%3a%20%22%22%2c%20%22mediatype%22%3a%20%22movie%22%2c%20%22plot%22%3a%20%22%5bCOLOR%20aqua%5d%20%5cu05e9%5cu05d5%5cu05d3%5cu05e8%20%5cu05d1%5cu05ea%5cu05d0%5cu05e8%5cu05d9%5cu05da%2021-08-2020%5b%2fCOLOR%5d%5cnBored%20and%20unhappy%20as%20the%20Lord%20of%20Hell%2c%20Lucifer%20Morningstar%20abandoned%20his%20throne%20and%20retired%20to%20Los%20Angeles%2c%20where%20he%20has%20teamed%20up%20with%20LAPD%20detective%20Chloe%20Decker%20to%20take%20down%20criminals.%5cu00a0But%20the%20longer%20he%27s%20away%20from%20the%20underworld%2c%20the%20greater%20the%20threat%20that%20the%20worst%20of%20humanity%20could%20escape.%22%2c%20%22OriginalTitle%22%3a%20%22Lucifer%22%2c%20%22Tag%22%3a%20%2216%22%2c%20%22year%22%3a%20%222020%22%7d&quot"/>
</include>

<include content="mainscreentvhosepissodss">
<param name="mainscreentvhosepissods" value="6643"/>
<param name="baseidocntainer" value="7765"/>
<param name="tvshowlabelname" value="חמוץ מתוק"/>
<param name="networkcolor" value="gray"/>
<param name="networkname" value="ABC"/>
<param name="notfocusid" value="2"/>
<param name="mainscreentvhosepissodscontent" value="plugin://plugin.video.mando/?all_w=%7b%7d&amp;data=2019&amp;dates=%20&amp;description=%5bCOLOR%20aqua%5d%20%d7%a9%d7%95%d7%93%d7%a8%20%d7%91%d7%aa%d7%90%d7%a8%d7%99%d7%9a%2027-09-2019%5b%2fCOLOR%5d%0aA%20%2790s-set%20single-camera%20comedy%20about%20a%20hip-hop-loving%20Asian%20kid%20growing%20up%20in%20suburban%20Orlando%2c%20being%20raised%20by%20an%20immigrant%20father%20obsessed%20with%20all%20things%20American%20and%20an%20immigrant%20mother%20often%20bewildered%20by%20white%20culture.&amp;eng_name=%20&amp;episode=%20&amp;fanart=https%3a%2f%2fimage.tmdb.org%2ft%2fp%2foriginal%2f%2fci3JFUT7kUvwMVKTXZMjfvfgbMZ.jpg&amp;fav_status=false&amp;heb_name=%d7%97%d7%9e%d7%95%d7%a5%20%d7%9e%d7%aa%d7%95%d7%a7&amp;iconimage=https%3a%2f%2fimage.tmdb.org%2ft%2fp%2foriginal%2f%2fpl9goLDKE5wG7JgMikAKimCmApx.jpg&amp;id=61692&amp;image_master&amp;isr=0&amp;last_id&amp;mode=19&amp;name=%5bCOLOR%20white%5d%d7%a2%d7%95%d7%a0%d7%94%206%5b%2fCOLOR%5d&amp;original_title=Fresh%20Off%20the%20Boat&amp;season=6&amp;show_original_year=2015&amp;tmdbid=281618&amp;url=https%3a%2f%2fapi.themoviedb.org%2f3%2ftv%2f61692%3fapi_key%3d34142515d9d23817496eeb4ff1d223d0%26language%3den%26append_to_response%3dexternal_ids&amp;video_data=%7b%22rating%22%3a%20%220%22%2c%20%22episode%22%3a%200%2c%20%22title%22%3a%20%22%5bCOLOR%20white%5d%5cu05e2%5cu05d5%5cu05e0%5cu05d4%206%5b%2fCOLOR%5d%22%2c%20%22season%22%3a%200%2c%20%22TVshowtitle%22%3a%20%22%22%2c%20%22mediatype%22%3a%20%22movie%22%2c%20%22plot%22%3a%20%22%5bCOLOR%20aqua%5d%20%5cu05e9%5cu05d5%5cu05d3%5cu05e8%20%5cu05d1%5cu05ea%5cu05d0%5cu05e8%5cu05d9%5cu05da%2027-09-2019%5b%2fCOLOR%5d%5cnA%20%2790s-set%20single-camera%20comedy%20about%20a%20hip-hop-loving%20Asian%20kid%20growing%20up%20in%20suburban%20Orlando%2c%20being%20raised%20by%20an%20immigrant%20father%20obsessed%20with%20all%20things%20American%20and%20an%20immigrant%20mother%20often%20bewildered%20by%20white%20culture.%22%2c%20%22OriginalTitle%22%3a%20%22Fresh%20Off%20the%20Boat%22%2c%20%22Tag%22%3a%20%2216%22%2c%20%22year%22%3a%20%222019%22%7d&quot"/>
</include>
<!--ישראלי-->

<!--<include content="mainscreentvhosepissodss">
<param name="tvshowlabelname" value="בן זיני מחשב מסלול מחדש"/>
<param name="mainscreentvhosepissods" value="6953"/>
<param name="baseidocntainer" value="7766"/>
<param name="networkname" value="IL"/>
<param name="networkcolor" value="green"/>
<param name="notfocusid" value="1"/>
<param name="mainscreentvhosepissodscontent" value="plugin://plugin.video.sdarot.tv/season/5700/1/%D7%91%D7%9F+%D7%96%D7%99%D7%A0%D7%99+-+%D7%9E%D7%97%D7%A9%D7%91+%D7%9E%D7%A1%D7%9C%D7%95%D7%9C+%D7%9E%D7%97%D7%93%D7%A9/ben+zini+Mehashev+Maslul+Mehadash&quot"/>
</include>

<include content="mainscreentvhosepissodss">
<param name="tvshowlabelname" value="מחנה אבא"/>
<param name="mainscreentvhosepissods" value="6954"/>
<param name="baseidocntainer" value="7766"/>
<param name="networkname" value="IL"/>
<param name="networkcolor" value="green"/>
<param name="notfocusid" value="1"/>
<param name="mainscreentvhosepissodscontent" value="plugin://plugin.video.sdarot.tv/season/5685/1/%D7%9E%D7%97%D7%A0%D7%94+%D7%90%D7%91%D7%90/Machane+Aba&quot"/>
</include>

<include content="mainscreentvhosepissodss">
<param name="tvshowlabelname" value="מתחילים מאפס"/>
<param name="mainscreentvhosepissods" value="6955"/>
<param name="baseidocntainer" value="7766"/>
<param name="networkname" value="IL"/>
<param name="networkcolor" value="green"/>
<param name="notfocusid" value="1"/>
<param name="mainscreentvhosepissodscontent" value="plugin://plugin.video.sdarot.tv/season/5682/1/%D7%9E%D7%AA%D7%97%D7%99%D7%9C%D7%99%D7%9D+%D7%9E%D7%90%D7%A4%D7%A1/Mathilim+MeEfes&quot"/>
</include>

<include content="mainscreentvhosepissodss">
<param name="tvshowlabelname" value="מזרח תיכון מרכז"/>
<param name="mainscreentvhosepissods" value="6956"/>
<param name="baseidocntainer" value="7766"/>
<param name="networkname" value="IL"/>
<param name="networkcolor" value="green"/>
<param name="notfocusid" value="1"/>
<param name="mainscreentvhosepissodscontent" value="plugin://plugin.video.sdarot.tv/season/5677/1/%D7%9E%D7%96%D7%A8%D7%97+%D7%AA%D7%99%D7%9B%D7%95%D7%9F+%D7%9E%D7%A8%D7%9B%D7%96/Mizrach+Tichon+Mercaz&quot"/>
</include>

<include content="mainscreentvhosepissodss">
<param name="tvshowlabelname" value="גלעדי ימכור אותך"/>
<param name="mainscreentvhosepissods" value="6957"/>
<param name="baseidocntainer" value="7766"/>
<param name="networkname" value="IL"/>
<param name="networkcolor" value="green"/>
<param name="notfocusid" value="1"/>
<param name="mainscreentvhosepissodscontent" value="plugin://plugin.video.sdarot.tv/season/5689/1/%D7%92%D7%9C%D7%A2%D7%93%D7%99+%D7%99%D7%9E%D7%9B%D7%95%D7%A8+%D7%90%D7%95%D7%AA%D7%9A/Giladi+Imkor+Otha&quot"/>
</include>-->
</include>



<include name="mainscreentvshowcontent">
<definition>
<control type="group">
<visible>Container(335).HasFocus($PARAM[mainscrrenitemnumber])</visible>
<control type="group">
<control type="multiimage">
<posx>1300</posx>
<posy>360</posy>
<width>220</width>
<height>200</height>
<fadetime>350</fadetime>
<imagepath>$INFO[Container($PARAM[tvshowmainscreenbaseid]).ListItem.Art(thumb)]</imagepath>
</control>
<control type="label">
<animation effect="fade" time="450">VisibleChange</animation>
<posx>1280</posx>
<posy>400</posy>
<width>250</width>
<align>right</align>
<textcolor>burlywood</textcolor>
<label>תקציר סדרה:</label>
</control>
<control type="textbox">
<animation effect="fade" time="450">VisibleChange</animation>
<centerleft>50%</centerleft>
<posy>460</posy>
<width>650</width>
<height>100</height>
<align>right</align>
<autoscroll fade="2550" time="3000" repeat="4000"></autoscroll>
<label>$INFO[Container($PARAM[tvshowmainscreenbaseid]).ListItem.Plot]</label>
</control>
<control type="label">
<posx>1285</posx>
<posy>340</posy>
<width>700</width>
<height>100</height>
<align>right</align>
<textcolor>white</textcolor>
<font>font-21-newrecommnded</font>
<scroll>true</scroll>
<scrolltime>40</scrolltime>
<label>$INFO[Container($PARAM[tvshowmainscreenbaseid]).ListItem.Label] $INFO[Container($PARAM[tvshowmainscreenbaseid]).ListItem.Year, (,)]</label>
</control>
</control>
<control type="list" id="$PARAM[tvshowmainscreenbaseid]">
<posx>220</posx>
<posy>320</posy>
<width>1920</width>
<height>500</height>
<onclick>Control.SetFocus(2230)</onclick>
<ondown>Control.SetFocus(2230)</ondown>
<onback>335</onback>
<orientation>horizontal</orientation>
<autoscroll time="8000" fade="8000">Control.Hasfocus(9000)</autoscroll>
<scrolltime tween="sine" easing="inout">350</scrolltime>
<preloaditems>2</preloaditems>
<itemlayout width="1420" height="500">
<control type="image">
<posx>0</posx>
<posy>0</posy>
<width>250</width>
<height>250</height>
<texture>$INFO[ListItem.Thumb]</texture>
</control>
<control type="image">
<posx>0</posx>
<posy>250</posy>
<width>250</width>
<height>40</height>
<texture>black.png</texture>
</control>
<control type="label">
<posx>0</posx>
<posy>250</posy>
<width>250</width>
<height>40</height>
<align>center</align>
<label>$INFO[ListItem.Genre]</label>
</control>
</itemlayout>
<focusedlayout width="1420" height="500">
<control type="image">
<visible>!control.hasfocus($PARAM[tvshowmainscreenbaseid])</visible>
<posx>0</posx>
<posy>0</posy>
<width>250</width>
<height>250</height>
<texture>$INFO[ListItem.Thumb]</texture>
</control>
<control type="image">
<visible>control.hasfocus($PARAM[tvshowmainscreenbaseid])</visible>
<posx>0</posx>
<posy>0</posy>
<width>250</width>
<height>250</height>
<bordertexture>white.png</bordertexture>
<bordersize>4</bordersize>
<texture>$INFO[ListItem.Thumb]</texture>
</control>
<control type="image">
<posx>0</posx>
<posy>250</posy>
<width>250</width>
<height>40</height>
<texture>black.png</texture>
</control>
<control type="label">
<posx>0</posx>
<posy>250</posy>
<width>250</width>
<height>40</height>
<align>center</align>
<label>$INFO[ListItem.Genre]</label>
</control>
</focusedlayout>
<content sortby="$PARAM[sortbyfocus]" sortorder="$PARAM[sortbyorderfocus]">$PARAM[tvshowmainscreecontent]</content>
</control>
</control>
</definition>
</include>


<include name="mainscreentvhosepissodss">
<definition>
<control type="group">
<visible>String.Contains(Container($PARAM[baseidocntainer]).ListItem.Label,$PARAM[tvshowlabelname])</visible>
<visible>!Container(335).HasFocus($PARAM[notfocusid])</visible>
<control type="group">
<visible>Control.HasFocus($PARAM[mainscreentvhosepissods])</visible>
<control type="image">
<posx>550</posx>
<posy>345</posy>
<width>1005</width>
<height>305</height>
<texture>black.png</texture>
</control>
<control type="multiimage">
<posx>1300</posx>
<posy>360</posy>
<width>220</width>
<height>200</height>
<fadetime>350</fadetime>
<imagepath>$INFO[Container($PARAM[mainscreentvhosepissods]).ListItem.Art(fanart)]</imagepath>
</control>
<control type="textbox">
<animation effect="fade" time="450">VisibleChange</animation>
<centerleft>50%</centerleft>
<posy>460</posy>
<width>650</width>
<height>100</height>
<align>right</align>
<autoscroll fade="2550" time="3000" repeat="4000"></autoscroll>
<label>$INFO[Container($PARAM[mainscreentvhosepissods]).ListItem.Plot]</label>
</control>
<control type="label">
<posx>1285</posx>
<posy>340</posy>
<width>800</width>
<height>100</height>
<align>right</align>
<textcolor>white</textcolor>
<font>font-21-newrecommnded</font>
<label>$INFO[Container($PARAM[mainscreentvhosepissods]).ListItem.Label]</label>
</control>
<control type="label">
<animation effect="fade" time="450">VisibleChange</animation>
<posx>1280</posx>
<posy>400</posy>
<width>250</width>
<align>right</align>
<textcolor>burlywood</textcolor>
<label>תקציר פרק:</label>
</control>
</control>

<control type="label">
<animation condition="!Integer.IsGreater(Container($PARAM[mainscreentvhosepissods]).NumItems,0)" effect="fade" start="0" end="100" time="1100" pulse="true">Conditional</animation>
<visible>!Integer.IsGreater(Container($PARAM[mainscreentvhosepissods]).NumItems,0)</visible>
<posx>1000</posx>
<posy>600</posy>
<width>250</width>
<height>40</height>
<label>טוען פרקים...</label>
</control>



<control type="grouplist">
<posx>550</posx>
<posy>300</posy>
<width>1400</width>
<height>250</height>
<orientation>horizontal</orientation>
<itemgap>5</itemgap>
<control type="group">
<width>120</width>
<visible>!IsEmpty($PARAM[mainscreentvhosepissods]).ListItem.Season)</visible>
<control type="image">
<posx>0</posx>
<posy>0</posy>
<width>2</width>
<height>40</height>
<texture>special://skin/extras/info/upright.png</texture>
</control>
<control type="label">
<posx>15</posx>
<posy>0</posy>
<height>40</height>
<align>center</align>
<textcolor>white</textcolor>
<label>$INFO[Container($PARAM[mainscreentvhosepissods]).ListItem.Season] [COLOR gray] עונה: [/COLOR]</label>
</control>
</control>
<control type="group">
<width>120</width>
<visible>!IsEmpty(Container($PARAM[mainscreentvhosepissods]).ListItem.Episode)</visible>
<control type="image">
<posx>0</posx>
<posy>0</posy>
<width>2</width>
<height>40</height>
<texture>special://skin/extras/info/upright.png</texture>
</control>
<control type="label">
<posx>15</posx>
<posy>0</posy>
<height>40</height>
<textcolor>white</textcolor>
<align>center</align>
<label>$INFO[Container($PARAM[mainscreentvhosepissods]).ListItem.Episode] [COLOR gray] פרק: [/COLOR]</label>
</control>
</control>
<control type="group">
<width>150</width>
<visible>!IsEmpty(Container($PARAM[mainscreentvhosepissods]).ListItem.Episode)</visible>
<control type="image">
<posx>0</posx>
<posy>0</posy>
<width>2</width>
<height>40</height>
<texture>special://skin/extras/info/upright.png</texture>
</control>
<control type="label">
<posx>10</posx>
<posy>0</posy>
<height>40</height>
<textcolor>white</textcolor>
<align>center</align>
<label>$INFO[Container($PARAM[mainscreentvhosepissods]).NumItems] [COLOR gray]פרקים:[/COLOR]</label>
</control>
</control>
<control type="group">
<width>180</width>
<visible>!IsEmpty($PARAM[mainscreentvhosepissods]).ListItem.Rating)</visible>
<control type="image">
<posx>0</posx>
<posy>0</posy>
<width>2</width>
<height>40</height>
<texture>special://skin/extras/info/upright.png</texture>
</control>
<control type="image">
<posx>10</posx>
<posy>5</posy>
<height>35</height>
<texture colordiffuse="yellow" fallback="special://skin/extras/flags/stars/7.8.png">special://skin/extras/flags/stars/$INFO[Container($PARAM[mainscreentvhosepissods]).ListItem.Rating].png</texture>
</control>
</control>
<control type="group">
<width>180</width>
<control type="image">
<posx>0</posx>
<posy>0</posy>
<width>2</width>
<height>40</height>
<texture>special://skin/extras/info/upright.png</texture>
</control>
<control type="label">
<visible>String.IsEqual(Container($PARAM[mainscreentvhosepissods]).ListItem.Year,2020)</visible>
<posx>5</posx>
<posy>0</posy>
<height>40</height>
<align>center</align>
<textcolor>deepskyblue</textcolor>
<label>סדרה חדשה</label>
</control>
<control type="label">
<visible>!String.IsEqual(Container($PARAM[mainscreentvhosepissods]).ListItem.Year,2020)</visible>
<posx>5</posx>
<posy>0</posy>
<height>40</height>
<align>center</align>
<textcolor>deepskyblue</textcolor>
<label>עונה חדשה</label>
</control>
</control>
<control type="group">
<width>220</width>
<control type="image">
<posx>-5</posx>
<posy>0</posy>
<width>2</width>
<height>40</height>
<texture>special://skin/extras/info/upright.png</texture>
</control>
<control type="label">
<posx>5</posx>
<posy>0</posy>
<height>40</height>
<align>center</align>
<textcolor>$PARAM[networkcolor]</textcolor>
<label>[B]$PARAM[networkname][/B]</label>
</control>
</control>
<control type="group">
<control type="image">
<posx>0</posx>
<posy>0</posy>
<width>2</width>
<height>40</height>
<texture>special://skin/extras/info/upright.png</texture>
</control>
</control>
</control>
<control type="button" id="2230">
<posx>0</posx>
<posy>0</posy>
<width>1</width>
<height>1</height>
<label>-</label>
<onfocus>Control.SetFocus($PARAM[mainscreentvhosepissods])</onfocus>
</control>
<control type="list" id="$PARAM[mainscreentvhosepissods]">
<posx>570</posx>
<posy>600</posy>
<width>1000</width>
<height>40</height>
<onup condition="Container(335).HasFocus(1)">7765</onup>
<onup condition="Container(335).HasFocus(2)">7766</onup>
<onback condition="Container(335).HasFocus(1)">7765</onback>
<onback condition="Container(335).HasFocus(2)">7766</onback>
<orientation>horizontal</orientation>
<preloaditems>2</preloaditems>
<itemlayout width="250" height="40">
<control type="label">
<posx>0</posx>
<posy>0</posy>
<width>200</width>
<height>40</height>
<align>center</align>
<label>$INFO[ListItem.Label]</label>
</control>
</itemlayout>
<focusedlayout width="250" height="40">
<control type="label">
<visible>!control.hasfocus($PARAM[mainscreentvhosepissods])</visible>
<posx>0</posx>
<posy>0</posy>
<width>200</width>
<height>40</height>
<align>center</align>
<label>$INFO[ListItem.Label]</label>
</control>
<control type="label">
<visible>control.hasfocus($PARAM[mainscreentvhosepissods])</visible>
<posx>0</posx>
<posy>0</posy>
<width>200</width>
<height>40</height>
<align>center</align>
<label>[B]$INFO[ListItem.Label][/B]</label>
</control>
</focusedlayout>
<content>$PARAM[mainscreentvhosepissodscontent]</content>
</control>
</control>
</definition>
</include>

</includes>
