<?xml version="1.0" encoding="UTF-8"?>

<includes>





<include name="epiisodsglobadesgin">
<definition>
<control type="group">

<control type="multiimage">
<posx>1450</posx>
<posy>275</posy>
<width>320</width>
<height>485</height>
<fadetime>350</fadetime>
<imagepath>$INFO[Container($PARAM[baseseriasid]).ListItem.Thumb]</imagepath>
</control>

<control type="image">
<visible>Control.HasFocus($PARAM[baseseriasid])</visible>
<posx>120</posx>
<posy>50</posy>
<width>350</width>
<height>220</height>
<texture>$INFO[Container($PARAM[baseseriasid]).ListItem.Thumb]</texture>
</control>

<control type="group">
<visible>Integer.IsGreater(Container($PARAM[baseseriasid]).NumItems,0)</visible>
<control type="label">
<centerleft>53.5%</centerleft>
<posy>260</posy>
<width>800</width>
<height>50</height>
<align>right</align>
<font>font-21-recommnded</font>
<scrolltime>40</scrolltime>
<label>$INFO[Container($PARAM[baseseriasid]).ListItem.Label]</label>
</control>
<control type="label">
<centerleft>68%</centerleft>
<posy>400</posy>
<width>250</width>
<height>50</height>
<align>right</align>
<label>[COLOR yellow]$INFO[Container($PARAM[baseseriasid]).NumItems ][/COLOR]  [COLOR white]כמות הסדרות:[/COLOR]</label>
</control>
<control type="label">
<centerleft>68%</centerleft>
<posy>440</posy>
<width>250</width>
<height>50</height>
<align>right</align>
<label>[COLOR white]דירוג: [/COLOR]</label>
</control>
<control type="image">
<centerleft>67%</centerleft>
<posy>403.5</posy>
<width>120</width>
<height>120</height>
<aspectratio>keep</aspectratio>
<texture fallback="special://skin/extras/flahgs/stars/7.8.png">special://skin/extras/flags/stars/$INFO[Container($PARAM[baseseriasid]).ListItem.Rating].png</texture>
</control>
<control type="label">
<centerleft>52.8%</centerleft>
<posy>480</posy>
<width>850</width>
<height>50</height>
<align>right</align>
<label fallback="לא ידוע">[COLOR gray]$INFO[Container($PARAM[baseseriasid]).ListItem.Genre ][/COLOR] [COLOR white] סגנון:[/COLOR]</label>
</control>
<control type="textbox">
<visible>Control.HasFocus($PARAM[baseseriasid])</visible>
<centerleft>60%</centerleft>
<posy>70</posy>
<width>1200</width>
<height>145</height>
<align>right</align>
<autoscroll fade="2550" time="3000" repeat="4000"></autoscroll>
<label>$INFO[Container($PARAM[baseseriasid]).ListItem.Plot]</label>
</control>
</control>
<control type="list" id="$PARAM[baseseriasid]">
<posx>150</posx>
<posy>270</posy>
<width>500</width>
<height>480</height>
<onclick>Control.SetFocus(2222)</onclick>
<orientation>vertical</orientation>
<itemlayout width="500" height="40">
<control type="label">
<posx>0</posx>
<posy>0</posy>
<width>500</width>
<height>40</height>
<align>left</align>
<label>$INFO[ListItem.Label]</label>
</control>
</itemlayout>
<focusedlayout width="500" height="40">
<control type="label">
<posx>0</posx>
<posy>0</posy>
<width>500</width>
<height>40</height>
<align>left</align>
<label>[B]$INFO[ListItem.Label][/B]</label>
</control>
</focusedlayout>
<content>$PARAM[baseseriascontent]</content>
</control>
</control>
</definition>
</include>


<include name="epissodesbaselist">
<definition>
<control type="group">
<visible>String.Contains(Container($PARAM[baseepisodidlist]).ListItem.Label,$PARAM[labelname])</visible>
<control type="button" id="2222">
<posx>0</posx>
<posy>0</posy>
<width>1</width>
<height>1</height>
<label>-</label>
<onfocus>Control.SetFocus($PARAM[eppisodid])</onfocus>
</control>
<control type="image">
<posx>50</posx>
<posy>$PARAM[posyepisodbgandepisidlist]</posy>
<width>1800</width>
<height>50</height>
<texture>special://skin/extras/common/context_middle.png</texture>
</control>
<control type="textbox">
<visible>Control.HasFocus($PARAM[eppisodid])</visible>
<centerleft>60%</centerleft>
<posy>70</posy>
<width>1200</width>
<height>145</height>
<align>right</align>
<autoscroll fade="2550" time="3000" repeat="4000"></autoscroll>
<label>$INFO[Container($PARAM[eppisodid]).ListItem.Plot]</label>
</control>
<control type="group">
<visible>$PARAM[visibleid]</visible>
<control type="label">
<centerleft>68%</centerleft>
<posy>520</posy>
<width>250</width>
<height>50</height>
<align>right</align>
<label>[COLOR yellow]$INFO[Container($PARAM[eppisodid]).NumItems ][/COLOR]  [COLOR white]כמות הפרקים:[/COLOR]</label>
</control>
<control type="label">
<centerleft>68%</centerleft>
<posy>560</posy>
<width>250</width>
<height>50</height>
<align>right</align>
<label>[COLOR deepskyblue]$PARAM[sessionnumber][/COLOR]  [COLOR white]עונה:[/COLOR]</label>
</control>
<control type="label">
<centerleft>68%</centerleft>
<posy>600</posy>
<width>250</width>
<height>50</height>
<align>right</align>
<label>[COLOR deepskyblue]$PARAM[networkname][/COLOR]  [COLOR white]רשת:[/COLOR]</label>
</control>
</control>
<control type="multiimage">
<visible>Control.HasFocus($PARAM[eppisodid])</visible>
<posx>150</posx>
<posy>50</posy>
<width>320</width>
<height>200</height>
<fadetime>350</fadetime>
<imagepath>$INFO[Container($PARAM[eppisodid]).ListItem.Art(fanart)]</imagepath>
</control>
<control type="list" id="$PARAM[eppisodid]">
<posx>150</posx>
<posy>$PARAM[posyepisodbgandepisidlist]</posy>
<width>1600</width>
<height>480</height>
<onup>Control.SetFocus($PARAM[onup])</onup>
<ondown>Control.SetFocus($PARAM[ondown])</ondown>
<orientation>horizontal</orientation>
<itemlayout width="250" height="40">
<control type="label">
<posx>0</posx>
<posy>2</posy>
<width>500</width>
<height>40</height>
<align>left</align>
<label>$INFO[ListItem.Label]</label>
</control>
</itemlayout>
<focusedlayout width="250" height="40">
<control type="label">
<visible>!Control.HasFocus($PARAM[eppisodid])</visible>
<posx>0</posx>
<posy>2</posy>
<width>500</width>
<height>40</height>
<align>left</align>
<label>$INFO[ListItem.Label]</label>
</control>
<control type="label">
<visible>Control.HasFocus($PARAM[eppisodid])</visible>
<posx>0</posx>
<posy>2</posy>
<width>500</width>
<height>40</height>
<align>left</align>
<label>[B]$INFO[ListItem.Label][/B]</label>
</control>
</focusedlayout>
<content>$PARAM[episodedscontent]</content>
</control>
</control>
</definition>
</include>


<include name="yesgonewdesign">
<definition>
<control type="group">
<control type="multiimage">
<posx>1000</posx>
<posy>150</posy>
<width>800</width>
<height>500</height>
<fadetime>350</fadetime>
<imagepath>$INFO[Container($PARAM[yesgobaseid]).ListItem.Art(fanart)]</imagepath>
</control>
<control type="label">
<visible>!IsEmpty(Container($PARAM[yesgobaseid]).ListItem.Genre)</visible>
<posx>695</posx>
<posy>480</posy>
<width>550</width>
<height>40</height>
<align>right</align>
<label>[COLOR gray][I]$INFO[Container($PARAM[yesgobaseid]).ListItem.Genre][/COLOR][/I] [COLOR white]סגנון:[/COLOR]</label>
</control>
<control type="textbox">
<posx>150</posx>
<posy>200</posy>
<width>550</width>
<height>175</height>
<align>right</align>
<textcolor>gray</textcolor>
<label>$INFO[Container($PARAM[yesgobaseid]).ListItem.Plot]</label>
</control>
<control type="wraplist" id="$PARAM[yesgobaseid]">
<posx>1500</posx>
<posy>825</posy>
<width>350</width>
<height>200</height>
<focusposition>2</focusposition>
<pagecontrol>35</pagecontrol>
<scrolltime tween="sine" easing="inout">350</scrolltime>
<orientation>vertical</orientation>
<itemlayout width="120" height="40">
<control type="label">
<posx>0</posx>
<posy>0</posy>
<width>350</width>
<height>40</height>
<align>center</align>
<label>$INFO[ListItem.Label]</label>
</control>
</itemlayout>
<focusedlayout width="120" height="40">
<control type="label">
<posx>0</posx>
<posy>0</posy>
<width>350</width>
<height>40</height>
<align>center</align>
<textcolor>deepskyblue</textcolor>
<label>$INFO[ListItem.Label]</label>
</control>
</focusedlayout>
<content>$PARAM[basecontent]</content>
</control>
</control>
</definition>
</include>



<include name="missedyesgocontent">
<definition>
<control type="group">
<visible>String.Contains(Container($PARAM[baseid]).ListItem.Label,$PARAM[labelname])</visible>
<control type="image">
<description>plottext bg</description>
<posx>100</posx>
<posy>185</posy>
<width>600</width>
<height>210</height>
<texture colordiffuse="black">white.png</texture>
</control>
<control type="image">
<description>plottext bg</description>
<posx>100</posx>
<posy>485</posy>
<width>600</width>
<height>210</height>
<texture colordiffuse="black">white.png</texture>
</control>
<control type="multiimage">
<posx>1000</posx>
<posy>150</posy>
<width>800</width>
<height>500</height>
<fadetime>350</fadetime>
<imagepath>$PARAM[basefanart]</imagepath>
</control>
<control type="textbox">
<posx>150</posx>
<posy>200</posy>
<width>550</width>
<height>175</height>
<align>right</align>
<textcolor>gray</textcolor>
<label>$PARAM[textplot]</label>
</control>

<control type="label">
<posx>695</posx>
<posy>480</posy>
<width>550</width>
<height>40</height>
<align>right</align>
<label>[COLOR gray][I]$PARAM[genreid][/COLOR][/I] [COLOR white]סגנון:[/COLOR]</label>
</control>
</control>
</definition>
</include>


<include name="idocntentnumber">
<definition>
<item id="$PARAM[idnumber]">
<thumb>special://skin/extras/common/context_middle.png</thumb>
<onclick>$PARAM[onclick]</onclick>
</item>
</definition>
</include>



<include name="yesgodesignnew">
<definition>

<control type="group">
<visible>Container(35).HasFocus($PARAM[itemidnumber])</visible>
<posy>10</posy>
<control type="image">
<posx>0</posx>
<posy>750</posy>
<width>1980</width>
<height>320</height>
<texture>black.png</texture>
<colordiffuse>77000000</colordiffuse>
</control>
<control type="group">
<posx>-100</posx>
<control type="image">
<posx>480</posx>
<posy>750</posy>
<width>980</width>
<height>320</height>
<texture>black.png</texture>
<colordiffuse>77000000</colordiffuse>
</control>
<control type="image">
<posx>480</posx>
<posy>750</posy>
<width>980</width>
<height>320</height>
<texture>black.png</texture>
<colordiffuse>77000000</colordiffuse>
</control>

<control type="image">
<posx>1860</posx>
<posy>750</posy>
<width>160</width>
<height>320</height>
<texture>black.png</texture>
<colordiffuse>77000000</colordiffuse>
</control>
<control type="image">
<posx>1860</posx>
<posy>750</posy>
<width>160</width>
<height>320</height>
<texture>black.png</texture>
<colordiffuse>77000000</colordiffuse>
</control>


<control type="image">
<posx>1480</posx>
<posy>880</posy>
<width>65</width>
<height>65</height>
<aspectratio>keep</aspectratio>
<texture colordiffuse="deepskyblue">special://skin/extras/arrows/arrow-25-xxl.png</texture>
</control>
<control type="image">
<posx>400</posx>
<posy>880</posy>
<width>65</width>
<height>65</height>
<aspectratio>keep</aspectratio>
<texture flipx="true" colordiffuse="deepskyblue">special://skin/extras/arrows/arrow-25-xxl.png</texture>
</control>

<control type="image">
<posx>1920</posx>
<posy>740</posy>
<width>65</width>
<height>65</height>
<aspectratio>keep</aspectratio>
<texture colordiffuse="deepskyblue">special://skin/extras/arrows/arrowup.png</texture>
</control>
<control type="image">
<posx>1920</posx>
<posy>1020</posy>
<width>65</width>
<height>65</height>
<aspectratio>keep</aspectratio>
<texture colordiffuse="deepskyblue">special://skin/extras/arrows/arrowdown.png</texture>
</control>

<control type="group">
<control type="multiimage">
<posx>1225</posx>
<posy>840</posy>
<width>220</width>
<height>150</height>
<fadetime>350</fadetime>
<imagepath>$INFO[Container($PARAM[stringid]).ListItem.Thumb]</imagepath>
</control>
</control>
<control type="textbox">
<posx>550</posx>
<posy>820</posy>
<width>650</width>
<height>175</height>
<align>right</align>
<autoscroll fade="2550" time="3500" repeat="4000"></autoscroll>
<label>$INFO[Container($PARAM[stringid]).ListItem.Plot]</label>
</control>
<control type="label">
<posx>1450</posx>
<posy>752</posy>
<width>500</width>
<height>40</height>
<align>right</align>
<scrollspeed>40</scrollspeed>
<font>font-21-newrecommnded</font>
<label>$INFO[Container($PARAM[stringid]).ListItem.Label]</label>
</control>


<control type="grouplist">
<posx>485</posx>
<posy>765</posy>
<width>1000</width>
<height>100</height>
<orientation>horizontal</orientation>
<itemgap>80</itemgap>
<control type="group">
<control type="image">
<posx>0</posx>
<posy>0</posy>
<width>1</width>
<height>40</height>
<texture>special://skin/extras/info/upright.png</texture>
</control>
<control type="label">
<posx>20</posx>
<posy>0</posy>
<width>50</width>
<height>50</height>
<label>HD</label>
</control>
</control>
<control type="group">
<visible>!IsEmpty(Container($PARAM[stringid]).ListItem.Year)</visible>
<control type="image">
<posx>5</posx>
<posy>0</posy>
<width>1</width>
<height>40</height>
<texture>special://skin/extras/info/upright.png</texture>
</control>
<control type="label">
<posx>10</posx>
<posy>0</posy>
<width>150</width>
<height>50</height>
<label fallback="1080">$INFO[Container($PARAM[stringid]).ListItem.Year]</label>
</control>
</control>
<control type="group">
<control type="image">
<posx>5</posx>
<posy>0</posy>
<width>1</width>
<height>40</height>
<texture>special://skin/extras/info/upright.png</texture>
</control>
</control>
<control type="group">
<visible>String.IsEqual(Container($PARAM[stringid]).ListItem.Year,2020)</visible>
<control type="image">
<posx>5</posx>
<posy>0</posy>
<width>1</width>
<height>40</height>
<texture>special://skin/extras/info/upright.png</texture>
</control>
<control type="label">
<posx>-60</posx>
<posy>0</posy>
<width>150</width>
<height>50</height>
<textcolor>burlywood</textcolor>
<label fallback="1080">חדש</label>
</control>
</control>
<control type="group">
<control type="image">
<posx>-50</posx>
<posy>0</posy>
<width>150</width>
<height>40</height>
<texture fallback="special://skin/extras/flags/stars/7.8.png" colordiffuse="yellow">special://skin/extras/flags/stars/$INFO[Container($PARAM[stringid]).ListItem.Rating].png</texture>
</control>
</control>
</control>

<control type="grouplist" id="8875">
<posx>540</posx>
<posy>1010</posy>
<width>1000</width>
<height>100</height>
<onback>5</onback>
<orientation>horizontal</orientation>
<itemgap>50</itemgap>
<control type="button" id="21">
<texturenofocus colordiffuse="deepskyblue">white.png</texturenofocus>
<texturefocus colordiffuse="deeppink">white.png</texturefocus>
<posx>0</posx>
<posy>0</posy>
<width>250</width>
<height>50</height>
<label>נגן</label>
<onclick>-</onclick>
</control>
<control type="button" id="22">
<texturenofocus colordiffuse="deepskyblue">white.png</texturenofocus>
<texturefocus colordiffuse="deeppink">white.png</texturefocus>
<posx>0</posx>
<posy>0</posy>
<width>250</width>
<height>50</height>
<label>טריילר</label>
<onclick>-</onclick>
</control>
<control type="button" id="23">
<texturenofocus colordiffuse="deepskyblue">white.png</texturenofocus>
<texturefocus colordiffuse="deeppink">white.png</texturefocus>
<posx>0</posx>
<posy>0</posy>
<width>250</width>
<height>50</height>
<label>דירוג</label>
<onclick>-</onclick>
</control>
</control>
</control>
<control type="wraplist" id="$PARAM[stringid]">
<posx>35</posx>
<posy>785</posy>
<width>2920</width>
<height>500</height>
<onup>35</onup>
<ondown>35</ondown>
<onclick>Action(info)</onclick>
<onback>Dialog.Close(4009)</onback>
<onback>Control.SetFocus(9000)</onback>
<preloaditems>2</preloaditems>
<orientation>horizontal</orientation>
<focusposition>0</focusposition>
<scrolltime tween="sine" easing="inout">450</scrolltime>
<itemlayout width="1450" height="150">
<control type="image">
<posx>0</posx>
<posy>0</posy>
<width>250</width>
<height>250</height>
<texture>$INFO[ListItem.Thumb]</texture>
</control>
</itemlayout>
<focusedlayout width="1450" height="150">
<control type="image">
<visible>!control.hasfocus($PARAM[stringid])</visible>
<posx>0</posx>
<posy>0</posy>
<width>250</width>
<height>250</height>
<texture>$INFO[ListItem.Thumb]</texture>
</control>
<control type="image">
<visible>control.hasfocus($PARAM[stringid])</visible>
<posx>0</posx>
<posy>0</posy>
<width>250</width>
<height>250</height>
<bordertexture colordiffuse="white">white.png</bordertexture>
<bordersize>4</bordersize>
<texture>$INFO[ListItem.Thumb]</texture>
</control>
</focusedlayout>
<content sortby="dateadded" sortorder="descending">$PARAM[yesgocontent]</content>
</control>
</control>
</definition>
</include>


<include name="newtestdesgin">
<definition>
<control type="group">
<visible>Container(35).HasFocus(1)</visible>
<control type="multiimage">
<posx>1150</posx>
<posy>800</posy>
<width>220</width>
<height>180</height>
<imagepath>$INFO[Container($PARAM[yesgoid]).ListItem.Thumb]</imagepath>
</control>
<control type="textbox">
<posx>415</posx>
<posy>800</posy>
<width>700</width>
<height>175</height>
<align>right</align>
<textcolor>white</textcolor>
<label>$INFO[Container($PARAM[yesgoid]).ListItem.Plot]</label>
</control>

<control type="grouplist">
<posx>405</posx>
<posy>700</posy>
<width>800</width>
<height>100</height>
<orientation>horizontal</orientation>
<itemgap>70</itemgap>
<control type="group">
<control type="image">
<posx>0</posx>
<posy>0</posy>
<width>2</width>
<height>40</height>
<texture colordiffuse="gray">white.png</texture>
</control>
<control type="label">
<posx>15</posx>
<posy>0</posy>
<width>120</width>
<height>40</height>
<label>HD</label>
</control>
</control>
<control type="group">
<posx>0</posx>
<visible>!IsEmpty(Container($PARAM[yesgoid]).ListItem.Year)</visible>
<control type="image">
<posx>0</posx>
<posy>0</posy>
<width>2</width>
<height>40</height>
<texture colordiffuse="gray">white.png</texture>
</control>
<control type="label">
<posx>15</posx>
<posy>0</posy>
<width>120</width>
<height>40</height>
<label>$INFO[Container($PARAM[yesgoid]).ListItem.Year]</label>
</control>
</control>
<control type="group">
<visible>String.IsEqual(Container($PARAM[yesgoid]).ListItem.Year,2020)</visible>
<control type="image">
<posx>20</posx>
<posy>0</posy>
<width>2</width>
<height>40</height>
<texture colordiffuse="gray">white.png</texture>
</control>
<control type="label">
<posx>30</posx>
<posy>0</posy>
<width>120</width>
<height>40</height>
<textcolor>burlywood</textcolor>
<label>חדש</label>
</control>
</control>
<control type="group">
<visible>!IsEmpty(Container($PARAM[yesgoid]).ListItem.Rating)</visible>
<control type="image">
<posx>20</posx>
<posy>0</posy>
<width>2</width>
<height>40</height>
<texture colordiffuse="gray">white.png</texture>
</control>
<control type="image">
<posx>25</posx>
<posy>5</posy>
<width>120</width>
<height>35</height>
<texture colordiffuse="yellow">special://skin/extras/flags/stars/$INFO[Container($PARAM[yesgoid]).ListItem.Rating].png</texture>
</control>
</control>
</control>



<control type="wraplist" id="$PARAM[yesgoid]">
<posx>50</posx>
<posy>750</posy>
<width>fsw</width>
<height>500</height>
<orientation>horizontal</orientation>
<scrolltime tween="sine" easing="inout">350</scrolltime>
<preloaditems>2</preloaditems>
<itemlayout width="1450" height="350">
<control type="image">
<visible>!IsEmpty(ListItem.Genre)</visible>
<posx>0</posx>
<posy>250</posy>
<width>250</width>
<height>35</height>
<texture colordiffuse="black">white.png</texture>
</control>
<control type="image">
<posx>0</posx>
<posy>0</posy>
<width>250</width>
<height>250</height>
<texture>$INFO[ListItem.Thumb]</texture>
</control>
<control type="label">
<visible>!IsEmpty(ListItem.Genre)</visible>
<posx>5</posx>
<posy>245</posy>
<width>240</width>
<height>30</height>
<align>center</align>
<label>$INFO[ListItem.Genre]</label>
</control>
</itemlayout>
<focusedlayout width="1450" height="350">
<control type="image">
<visible>!IsEmpty(ListItem.Genre)</visible>
<posx>0</posx>
<posy>250</posy>
<width>250</width>
<height>35</height>
<texture colordiffuse="black">white.png</texture>
</control>
<control type="image">
<visible>!control.hasfocus($PARAM[yesgoid])</visible>
<posx>0</posx>
<posy>0</posy>
<width>250</width>
<height>250</height>
<texture>$INFO[ListItem.Thumb]</texture>
</control>
<control type="image">
<visible>control.hasfocus($PARAM[yesgoid])</visible>
<posx>0</posx>
<posy>0</posy>
<width>250</width>
<height>250</height>
<bordertexture colordiffuse="white">white.png</bordertexture>
<bordersize>4</bordersize>
<texture>$INFO[ListItem.Thumb]</texture>
</control>
<control type="label">
<visible>!IsEmpty(ListItem.Genre)</visible>
<posx>5</posx>
<posy>245</posy>
<width>240</width>
<height>30</height>
<align>center</align>
<scrolltime>10</scrolltime>
<label>$INFO[ListItem.Genre]</label>
</control>
</focusedlayout>
<content>$PARAM[yesgocontent]</content>
</control>
</control>
</definition>
</include>

<include name="globalanimation">
<definition>
<animation type="WindowOpen">
<effect type="$PARAM[anitype]" start="$PARAM[anistart]" end="$PARAM[aniend]" time="$PARAM[anitime]" tween="sine" easing="inout"/>
</animation>
</definition>
</include>

</includes>
