<?xml version="1.0" encoding="UTF-8"?>

<includes>


<include name="seriasextrasmainmenu">
			<control type="group">
			<control type="list" id="8821">

			<posx>1635</posx>
			<posy>380</posy>
			<width>18-col</width>
			<height>345</height>
			<ondown>9012</ondown>
			<onup>9012</onup>
			<onleft>9000</onleft>
			<orientation>vertical</orientation>
			<scrolltime tweeb="cubic" easing="inout">450</scrolltime>
			<itemlayout width="4-col" height="115">
				<control type="image">
					<posx>0</posx>
					<posy>20</posy>
					<width>4-col-textbox</width>
					<height>105</height>
					<texture>black.png</texture>
					<colordiffuse>77000000</colordiffuse>
					<aspectratio>stretch</aspectratio>
				</control>
				<control type="label">
					<posx>20</posx>
					<posy>0</posy>
					<width>252</width>
					<height>3-row</height>
					<wrapmultiline>true</wrapmultiline>
					<aligny>center</aligny>
					<align>center</align>
					<textcolor>white</textcolor>
					<shadowcolor></shadowcolor>
					<label>[B][CAPITALIZE]$INFO[ListItem.label][/CAPITALIZE][/B]</label>
				</control>
				<control type="label">
					<posx>20</posx>
					<posy>40</posy>
					<width>252</width>
					<height>3-row</height>
					<wrapmultiline>true</wrapmultiline>
					<aligny>center</aligny>
					<align>center</align>
					<font>font-16</font>
					<textcolor>white</textcolor>
					<shadowcolor></shadowcolor>
					<label>[CAPITALIZE]$INFO[ListItem.label2][/CAPITALIZE]</label>
				</control>
			</itemlayout>
			<focusedlayout width="4-col" height="115">
					<control type="image">
					<posx>0</posx>
					<posy>20</posy>
					<width>4-col-textbox</width>
					<height>105</height>
					<texture>black.png</texture>
					<colordiffuse>77000000</colordiffuse>
					<aspectratio>stretch</aspectratio>
				</control>
				<control type="image">
				<visible>Control.HasFocus(8821)</visible>
					<posx>0</posx>
					<posy>20</posy>
					<width>4-col-textbox</width>
					<height>105</height>
					<texture>white.png</texture>
					<colordiffuse>red</colordiffuse>
					<aspectratio>stretch</aspectratio>
				</control>
				<control type="label">
					<posx>20</posx>
					<posy>0</posy>
					<width>252</width>
					<height>3-row</height>
					<wrapmultiline>true</wrapmultiline>
					<aligny>center</aligny>
					<align>center</align>
					<textcolor>white</textcolor>
					<shadowcolor></shadowcolor>
					<label>[B][CAPITALIZE]$INFO[ListItem.label][/CAPITALIZE][/B]</label>
				</control>
				<control type="label">
					<posx>20</posx>
					<posy>40</posy>
					<width>252</width>
					<height>3-row</height>
					<wrapmultiline>true</wrapmultiline>
					<aligny>center</aligny>
					<align>center</align>
					<font>font-16</font>
					<textcolor>white</textcolor>
					<shadowcolor></shadowcolor>
					<label>[CAPITALIZE]$INFO[ListItem.label2][/CAPITALIZE]</label>
				</control>
			</focusedlayout>
			<content>
			<item>
				<label>עולם הסדרות</label>
				<label2>[COLOR yellow]עולם הסדרות והפרקים[/COLOR]</label2>
				<onclick>ActivateWindow(6677)</onclick>
				</item>
			<item>
				<label>פרקים אחרונים</label>
				<label2>פרקים אחרונים ישראלי וחול</label2>
				<onclick>ActivateWindow(6722)</onclick>
				</item>
				<item>
				<label>פרקים אחרונים</label>
				<label2>פרקים אחרונים חול בלבד</label2>
				<onclick>ActivateWindow(6794)</onclick>
				</item>
			<item>
				<label>סדרות אקסטרה</label>
				<label2>[COLOR yellow]סדרות אקסטרה פלוס[/COLOR]</label2>
				<onclick>ActivateWindow(6807)</onclick>
				</item>
			<item>
				<label>סדרות</label>
				<label2>ישראלי / ריאלטי ישראלי</label2>
				<onclick>ActivateWindow(6796)</onclick>
				</item>
			<item>
				<label>סדרות</label>
				<label2>סדרות חדשות</label2>
				<onclick>ActivateWindow(6764)</onclick>
				</item>	
			<item>
				<label>סדרות</label>
				<label2>מתח / פשע / מסתורין</label2>
				<onclick>ActivateWindow(6776)</onclick>
				</item>		
			<item>
				<label>סדרות</label>
				<label2>מדע בדיוני / פנטזיה</label2>
				<onclick>ActivateWindow(6782)</onclick>
				</item>	
			<item>
				<label>סדרות</label>
				<label2>קומדיה / דרמה / משפחה</label2>
				<onclick>ActivateWindow(6785)</onclick>
				</item>		
			<item>
				<label>סדרות</label>
				<label2>דוקומנטרי</label2>
				<onclick>ActivateWindow(6788)</onclick>
				</item>	
			<item>
				<label>סדרות</label>
				<label2>אוכל</label2>
				<onclick>ActivateWindow(6791)</onclick>
				</item>	
			<item>
				<label>סדרות</label>
				<label2>ריאליטי</label2>
				<onclick>ActivateWindow(6771)</onclick>
				</item>		
			<item>
				<label>סדרות</label>
				<label2>טבע</label2>
				<onclick>ActivateWindow(6779)</onclick>
				</item>					
			</content>
		</control>
		</control>
		</include>


<include name="moviesworldmainmenu">
			<control type="group">
			<animation condition="Window.IsActive(6795)" effect="slide" start="0,0" end="-500,0" time="150" tween="sine" easing="inout">Conditional</animation>
			<control type="list" id="8822">
			<posx>0</posx>
			<posy>380</posy>
			<width>18-col</width>
			<height>345</height>
			<ondown>9012</ondown>
			<onup>9012</onup>
			<onright>9000</onright>
			<orientation>vertical</orientation>
			<scrolltime tweeb="cubic" easing="inout">450</scrolltime>
			<itemlayout width="4-col" height="115">
				<control type="image">
					<posx>0</posx>
					<posy>20</posy>
					<width>4-col-textbox</width>
					<height>105</height>
					<texture>black.png</texture>
					<colordiffuse>77000000</colordiffuse>
					<aspectratio>stretch</aspectratio>
				</control>
				<control type="label">
					<posx>20</posx>
					<posy>0</posy>
					<width>252</width>
					<height>3-row</height>
					<wrapmultiline>true</wrapmultiline>
					<aligny>center</aligny>
					<align>center</align>
					<textcolor>white</textcolor>
					<shadowcolor></shadowcolor>
					<label>[B][CAPITALIZE]$INFO[ListItem.label][/CAPITALIZE][/B]</label>
				</control>
				<control type="label">
					<posx>20</posx>
					<posy>40</posy>
					<width>252</width>
					<height>3-row</height>
					<wrapmultiline>true</wrapmultiline>
					<aligny>center</aligny>
					<align>center</align>
					<font>font-16</font>
					<textcolor>white</textcolor>
					<shadowcolor></shadowcolor>
					<label>[CAPITALIZE]$INFO[ListItem.label2][/CAPITALIZE]</label>
				</control>
			</itemlayout>
			<focusedlayout width="4-col" height="115">
					<control type="image">
					<posx>0</posx>
					<posy>20</posy>
					<width>4-col-textbox</width>
					<height>105</height>
					<texture>black.png</texture>
					<colordiffuse>77000000</colordiffuse>
					<aspectratio>stretch</aspectratio>
				</control>
				<control type="image">
				<visible>Control.HasFocus(8822)</visible>
					<posx>0</posx>
					<posy>20</posy>
					<width>4-col-textbox</width>
					<height>105</height>
					<texture>white.png</texture>
					<colordiffuse>orange</colordiffuse>
					<aspectratio>stretch</aspectratio>
				</control>
				<control type="label">
					<posx>20</posx>
					<posy>0</posy>
					<width>252</width>
					<height>3-row</height>
					<wrapmultiline>true</wrapmultiline>
					<aligny>center</aligny>
					<align>center</align>
					<textcolor>white</textcolor>
					<shadowcolor></shadowcolor>
					<label>[B][CAPITALIZE]$INFO[ListItem.label][/CAPITALIZE][/B]</label>
				</control>
				<control type="label">
					<posx>20</posx>
					<posy>40</posy>
					<width>252</width>
					<height>3-row</height>
					<wrapmultiline>true</wrapmultiline>
					<aligny>center</aligny>
					<align>center</align>
					<font>font-16</font>
					<textcolor>white</textcolor>
					<shadowcolor></shadowcolor>
					<label>[CAPITALIZE]$INFO[ListItem.label2][/CAPITALIZE]</label>
				</control>
			</focusedlayout>
			<content>
			<item>
				<thumb>https://i.imgur.com/7ejrdvp.png</thumb>
				<label>עולם הסרטים</label>
				<label2>[COLOR yellow]עולם הסרטים והמדיה[/COLOR]</label2>
				<onclick>Dialog.Close(6806)</onclick>
				<onclick>ActivateWindow(6806)</onclick>
				</item>
			<item>
				<thumb>https://i.imgur.com/7ejrdvp.png</thumb>
				<label>סרטים אחרונים</label>
				<label2>ציקו סרטים אחרונים</label2>
				<onclick>Dialog.Close(6681)</onclick>
				<onclick>ActivateWindow(6772)</onclick>
				</item>
			<item>
				<thumb>https://i.imgur.com/7ejrdvp.png</thumb>
				<label>סרטים אחרונים</label>
				<label2>סרטים אחרונים שיצאו</label2>
				<onclick>Dialog.Close(6681)</onclick>
				<onclick>ActivateWindow(6773)</onclick>
				</item>
			<item>
				<thumb>https://i.imgur.com/7ejrdvp.png</thumb>
				<label>סרטים אחרונים</label>
				<label2>גוסט סרטים אחרונים</label2>
				<onclick>Dialog.Close(6681)</onclick>
				<onclick>ActivateWindow(6805)</onclick>
				</item>
			<item>
				<thumb>https://i.imgur.com/9DX2YZ2.png</thumb>
				<label>המלצות סרטים</label>
				<label2>המלצות סרטי חול</label2>
				<onclick>Dialog.Close(6781)</onclick>
				<onclick>ActivateWindow(6760)</onclick>
				</item>
				<item>
				<thumb>https://i.imgur.com/qOqY3WV.png</thumb>
				<label>המלצות סרטים</label>
				<label2>סרטי טבע ודוקו</label2>
				<onclick>Dialog.Close(6781)</onclick>
				<onclick>ActivateWindow(6761)</onclick>
				</item>
				<item>
				<label>סרטים</label>
				<thumb>https://i.imgur.com/zT6LqWo.png</thumb>
				<label2>המלצות סרטים ישראלי</label2>
				<onclick>Dialog.Close(6781)</onclick>
				<onclick>ActivateWindow(6762)</onclick>
				</item>
			<item>
				<thumb>special://skin/extras/specialbuttons/netflixdesign-min.png</thumb>
				<label>סרטים</label>
				<label2>סגנון נטפליקס</label2>
				<onclick>Dialog.Close(6681)</onclick>
				<onclick>ActivateWindow(6710)</onclick>
				</item>
				<item>
				<thumb>special://skin/extras/specialbuttons/advanceddesingn-min.png</thumb>
				<label>סרטים</label>
				<label2>עיצוב מתקדם</label2>
				<onclick>Dialog.Close(6681)</onclick>
				<onclick>ActivateWindow(6711)</onclick>
				</item>
				<item>
				<thumb>special://skin/extras/specialbuttons/newdesign.png</thumb>
				<label>סרטים</label>
				<label2>עיצוב חדשני</label2>
				<onclick>Dialog.Close(6681)</onclick>
				<onclick>ActivateWindow(6714)</onclick>
				</item>
				<item>
				<label>סרטים</label>
				<thumb>special://skin/extras/specialbuttons/rddesign.png</thumb>
				<label2>RD סרטים</label2>
				<onclick>Dialog.Close(6681)</onclick>
				<onclick>ActivateWindow(6691)</onclick>
				</item>
				<item>
				<label>סרטים</label>
				<thumb>special://skin/extras/israelmovies.png</thumb>
				<label2>סרטים ישראלים</label2>
				<onclick>Dialog.Close(6681)</onclick>
				<onclick>ActivateWindow(6676)</onclick>
				</item>
				<item>
				<label>סרטים</label>
				<thumb>special://skin/extras/specialbuttons/docu.png</thumb>
				<label2>סרטים דוקומנטרים</label2>
				<onclick>Dialog.Close(6681)</onclick>
				<onclick>ActivateWindow(6726)</onclick>
				</item>
			</content>
		</control>
		</control>
		</include>

</includes>
