<?xml version="1.0" encoding="UTF-8"?>

<includes>

<include name="newnetflixdesign">
<definition>
<control type="group">
<animation condition="!ControlGroup(2164).HasFocus" effect="slide" start="0,0" end="-150,0" time="250" tween="sine" easing="inout">Conditional</animation>
<posx>150</posx>
<visible>StringCompare(Skin.String(Section),$PARAM[stringcompare])</visible>
<control type="group">
<visible>$PARAM[netflixvisible]</visible>
<control type="image">
<animation condition="!ControlGroup(2164).HasFocus" effect="slide" start="0,0" end="-800,0" time="250" tween="sine" easing="inout">Conditional</animation>
<posx>0</posx>
<posy>0</posy>
<width>4</width>
<height>1100</height>
<texture>special://skin/extras/views/gradient_seperator.png</texture>
</control>
<control type="multiimage">
<animation effect="fade" time="450">VisibleChange</animation>
<posx>500</posx>
<posy>250</posy>
<width>1500</width>
<height>720</height>
<fadetime>500</fadetime>
<imagepath diffuse="special://skin/extras/overlay/right_corner.png">$INFO[Container($PARAM[netflixid]).ListItem.Art(fanart)]</imagepath>
</control>
<control type="label">
<posx>20</posx>
<posy>280</posy>
<width>800</width>
<height>50</height>
<align>left</align>
<font>font-21-recommnded</font>
<label>$INFO[Container($PARAM[netflixid]).ListItem.Label]</label>
</control>
<control type="image">
<visible>!IsEmpty(Container($PARAM[netflixid]).ListItem.Genre)</visible>
<posx>20</posx>
<posy>440</posy>
<width>45</width>
<height>45</height>
<texture colordiffuse="red">special://skin/extras/genre.png</texture>
</control>
<control type="label">
<posx>80</posx>
<posy>440</posy>
<width>800</width>
<height>40</height>
<textcolor>gray</textcolor>
<label>[I]$INFO[Container($PARAM[netflixid]).ListItem.Genre][/I]</label>
</control>

<control type="textbox">
<posx>20</posx>
<posy>550</posy>
<width>580</width>
<height>145</height>
<align>left</align>
<textcolor>white</textcolor>
<autoscroll fade="2550" time="3500" repeat="4000"></autoscroll>
<label>$INFO[Container($PARAM[netflixid]).ListItem.Plot]</label>
</control>
<control type="image">
<visible>!Integer.IsGreater(Container($PARAM[netflixid]).NumItems,0)</visible>
<posx>500</posx>
<posy>500</posy>
<width>120</width>
<height>120</height>
<aspectratio>keep</aspectratio>
<texture>special://skin/extras/specialbuttons/loading.gif</texture>
</control>
<control type="label">
<visible>Integer.IsGreater(Container($PARAM[netflixid]).NumItems,0)</visible>
<posx>200</posx>
<posy>365</posy>
<width>250</width>
<height>40</height>
<font>font-14</font>
<label>$INFO[Container($PARAM[netflixid]).ListItem.Year ] $INFO[Container($PARAM[netflixid]).ListItem.Duration(mm, m ]</label>
</control>
<control type="image">
<visible>Integer.IsGreater(Container($PARAM[netflixid]).NumItems,0)</visible>
<posx>20</posx>
<posy>320</posy>
<width>120</width>
<height>120</height>
<aspectratio>keep</aspectratio>
<texture fallback="special://skin/extras/flags/stars/7.8.png"colordiffuse="red">special://skin/extras/flags/stars/$INFO[Container($PARAM[netflixid]).ListItem.Rating].png</texture>
</control>
<control type="image">
<visible>Control.HasFocus($PARAM[netflixid])</visible>
<posx>$PARAM[arrowposx]</posx>
<posy>$PARAM[arrowidposy]</posy>
<width>35</width>
<height>15</height>
<texture flipy="$PARAM[flipyarrow]">special://skin/extras/arrow.png</texture>
</control>
	<control type="grouplist" id="2112">
	<visible>!Window.IsActive(DialogVideoInfo.xml)</visible>
	<visible>Integer.IsGreater(Container($PARAM[netflixid]).NumItems,0)</visible>
	<posx>20</posx>
	<posy>750</posy>
	<width>600</width>
	<height>50</height>
	<itemgap>20</itemgap>
	<orientation>horizontal</orientation>
	<control type="button" id="60">
	<texturefocus colordiffuse="gray">white.png</texturefocus>
	<texturenofocus colordiffuse="white">white.png</texturenofocus>
	<textcolor>black</textcolor>
	<focusedcolor>black</focusedcolor>
	<posx>400</posx>
	<posy>400</posy>
	<width>180</width>
	<height>40</height>
	<label>נגן</label>
	<onright>Dialog.Close(all,true)</onright>
	<onright>ActivateWindow(4005)</onright>
	<onclick>SendClick(8)</onclick>
	</control>
	<control type="button" id="61">
	<texturefocus colordiffuse="gray">white.png</texturefocus>
	<texturenofocus colordiffuse="white">white.png</texturenofocus>
		<textcolor>black</textcolor>
	<focusedcolor>black</focusedcolor>
	<posx>400</posx>
	<posy>400</posy>
	<width>180</width>
	<height>40</height>
	<label>טריילר</label>
	<onright>Dialog.Close(all,true)</onright>
	<onright>ActivateWindow(4005)</onright>
	<onclick>SendClick(11)</onclick>
	</control>
	<control type="button" id="62">
	<texturefocus colordiffuse="gray">white.png</texturefocus>
	<texturenofocus colordiffuse="white">white.png</texturenofocus>
	<textcolor>black</textcolor>
	<focusedcolor>black</focusedcolor>
	<posx>400</posx>
	<posy>400</posy>
	<width>180</width>
	<height>40</height>
	<label>דרג</label>
	<onright>Dialog.Close(all,true)</onright>
	<onright>ActivateWindow(4005)</onright>
	<onclick>SendClick(7)</onclick>
	</control>
	</control>
</control>
<control type="wraplist" id="$PARAM[netflixid]">
<posx>$PARAM[posx]</posx>
<posy>$PARAM[posy]</posy>
<ondown>$PARAM[ondown]</ondown>
<onup>$PARAM[onup]</onup>
<width>1920</width>
<height>800</height>
<onback>2164</onback>
<onclick>Action(info)</onclick>
<preloaditems>2</preloaditems>
<focusposition>0</focusposition>
<scrolltime tween="sine" easing="inout">350</scrolltime>
<orientation>horizontal</orientation>
<itemlayout width="420" height="400">
<control type="multiimage">
<posx>0</posx>
<posy>0</posy>
<width>400</width>
<height>220</height>
<imagepath>$INFO[ListItem.Art(fanart)]</imagepath>
</control>
<control type="image">
<posx>5</posx>
<posy>5</posy>
<width>25</width>
<height>25</height>
<texture>special://skin/extras/test/netflixlogo.png</texture>
</control>
</itemlayout>
<focusedlayout width="420" height="400">
<control type="multiimage">
<posx>0</posx>
<posy>0</posy>
<width>400</width>
<height>220</height>
<imagepath>$INFO[ListItem.Art(fanart)]</imagepath>
</control>
<control type="image">
<visible>Control.HasFocus($PARAM[netflixid]) + Integer.IsGreater(Container($PARAM[netflixid]).NumItems,0)</visible>
<posx>0</posx>
<posy>0</posy>
<width>405</width>
<height>222</height>
<texture boder="4,4,4,4">special://skin/extras/views/cover_panel_fo.png</texture>
</control>
<control type="image">
<posx>5</posx>
<posy>5</posy>
<width>25</width>
<height>25</height>
<texture>special://skin/extras/test/netflixlogo.png</texture>
</control>
</focusedlayout>
<content limit="50" sortby="$PARAM[sortby]" sortorder="$PARAM[sortorder]">$PARAM[netflixcontent]</content>
</control>
</control>
</definition>
</include>

</includes>
