<?xml version="1.0" encoding="UTF-8"?>

<includes>

<include name="audiomainscreen">

<control type="group">
<visible>Player.HasAudio</visible>
<visible>![IsEmpty(MusicPlayer.Title) | Window.IsActive(6944) | Control.HasFocus(9001)]</visible>
<control type="label">
<posx>0</posx>
<posy>650</posy>
<width>1920</width>
<height min="20" max="120">120</height>
<align>center</align>
<label fallback="אין שם שיר">[COLOR deepskyblue]$INFO[MusicPlayer.Title][/COLOR] [COLOR white] מתנגן ברקע: [/COLOR]</label>
</control>

		<control type="image">
		<visible>Player.HasAudio</visible>
		<visible>![IsEmpty(MusicPlayer.Title) | Window.IsActive(6944) | Control.HasFocus(9001)]</visible>
		<posx>1245</posx>
		<posy>690</posy>
		<width>150</width>
		<height>45</height>
		<texture>special://skin/extras/specialbuttonsnew/C-Rod-Music-About.gif</texture>
		</control>
		
		<control type="image">
		<visible>Player.HasAudio</visible>
		<visible>![IsEmpty(MusicPlayer.Title) | Window.IsActive(6944) | Control.HasFocus(9001)]</visible>
		<posx>520</posx>
		<posy>690</posy>
		<width>150</width>
		<height>45</height>
		<texture>special://skin/extras/specialbuttonsnew/C-Rod-Music-About.gif</texture>
		</control>
		
		<control type="panel" id="8005">
		<posx>720</posx>
		<posy>670</posy>
		<width>1920</width>
		<height>80</height>
		<orientation>horizontal</orientation>
		<ondown>9000</ondown>
		<onup>403</onup>
		<itemlayout width="80" height="80">
	<control type="image">
		<posx>15</posx>
		<posy>15</posy>
		<width>45</width>
		<height>45</height>
		<texture colordiffuse="white">$INFO[ListItem.Thumb]</texture>
		</control>
		</itemlayout>
		<focusedlayout width="80" height="80">
	<control type="image">
		<posx>15</posx>
		<posy>15</posy>
		<width>45</width>
		<height>45</height>
		<texture colordiffuse="orange">$INFO[ListItem.Thumb]</texture>
	</control>
		</focusedlayout>
		<content>
		<item>
		<thumb>special://skin/extras/osd/rewind.png</thumb>
		<onclick>PlayerControl(rewind)</onclick>
		</item>
		<item>
		<thumb>special://skin/extras/osd/previous.png</thumb>
		<onclick>PlayerControl(previous)</onclick>
		</item>
		<item>
		<thumb>special://skin/extras/osd/stop.png</thumb>
		<onclick>PlayerControl(Stop)</onclick>
		<onclick>Dialog.Close(all,true)</onclick>
		<onclick>ClearProperty(home)</onclick>
		</item>
		<item>
		<visible>Player.Paused</visible>
		<thumb>special://skin/extras/osd/play.png</thumb>
		<onclick>play</onclick>
		</item>
		<item>
		<visible>!Player.Paused</visible>
		<thumb>special://skin/extras/osd/pause.png</thumb>
		<onclick>pause</onclick>
		</item>

		<item>
		<thumb>special://skin/extras/osd/skipnext.png</thumb>
		<onclick>PlayerControl(next)</onclick>
		</item>
		<item>
		<thumb>special://skin/extras/osd/forward.png</thumb>
		<onclick>PlayerControl(forward)</onclick>
		</item>
		</content>
		</control>
		</control>
		</include>



<include name="videoplayermainscreen">

<control type="group">
		<control type="group">
		<height>350</height>
		<width>480</width>
		
		<control type="videowindow">
		<description>video</description>
		<top>-10</top>
		<posx>1370</posx>
		<width>1</width>
		<height>1</height>
		<aspectratio scalediffuse="false">stretch</aspectratio>
		</control>
		</control>
		
		<control type="group">
		<visible>Player.HasVideo</visible>
		<visible>!Window.IsActive(6944) | !Control.HasFocus(9001)</visible>
		<control type="label">
		<posx>0</posx>
		<posy>650</posy>
		<width>1920</width>
		<height min="20" max="120">120</height>
		<align>center</align>
		<label fallback="אין שם שיר">[COLOR deepskyblue]$INFO[VideoPlayer.Title][/COLOR] [COLOR white] מתנגן ברקע: [/COLOR]</label>
		</control>
		</control>
		
		<control type="panel" id="8005">
		<visible>Player.HasVideo</visible>
		<visible>!Window.IsActive(6944) | !Control.HasFocus(9001)</visible>
		<posx>720</posx>
		<posy>680</posy>
		<width>1920</width>
		<height>80</height>
		<orientation>horizontal</orientation>
		<ondown>9000</ondown>
		<onup>403</onup>
		<itemlayout width="80" height="80">
	<control type="image">
		<posx>15</posx>
		<posy>15</posy>
		<width>45</width>
		<height>45</height>
		<texture colordiffuse="white">$INFO[ListItem.Thumb]</texture>
		</control>
		</itemlayout>
		<focusedlayout width="80" height="80">
	<control type="image">
		<posx>15</posx>
		<posy>15</posy>
		<width>45</width>
		<height>45</height>
		<texture colordiffuse="orange">$INFO[ListItem.Thumb]</texture>
	</control>
		</focusedlayout>
		<content>
		<item>
		<thumb>special://skin/extras/osd/rewind.png</thumb>
		<onclick>PlayerControl(rewind)</onclick>
		</item>
		<item>
		<thumb>special://skin/extras/osd/previous.png</thumb>
		<onclick>PlayerControl(previous)</onclick>
		</item>
		<item>
		<thumb>special://skin/extras/osd/stop.png</thumb>
		<onclick>PlayerControl(Stop)</onclick>
		<onclick>Dialog.Close(all,true)</onclick>
		<onclick>ClearProperty(home)</onclick>
		</item>
		<item>
		<visible>Player.Paused</visible>
		<thumb>special://skin/extras/osd/play.png</thumb>
		<onclick>play</onclick>
		</item>
		<item>
		<visible>!Player.Paused</visible>
		<thumb>special://skin/extras/osd/pause.png</thumb>
		<onclick>pause</onclick>
		</item>

		<item>
		<thumb>special://skin/extras/osd/skipnext.png</thumb>
		<onclick>PlayerControl(next)</onclick>
		</item>
		<item>
		<thumb>special://skin/extras/osd/forward.png</thumb>
		<onclick>PlayerControl(forward)</onclick>
		</item>
		</content>
		</control>
		</control>
		
<!--						<control type="group">
						<visible>Player.HasVideo</visible>
						<visible>!player.hasaudio</visible>
						<posx>1355</posx>
						<posy>290</posy>
						<control type="progress">
							<description>Progressbar Cache</description>
							<posx>0</posx>
							<posy>0</posy>
							<width>505</width>
							<height>10</height>
							<info>Player.ProgressCache</info>
							<texturebg colordiffuse="grey_a" border="1,1,1,1">special://skin/extras/osd/2.png</texturebg>
							<midtexture colordiffuse="grey_a" border="1,1,1,1">special://skin/extras/osd/5.png</midtexture>
						</control>
						<control type="progress">
							<description>Progressbar</description>
							<posx>0</posx>
							<posy>0</posy>
							<width>505</width>
							<height>10</height>
							<texturebg diffuse="special://skin/extras/circle.png" colordiffuse="darkgrey" border="1,0,1,0">special://skin/extras/osd/4.png</texturebg>
							<midtexture diffuse="special://skin/extras/circle.png" colordiffuse="deepskyblue" border="1,0,1,0">special://skin/extras/osd/5.png</midtexture>
							<lefttexture>-</lefttexture>
							<righttexture>-</righttexture>
							<info>Player.Progress</info>
						</control>

            <control type="slider" id="403">
                <posx>0</posx>
                <posy>0</posy>
                <width>505</width>
                <height>10</height>
				<ondown>8005</ondown>
				<onback>25</onback>
                <texturesliderbar diffuse="special://skin/extras/circle.png" colordiffuse="00FFFFFF">white.png</texturesliderbar>
                <textureslidernib diffuse="special://skin/extras/circle.png" colordiffuse="burlywood">white.png</textureslidernib>
				<textureslidernibfocus diffuse="special://skin/extras/circle.png" colordiffuse="">white.png</textureslidernibfocus>
                <orientation>horizontal</orientation>
				<action>seek</action>
            </control>
			</control>-->
			</include>


<include name="moviebetflixdesign">
<definition>

<control type="group">

<control type="list" id="$PARAM[stringid]">
<posx>0</posx>
<posy>0</posy>
<width>1920</width>
<height>1080</height>
<orientation>horizontal</orientation>
<autoscroll time="10000" fade="10000">System.IdleTime(25)</autoscroll>
<scrolltime tween="sine" easing="inout">450</scrolltime>
<itemlayout width="1550" height="50">
<control type="multiimage">
<posx>0</posx>
<posy>0</posy>
<width>1550</width>
<height>1080</height>
<fadetime>250</fadetime>
<imagepath>$INFO[ListItem.Art(fanart)]</imagepath>
</control>
</itemlayout>
<focusedlayout width="1550" height="50">
<control type="multiimage">
<posx>0</posx>
<posy>0</posy>
<width>1550</width>
<height>1080</height>
<fadetime>250</fadetime>
<imagepath>$INFO[ListItem.Art(fanart)]</imagepath>
</control>
</focusedlayout>
<content sortby="$PARAM[sortby]" sortorder="$PARAM[sortorder]">$PARAM[content]</content>
</control>
<control type="image">
<posx>1550</posx>
<posy>0</posy>
<width>380</width>
<height>1080</height>
<texture colordiffuse="ff111111">white.png</texture>
</control>

<control type="image">
<posx>0</posx>
<posy>0</posy>
<width>1550</width>
<height>1080</height>
<texture flipx="true" colordiffuse="ff111111">special://skin/extras/overlay/left_corner.png</texture>
</control>


<control type="textbox">
<posx>1300</posx>
<posy>600</posy>
<width>600</width>
<height>115</height>
<align>right</align>
<autoscroll fade="3000" time="4000" repeat="4000"></autoscroll>
<label>$INFO[Container($PARAM[stringid]).ListItem.Plot]</label>
</control>
<control type="image">
<animation effect="fade" time="450">VisibleChange</animation>
<posx>1650</posx>
<posy>300</posy>
<width>250</width>
<height>120</height>
<texture>$INFO[Window(Home).Property(SkinHelper.ListItem.Art.Clearlogo)]</texture>
</control>
<control type="image">
<visible>IsEmpty(Window(Home).Property(SkinHelper.ListItem.Art.Clearlogo)</visible>
<posx>1200</posx>
<posy>300</posy>
<width>250</width>
<height>150</height>
<texture>$INFO[Window(Home).Property(SkinHelper.ListItem.Art.Clearart)]</texture>
</control>
<control type="label">
<animation effect="fade" time="450">VisibleChange</animation>
<posx>1900</posx>
<posy>450</posy>
<width>1200</width>
<height>50</height>
<align>right</align>
<scroll>true</scroll>
<scrollspeed>40</scrollspeed>
<label>[B]$INFO[Container($PARAM[stringid]).ListItem.Label][/B]</label>
</control>
<control type="textbox">
<visible>IsEmpty(Window(Home).Property(SkinHelper.ListItem.Art.Clearlogo)</visible>
<posx>1250</posx>
<posy>250</posy>
<width>650</width>
<height>180</height>
<align>right</align>
<scroll>true</scroll>
<font>font-21-power</font>
<scrollspeed>40</scrollspeed>
<label>[B]$INFO[Container($PARAM[stringid]).ListItem.Label][/B]</label>
</control>

<control type="grouplist">
<animation condition="IsEmpty(Container($PARAM[stringid]).ListItem.Duration) | IsEmpty(Container($PARAM[stringid]).ListItem.Rating)" effect="slide" start="0,0" end="150,0" time="150">Conditional</animation>
<posx>1310</posx>
<posy>525</posy>
<width>1920</width>
<height>100</height>
<itemgap>-35</itemgap>
<orientation>horizontal</orientation>
<control type="group">
<visible>!IsEmpty(Container($PARAM[stringid]).ListItem.Genre)</visible>
<width>180</width>
<control type="label">
<posx>0</posx>
<posy>5</posy>
<font>font-14</font>
<align>center</align>
<label>[B][COLOR white]$INFO[Container($PARAM[stringid]).ListItem.Genre][/COLOR][/B]</label>
</control>
</control>
<control type="group">
<visible>!IsEmpty(Container($PARAM[stringid]).ListItem.Duration)</visible>
<width>180</width>
<control type="image">
<posx>30</posx>
<posy>0</posy>
<width>1</width>
<height>35</height>
<texture>special://skin/extras/info/upright.png</texture>
</control>
<control type="label">
<posx>15</posx>
<posy>5</posy>
<font>font-14</font>
<align>center</align>
<label>[B][COLOR white]$INFO[Container($PARAM[stringid]).ListItem.Duration][/COLOR] [COLOR gray]דקות: [/COLOR][/B]</label>
</control>
</control>
<control type="group">
<visible>!IsEmpty(Container($PARAM[stringid]).ListItem.Rating)</visible>
<width>180</width>
<control type="image">
<posx>25</posx>
<posy>0</posy>
<width>1</width>
<height>35</height>
<texture>special://skin/extras/info/upright.png</texture>
</control>
<control type="label">
<posx>15</posx>
<posy>5</posy>
<font>font-14</font>
<align>center</align>
<label>[B][COLOR white]$INFO[Container($PARAM[stringid]).ListItem.Rating][/COLOR] [COLOR gray]דירוג: [/COLOR][/B]</label>
</control>
</control>
<control type="group">
<visible>!IsEmpty(Container($PARAM[stringid]).ListItem.Year)</visible>
<width>180</width>
<control type="image">
<posx>25</posx>
<posy>0</posy>
<width>1</width>
<height>35</height>
<texture>special://skin/extras/info/upright.png</texture>
</control>
<control type="label">
<posx>15</posx>
<posy>5</posy>
<font>font-14</font>
<align>center</align>
<label>[B][COLOR white]$INFO[Container($PARAM[stringid]).ListItem.Year][/COLOR] [COLOR gray]שנה: [/COLOR][/B]</label>
</control>
</control>
</control>
<control type="label">
<visible>!IsEmpty(Container($PARAM[stringid]).ListItem.CastAndRole)</visible>
<posx>1900</posx>
<posy>750</posy>
<width>1200</width>
<height>80</height>
<align>right</align>
<scroll>true</scroll>
<scrollspeed>40</scrollspeed>
<label>[COLOR gray]בכיכובם:[/COLOR][CR][B]$INFO[Container($PARAM[stringid]).ListItem.CastAndRole][/B]</label>
</control>
</control>
</definition>
</include>


</includes>
