<?xml version="1.0" encoding="UTF-8"?>

<includes>


<!--<include name="mainmoviesdesign">

<include content="mainsecreenmovietime">
<param name="stringid" value="5"/>
<param name="itemnumber" value="1"/>
<param name="sortby" value="random"/>
<param name="content" value="plugin://plugin.video.telemedia/?data=-1001416024163&amp;dates=%20&amp;description=https%3a%2f%2ft.me%2fkidsworldglobal%0afrom_plot&amp;eng_name=%20&amp;episode=%20&amp;fanart&amp;fav_status=false&amp;heb_name=%20&amp;iconimage&amp;id=%20&amp;image_master&amp;isr=0&amp;last_id&amp;mode=31&amp;name=%5bCOLOR%20khaki%5d%d7%9e%d7%9b%d7%a8%d7%94%20%d7%a1%d7%a8%d7%98%d7%99%d7%9d%5b%2fCOLOR%5d&amp;original_title=%20&amp;season=%20&amp;show_original_year=%20&amp;tmdbid=%20&amp;url=-1001416024163&quot"/>
</include>

<include content="mainsecreenmovietime">
<param name="stringid" value="6"/>
<param name="itemnumber" value="2"/>
<param name="sortby" value="random"/>
<param name="content" value="plugin://plugin.video.telemedia/?data=-1001402919915&amp;dates=%20&amp;description=%0afrom_plot&amp;eng_name=%20&amp;episode=%20&amp;fanart&amp;fav_status=false&amp;heb_name=%20&amp;iconimage&amp;id=%20&amp;image_master&amp;isr=0&amp;last_id&amp;mode=31&amp;name=%5bCOLOR%20khaki%5d%d7%9e%d7%9b%d7%a8%d7%94%20%d7%a1%d7%a8%d7%98%d7%99%d7%9d%202%5b%2fCOLOR%5d&amp;original_title=%20&amp;season=%20&amp;show_original_year=%20&amp;tmdbid=%20&amp;url=-1001402919915&quot"/>
</include>

<control type="group">
<animation condition="Player.HasVideo | Player.HasAudio" efeect="slide" start="0,0" end="-500,0" time="250" tween="sine" easing="inout">Conditional</animation>
<control type="image">
<posx>5</posx>
<posy>5</posy>
<width>160</width>
<height>260</height>
<texture>black.png</texture>
</control>
<control type="image">
<posx>60</posx>
<posy>10</posy>
<width>55</width>
<height>35</height>
<texture>special://skin/extras/arrows/arrow-142-512.png</texture>
</control>
<control type="image">
<posx>60</posx>
<posy>220</posy>
<width>55</width>
<height>35</height>
<texture flipy="true">special://skin/extras/arrows/arrow-142-512.png</texture>
</control>

<control type="list" id="35">
<posx>30</posx>
<posy>100</posy>
<width>500</width>
<height>200</height>
<onright condition="Container(35).HasFocus(1)">5</onright>
<onright condition="Container(35).HasFocus(2)">6</onright>
<onback>9000</onback>
<orientation>vertical</orientation>
<itemlayout width="220" height="240">
<control type="label">
<posx>0</posx>
<posy>0</posy>
<width>500</width>
<height>40</height>
<label>$INFO[ListItem.Label]</label>
</control>
</itemlayout>
<focusedlayout width="220" height="240">
<control type="label">
<visible>!control.hasfocus(35)</visible>
<posx>0</posx>
<posy>0</posy>
<width>500</width>
<height>40</height>
<label>$INFO[ListItem.Label]</label>
</control>
<control type="label">
<animation effect="fade" start="0" end="100" pulse="true" time="1100">Focus</animation>
<visible>control.hasfocus(35)</visible>
<posx>0</posx>
<posy>0</posy>
<width>500</width>
<height>40</height>
<textcolor>yellow</textcolor>
<label>[B]$INFO[ListItem.Label][/B]</label>
</control>
</focusedlayout>
<content>
<item id="1">
<label>סרטים 1</label>
<onclick>control.setfocus(5)</onclick>
</item>
<item id="2">
<label>סרטים 2</label>
<onclick>control.setfocus(6)</onclick>
</item>
</content>
</control>
</control>
</include>


<include name="mainsecreenmovietime">
<definition>
<control type="group">
<visible>Container(35).HasFocus($PARAM[itemnumber])</visible>
<animation effect="fade" time="350">VisibleChange</animation>
<control type="image">
<animation condition="Control.HasFocus(35) | Control.Hasfocus($PARAM[stringid])" effect="slide" start="0,0" end="1800,0" time="250" tween="sine" easing="inout">Conditional</animation>
<posx>-1500</posx>
<posy>300</posy>
<width>1300</width>
<height>500</height>
<texture>special://skin/extras/common/context_middle.png</texture>
</control>
<control type="label">
<animation condition="Control.HasFocus(35) | Control.Hasfocus($PARAM[stringid])" effect="slide" start="0,0" end="-960,0" time="250" tween="sine" easing="inout">Conditional</animation>
<posx>2500</posx>
<posy>300</posy>
<width>1000</width>
<height>50</height>
<align>right</align>
<font>font-21-newrecommnded</font>
<label>$INFO[Container($PARAM[stringid]).ListItem.Label]</label>
</control>
<control type="textbox">
<centerleft>54%</centerleft>
<animation condition="Control.HasFocus(35) | Control.Hasfocus($PARAM[stringid])" effect="slide" start="0,0" end="0,-1000" time="250" tween="sine" easing="inout">Conditional</animation>
<posy>1640</posy>
<width>1000</width>
<height>145</height>
<align>right</align>
<textcolor>white</textcolor>
<shadowcolor>black</shadowcolor>
<autoscroll fade="2550" time="4500" repeat="4000"></autoscroll>
<label>$INFO[Container($PARAM[stringid]).ListItem.Plot]</label>
</control>
<control type="label">
<animation condition="Control.HasFocus(35) | Control.Hasfocus($PARAM[stringid])" effect="slide" start="0,0" end="0,1650" time="450" tween="sine" easing="inout">Conditional</animation>
<centerleft>54%</centerleft>
<posy>-1260</posy>
<width>1000</width>
<height>40</height>
<align>right</align>
<label>[COLOR gray][I]$INFO[Container($PARAM[stringid]).ListItem.Genre][/COLOR][/I] [COLOR white]סגנון: [/COLOR]</label>
</control>
<control type="image">
<posx>-520</posx>
<posy>310</posy>
<width>300</width>
<height>300</height>
<animation condition="Control.HasFocus(35) | Control.Hasfocus($PARAM[stringid])" effect="slide" start="0,0" end="1040,0" time="250" tween="sine" easing="inout">Conditional</animation>
<animation condition="Control.HasFocus(35) | Control.Hasfocus($PARAM[stringid])" effect="rotate" center="auto" start="360" end="-360" time="50000" pulse="true" reversible="true">Conditional</animation>
<texture diffuse="special://skin/extras/cdart-mask.png">$INFO[Container($PARAM[stringid]).ListItem.Art(thumb)]</texture>
</control>
<control type="image">
<animation condition="Control.HasFocus(35) | Control.Hasfocus($PARAM[stringid])" effect="slide" start="0,0" end="880,0" time="450" tween="sine" easing="inout">Conditional</animation>
<posx>-520</posx>
<posy>305</posy>
<width>350</width>
<height>320</height>
<texture>$INFO[Container($PARAM[stringid]).ListItem.Art(poster)]</texture>
</control>
<control type="list" id="$PARAM[stringid]">
<posx>200</posx>
<posy>5</posy>
<width>1750</width>
<height>500</height>
<onback>35</onback>
<onup>35</onup>
<orientation>horizontal</orientation>
<scrolltime tween="sine" easing="inout">350</scrolltime>
<itemlayout width="220" height="400">
<control type="image">
<posx>0</posx>
<posy>0</posy>
<width>200</width>
<height>260</height>
<texture>$INFO[ListItem.Thumb]</texture>
</control>
</itemlayout>
<focusedlayout width="220" height="400">
<control type="image">
<visible>!control.hasfocus($PARAM[stringid])</visible>
<posx>0</posx>
<posy>0</posy>
<width>200</width>
<height>260</height>
<texture>$INFO[ListItem.Thumb]</texture>
</control>
<control type="image">
<visible>control.hasfocus($PARAM[stringid])</visible>
<posx>0</posx>
<posy>0</posy>
<width>200</width>
<height>260</height>
<bordertexture colordiffuse="gray">white.png</bordertexture>
<bordersize>8</bordersize>
<texture>$INFO[ListItem.Thumb]</texture>
</control>
</focusedlayout>
<content sortby="$PARAM[sortby]" sortorder="$PARAM[sortorder]">$PARAM[content]</content>
</control>
</control>
</definition>
</include>-->


<include name="idanplusextended">
<definition>
<control type="group">
<control type="image">
<description>chan background</description>
<posx>1400</posx>
<posy>400</posy>
<width>540</width>
<height>325</height>
<texture>special://skin/extras/common/context_middle.png</texture>
</control>
<control type="image">
<animation condition="IsEmpty(Container($PARAM[stringid]).ListItem.Plot)" effect="slide" start="0,0" end="-2000,0" time="250" tween="sine" easing="inout">Conditional</animation>
<description>info background</description>
<posx>575</posx>
<posy>570</posy>
<width>880</width>
<height>155</height>
<texture>special://skin/extras/common/context_middle.png</texture>
</control>
<control type="image">
<animation condition="IsEmpty(Container($PARAM[stringid]).ListItem.Plot)" effect="slide" start="0,0" end="-2000,0" time="250" tween="sine" easing="inout">Conditional</animation>
<description>info background</description>
<posx>575</posx>
<posy>400</posy>
<width>880</width>
<height>165</height>
<texture>special://skin/extras/common/context_middle.png</texture>
</control>

<control type="image">
<animation condition="IsEmpty(Container($PARAM[stringid]).ListItem.Plot)" effect="slide" start="0,0" end="-1100,0" time="250" tween="sine" easing="inout">Conditional</animation>
<description>info background</description>
<posx>2500</posx>
<posy>340</posy>
<width>570</width>
<height>50</height>
<texture>special://skin/extras/common/context_middle.png</texture>
</control>

<control type="group">
<visible>$PARAM[notvisible]</visible>
<control type="textbox">
<animation condition="IsEmpty(Container($PARAM[stringid]).ListItem.Plot)" effect="slide" start="0,0" end="-2000,0" time="250" tween="sine" easing="inout">Conditional</animation>
<animation condition="$PARAM[labelcontains]" effect="slide" start="0,0" end="0,165" time="150" tween="sine" easing="inout">Conditional</animation>
<visible>!IsEmpty(Container($PARAM[stringid]).ListItem.Plot)</visible>
<posx>580</posx>
<posy>400</posy>
<width>840</width>
<height>115</height>
<align>right</align>
<label>$INFO[Container($PARAM[stringid]).ListItem.Label]</label>
</control>

<control type="textbox">
<visible>IsEmpty(Container($PARAM[stringid]).ListItem.Plot)</visible>
<posx>1260</posx>
<posy>360</posy>
<width>840</width>
<height>115</height>
<align>right</align>
<label>$INFO[Container($PARAM[stringid]).ListItem.Label]</label>
</control>

<control type="textbox">
<autoscroll fade="2550" time="3000" repeat="4000"></autoscroll>
<posx>780</posx>
<posy>620</posy>
<width>640</width>
<height>100</height>
<align>right</align>
<label>$INFO[Container($PARAM[stringid]).ListItem.Plot]</label>
</control>
</control>

<control type="panel" id="$PARAM[stringid]">
<posx>1440</posx>
<posy>410</posy>
<width>500</width>
<height>415</height>
<onback>4448</onback>
<onup>22</onup>
<orientation>horizontal</orientation>
<scrolltime tween="sine" easing="inout">350</scrolltime>
<itemlayout width="160" height="160">
<control type="image">
<posx>0</posx>
<posy>0</posy>
<width>150</width>
<height>150</height>
<texture>$INFO[ListItem.Thumb]</texture>
</control>
</itemlayout>
<focusedlayout width="160" height="160">
<control type="image">
<visible>!control.hasfocus($PARAM[stringid])</visible>
<posx>0</posx>
<posy>0</posy>
<width>150</width>
<height>150</height>
<texture>$INFO[ListItem.Thumb]</texture>
</control>
<control type="image">
<visible>control.hasfocus($PARAM[stringid])</visible>
<posx>0</posx>
<posy>0</posy>
<width>150</width>
<height>150</height>
<bordertexture colordiffuse="cyan">white.png</bordertexture>
<bordersize>4</bordersize>
<texture>$INFO[ListItem.Thumb]</texture>
</control>
</focusedlayout>
<content>$PARAM[chancontent]</content>
</control>
</control>
</definition>
</include>


<include name="idantvshows">
<definition>
<control type="group">
<visible>String.Contains(Container(5).ListItem.Label,$PARAM[labelname]) | Control.HasFocus($PARAM[idantvshowid])</visible>
<control type="button" id="4448">
<posx>0</posx>
<posy>0</posy>
<width>1</width>
<height>1</height>
<onfocus>Control.SetFocus($PARAM[idantvshowid])</onfocus>
</control>

<control type="label">
<visible>![control.hasfocus(5)]</visible>
<posx>1420</posx>
<posy>565</posy>
<width>400</width>
<height>40</height>
<align>right</align>
<label>$INFO[Container($PARAM[idantvshowid]).ListItem.Label]</label>
</control>

<control type="textbox">
<visible>![control.hasfocus(5)]</visible>
<posx>780</posx>
<posy>600</posy>
<width>640</width>
<height>115</height>
<align>right</align>
<label>$INFO[Container($PARAM[idantvshowid]).ListItem.Plot]</label>
</control>

<control type="list" id="$PARAM[idantvshowid]">
<posx>625</posx>
<posy>410</posy>
<width>800</width>
<height>415</height>
<onback>5</onback>
<onclick condition="String.Contains(Container(5).ListItem.Label,$PARAM[labelname]) | Control.HasFocus($PARAM[idantvshowid])">Control.SetFocus(4449)</onclick>
<ondown condition="String.Contains(Container(5).ListItem.Label,$PARAM[labelname]) | Control.HasFocus($PARAM[idantvshowid])">Control.SetFocus(4449)</ondown>
<orientation>horizontal</orientation>
<scrolltime tween="sine" easing="inout">350</scrolltime>
<itemlayout width="160" height="160">
<control type="image">
<posx>0</posx>
<posy>0</posy>
<width>150</width>
<height>150</height>
<texture>$INFO[ListItem.Thumb]</texture>
</control>
</itemlayout>
<focusedlayout width="160" height="160">
<control type="image">
<visible>!control.hasfocus($PARAM[idantvshowid])</visible>
<posx>0</posx>
<posy>0</posy>
<width>150</width>
<height>150</height>
<texture>$INFO[ListItem.Thumb]</texture>
</control>
<control type="image">
<visible>control.hasfocus($PARAM[idantvshowid])</visible>
<posx>0</posx>
<posy>0</posy>
<width>150</width>
<height>150</height>
<bordertexture colordiffuse="cyan">white.png</bordertexture>
<bordersize>4</bordersize>
<texture>$INFO[ListItem.Thumb]</texture>
</control>
</focusedlayout>
<content>$PARAM[idantvshowcontent]</content>
</control>
</control>
</definition>
</include>


<include name="idanchanepissodes">
<definition>
<control type="group">
<visible>String.Contains(Container($PARAM[chanidnumber]).ListItem.Label,$PARAM[chanlabelname]) | Control.HasFocus($PARAM[idanplusepisodesid])</visible>
<visible>$PARAM[ifnotonfocusvisible]</visible>
<control type="button" id="4449">
<posx>0</posx>
<posy>0</posy>
<width>1</width>
<height>1</height>
<onfocus>Control.SetFocus($PARAM[idanplusepisodesid])</onfocus>
</control>
<control type="image">
<description>chan background</description>
<posx>550</posx>
<posy>730</posy>
<width>1500</width>
<height>145</height>
<texture>special://skin/extras/common/context_middle.png</texture>
</control>
<control type="list" id="$PARAM[idanplusepisodesid]">
<posx>625</posx>
<posy>730</posy>
<width>1300</width>
<height>425</height>
<onback>$PARAM[onback]</onback>
<onup>$PARAM[onup]</onup>
<orientation>horizontal</orientation>
<scrolltime tween="sine" easing="inout">350</scrolltime>
<itemlayout width="185" height="160">
<control type="textbox">
<posx>0</posx>
<posy>0</posy>
<width>150</width>
<height>150</height>
<align>center</align>
<label>$INFO[ListItem.Label]</label>
</control>
</itemlayout>
<focusedlayout width="185" height="160">
<control type="textbox">
<visible>!control.hasfocus($PARAM[idanplusepisodesid])</visible>
<posx>0</posx>
<posy>0</posy>
<width>150</width>
<height>150</height>
<align>center</align>
<label>$INFO[ListItem.Label]</label>
</control>
<control type="textbox">
<visible>control.hasfocus($PARAM[idanplusepisodesid])</visible>
<posx>0</posx>
<posy>0</posy>
<width>150</width>
<height>150</height>
<align>center</align>
<label>[B]$INFO[ListItem.Label][/B]</label>
</control>
</focusedlayout>
<content>$PARAM[idanepisodescontent]</content>
</control>
</control>
</definition>
</include>

<include name="buttonexit">
<definition>
<control type="button" id="$PARAM[buttonidnumber]">
<texturenofocus>special://skin/extras/common/context_middle.png</texturenofocus>
<posx>800</posx>
<posy>250</posy>
<width>600</width>
<height>40</height>
<label>יש ללחוץ על הכפתור על מנת לצאת מעידן פלוס</label>
<onfocus>$PARAM[dialogclose]</onfocus>
</control>
</definition>
</include>


</includes>
