<?xml version="1.0" encoding="UTF-8"?>

<includes>


<include name="seriasextrasmainmenu">
			<control type="group">
			<animation condition="Window.IsActive(6722) | Window.IsActive(6794) | Window.IsActive(6686) | Window.IsActive(6740) | Window.IsActive(6741) | Window.IsActive(6742) | Window.IsActive(6743) | Window.IsActive(6680) | Window.IsActive(6671) | Window.IsActive(6571) | Window.IsActive(6572) | Window.IsActive(6573) | Window.IsActive(6574) | Window.IsActive(6575) | Window.IsActive(6678) | Window.IsActive(6680) | Window.IsActive(6690) | Window.IsActive(6755) | Window.IsActive(6774) | Window.IsActive(6754) | Window.IsActive(6756) | Window.IsActive(6750) | Window.IsActive(6751) | Window.IsActive(6758) | Window.IsActive(6683) | Window.IsActive(6683) | Window.IsActive(6838) | Window.IsActive(6802) | Window.IsActive(6803) | Window.IsActive(6804) | Window.IsActive(6681) | Window.IsActive(6839) | Window.IsActive(6840) | Window.IsActive(6852) | Window.IsActive(6900)" effect="slide" start="0,0" end="500,0" time="150" tween="sine" easing="inout">Conditional</animation>
			<animation condition="$EXP[allmainwwindowsfade]" effect="fade" start="100" end="0" time="150">Conditional</animation>
			<animation condition="Window.IsActive(6830)" effect="slide" start="0,0" end="100,0" time="250" tween="sine" easing="inout">Conditional</animation>
			<animation condition="Window.IsActive(6843) | Window.IsActive(6848)" effect="slide" start="0,0" end="0,-20" time="250" tween="sine" easing="inout">Conditional</animation>
			<animation condition="$EXP[yesgotvshowfade]" effect="slide" start="0,0" end="0,-20" time="250" tween="sine" easing="inout">Conditional</animation>
			<control type="list" id="8821">

			<posx>1635</posx>
			<posy>705</posy>
			<width>18-col</width>
			<height>375</height>
			<ondown>9012</ondown>
			<onup>9012</onup>
			<onleft>9000</onleft>
			<orientation>vertical</orientation>
			<scrolltime tweeb="cubic" easing="inout">450</scrolltime>
			<itemlayout width="4-col" height="115">
				<control type="image">
					<posx>0</posx>
					<posy>35</posy>
					<width>4-col-textbox</width>
					<height>105</height>
					<texture>special://skin/extras/common/context_middle.png</texture>
				</control>
				<control type="label">
					<posx>15</posx>
					<posy>0</posy>
					<width>252</width>
					<height>3-row</height>
					<wrapmultiline>true</wrapmultiline>
					<aligny>center</aligny>
					<align>center</align>
					<textcolor>white</textcolor>
					<shadowcolor></shadowcolor>
					<label>[B][CAPITALIZE]$INFO[ListItem.label][/CAPITALIZE][/B]</label>
				</control>
				<control type="textbox">
					<posx>35</posx>
					<posy>55</posy>
					<width>222</width>
					<height>3-row</height>
					<wrapmultiline>true</wrapmultiline>
					<aligny>center</aligny>
					<align>center</align>
					<font>font-16</font>
					<textcolor>white</textcolor>
					<shadowcolor></shadowcolor>
					<label>[CAPITALIZE]$INFO[ListItem.label2][/CAPITALIZE]</label>
				</control>
			</itemlayout>
			<focusedlayout width="4-col" height="115">
			<control type="image">
					<posx>0</posx>
					<posy>35</posy>
					<width>4-col-textbox</width>
					<height>105</height>
					<texture>special://skin/extras/common/context_middle.png</texture>
				</control>
				<control type="image">
				<visible>Control.HasFocus(8821)</visible>
					<posx>15</posx>
					<posy>35</posy>
					<width>255</width>
					<height>105</height>
					<texture>white.png</texture>
					<colordiffuse>purple</colordiffuse>
					<aspectratio>stretch</aspectratio>
				</control>
				<control type="label">
					<posx>15</posx>
					<posy>0</posy>
					<width>252</width>
					<height>3-row</height>
					<wrapmultiline>true</wrapmultiline>
					<aligny>center</aligny>
					<align>center</align>
					<textcolor>white</textcolor>
					<shadowcolor>black</shadowcolor>
					<label>[B][CAPITALIZE]$INFO[ListItem.label][/CAPITALIZE][/B]</label>
				</control>
				<control type="textbox">
					<posx>35</posx>
					<posy>55</posy>
					<width>222</width>
					<height>100</height>
					<wrapmultiline>true</wrapmultiline>
					<aligny>center</aligny>
					<align>center</align>
					<font>font-16</font>
					<textcolor>yellow</textcolor>
					<shadowcolor></shadowcolor>
					<label>[CAPITALIZE]$INFO[ListItem.label2][/CAPITALIZE]</label>
				</control>
			</focusedlayout>
			<content>
			<item>
				<label>עולם הסדרות</label>
				<label2>[COLOR deepskyblue]עולם הפרקים האחרונים[/COLOR]</label2>
				<onclick>ActivateWindow(6677)</onclick>
				</item>
		<!--	<item>
				<label>עולם הסדרות</label>
				<label2>[COLOR deepskyblue]כתוביות אחרונות לסדרות[/COLOR]</label2>
				<onclick>ActivateWindow(6825)</onclick>
				</item>-->
			<item>
				<label>עולם הסדרות</label>
				<label2>[COLOR deepskyblue]סדרות לפי ז'אנרים[/COLOR]</label2>
				<onclick>ActivateWindow(6829)</onclick>
				</item>
				<item>
				<label>סדרות</label>
				<label2>[COLOR deepskyblue]YES-GO DESIGN[/COLOR]</label2>
				<onclick>ActivateWindow(6852)</onclick>
				</item>
				<item>
				<label>סדרות</label>
				<label2>[COLOR cyan]עיצוב חדשני[/COLOR]</label2>
				<onclick>ActivateWindow(6900)</onclick>
				</item>
			</content>
		</control>
		</control>
		</include>


<include name="moviesworldmainmenu">
			<control type="group">
			<animation condition="Window.IsActive(6722) | Window.IsActive(6794) | Window.IsActive(6795) | Window.IsActive(6684) | Window.IsActive(6689) | Window.IsActive(6671) | Window.IsActive(6571) | Window.IsActive(6572) | Window.IsActive(6573) | Window.IsActive(6574) | Window.IsActive(6575) | Window.IsActive(6678) | Window.IsActive(6690) | Window.IsActive(6774) | Window.IsActive(6754) | Window.IsActive(6756) | Window.IsActive(6750) | Window.IsActive(6751) | Window.IsActive(6758) | Window.IsActive(6802) | Window.IsActive(6803) | Window.IsActive(6838) | Window.IsActive(6804) | Window.IsActive(6834) | Window.IsActive(6839) | Window.IsActive(6840) | Window.IsActive(6844)" effect="slide" start="0,0" end="-500,0" time="150" tween="sine" easing="inout">Conditional</animation>
			<animation condition="Window.IsActive(6710) | Window.IsActive(6670) | Window.IsActive(6672) | Window.IsActive(6673) | Window.IsActive(6674) | Window.IsActive(6669) | Window.IsActive(6691) | Window.IsActive(6711) | Window.IsActive(6699) | Window.IsActive(6700) | Window.IsActive(6701) | Window.IsActive(6714) | Window.IsActive(6713) | Window.IsActive(6715) | Window.IsActive(6716) | Window.IsActive(6717) | Window.IsActive(6718) | Window.IsActive(6719) | Window.IsActive(6682) | Window.IsActive(6727) | Window.IsActive(6746)" effect="slide" start="0,0" end="-500,0" time="150" tween="sine" easing="inout">Conditional</animation>
			<animation condition="$EXP[allmainwwindowsfade]" effect="fade" start="100" end="0" time="150">Conditional</animation>
						<animation condition="Window.IsActive(6830)" effect="slide" start="0,0" end="-120,0" time="250" tween="sine" easing="inout">Conditional</animation>
						<animation condition="Window.IsActive(6843) | Window.IsActive(6848)" effect="slide" start="0,0" end="0,-20" time="250" tween="sine" easing="inout">Conditional</animation>
						<animation condition="$EXP[yesgotvshowfade]" effect="slide" start="0,0" end="0,-20" time="250" tween="sine" easing="inout">Conditional</animation>
			<control type="list" id="8822">
			<posx>0</posx>
			<posy>720</posy>
			<width>18-col</width>
			<height>365</height>
			<ondown>9012</ondown>
			<onup>9012</onup>
			<onright>9000</onright>
			<orientation>vertical</orientation>
			<scrolltime tweeb="cubic" easing="inout">450</scrolltime>
			<itemlayout width="4-col" height="115">
				<control type="image">
					<posx>0</posx>
					<posy>20</posy>
					<width>4-col-textbox</width>
					<height>105</height>
					<texture>special://skin/extras/common/context_middle.png</texture>
				</control>
				<control type="textbox">
					<posx>20</posx>
					<posy>0</posy>
					<width>252</width>
					<height>3-row</height>
					<wrapmultiline>true</wrapmultiline>
					<aligny>center</aligny>
					<align>center</align>
					<textcolor>white</textcolor>
					<shadowcolor></shadowcolor>
					<label>[B][CAPITALIZE]$INFO[ListItem.label][/CAPITALIZE][/B]</label>
				</control>
				<control type="textbox">
					<posx>10</posx>
					<posy>40</posy>
					<width>262</width>
					<height>3-row</height>
					<wrapmultiline>true</wrapmultiline>
					<aligny>center</aligny>
					<align>center</align>
					<font>font-16</font>
					<textcolor>yellow</textcolor>
					<shadowcolor>black</shadowcolor>
					<label>[CAPITALIZE]$INFO[ListItem.label2][/CAPITALIZE]</label>
				</control>
			</itemlayout>
			<focusedlayout width="4-col" height="115">
					<control type="image">
					<posx>0</posx>
					<posy>20</posy>
					<width>4-col-textbox</width>
					<height>105</height>
					<texture>special://skin/extras/common/context_middle.png</texture>
				</control>
				<control type="image">
				<visible>Control.HasFocus(8822)</visible>
					<posx>15</posx>
					<posy>20</posy>
					<width>255</width>
					<height>105</height>
					<texture>white.png</texture>
					<colordiffuse>purple</colordiffuse>
					<aspectratio>stretch</aspectratio>
				</control>
				<control type="textbox">
					<posx>20</posx>
					<posy>0</posy>
					<width>252</width>
					<height>3-row</height>
					<wrapmultiline>true</wrapmultiline>
					<aligny>center</aligny>
					<align>center</align>
					<textcolor>white</textcolor>
					<shadowcolor>black</shadowcolor>
					<label>[B][CAPITALIZE]$INFO[ListItem.label][/CAPITALIZE][/B]</label>
				</control>
				<control type="textbox">
					<posx>10</posx>
					<posy>40</posy>
					<width>262</width>
					<height>3-row</height>
					<wrapmultiline>true</wrapmultiline>
					<aligny>center</aligny>
					<align>center</align>
					<font>font-16</font>
					<textcolor>yellow</textcolor>
					<shadowcolor>black</shadowcolor>
					<label>[CAPITALIZE]$INFO[ListItem.label2][/CAPITALIZE]</label>
				</control>
			</focusedlayout>
			<content>
		<!--	<item>
			<label>עולם הסרטים</label>
				<label2>[COLOR deepskyblue]עולם הסרטים והמדיה[/COLOR]</label2>
				<onclick>Dialog.Close(6806)</onclick>
				<onclick>ActivateWindow(6806)</onclick>
				</item>-->
			<item>
				<label>סרטים</label>
				<shadowcolor>black</shadowcolor>
				<label2>[B][COLOR deepskyblue]תפריט סרטים ישנים וחדשים[/COLOR][/B]</label2>
				<onclick>Dialog.Close(6681)</onclick>
				<onclick>ActivateWindow(6831)</onclick>
				</item>
			<item>
				<label>סרטים</label>
				<label2>[COLOR deepskyblue]YES GO DESIGN[/COLOR]</label2>
				<onclick>Dialog.Close(6681)</onclick>
				<onclick>ActivateWindow(6850)</onclick>
				</item>
			<item>
				<label>מכרה סרטים</label>
				<label2>[COLOR deepskyblue]סרטים 1-18[/COLOR]</label2>
				<onclick>Dialog.Close(6681)</onclick>
				<onclick>ActivateWindow(6904)</onclick>
				</item>
		<!--	<item>
				<label>סרטים אחרונים</label>
				<label2>[COLOR deepskyblue]YES GO DESIGN[/COLOR]</label2>
				<onclick>Dialog.Close(6681)</onclick>
				<onclick>ActivateWindow(6851)</onclick>
				</item>-->
			<item>
				<label>RD סרטים</label>
				<label2>[COLOR deepskyblue]YES GO DESIGN[/COLOR]</label2>
				<onclick>Dialog.Close(6681)</onclick>
				<onclick>ActivateWindow(6861)</onclick>
				</item>

		<!--	<item>
				<label>המלצות סרטים</label>
				<label2>[COLOR deepskyblue]המלצות סרטי חול[/COLOR]</label2>
				<onclick>Dialog.Close(6781)</onclick>
				<onclick>ActivateWindow(6760)</onclick>
				</item>-->
			<item>
				<label>המלצות סרטים</label>
				<label2>[COLOR deepskyblue]סרטי טבע ודוקו[/COLOR]</label2>
				<onclick>Dialog.Close(6781)</onclick>
				<onclick>ActivateWindow(6761)</onclick>
				</item>
		<!--	<item>
				<label>סרטים</label>
				<label2>[COLOR deepskyblue]המלצות סרטים ישראלי[/COLOR]</label2>
				<onclick>Dialog.Close(6781)</onclick>
				<onclick>ActivateWindow(6762)</onclick>
				</item>-->
	<!--		<item>
				<label>סרטים</label>
				<label2>[CR][COLOR red]נטפליקס עיצוב חדשני[/COLOR]</label2>
				<onclick>Dialog.Close(6681)</onclick>
				<onclick>ActivateWindow(6833)</onclick>
				</item>-->
			<item>
				<label>סרטים</label>
				<label2>סגנון נטפליקס</label2>
				<onclick>Dialog.Close(6681)</onclick>
				<onclick>ActivateWindow(6710)</onclick>
				</item>
			<item>
				<label>סרטים</label>
				<label2>עיצוב מתקדם</label2>
				<onclick>Dialog.Close(6681)</onclick>
				<onclick>ActivateWindow(6711)</onclick>
				</item>
			<item>
				<label>סרטים</label>
				<label2>עיצוב חדשני</label2>
				<onclick>Dialog.Close(6681)</onclick>
				<onclick>ActivateWindow(6714)</onclick>
				</item>
		<!--	<item>
				<label>סרטים</label>
				<label2>RD סרטים</label2>
				<onclick>Dialog.Close(6681)</onclick>
				<onclick>ActivateWindow(6691)</onclick>
				</item>-->
		<!--	<item>
				<label>סרטים</label>
				<label2>סרטים ישראלים</label2>
				<onclick>Dialog.Close(6681)</onclick>
				<onclick>ActivateWindow(6676)</onclick>
				</item>-->
		<!--	<item>
				<label>סרטים</label>
				<label2>סרטים דוקומנטרים</label2>
				<onclick>Dialog.Close(6681)</onclick>
				<onclick>ActivateWindow(6726)</onclick>
				</item>-->
			</content>
		</control>
		</control>
		</include>

<include name="fastupdate">
<control type="group">
<visible>control.hasfocus(3495)</visible>
<control type="label">
<posx>1200</posx>
<posy>665</posy>
<width>500</width>
<height>40</height>
<label>$INFO[Container(3495).ListItem.Label]</label>
</control>
<control type="list" id="3495">
<posx>800</posx>
<posy>650</posy>
<width>500</width>
<height>100</height>
<ondown>9000</ondown>
<orientation>horizontal</orientation>
<itemlayout width="100" height="40">
<control type="image">
<posx>0</posx>
<posy>0</posy>
<width>80</width>
<height>80</height>
<texture border="40">special://skin/extras/common/roundedbutton-nofocus.png</texture>
</control>
<control type="label">
<posx>20</posx>
<posy>20</posy>
<width>40</width>
<height>40</height>
<label>$INFO[ListItem.Label2]</label>
</control>
</itemlayout>
<focusedlayout width="100" height="40">
<control type="image">
<visible>Control.HasFocus(3495)</visible>
<posx>12</posx>
<posy>8</posy>
<width>55</width>
<height>60</height>
<texture>special://skin/extras/common/roundedbutton-focus.png</texture>
</control>
<control type="image">
<posx>0</posx>
<posy>0</posy>
<width>80</width>
<height>80</height>
<texture border="40">special://skin/extras/common/roundedbutton-nofocus.png</texture>
</control>
<control type="label">
<posx>20</posx>
<posy>20</posy>
<width>40</width>
<height>40</height>
<label>[B]$INFO[ListItem.Label2][/B]</label>
</control>
<control type="label">
<visible>control.hasfocus(3495)</visible>
<posx>20</posx>
<posy>20</posy>
<width>40</width>
<height>40</height>
<textcolor>yellow</textcolor>
<label>[B]$INFO[ListItem.Label2][/B]</label>
</control>
</focusedlayout>
<content>
<item id="1">
<label2>-1-</label2>
<label>עדכון מהיר</label>
<onclick>PlayMedia(&quot;plugin://plugin.program.Ghost/?mode=install&amp;name=+Pellucid+Premium+Ver+1&amp;url=gui&quot;)</onclick>
</item>
<item id="2">
<label>עדכון מהיר טלמדיה</label>
<label2>-2-</label2>
<onclick>ActivateWindow(10025,&quot;plugin://plugin.video.telemedia/?data=%20&amp;dates=%20&amp;description=%d7%a8%d7%99%d7%a4%d7%95%20%d7%90%d7%99%d7%a9%d7%99&amp;eng_name=%20&amp;episode=%20&amp;fanart=https%3a%2f%2fcdn.wallpapersafari.com%2f21%2f48%2fcRMEy3.jpg&amp;fav_status=false&amp;groups_id=0&amp;heb_name=%20&amp;iconimage=special%3a%2f%2fhome%2faddons%2fplugin.video.telemedia%2ftele%2faddons.png&amp;id=%20&amp;image_master&amp;isr=0&amp;last_id&amp;mode=46&amp;name=%5bCOLOR%20blue%5d%d7%a8%d7%99%d7%a4%d7%95%20%d7%90%d7%99%d7%a9%d7%99%5b%2fCOLOR%5d&amp;original_title=%20&amp;season=%20&amp;show_original_year=%20&amp;tmdbid=%20&amp;url=www&quot;,return)</onclick>
</item>
<item id="3">
<label>עדכון מהיר טלמדיה אפשרות שניה</label>
<label2>-3-</label2>
<onclick>-PlayMedia(&quot;plugin://plugin.video.telemedia/?&amp;mode=47&amp;name=%5BCOLOR+lightblue%5Dupdate%5B%2FCOLOR%5D&amp;fanart=+&amp;iconimage=+&amp;original_title=%7B%22update%22%3A+%5B%7B%22c_id%22%3A+118489088%2C+%22m_id%22%3A+118489088%2C+%22f_name%22%3A+%22update-15.2.zip%22%2C+%22version%22%3A+%2215.2%22%2C+%22ex%22%3A+false%2C+%22id%22%3A+%22665%22%2C+%22size%22%3A+%220.0+GB%22%7D%5D%7D&amp;url=%5B%7B%22c_id%22%3A+118489088%2C+%22m_id%22%3A+118489088%2C+%22f_name%22%3A+%22update-15.2.zip%22%2C+%22version%22%3A+%2215.2%22%2C+%22ex%22%3A+false%2C+%22id%22%3A+%22665%22%2C+%22size%22%3A+%220.0+GB%22%7D%5D&amp;description=+&quot;)</onclick>
</item>
<item id="4">
<label2>-4-</label2>
<onclick>-</onclick>
</item>
</content>
</control>
</control>
</include>

</includes>
