<?xml version="1.0" encoding="UTF-8"?>

<includes>


<include name="basetvshowcontent">
<definition>
<control type="group">

<control type="group">
<visible>Integer.IsGreater(Container(5).NumItems,0)</visible>
<control type="label">
<posx>1500</posx>
<posy>645</posy>
<width>500</width>
<height>40</height>
<align>right</align>
<label>דירוג: </label>
</control>
<control type="image">
<centerleft>69%</centerleft>
<posy>650</posy>
<width>120</width>
<height>35</height>
<texture fallback="special://skin/extras/flags/stars/7.8.png">special://skin/extras/flags/stars/$INFO[Container(5).ListItem.Rating].png</texture>
</control>
</control>

<control type="list" id="$PARAM[basetvshowid]">
<posx>0</posx>
<posy>-10</posy>
<width>1920</width>
<height>570</height>
<onback>5</onback>
<ondown>control.setfocus(4441)</ondown>
<onclick>control.setfocus(4441)</onclick>
<orientation>horizontal</orientation>
<itemlayout width="420" height="40">
<control type="label">
<posx>20</posx>
<posy>15</posy>
<width>250</width>
<height>40</height>
<align>center</align>
<label>$INFO[ListItem.Label]</label>
</control>
</itemlayout>
<focusedlayout width="420" height="40">
<control type="image">
<animation condition="!Control.HasFocus(5)" effect="fade" start="100" end="40" time="250">Conditional</animation>
<posx>0</posx>
<posy>0</posy>
<width>300</width>
<height>75</height>
<texture border="40">special://skin/extras/common/roundedbutton-focus.png</texture>
</control>
<control type="label">
<visible>!control.hasfocus($PARAM[basetvshowid])</visible>
<posx>20</posx>
<posy>15</posy>
<width>250</width>
<height>40</height>
<align>center</align>
<label>$INFO[ListItem.Label]</label>
</control>
<control type="label">
<visible>control.hasfocus($PARAM[basetvshowid])</visible>
<posx>20</posx>
<posy>15</posy>
<width>250</width>
<height>40</height>
<align>center</align>
<textcolor>black</textcolor>
<shadowcolor>white</shadowcolor>
<label>[B]$INFO[ListItem.Label][/B]</label>
</control>
</focusedlayout>
<content sortby="dateadded" sortorder="descending">$PARAM[basetvshowcontnet]</content>
</control>
</control>
</definition>
</include>


<include name="sessionone">
<definition>
<control type="group">
<visible>String.Contains(Container(5).ListItem.Label,$PARAM[labelname])</visible>
<control type="button" id="4441">
<posx>0</posx>
<posy>0</posy>
<width>1</width>
<height>1</height>
<onfocus>Control.SetFocus($PARAM[seesionone])</onfocus>
</control>
<control type="image">
<posx>-100</posx>
<posy>880</posy>
<width>2200</width>
<height>50</height>
<texture>special://skin/extras/common/context_middle.png</texture>
</control>
<control type="group">
<visible>control.hasfocus($PARAM[seesionone]) | Control.HasFocus(5)</visible>

<control type="label">
<posx>1505</posx>
<posy>750</posy>
<width>250</width>
<height>40</height>
<align>right</align>
<label>[COLOR cyan]$INFO[Container($PARAM[seesionone]).NumItems][/COLOR] [COLOR white]כמות פרקים:[/COLOR]</label>
</control>

<control type="label">
<posx>1515</posx>
<posy>590</posy>
<width>1200</width>
<height>40</height>
<align>right</align>
<label>[COLOR gray][I]$INFO[Container(5).ListItem.Genre][/COLOR][/I] סגנון: </label>
</control>

<control type="group">
<posy>100</posy>
<control type="label">
<centerleft>72%</centerleft>
<posy>240</posy>
<width>250</width>
<height>40</height>
<align>right</align>
<label>[COLOR gray]$INFO[Container($PARAM[seesionone]).ListItem.Episode][/COLOR] [COLOR white]פרק: [/COLOR]</label>
</control>

<control type="label">
<centerleft>72%</centerleft>
<posy>290</posy>
<width>250</width>
<height>40</height>
<align>right</align>
<label>[COLOR yellow]$INFO[Container($PARAM[seesionone]).ListItem.Season][/COLOR] [COLOR white]עונה: [/COLOR]</label>
</control>

<control type="label">
<centerleft>72%</centerleft>
<posy>340</posy>
<width>250</width>
<height>40</height>
<align>right</align>
<label>[B][COLOR cyan]$INFO[Container($PARAM[seesionone]).ListItem.Year][/COLOR][/B] [COLOR white]שנה: [/COLOR]</label>
</control>


<control type="label">
<visible>String.IsEqual(Container($PARAM[seesionone]).ListItem.Year,2020)</visible>
<posx>1515</posx>
<posy>390</posy>
<width>550</width>
<height>40</height>
<align>right</align>
<label>[COLOR deepskyblue] סדרה חדשה[/COLOR] סטטוס:</label>
</control>

<control type="label">
<visible>!String.IsEqual(Container($PARAM[seesionone]).ListItem.Year,2020)</visible>
<posx>1515</posx>
<posy>390</posy>
<width>550</width>
<height>40</height>
<align>right</align>
<label>[COLOR deepskyblue] עונה חדשה[/COLOR] סטטוס:</label>
</control>
<control type="label">
<posx>1515</posx>
<posy>440</posy>
<width>550</width>
<height>40</height>
<align>right</align>
<label>[B]$PARAM[network][/B] רשת: </label>
</control>
</control>
</control>

<control type="group">
<visible>control.hasfocus($PARAM[seesionone]) | Control.HasFocus(5)</visible>
<control type="multiimage">
<centerleft>9%</centerleft>
<posy>55</posy>
<width>350</width>
<height>240</height>
<fadetime>350</fadetime>
<imagepath>$INFO[Container($PARAM[seesionone]).ListItem.Art(fanart)]</imagepath>
</control>

<control type="textbox">
<posx>1100</posx>
<posy>170</posy>
<width>800</width>
<height>125</height>
<align>right</align>
<autoscroll fade="2550" time="3000" repeat="4000"></autoscroll>
<label>$INFO[Container($PARAM[seesionone]).ListItem.Plot]</label>
</control>

<control type="label">
<centerleft>76%</centerleft>
<posy>45</posy>
<width>850</width>
<height>40</height>
<align>right</align>
<font>font-21-newrecommnded</font>
<label>$INFO[Control.GetLabel($PARAM[seesionone])]</label>
</control>
</control>

<control type="label">
<posx>1740</posx>
<posy>120</posy>
<width>250</width>
<height>40</height>
<textcolor>burlywood</textcolor>
<label>[B]תקציר פרק:[/B]</label>
</control>

<control type="group">
<posx>-100</posx>
<control type="image">
<visible>!Integer.IsGreater(Container($PARAM[seesionone]).NumItems,0)</visible>
<posx>520</posx>
<posy>1035</posy>
<width>1000</width>
<height>50</height>
<texture>special://skin/extras/common/context_middle.png</texture>
</control>
<control type="label">
<animation condition="!Integer.IsGreater(Container($PARAM[seesionone]).NumItems,0)" effect="fade" start="0" end="100" time="1100" pulse="true">Conditional</animation>
<visible>!Integer.IsGreater(Container($PARAM[seesionone]).NumItems,0)</visible>
<posx>520</posx>
<posy>1035</posy>
<width>1000</width>
<height>50</height>
<align>center</align>
<label>[B]$INFO[Control.GetLabel(5)] [COLOR deepskyblue]טוען פרקים לסדרה[/COLOR][/B]</label>
</control>
</control>

<control type="list" id="$PARAM[seesionone]">
<posx>20</posx>
<posy>870</posy>
<width>1920</width>
<height>570</height>
<ondown>Control.SetFocus(4442)</ondown>
<onup>5</onup>
<onback>5</onback>
<orientation>horizontal</orientation>
<itemlayout width="320" height="40">
<control type="label">
<posx>30</posx>
<posy>15</posy>
<width>220</width>
<height>40</height>
<align>center</align>
<label>$INFO[ListItem.Label]</label>
</control>
</itemlayout>
<focusedlayout width="320" height="40">
<control type="image">
<visible>Control.HasFocus($PARAM[seesionone])</visible>
<posx>0</posx>
<posy>0</posy>
<width>280</width>
<height>70</height>
<texture colordiffuse="deepskyblue" border="40">special://skin/extras/common/roundedbutton-focus.png</texture>
</control>
<control type="label">
<visible>!control.hasfocus($PARAM[seesionone])</visible>
<posx>30</posx>
<posy>15</posy>
<width>220</width>
<height>40</height>
<align>center</align>
<label>$INFO[ListItem.Label]</label>
</control>
<control type="label">
<visible>control.hasfocus($PARAM[seesionone])</visible>
<posx>30</posx>
<posy>15</posy>
<width>220</width>
<height>40</height>
<align>center</align>
<textcolor>yellow</textcolor>
<label>[B]$INFO[ListItem.Label][/B]</label>
</control>
</focusedlayout>
<content>$PARAM[baseepisodidcontent]</content>
</control>
</control>
</definition>
</include>


<include name="sessiontwo">
<definition>
<control type="group">
<visible>String.Contains(Container(5).ListItem.Label,$PARAM[labelname])</visible>
<control type="button" id="4442">
<posx>0</posx>
<posy>0</posy>
<width>1</width>
<height>1</height>
<onfocus>Control.SetFocus($PARAM[sessiontwo])</onfocus>
</control>
<control type="image">
<visible>Integer.IsGreater(Container($PARAM[sessiontwo]).NumItems,0)</visible>
<posx>-100</posx>
<posy>930</posy>
<width>2200</width>
<height>50</height>
<texture>special://skin/extras/common/context_middle.png</texture>
</control>
<control type="group">
<visible>control.hasfocus($PARAM[sessiontwo])</visible>

<control type="label">
<posx>1505</posx>
<posy>750</posy>
<width>250</width>
<height>40</height>
<align>right</align>
<label>[COLOR cyan]$INFO[Container($PARAM[sessiontwo]).NumItems][/COLOR] [COLOR white]כמות פרקים:[/COLOR]</label>
</control>

<control type="label">
<posx>1515</posx>
<posy>590</posy>
<width>1200</width>
<height>40</height>
<align>right</align>
<label>[COLOR gray][I]$INFO[Container(5).ListItem.Genre][/COLOR][/I] סגנון: </label>
</control>


<control type="multiimage">
<centerleft>9%</centerleft>
<posy>55</posy>
<width>350</width>
<height>240</height>
<fadetime>350</fadetime>
<imagepath>$INFO[Container($PARAM[sessiontwo]).ListItem.Art(fanart)]</imagepath>
</control>

<control type="textbox">
<posx>1100</posx>
<posy>170</posy>
<width>800</width>
<height>125</height>
<align>right</align>
<autoscroll fade="2550" time="3000" repeat="4000"></autoscroll>
<label>$INFO[Container($PARAM[sessiontwo]).ListItem.Plot]</label>
</control>

<control type="label">
<centerleft>76%</centerleft>
<posy>45</posy>
<width>850</width>
<height>40</height>
<align>right</align>
<font>font-21-newrecommnded</font>
<label>$INFO[Control.GetLabel($PARAM[sessiontwo])]</label>
</control>

<control type="group">
<posy>100</posy>
<control type="label">
<centerleft>72%</centerleft>
<posy>240</posy>
<width>250</width>
<height>40</height>
<align>right</align>
<label>[COLOR gray]$INFO[Container($PARAM[sessiontwo]).ListItem.Episode][/COLOR] [COLOR white]פרק: [/COLOR]</label>
</control>

<control type="label">
<centerleft>72%</centerleft>
<posy>290</posy>
<width>250</width>
<height>40</height>
<align>right</align>
<label>[COLOR yellow]$INFO[Container($PARAM[sessiontwo]).ListItem.Season][/COLOR] [COLOR white]עונה: [/COLOR]</label>
</control>

<control type="label">
<centerleft>72%</centerleft>
<posy>340</posy>
<width>250</width>
<height>40</height>
<align>right</align>
<label>[B][COLOR cyan]$INFO[Container($PARAM[sessiontwo]).ListItem.Year][/COLOR][/B] [COLOR white]שנה: [/COLOR]</label>
</control>


<control type="label">
<visible>String.IsEqual(Container($PARAM[sessiontwo]).ListItem.Year,2020)</visible>
<posx>1515</posx>
<posy>390</posy>
<width>550</width>
<height>40</height>
<align>right</align>
<label>[COLOR deepskyblue] סדרה חדשה[/COLOR] סטטוס:</label>
</control>

<control type="label">
<visible>!String.IsEqual(Container($PARAM[sessiontwo]).ListItem.Year,2020)</visible>
<posx>1515</posx>
<posy>390</posy>
<width>550</width>
<height>40</height>
<align>right</align>
<label>[COLOR deepskyblue] עונה חדשה[/COLOR] סטטוס:</label>
</control>

<control type="label">
<posx>1515</posx>
<posy>440</posy>
<width>550</width>
<height>40</height>
<align>right</align>
<label>[B]$PARAM[network][/B] רשת: </label>
</control>
</control>
</control>

<control type="group">
<posx>-100</posx>
<control type="image">
<visible>!Integer.IsGreater(Container($PARAM[sessiontwo]).NumItems,0)</visible>
<posx>520</posx>
<posy>1035</posy>
<width>1000</width>
<height>50</height>
<texture>special://skin/extras/common/context_middle.png</texture>
</control>
<control type="label">
<animation condition="!Integer.IsGreater(Container($PARAM[sessiontwo]).NumItems,0)" effect="fade" start="0" end="100" time="1100" pulse="true">Conditional</animation>
<visible>!Integer.IsGreater(Container($PARAM[sessiontwo]).NumItems,0)</visible>
<posx>520</posx>
<posy>1035</posy>
<width>1000</width>
<height>50</height>
<align>center</align>
<label>[B]$INFO[Control.GetLabel(5)] [COLOR deepskyblue]טוען פרקים לסדרה[/COLOR][/B]</label>
</control>
</control>

<control type="list" id="$PARAM[sessiontwo]">
<posx>20</posx>
<posy>920</posy>
<width>1920</width>
<height>570</height>
<ondown>control.setfocus(4443)</ondown>
<onup>control.setfocus(4441)</onup>
<onup>5</onup>
<onback>5</onback>
<orientation>horizontal</orientation>
<itemlayout width="320" height="40">
<control type="label">
<posx>30</posx>
<posy>15</posy>
<width>220</width>
<height>40</height>
<align>center</align>
<label>$INFO[ListItem.Label]</label>
</control>
</itemlayout>
<focusedlayout width="320" height="40">
<control type="image">
<visible>Control.HasFocus($PARAM[sessiontwo])</visible>
<posx>0</posx>
<posy>0</posy>
<width>280</width>
<height>70</height>
<texture colordiffuse="deepskyblue" border="40">special://skin/extras/common/roundedbutton-focus.png</texture>
</control>
<control type="label">
<visible>!control.hasfocus($PARAM[sessiontwo])</visible>
<posx>30</posx>
<posy>15</posy>
<width>220</width>
<height>40</height>
<align>center</align>
<label>$INFO[ListItem.Label]</label>
</control>
<control type="label">
<visible>control.hasfocus($PARAM[sessiontwo])</visible>
<posx>30</posx>
<posy>15</posy>
<width>220</width>
<height>40</height>
<align>center</align>
<textcolor>yellow</textcolor>
<label>[B]$INFO[ListItem.Label][/B]</label>
</control>
</focusedlayout>
<content>$PARAM[baseepisodidcontent]</content>
</control>
</control>
</definition>
</include>


<include name="sessionthree">
<definition>
<control type="group">
<visible>String.Contains(Container(5).ListItem.Label,$PARAM[labelname])</visible>
<control type="button" id="4443">
<posx>0</posx>
<posy>0</posy>
<width>1</width>
<height>1</height>
<onfocus>Control.SetFocus($PARAM[sessionthree])</onfocus>
</control>
<control type="image">
<visible>Integer.IsGreater(Container($PARAM[sessionthree]).NumItems,0)</visible>
<posx>-100</posx>
<posy>980</posy>
<width>2200</width>
<height>50</height>
<texture>special://skin/extras/common/context_middle.png</texture>
</control>
<control type="group">
<visible>control.hasfocus($PARAM[sessionthree])</visible>

<control type="label">
<posx>1505</posx>
<posy>750</posy>
<width>250</width>
<height>40</height>
<align>right</align>
<label>[COLOR cyan]$INFO[Container($PARAM[sessionthree]).NumItems][/COLOR] [COLOR white]כמות פרקים:[/COLOR]</label>
</control>

<control type="label">
<posx>1515</posx>
<posy>590</posy>
<width>1200</width>
<height>40</height>
<align>right</align>
<label>[COLOR gray][I]$INFO[Container(5).ListItem.Genre][/COLOR][/I] סגנון: </label>
</control>

<control type="multiimage">
<centerleft>9%</centerleft>
<posy>55</posy>
<width>350</width>
<height>240</height>
<fadetime>350</fadetime>
<imagepath>$INFO[Container($PARAM[sessionthree]).ListItem.Art(fanart)]</imagepath>
</control>

<control type="textbox">
<posx>1100</posx>
<posy>170</posy>
<width>800</width>
<height>125</height>
<align>right</align>
<autoscroll fade="2550" time="3000" repeat="4000"></autoscroll>
<label>$INFO[Container($PARAM[sessionthree]).ListItem.Plot]</label>
</control>

<control type="label">
<centerleft>76%</centerleft>
<posy>45</posy>
<width>850</width>
<height>40</height>
<align>right</align>
<font>font-21-newrecommnded</font>
<label>$INFO[Control.GetLabel($PARAM[sessionthree])]</label>
</control>

<control type="group">
<posy>100</posy>
<control type="label">
<centerleft>72%</centerleft>
<posy>240</posy>
<width>250</width>
<height>40</height>
<align>right</align>
<label>[COLOR gray]$INFO[Container($PARAM[sessionthree]).ListItem.Episode][/COLOR] [COLOR white]פרק: [/COLOR]</label>
</control>

<control type="label">
<centerleft>72%</centerleft>
<posy>290</posy>
<width>250</width>
<height>40</height>
<align>right</align>
<label>[COLOR yellow]$INFO[Container($PARAM[sessionthree]).ListItem.Season][/COLOR] [COLOR white]עונה: [/COLOR]</label>
</control>

<control type="label">
<centerleft>72%</centerleft>
<posy>340</posy>
<width>250</width>
<height>40</height>
<align>right</align>
<label>[B][COLOR cyan]$INFO[Container($PARAM[sessionthree]).ListItem.Year][/COLOR][/B] [COLOR white]שנה: [/COLOR]</label>
</control>


<control type="label">
<visible>String.IsEqual(Container($PARAM[sessionthree]).ListItem.Year,2020)</visible>
<posx>1515</posx>
<posy>390</posy>
<width>550</width>
<height>40</height>
<align>right</align>
<label>[COLOR deepskyblue] סדרה חדשה[/COLOR] סטטוס:</label>
</control>

<control type="label">
<visible>!String.IsEqual(Container($PARAM[sessionthree]).ListItem.Year,2020)</visible>
<posx>1515</posx>
<posy>390</posy>
<width>550</width>
<height>40</height>
<align>right</align>
<label>[COLOR deepskyblue] עונה חדשה[/COLOR] סטטוס:</label>
</control>

<control type="label">
<posx>1515</posx>
<posy>440</posy>
<width>550</width>
<height>40</height>
<align>right</align>
<label>[B]$PARAM[network][/B] רשת: </label>
</control>
</control>
</control>

<control type="list" id="$PARAM[sessionthree]">
<posx>20</posx>
<posy>970</posy>
<width>1920</width>
<height>570</height>
<ondown>501</ondown>
<onup>control.setfocus(4442)</onup>
<onup>5</onup>
<onback>5</onback>
<orientation>horizontal</orientation>
<itemlayout width="320" height="40">
<control type="label">
<posx>30</posx>
<posy>15</posy>
<width>220</width>
<height>40</height>
<align>center</align>
<label>$INFO[ListItem.Label]</label>
</control>
</itemlayout>
<focusedlayout width="320" height="40">
<control type="image">
<visible>Control.HasFocus($PARAM[sessionthree])</visible>
<posx>0</posx>
<posy>0</posy>
<width>280</width>
<height>70</height>
<texture colordiffuse="deepskyblue" border="40">special://skin/extras/common/roundedbutton-focus.png</texture>
</control>
<control type="label">
<visible>!control.hasfocus($PARAM[sessionthree])</visible>
<posx>30</posx>
<posy>15</posy>
<width>220</width>
<height>40</height>
<align>center</align>
<label>$INFO[ListItem.Label]</label>
</control>
<control type="label">
<visible>control.hasfocus($PARAM[sessionthree])</visible>
<posx>30</posx>
<posy>15</posy>
<width>220</width>
<height>40</height>
<align>center</align>
<textcolor>yellow</textcolor>
<label>[B]$INFO[ListItem.Label][/B]</label>
</control>
</focusedlayout>
<content>$PARAM[baseepisodidcontent]</content>
</control>
</control>
</definition>
</include>


</includes>
