<?xml version="1.0" encoding="UTF-8"?>



<includes>


<include name="basetvshowcontentnew">
<definition>
<control type="group">
<visible>Container($PARAM[menuid]).HasFocus($PARAM[itemenuumber])</visible>
<control type="group">
<visible>Control.Hasfocus($PARAM[menuid]) | Control.HasFocus($PARAM[idstring])</visible>
<control type="label">
<posx>1350</posx>
<posy>760</posy>
<width>1000</width>
<height>50</height>
<align>right</align>
<font>font-21-newrecommnded</font>
<label>$INFO[Container($PARAM[idstring]).ListItem.Label]</label>
</control>
<control type="textbox">
<posx>550</posx>
<posy>880</posy>
<width>800</width>
<height min="115" max="115">115</height>
<align>right</align>
<label>$INFO[Container($PARAM[idstring]).ListItem.Plot]</label>
</control>
<control type="multiimage">
<posx>1380</posx>
<posy>780</posy>
<width>150</width>
<height>210</height>
<fadetime>350</fadetime>
<imagepath>$INFO[Container($PARAM[idstring]).ListItem.Thumb]</imagepath>
</control>
</control>
<control type="list" id="$PARAM[idstring]">
<posx>180</posx>
<posy>750</posy>
<width>1920</width>
<height>500</height>
<ondown>Control.SetFocus(4444)</ondown>
<onclick>Control.Setfocus(4444)</onclick>
<scrolltime tween="sine" easing="inout">350</scrolltime>
<orientation>horizontal</orientation>
<itemlayout width="1480" height="220">
<control type="image">
<posx>0</posx>
<posy>0</posy>
<width>250</width>
<height>250</height>
<texture>$INFO[ListItem.Thumb]</texture>
</control>
<control type="image">
<posx>0</posx>
<posy>250</posy>
<width>250</width>
<height>35</height>
<texture>black.png</texture>
</control>
<control type="label">
<posx>0</posx>
<posy>250</posy>
<width>250</width>
<height>35</height>
<align>center</align>
<label>$INFO[ListItem.Genre]</label>
</control>
</itemlayout>
<focusedlayout width="1480" height="220">
<control type="image">
<visible>!control.hasfocus($PARAM[idstring])</visible>
<posx>0</posx>
<posy>0</posy>
<width>250</width>
<height>250</height>
<texture>$INFO[ListItem.Thumb]</texture>
</control>
<control type="image">
<visible>control.hasfocus($PARAM[idstring]) + !IsEmpty(ListItem.Thumb)</visible>
<posx>0</posx>
<posy>0</posy>
<width>250</width>
<height>250</height>
<bordertexture>white.png</bordertexture>
<bordersize>6</bordersize>
<texture>$INFO[ListItem.Art(poster)]</texture>
</control>
<control type="image">
<visible>control.hasfocus($PARAM[idstring])</visible>
<posx>0</posx>
<posy>0</posy>
<width>250</width>
<height>250</height>
<bordertexture>white.png</bordertexture>
<bordersize>6</bordersize>
<texture>$INFO[ListItem.Thumb]</texture>
</control>
<control type="image">
<posx>0</posx>
<posy>250</posy>
<width>250</width>
<height>35</height>
<texture>black.png</texture>
</control>
<control type="label">
<posx>0</posx>
<posy>250</posy>
<width>250</width>
<height>35</height>
<align>center</align>
<label>$INFO[ListItem.Genre]</label>
</control>
</focusedlayout>
<content>$PARAM[content]</content>
</control>
</control>
</definition>
</include>




<include name="baseseesions">
<definition>
<control type="group">
<visible>String.Contains(Container($PARAM[basecontainerid]).ListItem.Label,$PARAM[tvshowlabelname])</visible>
<control type="button" id="4444">
<posx>0</posx>
<posy>0</posy>
<width>1</width>
<height>1</height>
<label>-</label>
<onfocus>Control.SetFocus($PARAM[newsessionone])</onfocus>
</control>

<control type="group">
<visible>Control.Hasfocus($PARAM[newsessionone])</visible>
<control type="label">
<posx>1350</posx>
<posy>760</posy>
<width>1000</width>
<height>50</height>
<align>right</align>
<font>font-21-newrecommnded</font>
<label>$INFO[Container($PARAM[newsessionone]).ListItem.Label]</label>
</control>
<control type="textbox">
<posx>550</posx>
<posy>880</posy>
<width>800</width>
<height min="115" max="115">115</height>
<align>right</align>
<label>$INFO[Container($PARAM[newsessionone]).ListItem.Plot]</label>
</control>
<control type="multiimage">
<posx>1380</posx>
<posy>780</posy>
<width>150</width>
<height>210</height>
<fadetime>350</fadetime>
<imagepath>$INFO[Container($PARAM[newsessionone]).ListItem.Thumb]</imagepath>
</control>
</control>

<control type="list" id="$PARAM[newsessionone]">
<posx>580</posx>
<posy>1040</posy>
<width>1000</width>
<height>50</height>
<orientation>horizontal</orientation>
<scrolltime tween="sine" easing="inout">350</scrolltime>
<itemlayout width="250" height="250">
<control type="label">
<posx>0</posx>
<posy>0</posy>
<width>100</width>
<height>40</height>
<align>center</align>
<label>$INFO[ListItem.Label]</label>
</control>
</itemlayout>
<focusedlayout width="250" height="250">
<control type="label">
<visible>!control.hasfocus($PARAM[newsessionone])</visible>
<posx>0</posx>
<posy>0</posy>
<width>100</width>
<height>40</height>
<align>center</align>
<label>$INFO[ListItem.Label]</label>
</control>
<control type="label">
<visible>control.hasfocus($PARAM[newsessionone])</visible>
<posx>0</posx>
<posy>0</posy>
<width>100</width>
<height>40</height>
<align>center</align>
<textcolor>yellow</textcolor>
<label>[B]$INFO[ListItem.Label][/B]</label>
</control>
</focusedlayout>
<content>$PARAM[basesessionone]</content>
</control>
</control>
</definition>
</include>

</includes>

